8.800000000 -0.000000 -0.000000 0.000000 -0.000000 0.000000 -0.000000 1.000000
8.900000000 -0.001233 0.087003 -0.001957 -0.001022 -0.000736 0.000513 0.999999
9.000000000 -0.001668 0.152560 -0.073617 -0.001515 -0.001401 0.000408 0.999998
9.100000000 0.000342 0.243709 -0.109866 -0.002962 -0.001280 0.000500 0.999995
9.200000000 -0.004433 0.327526 -0.133448 -0.004802 -0.000085 0.000667 0.999988
9.300000000 0.001252 -0.299783 0.645271 0.001313 0.000669 -0.000555 0.999999
9.400000000 -0.003057 -0.151491 0.519390 0.001522 -0.002448 -0.000356 0.999996
9.500000000 -0.007869 -0.015108 0.283993 -0.000513 -0.003201 0.000058 0.999995
9.600000000 -0.013849 0.094115 0.252415 -0.000885 -0.003684 0.000274 0.999993
9.700000000 -0.003252 0.065402 0.012115 0.003456 -0.001535 -0.000122 0.999993
9.800000000 -0.002550 0.042180 -0.012518 0.001056 -0.003380 -0.000228 0.999994
9.900000000 -0.001840 0.056007 -0.042738 0.000449 -0.002413 -0.000082 0.999997
10.000000000 -0.003562 0.045772 -0.036528 0.000477 -0.002269 0.000148 0.999997
10.100000000 -0.002282 0.113596 -0.050009 -0.000233 -0.002018 0.000296 0.999998
10.200000000 0.000739 -0.047451 -0.008738 -0.000067 -0.000421 -0.000303 1.000000
10.300000000 0.000670 0.013002 -0.016140 0.000030 0.000523 0.000098 1.000000
10.400000000 0.001082 0.090253 -0.023507 -0.000463 -0.000939 0.000383 0.999999
10.500000000 0.006646 0.110640 -0.190025 -0.000301 0.001248 -0.000287 0.999999
10.600000000 0.000294 0.210500 -0.168743 -0.002159 0.001009 0.000074 0.999997
10.700000000 0.006012 0.312103 -0.410685 -0.003084 0.000962 0.000147 0.999995
10.800000000 -0.004032 0.037910 0.030261 -0.000341 -0.002423 0.000067 0.999997
10.900000000 -0.014409 -0.562763 1.392484 0.002647 -0.002218 0.000232 0.999994
11.000000000 -0.011638 -0.555577 1.412991 0.002705 -0.001666 0.000016 0.999995
11.100000000 -0.010583 -0.226477 1.363578 -0.000172 -0.001882 0.000071 0.999998
11.200000000 -0.004941 0.003807 0.130506 -0.001520 -0.002349 0.000078 0.999996
11.300000000 -0.001339 0.114793 -0.211654 0.000556 -0.001551 0.000795 0.999998
11.400000000 0.008275 0.221527 -0.440396 -0.001400 0.002610 -0.000226 0.999996
11.500000000 -0.005573 0.045210 -0.039348 0.000877 -0.001545 0.000164 0.999998
11.600000000 -0.007460 -0.402528 0.712067 0.003716 -0.002976 -0.000137 0.999989
11.700000000 -0.005875 -0.330113 0.763319 0.000373 -0.002034 -0.000129 0.999998
11.800000000 -0.001273 -0.275424 0.678904 0.002334 -0.000641 -0.000451 0.999997
11.900000000 -0.003978 -0.209890 0.657024 0.000075 -0.003082 -0.000145 0.999995
12.000000000 -0.004052 -0.099790 0.510020 0.002343 -0.004130 -0.000439 0.999989
12.100000000 -0.001824 -0.007227 0.057912 -0.001148 -0.001258 -0.000077 0.999999
12.200000000 -0.003783 0.008550 -0.029725 -0.000121 -0.001886 0.000048 0.999998
12.300000000 -0.001722 -0.090094 0.019388 0.001191 -0.000140 -0.000191 0.999999
12.400000000 0.000975 -0.018563 0.000429 -0.000213 0.000308 -0.000192 1.000000
12.500000000 -0.000075 0.073631 0.003989 -0.000847 -0.000947 0.000189 0.999999
12.600000000 0.003321 0.084810 -0.183714 0.000135 -0.000244 -0.000142 1.000000
12.700000000 0.002620 0.172293 -0.187460 -0.001809 0.000629 -0.000058 0.999998
12.800000000 -0.003140 0.272571 -0.140878 -0.003588 0.000370 0.000530 0.999993
12.900000000 -0.001343 -0.039963 0.044477 0.000119 -0.002394 -0.000363 0.999997
13.000000000 -0.002648 -0.015838 0.036808 -0.000580 -0.001540 -0.000158 0.999999
13.100000000 -0.004757 0.037682 -0.035206 0.000352 -0.001451 0.000158 0.999999
13.200000000 -0.004741 0.036652 -0.031529 0.000124 -0.001433 0.000132 0.999999
13.300000000 -0.003682 0.021683 -0.021615 0.000395 -0.001834 0.000118 0.999998
13.400000000 -0.004470 0.027573 -0.032831 0.000386 -0.002195 0.000120 0.999998
13.500000000 -0.003537 0.047937 -0.036489 0.000261 -0.002430 0.000157 0.999997
13.600000000 -0.005285 0.140125 -0.042857 -0.001005 -0.002872 0.000436 0.999995
13.700000000 0.000424 -0.029592 -0.003913 -0.000336 0.000757 -0.000281 1.000000
13.800000000 0.001133 0.047459 -0.004889 -0.001023 0.000160 -0.000049 0.999999
13.900000000 0.001834 0.107618 -0.038478 -0.001180 -0.001729 0.000094 0.999998
14.000000000 0.001433 0.135381 -0.197575 -0.001177 0.000893 -0.000114 0.999999
14.100000000 -0.000126 0.236887 -0.162980 -0.002729 0.000860 0.000243 0.999996
14.200000000 0.010706 0.270281 -0.554034 -0.001475 0.001075 -0.000321 0.999998
14.300000000 -0.000635 0.193916 -0.430214 -0.000559 -0.001596 0.000078 0.999999
14.400000000 0.001818 0.178753 -0.485017 -0.000042 -0.000911 -0.000092 1.000000
14.500000000 0.003247 0.259254 -0.465029 -0.001834 -0.000439 0.000034 0.999998
14.600000000 0.001781 0.139809 -0.268873 0.000020 -0.001648 -0.000150 0.999999
14.700000000 -0.007395 -0.296667 0.760828 0.000439 -0.002918 0.000138 0.999996
14.800000000 -0.011766 -0.625649 1.622987 0.004188 -0.002744 0.000135 0.999987
14.900000000 -0.036563 -0.624978 1.637625 0.003031 -0.004027 0.009198 0.999945
15.000000000 -0.044083 -0.440249 1.397795 0.001382 -0.003594 0.018314 0.999825
15.100000000 -0.069938 -0.504906 1.345691 0.001704 -0.004448 0.027281 0.999616
15.200000000 -0.096933 -0.261917 1.139596 -0.001081 -0.003703 0.028907 0.999575
15.300000000 -0.150562 -0.445997 1.940422 -0.000688 -0.008413 0.031197 0.999478
15.400000000 -0.220790 -1.224789 2.990982 0.015258 -0.010177 0.030749 0.999359
15.500000000 -0.260786 -1.192081 2.512893 0.019851 -0.008212 0.029939 0.999321
15.600000000 -0.307015 -0.744903 2.454434 0.008739 -0.003666 0.030139 0.999501
15.700000000 -0.133913 -1.566966 3.051750 0.027512 0.023181 0.032177 0.998834
15.800000000 -0.288933 -0.905893 3.204742 0.011272 -0.007889 0.035290 0.999282
15.900000000 -0.374853 -1.258790 3.348351 0.019420 -0.006380 0.034774 0.999186
16.000000000 -0.400052 -0.727762 2.899966 0.012797 0.001519 0.035539 0.999285
16.100000000 -0.528446 -0.193241 2.788984 0.006012 -0.010824 0.039671 0.999136
16.200000000 -0.605388 -0.599446 3.021002 0.006647 -0.004376 0.036364 0.999307
16.300000000 -0.747995 -1.078894 3.324910 0.018427 -0.013593 0.035242 0.999116
16.400000000 -0.844252 -0.972863 3.304364 0.014425 -0.008803 0.034693 0.999255
16.500000000 -0.958105 -1.031487 3.344104 0.014641 -0.012531 0.035335 0.999190
16.600000000 -1.067289 -0.911265 3.293425 0.012405 -0.012637 0.035225 0.999223
16.700000000 -1.186015 -1.024036 3.398553 0.015392 -0.010726 0.034576 0.999226
16.800000000 -1.318423 -0.886446 3.446931 0.019389 -0.013856 0.035385 0.999090
16.900000000 -1.418792 -0.601969 3.251247 0.008904 -0.010679 0.036101 0.999251
17.000000000 -1.544688 -0.548901 3.248788 0.011511 -0.011850 0.036242 0.999206
17.100000000 -1.651726 -0.483938 3.010801 0.007555 -0.007538 0.036134 0.999290
17.200000000 -1.786989 -0.332494 2.939215 0.008309 -0.011204 0.037347 0.999205
17.300000000 -1.923642 -0.529422 2.979701 0.007273 -0.010294 0.036879 0.999240
17.400000000 -2.056048 -0.432216 2.985365 0.005559 -0.010010 0.037080 0.999247
17.500000000 -2.191557 -0.471666 3.010263 0.007446 -0.008791 0.036772 0.999257
17.600000000 -2.337873 -0.520044 3.041176 0.004133 -0.009439 0.036805 0.999269
17.700000000 -2.489042 -0.691724 3.154573 0.011996 -0.010946 0.036070 0.999217
17.800000000 -2.636941 -0.561992 3.166772 0.011317 -0.012137 0.036618 0.999192
17.900000000 -2.767802 -0.511059 3.045448 0.008833 -0.009345 0.036963 0.999234
18.000000000 -2.924170 -0.420372 2.902017 0.005166 -0.012217 0.037769 0.999198
18.100000000 -3.068573 -0.433878 2.929107 0.005165 -0.010858 0.037656 0.999218
18.200000000 -3.214376 -0.510519 3.010767 0.005559 -0.010631 0.037471 0.999226
18.300000000 -3.357109 -0.064797 2.579579 -0.003335 -0.013342 0.040501 0.999085
18.400000000 -3.499411 -0.372728 2.697062 0.000637 -0.019161 0.049106 0.998610
18.500000000 -3.659049 -0.595344 2.849321 0.005708 -0.030281 0.059362 0.997761
18.600000000 -3.810834 -0.611968 2.825026 -0.000896 -0.038398 0.066493 0.997047
18.700000000 -3.960411 -0.665303 2.819022 0.000860 -0.043937 0.069331 0.996625
18.800000000 -4.106232 -0.684126 2.800035 0.000194 -0.044282 0.069884 0.996572
18.900000000 -4.247825 -0.695224 2.781255 -0.000573 -0.042370 0.069603 0.996674
19.000000000 -4.381089 -0.743752 2.771059 0.000207 -0.039103 0.068695 0.996871
19.100000000 -4.521870 -0.872102 2.785983 0.001552 -0.037641 0.067791 0.996988
19.200000000 -4.660335 -0.930693 2.826270 0.002073 -0.036186 0.066983 0.997096
19.300000000 -4.792586 -0.943281 2.767053 -0.000268 -0.035706 0.066887 0.997121
19.400000000 -4.921563 -0.982543 2.723770 -0.001996 -0.034307 0.066261 0.997210
19.500000000 -5.054200 -1.081625 2.770275 -0.000829 -0.035113 0.065465 0.997237
19.600000000 -5.178238 -1.235289 2.793398 0.003017 -0.034621 0.064559 0.997309
19.700000000 -5.296677 -1.348605 2.798207 0.003395 -0.033261 0.063652 0.997412
19.800000000 -5.422271 -1.428557 2.776416 0.003837 -0.034153 0.062966 0.997424
19.900000000 -5.532461 -1.540351 2.742267 0.003287 -0.032084 0.061985 0.997556
20.000000000 -5.644950 -1.570123 2.564895 0.009031 -0.034252 0.062026 0.997446
20.100000000 -5.747483 -1.726775 2.567282 0.010333 -0.032872 0.061305 0.997524
20.200000000 -5.850704 -1.835094 2.567890 0.008903 -0.031585 0.060328 0.997639
20.300000000 -5.949537 -1.824457 2.498559 0.002570 -0.030253 0.060094 0.997731
20.400000000 -6.044492 -1.966403 2.530326 0.003601 -0.029246 0.059211 0.997810
20.500000000 -6.136278 -2.099275 2.523774 0.003878 -0.028520 0.058402 0.997878
20.600000000 -6.230068 -2.250835 2.500052 0.004511 -0.028734 0.057664 0.997912
20.700000000 -6.322426 -2.386522 2.485794 0.013331 -0.030197 0.057055 0.997825
20.800000000 -6.404793 -2.528633 2.383450 0.018009 -0.030847 0.056561 0.997760
20.900000000 -6.481251 -2.479671 2.162569 0.019378 -0.031218 0.056499 0.997726
21.000000000 -6.537099 -2.471687 1.987255 0.010147 -0.028419 0.056368 0.997954
21.100000000 -6.606590 -2.632571 1.857804 0.017690 -0.029205 0.056021 0.997846
21.200000000 -6.675926 -2.682728 1.803177 0.016459 -0.029771 0.055813 0.997862
21.300000000 -6.744002 -2.670937 1.722715 0.018109 -0.030562 0.055646 0.997818
21.400000000 -6.829208 -2.278857 1.772117 0.004336 -0.034427 0.056969 0.997773
21.500000000 -6.906105 -2.018107 1.587498 0.012976 -0.039915 0.057908 0.997439
21.600000000 -6.990624 -1.795712 1.348752 0.009687 -0.045208 0.059142 0.997178
21.700000000 -7.066176 -1.654368 1.132977 -0.011386 -0.049168 0.060706 0.996879
21.800000000 -7.117540 -1.551317 1.081649 -0.045961 -0.045593 0.061650 0.995996
21.900000000 -7.173576 -1.384334 1.039248 -0.110510 -0.042019 0.064532 0.990887
22.000000000 -7.196150 -1.243957 0.983893 -0.157575 -0.034270 0.066357 0.984679
22.100000000 -7.236081 -1.173628 0.999400 -0.220556 -0.031612 0.069852 0.972356
22.200000000 -7.259338 -1.044557 0.882598 -0.260504 -0.025690 0.069666 0.962613
22.300000000 -7.274836 -1.234808 1.154020 -0.326141 -0.023236 0.070650 0.942391
22.400000000 -7.296941 -1.630195 1.399827 -0.396935 -0.024644 0.071798 0.914702
22.500000000 -7.299549 -1.944448 1.749284 -0.482587 -0.017876 0.060991 0.873539
22.600000000 -7.309008 -2.161298 2.307793 -0.600156 -0.012309 0.038910 0.798841
22.700000000 -7.273598 -2.166403 2.873865 -0.645678 -0.002470 0.021955 0.763290
22.800000000 -7.218001 -2.452837 2.694554 -0.644050 0.008586 -0.004142 0.764924
22.900000000 -7.287998 -3.327432 2.551718 -0.678180 0.000665 -0.003978 0.734884
23.000000000 -7.273382 -3.401646 2.547919 -0.670989 0.001354 -0.001118 0.741465
23.100000000 -7.259282 -3.587669 2.509277 -0.662952 0.001737 -0.002748 0.748655
23.200000000 -7.258328 -3.838242 2.364351 -0.681071 0.003309 -0.013233 0.732090
23.300000000 -7.265164 -4.146776 2.205562 -0.675470 -0.000167 -0.007915 0.737345
23.400000000 -7.252950 -4.173849 2.115919 -0.714556 0.004358 -0.020856 0.699253
23.500000000 -7.262769 -4.624851 1.985859 -0.709431 0.000884 -0.015935 0.704594
23.600000000 -7.187863 -4.733683 1.843605 -0.703104 0.004817 -0.022201 0.710724
23.700000000 -7.149110 -4.845423 1.612180 -0.734808 0.009328 -0.035756 0.677268
23.800000000 -7.161131 -5.359546 1.486600 -0.731773 0.004127 -0.024919 0.681080
23.900000000 -7.108209 -5.340886 1.218452 -0.762398 0.007986 -0.031086 0.646313
24.000000000 -6.977348 -5.131525 0.808254 -0.757141 0.012179 -0.034949 0.652202
24.100000000 -6.968283 -5.367011 0.535524 -0.796892 0.013186 -0.028478 0.603306
24.200000000 -6.899274 -5.284107 0.224545 -0.829843 0.015735 -0.021213 0.557371
24.300000000 -6.872252 -5.394453 0.275975 -0.826150 0.013703 -0.015482 0.563071
24.400000000 -6.858018 -5.565816 0.365285 -0.825377 0.014145 -0.013584 0.564241
24.500000000 -6.801077 -5.534903 -0.011953 -0.816078 0.007638 0.004612 0.577872
24.600000000 -6.715058 -5.168889 -0.352653 0.892209 -0.011844 -0.014116 -0.451246
24.700000000 -6.666622 -5.537857 -0.601544 0.884216 -0.005496 -0.028876 -0.466153
24.800000000 -6.559613 -5.673162 -0.821527 0.891245 -0.000995 -0.041772 -0.451594
24.900000000 -6.473578 -5.366966 -0.977496 0.941019 0.004588 -0.063711 -0.332269
25.000000000 -6.424957 -5.521276 -1.178159 0.924329 0.004913 -0.049897 -0.378288
25.100000000 -6.321096 -5.648174 -1.483833 0.931954 0.011265 -0.064726 -0.356574
25.200000000 -6.361577 -4.654487 -2.158382 0.971288 0.013730 -0.037211 -0.234578
25.300000000 -6.267595 -4.442094 -3.249152 0.977040 0.018823 0.017178 -0.211528
25.400000000 -6.167568 -4.456069 -3.681825 0.975794 0.020940 0.042886 -0.213418
25.500000000 -6.077243 -4.529450 -3.877721 0.969455 0.018272 0.071151 -0.234011
25.600000000 -6.027289 -4.633876 -4.191178 0.983971 0.028700 0.078450 -0.157555
25.700000000 -5.895879 -4.784180 -5.181311 0.990814 0.037397 0.115819 -0.058957
25.800000000 -5.849848 -4.871407 -5.166984 0.985980 0.035720 0.132107 -0.095478
25.900000000 -5.787772 -5.066315 -5.218583 0.983993 0.031125 0.127829 -0.120204
26.000000000 -5.668053 -5.461585 -5.623948 0.993912 0.030380 0.104111 0.019436
26.100000000 -5.634950 -5.660469 -5.522757 0.995328 0.024535 0.092506 -0.012783
26.200000000 -5.552863 -5.893237 -5.568885 0.997295 0.016649 0.071000 -0.009179
26.300000000 -5.446704 -5.995359 -5.772329 0.993848 0.005018 0.047669 0.099840
26.400000000 -5.329593 -6.215291 -5.832746 0.990569 -0.010708 0.014376 0.135834
26.500000000 -5.190083 -6.682185 -6.072748 0.979480 -0.010846 0.035355 0.198119
26.600000000 -5.159956 -6.604827 -6.018965 0.980121 -0.016001 0.026979 0.195906
26.700000000 -5.252498 -6.404677 -5.716227 0.968387 -0.008575 0.058890 0.242249
26.800000000 -5.094424 -6.196365 -5.520169 0.971416 -0.013397 0.045335 0.232628
26.900000000 -5.191508 -5.051861 -5.399591 0.997552 0.018223 0.062567 0.025376
27.000000000 -5.067312 -4.599100 -5.274631 0.992917 0.033413 0.110246 0.029084
27.100000000 -4.995609 -4.824413 -5.425511 0.994870 0.027605 0.089743 0.037660
27.200000000 -4.848954 -5.241814 -6.362134 0.990302 0.015208 0.069043 0.119600
27.300000000 -4.667875 -5.422759 -5.426695 0.977951 -0.034821 0.001310 0.205905
27.400000000 -4.709103 -5.237035 -5.575892 0.985722 0.002075 0.057562 0.158223
27.500000000 -4.689407 -4.955373 -5.601451 0.980796 0.017201 0.081468 0.176371
27.600000000 -4.594567 -4.733227 -5.616126 0.983334 0.014913 0.074851 0.165015
27.700000000 -4.500681 -4.231341 -6.071737 0.987461 0.044872 0.144794 0.044061
27.800000000 -4.515997 -4.023621 -5.448437 0.979539 0.050004 0.160149 0.111151
27.900000000 -4.414314 -3.743236 -5.835220 0.984353 0.050156 0.151825 0.074042
28.000000000 -4.299408 -3.587848 -6.266286 0.981194 0.057264 0.158755 0.093683
28.100000000 -4.212013 -3.348337 -7.179102 0.985105 0.067710 0.140648 0.072127
28.200000000 -4.168066 -3.092589 -6.947028 0.988838 0.063509 0.110687 0.076902
28.300000000 -4.102788 -2.974247 -6.631164 0.979608 0.074738 0.133194 0.130544
28.400000000 -3.887793 -2.411281 -7.113902 0.983178 0.058712 0.167077 0.044705
28.500000000 -3.954828 -1.992263 -6.448560 0.996777 0.034817 0.008268 -0.071805
28.600000000 -3.705655 -1.995299 -5.658348 0.989222 0.008386 -0.097484 -0.108930
28.700000000 -3.608895 -2.077373 -5.282680 0.991509 0.004867 -0.115515 -0.059519
28.800000000 -3.545428 -1.887393 -5.140710 0.990504 -0.010818 -0.092460 -0.101177
28.900000000 -3.516893 -1.605831 -4.935070 0.967928 -0.022663 -0.089345 -0.233709
29.000000000 -3.565193 -0.989696 -5.072374 0.980069 -0.042944 -0.065357 -0.182617
29.100000000 -3.507197 -0.941790 -5.184284 0.980824 -0.051855 -0.059909 -0.178065
29.200000000 -3.522192 -0.599453 -5.173206 0.976749 -0.042957 -0.070537 -0.197839
29.300000000 -3.726867 0.723072 -5.216735 0.941685 -0.016740 -0.010227 -0.335924
29.400000000 -3.950179 2.730923 -5.461485 0.911929 0.010171 0.070345 -0.404146
29.500000000 -3.981028 4.107263 -5.683259 0.907687 0.019237 0.088171 -0.409829
29.600000000 -2.975726 4.350344 -6.093421 0.856216 0.058523 -0.189963 -0.476847
29.700000000 -2.895262 4.200168 -6.072171 0.857110 0.052288 -0.178745 -0.480289
29.800000000 -3.976672 5.098869 -6.263842 0.891500 0.034043 0.040153 -0.449952
29.900000000 -3.908665 4.826907 -6.172084 0.887781 0.030718 0.044576 -0.457071
30.000000000 -2.722425 3.931424 -6.150628 0.857696 0.049369 -0.185455 -0.476999
30.100000000 -2.713991 3.913878 -6.164907 0.858874 0.045164 -0.180530 -0.477184
30.200000000 -3.836584 5.710728 -6.723452 0.877380 0.020797 0.047188 -0.477017
30.300000000 -3.886907 5.478545 -6.664595 0.891084 0.049792 0.001433 -0.451097
30.400000000 -3.062190 5.326623 -6.746035 0.867648 0.039059 -0.054796 -0.492605
30.500000000 -3.350854 4.707332 -6.568725 0.870043 0.068533 -0.033421 -0.487043
30.600000000 -2.797141 4.526847 -6.397169 0.875617 0.032798 -0.097426 -0.471939
30.700000000 -2.832621 4.561726 -6.396184 0.875105 0.035554 -0.100917 -0.471956
30.800000000 -2.722445 4.344934 -6.380280 0.882936 0.046739 -0.130881 -0.448452
30.900000000 -2.701349 4.352014 -6.381632 0.877051 0.060428 -0.177365 -0.442348
31.000000000 -2.562440 3.775059 -6.079388 0.856084 0.173190 -0.285672 -0.394357
31.100000000 -2.550137 4.033708 -6.163257 0.846469 0.163532 -0.300776 -0.407775
31.200000000 -3.460945 4.879676 -6.551287 -0.793263 -0.039547 0.047195 0.605758
31.300000000 -3.446682 4.794048 -6.489922 -0.807401 -0.019317 0.007243 0.589642
31.400000000 -3.277053 5.456134 -6.411756 -0.801805 0.111030 -0.097053 0.579105
31.500000000 -3.247720 5.541833 -6.381574 -0.810960 0.107513 -0.099933 0.566390
31.600000000 -3.149628 5.636387 -6.389476 -0.813005 0.102813 -0.050120 0.570912
31.700000000 -3.181449 5.794374 -6.331505 -0.812577 0.107404 -0.061932 0.569514
31.800000000 -3.207902 5.561213 -6.325571 -0.822950 0.112679 -0.052439 0.554353
31.900000000 -3.237227 5.905593 -6.421729 -0.816698 0.106245 -0.026328 0.566590
32.000000000 -3.313620 6.248545 -6.490147 -0.808294 0.083461 -0.007650 0.582783
32.100000000 -3.329762 6.412715 -6.538492 -0.812481 0.088504 -0.025804 0.575652
32.200000000 -3.332100 6.643921 -6.563638 -0.812799 0.098379 -0.038554 0.572881
32.300000000 -3.349247 6.827790 -6.542235 -0.796675 0.079988 -0.022188 0.598681
32.400000000 -3.322045 7.403279 -6.612600 -0.800117 0.089493 -0.050930 0.590940
32.500000000 -3.341258 7.711844 -6.674400 -0.807236 0.089735 -0.045019 0.581627
32.600000000 -3.414685 8.444085 -6.713825 -0.804640 0.069875 -0.040287 0.588260
32.700000000 -3.448408 8.780284 -6.816930 -0.804673 0.066984 -0.046119 0.588122
32.800000000 -3.560206 9.292666 -6.720526 -0.804769 0.070448 -0.076298 0.584434
32.900000000 -3.567257 9.519835 -6.642653 -0.811720 0.063756 -0.080547 0.574941
33.000000000 -3.579541 10.172062 -6.544365 -0.797868 0.056721 -0.092770 0.592945
33.100000000 -3.630493 11.011461 -6.477497 -0.794492 0.048409 -0.087725 0.598952
33.200000000 -3.649413 11.650928 -6.400954 -0.786837 0.035511 -0.059963 0.613214
33.300000000 -3.525755 12.433333 -6.331362 -0.789722 0.049640 -0.050253 0.609384
33.400000000 -3.580315 13.318148 -6.241136 -0.787680 0.042464 -0.048410 0.612710
33.500000000 -3.584138 14.266641 -6.126455 -0.784134 0.041321 -0.048853 0.617284
33.600000000 -3.561459 14.606215 -5.933799 -0.796684 0.047700 -0.040113 0.601174
33.700000000 -3.591547 15.362673 -5.653971 -0.799276 0.044105 -0.048523 0.597376
33.800000000 -3.685790 15.901648 -5.554081 -0.807575 0.018556 0.039422 0.588153
33.900000000 -3.804288 17.366045 -5.068205 -0.782543 0.016877 0.050540 0.620313
34.000000000 -3.865438 17.945201 -4.635911 -0.765961 0.019445 0.039787 0.641361
34.100000000 -3.900761 17.811531 -4.497510 -0.775185 0.012717 0.073215 0.627348
34.200000000 -3.904897 18.500534 -3.857244 -0.758452 0.018737 0.064421 0.648266
34.300000000 -3.888629 18.370418 -3.624840 -0.737927 -0.016571 0.141187 0.659738
34.400000000 -4.008889 19.590202 -2.190424 -0.634524 0.015511 0.050739 0.771080
34.500000000 -4.081129 19.333798 -1.923761 -0.619735 0.003287 0.066257 0.782002
34.600000000 -4.113113 19.172095 -1.602088 -0.643140 0.010349 0.058369 0.763451
34.700000000 -4.135837 19.765406 -0.201703 -0.527921 0.027581 0.024806 0.848483
34.800000000 -4.258391 20.070879 1.226906 -0.490043 0.011332 0.038857 0.870758
34.900000000 -4.301918 20.093334 2.302313 -0.465375 -0.001007 0.056559 0.883304
35.000000000 -4.348818 20.093068 2.787536 -0.475351 -0.021578 0.078697 0.876004
35.100000000 -4.280618 19.960612 4.727465 -0.364755 0.003384 0.054019 0.929529
35.200000000 -4.262121 19.837976 4.990117 -0.141994 0.008135 0.046910 0.988722
35.300000000 -4.307523 19.618637 5.604067 -0.154065 0.003643 0.048372 0.986869
35.400000000 -4.306392 19.494581 6.622680 -0.164364 0.018656 0.039985 0.985412
35.500000000 -4.343941 19.438876 7.772400 -0.151243 0.015774 0.042399 0.987461
35.600000000 -4.418812 19.244901 8.278254 -0.174085 0.000622 0.050013 0.983460
35.700000000 -4.334951 18.666423 9.826189 -0.136656 0.046703 0.026521 0.989162
35.800000000 -4.330933 18.288964 10.813737 -0.118296 0.069224 0.014396 0.990458
35.900000000 -4.527641 18.749368 9.669624 -0.002575 -0.034564 0.067175 0.997139
36.000000000 -4.511927 18.563174 9.885017 -0.027846 0.016453 0.046964 0.998373
36.100000000 -4.474303 17.835815 10.844305 -0.023796 0.057629 0.026358 0.997706
36.200000000 -4.450011 17.294543 11.596268 -0.034062 0.082915 0.013042 0.995889
36.300000000 -3.879309 16.729875 12.403116 -0.059932 0.099652 0.230554 0.966086
36.400000000 -4.324586 16.058395 13.234010 0.086366 -0.180162 0.091490 0.975557
36.500000000 -4.706148 15.559066 13.748367 0.098697 -0.243495 0.054008 0.963355
36.600000000 -4.814165 15.291376 13.813984 0.096588 -0.243543 0.046431 0.963951
36.700000000 -4.975637 15.151999 13.873377 0.087645 -0.266310 0.039300 0.959090
36.800000000 -5.247286 14.876359 14.033714 0.082723 -0.298151 0.021868 0.950676
36.900000000 -5.568015 14.720512 14.161642 0.089601 -0.342084 -0.001916 0.935386
37.000000000 -5.960903 14.519054 14.326866 0.089831 -0.375177 -0.026006 0.922224
37.100000000 -6.330715 14.349537 14.403108 0.095216 -0.413056 -0.046548 0.904518
37.200000000 -6.648329 14.310068 14.469766 0.097954 -0.445392 -0.064040 0.887654
37.300000000 -6.955325 14.173321 14.513587 0.103225 -0.464086 -0.078341 0.876260
37.400000000 -7.222741 14.006233 14.522174 0.111547 -0.473512 -0.089650 0.869084
37.500000000 -7.473397 13.890655 14.516965 0.120761 -0.486427 -0.099725 0.859570
37.600000000 -7.780608 13.795513 14.505553 0.130738 -0.507175 -0.110419 0.844683
37.700000000 -8.025510 13.712724 14.500883 0.136269 -0.517612 -0.119395 0.836214
37.800000000 -8.290195 13.635444 14.497805 0.133664 -0.526069 -0.130313 0.829701
37.900000000 -8.624009 13.563134 14.470034 0.134225 -0.543908 -0.145264 0.815504
38.000000000 -8.950415 13.527800 14.408669 0.141847 -0.568420 -0.157151 0.795036
38.100000000 -9.263791 13.431229 14.353367 0.148382 -0.577034 -0.167462 0.785475
38.200000000 -9.531705 13.360715 14.302648 0.153758 -0.582168 -0.175734 0.778817
38.300000000 -9.850964 13.338061 14.240485 0.161559 -0.596606 -0.186852 0.763575
38.400000000 -10.243957 13.258507 14.093106 0.173410 -0.614974 -0.199940 0.742805
38.500000000 -10.435711 13.240957 14.046629 0.181675 -0.618029 -0.204134 0.737132
38.600000000 -10.640111 13.254042 14.040625 0.188519 -0.619992 -0.208174 0.732622
38.700000000 -10.680874 13.232371 13.973782 0.183844 -0.621355 -0.211939 0.731575
38.800000000 -10.859612 13.255562 13.942520 0.186642 -0.630437 -0.216220 0.721778
38.900000000 -11.040697 13.264637 13.882099 0.190219 -0.637890 -0.221362 0.712679
39.000000000 -11.107254 13.307369 13.857280 0.188070 -0.641396 -0.225708 0.708729
39.100000000 -11.426246 13.300051 13.750013 0.200140 -0.654384 -0.233213 0.690896
39.200000000 -11.491022 13.350672 13.787867 0.203096 -0.651722 -0.235039 0.691930
39.300000000 -11.492793 13.388445 13.797888 0.203776 -0.651243 -0.234984 0.692200
39.400000000 -11.623276 13.407542 13.762101 0.205255 -0.656957 -0.237945 0.685317
39.500000000 -11.688585 13.462086 13.798437 0.205716 -0.657658 -0.239126 0.684095
39.600000000 -11.702850 13.511311 13.834504 0.206308 -0.656322 -0.238795 0.685314
39.700000000 -11.728679 13.563604 13.877160 0.205955 -0.657507 -0.239506 0.684036
39.800000000 -11.806264 13.463944 13.769963 0.209206 -0.659521 -0.238930 0.681306
39.900000000 -12.002100 13.505895 13.734296 0.237033 -0.668843 -0.234383 0.664476
40.000000000 -11.806985 13.582974 13.770683 0.230704 -0.671542 -0.231839 0.664874
40.100000000 -11.800212 13.587545 13.839960 0.238928 -0.661498 -0.229557 0.672784
40.200000000 -11.761777 13.665423 13.923560 0.231213 -0.661440 -0.231012 0.675034
40.300000000 -11.733247 13.790172 14.042359 0.224390 -0.661436 -0.232851 0.676707
40.400000000 -11.618486 13.865142 14.115294 0.220311 -0.657758 -0.233572 0.681368
40.500000000 -11.637745 13.954023 14.211621 0.214208 -0.657439 -0.236783 0.682512
40.600000000 -11.601109 14.053774 14.307561 0.211834 -0.656590 -0.238635 0.683425
40.700000000 -11.591454 14.176221 14.390083 0.209294 -0.664146 -0.239242 0.676661
40.800000000 -11.576147 14.238253 14.468578 0.206797 -0.665388 -0.239588 0.676085
40.900000000 -11.451647 14.331629 14.549347 0.203845 -0.667151 -0.239246 0.675365
41.000000000 -11.411322 14.378315 14.609575 0.202639 -0.664837 -0.238930 0.678116
41.100000000 -11.435346 14.437530 14.667659 0.201400 -0.667573 -0.240766 0.675141
41.200000000 -11.464747 14.458744 14.714588 0.205620 -0.664890 -0.239939 0.676809
41.300000000 -11.432340 14.543681 14.832684 0.205120 -0.664984 -0.239020 0.677194
41.400000000 -11.445443 14.581074 14.920448 0.206759 -0.665696 -0.236895 0.676743
41.500000000 -11.406643 14.705694 15.057689 0.203709 -0.669746 -0.237870 0.673321
41.600000000 -11.327043 14.800411 15.141301 0.201947 -0.669449 -0.238273 0.674004
41.700000000 -11.606240 14.549239 14.968211 0.215552 -0.661239 -0.234453 0.679214
41.800000000 -11.470234 14.669997 15.106621 0.204540 -0.669247 -0.237602 0.673660
41.900000000 -11.353872 14.840501 15.254630 0.192930 -0.680740 -0.238431 0.665223
42.000000000 -11.641778 14.773147 15.261264 0.197076 -0.677828 -0.239141 0.666725
42.100000000 -11.415023 14.902287 15.353065 0.185116 -0.689830 -0.240416 0.657318
42.200000000 -11.867231 14.298311 14.858563 0.213057 -0.669034 -0.237641 0.671213
42.300000000 -11.922587 14.009283 14.586741 0.215336 -0.661475 -0.238117 0.677777
42.400000000 -12.006714 13.878235 14.473321 0.211266 -0.663298 -0.240220 0.676533
42.500000000 -12.074550 13.818479 14.414320 0.207635 -0.667174 -0.241697 0.673312
42.600000000 -12.216580 13.762361 14.395177 0.210494 -0.673441 -0.242779 0.665753
42.700000000 -12.360004 13.647686 14.340629 0.219669 -0.662828 -0.240743 0.674127
42.800000000 -12.178077 13.528957 14.121950 0.313095 -0.681119 -0.193933 0.632802
42.900000000 -12.068694 13.653147 14.274473 0.309709 -0.681226 -0.195644 0.633825
43.000000000 -12.414174 13.542625 14.344463 0.222389 -0.659114 -0.240864 0.676829
43.100000000 -12.248284 13.517450 14.231262 0.315239 -0.676957 -0.193647 0.636282
43.200000000 -12.217840 13.545703 14.263561 0.313031 -0.679600 -0.195038 0.634127
43.300000000 -12.314890 13.556351 14.468930 0.218423 -0.662444 -0.240222 0.675095
43.400000000 -12.412820 13.574193 14.470627 0.216988 -0.667877 -0.241954 0.669563
43.500000000 -12.475722 13.276090 14.091818 0.319120 -0.676526 -0.194543 0.634530
43.600000000 -12.298093 13.504188 14.298433 0.310107 -0.684971 -0.198849 0.628576
43.700000000 -12.394036 13.546120 14.522545 0.209064 -0.673163 -0.243752 0.666130
43.800000000 -12.278271 13.445897 14.343377 0.315886 -0.679443 -0.195390 0.632769
43.900000000 -12.130947 13.541119 14.403329 0.307542 -0.685878 -0.198238 0.629039
44.000000000 -12.324093 13.559385 14.593306 0.208288 -0.672877 -0.244746 0.666297
44.100000000 -12.377743 13.381532 14.342330 0.316710 -0.681549 -0.195968 0.629907
44.200000000 -12.319280 13.382293 14.373636 0.314920 -0.683309 -0.195103 0.629165
44.300000000 -12.477601 13.478197 14.669757 0.208094 -0.676569 -0.244024 0.662875
44.400000000 -12.374959 13.386399 14.409291 0.311530 -0.688437 -0.199279 0.623932
44.500000000 -12.400923 13.254759 14.340271 0.316573 -0.677749 -0.197028 0.633733
44.600000000 -12.423468 13.300343 14.453417 0.317779 -0.673976 -0.196589 0.637281
44.700000000 -12.267030 13.364613 14.518163 0.317143 -0.677596 -0.195939 0.633950
44.800000000 -12.330850 13.333939 14.511210 0.315836 -0.681039 -0.197248 0.630497
44.900000000 -12.304363 13.433669 14.609566 0.307402 -0.690764 -0.200434 0.623037
45.000000000 -12.265980 13.435412 14.656940 0.314361 -0.686123 -0.197081 0.625757
45.100000000 -12.362734 13.550755 14.973596 0.190526 -0.696123 -0.246891 0.646651
45.200000000 -12.531665 13.342774 14.615143 0.311428 -0.693083 -0.199286 0.618816
45.300000000 -12.856411 13.266152 14.735983 0.215617 -0.683630 -0.247116 0.651991
45.400000000 -12.693017 13.179058 14.498921 0.313164 -0.686899 -0.201375 0.624136
45.500000000 -12.715243 13.164755 14.525522 0.312001 -0.685047 -0.201435 0.626730
45.600000000 -12.644963 13.228193 14.655257 0.318595 -0.680188 -0.198122 0.629753
45.700000000 -12.480457 13.417701 14.861323 0.313343 -0.686550 -0.198663 0.625299
45.800000000 -12.576509 13.406331 14.996437 0.207689 -0.683352 -0.245371 0.655506
45.900000000 -12.766618 13.191891 14.650699 0.313211 -0.684061 -0.202179 0.626963
46.000000000 -12.780076 13.079108 14.588057 0.315799 -0.675403 -0.201580 0.635190
46.100000000 -12.655176 13.211225 14.753224 0.312014 -0.676402 -0.202309 0.635765
46.200000000 -12.693628 13.258884 14.793590 0.305825 -0.686322 -0.205049 0.627207
46.300000000 -12.799813 13.192486 14.736033 0.308583 -0.686664 -0.204588 0.625629
46.400000000 -12.820077 13.235589 14.827164 0.309420 -0.683398 -0.204253 0.628893
46.500000000 -12.709006 13.378991 14.947562 0.296556 -0.696966 -0.208396 0.618760
46.600000000 -12.683107 13.434809 15.056430 0.295266 -0.697518 -0.208603 0.618686
46.700000000 -12.805066 13.362703 15.015284 0.298267 -0.699779 -0.207397 0.615088
46.800000000 -12.819366 13.369668 15.052663 0.301057 -0.695263 -0.205734 0.619393
46.900000000 -12.858232 13.390194 15.109673 0.301678 -0.692952 -0.205799 0.621655
47.000000000 -12.853820 13.387846 15.112656 0.303811 -0.696594 -0.204876 0.616831
47.100000000 -12.789197 13.422597 15.197199 0.302804 -0.697777 -0.201725 0.617028
47.200000000 -12.693864 13.630703 15.677065 0.172564 -0.725322 -0.251104 0.617314
47.300000000 -13.042480 13.495593 15.496748 0.187755 -0.717820 -0.253558 0.620638
47.400000000 -13.321657 12.889391 14.683060 0.321366 -0.671792 -0.202022 0.636087
47.500000000 -13.387714 12.952126 14.751697 0.318832 -0.674855 -0.203845 0.633533
47.600000000 -13.363444 12.997611 14.826667 0.320531 -0.673164 -0.202521 0.634898
47.700000000 -13.426378 12.932732 14.797174 0.325071 -0.668222 -0.200274 0.638513
47.800000000 -13.384915 12.964635 14.851217 0.326879 -0.666210 -0.199199 0.640027
47.900000000 -13.488564 12.967243 14.794757 0.316046 -0.678287 -0.204641 0.631002
48.000000000 -13.632382 12.962639 14.773056 0.316753 -0.678619 -0.207073 0.629496
48.100000000 -13.671305 12.937439 14.761848 0.319050 -0.676574 -0.206637 0.630679
48.200000000 -13.730736 12.905870 14.768368 0.326406 -0.668836 -0.203261 0.636241
48.300000000 -13.731046 12.894235 14.778365 0.325220 -0.670330 -0.202857 0.635404
48.400000000 -13.906984 12.947987 14.789018 0.321179 -0.679596 -0.205963 0.626556
48.500000000 -14.122141 12.850288 14.688059 0.326531 -0.675549 -0.205036 0.628467
48.600000000 -14.166056 12.799426 14.619937 0.323289 -0.678717 -0.206361 0.626293
48.700000000 -14.283678 12.755927 14.577840 0.328070 -0.674757 -0.205895 0.628236
48.800000000 -14.347244 12.820250 14.635526 0.328280 -0.674569 -0.206771 0.628040
48.900000000 -14.284145 12.827397 14.700048 0.329187 -0.672411 -0.204622 0.630579
49.000000000 -14.393688 12.802359 14.683682 0.331105 -0.672802 -0.202937 0.629701
49.100000000 -14.389374 12.867467 14.753290 0.330600 -0.671105 -0.203374 0.631633
49.200000000 -14.471625 12.865912 14.757308 0.332103 -0.669984 -0.202962 0.632167
49.300000000 -14.474848 12.860736 14.722747 0.333099 -0.668274 -0.203158 0.633390
49.400000000 -14.678600 12.825132 14.633463 0.331091 -0.673657 -0.205768 0.627873
49.500000000 -14.733764 12.867015 14.670324 0.331995 -0.671005 -0.207468 0.629673
49.600000000 -14.843179 12.849633 14.700749 0.333388 -0.669721 -0.205639 0.630903
49.700000000 -14.886821 12.856642 14.711819 0.339756 -0.662490 -0.203631 0.635773
49.800000000 -14.884646 12.840061 14.743078 0.342552 -0.658734 -0.200848 0.639052
49.900000000 -14.418580 13.162799 15.004906 0.390528 -0.673531 -0.160420 0.606720
50.000000000 -14.378137 13.217258 15.086633 0.392587 -0.670404 -0.158820 0.609270
50.100000000 -14.324889 13.274949 15.118096 0.389987 -0.674888 -0.159785 0.605727
50.200000000 -14.356743 13.331144 15.151899 0.388567 -0.677062 -0.161212 0.603832
50.300000000 -14.368646 13.341934 15.162999 0.389222 -0.676400 -0.160775 0.604268
50.400000000 -14.376322 13.360526 15.158060 0.387628 -0.679071 -0.161376 0.602134
50.500000000 -14.371307 13.463139 15.313828 0.391916 -0.671418 -0.158486 0.608673
50.600000000 -14.371350 13.719235 15.490725 0.379581 -0.689989 -0.166372 0.593425
50.700000000 -13.930711 14.173716 15.996590 0.363761 -0.704020 -0.171741 0.585268
50.800000000 -14.013686 14.126410 15.937744 0.363411 -0.704105 -0.171542 0.585442
50.900000000 -14.379145 13.891329 15.703076 0.379447 -0.688184 -0.164907 0.596011
51.000000000 -14.499663 13.834275 15.607881 0.378314 -0.689591 -0.165782 0.594860
51.100000000 -14.501171 13.929513 15.716919 0.378016 -0.689203 -0.166076 0.595417
51.200000000 -14.437871 14.145547 15.954292 0.375417 -0.692018 -0.166591 0.593650
51.300000000 -14.436863 14.123650 15.958296 0.378383 -0.687285 -0.163935 0.597989
51.400000000 -14.524346 14.110123 15.962828 0.380342 -0.683160 -0.163039 0.601707
51.500000000 -14.497670 14.158389 16.000928 0.381218 -0.682671 -0.162522 0.601847
51.600000000 -14.460414 14.239140 16.071165 0.379762 -0.684677 -0.163076 0.600336
51.700000000 -14.521929 14.208814 16.114278 0.383460 -0.676557 -0.158826 0.608279
51.800000000 -14.569580 14.212669 16.031423 0.380906 -0.682369 -0.162139 0.602490
51.900000000 -14.642591 14.232575 16.021650 0.380252 -0.683513 -0.163480 0.601242
52.000000000 -14.719311 14.227351 16.045946 0.387608 -0.677705 -0.158042 0.604564
52.100000000 -14.699280 14.268530 16.101923 0.389004 -0.676139 -0.156814 0.605740
52.200000000 -14.487266 14.579489 16.372243 0.371140 -0.696428 -0.165156 0.591580
52.300000000 -14.466439 14.634085 16.467700 0.379050 -0.685762 -0.161361 0.600012
52.400000000 -14.597398 14.625606 16.428266 0.377133 -0.687288 -0.163960 0.598768
52.500000000 -14.576596 14.656644 16.466743 0.377242 -0.686262 -0.162468 0.600281
52.600000000 -14.522950 14.803659 16.618956 0.373847 -0.691191 -0.163743 0.596390
52.700000000 -14.935743 14.621949 16.291945 0.367897 -0.704464 -0.169936 0.582670
52.800000000 -15.194625 14.508488 16.255087 0.381916 -0.684504 -0.162898 0.599214
52.900000000 -14.921173 14.700720 16.480104 0.380159 -0.685758 -0.161341 0.599320
53.000000000 -15.061988 14.652129 16.406207 0.379717 -0.687551 -0.162060 0.597349
53.100000000 -15.243505 14.612154 16.381750 0.382775 -0.682481 -0.160696 0.601564
53.200000000 -15.175569 14.678001 16.439654 0.382482 -0.683315 -0.160456 0.600868
53.300000000 -14.923619 15.078502 16.780542 0.365730 -0.705940 -0.169935 0.582248
53.400000000 -15.084946 15.016369 16.726961 0.369139 -0.701772 -0.166995 0.585974
53.500000000 -15.078238 15.022308 16.717124 0.369866 -0.702144 -0.166842 0.585112
53.600000000 -15.022332 15.203557 16.936098 0.368470 -0.702932 -0.166940 0.585019
53.700000000 -14.913981 15.289248 17.025338 0.365278 -0.706208 -0.166638 0.583159
53.800000000 -14.751868 15.490935 17.271639 0.360156 -0.705657 -0.169226 0.586258
53.900000000 -14.815710 15.470683 17.230845 0.357269 -0.711357 -0.170201 0.580828
54.000000000 -15.046734 15.346152 17.078911 0.368764 -0.702236 -0.165315 0.586130
54.100000000 -15.132116 15.329377 17.032301 0.368049 -0.703744 -0.165978 0.584582
54.200000000 -15.345826 15.282972 16.975482 0.370097 -0.698506 -0.166740 0.589335
54.300000000 -15.341328 15.317345 16.997488 0.370118 -0.699083 -0.166716 0.588643
54.400000000 -15.351341 15.336864 17.023343 0.372653 -0.695373 -0.165086 0.591889
54.500000000 -15.498223 15.257910 16.948459 0.380256 -0.690895 -0.160242 0.593627
54.600000000 -15.566156 15.288231 16.989790 0.380904 -0.688978 -0.159850 0.595542
54.700000000 -15.481221 15.408847 17.076485 0.377537 -0.696103 -0.161490 0.588920
54.800000000 -15.309276 15.571310 17.251500 0.367872 -0.703772 -0.165816 0.584705
54.900000000 -15.666027 15.422845 17.073937 0.376511 -0.697332 -0.162475 0.587852
55.000000000 -15.662846 15.466155 17.083209 0.372625 -0.700715 -0.165420 0.585479
55.100000000 -15.761916 15.442362 17.070087 0.375210 -0.696223 -0.164432 0.589452
55.200000000 -15.905541 15.405418 17.041092 0.377167 -0.692387 -0.163474 0.592978
55.300000000 -15.949052 15.390295 17.035323 0.379874 -0.688451 -0.162279 0.596152
55.400000000 -16.161290 15.302776 16.899434 0.381389 -0.688469 -0.162731 0.595039
55.500000000 -16.302641 15.263022 16.931631 0.384494 -0.681618 -0.160652 0.601459
55.600000000 -16.264312 15.325248 17.030617 0.386148 -0.677638 -0.159479 0.605197
55.700000000 -16.115477 15.424761 17.140312 0.384746 -0.680301 -0.158658 0.603315
55.800000000 -16.086082 15.475094 17.195490 0.385303 -0.679353 -0.158136 0.604164
55.900000000 -16.240182 15.406470 17.145667 0.387773 -0.675150 -0.156677 0.607665
56.000000000 -16.385397 15.401176 17.117892 0.387771 -0.677203 -0.157707 0.605110
56.100000000 -16.379161 15.426311 17.197296 0.390470 -0.671728 -0.155430 0.610046
56.200000000 -16.424052 15.464537 17.248341 0.389941 -0.672143 -0.155587 0.609887
56.300000000 -16.407789 15.517823 17.262536 0.388573 -0.675523 -0.156669 0.606741
56.400000000 -16.526627 15.495345 17.187874 0.387810 -0.679561 -0.158077 0.602339
56.500000000 -16.710963 15.421037 17.150053 0.391089 -0.674014 -0.156224 0.606917
56.600000000 -16.374876 15.556430 17.252278 0.413072 -0.681205 -0.135157 0.589121
56.700000000 -16.305831 15.580890 17.291424 0.413873 -0.680332 -0.133869 0.589862
56.800000000 -16.266725 15.589356 17.294098 0.414294 -0.680783 -0.133270 0.589181
56.900000000 -16.353579 15.623767 17.374569 0.415383 -0.677317 -0.132379 0.592601
57.000000000 -16.493524 15.593038 17.338466 0.414304 -0.678067 -0.134043 0.592123
57.100000000 -16.557081 15.566841 17.320428 0.415800 -0.675341 -0.133025 0.594415
57.200000000 -16.631617 15.581171 17.312030 0.412947 -0.679364 -0.135095 0.591345
57.300000000 -16.693983 15.585231 17.331982 0.413861 -0.677618 -0.134533 0.592835
57.400000000 -16.667212 15.615144 17.350845 0.413441 -0.679259 -0.135032 0.591134
57.500000000 -16.689634 15.635075 17.381952 0.414804 -0.677430 -0.134322 0.592440
57.600000000 -16.796352 15.618021 17.372392 0.415776 -0.676352 -0.133769 0.593114
57.700000000 -17.044260 15.576790 17.277001 0.412667 -0.681812 -0.137242 0.588221
57.800000000 -17.107219 15.553308 17.242021 0.413457 -0.680958 -0.137256 0.588651
57.900000000 -17.311590 15.454736 17.101717 0.413272 -0.681469 -0.138970 0.587787
58.000000000 -17.408582 15.482699 17.112009 0.412203 -0.684135 -0.139940 0.585204
58.100000000 -17.510041 15.401745 17.047994 0.416940 -0.680713 -0.136011 0.586763
58.200000000 -17.791338 15.325661 16.937829 0.416062 -0.680976 -0.138107 0.586593
58.300000000 -17.847293 15.327544 16.931851 0.416663 -0.679920 -0.138277 0.587350
58.400000000 -17.870336 15.351387 16.923962 0.414609 -0.683947 -0.139935 0.583724
58.500000000 -17.976864 15.316891 16.864812 0.414469 -0.683664 -0.141157 0.583860
58.600000000 -18.059257 15.358784 16.848439 0.412773 -0.688223 -0.143653 0.579078
58.700000000 -18.044269 15.388390 16.870107 0.412984 -0.689676 -0.143539 0.577225
58.800000000 -18.161550 15.378172 16.785641 0.411625 -0.693971 -0.145761 0.572471
58.900000000 -18.467919 15.328404 16.651341 0.411377 -0.694520 -0.148377 0.571310
59.000000000 -18.628483 15.296499 16.560918 0.413088 -0.695611 -0.147846 0.568881
59.100000000 -18.585508 15.353434 16.580991 0.410742 -0.698654 -0.150941 0.566031
59.200000000 -18.889110 15.273791 16.473420 0.412829 -0.695351 -0.151196 0.568506
59.300000000 -18.782884 15.280974 16.506372 0.414871 -0.694944 -0.148691 0.568177
59.400000000 -18.850428 15.286551 16.489001 0.415421 -0.695186 -0.148609 0.567501
59.500000000 -18.957434 15.257764 16.444036 0.414754 -0.696635 -0.148941 0.566123
59.600000000 -19.157782 15.234599 16.319286 0.413233 -0.700148 -0.152097 0.562048
59.700000000 -19.419827 15.338578 16.227802 0.411040 -0.702726 -0.160675 0.558038
59.800000000 -19.687382 15.483749 16.109972 0.399169 -0.714733 -0.179146 0.545644
59.900000000 -19.584351 15.481902 16.066587 0.402582 -0.716838 -0.176809 0.541118
60.000000000 -19.745565 15.431216 16.000685 0.405182 -0.714626 -0.174557 0.542832
60.100000000 -19.977870 15.404965 15.856943 0.404352 -0.717146 -0.176533 0.539479
60.200000000 -19.929952 15.416596 15.808085 0.402788 -0.722008 -0.178169 0.533593
60.300000000 -19.991436 15.436349 15.790265 0.404036 -0.721803 -0.178863 0.532694
60.400000000 -20.194268 15.425836 15.739156 0.405080 -0.720132 -0.178985 0.534121
60.500000000 -20.364903 15.394757 15.598598 0.404392 -0.722695 -0.180445 0.530678
60.600000000 -20.484784 15.382827 15.538907 0.405994 -0.721416 -0.180366 0.531221
60.700000000 -20.598382 15.364153 15.433430 0.406914 -0.721799 -0.181398 0.529644
60.800000000 -20.715578 15.363266 15.380775 0.408558 -0.720635 -0.181234 0.530019
60.900000000 -20.768778 15.380626 15.362857 0.407109 -0.722504 -0.182726 0.528073
61.000000000 -20.804794 15.407570 15.363825 0.405847 -0.724580 -0.184075 0.525727
61.100000000 -20.800540 15.435575 15.311863 0.402508 -0.731153 -0.186735 0.518201
61.200000000 -20.860409 15.571426 15.227123 0.401195 -0.737875 -0.193969 0.506911
61.300000000 -20.943134 15.590016 15.185708 0.400731 -0.739569 -0.195303 0.504292
61.400000000 -21.049404 15.579013 15.117807 0.402289 -0.738378 -0.195217 0.504829
61.500000000 -21.231359 15.575948 15.044113 0.403190 -0.737694 -0.195417 0.505032
61.600000000 -21.428666 15.550590 14.932277 0.406106 -0.735277 -0.194659 0.506511
61.700000000 -21.493426 15.543630 14.897711 0.407322 -0.734152 -0.194271 0.507315
61.800000000 -21.623337 15.558518 14.882327 0.408941 -0.732331 -0.193455 0.508954
61.900000000 -21.676341 15.561054 14.870583 0.409256 -0.733404 -0.193077 0.507296
62.000000000 -21.842443 15.558425 14.771352 0.408740 -0.734295 -0.194152 0.506012
62.100000000 -22.032165 15.546220 14.686376 0.410835 -0.731764 -0.193506 0.508224
62.200000000 -22.075621 15.545114 14.623896 0.409150 -0.734843 -0.194906 0.504593
62.300000000 -22.187877 15.560919 14.578487 0.409630 -0.734995 -0.195281 0.503837
62.400000000 -22.329683 15.577398 14.521379 0.408928 -0.736226 -0.196130 0.502277
62.500000000 -22.441333 15.593857 14.478375 0.409284 -0.736396 -0.196557 0.501570
62.600000000 -22.551139 15.591556 14.400992 0.411043 -0.735473 -0.196152 0.501644
62.700000000 -22.784346 15.580016 14.276130 0.413372 -0.732495 -0.195599 0.504297
62.800000000 -22.867753 15.590028 14.225005 0.413919 -0.732292 -0.195934 0.504013
62.900000000 -22.971508 15.605885 14.200875 0.414471 -0.732415 -0.195800 0.503433
63.000000000 -23.022874 15.622122 14.173711 0.414004 -0.734241 -0.196254 0.500974
63.100000000 -23.197058 15.621404 14.090003 0.416768 -0.730766 -0.195709 0.503968
63.200000000 -23.288015 15.632999 14.033274 0.415495 -0.732608 -0.197214 0.501754
63.300000000 -23.433041 15.639628 13.967222 0.418432 -0.729691 -0.195587 0.504194
63.400000000 -23.458606 15.662416 13.982652 0.416233 -0.732642 -0.196764 0.501269
63.500000000 -23.628542 15.656396 13.897710 0.417955 -0.730818 -0.195743 0.502894
63.600000000 -23.810501 15.664984 13.822100 0.419501 -0.729364 -0.195282 0.503897
63.700000000 -23.999281 15.668480 13.746759 0.422649 -0.726023 -0.193880 0.506624
63.800000000 -24.052629 15.666552 13.694680 0.424174 -0.726250 -0.192236 0.505651
63.900000000 -24.235963 15.685133 13.602757 0.423129 -0.728459 -0.192899 0.503090
64.000000000 -24.378920 15.699973 13.536415 0.425573 -0.725867 -0.192311 0.504996
64.100000000 -24.445813 15.711700 13.494606 0.424243 -0.727257 -0.193877 0.503515
64.200000000 -24.704903 15.720907 13.356307 0.425446 -0.725799 -0.193861 0.504607
64.300000000 -24.733275 15.732498 13.345431 0.425989 -0.725546 -0.193570 0.504625
64.400000000 -24.951042 15.751931 13.240829 0.425867 -0.724707 -0.194854 0.505440
64.500000000 -25.087616 15.748976 13.190513 0.427401 -0.723007 -0.194018 0.506898
64.600000000 -25.224822 15.766363 13.123356 0.429584 -0.721211 -0.192810 0.508072
64.700000000 -25.357680 15.779362 13.042109 0.428853 -0.722393 -0.193502 0.506745
64.800000000 -25.492057 15.817501 13.031553 0.430034 -0.723963 -0.191645 0.504203
64.900000000 -25.636185 15.853148 12.959050 0.432756 -0.721473 -0.190557 0.505853
65.000000000 -25.683877 15.861024 12.986303 0.433393 -0.720332 -0.190308 0.507025
65.100000000 -25.801130 15.891184 12.928153 0.432909 -0.721323 -0.191249 0.505675
65.200000000 -25.981884 15.901373 12.814374 0.433407 -0.720415 -0.191896 0.506297
65.300000000 -26.070347 15.936094 12.791896 0.432325 -0.722841 -0.192591 0.503493
65.400000000 -26.157565 15.961179 12.774950 0.434778 -0.720356 -0.191670 0.505290
65.500000000 -25.698837 16.020518 13.596905 0.423635 -0.713547 -0.204147 0.519334
65.600000000 -25.736126 16.034452 13.584704 0.426222 -0.710684 -0.203421 0.521424
65.700000000 -25.790107 16.049334 13.567136 0.427280 -0.709233 -0.203323 0.522571
65.800000000 -26.156369 16.064620 13.354060 0.425950 -0.710592 -0.205905 0.520796
65.900000000 -26.205256 16.091603 13.312548 0.423866 -0.714371 -0.207367 0.516732
66.000000000 -26.305101 16.113531 13.293217 0.428394 -0.708765 -0.205367 0.521494
66.100000000 -26.428555 16.139234 13.226692 0.428710 -0.707880 -0.206120 0.522138
66.200000000 -26.676597 16.161888 13.063910 0.424135 -0.712908 -0.210699 0.517182
66.300000000 -26.855930 16.186379 12.961553 0.424545 -0.711816 -0.211736 0.517925
66.400000000 -26.966557 16.216837 12.907213 0.427869 -0.707582 -0.211418 0.521112
66.500000000 -27.052129 16.262400 12.851164 0.428499 -0.707477 -0.212355 0.520356
66.600000000 -27.310308 16.288693 12.715079 0.428780 -0.706587 -0.213647 0.520804
66.700000000 -27.477451 16.343911 12.592783 0.426413 -0.710309 -0.215934 0.516727
66.800000000 -27.534294 16.355837 12.593960 0.427583 -0.708798 -0.215946 0.517828
66.900000000 -27.611852 16.399941 12.545563 0.425377 -0.711494 -0.217971 0.515092
67.000000000 -27.809959 16.463466 12.420976 0.425350 -0.712558 -0.219888 0.512824
67.100000000 -28.072745 16.498247 12.263726 0.426909 -0.710430 -0.220505 0.514213
67.200000000 -28.196156 16.548725 12.168714 0.425217 -0.712561 -0.222348 0.511868
67.300000000 -28.378199 16.590598 12.072581 0.425476 -0.711345 -0.223348 0.512908
67.400000000 -28.575958 16.629847 11.958656 0.425088 -0.711256 -0.224692 0.512765
67.500000000 -28.706446 16.669150 11.908502 0.425993 -0.709232 -0.225528 0.514449
67.600000000 -28.846173 16.711469 11.806772 0.422103 -0.713730 -0.228505 0.510103
67.700000000 -29.033702 16.747969 11.682193 0.421703 -0.713625 -0.229658 0.510061
67.800000000 -29.375879 16.828488 11.408650 0.420842 -0.713626 -0.232324 0.509564
67.900000000 -29.637848 16.889931 11.188980 0.420859 -0.715329 -0.233070 0.506814
68.000000000 -29.847389 16.918302 11.025269 0.418379 -0.717622 -0.235880 0.504320
68.100000000 -30.050777 16.985887 10.851275 -0.415846 0.720901 0.240318 -0.499621
68.200000000 -30.283040 17.041317 10.696987 -0.415650 0.720499 0.241501 -0.499793
68.300000000 -30.802937 17.042082 10.049758 -0.424862 0.721548 0.234903 -0.493641
68.400000000 -30.952903 17.084908 9.958767 -0.424113 0.722268 0.236031 -0.492692
68.500000000 -31.195135 17.129808 9.787891 -0.422720 0.722976 0.238811 -0.491511
68.600000000 -31.443144 17.163688 9.613069 -0.421544 0.723561 0.240605 -0.490785
68.700000000 -31.647268 17.199216 9.459094 -0.420396 0.724578 0.241934 -0.489615
68.800000000 -31.864306 17.228459 9.305035 -0.418952 0.725627 0.244133 -0.488205
68.900000000 -31.971697 17.253828 9.228717 -0.417063 0.727666 0.245533 -0.486081
69.000000000 -32.130389 17.285792 9.113332 -0.415887 0.729134 0.247455 -0.483909
69.100000000 -32.230701 17.328703 9.026515 -0.412392 0.733319 0.250527 -0.478971
69.200000000 -32.513362 17.355219 8.836992 -0.412958 0.731673 0.251837 -0.480311
69.300000000 -32.732677 17.377403 8.683498 -0.412482 0.731676 0.252840 -0.480188
69.400000000 -32.912440 17.406656 8.544421 -0.410693 0.733179 0.254658 -0.478466
69.500000000 -33.128593 17.427259 8.404575 -0.410608 0.732476 0.255764 -0.479024
69.600000000 -33.345066 17.445179 8.253175 -0.410164 0.732215 0.257452 -0.478900
69.700000000 -33.526094 17.470227 8.107878 -0.407747 0.734100 0.259668 -0.476877
69.800000000 -33.816874 17.480625 7.753265 -0.411609 0.736085 0.259099 -0.470769
69.900000000 -33.989871 17.505457 7.644241 -0.411463 0.735898 0.260108 -0.470633
70.000000000 -34.157004 17.524078 7.554741 -0.412290 0.734795 0.260295 -0.471529
70.100000000 -34.382342 17.544346 7.389351 -0.411390 0.734837 0.261985 -0.471314
70.200000000 -34.571941 17.561427 7.269808 -0.411330 0.734314 0.262892 -0.471676
70.300000000 -34.718807 17.586176 7.165124 -0.410079 0.735398 0.264247 -0.470317
70.400000000 -34.946485 17.606364 7.006609 -0.410215 0.734657 0.265446 -0.470682
70.500000000 -35.179173 17.630252 6.832625 -0.409983 0.734060 0.267137 -0.470858
70.600000000 -35.275632 17.637894 6.631393 -0.413010 0.738209 0.264324 -0.463253
70.700000000 -35.471494 17.658481 6.503028 -0.413093 0.737523 0.265312 -0.463707
70.800000000 -35.655725 17.684216 6.396927 -0.414028 0.736434 0.265719 -0.464370
70.900000000 -35.860902 17.708882 6.237215 -0.412657 0.737006 0.267687 -0.463551
71.000000000 -36.051938 17.734129 6.107519 -0.412306 0.736851 0.269189 -0.463240
71.100000000 -36.238859 17.759716 5.978748 -0.411407 0.737416 0.270982 -0.462094
71.200000000 -36.423359 17.726980 5.751835 -0.418011 0.736720 0.263162 -0.461796
71.300000000 -36.561725 17.752001 5.657852 -0.417535 0.737504 0.263780 -0.460621
71.400000000 -36.696064 17.783069 5.572347 -0.416977 0.738180 0.264907 -0.459396
71.500000000 -36.950649 17.803254 5.379673 -0.415731 0.738311 0.267980 -0.458533
71.600000000 -37.105588 17.824452 5.276289 -0.415796 0.737990 0.268483 -0.458695
71.700000000 -37.253997 17.855136 5.169310 -0.415008 0.738566 0.270076 -0.457545
71.800000000 -37.393624 17.877386 5.073635 -0.414250 0.739389 0.271318 -0.456166
71.900000000 -37.562345 17.907640 4.976309 -0.414394 0.738608 0.272554 -0.456563
72.000000000 -37.679885 17.935571 4.899631 -0.414587 0.739093 0.272701 -0.455514
72.100000000 -37.825800 17.961927 4.775454 -0.413264 0.740570 0.274179 -0.453426
72.200000000 -38.053715 17.975384 4.609285 -0.413151 0.739817 0.275966 -0.453673
72.300000000 -38.157864 17.996818 4.528282 -0.411652 0.741576 0.277198 -0.451408
72.400000000 -38.351532 18.018133 4.397606 -0.412642 0.740216 0.277592 -0.452492
72.500000000 -38.480187 18.037060 4.298547 -0.411671 0.741395 0.278256 -0.451037
72.600000000 -38.668970 18.053672 4.155293 -0.411932 0.741076 0.278842 -0.450960
72.700000000 -38.808920 18.072380 4.041758 -0.410720 0.742400 0.279956 -0.449194
72.800000000 -38.935831 18.088068 3.966408 -0.411092 0.741914 0.280304 -0.449441
72.900000000 -39.152730 18.018157 3.664189 -0.417660 0.742988 0.270503 -0.447612
73.000000000 -39.294937 18.034810 3.555756 -0.416900 0.743804 0.271365 -0.446444
73.100000000 -39.442917 18.049768 3.451944 -0.417156 0.743723 0.271790 -0.446079
73.200000000 -39.583917 18.058991 3.348570 -0.415812 0.744386 0.273113 -0.445419
73.300000000 -39.737493 18.071247 3.229138 -0.414714 0.744745 0.274603 -0.444928
73.400000000 -39.876775 18.083694 3.140302 -0.414944 0.744509 0.274677 -0.445063
73.500000000 -40.019175 18.095206 3.043646 -0.415533 0.744041 0.274681 -0.445292
73.600000000 -40.183689 18.041292 2.825224 -0.420912 0.744897 0.265867 -0.444159
73.700000000 -40.349243 18.049680 2.679675 -0.418958 0.746020 0.267914 -0.442888
73.800000000 -40.437396 18.065642 2.625324 -0.418112 0.747248 0.268404 -0.441319
73.900000000 -40.590374 18.070168 2.513629 -0.418047 0.747127 0.268605 -0.441463
74.000000000 -40.677389 18.085718 2.458490 -0.416058 0.748697 0.269980 -0.439840
74.100000000 -40.827081 18.052047 2.299986 -0.419112 0.749005 0.265059 -0.439410
74.200000000 -40.922249 18.063377 2.231118 -0.418493 0.750116 0.265471 -0.437853
74.300000000 -41.046839 18.064589 2.135699 -0.417582 0.751167 0.265954 -0.436625
74.400000000 -41.126060 18.076281 2.052633 -0.414416 0.754276 0.267793 -0.433144
74.500000000 -41.278424 18.078456 1.931854 -0.413581 0.754792 0.268578 -0.432557
74.600000000 -41.430808 18.029513 1.774157 -0.418509 0.754388 0.261323 -0.432966
74.700000000 -41.560044 18.030943 1.676370 -0.418149 0.754621 0.261429 -0.432844
74.800000000 -41.694162 18.025844 1.594896 -0.418762 0.753929 0.260739 -0.433871
74.900000000 -41.809386 18.030322 1.508924 -0.417887 0.755008 0.261376 -0.432453
75.000000000 -41.966172 18.026380 1.368239 -0.416359 0.755902 0.262772 -0.431518
75.100000000 -42.148027 18.013373 1.213834 -0.414593 0.756249 0.264574 -0.431510
75.200000000 -42.273432 18.009638 1.100519 -0.412372 0.758082 0.265959 -0.429566
75.300000000 -42.372170 18.012829 1.043156 -0.411807 0.758341 0.266314 -0.429431
75.400000000 -42.488613 18.015615 0.968324 -0.410500 0.759193 0.267309 -0.428558
75.500000000 -42.594322 18.020244 0.921912 -0.410408 0.758399 0.267730 -0.429787
75.600000000 -42.786210 17.997379 0.743386 -0.407365 0.760188 0.270005 -0.428095
75.700000000 -42.948247 17.985885 0.609705 -0.406510 0.760522 0.271037 -0.427663
75.800000000 -43.054387 17.990966 0.544085 -0.406006 0.760826 0.271439 -0.427346
75.900000000 -43.136810 17.984307 0.491168 -0.404213 0.762533 0.272068 -0.425600
76.000000000 -43.240197 17.979495 0.415631 -0.403302 0.763835 0.271966 -0.424191
76.100000000 -43.456148 17.949329 0.228254 -0.401921 0.764270 0.273176 -0.423940
76.200000000 -43.603734 17.938405 0.133649 -0.404593 0.763387 0.269984 -0.425034
76.300000000 -43.715614 17.932749 0.060848 -0.404241 0.763560 0.269617 -0.425290
76.400000000 -43.851669 17.917080 -0.053324 -0.400924 0.765770 0.271962 -0.422958
76.500000000 -43.973251 17.913088 -0.109598 -0.401682 0.764791 0.271073 -0.424576
76.600000000 -44.122050 17.897721 -0.214446 -0.401196 0.765040 0.271237 -0.424484
76.700000000 -44.258247 17.884873 -0.321188 -0.399289 0.766325 0.272129 -0.423392
76.800000000 -44.399443 17.859336 -0.419772 -0.397456 0.767553 0.272969 -0.422350
76.900000000 -44.438082 17.877673 -0.428525 -0.395839 0.769637 0.273763 -0.419552
77.000000000 -44.601121 17.860126 -0.523541 -0.396047 0.768832 0.273323 -0.421115
77.100000000 -44.707652 17.860327 -0.574655 -0.395811 0.769216 0.273119 -0.420769
77.200000000 -44.921172 17.826385 -0.739829 -0.394878 0.768774 0.273662 -0.422098
77.300000000 -44.990297 17.825516 -0.746324 -0.394302 0.769302 0.273518 -0.421768
77.400000000 -45.180517 17.782742 -0.919958 -0.391934 0.770346 0.275036 -0.421082
77.500000000 -45.297154 17.771997 -0.990288 -0.390992 0.771202 0.275231 -0.420262
77.600000000 -45.400772 17.764077 -1.054360 -0.390346 0.772066 0.274606 -0.419685
77.700000000 -45.547752 17.743416 -1.144422 -0.390425 0.771948 0.274021 -0.420211
77.800000000 -45.745544 17.698823 -1.322466 -0.389511 0.772978 0.274372 -0.418935
77.900000000 -45.882299 17.690236 -1.408030 -0.390490 0.772100 0.273651 -0.420112
78.000000000 -45.975786 17.693664 -1.462863 -0.389421 0.773416 0.274297 -0.418258
78.100000000 -46.052239 17.692155 -1.495182 -0.389282 0.773535 0.274099 -0.418298
78.200000000 -46.179212 17.671867 -1.560382 -0.389252 0.773376 0.273355 -0.419106
78.300000000 -46.261447 17.665444 -1.596757 -0.387634 0.774942 0.273853 -0.417385
78.400000000 -46.477348 17.628379 -1.752105 -0.388037 0.773354 0.273398 -0.420242
78.500000000 -46.606587 17.635188 -1.787910 -0.390367 0.771376 0.271630 -0.422859
78.600000000 -46.737078 17.613011 -1.889504 -0.388514 0.772530 0.272447 -0.421933
78.700000000 -46.918768 17.578396 -2.034846 -0.387468 0.772359 0.273679 -0.422410
78.800000000 -47.013229 17.559680 -2.095422 -0.385029 0.774345 0.274816 -0.420260
78.900000000 -47.156987 17.537711 -2.188043 -0.384250 0.774772 0.275133 -0.419979
79.000000000 -47.195968 17.547358 -2.178876 -0.383891 0.775551 0.274698 -0.419152
79.100000000 -47.380393 17.518539 -2.293097 -0.384231 0.774347 0.274729 -0.421043
79.200000000 -47.525886 17.510414 -2.423589 -0.384426 0.775096 0.274539 -0.419607
79.300000000 -47.653751 17.463681 -2.528301 -0.381685 0.777106 0.275554 -0.417724
79.400000000 -47.777212 17.460252 -2.572606 -0.381774 0.776805 0.275275 -0.418385
79.500000000 -47.822509 17.462792 -2.573353 -0.382215 0.777189 0.273775 -0.418253
79.600000000 -48.001396 17.435479 -2.682661 -0.382205 0.776529 0.273464 -0.419689
79.700000000 -48.111696 17.405468 -2.769647 -0.380286 0.778033 0.274126 -0.418212
79.800000000 -48.227935 17.400106 -2.834098 -0.380673 0.777594 0.273785 -0.418901
79.900000000 -48.385381 17.382032 -2.932599 -0.379014 0.778150 0.275443 -0.418285
80.000000000 -48.461975 17.383353 -2.982202 -0.378432 0.779614 0.275296 -0.416178
80.100000000 -48.538523 17.362829 -3.019078 -0.377328 0.781091 0.274816 -0.414725
80.200000000 -48.713855 17.338705 -3.123035 -0.377956 0.779549 0.274921 -0.416979
80.300000000 -48.765469 17.340950 -3.118617 -0.378405 0.779565 0.273321 -0.417593
80.400000000 -48.926582 17.302536 -3.249722 -0.376006 0.781377 0.274332 -0.415705
80.500000000 -49.074032 17.280604 -3.344487 -0.376698 0.780448 0.273755 -0.417201
80.600000000 -49.144534 17.267287 -3.358012 -0.375873 0.781365 0.273554 -0.416361
80.700000000 -49.253827 17.277071 -3.390473 -0.378421 0.779790 0.271491 -0.418352
80.800000000 -49.318747 17.297345 -3.391657 -0.379041 0.779056 0.270932 -0.419519
80.900000000 -49.509258 17.228119 -3.568537 -0.375147 0.782316 0.272959 -0.415619
81.000000000 -49.632553 17.206440 -3.638817 -0.375003 0.782710 0.272174 -0.415522
81.100000000 -49.689111 17.208559 -3.651093 -0.373945 0.784560 0.271719 -0.413278
81.200000000 -49.823577 17.212729 -3.714705 -0.376754 0.782457 0.270146 -0.415739
81.300000000 -49.942585 17.172629 -3.807085 -0.374677 0.783658 0.270871 -0.414881
81.400000000 -50.108931 17.133781 -3.943076 -0.373631 0.784230 0.271709 -0.414195
81.500000000 -50.193359 17.147551 -3.948183 -0.375271 0.782966 0.270424 -0.415941
81.600000000 -50.252730 17.135589 -3.982191 -0.374340 0.785313 0.269372 -0.413027
81.700000000 -50.361083 17.126680 -4.033237 -0.373539 0.785426 0.269788 -0.413267
81.800000000 -50.414774 17.139182 -4.033167 -0.374105 0.785014 0.269355 -0.413819
81.900000000 -50.502031 17.141737 -4.057140 -0.374082 0.784726 0.269367 -0.414378
82.000000000 -50.682621 17.107176 -4.205310 -0.372438 0.785024 0.270881 -0.414308
82.100000000 -50.811393 17.052761 -4.327341 -0.369940 0.787228 0.271627 -0.411868
82.200000000 -50.920634 17.064430 -4.366774 -0.373254 0.786527 0.268762 -0.412096
82.300000000 -50.994738 17.058286 -4.397628 -0.372829 0.787302 0.268509 -0.411164
82.400000000 -51.142396 17.030695 -4.510912 -0.377656 0.785328 0.264319 -0.413245
82.500000000 -51.304248 16.981113 -4.634757 -0.375849 0.786122 0.264836 -0.413050
82.600000000 -51.383910 16.977792 -4.671045 -0.375191 0.787516 0.264361 -0.411296
82.700000000 -51.542696 16.921583 -4.773271 -0.380615 0.785479 0.257411 -0.414601
82.800000000 -51.610627 16.904270 -4.819398 -0.377310 0.788165 0.258994 -0.411529
82.900000000 -51.743471 16.878291 -4.911102 -0.376989 0.787397 0.259665 -0.412868
83.000000000 -51.861344 16.868977 -4.975823 -0.376310 0.788120 0.259830 -0.412002
83.100000000 -51.994061 16.827761 -5.106212 -0.375257 0.789162 0.260346 -0.410640
83.200000000 -52.078882 16.826189 -5.131226 -0.378019 0.789555 0.256111 -0.410015
83.300000000 -52.172128 16.798416 -5.208211 -0.376103 0.790943 0.256947 -0.408576
83.400000000 -52.265174 16.801579 -5.233025 -0.372866 0.792236 0.259276 -0.407565
83.500000000 -52.424230 16.760442 -5.379669 -0.372435 0.791951 0.259765 -0.408202
83.600000000 -52.533892 16.729970 -5.456262 -0.369471 0.793874 0.261347 -0.406144
83.700000000 -52.778743 16.732094 -5.565046 -0.366448 0.795035 0.263634 -0.405132
83.800000000 -52.900117 16.724479 -5.638299 -0.362709 0.797682 0.265761 -0.401891
83.900000000 -52.877023 16.651611 -5.707351 -0.368364 0.799583 0.257053 -0.398621
84.000000000 -52.926321 16.661163 -5.717962 -0.363099 0.801956 0.260748 -0.396278
84.100000000 -53.098450 16.629956 -5.832491 -0.360318 0.803279 0.262631 -0.394890
84.200000000 -53.218568 16.616515 -5.920617 -0.358802 0.804243 0.263403 -0.393794
84.300000000 -53.268090 16.602333 -6.001738 -0.367020 0.802100 0.257067 -0.394777
84.400000000 -53.392636 16.572245 -6.096551 -0.362558 0.806228 0.258307 -0.389647
84.500000000 -53.499802 16.546052 -6.161643 -0.356795 0.810065 0.261633 -0.384760
84.600000000 -53.623088 16.525448 -6.262979 -0.354712 0.811168 0.262896 -0.383499
84.700000000 -53.730190 16.510308 -6.333317 -0.350029 0.813372 0.265205 -0.381538
84.800000000 -53.899962 16.484033 -6.458737 -0.350549 0.813510 0.264028 -0.381585
84.900000000 -53.955764 16.445471 -6.534467 -0.349378 0.817060 0.262465 -0.376113
85.000000000 -54.018275 16.454935 -6.609646 -0.349234 0.818667 0.263684 -0.371874
85.100000000 -54.136998 16.406842 -6.728051 -0.347703 0.819900 0.262891 -0.371152
85.200000000 -54.230756 16.394311 -6.805345 -0.348437 0.818806 0.261993 -0.373508
85.300000000 -54.337269 16.366813 -6.896513 -0.344938 0.820800 0.263491 -0.371319
85.400000000 -54.510190 16.375860 -6.979621 -0.345236 0.821041 0.263009 -0.370851
85.500000000 -54.584294 16.333103 -7.141479 -0.353102 0.820950 0.257072 -0.367796
85.600000000 -54.779796 16.346020 -7.239157 -0.352903 0.820164 0.257950 -0.369124
85.700000000 -54.968998 16.384313 -7.302810 -0.348721 0.821811 0.261228 -0.367124
85.800000000 -54.948885 16.324096 -7.430308 -0.356493 0.818088 0.257638 -0.370496
85.900000000 -55.085926 16.315110 -7.570612 -0.364866 0.814315 0.251460 -0.374876
86.000000000 -55.218862 16.301897 -7.656290 -0.371427 0.810167 0.245885 -0.381066
86.100000000 -55.300476 16.320574 -7.720652 -0.364164 0.816810 0.251608 -0.369998
86.200000000 -55.413216 16.312947 -7.797364 -0.364689 0.816059 0.251744 -0.371045
86.300000000 -55.470785 16.282444 -7.926137 -0.374540 0.809005 0.245068 -0.381014
86.400000000 -55.707474 16.260241 -8.080869 -0.387606 0.800769 0.234589 -0.391789
86.500000000 -55.751336 16.271280 -8.153056 -0.380276 0.807881 0.240919 -0.380363
86.600000000 -55.908173 16.276111 -8.234463 -0.384200 0.803763 0.239192 -0.386189
86.700000000 -56.179878 16.195556 -8.410683 -0.403082 0.788908 0.226379 -0.404847
86.800000000 -56.205349 16.243902 -8.452491 -0.399982 0.793269 0.229298 -0.397694
86.900000000 -56.442490 16.176623 -8.645551 -0.411218 0.784809 0.221465 -0.407341
87.000000000 -56.633451 16.120492 -8.787387 -0.418106 0.778510 0.215947 -0.415304
87.100000000 -56.831393 16.100066 -8.912838 -0.423977 0.773904 0.212022 -0.419956
87.200000000 -56.979672 16.071115 -9.045840 -0.429057 0.770412 0.208038 -0.423196
87.300000000 -57.079292 16.054575 -9.152524 -0.431339 0.768500 0.207027 -0.424845
87.400000000 -57.219741 16.026506 -9.298996 -0.432374 0.768348 0.206103 -0.424518
87.500000000 -57.258136 16.008332 -9.366277 -0.433051 0.768502 0.205484 -0.423849
87.600000000 -57.384951 15.996397 -9.480023 -0.435851 0.766318 0.203782 -0.425750
87.700000000 -57.466478 15.981176 -9.569920 -0.437128 0.765574 0.202644 -0.426322
87.800000000 -57.583260 15.957341 -9.699424 -0.438151 0.764780 0.202277 -0.426872
87.900000000 -57.623868 15.927464 -9.813317 -0.441466 0.763373 0.199916 -0.427086
88.000000000 -57.684173 15.862317 -9.994580 -0.451790 0.756141 0.190969 -0.433206
88.100000000 -57.684830 15.800324 -10.155190 -0.463226 0.748066 0.181057 -0.439359
88.200000000 -57.711049 15.666290 -10.411735 -0.481161 0.733553 0.161516 -0.451992
88.300000000 -57.833319 15.538466 -10.603230 -0.498798 0.719756 0.137218 -0.462951
88.400000000 -57.989465 15.592172 -10.730914 -0.495590 0.723186 0.141544 -0.459737
88.500000000 -58.138300 15.641552 -10.858769 -0.492484 0.726773 0.149973 -0.454718
88.600000000 -58.228120 15.656254 -10.997837 -0.489795 0.731104 0.154591 -0.449098
88.700000000 -58.302864 15.670718 -11.062355 -0.489198 0.731831 0.156524 -0.447893
88.800000000 -58.436259 15.692200 -11.180378 -0.486689 0.734816 0.159356 -0.444730
88.900000000 -58.571112 15.671438 -11.359412 -0.492637 0.729605 0.153903 -0.448664
89.000000000 -58.652250 15.736578 -11.413979 -0.488683 0.735526 0.159564 -0.441281
89.100000000 -58.700956 15.754758 -11.489415 -0.484718 0.741923 0.162340 -0.433871
89.200000000 -58.760583 15.742488 -11.592243 -0.486278 0.740359 0.162284 -0.434817
89.300000000 -58.848554 15.723915 -11.731873 -0.494706 0.733474 0.153918 -0.439990
89.400000000 -58.992027 15.758184 -11.884714 -0.492480 0.736860 0.157117 -0.435679
89.500000000 -59.088612 15.790928 -11.952825 -0.490652 0.739505 0.158754 -0.432654
89.600000000 -59.139198 15.783210 -12.018467 -0.490040 0.740408 0.159839 -0.431404
89.700000000 -59.262742 15.820508 -12.166889 -0.485177 0.747326 0.163571 -0.423499
89.800000000 -59.268155 15.799365 -12.237491 -0.492719 0.742125 0.155145 -0.427093
89.900000000 -59.264965 15.791079 -12.254216 -0.490356 0.743406 0.157721 -0.426640
90.000000000 -59.051061 15.647750 -12.306192 -0.511579 0.727893 0.128402 -0.438146
90.100000000 -58.470316 15.697971 -11.662174 -0.533127 0.741154 0.062881 -0.403127
90.200000000 -57.701881 16.354022 -10.048950 -0.534923 0.793087 0.008332 -0.291205
90.300000000 -57.769660 16.002392 -10.132783 -0.527927 0.747461 0.053593 -0.399655
90.400000000 -57.082017 16.610713 -8.602976 -0.517833 0.795365 -0.048951 -0.311204
90.500000000 -57.941246 16.069530 -10.291366 -0.525655 0.751423 0.057099 -0.394702
90.600000000 -57.170153 16.587753 -8.610311 -0.526562 0.800517 -0.023863 -0.285194
90.700000000 -58.246894 16.039534 -10.560753 -0.528560 0.746666 0.055116 -0.400096
90.800000000 -57.348482 16.634575 -8.765186 -0.522413 0.807215 -0.015981 -0.274285
90.900000000 -58.059454 16.100352 -10.272617 -0.518580 0.762321 0.066096 -0.381540
91.000000000 -58.596634 16.020064 -10.974446 -0.529629 0.746847 0.055406 -0.398300
91.100000000 -57.512799 16.507893 -9.089371 -0.527813 0.798943 -0.019692 -0.287604
91.200000000 -58.611511 16.043633 -10.939852 -0.531670 0.744483 0.054400 -0.400140
91.300000000 -57.416504 16.593256 -8.900662 -0.521966 0.808139 -0.016191 -0.272396
91.400000000 -58.412486 16.116855 -10.849128 -0.520188 0.763978 0.066709 -0.375888
91.500000000 -58.886564 16.055113 -11.375534 -0.527481 0.751780 0.061747 -0.390867
91.600000000 -57.765948 16.391474 -9.519018 -0.531256 0.793263 -0.022232 -0.296661
91.700000000 -57.891984 16.409695 -9.785778 -0.511635 0.776085 0.073128 -0.361351
91.800000000 -58.103272 16.433352 -9.872058 -0.514759 0.771359 0.070673 -0.367470
91.900000000 -57.983700 16.398361 -9.737242 -0.520564 0.773054 0.050212 -0.358997
92.000000000 -57.846915 16.401363 -9.756323 -0.516019 0.780698 0.055528 -0.348068
92.100000000 -57.839495 16.344759 -9.850557 -0.520426 0.774432 0.051560 -0.356024
92.200000000 -57.749202 16.747091 -9.032606 -0.517872 0.797147 0.033778 -0.308584
92.300000000 -57.756922 16.771146 -9.010608 -0.516598 0.799045 0.035290 -0.305627
92.400000000 -58.571447 16.369074 -10.466995 -0.515543 0.773280 0.070013 -0.362425
92.500000000 -58.338838 16.409102 -10.303683 -0.510653 0.781323 0.074852 -0.350949
92.600000000 -58.086417 16.722713 -9.317165 -0.519738 0.793055 0.034265 -0.315851
92.700000000 -58.092961 16.729949 -9.333263 -0.518950 0.794406 0.035138 -0.313648
92.800000000 -58.120550 16.741229 -9.308733 -0.520197 0.792916 0.033457 -0.315532
92.900000000 -58.254742 16.729740 -9.405519 -0.523445 0.789119 0.028600 -0.320122
93.000000000 -57.930565 16.427379 -9.781018 -0.515576 0.779807 0.060877 -0.349824
93.100000000 -58.295615 16.770218 -9.325576 -0.524007 0.787796 0.028899 -0.322426
93.200000000 -58.324582 16.768188 -9.391593 -0.522647 0.790305 0.030333 -0.318336
93.300000000 -58.350822 16.644308 -9.718938 -0.524560 0.789602 0.027051 -0.317229
93.400000000 -58.429363 16.668106 -9.687016 -0.525852 0.787279 0.026003 -0.320929
93.500000000 -58.539574 16.661061 -9.818282 -0.526577 0.786140 0.026313 -0.322502
93.600000000 -58.651477 16.634085 -9.921050 -0.528466 0.782819 0.024030 -0.327628
93.700000000 -58.613371 16.680726 -9.772665 -0.528302 0.783508 0.024157 -0.326234
93.800000000 -58.649343 16.686168 -9.815545 -0.527786 0.784349 0.025311 -0.324958
93.900000000 -58.724528 16.636520 -9.998753 -0.527131 0.785865 0.025921 -0.322300
94.000000000 -58.800112 16.627601 -10.196372 -0.527717 0.786116 0.027979 -0.320551
94.100000000 -58.952358 16.615101 -10.376350 -0.529777 0.783377 0.027431 -0.323889
94.200000000 -59.053722 16.589045 -10.452155 -0.533000 0.778247 0.023823 -0.331173
94.300000000 -59.114704 16.576885 -10.504671 -0.533561 0.777451 0.023558 -0.332157
94.400000000 -59.306155 16.548030 -10.800916 -0.533383 0.777864 0.025750 -0.331312
94.500000000 -59.363057 16.559078 -10.903792 -0.532330 0.780477 0.028575 -0.326593
94.600000000 -59.465699 16.494433 -11.097056 -0.534796 0.776510 0.025483 -0.332230
94.700000000 -59.603224 16.453287 -11.342432 -0.539255 0.770622 0.023211 -0.338833
94.800000000 -59.636498 16.540667 -11.225923 -0.535731 0.775680 0.029356 -0.332341
94.900000000 -59.745436 16.477706 -11.505030 -0.538175 0.773036 0.026187 -0.334810
95.000000000 -59.881657 16.491297 -11.639324 -0.539032 0.771995 0.027250 -0.335746
95.100000000 -60.027203 16.441379 -11.870861 -0.542019 0.767589 0.024491 -0.341208
95.200000000 -60.194520 16.558819 -11.300864 -0.523903 0.764637 0.066362 -0.369394
95.300000000 -60.139096 16.469002 -11.804931 -0.543680 0.764463 0.023676 -0.345613
95.400000000 -60.366165 16.568190 -11.520855 -0.523175 0.766513 0.069216 -0.365999
95.500000000 -60.365334 16.654566 -11.472760 -0.544294 0.763242 0.022537 -0.347416
95.600000000 -59.896455 16.901932 -10.259921 -0.504664 0.780723 0.086947 -0.358087
95.700000000 -60.307608 16.699736 -11.214773 -0.543195 0.764379 0.023683 -0.346559
95.800000000 -60.204917 16.829529 -10.440962 -0.509099 0.776146 0.084178 -0.362395
95.900000000 -60.242901 16.728659 -11.057164 -0.539242 0.770866 0.026301 -0.338071
96.000000000 -60.482319 16.841217 -10.771221 -0.517688 0.770153 0.077641 -0.364465
96.100000000 -60.678590 16.792769 -11.109240 -0.525122 0.763297 0.070229 -0.369719
96.200000000 -60.575124 16.855601 -10.975681 -0.514851 0.774133 0.084319 -0.358520
96.300000000 -60.673314 16.693998 -11.675792 -0.542316 0.766909 0.027524 -0.342033
96.400000000 -60.869592 16.790708 -11.349926 -0.515913 0.773494 0.081481 -0.359028
96.500000000 -60.920335 16.842479 -11.450627 -0.516961 0.773533 0.084922 -0.356632
96.600000000 -60.954777 16.681583 -12.180027 -0.538851 0.772035 0.034222 -0.335306
96.700000000 -61.185846 16.861342 -11.915963 -0.515281 0.777413 0.090971 -0.349054
96.800000000 -61.203380 16.870937 -11.876888 -0.515740 0.777994 0.087086 -0.348072
96.900000000 -61.404518 16.647552 -12.678939 -0.529076 0.770663 0.062471 -0.349649
97.000000000 -61.700662 16.555536 -13.075766 -0.528792 0.766141 0.066976 -0.359057
97.100000000 -61.524353 16.839620 -12.357571 -0.515896 0.776401 0.087291 -0.351332
97.200000000 -61.363622 16.627794 -12.323884 -0.534507 0.765472 0.022144 -0.357582
97.300000000 -61.753775 16.833262 -12.690131 -0.516395 0.775605 0.086989 -0.352429
97.400000000 -62.054351 16.562818 -13.643902 -0.519292 0.777466 0.078736 -0.345952
97.500000000 -62.069761 16.603294 -13.628285 -0.516733 0.781359 0.082448 -0.340099
97.600000000 -62.134463 16.601797 -13.625160 -0.517272 0.779438 0.081559 -0.343882
97.700000000 -61.735790 16.668625 -12.910324 -0.531120 0.774704 0.036322 -0.341212
97.800000000 -62.253988 16.705760 -13.434518 -0.518318 0.775620 0.082645 -0.350614
97.900000000 -62.291021 16.710464 -13.447888 -0.517756 0.777647 0.080676 -0.347397
98.000000000 -62.340800 16.600660 -13.781674 -0.515945 0.783188 0.077605 -0.338224
98.100000000 -62.194146 16.533142 -13.409214 -0.528190 0.771847 0.031367 -0.352538
98.200000000 -62.221563 16.628828 -13.218144 -0.529733 0.770493 0.032838 -0.353053
98.300000000 -62.576121 16.663835 -13.636975 -0.515717 0.776777 0.075856 -0.353410
98.400000000 -62.369725 16.624303 -13.548918 -0.525179 0.779479 0.045861 -0.338373
98.500000000 -62.433091 16.692261 -13.630569 -0.519648 0.786152 0.062911 -0.328592
98.600000000 -62.511259 16.713566 -13.659065 -0.519930 0.786028 0.063388 -0.328352
98.700000000 -62.598473 16.696537 -13.743773 -0.519496 0.785624 0.064599 -0.329767
98.800000000 -62.694262 16.648617 -13.865796 -0.517673 0.784919 0.062701 -0.334643
98.900000000 -62.725626 16.610456 -13.965290 -0.520047 0.785578 0.051911 -0.331245
99.000000000 -62.824301 16.637230 -14.089317 -0.514853 0.789978 0.068886 -0.325754
99.100000000 -62.818826 16.643284 -14.104716 -0.515967 0.792500 0.062117 -0.319160
99.200000000 -62.900577 16.657507 -14.111488 -0.515775 0.791899 0.061273 -0.321119
99.300000000 -63.093885 16.559139 -14.225642 -0.515264 0.784452 0.053913 -0.340928
99.400000000 -63.173373 16.553353 -14.340304 -0.512885 0.786853 0.059938 -0.337962
99.500000000 -63.158228 16.580618 -14.413551 -0.512037 0.792805 0.062937 -0.324525
99.600000000 -63.202102 16.578118 -14.523061 -0.509069 0.796630 0.067123 -0.318942
99.700000000 -63.249784 16.596731 -14.537122 -0.507947 0.797836 0.069002 -0.317310
99.800000000 -63.274811 16.658144 -14.421048 -0.508152 0.798045 0.069123 -0.316430
99.900000000 -63.370529 16.649183 -14.452857 -0.507035 0.795962 0.068338 -0.323559
100.000000000 -63.472397 16.605858 -14.702202 -0.504853 0.799613 0.072389 -0.317021
100.100000000 -63.507778 16.640307 -14.695215 -0.503001 0.801519 0.075834 -0.314333
100.200000000 -63.615335 16.585420 -14.894333 -0.502628 0.802081 0.075789 -0.313509
100.300000000 -63.708037 16.523003 -15.072929 -0.502121 0.802458 0.072923 -0.314035
100.400000000 -63.770260 16.511339 -15.186317 -0.500603 0.804427 0.074989 -0.310918
100.500000000 -63.821440 16.556349 -15.152781 -0.499996 0.804625 0.077046 -0.310881
100.600000000 -63.895710 16.536747 -15.232425 -0.499413 0.804883 0.076394 -0.311312
100.700000000 -63.985857 16.499730 -15.367629 -0.499448 0.805179 0.075906 -0.310606
100.800000000 -64.032242 16.505596 -15.420244 -0.497694 0.807055 0.078002 -0.308024
100.900000000 -64.100022 16.473533 -15.544761 -0.496900 0.808455 0.077741 -0.305692
101.000000000 -64.181604 16.422622 -15.715145 -0.495881 0.810300 0.077738 -0.302446
101.100000000 -64.275915 16.360009 -15.898446 -0.495138 0.811543 0.077910 -0.300276
101.200000000 -64.327534 16.342763 -15.974604 -0.492509 0.814126 0.080536 -0.296896
101.300000000 -64.384905 16.367568 -15.986511 -0.491828 0.814222 0.082496 -0.297223
101.400000000 -64.448092 16.340045 -16.079798 -0.490061 0.816036 0.084134 -0.294699
101.500000000 -64.490575 16.341818 -16.121114 -0.488556 0.817558 0.085878 -0.292466
101.600000000 -64.549418 16.351120 -16.151494 -0.487692 0.817943 0.087421 -0.292375
101.700000000 -64.473373 16.584892 -15.658508 -0.491076 0.814152 0.084694 -0.298042
101.800000000 -64.217785 16.727645 -14.953516 -0.508891 0.805205 0.038077 -0.302036
101.900000000 -63.882624 17.057444 -14.041144 -0.520225 0.803317 0.009476 -0.289753
102.000000000 -63.769235 17.254810 -13.471842 -0.521868 0.800643 0.009069 -0.294180
102.100000000 -63.235232 17.694172 -12.381716 -0.539494 0.811951 -0.058313 -0.215134
102.200000000 -63.226651 17.776023 -12.218692 -0.538013 0.815172 -0.054148 -0.207618
102.300000000 -63.358939 17.710704 -12.453875 -0.539693 0.811878 -0.056869 -0.215294
102.400000000 -63.428883 17.696183 -12.580696 -0.539245 0.812578 -0.054820 -0.214306
102.500000000 -63.528953 17.643735 -12.762064 -0.539750 0.811190 -0.056037 -0.217948
102.600000000 -63.584265 17.652978 -12.844095 -0.538831 0.812672 -0.053355 -0.215359
102.700000000 -63.663183 17.609342 -12.986907 -0.539335 0.811321 -0.055436 -0.218638
102.800000000 -63.798254 17.553157 -13.203791 -0.540137 0.809225 -0.057228 -0.223901
102.900000000 -63.851101 17.573858 -13.209502 -0.539909 0.809377 -0.058159 -0.223662
103.000000000 -63.968975 17.531943 -13.391890 -0.539564 0.809509 -0.057829 -0.224102
103.100000000 -64.038412 17.505837 -13.506864 -0.539161 0.809937 -0.057894 -0.223507
103.200000000 -64.119790 17.496554 -13.604604 -0.538344 0.810776 -0.056375 -0.222822
103.300000000 -64.266118 17.407477 -13.865092 -0.537946 0.810578 -0.054530 -0.224955
103.400000000 -64.325754 17.405968 -13.908424 -0.538160 0.810200 -0.056247 -0.225379
103.500000000 -64.357154 17.424033 -13.923699 -0.537057 0.812200 -0.055125 -0.221047
103.600000000 -64.452854 17.362297 -14.122520 -0.536011 0.813457 -0.052389 -0.219625
103.700000000 -64.528707 17.359484 -14.168840 -0.536227 0.813003 -0.053836 -0.220430
103.800000000 -64.615246 17.307450 -14.324117 -0.535344 0.814130 -0.052601 -0.218704
103.900000000 -64.666024 17.241505 -14.451177 -0.535853 0.813739 -0.055403 -0.218224
104.000000000 -64.696000 17.244521 -14.492431 -0.533755 0.816698 -0.050410 -0.213467
104.100000000 -64.670683 17.159319 -14.608892 -0.534202 0.815962 -0.052454 -0.214669
104.200000000 -64.766999 17.098211 -14.783484 -0.533318 0.817211 -0.050645 -0.212539
104.300000000 -64.636125 17.077903 -14.752199 -0.533062 0.818574 -0.050420 -0.207942
104.400000000 -64.684844 17.028603 -14.865303 -0.533328 0.817961 -0.050688 -0.209598
104.500000000 -64.785558 16.921277 -15.099631 -0.533503 0.816665 -0.050938 -0.214097
104.600000000 -64.719884 16.884539 -15.119741 -0.535130 0.815409 -0.056587 -0.213406
104.700000000 -64.549702 16.836825 -15.121025 -0.533542 0.817812 -0.053706 -0.208886
104.800000000 -64.718440 16.758889 -15.324889 -0.535894 0.813959 -0.059273 -0.216273
104.900000000 -64.845046 16.718931 -15.450750 -0.535654 0.814458 -0.060940 -0.214519
105.000000000 -64.945316 16.698033 -15.547875 -0.535250 0.814823 -0.058748 -0.214753
105.100000000 -64.736837 16.529634 -15.635463 -0.539345 0.811332 -0.062356 -0.216699
105.200000000 -64.784198 16.478831 -15.744085 -0.546853 0.805536 -0.066938 -0.218133
105.300000000 -64.912384 16.435162 -15.877571 -0.549366 0.804093 -0.065512 -0.217577
105.400000000 -64.919867 16.284069 -16.023857 -0.551268 0.799692 -0.071350 -0.226950
105.500000000 -64.644685 16.257703 -15.990297 -0.550178 0.805154 -0.061939 -0.212592
105.600000000 -64.830607 16.165840 -16.205489 -0.552579 0.800930 -0.069788 -0.219766
105.700000000 -64.800169 16.105387 -16.261485 -0.553682 0.799141 -0.074665 -0.221888
105.800000000 -63.781894 15.796447 -16.224882 -0.548701 0.804592 -0.059655 -0.219091
105.900000000 -63.697734 15.765565 -16.223538 -0.548628 0.805085 -0.060675 -0.217171
106.000000000 -63.826152 15.685857 -16.409342 -0.549377 0.802715 -0.062038 -0.223571
106.100000000 -63.924678 15.617272 -16.561839 -0.549375 0.802481 -0.063231 -0.224083
106.200000000 -63.882260 15.602989 -16.565780 -0.549773 0.802780 -0.064670 -0.221612
106.300000000 -63.907907 15.557437 -16.649686 -0.549943 0.802878 -0.065643 -0.220547
106.400000000 -64.271142 15.498111 -16.939595 -0.548261 0.803138 -0.061441 -0.224953
106.500000000 -64.260676 15.454931 -16.988843 -0.548594 0.802655 -0.064060 -0.225136
106.600000000 -64.198789 15.292610 -17.113057 -0.551257 0.794547 -0.075648 -0.243080
106.700000000 -64.731638 15.440500 -17.259330 -0.543280 0.806633 -0.060802 -0.224706
106.800000000 -64.563998 15.397871 -17.261987 -0.544411 0.806834 -0.060323 -0.221355
106.900000000 -64.611590 15.409804 -17.273998 -0.545854 0.805619 -0.064656 -0.221001
107.000000000 -64.750082 15.473534 -17.317743 -0.540565 0.814571 -0.053458 -0.203485
107.100000000 -64.976212 15.380267 -17.566032 -0.543888 0.807672 -0.060268 -0.219590
107.200000000 -65.162135 15.624763 -17.258312 -0.530293 0.827568 -0.046330 -0.178252
107.300000000 -65.207194 15.438656 -17.617000 -0.534251 0.819294 -0.050413 -0.201968
107.400000000 -65.089153 15.430944 -17.627273 -0.536123 0.817940 -0.053024 -0.201828
107.500000000 -65.178707 15.380963 -17.772562 -0.539114 0.813060 -0.056092 -0.212471
107.600000000 -66.582730 14.978303 -19.219384 -0.523255 0.814757 -0.020611 -0.248900
107.700000000 -66.515952 15.180501 -19.176970 -0.528392 0.815426 -0.013765 -0.235994
107.800000000 -66.591670 15.188263 -19.110667 -0.516697 0.827965 -0.008687 -0.217769
107.900000000 -66.577115 15.235992 -19.042575 -0.514320 0.831142 -0.008652 -0.211192
108.000000000 -66.630192 15.251343 -19.042672 -0.511522 0.834192 -0.006773 -0.205970
108.100000000 -66.623901 15.201670 -19.105165 -0.517198 0.826527 -0.016840 -0.221529
108.200000000 -66.661485 15.091524 -19.313971 -0.519206 0.822657 -0.020082 -0.230775
108.300000000 -66.801243 15.053605 -19.538933 -0.524566 0.815498 -0.024130 -0.243332
108.400000000 -66.892133 14.983402 -19.818476 -0.532117 0.805527 -0.029232 -0.259081
108.500000000 -67.026321 14.895453 -19.844873 -0.529708 0.804322 -0.034971 -0.266930
108.600000000 -67.036494 14.747423 -20.045141 -0.534059 0.795798 -0.042095 -0.282336
108.700000000 -67.126307 14.801867 -20.034195 -0.533123 0.797445 -0.039614 -0.279807
108.800000000 -67.266063 14.747784 -20.202581 -0.538069 0.788069 -0.046173 -0.295459
108.900000000 -67.469642 14.499096 -20.598089 -0.553127 0.756689 -0.069360 -0.341558
109.000000000 -67.324333 14.723117 -20.523093 -0.521859 0.658293 -0.226758 -0.492844
109.100000000 -67.316307 14.572573 -20.562593 0.522696 -0.644184 0.232865 0.507533
109.200000000 -67.218329 14.605379 -20.572331 0.524200 -0.639485 0.237596 0.509727
109.300000000 -67.585102 14.098657 -20.941006 0.516525 -0.645322 0.223636 0.516477
109.400000000 -69.305587 12.510687 -21.839383 0.478252 -0.647361 0.166676 0.569577
109.500000000 -69.375370 12.490220 -21.874298 0.478224 -0.645030 0.167024 0.572137
109.600000000 -69.312642 12.563415 -21.801036 0.477715 -0.646972 0.169331 0.569686
109.700000000 -67.508700 14.229967 -20.926801 0.522054 -0.624646 0.236711 0.530326
109.800000000 -67.199403 14.867446 -20.219517 -0.481757 0.733205 -0.170259 -0.448701
109.900000000 -67.216796 14.882605 -20.273831 -0.483751 0.727637 -0.172922 -0.454563
110.000000000 -67.103768 14.833545 -20.611293 -0.486731 0.722097 -0.166580 -0.462515
110.100000000 -67.319345 13.861292 -21.234905 0.546954 -0.551317 0.193815 0.599438
110.200000000 -66.558235 13.132733 -21.819946 0.542633 -0.551994 0.189955 0.603961
110.300000000 -66.735112 13.005156 -21.884496 0.471254 -0.683800 0.066379 0.553110
110.400000000 -66.754510 13.030434 -21.881329 0.472004 -0.682113 0.067034 0.554473
110.500000000 -66.861643 12.993260 -21.903522 0.474758 -0.672198 0.069592 0.563837
110.600000000 -66.842345 13.099501 -21.879603 0.472947 -0.679559 0.066954 0.556811
110.700000000 -66.849431 13.087542 -21.874659 0.474751 -0.674769 0.069552 0.560769
110.800000000 -66.855116 13.118605 -21.858074 0.474724 -0.674386 0.070483 0.561136
110.900000000 -66.878934 13.240998 -21.785307 0.470976 -0.682247 0.068045 0.555059
111.000000000 -66.904444 13.328887 -21.761797 0.470498 -0.684712 0.066898 0.552562
111.100000000 -66.941159 13.383556 -21.726910 0.470864 -0.683418 0.068133 0.553701
111.200000000 -66.983371 13.457974 -21.697687 0.471737 -0.681711 0.069281 0.554919
111.300000000 -67.040977 13.495971 -21.706455 0.472464 -0.678813 0.069903 0.557767
111.400000000 -67.021811 13.600598 -21.650780 0.470649 -0.684549 0.068803 0.552403
111.500000000 -67.077015 13.662927 -21.621296 0.470231 -0.683654 0.069485 0.553780
111.600000000 -67.149426 13.703138 -21.583746 0.470063 -0.681470 0.070596 0.556466
111.700000000 -67.172178 13.773883 -21.557319 0.469295 -0.682717 0.071150 0.555515
111.800000000 -67.225594 13.836259 -21.524944 0.469505 -0.681916 0.071293 0.556303
111.900000000 -67.293281 13.873543 -21.510781 0.469415 -0.680455 0.071632 0.558121
112.000000000 -67.314356 13.963751 -21.478004 0.468445 -0.682367 0.071600 0.556605
112.100000000 -67.363480 14.022743 -21.407270 0.468244 -0.681223 0.073339 0.557947
112.200000000 -67.445686 14.041300 -21.386328 0.467881 -0.678606 0.074446 0.561283
112.300000000 -67.419086 14.129500 -21.324161 0.465143 -0.685620 0.072723 0.555229
112.400000000 -67.412348 14.253149 -21.315843 0.464569 -0.691191 0.069149 0.549227
112.500000000 -67.430603 14.355724 -21.222549 0.463220 -0.692945 0.070899 0.547931
112.600000000 -67.452054 14.439893 -21.213046 0.461749 -0.696578 0.069496 0.544736
112.700000000 -67.514947 14.461074 -21.198465 0.462402 -0.693147 0.070335 0.548439
112.800000000 -67.582582 14.531594 -21.136972 0.462094 -0.692742 0.071190 0.549099
112.900000000 -67.781841 14.505819 -21.111265 0.465572 -0.677727 0.076538 0.563977
113.000000000 -67.669259 14.607951 -21.044359 0.466167 -0.680257 0.076819 0.560390
113.100000000 -67.645886 14.638811 -21.003983 0.469174 -0.670760 0.081384 0.568624
113.200000000 -67.574932 14.751595 -20.946362 0.467116 -0.677752 0.078940 0.562337
113.300000000 -67.625876 14.789961 -20.930215 0.466733 -0.677355 0.078841 0.563148
113.400000000 -67.702263 14.853800 -20.933848 0.466791 -0.676174 0.078508 0.564564
113.500000000 -67.707091 14.942721 -20.937312 0.465800 -0.678939 0.077014 0.562265
113.600000000 -67.679443 15.061942 -20.927908 0.464540 -0.684482 0.073966 0.556970
113.700000000 -67.711174 15.118475 -20.907309 0.464514 -0.685112 0.073566 0.556271
113.800000000 -67.804955 15.111541 -20.865443 0.464696 -0.681212 0.075120 0.560683
113.900000000 -67.687006 15.244509 -20.849622 0.464255 -0.688749 0.071039 0.552310
114.000000000 -67.682620 15.260947 -20.837377 0.463546 -0.687959 0.070609 0.553941
114.100000000 -67.689755 15.330011 -20.768510 0.465031 -0.683224 0.073684 0.558142
114.200000000 -67.719920 15.344898 -20.762637 0.464345 -0.682166 0.073283 0.560056
114.300000000 -67.717916 15.376231 -20.736428 0.463962 -0.680386 0.074096 0.562427
114.400000000 -67.749352 15.430440 -20.704809 0.463596 -0.680043 0.073630 0.563204
114.500000000 -67.775928 15.505169 -20.670046 0.463464 -0.680396 0.073281 0.562932
114.600000000 -67.656555 15.565359 -20.643514 0.464628 -0.681343 0.073219 0.560831
114.700000000 -67.604956 15.629671 -20.624270 0.464882 -0.682982 0.072053 0.558774
114.800000000 -67.615620 15.668708 -20.603631 0.464369 -0.682899 0.071385 0.559388
114.900000000 -67.629453 15.709516 -20.587580 0.463843 -0.683100 0.070535 0.559687
115.000000000 -67.636648 15.755736 -20.576139 0.463220 -0.684218 0.069171 0.559007
115.100000000 -67.641086 15.781138 -20.549074 0.463770 -0.682709 0.069904 0.560303
115.200000000 -67.568639 15.792771 -20.543746 0.464789 -0.683283 0.069145 0.558851
115.300000000 -67.523134 15.332172 -20.885027 0.433264 -0.504754 0.230442 0.710213
115.400000000 -67.496386 15.410359 -20.896849 0.433948 -0.504693 0.230780 0.709729
115.500000000 -67.398467 15.528291 -20.983360 0.434082 -0.514824 0.227633 0.703357
115.600000000 -67.391461 15.545096 -20.984080 0.433141 -0.515355 0.226632 0.703872
115.700000000 -67.371929 15.614073 -21.000966 0.433205 -0.516483 0.226431 0.703070
115.800000000 -67.378939 15.646082 -20.996108 0.432762 -0.514919 0.226618 0.704429
115.900000000 -67.313516 15.747910 -21.051128 0.433049 -0.521031 0.224333 0.700479
116.000000000 -66.659850 15.318378 -21.399798 0.431019 -0.521816 0.221756 0.701965
116.100000000 -66.155349 15.424869 -21.661826 0.432514 -0.534619 0.218643 0.692321
116.200000000 -65.814145 15.230540 -21.812988 0.432220 -0.526551 0.221696 0.697697
116.300000000 -65.544299 15.252107 -21.977502 0.432415 -0.535955 0.216809 0.691927
116.400000000 -65.402634 15.285835 -22.050404 0.432234 -0.537646 0.215932 0.691002
116.500000000 -65.402347 15.329215 -22.055081 0.431774 -0.537255 0.215877 0.691611
116.600000000 -65.369485 15.379721 -22.080879 0.432168 -0.538109 0.216010 0.690658
116.700000000 -65.384157 15.413439 -22.077701 0.430709 -0.537828 0.216483 0.691640
116.800000000 -65.326775 15.484353 -22.110906 0.431226 -0.540147 0.216111 0.689624
116.900000000 -65.322563 15.516413 -22.127859 0.430607 -0.541455 0.215275 0.689246
117.000000000 -65.382544 15.605433 -22.111458 0.430084 -0.542529 0.214639 0.688927
117.100000000 -65.367464 15.650930 -22.137118 0.429694 -0.545073 0.213644 0.687470
117.200000000 -65.380610 15.740348 -22.146231 0.429236 -0.547408 0.212729 0.686183
117.300000000 -65.384222 15.777367 -22.156933 0.428927 -0.546870 0.212361 0.686919
117.400000000 -65.291618 15.791383 -22.223077 0.429602 -0.547705 0.212101 0.685911
117.500000000 -65.204119 15.817689 -22.277557 0.429999 -0.548772 0.212456 0.684698
117.600000000 -65.079718 15.826649 -22.350178 0.430787 -0.548747 0.212595 0.684180
117.700000000 -65.031769 15.886176 -22.395347 0.430930 -0.551061 0.212024 0.682405
117.800000000 -65.052117 15.951756 -22.413841 0.430537 -0.551964 0.211317 0.682143
117.900000000 -65.064427 15.991423 -22.427564 0.430742 -0.550342 0.211959 0.683123
118.000000000 -65.017215 16.023990 -22.475090 0.431014 -0.550582 0.211801 0.682808
118.100000000 -64.978941 16.070980 -22.519774 0.431349 -0.550437 0.211974 0.682660
118.200000000 -64.857623 16.156925 -22.589723 0.430793 -0.554783 0.210330 0.679996
118.300000000 -64.828204 16.194848 -22.630009 0.430380 -0.552632 0.210475 0.681961
118.400000000 -64.852098 16.193095 -22.657795 0.430775 -0.551137 0.210932 0.682780
118.500000000 -64.778200 16.248128 -22.718654 0.430902 -0.552387 0.210697 0.681762
118.600000000 -64.773327 16.300921 -22.756717 0.430910 -0.553168 0.210107 0.681305
118.700000000 -64.754360 16.301461 -22.799070 0.430615 -0.551114 0.210323 0.683088
118.800000000 -64.688342 16.335639 -22.866985 0.431056 -0.553083 0.209903 0.681344
118.900000000 -64.603802 16.482424 -22.917048 0.430370 -0.556985 0.208569 0.679005
119.000000000 -64.633961 16.540014 -22.944642 0.429757 -0.556267 0.208087 0.680130
119.100000000 -64.581442 16.520089 -23.008884 0.429847 -0.554562 0.208704 0.681275
119.200000000 -64.571944 16.557362 -23.052867 0.429691 -0.553203 0.208626 0.682501
119.300000000 -65.722936 15.775341 -22.863934 0.372353 -0.554960 0.164423 0.725492
119.400000000 -65.607525 15.765654 -22.948942 0.372952 -0.554392 0.164860 0.725518
119.500000000 -65.511058 15.804581 -23.005778 0.373132 -0.554370 0.165677 0.725257
119.600000000 -65.434754 15.822110 -23.074287 0.373463 -0.553970 0.165861 0.725350
119.700000000 -65.362458 15.865356 -23.140815 0.373550 -0.555265 0.165423 0.724414
119.800000000 -65.248771 15.875516 -23.219228 0.374503 -0.554457 0.166125 0.724381
119.900000000 -65.189669 15.898564 -23.280038 0.375205 -0.552939 0.166703 0.725045
120.000000000 -65.089012 15.910376 -23.367441 0.375958 -0.554584 0.167032 0.723321
120.100000000 -65.096600 16.083431 -23.375672 0.369315 -0.559039 0.161337 0.724605
120.200000000 -65.048147 16.053157 -23.446385 0.369691 -0.558814 0.161352 0.724583
120.300000000 -64.951137 16.042193 -23.519317 0.370684 -0.558597 0.162226 0.724048
120.400000000 -64.878952 16.083420 -23.584591 0.371781 -0.558260 0.162606 0.723660
120.500000000 -64.822607 16.143184 -23.645847 0.372187 -0.559809 0.162201 0.722344
120.600000000 -64.730254 16.153818 -23.723708 0.372937 -0.560336 0.162252 0.721537
120.700000000 -64.670211 16.153631 -23.787538 0.373545 -0.560267 0.162287 0.721268
120.800000000 -64.589128 16.446852 -23.816566 0.368709 -0.567052 0.156881 0.719648
120.900000000 -64.535963 16.374074 -23.887763 0.369073 -0.566087 0.157211 0.720149
121.000000000 -64.498371 16.364390 -23.934779 0.369424 -0.565042 0.157386 0.720751
121.100000000 -64.431046 16.346641 -24.003414 0.369939 -0.564979 0.157471 0.720518
121.200000000 -64.389709 16.339144 -24.063128 0.370348 -0.564890 0.157578 0.720355
121.300000000 -64.343559 16.302701 -24.126070 0.370900 -0.564466 0.157769 0.720361
121.400000000 -64.322629 16.245119 -24.165501 0.371512 -0.560685 0.158708 0.722788
121.500000000 -64.241505 16.279208 -24.219436 0.372037 -0.560536 0.158898 0.722592
121.600000000 -64.094756 16.488063 -24.260764 0.370952 -0.564636 0.157758 0.720203
121.700000000 -63.987183 16.547461 -24.310481 0.370635 -0.567768 0.157197 0.718024
121.800000000 -63.931393 16.581498 -24.346422 0.370264 -0.566332 0.156933 0.719406
121.900000000 -63.894876 16.539691 -24.397265 0.370080 -0.566130 0.156817 0.719685
122.000000000 -63.819008 16.604299 -24.438577 0.370154 -0.566906 0.156753 0.719049
122.100000000 -63.846452 16.505249 -24.463319 0.370365 -0.562109 0.157102 0.722621
122.200000000 -63.832669 16.443552 -24.505668 0.370045 -0.561457 0.156905 0.723335
122.300000000 -63.645498 16.577044 -24.581037 0.370794 -0.567179 0.156809 0.718492
122.400000000 -63.557375 16.661578 -24.629693 0.371669 -0.566590 0.156706 0.718527
122.500000000 -63.557250 16.646642 -24.654001 0.370687 -0.564703 0.155995 0.720671
122.600000000 -63.554356 16.610511 -24.667031 0.370379 -0.561982 0.155842 0.722986
122.700000000 -63.525033 16.573422 -24.702966 0.370187 -0.561869 0.155352 0.723277
122.800000000 -63.432869 16.691059 -24.721564 0.369939 -0.562162 0.155276 0.723194
122.900000000 -63.197367 16.888530 -24.794018 0.368642 -0.574425 0.153516 0.714543
123.000000000 -63.143365 16.890764 -24.821746 0.368633 -0.573843 0.153774 0.714960
123.100000000 -63.135045 16.872987 -24.820080 0.368898 -0.569678 0.154245 0.718046
123.200000000 -63.077046 16.890891 -24.854053 0.368322 -0.572039 0.153643 0.716592
123.300000000 -63.007163 16.910803 -24.880976 0.368144 -0.572652 0.153526 0.716219
123.400000000 -62.882537 17.019006 -24.917977 0.367572 -0.578539 0.152479 0.711993
123.500000000 -62.704950 17.182355 -24.938824 0.367245 -0.582957 0.152116 0.708627
123.600000000 -62.572848 17.284888 -24.949451 0.367390 -0.584426 0.152351 0.707291
123.700000000 -62.489413 17.349093 -24.948484 0.368188 -0.582731 0.153174 0.708096
123.800000000 -62.422374 17.373493 -24.955725 0.367704 -0.584033 0.152718 0.707373
123.900000000 -62.370782 17.354660 -24.968130 0.367146 -0.585172 0.152303 0.706811
124.000000000 -62.300245 17.369267 -24.973336 0.367771 -0.584293 0.152981 0.707066
124.100000000 -62.283404 17.446119 -24.891783 0.368031 -0.576052 0.153958 0.713452
124.200000000 -62.153569 17.565016 -24.902849 0.366365 -0.582876 0.152334 0.709103
124.300000000 -62.042748 17.659877 -24.905985 0.364365 -0.588816 0.150477 0.705614
124.400000000 -61.867022 17.817720 -24.905506 0.364308 -0.594975 0.150369 0.700481
124.500000000 -61.710757 17.959176 -24.892476 0.364426 -0.599309 0.150480 0.696691
124.600000000 -61.572290 18.041832 -24.881149 0.365413 -0.602511 0.151281 0.693230
124.700000000 -61.499125 18.067514 -24.859335 0.365513 -0.602519 0.151346 0.693156
124.800000000 -61.389366 18.158979 -24.822874 0.365148 -0.604757 0.151119 0.691447
124.900000000 -61.284340 18.247852 -24.774724 0.363965 -0.606162 0.150633 0.690947
125.000000000 -61.127465 18.372711 -24.733585 0.363587 -0.610050 0.150860 0.687666
125.100000000 -60.995628 18.523236 -24.668621 0.363827 -0.611117 0.151398 0.686473
125.200000000 -60.904135 18.583922 -24.616092 0.363665 -0.612130 0.151575 0.685616
125.300000000 -60.839507 18.569138 -24.576783 0.363469 -0.612867 0.151454 0.685088
125.400000000 -60.763843 18.628573 -24.525097 0.363513 -0.614420 0.151509 0.683660
125.500000000 -60.787468 18.515685 -24.480915 0.360543 -0.613738 0.149383 0.686308
125.600000000 -60.618620 18.709256 -24.401874 0.360483 -0.617613 0.149561 0.682816
125.700000000 -60.585792 18.694597 -24.327567 0.359769 -0.615429 0.149558 0.685162
125.800000000 -60.576136 18.593569 -24.292838 0.358148 -0.615749 0.148098 0.686040
125.900000000 -60.465349 18.725117 -24.192192 0.358360 -0.616850 0.148649 0.684820
126.000000000 -60.401831 18.804321 -24.080349 0.358218 -0.613781 0.148917 0.687587
126.100000000 -60.231651 18.957019 -24.005811 0.357025 -0.618876 0.147992 0.683830
126.200000000 -60.138264 19.044963 -23.908150 0.356833 -0.618819 0.148106 0.683957
126.300000000 -60.075900 19.044373 -23.820493 0.358034 -0.617163 0.150044 0.684404
126.400000000 -59.948853 19.119787 -23.769052 0.357019 -0.623007 0.148526 0.679956
126.500000000 -59.881875 19.186378 -23.667463 0.356824 -0.623439 0.148679 0.679628
126.600000000 -59.727113 19.381505 -23.543064 0.354815 -0.626573 0.147542 0.678044
126.700000000 -59.746006 19.291847 -23.456909 0.354851 -0.621992 0.147921 0.682148
126.800000000 -59.624844 19.341853 -23.389994 0.353671 -0.627273 0.146853 0.678144
126.900000000 -59.561423 19.369049 -23.288130 0.354009 -0.625461 0.147222 0.679560
127.000000000 -59.416492 19.475908 -23.199067 0.353978 -0.629770 0.147558 0.675512
127.100000000 -59.309296 19.581830 -23.085703 0.354012 -0.630436 0.148014 0.674772
127.200000000 -59.188727 19.729465 -22.944750 0.353634 -0.630773 0.148739 0.674497
127.300000000 -59.042683 19.845725 -22.854569 0.353985 -0.634654 0.148885 0.670628
127.400000000 -58.953544 19.913787 -22.738249 0.353547 -0.635034 0.149269 0.670414
127.500000000 -58.846204 19.984842 -22.666144 0.353408 -0.638870 0.148535 0.666997
127.600000000 -58.792824 19.945546 -22.570352 0.352125 -0.639801 0.148216 0.666854
127.700000000 -58.612080 20.211313 -22.439466 0.351811 -0.645733 0.148002 0.661327
127.800000000 -58.504837 20.230058 -22.358368 0.351675 -0.647229 0.148087 0.659916
127.900000000 -58.512221 20.188606 -22.246118 0.351983 -0.643219 0.149311 0.663388
128.000000000 -58.469374 20.196522 -22.136667 0.351565 -0.642568 0.149743 0.664142
128.100000000 -58.364283 20.281413 -22.043193 0.349534 -0.646094 0.147758 0.662235
128.200000000 -58.302368 20.322496 -21.941970 0.348361 -0.647836 0.147172 0.661282
128.300000000 -58.237276 20.345017 -21.833607 0.348464 -0.646184 0.147736 0.662716
128.400000000 -58.093823 20.466226 -21.729626 0.347510 -0.650859 0.147083 0.658777
128.500000000 -57.996042 20.523883 -21.619782 0.348045 -0.650481 0.148434 0.658564
128.600000000 -57.888729 20.569847 -21.554887 0.348321 -0.655755 0.147186 0.653449
128.700000000 -57.842976 20.613660 -21.439177 0.347509 -0.654206 0.147488 0.655362
128.800000000 -57.793375 20.763365 -21.286057 0.345830 -0.652747 0.147183 0.657769
128.900000000 -57.648630 20.925072 -21.182302 0.345535 -0.657607 0.146543 0.653211
129.000000000 -57.587484 20.882322 -21.114376 0.345760 -0.657712 0.147186 0.652841
129.100000000 -57.534932 20.843965 -21.044654 0.346160 -0.658269 0.147700 0.651951
129.200000000 -57.511476 20.843473 -20.943976 0.345340 -0.657157 0.147765 0.653491
129.300000000 -57.431536 20.903815 -20.845795 0.345387 -0.657360 0.148432 0.653111
129.400000000 -57.357638 20.976529 -20.754233 0.344573 -0.659932 0.147694 0.651112
129.500000000 -57.252212 21.080213 -20.655125 0.345804 -0.660056 0.149306 0.649964
129.600000000 -57.167994 21.054729 -20.587052 0.346349 -0.660193 0.150225 0.649322
129.700000000 -57.144546 20.978821 -20.541105 0.346451 -0.660886 0.150372 0.648529
129.800000000 -57.077695 21.070205 -20.434496 0.346505 -0.659912 0.151107 0.649321
129.900000000 -57.056445 21.076475 -20.356321 0.346809 -0.659291 0.151797 0.649628
130.000000000 -57.006457 21.101094 -20.288568 0.345734 -0.661546 0.150522 0.648204
130.100000000 -57.084763 20.766877 -20.331694 0.336894 -0.667504 0.142744 0.648510
130.200000000 -57.161059 20.518969 -20.327856 0.295489 -0.671874 0.103211 0.671282
130.300000000 -57.310554 20.858859 -20.164134 0.295459 -0.673751 0.102806 0.669473
130.400000000 -57.328279 20.843058 -20.100815 0.295908 -0.672139 0.103682 0.670759
130.500000000 -58.224544 20.415540 -20.081767 0.241313 -0.660849 0.043086 0.709359
130.600000000 -60.114277 19.443583 -20.302693 0.092547 -0.645563 -0.129167 0.746994
130.700000000 -59.552631 19.362944 -20.387953 0.013040 -0.640509 -0.206021 0.739685
130.800000000 -59.535370 19.348557 -20.356044 0.008023 -0.646977 -0.204922 0.734414
130.900000000 -59.471189 19.318698 -20.329966 0.006239 -0.649132 -0.204957 0.732517
131.000000000 -59.301845 19.299566 -20.317223 0.002469 -0.654883 -0.203573 0.727791
131.100000000 -58.872981 19.291170 -20.303209 0.005659 -0.650650 -0.206472 0.730747
131.200000000 -58.815070 19.335976 -20.257058 0.004716 -0.649997 -0.208050 0.730887
131.300000000 -58.855704 19.303196 -20.228994 0.005207 -0.648642 -0.208696 0.731903
131.400000000 -58.929073 19.289886 -20.188305 0.005712 -0.646843 -0.209478 0.733267
131.500000000 -58.735082 19.252804 -20.184729 0.007649 -0.645736 -0.210109 0.734044
131.600000000 -58.809252 19.231059 -20.153532 0.006787 -0.644633 -0.211310 0.734677
131.700000000 -58.694550 19.257857 -20.118915 0.007936 -0.641962 -0.213033 0.736505
131.800000000 -58.620786 19.217049 -20.110951 0.009255 -0.640254 -0.213135 0.737944
131.900000000 -58.696161 19.157647 -20.101401 0.009935 -0.638683 -0.213650 0.739147
132.000000000 -58.638370 19.132824 -20.089261 0.012712 -0.635910 -0.214124 0.741356
132.100000000 -58.648727 19.093941 -20.088364 0.012367 -0.636406 -0.213846 0.741015
132.200000000 -58.311148 19.144975 -20.073912 0.015883 -0.627524 -0.219609 0.746816
132.300000000 -58.116152 19.159425 -20.084832 0.015282 -0.629629 -0.219795 0.744999
132.400000000 -57.988958 19.093083 -20.117643 0.014733 -0.632012 -0.219170 0.743174
132.500000000 -57.884290 19.030539 -20.142158 0.014183 -0.633898 -0.218216 0.741858
132.600000000 -57.853841 18.975857 -20.159828 0.015259 -0.633121 -0.217861 0.742604
132.700000000 -57.901448 18.976641 -20.148064 0.016423 -0.630120 -0.219106 0.744762
132.800000000 -57.469705 19.023815 -20.167769 0.013696 -0.631042 -0.221755 0.743252
132.900000000 -57.419666 18.940949 -20.210641 0.014124 -0.632643 -0.220486 0.742260
133.000000000 -57.427718 18.900536 -20.230362 0.014084 -0.633169 -0.219999 0.741956
133.100000000 -57.469018 18.860536 -20.247636 0.014976 -0.631800 -0.220172 0.743054
133.200000000 -57.496384 18.807971 -20.277768 0.014160 -0.633783 -0.219316 0.741633
133.300000000 -57.470158 18.752582 -20.309401 0.015155 -0.632950 -0.219044 0.742405
133.400000000 -57.529092 18.778281 -20.306404 0.014970 -0.631619 -0.220257 0.743182
133.500000000 -57.815039 18.781657 -20.293318 0.012925 -0.630300 -0.221315 0.744026
133.600000000 -58.003728 18.782801 -20.288043 0.014177 -0.627181 -0.222089 0.746404
133.700000000 -58.640900 18.763350 -20.232897 0.017705 -0.620656 -0.221254 0.752010
133.800000000 -57.659148 18.789626 -20.359489 0.013061 -0.628602 -0.221539 0.745392
133.900000000 -57.823743 18.656632 -20.426048 0.014281 -0.628725 -0.220676 0.745522
134.000000000 -57.805080 18.616116 -20.462246 0.016051 -0.626398 -0.220847 0.747392
134.100000000 -57.724955 18.707466 -20.450077 0.017608 -0.622499 -0.222554 0.750103
134.200000000 -57.662405 18.666471 -20.499570 0.017669 -0.622198 -0.222307 0.750425
134.300000000 -57.503149 18.641109 -20.564785 0.016481 -0.624051 -0.222057 0.748986
134.400000000 -57.351835 18.567422 -20.631384 0.020381 -0.622661 -0.220858 0.750400
134.500000000 -57.220252 18.541950 -20.692386 0.020696 -0.624082 -0.219759 0.749533
134.600000000 -57.166088 18.517353 -20.741536 0.020787 -0.623668 -0.220571 0.749636
134.700000000 -57.009730 18.408783 -20.853540 0.019277 -0.627700 -0.219467 0.746629
134.800000000 -56.902950 18.369190 -20.903162 0.022252 -0.625219 -0.218186 0.749000
134.900000000 -56.771593 18.361682 -20.968196 0.022253 -0.626472 -0.217474 0.748159
135.000000000 -56.643510 18.286836 -21.054169 0.023560 -0.628927 -0.215088 0.746748
135.100000000 -56.562023 18.352509 -21.081877 0.021991 -0.626199 -0.218721 0.748032
135.200000000 -56.407698 18.192645 -21.210997 0.022699 -0.629380 -0.216419 0.746009
135.300000000 -56.270842 18.123351 -21.293671 0.021039 -0.633665 -0.215127 0.742796
135.400000000 -56.190941 18.244976 -21.280912 0.021394 -0.630524 -0.216363 0.745096
135.500000000 -56.044432 18.217596 -21.353880 0.019664 -0.634446 -0.215106 0.742174
135.600000000 -55.885853 18.161078 -21.445226 0.015712 -0.641565 -0.213396 0.736620
135.700000000 -55.785125 18.153125 -21.504334 0.013196 -0.641304 -0.215047 0.736417
135.800000000 -55.621564 18.034619 -21.617604 0.012669 -0.645259 -0.212717 0.733643
135.900000000 -55.458922 17.935803 -21.728513 0.011931 -0.649836 -0.210022 0.730385
136.000000000 -55.333642 17.929912 -21.792924 0.010527 -0.652218 -0.209083 0.728550
136.100000000 -55.203587 17.910511 -21.860363 0.010725 -0.653566 -0.207931 0.727668
136.200000000 -55.054303 17.824349 -21.969412 0.009440 -0.657602 -0.206117 0.724559
136.300000000 -54.893568 17.750602 -22.084175 0.006445 -0.662924 -0.204437 0.720205
136.400000000 -54.754215 17.701619 -22.183497 0.006014 -0.665267 -0.203221 0.718390
136.500000000 -54.663338 17.899133 -22.176429 0.000141 -0.663196 -0.208882 0.718707
136.600000000 -54.521809 17.804425 -22.284277 0.001065 -0.664684 -0.207130 0.717838
136.700000000 -54.380220 17.712341 -22.393298 0.001123 -0.666663 -0.205549 0.716456
136.800000000 -54.237779 17.643865 -22.497807 0.001495 -0.667771 -0.204439 0.715741
136.900000000 -54.094849 17.558851 -22.610550 0.002331 -0.669048 -0.202857 0.714995
137.000000000 -53.928823 17.545973 -22.716635 -0.004323 -0.672202 -0.205628 0.711226
137.100000000 -53.776813 17.444001 -22.842672 -0.003009 -0.674131 -0.203422 0.710040
137.200000000 -53.644740 17.411880 -22.945068 -0.002648 -0.675438 -0.202893 0.708950
137.300000000 -53.497825 17.356388 -23.049312 -0.002832 -0.677099 -0.201879 0.707654
137.400000000 -53.354643 17.375214 -23.137230 -0.002960 -0.677951 -0.201644 0.706905
137.500000000 -53.210819 17.315803 -23.255908 -0.003016 -0.679766 -0.201111 0.705311
137.600000000 -53.044705 17.301678 -23.361915 -0.003500 -0.680765 -0.201476 0.704240
137.700000000 -52.943256 17.262267 -23.455715 -0.001998 -0.679040 -0.201246 0.705975
137.800000000 -52.798184 17.194354 -23.578982 -0.002472 -0.681699 -0.200321 0.703670
137.900000000 -52.662968 17.197765 -23.670445 -0.003277 -0.681677 -0.201149 0.703452
138.000000000 -52.572933 17.189700 -23.763372 -0.003500 -0.681771 -0.201095 0.703375
138.100000000 -52.554521 17.116277 -23.874993 -0.003325 -0.682477 -0.200560 0.702844
138.200000000 -53.189975 17.146717 -23.906488 -0.002420 -0.679255 -0.202184 0.705499
138.300000000 -53.351754 17.136214 -23.969990 -0.001195 -0.676632 -0.202618 0.707894
138.400000000 -53.188575 17.118197 -24.073711 -0.000712 -0.676602 -0.203066 0.707794
138.500000000 -53.047557 17.088086 -24.181690 -0.000604 -0.677032 -0.202917 0.707427
138.600000000 -52.849382 17.115802 -24.274424 -0.000837 -0.676946 -0.203010 0.707482
138.700000000 -52.982256 17.079963 -24.354338 -0.000333 -0.675797 -0.203279 0.708502
138.800000000 -52.936180 17.100929 -24.439534 -0.000475 -0.676623 -0.202762 0.707862
138.900000000 -52.806829 17.037074 -24.564538 -0.001561 -0.678692 -0.202563 0.705935
139.000000000 -52.822668 17.037569 -24.640225 0.000141 -0.675286 -0.203755 0.708853
139.100000000 -52.613993 17.009589 -24.755591 -0.000134 -0.676221 -0.203840 0.707937
139.200000000 -52.570364 16.954027 -24.865075 -0.001627 -0.678364 -0.202783 0.706186
139.300000000 -52.541008 16.994952 -24.917866 0.000370 -0.674854 -0.203427 0.709358
139.400000000 -52.382013 17.050133 -25.010179 0.001012 -0.676299 -0.202910 0.708129
139.500000000 -52.342036 16.967773 -25.115852 0.002132 -0.675600 -0.202585 0.708886
139.600000000 -52.349554 16.986743 -25.187033 0.002818 -0.674184 -0.203442 0.709985
139.700000000 -52.237021 17.001547 -25.273274 0.003597 -0.673270 -0.203837 0.710736
139.800000000 -52.175717 16.955449 -25.376143 0.002390 -0.673682 -0.204385 0.710193
139.900000000 -52.062955 16.913133 -25.470588 0.003355 -0.672014 -0.204664 0.711687
140.000000000 -51.949596 16.956242 -25.542282 0.003307 -0.672355 -0.204622 0.711377
140.100000000 -51.832285 16.963773 -25.634590 0.002422 -0.674025 -0.204441 0.709851
140.200000000 -51.773659 16.888369 -25.738576 0.002186 -0.674137 -0.204730 0.709662
140.300000000 -51.628057 16.884848 -25.824094 0.002586 -0.673649 -0.205131 0.710008
140.400000000 -51.518669 16.824362 -25.917151 0.003921 -0.672372 -0.205274 0.711170
140.500000000 -51.383727 16.885949 -25.978904 0.002684 -0.673572 -0.205486 0.709978
140.600000000 -51.337714 16.811743 -26.080509 0.002634 -0.673909 -0.205781 0.709573
140.700000000 -51.228476 16.778566 -26.159649 0.002578 -0.673419 -0.206039 0.709964
140.800000000 -51.121579 16.830459 -26.206000 0.003181 -0.672169 -0.206187 0.711102
140.900000000 -50.956220 16.831013 -26.285377 0.003481 -0.672904 -0.205795 0.710518
141.000000000 -50.774566 16.805471 -26.375523 0.002468 -0.675628 -0.204747 0.708236
141.100000000 -50.715654 16.799173 -26.435199 0.002780 -0.674832 -0.205118 0.708887
141.200000000 -50.696902 16.759367 -26.490544 0.003357 -0.672311 -0.206402 0.710905
141.300000000 -50.518876 16.797467 -26.549109 0.002819 -0.673408 -0.206257 0.709910
141.400000000 -50.445462 16.778067 -26.609598 0.002565 -0.673214 -0.206740 0.709954
141.500000000 -50.329308 16.716048 -26.697288 0.001718 -0.674420 -0.206935 0.708754
141.600000000 -50.256855 16.679642 -26.753358 0.002029 -0.673356 -0.207350 0.709643
141.700000000 -50.114703 16.694618 -26.799739 0.002011 -0.673582 -0.207220 0.709467
141.800000000 -49.963375 16.703762 -26.847625 0.001821 -0.673917 -0.206990 0.709217
141.900000000 -49.851370 16.625096 -26.921926 0.001214 -0.674954 -0.206771 0.708295
142.000000000 -49.801969 16.641394 -26.956483 0.001429 -0.674514 -0.207273 0.708567
142.100000000 -49.719617 16.639988 -26.995420 0.001572 -0.674336 -0.207405 0.708697
142.200000000 -49.602259 16.536236 -27.075371 0.001491 -0.675261 -0.207052 0.707920
142.300000000 -49.410520 16.571452 -27.091216 0.003360 -0.673544 -0.206868 0.709601
142.400000000 -49.252565 16.555635 -27.132841 0.002971 -0.674050 -0.206784 0.709146
142.500000000 -49.200703 16.538189 -27.168453 0.001887 -0.674657 -0.207128 0.708472
142.600000000 -49.160142 16.547010 -27.187033 0.000201 -0.674672 -0.208050 0.708190
142.700000000 -48.955559 16.476933 -27.239322 0.000630 -0.674135 -0.208165 0.708667
142.800000000 -48.805134 16.419862 -27.291714 -0.000148 -0.675231 -0.208015 0.707667
142.900000000 -48.743544 16.375232 -27.319606 0.000464 -0.674455 -0.208217 0.708347
143.000000000 -48.644120 16.326874 -27.352196 0.000530 -0.674518 -0.208131 0.708313
143.100000000 -48.486548 16.246984 -27.400448 0.000446 -0.675108 -0.207816 0.707843
143.200000000 -48.259325 16.166907 -27.441933 0.001293 -0.674999 -0.207383 0.708073
143.300000000 -48.099928 16.169994 -27.459239 0.001137 -0.675853 -0.206959 0.707382
143.400000000 -48.030802 16.209444 -27.456465 0.000192 -0.676693 -0.206992 0.706569
143.500000000 -47.876202 16.155010 -27.483596 0.000315 -0.677124 -0.206687 0.706246
143.600000000 -47.732084 16.107634 -27.503873 0.000301 -0.677282 -0.206568 0.706130
143.700000000 -47.589781 16.096976 -27.513334 -0.000155 -0.677923 -0.206439 0.705551
143.800000000 -47.453630 16.100117 -27.510432 0.000054 -0.677980 -0.206270 0.705547
143.900000000 -47.276085 16.069335 -27.521909 0.000057 -0.678749 -0.205709 0.704971
144.000000000 -47.115338 16.018272 -27.534991 0.000309 -0.679199 -0.205181 0.704691
144.100000000 -46.971763 15.947059 -27.550757 0.000543 -0.679369 -0.204913 0.704605
144.200000000 -46.914411 15.894931 -27.554838 0.000347 -0.678958 -0.205277 0.704895
144.300000000 -46.853406 15.868389 -27.545658 0.000374 -0.678120 -0.205836 0.705539
144.400000000 -46.764066 15.879082 -27.523157 0.000719 -0.677221 -0.206216 0.706290
144.500000000 -46.609581 15.873529 -27.521827 -0.000339 -0.678679 -0.205775 0.705019
144.600000000 -46.377923 15.823925 -27.530083 -0.000682 -0.679886 -0.205030 0.704072
144.700000000 -46.287998 15.793684 -27.517987 -0.001394 -0.679526 -0.205785 0.704198
144.800000000 -46.193674 15.724272 -27.519748 -0.001504 -0.679589 -0.205848 0.704118
144.900000000 -46.070610 15.747885 -27.490497 -0.001444 -0.679980 -0.205447 0.703858
145.000000000 -45.924314 15.736315 -27.471235 -0.001079 -0.679845 -0.205475 0.703981
145.100000000 -45.793223 15.686936 -27.463706 -0.001178 -0.680204 -0.205339 0.703673
145.200000000 -45.627710 15.634464 -27.452670 -0.000796 -0.680124 -0.205197 0.703793
145.300000000 -45.550338 15.582386 -27.440869 -0.001212 -0.680313 -0.205529 0.703513
145.400000000 -45.493982 15.551652 -27.418354 -0.001317 -0.679704 -0.205912 0.703989
145.500000000 -45.313967 15.523585 -27.399462 -0.000831 -0.680092 -0.205356 0.703778
145.600000000 -45.153155 15.499545 -27.372752 -0.000680 -0.680027 -0.205054 0.703929
145.700000000 -45.035527 15.468925 -27.346630 -0.000330 -0.679628 -0.205073 0.704309
145.800000000 -45.027092 15.395334 -27.330537 -0.000345 -0.678343 -0.205893 0.705308
145.900000000 -44.927174 15.371189 -27.301336 -0.000365 -0.678247 -0.205936 0.705387
146.000000000 -44.785893 15.310479 -27.279780 0.000146 -0.677746 -0.205911 0.705876
146.100000000 -44.725052 15.310526 -27.245613 -0.000382 -0.677770 -0.206227 0.705760
146.200000000 -44.644661 15.300778 -27.204981 -0.001763 -0.677138 -0.207532 0.705983
146.300000000 -44.486429 15.272296 -27.175577 -0.001695 -0.677175 -0.207336 0.706005
146.400000000 -44.403448 15.177519 -27.164684 -0.001366 -0.676576 -0.207566 0.706512
146.500000000 -44.284796 15.160627 -27.137948 -0.001829 -0.677505 -0.207311 0.705696
146.600000000 -44.168331 15.115999 -27.103419 -0.000988 -0.676378 -0.207359 0.706764
146.700000000 -43.906870 15.125650 -27.062446 -0.000666 -0.677253 -0.206437 0.706195
146.800000000 -43.833476 15.062898 -27.041342 -0.000562 -0.677143 -0.206555 0.706267
146.900000000 -43.977295 15.039922 -26.995547 -0.001186 -0.674461 -0.208627 0.708220
147.000000000 -43.688113 14.962462 -26.977073 -0.000393 -0.674959 -0.207569 0.708058
147.100000000 -43.475748 14.942634 -26.939913 0.000109 -0.675027 -0.207097 0.708131
147.200000000 -43.370819 14.924293 -26.904203 0.000525 -0.674635 -0.206985 0.708537
147.300000000 -43.335197 14.930666 -26.863432 0.000547 -0.674813 -0.207096 0.708335
147.400000000 -43.285294 14.871909 -26.832533 0.000053 -0.673410 -0.208522 0.709251
147.500000000 -43.000893 14.846576 -26.799737 0.000403 -0.674247 -0.207557 0.708739
147.600000000 -42.907677 14.781764 -26.777388 0.000721 -0.673524 -0.207959 0.709308
147.700000000 -42.729474 14.796317 -26.729460 0.000751 -0.673923 -0.207616 0.709029
147.800000000 -42.635236 14.690316 -26.724411 0.000764 -0.673823 -0.207790 0.709074
147.900000000 -42.532453 14.639908 -26.691333 0.000888 -0.672879 -0.208055 0.709892
148.000000000 -42.366285 14.621690 -26.653081 0.001029 -0.672809 -0.207829 0.710024
148.100000000 -42.265633 14.580766 -26.620840 0.001178 -0.672262 -0.207993 0.710494
148.200000000 -42.215755 14.520484 -26.597292 0.001240 -0.671843 -0.208254 0.710813
148.300000000 -42.079941 14.464560 -26.568661 0.001787 -0.671626 -0.208002 0.711092
148.400000000 -41.906973 14.452993 -26.526307 0.002837 -0.671612 -0.207287 0.711310
148.500000000 -41.862892 14.419987 -26.497209 0.002114 -0.671649 -0.207976 0.711076
148.600000000 -41.689589 14.418713 -26.446702 0.003026 -0.671416 -0.207342 0.711478
148.700000000 -41.659706 14.365911 -26.424318 0.002106 -0.671576 -0.208246 0.711066
148.800000000 -41.627780 14.332139 -26.386854 0.001721 -0.670281 -0.209224 0.712001
148.900000000 -41.537984 14.284047 -26.355390 0.001513 -0.670220 -0.209547 0.711965
149.000000000 -41.420918 14.240539 -26.323336 0.001025 -0.670831 -0.209616 0.711369
149.100000000 -41.315653 14.210846 -26.285002 0.000843 -0.671232 -0.209591 0.710999
149.200000000 -41.268983 14.143189 -26.252002 0.000482 -0.670418 -0.210087 0.711620
149.300000000 -41.150693 14.113818 -26.205770 0.001084 -0.670103 -0.209796 0.712002
149.400000000 -41.036320 14.061762 -26.163799 0.001511 -0.669574 -0.209884 0.712472
149.500000000 -40.980352 14.020335 -26.130605 0.001041 -0.670073 -0.210152 0.711925
149.600000000 -40.899459 13.978365 -26.081931 0.001090 -0.669370 -0.210454 0.712497
149.700000000 -40.850739 13.919898 -26.051110 0.000472 -0.670043 -0.210785 0.711766
149.800000000 -40.743213 13.881200 -25.999904 0.000284 -0.669922 -0.210760 0.711889
149.900000000 -40.530956 13.877783 -25.938841 -0.000417 -0.670466 -0.210794 0.711366
150.000000000 -40.323558 13.854334 -25.878648 -0.000345 -0.670981 -0.210141 0.711073
150.100000000 -40.210098 13.803025 -25.835285 -0.000468 -0.671453 -0.209911 0.710695
150.200000000 -40.157498 13.745595 -25.789562 -0.001236 -0.671792 -0.210247 0.710275
150.300000000 -40.158173 13.696556 -25.747015 -0.001281 -0.671447 -0.211105 0.710346
150.400000000 -40.066767 13.635685 -25.700672 -0.001563 -0.671468 -0.211277 0.710275
150.500000000 -39.978694 13.619679 -25.636109 -0.001839 -0.671693 -0.210969 0.710153
150.600000000 -39.909570 13.553465 -25.592735 -0.002386 -0.671873 -0.211499 0.709823
150.700000000 -39.768853 13.478404 -25.556931 -0.002950 -0.673959 -0.211175 0.707937
150.800000000 -39.720397 13.431266 -25.503467 -0.002968 -0.673424 -0.211701 0.708290
150.900000000 -39.640700 13.390967 -25.452204 -0.003392 -0.674179 -0.211451 0.707644
151.000000000 -39.512096 13.358509 -25.385172 -0.003562 -0.674253 -0.211361 0.707599
151.100000000 -39.407976 13.310970 -25.332994 -0.004651 -0.674725 -0.211875 0.706989
151.200000000 -39.373461 13.219831 -25.287320 -0.003935 -0.673218 -0.212945 0.708108
151.300000000 -39.306091 13.151836 -25.237017 -0.003715 -0.673159 -0.212592 0.708271
151.400000000 -39.145476 13.093052 -25.192109 -0.004375 -0.674829 -0.211886 0.706888
151.500000000 -39.070352 13.045487 -25.124445 -0.004016 -0.673487 -0.212126 0.708097
151.600000000 -38.971191 13.009024 -25.053909 -0.003222 -0.672088 -0.211909 0.709494
151.700000000 -38.751651 12.968576 -24.993454 -0.003196 -0.673055 -0.211036 0.708838
151.800000000 -38.614359 12.925342 -24.946182 -0.004996 -0.674762 -0.211374 0.707101
151.900000000 -38.555814 12.867727 -24.894802 -0.004963 -0.674134 -0.211893 0.707546
152.000000000 -38.444876 12.816001 -24.834020 -0.004805 -0.673837 -0.211747 0.707872
152.100000000 -38.390051 12.749440 -24.793344 -0.005795 -0.674325 -0.212277 0.707241
152.200000000 -38.289424 12.702652 -24.735780 -0.006739 -0.673582 -0.213295 0.707635
152.300000000 -38.283364 12.647337 -24.695500 -0.007191 -0.674204 -0.213650 0.706931
152.400000000 -38.318450 12.565734 -24.652829 -0.005694 -0.672587 -0.213670 0.708477
152.500000000 -38.182448 12.509583 -24.614774 -0.006439 -0.674269 -0.213392 0.706954
152.600000000 -37.992028 12.472703 -24.559258 -0.007100 -0.675133 -0.213110 0.706208
152.700000000 -37.820278 12.425098 -24.510178 -0.007404 -0.676085 -0.212595 0.705448
152.800000000 -37.656377 12.380706 -24.466734 -0.008599 -0.677608 -0.212363 0.704042
152.900000000 -37.551728 12.330806 -24.422316 -0.008816 -0.677992 -0.212238 0.703707
153.000000000 -37.498567 12.275209 -24.368506 -0.008155 -0.675802 -0.212683 0.705684
153.100000000 -37.408904 12.216298 -24.343214 -0.009656 -0.678119 -0.212903 0.703373
153.200000000 -37.321251 12.162625 -24.292395 -0.008306 -0.676213 -0.212640 0.705302
153.300000000 -37.272455 12.099599 -24.272124 -0.009608 -0.678401 -0.212700 0.703163
153.400000000 -37.212235 12.059830 -24.225860 -0.009930 -0.677199 -0.213387 0.704109
153.500000000 -37.215055 11.980288 -24.210954 -0.009720 -0.678307 -0.212750 0.703237
153.600000000 -37.187286 11.932671 -24.174783 -0.010587 -0.678216 -0.213540 0.703073
153.700000000 -37.111141 11.897917 -24.129597 -0.011650 -0.676221 -0.215214 0.704466
153.800000000 -36.889777 11.863854 -24.087524 -0.011602 -0.677226 -0.214044 0.703857
153.900000000 -36.758154 11.810570 -24.062344 -0.012424 -0.678454 -0.214016 0.702668
154.000000000 -36.562654 11.777824 -24.013966 -0.011871 -0.677729 -0.213189 0.703628
154.100000000 -36.520590 11.731269 -23.996284 -0.013327 -0.678321 -0.214320 0.702688
154.200000000 -36.398930 11.682770 -23.973584 -0.014282 -0.679607 -0.213790 0.701587
154.300000000 -36.310870 11.642773 -23.949456 -0.014497 -0.679949 -0.213557 0.701322
154.400000000 -36.322920 11.583731 -23.935246 -0.015085 -0.680272 -0.214193 0.700802
154.500000000 -36.450489 11.502750 -23.943825 -0.014997 -0.680634 -0.214360 0.700401
154.600000000 -36.447043 11.427842 -23.951170 -0.015444 -0.683467 -0.213517 0.697886
154.700000000 -36.587472 11.352259 -23.970010 -0.017221 -0.685709 -0.214134 0.695452
154.800000000 -36.636602 11.316793 -23.960638 -0.019209 -0.684692 -0.216688 0.695610
154.900000000 -36.590013 11.255116 -23.967222 -0.020124 -0.687521 -0.215952 0.693018
155.000000000 -36.484178 11.224072 -23.951555 -0.020852 -0.687719 -0.216549 0.692614
155.100000000 -36.748543 11.281215 -23.922417 -0.034051 -0.681879 -0.229437 0.693715
155.200000000 -36.641033 11.261345 -23.904767 -0.033347 -0.681376 -0.228709 0.694483
155.300000000 -36.900043 11.168520 -23.965590 -0.035010 -0.688177 -0.227989 0.687901
155.400000000 -37.675109 11.613354 -23.840503 -0.076529 -0.667629 -0.272471 0.688604
155.500000000 -38.335916 12.046173 -23.737878 -0.108449 -0.654672 -0.303908 0.683581
155.600000000 -39.398575 12.613138 -23.572871 -0.227167 -0.575419 -0.412498 0.668681
155.700000000 -39.196247 12.513448 -23.600600 -0.228094 -0.579212 -0.410185 0.666509
155.800000000 -39.043589 12.421472 -23.616832 -0.226671 -0.580743 -0.408851 0.666483
155.900000000 -38.918016 12.327773 -23.625775 -0.223463 -0.579668 -0.408770 0.668549
156.000000000 -38.836957 12.289356 -23.622156 -0.221979 -0.578894 -0.408877 0.669647
156.100000000 -38.759187 12.195581 -23.642603 -0.220295 -0.579583 -0.407818 0.670252
156.200000000 -38.737786 12.178977 -23.647397 -0.223997 -0.578281 -0.409842 0.668914
156.300000000 -38.705405 12.117950 -23.669004 -0.224933 -0.578599 -0.409902 0.668288
156.400000000 -38.753120 12.131309 -23.662933 -0.223586 -0.577727 -0.410373 0.669204
156.500000000 -38.685004 12.034086 -23.699698 -0.224944 -0.578161 -0.410380 0.668370
156.600000000 -38.689052 11.998786 -23.719583 -0.227231 -0.577927 -0.411019 0.667405
156.700000000 -38.897659 12.108007 -23.699706 -0.232481 -0.574553 -0.414899 0.666108
156.800000000 -39.352220 12.585886 -23.563407 -0.251791 -0.562017 -0.430445 0.659891
156.900000000 -39.738686 13.206671 -23.411793 -0.287788 -0.546831 -0.450396 0.644435
157.000000000 -39.920684 13.301276 -23.396967 -0.351320 -0.491392 -0.498289 0.621945
157.100000000 -39.996718 13.366002 -23.382949 -0.353089 -0.489316 -0.500195 0.621050
157.200000000 -40.092470 13.424070 -23.388242 -0.357038 -0.488820 -0.500474 0.618955
157.300000000 -40.183094 13.473273 -23.397404 -0.360776 -0.488707 -0.500364 0.616962
157.400000000 -40.283967 13.501081 -23.416680 -0.363473 -0.489834 -0.499009 0.615581
157.500000000 -40.389496 13.564495 -23.426075 -0.366705 -0.489528 -0.498975 0.613933
157.600000000 -40.566864 13.752409 -23.396599 -0.370035 -0.487468 -0.500452 0.612370
157.700000000 -40.711518 13.859899 -23.396968 -0.374263 -0.485701 -0.501635 0.610232
157.800000000 -40.850597 14.001972 -23.378831 -0.378709 -0.482460 -0.503983 0.608123
157.900000000 -41.009732 14.128821 -23.370485 -0.378937 -0.480975 -0.505457 0.607934
158.000000000 -41.266809 14.412320 -23.305058 -0.380776 -0.476116 -0.509559 0.607184
158.100000000 -41.432036 14.589241 -23.272233 -0.381969 -0.470311 -0.514616 0.606694
158.200000000 -41.598432 14.748681 -23.255015 -0.384552 -0.465468 -0.518526 0.605467
158.300000000 -41.922260 14.794749 -23.282175 -0.372902 -0.476907 -0.510204 0.610897
158.400000000 -42.008356 14.839341 -23.304533 -0.375060 -0.475839 -0.510747 0.609955
158.500000000 -42.137694 14.948631 -23.303072 -0.374411 -0.473113 -0.513241 0.610380
158.600000000 -42.215582 14.975594 -23.330545 -0.375838 -0.472292 -0.513897 0.609586
158.700000000 -42.266275 14.915094 -23.382352 -0.375303 -0.469799 -0.515816 0.610223
158.800000000 -42.380451 14.995352 -23.383441 -0.377905 -0.463425 -0.520408 0.609590
158.900000000 -42.392674 14.928744 -23.438236 -0.379604 -0.461109 -0.521739 0.609154
159.000000000 -42.531414 15.076830 -23.424806 -0.383427 -0.454483 -0.526751 0.607422
159.100000000 -42.657164 14.985768 -23.476835 -0.383966 -0.446547 -0.532801 0.607692
159.200000000 -42.643038 15.128001 -23.474573 -0.393682 -0.442783 -0.534507 0.602711
159.300000000 -42.722614 14.994828 -23.531025 -0.390722 -0.437915 -0.538352 0.604767
159.400000000 -42.738481 14.944664 -23.577414 -0.391259 -0.436257 -0.539557 0.604544
159.500000000 -42.501748 14.465976 -23.810176 -0.390429 -0.453626 -0.525404 0.604763
159.600000000 -42.424964 14.275112 -23.901392 -0.391093 -0.454239 -0.523401 0.605611
159.700000000 -42.426919 14.108895 -24.021757 -0.396258 -0.458438 -0.520105 0.601917
159.800000000 -42.397911 13.994039 -24.092134 -0.397568 -0.458420 -0.519811 0.601321
159.900000000 -42.396619 13.967438 -24.122222 -0.396340 -0.454667 -0.522881 0.602319
160.000000000 -42.409073 13.893291 -24.173759 -0.398403 -0.452160 -0.524028 0.601848
160.100000000 -42.504920 13.908756 -24.210767 -0.404148 -0.449549 -0.524968 0.599149
160.200000000 -42.673121 14.058611 -24.185358 -0.410125 -0.440618 -0.530962 0.596432
160.300000000 -42.196096 13.508142 -24.416261 -0.399731 -0.455707 -0.520574 0.601290
160.400000000 -42.248252 13.405672 -24.478288 -0.400136 -0.453846 -0.522106 0.601100
160.500000000 -42.420947 13.396130 -24.529548 -0.408702 -0.453336 -0.520634 0.596984
160.600000000 -42.454023 13.323928 -24.579906 -0.407036 -0.450638 -0.523595 0.597575
160.700000000 -42.413903 13.197882 -24.649958 -0.407034 -0.449576 -0.524394 0.597675
160.800000000 -42.229470 12.941999 -24.762978 -0.401777 -0.453503 -0.522934 0.599541
160.900000000 -42.322208 12.899398 -24.788767 -0.398334 -0.451626 -0.525360 0.601132
161.000000000 -42.366659 12.770320 -24.861409 -0.399331 -0.451014 -0.525739 0.600600
161.100000000 -42.442807 12.723018 -24.905778 -0.399899 -0.445337 -0.531121 0.599722
161.200000000 -42.536613 12.598637 -24.981703 -0.401276 -0.444387 -0.531755 0.598945
161.300000000 -42.563397 12.567134 -24.991856 -0.395072 -0.438373 -0.539056 0.600971
161.400000000 -42.498172 12.436750 -25.024241 -0.387710 -0.431772 -0.546485 0.603828
161.500000000 -42.133266 12.445553 -25.016775 -0.377116 -0.435815 -0.544566 0.609341
161.600000000 -42.205837 12.277269 -25.092186 -0.373627 -0.433131 -0.547899 0.610416
161.700000000 -42.222453 12.199514 -25.117291 -0.368964 -0.427033 -0.554400 0.611678
161.800000000 -42.287148 12.151796 -25.152716 -0.367010 -0.423300 -0.558593 0.611633
161.900000000 -42.302094 12.070442 -25.200634 -0.366837 -0.421054 -0.560751 0.611312
162.000000000 -42.249779 11.971589 -25.246104 -0.365333 -0.417853 -0.564236 0.611203
162.100000000 -42.533827 12.761738 -25.096553 -0.375207 -0.436618 -0.545627 0.608995
162.200000000 -42.540801 12.769985 -25.091793 -0.376211 -0.432909 -0.548159 0.608750
162.300000000 -42.527857 12.559906 -25.175297 -0.372737 -0.428922 -0.552927 0.609397
162.400000000 -42.558718 12.517354 -25.202512 -0.370874 -0.424947 -0.557519 0.609135
162.500000000 -42.451473 12.443557 -25.248926 -0.374280 -0.422143 -0.559728 0.606972
162.600000000 -42.482808 12.345377 -25.288741 -0.373130 -0.419223 -0.562524 0.607119
162.700000000 -42.480390 12.222583 -25.335122 -0.369293 -0.417528 -0.564749 0.608566
162.800000000 -42.478635 12.082593 -25.390524 -0.364157 -0.415917 -0.567625 0.610085
162.900000000 -42.458324 11.960666 -25.418032 -0.358560 -0.413518 -0.570165 0.612657
163.000000000 -42.408937 11.868304 -25.449514 -0.356134 -0.411468 -0.572566 0.613213
163.100000000 -42.408616 11.753870 -25.495511 -0.353168 -0.409766 -0.574940 0.613847
163.200000000 -42.363580 11.576262 -25.563886 -0.351523 -0.408230 -0.576500 0.614351
163.300000000 -42.370566 11.464276 -25.603602 -0.348451 -0.405869 -0.579069 0.615249
163.400000000 -42.658678 11.938404 -25.519253 -0.355239 -0.415269 -0.569377 0.614139
163.500000000 -42.662786 11.897206 -25.535775 -0.354892 -0.413686 -0.570904 0.613991
163.600000000 -42.636370 11.651526 -25.579880 -0.343198 -0.407379 -0.578804 0.617449
163.700000000 -42.621177 11.570781 -25.630908 -0.344862 -0.407943 -0.578132 0.616778
163.800000000 -42.617667 11.441436 -25.690886 -0.345358 -0.407542 -0.578511 0.616412
163.900000000 -42.611413 10.666767 -25.895741 -0.306222 -0.411811 -0.576763 0.635597
164.000000000 -42.610710 10.630381 -25.890841 -0.301852 -0.409819 -0.579055 0.636890
164.100000000 -42.611081 10.505683 -25.988436 -0.305875 -0.413428 -0.577136 0.634376
164.200000000 -42.629535 10.500185 -26.012911 -0.306937 -0.414437 -0.576477 0.633803
164.300000000 -42.644153 10.473507 -26.040414 -0.308781 -0.414861 -0.576491 0.632616
164.400000000 -42.632692 10.340128 -26.082838 -0.306612 -0.413585 -0.578019 0.633112
164.500000000 -42.576488 10.183841 -26.118073 -0.302346 -0.411013 -0.580494 0.634573
164.600000000 -42.575073 10.050855 -26.180410 -0.302051 -0.411370 -0.580444 0.634527
164.700000000 -42.551475 9.902969 -26.251861 -0.302037 -0.412619 -0.579528 0.634560
164.800000000 -42.515087 9.767411 -26.293059 -0.299557 -0.411494 -0.580893 0.635218
164.900000000 -42.485921 9.701728 -26.335006 -0.301271 -0.412141 -0.580682 0.634180
165.000000000 -42.512714 9.631511 -26.372491 -0.301640 -0.412856 -0.580197 0.633983
165.100000000 -42.505212 9.440289 -26.469977 -0.301753 -0.415531 -0.578781 0.633476
165.200000000 -42.505929 9.407074 -26.468155 -0.300557 -0.413727 -0.580068 0.634048
165.300000000 -42.516253 9.276318 -26.515029 -0.298391 -0.413624 -0.580574 0.634674
165.400000000 -42.552134 9.245195 -26.540556 -0.299329 -0.414236 -0.580815 0.633612
165.500000000 -42.550875 9.187760 -26.560499 -0.299204 -0.414415 -0.580787 0.633580
165.600000000 -42.571556 9.120171 -26.602361 -0.300777 -0.415735 -0.579415 0.633226
165.700000000 -42.565464 9.096927 -26.581015 -0.297494 -0.413481 -0.580976 0.634821
165.800000000 -42.577624 8.990041 -26.641125 -0.298244 -0.415269 -0.580037 0.634160
165.900000000 -42.591897 9.134063 -26.537126 -0.299605 -0.408126 -0.585570 0.633071
166.000000000 -42.535154 8.992895 -26.588704 -0.299352 -0.407938 -0.585620 0.633265
166.100000000 -42.487878 8.774971 -26.677502 -0.298061 -0.408558 -0.585372 0.633703
166.200000000 -42.286820 8.866059 -26.616985 -0.307846 -0.402810 -0.589670 0.628701
166.300000000 -42.298699 8.810067 -26.648525 -0.309106 -0.403582 -0.589171 0.628054
166.400000000 -42.373954 8.742560 -26.678740 -0.307221 -0.404591 -0.589003 0.628488
166.500000000 -42.407635 8.775065 -26.648567 -0.306923 -0.404140 -0.589640 0.628326
166.600000000 -42.414768 8.700723 -26.687595 -0.308475 -0.405833 -0.588039 0.627976
166.700000000 -42.449902 8.691754 -26.679942 -0.307418 -0.406105 -0.588165 0.628199
166.800000000 -42.462082 8.616838 -26.686047 -0.303084 -0.404964 -0.589745 0.629560
166.900000000 -42.515067 8.582783 -26.687109 -0.301422 -0.404864 -0.589688 0.630474
167.000000000 -42.418607 8.436028 -26.694892 -0.294094 -0.402574 -0.591584 0.633618
167.100000000 -42.626946 8.797546 -26.561898 -0.302039 -0.403350 -0.590463 0.630424
167.200000000 -42.868704 9.599309 -26.231937 -0.315589 -0.400207 -0.592368 0.623969
167.300000000 -42.512984 10.129992 -26.040617 -0.333721 -0.403091 -0.587573 0.617176
167.400000000 -41.925863 11.335239 -25.485423 -0.440522 -0.297317 -0.648629 0.544815
167.500000000 -41.882575 11.317865 -25.488024 -0.447341 -0.300373 -0.643167 0.544057
167.600000000 -41.850903 11.081411 -25.567886 -0.442996 -0.299297 -0.645954 0.544903
167.700000000 -41.832082 10.827624 -25.657355 -0.442066 -0.300178 -0.645551 0.545650
167.800000000 -41.812376 10.739933 -25.674839 -0.442278 -0.300360 -0.645261 0.545722
167.900000000 -41.818432 10.767084 -25.663449 -0.446774 -0.301769 -0.642271 0.544808
168.000000000 -41.712060 11.232889 -25.467041 -0.470339 -0.280266 -0.648601 0.528723
168.100000000 -41.493011 11.358060 -25.388226 -0.473055 -0.278919 -0.648641 0.526961
168.200000000 -41.390639 11.289234 -25.397217 -0.474573 -0.278537 -0.648226 0.526309
168.300000000 -41.468202 11.345184 -25.367504 -0.475534 -0.278468 -0.647981 0.525779
168.400000000 -41.492423 11.398097 -25.341295 -0.480538 -0.276129 -0.647404 0.523168
168.500000000 -41.427417 11.528258 -25.276126 -0.485959 -0.271300 -0.648613 0.519173
168.600000000 -41.399379 11.526244 -25.250134 -0.485816 -0.269206 -0.650208 0.518403
168.700000000 -41.391982 11.434615 -25.281884 -0.489985 -0.266477 -0.649954 0.516201
168.800000000 -41.198727 12.739884 -24.758857 0.528314 0.205456 0.675185 -0.472014
168.900000000 -41.236034 12.587300 -24.807960 0.528008 0.206218 0.674928 -0.472392
169.000000000 -41.369072 12.357883 -24.900215 0.530479 0.209187 0.671047 -0.473845
169.100000000 -41.454244 12.158783 -24.981677 0.533337 0.212039 0.667234 -0.474752
169.200000000 -41.543997 11.879040 -25.076171 0.534050 0.212530 0.665916 -0.475581
169.300000000 -41.646921 11.634026 -25.170459 0.536471 0.214118 0.662983 -0.476242
169.400000000 -41.713833 11.403276 -25.256577 0.537082 0.215659 0.661328 -0.477158
169.500000000 -41.766018 11.238999 -25.315454 0.537613 0.216582 0.660189 -0.477719
169.600000000 -41.855931 10.997269 -25.393079 0.537330 0.215550 0.660690 -0.477811
169.700000000 -41.831265 10.945203 -25.387355 0.537395 0.213261 0.661669 -0.477410
169.800000000 -41.873453 11.196162 -25.268889 0.540365 0.205813 0.664406 -0.473510
169.900000000 -41.872101 11.113647 -25.287487 0.540177 0.206375 0.664248 -0.473701
170.000000000 -41.923491 11.128651 -25.270322 0.540140 0.207928 0.663435 -0.474203
170.100000000 -42.006164 11.100361 -25.275389 0.541112 0.208706 0.662400 -0.474201
170.200000000 -41.988744 11.263899 -25.200055 0.541747 0.207876 0.662899 -0.473141
170.300000000 -42.043682 11.164820 -25.233574 0.543057 0.209420 0.660953 -0.473681
170.400000000 -42.026738 11.446702 -25.109137 0.544367 0.206605 0.662365 -0.471435
170.500000000 -41.962414 11.548537 -25.045070 0.543569 0.206119 0.663349 -0.471186
170.600000000 -42.060044 11.613071 -25.014353 0.543697 0.206332 0.663207 -0.471146
170.700000000 -42.118681 11.494928 -25.054155 0.543960 0.207412 0.662130 -0.471880
170.800000000 -42.187013 11.454189 -25.069085 0.544935 0.208418 0.660673 -0.472355
170.900000000 -42.209829 11.324562 -25.108817 0.546249 0.207207 0.660447 -0.471684
171.000000000 -42.193795 11.584196 -24.978838 0.556741 0.179012 0.671722 -0.454734
171.100000000 -42.350249 11.218300 -25.127096 0.558221 0.180134 0.669531 -0.455707
171.200000000 -42.329061 11.131910 -25.153663 0.558669 0.180172 0.669114 -0.455756
171.300000000 -42.330062 11.077133 -25.174020 0.560491 0.180597 0.667626 -0.455533
171.400000000 -42.503307 10.889644 -25.249303 0.559081 0.180162 0.668883 -0.455595
171.500000000 -42.472092 10.802518 -25.281531 0.561562 0.180316 0.666919 -0.455361
171.600000000 -42.458370 10.647038 -25.332393 0.560869 0.180199 0.667323 -0.455669
171.700000000 -42.573835 10.523871 -25.390147 0.561905 0.181061 0.666089 -0.455857
171.800000000 -42.558181 10.526744 -25.384793 0.563803 0.180470 0.665130 -0.455147
171.900000000 -42.653765 10.486179 -25.393254 0.561621 0.181314 0.666179 -0.455974
172.000000000 -42.708831 10.494867 -25.386771 0.560879 0.181364 0.666839 -0.455903
172.100000000 -42.760063 10.378459 -25.432643 0.561171 0.178819 0.668353 -0.454328
172.200000000 -42.805842 10.439036 -25.406395 0.560348 0.179748 0.668400 -0.454909
172.300000000 -42.811819 10.426347 -25.403890 0.560749 0.179367 0.668368 -0.454614
172.400000000 -42.826120 10.484759 -25.371803 0.561608 0.178819 0.668047 -0.454239
172.500000000 -42.851706 10.535155 -25.340985 0.560838 0.178569 0.668618 -0.454448
172.600000000 -42.785841 10.655084 -25.282024 0.561019 0.179053 0.668040 -0.454885
172.700000000 -42.857333 10.432862 -25.379556 0.562763 0.177827 0.667743 -0.453646
172.800000000 -42.840033 10.608566 -25.300689 0.571724 0.166153 0.667649 -0.446956
172.900000000 -42.639660 10.677192 -25.262219 0.570528 0.166371 0.668880 -0.446562
173.000000000 -42.713648 10.783203 -25.225703 0.569022 0.173844 0.665705 -0.450365
173.100000000 -42.677061 10.759973 -25.233600 0.570309 0.172356 0.665790 -0.449183
173.200000000 -42.795032 10.589961 -25.299616 0.568611 0.174215 0.665847 -0.450531
173.300000000 -42.803573 10.486175 -25.349643 0.572607 0.168073 0.666456 -0.446887
173.400000000 -42.501728 10.624160 -25.274892 0.572862 0.165691 0.668164 -0.444896
173.500000000 -42.657253 10.912177 -25.169418 0.597013 0.107962 0.682821 -0.407033
173.600000000 -42.645395 10.931867 -25.158760 0.596418 0.107407 0.683745 -0.406500
173.700000000 -42.649146 10.964885 -25.146631 0.596666 0.107502 0.683612 -0.406334
173.800000000 -42.694893 10.952575 -25.155816 0.596920 0.107712 0.683343 -0.406358
173.900000000 -42.695377 10.974847 -25.148770 0.597463 0.107712 0.683061 -0.406035
174.000000000 -42.740351 10.984527 -25.151988 0.597946 0.108048 0.682466 -0.406233
174.100000000 -42.767251 11.007329 -25.146408 0.598208 0.108298 0.682259 -0.406130
174.200000000 -42.798616 11.032155 -25.143326 0.599540 0.108784 0.681016 -0.406121
174.300000000 -42.823361 11.024330 -25.148111 0.600378 0.108916 0.680302 -0.406046
174.400000000 -42.853573 11.032205 -25.151051 0.600977 0.109169 0.679643 -0.406195
174.500000000 -43.012671 10.661263 -25.312159 0.603077 0.105116 0.679624 -0.404178
174.600000000 -43.039198 10.696313 -25.306109 0.604763 0.105637 0.677927 -0.404374
174.700000000 -43.048879 10.724141 -25.298848 0.605325 0.105480 0.677566 -0.404178
174.800000000 -43.095079 10.728999 -25.301899 0.606296 0.105875 0.676613 -0.404217
174.900000000 -43.198812 10.648081 -25.342213 0.605081 0.106778 0.677185 -0.404841
175.000000000 -43.216404 10.665416 -25.336220 0.605293 0.106969 0.676949 -0.404867
175.100000000 -43.308590 10.670894 -25.345002 0.607069 0.107910 0.674897 -0.405386
175.200000000 -43.313264 10.714550 -25.328985 0.607433 0.107752 0.674637 -0.405315
175.300000000 -43.325311 10.801149 -25.306959 0.610367 0.108129 0.671852 -0.405432
175.400000000 -43.314201 10.871869 -25.279435 0.610129 0.107919 0.672262 -0.405166
175.500000000 -43.395622 10.886872 -25.275812 0.610159 0.108132 0.672029 -0.405451
175.600000000 -43.527323 10.782263 -25.329781 0.609749 0.108445 0.672330 -0.405486
175.700000000 -43.607457 10.560362 -25.419470 0.606805 0.107272 0.675126 -0.405568
175.800000000 -43.569031 10.608079 -25.404963 0.609406 0.106179 0.673469 -0.404709
175.900000000 -43.560167 10.706554 -25.362759 0.610158 0.105330 0.673140 -0.404345
176.000000000 -43.573728 10.724660 -25.354451 0.609655 0.104972 0.673760 -0.404165
176.100000000 -43.680757 10.700567 -25.380712 0.611416 0.106147 0.671628 -0.404745
176.200000000 -43.701639 10.610895 -25.418389 0.607336 0.106330 0.675196 -0.404904
176.300000000 -43.658813 10.622560 -25.413881 0.607352 0.105507 0.675692 -0.404267
176.400000000 -43.662181 10.742877 -25.368968 0.609016 0.105320 0.674307 -0.404125
176.500000000 -43.682293 10.809737 -25.354607 0.610398 0.105473 0.672976 -0.404218
176.600000000 -43.716969 10.817864 -25.358311 0.611447 0.105785 0.671800 -0.404508
176.700000000 -43.662769 10.768034 -25.377760 0.609398 0.105631 0.673788 -0.404333
176.800000000 -43.631724 10.711679 -25.397162 0.607919 0.104768 0.675384 -0.404123
176.900000000 -43.219833 10.651275 -25.416613 0.612700 0.095687 0.676255 -0.397646
177.000000000 -43.277575 10.768048 -25.368817 0.611547 0.093762 0.677687 -0.397440
177.100000000 -43.091500 11.035341 -25.271089 0.620974 0.073531 0.680740 -0.381547
177.200000000 -43.205600 10.788422 -25.396315 0.635527 0.036794 0.684082 -0.356067
177.300000000 -43.458731 10.640874 -25.488764 0.637438 0.036682 0.681957 -0.356737
177.400000000 -43.384600 10.720198 -25.454336 0.637582 0.035756 0.682288 -0.355942
177.500000000 -43.371107 10.793371 -25.429157 0.637867 0.035552 0.682121 -0.355771
177.600000000 -43.381131 10.862121 -25.416654 0.638362 0.035804 0.681690 -0.355683
177.700000000 -43.443530 10.908345 -25.399271 0.637284 0.036130 0.682546 -0.355943
177.800000000 -43.418074 10.976389 -25.382670 0.638289 0.036125 0.681723 -0.355718
177.900000000 -43.440352 10.991927 -25.383079 0.639032 0.035792 0.681226 -0.355370
178.000000000 -43.507978 10.981371 -25.399607 0.639372 0.037283 0.680287 -0.356402
178.100000000 -43.435962 11.032204 -25.374407 0.637693 0.036932 0.682289 -0.355620
178.200000000 -43.456746 11.066997 -25.371300 0.638029 0.037173 0.681855 -0.355824
178.300000000 -43.267983 11.104542 -25.364593 0.641294 0.034479 0.680087 -0.353603
178.400000000 -43.461914 11.110432 -25.375351 0.640440 0.036073 0.680081 -0.355001
178.500000000 -43.541117 11.144840 -25.365884 0.639754 0.036863 0.680472 -0.355406
178.600000000 -43.549585 11.210824 -25.348093 0.639792 0.036804 0.680536 -0.355223
178.700000000 -43.531365 11.198144 -25.354803 0.639781 0.036193 0.680808 -0.354783
178.800000000 -43.600606 11.203657 -25.355385 0.639144 0.038116 0.680575 -0.356174
178.900000000 -43.698551 11.108191 -25.411279 0.641090 0.037174 0.678839 -0.356089
179.000000000 -43.660525 11.154435 -25.402928 0.642629 0.036325 0.677943 -0.355109
179.100000000 -43.628012 11.226177 -25.378820 0.642640 0.036358 0.677935 -0.355099
179.200000000 -43.580956 11.357486 -25.324978 0.640712 0.037474 0.679674 -0.355143
179.300000000 -43.672978 11.396847 -25.316598 0.639893 0.038975 0.679837 -0.356146
179.400000000 -43.734000 11.296081 -25.372909 0.641586 0.038109 0.678321 -0.356084
179.500000000 -43.428494 10.880803 -25.529711 0.640636 0.028336 0.683014 -0.349678
179.600000000 -43.353022 10.556190 -25.696048 0.656180 -0.011105 0.682897 -0.320868
179.700000000 -43.433235 10.537325 -25.715747 0.655917 -0.011217 0.683219 -0.320715
179.800000000 -43.376486 10.613176 -25.680219 0.656266 -0.011514 0.683080 -0.320288
179.900000000 -43.445590 10.687316 -25.661805 0.656610 -0.010125 0.682302 -0.321287
180.000000000 -43.463689 10.727765 -25.647697 0.656203 -0.010171 0.682866 -0.320918
180.100000000 -43.499404 10.735861 -25.650608 0.656713 -0.010647 0.682468 -0.320705
180.200000000 -43.584569 10.758874 -25.652578 0.656988 -0.009728 0.681999 -0.321168
180.300000000 -43.584504 10.805939 -25.641558 0.656737 -0.009584 0.682307 -0.321033
180.400000000 -43.615394 10.849865 -25.629529 0.656821 -0.009278 0.682108 -0.321292
180.500000000 -43.621738 10.889545 -25.612558 0.656730 -0.009521 0.682399 -0.320854
180.600000000 -43.672728 10.918366 -25.605595 0.656281 -0.008917 0.682695 -0.321160
180.700000000 -43.727172 10.880342 -25.628486 0.657499 -0.011099 0.682098 -0.319865
180.800000000 -43.713454 10.955374 -25.595483 0.656855 -0.009874 0.682365 -0.320660
180.900000000 -43.766756 10.985271 -25.589899 0.657274 -0.009769 0.681936 -0.320717
181.000000000 -43.863822 10.954128 -25.614384 0.657847 -0.010015 0.681412 -0.320647
181.100000000 -43.874561 11.007181 -25.594083 0.657837 -0.009987 0.681486 -0.320512
181.200000000 -43.891103 11.048846 -25.583792 0.657937 -0.009602 0.681229 -0.320863
181.300000000 -43.955375 11.075465 -25.576835 0.658557 -0.009430 0.680535 -0.321068
181.400000000 -43.992047 11.048164 -25.594273 0.659508 -0.011155 0.680173 -0.319827
181.500000000 -44.038867 10.991651 -25.642119 0.662623 -0.010296 0.676673 -0.320841
181.600000000 -44.015769 10.997409 -25.641305 0.662801 -0.010723 0.676638 -0.320533
181.700000000 -44.097749 11.079512 -25.609098 0.662302 -0.010700 0.677252 -0.320267
181.800000000 -44.140041 11.119274 -25.593722 0.662558 -0.010381 0.676941 -0.320406
181.900000000 -44.137145 11.136607 -25.591784 0.663029 -0.009624 0.676219 -0.320979
182.000000000 -44.266092 11.068335 -25.625661 0.663872 -0.010855 0.675502 -0.320707
182.100000000 -44.260210 11.137981 -25.593679 0.663065 -0.010339 0.676242 -0.320833
182.200000000 -44.303154 11.164004 -25.589422 0.664094 -0.010024 0.675061 -0.321204
182.300000000 -44.373234 11.171379 -25.596893 0.665163 -0.009072 0.673651 -0.321977
182.400000000 -44.463549 11.158465 -25.606832 0.665329 -0.009210 0.673342 -0.322277
182.500000000 -44.544191 11.115345 -25.628964 0.665864 -0.011094 0.673282 -0.321238
182.600000000 -44.537118 11.175408 -25.595974 0.664921 -0.010149 0.673982 -0.321754
182.700000000 -44.596671 11.218266 -25.584205 0.665363 -0.008676 0.673099 -0.322729
182.800000000 -44.580872 11.139745 -25.610514 0.665155 -0.012002 0.674222 -0.320701
182.900000000 -44.621521 11.157131 -25.609412 0.666304 -0.011396 0.672848 -0.321224
183.000000000 -44.656631 11.235078 -25.580841 0.666497 -0.009326 0.672034 -0.322592
183.100000000 -44.694084 11.302772 -25.554340 0.666950 -0.008554 0.671327 -0.323148
183.200000000 -44.408849 11.142488 -25.626561 0.675725 -0.056641 0.676847 -0.286471
183.300000000 -44.444376 11.182628 -25.615520 0.676131 -0.056580 0.676455 -0.286451
183.400000000 -44.404574 11.314922 -25.559151 0.678714 -0.060660 0.674832 -0.283318
183.500000000 -44.539031 11.449785 -25.527514 0.683312 -0.060667 0.669762 -0.284294
183.600000000 -44.544220 11.545912 -25.489340 0.683945 -0.060864 0.669209 -0.284032
183.700000000 -44.538166 11.625908 -25.447781 0.682873 -0.060410 0.670355 -0.284007
183.800000000 -44.477484 11.736544 -25.405573 0.685789 -0.061977 0.667598 -0.283134
183.900000000 -44.345895 11.866649 -25.331173 0.683089 -0.060193 0.670446 -0.283317
184.000000000 -44.434134 11.910105 -25.315938 0.683307 -0.057283 0.669437 -0.285769
184.100000000 -44.507356 11.915356 -25.312645 0.682887 -0.056374 0.669511 -0.286779
184.200000000 -44.577187 11.946357 -25.308409 0.685001 -0.055791 0.666962 -0.287791
184.300000000 -44.639902 11.950867 -25.306924 0.683658 -0.049621 0.667105 -0.291754
184.400000000 -44.593474 11.949386 -25.298983 0.683061 -0.053621 0.668657 -0.288878
184.500000000 -44.690868 11.912422 -25.319718 0.684318 -0.049277 0.666066 -0.292637
184.600000000 -44.850862 11.800196 -25.363127 0.683154 -0.051330 0.667445 -0.291862
184.700000000 -44.892134 11.821402 -25.360579 0.685711 -0.051179 0.664594 -0.292398
184.800000000 -44.920973 11.860651 -25.336471 0.685613 -0.050839 0.664429 -0.293059
184.900000000 -44.949443 11.887581 -25.321517 0.685412 -0.050828 0.664621 -0.293098
185.000000000 -44.995655 11.910458 -25.322273 0.688668 -0.052410 0.661505 -0.292233
185.100000000 -45.071851 11.881546 -25.319706 0.686976 -0.049239 0.662220 -0.295134
185.200000000 -45.093149 11.749266 -25.375190 0.686552 -0.049076 0.662480 -0.295563
185.300000000 -45.159356 11.785370 -25.354786 0.687370 -0.048508 0.661186 -0.296652
185.400000000 -45.214536 11.811892 -25.345038 0.688749 -0.049915 0.659927 -0.296021
185.500000000 -45.243670 11.794340 -25.337552 0.684372 -0.041951 0.662302 -0.302045
185.600000000 -45.296570 11.749833 -25.362296 0.688056 -0.048586 0.659872 -0.297972
185.700000000 -45.291687 11.790740 -25.344678 0.689501 -0.049858 0.658563 -0.297315
185.800000000 -45.341906 11.735987 -25.356807 0.687783 -0.047673 0.659390 -0.299811
185.900000000 -45.374165 11.779390 -25.330030 0.687232 -0.045510 0.659407 -0.301368
186.000000000 -45.383937 11.722241 -25.350232 0.685329 -0.038033 0.659727 -0.306004
186.100000000 -45.162131 11.550489 -25.414373 0.683461 -0.051645 0.665672 -0.295117
186.200000000 -44.999397 11.404517 -25.487874 0.686315 -0.060773 0.665558 -0.286899
186.300000000 -44.944931 11.328449 -25.508067 0.684360 -0.063709 0.668315 -0.284514
186.400000000 -44.935740 11.343397 -25.495378 0.684452 -0.067554 0.668882 -0.282060
186.500000000 -44.908535 11.360465 -25.480924 0.683310 -0.066399 0.669918 -0.282645
186.600000000 -44.810991 11.339918 -25.472011 0.680822 -0.067489 0.672775 -0.281605
186.700000000 -44.803331 11.048763 -25.609641 0.681403 -0.059056 0.670212 -0.288128
186.800000000 -44.969045 11.107183 -25.601892 0.687721 -0.088964 0.669077 -0.267324
186.900000000 -44.968985 11.206935 -25.553784 0.690608 -0.102450 0.668510 -0.256242
187.000000000 -44.926018 11.210635 -25.550428 0.693187 -0.108456 0.667272 -0.249955
187.100000000 -44.801497 11.208047 -25.539763 0.691557 -0.110153 0.669215 -0.248530
187.200000000 -44.783250 11.208929 -25.537343 0.692803 -0.108566 0.668038 -0.248923
187.300000000 -44.750746 11.207454 -25.533339 0.693573 -0.108207 0.667176 -0.249248
187.400000000 -44.855214 11.157972 -25.549041 0.693330 -0.111704 0.667331 -0.247959
187.500000000 -44.922273 11.170359 -25.534745 0.691303 -0.118570 0.669762 -0.243844
187.600000000 -44.916898 11.213734 -25.516032 0.695137 -0.119005 0.666080 -0.242818
187.700000000 -44.848480 11.289768 -25.476589 0.702227 -0.122713 0.659572 -0.238292
187.800000000 -44.661045 11.396012 -25.411032 0.710668 -0.094140 0.650065 -0.252001
187.900000000 -44.737535 11.386081 -25.417941 0.705452 -0.095770 0.657758 -0.246007
188.000000000 -44.898863 11.309725 -25.450189 0.705513 -0.097952 0.659456 -0.240365
188.100000000 -44.934904 11.122167 -25.508302 0.712557 -0.089044 0.651625 -0.244374
188.200000000 -44.830939 10.679107 -25.707397 0.702692 -0.103476 0.665504 -0.229394
188.300000000 -44.910592 10.545978 -25.782184 0.684809 -0.106099 0.683131 -0.230460
188.400000000 -45.018172 10.615656 -25.752840 0.683325 -0.103690 0.684516 -0.231846
188.500000000 -45.071801 10.651780 -25.710911 0.678805 -0.084968 0.685775 -0.248429
188.600000000 -45.222187 11.989029 -25.078473 0.748770 -0.209522 0.609990 -0.152826
188.700000000 -45.368022 13.496612 -24.216861 0.807681 -0.245696 0.520136 -0.129397
188.800000000 -45.213380 14.710698 -23.585946 0.820877 -0.268808 0.492080 -0.108444
188.900000000 -45.274460 14.726943 -23.566033 0.818408 -0.257895 0.499122 -0.120728
189.000000000 -45.424183 14.711173 -23.524801 0.816073 -0.241876 0.506189 -0.138899
189.100000000 -45.484422 14.680241 -23.514791 0.807702 -0.215153 0.524069 -0.163336
189.200000000 -45.565274 14.594708 -23.538514 0.811342 -0.234652 0.518152 -0.134838
189.300000000 -45.633400 14.524925 -23.575413 0.799647 -0.234628 0.536951 -0.131141
189.400000000 -45.566994 14.384251 -23.662788 0.795815 -0.250532 0.540191 -0.110027
189.500000000 -45.528065 14.285791 -23.704199 0.787445 -0.247909 0.553965 -0.107674
189.600000000 -45.344620 14.256310 -23.736866 0.789305 -0.274653 0.544917 -0.068034
189.700000000 -44.957388 14.082353 -23.901075 0.775803 -0.265074 0.569419 -0.060231
189.800000000 -44.868455 13.959078 -23.972906 0.773400 -0.268434 0.572171 -0.049150
189.900000000 -44.823727 13.968785 -23.965521 0.758045 -0.251653 0.598005 -0.066550
190.000000000 -44.747214 13.717422 -24.113325 0.751525 -0.266326 0.602555 -0.034766
190.100000000 -44.524742 13.731784 -24.123419 0.747835 -0.258584 0.610004 -0.042095
190.200000000 -44.389736 13.639169 -24.203501 0.748920 -0.268560 0.605180 -0.027407
190.300000000 -44.143233 13.608206 -24.230941 0.748514 -0.271051 0.604730 -0.023662
190.400000000 -44.058994 13.584768 -24.245192 0.753047 -0.267977 0.600203 -0.029407
190.500000000 -43.874090 13.498345 -24.327097 0.751238 -0.265414 0.603636 -0.028634
190.600000000 -43.927790 13.479633 -24.331571 0.741301 -0.261757 0.617156 -0.032769
190.700000000 -44.029232 13.397005 -24.333312 0.730956 -0.266816 0.627617 -0.024673
190.800000000 -44.187654 13.287509 -24.365534 0.737139 -0.267063 0.619893 -0.032186
190.900000000 -44.484622 13.185104 -24.353414 0.732801 -0.266634 0.625330 -0.029533
191.000000000 -44.689146 13.028628 -24.366963 0.740429 -0.298449 0.602194 0.007382
191.100000000 -44.741264 12.591106 -24.612851 0.742371 -0.330936 0.581506 0.034897
191.200000000 -45.073500 12.602330 -24.530373 0.734853 -0.320126 0.597389 0.025222
191.300000000 -45.603846 12.727599 -24.348097 0.743762 -0.329264 0.581446 0.017983
191.400000000 -45.840340 12.746647 -24.267325 0.748689 -0.333765 0.572630 0.012697
191.500000000 -45.976077 12.730914 -24.245124 0.752582 -0.333081 0.568025 0.004912
191.600000000 -46.048322 12.671114 -24.253819 0.753335 -0.331908 0.567704 -0.006062
191.700000000 -46.430764 12.732672 -24.158985 0.751551 -0.332990 0.569424 -0.006659
191.800000000 -46.931398 12.785489 -24.042124 0.753296 -0.337538 0.564438 -0.004827
191.900000000 -47.062072 12.718196 -24.058571 0.742811 -0.327483 0.583938 -0.001917
192.000000000 -48.776857 13.055314 -23.297041 0.785484 -0.375347 0.490611 -0.037831
192.100000000 -49.357584 13.120482 -23.195039 0.767932 -0.365117 0.525486 -0.028866
192.200000000 -49.423649 12.875153 -23.142289 0.785640 -0.395651 0.474266 -0.036078
192.300000000 -49.491438 12.695976 -23.145742 0.783695 -0.409674 0.466074 -0.027649
192.400000000 -48.766881 12.098748 -23.608483 0.771412 -0.432484 0.466620 0.012098
192.500000000 -48.953552 12.064787 -23.648049 0.753044 -0.418819 0.506420 0.032468
192.600000000 -49.308928 12.122446 -23.484007 0.741294 -0.430025 0.513893 0.038417
192.700000000 -50.094841 12.466961 -23.112079 0.754573 -0.442499 0.483523 0.031923
192.800000000 -50.112481 12.439499 -23.111540 0.758808 -0.448651 0.471298 0.028281
192.900000000 -49.559504 12.170937 -23.479829 0.736398 -0.447587 0.503094 0.065431
193.000000000 -49.547499 12.189744 -23.298566 0.779411 -0.467265 0.417306 0.006157
193.100000000 -50.127874 12.526844 -22.983497 0.784752 -0.500960 0.362736 0.040325
193.200000000 -47.940739 12.409358 -24.061468 0.740886 -0.373456 0.550934 0.089949
193.300000000 -47.391357 12.861119 -23.954202 0.810082 -0.357381 0.464537 -0.015863
193.400000000 -45.836851 12.957753 -24.208188 0.793648 -0.296704 0.521896 -0.098563
193.500000000 -44.006649 12.895847 -24.284850 0.802138 -0.283607 0.517869 -0.089183
193.600000000 -44.359520 12.817688 -24.157170 0.806429 -0.287056 0.499365 -0.133810
193.700000000 -45.489877 12.724016 -24.342713 0.794238 -0.300204 0.519010 -0.098453
193.800000000 -45.289362 12.725988 -24.474823 0.769083 -0.294146 0.564010 -0.062301
193.900000000 -45.486502 12.645844 -24.490235 0.774508 -0.281644 0.558169 -0.096233
194.000000000 -45.945721 12.460385 -24.469997 0.789966 -0.307483 0.522463 -0.091873
194.100000000 -45.536594 12.424259 -24.550930 0.778309 -0.301117 0.545529 -0.077211
194.200000000 -45.342536 12.390898 -24.586160 0.780839 -0.303592 0.541837 -0.067346
194.300000000 -45.344763 12.355654 -24.656255 0.764510 -0.299174 0.566925 -0.067930
194.400000000 -45.301459 12.317046 -24.654466 0.773733 -0.304766 0.551551 -0.065168
194.500000000 -45.158818 12.223308 -24.703261 0.772445 -0.305622 0.552668 -0.066952
194.600000000 -45.174816 12.170131 -24.765473 0.770341 -0.303894 0.556421 -0.067952
194.700000000 -45.011284 12.129681 -24.804506 0.776599 -0.296563 0.550298 -0.078208
194.800000000 -45.252825 12.038868 -24.822415 0.782146 -0.291261 0.544610 -0.082548
194.900000000 -45.624562 11.882247 -24.850709 0.748524 -0.298136 0.588503 -0.067019
195.000000000 -46.121646 11.800862 -24.848269 0.771527 -0.327962 0.544133 -0.033261
195.100000000 -45.408291 11.821000 -24.992768 0.762822 -0.305937 0.566374 -0.061037
195.200000000 -45.084210 11.741872 -25.094490 0.768548 -0.303819 0.558690 -0.069950
195.300000000 -45.142616 11.699193 -25.123464 0.765269 -0.303181 0.564089 -0.065179
195.400000000 -45.109949 11.693887 -25.189232 0.761865 -0.306926 0.567027 -0.061965
195.500000000 -45.056596 11.676674 -25.194657 0.759081 -0.313184 0.567899 -0.056603
195.600000000 -45.005309 11.559178 -25.156805 0.771688 -0.319543 0.547068 -0.055734
195.700000000 -44.884542 11.545151 -25.134476 0.791900 -0.323085 0.514602 -0.060796
195.800000000 -44.746216 11.493635 -25.099538 0.804435 -0.335805 0.487202 -0.052480
195.900000000 -44.140169 11.500757 -24.987508 0.804895 -0.342980 0.480520 -0.060079
196.000000000 -43.843621 11.495861 -24.984587 0.798189 -0.387304 0.460618 -0.026869
196.100000000 -44.038689 11.682165 -24.950755 0.731827 -0.285802 0.605833 -0.125355
196.200000000 -43.896580 12.098955 -24.676283 0.718458 -0.152184 0.639158 -0.228330
196.300000000 -43.208269 12.752104 -24.365388 0.685799 -0.170859 0.676774 -0.206067
196.400000000 -42.950705 12.869442 -24.311455 0.607704 -0.001887 0.716327 -0.342884
196.500000000 -42.802860 12.443571 -24.455851 0.585305 -0.005574 0.732666 -0.347259
196.600000000 -42.797730 12.438297 -24.468113 0.588102 -0.006963 0.730764 -0.346514
196.700000000 -42.603409 12.494500 -24.371941 0.589814 -0.011398 0.729457 -0.346239
196.800000000 -42.478365 12.528121 -24.346975 0.596510 -0.016181 0.726865 -0.339971
196.900000000 -42.389607 12.593037 -24.390908 0.587246 -0.026283 0.735747 -0.336343
197.000000000 -42.230639 12.659885 -24.317629 0.594590 -0.031534 0.732407 -0.330224
197.100000000 -42.126638 12.671422 -24.329353 0.590306 -0.035362 0.736065 -0.329388
197.200000000 -41.979677 12.711713 -24.305761 0.595034 -0.041057 0.734598 -0.323442
197.300000000 -41.933880 12.696041 -24.322816 0.596216 -0.043509 0.734577 -0.320983
197.400000000 -41.888899 12.709185 -24.333326 0.594737 -0.049058 0.737644 -0.315852
197.500000000 -41.855522 12.695315 -24.393164 0.595272 -0.049752 0.737777 -0.314422
197.600000000 -41.750056 12.719504 -24.400517 0.594692 -0.049854 0.738687 -0.313367
197.700000000 -41.614443 12.725799 -24.391855 0.596179 -0.051474 0.737981 -0.311937
197.800000000 -41.610075 12.926838 -24.333396 0.600062 -0.018850 0.728584 -0.329750
197.900000000 -41.532698 12.886749 -24.390375 0.599383 -0.020487 0.729940 -0.327884
198.000000000 -41.474846 12.843244 -24.418817 0.600938 -0.020685 0.729101 -0.326889
198.100000000 -41.459901 12.791001 -24.446781 0.607633 -0.018254 0.723976 -0.326049
198.200000000 -41.320677 12.956829 -24.401556 0.608788 -0.015661 0.723182 -0.325790
198.300000000 -41.263703 12.874471 -24.452221 0.611754 -0.013009 0.720838 -0.325545
198.400000000 -41.247705 12.844426 -24.465509 0.614447 -0.011494 0.718799 -0.325039
198.500000000 -41.241576 12.870101 -24.491535 0.606995 -0.009971 0.723321 -0.329036
198.600000000 -41.163567 12.837749 -24.516689 0.606959 -0.006689 0.722135 -0.331778
198.700000000 -41.103037 12.884377 -24.518789 0.606271 -0.006846 0.723378 -0.330322
198.800000000 -41.040043 12.887536 -24.508332 0.609866 -0.002644 0.719842 -0.331486
198.900000000 -40.963406 12.817778 -24.607461 0.606049 0.004711 0.720580 -0.336819
199.000000000 -40.941336 12.840513 -24.573717 0.611524 0.009142 0.715377 -0.337921
199.100000000 -40.914617 12.784224 -24.615348 0.615073 0.017027 0.710428 -0.341595
199.200000000 -40.841289 13.070648 -24.516541 0.642682 -0.046510 0.707413 -0.290453
199.300000000 -40.783526 13.073010 -24.537443 0.644995 -0.039883 0.703892 -0.294832
199.400000000 -40.688298 12.885335 -24.590644 0.616693 0.023247 0.707218 -0.344952
199.500000000 -40.689135 12.848932 -24.618793 0.616975 0.026718 0.706337 -0.345999
199.600000000 -40.860839 13.095966 -24.580801 0.639252 -0.012449 0.701464 -0.314881
199.700000000 -40.774289 13.066822 -24.596674 0.640962 -0.009649 0.699587 -0.315680
199.800000000 -40.699577 13.064856 -24.606346 0.646346 -0.007627 0.694827 -0.315269
199.900000000 -40.631785 13.054632 -24.623299 0.647792 -0.006753 0.693286 -0.315713
200.000000000 -40.546916 13.018273 -24.657720 0.652013 -0.004651 0.689716 -0.314879
200.100000000 -40.454280 13.004126 -24.676011 0.656685 -0.005198 0.686359 -0.312489
200.200000000 -40.423019 12.965508 -24.696198 0.659578 -0.004747 0.684189 -0.311160
200.300000000 -40.311934 12.960308 -24.703607 0.659794 -0.005142 0.684523 -0.309957
200.400000000 -40.230488 12.868903 -24.750865 0.663291 -0.007091 0.682453 -0.307007
200.500000000 -40.244376 12.846678 -24.764152 0.662587 -0.006973 0.683437 -0.306339
200.600000000 -40.243298 12.824923 -24.790466 0.656787 0.006318 0.684202 -0.316951
200.700000000 -40.542969 13.562473 -24.557283 0.685937 -0.048067 0.673217 -0.271955
200.800000000 -40.533363 13.455546 -24.610715 0.684406 -0.038419 0.672840 -0.278206
200.900000000 -40.520654 13.452883 -24.610834 0.681585 -0.041671 0.676313 -0.276236
201.000000000 -40.543119 13.427470 -24.624259 0.680712 -0.041582 0.677727 -0.274932
201.100000000 -40.501355 13.426358 -24.625833 0.680855 -0.042320 0.678149 -0.273422
201.200000000 -40.495205 13.414703 -24.633906 0.681131 -0.040564 0.677780 -0.273916
201.300000000 -40.532409 13.378839 -24.651906 0.677956 -0.028522 0.677771 -0.283176
201.400000000 -40.527363 13.371903 -24.656496 0.676989 -0.024342 0.677645 -0.286166
201.500000000 -40.563062 13.323113 -24.677997 0.677290 -0.023482 0.677351 -0.286221
201.600000000 -40.611135 13.265068 -24.701911 0.675964 -0.022355 0.678037 -0.287817
201.700000000 -40.590769 13.282714 -24.693719 0.675690 -0.020602 0.678012 -0.288649
201.800000000 -40.692439 13.306412 -24.693356 0.675698 -0.020204 0.677798 -0.289161
201.900000000 -40.746519 13.166062 -24.739866 0.675242 -0.028322 0.680140 -0.283999
202.000000000 -40.840273 13.166659 -24.735824 0.677471 -0.038055 0.680786 -0.275892
202.100000000 -40.799704 13.237047 -24.689549 0.674386 -0.036921 0.683200 -0.277630
202.200000000 -40.741613 13.267897 -24.673926 0.673300 -0.035709 0.684029 -0.278381
202.300000000 -40.454779 13.600259 -24.491712 0.671390 -0.059788 0.692293 -0.257666
202.400000000 -40.091106 14.043545 -24.276964 0.669715 -0.053141 0.693276 -0.260820
202.500000000 -39.866054 14.145823 -24.171859 0.651838 0.002042 0.695172 -0.303050
202.600000000 -39.617641 14.388249 -24.033866 0.651484 -0.007632 0.699371 -0.293922
202.700000000 -39.613084 14.552213 -23.934751 0.648603 -0.018068 0.705301 -0.285551
202.800000000 -39.468314 14.682685 -23.864480 0.634965 0.033191 0.700095 -0.324938
202.900000000 -39.314432 14.779271 -23.823146 0.637051 0.032695 0.699308 -0.322590
203.000000000 -39.224721 14.857326 -23.795801 0.637672 0.033226 0.699089 -0.321784
203.100000000 -39.158532 14.866501 -23.798244 0.638386 0.034281 0.698401 -0.321752
203.200000000 -39.162359 14.884628 -23.776505 0.636541 0.033534 0.700121 -0.321750
203.300000000 -39.146051 14.856631 -23.779903 0.634502 0.035156 0.701293 -0.323047
203.400000000 -39.177777 14.856044 -23.748704 0.630858 0.032785 0.704902 -0.322578
203.500000000 -39.456811 14.460941 -23.983819 0.631788 0.062544 0.691697 -0.344220
203.600000000 -39.689361 14.557910 -23.957058 0.641614 0.023656 0.697985 -0.317159
203.700000000 -39.994907 14.236337 -24.117617 0.656028 -0.029403 0.701021 -0.278087
203.800000000 -40.131370 14.163689 -24.084405 0.652243 -0.054242 0.710270 -0.259139
203.900000000 -39.707443 14.328769 -23.885768 0.631449 -0.017632 0.719777 -0.287893
204.000000000 -39.409857 14.879945 -23.677733 0.622814 0.023024 0.715151 -0.316437
204.100000000 -39.073371 15.197465 -23.501451 0.622223 0.013284 0.719832 -0.307414
204.200000000 -38.775875 15.525467 -23.456711 0.629533 0.029574 0.709605 -0.315077
204.300000000 -38.711723 15.475070 -23.467226 0.628932 0.029405 0.710259 -0.314820
204.400000000 -38.763476 15.386838 -23.495644 0.627806 0.028961 0.711294 -0.314774
204.500000000 -38.676930 15.474397 -23.453583 0.627016 0.029928 0.711785 -0.315147
204.600000000 -38.766073 15.437835 -23.442437 0.624121 0.029503 0.713942 -0.316054
204.700000000 -38.704209 15.460737 -23.429604 0.625094 0.027033 0.714184 -0.313795
204.800000000 -38.513536 15.765118 -23.317816 0.625537 0.025885 0.715271 -0.310517
204.900000000 -38.500758 15.611545 -23.342101 0.620876 0.025595 0.718877 -0.311567
205.000000000 -38.491301 15.573515 -23.331320 0.618414 0.025295 0.720734 -0.312196
205.100000000 -38.594332 15.501597 -23.350798 0.616012 0.027583 0.721633 -0.314665
205.200000000 -38.719067 15.355846 -23.351487 0.609561 0.027358 0.726008 -0.317173
205.300000000 -38.739536 15.267391 -23.359699 0.607901 0.023269 0.728596 -0.314743
205.400000000 -38.303988 16.070899 -23.148248 0.617823 0.034906 0.718646 -0.317211
205.500000000 -38.186514 15.979438 -23.151281 0.613956 0.032298 0.722732 -0.315710
205.600000000 -38.252051 15.728055 -23.249337 0.616115 0.027799 0.722453 -0.312557
205.700000000 -38.451646 15.505631 -23.274620 0.609556 0.023369 0.728198 -0.312446
205.800000000 -38.489318 15.406283 -23.302682 0.607995 0.023613 0.729186 -0.313165
205.900000000 -38.321601 15.648466 -23.225749 0.608406 0.032781 0.725907 -0.319104
206.000000000 -37.969960 15.987199 -23.064664 0.610103 0.018955 0.730712 -0.305738
206.100000000 -37.999403 15.958912 -23.054934 0.607338 0.018637 0.732859 -0.306122
206.200000000 -37.997621 15.607002 -23.165578 0.603087 0.018954 0.735718 -0.307646
206.300000000 -38.272430 15.441396 -23.204193 0.601693 0.018831 0.735780 -0.310223
206.400000000 -38.160055 15.696863 -23.138659 0.599810 0.035255 0.731808 -0.321624
206.500000000 -37.665622 16.090608 -22.980819 0.601723 0.026800 0.734996 -0.311437
206.600000000 -37.670493 16.137109 -22.947110 0.599900 0.025258 0.737062 -0.310195
206.700000000 -37.751596 15.996313 -22.966255 0.596419 0.021904 0.740451 -0.309090
206.800000000 -37.732490 15.962107 -22.970020 0.596945 0.020182 0.740518 -0.308028
206.900000000 -37.832289 15.892061 -22.998000 0.595915 0.022533 0.740319 -0.310330
207.000000000 -37.795242 15.811286 -23.022485 0.596104 0.020902 0.740771 -0.309002
207.100000000 -37.632742 15.875865 -22.983384 0.596106 0.017602 0.742140 -0.305901
207.200000000 -37.546807 15.899955 -22.969742 0.595959 0.016989 0.742653 -0.304978
207.300000000 -37.282811 16.122893 -22.860575 0.594118 0.013629 0.745869 -0.300861
207.400000000 -37.365682 16.113857 -22.874644 0.591200 0.024135 0.744290 -0.309728
207.500000000 -37.368370 16.068918 -22.871287 0.589974 0.020856 0.746284 -0.307499
207.600000000 -37.337877 15.995798 -22.895353 0.589765 0.021241 0.746169 -0.308153
207.700000000 -37.398164 15.968069 -22.922572 0.587928 0.034129 0.742353 -0.319511
207.800000000 -37.180103 16.210292 -22.809629 0.586772 0.027080 0.746790 -0.311881
207.900000000 -37.132215 16.206523 -22.793947 0.585861 0.025965 0.747883 -0.311070
208.000000000 -37.284205 16.064801 -22.914824 0.582721 0.052068 0.739547 -0.332858
208.100000000 -37.366484 16.097165 -22.855441 0.577726 0.047654 0.745014 -0.330024
208.200000000 -37.328482 16.152536 -22.815489 0.577976 0.039061 0.748416 -0.322941
208.300000000 -37.241166 15.991721 -22.873356 0.578240 0.040122 0.747646 -0.324120
208.400000000 -37.183555 15.865371 -22.895628 0.576047 0.041758 0.748224 -0.326476
208.500000000 -37.224220 16.073042 -22.827723 0.576036 0.042153 0.748533 -0.325735
208.600000000 -37.102053 16.029758 -22.817064 0.576686 0.028053 0.753922 -0.313446
208.700000000 -36.970055 15.652914 -23.052275 0.570730 0.078169 0.736265 -0.355064
208.800000000 -36.993563 15.585141 -23.076810 0.571412 0.078870 0.735461 -0.355478
208.900000000 -37.169448 15.412243 -23.109499 0.567173 0.079856 0.737377 -0.358069
209.000000000 -37.064487 15.441386 -23.092437 0.566878 0.078811 0.738193 -0.357085
209.100000000 -36.975098 15.536716 -23.061216 0.567382 0.078177 0.738306 -0.356188
209.200000000 -36.862360 15.621828 -23.033335 0.568582 0.078287 0.737562 -0.355792
209.300000000 -36.795081 15.591656 -23.041122 0.568222 0.075934 0.739021 -0.353844
209.400000000 -36.774036 15.532120 -23.040938 0.566190 0.075651 0.740352 -0.354379
209.500000000 -36.795518 15.725886 -22.992369 0.566030 0.082215 0.737559 -0.358969
209.600000000 -36.811690 15.710887 -22.990455 0.565521 0.082504 0.737629 -0.359560
209.700000000 -36.773255 16.108404 -22.900267 0.568842 0.090387 0.731923 -0.364057
209.800000000 -36.414804 15.897804 -22.957011 0.571315 0.083049 0.733718 -0.358273
209.900000000 -36.292692 15.913493 -22.931208 0.569557 0.081913 0.735605 -0.357464
210.000000000 -36.360344 15.857431 -22.943146 0.568374 0.082436 0.735850 -0.358720
210.100000000 -36.238852 15.869100 -22.947416 0.570329 0.079833 0.735740 -0.356425
210.200000000 -36.204466 15.981402 -22.917881 0.569504 0.083585 0.734852 -0.358707
210.300000000 -35.984495 16.093811 -22.881256 0.570566 0.082147 0.735216 -0.356600
210.400000000 -35.985009 16.140303 -22.874392 0.570442 0.083470 0.734925 -0.357090
210.500000000 -36.075490 16.045856 -22.924967 0.571444 0.084833 0.733163 -0.358787
210.600000000 -35.947121 16.369740 -22.815925 0.569570 0.089646 0.732678 -0.361575
210.700000000 -35.814479 16.351662 -22.850669 0.572912 0.088459 0.731028 -0.359925
210.800000000 -35.796260 16.260874 -22.889551 0.574153 0.088343 0.730100 -0.359857
210.900000000 -35.777307 16.002696 -23.015685 0.577675 0.092193 0.725423 -0.362703
211.000000000 -35.958663 15.395910 -23.247906 0.576779 0.099432 0.721384 -0.370195
211.100000000 -36.012180 15.379719 -23.238964 0.573949 0.098850 0.723566 -0.370490
211.200000000 -35.976472 15.498704 -23.208529 0.573870 0.102275 0.722062 -0.372611
211.300000000 -36.014046 15.441317 -23.182161 0.569074 0.098413 0.726817 -0.371760
211.400000000 -36.106434 14.657383 -23.681490 0.573915 0.160840 0.687973 -0.414060
211.500000000 -36.184060 14.500885 -23.737841 0.573472 0.161923 0.687432 -0.415149
211.600000000 -36.312430 14.312232 -23.802576 0.572395 0.163457 0.686923 -0.416872
211.700000000 -36.569062 13.539673 -24.024377 0.564296 0.159460 0.693880 -0.417940
211.800000000 -36.716108 13.013195 -24.159009 0.556093 0.154766 0.701067 -0.418703
211.900000000 -36.824715 12.820959 -24.195788 0.550452 0.155020 0.704024 -0.421095
212.000000000 -36.913189 12.658007 -24.228242 0.545825 0.154841 0.706591 -0.422881
212.100000000 -36.879942 12.596246 -24.247619 0.545502 0.154607 0.706657 -0.423274
212.200000000 -36.558556 12.833581 -24.146186 0.548993 0.150652 0.706868 -0.419820
212.300000000 -36.671103 12.755898 -24.191532 0.549355 0.152543 0.705502 -0.420959
212.400000000 -36.743753 12.646921 -24.224233 0.547047 0.153089 0.706397 -0.422264
212.500000000 -36.747544 12.540767 -24.268783 0.547236 0.154265 0.705598 -0.422927
212.600000000 -36.578544 12.694936 -24.226646 0.550967 0.152808 0.704343 -0.420697
212.700000000 -36.525732 12.967574 -24.143142 0.551646 0.156876 0.701730 -0.422672
212.800000000 -36.539579 13.104172 -24.114684 0.551367 0.163320 0.697936 -0.426857
212.900000000 -36.564139 12.865301 -24.192828 0.550899 0.160690 0.699654 -0.425644
213.000000000 -36.543870 12.813643 -24.200859 0.549653 0.160462 0.700427 -0.426070
213.100000000 -36.405355 12.945758 -24.167944 0.551674 0.162592 0.697968 -0.426684
213.200000000 -36.366655 12.862275 -24.192871 0.551446 0.162066 0.698189 -0.426818
213.300000000 -36.168570 12.891904 -24.185126 0.554616 0.159167 0.697885 -0.424293
213.400000000 -36.015026 13.007894 -24.164822 0.557896 0.158954 0.696137 -0.422942
213.500000000 -36.085545 13.134655 -24.143427 0.558121 0.164558 0.692706 -0.426121
213.600000000 -35.977374 13.179807 -24.121097 0.557802 0.163432 0.693471 -0.425728
213.700000000 -35.919339 13.209314 -24.115092 0.558313 0.163303 0.693134 -0.425658
213.800000000 -35.804998 13.201432 -24.127522 0.560534 0.162336 0.692345 -0.424390
213.900000000 -35.775672 13.204587 -24.125245 0.559910 0.162599 0.692614 -0.424674
214.000000000 -35.863617 13.241769 -24.114741 0.559402 0.163065 0.692911 -0.424681
214.100000000 -35.826906 12.285676 -24.503412 0.535663 0.215398 0.671642 -0.464291
214.200000000 -35.839329 12.176360 -24.543771 0.535745 0.216458 0.670717 -0.465039
214.300000000 -35.796619 12.157174 -24.546228 0.535610 0.216263 0.670930 -0.464978
214.400000000 -35.850475 12.032052 -24.596401 0.534729 0.217887 0.670120 -0.466400
214.500000000 -35.497394 11.311644 -24.826018 0.536901 0.211921 0.672534 -0.463169
214.600000000 -35.516195 11.205747 -24.856558 0.535549 0.212662 0.672589 -0.464313
214.700000000 -35.531305 11.158121 -24.878604 0.535516 0.213567 0.671992 -0.464799
214.800000000 -35.486137 11.126871 -24.890003 0.535559 0.213254 0.672135 -0.464687
214.900000000 -35.458487 11.065478 -24.912655 0.535477 0.213450 0.672096 -0.464747
215.000000000 -35.358054 11.254674 -24.851245 0.536859 0.211607 0.672888 -0.462847
215.100000000 -35.343184 11.286738 -24.847139 0.537647 0.212151 0.672046 -0.462906
215.200000000 -35.337723 11.259869 -24.857432 0.537428 0.212691 0.671785 -0.463291
215.300000000 -35.317013 11.231084 -24.865650 0.537006 0.212411 0.672133 -0.463404
215.400000000 -35.268683 11.315762 -24.836952 0.536873 0.211512 0.672853 -0.462924
215.500000000 -35.206024 11.377193 -24.824285 0.538135 0.211607 0.672135 -0.462459
215.600000000 -35.164481 11.443694 -24.806497 0.538329 0.212406 0.671499 -0.462790
215.700000000 -35.100668 11.474490 -24.805141 0.539332 0.213584 0.670314 -0.462799
215.800000000 -34.883779 12.163751 -24.575117 0.540445 0.217519 0.667035 -0.464401
215.900000000 -34.840376 11.962759 -24.649928 0.541940 0.216302 0.667078 -0.463165
216.000000000 -34.669372 11.237835 -24.890351 0.541370 0.213916 0.668317 -0.463152
216.100000000 -34.702442 11.246375 -24.806962 0.559890 0.154432 0.695788 -0.422555
216.200000000 -34.692809 11.164839 -24.828091 0.558902 0.153916 0.696555 -0.422789
216.300000000 -34.677183 11.157512 -24.833559 0.559002 0.154402 0.696277 -0.422936
216.400000000 -34.602259 11.377553 -24.760425 0.559637 0.154394 0.696292 -0.422074
216.500000000 -34.619519 11.147911 -24.921930 0.540094 0.213262 0.669566 -0.463141
216.600000000 -34.671150 11.103086 -24.939939 0.539458 0.214434 0.669053 -0.464080
216.700000000 -34.469204 10.206110 -25.229995 0.538327 0.210255 0.671499 -0.463774
216.800000000 -34.494532 10.089957 -25.271308 0.537414 0.211087 0.671374 -0.464634
216.900000000 -34.463081 10.015360 -25.296826 0.537350 0.211152 0.671341 -0.464727
217.000000000 -34.444168 9.965067 -25.311339 0.536989 0.211317 0.671321 -0.465098
217.100000000 -34.476036 9.864176 -25.340501 0.535329 0.211765 0.671913 -0.465953
217.200000000 -34.165172 10.447560 -25.145697 0.539413 0.210257 0.670925 -0.463341
217.300000000 -34.191490 10.436057 -25.151957 0.538827 0.211195 0.670417 -0.464331
217.400000000 -34.231435 10.369221 -25.173228 0.537608 0.211683 0.670751 -0.465040
217.500000000 -34.197351 10.362137 -25.174164 0.537537 0.211796 0.670639 -0.465231
217.600000000 -34.171651 10.619565 -25.103211 0.538942 0.213606 0.669076 -0.465029
217.700000000 -34.082625 10.705129 -25.068048 0.538518 0.214629 0.668480 -0.465904
217.800000000 -34.038501 10.686683 -25.071703 0.537973 0.214297 0.668887 -0.466103
217.900000000 -34.049872 10.506004 -25.129685 0.538404 0.212219 0.670089 -0.464829
218.000000000 -34.000872 10.594206 -25.100871 0.538019 0.213280 0.669509 -0.465623
218.100000000 -33.902569 10.135427 -25.248581 0.538255 0.210837 0.670453 -0.465104
218.200000000 -33.956983 9.426972 -25.487897 0.536450 0.210741 0.671274 -0.466049
218.300000000 -33.937028 9.562036 -25.345975 0.558456 0.139693 0.702815 -0.417929
218.400000000 -33.932346 9.294558 -25.531471 0.535578 0.211343 0.671168 -0.466931
218.500000000 -33.750481 9.756268 -25.381426 0.538697 0.211620 0.669612 -0.465449
218.600000000 -33.591610 9.762643 -25.270054 0.560933 0.139126 0.701980 -0.416200
218.700000000 -33.819015 9.573186 -25.442021 0.537081 0.211086 0.670750 -0.465920
218.800000000 -33.784466 9.529276 -25.458085 0.537098 0.211001 0.670698 -0.466013
218.900000000 -33.809132 9.063395 -25.609027 0.534989 0.211635 0.671108 -0.467558
219.000000000 -33.508910 8.687574 -25.680775 0.550824 0.167047 0.690470 -0.438109
219.100000000 -33.507544 8.624865 -25.694594 0.549657 0.167065 0.691059 -0.438638
219.200000000 -33.511492 8.598718 -25.710926 0.549982 0.167046 0.690871 -0.438535
219.300000000 -33.503564 8.572294 -25.718198 0.549350 0.167170 0.691116 -0.438892
219.400000000 -33.497087 8.523678 -25.736678 0.549211 0.167315 0.690959 -0.439259
219.500000000 -33.629492 8.525578 -25.743489 0.547530 0.167989 0.691617 -0.440064
219.600000000 -33.653100 9.020810 -25.617826 0.534219 0.210689 0.672074 -0.467479
219.700000000 -33.673399 8.594150 -25.719560 0.545945 0.170133 0.691511 -0.441374
219.800000000 -33.494784 8.802145 -25.691467 0.534294 0.209504 0.672404 -0.467451
219.900000000 -33.294128 8.895093 -25.607399 0.548222 0.171190 0.689451 -0.441367
220.000000000 -33.280336 8.842889 -25.627626 0.548385 0.171401 0.689148 -0.441556
220.100000000 -33.157268 9.059817 -25.555411 0.550262 0.169739 0.689327 -0.439578
220.200000000 -33.330466 9.188239 -25.571000 0.535308 0.211678 0.670620 -0.467875
220.300000000 -33.133765 9.075938 -25.555152 0.550144 0.170263 0.689114 -0.439857
220.400000000 -33.451481 8.386998 -25.839469 0.532876 0.210351 0.672342 -0.468776
220.500000000 -33.118751 8.697794 -25.683701 0.548189 0.171767 0.688710 -0.442340
220.600000000 -33.055183 8.703194 -25.679926 0.548524 0.171334 0.688732 -0.442057
220.700000000 -33.006041 8.781755 -25.660334 0.550157 0.170663 0.688424 -0.440765
220.800000000 -32.935276 9.161438 -25.535741 0.549915 0.173180 0.687151 -0.442071
220.900000000 -32.817726 10.016721 -25.291419 0.544800 0.200241 0.673422 -0.457820
221.000000000 -32.490352 10.181035 -25.196544 0.553587 0.173693 0.685459 -0.439907
221.100000000 -32.346237 10.661366 -25.055403 0.555931 0.178069 0.681828 -0.440843
221.200000000 -32.315529 10.889865 -24.985137 0.556565 0.179385 0.680845 -0.441030
221.300000000 -32.517406 10.768187 -25.048967 0.546015 0.204105 0.670387 -0.459119
221.400000000 -32.404269 11.029030 -24.960901 0.548076 0.201078 0.671336 -0.456604
221.500000000 -32.333986 11.074825 -24.947825 0.548838 0.200521 0.671360 -0.455900
221.600000000 -32.230319 11.105667 -24.941119 0.551012 0.197980 0.671800 -0.453733
221.700000000 -32.153773 11.212066 -24.908552 0.552075 0.197306 0.671770 -0.452779
221.800000000 -31.929783 11.067755 -24.934417 0.559822 0.177116 0.680374 -0.438544
221.900000000 -32.091976 11.162311 -24.931198 0.549039 0.203545 0.669006 -0.457774
222.000000000 -31.851151 11.083909 -24.919466 0.556637 0.179449 0.680436 -0.441543
222.100000000 -32.001962 11.206791 -24.916469 0.549846 0.201968 0.669614 -0.456613
222.200000000 -31.693153 11.260752 -24.877353 0.559272 0.179898 0.678869 -0.440442
222.300000000 -31.911173 11.517725 -24.826819 0.549961 0.205637 0.667169 -0.458412
222.400000000 -31.683653 12.053619 -24.675941 0.555002 0.204421 0.665299 -0.455589
222.500000000 -31.438713 11.787685 -24.740265 0.561808 0.185107 0.674271 -0.442115
222.600000000 -31.388922 11.817524 -24.733768 0.562005 0.185580 0.673795 -0.442393
222.700000000 -31.357604 11.860676 -24.723678 0.562305 0.185899 0.673512 -0.442308
222.800000000 -31.398774 12.321718 -24.608912 0.558051 0.202554 0.664931 -0.453231
222.900000000 -31.334174 12.434187 -24.584141 0.559796 0.202518 0.664053 -0.452381
223.000000000 -31.214879 12.452627 -24.585480 0.562680 0.198905 0.664966 -0.449053
223.100000000 -31.113511 12.621117 -24.547539 0.564925 0.198399 0.664190 -0.447603
223.200000000 -31.016118 12.407694 -24.593301 0.566095 0.190518 0.668553 -0.443031
223.300000000 -30.954132 12.536828 -24.551758 0.564800 0.191752 0.668518 -0.444202
223.400000000 -30.996021 12.773942 -24.508441 0.563581 0.202156 0.662597 -0.449971
223.500000000 -30.844122 12.993429 -24.455989 0.566315 0.200714 0.662277 -0.447649
223.600000000 -30.737702 13.143878 -24.421705 0.567635 0.200428 0.661857 -0.446726
223.700000000 -30.711126 13.108543 -24.438362 0.568250 0.200662 0.661387 -0.446536
223.800000000 -30.610445 13.180018 -24.405343 0.567170 0.198875 0.663353 -0.445791
223.900000000 -30.486378 13.444180 -24.355446 0.570415 0.200204 0.661012 -0.444530
224.000000000 -30.393981 13.564166 -24.330190 0.571638 0.200168 0.660383 -0.443912
224.100000000 -30.335313 13.618621 -24.322093 0.572458 0.200517 0.659654 -0.443782
224.200000000 -30.221773 13.786594 -24.278392 0.573019 0.200220 0.659634 -0.443221
224.300000000 -30.150523 13.889374 -24.253715 0.572709 0.200331 0.660049 -0.442954
224.400000000 -30.061540 13.873131 -24.251216 0.572662 0.197931 0.661741 -0.441567
224.500000000 -30.051541 14.045582 -24.212728 0.571699 0.202532 0.659456 -0.444137
224.600000000 -29.987124 14.086527 -24.209562 0.572579 0.202904 0.658553 -0.444174
224.700000000 -29.918268 14.167911 -24.195628 0.573499 0.203147 0.657957 -0.443760
224.800000000 -29.828163 14.284771 -24.168599 0.573686 0.203545 0.657749 -0.443644
224.900000000 -29.746512 14.418481 -24.141499 0.574627 0.203627 0.657346 -0.442985
225.000000000 -29.692741 14.409057 -24.141022 0.573820 0.203130 0.658256 -0.442909
225.100000000 -29.620161 14.480743 -24.128202 0.574804 0.203698 0.657244 -0.442874
225.200000000 -29.545508 14.582557 -24.109448 0.576078 0.204060 0.656386 -0.442325
225.300000000 -29.544423 14.648122 -24.099469 0.574323 0.208739 0.654525 -0.445172
225.400000000 -29.413262 14.889780 -24.034618 0.574843 0.207867 0.655102 -0.444059
225.500000000 -29.284452 15.072639 -23.982774 0.574196 0.206679 0.656367 -0.443582
225.600000000 -29.184995 15.194396 -23.949771 0.573902 0.206422 0.656873 -0.443334
225.700000000 -29.115215 15.297024 -23.928242 0.574449 0.206636 0.656583 -0.442954
225.800000000 -29.095087 15.231593 -23.946940 0.573942 0.207151 0.656644 -0.443281
225.900000000 -29.019226 15.350413 -23.922402 0.574326 0.208097 0.655908 -0.443430
226.000000000 -29.100492 15.442402 -23.894940 0.569082 0.216908 0.652718 -0.450617
226.100000000 -29.013339 15.566385 -23.866972 0.569781 0.217310 0.652037 -0.450525
226.200000000 -28.847982 15.676128 -23.837100 0.571617 0.212796 0.654148 -0.447283
226.300000000 -28.754173 15.848435 -23.794653 0.571828 0.212699 0.654310 -0.446823
226.400000000 -28.594208 15.961084 -23.763397 0.573328 0.208233 0.656677 -0.443520
226.500000000 -28.487488 16.132109 -23.721995 0.573543 0.208633 0.656523 -0.443282
226.600000000 -28.387597 16.145549 -23.713976 0.573663 0.205894 0.658476 -0.441506
226.700000000 -28.478697 16.151174 -23.706422 0.567922 0.214477 0.655414 -0.449328
226.800000000 -28.405875 16.271594 -23.674751 0.568265 0.214356 0.655255 -0.449186
226.900000000 -28.294310 16.427852 -23.634710 0.568876 0.213881 0.655467 -0.448328
227.000000000 -28.228777 16.523321 -23.612111 0.568851 0.214644 0.655097 -0.448536
227.100000000 -28.117221 16.693811 -23.571680 0.569308 0.214450 0.655119 -0.448016
227.200000000 -28.027649 16.825199 -23.540728 0.569838 0.214468 0.654922 -0.447621
227.300000000 -27.940413 16.953052 -23.512301 0.569910 0.214549 0.654996 -0.447383
227.400000000 -27.877107 17.044015 -23.490731 0.569991 0.214989 0.654640 -0.447590
227.500000000 -27.773959 17.215569 -23.450170 0.570214 0.214942 0.654637 -0.447333
227.600000000 -27.703107 17.297958 -23.430594 0.569449 0.215159 0.654884 -0.447840
227.700000000 -27.658289 17.371854 -23.412376 0.568534 0.216708 0.654385 -0.448985
227.800000000 -27.592359 17.485408 -23.389255 0.568810 0.218018 0.653360 -0.449494
227.900000000 -27.505998 17.647705 -23.350517 0.568897 0.218293 0.653440 -0.449132
228.000000000 -27.452286 17.696952 -23.340319 0.568991 0.219054 0.652888 -0.449446
228.100000000 -27.362448 17.825613 -23.311898 0.568695 0.219827 0.652611 -0.449846
228.200000000 -27.255222 17.951104 -23.274950 0.568208 0.218868 0.653582 -0.449519
228.300000000 -27.199776 18.051473 -23.256153 0.568947 0.219089 0.653136 -0.449124
228.400000000 -27.126499 18.175105 -23.230601 0.569646 0.219225 0.652892 -0.448526
228.500000000 -26.979331 18.276038 -23.209553 0.569631 0.219172 0.653111 -0.448252
228.600000000 -26.930732 18.353355 -23.201944 0.570073 0.221056 0.651749 -0.448748
228.700000000 -26.876222 18.477299 -23.179228 0.570171 0.222965 0.650555 -0.449410
228.800000000 -26.759521 18.573180 -23.162348 0.570344 0.223578 0.650134 -0.449496
228.900000000 -26.745712 18.711512 -23.132352 0.570619 0.224328 0.649594 -0.449554
229.000000000 -26.579055 18.736588 -23.124814 0.569902 0.224631 0.649740 -0.450100
229.100000000 -26.534764 18.826160 -23.105478 0.569836 0.225553 0.649223 -0.450469
229.200000000 -26.536693 18.992908 -23.049369 0.568952 0.221968 0.652257 -0.448981
229.300000000 -26.448139 19.118683 -23.027277 0.569706 0.222681 0.651669 -0.448526
229.400000000 -26.363503 19.185980 -23.007165 0.569272 0.222317 0.651862 -0.448976
229.500000000 -26.272263 19.267384 -22.984661 0.568913 0.222626 0.651982 -0.449105
229.600000000 -26.142839 19.454807 -22.953802 0.569882 0.223255 0.651648 -0.448047
229.700000000 -26.030982 19.578974 -22.942358 0.571571 0.224599 0.650040 -0.447560
229.800000000 -25.964838 19.698043 -22.919794 0.571816 0.225637 0.649361 -0.447711
229.900000000 -25.875798 19.811703 -22.897866 0.572100 0.226309 0.648824 -0.447787
230.000000000 -25.803492 19.894035 -22.885331 0.572622 0.227129 0.648053 -0.447820
230.100000000 -25.703505 20.085496 -22.837792 0.573164 0.226144 0.648563 -0.446887
230.200000000 -25.649807 20.108384 -22.836104 0.573239 0.225799 0.648869 -0.446520
230.300000000 -25.545780 20.297278 -22.794696 0.574060 0.225062 0.648927 -0.445754
230.400000000 -25.454174 20.404054 -22.774454 0.574823 0.225291 0.648453 -0.445344
230.500000000 -25.359479 20.529204 -22.754297 0.575972 0.225256 0.647934 -0.444632
230.600000000 -25.284349 20.599216 -22.744306 0.576149 0.225982 0.647128 -0.445208
230.700000000 -25.201456 20.681668 -22.716926 0.575053 0.225074 0.648229 -0.445483
230.800000000 -25.111926 20.796567 -22.692750 0.574947 0.225007 0.648280 -0.445580
230.900000000 -25.033150 20.892028 -22.677199 0.575308 0.225139 0.647867 -0.445648
231.000000000 -24.945319 21.028097 -22.655426 0.575875 0.224188 0.647955 -0.445267
231.100000000 -24.843611 21.176736 -22.622176 0.575763 0.222735 0.648788 -0.444928
231.200000000 -24.686837 21.457416 -22.563842 0.579310 0.216437 0.651257 -0.439795
231.300000000 -24.636871 21.484928 -22.557587 0.576802 0.219465 0.650379 -0.442879
231.400000000 -24.583520 21.563588 -22.536034 0.574844 0.221952 0.649633 -0.445274
231.500000000 -24.496779 21.669172 -22.513299 0.574882 0.221806 0.649792 -0.445065
231.600000000 -24.409567 21.782516 -22.492316 0.575069 0.221780 0.649766 -0.444875
231.700000000 -24.326221 21.892192 -22.473845 0.575388 0.222331 0.649220 -0.444985
231.800000000 -24.241710 21.993929 -22.451721 0.575267 0.221880 0.649529 -0.444915
231.900000000 -24.107010 22.189160 -22.404150 0.575603 0.217817 0.652042 -0.442806
232.000000000 -24.007568 22.323720 -22.377189 0.576354 0.217336 0.652149 -0.441907
232.100000000 -23.933397 22.488158 -22.360196 0.578777 0.220213 0.649721 -0.440892
232.200000000 -23.833222 22.646483 -22.322084 0.578221 0.219666 0.650482 -0.440772
232.300000000 -23.740137 22.803022 -22.293142 0.578648 0.219503 0.650398 -0.440418
232.400000000 -23.648429 22.938474 -22.266065 0.577885 0.219698 0.650650 -0.440949
232.500000000 -23.569573 23.028647 -22.255990 0.578690 0.219888 0.650211 -0.440446
232.600000000 -23.464953 23.213022 -22.215254 0.577939 0.219932 0.651003 -0.440240
232.700000000 -23.363856 23.401971 -22.178205 0.578243 0.218861 0.651698 -0.439346
232.800000000 -23.269550 23.570709 -22.144185 0.577431 0.218075 0.652456 -0.439679
232.900000000 -23.177000 23.718611 -22.116424 0.577211 0.217457 0.653234 -0.439119
233.000000000 -23.060717 23.941946 -22.072940 0.577296 0.216254 0.654343 -0.437949
233.100000000 -22.942795 24.177826 -22.031326 0.578835 0.214184 0.655143 -0.435732
233.200000000 -22.844036 24.361872 -22.001090 0.578823 0.213937 0.655459 -0.435395
233.300000000 -22.737910 24.581974 -21.963406 0.578693 0.213425 0.656145 -0.434785
233.400000000 -22.677159 24.656998 -21.968261 0.578334 0.214154 0.655745 -0.435508
233.500000000 -22.578109 24.868593 -21.937891 0.579047 0.213194 0.656184 -0.434369
233.600000000 -22.506390 24.953136 -21.940673 0.578782 0.213266 0.656244 -0.434595
233.700000000 -22.402852 25.147475 -21.916580 0.579376 0.212311 0.656878 -0.433312
233.800000000 -22.307756 25.298924 -21.907744 0.579615 0.211751 0.657378 -0.432507
233.900000000 -22.218596 25.470142 -21.897610 0.579346 0.212165 0.657657 -0.432240
234.000000000 -22.222278 25.401940 -21.935654 0.575196 0.215174 0.657269 -0.436860
234.100000000 -22.225343 25.147546 -22.054248 0.577977 0.214324 0.655795 -0.435822
234.200000000 -22.169563 25.181089 -22.094866 0.578480 0.214449 0.655523 -0.435502
234.300000000 -22.190431 25.016183 -22.184610 0.575473 0.219410 0.653303 -0.440325
234.400000000 -22.124405 25.148807 -22.205307 0.575745 0.220958 0.652205 -0.440822
234.500000000 -22.068450 25.146233 -22.257508 0.576337 0.220065 0.652392 -0.440218
234.600000000 -21.973159 25.315249 -22.274034 0.577616 0.219201 0.652654 -0.438583
234.700000000 -21.919208 25.395943 -22.300892 0.575144 0.220155 0.653317 -0.440361
234.800000000 -21.892948 25.352361 -22.382401 0.576343 0.220994 0.652110 -0.440163
234.900000000 -21.794576 25.551575 -22.384223 0.576177 0.218871 0.653680 -0.439110
235.000000000 -21.730554 25.902204 -22.362763 0.575390 0.223813 0.651402 -0.441032
235.100000000 -21.614243 26.062613 -22.365437 0.574325 0.219137 0.654954 -0.439506
235.200000000 -21.551692 26.451272 -22.333195 0.574201 0.222220 0.653641 -0.440074
235.300000000 -21.493918 26.586090 -22.363965 0.573534 0.222972 0.653527 -0.440733
235.400000000 -21.432258 26.704296 -22.402500 0.573217 0.223169 0.653710 -0.440773
235.500000000 -21.394410 26.731021 -22.459845 0.572132 0.222491 0.654529 -0.441310
235.600000000 -21.345916 26.745315 -22.538264 0.573553 0.222613 0.653748 -0.440561
235.700000000 -21.315302 26.833766 -22.581808 0.571880 0.224053 0.653499 -0.442371
235.800000000 -21.258600 26.835388 -22.654174 0.572380 0.222786 0.654022 -0.441591
235.900000000 -21.231563 26.906948 -22.720654 0.573002 0.223896 0.653159 -0.441500
236.000000000 -21.170308 26.900909 -22.783461 0.571597 0.222080 0.654653 -0.442025
236.100000000 -21.125434 27.107174 -22.814319 0.572557 0.223523 0.653695 -0.441475
236.200000000 -21.107555 27.153921 -22.874930 0.571175 0.223553 0.654229 -0.442456
236.300000000 -21.060776 27.316370 -22.920754 0.572151 0.224444 0.653234 -0.442214
236.400000000 -20.927344 27.499788 -22.952180 0.572957 0.223589 0.653626 -0.441022
236.500000000 -20.805766 27.703534 -22.989267 0.574474 0.223796 0.652820 -0.440136
236.600000000 -20.740910 27.820249 -23.019136 0.572451 0.223342 0.653945 -0.441333
236.700000000 -20.456788 27.987954 -23.060734 0.574457 0.219107 0.655761 -0.438143
236.800000000 -20.433195 28.032490 -23.138877 0.575827 0.220364 0.654301 -0.437896
236.900000000 -20.588198 27.809624 -23.242425 0.570451 0.220774 0.656367 -0.441619
237.000000000 -20.570794 27.930443 -23.301189 0.571566 0.222598 0.654924 -0.441404
237.100000000 -20.507967 28.131683 -23.312393 0.569834 0.222802 0.655421 -0.442800
237.200000000 -20.467989 28.272363 -23.371580 0.571906 0.224444 0.653654 -0.441910
237.300000000 -20.466600 28.304629 -23.437474 0.571362 0.224860 0.653575 -0.442520
237.400000000 -20.412355 28.359516 -23.494540 0.571120 0.224379 0.653821 -0.442712
237.500000000 -20.333421 28.457026 -23.545368 0.570857 0.224373 0.654000 -0.442790
237.600000000 -20.332861 28.525163 -23.606228 0.571106 0.225896 0.652990 -0.443185
237.700000000 -20.328907 28.598164 -23.661456 0.570391 0.227175 0.652530 -0.444128
237.800000000 -20.253705 28.614703 -23.730119 0.570633 0.226399 0.652916 -0.443647
237.900000000 -20.098384 28.824215 -23.743802 0.570917 0.225449 0.653533 -0.442855
238.000000000 -19.987150 29.056919 -23.757301 0.571755 0.225346 0.653369 -0.442068
238.100000000 -19.963496 29.084691 -23.814050 0.571254 0.225074 0.653558 -0.442575
238.200000000 -19.967097 29.055577 -23.891128 0.571439 0.226152 0.652782 -0.442933
238.300000000 -19.895756 29.167571 -23.934158 0.571729 0.226658 0.652560 -0.442625
238.400000000 -19.890623 29.217970 -23.979651 0.571146 0.226800 0.652568 -0.443292
238.500000000 -19.817041 29.340084 -24.012293 0.571508 0.226965 0.652251 -0.443210
238.600000000 -19.802851 29.315107 -24.090784 0.571624 0.228668 0.650989 -0.444038
238.700000000 -19.735594 29.478297 -24.093311 0.570817 0.227661 0.652014 -0.444091
238.800000000 -19.606849 29.668117 -24.099856 0.571194 0.226580 0.652578 -0.443330
238.900000000 -19.439972 29.962238 -24.077594 0.571758 0.225339 0.653382 -0.442048
239.000000000 -19.345677 30.123897 -24.094743 0.572968 0.224790 0.653286 -0.440903
239.100000000 -19.246001 30.234158 -24.128006 0.573746 0.225068 0.652805 -0.440461
239.200000000 -19.211977 30.322333 -24.141172 0.572264 0.225565 0.653055 -0.441761
239.300000000 -19.141348 30.473126 -24.146568 0.572034 0.225415 0.653358 -0.441688
239.400000000 -19.063093 30.610004 -24.149880 0.571280 0.225609 0.653676 -0.442096
239.500000000 -19.058689 30.617754 -24.183836 0.570297 0.226676 0.653307 -0.443361
239.600000000 -19.034347 30.673806 -24.215247 0.570301 0.227996 0.652442 -0.443954
239.700000000 -18.943734 30.827101 -24.214895 0.570547 0.228110 0.652402 -0.443636
239.800000000 -18.895989 30.849460 -24.239240 0.569976 0.227488 0.652884 -0.443982
239.900000000 -18.674762 31.221951 -24.169335 0.569877 0.225987 0.654288 -0.442807
240.000000000 -18.676622 31.191650 -24.223612 0.570536 0.226756 0.653556 -0.442645
240.100000000 -18.554079 31.374057 -24.202579 0.571041 0.226095 0.653832 -0.441925
240.200000000 -18.452218 31.477090 -24.201156 0.571602 0.225181 0.654074 -0.441306
240.300000000 -18.390868 31.560733 -24.202233 0.571413 0.225277 0.654159 -0.441377
240.400000000 -18.280122 31.722979 -24.178458 0.571393 0.224598 0.654642 -0.441032
240.500000000 -18.199729 31.843131 -24.164909 0.571349 0.224104 0.654971 -0.440852
240.600000000 -18.048395 32.013669 -24.128478 0.571043 0.223519 0.655640 -0.440552
240.700000000 -18.059005 32.072577 -24.123253 0.569057 0.225987 0.654989 -0.442825
240.800000000 -17.983728 32.215874 -24.095635 0.569191 0.225756 0.655079 -0.442636
240.900000000 -17.852042 32.405006 -24.050816 0.569114 0.225122 0.655593 -0.442298
241.000000000 -17.801724 32.455301 -24.045122 0.568956 0.225010 0.655797 -0.442256
241.100000000 -17.771134 32.421164 -24.058187 0.568900 0.224641 0.655981 -0.442242
241.200000000 -17.696631 32.517419 -24.040177 0.569222 0.224920 0.655684 -0.442126
241.300000000 -17.608603 32.603751 -24.022242 0.569207 0.224788 0.655801 -0.442039
241.400000000 -17.498072 32.739734 -23.982038 0.569273 0.224320 0.656221 -0.441568
241.500000000 -17.413794 32.856477 -23.948613 0.569270 0.224404 0.656198 -0.441564
241.600000000 -17.340602 32.959419 -23.918057 0.569583 0.224439 0.656044 -0.441372
241.700000000 -17.208757 33.173494 -23.846582 0.569712 0.223464 0.656769 -0.440620
241.800000000 -17.123564 33.263699 -23.812608 0.569582 0.223252 0.657010 -0.440537
241.900000000 -17.040615 33.353901 -23.775332 0.569209 0.223016 0.657410 -0.440543
242.000000000 -16.950323 33.516400 -23.705132 0.567849 0.222794 0.658236 -0.441175
242.100000000 -16.882364 33.642750 -23.657107 0.568094 0.222944 0.658182 -0.440865
242.200000000 -16.845935 33.668515 -23.638850 0.567846 0.224216 0.657448 -0.441633
242.300000000 -16.818558 33.734591 -23.599242 0.566871 0.224954 0.657334 -0.442679
242.400000000 -16.760591 33.743612 -23.584816 0.567215 0.225170 0.656936 -0.442719
242.500000000 -16.651375 33.812232 -23.547362 0.567732 0.224432 0.657138 -0.442132
242.600000000 -16.510152 34.026268 -23.455568 0.567802 0.222808 0.658384 -0.441008
242.700000000 -16.436320 34.062911 -23.427205 0.568105 0.222986 0.658105 -0.440943
242.800000000 -16.349525 34.267861 -23.331028 0.566866 0.223431 0.658541 -0.441662
242.900000000 -16.210633 34.429873 -23.256487 0.567301 0.222665 0.658989 -0.440821
243.000000000 -16.207098 34.376568 -23.250679 0.567343 0.223608 0.658310 -0.441304
243.100000000 -16.121928 34.476545 -23.194516 0.567394 0.223400 0.658458 -0.441123
243.200000000 -16.041143 34.564657 -23.138512 0.566737 0.223940 0.658441 -0.441719
243.300000000 -15.946666 34.731277 -23.056312 0.566796 0.223862 0.658510 -0.441580
243.400000000 -15.827986 34.871065 -22.973968 0.565535 0.223723 0.659229 -0.442193
243.500000000 -15.735891 35.024996 -22.887316 0.564251 0.224796 0.659355 -0.443102
243.600000000 -15.694120 35.083643 -22.834784 0.564574 0.223846 0.659815 -0.442484
243.700000000 -15.605196 35.135205 -22.785605 0.564360 0.223961 0.659702 -0.442868
243.800000000 -15.484935 35.257550 -22.707756 0.563584 0.223520 0.660383 -0.443065
243.900000000 -15.386741 35.363452 -22.641620 0.564632 0.222361 0.660811 -0.441674
244.000000000 -15.302239 35.449533 -22.574490 0.564808 0.221816 0.661064 -0.441343
244.100000000 -15.207750 35.606180 -22.491371 0.565353 0.221517 0.661203 -0.440587
244.200000000 -15.124050 35.708208 -22.418258 0.564926 0.221238 0.661599 -0.440681
244.300000000 -15.035763 35.746651 -22.369346 0.565187 0.220965 0.661654 -0.440401
244.400000000 -14.956841 35.842046 -22.303615 0.565442 0.221409 0.661234 -0.440482
244.500000000 -14.886621 35.909102 -22.237130 0.564466 0.221554 0.661611 -0.441093
244.600000000 -14.817514 36.007258 -22.169134 0.564267 0.222312 0.661226 -0.441543
244.700000000 -14.698656 36.170077 -22.070459 0.563537 0.221562 0.662143 -0.441478
244.800000000 -14.607908 36.280065 -21.989759 0.563297 0.220888 0.662858 -0.441050
244.900000000 -14.577312 36.321833 -21.942496 0.562514 0.223250 0.661555 -0.442812
245.000000000 -14.471779 36.466771 -21.854523 0.562713 0.222818 0.661857 -0.442325
245.100000000 -14.396581 36.495885 -21.811818 0.563575 0.222539 0.661748 -0.441531
245.200000000 -14.300172 36.612201 -21.729461 0.562836 0.222116 0.662402 -0.441706
245.300000000 -14.197514 36.696726 -21.662233 0.563389 0.221944 0.662282 -0.441267
245.400000000 -14.114028 36.841558 -21.567077 0.562744 0.220617 0.663442 -0.441012
245.500000000 -13.998272 36.953057 -21.498480 0.563712 0.220586 0.663080 -0.440335
245.600000000 -13.927547 36.976879 -21.453373 0.564121 0.220839 0.662767 -0.440157
245.700000000 -13.795712 37.087022 -21.379105 0.563661 0.220665 0.663147 -0.440260
245.800000000 -13.723497 37.188112 -21.301726 0.563254 0.220530 0.663351 -0.440542
245.900000000 -13.680845 37.403993 -21.181908 0.561278 0.221230 0.663954 -0.441803
246.000000000 -13.559555 37.316997 -21.178907 0.561808 0.220742 0.664040 -0.441242
246.100000000 -13.495541 37.478324 -21.090128 0.562498 0.220397 0.663886 -0.440769
246.200000000 -13.388172 37.570588 -21.023842 0.562917 0.220503 0.663489 -0.440777
246.300000000 -13.337624 37.676501 -20.950043 0.562315 0.220604 0.663819 -0.440999
246.400000000 -13.230776 37.724326 -20.898059 0.562465 0.220771 0.663600 -0.441054
246.500000000 -13.149949 37.850230 -20.816290 0.561731 0.220497 0.664131 -0.441327
246.600000000 -13.089567 37.910095 -20.767315 0.561983 0.221463 0.663349 -0.441698
246.700000000 -13.013383 38.031961 -20.681956 0.560405 0.221196 0.664256 -0.442474
246.800000000 -12.928016 38.112303 -20.628653 0.561792 0.220729 0.663974 -0.441370
246.900000000 -12.817034 38.238322 -20.552960 0.562051 0.220651 0.663782 -0.441367
247.000000000 -12.737568 38.305785 -20.498123 0.561982 0.220630 0.663753 -0.441509
247.100000000 -12.687024 38.440540 -20.415507 0.559900 0.221373 0.664470 -0.442702
247.200000000 -12.613706 38.505469 -20.373624 0.562372 0.221816 0.662870 -0.441744
247.300000000 -12.549026 38.598684 -20.309947 0.562419 0.221138 0.663246 -0.441460
247.400000000 -12.483483 38.618911 -20.279632 0.562781 0.221745 0.662620 -0.441634
247.500000000 -12.357431 38.776677 -20.202316 0.564208 0.221230 0.662203 -0.440697
247.600000000 -12.305332 38.854998 -20.143228 0.563435 0.220826 0.662716 -0.441117
247.700000000 -12.158965 38.996767 -20.072042 0.564391 0.220429 0.662678 -0.440150
247.800000000 -12.064192 39.109494 -20.008887 0.564432 0.219966 0.662914 -0.439974
247.900000000 -12.001024 39.162458 -19.965419 0.564328 0.219934 0.662849 -0.440220
248.000000000 -11.877191 39.282793 -19.901228 0.564557 0.218869 0.663377 -0.439663
248.100000000 -11.783721 39.375500 -19.847510 0.564810 0.218819 0.663285 -0.439502
248.200000000 -11.696553 39.525294 -19.773997 0.564912 0.219164 0.662905 -0.439771
248.300000000 -11.668466 39.553774 -19.740200 0.563677 0.219737 0.663252 -0.440546
248.400000000 -11.604810 39.593970 -19.713007 0.564138 0.220213 0.662680 -0.440579
248.500000000 -11.531657 39.752801 -19.643883 0.565254 0.218880 0.662686 -0.439804
248.600000000 -11.418116 39.879183 -19.586258 0.566125 0.218788 0.662393 -0.439170
248.700000000 -11.345294 39.938620 -19.551635 0.566395 0.219073 0.661995 -0.439279
248.800000000 -11.259877 40.079972 -19.488028 0.566593 0.218768 0.662036 -0.439114
248.900000000 -11.214564 40.125907 -19.455984 0.566063 0.218537 0.662365 -0.439416
249.000000000 -11.141018 40.222145 -19.412311 0.566511 0.218314 0.662259 -0.439110
249.100000000 -11.016014 40.331789 -19.362696 0.566649 0.217767 0.662643 -0.438624
249.200000000 -10.932140 40.399210 -19.330260 0.566662 0.217963 0.662456 -0.438792
249.300000000 -10.895888 40.412646 -19.310074 0.565368 0.217609 0.663413 -0.439190
249.400000000 -10.851017 40.423023 -19.299317 0.565732 0.217461 0.663333 -0.438916
249.500000000 -10.769150 40.579670 -19.236737 0.565602 0.218009 0.662949 -0.439391
249.600000000 -10.636634 40.737626 -19.174429 0.566361 0.216633 0.663520 -0.438231
249.700000000 -10.577773 40.818541 -19.147701 0.566480 0.217842 0.662609 -0.438856
249.800000000 -10.539995 40.853769 -19.134790 0.566174 0.218671 0.662210 -0.439441
249.900000000 -10.447671 40.971011 -19.089711 0.566481 0.217978 0.662507 -0.438941
250.000000000 -10.341766 41.129692 -19.032908 0.567082 0.217544 0.662363 -0.438597
250.100000000 -10.278531 41.167184 -19.017012 0.566641 0.217737 0.662526 -0.438825
250.200000000 -10.205222 41.228565 -18.994447 0.566661 0.217214 0.662821 -0.438614
250.300000000 -10.139981 41.316004 -18.965299 0.567079 0.217058 0.662754 -0.438251
250.400000000 -10.104408 41.277406 -18.982023 0.567148 0.216718 0.663002 -0.437955
250.500000000 -9.985319 41.474404 -18.912599 0.566795 0.216394 0.663398 -0.437973
250.600000000 -9.946866 41.454508 -18.922324 0.566415 0.216464 0.663602 -0.438121
250.700000000 -9.885982 41.518219 -18.909121 0.566696 0.216445 0.663482 -0.437949
250.800000000 -9.823260 41.565770 -18.900399 0.567121 0.216295 0.663341 -0.437685
250.900000000 -9.732378 41.678552 -18.867294 0.567043 0.216309 0.663383 -0.437716
251.000000000 -9.644172 41.815258 -18.826172 0.566831 0.216431 0.663318 -0.438030
251.100000000 -9.547255 41.943458 -18.794054 0.567802 0.215933 0.663036 -0.437444
251.200000000 -9.500714 41.919940 -18.810801 0.568072 0.215935 0.663009 -0.437133
251.300000000 -9.435191 42.015016 -18.785130 0.567294 0.215983 0.663394 -0.437535
251.400000000 -9.328534 42.160766 -18.742863 0.567060 0.215643 0.663645 -0.437625
251.500000000 -9.235037 42.282745 -18.707575 0.566757 0.215632 0.663717 -0.437914
251.600000000 -9.138141 42.368745 -18.686196 0.566517 0.214699 0.664414 -0.437626
251.700000000 -9.088964 42.424769 -18.678155 0.565976 0.215021 0.664481 -0.438067
251.800000000 -8.974273 42.617950 -18.618625 0.565947 0.214549 0.664694 -0.438011
251.900000000 -8.879291 42.746140 -18.585756 0.565731 0.214473 0.664888 -0.438034
252.000000000 -8.821503 42.767955 -18.596367 0.565929 0.214510 0.664823 -0.437860
252.100000000 -8.745696 42.900249 -18.565311 0.566312 0.214942 0.664248 -0.438024
252.200000000 -8.648336 43.083930 -18.514151 0.566750 0.214802 0.663919 -0.438025
252.300000000 -8.556224 43.207669 -18.483981 0.566499 0.214239 0.664416 -0.437873
252.400000000 -8.486404 43.253844 -18.484044 0.566638 0.214080 0.664449 -0.437721
252.500000000 -8.404799 43.388438 -18.451674 0.566287 0.214401 0.664337 -0.438187
252.600000000 -8.313430 43.529099 -18.416414 0.566605 0.214467 0.664039 -0.438195
252.700000000 -8.248045 43.575598 -18.415776 0.566512 0.214376 0.664202 -0.438113
252.800000000 -8.172481 43.598130 -18.424626 0.566533 0.214149 0.664386 -0.437917
252.900000000 -8.070665 43.777280 -18.369995 0.566201 0.214128 0.664487 -0.438204
253.000000000 -7.973858 43.871318 -18.345183 0.565812 0.213739 0.664951 -0.438192
253.100000000 -7.872592 43.984456 -18.316038 0.565962 0.213283 0.665157 -0.437908
253.200000000 -7.788858 44.046100 -18.303307 0.566308 0.212664 0.665409 -0.437379
253.300000000 -7.735565 44.100882 -18.294385 0.566656 0.212998 0.665027 -0.437346
253.400000000 -7.616024 44.304671 -18.224055 0.565597 0.212446 0.665953 -0.437577
253.500000000 -7.548641 44.382708 -18.199399 0.565633 0.212422 0.665953 -0.437542
253.600000000 -7.484485 44.499524 -18.158716 0.564815 0.213287 0.665770 -0.438456
253.700000000 -7.382530 44.617126 -18.113428 0.564276 0.212830 0.666360 -0.438475
253.800000000 -7.298318 44.731192 -18.077054 0.564738 0.213158 0.665992 -0.438280
253.900000000 -7.200265 44.840991 -18.032757 0.564508 0.212640 0.666437 -0.438150
254.000000000 -7.084201 44.938203 -17.995523 0.564731 0.212034 0.666732 -0.437708
254.100000000 -6.994223 45.048530 -17.943915 0.564158 0.211923 0.667031 -0.438046
254.200000000 -6.908254 45.150565 -17.901434 0.564385 0.212136 0.666839 -0.437942
254.300000000 -6.813890 45.253182 -17.858736 0.565129 0.212250 0.666402 -0.437593
254.400000000 -6.722716 45.364771 -17.803131 0.564914 0.212253 0.666514 -0.437698
254.500000000 -6.649058 45.472620 -17.744898 0.564474 0.212418 0.666570 -0.438101
254.600000000 -6.554109 45.570253 -17.692485 0.564789 0.212259 0.666548 -0.437806
254.700000000 -6.457329 45.670428 -17.632113 0.564680 0.211861 0.666805 -0.437747
254.800000000 -6.379370 45.772705 -17.576780 0.564530 0.212418 0.666504 -0.438128
254.900000000 -6.310775 45.879032 -17.511376 0.564328 0.212578 0.666502 -0.438315
255.000000000 -6.217490 45.979429 -17.443157 0.564164 0.212034 0.666944 -0.438117
255.100000000 -6.157009 46.081539 -17.376492 0.563568 0.212754 0.666755 -0.438823
255.200000000 -6.056191 46.180775 -17.311705 0.563941 0.212173 0.666865 -0.438457
255.300000000 -5.977557 46.274063 -17.244617 0.563851 0.212266 0.666896 -0.438480
255.400000000 -5.892125 46.373310 -17.175635 0.563735 0.212272 0.666949 -0.438546
255.500000000 -5.819539 46.468517 -17.106992 0.563903 0.212453 0.666776 -0.438505
255.600000000 -5.722294 46.572536 -17.024482 0.563430 0.211873 0.667285 -0.438620
255.700000000 -5.627124 46.652993 -16.959251 0.563564 0.212092 0.667091 -0.438638
255.800000000 -5.549117 46.740423 -16.896166 0.564731 0.211883 0.666593 -0.437994
255.900000000 -5.466133 46.834283 -16.813771 0.564129 0.211505 0.667132 -0.438132
256.000000000 -5.383292 46.903779 -16.749428 0.564859 0.211336 0.666833 -0.437727
256.100000000 -5.284309 46.990121 -16.678489 0.565627 0.210745 0.666753 -0.437143
256.200000000 -5.198675 47.047838 -16.605556 0.564810 0.210213 0.667515 -0.437292
256.300000000 -5.166020 46.986811 -16.574079 0.564090 0.210156 0.668021 -0.437475
256.400000000 -5.080984 47.080041 -16.493841 0.564235 0.209770 0.668250 -0.437125
256.500000000 -5.019991 47.144653 -16.428023 0.564570 0.210305 0.667709 -0.437261
256.600000000 -5.057428 46.945322 -16.446461 0.564852 0.210245 0.667839 -0.436728
256.700000000 -4.877986 47.264154 -16.286052 0.564125 0.210298 0.667943 -0.437482
256.800000000 -4.799443 47.308726 -16.224261 0.564715 0.210098 0.667760 -0.437096
256.900000000 -4.737478 47.327392 -16.169411 0.564987 0.209819 0.667804 -0.436810
257.000000000 -4.638523 47.456250 -16.077226 0.564970 0.209709 0.667837 -0.436834
257.100000000 -4.546373 47.445180 -16.032837 0.565677 0.208455 0.668259 -0.435873
257.200000000 -4.569846 47.381711 -16.000354 0.564726 0.209136 0.668533 -0.436360
257.300000000 -4.515470 47.401825 -15.950968 0.565191 0.209258 0.668232 -0.436161
257.400000000 -4.433488 47.534889 -15.859291 0.564965 0.209425 0.668126 -0.436536
257.500000000 -4.351947 47.629027 -15.774423 0.563326 0.209613 0.668826 -0.437490
257.600000000 -4.254892 47.739217 -15.693601 0.563454 0.209105 0.669104 -0.437145
257.700000000 -4.144240 47.899017 -15.599844 0.563580 0.209647 0.668619 -0.437463
257.800000000 -3.970412 48.164158 -15.471677 0.564218 0.208972 0.668527 -0.437105
257.900000000 -3.895033 48.191750 -15.421774 0.564005 0.208488 0.668946 -0.436969
258.000000000 -3.832828 48.237233 -15.376437 0.564408 0.208939 0.668443 -0.437004
258.100000000 -3.748820 48.356114 -15.306459 0.564918 0.208718 0.668194 -0.436831
258.200000000 -3.728667 48.327649 -15.285204 0.564098 0.209044 0.668485 -0.437289
258.300000000 -3.624575 48.485417 -15.206659 0.564304 0.208942 0.668398 -0.437206
258.400000000 -3.511280 48.663533 -15.125396 0.564505 0.209126 0.668090 -0.437329
258.500000000 -3.416375 48.789509 -15.061985 0.564386 0.209112 0.668130 -0.437428
258.600000000 -3.319554 48.880043 -15.013287 0.564458 0.208723 0.668341 -0.437197
258.700000000 -3.230703 48.960366 -14.973909 0.564652 0.208535 0.668258 -0.437164
258.800000000 -3.143498 49.094110 -14.920791 0.564542 0.208936 0.668015 -0.437485
258.900000000 -3.105191 49.160977 -14.895580 0.564813 0.209622 0.667329 -0.437855
259.000000000 -3.030550 49.226007 -14.872660 0.565176 0.209127 0.667431 -0.437468
259.100000000 -2.982175 49.295135 -14.850775 0.564359 0.209720 0.667442 -0.438220
259.200000000 -2.948593 49.346338 -14.842583 0.564206 0.210300 0.667154 -0.438579
259.300000000 -2.875129 49.520443 -14.796652 0.564363 0.210961 0.666470 -0.439099
259.400000000 -2.790382 49.644044 -14.770814 0.564262 0.211520 0.666152 -0.439442
259.500000000 -2.708306 49.779452 -14.741849 0.564067 0.211526 0.666045 -0.439852
259.600000000 -2.616390 49.901894 -14.722335 0.564427 0.210757 0.666294 -0.439381
259.700000000 -2.563972 49.966782 -14.727210 0.564274 0.211223 0.666059 -0.439711
259.800000000 -2.468910 50.092531 -14.713850 0.564518 0.210755 0.666165 -0.439460
259.900000000 -2.420658 50.167127 -14.722837 0.564151 0.211276 0.666009 -0.439918
260.000000000 -2.284063 50.263040 -14.732818 0.565416 0.209981 0.666189 -0.438640
260.100000000 -2.201852 50.376296 -14.733284 0.565191 0.210121 0.666155 -0.438914
260.200000000 -2.200767 50.563463 -14.710298 0.564150 0.211850 0.665368 -0.440612
260.300000000 -2.061137 50.633094 -14.732493 0.564996 0.209810 0.666320 -0.439063
260.400000000 -1.953881 50.768310 -14.738912 0.565607 0.209649 0.665899 -0.438993
260.500000000 -1.853672 50.903802 -14.745430 0.565958 0.208947 0.666098 -0.438573
260.600000000 -1.726791 51.161007 -14.728020 0.567792 0.209670 0.664513 -0.438262
260.700000000 -1.710261 51.254953 -14.761688 0.568396 0.210880 0.663291 -0.438749
260.800000000 -1.620513 51.358633 -14.770982 0.566500 0.209681 0.664967 -0.439239
260.900000000 -1.550928 51.507415 -14.786394 0.566612 0.210478 0.664363 -0.439627
261.000000000 -1.488857 51.682607 -14.805682 0.568308 0.211335 0.662783 -0.439412
261.100000000 -1.406495 51.660821 -14.875363 0.567792 0.210526 0.663645 -0.439166
261.200000000 -1.366466 51.901195 -14.869707 0.567687 0.212386 0.662347 -0.440363
261.300000000 -1.268863 51.990133 -14.898312 0.566587 0.211302 0.663659 -0.440325
261.400000000 -1.150900 52.113993 -14.945926 0.569050 0.211322 0.662281 -0.439213
261.500000000 -1.051717 52.194509 -14.984037 0.567892 0.210226 0.663569 -0.439294
261.600000000 -0.989365 52.480421 -14.965120 0.567848 0.211451 0.662786 -0.439946
261.700000000 -0.910355 52.473156 -15.045752 0.568482 0.210641 0.662891 -0.439356
261.800000000 -0.816708 52.567982 -15.102598 0.570083 0.210370 0.662262 -0.438359
261.900000000 -0.734500 52.799313 -15.107299 0.570556 0.211130 0.661411 -0.438664
262.000000000 -0.694998 52.977307 -15.115492 0.568392 0.211887 0.661945 -0.440299
262.100000000 -0.746747 52.860354 -15.237124 0.567394 0.213564 0.661556 -0.441359
262.200000000 -0.583622 53.106354 -15.226111 0.567385 0.211724 0.662687 -0.440560
262.300000000 -0.476115 53.289706 -15.227767 0.566484 0.210876 0.663447 -0.440983
262.400000000 -0.373232 53.467197 -15.250643 0.566906 0.210705 0.663287 -0.440761
262.500000000 -0.295146 53.636439 -15.263113 0.566393 0.209926 0.664073 -0.440610
262.600000000 -0.246538 53.696979 -15.332772 0.566414 0.211395 0.663050 -0.441420
262.700000000 -0.168682 53.874616 -15.354606 0.566849 0.211135 0.663035 -0.441010
262.800000000 -0.150826 53.839669 -15.452561 0.567347 0.211021 0.662892 -0.440639
262.900000000 -0.059437 53.980921 -15.472035 0.566073 0.210447 0.663842 -0.441120
263.000000000 0.022858 54.215894 -15.467735 0.565767 0.210467 0.664075 -0.441152
263.100000000 0.145183 54.397989 -15.477883 0.564955 0.210068 0.664661 -0.441501
263.200000000 0.200689 54.508716 -15.517800 0.563765 0.212010 0.664034 -0.443035
263.300000000 0.288344 54.609602 -15.563244 0.564389 0.210950 0.664451 -0.442119
263.400000000 0.367116 54.723761 -15.603843 0.564326 0.211053 0.664415 -0.442205
263.500000000 0.421410 54.858176 -15.625522 0.563444 0.211596 0.664513 -0.442922
263.600000000 0.511870 55.019578 -15.640099 0.564090 0.210484 0.664903 -0.442044
263.700000000 0.563869 55.087469 -15.697437 0.564149 0.210659 0.664861 -0.441948
263.800000000 0.650326 55.228784 -15.716602 0.562709 0.212130 0.664595 -0.443478
263.900000000 0.745823 55.417507 -15.723920 0.562590 0.212581 0.664390 -0.443720
264.000000000 0.862673 55.649778 -15.702024 0.562852 0.210540 0.665433 -0.442797
264.100000000 0.930900 55.694338 -15.752115 0.562468 0.210143 0.665799 -0.442923
264.200000000 0.953120 55.725961 -15.801782 0.560739 0.212319 0.665328 -0.444783
264.300000000 1.080258 55.972244 -15.786953 0.561568 0.210986 0.665836 -0.443608
264.400000000 1.131048 56.049655 -15.834643 0.562947 0.211224 0.664991 -0.443015
264.500000000 1.169582 56.145687 -15.861581 0.561269 0.212703 0.664860 -0.444631
264.600000000 1.269985 56.270449 -15.868751 0.560397 0.212106 0.665822 -0.444576
264.700000000 1.359707 56.460494 -15.863294 0.561258 0.212242 0.665284 -0.444230
264.800000000 1.441554 56.551476 -15.881214 0.560981 0.211330 0.666022 -0.443909
264.900000000 1.530344 56.722821 -15.875673 0.561018 0.210960 0.666301 -0.443619
265.000000000 1.598315 56.838958 -15.885028 0.560263 0.211294 0.666434 -0.444213
265.100000000 1.694669 56.983332 -15.890812 0.561573 0.210737 0.666154 -0.443244
265.200000000 1.758871 57.080799 -15.902531 0.560503 0.211329 0.666306 -0.444087
265.300000000 1.819205 57.175344 -15.918662 0.560122 0.211711 0.666254 -0.444462
265.400000000 1.912052 57.364575 -15.897582 0.560764 0.211456 0.666070 -0.444051
265.500000000 1.998698 57.480325 -15.897760 0.561173 0.210825 0.666285 -0.443511
265.600000000 2.042271 57.512275 -15.941251 0.561916 0.211564 0.665490 -0.443413
265.700000000 2.131836 57.657845 -15.918636 0.560626 0.210971 0.666439 -0.443902
265.800000000 2.254334 57.859076 -15.881506 0.561126 0.209803 0.666889 -0.443147
265.900000000 2.326361 57.919531 -15.894591 0.560914 0.209358 0.667249 -0.443085
266.000000000 2.404106 58.103519 -15.864143 0.561280 0.209977 0.666550 -0.443380
266.100000000 2.468710 58.148422 -15.879058 0.560798 0.210030 0.666913 -0.443418
266.200000000 2.507719 58.281947 -15.864980 0.560632 0.211768 0.665813 -0.444454
266.300000000 2.574128 58.364075 -15.861460 0.560203 0.212023 0.665748 -0.444969
266.400000000 2.680335 58.569374 -15.809246 0.560591 0.211264 0.665862 -0.444672
266.500000000 2.769995 58.687332 -15.778544 0.559371 0.210972 0.666801 -0.444940
266.600000000 2.871258 58.844299 -15.724630 0.558381 0.210216 0.667767 -0.445093
266.700000000 2.957071 58.962310 -15.698868 0.558892 0.209792 0.667720 -0.444720
266.800000000 3.060977 59.111721 -15.655435 0.558874 0.208888 0.668269 -0.444345
266.900000000 3.134969 59.210030 -15.633297 0.558775 0.208944 0.668269 -0.444444
267.000000000 3.226887 59.389909 -15.577491 0.558998 0.208832 0.668192 -0.444330
267.100000000 3.298650 59.436251 -15.571714 0.559512 0.208210 0.668341 -0.443752
267.200000000 3.350518 59.503313 -15.555369 0.558919 0.209393 0.667927 -0.444565
267.300000000 3.409498 59.571935 -15.541063 0.559279 0.209933 0.667341 -0.444737
267.400000000 3.505770 59.685599 -15.495197 0.559325 0.208849 0.667965 -0.444253
267.500000000 3.577157 59.802148 -15.450432 0.558735 0.209070 0.668054 -0.444756
267.600000000 3.675206 59.941202 -15.397477 0.559350 0.208588 0.668039 -0.444231
267.700000000 3.769895 60.044298 -15.355883 0.560372 0.207266 0.668277 -0.443205
267.800000000 3.846488 60.177423 -15.298966 0.560058 0.207859 0.667983 -0.443766
267.900000000 3.921241 60.244771 -15.266232 0.560208 0.207293 0.668227 -0.443475
268.000000000 3.994794 60.323720 -15.228603 0.560417 0.206973 0.668360 -0.443159
268.100000000 4.080482 60.480288 -15.163162 0.561058 0.207511 0.667662 -0.443150
268.200000000 4.144620 60.540846 -15.128950 0.561155 0.207579 0.667475 -0.443274
268.300000000 4.204049 60.652223 -15.065918 0.559562 0.209196 0.667185 -0.444963
268.400000000 4.297238 60.783954 -14.995714 0.559498 0.208769 0.667429 -0.444878
268.500000000 4.355797 60.844561 -14.964114 0.560320 0.209259 0.666716 -0.444681
268.600000000 4.425203 60.914653 -14.930146 0.562639 0.208432 0.665907 -0.443352
268.700000000 4.511463 61.020825 -14.864018 0.562119 0.208274 0.666317 -0.443470
268.800000000 4.587486 61.152238 -14.788588 0.562339 0.208328 0.665929 -0.443749
268.900000000 4.671129 61.221404 -14.742892 0.562957 0.207816 0.665972 -0.443140
269.000000000 4.757145 61.351317 -14.665526 0.563294 0.207589 0.666008 -0.442764
269.100000000 4.816371 61.410442 -14.619262 0.563839 0.208241 0.665135 -0.443076
269.200000000 4.892525 61.526534 -14.556479 0.565126 0.208455 0.664289 -0.442605
269.300000000 4.963105 61.619166 -14.492076 0.565484 0.208495 0.663876 -0.442749
269.400000000 4.998900 61.701690 -14.434368 0.564779 0.211262 0.662380 -0.444574
269.500000000 5.083805 61.783171 -14.381829 0.567050 0.210236 0.661685 -0.443202
269.600000000 5.134670 61.878413 -14.303565 0.565219 0.211698 0.661620 -0.444938
269.700000000 5.205221 61.979539 -14.230195 0.566943 0.211410 0.660591 -0.444411
269.800000000 5.267066 62.066010 -14.153587 0.566658 0.211203 0.660828 -0.444521
269.900000000 5.239376 62.173482 -14.070291 0.567394 0.211441 0.660082 -0.444578
270.000000000 5.197975 62.231988 -13.997110 0.566249 0.212003 0.660312 -0.445426
270.100000000 5.204035 62.353406 -13.895018 0.564511 0.213078 0.660423 -0.446953
270.200000000 5.408013 62.403995 -13.856067 0.568281 0.212081 0.659029 -0.444702
270.300000000 5.500746 62.529922 -13.742511 0.564844 0.213579 0.659815 -0.447191
270.400000000 5.507814 62.628435 -13.647656 0.564759 0.213983 0.659753 -0.447197
270.500000000 5.577084 62.754259 -13.524055 0.562400 0.216049 0.663232 -0.444018
270.600000000 5.661933 62.813941 -13.462883 0.564947 0.220785 0.663214 -0.438448
270.700000000 5.770218 62.930865 -13.331422 0.562278 0.222302 0.666211 -0.436564
270.800000000 5.786044 63.025686 -13.232748 0.563374 0.223411 0.666298 -0.434447
270.900000000 5.905710 63.130382 -13.103257 0.561153 0.224395 0.667000 -0.435734
271.000000000 6.016441 63.183338 -13.019007 0.562978 0.224483 0.665894 -0.435027
271.100000000 6.041988 63.263173 -12.913429 0.563482 0.225348 0.664960 -0.435356
271.200000000 6.233616 63.300753 -12.825187 0.565166 0.224455 0.664302 -0.434637
271.300000000 6.317654 63.365628 -12.713579 0.564631 0.225653 0.663489 -0.435953
271.400000000 6.447765 63.409070 -12.608466 0.564595 0.225721 0.663241 -0.436341
271.500000000 6.522158 63.439811 -12.524035 0.567628 0.225648 0.661795 -0.434636
271.600000000 6.605410 63.497100 -12.402921 0.566703 0.226889 0.661131 -0.436205
271.700000000 6.789858 63.523596 -12.302944 0.570002 0.223967 0.660806 -0.433904
271.800000000 6.807390 63.581743 -12.175506 0.568222 0.226531 0.659761 -0.436489
271.900000000 6.948379 63.601963 -12.081447 0.570841 0.227107 0.657560 -0.436093
272.000000000 7.017725 63.653863 -11.950380 0.570150 0.227276 0.657354 -0.437219
272.100000000 7.293240 63.700781 -11.833886 0.573022 0.223666 0.657538 -0.435045
272.200000000 7.304882 63.713646 -11.716383 0.570874 0.226313 0.656613 -0.437886
272.300000000 7.560804 63.730199 -11.609349 0.573411 0.223457 0.656506 -0.436196
272.400000000 7.584285 63.836552 -11.443562 0.571760 0.223434 0.656907 -0.437768
272.500000000 7.559466 63.775098 -11.378936 0.574890 0.224737 0.654041 -0.437293
272.600000000 7.735826 63.839490 -11.232834 0.572881 0.223561 0.655482 -0.438375
272.700000000 7.826214 63.804762 -11.138243 0.572141 0.224596 0.654683 -0.440002
272.800000000 7.871157 63.766493 -11.041755 0.570580 0.225119 0.654556 -0.441946
272.900000000 7.959612 63.772866 -10.963735 0.575028 0.224912 0.652050 -0.439987
273.000000000 7.984095 63.848232 -10.808400 0.572764 0.224070 0.653151 -0.441733
273.100000000 8.052779 63.831122 -10.735368 0.575209 0.226371 0.649995 -0.442038
273.200000000 8.119998 63.786294 -10.623617 0.572674 0.224501 0.652095 -0.443189
273.300000000 8.256772 63.687804 -10.564421 0.574755 0.223944 0.650934 -0.442481
273.400000000 8.295547 63.657464 -10.475179 0.575440 0.224602 0.649893 -0.442789
273.500000000 8.523590 63.775394 -10.332534 0.575653 0.222498 0.651205 -0.441645
273.600000000 8.551420 63.727394 -10.254502 0.576166 0.223677 0.649965 -0.442208
273.700000000 8.661552 63.644165 -10.175802 0.575173 0.222760 0.651014 -0.442420
273.800000000 8.719372 63.660573 -10.059521 0.574581 0.222965 0.651182 -0.442837
273.900000000 8.841740 63.613669 -9.983830 0.576195 0.222203 0.650466 -0.442177
274.000000000 8.877478 63.645144 -9.867254 0.575013 0.223456 0.650540 -0.442973
274.100000000 9.034109 63.618223 -9.753083 0.572273 0.220851 0.653440 -0.443560
274.200000000 9.071014 63.573662 -9.723212 0.575690 0.224779 0.649421 -0.443065
274.300000000 9.063541 63.490202 -9.630453 0.572040 0.224478 0.651358 -0.445098
274.400000000 9.415614 63.549077 -9.545040 0.575665 0.223926 0.650136 -0.442481
274.500000000 9.540060 63.490189 -9.477735 0.575400 0.223190 0.650512 -0.442647
274.600000000 9.711649 63.518982 -9.349090 0.573328 0.220311 0.653263 -0.442725
274.700000000 9.720440 63.467653 -9.257693 0.570867 0.219647 0.654853 -0.443885
274.800000000 9.762423 63.379933 -9.220146 0.572943 0.221046 0.653210 -0.442936
274.900000000 9.766230 63.322600 -9.165346 0.572532 0.221251 0.653039 -0.443616
275.000000000 9.925245 63.347710 -9.062073 0.572477 0.221025 0.653239 -0.443507
275.100000000 9.975572 63.317504 -9.028914 0.574725 0.222529 0.650789 -0.443448
275.200000000 9.950637 63.279579 -8.969379 0.575524 0.222827 0.650050 -0.443346
275.300000000 10.087706 63.164951 -8.945235 0.576019 0.223800 0.649137 -0.443551
275.400000000 10.227402 63.155909 -8.840727 0.573929 0.220486 0.652363 -0.443185
275.500000000 10.196219 63.040642 -8.808461 0.573606 0.220905 0.652325 -0.443452
275.600000000 10.228300 62.904497 -8.789110 0.572090 0.221789 0.652665 -0.444468
275.700000000 10.272901 62.831092 -8.745537 0.572391 0.222211 0.652243 -0.444488
275.800000000 10.305669 62.748886 -8.717887 0.572925 0.222210 0.651395 -0.445044
275.900000000 10.399500 62.702171 -8.671883 0.574030 0.221977 0.650592 -0.444911
276.000000000 10.577980 62.783270 -8.591192 0.575651 0.221498 0.649775 -0.444249
276.100000000 10.634234 62.727404 -8.566047 0.576116 0.221670 0.649359 -0.444169
276.200000000 10.722297 62.677107 -8.526591 0.575461 0.220740 0.650017 -0.444518
276.300000000 10.756185 62.593979 -8.500490 0.574817 0.220389 0.650268 -0.445158
276.400000000 10.825105 62.517113 -8.468369 0.572859 0.218521 0.652006 -0.446060
276.500000000 10.883220 62.481408 -8.445118 0.573469 0.218674 0.651231 -0.446333
276.600000000 10.933658 62.370211 -8.445465 0.573265 0.218093 0.651261 -0.446836
276.700000000 10.985317 62.299535 -8.417698 0.572165 0.217406 0.652118 -0.447330
276.800000000 11.021947 62.207663 -8.419101 0.572045 0.217469 0.652030 -0.447582
276.900000000 11.086399 62.158583 -8.392189 0.570880 0.216365 0.652919 -0.448306
277.000000000 11.133543 62.111344 -8.394160 0.571665 0.216322 0.652128 -0.448478
277.100000000 11.181988 62.030164 -8.396912 0.571324 0.215962 0.652357 -0.448754
277.200000000 11.309694 61.928713 -8.412867 0.571365 0.214856 0.652730 -0.448690
277.300000000 11.368395 61.917448 -8.391740 0.571103 0.213558 0.653069 -0.449149
277.400000000 11.380111 61.883865 -8.400003 0.571190 0.213416 0.652797 -0.449501
277.500000000 11.403690 61.771681 -8.431743 0.570905 0.213968 0.652203 -0.450463
277.600000000 11.481687 61.689507 -8.461408 0.571768 0.213009 0.652027 -0.450077
277.700000000 11.525513 61.623589 -8.473811 0.570871 0.212123 0.652886 -0.450388
277.800000000 11.541696 61.532317 -8.517688 0.571701 0.212976 0.651692 -0.450661
277.900000000 11.602891 61.484960 -8.542257 0.572461 0.211900 0.651417 -0.450603
278.000000000 11.611380 61.426037 -8.534937 0.569112 0.210433 0.653791 -0.452092
278.100000000 11.449221 61.290202 -8.586664 0.567884 0.210940 0.654008 -0.453085
278.200000000 11.457114 61.212156 -8.618564 0.567083 0.210227 0.654654 -0.453486
278.300000000 11.598939 61.191658 -8.656427 0.570189 0.209608 0.653400 -0.451684
278.400000000 11.686384 61.197803 -8.674637 0.571052 0.208315 0.653517 -0.451022
278.500000000 11.675832 61.103304 -8.720244 0.571171 0.208045 0.653531 -0.450975
278.600000000 11.701959 61.023113 -8.756530 0.568817 0.207691 0.654620 -0.452531
278.700000000 11.733148 60.997943 -8.793837 0.569832 0.207991 0.653854 -0.452224
278.800000000 11.689178 60.957113 -8.814486 0.567275 0.207999 0.655080 -0.453659
278.900000000 11.582410 60.775471 -8.883231 0.565543 0.207802 0.655973 -0.454620
279.000000000 11.741895 60.742629 -8.937621 0.567303 0.205052 0.656685 -0.452643
279.100000000 11.696835 60.633160 -9.002544 0.566005 0.206556 0.656389 -0.454011
279.200000000 11.713816 60.591592 -9.074156 0.568881 0.208008 0.654263 -0.452821
279.300000000 11.654801 60.591938 -9.075839 0.565101 0.206413 0.656793 -0.454617
279.400000000 11.581363 60.474170 -9.140836 0.563040 0.206453 0.657567 -0.456036
279.500000000 11.593245 60.407246 -9.197890 0.562308 0.206212 0.657948 -0.456499
279.600000000 11.532826 60.374072 -9.234105 0.560286 0.206302 0.658826 -0.457676
279.700000000 11.508329 60.301258 -9.290342 0.558871 0.205814 0.659896 -0.458084
279.800000000 11.520906 60.232539 -9.367269 0.559682 0.206443 0.659098 -0.457960
279.900000000 11.537827 60.227485 -9.403315 0.559125 0.204833 0.660222 -0.457745
280.000000000 11.578529 60.144372 -9.494663 0.562120 0.204072 0.659638 -0.455252
280.100000000 11.581664 60.098881 -9.553566 0.561613 0.203438 0.660217 -0.455322
280.200000000 11.631310 60.040559 -9.620974 0.561528 0.201950 0.661022 -0.454922
280.300000000 11.608831 59.984274 -9.675334 0.559293 0.200678 0.662794 -0.455658
280.400000000 11.513101 59.948418 -9.742302 0.560115 0.202429 0.661479 -0.455784
280.500000000 11.487049 59.880128 -9.830332 0.560882 0.204892 0.659946 -0.455962
280.600000000 11.403207 59.836807 -9.887919 0.558873 0.204748 0.660866 -0.457160
280.700000000 11.330128 59.793743 -9.947769 0.559434 0.203253 0.661407 -0.456358
280.800000000 11.316298 59.768180 -10.014971 0.559223 0.204721 0.660896 -0.456700
280.900000000 11.247131 59.689223 -10.100817 0.560950 0.203728 0.660558 -0.455515
281.000000000 11.197829 59.612251 -10.177387 0.560508 0.203449 0.660868 -0.455733
281.100000000 11.147432 59.582283 -10.258072 0.563144 0.205346 0.658807 -0.454616
281.200000000 11.103231 59.511342 -10.333070 0.561309 0.206104 0.659424 -0.455646
281.300000000 11.035157 59.451729 -10.430904 0.564407 0.209247 0.656208 -0.455030
281.400000000 10.983204 59.422007 -10.502730 0.564640 0.211151 0.654970 -0.455644
281.500000000 10.924222 59.327208 -10.593466 0.566268 0.208628 0.655996 -0.453304
281.600000000 10.880922 59.322857 -10.644970 0.565742 0.208465 0.656265 -0.453645
281.700000000 10.837942 59.262165 -10.704253 0.562484 0.205868 0.659419 -0.454309
281.800000000 10.768803 59.189736 -10.793596 0.563604 0.207320 0.657951 -0.454390
281.900000000 10.714289 59.174340 -10.860569 0.564422 0.207857 0.657743 -0.453429
282.000000000 10.651253 59.110958 -10.934691 0.562941 0.208544 0.657836 -0.454818
282.100000000 10.591865 59.080907 -11.002185 0.563109 0.209433 0.657465 -0.454737
282.200000000 10.537492 59.080245 -11.058471 0.565818 0.207290 0.657914 -0.451697
282.300000000 10.462447 58.970881 -11.153455 0.562935 0.211383 0.656973 -0.454762
282.400000000 10.401141 58.946410 -11.214141 0.562954 0.211403 0.657207 -0.454390
282.500000000 10.333762 58.881728 -11.290859 0.562617 0.212949 0.656747 -0.454750
282.600000000 10.261805 58.868632 -11.360553 0.565738 0.213138 0.655333 -0.452826
282.700000000 10.199774 58.817113 -11.422538 0.565030 0.211972 0.656580 -0.452451
282.800000000 10.130233 58.783012 -11.485517 0.566474 0.210342 0.657052 -0.450717
282.900000000 10.064799 58.755880 -11.537982 0.565320 0.210818 0.657573 -0.451183
283.000000000 9.989564 58.701008 -11.608229 0.563700 0.212914 0.657093 -0.452923
283.100000000 9.916657 58.669923 -11.670867 0.564523 0.213002 0.656889 -0.452152
283.200000000 9.837852 58.614283 -11.740078 0.565181 0.213832 0.656327 -0.451753
283.300000000 9.770356 58.579008 -11.789732 0.564670 0.211987 0.657766 -0.451170
283.400000000 9.696355 58.531571 -11.846085 0.563988 0.212605 0.657855 -0.451601
283.500000000 9.614619 58.486582 -11.910306 0.564953 0.212741 0.657524 -0.450812
283.600000000 9.540331 58.447512 -11.964963 0.564907 0.213194 0.657520 -0.450662
283.700000000 9.452488 58.395826 -12.030472 0.565782 0.213565 0.656962 -0.450201
283.800000000 9.381566 58.368221 -12.072034 0.564958 0.213030 0.657887 -0.450140
283.900000000 9.298362 58.331291 -12.129891 0.566693 0.212141 0.657794 -0.448511
284.000000000 9.218742 58.291897 -12.178655 0.566690 0.212066 0.658102 -0.448099
284.100000000 9.133829 58.254489 -12.223656 0.566726 0.211850 0.658331 -0.447817
284.200000000 9.051154 58.191050 -12.279193 0.566035 0.212788 0.658231 -0.448394
284.300000000 8.966248 58.149816 -12.325255 0.565758 0.213325 0.658225 -0.448498
284.400000000 8.887703 58.108546 -12.362873 0.564863 0.212409 0.659389 -0.448351
284.500000000 8.804825 58.055736 -12.410909 0.564396 0.212941 0.659433 -0.448623
284.600000000 8.714801 58.006584 -12.456116 0.564540 0.213475 0.659222 -0.448497
284.700000000 8.629727 57.957843 -12.499246 0.564929 0.213345 0.659366 -0.447857
284.800000000 8.533896 57.900353 -12.553731 0.565084 0.215092 0.658330 -0.448350
284.900000000 8.448351 57.853517 -12.590930 0.565348 0.214447 0.658855 -0.447553
285.000000000 8.362408 57.804155 -12.629719 0.565395 0.214215 0.659144 -0.447180
285.100000000 8.282440 57.767025 -12.656534 0.565464 0.212826 0.660144 -0.446280
285.200000000 8.190726 57.714563 -12.689753 0.564988 0.212479 0.660805 -0.446069
285.300000000 8.110918 57.658498 -12.721614 0.562818 0.214193 0.660954 -0.447770
285.400000000 8.020662 57.615758 -12.757726 0.564940 0.212624 0.661201 -0.445473
285.500000000 7.925978 57.557065 -12.800800 0.565545 0.213174 0.660834 -0.444987
285.600000000 7.845351 57.509354 -12.832338 0.565255 0.213101 0.661220 -0.444817
285.700000000 7.761484 57.451048 -12.870866 0.564869 0.213841 0.661091 -0.445144
285.800000000 7.688022 57.374760 -12.921430 0.566129 0.213487 0.660917 -0.443971
285.900000000 7.615890 57.316774 -12.953577 0.565064 0.213401 0.661765 -0.444107
286.000000000 7.539217 57.266811 -12.989555 0.565655 0.213528 0.661540 -0.443627
286.100000000 7.460850 57.195152 -13.033124 0.565659 0.213712 0.661626 -0.443406
286.200000000 7.382687 57.150023 -13.066404 0.566322 0.213732 0.661537 -0.442682
286.300000000 7.314481 57.081699 -13.105587 0.566172 0.213129 0.662178 -0.442206
286.400000000 7.230706 57.033211 -13.135854 0.565819 0.213027 0.662514 -0.442204
286.500000000 7.158697 56.978980 -13.176298 0.566181 0.213173 0.662521 -0.441659
286.600000000 7.072495 56.894974 -13.225187 0.566192 0.213427 0.662518 -0.441527
286.700000000 6.990172 56.790943 -13.282223 0.566278 0.212848 0.662956 -0.441038
286.800000000 6.913469 56.738366 -13.322150 0.566221 0.213114 0.662909 -0.441053
286.900000000 6.845811 56.685738 -13.351799 0.564375 0.213046 0.664087 -0.441680
287.000000000 6.756547 56.585734 -13.411250 0.564338 0.213066 0.664241 -0.441485
287.100000000 6.676390 56.553655 -13.445235 0.564449 0.213622 0.663952 -0.441511
287.200000000 6.599735 56.517902 -13.487841 0.566619 0.212450 0.663752 -0.439593
287.300000000 6.521863 56.431318 -13.537296 0.565616 0.211406 0.665174 -0.439238
287.400000000 6.433569 56.387566 -13.581068 0.565716 0.211947 0.664825 -0.439378
287.500000000 6.345039 56.326413 -13.631592 0.565956 0.212253 0.664668 -0.439156
287.600000000 6.236316 56.166507 -13.720372 0.565367 0.212338 0.665058 -0.439285
287.700000000 6.151055 56.178366 -13.746654 0.565595 0.212857 0.664620 -0.439402
287.800000000 6.062639 56.169492 -13.779962 0.564730 0.213400 0.664935 -0.439775
287.900000000 5.966534 56.111742 -13.835454 0.564194 0.214280 0.664790 -0.440254
288.000000000 5.865951 56.019871 -13.908447 0.564683 0.214620 0.664231 -0.440305
288.100000000 5.762214 55.892588 -13.988864 0.563176 0.215516 0.664530 -0.441345
288.200000000 5.687607 55.868314 -14.037947 0.563112 0.215413 0.664756 -0.441136
288.300000000 5.573761 55.741035 -14.129699 0.562798 0.217165 0.663893 -0.441976
288.400000000 5.513142 55.763575 -14.160849 0.562937 0.216128 0.664358 -0.441609
288.500000000 5.438287 55.730104 -14.221385 0.564608 0.215538 0.663738 -0.440697
288.600000000 5.354637 55.629107 -14.295214 0.563220 0.215315 0.664624 -0.441246
288.700000000 5.280360 55.617167 -14.344069 0.562338 0.215833 0.664761 -0.441911
288.800000000 5.225054 55.635434 -14.381529 0.562615 0.215561 0.664723 -0.441747
288.900000000 5.154349 55.611973 -14.441330 0.563432 0.215785 0.664245 -0.441316
289.000000000 5.091873 55.655535 -14.472904 0.563210 0.216312 0.663987 -0.441730
289.100000000 5.046751 55.698905 -14.501524 0.562716 0.215658 0.664653 -0.441677
289.200000000 4.971817 55.621547 -14.585734 0.563673 0.215828 0.664076 -0.441242
289.300000000 4.914846 55.635979 -14.630803 0.563986 0.215474 0.664163 -0.440883
289.400000000 4.843153 55.614592 -14.689574 0.563855 0.216006 0.663830 -0.441291
289.500000000 4.734574 55.378196 -14.823055 0.563430 0.215894 0.664063 -0.441540
289.600000000 4.669134 55.338114 -14.888746 0.563069 0.216134 0.664101 -0.441825
289.700000000 4.596832 55.292761 -14.958322 0.563159 0.216731 0.663741 -0.441958
289.800000000 4.532668 55.299028 -15.006185 0.563219 0.216915 0.663535 -0.442101
289.900000000 4.453430 55.188966 -15.106373 0.564365 0.216757 0.663141 -0.441307
290.000000000 4.391051 55.056031 -15.210226 0.566272 0.214936 0.663359 -0.439423
290.100000000 4.296849 54.953381 -15.294391 0.564552 0.217022 0.662852 -0.441373
290.200000000 4.235430 54.920352 -15.360949 0.564746 0.217332 0.662488 -0.441517
290.300000000 4.228124 55.008091 -15.381623 0.566241 0.215300 0.663065 -0.439728
290.400000000 4.168000 54.955826 -15.450569 0.566408 0.215541 0.662843 -0.439732
290.500000000 4.053769 54.687673 -15.598203 0.566487 0.215478 0.662771 -0.439768
290.600000000 3.991541 54.657422 -15.661008 0.566580 0.216090 0.662334 -0.440006
290.700000000 3.905885 54.567301 -15.739827 0.565665 0.217157 0.661958 -0.441222
290.800000000 3.850473 54.549393 -15.794696 0.565111 0.217647 0.661812 -0.441909
290.900000000 3.773963 54.428652 -15.887206 0.565166 0.218317 0.661336 -0.442221
291.000000000 3.757191 54.422013 -15.933057 0.565812 0.216369 0.662229 -0.441014
291.100000000 3.693295 54.305958 -16.024951 0.567124 0.215881 0.661825 -0.440175
291.200000000 3.633474 54.269720 -16.085022 0.566860 0.216255 0.661648 -0.440597
291.300000000 3.580069 54.230218 -16.144412 0.566823 0.216464 0.661444 -0.440847
291.400000000 3.522345 54.123100 -16.223895 0.567000 0.215809 0.661745 -0.440489
291.500000000 3.459701 54.018563 -16.301539 0.566716 0.215853 0.661792 -0.440763
291.600000000 3.403571 53.960807 -16.365260 0.566528 0.216641 0.661313 -0.441337
291.700000000 3.353792 53.876132 -16.432679 0.566344 0.216100 0.661661 -0.441316
291.800000000 3.313950 53.818058 -16.498899 0.567345 0.215706 0.661426 -0.440575
291.900000000 3.244956 53.692858 -16.584323 0.567060 0.216652 0.660889 -0.441283
292.000000000 3.204944 53.650600 -16.634003 0.567513 0.215647 0.661220 -0.440696
292.100000000 3.128624 53.519205 -16.715467 0.566849 0.216657 0.660783 -0.441710
292.200000000 3.102641 53.464698 -16.765460 0.566565 0.216096 0.661229 -0.441682
292.300000000 3.048684 53.385258 -16.828205 0.567260 0.215562 0.661145 -0.441176
292.400000000 3.004902 53.320573 -16.885759 0.567680 0.215071 0.661227 -0.440753
292.500000000 2.977822 53.248844 -16.935646 0.567206 0.214321 0.661799 -0.440871
292.600000000 2.947761 53.201296 -16.993115 0.568411 0.214029 0.661404 -0.440051
292.700000000 2.902745 53.116273 -17.047282 0.568304 0.213636 0.661586 -0.440108
292.800000000 2.815025 52.948216 -17.124199 0.567429 0.214065 0.661648 -0.440933
292.900000000 2.777995 52.887367 -17.177391 0.568158 0.214025 0.661295 -0.440544
293.000000000 2.738337 52.806949 -17.230935 0.568077 0.214302 0.661040 -0.440896
293.100000000 2.711670 52.706203 -17.279639 0.567629 0.214063 0.661295 -0.441206
293.200000000 2.654504 52.620923 -17.324414 0.567317 0.213503 0.661745 -0.441204
293.300000000 2.636671 52.552163 -17.366669 0.567357 0.213806 0.661415 -0.441501
293.400000000 2.575465 52.454036 -17.420050 0.568054 0.213674 0.661031 -0.441243
293.500000000 2.506042 52.328185 -17.475076 0.568252 0.213756 0.660865 -0.441197
293.600000000 2.421567 52.137358 -17.545405 0.568647 0.213265 0.660913 -0.440854
293.700000000 2.417693 52.096273 -17.568778 0.569486 0.212035 0.661208 -0.439922
293.800000000 2.382912 52.025180 -17.596826 0.569587 0.211910 0.661109 -0.440000
293.900000000 2.311690 51.886084 -17.647097 0.570084 0.212088 0.660655 -0.439953
294.000000000 2.259080 51.778266 -17.676030 0.569948 0.211747 0.660852 -0.439996
294.100000000 2.238228 51.671327 -17.703751 0.570017 0.211232 0.661059 -0.439844
294.200000000 2.205765 51.558813 -17.731450 0.570177 0.211004 0.661021 -0.439804
294.300000000 2.147061 51.447151 -17.754408 0.570377 0.210984 0.660820 -0.439855
294.400000000 2.085028 51.336291 -17.771974 0.570562 0.210759 0.660808 -0.439741
294.500000000 2.047308 51.227083 -17.793020 0.571079 0.210686 0.660515 -0.439545
294.600000000 2.004757 51.093710 -17.809198 0.571142 0.210362 0.660545 -0.439573
294.700000000 1.936609 50.942482 -17.826867 0.570859 0.210349 0.660670 -0.439759
294.800000000 1.905520 50.832535 -17.834907 0.571163 0.210442 0.660336 -0.439822
294.900000000 1.808442 50.712923 -17.834683 0.571010 0.210631 0.660192 -0.440146
295.000000000 1.779993 50.594021 -17.830708 0.570923 0.210405 0.660304 -0.440199
295.100000000 1.733654 50.428284 -17.840201 0.571292 0.209940 0.660294 -0.439957
295.200000000 1.684532 50.310265 -17.830793 0.571680 0.209630 0.660219 -0.439714
295.300000000 1.604492 50.151320 -17.827357 0.571230 0.210446 0.659786 -0.440558
295.400000000 1.544998 50.079739 -17.784851 0.570511 0.210106 0.660267 -0.440930
295.500000000 1.521310 49.921010 -17.775038 0.571235 0.209070 0.660489 -0.440152
295.600000000 1.464438 49.777960 -17.758109 0.571655 0.208936 0.660285 -0.439977
295.700000000 1.392442 49.638264 -17.738686 0.571946 0.209245 0.659861 -0.440088
295.800000000 1.321330 49.456474 -17.723258 0.571588 0.209655 0.659740 -0.440541
295.900000000 1.245017 49.395896 -17.669681 0.571754 0.210384 0.659089 -0.440951
296.000000000 1.183250 49.299629 -17.619320 0.571413 0.210516 0.659049 -0.441390
296.100000000 1.095039 49.134873 -17.584920 0.571000 0.210901 0.658926 -0.441924
296.200000000 1.054841 49.036788 -17.528632 0.570630 0.210937 0.658985 -0.442296
296.300000000 0.981501 48.921361 -17.473634 0.570339 0.211138 0.658938 -0.442646
296.400000000 0.932273 48.827885 -17.414171 0.570571 0.211177 0.658730 -0.442639
296.500000000 0.878970 48.686618 -17.361783 0.570464 0.210741 0.658973 -0.442620
296.600000000 0.840798 48.523689 -17.323598 0.571121 0.210796 0.658653 -0.442225
296.700000000 0.746485 48.385681 -17.280804 0.572034 0.211773 0.657528 -0.442251
296.800000000 0.710237 48.274005 -17.215791 0.572235 0.211336 0.657582 -0.442120
296.900000000 0.667776 48.179106 -17.125129 0.570407 0.210322 0.659025 -0.442817
297.000000000 0.622269 48.060204 -17.061653 0.570910 0.209999 0.658988 -0.442377
297.100000000 0.577186 47.988969 -16.990990 0.571750 0.210465 0.658213 -0.442224
297.200000000 0.584346 48.036821 -16.876581 0.572082 0.210442 0.658121 -0.441942
297.300000000 0.545450 48.010354 -16.780468 0.572406 0.210639 0.657794 -0.441917
297.400000000 0.443484 47.815053 -16.748676 0.573373 0.212225 0.656266 -0.442176
297.500000000 0.414950 47.792405 -16.644064 0.573032 0.212249 0.656392 -0.442418
297.600000000 0.322602 47.703631 -16.564860 0.572745 0.213555 0.655570 -0.443380
297.700000000 0.280252 47.500167 -16.518834 0.573000 0.212946 0.655835 -0.442950
297.800000000 0.270091 47.411162 -16.434110 0.573676 0.211321 0.656598 -0.441722
297.900000000 0.198367 47.261241 -16.373763 0.573797 0.211851 0.656137 -0.441996
298.000000000 0.166667 47.320217 -16.248543 0.573816 0.212332 0.655670 -0.442433
298.100000000 0.093874 47.119309 -16.210388 0.574953 0.212929 0.654836 -0.441905
298.200000000 0.029710 46.935488 -16.152319 0.574834 0.212735 0.654939 -0.442000
298.300000000 -0.048432 46.664089 -16.130328 0.575693 0.212246 0.654841 -0.441263
298.400000000 -0.118424 46.609841 -16.047027 0.576085 0.213550 0.653778 -0.441697
298.500000000 -0.160017 46.576557 -15.944342 0.576124 0.213515 0.653693 -0.441789
298.600000000 -0.189175 46.465546 -15.870376 0.576108 0.212781 0.654156 -0.441479
298.700000000 -0.258520 46.387035 -15.795621 0.576637 0.214081 0.653108 -0.441712
298.800000000 -0.235364 46.456819 -15.668121 0.577114 0.212825 0.653514 -0.441096
298.900000000 -0.256511 46.385017 -15.587439 0.576602 0.213072 0.653521 -0.441634
299.000000000 -0.371185 46.259103 -15.532016 0.577420 0.214625 0.652280 -0.441648
299.100000000 -0.481382 46.085643 -15.482740 0.577028 0.215740 0.651699 -0.442475
299.200000000 -0.532741 46.025738 -15.399752 0.576376 0.215849 0.651900 -0.442975
299.300000000 -0.486879 46.051202 -15.307300 0.578442 0.214208 0.652011 -0.440910
299.400000000 -0.625229 45.838666 -15.278902 0.578211 0.215779 0.651072 -0.441834
299.500000000 -0.678218 45.770662 -15.210127 0.577900 0.216623 0.650614 -0.442501
299.600000000 -0.739869 45.797177 -15.108344 0.577039 0.216833 0.650816 -0.443224
299.700000000 -0.837059 45.541910 -15.107495 0.577611 0.217228 0.650384 -0.442921
299.800000000 -0.778811 45.612280 -15.013451 0.579630 0.214761 0.651001 -0.440573
299.900000000 -0.901031 45.445526 -14.983196 0.578183 0.216731 0.650453 -0.442316
300.000000000 -0.947006 45.383632 -14.933121 0.578455 0.216902 0.650198 -0.442251
300.100000000 -0.981844 45.369253 -14.864455 0.578033 0.215866 0.651060 -0.442042
300.200000000 -1.029979 45.336021 -14.824983 0.579328 0.216947 0.649788 -0.441688
300.300000000 -1.027519 45.381729 -14.756427 0.580549 0.215970 0.649790 -0.440561
300.400000000 -1.067839 45.391046 -14.696776 0.579435 0.216537 0.649843 -0.441668
300.500000000 -1.144835 45.306658 -14.672101 0.579565 0.216526 0.649895 -0.441426
300.600000000 -1.207835 45.202006 -14.655449 0.578117 0.217860 0.649737 -0.442899
300.700000000 -1.292710 45.097924 -14.651167 0.577622 0.219153 0.649121 -0.443809
300.800000000 -1.406975 44.987412 -14.652179 0.578181 0.219652 0.648639 -0.443540
300.900000000 -1.511950 44.898508 -14.644506 0.576060 0.220921 0.648776 -0.445464
301.000000000 -1.583449 44.894325 -14.631396 0.576670 0.221966 0.647770 -0.445620
301.100000000 -1.520864 45.248612 -14.519290 0.580019 0.218713 0.648174 -0.442282
301.200000000 -1.603624 45.272334 -14.506557 0.580117 0.220828 0.646772 -0.443154
301.300000000 -1.655957 45.263576 -14.492402 0.578953 0.220087 0.647791 -0.443556
301.400000000 -1.722473 44.658859 -14.666536 0.579860 0.217047 0.649719 -0.441042
301.500000000 -1.796738 44.667424 -14.663786 0.578783 0.217582 0.650017 -0.441755
301.600000000 -1.848977 44.706025 -14.660392 0.578746 0.217727 0.649957 -0.441819
301.700000000 -1.908070 44.728402 -14.668780 0.578800 0.218389 0.649477 -0.442128
301.800000000 -1.952964 44.748375 -14.683716 0.578649 0.219006 0.649290 -0.442294
301.900000000 -2.034930 44.630640 -14.738451 0.577771 0.219721 0.649402 -0.442922
302.000000000 -2.111634 44.667089 -14.751174 0.577191 0.219936 0.649583 -0.443307
302.100000000 -2.241300 44.626686 -14.794263 0.576490 0.222752 0.647898 -0.445274
302.200000000 -2.273503 44.618419 -14.834291 0.576339 0.223242 0.647883 -0.445246
302.300000000 -2.327257 44.612618 -14.866378 0.575856 0.222964 0.648235 -0.445498
302.400000000 -2.374735 44.129610 -15.047059 0.577770 0.218833 0.650746 -0.441388
302.500000000 -2.503374 44.044048 -15.109839 0.575187 0.220973 0.650652 -0.443827
302.600000000 -2.554320 44.068345 -15.150276 0.574745 0.221154 0.650739 -0.444183
302.700000000 -2.615241 44.048586 -15.212315 0.574658 0.222135 0.650090 -0.444755
302.800000000 -2.699662 44.069893 -15.263463 0.574971 0.222788 0.649540 -0.444828
302.900000000 -2.746239 44.026211 -15.332830 0.574092 0.223544 0.649549 -0.445571
303.000000000 -2.879551 43.735026 -15.475212 0.573768 0.223931 0.649607 -0.445708
303.100000000 -2.918660 43.817323 -15.519068 0.574027 0.223696 0.649587 -0.445521
303.200000000 -2.938013 43.830815 -15.579536 0.573281 0.223124 0.650297 -0.445734
303.300000000 -3.061176 43.588676 -15.716861 0.573855 0.222411 0.650750 -0.444688
303.400000000 -3.131878 43.585174 -15.788597 0.573596 0.222303 0.650933 -0.444810
303.500000000 -3.159281 43.568492 -15.864315 0.572502 0.222222 0.651484 -0.445452
303.600000000 -3.245169 43.522639 -15.955602 0.571999 0.223577 0.650878 -0.446305
303.700000000 -3.298146 43.479376 -16.045347 0.571708 0.223222 0.651283 -0.446264
303.800000000 -3.375721 43.490824 -16.124689 0.572031 0.223593 0.650778 -0.446403
303.900000000 -3.430487 43.462357 -16.214169 0.571742 0.223448 0.651111 -0.446360
304.000000000 -3.473923 43.453804 -16.304515 0.571646 0.224069 0.650746 -0.446702
304.100000000 -3.499884 43.327532 -16.433780 0.570480 0.225686 0.650256 -0.448091
304.200000000 -3.601813 43.033054 -16.602641 0.570092 0.225153 0.651054 -0.447693
304.300000000 -3.645172 43.040616 -16.686855 0.569992 0.224716 0.651464 -0.447445
304.400000000 -3.747397 42.990856 -16.793604 0.569970 0.225647 0.650830 -0.447927
304.500000000 -3.815141 42.984191 -16.887473 0.569829 0.225860 0.650656 -0.448252
304.600000000 -3.861267 42.912202 -17.000467 0.568640 0.226677 0.650615 -0.449407
304.700000000 -3.906134 42.948915 -17.088821 0.569302 0.226837 0.650190 -0.449102
304.800000000 -3.940947 42.952985 -17.177684 0.567725 0.227109 0.650666 -0.450270
304.900000000 -3.865354 42.990818 -17.269095 0.568563 0.226012 0.651001 -0.449280
305.000000000 -3.506881 43.144211 -17.340509 0.572587 0.220339 0.653087 -0.443929
305.100000000 -3.178028 43.325458 -17.411325 0.577316 0.213955 0.655110 -0.437904
305.200000000 -2.945767 43.429531 -17.486397 0.584175 0.202445 0.659366 -0.427776
305.300000000 -2.894352 43.499297 -17.563569 0.588135 0.196812 0.660969 -0.422472
305.400000000 -2.760876 43.562206 -17.666290 0.588503 0.198998 0.659027 -0.423967
305.500000000 -2.746172 43.556861 -17.761145 0.588114 0.198659 0.659500 -0.423930
305.600000000 -2.665175 43.654314 -17.834116 0.591237 0.193906 0.660834 -0.419688
305.700000000 -2.619383 43.708764 -17.918663 0.593057 0.191696 0.661173 -0.417596
305.800000000 -2.176059 43.830673 -18.007405 0.596841 0.185251 0.662984 -0.412207
305.900000000 -2.008579 43.891115 -18.095512 0.603157 0.176163 0.665115 -0.403472
306.000000000 -2.056871 43.863089 -18.191769 0.602249 0.176396 0.665549 -0.404011
306.100000000 -2.116179 43.848415 -18.273880 0.601288 0.176184 0.666304 -0.404291
306.200000000 -2.179339 43.895804 -18.337411 0.601707 0.174257 0.667258 -0.402926
306.300000000 -2.245234 43.877408 -18.423634 0.600742 0.174693 0.667615 -0.403585
306.400000000 -2.071355 43.866982 -18.532684 0.603517 0.171676 0.667705 -0.400581
306.500000000 -2.171709 43.951764 -18.575776 0.605964 0.166436 0.669630 -0.395857
306.600000000 -2.158387 43.957162 -18.653019 0.605309 0.166848 0.669640 -0.396667
306.700000000 -2.178257 43.909247 -18.753320 0.604701 0.167898 0.669317 -0.397695
306.800000000 -2.075971 43.836688 -18.861637 0.605992 0.165616 0.669951 -0.395615
306.900000000 -2.013974 43.858097 -18.938207 0.607848 0.162718 0.670556 -0.392936
307.000000000 -2.025178 43.896305 -18.997892 0.614758 0.152214 0.672741 -0.382520
307.100000000 -1.969653 43.857861 -19.082402 0.614660 0.151293 0.673414 -0.381859
307.200000000 -2.088411 43.875284 -19.148647 0.614758 0.152000 0.672824 -0.382461
307.300000000 -2.013778 44.038714 -19.167060 0.619969 0.142844 0.674912 -0.373801
307.400000000 -1.897052 43.903866 -19.285565 0.619407 0.143296 0.674918 -0.374550
307.500000000 -2.030934 43.931542 -19.330869 0.619660 0.142658 0.675245 -0.373784
307.600000000 -1.989843 43.968922 -19.382787 0.621462 0.139022 0.676118 -0.370571
307.700000000 -1.966319 44.092171 -19.395316 0.639445 0.106916 0.682006 -0.338448
307.800000000 -2.027384 44.086691 -19.451923 0.639851 0.106601 0.681844 -0.338107
307.900000000 -2.109983 44.055657 -19.501890 0.639475 0.106246 0.682322 -0.337964
308.000000000 -2.220570 44.023726 -19.549277 0.638818 0.106366 0.682788 -0.338229
308.100000000 -2.339343 43.991156 -19.604295 0.639177 0.106038 0.682695 -0.337842
308.200000000 -2.376291 43.932174 -19.671019 0.639271 0.106361 0.682495 -0.337966
308.300000000 -2.154530 43.757815 -19.823918 0.640869 0.106300 0.680820 -0.338336
308.400000000 -1.627189 43.998486 -19.827378 0.654662 0.080381 0.683312 -0.313114
308.500000000 -1.665195 44.098319 -19.850540 0.657433 0.077802 0.681949 -0.310926
308.600000000 -1.726299 44.108485 -19.873026 0.656105 0.079013 0.682505 -0.312203
308.700000000 -1.849817 44.120672 -19.895482 0.656270 0.078756 0.682484 -0.311967
308.800000000 -1.742645 44.103646 -19.923205 0.656904 0.073704 0.684753 -0.306852
308.900000000 -1.737493 44.025838 -19.972136 0.657156 0.073115 0.684761 -0.306434
309.000000000 -1.937073 44.023386 -19.973840 0.656341 0.072390 0.685994 -0.305596
309.100000000 -2.052697 44.036858 -19.972574 0.658135 0.066059 0.687821 -0.298993
309.200000000 -2.100938 44.033663 -19.991521 0.658563 0.065783 0.687624 -0.298565
309.300000000 -2.176397 44.076882 -19.983716 0.657951 0.065214 0.688336 -0.298397
309.400000000 -2.297900 44.035830 -19.999896 0.656974 0.065454 0.689182 -0.298547
309.500000000 -2.390547 43.983017 -20.011463 0.655802 0.065182 0.690402 -0.298363
309.600000000 -2.531271 43.987585 -20.012679 0.655349 0.066313 0.690224 -0.299520
309.700000000 -2.606608 43.975577 -20.025756 0.655899 0.066265 0.689693 -0.299547
309.800000000 -2.635268 43.867435 -20.069063 0.656653 0.065385 0.689375 -0.298820
309.900000000 -2.643737 43.824358 -20.075343 0.655601 0.064595 0.690762 -0.298098
310.000000000 -2.743587 43.818572 -20.077239 0.657352 0.062385 0.690264 -0.295859
310.100000000 -2.764413 43.855813 -20.057571 0.661679 0.051574 0.691677 -0.284788
310.200000000 -2.600943 43.883828 -20.056818 0.662407 0.050704 0.691369 -0.283998
310.300000000 -2.742826 43.883359 -20.040381 0.661971 0.051204 0.691535 -0.284521
310.400000000 -2.714127 43.866386 -20.035039 0.661635 0.050637 0.692131 -0.283954
310.500000000 -2.898284 43.728932 -20.050056 0.660571 0.051040 0.692857 -0.284587
310.600000000 -3.011354 43.651018 -20.054976 0.660177 0.051103 0.693214 -0.284622
310.700000000 -3.096697 43.572746 -20.053448 0.660740 0.048006 0.694109 -0.281657
310.800000000 -3.099502 43.520790 -20.040385 0.660407 0.045532 0.695509 -0.279386
310.900000000 -3.372720 43.399847 -20.041415 0.675845 0.003214 0.698206 -0.236076
311.000000000 -3.358329 43.403826 -20.024973 0.677081 0.002396 0.697280 -0.235278
311.100000000 -3.658002 43.287759 -20.013872 0.675761 0.003144 0.698280 -0.236100
311.200000000 -3.756312 43.233875 -20.001912 0.675951 0.002489 0.698325 -0.235429
311.300000000 -3.802066 43.200201 -19.985779 0.676172 0.002241 0.698201 -0.235164
311.400000000 -4.049153 43.081159 -19.978745 0.674885 0.002696 0.699313 -0.235550
311.500000000 -4.110041 43.042671 -19.952151 0.674214 0.001970 0.700246 -0.234707
311.600000000 -4.211218 42.985412 -19.936587 0.674415 0.001900 0.700063 -0.234676
311.700000000 -4.370722 42.896102 -19.914012 0.672558 0.001777 0.701928 -0.234436
311.800000000 -4.457778 42.836809 -19.894488 0.672452 0.001637 0.702030 -0.234434
311.900000000 -4.554747 42.796529 -19.866125 0.671839 0.001451 0.702777 -0.233956
312.000000000 -4.722533 42.705377 -19.848373 0.671297 0.001714 0.703240 -0.234116
312.100000000 -4.860357 42.643949 -19.833580 0.672360 0.001575 0.702105 -0.234476
312.200000000 -4.915818 42.619835 -19.795282 0.671989 0.000915 0.702678 -0.233824
312.300000000 -5.096024 42.544154 -19.776646 0.672089 0.000991 0.702497 -0.234080
312.400000000 -5.225814 42.467569 -19.751469 0.671584 0.000779 0.703019 -0.233963
312.500000000 -4.489566 42.882246 -19.586510 0.671979 -0.003427 0.704363 -0.228702
312.600000000 -4.340570 42.989607 -19.518331 0.671954 -0.004494 0.704897 -0.227108
312.700000000 -4.381012 43.008948 -19.466551 0.672326 -0.005027 0.704721 -0.226541
312.800000000 -4.497958 42.948218 -19.432480 0.671806 -0.005135 0.705216 -0.226543
312.900000000 -4.782607 42.823910 -19.431077 0.672440 -0.003841 0.704019 -0.228399
313.000000000 -4.776500 42.816726 -19.375774 0.671035 -0.004509 0.705860 -0.226834
313.100000000 -4.910926 42.745247 -19.339753 0.669790 -0.004575 0.707057 -0.226784
313.200000000 -5.023913 42.705447 -19.299350 0.669436 -0.004953 0.707476 -0.226513
313.300000000 -5.105126 42.673310 -19.262245 0.669858 -0.005238 0.707212 -0.226085
313.400000000 -5.250795 42.598746 -19.233479 0.668980 -0.005086 0.708021 -0.226155
313.500000000 -5.329586 42.585182 -19.192841 0.669864 -0.005653 0.707184 -0.226145
313.600000000 -5.590055 42.439867 -19.185801 0.669229 -0.004656 0.707485 -0.227105
313.700000000 -5.748023 42.364609 -19.162255 0.669995 -0.004403 0.706539 -0.227792
313.800000000 -5.942266 42.268329 -19.145538 0.669618 -0.003813 0.706822 -0.228035
313.900000000 -5.941659 42.305626 -19.088978 0.670657 -0.004748 0.706039 -0.227387
314.000000000 -6.103263 42.229844 -19.062743 0.670276 -0.004739 0.706343 -0.227569
314.100000000 -6.282865 42.148689 -19.046801 0.670321 -0.004436 0.706163 -0.227999
314.200000000 -6.345358 42.116391 -18.987378 0.669076 -0.005161 0.707579 -0.227248
314.300000000 -6.507531 42.046918 -18.976448 0.669747 -0.005191 0.706868 -0.227487
314.400000000 -6.618840 42.002957 -18.947441 0.669674 -0.005220 0.706985 -0.227335
314.500000000 -6.673849 41.972979 -18.910029 0.669656 -0.006121 0.707265 -0.226493
314.600000000 -6.740637 41.955080 -18.876308 0.669958 -0.006620 0.707178 -0.225860
314.700000000 -7.172669 41.750306 -18.901879 0.670762 -0.004744 0.705625 -0.228361
314.800000000 -7.269690 41.728990 -18.870278 0.671815 -0.004632 0.704657 -0.228260
314.900000000 -7.453779 41.647266 -18.845938 0.671625 -0.004365 0.704507 -0.229284
315.000000000 -7.738276 41.530976 -18.856057 0.672640 -0.002945 0.703172 -0.230425
315.100000000 -7.815431 41.499449 -18.826029 0.672299 -0.003300 0.703570 -0.230202
315.200000000 -8.001715 41.421789 -18.814420 0.672839 -0.003160 0.702960 -0.230490
315.300000000 -8.080850 41.374190 -18.795692 0.673631 -0.004433 0.702636 -0.229137
315.400000000 -8.313087 41.285792 -18.798020 0.674940 -0.003321 0.701025 -0.230236
315.500000000 -8.446351 41.224313 -18.778550 0.674155 -0.003592 0.701766 -0.230274
315.600000000 -8.570057 41.182329 -18.756067 0.673528 -0.003487 0.702316 -0.230433
315.700000000 -8.629480 41.173539 -18.726887 0.674288 -0.004090 0.701604 -0.230372
315.800000000 -8.770142 41.103077 -18.723680 0.673999 -0.003740 0.701799 -0.230628
315.900000000 -8.911684 41.064820 -18.706868 0.673760 -0.003465 0.701975 -0.230795
316.000000000 -9.007112 41.036161 -18.687966 0.674130 -0.003973 0.701711 -0.230510
316.100000000 -9.049081 41.044192 -18.658148 0.674288 -0.004701 0.701875 -0.229534
316.200000000 -9.292575 40.936846 -18.678950 0.674784 -0.003584 0.701123 -0.230394
316.300000000 -9.525370 40.846206 -18.695660 0.675335 -0.002813 0.700354 -0.231126
316.400000000 -9.517066 40.865592 -18.663132 0.675176 -0.004066 0.700879 -0.229977
316.500000000 -9.799277 40.739326 -18.700660 0.676097 -0.002536 0.699630 -0.231095
316.600000000 -9.958350 40.686270 -18.708507 0.677205 -0.001973 0.698487 -0.231312
316.700000000 -10.154921 40.603375 -18.730388 0.678011 -0.001222 0.697589 -0.231666
316.800000000 -10.184747 40.611770 -18.703120 0.677943 -0.001738 0.697839 -0.231109
316.900000000 -10.240639 40.616399 -18.690420 0.678677 -0.001905 0.697269 -0.230672
317.000000000 -10.336065 40.586629 -18.693804 0.679687 -0.001646 0.696378 -0.230390
317.100000000 -10.672721 40.477095 -18.737673 0.680653 -0.000176 0.694976 -0.231774
317.200000000 -10.769058 40.459180 -18.743484 0.682017 -0.000328 0.693718 -0.231533
317.300000000 -10.856367 40.424629 -18.747845 0.682684 -0.000493 0.693139 -0.231301
317.400000000 -11.019251 40.365215 -18.767747 0.683288 -0.000387 0.692532 -0.231336
317.500000000 -11.166519 40.323694 -18.783840 0.684247 -0.000091 0.691502 -0.231584
317.600000000 -11.314779 40.291125 -18.796885 0.684930 0.000376 0.690706 -0.231939
317.700000000 -11.348748 40.295557 -18.792686 0.685878 -0.000175 0.689988 -0.231275
317.800000000 -11.364292 40.311925 -18.775797 0.685186 -0.000987 0.690855 -0.230737
317.900000000 -11.432555 40.311696 -18.781369 0.686191 -0.000976 0.689940 -0.230486
318.000000000 -11.464438 40.336877 -18.767939 0.686539 -0.001649 0.689778 -0.229930
318.100000000 -11.648412 40.296056 -18.790880 0.687420 -0.001699 0.688801 -0.230228
318.200000000 -11.704426 40.301683 -18.797584 0.688480 -0.002151 0.687919 -0.229689
318.300000000 -11.754915 40.314661 -18.795097 0.688521 -0.002458 0.687955 -0.229459
318.400000000 -11.806021 40.310589 -18.801011 0.688885 -0.002576 0.687690 -0.229158
318.500000000 -11.917036 40.294010 -18.813529 0.689205 -0.002670 0.687411 -0.229031
318.600000000 -11.962953 40.293489 -18.817037 0.689365 -0.003786 0.687407 -0.228546
318.700000000 -12.078226 40.270858 -18.826641 0.689189 -0.003764 0.687559 -0.228621
318.800000000 -12.178150 40.266033 -18.837939 0.689603 -0.003460 0.687102 -0.228749
318.900000000 -12.200793 40.289608 -18.838665 0.689656 -0.003789 0.687158 -0.228414
319.000000000 -12.338937 40.208765 -18.882147 0.690812 -0.004997 0.686358 -0.227305
319.100000000 -12.410309 40.194660 -18.903656 0.691351 -0.005438 0.685862 -0.227149
319.200000000 -12.159133 40.706260 -18.717400 0.687707 0.000083 0.687972 -0.231845
319.300000000 -12.152491 40.717118 -18.728073 0.688153 -0.000540 0.687723 -0.231260
319.400000000 -12.137293 40.739711 -18.733480 0.688376 -0.001328 0.687774 -0.230442
319.500000000 -12.184382 40.746382 -18.751131 0.689347 -0.001245 0.686835 -0.230343
319.600000000 -12.252742 40.765311 -18.763093 0.689587 -0.001061 0.686595 -0.230339
319.700000000 -12.319366 40.782263 -18.777369 0.690393 -0.000839 0.685733 -0.230492
319.800000000 -12.386704 40.795822 -18.785084 0.689602 -0.000305 0.686334 -0.231074
319.900000000 -12.453451 40.812512 -18.795536 0.689382 -0.000182 0.686482 -0.231289
320.000000000 -12.701920 40.775746 -18.833987 0.689037 0.000645 0.686480 -0.232321
320.100000000 -12.776190 40.778761 -18.855541 0.688806 0.000194 0.686760 -0.232180
320.200000000 -12.832304 40.751307 -18.887688 0.688854 -0.000719 0.686872 -0.231704
320.300000000 -12.921367 40.753234 -18.901798 0.688794 -0.000424 0.686894 -0.231820
320.400000000 -13.129072 40.729825 -18.937909 0.688110 0.000346 0.687274 -0.232720
320.500000000 -13.192301 40.711543 -18.968546 0.689261 -0.000813 0.686581 -0.231353
320.600000000 -13.301287 40.674974 -19.005297 0.689868 -0.001076 0.686006 -0.231252
320.700000000 -13.368255 40.683530 -19.021272 0.689184 -0.001726 0.686774 -0.231005
320.800000000 -13.377955 40.679739 -19.036136 0.688477 -0.002412 0.687695 -0.230367
320.900000000 -13.426633 40.613419 -19.073649 0.688339 -0.004714 0.688426 -0.228554
321.000000000 -13.615282 40.616562 -19.096355 0.688139 -0.004313 0.688511 -0.228908
321.100000000 -13.665584 40.631219 -19.120424 0.688290 -0.004795 0.688483 -0.228529
321.200000000 -13.798713 40.613904 -19.144795 0.687172 -0.004720 0.689566 -0.228628
321.300000000 -14.047570 40.575603 -19.187402 0.687064 -0.003632 0.689460 -0.229294
321.400000000 -14.164294 40.574731 -19.217257 0.687159 -0.003748 0.689363 -0.229296
321.500000000 -14.185209 40.592666 -19.242594 0.688094 -0.005203 0.688849 -0.228007
321.600000000 -14.224688 40.538561 -19.287316 0.688716 -0.006520 0.688658 -0.226667
321.700000000 -14.373012 40.533387 -19.313885 0.688676 -0.007132 0.688908 -0.226010
321.800000000 -14.438742 40.464662 -19.351536 0.688126 -0.007894 0.689716 -0.225193
321.900000000 -13.670877 41.207316 -19.154353 0.687634 -0.002710 0.688505 -0.230462
322.000000000 -13.782485 41.218497 -19.179748 0.687799 -0.002370 0.688216 -0.230837
322.100000000 -14.038576 41.178151 -19.223319 0.686706 -0.001536 0.689057 -0.231587
322.200000000 -14.248571 41.173410 -19.257190 0.686334 -0.000581 0.689163 -0.232379
322.300000000 -14.295517 41.153727 -19.290701 0.687431 -0.001736 0.688524 -0.231021
322.400000000 -14.377644 41.131640 -19.320968 0.687116 -0.001782 0.688891 -0.230864
322.500000000 -14.588864 41.091186 -19.349458 0.685739 -0.000874 0.690156 -0.231183
322.600000000 -14.661780 41.056713 -19.375140 0.684984 -0.000489 0.690858 -0.231325
322.700000000 -14.722444 41.029424 -19.411804 0.685264 -0.000920 0.690763 -0.230779
322.800000000 -14.858185 41.019553 -19.438133 0.684799 -0.000398 0.691013 -0.231412
322.900000000 -14.871609 40.949837 -19.489658 0.685822 -0.003778 0.691016 -0.228322
323.000000000 -14.963624 40.917905 -19.523925 0.685891 -0.003648 0.691015 -0.228121
323.100000000 -15.134834 40.885646 -19.562491 0.685681 -0.002938 0.690985 -0.228851
323.200000000 -15.151715 40.901840 -19.574848 0.685428 -0.003459 0.691509 -0.228019
323.300000000 -15.363458 40.872472 -19.598763 0.684438 -0.002444 0.692310 -0.228571
323.400000000 -15.533968 40.878276 -19.625846 0.684191 -0.001976 0.692442 -0.228917
323.500000000 -15.547450 40.861001 -19.648366 0.683968 -0.002707 0.692855 -0.228327
323.600000000 -15.723012 40.822186 -19.690362 0.684049 -0.001963 0.692676 -0.228635
323.700000000 -15.767128 40.762446 -19.738352 0.685360 -0.005570 0.692484 -0.225203
323.800000000 -15.831082 40.727419 -19.775628 0.685783 -0.005836 0.692119 -0.225032
323.900000000 -15.978473 40.667133 -19.815739 0.685438 -0.004958 0.692297 -0.225553
324.000000000 -16.147548 40.620049 -19.842314 0.684242 -0.004857 0.693499 -0.225497
324.100000000 -16.228866 40.587152 -19.871207 0.683672 -0.004927 0.694121 -0.225309
324.200000000 -16.320963 40.578605 -19.894132 0.683831 -0.005087 0.694056 -0.225024
324.300000000 -16.474170 40.554222 -19.917242 0.683261 -0.004642 0.694544 -0.225260
324.400000000 -16.511015 40.531926 -19.928390 0.682399 -0.004786 0.695467 -0.225021
324.500000000 -16.524792 40.449605 -19.966498 0.682529 -0.007652 0.696161 -0.222385
324.600000000 -16.731556 40.451200 -19.981188 0.681942 -0.007542 0.696676 -0.222578
324.700000000 -16.746516 40.382860 -20.009323 0.681167 -0.007718 0.697462 -0.222481
324.800000000 -16.822766 40.259493 -20.048669 0.680031 -0.007397 0.698492 -0.222737
324.900000000 -16.971459 40.265146 -20.059432 0.679464 -0.006944 0.698977 -0.222959
325.000000000 -17.077965 40.265686 -20.077052 0.679439 -0.007135 0.699064 -0.222757
325.100000000 -17.199665 40.243965 -20.086511 0.678413 -0.006844 0.700031 -0.222858
325.200000000 -17.248925 40.215541 -20.099780 0.678157 -0.009284 0.701062 -0.220295
325.300000000 -17.375711 40.220037 -20.118667 0.678429 -0.009502 0.700784 -0.220331
325.400000000 -17.496323 40.146480 -20.148726 0.677829 -0.009678 0.701381 -0.220271
325.500000000 -17.627005 40.083738 -20.177291 0.677475 -0.009470 0.701675 -0.220429
325.600000000 -17.714370 40.020189 -20.195982 0.676712 -0.009744 0.702519 -0.220074
325.700000000 -17.804619 39.958626 -20.221136 0.676562 -0.009949 0.702714 -0.219904
325.800000000 -17.934795 39.890088 -20.240225 0.675573 -0.009183 0.703483 -0.220519
325.900000000 -18.079073 39.861384 -20.254137 0.675389 -0.008982 0.703664 -0.220514
326.000000000 -18.208397 39.832265 -20.254353 0.674563 -0.009637 0.704687 -0.219747
326.100000000 -18.323398 39.803288 -20.268532 0.674753 -0.009752 0.704529 -0.219665
326.200000000 -18.417239 39.708076 -20.287107 0.674219 -0.009920 0.705086 -0.219509
326.300000000 -18.536370 39.661815 -20.304990 0.674631 -0.010165 0.704746 -0.219325
326.400000000 -18.759958 39.658271 -20.300018 0.674163 -0.009502 0.705066 -0.219765
326.500000000 -18.841600 39.575584 -20.315817 0.674173 -0.009379 0.705026 -0.219866
326.600000000 -19.036824 39.579411 -20.314976 0.674863 -0.009712 0.704599 -0.219104
326.700000000 -19.093104 39.469869 -20.327265 0.674565 -0.010066 0.704974 -0.218797
326.800000000 -19.240043 39.388851 -20.338726 0.675021 -0.009501 0.704422 -0.219192
326.900000000 -19.356047 39.359478 -20.323790 0.674937 -0.009763 0.704672 -0.218637
327.000000000 -19.541113 39.309481 -20.325791 0.675286 -0.009028 0.704182 -0.219171
327.100000000 -19.624130 39.187986 -20.327762 0.674905 -0.008904 0.704517 -0.219271
327.200000000 -19.825562 39.224814 -20.289913 0.675050 -0.008585 0.704446 -0.219063
327.300000000 -19.918586 39.125116 -20.282907 0.675038 -0.008992 0.704628 -0.218501
327.400000000 -20.100932 39.107016 -20.248577 0.674757 -0.008682 0.704903 -0.218494
327.500000000 -20.120173 38.987116 -20.215177 0.673381 -0.008929 0.706295 -0.218232
327.600000000 -20.207846 38.940565 -20.164488 0.672348 -0.009929 0.707544 -0.217327
327.700000000 -20.307259 38.844522 -20.123889 0.670788 -0.010128 0.708982 -0.217453
327.800000000 -20.503514 38.855776 -20.062580 0.670182 -0.009459 0.709471 -0.217756
327.900000000 -20.684912 38.881954 -19.994300 0.669794 -0.009255 0.709912 -0.217519
328.000000000 -20.838410 38.820012 -19.954133 0.670332 -0.010251 0.709741 -0.216374
328.100000000 -20.947073 38.735886 -19.910096 0.670120 -0.010104 0.709875 -0.216597
328.200000000 -21.042104 38.678671 -19.841163 0.668750 -0.010817 0.711385 -0.215841
328.300000000 -21.203543 38.558661 -19.809015 0.668457 -0.008831 0.711092 -0.217797
328.400000000 -21.357507 38.561319 -19.740978 0.669648 -0.009382 0.710299 -0.216698
328.500000000 -21.455016 38.508142 -19.661369 0.668087 -0.009177 0.711695 -0.216949
328.600000000 -21.590944 38.440393 -19.599286 0.667882 -0.008460 0.711760 -0.217391
328.700000000 -21.735539 38.362264 -19.538175 0.668127 -0.008511 0.711597 -0.217172
328.800000000 -21.848601 38.296321 -19.459665 0.667084 -0.008862 0.712682 -0.216804
328.900000000 -21.966854 38.235479 -19.389225 0.667065 -0.009086 0.712818 -0.216410
329.000000000 -22.104973 38.162592 -19.316527 0.666680 -0.007976 0.712948 -0.217210
329.100000000 -22.226978 38.084884 -19.247308 0.666848 -0.008260 0.712943 -0.216697
329.200000000 -22.351254 38.011212 -19.167823 0.666179 -0.008307 0.713527 -0.216832
329.300000000 -22.487623 37.915071 -19.099530 0.666522 -0.009390 0.713527 -0.215731
329.400000000 -22.612165 37.843297 -19.009807 0.665267 -0.009486 0.714666 -0.215830
329.500000000 -22.745920 37.774278 -18.926408 0.665170 -0.008434 0.714534 -0.216609
329.600000000 -22.831942 37.765040 -18.829291 0.664585 -0.006704 0.714653 -0.218064
329.700000000 -22.954489 37.671362 -18.743115 0.663746 -0.007791 0.715669 -0.217252
329.800000000 -23.124694 37.549298 -18.675968 0.664319 -0.008609 0.715404 -0.216338
329.900000000 -23.213262 37.533182 -18.591325 0.665499 -0.008180 0.714346 -0.216226
330.000000000 -23.386705 37.436747 -18.506554 0.664420 -0.006829 0.714873 -0.217844
330.100000000 -23.448096 37.398285 -18.416395 0.664536 -0.007580 0.715093 -0.216741
330.200000000 -23.558555 37.333787 -18.340729 0.665929 -0.008588 0.714171 -0.215466
330.300000000 -23.777225 37.236131 -18.256394 0.665333 -0.006051 0.713993 -0.217966
330.400000000 -23.949208 37.128705 -18.178208 0.665023 -0.005865 0.714149 -0.218408
330.500000000 -24.050675 37.071984 -18.091356 0.665200 -0.006278 0.714170 -0.217785
330.600000000 -24.136974 37.009146 -18.004811 0.665332 -0.007461 0.714420 -0.216520
330.700000000 -24.123865 37.006277 -17.893160 0.665065 -0.008629 0.715066 -0.215159
330.800000000 -24.198700 37.011487 -17.803806 0.665774 -0.006286 0.713803 -0.217233
330.900000000 -24.389941 36.829010 -17.734019 0.665082 -0.010446 0.715451 -0.213745
331.000000000 -24.453740 36.795136 -17.641901 0.665308 -0.010840 0.715423 -0.213115
331.100000000 -24.559745 36.771912 -17.549064 0.664820 -0.009428 0.715537 -0.214320
331.200000000 -24.503203 36.829819 -17.429179 0.664392 -0.010659 0.716322 -0.212962
331.300000000 -24.491552 36.879357 -17.329120 0.664963 -0.009716 0.715774 -0.213067
331.400000000 -24.480985 36.896842 -17.230341 0.665081 -0.010368 0.715887 -0.212287
331.500000000 -24.485901 36.921657 -17.134369 0.666188 -0.010471 0.715078 -0.211535
331.600000000 -24.390561 37.002565 -17.011407 0.664772 -0.010960 0.716554 -0.210970
331.700000000 -24.473953 37.032992 -16.913838 0.663663 -0.008179 0.716732 -0.213963
331.800000000 -24.354234 37.058091 -16.835714 0.667299 -0.012997 0.714985 -0.208183
331.900000000 -24.473016 37.098534 -16.730002 0.665286 -0.007874 0.715452 -0.213216
332.000000000 -24.599241 37.044127 -16.659511 0.665482 -0.007465 0.715166 -0.213577
332.100000000 -24.699783 37.000098 -16.580009 0.664289 -0.006982 0.716036 -0.214391
332.200000000 -24.908479 36.946406 -16.509604 0.662801 -0.003184 0.716299 -0.218176
332.300000000 -24.948325 36.958896 -16.436925 0.663994 -0.002943 0.715335 -0.217711
332.400000000 -25.082624 36.891841 -16.379522 0.664895 -0.003288 0.714666 -0.217158
332.500000000 -24.903182 37.032985 -16.259924 0.664181 -0.003960 0.715523 -0.216506
332.600000000 -24.913295 37.098010 -16.169624 0.662832 -0.001852 0.716179 -0.218489
332.700000000 -25.068939 37.071350 -16.105569 0.663168 -0.000088 0.715396 -0.220039
332.800000000 -25.338465 36.943205 -16.075535 0.662489 0.003037 0.715163 -0.222804
332.900000000 -25.477072 36.860329 -16.030809 0.661535 0.004942 0.715458 -0.224648
333.000000000 -25.321394 36.744727 -15.992771 0.664788 -0.005207 0.715507 -0.214662
333.100000000 -24.997850 36.824552 -15.917947 0.666934 -0.010038 0.715031 -0.209353
333.200000000 -24.792061 36.994331 -15.826663 0.667494 -0.011911 0.715040 -0.207429
333.300000000 -23.541057 36.622838 -15.883828 0.682894 -0.086839 0.712614 -0.135259
333.400000000 -21.873740 36.170953 -15.987937 0.697342 -0.169872 0.694036 -0.056318
333.500000000 -20.522451 35.749534 -16.076341 0.698956 -0.245351 0.671479 0.019503
333.600000000 -20.264065 35.205971 -16.177193 0.695890 -0.254116 0.671017 0.029968
333.700000000 -19.843353 35.340912 -16.077385 0.682936 -0.292375 0.665316 0.073958
333.800000000 -19.653438 35.425448 -16.023811 0.681675 -0.293183 0.666102 0.075309
333.900000000 -19.653714 35.437950 -15.987684 0.681745 -0.293227 0.666002 0.075379
334.000000000 -19.859834 35.491715 -15.934769 0.680995 -0.289169 0.668896 0.072151
334.100000000 -19.726312 35.558106 -15.889826 0.681503 -0.290122 0.667897 0.072779
334.200000000 -19.689791 35.577040 -15.864987 0.682820 -0.290677 0.666338 0.072507
334.300000000 -19.661974 35.633280 -15.828750 0.683026 -0.290229 0.666402 0.071768
334.400000000 -19.748091 35.599393 -15.823622 0.683517 -0.291609 0.665142 0.073171
334.500000000 -19.657323 35.662961 -15.796244 0.684168 -0.290347 0.665182 0.071731
334.600000000 -19.726175 35.676771 -15.786058 0.684700 -0.291028 0.664265 0.072395
334.700000000 -19.747096 35.604091 -15.801791 0.684609 -0.292571 0.663466 0.074337
334.800000000 -19.725872 35.689713 -15.780250 0.685587 -0.292833 0.662357 0.074178
334.900000000 -19.740607 35.679086 -15.787666 0.685977 -0.293128 0.661819 0.074207
335.000000000 -19.673701 35.755989 -15.773091 0.686458 -0.292802 0.661519 0.073724
335.100000000 -19.687536 35.801254 -15.769739 0.686847 -0.291798 0.661661 0.072795
335.200000000 -19.646760 35.821797 -15.779844 0.687196 -0.292412 0.660987 0.073161
335.300000000 -19.634278 35.880452 -15.781028 0.687556 -0.291843 0.660949 0.072388
335.400000000 -19.725895 35.885292 -15.795979 0.687801 -0.292832 0.660152 0.073342
335.500000000 -19.640234 35.895995 -15.818225 0.688124 -0.293329 0.659556 0.073687
335.600000000 -19.480219 35.929688 -15.839559 0.689116 -0.294834 0.657752 0.074531
335.700000000 -19.481909 35.928062 -15.872892 0.689899 -0.295678 0.656489 0.075075
335.800000000 -19.380269 36.031109 -15.869991 0.689159 -0.303209 0.652809 0.083450
335.900000000 -19.526648 35.914119 -15.926648 0.688912 -0.296580 0.656915 0.076828
336.000000000 -19.582950 35.983422 -15.947611 0.689922 -0.297915 0.655076 0.078293
336.100000000 -19.431849 36.017595 -15.990879 0.691400 -0.299064 0.652956 0.078580
336.200000000 -19.482301 36.032797 -16.019189 0.690470 -0.297803 0.654576 0.078067
336.300000000 -19.370487 35.998414 -16.081464 0.691270 -0.299364 0.652890 0.079131
336.400000000 -19.650061 36.080599 -16.097671 0.691152 -0.302007 0.651377 0.082515
336.500000000 -19.529872 36.091307 -16.132707 0.690373 -0.300293 0.653197 0.080888
336.600000000 -19.138208 36.716455 -16.039609 0.693457 -0.303986 0.647763 0.084341
336.700000000 -17.982192 38.243873 -15.583582 0.640174 -0.402381 0.621141 0.206035
336.800000000 -18.176004 38.410294 -15.601685 0.640245 -0.401245 0.621717 0.206294
336.900000000 -17.810160 38.158186 -15.713297 0.639972 -0.404922 0.618607 0.209285
337.000000000 -17.791399 38.198114 -15.760251 0.641053 -0.404789 0.617986 0.208063
337.100000000 -18.016552 38.391213 -15.776108 0.643903 -0.404658 0.615989 0.205424
337.200000000 -18.088057 38.481781 -15.806058 0.646515 -0.404832 0.613830 0.203327
337.300000000 -18.107514 38.530647 -15.853201 0.648632 -0.405441 0.611643 0.201960
337.400000000 -18.091105 38.587082 -15.901526 0.649803 -0.405579 0.610634 0.200967
337.500000000 -18.243710 38.738922 -15.930037 0.650565 -0.404454 0.611025 0.199575
337.600000000 -18.337289 38.873834 -15.958824 0.650472 -0.403318 0.612071 0.198972
337.700000000 -18.281963 38.912450 -16.013581 0.650911 -0.403353 0.611711 0.198574
337.800000000 -18.297221 39.026594 -16.042213 0.650911 -0.402008 0.612892 0.197655
337.900000000 -18.450088 39.169212 -16.070146 0.651096 -0.401353 0.613290 0.197143
338.000000000 -18.458425 39.197734 -16.119765 0.650895 -0.401974 0.612968 0.197542
338.100000000 -18.343603 39.145808 -16.182987 0.649885 -0.402620 0.612978 0.199510
338.200000000 -18.239504 39.122905 -16.248235 0.649950 -0.403944 0.611695 0.200558
338.300000000 -18.373969 39.244364 -16.275271 0.650429 -0.403019 0.612201 0.199319
338.400000000 -18.439233 39.334179 -16.308216 0.650714 -0.402449 0.612635 0.198206
338.500000000 -18.455649 39.324609 -16.368146 0.650713 -0.403146 0.612025 0.198674
338.600000000 -18.543683 39.450309 -16.396167 0.651604 -0.402898 0.611610 0.197530
338.700000000 -18.568844 39.500177 -16.442758 0.652242 -0.402881 0.611117 0.196986
338.800000000 -18.327552 39.392420 -16.506194 0.650538 -0.402975 0.612002 0.199664
338.900000000 -18.432821 39.477819 -16.540470 0.651224 -0.402638 0.611816 0.198670
339.000000000 -18.428412 39.568530 -16.563739 0.651510 -0.401992 0.612148 0.198019
339.100000000 -18.491633 39.700696 -16.587942 0.652626 -0.400897 0.612352 0.195925
339.200000000 -18.607414 39.876936 -16.596441 0.653916 -0.400429 0.611941 0.193854
339.300000000 -18.541929 39.851475 -16.647436 0.653723 -0.400821 0.611580 0.194829
339.400000000 -18.542040 39.879094 -16.680493 0.653509 -0.400424 0.612009 0.195015
339.500000000 -18.520922 39.985779 -16.697562 0.653920 -0.400087 0.612046 0.194213
339.600000000 -18.608630 40.100388 -16.712953 0.654212 -0.399421 0.612482 0.193222
339.700000000 -18.659527 40.174493 -16.743907 0.654937 -0.399657 0.611685 0.192804
339.800000000 -18.797897 40.359136 -16.735475 0.655675 -0.398946 0.611922 0.191010
339.900000000 -18.763158 40.359331 -16.774713 0.655509 -0.399227 0.611694 0.191717
340.000000000 -18.719541 40.274642 -16.832728 0.654660 -0.401197 0.610533 0.194195
340.100000000 -18.802853 40.390477 -16.844586 0.655571 -0.400790 0.610238 0.192882
340.200000000 -18.924043 40.515607 -16.852815 0.657078 -0.399848 0.609897 0.190778
340.300000000 -18.907100 40.505457 -16.884019 0.656749 -0.399883 0.610098 0.191191
340.400000000 -19.130111 40.687393 -16.877742 0.657983 -0.400977 0.608397 0.190075
340.500000000 -19.339044 40.948914 -16.847236 0.658844 -0.403165 0.606087 0.189844
340.600000000 -19.576899 41.194263 -16.819224 0.660922 -0.402172 0.605683 0.185979
340.700000000 -19.474096 41.197460 -16.844983 0.661057 -0.402108 0.605490 0.186265
340.800000000 -19.427267 41.226262 -16.856562 0.660802 -0.401659 0.605987 0.186522
340.900000000 -19.418250 41.281118 -16.866830 0.661269 -0.401314 0.605921 0.185821
341.000000000 -19.503936 41.385125 -16.864494 0.662261 -0.400879 0.605636 0.184149
341.100000000 -19.907729 41.641134 -16.823768 0.663651 -0.401800 0.604013 0.182463
341.200000000 -19.899871 41.625283 -16.845533 0.663266 -0.402959 0.603243 0.183848
341.300000000 -19.881262 41.746139 -16.831593 0.664174 -0.402351 0.603036 0.182580
341.400000000 -19.867794 41.809651 -16.826454 0.664278 -0.401964 0.603290 0.182211
341.500000000 -20.068801 41.963819 -16.795390 0.664887 -0.400171 0.604606 0.179556
341.600000000 -20.152087 42.040950 -16.793515 0.665758 -0.401137 0.603120 0.179167
341.700000000 -20.406539 42.191711 -16.766816 0.666242 -0.402569 0.601584 0.179320
341.800000000 -20.339224 42.208263 -16.772868 0.666243 -0.403375 0.600701 0.180467
341.900000000 -20.316218 42.207988 -16.780650 0.666456 -0.403370 0.600469 0.180461
342.000000000 -20.331975 42.277245 -16.766738 0.667211 -0.402139 0.601011 0.178603
342.100000000 -20.322343 42.328940 -16.755504 0.667459 -0.401684 0.601199 0.178068
342.200000000 -20.402842 42.430781 -16.728145 0.667939 -0.401514 0.601029 0.177222
342.300000000 -20.450167 42.473005 -16.717988 0.668274 -0.401716 0.600590 0.176993
342.400000000 -20.570936 42.579830 -16.686120 0.668677 -0.401656 0.600440 0.176114
342.500000000 -20.657081 42.655783 -16.665614 0.669436 -0.401622 0.599940 0.175007
342.600000000 -20.755440 42.743796 -16.634551 0.669638 -0.401425 0.600036 0.174356
342.700000000 -20.900244 42.826356 -16.609136 0.670096 -0.402512 0.598840 0.174203
342.800000000 -20.908157 42.885101 -16.585288 0.670496 -0.401946 0.598964 0.173539
342.900000000 -20.833709 42.823835 -16.587244 0.670022 -0.402533 0.598837 0.174448
343.000000000 -20.973674 42.939033 -16.550435 0.670084 -0.404921 0.596681 0.176064
343.100000000 -21.043736 42.998221 -16.527856 0.670989 -0.404766 0.596163 0.174720
343.200000000 -21.035566 43.010547 -16.510532 0.670877 -0.404779 0.596276 0.174737
343.300000000 -21.030218 42.999717 -16.501081 0.671181 -0.404898 0.595863 0.174703
343.400000000 -21.078991 43.095331 -16.465485 0.672227 -0.404420 0.595502 0.173013
343.500000000 -21.119537 43.165468 -16.432241 0.673135 -0.404137 0.595078 0.171593
343.600000000 -21.245447 43.248972 -16.387523 0.672986 -0.403861 0.595585 0.171069
343.700000000 -21.354490 43.370694 -16.335552 0.673522 -0.404050 0.595042 0.170403
343.800000000 -21.345479 43.359404 -16.318043 0.673401 -0.404023 0.595109 0.170711
343.900000000 -21.437344 43.330738 -16.310193 0.672591 -0.408773 0.591544 0.174934
344.000000000 -21.444227 43.343106 -16.283644 0.672640 -0.408531 0.591749 0.174618
344.100000000 -21.399130 43.352195 -16.259344 0.672689 -0.408686 0.591585 0.174622
344.200000000 -21.346823 43.322500 -16.240437 0.672332 -0.408939 0.591663 0.175136
344.300000000 -21.415305 43.407985 -16.195555 0.672885 -0.408128 0.591975 0.173846
344.400000000 -21.601571 43.512858 -16.148485 0.674030 -0.407900 0.591367 0.172008
344.500000000 -21.656358 43.648689 -16.085982 0.674706 -0.406706 0.591954 0.170152
344.600000000 -21.512077 43.576728 -16.075228 0.673779 -0.407450 0.591985 0.171931
344.700000000 -21.537082 43.697299 -16.016373 0.674734 -0.406157 0.592407 0.169779
344.800000000 -21.520983 43.726174 -15.985379 0.674945 -0.406869 0.591533 0.170283
344.900000000 -21.503342 43.701273 -15.964613 0.674926 -0.407587 0.590927 0.170742
345.000000000 -21.619495 43.739849 -15.929073 0.675306 -0.408139 0.590225 0.170349
345.100000000 -21.569698 43.825910 -15.875008 0.675859 -0.406761 0.590940 0.168968
345.200000000 -21.617272 43.875023 -15.832023 0.675941 -0.406367 0.591274 0.168420
345.300000000 -21.561704 43.924043 -15.781185 0.675530 -0.406205 0.591753 0.168775
345.400000000 -21.624137 43.879853 -15.776275 0.675142 -0.410692 0.587968 0.172652
345.500000000 -21.683922 43.896904 -15.740608 0.675481 -0.409257 0.588905 0.171536
345.600000000 -21.660659 43.897295 -15.707395 0.675224 -0.409374 0.588922 0.172209
345.700000000 -21.601274 43.974700 -15.663604 0.676279 -0.409398 0.588055 0.170974
345.800000000 -21.574214 43.938479 -15.637085 0.675994 -0.408221 0.589250 0.170797
345.900000000 -21.757011 43.912763 -15.619233 0.674833 -0.413095 0.585834 0.175362
346.000000000 -21.760289 43.922266 -15.578693 0.674320 -0.412666 0.586556 0.175930
346.100000000 -21.615251 43.850188 -15.569424 0.674360 -0.412627 0.586414 0.176340
346.200000000 -21.523436 43.785624 -15.555320 0.674001 -0.412711 0.586524 0.177148
346.300000000 -21.412471 43.718871 -15.564350 0.670614 -0.425478 0.576911 0.190838
346.400000000 -21.580022 43.638353 -15.551909 0.669707 -0.426662 0.576390 0.192940
346.500000000 -21.477820 43.421980 -15.583979 0.668567 -0.428400 0.575529 0.195595
346.600000000 -21.550696 43.427331 -15.552211 0.668728 -0.426896 0.576674 0.194963
346.700000000 -21.779331 43.545285 -15.496732 0.669839 -0.426526 0.576271 0.193139
346.800000000 -21.861319 43.461281 -15.493068 0.669439 -0.428341 0.574821 0.194823
346.900000000 -22.106848 43.446792 -15.473248 0.668687 -0.431759 0.571928 0.198345
347.000000000 -22.296462 43.284116 -15.490880 0.667180 -0.434926 0.569913 0.202263
347.100000000 -22.408764 43.126268 -15.503210 0.666274 -0.435209 0.570286 0.203581
347.200000000 -22.489391 42.963533 -15.528305 0.665742 -0.436779 0.569183 0.205042
347.300000000 -22.503875 42.789515 -15.550727 0.664645 -0.437999 0.568668 0.207413
347.400000000 -22.677619 42.763706 -15.538141 0.664670 -0.440285 0.566423 0.208633
347.500000000 -22.697219 42.722779 -15.522301 0.663908 -0.441599 0.565597 0.210516
347.600000000 -22.882670 42.655971 -15.508438 0.661850 -0.446663 0.561828 0.216324
347.700000000 -23.133688 42.490940 -15.525821 0.661267 -0.446296 0.562641 0.216750
347.800000000 -23.218664 42.724400 -15.418213 0.635268 -0.478228 0.547390 0.260953
347.900000000 -23.657280 42.620658 -15.435932 0.624606 -0.496733 0.532431 0.282208
348.000000000 -23.819179 42.442202 -15.458547 0.622522 -0.498384 0.531306 0.285996
348.100000000 -24.052229 42.335679 -15.472890 0.620946 -0.501271 0.528769 0.289061
348.200000000 -24.298862 42.277418 -15.475498 0.618923 -0.505450 0.524918 0.293113
348.300000000 -24.332653 42.106676 -15.502825 0.616459 -0.508740 0.522048 0.297704
348.400000000 -24.481830 41.948425 -15.522617 0.615076 -0.510722 0.520364 0.300109
348.500000000 -24.637255 41.785609 -15.547777 0.612184 -0.514402 0.517123 0.305295
348.600000000 -24.758369 41.740235 -15.550353 0.607000 -0.523283 0.508503 0.314882
348.700000000 -24.968998 41.695856 -15.544098 0.606567 -0.523480 0.508494 0.315402
348.800000000 -25.134414 41.615959 -15.550700 0.604984 -0.525833 0.506294 0.318058
348.900000000 -25.363467 41.603137 -15.544895 0.602628 -0.529047 0.503289 0.321946
349.000000000 -25.480467 41.554365 -15.543162 0.601946 -0.529801 0.502608 0.323044
349.100000000 -25.631627 41.541217 -15.535466 0.597081 -0.536388 0.495986 0.331331
349.200000000 -25.714356 41.531192 -15.528540 0.596717 -0.537138 0.495165 0.331998
349.300000000 -25.840827 41.647641 -15.484445 0.596664 -0.537407 0.494911 0.332037
349.400000000 -25.874450 41.544900 -15.501930 0.595847 -0.537947 0.494437 0.333335
349.500000000 -25.855355 41.456838 -15.515384 0.595135 -0.538517 0.493868 0.334527
349.600000000 -25.857539 41.452918 -15.511066 0.593822 -0.540709 0.491409 0.336936
349.700000000 -25.896005 41.474686 -15.496133 0.594116 -0.540159 0.491999 0.336440
349.800000000 -26.060484 41.309169 -15.527277 0.593922 -0.539858 0.492325 0.336788
349.900000000 -26.361247 40.893069 -15.636460 -0.565238 0.571725 -0.456693 -0.380877
350.000000000 -26.602587 40.658924 -15.696877 -0.562753 0.573860 -0.454201 -0.384312
350.100000000 -26.687592 40.547340 -15.727371 -0.560666 0.576255 -0.451453 -0.387006
350.200000000 -26.812760 40.553711 -15.724276 -0.556490 0.581179 -0.445471 -0.392562
350.300000000 -26.760645 40.587341 -15.714868 -0.558461 0.579137 -0.447941 -0.389962
350.400000000 -26.747542 40.677279 -15.686283 -0.558808 0.578808 -0.448280 -0.389565
350.500000000 -26.761717 40.776410 -15.657579 -0.558694 0.579008 -0.447887 -0.389882
350.600000000 -26.721435 40.892234 -15.626724 -0.560088 0.577745 -0.449249 -0.388184
350.700000000 -26.730551 40.877563 -15.626862 -0.559769 0.577344 -0.449579 -0.388859
350.800000000 -26.647615 40.871658 -15.630144 -0.560554 0.576693 -0.450286 -0.387876
350.900000000 -26.613987 40.852588 -15.636579 -0.559942 0.577143 -0.449719 -0.388747
351.000000000 -26.488979 40.887536 -15.633695 -0.561237 0.576339 -0.450696 -0.386936
351.100000000 -26.377791 40.947057 -15.617960 -0.561704 0.575983 -0.451053 -0.386373
351.200000000 -26.314101 41.139819 -15.566331 -0.564978 0.572283 -0.455277 -0.382119
351.300000000 -26.287303 41.092316 -15.576457 -0.564932 0.571319 -0.456273 -0.382443
351.400000000 -26.852480 41.110904 -15.582779 -0.557902 0.578493 -0.447368 -0.392368
351.500000000 -27.256712 41.079623 -15.597053 -0.546624 0.589704 -0.432744 -0.407656
351.600000000 -27.639797 41.077926 -15.600185 -0.535593 0.599754 -0.418558 -0.422190
351.700000000 -27.661158 41.066514 -15.610584 -0.530315 0.604861 -0.410783 -0.429146
351.800000000 -27.598337 41.058250 -15.632045 -0.505093 0.623761 -0.383189 -0.457131
351.900000000 -27.906451 40.962796 -15.642518 -0.505710 0.620931 -0.385989 -0.457945
352.000000000 -27.932390 40.947374 -15.665254 -0.499423 0.626822 -0.377252 -0.464060
352.100000000 -27.148115 40.957353 -15.650073 -0.464992 0.637331 -0.360750 -0.497444
352.200000000 -25.967129 41.501011 -15.492630 0.379739 -0.678380 0.272652 0.566798
352.300000000 -25.684537 41.636282 -15.456218 0.381154 -0.677819 0.274468 0.565642
352.400000000 -25.581950 41.596993 -15.470617 0.380766 -0.677860 0.273920 0.566119
352.500000000 -25.378937 41.563508 -15.488666 0.383543 -0.677255 0.276507 0.563706
352.600000000 -25.401494 41.312211 -15.564800 0.382309 -0.677559 0.274995 0.564918
352.700000000 -25.386397 41.097885 -15.633182 0.381381 -0.677457 0.273951 0.566173
352.800000000 -25.253240 41.034405 -15.662692 0.384191 -0.677013 0.276307 0.563653
352.900000000 -24.994815 40.913819 -15.711351 0.391005 -0.675118 0.282467 0.558161
353.000000000 -24.909571 40.909787 -15.721749 0.389904 -0.675503 0.281258 0.559075
353.100000000 -24.851779 40.700183 -15.789825 0.389370 -0.675603 0.280385 0.559765
353.200000000 -24.845493 40.573938 -15.845887 0.391223 -0.675871 0.281197 0.557737
353.300000000 -24.812703 40.355596 -15.918109 0.391262 -0.675284 0.280993 0.558523
353.400000000 -24.807723 40.126896 -15.995944 0.391739 -0.674996 0.280928 0.558570
353.500000000 -24.787275 39.960717 -16.058225 0.392582 -0.674673 0.281108 0.558278
353.600000000 -24.784828 39.840550 -16.113679 0.392825 -0.675671 0.280154 0.557379
353.700000000 -24.749599 39.839687 -16.138523 0.393239 -0.676258 0.279799 0.556553
353.800000000 -24.701199 39.756617 -16.180494 0.394263 -0.676323 0.280213 0.555540
353.900000000 -24.757971 39.571912 -16.248822 0.380925 -0.681592 0.265509 0.565538
354.000000000 -24.412703 39.848414 -16.251222 -0.492145 0.638236 -0.365241 -0.465882
354.100000000 -24.245203 39.814279 -16.250343 0.451759 -0.655218 0.334771 0.504512
354.200000000 -24.548725 40.687707 -16.025067 0.406760 -0.675525 0.292025 0.541234
354.300000000 -24.504909 41.891725 -15.694701 0.387544 -0.681875 0.275673 0.555753
354.400000000 -24.269621 42.607854 -15.495475 0.380110 -0.681668 0.271877 0.562963
354.500000000 -23.866690 42.818940 -15.438642 0.390707 -0.676520 0.284477 0.555645
354.600000000 -23.765671 42.867790 -15.437222 0.389046 -0.676614 0.283298 0.557296
354.700000000 -23.716526 42.929387 -15.427105 0.385981 -0.677121 0.280871 0.560034
354.800000000 -23.653506 42.964974 -15.434975 0.385166 -0.677189 0.280298 0.560799
354.900000000 -23.605640 42.977529 -15.448034 0.384537 -0.677803 0.279210 0.561031
355.000000000 -23.539953 42.961787 -15.455527 0.378520 -0.678326 0.274134 0.566963
355.100000000 -23.542605 42.949680 -15.470846 0.376240 -0.678236 0.272455 0.569393
355.200000000 -23.411493 43.115848 -15.424011 0.365623 -0.679713 0.262924 0.578949
355.300000000 -23.214783 43.353839 -15.345979 0.373054 -0.672232 0.275560 0.577063
355.400000000 -23.797789 43.804351 -15.290668 0.446231 -0.640322 0.353492 0.515663
355.500000000 -24.718017 43.935574 -15.365543 -0.471877 0.633342 -0.370440 -0.488860
355.600000000 -25.033428 43.735460 -15.498681 -0.549319 0.593077 -0.430258 -0.401728
355.700000000 -24.798322 43.604572 -15.537837 -0.539481 0.601218 -0.419625 -0.414019
355.800000000 -24.567617 43.717970 -15.507744 -0.543003 0.596107 -0.426339 -0.409925
355.900000000 -24.604818 44.057979 -15.411108 -0.544858 0.589700 -0.435109 -0.407510
356.000000000 -24.449611 44.273191 -15.342860 -0.543943 0.584274 -0.441780 -0.409366
356.100000000 -24.309677 44.278920 -15.336776 -0.544567 0.578948 -0.448539 -0.408752
356.200000000 -24.060380 44.289319 -15.329733 -0.550149 0.569371 -0.460866 -0.400943
356.300000000 -23.928218 44.300641 -15.335322 -0.546603 0.572535 -0.457164 -0.405499
356.400000000 -23.807341 44.308250 -15.330048 -0.545768 0.570310 -0.459585 -0.407019
356.500000000 -23.851079 44.425352 -15.300584 -0.536707 0.577093 -0.450703 -0.419255
356.600000000 -23.577886 44.288215 -15.319418 -0.546247 0.563996 -0.465170 -0.408828
356.700000000 -23.642748 44.387037 -15.308142 -0.549752 0.552777 -0.472719 -0.410787
356.800000000 -23.482471 44.449326 -15.281345 -0.550937 0.551076 -0.469845 -0.414763
356.900000000 -23.514422 44.599550 -15.246346 0.548158 -0.547491 0.469659 0.423316
357.000000000 -23.476829 44.623866 -15.268081 0.553237 -0.539388 0.479172 0.416393
357.100000000 -23.498008 44.658516 -15.268368 0.552087 -0.532125 0.487870 0.417164
357.200000000 -23.405528 44.742249 -15.246028 0.551161 -0.530738 0.489075 0.418743
357.300000000 -23.330180 44.791865 -15.238853 0.549679 -0.526576 0.494140 0.419996
357.400000000 -23.503561 44.943527 -15.210087 0.554039 -0.525213 0.495405 0.414447
357.500000000 -23.903126 45.119559 -15.187322 -0.531233 0.546781 -0.467540 -0.447468
357.600000000 -23.676510 45.226866 -15.157573 -0.533221 0.537747 -0.479278 -0.443617
357.700000000 -23.522092 45.231778 -15.143597 -0.530706 0.549249 -0.464476 -0.448262
357.800000000 -23.468689 45.299401 -15.124707 -0.523301 0.557686 -0.453599 -0.457593
357.900000000 -23.105764 45.364024 -15.105616 -0.527523 0.556087 -0.454294 -0.453986
358.000000000 -21.700846 45.491291 -15.140680 0.569923 -0.488765 0.537134 0.384426
358.100000000 -19.677103 46.388550 -15.017889 0.643545 -0.435789 0.561891 0.283226
358.200000000 -19.439768 46.476016 -14.912521 0.655670 -0.474280 0.512307 0.287570
358.300000000 -19.334732 46.456840 -14.933267 0.655830 -0.462082 0.526739 0.280913
358.400000000 -19.307027 46.171337 -15.030505 0.646484 -0.438514 0.557948 0.280105
358.500000000 -19.536095 45.920024 -15.059441 0.630915 -0.429003 0.578239 0.289037
358.600000000 -20.239326 45.668902 -15.153225 0.569449 -0.471207 0.556373 0.379659
358.700000000 -20.712825 45.346288 -15.194689 0.551593 -0.499376 0.526510 0.411286
358.800000000 -20.742995 45.318599 -15.169411 0.558003 -0.498623 0.528285 0.401151
358.900000000 -20.691923 45.284037 -15.176998 0.551321 -0.504154 0.523249 0.409981
359.000000000 -20.690545 45.263459 -15.212933 0.543309 -0.502539 0.526210 0.418776
359.100000000 -20.649296 45.126644 -15.271676 0.532231 -0.496615 0.534198 0.429809
359.200000000 -20.665157 45.069119 -15.288608 0.533469 -0.494713 0.535552 0.428781
359.300000000 -20.542176 44.592777 -15.365216 0.537589 -0.495017 0.534410 0.424690
359.400000000 -20.530702 44.390380 -15.351695 0.543770 -0.495808 0.534455 0.415749
359.500000000 -20.623210 44.492991 -15.359806 0.543560 -0.498527 0.531369 0.416726
359.600000000 -20.629998 44.419403 -15.369347 0.539946 -0.494323 0.537398 0.418697
359.700000000 -20.738088 44.554782 -15.345386 0.548922 -0.492908 0.539517 0.405768
359.800000000 -20.828322 44.548277 -15.315722 0.557690 -0.487003 0.545998 0.392040
359.900000000 -21.002340 44.834887 -15.313992 0.554293 -0.485869 0.547811 0.395721
360.000000000 -21.089874 44.913138 -15.280349 0.553830 -0.485973 0.548479 0.395314
360.100000000 -21.133596 44.874701 -15.260945 0.554443 -0.486717 0.547741 0.394563
360.200000000 -21.123150 44.693278 -15.315750 0.552584 -0.483738 0.551574 0.395493
360.300000000 -21.181204 44.609712 -15.309032 0.558637 -0.482274 0.552620 0.387231
360.400000000 -21.684140 44.661396 -15.246173 0.546768 -0.501142 0.535864 0.403425
360.500000000 -21.596038 43.426687 -15.405603 -0.497864 0.567147 -0.448964 -0.478442
360.600000000 -21.666954 43.247087 -15.429490 -0.497451 0.567759 -0.448843 -0.478259
360.700000000 -21.706312 43.090058 -15.450650 -0.499593 0.569687 -0.448340 -0.474189
360.800000000 -21.757728 43.243008 -15.386884 -0.502918 0.573462 -0.444236 -0.469968
360.900000000 -21.809692 43.075220 -15.436597 -0.501424 0.572341 -0.445247 -0.471969
361.000000000 -21.867978 43.021960 -15.434344 -0.502854 0.574211 -0.443325 -0.469981
361.100000000 -21.926321 42.993161 -15.427417 -0.502047 0.572570 -0.445938 -0.470374
361.200000000 -21.968649 42.911065 -15.447987 -0.502059 0.576809 -0.440041 -0.470736
361.300000000 -22.019896 42.858838 -15.486633 -0.502175 0.577100 -0.439426 -0.470830
361.400000000 -22.072181 42.805499 -15.503682 -0.501150 0.577621 -0.438533 -0.472114
361.500000000 -22.122686 42.780634 -15.507675 -0.501567 0.580045 -0.435256 -0.471732
361.600000000 -22.170399 42.762700 -15.501558 -0.503864 0.583696 -0.431006 -0.468672
361.700000000 -22.225826 42.715864 -15.502899 -0.502770 0.586589 -0.426993 -0.469906
361.800000000 -22.279023 42.514074 -15.504398 -0.504296 0.582516 -0.434483 -0.466460
361.900000000 -22.288993 42.560592 -15.493609 -0.490799 0.598528 -0.410053 -0.482429
362.000000000 -22.205461 42.439315 -15.498277 -0.490843 0.606418 -0.396933 -0.483502
362.100000000 -21.915263 42.411414 -15.544155 0.543538 -0.505005 0.529327 0.411521
362.200000000 -21.540969 45.572630 -14.529964 0.627141 -0.508726 0.499481 0.313707
362.300000000 -23.831994 48.978417 -13.419172 0.600175 -0.585036 0.414422 0.354651
362.400000000 -23.374773 49.749192 -13.187487 0.686594 -0.412428 0.575592 0.164879
362.500000000 -21.725715 50.306647 -13.314416 0.670256 -0.353172 0.638422 0.135809
362.600000000 -21.844676 50.335856 -13.293036 0.675177 -0.327443 0.652137 0.107859
362.700000000 -22.343838 50.552551 -13.242685 0.668806 -0.345606 0.645225 0.130152
362.800000000 -23.872403 50.820999 -13.103644 0.653825 -0.373417 0.638367 0.159875
362.900000000 -23.762152 50.845168 -13.115415 0.651222 -0.376615 0.638053 0.164190
363.000000000 -23.206277 50.504775 -13.179514 0.655059 -0.382429 0.630423 0.164966
363.100000000 -22.373170 50.244351 -13.243824 0.662845 -0.376582 0.628293 0.155145
363.200000000 -22.345575 50.152783 -13.248218 0.664248 -0.377150 0.626793 0.153830
363.300000000 -21.568968 49.675673 -13.354993 0.666720 -0.369337 0.631408 0.142824
363.400000000 -20.914012 49.204887 -13.493423 0.660149 -0.378967 0.630653 0.151208
363.500000000 -20.539976 48.930242 -13.527492 0.662345 -0.385375 0.623887 0.153459
363.600000000 -20.090172 48.614034 -13.625271 0.652021 -0.397628 0.622797 0.169952
363.700000000 -19.049693 48.097602 -13.763917 0.649455 -0.416002 0.608397 0.187094
363.800000000 -17.436932 47.289327 -13.993922 0.645635 -0.426602 0.601931 0.197093
363.900000000 -16.490757 46.878681 -14.136774 0.632128 -0.458698 0.581043 0.228907
364.000000000 -15.992113 46.805808 -14.112659 0.663529 -0.391657 0.617445 0.158414
364.100000000 -16.720549 46.964340 -14.068683 0.652008 -0.311363 0.685258 0.091428
364.200000000 -16.565621 46.947387 -14.079350 0.650356 -0.330533 0.674878 0.111018
364.300000000 -16.346500 46.860671 -14.068490 0.652158 -0.346846 0.662376 0.125084
364.400000000 -16.310172 46.782300 -14.089484 0.649975 -0.354906 0.658482 0.134073
364.500000000 -16.245970 46.756766 -14.088016 0.646370 -0.370024 0.649887 0.151445
364.600000000 -17.032956 46.791500 -14.042809 0.664483 -0.267508 0.696188 0.047167
364.700000000 -17.100066 46.765049 -14.034383 0.668482 -0.270691 0.691023 0.048431
364.800000000 -17.044951 46.689755 -14.067017 0.667641 -0.275012 0.689792 0.053010
364.900000000 -17.025251 46.573827 -14.027538 0.676527 -0.274496 0.681611 0.048685
365.000000000 -16.830843 46.575546 -14.027964 0.675139 -0.288805 0.675765 0.064190
365.100000000 -16.883875 46.519597 -14.066050 0.670297 -0.290082 0.679726 0.067285
365.200000000 -16.861941 46.460375 -14.070652 0.671110 -0.293624 0.677093 0.070290
365.300000000 -16.808895 46.430563 -14.101850 0.667299 -0.305101 0.674279 0.083511
365.400000000 -16.866155 46.370176 -14.124537 0.664641 -0.304485 0.677055 0.084483
365.500000000 -16.952906 46.412241 -14.125660 0.662534 -0.294303 0.684497 0.076801
365.600000000 -16.893595 46.277860 -14.184162 0.661310 -0.295051 0.685266 0.077620
365.700000000 -16.836292 46.217529 -14.197418 0.660721 -0.296856 0.684873 0.079198
365.800000000 -16.774032 46.162892 -14.216032 0.661376 -0.297064 0.684168 0.079056
365.900000000 -16.749480 46.135984 -14.238191 0.659904 -0.296921 0.685487 0.080443
366.000000000 -16.641760 46.157070 -14.217837 0.665016 -0.291525 0.683700 0.072946
366.100000000 -16.706690 46.052383 -14.283523 0.660881 -0.293122 0.686626 0.076561
366.200000000 -16.736762 46.000608 -14.291477 0.662365 -0.295040 0.684196 0.078095
366.300000000 -16.687847 45.942783 -14.337663 0.659614 -0.293023 0.687784 0.077455
366.400000000 -16.752530 45.873367 -14.386601 0.655138 -0.301688 0.686957 0.088713
366.500000000 -16.666467 45.877051 -14.355771 0.662913 -0.293427 0.684440 0.077393
366.600000000 -16.677651 45.808369 -14.407112 0.657028 -0.294511 0.689276 0.080468
366.700000000 -16.723069 45.762884 -14.448822 0.653082 -0.293888 0.693144 0.081642
366.800000000 -16.653275 45.728310 -14.455364 0.655171 -0.292738 0.691934 0.079265
366.900000000 -16.573168 45.711026 -14.439622 0.659179 -0.286009 0.691847 0.070926
367.000000000 -16.569020 45.624954 -14.461001 0.653766 -0.286114 0.696894 0.071185
367.100000000 -16.513198 45.563690 -14.485728 0.653532 -0.286617 0.696854 0.071697
367.200000000 -16.529910 45.551798 -14.492955 0.652768 -0.286727 0.697511 0.071835
367.300000000 -16.526341 45.534650 -14.508017 0.649148 -0.286830 0.700704 0.073136
367.400000000 -16.489318 45.469401 -14.529907 0.647075 -0.285366 0.703342 0.071903
367.500000000 -16.495521 45.437308 -14.541220 0.648632 -0.284105 0.702721 0.068882
367.600000000 -16.463033 45.397934 -14.543066 0.651188 -0.282834 0.701125 0.066203
367.700000000 -16.426498 45.342247 -14.563347 0.650980 -0.281110 0.702173 0.064462
367.800000000 -16.452876 45.397519 -14.575358 0.652090 -0.291968 0.695443 0.076762
367.900000000 -16.412061 45.349423 -14.569152 0.656792 -0.289245 0.692656 0.072037
368.000000000 -16.305734 45.287751 -14.575660 0.664184 -0.278246 0.691432 0.057970
368.100000000 -16.259809 45.284853 -14.581610 0.661292 -0.277009 0.694756 0.057205
368.200000000 -16.227004 45.266387 -14.604757 0.662649 -0.275817 0.694107 0.055110
368.300000000 -16.217768 45.247317 -14.606800 0.665966 -0.275381 0.691182 0.054064
368.400000000 -16.141805 45.208076 -14.620307 0.666618 -0.271636 0.692421 0.048861
368.500000000 -15.949062 45.353286 -14.596938 0.675282 -0.249432 0.693669 0.024515
368.600000000 -15.880032 45.281359 -14.621768 0.675839 -0.256363 0.690352 0.030555
368.700000000 -16.008628 45.237627 -14.631755 0.674165 -0.261567 0.689766 0.036160
368.800000000 -15.883118 45.274563 -14.637703 0.677624 -0.256747 0.688492 0.029758
368.900000000 -15.858708 45.237995 -14.655201 0.679515 -0.255673 0.687128 0.027305
369.000000000 -15.833472 45.202447 -14.674129 0.680778 -0.259152 0.684434 0.030527
369.100000000 -15.806694 45.222608 -14.680953 0.683175 -0.258547 0.682356 0.028567
369.200000000 -15.823984 45.222570 -14.685239 0.684228 -0.257878 0.681586 0.027785
369.300000000 -15.805932 45.212542 -14.693855 0.684874 -0.258737 0.680568 0.028788
369.400000000 -15.831189 45.227411 -14.701740 0.687766 -0.252500 0.680275 0.021179
369.500000000 -15.817920 45.199371 -14.719777 0.689711 -0.250651 0.679073 0.018232
369.600000000 -15.853377 45.199106 -14.726068 0.690282 -0.250510 0.678552 0.017958
369.700000000 -15.860896 45.183833 -14.745224 0.692882 -0.249780 0.676212 0.016189
369.800000000 -15.783506 45.253774 -14.734535 0.693645 -0.249181 0.675668 0.015449
369.900000000 -15.785299 45.269823 -14.741314 0.694761 -0.251154 0.673743 0.017319
370.000000000 -15.775901 45.259929 -14.760361 0.696743 -0.245172 0.674044 0.010271
370.100000000 -15.767624 45.266979 -14.765537 0.697400 -0.245577 0.673209 0.010707
370.200000000 -15.413527 45.070688 -14.916232 0.697678 -0.326346 0.631107 0.091914
370.300000000 -15.436350 45.063616 -14.941250 0.699619 -0.326285 0.629182 0.090564
370.400000000 -15.721768 45.256331 -14.811785 0.702349 -0.243477 0.668851 0.007923
370.500000000 -15.649896 45.236652 -14.827810 0.703101 -0.241644 0.668747 0.005961
370.600000000 -15.515044 45.042779 -14.970735 0.702349 -0.321668 0.629242 0.085379
370.700000000 -15.568194 45.045301 -14.978219 0.704054 -0.315645 0.631244 0.078779
370.800000000 -15.557134 45.011617 -14.994776 0.702721 -0.320165 0.629763 0.084119
370.900000000 -15.522160 44.994241 -15.009028 0.702002 -0.323817 0.628063 0.088728
371.000000000 -15.595517 45.146593 -14.900128 0.705226 -0.257694 0.660050 0.024183
371.100000000 -15.456257 45.110573 -14.921801 0.705966 -0.258138 0.659066 0.024666
371.200000000 -15.485530 45.114934 -14.927838 0.706451 -0.257605 0.658771 0.024227
371.300000000 -15.479593 45.153527 -14.919178 0.706505 -0.254588 0.659978 0.021522
371.400000000 -15.531292 45.171811 -14.925039 0.707364 -0.255612 0.658627 0.022569
371.500000000 -15.435912 45.173048 -14.935739 0.708924 -0.249197 0.659605 0.015785
371.600000000 -15.420709 44.997121 -15.053406 0.699875 -0.333222 0.623413 0.102436
371.700000000 -15.289417 45.000743 -15.070218 0.702058 -0.326858 0.625403 0.095651
371.800000000 -14.763142 45.213720 -14.935260 0.707391 -0.259234 0.656883 0.030005
371.900000000 -14.409086 45.293157 -14.930710 0.709203 -0.258435 0.655269 0.029395
372.000000000 -14.552152 45.218429 -14.960166 0.709085 -0.265653 0.652119 0.036980
372.100000000 -14.414036 45.202888 -14.978261 0.708898 -0.271005 0.649750 0.042953
372.200000000 -14.478848 45.177404 -14.987738 0.708549 -0.270658 0.650263 0.043135
372.300000000 -14.409034 45.209942 -14.981188 0.708573 -0.269841 0.650604 0.042726
372.400000000 -14.462630 45.201929 -14.992330 0.709122 -0.269575 0.650135 0.042422
372.500000000 -14.387106 45.172832 -15.002789 0.709228 -0.269649 0.649965 0.042790
372.600000000 -14.351455 45.208672 -14.999671 0.709349 -0.270650 0.649322 0.044197
372.700000000 -14.068735 45.216248 -14.997382 0.707641 -0.275070 0.648887 0.050265
372.800000000 -13.949965 45.191040 -15.006947 0.709235 -0.268294 0.650494 0.043143
372.900000000 -13.985120 45.143194 -15.020047 0.708252 -0.270562 0.650407 0.046322
373.000000000 -13.863543 45.228211 -15.005669 0.707007 -0.283653 0.645010 0.060369
373.100000000 -13.650299 45.241906 -15.000628 0.708508 -0.270122 0.650268 0.046927
373.200000000 -13.530383 45.273782 -14.999693 0.708371 -0.275258 0.647817 0.052701
373.300000000 -13.414130 45.333041 -14.991534 0.710081 -0.268071 0.649504 0.045460
373.400000000 -13.447786 45.281585 -15.002903 0.709666 -0.267733 0.650097 0.045457
373.500000000 -13.265961 45.463549 -14.977594 0.711867 -0.267078 0.648035 0.044333
373.600000000 -13.243873 45.404084 -14.986829 0.711189 -0.265485 0.649496 0.043394
373.700000000 -13.249675 45.365431 -15.004108 0.712097 -0.264736 0.648882 0.042249
373.800000000 -13.238188 45.415997 -14.988304 0.712397 -0.261424 0.650093 0.039080
373.900000000 -13.061960 45.407271 -15.015063 0.714222 -0.260304 0.648628 0.037564
374.000000000 -13.102998 45.370844 -15.025688 0.712661 -0.266591 0.647356 0.044416
374.100000000 -13.101047 45.453410 -14.990314 0.712537 -0.263491 0.648933 0.041818
374.200000000 -13.197979 45.469840 -14.976190 0.712457 -0.258752 0.651205 0.037203
374.300000000 -13.134154 45.388567 -14.998277 0.711824 -0.261436 0.650640 0.040325
374.400000000 -13.045969 45.383380 -15.016092 0.713117 -0.260744 0.649570 0.039190
374.500000000 -12.937178 45.415845 -15.009100 0.712906 -0.262818 0.648829 0.041390
374.600000000 -12.920308 45.486548 -14.987218 0.713548 -0.257651 0.650494 0.036377
374.700000000 -12.971566 45.459826 -14.986770 0.713277 -0.255231 0.651877 0.033888
374.800000000 -12.951575 45.428774 -14.997797 0.713330 -0.255625 0.651639 0.034407
374.900000000 -12.899950 45.465285 -14.992623 0.713544 -0.257351 0.650619 0.036334
375.000000000 -12.973316 45.498910 -14.968340 0.713396 -0.252275 0.653025 0.031331
375.100000000 -13.059918 45.539506 -14.934914 0.712121 -0.248118 0.656164 0.027748
375.200000000 -13.067049 45.592710 -14.911565 0.712771 -0.240589 0.658545 0.019827
375.300000000 -13.102824 45.529656 -14.923143 0.711687 -0.245493 0.657724 0.025194
375.400000000 -12.978394 45.489960 -14.947668 0.712193 -0.248038 0.656118 0.027689
375.500000000 -13.025672 45.530503 -14.915898 0.712778 -0.236090 0.660277 0.015603
375.600000000 -13.224779 45.564347 -14.888175 0.712550 -0.227166 0.663797 0.006488
375.700000000 -13.172252 45.493883 -14.904240 0.711797 -0.230178 0.663526 0.009757
375.800000000 -13.044267 45.471838 -14.917574 0.712538 -0.229998 0.662799 0.009342
375.900000000 -13.030461 45.468116 -14.909500 0.713052 -0.221119 0.665329 0.000360
376.000000000 -13.285278 45.397571 -14.911869 0.712975 -0.212864 0.668048 -0.008170
376.100000000 -12.998518 45.377837 -14.933530 0.713143 -0.219874 0.665643 -0.001339
376.200000000 -12.955161 45.372377 -14.933295 0.713215 -0.222433 0.664715 0.001337
376.300000000 -13.070179 45.394097 -14.907787 0.713504 -0.209976 0.668352 -0.011310
376.400000000 -13.485014 45.115440 -14.959579 0.713852 -0.180214 0.675384 -0.042374
376.500000000 -13.332634 45.190978 -14.946757 0.713610 -0.178531 0.675971 -0.044155
376.600000000 -13.111941 45.236496 -14.942898 0.714595 -0.177246 0.675160 -0.045796
376.700000000 -12.757862 45.199845 -14.971627 0.715665 -0.179263 0.673610 -0.044028
376.800000000 -12.762714 45.307046 -14.938949 0.715651 -0.175799 0.674288 -0.047691
376.900000000 -12.714270 45.367244 -14.937395 0.716931 -0.174039 0.673217 -0.049990
377.000000000 -12.490908 45.217045 -14.990749 0.717574 -0.177156 0.671919 -0.047205
377.100000000 -12.660641 45.176989 -14.981198 0.716596 -0.177032 0.672998 -0.047158
377.200000000 -12.560772 45.071933 -15.021037 0.717280 -0.178985 0.671859 -0.045604
377.300000000 -12.410439 45.147747 -15.012186 0.718061 -0.175245 0.671707 -0.049880
377.400000000 -12.163333 45.089647 -15.052827 0.719437 -0.177713 0.669719 -0.048017
377.500000000 -12.178043 45.053410 -15.059469 0.719476 -0.177849 0.669630 -0.048161
377.600000000 -11.734017 45.010148 -15.089978 0.720035 -0.179823 0.668615 -0.046567
377.700000000 -11.477230 45.045573 -15.103108 0.721173 -0.178793 0.667540 -0.048308
377.800000000 -11.274015 45.009934 -15.125591 0.721832 -0.177900 0.666975 -0.049546
377.900000000 -11.580255 44.854269 -15.154392 0.721724 -0.179805 0.666714 -0.047719
378.000000000 -11.572072 44.780157 -15.181005 0.722427 -0.180349 0.665822 -0.047480
378.100000000 -11.425438 44.777337 -15.193046 0.722785 -0.179538 0.665576 -0.048551
378.200000000 -11.228882 44.772478 -15.210757 0.723451 -0.181101 0.664522 -0.047252
378.300000000 -11.193904 44.784382 -15.199391 0.723162 -0.180516 0.664959 -0.047755
378.400000000 -11.111322 44.763408 -15.199449 0.722468 -0.178779 0.666061 -0.049405
378.500000000 -10.959950 44.744943 -15.200666 0.722205 -0.180257 0.666034 -0.048225
378.600000000 -10.871022 44.654833 -15.223602 0.721764 -0.180979 0.666369 -0.047491
378.700000000 -10.911370 44.561065 -15.244627 0.721683 -0.182116 0.666206 -0.046653
378.800000000 -10.850620 44.569954 -15.238776 0.721411 -0.183786 0.666166 -0.044853
378.900000000 -10.820696 44.559556 -15.236544 0.721027 -0.188490 0.665578 -0.039959
379.000000000 -10.939948 44.602884 -15.209820 0.720779 -0.178088 0.667968 -0.050812
379.100000000 -11.173403 44.475733 -15.218387 0.719596 -0.179746 0.668927 -0.049085
379.200000000 -11.470314 44.339582 -15.227013 0.718507 -0.174502 0.671110 -0.053935
379.300000000 -11.813030 44.207361 -15.223383 0.716902 -0.161385 0.674939 -0.066812
379.400000000 -12.165992 44.158075 -15.192236 0.715245 -0.153980 0.677568 -0.074935
379.500000000 -12.635616 43.851097 -15.241083 0.713251 -0.133333 0.681311 -0.096486
379.600000000 -12.657832 43.794655 -15.247598 0.712563 -0.133852 0.681941 -0.096408
379.700000000 -12.512603 43.712033 -15.264340 0.712263 -0.136742 0.682082 -0.093528
379.800000000 -12.543407 43.658138 -15.269471 0.711430 -0.137631 0.682870 -0.092809
379.900000000 -12.745792 43.556321 -15.265385 0.709390 -0.131337 0.685308 -0.099338
380.000000000 -12.827678 43.229054 -15.325416 0.704949 -0.109507 0.690109 -0.121675
380.100000000 -12.830005 43.273075 -15.308996 0.704805 -0.109355 0.690206 -0.122098
380.200000000 -12.682860 43.245790 -15.316801 0.704981 -0.112095 0.690073 -0.119316
380.300000000 -12.436043 43.338910 -15.283861 0.704195 -0.109282 0.690899 -0.121759
380.400000000 -12.487169 43.161975 -15.297157 0.698439 -0.085880 0.695537 -0.145034
380.500000000 -12.370210 43.170901 -15.297195 0.699291 -0.088358 0.694848 -0.142729
380.600000000 -12.210942 43.163941 -15.289622 0.699174 -0.090680 0.695120 -0.140506
380.700000000 -12.155015 43.302067 -15.214516 0.690231 -0.054868 0.699975 -0.174944
380.800000000 -11.916463 43.372633 -15.194554 0.689950 -0.054731 0.700216 -0.175132
380.900000000 -11.923343 43.390493 -15.183325 0.689570 -0.054508 0.700540 -0.175404
381.000000000 -11.571737 43.407011 -15.179963 0.689824 -0.054119 0.700311 -0.175441
381.100000000 -11.389206 43.455388 -15.156226 0.689310 -0.053987 0.700799 -0.175552
381.200000000 -11.297159 43.383089 -15.170787 0.689815 -0.058764 0.701068 -0.170898
381.300000000 -11.069395 43.391361 -15.163823 0.690084 -0.059460 0.700968 -0.169978
381.400000000 -10.949932 43.374584 -15.156530 0.689521 -0.062722 0.702004 -0.166782
381.500000000 -10.874787 43.430161 -15.116536 0.687317 -0.060858 0.703964 -0.168304
381.600000000 -10.754868 43.465262 -15.089889 0.685101 -0.053311 0.704969 -0.175536
381.700000000 -10.680940 43.508180 -15.063614 0.682895 -0.045631 0.705826 -0.182707
381.800000000 -10.643225 43.421871 -15.079232 0.683094 -0.052857 0.706849 -0.175933
381.900000000 -10.559301 43.585043 -15.013064 0.679210 -0.038038 0.707826 -0.190286
382.000000000 -10.441101 43.563283 -15.014850 0.679098 -0.039370 0.708240 -0.188873
382.100000000 -10.369992 43.465144 -15.045875 0.679414 -0.039819 0.708054 -0.188339
382.200000000 -10.447581 43.439320 -15.047848 0.679104 -0.038022 0.707822 -0.190684
382.300000000 -10.330524 43.491675 -15.033856 0.678914 -0.039645 0.708425 -0.188777
382.400000000 -10.037712 43.494289 -15.024397 0.679021 -0.045587 0.709560 -0.182692
382.500000000 -10.076896 43.481384 -15.024341 0.678668 -0.040097 0.708835 -0.188030
382.600000000 -9.744344 43.625725 -14.980220 0.677117 -0.034015 0.709164 -0.193497
382.700000000 -9.885376 43.575541 -14.988391 0.676039 -0.029965 0.709234 -0.197639
382.800000000 -9.511750 43.635702 -14.974032 0.675173 -0.027321 0.709538 -0.199879
382.900000000 -9.362652 43.715777 -14.954971 0.673680 -0.020789 0.709482 -0.205813
383.000000000 -9.219902 43.788538 -14.928584 0.673372 -0.021923 0.710078 -0.204643
383.100000000 -9.281756 43.752482 -14.947575 0.676173 -0.030315 0.709597 -0.195813
383.200000000 -9.077478 43.811693 -14.914804 0.671151 -0.013003 0.709865 -0.213258
383.300000000 -9.300991 43.708709 -14.944601 0.671262 -0.013580 0.709940 -0.212622
383.400000000 -9.248834 43.748437 -14.925582 0.671409 -0.017889 0.710957 -0.208398
383.500000000 -9.115413 43.716470 -14.934624 0.671893 -0.020168 0.711173 -0.205877
383.600000000 -8.935458 43.727441 -14.927016 0.672307 -0.022381 0.711312 -0.203811
383.700000000 -8.826559 43.661831 -14.928415 0.672691 -0.034695 0.713970 -0.191127
383.800000000 -8.944509 43.690234 -14.897273 0.662390 0.009466 0.711333 -0.234851
383.900000000 -8.678073 43.787541 -14.879229 0.663802 0.003375 0.712120 -0.228565
384.000000000 -8.684395 43.793975 -14.880480 0.664311 0.001326 0.712320 -0.226472
384.100000000 -8.570341 43.848535 -14.869432 0.664520 0.001743 0.712073 -0.226632
384.200000000 -8.269008 43.969142 -14.846694 0.663795 0.006064 0.711597 -0.230150
384.300000000 -8.256944 44.017463 -14.828904 0.663978 0.004035 0.712089 -0.228137
384.400000000 -8.189051 44.033744 -14.825012 0.663142 0.006440 0.712116 -0.230419
384.500000000 -8.103450 44.035048 -14.832360 0.663074 0.007533 0.711817 -0.231500
384.600000000 -7.969679 44.049126 -14.831490 0.662955 0.007396 0.712016 -0.231237
384.700000000 -8.125975 44.006709 -14.841909 0.662630 0.008654 0.711869 -0.232570
384.800000000 -7.900121 44.040215 -14.832453 0.662606 0.007763 0.712278 -0.231414
384.900000000 -7.821073 44.089572 -14.819360 0.660666 0.016822 0.711098 -0.239952
385.000000000 -7.803503 44.072938 -14.826108 0.660717 0.015263 0.711663 -0.238235
385.100000000 -7.913267 44.018471 -14.849505 0.660724 0.017315 0.710904 -0.240330
385.200000000 -7.484169 44.171998 -14.805116 0.661911 0.009891 0.712499 -0.232638
385.300000000 -7.525517 44.206281 -14.793869 0.658718 0.021885 0.711331 -0.244172
385.400000000 -7.775434 44.091661 -14.827561 0.658320 0.021385 0.711807 -0.243902
385.500000000 -7.336842 44.271479 -14.781788 0.658866 0.021261 0.711513 -0.243295
385.600000000 -7.423105 44.242927 -14.785666 0.653773 0.038536 0.709733 -0.259566
385.700000000 -7.694898 43.812336 -14.897143 0.639707 0.089697 0.699443 -0.305793
385.800000000 -7.641546 43.832228 -14.896355 0.638529 0.089625 0.700580 -0.305674
385.900000000 -7.768823 43.721471 -14.923420 0.637462 0.091248 0.700593 -0.307385
386.000000000 -7.924623 43.576870 -14.949809 0.635525 0.093004 0.701218 -0.309437
386.100000000 -8.008614 43.486007 -14.969963 0.633318 0.095394 0.701655 -0.312232
386.200000000 -7.896438 43.504980 -14.974353 0.634300 0.094969 0.701066 -0.311689
386.300000000 -7.570516 43.525678 -14.988265 0.638033 0.089494 0.700939 -0.305922
386.400000000 -7.592436 43.475269 -15.002246 0.637912 0.090286 0.700613 -0.306689
386.500000000 -7.598676 43.416624 -15.022053 0.638060 0.090482 0.700382 -0.306852
386.600000000 -7.647980 43.346057 -15.040166 0.637371 0.091654 0.700325 -0.308063
386.700000000 -7.535831 43.372053 -15.033217 0.637562 0.090164 0.700868 -0.306870
386.800000000 -7.440835 43.408251 -15.028336 0.638230 0.089567 0.700694 -0.306053
386.900000000 -7.361625 43.588239 -14.981817 0.636584 0.094242 0.699945 -0.309767
387.000000000 -7.229844 43.715272 -14.955080 0.636991 0.094243 0.699740 -0.309394
387.100000000 -7.238000 43.621903 -14.978540 0.636437 0.094500 0.700003 -0.309859
387.200000000 -7.167338 43.641270 -14.976752 0.636730 0.094648 0.699670 -0.309965
387.300000000 -7.282710 43.214008 -15.090494 0.639392 0.086611 0.701222 -0.303256
387.400000000 -6.887516 43.807860 -14.940872 0.637561 0.093230 0.699898 -0.308168
387.500000000 -6.779871 43.861067 -14.933877 0.637707 0.093680 0.699687 -0.308208
387.600000000 -7.146966 43.541287 -15.007707 0.635818 0.096617 0.699372 -0.311896
387.700000000 -7.286095 43.384182 -15.047974 0.634994 0.097537 0.699428 -0.313160
387.800000000 -6.898444 43.784551 -14.961577 0.635741 0.099926 0.698105 -0.313842
387.900000000 -6.988364 43.678198 -14.989346 0.635295 0.101415 0.697588 -0.315415
388.000000000 -6.747798 43.638518 -15.005867 0.638288 0.094017 0.698930 -0.308621
388.100000000 -6.518145 43.714655 -14.985305 0.639917 0.088294 0.700547 -0.303223
388.200000000 -6.748319 44.147224 -14.875517 0.633440 0.107275 0.696587 -0.319394
388.300000000 -6.655173 44.068521 -14.897203 0.633467 0.107048 0.696620 -0.319346
388.400000000 -6.658568 43.831359 -14.960549 0.636860 0.097842 0.698342 -0.311698
388.500000000 -6.421591 44.135323 -14.890168 0.637516 0.099117 0.697620 -0.311569
388.600000000 -6.417033 43.941561 -14.946256 0.637695 0.098899 0.697374 -0.311824
388.700000000 -6.332519 44.006753 -14.933373 0.636997 0.100396 0.697272 -0.312995
388.800000000 -6.251568 44.088531 -14.912496 0.637467 0.100301 0.696916 -0.312864
388.900000000 -6.465772 43.648941 -15.024403 0.637501 0.097278 0.698074 -0.311163
389.000000000 -6.225801 44.011703 -14.933621 0.635578 0.104986 0.696050 -0.317069
389.100000000 -6.067179 44.145574 -14.906340 0.637583 0.102124 0.696020 -0.314031
389.200000000 -6.489988 43.727386 -15.009387 0.634872 0.106377 0.695678 -0.318833
389.300000000 -6.287777 43.962646 -14.945576 0.631714 0.114454 0.694141 -0.325585
389.400000000 -6.055172 44.229104 -14.887549 0.633831 0.112375 0.693781 -0.322952
389.500000000 -6.450908 43.588686 -15.054790 0.633291 0.112876 0.693573 -0.324279
389.600000000 -6.383047 43.565550 -15.054533 0.632606 0.112917 0.693988 -0.324715
389.700000000 -6.428439 43.431304 -15.092963 0.631931 0.113773 0.693974 -0.325759
389.800000000 -6.363133 43.459340 -15.091403 0.632036 0.114296 0.693665 -0.326030
389.900000000 -6.360517 43.410850 -15.104522 0.631452 0.116163 0.693102 -0.327695
390.000000000 -6.164119 43.415221 -15.101508 0.631749 0.114726 0.693725 -0.326308
390.100000000 -6.344835 43.425687 -15.102903 0.631575 0.115232 0.693538 -0.326863
390.200000000 -6.205614 43.446562 -15.100751 0.630889 0.119465 0.691873 -0.330179
390.300000000 -6.019179 43.613375 -15.066534 0.630225 0.123092 0.690568 -0.332838
390.400000000 -5.964383 43.576122 -15.072417 0.626980 0.130785 0.688865 -0.339494
390.500000000 -6.036827 43.322678 -15.140738 0.628873 0.125668 0.690023 -0.335550
390.600000000 -5.845167 43.479783 -15.107865 0.629684 0.126772 0.688976 -0.335768
390.700000000 -5.875246 43.414113 -15.126799 0.629486 0.126985 0.689000 -0.336008
390.800000000 -5.876932 43.429336 -15.118886 0.629587 0.126700 0.689051 -0.335823
390.900000000 -5.844068 43.443222 -15.120122 0.628984 0.129080 0.688333 -0.337514
391.000000000 -5.740484 43.505558 -15.102296 0.628813 0.128543 0.688685 -0.337319
391.100000000 -5.634618 43.589820 -15.076119 0.627981 0.128851 0.689208 -0.337682
391.200000000 -5.610741 43.582149 -15.079920 0.627835 0.129640 0.688859 -0.338364
391.300000000 -5.586749 43.562420 -15.087386 0.628266 0.129361 0.688694 -0.338007
391.400000000 -5.480126 43.607522 -15.085571 0.628937 0.129289 0.688267 -0.337655
391.500000000 -5.405783 43.649661 -15.072817 0.628897 0.128701 0.688633 -0.337207
391.600000000 -5.394480 43.594118 -15.088736 0.628736 0.128866 0.688635 -0.337441
391.700000000 -5.313368 43.677980 -15.063203 0.627180 0.131875 0.688200 -0.340051
391.800000000 -5.293367 43.625578 -15.081688 0.625633 0.137716 0.686047 -0.344901
391.900000000 -5.226751 43.602865 -15.086334 0.625590 0.137530 0.686122 -0.344903
392.000000000 -5.189934 43.630569 -15.080205 0.625447 0.138032 0.685961 -0.345283
392.100000000 -5.149938 43.585451 -15.095170 0.626196 0.136791 0.686083 -0.344176
392.200000000 -5.102065 43.543089 -15.108369 0.626358 0.136854 0.685938 -0.344146
392.300000000 -4.971310 43.664964 -15.075038 0.626021 0.136400 0.686450 -0.343917
392.400000000 -4.838870 43.803336 -15.041249 0.625586 0.137570 0.686368 -0.344406
392.500000000 -4.658505 43.862574 -15.009418 0.623182 0.139264 0.687093 -0.346630
392.600000000 -4.563249 43.940085 -14.986580 0.623586 0.138181 0.687385 -0.345758
392.700000000 -4.557028 43.872092 -15.008149 0.623412 0.139285 0.686799 -0.346791
392.800000000 -4.498718 43.935731 -14.993324 0.623975 0.139279 0.686415 -0.346541
392.900000000 -4.424340 43.915189 -15.000341 0.624836 0.136920 0.687026 -0.344714
393.000000000 -4.424572 43.834007 -15.024288 0.625369 0.136132 0.686871 -0.344369
393.100000000 -4.318359 43.862320 -15.015578 0.625027 0.136202 0.687079 -0.344546
393.200000000 -4.293598 43.905595 -15.005387 0.624290 0.138544 0.686336 -0.346424
393.300000000 -4.157635 44.099443 -14.943797 0.619689 0.146099 0.685348 -0.353466
393.400000000 -4.036223 44.155594 -14.928018 0.619923 0.144499 0.686107 -0.352239
393.500000000 -3.946827 44.125295 -14.925914 0.619868 0.142486 0.687267 -0.350891
393.600000000 -3.943967 44.070912 -14.943384 0.620018 0.142119 0.687298 -0.350715
393.700000000 -3.889608 43.974593 -14.983266 0.623786 0.137945 0.686984 -0.346288
393.800000000 -3.812700 44.047800 -14.957474 0.622943 0.137507 0.687736 -0.346486
393.900000000 -3.752183 43.985991 -14.965197 0.622057 0.137588 0.688246 -0.347034
394.000000000 -3.833111 43.831766 -14.995088 0.617408 0.145665 0.686531 -0.355339
394.100000000 -3.756526 43.866368 -14.986126 0.617475 0.145167 0.686743 -0.355014
394.200000000 -3.852033 43.226705 -15.159890 0.607062 0.173213 0.676199 -0.379773
394.300000000 -3.968019 43.202308 -15.186827 0.611895 0.165871 0.677366 -0.373157
394.400000000 -4.120187 42.856766 -15.311122 0.623352 0.145018 0.681218 -0.355448
394.500000000 -4.223059 42.951087 -15.296966 0.623664 0.145460 0.680597 -0.355910
394.600000000 -4.268184 42.886289 -15.302038 0.610769 0.174263 0.672030 -0.380748
394.700000000 -4.185303 42.980453 -15.283892 0.620937 0.149853 0.679748 -0.360450
394.800000000 -4.216957 43.085697 -15.252682 0.610581 0.173465 0.672598 -0.380410
394.900000000 -3.919620 43.068087 -15.262182 0.620131 0.149530 0.680525 -0.360506
395.000000000 -3.940985 43.208966 -15.221252 0.615117 0.159672 0.677929 -0.369524
395.100000000 -3.910730 43.357301 -15.170284 0.615277 0.157260 0.679360 -0.367659
395.200000000 -4.057077 43.508592 -15.129148 0.609641 0.170489 0.675238 -0.378582
395.300000000 -3.867534 43.556198 -15.109066 0.611865 0.164972 0.677129 -0.374035
395.400000000 -3.829045 43.689776 -15.062952 0.610683 0.164356 0.678407 -0.373922
395.500000000 -3.699989 43.703962 -15.064259 0.609731 0.168590 0.676785 -0.376520
395.600000000 -3.761328 43.848768 -15.019920 0.608378 0.170307 0.676788 -0.377929
395.700000000 -3.664620 43.932744 -14.994472 0.607675 0.170192 0.677354 -0.378097
395.800000000 -3.620689 44.058247 -14.946795 0.606493 0.169496 0.678724 -0.377852
395.900000000 -3.521533 44.159879 -14.911768 0.605638 0.168358 0.679993 -0.377449
396.000000000 -3.226765 44.129270 -14.900871 0.604672 0.165978 0.682024 -0.376387
396.100000000 -3.277517 44.331208 -14.850802 0.605157 0.164271 0.682784 -0.374975
396.200000000 -3.083539 44.335922 -14.837657 0.601932 0.167756 0.682899 -0.378397
396.300000000 -3.042470 44.455125 -14.803548 0.601055 0.166909 0.684067 -0.378056
396.400000000 -2.922470 44.560480 -14.777202 0.601041 0.164425 0.685569 -0.376442
396.500000000 -2.677509 44.552542 -14.788164 0.601581 0.166276 0.684465 -0.376777
396.600000000 -2.598566 44.679221 -14.753156 0.599894 0.164936 0.686418 -0.376503
396.700000000 -2.470217 44.709114 -14.735838 0.596787 0.168215 0.686321 -0.380148
396.800000000 -2.397898 44.800984 -14.715527 0.595639 0.167639 0.687440 -0.380181
396.900000000 -2.418068 44.994400 -14.667920 0.594615 0.165700 0.689189 -0.379467
397.000000000 -2.120273 44.969854 -14.662871 0.592359 0.163975 0.691474 -0.379587
397.100000000 -1.995734 45.089579 -14.647293 0.592583 0.163453 0.691887 -0.378709
397.200000000 -1.956764 45.207632 -14.632154 0.592580 0.163646 0.692036 -0.378358
397.300000000 -1.857530 45.199752 -14.627349 0.589475 0.161904 0.694468 -0.379500
397.400000000 -1.698333 45.371175 -14.610694 0.591053 0.161666 0.694134 -0.377754
397.500000000 -1.607271 45.354258 -14.626837 0.586908 0.165701 0.693977 -0.382724
397.600000000 -1.559331 45.403329 -14.639604 0.586716 0.165821 0.693989 -0.382944
397.700000000 -1.405108 45.528144 -14.631449 0.586151 0.164726 0.695144 -0.382187
397.800000000 -1.301624 45.700836 -14.601907 0.585915 0.162674 0.696504 -0.380949
397.900000000 -1.169980 45.740897 -14.634909 0.585723 0.165330 0.695403 -0.382110
398.000000000 -1.052514 45.798843 -14.649393 0.585101 0.164818 0.695893 -0.382393
398.100000000 -0.972900 45.834508 -14.679210 0.584576 0.165316 0.696046 -0.382703
398.200000000 -0.903874 45.880408 -14.711322 0.583033 0.167257 0.695904 -0.384468
398.300000000 -0.716390 45.982859 -14.702685 0.581104 0.167403 0.696982 -0.385371
398.400000000 -0.710793 46.106431 -14.704714 0.578243 0.167818 0.698428 -0.386873
398.500000000 -0.680581 46.225038 -14.740352 0.578543 0.168985 0.697835 -0.386986
398.600000000 -0.531974 46.283805 -14.765203 0.577377 0.168469 0.698855 -0.387112
398.700000000 -0.393880 46.389801 -14.784111 0.576128 0.167962 0.699804 -0.387479
398.800000000 -0.264441 46.489891 -14.806914 0.575815 0.166993 0.700686 -0.386768
398.900000000 -0.177463 46.597586 -14.813948 0.572843 0.166494 0.702613 -0.387899
399.000000000 -0.064569 46.705821 -14.860519 0.574031 0.167171 0.701422 -0.388007
399.100000000 -0.012534 46.844600 -14.901737 0.574640 0.167072 0.701213 -0.387525
399.200000000 0.096864 46.962714 -14.935650 0.575001 0.166692 0.701249 -0.387088
399.300000000 0.191515 47.037071 -14.984838 0.575398 0.167001 0.700760 -0.387251
399.400000000 0.320815 47.136481 -15.008104 0.572522 0.166399 0.702730 -0.388202
399.500000000 0.404519 47.231644 -15.073189 0.573926 0.167110 0.701821 -0.387467
399.600000000 0.500566 47.342848 -15.104746 0.572282 0.167305 0.702707 -0.388208
399.700000000 0.661631 47.463602 -15.109300 0.568888 0.166465 0.705103 -0.389213
399.800000000 0.755287 47.578527 -15.151960 0.568029 0.166779 0.705670 -0.389304
399.900000000 0.917856 47.660175 -15.191920 0.566873 0.166937 0.706158 -0.390036
400.000000000 1.064740 47.875122 -15.180219 0.565893 0.163960 0.708308 -0.388822
400.100000000 1.074288 47.950934 -15.249813 0.566153 0.165199 0.707411 -0.389551
400.200000000 1.183199 48.043126 -15.317178 0.567663 0.165322 0.706634 -0.388711
400.300000000 1.317634 48.180915 -15.347892 0.567840 0.164315 0.707168 -0.387907
400.400000000 1.309326 48.207440 -15.422938 0.564769 0.168100 0.706641 -0.391710
400.500000000 1.468474 48.361947 -15.464498 0.565302 0.166152 0.707904 -0.389486
400.600000000 1.687691 48.561432 -15.448594 0.563131 0.163940 0.710594 -0.388669
400.700000000 1.779682 48.651099 -15.500807 0.562515 0.162783 0.711782 -0.387872
400.800000000 1.821751 48.761342 -15.554136 0.560311 0.165381 0.711684 -0.390135
400.900000000 1.924719 48.876993 -15.597684 0.561122 0.164766 0.711588 -0.389407
401.000000000 2.033132 49.000973 -15.643020 0.560435 0.165110 0.712005 -0.389486
401.100000000 2.224113 49.139978 -15.667516 0.559540 0.163071 0.713893 -0.388175
401.200000000 2.369227 49.243992 -15.706905 0.558712 0.161408 0.715655 -0.386815
401.300000000 2.408378 49.386631 -15.763528 0.558904 0.164041 0.714272 -0.387985
401.400000000 2.635158 49.520810 -15.766820 0.556905 0.161632 0.716731 -0.387335
401.500000000 2.720336 49.617529 -15.828481 0.558025 0.161848 0.716266 -0.386493
401.600000000 2.757213 49.737973 -15.874237 0.557100 0.163208 0.715980 -0.387783
401.700000000 2.965267 49.898450 -15.888185 0.556800 0.161816 0.717177 -0.386583
401.800000000 3.127832 50.013101 -15.921371 0.557441 0.159845 0.717903 -0.385128
401.900000000 3.303137 50.145078 -15.944292 0.557095 0.158666 0.718941 -0.384178
402.000000000 3.342796 50.273732 -15.998266 0.557107 0.161375 0.717776 -0.385212
402.100000000 3.358843 50.344380 -16.045365 0.554942 0.162353 0.718451 -0.386664
402.200000000 3.542646 50.521922 -16.049584 0.554456 0.161347 0.719612 -0.385622
402.300000000 3.652489 50.607889 -16.105241 0.554860 0.161573 0.719605 -0.384957
402.400000000 3.767436 50.738485 -16.113840 0.554148 0.161678 0.719651 -0.385854
402.500000000 3.870894 50.909599 -16.149721 0.555316 0.163402 0.718358 -0.385856
402.600000000 4.017336 50.984949 -16.174733 0.554664 0.160846 0.720220 -0.384395
402.700000000 4.028068 51.048879 -16.243484 0.554908 0.163163 0.719017 -0.385318
402.800000000 4.249472 51.177527 -16.243166 0.555844 0.159957 0.720240 -0.383021
402.900000000 4.391732 51.373943 -16.254598 0.556841 0.159043 0.720564 -0.381341
403.000000000 4.503029 51.458553 -16.284322 0.557261 0.159869 0.719799 -0.381827
403.100000000 4.667496 51.607902 -16.281874 0.557342 0.158641 0.720537 -0.380827
403.200000000 4.821582 51.756071 -16.282993 0.557680 0.157489 0.721028 -0.379880
403.300000000 4.999972 51.908309 -16.286800 0.558325 0.156877 0.721184 -0.378889
403.400000000 4.908205 51.939760 -16.351905 0.556664 0.160521 0.720122 -0.381815
403.500000000 5.049646 52.070428 -16.347267 0.557567 0.159938 0.719959 -0.381048
403.600000000 5.062132 52.121036 -16.393419 0.557159 0.161809 0.719385 -0.381937
403.700000000 5.211637 52.249407 -16.380744 0.556905 0.160522 0.720395 -0.380946
403.800000000 5.297710 52.330262 -16.409547 0.557304 0.161123 0.719928 -0.380993
403.900000000 5.434501 52.421511 -16.417918 0.557400 0.160407 0.720470 -0.380129
404.000000000 5.482725 52.521490 -16.433422 0.557175 0.162066 0.719813 -0.380999
404.100000000 5.667053 52.663539 -16.422456 0.558615 0.160568 0.719833 -0.379483
404.200000000 5.843800 52.813951 -16.398433 0.559363 0.159225 0.720418 -0.377834
404.300000000 5.974991 52.921031 -16.402701 0.560330 0.158550 0.720387 -0.376742
404.400000000 6.063029 53.020397 -16.390048 0.560090 0.158832 0.720385 -0.376983
404.500000000 6.198723 53.148097 -16.359761 0.558708 0.159276 0.721014 -0.377644
404.600000000 6.278844 53.224825 -16.368432 0.559522 0.159426 0.720588 -0.377189
404.700000000 6.357620 53.330818 -16.362847 0.559681 0.160356 0.720070 -0.377547
404.800000000 6.392529 53.380806 -16.369499 0.559808 0.161861 0.719266 -0.378249
404.900000000 6.497411 53.491348 -16.354124 0.560139 0.161910 0.719157 -0.377945
405.000000000 6.577198 53.551374 -16.353311 0.560974 0.161629 0.718933 -0.377253
405.100000000 6.639256 53.591726 -16.351971 0.561047 0.162406 0.718532 -0.377575
405.200000000 6.725956 53.640452 -16.337780 0.561004 0.161948 0.718907 -0.377122
405.300000000 6.772593 53.654514 -16.353787 0.562323 0.162337 0.718014 -0.376690
405.400000000 6.926039 53.782196 -16.315447 0.562974 0.161651 0.718122 -0.375805
405.500000000 7.005038 53.894718 -16.302172 0.564286 0.163340 0.716589 -0.376033
405.600000000 7.091551 53.958839 -16.289496 0.565497 0.163590 0.715821 -0.375568
405.700000000 7.243767 54.233682 -16.192449 0.564498 0.164778 0.715650 -0.376874
405.800000000 7.294615 54.261394 -16.184530 0.565076 0.166023 0.714742 -0.377186
405.900000000 7.296976 54.186997 -16.199835 0.565266 0.166477 0.714499 -0.377162
406.000000000 7.303354 54.102579 -16.226049 0.565980 0.166209 0.714213 -0.376750
406.100000000 7.327505 54.091632 -16.195862 0.563883 0.167162 0.714715 -0.378516
406.200000000 7.317161 53.993001 -16.231620 0.565497 0.167572 0.713620 -0.377993
406.300000000 7.350030 53.975690 -16.224408 0.565871 0.167874 0.713282 -0.377937
406.400000000 7.340731 53.854092 -16.253536 0.566719 0.168128 0.712670 -0.377709
406.500000000 7.346986 53.783205 -16.259219 0.566765 0.168270 0.712474 -0.377946
406.600000000 7.364815 53.687473 -16.273213 0.566586 0.168042 0.712725 -0.377843
406.700000000 7.375325 53.557475 -16.277679 0.566425 0.166453 0.713480 -0.377363
406.800000000 7.347851 53.411441 -16.294808 0.565809 0.166580 0.713666 -0.377878
406.900000000 7.368401 53.373487 -16.282673 0.565568 0.166920 0.713624 -0.378168
407.000000000 7.322800 53.163753 -16.322810 0.564304 0.167378 0.714271 -0.378633
407.100000000 7.357581 53.139362 -16.284860 0.564311 0.167052 0.714176 -0.378946
407.200000000 7.358550 53.035878 -16.273614 0.563476 0.166883 0.714586 -0.379489
407.300000000 7.387341 52.985143 -16.255981 0.563454 0.166826 0.714581 -0.379555
407.400000000 7.420132 52.937157 -16.229812 0.563081 0.166432 0.714874 -0.379730
407.500000000 7.491640 52.936475 -16.196406 0.563818 0.165952 0.714810 -0.378965
407.600000000 7.490671 52.819690 -16.188543 0.563037 0.165858 0.715313 -0.379220
407.700000000 7.530245 52.798008 -16.158983 0.563559 0.165711 0.714926 -0.379238
407.800000000 7.649478 52.889358 -16.083281 0.564643 0.164778 0.714913 -0.378056
407.900000000 7.592219 52.665922 -16.121540 0.564465 0.164876 0.714736 -0.378613
408.000000000 7.621656 52.602527 -16.085009 0.563534 0.164114 0.715463 -0.378956
408.100000000 7.676559 52.601562 -16.049740 0.564129 0.164288 0.715135 -0.378616
408.200000000 7.628730 52.424676 -16.061806 0.563575 0.165090 0.714925 -0.379488
408.300000000 7.631211 52.324356 -16.059369 0.565182 0.165410 0.713836 -0.379008
408.400000000 7.652785 52.267341 -16.031575 0.565281 0.165291 0.713745 -0.379084
408.500000000 7.493073 51.877294 -16.119802 0.563559 0.166228 0.714240 -0.380304
408.600000000 7.501807 51.816441 -16.086203 0.564622 0.165965 0.713371 -0.380474
408.700000000 7.610454 51.874901 -16.012566 0.564528 0.165120 0.714004 -0.379793
408.800000000 7.625934 51.791916 -15.995941 0.564618 0.165253 0.713755 -0.380067
408.900000000 7.778199 51.942254 -15.899281 0.566135 0.164610 0.713330 -0.378886
409.000000000 7.762554 51.808092 -15.902677 0.566446 0.165302 0.712747 -0.379218
409.100000000 7.796616 51.765828 -15.877561 0.567037 0.165332 0.712388 -0.378996
409.200000000 7.776832 51.630291 -15.871188 0.566146 0.165478 0.712692 -0.379692
409.300000000 7.923563 51.789955 -15.773285 0.567249 0.165084 0.712419 -0.378728
409.400000000 7.924714 51.689625 -15.759920 0.566914 0.165602 0.712358 -0.379118
409.500000000 8.016263 51.752590 -15.712680 0.569653 0.166301 0.710731 -0.377757
409.600000000 8.124152 51.811785 -15.636461 0.569013 0.165805 0.711532 -0.377432
409.700000000 8.242692 51.885716 -15.559847 0.567789 0.165333 0.712754 -0.377176
409.800000000 8.320875 51.934083 -15.501529 0.568751 0.165784 0.712079 -0.376804
409.900000000 8.471634 52.093516 -15.398459 0.569428 0.164972 0.712547 -0.375249
410.000000000 8.559890 52.213215 -15.316921 0.570251 0.167525 0.711002 -0.375800
410.100000000 8.669541 52.298065 -15.235586 0.570022 0.166745 0.711720 -0.375136
410.200000000 8.785507 52.360893 -15.133803 0.567167 0.165608 0.714094 -0.375454
410.300000000 8.836504 52.412562 -15.077818 0.566319 0.167876 0.713424 -0.376996
410.400000000 8.931524 52.479330 -15.003159 0.565989 0.168069 0.713743 -0.376802
410.500000000 9.024647 52.552970 -14.943084 0.567474 0.169000 0.712734 -0.376062
410.600000000 9.165030 52.662074 -14.855673 0.566569 0.168259 0.713908 -0.375531
410.700000000 9.307650 52.785122 -14.761614 0.566206 0.167526 0.714718 -0.374865
410.800000000 9.381676 52.822884 -14.718932 0.566982 0.168672 0.714089 -0.374377
410.900000000 9.517092 52.931151 -14.614989 0.564764 0.167698 0.716006 -0.374505
411.000000000 9.641809 53.038976 -14.534626 0.564435 0.167189 0.716906 -0.373506
411.100000000 9.748010 53.127536 -14.468510 0.564745 0.167306 0.716860 -0.373073
411.200000000 9.835748 53.162389 -14.428199 0.562975 0.167577 0.718025 -0.373386
411.300000000 9.942894 53.300024 -14.295809 0.559618 0.168641 0.719285 -0.375523
411.400000000 10.022118 53.358148 -14.249174 0.560263 0.169491 0.718632 -0.375427
411.500000000 10.129245 53.454643 -14.175199 0.559988 0.169656 0.718876 -0.375297
411.600000000 10.218908 53.531322 -14.114447 0.560174 0.169645 0.718810 -0.375149
411.700000000 10.355844 53.660286 -14.038674 0.561323 0.169550 0.718426 -0.374210
411.800000000 10.469196 53.741063 -13.973600 0.560523 0.169006 0.719393 -0.373798
411.900000000 10.582535 53.825686 -13.906660 0.560129 0.168645 0.719964 -0.373452
412.000000000 10.708935 53.947714 -13.842121 0.560952 0.168756 0.719654 -0.372763
412.100000000 10.799980 54.034953 -13.778014 0.561110 0.168827 0.719514 -0.372762
412.200000000 10.862446 54.081058 -13.794192 0.562891 0.170737 0.717995 -0.372138
412.300000000 10.983805 54.193748 -13.690751 0.562104 0.170505 0.718422 -0.372609
412.400000000 11.094290 54.306988 -13.634124 0.562741 0.171416 0.717792 -0.372444
412.500000000 11.169383 54.411298 -13.557707 0.560568 0.172348 0.718479 -0.373962
412.600000000 11.265311 54.505573 -13.493113 0.559254 0.173088 0.718787 -0.374994
412.700000000 11.370383 54.616690 -13.433152 0.559835 0.173041 0.718673 -0.374367
412.800000000 11.478014 54.719337 -13.376550 0.559707 0.173058 0.718889 -0.374136
412.900000000 11.567934 54.821224 -13.342314 0.561483 0.173895 0.717654 -0.373457
413.000000000 11.664405 54.892391 -13.294130 0.562097 0.171529 0.718675 -0.371660
413.100000000 11.806037 55.010356 -13.234129 0.562144 0.171070 0.719042 -0.371089
413.200000000 11.902152 55.090305 -13.193032 0.562136 0.171512 0.718919 -0.371137
413.300000000 12.030557 55.204416 -13.131312 0.561860 0.171604 0.719166 -0.371035
413.400000000 12.115264 55.287267 -13.097311 0.562411 0.172562 0.718596 -0.370858
413.500000000 12.232287 55.393139 -13.033271 0.561066 0.172522 0.719338 -0.371475
413.600000000 12.284505 55.477111 -13.002005 0.561271 0.173170 0.719061 -0.371401
413.700000000 12.387889 55.564703 -12.970957 0.561333 0.174572 0.718597 -0.371548
413.800000000 12.462656 55.663051 -12.944052 0.562542 0.175417 0.717484 -0.371474
413.900000000 12.549638 55.756699 -12.904435 0.562618 0.175324 0.717552 -0.371270
414.000000000 12.649227 55.880301 -12.856482 0.563225 0.174385 0.717775 -0.370359
414.100000000 12.782885 55.940356 -12.828105 0.563122 0.174517 0.718031 -0.369958
414.200000000 12.871584 56.042667 -12.791589 0.563080 0.174438 0.718091 -0.369944
414.300000000 12.995466 56.139112 -12.741177 0.561302 0.173898 0.719420 -0.370317
414.400000000 13.091781 56.279244 -12.691029 0.561326 0.173750 0.719709 -0.369788
414.500000000 13.173422 56.383797 -12.662547 0.562237 0.174503 0.718924 -0.369577
414.600000000 13.271679 56.437746 -12.646230 0.561690 0.175762 0.718536 -0.370564
414.700000000 13.374397 56.538629 -12.612447 0.561251 0.175785 0.718824 -0.370661
414.800000000 13.483505 56.638429 -12.571198 0.560364 0.175280 0.719621 -0.370695
414.900000000 13.581790 56.730323 -12.536647 0.559538 0.174486 0.720619 -0.370380
415.000000000 13.684588 56.806689 -12.526889 0.560536 0.175112 0.719810 -0.370146
415.100000000 13.785688 56.911715 -12.506696 0.561328 0.174899 0.719819 -0.369028
415.200000000 13.879077 57.017928 -12.483923 0.561363 0.175544 0.719573 -0.369149
415.300000000 13.982693 57.131175 -12.469352 0.561878 0.176334 0.719000 -0.369104
415.400000000 14.090134 57.211389 -12.446511 0.561269 0.176381 0.719392 -0.369245
415.500000000 14.155934 57.287178 -12.442278 0.562625 0.177397 0.718141 -0.369130
415.600000000 14.270099 57.384775 -12.415811 0.562196 0.177114 0.718728 -0.368777
415.700000000 14.354381 57.448384 -12.402899 0.562096 0.177485 0.718701 -0.368803
415.800000000 14.450876 57.526247 -12.381133 0.562046 0.177248 0.718961 -0.368486
415.900000000 14.559840 57.639136 -12.360394 0.562460 0.177962 0.718603 -0.368210
416.000000000 14.643689 57.751595 -12.338540 0.563419 0.177728 0.718222 -0.367598
416.100000000 14.736147 57.804680 -12.307084 0.562010 0.177174 0.719333 -0.367850
416.200000000 14.858557 57.911649 -12.281056 0.562908 0.177206 0.718915 -0.367279
416.300000000 14.948277 57.985066 -12.269219 0.563990 0.177671 0.718239 -0.366716
416.400000000 15.031062 58.087479 -12.251443 0.564750 0.178285 0.717739 -0.366228
416.500000000 15.113445 58.163891 -12.244585 0.566273 0.179387 0.716347 -0.366062
416.600000000 15.189410 58.231376 -12.233226 0.567539 0.180400 0.715158 -0.365930
416.700000000 15.241966 58.240145 -12.240631 0.569188 0.181140 0.713935 -0.365391
416.800000000 15.355638 58.342289 -12.211313 0.569934 0.181290 0.713570 -0.364866
416.900000000 15.428765 58.423260 -12.187403 0.570944 0.182146 0.712569 -0.364817
417.000000000 15.456751 58.380453 -12.192270 0.571484 0.182757 0.712037 -0.364703
417.100000000 15.572794 58.500971 -12.166140 0.573394 0.183966 0.710352 -0.364384
417.200000000 15.650846 58.572930 -12.126163 0.573065 0.184580 0.710215 -0.364860
417.300000000 15.677327 58.561635 -12.134457 0.575183 0.186452 0.708175 -0.364538
417.400000000 15.764058 58.660171 -12.108983 0.577779 0.187250 0.706290 -0.363680
417.500000000 15.840673 58.692161 -12.071645 0.577730 0.187175 0.706411 -0.363563
417.600000000 15.903774 58.692806 -12.067989 0.580344 0.187833 0.704778 -0.362225
417.700000000 15.942758 58.640642 -12.070903 0.582906 0.187799 0.703508 -0.360596
417.800000000 15.956552 58.527699 -12.075678 0.583758 0.187934 0.702986 -0.360165
417.900000000 15.989089 58.478610 -12.078052 0.584887 0.188418 0.702234 -0.359547
418.000000000 16.074963 58.507954 -12.011311 0.584449 0.187905 0.702697 -0.359623
418.100000000 16.300917 58.919212 -11.892518 0.586103 0.189076 0.701353 -0.358939
418.200000000 16.408230 59.026715 -11.839837 0.587825 0.189411 0.700261 -0.358079
418.300000000 16.435971 58.955023 -11.821316 0.588670 0.189518 0.699680 -0.357768
418.400000000 16.507848 58.982658 -11.766952 0.588497 0.189217 0.700008 -0.357569
418.500000000 16.605919 59.057003 -11.701149 0.587982 0.189425 0.700222 -0.357890
418.600000000 16.650630 59.078714 -11.686750 0.591444 0.191529 0.697091 -0.357176
418.700000000 16.729719 59.098979 -11.641331 0.591957 0.191529 0.696952 -0.356596
418.800000000 16.859769 59.278492 -11.549746 0.592475 0.191844 0.696437 -0.356573
418.900000000 16.949443 59.349315 -11.497373 0.593484 0.192116 0.695767 -0.356056
419.000000000 17.003458 59.356115 -11.479441 0.596369 0.193714 0.693497 -0.354796
419.100000000 17.102287 59.448946 -11.411064 0.596818 0.194218 0.692966 -0.354804
419.200000000 17.222289 59.551557 -11.318109 0.595323 0.193560 0.694288 -0.355090
419.300000000 17.317245 59.651933 -11.257126 0.596680 0.194175 0.693212 -0.354579
419.400000000 17.402731 59.682369 -11.195381 0.596284 0.194478 0.693499 -0.354517
419.500000000 17.456529 59.748792 -11.184553 0.602071 0.196934 0.688840 -0.352458
419.600000000 17.509371 59.747357 -11.146424 0.603542 0.197996 0.687530 -0.351904
419.700000000 17.577001 59.781858 -11.088980 0.603975 0.198046 0.687233 -0.351713
419.800000000 17.699956 59.952772 -11.008912 0.604913 0.198893 0.686279 -0.351487
419.900000000 17.796713 60.093367 -10.951238 0.607450 0.200485 0.683775 -0.351087
420.000000000 17.813516 59.950129 -10.946807 0.608920 0.201120 0.683100 -0.349487
420.100000000 17.992810 60.268866 -10.820061 0.608922 0.201224 0.682731 -0.350146
420.200000000 18.042678 60.228598 -10.771680 0.608357 0.201891 0.683006 -0.350206
420.300000000 18.136455 60.331179 -10.740906 0.612469 0.203650 0.679893 -0.348072
420.400000000 18.254476 60.479056 -10.658401 0.612699 0.203804 0.679672 -0.348009
420.500000000 18.310838 60.461911 -10.599438 0.611723 0.203990 0.680216 -0.348552
420.600000000 18.401620 60.560579 -10.541761 0.613928 0.204717 0.678618 -0.347364
420.700000000 18.476166 60.603655 -10.492707 0.615978 0.205461 0.677114 -0.346228
420.800000000 18.456194 60.387901 -10.487412 0.615890 0.206296 0.677138 -0.345841
420.900000000 18.687656 60.805892 -10.339240 0.615658 0.205370 0.677445 -0.346203
421.000000000 18.743499 60.804448 -10.303179 0.617207 0.207093 0.675981 -0.345279
421.100000000 18.901888 61.035806 -10.186156 0.615476 0.205982 0.677569 -0.345920
421.200000000 18.984868 61.093148 -10.132792 0.616073 0.206497 0.677082 -0.345503
421.300000000 18.972329 60.894042 -10.116196 0.615032 0.206718 0.677987 -0.345453
421.400000000 19.149192 61.203246 -10.017447 0.616902 0.207001 0.676523 -0.344817
421.500000000 19.257361 61.323757 -9.939638 0.616664 0.207048 0.676826 -0.344620
421.600000000 19.361009 61.413504 -9.867906 0.615972 0.206991 0.677320 -0.344922
421.700000000 19.430651 61.462777 -9.827922 0.617668 0.208552 0.675628 -0.344265
421.800000000 19.512844 61.510720 -9.770787 0.617171 0.208735 0.675984 -0.344348
421.900000000 19.666335 61.716097 -9.670760 0.614942 0.207891 0.677985 -0.344910
422.000000000 19.769017 61.830050 -9.599691 0.614221 0.207944 0.678401 -0.345346
422.100000000 19.843620 61.856123 -9.555540 0.614723 0.207979 0.678455 -0.344325
422.200000000 19.890461 61.815457 -9.526155 0.615273 0.208127 0.678340 -0.343478
422.300000000 19.977562 61.846877 -9.459961 0.612630 0.206984 0.680733 -0.344157
422.400000000 20.129159 62.093102 -9.375730 0.613152 0.207750 0.680036 -0.344145
422.500000000 20.242308 62.248696 -9.309760 0.613292 0.208653 0.679614 -0.344183
422.600000000 20.266146 62.154616 -9.295423 0.613259 0.209371 0.679363 -0.344301
422.700000000 20.382627 62.275267 -9.227219 0.612027 0.208399 0.680784 -0.344277
422.800000000 20.508469 62.414492 -9.156449 0.609700 0.207916 0.682841 -0.344623
422.900000000 20.585653 62.472429 -9.107440 0.609252 0.208269 0.682884 -0.345117
423.000000000 20.639723 62.461707 -9.082715 0.610114 0.208570 0.682365 -0.344437
423.100000000 20.694017 62.431329 -9.046860 0.608031 0.207961 0.684114 -0.345020
423.200000000 20.860497 62.676482 -8.961014 0.607088 0.206867 0.685597 -0.344395
423.300000000 20.913195 62.671152 -8.937739 0.606499 0.207853 0.685546 -0.344940
423.400000000 20.986871 62.696914 -8.899263 0.605167 0.207657 0.686612 -0.345276
423.500000000 21.110819 62.845749 -8.832527 0.602953 0.207123 0.688420 -0.345869
423.600000000 21.124589 62.719052 -8.833366 0.601993 0.206791 0.689369 -0.345851
423.700000000 21.191422 62.713780 -8.799017 0.599896 0.205392 0.691449 -0.346174
423.800000000 21.329455 62.951378 -8.732332 0.599750 0.206850 0.690610 -0.347232
423.900000000 21.365491 62.900510 -8.731014 0.600478 0.206801 0.690351 -0.346519
424.000000000 21.455426 62.969243 -8.694655 0.599095 0.206953 0.691277 -0.346975
424.100000000 21.543196 63.041727 -8.662489 0.598873 0.206291 0.691982 -0.346345
424.200000000 21.648005 63.171819 -8.612271 0.596841 0.206439 0.693172 -0.347385
424.300000000 21.730128 63.213670 -8.581797 0.595360 0.205735 0.694475 -0.347740
424.400000000 21.804022 63.274268 -8.552886 0.594769 0.205860 0.694778 -0.348074
424.500000000 21.908796 63.360993 -8.520325 0.594401 0.205234 0.695505 -0.347620
424.600000000 21.994508 63.437783 -8.492002 0.593803 0.205089 0.696007 -0.347723
424.700000000 22.144741 63.638678 -8.437646 0.592935 0.205016 0.696636 -0.347988
424.800000000 22.178055 63.670281 -8.430811 0.592750 0.206072 0.696279 -0.348394
424.900000000 22.269650 63.762995 -8.405102 0.592266 0.205966 0.696803 -0.348231
425.000000000 22.317779 63.772295 -8.399409 0.591519 0.205985 0.697210 -0.348674
425.100000000 22.559482 64.113633 -8.326414 0.591963 0.205117 0.697825 -0.347201
425.200000000 22.745371 64.368010 -8.280735 0.592115 0.205264 0.698029 -0.346441
425.300000000 22.672446 64.152867 -8.323674 0.591282 0.205473 0.698184 -0.347427
425.400000000 22.837321 64.393227 -8.283634 0.591365 0.206277 0.697949 -0.347280
425.500000000 22.870046 64.352933 -8.286124 0.589748 0.205592 0.699237 -0.347846
425.600000000 23.005792 64.566752 -8.257833 0.590081 0.207188 0.698350 -0.348115
425.700000000 23.163364 64.813056 -8.229987 0.591301 0.208421 0.697282 -0.347451
425.800000000 23.236746 64.804035 -8.231340 0.590488 0.206979 0.698565 -0.347117
425.900000000 23.363189 64.992551 -8.212790 0.590993 0.207612 0.698255 -0.346502
426.000000000 23.423822 65.084179 -8.208685 0.590429 0.209029 0.697641 -0.347846
426.100000000 23.479762 65.015001 -8.237577 0.591635 0.206923 0.698526 -0.345271
426.200000000 23.549635 64.978782 -8.239145 0.589918 0.204491 0.700838 -0.344974
426.300000000 23.685384 65.284355 -8.229717 0.592239 0.209071 0.697168 -0.345687
426.400000000 23.755492 65.250143 -8.240214 0.591938 0.207142 0.698624 -0.344422
426.500000000 23.893601 65.503548 -8.195097 0.588952 0.207903 0.699730 -0.346827
426.600000000 23.974019 65.574066 -8.204865 0.589560 0.208534 0.699220 -0.346446
426.700000000 24.026435 65.695414 -8.183341 0.586450 0.209592 0.700168 -0.349160
426.800000000 24.082027 65.719441 -8.211972 0.588444 0.209842 0.699227 -0.347537
426.900000000 24.234503 65.803251 -8.228645 0.590241 0.208666 0.699047 -0.345554
427.000000000 24.334349 65.907573 -8.216398 0.588660 0.207814 0.700420 -0.345983
427.100000000 24.447255 66.070699 -8.243699 0.591522 0.209786 0.698039 -0.344721
427.200000000 24.558520 66.185910 -8.265315 0.594095 0.210376 0.696460 -0.343127
427.300000000 24.668833 66.272185 -8.254165 0.592889 0.208301 0.698347 -0.342643
427.400000000 24.759305 66.333711 -8.241485 0.589928 0.207491 0.700221 -0.344416
427.500000000 24.893727 66.503248 -8.252939 0.592091 0.207854 0.698976 -0.343014
427.600000000 24.986782 66.627790 -8.265480 0.592662 0.209064 0.697926 -0.343429
427.700000000 24.979853 66.707831 -8.294075 0.592601 0.212946 0.695762 -0.345532
427.800000000 25.013864 66.729864 -8.313336 0.592158 0.213780 0.695354 -0.346597
427.900000000 25.082713 66.907424 -8.313387 0.590922 0.216283 0.694588 -0.348683
428.000000000 25.112661 66.973913 -8.322103 0.589018 0.218175 0.694361 -0.351170
428.100000000 25.276809 67.128051 -8.339020 0.591606 0.216971 0.693858 -0.348549
428.200000000 25.391699 67.243361 -8.388495 0.596574 0.217987 0.690778 -0.345552
428.300000000 25.466394 67.371717 -8.442264 0.600169 0.221004 0.687144 -0.344655
428.400000000 25.550630 67.502108 -8.454459 0.600321 0.221722 0.686652 -0.344910
428.500000000 25.694350 67.611738 -8.480168 0.602615 0.220659 0.686068 -0.342746
428.600000000 25.777036 67.695512 -8.496828 0.601867 0.220481 0.686618 -0.343075
428.700000000 25.887504 67.876313 -8.510274 0.602943 0.220902 0.685874 -0.342402
428.800000000 25.872857 68.057315 -8.550222 0.603905 0.227535 0.681244 -0.345589
428.900000000 25.975534 68.082754 -8.562041 0.602145 0.225782 0.683006 -0.346334
429.000000000 26.016830 68.187453 -8.611846 0.604116 0.228212 0.680725 -0.345799
429.100000000 26.045164 68.369254 -8.639756 0.604733 0.230676 0.678842 -0.346787
429.200000000 26.224679 68.471376 -8.657595 0.605534 0.226843 0.680731 -0.344203
429.300000000 26.300445 68.560258 -8.701217 0.607135 0.228585 0.678950 -0.343749
429.400000000 26.436201 68.661125 -8.740274 0.608931 0.227952 0.678413 -0.342048
429.500000000 26.540111 68.752008 -8.787690 0.610498 0.228680 0.677208 -0.341156
429.600000000 26.643677 68.855536 -8.831005 0.611880 0.228600 0.676536 -0.340065
429.700000000 26.687087 69.017162 -8.838518 0.608878 0.230535 0.677009 -0.343190
429.800000000 26.720358 69.130444 -8.887766 0.607442 0.234875 0.675013 -0.346706
429.900000000 26.841618 69.219422 -8.943124 0.610041 0.234286 0.674115 -0.344281
430.000000000 26.958184 69.337263 -8.986153 0.611358 0.233824 0.673962 -0.342553
430.100000000 27.036935 69.438930 -9.048740 0.613072 0.234368 0.672764 -0.341470
430.200000000 27.206313 69.524193 -9.071954 0.611292 0.231845 0.675432 -0.341118
430.300000000 27.279168 69.652607 -9.159710 0.614281 0.235914 0.671476 -0.340771
430.400000000 27.291476 69.824080 -9.181268 0.611440 0.237402 0.672125 -0.343555
430.500000000 27.382931 69.942113 -9.230350 0.610796 0.238848 0.671793 -0.344346
430.600000000 27.489640 70.056359 -9.300701 0.613251 0.238205 0.671105 -0.341758
430.700000000 27.641244 70.132185 -9.346215 0.612424 0.236451 0.672950 -0.340831
430.800000000 27.707771 70.262187 -9.415636 0.612977 0.238353 0.671459 -0.341453
430.900000000 27.821639 70.406676 -9.464912 0.612263 0.239516 0.671290 -0.342252
431.000000000 27.882116 70.506534 -9.554713 0.614495 0.241639 0.669236 -0.340778
431.100000000 27.977482 70.635199 -9.614548 0.614566 0.241397 0.669341 -0.340616
431.200000000 28.051873 70.774237 -9.683743 0.615019 0.243030 0.668214 -0.340848
431.300000000 28.143041 70.903236 -9.749081 0.614572 0.243196 0.668725 -0.340534
431.400000000 28.209041 71.007687 -9.839124 0.616762 0.245051 0.666496 -0.339614
431.500000000 28.300347 71.026748 -9.905952 0.615087 0.244233 0.668294 -0.339706
431.600000000 28.375847 71.106332 -9.968475 0.614027 0.243163 0.669708 -0.339608
431.700000000 28.437938 71.146404 -10.039059 0.611308 0.245328 0.670503 -0.341384
431.800000000 28.576847 71.329904 -10.085003 0.609515 0.244303 0.672640 -0.341121
431.900000000 28.637269 71.361896 -10.163958 0.609024 0.244820 0.672617 -0.341672
432.000000000 28.704984 71.375332 -10.239248 0.608718 0.244224 0.672959 -0.341969
432.100000000 28.774142 71.466250 -10.296197 0.606915 0.244109 0.674079 -0.343047
432.200000000 28.917219 71.713060 -10.359878 0.607161 0.244985 0.674069 -0.342008
432.300000000 29.035084 71.828562 -10.424938 0.605914 0.244409 0.675526 -0.341757
432.400000000 29.106317 71.892851 -10.512513 0.607425 0.244450 0.674673 -0.340728
432.500000000 29.151695 71.909179 -10.600390 0.607951 0.245097 0.673847 -0.340960
432.600000000 29.283292 72.132291 -10.655158 0.607318 0.246375 0.673696 -0.341465
432.700000000 29.391448 72.267133 -10.710415 0.605711 0.246265 0.675167 -0.341493
432.800000000 29.416262 72.251821 -10.813256 0.607937 0.246934 0.673138 -0.341059
432.900000000 29.473079 72.284540 -10.893987 0.608571 0.247421 0.672279 -0.341269
433.000000000 29.554672 72.330839 -10.963132 0.607763 0.247106 0.673218 -0.341086
433.100000000 29.741793 72.642006 -10.988294 0.606103 0.247301 0.674431 -0.341502
433.200000000 29.822131 72.718869 -11.045182 0.604895 0.246606 0.675483 -0.342069
433.300000000 29.892474 72.772206 -11.111849 0.604446 0.246903 0.675940 -0.341745
433.400000000 29.949375 72.833897 -11.202709 0.606351 0.247950 0.674060 -0.341324
433.500000000 30.081695 73.038274 -11.248111 0.605215 0.248589 0.674612 -0.341785
433.600000000 30.170135 73.126433 -11.318699 0.605386 0.249365 0.674502 -0.341133
433.700000000 30.257359 73.183935 -11.362191 0.603748 0.248184 0.675925 -0.342081
433.800000000 30.356648 73.288846 -11.410561 0.603119 0.247854 0.676775 -0.341747
433.900000000 30.466275 73.441934 -11.457140 0.602081 0.249299 0.676750 -0.342575
434.000000000 30.569094 73.566959 -11.506004 0.601407 0.249009 0.677626 -0.342238
434.100000000 30.647393 73.627577 -11.532729 0.600270 0.247575 0.679276 -0.342005
434.200000000 30.743547 73.707476 -11.607451 0.601195 0.247704 0.678936 -0.340958
434.300000000 30.885971 73.939145 -11.616728 0.599107 0.247351 0.680466 -0.341841
434.400000000 30.949398 73.959212 -11.661309 0.598159 0.247410 0.680869 -0.342654
434.500000000 31.066625 74.119665 -11.681396 0.596914 0.247031 0.682031 -0.342787
434.600000000 31.188173 74.272081 -11.710378 0.595994 0.246641 0.683293 -0.342156
434.700000000 31.290244 74.401618 -11.744305 0.595660 0.247236 0.683379 -0.342134
434.800000000 31.388515 74.519419 -11.774654 0.594894 0.247633 0.683850 -0.342239
434.900000000 31.464079 74.545868 -11.809410 0.594194 0.247362 0.684423 -0.342506
435.000000000 31.547547 74.647355 -11.851781 0.594478 0.248095 0.684205 -0.341918
435.100000000 31.662928 74.819169 -11.859341 0.593370 0.247759 0.685246 -0.342002
435.200000000 31.769963 74.964137 -11.887696 0.593140 0.248719 0.685232 -0.341733
435.300000000 31.881069 75.093915 -11.889420 0.591621 0.247978 0.686747 -0.341864
435.400000000 31.975555 75.196016 -11.917141 0.591061 0.248263 0.687273 -0.341568
435.500000000 32.100261 75.374253 -11.920409 0.590508 0.247878 0.688254 -0.340827
435.600000000 32.180504 75.465895 -11.948109 0.590239 0.248291 0.688334 -0.340832
435.700000000 32.292260 75.629415 -11.946429 0.588889 0.249178 0.688603 -0.341972
435.800000000 32.358982 75.660164 -11.978010 0.589565 0.249773 0.688216 -0.341152
435.900000000 32.444693 75.716102 -11.988390 0.588837 0.249597 0.688703 -0.341556
436.000000000 32.540459 75.885017 -11.982169 0.588482 0.249012 0.689506 -0.340975
436.100000000 32.642205 76.002999 -11.995635 0.587787 0.249629 0.689692 -0.341345
436.200000000 32.747854 76.145212 -12.006779 0.587314 0.249123 0.690722 -0.340447
436.300000000 32.826741 76.217992 -12.007669 0.587787 0.249658 0.690186 -0.340325
436.400000000 32.899485 76.259212 -12.009902 0.587847 0.249113 0.690672 -0.339633
436.500000000 32.998648 76.423770 -12.010300 0.587632 0.250399 0.690048 -0.340328
436.600000000 33.108474 76.571701 -11.989639 0.586623 0.251136 0.690494 -0.340621
436.700000000 33.199109 76.704853 -11.985517 0.586633 0.251355 0.690615 -0.340196
436.800000000 33.265037 76.729860 -11.989315 0.586994 0.251781 0.690330 -0.339837
436.900000000 33.335760 76.820153 -11.983821 0.587995 0.252044 0.689698 -0.339194
437.000000000 33.446749 76.998484 -11.952484 0.587295 0.253054 0.689555 -0.339946
437.100000000 33.513061 77.047251 -11.947741 0.588053 0.252752 0.689542 -0.338884
437.200000000 33.620904 77.193866 -11.895835 0.586580 0.252258 0.690751 -0.339342
437.300000000 33.704247 77.293492 -11.871198 0.586129 0.252589 0.691039 -0.339287
437.400000000 33.789387 77.398957 -11.876492 0.586879 0.254452 0.689702 -0.339320
437.500000000 33.859708 77.519895 -11.821669 0.588097 0.255023 0.688470 -0.339286
437.600000000 33.960001 77.643473 -11.777016 0.588009 0.254979 0.688982 -0.338430
437.700000000 34.035021 77.758839 -11.734100 0.587701 0.255679 0.688563 -0.339289
437.800000000 34.113542 77.838485 -11.696627 0.588746 0.256302 0.688020 -0.338105
437.900000000 34.206863 77.954751 -11.637519 0.588414 0.256309 0.688398 -0.337910
438.000000000 34.307544 78.117395 -11.549595 0.586460 0.256117 0.689743 -0.338707
438.100000000 34.365940 78.202934 -11.519067 0.587860 0.257199 0.688362 -0.338270
438.200000000 34.485276 78.339631 -11.421956 0.586059 0.256685 0.689973 -0.338503
438.300000000 34.554585 78.423895 -11.387765 0.586987 0.258781 0.688334 -0.338637
438.400000000 34.601135 78.492887 -11.372643 0.590725 0.259541 0.686224 -0.335826
438.500000000 34.689308 78.614609 -11.294801 0.590079 0.259641 0.686688 -0.335937
438.600000000 34.760739 78.716960 -11.238163 0.590492 0.261057 0.685683 -0.336166
438.700000000 34.836657 78.815885 -11.159410 0.591172 0.262793 0.684464 -0.336103
438.800000000 34.905866 78.921926 -11.090926 0.591543 0.263511 0.683955 -0.335924
438.900000000 35.037135 79.087876 -10.951653 0.588695 0.260817 0.687756 -0.335267
439.000000000 35.068756 79.148908 -10.926994 0.592524 0.263951 0.683515 -0.334741
439.100000000 35.131345 79.235661 -10.865753 0.594554 0.265465 0.681790 -0.333461
439.200000000 35.206910 79.341346 -10.773164 0.593667 0.267566 0.681008 -0.334958
439.300000000 35.295592 79.450257 -10.677788 0.593875 0.268368 0.682208 -0.331485
439.400000000 35.311582 79.503900 -10.668322 0.598293 0.275642 0.678243 -0.325659
439.500000000 35.379052 79.597900 -10.590631 0.600872 0.281048 0.676497 -0.319869
439.600000000 35.492282 79.741230 -10.452706 0.597667 0.282014 0.679375 -0.318924
439.700000000 35.544928 79.805874 -10.380489 0.599718 0.284345 0.677112 -0.317813
439.800000000 35.599939 79.863357 -10.333128 0.605645 0.286768 0.672500 -0.314169
439.900000000 35.635047 79.895112 -10.287017 0.610509 0.289451 0.667564 -0.312820
440.000000000 35.817044 80.064221 -10.050577 0.599801 0.286594 0.676267 -0.317436
440.100000000 35.936254 80.195384 -9.919128 0.598665 0.284492 0.678514 -0.316676
440.200000000 35.913382 80.119591 -9.960739 0.611288 0.291401 0.666292 -0.312198
440.300000000 35.955372 80.132480 -9.890259 0.615211 0.293234 0.662080 -0.311736
440.400000000 36.037595 80.194270 -9.782033 0.615247 0.292060 0.662766 -0.311309
440.500000000 36.106649 80.228321 -9.708999 0.618288 0.293829 0.659612 -0.310317
440.600000000 36.226436 80.310224 -9.569877 0.616626 0.293834 0.660696 -0.311312
440.700000000 36.321077 80.339936 -9.443589 0.615029 0.293199 0.661904 -0.312502
440.800000000 36.386032 80.283887 -9.346536 0.617067 0.293958 0.659905 -0.311997
440.900000000 36.480392 80.363156 -9.253718 0.619541 0.295124 0.657419 -0.311242
441.000000000 36.562815 80.328893 -9.134577 0.618379 0.294317 0.658565 -0.311893
441.100000000 36.647730 80.392258 -9.043957 0.621103 0.295111 0.656087 -0.310951
441.200000000 36.780676 80.481240 -8.894508 0.618479 0.293627 0.659023 -0.311376
441.300000000 36.870117 80.476823 -8.773646 0.617763 0.293313 0.659349 -0.312403
441.400000000 37.044492 80.774947 -8.609283 0.615023 0.291231 0.662025 -0.314093
441.500000000 37.123727 80.748249 -8.501769 0.616049 0.291289 0.661263 -0.313633
441.600000000 37.206101 80.722914 -8.389005 0.617217 0.291268 0.660204 -0.313588
441.700000000 37.297835 80.667923 -8.259456 0.615106 0.290495 0.662066 -0.314526
441.800000000 37.389747 80.681461 -8.153089 0.616193 0.290397 0.661074 -0.314576
441.900000000 37.518321 80.769008 -8.002627 0.614575 0.288764 0.662528 -0.316179
442.000000000 37.638741 80.733535 -7.859674 0.611844 0.286458 0.665888 -0.316516
442.100000000 37.819455 80.893517 -7.728401 0.612926 0.285722 0.664988 -0.316979
442.200000000 37.903269 80.882651 -7.597922 0.611806 0.285518 0.665532 -0.318183
442.300000000 37.993898 80.844026 -7.485412 0.611185 0.284823 0.666393 -0.318197
442.400000000 38.189360 80.937397 -7.343528 0.610718 0.283193 0.667704 -0.317800
442.500000000 38.358047 81.066333 -7.196349 0.609842 0.282150 0.668884 -0.317928
442.600000000 38.608565 81.244494 -7.083541 0.609477 0.280252 0.669950 -0.318064
442.700000000 38.689419 81.226123 -6.944170 0.606453 0.278530 0.672922 -0.319080
442.800000000 38.551753 80.896218 -6.938003 0.609191 0.281202 0.669639 -0.318427
442.900000000 38.715410 80.953051 -6.789375 0.606310 0.279619 0.672717 -0.318831
443.000000000 38.789313 80.924691 -6.722240 0.606642 0.279637 0.672466 -0.318712
443.100000000 38.915695 80.979136 -6.620892 0.605632 0.278319 0.673858 -0.318847
443.200000000 39.031718 80.969681 -6.497252 0.604230 0.277149 0.675266 -0.319548
443.300000000 39.170054 81.056939 -6.412666 0.604616 0.277452 0.674903 -0.319320
443.400000000 39.149593 80.855801 -6.344391 0.602257 0.276835 0.676642 -0.320632
443.500000000 39.152771 80.800421 -6.330984 0.604727 0.279295 0.673797 -0.319841
443.600000000 39.307633 80.843382 -6.272530 0.606678 0.278504 0.672824 -0.318880
443.700000000 39.337480 80.780422 -6.194470 0.603960 0.277979 0.674921 -0.320065
443.800000000 39.346267 80.708345 -6.195284 0.606299 0.279915 0.672283 -0.319506
443.900000000 39.419361 80.676291 -6.137748 0.605981 0.279334 0.672703 -0.319736
444.000000000 39.432766 80.589561 -6.117977 0.607461 0.280269 0.671029 -0.319625
444.100000000 39.496711 80.550385 -6.066064 0.606915 0.279643 0.671725 -0.319749
444.200000000 39.503027 80.470821 -5.976238 0.603401 0.278219 0.674619 -0.321545
444.300000000 39.525866 80.393603 -5.931383 0.601883 0.278500 0.675637 -0.322008
444.400000000 39.533591 80.292315 -5.873823 0.599577 0.277797 0.677566 -0.322863
444.500000000 39.686151 80.318234 -5.837442 0.601987 0.277276 0.676042 -0.322020
444.600000000 39.707861 80.220147 -5.806770 0.601693 0.277601 0.675981 -0.322416
444.700000000 39.914767 80.191375 -5.783961 0.603794 0.276234 0.675297 -0.321094
444.800000000 40.224830 80.387007 -5.680647 0.601515 0.272661 0.678783 -0.321076
444.900000000 40.251549 80.298831 -5.707686 0.605597 0.274184 0.674878 -0.320337
445.000000000 40.298252 80.332015 -5.671435 0.604304 0.274052 0.675406 -0.321776
445.100000000 40.287521 80.217121 -5.698883 0.605988 0.275088 0.673434 -0.321856
445.200000000 40.339119 80.201916 -5.674240 0.604747 0.275579 0.673981 -0.322624
445.300000000 40.523655 80.272213 -5.650003 0.605333 0.273771 0.674166 -0.322678
445.400000000 40.492471 80.149473 -5.689780 0.606967 0.275315 0.671984 -0.322848
445.500000000 40.379062 79.948807 -5.714092 0.604556 0.275574 0.673003 -0.325020
445.600000000 40.283020 79.736269 -5.734411 0.602855 0.275703 0.674027 -0.325946
445.700000000 40.534826 79.853318 -5.708667 0.602845 0.272888 0.675491 -0.325302
445.800000000 40.601191 79.817471 -5.700154 0.601987 0.271770 0.676673 -0.325371
445.900000000 40.692578 79.776853 -5.723086 0.601867 0.271097 0.677012 -0.325449
446.000000000 40.303640 79.269989 -5.781386 0.598339 0.273970 0.677289 -0.328954
446.100000000 40.356599 79.241089 -5.744518 0.592979 0.271535 0.681821 -0.331308
446.200000000 40.390449 79.147751 -5.713701 0.590728 0.269243 0.683916 -0.332878
446.300000000 40.428659 79.041180 -5.735006 0.587869 0.269008 0.686455 -0.332904
446.400000000 40.460463 78.997200 -5.794753 0.589188 0.269120 0.685364 -0.332728
446.500000000 40.514508 78.953958 -5.770006 0.582166 0.265580 0.691563 -0.335099
446.600000000 40.536906 78.891301 -5.860528 0.587095 0.267086 0.687305 -0.334060
446.700000000 40.559317 78.797211 -5.908515 0.587449 0.267540 0.686761 -0.334195
446.800000000 40.580706 78.723936 -6.021781 0.591408 0.268962 0.683233 -0.333299
446.900000000 40.616493 78.675055 -6.035100 0.587905 0.266805 0.686425 -0.334670
447.000000000 40.635078 78.619076 -6.177237 0.591598 0.269438 0.683238 -0.332567
447.100000000 40.666146 78.562358 -6.176112 0.586791 0.267570 0.687082 -0.334665
447.200000000 40.668274 78.455359 -6.250411 0.590106 0.268876 0.684009 -0.334083
447.300000000 40.685324 78.394913 -6.276437 0.586882 0.266675 0.687091 -0.335200
447.400000000 40.706330 78.381534 -6.368478 0.590170 0.267879 0.683889 -0.335018
447.500000000 40.706778 78.327578 -6.501477 0.596054 0.269390 0.679283 -0.332749
447.600000000 40.743144 78.332776 -6.526554 0.592323 0.268238 0.682514 -0.333732
447.700000000 40.700044 78.119948 -6.640791 0.597635 0.269498 0.677883 -0.332683
447.800000000 40.707402 78.002383 -6.740755 0.597251 0.270678 0.678246 -0.331674
447.900000000 40.738080 78.020183 -6.763475 0.595196 0.268727 0.680162 -0.333027
448.000000000 40.739398 77.962757 -6.835238 0.594978 0.269025 0.680018 -0.333470
448.100000000 40.701839 77.811327 -7.002094 0.601803 0.271882 0.674433 -0.330232
448.200000000 40.682717 77.715635 -7.106343 0.606392 0.272457 0.670458 -0.329458
448.300000000 40.649678 77.616665 -7.149889 0.602372 0.271092 0.674023 -0.330680
448.400000000 40.568771 77.341042 -7.287173 0.607516 0.273209 0.668952 -0.329825
448.500000000 40.597301 77.395366 -7.336614 0.605069 0.273293 0.670792 -0.330515
448.600000000 40.566335 77.311239 -7.455811 0.607729 0.274513 0.668356 -0.329558
448.700000000 40.545608 77.272954 -7.560470 0.610638 0.274998 0.666149 -0.328243
448.800000000 40.502173 77.243022 -7.706115 0.618339 0.278284 0.658671 -0.326139
448.900000000 40.462743 77.059425 -7.766265 0.615756 0.277414 0.661231 -0.326589
449.000000000 40.358633 76.787872 -7.893823 0.621960 0.279243 0.655626 -0.324567
449.100000000 40.376007 76.858194 -7.942517 0.618987 0.278316 0.658516 -0.325195
449.200000000 40.333148 76.772020 -8.026116 0.621545 0.279053 0.656125 -0.324518
449.300000000 40.316326 76.744768 -8.077010 0.619072 0.277775 0.658619 -0.325287
449.400000000 40.280628 76.694046 -8.166038 0.620673 0.278467 0.657033 -0.324853
449.500000000 40.237318 76.625911 -8.248084 0.622656 0.278638 0.655425 -0.324159
449.600000000 40.206250 76.590211 -8.316122 0.622384 0.278217 0.655419 -0.325052
449.700000000 40.208623 76.666689 -8.362391 0.621186 0.277873 0.656415 -0.325629
449.800000000 40.167868 76.614365 -8.436417 0.620955 0.277509 0.656578 -0.326052
449.900000000 40.128509 76.613277 -8.536151 0.624319 0.279789 0.653103 -0.324654
450.000000000 40.112207 76.616334 -8.572524 0.621084 0.277378 0.656477 -0.326119
450.100000000 40.057565 76.543498 -8.649653 0.622811 0.277860 0.655080 -0.325225
450.200000000 40.018203 76.538393 -8.725834 0.623143 0.277877 0.654783 -0.325172
450.300000000 39.978539 76.508629 -8.791487 0.623011 0.277920 0.654865 -0.325223
450.400000000 39.948098 76.484380 -8.824271 0.620231 0.276060 0.657683 -0.326431
450.500000000 39.895039 76.441558 -8.892026 0.619619 0.275835 0.658151 -0.326841
450.600000000 39.836212 76.383325 -8.970023 0.620379 0.276221 0.657411 -0.326563
450.700000000 39.784471 76.336018 -9.047931 0.620674 0.275833 0.657589 -0.325971
450.800000000 39.747842 76.312597 -9.088182 0.617887 0.274624 0.659795 -0.327823
450.900000000 39.651715 76.209735 -9.194000 0.620973 0.275649 0.657070 -0.326603
451.000000000 39.593497 76.160425 -9.264032 0.620695 0.275571 0.657336 -0.326662
451.100000000 39.525214 76.093985 -9.343745 0.621732 0.274582 0.657514 -0.325160
451.200000000 39.593678 76.181469 -9.172989 0.603494 0.266771 0.673155 -0.333902
451.300000000 39.553768 76.153340 -9.205346 0.600966 0.264972 0.675857 -0.334436
451.400000000 39.440536 76.041174 -9.354254 0.605594 0.267885 0.670873 -0.333800
451.500000000 39.278123 75.884135 -9.587938 0.616768 0.273104 0.660890 -0.328992
451.600000000 39.222494 75.847847 -9.623550 0.614594 0.271291 0.663271 -0.329767
451.700000000 39.117537 75.753416 -9.747667 0.618488 0.272185 0.660263 -0.327782
451.800000000 39.018070 75.660907 -9.854535 0.621181 0.273536 0.657792 -0.326530
451.900000000 38.959701 75.625471 -9.909361 0.619456 0.272049 0.659643 -0.327314
452.000000000 38.912465 75.602660 -9.934660 0.615585 0.270285 0.662933 -0.329425
452.100000000 38.794995 75.492848 -10.073588 0.619361 0.272899 0.658729 -0.328626
452.200000000 38.723608 75.442662 -10.139941 0.618372 0.272069 0.659716 -0.329194
452.300000000 38.660695 75.405083 -10.180648 0.615857 0.269742 0.662684 -0.329861
452.400000000 38.552696 75.323343 -10.299346 0.618498 0.271158 0.660017 -0.329107
452.500000000 38.485836 75.282534 -10.345923 0.616541 0.269630 0.662070 -0.329909
452.600000000 38.383871 75.206134 -10.461264 0.618544 0.271964 0.659270 -0.329852
452.700000000 38.308282 75.184098 -10.520489 0.617384 0.271129 0.660486 -0.330278
452.800000000 38.261163 75.156343 -10.537239 0.613671 0.268009 0.664680 -0.331330
452.900000000 38.153389 75.111918 -10.658691 0.616551 0.271455 0.660910 -0.330718
453.000000000 38.068613 75.040078 -10.725597 0.616661 0.268545 0.662790 -0.329123
453.100000000 38.009879 75.040582 -10.778615 0.615165 0.267353 0.664487 -0.329470
453.200000000 37.930324 74.979882 -10.823208 0.613897 0.266341 0.666020 -0.329562
453.300000000 37.833905 74.923406 -10.915473 0.615251 0.267089 0.664822 -0.328849
453.400000000 37.730149 74.809652 -10.987333 0.615435 0.266409 0.665144 -0.328404
453.500000000 37.695056 74.944519 -11.019477 0.613796 0.265168 0.667143 -0.328422
453.600000000 37.619446 74.911481 -11.069419 0.612176 0.265966 0.667469 -0.330132
453.700000000 37.581907 74.884599 -11.048712 0.606070 0.262988 0.672756 -0.333039
453.800000000 37.484870 74.920808 -11.163795 0.610088 0.264543 0.669691 -0.330641
453.900000000 37.399884 74.843211 -11.194494 0.608347 0.263050 0.671616 -0.331135
454.000000000 37.284214 74.713964 -11.267357 0.608638 0.262503 0.671867 -0.330525
454.100000000 37.206218 74.694232 -11.312563 0.607873 0.262752 0.672109 -0.331243
454.200000000 37.144686 74.717554 -11.348115 0.606742 0.261817 0.673483 -0.331265
454.300000000 37.042866 74.632693 -11.404211 0.606328 0.261859 0.673566 -0.331822
454.400000000 36.957041 74.584902 -11.443969 0.605648 0.261525 0.674168 -0.332103
454.500000000 36.865772 74.533100 -11.498195 0.605805 0.261357 0.674171 -0.331942
454.600000000 36.786261 74.523664 -11.544142 0.605262 0.260971 0.674825 -0.331908
454.700000000 36.664805 74.346604 -11.592258 0.604697 0.260217 0.675433 -0.332294
454.800000000 36.578970 74.330965 -11.636407 0.604381 0.260128 0.675666 -0.332465
454.900000000 36.493423 74.261613 -11.689091 0.603605 0.259983 0.676436 -0.332423
455.000000000 36.430164 74.288419 -11.695503 0.602747 0.259496 0.677178 -0.332848
455.100000000 36.319751 74.169295 -11.742791 0.602225 0.258912 0.677614 -0.333362
455.200000000 36.218594 74.065902 -11.786885 0.602054 0.259265 0.677407 -0.333816
455.300000000 36.134696 74.019444 -11.805580 0.600691 0.258237 0.678752 -0.334334
455.400000000 36.047799 73.969388 -11.839911 0.600393 0.257942 0.679027 -0.334540
455.500000000 35.948504 73.889060 -11.873678 0.600028 0.257207 0.679615 -0.334567
455.600000000 35.854728 73.837052 -11.903726 0.600006 0.256758 0.679865 -0.334443
455.700000000 35.760840 73.783676 -11.936429 0.600060 0.256299 0.680121 -0.334178
455.800000000 35.678663 73.744290 -11.964687 0.599730 0.256191 0.680568 -0.333942
455.900000000 35.580891 73.671839 -12.002190 0.599583 0.256393 0.680483 -0.334225
456.000000000 35.470769 73.570804 -12.028939 0.599807 0.255635 0.680689 -0.333984
456.100000000 35.378354 73.464103 -12.043221 0.598475 0.255476 0.681447 -0.334948
456.200000000 35.277342 73.397169 -12.069611 0.598802 0.255733 0.681021 -0.335033
456.300000000 35.195559 73.349136 -12.082506 0.598590 0.255321 0.681514 -0.334724
456.400000000 35.089743 73.273055 -12.110965 0.599284 0.255284 0.680994 -0.334567
456.500000000 34.992326 73.203543 -12.138565 0.599712 0.254545 0.681148 -0.334051
456.600000000 34.890148 73.118975 -12.155910 0.599767 0.253981 0.681294 -0.334084
456.700000000 34.811481 73.071617 -12.162529 0.598860 0.254041 0.681637 -0.334965
456.800000000 34.720226 73.030426 -12.181418 0.599222 0.254301 0.681141 -0.335129
456.900000000 34.624765 72.935000 -12.195059 0.598920 0.254307 0.681216 -0.335511
457.000000000 34.506307 72.804440 -12.218522 0.599362 0.253708 0.681107 -0.335398
457.100000000 34.414305 72.754502 -12.230958 0.599721 0.253281 0.680960 -0.335376
457.200000000 34.334549 72.705484 -12.237761 0.599653 0.253516 0.680783 -0.335678
457.300000000 34.230017 72.611030 -12.256593 0.600360 0.253818 0.680081 -0.335610
457.400000000 34.134657 72.543765 -12.264353 0.600522 0.253555 0.680076 -0.335529
457.500000000 34.033195 72.429650 -12.276579 0.600806 0.252833 0.680131 -0.335453
457.600000000 33.945554 72.374159 -12.286824 0.601381 0.252970 0.679488 -0.335625
457.700000000 33.864999 72.348138 -12.288635 0.601507 0.253039 0.679231 -0.335865
457.800000000 33.782153 72.292819 -12.294537 0.602226 0.253339 0.678469 -0.335890
457.900000000 33.685673 72.200883 -12.301221 0.602452 0.253558 0.677994 -0.336280
458.000000000 33.600236 72.109648 -12.301465 0.602252 0.253129 0.678169 -0.336609
458.100000000 33.513043 72.043597 -12.302776 0.602502 0.253192 0.677737 -0.336984
458.200000000 33.420698 71.962912 -12.306521 0.603496 0.252066 0.677731 -0.336059
458.300000000 33.325442 71.876700 -12.307335 0.603834 0.251991 0.677361 -0.336254
458.400000000 33.221536 71.755909 -12.316542 0.604215 0.252716 0.676369 -0.337021
458.500000000 33.137410 71.690938 -12.315808 0.604679 0.253128 0.675645 -0.337332
458.600000000 33.028891 71.570567 -12.321289 0.605138 0.253147 0.675065 -0.337658
458.700000000 32.937224 71.465217 -12.321618 0.605817 0.252277 0.675006 -0.337208
458.800000000 32.857555 71.373595 -12.315898 0.605866 0.252288 0.674725 -0.337673
458.900000000 32.772542 71.300471 -12.311352 0.606349 0.252521 0.674092 -0.337897
459.000000000 32.680432 71.197535 -12.309489 0.606648 0.252653 0.673586 -0.338268
459.100000000 32.639262 71.225915 -12.280277 0.606983 0.252351 0.673434 -0.338198
459.200000000 32.572419 71.196346 -12.266208 0.607589 0.252529 0.672837 -0.338166
459.300000000 32.496002 71.090304 -12.254277 0.607616 0.251869 0.672995 -0.338293
459.400000000 32.358681 70.846607 -12.280669 0.609121 0.250963 0.672380 -0.337482
459.500000000 32.295197 70.800611 -12.268664 0.609999 0.250943 0.671622 -0.337421
459.600000000 32.227632 70.759906 -12.251158 0.610803 0.250564 0.671178 -0.337130
459.700000000 32.150119 70.673960 -12.240628 0.611183 0.250508 0.670701 -0.337434
459.800000000 32.068096 70.586256 -12.239837 0.612654 0.250797 0.669401 -0.337132
459.900000000 31.988859 70.486815 -12.235740 0.613723 0.251182 0.668320 -0.337045
460.000000000 31.918815 70.405123 -12.223335 0.614313 0.250924 0.667878 -0.337038
460.100000000 31.851816 70.344388 -12.205377 0.614704 0.250580 0.667640 -0.337054
460.200000000 31.764314 70.224274 -12.201109 0.615088 0.251265 0.666697 -0.337710
460.300000000 31.705681 70.175124 -12.180114 0.615434 0.250876 0.666535 -0.337687
460.400000000 31.641631 70.107936 -12.162977 0.615700 0.250961 0.666111 -0.337975
460.500000000 31.549680 69.974983 -12.158037 0.616122 0.251203 0.665384 -0.338459
460.600000000 31.478121 69.864650 -12.147065 0.616361 0.251272 0.664995 -0.338737
460.700000000 31.380560 69.749027 -12.140781 0.616993 0.251040 0.664469 -0.338791
460.800000000 31.304312 69.644616 -12.130344 0.617670 0.251257 0.663746 -0.338815
460.900000000 31.225617 69.531140 -12.124734 0.618425 0.251729 0.662776 -0.338985
461.000000000 31.157122 69.456787 -12.105716 0.618718 0.251748 0.662435 -0.339102
461.100000000 31.086710 69.351879 -12.085816 0.618887 0.251420 0.662350 -0.339205
461.200000000 31.015386 69.239905 -12.070355 0.619223 0.251093 0.662113 -0.339296
461.300000000 30.957913 69.138737 -12.047079 0.619174 0.251105 0.662024 -0.339549
461.400000000 30.883239 69.025497 -12.025768 0.619319 0.250661 0.662048 -0.339566
461.500000000 30.834344 68.934665 -11.996136 0.619292 0.250366 0.662142 -0.339650
461.600000000 30.758394 68.835900 -11.971470 0.619223 0.250760 0.661723 -0.340302
461.700000000 30.695034 68.752799 -11.941986 0.619260 0.250333 0.661838 -0.340324
461.800000000 30.618432 68.635117 -11.922368 0.619479 0.251216 0.660959 -0.340984
461.900000000 30.522800 68.545756 -11.892561 0.619445 0.251026 0.660853 -0.341391
462.000000000 30.454591 68.444378 -11.862761 0.619398 0.251203 0.660596 -0.341843
462.100000000 30.424002 68.310628 -11.835637 0.620090 0.249455 0.661124 -0.340845
462.200000000 30.346773 68.203336 -11.811798 0.621249 0.249049 0.660617 -0.340015
462.300000000 30.279433 68.074409 -11.782744 0.621661 0.248584 0.660492 -0.339844
462.400000000 30.223630 67.953735 -11.746769 0.621557 0.248168 0.660662 -0.340009
462.500000000 30.162863 67.835237 -11.713228 0.621763 0.248121 0.660384 -0.340205
462.600000000 30.112282 67.744841 -11.669429 0.622204 0.246353 0.661099 -0.339294
462.700000000 30.016121 67.617026 -11.628748 0.621753 0.247453 0.660448 -0.340584
462.800000000 29.989404 67.528944 -11.595818 0.622775 0.247510 0.659810 -0.339913
462.900000000 29.926468 67.418166 -11.544668 0.623385 0.245772 0.660502 -0.338710
463.000000000 29.853137 67.286956 -11.496257 0.623010 0.245564 0.660597 -0.339364
463.100000000 29.850189 67.139367 -11.454528 0.623755 0.244366 0.660744 -0.338574
463.200000000 29.695680 67.043981 -11.398703 0.623402 0.245115 0.660305 -0.339538
463.300000000 29.671917 66.940814 -11.348290 0.624026 0.244195 0.660386 -0.338896
463.400000000 29.628504 66.825822 -11.286785 0.623886 0.243521 0.660725 -0.338977
463.500000000 29.518121 66.723625 -11.223102 0.623078 0.244359 0.660426 -0.340441
463.600000000 29.469059 66.558741 -11.177293 0.624417 0.242723 0.660535 -0.338944
463.700000000 29.484225 66.416517 -11.118570 0.624639 0.241587 0.661033 -0.338374
463.800000000 29.303364 66.327425 -11.044430 0.624084 0.242365 0.660687 -0.339515
463.900000000 29.288177 66.238359 -10.971037 0.624109 0.240863 0.661542 -0.338873
464.000000000 29.309139 66.159118 -10.908092 0.625149 0.239564 0.661736 -0.337496
464.100000000 29.153869 66.048019 -10.827563 0.623640 0.240111 0.662015 -0.339347
464.200000000 29.089482 65.927379 -10.761703 0.623739 0.240993 0.661217 -0.340094
464.300000000 28.996445 65.775880 -10.690248 0.622995 0.241463 0.661145 -0.341263
464.400000000 28.939962 65.695877 -10.614800 0.623058 0.240792 0.661496 -0.340942
464.500000000 28.856166 65.563583 -10.542745 0.623286 0.240180 0.661584 -0.340786
464.600000000 28.846451 65.470273 -10.461581 0.623415 0.238816 0.662404 -0.339914
464.700000000 28.789722 65.266472 -10.389830 0.622762 0.238872 0.662503 -0.340876
464.800000000 28.644227 65.202620 -10.314311 0.622809 0.240273 0.661425 -0.341898
464.900000000 28.645991 65.118020 -10.233892 0.622677 0.239460 0.661991 -0.341615
465.000000000 28.557986 64.949573 -10.166725 0.623417 0.238749 0.661981 -0.340781
465.100000000 28.475858 64.874506 -10.081397 0.623288 0.238054 0.662612 -0.340276
465.200000000 28.369373 64.743595 -10.009793 0.623255 0.239321 0.661561 -0.341489
465.300000000 28.282627 64.651928 -9.937389 0.623271 0.240881 0.660454 -0.342507
465.400000000 28.175753 64.555098 -9.855299 0.622264 0.242694 0.659644 -0.344610
465.500000000 28.184644 64.405998 -9.779602 0.624130 0.236959 0.662587 -0.339544
465.600000000 28.100680 64.319085 -9.720878 0.625001 0.238749 0.660808 -0.340155
465.700000000 28.006618 64.226471 -9.647305 0.624961 0.239820 0.660020 -0.341004
465.800000000 27.947809 64.135351 -9.552495 0.623593 0.239853 0.660716 -0.342135
465.900000000 27.876597 63.954714 -9.473458 0.623546 0.237199 0.662412 -0.340791
466.000000000 27.801525 63.905441 -9.383773 0.621973 0.238047 0.662607 -0.342690
466.100000000 27.737870 63.854566 -9.328012 0.623114 0.238840 0.661294 -0.342599
466.200000000 27.636518 63.664898 -9.258671 0.622478 0.238118 0.661994 -0.342905
466.300000000 27.584039 63.557929 -9.188940 0.622510 0.237097 0.662551 -0.342481
466.400000000 27.483456 63.493402 -9.142678 0.624223 0.239546 0.659995 -0.342593
466.500000000 27.416626 63.434338 -9.063018 0.622985 0.240113 0.660222 -0.344010
466.600000000 27.345611 63.376345 -9.009857 0.623184 0.241136 0.659318 -0.344667
466.700000000 27.271978 63.344926 -8.956000 0.624574 0.242558 0.657654 -0.344332
466.800000000 27.185581 63.134295 -8.885085 0.623092 0.241039 0.659344 -0.344851
466.900000000 27.142667 63.016520 -8.835432 0.625243 0.239051 0.659513 -0.342005
467.000000000 27.051019 62.951809 -8.815383 0.627336 0.242099 0.656331 -0.342151
467.100000000 27.095438 63.095201 -8.742275 0.627707 0.240091 0.657757 -0.340141
467.200000000 27.021633 63.049261 -8.676774 0.626319 0.240736 0.657919 -0.341925
467.300000000 26.998881 63.064661 -8.603698 0.625672 0.240308 0.658762 -0.341789
467.400000000 26.939310 63.058801 -8.557219 0.625982 0.242106 0.657383 -0.342606
467.500000000 26.899015 63.063236 -8.509861 0.626240 0.243533 0.656418 -0.342973
467.600000000 26.849629 63.078954 -8.461633 0.626074 0.244799 0.655725 -0.343700
467.700000000 26.790864 62.884220 -8.445235 0.629495 0.241407 0.656204 -0.338904
467.800000000 26.754071 62.892098 -8.386432 0.628542 0.241653 0.656727 -0.339482
467.900000000 26.712186 62.910436 -8.346262 0.629128 0.242151 0.656312 -0.338845
468.000000000 26.630756 62.849953 -8.306831 0.629548 0.242507 0.655696 -0.339003
468.100000000 26.614462 62.946043 -8.263143 0.630715 0.242924 0.654940 -0.337994
468.200000000 26.527648 62.880392 -8.241630 0.631936 0.244683 0.653184 -0.337843
468.300000000 26.520104 62.999414 -8.183890 0.631104 0.244077 0.654106 -0.338052
468.400000000 26.476099 63.009618 -8.144062 0.630991 0.243807 0.654381 -0.337926
468.500000000 26.449816 63.111277 -8.103864 0.631309 0.245444 0.653263 -0.338311
468.600000000 26.381190 63.072068 -8.073989 0.631932 0.245023 0.653101 -0.337765
468.700000000 26.338176 63.121696 -8.033505 0.630836 0.244955 0.653852 -0.338410
468.800000000 26.234306 62.923265 -8.004290 0.629274 0.243931 0.655302 -0.339249
468.900000000 26.180048 62.983617 -7.987196 0.630893 0.245692 0.653401 -0.338639
469.000000000 26.131084 63.008658 -7.951195 0.631017 0.246316 0.652836 -0.339044
469.100000000 25.973694 62.724351 -7.958587 0.631552 0.247124 0.651966 -0.339134
469.200000000 25.979478 62.932259 -7.926842 0.631667 0.247307 0.652053 -0.338619
469.300000000 25.945944 63.007387 -7.896326 0.631191 0.247817 0.651845 -0.339534
469.400000000 25.750181 62.624603 -7.912307 0.631562 0.248649 0.650991 -0.339874
469.500000000 25.759822 62.819531 -7.883274 0.631511 0.248444 0.651313 -0.339500
469.600000000 25.671001 62.745314 -7.885445 0.632830 0.248962 0.650304 -0.338598
469.700000000 25.466532 62.363513 -7.900434 0.633306 0.250670 0.648610 -0.339697
469.800000000 25.486318 62.572620 -7.887598 0.634409 0.250320 0.648553 -0.338000
469.900000000 25.418008 62.579374 -7.886332 0.634708 0.251919 0.647316 -0.338622
470.000000000 25.246663 62.332444 -7.906580 0.635805 0.254784 0.644383 -0.340012
470.100000000 25.259080 62.504604 -7.889666 0.635516 0.253169 0.646017 -0.338654
470.200000000 25.195456 62.495155 -7.882586 0.634377 0.252953 0.646829 -0.339400
470.300000000 25.062939 62.303791 -7.904003 0.635723 0.254314 0.645043 -0.339266
470.400000000 24.976882 62.254588 -7.908590 0.635498 0.254840 0.644842 -0.339673
470.500000000 24.899829 62.203988 -7.912272 0.636174 0.252583 0.646039 -0.337813
470.600000000 24.742778 61.937008 -7.934637 0.636481 0.253292 0.645151 -0.338401
470.700000000 24.676510 61.952899 -7.943186 0.636942 0.253352 0.644841 -0.338079
470.800000000 24.620082 61.990647 -7.953969 0.637065 0.254216 0.644162 -0.338495
470.900000000 24.475657 61.725691 -7.973700 0.637354 0.252686 0.644928 -0.337635
471.000000000 24.344680 61.551537 -7.999431 0.638133 0.252672 0.644382 -0.337216
471.100000000 24.290838 61.596461 -8.015382 0.637067 0.255695 0.642882 -0.339806
471.200000000 24.245640 61.675794 -8.028680 0.637178 0.255861 0.642698 -0.339821
471.300000000 24.182498 61.722163 -8.042191 0.637839 0.256280 0.641671 -0.340206
471.400000000 24.084429 61.611395 -8.065286 0.637652 0.255225 0.642656 -0.339491
471.500000000 24.057862 61.751119 -8.083476 0.638113 0.255930 0.641877 -0.339567
471.600000000 23.998971 61.784018 -8.103838 0.638222 0.256137 0.641593 -0.339742
471.700000000 23.917229 61.753956 -8.126760 0.637913 0.256723 0.641394 -0.340256
471.800000000 23.784939 61.544556 -8.161973 0.639229 0.254366 0.642369 -0.337706
471.900000000 23.722491 61.576844 -8.186806 0.639617 0.254600 0.641890 -0.337708
472.000000000 23.640418 61.541979 -8.219424 0.640748 0.254940 0.640794 -0.337388
472.100000000 23.590520 61.606792 -8.242795 0.640741 0.254840 0.640887 -0.337300
472.200000000 23.521554 61.618377 -8.274409 0.641467 0.254959 0.640297 -0.336951
472.300000000 23.390269 61.406960 -8.307331 0.641793 0.253965 0.640748 -0.336222
472.400000000 23.256634 61.218477 -8.327866 0.640857 0.252563 0.642224 -0.336249
472.500000000 23.182861 61.218523 -8.366143 0.641746 0.253096 0.641265 -0.335981
472.600000000 23.093879 61.147150 -8.388217 0.641153 0.252931 0.641685 -0.336436
472.700000000 23.023889 61.175608 -8.423154 0.642009 0.253010 0.641059 -0.335938
472.800000000 22.962207 61.187787 -8.458297 0.642922 0.253306 0.640262 -0.335489
472.900000000 22.862916 61.097123 -8.496972 0.643108 0.254103 0.639497 -0.335986
473.000000000 22.719328 60.896634 -8.517475 0.641698 0.252468 0.641503 -0.336091
473.100000000 22.669294 60.951929 -8.553682 0.643324 0.252154 0.640610 -0.334921
473.200000000 22.588571 60.909888 -8.587824 0.643621 0.251484 0.640933 -0.334234
473.300000000 22.453260 60.685789 -8.631248 0.643719 0.252558 0.640107 -0.334818
473.400000000 22.357208 60.619712 -8.663599 0.644168 0.251820 0.640380 -0.333987
473.500000000 22.328197 60.759346 -8.691720 0.645230 0.251078 0.640180 -0.332878
473.600000000 22.279940 60.808142 -8.725101 0.645477 0.251475 0.639680 -0.333060
473.700000000 22.197220 60.760818 -8.754851 0.645308 0.251702 0.639501 -0.333558
473.800000000 22.060244 60.545010 -8.789895 0.644234 0.252686 0.639513 -0.334867
473.900000000 22.061765 60.765780 -8.826530 0.646353 0.253019 0.637825 -0.333749
474.000000000 21.994083 60.771970 -8.858333 0.646202 0.254183 0.636973 -0.334784
474.100000000 21.702540 60.132716 -8.889891 0.644643 0.252563 0.639256 -0.334663
474.200000000 21.615603 60.055060 -8.925572 0.645192 0.252500 0.639006 -0.334128
474.300000000 21.520351 59.977035 -8.951552 0.645056 0.252106 0.639304 -0.334118
474.400000000 21.417853 59.885551 -8.979346 0.645241 0.251571 0.639534 -0.333725
474.500000000 21.345186 59.872284 -9.007607 0.645406 0.251382 0.639534 -0.333547
474.600000000 21.283970 59.884300 -9.031197 0.645224 0.251373 0.639572 -0.333833
474.700000000 21.196069 59.847058 -9.067288 0.645639 0.252200 0.638685 -0.334107
474.800000000 21.072206 59.677279 -9.098237 0.645879 0.252533 0.638204 -0.334309
474.900000000 20.943421 59.509189 -9.126579 0.645561 0.252284 0.638644 -0.334273
475.000000000 20.879698 59.492176 -9.149004 0.645291 0.252097 0.638777 -0.334681
475.100000000 20.797855 59.463476 -9.178865 0.645713 0.252680 0.638129 -0.334661
475.200000000 20.689295 59.353401 -9.211284 0.646396 0.252730 0.637574 -0.334364
475.300000000 20.635414 59.365825 -9.234906 0.646386 0.253088 0.637330 -0.334577
475.400000000 20.562759 59.345173 -9.268927 0.647372 0.253611 0.636215 -0.334397
475.500000000 20.506152 59.375830 -9.287396 0.647589 0.253609 0.635947 -0.334490
475.600000000 20.291707 58.979662 -9.311727 0.646584 0.253528 0.636744 -0.334979
475.700000000 20.138836 58.726346 -9.332691 0.646559 0.252272 0.637633 -0.334282
475.800000000 20.092362 58.764171 -9.340065 0.645875 0.251996 0.638281 -0.334575
475.900000000 19.982906 58.647246 -9.368477 0.646339 0.252230 0.637698 -0.334614
476.000000000 19.876751 58.527852 -9.384672 0.645866 0.252468 0.637746 -0.335257
476.100000000 19.813388 58.551903 -9.409420 0.646660 0.253034 0.636718 -0.335254
476.200000000 19.713470 58.450544 -9.418826 0.645999 0.253119 0.637042 -0.335848
476.300000000 19.664840 58.497724 -9.434380 0.646277 0.253362 0.636607 -0.335953
476.400000000 19.535630 58.318450 -9.458005 0.646422 0.254027 0.635952 -0.336414
476.500000000 19.439505 58.247159 -9.472085 0.646330 0.254331 0.635722 -0.336795
476.600000000 19.334258 58.123267 -9.486888 0.646256 0.254808 0.635383 -0.337216
476.700000000 19.269581 58.117177 -9.497757 0.646438 0.254807 0.635209 -0.337196
476.800000000 19.171893 58.013990 -9.501233 0.645753 0.254973 0.635467 -0.337896
476.900000000 19.092926 57.961137 -9.517378 0.646315 0.254704 0.635139 -0.337640
477.000000000 19.020712 57.910075 -9.523132 0.646387 0.254207 0.635409 -0.337370
477.100000000 18.941994 57.856955 -9.526174 0.646270 0.253864 0.635659 -0.337381
477.200000000 18.797927 57.657702 -9.539521 0.646103 0.254242 0.635423 -0.337861
477.300000000 18.702583 57.544496 -9.550402 0.646212 0.254274 0.635282 -0.337892
477.400000000 18.591474 57.418432 -9.557469 0.646279 0.254530 0.634901 -0.338288
477.500000000 18.516376 57.342451 -9.564203 0.646396 0.254702 0.634591 -0.338517
477.600000000 18.433312 57.264969 -9.570591 0.646646 0.254793 0.634315 -0.338488
477.700000000 18.332848 57.164079 -9.570651 0.646538 0.254722 0.634338 -0.338705
477.800000000 18.247302 57.058614 -9.575174 0.646643 0.254958 0.634012 -0.338936
477.900000000 18.159453 56.968437 -9.574575 0.646541 0.254968 0.634092 -0.338974
478.000000000 18.061147 56.880748 -9.576155 0.646664 0.255228 0.633702 -0.339272
478.100000000 17.941656 56.737302 -9.576212 0.646575 0.255526 0.633435 -0.339717
478.200000000 17.852902 56.646552 -9.576764 0.647019 0.255375 0.633207 -0.339410
478.300000000 17.757357 56.516615 -9.577444 0.647105 0.255623 0.632850 -0.339724
478.400000000 17.676175 56.402932 -9.578915 0.647274 0.256178 0.632223 -0.340152
478.500000000 17.577164 56.278661 -9.575537 0.647212 0.256379 0.632024 -0.340488
478.600000000 17.473487 56.162952 -9.569760 0.647237 0.256599 0.631777 -0.340733
478.700000000 17.395038 56.081397 -9.563126 0.647387 0.256714 0.631505 -0.340867
478.800000000 17.296034 55.957767 -9.552688 0.647334 0.256718 0.631467 -0.341033
478.900000000 17.200300 55.863598 -9.547412 0.647696 0.256408 0.631318 -0.340856
479.000000000 17.111173 55.748514 -9.545989 0.648104 0.256520 0.630912 -0.340747
479.100000000 17.002608 55.631388 -9.534652 0.648437 0.255960 0.631082 -0.340220
479.200000000 16.914099 55.523994 -9.528155 0.648925 0.255976 0.630695 -0.339995
479.300000000 16.825511 55.403043 -9.520596 0.649420 0.256242 0.630119 -0.339917
479.400000000 16.738422 55.288349 -9.513994 0.649782 0.256124 0.629894 -0.339731
479.500000000 16.641889 55.173753 -9.501058 0.650024 0.255952 0.629788 -0.339594
479.600000000 16.552887 55.084090 -9.487495 0.650476 0.255871 0.629426 -0.339461
479.700000000 16.450977 54.999479 -9.470695 0.650731 0.255491 0.629508 -0.339106
479.800000000 16.347207 54.858728 -9.463269 0.651171 0.255580 0.629033 -0.339076
479.900000000 16.246108 54.739859 -9.447637 0.651331 0.255362 0.629017 -0.338964
480.000000000 16.189722 54.620652 -9.437479 0.651454 0.255594 0.628735 -0.339075
480.100000000 16.077980 54.518789 -9.419200 0.651918 0.254717 0.629092 -0.338179
480.200000000 15.996799 54.421490 -9.404530 0.652541 0.254397 0.628834 -0.337698
480.300000000 15.890297 54.304974 -9.387911 0.652712 0.254268 0.628691 -0.337732
480.400000000 15.796769 54.167987 -9.372595 0.652580 0.254838 0.628335 -0.338218
480.500000000 15.706442 54.061875 -9.357425 0.653250 0.254759 0.627845 -0.337895
480.600000000 15.613419 53.964567 -9.333821 0.653291 0.253957 0.628449 -0.337298
480.700000000 15.501531 53.847308 -9.315141 0.653328 0.254182 0.628190 -0.337536
480.800000000 15.414971 53.733246 -9.298913 0.653336 0.254653 0.627817 -0.337861
480.900000000 15.321812 53.613651 -9.281473 0.653437 0.255009 0.627371 -0.338226
481.000000000 15.219029 53.498846 -9.263323 0.653476 0.254887 0.627391 -0.338206
481.100000000 15.130805 53.389883 -9.240400 0.652732 0.254690 0.627978 -0.338701
481.200000000 15.037821 53.276618 -9.223226 0.652819 0.254477 0.628044 -0.338570
481.300000000 14.934510 53.174977 -9.208257 0.653365 0.254169 0.627879 -0.338053
481.400000000 14.832135 53.071148 -9.193527 0.654009 0.253490 0.627979 -0.337131
481.500000000 14.735842 52.969043 -9.177537 0.654058 0.252832 0.628444 -0.336663
481.600000000 14.634435 52.858527 -9.165304 0.654220 0.252848 0.628284 -0.336634
481.700000000 14.551006 52.748662 -9.155084 0.654304 0.253197 0.627924 -0.336880
481.800000000 14.443817 52.636979 -9.146883 0.654466 0.253352 0.627710 -0.336850
481.900000000 14.342970 52.532567 -9.138980 0.654442 0.253344 0.627713 -0.336897
482.000000000 14.248299 52.423645 -9.132168 0.654258 0.253169 0.627929 -0.336982
482.100000000 14.144118 52.319462 -9.127223 0.654147 0.253085 0.628072 -0.336994
482.200000000 14.042792 52.211150 -9.125395 0.654202 0.252793 0.628133 -0.336992
482.300000000 13.938840 52.106985 -9.124273 0.653763 0.252675 0.628516 -0.337221
482.400000000 13.825087 51.998724 -9.126948 0.653480 0.252773 0.628643 -0.337458
482.500000000 13.721196 51.891677 -9.133280 0.653174 0.253301 0.628484 -0.337950
482.600000000 13.607886 51.796122 -9.142424 0.653219 0.253548 0.628310 -0.338002
482.700000000 13.506515 51.692902 -9.155174 0.652887 0.253380 0.628587 -0.338252
482.800000000 13.406099 51.612138 -9.169398 0.653241 0.252575 0.628947 -0.337503
482.900000000 13.282438 51.501908 -9.189848 0.653738 0.252684 0.628569 -0.337162
483.000000000 13.171862 51.403369 -9.204728 0.653066 0.251929 0.629570 -0.337161
483.100000000 13.037987 51.232639 -9.228836 0.652213 0.252043 0.630031 -0.337866
483.200000000 12.927049 51.145168 -9.257591 0.652470 0.251830 0.630062 -0.337470
483.300000000 12.817162 51.079917 -9.291465 0.653122 0.251614 0.629866 -0.336736
483.400000000 12.730549 51.041039 -9.320726 0.653486 0.250504 0.630425 -0.335809
483.500000000 12.640781 50.964810 -9.360278 0.653660 0.250374 0.630422 -0.335574
483.600000000 12.641046 51.067575 -9.390571 0.654429 0.248029 0.631790 -0.333236
483.700000000 12.453763 50.814394 -9.441049 0.653788 0.249249 0.631229 -0.334643
483.800000000 12.401905 50.742872 -9.490241 0.654104 0.248289 0.631758 -0.333740
483.900000000 12.417311 50.842229 -9.539499 0.655998 0.246323 0.631868 -0.331262
484.000000000 12.296778 50.739742 -9.592980 0.655893 0.245919 0.632269 -0.331004
484.100000000 12.229355 50.669711 -9.649319 0.657344 0.244611 0.632301 -0.329029
484.200000000 12.130634 50.614834 -9.703685 0.656424 0.245889 0.632030 -0.330431
484.300000000 12.073690 50.608233 -9.751137 0.656606 0.244070 0.633159 -0.329254
484.400000000 11.841132 50.606283 -9.793441 0.643840 0.267599 0.623190 -0.354254
484.500000000 11.759135 50.529372 -9.858225 0.643554 0.267514 0.623431 -0.354412
484.600000000 11.659594 50.497870 -9.916234 0.643428 0.267283 0.623843 -0.354090
484.700000000 11.553242 50.484893 -9.977427 0.643951 0.266544 0.624191 -0.353082
484.800000000 11.447874 50.398630 -10.043026 0.643472 0.266193 0.624832 -0.353086
484.900000000 11.384616 50.333881 -10.116185 0.644235 0.265752 0.624681 -0.352294
485.000000000 11.294856 50.272792 -10.186523 0.644630 0.265056 0.624989 -0.351549
485.100000000 11.214878 50.220857 -10.255132 0.644392 0.264080 0.625904 -0.351091
485.200000000 11.123238 50.161012 -10.329686 0.645455 0.262799 0.626316 -0.349361
485.300000000 11.043166 50.111502 -10.407087 0.646115 0.262241 0.626245 -0.348687
485.400000000 11.025764 50.186282 -10.481139 0.647509 0.259437 0.627621 -0.345711
485.500000000 10.526320 49.732655 -10.547105 0.603187 0.326585 0.596148 -0.417272
485.600000000 10.465307 49.641740 -10.624871 0.602450 0.326361 0.596739 -0.417666
485.700000000 10.333010 49.401803 -10.717621 0.602283 0.328031 0.595247 -0.418726
485.800000000 10.245763 49.240913 -10.803254 0.601492 0.328851 0.595011 -0.419555
485.900000000 10.724092 49.716393 -10.890788 0.625563 0.294236 0.612647 -0.383092
486.000000000 10.663608 49.692638 -10.966745 0.625086 0.294246 0.613013 -0.383279
486.100000000 10.583848 49.680080 -11.050498 0.625595 0.294933 0.612151 -0.383298
486.200000000 10.543208 49.712967 -11.119917 0.625021 0.294583 0.612814 -0.383443
486.300000000 10.482977 49.733766 -11.199124 0.625369 0.294938 0.612388 -0.383282
486.400000000 10.621355 50.029816 -11.263421 0.629186 0.288400 0.615515 -0.376951
486.500000000 10.496950 49.916554 -11.345642 0.628824 0.289942 0.614480 -0.378059
486.600000000 10.341851 49.647184 -11.430817 0.626644 0.291590 0.614449 -0.380454
486.700000000 10.234018 49.532666 -11.515826 0.626583 0.292582 0.613625 -0.381122
486.800000000 10.162769 49.488687 -11.590146 0.626640 0.292548 0.613706 -0.380925
486.900000000 10.121427 49.482286 -11.667447 0.627636 0.291086 0.614406 -0.379273
487.000000000 10.073292 49.498854 -11.733149 0.626835 0.291075 0.614935 -0.379748
487.100000000 9.938035 49.313107 -11.816290 0.626005 0.292408 0.614329 -0.381072
487.200000000 9.809851 49.104227 -11.890200 0.624711 0.293239 0.614417 -0.382411
487.300000000 9.679379 48.674031 -11.992590 0.627092 0.290194 0.615566 -0.378974
487.400000000 9.606046 48.668356 -12.057864 0.626593 0.290592 0.615514 -0.379578
487.500000000 9.499624 48.573277 -12.131523 0.626026 0.291665 0.615006 -0.380514
487.600000000 9.458749 48.600583 -12.190417 0.625752 0.291284 0.615479 -0.380491
487.700000000 9.430481 48.624535 -12.262528 0.626214 0.291306 0.615098 -0.380331
487.800000000 9.350152 48.559429 -12.324808 0.625689 0.291507 0.615198 -0.380878
487.900000000 9.286766 48.486631 -12.394492 0.626077 0.291133 0.615338 -0.380300
488.000000000 9.167840 48.337016 -12.458467 0.625293 0.292145 0.614980 -0.381391
488.100000000 9.097921 48.321662 -12.517908 0.624800 0.292450 0.615023 -0.381896
488.200000000 8.939959 48.076589 -12.586946 0.624146 0.294037 0.614065 -0.383285
488.300000000 8.903141 47.893807 -12.662408 0.627119 0.290482 0.615450 -0.378897
488.400000000 8.805043 47.777820 -12.716574 0.626155 0.291032 0.615601 -0.379823
488.500000000 8.702495 47.634534 -12.777051 0.625755 0.291732 0.615186 -0.380618
488.600000000 8.595241 47.532474 -12.832213 0.625443 0.292648 0.614535 -0.381478
488.700000000 8.661837 47.680604 -12.877507 0.626068 0.290845 0.615844 -0.379716
488.800000000 8.612238 47.645220 -12.925137 0.625959 0.290736 0.615968 -0.379778
488.900000000 8.479129 47.463851 -12.977491 0.625403 0.291912 0.615348 -0.380796
489.000000000 8.352869 47.295973 -13.031709 0.625086 0.292818 0.614771 -0.381552
489.100000000 8.355742 47.196783 -13.076129 0.626676 0.289478 0.616665 -0.378423
489.200000000 8.277048 47.098305 -13.109331 0.626207 0.289047 0.617284 -0.378519
489.300000000 8.038989 46.708440 -13.164651 0.625124 0.291519 0.615863 -0.380722
489.400000000 7.928510 46.583217 -13.210310 0.625334 0.292185 0.615225 -0.380897
489.500000000 7.848058 46.484386 -13.251417 0.625563 0.292342 0.614980 -0.380798
489.600000000 7.768862 46.402536 -13.281601 0.625031 0.292887 0.614826 -0.381500
489.700000000 7.771115 46.406929 -13.314299 0.625709 0.291901 0.615293 -0.380390
489.800000000 7.768390 46.426754 -13.343955 0.625808 0.291771 0.615308 -0.380302
489.900000000 7.709537 46.397762 -13.367262 0.625500 0.291917 0.615321 -0.380675
490.000000000 7.724838 46.294504 -13.392466 0.626277 0.289738 0.616697 -0.378832
490.100000000 7.655696 46.246082 -13.414416 0.626339 0.289322 0.617047 -0.378479
490.200000000 7.604991 46.155182 -13.437467 0.626479 0.288951 0.617243 -0.378209
490.300000000 7.535015 46.084273 -13.457734 0.626610 0.288948 0.617149 -0.378148
490.400000000 7.450312 45.980553 -13.477263 0.626651 0.288979 0.617093 -0.378148
490.500000000 7.354080 45.857624 -13.495518 0.626625 0.289267 0.616890 -0.378303
490.600000000 7.245718 45.756234 -13.508222 0.626522 0.289825 0.616492 -0.378694
490.700000000 7.154152 45.635038 -13.526829 0.626609 0.290569 0.615786 -0.379130
490.800000000 7.340688 45.600426 -13.548939 0.629581 0.285433 0.618393 -0.373826
490.900000000 7.222673 45.484237 -13.557502 0.628970 0.286787 0.617612 -0.375108
491.000000000 7.114550 45.368911 -13.562035 0.628307 0.287818 0.617116 -0.376244
491.100000000 7.026829 45.280005 -13.564151 0.628053 0.288200 0.616932 -0.376677
491.200000000 6.933666 45.168675 -13.564322 0.627598 0.288635 0.616821 -0.377283
491.300000000 6.863492 45.089943 -13.564404 0.627676 0.288564 0.616806 -0.377231
491.400000000 6.776399 44.981331 -13.566259 0.627781 0.288695 0.616634 -0.377238
491.500000000 6.730597 44.882310 -13.564071 0.627795 0.288946 0.616407 -0.377393
491.600000000 6.625927 44.767059 -13.561264 0.627714 0.289667 0.615816 -0.377940
491.700000000 6.516591 44.526733 -13.567100 0.628141 0.289377 0.615826 -0.377437
491.800000000 6.448572 44.413344 -13.562522 0.628414 0.289101 0.615865 -0.377129
491.900000000 6.443976 44.332443 -13.553114 0.628877 0.288552 0.616043 -0.376486
492.000000000 6.351628 44.183570 -13.549522 0.629221 0.289021 0.615432 -0.376552
492.100000000 6.291651 44.106451 -13.539025 0.629645 0.289020 0.615230 -0.376174
492.200000000 6.160197 43.969860 -13.525071 0.629868 0.289397 0.614801 -0.376213
492.300000000 6.066386 43.813468 -13.507678 0.629752 0.290059 0.614301 -0.376712
492.400000000 5.940419 43.662802 -13.486012 0.629495 0.290757 0.613833 -0.377366
492.500000000 5.831462 43.542216 -13.456870 0.629319 0.290820 0.613881 -0.377533
492.600000000 5.779644 43.439565 -13.425783 0.629314 0.290203 0.614371 -0.377219
492.700000000 5.659263 43.323202 -13.387644 0.628908 0.290512 0.614322 -0.377737
492.800000000 5.594364 43.207806 -13.355696 0.629150 0.290306 0.614350 -0.377448
492.900000000 5.515868 43.060672 -13.317071 0.629048 0.290505 0.614204 -0.377703
493.000000000 5.424471 42.926731 -13.275737 0.628798 0.290753 0.614094 -0.378107
493.100000000 5.309265 42.816604 -13.226143 0.628337 0.291356 0.613895 -0.378731
493.200000000 5.245079 42.680333 -13.185786 0.628381 0.291914 0.613371 -0.379077
493.300000000 5.162769 42.561034 -13.137734 0.628720 0.292097 0.613064 -0.378870
493.400000000 5.121620 42.451532 -13.080307 0.628769 0.291238 0.613722 -0.378385
493.500000000 5.004999 42.334281 -13.027494 0.629089 0.291243 0.613552 -0.378126
493.600000000 4.921460 42.230797 -12.961015 0.628870 0.290818 0.614030 -0.378041
493.700000000 4.872521 42.091353 -12.901657 0.629002 0.291150 0.613661 -0.378166
493.800000000 4.817861 41.942371 -12.844313 0.629398 0.291452 0.613204 -0.378013
493.900000000 4.755031 41.802470 -12.771842 0.628974 0.291720 0.613083 -0.378708
494.000000000 4.692194 41.676471 -12.702983 0.628836 0.292214 0.612723 -0.379140
494.100000000 4.569399 41.550995 -12.622216 0.628156 0.293247 0.612326 -0.380109
494.200000000 4.486502 41.428217 -12.541528 0.628294 0.293629 0.611917 -0.380245
494.300000000 4.428813 41.290183 -12.462217 0.628587 0.293778 0.611660 -0.380060
494.400000000 4.346606 41.159673 -12.385050 0.629052 0.294072 0.611219 -0.379773
494.500000000 4.255782 41.048341 -12.292023 0.629660 0.292951 0.611876 -0.378572
494.600000000 4.240455 40.926291 -12.194213 0.629572 0.292373 0.612337 -0.378419
494.700000000 4.175432 40.797500 -12.098617 0.629231 0.292385 0.612489 -0.378730
494.800000000 4.067133 40.680000 -11.991059 0.628851 0.292687 0.612391 -0.379287
494.900000000 4.067238 40.534557 -11.889975 0.628667 0.292959 0.612143 -0.379781
495.000000000 3.981083 40.420363 -11.788741 0.629035 0.292618 0.612167 -0.379396
495.100000000 3.912461 40.290477 -11.682891 0.629155 0.292704 0.611993 -0.379412
495.200000000 3.863935 40.158110 -11.571374 0.629299 0.292665 0.611897 -0.379356
495.300000000 3.790306 40.033522 -11.455393 0.629121 0.292730 0.611899 -0.379599
495.400000000 3.716400 39.900727 -11.343332 0.629345 0.292731 0.611784 -0.379413
495.500000000 3.648833 39.767597 -11.226395 0.629310 0.293164 0.611466 -0.379649
495.600000000 3.538469 39.648105 -11.100768 0.629335 0.292804 0.611854 -0.379259
495.700000000 3.532361 39.496156 -10.995693 0.629851 0.293393 0.611042 -0.379257
495.800000000 3.450600 39.380720 -10.866680 0.629426 0.292931 0.611592 -0.379433
495.900000000 3.411956 39.239708 -10.758510 0.630410 0.293092 0.610905 -0.378780
496.000000000 3.375421 39.118200 -10.641019 0.630193 0.293224 0.610816 -0.379184
496.100000000 3.239255 39.004550 -10.512576 0.630493 0.291374 0.612221 -0.377843
496.200000000 3.157233 38.879742 -10.398742 0.630191 0.293062 0.611006 -0.379006
496.300000000 3.124394 38.761615 -10.279768 0.630017 0.292596 0.611385 -0.379045
496.400000000 3.014610 38.644416 -10.157803 0.629405 0.292682 0.611694 -0.379495
496.500000000 2.977205 38.515069 -10.039786 0.629305 0.292517 0.611812 -0.379598
496.600000000 2.845850 38.388736 -9.930506 0.629682 0.292403 0.611836 -0.379023
496.700000000 2.796416 38.263476 -9.819220 0.629709 0.291887 0.612165 -0.378843
496.800000000 2.784814 38.127658 -9.712897 0.629360 0.291753 0.612371 -0.379193
496.900000000 2.662884 37.990227 -9.624768 0.630309 0.293150 0.610919 -0.378883
497.000000000 2.620795 37.868501 -9.518248 0.629922 0.292605 0.611546 -0.378936
497.100000000 2.579038 37.719389 -9.428483 0.629794 0.293919 0.610474 -0.379859
497.200000000 2.554137 37.560013 -9.340283 0.629935 0.294261 0.610119 -0.379929
497.300000000 2.514027 37.436384 -9.249807 0.629855 0.292631 0.611365 -0.379318
497.400000000 2.404733 37.315028 -9.157931 0.629619 0.292553 0.611590 -0.379409
497.500000000 2.294403 37.196304 -9.074202 0.629282 0.292784 0.611639 -0.379708
497.600000000 2.292314 37.038455 -9.006122 0.629091 0.293296 0.611236 -0.380280
497.700000000 2.189994 36.910741 -8.931991 0.629197 0.293956 0.610622 -0.380581
497.800000000 2.156660 36.772555 -8.865143 0.629008 0.294070 0.610562 -0.380902
497.900000000 2.087622 36.648940 -8.796583 0.628709 0.293671 0.611038 -0.380939
498.000000000 2.270607 37.169760 -8.685265 0.630691 0.285551 0.617085 -0.374027
498.100000000 2.312556 37.507403 -8.600616 0.634778 0.279217 0.620515 -0.366136
498.200000000 2.274329 37.456699 -8.544700 0.634899 0.278565 0.620961 -0.365667
498.300000000 2.186970 37.410393 -8.484300 0.634877 0.277446 0.621900 -0.364960
498.400000000 2.137817 37.217042 -8.446380 0.634525 0.277896 0.621611 -0.365721
498.500000000 2.072998 37.161503 -8.408439 0.636085 0.276713 0.621853 -0.363489
498.600000000 1.951641 37.028634 -8.365891 0.635508 0.276369 0.622421 -0.363788
498.700000000 1.979454 36.462181 -8.385313 0.634455 0.280955 0.618795 -0.368271
498.800000000 1.779899 36.741968 -8.310909 0.635071 0.276897 0.622094 -0.364708
498.900000000 1.838292 36.362899 -8.320469 0.634709 0.279010 0.620288 -0.366798
499.000000000 1.671161 36.566503 -8.269765 0.636205 0.275255 0.622867 -0.362648
499.100000000 1.595547 36.331123 -8.271460 0.636934 0.275919 0.621923 -0.362487
499.200000000 1.569636 36.164399 -8.270946 0.637127 0.276969 0.620882 -0.363130
499.300000000 1.468155 36.072863 -8.265920 0.637332 0.277739 0.620202 -0.363344
499.400000000 1.403097 36.020807 -8.258155 0.637725 0.277345 0.620407 -0.362603
499.500000000 1.371177 35.937255 -8.259571 0.638037 0.276676 0.620765 -0.361953
499.600000000 1.293960 35.883461 -8.255947 0.637370 0.276910 0.621036 -0.362483
499.700000000 1.218041 35.820424 -8.260354 0.637227 0.276737 0.621280 -0.362449
499.800000000 1.178892 35.796236 -8.268751 0.637902 0.275077 0.622258 -0.360845
499.900000000 1.134773 35.807850 -8.278526 0.638377 0.274238 0.622758 -0.359778
500.000000000 0.928515 35.774492 -8.275931 0.634681 0.278648 0.621384 -0.365263
500.100000000 1.032458 35.693792 -8.315919 0.638733 0.272656 0.623777 -0.358583
500.200000000 0.888995 35.449521 -8.351968 0.638816 0.273373 0.623054 -0.359145
500.300000000 0.609339 35.103140 -8.390629 0.636092 0.280521 0.618931 -0.365540
500.400000000 0.773583 35.263586 -8.411660 0.640302 0.270338 0.624589 -0.356116
500.500000000 0.396638 34.793927 -8.455324 0.634954 0.281577 0.618541 -0.367362
500.600000000 0.523906 34.969384 -8.484015 0.638617 0.273288 0.623133 -0.359425
500.700000000 0.323750 34.957302 -8.514566 0.634443 0.282139 0.618675 -0.367589
500.800000000 0.579767 35.112121 -8.565906 0.641752 0.268757 0.625157 -0.353698
500.900000000 0.226641 34.597118 -8.622173 0.637551 0.276950 0.620927 -0.362322
501.000000000 0.172004 34.628291 -8.661533 0.637324 0.277365 0.620862 -0.362516
501.100000000 0.231586 34.865351 -8.696402 0.638196 0.273957 0.623324 -0.359334
501.200000000 0.105020 34.470056 -8.767299 0.639051 0.273326 0.623083 -0.358712
501.300000000 0.043525 34.470682 -8.821655 0.639316 0.272930 0.623351 -0.358077
501.400000000 -0.010392 34.483504 -8.870956 0.639159 0.272754 0.623655 -0.357961
501.500000000 -0.041491 34.475173 -8.928180 0.639007 0.272483 0.624000 -0.357837
501.600000000 -0.051350 34.564319 -8.990172 0.640162 0.271937 0.623911 -0.356339
501.700000000 -0.301557 34.098106 -9.063690 0.638205 0.274154 0.622940 -0.359833
501.800000000 -0.379701 34.059000 -9.127469 0.638154 0.274504 0.622809 -0.359883
501.900000000 -0.454016 33.941164 -9.192770 0.638213 0.273386 0.623532 -0.359378
502.000000000 -0.584502 33.723042 -9.262859 0.637479 0.273801 0.623555 -0.360324
502.100000000 -0.684746 33.578685 -9.340302 0.637594 0.274385 0.623088 -0.360484
502.200000000 -0.768508 33.524104 -9.412905 0.638100 0.274498 0.622759 -0.360070
502.300000000 -0.915388 33.250480 -9.492537 0.638491 0.274217 0.622643 -0.359792
502.400000000 -1.031348 33.040770 -9.576627 0.639114 0.274545 0.622061 -0.359442
502.500000000 -1.056390 33.054420 -9.644961 0.638935 0.274142 0.622511 -0.359289
502.600000000 -1.141982 32.942479 -9.718291 0.638701 0.274365 0.622495 -0.359563
502.700000000 -1.197640 32.982916 -9.791499 0.638660 0.274880 0.622204 -0.359745
502.800000000 -1.317330 32.873778 -9.864782 0.637902 0.275777 0.621967 -0.360812
502.900000000 -1.334215 32.797357 -9.945299 0.639294 0.273172 0.623223 -0.358153
503.000000000 -1.455488 32.613479 -10.026825 0.639308 0.273534 0.622903 -0.358408
503.100000000 -1.524827 32.482522 -10.105762 0.639744 0.272004 0.623846 -0.357152
503.200000000 -1.635977 32.371532 -10.179210 0.639190 0.272491 0.623767 -0.357910
503.300000000 -1.755380 32.217050 -10.259942 0.638891 0.273301 0.623267 -0.358697
503.400000000 -1.845181 32.092405 -10.338628 0.638809 0.273040 0.623488 -0.358657
503.500000000 -1.974662 31.962155 -10.413341 0.637808 0.274416 0.622985 -0.360259
503.600000000 -1.873236 32.248546 -10.484153 0.639938 0.271378 0.624306 -0.356477
503.700000000 -1.990908 32.117638 -10.560017 0.638988 0.273377 0.623376 -0.358276
503.800000000 -2.060792 32.045779 -10.632685 0.638919 0.273705 0.623241 -0.358383
503.900000000 -2.141701 32.014205 -10.702877 0.638896 0.273634 0.623318 -0.358345
504.000000000 -2.218920 31.798702 -10.779826 0.639705 0.271416 0.624528 -0.356476
504.100000000 -2.322293 31.659456 -10.853160 0.639437 0.271988 0.624268 -0.356976
504.200000000 -2.380086 31.636814 -10.919126 0.640125 0.271300 0.624551 -0.355769
504.300000000 -2.501248 31.487922 -10.985335 0.639158 0.273065 0.623655 -0.357725
504.400000000 -2.578327 31.396846 -11.050701 0.639170 0.273573 0.623286 -0.357957
504.500000000 -2.688226 31.289824 -11.108581 0.638831 0.273898 0.623263 -0.358355
504.600000000 -2.750718 31.198162 -11.168935 0.639407 0.273256 0.623405 -0.357570
504.700000000 -2.845554 31.077955 -11.222420 0.639330 0.273034 0.623674 -0.357408
504.800000000 -2.891781 30.950024 -11.276872 0.640579 0.270769 0.624724 -0.355053
504.900000000 -2.973946 30.870265 -11.323971 0.640622 0.271141 0.624433 -0.355203
505.000000000 -3.071736 30.788602 -11.364757 0.640488 0.271236 0.624393 -0.355444
505.100000000 -3.162901 30.697495 -11.406600 0.640457 0.271910 0.623904 -0.355843
505.200000000 -3.252605 30.601172 -11.444485 0.640681 0.271837 0.623849 -0.355590
505.300000000 -3.375965 30.411210 -11.480170 0.640356 0.272622 0.623424 -0.356321
505.400000000 -3.472894 30.234381 -11.506404 0.640031 0.271885 0.624086 -0.356307
505.500000000 -3.531821 30.216082 -11.529382 0.640596 0.271510 0.624123 -0.355513
505.600000000 -3.620925 30.172485 -11.544007 0.640229 0.272080 0.623875 -0.356174
505.700000000 -3.746133 29.894934 -11.568816 0.640694 0.271661 0.623890 -0.355630
505.800000000 -3.845137 29.740275 -11.579401 0.640593 0.271541 0.623996 -0.355719
505.900000000 -3.963777 29.619570 -11.585216 0.640193 0.272457 0.623523 -0.356565
506.000000000 -4.011219 29.557780 -11.584800 0.640123 0.272519 0.623523 -0.356644
506.100000000 -4.142481 29.338509 -11.591086 0.640184 0.273116 0.622968 -0.357048
506.200000000 -4.202892 29.290211 -11.581771 0.640072 0.273169 0.623047 -0.357070
506.300000000 -4.349709 29.083586 -11.572847 0.639446 0.274323 0.622484 -0.358287
506.400000000 -4.418785 29.024975 -11.556863 0.639694 0.274058 0.622568 -0.357901
506.500000000 -4.504350 28.892031 -11.541637 0.639648 0.274229 0.622497 -0.357975
506.600000000 -4.603648 28.725338 -11.521418 0.639632 0.274351 0.622412 -0.358059
506.700000000 -4.627283 28.729879 -11.495300 0.640288 0.273345 0.622842 -0.356905
506.800000000 -4.636100 28.721959 -11.463362 0.640696 0.272582 0.623222 -0.356093
506.900000000 -4.702789 28.643651 -11.428594 0.640475 0.272523 0.623422 -0.356186
507.000000000 -4.778469 28.555012 -11.391487 0.640082 0.273244 0.623083 -0.356932
507.100000000 -4.911399 28.347855 -11.356057 0.639876 0.273311 0.623126 -0.357175
507.200000000 -5.054678 28.148460 -11.317524 0.639405 0.273857 0.622964 -0.357881
507.300000000 -5.110891 28.084664 -11.274179 0.639689 0.273806 0.622855 -0.357602
507.400000000 -5.203665 28.000374 -11.224162 0.639410 0.274367 0.622602 -0.358112
507.500000000 -5.240632 27.910372 -11.173200 0.639650 0.273557 0.623097 -0.357442
507.600000000 -5.253722 27.789870 -11.121688 0.640386 0.271632 0.624074 -0.355885
507.700000000 -5.367157 27.651638 -11.070255 0.640136 0.272533 0.623557 -0.356550
507.800000000 -5.417564 27.627636 -11.014330 0.640634 0.272630 0.623231 -0.356152
507.900000000 -5.538322 27.412636 -10.960165 0.640656 0.272905 0.622952 -0.356391
508.000000000 -5.609646 27.382210 -10.896625 0.640608 0.273205 0.622747 -0.356605
508.100000000 -5.682251 27.357581 -10.832124 0.640717 0.274168 0.621945 -0.357070
508.200000000 -5.719668 27.303358 -10.761060 0.640384 0.274012 0.622259 -0.357239
508.300000000 -5.729760 27.265216 -10.697429 0.641541 0.272918 0.622386 -0.355775
508.400000000 -5.830245 27.112202 -10.629073 0.640950 0.273661 0.622227 -0.356548
508.500000000 -5.964484 26.910307 -10.562450 0.640489 0.274468 0.621866 -0.357385
508.600000000 -5.960645 26.818838 -10.497235 0.642108 0.271887 0.622896 -0.354647
508.700000000 -6.021622 26.818373 -10.418970 0.641943 0.272863 0.622267 -0.355301
508.800000000 -6.102110 26.739105 -10.343364 0.641383 0.273821 0.621924 -0.356176
508.900000000 -6.175538 26.646469 -10.264801 0.641092 0.273695 0.622134 -0.356429
509.000000000 -6.260704 26.584822 -10.186746 0.640815 0.274505 0.621715 -0.357034
509.100000000 -6.270191 26.599352 -10.108531 0.641144 0.274382 0.621596 -0.356746
509.200000000 -6.336404 26.485445 -10.031655 0.641196 0.274286 0.621607 -0.356708
509.300000000 -6.362371 26.557907 -9.947484 0.640926 0.275316 0.620989 -0.357475
509.400000000 -6.386375 26.492755 -9.865249 0.641296 0.273933 0.621801 -0.356461
509.500000000 -6.403285 26.565928 -9.781331 0.641357 0.274315 0.621568 -0.356464
509.600000000 -6.445339 26.620564 -9.697161 0.641063 0.275492 0.620833 -0.357363
509.700000000 -6.501026 26.613065 -9.613163 0.640933 0.275451 0.620964 -0.357402
509.800000000 -6.529833 26.542871 -9.539241 0.641369 0.275906 0.620377 -0.357287
509.900000000 -6.620484 26.481010 -9.459944 0.641038 0.276844 0.619891 -0.357998
510.000000000 -6.738595 26.228484 -9.386331 0.641207 0.275690 0.620637 -0.357292
510.100000000 -6.642397 26.216447 -9.308412 0.643478 0.270962 0.622918 -0.352828
510.200000000 -6.804416 26.286544 -9.221780 0.641427 0.275350 0.620807 -0.356864
510.300000000 -6.844847 26.033118 -9.155912 0.642177 0.273513 0.621742 -0.355296
510.400000000 -6.935010 26.020138 -9.075631 0.641665 0.275009 0.620882 -0.356569
510.500000000 -6.919695 26.151774 -8.990790 0.641631 0.274742 0.621192 -0.356297
510.600000000 -6.902963 26.199647 -8.910027 0.641559 0.274202 0.621630 -0.356078
510.700000000 -6.735773 26.599806 -8.821306 0.640733 0.277243 0.619814 -0.358369
510.800000000 -5.956739 26.842205 -8.765502 0.651994 0.256670 0.628637 -0.337402
510.900000000 -5.164678 27.243740 -8.713360 0.660987 0.241854 0.633744 -0.320891
511.000000000 -4.461346 27.879700 -8.645392 0.692467 0.157456 0.663890 -0.234407
511.100000000 -4.283491 27.457920 -8.605313 0.694795 0.150347 0.665547 -0.227383
511.200000000 -4.230077 27.624023 -8.525929 0.694871 0.149150 0.666159 -0.226142
511.300000000 -3.954406 27.828365 -8.456077 0.695851 0.144093 0.667831 -0.221429
511.400000000 -3.735831 28.025689 -8.391907 0.697315 0.140319 0.668451 -0.217339
511.500000000 -3.510284 28.305867 -8.321630 0.697968 0.137296 0.669431 -0.214130
511.600000000 -3.251082 28.633016 -8.248252 0.698264 0.134408 0.670621 -0.211259
511.700000000 -2.949967 29.046439 -8.179281 0.698422 0.134709 0.670476 -0.211002
511.800000000 -2.622972 29.472359 -8.110637 0.697470 0.133283 0.672040 -0.210079
511.900000000 -2.237198 29.949187 -8.046636 0.695563 0.129142 0.675779 -0.206971
512.000000000 -1.787098 30.362928 -7.987011 0.693781 0.122244 0.680536 -0.201483
512.100000000 -1.463206 30.691496 -7.936042 0.692404 0.119781 0.682977 -0.199428
512.200000000 -1.521500 31.455711 -7.864731 0.705919 0.052074 0.694768 -0.127533
512.300000000 -1.618807 31.448864 -7.816623 0.705244 0.053907 0.694982 -0.129327
512.400000000 -1.649751 31.477745 -7.783949 0.706139 0.054117 0.694065 -0.129277
512.500000000 -2.035352 31.266365 -7.749521 0.706907 0.052649 0.693669 -0.127804
512.600000000 -2.056220 31.333723 -7.718990 0.707257 0.053331 0.693134 -0.128490
512.700000000 -2.077528 31.366239 -7.695914 0.707643 0.053742 0.692685 -0.128607
512.800000000 -2.084321 31.410164 -7.672587 0.707612 0.053965 0.692657 -0.128834
512.900000000 -2.081812 31.477253 -7.651207 0.707503 0.053981 0.692756 -0.128893
513.000000000 -2.094248 31.502700 -7.636853 0.707530 0.054252 0.692668 -0.129111
513.100000000 -2.212586 31.549354 -7.626814 0.707877 0.056179 0.691844 -0.130791
513.200000000 -2.292685 31.530514 -7.619306 0.708109 0.056987 0.691404 -0.131509
513.300000000 -2.241085 31.558615 -7.616458 0.708066 0.056094 0.691666 -0.130742
513.400000000 -2.215842 31.586376 -7.620918 0.708344 0.055815 0.691479 -0.130344
513.500000000 -2.221959 31.638850 -7.624262 0.708558 0.056179 0.691191 -0.130558
513.600000000 -2.263186 31.632396 -7.638974 0.709239 0.056769 0.690355 -0.131022
513.700000000 -2.179242 31.703025 -7.649938 0.709565 0.055484 0.690373 -0.129705
513.800000000 -2.176566 31.705530 -7.669311 0.710140 0.055346 0.689863 -0.129332
513.900000000 -2.419900 31.677720 -7.678400 0.709762 0.057697 0.689635 -0.131580
514.000000000 -3.011197 31.290141 -7.704627 0.710120 0.056780 0.689511 -0.130687
514.100000000 -2.988743 31.406935 -7.717240 0.709724 0.056351 0.689997 -0.130465
514.200000000 -3.042080 31.383281 -7.750029 0.710302 0.057159 0.689231 -0.131014
514.300000000 -3.026688 31.312053 -7.785816 0.710711 0.056920 0.688918 -0.130546
514.400000000 -3.128682 31.344606 -7.809980 0.710410 0.058308 0.688849 -0.131926
514.500000000 -3.108885 31.371786 -7.844779 0.710605 0.058265 0.688679 -0.131781
514.600000000 -3.089550 31.420155 -7.884777 0.711173 0.058016 0.688202 -0.131321
514.700000000 -3.097473 31.438947 -7.922743 0.711012 0.058152 0.688341 -0.131402
514.800000000 -2.992411 31.403910 -7.972075 0.711830 0.056033 0.688088 -0.129200
514.900000000 -3.063191 31.397813 -8.013296 0.711617 0.056923 0.688075 -0.130055
515.000000000 -3.159338 31.538903 -8.051198 0.711505 0.058804 0.687700 -0.131800
515.100000000 -3.074470 31.655267 -8.097009 0.711491 0.058496 0.687807 -0.131455
515.200000000 -2.974154 31.722874 -8.150493 0.711727 0.057681 0.687778 -0.130685
515.300000000 -3.251654 31.635257 -8.200718 0.711719 0.060484 0.687053 -0.133248
515.400000000 -3.438439 31.548949 -8.247527 0.710822 0.062884 0.687210 -0.136091
515.500000000 -3.379569 31.607341 -8.301471 0.710906 0.062305 0.687315 -0.135381
515.600000000 -3.207377 31.709762 -8.360677 0.714039 0.060258 0.684811 -0.132484
515.700000000 -3.113260 31.832824 -8.418492 0.717812 0.060810 0.680909 -0.131947
515.800000000 -3.156356 31.886297 -8.473665 0.720539 0.062159 0.677782 -0.132554
515.900000000 -3.211482 31.818826 -8.533670 0.722465 0.061391 0.676058 -0.131231
516.000000000 -3.389261 31.723060 -8.586220 0.722040 0.063127 0.675997 -0.133044
516.100000000 -3.626672 31.668923 -8.635438 0.721279 0.066434 0.675845 -0.136295
516.200000000 -3.625876 31.705444 -8.685398 0.720351 0.066356 0.676824 -0.136385
516.300000000 -3.482107 31.818989 -8.740681 0.720318 0.064743 0.677341 -0.134755
516.400000000 -3.681389 31.674497 -8.787147 0.719320 0.065747 0.678050 -0.136034
516.500000000 -3.734270 31.687304 -8.833117 0.719039 0.066144 0.678231 -0.136422
516.600000000 -3.882433 31.599330 -8.882741 0.718827 0.068230 0.677826 -0.138508
516.700000000 -3.952349 31.579458 -8.928447 0.718864 0.068588 0.677684 -0.138831
516.800000000 -3.844399 31.690976 -8.971017 0.718722 0.067740 0.678083 -0.138035
516.900000000 -3.724435 31.829676 -9.012241 0.718794 0.066476 0.678388 -0.136768
517.000000000 -3.549455 32.116401 -9.051421 0.718936 0.066434 0.678271 -0.136622
517.100000000 -3.553551 32.072725 -9.102132 0.719477 0.066878 0.677587 -0.136951
517.200000000 -3.711067 31.865109 -9.140464 0.718974 0.066035 0.678300 -0.136473
517.300000000 -3.656310 31.858557 -9.179138 0.718967 0.064987 0.678629 -0.135371
517.400000000 -3.469866 31.939887 -9.215228 0.719062 0.062419 0.679261 -0.132887
517.500000000 -3.216956 31.896209 -9.261857 0.719672 0.058374 0.679745 -0.128881
517.600000000 -2.962951 31.698132 -9.309018 0.720135 0.052906 0.680678 -0.123630
517.700000000 -2.480448 31.300663 -9.365064 0.722006 0.029329 0.683956 -0.100254
517.800000000 -2.344751 31.269556 -9.402087 0.724148 0.003542 0.685660 -0.073939
517.900000000 -2.535856 31.060826 -9.429469 0.723866 0.001787 0.686126 -0.072427
518.000000000 -2.332480 31.204035 -9.458888 0.723918 0.000426 0.686223 -0.070997
518.100000000 -1.938912 31.411326 -9.483017 0.723597 -0.001167 0.686736 -0.069275
518.200000000 -1.945195 31.496882 -9.501414 0.723290 0.000276 0.686917 -0.070688
518.300000000 -1.902007 31.441205 -9.531601 0.723758 -0.002098 0.686671 -0.068218
518.400000000 -1.696091 31.678349 -9.544800 0.723448 0.000429 0.686754 -0.070648
518.500000000 -1.596914 31.846660 -9.555055 0.722797 0.004093 0.687028 -0.074432
518.600000000 -1.856628 31.646969 -9.574477 0.722739 0.006438 0.686820 -0.076715
518.700000000 -1.845038 31.238868 -9.610108 0.723417 -0.008140 0.687561 -0.062140
518.800000000 -1.751273 31.257831 -9.621166 0.723083 -0.006768 0.687794 -0.063599
518.900000000 -1.732047 30.909632 -9.643623 0.722872 -0.015467 0.688621 -0.054934
519.000000000 -1.875529 30.766908 -9.638418 0.719957 -0.078307 0.689520 0.009531
519.100000000 -2.190438 30.652907 -9.642784 0.720031 -0.075775 0.689760 0.006666
519.200000000 -2.361060 30.372522 -9.658669 0.720372 -0.073245 0.689699 0.003734
519.300000000 -2.361196 30.240531 -9.648659 0.711034 -0.135551 0.686550 0.068608
519.400000000 -2.312928 30.259913 -9.656481 0.711287 -0.136575 0.685989 0.069545
519.500000000 -2.325992 30.296574 -9.657545 0.711381 -0.135905 0.686089 0.068915
519.600000000 -2.344641 30.346752 -9.656154 0.711382 -0.136189 0.685997 0.069257
519.700000000 -2.281375 30.332581 -9.660208 0.711390 -0.137300 0.685658 0.070322
519.800000000 -2.349469 30.405954 -9.651226 0.711496 -0.135796 0.685995 0.068874
519.900000000 -2.461680 30.428986 -9.645845 0.711538 -0.135729 0.685972 0.068804
520.000000000 -2.638017 30.457902 -9.635399 0.711630 -0.135252 0.686026 0.068256
520.100000000 -2.750503 30.472017 -9.627846 0.711619 -0.135744 0.685893 0.068725
520.200000000 -2.887755 30.486109 -9.616400 0.711444 -0.136385 0.685882 0.069374
520.300000000 -3.081268 30.423320 -9.604168 0.710858 -0.138799 0.685764 0.071717
520.400000000 -3.256091 30.455716 -9.589563 0.710868 -0.139294 0.685608 0.072158
520.500000000 -3.582502 30.485251 -9.572120 0.711692 -0.135196 0.686030 0.067676
520.600000000 -3.841386 30.474908 -9.556820 0.711494 -0.137404 0.685589 0.069750
520.700000000 -4.044254 30.478373 -9.536883 0.711112 -0.139082 0.685469 0.071473
520.800000000 -4.243167 30.462339 -9.517412 0.710464 -0.142543 0.685058 0.074950
520.900000000 -4.374052 30.493654 -9.497372 0.710562 -0.142820 0.684879 0.075132
521.000000000 -4.778535 30.596161 -9.468475 0.710721 -0.142655 0.684782 0.074822
521.100000000 -5.087973 30.587783 -9.443945 0.711031 -0.141232 0.684939 0.073118
521.200000000 -5.305225 30.719150 -9.413605 0.712674 -0.132023 0.686017 0.063607
521.300000000 -5.463429 30.596458 -9.393731 0.711799 -0.137306 0.685387 0.068805
521.400000000 -5.654122 30.659060 -9.362128 0.712735 -0.130945 0.686274 0.062371
521.500000000 -5.794122 30.624659 -9.336976 0.713693 -0.125563 0.686787 0.056574
521.600000000 -5.883968 30.624195 -9.307520 0.709953 -0.147355 0.684100 0.079126
521.700000000 -6.012469 30.348103 -9.294978 0.709457 -0.151413 0.683285 0.082866
521.800000000 -6.356514 30.281009 -9.258775 0.708432 -0.154317 0.683327 0.085874
521.900000000 -6.728711 30.428310 -9.222112 0.710341 -0.146134 0.684177 0.077216
522.000000000 -7.089893 30.412251 -9.189904 0.709892 -0.149445 0.683568 0.080339
522.100000000 -7.397435 30.424750 -9.154199 0.710634 -0.145920 0.683992 0.076565
522.200000000 -7.647673 30.313697 -9.123575 0.708769 -0.155740 0.682551 0.086694
522.300000000 -7.945841 30.212647 -9.089167 0.706756 -0.164654 0.681319 0.095856
522.400000000 -8.242699 30.413298 -9.040038 0.709325 -0.149804 0.684040 0.080662
522.500000000 -8.381085 30.354652 -9.009525 0.708687 -0.155275 0.682784 0.086363
522.600000000 -8.497638 30.451862 -8.973529 0.706103 -0.171201 0.679339 0.102989
522.700000000 -8.545439 30.221637 -8.952822 0.707100 -0.164482 0.681009 0.095823
522.800000000 -8.661997 30.106449 -8.922577 0.707315 -0.161816 0.681807 0.093054
522.900000000 -8.784331 30.068518 -8.893931 0.707122 -0.165219 0.680732 0.096362
523.000000000 -8.939490 30.092902 -8.857085 0.706042 -0.170583 0.679674 0.102228
523.100000000 -9.068229 30.062738 -8.822060 0.704182 -0.178745 0.678160 0.110803
523.200000000 -9.216294 30.009416 -8.791825 0.704713 -0.176794 0.678466 0.108661
523.300000000 -9.381285 29.944123 -8.762408 0.703632 -0.182574 0.677089 0.114544
523.400000000 -9.579802 29.930814 -8.725782 0.703778 -0.182837 0.676808 0.114881
523.500000000 -9.803113 29.935093 -8.686996 0.701823 -0.193544 0.673834 0.126224
523.600000000 -10.069860 29.977347 -8.647367 0.702718 -0.189128 0.674954 0.121881
523.700000000 -10.339269 29.933143 -8.606130 0.700852 -0.197010 0.673045 0.130400
523.800000000 -10.527587 29.946260 -8.574896 0.702547 -0.192674 0.673473 0.125456
523.900000000 -10.685541 29.952826 -8.531408 0.700976 -0.196461 0.673119 0.130178
524.000000000 -10.857441 29.934786 -8.495300 0.700377 -0.200272 0.671820 0.134246
524.100000000 -11.044157 29.920551 -8.460113 0.699396 -0.205301 0.670206 0.139718
524.200000000 -11.223748 29.911591 -8.427533 0.698792 -0.209384 0.668639 0.144120
524.300000000 -11.386688 29.911782 -8.397106 0.698326 -0.215245 0.666014 0.149784
524.400000000 -11.558423 29.921619 -8.361134 0.697194 -0.220239 0.664273 0.155423
524.500000000 -11.707390 29.922600 -8.327315 0.695889 -0.226274 0.662076 0.161847
524.600000000 -11.820758 29.966684 -8.290577 0.691477 -0.241231 0.657315 0.177775
524.700000000 -12.113559 30.053478 -8.255756 0.693152 -0.235523 0.659087 0.172261
524.800000000 -12.343128 29.925045 -8.225160 0.692061 -0.238778 0.658205 0.175506
524.900000000 -12.500286 29.951588 -8.192659 0.693099 -0.234213 0.659899 0.171148
525.000000000 -12.617645 29.956303 -8.162264 0.692551 -0.234062 0.660372 0.171747
525.100000000 -12.771937 30.028501 -8.128698 0.693768 -0.233493 0.659551 0.170761
525.200000000 -12.999113 30.152321 -8.094609 0.694365 -0.226617 0.662518 0.166048
525.300000000 -13.134122 30.191750 -8.069273 0.688681 -0.246171 0.654050 0.193227
525.400000000 -13.283236 30.378164 -8.039521 0.688446 -0.247251 0.651022 0.202681
525.500000000 -13.749339 30.639453 -8.002581 0.692843 -0.222664 0.660391 0.185131
525.600000000 -13.872724 30.564351 -7.971859 0.687977 -0.233755 0.657318 0.199948
525.700000000 -13.951017 30.399667 -7.945706 0.685643 -0.222114 0.665923 0.192628
525.800000000 -13.881158 30.162616 -7.930297 0.679586 -0.230777 0.665769 0.204099
525.900000000 -13.698375 30.004982 -7.904548 0.660368 -0.273520 0.652468 0.251767
526.000000000 -13.672804 29.890465 -7.883478 0.662913 -0.268851 0.654134 0.245712
526.100000000 -13.751063 29.976902 -7.870759 0.663138 -0.267246 0.655105 0.244266
526.200000000 -13.965942 30.043625 -7.857905 0.657839 -0.275761 0.653210 0.254009
526.300000000 -14.187245 30.181124 -7.838241 0.656250 -0.277684 0.653227 0.255973
526.400000000 -14.349080 30.359917 -7.829546 0.656682 -0.269688 0.658748 0.249174
526.500000000 -14.512195 30.324935 -7.815420 0.656218 -0.267467 0.660918 0.247035
526.600000000 -14.538919 30.273673 -7.796338 0.655645 -0.267003 0.662100 0.245890
526.700000000 -14.534518 30.163031 -7.787707 0.651074 -0.273378 0.661148 0.253477
526.800000000 -14.488059 30.086242 -7.779640 0.650154 -0.273640 0.661832 0.253770
526.900000000 -14.385537 29.935038 -7.768723 0.645036 -0.287857 0.655701 0.266690
527.000000000 -14.302984 29.780110 -7.748369 0.630492 -0.326439 0.635384 0.303653
527.100000000 -14.303557 29.600827 -7.726462 0.640538 -0.314563 0.639673 0.285622
527.200000000 -14.200877 29.409644 -7.725492 0.644821 -0.302474 0.646734 0.272857
527.300000000 -14.135704 29.145746 -7.747472 0.589475 -0.388387 0.601962 0.373251
527.400000000 -14.099774 28.945950 -7.747628 0.604782 -0.359421 0.622479 0.342893
527.500000000 -13.855788 28.664425 -7.728233 0.598656 -0.369551 0.616475 0.353556
527.600000000 -13.740550 28.431715 -7.720242 0.605130 -0.361953 0.620701 0.342839
527.700000000 -13.701499 28.300312 -7.727858 0.611086 -0.350017 0.629029 0.329218
527.800000000 -13.795985 28.135702 -7.750040 0.602325 -0.355120 0.628804 0.340147
527.900000000 -13.814936 27.973751 -7.779178 0.557000 -0.428925 0.578132 0.414172
528.000000000 -13.812000 27.986582 -7.786943 0.547375 -0.439052 0.570779 0.426410
528.100000000 -13.721266 27.802977 -7.833960 0.543342 -0.427161 0.585440 0.423762
528.200000000 -13.519635 27.744546 -7.826106 0.522713 -0.452973 0.561107 0.454692
528.300000000 -13.320013 28.026874 -7.771928 0.563142 -0.409231 0.595180 0.401449
528.400000000 -13.315205 29.298569 -7.750074 0.625202 -0.315939 0.650316 0.293928
528.500000000 -14.109663 30.891546 -7.633140 0.661580 -0.305933 0.635948 0.253548
528.600000000 -14.108946 31.395682 -7.657468 0.670932 -0.288143 0.642627 0.232064
528.700000000 -14.970023 31.724054 -7.641289 0.688115 -0.251287 0.654421 0.187311
528.800000000 -14.664402 31.844162 -7.685650 0.709999 -0.137063 0.686934 0.072363
528.900000000 -14.415784 31.799621 -7.711849 0.710023 -0.137505 0.686767 0.072874
529.000000000 -13.795160 31.745836 -7.717442 0.706487 -0.177891 0.675378 0.114435
529.100000000 -13.499081 31.658478 -7.746430 0.706541 -0.178861 0.674909 0.115349
529.200000000 -13.373000 31.626183 -7.772349 0.705214 -0.180089 0.675667 0.117112
529.300000000 -13.062791 31.508898 -7.763288 0.707971 -0.181430 0.672433 0.117021
529.400000000 -12.992360 31.484382 -7.762081 0.710275 -0.174163 0.673412 0.108136
529.500000000 -13.644081 31.356078 -7.774447 0.701046 -0.201861 0.669899 0.137920
529.600000000 -13.771966 31.292951 -7.789453 0.705520 -0.181277 0.675122 0.116577
529.700000000 -13.604545 31.214662 -7.815084 0.703749 -0.178476 0.678264 0.113319
529.800000000 -13.432946 31.143990 -7.824022 0.706290 -0.178271 0.675754 0.112832
529.900000000 -13.957208 31.068509 -7.800830 0.707475 -0.184748 0.671783 0.118555
530.000000000 -14.970954 30.989573 -7.779971 0.708342 -0.177519 0.673993 0.111677
530.100000000 -15.258221 30.898387 -7.790489 0.708878 -0.182518 0.671236 0.116706
530.200000000 -15.897060 30.843939 -7.826514 0.698290 -0.209024 0.669001 0.145389
530.300000000 -16.734948 30.913767 -7.809691 0.687629 -0.234550 0.665778 0.169977
530.400000000 -15.636832 30.849354 -7.838651 0.697020 -0.214142 0.668049 0.148378
530.500000000 -14.677165 30.901986 -7.858414 0.704996 -0.188123 0.672913 0.121567
530.600000000 -13.796664 30.790455 -7.922042 0.715344 -0.118472 0.686773 0.050890
530.700000000 -13.701156 30.598555 -7.948500 0.703156 -0.198219 0.670235 0.130638
530.800000000 -14.549027 30.425528 -7.908690 0.708747 -0.184553 0.671384 0.113409
530.900000000 -15.336103 30.494000 -7.883848 0.704716 -0.200415 0.668311 0.128728
531.000000000 -15.238393 30.399463 -7.920204 0.703515 -0.194779 0.671963 0.124872
531.100000000 -14.756284 30.380236 -7.958211 0.704855 -0.202886 0.666918 0.131292
531.200000000 -14.159887 30.333541 -7.944823 0.712174 -0.197918 0.661690 0.125710
531.300000000 -13.423700 30.160026 -8.044805 0.708086 -0.209243 0.660301 0.137239
531.400000000 -13.298322 30.125946 -8.060740 0.720737 -0.154456 0.671106 0.079359
531.500000000 -13.251973 30.051638 -8.074027 0.721858 -0.151820 0.671166 0.073531
531.600000000 -13.504709 29.849192 -8.097673 0.717011 -0.165465 0.671222 0.089318
531.700000000 -13.431526 29.674371 -8.152821 0.690849 -0.245736 0.657202 0.174435
531.800000000 -13.957034 29.705632 -8.151725 0.693475 -0.231119 0.663946 0.157644
531.900000000 -13.967833 29.764106 -8.170308 0.699649 -0.215766 0.666153 0.142048
532.000000000 -13.118454 29.739825 -8.162286 0.713530 -0.190810 0.664895 0.111271
532.100000000 -12.796149 29.786547 -8.200727 0.696561 -0.244281 0.654089 0.165222
532.200000000 -12.611081 29.710569 -8.197373 0.701769 -0.240510 0.651309 0.159599
532.300000000 -12.729811 29.577397 -8.253280 0.704223 -0.045306 0.707847 -0.031139
532.400000000 -12.812018 29.537913 -8.297965 0.701258 -0.051596 0.710608 -0.024717
532.500000000 -12.946769 29.399423 -8.301377 0.702501 -0.052364 0.709331 -0.024490
532.600000000 -12.905930 29.362870 -8.322358 0.702225 -0.054895 0.709492 -0.022064
532.700000000 -12.912325 29.293642 -8.349899 0.700300 -0.059852 0.711124 -0.017365
532.800000000 -12.869831 29.198122 -8.375240 0.700798 -0.052938 0.710939 -0.025427
532.900000000 -12.876595 29.127914 -8.389231 0.701609 -0.051583 0.710217 -0.025996
533.000000000 -12.932643 29.066400 -8.424352 0.699301 -0.054747 0.712372 -0.022532
533.100000000 -12.952044 28.982451 -8.435826 0.701140 -0.052847 0.710617 -0.025184
533.200000000 -12.994483 28.897773 -8.465331 0.698824 -0.040204 0.713162 -0.037802
533.300000000 -12.802380 28.904706 -8.418164 0.708651 -0.057039 0.702923 -0.021433
533.400000000 -12.631022 28.796570 -8.507332 0.705352 -0.051175 0.706450 -0.028080
533.500000000 -12.709521 28.762243 -8.555619 0.700049 -0.053842 0.711643 -0.024443
533.600000000 -12.667238 28.704462 -8.600814 0.701087 -0.056979 0.710489 -0.020876
533.700000000 -12.638954 28.618807 -8.583917 0.713116 -0.046797 0.698726 -0.032519
533.800000000 -12.700692 28.492755 -8.664248 0.704918 -0.073136 0.705489 -0.005162
533.900000000 -12.648251 28.536854 -8.682561 0.705245 -0.052078 0.706566 -0.026100
534.000000000 -12.292590 28.623750 -8.726766 0.701782 -0.060566 0.709600 -0.017388
534.100000000 -11.794129 28.545360 -8.647028 0.718401 -0.042241 0.693371 -0.036776
534.200000000 -11.629466 28.541956 -8.723125 0.708293 -0.036320 0.703721 -0.042183
534.300000000 -10.634133 28.631450 -8.792670 0.679995 -0.267254 0.656563 0.187369
534.400000000 -9.029518 27.891041 -8.781985 0.720718 -0.092824 0.686819 0.015134
534.500000000 -7.538015 28.140092 -8.833262 0.708890 -0.158695 0.682232 0.082766
534.600000000 -6.754853 28.111847 -8.833832 0.709496 -0.163230 0.679862 0.088084
534.700000000 -5.633510 28.534606 -8.855926 0.694060 -0.230466 0.663066 0.159718
534.800000000 -5.594106 29.095637 -8.818073 0.733370 0.048165 0.666462 -0.125205
534.900000000 -5.553673 29.840461 -8.855372 0.726871 0.069819 0.667846 -0.144102
535.000000000 -5.200089 30.136954 -8.849438 0.729426 0.067384 0.665871 -0.141466
535.100000000 -5.004424 30.195297 -8.847746 0.733050 0.064015 0.663138 -0.137065
535.200000000 -4.922478 30.217607 -8.848428 0.734825 0.061485 0.662011 -0.134137
535.300000000 -4.882354 30.235571 -8.858550 0.736116 0.055052 0.662537 -0.127072
535.400000000 -4.869618 30.215524 -8.852877 0.739070 0.053588 0.659852 -0.124495
535.500000000 -4.785513 30.231870 -8.856085 0.741185 0.051551 0.658156 -0.121727
535.600000000 -4.780282 30.154176 -8.872235 0.740535 0.049515 0.659426 -0.119641
535.700000000 -4.760257 30.126855 -8.888428 0.740035 0.050636 0.659717 -0.120654
535.800000000 -4.790649 30.044537 -8.890331 0.740075 0.050465 0.659765 -0.120218
535.900000000 -4.832760 29.998088 -8.885562 0.740290 0.051873 0.659253 -0.121099
536.000000000 -4.684416 30.172753 -8.911103 0.736940 0.072053 0.657048 -0.141477
536.100000000 -4.646367 30.082558 -8.915784 0.737599 0.068414 0.657509 -0.137658
536.200000000 -4.780755 29.967096 -8.915321 0.736019 0.075307 0.657198 -0.143860
536.300000000 -4.914797 29.903256 -8.919711 0.727358 0.114039 0.651712 -0.182255
536.400000000 -5.032995 29.591373 -8.933536 0.734306 0.068831 0.661118 -0.137765
536.500000000 -5.232764 29.523179 -8.918942 0.731337 0.091314 0.656883 -0.159099
536.600000000 -5.398489 29.491347 -8.924230 0.728277 0.091394 0.660134 -0.159632
536.700000000 -5.505857 29.360470 -8.937156 0.727346 0.090249 0.661551 -0.158662
536.800000000 -5.591220 29.294155 -8.939993 0.726723 0.088984 0.662743 -0.157249
536.900000000 -5.730833 29.170670 -8.934249 0.726903 0.090306 0.662188 -0.157999
537.000000000 -5.764193 29.249485 -8.933862 0.727832 0.080472 0.664681 -0.148273
537.100000000 -5.559063 29.350603 -8.939493 0.729545 0.068646 0.666593 -0.136768
537.200000000 -5.413156 29.378402 -8.935542 0.728488 0.070595 0.667140 -0.138726
537.300000000 -5.365212 29.372513 -8.941331 0.727793 0.072578 0.667285 -0.140644
537.400000000 -5.319887 29.427415 -8.944696 0.727003 0.074395 0.667520 -0.142654
537.500000000 -5.443138 29.385651 -8.939911 0.725220 0.076948 0.668634 -0.145135
537.600000000 -5.496261 29.404468 -8.933099 0.723643 0.086397 0.667112 -0.154393
537.700000000 -5.637927 29.220081 -8.931433 0.721567 0.092435 0.667182 -0.160200
537.800000000 -5.874675 29.098613 -8.919952 0.718441 0.099530 0.667723 -0.167577
537.900000000 -6.141736 29.031679 -8.905773 0.715912 0.107192 0.667322 -0.175104
538.000000000 -6.263720 28.925913 -8.895926 0.712506 0.114900 0.667482 -0.183304
538.100000000 -6.435500 28.786587 -8.895599 0.710388 0.120252 0.667274 -0.188769
538.200000000 -6.519674 28.662853 -8.890159 0.709009 0.126922 0.665625 -0.195295
538.300000000 -6.579257 28.556277 -8.883201 0.706560 0.131103 0.665941 -0.200270
538.400000000 -6.487734 28.410775 -8.888437 0.705754 0.128820 0.667574 -0.199151
538.500000000 -6.122922 27.985215 -8.917038 0.710762 0.104695 0.672942 -0.176084
538.600000000 -5.801431 27.610017 -8.945144 0.716664 0.071369 0.679064 -0.142026
538.700000000 -5.157748 27.942058 -8.950874 0.725661 -0.052323 0.685854 -0.016808
538.800000000 -4.664567 27.662193 -8.973090 0.725488 -0.029844 0.686453 -0.039468
538.900000000 -4.483397 27.706411 -8.969670 0.725212 -0.031126 0.686778 -0.037882
539.000000000 -4.408821 27.781738 -8.961076 0.724450 -0.030278 0.687584 -0.038529
539.100000000 -4.299418 27.775163 -8.963264 0.725113 -0.034411 0.686924 -0.034081
539.200000000 -4.200271 27.772642 -8.959615 0.724484 -0.030039 0.687564 -0.038429
539.300000000 -4.194551 27.781317 -8.948460 0.723096 -0.023403 0.688879 -0.045048
539.400000000 -4.169625 27.784003 -8.942219 0.722891 -0.020467 0.689005 -0.047775
539.500000000 -4.092703 27.871436 -8.935703 0.722952 -0.019121 0.688909 -0.048778
539.600000000 -3.999589 27.919322 -8.933435 0.723472 -0.025153 0.688588 -0.042452
539.700000000 -3.927162 27.904775 -8.925596 0.722953 -0.022316 0.689057 -0.045183
539.800000000 -3.904119 27.976357 -8.922083 0.723391 -0.025169 0.688687 -0.042207
539.900000000 -3.780161 28.002853 -8.919696 0.723695 -0.027001 0.688421 -0.040169
540.000000000 -3.707426 28.046609 -8.911991 0.723578 -0.026277 0.688546 -0.040608
540.100000000 -3.655266 28.044010 -8.905816 0.723238 -0.024791 0.688875 -0.041990
540.200000000 -3.621426 28.027215 -8.898879 0.722903 -0.020000 0.689085 -0.046629
540.300000000 -3.564465 28.168351 -8.893080 0.723759 -0.023753 0.688344 -0.042318
540.400000000 -3.447269 28.192038 -8.886141 0.723494 -0.025115 0.688671 -0.040722
540.500000000 -3.430209 28.165659 -8.877610 0.722784 -0.017193 0.689146 -0.048628
540.600000000 -3.290170 28.538379 -8.862897 0.723568 -0.042860 0.688575 -0.021833
540.700000000 -3.048341 28.354906 -8.867330 0.723031 -0.022596 0.689129 -0.042631
540.800000000 -3.151655 28.448070 -8.858576 0.723587 -0.033643 0.688722 -0.030835
540.900000000 -3.038156 28.405479 -8.856228 0.723579 -0.025539 0.688673 -0.038871
541.000000000 -2.997098 28.467155 -8.845598 0.723504 -0.028960 0.688819 -0.035099
541.100000000 -2.900675 28.601075 -8.833226 0.723335 -0.024423 0.688926 -0.039634
541.200000000 -2.843444 28.627846 -8.825185 0.723270 -0.025827 0.689033 -0.038047
541.300000000 -2.830145 28.446075 -8.823885 0.722946 -0.020038 0.689222 -0.043825
541.400000000 -2.812159 28.784867 -8.809470 0.723907 -0.033929 0.688450 -0.029041
541.500000000 -2.727656 28.498752 -8.811761 0.723161 -0.022709 0.689116 -0.040517
541.600000000 -2.775426 28.412985 -8.808285 0.723211 -0.024652 0.689117 -0.038407
541.700000000 -2.757566 28.435789 -8.797303 0.722882 -0.019710 0.689332 -0.043289
541.800000000 -2.608115 28.483824 -8.795133 0.723271 -0.020723 0.688976 -0.041983
541.900000000 -2.564140 28.538837 -8.784250 0.722975 -0.017998 0.689199 -0.044584
542.000000000 -2.500052 28.698839 -8.774160 0.723358 -0.022533 0.688971 -0.039558
542.100000000 -2.496819 28.530976 -8.773436 0.723180 -0.014110 0.688827 -0.048256
542.200000000 -2.487565 29.059223 -8.748373 0.723549 -0.064759 0.687217 0.003903
542.300000000 -2.869221 28.924074 -8.736047 0.722515 0.004860 0.688056 -0.067288
542.400000000 -3.172770 28.894107 -8.723032 0.723001 0.002107 0.687860 -0.064132
542.500000000 -3.330794 28.785647 -8.717745 0.722912 0.005275 0.687646 -0.067184
542.600000000 -3.339384 28.757342 -8.713711 0.723116 0.003226 0.687641 -0.065137
542.700000000 -3.316966 28.778841 -8.704587 0.722854 0.003231 0.687924 -0.065052
542.800000000 -3.244478 28.767108 -8.697355 0.722519 0.003135 0.688286 -0.064956
542.900000000 -3.237879 28.722759 -8.690357 0.722371 0.002460 0.688496 -0.064408
543.000000000 -3.226019 28.846814 -8.682679 0.722505 0.005283 0.688092 -0.067000
543.100000000 -3.173033 28.775685 -8.680632 0.722391 0.002899 0.688455 -0.064597
543.200000000 -3.109298 28.759694 -8.676191 0.722226 0.002026 0.688714 -0.063708
543.300000000 -3.016116 28.812606 -8.666267 0.722065 0.004263 0.688652 -0.066043
543.400000000 -2.680507 28.869652 -8.672059 0.722230 0.000730 0.688829 -0.062433
543.500000000 -2.028259 28.986185 -8.676273 0.721904 -0.003507 0.689534 -0.058182
543.600000000 -1.379146 29.443739 -8.665271 0.720328 0.014443 0.689252 -0.076486
543.700000000 -1.311290 29.385416 -8.665208 0.721126 0.003725 0.689688 -0.065524
543.800000000 -1.155415 29.358460 -8.663205 0.720282 0.010975 0.689717 -0.073235
543.900000000 -1.422103 29.232014 -8.658169 0.720999 0.005138 0.689647 -0.067246
544.000000000 -1.566403 29.153923 -8.651786 0.720563 0.004675 0.690136 -0.066932
544.100000000 -1.556661 29.108857 -8.647373 0.720431 0.004196 0.690307 -0.066622
544.200000000 -1.177496 29.150390 -8.654878 0.721131 -0.003383 0.690280 -0.058917
544.300000000 -0.795270 29.410301 -8.647517 0.719383 0.015038 0.690070 -0.077874
544.400000000 -0.876363 29.181337 -8.655742 0.720918 -0.000634 0.690243 -0.061977
544.500000000 -0.595670 29.435199 -8.647140 0.720002 0.008780 0.690209 -0.071630
544.600000000 -0.589553 29.292796 -8.650596 0.720002 0.006651 0.690425 -0.069761
544.700000000 -0.475120 29.358458 -8.646508 0.719985 0.005858 0.690524 -0.069015
544.800000000 -0.064555 29.497344 -8.653882 0.719965 0.009646 0.690100 -0.072933
544.900000000 -0.035004 29.461558 -8.653798 0.720129 0.008183 0.690095 -0.071532
545.000000000 -0.082542 29.394459 -8.653076 0.720114 0.008323 0.690075 -0.071856
545.100000000 0.125467 29.361038 -8.664229 0.720740 0.002940 0.690006 -0.066461
545.200000000 0.263019 29.339556 -8.670422 0.720801 0.004522 0.689754 -0.068296
545.300000000 0.343649 29.319334 -8.674277 0.720923 0.003906 0.689671 -0.067891
545.400000000 0.423445 29.281862 -8.674799 0.720896 0.001550 0.689929 -0.065599
545.500000000 0.472728 29.273602 -8.681648 0.721305 0.000757 0.689571 -0.064879
545.600000000 0.594875 29.251569 -8.687313 0.721565 -0.000487 0.689407 -0.063735
545.700000000 0.662340 29.228897 -8.695691 0.722017 -0.001119 0.688980 -0.063220
545.800000000 0.923324 29.291218 -8.702183 0.721972 -0.001845 0.689081 -0.062617
545.900000000 1.067887 29.245129 -8.710596 0.722180 -0.004141 0.689035 -0.060588
546.000000000 1.153239 29.307367 -8.710528 0.721899 -0.001266 0.689061 -0.063671
546.100000000 1.311659 29.297210 -8.720658 0.722397 -0.003708 0.688749 -0.061260
546.200000000 1.469625 29.295670 -8.731655 0.722760 -0.004224 0.688397 -0.060906
546.300000000 1.506100 29.235045 -8.735735 0.722576 -0.004094 0.688544 -0.061430
546.400000000 1.526650 29.183501 -8.741319 0.722664 -0.005096 0.688523 -0.060559
546.500000000 1.608874 29.148058 -8.750310 0.722892 -0.006538 0.688386 -0.059228
546.600000000 1.639366 29.091099 -8.757400 0.722987 -0.007138 0.688313 -0.058854
546.700000000 1.834836 29.199674 -8.764260 0.723331 -0.007960 0.688006 -0.058106
546.800000000 1.906751 29.207160 -8.773342 0.723721 -0.008196 0.687593 -0.058110
546.900000000 2.005513 29.183663 -8.777700 0.723372 -0.007574 0.687896 -0.058937
547.000000000 2.131872 29.145254 -8.787939 0.723562 -0.009285 0.687808 -0.057378
547.100000000 2.411998 29.189907 -8.799041 0.723290 -0.010266 0.688141 -0.056639
547.200000000 2.664750 29.257788 -8.800806 0.722596 -0.010109 0.688828 -0.057185
547.300000000 2.870632 29.283822 -8.811792 0.722687 -0.008934 0.688633 -0.058543
547.400000000 3.086713 29.377714 -8.816435 0.722630 -0.012716 0.688937 -0.054858
547.500000000 3.320243 29.557704 -8.819544 0.722529 -0.010542 0.688883 -0.057281
547.600000000 3.381828 29.606632 -8.821126 0.722227 -0.007624 0.688977 -0.060344
547.700000000 3.400415 29.610493 -8.830427 0.722616 -0.004814 0.688335 -0.063234
547.800000000 3.279160 29.574153 -8.831371 0.722008 0.001838 0.688263 -0.070670
547.900000000 3.334830 29.653311 -8.837474 0.722192 0.003798 0.687848 -0.072729
548.000000000 3.403362 29.616547 -8.840425 0.721424 0.008174 0.688083 -0.077600
548.100000000 3.463658 29.677878 -8.845142 0.721063 0.011748 0.687959 -0.081500
548.200000000 3.534717 29.777707 -8.845074 0.720573 0.015763 0.687876 -0.085752
548.300000000 3.609699 29.811191 -8.845565 0.710750 0.080335 0.681818 -0.153313
548.400000000 3.918455 30.126505 -8.841823 0.710996 0.078042 0.682358 -0.150936
548.500000000 4.474268 30.513350 -8.845987 0.713158 0.069131 0.683150 -0.141183
548.600000000 4.794445 30.525491 -8.859520 0.715074 0.055300 0.685077 -0.127592
548.700000000 4.891026 30.450944 -8.870208 0.716776 0.043744 0.686217 -0.115867
548.800000000 4.917299 30.563495 -8.866200 0.713501 0.061520 0.684847 -0.134595
548.900000000 4.929593 30.492623 -8.879012 0.714685 0.054261 0.685575 -0.127550
549.000000000 4.906245 30.399256 -8.883971 0.709522 0.079790 0.682830 -0.154773
549.100000000 4.838774 30.425853 -8.882646 0.706368 0.094334 0.680601 -0.170084
549.200000000 4.880862 30.302423 -8.895506 0.704091 0.102954 0.679248 -0.179663
549.300000000 4.872810 30.201890 -8.902576 0.699200 0.122248 0.675379 -0.200094
549.400000000 4.995802 30.174096 -8.908346 0.700628 0.114503 0.677449 -0.192545
549.500000000 5.047280 30.345618 -8.901816 0.696649 0.129968 0.674003 -0.208586
549.600000000 5.011679 30.195554 -8.909110 0.689414 0.154280 0.667874 -0.234201
549.700000000 5.210581 30.117940 -8.923045 0.674484 0.198095 0.653800 -0.279957
549.800000000 5.477426 30.251490 -8.932182 0.676340 0.192769 0.655704 -0.274695
549.900000000 5.795844 30.446372 -8.936773 0.678334 0.186925 0.657677 -0.269041
550.000000000 5.947090 30.607114 -8.942376 0.679765 0.184023 0.658307 -0.265870
550.100000000 5.906787 30.746204 -8.929266 0.676728 0.191751 0.655921 -0.273932
550.200000000 5.797499 30.888630 -8.917599 0.672455 0.203468 0.651713 -0.285790
550.300000000 5.795919 30.804545 -8.924479 0.659471 0.235015 0.639014 -0.318632
550.400000000 5.864421 30.902999 -8.926302 0.661519 0.230239 0.640944 -0.313965
550.500000000 5.871127 30.935435 -8.928219 0.660943 0.231811 0.640139 -0.315660
550.600000000 5.857949 30.838941 -8.936076 0.649463 0.256911 0.628762 -0.341838
550.700000000 5.781754 30.793796 -8.934009 0.639795 0.275634 0.619659 -0.361538
550.800000000 5.845779 31.012039 -8.928363 0.639346 0.276367 0.619346 -0.362309
550.900000000 5.863995 30.958270 -8.930757 0.634222 0.285024 0.614913 -0.372028
551.000000000 5.808621 30.919146 -8.929743 0.632097 0.288661 0.612976 -0.376017
551.100000000 5.811431 30.678447 -8.940647 0.613178 0.321189 0.593989 -0.409911
551.200000000 5.828065 30.443643 -8.960157 0.601036 0.340152 0.581744 -0.429681
551.300000000 5.929447 30.522652 -8.963052 0.602539 0.337169 0.583739 -0.427216
551.400000000 5.995487 30.592360 -8.965385 0.603270 0.336090 0.584309 -0.426253
551.500000000 5.944039 30.606172 -8.962912 0.599599 0.342541 0.579888 -0.432292
551.600000000 6.376879 30.304517 -9.011128 0.568511 0.385809 0.548712 -0.476300
551.700000000 6.420729 30.407217 -9.006005 0.568085 0.385423 0.548966 -0.476828
551.800000000 6.482339 30.553983 -9.005762 0.568061 0.385375 0.548936 -0.476930
551.900000000 6.526317 30.772549 -9.002281 0.568452 0.385693 0.548584 -0.476612
552.000000000 6.611216 31.092913 -8.996566 0.569854 0.384394 0.549479 -0.474953
552.100000000 6.674997 31.369959 -8.990261 0.570493 0.383743 0.549952 -0.474163
552.200000000 6.723079 31.589785 -8.991699 0.571058 0.384059 0.549609 -0.473626
552.300000000 6.781551 31.748953 -8.993758 0.571807 0.383722 0.549726 -0.472859
552.400000000 6.853284 32.004759 -8.996087 0.572728 0.383372 0.549921 -0.471801
552.500000000 6.889412 32.118978 -8.997720 0.572810 0.383614 0.549698 -0.471763
552.600000000 6.953401 32.305805 -8.997812 0.573588 0.383155 0.550011 -0.470826
552.700000000 7.008657 32.449933 -8.999170 0.574159 0.382624 0.550396 -0.470111
552.800000000 7.077357 32.657723 -8.998739 0.574968 0.381802 0.551020 -0.469059
552.900000000 7.120410 32.824783 -8.996559 0.575004 0.382073 0.550804 -0.469048
553.000000000 7.155697 33.004197 -8.996615 0.575308 0.382737 0.550291 -0.468736
553.100000000 7.209432 33.206471 -8.995524 0.575230 0.382998 0.550056 -0.468893
553.200000000 7.239140 33.258951 -8.996599 0.574348 0.383984 0.549385 -0.469954
553.300000000 7.319477 33.339835 -8.998708 0.574692 0.383258 0.549979 -0.469431
553.400000000 7.365864 33.479031 -9.002220 0.575114 0.383528 0.549688 -0.469035
553.500000000 7.386690 33.707708 -8.992531 0.574877 0.383424 0.549948 -0.469106
553.600000000 7.449095 33.942978 -8.991356 0.575175 0.383363 0.550049 -0.468672
553.700000000 7.534512 34.078152 -8.997018 0.575885 0.382840 0.550433 -0.467775
553.800000000 7.543703 34.110721 -9.001314 0.575543 0.383377 0.550081 -0.468171
553.900000000 7.575027 34.333573 -8.999740 0.574909 0.384400 0.549401 -0.468908
554.000000000 7.697571 34.529618 -9.003336 0.577744 0.380434 0.552408 -0.465110
554.100000000 7.730984 34.782331 -9.002786 0.577587 0.380826 0.552267 -0.465151
554.200000000 7.723692 34.973751 -9.004030 0.576870 0.382066 0.551421 -0.466029
554.300000000 7.805568 35.103703 -9.014876 0.577134 0.381727 0.551687 -0.465663
554.400000000 7.833316 35.367428 -9.014565 0.576454 0.382266 0.551593 -0.466174
554.500000000 7.818416 35.574992 -9.014724 0.575897 0.382291 0.551901 -0.466477
554.600000000 7.922483 35.781686 -9.024336 0.576073 0.381367 0.552809 -0.465941
554.700000000 8.024659 35.607275 -9.063825 0.577005 0.380726 0.553048 -0.465028
554.800000000 8.076875 35.782621 -9.076413 0.576915 0.380131 0.553698 -0.464854
554.900000000 8.121440 35.771462 -9.099507 0.576536 0.379811 0.553989 -0.465238
555.000000000 8.163228 35.864307 -9.121828 0.575987 0.380213 0.553816 -0.465795
555.100000000 8.193658 35.913305 -9.148431 0.575170 0.380802 0.553588 -0.466593
555.200000000 8.222268 35.981022 -9.176711 0.574529 0.381417 0.553234 -0.467301
555.300000000 8.253180 36.185897 -9.200979 0.574583 0.381333 0.553503 -0.466983
555.400000000 8.278349 36.345921 -9.226659 0.574262 0.381126 0.553913 -0.467062
555.500000000 8.299205 36.403450 -9.263268 0.573742 0.381894 0.553406 -0.467675
555.600000000 8.340025 36.541487 -9.297656 0.573389 0.381978 0.553536 -0.467885
555.700000000 8.340636 36.518138 -9.341241 0.572201 0.383030 0.552802 -0.469344
555.800000000 8.348092 36.698074 -9.376554 0.571763 0.383007 0.552963 -0.469706
555.900000000 8.362204 36.719975 -9.425640 0.569581 0.385765 0.550946 -0.472463
556.000000000 8.399529 36.933629 -9.465306 0.571372 0.382688 0.553451 -0.469868
556.100000000 8.416465 37.011740 -9.516315 0.571225 0.383760 0.552693 -0.470065
556.200000000 8.433587 37.164294 -9.563087 0.571106 0.383233 0.553236 -0.470000
556.300000000 8.455236 37.192083 -9.614000 0.569646 0.384017 0.552879 -0.471550
556.400000000 8.463706 37.296260 -9.673666 0.570015 0.384593 0.552462 -0.471123
556.500000000 8.468965 37.571931 -9.719596 0.570390 0.384057 0.553099 -0.470358
556.600000000 8.501289 37.890601 -9.764281 0.571475 0.382220 0.554810 -0.468519
556.700000000 8.519039 37.988608 -9.822802 0.571213 0.382032 0.555009 -0.468756
556.800000000 8.539257 38.081271 -9.883697 0.570960 0.382392 0.554905 -0.468894
556.900000000 8.559150 38.141473 -9.948922 0.570767 0.382674 0.554697 -0.469144
557.000000000 8.588029 38.470861 -9.993865 0.571580 0.380573 0.556608 -0.467599
557.100000000 8.605407 38.313684 -10.078668 0.569238 0.384222 0.553620 -0.471006
557.200000000 8.612745 38.646494 -10.128695 0.570299 0.382579 0.555125 -0.469285
557.300000000 8.638941 38.839872 -10.185827 0.570571 0.381905 0.555788 -0.468719
557.400000000 8.659406 38.872425 -10.257446 0.569592 0.382849 0.555066 -0.469994
557.500000000 8.682439 39.011791 -10.324322 0.569615 0.382927 0.555082 -0.469882
557.600000000 8.690830 39.159467 -10.386819 0.569178 0.383527 0.554798 -0.470259
557.700000000 8.721858 39.277202 -10.452395 0.569436 0.383094 0.555120 -0.469919
557.800000000 8.742201 39.414959 -10.511036 0.568516 0.383315 0.555191 -0.470768
557.900000000 8.767773 39.578564 -10.574371 0.569024 0.382257 0.556062 -0.469986
558.000000000 8.788930 39.680388 -10.645418 0.568735 0.383207 0.555273 -0.470494
558.100000000 8.805841 39.799752 -10.713243 0.568453 0.383856 0.554813 -0.470849
558.200000000 8.830574 40.005772 -10.776506 0.569580 0.382805 0.555624 -0.469384
558.300000000 8.852035 40.145114 -10.836783 0.569515 0.382448 0.555959 -0.469357
558.400000000 8.881563 40.256527 -10.904266 0.569541 0.382436 0.555987 -0.469302
558.500000000 8.904070 40.404910 -10.962252 0.569188 0.382273 0.556175 -0.469639
558.600000000 8.917475 40.528371 -11.025005 0.568555 0.383046 0.555666 -0.470378
558.700000000 8.927700 40.681281 -11.087680 0.568274 0.383861 0.555128 -0.470688
558.800000000 8.948703 40.798224 -11.150116 0.567971 0.384203 0.554842 -0.471113
558.900000000 8.987207 40.940421 -11.210232 0.568528 0.383110 0.555721 -0.470294
559.000000000 8.994851 41.104941 -11.263680 0.567765 0.383650 0.555482 -0.471058
559.100000000 9.031699 41.239631 -11.324431 0.568442 0.382900 0.555981 -0.470262
559.200000000 9.055947 41.367302 -11.386211 0.569014 0.382662 0.556142 -0.469573
559.300000000 9.076701 41.469208 -11.449212 0.568765 0.383561 0.555370 -0.470055
559.400000000 9.087177 41.599432 -11.500659 0.567839 0.384411 0.554837 -0.471107
559.500000000 9.099043 41.704755 -11.557735 0.567684 0.385327 0.554108 -0.471405
559.600000000 9.117209 41.846081 -11.610073 0.567523 0.385688 0.553847 -0.471610
559.700000000 9.182660 42.030601 -11.666957 0.569647 0.383626 0.555317 -0.468996
559.800000000 9.207163 42.110394 -11.712476 0.568746 0.383952 0.555203 -0.469956
559.900000000 9.234332 42.214459 -11.755366 0.568367 0.383685 0.555419 -0.470376
560.000000000 9.232749 42.344344 -11.805096 0.567200 0.385850 0.553797 -0.471925
560.100000000 9.263967 42.499624 -11.848444 0.567647 0.385583 0.553968 -0.471404
560.200000000 9.301443 42.619559 -11.886686 0.567569 0.385038 0.554512 -0.471304
560.300000000 9.327479 42.808894 -11.926234 0.567676 0.385131 0.554415 -0.471214
560.400000000 9.346870 42.882752 -11.966998 0.567052 0.385967 0.553733 -0.472083
560.500000000 9.371937 43.008621 -12.007603 0.566878 0.386734 0.553169 -0.472324
560.600000000 9.408640 43.138818 -12.047187 0.567548 0.386089 0.553598 -0.471543
560.700000000 9.444084 43.338728 -12.076401 0.567746 0.385927 0.553792 -0.471211
560.800000000 9.476656 43.452817 -12.115561 0.568221 0.385893 0.553686 -0.470790
560.900000000 9.514144 43.568185 -12.144363 0.568217 0.385555 0.553998 -0.470705
561.000000000 9.532439 43.688747 -12.176354 0.567854 0.386497 0.553220 -0.471285
561.100000000 9.565103 43.840442 -12.204317 0.568225 0.386521 0.553179 -0.470867
561.200000000 9.593642 44.116198 -12.221894 0.568794 0.385935 0.553672 -0.470080
561.300000000 9.640925 44.071217 -12.256638 0.569048 0.386028 0.553398 -0.470019
561.400000000 9.658183 44.237550 -12.274721 0.568819 0.386239 0.553191 -0.470366
561.500000000 9.697244 44.438279 -12.296647 0.569100 0.386546 0.552941 -0.470068
561.600000000 9.733735 44.662257 -12.309750 0.569885 0.385689 0.553510 -0.469151
561.700000000 9.768305 44.747827 -12.322127 0.569402 0.386018 0.553327 -0.469682
561.800000000 9.792003 44.920555 -12.337769 0.569670 0.386023 0.553298 -0.469386
561.900000000 9.831006 45.017480 -12.356916 0.570060 0.386412 0.552840 -0.469133
562.000000000 9.862387 45.114407 -12.373416 0.570309 0.386847 0.552396 -0.468994
562.100000000 9.900812 44.947270 -12.397493 0.568647 0.389004 0.550557 -0.471385
562.200000000 9.916946 45.214488 -12.396454 0.569383 0.388343 0.551135 -0.470365
562.300000000 9.932506 45.428823 -12.392591 0.569482 0.387854 0.551646 -0.470050
562.400000000 9.934942 45.446828 -12.403693 0.569112 0.389206 0.550467 -0.470762
562.500000000 9.880450 45.475351 -12.401532 0.569005 0.389451 0.550313 -0.470868
562.600000000 9.928425 45.640706 -12.397040 0.569468 0.388610 0.550987 -0.470214
562.700000000 9.999538 45.753221 -12.401772 0.569714 0.389226 0.550325 -0.470182
562.800000000 10.074915 45.965000 -12.397769 0.569969 0.389134 0.550259 -0.470027
562.900000000 10.103921 46.022885 -12.394855 0.570110 0.389065 0.550254 -0.469920
563.000000000 10.124548 46.128647 -12.390039 0.570303 0.389447 0.549948 -0.469726
563.100000000 10.182667 46.236778 -12.386190 0.570034 0.390503 0.548991 -0.470295
563.200000000 10.225186 46.346618 -12.378544 0.570493 0.390652 0.548746 -0.469900
563.300000000 10.217357 46.493918 -12.361216 0.570721 0.390315 0.549004 -0.469602
563.400000000 10.322335 46.591004 -12.353157 0.570809 0.390469 0.548769 -0.469642
563.500000000 10.326969 46.722414 -12.334853 0.570256 0.391223 0.548171 -0.470384
563.600000000 10.401790 46.774980 -12.324884 0.570525 0.391189 0.548019 -0.470264
563.700000000 10.417330 46.845562 -12.310065 0.570369 0.391885 0.547423 -0.470567
563.800000000 10.452111 46.875755 -12.294195 0.569717 0.392634 0.546732 -0.471535
563.900000000 10.464499 46.983982 -12.276496 0.570540 0.392477 0.546740 -0.470660
564.000000000 10.545822 47.120095 -12.247440 0.569978 0.392896 0.546411 -0.471374
564.100000000 10.593897 47.225437 -12.240902 0.570101 0.393708 0.545687 -0.471386
564.200000000 10.663458 47.374118 -12.214032 0.570860 0.393272 0.545972 -0.470501
564.300000000 10.702370 47.500177 -12.188308 0.571345 0.393033 0.545977 -0.470106
564.400000000 10.796232 47.629536 -12.163222 0.571682 0.392356 0.546530 -0.469619
564.500000000 10.820431 47.744841 -12.131581 0.571968 0.392302 0.546493 -0.469358
564.600000000 11.127146 47.465962 -12.147892 0.577634 0.385525 0.551025 -0.462690
564.700000000 11.189629 47.499016 -12.120031 0.578046 0.384903 0.551415 -0.462227
564.800000000 11.150927 47.617207 -12.079413 0.578503 0.384700 0.551532 -0.461685
564.900000000 11.273937 47.849047 -12.044591 0.579646 0.383880 0.552060 -0.460300
565.000000000 11.530210 48.063750 -12.011610 0.579614 0.384377 0.551418 -0.460695
565.100000000 11.509031 48.088129 -11.975264 0.579339 0.385239 0.550702 -0.461178
565.200000000 11.467475 48.175715 -11.913965 0.578813 0.384582 0.551371 -0.461587
565.300000000 11.510585 48.287723 -11.865768 0.578576 0.384992 0.551044 -0.461932
565.400000000 11.577334 48.448020 -11.811289 0.578300 0.385568 0.550582 -0.462348
565.500000000 11.635891 48.605067 -11.746143 0.578045 0.384734 0.551238 -0.462581
565.600000000 11.673465 48.746280 -11.686857 0.578268 0.384752 0.551173 -0.462365
565.700000000 11.744459 48.865433 -11.629715 0.578896 0.384280 0.551618 -0.461438
565.800000000 11.813044 48.994357 -11.567599 0.579184 0.383812 0.551999 -0.461011
565.900000000 11.894925 49.128226 -11.506479 0.579143 0.384392 0.551530 -0.461140
566.000000000 11.936698 49.259912 -11.436362 0.578802 0.385460 0.550615 -0.461770
566.100000000 11.958727 49.391866 -11.355498 0.578824 0.384743 0.551394 -0.461411
566.200000000 11.999202 49.521791 -11.281540 0.579049 0.384831 0.551213 -0.461272
566.300000000 12.053415 49.658972 -11.202543 0.579099 0.384291 0.551668 -0.461115
566.400000000 12.130972 49.801339 -11.117025 0.579057 0.383049 0.552809 -0.460835
566.500000000 12.192987 49.923964 -11.052289 0.578993 0.385099 0.551054 -0.461309
566.600000000 12.261909 50.068772 -10.960094 0.578409 0.384210 0.551943 -0.461719
566.700000000 12.300942 50.194944 -10.881036 0.578914 0.383968 0.552101 -0.461097
566.800000000 12.360972 50.336706 -10.791828 0.578720 0.383557 0.552619 -0.461064
566.900000000 12.397327 50.463437 -10.708491 0.578520 0.383956 0.552357 -0.461296
567.000000000 12.458721 50.589733 -10.629498 0.579256 0.383736 0.552287 -0.460640
567.100000000 12.493601 50.723483 -10.539552 0.577881 0.384745 0.551602 -0.462342
567.200000000 12.545762 50.845668 -10.458725 0.578225 0.384745 0.551576 -0.461942
567.300000000 12.602102 50.981242 -10.371373 0.578318 0.383992 0.552293 -0.461596
567.400000000 12.662196 51.102759 -10.295614 0.578779 0.384198 0.551911 -0.461305
567.500000000 12.698192 51.231251 -10.217279 0.579700 0.383739 0.552176 -0.460210
567.600000000 12.758942 51.369384 -10.136862 0.579311 0.383830 0.552270 -0.460511
567.700000000 12.808662 51.505682 -10.054289 0.579147 0.383307 0.552732 -0.460600
567.800000000 12.855026 51.635661 -9.979016 0.579272 0.383009 0.553153 -0.460185
567.900000000 12.910721 51.757683 -9.909553 0.579167 0.383693 0.552541 -0.460482
568.000000000 12.959019 51.879292 -9.837939 0.578764 0.384338 0.552261 -0.460786
568.100000000 13.004972 52.009228 -9.773452 0.578606 0.384728 0.551868 -0.461131
568.200000000 13.065241 52.150219 -9.708315 0.579078 0.383567 0.552808 -0.460379
568.300000000 13.120452 52.289815 -9.644800 0.578869 0.383417 0.553181 -0.460318
568.400000000 13.187107 52.424136 -9.586744 0.579460 0.383002 0.553418 -0.459635
568.500000000 13.251565 52.566921 -9.528864 0.579261 0.382430 0.554059 -0.459590
568.600000000 13.287687 52.694954 -9.475249 0.578211 0.383429 0.553525 -0.460721
568.700000000 13.327023 52.829036 -9.421846 0.577653 0.383726 0.553313 -0.461429
568.800000000 13.370895 52.960354 -9.375040 0.576900 0.384511 0.553025 -0.462062
568.900000000 13.448451 53.093379 -9.338075 0.577634 0.383715 0.553480 -0.461261
569.000000000 13.469883 53.240030 -9.298993 0.576532 0.384448 0.553172 -0.462397
569.100000000 13.527271 53.387754 -9.276256 0.578195 0.383641 0.553679 -0.460380
569.200000000 13.581148 53.524161 -9.241980 0.577400 0.383132 0.554265 -0.461095
569.300000000 13.645206 53.654094 -9.227212 0.578426 0.383507 0.553873 -0.459968
569.400000000 13.698649 53.791187 -9.213692 0.578761 0.383648 0.553804 -0.459512
569.500000000 13.730404 53.960505 -9.194210 0.578421 0.382883 0.554672 -0.459532
569.600000000 13.788217 54.091796 -9.187204 0.578538 0.382776 0.554861 -0.459244
569.700000000 13.822953 54.244460 -9.182255 0.578104 0.382980 0.554952 -0.459511
569.800000000 13.864732 54.387946 -9.182867 0.578394 0.382214 0.555548 -0.459063
569.900000000 13.915776 54.529092 -9.188062 0.578203 0.382230 0.555754 -0.459042
570.000000000 13.950827 54.666649 -9.196201 0.577715 0.382738 0.555379 -0.459687
570.100000000 13.997191 54.822375 -9.206610 0.577478 0.382041 0.556198 -0.459572
570.200000000 14.024120 54.976927 -9.221204 0.576107 0.382457 0.556339 -0.460775
570.300000000 14.054619 55.125801 -9.245618 0.575967 0.383010 0.555848 -0.461084
570.400000000 14.085964 55.291156 -9.262616 0.574053 0.383004 0.556969 -0.462123
570.500000000 14.131043 55.442123 -9.286477 0.573203 0.382359 0.557994 -0.462476
570.600000000 14.165700 55.595816 -9.322197 0.573563 0.382360 0.557907 -0.462133
570.700000000 14.228668 55.756885 -9.364520 0.574579 0.381666 0.558485 -0.460745
570.800000000 14.235999 55.717326 -9.404309 0.573603 0.382239 0.558094 -0.461957
570.900000000 14.292814 55.921650 -9.449558 0.574321 0.382072 0.558170 -0.461110
571.000000000 14.310933 56.123541 -9.506410 0.575197 0.383449 0.556612 -0.460759
571.100000000 14.341541 56.099879 -9.541801 0.573251 0.383088 0.557744 -0.462114
571.200000000 14.412383 56.312362 -9.591082 0.573891 0.381913 0.558901 -0.460892
571.300000000 14.446863 56.429854 -9.647231 0.573765 0.382790 0.558421 -0.460902
571.400000000 14.478714 56.585927 -9.692319 0.572669 0.382622 0.558956 -0.461757
571.500000000 14.489733 56.754786 -9.748105 0.573278 0.383059 0.558228 -0.461519
571.600000000 14.541962 56.895764 -9.806724 0.574004 0.382510 0.558661 -0.460546
571.700000000 14.580064 56.942525 -9.859282 0.572965 0.382617 0.559025 -0.461310
571.800000000 14.600689 57.040067 -9.914464 0.571796 0.383571 0.558558 -0.462532
571.900000000 14.662510 57.284452 -9.954362 0.571615 0.382344 0.559972 -0.462061
572.000000000 14.720738 57.496110 -9.996787 0.571140 0.381421 0.561055 -0.462098
572.100000000 14.774018 57.766946 -10.055709 0.572657 0.381473 0.560604 -0.460723
572.200000000 14.810915 57.831320 -10.109661 0.572075 0.381771 0.560699 -0.461084
572.300000000 14.853646 58.042044 -10.155428 0.571914 0.381427 0.561067 -0.461121
572.400000000 14.904375 58.263342 -10.198821 0.571908 0.380752 0.561775 -0.460822
572.500000000 14.957925 58.362838 -10.259366 0.573298 0.380773 0.561555 -0.459345
572.600000000 15.002046 58.463222 -10.308325 0.572736 0.381223 0.561407 -0.459854
572.700000000 15.033262 58.604546 -10.371694 0.574400 0.382362 0.559935 -0.458625
572.800000000 15.092223 58.730680 -10.398211 0.573302 0.380806 0.561836 -0.458969
572.900000000 15.135176 58.927192 -10.441409 0.573488 0.381031 0.561644 -0.458784
573.000000000 15.170007 59.063632 -10.489942 0.574257 0.381531 0.560899 -0.458318
573.100000000 15.214113 59.239814 -10.540726 0.575964 0.381512 0.560431 -0.456761
573.200000000 15.275820 59.431157 -10.574261 0.575928 0.380348 0.561654 -0.456276
573.300000000 15.307742 59.534677 -10.613043 0.575571 0.381297 0.560863 -0.456906
573.400000000 15.367005 59.782108 -10.640268 0.576243 0.379633 0.562279 -0.455703
573.500000000 15.397600 59.793359 -10.689884 0.576598 0.381039 0.560841 -0.455852
573.600000000 15.441791 60.035636 -10.730705 0.578219 0.381200 0.560255 -0.454383
573.700000000 15.470501 60.064898 -10.746740 0.575459 0.381628 0.560530 -0.457180
573.800000000 15.519050 60.148068 -10.787229 0.576507 0.381807 0.560399 -0.455868
573.900000000 15.565459 60.343727 -10.821454 0.577529 0.381683 0.560266 -0.454840
574.000000000 15.599694 60.468835 -10.856115 0.577590 0.382486 0.559378 -0.455182
574.100000000 15.641978 60.622899 -10.876261 0.576490 0.382341 0.559841 -0.456128
574.200000000 15.684055 60.680312 -10.909204 0.576491 0.383096 0.559278 -0.456184
574.300000000 15.728968 60.783289 -10.935196 0.576176 0.382864 0.559531 -0.456466
574.400000000 15.773045 60.977205 -10.976018 0.578244 0.382776 0.559062 -0.454495
574.500000000 15.824198 61.171935 -10.999925 0.578214 0.382077 0.559779 -0.454239
574.600000000 15.857595 61.275616 -11.036927 0.578822 0.383152 0.558585 -0.454030
574.700000000 15.907901 61.381781 -11.062178 0.578244 0.382599 0.559310 -0.454340
574.800000000 15.954523 61.520441 -11.085869 0.578346 0.381763 0.560145 -0.453883
574.900000000 15.990797 61.638015 -11.127639 0.579562 0.382552 0.559111 -0.452943
575.000000000 16.028208 61.845364 -11.163696 0.580953 0.382513 0.558787 -0.451591
575.100000000 16.077075 61.941406 -11.195583 0.580943 0.382542 0.558914 -0.451423
575.200000000 16.107752 62.058514 -11.236434 0.581285 0.383352 0.558086 -0.451320
575.300000000 16.154264 62.228639 -11.269982 0.581916 0.383234 0.558091 -0.450599
575.400000000 16.194550 62.396352 -11.300561 0.581775 0.383333 0.558115 -0.450668
575.500000000 16.238332 62.558360 -11.336050 0.582237 0.383252 0.558109 -0.450146
575.600000000 16.278085 62.492805 -11.368271 0.580416 0.384554 0.557408 -0.452252
575.700000000 16.315874 62.742264 -11.403178 0.580716 0.385072 0.556987 -0.451943
575.800000000 16.355887 62.837240 -11.440650 0.581063 0.385533 0.556545 -0.451650
575.900000000 16.402425 62.980737 -11.477761 0.581813 0.385012 0.556798 -0.450817
576.000000000 16.450803 63.154265 -11.501342 0.581119 0.383936 0.557995 -0.451148
576.100000000 16.484368 63.390837 -11.539425 0.581572 0.384083 0.557879 -0.450584
576.200000000 16.541327 63.351191 -11.577079 0.581500 0.383723 0.558238 -0.450538
576.300000000 16.577430 63.445827 -11.614917 0.580769 0.385322 0.557056 -0.451579
576.400000000 16.611678 63.624246 -11.653377 0.581608 0.385285 0.556876 -0.450751
576.500000000 16.652057 63.808310 -11.684168 0.581874 0.384100 0.557957 -0.450082
576.600000000 16.695823 63.848500 -11.724272 0.580968 0.385505 0.556909 -0.451348
576.700000000 16.732184 63.984306 -11.757355 0.580278 0.386556 0.556166 -0.452251
576.800000000 16.782979 64.023789 -11.792835 0.579710 0.387057 0.556019 -0.452731
576.900000000 16.819829 64.152923 -11.838278 0.580378 0.387621 0.555370 -0.452189
577.000000000 16.862997 64.296463 -11.859784 0.579544 0.387408 0.555730 -0.452999
577.100000000 16.910810 64.390701 -11.889489 0.578787 0.387531 0.555907 -0.453644
577.200000000 16.949052 64.522626 -11.923883 0.579403 0.387311 0.556012 -0.452916
577.300000000 16.992036 64.670209 -11.954276 0.579500 0.387057 0.556346 -0.452599
577.400000000 17.029886 64.816778 -11.984432 0.579575 0.387092 0.556379 -0.452432
577.500000000 17.071914 64.891425 -12.021379 0.579829 0.387431 0.555979 -0.452310
577.600000000 17.102456 65.027687 -12.058021 0.580762 0.386884 0.556286 -0.451200
577.700000000 17.140610 65.177012 -12.083162 0.579537 0.387495 0.556041 -0.452552
577.800000000 17.184344 65.258310 -12.122693 0.580044 0.387941 0.555624 -0.452033
577.900000000 17.248062 65.261314 -12.145949 0.579184 0.387809 0.556014 -0.452767
578.000000000 17.299433 65.326005 -12.171741 0.578515 0.387820 0.556179 -0.453410
578.100000000 17.349050 65.364015 -12.203583 0.577983 0.388733 0.555550 -0.454078
578.200000000 17.372015 65.606321 -12.226223 0.578478 0.388507 0.555709 -0.453445
578.300000000 17.421159 65.725739 -12.245622 0.577763 0.387891 0.556499 -0.453915
578.400000000 17.455370 65.858042 -12.273725 0.578788 0.387770 0.556362 -0.452881
578.500000000 17.506651 65.930993 -12.300832 0.578246 0.387621 0.556754 -0.453218
578.600000000 17.549860 66.114647 -12.307957 0.577376 0.386625 0.557992 -0.453655
578.700000000 17.605764 66.109833 -12.335731 0.577387 0.386376 0.558219 -0.453574
578.800000000 17.641248 66.237639 -12.364220 0.578084 0.386997 0.557410 -0.453152
578.900000000 17.680583 66.426228 -12.383023 0.577722 0.386628 0.558119 -0.453055
579.000000000 17.716581 66.601270 -12.394357 0.577626 0.386876 0.557869 -0.453274
579.100000000 17.763268 66.694225 -12.410709 0.577058 0.386902 0.558043 -0.453760
579.200000000 17.807694 66.826417 -12.424221 0.576828 0.386566 0.558484 -0.453797
579.300000000 17.852898 66.937433 -12.439578 0.576626 0.386696 0.558573 -0.453834
579.400000000 17.887370 67.118271 -12.447350 0.576635 0.386114 0.559172 -0.453581
579.500000000 17.936535 67.217963 -12.460668 0.576594 0.385593 0.559712 -0.453409
579.600000000 17.983080 67.309329 -12.472654 0.576125 0.385718 0.559646 -0.453980
579.700000000 18.031734 67.462752 -12.481001 0.576012 0.385564 0.559874 -0.453974
579.800000000 18.070769 67.634417 -12.486014 0.575623 0.385207 0.560495 -0.454002
579.900000000 18.118359 67.756183 -12.496317 0.575040 0.386137 0.559923 -0.454657
580.000000000 18.159683 67.923607 -12.500474 0.575211 0.385759 0.560295 -0.454303
580.100000000 18.199781 68.044865 -12.505819 0.574084 0.387405 0.559079 -0.455825
580.200000000 18.251515 68.178752 -12.509474 0.573987 0.387146 0.559422 -0.455746
580.300000000 18.303977 68.308540 -12.509962 0.573430 0.386932 0.559703 -0.456283
580.400000000 18.348186 68.447625 -12.511711 0.572851 0.387084 0.559812 -0.456747
580.500000000 18.391421 68.561472 -12.516335 0.573681 0.386076 0.560552 -0.455650
580.600000000 18.441685 68.705420 -12.511273 0.573249 0.385660 0.561092 -0.455882
580.700000000 18.489818 68.844026 -12.508452 0.572997 0.385294 0.561565 -0.455925
580.800000000 18.539048 68.970222 -12.511989 0.573178 0.385441 0.561530 -0.455617
580.900000000 18.585172 69.108521 -12.510722 0.573335 0.385520 0.561489 -0.455402
581.000000000 18.634829 69.237126 -12.509638 0.573531 0.385239 0.561793 -0.455017
581.100000000 18.685876 69.373508 -12.503974 0.573233 0.384986 0.562231 -0.455067
581.200000000 18.733875 69.520169 -12.496670 0.572862 0.385099 0.562261 -0.455402
581.300000000 18.780663 69.660899 -12.488508 0.572033 0.385794 0.561804 -0.456418
581.400000000 18.833037 69.793474 -12.476439 0.571173 0.385596 0.562299 -0.457052
581.500000000 18.882345 69.918673 -12.473118 0.571699 0.385679 0.562170 -0.456483
581.600000000 18.924151 70.040075 -12.472239 0.572560 0.385243 0.562370 -0.455524
581.700000000 18.976250 70.175903 -12.459886 0.571865 0.385376 0.562542 -0.456073
581.800000000 19.030172 70.302356 -12.446996 0.571662 0.384822 0.563176 -0.456013
581.900000000 19.083041 70.439661 -12.435277 0.571551 0.384523 0.563592 -0.455888
582.000000000 19.134361 70.566454 -12.424133 0.571487 0.384347 0.563787 -0.455876
582.100000000 19.186314 70.701305 -12.405278 0.570780 0.383946 0.564442 -0.456290
582.200000000 19.232607 70.837224 -12.388517 0.571068 0.383756 0.564624 -0.455864
582.300000000 19.280484 70.965682 -12.380677 0.571310 0.384183 0.564271 -0.455639
582.400000000 19.330580 71.095015 -12.360804 0.570164 0.384413 0.564361 -0.456767
582.500000000 19.380305 71.221198 -12.342267 0.569393 0.384611 0.564442 -0.457463
582.600000000 19.431568 71.362512 -12.323150 0.569227 0.384044 0.565025 -0.457424
582.700000000 19.482803 71.491347 -12.308355 0.569696 0.383630 0.565340 -0.456799
582.800000000 19.531569 71.613071 -12.298596 0.570534 0.383596 0.565289 -0.455844
582.900000000 19.584640 71.750026 -12.279606 0.570451 0.383199 0.565718 -0.455749
583.000000000 19.641083 71.889637 -12.257576 0.570137 0.382595 0.566555 -0.455609
583.100000000 19.688705 72.033574 -12.237265 0.570188 0.382395 0.566810 -0.455396
583.200000000 19.746519 72.162323 -12.216429 0.569720 0.382415 0.567002 -0.455727
583.300000000 19.802485 72.278703 -12.195353 0.569730 0.381789 0.567588 -0.455510
583.400000000 19.849670 72.437170 -12.169484 0.569189 0.381530 0.567939 -0.455966
583.500000000 19.910065 72.563475 -12.144243 0.569731 0.380131 0.569240 -0.454834
583.600000000 19.959316 72.641151 -12.129859 0.570279 0.380379 0.568992 -0.454247
583.700000000 20.003997 72.792212 -12.113280 0.570794 0.380811 0.568359 -0.454031
583.800000000 20.059026 72.916052 -12.084609 0.569598 0.380737 0.568810 -0.455031
583.900000000 20.099998 73.073800 -12.056758 0.568521 0.381202 0.568644 -0.456194
584.000000000 20.152816 73.211281 -12.036082 0.569380 0.380356 0.569282 -0.455031
584.100000000 20.218736 73.286757 -12.012324 0.569631 0.379410 0.570300 -0.454232
584.200000000 20.272305 73.370190 -11.991649 0.569647 0.379255 0.570459 -0.454141
584.300000000 20.322550 73.462537 -11.972169 0.569773 0.379261 0.570558 -0.453853
584.400000000 20.380193 73.511824 -11.950831 0.569825 0.379047 0.570722 -0.453762
584.500000000 20.430037 73.678819 -11.928583 0.569720 0.379220 0.570651 -0.453837
584.600000000 20.480286 73.754897 -11.907626 0.569514 0.379443 0.570508 -0.454090
584.700000000 20.527970 73.844812 -11.895505 0.569968 0.380330 0.569669 -0.453831
584.800000000 20.582490 73.936433 -11.873619 0.569697 0.380318 0.569817 -0.453995
584.900000000 20.631980 74.144419 -11.858126 0.570406 0.380671 0.569363 -0.453379
585.000000000 20.687643 74.256669 -11.833086 0.570421 0.379960 0.570058 -0.453083
585.100000000 20.739106 74.384569 -11.808415 0.570267 0.379701 0.570361 -0.453112
585.200000000 20.797496 74.550702 -11.786192 0.570556 0.379151 0.570789 -0.452670
585.300000000 20.852042 74.621142 -11.770209 0.570841 0.379232 0.570647 -0.452423
585.400000000 20.895566 74.793828 -11.760189 0.571215 0.380615 0.569317 -0.452464
585.500000000 20.952371 74.810788 -11.739918 0.571115 0.380316 0.569614 -0.452469
585.600000000 21.001062 75.013735 -11.714092 0.570571 0.380505 0.569657 -0.452941
585.700000000 21.053031 75.116710 -11.701667 0.571215 0.380845 0.569152 -0.452478
585.800000000 21.112627 75.173027 -11.680877 0.571248 0.380560 0.569374 -0.452398
585.900000000 21.172156 75.211519 -11.662590 0.571372 0.380215 0.569668 -0.452161
586.000000000 21.221261 75.386679 -11.639197 0.570908 0.380462 0.569557 -0.452678
586.100000000 21.274287 75.444902 -11.621265 0.571042 0.380412 0.569563 -0.452543
586.200000000 21.344953 75.425421 -11.592218 0.570684 0.378470 0.571490 -0.452194
586.300000000 21.396169 75.559707 -11.570928 0.570752 0.378588 0.571384 -0.452144
586.400000000 21.443366 75.745656 -11.562211 0.571734 0.379110 0.570731 -0.451289
586.500000000 21.490586 75.898583 -11.547589 0.572034 0.379491 0.570365 -0.451050
586.600000000 21.537373 76.150728 -11.531157 0.572477 0.379244 0.570431 -0.450613
586.700000000 21.588409 76.267184 -11.516464 0.572553 0.379670 0.570108 -0.450566
586.800000000 21.637795 76.309761 -11.504533 0.572768 0.380032 0.569666 -0.450547
586.900000000 21.697395 76.361530 -11.489168 0.572608 0.380195 0.569635 -0.450652
587.000000000 21.745952 76.490643 -11.474454 0.572851 0.380306 0.569491 -0.450433
587.100000000 21.808503 76.506506 -11.453852 0.572540 0.379616 0.570253 -0.450446
587.200000000 21.854543 76.681890 -11.441450 0.573211 0.379854 0.569898 -0.449840
587.300000000 21.903779 76.895037 -11.428692 0.573155 0.380182 0.569583 -0.450034
587.400000000 21.964399 76.888742 -11.420385 0.573222 0.380291 0.569538 -0.449912
587.500000000 22.019769 76.996621 -11.400820 0.572987 0.380008 0.569890 -0.450007
587.600000000 22.059514 77.218577 -11.393378 0.573616 0.380616 0.569222 -0.449536
587.700000000 22.114514 77.333788 -11.387280 0.574012 0.381040 0.568685 -0.449352
587.800000000 22.169299 77.454419 -11.376286 0.574116 0.380918 0.568818 -0.449153
587.900000000 22.222823 77.480035 -11.363326 0.574035 0.380719 0.569029 -0.449158
588.000000000 22.281379 77.485075 -11.349546 0.574099 0.380243 0.569433 -0.448968
588.100000000 22.334385 77.709026 -11.344395 0.574713 0.380532 0.569096 -0.448363
588.200000000 22.387017 77.729532 -11.338369 0.574932 0.380729 0.568896 -0.448170
588.300000000 22.436711 77.871075 -11.329122 0.574893 0.380944 0.568627 -0.448379
588.400000000 22.484987 78.019739 -11.324752 0.575719 0.381134 0.568278 -0.447599
588.500000000 22.539520 78.118061 -11.314718 0.575807 0.380946 0.568495 -0.447370
588.600000000 22.593386 78.203991 -11.309678 0.576433 0.380977 0.568311 -0.446770
588.700000000 22.647095 78.314310 -11.294831 0.576128 0.381025 0.568335 -0.447093
588.800000000 22.700722 78.461260 -11.278505 0.575996 0.380946 0.568443 -0.447193
588.900000000 22.746779 78.593587 -11.273195 0.576365 0.382020 0.567394 -0.447133
589.000000000 22.802644 78.696662 -11.256191 0.576146 0.381855 0.567568 -0.447335
589.100000000 22.856101 78.792166 -11.243410 0.576837 0.381909 0.567383 -0.446632
589.200000000 22.913404 78.772066 -11.227478 0.576832 0.382004 0.567324 -0.446633
589.300000000 22.967865 78.961732 -11.208729 0.577396 0.381380 0.567775 -0.445863
589.400000000 23.019277 79.155245 -11.191314 0.577374 0.381889 0.567354 -0.445992
589.500000000 23.075492 79.204329 -11.167306 0.577573 0.381139 0.567914 -0.445664
589.600000000 23.127055 79.418055 -11.145674 0.577904 0.381327 0.567655 -0.445404
589.700000000 23.180822 79.494048 -11.122841 0.578057 0.381768 0.567269 -0.445319
589.800000000 23.256661 79.184000 -11.085411 0.577491 0.379890 0.568953 -0.445511
589.900000000 23.310415 79.238421 -11.057207 0.577763 0.379736 0.569130 -0.445064
590.000000000 23.370720 79.334785 -11.033710 0.578375 0.380078 0.568639 -0.444604
590.100000000 23.428913 79.529360 -11.004699 0.580091 0.378498 0.569649 -0.442419
590.200000000 23.477555 79.564469 -10.974051 0.579092 0.380086 0.568507 -0.443832
590.300000000 23.540702 79.545063 -10.933989 0.578523 0.379869 0.568862 -0.444304
590.400000000 23.592897 79.759114 -10.895780 0.578679 0.379720 0.568948 -0.444120
590.500000000 23.646426 79.937268 -10.874142 0.580401 0.380031 0.568417 -0.442281
590.600000000 23.701469 80.017045 -10.832045 0.579819 0.380077 0.568522 -0.442869
590.700000000 23.764173 80.142467 -10.796042 0.581409 0.379339 0.568732 -0.441145
590.800000000 23.826698 80.221172 -10.756812 0.581545 0.379359 0.568777 -0.440891
590.900000000 23.889053 80.307314 -10.705932 0.580911 0.378240 0.569899 -0.441240
591.000000000 23.940183 80.525750 -10.672027 0.581552 0.379409 0.568787 -0.440826
591.100000000 23.991898 80.453253 -10.636706 0.581828 0.380844 0.567435 -0.440966
591.200000000 24.047367 80.543692 -10.589729 0.581963 0.380300 0.567939 -0.440609
591.300000000 24.104450 80.554748 -10.547824 0.582570 0.379693 0.568242 -0.439939
591.400000000 24.168967 80.521216 -10.497932 0.582024 0.378909 0.569009 -0.440346
591.500000000 24.229020 80.615979 -10.456774 0.582597 0.378926 0.568866 -0.439758
591.600000000 24.290776 80.699694 -10.413395 0.583092 0.379165 0.568581 -0.439265
591.700000000 24.347612 80.737636 -10.366907 0.582992 0.378864 0.568755 -0.439432
591.800000000 24.408390 80.921648 -10.314191 0.583257 0.377800 0.569695 -0.438779
591.900000000 24.464027 81.067148 -10.268321 0.583244 0.378169 0.569524 -0.438699
592.000000000 24.514523 81.195634 -10.219459 0.583177 0.378382 0.569291 -0.438907
592.100000000 24.578567 81.188615 -10.176255 0.583973 0.377922 0.569565 -0.437889
592.200000000 24.639709 81.299469 -10.124846 0.583908 0.377387 0.569918 -0.437978
592.300000000 24.701189 81.471741 -10.079428 0.584562 0.377311 0.569947 -0.437131
592.400000000 24.755121 81.524975 -10.030297 0.583885 0.377964 0.569645 -0.437865
592.500000000 24.814566 81.502768 -9.984085 0.583772 0.377947 0.569602 -0.438086
592.600000000 24.876486 81.385526 -9.928650 0.582329 0.376653 0.570772 -0.439598
592.700000000 24.931235 81.718033 -9.883484 0.583648 0.377106 0.570374 -0.437972
592.800000000 24.998025 81.894142 -9.832385 0.583825 0.376312 0.571184 -0.437362
592.900000000 25.062501 81.919646 -9.782346 0.583817 0.375266 0.571992 -0.437217
593.000000000 25.122000 81.872518 -9.744409 0.584199 0.375596 0.571489 -0.437080
593.100000000 25.170963 82.044514 -9.699507 0.584377 0.376373 0.570843 -0.437018
593.200000000 25.225166 82.054552 -9.648094 0.583504 0.375719 0.571543 -0.437831
593.300000000 25.278613 82.357744 -9.594593 0.583553 0.375617 0.571775 -0.437552
593.400000000 25.347387 82.386878 -9.544280 0.582643 0.374934 0.572522 -0.438371
593.500000000 25.404280 82.411365 -9.505226 0.583008 0.374542 0.572763 -0.437907
593.600000000 25.474362 82.452178 -9.463933 0.584096 0.372702 0.574211 -0.436126
593.700000000 25.548361 82.664901 -9.428944 0.586029 0.371496 0.575004 -0.433510
593.800000000 25.590838 82.586413 -9.389298 0.584267 0.373756 0.573426 -0.436030
593.900000000 25.634639 82.772833 -9.341991 0.583065 0.374622 0.573068 -0.437364
594.000000000 25.688518 82.845685 -9.296926 0.582744 0.373740 0.573818 -0.437561
594.100000000 25.753415 82.881696 -9.257294 0.582590 0.372704 0.574636 -0.437578
594.200000000 25.815232 83.138842 -9.216197 0.583260 0.371891 0.575413 -0.436354
594.300000000 25.896369 83.224247 -9.182236 0.584262 0.370356 0.576668 -0.434659
594.400000000 25.949675 83.420810 -9.138217 0.583679 0.370416 0.576921 -0.435054
594.500000000 26.019517 83.538285 -9.104628 0.583997 0.369914 0.577310 -0.434540
594.600000000 26.091995 83.641094 -9.066959 0.584306 0.367647 0.579247 -0.433468
594.700000000 26.162840 83.748247 -9.035465 0.584267 0.367572 0.579367 -0.433424
594.800000000 26.224631 83.840324 -8.999331 0.584326 0.366391 0.580401 -0.432962
594.900000000 26.287980 84.043551 -8.967562 0.584063 0.366704 0.580212 -0.433303
595.000000000 26.343795 84.164770 -8.933820 0.583863 0.366478 0.580539 -0.433326
595.100000000 26.396468 84.243951 -8.913247 0.584340 0.367317 0.579827 -0.432926
595.200000000 26.434515 84.400506 -8.885432 0.582815 0.369406 0.578457 -0.435034
595.300000000 26.491798 84.537959 -8.855498 0.582531 0.369177 0.578846 -0.435090
595.400000000 26.558192 84.675447 -8.831600 0.583102 0.368262 0.579645 -0.434035
595.500000000 26.611592 84.787822 -8.809186 0.582961 0.369068 0.579109 -0.434255
595.600000000 26.668023 84.926826 -8.787063 0.583142 0.368257 0.579863 -0.433694
595.700000000 26.800437 85.051212 -8.774706 0.586053 0.364222 0.582586 -0.429509
595.800000000 26.878552 85.192189 -8.754341 0.585825 0.363638 0.583184 -0.429504
595.900000000 26.919804 85.317084 -8.736831 0.585608 0.363912 0.583011 -0.429801
596.000000000 27.052295 85.451782 -8.726494 0.587001 0.361879 0.584462 -0.427641
596.100000000 27.153932 85.613453 -8.711698 0.588188 0.359727 0.586029 -0.425678
596.200000000 27.157253 85.711266 -8.698229 0.587526 0.360434 0.585642 -0.426526
596.300000000 27.226579 85.851385 -8.685463 0.587359 0.360375 0.585749 -0.426660
596.400000000 27.245330 86.008617 -8.673621 0.586208 0.362178 0.584570 -0.428329
596.500000000 27.368925 86.148710 -8.666202 0.587611 0.359792 0.586214 -0.426164
596.600000000 27.417396 86.278534 -8.659547 0.587526 0.360099 0.586012 -0.426301
596.700000000 27.499627 86.431112 -8.657352 0.588515 0.358214 0.587432 -0.424565
596.800000000 27.585850 86.560371 -8.655574 0.590315 0.355781 0.589079 -0.421821
596.900000000 27.595607 86.678870 -8.652281 0.588748 0.357897 0.587778 -0.424031
597.000000000 27.549243 86.775053 -8.646226 0.585292 0.362666 0.584719 -0.428965
597.100000000 27.593449 86.887480 -8.650295 0.585998 0.362531 0.584665 -0.428188
597.200000000 27.743672 87.188879 -8.648806 0.589001 0.358237 0.587653 -0.423566
597.300000000 27.819177 87.297044 -8.657943 0.590483 0.356704 0.588451 -0.421683
597.400000000 27.876055 87.338164 -8.663598 0.588478 0.358209 0.587769 -0.424156
597.500000000 27.822265 87.458789 -8.663787 0.586257 0.361312 0.585744 -0.427387
597.600000000 27.884811 87.557172 -8.675208 0.586201 0.361926 0.585334 -0.427507
597.700000000 27.930387 87.677942 -8.681897 0.585359 0.362185 0.585354 -0.428413
597.800000000 27.949941 87.778031 -8.697721 0.584948 0.364031 0.584000 -0.429256
597.900000000 28.068317 87.913461 -8.715673 0.587347 0.360849 0.586090 -0.425805
598.000000000 28.081626 88.021605 -8.729682 0.586350 0.361508 0.585744 -0.427094
598.100000000 28.147843 88.190643 -8.743581 0.585851 0.361218 0.586281 -0.427287
598.200000000 28.220628 88.295672 -8.759297 0.584675 0.360534 0.587174 -0.428249
598.300000000 28.283022 88.438272 -8.788572 0.585109 0.361765 0.586137 -0.428039
598.400000000 28.269806 88.562978 -8.814596 0.584176 0.364447 0.584305 -0.429540
598.500000000 28.354474 88.689811 -8.843867 0.584323 0.363332 0.585106 -0.429194
598.600000000 28.440342 88.798711 -8.877693 0.584754 0.362184 0.586031 -0.428314
598.700000000 28.485635 88.908685 -8.914849 0.585085 0.362399 0.585885 -0.427880
598.800000000 28.555597 89.045098 -8.950605 0.585439 0.361483 0.586621 -0.427161
598.900000000 28.564510 89.164581 -8.983325 0.583343 0.362638 0.586079 -0.429786
599.000000000 28.586072 89.314538 -9.028707 0.583376 0.364194 0.584903 -0.430026
599.100000000 28.631830 89.446863 -9.065141 0.581334 0.364265 0.585370 -0.432093
599.200000000 28.753779 89.572831 -9.113342 0.582597 0.361051 0.587722 -0.429890
599.300000000 28.752411 89.682986 -9.176957 0.582901 0.363552 0.585573 -0.430303
599.400000000 28.789019 89.806322 -9.235815 0.582709 0.364410 0.585049 -0.430550
599.500000000 28.828246 89.922102 -9.280132 0.580944 0.364136 0.585733 -0.432235
599.600000000 28.904555 90.015546 -9.346681 0.582518 0.362820 0.586488 -0.430193
599.700000000 28.933289 90.191864 -9.405138 0.581337 0.362916 0.586804 -0.431276
599.800000000 28.983673 90.296636 -9.475276 0.581229 0.363166 0.586593 -0.431500
599.900000000 29.031461 90.425936 -9.545526 0.580948 0.363252 0.586673 -0.431696
600.000000000 29.036545 90.587022 -9.613284 0.579863 0.364448 0.585964 -0.433109
600.100000000 29.155820 90.652374 -9.690883 0.580359 0.362232 0.587699 -0.431950
600.200000000 29.184662 90.778350 -9.773067 0.581045 0.362331 0.587478 -0.431246
600.300000000 29.207514 90.949285 -9.842852 0.579118 0.363600 0.586889 -0.433564
600.400000000 29.279804 91.053521 -9.929278 0.579950 0.362404 0.587667 -0.432399
600.500000000 29.335669 91.173916 -10.019182 0.580234 0.362522 0.587521 -0.432118
600.600000000 29.371698 91.312995 -10.100566 0.579794 0.362351 0.587663 -0.432658
600.700000000 29.382573 91.452292 -10.186383 0.578652 0.363930 0.586711 -0.434152
600.800000000 29.464443 91.573392 -10.279166 0.579321 0.362872 0.587443 -0.433153
600.900000000 29.483124 91.733077 -10.371957 0.579341 0.363711 0.586684 -0.433451
601.000000000 29.555381 92.054938 -10.446118 0.578727 0.362911 0.587577 -0.433733
601.100000000 29.608881 92.179754 -10.534637 0.578542 0.362125 0.588271 -0.433695
601.200000000 29.659490 92.332286 -10.631113 0.579124 0.362334 0.587806 -0.433374
601.300000000 29.675567 92.458910 -10.721659 0.578249 0.363369 0.587212 -0.434480
601.400000000 29.736787 92.575852 -10.815589 0.578115 0.363030 0.587513 -0.434535
601.500000000 29.778523 92.741568 -10.903449 0.577236 0.362995 0.587918 -0.435185
601.600000000 29.801859 92.902206 -10.990406 0.577177 0.362306 0.588540 -0.434995
601.700000000 29.861846 93.022778 -11.090284 0.577501 0.362196 0.588556 -0.434637
601.800000000 29.909011 93.189177 -11.178508 0.577089 0.361925 0.588890 -0.434956
601.900000000 29.950277 93.337589 -11.269315 0.576679 0.361725 0.589235 -0.435199
602.000000000 29.997519 93.462111 -11.368223 0.576773 0.362133 0.589010 -0.435039
602.100000000 30.025489 93.543137 -11.470658 0.577246 0.362524 0.588468 -0.434820
602.200000000 30.072714 93.792430 -11.543494 0.575872 0.362327 0.589019 -0.436058
602.300000000 30.123085 93.945324 -11.625868 0.574791 0.361714 0.590139 -0.436479
602.400000000 30.156068 94.067420 -11.722485 0.574667 0.362015 0.590164 -0.436359
602.500000000 30.180712 94.175187 -11.812101 0.574716 0.361551 0.590528 -0.436187
602.600000000 30.216721 94.354696 -11.897240 0.574516 0.361382 0.590849 -0.436155
602.700000000 30.265119 94.455879 -11.983674 0.573650 0.361412 0.591193 -0.436804
602.800000000 30.302602 94.627000 -12.071465 0.574006 0.361483 0.591129 -0.436364
602.900000000 30.358968 94.770545 -12.150501 0.573251 0.360938 0.591941 -0.436706
603.000000000 30.392675 94.840908 -12.240926 0.573240 0.361275 0.591632 -0.436861
603.100000000 30.440553 95.041611 -12.314028 0.573279 0.360462 0.592439 -0.436389
603.200000000 30.503469 95.223903 -12.394190 0.572946 0.361348 0.591754 -0.437022
603.300000000 30.559692 95.373010 -12.465469 0.572472 0.360861 0.592311 -0.437291
603.400000000 30.603596 95.521836 -12.537779 0.572002 0.360516 0.592879 -0.437421
603.500000000 30.633098 95.580359 -12.630216 0.573033 0.361231 0.591927 -0.436769
603.600000000 30.678517 95.743872 -12.694933 0.572328 0.361211 0.592106 -0.437469
603.700000000 30.724859 95.979756 -12.758530 0.572085 0.361496 0.592113 -0.437541
603.800000000 30.771030 96.066999 -12.832387 0.572204 0.361330 0.592256 -0.437329
603.900000000 30.818108 96.242904 -12.892251 0.572014 0.361044 0.592581 -0.437373
604.000000000 30.864710 96.343080 -12.958606 0.571851 0.361441 0.592360 -0.437557
604.100000000 30.910245 96.493030 -13.021141 0.572132 0.361500 0.592313 -0.437205
604.200000000 30.958638 96.605550 -13.077680 0.571570 0.361447 0.592523 -0.437698
604.300000000 31.008131 96.788705 -13.135203 0.571673 0.361860 0.592087 -0.437813
604.400000000 31.048664 96.923757 -13.189815 0.571843 0.362094 0.591959 -0.437570
604.500000000 31.087395 97.034813 -13.244373 0.572177 0.362250 0.591799 -0.437222
604.600000000 31.147054 97.217613 -13.276674 0.571353 0.361408 0.592672 -0.437812
604.700000000 31.185413 97.349086 -13.324192 0.571465 0.361811 0.592396 -0.437708
604.800000000 31.227836 97.492347 -13.364823 0.571696 0.361304 0.592801 -0.437275
604.900000000 31.265743 97.642892 -13.408987 0.572026 0.362030 0.592100 -0.437193
605.000000000 31.321185 97.756288 -13.440152 0.571440 0.361784 0.592568 -0.437530
605.100000000 31.373285 97.916204 -13.474389 0.570691 0.362876 0.591800 -0.438640
605.200000000 31.414211 98.053787 -13.510394 0.571413 0.362842 0.591647 -0.437935
605.300000000 31.464629 98.148527 -13.540494 0.571509 0.362667 0.591835 -0.437700
605.400000000 31.504016 98.322126 -13.562816 0.571719 0.362448 0.591990 -0.437397
605.500000000 31.554301 98.428980 -13.581990 0.571400 0.362276 0.592262 -0.437589
605.600000000 31.598556 98.513604 -13.623183 0.572232 0.363210 0.591199 -0.437164
605.700000000 31.657671 98.650030 -13.629646 0.571633 0.363121 0.591471 -0.437654
605.800000000 31.687980 98.838933 -13.640432 0.571364 0.363922 0.590803 -0.438241
605.900000000 31.745284 98.929893 -13.655672 0.571517 0.363843 0.590861 -0.438029
606.000000000 31.785669 99.052134 -13.669862 0.571917 0.364344 0.590381 -0.437737
606.100000000 31.837155 99.182574 -13.677297 0.571634 0.364927 0.590012 -0.438120
606.200000000 31.882672 99.326714 -13.682706 0.572165 0.364770 0.589927 -0.437671
606.300000000 31.927414 99.472097 -13.681647 0.572342 0.364663 0.589992 -0.437442
606.400000000 31.965363 99.636099 -13.685547 0.572911 0.365217 0.589271 -0.437207
606.500000000 32.008097 99.736385 -13.682724 0.573127 0.365162 0.589257 -0.436988
606.600000000 32.058733 99.929962 -13.664499 0.572809 0.364977 0.589541 -0.437176
606.700000000 32.113887 100.011131 -13.654307 0.572588 0.365219 0.589441 -0.437398
606.800000000 32.157627 100.068302 -13.652605 0.573332 0.365354 0.589059 -0.436824
606.900000000 32.207117 100.201090 -13.638717 0.574071 0.365231 0.588922 -0.436141
607.000000000 32.257475 100.331783 -13.615451 0.573876 0.365586 0.588671 -0.436440
607.100000000 32.307841 100.452550 -13.596213 0.574057 0.366084 0.588201 -0.436418
607.200000000 32.342801 100.744776 -13.554622 0.574209 0.366182 0.587872 -0.436579
607.300000000 32.390244 100.861607 -13.523504 0.574188 0.366489 0.587658 -0.436637
607.400000000 32.427322 100.937320 -13.512541 0.575465 0.367377 0.586486 -0.435784
607.500000000 32.486706 100.992465 -13.466006 0.575329 0.366952 0.586987 -0.435648
607.600000000 32.522166 101.163192 -13.430485 0.575389 0.368128 0.585879 -0.436068
607.700000000 32.574496 101.327890 -13.372096 0.575777 0.367624 0.586031 -0.435776
607.800000000 32.628044 101.409476 -13.327468 0.575764 0.368235 0.586015 -0.435299
607.900000000 32.663311 101.543674 -13.278664 0.575233 0.372410 0.586604 -0.431641
608.000000000 32.725617 101.705682 -13.200889 0.573749 0.375642 0.588811 -0.427793
608.100000000 32.780628 101.843017 -13.130800 0.573101 0.378830 0.589187 -0.425325
608.200000000 32.838148 101.960471 -13.064401 0.574002 0.380056 0.589144 -0.423071
608.300000000 32.891773 102.077037 -12.993557 0.574941 0.381196 0.588163 -0.422133
608.400000000 32.951981 102.217234 -12.906489 0.574872 0.381676 0.587593 -0.422587
608.500000000 33.004689 102.313653 -12.838732 0.576065 0.382805 0.585961 -0.422207
608.600000000 33.072204 102.450318 -12.734491 0.575960 0.381907 0.586520 -0.422389
608.700000000 33.145698 102.566245 -12.644285 0.576488 0.381837 0.586184 -0.422198
608.800000000 33.215880 102.669884 -12.554553 0.576975 0.382489 0.585275 -0.422203
608.900000000 33.283470 102.762938 -12.468519 0.578416 0.382983 0.584256 -0.421193
609.000000000 33.353978 102.858833 -12.374665 0.578868 0.383583 0.583296 -0.421357
609.100000000 33.427059 102.963824 -12.269832 0.578770 0.384077 0.582614 -0.421985
609.200000000 33.510497 103.060515 -12.173132 0.579621 0.384687 0.581356 -0.421996
609.300000000 33.592430 103.115414 -12.067784 0.580108 0.384562 0.580822 -0.422177
609.400000000 33.672502 103.180003 -11.966489 0.581130 0.384867 0.579807 -0.421887
609.500000000 33.758952 103.147323 -11.867831 0.581993 0.385048 0.578923 -0.421748
609.600000000 33.837755 103.251388 -11.767862 0.583051 0.386270 0.577000 -0.421803
609.700000000 33.938616 103.186975 -11.651768 0.583047 0.384935 0.577787 -0.421952
609.800000000 34.031627 103.283543 -11.542602 0.584134 0.384850 0.577028 -0.421564
609.900000000 34.138793 103.203117 -11.422196 0.583460 0.383682 0.577849 -0.422437
610.000000000 34.218759 103.442559 -11.292520 0.583021 0.384073 0.577020 -0.423819
610.100000000 34.306266 103.413445 -11.183867 0.584004 0.383591 0.576619 -0.423448
610.200000000 34.400207 103.488955 -11.058426 0.583829 0.382956 0.576794 -0.424024
610.300000000 34.498169 103.653606 -10.933162 0.583854 0.382775 0.576355 -0.424750
610.400000000 34.586239 103.749050 -10.810102 0.584283 0.382013 0.576486 -0.424669
610.500000000 34.679171 103.885536 -10.675880 0.583722 0.381471 0.576665 -0.425682
610.600000000 34.769578 103.808333 -10.558131 0.583928 0.380690 0.576697 -0.426057
610.700000000 34.864740 103.739594 -10.436731 0.583127 0.380663 0.576696 -0.427176
610.800000000 34.962613 103.917401 -10.300248 0.582370 0.379780 0.577405 -0.428038
610.900000000 35.049334 103.926210 -10.194278 0.583367 0.379825 0.576758 -0.427512
611.000000000 35.140051 103.869970 -10.077567 0.583221 0.379441 0.577028 -0.427687
611.100000000 35.235715 103.956240 -9.944304 0.582166 0.378926 0.577773 -0.428575
611.200000000 35.315233 103.932716 -9.845332 0.583646 0.379300 0.576972 -0.427309
611.300000000 35.410622 103.891611 -9.721452 0.581997 0.378810 0.577935 -0.428688
611.400000000 35.500640 103.727156 -9.607951 0.581464 0.378518 0.578397 -0.429045
611.500000000 35.585206 103.660182 -9.503285 0.581585 0.378496 0.578269 -0.429075
611.600000000 35.686279 103.498943 -9.384779 0.580353 0.377740 0.579290 -0.430031
611.700000000 35.810237 102.434384 -9.317304 0.580587 0.375942 0.581085 -0.428867
611.800000000 35.902437 102.364157 -9.204427 0.579723 0.375392 0.581886 -0.429432
611.900000000 35.981788 102.196595 -9.120068 0.580756 0.375627 0.581458 -0.428408
612.000000000 36.070595 102.040775 -9.043756 0.581805 0.376264 0.580515 -0.427704
612.100000000 36.164492 101.945902 -8.924681 0.580236 0.375905 0.581388 -0.428963
612.200000000 36.229176 101.633561 -8.850519 0.583855 0.372168 0.583530 -0.424377
612.300000000 36.336509 101.509569 -8.749799 0.582973 0.371981 0.583979 -0.425136
612.400000000 36.426756 101.462303 -8.632130 0.581098 0.370387 0.585871 -0.426490
612.500000000 36.509049 101.397441 -8.559202 0.582081 0.370981 0.585135 -0.425642
612.600000000 36.607098 101.341307 -8.474169 0.582276 0.370698 0.585156 -0.425593
612.700000000 36.701287 101.301218 -8.366174 0.580685 0.369365 0.586968 -0.426431
612.800000000 36.775998 101.212409 -8.331761 0.583104 0.370639 0.584583 -0.425299
612.900000000 36.849343 101.182571 -8.235262 0.582702 0.369947 0.585414 -0.425309
613.000000000 36.915360 101.141432 -8.152822 0.581853 0.369373 0.586200 -0.425887
613.100000000 36.992625 101.095989 -8.086632 0.583260 0.369998 0.585062 -0.424984
613.200000000 37.073793 101.081169 -8.004278 0.583648 0.369776 0.584692 -0.425155
613.300000000 37.147571 101.015412 -7.953670 0.585083 0.370158 0.583355 -0.424686
613.400000000 37.175623 100.833953 -8.151370 0.599186 0.381586 0.566388 -0.417819
613.500000000 37.274826 100.842483 -7.983852 0.593278 0.376270 0.573536 -0.421307
613.600000000 37.362324 100.820103 -7.849790 0.589635 0.373287 0.577518 -0.423628
613.700000000 37.451004 100.715928 -7.781523 0.588250 0.372540 0.578497 -0.424874
613.800000000 37.525154 100.691334 -7.713091 0.587535 0.371483 0.579407 -0.425547
613.900000000 37.598490 100.646016 -7.663455 0.587379 0.370874 0.579508 -0.426155
614.000000000 37.668214 100.582419 -7.608363 0.586468 0.370219 0.580203 -0.427034
614.100000000 37.737558 100.518740 -7.566185 0.586505 0.370053 0.579975 -0.427437
614.200000000 37.802437 100.434536 -7.543483 0.587519 0.370340 0.578902 -0.427249
614.300000000 37.864996 100.426967 -7.520629 0.588435 0.370193 0.578266 -0.426977
614.400000000 37.926698 100.337837 -7.495754 0.588914 0.370193 0.577654 -0.427145
614.500000000 37.989586 100.322951 -7.457793 0.588668 0.369390 0.578103 -0.427571
614.600000000 38.057353 100.221113 -7.435115 0.588060 0.369250 0.578156 -0.428458
614.700000000 38.112702 100.234033 -7.400767 0.587240 0.368121 0.579167 -0.429187
614.800000000 38.160471 100.249807 -7.364727 0.587121 0.366839 0.579969 -0.429364
614.900000000 38.207611 100.247388 -7.355111 0.587846 0.366660 0.579455 -0.429220
615.000000000 38.266095 100.127881 -7.343593 0.587326 0.366368 0.579587 -0.430002
615.100000000 38.312475 100.022504 -7.341307 0.587323 0.366741 0.578974 -0.430514
615.200000000 38.356924 100.015444 -7.325463 0.586931 0.365798 0.579643 -0.430949
615.300000000 38.395751 100.054404 -7.332550 0.587515 0.366637 0.578406 -0.431103
615.400000000 38.440847 100.000191 -7.313928 0.586041 0.364611 0.580307 -0.432271
615.500000000 38.510435 99.881131 -7.332284 0.587228 0.364805 0.579531 -0.431537
615.600000000 38.552468 99.834128 -7.333698 0.586260 0.364446 0.580201 -0.432256
615.700000000 38.586858 99.771695 -7.316420 0.584138 0.362529 0.581929 -0.434412
615.800000000 38.585182 99.706388 -7.338960 0.585154 0.362081 0.581991 -0.433333
615.900000000 38.611612 99.700306 -7.354725 0.585070 0.361903 0.581960 -0.433638
616.000000000 38.641692 99.627535 -7.374382 0.585046 0.361472 0.582043 -0.433918
616.100000000 38.669605 99.568000 -7.388284 0.584705 0.361044 0.582357 -0.434312
616.200000000 38.687849 99.509104 -7.415421 0.584683 0.361323 0.582075 -0.434488
616.300000000 38.719314 99.353244 -7.433249 0.583434 0.361418 0.582281 -0.435810
616.400000000 38.737175 99.327946 -7.461157 0.582853 0.361560 0.582228 -0.436540
616.500000000 38.760166 99.222649 -7.495039 0.581950 0.362385 0.581767 -0.437674
616.600000000 38.781002 98.931158 -7.565692 0.583847 0.363583 0.580169 -0.436272
616.700000000 38.790461 98.891858 -7.590787 0.582826 0.363338 0.580566 -0.437313
616.800000000 38.798056 98.840004 -7.635312 0.583133 0.363589 0.580247 -0.437118
616.900000000 38.801573 98.827155 -7.680301 0.583737 0.364097 0.579712 -0.436599
617.000000000 38.801879 98.732126 -7.717653 0.583081 0.362046 0.581594 -0.436677
617.100000000 38.799922 98.689045 -7.763678 0.583563 0.362058 0.581426 -0.436248
617.200000000 38.799806 98.679120 -7.809058 0.583445 0.362656 0.581079 -0.436371
617.300000000 38.793106 98.643078 -7.868326 0.583954 0.364073 0.579861 -0.436130
617.400000000 38.788035 98.613098 -7.922985 0.584337 0.364609 0.579239 -0.435996
617.500000000 38.780521 98.604440 -7.967536 0.583327 0.364775 0.579657 -0.436654
617.600000000 38.774624 98.539240 -8.022473 0.582540 0.365945 0.578951 -0.437661
617.700000000 38.760908 98.355250 -8.086853 0.581999 0.366242 0.579192 -0.437814
617.800000000 38.742448 98.303024 -8.152089 0.582578 0.367626 0.577758 -0.437778
617.900000000 38.745468 98.142374 -8.208432 0.583733 0.364939 0.580029 -0.435480
618.000000000 38.736164 98.019856 -8.267807 0.584376 0.364347 0.580546 -0.434421
618.100000000 38.711799 98.003463 -8.326401 0.584447 0.364454 0.580431 -0.434389
618.200000000 38.680982 97.982034 -8.384434 0.584383 0.365159 0.579878 -0.434623
618.300000000 38.644254 97.991402 -8.442448 0.584098 0.365993 0.579347 -0.435013
618.400000000 38.609714 97.989948 -8.502196 0.584540 0.366696 0.578512 -0.434939
618.500000000 38.347203 97.965589 -8.540430 0.603330 0.338230 0.597652 -0.405470
618.600000000 38.519625 99.244147 -8.542380 0.581313 0.364956 0.581278 -0.437033
618.700000000 38.500010 99.055767 -8.605311 0.581302 0.363422 0.582704 -0.436426
618.800000000 38.470725 98.969037 -8.665831 0.580007 0.364442 0.582490 -0.437584
618.900000000 38.434905 98.866350 -8.728474 0.579811 0.364828 0.582101 -0.438038
619.000000000 38.421611 98.497072 -8.810794 0.576386 0.371131 0.577873 -0.442836
619.100000000 38.110467 97.445757 -8.912263 0.603111 0.336856 0.599965 -0.403518
619.200000000 38.332210 98.818293 -8.909766 0.579788 0.365759 0.581681 -0.437851
619.300000000 38.234790 99.718506 -8.932538 0.580277 0.367426 0.579705 -0.438428
619.400000000 38.182529 99.757593 -8.993160 0.580677 0.367744 0.579254 -0.438228
619.500000000 38.188843 99.075901 -9.070047 0.578551 0.367185 0.580927 -0.439292
619.600000000 37.948807 98.311785 -9.148313 0.575959 0.370276 0.579551 -0.441913
619.700000000 37.855616 97.116088 -9.260720 0.599153 0.339927 0.599902 -0.406919
619.800000000 37.789290 96.993633 -9.324662 0.598373 0.340672 0.599679 -0.407771
619.900000000 37.807143 96.660222 -9.365018 0.573252 0.365560 0.586396 -0.440327
620.000000000 37.675866 96.913115 -9.437247 0.598911 0.338464 0.601167 -0.406627
620.100000000 37.706332 96.630793 -9.477585 0.573113 0.365957 0.586171 -0.440479
620.200000000 37.565305 96.884083 -9.534320 0.599100 0.336126 0.603303 -0.405122
620.300000000 37.608476 96.445255 -9.570594 0.570667 0.364160 0.588909 -0.441489
620.400000000 37.820654 95.235728 -9.674369 0.571119 0.359625 0.593434 -0.438553
620.500000000 37.410768 96.617892 -9.700444 0.597277 0.338117 0.602748 -0.406978
620.600000000 37.453561 96.314868 -9.738474 0.570720 0.366350 0.587431 -0.441578
620.700000000 37.284973 96.373339 -9.815708 0.598834 0.337250 0.603314 -0.404564
620.800000000 37.347342 96.237599 -9.843522 0.571573 0.365633 0.587843 -0.440520
620.900000000 37.164136 96.393617 -9.914401 0.599223 0.337323 0.603262 -0.404005
621.000000000 37.409414 96.106325 -9.952016 0.572053 0.363648 0.589445 -0.439398
621.100000000 37.046248 96.300210 -9.997952 0.598427 0.334975 0.605596 -0.403647
621.200000000 37.277706 96.065688 -10.038074 0.571839 0.363953 0.589481 -0.439375
621.300000000 36.915584 96.124683 -10.086172 0.598554 0.334060 0.606605 -0.402700
621.400000000 37.147378 95.971255 -10.120844 0.571899 0.363176 0.590443 -0.438647
621.500000000 36.812211 96.012749 -10.164576 0.597329 0.334880 0.606601 -0.403842
621.600000000 37.045070 95.825697 -10.201603 0.571459 0.363359 0.590676 -0.438756
621.700000000 36.649914 95.911258 -10.246705 0.598351 0.333750 0.607517 -0.401882
621.800000000 36.906174 95.774094 -10.280494 0.574197 0.359619 0.593315 -0.434682
621.900000000 36.579870 97.306612 -10.258198 0.572812 0.369871 0.583710 -0.440868
622.000000000 36.363555 97.547667 -10.290540 0.598104 0.340818 0.600727 -0.406499
622.100000000 36.535628 97.874818 -10.318916 0.577523 0.367656 0.584310 -0.435749
622.200000000 36.468097 97.819706 -10.349008 0.577309 0.367522 0.584737 -0.435574
622.300000000 36.380869 97.752151 -10.377146 0.577005 0.367646 0.584856 -0.435713
622.400000000 36.310684 97.603110 -10.408093 0.576828 0.367838 0.584918 -0.435702
622.500000000 36.238567 97.578437 -10.436311 0.576899 0.368183 0.584738 -0.435558
622.600000000 36.160794 97.516302 -10.451328 0.575608 0.368168 0.585290 -0.436535
622.700000000 36.095922 97.398145 -10.468292 0.574740 0.367410 0.586354 -0.436889
622.800000000 36.015062 97.332535 -10.499229 0.575659 0.368049 0.585735 -0.435971
622.900000000 35.935608 97.280233 -10.519774 0.575851 0.368225 0.585581 -0.435776
623.000000000 35.860249 97.195156 -10.536837 0.575294 0.368442 0.585839 -0.435981
623.100000000 35.785182 97.085165 -10.556628 0.575204 0.368726 0.585738 -0.435996
623.200000000 35.723699 96.897760 -10.574717 0.575126 0.367996 0.586677 -0.435452
623.300000000 35.653699 96.823352 -10.589624 0.575178 0.367771 0.586975 -0.435172
623.400000000 35.576350 96.844458 -10.592911 0.574466 0.368034 0.587112 -0.435706
623.500000000 35.506640 96.721328 -10.596899 0.573593 0.367070 0.588317 -0.436042
623.600000000 35.420831 96.660700 -10.615282 0.574148 0.368441 0.587175 -0.435696
623.700000000 35.354613 96.468864 -10.630794 0.574542 0.368186 0.587561 -0.434872
623.800000000 35.281310 96.426146 -10.631575 0.574058 0.367989 0.587975 -0.435117
623.900000000 35.215784 96.356074 -10.633001 0.573786 0.367950 0.588303 -0.435066
624.000000000 35.150351 96.174996 -10.644146 0.573807 0.368048 0.588463 -0.434739
624.100000000 35.087619 96.124916 -10.643301 0.573809 0.367834 0.588697 -0.434601
624.200000000 35.016173 96.062960 -10.638541 0.573314 0.367098 0.589577 -0.434683
624.300000000 34.947037 96.031753 -10.634801 0.572857 0.367996 0.589059 -0.435228
624.400000000 34.886851 95.910991 -10.634123 0.573155 0.367285 0.589804 -0.434426
624.500000000 34.819991 95.853177 -10.629769 0.573359 0.367272 0.589800 -0.434173
624.600000000 34.759773 95.753025 -10.628383 0.573701 0.367033 0.589983 -0.433676
624.700000000 34.722188 95.592535 -10.625353 0.573299 0.366860 0.590385 -0.433807
624.800000000 34.702468 95.448493 -10.629379 0.572944 0.368035 0.589636 -0.434299
624.900000000 34.639607 95.395915 -10.620488 0.573169 0.367913 0.589676 -0.434051
625.000000000 34.580403 95.339305 -10.605635 0.572553 0.367942 0.589886 -0.434553
625.100000000 34.524926 95.238538 -10.588905 0.572875 0.366332 0.591214 -0.433684
625.200000000 34.462588 95.165944 -10.579891 0.573058 0.366862 0.590792 -0.433569
625.300000000 34.421141 95.003579 -10.574301 0.573023 0.367066 0.590685 -0.433587
625.400000000 34.364846 94.882076 -10.559545 0.572876 0.366583 0.591196 -0.433493
625.500000000 34.289593 94.793807 -10.543043 0.573192 0.366149 0.591534 -0.432983
625.600000000 34.236310 94.736980 -10.526174 0.573399 0.366525 0.591205 -0.432839
625.700000000 34.164240 94.596184 -10.510898 0.573554 0.365846 0.591712 -0.432515
625.800000000 34.113374 94.672010 -10.481370 0.573501 0.366169 0.591364 -0.432788
625.900000000 34.062964 94.596902 -10.465063 0.573652 0.366639 0.590937 -0.432773
626.000000000 34.014710 94.469228 -10.449046 0.573945 0.366345 0.590978 -0.432578
626.100000000 33.938475 94.351445 -10.427659 0.573988 0.366282 0.591047 -0.432480
626.200000000 33.884275 94.309297 -10.400189 0.573661 0.366084 0.591222 -0.432840
626.300000000 33.837022 94.165303 -10.382639 0.574235 0.365864 0.591303 -0.432156
626.400000000 33.762513 93.906892 -10.368970 0.574254 0.364700 0.592436 -0.431563
626.500000000 33.717351 93.917941 -10.336228 0.574351 0.364283 0.592545 -0.431636
626.600000000 33.660020 93.840820 -10.316898 0.575256 0.364512 0.591975 -0.431019
626.700000000 33.624953 93.723577 -10.290978 0.574686 0.364251 0.592314 -0.431534
626.800000000 33.574169 93.655754 -10.270403 0.575567 0.364382 0.591700 -0.431092
626.900000000 33.529398 93.491062 -10.250322 0.575369 0.364455 0.591826 -0.431120
627.000000000 33.475716 93.339987 -10.230289 0.575630 0.364275 0.591906 -0.430815
627.100000000 33.414680 93.232052 -10.201310 0.575567 0.363617 0.592382 -0.430801
627.200000000 33.381376 93.134257 -10.176889 0.575907 0.363224 0.592527 -0.430478
627.300000000 33.327510 92.986457 -10.156169 0.576232 0.362975 0.592581 -0.430178
627.400000000 33.253533 92.872433 -10.132874 0.576046 0.363776 0.591897 -0.430693
627.500000000 33.265440 92.733260 -10.110193 0.575881 0.363656 0.592038 -0.430820
627.600000000 33.245380 92.699433 -10.079344 0.576001 0.363401 0.592025 -0.430893
627.700000000 33.183814 92.596966 -10.050983 0.575727 0.363252 0.592193 -0.431153
627.800000000 33.173428 92.458746 -10.033196 0.576540 0.363469 0.591669 -0.430604
627.900000000 33.122361 92.367212 -10.006036 0.577476 0.362673 0.591783 -0.429862
628.000000000 33.049695 92.219462 -9.981228 0.577845 0.362100 0.592093 -0.429425
628.100000000 33.005340 92.078122 -9.956445 0.577200 0.362747 0.591681 -0.430312
628.200000000 32.990376 91.952448 -9.930308 0.576936 0.362664 0.591798 -0.430575
628.300000000 32.961145 91.834480 -9.908853 0.577152 0.363005 0.591342 -0.430623
628.400000000 32.902690 91.695175 -9.887077 0.577839 0.362936 0.591214 -0.429936
628.500000000 32.875123 91.585694 -9.856788 0.577181 0.362713 0.591308 -0.430879
628.600000000 32.845751 91.454287 -9.834049 0.577741 0.361836 0.591824 -0.430155
628.700000000 32.798773 91.348670 -9.809890 0.578329 0.361302 0.591974 -0.429608
628.800000000 32.750990 91.223228 -9.787045 0.578099 0.361948 0.591331 -0.430259
628.900000000 32.743528 91.082774 -9.768463 0.578415 0.361861 0.591295 -0.429957
629.000000000 32.690992 90.974681 -9.740521 0.578035 0.362048 0.591079 -0.430606
629.100000000 32.676774 90.843594 -9.719504 0.578281 0.361800 0.591071 -0.430495
629.200000000 32.631882 90.715390 -9.697342 0.578078 0.362138 0.590704 -0.430988
629.300000000 32.590656 90.579531 -9.676690 0.578118 0.362255 0.590462 -0.431167
629.400000000 32.577308 90.457368 -9.659229 0.579105 0.361464 0.590783 -0.430065
629.500000000 32.540953 90.330043 -9.635910 0.579002 0.361418 0.590716 -0.430335
629.600000000 32.503725 90.185921 -9.618379 0.579050 0.361727 0.590289 -0.430597
629.700000000 32.478075 90.062635 -9.599486 0.579086 0.361844 0.590024 -0.430814
629.800000000 32.438123 89.944418 -9.579443 0.579097 0.361930 0.589857 -0.430955
629.900000000 32.383686 89.803440 -9.564303 0.579094 0.362723 0.588954 -0.431527
630.000000000 32.377004 89.662469 -9.548530 0.579754 0.361794 0.589470 -0.430715
630.100000000 32.360988 89.517309 -9.534325 0.580399 0.361348 0.589470 -0.430220
630.200000000 32.312926 89.367024 -9.515284 0.579797 0.361587 0.589371 -0.430967
630.300000000 32.298715 89.254261 -9.501505 0.580160 0.361304 0.589311 -0.430797
630.400000000 32.256466 89.196494 -9.479407 0.579963 0.361682 0.588940 -0.431251
630.500000000 32.256826 89.058511 -9.468555 0.580796 0.361121 0.589008 -0.430508
630.600000000 32.210944 88.849050 -9.456849 0.579999 0.361869 0.588466 -0.431695
630.700000000 32.181166 88.777104 -9.445045 0.581007 0.361890 0.588107 -0.430809
630.800000000 32.186068 88.634296 -9.432872 0.581242 0.361229 0.588495 -0.430518
630.900000000 32.158631 88.471586 -9.420478 0.581114 0.360955 0.588530 -0.430872
631.000000000 32.086642 88.409493 -9.404161 0.580058 0.362110 0.587685 -0.432476
631.100000000 32.080228 88.300867 -9.396211 0.581382 0.361322 0.587901 -0.431061
631.200000000 32.059409 88.137876 -9.385430 0.580824 0.361405 0.587806 -0.431873
631.300000000 32.064192 88.018944 -9.378234 0.581808 0.360100 0.588490 -0.430705
631.400000000 32.018326 87.885966 -9.367074 0.581217 0.360406 0.588275 -0.431539
631.500000000 31.980720 87.724605 -9.362026 0.581065 0.360880 0.587825 -0.431961
631.600000000 31.989854 87.630425 -9.355447 0.582156 0.359681 0.588340 -0.430790
631.700000000 31.964441 87.501246 -9.349918 0.582610 0.359201 0.588542 -0.430301
631.800000000 31.909569 87.357647 -9.342230 0.581858 0.360143 0.587853 -0.431471
631.900000000 31.855559 87.213693 -9.339476 0.581281 0.361473 0.586742 -0.432647
632.000000000 31.841844 87.091041 -9.334588 0.581602 0.360672 0.587172 -0.432301
632.100000000 31.816622 86.958831 -9.332584 0.581747 0.360498 0.587117 -0.432324
632.200000000 31.791542 86.836321 -9.329115 0.581872 0.360284 0.587212 -0.432207
632.300000000 31.783262 86.719208 -9.327600 0.582438 0.359530 0.587586 -0.431563
632.400000000 31.748376 86.586112 -9.329215 0.582908 0.359427 0.587419 -0.431242
632.500000000 31.691933 86.456548 -9.327930 0.581934 0.360669 0.586535 -0.432722
632.600000000 31.675702 86.342320 -9.327208 0.582354 0.359594 0.587148 -0.432218
632.700000000 31.630631 86.199756 -9.335623 0.581981 0.360955 0.586053 -0.433072
632.800000000 31.633397 86.098644 -9.341600 0.583017 0.359526 0.586857 -0.431776
632.900000000 31.578037 85.977924 -9.343323 0.582767 0.359362 0.586998 -0.432059
633.000000000 31.550124 85.864939 -9.352032 0.582850 0.359412 0.586902 -0.432035
633.100000000 31.471611 85.754443 -9.357762 0.581941 0.360505 0.586132 -0.433394
633.200000000 31.477314 85.632730 -9.373894 0.582918 0.359493 0.586652 -0.432215
633.300000000 31.405495 85.546025 -9.387462 0.582510 0.360225 0.586101 -0.432904
633.400000000 31.320564 85.440480 -9.398650 0.580349 0.363198 0.584112 -0.435999
633.500000000 31.358274 85.310228 -9.422570 0.584158 0.357273 0.587981 -0.430574
633.600000000 31.305642 85.195275 -9.444359 0.583590 0.358415 0.587150 -0.431528
633.700000000 31.244470 85.134701 -9.464852 0.583661 0.358323 0.587146 -0.431514
633.800000000 31.209720 85.023961 -9.491331 0.581848 0.361367 0.585097 -0.434199
633.900000000 31.170053 84.916441 -9.521647 0.582372 0.360743 0.585466 -0.433517
634.000000000 31.125870 84.850506 -9.551208 0.579955 0.365183 0.582389 -0.437168
634.100000000 31.126094 84.746587 -9.585088 0.580699 0.363405 0.583621 -0.436019
634.200000000 31.113935 84.612146 -9.624625 0.582716 0.360121 0.585783 -0.433143
634.300000000 31.071323 84.514856 -9.665209 0.583155 0.360286 0.585547 -0.432733
634.400000000 31.028718 84.374010 -9.712477 0.584550 0.359213 0.586077 -0.431023
634.500000000 30.966582 84.244277 -9.757534 0.584699 0.359432 0.585846 -0.430953
634.600000000 30.939137 84.232932 -9.796253 0.584959 0.358313 0.586636 -0.430457
634.700000000 30.904116 84.067446 -9.842947 0.585390 0.356680 0.587866 -0.429548
634.800000000 30.861662 84.032188 -9.889986 0.585412 0.357412 0.587285 -0.429705
634.900000000 30.820954 84.000026 -9.941211 0.585996 0.357600 0.587045 -0.429079
635.000000000 30.784510 83.930780 -9.989811 0.585453 0.357569 0.587256 -0.429558
635.100000000 30.739688 83.729101 -10.051719 0.586113 0.356706 0.587741 -0.428711
635.200000000 30.684380 83.287763 -10.130730 0.587282 0.356163 0.587661 -0.427671
635.300000000 30.634164 83.499337 -10.167499 0.586534 0.356268 0.588057 -0.428065
635.400000000 30.566354 83.551728 -10.211318 0.585854 0.356542 0.588148 -0.428644
635.500000000 30.522884 83.346802 -10.279005 0.586478 0.355692 0.588656 -0.427799
635.600000000 30.471575 82.956236 -10.367250 0.587499 0.356529 0.587487 -0.427308
635.700000000 30.433606 82.771699 -10.433071 0.587532 0.356233 0.587687 -0.427232
635.800000000 30.380675 82.623804 -10.503550 0.587473 0.357047 0.586982 -0.427604
635.900000000 30.319415 82.552983 -10.563944 0.587540 0.356474 0.587368 -0.427459
636.000000000 30.266191 82.462625 -10.631526 0.587871 0.356390 0.587483 -0.426916
636.100000000 30.216336 82.354238 -10.696986 0.588654 0.355202 0.588162 -0.425891
636.200000000 30.161081 82.207265 -10.768143 0.588578 0.355376 0.588107 -0.425926
636.300000000 30.104346 82.231655 -10.820401 0.587887 0.355144 0.588624 -0.426361
636.400000000 30.050994 82.082015 -10.894442 0.588344 0.355344 0.588301 -0.426009
636.500000000 29.999270 81.944576 -10.960605 0.588045 0.354733 0.588925 -0.426069
636.600000000 29.937290 81.927204 -11.024239 0.588193 0.354683 0.589067 -0.425710
636.700000000 29.878337 81.871002 -11.089014 0.588013 0.354766 0.589053 -0.425909
636.800000000 29.822537 81.794871 -11.153840 0.588158 0.354541 0.589224 -0.425660
636.900000000 29.770200 81.659085 -11.226390 0.588830 0.353990 0.589537 -0.424754
637.000000000 29.703278 81.531533 -11.298025 0.589091 0.354184 0.589296 -0.424566
637.100000000 29.646350 81.529895 -11.357771 0.588597 0.354187 0.589569 -0.424869
637.200000000 29.584431 81.302556 -11.439334 0.589128 0.354706 0.588956 -0.424550
637.300000000 29.524108 81.249396 -11.498016 0.588463 0.354383 0.589519 -0.424962
637.400000000 29.460399 81.226426 -11.565805 0.588880 0.355163 0.588890 -0.424604
637.500000000 29.394028 81.193170 -11.627674 0.588850 0.355263 0.588793 -0.424696
637.600000000 29.333191 81.075778 -11.691562 0.588594 0.355365 0.588963 -0.424730
637.700000000 29.277236 81.028989 -11.754310 0.588745 0.355456 0.588876 -0.424566
637.800000000 29.212864 80.968390 -11.816948 0.588554 0.355772 0.588738 -0.424757
637.900000000 29.155573 80.641418 -11.899146 0.589642 0.355211 0.588858 -0.423549
638.000000000 29.094327 80.646650 -11.948123 0.588915 0.355192 0.589250 -0.424033
638.100000000 29.022182 80.643634 -12.009714 0.588923 0.356341 0.588364 -0.424286
638.200000000 28.957557 80.492784 -12.072203 0.589115 0.356373 0.588284 -0.424103
638.300000000 28.897061 80.509643 -12.127501 0.589487 0.356066 0.588555 -0.423468
638.400000000 28.835641 80.379917 -12.187267 0.589240 0.356599 0.588284 -0.423741
638.500000000 28.766853 80.402613 -12.234369 0.588799 0.357043 0.588192 -0.424107
638.600000000 28.702161 80.433304 -12.285391 0.588682 0.357342 0.588151 -0.424075
638.700000000 28.634770 80.407150 -12.336479 0.588653 0.357924 0.587738 -0.424197
638.800000000 28.565570 80.318093 -12.386099 0.588139 0.358527 0.587495 -0.424737
638.900000000 28.510169 80.105610 -12.440221 0.588241 0.357483 0.588255 -0.424424
639.000000000 28.437822 80.031832 -12.490438 0.588157 0.357805 0.588100 -0.424484
639.100000000 28.376396 79.834241 -12.549142 0.588914 0.357734 0.587937 -0.423718
639.200000000 28.304932 79.784979 -12.594887 0.588594 0.358046 0.587864 -0.424000
639.300000000 28.238352 79.709632 -12.636194 0.588245 0.358485 0.587723 -0.424309
639.400000000 28.171284 79.674879 -12.684180 0.588691 0.358862 0.587386 -0.423839
639.500000000 28.107309 79.634052 -12.723741 0.588825 0.358815 0.587457 -0.423593
639.600000000 28.042978 79.433515 -12.767223 0.588719 0.358605 0.587635 -0.423672
639.700000000 27.972223 79.473688 -12.797983 0.588453 0.358874 0.587682 -0.423749
639.800000000 27.905055 79.402545 -12.839054 0.588633 0.359261 0.587415 -0.423540
639.900000000 27.836605 79.356957 -12.876826 0.589297 0.359535 0.587091 -0.422834
640.000000000 27.766949 79.255991 -12.913725 0.589226 0.359747 0.586936 -0.422966
640.100000000 27.710577 79.215711 -12.943326 0.589377 0.359593 0.587216 -0.422498
640.200000000 27.644976 79.037459 -12.978320 0.589215 0.359920 0.586968 -0.422791
640.300000000 27.572769 78.956944 -13.009117 0.589400 0.360198 0.586724 -0.422635
640.400000000 27.513762 78.838909 -13.040848 0.589858 0.360156 0.586671 -0.422104
640.500000000 27.448344 78.792393 -13.065335 0.589749 0.360560 0.586448 -0.422222
640.600000000 27.386451 78.689750 -13.089039 0.589365 0.360984 0.586282 -0.422626
640.700000000 27.308025 78.605059 -13.111306 0.589261 0.361416 0.585995 -0.422800
640.800000000 27.242680 78.400808 -13.136418 0.589398 0.361318 0.585959 -0.422743
640.900000000 27.178627 78.309363 -13.157705 0.589447 0.361771 0.585631 -0.422742
641.000000000 27.118138 78.209257 -13.175305 0.589710 0.361513 0.585867 -0.422268
641.100000000 27.051332 78.082550 -13.192304 0.589750 0.361845 0.585629 -0.422259
641.200000000 26.991258 77.882342 -13.207311 0.589403 0.361863 0.585739 -0.422574
641.300000000 26.923922 77.759941 -13.219534 0.589586 0.361674 0.585841 -0.422340
641.400000000 26.860869 77.667615 -13.232750 0.590242 0.360899 0.586313 -0.421431
641.500000000 26.794672 77.565687 -13.239300 0.590410 0.360721 0.586463 -0.421138
641.600000000 26.729141 77.476391 -13.244603 0.590306 0.360867 0.586362 -0.421300
641.700000000 26.665366 77.414874 -13.245999 0.590205 0.360799 0.586507 -0.421296
641.800000000 26.597794 77.194300 -13.254684 0.589900 0.361109 0.586386 -0.421628
641.900000000 26.544861 77.096177 -13.260212 0.590614 0.360638 0.586636 -0.420683
642.000000000 26.479276 76.906035 -13.262262 0.590598 0.360655 0.586556 -0.420803
642.100000000 26.420415 76.723237 -13.267503 0.591121 0.360126 0.586865 -0.420090
642.200000000 26.357842 76.652571 -13.264783 0.591046 0.360221 0.586852 -0.420130
642.300000000 26.297213 76.618889 -13.256738 0.590864 0.360350 0.586846 -0.420286
642.400000000 26.233960 76.398499 -13.256672 0.590972 0.360048 0.587008 -0.420167
642.500000000 26.175664 76.307269 -13.249524 0.590933 0.360038 0.587098 -0.420104
642.600000000 26.105311 76.156530 -13.244285 0.590607 0.361055 0.586314 -0.420783
642.700000000 26.049579 76.053359 -13.233090 0.590304 0.361116 0.586429 -0.420995
642.800000000 25.989922 75.833983 -13.229716 0.591293 0.360007 0.587041 -0.419703
642.900000000 25.932765 75.787072 -13.213425 0.590892 0.360295 0.586951 -0.420145
643.000000000 25.873162 75.668286 -13.202789 0.590748 0.360692 0.586640 -0.420442
643.100000000 25.811490 75.506887 -13.191908 0.590624 0.360856 0.586568 -0.420576
643.200000000 25.747281 75.364879 -13.178636 0.590573 0.360826 0.586622 -0.420598
643.300000000 25.689014 75.244750 -13.164442 0.590351 0.361241 0.586325 -0.420968
643.400000000 25.639812 75.102892 -13.150138 0.590611 0.360818 0.586611 -0.420568
643.500000000 25.582016 75.053095 -13.131159 0.590669 0.360922 0.586506 -0.420543
643.600000000 25.519447 74.752828 -13.113472 0.590386 0.360278 0.587082 -0.420687
643.700000000 25.466393 74.742290 -13.091182 0.590329 0.360344 0.587065 -0.420735
643.800000000 25.408756 74.649564 -13.070322 0.590352 0.360329 0.587102 -0.420664
643.900000000 25.352080 74.466289 -13.049129 0.590355 0.359945 0.587379 -0.420602
644.000000000 25.296195 74.371483 -13.025778 0.590247 0.359917 0.587429 -0.420707
644.100000000 25.243541 74.273602 -13.005694 0.590045 0.360116 0.587321 -0.420972
644.200000000 25.185919 74.122429 -12.984761 0.590031 0.360077 0.587362 -0.420968
644.300000000 25.126965 74.007717 -12.962027 0.589876 0.360403 0.587127 -0.421234
644.400000000 25.071964 73.901316 -12.943795 0.590072 0.360857 0.586640 -0.421248
644.500000000 25.014247 73.765954 -12.918057 0.589746 0.361167 0.586562 -0.421548
644.600000000 24.958834 73.581239 -12.899986 0.589929 0.361237 0.586382 -0.421482
644.700000000 24.906559 73.548844 -12.875750 0.590067 0.361565 0.586074 -0.421436
644.800000000 24.857062 73.459826 -12.847013 0.589646 0.361684 0.586126 -0.421851
644.900000000 24.804146 73.397236 -12.823524 0.589717 0.362113 0.585780 -0.421864
645.000000000 24.746818 73.113067 -12.808010 0.590422 0.361540 0.585954 -0.421128
645.100000000 24.693380 73.082161 -12.778822 0.590371 0.361637 0.585889 -0.421207
645.200000000 24.645846 72.975757 -12.749845 0.590071 0.361710 0.585994 -0.421418
645.300000000 24.591967 72.828421 -12.726964 0.590034 0.361915 0.585778 -0.421594
645.400000000 24.538673 72.662943 -12.697201 0.589746 0.361891 0.585876 -0.421882
645.500000000 24.486033 72.607635 -12.669150 0.589675 0.361903 0.585817 -0.422052
645.600000000 24.432956 72.391670 -12.645987 0.589356 0.361858 0.585969 -0.422326
645.700000000 24.380456 72.323253 -12.625424 0.589577 0.362104 0.585679 -0.422208
645.800000000 24.327742 72.238644 -12.602199 0.589843 0.362394 0.585315 -0.422092
645.900000000 24.274988 72.084358 -12.577375 0.589939 0.362080 0.585521 -0.421942
646.000000000 24.223874 71.960862 -12.554705 0.590077 0.362312 0.585267 -0.421903
646.100000000 24.171250 71.854585 -12.529169 0.590022 0.362481 0.585150 -0.421996
646.200000000 24.123710 71.666092 -12.504491 0.590182 0.361572 0.585836 -0.421600
646.300000000 24.068614 71.567730 -12.487257 0.590566 0.362191 0.585129 -0.421513
646.400000000 24.015702 71.436201 -12.467968 0.590783 0.362525 0.584785 -0.421399
646.500000000 23.968175 71.336874 -12.442277 0.590577 0.362610 0.584767 -0.421640
646.600000000 23.915818 71.214129 -12.419765 0.590557 0.362707 0.584709 -0.421666
646.700000000 23.864583 71.086199 -12.395084 0.590590 0.362522 0.584756 -0.421713
646.800000000 23.816067 70.967090 -12.373261 0.590536 0.362450 0.584817 -0.421766
646.900000000 23.766112 70.858402 -12.350921 0.590560 0.362242 0.584904 -0.421790
647.000000000 23.717647 70.728772 -12.330751 0.590648 0.362275 0.584838 -0.421730
647.100000000 23.665361 70.627709 -12.312438 0.590520 0.362699 0.584488 -0.422030
647.200000000 23.616589 70.517793 -12.289803 0.590094 0.363076 0.584323 -0.422530
647.300000000 23.563235 70.408796 -12.273935 0.590225 0.363569 0.583809 -0.422634
647.400000000 23.509970 70.293233 -12.257906 0.590125 0.364079 0.583366 -0.422946
647.500000000 23.460514 70.172915 -12.240366 0.590122 0.364266 0.583157 -0.423078
647.600000000 23.414976 70.037234 -12.221380 0.589991 0.364006 0.583372 -0.423186
647.700000000 23.363312 69.919772 -12.203196 0.590070 0.363461 0.583801 -0.422953
647.800000000 23.309868 69.790115 -12.186926 0.590259 0.363194 0.583892 -0.422794
647.900000000 23.266369 69.660990 -12.171061 0.590284 0.363006 0.584053 -0.422697
648.000000000 23.216499 69.534035 -12.161190 0.590526 0.363161 0.583760 -0.422632
648.100000000 23.167987 69.406115 -12.147126 0.590455 0.363274 0.583696 -0.422723
648.200000000 23.116917 69.287453 -12.129107 0.590298 0.362715 0.584157 -0.422784
648.300000000 23.067003 69.160097 -12.114661 0.590114 0.362569 0.584308 -0.422957
648.400000000 23.016411 69.026010 -12.106711 0.590300 0.362761 0.584104 -0.422816
648.500000000 22.970448 68.900135 -12.094161 0.590173 0.362310 0.584529 -0.422792
648.600000000 22.918898 68.766792 -12.085136 0.590222 0.362191 0.584598 -0.422731
648.700000000 22.868195 68.635257 -12.077931 0.590325 0.362207 0.584534 -0.422661
648.800000000 22.815457 68.498632 -12.070049 0.590210 0.362169 0.584582 -0.422788
648.900000000 22.764555 68.365720 -12.064442 0.590370 0.362123 0.584553 -0.422645
649.000000000 22.712543 68.234210 -12.058991 0.590529 0.362090 0.584481 -0.422550
649.100000000 22.663005 68.114313 -12.053982 0.590567 0.362171 0.584383 -0.422563
649.200000000 22.614543 68.008172 -12.050225 0.590821 0.362071 0.584322 -0.422377
649.300000000 22.564675 67.873020 -12.047737 0.590623 0.362229 0.584253 -0.422614
649.400000000 22.514958 67.743475 -12.043490 0.590376 0.362251 0.584298 -0.422880
649.500000000 22.461940 67.607168 -12.041419 0.590297 0.362234 0.584331 -0.422958
649.600000000 22.412093 67.468341 -12.041004 0.590379 0.362139 0.584384 -0.422850
649.700000000 22.360797 67.339498 -12.040206 0.590398 0.361833 0.584618 -0.422764
649.800000000 22.312949 67.223309 -12.039430 0.590142 0.362146 0.584409 -0.423142
649.900000000 22.259016 67.092408 -12.040576 0.590157 0.362064 0.584457 -0.423124
650.000000000 22.208311 66.955111 -12.044706 0.590354 0.361839 0.584586 -0.422864
650.100000000 22.157958 66.811366 -12.048006 0.590307 0.361710 0.584727 -0.422845
650.200000000 22.105075 66.698255 -12.050576 0.590420 0.361490 0.584843 -0.422715
650.300000000 22.050911 66.616773 -12.050648 0.590466 0.361058 0.585228 -0.422487
650.400000000 21.998867 66.472675 -12.058021 0.590272 0.361517 0.584812 -0.422941
650.500000000 21.948126 66.341297 -12.063578 0.590067 0.361786 0.584614 -0.423271
650.600000000 21.898743 66.131564 -12.074147 0.589698 0.362111 0.584485 -0.423685
650.700000000 21.845320 66.070506 -12.076778 0.589938 0.361559 0.584875 -0.423284
650.800000000 21.792535 65.934302 -12.086193 0.590047 0.361492 0.584845 -0.423230
650.900000000 21.736947 65.855799 -12.092076 0.590357 0.360727 0.585426 -0.422647
651.000000000 21.683928 65.676882 -12.106200 0.590357 0.360965 0.585171 -0.422798
651.100000000 21.624464 65.601663 -12.112765 0.590753 0.360381 0.585543 -0.422226
651.200000000 21.570658 65.499551 -12.122196 0.590885 0.360099 0.585706 -0.422057
651.300000000 21.517595 65.340250 -12.135971 0.590531 0.360305 0.585651 -0.422453
651.400000000 21.462651 65.201554 -12.149505 0.590394 0.360349 0.585671 -0.422579
651.500000000 21.412444 65.032949 -12.165308 0.590048 0.360768 0.585394 -0.423089
651.600000000 21.357286 64.944727 -12.176347 0.590206 0.360285 0.585748 -0.422789
651.700000000 21.301451 64.842807 -12.186994 0.590027 0.360213 0.585852 -0.422956
651.800000000 21.244954 64.693003 -12.204058 0.589832 0.360315 0.585825 -0.423179
651.900000000 21.191463 64.657314 -12.212858 0.590027 0.359998 0.586005 -0.422929
652.000000000 21.133241 64.477950 -12.232118 0.589749 0.360392 0.585752 -0.423330
652.100000000 21.077484 64.334842 -12.249870 0.590265 0.359452 0.586409 -0.422499
652.200000000 21.022229 64.183409 -12.270313 0.590012 0.359829 0.586173 -0.422860
652.300000000 20.965445 64.031404 -12.293288 0.589910 0.360306 0.585751 -0.423179
652.400000000 20.910201 63.897346 -12.311098 0.589465 0.360532 0.585765 -0.423588
652.500000000 20.853038 63.833867 -12.327267 0.589502 0.360629 0.585695 -0.423552
652.600000000 20.797197 63.647508 -12.353100 0.589626 0.360704 0.585630 -0.423405
652.700000000 20.737206 63.566653 -12.370184 0.589904 0.360490 0.585705 -0.423096
652.800000000 20.682023 63.447131 -12.388205 0.589679 0.360425 0.585851 -0.423263
652.900000000 20.622334 63.370687 -12.406166 0.589895 0.360546 0.585662 -0.423120
653.000000000 20.565681 63.332923 -12.418671 0.590139 0.360235 0.585907 -0.422705
653.100000000 20.510572 63.207042 -12.440167 0.590301 0.360030 0.586041 -0.422469
653.200000000 20.450161 63.036144 -12.467005 0.590284 0.360320 0.585764 -0.422628
653.300000000 20.389194 62.877576 -12.493554 0.590304 0.360692 0.585443 -0.422728
653.400000000 20.334903 62.782324 -12.510582 0.590059 0.360582 0.585654 -0.422873
653.500000000 20.275871 62.624255 -12.534875 0.589827 0.360806 0.585541 -0.423160
653.600000000 20.212897 62.508109 -12.556047 0.590756 0.359656 0.586148 -0.422002
653.700000000 20.155536 62.345125 -12.581730 0.590623 0.360044 0.585888 -0.422218
653.800000000 20.095425 62.256082 -12.599458 0.590378 0.360238 0.585803 -0.422512
653.900000000 20.036643 62.142551 -12.621508 0.590370 0.360407 0.585631 -0.422619
654.000000000 19.972103 61.986431 -12.647938 0.590318 0.360999 0.585141 -0.422865
654.100000000 19.911977 61.827807 -12.672762 0.590708 0.360356 0.585601 -0.422232
654.200000000 19.852241 61.728046 -12.693724 0.590811 0.360309 0.585657 -0.422049
654.300000000 19.792835 61.585790 -12.718026 0.590733 0.360534 0.585511 -0.422169
654.400000000 19.735099 61.453270 -12.740651 0.590732 0.360892 0.585222 -0.422266
654.500000000 19.672645 61.329578 -12.763127 0.590762 0.361039 0.585085 -0.422287
654.600000000 19.608252 61.255650 -12.781064 0.591825 0.359400 0.586132 -0.420743
654.700000000 19.544484 61.119932 -12.803028 0.591326 0.360132 0.585677 -0.421451
654.800000000 19.485734 60.960497 -12.827439 0.590842 0.360739 0.585405 -0.421989
654.900000000 19.424413 60.810134 -12.852027 0.590827 0.361148 0.585066 -0.422129
655.000000000 19.363700 60.644602 -12.877790 0.590830 0.361454 0.584815 -0.422211
655.100000000 19.300973 60.518947 -12.899253 0.591486 0.360916 0.585039 -0.421442
655.200000000 19.234405 60.403900 -12.921206 0.591576 0.361177 0.584754 -0.421486
655.300000000 19.175486 60.287868 -12.941264 0.591517 0.361246 0.584806 -0.421439
655.400000000 19.113674 60.153021 -12.961402 0.591620 0.361233 0.584752 -0.421380
655.500000000 19.051612 60.014046 -12.983281 0.592019 0.360562 0.585189 -0.420787
655.600000000 18.988752 59.889664 -13.000535 0.591628 0.361000 0.585021 -0.421196
655.700000000 18.922741 59.745215 -13.022367 0.591448 0.361343 0.584829 -0.421421
655.800000000 18.859515 59.637975 -13.042067 0.591519 0.361625 0.584574 -0.421433
655.900000000 18.797701 59.492852 -13.062081 0.591524 0.361643 0.584620 -0.421347
656.000000000 18.739825 59.331174 -13.079917 0.591833 0.361026 0.585093 -0.420785
656.100000000 18.675922 59.251232 -13.095041 0.591828 0.361276 0.584864 -0.420896
656.200000000 18.613709 59.157897 -13.106901 0.591403 0.361576 0.584822 -0.421295
656.300000000 18.549578 59.025229 -13.124014 0.591144 0.361860 0.584708 -0.421572
656.400000000 18.486118 58.902203 -13.138701 0.590781 0.362304 0.584502 -0.421985
656.500000000 18.426987 58.779941 -13.156271 0.590960 0.362220 0.584576 -0.421703
656.600000000 18.365304 58.616910 -13.174070 0.591379 0.362086 0.584531 -0.421294
656.700000000 18.296389 58.502001 -13.188184 0.591055 0.362392 0.584426 -0.421630
656.800000000 18.236307 58.352753 -13.202414 0.591295 0.362012 0.584694 -0.421248
656.900000000 18.173517 58.209625 -13.214098 0.590699 0.362514 0.584551 -0.421851
657.000000000 18.110037 58.105523 -13.228454 0.590689 0.362774 0.584340 -0.421934
657.100000000 18.050755 57.990835 -13.240059 0.591021 0.362165 0.584806 -0.421347
657.200000000 17.985627 57.837622 -13.251949 0.590354 0.362774 0.584565 -0.422091
657.300000000 17.921404 57.720527 -13.264005 0.590218 0.362982 0.584502 -0.422191
657.400000000 17.859572 57.600870 -13.272668 0.589632 0.363457 0.584384 -0.422762
657.500000000 17.799603 57.502382 -13.280671 0.589268 0.363763 0.584294 -0.423131
657.600000000 17.739807 57.379023 -13.289142 0.589468 0.363242 0.584731 -0.422696
657.700000000 17.690458 57.273530 -13.300911 0.590462 0.362199 0.585239 -0.421500
657.800000000 17.619173 57.123022 -13.312099 0.590213 0.362685 0.584931 -0.421858
657.900000000 17.559904 56.972561 -13.321701 0.590107 0.362615 0.585122 -0.421801
658.000000000 17.495149 56.785696 -13.329422 0.589698 0.362752 0.585246 -0.422082
658.100000000 17.432009 56.665100 -13.335102 0.589329 0.363096 0.585131 -0.422462
658.200000000 17.370672 56.530779 -13.341319 0.589050 0.363433 0.584962 -0.422794
658.300000000 17.309161 56.392335 -13.345942 0.588588 0.363973 0.584642 -0.423416
658.400000000 17.248749 56.301843 -13.346334 0.588587 0.363732 0.584898 -0.423272
658.500000000 17.209616 56.122122 -13.348014 0.589409 0.362079 0.586179 -0.421769
658.600000000 17.142849 56.026817 -13.348448 0.589363 0.362440 0.585863 -0.421963
658.700000000 17.090590 55.953416 -13.344507 0.589432 0.362351 0.585947 -0.421828
658.800000000 17.037754 55.828935 -13.342900 0.589462 0.362434 0.585854 -0.421844
658.900000000 16.972916 55.731058 -13.334557 0.589394 0.362533 0.585832 -0.421883
659.000000000 16.925865 55.625118 -13.330873 0.589869 0.362221 0.585908 -0.421381
659.100000000 16.869533 55.542228 -13.319648 0.589947 0.362179 0.585946 -0.421255
659.200000000 16.797433 55.353736 -13.305047 0.589359 0.362627 0.585811 -0.421881
659.300000000 16.752653 55.218625 -13.289688 0.589250 0.362604 0.585877 -0.421961
659.400000000 16.713044 55.118551 -13.270904 0.589477 0.362190 0.586196 -0.421557
659.500000000 16.653798 54.956774 -13.252009 0.589510 0.362157 0.586222 -0.421502
659.600000000 16.602342 54.843151 -13.227412 0.589558 0.362128 0.586267 -0.421397
659.700000000 16.553492 54.721821 -13.199960 0.589499 0.362048 0.586377 -0.421396
659.800000000 16.487727 54.577525 -13.171846 0.589333 0.362405 0.586159 -0.421624
659.900000000 16.440821 54.447815 -13.137999 0.589126 0.362296 0.586294 -0.421819
660.000000000 16.409490 54.304787 -13.101023 0.590038 0.360483 0.587596 -0.420283
660.100000000 16.338602 54.190821 -13.059885 0.589718 0.360721 0.587463 -0.420715
660.200000000 16.295055 54.053119 -13.016814 0.589817 0.360416 0.587752 -0.420433
660.300000000 16.236503 53.914734 -12.969078 0.589669 0.360548 0.587720 -0.420571
660.400000000 16.196186 53.799179 -12.920498 0.589638 0.360583 0.587695 -0.420620
660.500000000 16.130981 53.674557 -12.867059 0.589407 0.360905 0.587509 -0.420927
660.600000000 16.069547 53.530775 -12.811489 0.588945 0.361417 0.587240 -0.421510
660.700000000 16.018343 53.396197 -12.749842 0.588946 0.361142 0.587502 -0.421379
660.800000000 15.979994 53.259301 -12.687055 0.589351 0.360403 0.588013 -0.420732
660.900000000 15.915634 53.125334 -12.621491 0.589466 0.360361 0.588095 -0.420493
661.000000000 15.874325 52.996400 -12.552402 0.589935 0.359583 0.588598 -0.419797
661.100000000 15.817355 52.854685 -12.478685 0.589528 0.360397 0.588038 -0.420454
661.200000000 15.763731 52.701512 -12.409488 0.589325 0.361675 0.587002 -0.421090
661.300000000 15.683164 52.578913 -12.322157 0.588481 0.361714 0.587256 -0.421882
661.400000000 15.631183 52.442512 -12.242747 0.588766 0.361637 0.587258 -0.421546
661.500000000 15.612475 52.301079 -12.166695 0.590349 0.360124 0.588095 -0.419456
661.600000000 15.555775 52.172614 -12.078426 0.589531 0.360517 0.587994 -0.420409
661.700000000 15.464960 52.025523 -11.990902 0.589274 0.361374 0.587333 -0.420957
661.800000000 15.399665 51.899518 -11.897183 0.588791 0.361548 0.587314 -0.421510
661.900000000 15.351481 51.754564 -11.813855 0.589026 0.362185 0.586669 -0.421533
662.000000000 15.283222 51.617362 -11.720771 0.588483 0.362449 0.586574 -0.422197
662.100000000 15.206240 51.482787 -11.624377 0.587758 0.362935 0.586341 -0.423110
662.200000000 15.210576 51.358644 -11.533218 0.588750 0.361291 0.587495 -0.421535
662.300000000 15.156722 51.222461 -11.439879 0.588838 0.360933 0.587744 -0.421371
662.400000000 15.093418 51.090223 -11.345614 0.588646 0.360833 0.587943 -0.421448
662.500000000 15.051285 50.948180 -11.264401 0.589124 0.361416 0.587277 -0.421209
662.600000000 14.990358 50.809551 -11.174518 0.589181 0.361679 0.586957 -0.421349
662.700000000 14.923990 50.662137 -11.092129 0.589374 0.362333 0.586438 -0.421240
662.800000000 14.857031 50.531689 -10.997684 0.588354 0.362792 0.586238 -0.422548
662.900000000 14.803642 50.402021 -10.905574 0.588164 0.362108 0.586901 -0.422478
663.000000000 14.761436 50.267053 -10.822765 0.588521 0.361814 0.587076 -0.421990
663.100000000 14.750942 50.144452 -10.748682 0.589266 0.361662 0.586998 -0.421189
663.200000000 14.679750 49.994633 -10.673595 0.590081 0.361485 0.586927 -0.420297
663.300000000 14.627934 49.864522 -10.594141 0.589383 0.361964 0.586622 -0.421290
663.400000000 14.556979 49.737669 -10.515332 0.588700 0.362274 0.586620 -0.421979
663.500000000 14.505256 49.602446 -10.448499 0.588902 0.362575 0.586290 -0.421899
663.600000000 14.476479 49.477792 -10.380752 0.589048 0.362159 0.586515 -0.421739
663.700000000 14.410161 49.331744 -10.316922 0.589736 0.361234 0.587171 -0.420656
663.800000000 14.354436 49.207069 -10.254206 0.589278 0.361668 0.586886 -0.421323
663.900000000 14.315091 49.079669 -10.198033 0.589288 0.361436 0.587099 -0.421211
664.000000000 14.258101 48.953018 -10.153178 0.589614 0.362132 0.586435 -0.421081
664.100000000 14.183930 48.830063 -10.104042 0.589164 0.362636 0.586068 -0.421789
664.200000000 14.141874 48.707005 -10.054161 0.588896 0.362630 0.586221 -0.421954
664.300000000 14.094605 48.580161 -10.013254 0.589256 0.361740 0.586822 -0.421380
664.400000000 14.069800 48.480210 -9.971635 0.589379 0.360791 0.587621 -0.420908
664.500000000 14.014368 48.417040 -9.932896 0.589623 0.360014 0.588233 -0.420376
664.600000000 13.924791 48.160415 -9.913644 0.589218 0.361513 0.586928 -0.421480
664.700000000 13.864206 47.996518 -9.887874 0.588788 0.361876 0.586763 -0.421999
664.800000000 13.841919 47.951447 -9.860720 0.588697 0.362033 0.586733 -0.422034
664.900000000 13.821731 47.846733 -9.843494 0.589284 0.361202 0.587275 -0.421172
665.000000000 13.761990 47.694162 -9.830918 0.589572 0.361254 0.587037 -0.421056
665.100000000 13.761030 47.579127 -9.819302 0.589210 0.361235 0.587157 -0.421410
665.200000000 13.652228 47.306558 -9.818766 0.588646 0.361744 0.586819 -0.422232
665.300000000 13.598363 47.206061 -9.815406 0.588630 0.362616 0.586086 -0.422525
665.400000000 13.561909 47.050336 -9.818125 0.588480 0.363137 0.585587 -0.422978
665.500000000 13.525061 46.968214 -9.818330 0.588581 0.363210 0.585514 -0.422876
665.600000000 13.494547 46.990972 -9.811975 0.589394 0.361046 0.587145 -0.421333
665.700000000 13.396863 46.723888 -9.829713 0.589291 0.361269 0.586937 -0.421576
665.800000000 13.373783 46.587173 -9.845574 0.588738 0.362219 0.586224 -0.422524
665.900000000 13.312185 46.539006 -9.855782 0.588918 0.362315 0.586166 -0.422271
666.000000000 13.335534 46.479928 -9.874667 0.589305 0.362182 0.586113 -0.421920
666.100000000 13.201581 46.277012 -9.897427 0.589250 0.361930 0.586446 -0.421748
666.200000000 13.119171 46.093391 -9.924698 0.589495 0.361456 0.586710 -0.421447
666.300000000 13.127316 46.091352 -9.944768 0.589700 0.360467 0.587490 -0.420918
666.400000000 13.150532 46.051503 -9.972877 0.590186 0.360099 0.587606 -0.420390
666.500000000 13.009429 45.812690 -10.011827 0.589764 0.360807 0.587077 -0.421114
666.600000000 12.992833 45.653421 -10.053744 0.589943 0.361161 0.586727 -0.421048
666.700000000 12.968051 45.555409 -10.092243 0.590281 0.360863 0.586870 -0.420630
666.800000000 12.949929 45.550761 -10.125784 0.590853 0.360151 0.587306 -0.419829
666.900000000 12.936366 45.404894 -10.174103 0.590170 0.361672 0.586258 -0.420944
667.000000000 12.840004 45.243159 -10.221534 0.591519 0.360519 0.586874 -0.419179
667.100000000 12.733457 45.083388 -10.270892 0.591785 0.360336 0.586958 -0.418842
667.200000000 12.733455 45.110862 -10.313304 0.592476 0.359612 0.587363 -0.417919
667.300000000 12.753571 45.148987 -10.361015 0.593790 0.358307 0.588126 -0.416098
667.400000000 12.637259 45.208684 -10.390085 0.595649 0.351373 0.593385 -0.411866
667.500000000 12.623198 45.003933 -10.456630 0.595082 0.353478 0.591680 -0.413335
667.600000000 12.720669 44.869405 -10.522952 0.595153 0.354321 0.590990 -0.413497
667.700000000 12.657216 44.710267 -10.585808 0.594239 0.355994 0.589870 -0.414972
667.800000000 12.531566 44.453640 -10.652859 0.593442 0.357439 0.588931 -0.416203
667.900000000 12.540147 44.364842 -10.712544 0.593212 0.356773 0.589540 -0.416240
668.000000000 12.720735 44.418102 -10.779240 0.595940 0.353800 0.591107 -0.412642
668.100000000 12.569687 44.281194 -10.838307 0.595217 0.354150 0.591034 -0.413488
668.200000000 12.568315 44.119995 -10.909448 0.594942 0.354967 0.590314 -0.414212
668.300000000 12.482990 43.943596 -10.980393 0.594522 0.356274 0.589417 -0.414971
668.400000000 12.475565 43.864845 -11.047419 0.594807 0.356243 0.589249 -0.414826
668.500000000 12.470196 43.719805 -11.119849 0.594674 0.356638 0.588911 -0.415157
668.600000000 12.410332 43.583380 -11.190201 0.594121 0.357880 0.587981 -0.416197
668.700000000 12.297291 43.534793 -11.252814 0.595221 0.355824 0.589540 -0.414180
668.800000000 12.339167 43.397441 -11.334818 0.596094 0.356659 0.588507 -0.413673
668.900000000 12.337519 43.408122 -11.397691 0.596643 0.354765 0.590039 -0.412326
669.000000000 12.186939 43.212930 -11.466976 0.596062 0.355486 0.589568 -0.413218
669.100000000 11.950064 43.045648 -11.531148 0.595294 0.355639 0.589901 -0.413720
669.200000000 11.931521 42.884450 -11.607111 0.594369 0.357040 0.588857 -0.415326
669.300000000 11.940459 42.790840 -11.677757 0.594201 0.356626 0.589315 -0.415272
669.400000000 11.862167 42.638102 -11.751143 0.594166 0.357269 0.588681 -0.415669
669.500000000 11.964080 42.628655 -11.820510 0.595607 0.354541 0.590522 -0.413323
669.600000000 11.959811 42.459664 -11.898627 0.595427 0.354791 0.590297 -0.413689
669.700000000 11.898854 42.362891 -11.971577 0.596373 0.354704 0.590018 -0.412798
669.800000000 11.641836 42.303376 -12.026816 0.596183 0.353836 0.590976 -0.412448
669.900000000 11.607903 42.212089 -12.098530 0.596184 0.354049 0.590793 -0.412525
670.000000000 11.501942 42.004966 -12.170800 0.595281 0.355741 0.589614 -0.414059
670.100000000 11.454952 41.907257 -12.239611 0.595481 0.355741 0.589630 -0.413748
670.200000000 11.470956 41.760456 -12.311550 0.595553 0.356100 0.589218 -0.413923
670.300000000 11.405748 41.627212 -12.375625 0.595084 0.356504 0.589085 -0.414437
670.400000000 11.325828 41.499585 -12.442694 0.595255 0.356350 0.589298 -0.414021
670.500000000 11.243752 41.365396 -12.506859 0.594936 0.356408 0.589307 -0.414416
670.600000000 11.207541 41.238022 -12.570542 0.595229 0.355903 0.589714 -0.413852
670.700000000 11.147203 41.115213 -12.635261 0.595804 0.355581 0.589843 -0.413116
670.800000000 11.087984 40.985206 -12.694763 0.595242 0.355963 0.589657 -0.413863
670.900000000 11.035714 40.861063 -12.757622 0.595538 0.355761 0.589770 -0.413449
671.000000000 10.964724 40.725799 -12.817273 0.595309 0.356151 0.589491 -0.413840
671.100000000 10.892563 40.597741 -12.874001 0.595088 0.356180 0.589465 -0.414171
671.200000000 10.837579 40.464585 -12.933524 0.595148 0.356544 0.589222 -0.414116
671.300000000 10.773496 40.333588 -12.987625 0.594820 0.357170 0.588777 -0.414682
671.400000000 10.733353 40.223863 -13.039923 0.595270 0.355835 0.589710 -0.413856
671.500000000 10.680189 40.100356 -13.093857 0.595731 0.355457 0.589907 -0.413237
671.600000000 10.621886 39.968921 -13.146572 0.595922 0.355606 0.589726 -0.413093
671.700000000 10.557252 39.838387 -13.193697 0.595577 0.355759 0.589732 -0.413450
671.800000000 10.501691 39.679667 -13.247259 0.595508 0.356569 0.589015 -0.413872
671.900000000 10.436367 39.553231 -13.297029 0.595497 0.357323 0.588407 -0.414102
672.000000000 10.380259 39.441077 -13.336108 0.595086 0.357170 0.588668 -0.414455
672.100000000 10.323243 39.297532 -13.380945 0.595019 0.357504 0.588422 -0.414611
672.200000000 10.277175 39.207054 -13.420753 0.595939 0.356130 0.589338 -0.413169
672.300000000 10.228019 39.063983 -13.460486 0.595860 0.356142 0.589302 -0.413324
672.400000000 10.159265 38.934208 -13.498946 0.595908 0.356373 0.589074 -0.413381
672.500000000 10.101894 38.810758 -13.537309 0.596031 0.356481 0.588951 -0.413286
672.600000000 10.043112 38.671286 -13.574799 0.595995 0.357126 0.588443 -0.413503
672.700000000 9.980287 38.532216 -13.608350 0.595926 0.357422 0.588199 -0.413696
672.800000000 9.917813 38.417668 -13.632678 0.595128 0.358146 0.587917 -0.414618
672.900000000 9.852868 38.283175 -13.661057 0.594826 0.358420 0.587772 -0.415019
673.000000000 9.793835 38.161251 -13.689399 0.595009 0.358583 0.587640 -0.414803
673.100000000 9.757382 38.053694 -13.710006 0.595452 0.357415 0.588482 -0.413982
673.200000000 9.708490 37.950114 -13.731837 0.596116 0.356323 0.589214 -0.412924
673.300000000 9.646673 37.811646 -13.753680 0.595846 0.357016 0.588729 -0.413407
673.400000000 9.584818 37.690951 -13.773192 0.595629 0.357335 0.588507 -0.413760
673.500000000 9.522782 37.551713 -13.793798 0.595656 0.357601 0.588285 -0.413807
673.600000000 9.473842 37.430113 -13.809549 0.595837 0.357596 0.588262 -0.413584
673.700000000 9.406476 37.293246 -13.825020 0.595647 0.358230 0.587778 -0.413997
673.800000000 9.362642 37.176156 -13.838211 0.596524 0.357059 0.588500 -0.412718
673.900000000 9.300028 37.055649 -13.848229 0.596793 0.356803 0.588629 -0.412366
674.000000000 9.249509 36.927048 -13.856145 0.596843 0.356681 0.588710 -0.412284
674.100000000 9.200991 36.801200 -13.864640 0.596754 0.356996 0.588518 -0.412414
674.200000000 9.144733 36.665325 -13.869702 0.596839 0.357033 0.588460 -0.412341
674.300000000 9.080812 36.552027 -13.872601 0.596863 0.357089 0.588397 -0.412349
674.400000000 9.020534 36.418550 -13.875155 0.596607 0.357762 0.587917 -0.412819
674.500000000 8.968554 36.285827 -13.869911 0.596089 0.357899 0.587999 -0.413332
674.600000000 8.919504 36.154597 -13.867821 0.596481 0.357707 0.588031 -0.412887
674.700000000 8.878088 36.043129 -13.861767 0.597399 0.356620 0.588674 -0.411582
674.800000000 8.825594 35.928391 -13.849158 0.597047 0.356831 0.588591 -0.412029
674.900000000 8.776371 35.790991 -13.839250 0.596875 0.357150 0.588411 -0.412257
675.000000000 8.715115 35.660815 -13.823388 0.596675 0.357408 0.588256 -0.412544
675.100000000 8.667906 35.522550 -13.808660 0.596660 0.357928 0.587801 -0.412764
675.200000000 8.621320 35.365492 -13.791555 0.596649 0.358293 0.587545 -0.412829
675.300000000 8.565627 35.260521 -13.763362 0.596843 0.357704 0.587999 -0.412411
675.400000000 8.518723 35.061553 -13.737193 0.596454 0.357980 0.587894 -0.412885
675.500000000 8.466431 34.949612 -13.704002 0.596387 0.357820 0.588028 -0.412929
675.600000000 8.416730 34.831683 -13.665857 0.596220 0.357492 0.588367 -0.412972
675.700000000 8.361993 34.773270 -13.626914 0.596301 0.357598 0.588352 -0.412784
675.800000000 8.317659 34.688977 -13.584451 0.596426 0.357674 0.588248 -0.412687
675.900000000 8.256259 34.546912 -13.540004 0.596321 0.357450 0.588437 -0.412763
676.000000000 8.204846 34.385648 -13.489186 0.596195 0.357146 0.588752 -0.412758
676.100000000 8.154739 34.237281 -13.439716 0.596694 0.356712 0.588947 -0.412135
676.200000000 8.105346 34.140918 -13.383591 0.596968 0.356471 0.589072 -0.411767
676.300000000 8.050013 34.002149 -13.326996 0.597041 0.356649 0.588870 -0.411795
676.400000000 7.993789 33.915546 -13.265592 0.597111 0.357281 0.588317 -0.411938
676.500000000 7.946078 33.821281 -13.196436 0.596822 0.357836 0.587959 -0.412385
676.600000000 7.894411 33.659624 -13.125427 0.596516 0.358202 0.587781 -0.412763
676.700000000 7.846940 33.564963 -13.054079 0.596647 0.358441 0.587545 -0.412703
676.800000000 7.810317 33.481666 -12.976711 0.596696 0.358621 0.587389 -0.412697
676.900000000 7.768676 33.336875 -12.897291 0.596677 0.358561 0.587422 -0.412730
677.000000000 7.723233 33.198905 -12.810776 0.596742 0.357729 0.588084 -0.412415
677.100000000 7.669939 33.074608 -12.728170 0.597212 0.357723 0.588015 -0.411839
677.200000000 7.627338 33.070977 -12.628617 0.596309 0.358126 0.588040 -0.412759
677.300000000 7.576122 32.951003 -12.544760 0.597264 0.357512 0.588220 -0.411654
677.400000000 7.534984 32.922794 -12.444685 0.596690 0.358083 0.587966 -0.412351
677.500000000 7.493870 32.924854 -12.351556 0.597152 0.358404 0.587648 -0.411857
677.600000000 7.473536 33.010445 -12.245218 0.597423 0.357478 0.588326 -0.411300
677.700000000 7.537563 33.365800 -12.133429 0.603130 0.348835 0.593761 -0.402488
677.800000000 7.523193 33.507619 -12.023210 0.603409 0.348857 0.593804 -0.401986
677.900000000 7.509524 33.517395 -11.918021 0.603723 0.348394 0.594177 -0.401366
678.000000000 7.481388 33.650248 -11.803573 0.604338 0.347490 0.594797 -0.400303
678.100000000 7.452676 33.543003 -11.697898 0.604800 0.346381 0.595560 -0.399431
678.200000000 7.410938 33.574067 -11.588196 0.604948 0.346148 0.595799 -0.399053
678.300000000 7.376347 33.548562 -11.482573 0.605634 0.345713 0.595877 -0.398273
678.400000000 7.460008 33.656641 -11.371317 0.611640 0.336546 0.601139 -0.388929
678.500000000 7.405036 33.616666 -11.266623 0.611702 0.337518 0.600381 -0.389160
678.600000000 7.350051 33.811731 -11.145041 0.611314 0.337580 0.600626 -0.389337
678.700000000 7.323549 33.911519 -11.033674 0.611452 0.337575 0.600719 -0.388981
678.800000000 7.269120 34.059963 -10.919790 0.611015 0.339238 0.599628 -0.389904
678.900000000 7.235992 34.072444 -10.812067 0.611606 0.338964 0.599543 -0.389345
679.000000000 7.230628 33.960857 -10.706953 0.612288 0.337929 0.600050 -0.388390
679.100000000 7.198563 33.840130 -10.599269 0.612736 0.336472 0.601022 -0.387446
679.200000000 7.163083 33.836897 -10.489591 0.612976 0.336073 0.601211 -0.387119
679.300000000 7.116552 33.965915 -10.380744 0.612982 0.337033 0.600463 -0.387436
679.400000000 7.068291 34.174748 -10.271509 0.612603 0.339115 0.599106 -0.388318
679.500000000 7.031189 34.229736 -10.162654 0.612291 0.339873 0.598554 -0.388998
679.600000000 7.002767 34.432784 -10.054116 0.610970 0.343031 0.596550 -0.391373
679.700000000 7.230276 35.179529 -9.923392 0.620281 0.327421 0.605748 -0.375656
679.800000000 7.431209 35.866728 -9.797141 0.625792 0.317738 0.611317 -0.365676
679.900000000 7.795120 36.432618 -9.675317 0.641541 0.287266 0.627371 -0.335124
680.000000000 8.085361 36.878487 -9.553628 0.654231 0.257739 0.641592 -0.306451
680.100000000 8.608443 37.510341 -9.424482 0.659755 0.241874 0.648947 -0.291700
680.200000000 9.282859 38.047975 -9.310143 0.668849 0.210407 0.662949 -0.262429
680.300000000 9.930849 38.582519 -9.196790 0.681683 0.152715 0.684671 -0.207877
680.400000000 10.745905 39.057481 -9.100308 0.682807 0.134178 0.692256 -0.191186
680.500000000 11.623343 39.375111 -9.018478 0.688236 0.098102 0.701659 -0.156150
680.600000000 11.470289 39.894563 -8.922678 0.697545 0.017774 0.712643 -0.072489
680.700000000 11.948118 39.794308 -8.872617 0.700311 -0.000916 0.711857 -0.053139
680.800000000 12.591204 39.766644 -8.832462 0.702922 -0.027710 0.710299 -0.024665
680.900000000 13.089736 39.769681 -8.796143 0.704501 -0.047590 0.708099 -0.003087
681.000000000 13.457263 39.971100 -8.756111 0.706690 -0.040825 0.706273 -0.010072
681.100000000 13.291170 40.089490 -8.701619 0.696262 -0.145912 0.695205 0.103045
681.200000000 12.779690 40.104982 -8.642679 0.696762 -0.143853 0.695502 0.100527
681.300000000 12.043754 39.998603 -8.591943 0.697013 -0.143510 0.695456 0.099588
681.400000000 12.056410 40.158195 -8.553169 0.697617 -0.141457 0.695619 0.097133
681.500000000 11.779068 40.124008 -8.510427 0.697351 -0.138069 0.697058 0.093542
681.600000000 11.923624 40.186911 -8.487478 0.696070 -0.145937 0.695596 0.101661
681.700000000 11.873103 40.223633 -8.468884 0.697175 -0.143624 0.695324 0.099212
681.800000000 11.895939 40.289788 -8.447833 0.696956 -0.142907 0.695825 0.098270
681.900000000 12.072712 40.386676 -8.437483 0.698232 -0.137740 0.696306 0.093048
682.000000000 12.105040 40.447234 -8.426672 0.698211 -0.137782 0.696342 0.092879
682.100000000 11.954980 40.412575 -8.425038 0.698150 -0.141407 0.695149 0.096743
682.200000000 11.953191 40.441350 -8.424874 0.698363 -0.141893 0.694803 0.096974
682.300000000 11.907911 40.495127 -8.426205 0.698606 -0.140589 0.695012 0.095615
682.400000000 11.875251 40.515284 -8.431233 0.698134 -0.141583 0.695152 0.096575
682.500000000 11.816921 40.535040 -8.445205 0.698460 -0.141805 0.694732 0.096912
682.600000000 11.410048 40.547882 -8.452700 0.698454 -0.141583 0.694853 0.096411
682.700000000 11.496097 40.637999 -8.472272 0.699459 -0.136706 0.695503 0.091352
682.800000000 11.571352 40.692314 -8.495745 0.700259 -0.133605 0.695711 0.088163
682.900000000 11.737957 40.519431 -8.534299 0.698467 -0.144123 0.693899 0.099386
683.000000000 11.351309 40.372994 -8.564769 0.690482 -0.180762 0.686704 0.137832
683.100000000 11.252233 40.444899 -8.594988 0.691493 -0.177090 0.687449 0.133757
683.200000000 11.271013 40.437502 -8.629582 0.690654 -0.179419 0.687213 0.136179
683.300000000 11.265450 40.433651 -8.670715 0.690448 -0.180085 0.687076 0.137033
683.400000000 11.375261 40.437813 -8.719125 0.690682 -0.181800 0.686089 0.138528
683.500000000 11.392937 40.450586 -8.766005 0.690688 -0.181979 0.685994 0.138730
683.600000000 11.343520 40.479684 -8.812215 0.690507 -0.181400 0.686436 0.138205
683.700000000 11.245658 40.524248 -8.864187 0.690966 -0.181407 0.686003 0.138049
683.800000000 11.214528 40.554513 -8.920771 0.691089 -0.181078 0.686028 0.137737
683.900000000 11.179878 40.576513 -8.978256 0.690934 -0.181183 0.686120 0.137921
684.000000000 10.893729 40.639082 -9.032647 0.691125 -0.180661 0.686235 0.137076
684.100000000 10.833106 40.676547 -9.089636 0.690827 -0.179937 0.686826 0.136568
684.200000000 10.693482 40.738148 -9.152231 0.691498 -0.178750 0.686745 0.135131
684.300000000 10.603562 40.750920 -9.218246 0.691634 -0.180147 0.686047 0.136120
684.400000000 10.596048 40.736251 -9.284801 0.690575 -0.182219 0.686045 0.138721
684.500000000 10.603112 40.797347 -9.355701 0.691533 -0.179940 0.686225 0.136012
684.600000000 10.516563 40.794747 -9.428314 0.690649 -0.183643 0.685350 0.139910
684.700000000 10.345708 40.815152 -9.496207 0.690567 -0.182473 0.686005 0.138630
684.800000000 10.480684 40.831563 -9.570689 0.690595 -0.182367 0.686037 0.138472
684.900000000 10.473504 40.850282 -9.646783 0.690344 -0.182248 0.686281 0.138669
685.000000000 10.468822 40.871734 -9.728036 0.690886 -0.182346 0.685699 0.138719
685.100000000 10.108252 40.957271 -9.802116 0.692550 -0.181189 0.684754 0.136589
685.200000000 10.033003 40.980487 -9.882506 0.696205 -0.181363 0.681271 0.135191
685.300000000 9.967013 41.011183 -9.953779 0.699015 -0.182734 0.678054 0.135019
685.400000000 9.961475 41.042896 -10.028919 0.701508 -0.181763 0.676103 0.133169
685.500000000 9.900230 41.071393 -10.099658 0.702007 -0.182996 0.675104 0.133915
685.600000000 9.938620 41.089025 -10.169727 0.701625 -0.182989 0.675455 0.134156
685.700000000 9.758247 41.136303 -10.239556 0.701501 -0.182084 0.676024 0.133164
685.800000000 9.717713 41.160111 -10.306659 0.700889 -0.181921 0.676678 0.133290
685.900000000 9.779171 41.183750 -10.368722 0.700190 -0.181042 0.677724 0.132849
686.000000000 9.723801 41.227320 -10.427977 0.699844 -0.180559 0.678276 0.132511
686.100000000 9.752622 41.253230 -10.487740 0.699828 -0.180676 0.678242 0.132609
686.200000000 9.642213 41.240591 -10.547838 0.699258 -0.183062 0.677718 0.134999
686.300000000 9.535409 41.268965 -10.602532 0.699252 -0.183887 0.677352 0.135744
686.400000000 9.461702 41.282710 -10.651445 0.698687 -0.184079 0.677839 0.135964
686.500000000 9.398223 41.320108 -10.702898 0.698806 -0.184266 0.677644 0.136067
686.600000000 9.693681 41.427159 -10.750573 0.699932 -0.179126 0.678841 0.131088
686.700000000 9.413581 41.393622 -10.793289 0.698485 -0.182744 0.678678 0.134605
686.800000000 9.347377 41.422384 -10.838108 0.698726 -0.183039 0.678322 0.134750
686.900000000 9.143718 41.471222 -10.873939 0.698461 -0.182823 0.678708 0.134476
687.000000000 9.127914 41.496610 -10.909584 0.698258 -0.182340 0.679077 0.134324
687.100000000 9.071892 41.540993 -10.945727 0.698266 -0.182108 0.679210 0.133925
687.200000000 9.096745 41.578456 -10.980331 0.698791 -0.181137 0.679131 0.132893
687.300000000 9.049233 41.630362 -11.006539 0.698437 -0.180573 0.679706 0.132587
687.400000000 8.930569 41.607943 -11.034021 0.697781 -0.183286 0.679144 0.135175
687.500000000 8.878410 41.652073 -11.060633 0.698022 -0.182913 0.679086 0.134724
687.600000000 8.747428 41.652217 -11.079766 0.697211 -0.184881 0.679031 0.136503
687.700000000 8.667161 41.689674 -11.097955 0.697204 -0.184737 0.679111 0.136330
687.800000000 8.371170 41.757573 -11.113261 0.697496 -0.184146 0.679119 0.135600
687.900000000 8.409134 41.806352 -11.125749 0.697378 -0.183168 0.679682 0.134706
688.000000000 8.412166 41.866246 -11.138056 0.697744 -0.182091 0.679820 0.133572
688.100000000 8.177813 41.864996 -11.147692 0.697099 -0.184534 0.679371 0.135853
688.200000000 8.035448 41.892870 -11.152702 0.696794 -0.185615 0.679170 0.136943
688.300000000 8.026352 41.880615 -11.158874 0.696251 -0.187489 0.678847 0.138743
688.400000000 7.966580 41.908408 -11.156646 0.695698 -0.187542 0.679346 0.139001
688.500000000 7.765010 41.981642 -11.152196 0.695841 -0.186732 0.679624 0.138010
688.600000000 7.464852 42.050917 -11.146454 0.696142 -0.185668 0.679873 0.136699
688.700000000 7.323338 42.060803 -11.140466 0.695683 -0.186091 0.680122 0.137220
688.800000000 7.245317 42.077604 -11.137135 0.695754 -0.187242 0.679512 0.138310
688.900000000 7.215296 42.101597 -11.126057 0.695246 -0.188081 0.679617 0.139213
689.000000000 7.268956 42.206677 -11.112036 0.696207 -0.183937 0.680594 0.135113
689.100000000 7.237652 42.230197 -11.098156 0.696066 -0.183731 0.680810 0.135027
689.200000000 6.957844 42.255832 -11.079938 0.695516 -0.185181 0.680711 0.136373
689.300000000 6.876381 42.291631 -11.063030 0.695453 -0.185299 0.680711 0.136532
689.400000000 6.819072 42.332747 -11.040754 0.695316 -0.184863 0.681049 0.136141
689.500000000 6.602835 42.401221 -11.015300 0.695544 -0.182977 0.681704 0.134232
689.600000000 6.205154 42.451251 -10.992131 0.695751 -0.182336 0.681852 0.133275
689.700000000 5.749678 42.552117 -10.956615 0.695664 -0.180777 0.682657 0.131725
689.800000000 5.254001 42.538587 -10.924319 0.694363 -0.182090 0.683370 0.133074
689.900000000 4.806727 42.588926 -10.896064 0.694058 -0.183064 0.683249 0.133946
690.000000000 4.218693 42.684665 -10.859553 0.693627 -0.179914 0.685086 0.131034
690.100000000 3.690767 42.692459 -10.829023 0.692256 -0.181980 0.685515 0.133171
690.200000000 3.240773 42.781763 -10.792069 0.692831 -0.177660 0.686847 0.129087
690.300000000 2.986523 42.841719 -10.756119 0.693204 -0.173813 0.688130 0.125437
690.400000000 2.464647 42.638116 -10.726497 0.689465 -0.187296 0.685814 0.138625
690.500000000 1.796712 42.659908 -10.695342 0.688633 -0.191003 0.684878 0.142283
690.600000000 0.831541 42.702836 -10.667458 0.689908 -0.195476 0.681395 0.146687
690.700000000 0.512338 42.653377 -10.632139 0.689509 -0.197842 0.680559 0.149248
690.800000000 -0.545886 43.172357 -10.594851 0.679418 -0.238993 0.667097 0.190408
690.900000000 -1.606070 43.531802 -10.564206 0.677707 -0.241614 0.666967 0.193627
691.000000000 -2.249596 43.691554 -10.536092 0.674165 -0.255387 0.661509 0.206603
691.100000000 -2.324647 43.789055 -10.489050 0.670062 -0.266010 0.658021 0.217402
691.200000000 -2.259788 44.302930 -10.406242 0.696902 -0.154962 0.691492 0.110246
691.300000000 -2.295780 44.602888 -10.360065 0.697883 -0.150650 0.691973 0.106944
691.400000000 -2.546341 43.825743 -10.342013 0.709043 -0.072618 0.700812 0.029119
691.500000000 -3.212840 43.670765 -10.301281 0.707649 -0.080131 0.701056 0.036491
691.600000000 -3.699788 43.649389 -10.260775 0.707423 -0.078244 0.701570 0.035069
691.700000000 -4.169859 43.592241 -10.216286 0.706328 -0.080810 0.702249 0.037629
691.800000000 -4.542252 43.525536 -10.173409 0.704811 -0.087490 0.702585 0.044290
691.900000000 -4.807005 43.513015 -10.130869 0.703603 -0.093005 0.702740 0.049493
692.000000000 -4.853302 43.618399 -10.085321 0.703873 -0.094602 0.702129 0.051265
692.100000000 -4.781500 44.052402 -10.034298 0.706939 -0.073265 0.702791 0.030877
692.200000000 -5.015366 44.069483 -10.019933 0.711246 0.047709 0.696123 -0.085243
692.300000000 -5.224641 44.120199 -9.956676 0.699886 0.099537 0.693933 -0.136780
692.400000000 -5.312060 44.211845 -9.921565 0.685410 0.171484 0.677093 -0.205796
692.500000000 -5.343360 44.340293 -9.875255 0.687917 0.157640 0.681865 -0.192302
692.600000000 -5.385802 44.674066 -9.841898 0.684697 0.176879 0.675350 -0.209299
692.700000000 -5.370348 45.052777 -9.806507 0.671858 0.224826 0.658523 -0.253787
692.800000000 -5.417963 45.343622 -9.771257 0.664992 0.249786 0.647374 -0.276224
692.900000000 -5.465138 45.575838 -9.682563 0.624027 0.330979 0.611775 -0.356054
693.000000000 -5.670906 45.625333 -9.638597 0.617442 0.343686 0.604863 -0.367132
693.100000000 -5.709091 45.538689 -9.580423 0.611841 0.349013 0.603012 -0.374456
693.200000000 -5.614085 45.274037 -9.541795 0.610135 0.351053 0.601898 -0.377116
693.300000000 -5.790244 45.134001 -9.511636 0.599936 0.370837 0.589246 -0.394140
693.400000000 -5.680027 45.339474 -9.471397 0.612829 0.350324 0.601633 -0.373831
693.500000000 -5.514618 45.506307 -9.424980 0.648348 0.275526 0.641053 -0.304600
693.600000000 -5.470911 45.516080 -9.389768 0.642677 0.289962 0.634113 -0.317471
693.700000000 -5.296513 45.478616 -9.348336 0.636156 0.304344 0.626926 -0.331126
693.800000000 -5.701465 45.093880 -9.331194 0.633495 0.311967 0.622464 -0.337489
693.900000000 -5.987179 44.750263 -9.293181 0.621648 0.334319 0.610664 -0.358992
694.000000000 -5.811833 44.838289 -9.264146 0.654443 0.267132 0.643237 -0.294264
694.100000000 -5.774995 44.564858 -9.237907 0.650263 0.278793 0.637773 -0.304432
694.200000000 -5.963055 44.803532 -9.209442 0.660817 0.257838 0.645507 -0.283127
694.300000000 -5.968739 44.772300 -9.169353 0.658327 0.264171 0.642760 -0.289273
694.400000000 -6.006926 44.841937 -9.139520 0.660022 0.261876 0.643215 -0.286473
694.500000000 -6.008978 44.938823 -9.110144 0.660894 0.262931 0.641909 -0.286424
694.600000000 -5.980159 44.932271 -9.093015 0.659976 0.264027 0.642027 -0.287267
694.700000000 -6.072990 44.936027 -9.058815 0.657036 0.260224 0.646683 -0.287033
694.800000000 -6.147373 44.866387 -9.047531 0.653653 0.261591 0.648190 -0.290099
694.900000000 -6.207388 44.752157 -9.037976 0.654749 0.265064 0.645059 -0.291452
695.000000000 -6.270541 44.733312 -9.026387 0.655566 0.264157 0.645121 -0.290299
695.100000000 -6.319651 44.705139 -9.013548 0.653264 0.266830 0.644895 -0.293526
695.200000000 -6.415989 44.624858 -9.016008 0.655477 0.270070 0.641146 -0.293844
695.300000000 -6.429569 44.562014 -9.012516 0.657169 0.262347 0.645471 -0.287524
695.400000000 -6.438496 44.617699 -9.010342 0.659391 0.263124 0.643480 -0.286188
695.500000000 -6.465197 44.678984 -9.018952 0.659581 0.261235 0.644719 -0.284685
695.600000000 -6.523550 44.732027 -9.031090 0.664709 0.249477 0.649222 -0.272824
695.700000000 -6.578419 44.790309 -9.036145 0.661911 0.261550 0.642873 -0.283162
695.800000000 -6.609180 44.833288 -9.053184 0.660658 0.262623 0.643246 -0.284245
695.900000000 -6.616044 44.845942 -9.078197 0.668331 0.246527 0.648768 -0.267690
696.000000000 -6.553244 45.010735 -9.103736 0.680768 0.209106 0.662042 -0.233516
696.100000000 -6.658569 44.972479 -9.070826 0.673968 0.232443 0.653152 -0.255205
696.200000000 -6.746692 44.719799 -9.084228 0.616067 0.347036 0.603682 -0.368234
696.300000000 -6.947634 44.622197 -9.113803 0.620080 0.340263 0.607718 -0.361111
696.400000000 -6.852766 44.660811 -9.136416 0.619525 0.344562 0.604204 -0.363871
696.500000000 -6.867768 44.558789 -9.164690 0.616029 0.351651 0.601854 -0.366907
696.600000000 -6.969922 44.285555 -9.209029 0.610048 0.360125 0.602284 -0.367974
696.700000000 -6.990455 44.156181 -9.246942 0.612017 0.354470 0.609200 -0.358694
696.800000000 -7.072816 44.184346 -9.280700 0.607200 0.354548 0.613733 -0.359075
696.900000000 -7.117320 44.145014 -9.316266 0.600073 0.362380 0.611452 -0.367041
697.000000000 -7.114326 44.108327 -9.345814 0.605266 0.355363 0.614768 -0.359763
697.100000000 -7.018556 43.937114 -9.353385 0.609538 0.359293 0.608494 -0.359316
697.200000000 -7.077411 43.769667 -9.403873 0.611161 0.348663 0.616227 -0.353809
697.300000000 -7.127436 43.547226 -9.433525 0.607251 0.355949 0.611096 -0.362088
697.400000000 -7.234646 43.565014 -9.469894 0.603265 0.358794 0.610726 -0.366540
697.500000000 -7.242337 43.533226 -9.495200 0.605192 0.360129 0.607887 -0.366773
697.600000000 -7.184057 43.413057 -9.515803 0.606625 0.357240 0.609748 -0.364134
697.700000000 -7.181098 43.304045 -9.544203 0.609317 0.353895 0.610289 -0.361993
697.800000000 -7.187220 43.254899 -9.561959 0.608545 0.359692 0.605196 -0.366103
697.900000000 -7.178191 43.248573 -9.588450 0.614018 0.349527 0.610882 -0.357262
698.000000000 -7.227325 43.277938 -9.619311 0.606748 0.358511 0.606214 -0.368553
698.100000000 -7.167527 43.150506 -9.652599 0.608018 0.354235 0.608974 -0.366036
698.200000000 -7.147844 43.106312 -9.691502 0.604951 0.351403 0.611874 -0.368999
698.300000000 -7.086027 43.087382 -9.688371 0.617123 0.340063 0.615384 -0.353296
698.400000000 -7.097029 43.094205 -9.706969 0.613525 0.346658 0.611321 -0.360142
698.500000000 -7.099022 42.953124 -9.718011 0.608357 0.354903 0.606175 -0.369456
698.600000000 -7.101378 42.861874 -9.731169 0.608899 0.352715 0.608214 -0.367301
698.700000000 -7.071158 42.807193 -9.735422 0.616337 0.343444 0.611273 -0.358498
698.800000000 -7.014922 42.696501 -9.718474 0.619321 0.344735 0.608173 -0.357385
698.900000000 -7.041770 42.610713 -9.723802 0.621185 0.342523 0.609102 -0.354686
699.000000000 -7.031210 42.382092 -9.765840 0.580345 0.395159 0.578593 -0.415065
699.100000000 -6.971305 42.317791 -9.768235 0.580913 0.395660 0.577130 -0.415830
699.200000000 -6.933422 42.591719 -9.745732 0.612504 0.366627 0.590503 -0.376471
699.300000000 -6.805476 42.548194 -9.803875 0.627011 0.328000 0.616333 -0.345552
699.400000000 -6.881575 42.245598 -9.780683 0.614285 0.356473 0.598174 -0.371173
699.500000000 -6.817084 42.024913 -9.818195 0.584276 0.390474 0.578768 -0.413738
699.600000000 -6.818507 41.983606 -9.838807 0.589000 0.377734 0.588512 -0.405031
699.700000000 -6.719389 41.960997 -9.811055 0.586346 0.395324 0.573064 -0.414142
699.800000000 -6.661494 42.075111 -9.844296 0.628833 0.331181 0.610030 -0.350359
699.900000000 -6.598030 42.058971 -9.865879 0.629668 0.331275 0.609665 -0.349405
700.000000000 -6.589424 41.725626 -9.831748 0.597665 0.382230 0.581006 -0.398910
700.100000000 -6.644734 41.492995 -9.852715 0.604682 0.363523 0.594474 -0.385760
700.200000000 -6.619922 41.331698 -9.885509 0.603446 0.362920 0.595286 -0.387010
700.300000000 -6.537352 41.342680 -9.893874 0.605092 0.361883 0.595352 -0.385306
700.400000000 -6.517047 41.391184 -9.930839 0.606705 0.348499 0.605996 -0.378453
700.500000000 -6.463051 41.430316 -9.908490 0.609071 0.350213 0.603920 -0.376382
700.600000000 -6.455421 41.485549 -9.909528 0.587698 0.378378 0.587308 -0.408058
700.700000000 -6.434747 41.494546 -9.893535 0.579461 0.391934 0.578119 -0.419989
700.800000000 -6.397798 41.520139 -9.918889 0.579116 0.389949 0.580136 -0.419531
700.900000000 -6.333224 41.530706 -9.911549 0.580006 0.389409 0.580301 -0.418574
701.000000000 -6.238456 41.526122 -9.913184 0.586567 0.383501 0.583345 -0.410579
701.100000000 -6.183960 41.545834 -9.919373 0.580012 0.389214 0.580119 -0.419000
701.200000000 -6.098419 41.534994 -9.924300 0.581594 0.386949 0.581831 -0.416523
701.300000000 -6.017648 41.537359 -9.924565 0.583356 0.387595 0.580648 -0.415107
701.400000000 -5.915763 41.533420 -9.912226 0.585176 0.388373 0.579530 -0.413377
701.500000000 -5.836880 41.559370 -9.897968 0.586067 0.390218 0.577698 -0.412942
701.600000000 -5.764138 41.568943 -9.882211 0.587933 0.389585 0.577475 -0.411195
701.700000000 -5.657038 41.565814 -9.876474 0.591780 0.386145 0.578602 -0.407318
701.800000000 -5.526476 41.543932 -9.878525 0.597047 0.375126 0.585845 -0.399501
701.900000000 -5.460676 41.525807 -9.873397 0.598182 0.374247 0.585590 -0.399000
702.000000000 -5.404548 41.533025 -9.856236 0.592280 0.384143 0.578839 -0.408147
702.100000000 -5.339689 41.505527 -9.860364 0.585302 0.386408 0.578457 -0.416532
702.200000000 -5.230591 41.523192 -9.852689 0.588936 0.383476 0.579870 -0.412132
702.300000000 -5.145106 41.553753 -9.820935 0.589208 0.388345 0.575281 -0.413611
702.400000000 -5.051484 41.579137 -9.776885 0.589489 0.394840 0.568651 -0.416222
702.500000000 -4.950111 41.579496 -9.817361 0.596059 0.374015 0.584921 -0.403354
702.600000000 -4.863445 41.574668 -9.819476 0.597207 0.372741 0.585181 -0.402456
702.700000000 -4.783366 41.575878 -9.775670 0.597374 0.381765 0.577178 -0.405297
702.800000000 -4.738340 41.605695 -9.766938 0.594876 0.385260 0.574546 -0.409382
702.900000000 -4.658884 41.619272 -9.739520 0.591177 0.393588 0.568182 -0.415652
703.000000000 -4.571162 41.597881 -9.770928 0.596356 0.378442 0.580178 -0.405628
703.100000000 -4.444760 41.585052 -9.752786 0.597063 0.377559 0.580157 -0.405441
703.200000000 -4.389623 41.633972 -9.708556 0.595041 0.386855 0.572534 -0.410456
703.300000000 -4.306738 41.643909 -9.684693 0.592332 0.393272 0.567319 -0.415488
703.400000000 -4.196226 41.681029 -9.688224 0.597395 0.384153 0.573697 -0.407942
703.500000000 -4.082898 41.669513 -9.702112 0.606352 0.369118 0.583206 -0.394918
703.600000000 -3.997487 41.699111 -9.676714 0.613296 0.365652 0.582838 -0.387899
703.700000000 -3.956393 41.737971 -9.704619 0.606665 0.363486 0.587116 -0.393866
703.800000000 -3.889629 41.783942 -9.682688 0.604837 0.369683 0.581832 -0.398721
703.900000000 -3.794537 41.726327 -9.664684 0.609270 0.365384 0.583758 -0.393078
704.000000000 -3.692770 41.682073 -9.645277 0.609410 0.363191 0.585676 -0.392040
704.100000000 -3.665424 41.394687 -9.664045 0.610669 0.347283 0.598365 -0.385276
704.200000000 -3.663809 41.681359 -9.625627 0.591298 0.379351 0.577954 -0.415245
704.300000000 -3.573914 41.796195 -9.606845 0.587408 0.386740 0.572511 -0.421444
704.400000000 -3.524796 41.927396 -9.588043 0.588021 0.386071 0.572961 -0.420590
704.500000000 -3.445553 42.005066 -9.573385 0.588461 0.387466 0.571483 -0.420704
704.600000000 -3.396491 42.119989 -9.557509 0.589625 0.387689 0.570988 -0.419538
704.700000000 -3.313173 42.160398 -9.550993 0.597365 0.373131 0.581524 -0.407134
704.800000000 -3.247883 42.092136 -9.562877 0.597366 0.360656 0.591791 -0.403565
704.900000000 -3.180545 42.229157 -9.536921 0.613171 0.338333 0.604207 -0.380114
705.000000000 -3.189366 42.341472 -9.523202 0.604342 0.349478 0.598306 -0.393275
705.100000000 -3.197218 42.391039 -9.501310 0.595832 0.365728 0.588145 -0.406586
705.200000000 -3.159823 42.390668 -9.480083 0.592151 0.370383 0.585372 -0.411719
705.300000000 -3.080154 42.354168 -9.463128 0.583671 0.382707 0.577331 -0.423736
705.400000000 -2.983835 42.292911 -9.460119 0.570546 0.403523 0.562562 -0.441780
705.500000000 -2.852713 42.210173 -9.455233 0.554961 0.423533 0.547844 -0.460984
705.600000000 -2.753051 42.133764 -9.443929 0.568799 0.402942 0.563864 -0.442902
705.700000000 -2.584788 42.010545 -9.450434 0.572632 0.394542 0.570293 -0.437257
705.800000000 -2.516387 41.967258 -9.439368 0.561079 0.411236 0.557725 -0.452790
705.900000000 -2.337562 41.816908 -9.428130 0.555849 0.420740 0.549960 -0.459949
706.000000000 -2.250938 41.709239 -9.418062 0.547591 0.429195 0.543365 -0.469777
706.100000000 -2.100150 41.586616 -9.413009 0.544488 0.433423 0.539837 -0.473554
706.200000000 -1.925289 41.379820 -9.410792 0.550093 0.425809 0.545901 -0.466986
706.300000000 -1.916290 41.239309 -9.409013 0.545071 0.431098 0.542185 -0.472320
706.400000000 -2.049247 41.356925 -9.396616 0.546856 0.431048 0.542106 -0.470390
706.500000000 -1.814238 41.428496 -9.379445 0.553099 0.422069 0.549254 -0.462882
706.600000000 -1.704609 41.284503 -9.371403 0.543946 0.433893 0.539650 -0.473959
706.700000000 -1.934448 41.584343 -9.358572 0.538559 0.442848 0.532197 -0.480215
706.800000000 -1.710802 41.640742 -9.348727 0.544728 0.433273 0.540290 -0.472897
706.900000000 -1.620321 41.640078 -9.336041 0.544954 0.432793 0.540606 -0.472716
707.000000000 -1.867780 41.873809 -9.323860 0.536877 0.446472 0.529270 -0.481974
707.100000000 -1.697767 41.858804 -9.317203 0.542482 0.440975 0.533693 -0.475843
707.200000000 -1.679111 41.865188 -9.312746 0.540854 0.444593 0.530507 -0.477888
707.300000000 -1.763205 41.902500 -9.307075 0.536828 0.450548 0.525414 -0.482454
707.400000000 -1.709835 41.980460 -9.296337 -0.515357 -0.476233 -0.502600 0.504978
707.500000000 -1.711856 42.194156 -9.317673 0.600010 0.375166 0.579456 -0.404313
707.600000000 -1.530749 42.350181 -9.327722 0.617361 0.356938 0.590697 -0.377541
707.700000000 -1.540962 42.426729 -9.319491 0.608331 0.376508 0.579343 -0.390560
707.800000000 -1.482891 42.464000 -9.325131 0.611048 0.375980 0.579679 -0.386304
707.900000000 -1.319619 42.536318 -9.334476 0.625798 0.353955 0.592218 -0.363828
708.000000000 -1.282663 42.646687 -9.344728 0.623989 0.358836 0.589035 -0.367304
708.100000000 -1.261700 42.725007 -9.361963 0.626211 0.355913 0.590497 -0.364005
708.200000000 -1.260885 42.894752 -9.365894 0.620731 0.361839 0.587232 -0.372725
708.300000000 -1.254476 42.991231 -9.381417 0.619873 0.356354 0.590087 -0.374923
708.400000000 -1.293054 42.996190 -9.400402 0.614077 0.363563 0.584810 -0.385654
708.500000000 -1.221035 43.017865 -9.416841 0.617766 0.353284 0.591278 -0.379402
708.600000000 -1.176975 43.024873 -9.431959 0.613217 0.361800 0.585326 -0.387892
708.700000000 -1.173163 43.073859 -9.445568 0.614647 0.358657 0.587534 -0.385199
708.800000000 -1.173681 43.077176 -9.457317 0.613738 0.359936 0.586944 -0.386353
708.900000000 -1.125649 43.130909 -9.467209 0.616276 0.354442 0.590865 -0.381384
709.000000000 -1.099156 43.188072 -9.478916 0.618418 0.351176 0.592885 -0.377785
709.100000000 -1.103807 43.194365 -9.493524 0.617264 0.353368 0.591597 -0.379644
709.200000000 -1.151294 43.133396 -9.506512 0.613867 0.358405 0.588922 -0.384557
709.300000000 -1.113860 43.187608 -9.520215 0.614386 0.357401 0.589704 -0.383462
709.400000000 -1.111212 43.210117 -9.531408 0.618999 0.348842 0.595116 -0.375482
709.500000000 -1.186610 43.184298 -9.542453 0.615281 0.353949 0.592580 -0.380786
709.600000000 -1.141794 43.237274 -9.553719 0.621447 0.342442 0.599809 -0.369819
709.700000000 -1.178813 43.245173 -9.563788 0.617480 0.349132 0.596024 -0.376274
709.800000000 -1.163041 43.299485 -9.574183 0.618234 0.347543 0.597264 -0.374535
709.900000000 -1.143273 43.327699 -9.580206 0.617641 0.347521 0.597719 -0.374807
710.000000000 -1.117684 43.376449 -9.589828 0.618647 0.345168 0.599379 -0.372666
710.100000000 -1.130835 43.394338 -9.603211 0.615466 0.351564 0.595489 -0.378150
710.200000000 -1.154778 43.495685 -9.612873 0.612026 0.357522 0.591978 -0.383620
710.300000000 -1.086639 43.558699 -9.619250 0.611947 0.357078 0.592622 -0.383164
710.400000000 -0.948427 43.670114 -9.626830 0.619159 0.343700 0.600836 -0.370821
710.500000000 -0.883570 43.718170 -9.630181 0.623890 0.333404 0.607224 -0.361776
710.600000000 -0.912570 43.694757 -9.639064 0.624743 0.331370 0.608566 -0.359912
710.700000000 -0.869256 43.652969 -9.650915 0.624681 0.331985 0.608163 -0.360134
710.800000000 -0.914893 43.682026 -9.655515 0.624093 0.331515 0.609000 -0.360174
710.900000000 -0.911792 43.700534 -9.654770 0.624437 0.328560 0.611311 -0.358365
711.000000000 -0.943601 43.616647 -9.672768 0.621925 0.334872 0.607458 -0.363407
711.100000000 -0.974385 43.637983 -9.674880 0.619353 0.337492 0.606583 -0.366823
711.200000000 -0.997060 43.639993 -9.676082 0.619493 0.335338 0.608234 -0.365826
711.300000000 -1.043676 43.565826 -9.684860 0.626594 0.319721 0.617669 -0.351631
711.400000000 -1.121987 43.473791 -9.691734 0.625925 0.320487 0.617415 -0.352569
711.500000000 -1.226397 43.418853 -9.699704 0.625181 0.322745 0.616038 -0.354232
711.600000000 -1.025211 43.458362 -9.675707 0.590406 0.375810 0.585078 -0.409721
711.700000000 -0.422926 43.364128 -9.652785 0.530971 0.452895 0.527682 -0.484260
711.800000000 -0.413802 43.161236 -9.660811 0.534557 0.449012 0.531307 -0.479947
711.900000000 -0.145036 42.652853 -9.671701 -0.475359 -0.515256 -0.465733 0.540035
712.000000000 0.036116 42.280793 -9.688286 -0.476838 -0.514250 -0.466744 0.538816
712.100000000 0.171673 42.072679 -9.694982 -0.478315 -0.512395 -0.468634 0.537632
712.200000000 0.196391 41.961838 -9.700428 -0.476049 -0.514454 -0.466491 0.539538
712.300000000 0.214657 41.878499 -9.706544 -0.474909 -0.515374 -0.465610 0.540424
712.400000000 0.243108 41.781746 -9.710477 -0.474086 -0.516122 -0.464983 0.540972
712.500000000 0.271596 41.690689 -9.712927 -0.472887 -0.516759 -0.464205 0.542081
712.600000000 0.408528 41.446638 -9.716133 -0.472959 -0.515750 -0.465171 0.542151
712.700000000 0.462993 41.264305 -9.721222 -0.470010 -0.517750 -0.462848 0.544790
712.800000000 0.635175 40.933104 -9.737896 -0.470717 -0.517644 -0.463064 0.544097
712.900000000 0.746614 40.677051 -9.744997 -0.468457 -0.518926 -0.461434 0.546208
713.000000000 1.028695 40.181915 -9.759307 -0.469785 -0.516030 -0.463977 0.545656
713.100000000 1.064530 40.072708 -9.760602 -0.467494 -0.517171 -0.462553 0.547748
713.200000000 1.118640 39.913568 -9.763547 -0.465392 -0.518355 -0.461042 0.549689
713.300000000 1.136563 39.883983 -9.763179 -0.464699 -0.518748 -0.460736 0.550161
713.400000000 1.132209 39.860688 -9.760203 -0.462783 -0.520218 -0.459179 0.551688
713.500000000 1.185176 39.750882 -9.758331 -0.462095 -0.519998 -0.459260 0.552405
713.600000000 1.318688 39.534625 -9.763710 -0.462088 -0.519976 -0.459322 0.552379
713.700000000 1.401648 39.359258 -9.770393 -0.460952 -0.522020 -0.457581 0.552846
713.800000000 1.386449 39.381065 -9.762270 -0.458662 -0.523560 -0.455865 0.554708
713.900000000 1.416390 39.606139 -9.761780 -0.464543 -0.520900 -0.460097 0.548793
714.000000000 1.367422 40.338432 -9.722790 -0.479012 -0.505937 -0.476453 0.536253
714.100000000 1.031792 40.868316 -9.691440 -0.474626 -0.509025 -0.473430 0.539896
714.200000000 1.134222 41.555954 -9.667574 -0.491910 -0.492546 -0.491221 0.523569
714.300000000 -0.009471 42.920951 -9.631768 -0.469420 -0.518260 -0.466491 0.541698
714.400000000 -0.815725 43.488232 -9.659594 0.621627 0.324115 0.620327 -0.351744
714.500000000 -0.822550 43.441173 -9.658556 0.622604 0.322966 0.620875 -0.350102
714.600000000 -0.892321 43.276065 -9.657320 0.629060 0.310470 0.627561 -0.337725
714.700000000 -0.950715 43.107709 -9.626752 0.607314 0.344907 0.609471 -0.375170
714.800000000 0.071175 43.378306 -9.576124 0.538967 0.437366 0.545141 -0.470156
714.900000000 -0.390538 43.503540 -9.556922 0.518316 0.461773 0.524160 -0.493326
715.000000000 -0.236247 43.364747 -9.569887 -0.472590 -0.516376 -0.469646 0.538003
715.100000000 -0.170437 43.277964 -9.563204 -0.472357 -0.516199 -0.469775 0.538265
715.200000000 -0.032770 43.087219 -9.560824 -0.473640 -0.515150 -0.470810 0.537237
715.300000000 0.000377 43.070843 -9.553336 -0.473854 -0.515024 -0.470947 0.537049
715.400000000 0.059149 43.027988 -9.546976 -0.475626 -0.512808 -0.473179 0.535639
715.500000000 0.030678 43.115143 -9.539488 -0.475236 -0.513553 -0.472603 0.535780
715.600000000 -0.085129 43.350710 -9.526595 -0.473933 -0.514717 -0.471473 0.536812
715.700000000 -0.010844 43.388523 -9.518385 -0.478537 -0.510440 -0.476162 0.532657
715.800000000 -0.183279 43.672476 -9.507765 -0.476095 -0.513528 -0.473304 0.534421
715.900000000 -0.386484 44.101828 -9.496748 -0.474796 -0.514981 -0.471872 0.535444
716.000000000 -0.379188 44.099532 -9.492434 -0.474603 -0.515790 -0.471236 0.535396
716.100000000 -0.469409 44.334278 -9.481893 -0.472483 -0.517868 -0.468994 0.537231
716.200000000 -0.451121 44.438089 -9.472538 -0.473221 -0.517258 -0.469670 0.536578
716.300000000 -0.433804 44.537488 -9.462000 -0.473633 -0.516376 -0.470525 0.536316
716.400000000 -0.429264 44.636799 -9.452681 -0.474832 -0.515284 -0.471745 0.535232
716.500000000 -0.464783 44.792238 -9.442602 -0.474118 -0.515981 -0.470980 0.535868
716.600000000 -0.543460 44.969409 -9.434050 -0.473249 -0.517339 -0.469624 0.536515
716.700000000 -0.523505 45.105288 -9.425633 -0.475422 -0.515661 -0.471496 0.534564
716.800000000 -0.524261 45.247820 -9.414471 -0.477083 -0.514217 -0.473086 0.533070
716.900000000 -0.549169 45.325263 -9.408076 -0.474834 -0.517077 -0.470003 0.535034
717.000000000 -0.558964 45.461684 -9.399702 -0.475453 -0.516559 -0.470520 0.534529
717.100000000 -0.591531 45.629169 -9.390325 -0.475044 -0.516915 -0.470083 0.534934
717.200000000 -0.604367 45.759111 -9.381183 -0.475034 -0.516886 -0.470051 0.534999
717.300000000 -0.622686 45.902390 -9.378584 -0.475841 -0.516965 -0.470121 0.534143
717.400000000 -0.630741 46.060257 -9.372017 -0.476123 -0.517112 -0.469987 0.533867
717.500000000 -0.682859 46.274247 -9.368394 -0.475017 -0.518676 -0.468430 0.534703
717.600000000 -0.722241 46.405187 -9.359516 -0.474991 -0.518633 -0.468319 0.534866
717.700000000 -0.682812 46.475955 -9.351640 -0.476266 -0.517298 -0.469620 0.533882
717.800000000 -0.645355 46.499514 -9.343005 -0.476402 -0.516697 -0.470151 0.533876
717.900000000 -0.653560 46.695486 -9.337611 -0.476844 -0.516972 -0.469964 0.533379
718.000000000 -0.661680 46.779440 -9.335349 -0.477363 -0.517231 -0.469833 0.532780
718.100000000 -0.692356 46.999895 -9.327771 -0.477249 -0.517539 -0.469466 0.532905
718.200000000 -0.627109 46.990737 -9.320480 -0.477101 -0.517371 -0.469506 0.533166
718.300000000 -0.640088 47.214519 -9.314689 -0.476904 -0.518005 -0.468673 0.533459
718.400000000 -0.668885 47.392701 -9.314031 -0.478920 -0.519937 -0.465525 0.532530
718.500000000 -0.636580 47.495016 -9.309825 -0.482400 -0.520195 -0.463918 0.530534
718.600000000 -0.602361 47.582533 -9.316213 -0.485579 -0.521000 -0.462441 0.528129
718.700000000 -0.622482 47.781581 -9.324306 -0.487490 -0.522088 -0.460989 0.526562
718.800000000 -0.680436 47.995801 -9.331271 -0.486439 -0.523540 -0.459245 0.527615
718.900000000 -0.634302 48.052742 -9.338679 -0.487380 -0.521491 -0.461443 0.526857
719.000000000 -0.475263 47.894795 -9.350741 -0.488325 -0.515953 -0.468191 0.525480
719.100000000 -0.263654 47.600845 -9.360401 -0.484842 -0.512832 -0.472110 0.528246
719.200000000 -0.195407 47.078669 -9.383383 -0.455352 -0.535605 -0.446825 0.553289
719.300000000 -0.100401 47.245695 -9.386648 -0.466088 -0.522795 -0.461166 0.544769
719.400000000 -0.122239 47.170820 -9.411955 -0.452871 -0.535269 -0.446927 0.555564
719.500000000 0.106996 47.417044 -9.417705 -0.475631 -0.514311 -0.470807 0.536283
719.600000000 0.023569 47.596724 -9.432181 -0.474306 -0.517096 -0.467984 0.537250
719.700000000 0.163496 47.463561 -9.447402 -0.473928 -0.518587 -0.466214 0.537684
719.800000000 0.553158 47.256086 -9.459198 -0.490049 -0.503006 -0.482391 0.523580
719.900000000 0.451196 47.527090 -9.473515 -0.489401 -0.504350 -0.481154 0.524032
720.000000000 0.427094 47.710844 -9.483525 -0.490022 -0.503980 -0.481430 0.523553
720.100000000 0.365121 47.964422 -9.489398 -0.490996 -0.502699 -0.482743 0.522662
720.200000000 0.130416 48.701454 -9.492539 -0.503174 -0.491489 -0.494335 0.510772
720.300000000 -0.020056 48.797970 -9.490206 -0.490241 -0.502837 -0.482546 0.523419
720.400000000 -0.125023 48.796913 -9.495040 -0.477869 -0.514121 -0.470248 0.534965
720.500000000 0.290304 47.876437 -9.514575 -0.467680 -0.523445 -0.459293 0.544363
720.600000000 0.660155 47.187279 -9.522895 -0.459845 -0.529120 -0.451966 0.551636
720.700000000 0.529366 47.098096 -9.527191 -0.440133 -0.546705 -0.430665 0.567384
720.800000000 0.591842 47.085435 -9.533352 -0.441182 -0.545455 -0.431762 0.566938
720.900000000 0.699516 46.997601 -9.538094 -0.441620 -0.544635 -0.432249 0.567015
721.000000000 0.742713 46.752700 -9.543861 -0.427790 -0.555122 -0.418098 0.577952
721.100000000 0.865854 46.448661 -9.550157 -0.418943 -0.561624 -0.408932 0.584670
721.200000000 0.965727 46.253127 -9.556534 -0.406205 -0.570712 -0.395737 0.593866
721.300000000 1.097311 46.091069 -9.559994 -0.401092 -0.573720 -0.390841 0.597674
721.400000000 1.200234 45.975218 -9.557163 -0.399854 -0.573570 -0.390199 0.599066
721.500000000 1.211836 45.837228 -9.549322 -0.374686 -0.588816 -0.365880 0.615660
721.600000000 1.164498 46.008015 -9.557489 -0.379239 -0.586218 -0.370401 0.612642
721.700000000 0.901341 46.392981 -9.559946 -0.376442 -0.588802 -0.366995 0.613937
721.800000000 0.747862 46.868781 -9.559171 -0.388727 -0.580888 -0.379280 0.606307
721.900000000 0.742863 47.091883 -9.555359 -0.393392 -0.577652 -0.384087 0.603356
722.000000000 0.837506 47.232402 -9.551060 -0.381664 -0.585823 -0.371665 0.610745
722.100000000 0.906500 47.175586 -9.555169 -0.367271 -0.594759 -0.357074 0.619574
722.200000000 0.934200 47.302733 -9.568726 -0.367063 -0.595599 -0.356162 0.619415
722.300000000 0.890185 47.464680 -9.575402 -0.360509 -0.600100 -0.349008 0.622982
722.400000000 0.721732 47.719915 -9.586438 -0.362612 -0.599453 -0.350697 0.621434
722.500000000 0.720316 47.862782 -9.597267 -0.364423 -0.598778 -0.352211 0.620167
722.600000000 0.651250 48.023041 -9.607418 -0.366835 -0.597609 -0.354500 0.618567
722.700000000 0.678244 48.122675 -9.619726 -0.363726 -0.599395 -0.351257 0.620522
722.800000000 0.645829 48.200331 -9.630872 -0.363257 -0.599854 -0.350652 0.620696
722.900000000 0.695033 48.187623 -9.647817 -0.359793 -0.602370 -0.346730 0.622478
723.000000000 0.865933 48.172218 -9.663313 -0.351984 -0.606128 -0.338766 0.627657
723.100000000 0.942896 48.144877 -9.684619 -0.350551 -0.607628 -0.336715 0.628112
723.200000000 0.972764 48.235622 -9.703001 -0.347930 -0.609289 -0.333931 0.629446
723.300000000 1.049619 48.165495 -9.721233 -0.343464 -0.611242 -0.329671 0.632245
723.400000000 1.072733 48.223645 -9.744325 -0.341397 -0.612708 -0.327288 0.633182
723.500000000 1.114762 48.349024 -9.767905 -0.342122 -0.612114 -0.328072 0.632959
723.600000000 1.016584 48.439222 -9.801330 -0.341552 -0.613254 -0.326772 0.632836
723.700000000 0.962670 48.536364 -9.828123 -0.340719 -0.613870 -0.326004 0.633084
723.800000000 0.944746 48.561559 -9.862223 -0.339907 -0.614662 -0.324883 0.633329
723.900000000 0.939146 48.573784 -9.895994 -0.335215 -0.617360 -0.319978 0.635697
724.000000000 0.972310 48.653376 -9.930432 -0.333236 -0.618417 -0.317951 0.636727
724.100000000 0.974558 48.678407 -9.973647 -0.332737 -0.619132 -0.317118 0.636709
724.200000000 0.948249 48.715149 -10.013355 -0.330878 -0.620087 -0.315257 0.637671
724.300000000 0.861335 48.820190 -10.056592 -0.332027 -0.619226 -0.316498 0.637297
724.400000000 0.639028 49.043359 -10.095641 -0.336429 -0.616507 -0.321559 0.635086
724.500000000 0.547884 49.069051 -10.145794 -0.329637 -0.620591 -0.314606 0.638145
724.600000000 0.590195 49.127744 -10.201664 -0.329228 -0.620902 -0.314026 0.638339
724.700000000 0.389159 49.245323 -10.263681 -0.327322 -0.622721 -0.312016 0.638534
724.800000000 0.441061 49.576550 -10.328640 -0.348641 -0.610358 -0.333854 0.628056
724.900000000 1.248900 50.811177 -10.392216 -0.410910 -0.570032 -0.396474 0.590783
725.000000000 1.368491 51.183381 -10.463309 -0.443238 -0.545873 -0.429038 0.567000
725.100000000 1.376835 51.510643 -10.510444 -0.464459 -0.526454 -0.452125 0.550188
725.200000000 1.318234 51.556936 -10.573458 -0.464151 -0.526279 -0.452119 0.550621
725.300000000 1.309094 51.692201 -10.634716 -0.464513 -0.526070 -0.452535 0.550173
725.400000000 1.254659 51.795433 -10.694556 -0.464272 -0.525675 -0.452842 0.550501
725.500000000 1.019397 51.775995 -10.765882 -0.464561 -0.525869 -0.452986 0.549953
725.600000000 0.935927 51.872320 -10.831748 -0.464905 -0.525086 -0.453926 0.549636
725.700000000 1.057632 52.032398 -10.919993 -0.465571 -0.526533 -0.452603 0.548778
725.800000000 0.997586 52.151228 -11.013602 -0.467103 -0.527923 -0.451574 0.546986
725.900000000 0.944904 52.213237 -11.109105 -0.467858 -0.529171 -0.450673 0.545876
726.000000000 0.981807 52.390128 -11.177239 -0.465219 -0.530736 -0.448602 0.548312
726.100000000 0.814795 52.516225 -11.289830 -0.469033 -0.531140 -0.449250 0.544126
726.200000000 0.818721 52.515698 -11.335468 -0.451370 -0.544772 -0.432958 0.558601
726.300000000 0.948201 52.699558 -11.417425 -0.447743 -0.548524 -0.428602 0.561203
726.400000000 0.824835 52.704604 -11.504999 -0.446422 -0.550783 -0.426374 0.561738
726.500000000 0.888918 52.898869 -11.632697 -0.467680 -0.536136 -0.444726 0.544107
726.600000000 0.778778 53.037786 -11.657086 -0.466333 -0.533722 -0.446825 0.545914
726.700000000 0.874007 53.250639 -11.725882 -0.466166 -0.533624 -0.446742 0.546220
726.800000000 0.663702 53.290766 -11.788204 -0.466031 -0.532049 -0.448581 0.546365
726.900000000 0.755323 53.281575 -11.898449 -0.447369 -0.550519 -0.427263 0.560568
727.000000000 0.767761 53.636383 -11.934334 -0.466831 -0.531926 -0.448927 0.545517
727.100000000 0.742661 53.787666 -11.995718 -0.466075 -0.531293 -0.449441 0.546356
727.200000000 0.607694 53.781592 -12.076941 -0.457566 -0.539545 -0.440109 0.553017
727.300000000 0.727250 54.066234 -12.146207 -0.465043 -0.532513 -0.448417 0.546888
727.400000000 0.651652 54.190086 -12.190951 -0.464529 -0.531517 -0.449454 0.547443
727.500000000 0.579029 54.300997 -12.243595 -0.463998 -0.530780 -0.450147 0.548038
727.600000000 0.499292 54.311330 -12.313213 -0.456373 -0.537398 -0.442624 0.554086
727.700000000 0.500922 54.520869 -12.360821 -0.458529 -0.534262 -0.446151 0.552507
727.800000000 0.451764 54.606185 -12.420150 -0.455159 -0.536593 -0.443307 0.555318
727.900000000 0.365573 54.704632 -12.482232 -0.454688 -0.536945 -0.443052 0.555566
728.000000000 0.420397 54.938758 -12.517696 -0.456539 -0.532956 -0.447113 0.554634
728.100000000 0.371563 55.037941 -12.587020 -0.455931 -0.534277 -0.446070 0.554704
728.200000000 0.428148 55.281759 -12.583788 -0.454785 -0.530801 -0.449524 0.556192
728.300000000 0.297817 55.359833 -12.660400 -0.455612 -0.530914 -0.449287 0.555598
728.400000000 0.320099 55.528278 -12.717073 -0.456770 -0.530134 -0.450267 0.554599
728.500000000 0.342946 55.668472 -12.758500 -0.455044 -0.530976 -0.449379 0.555929
728.600000000 0.209615 55.711398 -12.802447 -0.451724 -0.532936 -0.446746 0.558876
728.700000000 0.284074 56.012064 -12.759408 -0.451415 -0.526804 -0.453094 0.559828
728.800000000 0.205640 56.116994 -12.874945 -0.454855 -0.528041 -0.452376 0.556449
728.900000000 0.126490 56.212233 -12.922600 -0.455070 -0.527715 -0.452910 0.556148
729.000000000 0.118425 56.286997 -12.962591 -0.452041 -0.530593 -0.449799 0.558400
729.100000000 0.111743 56.449378 -12.993452 -0.452134 -0.529268 -0.450992 0.558620
729.200000000 0.048460 56.560765 -13.028721 -0.451862 -0.528750 -0.451527 0.558898
729.300000000 0.025659 56.721820 -13.034131 -0.450869 -0.527720 -0.452447 0.559928
729.400000000 -0.067367 56.824055 -13.093852 -0.451498 -0.528168 -0.451995 0.559365
729.500000000 -0.138022 56.847806 -13.131757 -0.448845 -0.530320 -0.449446 0.561513
729.600000000 -0.126240 57.037557 -13.160874 -0.449029 -0.529977 -0.449829 0.561383
729.700000000 -0.176598 57.104866 -13.183954 -0.447738 -0.529983 -0.449635 0.562563
729.800000000 -0.196557 57.269058 -13.206283 -0.447473 -0.529789 -0.449818 0.562811
729.900000000 -0.280663 57.429603 -13.230742 -0.448006 -0.528974 -0.450765 0.562395
730.000000000 -0.212435 57.591585 -13.251492 -0.448205 -0.528541 -0.451114 0.562364
730.100000000 -0.340705 57.702990 -13.272200 -0.448603 -0.527661 -0.452148 0.562043
730.200000000 -0.291903 57.880371 -13.219305 -0.446425 -0.525778 -0.453920 0.564109
730.300000000 -0.371465 57.964186 -13.294663 -0.446713 -0.527999 -0.451425 0.563809
730.400000000 -0.424139 58.104091 -13.310211 -0.446952 -0.527318 -0.452180 0.563651
730.500000000 -0.408515 58.248807 -13.320813 -0.447236 -0.526973 -0.452573 0.563433
730.600000000 -0.482764 58.399390 -13.324756 -0.445712 -0.527425 -0.451719 0.564901
730.700000000 -0.563678 58.515880 -13.334727 -0.445969 -0.527027 -0.452244 0.564650
730.800000000 -0.543168 58.609844 -13.338587 -0.445374 -0.527199 -0.451913 0.565224
730.900000000 -0.578465 58.793632 -13.341093 -0.445942 -0.526836 -0.452471 0.564668
731.000000000 -0.611233 58.904897 -13.339195 -0.445801 -0.526211 -0.452953 0.564974
731.100000000 -0.638695 59.077856 -13.343337 -0.446242 -0.526134 -0.453190 0.564509
731.200000000 -0.647471 59.255100 -13.335580 -0.446447 -0.525455 -0.453777 0.564507
731.300000000 -0.700517 59.318649 -13.333419 -0.445924 -0.525595 -0.453560 0.564965
731.400000000 -0.760976 59.471106 -13.324307 -0.445865 -0.525287 -0.453799 0.565106
731.500000000 -0.841012 59.575608 -13.324876 -0.444605 -0.527016 -0.451998 0.565931
731.600000000 -0.864152 59.701890 -13.313752 -0.444289 -0.527393 -0.451673 0.566088
731.700000000 -0.809762 59.885739 -13.298045 -0.445730 -0.525774 -0.453438 0.565050
731.800000000 -0.830618 60.032268 -13.288989 -0.445357 -0.526345 -0.452772 0.565346
731.900000000 -0.896480 60.183594 -13.267890 -0.445307 -0.525751 -0.453328 0.565492
732.000000000 -0.968140 60.272805 -13.251447 -0.444756 -0.526015 -0.453027 0.565921
732.100000000 -0.989245 60.372069 -13.243574 -0.444642 -0.527142 -0.452024 0.565764
732.200000000 -0.999321 60.524531 -13.217304 -0.445177 -0.525963 -0.453265 0.565448
732.300000000 -1.054727 60.540805 -13.195547 -0.442062 -0.528119 -0.450234 0.568296
732.400000000 -1.064456 60.618232 -13.176483 -0.441946 -0.528395 -0.449892 0.568400
732.500000000 -1.123939 60.731049 -13.151082 -0.441880 -0.528403 -0.449946 0.568402
732.600000000 -1.185565 60.832894 -13.128518 -0.441773 -0.528801 -0.449707 0.568304
732.700000000 -1.268291 60.863247 -13.113965 -0.441655 -0.530377 -0.448330 0.568015
732.800000000 -1.205350 60.965743 -13.080501 -0.441126 -0.530469 -0.447891 0.568686
732.900000000 -1.223985 61.167831 -13.054514 -0.442832 -0.529897 -0.448637 0.567303
733.000000000 -1.273031 61.197450 -13.036197 -0.442543 -0.531249 -0.447308 0.567314
733.100000000 -1.414535 61.287772 -13.011322 -0.442492 -0.532087 -0.446774 0.566990
733.200000000 -1.424596 61.436681 -12.979559 -0.442396 -0.531868 -0.447008 0.567086
733.300000000 -1.383463 61.660775 -12.951530 -0.443383 -0.531554 -0.447573 0.566162
733.400000000 -1.506986 61.679329 -12.919770 -0.442657 -0.532195 -0.446931 0.566636
733.500000000 -1.439012 61.838768 -12.886305 -0.443588 -0.531277 -0.447940 0.565972
733.600000000 -1.476090 61.928300 -12.853882 -0.442328 -0.532356 -0.446513 0.567071
733.700000000 -1.450514 62.039570 -12.823634 -0.441848 -0.533554 -0.445375 0.567214
733.800000000 -1.401053 62.100546 -12.791873 -0.442360 -0.533066 -0.445936 0.566832
733.900000000 -1.567953 62.210316 -12.757500 -0.442188 -0.533696 -0.445338 0.566844
734.000000000 -1.553662 62.400216 -12.718442 -0.441955 -0.534098 -0.445034 0.566886
734.100000000 -1.559802 62.549780 -12.682461 -0.443085 -0.533193 -0.446237 0.565910
734.200000000 -1.596523 62.636187 -12.645010 -0.442057 -0.534031 -0.445165 0.566767
734.300000000 -1.681605 62.800926 -12.606604 -0.443089 -0.533436 -0.446053 0.565823
734.400000000 -1.632459 63.057337 -12.567465 -0.444773 -0.532004 -0.447793 0.564473
734.500000000 -1.702863 63.115782 -12.529314 -0.443488 -0.533367 -0.446191 0.565465
734.600000000 -1.731163 63.183023 -12.499271 -0.443561 -0.534121 -0.445653 0.565121
734.700000000 -1.703676 63.332024 -12.463228 -0.444372 -0.533653 -0.446172 0.564517
734.800000000 -1.686992 63.441192 -12.431692 -0.444205 -0.534410 -0.445420 0.564526
734.900000000 -1.698911 63.600270 -12.393426 -0.444106 -0.534950 -0.444955 0.564459
735.000000000 -1.754249 63.688086 -12.365504 -0.445668 -0.535198 -0.445194 0.562802
735.100000000 -1.756869 63.855358 -12.326696 -0.445844 -0.534664 -0.445742 0.562735
735.200000000 -1.784964 64.008778 -12.282917 -0.445620 -0.534877 -0.445434 0.562955
735.300000000 -1.738645 64.212022 -12.252780 -0.447514 -0.534039 -0.446656 0.561277
735.400000000 -1.800457 64.384579 -12.215902 -0.448484 -0.533815 -0.447281 0.560217
735.500000000 -1.847654 64.662815 -12.175106 -0.450487 -0.532151 -0.449323 0.558557
735.600000000 -1.951268 64.678997 -12.138199 -0.447293 -0.534889 -0.445912 0.561236
735.700000000 -1.852139 64.803172 -12.110737 -0.449954 -0.534089 -0.447250 0.558800
735.800000000 -1.852292 64.984784 -12.079388 -0.451663 -0.533523 -0.448175 0.557219
735.900000000 -1.921421 65.145686 -12.042979 -0.451416 -0.533951 -0.447793 0.557316
736.000000000 -1.928783 65.216551 -12.012076 -0.450307 -0.535446 -0.445981 0.558231
736.100000000 -1.933946 65.349893 -11.979797 -0.451297 -0.534960 -0.446668 0.557348
736.200000000 -2.021749 65.596443 -11.939636 -0.451562 -0.534801 -0.446871 0.557122
736.300000000 -1.965100 65.665208 -11.909814 -0.452184 -0.534816 -0.446834 0.556632
736.400000000 -1.960475 65.808012 -11.875185 -0.452692 -0.534273 -0.447453 0.556245
736.500000000 -2.035610 66.005132 -11.842311 -0.452414 -0.534811 -0.446933 0.556372
736.600000000 -2.028043 66.142938 -11.814807 -0.453727 -0.534496 -0.447433 0.555202
736.700000000 -2.103503 66.334791 -11.785629 -0.453243 -0.535300 -0.446577 0.555512
736.800000000 -2.083538 66.421007 -11.752796 -0.452870 -0.535457 -0.446328 0.555865
736.900000000 -2.111971 66.549260 -11.725218 -0.452697 -0.535823 -0.445894 0.556002
737.000000000 -2.117276 66.684006 -11.697067 -0.452959 -0.535922 -0.445749 0.555809
737.100000000 -2.104966 66.783820 -11.669551 -0.452801 -0.536214 -0.445447 0.555899
737.200000000 -2.156668 66.921837 -11.639895 -0.452012 -0.536858 -0.444568 0.556621
737.300000000 -2.154705 67.026487 -11.621265 -0.452134 -0.538025 -0.443427 0.556306
737.400000000 -2.202355 67.201720 -11.585790 -0.452477 -0.536974 -0.444534 0.556159
737.500000000 -2.209942 67.321149 -11.561164 -0.452609 -0.537215 -0.444157 0.556120
737.600000000 -2.225410 67.460681 -11.530446 -0.453315 -0.536606 -0.444863 0.555568
737.700000000 -2.232132 67.610471 -11.509201 -0.453364 -0.537268 -0.444255 0.555375
737.800000000 -2.257481 67.688194 -11.482850 -0.452783 -0.538317 -0.443001 0.555834
737.900000000 -2.261861 67.827956 -11.448257 -0.452925 -0.537505 -0.443703 0.555944
738.000000000 -2.269147 67.948096 -11.425482 -0.453842 -0.537858 -0.443617 0.554923
738.100000000 -2.298471 68.069795 -11.390734 -0.453228 -0.538014 -0.443273 0.555549
738.200000000 -2.313710 68.174221 -11.354900 -0.451757 -0.538640 -0.442217 0.556980
738.300000000 -2.328825 68.297598 -11.317572 -0.451880 -0.538633 -0.442197 0.556903
738.400000000 -2.344471 68.415004 -11.284942 -0.451891 -0.538654 -0.442139 0.556919
738.500000000 -2.380978 68.547185 -11.245642 -0.451172 -0.539052 -0.441580 0.557560
738.600000000 -2.364730 68.675715 -11.212141 -0.452089 -0.538503 -0.442178 0.556874
738.700000000 -2.372084 68.808766 -11.170716 -0.452132 -0.537836 -0.442775 0.557009
738.800000000 -2.404960 68.926715 -11.133673 -0.451350 -0.538549 -0.441853 0.557687
738.900000000 -2.413335 69.038415 -11.096110 -0.452009 -0.538746 -0.441934 0.556897
739.000000000 -2.428635 69.172556 -11.053910 -0.451864 -0.538758 -0.441829 0.557087
739.100000000 -2.478820 69.278344 -11.011325 -0.450736 -0.540095 -0.440214 0.557984
739.200000000 -2.485945 69.413793 -10.964505 -0.450622 -0.539730 -0.440418 0.558268
739.300000000 -2.500398 69.528286 -10.921890 -0.450839 -0.540117 -0.440129 0.557946
739.400000000 -2.504545 69.664449 -10.874764 -0.451747 -0.539744 -0.440688 0.557131
739.500000000 -2.540719 69.790257 -10.825422 -0.451070 -0.540105 -0.440045 0.557838
739.600000000 -2.563652 69.918612 -10.777603 -0.450937 -0.540695 -0.439530 0.557780
739.700000000 -2.612356 70.032331 -10.725138 -0.449348 -0.542006 -0.437673 0.559248
739.800000000 -2.621085 70.160185 -10.678578 -0.450352 -0.542087 -0.437992 0.558111
739.900000000 -2.644732 70.274604 -10.628888 -0.450586 -0.542725 -0.437586 0.557620
740.000000000 -2.682726 70.402307 -10.568353 -0.449315 -0.542619 -0.437160 0.559081
740.100000000 -2.686606 70.526750 -10.525301 -0.450806 -0.543144 -0.437221 0.557321
740.200000000 -2.714894 70.637206 -10.458495 -0.449225 -0.542853 -0.436958 0.559084
740.300000000 -2.725361 70.691491 -10.412358 -0.448244 -0.544994 -0.434786 0.559482
740.400000000 -2.740925 70.886594 -10.358110 -0.449869 -0.543216 -0.436872 0.558281
740.500000000 -2.772220 70.980902 -10.312382 -0.449302 -0.544917 -0.435260 0.558339
740.600000000 -2.784617 71.062577 -10.255629 -0.448325 -0.545135 -0.434702 0.559345
740.700000000 -2.840689 71.249336 -10.211116 -0.448846 -0.545186 -0.434966 0.558671
740.800000000 -2.868869 71.387173 -10.163852 -0.448964 -0.545150 -0.435103 0.558505
740.900000000 -2.883821 71.474571 -10.111927 -0.448297 -0.545029 -0.434841 0.559363
741.000000000 -2.922759 71.641133 -10.075958 -0.449153 -0.545418 -0.434913 0.558240
741.100000000 -2.965624 71.786318 -10.037569 -0.449112 -0.546001 -0.434399 0.558103
741.200000000 -3.052655 71.913517 -10.005616 -0.447503 -0.548570 -0.431755 0.558927
741.300000000 -3.036197 72.096976 -9.955251 -0.449141 -0.545184 -0.435126 0.558311
741.400000000 -3.032521 72.189247 -9.924364 -0.450631 -0.544272 -0.436520 0.556911
741.500000000 -3.087348 72.276546 -9.891140 -0.448376 -0.546342 -0.433913 0.558738
741.600000000 -3.176549 72.533033 -9.862685 -0.449254 -0.545474 -0.435012 0.558026
741.700000000 -3.186567 72.568270 -9.839360 -0.447965 -0.547085 -0.433071 0.558994
741.800000000 -3.235867 72.764776 -9.814533 -0.448812 -0.546097 -0.434383 0.558263
741.900000000 -3.248291 72.845714 -9.796258 -0.448106 -0.547005 -0.433393 0.558710
742.000000000 -3.321710 72.996919 -9.785032 -0.447398 -0.547976 -0.432351 0.559133
742.100000000 -3.350674 73.152842 -9.769491 -0.447510 -0.547183 -0.433126 0.559221
742.200000000 -3.379085 73.291441 -9.764555 -0.447705 -0.547305 -0.433166 0.558913
742.300000000 -3.399199 73.393672 -9.756479 -0.447306 -0.547113 -0.433221 0.559379
742.400000000 -3.422178 73.468576 -9.760874 -0.447604 -0.547611 -0.432827 0.558957
742.500000000 -3.501106 73.720389 -9.762037 -0.448687 -0.545846 -0.435139 0.558020
742.600000000 -3.518485 73.775569 -9.764766 -0.446868 -0.546755 -0.433573 0.559805
742.700000000 -3.557803 73.879960 -9.780356 -0.446286 -0.547620 -0.432659 0.560131
742.800000000 -3.596760 74.011482 -9.793669 -0.445227 -0.547916 -0.432067 0.561140
742.900000000 -3.620499 74.177496 -9.821754 -0.447969 -0.546382 -0.434482 0.558584
743.000000000 -3.649691 74.294087 -9.845940 -0.447458 -0.546730 -0.434186 0.558883
743.100000000 -3.674907 74.462617 -9.868866 -0.448001 -0.544895 -0.436183 0.558685
743.200000000 -3.699880 74.505629 -9.906598 -0.445912 -0.547852 -0.432716 0.560159
743.300000000 -3.753130 74.703630 -9.927845 -0.444619 -0.545728 -0.434828 0.561622
743.400000000 -3.800392 74.824680 -9.974026 -0.444546 -0.546378 -0.434325 0.561437
743.500000000 -3.821936 74.921705 -10.016070 -0.443689 -0.546695 -0.433736 0.562261
743.600000000 -3.846106 75.040538 -10.054657 -0.442958 -0.545663 -0.434574 0.563192
743.700000000 -3.844647 75.197691 -10.112088 -0.445849 -0.543838 -0.437120 0.560700
743.800000000 -3.898007 75.280348 -10.162223 -0.442078 -0.545770 -0.434292 0.563997
743.900000000 -3.901135 75.356843 -10.225695 -0.442314 -0.546211 -0.434008 0.563603
744.000000000 -3.904987 75.441859 -10.275607 -0.441220 -0.545418 -0.434593 0.564777
744.100000000 -3.894791 75.514081 -10.328788 -0.439923 -0.545303 -0.434530 0.565947
744.200000000 -3.946259 75.661306 -10.398195 -0.439663 -0.545481 -0.434487 0.566010
744.300000000 -3.997652 75.822434 -10.465867 -0.439362 -0.545388 -0.434499 0.566325
744.400000000 -4.078747 76.023542 -10.542581 -0.440138 -0.545363 -0.434725 0.565572
744.500000000 -4.087863 76.126594 -10.610552 -0.439563 -0.544743 -0.435196 0.566254
744.600000000 -4.130548 76.276849 -10.684363 -0.438960 -0.544360 -0.435569 0.566803
744.700000000 -4.178110 76.418683 -10.768041 -0.439060 -0.544716 -0.435395 0.566517
744.800000000 -4.211195 76.556803 -10.845255 -0.438690 -0.544029 -0.436078 0.566939
744.900000000 -4.251989 76.681480 -10.939121 -0.439314 -0.545027 -0.435448 0.565980
745.000000000 -4.296756 76.843043 -11.022882 -0.439200 -0.544720 -0.435652 0.566208
745.100000000 -4.337333 76.968414 -11.103221 -0.437971 -0.544285 -0.435691 0.567545
745.200000000 -4.418271 77.160820 -11.190961 -0.437941 -0.544343 -0.435665 0.567534
745.300000000 -4.422128 77.257272 -11.280182 -0.438953 -0.543883 -0.436270 0.566728
745.400000000 -4.459622 77.396275 -11.367351 -0.439098 -0.542813 -0.437438 0.566741
745.500000000 -4.483805 77.521366 -11.457057 -0.438204 -0.543439 -0.436792 0.567330
745.600000000 -4.533679 77.659156 -11.552326 -0.437901 -0.544176 -0.435901 0.567544
745.700000000 -4.580020 77.808121 -11.636159 -0.437268 -0.543090 -0.437047 0.568190
745.800000000 -4.597804 77.913552 -11.732063 -0.437762 -0.543312 -0.437072 0.567578
745.900000000 -4.646761 78.056119 -11.825632 -0.437646 -0.543181 -0.436876 0.567943
746.000000000 -4.719044 78.224271 -11.927181 -0.437748 -0.544186 -0.436150 0.567461
746.100000000 -4.759421 78.358400 -12.019574 -0.437148 -0.544370 -0.435852 0.567975
746.200000000 -4.781955 78.470424 -12.107414 -0.437091 -0.543317 -0.436795 0.568303
746.300000000 -4.852093 78.664539 -12.195061 -0.437274 -0.542048 -0.438209 0.568285
746.400000000 -4.892640 78.795202 -12.288646 -0.436970 -0.542600 -0.437582 0.568475
746.500000000 -4.922965 78.912738 -12.377417 -0.436941 -0.542239 -0.437747 0.568716
746.600000000 -4.972735 79.055988 -12.478206 -0.437258 -0.543235 -0.436941 0.568140
746.700000000 -5.055570 79.241809 -12.574841 -0.438401 -0.543123 -0.437597 0.566861
746.800000000 -5.052908 79.339749 -12.664039 -0.437593 -0.543011 -0.437557 0.567622
746.900000000 -5.137674 79.536070 -12.748620 -0.437406 -0.542871 -0.437730 0.567767
747.000000000 -5.113692 79.595025 -12.843286 -0.436990 -0.543533 -0.436855 0.568128
747.100000000 -5.195088 79.769101 -12.927238 -0.437437 -0.542715 -0.437829 0.567816
747.200000000 -5.219502 79.891373 -13.010545 -0.437879 -0.542277 -0.438549 0.567338
747.300000000 -5.249802 80.018380 -13.096652 -0.438096 -0.542431 -0.438567 0.567010
747.400000000 -5.270654 80.132622 -13.180647 -0.436636 -0.543420 -0.437090 0.568328
747.500000000 -5.324148 80.280397 -13.266861 -0.437279 -0.543479 -0.437436 0.567509
747.600000000 -5.364639 80.408229 -13.347909 -0.437899 -0.543252 -0.437751 0.567006
747.700000000 -5.405884 80.552826 -13.423464 -0.437703 -0.542733 -0.438149 0.567347
747.800000000 -5.447318 80.686372 -13.502533 -0.437225 -0.543665 -0.437090 0.567640
747.900000000 -5.462773 80.796913 -13.579689 -0.437439 -0.543437 -0.437485 0.567389
748.000000000 -5.493709 80.919665 -13.653693 -0.437486 -0.543564 -0.437378 0.567314
748.100000000 -5.553573 81.085665 -13.716254 -0.437419 -0.542561 -0.438253 0.567650
748.200000000 -5.552774 81.167786 -13.788327 -0.437560 -0.542841 -0.438161 0.567344
748.300000000 -5.614938 81.325878 -13.850030 -0.437700 -0.542476 -0.438462 0.567353
748.400000000 -5.630014 81.434442 -13.919488 -0.436511 -0.543969 -0.436965 0.567994
748.500000000 -5.638103 81.529847 -13.984917 -0.436114 -0.544430 -0.436404 0.568289
748.600000000 -5.656175 81.628875 -14.041574 -0.436795 -0.543823 -0.437166 0.567761
748.700000000 -5.683265 81.742524 -14.102509 -0.437402 -0.543647 -0.437479 0.567221
748.800000000 -5.748427 81.914001 -14.161481 -0.436968 -0.544597 -0.436623 0.567304
748.900000000 -5.735502 81.984299 -14.211522 -0.436587 -0.544399 -0.436579 0.567821
749.000000000 -5.772448 82.115167 -14.262242 -0.436947 -0.543931 -0.437192 0.567521
749.100000000 -5.812456 82.253930 -14.305533 -0.436417 -0.544090 -0.436949 0.567963
749.200000000 -5.844232 82.386545 -14.353447 -0.435724 -0.544793 -0.436228 0.568375
749.300000000 -5.863667 82.485082 -14.400212 -0.436111 -0.545502 -0.435725 0.567784
749.400000000 -5.907888 82.624124 -14.438068 -0.436716 -0.544675 -0.436787 0.567297
749.500000000 -5.872395 82.676472 -14.473940 -0.436750 -0.544590 -0.436941 0.567234
749.600000000 -5.963265 82.871695 -14.501944 -0.436643 -0.544168 -0.437056 0.567632
749.700000000 -6.022411 83.016752 -14.541912 -0.436609 -0.545017 -0.436356 0.567383
749.800000000 -6.001457 83.091063 -14.568147 -0.435931 -0.545148 -0.436278 0.567838
749.900000000 -6.053317 83.238588 -14.597265 -0.435953 -0.545701 -0.435761 0.567686
750.000000000 -6.154984 83.443078 -14.618314 -0.436086 -0.545743 -0.435754 0.567550
750.100000000 -6.125924 83.500958 -14.637743 -0.435820 -0.545528 -0.435879 0.567865
750.200000000 -6.099292 83.552021 -14.659032 -0.436104 -0.545742 -0.435722 0.567561
750.300000000 -6.153008 83.695077 -14.679010 -0.437454 -0.545327 -0.436426 0.566378
750.400000000 -6.251447 83.900341 -14.690161 -0.437171 -0.545494 -0.436170 0.566634
750.500000000 -6.284176 84.022251 -14.704241 -0.437465 -0.545444 -0.436360 0.566308
750.600000000 -6.237106 84.043135 -14.716738 -0.436459 -0.546550 -0.435070 0.567011
750.700000000 -6.310090 84.231643 -14.719816 -0.435941 -0.546763 -0.434746 0.567453
750.800000000 -6.358559 84.385090 -14.720632 -0.436429 -0.546308 -0.435381 0.567028
750.900000000 -6.378490 84.496949 -14.720795 -0.435662 -0.546746 -0.434779 0.567658
751.000000000 -6.434953 84.648824 -14.719570 -0.436258 -0.546822 -0.434704 0.567184
751.100000000 -6.490327 84.792095 -14.718445 -0.436821 -0.546585 -0.435144 0.566641
751.200000000 -6.533629 84.944177 -14.713298 -0.437102 -0.546718 -0.435150 0.566291
751.300000000 -6.539295 85.034033 -14.700294 -0.436179 -0.546846 -0.434639 0.567270
751.400000000 -6.521341 85.100589 -14.692947 -0.436000 -0.547157 -0.434392 0.567298
751.500000000 -6.603279 85.290086 -14.677605 -0.435199 -0.547835 -0.433684 0.567800
751.600000000 -6.656715 85.437071 -14.661463 -0.434964 -0.548307 -0.433084 0.567983
751.700000000 -6.664134 85.540898 -14.645518 -0.435062 -0.548320 -0.433120 0.567867
751.800000000 -6.652888 85.611715 -14.622871 -0.434817 -0.548136 -0.433157 0.568204
751.900000000 -6.697462 85.752610 -14.603006 -0.435433 -0.547885 -0.433580 0.567652
752.000000000 -6.703858 85.859664 -14.582069 -0.435882 -0.547862 -0.433794 0.567166
752.100000000 -6.769274 86.023315 -14.558146 -0.435977 -0.547713 -0.434026 0.567058
752.200000000 -6.773947 86.116668 -14.529293 -0.435871 -0.547664 -0.433857 0.567317
752.300000000 -6.704270 86.131670 -14.502663 -0.435600 -0.547889 -0.433525 0.567562
752.400000000 -6.739517 86.261458 -14.473603 -0.435322 -0.548076 -0.433486 0.567625
752.500000000 -6.754206 86.359657 -14.440175 -0.435292 -0.548259 -0.433164 0.567716
752.600000000 -6.789208 86.488878 -14.404097 -0.434559 -0.548383 -0.432800 0.568436
752.700000000 -6.816629 86.614808 -14.367067 -0.434347 -0.548460 -0.432625 0.568656
752.800000000 -6.857303 86.743536 -14.331538 -0.433980 -0.548961 -0.432136 0.568826
752.900000000 -6.903147 86.896692 -14.286108 -0.433300 -0.548738 -0.432179 0.569525
753.000000000 -6.934242 87.026552 -14.243055 -0.433072 -0.548669 -0.431984 0.569914
753.100000000 -6.952923 87.142277 -14.204024 -0.433151 -0.548786 -0.431927 0.569783
753.200000000 -6.973487 87.280045 -14.160813 -0.434449 -0.547509 -0.433532 0.568804
753.300000000 -7.018208 87.410807 -14.117945 -0.434063 -0.547829 -0.433120 0.569105
753.400000000 -7.033197 87.524600 -14.071476 -0.434160 -0.547760 -0.433467 0.568833
753.500000000 -7.075656 87.653849 -14.027267 -0.434055 -0.547933 -0.433102 0.569024
753.600000000 -7.116287 87.784940 -13.980473 -0.433730 -0.548185 -0.432948 0.569146
753.700000000 -7.148362 87.914769 -13.932702 -0.433369 -0.548217 -0.432940 0.569397
753.800000000 -7.190845 88.050292 -13.881363 -0.432366 -0.548716 -0.432117 0.570303
753.900000000 -7.204447 88.176164 -13.828718 -0.432490 -0.548254 -0.432684 0.570223
754.000000000 -7.237347 88.294716 -13.780544 -0.432478 -0.548388 -0.432674 0.570111
754.100000000 -7.266915 88.424965 -13.727124 -0.432345 -0.548128 -0.432881 0.570304
754.200000000 -7.284005 88.532858 -13.676547 -0.432829 -0.547509 -0.433509 0.570055
754.300000000 -7.253425 88.581579 -13.624161 -0.433018 -0.547310 -0.433606 0.570029
754.400000000 -7.299877 88.728356 -13.573735 -0.432680 -0.547739 -0.433363 0.570059
754.500000000 -7.333573 88.844161 -13.523314 -0.432350 -0.547646 -0.433301 0.570445
754.600000000 -7.298495 88.891667 -13.472776 -0.432319 -0.547892 -0.433072 0.570406
754.700000000 -7.386977 89.069883 -13.418775 -0.430484 -0.549057 -0.431561 0.571818
754.800000000 -7.435545 89.224006 -13.362808 -0.430555 -0.548099 -0.432477 0.571990
754.900000000 -7.421991 89.295779 -13.309057 -0.430199 -0.548178 -0.432243 0.572359
755.000000000 -7.426769 89.396761 -13.255922 -0.430592 -0.547603 -0.432919 0.572103
755.100000000 -7.488568 89.568593 -13.205284 -0.430858 -0.547328 -0.433438 0.571774
755.200000000 -7.525723 89.687646 -13.160186 -0.431480 -0.548033 -0.433061 0.570914
755.300000000 -7.596561 89.872014 -13.095038 -0.430245 -0.546768 -0.433841 0.572465
755.400000000 -7.593279 89.940302 -13.052519 -0.430768 -0.547558 -0.433317 0.571714
755.500000000 -7.607582 90.044332 -13.002023 -0.430428 -0.547552 -0.433166 0.572089
755.600000000 -7.689471 90.225054 -12.943462 -0.428115 -0.548138 -0.431988 0.574150
755.700000000 -7.655879 90.267730 -12.898384 -0.428358 -0.548390 -0.431798 0.573872
755.800000000 -7.732256 90.447604 -12.849711 -0.428652 -0.548469 -0.431973 0.573444
755.900000000 -7.793442 90.618422 -12.794171 -0.428829 -0.547275 -0.433239 0.573498
756.000000000 -7.812399 90.730628 -12.750727 -0.429152 -0.547471 -0.433242 0.573067
756.100000000 -7.855006 90.871736 -12.703755 -0.429082 -0.547241 -0.433486 0.573154
756.200000000 -7.900652 91.003036 -12.653035 -0.428466 -0.547030 -0.433561 0.573759
756.300000000 -7.910799 91.108010 -12.610932 -0.429190 -0.546520 -0.434021 0.573356
756.400000000 -7.951508 91.245066 -12.563066 -0.428307 -0.546943 -0.433648 0.573895
756.500000000 -7.996124 91.378162 -12.521274 -0.427754 -0.547279 -0.433174 0.574345
756.600000000 -8.050399 91.520203 -12.473722 -0.426110 -0.548077 -0.432040 0.575658
756.700000000 -8.078366 91.636892 -12.437448 -0.426432 -0.548594 -0.431774 0.575128
756.800000000 -8.103532 91.747408 -12.392419 -0.426274 -0.548198 -0.432027 0.575431
756.900000000 -8.168886 91.927265 -12.348307 -0.425914 -0.547589 -0.432632 0.575823
757.000000000 -8.194480 92.042857 -12.308680 -0.425787 -0.547585 -0.432665 0.575897
757.100000000 -8.181202 92.113190 -12.275245 -0.426337 -0.547261 -0.432961 0.575576
757.200000000 -8.129843 92.132260 -12.237580 -0.426103 -0.546894 -0.433084 0.576006
757.300000000 -8.324253 92.447898 -12.196225 -0.425179 -0.547367 -0.432723 0.576509
757.400000000 -8.267710 92.480630 -12.154674 -0.424917 -0.546041 -0.433536 0.577348
757.500000000 -8.301689 92.598987 -12.122588 -0.424771 -0.546188 -0.433410 0.577411
757.600000000 -8.392188 92.774769 -12.094566 -0.423882 -0.547668 -0.432165 0.577597
757.700000000 -8.361797 92.822860 -12.059739 -0.423578 -0.547144 -0.432359 0.578170
757.800000000 -8.469919 93.021839 -12.036186 -0.423385 -0.548147 -0.431543 0.577970
757.900000000 -8.479780 93.119958 -12.008681 -0.423616 -0.547878 -0.431899 0.577791
758.000000000 -8.520395 93.246425 -11.982354 -0.423765 -0.547620 -0.432299 0.577627
758.100000000 -8.526718 93.337577 -11.957985 -0.423730 -0.547419 -0.432374 0.577788
758.200000000 -8.605268 93.507075 -11.931008 -0.423151 -0.547777 -0.431937 0.578199
758.300000000 -8.633486 93.616059 -11.906321 -0.422046 -0.548128 -0.431314 0.579138
758.400000000 -8.644670 93.712020 -11.885352 -0.422005 -0.547950 -0.431215 0.579410
758.500000000 -8.688763 93.842483 -11.868658 -0.422387 -0.548103 -0.431386 0.578859
758.600000000 -8.742070 93.990802 -11.849940 -0.422421 -0.547900 -0.431622 0.578851
758.700000000 -8.774096 94.104638 -11.830843 -0.421680 -0.548208 -0.430983 0.579575
758.800000000 -8.814577 94.223727 -11.816307 -0.421525 -0.548224 -0.430892 0.579740
758.900000000 -8.823249 94.320528 -11.802653 -0.421385 -0.548407 -0.430728 0.579791
759.000000000 -8.855499 94.435630 -11.789473 -0.421579 -0.548408 -0.430750 0.579633
759.100000000 -8.936724 94.599331 -11.775618 -0.420990 -0.548993 -0.430374 0.579787
759.200000000 -8.952966 94.695221 -11.766139 -0.421009 -0.548922 -0.430422 0.579804
759.300000000 -8.999160 94.842337 -11.752077 -0.420565 -0.548331 -0.430712 0.580470
759.400000000 -9.034966 94.965176 -11.739321 -0.420079 -0.547636 -0.430810 0.581405
759.500000000 -9.046049 95.061650 -11.742292 -0.420853 -0.548505 -0.430503 0.580252
759.600000000 -9.087261 95.194010 -11.729454 -0.420156 -0.547718 -0.430721 0.581338
759.700000000 -9.119717 95.307243 -11.726203 -0.419856 -0.548156 -0.430316 0.581441
759.800000000 -9.154013 95.426625 -11.732593 -0.420782 -0.549061 -0.430183 0.580015
759.900000000 -9.188026 95.538618 -11.732206 -0.420405 -0.549484 -0.429695 0.580249
760.000000000 -9.210666 95.651534 -11.732493 -0.420402 -0.549496 -0.429706 0.580233
760.100000000 -9.189455 95.719511 -11.726005 -0.420099 -0.547995 -0.430653 0.581168
760.200000000 -9.227622 95.854220 -11.728325 -0.420519 -0.547717 -0.430996 0.580872
760.300000000 -9.241500 95.942194 -11.734462 -0.420450 -0.548162 -0.430580 0.580811
760.400000000 -9.323542 96.110734 -11.736177 -0.420083 -0.548344 -0.430365 0.581064
760.500000000 -9.383186 96.255245 -11.740863 -0.419813 -0.548485 -0.430212 0.581239
760.600000000 -9.361410 96.301389 -11.748047 -0.419641 -0.548545 -0.430005 0.581460
760.700000000 -9.454713 96.481376 -11.752289 -0.419295 -0.548957 -0.429610 0.581613
760.800000000 -9.439349 96.545326 -11.762118 -0.419431 -0.548773 -0.429593 0.581701
760.900000000 -9.334344 96.511845 -11.776366 -0.419875 -0.548618 -0.429654 0.581481
761.000000000 -9.356234 96.617505 -11.785714 -0.419780 -0.548748 -0.429557 0.581499
761.100000000 -9.391338 96.731059 -11.797197 -0.419578 -0.549307 -0.429029 0.581507
761.200000000 -9.510765 96.944915 -11.802497 -0.419169 -0.549021 -0.429443 0.581767
761.300000000 -9.491828 97.003981 -11.817590 -0.419417 -0.549192 -0.429297 0.581534
761.400000000 -9.514099 97.105839 -11.830267 -0.419552 -0.548959 -0.429444 0.581548
761.500000000 -9.873241 97.589835 -11.823549 -0.419859 -0.547373 -0.431487 0.581309
761.600000000 -9.669406 97.442367 -11.852887 -0.419476 -0.549045 -0.429570 0.581429
761.700000000 -9.575081 97.415787 -11.869587 -0.419534 -0.548619 -0.429556 0.581798
761.800000000 -9.577994 97.497764 -11.882413 -0.419127 -0.548506 -0.429412 0.582304
761.900000000 -9.707389 97.705736 -11.895291 -0.418399 -0.549458 -0.428775 0.582400
762.000000000 -9.673665 97.747099 -11.916042 -0.418571 -0.549871 -0.428396 0.582166
762.100000000 -9.739773 97.903834 -11.925629 -0.418077 -0.549423 -0.428629 0.582772
762.200000000 -9.757500 97.994443 -11.946867 -0.418150 -0.550060 -0.428156 0.582466
762.300000000 -9.698498 98.014547 -11.968659 -0.418766 -0.549976 -0.428341 0.581967
762.400000000 -9.692854 98.073848 -11.987021 -0.418946 -0.550068 -0.428211 0.581847
762.500000000 -9.650983 98.121235 -12.007107 -0.419279 -0.549433 -0.428715 0.581836
762.600000000 -9.765049 98.318589 -12.026456 -0.419096 -0.550545 -0.427890 0.581523
762.700000000 -9.872067 98.496748 -12.039678 -0.418630 -0.550628 -0.427644 0.581961
762.800000000 -9.860660 98.556588 -12.057744 -0.418407 -0.550409 -0.427563 0.582388
762.900000000 -9.890770 98.670957 -12.071338 -0.418114 -0.549963 -0.427899 0.582773
763.000000000 -10.065988 98.935039 -12.088623 -0.417546 -0.551207 -0.426948 0.582702
763.100000000 -10.046992 98.984766 -12.106461 -0.417917 -0.550646 -0.427563 0.582515
763.200000000 -10.072129 99.089633 -12.123328 -0.417712 -0.550551 -0.427501 0.582798
763.300000000 -10.136654 99.248630 -12.138065 -0.417670 -0.550317 -0.427801 0.582829
763.400000000 -10.095000 99.281347 -12.163156 -0.417921 -0.550470 -0.427509 0.582718
763.500000000 -10.179734 99.436871 -12.176601 -0.417435 -0.550501 -0.427404 0.583115
763.600000000 -10.274226 99.609814 -12.191208 -0.416926 -0.551036 -0.426952 0.583305
763.700000000 -10.288901 99.717433 -12.208867 -0.416987 -0.551112 -0.426981 0.583168
763.800000000 -10.337413 99.839598 -12.226336 -0.416726 -0.551087 -0.426912 0.583429
763.900000000 -10.417866 99.988930 -12.241090 -0.415956 -0.551825 -0.426163 0.583828
764.000000000 -10.490281 100.148412 -12.252934 -0.415753 -0.551588 -0.426275 0.584114
764.100000000 -10.544417 100.283050 -12.265642 -0.415213 -0.551502 -0.426228 0.584613
764.200000000 -10.644844 100.428430 -12.277840 -0.414661 -0.551834 -0.425790 0.585011
764.300000000 -10.666385 100.525748 -12.296177 -0.414288 -0.552447 -0.425264 0.585080
764.400000000 -10.665583 100.636025 -12.315586 -0.415246 -0.552170 -0.425808 0.584266
764.500000000 -10.774071 100.834177 -12.318216 -0.414485 -0.551748 -0.426104 0.584989
764.600000000 -10.817323 100.958313 -12.326323 -0.413979 -0.551274 -0.426359 0.585608
764.700000000 -10.906053 101.118093 -12.333647 -0.413595 -0.551077 -0.426342 0.586076
764.800000000 -11.004482 101.264965 -12.343392 -0.412743 -0.551672 -0.425596 0.586660
764.900000000 -11.044207 101.376404 -12.356546 -0.412128 -0.552654 -0.424739 0.586789
765.000000000 -11.087939 101.533790 -12.363161 -0.412490 -0.551777 -0.425647 0.586701
765.100000000 -11.180351 101.698694 -12.366725 -0.412215 -0.551275 -0.426058 0.587068
765.200000000 -11.230656 101.804037 -12.378518 -0.411825 -0.551954 -0.425441 0.587152
765.300000000 -11.307353 101.969709 -12.385049 -0.411122 -0.552452 -0.424917 0.587555
765.400000000 -11.392932 102.122949 -12.390450 -0.410631 -0.552411 -0.424818 0.588009
765.500000000 -11.398049 102.218896 -12.400947 -0.410573 -0.552385 -0.424799 0.588087
765.600000000 -11.450612 102.332264 -12.410125 -0.410321 -0.552702 -0.424568 0.588132
765.700000000 -11.522849 102.468179 -12.415219 -0.410124 -0.552767 -0.424481 0.588272
765.800000000 -11.580210 102.617661 -12.417460 -0.409657 -0.552700 -0.424416 0.588706
765.900000000 -11.677058 102.780496 -12.421430 -0.409000 -0.553310 -0.423773 0.589054
766.000000000 -11.731575 102.907975 -12.418805 -0.408266 -0.552845 -0.423954 0.589868
766.100000000 -11.776187 103.016925 -12.432795 -0.408014 -0.553904 -0.423065 0.589687
766.200000000 -11.880498 103.154802 -12.427008 -0.407051 -0.553516 -0.422903 0.590833
766.300000000 -11.874873 103.267589 -12.432608 -0.407651 -0.553016 -0.423595 0.590391
766.400000000 -11.918258 103.362629 -12.438832 -0.406740 -0.554007 -0.422547 0.590841
766.500000000 -12.049984 103.533379 -12.434108 -0.405995 -0.554094 -0.422211 0.591511
766.600000000 -12.110139 103.624944 -12.434554 -0.405693 -0.553896 -0.422257 0.591871
766.700000000 -12.156053 103.703050 -12.437220 -0.404586 -0.554760 -0.421088 0.592652
766.800000000 -12.233865 103.817663 -12.436172 -0.403819 -0.555358 -0.420365 0.593128
766.900000000 -12.254135 103.973317 -12.434271 -0.405243 -0.554295 -0.421871 0.592081
767.000000000 -12.287311 104.031976 -12.435692 -0.404940 -0.554505 -0.421558 0.592315
767.100000000 -12.305381 104.054130 -12.438050 -0.403169 -0.556005 -0.419575 0.593524
767.200000000 -12.340279 104.115354 -12.433290 -0.402328 -0.556618 -0.418712 0.594128
767.300000000 -12.372028 104.145665 -12.426622 -0.400829 -0.557669 -0.417173 0.595238
767.400000000 -12.423882 104.367677 -12.411796 -0.402574 -0.555979 -0.419400 0.594075
767.500000000 -12.462792 104.431015 -12.402441 -0.402178 -0.556403 -0.418933 0.594276
767.600000000 -12.513054 104.506571 -12.387645 -0.400771 -0.557184 -0.417683 0.595373
767.700000000 -12.635113 104.612822 -12.370496 -0.398421 -0.559200 -0.415171 0.596815
767.800000000 -12.625267 104.797135 -12.347454 -0.400153 -0.557528 -0.417198 0.595807
767.900000000 -12.707448 104.888735 -12.327728 -0.398942 -0.558715 -0.415790 0.596491
768.000000000 -12.771669 104.987133 -12.303473 -0.398401 -0.559331 -0.415143 0.596726
768.100000000 -12.859946 105.075927 -12.274814 -0.397126 -0.560039 -0.414035 0.597681
768.200000000 -12.997293 105.151596 -12.237279 -0.394164 -0.561359 -0.411760 0.599970
768.300000000 -13.046752 105.254314 -12.209844 -0.393799 -0.562275 -0.410938 0.599916
768.400000000 -13.158278 105.334125 -12.179511 -0.391948 -0.564251 -0.408757 0.600763
768.500000000 -13.216693 105.431116 -12.136943 -0.391871 -0.563263 -0.409468 0.601255
768.600000000 -13.228204 105.598345 -12.094504 -0.392650 -0.562092 -0.410729 0.600983
768.700000000 -13.318422 105.692165 -12.052471 -0.390876 -0.563264 -0.409117 0.602141
768.800000000 -13.373682 105.795563 -12.011981 -0.390143 -0.564278 -0.407999 0.602425
768.900000000 -13.440327 105.895370 -11.966519 -0.389363 -0.564398 -0.407521 0.603141
769.000000000 -13.472458 106.025849 -11.923656 -0.389976 -0.564280 -0.408108 0.602457
769.100000000 -13.526065 106.111681 -11.878444 -0.389369 -0.565001 -0.407210 0.602782
769.200000000 -13.596330 106.236882 -11.824694 -0.388482 -0.565039 -0.406869 0.603547
769.300000000 -13.644461 106.338657 -11.774852 -0.387990 -0.565509 -0.406246 0.603844
769.400000000 -13.669053 106.496266 -11.722475 -0.389050 -0.564931 -0.407257 0.603022
769.500000000 -13.719445 106.623670 -11.664328 -0.388650 -0.564408 -0.407449 0.603638
769.600000000 -13.776455 106.699914 -11.609886 -0.387814 -0.565107 -0.406628 0.604076
769.700000000 -13.738675 106.761721 -11.555191 -0.388464 -0.564286 -0.407565 0.603795
769.800000000 -13.810785 106.872255 -11.500812 -0.387699 -0.565092 -0.406672 0.604134
769.900000000 -13.908882 107.056906 -11.443561 -0.388020 -0.565159 -0.406914 0.603703
770.000000000 -13.958703 107.136058 -11.387180 -0.387182 -0.565889 -0.405971 0.604191
770.100000000 -14.003704 107.210078 -11.322387 -0.386239 -0.565590 -0.405793 0.605193
770.200000000 -14.050106 107.360904 -11.265307 -0.387292 -0.565345 -0.406567 0.604229
770.300000000 -14.115745 107.530991 -11.202280 -0.387284 -0.565181 -0.406708 0.604293
770.400000000 -14.161227 107.614374 -11.142682 -0.386283 -0.565934 -0.405702 0.604904
770.500000000 -14.263689 107.728426 -11.078304 -0.384832 -0.566638 -0.404592 0.605914
770.600000000 -14.310394 107.873675 -11.016439 -0.385326 -0.566144 -0.405245 0.605625
770.700000000 -14.382660 107.969701 -10.953655 -0.384440 -0.566570 -0.404549 0.606255
770.800000000 -14.426304 108.100973 -10.891225 -0.384403 -0.566625 -0.404562 0.606217
770.900000000 -14.489625 108.204155 -10.830027 -0.383791 -0.567436 -0.403819 0.606342
771.000000000 -14.520820 108.318109 -10.767911 -0.383184 -0.567511 -0.403456 0.606898
771.100000000 -14.576658 108.478498 -10.706871 -0.384042 -0.567290 -0.404117 0.606122
771.200000000 -14.617871 108.633542 -10.641283 -0.384089 -0.566662 -0.404678 0.606305
771.300000000 -14.690363 108.735533 -10.582317 -0.383286 -0.567600 -0.403681 0.606600
771.400000000 -14.729257 108.885846 -10.521088 -0.383083 -0.567647 -0.403691 0.606678
771.500000000 -14.765337 109.027880 -10.459519 -0.383465 -0.567237 -0.404138 0.606523
771.600000000 -14.823585 109.166253 -10.398262 -0.383330 -0.567028 -0.404277 0.606710
771.700000000 -14.899763 109.244211 -10.344739 -0.382598 -0.568423 -0.403022 0.606702
771.800000000 -14.987893 109.336150 -10.283171 -0.381478 -0.568597 -0.402261 0.607748
771.900000000 -14.999791 109.542436 -10.221440 -0.382610 -0.567405 -0.403924 0.607048
772.000000000 -15.083807 109.607292 -10.171365 -0.381573 -0.569018 -0.402225 0.607319
772.100000000 -15.159047 109.707756 -10.108437 -0.380060 -0.568743 -0.401590 0.608943
772.200000000 -15.208878 109.846882 -10.054806 -0.380635 -0.568710 -0.401974 0.608360
772.300000000 -15.250452 110.008890 -10.003797 -0.381270 -0.568772 -0.402302 0.607688
772.400000000 -15.322559 110.104245 -9.945821 -0.380283 -0.569067 -0.401769 0.608382
772.500000000 -15.354465 110.238013 -9.897676 -0.380408 -0.569631 -0.401519 0.607941
772.600000000 -15.422632 110.360965 -9.844747 -0.379659 -0.570037 -0.401064 0.608329
772.700000000 -15.486033 110.467840 -9.788006 -0.378367 -0.569816 -0.400636 0.609622
772.800000000 -15.525171 110.624050 -9.739700 -0.379281 -0.569462 -0.401554 0.608781
772.900000000 -15.604172 110.718965 -9.696277 -0.378754 -0.570251 -0.400531 0.609045
773.000000000 -15.661596 110.881011 -9.639148 -0.378399 -0.569004 -0.401541 0.609765
773.100000000 -15.730342 110.975456 -9.596023 -0.377366 -0.569535 -0.400586 0.610537
773.200000000 -15.787360 111.077698 -9.549081 -0.377202 -0.569448 -0.400645 0.610681
773.300000000 -15.857771 111.221689 -9.500308 -0.376614 -0.568546 -0.401115 0.611576
773.400000000 -15.878579 111.342087 -9.461935 -0.376075 -0.569325 -0.400225 0.611765
773.500000000 -15.955792 111.439063 -9.424894 -0.376131 -0.569685 -0.400284 0.611357
773.600000000 -16.019335 111.549326 -9.383841 -0.375318 -0.569767 -0.399826 0.612079
773.700000000 -16.096579 111.702188 -9.348940 -0.374888 -0.570291 -0.399310 0.612191
773.800000000 -16.117588 111.782007 -9.307057 -0.373769 -0.569387 -0.399967 0.613287
773.900000000 -16.162396 111.881794 -9.269947 -0.372772 -0.569092 -0.400132 0.614060
774.000000000 -16.196035 111.965964 -9.238506 -0.372103 -0.568990 -0.399933 0.614690
774.100000000 -16.247032 112.083808 -9.202607 -0.371288 -0.568359 -0.400334 0.615505
774.200000000 -16.323089 112.216811 -9.177884 -0.371269 -0.569335 -0.399373 0.615238
774.300000000 -16.345263 112.317526 -9.148562 -0.370156 -0.569603 -0.398844 0.616003
774.400000000 -16.371018 112.428049 -9.126082 -0.369929 -0.570048 -0.398389 0.616024
774.500000000 -16.422118 112.549767 -9.097798 -0.369458 -0.569324 -0.398917 0.616633
774.600000000 -16.478757 112.659997 -9.069210 -0.368847 -0.568455 -0.399605 0.617355
774.700000000 -16.541238 112.793382 -9.043057 -0.367593 -0.568471 -0.399169 0.618369
774.800000000 -16.611299 112.914690 -9.023817 -0.368434 -0.567744 -0.400294 0.617809
774.900000000 -16.665500 113.038893 -9.011745 -0.368683 -0.568636 -0.399885 0.617105
775.000000000 -16.700870 113.138124 -8.995640 -0.369026 -0.567960 -0.400633 0.617037
775.100000000 -16.765240 113.276103 -8.977192 -0.368280 -0.567443 -0.400844 0.617821
775.200000000 -16.849150 113.430681 -8.961732 -0.367279 -0.567978 -0.399974 0.618488
775.300000000 -16.918263 113.556801 -8.955383 -0.367893 -0.568219 -0.400242 0.617729
775.400000000 -16.963218 113.664085 -8.949039 -0.367655 -0.568563 -0.399897 0.617777
775.500000000 -17.010788 113.793495 -8.936276 -0.366902 -0.568000 -0.400064 0.618634
775.600000000 -17.060231 113.899793 -8.927212 -0.366640 -0.567508 -0.400416 0.619013
775.700000000 -17.087504 113.990725 -8.929941 -0.367424 -0.568113 -0.400308 0.618062
775.800000000 -17.170499 114.131540 -8.931868 -0.367344 -0.568933 -0.399610 0.617807
775.900000000 -17.252745 114.282399 -8.929619 -0.366951 -0.569192 -0.399293 0.618007
776.000000000 -17.344450 114.442821 -8.931762 -0.366743 -0.569643 -0.398878 0.617983
776.100000000 -17.340730 114.512693 -8.935330 -0.366752 -0.569387 -0.399226 0.617988
776.200000000 -17.410692 114.632310 -8.943986 -0.367479 -0.569924 -0.399095 0.617145
776.300000000 -17.457489 114.751309 -8.939415 -0.366661 -0.568222 -0.400388 0.618364
776.400000000 -17.500077 114.862456 -8.948892 -0.366342 -0.568860 -0.399755 0.618375
776.500000000 -17.565905 114.996628 -8.961578 -0.366768 -0.569332 -0.399755 0.617687
776.600000000 -17.611808 115.112018 -8.970666 -0.366563 -0.569388 -0.399743 0.617766
776.700000000 -17.680017 115.249727 -8.982895 -0.366501 -0.569683 -0.399429 0.617734
776.800000000 -17.767363 115.409370 -8.991515 -0.366156 -0.569753 -0.399213 0.618013
776.900000000 -17.801833 115.512003 -9.014210 -0.366676 -0.570936 -0.398353 0.617167
777.000000000 -17.838770 115.622689 -9.030004 -0.366953 -0.570784 -0.398635 0.616961
777.100000000 -17.920503 115.763663 -9.037021 -0.366499 -0.569804 -0.399334 0.617685
777.200000000 -17.985324 115.902664 -9.052153 -0.366110 -0.569999 -0.399006 0.617947
777.300000000 -18.041074 116.023581 -9.074881 -0.366411 -0.570389 -0.398990 0.617419
777.400000000 -18.120416 116.165107 -9.094519 -0.366443 -0.570747 -0.398639 0.617296
777.500000000 -18.120506 116.243792 -9.120040 -0.366768 -0.571064 -0.398697 0.616773
777.600000000 -18.217227 116.404913 -9.141727 -0.366759 -0.571511 -0.398290 0.616627
777.700000000 -18.269982 116.528363 -9.163282 -0.366673 -0.571560 -0.398291 0.616632
777.800000000 -18.259813 116.594266 -9.188748 -0.366658 -0.571664 -0.398272 0.616556
777.900000000 -18.378513 116.785621 -9.200974 -0.365568 -0.570955 -0.398424 0.617761
778.000000000 -18.439734 116.912632 -9.231239 -0.365758 -0.571581 -0.397915 0.617398
778.100000000 -18.439679 116.988858 -9.249978 -0.365531 -0.570927 -0.398663 0.617655
778.200000000 -18.469288 117.085426 -9.283674 -0.366210 -0.571862 -0.398227 0.616668
778.300000000 -18.539232 117.225947 -9.304015 -0.365670 -0.571635 -0.398327 0.617134
778.400000000 -18.605810 117.365379 -9.329584 -0.365697 -0.571411 -0.398584 0.617160
778.500000000 -18.652269 117.485714 -9.358093 -0.366001 -0.571883 -0.398341 0.616699
778.600000000 -18.733274 117.620050 -9.394951 -0.366850 -0.573327 -0.397235 0.615566
778.700000000 -18.842629 117.793812 -9.421113 -0.366416 -0.573701 -0.397542 0.615278
778.800000000 -18.869011 117.893379 -9.456983 -0.365476 -0.576400 -0.399930 0.611756
778.900000000 -18.987909 118.073142 -9.472449 -0.362118 -0.578524 -0.403053 0.609696
779.000000000 -19.029306 118.181858 -9.507041 -0.361434 -0.581711 -0.404608 0.606028
779.100000000 -19.099375 118.333612 -9.541588 -0.361174 -0.583630 -0.404984 0.604083
779.200000000 -19.063366 118.386860 -9.573074 -0.361612 -0.584409 -0.405146 0.602959
779.300000000 -19.112253 118.506181 -9.605544 -0.362428 -0.585479 -0.404316 0.601987
779.400000000 -19.102926 118.591274 -9.637701 -0.362638 -0.586327 -0.403523 0.601568
779.500000000 -19.263836 118.851497 -9.648933 -0.361608 -0.585614 -0.403451 0.602929
779.600000000 -19.272649 118.953843 -9.679155 -0.362268 -0.586070 -0.402944 0.602428
779.700000000 -19.313734 119.085169 -9.710152 -0.363156 -0.586966 -0.402150 0.601551
779.800000000 -19.473997 119.330848 -9.732945 -0.363820 -0.587748 -0.401113 0.601079
779.900000000 -19.365880 119.351075 -9.754650 -0.363670 -0.586569 -0.401638 0.601970
780.000000000 -19.398562 119.488899 -9.788365 -0.365306 -0.587655 -0.401078 0.600292
780.100000000 -19.459409 119.657812 -9.806257 -0.365710 -0.587339 -0.400794 0.600544
780.200000000 -19.405236 119.725102 -9.834974 -0.365798 -0.587886 -0.399995 0.600488
780.300000000 -19.404228 119.841803 -9.859749 -0.366511 -0.587760 -0.399658 0.600400
780.400000000 -19.434587 119.992352 -9.878398 -0.367233 -0.587133 -0.399848 0.600447
780.500000000 -19.457296 120.127110 -9.903878 -0.367859 -0.587684 -0.398771 0.600240
780.600000000 -19.390048 120.180958 -9.931972 -0.369202 -0.587590 -0.398742 0.599527
780.700000000 -19.420677 120.343592 -9.939908 -0.368315 -0.586628 -0.398486 0.601183
780.800000000 -19.481486 120.526461 -9.958402 -0.368781 -0.586622 -0.397864 0.601314
780.900000000 -19.450338 120.613500 -9.986233 -0.370453 -0.586539 -0.397851 0.600376
781.000000000 -19.461860 120.737100 -10.003178 -0.372140 -0.585371 -0.398596 0.599978
781.100000000 -19.513709 120.906768 -10.021377 -0.371873 -0.585909 -0.397200 0.600544
781.200000000 -19.558964 121.082510 -10.019317 -0.371569 -0.584075 -0.397767 0.602142
781.300000000 -19.494590 121.137324 -10.050415 -0.373275 -0.584110 -0.397676 0.601112
781.400000000 -19.402827 121.211466 -10.054469 -0.370693 -0.583262 -0.396522 0.604287
781.500000000 -19.431407 121.363473 -10.073888 -0.372405 -0.582827 -0.396941 0.603379
781.600000000 -19.417300 121.467214 -10.097038 -0.372876 -0.583074 -0.396513 0.603130
781.700000000 -19.386075 121.559847 -10.104899 -0.373354 -0.581856 -0.397162 0.603584
781.800000000 -19.333849 121.643447 -10.113061 -0.373099 -0.581132 -0.397278 0.604362
781.900000000 -19.299763 121.739637 -10.126693 -0.371744 -0.581160 -0.396450 0.605712
782.000000000 -19.325020 121.877986 -10.144538 -0.372222 -0.581094 -0.396732 0.605296
782.100000000 -19.243817 121.917555 -10.158905 -0.371851 -0.580729 -0.396732 0.605875
782.200000000 -19.280984 122.068304 -10.170718 -0.373205 -0.580069 -0.397763 0.604997
782.300000000 -19.247075 122.152428 -10.180604 -0.373029 -0.579858 -0.397959 0.605179
782.400000000 -19.226373 122.252374 -10.179065 -0.372526 -0.579252 -0.398091 0.605982
782.500000000 -19.139686 122.288616 -10.189344 -0.372274 -0.578983 -0.398135 0.606366
782.600000000 -19.117102 122.384570 -10.190696 -0.371986 -0.578438 -0.398492 0.606828
782.700000000 -18.984239 122.369696 -10.213739 -0.371999 -0.579057 -0.397969 0.606573
782.800000000 -18.948091 122.446448 -10.228350 -0.372186 -0.579362 -0.397729 0.606323
782.900000000 -18.873236 122.485032 -10.231842 -0.371800 -0.578534 -0.398077 0.607123
783.000000000 -18.977723 122.706304 -10.221170 -0.370412 -0.578826 -0.397378 0.608150
783.100000000 -18.910008 122.747394 -10.236956 -0.370953 -0.578869 -0.397630 0.607614
783.200000000 -18.829416 122.786794 -10.235404 -0.370735 -0.577977 -0.398312 0.608149
783.300000000 -18.779849 122.845174 -10.250161 -0.370947 -0.578383 -0.398003 0.607837
783.400000000 -18.718514 122.896408 -10.257427 -0.371445 -0.578123 -0.398432 0.607499
783.500000000 -18.672358 122.963705 -10.244671 -0.370703 -0.577018 -0.398895 0.608697
783.600000000 -18.579763 122.986952 -10.246618 -0.370678 -0.576980 -0.398787 0.608820
783.700000000 -18.553895 123.064119 -10.245568 -0.370743 -0.576518 -0.399179 0.608960
783.800000000 -18.455943 123.073627 -10.252791 -0.370691 -0.576844 -0.398771 0.608951
783.900000000 -18.389147 123.126330 -10.249909 -0.372010 -0.576829 -0.398247 0.608503
784.000000000 -18.270785 123.101005 -10.279569 -0.373273 -0.579195 -0.396297 0.606753
784.100000000 -18.207644 123.155886 -10.258131 -0.372855 -0.578603 -0.395712 0.607955
784.200000000 -18.174767 123.234801 -10.242275 -0.374020 -0.577717 -0.396248 0.607733
784.300000000 -18.079485 123.244359 -10.255365 -0.374155 -0.578802 -0.394942 0.607468
784.400000000 -17.994516 123.251779 -10.269728 -0.374607 -0.579920 -0.393878 0.606814
784.500000000 -17.886916 123.259906 -10.261368 -0.374650 -0.579216 -0.394019 0.607367
784.600000000 -17.778017 123.238168 -10.269566 -0.375558 -0.579451 -0.393829 0.606705
784.700000000 -17.695743 123.261946 -10.252533 -0.373934 -0.578752 -0.393301 0.608714
784.800000000 -17.642071 123.310966 -10.237519 -0.373913 -0.577673 -0.393676 0.609510
784.900000000 -17.622696 123.375666 -10.222955 -0.373586 -0.577431 -0.393048 0.610344
785.000000000 -17.551071 123.395226 -10.228966 -0.374619 -0.578035 -0.392393 0.609561
785.100000000 -17.466714 123.390929 -10.226741 -0.375275 -0.577994 -0.392168 0.609340
785.200000000 -17.377873 123.399054 -10.221409 -0.375357 -0.577756 -0.391958 0.609651
785.300000000 -17.286255 123.392941 -10.202285 -0.375294 -0.576389 -0.392875 0.610394
785.400000000 -17.226988 123.405112 -10.199558 -0.375781 -0.576271 -0.392690 0.610325
785.500000000 -17.143266 123.406695 -10.189288 -0.375424 -0.576257 -0.391932 0.611044
785.600000000 -17.076624 123.419903 -10.184127 -0.374965 -0.576537 -0.390836 0.611763
785.700000000 -16.999232 123.414003 -10.162165 -0.375611 -0.574996 -0.391847 0.612170
785.800000000 -16.896208 123.383241 -10.161520 -0.375784 -0.575388 -0.391409 0.611976
785.900000000 -16.810870 123.361551 -10.155624 -0.376681 -0.574543 -0.392063 0.611800
786.000000000 -16.738548 123.355193 -10.150767 -0.376961 -0.574719 -0.391593 0.611763
786.100000000 -16.642549 123.329218 -10.128328 -0.376486 -0.573667 -0.391721 0.612960
786.200000000 -16.482528 123.230202 -10.131298 -0.376661 -0.573824 -0.391379 0.612924
786.300000000 -16.475040 123.285555 -10.105719 -0.376431 -0.572873 -0.391893 0.613626
786.400000000 -16.407015 123.272114 -10.103969 -0.377132 -0.572821 -0.391597 0.613432
786.500000000 -16.379339 123.300278 -10.083386 -0.376487 -0.571998 -0.391745 0.614501
786.600000000 -16.320350 123.287479 -10.073284 -0.377303 -0.571802 -0.392101 0.613956
786.700000000 -16.254790 123.255072 -10.058477 -0.376762 -0.571379 -0.391892 0.614815
786.800000000 -16.154475 123.201658 -10.048228 -0.375958 -0.571549 -0.391341 0.615499
786.900000000 -16.034404 123.127314 -10.040685 -0.375261 -0.571905 -0.390513 0.616120
787.000000000 -15.936753 123.062213 -10.037718 -0.375769 -0.572421 -0.390196 0.615531
787.100000000 -15.885322 123.043491 -10.025100 -0.375489 -0.572397 -0.390103 0.615784
787.200000000 -15.831906 123.013563 -10.021756 -0.376430 -0.572659 -0.390067 0.614987
787.300000000 -15.777560 122.977949 -10.010719 -0.376544 -0.572446 -0.390187 0.615040
787.400000000 -15.749005 122.959181 -9.999816 -0.376907 -0.572337 -0.390359 0.614810
787.500000000 -15.622541 122.857113 -9.997973 -0.377493 -0.572817 -0.390323 0.614025
787.600000000 -15.557004 122.807007 -9.989787 -0.377555 -0.573031 -0.390081 0.613942
787.700000000 -15.488773 122.754722 -9.977307 -0.377739 -0.572614 -0.390540 0.613926
787.800000000 -15.431249 122.698085 -9.967338 -0.378520 -0.572186 -0.391254 0.613389
787.900000000 -15.363242 122.651245 -9.949684 -0.378043 -0.571670 -0.391548 0.613976
788.000000000 -15.329968 122.620622 -9.935141 -0.378146 -0.571390 -0.391858 0.613976
788.100000000 -15.268431 122.558950 -9.926202 -0.378188 -0.571522 -0.391863 0.613824
788.200000000 -15.151541 122.445978 -9.918830 -0.377716 -0.571861 -0.391433 0.614073
788.300000000 -15.140154 122.421878 -9.902717 -0.377436 -0.571406 -0.391803 0.614433
788.400000000 -15.033170 122.315247 -9.888599 -0.377091 -0.570714 -0.392171 0.615053
788.500000000 -14.976630 122.254157 -9.875253 -0.375805 -0.570919 -0.391421 0.616127
788.600000000 -14.958212 122.214023 -9.865823 -0.377297 -0.570255 -0.392770 0.614970
788.700000000 -14.898836 122.140174 -9.858078 -0.377101 -0.570742 -0.392468 0.614831
788.800000000 -14.835309 122.060318 -9.850817 -0.376470 -0.571461 -0.391827 0.614958
788.900000000 -14.786054 121.989796 -9.840668 -0.377138 -0.570924 -0.392578 0.614569
789.000000000 -14.730310 121.915902 -9.830132 -0.376392 -0.571362 -0.392119 0.614913
789.100000000 -14.644720 121.799346 -9.821887 -0.375768 -0.571616 -0.391968 0.615154
789.200000000 -14.669302 121.789132 -9.808709 -0.376088 -0.571309 -0.392441 0.614942
789.300000000 -14.646629 121.733158 -9.795495 -0.375931 -0.570950 -0.392638 0.615245
789.400000000 -14.575279 121.624330 -9.792994 -0.376455 -0.571275 -0.392957 0.614420
789.500000000 -14.537955 121.560772 -9.775847 -0.374021 -0.571513 -0.391746 0.616454
789.600000000 -14.487467 121.467556 -9.772429 -0.373496 -0.572550 -0.390870 0.616367
789.700000000 -14.452027 121.381323 -9.766183 -0.375927 -0.570646 -0.393521 0.614966
789.800000000 -14.437427 121.321431 -9.760216 -0.375155 -0.571545 -0.392534 0.615233
789.900000000 -14.344156 121.191341 -9.753396 -0.372872 -0.572643 -0.390852 0.616669
790.000000000 -14.334120 121.128292 -9.747039 -0.373422 -0.572854 -0.391139 0.615958
790.100000000 -14.244837 120.994376 -9.738372 -0.373323 -0.572134 -0.391876 0.616219
790.200000000 -14.208639 120.905849 -9.731885 -0.373234 -0.572178 -0.391979 0.616167
790.300000000 -14.171259 120.809606 -9.726592 -0.372571 -0.572087 -0.391637 0.616869
790.400000000 -14.209109 120.786157 -9.718964 -0.372296 -0.572313 -0.391520 0.616899
790.500000000 -14.179679 120.699709 -9.715217 -0.372699 -0.572185 -0.391925 0.616518
790.600000000 -14.151273 120.608213 -9.707084 -0.372113 -0.571729 -0.392085 0.617193
790.700000000 -14.171434 120.560075 -9.698594 -0.372202 -0.571504 -0.392527 0.617067
790.800000000 -14.122186 120.448587 -9.691667 -0.372508 -0.570817 -0.393397 0.616965
790.900000000 -14.114262 120.370537 -9.686675 -0.371878 -0.571055 -0.393113 0.617305
791.000000000 -14.096243 120.283133 -9.678671 -0.371491 -0.570678 -0.393473 0.617658
791.100000000 -14.066487 120.179284 -9.686727 -0.372320 -0.571664 -0.393379 0.616304
791.200000000 -14.064705 120.101924 -9.686905 -0.372318 -0.571731 -0.393496 0.616169
791.300000000 -14.093285 120.051020 -9.681674 -0.372026 -0.571712 -0.393474 0.616377
791.400000000 -14.074716 119.957551 -9.674725 -0.371814 -0.571011 -0.394159 0.616717
791.500000000 -14.000001 119.806974 -9.678694 -0.372156 -0.571588 -0.394064 0.616036
791.600000000 -14.016721 119.742444 -9.669958 -0.371632 -0.570764 -0.394586 0.616782
791.700000000 -14.032535 119.679480 -9.673631 -0.371770 -0.570982 -0.394728 0.616406
791.800000000 -14.008756 119.572329 -9.670874 -0.371274 -0.570707 -0.394812 0.616906
791.900000000 -13.997364 119.474545 -9.670447 -0.370832 -0.571032 -0.394576 0.617021
792.000000000 -13.985019 119.376677 -9.670382 -0.370973 -0.570556 -0.395247 0.616947
792.100000000 -13.984081 119.284809 -9.672369 -0.371035 -0.570709 -0.395337 0.616711
792.200000000 -13.963887 119.173127 -9.683051 -0.371884 -0.571466 -0.395324 0.615506
792.300000000 -14.000084 119.114006 -9.681587 -0.371696 -0.571222 -0.395653 0.615635
792.400000000 -13.944926 118.971698 -9.688264 -0.370985 -0.571988 -0.394859 0.615862
792.500000000 -13.955350 118.893292 -9.680227 -0.370723 -0.570664 -0.396126 0.616434
792.600000000 -13.950273 118.798943 -9.683727 -0.370447 -0.570600 -0.396515 0.616409
792.700000000 -13.940108 118.696628 -9.690294 -0.370784 -0.570849 -0.396669 0.615877
792.800000000 -13.936878 118.598701 -9.691014 -0.370152 -0.570735 -0.396638 0.616382
792.900000000 -13.956163 118.523078 -9.694522 -0.369887 -0.571046 -0.396567 0.616299
793.000000000 -13.955250 118.425312 -9.697227 -0.369870 -0.570698 -0.397065 0.616311
793.100000000 -13.914951 118.292212 -9.704930 -0.369856 -0.570982 -0.397093 0.616038
793.200000000 -13.948344 118.222574 -9.707494 -0.369519 -0.571010 -0.397205 0.616143
793.300000000 -13.920433 118.095360 -9.714325 -0.369413 -0.570862 -0.397416 0.616207
793.400000000 -13.907572 117.979704 -9.728773 -0.369838 -0.571655 -0.397319 0.615279
793.500000000 -13.914233 117.892094 -9.728833 -0.369467 -0.570894 -0.397995 0.615772
793.600000000 -13.874820 117.755447 -9.735479 -0.369028 -0.571032 -0.397954 0.615933
793.700000000 -13.873231 117.654254 -9.740266 -0.368847 -0.570680 -0.398319 0.616131
793.800000000 -13.894159 117.569795 -9.743206 -0.368466 -0.570276 -0.398690 0.616493
793.900000000 -13.868846 117.450973 -9.752812 -0.368217 -0.570668 -0.398573 0.616355
794.000000000 -13.893870 117.371287 -9.759476 -0.367972 -0.570656 -0.398694 0.616435
794.100000000 -13.906166 117.293028 -9.761526 -0.367748 -0.569977 -0.399413 0.616731
794.200000000 -13.898416 117.179588 -9.772895 -0.367909 -0.570157 -0.399569 0.616368
794.300000000 -13.880981 117.064163 -9.782803 -0.368142 -0.570141 -0.399911 0.616020
794.400000000 -13.862445 116.945365 -9.795819 -0.368198 -0.570490 -0.399908 0.615667
794.500000000 -13.843512 116.824304 -9.805413 -0.367840 -0.570528 -0.399886 0.615859
794.600000000 -13.834747 116.711871 -9.818154 -0.367832 -0.570942 -0.399845 0.615507
794.700000000 -13.817798 116.590098 -9.829486 -0.367593 -0.571032 -0.399842 0.615569
794.800000000 -13.789540 116.463049 -9.842315 -0.367719 -0.571321 -0.399980 0.615135
794.900000000 -13.841702 116.410805 -9.852078 -0.367444 -0.571566 -0.399967 0.615080
795.000000000 -13.758307 116.238949 -9.866410 -0.367641 -0.571654 -0.400181 0.614741
795.100000000 -13.745317 116.122790 -9.878636 -0.367742 -0.571768 -0.400345 0.614468
795.200000000 -13.799153 116.077130 -9.884228 -0.367207 -0.571488 -0.400569 0.614903
795.300000000 -13.776631 115.960338 -9.898833 -0.367390 -0.571690 -0.400592 0.614591
795.400000000 -13.754928 115.837747 -9.910467 -0.367391 -0.571646 -0.400822 0.614480
795.500000000 -13.755380 115.733518 -9.926316 -0.367560 -0.572288 -0.400430 0.614037
795.600000000 -13.735277 115.625299 -9.930390 -0.367123 -0.571337 -0.401179 0.614695
795.700000000 -13.690035 115.476686 -9.944831 -0.366986 -0.571380 -0.401373 0.614610
795.800000000 -13.688809 115.397653 -9.959131 -0.366854 -0.572070 -0.400741 0.614459
795.900000000 -13.665033 115.264385 -9.973418 -0.367321 -0.571849 -0.401166 0.614108
796.000000000 -13.658952 115.159750 -9.981180 -0.366920 -0.571571 -0.401428 0.614436
796.100000000 -13.623889 115.047166 -10.002612 -0.366947 -0.572755 -0.400438 0.613963
796.200000000 -13.638077 114.967585 -10.009793 -0.366779 -0.572647 -0.400696 0.613996
796.300000000 -13.607244 114.847878 -10.028876 -0.367767 -0.572896 -0.400839 0.613079
796.400000000 -13.615130 114.765264 -10.039377 -0.368059 -0.572796 -0.401052 0.612858
796.500000000 -13.554675 114.636239 -10.055368 -0.369324 -0.572349 -0.402137 0.611803
796.600000000 -13.523324 114.530334 -10.067760 -0.369654 -0.572035 -0.402491 0.611664
796.700000000 -13.465305 114.371475 -10.080355 -0.368176 -0.572649 -0.401384 0.612708
796.800000000 -13.433955 114.251293 -10.095482 -0.368287 -0.572969 -0.401235 0.612439
796.900000000 -13.391916 114.139899 -10.106838 -0.368192 -0.572970 -0.401185 0.612527
797.000000000 -13.367727 114.029642 -10.119928 -0.368782 -0.572701 -0.401660 0.612113
797.100000000 -13.333729 113.908338 -10.132871 -0.369211 -0.572529 -0.401996 0.611795
797.200000000 -13.291273 113.802548 -10.145113 -0.369426 -0.572546 -0.402069 0.611600
797.300000000 -13.254174 113.688713 -10.158545 -0.369527 -0.572736 -0.401962 0.611433
797.400000000 -13.227799 113.561407 -10.172660 -0.369786 -0.572740 -0.402036 0.611223
797.500000000 -13.178333 113.460588 -10.183424 -0.369859 -0.572768 -0.401939 0.611217
797.600000000 -13.132298 113.323443 -10.195718 -0.369733 -0.572800 -0.401807 0.611350
797.700000000 -13.090255 113.213796 -10.209708 -0.370275 -0.572969 -0.401855 0.610832
797.800000000 -13.018012 113.124762 -10.219784 -0.370049 -0.573037 -0.401672 0.611026
797.900000000 -12.987219 112.998747 -10.229789 -0.369838 -0.573079 -0.401447 0.611261
798.000000000 -12.953200 112.870772 -10.241383 -0.369785 -0.573397 -0.401117 0.611213
798.100000000 -12.930421 112.751680 -10.250124 -0.370438 -0.572893 -0.401743 0.610877
798.200000000 -12.866127 112.635974 -10.262012 -0.370062 -0.573383 -0.401094 0.611073
798.300000000 -12.792212 112.545525 -10.272822 -0.370184 -0.573576 -0.400955 0.610909
798.400000000 -12.747142 112.435475 -10.279549 -0.370325 -0.573191 -0.401204 0.611022
798.500000000 -12.712971 112.301338 -10.289195 -0.369931 -0.573608 -0.400605 0.611261
798.600000000 -12.668141 112.178097 -10.298011 -0.370240 -0.573570 -0.400674 0.611064
798.700000000 -12.625341 112.053159 -10.307853 -0.371013 -0.573158 -0.401220 0.610624
798.800000000 -12.546532 111.968194 -10.316956 -0.371396 -0.573070 -0.401359 0.610383
798.900000000 -12.498867 111.847965 -10.326371 -0.371426 -0.573182 -0.401136 0.610406
799.000000000 -12.446317 111.731735 -10.339016 -0.371444 -0.573660 -0.400667 0.610254
799.100000000 -12.401417 111.611930 -10.348265 -0.371926 -0.573249 -0.401035 0.610105
799.200000000 -12.375216 111.473860 -10.355312 -0.371624 -0.573182 -0.400788 0.610514
799.300000000 -12.306026 111.374677 -10.364966 -0.371523 -0.573399 -0.400427 0.610608
799.400000000 -12.243257 111.262678 -10.379602 -0.371538 -0.573746 -0.399945 0.610589
799.500000000 -12.216259 111.107208 -10.392160 -0.370643 -0.574218 -0.399028 0.611289
799.600000000 -12.157874 110.996545 -10.405173 -0.370521 -0.574388 -0.398582 0.611494
799.700000000 -12.132258 110.864805 -10.419451 -0.371928 -0.573388 -0.399894 0.610721
799.800000000 -12.060928 110.760795 -10.432120 -0.371356 -0.573448 -0.399365 0.611359
799.900000000 -12.027308 110.611732 -10.448836 -0.370199 -0.573958 -0.398171 0.612360
800.000000000 -11.918493 110.550952 -10.467817 -0.370571 -0.573976 -0.398173 0.612117
800.100000000 -11.825751 110.464049 -10.490007 -0.371021 -0.573898 -0.398270 0.611854
800.200000000 -11.753928 110.369142 -10.509965 -0.371807 -0.573261 -0.398915 0.611554
800.300000000 -11.707230 110.235279 -10.536502 -0.370904 -0.574127 -0.397661 0.612107
800.400000000 -11.665241 110.096381 -10.562895 -0.370021 -0.574753 -0.396656 0.612705
800.500000000 -11.575339 110.001346 -10.592811 -0.369910 -0.575228 -0.396129 0.612668
800.600000000 -11.465234 109.955524 -10.623972 -0.373415 -0.573143 -0.399227 0.610480
800.700000000 -11.395821 109.837441 -10.657327 -0.373585 -0.572906 -0.399255 0.610580
800.800000000 -11.344597 109.738685 -10.688835 -0.373258 -0.572985 -0.398854 0.610968
800.900000000 -11.273195 109.620882 -10.725912 -0.372942 -0.573090 -0.398448 0.611328
801.000000000 -11.168965 109.546712 -10.767616 -0.374732 -0.572169 -0.399864 0.610170
801.100000000 -11.125815 109.410538 -10.811121 -0.374064 -0.572767 -0.398888 0.610657
801.200000000 -11.050426 109.328037 -10.855618 -0.374562 -0.572649 -0.399094 0.610328
801.300000000 -10.986708 109.174155 -10.903641 -0.373528 -0.573434 -0.397754 0.611098
801.400000000 -10.926868 109.085241 -10.949947 -0.373810 -0.573000 -0.397907 0.611234
801.500000000 -10.868044 108.947354 -11.001362 -0.373183 -0.573486 -0.396970 0.611770
801.600000000 -10.769169 108.857205 -11.054399 -0.375342 -0.571565 -0.399119 0.610849
801.700000000 -10.720163 108.729031 -11.112086 -0.374566 -0.572454 -0.397996 0.611225
801.800000000 -10.648898 108.667631 -11.161296 -0.374408 -0.571874 -0.398141 0.611770
801.900000000 -10.611108 108.580787 -11.215266 -0.373893 -0.572001 -0.397616 0.612307
802.000000000 -10.528874 108.433659 -11.282952 -0.373743 -0.572486 -0.396909 0.612404
802.100000000 -10.543803 108.381572 -11.344707 -0.373766 -0.573163 -0.396339 0.612126
802.200000000 -10.379283 108.193927 -11.406058 -0.373581 -0.572767 -0.396205 0.612696
802.300000000 -10.282625 108.101904 -11.473946 -0.374684 -0.572395 -0.396797 0.611986
802.400000000 -10.213598 108.000560 -11.539860 -0.374554 -0.572377 -0.396639 0.612186
802.500000000 -10.272528 108.005381 -11.606285 -0.374941 -0.572987 -0.396490 0.611474
802.600000000 -10.161244 107.852166 -11.676007 -0.374919 -0.572891 -0.396230 0.611746
802.700000000 -10.107597 107.760802 -11.738718 -0.374456 -0.572813 -0.395755 0.612410
802.800000000 -10.059036 107.700257 -11.806017 -0.374391 -0.572963 -0.395893 0.612220
802.900000000 -9.995780 107.616693 -11.878617 -0.375959 -0.572281 -0.397038 0.611155
803.000000000 -9.937634 107.541386 -11.947606 -0.376207 -0.572104 -0.397056 0.611156
803.100000000 -9.890367 107.456301 -12.013913 -0.376137 -0.571687 -0.397158 0.611523
803.200000000 -9.801365 107.289447 -12.089219 -0.375053 -0.572638 -0.395764 0.612202
803.300000000 -9.729044 107.180382 -12.158495 -0.374537 -0.572946 -0.395235 0.612572
803.400000000 -9.668935 107.081234 -12.232214 -0.374933 -0.573032 -0.395293 0.612211
803.500000000 -9.635833 107.007232 -12.294725 -0.374588 -0.572733 -0.395115 0.612817
803.600000000 -9.435418 106.797027 -12.372364 -0.376619 -0.571353 -0.396869 0.611726
803.700000000 -9.371193 106.677075 -12.442476 -0.375704 -0.572023 -0.395741 0.612393
803.800000000 -9.323184 106.597694 -12.508656 -0.375909 -0.572314 -0.395587 0.612094
803.900000000 -9.248856 106.482763 -12.578308 -0.375744 -0.572977 -0.394896 0.612022
804.000000000 -9.190566 106.362256 -12.642103 -0.375388 -0.573428 -0.394276 0.612218
804.100000000 -9.063302 106.197314 -12.704607 -0.374237 -0.573946 -0.393131 0.613172
804.200000000 -9.079042 106.169097 -12.757872 -0.374262 -0.573896 -0.393182 0.613171
804.300000000 -8.971149 106.041336 -12.810361 -0.375789 -0.572382 -0.394894 0.612552
804.400000000 -8.855375 105.880857 -12.869833 -0.376405 -0.572151 -0.395188 0.612200
804.500000000 -8.825698 105.795575 -12.921534 -0.376196 -0.572645 -0.394752 0.612148
804.600000000 -8.753992 105.677303 -12.969470 -0.375571 -0.573019 -0.394125 0.612586
804.700000000 -8.732378 105.607639 -13.010424 -0.375484 -0.573033 -0.393967 0.612728
804.800000000 -8.677312 105.502852 -13.053069 -0.375573 -0.573107 -0.393842 0.612684
804.900000000 -8.570860 105.346838 -13.097822 -0.374423 -0.574231 -0.392388 0.613268
805.000000000 -8.537080 105.270491 -13.122298 -0.375643 -0.572847 -0.393985 0.612791
805.100000000 -8.450863 105.137856 -13.154794 -0.377041 -0.571742 -0.395413 0.612046
805.200000000 -8.383737 105.020957 -13.188979 -0.376917 -0.572465 -0.394867 0.611798
805.300000000 -8.352352 104.929333 -13.211076 -0.376781 -0.572739 -0.394476 0.611878
805.400000000 -8.314732 104.834715 -13.228299 -0.376379 -0.573071 -0.394069 0.612076
805.500000000 -8.263935 104.725870 -13.244250 -0.375764 -0.573686 -0.393207 0.612433
805.600000000 -8.190913 104.603250 -13.257409 -0.376859 -0.572780 -0.394438 0.611817
805.700000000 -8.096786 104.460338 -13.272195 -0.377268 -0.572838 -0.394593 0.611409
805.800000000 -8.053704 104.366652 -13.274838 -0.378266 -0.571779 -0.395874 0.610956
805.900000000 -7.993748 104.233219 -13.281862 -0.377521 -0.572470 -0.394902 0.611399
