8.800000000 0.000000 -0.000000 -0.000000 -0.000000 0.000000 0.000000 1.000000
8.900000000 -0.001233 0.087003 -0.001957 -0.001022 -0.000736 0.000513 0.999999
9.000000000 -0.001668 0.152560 -0.073617 -0.001515 -0.001401 0.000408 0.999998
9.100000000 0.000342 0.243709 -0.109866 -0.002962 -0.001280 0.000500 0.999995
9.200000000 -0.004433 0.327526 -0.133448 -0.004802 -0.000085 0.000667 0.999988
9.300000000 0.001252 -0.299783 0.645271 0.001313 0.000669 -0.000555 0.999999
9.400000000 -0.003057 -0.151491 0.519390 0.001522 -0.002448 -0.000356 0.999996
9.500000000 -0.007869 -0.015108 0.283993 -0.000513 -0.003201 0.000058 0.999995
9.600000000 -0.013849 0.094115 0.252415 -0.000885 -0.003684 0.000274 0.999993
9.700000000 -0.003252 0.065402 0.012115 0.003456 -0.001535 -0.000122 0.999993
9.800000000 -0.002550 0.042180 -0.012518 0.001056 -0.003380 -0.000228 0.999994
9.900000000 -0.001840 0.056007 -0.042738 0.000449 -0.002413 -0.000082 0.999997
10.000000000 -0.003562 0.045772 -0.036528 0.000477 -0.002269 0.000148 0.999997
10.100000000 -0.002282 0.113596 -0.050009 -0.000233 -0.002018 0.000296 0.999998
10.200000000 0.000739 -0.047451 -0.008738 -0.000067 -0.000421 -0.000303 1.000000
10.300000000 0.000670 0.013002 -0.016140 0.000030 0.000523 0.000098 1.000000
10.400000000 0.001082 0.090253 -0.023507 -0.000463 -0.000939 0.000383 0.999999
10.500000000 0.006646 0.110640 -0.190025 -0.000301 0.001248 -0.000287 0.999999
10.600000000 0.000294 0.210500 -0.168743 -0.002159 0.001009 0.000074 0.999997
10.700000000 0.006012 0.312103 -0.410685 -0.003084 0.000962 0.000147 0.999995
10.800000000 -0.004032 0.037910 0.030261 -0.000341 -0.002423 0.000067 0.999997
10.900000000 -0.014409 -0.562763 1.392484 0.002647 -0.002218 0.000232 0.999994
11.000000000 -0.011638 -0.555577 1.412991 0.002705 -0.001666 0.000016 0.999995
11.100000000 -0.010583 -0.226477 1.363578 -0.000172 -0.001882 0.000071 0.999998
11.200000000 -0.004941 0.003807 0.130506 -0.001520 -0.002349 0.000078 0.999996
11.300000000 -0.001339 0.114793 -0.211654 0.000556 -0.001551 0.000795 0.999998
11.400000000 0.008275 0.221527 -0.440396 -0.001400 0.002610 -0.000226 0.999996
11.500000000 -0.005573 0.045210 -0.039348 0.000877 -0.001545 0.000164 0.999998
11.600000000 -0.007460 -0.402528 0.712067 0.003716 -0.002976 -0.000137 0.999989
11.700000000 -0.005875 -0.330113 0.763319 0.000373 -0.002034 -0.000129 0.999998
11.800000000 -0.001273 -0.275424 0.678904 0.002334 -0.000641 -0.000451 0.999997
11.900000000 -0.003978 -0.209890 0.657024 0.000075 -0.003082 -0.000145 0.999995
12.000000000 -0.004052 -0.099790 0.510020 0.002343 -0.004130 -0.000439 0.999989
12.100000000 -0.001824 -0.007227 0.057912 -0.001148 -0.001258 -0.000077 0.999999
12.200000000 -0.003783 0.008550 -0.029725 -0.000121 -0.001886 0.000048 0.999998
12.300000000 -0.001722 -0.090094 0.019388 0.001191 -0.000140 -0.000191 0.999999
12.400000000 0.000975 -0.018563 0.000429 -0.000213 0.000308 -0.000192 1.000000
12.500000000 -0.000075 0.073631 0.003989 -0.000847 -0.000947 0.000189 0.999999
12.600000000 0.003321 0.084810 -0.183714 0.000135 -0.000244 -0.000142 1.000000
12.700000000 0.002620 0.172293 -0.187460 -0.001809 0.000629 -0.000058 0.999998
12.800000000 -0.003140 0.272571 -0.140878 -0.003588 0.000370 0.000530 0.999993
12.900000000 -0.001343 -0.039963 0.044477 0.000119 -0.002394 -0.000363 0.999997
13.000000000 -0.002648 -0.015838 0.036808 -0.000580 -0.001540 -0.000158 0.999999
13.100000000 -0.004757 0.037682 -0.035206 0.000352 -0.001451 0.000158 0.999999
13.200000000 -0.004741 0.036652 -0.031529 0.000124 -0.001433 0.000132 0.999999
13.300000000 -0.003682 0.021683 -0.021615 0.000395 -0.001834 0.000118 0.999998
13.400000000 -0.004470 0.027573 -0.032831 0.000386 -0.002195 0.000120 0.999998
13.500000000 -0.003537 0.047937 -0.036489 0.000261 -0.002430 0.000157 0.999997
13.600000000 -0.005285 0.140125 -0.042857 -0.001005 -0.002872 0.000436 0.999995
13.700000000 0.000424 -0.029592 -0.003913 -0.000336 0.000757 -0.000281 1.000000
13.800000000 0.001133 0.047459 -0.004889 -0.001023 0.000160 -0.000049 0.999999
13.900000000 0.001834 0.107618 -0.038478 -0.001180 -0.001729 0.000094 0.999998
14.000000000 0.001433 0.135381 -0.197575 -0.001177 0.000893 -0.000114 0.999999
14.100000000 -0.000126 0.236887 -0.162980 -0.002729 0.000860 0.000243 0.999996
14.200000000 0.010706 0.270281 -0.554034 -0.001475 0.001075 -0.000321 0.999998
14.300000000 -0.000635 0.193916 -0.430214 -0.000559 -0.001596 0.000078 0.999999
14.400000000 0.001818 0.178753 -0.485017 -0.000042 -0.000911 -0.000092 1.000000
14.500000000 0.003247 0.259254 -0.465029 -0.001834 -0.000439 0.000034 0.999998
14.600000000 0.001781 0.139809 -0.268873 0.000020 -0.001648 -0.000150 0.999999
14.700000000 -0.007395 -0.296667 0.760828 0.000439 -0.002918 0.000138 0.999996
14.800000000 -0.011766 -0.625649 1.622987 0.004188 -0.002744 0.000135 0.999987
14.900000000 -0.036563 -0.624978 1.637625 0.003031 -0.004027 0.009198 0.999945
15.000000000 -0.044083 -0.440249 1.397795 0.001382 -0.003594 0.018314 0.999825
15.100000000 -0.069938 -0.504906 1.345691 0.001704 -0.004448 0.027281 0.999616
15.200000000 -0.096933 -0.261917 1.139596 -0.001081 -0.003703 0.028907 0.999575
15.300000000 -0.150562 -0.445997 1.940422 -0.000688 -0.008413 0.031197 0.999478
15.400000000 -0.220790 -1.224789 2.990982 0.015258 -0.010177 0.030749 0.999359
15.500000000 -0.260786 -1.192081 2.512893 0.019851 -0.008212 0.029939 0.999321
15.600000000 -0.307015 -0.744903 2.454434 0.008739 -0.003666 0.030139 0.999501
15.700000000 -0.133913 -1.566966 3.051750 0.027512 0.023181 0.032177 0.998834
15.800000000 -0.288933 -0.905893 3.204742 0.011272 -0.007889 0.035290 0.999282
15.900000000 -0.374853 -1.258790 3.348351 0.019420 -0.006380 0.034774 0.999186
16.000000000 -0.400052 -0.727762 2.899966 0.012797 0.001519 0.035539 0.999285
16.100000000 -0.528446 -0.193241 2.788984 0.006012 -0.010824 0.039671 0.999136
16.200000000 -0.605388 -0.599446 3.021002 0.006647 -0.004376 0.036364 0.999307
16.300000000 -0.747995 -1.078894 3.324910 0.018427 -0.013593 0.035242 0.999116
16.400000000 -0.844252 -0.972863 3.304364 0.014425 -0.008803 0.034693 0.999255
16.500000000 -0.958105 -1.031487 3.344104 0.014641 -0.012531 0.035335 0.999190
16.600000000 -1.067289 -0.911265 3.293425 0.012405 -0.012637 0.035225 0.999223
16.700000000 -1.186015 -1.024036 3.398553 0.015392 -0.010726 0.034576 0.999226
16.800000000 -1.318423 -0.886446 3.446931 0.019389 -0.013856 0.035385 0.999090
16.900000000 -1.418792 -0.601969 3.251247 0.008904 -0.010679 0.036101 0.999251
17.000000000 -1.544688 -0.548901 3.248788 0.011511 -0.011850 0.036242 0.999206
17.100000000 -1.651726 -0.483938 3.010801 0.007555 -0.007538 0.036134 0.999290
17.200000000 -1.786989 -0.332494 2.939215 0.008309 -0.011204 0.037347 0.999205
17.300000000 -1.923642 -0.529422 2.979701 0.007273 -0.010294 0.036879 0.999240
17.400000000 -2.056048 -0.432216 2.985365 0.005559 -0.010010 0.037080 0.999247
17.500000000 -2.191557 -0.471666 3.010263 0.007446 -0.008791 0.036772 0.999257
17.600000000 -2.337873 -0.520044 3.041176 0.004133 -0.009439 0.036805 0.999269
17.700000000 -2.489042 -0.691724 3.154573 0.011996 -0.010946 0.036070 0.999217
17.800000000 -2.636941 -0.561992 3.166772 0.011317 -0.012137 0.036618 0.999192
17.900000000 -2.767802 -0.511059 3.045448 0.008833 -0.009345 0.036963 0.999234
18.000000000 -2.924170 -0.420372 2.902017 0.005166 -0.012217 0.037769 0.999198
18.100000000 -3.068573 -0.433878 2.929107 0.005165 -0.010858 0.037656 0.999218
18.200000000 -3.214376 -0.510519 3.010767 0.005559 -0.010631 0.037471 0.999226
18.300000000 -3.357109 -0.064797 2.579579 -0.003335 -0.013342 0.040501 0.999085
18.400000000 -3.499411 -0.372728 2.697062 0.000637 -0.019161 0.049106 0.998610
18.500000000 -3.659049 -0.595344 2.849321 0.005708 -0.030281 0.059362 0.997761
18.600000000 -3.810834 -0.611968 2.825026 -0.000896 -0.038398 0.066493 0.997047
18.700000000 -3.960411 -0.665303 2.819022 0.000860 -0.043937 0.069331 0.996625
18.800000000 -4.106232 -0.684126 2.800035 0.000194 -0.044282 0.069884 0.996572
18.900000000 -4.247825 -0.695224 2.781255 -0.000573 -0.042370 0.069603 0.996674
19.000000000 -4.381089 -0.743752 2.771059 0.000207 -0.039103 0.068695 0.996871
19.100000000 -4.521870 -0.872102 2.785983 0.001552 -0.037641 0.067791 0.996988
19.200000000 -4.660335 -0.930693 2.826270 0.002073 -0.036186 0.066983 0.997096
19.300000000 -4.792586 -0.943281 2.767053 -0.000268 -0.035706 0.066887 0.997121
19.400000000 -4.921563 -0.982543 2.723770 -0.001996 -0.034307 0.066261 0.997210
19.500000000 -5.054200 -1.081625 2.770275 -0.000829 -0.035113 0.065465 0.997237
19.600000000 -5.178238 -1.235289 2.793398 0.003017 -0.034621 0.064559 0.997309
19.700000000 -5.296677 -1.348605 2.798207 0.003395 -0.033261 0.063652 0.997412
19.800000000 -5.422271 -1.428557 2.776416 0.003837 -0.034153 0.062966 0.997424
19.900000000 -5.532461 -1.540351 2.742267 0.003287 -0.032084 0.061985 0.997556
20.000000000 -5.644950 -1.570123 2.564895 0.009031 -0.034252 0.062026 0.997446
20.100000000 -5.747483 -1.726775 2.567282 0.010333 -0.032872 0.061305 0.997524
20.200000000 -5.850704 -1.835094 2.567890 0.008903 -0.031585 0.060328 0.997639
20.300000000 -5.949537 -1.824457 2.498559 0.002570 -0.030253 0.060094 0.997731
20.400000000 -6.044492 -1.966403 2.530326 0.003601 -0.029246 0.059211 0.997810
20.500000000 -6.136278 -2.099275 2.523774 0.003878 -0.028520 0.058402 0.997878
20.600000000 -6.230068 -2.250835 2.500052 0.004511 -0.028734 0.057664 0.997912
20.700000000 -6.322426 -2.386522 2.485794 0.013331 -0.030197 0.057055 0.997825
20.800000000 -6.404793 -2.528633 2.383450 0.018009 -0.030847 0.056561 0.997760
20.900000000 -6.481251 -2.479671 2.162569 0.019378 -0.031218 0.056499 0.997726
21.000000000 -6.537099 -2.471687 1.987255 0.010147 -0.028419 0.056368 0.997954
21.100000000 -6.606590 -2.632571 1.857804 0.017690 -0.029205 0.056021 0.997846
21.200000000 -6.675926 -2.682728 1.803177 0.016459 -0.029771 0.055813 0.997862
21.300000000 -6.744002 -2.670937 1.722715 0.018109 -0.030562 0.055646 0.997818
21.400000000 -6.829208 -2.278857 1.772117 0.004336 -0.034427 0.056969 0.997773
21.500000000 -6.906105 -2.018107 1.587498 0.012976 -0.039915 0.057908 0.997439
21.600000000 -6.990624 -1.795712 1.348752 0.009687 -0.045208 0.059142 0.997178
21.700000000 -7.066176 -1.654368 1.132977 -0.011386 -0.049168 0.060706 0.996879
21.800000000 -7.117540 -1.551317 1.081649 -0.045961 -0.045593 0.061650 0.995996
21.900000000 -7.173576 -1.384334 1.039248 -0.110510 -0.042019 0.064532 0.990887
22.000000000 -7.196150 -1.243957 0.983893 -0.157575 -0.034270 0.066357 0.984679
22.100000000 -7.236081 -1.173628 0.999400 -0.220556 -0.031612 0.069852 0.972356
22.200000000 -7.259338 -1.044557 0.882598 -0.260504 -0.025690 0.069666 0.962613
22.300000000 -7.274836 -1.234808 1.154020 -0.326141 -0.023236 0.070650 0.942391
22.400000000 -7.296941 -1.630195 1.399827 -0.396935 -0.024644 0.071798 0.914702
22.500000000 -7.299549 -1.944448 1.749284 -0.482587 -0.017876 0.060991 0.873539
22.600000000 -7.309008 -2.161298 2.307793 -0.600156 -0.012309 0.038910 0.798841
22.700000000 -7.273598 -2.166403 2.873865 -0.645678 -0.002470 0.021955 0.763290
22.800000000 -7.218001 -2.452837 2.694554 -0.644050 0.008586 -0.004142 0.764924
22.900000000 -7.287998 -3.327432 2.551718 -0.678180 0.000665 -0.003978 0.734884
23.000000000 -7.273382 -3.401646 2.547919 -0.670989 0.001354 -0.001118 0.741465
23.100000000 -7.259282 -3.587669 2.509277 -0.662952 0.001737 -0.002748 0.748655
23.200000000 -7.258328 -3.838242 2.364351 -0.681071 0.003309 -0.013233 0.732090
23.300000000 -7.265164 -4.146776 2.205562 -0.675470 -0.000167 -0.007915 0.737345
23.400000000 -7.252950 -4.173849 2.115919 -0.714556 0.004358 -0.020856 0.699253
23.500000000 -7.262769 -4.624851 1.985859 -0.709431 0.000884 -0.015935 0.704594
23.600000000 -7.187863 -4.733683 1.843605 -0.703104 0.004817 -0.022201 0.710724
23.700000000 -7.149110 -4.845423 1.612180 -0.734808 0.009328 -0.035756 0.677268
23.800000000 -7.161131 -5.359546 1.486600 -0.731773 0.004127 -0.024919 0.681080
23.900000000 -7.108209 -5.340886 1.218452 -0.762398 0.007986 -0.031086 0.646313
24.000000000 -6.977348 -5.131525 0.808254 -0.757141 0.012179 -0.034949 0.652202
24.100000000 -6.968283 -5.367011 0.535524 -0.796892 0.013186 -0.028478 0.603306
24.200000000 -6.899274 -5.284107 0.224545 -0.829843 0.015735 -0.021213 0.557371
24.300000000 -6.872252 -5.394453 0.275975 -0.826150 0.013703 -0.015482 0.563071
24.400000000 -6.858018 -5.565816 0.365285 -0.825377 0.014145 -0.013584 0.564241
24.500000000 -6.801077 -5.534903 -0.011953 -0.816078 0.007638 0.004612 0.577872
24.600000000 -6.715058 -5.168889 -0.352653 0.892209 -0.011844 -0.014116 -0.451246
24.700000000 -6.666622 -5.537857 -0.601544 0.884216 -0.005496 -0.028876 -0.466153
24.800000000 -6.559613 -5.673162 -0.821527 0.891245 -0.000995 -0.041772 -0.451594
24.900000000 -6.473578 -5.366966 -0.977496 0.941019 0.004588 -0.063711 -0.332269
25.000000000 -6.424957 -5.521276 -1.178159 0.924329 0.004913 -0.049897 -0.378288
25.100000000 -6.321096 -5.648174 -1.483833 0.931954 0.011265 -0.064726 -0.356574
25.200000000 -6.361577 -4.654487 -2.158382 0.971288 0.013730 -0.037211 -0.234578
25.300000000 -6.267595 -4.442094 -3.249152 0.977040 0.018823 0.017178 -0.211528
25.400000000 -6.167568 -4.456069 -3.681825 0.975794 0.020940 0.042886 -0.213418
25.500000000 -6.077243 -4.529450 -3.877721 0.969455 0.018272 0.071151 -0.234011
25.600000000 -6.027289 -4.633876 -4.191178 0.983971 0.028700 0.078450 -0.157555
25.700000000 -5.895879 -4.784180 -5.181311 0.990814 0.037397 0.115819 -0.058957
25.800000000 -5.849848 -4.871407 -5.166984 0.985980 0.035720 0.132107 -0.095478
25.900000000 -5.787772 -5.066315 -5.218583 0.983993 0.031125 0.127829 -0.120204
26.000000000 -5.668053 -5.461585 -5.623948 0.993912 0.030380 0.104111 0.019436
26.100000000 -5.634950 -5.660469 -5.522757 0.995328 0.024535 0.092506 -0.012783
26.200000000 -5.552863 -5.893237 -5.568885 0.997295 0.016649 0.071000 -0.009179
26.300000000 -5.446704 -5.995359 -5.772329 0.993848 0.005018 0.047669 0.099840
26.400000000 -5.329593 -6.215291 -5.832746 0.990569 -0.010708 0.014376 0.135834
26.500000000 -5.190083 -6.682185 -6.072748 0.979480 -0.010846 0.035355 0.198119
26.600000000 -5.159956 -6.604827 -6.018965 0.980121 -0.016001 0.026979 0.195906
26.700000000 -5.252498 -6.404677 -5.716227 0.968387 -0.008575 0.058890 0.242249
26.800000000 -5.094424 -6.196365 -5.520169 0.971416 -0.013397 0.045335 0.232628
26.900000000 -5.191508 -5.051861 -5.399591 0.997552 0.018223 0.062567 0.025376
27.000000000 -5.067312 -4.599100 -5.274631 0.992917 0.033413 0.110246 0.029084
27.100000000 -4.995609 -4.824413 -5.425511 0.994870 0.027605 0.089743 0.037660
27.200000000 -4.848954 -5.241814 -6.362134 0.990302 0.015208 0.069043 0.119600
27.300000000 -4.667875 -5.422759 -5.426695 0.977951 -0.034821 0.001310 0.205905
27.400000000 -4.709103 -5.237035 -5.575892 0.985722 0.002075 0.057562 0.158223
27.500000000 -4.689407 -4.955373 -5.601451 0.980796 0.017201 0.081468 0.176371
27.600000000 -4.594567 -4.733227 -5.616126 0.983334 0.014913 0.074851 0.165015
27.700000000 -4.500681 -4.231341 -6.071737 0.987461 0.044872 0.144794 0.044061
27.800000000 -4.515997 -4.023621 -5.448437 0.979539 0.050004 0.160149 0.111151
27.900000000 -4.414314 -3.743236 -5.835220 0.984353 0.050156 0.151825 0.074042
28.000000000 -4.299408 -3.587848 -6.266286 0.981194 0.057264 0.158755 0.093683
28.100000000 -4.212013 -3.348337 -7.179102 0.985105 0.067710 0.140648 0.072127
28.200000000 -4.168066 -3.092589 -6.947028 0.988838 0.063509 0.110687 0.076902
28.300000000 -4.102788 -2.974247 -6.631164 0.979608 0.074738 0.133194 0.130544
28.400000000 -3.887793 -2.411281 -7.113902 0.983178 0.058712 0.167077 0.044705
28.500000000 -3.954828 -1.992263 -6.448560 0.996777 0.034817 0.008268 -0.071805
28.600000000 -3.705655 -1.995299 -5.658348 0.989222 0.008386 -0.097484 -0.108930
28.700000000 -3.608895 -2.077373 -5.282680 0.991509 0.004867 -0.115515 -0.059519
28.800000000 -3.545428 -1.887393 -5.140710 0.990504 -0.010818 -0.092460 -0.101177
28.900000000 -3.516893 -1.605831 -4.935070 0.967928 -0.022663 -0.089345 -0.233709
29.000000000 -3.565193 -0.989696 -5.072374 0.980069 -0.042944 -0.065357 -0.182617
29.100000000 -3.507197 -0.941790 -5.184284 0.980824 -0.051855 -0.059909 -0.178065
29.200000000 -3.522192 -0.599453 -5.173206 0.976749 -0.042957 -0.070537 -0.197839
29.300000000 -3.726867 0.723072 -5.216735 0.941685 -0.016740 -0.010227 -0.335924
29.400000000 -3.950179 2.730923 -5.461485 0.911929 0.010171 0.070345 -0.404146
29.500000000 -3.981028 4.107263 -5.683259 0.907687 0.019237 0.088171 -0.409829
29.600000000 -2.975726 4.350344 -6.093421 0.856216 0.058523 -0.189963 -0.476847
29.700000000 -2.895262 4.200168 -6.072171 0.857110 0.052288 -0.178745 -0.480289
29.800000000 -3.976672 5.098869 -6.263842 0.891500 0.034043 0.040153 -0.449952
29.900000000 -3.908665 4.826907 -6.172084 0.887781 0.030718 0.044576 -0.457071
30.000000000 -2.722425 3.931424 -6.150628 0.857696 0.049369 -0.185455 -0.476999
30.100000000 -2.713991 3.913878 -6.164907 0.858874 0.045164 -0.180530 -0.477184
30.200000000 -3.836584 5.710728 -6.723452 0.877380 0.020797 0.047188 -0.477017
30.300000000 -3.886907 5.478545 -6.664595 0.891084 0.049792 0.001433 -0.451097
30.400000000 -3.062190 5.326623 -6.746035 0.867648 0.039059 -0.054796 -0.492605
30.500000000 -3.350854 4.707332 -6.568725 0.870043 0.068533 -0.033421 -0.487043
30.600000000 -2.797141 4.526847 -6.397169 0.875617 0.032798 -0.097426 -0.471939
30.700000000 -2.832621 4.561726 -6.396184 0.875105 0.035554 -0.100917 -0.471956
30.800000000 -2.722445 4.344934 -6.380280 0.882936 0.046739 -0.130881 -0.448452
30.900000000 -2.701349 4.352014 -6.381632 0.877051 0.060428 -0.177365 -0.442348
31.000000000 -2.562440 3.775059 -6.079388 0.856084 0.173190 -0.285672 -0.394357
31.100000000 -2.550137 4.033708 -6.163257 0.846469 0.163532 -0.300776 -0.407775
31.200000000 -3.460945 4.879676 -6.551287 -0.793263 -0.039547 0.047195 0.605758
31.300000000 -3.446682 4.794048 -6.489922 -0.807401 -0.019317 0.007243 0.589642
31.400000000 -3.277053 5.456134 -6.411756 -0.801805 0.111030 -0.097053 0.579105
31.500000000 -3.247720 5.541833 -6.381574 -0.810960 0.107513 -0.099933 0.566390
31.600000000 -3.149628 5.636387 -6.389476 -0.813005 0.102813 -0.050120 0.570912
31.700000000 -3.181449 5.794374 -6.331505 -0.812577 0.107404 -0.061932 0.569514
31.800000000 -3.207902 5.561213 -6.325571 -0.822950 0.112679 -0.052439 0.554353
31.900000000 -3.237227 5.905593 -6.421729 -0.816698 0.106245 -0.026328 0.566590
32.000000000 -3.313620 6.248545 -6.490147 -0.808294 0.083461 -0.007650 0.582783
32.100000000 -3.329762 6.412715 -6.538492 -0.812481 0.088504 -0.025804 0.575652
32.200000000 -3.332100 6.643921 -6.563638 -0.812799 0.098379 -0.038554 0.572881
32.300000000 -3.349247 6.827790 -6.542235 -0.796675 0.079988 -0.022188 0.598681
32.400000000 -3.322045 7.403279 -6.612600 -0.800117 0.089493 -0.050930 0.590940
32.500000000 -3.341258 7.711844 -6.674400 -0.807236 0.089735 -0.045019 0.581627
32.600000000 -3.414685 8.444085 -6.713825 -0.804640 0.069875 -0.040287 0.588260
32.700000000 -3.448408 8.780284 -6.816930 -0.804673 0.066984 -0.046119 0.588122
32.800000000 -3.560206 9.292666 -6.720526 -0.804769 0.070448 -0.076298 0.584434
32.900000000 -3.567257 9.519835 -6.642653 -0.811720 0.063756 -0.080547 0.574941
33.000000000 -3.579541 10.172062 -6.544365 -0.797868 0.056721 -0.092770 0.592945
33.100000000 -3.630493 11.011461 -6.477497 -0.794492 0.048409 -0.087725 0.598952
33.200000000 -3.649413 11.650928 -6.400954 -0.786837 0.035511 -0.059963 0.613214
33.300000000 -3.525755 12.433333 -6.331362 -0.789722 0.049640 -0.050253 0.609384
33.400000000 -3.580315 13.318148 -6.241136 -0.787680 0.042464 -0.048410 0.612710
33.500000000 -3.584138 14.266641 -6.126455 -0.784134 0.041321 -0.048853 0.617284
33.600000000 -3.561459 14.606215 -5.933799 -0.796684 0.047700 -0.040113 0.601174
33.700000000 -3.591547 15.362673 -5.653971 -0.799276 0.044105 -0.048523 0.597376
33.800000000 -3.685790 15.901648 -5.554081 -0.807575 0.018556 0.039422 0.588153
33.900000000 -3.804288 17.366045 -5.068205 -0.782543 0.016877 0.050540 0.620313
34.000000000 -3.865438 17.945201 -4.635911 -0.765961 0.019445 0.039787 0.641361
34.100000000 -3.900761 17.811531 -4.497510 -0.775185 0.012717 0.073215 0.627348
34.200000000 -3.904897 18.500534 -3.857244 -0.758452 0.018737 0.064421 0.648266
34.300000000 -3.888629 18.370418 -3.624840 -0.737927 -0.016571 0.141187 0.659738
34.400000000 -4.008889 19.590202 -2.190424 -0.634524 0.015511 0.050739 0.771080
34.500000000 -4.081129 19.333798 -1.923761 -0.619735 0.003287 0.066257 0.782002
34.600000000 -4.113113 19.172095 -1.602088 -0.643140 0.010349 0.058369 0.763451
34.700000000 -4.135837 19.765406 -0.201703 -0.527921 0.027581 0.024806 0.848483
34.800000000 -4.258391 20.070879 1.226906 -0.490043 0.011332 0.038857 0.870758
34.900000000 -4.301918 20.093334 2.302313 -0.465375 -0.001007 0.056559 0.883304
35.000000000 -4.348818 20.093068 2.787536 -0.475351 -0.021578 0.078697 0.876004
35.100000000 -4.280618 19.960612 4.727465 -0.364755 0.003384 0.054019 0.929529
35.200000000 -4.262121 19.837976 4.990117 -0.141994 0.008135 0.046910 0.988722
35.300000000 -4.307523 19.618637 5.604067 -0.154065 0.003643 0.048372 0.986869
35.400000000 -4.306392 19.494581 6.622680 -0.164364 0.018656 0.039985 0.985412
35.500000000 -4.343941 19.438876 7.772400 -0.151243 0.015774 0.042399 0.987461
35.600000000 -4.418812 19.244901 8.278254 -0.174085 0.000622 0.050013 0.983460
35.700000000 -4.334951 18.666423 9.826189 -0.136656 0.046703 0.026521 0.989162
35.800000000 -4.330933 18.288964 10.813737 -0.118296 0.069224 0.014396 0.990458
35.900000000 -4.527641 18.749368 9.669624 -0.002575 -0.034564 0.067175 0.997139
36.000000000 -4.511927 18.563174 9.885017 -0.027846 0.016453 0.046964 0.998373
36.100000000 -4.474303 17.835815 10.844305 -0.023796 0.057629 0.026358 0.997706
36.200000000 -4.450011 17.294543 11.596268 -0.034062 0.082915 0.013042 0.995889
36.300000000 -3.879309 16.729875 12.403116 -0.059932 0.099652 0.230554 0.966086
36.400000000 -4.324586 16.058395 13.234010 0.086366 -0.180162 0.091490 0.975557
36.500000000 -4.706148 15.559066 13.748367 0.098697 -0.243495 0.054008 0.963355
36.600000000 -4.814165 15.291376 13.813984 0.096588 -0.243543 0.046431 0.963951
36.700000000 -4.975637 15.151999 13.873377 0.087645 -0.266310 0.039300 0.959090
36.800000000 -5.247286 14.876359 14.033714 0.082723 -0.298151 0.021868 0.950676
36.900000000 -5.568015 14.720512 14.161642 0.089601 -0.342084 -0.001916 0.935386
37.000000000 -5.960903 14.519054 14.326866 0.089831 -0.375177 -0.026006 0.922224
37.100000000 -6.330715 14.349537 14.403108 0.095216 -0.413056 -0.046548 0.904518
37.200000000 -6.648329 14.310068 14.469766 0.097954 -0.445392 -0.064040 0.887654
37.300000000 -6.955325 14.173321 14.513587 0.103225 -0.464086 -0.078341 0.876260
37.400000000 -7.222741 14.006233 14.522174 0.111547 -0.473512 -0.089650 0.869084
37.500000000 -7.473397 13.890655 14.516965 0.120761 -0.486427 -0.099725 0.859570
37.600000000 -7.780608 13.795513 14.505553 0.130738 -0.507175 -0.110419 0.844683
37.700000000 -8.025510 13.712724 14.500883 0.136269 -0.517612 -0.119395 0.836214
37.800000000 -8.290195 13.635444 14.497805 0.133664 -0.526069 -0.130313 0.829701
37.900000000 -8.624009 13.563134 14.470034 0.134225 -0.543908 -0.145264 0.815504
38.000000000 -8.950415 13.527800 14.408669 0.141847 -0.568420 -0.157151 0.795036
38.100000000 -9.263791 13.431229 14.353367 0.148382 -0.577034 -0.167462 0.785475
38.200000000 -9.531705 13.360715 14.302648 0.153758 -0.582168 -0.175734 0.778817
38.300000000 -9.850964 13.338061 14.240485 0.161559 -0.596606 -0.186852 0.763575
38.400000000 -10.243957 13.258507 14.093106 0.173410 -0.614974 -0.199940 0.742805
38.500000000 -10.435711 13.240957 14.046629 0.181675 -0.618029 -0.204134 0.737132
38.600000000 -10.640111 13.254042 14.040625 0.188519 -0.619992 -0.208174 0.732622
38.700000000 -10.680874 13.232371 13.973782 0.183844 -0.621355 -0.211939 0.731575
38.800000000 -10.859612 13.255562 13.942520 0.186642 -0.630437 -0.216220 0.721778
38.900000000 -11.040697 13.264637 13.882099 0.190219 -0.637890 -0.221362 0.712679
39.000000000 -11.107254 13.307369 13.857280 0.188070 -0.641396 -0.225708 0.708729
39.100000000 -11.426246 13.300051 13.750013 0.200140 -0.654384 -0.233213 0.690896
39.200000000 -11.491022 13.350672 13.787867 0.203096 -0.651722 -0.235039 0.691930
39.300000000 -11.492793 13.388445 13.797888 0.203776 -0.651243 -0.234984 0.692200
39.400000000 -11.623276 13.407542 13.762101 0.205255 -0.656957 -0.237945 0.685317
39.500000000 -11.688585 13.462086 13.798437 0.205716 -0.657658 -0.239126 0.684095
39.600000000 -11.702850 13.511311 13.834504 0.206308 -0.656322 -0.238795 0.685314
39.700000000 -11.728679 13.563604 13.877160 0.205955 -0.657507 -0.239506 0.684036
39.800000000 -11.806264 13.463944 13.769963 0.209206 -0.659521 -0.238930 0.681306
39.900000000 -12.002100 13.505895 13.734296 0.237033 -0.668843 -0.234383 0.664476
40.000000000 -11.806985 13.582974 13.770683 0.230704 -0.671542 -0.231839 0.664874
40.100000000 -11.800212 13.587545 13.839960 0.238928 -0.661498 -0.229557 0.672784
40.200000000 -11.761777 13.665423 13.923560 0.231213 -0.661440 -0.231012 0.675034
40.300000000 -11.733247 13.790172 14.042359 0.224390 -0.661436 -0.232851 0.676707
40.400000000 -11.618486 13.865142 14.115294 0.220311 -0.657758 -0.233572 0.681368
40.500000000 -11.637745 13.954023 14.211621 0.214208 -0.657439 -0.236783 0.682512
40.600000000 -11.601109 14.053774 14.307561 0.211834 -0.656590 -0.238635 0.683425
40.700000000 -11.591454 14.176221 14.390083 0.209294 -0.664146 -0.239242 0.676661
40.800000000 -11.576147 14.238253 14.468578 0.206797 -0.665388 -0.239588 0.676085
40.900000000 -11.451647 14.331629 14.549347 0.203845 -0.667151 -0.239246 0.675365
41.000000000 -11.411322 14.378315 14.609575 0.202639 -0.664837 -0.238930 0.678116
41.100000000 -11.435346 14.437530 14.667659 0.201400 -0.667573 -0.240766 0.675141
41.200000000 -11.464747 14.458744 14.714588 0.205620 -0.664890 -0.239939 0.676809
41.300000000 -11.432340 14.543681 14.832684 0.205120 -0.664984 -0.239020 0.677194
41.400000000 -11.445443 14.581074 14.920448 0.206759 -0.665696 -0.236895 0.676743
41.500000000 -11.406643 14.705694 15.057689 0.203709 -0.669746 -0.237870 0.673321
41.600000000 -11.327043 14.800411 15.141301 0.201947 -0.669449 -0.238273 0.674004
41.700000000 -11.606240 14.549239 14.968211 0.215552 -0.661239 -0.234453 0.679214
41.800000000 -11.470234 14.669997 15.106621 0.204540 -0.669247 -0.237602 0.673660
41.900000000 -11.353872 14.840501 15.254630 0.192930 -0.680740 -0.238431 0.665223
42.000000000 -11.641778 14.773147 15.261264 0.197076 -0.677828 -0.239141 0.666725
42.100000000 -11.415023 14.902287 15.353065 0.185116 -0.689830 -0.240416 0.657318
42.200000000 -11.867231 14.298311 14.858563 0.213057 -0.669034 -0.237641 0.671213
42.300000000 -11.922587 14.009283 14.586741 0.215336 -0.661475 -0.238117 0.677777
42.400000000 -12.006714 13.878235 14.473321 0.211266 -0.663298 -0.240220 0.676533
42.500000000 -12.074550 13.818479 14.414320 0.207635 -0.667174 -0.241697 0.673312
42.600000000 -12.216580 13.762361 14.395177 0.210494 -0.673441 -0.242779 0.665753
42.700000000 -12.360004 13.647686 14.340629 0.219669 -0.662828 -0.240743 0.674127
42.800000000 -12.178077 13.528957 14.121950 0.313095 -0.681119 -0.193933 0.632802
42.900000000 -12.068694 13.653147 14.274473 0.309709 -0.681226 -0.195644 0.633825
43.000000000 -12.414174 13.542625 14.344463 0.222389 -0.659114 -0.240864 0.676829
43.100000000 -12.248284 13.517450 14.231262 0.315239 -0.676957 -0.193647 0.636282
43.200000000 -12.217840 13.545703 14.263561 0.313031 -0.679600 -0.195038 0.634127
43.300000000 -12.314890 13.556351 14.468930 0.218423 -0.662444 -0.240222 0.675095
43.400000000 -12.412820 13.574193 14.470627 0.216988 -0.667877 -0.241954 0.669563
43.500000000 -12.475722 13.276090 14.091818 0.319120 -0.676526 -0.194543 0.634530
43.600000000 -12.298093 13.504188 14.298433 0.310107 -0.684971 -0.198849 0.628576
43.700000000 -12.394036 13.546120 14.522545 0.209064 -0.673163 -0.243752 0.666130
43.800000000 -12.278271 13.445897 14.343377 0.315886 -0.679443 -0.195390 0.632769
43.900000000 -12.130947 13.541119 14.403329 0.307542 -0.685878 -0.198238 0.629039
44.000000000 -12.324093 13.559385 14.593306 0.208288 -0.672877 -0.244746 0.666297
44.100000000 -12.377743 13.381532 14.342330 0.316710 -0.681549 -0.195968 0.629907
44.200000000 -12.319280 13.382293 14.373636 0.314920 -0.683309 -0.195103 0.629165
44.300000000 -12.477601 13.478197 14.669757 0.208094 -0.676569 -0.244024 0.662875
44.400000000 -12.374959 13.386399 14.409291 0.311530 -0.688437 -0.199279 0.623932
44.500000000 -12.400923 13.254759 14.340271 0.316573 -0.677749 -0.197028 0.633733
44.600000000 -12.423468 13.300343 14.453417 0.317779 -0.673976 -0.196589 0.637281
44.700000000 -12.267030 13.364613 14.518163 0.317143 -0.677596 -0.195939 0.633950
44.800000000 -12.330850 13.333939 14.511210 0.315836 -0.681039 -0.197248 0.630497
44.900000000 -12.304363 13.433669 14.609566 0.307402 -0.690764 -0.200434 0.623037
45.000000000 -12.265980 13.435412 14.656940 0.314361 -0.686123 -0.197081 0.625757
45.100000000 -12.362734 13.550755 14.973596 0.190526 -0.696123 -0.246891 0.646651
45.200000000 -12.531665 13.342774 14.615143 0.311428 -0.693083 -0.199286 0.618816
45.300000000 -12.856411 13.266152 14.735983 0.215617 -0.683630 -0.247116 0.651991
45.400000000 -12.693017 13.179058 14.498921 0.313164 -0.686899 -0.201375 0.624136
45.500000000 -12.715243 13.164755 14.525522 0.312001 -0.685047 -0.201435 0.626730
45.600000000 -12.644963 13.228193 14.655257 0.318595 -0.680188 -0.198122 0.629753
45.700000000 -12.480457 13.417701 14.861323 0.313343 -0.686550 -0.198663 0.625299
45.800000000 -12.576509 13.406331 14.996437 0.207689 -0.683352 -0.245371 0.655506
45.900000000 -12.766618 13.191891 14.650699 0.313211 -0.684061 -0.202179 0.626963
46.000000000 -12.780076 13.079108 14.588057 0.315799 -0.675403 -0.201580 0.635190
46.100000000 -12.655176 13.211225 14.753224 0.312014 -0.676402 -0.202309 0.635765
46.200000000 -12.693628 13.258884 14.793590 0.305825 -0.686322 -0.205049 0.627207
46.300000000 -12.799813 13.192486 14.736033 0.308583 -0.686664 -0.204588 0.625629
46.400000000 -12.820077 13.235589 14.827164 0.309420 -0.683398 -0.204253 0.628893
46.500000000 -12.709006 13.378991 14.947562 0.296556 -0.696966 -0.208396 0.618760
46.600000000 -12.683107 13.434809 15.056430 0.295266 -0.697518 -0.208603 0.618686
46.700000000 -12.805066 13.362703 15.015284 0.298267 -0.699779 -0.207397 0.615088
46.800000000 -12.819366 13.369668 15.052663 0.301057 -0.695263 -0.205734 0.619393
46.900000000 -12.858232 13.390194 15.109673 0.301678 -0.692952 -0.205799 0.621655
47.000000000 -12.853820 13.387846 15.112656 0.303811 -0.696594 -0.204876 0.616831
47.100000000 -12.789197 13.422597 15.197199 0.302804 -0.697777 -0.201725 0.617028
47.200000000 -12.693864 13.630703 15.677065 0.172564 -0.725322 -0.251104 0.617314
47.300000000 -13.042480 13.495593 15.496748 0.187755 -0.717820 -0.253558 0.620638
47.400000000 -13.321657 12.889391 14.683060 0.321366 -0.671792 -0.202022 0.636087
47.500000000 -13.387714 12.952126 14.751697 0.318832 -0.674855 -0.203845 0.633533
47.600000000 -13.363444 12.997611 14.826667 0.320531 -0.673164 -0.202521 0.634898
47.700000000 -13.426378 12.932732 14.797174 0.325071 -0.668222 -0.200274 0.638513
47.800000000 -13.384915 12.964635 14.851217 0.326879 -0.666210 -0.199199 0.640027
47.900000000 -13.488564 12.967243 14.794757 0.316046 -0.678287 -0.204641 0.631002
48.000000000 -13.632382 12.962639 14.773056 0.316753 -0.678619 -0.207073 0.629496
48.100000000 -13.671305 12.937439 14.761848 0.319050 -0.676574 -0.206637 0.630679
48.200000000 -13.730736 12.905870 14.768368 0.326406 -0.668836 -0.203261 0.636241
48.300000000 -13.731046 12.894235 14.778365 0.325220 -0.670330 -0.202857 0.635404
48.400000000 -13.906984 12.947987 14.789018 0.321179 -0.679596 -0.205963 0.626556
48.500000000 -14.122141 12.850288 14.688059 0.326531 -0.675549 -0.205036 0.628467
48.600000000 -14.166056 12.799426 14.619937 0.323289 -0.678717 -0.206361 0.626293
48.700000000 -14.283678 12.755927 14.577840 0.328070 -0.674757 -0.205895 0.628236
48.800000000 -14.347244 12.820250 14.635526 0.328280 -0.674569 -0.206771 0.628040
48.900000000 -14.284145 12.827397 14.700048 0.329187 -0.672411 -0.204622 0.630579
49.000000000 -14.393688 12.802359 14.683682 0.331105 -0.672802 -0.202937 0.629701
49.100000000 -14.389374 12.867467 14.753290 0.330600 -0.671105 -0.203374 0.631633
49.200000000 -14.471625 12.865912 14.757308 0.332103 -0.669984 -0.202962 0.632167
49.300000000 -14.474848 12.860736 14.722747 0.333099 -0.668274 -0.203158 0.633390
49.400000000 -14.678600 12.825132 14.633463 0.331091 -0.673657 -0.205768 0.627873
49.500000000 -14.733764 12.867015 14.670324 0.331995 -0.671005 -0.207468 0.629673
49.600000000 -14.843179 12.849633 14.700749 0.333388 -0.669721 -0.205639 0.630903
49.700000000 -14.886821 12.856642 14.711819 0.339756 -0.662490 -0.203631 0.635773
49.800000000 -14.884646 12.840061 14.743078 0.342552 -0.658734 -0.200848 0.639052
49.900000000 -14.418580 13.162799 15.004906 0.390528 -0.673531 -0.160420 0.606720
50.000000000 -14.378137 13.217258 15.086633 0.392587 -0.670404 -0.158820 0.609270
50.100000000 -14.324889 13.274949 15.118096 0.389987 -0.674888 -0.159785 0.605727
50.200000000 -14.356743 13.331144 15.151899 0.388567 -0.677062 -0.161212 0.603832
50.300000000 -14.368646 13.341934 15.162999 0.389222 -0.676400 -0.160775 0.604268
50.400000000 -14.376322 13.360526 15.158060 0.387628 -0.679071 -0.161376 0.602134
50.500000000 -14.371307 13.463139 15.313828 0.391916 -0.671418 -0.158486 0.608673
50.600000000 -14.371350 13.719235 15.490725 0.379581 -0.689989 -0.166372 0.593425
50.700000000 -13.930711 14.173716 15.996590 0.363761 -0.704020 -0.171741 0.585268
50.800000000 -14.013686 14.126410 15.937744 0.363411 -0.704105 -0.171542 0.585442
50.900000000 -14.379145 13.891329 15.703076 0.379447 -0.688184 -0.164907 0.596011
51.000000000 -14.499663 13.834275 15.607881 0.378314 -0.689591 -0.165782 0.594860
51.100000000 -14.501171 13.929513 15.716919 0.378016 -0.689203 -0.166076 0.595417
51.200000000 -14.437871 14.145547 15.954292 0.375417 -0.692018 -0.166591 0.593650
51.300000000 -14.436863 14.123650 15.958296 0.378383 -0.687285 -0.163935 0.597989
51.400000000 -14.524346 14.110123 15.962828 0.380342 -0.683160 -0.163039 0.601707
51.500000000 -14.497670 14.158389 16.000928 0.381218 -0.682671 -0.162522 0.601847
51.600000000 -14.460414 14.239140 16.071165 0.379762 -0.684677 -0.163076 0.600336
51.700000000 -14.521929 14.208814 16.114278 0.383460 -0.676557 -0.158826 0.608279
51.800000000 -14.569580 14.212669 16.031423 0.380906 -0.682369 -0.162139 0.602490
51.900000000 -14.642591 14.232575 16.021650 0.380252 -0.683513 -0.163480 0.601242
52.000000000 -14.719311 14.227351 16.045946 0.387608 -0.677705 -0.158042 0.604564
52.100000000 -14.699280 14.268530 16.101923 0.389004 -0.676139 -0.156814 0.605740
52.200000000 -14.487266 14.579489 16.372243 0.371140 -0.696428 -0.165156 0.591580
52.300000000 -14.466439 14.634085 16.467700 0.379050 -0.685762 -0.161361 0.600012
52.400000000 -14.597398 14.625606 16.428266 0.377133 -0.687288 -0.163960 0.598768
52.500000000 -14.576596 14.656644 16.466743 0.377242 -0.686262 -0.162468 0.600281
52.600000000 -14.522950 14.803659 16.618956 0.373847 -0.691191 -0.163743 0.596390
52.700000000 -14.935743 14.621949 16.291945 0.367897 -0.704464 -0.169936 0.582670
52.800000000 -15.194625 14.508488 16.255087 0.381916 -0.684504 -0.162898 0.599214
52.900000000 -14.921173 14.700720 16.480104 0.380159 -0.685758 -0.161341 0.599320
53.000000000 -15.061988 14.652129 16.406207 0.379717 -0.687551 -0.162060 0.597349
53.100000000 -15.243505 14.612154 16.381750 0.382775 -0.682481 -0.160696 0.601564
53.200000000 -15.175569 14.678001 16.439654 0.382482 -0.683315 -0.160456 0.600868
53.300000000 -14.923619 15.078502 16.780542 0.365730 -0.705940 -0.169935 0.582248
53.400000000 -15.084946 15.016369 16.726961 0.369139 -0.701772 -0.166995 0.585974
53.500000000 -15.078238 15.022308 16.717124 0.369866 -0.702144 -0.166842 0.585112
53.600000000 -15.022332 15.203557 16.936098 0.368470 -0.702932 -0.166940 0.585019
53.700000000 -14.913981 15.289248 17.025338 0.365278 -0.706208 -0.166638 0.583159
53.800000000 -14.751868 15.490935 17.271639 0.360156 -0.705657 -0.169226 0.586258
53.900000000 -14.815710 15.470683 17.230845 0.357269 -0.711357 -0.170201 0.580828
54.000000000 -15.046734 15.346152 17.078911 0.368764 -0.702236 -0.165315 0.586130
54.100000000 -15.132116 15.329377 17.032301 0.368049 -0.703744 -0.165978 0.584582
54.200000000 -15.345826 15.282972 16.975482 0.370097 -0.698506 -0.166740 0.589335
54.300000000 -15.341328 15.317345 16.997488 0.370118 -0.699083 -0.166716 0.588643
54.400000000 -15.351341 15.336864 17.023343 0.372653 -0.695373 -0.165086 0.591889
54.500000000 -15.498223 15.257910 16.948459 0.380256 -0.690895 -0.160242 0.593627
54.600000000 -15.566156 15.288231 16.989790 0.380904 -0.688978 -0.159850 0.595542
54.700000000 -15.481221 15.408847 17.076485 0.377537 -0.696103 -0.161490 0.588920
54.800000000 -15.309276 15.571310 17.251500 0.367872 -0.703772 -0.165816 0.584705
54.900000000 -15.666027 15.422845 17.073937 0.376511 -0.697332 -0.162475 0.587852
55.000000000 -15.662846 15.466155 17.083209 0.372625 -0.700715 -0.165420 0.585479
55.100000000 -15.761916 15.442362 17.070087 0.375210 -0.696223 -0.164432 0.589452
55.200000000 -15.905541 15.405418 17.041092 0.377167 -0.692387 -0.163474 0.592978
55.300000000 -15.949052 15.390295 17.035323 0.379874 -0.688451 -0.162279 0.596152
55.400000000 -16.161290 15.302776 16.899434 0.381389 -0.688469 -0.162731 0.595039
55.500000000 -16.302641 15.263022 16.931631 0.384494 -0.681618 -0.160652 0.601459
55.600000000 -16.264312 15.325248 17.030617 0.386148 -0.677638 -0.159479 0.605197
55.700000000 -16.115477 15.424761 17.140312 0.384746 -0.680301 -0.158658 0.603315
55.800000000 -16.086082 15.475094 17.195490 0.385303 -0.679353 -0.158136 0.604164
55.900000000 -16.240182 15.406470 17.145667 0.387773 -0.675150 -0.156677 0.607665
56.000000000 -16.385397 15.401176 17.117892 0.387771 -0.677203 -0.157707 0.605110
56.100000000 -16.379161 15.426311 17.197296 0.390470 -0.671728 -0.155430 0.610046
56.200000000 -16.424052 15.464537 17.248341 0.389941 -0.672143 -0.155587 0.609887
56.300000000 -16.407789 15.517823 17.262536 0.388573 -0.675523 -0.156669 0.606741
56.400000000 -16.526627 15.495345 17.187874 0.387810 -0.679561 -0.158077 0.602339
56.500000000 -16.710963 15.421037 17.150053 0.391089 -0.674014 -0.156224 0.606917
56.600000000 -16.374876 15.556430 17.252278 0.413072 -0.681205 -0.135157 0.589121
56.700000000 -16.305831 15.580890 17.291424 0.413873 -0.680332 -0.133869 0.589862
56.800000000 -16.266725 15.589356 17.294098 0.414294 -0.680783 -0.133270 0.589181
56.900000000 -16.353579 15.623767 17.374569 0.415383 -0.677317 -0.132379 0.592601
57.000000000 -16.493524 15.593038 17.338466 0.414304 -0.678067 -0.134043 0.592123
57.100000000 -16.557081 15.566841 17.320428 0.415800 -0.675341 -0.133025 0.594415
57.200000000 -16.631617 15.581171 17.312030 0.412947 -0.679364 -0.135095 0.591345
57.300000000 -16.693983 15.585231 17.331982 0.413861 -0.677618 -0.134533 0.592835
57.400000000 -16.667212 15.615144 17.350845 0.413441 -0.679259 -0.135032 0.591134
57.500000000 -16.689634 15.635075 17.381952 0.414804 -0.677430 -0.134322 0.592440
57.600000000 -16.796352 15.618021 17.372392 0.415776 -0.676352 -0.133769 0.593114
57.700000000 -17.044260 15.576790 17.277001 0.412667 -0.681812 -0.137242 0.588221
57.800000000 -17.107219 15.553308 17.242021 0.413457 -0.680958 -0.137256 0.588651
57.900000000 -17.311590 15.454736 17.101717 0.413272 -0.681469 -0.138970 0.587787
58.000000000 -17.408582 15.482699 17.112009 0.412203 -0.684135 -0.139940 0.585204
58.100000000 -17.510041 15.401745 17.047994 0.416940 -0.680713 -0.136011 0.586763
58.200000000 -17.791338 15.325661 16.937829 0.416062 -0.680976 -0.138107 0.586593
58.300000000 -17.847293 15.327544 16.931851 0.416663 -0.679920 -0.138277 0.587350
58.400000000 -17.870336 15.351387 16.923962 0.414609 -0.683947 -0.139935 0.583724
58.500000000 -17.976864 15.316891 16.864812 0.414469 -0.683664 -0.141157 0.583860
58.600000000 -18.059257 15.358784 16.848439 0.412773 -0.688223 -0.143653 0.579078
58.700000000 -18.044269 15.388390 16.870107 0.412984 -0.689676 -0.143539 0.577225
58.800000000 -18.161550 15.378172 16.785641 0.411625 -0.693971 -0.145761 0.572471
58.900000000 -18.467919 15.328404 16.651341 0.411377 -0.694520 -0.148377 0.571310
59.000000000 -18.628483 15.296499 16.560918 0.413088 -0.695611 -0.147846 0.568881
59.100000000 -18.585508 15.353434 16.580991 0.410742 -0.698654 -0.150941 0.566031
59.200000000 -18.889110 15.273791 16.473420 0.412829 -0.695351 -0.151196 0.568506
59.300000000 -18.782884 15.280974 16.506372 0.414871 -0.694944 -0.148691 0.568177
59.400000000 -18.850428 15.286551 16.489001 0.415421 -0.695186 -0.148609 0.567501
59.500000000 -18.957434 15.257764 16.444036 0.414754 -0.696635 -0.148941 0.566123
59.600000000 -19.157782 15.234599 16.319286 0.413233 -0.700148 -0.152097 0.562048
59.700000000 -19.419827 15.338578 16.227802 0.411040 -0.702726 -0.160675 0.558038
59.800000000 -19.687382 15.483749 16.109972 0.399169 -0.714733 -0.179146 0.545644
59.900000000 -19.584351 15.481902 16.066587 0.402582 -0.716838 -0.176809 0.541118
60.000000000 -19.745565 15.431216 16.000685 0.405182 -0.714626 -0.174557 0.542832
60.100000000 -19.977870 15.404965 15.856943 0.404352 -0.717146 -0.176533 0.539479
60.200000000 -19.929952 15.416596 15.808085 0.402788 -0.722008 -0.178169 0.533593
60.300000000 -19.991436 15.436349 15.790265 0.404036 -0.721803 -0.178863 0.532694
60.400000000 -20.194268 15.425836 15.739156 0.405080 -0.720132 -0.178985 0.534121
60.500000000 -20.364903 15.394757 15.598598 0.404392 -0.722695 -0.180445 0.530678
60.600000000 -20.484784 15.382827 15.538907 0.405994 -0.721416 -0.180366 0.531221
60.700000000 -20.598382 15.364153 15.433430 0.406914 -0.721799 -0.181398 0.529644
60.800000000 -20.715578 15.363266 15.380775 0.408558 -0.720635 -0.181234 0.530019
60.900000000 -20.768778 15.380626 15.362857 0.407109 -0.722504 -0.182726 0.528073
61.000000000 -20.804794 15.407570 15.363825 0.405847 -0.724580 -0.184075 0.525727
61.100000000 -20.800540 15.435575 15.311863 0.402508 -0.731153 -0.186735 0.518201
61.200000000 -20.860409 15.571426 15.227123 0.401195 -0.737875 -0.193969 0.506911
61.300000000 -20.943134 15.590016 15.185708 0.400731 -0.739569 -0.195303 0.504292
61.400000000 -21.049404 15.579013 15.117807 0.402289 -0.738378 -0.195217 0.504829
61.500000000 -21.231359 15.575948 15.044113 0.403190 -0.737694 -0.195417 0.505032
61.600000000 -21.428666 15.550590 14.932277 0.406106 -0.735277 -0.194659 0.506511
61.700000000 -21.493426 15.543630 14.897711 0.407322 -0.734152 -0.194271 0.507315
61.800000000 -21.623337 15.558518 14.882327 0.408941 -0.732331 -0.193455 0.508954
61.900000000 -21.676341 15.561054 14.870583 0.409256 -0.733404 -0.193077 0.507296
62.000000000 -21.842443 15.558425 14.771352 0.408740 -0.734295 -0.194152 0.506012
62.100000000 -22.032165 15.546220 14.686376 0.410835 -0.731764 -0.193506 0.508224
62.200000000 -22.075621 15.545114 14.623896 0.409150 -0.734843 -0.194906 0.504593
62.300000000 -22.187877 15.560919 14.578487 0.409630 -0.734995 -0.195281 0.503837
62.400000000 -22.329683 15.577398 14.521379 0.408928 -0.736226 -0.196130 0.502277
62.500000000 -22.441333 15.593857 14.478375 0.409284 -0.736396 -0.196557 0.501570
62.600000000 -22.551139 15.591556 14.400992 0.411043 -0.735473 -0.196152 0.501644
62.700000000 -22.784346 15.580016 14.276130 0.413372 -0.732495 -0.195599 0.504297
62.800000000 -22.867753 15.590028 14.225005 0.413919 -0.732292 -0.195934 0.504013
62.900000000 -22.971508 15.605885 14.200875 0.414471 -0.732415 -0.195800 0.503433
63.000000000 -23.022874 15.622122 14.173711 0.414004 -0.734241 -0.196254 0.500974
63.100000000 -23.197058 15.621404 14.090003 0.416768 -0.730766 -0.195709 0.503968
63.200000000 -23.288015 15.632999 14.033274 0.415495 -0.732608 -0.197214 0.501754
63.300000000 -23.433041 15.639628 13.967222 0.418432 -0.729691 -0.195587 0.504194
63.400000000 -23.458606 15.662416 13.982652 0.416233 -0.732642 -0.196764 0.501269
63.500000000 -23.628542 15.656396 13.897710 0.417955 -0.730818 -0.195743 0.502894
63.600000000 -23.810501 15.664984 13.822100 0.419501 -0.729364 -0.195282 0.503897
63.700000000 -23.999281 15.668480 13.746759 0.422649 -0.726023 -0.193880 0.506624
63.800000000 -24.052629 15.666552 13.694680 0.424174 -0.726250 -0.192236 0.505651
63.900000000 -24.235963 15.685133 13.602757 0.423129 -0.728459 -0.192899 0.503090
64.000000000 -24.378920 15.699973 13.536415 0.425573 -0.725867 -0.192311 0.504996
64.100000000 -24.445813 15.711700 13.494606 0.424243 -0.727257 -0.193877 0.503515
64.200000000 -24.704903 15.720907 13.356307 0.425446 -0.725799 -0.193861 0.504607
64.300000000 -24.733275 15.732498 13.345431 0.425989 -0.725546 -0.193570 0.504625
64.400000000 -24.951042 15.751931 13.240829 0.425867 -0.724707 -0.194854 0.505440
64.500000000 -25.087616 15.748976 13.190513 0.427401 -0.723007 -0.194018 0.506898
64.600000000 -25.224822 15.766363 13.123356 0.429584 -0.721211 -0.192810 0.508072
64.700000000 -25.357680 15.779362 13.042109 0.428853 -0.722393 -0.193502 0.506745
64.800000000 -25.492057 15.817501 13.031553 0.430034 -0.723963 -0.191645 0.504203
64.900000000 -25.636185 15.853148 12.959050 0.432756 -0.721473 -0.190557 0.505853
65.000000000 -25.683877 15.861024 12.986303 0.433393 -0.720332 -0.190308 0.507025
65.100000000 -25.801130 15.891184 12.928153 0.432909 -0.721323 -0.191249 0.505675
65.200000000 -25.981884 15.901373 12.814374 0.433407 -0.720415 -0.191896 0.506297
65.300000000 -26.070347 15.936094 12.791896 0.432325 -0.722841 -0.192591 0.503493
65.400000000 -26.157565 15.961179 12.774950 0.434778 -0.720356 -0.191670 0.505290
65.500000000 -25.698837 16.020518 13.596905 0.423635 -0.713547 -0.204147 0.519334
65.600000000 -25.736126 16.034452 13.584704 0.426222 -0.710684 -0.203421 0.521424
65.700000000 -25.790107 16.049334 13.567136 0.427280 -0.709233 -0.203323 0.522571
65.800000000 -26.156369 16.064620 13.354060 0.425950 -0.710592 -0.205905 0.520796
65.900000000 -26.205256 16.091603 13.312548 0.423866 -0.714371 -0.207367 0.516732
66.000000000 -26.305101 16.113531 13.293217 0.428394 -0.708765 -0.205367 0.521494
66.100000000 -26.428555 16.139234 13.226692 0.428710 -0.707880 -0.206120 0.522138
66.200000000 -26.676597 16.161888 13.063910 0.424135 -0.712908 -0.210699 0.517182
66.300000000 -26.855930 16.186379 12.961553 0.424545 -0.711816 -0.211736 0.517925
66.400000000 -26.966557 16.216837 12.907213 0.427869 -0.707582 -0.211418 0.521112
66.500000000 -27.052129 16.262400 12.851164 0.428499 -0.707477 -0.212355 0.520356
66.600000000 -27.310308 16.288693 12.715079 0.428780 -0.706587 -0.213647 0.520804
66.700000000 -27.477451 16.343911 12.592783 0.426413 -0.710309 -0.215934 0.516727
66.800000000 -27.534294 16.355837 12.593960 0.427583 -0.708798 -0.215946 0.517828
66.900000000 -27.611852 16.399941 12.545563 0.425377 -0.711494 -0.217971 0.515092
67.000000000 -27.809959 16.463466 12.420976 0.425350 -0.712558 -0.219888 0.512824
67.100000000 -28.072745 16.498247 12.263726 0.426909 -0.710430 -0.220505 0.514213
67.200000000 -28.196156 16.548725 12.168714 0.425217 -0.712561 -0.222348 0.511868
67.300000000 -28.378199 16.590598 12.072581 0.425476 -0.711345 -0.223348 0.512908
67.400000000 -28.575958 16.629847 11.958656 0.425088 -0.711256 -0.224692 0.512765
67.500000000 -28.706446 16.669150 11.908502 0.425993 -0.709232 -0.225528 0.514449
67.600000000 -28.846173 16.711469 11.806772 0.422103 -0.713730 -0.228505 0.510103
67.700000000 -29.033702 16.747969 11.682193 0.421703 -0.713625 -0.229658 0.510061
67.800000000 -29.375879 16.828488 11.408650 0.420842 -0.713626 -0.232324 0.509564
67.900000000 -29.637848 16.889931 11.188980 0.420859 -0.715329 -0.233070 0.506814
68.000000000 -29.847389 16.918302 11.025269 0.418379 -0.717622 -0.235880 0.504320
68.100000000 -30.050777 16.985887 10.851275 -0.415846 0.720901 0.240318 -0.499621
68.200000000 -30.283040 17.041317 10.696987 -0.415650 0.720499 0.241501 -0.499793
68.300000000 -30.802937 17.042082 10.049758 -0.424862 0.721548 0.234903 -0.493641
68.400000000 -30.952903 17.084908 9.958767 -0.424113 0.722268 0.236031 -0.492692
68.500000000 -31.195135 17.129808 9.787891 -0.422720 0.722976 0.238811 -0.491511
68.600000000 -31.443144 17.163688 9.613069 -0.421544 0.723561 0.240605 -0.490785
68.700000000 -31.647268 17.199216 9.459094 -0.420396 0.724578 0.241934 -0.489615
68.800000000 -31.864306 17.228459 9.305035 -0.418952 0.725627 0.244133 -0.488205
68.900000000 -31.971697 17.253828 9.228717 -0.417063 0.727666 0.245533 -0.486081
69.000000000 -32.130389 17.285792 9.113332 -0.415887 0.729134 0.247455 -0.483909
69.100000000 -32.230701 17.328703 9.026515 -0.412392 0.733319 0.250527 -0.478971
69.200000000 -32.513362 17.355219 8.836992 -0.412958 0.731673 0.251837 -0.480311
69.300000000 -32.732677 17.377403 8.683498 -0.412482 0.731676 0.252840 -0.480188
69.400000000 -32.912440 17.406656 8.544421 -0.410693 0.733179 0.254658 -0.478466
69.500000000 -33.128593 17.427259 8.404575 -0.410608 0.732476 0.255764 -0.479024
69.600000000 -33.345066 17.445179 8.253175 -0.410164 0.732215 0.257452 -0.478900
69.700000000 -33.526094 17.470227 8.107878 -0.407747 0.734100 0.259668 -0.476877
69.800000000 -33.816874 17.480625 7.753265 -0.411609 0.736085 0.259099 -0.470769
69.900000000 -33.989871 17.505457 7.644241 -0.411463 0.735898 0.260108 -0.470633
70.000000000 -34.157004 17.524078 7.554741 -0.412290 0.734795 0.260295 -0.471529
70.100000000 -34.382342 17.544346 7.389351 -0.411390 0.734837 0.261985 -0.471314
70.200000000 -34.571941 17.561427 7.269808 -0.411330 0.734314 0.262892 -0.471676
70.300000000 -34.718807 17.586176 7.165124 -0.410079 0.735398 0.264247 -0.470317
70.400000000 -34.946485 17.606364 7.006609 -0.410215 0.734657 0.265446 -0.470682
70.500000000 -35.179173 17.630252 6.832625 -0.409983 0.734060 0.267137 -0.470858
70.600000000 -35.275632 17.637894 6.631393 -0.413010 0.738209 0.264324 -0.463253
70.700000000 -35.471494 17.658481 6.503028 -0.413093 0.737523 0.265312 -0.463707
70.800000000 -35.655725 17.684216 6.396927 -0.414028 0.736434 0.265719 -0.464370
70.900000000 -35.860902 17.708882 6.237215 -0.412657 0.737006 0.267687 -0.463551
71.000000000 -36.051938 17.734129 6.107519 -0.412306 0.736851 0.269189 -0.463240
71.100000000 -36.238859 17.759716 5.978748 -0.411407 0.737416 0.270982 -0.462094
71.200000000 -36.423359 17.726980 5.751835 -0.418011 0.736720 0.263162 -0.461796
71.300000000 -36.561725 17.752001 5.657852 -0.417535 0.737504 0.263780 -0.460621
71.400000000 -36.696064 17.783069 5.572347 -0.416977 0.738180 0.264907 -0.459396
71.500000000 -36.950649 17.803254 5.379673 -0.415731 0.738311 0.267980 -0.458533
71.600000000 -37.105588 17.824452 5.276289 -0.415796 0.737990 0.268483 -0.458695
71.700000000 -37.253997 17.855136 5.169310 -0.415008 0.738566 0.270076 -0.457545
71.800000000 -37.393624 17.877386 5.073635 -0.414250 0.739389 0.271318 -0.456166
71.900000000 -37.562345 17.907640 4.976309 -0.414394 0.738608 0.272554 -0.456563
72.000000000 -37.679885 17.935571 4.899631 -0.414587 0.739093 0.272701 -0.455514
72.100000000 -37.825800 17.961927 4.775454 -0.413264 0.740570 0.274179 -0.453426
72.200000000 -38.053715 17.975384 4.609285 -0.413151 0.739817 0.275966 -0.453673
72.300000000 -38.157864 17.996818 4.528282 -0.411652 0.741576 0.277198 -0.451408
72.400000000 -38.351532 18.018133 4.397606 -0.412642 0.740216 0.277592 -0.452492
72.500000000 -38.480187 18.037060 4.298547 -0.411671 0.741395 0.278256 -0.451037
72.600000000 -38.668970 18.053672 4.155293 -0.411932 0.741076 0.278842 -0.450960
72.700000000 -38.808920 18.072380 4.041758 -0.410720 0.742400 0.279956 -0.449194
72.800000000 -38.935831 18.088068 3.966408 -0.411092 0.741914 0.280304 -0.449441
72.900000000 -39.152730 18.018157 3.664189 -0.417660 0.742988 0.270503 -0.447612
73.000000000 -39.294937 18.034810 3.555756 -0.416900 0.743804 0.271365 -0.446444
73.100000000 -39.442917 18.049768 3.451944 -0.417156 0.743723 0.271790 -0.446079
73.200000000 -39.583917 18.058991 3.348570 -0.415812 0.744386 0.273113 -0.445419
73.300000000 -39.737493 18.071247 3.229138 -0.414714 0.744745 0.274603 -0.444928
73.400000000 -39.876775 18.083694 3.140302 -0.414944 0.744509 0.274677 -0.445063
73.500000000 -40.019175 18.095206 3.043646 -0.415533 0.744041 0.274681 -0.445292
73.600000000 -40.183689 18.041292 2.825224 -0.420912 0.744897 0.265867 -0.444159
73.700000000 -40.349243 18.049680 2.679675 -0.418958 0.746020 0.267914 -0.442888
73.800000000 -40.437396 18.065642 2.625324 -0.418112 0.747248 0.268404 -0.441319
73.900000000 -40.590374 18.070168 2.513629 -0.418047 0.747127 0.268605 -0.441463
74.000000000 -40.677389 18.085718 2.458490 -0.416058 0.748697 0.269980 -0.439840
74.100000000 -40.827081 18.052047 2.299986 -0.419112 0.749005 0.265059 -0.439410
74.200000000 -40.922249 18.063377 2.231118 -0.418493 0.750116 0.265471 -0.437853
74.300000000 -41.046839 18.064589 2.135699 -0.417582 0.751167 0.265954 -0.436625
74.400000000 -41.126060 18.076281 2.052633 -0.414416 0.754276 0.267793 -0.433144
74.500000000 -41.278424 18.078456 1.931854 -0.413581 0.754792 0.268578 -0.432557
74.600000000 -41.430808 18.029513 1.774157 -0.418509 0.754388 0.261323 -0.432966
74.700000000 -41.560044 18.030943 1.676370 -0.418149 0.754621 0.261429 -0.432844
74.800000000 -41.694162 18.025844 1.594896 -0.418762 0.753929 0.260739 -0.433871
74.900000000 -41.809386 18.030322 1.508924 -0.417887 0.755008 0.261376 -0.432453
75.000000000 -41.966172 18.026380 1.368239 -0.416359 0.755902 0.262772 -0.431518
75.100000000 -42.148027 18.013373 1.213834 -0.414593 0.756249 0.264574 -0.431510
75.200000000 -42.273432 18.009638 1.100519 -0.412372 0.758082 0.265959 -0.429566
75.300000000 -42.372170 18.012829 1.043156 -0.411807 0.758341 0.266314 -0.429431
75.400000000 -42.488613 18.015615 0.968324 -0.410500 0.759193 0.267309 -0.428558
75.500000000 -42.594322 18.020244 0.921912 -0.410408 0.758399 0.267730 -0.429787
75.600000000 -42.786210 17.997379 0.743386 -0.407365 0.760188 0.270005 -0.428095
75.700000000 -42.948247 17.985885 0.609705 -0.406510 0.760522 0.271037 -0.427663
75.800000000 -43.054387 17.990966 0.544085 -0.406006 0.760826 0.271439 -0.427346
75.900000000 -43.136810 17.984307 0.491168 -0.404213 0.762533 0.272068 -0.425600
76.000000000 -43.240197 17.979495 0.415631 -0.403302 0.763835 0.271966 -0.424191
76.100000000 -43.456148 17.949329 0.228254 -0.401921 0.764270 0.273176 -0.423940
76.200000000 -43.603734 17.938405 0.133649 -0.404593 0.763387 0.269984 -0.425034
76.300000000 -43.715614 17.932749 0.060848 -0.404241 0.763560 0.269617 -0.425290
76.400000000 -43.851669 17.917080 -0.053324 -0.400924 0.765770 0.271962 -0.422958
76.500000000 -43.973251 17.913088 -0.109598 -0.401682 0.764791 0.271073 -0.424576
76.600000000 -44.122050 17.897721 -0.214446 -0.401196 0.765040 0.271237 -0.424484
76.700000000 -44.258247 17.884873 -0.321188 -0.399289 0.766325 0.272129 -0.423392
76.800000000 -44.399443 17.859336 -0.419772 -0.397456 0.767553 0.272969 -0.422350
76.900000000 -44.438082 17.877673 -0.428525 -0.395839 0.769637 0.273763 -0.419552
77.000000000 -44.601121 17.860126 -0.523541 -0.396047 0.768832 0.273323 -0.421115
77.100000000 -44.707652 17.860327 -0.574655 -0.395811 0.769216 0.273119 -0.420769
77.200000000 -44.921172 17.826385 -0.739829 -0.394878 0.768774 0.273662 -0.422098
77.300000000 -44.990297 17.825516 -0.746324 -0.394302 0.769302 0.273518 -0.421768
77.400000000 -45.180517 17.782742 -0.919958 -0.391934 0.770346 0.275036 -0.421082
77.500000000 -45.297154 17.771997 -0.990288 -0.390992 0.771202 0.275231 -0.420262
77.600000000 -45.400772 17.764077 -1.054360 -0.390346 0.772066 0.274606 -0.419685
77.700000000 -45.547752 17.743416 -1.144422 -0.390425 0.771948 0.274021 -0.420211
77.800000000 -45.745544 17.698823 -1.322466 -0.389511 0.772978 0.274372 -0.418935
77.900000000 -45.882299 17.690236 -1.408030 -0.390490 0.772100 0.273651 -0.420112
78.000000000 -45.975786 17.693664 -1.462863 -0.389421 0.773416 0.274297 -0.418258
78.100000000 -46.052239 17.692155 -1.495182 -0.389282 0.773535 0.274099 -0.418298
78.200000000 -46.179212 17.671867 -1.560382 -0.389252 0.773376 0.273355 -0.419106
78.300000000 -46.261447 17.665444 -1.596757 -0.387634 0.774942 0.273853 -0.417385
78.400000000 -46.477348 17.628379 -1.752105 -0.388037 0.773354 0.273398 -0.420242
78.500000000 -46.606587 17.635188 -1.787910 -0.390367 0.771376 0.271630 -0.422859
78.600000000 -46.737078 17.613011 -1.889504 -0.388514 0.772530 0.272447 -0.421933
78.700000000 -46.918768 17.578396 -2.034846 -0.387468 0.772359 0.273679 -0.422410
78.800000000 -47.013229 17.559680 -2.095422 -0.385029 0.774345 0.274816 -0.420260
78.900000000 -47.156987 17.537711 -2.188043 -0.384250 0.774772 0.275133 -0.419979
79.000000000 -47.195968 17.547358 -2.178876 -0.383891 0.775551 0.274698 -0.419152
79.100000000 -47.380393 17.518539 -2.293097 -0.384231 0.774347 0.274729 -0.421043
79.200000000 -47.525886 17.510414 -2.423589 -0.384426 0.775096 0.274539 -0.419607
79.300000000 -47.653751 17.463681 -2.528301 -0.381685 0.777106 0.275554 -0.417724
79.400000000 -47.777212 17.460252 -2.572606 -0.381774 0.776805 0.275275 -0.418385
79.500000000 -47.822509 17.462792 -2.573353 -0.382215 0.777189 0.273775 -0.418253
79.600000000 -48.001396 17.435479 -2.682661 -0.382205 0.776529 0.273464 -0.419689
79.700000000 -48.111696 17.405468 -2.769647 -0.380286 0.778033 0.274126 -0.418212
79.800000000 -48.227935 17.400106 -2.834098 -0.380673 0.777594 0.273785 -0.418901
79.900000000 -48.385381 17.382032 -2.932599 -0.379014 0.778150 0.275443 -0.418285
80.000000000 -48.461975 17.383353 -2.982202 -0.378432 0.779614 0.275296 -0.416178
80.100000000 -48.538523 17.362829 -3.019078 -0.377328 0.781091 0.274816 -0.414725
80.200000000 -48.713855 17.338705 -3.123035 -0.377956 0.779549 0.274921 -0.416979
80.300000000 -48.765469 17.340950 -3.118617 -0.378405 0.779565 0.273321 -0.417593
80.400000000 -48.926582 17.302536 -3.249722 -0.376006 0.781377 0.274332 -0.415705
80.500000000 -49.074032 17.280604 -3.344487 -0.376698 0.780448 0.273755 -0.417201
80.600000000 -49.144534 17.267287 -3.358012 -0.375873 0.781365 0.273554 -0.416361
80.700000000 -49.253827 17.277071 -3.390473 -0.378421 0.779790 0.271491 -0.418352
80.800000000 -49.318747 17.297345 -3.391657 -0.379041 0.779056 0.270932 -0.419519
80.900000000 -49.509258 17.228119 -3.568537 -0.375147 0.782316 0.272959 -0.415619
81.000000000 -49.632553 17.206440 -3.638817 -0.375003 0.782710 0.272174 -0.415522
81.100000000 -49.689111 17.208559 -3.651093 -0.373945 0.784560 0.271719 -0.413278
81.200000000 -49.823577 17.212729 -3.714705 -0.376754 0.782457 0.270146 -0.415739
81.300000000 -49.942585 17.172629 -3.807085 -0.374677 0.783658 0.270871 -0.414881
81.400000000 -50.108931 17.133781 -3.943076 -0.373631 0.784230 0.271709 -0.414195
81.500000000 -50.193359 17.147551 -3.948183 -0.375271 0.782966 0.270424 -0.415941
81.600000000 -50.252730 17.135589 -3.982191 -0.374340 0.785313 0.269372 -0.413027
81.700000000 -50.361083 17.126680 -4.033237 -0.373539 0.785426 0.269788 -0.413267
81.800000000 -50.414774 17.139182 -4.033167 -0.374105 0.785014 0.269355 -0.413819
81.900000000 -50.502031 17.141737 -4.057140 -0.374082 0.784726 0.269367 -0.414378
82.000000000 -50.682621 17.107176 -4.205310 -0.372438 0.785024 0.270881 -0.414308
82.100000000 -50.811393 17.052761 -4.327341 -0.369940 0.787228 0.271627 -0.411868
82.200000000 -50.920634 17.064430 -4.366774 -0.373254 0.786527 0.268762 -0.412096
82.300000000 -50.994738 17.058286 -4.397628 -0.372829 0.787302 0.268509 -0.411164
82.400000000 -51.142396 17.030695 -4.510912 -0.377656 0.785328 0.264319 -0.413245
82.500000000 -51.304248 16.981113 -4.634757 -0.375849 0.786122 0.264836 -0.413050
82.600000000 -51.383910 16.977792 -4.671045 -0.375191 0.787516 0.264361 -0.411296
82.700000000 -51.542696 16.921583 -4.773271 -0.380615 0.785479 0.257411 -0.414601
82.800000000 -51.610627 16.904270 -4.819398 -0.377310 0.788165 0.258994 -0.411529
82.900000000 -51.743471 16.878291 -4.911102 -0.376989 0.787397 0.259665 -0.412868
83.000000000 -51.861344 16.868977 -4.975823 -0.376310 0.788120 0.259830 -0.412002
83.100000000 -51.994061 16.827761 -5.106212 -0.375257 0.789162 0.260346 -0.410640
83.200000000 -52.078882 16.826189 -5.131226 -0.378019 0.789555 0.256111 -0.410015
83.300000000 -52.172128 16.798416 -5.208211 -0.376103 0.790943 0.256947 -0.408576
83.400000000 -52.265174 16.801579 -5.233025 -0.372866 0.792236 0.259276 -0.407565
83.500000000 -52.424230 16.760442 -5.379669 -0.372435 0.791951 0.259765 -0.408202
83.600000000 -52.533892 16.729970 -5.456262 -0.369471 0.793874 0.261347 -0.406144
83.700000000 -52.778743 16.732094 -5.565046 -0.366448 0.795035 0.263634 -0.405132
83.800000000 -52.900117 16.724479 -5.638299 -0.362709 0.797682 0.265761 -0.401891
83.900000000 -52.877023 16.651611 -5.707351 -0.368364 0.799583 0.257053 -0.398621
84.000000000 -52.926321 16.661163 -5.717962 -0.363099 0.801956 0.260748 -0.396278
84.100000000 -53.098450 16.629956 -5.832491 -0.360318 0.803279 0.262631 -0.394890
84.200000000 -53.218568 16.616515 -5.920617 -0.358802 0.804243 0.263403 -0.393794
84.300000000 -53.268090 16.602333 -6.001738 -0.367020 0.802100 0.257067 -0.394777
84.400000000 -53.392636 16.572245 -6.096551 -0.362558 0.806228 0.258307 -0.389647
84.500000000 -53.499802 16.546052 -6.161643 -0.356795 0.810065 0.261633 -0.384760
84.600000000 -53.623088 16.525448 -6.262979 -0.354712 0.811168 0.262896 -0.383499
84.700000000 -53.730190 16.510308 -6.333317 -0.350029 0.813372 0.265205 -0.381538
84.800000000 -53.899962 16.484033 -6.458737 -0.350549 0.813510 0.264028 -0.381585
84.900000000 -53.955764 16.445471 -6.534467 -0.349378 0.817060 0.262465 -0.376113
85.000000000 -54.018275 16.454935 -6.609646 -0.349234 0.818667 0.263684 -0.371874
85.100000000 -54.136998 16.406842 -6.728051 -0.347703 0.819900 0.262891 -0.371152
85.200000000 -54.230756 16.394311 -6.805345 -0.348437 0.818806 0.261993 -0.373508
85.300000000 -54.337269 16.366813 -6.896513 -0.344938 0.820800 0.263491 -0.371319
85.400000000 -54.510190 16.375860 -6.979621 -0.345236 0.821041 0.263009 -0.370851
85.500000000 -54.584294 16.333103 -7.141479 -0.353102 0.820950 0.257072 -0.367796
85.600000000 -54.779796 16.346020 -7.239157 -0.352903 0.820164 0.257950 -0.369124
85.700000000 -54.968998 16.384313 -7.302810 -0.348721 0.821811 0.261228 -0.367124
85.800000000 -54.948885 16.324096 -7.430308 -0.356493 0.818088 0.257638 -0.370496
85.900000000 -55.085926 16.315110 -7.570612 -0.364866 0.814315 0.251460 -0.374876
86.000000000 -55.218862 16.301897 -7.656290 -0.371427 0.810167 0.245885 -0.381066
86.100000000 -55.300476 16.320574 -7.720652 -0.364164 0.816810 0.251608 -0.369998
86.200000000 -55.413216 16.312947 -7.797364 -0.364689 0.816059 0.251744 -0.371045
86.300000000 -55.470785 16.282444 -7.926137 -0.374540 0.809005 0.245068 -0.381014
86.400000000 -55.707474 16.260241 -8.080869 -0.387606 0.800769 0.234589 -0.391789
86.500000000 -55.751336 16.271280 -8.153056 -0.380276 0.807881 0.240919 -0.380363
86.600000000 -55.908173 16.276111 -8.234463 -0.384200 0.803763 0.239192 -0.386189
86.700000000 -56.179878 16.195556 -8.410683 -0.403082 0.788908 0.226379 -0.404847
86.800000000 -56.205349 16.243902 -8.452491 -0.399982 0.793269 0.229298 -0.397694
86.900000000 -56.442490 16.176623 -8.645551 -0.411218 0.784809 0.221465 -0.407341
87.000000000 -56.633451 16.120492 -8.787387 -0.418106 0.778510 0.215947 -0.415304
87.100000000 -56.831393 16.100066 -8.912838 -0.423977 0.773904 0.212022 -0.419956
87.200000000 -56.979672 16.071115 -9.045840 -0.429057 0.770412 0.208038 -0.423196
87.300000000 -57.079292 16.054575 -9.152524 -0.431339 0.768500 0.207027 -0.424845
87.400000000 -57.219741 16.026506 -9.298996 -0.432374 0.768348 0.206103 -0.424518
87.500000000 -57.258136 16.008332 -9.366277 -0.433051 0.768502 0.205484 -0.423849
87.600000000 -57.384951 15.996397 -9.480023 -0.435851 0.766318 0.203782 -0.425750
87.700000000 -57.466478 15.981176 -9.569920 -0.437128 0.765574 0.202644 -0.426322
87.800000000 -57.583260 15.957341 -9.699424 -0.438151 0.764780 0.202277 -0.426872
87.900000000 -57.623868 15.927464 -9.813317 -0.441466 0.763373 0.199916 -0.427086
88.000000000 -57.684173 15.862317 -9.994580 -0.451790 0.756141 0.190969 -0.433206
88.100000000 -57.684830 15.800324 -10.155190 -0.463226 0.748066 0.181057 -0.439359
88.200000000 -57.711049 15.666290 -10.411735 -0.481161 0.733553 0.161516 -0.451992
88.300000000 -57.833319 15.538466 -10.603230 -0.498798 0.719756 0.137218 -0.462951
88.400000000 -57.989465 15.592172 -10.730914 -0.495590 0.723186 0.141544 -0.459737
88.500000000 -58.138300 15.641552 -10.858769 -0.492484 0.726773 0.149973 -0.454718
88.600000000 -58.228120 15.656254 -10.997837 -0.489795 0.731104 0.154591 -0.449098
88.700000000 -58.302864 15.670718 -11.062355 -0.489198 0.731831 0.156524 -0.447893
88.800000000 -58.436259 15.692200 -11.180378 -0.486689 0.734816 0.159356 -0.444730
88.900000000 -58.571112 15.671438 -11.359412 -0.492637 0.729605 0.153903 -0.448664
89.000000000 -58.652250 15.736578 -11.413979 -0.488683 0.735526 0.159564 -0.441281
89.100000000 -58.700956 15.754758 -11.489415 -0.484718 0.741923 0.162340 -0.433871
89.200000000 -58.760583 15.742488 -11.592243 -0.486278 0.740359 0.162284 -0.434817
89.300000000 -58.848554 15.723915 -11.731873 -0.494706 0.733474 0.153918 -0.439990
89.400000000 -58.992027 15.758184 -11.884714 -0.492480 0.736860 0.157117 -0.435679
89.500000000 -59.088612 15.790928 -11.952825 -0.490652 0.739505 0.158754 -0.432654
89.600000000 -59.139198 15.783210 -12.018467 -0.490040 0.740408 0.159839 -0.431404
89.700000000 -59.262742 15.820508 -12.166889 -0.485177 0.747326 0.163571 -0.423499
89.800000000 -59.268155 15.799365 -12.237491 -0.492719 0.742125 0.155145 -0.427093
89.900000000 -59.264965 15.791079 -12.254216 -0.490356 0.743406 0.157721 -0.426640
90.000000000 -59.051061 15.647750 -12.306192 -0.511579 0.727893 0.128402 -0.438146
90.100000000 -58.470316 15.697971 -11.662174 -0.533127 0.741154 0.062881 -0.403127
90.200000000 -57.701881 16.354022 -10.048950 -0.534923 0.793087 0.008332 -0.291205
90.300000000 -57.769660 16.002392 -10.132783 -0.527927 0.747461 0.053593 -0.399655
90.400000000 -57.082017 16.610713 -8.602976 -0.517833 0.795365 -0.048951 -0.311204
90.500000000 -57.941246 16.069530 -10.291366 -0.525655 0.751423 0.057099 -0.394702
90.600000000 -57.170153 16.587753 -8.610311 -0.526562 0.800517 -0.023863 -0.285194
90.700000000 -58.246894 16.039534 -10.560753 -0.528560 0.746666 0.055116 -0.400096
90.800000000 -57.348482 16.634575 -8.765186 -0.522413 0.807215 -0.015981 -0.274285
90.900000000 -58.059454 16.100352 -10.272617 -0.518580 0.762321 0.066096 -0.381540
91.000000000 -58.596634 16.020064 -10.974446 -0.529629 0.746847 0.055406 -0.398300
91.100000000 -57.512799 16.507893 -9.089371 -0.527813 0.798943 -0.019692 -0.287604
91.200000000 -58.611511 16.043633 -10.939852 -0.531670 0.744483 0.054400 -0.400140
91.300000000 -57.416504 16.593256 -8.900662 -0.521966 0.808139 -0.016191 -0.272396
91.400000000 -58.412486 16.116855 -10.849128 -0.520188 0.763978 0.066709 -0.375888
91.500000000 -58.886564 16.055113 -11.375534 -0.527481 0.751780 0.061747 -0.390867
91.600000000 -57.765948 16.391474 -9.519018 -0.531256 0.793263 -0.022232 -0.296661
91.700000000 -57.891984 16.409695 -9.785778 -0.511635 0.776085 0.073128 -0.361351
91.800000000 -58.103272 16.433352 -9.872058 -0.514759 0.771359 0.070673 -0.367470
91.900000000 -57.983700 16.398361 -9.737242 -0.520564 0.773054 0.050212 -0.358997
92.000000000 -57.846915 16.401363 -9.756323 -0.516019 0.780698 0.055528 -0.348068
92.100000000 -57.839495 16.344759 -9.850557 -0.520426 0.774432 0.051560 -0.356024
92.200000000 -57.749202 16.747091 -9.032606 -0.517872 0.797147 0.033778 -0.308584
92.300000000 -57.756922 16.771146 -9.010608 -0.516598 0.799045 0.035290 -0.305627
92.400000000 -58.571447 16.369074 -10.466995 -0.515543 0.773280 0.070013 -0.362425
92.500000000 -58.338838 16.409102 -10.303683 -0.510653 0.781323 0.074852 -0.350949
92.600000000 -58.086417 16.722713 -9.317165 -0.519738 0.793055 0.034265 -0.315851
92.700000000 -58.092961 16.729949 -9.333263 -0.518950 0.794406 0.035138 -0.313648
92.800000000 -58.120550 16.741229 -9.308733 -0.520197 0.792916 0.033457 -0.315532
92.900000000 -58.254742 16.729740 -9.405519 -0.523445 0.789119 0.028600 -0.320122
93.000000000 -57.930565 16.427379 -9.781018 -0.515576 0.779807 0.060877 -0.349824
93.100000000 -58.295615 16.770218 -9.325576 -0.524007 0.787796 0.028899 -0.322426
93.200000000 -58.324582 16.768188 -9.391593 -0.522647 0.790305 0.030333 -0.318336
93.300000000 -58.350822 16.644308 -9.718938 -0.524560 0.789602 0.027051 -0.317229
93.400000000 -58.429363 16.668106 -9.687016 -0.525852 0.787279 0.026003 -0.320929
93.500000000 -58.539574 16.661061 -9.818282 -0.526577 0.786140 0.026313 -0.322502
93.600000000 -58.651477 16.634085 -9.921050 -0.528466 0.782819 0.024030 -0.327628
93.700000000 -58.613371 16.680726 -9.772665 -0.528302 0.783508 0.024157 -0.326234
93.800000000 -58.649343 16.686168 -9.815545 -0.527786 0.784349 0.025311 -0.324958
93.900000000 -58.724528 16.636520 -9.998753 -0.527131 0.785865 0.025921 -0.322300
94.000000000 -58.800112 16.627601 -10.196372 -0.527717 0.786116 0.027979 -0.320551
94.100000000 -58.952358 16.615101 -10.376350 -0.529777 0.783377 0.027431 -0.323889
94.200000000 -59.053722 16.589045 -10.452155 -0.533000 0.778247 0.023823 -0.331173
94.300000000 -59.114704 16.576885 -10.504671 -0.533561 0.777451 0.023558 -0.332157
94.400000000 -59.306155 16.548030 -10.800916 -0.533383 0.777864 0.025750 -0.331312
94.500000000 -59.363057 16.559078 -10.903792 -0.532330 0.780477 0.028575 -0.326593
94.600000000 -59.465699 16.494433 -11.097056 -0.534796 0.776510 0.025483 -0.332230
94.700000000 -59.603224 16.453287 -11.342432 -0.539255 0.770622 0.023211 -0.338833
94.800000000 -59.636498 16.540667 -11.225923 -0.535731 0.775680 0.029356 -0.332341
94.900000000 -59.745436 16.477706 -11.505030 -0.538175 0.773036 0.026187 -0.334810
95.000000000 -59.881657 16.491297 -11.639324 -0.539032 0.771995 0.027250 -0.335746
95.100000000 -60.027203 16.441379 -11.870861 -0.542019 0.767589 0.024491 -0.341208
95.200000000 -60.194520 16.558819 -11.300864 -0.523903 0.764637 0.066362 -0.369394
95.300000000 -60.139096 16.469002 -11.804931 -0.543680 0.764463 0.023676 -0.345613
95.400000000 -60.366165 16.568190 -11.520855 -0.523175 0.766513 0.069216 -0.365999
95.500000000 -60.365334 16.654566 -11.472760 -0.544294 0.763242 0.022537 -0.347416
95.600000000 -59.896455 16.901932 -10.259921 -0.504664 0.780723 0.086947 -0.358087
95.700000000 -60.307608 16.699736 -11.214773 -0.543195 0.764379 0.023683 -0.346559
95.800000000 -60.204917 16.829529 -10.440962 -0.509099 0.776146 0.084178 -0.362395
95.900000000 -60.242901 16.728659 -11.057164 -0.539242 0.770866 0.026301 -0.338071
96.000000000 -60.482319 16.841217 -10.771221 -0.517688 0.770153 0.077641 -0.364465
96.100000000 -60.678590 16.792769 -11.109240 -0.525122 0.763297 0.070229 -0.369719
96.200000000 -60.575124 16.855601 -10.975681 -0.514851 0.774133 0.084319 -0.358520
96.300000000 -60.673314 16.693998 -11.675792 -0.542316 0.766909 0.027524 -0.342033
96.400000000 -60.869592 16.790708 -11.349926 -0.515913 0.773494 0.081481 -0.359028
96.500000000 -60.920335 16.842479 -11.450627 -0.516961 0.773533 0.084922 -0.356632
96.600000000 -60.954777 16.681583 -12.180027 -0.538851 0.772035 0.034222 -0.335306
96.700000000 -61.185846 16.861342 -11.915963 -0.515281 0.777413 0.090971 -0.349054
96.800000000 -61.203380 16.870937 -11.876888 -0.515740 0.777994 0.087086 -0.348072
96.900000000 -61.404518 16.647552 -12.678939 -0.529076 0.770663 0.062471 -0.349649
97.000000000 -61.700662 16.555536 -13.075766 -0.528792 0.766141 0.066976 -0.359057
97.100000000 -61.524353 16.839620 -12.357571 -0.515896 0.776401 0.087291 -0.351332
97.200000000 -61.363622 16.627794 -12.323884 -0.534507 0.765472 0.022144 -0.357582
97.300000000 -61.753775 16.833262 -12.690131 -0.516395 0.775605 0.086989 -0.352429
97.400000000 -62.054351 16.562818 -13.643902 -0.519292 0.777466 0.078736 -0.345952
97.500000000 -62.069761 16.603294 -13.628285 -0.516733 0.781359 0.082448 -0.340099
97.600000000 -62.134463 16.601797 -13.625160 -0.517272 0.779438 0.081559 -0.343882
97.700000000 -61.735790 16.668625 -12.910324 -0.531120 0.774704 0.036322 -0.341212
97.800000000 -62.253988 16.705760 -13.434518 -0.518318 0.775620 0.082645 -0.350614
97.900000000 -62.291021 16.710464 -13.447888 -0.517756 0.777647 0.080676 -0.347397
98.000000000 -62.340800 16.600660 -13.781674 -0.515945 0.783188 0.077605 -0.338224
98.100000000 -62.194146 16.533142 -13.409214 -0.528190 0.771847 0.031367 -0.352538
98.200000000 -62.221563 16.628828 -13.218144 -0.529733 0.770493 0.032838 -0.353053
98.300000000 -62.576121 16.663835 -13.636975 -0.515717 0.776777 0.075856 -0.353410
98.400000000 -62.369725 16.624303 -13.548918 -0.525179 0.779479 0.045861 -0.338373
98.500000000 -62.433091 16.692261 -13.630569 -0.519648 0.786152 0.062911 -0.328592
98.600000000 -62.511259 16.713566 -13.659065 -0.519930 0.786028 0.063388 -0.328352
98.700000000 -62.598473 16.696537 -13.743773 -0.519496 0.785624 0.064599 -0.329767
98.800000000 -62.694262 16.648617 -13.865796 -0.517673 0.784919 0.062701 -0.334643
98.900000000 -62.725626 16.610456 -13.965290 -0.520047 0.785578 0.051911 -0.331245
99.000000000 -62.824301 16.637230 -14.089317 -0.514853 0.789978 0.068886 -0.325754
99.100000000 -62.818826 16.643284 -14.104716 -0.515967 0.792500 0.062117 -0.319160
99.200000000 -62.900577 16.657507 -14.111488 -0.515775 0.791899 0.061273 -0.321119
99.300000000 -63.093885 16.559139 -14.225642 -0.515264 0.784452 0.053913 -0.340928
99.400000000 -63.173373 16.553353 -14.340304 -0.512885 0.786853 0.059938 -0.337962
99.500000000 -63.158228 16.580618 -14.413551 -0.512037 0.792805 0.062937 -0.324525
99.600000000 -63.202102 16.578118 -14.523061 -0.509069 0.796630 0.067123 -0.318942
99.700000000 -63.249784 16.596731 -14.537122 -0.507947 0.797836 0.069002 -0.317310
99.800000000 -63.274811 16.658144 -14.421048 -0.508152 0.798045 0.069123 -0.316430
99.900000000 -63.370529 16.649183 -14.452857 -0.507035 0.795962 0.068338 -0.323559
100.000000000 -63.472397 16.605858 -14.702202 -0.504853 0.799613 0.072389 -0.317021
100.100000000 -63.507778 16.640307 -14.695215 -0.503001 0.801519 0.075834 -0.314333
100.200000000 -63.615335 16.585420 -14.894333 -0.502628 0.802081 0.075789 -0.313509
100.300000000 -63.708037 16.523003 -15.072929 -0.502121 0.802458 0.072923 -0.314035
100.400000000 -63.770260 16.511339 -15.186317 -0.500603 0.804427 0.074989 -0.310918
100.500000000 -63.821440 16.556349 -15.152781 -0.499996 0.804625 0.077046 -0.310881
100.600000000 -63.895710 16.536747 -15.232425 -0.499413 0.804883 0.076394 -0.311312
100.700000000 -63.985857 16.499730 -15.367629 -0.499448 0.805179 0.075906 -0.310606
100.800000000 -64.032242 16.505596 -15.420244 -0.497694 0.807055 0.078002 -0.308024
100.900000000 -64.100022 16.473533 -15.544761 -0.496900 0.808455 0.077741 -0.305692
101.000000000 -64.181604 16.422622 -15.715145 -0.495881 0.810300 0.077738 -0.302446
101.100000000 -64.275915 16.360009 -15.898446 -0.495138 0.811543 0.077910 -0.300276
101.200000000 -64.327534 16.342763 -15.974604 -0.492509 0.814126 0.080536 -0.296896
101.300000000 -64.384905 16.367568 -15.986511 -0.491828 0.814222 0.082496 -0.297223
101.400000000 -64.448092 16.340045 -16.079798 -0.490061 0.816036 0.084134 -0.294699
101.500000000 -64.490575 16.341818 -16.121114 -0.488556 0.817558 0.085878 -0.292466
101.600000000 -64.549418 16.351120 -16.151494 -0.487692 0.817943 0.087421 -0.292375
101.700000000 -64.473373 16.584892 -15.658508 -0.491076 0.814152 0.084694 -0.298042
101.800000000 -64.217785 16.727645 -14.953516 -0.508891 0.805205 0.038077 -0.302036
101.900000000 -63.882624 17.057444 -14.041144 -0.520225 0.803317 0.009476 -0.289753
102.000000000 -63.769235 17.254810 -13.471842 -0.521868 0.800643 0.009069 -0.294180
102.100000000 -63.235232 17.694172 -12.381716 -0.539494 0.811951 -0.058313 -0.215134
102.200000000 -63.226651 17.776023 -12.218692 -0.538013 0.815172 -0.054148 -0.207618
102.300000000 -63.358939 17.710704 -12.453875 -0.539693 0.811878 -0.056869 -0.215294
102.400000000 -63.428883 17.696183 -12.580696 -0.539245 0.812578 -0.054820 -0.214306
102.500000000 -63.528953 17.643735 -12.762064 -0.539750 0.811190 -0.056037 -0.217948
102.600000000 -63.584265 17.652978 -12.844095 -0.538831 0.812672 -0.053355 -0.215359
102.700000000 -63.663183 17.609342 -12.986907 -0.539335 0.811321 -0.055436 -0.218638
102.800000000 -63.798254 17.553157 -13.203791 -0.540137 0.809225 -0.057228 -0.223901
102.900000000 -63.851101 17.573858 -13.209502 -0.539909 0.809377 -0.058159 -0.223662
103.000000000 -63.968975 17.531943 -13.391890 -0.539564 0.809509 -0.057829 -0.224102
103.100000000 -64.038412 17.505837 -13.506864 -0.539161 0.809937 -0.057894 -0.223507
103.200000000 -64.119790 17.496554 -13.604604 -0.538344 0.810776 -0.056375 -0.222822
103.300000000 -64.266118 17.407477 -13.865092 -0.537946 0.810578 -0.054530 -0.224955
103.400000000 -64.325754 17.405968 -13.908424 -0.538160 0.810200 -0.056247 -0.225379
103.500000000 -64.357154 17.424033 -13.923699 -0.537057 0.812200 -0.055125 -0.221047
103.600000000 -64.452854 17.362297 -14.122520 -0.536011 0.813457 -0.052389 -0.219625
103.700000000 -64.528707 17.359484 -14.168840 -0.536227 0.813003 -0.053836 -0.220430
103.800000000 -64.615246 17.307450 -14.324117 -0.535344 0.814130 -0.052601 -0.218704
103.900000000 -64.666024 17.241505 -14.451177 -0.535853 0.813739 -0.055403 -0.218224
104.000000000 -64.696000 17.244521 -14.492431 -0.533755 0.816698 -0.050410 -0.213467
104.100000000 -64.670683 17.159319 -14.608892 -0.534202 0.815962 -0.052454 -0.214669
104.200000000 -64.766999 17.098211 -14.783484 -0.533318 0.817211 -0.050645 -0.212539
104.300000000 -64.636125 17.077903 -14.752199 -0.533062 0.818574 -0.050420 -0.207942
104.400000000 -64.684844 17.028603 -14.865303 -0.533328 0.817961 -0.050688 -0.209598
104.500000000 -64.785558 16.921277 -15.099631 -0.533503 0.816665 -0.050938 -0.214097
104.600000000 -64.719884 16.884539 -15.119741 -0.535130 0.815409 -0.056587 -0.213406
104.700000000 -64.549702 16.836825 -15.121025 -0.533542 0.817812 -0.053706 -0.208886
104.800000000 -64.718440 16.758889 -15.324889 -0.535894 0.813959 -0.059273 -0.216273
104.900000000 -64.845046 16.718931 -15.450750 -0.535654 0.814458 -0.060940 -0.214519
105.000000000 -64.945316 16.698033 -15.547875 -0.535250 0.814823 -0.058748 -0.214753
105.100000000 -64.736837 16.529634 -15.635463 -0.539345 0.811332 -0.062356 -0.216699
105.200000000 -64.784198 16.478831 -15.744085 -0.546853 0.805536 -0.066938 -0.218133
105.300000000 -64.912384 16.435162 -15.877571 -0.549366 0.804093 -0.065512 -0.217577
105.400000000 -64.919867 16.284069 -16.023857 -0.551268 0.799692 -0.071350 -0.226950
105.500000000 -64.644685 16.257703 -15.990297 -0.550178 0.805154 -0.061939 -0.212592
105.600000000 -64.830607 16.165840 -16.205489 -0.552579 0.800930 -0.069788 -0.219766
105.700000000 -64.800169 16.105387 -16.261485 -0.553682 0.799141 -0.074665 -0.221888
105.800000000 -63.781894 15.796447 -16.224882 -0.548701 0.804592 -0.059655 -0.219091
105.900000000 -63.697734 15.765565 -16.223538 -0.548628 0.805085 -0.060675 -0.217171
106.000000000 -63.826152 15.685857 -16.409342 -0.549377 0.802715 -0.062038 -0.223571
106.100000000 -63.924678 15.617272 -16.561839 -0.549375 0.802481 -0.063231 -0.224083
106.200000000 -63.882260 15.602989 -16.565780 -0.549773 0.802780 -0.064670 -0.221612
106.300000000 -63.907907 15.557437 -16.649686 -0.549943 0.802878 -0.065643 -0.220547
106.400000000 -64.271142 15.498111 -16.939595 -0.548261 0.803138 -0.061441 -0.224953
106.500000000 -64.260676 15.454931 -16.988843 -0.548594 0.802655 -0.064060 -0.225136
106.600000000 -64.198789 15.292610 -17.113057 -0.551257 0.794547 -0.075648 -0.243080
106.700000000 -64.731638 15.440500 -17.259330 -0.543280 0.806633 -0.060802 -0.224706
106.800000000 -64.563998 15.397871 -17.261987 -0.544411 0.806834 -0.060323 -0.221355
106.900000000 -64.611590 15.409804 -17.273998 -0.545854 0.805619 -0.064656 -0.221001
107.000000000 -64.750082 15.473534 -17.317743 -0.540565 0.814571 -0.053458 -0.203485
107.100000000 -64.976212 15.380267 -17.566032 -0.543888 0.807672 -0.060268 -0.219590
107.200000000 -65.162135 15.624763 -17.258312 -0.530293 0.827568 -0.046330 -0.178252
107.300000000 -65.207194 15.438656 -17.617000 -0.534251 0.819294 -0.050413 -0.201968
107.400000000 -65.089153 15.430944 -17.627273 -0.536123 0.817940 -0.053024 -0.201828
107.500000000 -65.178707 15.380963 -17.772562 -0.539114 0.813060 -0.056092 -0.212471
107.600000000 -66.582730 14.978303 -19.219384 -0.523255 0.814757 -0.020611 -0.248900
107.700000000 -66.515952 15.180501 -19.176970 -0.528392 0.815426 -0.013765 -0.235994
107.800000000 -66.591670 15.188263 -19.110667 -0.516697 0.827965 -0.008687 -0.217769
107.900000000 -66.577115 15.235992 -19.042575 -0.514320 0.831142 -0.008652 -0.211192
108.000000000 -66.630192 15.251343 -19.042672 -0.511522 0.834192 -0.006773 -0.205970
108.100000000 -66.623901 15.201670 -19.105165 -0.517198 0.826527 -0.016840 -0.221529
108.200000000 -66.661485 15.091524 -19.313971 -0.519206 0.822657 -0.020082 -0.230775
108.300000000 -66.801243 15.053605 -19.538933 -0.524566 0.815498 -0.024130 -0.243332
108.400000000 -66.892133 14.983402 -19.818476 -0.532117 0.805527 -0.029232 -0.259081
108.500000000 -67.026321 14.895453 -19.844873 -0.529708 0.804322 -0.034971 -0.266930
108.600000000 -67.036494 14.747423 -20.045141 -0.534059 0.795798 -0.042095 -0.282336
108.700000000 -67.126307 14.801867 -20.034195 -0.533123 0.797445 -0.039614 -0.279807
108.800000000 -67.266063 14.747784 -20.202581 -0.538069 0.788069 -0.046173 -0.295459
108.900000000 -67.469642 14.499096 -20.598089 -0.553127 0.756689 -0.069360 -0.341558
109.000000000 -67.324333 14.723117 -20.523093 -0.521859 0.658293 -0.226758 -0.492844
109.100000000 -67.316307 14.572573 -20.562593 0.522696 -0.644184 0.232865 0.507533
109.200000000 -67.218329 14.605379 -20.572331 0.524200 -0.639485 0.237596 0.509727
109.300000000 -67.585102 14.098657 -20.941006 0.516525 -0.645322 0.223636 0.516477
109.400000000 -69.305587 12.510687 -21.839383 0.478252 -0.647361 0.166676 0.569577
109.500000000 -69.375370 12.490220 -21.874298 0.478224 -0.645030 0.167024 0.572137
109.600000000 -69.312642 12.563415 -21.801036 0.477715 -0.646972 0.169331 0.569686
109.700000000 -67.508700 14.229967 -20.926801 0.522054 -0.624646 0.236711 0.530326
109.800000000 -67.199403 14.867446 -20.219517 -0.481757 0.733205 -0.170259 -0.448701
109.900000000 -67.216796 14.882605 -20.273831 -0.483751 0.727637 -0.172922 -0.454563
110.000000000 -67.103768 14.833545 -20.611293 -0.486731 0.722097 -0.166580 -0.462515
110.100000000 -67.319345 13.861292 -21.234905 0.546954 -0.551317 0.193815 0.599438
110.200000000 -66.558235 13.132733 -21.819946 0.542633 -0.551994 0.189955 0.603961
110.300000000 -66.735112 13.005156 -21.884496 0.471254 -0.683800 0.066379 0.553110
110.400000000 -66.754510 13.030434 -21.881329 0.472004 -0.682113 0.067034 0.554473
110.500000000 -66.861643 12.993260 -21.903522 0.474758 -0.672198 0.069592 0.563837
110.600000000 -66.842345 13.099501 -21.879603 0.472947 -0.679559 0.066954 0.556811
110.700000000 -66.849431 13.087542 -21.874659 0.474751 -0.674769 0.069552 0.560769
110.800000000 -66.855116 13.118605 -21.858074 0.474724 -0.674386 0.070483 0.561136
110.900000000 -66.878934 13.240998 -21.785307 0.470976 -0.682247 0.068045 0.555059
111.000000000 -66.904444 13.328887 -21.761797 0.470498 -0.684712 0.066898 0.552562
111.100000000 -66.941159 13.383556 -21.726910 0.470864 -0.683418 0.068133 0.553701
111.200000000 -66.983371 13.457974 -21.697687 0.471737 -0.681711 0.069281 0.554919
111.300000000 -67.040977 13.495971 -21.706455 0.472464 -0.678813 0.069903 0.557767
111.400000000 -67.021811 13.600598 -21.650780 0.470649 -0.684549 0.068803 0.552403
111.500000000 -67.077015 13.662927 -21.621296 0.470231 -0.683654 0.069485 0.553780
111.600000000 -67.149426 13.703138 -21.583746 0.470063 -0.681470 0.070596 0.556466
111.700000000 -67.172178 13.773883 -21.557319 0.469295 -0.682717 0.071150 0.555515
111.800000000 -67.225594 13.836259 -21.524944 0.469505 -0.681916 0.071293 0.556303
111.900000000 -67.293281 13.873543 -21.510781 0.469415 -0.680455 0.071632 0.558121
112.000000000 -67.314356 13.963751 -21.478004 0.468445 -0.682367 0.071600 0.556605
112.100000000 -67.363480 14.022743 -21.407270 0.468244 -0.681223 0.073339 0.557947
112.200000000 -67.445686 14.041300 -21.386328 0.467881 -0.678606 0.074446 0.561283
112.300000000 -67.419086 14.129500 -21.324161 0.465143 -0.685620 0.072723 0.555229
112.400000000 -67.412348 14.253149 -21.315843 0.464569 -0.691191 0.069149 0.549227
112.500000000 -67.430603 14.355724 -21.222549 0.463220 -0.692945 0.070899 0.547931
112.600000000 -67.452054 14.439893 -21.213046 0.461749 -0.696578 0.069496 0.544736
112.700000000 -67.514947 14.461074 -21.198465 0.462402 -0.693147 0.070335 0.548439
112.800000000 -67.582582 14.531594 -21.136972 0.462094 -0.692742 0.071190 0.549099
112.900000000 -67.781841 14.505819 -21.111265 0.465572 -0.677727 0.076538 0.563977
113.000000000 -67.669259 14.607951 -21.044359 0.466167 -0.680257 0.076819 0.560390
113.100000000 -67.645886 14.638811 -21.003983 0.469174 -0.670760 0.081384 0.568624
113.200000000 -67.574932 14.751595 -20.946362 0.467116 -0.677752 0.078940 0.562337
113.300000000 -67.625876 14.789961 -20.930215 0.466733 -0.677355 0.078841 0.563148
113.400000000 -67.702263 14.853800 -20.933848 0.466791 -0.676174 0.078508 0.564564
113.500000000 -67.707091 14.942721 -20.937312 0.465800 -0.678939 0.077014 0.562265
113.600000000 -67.679443 15.061942 -20.927908 0.464540 -0.684482 0.073966 0.556970
113.700000000 -67.711174 15.118475 -20.907309 0.464514 -0.685112 0.073566 0.556271
113.800000000 -67.804955 15.111541 -20.865443 0.464696 -0.681212 0.075120 0.560683
113.900000000 -67.687006 15.244509 -20.849622 0.464255 -0.688749 0.071039 0.552310
114.000000000 -67.682620 15.260947 -20.837377 0.463546 -0.687959 0.070609 0.553941
114.100000000 -67.689755 15.330011 -20.768510 0.465031 -0.683224 0.073684 0.558142
114.200000000 -67.719920 15.344898 -20.762637 0.464345 -0.682166 0.073283 0.560056
114.300000000 -67.717916 15.376231 -20.736428 0.463962 -0.680386 0.074096 0.562427
114.400000000 -67.749352 15.430440 -20.704809 0.463596 -0.680043 0.073630 0.563204
114.500000000 -67.775928 15.505169 -20.670046 0.463464 -0.680396 0.073281 0.562932
114.600000000 -67.656555 15.565359 -20.643514 0.464628 -0.681343 0.073219 0.560831
114.700000000 -67.604956 15.629671 -20.624270 0.464882 -0.682982 0.072053 0.558774
114.800000000 -67.615620 15.668708 -20.603631 0.464369 -0.682899 0.071385 0.559388
114.900000000 -67.629453 15.709516 -20.587580 0.463843 -0.683100 0.070535 0.559687
115.000000000 -67.636648 15.755736 -20.576139 0.463220 -0.684218 0.069171 0.559007
115.100000000 -67.641086 15.781138 -20.549074 0.463770 -0.682709 0.069904 0.560303
115.200000000 -67.568639 15.792771 -20.543746 0.464789 -0.683283 0.069145 0.558851
115.300000000 -67.523134 15.332172 -20.885027 0.433264 -0.504754 0.230442 0.710213
115.400000000 -67.496386 15.410359 -20.896849 0.433948 -0.504693 0.230780 0.709729
115.500000000 -67.398467 15.528291 -20.983360 0.434082 -0.514824 0.227633 0.703357
115.600000000 -67.391461 15.545096 -20.984080 0.433141 -0.515355 0.226632 0.703872
115.700000000 -67.371929 15.614073 -21.000966 0.433205 -0.516483 0.226431 0.703070
115.800000000 -67.378939 15.646082 -20.996108 0.432762 -0.514919 0.226618 0.704429
115.900000000 -67.313516 15.747910 -21.051128 0.433049 -0.521031 0.224333 0.700479
116.000000000 -66.659850 15.318378 -21.399798 0.431019 -0.521816 0.221756 0.701965
116.100000000 -66.155349 15.424869 -21.661826 0.432514 -0.534619 0.218643 0.692321
116.200000000 -65.814145 15.230540 -21.812988 0.432220 -0.526551 0.221696 0.697697
116.300000000 -65.544299 15.252107 -21.977502 0.432415 -0.535955 0.216809 0.691927
116.400000000 -65.402634 15.285835 -22.050404 0.432234 -0.537646 0.215932 0.691002
116.500000000 -65.402347 15.329215 -22.055081 0.431774 -0.537255 0.215877 0.691611
116.600000000 -65.369485 15.379721 -22.080879 0.432168 -0.538109 0.216010 0.690658
116.700000000 -65.384157 15.413439 -22.077701 0.430709 -0.537828 0.216483 0.691640
116.800000000 -65.326775 15.484353 -22.110906 0.431226 -0.540147 0.216111 0.689624
116.900000000 -65.322563 15.516413 -22.127859 0.430607 -0.541455 0.215275 0.689246
117.000000000 -65.382544 15.605433 -22.111458 0.430084 -0.542529 0.214639 0.688927
117.100000000 -65.367464 15.650930 -22.137118 0.429694 -0.545073 0.213644 0.687470
117.200000000 -65.380610 15.740348 -22.146231 0.429236 -0.547408 0.212729 0.686183
117.300000000 -65.384222 15.777367 -22.156933 0.428927 -0.546870 0.212361 0.686919
117.400000000 -65.291618 15.791383 -22.223077 0.429602 -0.547705 0.212101 0.685911
117.500000000 -65.204119 15.817689 -22.277557 0.429999 -0.548772 0.212456 0.684698
117.600000000 -65.079718 15.826649 -22.350178 0.430787 -0.548747 0.212595 0.684180
117.700000000 -65.031769 15.886176 -22.395347 0.430930 -0.551061 0.212024 0.682405
117.800000000 -65.052117 15.951756 -22.413841 0.430537 -0.551964 0.211317 0.682143
117.900000000 -65.064427 15.991423 -22.427564 0.430742 -0.550342 0.211959 0.683123
118.000000000 -65.017215 16.023990 -22.475090 0.431014 -0.550582 0.211801 0.682808
118.100000000 -64.978941 16.070980 -22.519774 0.431349 -0.550437 0.211974 0.682660
118.200000000 -64.857623 16.156925 -22.589723 0.430793 -0.554783 0.210330 0.679996
118.300000000 -64.828204 16.194848 -22.630009 0.430380 -0.552632 0.210475 0.681961
118.400000000 -64.852098 16.193095 -22.657795 0.430775 -0.551137 0.210932 0.682780
118.500000000 -64.778200 16.248128 -22.718654 0.430902 -0.552387 0.210697 0.681762
118.600000000 -64.773327 16.300921 -22.756717 0.430910 -0.553168 0.210107 0.681305
118.700000000 -64.754360 16.301461 -22.799070 0.430615 -0.551114 0.210323 0.683088
118.800000000 -64.688342 16.335639 -22.866985 0.431056 -0.553083 0.209903 0.681344
118.900000000 -64.603802 16.482424 -22.917048 0.430370 -0.556985 0.208569 0.679005
119.000000000 -64.633961 16.540014 -22.944642 0.429757 -0.556267 0.208087 0.680130
119.100000000 -64.581442 16.520089 -23.008884 0.429847 -0.554562 0.208704 0.681275
119.200000000 -64.571944 16.557362 -23.052867 0.429691 -0.553203 0.208626 0.682501
119.300000000 -65.722936 15.775341 -22.863934 0.372353 -0.554960 0.164423 0.725492
119.400000000 -65.607525 15.765654 -22.948942 0.372952 -0.554392 0.164860 0.725518
119.500000000 -65.511058 15.804581 -23.005778 0.373132 -0.554370 0.165677 0.725257
119.600000000 -65.434754 15.822110 -23.074287 0.373463 -0.553970 0.165861 0.725350
119.700000000 -65.362458 15.865356 -23.140815 0.373550 -0.555265 0.165423 0.724414
119.800000000 -65.248771 15.875516 -23.219228 0.374503 -0.554457 0.166125 0.724381
119.900000000 -65.189669 15.898564 -23.280038 0.375205 -0.552939 0.166703 0.725045
120.000000000 -65.089012 15.910376 -23.367441 0.375958 -0.554584 0.167032 0.723321
120.100000000 -65.096600 16.083431 -23.375672 0.369315 -0.559039 0.161337 0.724605
120.200000000 -65.048147 16.053157 -23.446385 0.369691 -0.558814 0.161352 0.724583
120.300000000 -64.951137 16.042193 -23.519317 0.370684 -0.558597 0.162226 0.724048
120.400000000 -64.878952 16.083420 -23.584591 0.371781 -0.558260 0.162606 0.723660
120.500000000 -64.822607 16.143184 -23.645847 0.372187 -0.559809 0.162201 0.722344
120.600000000 -64.730254 16.153818 -23.723708 0.372937 -0.560336 0.162252 0.721537
120.700000000 -64.670211 16.153631 -23.787538 0.373545 -0.560267 0.162287 0.721268
120.800000000 -64.589128 16.446852 -23.816566 0.368709 -0.567052 0.156881 0.719648
120.900000000 -64.535963 16.374074 -23.887763 0.369073 -0.566087 0.157211 0.720149
121.000000000 -64.498371 16.364390 -23.934779 0.369424 -0.565042 0.157386 0.720751
121.100000000 -64.431046 16.346641 -24.003414 0.369939 -0.564979 0.157471 0.720518
121.200000000 -64.389709 16.339144 -24.063128 0.370348 -0.564890 0.157578 0.720355
121.300000000 -64.343559 16.302701 -24.126070 0.370900 -0.564466 0.157769 0.720361
121.400000000 -64.322629 16.245119 -24.165501 0.371512 -0.560685 0.158708 0.722788
121.500000000 -64.241505 16.279208 -24.219436 0.372037 -0.560536 0.158898 0.722592
121.600000000 -64.094756 16.488063 -24.260764 0.370952 -0.564636 0.157758 0.720203
121.700000000 -63.987183 16.547461 -24.310481 0.370635 -0.567768 0.157197 0.718024
121.800000000 -63.931393 16.581498 -24.346422 0.370264 -0.566332 0.156933 0.719406
121.900000000 -63.894876 16.539691 -24.397265 0.370080 -0.566130 0.156817 0.719685
122.000000000 -63.819008 16.604299 -24.438577 0.370154 -0.566906 0.156753 0.719049
122.100000000 -63.846452 16.505249 -24.463319 0.370365 -0.562109 0.157102 0.722621
122.200000000 -63.832669 16.443552 -24.505668 0.370045 -0.561457 0.156905 0.723335
122.300000000 -63.645498 16.577044 -24.581037 0.370794 -0.567179 0.156809 0.718492
122.400000000 -63.557375 16.661578 -24.629693 0.371669 -0.566590 0.156706 0.718527
122.500000000 -63.557250 16.646642 -24.654001 0.370687 -0.564703 0.155995 0.720671
122.600000000 -63.554356 16.610511 -24.667031 0.370379 -0.561982 0.155842 0.722986
122.700000000 -63.525033 16.573422 -24.702966 0.370187 -0.561869 0.155352 0.723277
122.800000000 -63.432869 16.691059 -24.721564 0.369939 -0.562162 0.155276 0.723194
122.900000000 -63.197367 16.888530 -24.794018 0.368642 -0.574425 0.153516 0.714543
123.000000000 -63.143365 16.890764 -24.821746 0.368633 -0.573843 0.153774 0.714960
123.100000000 -63.135045 16.872987 -24.820080 0.368898 -0.569678 0.154245 0.718046
123.200000000 -63.077046 16.890891 -24.854053 0.368322 -0.572039 0.153643 0.716592
123.300000000 -63.007163 16.910803 -24.880976 0.368144 -0.572652 0.153526 0.716219
123.400000000 -62.882537 17.019006 -24.917977 0.367572 -0.578539 0.152479 0.711993
123.500000000 -62.704950 17.182355 -24.938824 0.367245 -0.582957 0.152116 0.708627
123.600000000 -62.572848 17.284888 -24.949451 0.367390 -0.584426 0.152351 0.707291
123.700000000 -62.489413 17.349093 -24.948484 0.368188 -0.582731 0.153174 0.708096
123.800000000 -62.422374 17.373493 -24.955725 0.367704 -0.584033 0.152718 0.707373
123.900000000 -62.370782 17.354660 -24.968130 0.367146 -0.585172 0.152303 0.706811
124.000000000 -62.300245 17.369267 -24.973336 0.367771 -0.584293 0.152981 0.707066
124.100000000 -62.283404 17.446119 -24.891783 0.368031 -0.576052 0.153958 0.713452
124.200000000 -62.153569 17.565016 -24.902849 0.366365 -0.582876 0.152334 0.709103
124.300000000 -62.042748 17.659877 -24.905985 0.364365 -0.588816 0.150477 0.705614
124.400000000 -61.867022 17.817720 -24.905506 0.364308 -0.594975 0.150369 0.700481
124.500000000 -61.710757 17.959176 -24.892476 0.364426 -0.599309 0.150480 0.696691
124.600000000 -61.572290 18.041832 -24.881149 0.365413 -0.602511 0.151281 0.693230
124.700000000 -61.499125 18.067514 -24.859335 0.365513 -0.602519 0.151346 0.693156
124.800000000 -61.389366 18.158979 -24.822874 0.365148 -0.604757 0.151119 0.691447
124.900000000 -61.284340 18.247852 -24.774724 0.363965 -0.606162 0.150633 0.690947
125.000000000 -61.127465 18.372711 -24.733585 0.363587 -0.610050 0.150860 0.687666
125.100000000 -60.995628 18.523236 -24.668621 0.363827 -0.611117 0.151398 0.686473
125.200000000 -60.904135 18.583922 -24.616092 0.363665 -0.612130 0.151575 0.685616
125.300000000 -60.839507 18.569138 -24.576783 0.363469 -0.612867 0.151454 0.685088
125.400000000 -60.763843 18.628573 -24.525097 0.363513 -0.614420 0.151509 0.683660
125.500000000 -60.787468 18.515685 -24.480915 0.360543 -0.613738 0.149383 0.686308
125.600000000 -60.618620 18.709256 -24.401874 0.360483 -0.617613 0.149561 0.682816
125.700000000 -60.585792 18.694597 -24.327567 0.359769 -0.615429 0.149558 0.685162
125.800000000 -60.576136 18.593569 -24.292838 0.358148 -0.615749 0.148098 0.686040
125.900000000 -60.465349 18.725117 -24.192192 0.358360 -0.616850 0.148649 0.684820
126.000000000 -60.401831 18.804321 -24.080349 0.358218 -0.613781 0.148917 0.687587
126.100000000 -60.231651 18.957019 -24.005811 0.357025 -0.618876 0.147992 0.683830
126.200000000 -60.138264 19.044963 -23.908150 0.356833 -0.618819 0.148106 0.683957
126.300000000 -60.075900 19.044373 -23.820493 0.358034 -0.617163 0.150044 0.684404
126.400000000 -59.948853 19.119787 -23.769052 0.357019 -0.623007 0.148526 0.679956
126.500000000 -59.881875 19.186378 -23.667463 0.356824 -0.623439 0.148679 0.679628
126.600000000 -59.727113 19.381505 -23.543064 0.354815 -0.626573 0.147542 0.678044
126.700000000 -59.746006 19.291847 -23.456909 0.354851 -0.621992 0.147921 0.682148
126.800000000 -59.624844 19.341853 -23.389994 0.353671 -0.627273 0.146853 0.678144
126.900000000 -59.561423 19.369049 -23.288130 0.354009 -0.625461 0.147222 0.679560
127.000000000 -59.416492 19.475908 -23.199067 0.353978 -0.629770 0.147558 0.675512
127.100000000 -59.309296 19.581830 -23.085703 0.354012 -0.630436 0.148014 0.674772
127.200000000 -59.188727 19.729465 -22.944750 0.353634 -0.630773 0.148739 0.674497
127.300000000 -59.042683 19.845725 -22.854569 0.353985 -0.634654 0.148885 0.670628
127.400000000 -58.953544 19.913787 -22.738249 0.353547 -0.635034 0.149269 0.670414
127.500000000 -58.846204 19.984842 -22.666144 0.353408 -0.638870 0.148535 0.666997
127.600000000 -58.792824 19.945546 -22.570352 0.352125 -0.639801 0.148216 0.666854
127.700000000 -58.612080 20.211313 -22.439466 0.351811 -0.645733 0.148002 0.661327
127.800000000 -58.504837 20.230058 -22.358368 0.351675 -0.647229 0.148087 0.659916
127.900000000 -58.512221 20.188606 -22.246118 0.351983 -0.643219 0.149311 0.663388
128.000000000 -58.469374 20.196522 -22.136667 0.351565 -0.642568 0.149743 0.664142
128.100000000 -58.364283 20.281413 -22.043193 0.349534 -0.646094 0.147758 0.662235
128.200000000 -58.302368 20.322496 -21.941970 0.348361 -0.647836 0.147172 0.661282
128.300000000 -58.237276 20.345017 -21.833607 0.348464 -0.646184 0.147736 0.662716
128.400000000 -58.093823 20.466226 -21.729626 0.347510 -0.650859 0.147083 0.658777
128.500000000 -57.996042 20.523883 -21.619782 0.348045 -0.650481 0.148434 0.658564
128.600000000 -57.888729 20.569847 -21.554887 0.348321 -0.655755 0.147186 0.653449
128.700000000 -57.842976 20.613660 -21.439177 0.347509 -0.654206 0.147488 0.655362
128.800000000 -57.793375 20.763365 -21.286057 0.345830 -0.652747 0.147183 0.657769
128.900000000 -57.648630 20.925072 -21.182302 0.345535 -0.657607 0.146543 0.653211
129.000000000 -57.587484 20.882322 -21.114376 0.345760 -0.657712 0.147186 0.652841
129.100000000 -57.534932 20.843965 -21.044654 0.346160 -0.658269 0.147700 0.651951
129.200000000 -57.511476 20.843473 -20.943976 0.345340 -0.657157 0.147765 0.653491
129.300000000 -57.431536 20.903815 -20.845795 0.345387 -0.657360 0.148432 0.653111
129.400000000 -57.357638 20.976529 -20.754233 0.344573 -0.659932 0.147694 0.651112
129.500000000 -57.252212 21.080213 -20.655125 0.345804 -0.660056 0.149306 0.649964
129.600000000 -57.167994 21.054729 -20.587052 0.346349 -0.660193 0.150225 0.649322
129.700000000 -57.144546 20.978821 -20.541105 0.346451 -0.660886 0.150372 0.648529
129.800000000 -57.077695 21.070205 -20.434496 0.346505 -0.659912 0.151107 0.649321
129.900000000 -57.056445 21.076475 -20.356321 0.346809 -0.659291 0.151797 0.649628
130.000000000 -57.006457 21.101094 -20.288568 0.345734 -0.661546 0.150522 0.648204
130.100000000 -57.084763 20.766877 -20.331694 0.336894 -0.667504 0.142744 0.648510
130.200000000 -57.161059 20.518969 -20.327856 0.295489 -0.671874 0.103211 0.671282
130.300000000 -57.310554 20.858859 -20.164134 0.295459 -0.673751 0.102806 0.669473
130.400000000 -57.328279 20.843058 -20.100815 0.295908 -0.672139 0.103682 0.670759
130.500000000 -58.224544 20.415540 -20.081767 0.241313 -0.660849 0.043086 0.709359
130.600000000 -60.114277 19.443583 -20.302693 0.092547 -0.645563 -0.129167 0.746994
130.700000000 -59.552631 19.362944 -20.387953 0.013040 -0.640509 -0.206021 0.739685
130.800000000 -59.535370 19.348557 -20.356044 0.008023 -0.646977 -0.204922 0.734414
130.900000000 -59.471189 19.318698 -20.329966 0.006239 -0.649132 -0.204957 0.732517
131.000000000 -59.301845 19.299566 -20.317223 0.002469 -0.654883 -0.203573 0.727791
131.100000000 -58.872981 19.291170 -20.303209 0.005659 -0.650650 -0.206472 0.730747
131.200000000 -58.815070 19.335976 -20.257058 0.004716 -0.649997 -0.208050 0.730887
131.300000000 -58.855704 19.303196 -20.228994 0.005207 -0.648642 -0.208696 0.731903
131.400000000 -58.929073 19.289886 -20.188305 0.005712 -0.646843 -0.209478 0.733267
131.500000000 -58.735082 19.252804 -20.184729 0.007649 -0.645736 -0.210109 0.734044
131.600000000 -58.809252 19.231059 -20.153532 0.006787 -0.644633 -0.211310 0.734677
131.700000000 -58.694550 19.257857 -20.118915 0.007936 -0.641962 -0.213033 0.736505
131.800000000 -58.620786 19.217049 -20.110951 0.009255 -0.640254 -0.213135 0.737944
131.900000000 -58.696161 19.157647 -20.101401 0.009935 -0.638683 -0.213650 0.739147
132.000000000 -58.638370 19.132824 -20.089261 0.012712 -0.635910 -0.214124 0.741356
132.100000000 -58.648727 19.093941 -20.088364 0.012367 -0.636406 -0.213846 0.741015
132.200000000 -58.311148 19.144975 -20.073912 0.015883 -0.627524 -0.219609 0.746816
132.300000000 -58.116152 19.159425 -20.084832 0.015282 -0.629629 -0.219795 0.744999
132.400000000 -57.988958 19.093083 -20.117643 0.014733 -0.632012 -0.219170 0.743174
132.500000000 -57.884290 19.030539 -20.142158 0.014183 -0.633898 -0.218216 0.741858
132.600000000 -57.853841 18.975857 -20.159828 0.015259 -0.633121 -0.217861 0.742604
132.700000000 -57.901448 18.976641 -20.148064 0.016423 -0.630120 -0.219106 0.744762
132.800000000 -57.469705 19.023815 -20.167769 0.013696 -0.631042 -0.221755 0.743252
132.900000000 -57.419666 18.940949 -20.210641 0.014124 -0.632643 -0.220486 0.742260
133.000000000 -57.427718 18.900536 -20.230362 0.014084 -0.633169 -0.219999 0.741956
133.100000000 -57.469018 18.860536 -20.247636 0.014976 -0.631800 -0.220172 0.743054
133.200000000 -57.496384 18.807971 -20.277768 0.014160 -0.633783 -0.219316 0.741633
133.300000000 -57.470158 18.752582 -20.309401 0.015155 -0.632950 -0.219044 0.742405
133.400000000 -57.529092 18.778281 -20.306404 0.014970 -0.631619 -0.220257 0.743182
133.500000000 -57.815039 18.781657 -20.293318 0.012925 -0.630300 -0.221315 0.744026
133.600000000 -58.003728 18.782801 -20.288043 0.014177 -0.627181 -0.222089 0.746404
133.700000000 -58.640900 18.763350 -20.232897 0.017705 -0.620656 -0.221254 0.752010
133.800000000 -57.659148 18.789626 -20.359489 0.013061 -0.628602 -0.221539 0.745392
133.900000000 -57.823743 18.656632 -20.426048 0.014281 -0.628725 -0.220676 0.745522
134.000000000 -57.805080 18.616116 -20.462246 0.016051 -0.626398 -0.220847 0.747392
134.100000000 -57.724955 18.707466 -20.450077 0.017608 -0.622499 -0.222554 0.750103
134.200000000 -57.662405 18.666471 -20.499570 0.017669 -0.622198 -0.222307 0.750425
134.300000000 -57.503149 18.641109 -20.564785 0.016481 -0.624051 -0.222057 0.748986
134.400000000 -57.351835 18.567422 -20.631384 0.020381 -0.622661 -0.220858 0.750400
134.500000000 -57.220252 18.541950 -20.692386 0.020696 -0.624082 -0.219759 0.749533
134.600000000 -57.166088 18.517353 -20.741536 0.020787 -0.623668 -0.220571 0.749636
134.700000000 -57.009730 18.408783 -20.853540 0.019277 -0.627700 -0.219467 0.746629
134.800000000 -56.902950 18.369190 -20.903162 0.022252 -0.625219 -0.218186 0.749000
134.900000000 -56.771593 18.361682 -20.968196 0.022253 -0.626472 -0.217474 0.748159
135.000000000 -56.643510 18.286836 -21.054169 0.023560 -0.628927 -0.215088 0.746748
135.100000000 -56.562023 18.352509 -21.081877 0.021991 -0.626199 -0.218721 0.748032
135.200000000 -56.407698 18.192645 -21.210997 0.022699 -0.629380 -0.216419 0.746009
135.300000000 -56.270842 18.123351 -21.293671 0.021039 -0.633665 -0.215127 0.742796
135.400000000 -56.190941 18.244976 -21.280912 0.021394 -0.630524 -0.216363 0.745096
135.500000000 -56.044432 18.217596 -21.353880 0.019664 -0.634446 -0.215106 0.742174
135.600000000 -55.885853 18.161078 -21.445226 0.015712 -0.641565 -0.213396 0.736620
135.700000000 -55.785125 18.153125 -21.504334 0.013196 -0.641304 -0.215047 0.736417
135.800000000 -55.621564 18.034619 -21.617604 0.012669 -0.645259 -0.212717 0.733643
135.900000000 -55.458922 17.935803 -21.728513 0.011931 -0.649836 -0.210022 0.730385
136.000000000 -55.333642 17.929912 -21.792924 0.010527 -0.652218 -0.209083 0.728550
136.100000000 -55.203587 17.910511 -21.860363 0.010725 -0.653566 -0.207931 0.727668
136.200000000 -55.054303 17.824349 -21.969412 0.009440 -0.657602 -0.206117 0.724559
136.300000000 -54.893568 17.750602 -22.084175 0.006445 -0.662924 -0.204437 0.720205
136.400000000 -54.754215 17.701619 -22.183497 0.006014 -0.665267 -0.203221 0.718390
136.500000000 -54.663338 17.899133 -22.176429 0.000141 -0.663196 -0.208882 0.718707
136.600000000 -54.521809 17.804425 -22.284277 0.001065 -0.664684 -0.207130 0.717838
136.700000000 -54.380220 17.712341 -22.393298 0.001123 -0.666663 -0.205549 0.716456
136.800000000 -54.237779 17.643865 -22.497807 0.001495 -0.667771 -0.204439 0.715741
136.900000000 -54.094849 17.558851 -22.610550 0.002331 -0.669048 -0.202857 0.714995
137.000000000 -53.928823 17.545973 -22.716635 -0.004323 -0.672202 -0.205628 0.711226
137.100000000 -53.776813 17.444001 -22.842672 -0.003009 -0.674131 -0.203422 0.710040
137.200000000 -53.644740 17.411880 -22.945068 -0.002648 -0.675438 -0.202893 0.708950
137.300000000 -53.497825 17.356388 -23.049312 -0.002832 -0.677099 -0.201879 0.707654
137.400000000 -53.354643 17.375214 -23.137230 -0.002960 -0.677951 -0.201644 0.706905
137.500000000 -53.210819 17.315803 -23.255908 -0.003016 -0.679766 -0.201111 0.705311
137.600000000 -53.044705 17.301678 -23.361915 -0.003500 -0.680765 -0.201476 0.704240
137.700000000 -52.943256 17.262267 -23.455715 -0.001998 -0.679040 -0.201246 0.705975
137.800000000 -52.798184 17.194354 -23.578982 -0.002472 -0.681699 -0.200321 0.703670
137.900000000 -52.662968 17.197765 -23.670445 -0.003277 -0.681677 -0.201149 0.703452
138.000000000 -52.572933 17.189700 -23.763372 -0.003500 -0.681771 -0.201095 0.703375
138.100000000 -52.554521 17.116277 -23.874993 -0.003325 -0.682477 -0.200560 0.702844
138.200000000 -53.189975 17.146717 -23.906488 -0.002420 -0.679255 -0.202184 0.705499
138.300000000 -53.351754 17.136214 -23.969990 -0.001195 -0.676632 -0.202618 0.707894
138.400000000 -53.188575 17.118197 -24.073711 -0.000712 -0.676602 -0.203066 0.707794
138.500000000 -53.047557 17.088086 -24.181690 -0.000604 -0.677032 -0.202917 0.707427
138.600000000 -52.849382 17.115802 -24.274424 -0.000837 -0.676946 -0.203010 0.707482
138.700000000 -52.982256 17.079963 -24.354338 -0.000333 -0.675797 -0.203279 0.708502
138.800000000 -52.936180 17.100929 -24.439534 -0.000475 -0.676623 -0.202762 0.707862
138.900000000 -52.806829 17.037074 -24.564538 -0.001561 -0.678692 -0.202563 0.705935
139.000000000 -52.822668 17.037569 -24.640225 0.000141 -0.675286 -0.203755 0.708853
139.100000000 -52.613993 17.009589 -24.755591 -0.000134 -0.676221 -0.203840 0.707937
139.200000000 -52.570364 16.954027 -24.865075 -0.001627 -0.678364 -0.202783 0.706186
139.300000000 -52.541008 16.994952 -24.917866 0.000370 -0.674854 -0.203427 0.709358
139.400000000 -52.382013 17.050133 -25.010179 0.001012 -0.676299 -0.202910 0.708129
139.500000000 -52.342036 16.967773 -25.115852 0.002132 -0.675600 -0.202585 0.708886
139.600000000 -52.349554 16.986743 -25.187033 0.002818 -0.674184 -0.203442 0.709985
139.700000000 -52.237021 17.001547 -25.273274 0.003597 -0.673270 -0.203837 0.710736
139.800000000 -52.175717 16.955449 -25.376143 0.002390 -0.673682 -0.204385 0.710193
139.900000000 -52.062955 16.913133 -25.470588 0.003355 -0.672014 -0.204664 0.711687
140.000000000 -51.949596 16.956242 -25.542282 0.003307 -0.672355 -0.204622 0.711377
140.100000000 -51.832285 16.963773 -25.634590 0.002422 -0.674025 -0.204441 0.709851
140.200000000 -51.773659 16.888369 -25.738576 0.002186 -0.674137 -0.204730 0.709662
140.300000000 -51.628057 16.884848 -25.824094 0.002586 -0.673649 -0.205131 0.710008
140.400000000 -51.518669 16.824362 -25.917151 0.003921 -0.672372 -0.205274 0.711170
140.500000000 -51.383727 16.885949 -25.978904 0.002684 -0.673572 -0.205486 0.709978
140.600000000 -51.337714 16.811743 -26.080509 0.002634 -0.673909 -0.205781 0.709573
140.700000000 -51.228476 16.778566 -26.159649 0.002578 -0.673419 -0.206039 0.709964
140.800000000 -51.121579 16.830459 -26.206000 0.003181 -0.672169 -0.206187 0.711102
140.900000000 -50.956220 16.831013 -26.285377 0.003481 -0.672904 -0.205795 0.710518
141.000000000 -50.774566 16.805471 -26.375523 0.002468 -0.675628 -0.204747 0.708236
141.100000000 -50.715654 16.799173 -26.435199 0.002780 -0.674832 -0.205118 0.708887
141.200000000 -50.696902 16.759367 -26.490544 0.003357 -0.672311 -0.206402 0.710905
141.300000000 -50.518876 16.797467 -26.549109 0.002819 -0.673408 -0.206257 0.709910
141.400000000 -50.445462 16.778067 -26.609598 0.002565 -0.673214 -0.206740 0.709954
141.500000000 -50.329308 16.716048 -26.697288 0.001718 -0.674420 -0.206935 0.708754
141.600000000 -50.256855 16.679642 -26.753358 0.002029 -0.673356 -0.207350 0.709643
141.700000000 -50.114703 16.694618 -26.799739 0.002011 -0.673582 -0.207220 0.709467
141.800000000 -49.963375 16.703762 -26.847625 0.001821 -0.673917 -0.206990 0.709217
141.900000000 -49.851370 16.625096 -26.921926 0.001214 -0.674954 -0.206771 0.708295
142.000000000 -49.801969 16.641394 -26.956483 0.001429 -0.674514 -0.207273 0.708567
142.100000000 -49.719617 16.639988 -26.995420 0.001572 -0.674336 -0.207405 0.708697
142.200000000 -49.602259 16.536236 -27.075371 0.001491 -0.675261 -0.207052 0.707920
142.300000000 -49.410520 16.571452 -27.091216 0.003360 -0.673544 -0.206868 0.709601
142.400000000 -49.252565 16.555635 -27.132841 0.002971 -0.674050 -0.206784 0.709146
142.500000000 -49.200703 16.538189 -27.168453 0.001887 -0.674657 -0.207128 0.708472
142.600000000 -49.160142 16.547010 -27.187033 0.000201 -0.674672 -0.208050 0.708190
142.700000000 -48.955559 16.476933 -27.239322 0.000630 -0.674135 -0.208165 0.708667
142.800000000 -48.805134 16.419862 -27.291714 -0.000148 -0.675231 -0.208015 0.707667
142.900000000 -48.743544 16.375232 -27.319606 0.000464 -0.674455 -0.208217 0.708347
143.000000000 -48.644120 16.326874 -27.352196 0.000530 -0.674518 -0.208131 0.708313
143.100000000 -48.486548 16.246984 -27.400448 0.000446 -0.675108 -0.207816 0.707843
143.200000000 -48.259325 16.166907 -27.441933 0.001293 -0.674999 -0.207383 0.708073
143.300000000 -48.099928 16.169994 -27.459239 0.001137 -0.675853 -0.206959 0.707382
143.400000000 -48.030802 16.209444 -27.456465 0.000192 -0.676693 -0.206992 0.706569
143.500000000 -47.876202 16.155010 -27.483596 0.000315 -0.677124 -0.206687 0.706246
143.600000000 -47.732084 16.107634 -27.503873 0.000301 -0.677282 -0.206568 0.706130
143.700000000 -47.589781 16.096976 -27.513334 -0.000155 -0.677923 -0.206439 0.705551
143.800000000 -47.453630 16.100117 -27.510432 0.000054 -0.677980 -0.206270 0.705547
143.900000000 -47.276085 16.069335 -27.521909 0.000057 -0.678749 -0.205709 0.704971
144.000000000 -47.115338 16.018272 -27.534991 0.000309 -0.679199 -0.205181 0.704691
144.100000000 -46.971763 15.947059 -27.550757 0.000543 -0.679369 -0.204913 0.704605
144.200000000 -46.914411 15.894931 -27.554838 0.000347 -0.678958 -0.205277 0.704895
144.300000000 -46.853406 15.868389 -27.545658 0.000374 -0.678120 -0.205836 0.705539
144.400000000 -46.764066 15.879082 -27.523157 0.000719 -0.677221 -0.206216 0.706290
144.500000000 -46.609581 15.873529 -27.521827 -0.000339 -0.678679 -0.205775 0.705019
144.600000000 -46.377923 15.823925 -27.530083 -0.000682 -0.679886 -0.205030 0.704072
144.700000000 -46.287998 15.793684 -27.517987 -0.001394 -0.679526 -0.205785 0.704198
144.800000000 -46.193674 15.724272 -27.519748 -0.001504 -0.679589 -0.205848 0.704118
144.900000000 -46.070610 15.747885 -27.490497 -0.001444 -0.679980 -0.205447 0.703858
145.000000000 -45.924314 15.736315 -27.471235 -0.001079 -0.679845 -0.205475 0.703981
145.100000000 -45.793223 15.686936 -27.463706 -0.001178 -0.680204 -0.205339 0.703673
145.200000000 -45.627710 15.634464 -27.452670 -0.000796 -0.680124 -0.205197 0.703793
145.300000000 -45.550338 15.582386 -27.440869 -0.001212 -0.680313 -0.205529 0.703513
145.400000000 -45.493982 15.551652 -27.418354 -0.001317 -0.679704 -0.205912 0.703989
145.500000000 -45.313967 15.523585 -27.399462 -0.000831 -0.680092 -0.205356 0.703778
145.600000000 -45.153155 15.499545 -27.372752 -0.000680 -0.680027 -0.205054 0.703929
145.700000000 -45.035527 15.468925 -27.346630 -0.000330 -0.679628 -0.205073 0.704309
145.800000000 -45.027092 15.395334 -27.330537 -0.000345 -0.678343 -0.205893 0.705308
145.900000000 -44.927174 15.371189 -27.301336 -0.000365 -0.678247 -0.205936 0.705387
146.000000000 -44.785893 15.310479 -27.279780 0.000146 -0.677746 -0.205911 0.705876
146.100000000 -44.725052 15.310526 -27.245613 -0.000382 -0.677770 -0.206227 0.705760
146.200000000 -44.644661 15.300778 -27.204981 -0.001763 -0.677138 -0.207532 0.705983
146.300000000 -44.486429 15.272296 -27.175577 -0.001695 -0.677175 -0.207336 0.706005
146.400000000 -44.403448 15.177519 -27.164684 -0.001366 -0.676576 -0.207566 0.706512
146.500000000 -44.284796 15.160627 -27.137948 -0.001829 -0.677505 -0.207311 0.705696
146.600000000 -44.168331 15.115999 -27.103419 -0.000988 -0.676378 -0.207359 0.706764
146.700000000 -43.906870 15.125650 -27.062446 -0.000666 -0.677253 -0.206437 0.706195
146.800000000 -43.833476 15.062898 -27.041342 -0.000562 -0.677143 -0.206555 0.706267
146.900000000 -43.977295 15.039922 -26.995547 -0.001186 -0.674461 -0.208627 0.708220
147.000000000 -43.688113 14.962462 -26.977073 -0.000393 -0.674959 -0.207569 0.708058
147.100000000 -43.475748 14.942634 -26.939913 0.000109 -0.675027 -0.207097 0.708131
147.200000000 -43.370819 14.924293 -26.904203 0.000525 -0.674635 -0.206985 0.708537
147.300000000 -43.335197 14.930666 -26.863432 0.000547 -0.674813 -0.207096 0.708335
147.400000000 -43.285294 14.871909 -26.832533 0.000053 -0.673410 -0.208522 0.709251
147.500000000 -43.000893 14.846576 -26.799737 0.000403 -0.674247 -0.207557 0.708739
147.600000000 -42.907677 14.781764 -26.777388 0.000721 -0.673524 -0.207959 0.709308
147.700000000 -42.729474 14.796317 -26.729460 0.000751 -0.673923 -0.207616 0.709029
147.800000000 -42.635236 14.690316 -26.724411 0.000764 -0.673823 -0.207790 0.709074
147.900000000 -42.532453 14.639908 -26.691333 0.000888 -0.672879 -0.208055 0.709892
148.000000000 -42.366285 14.621690 -26.653081 0.001029 -0.672809 -0.207829 0.710024
148.100000000 -42.265633 14.580766 -26.620840 0.001178 -0.672262 -0.207993 0.710494
148.200000000 -42.215755 14.520484 -26.597292 0.001240 -0.671843 -0.208254 0.710813
148.300000000 -42.079941 14.464560 -26.568661 0.001787 -0.671626 -0.208002 0.711092
148.400000000 -41.906973 14.452993 -26.526307 0.002837 -0.671612 -0.207287 0.711310
148.500000000 -41.862892 14.419987 -26.497209 0.002114 -0.671649 -0.207976 0.711076
148.600000000 -41.689589 14.418713 -26.446702 0.003026 -0.671416 -0.207342 0.711478
148.700000000 -41.659706 14.365911 -26.424318 0.002106 -0.671576 -0.208246 0.711066
148.800000000 -41.627780 14.332139 -26.386854 0.001721 -0.670281 -0.209224 0.712001
148.900000000 -41.537984 14.284047 -26.355390 0.001513 -0.670220 -0.209547 0.711965
149.000000000 -41.420918 14.240539 -26.323336 0.001025 -0.670831 -0.209616 0.711369
149.100000000 -41.315653 14.210846 -26.285002 0.000843 -0.671232 -0.209591 0.710999
149.200000000 -41.268983 14.143189 -26.252002 0.000482 -0.670418 -0.210087 0.711620
149.300000000 -41.150693 14.113818 -26.205770 0.001084 -0.670103 -0.209796 0.712002
149.400000000 -41.036320 14.061762 -26.163799 0.001511 -0.669574 -0.209884 0.712472
149.500000000 -40.980352 14.020335 -26.130605 0.001041 -0.670073 -0.210152 0.711925
149.600000000 -40.899459 13.978365 -26.081931 0.001090 -0.669370 -0.210454 0.712497
149.700000000 -40.850739 13.919898 -26.051110 0.000472 -0.670043 -0.210785 0.711766
149.800000000 -40.743213 13.881200 -25.999904 0.000284 -0.669922 -0.210760 0.711889
149.900000000 -40.530956 13.877783 -25.938841 -0.000417 -0.670466 -0.210794 0.711366
150.000000000 -40.323558 13.854334 -25.878648 -0.000345 -0.670981 -0.210141 0.711073
150.100000000 -40.210098 13.803025 -25.835285 -0.000468 -0.671453 -0.209911 0.710695
150.200000000 -40.157498 13.745595 -25.789562 -0.001236 -0.671792 -0.210247 0.710275
150.300000000 -40.158173 13.696556 -25.747015 -0.001281 -0.671447 -0.211105 0.710346
150.400000000 -40.066767 13.635685 -25.700672 -0.001563 -0.671468 -0.211277 0.710275
150.500000000 -39.978694 13.619679 -25.636109 -0.001839 -0.671693 -0.210969 0.710153
150.600000000 -39.909570 13.553465 -25.592735 -0.002386 -0.671873 -0.211499 0.709823
150.700000000 -39.768853 13.478404 -25.556931 -0.002950 -0.673959 -0.211175 0.707937
150.800000000 -39.720397 13.431266 -25.503467 -0.002968 -0.673424 -0.211701 0.708290
150.900000000 -39.640700 13.390967 -25.452204 -0.003392 -0.674179 -0.211451 0.707644
151.000000000 -39.512096 13.358509 -25.385172 -0.003562 -0.674253 -0.211361 0.707599
151.100000000 -39.407976 13.310970 -25.332994 -0.004651 -0.674725 -0.211875 0.706989
151.200000000 -39.373461 13.219831 -25.287320 -0.003935 -0.673218 -0.212945 0.708108
151.300000000 -39.306091 13.151836 -25.237017 -0.003715 -0.673159 -0.212592 0.708271
151.400000000 -39.145476 13.093052 -25.192109 -0.004375 -0.674829 -0.211886 0.706888
151.500000000 -39.070352 13.045487 -25.124445 -0.004016 -0.673487 -0.212126 0.708097
151.600000000 -38.971191 13.009024 -25.053909 -0.003222 -0.672088 -0.211909 0.709494
151.700000000 -38.751651 12.968576 -24.993454 -0.003196 -0.673055 -0.211036 0.708838
151.800000000 -38.614359 12.925342 -24.946182 -0.004996 -0.674762 -0.211374 0.707101
151.900000000 -38.555814 12.867727 -24.894802 -0.004963 -0.674134 -0.211893 0.707546
152.000000000 -38.444876 12.816001 -24.834020 -0.004805 -0.673837 -0.211747 0.707872
152.100000000 -38.390051 12.749440 -24.793344 -0.005795 -0.674325 -0.212277 0.707241
152.200000000 -38.289424 12.702652 -24.735780 -0.006739 -0.673582 -0.213295 0.707635
152.300000000 -38.283364 12.647337 -24.695500 -0.007191 -0.674204 -0.213650 0.706931
152.400000000 -38.318450 12.565734 -24.652829 -0.005694 -0.672587 -0.213670 0.708477
152.500000000 -38.182448 12.509583 -24.614774 -0.006439 -0.674269 -0.213392 0.706954
152.600000000 -37.992028 12.472703 -24.559258 -0.007100 -0.675133 -0.213110 0.706208
152.700000000 -37.820278 12.425098 -24.510178 -0.007404 -0.676085 -0.212595 0.705448
152.800000000 -37.656377 12.380706 -24.466734 -0.008599 -0.677608 -0.212363 0.704042
152.900000000 -37.551728 12.330806 -24.422316 -0.008816 -0.677992 -0.212238 0.703707
153.000000000 -37.498567 12.275209 -24.368506 -0.008155 -0.675802 -0.212683 0.705684
153.100000000 -37.408904 12.216298 -24.343214 -0.009656 -0.678119 -0.212903 0.703373
153.200000000 -37.321251 12.162625 -24.292395 -0.008306 -0.676213 -0.212640 0.705302
153.300000000 -37.272455 12.099599 -24.272124 -0.009608 -0.678401 -0.212700 0.703163
153.400000000 -37.212235 12.059830 -24.225860 -0.009930 -0.677199 -0.213387 0.704109
153.500000000 -37.215055 11.980288 -24.210954 -0.009720 -0.678307 -0.212750 0.703237
153.600000000 -37.187286 11.932671 -24.174783 -0.010587 -0.678216 -0.213540 0.703073
153.700000000 -37.111141 11.897917 -24.129597 -0.011650 -0.676221 -0.215214 0.704466
153.800000000 -36.889777 11.863854 -24.087524 -0.011602 -0.677226 -0.214044 0.703857
153.900000000 -36.758154 11.810570 -24.062344 -0.012424 -0.678454 -0.214016 0.702668
154.000000000 -36.562654 11.777824 -24.013966 -0.011871 -0.677729 -0.213189 0.703628
154.100000000 -36.520590 11.731269 -23.996284 -0.013327 -0.678321 -0.214320 0.702688
154.200000000 -36.398930 11.682770 -23.973584 -0.014282 -0.679607 -0.213790 0.701587
154.300000000 -36.310870 11.642773 -23.949456 -0.014497 -0.679949 -0.213557 0.701322
154.400000000 -36.322920 11.583731 -23.935246 -0.015085 -0.680272 -0.214193 0.700802
154.500000000 -36.450489 11.502750 -23.943825 -0.014997 -0.680634 -0.214360 0.700401
154.600000000 -36.447043 11.427842 -23.951170 -0.015444 -0.683467 -0.213517 0.697886
154.700000000 -36.587472 11.352259 -23.970010 -0.017221 -0.685709 -0.214134 0.695452
154.800000000 -36.636602 11.316793 -23.960638 -0.019209 -0.684692 -0.216688 0.695610
154.900000000 -36.590013 11.255116 -23.967222 -0.020124 -0.687521 -0.215952 0.693018
155.000000000 -36.484178 11.224072 -23.951555 -0.020852 -0.687719 -0.216549 0.692614
155.100000000 -36.748543 11.281215 -23.922417 -0.034051 -0.681879 -0.229437 0.693715
155.200000000 -36.641033 11.261345 -23.904767 -0.033347 -0.681376 -0.228709 0.694483
155.300000000 -36.900043 11.168520 -23.965590 -0.035010 -0.688177 -0.227989 0.687901
155.400000000 -37.675109 11.613354 -23.840503 -0.076529 -0.667629 -0.272471 0.688604
155.500000000 -38.335916 12.046173 -23.737878 -0.108449 -0.654672 -0.303908 0.683581
155.600000000 -39.398575 12.613138 -23.572871 -0.227167 -0.575419 -0.412498 0.668681
155.700000000 -39.196247 12.513448 -23.600600 -0.228094 -0.579212 -0.410185 0.666509
155.800000000 -39.043589 12.421472 -23.616832 -0.226671 -0.580743 -0.408851 0.666483
155.900000000 -38.918016 12.327773 -23.625775 -0.223463 -0.579668 -0.408770 0.668549
156.000000000 -38.836957 12.289356 -23.622156 -0.221979 -0.578894 -0.408877 0.669647
156.100000000 -38.759187 12.195581 -23.642603 -0.220295 -0.579583 -0.407818 0.670252
156.200000000 -38.737786 12.178977 -23.647397 -0.223997 -0.578281 -0.409842 0.668914
156.300000000 -38.705405 12.117950 -23.669004 -0.224933 -0.578599 -0.409902 0.668288
156.400000000 -38.753120 12.131309 -23.662933 -0.223586 -0.577727 -0.410373 0.669204
156.500000000 -38.685004 12.034086 -23.699698 -0.224944 -0.578161 -0.410380 0.668370
156.600000000 -38.689052 11.998786 -23.719583 -0.227231 -0.577927 -0.411019 0.667405
156.700000000 -38.897659 12.108007 -23.699706 -0.232481 -0.574553 -0.414899 0.666108
156.800000000 -39.352220 12.585886 -23.563407 -0.251791 -0.562017 -0.430445 0.659891
156.900000000 -39.738686 13.206671 -23.411793 -0.287788 -0.546831 -0.450396 0.644435
157.000000000 -39.920684 13.301276 -23.396967 -0.351320 -0.491392 -0.498289 0.621945
157.100000000 -39.996718 13.366002 -23.382949 -0.353089 -0.489316 -0.500195 0.621050
157.200000000 -40.092470 13.424070 -23.388242 -0.357038 -0.488820 -0.500474 0.618955
157.300000000 -40.183094 13.473273 -23.397404 -0.360776 -0.488707 -0.500364 0.616962
157.400000000 -40.283967 13.501081 -23.416680 -0.363473 -0.489834 -0.499009 0.615581
157.500000000 -40.389496 13.564495 -23.426075 -0.366705 -0.489528 -0.498975 0.613933
157.600000000 -40.566864 13.752409 -23.396599 -0.370035 -0.487468 -0.500452 0.612370
157.700000000 -40.711518 13.859899 -23.396968 -0.374263 -0.485701 -0.501635 0.610232
157.800000000 -40.850597 14.001972 -23.378831 -0.378709 -0.482460 -0.503983 0.608123
157.900000000 -41.009732 14.128821 -23.370485 -0.378937 -0.480975 -0.505457 0.607934
158.000000000 -41.266809 14.412320 -23.305058 -0.380776 -0.476116 -0.509559 0.607184
158.100000000 -41.432036 14.589241 -23.272233 -0.381969 -0.470311 -0.514616 0.606694
158.200000000 -41.598432 14.748681 -23.255015 -0.384552 -0.465468 -0.518526 0.605467
158.300000000 -41.922260 14.794749 -23.282175 -0.372902 -0.476907 -0.510204 0.610897
158.400000000 -42.008356 14.839341 -23.304533 -0.375060 -0.475839 -0.510747 0.609955
158.500000000 -42.137694 14.948631 -23.303072 -0.374411 -0.473113 -0.513241 0.610380
158.600000000 -42.215582 14.975594 -23.330545 -0.375838 -0.472292 -0.513897 0.609586
158.700000000 -42.266275 14.915094 -23.382352 -0.375303 -0.469799 -0.515816 0.610223
158.800000000 -42.380451 14.995352 -23.383441 -0.377905 -0.463425 -0.520408 0.609590
158.900000000 -42.392674 14.928744 -23.438236 -0.379604 -0.461109 -0.521739 0.609154
159.000000000 -42.531414 15.076830 -23.424806 -0.383427 -0.454483 -0.526751 0.607422
159.100000000 -42.657164 14.985768 -23.476835 -0.383966 -0.446547 -0.532801 0.607692
159.200000000 -42.643038 15.128001 -23.474573 -0.393682 -0.442783 -0.534507 0.602711
159.300000000 -42.722614 14.994828 -23.531025 -0.390722 -0.437915 -0.538352 0.604767
159.400000000 -42.738481 14.944664 -23.577414 -0.391259 -0.436257 -0.539557 0.604544
159.500000000 -42.501748 14.465976 -23.810176 -0.390429 -0.453626 -0.525404 0.604763
159.600000000 -42.424964 14.275112 -23.901392 -0.391093 -0.454239 -0.523401 0.605611
159.700000000 -42.426919 14.108895 -24.021757 -0.396258 -0.458438 -0.520105 0.601917
159.800000000 -42.397911 13.994039 -24.092134 -0.397568 -0.458420 -0.519811 0.601321
159.900000000 -42.396619 13.967438 -24.122222 -0.396340 -0.454667 -0.522881 0.602319
160.000000000 -42.409073 13.893291 -24.173759 -0.398403 -0.452160 -0.524028 0.601848
160.100000000 -42.504920 13.908756 -24.210767 -0.404148 -0.449549 -0.524968 0.599149
160.200000000 -42.673121 14.058611 -24.185358 -0.410125 -0.440618 -0.530962 0.596432
160.300000000 -42.196096 13.508142 -24.416261 -0.399731 -0.455707 -0.520574 0.601290
160.400000000 -42.248252 13.405672 -24.478288 -0.400136 -0.453846 -0.522106 0.601100
160.500000000 -42.420947 13.396130 -24.529548 -0.408702 -0.453336 -0.520634 0.596984
160.600000000 -42.454023 13.323928 -24.579906 -0.407036 -0.450638 -0.523595 0.597575
160.700000000 -42.413903 13.197882 -24.649958 -0.407034 -0.449576 -0.524394 0.597675
160.800000000 -42.229470 12.941999 -24.762978 -0.401777 -0.453503 -0.522934 0.599541
160.900000000 -42.322208 12.899398 -24.788767 -0.398334 -0.451626 -0.525360 0.601132
161.000000000 -42.366659 12.770320 -24.861409 -0.399331 -0.451014 -0.525739 0.600600
161.100000000 -42.442807 12.723018 -24.905778 -0.399899 -0.445337 -0.531121 0.599722
161.200000000 -42.536613 12.598637 -24.981703 -0.401276 -0.444387 -0.531755 0.598945
161.300000000 -42.563397 12.567134 -24.991856 -0.395072 -0.438373 -0.539056 0.600971
161.400000000 -42.498172 12.436750 -25.024241 -0.387710 -0.431772 -0.546485 0.603828
161.500000000 -42.133266 12.445553 -25.016775 -0.377116 -0.435815 -0.544566 0.609341
161.600000000 -42.205837 12.277269 -25.092186 -0.373627 -0.433131 -0.547899 0.610416
161.700000000 -42.222453 12.199514 -25.117291 -0.368964 -0.427033 -0.554400 0.611678
161.800000000 -42.287148 12.151796 -25.152716 -0.367010 -0.423300 -0.558593 0.611633
161.900000000 -42.302094 12.070442 -25.200634 -0.366837 -0.421054 -0.560751 0.611312
162.000000000 -42.249779 11.971589 -25.246104 -0.365333 -0.417853 -0.564236 0.611203
162.100000000 -42.533827 12.761738 -25.096553 -0.375207 -0.436618 -0.545627 0.608995
162.200000000 -42.540801 12.769985 -25.091793 -0.376211 -0.432909 -0.548159 0.608750
162.300000000 -42.527857 12.559906 -25.175297 -0.372737 -0.428922 -0.552927 0.609397
162.400000000 -42.558718 12.517354 -25.202512 -0.370874 -0.424947 -0.557519 0.609135
162.500000000 -42.451473 12.443557 -25.248926 -0.374280 -0.422143 -0.559728 0.606972
162.600000000 -42.482808 12.345377 -25.288741 -0.373130 -0.419223 -0.562524 0.607119
162.700000000 -42.480390 12.222583 -25.335122 -0.369293 -0.417528 -0.564749 0.608566
162.800000000 -42.478635 12.082593 -25.390524 -0.364157 -0.415917 -0.567625 0.610085
162.900000000 -42.458324 11.960666 -25.418032 -0.358560 -0.413518 -0.570165 0.612657
163.000000000 -42.408937 11.868304 -25.449514 -0.356134 -0.411468 -0.572566 0.613213
163.100000000 -42.408616 11.753870 -25.495511 -0.353168 -0.409766 -0.574940 0.613847
163.200000000 -42.363580 11.576262 -25.563886 -0.351523 -0.408230 -0.576500 0.614351
163.300000000 -42.370566 11.464276 -25.603602 -0.348451 -0.405869 -0.579069 0.615249
163.400000000 -42.658678 11.938404 -25.519253 -0.355239 -0.415269 -0.569377 0.614139
163.500000000 -42.662786 11.897206 -25.535775 -0.354892 -0.413686 -0.570904 0.613991
163.600000000 -42.636370 11.651526 -25.579880 -0.343198 -0.407379 -0.578804 0.617449
163.700000000 -42.621177 11.570781 -25.630908 -0.344862 -0.407943 -0.578132 0.616778
163.800000000 -42.617667 11.441436 -25.690886 -0.345358 -0.407542 -0.578511 0.616412
163.900000000 -42.611413 10.666767 -25.895741 -0.306222 -0.411811 -0.576763 0.635597
164.000000000 -42.610710 10.630381 -25.890841 -0.301852 -0.409819 -0.579055 0.636890
164.100000000 -42.611081 10.505683 -25.988436 -0.305875 -0.413428 -0.577136 0.634376
164.200000000 -42.629535 10.500185 -26.012911 -0.306937 -0.414437 -0.576477 0.633803
164.300000000 -42.644153 10.473507 -26.040414 -0.308781 -0.414861 -0.576491 0.632616
164.400000000 -42.632692 10.340128 -26.082838 -0.306612 -0.413585 -0.578019 0.633112
164.500000000 -42.576488 10.183841 -26.118073 -0.302346 -0.411013 -0.580494 0.634573
164.600000000 -42.575073 10.050855 -26.180410 -0.302051 -0.411370 -0.580444 0.634527
164.700000000 -42.551475 9.902969 -26.251861 -0.302037 -0.412619 -0.579528 0.634560
164.800000000 -42.515087 9.767411 -26.293059 -0.299557 -0.411494 -0.580893 0.635218
164.900000000 -42.485921 9.701728 -26.335006 -0.301271 -0.412141 -0.580682 0.634180
165.000000000 -42.512714 9.631511 -26.372491 -0.301640 -0.412856 -0.580197 0.633983
165.100000000 -42.505212 9.440289 -26.469977 -0.301753 -0.415531 -0.578781 0.633476
165.200000000 -42.505929 9.407074 -26.468155 -0.300557 -0.413727 -0.580068 0.634048
165.300000000 -42.516253 9.276318 -26.515029 -0.298391 -0.413624 -0.580574 0.634674
165.400000000 -42.552134 9.245195 -26.540556 -0.299329 -0.414236 -0.580815 0.633612
165.500000000 -42.550875 9.187760 -26.560499 -0.299204 -0.414415 -0.580787 0.633580
165.600000000 -42.571556 9.120171 -26.602361 -0.300777 -0.415735 -0.579415 0.633226
165.700000000 -42.565464 9.096927 -26.581015 -0.297494 -0.413481 -0.580976 0.634821
165.800000000 -42.577624 8.990041 -26.641125 -0.298244 -0.415269 -0.580037 0.634160
165.900000000 -42.591897 9.134063 -26.537126 -0.299605 -0.408126 -0.585570 0.633071
166.000000000 -42.535154 8.992895 -26.588704 -0.299352 -0.407938 -0.585620 0.633265
166.100000000 -42.487878 8.774971 -26.677502 -0.298061 -0.408558 -0.585372 0.633703
166.200000000 -42.286820 8.866059 -26.616985 -0.307846 -0.402810 -0.589670 0.628701
166.300000000 -42.298699 8.810067 -26.648525 -0.309106 -0.403582 -0.589171 0.628054
166.400000000 -42.373954 8.742560 -26.678740 -0.307221 -0.404591 -0.589003 0.628488
166.500000000 -42.407635 8.775065 -26.648567 -0.306923 -0.404140 -0.589640 0.628326
166.600000000 -42.414768 8.700723 -26.687595 -0.308475 -0.405833 -0.588039 0.627976
166.700000000 -42.449902 8.691754 -26.679942 -0.307418 -0.406105 -0.588165 0.628199
166.800000000 -42.462082 8.616838 -26.686047 -0.303084 -0.404964 -0.589745 0.629560
166.900000000 -42.515067 8.582783 -26.687109 -0.301422 -0.404864 -0.589688 0.630474
167.000000000 -42.418607 8.436028 -26.694892 -0.294094 -0.402574 -0.591584 0.633618
167.100000000 -42.626946 8.797546 -26.561898 -0.302039 -0.403350 -0.590463 0.630424
167.200000000 -42.868704 9.599309 -26.231937 -0.315589 -0.400207 -0.592368 0.623969
167.300000000 -42.512984 10.129992 -26.040617 -0.333721 -0.403091 -0.587573 0.617176
167.400000000 -41.925863 11.335239 -25.485423 -0.440522 -0.297317 -0.648629 0.544815
167.500000000 -41.882575 11.317865 -25.488024 -0.447341 -0.300373 -0.643167 0.544057
167.600000000 -41.850903 11.081411 -25.567886 -0.442996 -0.299297 -0.645954 0.544903
167.700000000 -41.832082 10.827624 -25.657355 -0.442066 -0.300178 -0.645551 0.545650
167.800000000 -41.812376 10.739933 -25.674839 -0.442278 -0.300360 -0.645261 0.545722
167.900000000 -41.818432 10.767084 -25.663449 -0.446774 -0.301769 -0.642271 0.544808
168.000000000 -41.712060 11.232889 -25.467041 -0.470339 -0.280266 -0.648601 0.528723
168.100000000 -41.493011 11.358060 -25.388226 -0.473055 -0.278919 -0.648641 0.526961
168.200000000 -41.390639 11.289234 -25.397217 -0.474573 -0.278537 -0.648226 0.526309
168.300000000 -41.468202 11.345184 -25.367504 -0.475534 -0.278468 -0.647981 0.525779
168.400000000 -41.492423 11.398097 -25.341295 -0.480538 -0.276129 -0.647404 0.523168
168.500000000 -41.427417 11.528258 -25.276126 -0.485959 -0.271300 -0.648613 0.519173
168.600000000 -41.399379 11.526244 -25.250134 -0.485816 -0.269206 -0.650208 0.518403
168.700000000 -41.391982 11.434615 -25.281884 -0.489985 -0.266477 -0.649954 0.516201
168.800000000 -41.198727 12.739884 -24.758857 0.528314 0.205456 0.675185 -0.472014
168.900000000 -41.236034 12.587300 -24.807960 0.528008 0.206218 0.674928 -0.472392
169.000000000 -41.369072 12.357883 -24.900215 0.530479 0.209187 0.671047 -0.473845
169.100000000 -41.454244 12.158783 -24.981677 0.533337 0.212039 0.667234 -0.474752
169.200000000 -41.543997 11.879040 -25.076171 0.534050 0.212530 0.665916 -0.475581
169.300000000 -41.646921 11.634026 -25.170459 0.536471 0.214118 0.662983 -0.476242
169.400000000 -41.713833 11.403276 -25.256577 0.537082 0.215659 0.661328 -0.477158
169.500000000 -41.766018 11.238999 -25.315454 0.537613 0.216582 0.660189 -0.477719
169.600000000 -41.855931 10.997269 -25.393079 0.537330 0.215550 0.660690 -0.477811
169.700000000 -41.831265 10.945203 -25.387355 0.537395 0.213261 0.661669 -0.477410
169.800000000 -41.873453 11.196162 -25.268889 0.540365 0.205813 0.664406 -0.473510
169.900000000 -41.872101 11.113647 -25.287487 0.540177 0.206375 0.664248 -0.473701
170.000000000 -41.923491 11.128651 -25.270322 0.540140 0.207928 0.663435 -0.474203
170.100000000 -42.006164 11.100361 -25.275389 0.541112 0.208706 0.662400 -0.474201
170.200000000 -41.988744 11.263899 -25.200055 0.541747 0.207876 0.662899 -0.473141
170.300000000 -42.043682 11.164820 -25.233574 0.543057 0.209420 0.660953 -0.473681
170.400000000 -42.026738 11.446702 -25.109137 0.544367 0.206605 0.662365 -0.471435
170.500000000 -41.962414 11.548537 -25.045070 0.543569 0.206119 0.663349 -0.471186
170.600000000 -42.060044 11.613071 -25.014353 0.543697 0.206332 0.663207 -0.471146
170.700000000 -42.118681 11.494928 -25.054155 0.543960 0.207412 0.662130 -0.471880
170.800000000 -42.187013 11.454189 -25.069085 0.544935 0.208418 0.660673 -0.472355
170.900000000 -42.209829 11.324562 -25.108817 0.546249 0.207207 0.660447 -0.471684
171.000000000 -42.193795 11.584196 -24.978838 0.556741 0.179012 0.671722 -0.454734
171.100000000 -42.350249 11.218300 -25.127096 0.558221 0.180134 0.669531 -0.455707
171.200000000 -42.329061 11.131910 -25.153663 0.558669 0.180172 0.669114 -0.455756
171.300000000 -42.330062 11.077133 -25.174020 0.560491 0.180597 0.667626 -0.455533
171.400000000 -42.503307 10.889644 -25.249303 0.559081 0.180162 0.668883 -0.455595
171.500000000 -42.472092 10.802518 -25.281531 0.561562 0.180316 0.666919 -0.455361
171.600000000 -42.458370 10.647038 -25.332393 0.560869 0.180199 0.667323 -0.455669
171.700000000 -42.573835 10.523871 -25.390147 0.561905 0.181061 0.666089 -0.455857
171.800000000 -42.558181 10.526744 -25.384793 0.563803 0.180470 0.665130 -0.455147
171.900000000 -42.653765 10.486179 -25.393254 0.561621 0.181314 0.666179 -0.455974
172.000000000 -42.708831 10.494867 -25.386771 0.560879 0.181364 0.666839 -0.455903
172.100000000 -42.760063 10.378459 -25.432643 0.561171 0.178819 0.668353 -0.454328
172.200000000 -42.805842 10.439036 -25.406395 0.560348 0.179748 0.668400 -0.454909
172.300000000 -42.811819 10.426347 -25.403890 0.560749 0.179367 0.668368 -0.454614
172.400000000 -42.826120 10.484759 -25.371803 0.561608 0.178819 0.668047 -0.454239
172.500000000 -42.851706 10.535155 -25.340985 0.560838 0.178569 0.668618 -0.454448
172.600000000 -42.785841 10.655084 -25.282024 0.561019 0.179053 0.668040 -0.454885
172.700000000 -42.857333 10.432862 -25.379556 0.562763 0.177827 0.667743 -0.453646
172.800000000 -42.840033 10.608566 -25.300689 0.571724 0.166153 0.667649 -0.446956
172.900000000 -42.639660 10.677192 -25.262219 0.570528 0.166371 0.668880 -0.446562
173.000000000 -42.713648 10.783203 -25.225703 0.569022 0.173844 0.665705 -0.450365
173.100000000 -42.677061 10.759973 -25.233600 0.570309 0.172356 0.665790 -0.449183
173.200000000 -42.795032 10.589961 -25.299616 0.568611 0.174215 0.665847 -0.450531
173.300000000 -42.803573 10.486175 -25.349643 0.572607 0.168073 0.666456 -0.446887
173.400000000 -42.501728 10.624160 -25.274892 0.572862 0.165691 0.668164 -0.444896
173.500000000 -42.657253 10.912177 -25.169418 0.597013 0.107962 0.682821 -0.407033
173.600000000 -42.645395 10.931867 -25.158760 0.596418 0.107407 0.683745 -0.406500
173.700000000 -42.649146 10.964885 -25.146631 0.596666 0.107502 0.683612 -0.406334
173.800000000 -42.694893 10.952575 -25.155816 0.596920 0.107712 0.683343 -0.406358
173.900000000 -42.695377 10.974847 -25.148770 0.597463 0.107712 0.683061 -0.406035
174.000000000 -42.740351 10.984527 -25.151988 0.597946 0.108048 0.682466 -0.406233
174.100000000 -42.767251 11.007329 -25.146408 0.598208 0.108298 0.682259 -0.406130
174.200000000 -42.798616 11.032155 -25.143326 0.599540 0.108784 0.681016 -0.406121
174.300000000 -42.823361 11.024330 -25.148111 0.600378 0.108916 0.680302 -0.406046
174.400000000 -42.853573 11.032205 -25.151051 0.600977 0.109169 0.679643 -0.406195
174.500000000 -43.012671 10.661263 -25.312159 0.603077 0.105116 0.679624 -0.404178
174.600000000 -43.039198 10.696313 -25.306109 0.604763 0.105637 0.677927 -0.404374
174.700000000 -43.048879 10.724141 -25.298848 0.605325 0.105480 0.677566 -0.404178
174.800000000 -43.095079 10.728999 -25.301899 0.606296 0.105875 0.676613 -0.404217
174.900000000 -43.198812 10.648081 -25.342213 0.605081 0.106778 0.677185 -0.404841
175.000000000 -43.216404 10.665416 -25.336220 0.605293 0.106969 0.676949 -0.404867
175.100000000 -43.308590 10.670894 -25.345002 0.607069 0.107910 0.674897 -0.405386
175.200000000 -43.313264 10.714550 -25.328985 0.607433 0.107752 0.674637 -0.405315
175.300000000 -43.325311 10.801149 -25.306959 0.610367 0.108129 0.671852 -0.405432
175.400000000 -43.314201 10.871869 -25.279435 0.610129 0.107919 0.672262 -0.405166
175.500000000 -43.395622 10.886872 -25.275812 0.610159 0.108132 0.672029 -0.405451
175.600000000 -43.527323 10.782263 -25.329781 0.609749 0.108445 0.672330 -0.405486
175.700000000 -43.607457 10.560362 -25.419470 0.606805 0.107272 0.675126 -0.405568
175.800000000 -43.569031 10.608079 -25.404963 0.609406 0.106179 0.673469 -0.404709
175.900000000 -43.560167 10.706554 -25.362759 0.610158 0.105330 0.673140 -0.404345
176.000000000 -43.573728 10.724660 -25.354451 0.609655 0.104972 0.673760 -0.404165
176.100000000 -43.680757 10.700567 -25.380712 0.611416 0.106147 0.671628 -0.404745
176.200000000 -43.701639 10.610895 -25.418389 0.607336 0.106330 0.675196 -0.404904
176.300000000 -43.658813 10.622560 -25.413881 0.607352 0.105507 0.675692 -0.404267
176.400000000 -43.662181 10.742877 -25.368968 0.609016 0.105320 0.674307 -0.404125
176.500000000 -43.682293 10.809737 -25.354607 0.610398 0.105473 0.672976 -0.404218
176.600000000 -43.716969 10.817864 -25.358311 0.611447 0.105785 0.671800 -0.404508
176.700000000 -43.662769 10.768034 -25.377760 0.609398 0.105631 0.673788 -0.404333
176.800000000 -43.631724 10.711679 -25.397162 0.607919 0.104768 0.675384 -0.404123
176.900000000 -43.219833 10.651275 -25.416613 0.612700 0.095687 0.676255 -0.397646
177.000000000 -43.277575 10.768048 -25.368817 0.611547 0.093762 0.677687 -0.397440
177.100000000 -43.091500 11.035341 -25.271089 0.620974 0.073531 0.680740 -0.381547
177.200000000 -43.205600 10.788422 -25.396315 0.635527 0.036794 0.684082 -0.356067
177.300000000 -43.458731 10.640874 -25.488764 0.637438 0.036682 0.681957 -0.356737
177.400000000 -43.384600 10.720198 -25.454336 0.637582 0.035756 0.682288 -0.355942
177.500000000 -43.371107 10.793371 -25.429157 0.637867 0.035552 0.682121 -0.355771
177.600000000 -43.381131 10.862121 -25.416654 0.638362 0.035804 0.681690 -0.355683
177.700000000 -43.443530 10.908345 -25.399271 0.637284 0.036130 0.682546 -0.355943
177.800000000 -43.418074 10.976389 -25.382670 0.638289 0.036125 0.681723 -0.355718
177.900000000 -43.440352 10.991927 -25.383079 0.639032 0.035792 0.681226 -0.355370
178.000000000 -43.507978 10.981371 -25.399607 0.639372 0.037283 0.680287 -0.356402
178.100000000 -43.435962 11.032204 -25.374407 0.637693 0.036932 0.682289 -0.355620
178.200000000 -43.456746 11.066997 -25.371300 0.638029 0.037173 0.681855 -0.355824
178.300000000 -43.267983 11.104542 -25.364593 0.641294 0.034479 0.680087 -0.353603
178.400000000 -43.461914 11.110432 -25.375351 0.640440 0.036073 0.680081 -0.355001
178.500000000 -43.541117 11.144840 -25.365884 0.639754 0.036863 0.680472 -0.355406
178.600000000 -43.549585 11.210824 -25.348093 0.639792 0.036804 0.680536 -0.355223
178.700000000 -43.531365 11.198144 -25.354803 0.639781 0.036193 0.680808 -0.354783
178.800000000 -43.600606 11.203657 -25.355385 0.639144 0.038116 0.680575 -0.356174
178.900000000 -43.698551 11.108191 -25.411279 0.641090 0.037174 0.678839 -0.356089
179.000000000 -43.660525 11.154435 -25.402928 0.642629 0.036325 0.677943 -0.355109
179.100000000 -43.628012 11.226177 -25.378820 0.642640 0.036358 0.677935 -0.355099
179.200000000 -43.580956 11.357486 -25.324978 0.640712 0.037474 0.679674 -0.355143
179.300000000 -43.672978 11.396847 -25.316598 0.639893 0.038975 0.679837 -0.356146
179.400000000 -43.734000 11.296081 -25.372909 0.641586 0.038109 0.678321 -0.356084
179.500000000 -43.428494 10.880803 -25.529711 0.640636 0.028336 0.683014 -0.349678
179.600000000 -43.353022 10.556190 -25.696048 0.656180 -0.011105 0.682897 -0.320868
179.700000000 -43.433235 10.537325 -25.715747 0.655917 -0.011217 0.683219 -0.320715
179.800000000 -43.376486 10.613176 -25.680219 0.656266 -0.011514 0.683080 -0.320288
179.900000000 -43.445590 10.687316 -25.661805 0.656610 -0.010125 0.682302 -0.321287
180.000000000 -43.463689 10.727765 -25.647697 0.656203 -0.010171 0.682866 -0.320918
180.100000000 -43.499404 10.735861 -25.650608 0.656713 -0.010647 0.682468 -0.320705
180.200000000 -43.584569 10.758874 -25.652578 0.656988 -0.009728 0.681999 -0.321168
180.300000000 -43.584504 10.805939 -25.641558 0.656737 -0.009584 0.682307 -0.321033
180.400000000 -43.615394 10.849865 -25.629529 0.656821 -0.009278 0.682108 -0.321292
180.500000000 -43.621738 10.889545 -25.612558 0.656730 -0.009521 0.682399 -0.320854
180.600000000 -43.672728 10.918366 -25.605595 0.656281 -0.008917 0.682695 -0.321160
180.700000000 -43.727172 10.880342 -25.628486 0.657499 -0.011099 0.682098 -0.319865
180.800000000 -43.713454 10.955374 -25.595483 0.656855 -0.009874 0.682365 -0.320660
180.900000000 -43.766756 10.985271 -25.589899 0.657274 -0.009769 0.681936 -0.320717
181.000000000 -43.863822 10.954128 -25.614384 0.657847 -0.010015 0.681412 -0.320647
181.100000000 -43.874561 11.007181 -25.594083 0.657837 -0.009987 0.681486 -0.320512
181.200000000 -43.891103 11.048846 -25.583792 0.657937 -0.009602 0.681229 -0.320863
181.300000000 -43.955375 11.075465 -25.576835 0.658557 -0.009430 0.680535 -0.321068
181.400000000 -43.992047 11.048164 -25.594273 0.659508 -0.011155 0.680173 -0.319827
181.500000000 -44.038867 10.991651 -25.642119 0.662623 -0.010296 0.676673 -0.320841
181.600000000 -44.015769 10.997409 -25.641305 0.662801 -0.010723 0.676638 -0.320533
181.700000000 -44.097749 11.079512 -25.609098 0.662302 -0.010700 0.677252 -0.320267
181.800000000 -44.140041 11.119274 -25.593722 0.662558 -0.010381 0.676941 -0.320406
181.900000000 -44.137145 11.136607 -25.591784 0.663029 -0.009624 0.676219 -0.320979
182.000000000 -44.266092 11.068335 -25.625661 0.663872 -0.010855 0.675502 -0.320707
182.100000000 -44.260210 11.137981 -25.593679 0.663065 -0.010339 0.676242 -0.320833
182.200000000 -44.303154 11.164004 -25.589422 0.664094 -0.010024 0.675061 -0.321204
182.300000000 -44.373234 11.171379 -25.596893 0.665163 -0.009072 0.673651 -0.321977
182.400000000 -44.463549 11.158465 -25.606832 0.665329 -0.009210 0.673342 -0.322277
182.500000000 -44.544191 11.115345 -25.628964 0.665864 -0.011094 0.673282 -0.321238
182.600000000 -44.537118 11.175408 -25.595974 0.664921 -0.010149 0.673982 -0.321754
182.700000000 -44.596671 11.218266 -25.584205 0.665363 -0.008676 0.673099 -0.322729
182.800000000 -44.580872 11.139745 -25.610514 0.665155 -0.012002 0.674222 -0.320701
182.900000000 -44.621521 11.157131 -25.609412 0.666304 -0.011396 0.672848 -0.321224
183.000000000 -44.656631 11.235078 -25.580841 0.666497 -0.009326 0.672034 -0.322592
183.100000000 -44.694084 11.302772 -25.554340 0.666950 -0.008554 0.671327 -0.323148
183.200000000 -44.408849 11.142488 -25.626561 0.675725 -0.056641 0.676847 -0.286471
183.300000000 -44.444376 11.182628 -25.615520 0.676131 -0.056580 0.676455 -0.286451
183.400000000 -44.404574 11.314922 -25.559151 0.678714 -0.060660 0.674832 -0.283318
183.500000000 -44.539031 11.449785 -25.527514 0.683312 -0.060667 0.669762 -0.284294
183.600000000 -44.544220 11.545912 -25.489340 0.683945 -0.060864 0.669209 -0.284032
183.700000000 -44.538166 11.625908 -25.447781 0.682873 -0.060410 0.670355 -0.284007
183.800000000 -44.477484 11.736544 -25.405573 0.685789 -0.061977 0.667598 -0.283134
183.900000000 -44.345895 11.866649 -25.331173 0.683089 -0.060193 0.670446 -0.283317
184.000000000 -44.434134 11.910105 -25.315938 0.683307 -0.057283 0.669437 -0.285769
184.100000000 -44.507356 11.915356 -25.312645 0.682887 -0.056374 0.669511 -0.286779
184.200000000 -44.577187 11.946357 -25.308409 0.685001 -0.055791 0.666962 -0.287791
184.300000000 -44.639902 11.950867 -25.306924 0.683658 -0.049621 0.667105 -0.291754
184.400000000 -44.593474 11.949386 -25.298983 0.683061 -0.053621 0.668657 -0.288878
184.500000000 -44.690868 11.912422 -25.319718 0.684318 -0.049277 0.666066 -0.292637
184.600000000 -44.850862 11.800196 -25.363127 0.683154 -0.051330 0.667445 -0.291862
184.700000000 -44.892134 11.821402 -25.360579 0.685711 -0.051179 0.664594 -0.292398
184.800000000 -44.920973 11.860651 -25.336471 0.685613 -0.050839 0.664429 -0.293059
184.900000000 -44.949443 11.887581 -25.321517 0.685412 -0.050828 0.664621 -0.293098
185.000000000 -44.995655 11.910458 -25.322273 0.688668 -0.052410 0.661505 -0.292233
185.100000000 -45.071851 11.881546 -25.319706 0.686976 -0.049239 0.662220 -0.295134
185.200000000 -45.093149 11.749266 -25.375190 0.686552 -0.049076 0.662480 -0.295563
185.300000000 -45.159356 11.785370 -25.354786 0.687370 -0.048508 0.661186 -0.296652
185.400000000 -45.214536 11.811892 -25.345038 0.688749 -0.049915 0.659927 -0.296021
185.500000000 -45.243670 11.794340 -25.337552 0.684372 -0.041951 0.662302 -0.302045
185.600000000 -45.296570 11.749833 -25.362296 0.688056 -0.048586 0.659872 -0.297972
185.700000000 -45.291687 11.790740 -25.344678 0.689501 -0.049858 0.658563 -0.297315
185.800000000 -45.341906 11.735987 -25.356807 0.687783 -0.047673 0.659390 -0.299811
185.900000000 -45.374165 11.779390 -25.330030 0.687232 -0.045510 0.659407 -0.301368
186.000000000 -45.383937 11.722241 -25.350232 0.685329 -0.038033 0.659727 -0.306004
186.100000000 -45.162131 11.550489 -25.414373 0.683461 -0.051645 0.665672 -0.295117
186.200000000 -44.999397 11.404517 -25.487874 0.686315 -0.060773 0.665558 -0.286899
186.300000000 -44.944931 11.328449 -25.508067 0.684360 -0.063709 0.668315 -0.284514
186.400000000 -44.935740 11.343397 -25.495378 0.684452 -0.067554 0.668882 -0.282060
186.500000000 -44.908535 11.360465 -25.480924 0.683310 -0.066399 0.669918 -0.282645
186.600000000 -44.810991 11.339918 -25.472011 0.680822 -0.067489 0.672775 -0.281605
186.700000000 -44.803331 11.048763 -25.609641 0.681403 -0.059056 0.670212 -0.288128
186.800000000 -44.969045 11.107183 -25.601892 0.687721 -0.088964 0.669077 -0.267324
186.900000000 -44.968985 11.206935 -25.553784 0.690608 -0.102450 0.668510 -0.256242
187.000000000 -44.926018 11.210635 -25.550428 0.693187 -0.108456 0.667272 -0.249955
187.100000000 -44.801497 11.208047 -25.539763 0.691557 -0.110153 0.669215 -0.248530
187.200000000 -44.783250 11.208929 -25.537343 0.692803 -0.108566 0.668038 -0.248923
187.300000000 -44.750746 11.207454 -25.533339 0.693573 -0.108207 0.667176 -0.249248
187.400000000 -44.855214 11.157972 -25.549041 0.693330 -0.111704 0.667331 -0.247959
187.500000000 -44.922273 11.170359 -25.534745 0.691303 -0.118570 0.669762 -0.243844
187.600000000 -44.916898 11.213734 -25.516032 0.695137 -0.119005 0.666080 -0.242818
187.700000000 -44.848480 11.289768 -25.476589 0.702227 -0.122713 0.659572 -0.238292
187.800000000 -44.661045 11.396012 -25.411032 0.710668 -0.094140 0.650065 -0.252001
187.900000000 -44.737535 11.386081 -25.417941 0.705452 -0.095770 0.657758 -0.246007
188.000000000 -44.898863 11.309725 -25.450189 0.705513 -0.097952 0.659456 -0.240365
188.100000000 -44.934904 11.122167 -25.508302 0.712557 -0.089044 0.651625 -0.244374
188.200000000 -44.830939 10.679107 -25.707397 0.702692 -0.103476 0.665504 -0.229394
188.300000000 -44.910592 10.545978 -25.782184 0.684809 -0.106099 0.683131 -0.230460
188.400000000 -45.018172 10.615656 -25.752840 0.683325 -0.103690 0.684516 -0.231846
188.500000000 -45.071801 10.651780 -25.710911 0.678805 -0.084968 0.685775 -0.248429
188.600000000 -45.222187 11.989029 -25.078473 0.748770 -0.209522 0.609990 -0.152826
188.700000000 -45.368022 13.496612 -24.216861 0.807681 -0.245696 0.520136 -0.129397
188.800000000 -45.213380 14.710698 -23.585946 0.820877 -0.268808 0.492080 -0.108444
188.900000000 -45.274460 14.726943 -23.566033 0.818408 -0.257895 0.499122 -0.120728
189.000000000 -45.424183 14.711173 -23.524801 0.816073 -0.241876 0.506189 -0.138899
189.100000000 -45.484422 14.680241 -23.514791 0.807702 -0.215153 0.524069 -0.163336
189.200000000 -45.565274 14.594708 -23.538514 0.811342 -0.234652 0.518152 -0.134838
189.300000000 -45.633400 14.524925 -23.575413 0.799647 -0.234628 0.536951 -0.131141
189.400000000 -45.566994 14.384251 -23.662788 0.795815 -0.250532 0.540191 -0.110027
189.500000000 -45.528065 14.285791 -23.704199 0.787445 -0.247909 0.553965 -0.107674
189.600000000 -45.344620 14.256310 -23.736866 0.789305 -0.274653 0.544917 -0.068034
189.700000000 -44.957388 14.082353 -23.901075 0.775803 -0.265074 0.569419 -0.060231
189.800000000 -44.868455 13.959078 -23.972906 0.773400 -0.268434 0.572171 -0.049150
189.900000000 -44.823727 13.968785 -23.965521 0.758045 -0.251653 0.598005 -0.066550
190.000000000 -44.747214 13.717422 -24.113325 0.751525 -0.266326 0.602555 -0.034766
190.100000000 -44.524742 13.731784 -24.123419 0.747835 -0.258584 0.610004 -0.042095
190.200000000 -44.389736 13.639169 -24.203501 0.748920 -0.268560 0.605180 -0.027407
190.300000000 -44.143233 13.608206 -24.230941 0.748514 -0.271051 0.604730 -0.023662
190.400000000 -44.058994 13.584768 -24.245192 0.753047 -0.267977 0.600203 -0.029407
190.500000000 -43.874090 13.498345 -24.327097 0.751238 -0.265414 0.603636 -0.028634
190.600000000 -43.927790 13.479633 -24.331571 0.741301 -0.261757 0.617156 -0.032769
190.700000000 -44.029232 13.397005 -24.333312 0.730956 -0.266816 0.627617 -0.024673
190.800000000 -44.187654 13.287509 -24.365534 0.737139 -0.267063 0.619893 -0.032186
190.900000000 -44.484622 13.185104 -24.353414 0.732801 -0.266634 0.625330 -0.029533
191.000000000 -44.689146 13.028628 -24.366963 0.740429 -0.298449 0.602194 0.007382
191.100000000 -44.741264 12.591106 -24.612851 0.742371 -0.330936 0.581506 0.034897
191.200000000 -45.073500 12.602330 -24.530373 0.734853 -0.320126 0.597389 0.025222
191.300000000 -45.603846 12.727599 -24.348097 0.743762 -0.329264 0.581446 0.017983
191.400000000 -45.840340 12.746647 -24.267325 0.748689 -0.333765 0.572630 0.012697
191.500000000 -45.976077 12.730914 -24.245124 0.752582 -0.333081 0.568025 0.004912
191.600000000 -46.048322 12.671114 -24.253819 0.753335 -0.331908 0.567704 -0.006062
191.700000000 -46.430764 12.732672 -24.158985 0.751551 -0.332990 0.569424 -0.006659
191.800000000 -46.931398 12.785489 -24.042124 0.753296 -0.337538 0.564438 -0.004827
191.900000000 -47.062072 12.718196 -24.058571 0.742811 -0.327483 0.583938 -0.001917
192.000000000 -48.776857 13.055314 -23.297041 0.785484 -0.375347 0.490611 -0.037831
192.100000000 -49.357584 13.120482 -23.195039 0.767932 -0.365117 0.525486 -0.028866
192.200000000 -49.423649 12.875153 -23.142289 0.785640 -0.395651 0.474266 -0.036078
192.300000000 -49.491438 12.695976 -23.145742 0.783695 -0.409674 0.466074 -0.027649
192.400000000 -48.766881 12.098748 -23.608483 0.771412 -0.432484 0.466620 0.012098
192.500000000 -48.953552 12.064787 -23.648049 0.753044 -0.418819 0.506420 0.032468
192.600000000 -49.308928 12.122446 -23.484007 0.741294 -0.430025 0.513893 0.038417
192.700000000 -50.094841 12.466961 -23.112079 0.754573 -0.442499 0.483523 0.031923
192.800000000 -50.112481 12.439499 -23.111540 0.758808 -0.448651 0.471298 0.028281
192.900000000 -49.559504 12.170937 -23.479829 0.736398 -0.447587 0.503094 0.065431
193.000000000 -49.547499 12.189744 -23.298566 0.779411 -0.467265 0.417306 0.006157
193.100000000 -50.127874 12.526844 -22.983497 0.784752 -0.500960 0.362736 0.040325
193.200000000 -47.940739 12.409358 -24.061468 0.740886 -0.373456 0.550934 0.089949
193.300000000 -47.391357 12.861119 -23.954202 0.810082 -0.357381 0.464537 -0.015863
193.400000000 -45.836851 12.957753 -24.208188 0.793648 -0.296704 0.521896 -0.098563
193.500000000 -44.006649 12.895847 -24.284850 0.802138 -0.283607 0.517869 -0.089183
193.600000000 -44.359520 12.817688 -24.157170 0.806429 -0.287056 0.499365 -0.133810
193.700000000 -45.489877 12.724016 -24.342713 0.794238 -0.300204 0.519010 -0.098453
193.800000000 -45.289362 12.725988 -24.474823 0.769083 -0.294146 0.564010 -0.062301
193.900000000 -45.486502 12.645844 -24.490235 0.774508 -0.281644 0.558169 -0.096233
194.000000000 -45.945721 12.460385 -24.469997 0.789966 -0.307483 0.522463 -0.091873
194.100000000 -45.536594 12.424259 -24.550930 0.778309 -0.301117 0.545529 -0.077211
194.200000000 -45.342536 12.390898 -24.586160 0.780839 -0.303592 0.541837 -0.067346
194.300000000 -45.344763 12.355654 -24.656255 0.764510 -0.299174 0.566925 -0.067930
194.400000000 -45.301459 12.317046 -24.654466 0.773733 -0.304766 0.551551 -0.065168
194.500000000 -45.158818 12.223308 -24.703261 0.772445 -0.305622 0.552668 -0.066952
194.600000000 -45.174816 12.170131 -24.765473 0.770341 -0.303894 0.556421 -0.067952
194.700000000 -45.011284 12.129681 -24.804506 0.776599 -0.296563 0.550298 -0.078208
194.800000000 -45.252825 12.038868 -24.822415 0.782146 -0.291261 0.544610 -0.082548
194.900000000 -45.624562 11.882247 -24.850709 0.748524 -0.298136 0.588503 -0.067019
195.000000000 -46.121646 11.800862 -24.848269 0.771527 -0.327962 0.544133 -0.033261
195.100000000 -45.408291 11.821000 -24.992768 0.762822 -0.305937 0.566374 -0.061037
195.200000000 -45.084210 11.741872 -25.094490 0.768548 -0.303819 0.558690 -0.069950
195.300000000 -45.142616 11.699193 -25.123464 0.765269 -0.303181 0.564089 -0.065179
195.400000000 -45.109949 11.693887 -25.189232 0.761865 -0.306926 0.567027 -0.061965
195.500000000 -45.056596 11.676674 -25.194657 0.759081 -0.313184 0.567899 -0.056603
195.600000000 -45.005309 11.559178 -25.156805 0.771688 -0.319543 0.547068 -0.055734
195.700000000 -44.884542 11.545151 -25.134476 0.791900 -0.323085 0.514602 -0.060796
195.800000000 -44.746216 11.493635 -25.099538 0.804435 -0.335805 0.487202 -0.052480
195.900000000 -44.140169 11.500757 -24.987508 0.804895 -0.342980 0.480520 -0.060079
196.000000000 -43.843621 11.495861 -24.984587 0.798189 -0.387304 0.460618 -0.026869
196.100000000 -44.038689 11.682165 -24.950755 0.731827 -0.285802 0.605833 -0.125355
196.200000000 -43.896580 12.098955 -24.676283 0.718458 -0.152184 0.639158 -0.228330
196.300000000 -43.208269 12.752104 -24.365388 0.685799 -0.170859 0.676774 -0.206067
196.400000000 -42.950705 12.869442 -24.311455 0.607704 -0.001887 0.716327 -0.342884
196.500000000 -42.802860 12.443571 -24.455851 0.585305 -0.005574 0.732666 -0.347259
196.600000000 -42.797730 12.438297 -24.468113 0.588102 -0.006963 0.730764 -0.346514
196.700000000 -42.603409 12.494500 -24.371941 0.589814 -0.011398 0.729457 -0.346239
196.800000000 -42.478365 12.528121 -24.346975 0.596510 -0.016181 0.726865 -0.339971
196.900000000 -42.389607 12.593037 -24.390908 0.587246 -0.026283 0.735747 -0.336343
197.000000000 -42.230639 12.659885 -24.317629 0.594590 -0.031534 0.732407 -0.330224
197.100000000 -42.126638 12.671422 -24.329353 0.590306 -0.035362 0.736065 -0.329388
197.200000000 -41.979677 12.711713 -24.305761 0.595034 -0.041057 0.734598 -0.323442
197.300000000 -41.933880 12.696041 -24.322816 0.596216 -0.043509 0.734577 -0.320983
197.400000000 -41.888899 12.709185 -24.333326 0.594737 -0.049058 0.737644 -0.315852
197.500000000 -41.855522 12.695315 -24.393164 0.595272 -0.049752 0.737777 -0.314422
197.600000000 -41.750056 12.719504 -24.400517 0.594692 -0.049854 0.738687 -0.313367
197.700000000 -41.614443 12.725799 -24.391855 0.596179 -0.051474 0.737981 -0.311937
197.800000000 -41.610075 12.926838 -24.333396 0.600062 -0.018850 0.728584 -0.329750
197.900000000 -41.532698 12.886749 -24.390375 0.599383 -0.020487 0.729940 -0.327884
198.000000000 -41.474846 12.843244 -24.418817 0.600938 -0.020685 0.729101 -0.326889
198.100000000 -41.459901 12.791001 -24.446781 0.607633 -0.018254 0.723976 -0.326049
198.200000000 -41.320677 12.956829 -24.401556 0.608788 -0.015661 0.723182 -0.325790
198.300000000 -41.263703 12.874471 -24.452221 0.611754 -0.013009 0.720838 -0.325545
198.400000000 -41.247705 12.844426 -24.465509 0.614447 -0.011494 0.718799 -0.325039
198.500000000 -41.241576 12.870101 -24.491535 0.606995 -0.009971 0.723321 -0.329036
198.600000000 -41.163567 12.837749 -24.516689 0.606959 -0.006689 0.722135 -0.331778
198.700000000 -41.103037 12.884377 -24.518789 0.606271 -0.006846 0.723378 -0.330322
198.800000000 -41.040043 12.887536 -24.508332 0.609866 -0.002644 0.719842 -0.331486
198.900000000 -40.963406 12.817778 -24.607461 0.606049 0.004711 0.720580 -0.336819
199.000000000 -40.941336 12.840513 -24.573717 0.611524 0.009142 0.715377 -0.337921
199.100000000 -40.914617 12.784224 -24.615348 0.615073 0.017027 0.710428 -0.341595
199.200000000 -40.841289 13.070648 -24.516541 0.642682 -0.046510 0.707413 -0.290453
199.300000000 -40.783526 13.073010 -24.537443 0.644995 -0.039883 0.703892 -0.294832
199.400000000 -40.688298 12.885335 -24.590644 0.616693 0.023247 0.707218 -0.344952
199.500000000 -40.689135 12.848932 -24.618793 0.616975 0.026718 0.706337 -0.345999
199.600000000 -40.860839 13.095966 -24.580801 0.639252 -0.012449 0.701464 -0.314881
199.700000000 -40.774289 13.066822 -24.596674 0.640962 -0.009649 0.699587 -0.315680
199.800000000 -40.699577 13.064856 -24.606346 0.646346 -0.007627 0.694827 -0.315269
199.900000000 -40.631785 13.054632 -24.623299 0.647792 -0.006753 0.693286 -0.315713
200.000000000 -40.546916 13.018273 -24.657720 0.652013 -0.004651 0.689716 -0.314879
200.100000000 -40.454280 13.004126 -24.676011 0.656685 -0.005198 0.686359 -0.312489
200.200000000 -40.423019 12.965508 -24.696198 0.659578 -0.004747 0.684189 -0.311160
200.300000000 -40.311934 12.960308 -24.703607 0.659794 -0.005142 0.684523 -0.309957
200.400000000 -40.230488 12.868903 -24.750865 0.663291 -0.007091 0.682453 -0.307007
200.500000000 -40.244376 12.846678 -24.764152 0.662587 -0.006973 0.683437 -0.306339
200.600000000 -40.243298 12.824923 -24.790466 0.656787 0.006318 0.684202 -0.316951
200.700000000 -40.542969 13.562473 -24.557283 0.685937 -0.048067 0.673217 -0.271955
200.800000000 -40.533363 13.455546 -24.610715 0.684406 -0.038419 0.672840 -0.278206
200.900000000 -40.520654 13.452883 -24.610834 0.681585 -0.041671 0.676313 -0.276236
201.000000000 -40.543119 13.427470 -24.624259 0.680712 -0.041582 0.677727 -0.274932
201.100000000 -40.501355 13.426358 -24.625833 0.680855 -0.042320 0.678149 -0.273422
201.200000000 -40.495205 13.414703 -24.633906 0.681131 -0.040564 0.677780 -0.273916
201.300000000 -40.532409 13.378839 -24.651906 0.677956 -0.028522 0.677771 -0.283176
201.400000000 -40.527363 13.371903 -24.656496 0.676989 -0.024342 0.677645 -0.286166
201.500000000 -40.563062 13.323113 -24.677997 0.677290 -0.023482 0.677351 -0.286221
201.600000000 -40.611135 13.265068 -24.701911 0.675964 -0.022355 0.678037 -0.287817
201.700000000 -40.590769 13.282714 -24.693719 0.675690 -0.020602 0.678012 -0.288649
201.800000000 -40.692439 13.306412 -24.693356 0.675698 -0.020204 0.677798 -0.289161
201.900000000 -40.746519 13.166062 -24.739866 0.675242 -0.028322 0.680140 -0.283999
202.000000000 -40.840273 13.166659 -24.735824 0.677471 -0.038055 0.680786 -0.275892
202.100000000 -40.799704 13.237047 -24.689549 0.674386 -0.036921 0.683200 -0.277630
202.200000000 -40.741613 13.267897 -24.673926 0.673300 -0.035709 0.684029 -0.278381
202.300000000 -40.454779 13.600259 -24.491712 0.671390 -0.059788 0.692293 -0.257666
202.400000000 -40.091106 14.043545 -24.276964 0.669715 -0.053141 0.693276 -0.260820
202.500000000 -39.866054 14.145823 -24.171859 0.651838 0.002042 0.695172 -0.303050
202.600000000 -39.617641 14.388249 -24.033866 0.651484 -0.007632 0.699371 -0.293922
202.700000000 -39.613084 14.552213 -23.934751 0.648603 -0.018068 0.705301 -0.285551
202.800000000 -39.468314 14.682685 -23.864480 0.634965 0.033191 0.700095 -0.324938
202.900000000 -39.314432 14.779271 -23.823146 0.637051 0.032695 0.699308 -0.322590
203.000000000 -39.224721 14.857326 -23.795801 0.637672 0.033226 0.699089 -0.321784
203.100000000 -39.158532 14.866501 -23.798244 0.638386 0.034281 0.698401 -0.321752
203.200000000 -39.162359 14.884628 -23.776505 0.636541 0.033534 0.700121 -0.321750
203.300000000 -39.146051 14.856631 -23.779903 0.634502 0.035156 0.701293 -0.323047
203.400000000 -39.177777 14.856044 -23.748704 0.630858 0.032785 0.704902 -0.322578
203.500000000 -39.456811 14.460941 -23.983819 0.631788 0.062544 0.691697 -0.344220
203.600000000 -39.689361 14.557910 -23.957058 0.641614 0.023656 0.697985 -0.317159
203.700000000 -39.994907 14.236337 -24.117617 0.656028 -0.029403 0.701021 -0.278087
203.800000000 -40.131370 14.163689 -24.084405 0.652243 -0.054242 0.710270 -0.259139
203.900000000 -39.707443 14.328769 -23.885768 0.631449 -0.017632 0.719777 -0.287893
204.000000000 -39.409857 14.879945 -23.677733 0.622814 0.023024 0.715151 -0.316437
204.100000000 -39.073371 15.197465 -23.501451 0.622223 0.013284 0.719832 -0.307414
204.200000000 -38.775875 15.525467 -23.456711 0.629533 0.029574 0.709605 -0.315077
204.300000000 -38.711723 15.475070 -23.467226 0.628932 0.029405 0.710259 -0.314820
204.400000000 -38.763476 15.386838 -23.495644 0.627806 0.028961 0.711294 -0.314774
204.500000000 -38.676930 15.474397 -23.453583 0.627016 0.029928 0.711785 -0.315147
204.600000000 -38.766073 15.437835 -23.442437 0.624121 0.029503 0.713942 -0.316054
204.700000000 -38.704209 15.460737 -23.429604 0.625094 0.027033 0.714184 -0.313795
204.800000000 -38.513536 15.765118 -23.317816 0.625537 0.025885 0.715271 -0.310517
204.900000000 -38.500758 15.611545 -23.342101 0.620876 0.025595 0.718877 -0.311567
205.000000000 -38.491301 15.573515 -23.331320 0.618414 0.025295 0.720734 -0.312196
205.100000000 -38.594332 15.501597 -23.350798 0.616012 0.027583 0.721633 -0.314665
205.200000000 -38.719067 15.355846 -23.351487 0.609561 0.027358 0.726008 -0.317173
205.300000000 -38.739536 15.267391 -23.359699 0.607901 0.023269 0.728596 -0.314743
205.400000000 -38.303988 16.070899 -23.148248 0.617823 0.034906 0.718646 -0.317211
205.500000000 -38.186514 15.979438 -23.151281 0.613956 0.032298 0.722732 -0.315710
205.600000000 -38.252051 15.728055 -23.249337 0.616115 0.027799 0.722453 -0.312557
205.700000000 -38.451646 15.505631 -23.274620 0.609556 0.023369 0.728198 -0.312446
205.800000000 -38.489318 15.406283 -23.302682 0.607995 0.023613 0.729186 -0.313165
205.900000000 -38.321601 15.648466 -23.225749 0.608406 0.032781 0.725907 -0.319104
206.000000000 -37.969960 15.987199 -23.064664 0.610103 0.018955 0.730712 -0.305738
206.100000000 -37.999403 15.958912 -23.054934 0.607338 0.018637 0.732859 -0.306122
206.200000000 -37.997621 15.607002 -23.165578 0.603087 0.018954 0.735718 -0.307646
206.300000000 -38.272430 15.441396 -23.204193 0.601693 0.018831 0.735780 -0.310223
206.400000000 -38.160055 15.696863 -23.138659 0.599810 0.035255 0.731808 -0.321624
206.500000000 -37.665622 16.090608 -22.980819 0.601723 0.026800 0.734996 -0.311437
206.600000000 -37.670493 16.137109 -22.947110 0.599900 0.025258 0.737062 -0.310195
206.700000000 -37.751596 15.996313 -22.966255 0.596419 0.021904 0.740451 -0.309090
206.800000000 -37.732490 15.962107 -22.970020 0.596945 0.020182 0.740518 -0.308028
206.900000000 -37.832289 15.892061 -22.998000 0.595915 0.022533 0.740319 -0.310330
207.000000000 -37.795242 15.811286 -23.022485 0.596104 0.020902 0.740771 -0.309002
207.100000000 -37.632742 15.875865 -22.983384 0.596106 0.017602 0.742140 -0.305901
207.200000000 -37.546807 15.899955 -22.969742 0.595959 0.016989 0.742653 -0.304978
207.300000000 -37.282811 16.122893 -22.860575 0.594118 0.013629 0.745869 -0.300861
207.400000000 -37.365682 16.113857 -22.874644 0.591200 0.024135 0.744290 -0.309728
207.500000000 -37.368370 16.068918 -22.871287 0.589974 0.020856 0.746284 -0.307499
207.600000000 -37.337877 15.995798 -22.895353 0.589765 0.021241 0.746169 -0.308153
207.700000000 -37.398164 15.968069 -22.922572 0.587928 0.034129 0.742353 -0.319511
207.800000000 -37.180103 16.210292 -22.809629 0.586772 0.027080 0.746790 -0.311881
207.900000000 -37.132215 16.206523 -22.793947 0.585861 0.025965 0.747883 -0.311070
208.000000000 -37.284205 16.064801 -22.914824 0.582721 0.052068 0.739547 -0.332858
208.100000000 -37.366484 16.097165 -22.855441 0.577726 0.047654 0.745014 -0.330024
208.200000000 -37.328482 16.152536 -22.815489 0.577976 0.039061 0.748416 -0.322941
208.300000000 -37.241166 15.991721 -22.873356 0.578240 0.040122 0.747646 -0.324120
208.400000000 -37.183555 15.865371 -22.895628 0.576047 0.041758 0.748224 -0.326476
208.500000000 -37.224220 16.073042 -22.827723 0.576036 0.042153 0.748533 -0.325735
208.600000000 -37.102053 16.029758 -22.817064 0.576686 0.028053 0.753922 -0.313446
208.700000000 -36.970055 15.652914 -23.052275 0.570730 0.078169 0.736265 -0.355064
208.800000000 -36.993563 15.585141 -23.076810 0.571412 0.078870 0.735461 -0.355478
208.900000000 -37.169448 15.412243 -23.109499 0.567173 0.079856 0.737377 -0.358069
209.000000000 -37.064487 15.441386 -23.092437 0.566878 0.078811 0.738193 -0.357085
209.100000000 -36.975098 15.536716 -23.061216 0.567382 0.078177 0.738306 -0.356188
209.200000000 -36.862360 15.621828 -23.033335 0.568582 0.078287 0.737562 -0.355792
209.300000000 -36.795081 15.591656 -23.041122 0.568222 0.075934 0.739021 -0.353844
209.400000000 -36.774036 15.532120 -23.040938 0.566190 0.075651 0.740352 -0.354379
209.500000000 -36.795518 15.725886 -22.992369 0.566030 0.082215 0.737559 -0.358969
209.600000000 -36.811690 15.710887 -22.990455 0.565521 0.082504 0.737629 -0.359560
209.700000000 -36.773255 16.108404 -22.900267 0.568842 0.090387 0.731923 -0.364057
209.800000000 -36.414804 15.897804 -22.957011 0.571315 0.083049 0.733718 -0.358273
209.900000000 -36.292692 15.913493 -22.931208 0.569557 0.081913 0.735605 -0.357464
210.000000000 -36.360344 15.857431 -22.943146 0.568374 0.082436 0.735850 -0.358720
210.100000000 -36.238852 15.869100 -22.947416 0.570329 0.079833 0.735740 -0.356425
210.200000000 -36.204466 15.981402 -22.917881 0.569504 0.083585 0.734852 -0.358707
210.300000000 -35.984495 16.093811 -22.881256 0.570566 0.082147 0.735216 -0.356600
210.400000000 -35.985009 16.140303 -22.874392 0.570442 0.083470 0.734925 -0.357090
210.500000000 -36.075490 16.045856 -22.924967 0.571444 0.084833 0.733163 -0.358787
210.600000000 -35.947121 16.369740 -22.815925 0.569570 0.089646 0.732678 -0.361575
210.700000000 -35.814479 16.351662 -22.850669 0.572912 0.088459 0.731028 -0.359925
210.800000000 -35.796260 16.260874 -22.889551 0.574153 0.088343 0.730100 -0.359857
210.900000000 -35.777307 16.002696 -23.015685 0.577675 0.092193 0.725423 -0.362703
211.000000000 -35.958663 15.395910 -23.247906 0.576779 0.099432 0.721384 -0.370195
211.100000000 -36.012180 15.379719 -23.238964 0.573949 0.098850 0.723566 -0.370490
211.200000000 -35.976472 15.498704 -23.208529 0.573870 0.102275 0.722062 -0.372611
211.300000000 -36.014046 15.441317 -23.182161 0.569074 0.098413 0.726817 -0.371760
211.400000000 -36.106434 14.657383 -23.681490 0.573915 0.160840 0.687973 -0.414060
211.500000000 -36.184060 14.500885 -23.737841 0.573472 0.161923 0.687432 -0.415149
211.600000000 -36.312430 14.312232 -23.802576 0.572395 0.163457 0.686923 -0.416872
211.700000000 -36.569062 13.539673 -24.024377 0.564296 0.159460 0.693880 -0.417940
211.800000000 -36.716108 13.013195 -24.159009 0.556093 0.154766 0.701067 -0.418703
211.900000000 -36.824715 12.820959 -24.195788 0.550452 0.155020 0.704024 -0.421095
212.000000000 -36.913189 12.658007 -24.228242 0.545825 0.154841 0.706591 -0.422881
212.100000000 -36.879942 12.596246 -24.247619 0.545502 0.154607 0.706657 -0.423274
212.200000000 -36.558556 12.833581 -24.146186 0.548993 0.150652 0.706868 -0.419820
212.300000000 -36.671103 12.755898 -24.191532 0.549355 0.152543 0.705502 -0.420959
212.400000000 -36.743753 12.646921 -24.224233 0.547047 0.153089 0.706397 -0.422264
212.500000000 -36.747544 12.540767 -24.268783 0.547236 0.154265 0.705598 -0.422927
212.600000000 -36.578544 12.694936 -24.226646 0.550967 0.152808 0.704343 -0.420697
212.700000000 -36.525732 12.967574 -24.143142 0.551646 0.156876 0.701730 -0.422672
212.800000000 -36.539579 13.104172 -24.114684 0.551367 0.163320 0.697936 -0.426857
212.900000000 -36.564139 12.865301 -24.192828 0.550899 0.160690 0.699654 -0.425644
213.000000000 -36.543870 12.813643 -24.200859 0.549653 0.160462 0.700427 -0.426070
213.100000000 -36.405355 12.945758 -24.167944 0.551674 0.162592 0.697968 -0.426684
213.200000000 -36.366655 12.862275 -24.192871 0.551446 0.162066 0.698189 -0.426818
213.300000000 -36.168570 12.891904 -24.185126 0.554616 0.159167 0.697885 -0.424293
213.400000000 -36.015026 13.007894 -24.164822 0.557896 0.158954 0.696137 -0.422942
213.500000000 -36.085545 13.134655 -24.143427 0.558121 0.164558 0.692706 -0.426121
213.600000000 -35.977374 13.179807 -24.121097 0.557802 0.163432 0.693471 -0.425728
213.700000000 -35.919339 13.209314 -24.115092 0.558313 0.163303 0.693134 -0.425658
213.800000000 -35.804998 13.201432 -24.127522 0.560534 0.162336 0.692345 -0.424390
213.900000000 -35.775672 13.204587 -24.125245 0.559910 0.162599 0.692614 -0.424674
214.000000000 -35.863617 13.241769 -24.114741 0.559402 0.163065 0.692911 -0.424681
214.100000000 -35.826906 12.285676 -24.503412 0.535663 0.215398 0.671642 -0.464291
214.200000000 -35.839329 12.176360 -24.543771 0.535745 0.216458 0.670717 -0.465039
214.300000000 -35.796619 12.157174 -24.546228 0.535610 0.216263 0.670930 -0.464978
214.400000000 -35.850475 12.032052 -24.596401 0.534729 0.217887 0.670120 -0.466400
214.500000000 -35.497394 11.311644 -24.826018 0.536901 0.211921 0.672534 -0.463169
214.600000000 -35.516195 11.205747 -24.856558 0.535549 0.212662 0.672589 -0.464313
214.700000000 -35.531305 11.158121 -24.878604 0.535516 0.213567 0.671992 -0.464799
214.800000000 -35.486137 11.126871 -24.890003 0.535559 0.213254 0.672135 -0.464687
214.900000000 -35.458487 11.065478 -24.912655 0.535477 0.213450 0.672096 -0.464747
215.000000000 -35.358054 11.254674 -24.851245 0.536859 0.211607 0.672888 -0.462847
215.100000000 -35.343184 11.286738 -24.847139 0.537647 0.212151 0.672046 -0.462906
215.200000000 -35.337723 11.259869 -24.857432 0.537428 0.212691 0.671785 -0.463291
215.300000000 -35.317013 11.231084 -24.865650 0.537006 0.212411 0.672133 -0.463404
215.400000000 -35.268683 11.315762 -24.836952 0.536873 0.211512 0.672853 -0.462924
215.500000000 -35.206024 11.377193 -24.824285 0.538135 0.211607 0.672135 -0.462459
215.600000000 -35.164481 11.443694 -24.806497 0.538329 0.212406 0.671499 -0.462790
215.700000000 -35.100668 11.474490 -24.805141 0.539332 0.213584 0.670314 -0.462799
215.800000000 -34.883779 12.163751 -24.575117 0.540445 0.217519 0.667035 -0.464401
215.900000000 -34.840376 11.962759 -24.649928 0.541940 0.216302 0.667078 -0.463165
216.000000000 -34.669372 11.237835 -24.890351 0.541370 0.213916 0.668317 -0.463152
216.100000000 -34.702442 11.246375 -24.806962 0.559890 0.154432 0.695788 -0.422555
216.200000000 -34.692809 11.164839 -24.828091 0.558902 0.153916 0.696555 -0.422789
216.300000000 -34.677183 11.157512 -24.833559 0.559002 0.154402 0.696277 -0.422936
216.400000000 -34.602259 11.377553 -24.760425 0.559637 0.154394 0.696292 -0.422074
216.500000000 -34.619519 11.147911 -24.921930 0.540094 0.213262 0.669566 -0.463141
216.600000000 -34.671150 11.103086 -24.939939 0.539458 0.214434 0.669053 -0.464080
216.700000000 -34.469204 10.206110 -25.229995 0.538327 0.210255 0.671499 -0.463774
216.800000000 -34.494532 10.089957 -25.271308 0.537414 0.211087 0.671374 -0.464634
216.900000000 -34.463081 10.015360 -25.296826 0.537350 0.211152 0.671341 -0.464727
217.000000000 -34.444168 9.965067 -25.311339 0.536989 0.211317 0.671321 -0.465098
217.100000000 -34.476036 9.864176 -25.340501 0.535329 0.211765 0.671913 -0.465953
217.200000000 -34.165172 10.447560 -25.145697 0.539413 0.210257 0.670925 -0.463341
217.300000000 -34.191490 10.436057 -25.151957 0.538827 0.211195 0.670417 -0.464331
217.400000000 -34.231435 10.369221 -25.173228 0.537608 0.211683 0.670751 -0.465040
217.500000000 -34.197351 10.362137 -25.174164 0.537537 0.211796 0.670639 -0.465231
217.600000000 -34.171651 10.619565 -25.103211 0.538942 0.213606 0.669076 -0.465029
217.700000000 -34.082625 10.705129 -25.068048 0.538518 0.214629 0.668480 -0.465904
217.800000000 -34.038501 10.686683 -25.071703 0.537973 0.214297 0.668887 -0.466103
217.900000000 -34.049872 10.506004 -25.129685 0.538404 0.212219 0.670089 -0.464829
218.000000000 -34.000872 10.594206 -25.100871 0.538019 0.213280 0.669509 -0.465623
218.100000000 -33.902569 10.135427 -25.248581 0.538255 0.210837 0.670453 -0.465104
218.200000000 -33.956983 9.426972 -25.487897 0.536450 0.210741 0.671274 -0.466049
218.300000000 -33.937028 9.562036 -25.345975 0.558456 0.139693 0.702815 -0.417929
218.400000000 -33.932346 9.294558 -25.531471 0.535578 0.211343 0.671168 -0.466931
218.500000000 -33.750481 9.756268 -25.381426 0.538697 0.211620 0.669612 -0.465449
218.600000000 -33.591610 9.762643 -25.270054 0.560933 0.139126 0.701980 -0.416200
218.700000000 -33.819015 9.573186 -25.442021 0.537081 0.211086 0.670750 -0.465920
218.800000000 -33.784466 9.529276 -25.458085 0.537098 0.211001 0.670698 -0.466013
218.900000000 -33.809132 9.063395 -25.609027 0.534989 0.211635 0.671108 -0.467558
219.000000000 -33.508910 8.687574 -25.680775 0.550824 0.167047 0.690470 -0.438109
219.100000000 -33.507544 8.624865 -25.694594 0.549657 0.167065 0.691059 -0.438638
219.200000000 -33.511492 8.598718 -25.710926 0.549982 0.167046 0.690871 -0.438535
219.300000000 -33.503564 8.572294 -25.718198 0.549350 0.167170 0.691116 -0.438892
219.400000000 -33.497087 8.523678 -25.736678 0.549211 0.167315 0.690959 -0.439259
219.500000000 -33.629492 8.525578 -25.743489 0.547530 0.167989 0.691617 -0.440064
219.600000000 -33.653100 9.020810 -25.617826 0.534219 0.210689 0.672074 -0.467479
219.700000000 -33.673399 8.594150 -25.719560 0.545945 0.170133 0.691511 -0.441374
219.800000000 -33.494784 8.802145 -25.691467 0.534294 0.209504 0.672404 -0.467451
219.900000000 -33.294128 8.895093 -25.607399 0.548222 0.171190 0.689451 -0.441367
220.000000000 -33.280336 8.842889 -25.627626 0.548385 0.171401 0.689148 -0.441556
220.100000000 -33.157268 9.059817 -25.555411 0.550262 0.169739 0.689327 -0.439578
220.200000000 -33.330466 9.188239 -25.571000 0.535308 0.211678 0.670620 -0.467875
220.300000000 -33.133765 9.075938 -25.555152 0.550144 0.170263 0.689114 -0.439857
220.400000000 -33.451481 8.386998 -25.839469 0.532876 0.210351 0.672342 -0.468776
220.500000000 -33.118751 8.697794 -25.683701 0.548189 0.171767 0.688710 -0.442340
220.600000000 -33.055183 8.703194 -25.679926 0.548524 0.171334 0.688732 -0.442057
220.700000000 -33.006041 8.781755 -25.660334 0.550157 0.170663 0.688424 -0.440765
220.800000000 -32.935276 9.161438 -25.535741 0.549915 0.173180 0.687151 -0.442071
220.900000000 -32.817726 10.016721 -25.291419 0.544800 0.200241 0.673422 -0.457820
221.000000000 -32.490352 10.181035 -25.196544 0.553587 0.173693 0.685459 -0.439907
221.100000000 -32.346237 10.661366 -25.055403 0.555931 0.178069 0.681828 -0.440843
221.200000000 -32.315529 10.889865 -24.985137 0.556565 0.179385 0.680845 -0.441030
221.300000000 -32.517406 10.768187 -25.048967 0.546015 0.204105 0.670387 -0.459119
221.400000000 -32.404269 11.029030 -24.960901 0.548076 0.201078 0.671336 -0.456604
221.500000000 -32.333986 11.074825 -24.947825 0.548838 0.200521 0.671360 -0.455900
221.600000000 -32.230319 11.105667 -24.941119 0.551012 0.197980 0.671800 -0.453733
221.700000000 -32.153773 11.212066 -24.908552 0.552075 0.197306 0.671770 -0.452779
221.800000000 -31.929783 11.067755 -24.934417 0.559822 0.177116 0.680374 -0.438544
221.900000000 -32.091976 11.162311 -24.931198 0.549039 0.203545 0.669006 -0.457774
222.000000000 -31.851151 11.083909 -24.919466 0.556637 0.179449 0.680436 -0.441543
222.100000000 -32.001962 11.206791 -24.916469 0.549846 0.201968 0.669614 -0.456613
222.200000000 -31.693153 11.260752 -24.877353 0.559272 0.179898 0.678869 -0.440442
222.300000000 -31.911173 11.517725 -24.826819 0.549961 0.205637 0.667169 -0.458412
222.400000000 -31.683653 12.053619 -24.675941 0.555002 0.204421 0.665299 -0.455589
222.500000000 -31.438713 11.787685 -24.740265 0.561808 0.185107 0.674271 -0.442115
222.600000000 -31.388922 11.817524 -24.733768 0.562005 0.185580 0.673795 -0.442393
222.700000000 -31.357604 11.860676 -24.723678 0.562305 0.185899 0.673512 -0.442308
222.800000000 -31.398774 12.321718 -24.608912 0.558051 0.202554 0.664931 -0.453231
222.900000000 -31.334174 12.434187 -24.584141 0.559796 0.202518 0.664053 -0.452381
223.000000000 -31.214879 12.452627 -24.585480 0.562680 0.198905 0.664966 -0.449053
223.100000000 -31.113511 12.621117 -24.547539 0.564925 0.198399 0.664190 -0.447603
223.200000000 -31.016118 12.407694 -24.593301 0.566095 0.190518 0.668553 -0.443031
223.300000000 -30.954132 12.536828 -24.551758 0.564800 0.191752 0.668518 -0.444202
223.400000000 -30.996021 12.773942 -24.508441 0.563581 0.202156 0.662597 -0.449971
223.500000000 -30.844122 12.993429 -24.455989 0.566315 0.200714 0.662277 -0.447649
223.600000000 -30.737702 13.143878 -24.421705 0.567635 0.200428 0.661857 -0.446726
223.700000000 -30.711126 13.108543 -24.438362 0.568250 0.200662 0.661387 -0.446536
223.800000000 -30.610445 13.180018 -24.405343 0.567170 0.198875 0.663353 -0.445791
223.900000000 -30.486378 13.444180 -24.355446 0.570415 0.200204 0.661012 -0.444530
224.000000000 -30.393981 13.564166 -24.330190 0.571638 0.200168 0.660383 -0.443912
224.100000000 -30.335313 13.618621 -24.322093 0.572458 0.200517 0.659654 -0.443782
224.200000000 -30.221773 13.786594 -24.278392 0.573019 0.200220 0.659634 -0.443221
224.300000000 -30.150523 13.889374 -24.253715 0.572709 0.200331 0.660049 -0.442954
224.400000000 -30.061540 13.873131 -24.251216 0.572662 0.197931 0.661741 -0.441567
224.500000000 -30.051541 14.045582 -24.212728 0.571699 0.202532 0.659456 -0.444137
224.600000000 -29.987124 14.086527 -24.209562 0.572579 0.202904 0.658553 -0.444174
224.700000000 -29.918268 14.167911 -24.195628 0.573499 0.203147 0.657957 -0.443760
224.800000000 -29.828163 14.284771 -24.168599 0.573686 0.203545 0.657749 -0.443644
224.900000000 -29.746512 14.418481 -24.141499 0.574627 0.203627 0.657346 -0.442985
225.000000000 -29.692741 14.409057 -24.141022 0.573820 0.203130 0.658256 -0.442909
225.100000000 -29.620161 14.480743 -24.128202 0.574804 0.203698 0.657244 -0.442874
225.200000000 -29.545508 14.582557 -24.109448 0.576078 0.204060 0.656386 -0.442325
225.300000000 -29.544423 14.648122 -24.099469 0.574323 0.208739 0.654525 -0.445172
225.400000000 -29.413262 14.889780 -24.034618 0.574843 0.207867 0.655102 -0.444059
225.500000000 -29.284452 15.072639 -23.982774 0.574196 0.206679 0.656367 -0.443582
225.600000000 -29.184995 15.194396 -23.949771 0.573902 0.206422 0.656873 -0.443334
225.700000000 -29.115215 15.297024 -23.928242 0.574449 0.206636 0.656583 -0.442954
225.800000000 -29.095087 15.231593 -23.946940 0.573942 0.207151 0.656644 -0.443281
225.900000000 -29.019226 15.350413 -23.922402 0.574326 0.208097 0.655908 -0.443430
226.000000000 -29.100492 15.442402 -23.894940 0.569082 0.216908 0.652718 -0.450617
226.100000000 -29.013339 15.566385 -23.866972 0.569781 0.217310 0.652037 -0.450525
226.200000000 -28.847982 15.676128 -23.837100 0.571617 0.212796 0.654148 -0.447283
226.300000000 -28.754173 15.848435 -23.794653 0.571828 0.212699 0.654310 -0.446823
226.400000000 -28.594208 15.961084 -23.763397 0.573328 0.208233 0.656677 -0.443520
226.500000000 -28.487488 16.132109 -23.721995 0.573543 0.208633 0.656523 -0.443282
226.600000000 -28.387597 16.145549 -23.713976 0.573663 0.205894 0.658476 -0.441506
226.700000000 -28.478697 16.151174 -23.706422 0.567922 0.214477 0.655414 -0.449328
226.800000000 -28.405875 16.271594 -23.674751 0.568265 0.214356 0.655255 -0.449186
226.900000000 -28.294310 16.427852 -23.634710 0.568876 0.213881 0.655467 -0.448328
227.000000000 -28.228777 16.523321 -23.612111 0.568851 0.214644 0.655097 -0.448536
227.100000000 -28.117221 16.693811 -23.571680 0.569308 0.214450 0.655119 -0.448016
227.200000000 -28.027649 16.825199 -23.540728 0.569838 0.214468 0.654922 -0.447621
227.300000000 -27.940413 16.953052 -23.512301 0.569910 0.214549 0.654996 -0.447383
227.400000000 -27.877107 17.044015 -23.490731 0.569991 0.214989 0.654640 -0.447590
227.500000000 -27.773959 17.215569 -23.450170 0.570214 0.214942 0.654637 -0.447333
227.600000000 -27.703107 17.297958 -23.430594 0.569449 0.215159 0.654884 -0.447840
227.700000000 -27.658289 17.371854 -23.412376 0.568534 0.216708 0.654385 -0.448985
227.800000000 -27.592359 17.485408 -23.389255 0.568810 0.218018 0.653360 -0.449494
227.900000000 -27.505998 17.647705 -23.350517 0.568897 0.218293 0.653440 -0.449132
228.000000000 -27.452286 17.696952 -23.340319 0.568991 0.219054 0.652888 -0.449446
228.100000000 -27.362448 17.825613 -23.311898 0.568695 0.219827 0.652611 -0.449846
228.200000000 -27.255222 17.951104 -23.274950 0.568208 0.218868 0.653582 -0.449519
228.300000000 -27.199776 18.051473 -23.256153 0.568947 0.219089 0.653136 -0.449124
228.400000000 -27.126499 18.175105 -23.230601 0.569646 0.219225 0.652892 -0.448526
228.500000000 -26.979331 18.276038 -23.209553 0.569631 0.219172 0.653111 -0.448252
228.600000000 -26.930732 18.353355 -23.201944 0.570073 0.221056 0.651749 -0.448748
228.700000000 -26.876222 18.477299 -23.179228 0.570171 0.222965 0.650555 -0.449410
228.800000000 -26.759521 18.573180 -23.162348 0.570344 0.223578 0.650134 -0.449496
228.900000000 -26.745712 18.711512 -23.132352 0.570619 0.224328 0.649594 -0.449554
229.000000000 -26.579055 18.736588 -23.124814 0.569902 0.224631 0.649740 -0.450100
229.100000000 -26.534764 18.826160 -23.105478 0.569836 0.225553 0.649223 -0.450469
229.200000000 -26.536693 18.992908 -23.049369 0.568952 0.221968 0.652257 -0.448981
229.300000000 -26.448139 19.118683 -23.027277 0.569706 0.222681 0.651669 -0.448526
229.400000000 -26.363503 19.185980 -23.007165 0.569272 0.222317 0.651862 -0.448976
229.500000000 -26.272263 19.267384 -22.984661 0.568913 0.222626 0.651982 -0.449105
229.600000000 -26.142839 19.454807 -22.953802 0.569882 0.223255 0.651648 -0.448047
229.700000000 -26.030982 19.578974 -22.942358 0.571571 0.224599 0.650040 -0.447560
229.800000000 -25.964838 19.698043 -22.919794 0.571816 0.225637 0.649361 -0.447711
229.900000000 -25.875798 19.811703 -22.897866 0.572100 0.226309 0.648824 -0.447787
230.000000000 -25.803492 19.894035 -22.885331 0.572622 0.227129 0.648053 -0.447820
230.100000000 -25.703505 20.085496 -22.837792 0.573164 0.226144 0.648563 -0.446887
230.200000000 -25.649807 20.108384 -22.836104 0.573239 0.225799 0.648869 -0.446520
230.300000000 -25.545780 20.297278 -22.794696 0.574060 0.225062 0.648927 -0.445754
230.400000000 -25.454174 20.404054 -22.774454 0.574823 0.225291 0.648453 -0.445344
230.500000000 -25.359479 20.529204 -22.754297 0.575972 0.225256 0.647934 -0.444632
230.600000000 -25.284349 20.599216 -22.744306 0.576149 0.225982 0.647128 -0.445208
230.700000000 -25.201456 20.681668 -22.716926 0.575053 0.225074 0.648229 -0.445483
230.800000000 -25.111926 20.796567 -22.692750 0.574947 0.225007 0.648280 -0.445580
230.900000000 -25.033150 20.892028 -22.677199 0.575308 0.225139 0.647867 -0.445648
231.000000000 -24.945319 21.028097 -22.655426 0.575875 0.224188 0.647955 -0.445267
231.100000000 -24.843611 21.176736 -22.622176 0.575763 0.222735 0.648788 -0.444928
231.200000000 -24.686837 21.457416 -22.563842 0.579310 0.216437 0.651257 -0.439795
231.300000000 -24.636871 21.484928 -22.557587 0.576802 0.219465 0.650379 -0.442879
231.400000000 -24.583520 21.563588 -22.536034 0.574844 0.221952 0.649633 -0.445274
231.500000000 -24.496779 21.669172 -22.513299 0.574882 0.221806 0.649792 -0.445065
231.600000000 -24.409567 21.782516 -22.492316 0.575069 0.221780 0.649766 -0.444875
231.700000000 -24.326221 21.892192 -22.473845 0.575388 0.222331 0.649220 -0.444985
231.800000000 -24.241710 21.993929 -22.451721 0.575267 0.221880 0.649529 -0.444915
231.900000000 -24.107010 22.189160 -22.404150 0.575603 0.217817 0.652042 -0.442806
232.000000000 -24.007568 22.323720 -22.377189 0.576354 0.217336 0.652149 -0.441907
232.100000000 -23.933397 22.488158 -22.360196 0.578777 0.220213 0.649721 -0.440892
232.200000000 -23.833222 22.646483 -22.322084 0.578221 0.219666 0.650482 -0.440772
232.300000000 -23.740137 22.803022 -22.293142 0.578648 0.219503 0.650398 -0.440418
232.400000000 -23.648429 22.938474 -22.266065 0.577885 0.219698 0.650650 -0.440949
232.500000000 -23.569573 23.028647 -22.255990 0.578690 0.219888 0.650211 -0.440446
232.600000000 -23.464953 23.213022 -22.215254 0.577939 0.219932 0.651003 -0.440240
232.700000000 -23.363856 23.401971 -22.178205 0.578243 0.218861 0.651698 -0.439346
232.800000000 -23.269550 23.570709 -22.144185 0.577431 0.218075 0.652456 -0.439679
232.900000000 -23.177000 23.718611 -22.116424 0.577211 0.217457 0.653234 -0.439119
233.000000000 -23.060717 23.941946 -22.072940 0.577296 0.216254 0.654343 -0.437949
233.100000000 -22.942795 24.177826 -22.031326 0.578835 0.214184 0.655143 -0.435732
233.200000000 -22.844036 24.361872 -22.001090 0.578823 0.213937 0.655459 -0.435395
233.300000000 -22.737910 24.581974 -21.963406 0.578693 0.213425 0.656145 -0.434785
233.400000000 -22.677159 24.656998 -21.968261 0.578334 0.214154 0.655745 -0.435508
233.500000000 -22.578109 24.868593 -21.937891 0.579047 0.213194 0.656184 -0.434369
233.600000000 -22.506390 24.953136 -21.940673 0.578782 0.213266 0.656244 -0.434595
233.700000000 -22.402852 25.147475 -21.916580 0.579376 0.212311 0.656878 -0.433312
233.800000000 -22.307756 25.298924 -21.907744 0.579615 0.211751 0.657378 -0.432507
233.900000000 -22.218596 25.470142 -21.897610 0.579346 0.212165 0.657657 -0.432240
234.000000000 -22.222278 25.401940 -21.935654 0.575196 0.215174 0.657269 -0.436860
234.100000000 -22.225343 25.147546 -22.054248 0.577977 0.214324 0.655795 -0.435822
234.200000000 -22.169563 25.181089 -22.094866 0.578480 0.214449 0.655523 -0.435502
234.300000000 -22.190431 25.016183 -22.184610 0.575473 0.219410 0.653303 -0.440325
234.400000000 -22.124405 25.148807 -22.205307 0.575745 0.220958 0.652205 -0.440822
234.500000000 -22.068450 25.146233 -22.257508 0.576337 0.220065 0.652392 -0.440218
234.600000000 -21.973159 25.315249 -22.274034 0.577616 0.219201 0.652654 -0.438583
234.700000000 -21.919208 25.395943 -22.300892 0.575144 0.220155 0.653317 -0.440361
234.800000000 -21.892948 25.352361 -22.382401 0.576343 0.220994 0.652110 -0.440163
234.900000000 -21.794576 25.551575 -22.384223 0.576177 0.218871 0.653680 -0.439110
235.000000000 -21.730554 25.902204 -22.362763 0.575390 0.223813 0.651402 -0.441032
235.100000000 -21.614243 26.062613 -22.365437 0.574325 0.219137 0.654954 -0.439506
235.200000000 -21.551692 26.451272 -22.333195 0.574201 0.222220 0.653641 -0.440074
235.300000000 -21.493918 26.586090 -22.363965 0.573534 0.222972 0.653527 -0.440733
235.400000000 -21.432258 26.704296 -22.402500 0.573217 0.223169 0.653710 -0.440773
235.500000000 -21.394410 26.731021 -22.459845 0.572132 0.222491 0.654529 -0.441310
235.600000000 -21.345916 26.745315 -22.538264 0.573553 0.222613 0.653748 -0.440561
235.700000000 -21.315302 26.833766 -22.581808 0.571880 0.224053 0.653499 -0.442371
235.800000000 -21.258600 26.835388 -22.654174 0.572380 0.222786 0.654022 -0.441591
235.900000000 -21.231563 26.906948 -22.720654 0.573002 0.223896 0.653159 -0.441500
236.000000000 -21.170308 26.900909 -22.783461 0.571597 0.222080 0.654653 -0.442025
236.100000000 -21.125434 27.107174 -22.814319 0.572557 0.223523 0.653695 -0.441475
236.200000000 -21.107555 27.153921 -22.874930 0.571175 0.223553 0.654229 -0.442456
236.300000000 -21.060776 27.316370 -22.920754 0.572151 0.224444 0.653234 -0.442214
236.400000000 -20.927344 27.499788 -22.952180 0.572957 0.223589 0.653626 -0.441022
236.500000000 -20.805766 27.703534 -22.989267 0.574474 0.223796 0.652820 -0.440136
236.600000000 -20.740910 27.820249 -23.019136 0.572451 0.223342 0.653945 -0.441333
236.700000000 -20.456788 27.987954 -23.060734 0.574457 0.219107 0.655761 -0.438143
236.800000000 -20.433195 28.032490 -23.138877 0.575827 0.220364 0.654301 -0.437896
236.900000000 -20.588198 27.809624 -23.242425 0.570451 0.220774 0.656367 -0.441619
237.000000000 -20.570794 27.930443 -23.301189 0.571566 0.222598 0.654924 -0.441404
237.100000000 -20.507967 28.131683 -23.312393 0.569834 0.222802 0.655421 -0.442800
237.200000000 -20.467989 28.272363 -23.371580 0.571906 0.224444 0.653654 -0.441910
237.300000000 -20.466600 28.304629 -23.437474 0.571362 0.224860 0.653575 -0.442520
237.400000000 -20.412355 28.359516 -23.494540 0.571120 0.224379 0.653821 -0.442712
237.500000000 -20.333421 28.457026 -23.545368 0.570857 0.224373 0.654000 -0.442790
237.600000000 -20.332861 28.525163 -23.606228 0.571106 0.225896 0.652990 -0.443185
237.700000000 -20.328907 28.598164 -23.661456 0.570391 0.227175 0.652530 -0.444128
237.800000000 -20.253705 28.614703 -23.730119 0.570633 0.226399 0.652916 -0.443647
237.900000000 -20.098384 28.824215 -23.743802 0.570917 0.225449 0.653533 -0.442855
238.000000000 -19.987150 29.056919 -23.757301 0.571755 0.225346 0.653369 -0.442068
238.100000000 -19.963496 29.084691 -23.814050 0.571254 0.225074 0.653558 -0.442575
238.200000000 -19.967097 29.055577 -23.891128 0.571439 0.226152 0.652782 -0.442933
238.300000000 -19.895756 29.167571 -23.934158 0.571729 0.226658 0.652560 -0.442625
238.400000000 -19.890623 29.217970 -23.979651 0.571146 0.226800 0.652568 -0.443292
238.500000000 -19.817041 29.340084 -24.012293 0.571508 0.226965 0.652251 -0.443210
238.600000000 -19.802851 29.315107 -24.090784 0.571624 0.228668 0.650989 -0.444038
238.700000000 -19.735594 29.478297 -24.093311 0.570817 0.227661 0.652014 -0.444091
238.800000000 -19.606849 29.668117 -24.099856 0.571194 0.226580 0.652578 -0.443330
238.900000000 -19.439972 29.962238 -24.077594 0.571758 0.225339 0.653382 -0.442048
239.000000000 -19.345677 30.123897 -24.094743 0.572968 0.224790 0.653286 -0.440903
239.100000000 -19.246001 30.234158 -24.128006 0.573746 0.225068 0.652805 -0.440461
239.200000000 -19.211977 30.322333 -24.141172 0.572264 0.225565 0.653055 -0.441761
239.300000000 -19.141348 30.473126 -24.146568 0.572034 0.225415 0.653358 -0.441688
239.400000000 -19.063093 30.610004 -24.149880 0.571280 0.225609 0.653676 -0.442096
239.500000000 -19.058689 30.617754 -24.183836 0.570297 0.226676 0.653307 -0.443361
239.600000000 -19.034347 30.673806 -24.215247 0.570301 0.227996 0.652442 -0.443954
239.700000000 -18.943734 30.827101 -24.214895 0.570547 0.228110 0.652402 -0.443636
239.800000000 -18.895989 30.849460 -24.239240 0.569976 0.227488 0.652884 -0.443982
239.900000000 -18.674762 31.221951 -24.169335 0.569877 0.225987 0.654288 -0.442807
240.000000000 -18.676622 31.191650 -24.223612 0.570536 0.226756 0.653556 -0.442645
240.100000000 -18.554079 31.374057 -24.202579 0.571041 0.226095 0.653832 -0.441925
240.200000000 -18.452218 31.477090 -24.201156 0.571602 0.225181 0.654074 -0.441306
240.300000000 -18.390868 31.560733 -24.202233 0.571413 0.225277 0.654159 -0.441377
240.400000000 -18.280122 31.722979 -24.178458 0.571393 0.224598 0.654642 -0.441032
240.500000000 -18.199729 31.843131 -24.164909 0.571349 0.224104 0.654971 -0.440852
240.600000000 -18.048395 32.013669 -24.128478 0.571043 0.223519 0.655640 -0.440552
240.700000000 -18.059005 32.072577 -24.123253 0.569057 0.225987 0.654989 -0.442825
240.800000000 -17.983728 32.215874 -24.095635 0.569191 0.225756 0.655079 -0.442636
240.900000000 -17.852042 32.405006 -24.050816 0.569114 0.225122 0.655593 -0.442298
241.000000000 -17.801724 32.455301 -24.045122 0.568956 0.225010 0.655797 -0.442256
241.100000000 -17.771134 32.421164 -24.058187 0.568900 0.224641 0.655981 -0.442242
241.200000000 -17.696631 32.517419 -24.040177 0.569222 0.224920 0.655684 -0.442126
241.300000000 -17.608603 32.603751 -24.022242 0.569207 0.224788 0.655801 -0.442039
241.400000000 -17.498072 32.739734 -23.982038 0.569273 0.224320 0.656221 -0.441568
241.500000000 -17.413794 32.856477 -23.948613 0.569270 0.224404 0.656198 -0.441564
241.600000000 -17.340602 32.959419 -23.918057 0.569583 0.224439 0.656044 -0.441372
241.700000000 -17.208757 33.173494 -23.846582 0.569712 0.223464 0.656769 -0.440620
241.800000000 -17.123564 33.263699 -23.812608 0.569582 0.223252 0.657010 -0.440537
241.900000000 -17.040615 33.353901 -23.775332 0.569209 0.223016 0.657410 -0.440543
242.000000000 -16.950323 33.516400 -23.705132 0.567849 0.222794 0.658236 -0.441175
242.100000000 -16.882364 33.642750 -23.657107 0.568094 0.222944 0.658182 -0.440865
242.200000000 -16.845935 33.668515 -23.638850 0.567846 0.224216 0.657448 -0.441633
242.300000000 -16.818558 33.734591 -23.599242 0.566871 0.224954 0.657334 -0.442679
242.400000000 -16.760591 33.743612 -23.584816 0.567215 0.225170 0.656936 -0.442719
242.500000000 -16.651375 33.812232 -23.547362 0.567732 0.224432 0.657138 -0.442132
242.600000000 -16.510152 34.026268 -23.455568 0.567802 0.222808 0.658384 -0.441008
242.700000000 -16.436320 34.062911 -23.427205 0.568105 0.222986 0.658105 -0.440943
242.800000000 -16.349525 34.267861 -23.331028 0.566866 0.223431 0.658541 -0.441662
242.900000000 -16.210633 34.429873 -23.256487 0.567301 0.222665 0.658989 -0.440821
243.000000000 -16.207098 34.376568 -23.250679 0.567343 0.223608 0.658310 -0.441304
243.100000000 -16.121928 34.476545 -23.194516 0.567394 0.223400 0.658458 -0.441123
243.200000000 -16.041143 34.564657 -23.138512 0.566737 0.223940 0.658441 -0.441719
243.300000000 -15.946666 34.731277 -23.056312 0.566796 0.223862 0.658510 -0.441580
243.400000000 -15.827986 34.871065 -22.973968 0.565535 0.223723 0.659229 -0.442193
243.500000000 -15.735891 35.024996 -22.887316 0.564251 0.224796 0.659355 -0.443102
243.600000000 -15.694120 35.083643 -22.834784 0.564574 0.223846 0.659815 -0.442484
243.700000000 -15.605196 35.135205 -22.785605 0.564360 0.223961 0.659702 -0.442868
243.800000000 -15.484935 35.257550 -22.707756 0.563584 0.223520 0.660383 -0.443065
243.900000000 -15.386741 35.363452 -22.641620 0.564632 0.222361 0.660811 -0.441674
244.000000000 -15.302239 35.449533 -22.574490 0.564808 0.221816 0.661064 -0.441343
244.100000000 -15.207750 35.606180 -22.491371 0.565353 0.221517 0.661203 -0.440587
244.200000000 -15.124050 35.708208 -22.418258 0.564926 0.221238 0.661599 -0.440681
244.300000000 -15.035763 35.746651 -22.369346 0.565187 0.220965 0.661654 -0.440401
244.400000000 -14.956841 35.842046 -22.303615 0.565442 0.221409 0.661234 -0.440482
244.500000000 -14.886621 35.909102 -22.237130 0.564466 0.221554 0.661611 -0.441093
244.600000000 -14.817514 36.007258 -22.169134 0.564267 0.222312 0.661226 -0.441543
244.700000000 -14.698656 36.170077 -22.070459 0.563537 0.221562 0.662143 -0.441478
244.800000000 -14.607908 36.280065 -21.989759 0.563297 0.220888 0.662858 -0.441050
244.900000000 -14.577312 36.321833 -21.942496 0.562514 0.223250 0.661555 -0.442812
245.000000000 -14.471779 36.466771 -21.854523 0.562713 0.222818 0.661857 -0.442325
245.100000000 -14.396581 36.495885 -21.811818 0.563575 0.222539 0.661748 -0.441531
245.200000000 -14.300172 36.612201 -21.729461 0.562836 0.222116 0.662402 -0.441706
245.300000000 -14.197514 36.696726 -21.662233 0.563389 0.221944 0.662282 -0.441267
245.400000000 -14.114028 36.841558 -21.567077 0.562744 0.220617 0.663442 -0.441012
245.500000000 -13.998272 36.953057 -21.498480 0.563712 0.220586 0.663080 -0.440335
245.600000000 -13.927547 36.976879 -21.453373 0.564121 0.220839 0.662767 -0.440157
245.700000000 -13.795712 37.087022 -21.379105 0.563661 0.220665 0.663147 -0.440260
245.800000000 -13.723497 37.188112 -21.301726 0.563254 0.220530 0.663351 -0.440542
245.900000000 -13.680845 37.403993 -21.181908 0.561278 0.221230 0.663954 -0.441803
246.000000000 -13.559555 37.316997 -21.178907 0.561808 0.220742 0.664040 -0.441242
246.100000000 -13.495541 37.478324 -21.090128 0.562498 0.220397 0.663886 -0.440769
246.200000000 -13.388172 37.570588 -21.023842 0.562917 0.220503 0.663489 -0.440777
246.300000000 -13.337624 37.676501 -20.950043 0.562315 0.220604 0.663819 -0.440999
246.400000000 -13.230776 37.724326 -20.898059 0.562465 0.220771 0.663600 -0.441054
246.500000000 -13.149949 37.850230 -20.816290 0.561731 0.220497 0.664131 -0.441327
246.600000000 -13.089567 37.910095 -20.767315 0.561983 0.221463 0.663349 -0.441698
246.700000000 -13.013383 38.031961 -20.681956 0.560405 0.221196 0.664256 -0.442474
246.800000000 -12.928016 38.112303 -20.628653 0.561792 0.220729 0.663974 -0.441370
246.900000000 -12.817034 38.238322 -20.552960 0.562051 0.220651 0.663782 -0.441367
247.000000000 -12.737568 38.305785 -20.498123 0.561982 0.220630 0.663753 -0.441509
247.100000000 -12.687024 38.440540 -20.415507 0.559900 0.221373 0.664470 -0.442702
247.200000000 -12.613706 38.505469 -20.373624 0.562372 0.221816 0.662870 -0.441744
247.300000000 -12.549026 38.598684 -20.309947 0.562419 0.221138 0.663246 -0.441460
247.400000000 -12.483483 38.618911 -20.279632 0.562781 0.221745 0.662620 -0.441634
247.500000000 -12.357431 38.776677 -20.202316 0.564208 0.221230 0.662203 -0.440697
247.600000000 -12.305332 38.854998 -20.143228 0.563435 0.220826 0.662716 -0.441117
247.700000000 -12.158965 38.996767 -20.072042 0.564391 0.220429 0.662678 -0.440150
247.800000000 -12.064192 39.109494 -20.008887 0.564432 0.219966 0.662914 -0.439974
247.900000000 -12.001024 39.162458 -19.965419 0.564328 0.219934 0.662849 -0.440220
248.000000000 -11.877191 39.282793 -19.901228 0.564557 0.218869 0.663377 -0.439663
248.100000000 -11.783721 39.375500 -19.847510 0.564810 0.218819 0.663285 -0.439502
248.200000000 -11.696553 39.525294 -19.773997 0.564912 0.219164 0.662905 -0.439771
248.300000000 -11.668466 39.553774 -19.740200 0.563677 0.219737 0.663252 -0.440546
248.400000000 -11.604810 39.593970 -19.713007 0.564138 0.220213 0.662680 -0.440579
248.500000000 -11.531657 39.752801 -19.643883 0.565254 0.218880 0.662686 -0.439804
248.600000000 -11.418116 39.879183 -19.586258 0.566125 0.218788 0.662393 -0.439170
248.700000000 -11.345294 39.938620 -19.551635 0.566395 0.219073 0.661995 -0.439279
248.800000000 -11.259877 40.079972 -19.488028 0.566593 0.218768 0.662036 -0.439114
248.900000000 -11.214564 40.125907 -19.455984 0.566063 0.218537 0.662365 -0.439416
249.000000000 -11.141018 40.222145 -19.412311 0.566511 0.218314 0.662259 -0.439110
249.100000000 -11.016014 40.331789 -19.362696 0.566649 0.217767 0.662643 -0.438624
249.200000000 -10.932140 40.399210 -19.330260 0.566662 0.217963 0.662456 -0.438792
249.300000000 -10.895888 40.412646 -19.310074 0.565368 0.217609 0.663413 -0.439190
249.400000000 -10.851017 40.423023 -19.299317 0.565732 0.217461 0.663333 -0.438916
249.500000000 -10.769150 40.579670 -19.236737 0.565602 0.218009 0.662949 -0.439391
249.600000000 -10.636634 40.737626 -19.174429 0.566361 0.216633 0.663520 -0.438231
249.700000000 -10.577773 40.818541 -19.147701 0.566480 0.217842 0.662609 -0.438856
249.800000000 -10.539995 40.853769 -19.134790 0.566174 0.218671 0.662210 -0.439441
249.900000000 -10.447671 40.971011 -19.089711 0.566481 0.217978 0.662507 -0.438941
250.000000000 -10.341766 41.129692 -19.032908 0.567082 0.217544 0.662363 -0.438597
250.100000000 -10.278531 41.167184 -19.017012 0.566641 0.217737 0.662526 -0.438825
250.200000000 -10.205222 41.228565 -18.994447 0.566661 0.217214 0.662821 -0.438614
250.300000000 -10.139981 41.316004 -18.965299 0.567079 0.217058 0.662754 -0.438251
250.400000000 -10.104408 41.277406 -18.982023 0.567148 0.216718 0.663002 -0.437955
250.500000000 -9.985319 41.474404 -18.912599 0.566795 0.216394 0.663398 -0.437973
250.600000000 -9.946866 41.454508 -18.922324 0.566415 0.216464 0.663602 -0.438121
250.700000000 -9.885982 41.518219 -18.909121 0.566696 0.216445 0.663482 -0.437949
250.800000000 -9.823260 41.565770 -18.900399 0.567121 0.216295 0.663341 -0.437685
250.900000000 -9.732378 41.678552 -18.867294 0.567043 0.216309 0.663383 -0.437716
251.000000000 -9.644172 41.815258 -18.826172 0.566831 0.216431 0.663318 -0.438030
251.100000000 -9.547255 41.943458 -18.794054 0.567802 0.215933 0.663036 -0.437444
251.200000000 -9.500714 41.919940 -18.810801 0.568072 0.215935 0.663009 -0.437133
251.300000000 -9.435191 42.015016 -18.785130 0.567294 0.215983 0.663394 -0.437535
251.400000000 -9.328534 42.160766 -18.742863 0.567060 0.215643 0.663645 -0.437625
251.500000000 -9.235037 42.282745 -18.707575 0.566757 0.215632 0.663717 -0.437914
251.600000000 -9.138141 42.368745 -18.686196 0.566517 0.214699 0.664414 -0.437626
251.700000000 -9.088964 42.424769 -18.678155 0.565976 0.215021 0.664481 -0.438067
251.800000000 -8.974273 42.617950 -18.618625 0.565947 0.214549 0.664694 -0.438011
251.900000000 -8.879291 42.746140 -18.585756 0.565731 0.214473 0.664888 -0.438034
252.000000000 -8.821503 42.767955 -18.596367 0.565929 0.214510 0.664823 -0.437860
252.100000000 -8.745696 42.900249 -18.565311 0.566312 0.214942 0.664248 -0.438024
252.200000000 -8.648336 43.083930 -18.514151 0.566750 0.214802 0.663919 -0.438025
252.300000000 -8.556224 43.207669 -18.483981 0.566499 0.214239 0.664416 -0.437873
252.400000000 -8.486404 43.253844 -18.484044 0.566638 0.214080 0.664449 -0.437721
252.500000000 -8.404799 43.388438 -18.451674 0.566287 0.214401 0.664337 -0.438187
252.600000000 -8.313430 43.529099 -18.416414 0.566605 0.214467 0.664039 -0.438195
252.700000000 -8.248045 43.575598 -18.415776 0.566512 0.214376 0.664202 -0.438113
252.800000000 -8.172481 43.598130 -18.424626 0.566533 0.214149 0.664386 -0.437917
252.900000000 -8.070665 43.777280 -18.369995 0.566201 0.214128 0.664487 -0.438204
253.000000000 -7.973858 43.871318 -18.345183 0.565812 0.213739 0.664951 -0.438192
253.100000000 -7.872592 43.984456 -18.316038 0.565962 0.213283 0.665157 -0.437908
253.200000000 -7.788858 44.046100 -18.303307 0.566308 0.212664 0.665409 -0.437379
253.300000000 -7.735565 44.100882 -18.294385 0.566656 0.212998 0.665027 -0.437346
253.400000000 -7.616024 44.304671 -18.224055 0.565597 0.212446 0.665953 -0.437577
253.500000000 -7.548641 44.382709 -18.199399 0.565633 0.212422 0.665953 -0.437542
253.600000000 -7.484485 44.499524 -18.158716 0.564815 0.213287 0.665770 -0.438456
253.700000000 -7.382530 44.617126 -18.113428 0.564276 0.212830 0.666360 -0.438475
253.800000000 -7.298318 44.731192 -18.077054 0.564738 0.213158 0.665992 -0.438280
253.900000000 -7.200265 44.840991 -18.032757 0.564508 0.212640 0.666437 -0.438150
254.000000000 -7.084201 44.938203 -17.995523 0.564731 0.212034 0.666732 -0.437708
254.100000000 -6.994223 45.048530 -17.943915 0.564158 0.211923 0.667031 -0.438046
254.200000000 -6.908254 45.150565 -17.901434 0.564385 0.212136 0.666839 -0.437942
254.300000000 -6.813890 45.253182 -17.858736 0.565129 0.212250 0.666402 -0.437593
254.400000000 -6.722716 45.364771 -17.803131 0.564914 0.212253 0.666514 -0.437698
254.500000000 -6.649058 45.472620 -17.744898 0.564474 0.212418 0.666570 -0.438101
254.600000000 -6.554109 45.570253 -17.692485 0.564789 0.212259 0.666548 -0.437806
254.700000000 -6.457329 45.670428 -17.632113 0.564680 0.211861 0.666805 -0.437747
254.800000000 -6.379370 45.772705 -17.576780 0.564530 0.212418 0.666504 -0.438128
254.900000000 -6.310775 45.879032 -17.511376 0.564328 0.212578 0.666502 -0.438315
255.000000000 -6.217490 45.979429 -17.443157 0.564164 0.212034 0.666944 -0.438117
255.100000000 -6.157009 46.081539 -17.376492 0.563568 0.212754 0.666755 -0.438823
255.200000000 -6.056191 46.180775 -17.311705 0.563941 0.212173 0.666865 -0.438457
255.300000000 -5.977594 46.274097 -17.244623 0.563854 0.212254 0.666900 -0.438475
255.400000000 -5.892160 46.373341 -17.175641 0.563737 0.212261 0.666954 -0.438541
255.500000000 -5.819571 46.468546 -17.106997 0.563906 0.212441 0.666781 -0.438500
255.600000000 -5.722322 46.572561 -17.024487 0.563433 0.211861 0.667289 -0.438615
255.700000000 -5.627150 46.653015 -16.959256 0.563566 0.212080 0.667095 -0.438633
255.800000000 -5.549141 46.740442 -16.896170 0.564733 0.211871 0.666598 -0.437989
255.900000000 -5.466154 46.834300 -16.813775 0.564132 0.211493 0.667136 -0.438127
256.000000000 -5.383310 46.903792 -16.749432 0.564862 0.211324 0.666838 -0.437722
256.100000000 -5.284325 46.990131 -16.678492 0.565629 0.210733 0.666758 -0.437138
256.200000000 -5.198689 47.047846 -16.605559 0.564813 0.210201 0.667519 -0.437287
256.300000000 -5.166035 46.986818 -16.574084 0.564093 0.210144 0.668026 -0.437470
256.400000000 -5.080996 47.080044 -16.493844 0.564238 0.209759 0.668254 -0.437120
256.500000000 -5.020001 47.144654 -16.428027 0.564573 0.210294 0.667714 -0.437256
256.600000000 -5.057443 46.945325 -16.446466 0.564855 0.210233 0.667843 -0.436723
256.700000000 -4.877992 47.264150 -16.286056 0.564128 0.210286 0.667947 -0.437477
256.800000000 -4.799447 47.308720 -16.224265 0.564717 0.210086 0.667765 -0.437091
256.900000000 -4.737483 47.327383 -16.169414 0.564990 0.209807 0.667809 -0.436805
257.000000000 -4.638523 47.456238 -16.077229 0.564973 0.209697 0.667842 -0.436829
257.100000000 -4.546373 47.445165 -16.032841 0.565680 0.208443 0.668264 -0.435868
257.200000000 -4.569847 47.381697 -16.000358 0.564728 0.209124 0.668538 -0.436356
257.300000000 -4.515471 47.401809 -15.950972 0.565193 0.209247 0.668236 -0.436157
257.400000000 -4.433485 47.534870 -15.859295 0.564968 0.209413 0.668130 -0.436531
257.500000000 -4.351941 47.629005 -15.774426 0.563329 0.209601 0.668831 -0.437485
257.600000000 -4.254882 47.739192 -15.693604 0.563456 0.209093 0.669108 -0.437140
257.700000000 -4.144226 47.898988 -15.599847 0.563583 0.209635 0.668624 -0.437458
257.800000000 -3.970390 48.164123 -15.471678 0.564221 0.208960 0.668531 -0.437100
257.900000000 -3.895010 48.191713 -15.421775 0.564008 0.208476 0.668951 -0.436964
258.000000000 -3.832804 48.237194 -15.376438 0.564411 0.208927 0.668447 -0.436999
258.100000000 -3.748793 48.356072 -15.306459 0.564921 0.208706 0.668198 -0.436826
258.200000000 -3.728640 48.327606 -15.285205 0.564101 0.209033 0.668490 -0.437284
258.300000000 -3.624544 48.485372 -15.206659 0.564306 0.208930 0.668402 -0.437202
258.400000000 -3.511244 48.663483 -15.125395 0.564507 0.209114 0.668095 -0.437324
258.500000000 -3.416335 48.789457 -15.061983 0.564389 0.209100 0.668135 -0.437423
258.600000000 -3.319602 48.880027 -15.013331 0.564464 0.208679 0.668360 -0.437183
258.700000000 -3.230743 48.960340 -14.973951 0.564657 0.208490 0.668277 -0.437150
258.800000000 -3.143526 49.094074 -14.920828 0.564547 0.208891 0.668034 -0.437472
258.900000000 -3.105212 49.160937 -14.895615 0.564818 0.209578 0.667347 -0.437842
259.000000000 -3.030565 49.225959 -14.872694 0.565181 0.209082 0.667450 -0.437454
259.100000000 -2.982184 49.295081 -14.850806 0.564365 0.209676 0.667460 -0.438207
259.200000000 -2.948597 49.346281 -14.842612 0.564211 0.210255 0.667172 -0.438565
259.300000000 -2.875117 49.520378 -14.796674 0.564368 0.210916 0.666489 -0.439086
259.400000000 -2.790359 49.643970 -14.770832 0.564268 0.211475 0.666170 -0.439428
259.500000000 -2.708270 49.779369 -14.741863 0.564072 0.211481 0.666063 -0.439838
259.600000000 -2.616344 49.901802 -14.722345 0.564433 0.210712 0.666312 -0.439368
259.700000000 -2.563920 49.966687 -14.727217 0.564279 0.211178 0.666078 -0.439697
259.800000000 -2.468847 50.092427 -14.713854 0.564524 0.210711 0.666184 -0.439446
259.900000000 -2.420589 50.167019 -14.722837 0.564156 0.211232 0.666028 -0.439905
260.000000000 -2.283985 50.262920 -14.732817 0.565421 0.209937 0.666207 -0.438627
260.100000000 -2.201764 50.376169 -14.733279 0.565196 0.210076 0.666174 -0.438901
260.200000000 -2.200663 50.563335 -14.710284 0.564156 0.211805 0.665387 -0.440599
260.300000000 -2.061027 50.632955 -14.732479 0.565002 0.209765 0.666339 -0.439049
260.400000000 -1.953759 50.768162 -14.738894 0.565612 0.209604 0.665917 -0.438980
260.500000000 -1.853538 50.903645 -14.745407 0.565963 0.208902 0.666116 -0.438560
260.600000000 -1.726635 51.160839 -14.727988 0.567797 0.209625 0.664531 -0.438249
260.700000000 -1.710097 51.254784 -14.761651 0.568401 0.210835 0.663310 -0.438736
260.800000000 -1.620341 51.358457 -14.770942 0.566505 0.209636 0.664985 -0.439226
260.900000000 -1.550743 51.507234 -14.786349 0.566617 0.210434 0.664381 -0.439614
261.000000000 -1.488658 51.682422 -14.805630 0.568313 0.211290 0.662801 -0.439399
261.100000000 -1.406387 51.660618 -14.875462 0.567779 0.210442 0.663688 -0.439159
261.200000000 -1.366325 51.900985 -14.869774 0.567674 0.212302 0.662390 -0.440356
261.300000000 -1.268711 51.989914 -14.898367 0.566574 0.211218 0.663702 -0.440318
261.400000000 -1.150731 52.113764 -14.945966 0.569037 0.211237 0.662324 -0.439207
261.500000000 -1.051537 52.194271 -14.984066 0.567879 0.210142 0.663612 -0.439287
261.600000000 -0.989146 52.480173 -14.965111 0.567834 0.211367 0.662828 -0.439939
261.700000000 -0.910137 52.472908 -15.045744 0.568469 0.210556 0.662934 -0.439350
261.800000000 -0.816477 52.567729 -15.102578 0.570070 0.210286 0.662305 -0.438352
261.900000000 -0.734238 52.799049 -15.107249 0.570543 0.211046 0.661453 -0.438657
262.000000000 -0.694712 52.977038 -15.115418 0.568379 0.211803 0.661988 -0.440293
262.100000000 -0.746477 52.860109 -15.237066 0.567381 0.213480 0.661599 -0.441353
262.200000000 -0.583319 53.106086 -15.226021 0.567371 0.211640 0.662730 -0.440553
262.300000000 -0.475787 53.289423 -15.227653 0.566470 0.210792 0.663490 -0.440976
262.400000000 -0.372879 53.466902 -15.250505 0.566893 0.210621 0.663330 -0.440754
262.500000000 -0.294770 53.636135 -15.262953 0.566380 0.209842 0.664115 -0.440603
262.600000000 -0.246154 53.696678 -15.332604 0.566401 0.211311 0.663093 -0.441413
262.700000000 -0.168274 53.874308 -15.354415 0.566835 0.211051 0.663077 -0.441003
262.800000000 -0.150424 53.839371 -15.452374 0.567334 0.210937 0.662934 -0.440632
262.900000000 -0.059015 53.980613 -15.471830 0.566060 0.210363 0.663885 -0.441113
263.000000000 0.023312 54.215575 -15.467499 0.565754 0.210382 0.664118 -0.441145
263.100000000 0.145662 54.397654 -15.477624 0.564942 0.209983 0.664704 -0.441493
263.200000000 0.201183 54.508379 -15.517526 0.563752 0.211926 0.664077 -0.443028
263.300000000 0.288764 54.609229 -15.563218 0.564335 0.210818 0.664530 -0.442133
263.400000000 0.367557 54.723385 -15.603784 0.564272 0.210920 0.664494 -0.442219
263.500000000 0.421876 54.857797 -15.625425 0.563390 0.211464 0.664592 -0.442935
263.600000000 0.512366 55.019187 -15.639954 0.564036 0.210352 0.664981 -0.442058
263.700000000 0.564379 55.087083 -15.697271 0.564095 0.210527 0.664940 -0.441961
263.800000000 0.650862 55.228389 -15.716395 0.562656 0.211998 0.664674 -0.443491
263.900000000 0.746393 55.417097 -15.723659 0.562536 0.212449 0.664469 -0.443733
264.000000000 0.863283 55.649341 -15.701694 0.562798 0.210408 0.665512 -0.442810
264.100000000 0.931520 55.693902 -15.751771 0.562414 0.210011 0.665878 -0.442936
264.200000000 0.953748 55.725535 -15.801429 0.560685 0.212187 0.665407 -0.444796
264.300000000 1.080929 55.971791 -15.786528 0.561514 0.210854 0.665915 -0.443621
264.400000000 1.131734 56.049206 -15.834195 0.562893 0.211092 0.665070 -0.443028
264.500000000 1.170286 56.145238 -15.861105 0.561215 0.212571 0.664939 -0.444644
264.600000000 1.270712 56.269985 -15.868238 0.560343 0.211974 0.665901 -0.444588
264.700000000 1.360468 56.460012 -15.862726 0.561204 0.212110 0.665363 -0.444243
264.800000000 1.442332 56.550984 -15.880618 0.560927 0.211198 0.666101 -0.443922
264.900000000 1.531151 56.722312 -15.875027 0.560964 0.210828 0.666379 -0.443632
265.000000000 1.599144 56.838439 -15.884348 0.560209 0.211163 0.666513 -0.444226
265.100000000 1.695524 56.982798 -15.890090 0.561519 0.210605 0.666232 -0.443257
265.200000000 1.759744 57.080257 -15.901780 0.560449 0.211197 0.666385 -0.444099
265.300000000 1.820095 57.174795 -15.917882 0.560068 0.211579 0.666333 -0.444475
265.400000000 1.912975 57.364004 -15.896748 0.560710 0.211324 0.666149 -0.444063
265.500000000 1.999641 57.479738 -15.896891 0.561119 0.210693 0.666364 -0.443523
265.600000000 2.043221 57.511693 -15.940372 0.561862 0.211432 0.665568 -0.443426
265.700000000 2.132812 57.657241 -15.917714 0.560571 0.210839 0.666518 -0.443915
265.800000000 2.255352 57.858612 -15.881213 0.561012 0.209625 0.667009 -0.443195
265.900000000 2.327393 57.919058 -15.894263 0.560800 0.209180 0.667368 -0.443133
266.000000000 2.405170 58.103017 -15.863725 0.561166 0.209800 0.666670 -0.443428
266.100000000 2.469784 58.147915 -15.878614 0.560684 0.209852 0.667033 -0.443466
266.200000000 2.508818 58.281426 -15.864472 0.560518 0.211591 0.665933 -0.444502
266.300000000 2.575243 58.363539 -15.860909 0.560089 0.211846 0.665869 -0.445017
266.400000000 2.681483 58.568794 -15.808592 0.560477 0.211086 0.665982 -0.444720
266.500000000 2.771163 58.686722 -15.777828 0.559257 0.210795 0.666921 -0.444988
266.600000000 2.872451 58.843645 -15.723834 0.558267 0.210038 0.667886 -0.445140
266.700000000 2.958284 58.961628 -15.698010 0.558778 0.209614 0.667840 -0.444768
266.800000000 3.062213 59.111000 -15.654500 0.558759 0.208710 0.668388 -0.444393
266.900000000 3.136222 59.209285 -15.632310 0.558660 0.208766 0.668388 -0.444492
267.000000000 3.228168 59.389121 -15.576415 0.558884 0.208654 0.668311 -0.444378
267.100000000 3.299940 59.435447 -15.570609 0.559398 0.208032 0.668460 -0.443799
267.200000000 3.351819 59.502491 -15.554230 0.558805 0.209215 0.668046 -0.444612
267.300000000 3.410811 59.571096 -15.539886 0.559165 0.209756 0.667460 -0.444785
267.400000000 3.507100 59.684721 -15.493960 0.559211 0.208671 0.668084 -0.444301
267.500000000 3.578505 59.801236 -15.449135 0.558621 0.208892 0.668174 -0.444804
267.600000000 3.676575 59.940248 -15.396108 0.559236 0.208410 0.668159 -0.444279
267.700000000 3.771279 60.043307 -15.354458 0.560258 0.207088 0.668396 -0.443253
267.800000000 3.847892 60.176391 -15.297474 0.559944 0.207681 0.668102 -0.443814
267.900000000 3.922655 60.243711 -15.264703 0.560093 0.207115 0.668346 -0.443523
268.000000000 3.996219 60.322628 -15.227031 0.560303 0.206795 0.668479 -0.443207
268.100000000 4.081930 60.479151 -15.161511 0.560943 0.207333 0.667781 -0.443198
268.200000000 4.146076 60.539682 -15.127264 0.561041 0.207401 0.667595 -0.443323
268.300000000 4.205520 60.651019 -15.064178 0.559448 0.209018 0.667304 -0.445011
268.400000000 4.298727 60.782701 -14.993905 0.559384 0.208591 0.667548 -0.444926
268.500000000 4.357294 60.843283 -14.962271 0.560206 0.209081 0.666836 -0.444729
268.600000000 4.426710 60.913346 -14.928266 0.562525 0.208255 0.666027 -0.443401
268.700000000 4.512983 61.019472 -14.862080 0.562005 0.208096 0.666437 -0.443518
268.800000000 4.589024 61.150838 -14.786584 0.562225 0.208151 0.666048 -0.443797
268.900000000 4.672675 61.219967 -14.740849 0.562843 0.207638 0.666092 -0.443189
269.000000000 4.758708 61.349829 -14.663415 0.563180 0.207411 0.666127 -0.442813
269.100000000 4.817940 61.408922 -14.617120 0.563725 0.208064 0.665255 -0.443125
269.200000000 4.894110 61.524971 -14.554276 0.565012 0.208277 0.664408 -0.442654
269.300000000 4.964701 61.617562 -14.489825 0.565370 0.208317 0.663996 -0.442799
269.400000000 5.000506 61.700053 -14.432077 0.564665 0.211085 0.662501 -0.444623
269.500000000 5.085420 61.781494 -14.379492 0.566936 0.210059 0.661805 -0.443252
269.600000000 5.136295 61.876692 -14.301181 0.565105 0.211521 0.661741 -0.444987
269.700000000 5.206858 61.977771 -14.227758 0.566829 0.211233 0.660711 -0.444461
269.800000000 5.268711 62.064196 -14.151105 0.566545 0.211026 0.660948 -0.444570
269.900000000 5.241033 62.171637 -14.067765 0.567280 0.211264 0.660202 -0.444628
270.000000000 5.199636 62.230119 -13.994562 0.566136 0.211827 0.660432 -0.445476
270.100000000 5.205708 62.351490 -13.892416 0.564397 0.212902 0.660544 -0.447003
270.200000000 5.409691 62.402022 -13.853420 0.568167 0.211904 0.659150 -0.444752
270.300000000 5.502436 62.527881 -13.739798 0.564730 0.213402 0.659936 -0.447240
270.400000000 5.509513 62.626351 -13.644899 0.564645 0.213807 0.659874 -0.447246
270.500000000 5.578795 62.752107 -13.521235 0.562287 0.215872 0.663354 -0.444066
270.600000000 5.663648 62.811745 -13.460028 0.564836 0.220607 0.663336 -0.438496
270.700000000 5.771942 62.928590 -13.328504 0.562167 0.222124 0.666333 -0.436612
270.800000000 5.787775 63.023365 -13.229785 0.563263 0.223233 0.666420 -0.434495
270.900000000 5.907447 63.127980 -13.100235 0.561043 0.224217 0.667122 -0.435782
271.000000000 6.018179 63.180877 -13.015950 0.562868 0.224305 0.666016 -0.435075
271.100000000 6.043730 63.260661 -12.910334 0.563371 0.225170 0.665083 -0.435404
271.200000000 6.235356 63.298165 -12.822054 0.565056 0.224277 0.664425 -0.434685
271.300000000 6.319394 63.362974 -12.710408 0.564521 0.225475 0.663612 -0.436002
271.400000000 6.449503 63.406344 -12.605262 0.564485 0.225543 0.663364 -0.436390
271.500000000 6.524045 63.437098 -12.520979 0.567471 0.225470 0.661934 -0.434721
271.600000000 6.607285 63.494311 -12.399820 0.566545 0.226712 0.661271 -0.436290
271.700000000 6.791718 63.520728 -12.299798 0.569844 0.223790 0.660945 -0.433990
271.800000000 6.809237 63.578806 -12.172326 0.568064 0.226354 0.659901 -0.436574
271.900000000 6.950211 63.598956 -12.078232 0.570684 0.226931 0.657701 -0.436179
272.000000000 7.019542 63.650776 -11.947125 0.569993 0.227100 0.657494 -0.437304
272.100000000 7.295043 63.697594 -11.830558 0.572865 0.223489 0.657677 -0.435131
272.200000000 7.306667 63.710395 -11.713046 0.570716 0.226137 0.656754 -0.437972
272.300000000 7.562573 63.726856 -11.605959 0.573253 0.223281 0.656645 -0.436283
272.400000000 7.586040 63.833118 -11.440111 0.571602 0.223258 0.657046 -0.437855
272.500000000 7.561200 63.771632 -11.375523 0.574733 0.224562 0.654181 -0.437380
272.600000000 7.737544 63.835923 -11.229355 0.572723 0.223385 0.655621 -0.438461
272.700000000 7.827911 63.801132 -11.134767 0.571983 0.224421 0.654823 -0.440088
272.800000000 7.872832 63.762806 -11.038292 0.570422 0.224944 0.654696 -0.442032
272.900000000 7.961274 63.769125 -10.960252 0.574870 0.224737 0.652191 -0.440074
273.000000000 7.985741 63.844405 -10.804873 0.572606 0.223895 0.653291 -0.441820
273.100000000 8.054409 63.827246 -10.731839 0.575051 0.226197 0.650136 -0.442125
273.200000000 8.121603 63.782350 -10.620100 0.572515 0.224327 0.652235 -0.443276
273.300000000 8.258353 63.683809 -10.560932 0.574597 0.223770 0.651075 -0.442569
273.400000000 8.297108 63.653417 -10.471699 0.575281 0.224428 0.650034 -0.442877
273.500000000 8.525142 63.771239 -10.328953 0.575494 0.222324 0.651345 -0.441733
273.600000000 8.552952 63.723194 -10.250942 0.576007 0.223502 0.650105 -0.442296
273.700000000 8.663059 63.639908 -10.172267 0.575015 0.222585 0.651153 -0.442508
273.800000000 8.720861 63.656246 -10.055967 0.574422 0.222790 0.651322 -0.442925
273.900000000 8.843210 63.609284 -9.980279 0.576036 0.222029 0.650605 -0.442265
274.000000000 8.878931 63.640693 -9.863680 0.574854 0.223282 0.650681 -0.443061
274.100000000 9.035539 63.613689 -9.749496 0.572113 0.220677 0.653579 -0.443647
274.200000000 9.072432 63.569107 -9.719643 0.575532 0.224605 0.649562 -0.443153
274.300000000 9.064932 63.485599 -9.626929 0.571881 0.224304 0.651498 -0.445185
274.400000000 9.416998 63.544380 -9.541423 0.575506 0.223752 0.650277 -0.442569
274.500000000 9.541424 63.485439 -9.474128 0.575241 0.223016 0.650652 -0.442735
274.600000000 9.712994 63.514140 -9.345438 0.573169 0.220136 0.653402 -0.442813
274.700000000 9.721762 63.462761 -9.254067 0.570708 0.219472 0.654992 -0.443972
274.800000000 9.763727 63.375015 -9.216559 0.572784 0.220871 0.653349 -0.443024
274.900000000 9.767516 63.317653 -9.161789 0.572373 0.221077 0.653178 -0.443703
275.000000000 9.926517 63.342686 -9.058475 0.572317 0.220850 0.653378 -0.443594
275.100000000 9.976834 63.312455 -9.025323 0.574566 0.222355 0.650928 -0.443536
275.200000000 9.951883 63.274502 -8.965813 0.575365 0.222653 0.650190 -0.443434
275.300000000 10.088932 63.159842 -8.941706 0.575860 0.223626 0.649277 -0.443639
275.400000000 10.228608 63.150725 -8.837178 0.573770 0.220312 0.652503 -0.443273
275.500000000 10.197404 63.035445 -8.804979 0.573447 0.220731 0.652464 -0.443539
275.600000000 10.229462 62.899286 -8.785694 0.571931 0.221615 0.652804 -0.444555
275.700000000 10.273949 62.825708 -8.742216 0.572187 0.222086 0.652376 -0.444619
275.800000000 10.306710 62.743486 -8.714603 0.572720 0.222085 0.651528 -0.445175
275.900000000 10.400529 62.696746 -8.668601 0.573826 0.221853 0.650725 -0.445042
276.000000000 10.578989 62.777800 -8.587821 0.575447 0.221374 0.649908 -0.444381
276.100000000 10.635238 62.721920 -8.562693 0.575913 0.221546 0.649492 -0.444300
276.200000000 10.723291 62.671602 -8.523242 0.575257 0.220615 0.650149 -0.444650
276.300000000 10.757172 62.588459 -8.497179 0.574612 0.220265 0.650401 -0.445289
276.400000000 10.826084 62.511575 -8.465083 0.572654 0.218396 0.652138 -0.446191
276.500000000 10.884193 62.475858 -8.441838 0.573264 0.218550 0.651363 -0.446465
276.600000000 10.934631 62.364661 -8.442234 0.573060 0.217968 0.651392 -0.446967
276.700000000 10.986284 62.293970 -8.414493 0.571960 0.217282 0.652249 -0.447461
276.800000000 11.022914 62.202099 -8.415938 0.571840 0.217345 0.652161 -0.447713
276.900000000 11.087359 62.153003 -8.389036 0.570675 0.216240 0.653050 -0.448437
277.000000000 11.134503 62.105766 -8.391022 0.571460 0.216198 0.652259 -0.448609
277.100000000 11.182949 62.024587 -8.393806 0.571119 0.215837 0.652487 -0.448885
277.200000000 11.310659 61.923145 -8.409785 0.571159 0.214732 0.652860 -0.448821
277.300000000 11.369355 61.911868 -8.388650 0.570898 0.213434 0.653199 -0.449281
277.400000000 11.381073 61.878290 -8.396929 0.570985 0.213292 0.652927 -0.449633
277.500000000 11.404660 61.766124 -8.428725 0.570699 0.213844 0.652333 -0.450594
277.600000000 11.482665 61.683966 -8.458416 0.571562 0.212885 0.652157 -0.450208
277.700000000 11.526494 61.618055 -8.470844 0.570665 0.211999 0.653016 -0.450520
277.800000000 11.542688 61.526807 -8.514768 0.571496 0.212852 0.651822 -0.450793
277.900000000 11.603889 61.479463 -8.539348 0.572255 0.211776 0.651546 -0.450735
278.000000000 11.612376 61.420537 -8.532059 0.568906 0.210308 0.653920 -0.452223
278.100000000 11.450230 61.284731 -8.583901 0.567677 0.210816 0.654137 -0.453215
278.200000000 11.458131 61.206702 -8.615842 0.566876 0.210103 0.654783 -0.453617
278.300000000 11.599966 61.186225 -8.653681 0.569982 0.209484 0.653529 -0.451815
278.400000000 11.687415 61.192380 -8.671866 0.570846 0.208190 0.653646 -0.451154
278.500000000 11.676874 61.097906 -8.717528 0.570965 0.207920 0.653660 -0.451107
278.600000000 11.702831 61.017730 -8.753829 0.568559 0.207626 0.654738 -0.452715
278.700000000 11.734036 60.992587 -8.791140 0.569573 0.207927 0.653973 -0.452408
278.800000000 11.690080 60.951762 -8.811827 0.567016 0.207935 0.655198 -0.453842
278.900000000 11.583366 60.770142 -8.880713 0.565283 0.207737 0.656091 -0.454803
279.000000000 11.742875 60.737357 -8.935069 0.567044 0.204987 0.656802 -0.452827
279.100000000 11.697855 60.627918 -9.000069 0.565746 0.206491 0.656506 -0.454194
279.200000000 11.714867 60.586394 -9.071699 0.568622 0.207944 0.654381 -0.453005
279.300000000 11.655853 60.586731 -9.073403 0.564841 0.206348 0.656910 -0.454800
279.400000000 11.582457 60.468988 -9.138492 0.562780 0.206388 0.657683 -0.456218
279.500000000 11.594370 60.402100 -9.195580 0.562047 0.206147 0.658064 -0.456681
279.600000000 11.533968 60.368936 -9.231835 0.560025 0.206237 0.658942 -0.457857
279.700000000 11.509503 60.296151 -9.288123 0.558610 0.205748 0.660011 -0.458266
279.800000000 11.522117 60.227478 -9.365085 0.559421 0.206377 0.659213 -0.458142
279.900000000 11.539051 60.222448 -9.401128 0.558864 0.204767 0.660337 -0.457927
280.000000000 11.579798 60.139394 -9.492510 0.561860 0.204006 0.659753 -0.455435
280.100000000 11.582960 60.093938 -9.551439 0.561352 0.203372 0.660332 -0.455505
280.200000000 11.632639 60.035663 -9.618864 0.561268 0.201883 0.661137 -0.455105
280.300000000 11.610188 59.979406 -9.673263 0.559032 0.200611 0.662908 -0.455841
280.400000000 11.514486 59.943572 -9.740284 0.559855 0.202362 0.661594 -0.455967
280.500000000 11.488476 59.875328 -9.828362 0.560622 0.204826 0.660062 -0.456145
280.600000000 11.404661 59.832026 -9.886003 0.558612 0.204681 0.660981 -0.457342
280.700000000 11.331609 59.788985 -9.945903 0.559173 0.203186 0.661522 -0.456540
280.800000000 11.317645 59.763480 -10.013065 0.558903 0.204707 0.661007 -0.456939
280.900000000 11.248542 59.684553 -10.098991 0.560630 0.203714 0.660668 -0.455754
281.000000000 11.199299 59.607613 -10.175630 0.560188 0.203436 0.660978 -0.455972
281.100000000 11.148947 59.577678 -10.256356 0.562824 0.205333 0.658918 -0.454856
281.200000000 11.104803 59.506769 -10.331417 0.560989 0.206091 0.659536 -0.455885
281.300000000 11.036791 59.447195 -10.429318 0.564087 0.209235 0.656321 -0.455269
281.400000000 10.984879 59.417501 -10.501186 0.564320 0.211139 0.655084 -0.455882
281.500000000 10.925968 59.322738 -10.592006 0.565949 0.208616 0.656109 -0.453543
281.600000000 10.882692 59.318405 -10.643532 0.565423 0.208453 0.656378 -0.453885
281.700000000 10.839758 59.257736 -10.702871 0.562164 0.205855 0.659531 -0.454549
281.800000000 10.770681 59.185340 -10.792290 0.563284 0.207307 0.658063 -0.454629
281.900000000 10.716202 59.169968 -10.859296 0.564103 0.207845 0.657855 -0.453668
282.000000000 10.653220 59.106611 -10.933485 0.562621 0.208531 0.657948 -0.455056
282.100000000 10.593870 59.076582 -11.001024 0.562789 0.209421 0.657578 -0.454975
282.200000000 10.539522 59.075937 -11.057334 0.565500 0.207277 0.658027 -0.451936
282.300000000 10.464555 58.966608 -11.152419 0.562615 0.211371 0.657087 -0.454999
282.400000000 10.403284 58.942154 -11.213147 0.562634 0.211390 0.657320 -0.454628
282.500000000 10.335959 58.877498 -11.289935 0.562297 0.212937 0.656861 -0.454987
282.600000000 10.264037 58.864421 -11.359668 0.565419 0.213126 0.655448 -0.453064
282.700000000 10.201876 58.812984 -11.421569 0.564649 0.211994 0.656699 -0.452743
282.800000000 10.132384 58.778895 -11.484609 0.566094 0.210364 0.657171 -0.451010
282.900000000 10.066990 58.751769 -11.537128 0.564940 0.210839 0.657693 -0.451476
283.000000000 9.991818 58.696911 -11.607453 0.563318 0.212936 0.657212 -0.453214
283.100000000 9.918958 58.665836 -11.670151 0.564142 0.213023 0.657009 -0.452443
283.200000000 9.840216 58.610208 -11.739443 0.564800 0.213854 0.656448 -0.452044
283.300000000 9.772763 58.574936 -11.789157 0.564289 0.212008 0.657885 -0.451462
283.400000000 9.698814 58.527505 -11.845582 0.563607 0.212626 0.657975 -0.451892
283.500000000 9.617133 58.482523 -11.909878 0.564572 0.212762 0.657644 -0.451104
283.600000000 9.542892 58.443456 -11.964602 0.564526 0.213215 0.657640 -0.450953
283.700000000 9.455108 58.391776 -12.030194 0.565401 0.213587 0.657083 -0.450493
283.800000000 9.384220 58.364167 -12.071813 0.564577 0.213051 0.658007 -0.450432
283.900000000 9.301064 58.327238 -12.129739 0.566313 0.212162 0.657915 -0.448804
284.000000000 9.221488 58.287842 -12.178573 0.566310 0.212086 0.658223 -0.448392
284.100000000 9.136617 58.250426 -12.223645 0.566346 0.211871 0.658452 -0.448110
284.200000000 9.054000 58.186988 -12.279270 0.565655 0.212809 0.658352 -0.448687
284.300000000 8.969137 58.145747 -12.325406 0.565377 0.213345 0.658346 -0.448790
284.400000000 8.890632 58.104467 -12.363095 0.564483 0.212429 0.659509 -0.448643
284.500000000 8.807804 58.051651 -12.411211 0.564015 0.212960 0.659553 -0.448915
284.600000000 8.717826 58.002489 -12.456500 0.564159 0.213495 0.659343 -0.448789
284.700000000 8.632797 57.953739 -12.499709 0.564549 0.213365 0.659486 -0.448149
284.800000000 8.537023 57.896243 -12.554285 0.564703 0.215112 0.658451 -0.448641
284.900000000 8.451518 57.849394 -12.591563 0.564967 0.214467 0.658977 -0.447845
285.000000000 8.365620 57.800019 -12.630431 0.565015 0.214235 0.659265 -0.447472
285.100000000 8.285683 57.762871 -12.657315 0.565084 0.212845 0.660265 -0.446572
285.200000000 8.194010 57.710389 -12.690619 0.564608 0.212498 0.660926 -0.446362
285.300000000 8.114246 57.654310 -12.722562 0.562437 0.214211 0.661074 -0.448061
285.400000000 8.024029 57.611553 -12.758751 0.564560 0.212642 0.661323 -0.445766
285.500000000 7.929394 57.552847 -12.801916 0.565166 0.213193 0.660956 -0.445279
285.600000000 7.848806 57.505121 -12.833531 0.564875 0.213119 0.661342 -0.445110
285.700000000 7.764986 57.446803 -12.872143 0.564489 0.213859 0.661213 -0.445437
285.800000000 7.691453 57.370541 -12.922653 0.565695 0.213520 0.661051 -0.444308
285.900000000 7.619373 57.312541 -12.954890 0.564630 0.213434 0.661898 -0.444444
286.000000000 7.542749 57.262564 -12.990953 0.565221 0.213562 0.661674 -0.443964
286.100000000 7.464448 57.190896 -13.034626 0.565225 0.213745 0.661760 -0.443743
286.200000000 7.386331 57.145750 -13.067990 0.565888 0.213765 0.661671 -0.443020
286.300000000 7.318187 57.077418 -13.107267 0.565738 0.213162 0.662312 -0.442544
286.400000000 7.234457 57.028908 -13.137623 0.565385 0.213060 0.662648 -0.442542
286.500000000 7.162502 56.974669 -13.178153 0.565748 0.213206 0.662655 -0.441996
286.600000000 7.076377 56.890653 -13.227161 0.565758 0.213459 0.662653 -0.441864
286.700000000 6.994146 56.786622 -13.284328 0.565845 0.212881 0.663090 -0.441376
286.800000000 6.917496 56.734034 -13.324343 0.565788 0.213146 0.663043 -0.441391
286.900000000 6.849885 56.681392 -13.354075 0.563941 0.213078 0.664220 -0.442018
287.000000000 6.760713 56.581385 -13.413658 0.563905 0.213097 0.664375 -0.441822
287.100000000 6.680595 56.549288 -13.447717 0.564015 0.213653 0.664086 -0.441848
287.200000000 6.603985 56.513526 -13.490397 0.566186 0.212481 0.663886 -0.439932
287.300000000 6.526191 56.426938 -13.539967 0.565184 0.211436 0.665308 -0.439577
287.400000000 6.437948 56.383172 -13.583827 0.565283 0.211977 0.664959 -0.439716
287.500000000 6.349482 56.322009 -13.634453 0.565523 0.212284 0.664803 -0.439495
287.600000000 6.240902 56.162112 -13.723424 0.564934 0.212368 0.665192 -0.439624
287.700000000 6.155650 56.173945 -13.749749 0.565162 0.212888 0.664755 -0.439740
287.800000000 6.067260 56.165048 -13.783118 0.564296 0.213431 0.665070 -0.440113
287.900000000 5.971220 56.107288 -13.838713 0.563760 0.214311 0.664925 -0.440591
288.000000000 5.870733 56.015420 -13.911840 0.564249 0.214651 0.664366 -0.440643
288.100000000 5.767115 55.888142 -13.992420 0.562742 0.215547 0.664664 -0.441681
288.200000000 5.692552 55.863865 -14.041567 0.562678 0.215443 0.664891 -0.441473
288.300000000 5.578832 55.736595 -14.133488 0.562363 0.217196 0.664028 -0.442312
288.400000000 5.518219 55.759126 -14.164657 0.562502 0.216159 0.664493 -0.441945
288.500000000 5.443419 55.725661 -14.225265 0.564174 0.215569 0.663873 -0.441033
288.600000000 5.359870 55.624675 -14.299224 0.562785 0.215346 0.664758 -0.441583
288.700000000 5.285526 55.612660 -14.348019 0.561849 0.215858 0.664916 -0.442287
288.800000000 5.230235 55.630927 -14.385500 0.562126 0.215586 0.664879 -0.442123
288.900000000 5.159585 55.607476 -14.445371 0.562944 0.215810 0.664400 -0.441693
289.000000000 5.097104 55.651029 -14.476949 0.562721 0.216338 0.664143 -0.442106
289.100000000 5.051975 55.694397 -14.505561 0.562227 0.215684 0.664808 -0.442053
289.200000000 4.977146 55.617069 -14.589891 0.563184 0.215854 0.664232 -0.441618
289.300000000 4.920198 55.631507 -14.634987 0.563498 0.215500 0.664319 -0.441259
289.400000000 4.848558 55.610128 -14.693825 0.563367 0.216032 0.663986 -0.441667
289.500000000 4.740212 55.373786 -14.827590 0.562941 0.215920 0.664218 -0.441916
289.600000000 4.674841 55.333723 -14.893362 0.562580 0.216159 0.664256 -0.442201
289.700000000 4.602614 55.288389 -14.963028 0.562670 0.216757 0.663897 -0.442334
289.800000000 4.538479 55.294659 -15.010929 0.562730 0.216941 0.663691 -0.442476
289.900000000 4.459376 55.184639 -15.111269 0.563877 0.216784 0.663297 -0.441683
290.000000000 4.397148 55.051759 -15.215282 0.565785 0.214963 0.663516 -0.439801
290.100000000 4.303066 54.949126 -15.299604 0.564064 0.217048 0.663008 -0.441749
290.200000000 4.241713 54.916120 -15.366233 0.564258 0.217359 0.662645 -0.441893
290.300000000 4.234367 55.003873 -15.386833 0.565754 0.215327 0.663222 -0.440105
290.400000000 4.174323 54.951633 -15.455867 0.565920 0.215568 0.663000 -0.440109
290.500000000 4.060353 54.683542 -15.603818 0.566000 0.215505 0.662928 -0.440145
290.600000000 3.998187 54.653310 -15.666692 0.566093 0.216117 0.662492 -0.440383
290.700000000 3.912639 54.563207 -15.745650 0.565177 0.217185 0.662115 -0.441598
290.800000000 3.857275 54.545315 -15.800573 0.564622 0.217675 0.661969 -0.442285
290.900000000 3.780901 54.424610 -15.893243 0.564677 0.218344 0.661494 -0.442596
291.000000000 3.764165 54.418002 -15.939110 0.565324 0.216396 0.662386 -0.441390
291.100000000 3.700402 54.301990 -16.031152 0.566636 0.215908 0.661983 -0.440552
291.200000000 3.640644 54.265769 -16.091295 0.566372 0.216283 0.661805 -0.440974
291.300000000 3.587303 54.226288 -16.150757 0.566335 0.216492 0.661602 -0.441224
291.400000000 3.529568 54.119083 -16.230166 0.566455 0.215820 0.661930 -0.440907
291.500000000 3.467050 54.014585 -16.307964 0.566170 0.215864 0.661977 -0.441181
291.600000000 3.411006 53.956858 -16.371787 0.565982 0.216653 0.661498 -0.441754
291.700000000 3.361333 53.872220 -16.439331 0.565798 0.216111 0.661846 -0.441734
291.800000000 3.321578 53.814189 -16.505640 0.566799 0.215717 0.661611 -0.440993
291.900000000 3.252729 53.689032 -16.591244 0.566514 0.216664 0.661074 -0.441700
292.000000000 3.212782 53.646798 -16.640997 0.566967 0.215659 0.661406 -0.441114
292.100000000 3.136609 53.515438 -16.722654 0.566303 0.216669 0.660968 -0.442128
292.200000000 3.110698 53.460965 -16.772722 0.566019 0.216107 0.661413 -0.442100
292.300000000 3.056839 53.381555 -16.835589 0.566714 0.215574 0.661330 -0.441594
292.400000000 3.013143 53.316901 -16.893243 0.567135 0.215083 0.661412 -0.441171
292.500000000 2.986147 53.245206 -16.943223 0.566660 0.214332 0.661983 -0.441290
292.600000000 2.956160 53.197698 -17.000764 0.567866 0.214040 0.661589 -0.440471
292.700000000 2.911239 53.112701 -17.055052 0.567759 0.213647 0.661771 -0.440527
292.800000000 2.823685 52.944667 -17.132207 0.566884 0.214076 0.661832 -0.441352
292.900000000 2.786734 52.883849 -17.185489 0.567613 0.214037 0.661480 -0.440963
293.000000000 2.747168 52.803460 -17.239145 0.567532 0.214314 0.661225 -0.441315
293.100000000 2.720603 52.702746 -17.287972 0.567084 0.214075 0.661480 -0.441625
293.200000000 2.663526 52.617476 -17.332877 0.566772 0.213515 0.661929 -0.441623
293.300000000 2.645769 52.548748 -17.375216 0.566811 0.213817 0.661599 -0.441920
293.400000000 2.584666 52.450636 -17.428744 0.567509 0.213686 0.661216 -0.441662
293.500000000 2.515365 52.324797 -17.483952 0.567707 0.213768 0.661050 -0.441616
293.600000000 2.431066 52.133988 -17.554539 0.568102 0.213277 0.661098 -0.441274
293.700000000 2.427236 52.092924 -17.577957 0.568942 0.212047 0.661392 -0.440343
293.800000000 2.392521 52.021838 -17.606104 0.569043 0.211922 0.661293 -0.440421
293.900000000 2.321427 51.882748 -17.656571 0.569540 0.212100 0.660839 -0.440373
294.000000000 2.268908 51.774926 -17.685654 0.569404 0.211760 0.661037 -0.440417
294.100000000 2.248145 51.668002 -17.713500 0.569473 0.211244 0.661243 -0.440265
294.200000000 2.215776 51.555496 -17.741338 0.569633 0.211016 0.661205 -0.440225
294.300000000 2.157160 51.443819 -17.764455 0.569834 0.210996 0.661004 -0.440277
294.400000000 2.095211 51.332938 -17.782182 0.570019 0.210772 0.660992 -0.440163
294.500000000 2.057504 51.223754 -17.803131 0.570488 0.210690 0.660720 -0.440001
294.600000000 2.015056 51.090371 -17.819494 0.570552 0.210367 0.660750 -0.440029
294.700000000 1.947025 50.939117 -17.837388 0.570269 0.210353 0.660875 -0.440215
294.800000000 1.916017 50.829157 -17.845577 0.570573 0.210447 0.660541 -0.440278
294.900000000 1.819020 50.709480 -17.845567 0.570420 0.210636 0.660397 -0.440602
295.000000000 1.790649 50.590554 -17.841749 0.570333 0.210410 0.660508 -0.440655
295.100000000 1.744430 50.424796 -17.851466 0.570702 0.209945 0.660498 -0.440414
295.200000000 1.695379 50.306734 -17.842230 0.571090 0.209635 0.660423 -0.440171
295.300000000 1.615444 50.147731 -17.839039 0.570640 0.210451 0.659990 -0.441014
295.400000000 1.555964 50.076062 -17.796662 0.569921 0.210111 0.660471 -0.441386
295.500000000 1.532375 49.917306 -17.787046 0.570645 0.209074 0.660693 -0.440609
295.600000000 1.475585 49.774199 -17.770325 0.571065 0.208941 0.660489 -0.440435
295.700000000 1.403669 49.634432 -17.751118 0.571356 0.209250 0.660065 -0.440546
295.800000000 1.332667 49.452578 -17.735952 0.570997 0.209660 0.659944 -0.440997
295.900000000 1.256350 49.391888 -17.682507 0.571164 0.210389 0.659293 -0.441407
296.000000000 1.194607 49.295522 -17.632304 0.570822 0.210522 0.659253 -0.441846
296.100000000 1.106479 49.130669 -17.598161 0.570409 0.210907 0.659130 -0.442380
296.200000000 1.066301 49.032493 -17.542016 0.570039 0.210943 0.659188 -0.442752
296.300000000 0.992994 48.916955 -17.487209 0.569748 0.211144 0.659141 -0.443101
296.400000000 0.943781 48.823380 -17.427891 0.569979 0.211183 0.658934 -0.443094
296.500000000 0.890529 48.682018 -17.375705 0.569873 0.210747 0.659177 -0.443076
296.600000000 0.852437 48.519021 -17.337734 0.570530 0.210803 0.658857 -0.442680
296.700000000 0.758182 48.380901 -17.295173 0.571443 0.211781 0.657733 -0.442707
296.800000000 0.721956 48.269128 -17.230315 0.571645 0.211344 0.657787 -0.442575
296.900000000 0.679485 48.174099 -17.139795 0.569816 0.210329 0.659228 -0.443272
297.000000000 0.634005 48.055095 -17.076489 0.570319 0.210005 0.659191 -0.442833
297.100000000 0.588912 47.983750 -17.005943 0.571159 0.210472 0.658417 -0.442680
297.200000000 0.595946 48.031478 -16.891475 0.571492 0.210449 0.658326 -0.442398
297.300000000 0.556988 48.004878 -16.795423 0.571815 0.210647 0.657998 -0.442373
297.400000000 0.455128 47.809472 -16.763935 0.572782 0.212234 0.656471 -0.442631
297.500000000 0.426523 47.786688 -16.659372 0.572442 0.212257 0.656598 -0.442874
297.600000000 0.334093 47.697734 -16.580415 0.572156 0.213578 0.655768 -0.443836
297.700000000 0.291848 47.494190 -16.534648 0.572412 0.212969 0.656033 -0.443407
297.800000000 0.281679 47.405085 -16.450030 0.573088 0.211344 0.656796 -0.442180
297.900000000 0.210011 47.255048 -16.389907 0.573209 0.211874 0.656335 -0.442453
298.000000000 0.178166 47.313864 -16.264649 0.573228 0.212355 0.655868 -0.442890
298.100000000 0.105483 47.112864 -16.226774 0.574366 0.212953 0.655035 -0.442362
298.200000000 0.041400 46.928934 -16.168960 0.574247 0.212759 0.655138 -0.442457
298.300000000 -0.036570 46.657456 -16.147331 0.575106 0.212270 0.655040 -0.441721
298.400000000 -0.106592 46.603067 -16.064148 0.575497 0.213576 0.653978 -0.442155
298.500000000 -0.148247 46.569642 -15.961533 0.575537 0.213540 0.653893 -0.442247
298.600000000 -0.177388 46.458529 -15.887713 0.575521 0.212806 0.654356 -0.441937
298.700000000 -0.246739 46.379888 -15.813102 0.576050 0.214106 0.653309 -0.442169
298.800000000 -0.223737 46.449548 -15.685506 0.576527 0.212851 0.653714 -0.441554
298.900000000 -0.244900 46.377642 -15.604920 0.576015 0.213097 0.653721 -0.442091
299.000000000 -0.359531 46.251587 -15.549731 0.576834 0.214652 0.652480 -0.442105
299.100000000 -0.469647 46.077996 -15.500736 0.576440 0.215767 0.651900 -0.442931
299.200000000 -0.521032 46.017964 -15.417856 0.575788 0.215876 0.652100 -0.443431
299.300000000 -0.475265 46.043359 -15.325339 0.577856 0.214235 0.652212 -0.441368
299.400000000 -0.613489 45.830694 -15.297288 0.577624 0.215806 0.651273 -0.442291
299.500000000 -0.666487 45.762578 -15.228631 0.577313 0.216652 0.650816 -0.442957
299.600000000 -0.728240 45.788938 -15.126871 0.576451 0.216861 0.651017 -0.443680
299.700000000 -0.825252 45.533602 -15.126381 0.577023 0.217256 0.650586 -0.443376
299.800000000 -0.767131 45.603909 -15.032213 0.579044 0.214788 0.651203 -0.441031
299.900000000 -0.889259 45.437037 -15.002241 0.577596 0.216759 0.650655 -0.442771
300.000000000 -0.935231 45.375056 -14.952272 0.577868 0.216931 0.650400 -0.442707
300.100000000 -0.970116 45.360576 -14.883651 0.577446 0.215893 0.651261 -0.442499
300.200000000 -1.018260 45.327268 -14.844255 0.578741 0.216976 0.649991 -0.442144
300.300000000 -1.015889 45.372902 -14.775647 0.579963 0.215998 0.649993 -0.441018
300.400000000 -1.056265 45.382125 -14.716019 0.578848 0.216565 0.650046 -0.442125
300.500000000 -1.133222 45.297656 -14.691500 0.578979 0.216555 0.650098 -0.441882
300.600000000 -1.196162 45.192942 -14.675015 0.577530 0.217889 0.649939 -0.443354
300.700000000 -1.280967 45.088795 -14.670917 0.577033 0.219182 0.649324 -0.444263
300.800000000 -1.395154 44.978205 -14.672145 0.577592 0.219681 0.648843 -0.443994
300.900000000 -1.500073 44.889219 -14.664656 0.575471 0.220951 0.648978 -0.445916
301.000000000 -1.571579 44.884972 -14.651610 0.576080 0.221997 0.647973 -0.446072
301.100000000 -1.509336 45.239179 -14.539064 0.579432 0.218743 0.648378 -0.442737
301.200000000 -1.592123 45.262829 -14.526373 0.579529 0.220859 0.646977 -0.443608
301.300000000 -1.644461 45.254019 -14.512271 0.578365 0.220118 0.647995 -0.444010
301.400000000 -1.710409 44.649446 -14.687122 0.579274 0.217076 0.649922 -0.441499
301.500000000 -1.784683 44.657957 -14.684425 0.578196 0.217610 0.650220 -0.442210
301.600000000 -1.836952 44.696517 -14.681032 0.578159 0.217755 0.650160 -0.442274
301.700000000 -1.896053 44.718862 -14.689444 0.578212 0.218417 0.649680 -0.442584
301.800000000 -1.940948 44.738820 -14.704395 0.578061 0.219035 0.649494 -0.442749
301.900000000 -2.022787 44.621088 -14.759327 0.577182 0.219750 0.649606 -0.443377
302.000000000 -2.099506 44.657497 -14.772073 0.576602 0.219964 0.649786 -0.443761
302.100000000 -2.229108 44.617050 -14.815313 0.575900 0.222782 0.648102 -0.445726
302.200000000 -2.261272 44.608805 -14.855377 0.575749 0.223273 0.648087 -0.445697
302.300000000 -2.314996 44.603001 -14.887515 0.575266 0.222993 0.648439 -0.445949
302.400000000 -2.361986 44.120159 -15.068765 0.577182 0.218861 0.650950 -0.441843
302.500000000 -2.490513 44.034576 -15.131745 0.574597 0.221001 0.650855 -0.444280
302.600000000 -2.541443 44.058881 -15.172197 0.574155 0.221181 0.650941 -0.444635
302.700000000 -2.602298 44.039148 -15.234308 0.574068 0.222164 0.650293 -0.445206
302.800000000 -2.686692 44.060452 -15.285502 0.574380 0.222816 0.649743 -0.445279
302.900000000 -2.733181 44.016814 -15.354955 0.573501 0.223573 0.649752 -0.446021
303.000000000 -2.866171 43.725691 -15.497767 0.573177 0.223960 0.649810 -0.446158
303.100000000 -2.905302 43.808010 -15.541564 0.573436 0.223724 0.649790 -0.445972
303.200000000 -2.924614 43.821554 -15.602034 0.572690 0.223152 0.650499 -0.446185
303.300000000 -3.047495 43.579480 -15.739727 0.573265 0.222438 0.650953 -0.445139
303.400000000 -3.118134 43.576007 -15.811524 0.573005 0.222330 0.651135 -0.445261
303.500000000 -3.145464 43.559389 -15.887283 0.571910 0.222249 0.651686 -0.445903
303.600000000 -3.231244 43.513576 -15.978691 0.571407 0.223604 0.651080 -0.446755
303.700000000 -3.284117 43.470374 -16.068528 0.571116 0.223249 0.651485 -0.446714
303.800000000 -3.361642 43.481838 -16.147928 0.571438 0.223621 0.650980 -0.446853
303.900000000 -3.416314 43.453431 -16.237485 0.571150 0.223475 0.651313 -0.446810
304.000000000 -3.459670 43.444947 -16.327876 0.571054 0.224096 0.650948 -0.447152
304.100000000 -3.485436 43.318798 -16.457301 0.569887 0.225714 0.650458 -0.448539
304.200000000 -3.587019 43.024435 -16.626568 0.569499 0.225180 0.651256 -0.448142
304.300000000 -3.630314 43.032059 -16.710810 0.569399 0.224743 0.651665 -0.447893
304.400000000 -3.732415 42.982345 -16.817698 0.569376 0.225675 0.651032 -0.448374
304.500000000 -3.800077 42.975735 -16.911630 0.569235 0.225888 0.650857 -0.448700
304.600000000 -3.846060 42.903838 -17.024741 0.568045 0.226704 0.650816 -0.449854
304.700000000 -3.890880 42.940616 -17.113091 0.568708 0.226865 0.650391 -0.449549
304.800000000 -3.925622 42.944760 -17.201979 0.567130 0.227137 0.650867 -0.450716
304.900000000 -3.849980 42.982746 -17.293286 0.567969 0.226039 0.651202 -0.449727
305.000000000 -3.491556 43.136468 -17.364235 0.571996 0.220364 0.653289 -0.444381
305.100000000 -3.162773 43.318024 -17.434581 0.576730 0.213978 0.655312 -0.438362
305.200000000 -2.930522 43.422342 -17.509348 0.583597 0.202465 0.659568 -0.428245
305.300000000 -2.879093 43.492228 -17.586400 0.587561 0.196830 0.661171 -0.422945
305.400000000 -2.745576 43.555344 -17.688942 0.587928 0.199018 0.659230 -0.424439
305.500000000 -2.730790 43.550114 -17.783789 0.587539 0.198678 0.659703 -0.424402
305.600000000 -2.649801 43.647703 -17.856586 0.590666 0.193924 0.661037 -0.420164
305.700000000 -2.603978 43.702279 -17.941036 0.592487 0.191713 0.661376 -0.418074
305.800000000 -2.160666 43.824596 -18.029278 0.596276 0.185267 0.663187 -0.412691
305.900000000 -1.993156 43.885252 -18.117180 0.602600 0.176176 0.665319 -0.403964
306.000000000 -2.041349 43.857298 -18.213508 0.601691 0.176409 0.665753 -0.404502
306.100000000 -2.100579 43.842672 -18.295684 0.600730 0.176196 0.666506 -0.404782
306.200000000 -2.163719 43.890087 -18.359215 0.601150 0.174268 0.667460 -0.403419
306.300000000 -2.229531 43.871739 -18.445512 0.600183 0.174704 0.667817 -0.404077
306.400000000 -2.055555 43.861555 -18.554431 0.602961 0.171686 0.667907 -0.401075
306.500000000 -2.155933 43.946313 -18.597512 0.605412 0.166444 0.669832 -0.396356
306.600000000 -2.142551 43.951806 -18.674739 0.604756 0.166857 0.669842 -0.397166
306.700000000 -2.162305 43.903987 -18.775108 0.604148 0.167907 0.669519 -0.398193
306.800000000 -2.059878 43.831618 -18.883420 0.605441 0.165624 0.670153 -0.396114
306.900000000 -1.997833 43.853155 -18.959916 0.607298 0.162725 0.670758 -0.393438
307.000000000 -2.009014 43.891421 -19.019568 0.614217 0.152218 0.672944 -0.383031
307.100000000 -1.953393 43.853108 -19.104074 0.614119 0.151297 0.673617 -0.382370
307.200000000 -2.072108 43.870521 -19.170398 0.614217 0.152004 0.673027 -0.382972
307.300000000 -1.997575 44.034024 -19.188570 0.619435 0.142845 0.675115 -0.374319
307.400000000 -1.880657 43.899388 -19.307126 0.618873 0.143297 0.675120 -0.375067
307.500000000 -2.014521 43.927019 -19.352510 0.619126 0.142659 0.675448 -0.374302
307.600000000 -1.973413 43.964485 -19.404353 0.620930 0.139021 0.676321 -0.371092
307.700000000 -1.949965 44.087765 -19.416728 0.638941 0.106906 0.682209 -0.338994
307.800000000 -2.010980 44.082304 -19.473391 0.639346 0.106591 0.682048 -0.338653
307.900000000 -2.093516 44.051266 -19.523460 0.638971 0.106235 0.682525 -0.338510
308.000000000 -2.204042 44.019310 -19.570973 0.638313 0.106355 0.682991 -0.338775
308.100000000 -2.322746 43.986717 -19.626126 0.638672 0.106027 0.682898 -0.338389
308.200000000 -2.359597 43.927782 -19.692944 0.638766 0.106350 0.682698 -0.338513
308.300000000 -2.137588 43.753747 -19.845851 0.640365 0.106291 0.681024 -0.338883
308.400000000 -1.610413 43.994792 -19.848612 0.654180 0.080365 0.683516 -0.313680
308.500000000 -1.648470 44.094623 -19.871696 0.656953 0.077787 0.682153 -0.311494
308.600000000 -1.709563 44.104771 -19.894221 0.655624 0.078998 0.682709 -0.312770
308.700000000 -1.833071 44.116896 -19.916765 0.655789 0.078741 0.682688 -0.312535
308.800000000 -1.725864 44.099975 -19.944418 0.656427 0.073686 0.684957 -0.307422
308.900000000 -1.720617 44.022225 -19.993431 0.656680 0.073096 0.684965 -0.307004
309.000000000 -1.920194 44.019635 -19.995302 0.655864 0.072370 0.686197 -0.306167
309.100000000 -2.035829 44.033025 -19.994117 0.657664 0.066036 0.688024 -0.299568
309.200000000 -2.084051 44.029816 -20.013107 0.658092 0.065760 0.687826 -0.299141
309.300000000 -2.159547 44.072974 -20.005317 0.657480 0.065191 0.688538 -0.298973
309.400000000 -2.281008 44.031855 -20.021643 0.656502 0.065429 0.689384 -0.299122
309.500000000 -2.373608 43.978990 -20.033344 0.655331 0.065156 0.690603 -0.298938
309.600000000 -2.514334 43.983460 -20.034671 0.654876 0.066288 0.690425 -0.300094
309.700000000 -2.589652 43.971414 -20.047823 0.655427 0.066240 0.689895 -0.300122
309.800000000 -2.618200 43.863299 -20.091273 0.656182 0.065360 0.689577 -0.299395
309.900000000 -2.626634 43.820224 -20.097607 0.655130 0.064569 0.690963 -0.298674
310.000000000 -2.726478 43.814369 -20.099592 0.656882 0.062359 0.690465 -0.296436
310.100000000 -2.747347 43.851574 -20.079900 0.661219 0.051544 0.691878 -0.285372
310.200000000 -2.583898 43.879703 -20.078982 0.661948 0.050674 0.691571 -0.284583
310.300000000 -2.725794 43.879116 -20.062662 0.661511 0.051174 0.691736 -0.285106
310.400000000 -2.697087 43.862157 -20.057315 0.661176 0.050606 0.692332 -0.284539
310.500000000 -2.881135 43.724591 -20.072635 0.660111 0.051009 0.693057 -0.285172
310.600000000 -2.994146 43.646603 -20.077734 0.659716 0.051072 0.693415 -0.285206
310.700000000 -3.079435 43.568270 -20.076362 0.660282 0.047973 0.694309 -0.282243
310.800000000 -3.082214 43.516297 -20.063358 0.659951 0.045498 0.695708 -0.279973
310.900000000 -3.355347 43.395164 -20.064747 0.675426 0.003166 0.698404 -0.236690
311.000000000 -3.340972 43.399135 -20.048289 0.676664 0.002348 0.697478 -0.235893
311.100000000 -3.640572 43.282845 -20.037562 0.675342 0.003095 0.698477 -0.236715
311.200000000 -3.738855 43.228880 -20.025743 0.675533 0.002440 0.698522 -0.236044
311.300000000 -3.784598 43.195155 -20.009685 0.675753 0.002192 0.698399 -0.235780
311.400000000 -4.031607 43.075933 -20.002985 0.674466 0.002646 0.699510 -0.236165
311.500000000 -4.092490 43.037373 -19.976483 0.673796 0.001919 0.700442 -0.235321
311.600000000 -4.193640 42.980026 -19.961066 0.673996 0.001849 0.700260 -0.235290
311.700000000 -4.353099 42.890580 -19.938721 0.672138 0.001724 0.702124 -0.235050
311.800000000 -4.440130 42.831204 -19.919334 0.672033 0.001585 0.702226 -0.235049
311.900000000 -4.537094 42.790825 -19.891095 0.671420 0.001398 0.702972 -0.234571
312.000000000 -4.704830 42.699536 -19.873582 0.670878 0.001660 0.703435 -0.234731
312.100000000 -4.842623 42.637995 -19.858970 0.671941 0.001522 0.702300 -0.235090
312.200000000 -4.898099 42.613801 -19.820744 0.671570 0.000861 0.702873 -0.234438
312.300000000 -5.078267 42.537973 -19.802340 0.671670 0.000938 0.702693 -0.234695
312.400000000 -5.208024 42.461268 -19.777354 0.671165 0.000726 0.703214 -0.234578
312.500000000 -4.472203 42.876281 -19.611332 0.671564 -0.003483 0.704558 -0.229319
312.600000000 -4.323340 42.983672 -19.542912 0.671540 -0.004551 0.705092 -0.227726
312.700000000 -4.363838 43.002927 -19.491144 0.671912 -0.005084 0.704916 -0.227160
312.800000000 -4.480769 42.942078 -19.457237 0.671392 -0.005193 0.705410 -0.227162
312.900000000 -4.765331 42.817568 -19.456205 0.672026 -0.003897 0.704214 -0.229016
313.000000000 -4.759265 42.810328 -19.400905 0.670620 -0.004567 0.706055 -0.227452
313.100000000 -4.893671 42.738715 -19.365074 0.669375 -0.004634 0.707251 -0.227402
313.200000000 -5.006663 42.698792 -19.324808 0.669022 -0.005013 0.707670 -0.227131
313.300000000 -5.087884 42.666557 -19.287805 0.669443 -0.005298 0.707406 -0.226703
313.400000000 -5.233524 42.591859 -19.259242 0.668565 -0.005147 0.708215 -0.226773
313.500000000 -5.312339 42.578196 -19.218683 0.669450 -0.005713 0.707378 -0.226763
313.600000000 -5.572712 42.432690 -19.212017 0.668814 -0.004716 0.707678 -0.227722
313.700000000 -5.730646 42.357296 -19.188684 0.669580 -0.004462 0.706733 -0.228409
313.800000000 -5.924835 42.260862 -19.172234 0.669202 -0.003872 0.707016 -0.228652
313.900000000 -5.924301 42.298097 -19.115633 0.670243 -0.004807 0.706233 -0.228005
314.000000000 -6.085873 42.222172 -19.089613 0.669861 -0.004797 0.706537 -0.228186
314.100000000 -6.265431 42.140874 -19.073909 0.669906 -0.004495 0.706357 -0.228616
314.200000000 -6.327951 42.108467 -19.014574 0.668661 -0.005220 0.707773 -0.227866
314.300000000 -6.490084 42.038869 -19.003853 0.669332 -0.005250 0.707061 -0.228104
314.400000000 -6.601386 41.994798 -18.974987 0.669259 -0.005279 0.707179 -0.227953
314.500000000 -6.656405 41.964740 -18.937653 0.669242 -0.006181 0.707459 -0.227111
314.600000000 -6.723208 41.946757 -18.904007 0.669544 -0.006680 0.707371 -0.226478
314.700000000 -7.155075 41.741708 -18.930160 0.670347 -0.004802 0.705819 -0.228978
314.800000000 -7.252107 41.720290 -18.898662 0.671400 -0.004689 0.704851 -0.228878
314.900000000 -7.436159 41.638410 -18.874564 0.671210 -0.004421 0.704701 -0.229901
315.000000000 -7.720565 41.521931 -18.885045 0.672225 -0.003000 0.703366 -0.231043
315.100000000 -7.797723 41.490317 -18.855115 0.671883 -0.003355 0.703764 -0.230819
315.200000000 -7.983962 41.412515 -18.843745 0.672423 -0.003215 0.703154 -0.231108
315.300000000 -8.063079 41.364839 -18.825135 0.673217 -0.004487 0.702831 -0.229755
315.400000000 -8.295252 41.276281 -18.827752 0.674525 -0.003374 0.701221 -0.230853
315.500000000 -8.428488 41.214687 -18.808459 0.673740 -0.003646 0.701962 -0.230892
315.600000000 -8.552183 41.172591 -18.786124 0.673113 -0.003541 0.702511 -0.231050
315.700000000 -8.611624 41.163728 -18.757003 0.673873 -0.004143 0.701799 -0.230990
315.800000000 -8.752239 41.093164 -18.753990 0.673584 -0.003794 0.701994 -0.231245
315.900000000 -8.893768 41.054789 -18.737336 0.673345 -0.003519 0.702170 -0.231412
316.000000000 -8.989192 41.026042 -18.718544 0.673715 -0.004027 0.701906 -0.231128
316.100000000 -9.031191 41.034012 -18.688752 0.673874 -0.004755 0.702069 -0.230152
316.200000000 -9.274592 40.926518 -18.709873 0.674369 -0.003637 0.701318 -0.231012
316.300000000 -9.507310 40.835733 -18.726875 0.674920 -0.002865 0.700549 -0.231743
316.400000000 -9.499046 40.855089 -18.694319 0.674761 -0.004119 0.701075 -0.230595
316.500000000 -9.781137 40.728666 -18.732218 0.675682 -0.002587 0.699826 -0.231713
316.600000000 -9.940166 40.675507 -18.740254 0.676791 -0.002024 0.698684 -0.231929
316.700000000 -10.136661 40.592499 -18.762389 0.677596 -0.001272 0.697786 -0.232283
316.800000000 -10.166516 40.600843 -18.735137 0.677528 -0.001787 0.698037 -0.231726
316.900000000 -10.222421 40.605419 -18.722478 0.678263 -0.001955 0.697467 -0.231290
317.000000000 -10.317824 40.575585 -18.725973 0.679274 -0.001694 0.696577 -0.231008
317.100000000 -10.654366 40.465863 -18.770240 0.680239 -0.000223 0.695175 -0.232392
317.200000000 -10.750686 40.447888 -18.776150 0.681603 -0.000374 0.693918 -0.232151
317.300000000 -10.837967 40.413280 -18.780621 0.682271 -0.000538 0.693340 -0.231919
317.400000000 -11.000793 40.353774 -18.800723 0.682876 -0.000431 0.692732 -0.231954
317.500000000 -11.148018 40.312167 -18.816983 0.683835 -0.000135 0.691702 -0.232203
317.600000000 -11.296245 40.279509 -18.830186 0.684517 0.000333 0.690908 -0.232557
317.700000000 -11.330220 40.283912 -18.826010 0.685467 -0.000218 0.690189 -0.231893
317.800000000 -11.345789 40.300251 -18.809116 0.684774 -0.001030 0.691056 -0.231356
317.900000000 -11.414047 40.299980 -18.814745 0.685780 -0.001019 0.690141 -0.231105
318.000000000 -11.445959 40.325124 -18.801314 0.686129 -0.001692 0.689979 -0.230549
318.100000000 -11.629885 40.284199 -18.824451 0.687010 -0.001740 0.689003 -0.230847
318.200000000 -11.685898 40.289794 -18.831196 0.688071 -0.002192 0.688121 -0.230309
318.300000000 -11.736399 40.302734 -18.828736 0.688112 -0.002500 0.688157 -0.230079
318.400000000 -11.787497 40.298633 -18.834697 0.688476 -0.002617 0.687892 -0.229779
318.500000000 -11.898489 40.281989 -18.847324 0.688796 -0.002711 0.687614 -0.229652
318.600000000 -11.944403 40.281440 -18.850871 0.688957 -0.003827 0.687609 -0.229167
318.700000000 -12.059652 40.258739 -18.860595 0.688781 -0.003805 0.687761 -0.229242
318.800000000 -12.159564 40.253856 -18.871981 0.689195 -0.003501 0.687304 -0.229370
318.900000000 -12.182222 40.277416 -18.872699 0.689249 -0.003830 0.687361 -0.229035
319.000000000 -12.320274 40.196524 -18.916384 0.690405 -0.005038 0.686560 -0.227927
319.100000000 -12.391618 40.182392 -18.937967 0.690945 -0.005478 0.686065 -0.227771
319.200000000 -12.140955 40.693964 -18.750943 0.687296 0.000043 0.688175 -0.232464
319.300000000 -12.134312 40.704838 -18.761598 0.687743 -0.000580 0.687926 -0.231879
319.400000000 -12.119126 40.727448 -18.766967 0.687966 -0.001369 0.687976 -0.231061
319.500000000 -12.166204 40.734106 -18.784650 0.688937 -0.001286 0.687037 -0.230963
319.600000000 -12.234568 40.752999 -18.796648 0.689178 -0.001101 0.686798 -0.230959
319.700000000 -12.301192 40.769921 -18.810960 0.689983 -0.000878 0.685937 -0.231112
319.800000000 -12.368533 40.783440 -18.818716 0.689191 -0.000344 0.686537 -0.231693
319.900000000 -12.435283 40.800095 -18.829205 0.688971 -0.000222 0.686685 -0.231909
320.000000000 -12.683695 40.763197 -18.867902 0.688626 0.000606 0.686682 -0.232940
320.100000000 -12.757949 40.766184 -18.889514 0.688394 0.000154 0.686963 -0.232799
320.200000000 -12.814017 40.738725 -18.921737 0.688443 -0.000759 0.687074 -0.232323
320.300000000 -12.903069 40.740606 -18.935918 0.688383 -0.000464 0.687096 -0.232439
320.400000000 -13.110728 40.717091 -18.972226 0.687699 0.000306 0.687476 -0.233338
320.500000000 -13.173919 40.698798 -19.002935 0.688851 -0.000852 0.686784 -0.231972
320.600000000 -13.282849 40.662193 -19.039817 0.689458 -0.001115 0.686208 -0.231871
320.700000000 -13.349810 40.670719 -19.055837 0.688775 -0.001766 0.686976 -0.231625
320.800000000 -13.359495 40.666938 -19.070713 0.688068 -0.002453 0.687897 -0.230987
320.900000000 -13.408095 40.600625 -19.108339 0.687931 -0.004756 0.688627 -0.229175
321.000000000 -13.596728 40.603661 -19.131198 0.687731 -0.004355 0.688712 -0.229529
321.100000000 -13.647020 40.618309 -19.155293 0.687882 -0.004838 0.688684 -0.229150
321.200000000 -13.780117 40.600927 -19.179793 0.686764 -0.004763 0.689766 -0.229249
321.300000000 -14.028912 40.562498 -19.222647 0.686654 -0.003675 0.689660 -0.229914
321.400000000 -14.145610 40.561578 -19.252599 0.686750 -0.003790 0.689564 -0.229916
321.500000000 -14.166517 40.579526 -19.277934 0.687686 -0.005245 0.689050 -0.228628
321.600000000 -14.205921 40.525443 -19.322748 0.688309 -0.006563 0.688859 -0.227289
321.700000000 -14.354219 40.520194 -19.349444 0.688270 -0.007175 0.689108 -0.226633
321.800000000 -14.419870 40.451464 -19.387225 0.687720 -0.007939 0.689917 -0.225816
321.900000000 -13.652689 41.194439 -19.188593 0.687224 -0.002752 0.688706 -0.231082
322.000000000 -13.764284 41.205570 -19.214068 0.687389 -0.002411 0.688417 -0.231457
322.100000000 -14.020311 41.165092 -19.257895 0.686295 -0.001578 0.689258 -0.232207
322.200000000 -14.230275 41.160241 -19.291944 0.685922 -0.000623 0.689364 -0.232997
322.300000000 -14.277179 41.140562 -19.325516 0.687021 -0.001778 0.688725 -0.231641
322.400000000 -14.359266 41.118451 -19.355875 0.686705 -0.001824 0.689092 -0.231484
322.500000000 -14.570433 41.077879 -19.384584 0.685328 -0.000917 0.690357 -0.231802
322.600000000 -14.643305 41.043384 -19.410364 0.684572 -0.000532 0.691059 -0.231943
322.700000000 -14.703919 41.016093 -19.447107 0.684852 -0.000963 0.690964 -0.231398
322.800000000 -14.839631 41.006155 -19.473560 0.684387 -0.000441 0.691214 -0.232030
322.900000000 -14.852964 40.936486 -19.525172 0.685413 -0.003822 0.691216 -0.228942
323.000000000 -14.944928 40.904527 -19.559550 0.685481 -0.003693 0.691216 -0.228741
323.100000000 -15.116083 40.872190 -19.598293 0.685271 -0.002983 0.691185 -0.229471
323.200000000 -15.132965 40.888386 -19.610646 0.685018 -0.003504 0.691709 -0.228639
323.300000000 -15.344668 40.858896 -19.634767 0.684028 -0.002489 0.692511 -0.229191
323.400000000 -15.515160 40.864610 -19.661985 0.683780 -0.002021 0.692642 -0.229537
323.500000000 -15.528611 40.847351 -19.684536 0.683557 -0.002753 0.693055 -0.228946
323.600000000 -15.704111 40.808459 -19.726719 0.683638 -0.002008 0.692877 -0.229254
323.700000000 -15.748146 40.748741 -19.774810 0.684952 -0.005617 0.692685 -0.225824
323.800000000 -15.812044 40.713710 -19.812178 0.685375 -0.005883 0.692320 -0.225654
323.900000000 -15.959359 40.653365 -19.852477 0.685030 -0.005004 0.692498 -0.226174
324.000000000 -16.128380 40.606191 -19.879243 0.683833 -0.004904 0.693699 -0.226118
324.100000000 -16.209650 40.573269 -19.908239 0.683263 -0.004975 0.694321 -0.225929
324.200000000 -16.301722 40.564682 -19.931250 0.683422 -0.005136 0.694256 -0.225645
324.300000000 -16.454894 40.540217 -19.954512 0.682852 -0.004690 0.694744 -0.225881
324.400000000 -16.491713 40.517908 -19.965715 0.681990 -0.004835 0.695667 -0.225642
324.500000000 -16.505401 40.435619 -20.003925 0.682122 -0.007703 0.696360 -0.223007
324.600000000 -16.712154 40.437086 -20.018784 0.681534 -0.007594 0.696875 -0.223200
324.700000000 -16.727043 40.368765 -20.047007 0.680760 -0.007770 0.697661 -0.223103
324.800000000 -16.803174 40.245389 -20.086550 0.679623 -0.007450 0.698690 -0.223359
324.900000000 -16.951862 40.250949 -20.097431 0.679056 -0.006998 0.699175 -0.223580
325.000000000 -17.058354 40.251433 -20.115138 0.679031 -0.007188 0.699262 -0.223379
325.100000000 -17.180031 40.229638 -20.124720 0.678004 -0.006898 0.700229 -0.223479
325.200000000 -17.229259 40.201194 -20.138061 0.677749 -0.009340 0.701259 -0.220917
325.300000000 -17.356033 40.205622 -20.157048 0.678022 -0.009557 0.700981 -0.220953
325.400000000 -17.476568 40.132013 -20.187288 0.677422 -0.009734 0.701578 -0.220894
325.500000000 -17.607183 40.069210 -20.216029 0.677068 -0.009526 0.701872 -0.221051
325.600000000 -17.694487 40.005621 -20.234862 0.676305 -0.009802 0.702716 -0.220696
325.700000000 -17.784672 39.944023 -20.260159 0.676154 -0.010007 0.702911 -0.220526
325.800000000 -17.914784 39.875414 -20.279430 0.675165 -0.009241 0.703679 -0.221141
325.900000000 -18.059031 39.846624 -20.293492 0.674981 -0.009040 0.703860 -0.221135
326.000000000 -18.188334 39.817415 -20.293847 0.674154 -0.009696 0.704883 -0.220369
326.100000000 -18.303303 39.788373 -20.308153 0.674345 -0.009812 0.704725 -0.220287
326.200000000 -18.397062 39.693115 -20.326910 0.673811 -0.009980 0.705282 -0.220130
326.300000000 -18.516146 39.646790 -20.344942 0.674223 -0.010224 0.704942 -0.219947
326.400000000 -18.739735 39.643084 -20.340159 0.673754 -0.009562 0.705261 -0.220386
326.500000000 -18.821306 39.560358 -20.356116 0.673765 -0.009438 0.705221 -0.220488
326.600000000 -19.016533 39.564047 -20.355431 0.674455 -0.009771 0.704795 -0.219725
326.700000000 -19.072726 39.454479 -20.367887 0.674158 -0.010126 0.705170 -0.219419
326.800000000 -19.219598 39.373370 -20.379558 0.674614 -0.009560 0.704619 -0.219813
326.900000000 -19.335594 39.343900 -20.364750 0.674529 -0.009823 0.704869 -0.219258
327.000000000 -19.520623 39.293775 -20.366959 0.674878 -0.009087 0.704378 -0.219792
327.100000000 -19.603554 39.172224 -20.369132 0.674497 -0.008964 0.704713 -0.219893
327.200000000 -19.805042 39.208870 -20.331409 0.674642 -0.008645 0.704643 -0.219684
327.300000000 -19.898002 39.109098 -20.324590 0.674630 -0.009052 0.704825 -0.219122
327.400000000 -20.080364 39.090834 -20.290430 0.674349 -0.008742 0.705099 -0.219115
327.500000000 -20.099548 38.970883 -20.257177 0.672973 -0.008990 0.706491 -0.218853
327.600000000 -20.187230 38.924215 -20.206612 0.671940 -0.009992 0.707740 -0.217948
327.700000000 -20.286609 38.828057 -20.166200 0.670379 -0.010192 0.709177 -0.218074
327.800000000 -20.482922 38.839106 -20.105041 0.669773 -0.009524 0.709666 -0.218377
327.900000000 -20.664395 38.865083 -20.036882 0.669385 -0.009320 0.710107 -0.218140
328.000000000 -20.817882 38.802989 -19.996910 0.669924 -0.010316 0.709936 -0.216995
328.100000000 -20.926522 38.718739 -19.953055 0.669712 -0.010169 0.710070 -0.217218
328.200000000 -21.021570 38.661381 -19.884263 0.668342 -0.010883 0.711579 -0.216462
328.300000000 -21.182952 38.541223 -19.852380 0.668047 -0.008897 0.711286 -0.218417
328.400000000 -21.336974 38.543698 -19.784467 0.669239 -0.009447 0.710494 -0.217319
328.500000000 -21.434510 38.490365 -19.704997 0.667677 -0.009244 0.711889 -0.217569
328.600000000 -21.570442 38.422453 -19.643101 0.667472 -0.008527 0.711955 -0.218011
328.700000000 -21.715032 38.344155 -19.582195 0.667717 -0.008577 0.711792 -0.217792
328.800000000 -21.828113 38.278047 -19.503851 0.666674 -0.008929 0.712876 -0.217424
328.900000000 -21.946382 38.217044 -19.433575 0.666655 -0.009154 0.713012 -0.217030
329.000000000 -22.084509 38.143981 -19.361072 0.666269 -0.008043 0.713142 -0.217829
329.100000000 -22.206517 38.066112 -19.292039 0.666437 -0.008327 0.713138 -0.217316
329.200000000 -22.330806 37.992265 -19.212737 0.665768 -0.008375 0.713721 -0.217451
329.300000000 -22.467163 37.895954 -19.144662 0.666112 -0.009458 0.713721 -0.216351
329.400000000 -22.591730 37.823994 -19.055121 0.664857 -0.009556 0.714859 -0.216450
329.500000000 -22.725505 37.754789 -18.971908 0.664759 -0.008503 0.714727 -0.217228
329.600000000 -22.811601 37.745384 -18.874872 0.664173 -0.006773 0.714847 -0.218682
329.700000000 -22.934152 37.651526 -18.788900 0.663334 -0.007862 0.715862 -0.217871
329.800000000 -23.104327 37.529269 -18.722028 0.663908 -0.008680 0.715598 -0.216957
329.900000000 -23.192953 37.512998 -18.637475 0.665089 -0.008249 0.714540 -0.216845
330.000000000 -23.366398 37.416349 -18.552954 0.664008 -0.006898 0.715067 -0.218462
330.100000000 -23.427837 37.377744 -18.462887 0.664124 -0.007650 0.715287 -0.217359
330.200000000 -23.538313 37.313086 -18.387384 0.665518 -0.008657 0.714365 -0.216086
330.300000000 -23.756984 37.215185 -18.303336 0.664920 -0.006120 0.714188 -0.218585
330.400000000 -23.928956 37.107551 -18.225411 0.664610 -0.005934 0.714343 -0.219026
330.500000000 -24.030455 37.050665 -18.138705 0.664788 -0.006347 0.714365 -0.218404
330.600000000 -24.116781 36.987671 -18.052300 0.664921 -0.007530 0.714615 -0.217139
330.700000000 -24.103762 36.984689 -17.940641 0.664655 -0.008699 0.715260 -0.215779
330.800000000 -24.178674 36.989748 -17.851344 0.665362 -0.006355 0.713998 -0.217852
330.900000000 -24.369845 36.807060 -17.781914 0.664673 -0.010517 0.715644 -0.214365
331.000000000 -24.433695 36.773040 -17.689887 0.664899 -0.010911 0.715617 -0.213735
331.100000000 -24.539761 36.749640 -17.597163 0.664410 -0.009499 0.715731 -0.214940
331.200000000 -24.483359 36.807455 -17.477167 0.663983 -0.010732 0.716515 -0.213583
331.300000000 -24.471824 36.856891 -17.377045 0.664554 -0.009788 0.715968 -0.213687
331.400000000 -24.461352 36.874275 -17.278238 0.664672 -0.010440 0.716081 -0.212907
331.500000000 -24.466364 36.898981 -17.182243 0.665781 -0.010542 0.715273 -0.212156
331.600000000 -24.371182 36.979822 -17.059113 0.664364 -0.011033 0.716748 -0.211590
331.700000000 -24.454676 37.010082 -16.961580 0.663252 -0.008251 0.716926 -0.214582
331.800000000 -24.335039 37.035180 -16.883329 0.666894 -0.013070 0.715180 -0.208805
331.900000000 -24.453937 37.075423 -16.777672 0.664876 -0.007945 0.715648 -0.213835
332.000000000 -24.580182 37.020850 -16.707344 0.665073 -0.007536 0.715361 -0.214196
332.100000000 -24.680758 36.976663 -16.627974 0.663878 -0.007053 0.716231 -0.215010
332.200000000 -24.889474 36.922748 -16.557800 0.662386 -0.003255 0.716494 -0.218792
332.300000000 -24.929389 36.935131 -16.485141 0.663581 -0.003012 0.715531 -0.218328
332.400000000 -25.063688 36.867918 -16.427922 0.664481 -0.003358 0.714862 -0.217775
332.500000000 -24.884444 37.009057 -16.308021 0.663768 -0.004031 0.715719 -0.217123
332.600000000 -24.894677 37.073975 -16.217658 0.662418 -0.001922 0.716374 -0.219105
332.700000000 -25.050356 37.047136 -16.153760 0.662752 -0.000158 0.715592 -0.220654
332.800000000 -25.319816 36.918769 -16.124090 0.662070 0.002968 0.715359 -0.223418
332.900000000 -25.458401 36.835746 -16.079569 0.661115 0.004874 0.715654 -0.225260
333.000000000 -25.302674 36.720213 -16.041530 0.664376 -0.005278 0.715703 -0.215280
333.100000000 -24.979248 36.800182 -15.966351 0.666528 -0.010110 0.715227 -0.209974
333.200000000 -24.773653 36.970005 -15.874711 0.667089 -0.011984 0.715236 -0.208051
333.300000000 -23.522342 36.599453 -15.931251 0.682556 -0.086934 0.712801 -0.135920
333.400000000 -21.854623 36.148851 -16.034479 0.697084 -0.169985 0.694210 -0.057015
333.500000000 -20.502966 35.728477 -16.122230 0.698775 -0.245482 0.671639 0.018783
333.600000000 -20.244116 35.185207 -16.223466 0.695719 -0.254253 0.671175 0.029246
333.700000000 -19.823581 35.320333 -16.123162 0.682805 -0.292531 0.665463 0.073230
333.800000000 -19.633769 35.404943 -16.069338 0.681544 -0.293341 0.666248 0.074580
333.900000000 -19.634083 35.417405 -16.033198 0.681615 -0.293384 0.666149 0.074650
334.000000000 -19.840285 35.470967 -15.980394 0.680860 -0.289327 0.669043 0.071424
334.100000000 -19.706847 35.537402 -15.935268 0.681368 -0.290280 0.668044 0.072051
334.200000000 -19.670360 35.556336 -15.910378 0.682687 -0.290833 0.666486 0.071779
334.300000000 -19.642612 35.612555 -15.874057 0.682892 -0.290384 0.666550 0.071040
334.400000000 -19.728709 35.578602 -15.869037 0.683385 -0.291765 0.665289 0.072442
334.500000000 -19.638008 35.642204 -15.841515 0.684034 -0.290502 0.665330 0.071003
334.600000000 -19.706879 35.655954 -15.831370 0.684567 -0.291183 0.664413 0.071666
334.700000000 -19.727735 35.583277 -15.847200 0.684478 -0.292726 0.663614 0.073608
334.800000000 -19.706590 35.668890 -15.825548 0.685457 -0.292987 0.662505 0.073449
334.900000000 -19.721311 35.658261 -15.832987 0.685847 -0.293282 0.661967 0.073477
335.000000000 -19.654471 35.735194 -15.818273 0.686328 -0.292955 0.661667 0.072994
335.100000000 -19.668341 35.780446 -15.814883 0.686717 -0.291950 0.661810 0.072065
335.200000000 -19.627570 35.801028 -15.824931 0.687066 -0.292563 0.661136 0.072432
335.300000000 -19.615129 35.859694 -15.826040 0.687425 -0.291995 0.661098 0.071658
335.400000000 -19.706737 35.864486 -15.841062 0.687671 -0.292983 0.660301 0.072612
335.500000000 -19.621065 35.875273 -15.863226 0.687995 -0.293479 0.659705 0.072957
335.600000000 -19.461057 35.909102 -15.884391 0.688989 -0.294984 0.657900 0.073801
335.700000000 -19.462718 35.907512 -15.917726 0.689773 -0.295828 0.656637 0.074344
335.800000000 -19.361152 36.010627 -15.914629 0.689042 -0.303360 0.652956 0.082717
335.900000000 -19.507403 35.893596 -15.971535 0.688787 -0.296730 0.657064 0.076097
336.000000000 -19.563735 35.962883 -15.992468 0.689799 -0.298065 0.655224 0.077562
336.100000000 -19.412623 35.997208 -16.035574 0.691279 -0.299213 0.653104 0.077848
336.200000000 -19.463063 36.012407 -16.063909 0.690347 -0.297953 0.654724 0.077336
336.300000000 -19.351173 35.978170 -16.126129 0.691149 -0.299512 0.653039 0.078399
336.400000000 -19.630791 36.060177 -16.142476 0.691035 -0.302156 0.651525 0.081783
336.500000000 -19.510581 36.071008 -16.177402 0.690253 -0.300443 0.653346 0.080156
336.600000000 -19.119433 36.696327 -16.083294 0.693342 -0.304133 0.647911 0.083608
336.700000000 -17.964867 38.224055 -15.624637 0.640172 -0.402582 0.621256 0.205299
336.800000000 -18.158780 38.390359 -15.642717 0.640242 -0.401447 0.621833 0.205559
336.900000000 -17.792667 38.138630 -15.754304 0.639973 -0.405123 0.618722 0.208549
337.000000000 -17.773896 38.178623 -15.801199 0.641054 -0.404989 0.618101 0.207328
337.100000000 -17.999171 38.371581 -15.817030 0.643903 -0.404855 0.616104 0.204687
337.200000000 -18.070715 38.462133 -15.846939 0.646515 -0.405026 0.613945 0.202590
337.300000000 -18.090168 38.511036 -15.894044 0.648633 -0.405632 0.611759 0.201222
337.400000000 -18.073758 38.567536 -15.942294 0.649804 -0.405769 0.610750 0.200229
337.500000000 -18.226446 38.719300 -15.970764 0.650564 -0.404644 0.611141 0.198836
337.600000000 -18.320096 38.854178 -15.999481 0.650470 -0.403507 0.612188 0.198234
337.700000000 -18.264752 38.892893 -16.054150 0.650909 -0.403542 0.611827 0.197836
337.800000000 -18.280066 39.007058 -16.082669 0.650908 -0.402198 0.613009 0.196917
337.900000000 -18.433010 39.149598 -16.110571 0.651092 -0.401542 0.613407 0.196404
338.000000000 -18.441326 39.178170 -16.160166 0.650891 -0.402164 0.613085 0.196804
338.100000000 -18.326416 39.126393 -16.223350 0.649883 -0.402811 0.613095 0.198772
338.200000000 -18.222248 39.103635 -16.288537 0.649949 -0.404134 0.611812 0.199820
338.300000000 -18.356775 39.225029 -16.315551 0.650427 -0.403209 0.612318 0.198580
338.400000000 -18.422075 39.314835 -16.348451 0.650711 -0.402639 0.612752 0.197467
338.500000000 -18.438434 39.305318 -16.408405 0.650710 -0.403336 0.612142 0.197936
338.600000000 -18.526534 39.430988 -16.436361 0.651601 -0.403087 0.611727 0.196791
338.700000000 -18.551691 39.480889 -16.482918 0.652239 -0.403069 0.611234 0.196247
338.800000000 -18.310272 39.373371 -16.546273 0.650536 -0.403164 0.612119 0.198925
338.900000000 -18.415572 39.458734 -16.580542 0.651222 -0.402827 0.611934 0.197932
339.000000000 -18.411208 39.549473 -16.603708 0.651507 -0.402181 0.612266 0.197281
339.100000000 -18.474501 39.681622 -16.627818 0.652621 -0.401085 0.612469 0.195186
339.200000000 -18.590400 39.857789 -16.636219 0.653910 -0.400615 0.612059 0.193115
339.300000000 -18.524854 39.832430 -16.687188 0.653718 -0.401008 0.611698 0.194090
339.400000000 -18.524957 39.860086 -16.720215 0.653504 -0.400611 0.612127 0.194277
339.500000000 -18.503900 39.966804 -16.737150 0.653914 -0.400274 0.612164 0.193475
339.600000000 -18.591676 40.081368 -16.752487 0.654206 -0.399607 0.612600 0.192484
339.700000000 -18.642600 40.155471 -16.783402 0.654931 -0.399842 0.611803 0.192065
339.800000000 -18.781106 40.340008 -16.774881 0.655667 -0.399130 0.612040 0.190271
339.900000000 -18.746335 40.340270 -16.814090 0.655502 -0.399412 0.611813 0.190978
340.000000000 -18.702610 40.255676 -16.872162 0.654655 -0.401382 0.610651 0.193455
340.100000000 -18.785994 40.371466 -16.883961 0.655566 -0.400974 0.610356 0.192143
340.200000000 -18.907265 40.496520 -16.892153 0.657071 -0.400031 0.610015 0.190038
340.300000000 -18.890289 40.486416 -16.923355 0.656743 -0.400067 0.610217 0.190451
340.400000000 -19.113433 40.668188 -16.917062 0.657977 -0.401158 0.608515 0.189335
340.500000000 -19.322575 40.929529 -16.886442 0.658840 -0.403345 0.606204 0.189103
340.600000000 -19.560624 41.174681 -16.858356 0.660915 -0.402349 0.605800 0.185237
340.700000000 -19.457803 41.177978 -16.884028 0.661050 -0.402285 0.605607 0.185524
340.800000000 -19.410985 41.206825 -16.895536 0.660795 -0.401837 0.606104 0.185781
340.900000000 -19.401998 41.261698 -16.905736 0.661262 -0.401491 0.606039 0.185080
341.000000000 -19.487759 41.365643 -16.903357 0.662253 -0.401055 0.605754 0.183408
341.100000000 -19.891764 41.621323 -16.862683 0.663642 -0.401974 0.604130 0.181721
341.200000000 -19.883878 41.605502 -16.884460 0.663259 -0.403133 0.603359 0.183106
341.300000000 -19.865365 41.726356 -16.870371 0.664166 -0.402524 0.603153 0.181838
341.400000000 -19.851946 41.789872 -16.865151 0.664270 -0.402137 0.603408 0.181469
341.500000000 -20.053087 41.943864 -16.834084 0.664876 -0.400344 0.604723 0.178813
341.600000000 -20.136428 42.020935 -16.832193 0.665749 -0.401308 0.603237 0.178425
341.700000000 -20.391008 42.171488 -16.805539 0.666234 -0.402740 0.601701 0.178577
341.800000000 -20.323700 42.188094 -16.811517 0.666235 -0.403545 0.600817 0.179724
341.900000000 -20.300687 42.187844 -16.819280 0.666449 -0.403540 0.600585 0.179718
342.000000000 -20.316504 42.257075 -16.805306 0.667202 -0.402309 0.601128 0.177860
342.100000000 -20.306918 42.308764 -16.794007 0.667449 -0.401853 0.601316 0.177325
342.200000000 -20.387511 42.410518 -16.766603 0.667929 -0.401683 0.601146 0.176479
342.300000000 -20.434873 42.452697 -16.756439 0.668264 -0.401884 0.600707 0.176249
342.400000000 -20.555744 42.559403 -16.724553 0.668666 -0.401823 0.600557 0.175370
342.500000000 -20.641959 42.635273 -16.704035 0.669425 -0.401788 0.600057 0.174263
342.600000000 -20.740406 42.723183 -16.672956 0.669626 -0.401591 0.600153 0.173612
342.700000000 -20.885289 42.805614 -16.647571 0.670085 -0.402677 0.598956 0.173459
342.800000000 -20.893262 42.864327 -16.623664 0.670485 -0.402111 0.599081 0.172795
342.900000000 -20.818770 42.803115 -16.625626 0.670012 -0.402698 0.598954 0.173704
343.000000000 -20.958846 42.918174 -16.588806 0.670077 -0.405085 0.596797 0.175319
343.100000000 -21.028968 42.977289 -16.566220 0.670981 -0.404929 0.596279 0.173976
343.200000000 -21.020821 42.989601 -16.548876 0.670868 -0.404943 0.596392 0.173993
343.300000000 -21.015473 42.978765 -16.539432 0.671173 -0.405061 0.595979 0.173959
343.400000000 -21.064342 43.074305 -16.503772 0.672218 -0.404582 0.595618 0.172268
343.500000000 -21.104965 43.144377 -16.470484 0.673126 -0.404298 0.595194 0.170848
343.600000000 -21.230971 43.227743 -16.425779 0.672975 -0.404023 0.595701 0.170324
343.700000000 -21.340142 43.349332 -16.373764 0.673512 -0.404210 0.595157 0.169658
343.800000000 -21.331138 43.338029 -16.356260 0.673391 -0.404183 0.595224 0.169965
343.900000000 -21.422989 43.309290 -16.348517 0.672586 -0.408934 0.591658 0.174188
344.000000000 -21.429903 43.321624 -16.321960 0.672635 -0.408692 0.591863 0.173873
344.100000000 -21.384832 43.330718 -16.297613 0.672684 -0.408847 0.591699 0.173876
344.200000000 -21.332520 43.301039 -16.278696 0.672328 -0.409100 0.591777 0.174391
344.300000000 -21.401099 43.386427 -16.233777 0.672880 -0.408288 0.592090 0.173100
344.400000000 -21.587477 43.491117 -16.186745 0.674023 -0.408059 0.591481 0.171262
344.500000000 -21.642410 43.626841 -16.124139 0.674698 -0.406864 0.592069 0.169406
344.600000000 -21.498088 43.554969 -16.113345 0.673772 -0.407609 0.592100 0.171185
344.700000000 -21.523226 43.675458 -16.054378 0.674725 -0.406315 0.592522 0.169033
344.800000000 -21.507173 43.704310 -16.023339 0.674937 -0.407027 0.591647 0.169537
344.900000000 -21.489532 43.679399 -16.002586 0.674918 -0.407745 0.591042 0.169996
345.000000000 -21.605741 43.717855 -15.967099 0.675299 -0.408296 0.590339 0.169603
345.100000000 -21.556050 43.803891 -15.912899 0.675850 -0.406918 0.591055 0.168221
345.200000000 -21.603693 43.852923 -15.869899 0.675932 -0.406524 0.591388 0.167673
345.300000000 -21.548202 43.901926 -15.818962 0.675521 -0.406362 0.591868 0.168029
345.400000000 -21.610608 43.857687 -15.814152 0.675138 -0.410849 0.588082 0.171906
345.500000000 -21.670434 43.874657 -15.778516 0.675476 -0.409414 0.589019 0.170790
345.600000000 -21.647198 43.875027 -15.745282 0.675219 -0.409531 0.589036 0.171462
345.700000000 -21.587904 43.952426 -15.701357 0.676273 -0.409554 0.588169 0.170228
345.800000000 -21.560840 43.916195 -15.674856 0.675988 -0.408378 0.589364 0.170050
345.900000000 -21.743635 43.890331 -15.657183 0.674833 -0.413252 0.585947 0.174615
346.000000000 -21.746953 43.899788 -15.616636 0.674319 -0.412824 0.586669 0.175184
346.100000000 -21.601871 43.827801 -15.607326 0.674360 -0.412785 0.586528 0.175593
346.200000000 -21.510023 43.763287 -15.593217 0.674001 -0.412870 0.586637 0.176402
346.300000000 -21.399003 43.696621 -15.602228 0.670630 -0.425638 0.577021 0.190092
346.400000000 -21.566508 43.615972 -15.590015 0.669725 -0.426823 0.576500 0.192194
346.500000000 -21.464128 43.399706 -15.622238 0.668587 -0.428562 0.575638 0.194849
346.600000000 -21.537034 43.404971 -15.590523 0.668746 -0.427058 0.576784 0.194217
346.700000000 -21.765797 43.522704 -15.535104 0.669857 -0.426687 0.576381 0.192394
346.800000000 -21.847729 43.438638 -15.531600 0.669459 -0.428502 0.574930 0.194077
346.900000000 -22.093264 43.423956 -15.511999 0.668711 -0.431920 0.572036 0.197599
347.000000000 -22.282750 43.261165 -15.529965 0.667208 -0.435088 0.570020 0.201517
347.100000000 -22.394931 43.103253 -15.542562 0.666303 -0.435372 0.570394 0.202836
347.200000000 -22.475422 42.940489 -15.567902 0.665773 -0.436942 0.569289 0.204296
347.300000000 -22.489766 42.766486 -15.590526 0.664677 -0.438164 0.568775 0.206668
347.400000000 -22.663501 42.740541 -15.578112 0.664705 -0.440449 0.566528 0.207888
347.500000000 -22.683086 42.699583 -15.562334 0.663945 -0.441763 0.565702 0.209771
347.600000000 -22.868501 42.632629 -15.548697 0.661894 -0.446828 0.561931 0.215579
347.700000000 -23.119389 42.467442 -15.566468 0.661311 -0.446462 0.562745 0.216005
347.800000000 -23.204617 42.700724 -15.458674 0.635353 -0.478413 0.547481 0.260215
347.900000000 -23.643146 42.596694 -15.476869 0.624715 -0.496923 0.532514 0.281473
348.000000000 -23.804901 42.418150 -15.499813 0.622635 -0.498575 0.531390 0.285262
348.100000000 -24.037864 42.311479 -15.514466 0.621062 -0.501462 0.528851 0.288328
348.200000000 -24.284454 42.253048 -15.517341 0.619045 -0.505642 0.524998 0.292381
348.300000000 -24.318103 42.082312 -15.544883 0.616585 -0.508933 0.522128 0.296972
348.400000000 -24.467152 41.923978 -15.564973 0.615206 -0.510915 0.520443 0.299378
348.500000000 -24.622441 41.761081 -15.590439 0.612318 -0.514597 0.517200 0.304565
348.600000000 -24.743522 41.715625 -15.593165 0.607147 -0.523479 0.508576 0.314154
348.700000000 -24.954124 41.671091 -15.587133 0.606714 -0.523676 0.508568 0.314675
348.800000000 -25.119479 41.591086 -15.593959 0.605134 -0.526030 0.506366 0.317331
348.900000000 -25.348527 41.578096 -15.588357 0.602783 -0.529245 0.503360 0.321220
349.000000000 -25.465495 41.529241 -15.586774 0.602101 -0.529999 0.502679 0.322318
349.100000000 -25.616652 41.515979 -15.579217 0.597246 -0.536588 0.496054 0.330608
349.200000000 -25.699379 41.505888 -15.572371 0.596884 -0.537337 0.495232 0.331275
349.300000000 -25.825968 41.622200 -15.528253 0.596831 -0.537606 0.494979 0.331314
349.400000000 -25.859505 41.519455 -15.545878 0.596014 -0.538146 0.494505 0.332612
349.500000000 -25.840337 41.431421 -15.559413 0.595304 -0.538717 0.493935 0.333805
349.600000000 -25.842522 41.427494 -15.555101 0.593994 -0.540909 0.491475 0.336215
349.700000000 -25.881015 41.449219 -15.540176 0.594287 -0.540359 0.492065 0.335718
349.800000000 -26.045353 41.283621 -15.571637 0.594093 -0.540059 0.492391 0.336067
349.900000000 -26.345732 40.867430 -15.681525 -0.565459 0.571935 -0.456746 -0.380171
350.000000000 -26.586859 40.633183 -15.742398 -0.562978 0.574070 -0.454253 -0.383606
350.100000000 -26.671760 40.521573 -15.773085 -0.560894 0.576466 -0.451503 -0.386302
350.200000000 -26.796935 40.527852 -15.770086 -0.556725 0.581390 -0.445520 -0.391861
350.300000000 -26.744852 40.561509 -15.760598 -0.558693 0.579348 -0.447991 -0.389259
350.400000000 -26.731835 40.651424 -15.731904 -0.559039 0.579018 -0.448329 -0.388862
350.500000000 -26.746104 40.750514 -15.703103 -0.558926 0.579219 -0.447936 -0.389179
350.600000000 -26.705928 40.866332 -15.672087 -0.560319 0.577955 -0.449299 -0.387480
350.700000000 -26.715034 40.851655 -15.672249 -0.560000 0.577554 -0.449629 -0.388156
350.800000000 -26.632091 40.845812 -15.675469 -0.560783 0.576903 -0.450336 -0.387173
350.900000000 -26.598444 40.826772 -15.681897 -0.560172 0.577354 -0.449769 -0.388044
351.000000000 -26.473464 40.861804 -15.678872 -0.561465 0.576549 -0.450747 -0.386232
351.100000000 -26.362330 40.921387 -15.662980 -0.561932 0.576192 -0.451104 -0.385669
351.200000000 -26.298818 41.114136 -15.611087 -0.565201 0.572492 -0.455330 -0.381412
351.300000000 -26.271978 41.066663 -15.621242 -0.565154 0.571529 -0.456326 -0.381737
351.400000000 -26.837162 41.084862 -15.628010 -0.558135 0.578705 -0.447418 -0.391666
351.500000000 -27.241361 41.053313 -15.642653 -0.546876 0.589918 -0.432789 -0.406960
351.600000000 -27.624442 41.051351 -15.646103 -0.535863 0.599970 -0.418598 -0.421501
351.700000000 -27.645786 41.039935 -15.656532 -0.530593 0.605077 -0.410820 -0.428461
351.800000000 -27.582942 41.031738 -15.677950 -0.505404 0.623983 -0.383215 -0.456462
351.900000000 -27.890980 40.936081 -15.688782 -0.506020 0.621155 -0.386018 -0.457276
352.000000000 -27.916890 40.920665 -15.711556 -0.499742 0.627046 -0.377277 -0.463394
352.100000000 -27.132634 40.931177 -15.695717 -0.465339 0.637571 -0.360767 -0.496799
352.200000000 -25.952161 41.475490 -15.536703 0.380176 -0.678630 0.272635 0.566214
352.300000000 -25.669694 41.610919 -15.499909 0.381588 -0.678069 0.274451 0.565056
352.400000000 -25.567067 41.571718 -15.514266 0.381202 -0.678110 0.273904 0.565534
352.500000000 -25.364017 41.538395 -15.532184 0.383976 -0.677505 0.276491 0.563119
352.600000000 -25.386334 41.287166 -15.608613 0.382743 -0.677808 0.274979 0.564332
352.700000000 -25.371031 41.072926 -15.677218 0.381816 -0.677707 0.273935 0.565588
352.800000000 -25.237804 41.009572 -15.706687 0.384624 -0.677262 0.276291 0.563066
352.900000000 -24.979255 40.889220 -15.755266 0.391431 -0.675366 0.282453 0.557569
353.000000000 -24.893999 40.885260 -15.765598 0.390332 -0.675751 0.281244 0.558483
353.100000000 -24.836004 40.675771 -15.833855 0.389798 -0.675851 0.280371 0.559174
353.200000000 -24.829583 40.549592 -15.890051 0.391651 -0.676118 0.281183 0.557145
353.300000000 -24.796580 40.331353 -15.962485 0.391690 -0.675531 0.280980 0.557931
353.400000000 -24.791376 40.102742 -16.040567 0.392166 -0.675243 0.280915 0.557977
353.500000000 -24.770759 39.936646 -16.103014 0.393009 -0.674920 0.281095 0.557685
353.600000000 -24.768182 39.816541 -16.158597 0.393252 -0.675917 0.280141 0.556786
353.700000000 -24.732932 39.815731 -16.183413 0.393666 -0.676503 0.279785 0.555960
353.800000000 -24.684439 39.732741 -16.225436 0.394689 -0.676568 0.280199 0.554946
353.900000000 -24.741025 39.548072 -16.294013 0.381365 -0.681837 0.265491 0.564955
354.000000000 -24.395949 39.824818 -16.295824 -0.492474 0.638456 -0.365258 -0.465221
354.100000000 -24.228426 39.790800 -16.294845 0.452127 -0.655451 0.334775 0.503876
354.200000000 -24.532747 40.663766 -16.068861 0.407174 -0.675766 0.292011 0.540629
354.300000000 -24.490049 41.867451 -15.737137 0.387974 -0.682119 0.275654 0.555162
354.400000000 -24.255429 42.583526 -15.536932 0.380546 -0.681916 0.271857 0.562377
354.500000000 -23.852693 42.794832 -15.479535 0.391132 -0.676768 0.284462 0.555051
354.600000000 -23.751710 42.843751 -15.477978 0.389473 -0.676863 0.283282 0.556704
354.700000000 -23.702616 42.905372 -15.467753 0.386410 -0.677370 0.280855 0.559444
354.800000000 -23.639614 42.941011 -15.475532 0.385596 -0.677439 0.280282 0.560209
354.900000000 -23.591747 42.953614 -15.488537 0.384967 -0.678053 0.279193 0.560443
355.000000000 -23.526043 42.937926 -15.495993 0.378956 -0.678578 0.274117 0.566379
355.100000000 -23.528673 42.925834 -15.511327 0.376678 -0.678488 0.272438 0.568811
355.200000000 -23.397717 43.092043 -15.464202 0.366070 -0.679967 0.262905 0.578375
355.300000000 -23.201238 43.330086 -15.385746 0.373492 -0.672490 0.275547 0.576484
355.400000000 -23.784606 43.780127 -15.330422 0.446593 -0.640572 0.353506 0.515030
355.500000000 -24.704864 43.910788 -15.405913 -0.472215 0.633581 -0.370458 -0.488210
355.600000000 -25.020025 43.710598 -15.539530 -0.549570 0.593286 -0.430300 -0.401031
355.700000000 -24.784794 43.579919 -15.578636 -0.539746 0.601430 -0.419662 -0.413328
355.800000000 -24.554194 43.693446 -15.548229 -0.543261 0.596320 -0.426380 -0.409232
355.900000000 -24.591713 44.033322 -15.451250 -0.545109 0.589915 -0.435153 -0.406815
356.000000000 -24.436714 44.248568 -15.382638 -0.544190 0.584495 -0.441827 -0.408671
356.100000000 -24.296789 44.254388 -15.376432 -0.544809 0.579172 -0.448589 -0.408057
356.200000000 -24.047505 44.264954 -15.369171 -0.550378 0.569596 -0.460921 -0.400244
356.300000000 -23.915346 44.276375 -15.374639 -0.546838 0.572762 -0.457217 -0.404802
356.400000000 -23.794479 44.284063 -15.369257 -0.546002 0.570539 -0.459640 -0.406323
356.500000000 -23.838323 44.401102 -15.339701 -0.536954 0.577325 -0.450755 -0.418565
356.600000000 -23.565019 44.264178 -15.358460 -0.546477 0.564228 -0.465229 -0.408132
356.700000000 -23.629960 44.362941 -15.347129 -0.549976 0.553013 -0.472787 -0.410091
356.800000000 -23.469748 44.425314 -15.320131 -0.551164 0.551312 -0.469915 -0.414069
356.900000000 -23.501834 44.575476 -15.284994 0.548389 -0.547731 0.469733 0.422624
357.000000000 -23.464241 44.599842 -15.306671 0.553457 -0.539629 0.479250 0.415698
357.100000000 -23.485444 44.634478 -15.306937 0.552301 -0.532371 0.487952 0.416471
357.200000000 -23.393040 44.718251 -15.284429 0.551375 -0.530986 0.489158 0.418049
357.300000000 -23.317733 44.767912 -15.277137 0.549890 -0.526828 0.494225 0.419304
357.400000000 -23.491244 44.919421 -15.248348 0.554246 -0.525461 0.495490 0.413753
357.500000000 -23.890951 45.095147 -15.225720 -0.531477 0.547036 -0.467616 -0.446787
357.600000000 -23.664436 45.202580 -15.195666 -0.533455 0.538006 -0.479359 -0.442934
357.700000000 -23.510033 45.207585 -15.181557 -0.530953 0.549502 -0.464550 -0.447581
357.800000000 -23.456692 45.275225 -15.162549 -0.523560 0.557940 -0.453669 -0.456916
357.900000000 -23.093829 45.340081 -15.143087 -0.527780 0.556339 -0.454366 -0.453307
358.000000000 -21.688972 45.468372 -15.176852 0.570084 -0.489018 0.537236 0.383723
358.100000000 -19.665962 46.366914 -15.051405 0.643621 -0.435989 0.562016 0.282496
358.200000000 -19.428775 46.454431 -14.945746 0.655783 -0.474449 0.512418 0.286835
358.300000000 -19.323708 46.435352 -14.966426 0.655929 -0.462257 0.526855 0.280177
358.400000000 -19.295723 46.149976 -15.063954 0.646561 -0.438709 0.558072 0.279373
358.500000000 -19.524591 45.898533 -15.093356 0.630986 -0.429218 0.578365 0.288310
358.600000000 -20.227568 45.647022 -15.187995 0.569593 -0.471469 0.556482 0.378957
358.700000000 -20.700805 45.324121 -15.230205 0.551776 -0.499641 0.526608 0.410593
358.800000000 -20.730977 45.296384 -15.204982 0.558180 -0.498883 0.528382 0.400454
358.900000000 -20.679875 45.261866 -15.212565 0.551507 -0.504416 0.523343 0.409287
359.000000000 -20.678453 45.241328 -15.248521 0.543498 -0.502810 0.526305 0.418086
359.100000000 -20.637059 45.104606 -15.307380 0.532420 -0.496898 0.534296 0.429125
359.200000000 -20.652866 45.047089 -15.324389 0.533657 -0.494997 0.535651 0.428097
359.300000000 -20.529487 44.570918 -15.401418 0.537775 -0.495297 0.534509 0.424004
359.400000000 -20.517882 44.368514 -15.388109 0.543951 -0.496082 0.534552 0.415058
359.500000000 -20.610455 44.471070 -15.396184 0.543744 -0.498800 0.531466 0.416035
359.600000000 -20.617184 44.397487 -15.405811 0.540127 -0.494601 0.537496 0.418008
359.700000000 -20.725389 44.532764 -15.381790 0.549095 -0.493178 0.539615 0.405074
359.800000000 -20.815643 44.526163 -15.352208 0.557851 -0.487269 0.546098 0.391341
359.900000000 -20.989863 44.812649 -15.350308 0.554454 -0.486138 0.547911 0.395024
360.000000000 -21.077479 44.890802 -15.316651 0.553991 -0.486242 0.548580 0.394617
360.100000000 -21.121191 44.852313 -15.297325 0.554604 -0.486985 0.547841 0.393865
360.200000000 -21.110572 44.670958 -15.352321 0.552743 -0.484010 0.551675 0.394796
360.300000000 -21.168573 44.587343 -15.345742 0.558790 -0.482541 0.552721 0.386531
360.400000000 -21.671596 44.638605 -15.283242 0.546944 -0.501411 0.535955 0.402730
360.500000000 -21.582496 43.404134 -15.443954 -0.498140 0.567416 -0.449025 -0.477777
360.600000000 -21.653266 43.224511 -15.468096 -0.497728 0.568028 -0.448904 -0.477594
360.700000000 -21.692496 43.067478 -15.489461 -0.499868 0.569953 -0.448400 -0.473522
360.800000000 -21.744072 43.220321 -15.425570 -0.503194 0.573723 -0.444293 -0.469299
360.900000000 -21.795878 43.052552 -15.475510 -0.501700 0.572604 -0.445306 -0.471301
361.000000000 -21.854128 42.999248 -15.473364 -0.503130 0.574472 -0.443382 -0.469313
361.100000000 -21.912456 42.970401 -15.466516 -0.502322 0.572832 -0.445996 -0.469706
361.200000000 -21.954710 42.888298 -15.487212 -0.502338 0.577068 -0.440097 -0.470068
361.300000000 -22.005888 42.836077 -15.525957 -0.502454 0.577359 -0.439482 -0.470162
361.400000000 -22.058122 42.782720 -15.543108 -0.501430 0.577880 -0.438588 -0.471447
361.500000000 -22.108606 42.757825 -15.547169 -0.501849 0.580303 -0.435310 -0.471064
361.600000000 -22.156311 42.739851 -15.541112 -0.504149 0.583949 -0.431058 -0.468003
361.700000000 -22.211704 42.692977 -15.542550 -0.503058 0.586841 -0.427043 -0.469238
361.800000000 -22.264759 42.491152 -15.544314 -0.504577 0.582770 -0.434534 -0.465790
361.900000000 -22.274770 42.537650 -15.533482 -0.491104 0.598779 -0.410096 -0.481769
362.000000000 -22.191149 42.416438 -15.538214 -0.491157 0.606663 -0.396973 -0.482843
362.100000000 -21.900894 42.388791 -15.583883 0.543723 -0.505274 0.529418 0.410829
362.200000000 -21.529656 45.549152 -14.565915 0.627285 -0.508909 0.499570 0.312977
362.300000000 -23.823987 48.952110 -13.453278 0.600404 -0.585199 0.414473 0.353935
362.400000000 -23.367499 49.722951 -13.220370 0.686592 -0.412571 0.575706 0.164130
362.500000000 -21.718729 50.281701 -13.345326 0.670191 -0.353343 0.638552 0.135071
362.600000000 -21.837728 50.310804 -13.324012 0.675082 -0.327609 0.652274 0.107125
362.700000000 -22.337083 50.527093 -13.273835 0.668733 -0.345779 0.645357 0.129416
362.800000000 -23.865951 50.794316 -13.135762 0.653780 -0.373604 0.638488 0.159139
362.900000000 -23.755707 50.818576 -13.147415 0.651181 -0.376805 0.638173 0.163454
363.000000000 -23.199540 50.478643 -13.211429 0.655023 -0.382613 0.630541 0.164227
363.100000000 -22.366197 50.218873 -13.275336 0.662803 -0.376758 0.628414 0.154405
363.200000000 -22.338535 50.127330 -13.279809 0.664206 -0.377324 0.626914 0.153090
363.300000000 -21.561505 49.650883 -13.386466 0.666667 -0.369509 0.631530 0.142085
363.400000000 -20.906105 49.180708 -13.524871 0.660104 -0.379144 0.630771 0.150468
363.500000000 -20.531849 48.906363 -13.558933 0.662307 -0.385549 0.624003 0.152718
363.600000000 -20.081742 48.590578 -13.656688 0.651997 -0.397811 0.622908 0.169212
363.700000000 -19.040787 48.075028 -13.795042 0.649452 -0.416185 0.608502 0.186352
363.800000000 -17.427270 47.268138 -14.024602 0.645644 -0.426787 0.602032 0.196351
363.900000000 -16.480689 46.858313 -14.167123 0.632175 -0.458890 0.581132 0.228167
364.000000000 -15.982014 46.785763 -14.142677 0.663499 -0.391829 0.617559 0.157672
364.100000000 -16.710597 46.943735 -14.099128 0.651885 -0.311548 0.685388 0.090701
364.200000000 -16.555648 46.926902 -14.109686 0.650255 -0.330721 0.675003 0.110288
364.300000000 -16.336475 46.840329 -14.098740 0.652075 -0.347032 0.662499 0.124351
364.400000000 -16.300075 46.762006 -14.119790 0.649901 -0.355095 0.658603 0.133339
364.500000000 -16.235857 46.736515 -14.118297 0.646315 -0.370216 0.650003 0.150709
364.600000000 -17.022903 46.770648 -14.073702 0.664315 -0.267676 0.696331 0.046447
364.700000000 -17.090002 46.744141 -14.065360 0.668318 -0.270856 0.691167 0.047710
364.800000000 -17.034807 46.668921 -14.098031 0.667482 -0.275178 0.689935 0.052288
364.900000000 -17.015058 46.552963 -14.058663 0.676368 -0.274652 0.681756 0.047961
365.000000000 -16.820651 46.554820 -14.058927 0.674997 -0.288965 0.675907 0.063463
365.100000000 -16.873613 46.498875 -14.097118 0.670155 -0.290248 0.679867 0.066559
365.200000000 -16.851633 46.439674 -14.101767 0.670972 -0.293789 0.677234 0.069563
365.300000000 -16.798541 46.409933 -14.132953 0.667173 -0.305271 0.674416 0.082782
365.400000000 -16.855740 46.349531 -14.155754 0.664515 -0.304658 0.677192 0.083755
365.500000000 -16.942519 46.391536 -14.156903 0.662397 -0.294478 0.684635 0.076076
365.600000000 -16.883065 46.257261 -14.215503 0.661173 -0.295227 0.685404 0.076895
365.700000000 -16.825710 46.196985 -14.228778 0.660586 -0.297033 0.685011 0.078473
365.800000000 -16.763396 46.142412 -14.247400 0.661241 -0.297240 0.684305 0.078330
365.900000000 -16.738807 46.115546 -14.269568 0.659770 -0.297099 0.685625 0.079718
366.000000000 -16.631118 46.136685 -14.249102 0.664876 -0.291697 0.683840 0.072221
366.100000000 -16.695921 46.032024 -14.314957 0.660742 -0.293298 0.686764 0.075836
366.200000000 -16.725949 45.980237 -14.322992 0.662229 -0.295215 0.684335 0.077370
366.300000000 -16.676956 45.922497 -14.369201 0.659475 -0.293201 0.687923 0.076730
366.400000000 -16.741550 45.853090 -14.418269 0.655008 -0.301871 0.687092 0.087988
366.500000000 -16.655514 45.856800 -14.387365 0.662776 -0.293602 0.684579 0.076668
366.600000000 -16.666608 45.788167 -14.438790 0.656891 -0.294692 0.689414 0.079744
366.700000000 -16.711960 45.742696 -14.480588 0.652944 -0.294073 0.693281 0.080919
366.800000000 -16.642136 45.708178 -14.487109 0.655032 -0.292921 0.692071 0.078542
366.900000000 -16.562030 45.690934 -14.471321 0.659032 -0.286186 0.691986 0.070203
367.000000000 -16.557804 45.604887 -14.492791 0.653618 -0.286296 0.697031 0.070464
367.100000000 -16.501918 45.543690 -14.517538 0.653385 -0.286800 0.696991 0.070976
367.200000000 -16.518616 45.531794 -14.524793 0.652620 -0.286910 0.697648 0.071114
367.300000000 -16.515023 45.514665 -14.539870 0.649000 -0.287017 0.700840 0.072415
367.400000000 -16.477936 45.449466 -14.561801 0.646924 -0.285555 0.703478 0.071183
367.500000000 -16.484107 45.417382 -14.573155 0.648479 -0.284291 0.702856 0.068162
367.600000000 -16.451590 45.378033 -14.575017 0.651035 -0.283017 0.701261 0.065483
367.700000000 -16.414999 45.322393 -14.595329 0.650824 -0.281294 0.702309 0.063742
367.800000000 -16.441405 45.377660 -14.607301 0.651947 -0.292153 0.695579 0.076039
367.900000000 -16.400562 45.329586 -14.601114 0.656647 -0.289424 0.692793 0.071314
368.000000000 -16.294186 45.267996 -14.607602 0.664028 -0.278416 0.691573 0.057248
368.100000000 -16.248255 45.265136 -14.613517 0.661134 -0.277182 0.694897 0.056484
368.200000000 -16.215417 45.246719 -14.636657 0.662489 -0.275988 0.694248 0.054388
368.300000000 -16.206166 45.227658 -14.638714 0.665807 -0.275548 0.691324 0.053343
368.400000000 -16.130165 45.188484 -14.652201 0.666454 -0.271802 0.692564 0.048140
368.500000000 -15.937543 45.333804 -14.628513 0.675097 -0.249585 0.693819 0.023798
368.600000000 -15.868442 45.261953 -14.653365 0.675660 -0.256518 0.690501 0.029836
368.700000000 -15.996999 45.218142 -14.663506 0.673992 -0.261723 0.689913 0.035440
368.800000000 -15.871510 45.255172 -14.669311 0.677446 -0.256900 0.688641 0.029039
368.900000000 -15.847060 45.218640 -14.686829 0.679336 -0.255823 0.687278 0.026586
369.000000000 -15.821784 45.183131 -14.705775 0.680603 -0.259301 0.684583 0.029806
369.100000000 -15.795014 45.203318 -14.712555 0.682999 -0.258693 0.682506 0.027846
369.200000000 -15.812301 45.203273 -14.716855 0.684052 -0.258024 0.681736 0.027064
369.300000000 -15.794235 45.193267 -14.725467 0.684700 -0.258882 0.680719 0.028066
369.400000000 -15.819496 45.208127 -14.733356 0.687585 -0.252640 0.680427 0.020459
369.500000000 -15.806192 45.180116 -14.751413 0.689529 -0.250789 0.679226 0.017511
369.600000000 -15.841643 45.179833 -14.757733 0.690100 -0.250647 0.678705 0.017237
369.700000000 -15.849136 45.164576 -14.776913 0.692699 -0.249914 0.676366 0.015468
369.800000000 -15.771804 45.234559 -14.766083 0.693462 -0.249315 0.675823 0.014728
369.900000000 -15.773603 45.250614 -14.772845 0.694580 -0.251287 0.673897 0.016597
370.000000000 -15.764182 45.240748 -14.791896 0.696556 -0.245302 0.674200 0.009551
370.100000000 -15.755906 45.247809 -14.797057 0.697214 -0.245706 0.673366 0.009987
370.200000000 -15.401547 45.051932 -14.947675 0.697582 -0.326486 0.631247 0.091175
370.300000000 -15.424344 45.044871 -14.972720 0.699523 -0.326422 0.629323 0.089824
370.400000000 -15.710004 45.237244 -14.843279 0.702163 -0.243601 0.669010 0.007202
370.500000000 -15.638106 45.217633 -14.859266 0.702913 -0.241767 0.668906 0.005241
370.600000000 -15.502999 45.024012 -15.002293 0.702249 -0.321802 0.629385 0.084640
370.700000000 -15.556144 45.026505 -15.009818 0.703948 -0.315777 0.631389 0.078041
370.800000000 -15.545047 44.992847 -15.026402 0.702620 -0.320299 0.629907 0.083381
370.900000000 -15.510049 44.975511 -15.040645 0.701905 -0.323952 0.628206 0.087989
371.000000000 -15.583603 45.127692 -14.931639 0.705057 -0.257818 0.660207 0.023458
371.100000000 -15.444300 45.091793 -14.953235 0.705798 -0.258262 0.659225 0.023940
371.200000000 -15.473571 45.096141 -14.959292 0.706283 -0.257729 0.658930 0.023502
371.300000000 -15.467669 45.134728 -14.950585 0.706334 -0.254711 0.660138 0.020798
371.400000000 -15.519376 45.152982 -14.956469 0.707194 -0.255735 0.658786 0.021844
371.500000000 -15.423987 45.154298 -14.967089 0.708748 -0.249317 0.659766 0.015062
371.600000000 -15.408564 44.978511 -15.084936 0.699791 -0.333361 0.623555 0.101695
371.700000000 -15.277260 44.982243 -15.101636 0.701967 -0.326995 0.625547 0.094911
371.800000000 -14.751247 45.195441 -14.966009 0.707227 -0.259359 0.657043 0.029279
371.900000000 -14.397251 45.275121 -14.961080 0.709040 -0.258558 0.655430 0.028669
372.000000000 -14.540240 45.200325 -14.990736 0.708930 -0.265777 0.652278 0.036252
372.100000000 -14.402098 45.184901 -15.008734 0.708748 -0.271131 0.649908 0.042224
372.200000000 -14.466884 45.159382 -15.018292 0.708399 -0.270784 0.650422 0.042406
372.300000000 -14.397098 45.191962 -15.011649 0.708422 -0.269967 0.650763 0.041998
372.400000000 -14.450680 45.183923 -15.022844 0.708972 -0.269700 0.650294 0.041694
372.500000000 -14.375127 45.154891 -15.033273 0.709078 -0.269775 0.650124 0.042062
372.600000000 -14.339503 45.190752 -15.030086 0.709200 -0.270776 0.649481 0.043468
372.700000000 -14.056791 45.198524 -15.027556 0.707497 -0.275199 0.649046 0.049535
372.800000000 -13.937996 45.173410 -15.037050 0.709084 -0.268420 0.650654 0.042415
372.900000000 -13.973106 45.125553 -15.050232 0.708104 -0.270689 0.650567 0.045593
373.000000000 -13.851601 45.210640 -15.035660 0.706873 -0.283784 0.645167 0.059637
373.100000000 -13.638371 45.224479 -15.030427 0.708360 -0.270250 0.650428 0.046198
373.200000000 -13.518478 45.256438 -15.029359 0.708229 -0.275387 0.647976 0.051971
373.300000000 -13.402273 45.315770 -15.021039 0.709932 -0.268197 0.649666 0.044732
373.400000000 -13.435884 45.264303 -15.032492 0.709517 -0.267860 0.650259 0.044729
373.500000000 -13.254207 45.446366 -15.006834 0.711717 -0.267202 0.648198 0.043605
373.600000000 -13.232070 45.386927 -15.016116 0.711038 -0.265609 0.649659 0.042666
373.700000000 -13.237831 45.348289 -15.033441 0.711945 -0.264859 0.649045 0.041521
373.800000000 -13.226392 45.398845 -15.017572 0.712241 -0.261547 0.650257 0.038353
373.900000000 -13.050136 45.390272 -15.044195 0.714066 -0.260425 0.648792 0.036837
374.000000000 -13.091139 45.353829 -15.054894 0.712512 -0.266714 0.647520 0.043688
374.100000000 -13.089276 45.436357 -15.019429 0.712385 -0.263615 0.649097 0.041090
374.200000000 -13.186231 45.452703 -15.005367 0.712300 -0.258874 0.651370 0.036477
374.300000000 -13.122331 45.371500 -15.027489 0.711669 -0.261560 0.650804 0.039598
374.400000000 -13.034127 45.366394 -15.045238 0.712962 -0.260867 0.649735 0.038463
374.500000000 -12.925365 45.398928 -15.038120 0.712753 -0.262941 0.648993 0.040663
374.600000000 -12.908563 45.469618 -15.016147 0.713390 -0.257773 0.650659 0.035651
374.700000000 -12.959802 45.442860 -15.015770 0.713116 -0.255353 0.652043 0.033163
374.800000000 -12.939780 45.411834 -15.026815 0.713169 -0.255746 0.651804 0.033681
374.900000000 -12.888186 45.448376 -15.021558 0.713385 -0.257473 0.650785 0.035608
375.000000000 -12.961595 45.481922 -14.997299 0.713232 -0.252396 0.653191 0.030606
375.100000000 -13.048253 45.522421 -14.963899 0.711952 -0.248240 0.656332 0.027025
375.200000000 -13.055441 45.575594 -14.940498 0.712594 -0.240708 0.658714 0.019105
375.300000000 -13.091162 45.512527 -14.952175 0.711515 -0.245615 0.657891 0.024471
375.400000000 -12.966684 45.472946 -14.976641 0.712025 -0.248159 0.656286 0.026966
375.500000000 -13.014017 45.513421 -14.944865 0.712597 -0.236209 0.660447 0.014883
375.600000000 -13.213169 45.547095 -14.917269 0.712359 -0.227283 0.663969 0.005770
375.700000000 -13.160580 45.476686 -14.933369 0.711610 -0.230296 0.663697 0.009039
375.800000000 -13.032569 45.454745 -14.946621 0.712350 -0.230116 0.662970 0.008624
375.900000000 -13.018767 45.451024 -14.938540 0.712855 -0.221235 0.665502 -0.000356
376.000000000 -13.273532 45.380303 -14.941197 0.712770 -0.212977 0.668222 -0.008883
376.100000000 -12.986741 45.360793 -14.962643 0.712945 -0.219989 0.665816 -0.002055
376.200000000 -12.943380 45.355364 -14.962378 0.713019 -0.222548 0.664888 0.000620
376.300000000 -13.058434 45.376975 -14.936941 0.713295 -0.210087 0.668527 -0.012023
376.400000000 -13.473031 45.098084 -14.989381 0.713613 -0.180317 0.675564 -0.043077
376.500000000 -13.320714 45.173715 -14.976351 0.713370 -0.178633 0.676152 -0.044857
376.600000000 -13.100056 45.219384 -14.972259 0.714353 -0.177346 0.675341 -0.046498
376.700000000 -12.745929 45.183012 -15.000736 0.715425 -0.179363 0.673791 -0.044731
376.800000000 -12.750883 45.290174 -14.967944 0.715408 -0.175898 0.674470 -0.048393
376.900000000 -12.702482 45.350404 -14.966285 0.716687 -0.174136 0.673400 -0.050691
377.000000000 -12.478971 45.200420 -15.019619 0.717333 -0.177254 0.672101 -0.047908
377.100000000 -12.648683 45.160235 -15.010252 0.716354 -0.177130 0.673180 -0.047861
377.200000000 -12.548708 45.055293 -15.050124 0.717040 -0.179083 0.672041 -0.046307
377.300000000 -12.398436 45.131203 -15.041065 0.717817 -0.175341 0.671889 -0.050582
377.400000000 -12.151255 45.073321 -15.081566 0.719196 -0.177808 0.669901 -0.048720
377.500000000 -12.165934 45.037081 -15.088260 0.719236 -0.177944 0.669812 -0.048864
377.600000000 -11.721853 44.994163 -15.118450 0.719796 -0.179918 0.668796 -0.047271
377.700000000 -11.465081 45.029783 -15.131329 0.720933 -0.178886 0.667722 -0.049012
377.800000000 -11.261822 44.994311 -15.153683 0.721592 -0.177992 0.667158 -0.050250
377.900000000 -11.567929 44.838463 -15.182908 0.721485 -0.179898 0.666896 -0.048423
378.000000000 -11.559672 44.764386 -15.209596 0.722189 -0.180441 0.666004 -0.048185
378.100000000 -11.413025 44.761682 -15.221519 0.722546 -0.179629 0.665758 -0.049256
378.200000000 -11.216452 44.756980 -15.239073 0.723214 -0.181192 0.664704 -0.047957
378.300000000 -11.181492 44.768896 -15.227664 0.722925 -0.180608 0.665141 -0.048459
378.400000000 -11.098895 44.747981 -15.227677 0.722229 -0.178871 0.666243 -0.050108
378.500000000 -10.947509 44.729623 -15.228790 0.721967 -0.180349 0.666216 -0.048929
378.600000000 -10.858499 44.639601 -15.251751 0.721526 -0.181072 0.666551 -0.048195
378.700000000 -10.898764 44.545827 -15.272913 0.721447 -0.182209 0.666387 -0.047358
378.800000000 -10.838025 44.554753 -15.267002 0.721176 -0.183880 0.666347 -0.045559
378.900000000 -10.808095 44.544374 -15.264756 0.720797 -0.188586 0.665758 -0.040666
379.000000000 -10.927399 44.587588 -15.238083 0.720538 -0.178181 0.668149 -0.051516
379.100000000 -11.160758 44.460283 -15.246982 0.719356 -0.179840 0.669108 -0.049789
379.200000000 -11.457566 44.323934 -15.256003 0.718261 -0.174596 0.671291 -0.054637
379.300000000 -11.800192 44.191468 -15.252801 0.716643 -0.161476 0.675123 -0.067509
379.400000000 -12.153146 44.141900 -15.221999 0.714979 -0.154070 0.677752 -0.075629
379.500000000 -12.622513 43.834647 -15.271571 0.712964 -0.133417 0.681498 -0.097172
379.600000000 -12.644684 43.778196 -15.278167 0.712275 -0.133937 0.682128 -0.097093
379.700000000 -12.499383 43.695695 -15.294879 0.711978 -0.136827 0.682268 -0.094214
379.800000000 -12.530146 43.641784 -15.300095 0.711146 -0.137718 0.683055 -0.093496
379.900000000 -12.732462 43.539820 -15.296287 0.709099 -0.131423 0.685494 -0.100022
380.000000000 -12.814069 43.212563 -15.356746 0.704636 -0.109588 0.690297 -0.122349
380.100000000 -12.816440 43.256564 -15.340279 0.704491 -0.109436 0.690393 -0.122772
380.200000000 -12.669270 43.229390 -15.347992 0.704669 -0.112177 0.690260 -0.119992
380.300000000 -12.422545 43.322647 -15.314746 0.703881 -0.109363 0.691087 -0.122433
380.400000000 -12.473536 43.145691 -15.328279 0.698103 -0.085957 0.695727 -0.145697
380.500000000 -12.356584 43.154699 -15.328211 0.698956 -0.088435 0.695038 -0.143393
380.600000000 -12.197317 43.147843 -15.320514 0.698841 -0.090758 0.695309 -0.141171
380.700000000 -12.141549 43.285925 -15.245210 0.689866 -0.054938 0.700168 -0.175591
380.800000000 -11.903063 43.356636 -15.224974 0.689584 -0.054801 0.700409 -0.175779
380.900000000 -11.909964 43.374480 -15.213731 0.689204 -0.054578 0.700732 -0.176050
381.000000000 -11.558373 43.391240 -15.210060 0.689457 -0.054189 0.700504 -0.176087
381.100000000 -11.375896 43.439719 -15.186119 0.688943 -0.054057 0.700992 -0.176199
381.200000000 -11.283786 43.367500 -15.200684 0.689452 -0.058836 0.701260 -0.171547
381.300000000 -11.056034 43.375925 -15.193523 0.689722 -0.059533 0.701160 -0.170627
381.400000000 -10.936566 43.359223 -15.186149 0.689162 -0.062796 0.702196 -0.167433
381.500000000 -10.861492 43.414810 -15.146032 0.686956 -0.060934 0.704155 -0.168953
381.600000000 -10.741620 43.449965 -15.119248 0.684732 -0.053385 0.705161 -0.176181
381.700000000 -10.667744 43.492907 -15.092865 0.682520 -0.045704 0.706018 -0.183348
381.800000000 -10.629955 43.406641 -15.108547 0.682724 -0.052932 0.707040 -0.176578
381.900000000 -10.546201 43.569799 -15.042130 0.678827 -0.038109 0.708019 -0.190922
382.000000000 -10.427984 43.548124 -15.043843 0.678715 -0.039442 0.708432 -0.189511
382.100000000 -10.356780 43.450069 -15.074917 0.679032 -0.039892 0.708246 -0.188976
382.200000000 -10.434350 43.424192 -15.076982 0.678721 -0.038093 0.708014 -0.191321
382.300000000 -10.317341 43.476614 -15.062836 0.678532 -0.039718 0.708617 -0.189415
382.400000000 -10.024539 43.479423 -15.053132 0.678644 -0.045663 0.709751 -0.183333
382.500000000 -10.063714 43.466491 -15.053123 0.678286 -0.040170 0.709027 -0.188668
382.600000000 -9.731300 43.611017 -15.008568 0.676730 -0.034087 0.709357 -0.194132
382.700000000 -9.872289 43.560743 -15.016911 0.675648 -0.030035 0.709427 -0.198271
382.800000000 -9.498718 43.621149 -15.002178 0.674780 -0.027391 0.709731 -0.200510
382.900000000 -9.349692 43.701308 -14.982906 0.673281 -0.020857 0.709676 -0.206440
383.000000000 -9.207015 43.774140 -14.956322 0.672974 -0.021992 0.710272 -0.205271
383.100000000 -9.268828 43.738062 -14.975403 0.675783 -0.030386 0.709791 -0.196446
383.200000000 -9.064618 43.797380 -14.942399 0.670746 -0.013069 0.710060 -0.213880
383.300000000 -9.288034 43.694272 -14.972493 0.670857 -0.013647 0.710134 -0.213245
383.400000000 -9.235921 43.734016 -14.953387 0.671008 -0.017958 0.711151 -0.209023
383.500000000 -9.102470 43.702152 -14.962354 0.671494 -0.020237 0.711367 -0.206504
383.600000000 -8.922530 43.713241 -14.954585 0.671909 -0.022452 0.711505 -0.204439
383.700000000 -8.813583 43.647709 -14.955967 0.672303 -0.034772 0.714162 -0.191761
383.800000000 -8.931579 43.675995 -14.924890 0.661964 0.009405 0.711529 -0.235461
383.900000000 -8.665226 43.773469 -14.906520 0.663381 0.003312 0.712315 -0.229177
384.000000000 -8.671552 43.779900 -14.907769 0.663893 0.001261 0.712515 -0.227085
384.100000000 -8.557545 43.834528 -14.896567 0.664101 0.001679 0.712269 -0.227246
384.200000000 -8.256316 43.955321 -14.873448 0.663373 0.006001 0.711793 -0.230761
384.300000000 -8.244300 44.003631 -14.855595 0.663557 0.003971 0.712285 -0.228750
384.400000000 -8.176423 44.019956 -14.851629 0.662719 0.006377 0.712312 -0.231030
384.500000000 -8.090816 44.021327 -14.858905 0.662651 0.007470 0.712013 -0.232111
384.600000000 -7.957055 44.035498 -14.857909 0.662531 0.007333 0.712212 -0.231847
384.700000000 -8.113313 43.992983 -14.868504 0.662205 0.008592 0.712066 -0.233179
384.800000000 -7.887491 44.026637 -14.858824 0.662182 0.007700 0.712474 -0.232025
384.900000000 -7.808488 44.076035 -14.845612 0.660235 0.016762 0.711295 -0.240557
385.000000000 -7.790902 44.059421 -14.852364 0.660287 0.015202 0.711860 -0.238841
385.100000000 -7.900608 44.004902 -14.875911 0.660293 0.017256 0.711102 -0.240935
385.200000000 -7.471654 44.158681 -14.831000 0.661486 0.009828 0.712696 -0.233247
385.300000000 -7.513035 44.192923 -14.819749 0.658283 0.021827 0.711529 -0.244774
385.400000000 -7.762844 44.078165 -14.853774 0.657885 0.021326 0.712004 -0.244505
385.500000000 -7.324416 44.258240 -14.807441 0.658432 0.021202 0.711711 -0.243897
385.600000000 -7.410656 44.229632 -14.811422 0.653324 0.038483 0.709933 -0.260158
385.700000000 -7.682054 43.798973 -14.923596 0.639219 0.089663 0.699648 -0.306352
385.800000000 -7.628717 43.818902 -14.922741 0.638040 0.089590 0.700785 -0.306233
385.900000000 -7.755894 43.708085 -14.950033 0.636972 0.091214 0.700798 -0.307943
386.000000000 -7.911571 43.563404 -14.976709 0.635033 0.092970 0.701422 -0.309993
386.100000000 -7.995481 43.472505 -14.997032 0.632823 0.095360 0.701859 -0.312786
386.200000000 -7.883315 43.491560 -15.001309 0.633807 0.094936 0.701271 -0.312243
386.300000000 -7.557396 43.512503 -15.014929 0.637545 0.089459 0.701144 -0.306481
386.400000000 -7.579269 43.462094 -15.028984 0.637423 0.090252 0.700818 -0.307247
386.500000000 -7.585452 43.403466 -15.048860 0.637570 0.090448 0.700587 -0.307411
386.600000000 -7.634691 43.332884 -15.067091 0.636881 0.091620 0.700530 -0.308620
386.700000000 -7.522566 43.358951 -15.060021 0.637073 0.090129 0.701072 -0.307429
386.800000000 -7.427600 43.395211 -15.055022 0.637741 0.089532 0.700899 -0.306612
386.900000000 -7.348555 43.575203 -15.008240 0.636092 0.094209 0.700151 -0.310323
387.000000000 -7.216885 43.702299 -14.981255 0.636499 0.094210 0.699946 -0.309950
387.100000000 -7.224956 43.608950 -15.004824 0.635945 0.094467 0.700209 -0.310415
387.200000000 -7.154309 43.628364 -15.002956 0.636238 0.094615 0.699876 -0.310521
387.300000000 -7.269288 43.201147 -15.117262 0.638906 0.086576 0.701426 -0.303817
387.400000000 -6.874634 43.795111 -14.966663 0.637070 0.093197 0.700103 -0.308725
387.500000000 -6.767032 43.848386 -14.959521 0.637216 0.093647 0.699893 -0.308764
387.600000000 -7.133841 43.528431 -15.034005 0.635324 0.096585 0.699578 -0.312451
387.700000000 -7.272827 43.371272 -15.074559 0.634499 0.097505 0.699634 -0.313714
387.800000000 -6.885528 43.771818 -14.987403 0.635246 0.099896 0.698312 -0.314395
387.900000000 -6.975350 43.665432 -15.015362 0.634798 0.101385 0.697794 -0.315967
388.000000000 -6.734743 43.625939 -15.031728 0.637797 0.093984 0.699136 -0.309177
388.100000000 -6.505161 43.702214 -15.010893 0.639430 0.088259 0.700753 -0.303784
388.200000000 -6.735729 44.134501 -14.900821 0.632940 0.107247 0.696795 -0.319942
388.300000000 -6.642510 44.055887 -14.922516 0.632966 0.107020 0.696828 -0.319894
388.400000000 -6.645686 43.818793 -14.986125 0.636366 0.097810 0.698549 -0.312252
388.500000000 -6.408981 44.122846 -14.915214 0.637022 0.099086 0.697828 -0.312123
388.600000000 -6.404240 43.929148 -14.971511 0.637201 0.098869 0.697581 -0.312378
388.700000000 -6.319783 43.994385 -14.958488 0.636503 0.100366 0.697480 -0.313548
388.800000000 -6.238907 44.076196 -14.937454 0.636973 0.100271 0.697124 -0.313417
388.900000000 -6.452709 43.636580 -15.050019 0.637008 0.097246 0.698281 -0.311717
389.000000000 -6.213068 43.999411 -14.958642 0.635080 0.104958 0.696259 -0.317619
389.100000000 -6.054563 44.133363 -14.931082 0.637087 0.102095 0.696229 -0.314583
389.200000000 -6.476993 43.714992 -15.034937 0.634372 0.106349 0.695886 -0.319381
389.300000000 -6.275000 43.950323 -14.970702 0.631208 0.114429 0.694350 -0.326128
389.400000000 -6.042630 44.216880 -14.912190 0.633328 0.112350 0.693990 -0.323497
389.500000000 -6.437778 43.576369 -15.080460 0.632787 0.112851 0.693783 -0.324824
389.600000000 -6.369901 43.553280 -15.080173 0.632102 0.112892 0.694197 -0.325259
389.700000000 -6.415168 43.419045 -15.118788 0.631426 0.113749 0.694183 -0.326302
389.800000000 -6.349882 43.447125 -15.117143 0.631530 0.114272 0.693874 -0.326573
389.900000000 -6.347221 43.398651 -15.130313 0.630945 0.116139 0.693311 -0.328237
390.000000000 -6.150829 43.403156 -15.127133 0.631243 0.114701 0.693934 -0.326850
390.100000000 -6.331552 43.413497 -15.128665 0.631069 0.115208 0.693747 -0.327405
390.200000000 -6.192347 43.434468 -15.126375 0.630380 0.119443 0.692083 -0.330719
390.300000000 -6.006057 43.601373 -15.091821 0.629714 0.123071 0.690778 -0.333376
390.400000000 -5.951230 43.564165 -15.097699 0.626463 0.130767 0.689076 -0.340026
390.500000000 -6.023440 43.310746 -15.166358 0.628360 0.125649 0.690234 -0.336085
390.600000000 -5.831918 43.467949 -15.133155 0.629170 0.126753 0.689187 -0.336303
390.700000000 -5.861934 43.402279 -15.152186 0.628972 0.126967 0.689211 -0.336543
390.800000000 -5.863638 43.417491 -15.144258 0.629073 0.126681 0.689262 -0.336358
390.900000000 -5.830783 43.431402 -15.145451 0.628469 0.129062 0.688545 -0.338047
391.000000000 -5.727257 43.493791 -15.127472 0.628298 0.128525 0.688896 -0.337853
391.100000000 -5.621472 43.578099 -15.101115 0.627466 0.128832 0.689419 -0.338216
391.200000000 -5.597586 43.570449 -15.104904 0.627319 0.129622 0.689070 -0.338896
391.300000000 -5.573574 43.550745 -15.112372 0.627751 0.129343 0.688905 -0.338540
391.400000000 -5.466984 43.595919 -15.110420 0.628423 0.129271 0.688479 -0.338188
391.500000000 -5.392682 43.638097 -15.097558 0.628383 0.128683 0.688845 -0.337741
391.600000000 -5.381327 43.582579 -15.113528 0.628222 0.128848 0.688846 -0.337974
391.700000000 -5.300295 43.666470 -15.087836 0.626663 0.131857 0.688412 -0.340583
391.800000000 -5.280242 43.614102 -15.106363 0.625112 0.137701 0.686260 -0.345428
391.900000000 -5.213606 43.591441 -15.110979 0.625069 0.137515 0.686335 -0.345430
392.000000000 -5.176813 43.619164 -15.104789 0.624926 0.138017 0.686174 -0.345810
392.100000000 -5.136774 43.574091 -15.119770 0.625675 0.136776 0.686296 -0.344704
392.200000000 -5.088860 43.531777 -15.132976 0.625838 0.136839 0.686150 -0.344674
392.300000000 -4.958218 43.653706 -15.099403 0.625501 0.136384 0.686662 -0.344445
392.400000000 -4.825903 43.792134 -15.065354 0.625065 0.137555 0.686580 -0.344934
392.500000000 -4.645606 43.851463 -15.033308 0.622659 0.139249 0.687305 -0.347156
392.600000000 -4.550423 43.929017 -15.010307 0.623064 0.138165 0.687596 -0.346284
392.700000000 -4.544137 43.861052 -15.031945 0.622889 0.139270 0.687011 -0.347316
392.800000000 -4.485884 43.924715 -15.017002 0.623452 0.139264 0.686627 -0.347067
392.900000000 -4.411485 43.904233 -15.023981 0.624315 0.136904 0.687238 -0.345241
393.000000000 -4.411641 43.823078 -15.048016 0.624849 0.136117 0.687083 -0.344897
393.100000000 -4.305455 43.851455 -15.039187 0.624507 0.136186 0.687291 -0.345073
393.200000000 -4.280732 43.894736 -15.028929 0.623768 0.138530 0.686548 -0.346950
393.300000000 -4.144957 44.088612 -14.967014 0.619161 0.146086 0.685560 -0.353987
393.400000000 -4.023598 44.144830 -14.951073 0.619396 0.144486 0.686318 -0.352760
393.500000000 -3.934182 44.114592 -14.948929 0.619342 0.142471 0.687478 -0.351413
393.600000000 -3.931269 44.060230 -14.966456 0.619492 0.142104 0.687509 -0.351238
393.700000000 -3.876810 43.963993 -15.006399 0.623264 0.137929 0.687195 -0.346815
393.800000000 -3.799975 44.037225 -14.980462 0.622421 0.137491 0.687947 -0.347013
393.900000000 -3.739408 43.975467 -14.988203 0.621534 0.137571 0.688456 -0.347560
394.000000000 -3.820202 43.821219 -15.018331 0.616878 0.145651 0.686740 -0.355858
394.100000000 -3.743650 43.855865 -15.009267 0.616946 0.145153 0.686953 -0.355534
394.200000000 -3.838563 43.216326 -15.183812 0.606513 0.173212 0.676412 -0.380272
394.300000000 -3.954511 43.191877 -15.210871 0.611353 0.165868 0.677578 -0.373662
394.400000000 -4.106333 42.846365 -15.335671 0.622825 0.145010 0.681430 -0.355969
394.500000000 -4.209283 42.940598 -15.321497 0.623137 0.145452 0.680809 -0.356431
394.600000000 -4.254358 42.875775 -15.326677 0.610221 0.174266 0.672244 -0.381247
394.700000000 -4.171559 42.969976 -15.308359 0.620406 0.149846 0.679960 -0.360967
394.800000000 -4.203312 43.075164 -15.277060 0.610034 0.173467 0.672812 -0.380910
394.900000000 -3.905955 43.057773 -15.286334 0.619600 0.149523 0.680736 -0.361023
395.000000000 -3.927453 43.198592 -15.245267 0.614579 0.159668 0.678141 -0.370033
395.100000000 -3.897344 43.346893 -15.194112 0.614740 0.157254 0.679571 -0.368170
395.200000000 -4.043831 43.498035 -15.152930 0.609095 0.170488 0.675450 -0.379083
395.300000000 -3.854338 43.545752 -15.132639 0.611323 0.164969 0.677340 -0.374540
395.400000000 -3.815981 43.679307 -15.086347 0.610140 0.164352 0.678618 -0.374427
395.500000000 -3.686934 43.693585 -15.087532 0.609186 0.168588 0.676997 -0.377022
395.600000000 -3.748411 43.838298 -15.043084 0.607831 0.170305 0.676999 -0.378430
395.700000000 -3.651783 43.922314 -15.017465 0.607128 0.170189 0.677565 -0.378598
395.800000000 -3.607980 44.047796 -14.969614 0.605945 0.169492 0.678934 -0.378353
395.900000000 -3.508924 44.149459 -14.934393 0.605091 0.168353 0.680203 -0.377950
396.000000000 -3.214144 44.119045 -14.923287 0.604125 0.165971 0.682232 -0.376890
396.100000000 -3.265078 44.320892 -14.873038 0.604611 0.164263 0.682992 -0.375479
396.200000000 -3.071115 44.325727 -14.859728 0.601384 0.167748 0.683107 -0.378898
396.300000000 -3.030158 44.444921 -14.825454 0.600507 0.166900 0.684274 -0.378557
396.400000000 -2.910254 44.550331 -14.798893 0.600494 0.164415 0.685775 -0.376944
396.500000000 -2.665278 44.542578 -14.809662 0.601033 0.166266 0.684672 -0.377278
396.600000000 -2.586453 44.669273 -14.774450 0.599346 0.164925 0.686623 -0.377005
396.700000000 -2.458139 44.699237 -14.756993 0.596236 0.168205 0.686526 -0.380646
396.800000000 -2.385902 44.791135 -14.736521 0.595088 0.167627 0.687644 -0.380680
396.900000000 -2.406247 44.984485 -14.688718 0.594064 0.165686 0.689392 -0.379966
397.000000000 -2.108439 44.960142 -14.683451 0.591807 0.163960 0.691675 -0.380087
397.100000000 -1.983996 45.079938 -14.667639 0.592032 0.163438 0.692088 -0.379209
397.200000000 -1.945123 45.198001 -14.652338 0.592029 0.163630 0.692237 -0.378859
397.300000000 -1.845887 45.190185 -14.647460 0.588923 0.161886 0.694667 -0.380000
397.400000000 -1.686823 45.361701 -14.630485 0.590503 0.161648 0.694334 -0.378255
397.500000000 -1.595737 45.344867 -14.646572 0.586354 0.165683 0.694176 -0.383221
397.600000000 -1.547821 45.393985 -14.659245 0.586161 0.165804 0.694188 -0.383441
397.700000000 -1.393693 45.518899 -14.650826 0.585597 0.164708 0.695342 -0.382685
397.800000000 -1.290354 45.691631 -14.621009 0.585362 0.162654 0.696702 -0.381448
397.900000000 -1.158711 45.731820 -14.653858 0.585169 0.165312 0.695601 -0.382607
398.000000000 -1.041274 45.789865 -14.668181 0.584546 0.164799 0.696091 -0.382890
398.100000000 -0.961660 45.825618 -14.697894 0.584021 0.165297 0.696243 -0.383200
398.200000000 -0.892640 45.871602 -14.729898 0.582476 0.167238 0.696101 -0.384963
398.300000000 -0.705236 45.974174 -14.720995 0.580546 0.167384 0.697178 -0.385865
398.400000000 -0.699723 46.097752 -14.722883 0.577684 0.167797 0.698622 -0.387366
398.500000000 -0.669565 46.216419 -14.758366 0.577983 0.168964 0.698031 -0.387479
398.600000000 -0.520979 46.275319 -14.783030 0.576817 0.168448 0.699050 -0.387604
398.700000000 -0.382944 46.381431 -14.801708 0.575567 0.167940 0.699998 -0.387971
398.800000000 -0.253556 46.481638 -14.824294 0.575255 0.166970 0.700879 -0.387261
398.900000000 -0.166648 46.589401 -14.831137 0.572282 0.166469 0.702804 -0.388391
399.000000000 -0.053791 46.697766 -14.877496 0.573470 0.167147 0.701615 -0.388499
399.100000000 -0.001820 46.836627 -14.918519 0.574080 0.167048 0.701406 -0.388017
399.200000000 0.107523 46.954855 -14.952212 0.574441 0.166668 0.701441 -0.387581
399.300000000 0.202162 47.029332 -15.001241 0.574837 0.166978 0.700953 -0.387744
399.400000000 0.331411 47.128858 -15.024291 0.571960 0.166375 0.702921 -0.388694
399.500000000 0.415102 47.224151 -15.089203 0.573365 0.167086 0.702013 -0.387959
399.600000000 0.511096 47.335457 -15.120557 0.571720 0.167280 0.702899 -0.388699
399.700000000 0.672081 47.456329 -15.124846 0.568325 0.166438 0.705292 -0.389704
399.800000000 0.765691 47.571367 -15.167303 0.567466 0.166752 0.705859 -0.389794
399.900000000 0.928236 47.653172 -15.207039 0.566309 0.166909 0.706346 -0.390526
400.000000000 1.074959 47.868209 -15.194981 0.565329 0.163930 0.708495 -0.389313
400.100000000 1.084511 47.944104 -15.264484 0.565589 0.165170 0.707598 -0.390042
400.200000000 1.193412 48.036446 -15.331658 0.567100 0.165294 0.706822 -0.389202
400.300000000 1.327777 48.174364 -15.362109 0.567278 0.164286 0.707356 -0.388399
400.400000000 1.319512 48.200965 -15.437133 0.564203 0.168072 0.706829 -0.392199
400.500000000 1.478585 48.355630 -15.478392 0.564738 0.166123 0.708091 -0.389976
400.600000000 1.697649 48.555250 -15.462088 0.562567 0.163908 0.710780 -0.389160
400.700000000 1.789620 48.645040 -15.514127 0.561951 0.162750 0.711967 -0.388363
400.800000000 1.831656 48.755370 -15.567300 0.559745 0.165348 0.711869 -0.390624
400.900000000 1.934578 48.871141 -15.610636 0.560556 0.164733 0.711773 -0.389896
401.000000000 2.042942 48.995247 -15.655747 0.559870 0.165077 0.712190 -0.389975
401.100000000 2.233845 49.134412 -15.679932 0.558975 0.163035 0.714077 -0.388665
401.200000000 2.378918 49.238571 -15.719088 0.558148 0.161371 0.715838 -0.387306
401.300000000 2.418016 49.381299 -15.775521 0.558339 0.164006 0.714456 -0.388475
401.400000000 2.644705 49.515642 -15.778479 0.556340 0.161594 0.716913 -0.387825
401.500000000 2.729865 49.612488 -15.839963 0.557461 0.161810 0.716449 -0.386984
401.600000000 2.766696 49.733007 -15.885557 0.556534 0.163170 0.716163 -0.388273
401.700000000 2.974648 49.893646 -15.899157 0.556235 0.161777 0.717360 -0.387073
401.800000000 3.137160 50.008447 -15.932083 0.556877 0.159805 0.718086 -0.385620
401.900000000 3.312391 50.140573 -15.954714 0.556532 0.158625 0.719123 -0.384671
402.000000000 3.352004 50.269313 -16.008515 0.556543 0.161335 0.717959 -0.385703
402.100000000 3.368040 50.340024 -16.055523 0.554376 0.162313 0.718633 -0.387154
402.200000000 3.551722 50.517699 -16.059395 0.553891 0.161305 0.719794 -0.386112
402.300000000 3.661550 50.603805 -16.114866 0.554295 0.161532 0.719788 -0.385447
402.400000000 3.776413 50.734490 -16.123227 0.553582 0.161637 0.719832 -0.386344
402.500000000 3.879780 50.905716 -16.158835 0.554750 0.163361 0.718542 -0.386346
402.600000000 4.026190 50.981196 -16.183643 0.554100 0.160804 0.720402 -0.384886
402.700000000 4.036934 51.045209 -16.252316 0.554342 0.163122 0.719200 -0.385808
402.800000000 4.258247 51.174012 -16.251673 0.555281 0.159914 0.720423 -0.383512
402.900000000 4.400378 51.370541 -16.262773 0.556279 0.159000 0.720747 -0.381834
403.000000000 4.511640 51.455261 -16.292312 0.556698 0.159827 0.719982 -0.382319
403.100000000 4.676001 51.604723 -16.289564 0.556780 0.158599 0.720720 -0.381320
403.200000000 4.829983 51.753001 -16.290393 0.557118 0.157446 0.721211 -0.380374
403.300000000 5.008270 51.905368 -16.293886 0.557765 0.156833 0.721367 -0.379383
403.400000000 4.916534 51.936826 -16.359032 0.556101 0.160478 0.720305 -0.382307
403.500000000 5.057879 52.067588 -16.354134 0.557005 0.159895 0.720143 -0.381540
403.600000000 5.070368 52.118255 -16.400220 0.556596 0.161767 0.719570 -0.382429
403.700000000 5.219772 52.246717 -16.387281 0.556343 0.160479 0.720579 -0.381438
403.800000000 5.305812 52.327664 -16.415924 0.556741 0.161081 0.720112 -0.381485
403.900000000 5.442545 52.419018 -16.424082 0.556838 0.160364 0.720654 -0.380621
404.000000000 5.490712 52.519048 -16.439436 0.556612 0.162023 0.719998 -0.381490
404.100000000 5.674932 52.661214 -16.428162 0.558053 0.160525 0.720019 -0.379975
404.200000000 5.851553 52.811723 -16.403828 0.558803 0.159182 0.720603 -0.378328
404.300000000 5.982672 52.918900 -16.407871 0.559770 0.158507 0.720573 -0.377237
404.400000000 6.070630 53.018314 -16.395036 0.559530 0.158788 0.720571 -0.377478
404.500000000 6.206209 53.146075 -16.364497 0.558148 0.159232 0.721199 -0.378138
404.600000000 6.286284 53.222869 -16.373017 0.558962 0.159382 0.720774 -0.377683
404.700000000 6.364981 53.328911 -16.367251 0.559121 0.160313 0.720256 -0.378041
404.800000000 6.399860 53.378931 -16.373819 0.559246 0.161819 0.719453 -0.378741
404.900000000 6.504652 53.489529 -16.358236 0.559577 0.161868 0.719345 -0.378438
405.000000000 6.584396 53.549610 -16.357291 0.560414 0.161587 0.719120 -0.377747
405.100000000 6.646424 53.590004 -16.355856 0.560486 0.162364 0.718720 -0.378068
405.200000000 6.733078 53.638776 -16.341540 0.560443 0.161905 0.719095 -0.377615
405.300000000 6.779718 53.652887 -16.357493 0.561763 0.162295 0.718203 -0.377184
405.400000000 6.933043 53.780635 -16.318886 0.562415 0.161610 0.718311 -0.376299
405.500000000 7.011952 53.893197 -16.305423 0.563727 0.163300 0.716780 -0.376527
405.600000000 7.098409 53.957366 -16.292605 0.564938 0.163550 0.716012 -0.376062
405.700000000 7.250352 54.232209 -16.195131 0.563938 0.164739 0.715841 -0.377367
405.800000000 7.301174 54.259947 -16.187139 0.564516 0.165984 0.714934 -0.377679
405.900000000 7.303600 54.185569 -16.202524 0.564705 0.166438 0.714691 -0.377655
406.000000000 7.310060 54.101184 -16.228826 0.565420 0.166171 0.714405 -0.377242
406.100000000 7.334193 54.090221 -16.198630 0.563322 0.167124 0.714907 -0.379007
406.200000000 7.323948 53.991622 -16.234506 0.564936 0.167534 0.713813 -0.378485
406.300000000 7.356823 53.974326 -16.227286 0.565310 0.167837 0.713475 -0.378429
406.400000000 7.347633 53.852754 -16.256554 0.566159 0.168092 0.712863 -0.378201
406.500000000 7.353942 53.781878 -16.262310 0.566205 0.168234 0.712667 -0.378438
406.600000000 7.371851 53.686174 -16.276394 0.566026 0.168005 0.712918 -0.378335
406.700000000 7.382455 53.556188 -16.280994 0.565865 0.166416 0.713672 -0.377855
406.800000000 7.355098 53.410154 -16.298306 0.565249 0.166543 0.713858 -0.378370
406.900000000 7.375665 53.372201 -16.286196 0.565007 0.166882 0.713816 -0.378660
407.000000000 7.330244 53.162479 -16.326601 0.563742 0.167340 0.714463 -0.379124
407.100000000 7.365011 53.138071 -16.288648 0.563750 0.167014 0.714367 -0.379437
407.200000000 7.366043 53.034575 -16.277516 0.562914 0.166845 0.714776 -0.379980
407.300000000 7.394855 52.983841 -16.259915 0.562893 0.166788 0.714772 -0.380046
407.400000000 7.427659 52.935849 -16.233771 0.562519 0.166394 0.715064 -0.380222
407.500000000 7.499139 52.935181 -16.200306 0.563257 0.165914 0.715001 -0.379457
407.600000000 7.498246 52.818387 -16.192572 0.562476 0.165819 0.715503 -0.379712
407.700000000 7.537811 52.796700 -16.163004 0.562998 0.165673 0.715117 -0.379729
407.800000000 7.656917 52.888050 -16.087104 0.564083 0.164739 0.715103 -0.378549
407.900000000 7.599847 52.664617 -16.125655 0.563904 0.164838 0.714926 -0.379105
408.000000000 7.629298 52.601202 -16.089169 0.562974 0.164076 0.715653 -0.379449
408.100000000 7.684172 52.600236 -16.053856 0.563568 0.164250 0.715325 -0.379109
408.200000000 7.636477 52.423331 -16.066155 0.563014 0.165052 0.715115 -0.379980
408.300000000 7.639027 52.323010 -16.063827 0.564621 0.165372 0.714027 -0.379500
408.400000000 7.660618 52.265980 -16.036077 0.564720 0.165254 0.713935 -0.379577
408.500000000 7.501253 51.875917 -16.124864 0.562997 0.166191 0.714430 -0.380795
408.600000000 7.510002 51.815034 -16.091324 0.564060 0.165929 0.713561 -0.380966
408.700000000 7.618547 51.873490 -16.017534 0.563967 0.165082 0.714194 -0.380285
408.800000000 7.634071 51.790497 -16.000987 0.564057 0.165217 0.713945 -0.380559
408.900000000 7.786152 51.940835 -15.904036 0.565575 0.164573 0.713521 -0.379379
409.000000000 7.770603 51.806666 -15.907593 0.565886 0.165266 0.712938 -0.379710
409.100000000 7.804674 51.764399 -15.882495 0.566477 0.165296 0.712579 -0.379489
409.200000000 7.784981 51.628841 -15.876287 0.565585 0.165442 0.712883 -0.380184
409.300000000 7.931518 51.788501 -15.778088 0.566689 0.165048 0.712611 -0.379222
409.400000000 7.932728 51.688157 -15.764832 0.566354 0.165566 0.712550 -0.379611
409.500000000 8.024195 51.751134 -15.717447 0.569094 0.166267 0.710924 -0.378250
409.600000000 8.131979 51.810321 -15.641074 0.568453 0.165770 0.711726 -0.377925
409.700000000 8.250404 51.884250 -15.564281 0.567230 0.165297 0.712946 -0.377670
409.800000000 8.328505 51.932608 -15.505846 0.568192 0.165749 0.712272 -0.377297
409.900000000 8.479067 52.092034 -15.402476 0.568870 0.164935 0.712741 -0.375743
410.000000000 8.567172 52.211705 -15.320734 0.569692 0.167490 0.711197 -0.376294
410.100000000 8.676695 52.296543 -15.239216 0.569463 0.166709 0.711914 -0.375629
410.200000000 8.792534 52.359340 -15.137268 0.566608 0.165570 0.714287 -0.375947
410.300000000 8.843448 52.410983 -15.081184 0.565759 0.167839 0.713617 -0.377488
410.400000000 8.938359 52.477736 -15.006374 0.565429 0.168032 0.713936 -0.377293
410.500000000 9.031381 52.551375 -14.946141 0.566914 0.168963 0.712929 -0.376554
410.600000000 9.171616 52.660481 -14.858495 0.566010 0.168221 0.714102 -0.376023
410.700000000 9.314071 52.783526 -14.764182 0.565646 0.167487 0.714912 -0.375357
410.800000000 9.388035 52.821293 -14.721398 0.566422 0.168633 0.714284 -0.374869
410.900000000 9.523290 52.929541 -14.617225 0.564204 0.167658 0.716200 -0.374996
411.000000000 9.647865 53.037365 -14.536641 0.563875 0.167147 0.717100 -0.373998
411.100000000 9.753949 53.125927 -14.470340 0.564186 0.167264 0.717054 -0.373565
411.200000000 9.841630 53.160797 -14.429919 0.562415 0.167534 0.718218 -0.373878
411.300000000 9.948569 53.298362 -14.297289 0.559056 0.168597 0.719476 -0.376012
411.400000000 10.027714 53.356490 -14.250525 0.559701 0.169448 0.718825 -0.375916
411.500000000 10.134712 53.452978 -14.176355 0.559426 0.169613 0.719068 -0.375787
411.600000000 10.224271 53.529654 -14.115446 0.559612 0.169602 0.719003 -0.375639
411.700000000 10.361053 53.658630 -14.039418 0.560762 0.169507 0.718619 -0.374700
411.800000000 10.474295 53.739415 -13.974161 0.559962 0.168962 0.719585 -0.374288
411.900000000 10.587520 53.824044 -13.907035 0.559567 0.168600 0.720157 -0.373942
412.000000000 10.713781 53.946090 -13.842258 0.560392 0.168712 0.719847 -0.373253
412.100000000 10.804712 54.033323 -13.777980 0.560550 0.168783 0.719707 -0.373253
412.200000000 10.867159 54.079489 -13.794056 0.562330 0.170694 0.718190 -0.372628
412.300000000 10.988353 54.192151 -13.690391 0.561543 0.170461 0.718616 -0.373100
412.400000000 11.098711 54.305406 -13.633549 0.562180 0.171373 0.717987 -0.372934
412.500000000 11.173668 54.409685 -13.556955 0.560006 0.172305 0.718673 -0.374451
412.600000000 11.269477 54.503956 -13.492179 0.558691 0.173045 0.718981 -0.375482
412.700000000 11.374421 54.615080 -13.432009 0.559273 0.172997 0.718867 -0.374854
412.800000000 11.481934 54.717740 -13.375206 0.559144 0.173014 0.719083 -0.374624
412.900000000 11.571753 54.819653 -13.340784 0.560920 0.173853 0.717850 -0.373945
413.000000000 11.668135 54.890835 -13.292443 0.561536 0.171485 0.718870 -0.372149
413.100000000 11.809634 55.008833 -13.232195 0.561584 0.171025 0.719238 -0.371579
413.200000000 11.905659 55.088804 -13.190931 0.561575 0.171468 0.719114 -0.371627
413.300000000 12.033934 55.202937 -13.128980 0.561299 0.171559 0.719361 -0.371525
413.400000000 12.118554 55.285811 -13.094818 0.561850 0.172518 0.718792 -0.371348
413.500000000 12.235450 55.391694 -13.030566 0.560504 0.172477 0.719534 -0.371964
413.600000000 12.287583 55.475669 -12.999163 0.560710 0.173125 0.719257 -0.371889
413.700000000 12.390880 55.563298 -12.967935 0.560771 0.174528 0.718794 -0.372036
413.800000000 12.465555 55.661670 -12.940860 0.561980 0.175374 0.717681 -0.371962
413.900000000 12.552439 55.755335 -12.901068 0.562057 0.175281 0.717750 -0.371758
414.000000000 12.651902 55.878954 -12.852898 0.562665 0.174341 0.717973 -0.370848
414.100000000 12.785494 55.939072 -12.824344 0.562561 0.174473 0.718229 -0.370447
414.200000000 12.874090 56.041404 -12.787642 0.562519 0.174394 0.718289 -0.370433
414.300000000 12.997864 56.137881 -12.737022 0.560741 0.173853 0.719617 -0.370805
414.400000000 13.094039 56.278025 -12.686642 0.560765 0.173704 0.719906 -0.370276
414.500000000 13.175583 56.382604 -12.657977 0.561676 0.174458 0.719122 -0.370065
414.600000000 13.273788 56.436604 -12.641520 0.561128 0.175718 0.718734 -0.371052
414.700000000 13.376407 56.537522 -12.607542 0.560689 0.175740 0.719022 -0.371148
414.800000000 13.485411 56.637353 -12.566093 0.559802 0.175234 0.719818 -0.371183
414.900000000 13.583603 56.729278 -12.531360 0.558976 0.174440 0.720815 -0.370868
415.000000000 13.686340 56.805706 -12.521434 0.559974 0.175066 0.720008 -0.370634
415.100000000 13.787349 56.910780 -12.501042 0.560767 0.174853 0.720017 -0.369516
415.200000000 13.880645 57.017033 -12.478075 0.560802 0.175498 0.719771 -0.369637
415.300000000 13.984169 57.130337 -12.463294 0.561317 0.176289 0.719199 -0.369592
415.400000000 14.091534 57.210602 -12.440276 0.560708 0.176335 0.719591 -0.369732
415.500000000 14.157278 57.286432 -12.435906 0.562064 0.177353 0.718340 -0.369618
415.600000000 14.271352 57.384079 -12.409238 0.561635 0.177069 0.718928 -0.369264
415.700000000 14.355580 57.447734 -12.396186 0.561535 0.177440 0.718901 -0.369290
415.800000000 14.452002 57.525640 -12.374255 0.561485 0.177203 0.719161 -0.368973
415.900000000 14.560869 57.638582 -12.353302 0.561899 0.177916 0.718803 -0.368697
416.000000000 14.644621 57.751076 -12.331256 0.562858 0.177683 0.718423 -0.368086
416.100000000 14.737016 57.804191 -12.299666 0.561449 0.177128 0.719533 -0.368338
416.200000000 14.859330 57.911218 -12.273419 0.562348 0.177161 0.719115 -0.367767
416.300000000 14.948988 57.984684 -12.261427 0.563429 0.177626 0.718441 -0.367205
416.400000000 15.031687 58.087136 -12.243470 0.564190 0.178240 0.717941 -0.366716
416.500000000 15.114010 58.163598 -12.236461 0.565713 0.179344 0.716551 -0.366550
416.600000000 15.189918 58.231124 -12.224965 0.566979 0.180358 0.715362 -0.366418
416.700000000 15.242474 58.239938 -12.232317 0.568629 0.181099 0.714140 -0.365879
416.800000000 15.356050 58.342129 -12.202793 0.569376 0.181249 0.713776 -0.365354
416.900000000 15.429100 58.423126 -12.178734 0.570386 0.182106 0.712776 -0.365305
417.000000000 15.457120 58.380343 -12.183624 0.570926 0.182718 0.712245 -0.365191
417.100000000 15.573057 58.500914 -12.157267 0.572836 0.183927 0.710562 -0.364872
417.200000000 15.651026 58.572884 -12.117146 0.572506 0.184542 0.710424 -0.365347
417.300000000 15.677522 58.561616 -12.125431 0.574625 0.186415 0.708387 -0.365025
417.400000000 15.764162 58.660186 -12.099777 0.577223 0.187215 0.706503 -0.364167
417.500000000 15.840724 58.692188 -12.062341 0.577173 0.187140 0.706624 -0.364051
417.600000000 15.903821 58.692873 -12.058632 0.579788 0.187799 0.704994 -0.362714
417.700000000 15.942844 58.640739 -12.061570 0.582352 0.187766 0.703724 -0.361085
417.800000000 15.956722 58.527812 -12.066459 0.583204 0.187901 0.703203 -0.360654
417.900000000 15.989295 58.478749 -12.068860 0.584333 0.188386 0.702452 -0.360037
418.000000000 16.075094 58.508079 -12.002015 0.583895 0.187873 0.702914 -0.360113
418.100000000 16.300660 58.919365 -11.882585 0.585551 0.189045 0.701572 -0.359429
418.200000000 16.407854 59.026885 -11.829698 0.587273 0.189380 0.700481 -0.358569
418.300000000 16.435631 58.955192 -11.811232 0.588118 0.189488 0.699902 -0.358258
418.400000000 16.507444 58.982818 -11.756778 0.587946 0.189187 0.700229 -0.358060
418.500000000 16.605408 59.057159 -11.690813 0.587430 0.189395 0.700443 -0.358380
418.600000000 16.650091 59.078886 -11.676353 0.590893 0.191501 0.697315 -0.357666
418.700000000 16.729129 59.099157 -11.630847 0.591406 0.191502 0.697176 -0.357087
418.800000000 16.858977 59.278660 -11.538957 0.591925 0.191817 0.696662 -0.357063
418.900000000 16.948558 59.349489 -11.486433 0.592934 0.192089 0.695993 -0.356547
419.000000000 17.002533 59.356352 -11.468497 0.595816 0.193678 0.693731 -0.355288
419.100000000 17.101241 59.449175 -11.399935 0.596265 0.194183 0.693200 -0.355296
419.200000000 17.221095 59.551764 -11.306765 0.594769 0.193524 0.694521 -0.355582
419.300000000 17.315931 59.652137 -11.245591 0.596127 0.194140 0.693446 -0.355071
419.400000000 17.401345 59.682563 -11.183742 0.595731 0.194442 0.693733 -0.355009
419.500000000 17.455088 59.749011 -11.172794 0.601520 0.196901 0.689078 -0.352951
419.600000000 17.507900 59.747569 -11.134623 0.602992 0.197964 0.687770 -0.352397
419.700000000 17.575458 59.782052 -11.077085 0.603425 0.198015 0.687473 -0.352205
419.800000000 17.698229 59.952962 -10.996723 0.604363 0.198863 0.686520 -0.351979
419.900000000 17.794841 60.093558 -10.938812 0.606901 0.200457 0.684018 -0.351579
420.000000000 17.811739 59.950327 -10.934527 0.608372 0.201092 0.683344 -0.349980
420.100000000 17.990709 60.269045 -10.807276 0.608373 0.201197 0.682975 -0.350638
420.200000000 18.040564 60.228757 -10.758899 0.607808 0.201863 0.683251 -0.350698
420.300000000 18.134245 60.331368 -10.727933 0.611922 0.203624 0.680141 -0.348564
420.400000000 18.252095 60.479234 -10.645164 0.612152 0.203778 0.679920 -0.348501
420.500000000 18.308420 60.462061 -10.586173 0.611176 0.203964 0.680464 -0.349044
420.600000000 18.399087 60.560728 -10.528311 0.613381 0.204692 0.678867 -0.347857
420.700000000 18.473562 60.603799 -10.479147 0.615432 0.205437 0.677365 -0.346720
420.800000000 18.453734 60.388026 -10.474110 0.615345 0.206272 0.677389 -0.346333
420.900000000 18.684785 60.806010 -10.325278 0.615113 0.205347 0.677696 -0.346696
421.000000000 18.740599 60.804564 -10.289172 0.616661 0.207071 0.676234 -0.345771
421.100000000 18.898732 61.035900 -10.171759 0.614931 0.205958 0.677820 -0.346412
421.200000000 18.981628 61.093240 -10.118262 0.615528 0.206473 0.677334 -0.345995
421.300000000 18.969213 60.894106 -10.101899 0.614486 0.206693 0.678239 -0.345945
421.400000000 19.145781 61.203321 -10.002658 0.616357 0.206978 0.676776 -0.345309
421.500000000 19.253803 61.323819 -9.924624 0.616119 0.207024 0.677079 -0.345112
421.600000000 19.357329 61.413557 -9.852706 0.615426 0.206967 0.677572 -0.345414
421.700000000 19.426904 61.462833 -9.812609 0.617124 0.208529 0.675882 -0.344757
421.800000000 19.509017 61.510769 -9.755352 0.616626 0.208712 0.676238 -0.344839
421.900000000 19.662282 61.716139 -9.654968 0.614396 0.207866 0.678238 -0.345401
422.000000000 19.764827 61.830083 -9.583686 0.613675 0.207919 0.678653 -0.345837
422.100000000 19.839376 61.856158 -9.539444 0.614177 0.207954 0.678707 -0.344816
422.200000000 19.886220 61.815491 -9.510066 0.614728 0.208102 0.678593 -0.343969
422.300000000 19.973245 61.846897 -9.443764 0.612084 0.206956 0.680984 -0.344648
422.400000000 20.124602 62.093131 -9.359132 0.612606 0.207723 0.680287 -0.344636
422.500000000 20.237590 62.248730 -9.292894 0.612746 0.208627 0.679866 -0.344674
422.600000000 20.261481 62.154650 -9.278643 0.612712 0.209344 0.679616 -0.344792
422.700000000 20.377822 62.275305 -9.210207 0.611480 0.208371 0.681035 -0.344768
422.800000000 20.503509 62.414537 -9.139176 0.609152 0.207886 0.683091 -0.345113
422.900000000 20.580612 62.472472 -9.090039 0.608704 0.208240 0.683134 -0.345606
423.000000000 20.634669 62.461760 -9.065282 0.609566 0.208541 0.682616 -0.344926
423.100000000 20.688954 62.431379 -9.029415 0.607482 0.207931 0.684363 -0.345510
423.200000000 20.855224 62.676556 -8.943312 0.606516 0.206824 0.685861 -0.344902
423.300000000 20.907905 62.671235 -8.919998 0.605926 0.207810 0.685810 -0.345446
423.400000000 20.981531 62.697004 -8.881428 0.604594 0.207613 0.686875 -0.345782
423.500000000 21.105317 62.845846 -8.814409 0.602379 0.207078 0.688682 -0.346375
423.600000000 21.119176 62.719160 -8.815386 0.601419 0.206745 0.689630 -0.346356
423.700000000 21.185982 62.713894 -8.780985 0.599321 0.205343 0.691709 -0.346680
423.800000000 21.323792 62.951510 -8.713901 0.599175 0.206803 0.690870 -0.347737
423.900000000 21.359863 62.900665 -8.712611 0.599903 0.206754 0.690611 -0.347024
424.000000000 21.449717 62.969419 -8.676094 0.598519 0.206905 0.691537 -0.347480
424.100000000 21.537409 63.041926 -8.643766 0.598298 0.206242 0.692242 -0.346850
424.200000000 21.642084 63.172032 -8.593305 0.596265 0.206389 0.693430 -0.347889
424.300000000 21.724151 63.213903 -8.562711 0.594783 0.205684 0.694732 -0.348244
424.400000000 21.797978 63.274519 -8.533664 0.594191 0.205809 0.695035 -0.348577
424.500000000 21.902663 63.361279 -8.500910 0.593824 0.205182 0.695761 -0.348123
424.600000000 21.988297 63.438095 -8.472423 0.593226 0.205036 0.696263 -0.348226
424.700000000 22.138342 63.639031 -8.417701 0.592357 0.204963 0.696891 -0.348491
424.800000000 22.171628 63.670649 -8.410799 0.592171 0.206019 0.696535 -0.348897
424.900000000 22.263136 63.763397 -8.384902 0.591687 0.205913 0.697059 -0.348734
425.000000000 22.311254 63.772723 -8.379157 0.590940 0.205932 0.697466 -0.349176
425.100000000 22.552655 64.114143 -8.305550 0.591385 0.205063 0.698080 -0.347704
425.200000000 22.738327 64.368596 -8.259411 0.591537 0.205210 0.698285 -0.346945
425.300000000 22.665590 64.153453 -8.302667 0.590704 0.205418 0.698439 -0.347930
425.400000000 22.830262 64.393881 -8.262201 0.590787 0.206223 0.698205 -0.347783
425.500000000 22.863017 64.353613 -8.264709 0.589169 0.205537 0.699491 -0.348348
425.600000000 22.998589 64.567493 -8.236050 0.589501 0.207133 0.698606 -0.348617
425.700000000 23.155965 64.813874 -8.207777 0.590722 0.208367 0.697539 -0.347952
425.800000000 23.229354 64.804905 -8.209077 0.589909 0.206924 0.698821 -0.347619
425.900000000 23.355649 64.993488 -8.190196 0.590415 0.207557 0.698512 -0.347003
426.000000000 23.416215 65.085152 -8.185930 0.589849 0.208975 0.697898 -0.348347
426.100000000 23.472228 65.016048 -8.214855 0.591057 0.206867 0.698783 -0.345773
426.200000000 23.542128 64.979879 -8.216406 0.589340 0.204434 0.701093 -0.345477
426.300000000 23.677656 65.285536 -8.206500 0.591660 0.209016 0.697426 -0.346189
426.400000000 23.747797 65.251385 -8.216977 0.591360 0.207087 0.698882 -0.344924
426.500000000 23.885689 65.504833 -8.171442 0.588373 0.207847 0.699986 -0.347328
426.600000000 23.966066 65.575419 -8.181058 0.588980 0.208478 0.699477 -0.346947
426.700000000 24.018379 65.696778 -8.159346 0.585868 0.209535 0.700423 -0.349659
426.800000000 24.073978 65.720877 -8.187900 0.587864 0.209786 0.699483 -0.348036
426.900000000 24.226410 65.804813 -8.204342 0.589662 0.208610 0.699305 -0.346055
427.000000000 24.326170 65.909125 -8.192147 0.588035 0.207733 0.700705 -0.346517
427.100000000 24.438986 66.072367 -8.219132 0.590899 0.209706 0.698328 -0.345255
427.200000000 24.550189 66.187684 -8.240495 0.593473 0.210297 0.696751 -0.343661
427.300000000 24.660429 66.274024 -8.229130 0.592267 0.208221 0.698636 -0.343178
427.400000000 24.750846 66.335598 -8.216286 0.589304 0.207410 0.700508 -0.344950
427.500000000 24.885158 66.505245 -8.227395 0.591468 0.207773 0.699264 -0.343549
427.600000000 24.978135 66.629869 -8.239689 0.592039 0.208984 0.698215 -0.343963
427.700000000 24.971176 66.709943 -8.268187 0.591977 0.212869 0.696053 -0.346064
427.800000000 25.005189 66.732025 -8.287387 0.591533 0.213703 0.695645 -0.347128
427.900000000 25.073912 66.909633 -8.287145 0.590295 0.216207 0.694880 -0.349212
428.000000000 25.103820 66.976155 -8.295746 0.588388 0.218099 0.694652 -0.351697
428.100000000 25.267874 67.130432 -8.312310 0.590979 0.216895 0.694150 -0.349078
428.200000000 25.382728 67.245887 -8.361529 0.595950 0.217914 0.691074 -0.346082
428.300000000 25.457381 67.374366 -8.415063 0.599546 0.220934 0.687444 -0.345185
428.400000000 25.541535 67.504833 -8.427010 0.599698 0.221653 0.686953 -0.345439
428.500000000 25.685201 67.614598 -8.452443 0.601994 0.220590 0.686370 -0.343277
428.600000000 25.767843 67.698452 -8.468917 0.601246 0.220412 0.686919 -0.343606
428.700000000 25.878194 67.879349 -8.482027 0.602323 0.220833 0.686176 -0.342933
428.800000000 25.863455 68.060392 -8.521754 0.603283 0.227471 0.681550 -0.346116
428.900000000 25.966125 68.085920 -8.533444 0.601521 0.225717 0.683309 -0.346862
429.000000000 26.007393 68.190712 -8.583075 0.603493 0.228148 0.681031 -0.346326
429.100000000 26.035623 68.372570 -8.610724 0.604109 0.230614 0.679149 -0.347312
429.200000000 26.215082 68.474842 -8.628263 0.604912 0.226780 0.681038 -0.344731
429.300000000 26.290825 68.563835 -8.671699 0.606514 0.228523 0.679258 -0.344277
429.400000000 26.426545 68.664848 -8.710499 0.608312 0.227890 0.678722 -0.342577
429.500000000 26.530435 68.755867 -8.757700 0.609879 0.228619 0.677519 -0.341685
429.600000000 26.633968 68.859524 -8.800784 0.611262 0.228539 0.676848 -0.340595
429.700000000 26.677328 69.020956 -8.808441 0.608181 0.230456 0.677358 -0.343792
429.800000000 26.710559 69.134337 -8.857486 0.606741 0.234798 0.675362 -0.347305
429.900000000 26.831805 69.223494 -8.912587 0.609343 0.234210 0.674466 -0.344882
430.000000000 26.948321 69.341492 -8.955320 0.610661 0.233747 0.674314 -0.343155
430.100000000 27.027056 69.443315 -9.017675 0.612376 0.234293 0.673118 -0.342072
430.200000000 27.196389 69.528748 -9.040587 0.610597 0.231767 0.675783 -0.341721
430.300000000 27.269231 69.657350 -9.128078 0.613585 0.235840 0.671832 -0.341372
430.400000000 27.281424 69.828865 -9.149369 0.610741 0.237328 0.672479 -0.344154
430.500000000 27.372835 69.947043 -9.198182 0.610097 0.238774 0.672148 -0.344944
430.600000000 27.479526 70.061479 -9.268252 0.612555 0.238131 0.671462 -0.342358
430.700000000 27.631116 70.137494 -9.313498 0.611728 0.236375 0.673306 -0.341431
430.800000000 27.697610 70.267652 -9.382657 0.612280 0.238279 0.671815 -0.342053
430.900000000 27.811413 70.412304 -9.431600 0.611565 0.239442 0.671647 -0.342850
431.000000000 27.871902 70.512344 -9.521191 0.613799 0.241566 0.669597 -0.341376
431.100000000 27.967227 70.641174 -9.580737 0.613869 0.241325 0.669701 -0.341214
431.200000000 28.041578 70.780373 -9.649648 0.614322 0.242959 0.668576 -0.341445
431.300000000 28.132710 70.909543 -9.714701 0.613876 0.243124 0.669087 -0.341131
431.400000000 28.198719 71.014180 -9.804521 0.616066 0.244981 0.666861 -0.340211
431.500000000 28.290080 71.033412 -9.871226 0.614391 0.244161 0.668657 -0.340302
431.600000000 28.365580 71.113150 -9.933552 0.613331 0.243089 0.670070 -0.340205
431.700000000 28.427712 71.153376 -10.004013 0.610609 0.245254 0.670864 -0.341978
431.800000000 28.566520 71.337055 -10.049541 0.608816 0.244226 0.672999 -0.341715
431.900000000 28.626999 71.369213 -10.128386 0.608324 0.244744 0.672976 -0.342266
432.000000000 28.694781 71.382814 -10.203586 0.608018 0.244147 0.673318 -0.342563
432.100000000 28.763993 71.473383 -10.261011 0.606104 0.244006 0.674490 -0.343746
432.200000000 28.906915 71.720436 -10.324093 0.606350 0.244882 0.674481 -0.342707
432.300000000 29.024749 71.836162 -10.388812 0.605103 0.244304 0.675937 -0.342456
432.400000000 29.096026 71.900669 -10.476191 0.606615 0.244346 0.675085 -0.341428
432.500000000 29.141492 71.917193 -10.563985 0.607142 0.244993 0.674260 -0.341659
432.600000000 29.272945 72.140522 -10.618209 0.606508 0.246271 0.674110 -0.342162
432.700000000 29.381041 72.275562 -10.673102 0.604900 0.246159 0.675579 -0.342190
432.800000000 29.405990 72.260452 -10.775941 0.607127 0.246831 0.673553 -0.341757
432.900000000 29.462871 72.293364 -10.856547 0.607761 0.247320 0.672695 -0.341967
433.000000000 29.544503 72.339860 -10.925515 0.606953 0.247004 0.673633 -0.341783
433.100000000 29.731364 72.651245 -10.949914 0.605292 0.247197 0.674845 -0.342199
433.200000000 29.811697 72.728281 -11.006572 0.604082 0.246500 0.675895 -0.342765
433.300000000 29.882069 72.781800 -11.073063 0.603634 0.246796 0.676352 -0.342440
433.400000000 29.939019 72.843702 -11.163748 0.605540 0.247846 0.674475 -0.342020
433.500000000 30.071202 73.048281 -11.208638 0.604403 0.248484 0.675026 -0.342480
433.600000000 30.159643 73.136645 -11.278967 0.604574 0.249260 0.674918 -0.341828
433.700000000 30.246864 73.194304 -11.322256 0.602934 0.248077 0.676338 -0.342776
433.800000000 30.346112 73.299392 -11.370326 0.602306 0.247746 0.677188 -0.342441
433.900000000 30.455652 73.452663 -11.416508 0.601266 0.249191 0.677163 -0.343268
434.000000000 30.558412 73.577869 -11.465033 0.600592 0.248900 0.678039 -0.342931
434.100000000 30.636685 73.638605 -11.491560 0.599455 0.247464 0.679686 -0.342698
434.200000000 30.732853 73.718725 -11.566028 0.600381 0.247593 0.679348 -0.341652
434.300000000 30.875071 73.950542 -11.574733 0.598292 0.247238 0.680875 -0.342534
434.400000000 30.938532 73.970746 -11.619204 0.597343 0.247297 0.681278 -0.343346
434.500000000 31.055633 74.131342 -11.638873 0.596097 0.246916 0.682438 -0.343479
434.600000000 31.177073 74.283921 -11.667446 0.595177 0.246524 0.683700 -0.342848
434.700000000 31.279064 74.413613 -11.701026 0.594843 0.247120 0.683787 -0.342826
434.800000000 31.377261 74.531557 -11.731053 0.594077 0.247515 0.684257 -0.342930
434.900000000 31.452841 74.558138 -11.765674 0.593376 0.247244 0.684829 -0.343197
435.000000000 31.536264 74.659776 -11.807769 0.593660 0.247977 0.684613 -0.342609
435.100000000 31.651493 74.831711 -11.814893 0.592551 0.247640 0.685653 -0.342692
435.200000000 31.758427 74.976828 -11.842869 0.592321 0.248599 0.685639 -0.342423
435.300000000 31.869845 75.106345 -11.845418 0.590651 0.247829 0.687222 -0.342692
435.400000000 31.964254 75.208609 -11.872796 0.590091 0.248113 0.687748 -0.342396
435.500000000 32.088765 75.386992 -11.875520 0.589539 0.247726 0.688729 -0.341655
435.600000000 32.168944 75.478781 -11.902918 0.589269 0.248139 0.688809 -0.341660
435.700000000 32.280514 75.642422 -11.900743 0.587918 0.249026 0.689078 -0.342798
435.800000000 32.347246 75.673311 -11.932168 0.588594 0.249621 0.688693 -0.341978
435.900000000 32.432908 75.729365 -11.942313 0.587865 0.249444 0.689179 -0.342382
436.000000000 32.528477 75.898374 -11.935607 0.587510 0.248858 0.689981 -0.341801
436.100000000 32.630109 76.016497 -11.948687 0.586815 0.249475 0.690167 -0.342170
436.200000000 32.735614 76.158851 -11.959389 0.586342 0.248966 0.691196 -0.341272
436.300000000 32.814420 76.231720 -11.960018 0.586815 0.249502 0.690661 -0.341151
436.400000000 32.887122 76.273026 -11.962064 0.586877 0.248956 0.691147 -0.340459
436.500000000 32.986101 76.437695 -11.961983 0.586660 0.250243 0.690524 -0.341152
436.600000000 33.095733 76.585706 -11.940861 0.585650 0.250980 0.690969 -0.341444
436.700000000 33.186213 76.718950 -11.936337 0.585661 0.251197 0.691091 -0.341019
436.800000000 33.252118 76.744039 -11.939992 0.586022 0.251624 0.690807 -0.340660
436.900000000 33.322733 76.834398 -11.934212 0.587023 0.251888 0.690177 -0.340018
437.000000000 33.433478 77.012787 -11.902350 0.586322 0.252898 0.690033 -0.340768
437.100000000 33.499729 77.061619 -11.897414 0.587081 0.252596 0.690022 -0.339707
437.200000000 33.607336 77.208245 -11.845053 0.585607 0.252100 0.691229 -0.340165
437.300000000 33.690534 77.307913 -11.820094 0.585157 0.252430 0.691517 -0.340109
437.400000000 33.775563 77.413483 -11.825051 0.585906 0.254296 0.690182 -0.340141
437.500000000 33.845673 77.534386 -11.769879 0.587125 0.254869 0.688951 -0.340107
437.600000000 33.945766 77.657982 -11.724830 0.587038 0.254823 0.689464 -0.339252
437.700000000 34.020597 77.773342 -11.681570 0.586728 0.255524 0.689045 -0.340109
437.800000000 34.098978 77.852997 -11.643822 0.587775 0.256147 0.688504 -0.338926
437.900000000 34.192087 77.969244 -11.584343 0.587443 0.256153 0.688882 -0.338731
438.000000000 34.292464 78.131817 -11.495942 0.585487 0.255960 0.690225 -0.339527
438.100000000 34.350722 78.217356 -11.465154 0.586888 0.257044 0.688846 -0.339089
438.200000000 34.469771 78.353984 -11.367594 0.585086 0.256527 0.690456 -0.339322
438.300000000 34.538939 78.438254 -11.333133 0.586013 0.258625 0.688819 -0.339454
438.400000000 34.585390 78.507265 -11.317802 0.589756 0.259387 0.686714 -0.336646
438.500000000 34.673319 78.628923 -11.239585 0.589109 0.259487 0.687177 -0.336756
438.600000000 34.744557 78.731236 -11.182635 0.589522 0.260904 0.686174 -0.336984
438.700000000 34.820257 78.830081 -11.103571 0.590201 0.262642 0.684958 -0.336920
438.800000000 34.889252 78.936056 -11.034771 0.590573 0.263361 0.684450 -0.336740
438.900000000 35.020143 79.101862 -10.894971 0.587725 0.260660 0.688246 -0.336084
439.000000000 35.051662 79.162878 -10.870141 0.591556 0.263801 0.684012 -0.335558
439.100000000 35.114069 79.249572 -10.808633 0.593587 0.265317 0.682290 -0.334278
439.200000000 35.189388 79.355149 -10.715720 0.592697 0.267419 0.681509 -0.335772
439.300000000 35.277816 79.463959 -10.619995 0.592908 0.268218 0.682712 -0.332299
439.400000000 35.293733 79.517600 -10.610395 0.597331 0.275494 0.678761 -0.326471
439.500000000 35.362101 79.611822 -10.533506 0.599738 0.280909 0.677109 -0.320824
439.600000000 35.474907 79.754975 -10.395051 0.596530 0.281868 0.679986 -0.319876
439.700000000 35.527346 79.819517 -10.322592 0.598583 0.284202 0.677729 -0.318765
439.800000000 35.582200 79.876961 -10.275002 0.604517 0.286631 0.673127 -0.315123
439.900000000 35.617189 79.908653 -10.228758 0.609385 0.289323 0.668198 -0.313774
440.000000000 35.798565 80.077441 -9.991612 0.598666 0.286452 0.676886 -0.318385
440.100000000 35.917379 80.208450 -9.859652 0.597531 0.284346 0.679130 -0.317627
440.200000000 35.894679 80.132726 -9.901483 0.610165 0.291274 0.666930 -0.313150
440.300000000 35.936536 80.145503 -9.830903 0.614090 0.293115 0.662724 -0.312688
440.400000000 36.018496 80.207145 -9.722393 0.614127 0.291939 0.663409 -0.312263
440.500000000 36.087383 80.241115 -9.649164 0.617170 0.293714 0.660260 -0.311271
440.600000000 36.206828 80.322847 -9.509649 0.615506 0.293717 0.661342 -0.312264
440.700000000 36.301221 80.352383 -9.383135 0.613907 0.293080 0.662547 -0.313454
440.800000000 36.366094 80.296190 -9.286110 0.615947 0.293843 0.660551 -0.312950
440.900000000 36.460193 80.375365 -9.192946 0.618423 0.295013 0.658069 -0.312195
441.000000000 36.542466 80.340928 -9.073752 0.617260 0.294204 0.659213 -0.312846
441.100000000 36.627145 80.404190 -8.982841 0.619987 0.295002 0.656738 -0.311905
441.200000000 36.759723 80.492995 -8.832959 0.617361 0.293514 0.659671 -0.312330
441.300000000 36.848972 80.488409 -8.711961 0.616643 0.293200 0.659994 -0.313356
441.400000000 37.022668 80.786375 -8.546595 0.613901 0.291114 0.662664 -0.315047
441.500000000 37.101762 80.759526 -8.439015 0.614928 0.291173 0.661904 -0.314587
441.600000000 37.183985 80.734032 -8.326177 0.616096 0.291154 0.660846 -0.314543
441.700000000 37.275582 80.678856 -8.196610 0.613983 0.290378 0.662705 -0.315481
441.800000000 37.367301 80.692263 -8.090060 0.615071 0.290282 0.661713 -0.315531
441.900000000 37.495507 80.779624 -7.939177 0.613451 0.288647 0.663163 -0.317135
442.000000000 37.615741 80.743971 -7.796112 0.610719 0.286336 0.666518 -0.317472
442.100000000 37.796019 80.903884 -7.664157 0.611801 0.285602 0.665617 -0.317937
442.200000000 37.879634 80.892819 -7.533567 0.610680 0.285398 0.666159 -0.319140
442.300000000 37.970131 80.854047 -7.421001 0.610059 0.284702 0.667019 -0.319155
442.400000000 38.165232 80.947344 -7.278571 0.609592 0.283069 0.668328 -0.318760
442.500000000 38.333499 81.076156 -7.130805 0.608715 0.282024 0.669506 -0.318888
442.600000000 38.583586 81.254388 -7.017157 0.608351 0.280125 0.670569 -0.319025
442.700000000 38.664236 81.235792 -6.877698 0.605324 0.278398 0.673536 -0.320042
442.800000000 38.527014 80.905685 -6.872551 0.608064 0.281075 0.670259 -0.319387
442.900000000 38.690349 80.962384 -6.723517 0.605181 0.279487 0.673333 -0.319791
443.000000000 38.764180 80.933964 -6.656329 0.605514 0.279506 0.673082 -0.319673
443.100000000 38.890320 80.988337 -6.554643 0.604503 0.278185 0.674471 -0.319808
443.200000000 39.006153 80.978743 -6.430835 0.603099 0.277013 0.675876 -0.320509
443.300000000 39.144230 81.065988 -6.345812 0.603486 0.277317 0.675514 -0.320282
443.400000000 39.123933 80.864658 -6.278055 0.601125 0.276697 0.677249 -0.321592
443.500000000 39.127165 80.809250 -6.264776 0.603596 0.279162 0.674409 -0.320800
443.600000000 39.281872 80.852282 -6.205964 0.605549 0.278373 0.673439 -0.319842
443.700000000 39.311677 80.789176 -6.128006 0.602829 0.277844 0.675531 -0.321025
443.800000000 39.320564 80.717113 -6.128980 0.605170 0.279784 0.672899 -0.320466
443.900000000 39.393607 80.685020 -6.071400 0.604851 0.279202 0.673317 -0.320696
444.000000000 39.407099 80.598261 -6.051816 0.606332 0.280140 0.671646 -0.320585
444.100000000 39.471013 80.559048 -5.999892 0.605786 0.279513 0.672341 -0.320709
444.200000000 39.477290 80.479276 -5.910248 0.602268 0.278085 0.675228 -0.322504
444.300000000 39.500162 80.401982 -5.865541 0.600748 0.278364 0.676246 -0.322966
444.400000000 39.507931 80.300566 -5.808212 0.598440 0.277658 0.678171 -0.323820
444.500000000 39.660395 80.326607 -5.771518 0.600854 0.277140 0.676649 -0.322979
444.600000000 39.682189 80.228476 -5.741046 0.600559 0.277465 0.676588 -0.323375
444.700000000 39.889097 80.199932 -5.717966 0.602662 0.276099 0.675905 -0.322056
444.800000000 40.198721 80.395739 -5.613671 0.600383 0.272520 0.679385 -0.322040
444.900000000 40.225441 80.307508 -5.640888 0.604279 0.274098 0.675566 -0.321445
445.000000000 40.272017 80.340673 -5.604458 0.602984 0.273966 0.676091 -0.322882
445.100000000 40.261532 80.225835 -5.632234 0.604670 0.275007 0.674122 -0.322963
445.200000000 40.313108 80.210650 -5.607531 0.603427 0.275497 0.674668 -0.323729
445.300000000 40.497478 80.281190 -5.582747 0.604014 0.273689 0.674852 -0.323785
445.400000000 40.466577 80.158505 -5.622913 0.605648 0.275237 0.672673 -0.323954
445.500000000 40.353552 79.957715 -5.647983 0.603233 0.275495 0.673689 -0.326123
445.600000000 40.257906 79.745073 -5.669058 0.601530 0.275622 0.674710 -0.327048
445.700000000 40.509465 79.862473 -5.642509 0.601522 0.272804 0.676171 -0.326407
445.800000000 40.575873 79.826714 -5.633963 0.600663 0.271684 0.677351 -0.326478
445.900000000 40.667373 79.786311 -5.656826 0.600544 0.271010 0.677688 -0.326557
446.000000000 40.279399 79.278956 -5.717240 0.597008 0.273884 0.677963 -0.330054
446.100000000 40.332334 79.250045 -5.680347 0.591642 0.271440 0.682485 -0.332407
446.200000000 40.366281 79.156682 -5.649714 0.589389 0.269145 0.684573 -0.333979
446.300000000 40.404711 79.050232 -5.671229 0.586528 0.268905 0.687108 -0.334003
446.400000000 40.436704 79.006465 -5.731032 0.587848 0.269018 0.686020 -0.333828
446.500000000 40.490774 78.963248 -5.706296 0.580820 0.265467 0.692205 -0.336197
446.600000000 40.513452 78.900871 -5.796941 0.585753 0.266982 0.687955 -0.335160
446.700000000 40.536115 78.806948 -5.845135 0.586107 0.267437 0.687411 -0.335295
446.800000000 40.557847 78.734012 -5.958555 0.590070 0.268866 0.683890 -0.334400
446.900000000 40.593385 78.685023 -5.971833 0.586374 0.266754 0.687148 -0.335911
447.000000000 40.612401 78.629499 -6.114092 0.590071 0.269393 0.683971 -0.333808
447.100000000 40.643579 78.572840 -6.113063 0.585258 0.267517 0.687805 -0.335904
447.200000000 40.646086 78.466064 -6.187672 0.588576 0.268830 0.684739 -0.335322
447.300000000 40.663314 78.405729 -6.213836 0.585350 0.266623 0.687812 -0.336441
447.400000000 40.684554 78.392663 -6.305868 0.588640 0.267834 0.684616 -0.336258
447.500000000 40.685408 78.339099 -6.439024 0.594531 0.269356 0.680021 -0.333993
447.600000000 40.721821 78.344442 -6.464003 0.590796 0.268196 0.683245 -0.334974
447.700000000 40.679400 78.131867 -6.578962 0.596114 0.269467 0.678623 -0.333927
447.800000000 40.687215 78.014611 -6.679254 0.595729 0.270645 0.678988 -0.332916
447.900000000 40.717909 78.032538 -6.701853 0.593672 0.268691 0.680898 -0.334271
448.000000000 40.719502 77.975327 -6.773781 0.593453 0.268989 0.680754 -0.334713
448.100000000 40.682620 77.824314 -6.941166 0.600286 0.271857 0.675184 -0.331476
448.200000000 40.663922 77.728892 -7.045738 0.604881 0.272442 0.671215 -0.330704
448.300000000 40.631178 77.629985 -7.089650 0.600856 0.271069 0.674773 -0.331925
448.400000000 40.551126 77.354609 -7.227925 0.606005 0.273198 0.669712 -0.331070
448.500000000 40.579124 77.408970 -7.276827 0.603369 0.273328 0.671626 -0.331898
448.600000000 40.548653 77.325155 -7.396372 0.606033 0.274553 0.669196 -0.330940
448.700000000 40.528282 77.287159 -7.501205 0.608946 0.275043 0.666995 -0.329626
448.800000000 40.485286 77.257597 -7.647056 0.616656 0.278347 0.659535 -0.327522
448.900000000 40.446429 77.074105 -7.707895 0.614070 0.277470 0.662090 -0.327972
449.000000000 40.343264 76.802726 -7.836588 0.620282 0.279313 0.656498 -0.325951
449.100000000 40.360601 76.873243 -7.885012 0.617306 0.278379 0.659382 -0.326579
449.200000000 40.318152 76.787241 -7.968996 0.619867 0.279122 0.656996 -0.325902
449.300000000 40.301522 76.760115 -8.020020 0.617391 0.277838 0.659484 -0.326673
449.400000000 40.266168 76.709598 -8.109301 0.618994 0.278534 0.657902 -0.326238
449.500000000 40.223222 76.641629 -8.191676 0.620980 0.278709 0.656297 -0.325545
449.600000000 40.192409 76.606076 -8.259906 0.620707 0.278288 0.656290 -0.326439
449.700000000 40.194726 76.682708 -8.305925 0.619508 0.277942 0.657282 -0.327015
449.800000000 40.154279 76.630529 -8.380222 0.619276 0.277578 0.657444 -0.327438
449.900000000 40.115177 76.629672 -8.480059 0.622644 0.279866 0.653978 -0.326039
450.000000000 40.098962 76.632809 -8.516464 0.619406 0.277448 0.657343 -0.327506
450.100000000 40.044683 76.560096 -8.593965 0.621135 0.277933 0.655949 -0.326612
450.200000000 40.005527 76.555147 -8.670262 0.621467 0.277950 0.655654 -0.326559
450.300000000 39.966099 76.525503 -8.736112 0.621335 0.277993 0.655735 -0.326610
450.400000000 39.935797 76.501291 -8.769051 0.618552 0.276128 0.658545 -0.327819
450.500000000 39.883009 76.458567 -8.837078 0.617939 0.275901 0.659011 -0.328230
450.600000000 39.824514 76.400450 -8.915412 0.618699 0.276289 0.658273 -0.327951
450.700000000 39.772560 76.353242 -8.993108 0.618820 0.275939 0.658532 -0.327498
450.800000000 39.736104 76.329868 -9.033545 0.616029 0.274725 0.660730 -0.329350
450.900000000 39.640541 76.227132 -9.139992 0.619119 0.275757 0.658012 -0.328130
451.000000000 39.582647 76.177918 -9.210361 0.618841 0.275679 0.658278 -0.328189
451.100000000 39.514760 76.111584 -9.290499 0.619882 0.274688 0.658458 -0.326690
451.200000000 39.582516 76.198646 -9.119245 0.601616 0.266839 0.674048 -0.335431
451.300000000 39.542770 76.170528 -9.151813 0.599085 0.265033 0.676742 -0.335967
451.400000000 39.430247 76.058595 -9.301431 0.603718 0.267960 0.671771 -0.335329
451.500000000 39.268897 75.901959 -9.536121 0.614908 0.273204 0.661819 -0.330520
451.600000000 39.213462 75.865655 -9.572017 0.612732 0.271384 0.664193 -0.331297
451.700000000 39.109098 75.771391 -9.696759 0.616632 0.272286 0.661194 -0.329314
451.800000000 39.010171 75.679003 -9.804230 0.619329 0.273643 0.658731 -0.328061
451.900000000 38.952047 75.643609 -9.859345 0.617602 0.272152 0.660576 -0.328846
452.000000000 38.904942 75.620767 -9.884858 0.613725 0.270380 0.663854 -0.330958
452.100000000 38.788146 75.511141 -10.024499 0.617505 0.273005 0.659662 -0.330156
452.200000000 38.717076 75.461006 -10.091230 0.616515 0.272173 0.660646 -0.330724
452.300000000 38.654374 75.423410 -10.132245 0.613997 0.269839 0.663605 -0.331395
452.400000000 38.546921 75.341810 -10.251533 0.616642 0.271261 0.660945 -0.330639
452.500000000 38.480298 75.300994 -10.298442 0.614682 0.269729 0.662992 -0.331443
452.600000000 38.378855 75.224738 -10.414338 0.616687 0.272069 0.660198 -0.331383
452.700000000 38.303490 75.202716 -10.473853 0.615525 0.271232 0.661411 -0.331810
452.800000000 38.256490 75.174900 -10.490834 0.611808 0.268102 0.665593 -0.332865
452.900000000 38.149173 75.130625 -10.612745 0.614690 0.271556 0.661834 -0.332248
453.000000000 38.064771 75.058804 -10.680141 0.614804 0.268641 0.663711 -0.330660
453.100000000 38.006186 75.059344 -10.733324 0.613307 0.267445 0.665403 -0.331008
453.200000000 37.926913 74.998598 -10.778353 0.612037 0.266429 0.666932 -0.331101
453.300000000 37.830900 74.942199 -10.871088 0.613393 0.267180 0.665739 -0.330388
453.400000000 37.727638 74.828433 -10.943638 0.613579 0.266499 0.666060 -0.329945
453.500000000 37.691834 74.963465 -10.974683 0.611783 0.265265 0.668127 -0.330095
453.600000000 37.616470 74.930407 -11.024980 0.610159 0.266062 0.668450 -0.331801
453.700000000 37.578942 74.903344 -11.004491 0.604044 0.263070 0.673718 -0.334708
453.800000000 37.482158 74.939718 -11.119734 0.608068 0.264633 0.670665 -0.332312
453.900000000 37.397482 74.862002 -11.150986 0.606325 0.263135 0.672584 -0.332807
454.000000000 37.282395 74.732711 -11.224690 0.606618 0.262587 0.672835 -0.332199
454.100000000 37.204593 74.712935 -11.270209 0.605851 0.262835 0.673075 -0.332915
454.200000000 37.143106 74.736220 -11.305863 0.604719 0.261897 0.674446 -0.332939
454.300000000 37.041695 74.651290 -11.362591 0.604303 0.261938 0.674527 -0.333495
454.400000000 36.956125 74.603412 -11.402792 0.603623 0.261603 0.675127 -0.333775
454.500000000 36.865167 74.551563 -11.457493 0.603781 0.261435 0.675131 -0.333615
454.600000000 36.785823 74.542080 -11.503719 0.603237 0.261047 0.675783 -0.333581
454.700000000 36.665008 74.364868 -11.552875 0.602671 0.260291 0.676388 -0.333969
454.800000000 36.579352 74.349158 -11.597346 0.602355 0.260202 0.676620 -0.334139
454.900000000 36.494160 74.279769 -11.650553 0.601578 0.260054 0.677388 -0.334097
455.000000000 36.430846 74.306424 -11.657058 0.600719 0.259565 0.678128 -0.334523
455.100000000 36.320910 74.187174 -11.705134 0.600196 0.258980 0.678561 -0.335037
455.200000000 36.220176 74.083669 -11.749927 0.600024 0.259334 0.678354 -0.335490
455.300000000 36.136465 74.037050 -11.769055 0.598659 0.258303 0.679695 -0.336009
455.400000000 36.049814 73.986883 -11.803841 0.598361 0.258007 0.679968 -0.336215
455.500000000 35.950845 73.906409 -11.838215 0.597996 0.257271 0.680554 -0.336243
455.600000000 35.857307 73.854256 -11.868746 0.597974 0.256820 0.680804 -0.336120
455.700000000 35.763668 73.800744 -11.901939 0.598029 0.256361 0.681059 -0.335856
455.800000000 35.681688 73.761238 -11.930598 0.597700 0.256251 0.681505 -0.335621
455.900000000 35.584233 73.688659 -11.968673 0.597551 0.256454 0.681420 -0.335903
456.000000000 35.474475 73.587421 -11.996141 0.597776 0.255695 0.681626 -0.335664
456.100000000 35.382400 73.480520 -12.011108 0.596442 0.255534 0.682380 -0.336626
456.200000000 35.281656 73.413407 -12.038061 0.596769 0.255793 0.681955 -0.336711
456.300000000 35.200046 73.365197 -12.051388 0.596557 0.255379 0.682447 -0.336403
456.400000000 35.094530 73.288931 -12.080458 0.597253 0.255344 0.681928 -0.336247
456.500000000 34.997392 73.219254 -12.108619 0.597682 0.254604 0.682082 -0.335733
456.600000000 34.895502 73.134470 -12.126596 0.597738 0.254040 0.682227 -0.335768
456.700000000 34.816988 73.086920 -12.133635 0.596828 0.254100 0.682567 -0.336647
456.800000000 34.725906 73.045548 -12.152959 0.597190 0.254361 0.682073 -0.336811
456.900000000 34.630753 72.949911 -12.167253 0.596888 0.254368 0.682146 -0.337192
457.000000000 34.512730 72.819113 -12.191571 0.597331 0.253769 0.682037 -0.337080
457.100000000 34.420906 72.768969 -12.204478 0.597691 0.253343 0.681890 -0.337059
457.200000000 34.341307 72.719756 -12.211710 0.597623 0.253579 0.681713 -0.337361
457.300000000 34.237096 72.625084 -12.231219 0.598330 0.253883 0.681013 -0.337292
457.400000000 34.141948 72.557585 -12.239526 0.598493 0.253620 0.681007 -0.337213
457.500000000 34.040841 72.443238 -12.252492 0.598778 0.252898 0.681062 -0.337138
457.600000000 33.953387 72.387543 -12.263216 0.599353 0.253037 0.680419 -0.337310
457.700000000 33.872643 72.361583 -12.264688 0.599359 0.253105 0.680218 -0.337655
457.800000000 33.789979 72.306046 -12.271079 0.600078 0.253408 0.679458 -0.337680
457.900000000 33.693793 72.213855 -12.278445 0.600304 0.253628 0.678982 -0.338069
458.000000000 33.608625 72.122372 -12.279332 0.600104 0.253199 0.679156 -0.338399
458.100000000 33.521632 72.056071 -12.281191 0.600353 0.253264 0.678724 -0.338773
458.200000000 33.429537 71.975132 -12.285559 0.601351 0.252138 0.678719 -0.337853
458.300000000 33.334539 71.888646 -12.287027 0.601690 0.252064 0.678349 -0.338048
458.400000000 33.231018 71.767589 -12.297056 0.602069 0.252793 0.677358 -0.338813
458.500000000 33.147081 71.702369 -12.296854 0.602533 0.253208 0.676635 -0.339123
458.600000000 33.038936 71.581703 -12.303170 0.602992 0.253229 0.676055 -0.339449
458.700000000 32.947581 71.476088 -12.304219 0.603673 0.252359 0.675996 -0.339002
458.800000000 32.868163 71.384210 -12.299123 0.603722 0.252372 0.675715 -0.339467
458.900000000 32.783352 71.310821 -12.295147 0.604206 0.252607 0.675082 -0.339690
459.000000000 32.691539 71.207609 -12.293996 0.604505 0.252741 0.674577 -0.340061
459.100000000 32.650191 71.235750 -12.264804 0.604840 0.252440 0.674424 -0.339992
459.200000000 32.583391 71.205930 -12.251070 0.605447 0.252620 0.673829 -0.339959
459.300000000 32.507247 71.099617 -12.239812 0.605474 0.251960 0.673986 -0.340088
459.400000000 32.370731 70.855626 -12.267626 0.606984 0.251056 0.673372 -0.339281
459.500000000 32.307343 70.809397 -12.256011 0.607863 0.251039 0.672616 -0.339220
459.600000000 32.239843 70.768424 -12.238888 0.608669 0.250662 0.672173 -0.338931
459.700000000 32.162549 70.682210 -12.228954 0.609049 0.250608 0.671696 -0.339235
459.800000000 32.080782 70.594264 -12.228781 0.610522 0.250900 0.670400 -0.338934
459.900000000 32.001825 70.494576 -12.225339 0.611592 0.251289 0.669321 -0.338847
460.000000000 31.931982 70.412630 -12.213489 0.612184 0.251033 0.668880 -0.338840
460.100000000 31.865104 70.351627 -12.195992 0.612575 0.250690 0.668642 -0.338857
460.200000000 31.777942 70.231242 -12.192489 0.612959 0.251378 0.667699 -0.339512
460.300000000 31.719387 70.181836 -12.171881 0.613306 0.250991 0.667538 -0.339489
460.400000000 31.655479 70.114392 -12.155222 0.613572 0.251077 0.667114 -0.339778
460.500000000 31.563904 69.981152 -12.151113 0.613993 0.251322 0.666387 -0.340261
460.600000000 31.492635 69.870567 -12.140815 0.614233 0.251393 0.665998 -0.340539
460.700000000 31.395394 69.754634 -12.135311 0.614866 0.251162 0.665473 -0.340594
460.800000000 31.319421 69.649959 -12.125539 0.615543 0.251382 0.664751 -0.340618
460.900000000 31.241042 69.536232 -12.120640 0.616298 0.251858 0.663783 -0.340787
461.000000000 31.172705 69.461602 -12.102142 0.616592 0.251878 0.663443 -0.340904
461.100000000 31.102538 69.356410 -12.082891 0.616761 0.251550 0.663356 -0.341008
461.200000000 31.031494 69.244167 -12.068110 0.617098 0.251224 0.663119 -0.341099
461.300000000 30.974244 69.142738 -12.045426 0.617049 0.251237 0.663030 -0.341353
461.400000000 30.899835 69.029196 -12.024811 0.617195 0.250794 0.663053 -0.341371
461.500000000 30.851111 68.938102 -11.995702 0.617167 0.250498 0.663147 -0.341455
461.600000000 30.775373 68.839017 -11.971678 0.617097 0.250894 0.662728 -0.342105
461.700000000 30.711997 68.755865 -11.942248 0.617050 0.250475 0.662881 -0.342200
461.800000000 30.635690 68.637870 -11.923378 0.617267 0.251362 0.662002 -0.342858
461.900000000 30.540232 68.548095 -11.894266 0.617233 0.251172 0.661895 -0.343264
462.000000000 30.472234 68.446385 -11.865119 0.617185 0.251351 0.661638 -0.343716
462.100000000 30.441964 68.312431 -11.838655 0.617881 0.249601 0.662165 -0.342723
462.200000000 30.364984 68.204805 -11.815523 0.619043 0.249196 0.661660 -0.341896
462.300000000 30.297942 68.075554 -11.787233 0.619456 0.248732 0.661536 -0.341726
462.400000000 30.242388 67.954562 -11.751949 0.619352 0.248316 0.661704 -0.341891
462.500000000 30.181872 67.835740 -11.719106 0.619558 0.248271 0.661427 -0.342088
462.600000000 30.131420 67.745008 -11.675855 0.620003 0.246500 0.662140 -0.341181
462.700000000 30.035516 67.616733 -11.636030 0.619549 0.247603 0.661489 -0.342468
462.800000000 30.008958 67.528433 -11.603557 0.620573 0.247662 0.660853 -0.341798
462.900000000 29.946189 67.417251 -11.553082 0.621187 0.245921 0.661545 -0.340600
463.000000000 29.873098 67.285618 -11.505465 0.620811 0.245713 0.661638 -0.341254
463.100000000 29.870461 67.137848 -11.464360 0.621559 0.244515 0.661784 -0.340468
463.200000000 29.716058 67.041759 -11.409454 0.621203 0.245266 0.661345 -0.341429
463.300000000 29.692442 66.938311 -11.359551 0.621830 0.244346 0.661426 -0.340790
463.400000000 29.649174 66.822932 -11.298672 0.621691 0.243671 0.661764 -0.340872
463.500000000 29.538891 66.720134 -11.235788 0.620878 0.244510 0.661463 -0.342333
463.600000000 29.490180 66.554912 -11.190831 0.622223 0.242874 0.661573 -0.340841
463.700000000 29.505585 66.412491 -11.132648 0.622448 0.241736 0.662069 -0.340275
463.800000000 29.324748 66.322540 -11.059491 0.621889 0.242516 0.661722 -0.341413
463.900000000 29.309587 66.233123 -10.986521 0.621916 0.241011 0.662576 -0.340775
464.000000000 29.330580 66.153685 -10.923835 0.622961 0.239711 0.662770 -0.339402
464.100000000 29.175380 66.041778 -10.844294 0.621446 0.240258 0.663045 -0.341250
464.200000000 29.111142 65.920669 -10.779154 0.621544 0.241143 0.662248 -0.341995
464.300000000 29.018329 65.768591 -10.708644 0.620797 0.241614 0.662174 -0.343160
464.400000000 28.961838 65.688102 -10.633721 0.620861 0.240942 0.662524 -0.342842
464.500000000 28.878205 65.555254 -10.562500 0.621090 0.240330 0.662611 -0.342687
464.600000000 28.868503 65.461577 -10.481758 0.621222 0.238963 0.663430 -0.341819
464.700000000 28.812157 65.257307 -10.411047 0.620567 0.239019 0.663527 -0.342780
464.800000000 28.666605 65.192698 -10.336286 0.620611 0.240425 0.662450 -0.343798
464.900000000 28.668357 65.107770 -10.256214 0.620480 0.239610 0.663015 -0.343516
465.000000000 28.580643 64.938776 -10.190045 0.621223 0.238898 0.663006 -0.342685
465.100000000 28.498458 64.863104 -10.105308 0.621095 0.238201 0.663636 -0.342182
465.200000000 28.392134 64.731571 -10.034610 0.621060 0.239472 0.662586 -0.343392
465.300000000 28.305426 64.639340 -9.962881 0.621073 0.241036 0.661480 -0.344405
465.400000000 28.198573 64.541843 -9.881556 0.620060 0.242853 0.660669 -0.346502
465.500000000 28.207666 64.392457 -9.806450 0.621941 0.237107 0.663611 -0.341454
465.600000000 28.123812 64.305233 -9.748184 0.622770 0.238922 0.661854 -0.342087
465.700000000 28.029788 64.212017 -9.675327 0.622727 0.239996 0.661067 -0.342933
465.800000000 27.970939 64.120317 -9.581104 0.621356 0.240028 0.661758 -0.344062
465.900000000 27.900021 63.939128 -9.503073 0.621313 0.237368 0.663450 -0.342726
466.000000000 27.824795 63.889244 -9.413855 0.619734 0.238216 0.663641 -0.344620
466.100000000 27.761108 63.837936 -9.358529 0.620877 0.239013 0.662333 -0.344528
466.200000000 27.660112 63.647663 -9.290336 0.620240 0.238290 0.663030 -0.344836
466.300000000 27.607729 63.540238 -9.221236 0.620273 0.237266 0.663585 -0.344414
466.400000000 27.507190 63.475204 -9.175594 0.621987 0.239724 0.661037 -0.344521
466.500000000 27.440271 63.415597 -9.096414 0.620745 0.240291 0.661260 -0.345935
466.600000000 27.369255 63.357159 -9.043742 0.620942 0.241317 0.660358 -0.346590
466.700000000 27.295537 63.325284 -8.990273 0.622333 0.242745 0.658700 -0.346252
466.800000000 27.209555 63.114088 -8.920542 0.620850 0.241220 0.660383 -0.346773
466.900000000 27.166840 62.995973 -8.871533 0.623010 0.239231 0.660557 -0.343936
467.000000000 27.075327 62.930892 -8.852072 0.625103 0.242288 0.657385 -0.344076
467.100000000 27.119044 63.074113 -8.778210 0.625479 0.240275 0.658810 -0.342072
467.200000000 27.045159 63.027667 -8.713158 0.624086 0.240920 0.658969 -0.343852
467.300000000 27.022107 63.042689 -8.640098 0.623438 0.240489 0.659809 -0.343717
467.400000000 26.962395 63.036447 -8.593849 0.623746 0.242292 0.658434 -0.344530
467.500000000 26.921923 63.040558 -8.546613 0.624003 0.243722 0.657472 -0.344894
467.600000000 26.872323 63.055919 -8.498490 0.623835 0.244991 0.656779 -0.345617
467.700000000 26.814112 62.860934 -8.483113 0.627270 0.241594 0.657264 -0.340834
467.800000000 26.777092 62.868451 -8.424406 0.626315 0.241839 0.657786 -0.341411
467.900000000 26.735011 62.886489 -8.384304 0.626902 0.242338 0.657374 -0.340773
468.000000000 26.653635 62.825586 -8.345409 0.627322 0.242696 0.656759 -0.340931
468.100000000 26.636891 62.921441 -8.301374 0.628492 0.243115 0.656007 -0.339923
468.200000000 26.550209 62.855429 -8.280437 0.629713 0.244879 0.654258 -0.339769
468.300000000 26.542093 62.974183 -8.222224 0.628881 0.244270 0.655177 -0.339978
468.400000000 26.497920 62.984082 -8.182506 0.628767 0.243999 0.655451 -0.339853
468.500000000 26.471181 63.085488 -8.141973 0.629084 0.245640 0.654336 -0.340233
468.600000000 26.402575 63.045940 -8.112500 0.629709 0.245219 0.654176 -0.339689
468.700000000 26.359266 63.095263 -8.071957 0.628610 0.245149 0.654923 -0.340333
468.800000000 26.255918 62.896388 -8.043935 0.627046 0.244121 0.656368 -0.341173
468.900000000 26.201413 62.956498 -8.026776 0.628667 0.245887 0.654474 -0.340560
469.000000000 26.152247 62.981234 -7.990839 0.628790 0.246513 0.653910 -0.340964
469.100000000 25.995775 62.696471 -7.999969 0.629325 0.247324 0.653042 -0.341052
469.200000000 26.000798 62.904262 -7.967332 0.629441 0.247506 0.653130 -0.340537
469.300000000 25.966924 62.979155 -7.936617 0.628962 0.248017 0.652921 -0.341450
469.400000000 25.772418 62.595834 -7.954881 0.629333 0.248852 0.652069 -0.341788
469.500000000 25.781348 62.790667 -7.924996 0.629283 0.248646 0.652391 -0.341415
469.600000000 25.692768 62.716183 -7.927786 0.630604 0.249167 0.651387 -0.340513
469.700000000 25.489548 62.333813 -7.945085 0.631078 0.250881 0.649695 -0.341607
469.800000000 25.508635 62.542925 -7.931303 0.632186 0.250530 0.649642 -0.339913
469.900000000 25.440300 62.549460 -7.930245 0.632482 0.252133 0.648409 -0.340531
470.000000000 25.269800 62.302085 -7.952121 0.633578 0.255008 0.645481 -0.341914
470.100000000 25.281620 62.474210 -7.934442 0.633291 0.253387 0.647114 -0.340561
470.200000000 25.218002 62.464533 -7.927622 0.632150 0.253169 0.647921 -0.341306
470.300000000 25.086159 62.272849 -7.950300 0.633496 0.254535 0.646141 -0.341170
470.400000000 25.000273 62.223398 -7.955391 0.633270 0.255062 0.645940 -0.341575
470.500000000 24.923392 62.172574 -7.959552 0.633952 0.252800 0.647137 -0.339723
470.600000000 24.767255 61.905202 -7.983581 0.634258 0.253512 0.646249 -0.340308
470.700000000 24.700968 61.920922 -7.992292 0.634720 0.253574 0.645941 -0.339987
470.800000000 24.644460 61.958538 -8.003111 0.634841 0.254440 0.645263 -0.340400
470.900000000 24.500934 61.693219 -8.024454 0.635134 0.252908 0.646028 -0.339545
471.000000000 24.370592 61.518767 -8.051369 0.635914 0.252895 0.645484 -0.339127
471.100000000 24.316666 61.563590 -8.067316 0.634840 0.255924 0.643985 -0.341707
471.200000000 24.271266 61.642837 -8.080438 0.634952 0.256090 0.643802 -0.341721
471.300000000 24.208026 61.689066 -8.093972 0.635614 0.256514 0.642775 -0.342105
471.400000000 24.110384 61.578091 -8.117871 0.635428 0.255455 0.643759 -0.341393
471.500000000 24.083442 61.717807 -8.135565 0.635889 0.256162 0.642982 -0.341468
471.600000000 24.024519 61.750607 -8.155993 0.635997 0.256371 0.642699 -0.341643
471.700000000 23.942951 61.720387 -8.179323 0.635687 0.256958 0.642499 -0.342154
471.800000000 23.811439 61.510726 -8.215873 0.637011 0.254596 0.643476 -0.339613
471.900000000 23.748977 61.542923 -8.240785 0.637398 0.254831 0.642998 -0.339614
472.000000000 23.667126 61.507940 -8.273832 0.638532 0.255175 0.641905 -0.339295
472.100000000 23.617106 61.572695 -8.297104 0.638525 0.255074 0.641998 -0.339207
472.200000000 23.548213 61.584198 -8.328907 0.639252 0.255196 0.641410 -0.338858
472.300000000 23.417660 61.372524 -8.363116 0.639562 0.254206 0.641870 -0.338145
472.400000000 23.284694 61.183710 -8.384913 0.638625 0.252800 0.643341 -0.338174
472.500000000 23.211055 61.183687 -8.423447 0.639517 0.253336 0.642385 -0.337906
472.600000000 23.122376 61.112128 -8.446132 0.638922 0.253169 0.642803 -0.338360
472.700000000 23.052418 61.140513 -8.481193 0.639780 0.253250 0.642180 -0.337863
472.800000000 22.990821 61.152648 -8.516499 0.640694 0.253548 0.641386 -0.337415
472.900000000 22.891952 61.061836 -8.555903 0.640880 0.254348 0.640622 -0.337909
473.000000000 22.749070 60.860985 -8.577754 0.639469 0.252707 0.642622 -0.338018
473.100000000 22.698988 60.916275 -8.613902 0.641099 0.252395 0.641733 -0.336850
473.200000000 22.618517 60.874126 -8.648502 0.641398 0.251724 0.642056 -0.336165
473.300000000 22.484067 60.649788 -8.693345 0.641494 0.252801 0.641232 -0.336747
473.400000000 22.388337 60.583547 -8.726309 0.641946 0.252062 0.641505 -0.335918
473.500000000 22.358982 60.723207 -8.753941 0.643012 0.251320 0.641307 -0.334812
473.600000000 22.310689 60.771992 -8.787284 0.643259 0.251718 0.640809 -0.334993
473.700000000 22.228222 60.724535 -8.817522 0.643089 0.251947 0.640629 -0.335490
473.800000000 22.092051 60.508447 -8.853955 0.642010 0.252931 0.640639 -0.336795
473.900000000 22.093003 60.729374 -8.889653 0.644135 0.253269 0.638957 -0.335678
474.000000000 22.025412 60.735486 -8.921665 0.643981 0.254436 0.638105 -0.336709
474.100000000 21.736001 60.095458 -8.956940 0.642420 0.252809 0.640383 -0.336592
474.200000000 21.649435 60.017680 -8.993252 0.642971 0.252747 0.640135 -0.336058
474.300000000 21.554521 59.939467 -9.019893 0.642836 0.252352 0.640431 -0.336049
474.400000000 21.452410 59.847780 -9.048431 0.643021 0.251816 0.640661 -0.335657
474.500000000 21.379884 59.834404 -9.077002 0.643187 0.251627 0.640661 -0.335480
474.600000000 21.318712 59.846327 -9.100755 0.643005 0.251618 0.640698 -0.335766
474.700000000 21.231056 59.808961 -9.137309 0.643419 0.252448 0.639813 -0.336038
474.800000000 21.107838 59.638927 -9.169407 0.643659 0.252783 0.639333 -0.336239
474.900000000 20.979684 59.470555 -9.198908 0.643340 0.252532 0.639772 -0.336203
475.000000000 20.916093 59.453436 -9.221627 0.643070 0.252345 0.639903 -0.336611
475.100000000 20.834446 59.424606 -9.251895 0.643493 0.252930 0.639258 -0.336590
475.200000000 20.726348 59.314328 -9.285157 0.644177 0.252982 0.638705 -0.336293
475.300000000 20.672515 59.326666 -9.308916 0.644166 0.253340 0.638462 -0.336506
475.400000000 20.600044 59.305931 -9.343278 0.645153 0.253867 0.637349 -0.336325
475.500000000 20.543405 59.336488 -9.361815 0.645370 0.253866 0.637081 -0.336418
475.600000000 20.330298 58.939754 -9.388568 0.644363 0.253783 0.637875 -0.336906
475.700000000 20.178302 58.686049 -9.411135 0.644340 0.252524 0.638764 -0.336213
475.800000000 20.131735 58.723759 -9.418511 0.643655 0.252246 0.639409 -0.336506
475.900000000 20.022748 58.606612 -9.447799 0.644120 0.252482 0.638828 -0.336544
476.000000000 19.917028 58.486954 -9.464869 0.643645 0.252720 0.638874 -0.337186
476.100000000 19.853676 58.510911 -9.489736 0.644439 0.253290 0.637848 -0.337183
476.200000000 19.754111 58.409278 -9.499919 0.643776 0.253374 0.638171 -0.337775
476.300000000 19.705387 58.456370 -9.515443 0.644055 0.253619 0.637737 -0.337879
476.400000000 19.576827 58.276793 -9.540277 0.644199 0.254286 0.637082 -0.338339
476.500000000 19.480977 58.205260 -9.554993 0.644105 0.254591 0.636852 -0.338719
476.600000000 19.376175 58.081102 -9.570686 0.644031 0.255069 0.636514 -0.339138
476.700000000 19.311555 58.074854 -9.581808 0.644213 0.255069 0.636340 -0.339118
476.800000000 19.214207 57.971376 -9.586060 0.643526 0.255234 0.636596 -0.339817
476.900000000 19.135463 57.918345 -9.602704 0.644090 0.254966 0.636269 -0.339562
477.000000000 19.063432 57.867081 -9.608925 0.644162 0.254469 0.636538 -0.339293
477.100000000 18.984893 57.813726 -9.612467 0.644045 0.254125 0.636787 -0.339305
477.200000000 18.841504 57.614079 -9.627158 0.643877 0.254504 0.636551 -0.339783
477.300000000 18.746556 57.500621 -9.638851 0.643987 0.254537 0.636410 -0.339815
477.400000000 18.635871 57.374240 -9.646838 0.644053 0.254794 0.636029 -0.340210
477.500000000 18.561037 57.298052 -9.654155 0.644170 0.254967 0.635719 -0.340439
477.600000000 18.478241 57.220337 -9.661160 0.644420 0.255059 0.635444 -0.340409
477.700000000 18.378098 57.119133 -9.661997 0.644312 0.254989 0.635466 -0.340626
477.800000000 18.292902 57.013420 -9.667264 0.644417 0.255226 0.635140 -0.340857
477.900000000 18.205336 56.922965 -9.667352 0.644314 0.255235 0.635221 -0.340895
478.000000000 18.107314 56.834975 -9.669646 0.644437 0.255497 0.634831 -0.341192
478.100000000 17.988277 56.691156 -9.670726 0.644347 0.255796 0.634563 -0.341635
478.200000000 17.899812 56.600130 -9.671971 0.644792 0.255646 0.634336 -0.341329
478.300000000 17.804682 56.469897 -9.673534 0.644878 0.255895 0.633980 -0.341643
478.400000000 17.723864 56.355967 -9.675769 0.645046 0.256453 0.633354 -0.342069
478.500000000 17.625236 56.231371 -9.673261 0.644983 0.256655 0.633154 -0.342404
478.600000000 17.521905 56.115314 -9.668335 0.645007 0.256876 0.632908 -0.342649
478.700000000 17.443692 56.033485 -9.662319 0.645158 0.256991 0.632635 -0.342782
478.800000000 17.345043 55.909501 -9.652750 0.645105 0.256996 0.632597 -0.342948
478.900000000 17.249590 55.815010 -9.648206 0.645468 0.256686 0.632448 -0.342772
479.000000000 17.160822 55.699642 -9.647580 0.645876 0.256800 0.632044 -0.342663
479.100000000 17.052589 55.582128 -9.637117 0.646211 0.256239 0.632214 -0.342138
479.200000000 16.964398 55.474429 -9.631383 0.646700 0.256256 0.631828 -0.341914
479.300000000 16.876166 55.353169 -9.624644 0.647196 0.256524 0.631254 -0.341835
479.400000000 16.789418 55.238175 -9.618831 0.647559 0.256407 0.631029 -0.341650
479.500000000 16.693203 55.123222 -9.606716 0.647802 0.256235 0.630924 -0.341513
479.600000000 16.604438 55.033223 -9.593844 0.648255 0.256156 0.630563 -0.341380
479.700000000 16.502737 54.948222 -9.577757 0.648511 0.255775 0.630645 -0.341027
479.800000000 16.399388 54.807115 -9.571287 0.648952 0.255866 0.630170 -0.340998
479.900000000 16.298611 54.687864 -9.556511 0.649112 0.255648 0.630155 -0.340886
480.000000000 16.242567 54.568438 -9.547054 0.649235 0.255881 0.629873 -0.340996
480.100000000 16.131084 54.466148 -9.529595 0.649702 0.255002 0.630231 -0.340103
480.200000000 16.050161 54.368533 -9.515620 0.650327 0.254683 0.629974 -0.339623
480.300000000 15.943970 54.251613 -9.499865 0.650498 0.254555 0.629831 -0.339658
480.400000000 15.850822 54.114269 -9.485455 0.650365 0.255126 0.629475 -0.340142
480.500000000 15.760779 54.007810 -9.471049 0.651037 0.255049 0.628986 -0.339820
480.600000000 15.667983 53.910111 -9.448180 0.651079 0.254244 0.629589 -0.339225
480.700000000 15.556401 53.792423 -9.430386 0.651116 0.254471 0.629331 -0.339463
480.800000000 15.470146 53.678022 -9.414943 0.651123 0.254943 0.628958 -0.339786
480.900000000 15.377305 53.558061 -9.398334 0.651223 0.255300 0.628512 -0.340150
481.000000000 15.274823 53.442858 -9.381028 0.651262 0.255178 0.628532 -0.340131
481.100000000 15.186864 53.333522 -9.358874 0.650516 0.254980 0.629117 -0.340625
481.200000000 15.094179 53.219894 -9.342503 0.650604 0.254766 0.629183 -0.340495
481.300000000 14.991138 53.117866 -9.328324 0.651153 0.254459 0.629019 -0.339980
481.400000000 14.889042 53.013654 -9.314390 0.651799 0.253779 0.629121 -0.339060
481.500000000 14.793016 52.911180 -9.299168 0.651850 0.253119 0.629585 -0.338594
481.600000000 14.691917 52.800295 -9.287756 0.652012 0.253136 0.629425 -0.338566
481.700000000 14.608800 52.690126 -9.278292 0.652095 0.253487 0.629066 -0.338811
481.800000000 14.501938 52.578072 -9.270937 0.652257 0.253641 0.628852 -0.338780
481.900000000 14.401393 52.473311 -9.263827 0.652233 0.253634 0.628855 -0.338827
482.000000000 14.307044 52.364064 -9.257806 0.652049 0.253458 0.629071 -0.338912
482.100000000 14.203176 52.259534 -9.253665 0.651938 0.253373 0.629213 -0.338924
482.200000000 14.102187 52.150897 -9.252648 0.651993 0.253082 0.629273 -0.338923
482.300000000 13.998561 52.046402 -9.252330 0.651553 0.252963 0.629655 -0.339152
482.400000000 13.885160 51.937796 -9.255859 0.651269 0.253060 0.629781 -0.339388
482.500000000 13.781631 51.830451 -9.263005 0.650961 0.253589 0.629623 -0.339879
482.600000000 13.668656 51.734580 -9.272949 0.651006 0.253836 0.629449 -0.339930
482.700000000 13.567657 51.631097 -9.286488 0.650674 0.253668 0.629725 -0.340180
482.800000000 13.467547 51.550078 -9.301404 0.651030 0.252861 0.630084 -0.339434
482.900000000 13.344307 51.439547 -9.322752 0.651528 0.252972 0.629709 -0.339092
483.000000000 13.234095 51.340725 -9.338433 0.650856 0.252213 0.630707 -0.339093
483.100000000 13.100844 51.169678 -9.363730 0.650000 0.252326 0.631165 -0.339797
483.200000000 12.990283 51.081982 -9.393241 0.650259 0.252112 0.631197 -0.339402
483.300000000 12.880722 51.016529 -9.427774 0.650913 0.251897 0.631002 -0.338669
483.400000000 12.794335 50.977504 -9.457502 0.651280 0.250784 0.631561 -0.337746
483.500000000 12.704946 50.901161 -9.497688 0.651454 0.250655 0.631558 -0.337511
483.600000000 12.704992 51.004053 -9.527546 0.652229 0.248304 0.632927 -0.335181
483.700000000 12.518686 50.750501 -9.579746 0.651584 0.249527 0.632365 -0.336584
483.800000000 12.467226 50.679025 -9.629420 0.651903 0.248564 0.632894 -0.335684
483.900000000 12.482489 50.778637 -9.678204 0.653805 0.246596 0.633007 -0.333214
484.000000000 12.362467 50.676000 -9.732538 0.653700 0.246191 0.633408 -0.332957
484.100000000 12.295462 50.605996 -9.789408 0.655157 0.244882 0.633442 -0.330987
484.200000000 12.197104 50.551040 -9.844350 0.654233 0.246162 0.633170 -0.332385
484.300000000 12.140347 50.544461 -9.892028 0.654418 0.244339 0.634297 -0.331213
484.400000000 11.907945 50.541958 -9.935152 0.641580 0.267911 0.624317 -0.356129
484.500000000 11.826418 50.465065 -10.000546 0.641294 0.267826 0.624557 -0.356287
484.600000000 11.727179 50.433496 -10.059034 0.641168 0.267593 0.624969 -0.355967
484.700000000 11.621082 50.420444 -10.120652 0.641693 0.266853 0.625317 -0.354961
484.800000000 11.516216 50.334129 -10.186983 0.641214 0.266500 0.625957 -0.354966
484.900000000 11.453418 50.269492 -10.260635 0.641979 0.266059 0.625807 -0.354175
485.000000000 11.364096 50.208419 -10.331543 0.642377 0.265361 0.626115 -0.353433
485.100000000 11.284522 50.156524 -10.400650 0.642140 0.264383 0.627029 -0.352978
485.200000000 11.193332 50.096707 -10.475776 0.643208 0.263099 0.627442 -0.351253
485.300000000 11.113686 50.047274 -10.553664 0.643870 0.262541 0.627373 -0.350581
485.400000000 11.096305 50.122312 -10.627460 0.645272 0.259732 0.628750 -0.347615
485.500000000 10.598529 49.667400 -10.697085 0.600748 0.327000 0.597229 -0.418915
485.600000000 10.538075 49.576624 -10.775448 0.600010 0.326775 0.597817 -0.419310
485.700000000 10.406860 49.336667 -10.869671 0.599840 0.328450 0.596328 -0.420364
485.800000000 10.320421 49.175867 -10.956287 0.599047 0.329270 0.596090 -0.421189
485.900000000 10.797546 49.653215 -11.040141 0.623219 0.294592 0.613752 -0.384866
486.000000000 10.737403 49.629592 -11.116409 0.622740 0.294602 0.614117 -0.385052
486.100000000 10.657975 49.617138 -11.200492 0.623250 0.295291 0.613258 -0.385069
486.200000000 10.617472 49.650191 -11.269913 0.622675 0.294939 0.613919 -0.385215
486.300000000 10.557451 49.671136 -11.349241 0.623023 0.295295 0.613495 -0.385054
486.400000000 10.695116 49.967889 -11.411804 0.626859 0.288746 0.616624 -0.378747
486.500000000 10.571356 49.854585 -11.494936 0.626493 0.290291 0.615590 -0.379849
486.600000000 10.417407 49.585092 -11.581789 0.624306 0.291940 0.615555 -0.382237
486.700000000 10.310232 49.470597 -11.667658 0.624243 0.292935 0.614732 -0.382903
486.800000000 10.239382 49.426709 -11.742411 0.624300 0.292900 0.614813 -0.382705
486.900000000 10.198329 49.420506 -11.819882 0.625301 0.291435 0.615514 -0.381059
487.000000000 10.150371 49.437200 -11.885681 0.624499 0.291422 0.616041 -0.381534
487.100000000 10.015992 49.251383 -11.970078 0.623664 0.292758 0.615435 -0.382852
487.200000000 9.888726 49.042416 -12.045317 0.622367 0.293590 0.615520 -0.384187
487.300000000 9.759971 48.612249 -12.149977 0.624757 0.290539 0.616672 -0.380763
487.400000000 9.686884 48.606619 -12.215530 0.624257 0.290938 0.616619 -0.381365
487.500000000 9.581019 48.511519 -12.289962 0.623687 0.292013 0.616111 -0.382297
487.600000000 9.540264 48.538946 -12.348883 0.623412 0.291630 0.616583 -0.382275
487.700000000 9.512171 48.563113 -12.420989 0.623876 0.291654 0.616202 -0.382115
487.800000000 9.432266 48.498019 -12.483824 0.623349 0.291854 0.616302 -0.382661
487.900000000 9.369352 48.425319 -12.554036 0.623738 0.291480 0.616443 -0.382085
488.000000000 9.251123 48.275602 -12.619058 0.622952 0.292493 0.616083 -0.383171
488.100000000 9.181460 48.260281 -12.678807 0.622457 0.292799 0.616125 -0.383675
488.200000000 9.024514 48.015007 -12.749430 0.621799 0.294388 0.615168 -0.385059
488.300000000 8.988536 47.832431 -12.825791 0.624784 0.290828 0.616557 -0.380685
488.400000000 8.890994 47.716367 -12.880789 0.623817 0.291377 0.616706 -0.381608
488.500000000 8.789111 47.573016 -12.942228 0.623415 0.292079 0.616290 -0.382400
488.600000000 8.682372 47.470854 -12.998195 0.623101 0.292997 0.615640 -0.383257
488.700000000 8.748657 47.619383 -13.042631 0.623730 0.291190 0.616949 -0.381501
488.800000000 8.699336 47.584046 -13.090583 0.623621 0.291080 0.617072 -0.381564
488.900000000 8.566984 47.402482 -13.144166 0.623062 0.292259 0.616452 -0.382578
489.000000000 8.441444 47.234439 -13.199534 0.622743 0.293167 0.615875 -0.383330
489.100000000 8.444784 47.135447 -13.244362 0.624342 0.289820 0.617770 -0.380214
489.200000000 8.366518 47.036864 -13.278254 0.623873 0.289387 0.618387 -0.380310
489.300000000 8.129886 46.646491 -13.336052 0.622783 0.291864 0.616966 -0.382505
489.400000000 8.019962 46.521115 -13.382624 0.622993 0.292532 0.616330 -0.382677
489.500000000 7.939967 46.422206 -13.424429 0.623222 0.292689 0.616085 -0.382579
489.600000000 7.861135 46.340237 -13.455235 0.622688 0.293235 0.615931 -0.383278
489.700000000 7.863488 46.344775 -13.487906 0.623369 0.292247 0.616398 -0.382172
489.800000000 7.860803 46.364716 -13.517487 0.623469 0.292118 0.616413 -0.382085
489.900000000 7.802124 46.335639 -13.541122 0.623160 0.292263 0.616426 -0.382457
490.000000000 7.817838 46.232537 -13.566708 0.623942 0.290080 0.617801 -0.380622
490.100000000 7.748927 46.183991 -13.589104 0.624004 0.289663 0.618150 -0.380269
490.200000000 7.698590 46.093030 -13.612716 0.624145 0.289291 0.618347 -0.380001
490.300000000 7.628909 46.021989 -13.633527 0.624277 0.289288 0.618253 -0.379940
490.400000000 7.544602 45.918086 -13.653789 0.624317 0.289319 0.618197 -0.379940
490.500000000 7.448823 45.794934 -13.672899 0.624291 0.289608 0.617994 -0.380095
490.600000000 7.340827 45.693258 -13.686410 0.624187 0.290168 0.617597 -0.380483
490.700000000 7.249709 45.571854 -13.705847 0.624273 0.290913 0.616891 -0.380917
490.800000000 7.436430 45.537924 -13.727452 0.627260 0.285767 0.619501 -0.375633
490.900000000 7.318813 45.421401 -13.736918 0.626645 0.287124 0.618720 -0.376909
491.000000000 7.211071 45.305756 -13.742315 0.625979 0.288157 0.618223 -0.378042
491.100000000 7.123640 45.216584 -13.745113 0.625724 0.288540 0.618039 -0.378473
491.200000000 7.030830 45.104964 -13.746080 0.625267 0.288976 0.617927 -0.379077
491.300000000 6.960905 45.026012 -13.746739 0.625346 0.288905 0.617912 -0.379026
491.400000000 6.874163 44.917136 -13.749358 0.625451 0.289036 0.617741 -0.379032
491.500000000 6.828667 44.817963 -13.747748 0.625465 0.289288 0.617514 -0.379186
491.600000000 6.724352 44.702373 -13.745792 0.625382 0.290012 0.616924 -0.379731
491.700000000 6.615798 44.461731 -13.753026 0.625810 0.289721 0.616935 -0.379229
491.800000000 6.548121 44.348110 -13.749164 0.626085 0.289445 0.616974 -0.378923
491.900000000 6.543748 44.267156 -13.740114 0.626550 0.288895 0.617153 -0.378282
492.000000000 6.451859 44.117980 -13.737474 0.626893 0.289366 0.616544 -0.378346
492.100000000 6.392089 44.040628 -13.727511 0.627319 0.289365 0.616343 -0.377969
492.200000000 6.261021 43.903567 -13.714594 0.627542 0.289743 0.615914 -0.378008
492.300000000 6.167644 43.746809 -13.698189 0.627425 0.290407 0.615415 -0.378504
492.400000000 6.042079 43.595657 -13.677599 0.627166 0.291107 0.614947 -0.379156
492.500000000 5.933402 43.474606 -13.649348 0.626989 0.291170 0.614995 -0.379323
492.600000000 5.881802 43.371662 -13.618876 0.626985 0.290551 0.615484 -0.379010
492.700000000 5.761656 43.254760 -13.581650 0.626578 0.290861 0.615434 -0.379527
492.800000000 5.697011 43.139027 -13.550416 0.626820 0.290655 0.615462 -0.379239
492.900000000 5.618848 42.991485 -13.512687 0.626718 0.290855 0.615316 -0.379493
493.000000000 5.527731 42.857083 -13.472239 0.626467 0.291103 0.615206 -0.379895
493.100000000 5.412701 42.746385 -13.423512 0.626004 0.291706 0.615006 -0.380518
493.200000000 5.348806 42.609743 -13.383956 0.626047 0.292267 0.614483 -0.380862
493.300000000 5.266707 42.489984 -13.336697 0.626387 0.292450 0.614178 -0.380655
493.400000000 5.225704 42.380111 -13.279876 0.626438 0.291589 0.614834 -0.380173
493.500000000 5.109272 42.262271 -13.227966 0.626758 0.291594 0.614665 -0.379914
493.600000000 5.025829 42.158245 -13.162218 0.626539 0.291168 0.615142 -0.379830
493.700000000 4.977124 42.018397 -13.103620 0.626671 0.291501 0.614773 -0.379954
493.800000000 4.922736 41.869002 -13.047097 0.627068 0.291804 0.614319 -0.379801
493.900000000 4.860096 41.728599 -12.975437 0.626642 0.292074 0.614196 -0.380494
494.000000000 4.797419 41.602112 -12.907331 0.626503 0.292569 0.613836 -0.380924
494.100000000 4.674741 41.475910 -12.827524 0.625819 0.293603 0.613439 -0.381889
494.200000000 4.591952 41.352531 -12.747645 0.625958 0.293986 0.613031 -0.382024
494.300000000 4.534424 41.213982 -12.669120 0.626251 0.294136 0.612775 -0.381839
494.400000000 4.452361 41.082888 -12.592792 0.626717 0.294431 0.612335 -0.381552
494.500000000 4.361566 40.970879 -12.500554 0.627328 0.293307 0.612993 -0.380355
494.600000000 4.346285 40.848367 -12.403315 0.627240 0.292729 0.613453 -0.380204
494.700000000 4.281337 40.718970 -12.308491 0.626899 0.292740 0.613604 -0.380515
494.800000000 4.173037 40.600675 -12.201809 0.626517 0.293042 0.613505 -0.381070
494.900000000 4.173249 40.454806 -12.101341 0.626333 0.293315 0.613257 -0.381562
495.000000000 4.087104 40.339914 -12.000892 0.626701 0.292974 0.613281 -0.381179
495.100000000 4.018525 40.209366 -11.895831 0.626822 0.293061 0.613107 -0.381195
495.200000000 3.970030 40.076376 -11.785045 0.626966 0.293023 0.613012 -0.381139
495.300000000 3.896392 39.951067 -11.669849 0.626787 0.293088 0.613013 -0.381382
495.400000000 3.822516 39.817567 -11.558609 0.627012 0.293089 0.612899 -0.381196
495.500000000 3.754963 39.683731 -11.442472 0.626977 0.293523 0.612581 -0.381430
495.600000000 3.644541 39.563362 -11.317736 0.627002 0.293161 0.612969 -0.381042
495.700000000 3.638548 39.410950 -11.213326 0.627518 0.293753 0.612160 -0.381038
495.800000000 3.556704 39.294713 -11.085088 0.627094 0.293289 0.612707 -0.381216
495.900000000 3.518129 39.153124 -10.977651 0.628080 0.293452 0.612024 -0.380563
496.000000000 3.481570 39.031004 -10.860802 0.627861 0.293585 0.611934 -0.380966
496.100000000 3.345318 38.916384 -10.733317 0.628164 0.291730 0.613337 -0.379632
496.200000000 3.263294 38.790838 -10.620297 0.627859 0.293422 0.612124 -0.380789
496.300000000 3.230415 38.672106 -10.501939 0.627686 0.292955 0.612501 -0.380829
496.400000000 3.120578 38.554047 -10.380854 0.627072 0.293040 0.612809 -0.381278
496.500000000 3.083172 38.424084 -10.263516 0.626972 0.292875 0.612926 -0.381381
496.600000000 2.951837 38.296877 -10.155229 0.627350 0.292760 0.612951 -0.380807
496.700000000 2.902412 38.170992 -10.044647 0.627378 0.292243 0.613280 -0.380628
496.800000000 2.890870 38.034689 -9.938940 0.627028 0.292110 0.613485 -0.380979
496.900000000 2.769069 37.896504 -9.851819 0.627978 0.293510 0.612037 -0.380666
497.000000000 2.726994 37.774195 -9.745962 0.627591 0.292963 0.612662 -0.380720
497.100000000 2.685396 37.624575 -9.656974 0.627461 0.294281 0.611591 -0.381639
497.200000000 2.660693 37.464749 -9.569535 0.627602 0.294624 0.611238 -0.381708
497.300000000 2.620658 37.340612 -9.479722 0.627523 0.292991 0.612481 -0.381101
497.400000000 2.511430 37.218525 -9.388742 0.627286 0.292912 0.612705 -0.381193
497.500000000 2.401185 37.099102 -9.305901 0.626949 0.293143 0.612754 -0.381491
497.600000000 2.399357 36.940959 -9.238496 0.626756 0.293656 0.612350 -0.382061
497.700000000 2.297184 36.812612 -9.165263 0.626862 0.294318 0.611737 -0.382360
497.800000000 2.264054 36.674039 -9.099116 0.626672 0.294433 0.611676 -0.382680
497.900000000 2.195170 36.549919 -9.031320 0.626373 0.294032 0.612151 -0.382718
498.000000000 2.376120 37.070835 -8.917165 0.628371 0.285891 0.618195 -0.375833
498.100000000 2.416707 37.408248 -8.830945 0.632479 0.279542 0.621632 -0.367968
498.200000000 2.378446 37.357187 -8.775378 0.632601 0.278888 0.622077 -0.367501
498.300000000 2.291024 37.310351 -8.715479 0.632581 0.277766 0.623015 -0.366797
498.400000000 2.242351 37.116688 -8.678547 0.632228 0.278218 0.622725 -0.367556
498.500000000 2.177576 37.060785 -8.641068 0.633794 0.277033 0.622970 -0.365330
498.600000000 2.056492 36.927356 -8.599505 0.633215 0.276687 0.623536 -0.365630
498.700000000 2.086161 36.361081 -8.621223 0.632152 0.281287 0.619911 -0.370097
498.800000000 1.885467 36.639921 -8.546335 0.632776 0.277217 0.623208 -0.366547
498.900000000 1.945090 36.261081 -8.557292 0.632410 0.279336 0.621403 -0.368629
499.000000000 1.777141 36.463943 -8.506313 0.633916 0.275571 0.623984 -0.364494
499.100000000 1.702277 36.228335 -8.509266 0.634645 0.276238 0.623042 -0.364331
499.200000000 1.676891 36.061530 -8.509547 0.634837 0.277291 0.622003 -0.364971
499.300000000 1.575683 35.969655 -8.505262 0.635042 0.278064 0.621324 -0.365183
499.400000000 1.510763 35.917362 -8.497944 0.635437 0.277668 0.621531 -0.364444
499.500000000 1.479113 35.833716 -8.499824 0.635750 0.276999 0.621888 -0.363797
499.600000000 1.402054 35.779665 -8.496697 0.635082 0.277232 0.622158 -0.364325
499.700000000 1.326349 35.716409 -8.501636 0.634939 0.277058 0.622401 -0.364292
499.800000000 1.287307 35.692134 -8.510271 0.635618 0.275394 0.623379 -0.362693
499.900000000 1.243185 35.703651 -8.520151 0.636096 0.274553 0.623881 -0.361629
500.000000000 1.037027 35.669633 -8.518417 0.632383 0.278970 0.622500 -0.367097
500.100000000 1.141363 35.589431 -8.558383 0.636455 0.272967 0.624898 -0.360439
500.200000000 0.998798 35.344865 -8.595964 0.636536 0.273687 0.624177 -0.360999
500.300000000 0.720374 34.997773 -8.637064 0.633795 0.280850 0.620053 -0.367370
500.400000000 0.884182 35.158822 -8.656843 0.638031 0.270646 0.625712 -0.357982
500.500000000 0.508877 34.688169 -8.703806 0.632653 0.281909 0.619661 -0.369187
500.600000000 0.635689 34.864146 -8.731311 0.636337 0.273602 0.624255 -0.361280
500.700000000 0.435680 34.851563 -8.762612 0.632139 0.282469 0.619795 -0.369412
500.800000000 0.691383 35.007403 -8.812403 0.639488 0.269062 0.626283 -0.355571
500.900000000 0.340084 34.491535 -8.872078 0.635263 0.277272 0.622049 -0.364164
501.000000000 0.285486 34.522703 -8.911497 0.635035 0.277686 0.621985 -0.364357
501.100000000 0.344440 34.760094 -8.945155 0.635915 0.274269 0.624446 -0.361186
501.200000000 0.219371 34.364707 -9.018163 0.636773 0.273639 0.624206 -0.360567
501.300000000 0.158064 34.365370 -9.072731 0.637039 0.273242 0.624474 -0.359934
501.400000000 0.104278 34.378231 -9.122164 0.636882 0.273065 0.624779 -0.359818
501.500000000 0.073405 34.370045 -9.179531 0.636730 0.272793 0.625123 -0.359695
501.600000000 0.063480 34.459421 -9.241181 0.637890 0.272246 0.625037 -0.358201
501.700000000 -0.184996 33.992739 -9.317540 0.635923 0.274469 0.624062 -0.361685
501.800000000 -0.262793 33.953657 -9.381756 0.635872 0.274818 0.623931 -0.361734
501.900000000 -0.336508 33.835866 -9.447814 0.635932 0.273698 0.624653 -0.361232
502.000000000 -0.466059 33.617634 -9.519279 0.635195 0.274113 0.624674 -0.362175
502.100000000 -0.565577 33.473291 -9.597680 0.635310 0.274699 0.624208 -0.362334
502.200000000 -0.648913 33.418755 -9.670805 0.635818 0.274813 0.623881 -0.361921
502.300000000 -0.794650 33.145011 -9.752104 0.636210 0.274532 0.623765 -0.361644
502.400000000 -0.909653 32.935295 -9.837484 0.636834 0.274862 0.623186 -0.361293
502.500000000 -0.934501 32.949155 -9.905847 0.636655 0.274458 0.623635 -0.361141
502.600000000 -1.019483 32.837258 -9.979947 0.636420 0.274680 0.623618 -0.361415
502.700000000 -1.075014 32.877829 -10.053178 0.636378 0.275197 0.623328 -0.361595
502.800000000 -1.194103 32.768626 -10.127339 0.635618 0.276094 0.623090 -0.362659
502.900000000 -1.210466 32.692494 -10.208236 0.637017 0.273484 0.624347 -0.360009
503.000000000 -1.330873 32.508583 -10.290961 0.637031 0.273848 0.624027 -0.360263
503.100000000 -1.399523 32.377743 -10.370692 0.637470 0.272314 0.624970 -0.359012
503.200000000 -1.510066 32.266717 -10.444996 0.636913 0.272802 0.624890 -0.359768
503.300000000 -1.628698 32.112203 -10.526796 0.636613 0.273614 0.624389 -0.360552
503.400000000 -1.717831 31.987611 -10.606321 0.636531 0.273352 0.624610 -0.360512
503.500000000 -1.846639 31.857272 -10.682036 0.635525 0.274730 0.624106 -0.362109
503.600000000 -1.745873 32.144278 -10.751283 0.637665 0.271687 0.625430 -0.358340
503.700000000 -1.862866 32.013323 -10.828109 0.636710 0.273689 0.624500 -0.360131
503.800000000 -1.932270 31.941552 -10.901323 0.636640 0.274018 0.624366 -0.360238
503.900000000 -2.012833 31.910022 -10.971930 0.636617 0.273945 0.624442 -0.360200
504.000000000 -2.089103 31.694605 -11.050058 0.637432 0.271724 0.625652 -0.358338
504.100000000 -2.191780 31.555347 -11.124340 0.637163 0.272296 0.625392 -0.358836
504.200000000 -2.249271 31.532802 -11.190602 0.637854 0.271607 0.625677 -0.357632
504.300000000 -2.369731 31.383812 -11.257862 0.636881 0.273376 0.624779 -0.359582
504.400000000 -2.446295 31.292771 -11.323881 0.636893 0.273885 0.624411 -0.359812
504.500000000 -2.555653 31.185651 -11.382596 0.636552 0.274210 0.624387 -0.360209
504.600000000 -2.617645 31.094049 -11.443555 0.637130 0.273567 0.624531 -0.359427
504.700000000 -2.711913 30.973772 -11.497878 0.637054 0.273344 0.624799 -0.359266
504.800000000 -2.757547 30.845927 -11.553031 0.638309 0.271075 0.625850 -0.356918
504.900000000 -2.839294 30.766111 -11.600753 0.638352 0.271448 0.625560 -0.357067
505.000000000 -2.936684 30.684314 -11.642224 0.638217 0.271543 0.625519 -0.357308
505.100000000 -3.027414 30.593099 -11.684770 0.638185 0.272219 0.625031 -0.357705
505.200000000 -3.116681 30.496656 -11.723375 0.638410 0.272146 0.624977 -0.357453
505.300000000 -3.239316 30.306460 -11.760292 0.638083 0.272932 0.624552 -0.358180
505.400000000 -3.335593 30.129440 -11.787611 0.637759 0.272193 0.625212 -0.358169
505.500000000 -3.394382 30.111053 -11.810872 0.638326 0.271818 0.625250 -0.357376
505.600000000 -3.483297 30.067238 -11.825992 0.637956 0.272389 0.625002 -0.358035
505.700000000 -3.607540 29.789403 -11.852410 0.638424 0.271969 0.625018 -0.357493
505.800000000 -3.706017 29.634479 -11.863995 0.638322 0.271849 0.625122 -0.357582
505.900000000 -3.824255 29.513428 -11.870734 0.637920 0.272767 0.624650 -0.358425
506.000000000 -3.871503 29.451487 -11.870744 0.637849 0.272829 0.624650 -0.358504
506.100000000 -4.002049 29.231833 -11.878414 0.637910 0.273429 0.624095 -0.358906
506.200000000 -4.062339 29.183307 -11.869514 0.637798 0.273482 0.624174 -0.358928
506.300000000 -4.208533 28.976185 -11.861976 0.637168 0.274637 0.623610 -0.360140
506.400000000 -4.277478 28.917290 -11.846481 0.637417 0.274372 0.623695 -0.359755
506.500000000 -4.362675 28.784014 -11.832115 0.637371 0.274544 0.623624 -0.359829
506.600000000 -4.461516 28.616925 -11.812947 0.637355 0.274666 0.623539 -0.359912
506.700000000 -4.485256 28.621282 -11.786893 0.638014 0.273657 0.623971 -0.358762
506.800000000 -4.494159 28.613199 -11.755020 0.638424 0.272893 0.624351 -0.357953
506.900000000 -4.560720 28.534535 -11.720816 0.638203 0.272833 0.624550 -0.358047
507.000000000 -4.636249 28.445502 -11.684349 0.637807 0.273555 0.624211 -0.358790
507.100000000 -4.768646 28.237780 -11.650258 0.637601 0.273623 0.624253 -0.359032
507.200000000 -4.911427 28.037774 -11.613069 0.637128 0.274170 0.624090 -0.359736
507.300000000 -4.967589 27.973618 -11.570190 0.637413 0.274119 0.623982 -0.359458
507.400000000 -5.060270 27.888826 -11.520853 0.637132 0.274681 0.623729 -0.359966
507.500000000 -5.097129 27.798494 -11.470402 0.637374 0.273869 0.624224 -0.359298
507.600000000 -5.110018 27.677734 -11.419445 0.638114 0.271940 0.625200 -0.357748
507.700000000 -5.223194 27.538929 -11.368992 0.637863 0.272844 0.624684 -0.358410
507.800000000 -5.273719 27.514533 -11.313346 0.638362 0.272941 0.624359 -0.358012
507.900000000 -5.393985 27.298926 -11.260511 0.638384 0.273217 0.624080 -0.358250
508.000000000 -5.465433 27.268007 -11.197350 0.638334 0.273518 0.623876 -0.358463
508.100000000 -5.538183 27.242877 -11.133208 0.638443 0.274483 0.623075 -0.358925
508.200000000 -5.575676 27.188236 -11.062504 0.638110 0.274326 0.623388 -0.359094
508.300000000 -5.585869 27.149794 -10.999070 0.639271 0.273232 0.623517 -0.357636
508.400000000 -5.686108 26.996176 -10.931713 0.638677 0.273975 0.623358 -0.358405
508.500000000 -5.819939 26.793579 -10.866412 0.638214 0.274784 0.622996 -0.359239
508.600000000 -5.816037 26.701848 -10.801572 0.639841 0.272198 0.624028 -0.356511
508.700000000 -5.877284 26.700860 -10.723522 0.639674 0.273177 0.623400 -0.357161
508.800000000 -5.957784 26.621020 -10.648534 0.639111 0.274136 0.623056 -0.358033
508.900000000 -6.031192 26.527821 -10.570619 0.638820 0.274010 0.623265 -0.358286
509.000000000 -6.116434 26.465577 -10.493123 0.638541 0.274821 0.622847 -0.358889
509.100000000 -6.126239 26.479746 -10.414881 0.638871 0.274698 0.622728 -0.358601
509.200000000 -6.192359 26.365307 -10.338718 0.638923 0.274602 0.622739 -0.358564
509.300000000 -6.218847 26.437330 -10.254333 0.638651 0.275634 0.622121 -0.359328
509.400000000 -6.242932 26.371755 -10.172458 0.639023 0.274249 0.622933 -0.358318
509.500000000 -6.260364 26.444518 -10.088292 0.639084 0.274631 0.622701 -0.358320
509.600000000 -6.302883 26.498665 -10.004039 0.638788 0.275810 0.621967 -0.359216
509.700000000 -6.358838 26.490635 -9.920268 0.638658 0.275769 0.622097 -0.359254
509.800000000 -6.387680 26.420038 -9.846744 0.639094 0.276226 0.621512 -0.359138
509.900000000 -6.478410 26.357557 -9.768027 0.638761 0.277166 0.621026 -0.359846
510.000000000 -6.595978 26.104352 -9.695894 0.638933 0.276009 0.621771 -0.359144
510.100000000 -6.500014 26.092288 -9.617691 0.641217 0.271272 0.624054 -0.354697
510.200000000 -6.662555 26.161507 -9.531330 0.639154 0.275668 0.621942 -0.358717
510.300000000 -6.702413 25.907679 -9.466674 0.639908 0.273829 0.622877 -0.357155
510.400000000 -6.792814 25.894075 -9.386765 0.639393 0.275327 0.622017 -0.358423
510.500000000 -6.778210 26.025398 -9.301316 0.639359 0.275059 0.622327 -0.358152
510.600000000 -6.761910 26.072981 -9.220293 0.639287 0.274518 0.622764 -0.357934
510.700000000 -6.596295 26.473285 -9.129299 0.638455 0.277565 0.620949 -0.360216
510.800000000 -5.818229 26.717893 -9.069752 0.649778 0.256955 0.629781 -0.339322
510.900000000 -5.027627 27.121693 -9.013149 0.658820 0.242114 0.634898 -0.322865
511.000000000 -4.326549 27.759568 -8.940040 0.690563 0.157551 0.665057 -0.236642
511.100000000 -4.147502 27.338183 -8.901121 0.692914 0.150430 0.666714 -0.229638
511.200000000 -4.094890 27.504115 -8.820851 0.692993 0.149230 0.667326 -0.228400
511.300000000 -3.820111 27.709025 -8.749173 0.693989 0.144162 0.668996 -0.223701
511.400000000 -3.602384 27.906762 -8.683408 0.695466 0.140383 0.669617 -0.219621
511.500000000 -3.377970 28.187349 -8.611161 0.696129 0.137353 0.670597 -0.216421
511.600000000 -3.120059 28.514997 -8.535497 0.696433 0.134458 0.671785 -0.213557
511.700000000 -2.820494 28.929069 -8.463730 0.696592 0.134759 0.671642 -0.213300
511.800000000 -2.495087 29.355721 -8.392146 0.695642 0.133327 0.673203 -0.212379
511.900000000 -2.111046 29.833484 -8.324784 0.693741 0.129169 0.676934 -0.209281
512.000000000 -1.662466 30.248382 -8.261841 0.691972 0.122248 0.681683 -0.203809
512.100000000 -1.339792 30.577748 -8.208355 0.690600 0.119775 0.684119 -0.201759
512.200000000 -1.400748 31.341467 -8.134020 0.704352 0.051939 0.695904 -0.130029
512.300000000 -1.498200 31.334110 -8.086281 0.703670 0.053774 0.696118 -0.131819
512.400000000 -1.529348 31.362756 -8.053594 0.704568 0.053987 0.695203 -0.131769
512.500000000 -1.914397 31.150020 -8.021406 0.705341 0.052518 0.694808 -0.130299
512.600000000 -1.935584 31.217183 -7.990663 0.705689 0.053203 0.694273 -0.130984
512.700000000 -1.957074 31.249534 -7.967525 0.706076 0.053616 0.693826 -0.131101
512.800000000 -1.964088 31.293337 -7.944037 0.706044 0.053840 0.693798 -0.131327
512.900000000 -1.961865 31.360343 -7.922365 0.705935 0.053855 0.693897 -0.131386
513.000000000 -1.974431 31.385690 -7.907947 0.705961 0.054127 0.693809 -0.131603
513.100000000 -2.092950 31.431928 -7.898124 0.706303 0.056059 0.692987 -0.133280
513.200000000 -2.173015 31.412805 -7.890975 0.706533 0.056870 0.692548 -0.133996
513.300000000 -2.121514 31.441056 -7.887829 0.706492 0.055975 0.692809 -0.133231
513.400000000 -2.096343 31.468914 -7.892084 0.706772 0.055696 0.692623 -0.132833
513.500000000 -2.102615 31.521383 -7.895227 0.706985 0.056061 0.692335 -0.133047
513.600000000 -2.143770 31.514862 -7.910110 0.707666 0.056655 0.691501 -0.133510
513.700000000 -2.060011 31.585800 -7.920483 0.707997 0.055368 0.691519 -0.132196
513.800000000 -2.057276 31.588395 -7.939835 0.708574 0.055231 0.691011 -0.131824
513.900000000 -2.300488 31.559859 -7.949891 0.708187 0.057586 0.690783 -0.134066
514.000000000 -2.890462 31.170537 -7.979820 0.708549 0.056668 0.690660 -0.133175
514.100000000 -2.868334 31.287453 -7.991861 0.708153 0.056237 0.691144 -0.132955
514.200000000 -2.921481 31.263771 -8.024935 0.708730 0.057049 0.690379 -0.133502
514.300000000 -2.905740 31.192744 -8.060969 0.709141 0.056811 0.690068 -0.133035
514.400000000 -3.007752 31.225078 -8.085351 0.708835 0.058201 0.689999 -0.134411
514.500000000 -2.987920 31.252467 -8.119966 0.709031 0.058158 0.689830 -0.134267
514.600000000 -2.968598 31.301066 -8.159691 0.709601 0.057910 0.689354 -0.133808
514.700000000 -2.976449 31.319994 -8.197605 0.709440 0.058045 0.689493 -0.133888
514.800000000 -2.871106 31.285496 -8.246718 0.710266 0.055925 0.689240 -0.131692
514.900000000 -2.941722 31.279351 -8.288211 0.710050 0.056816 0.689227 -0.132545
515.000000000 -3.038183 31.420298 -8.325852 0.709931 0.058701 0.688853 -0.134285
515.100000000 -2.953523 31.537121 -8.370875 0.709919 0.058391 0.688960 -0.133941
515.200000000 -2.853236 31.605269 -8.423722 0.710158 0.057575 0.688931 -0.133172
515.300000000 -3.130281 31.516994 -8.475286 0.710141 0.060385 0.688208 -0.135730
515.400000000 -3.316629 31.430298 -8.523111 0.709234 0.062788 0.688364 -0.138567
515.500000000 -3.257756 31.489102 -8.576602 0.709321 0.062208 0.688469 -0.137858
515.600000000 -3.085683 31.592314 -8.634773 0.712467 0.060166 0.685970 -0.134968
515.700000000 -2.991756 31.715915 -8.691738 0.716247 0.060731 0.682078 -0.134432
515.800000000 -3.034828 31.769485 -8.746835 0.718976 0.062092 0.678957 -0.135037
515.900000000 -3.089532 31.702096 -8.807317 0.720909 0.061328 0.677237 -0.133716
516.000000000 -3.266824 31.605995 -8.860892 0.720478 0.063067 0.677176 -0.135525
516.100000000 -3.503890 31.551320 -8.911167 0.719705 0.066379 0.677024 -0.138769
516.200000000 -3.503035 31.588055 -8.960969 0.718775 0.066298 0.678001 -0.138858
516.300000000 -3.359434 31.702285 -9.015269 0.718747 0.064680 0.678517 -0.137232
516.400000000 -3.558095 31.557365 -9.063041 0.717743 0.065684 0.679225 -0.138508
516.500000000 -3.610856 31.570200 -9.109141 0.717460 0.066080 0.679406 -0.138895
516.600000000 -3.758567 31.481971 -9.159652 0.717241 0.068170 0.679002 -0.140977
516.700000000 -3.828261 31.462074 -9.205687 0.717278 0.068529 0.678860 -0.141299
516.800000000 -3.720516 31.574109 -9.247407 0.717138 0.067679 0.679258 -0.140505
516.900000000 -3.600848 31.713360 -9.287626 0.717214 0.066413 0.679563 -0.139241
517.000000000 -3.426639 32.000797 -9.324983 0.717357 0.066370 0.679446 -0.139094
517.100000000 -3.430422 31.957323 -9.375892 0.717898 0.066818 0.678763 -0.139423
517.200000000 -3.587147 31.749377 -9.415651 0.717396 0.065971 0.679474 -0.138947
517.300000000 -3.532235 31.743161 -9.454161 0.717392 0.064921 0.679803 -0.137847
517.400000000 -3.345925 31.825229 -9.489256 0.717495 0.062347 0.680433 -0.135368
517.500000000 -3.092717 31.782544 -9.535185 0.718120 0.058295 0.680917 -0.131372
517.600000000 -2.837925 31.585468 -9.582296 0.718601 0.052817 0.681846 -0.126132
517.700000000 -2.353977 31.189759 -9.638335 0.720552 0.029196 0.685115 -0.102807
517.800000000 -2.218054 31.159237 -9.675014 0.722788 0.003362 0.686810 -0.076544
517.900000000 -2.408402 30.950025 -9.703944 0.722511 0.001603 0.687273 -0.075036
518.000000000 -2.205378 31.093996 -9.732048 0.722568 0.000239 0.687370 -0.073609
518.100000000 -1.812386 31.302623 -9.753927 0.722252 -0.001358 0.687882 -0.071889
518.200000000 -1.818875 31.388236 -9.771984 0.721939 0.000087 0.688063 -0.073299
518.300000000 -1.775407 31.332823 -9.802255 0.722417 -0.002291 0.687816 -0.070834
518.400000000 -1.570196 31.570668 -9.813733 0.722098 0.000240 0.687901 -0.073259
518.500000000 -1.471516 31.739332 -9.822930 0.721432 0.003909 0.688175 -0.077036
518.600000000 -1.730529 31.538909 -9.844103 0.721366 0.006259 0.687968 -0.079314
518.700000000 -1.717526 31.131001 -9.881417 0.722096 -0.008345 0.688703 -0.064768
518.800000000 -1.623783 31.150305 -9.892067 0.721757 -0.006972 0.688936 -0.066224
518.900000000 -1.603380 30.802267 -9.915927 0.721576 -0.015688 0.689758 -0.057575
519.000000000 -1.746427 30.659072 -9.911826 0.718896 -0.078647 0.690621 0.006785
519.100000000 -2.060957 30.544101 -9.917773 0.718959 -0.076110 0.690861 0.003924
519.200000000 -2.230637 30.263250 -9.935438 0.719290 -0.073574 0.690802 0.000996
519.300000000 -2.230390 30.131218 -9.925986 0.710192 -0.136001 0.687607 0.065785
519.400000000 -2.182157 30.150785 -9.933558 0.710451 -0.137025 0.687046 0.066722
519.500000000 -2.195332 30.187409 -9.934512 0.710542 -0.136354 0.687146 0.066093
519.600000000 -2.214145 30.237522 -9.932975 0.710544 -0.136638 0.687054 0.066434
519.700000000 -2.150821 30.223566 -9.936868 0.710557 -0.137751 0.686715 0.067497
519.800000000 -2.219177 30.296687 -9.927814 0.710657 -0.136244 0.687053 0.066052
519.900000000 -2.331478 30.319343 -9.922727 0.710699 -0.136177 0.687030 0.065982
520.000000000 -2.507941 30.347659 -9.912775 0.710788 -0.135699 0.687084 0.065434
520.100000000 -2.620497 30.361389 -9.905555 0.710780 -0.136192 0.686951 0.065902
520.200000000 -2.757831 30.375001 -9.894529 0.710607 -0.136835 0.686939 0.066550
520.300000000 -2.951187 30.311552 -9.883238 0.710030 -0.139254 0.686819 0.068891
520.400000000 -3.126161 30.343336 -9.869107 0.710041 -0.139749 0.686662 0.069331
520.500000000 -3.452722 30.371770 -9.852679 0.710849 -0.135642 0.687088 0.064854
520.600000000 -3.711623 30.360549 -9.838327 0.710660 -0.137853 0.686644 0.066925
520.700000000 -3.914570 30.363291 -9.819085 0.710284 -0.139534 0.686523 0.068647
520.800000000 -4.113498 30.346550 -9.800376 0.709650 -0.143002 0.686109 0.072119
520.900000000 -4.244550 30.377368 -9.780661 0.709749 -0.143278 0.685930 0.072300
521.000000000 -4.649453 30.478479 -9.752744 0.709907 -0.143113 0.685833 0.071991
521.100000000 -4.958946 30.469024 -9.729330 0.710211 -0.141687 0.685991 0.070288
521.200000000 -5.176717 30.599578 -9.699195 0.711817 -0.132461 0.687077 0.060788
521.300000000 -5.334600 30.476305 -9.680392 0.710963 -0.137752 0.686442 0.065981
521.400000000 -5.525599 30.538173 -9.649190 0.711874 -0.131381 0.687334 0.059554
521.500000000 -5.665576 30.503227 -9.624674 0.712810 -0.125988 0.687851 0.053764
521.600000000 -5.755522 30.502355 -9.595534 0.709157 -0.147820 0.685146 0.076289
521.700000000 -5.883193 30.225810 -9.584607 0.708677 -0.151883 0.684328 0.080025
521.800000000 -6.227148 30.157482 -9.549889 0.707662 -0.154795 0.684367 0.083029
521.900000000 -6.599934 30.303455 -9.513904 0.709539 -0.146595 0.685224 0.074381
522.000000000 -6.961174 30.286124 -9.483026 0.709102 -0.149911 0.684613 0.077500
522.100000000 -7.268875 30.297504 -9.448342 0.709830 -0.146379 0.685039 0.073729
522.200000000 -7.518867 30.185536 -9.419062 0.708004 -0.156217 0.683590 0.083848
522.300000000 -7.816831 30.083404 -9.386123 0.706028 -0.165147 0.682351 0.093001
522.400000000 -8.114491 30.282911 -9.337183 0.708536 -0.150273 0.685083 0.077823
522.500000000 -8.252797 30.223702 -9.307402 0.707921 -0.155752 0.683824 0.083517
522.600000000 -8.369780 30.320392 -9.271402 0.705403 -0.171703 0.680367 0.100126
522.700000000 -8.416926 30.089931 -9.251835 0.706372 -0.164974 0.682041 0.092967
522.800000000 -8.533224 29.974251 -9.222485 0.706576 -0.162305 0.682841 0.090202
522.900000000 -8.655536 29.935814 -9.194426 0.706396 -0.165711 0.681763 0.093506
523.000000000 -8.810899 29.959554 -9.158020 0.705339 -0.171085 0.680701 0.099366
523.100000000 -8.939663 29.928838 -9.123572 0.703513 -0.179261 0.679180 0.107933
523.200000000 -9.087663 29.874923 -9.094080 0.704036 -0.177307 0.679488 0.105793
523.300000000 -9.252548 29.808987 -9.065515 0.702978 -0.183096 0.678106 0.111671
523.400000000 -9.451148 29.794899 -9.029639 0.703126 -0.183358 0.677826 0.112007
523.500000000 -9.674605 29.798311 -8.991615 0.701217 -0.194082 0.674844 0.123340
523.600000000 -9.941621 29.839558 -8.952740 0.702094 -0.189659 0.675968 0.119001
523.700000000 -10.211030 29.794333 -8.912631 0.700262 -0.197555 0.674051 0.127513
523.800000000 -10.399497 29.806726 -8.882000 0.701938 -0.193209 0.674484 0.122573
523.900000000 -10.557621 29.812610 -8.839036 0.700384 -0.197006 0.674127 0.127292
524.000000000 -10.729587 29.793877 -8.803605 0.699802 -0.200822 0.672825 0.131357
524.100000000 -10.916379 29.778906 -8.769131 0.698844 -0.205858 0.671207 0.136824
524.200000000 -11.096053 29.769244 -8.737217 0.698258 -0.209947 0.669638 0.141223
524.300000000 -11.259097 29.768794 -8.707358 0.697818 -0.215813 0.667009 0.146882
524.400000000 -11.430987 29.777938 -8.671944 0.696708 -0.220815 0.665264 0.152517
524.500000000 -11.580073 29.778307 -8.638642 0.695430 -0.226859 0.663062 0.158937
524.600000000 -11.693707 29.821878 -8.602114 0.691084 -0.241839 0.658287 0.174855
524.700000000 -11.986900 29.907604 -8.567950 0.692735 -0.236123 0.660065 0.169346
524.800000000 -12.216167 29.778321 -8.538699 0.691658 -0.239384 0.659180 0.172588
524.900000000 -12.373520 29.804231 -8.506635 0.692676 -0.234813 0.660878 0.168233
525.000000000 -12.490998 29.808449 -8.476630 0.692129 -0.234665 0.661351 0.168833
525.100000000 -12.645634 29.880018 -8.443299 0.693344 -0.234091 0.660532 0.167847
525.200000000 -12.873317 30.002978 -8.409481 0.693915 -0.227212 0.663507 0.163140
525.300000000 -13.008537 30.041875 -8.384450 0.688334 -0.246804 0.655031 0.190310
525.400000000 -13.158342 30.227692 -8.354431 0.688126 -0.247895 0.652015 0.199767
525.500000000 -13.625394 30.487354 -8.318016 0.692431 -0.223290 0.661416 0.182236
525.600000000 -13.748647 30.411735 -8.288043 0.687619 -0.234408 0.658334 0.197049
525.700000000 -13.826510 30.246697 -8.262859 0.685236 -0.222776 0.666949 0.189741
525.800000000 -13.755956 30.009804 -8.248208 0.679217 -0.231469 0.666784 0.201210
525.900000000 -13.572767 29.852638 -8.222486 0.660191 -0.274297 0.653434 0.248864
526.000000000 -13.546908 29.738114 -8.201811 0.662713 -0.269617 0.655105 0.242809
526.100000000 -13.625483 29.824249 -8.189001 0.662930 -0.268011 0.656077 0.241364
526.200000000 -13.840615 29.890241 -8.176616 0.657669 -0.276547 0.654171 0.251106
526.300000000 -14.062419 30.026959 -8.157144 0.656087 -0.278476 0.654183 0.253071
526.400000000 -14.224847 30.205204 -8.148259 0.656483 -0.270479 0.659712 0.246276
526.500000000 -14.387899 30.169650 -8.134851 0.656007 -0.268259 0.661882 0.244139
526.600000000 -14.414527 30.118223 -8.116079 0.655429 -0.267797 0.663062 0.242994
526.700000000 -14.409807 30.007560 -8.107900 0.650885 -0.274191 0.662100 0.250581
526.800000000 -14.363133 29.930884 -8.099995 0.649966 -0.274456 0.662783 0.250874
526.900000000 -14.260173 29.779958 -8.089359 0.644908 -0.288690 0.656633 0.263790
527.000000000 -14.177203 29.625207 -8.069371 0.630538 -0.327317 0.636267 0.300748
527.100000000 -14.177286 29.445830 -8.048224 0.640520 -0.315402 0.640571 0.282710
527.200000000 -14.074006 29.254970 -8.047702 0.644744 -0.303300 0.647645 0.269946
527.300000000 -14.007923 28.991373 -8.070569 0.589825 -0.389380 0.602753 0.370377
527.400000000 -13.971362 28.791694 -8.071443 0.604986 -0.360380 0.623310 0.340005
527.500000000 -13.726557 28.510857 -8.052386 0.598908 -0.370525 0.617291 0.350673
527.600000000 -13.610612 28.278479 -8.044976 0.605341 -0.362908 0.621527 0.339948
527.700000000 -13.571120 28.147234 -8.053010 0.611234 -0.350956 0.629869 0.326323
527.800000000 -13.665008 27.982423 -8.076217 0.602505 -0.356091 0.629635 0.337262
527.900000000 -13.683346 27.820538 -8.106104 0.557541 -0.429989 0.578845 0.411333
528.000000000 -13.680423 27.833410 -8.113805 0.547972 -0.440137 0.571473 0.423586
528.100000000 -13.588947 27.650292 -8.161280 0.543888 -0.428279 0.586148 0.420944
528.200000000 -13.387161 27.592463 -8.152969 0.523408 -0.454126 0.561774 0.451911
528.300000000 -13.188622 27.875185 -8.096903 0.563596 -0.410300 0.595926 0.398605
528.400000000 -13.187907 29.146785 -8.069660 0.625185 -0.316840 0.651198 0.291029
528.500000000 -13.987796 30.736746 -7.948774 0.661487 -0.306675 0.636851 0.250612
528.600000000 -13.988587 31.240981 -7.970970 0.670754 -0.288847 0.643550 0.229129
528.700000000 -14.850748 31.566572 -7.956412 0.687763 -0.251911 0.655381 0.184386
528.800000000 -14.545356 31.687827 -7.999197 0.709167 -0.137522 0.687992 0.069540
528.900000000 -14.296508 31.644180 -8.024716 0.709193 -0.137965 0.687825 0.070051
529.000000000 -13.675702 31.592371 -8.028368 0.705829 -0.178405 0.676410 0.111566
529.100000000 -13.379249 31.506067 -8.056691 0.705887 -0.179375 0.675941 0.112479
529.200000000 -13.252977 31.474279 -8.082305 0.704564 -0.180609 0.676697 0.114241
529.300000000 -12.942433 31.357932 -8.072657 0.707329 -0.181939 0.673464 0.114148
529.400000000 -12.871930 31.333634 -8.071308 0.709601 -0.174655 0.674449 0.105269
529.500000000 -13.523194 31.203335 -8.086491 0.700485 -0.202413 0.670908 0.135029
529.600000000 -13.650826 31.139870 -8.102211 0.704872 -0.181795 0.676148 0.113705
529.700000000 -13.483071 31.062217 -8.127587 0.703085 -0.178998 0.679288 0.110451
529.800000000 -13.311219 30.992123 -8.136224 0.705628 -0.178782 0.676782 0.109962
529.900000000 -13.835318 30.914896 -8.115181 0.706843 -0.185260 0.672808 0.115678
530.000000000 -14.848876 30.832686 -8.098196 0.707680 -0.178022 0.675025 0.108807
530.100000000 -15.135815 30.740642 -8.110102 0.708240 -0.183023 0.672266 0.113831
530.200000000 -15.774349 30.684339 -8.148588 0.697757 -0.209591 0.670002 0.142493
530.300000000 -16.612507 30.751460 -8.134396 0.687194 -0.235169 0.666745 0.167065
530.400000000 -15.514100 30.690623 -8.159793 0.696504 -0.214714 0.669041 0.145478
530.500000000 -14.554541 30.746356 -8.175982 0.704373 -0.188646 0.673932 0.118687
530.600000000 -13.673476 30.637865 -8.237006 0.714438 -0.118885 0.687846 0.048088
530.700000000 -13.577270 30.446380 -8.263940 0.702573 -0.198755 0.671243 0.127749
530.800000000 -14.424724 30.270520 -8.227822 0.708104 -0.185052 0.672404 0.110530
530.900000000 -15.212094 30.336412 -8.205440 0.704135 -0.200941 0.669314 0.125834
531.000000000 -15.113960 30.242337 -8.241854 0.702912 -0.195308 0.672971 0.121985
531.100000000 -14.631663 30.224787 -8.278258 0.704286 -0.203413 0.667921 0.128397
531.200000000 -14.035172 30.179911 -8.262985 0.711595 -0.198413 0.662708 0.122816
531.300000000 -13.298097 30.009137 -8.361127 0.707552 -0.209761 0.661305 0.134336
531.400000000 -13.172557 29.975520 -8.376768 0.719975 -0.154876 0.672158 0.076508
531.500000000 -13.125928 29.901414 -8.390207 0.721080 -0.152229 0.672216 0.070682
531.600000000 -13.377939 29.698276 -8.415590 0.716287 -0.165909 0.672259 0.086455
531.700000000 -13.304013 29.523921 -8.471220 0.690456 -0.246340 0.658158 0.171509
531.800000000 -13.829617 29.553525 -8.471827 0.693012 -0.231703 0.664911 0.154728
531.900000000 -13.840536 29.612043 -8.490201 0.699125 -0.216318 0.667136 0.139142
532.000000000 -12.991119 29.590399 -8.479316 0.712904 -0.191285 0.665907 0.108382
532.100000000 -12.668830 29.638296 -8.516433 0.696152 -0.244853 0.655043 0.162292
532.200000000 -12.483536 29.562887 -8.512754 0.701347 -0.241058 0.652271 0.156669
532.300000000 -12.601650 29.429580 -8.569637 0.702991 -0.045638 0.708926 -0.033823
532.400000000 -12.683575 29.390028 -8.614775 0.700045 -0.051950 0.711679 -0.027410
532.500000000 -12.817875 29.251131 -8.619243 0.701292 -0.052714 0.710402 -0.027184
532.600000000 -12.776849 29.214796 -8.640235 0.701025 -0.055250 0.710562 -0.024762
532.700000000 -12.782929 29.145665 -8.668091 0.699114 -0.060222 0.712187 -0.020071
532.800000000 -12.740046 29.050387 -8.693686 0.699585 -0.053292 0.712004 -0.028122
532.900000000 -12.746540 28.980218 -8.707997 0.700394 -0.051934 0.711286 -0.028689
533.000000000 -12.802270 28.918678 -8.743573 0.698094 -0.055112 0.713436 -0.025229
533.100000000 -12.821365 28.834717 -8.755469 0.699928 -0.053201 0.711684 -0.027878
533.200000000 -12.863434 28.750032 -8.785479 0.697561 -0.040545 0.714232 -0.040473
533.300000000 -12.671520 28.757370 -8.737613 0.707467 -0.057371 0.704000 -0.024139
533.400000000 -12.499511 28.650151 -8.826639 0.704139 -0.051508 0.707523 -0.030774
533.500000000 -12.577733 28.615782 -8.875343 0.698838 -0.054201 0.712707 -0.027138
533.600000000 -12.535111 28.558326 -8.920634 0.699891 -0.057340 0.711554 -0.023577
533.700000000 -12.506615 28.472690 -8.904001 0.711900 -0.047094 0.699815 -0.035210
533.800000000 -12.567675 28.346786 -8.985079 0.703789 -0.073507 0.706552 -0.007892
533.900000000 -12.515310 28.391126 -9.003021 0.704037 -0.052415 0.707641 -0.028796
534.000000000 -12.159774 28.479327 -9.045617 0.700600 -0.060930 0.710664 -0.020095
534.100000000 -11.661348 28.402168 -8.964471 0.717178 -0.042511 0.694472 -0.039461
534.200000000 -11.496411 28.399604 -9.040005 0.707031 -0.036618 0.704808 -0.044853
534.300000000 -10.501130 28.492521 -9.105696 0.679665 -0.267896 0.657474 0.184430
534.400000000 -8.894231 27.757123 -9.092535 0.719695 -0.093166 0.687899 0.012365
534.500000000 -7.403353 28.011077 -9.137550 0.708123 -0.159164 0.683259 0.079915
534.600000000 -6.620108 27.985298 -9.135505 0.708752 -0.163703 0.680888 0.085228
534.700000000 -5.500036 28.411670 -9.151897 0.693602 -0.231051 0.664037 0.156803
534.800000000 -5.462537 28.972657 -9.111538 0.731864 0.048129 0.667642 -0.127721
534.900000000 -5.424327 29.717756 -9.145549 0.725288 0.069803 0.669030 -0.146570
535.000000000 -5.071705 30.015332 -9.137129 0.727857 0.067372 0.667059 -0.143940
535.100000000 -4.876232 30.074282 -9.134506 0.731500 0.064006 0.664332 -0.139548
535.200000000 -4.794355 30.096852 -9.134808 0.733287 0.061477 0.663207 -0.136626
535.300000000 -4.754253 30.114985 -9.144714 0.734603 0.055033 0.663732 -0.129576
535.400000000 -4.741474 30.094954 -9.139081 0.737569 0.053574 0.661054 -0.127004
535.500000000 -4.657410 30.111578 -9.141927 0.739696 0.051539 0.659362 -0.124241
535.600000000 -4.651878 30.033970 -9.158386 0.739051 0.049496 0.660629 -0.122159
535.700000000 -4.631710 30.006781 -9.174624 0.738547 0.050617 0.660920 -0.123170
535.800000000 -4.661835 29.924376 -9.176981 0.738588 0.050445 0.660968 -0.122734
535.900000000 -4.703815 29.877776 -9.172556 0.738800 0.051857 0.660459 -0.123613
536.000000000 -4.555936 30.053012 -9.196840 0.735379 0.072071 0.658258 -0.143945
536.100000000 -4.517586 29.962958 -9.201770 0.736050 0.068426 0.658719 -0.140134
536.200000000 -4.651610 29.847073 -9.202263 0.734447 0.075327 0.658410 -0.146320
536.300000000 -4.785434 29.782832 -9.207391 0.725653 0.114124 0.652930 -0.184620
536.400000000 -4.902597 29.470640 -9.222946 0.732751 0.068830 0.662323 -0.140239
536.500000000 -5.102199 29.401756 -9.209338 0.729708 0.091354 0.658097 -0.161521
536.600000000 -5.267803 29.369426 -9.215339 0.726642 0.091423 0.661342 -0.162052
536.700000000 -5.374711 29.238268 -9.229192 0.725711 0.090272 0.662756 -0.161085
536.800000000 -5.459854 29.171697 -9.232608 0.725092 0.089002 0.663946 -0.159675
536.900000000 -5.599095 29.047751 -9.227873 0.725269 0.090326 0.663393 -0.160421
537.000000000 -5.632705 29.126458 -9.227269 0.726229 0.080472 0.665882 -0.150719
537.100000000 -5.427877 29.228244 -9.231757 0.727983 0.068624 0.667790 -0.139241
537.200000000 -5.282073 29.256484 -9.227179 0.726917 0.070573 0.668337 -0.141194
537.300000000 -5.234091 29.250771 -9.232825 0.726215 0.072559 0.668481 -0.143108
537.400000000 -5.188928 29.305829 -9.235800 0.725417 0.074378 0.668716 -0.145113
537.500000000 -5.312063 29.263658 -9.231621 0.723623 0.076929 0.669829 -0.147588
537.600000000 -5.365269 29.282278 -9.224917 0.722015 0.086395 0.668309 -0.156824
537.700000000 -5.506356 29.097442 -9.224524 0.719917 0.092440 0.668380 -0.162615
537.800000000 -5.742758 28.975182 -9.214383 0.716763 0.099542 0.668918 -0.169974
537.900000000 -6.009654 28.907349 -9.201419 0.714206 0.107214 0.668517 -0.177482
538.000000000 -6.131337 28.801160 -9.192445 0.710771 0.114931 0.668675 -0.185661
538.100000000 -6.302675 28.661294 -9.193306 0.708633 0.120289 0.668466 -0.191113
538.200000000 -6.386476 28.537274 -9.188683 0.707232 0.126972 0.666818 -0.197621
538.300000000 -6.445747 28.430483 -9.182384 0.704766 0.131157 0.667130 -0.202584
538.400000000 -6.353747 28.285292 -9.187914 0.703963 0.128867 0.668760 -0.201470
538.500000000 -5.987495 27.861007 -9.217038 0.709048 0.104698 0.674121 -0.178464
538.600000000 -5.664724 27.486944 -9.245606 0.715064 0.071310 0.680236 -0.144487
538.700000000 -5.022077 27.821029 -9.247686 0.724509 -0.052600 0.686979 -0.019514
538.800000000 -4.527940 27.542813 -9.269361 0.724252 -0.030083 0.687589 -0.042136
538.900000000 -4.346924 27.587585 -9.265121 0.723980 -0.031369 0.687913 -0.040552
539.000000000 -4.272617 27.663109 -9.255949 0.723214 -0.030523 0.688718 -0.041197
539.100000000 -4.163186 27.656888 -9.257783 0.723895 -0.034662 0.688058 -0.036756
539.200000000 -4.064046 27.654662 -9.253799 0.723248 -0.030284 0.688699 -0.041097
539.300000000 -4.058392 27.663309 -9.242587 0.721834 -0.023642 0.690016 -0.047703
539.400000000 -4.033496 27.666046 -9.236248 0.721618 -0.020702 0.690142 -0.050425
539.500000000 -3.956874 27.753693 -9.229094 0.721674 -0.019353 0.690049 -0.051426
539.600000000 -3.863920 27.801861 -9.226299 0.722218 -0.025395 0.689725 -0.045111
539.700000000 -3.791475 27.787509 -9.218268 0.721688 -0.022555 0.690195 -0.047836
539.800000000 -3.768670 27.859147 -9.214372 0.722138 -0.025412 0.689825 -0.044866
539.900000000 -3.644806 27.886023 -9.211441 0.722449 -0.027246 0.689558 -0.042831
540.000000000 -3.572236 27.929974 -9.203297 0.722330 -0.026522 0.689684 -0.043269
540.100000000 -3.520090 27.927513 -9.196950 0.721985 -0.025035 0.690013 -0.044648
540.200000000 -3.486222 27.910795 -9.189967 0.721631 -0.020237 0.690225 -0.049279
540.300000000 -3.429728 28.052084 -9.183373 0.722504 -0.023994 0.689485 -0.044974
540.400000000 -3.312632 28.076110 -9.175924 0.722244 -0.025360 0.689811 -0.043381
540.500000000 -3.295519 28.049749 -9.167445 0.721504 -0.017426 0.690289 -0.051272
540.600000000 -3.156710 28.422842 -9.150670 0.722386 -0.043138 0.689708 -0.024522
540.700000000 -2.914288 28.240150 -9.155033 0.721772 -0.022840 0.690270 -0.045285
540.800000000 -3.017927 28.332951 -9.146247 0.722371 -0.033905 0.689860 -0.033509
540.900000000 -2.904302 28.290707 -9.143681 0.722333 -0.025787 0.689815 -0.041530
541.000000000 -2.863477 28.352467 -9.132649 0.722271 -0.029215 0.689960 -0.037765
541.100000000 -2.767520 28.486635 -9.119373 0.722085 -0.024670 0.690069 -0.042291
541.200000000 -2.710403 28.513552 -9.111020 0.722026 -0.026077 0.690175 -0.040707
541.300000000 -2.696534 28.331820 -9.110441 0.721680 -0.020280 0.690367 -0.046474
541.400000000 -2.679668 28.670603 -9.094533 0.722696 -0.034193 0.689591 -0.031715
541.500000000 -2.594255 28.384767 -9.097737 0.721906 -0.022956 0.690261 -0.043172
541.600000000 -2.641765 28.298837 -9.094791 0.721965 -0.024902 0.690261 -0.041065
541.700000000 -2.624016 28.321649 -9.083650 0.721617 -0.019953 0.690479 -0.045938
541.800000000 -2.474726 28.370144 -9.080755 0.722010 -0.020967 0.690123 -0.044634
541.900000000 -2.430963 28.425249 -9.069487 0.721704 -0.018238 0.690348 -0.047230
542.000000000 -2.367416 28.585408 -9.058497 0.722105 -0.022781 0.690118 -0.042213
542.100000000 -2.363656 28.417554 -9.058471 0.721896 -0.014343 0.689978 -0.050895
542.200000000 -2.356157 28.945717 -9.031145 0.722458 -0.065078 0.688344 0.001177
542.300000000 -2.737425 28.809318 -9.020722 0.721162 0.004661 0.689216 -0.069892
542.400000000 -3.040921 28.778342 -9.008894 0.721660 0.001904 0.689020 -0.066741
542.500000000 -3.198620 28.669364 -9.004618 0.721559 0.005077 0.688808 -0.069787
542.600000000 -3.207134 28.641014 -9.000733 0.721771 0.003025 0.688802 -0.067744
542.700000000 -3.184816 28.662545 -8.991440 0.721509 0.003029 0.689084 -0.067659
542.800000000 -3.112317 28.651009 -8.984005 0.721174 0.002931 0.689446 -0.067563
542.900000000 -3.105602 28.606653 -8.977170 0.721027 0.002254 0.689655 -0.067015
543.000000000 -3.094161 28.730711 -8.968928 0.721152 0.005084 0.689253 -0.069603
543.100000000 -3.040957 28.659741 -8.966995 0.721046 0.002694 0.689615 -0.067205
543.200000000 -2.977189 28.643931 -8.962400 0.720885 0.001819 0.689873 -0.066316
543.300000000 -2.884209 28.697094 -8.951928 0.720715 0.004060 0.689812 -0.068647
543.400000000 -2.548764 28.755219 -8.956306 0.720893 0.000521 0.689987 -0.065044
543.500000000 -1.896877 28.873819 -8.957750 0.720582 -0.003726 0.690689 -0.060801
543.600000000 -1.249254 29.333361 -8.942549 0.718939 0.014254 0.690414 -0.079070
543.700000000 -1.181216 29.275252 -8.942495 0.719776 0.003517 0.690846 -0.068129
543.800000000 -1.025264 29.248778 -8.940062 0.718904 0.010779 0.690877 -0.075825
543.900000000 -1.291567 29.121474 -8.936491 0.719643 0.004933 0.690805 -0.069849
544.000000000 -1.435641 29.042903 -8.930942 0.719207 0.004467 0.691293 -0.069535
544.100000000 -1.425772 28.997849 -8.926686 0.719077 0.003988 0.691463 -0.069226
544.200000000 -1.046716 29.040606 -8.932691 0.719805 -0.003603 0.691434 -0.061535
544.300000000 -0.665341 29.301684 -8.922897 0.717989 0.014848 0.691230 -0.080456
544.400000000 -0.745681 29.072503 -8.932373 0.719582 -0.000850 0.691397 -0.064590
544.500000000 -0.465823 29.327208 -8.921719 0.718631 0.008580 0.691366 -0.074224
544.600000000 -0.459244 29.184841 -8.925755 0.718637 0.006447 0.691580 -0.072360
544.700000000 -0.345034 29.250844 -8.920990 0.718623 0.005652 0.691679 -0.071615
544.800000000 0.065113 29.391051 -8.926343 0.718589 0.009448 0.691257 -0.075526
544.900000000 0.094776 29.355358 -8.926307 0.718759 0.007983 0.691251 -0.074128
545.000000000 0.047448 29.288108 -8.926034 0.718743 0.008124 0.691231 -0.074451
545.100000000 0.255599 29.255388 -8.936603 0.719389 0.002732 0.691160 -0.069067
545.200000000 0.393240 29.234365 -8.942406 0.719444 0.004319 0.690909 -0.070899
545.300000000 0.473946 29.214413 -8.946064 0.719568 0.003702 0.690825 -0.070495
545.400000000 0.553861 29.177195 -8.946466 0.719549 0.001342 0.691082 -0.068208
545.500000000 0.603193 29.169119 -8.953177 0.719962 0.000548 0.690724 -0.067489
545.600000000 0.725428 29.147494 -8.958509 0.720226 -0.000696 0.690559 -0.066347
545.700000000 0.792993 29.125070 -8.966747 0.720681 -0.001328 0.690133 -0.065834
545.800000000 1.053800 29.188238 -8.972064 0.720638 -0.002055 0.690233 -0.065232
545.900000000 1.198537 29.142641 -8.980167 0.720854 -0.004355 0.690185 -0.063208
546.000000000 1.283690 29.205145 -8.979538 0.720562 -0.001475 0.690213 -0.066285
546.100000000 1.442177 29.195530 -8.989158 0.721070 -0.003919 0.689900 -0.063880
546.200000000 1.600183 29.194532 -8.999609 0.721435 -0.004434 0.689548 -0.063526
546.300000000 1.636864 29.134041 -9.003818 0.721249 -0.004304 0.689695 -0.064050
546.400000000 1.657596 29.082586 -9.009547 0.721340 -0.005307 0.689673 -0.063181
546.500000000 1.739963 29.047440 -9.018401 0.721574 -0.006751 0.689536 -0.061852
546.600000000 1.770658 28.990608 -9.025625 0.721671 -0.007351 0.689461 -0.061480
546.700000000 1.965807 29.099825 -9.031344 0.722018 -0.008174 0.689155 -0.060734
546.800000000 2.037730 29.107575 -9.040143 0.722409 -0.008409 0.688742 -0.060738
546.900000000 2.136580 29.084408 -9.044255 0.722057 -0.007786 0.689045 -0.061564
547.000000000 2.263094 29.046440 -9.054216 0.722253 -0.009499 0.688955 -0.060008
547.100000000 2.543115 29.092020 -9.064150 0.721984 -0.010483 0.689287 -0.059271
547.200000000 2.795656 29.160702 -9.064746 0.721287 -0.010327 0.689972 -0.059816
547.300000000 3.001491 29.187430 -9.074903 0.721374 -0.009149 0.689778 -0.061172
547.400000000 3.217289 29.282020 -9.078394 0.721330 -0.012938 0.690080 -0.057494
547.500000000 3.450259 29.462755 -9.079928 0.721221 -0.010761 0.690026 -0.059913
547.600000000 3.511695 29.511883 -9.081088 0.720907 -0.007838 0.690121 -0.062970
547.700000000 3.530301 29.515841 -9.090307 0.721287 -0.005021 0.689481 -0.065855
547.800000000 3.409166 29.479125 -9.091829 0.720653 0.001643 0.689411 -0.073277
547.900000000 3.464606 29.558482 -9.097402 0.720830 0.003608 0.688997 -0.075333
548.000000000 3.533264 29.521946 -9.100270 0.720044 0.007991 0.689232 -0.080196
548.100000000 3.593382 29.583487 -9.104517 0.719669 0.011572 0.689109 -0.084088
548.200000000 3.664125 29.683537 -9.103779 0.719164 0.015594 0.689026 -0.088332
548.300000000 3.739002 29.717259 -9.103867 0.709108 0.080280 0.682981 -0.155750
548.400000000 4.046745 30.033523 -9.097715 0.709361 0.077982 0.683521 -0.153378
548.500000000 4.601344 30.422128 -9.098304 0.711557 0.069055 0.684313 -0.143647
548.600000000 4.921527 30.435333 -9.110668 0.713520 0.055201 0.686236 -0.130087
548.700000000 5.018380 30.361136 -9.121333 0.715262 0.043624 0.687372 -0.118387
548.800000000 5.044282 30.473751 -9.116758 0.711923 0.061430 0.686005 -0.137075
548.900000000 5.056845 30.402973 -9.129826 0.713131 0.054159 0.686731 -0.130047
549.000000000 5.033809 30.309555 -9.135261 0.707876 0.079734 0.683988 -0.157209
549.100000000 4.966251 30.335934 -9.134059 0.704670 0.094304 0.681760 -0.172485
549.200000000 5.008772 30.212693 -9.147294 0.702361 0.102940 0.680406 -0.182042
549.300000000 5.001063 30.112165 -9.154816 0.697404 0.122270 0.676538 -0.202423
549.400000000 5.124161 30.084783 -9.160274 0.698856 0.114509 0.678605 -0.194893
549.500000000 5.175074 30.256436 -9.152840 0.694825 0.130004 0.675160 -0.210894
549.600000000 5.139972 30.106294 -9.160892 0.687509 0.154362 0.669029 -0.236441
549.700000000 5.339166 30.029365 -9.174460 0.672437 0.198262 0.654950 -0.282067
549.800000000 5.605618 30.163791 -9.182101 0.674309 0.192926 0.656854 -0.276821
549.900000000 5.923434 30.359691 -9.184756 0.676321 0.187071 0.658827 -0.271185
550.000000000 6.074189 30.520930 -9.189152 0.677762 0.184164 0.659459 -0.268022
550.100000000 6.033401 30.659836 -9.175596 0.674700 0.191907 0.657071 -0.276062
550.200000000 5.923624 30.801867 -9.163709 0.670391 0.203647 0.652861 -0.287883
550.300000000 5.922334 30.717807 -9.170949 0.657310 0.235257 0.640155 -0.320623
550.400000000 5.990530 30.816483 -9.172117 0.659372 0.230472 0.642085 -0.315971
550.500000000 5.997141 30.848948 -9.173874 0.658791 0.232048 0.641280 -0.317661
550.600000000 5.984295 30.752447 -9.182185 0.647236 0.257199 0.629895 -0.343753
550.700000000 5.908236 30.707054 -9.180574 0.637513 0.275961 0.620784 -0.363386
550.800000000 5.971551 30.925471 -9.173783 0.637062 0.276695 0.620470 -0.364154
550.900000000 5.989945 30.871771 -9.176340 0.631912 0.285370 0.616032 -0.373840
551.000000000 5.934692 30.832469 -9.175685 0.629776 0.289014 0.614092 -0.377815
551.100000000 5.938300 30.591829 -9.187596 0.610766 0.321612 0.595088 -0.411582
551.200000000 5.955744 30.357163 -9.208039 0.598575 0.340616 0.582831 -0.431273
551.300000000 6.056885 30.436501 -9.210246 0.600084 0.337627 0.584826 -0.428820
551.400000000 6.122712 30.506426 -9.212054 0.600817 0.336546 0.585397 -0.427862
551.500000000 6.071212 30.520066 -9.209703 0.597131 0.343011 0.580973 -0.433875
551.600000000 6.505169 30.219980 -9.257680 0.565936 0.386373 0.549765 -0.477693
551.700000000 6.548676 30.322795 -9.251971 0.565510 0.385987 0.550017 -0.478220
551.800000000 6.609821 30.469751 -9.250892 0.565486 0.385939 0.549986 -0.478322
551.900000000 6.653096 30.688438 -9.246335 0.565877 0.386257 0.549637 -0.478004
552.000000000 6.736962 31.009040 -9.238971 0.567284 0.384956 0.550534 -0.476351
552.100000000 6.799813 31.286258 -9.231254 0.567929 0.384301 0.551008 -0.475563
552.200000000 6.847207 31.506237 -9.231597 0.568495 0.384618 0.550666 -0.475025
552.300000000 6.905184 31.665595 -9.232781 0.569246 0.384281 0.550785 -0.474261
552.400000000 6.976118 31.921632 -9.233781 0.570169 0.383930 0.550983 -0.473206
552.500000000 7.011892 32.035970 -9.234806 0.570251 0.384172 0.550761 -0.473167
552.600000000 7.075292 32.222996 -9.233886 0.571031 0.383712 0.551076 -0.472233
552.700000000 7.130098 32.367301 -9.234443 0.571604 0.383180 0.551462 -0.471521
552.800000000 7.198141 32.575302 -9.232896 0.572415 0.382356 0.552087 -0.470473
552.900000000 7.240660 32.742485 -9.229861 0.572452 0.382627 0.551871 -0.470461
553.000000000 7.275381 32.922007 -9.229037 0.572756 0.383292 0.551361 -0.470147
553.100000000 7.328474 33.124442 -9.226906 0.572678 0.383554 0.551127 -0.470304
553.200000000 7.358021 33.177019 -9.227655 0.571793 0.384542 0.550454 -0.471360
553.300000000 7.438109 33.258163 -9.229144 0.572139 0.383814 0.551048 -0.470840
553.400000000 7.484070 33.397517 -9.231906 0.572561 0.384085 0.550759 -0.470444
553.500000000 7.504141 33.626216 -9.221180 0.572323 0.383980 0.551018 -0.470515
553.600000000 7.565800 33.861673 -9.218794 0.572622 0.383919 0.551120 -0.470082
553.700000000 7.650809 33.997137 -9.223588 0.573335 0.383394 0.551506 -0.469188
553.800000000 7.659913 34.029752 -9.227716 0.572991 0.383932 0.551154 -0.469582
553.900000000 7.690529 34.252693 -9.225091 0.572356 0.384957 0.550474 -0.470315
554.000000000 7.812467 34.449135 -9.227433 0.575200 0.380983 0.553483 -0.466534
554.100000000 7.845081 34.701947 -9.225700 0.575042 0.381375 0.553343 -0.466574
554.200000000 7.837191 34.893347 -9.226163 0.574323 0.382616 0.552496 -0.467447
554.300000000 7.918694 35.023600 -9.236174 0.574588 0.382277 0.552763 -0.467082
554.400000000 7.945610 35.287406 -9.234654 0.573906 0.382816 0.552668 -0.467592
554.500000000 7.930056 35.494922 -9.233989 0.573348 0.382841 0.552975 -0.467894
554.600000000 8.033504 35.701979 -9.242366 0.573524 0.381913 0.553882 -0.467361
554.700000000 8.136366 35.528059 -9.282235 0.574459 0.381272 0.554122 -0.466451
554.800000000 8.188073 35.703619 -9.293900 0.574369 0.380675 0.554771 -0.466279
554.900000000 8.232752 35.692697 -9.316885 0.573990 0.380354 0.555060 -0.466664
555.000000000 8.274325 35.785767 -9.338668 0.573439 0.380757 0.554886 -0.467218
555.100000000 8.304693 35.834972 -9.364959 0.572620 0.381346 0.554658 -0.468013
555.200000000 8.333187 35.902897 -9.392853 0.571977 0.381963 0.554302 -0.468718
555.300000000 8.363518 36.107971 -9.416149 0.572038 0.381868 0.554571 -0.468402
555.400000000 8.388274 36.268179 -9.441065 0.571716 0.381660 0.554979 -0.468481
555.500000000 8.409076 36.325927 -9.477358 0.571194 0.382429 0.554472 -0.469091
555.600000000 8.449581 36.464236 -9.511021 0.570841 0.382513 0.554601 -0.469300
555.700000000 8.450416 36.441073 -9.554702 0.569650 0.383567 0.553866 -0.470753
555.800000000 8.457430 36.621180 -9.589229 0.569211 0.383544 0.554025 -0.471115
555.900000000 8.471643 36.643333 -9.638172 0.567022 0.386307 0.552006 -0.473859
556.000000000 8.508434 36.857268 -9.676805 0.568819 0.383223 0.554511 -0.471277
556.100000000 8.525302 36.935647 -9.727425 0.568671 0.384297 0.553755 -0.471471
556.200000000 8.542106 37.088451 -9.773492 0.568552 0.383769 0.554297 -0.471407
556.300000000 8.563844 37.116522 -9.824212 0.567088 0.384553 0.553937 -0.472953
556.400000000 8.572193 37.220976 -9.883408 0.567458 0.385130 0.553522 -0.472525
556.500000000 8.576746 37.496855 -9.928154 0.567835 0.384592 0.554160 -0.471762
556.600000000 8.608225 37.815811 -9.971381 0.568923 0.382750 0.555872 -0.469931
556.700000000 8.625870 37.914119 -10.029425 0.568661 0.382562 0.556069 -0.470169
556.800000000 8.646006 38.007102 -10.089858 0.568407 0.382921 0.555965 -0.470306
556.900000000 8.665936 38.067641 -10.154759 0.568213 0.383204 0.555758 -0.470555
557.000000000 8.693937 38.397305 -10.198209 0.569029 0.381098 0.557668 -0.469017
557.100000000 8.712101 38.240544 -10.283615 0.566679 0.384755 0.554678 -0.472409
557.200000000 8.718568 38.573584 -10.332209 0.567744 0.383108 0.556184 -0.470696
557.300000000 8.744354 38.767283 -10.388434 0.568017 0.382432 0.556847 -0.470132
557.400000000 8.764965 38.800204 -10.459842 0.567035 0.383377 0.556123 -0.471402
557.500000000 8.787791 38.939922 -10.526049 0.567059 0.383456 0.556140 -0.471290
557.600000000 8.795934 39.087888 -10.587892 0.566620 0.384056 0.555856 -0.471664
557.700000000 8.826820 39.205995 -10.652862 0.566879 0.383622 0.556178 -0.471326
557.800000000 8.846933 39.344062 -10.710850 0.565957 0.383844 0.556246 -0.472173
557.900000000 8.872210 39.508013 -10.773404 0.566467 0.382783 0.557117 -0.471395
558.000000000 8.893294 39.610203 -10.843947 0.566177 0.383735 0.556329 -0.471900
558.100000000 8.910246 39.729901 -10.911172 0.565886 0.384408 0.555842 -0.472275
558.200000000 8.934533 39.936265 -10.973481 0.567016 0.383354 0.556655 -0.470815
558.300000000 8.955753 40.075928 -11.033097 0.566951 0.382996 0.556990 -0.470789
558.400000000 8.985154 40.187719 -11.100007 0.566978 0.382984 0.557018 -0.470734
558.500000000 9.007383 40.336417 -11.157290 0.566624 0.382820 0.557205 -0.471072
558.600000000 9.020606 40.460184 -11.219476 0.565989 0.383595 0.556695 -0.471807
558.700000000 9.030554 40.613389 -11.281471 0.565707 0.384411 0.556158 -0.472114
558.800000000 9.051395 40.730662 -11.343341 0.565403 0.384754 0.555871 -0.472537
558.900000000 9.089648 40.873234 -11.402724 0.565962 0.383659 0.556750 -0.471723
559.000000000 9.096946 41.038002 -11.455453 0.565197 0.384199 0.556509 -0.472484
559.100000000 9.133569 41.173064 -11.515508 0.565876 0.383448 0.557010 -0.471691
559.200000000 9.157618 41.301072 -11.576665 0.566450 0.383209 0.557172 -0.471004
559.300000000 9.178261 41.403309 -11.639165 0.566199 0.384110 0.556400 -0.471483
559.400000000 9.188494 41.533782 -11.690026 0.565271 0.384962 0.555867 -0.472531
559.500000000 9.200218 41.639383 -11.746617 0.565115 0.385879 0.555139 -0.472825
559.600000000 9.218108 41.780986 -11.798297 0.564954 0.386242 0.554877 -0.473029
559.700000000 9.283160 41.965953 -11.854177 0.567083 0.384175 0.556351 -0.470425
559.800000000 9.307563 42.046016 -11.899275 0.566180 0.384501 0.556235 -0.471383
559.900000000 9.334544 42.150347 -11.941632 0.565800 0.384234 0.556449 -0.471803
560.000000000 9.332714 42.280436 -11.990820 0.564629 0.386403 0.554827 -0.473343
560.100000000 9.363581 42.435996 -12.033405 0.565077 0.386136 0.554999 -0.472824
560.200000000 9.400802 42.556211 -12.071013 0.565000 0.385589 0.555542 -0.472725
560.300000000 9.426365 42.745794 -12.109673 0.565107 0.385682 0.555445 -0.472635
560.400000000 9.445659 42.819885 -12.150058 0.564480 0.386520 0.554762 -0.473500
560.500000000 9.470460 42.946004 -12.190046 0.564306 0.387289 0.554199 -0.473739
560.600000000 9.506879 43.076484 -12.228954 0.564979 0.386643 0.554630 -0.472961
560.700000000 9.541780 43.276627 -12.257204 0.565176 0.386480 0.554824 -0.472630
560.800000000 9.574119 43.390985 -12.295770 0.565653 0.386447 0.554719 -0.472210
560.900000000 9.611335 43.506593 -12.323957 0.565649 0.386107 0.555031 -0.472126
561.000000000 9.629832 43.627264 -12.355233 0.565268 0.387111 0.554192 -0.472746
561.100000000 9.662074 43.779184 -12.382453 0.565640 0.387135 0.554152 -0.472328
561.200000000 9.689734 44.055106 -12.398784 0.566211 0.386547 0.554646 -0.471545
561.300000000 9.737287 44.010431 -12.433553 0.566465 0.386641 0.554373 -0.471483
561.400000000 9.754041 44.176896 -12.450885 0.566236 0.386853 0.554165 -0.471829
561.500000000 9.792493 44.377845 -12.471841 0.566517 0.387161 0.553917 -0.471531
561.600000000 9.828266 44.601999 -12.483886 0.567304 0.386303 0.554487 -0.470618
561.700000000 9.862587 44.687736 -12.495788 0.566820 0.386632 0.554303 -0.471147
561.800000000 9.885749 44.860608 -12.510631 0.567089 0.386636 0.554275 -0.470852
561.900000000 9.924487 44.957743 -12.529240 0.567480 0.387026 0.553819 -0.470598
562.000000000 9.955594 45.054844 -12.545230 0.567729 0.387463 0.553377 -0.470458
562.100000000 9.994670 44.887940 -12.569870 0.566061 0.389625 0.551536 -0.472838
562.200000000 10.009891 45.155205 -12.567664 0.566800 0.388962 0.552115 -0.471822
562.300000000 10.024708 45.369574 -12.562856 0.566899 0.388472 0.552625 -0.471509
562.400000000 10.027121 45.387632 -12.573874 0.566527 0.389827 0.551447 -0.472216
562.500000000 9.972525 45.415961 -12.571781 0.566420 0.390073 0.551293 -0.472321
562.600000000 10.019921 45.581458 -12.566436 0.566885 0.389229 0.551968 -0.471671
562.700000000 10.090667 45.694232 -12.570456 0.567131 0.389848 0.551307 -0.471638
562.800000000 10.165308 45.906247 -12.565314 0.567386 0.389756 0.551242 -0.471483
562.900000000 10.194107 45.964217 -12.562060 0.567527 0.389687 0.551237 -0.471376
563.000000000 10.214357 46.070027 -12.556734 0.567721 0.390069 0.550933 -0.471181
563.100000000 10.272094 46.178337 -12.552235 0.567450 0.391128 0.549976 -0.471747
563.200000000 10.314213 46.288288 -12.543987 0.567911 0.391278 0.549733 -0.471352
563.300000000 10.305824 46.435487 -12.526073 0.568140 0.390939 0.549991 -0.471055
563.400000000 10.410443 46.532894 -12.517251 0.568227 0.391095 0.549757 -0.471095
563.500000000 10.414567 46.664241 -12.498385 0.567673 0.391850 0.549158 -0.471833
563.600000000 10.489174 46.717019 -12.487940 0.567942 0.391817 0.549006 -0.471714
563.700000000 10.504423 46.787591 -12.472775 0.567785 0.392514 0.548412 -0.472014
563.800000000 10.539047 46.817835 -12.456660 0.567131 0.393265 0.547719 -0.472978
563.900000000 10.551007 46.926028 -12.438469 0.567957 0.393108 0.547730 -0.472105
564.000000000 10.631766 47.062293 -12.408569 0.567392 0.393528 0.547400 -0.472816
564.100000000 10.679459 47.167769 -12.401428 0.567515 0.394342 0.546678 -0.472826
564.200000000 10.748422 47.316572 -12.373701 0.568276 0.393905 0.546964 -0.471944
564.300000000 10.786817 47.442654 -12.347319 0.568763 0.393666 0.546970 -0.471551
564.400000000 10.880152 47.572224 -12.321375 0.569101 0.392987 0.547523 -0.471066
564.500000000 10.903850 47.687477 -12.289171 0.569388 0.392934 0.547487 -0.470806
564.600000000 11.211567 47.409710 -12.305593 0.575071 0.386145 0.552026 -0.464169
564.700000000 11.273842 47.442860 -12.277381 0.575485 0.385522 0.552416 -0.463709
564.800000000 11.234600 47.560748 -12.236405 0.575943 0.385319 0.552534 -0.463169
564.900000000 11.356701 47.792856 -12.200197 0.577089 0.384497 0.553065 -0.461788
565.000000000 11.613076 48.007884 -12.165259 0.577010 0.385107 0.552331 -0.462258
565.100000000 11.591682 48.032033 -12.128886 0.576732 0.385971 0.551616 -0.462738
565.200000000 11.549591 48.119211 -12.067370 0.576206 0.385313 0.552282 -0.463148
565.300000000 11.592119 48.231180 -12.018567 0.575969 0.385723 0.551955 -0.463491
565.400000000 11.658082 48.391499 -11.963203 0.575691 0.386300 0.551493 -0.463905
565.500000000 11.715831 48.548493 -11.897215 0.575436 0.385465 0.552146 -0.464140
565.600000000 11.752674 48.689601 -11.837222 0.575659 0.385483 0.552082 -0.463924
565.700000000 11.823029 48.808781 -11.779350 0.576290 0.385010 0.552529 -0.463000
565.800000000 11.890920 48.937703 -11.716472 0.576579 0.384541 0.552910 -0.462575
565.900000000 11.972092 49.071623 -11.654525 0.576537 0.385122 0.552442 -0.462702
566.000000000 12.013133 49.203174 -11.583725 0.576195 0.386192 0.551527 -0.463328
566.100000000 12.034394 49.334875 -11.502246 0.576217 0.385474 0.552306 -0.462972
566.200000000 12.074132 49.464644 -11.427619 0.576442 0.385562 0.552125 -0.462833
566.300000000 12.127564 49.601700 -11.347875 0.576493 0.385020 0.552580 -0.462678
566.400000000 12.204297 49.744002 -11.261510 0.576452 0.383775 0.553719 -0.462402
566.500000000 12.265633 49.866590 -11.196061 0.576386 0.385830 0.551967 -0.462869
566.600000000 12.333700 50.011273 -11.103037 0.575802 0.384939 0.552852 -0.463281
566.700000000 12.371992 50.137263 -11.023330 0.576308 0.384697 0.553012 -0.462661
566.800000000 12.431188 50.278879 -10.933337 0.576114 0.384284 0.553528 -0.462628
566.900000000 12.466785 50.405401 -10.849357 0.575913 0.384684 0.553267 -0.462859
567.000000000 12.527439 50.531599 -10.769638 0.576651 0.384464 0.553198 -0.462205
567.100000000 12.561513 50.665106 -10.679025 0.575272 0.385475 0.552510 -0.463901
567.200000000 12.612942 50.787151 -10.597521 0.575617 0.385475 0.552486 -0.463502
567.300000000 12.668478 50.922574 -10.509422 0.575711 0.384720 0.553201 -0.463159
567.400000000 12.727859 51.044001 -10.432961 0.576172 0.384927 0.552821 -0.462867
567.500000000 12.763109 51.172302 -10.353977 0.577096 0.384468 0.553089 -0.461776
567.600000000 12.823069 51.310329 -10.272787 0.576706 0.384558 0.553182 -0.462076
567.700000000 12.871998 51.446470 -10.189487 0.576542 0.384034 0.553642 -0.462166
567.800000000 12.917620 51.576310 -10.113523 0.576667 0.383734 0.554064 -0.461753
567.900000000 12.972622 51.698252 -10.043370 0.576562 0.384420 0.553452 -0.462047
568.000000000 13.020222 51.819744 -9.971094 0.576158 0.385066 0.553173 -0.462349
568.100000000 13.065470 51.949583 -9.905918 0.575999 0.385456 0.552779 -0.462692
568.200000000 13.124989 52.090529 -9.839998 0.576473 0.384293 0.553719 -0.461945
568.300000000 13.179462 52.230067 -9.775723 0.576264 0.384142 0.554092 -0.461885
568.400000000 13.245417 52.364396 -9.716889 0.576856 0.383726 0.554330 -0.461204
568.500000000 13.309144 52.507180 -9.658205 0.576657 0.383153 0.554970 -0.461160
568.600000000 13.344605 52.635125 -9.603942 0.575605 0.384152 0.554434 -0.462287
568.700000000 13.383258 52.769132 -9.549856 0.575044 0.384451 0.554220 -0.462993
568.800000000 13.426479 52.900419 -9.502363 0.574289 0.385236 0.553931 -0.463622
568.900000000 13.503411 53.033579 -9.464588 0.575026 0.384438 0.554388 -0.462825
569.000000000 13.524163 53.180146 -9.424831 0.573921 0.385172 0.554077 -0.463957
569.100000000 13.580920 53.327988 -9.401293 0.575588 0.384364 0.554589 -0.461946
569.200000000 13.634170 53.464453 -9.366274 0.574792 0.383853 0.555171 -0.462661
569.300000000 13.697691 53.594561 -9.350755 0.575820 0.384229 0.554784 -0.461535
569.400000000 13.751676 53.731553 -9.336317 0.576068 0.384553 0.554579 -0.461201
569.500000000 13.782640 53.900925 -9.316047 0.575728 0.383785 0.555445 -0.461224
569.600000000 13.839867 54.032432 -9.308316 0.575846 0.383678 0.555635 -0.460937
569.700000000 13.873933 54.185223 -9.302635 0.575410 0.383881 0.555726 -0.461202
569.800000000 13.915099 54.328886 -9.302528 0.575702 0.383113 0.556322 -0.460757
569.900000000 13.965556 54.470269 -9.306980 0.575510 0.383129 0.556527 -0.460737
570.000000000 14.000045 54.608005 -9.314447 0.575021 0.383637 0.556150 -0.461379
570.100000000 14.045778 54.763968 -9.324071 0.574785 0.382938 0.556969 -0.461267
570.200000000 14.072095 54.918692 -9.337952 0.573410 0.383353 0.557105 -0.462466
570.300000000 14.102041 55.067791 -9.361664 0.573269 0.383907 0.556614 -0.462774
570.400000000 14.132736 55.233346 -9.377890 0.571350 0.383897 0.557729 -0.463810
570.500000000 14.177249 55.384598 -9.400990 0.570499 0.383248 0.558751 -0.464165
570.600000000 14.211370 55.538580 -9.435973 0.570861 0.383249 0.558665 -0.463823
570.700000000 14.273792 55.700086 -9.477433 0.571879 0.382554 0.559247 -0.462439
570.800000000 14.281428 55.660719 -9.517355 0.570901 0.383128 0.558853 -0.463647
570.900000000 14.337521 55.865464 -9.561589 0.571621 0.382961 0.558932 -0.462802
571.000000000 14.354971 56.067658 -9.617567 0.572497 0.384342 0.557379 -0.462447
571.100000000 14.385800 56.044271 -9.652948 0.570547 0.383977 0.558504 -0.463801
571.200000000 14.455899 56.257250 -9.701133 0.571190 0.382799 0.559662 -0.462585
571.300000000 14.490068 56.375113 -9.756690 0.571064 0.383677 0.559183 -0.462593
571.400000000 14.521404 56.531501 -9.801042 0.569965 0.383507 0.559714 -0.463447
571.500000000 14.531890 56.700630 -9.856111 0.570575 0.383946 0.558989 -0.463208
571.600000000 14.583715 56.842064 -9.913985 0.571304 0.383397 0.559424 -0.462238
571.700000000 14.621796 56.889198 -9.966223 0.570262 0.383501 0.559785 -0.463000
571.800000000 14.642192 56.987049 -10.020942 0.569089 0.384456 0.559315 -0.464217
571.900000000 14.703102 57.231854 -10.059646 0.568910 0.383226 0.560727 -0.463751
572.000000000 14.762406 57.443584 -10.100542 0.568357 0.382529 0.561600 -0.463947
572.100000000 14.814537 57.714906 -10.158241 0.569877 0.382583 0.561155 -0.462574
572.200000000 14.851294 57.779671 -10.211821 0.569294 0.382880 0.561248 -0.462934
572.300000000 14.893131 57.990779 -10.256632 0.569133 0.382536 0.561615 -0.462972
572.400000000 14.942905 58.212492 -10.299003 0.569129 0.381859 0.562323 -0.462676
572.500000000 14.996162 58.312485 -10.358984 0.570521 0.381882 0.562109 -0.461201
572.600000000 15.039948 58.413275 -10.407407 0.569957 0.382331 0.561959 -0.461708
572.700000000 15.070674 58.554996 -10.470126 0.571624 0.383474 0.560495 -0.460476
572.800000000 15.129095 58.681522 -10.495959 0.570525 0.381913 0.562390 -0.460826
572.900000000 15.171216 58.878409 -10.538255 0.570711 0.382138 0.562200 -0.460641
573.000000000 15.205532 59.015207 -10.586146 0.571482 0.382641 0.561458 -0.460173
573.100000000 15.248932 59.191801 -10.636103 0.573193 0.382624 0.560997 -0.458618
573.200000000 15.309800 59.383575 -10.668693 0.573158 0.381457 0.562219 -0.458138
573.300000000 15.341337 59.487401 -10.706969 0.572799 0.382408 0.561428 -0.458764
573.400000000 15.399461 59.735226 -10.733042 0.573475 0.380741 0.562845 -0.457569
573.500000000 15.430166 59.746820 -10.782511 0.573828 0.382151 0.561410 -0.457713
573.600000000 15.473288 59.989469 -10.822251 0.575453 0.382314 0.560830 -0.456245
573.700000000 15.501907 60.018934 -10.838075 0.572686 0.382739 0.561095 -0.459036
573.800000000 15.550177 60.102500 -10.878080 0.573737 0.382920 0.560969 -0.457726
573.900000000 15.595727 60.298517 -10.911396 0.574761 0.382797 0.560840 -0.456700
574.000000000 15.629457 60.423926 -10.945460 0.574821 0.383602 0.559952 -0.457038
574.100000000 15.671042 60.578275 -10.964871 0.573719 0.383455 0.560411 -0.457983
574.200000000 15.712944 60.636023 -10.997450 0.573718 0.384211 0.559849 -0.458037
574.300000000 15.757431 60.739321 -11.022895 0.573403 0.383978 0.560101 -0.458319
574.400000000 15.800681 60.933608 -11.062821 0.575476 0.383893 0.559640 -0.456351
574.500000000 15.850946 61.128681 -11.085807 0.575447 0.383192 0.560356 -0.456098
574.600000000 15.883952 61.232668 -11.122297 0.576055 0.384270 0.559166 -0.455885
574.700000000 15.933813 61.339178 -11.146969 0.575476 0.383715 0.559888 -0.456197
574.800000000 15.979825 61.478158 -11.169969 0.575580 0.382877 0.560723 -0.455744
574.900000000 16.015654 61.596070 -11.211164 0.576797 0.383669 0.559695 -0.454802
575.000000000 16.052156 61.803740 -11.246297 0.578192 0.383632 0.559377 -0.453452
575.100000000 16.100651 61.900146 -11.277650 0.578181 0.383660 0.559504 -0.453284
575.200000000 16.132766 62.017127 -11.317399 0.578432 0.384777 0.558398 -0.453382
575.300000000 16.178388 62.187643 -11.350180 0.579064 0.384660 0.558406 -0.452663
575.400000000 16.217787 62.355699 -11.380022 0.578923 0.384758 0.558430 -0.452731
575.500000000 16.260732 62.518089 -11.414782 0.579386 0.384679 0.558426 -0.452211
575.600000000 16.300974 62.452885 -11.447109 0.577558 0.385980 0.557718 -0.454309
575.700000000 16.337410 62.702687 -11.480992 0.577859 0.386499 0.557300 -0.453999
575.800000000 16.376986 62.798031 -11.517990 0.578205 0.386961 0.556860 -0.453704
575.900000000 16.422802 62.941932 -11.554430 0.578957 0.386440 0.557115 -0.452874
576.000000000 16.470236 63.115825 -11.577226 0.578265 0.385361 0.558309 -0.453209
576.100000000 16.502535 63.352726 -11.614344 0.578718 0.385508 0.558195 -0.452645
576.200000000 16.559848 63.313551 -11.651955 0.578647 0.385147 0.558554 -0.452600
576.300000000 16.595517 63.408534 -11.689333 0.577911 0.386748 0.557370 -0.453634
576.400000000 16.628842 63.587289 -11.727037 0.578752 0.386713 0.557194 -0.452807
576.500000000 16.668239 63.771697 -11.757030 0.579021 0.385525 0.558276 -0.452144
576.600000000 16.711898 63.812288 -11.796846 0.578110 0.386931 0.557224 -0.453403
576.700000000 16.747568 63.948424 -11.829319 0.577417 0.387983 0.556480 -0.454300
576.800000000 16.798245 63.988333 -11.864490 0.576847 0.388484 0.556332 -0.454778
576.900000000 16.834483 64.117845 -11.909346 0.577515 0.389050 0.555686 -0.454234
577.000000000 16.876878 64.261712 -11.930193 0.576679 0.388835 0.556042 -0.455044
577.100000000 16.924233 64.356335 -11.959401 0.575921 0.388957 0.556216 -0.455688
577.200000000 16.961811 64.488607 -11.993193 0.576538 0.388737 0.556324 -0.454962
577.300000000 17.004026 64.636548 -12.022913 0.576636 0.388482 0.556658 -0.454647
577.400000000 17.041113 64.783445 -12.052415 0.576711 0.388517 0.556692 -0.454480
577.500000000 17.082821 64.858471 -12.088954 0.576965 0.388857 0.556293 -0.454357
577.600000000 17.112681 64.995042 -12.125005 0.577902 0.388311 0.556604 -0.453250
577.700000000 17.150040 65.144678 -12.149481 0.576672 0.388921 0.556354 -0.454598
577.800000000 17.193423 65.226373 -12.188575 0.577180 0.389368 0.555940 -0.454078
577.900000000 17.257198 65.229835 -12.211612 0.576319 0.389234 0.556326 -0.454813
578.000000000 17.308271 65.294919 -12.237003 0.575648 0.389244 0.556489 -0.455454
578.100000000 17.357767 65.333335 -12.268545 0.575113 0.390157 0.555859 -0.456118
578.200000000 17.379383 65.575852 -12.290235 0.575610 0.389932 0.556020 -0.455487
578.300000000 17.427888 65.695626 -12.309042 0.574895 0.389313 0.556806 -0.455959
578.400000000 17.464995 65.827158 -12.335295 0.575824 0.389579 0.556306 -0.455169
578.500000000 17.515848 65.900554 -12.362004 0.575281 0.389428 0.556697 -0.455507
578.600000000 17.557793 66.084528 -12.368395 0.574412 0.388427 0.557930 -0.455948
578.700000000 17.613815 66.080196 -12.396010 0.574424 0.388178 0.558156 -0.455868
578.800000000 17.648492 66.208340 -12.423972 0.575121 0.388802 0.557351 -0.455444
578.900000000 17.686565 66.397260 -12.442036 0.574759 0.388431 0.558060 -0.455349
579.000000000 17.721373 66.572585 -12.452686 0.574662 0.388679 0.557809 -0.455566
579.100000000 17.767459 66.665918 -12.468589 0.574093 0.388704 0.557980 -0.456053
579.200000000 17.811000 66.798460 -12.481531 0.573863 0.388367 0.558421 -0.456091
579.300000000 17.855474 66.909839 -12.496384 0.573660 0.388496 0.558509 -0.456128
579.400000000 17.888705 67.090938 -12.503458 0.573671 0.387912 0.559108 -0.455878
579.500000000 17.937212 67.191013 -12.516298 0.573632 0.387390 0.559648 -0.455709
579.600000000 17.983153 67.282742 -12.527841 0.573161 0.387514 0.559579 -0.456278
579.700000000 18.030759 67.436528 -12.535536 0.573048 0.387359 0.559807 -0.456273
579.800000000 18.068608 67.608477 -12.539866 0.572660 0.387000 0.560427 -0.456304
579.900000000 18.115377 67.730605 -12.549624 0.572073 0.387930 0.559853 -0.456954
580.000000000 18.155541 67.898326 -12.553105 0.572246 0.387552 0.560226 -0.456602
580.100000000 18.194806 68.019878 -12.557929 0.571112 0.389197 0.559005 -0.458115
580.200000000 18.245614 68.154135 -12.560986 0.571016 0.388938 0.559348 -0.458038
580.300000000 18.297168 68.284287 -12.560887 0.570458 0.388722 0.559626 -0.458575
580.400000000 18.340408 68.423681 -12.562044 0.569878 0.388873 0.559732 -0.459039
580.500000000 18.382860 68.537842 -12.566161 0.570713 0.387864 0.560476 -0.457947
580.600000000 18.432100 68.682121 -12.560473 0.570281 0.387446 0.561014 -0.458180
580.700000000 18.479254 68.821049 -12.557050 0.570029 0.387079 0.561486 -0.458225
580.800000000 18.527610 68.947597 -12.560022 0.570210 0.387226 0.561452 -0.457917
580.900000000 18.572762 69.086210 -12.558160 0.570367 0.387306 0.561413 -0.457702
581.000000000 18.621515 69.215154 -12.556501 0.570565 0.387024 0.561718 -0.457320
581.100000000 18.671589 69.351870 -12.550233 0.570267 0.386769 0.562154 -0.457371
581.200000000 18.718538 69.498838 -12.542301 0.569894 0.386881 0.562183 -0.457705
581.300000000 18.764316 69.639864 -12.533534 0.569062 0.387576 0.561722 -0.458717
581.400000000 18.815724 69.772761 -12.520869 0.568201 0.387375 0.562214 -0.459352
581.500000000 18.864144 69.898289 -12.516985 0.568727 0.387460 0.562087 -0.458783
581.600000000 18.905097 70.019977 -12.515580 0.569592 0.387024 0.562292 -0.457827
581.700000000 18.956207 70.156124 -12.502622 0.568895 0.387156 0.562461 -0.458375
581.800000000 19.009203 70.282907 -12.489151 0.568692 0.386600 0.563093 -0.458318
581.900000000 19.061074 70.420539 -12.476819 0.568583 0.386300 0.563510 -0.458195
582.000000000 19.111472 70.547650 -12.465102 0.568519 0.386123 0.563705 -0.458184
582.100000000 19.162422 70.682798 -12.445645 0.567812 0.385719 0.564356 -0.458599
582.200000000 19.207711 70.818981 -12.428296 0.568101 0.385529 0.564540 -0.458174
582.300000000 19.254664 70.947744 -12.419887 0.568342 0.385957 0.564189 -0.457948
582.400000000 19.303792 71.077358 -12.399437 0.567193 0.386184 0.564273 -0.459074
582.500000000 19.352576 71.203823 -12.380334 0.566420 0.386381 0.564350 -0.459768
582.600000000 19.402790 71.345428 -12.360596 0.566256 0.385812 0.564933 -0.459733
582.700000000 19.453078 71.474569 -12.345221 0.566726 0.385398 0.565250 -0.459110
582.800000000 19.500961 71.596597 -12.334912 0.567566 0.385366 0.565203 -0.458157
582.900000000 19.553014 71.733856 -12.315310 0.567484 0.384968 0.565632 -0.458063
583.000000000 19.608410 71.873785 -12.292649 0.567171 0.384361 0.566469 -0.457927
583.100000000 19.654962 72.017983 -12.271720 0.567223 0.384161 0.566723 -0.457715
583.200000000 19.714781 72.145645 -12.249198 0.566643 0.384609 0.566511 -0.458320
583.300000000 19.769724 72.262420 -12.227621 0.566655 0.383982 0.567097 -0.458106
583.400000000 19.815524 72.421195 -12.201155 0.566113 0.383721 0.567445 -0.458564
583.500000000 19.874801 72.547919 -12.175372 0.566661 0.382321 0.568749 -0.457440
583.600000000 19.923367 72.625956 -12.160618 0.567210 0.382571 0.568505 -0.456853
583.700000000 19.966752 72.777331 -12.143471 0.567724 0.383006 0.567875 -0.456634
583.800000000 20.020673 72.901536 -12.114280 0.566525 0.382927 0.568320 -0.457634
583.900000000 20.060261 73.059534 -12.085854 0.565446 0.383389 0.568147 -0.458794
584.000000000 20.111883 73.197386 -12.064625 0.566309 0.382545 0.568791 -0.457636
584.100000000 20.177108 73.273333 -12.040454 0.566563 0.381597 0.569811 -0.456843
584.200000000 20.229926 73.357143 -12.019381 0.566579 0.381442 0.569970 -0.456753
584.300000000 20.279351 73.449844 -11.999486 0.566707 0.381448 0.570070 -0.456466
584.400000000 20.336522 73.499542 -11.977835 0.566759 0.381234 0.570234 -0.456375
584.500000000 20.384923 73.666877 -11.954958 0.566653 0.381407 0.570163 -0.456450
584.600000000 20.434481 73.743305 -11.933634 0.566446 0.381629 0.570019 -0.456702
584.700000000 20.481385 73.833574 -11.921112 0.566898 0.382519 0.569183 -0.456439
584.800000000 20.535083 73.925577 -11.898801 0.566627 0.382506 0.569330 -0.456603
584.900000000 20.582811 74.133918 -11.882561 0.567336 0.382861 0.568880 -0.455986
585.000000000 20.637473 74.246549 -11.857033 0.567353 0.382148 0.569576 -0.455694
585.100000000 20.687806 74.374797 -11.831842 0.567199 0.381889 0.569878 -0.455724
585.200000000 20.744759 74.541340 -11.808967 0.567491 0.381339 0.570307 -0.455285
585.300000000 20.798675 74.612180 -11.792619 0.567776 0.381420 0.570167 -0.455037
585.400000000 20.840745 74.785189 -11.781973 0.568146 0.382807 0.568839 -0.455072
585.500000000 20.897348 74.802557 -11.761485 0.568047 0.382507 0.569135 -0.455078
585.600000000 20.944288 75.005822 -11.734929 0.567502 0.382694 0.569176 -0.455549
585.700000000 20.995369 75.109185 -11.722054 0.568146 0.383038 0.568674 -0.455084
585.800000000 21.054437 75.165930 -11.700926 0.568179 0.382752 0.568896 -0.455006
585.900000000 21.113593 75.204858 -11.682352 0.568304 0.382407 0.569191 -0.454771
586.000000000 21.161183 75.380348 -11.658308 0.567839 0.382653 0.569078 -0.455287
586.100000000 21.213674 75.438953 -11.640052 0.567974 0.382604 0.569084 -0.455152
586.200000000 21.284412 75.419971 -11.610852 0.567622 0.380656 0.571009 -0.454813
586.300000000 21.334456 75.554612 -11.589023 0.567689 0.380775 0.570903 -0.454763
586.400000000 21.380092 75.740917 -11.579631 0.568671 0.381301 0.570257 -0.453905
586.500000000 21.426007 75.894185 -11.564427 0.568971 0.381683 0.569893 -0.453665
586.600000000 21.470665 76.146658 -11.547131 0.569415 0.381438 0.569961 -0.453229
586.700000000 21.520695 76.263487 -11.531951 0.569490 0.381864 0.569639 -0.453181
586.800000000 21.569693 76.306434 -11.519751 0.569704 0.382228 0.569198 -0.453159
586.900000000 21.628819 76.358648 -11.504061 0.569543 0.382390 0.569166 -0.453264
587.000000000 21.676266 76.488113 -11.488830 0.569786 0.382501 0.569023 -0.453044
587.100000000 21.738623 76.504431 -11.467998 0.569477 0.381809 0.569784 -0.453061
587.200000000 21.783179 76.680152 -11.454954 0.570149 0.382050 0.569433 -0.452455
587.300000000 21.833277 76.892259 -11.440424 0.569980 0.382825 0.568705 -0.452927
587.400000000 21.893932 76.886521 -11.431963 0.570047 0.382935 0.568662 -0.452804
587.500000000 21.948216 76.994873 -11.411975 0.569812 0.382649 0.569012 -0.452901
587.600000000 21.985822 77.217178 -11.403870 0.570440 0.383261 0.568348 -0.452427
587.700000000 22.039705 77.332892 -11.397332 0.570835 0.383687 0.567812 -0.452240
587.800000000 22.093306 77.454012 -11.385885 0.570940 0.383565 0.567947 -0.452043
587.900000000 22.146547 77.480104 -11.372711 0.570859 0.383366 0.568158 -0.452048
588.000000000 22.205015 77.485666 -11.358755 0.570925 0.382889 0.568561 -0.451862
588.100000000 22.255868 77.710099 -11.352900 0.571539 0.383181 0.568229 -0.451255
588.200000000 22.308286 77.731090 -11.346675 0.571758 0.383379 0.568030 -0.451061
588.300000000 22.356602 77.873076 -11.336938 0.571717 0.383594 0.567761 -0.451269
588.400000000 22.403446 78.022182 -11.332063 0.572544 0.383787 0.567417 -0.450487
588.500000000 22.457012 78.120994 -11.321632 0.572633 0.383599 0.567635 -0.450260
588.600000000 22.510042 78.207420 -11.316228 0.573260 0.383633 0.567455 -0.449660
588.700000000 22.562655 78.318207 -11.300957 0.572954 0.383680 0.567476 -0.449982
588.800000000 22.614833 78.465621 -11.284116 0.572822 0.383600 0.567584 -0.450083
588.900000000 22.659612 78.598366 -11.278349 0.573188 0.384677 0.566537 -0.450017
589.000000000 22.714445 78.701926 -11.260932 0.572969 0.384511 0.566710 -0.450219
589.100000000 22.766953 78.797903 -11.247765 0.573661 0.384568 0.566529 -0.449517
589.200000000 22.824400 78.778309 -11.231722 0.573655 0.384663 0.566470 -0.449517
589.300000000 22.876998 78.968438 -11.212349 0.574223 0.384040 0.566925 -0.448751
589.400000000 22.926514 79.162387 -11.194311 0.574199 0.384549 0.566504 -0.448877
589.500000000 22.982192 79.211945 -11.170024 0.574401 0.383799 0.567064 -0.448554
589.600000000 23.031655 79.426097 -11.147717 0.574732 0.383988 0.566807 -0.448292
589.700000000 23.084632 79.502541 -11.124544 0.574883 0.384431 0.566423 -0.448204
589.800000000 23.163319 79.193137 -11.087671 0.574323 0.382548 0.568103 -0.448407
589.900000000 23.216473 79.247996 -11.059182 0.574597 0.382394 0.568282 -0.447961
590.000000000 23.275792 79.344871 -11.035277 0.575208 0.382740 0.567795 -0.447499
590.100000000 23.332046 79.539918 -11.005620 0.576933 0.381163 0.568815 -0.445323
590.200000000 23.380266 79.575412 -10.974749 0.575926 0.382750 0.567667 -0.446728
590.300000000 23.443483 79.556508 -10.934558 0.575358 0.382530 0.568019 -0.447201
590.400000000 23.493529 79.770950 -10.895672 0.575514 0.382381 0.568106 -0.447017
590.500000000 23.545297 79.949551 -10.873441 0.577238 0.382699 0.567587 -0.445178
590.600000000 23.599460 80.029743 -10.830993 0.576655 0.382743 0.567688 -0.445766
590.700000000 23.660865 80.155666 -10.794503 0.578250 0.382009 0.567907 -0.444046
590.800000000 23.722528 80.234864 -10.754903 0.578386 0.382030 0.567954 -0.443792
590.900000000 23.783917 80.321468 -10.703635 0.577755 0.380907 0.569071 -0.444147
591.000000000 23.832868 80.540295 -10.669044 0.578393 0.382080 0.567964 -0.443726
591.100000000 23.885174 80.468206 -10.633758 0.578664 0.383519 0.566614 -0.443859
591.200000000 23.939648 80.559051 -10.586402 0.578801 0.382973 0.567119 -0.443505
591.300000000 24.000004 80.568032 -10.543245 0.579270 0.382787 0.567063 -0.443125
591.400000000 24.064745 80.535086 -10.493253 0.578726 0.382001 0.567826 -0.443536
591.500000000 24.123664 80.630399 -10.451727 0.579300 0.382020 0.567687 -0.442948
591.600000000 24.184399 80.714677 -10.407998 0.579795 0.382261 0.567406 -0.442454
591.700000000 24.240698 80.753125 -10.361275 0.579697 0.381959 0.567578 -0.442622
591.800000000 24.299349 80.937664 -10.307992 0.579966 0.380895 0.568521 -0.441976
591.900000000 24.353293 81.083652 -10.261655 0.579952 0.381264 0.568351 -0.441894
592.000000000 24.402271 81.212566 -10.212376 0.579883 0.381477 0.568117 -0.442101
592.100000000 24.466272 81.206142 -10.169015 0.580683 0.381020 0.568397 -0.441086
592.200000000 24.526079 81.317533 -10.117199 0.580620 0.380484 0.568748 -0.441178
592.300000000 24.585578 81.490355 -10.071239 0.581276 0.380411 0.568783 -0.440331
592.400000000 24.638802 81.544058 -10.021846 0.580595 0.381061 0.568477 -0.441062
592.500000000 24.698360 81.522390 -9.975523 0.580482 0.381044 0.568433 -0.441283
592.600000000 24.761391 81.405699 -9.920178 0.579042 0.379743 0.569591 -0.442801
592.700000000 24.812434 81.738675 -9.874138 0.580361 0.380202 0.569204 -0.441174
592.800000000 24.877187 81.915379 -9.822474 0.580542 0.379407 0.570017 -0.440570
592.900000000 24.941250 81.941465 -9.772206 0.580539 0.378359 0.570824 -0.440430
593.000000000 25.001153 81.894896 -9.734212 0.580920 0.378692 0.570323 -0.440290
593.100000000 25.048139 82.067310 -9.688802 0.581095 0.379470 0.569679 -0.440224
593.200000000 25.102094 82.077816 -9.637221 0.580224 0.378813 0.570372 -0.441040
593.300000000 25.152129 82.381447 -9.582914 0.580272 0.378710 0.570605 -0.440763
593.400000000 25.220450 82.411208 -9.532352 0.579365 0.378023 0.571346 -0.441586
593.500000000 25.276972 82.436219 -9.493092 0.579732 0.377631 0.571590 -0.441124
593.600000000 25.346499 82.477693 -9.451521 0.580830 0.375793 0.573047 -0.439355
593.700000000 25.418109 82.691122 -9.415867 0.582772 0.374593 0.573855 -0.436747
593.800000000 25.461323 82.613008 -9.376278 0.580996 0.376849 0.572263 -0.439253
593.900000000 25.502987 82.799783 -9.328446 0.579789 0.377710 0.571897 -0.440583
594.000000000 25.555958 82.873112 -9.283077 0.579472 0.376827 0.572646 -0.440785
594.100000000 25.620357 82.909731 -9.243192 0.579321 0.375789 0.573462 -0.440807
594.200000000 25.679291 83.167436 -9.201366 0.579996 0.374976 0.574246 -0.439590
594.300000000 25.759412 83.253634 -9.167000 0.581006 0.373443 0.575509 -0.437904
594.400000000 25.810481 83.450661 -9.122407 0.580423 0.373501 0.575760 -0.438301
594.500000000 25.878963 83.568807 -9.088374 0.580743 0.372999 0.576150 -0.437789
594.600000000 25.950229 83.672306 -9.050284 0.581064 0.370730 0.578092 -0.436731
594.700000000 26.019831 83.780146 -9.018365 0.581025 0.370655 0.578212 -0.436688
594.800000000 26.080530 83.872803 -8.981864 0.581089 0.369472 0.579247 -0.436233
594.900000000 26.141601 84.076628 -8.949480 0.580825 0.369785 0.579057 -0.436572
595.000000000 26.196017 84.198367 -8.915322 0.580625 0.369557 0.579383 -0.436598
595.100000000 26.247778 84.278064 -8.894435 0.581099 0.370399 0.578674 -0.436193
595.200000000 26.284062 84.434958 -8.866174 0.579562 0.372484 0.577293 -0.438288
595.300000000 26.339782 84.572952 -8.835786 0.579279 0.372253 0.577681 -0.438347
595.400000000 26.404626 84.711094 -8.811408 0.579855 0.371340 0.578486 -0.437298
595.500000000 26.456752 84.823988 -8.788605 0.579710 0.372145 0.577949 -0.437514
595.600000000 26.511624 84.963541 -8.766026 0.579895 0.371334 0.578705 -0.436959
595.700000000 26.642657 85.089318 -8.753040 0.582828 0.367306 0.581451 -0.432797
595.800000000 26.719194 85.231082 -8.732156 0.582603 0.366720 0.582047 -0.432795
595.900000000 26.759051 85.356376 -8.714262 0.582384 0.366994 0.581873 -0.433091
596.000000000 26.890056 85.492469 -8.703274 0.583789 0.364964 0.583336 -0.430943
596.100000000 26.989905 85.655192 -8.687850 0.584987 0.362813 0.584912 -0.428993
596.200000000 26.992136 85.753005 -8.674159 0.584321 0.363518 0.584520 -0.429837
596.300000000 27.059915 85.893834 -8.660899 0.584154 0.363458 0.584626 -0.429971
596.400000000 27.076940 86.051231 -8.648662 0.582993 0.365259 0.583438 -0.431630
596.500000000 27.198998 86.192630 -8.640605 0.584409 0.362875 0.585094 -0.429479
596.600000000 27.246050 86.322953 -8.633535 0.584323 0.363182 0.584891 -0.429614
596.700000000 27.326626 86.476402 -8.630785 0.585322 0.361300 0.586320 -0.427889
596.800000000 27.411447 86.606578 -8.628491 0.587136 0.358870 0.587981 -0.425160
596.900000000 27.419918 86.725168 -8.624913 0.585557 0.360982 0.586669 -0.427358
597.000000000 27.372504 86.820832 -8.618772 0.582073 0.365742 0.583584 -0.432265
597.100000000 27.415507 86.933738 -8.622476 0.582781 0.365610 0.583534 -0.431489
597.200000000 27.562470 87.236733 -8.619923 0.585808 0.361323 0.586547 -0.426892
597.300000000 27.636830 87.345724 -8.628620 0.587300 0.359795 0.587355 -0.425017
597.400000000 27.693277 87.387466 -8.634033 0.585285 0.361293 0.586658 -0.427482
597.500000000 27.638191 87.507505 -8.634102 0.583047 0.364391 0.584617 -0.430696
597.600000000 27.701782 87.605941 -8.644394 0.582889 0.365447 0.583825 -0.431088
597.700000000 27.745922 87.727261 -8.650751 0.582045 0.365702 0.583839 -0.431993
597.800000000 27.764312 87.827606 -8.666344 0.581624 0.367548 0.582481 -0.432825
597.900000000 27.881097 87.964480 -8.683752 0.584042 0.364373 0.584592 -0.429394
598.000000000 27.893142 88.072802 -8.697532 0.583041 0.365029 0.584237 -0.430679
598.100000000 27.957359 88.242648 -8.710959 0.582543 0.364736 0.584773 -0.430874
598.200000000 28.028917 88.348571 -8.726302 0.581369 0.364045 0.585657 -0.431841
598.300000000 28.089667 88.491963 -8.755161 0.581797 0.365279 0.584623 -0.431624
598.400000000 28.075020 88.616550 -8.780994 0.580849 0.367959 0.582783 -0.433110
598.500000000 28.158232 88.744443 -8.809822 0.581002 0.366844 0.583586 -0.432770
598.600000000 28.242870 88.854428 -8.843234 0.581440 0.365697 0.584515 -0.431898
598.700000000 28.286933 88.965005 -8.880077 0.581769 0.365913 0.584373 -0.431463
598.800000000 28.355342 89.102313 -8.915409 0.582129 0.364998 0.585113 -0.430750
598.900000000 28.362901 89.221955 -8.947892 0.580025 0.366144 0.584553 -0.433368
599.000000000 28.382774 89.372243 -8.992949 0.580050 0.367701 0.583378 -0.433599
599.100000000 28.427032 89.505174 -9.029029 0.578005 0.367762 0.583829 -0.435667
599.200000000 28.547580 89.632685 -9.076694 0.579286 0.364551 0.586193 -0.433483
599.300000000 28.545049 89.742932 -9.140113 0.579578 0.367056 0.584044 -0.433880
599.400000000 28.580321 89.866805 -9.198656 0.579380 0.367914 0.583520 -0.434123
599.500000000 28.618266 89.983129 -9.242664 0.577614 0.367630 0.584191 -0.435811
599.600000000 28.693615 90.077604 -9.308852 0.579198 0.366321 0.584959 -0.433777
599.700000000 28.720376 90.254361 -9.366917 0.578015 0.366411 0.585267 -0.434860
599.800000000 28.769674 90.359859 -9.436739 0.577905 0.366661 0.585054 -0.435083
599.900000000 28.816082 90.489851 -9.506635 0.577624 0.366746 0.585133 -0.435279
600.000000000 28.819402 90.651111 -9.574090 0.576531 0.367937 0.584415 -0.436684
600.100000000 28.938078 90.718032 -9.651268 0.577039 0.365721 0.586156 -0.435540
600.200000000 28.969760 90.844605 -9.731111 0.577707 0.366332 0.585456 -0.435082
600.300000000 28.990489 91.015913 -9.800646 0.575772 0.367591 0.584851 -0.437394
600.400000000 29.061577 91.121204 -9.886789 0.576611 0.366399 0.585637 -0.436236
600.500000000 29.116035 91.242439 -9.976428 0.576894 0.366519 0.585493 -0.435953
600.600000000 29.150390 91.382082 -10.057570 0.576455 0.366346 0.585631 -0.436494
600.700000000 29.159601 91.521613 -10.143200 0.575303 0.367919 0.584668 -0.437979
600.800000000 29.240058 91.643903 -10.235659 0.575979 0.366864 0.585408 -0.436987
600.900000000 29.256817 91.803932 -10.328224 0.575994 0.367704 0.584647 -0.437279
601.000000000 29.324946 92.126815 -10.401849 0.575384 0.366899 0.585537 -0.437567
601.100000000 29.376977 92.252437 -10.490103 0.575204 0.366112 0.586231 -0.437535
601.200000000 29.425765 92.405743 -10.586289 0.575784 0.366325 0.585769 -0.437211
601.300000000 29.440357 92.532678 -10.676653 0.574903 0.367356 0.585166 -0.438311
601.400000000 29.500223 92.650536 -10.770308 0.574770 0.367015 0.585467 -0.438369
601.500000000 29.539945 92.816896 -10.857883 0.573892 0.366974 0.585866 -0.439020
601.600000000 29.561334 92.977934 -10.944602 0.573836 0.366285 0.586490 -0.438836
601.700000000 29.619932 93.099412 -11.044205 0.574161 0.366176 0.586508 -0.438478
601.800000000 29.665074 93.266530 -11.132130 0.573750 0.365903 0.586840 -0.438799
601.900000000 29.704562 93.415585 -11.222673 0.573341 0.365701 0.587182 -0.439045
602.000000000 29.750363 93.540842 -11.321330 0.573433 0.366109 0.586959 -0.438883
602.100000000 29.777480 93.622355 -11.423608 0.573904 0.366503 0.586418 -0.438660
602.200000000 29.821543 93.872341 -11.496049 0.572530 0.366299 0.586960 -0.439901
602.300000000 29.870057 94.025990 -11.578133 0.571451 0.365678 0.588076 -0.440330
602.400000000 29.901626 94.148629 -11.674534 0.571326 0.365978 0.588101 -0.440210
602.500000000 29.925034 94.256820 -11.763970 0.571378 0.365514 0.588466 -0.440040
602.600000000 29.958838 94.436894 -11.848820 0.571179 0.365343 0.588787 -0.440010
602.700000000 30.006078 94.538815 -11.935028 0.570311 0.365368 0.589126 -0.440661
602.800000000 30.041474 94.710524 -12.022537 0.570667 0.365441 0.589065 -0.440221
602.900000000 30.096100 94.854900 -12.101280 0.569915 0.364891 0.589874 -0.440568
603.000000000 30.129069 94.925813 -12.191547 0.569902 0.365228 0.589564 -0.440721
603.100000000 30.174433 95.127222 -12.264309 0.569945 0.364414 0.590373 -0.440255
603.200000000 30.235094 95.310431 -12.344119 0.569607 0.365299 0.589684 -0.440882
603.300000000 30.289485 95.460358 -12.415099 0.569135 0.364809 0.590239 -0.441155
603.400000000 30.331564 95.609841 -12.487137 0.568667 0.364461 0.590805 -0.441289
603.500000000 30.360491 95.668861 -12.579440 0.569695 0.365182 0.589859 -0.440631
603.600000000 30.403872 95.833041 -12.643866 0.568989 0.365158 0.590032 -0.441331
603.700000000 30.447211 96.069597 -12.707086 0.568744 0.365442 0.590039 -0.441403
603.800000000 30.492380 96.157535 -12.780737 0.568864 0.365276 0.590183 -0.441192
603.900000000 30.537245 96.334122 -12.840292 0.568676 0.364989 0.590507 -0.441239
604.000000000 30.588142 96.434112 -12.902649 0.568569 0.365975 0.589690 -0.441654
604.100000000 30.631576 96.584734 -12.965064 0.568849 0.366036 0.589645 -0.441302
604.200000000 30.678408 96.697971 -13.021486 0.568288 0.365979 0.589851 -0.441797
604.300000000 30.725300 96.881852 -13.078873 0.568388 0.366392 0.589415 -0.441907
604.400000000 30.763936 97.017501 -13.133379 0.568557 0.366628 0.589288 -0.441663
604.500000000 30.801126 97.129131 -13.187838 0.568889 0.366786 0.589131 -0.441314
604.600000000 30.858142 97.312800 -13.219985 0.568071 0.365938 0.589999 -0.441911
604.700000000 30.894645 97.444837 -13.267400 0.568180 0.366342 0.589723 -0.441805
604.800000000 30.935025 97.588719 -13.307918 0.568415 0.365836 0.590133 -0.441375
604.900000000 30.970789 97.739819 -13.351975 0.568740 0.366564 0.589432 -0.441288
605.000000000 31.024609 97.854029 -13.383010 0.568155 0.366315 0.589897 -0.441628
605.100000000 31.074408 98.014705 -13.417112 0.567398 0.367402 0.589121 -0.442732
605.200000000 31.113367 98.152886 -13.453009 0.568121 0.367373 0.588973 -0.442025
605.300000000 31.162437 98.248367 -13.482993 0.568218 0.367199 0.589163 -0.441792
605.400000000 31.199300 98.422534 -13.505200 0.568430 0.366980 0.589320 -0.441491
605.500000000 31.248039 98.530124 -13.524256 0.568112 0.366806 0.589591 -0.441684
605.600000000 31.291117 98.615402 -13.565347 0.568938 0.367746 0.588532 -0.441251
605.700000000 31.348225 98.752687 -13.571668 0.568339 0.367653 0.588799 -0.441743
605.800000000 31.375764 98.942020 -13.582352 0.568065 0.368453 0.588128 -0.442324
605.900000000 31.431749 99.033818 -13.597465 0.568218 0.368375 0.588187 -0.442113
606.000000000 31.470352 99.156645 -13.611550 0.568615 0.368878 0.587710 -0.441817
606.100000000 31.519922 99.287833 -13.618859 0.568328 0.369460 0.587338 -0.442196
606.200000000 31.563318 99.432630 -13.624149 0.568860 0.369307 0.587257 -0.441747
606.300000000 31.605909 99.578657 -13.622973 0.569038 0.369200 0.587323 -0.441519
606.400000000 31.641443 99.743202 -13.626762 0.569603 0.369758 0.586604 -0.441278
606.500000000 31.682688 99.844107 -13.623836 0.569820 0.369705 0.586592 -0.441059
606.600000000 31.730429 100.038404 -13.605472 0.569503 0.369517 0.586875 -0.441249
606.700000000 31.784361 100.120375 -13.595158 0.569281 0.369758 0.586773 -0.441470
606.800000000 31.827250 100.178185 -13.593362 0.570024 0.369899 0.586396 -0.440893
606.900000000 31.874751 100.311684 -13.579350 0.570764 0.369780 0.586264 -0.440210
607.000000000 31.923133 100.443099 -13.555960 0.570567 0.370134 0.586011 -0.440506
607.100000000 31.971677 100.564590 -13.536600 0.570744 0.370633 0.585542 -0.440480
607.200000000 32.002246 100.857290 -13.494873 0.570896 0.370733 0.585212 -0.440639
607.300000000 32.047904 100.974799 -13.463640 0.570873 0.371039 0.584997 -0.440695
607.400000000 32.083842 101.051047 -13.452590 0.572145 0.371936 0.583833 -0.439833
607.500000000 32.142319 101.107050 -13.405932 0.572011 0.371511 0.584334 -0.439701
607.600000000 32.175192 101.278272 -13.370305 0.572064 0.372687 0.583223 -0.440111
607.700000000 32.224981 101.443707 -13.311779 0.572455 0.372186 0.583378 -0.439822
607.800000000 32.277237 101.526062 -13.267033 0.572438 0.372796 0.583366 -0.439343
607.900000000 32.310431 101.660753 -13.218132 0.571876 0.376964 0.583981 -0.435686
608.000000000 32.370198 101.823641 -13.140203 0.570367 0.380181 0.586216 -0.431851
608.100000000 32.423049 101.961754 -13.069979 0.569695 0.383362 0.586610 -0.429383
608.200000000 32.478708 102.080025 -13.003445 0.570587 0.384592 0.586584 -0.427128
608.300000000 32.530478 102.197350 -12.932475 0.571519 0.385739 0.585612 -0.426181
608.400000000 32.588451 102.338396 -12.845262 0.571447 0.386218 0.585039 -0.426631
608.500000000 32.639607 102.435564 -12.777384 0.572633 0.387356 0.583411 -0.426238
608.600000000 32.704907 102.573182 -12.672986 0.572534 0.386457 0.583968 -0.426425
608.700000000 32.776517 102.690156 -12.582617 0.573063 0.386391 0.583633 -0.426232
608.800000000 32.844998 102.794794 -12.492730 0.573546 0.387046 0.582725 -0.426230
608.900000000 32.911050 102.888811 -12.406550 0.574984 0.387550 0.581715 -0.425212
609.000000000 32.979964 102.985711 -12.312543 0.575433 0.388154 0.580754 -0.425368
609.100000000 33.051295 103.091739 -12.207550 0.575332 0.388648 0.580067 -0.425990
609.200000000 33.131634 103.185041 -12.110396 0.576146 0.389743 0.578347 -0.426228
609.300000000 33.212514 103.241279 -12.004941 0.576635 0.389622 0.577812 -0.426404
609.400000000 33.291383 103.307176 -11.903544 0.577655 0.389935 0.576801 -0.426106
609.500000000 33.378190 103.275917 -11.804740 0.578517 0.390122 0.575918 -0.425959
609.600000000 33.455162 103.381263 -11.704686 0.579567 0.391353 0.573996 -0.425998
609.700000000 33.556858 103.318511 -11.588411 0.579573 0.390018 0.574781 -0.426154
609.800000000 33.648142 103.416591 -11.479136 0.580662 0.389941 0.574026 -0.425760
609.900000000 33.756392 103.337931 -11.358533 0.579996 0.388768 0.574840 -0.426641
610.000000000 33.832315 103.578666 -11.228821 0.579555 0.389157 0.573999 -0.428016
610.100000000 33.920106 103.550992 -11.120021 0.580542 0.388683 0.573602 -0.427641
610.200000000 34.012630 103.628038 -10.994461 0.580372 0.388047 0.573773 -0.428219
610.300000000 34.107750 103.794278 -10.869105 0.580399 0.387867 0.573328 -0.428942
610.400000000 34.194090 103.891161 -10.745943 0.580834 0.387108 0.573460 -0.428862
610.500000000 34.284617 104.029162 -10.611625 0.580277 0.386562 0.573631 -0.429878
610.600000000 34.376062 103.953455 -10.493707 0.580489 0.385783 0.573660 -0.430253
610.700000000 34.472121 103.886289 -10.372134 0.579689 0.385751 0.573650 -0.431372
610.800000000 34.566924 104.065685 -10.235563 0.578939 0.384862 0.574351 -0.432241
610.900000000 34.653327 104.075916 -10.129462 0.579936 0.384915 0.573709 -0.431710
611.000000000 34.744749 104.021174 -10.012588 0.579793 0.384530 0.573978 -0.431887
611.100000000 34.838812 104.109009 -9.879208 0.578741 0.384007 0.574715 -0.432782
611.200000000 34.918540 104.086793 -9.780103 0.580219 0.384392 0.573925 -0.431508
611.300000000 35.014381 104.047262 -9.656059 0.578573 0.383890 0.574876 -0.432896
611.400000000 35.106839 103.884306 -9.542358 0.578043 0.383594 0.575335 -0.433257
611.500000000 35.192301 103.818729 -9.437534 0.578163 0.383573 0.575206 -0.433286
611.600000000 35.295755 103.659169 -9.318812 0.576937 0.382808 0.576219 -0.434251
611.700000000 35.436616 102.596752 -9.250751 0.577184 0.381011 0.578024 -0.433103
611.800000000 35.529751 102.528047 -9.137705 0.576323 0.380455 0.578819 -0.433674
611.900000000 35.611639 102.361805 -9.053160 0.577355 0.380697 0.578401 -0.432647
612.000000000 35.702807 102.207451 -8.976652 0.578399 0.381343 0.577464 -0.431934
612.100000000 35.798022 102.114133 -8.857396 0.576833 0.380972 0.578326 -0.433201
612.200000000 35.867577 101.802892 -8.783018 0.580480 0.377261 0.580508 -0.428635
612.300000000 35.976722 101.680666 -8.682085 0.579599 0.377068 0.580950 -0.429398
612.400000000 36.067528 101.634890 -8.564257 0.577735 0.375459 0.582830 -0.430768
612.500000000 36.150734 101.571378 -8.491178 0.578714 0.376061 0.582102 -0.429914
612.600000000 36.249534 101.516848 -8.405970 0.578911 0.375779 0.582123 -0.429865
612.700000000 36.344184 101.478308 -8.297814 0.577330 0.374434 0.583927 -0.430718
612.800000000 36.420252 101.390717 -8.263251 0.579740 0.375726 0.581553 -0.429566
612.900000000 36.493912 101.362089 -8.166627 0.579343 0.375031 0.582384 -0.429584
613.000000000 36.560450 101.322040 -8.084069 0.578498 0.374451 0.583165 -0.430169
613.100000000 36.638328 101.277861 -8.017742 0.579900 0.375086 0.582035 -0.429256
613.200000000 36.719593 101.264369 -7.935256 0.580290 0.374868 0.581664 -0.429424
613.300000000 36.794334 101.199818 -7.884509 0.581723 0.375261 0.580332 -0.428943
613.400000000 36.825594 101.018762 -8.082097 0.595747 0.386793 0.563429 -0.421930
613.500000000 36.924386 101.028935 -7.914428 0.589876 0.381434 0.570545 -0.425480
613.600000000 37.012021 101.008004 -7.780222 0.586254 0.378424 0.574506 -0.427835
613.700000000 37.102248 100.905284 -7.711778 0.584875 0.377667 0.575474 -0.429090
613.800000000 37.176675 100.881903 -7.643221 0.584168 0.376605 0.576379 -0.429771
613.900000000 37.250648 100.837780 -7.593454 0.584017 0.375996 0.576475 -0.430381
614.000000000 37.321294 100.775326 -7.538230 0.583111 0.375334 0.577162 -0.431266
614.100000000 37.391582 100.712778 -7.495920 0.583149 0.375168 0.576931 -0.431667
614.200000000 37.457763 100.629631 -7.473086 0.584162 0.375464 0.575860 -0.431471
614.300000000 37.520016 100.622534 -7.450160 0.585060 0.375672 0.574878 -0.431382
614.400000000 37.583185 100.534481 -7.425132 0.585540 0.375676 0.574264 -0.431545
614.500000000 37.646266 100.520691 -7.387076 0.585301 0.374871 0.574710 -0.431975
614.600000000 37.715716 100.420033 -7.364227 0.584694 0.374726 0.574755 -0.432863
614.700000000 37.770793 100.433915 -7.329817 0.583884 0.373591 0.575760 -0.433601
614.800000000 37.818240 100.450523 -7.293726 0.583775 0.372309 0.576561 -0.433786
614.900000000 37.865401 100.448911 -7.284045 0.584501 0.372136 0.576048 -0.433638
615.000000000 37.925885 100.330420 -7.272356 0.583985 0.371840 0.576173 -0.434421
615.100000000 37.974039 100.225845 -7.269925 0.583978 0.372213 0.575556 -0.434927
615.200000000 38.018580 100.219551 -7.254016 0.583595 0.371268 0.576222 -0.435369
615.300000000 38.056751 100.259157 -7.261082 0.584172 0.372112 0.574983 -0.435512
615.400000000 38.102734 100.205730 -7.242358 0.582715 0.370074 0.576874 -0.436698
615.500000000 38.174353 100.087852 -7.260527 0.583900 0.370277 0.576105 -0.435957
615.600000000 38.217178 100.041566 -7.261849 0.582935 0.369911 0.576768 -0.436682
615.700000000 38.252597 99.979738 -7.244475 0.580829 0.367979 0.578477 -0.438855
615.800000000 38.252057 99.914394 -7.266967 0.581849 0.367538 0.578550 -0.437776
615.900000000 38.278608 99.908749 -7.282692 0.581765 0.367360 0.578516 -0.438081
616.000000000 38.309942 99.836482 -7.302251 0.581746 0.366929 0.578596 -0.438362
616.100000000 38.338877 99.777419 -7.316069 0.581409 0.366498 0.578907 -0.438759
616.200000000 38.358152 99.718819 -7.343135 0.581384 0.366777 0.578624 -0.438932
616.300000000 38.392275 99.563500 -7.360797 0.580135 0.366863 0.578817 -0.440256
616.400000000 38.410600 99.538487 -7.388662 0.579553 0.367000 0.578758 -0.440986
616.500000000 38.435417 99.433568 -7.422431 0.578644 0.367818 0.578287 -0.442116
616.600000000 38.461107 99.142704 -7.492990 0.580551 0.369352 0.576352 -0.440860
616.700000000 38.471291 99.103547 -7.518026 0.579532 0.369099 0.576739 -0.441906
616.800000000 38.479855 99.051783 -7.562479 0.579837 0.369352 0.576422 -0.441707
616.900000000 38.483648 99.038943 -7.607447 0.580436 0.369864 0.575892 -0.441183
617.000000000 38.485684 98.943889 -7.644681 0.579798 0.367810 0.577774 -0.441279
617.100000000 38.484544 98.900723 -7.690654 0.580280 0.367825 0.577610 -0.440848
617.200000000 38.484653 98.890742 -7.736022 0.580157 0.368422 0.577261 -0.440968
617.300000000 38.478659 98.854514 -7.795252 0.580654 0.369843 0.576045 -0.440715
617.400000000 38.474181 98.824381 -7.849879 0.581032 0.370382 0.575424 -0.440575
617.500000000 38.466869 98.815537 -7.894427 0.580021 0.370539 0.575836 -0.441237
617.600000000 38.462192 98.750174 -7.949289 0.579225 0.371702 0.575119 -0.442238
617.700000000 38.451820 98.565891 -8.013454 0.578681 0.371995 0.575359 -0.442392
617.800000000 38.434362 98.513265 -8.078645 0.579249 0.373383 0.573924 -0.442343
617.900000000 38.440300 98.352625 -8.134784 0.580424 0.370706 0.576218 -0.440066
618.000000000 38.433241 98.229888 -8.194016 0.581072 0.370120 0.576745 -0.439012
618.100000000 38.409233 98.212992 -8.252615 0.581142 0.370228 0.576631 -0.438979
618.200000000 38.378865 98.190947 -8.310654 0.581072 0.370931 0.576075 -0.439208
618.300000000 38.342039 98.199590 -8.368718 0.580780 0.371763 0.575540 -0.439592
618.400000000 38.307595 98.197449 -8.428501 0.581216 0.372469 0.574705 -0.439510
618.500000000 38.045599 98.168377 -8.466981 0.600230 0.344167 0.594134 -0.410216
618.600000000 38.195256 99.449797 -8.470342 0.578005 0.370703 0.577452 -0.441632
618.700000000 38.179879 99.261626 -8.532756 0.578038 0.369540 0.578488 -0.441208
618.800000000 38.152271 99.174255 -8.593142 0.576735 0.370547 0.578261 -0.442365
618.900000000 38.118431 99.070803 -8.655628 0.576536 0.370932 0.577868 -0.442815
619.000000000 38.112123 98.701195 -8.737295 0.573058 0.377200 0.573588 -0.447573
619.100000000 37.820810 97.644057 -8.837112 0.600059 0.343182 0.596088 -0.408453
619.200000000 38.016796 99.020509 -8.836911 0.576504 0.371862 0.577449 -0.442623
619.300000000 37.902545 99.918697 -8.861369 0.576978 0.373532 0.575465 -0.443181
619.400000000 37.849608 99.956689 -8.922101 0.577376 0.373853 0.575016 -0.442976
619.500000000 37.868753 99.275099 -8.997761 0.575255 0.373276 0.576679 -0.444058
619.600000000 37.643137 98.506482 -9.074836 0.572638 0.376343 0.575275 -0.446667
619.700000000 37.572454 97.309050 -9.185168 0.596075 0.346216 0.595989 -0.411856
619.800000000 37.508484 97.185261 -9.248940 0.595289 0.346955 0.595757 -0.412707
619.900000000 37.532612 96.852172 -9.288685 0.569970 0.371607 0.582138 -0.445150
620.000000000 37.396677 97.102432 -9.361465 0.595846 0.344753 0.597258 -0.411577
620.100000000 37.432360 96.821617 -9.401667 0.569884 0.372352 0.581514 -0.445452
620.200000000 37.286417 97.071956 -9.459059 0.596117 0.342790 0.599033 -0.410241
620.300000000 37.338208 96.633975 -9.494278 0.567457 0.370535 0.584244 -0.446492
620.400000000 37.574130 95.428605 -9.595103 0.567949 0.366009 0.588803 -0.443602
620.500000000 37.137210 96.802392 -9.624618 0.594278 0.344763 0.598458 -0.412094
620.600000000 37.185959 96.500178 -9.661914 0.567489 0.372724 0.582762 -0.446567
620.700000000 37.016292 96.555147 -9.739356 0.595840 0.343912 0.599048 -0.409684
620.800000000 37.081326 96.420592 -9.766823 0.568347 0.372015 0.583186 -0.445512
620.900000000 36.895127 96.572817 -9.838147 0.596227 0.343988 0.599001 -0.409124
621.000000000 37.146013 96.290306 -9.874980 0.568845 0.370037 0.584801 -0.444406
621.100000000 36.779133 96.476917 -9.921526 0.595453 0.341635 0.601342 -0.408790
621.200000000 37.015167 96.246890 -9.960997 0.568628 0.370340 0.584837 -0.444383
621.300000000 36.651980 96.298652 -10.009385 0.595588 0.340722 0.602361 -0.407853
621.400000000 36.886756 96.149722 -10.043598 0.568695 0.369565 0.585806 -0.443665
621.500000000 36.550859 96.184526 -10.087568 0.594357 0.341530 0.602345 -0.408996
621.600000000 36.787362 96.001995 -10.124054 0.568253 0.369744 0.586038 -0.443776
621.700000000 36.390625 96.079677 -10.169524 0.595387 0.340411 0.603282 -0.407044
621.800000000 36.649542 95.947490 -10.202881 0.571023 0.366033 0.588722 -0.439726
621.900000000 36.293215 97.473356 -10.184347 0.569546 0.376260 0.579045 -0.445817
622.000000000 36.072226 97.710043 -10.217349 0.595078 0.347469 0.596438 -0.411593
622.100000000 36.237858 98.040440 -10.246427 0.574273 0.374091 0.579699 -0.440699
622.200000000 36.169370 97.985896 -10.278213 0.574091 0.374363 0.579694 -0.440711
622.300000000 36.083562 97.916470 -10.306158 0.573786 0.374484 0.579811 -0.440852
622.400000000 36.016477 97.765919 -10.336668 0.573607 0.374674 0.579874 -0.440841
622.500000000 35.944889 97.739677 -10.364819 0.573674 0.375020 0.579695 -0.440695
622.600000000 35.868418 97.675904 -10.379659 0.572385 0.374992 0.580237 -0.441680
622.700000000 35.806005 97.556382 -10.396277 0.571526 0.374227 0.581298 -0.442046
622.800000000 35.726523 97.489024 -10.427027 0.572437 0.374875 0.580687 -0.441120
622.900000000 35.648170 97.435030 -10.447424 0.572626 0.375053 0.580535 -0.440924
623.000000000 35.574587 97.348364 -10.464241 0.572067 0.375264 0.580791 -0.441132
623.100000000 35.501811 97.236787 -10.483711 0.571974 0.375547 0.580689 -0.441146
623.200000000 35.444217 97.048099 -10.501249 0.571903 0.374818 0.581635 -0.440612
623.300000000 35.375772 96.972216 -10.515941 0.571957 0.374593 0.581936 -0.440335
623.400000000 35.298004 96.991709 -10.519298 0.571243 0.374849 0.582067 -0.440872
623.500000000 35.230853 96.867154 -10.522927 0.570381 0.373878 0.583270 -0.441222
623.600000000 35.146319 96.804711 -10.541138 0.570921 0.375253 0.582129 -0.440863
623.700000000 35.084081 96.611503 -10.556085 0.571316 0.375002 0.582524 -0.440043
623.800000000 35.011676 96.567277 -10.556745 0.570835 0.374801 0.582936 -0.440292
623.900000000 34.947613 96.495862 -10.557969 0.570563 0.374760 0.583264 -0.440245
624.000000000 34.885937 96.313438 -10.568582 0.570583 0.374858 0.583427 -0.439919
624.100000000 34.824253 96.262075 -10.567594 0.570586 0.374644 0.583663 -0.439784
624.200000000 34.754102 96.198671 -10.562656 0.570099 0.373905 0.584543 -0.439876
624.300000000 34.685625 96.166053 -10.558831 0.569634 0.374797 0.584019 -0.440416
624.400000000 34.627947 96.044076 -10.557799 0.569938 0.374091 0.584773 -0.439621
624.500000000 34.562295 95.984906 -10.553279 0.570141 0.374080 0.584772 -0.439369
624.600000000 34.504160 95.883535 -10.551601 0.570485 0.373845 0.584960 -0.438873
624.700000000 34.469898 95.722313 -10.548098 0.570085 0.373668 0.585361 -0.439008
624.800000000 34.453159 95.577882 -10.551697 0.569719 0.374838 0.584605 -0.439493
624.900000000 34.391397 95.524043 -10.542655 0.569944 0.374719 0.584648 -0.439245
625.000000000 34.333373 95.466267 -10.527639 0.569329 0.374742 0.584852 -0.439751
625.100000000 34.279988 95.364425 -10.510615 0.569666 0.373137 0.586192 -0.438894
625.200000000 34.219161 95.290585 -10.501391 0.569844 0.373668 0.585770 -0.438775
625.300000000 34.181077 95.127416 -10.495323 0.569807 0.373872 0.585663 -0.438792
625.400000000 34.127302 95.004821 -10.480211 0.569665 0.373388 0.586176 -0.438704
625.500000000 34.053887 94.915064 -10.463453 0.569984 0.372957 0.586519 -0.438197
625.600000000 34.001786 94.857199 -10.446420 0.570187 0.373335 0.586192 -0.438049
625.700000000 33.932639 94.714990 -10.430732 0.570349 0.372658 0.586703 -0.437730
625.800000000 33.880213 94.789836 -10.401435 0.570293 0.372981 0.586351 -0.437999
625.900000000 33.831363 94.713751 -10.384909 0.570439 0.373451 0.585924 -0.437980
626.000000000 33.785755 94.585155 -10.368517 0.570734 0.373161 0.585968 -0.437785
626.100000000 33.711967 94.465886 -10.346787 0.570778 0.373098 0.586038 -0.437687
626.200000000 33.658645 94.422710 -10.319197 0.570454 0.372897 0.586210 -0.438050
626.300000000 33.614375 94.277822 -10.301223 0.571029 0.372683 0.586297 -0.437366
626.400000000 33.545219 94.017968 -10.286793 0.571059 0.371520 0.587438 -0.436784
626.500000000 33.499833 94.028179 -10.254087 0.571160 0.371105 0.587547 -0.436858
626.600000000 33.444105 93.949948 -10.234534 0.572062 0.371343 0.586983 -0.436234
626.700000000 33.411464 93.832082 -10.208269 0.571496 0.371076 0.587317 -0.436753
626.800000000 33.362089 93.763286 -10.187497 0.572374 0.371215 0.586707 -0.436304
626.900000000 33.320728 93.597765 -10.166931 0.572176 0.371286 0.586834 -0.436334
627.000000000 33.267126 93.446336 -10.148025 0.572426 0.371470 0.586551 -0.436229
627.100000000 33.208442 93.337206 -10.118667 0.572370 0.370813 0.587029 -0.436220
627.200000000 33.177264 93.238797 -10.093907 0.572715 0.370424 0.587177 -0.435898
627.300000000 33.126612 93.089938 -10.072672 0.573041 0.370179 0.587236 -0.435598
627.400000000 33.055121 92.974421 -10.048975 0.572847 0.370977 0.586545 -0.436106
627.500000000 33.070038 92.835616 -10.025819 0.572684 0.370855 0.586684 -0.436235
627.600000000 33.050717 92.801470 -9.994852 0.572807 0.370601 0.586671 -0.436308
627.700000000 32.991385 92.697792 -9.966131 0.572535 0.370450 0.586837 -0.436570
627.800000000 32.983994 92.559441 -9.947869 0.573345 0.370674 0.586318 -0.436013
627.900000000 32.934922 92.466917 -9.920388 0.574288 0.369889 0.586442 -0.435272
628.000000000 32.865473 92.317715 -9.895062 0.574662 0.369320 0.586757 -0.434837
628.100000000 32.824189 92.175534 -9.869789 0.574012 0.369959 0.586335 -0.435720
628.200000000 32.811950 92.049656 -9.843219 0.573749 0.369874 0.586449 -0.435985
628.300000000 32.785280 91.931157 -9.821356 0.573962 0.370217 0.585992 -0.436029
628.400000000 32.729855 91.790695 -9.799094 0.574648 0.370155 0.585871 -0.435339
628.500000000 32.704667 91.680748 -9.768426 0.573994 0.369925 0.585955 -0.436284
628.600000000 32.678147 91.548815 -9.745232 0.574563 0.369055 0.586481 -0.435565
628.700000000 32.633467 91.442289 -9.720705 0.575156 0.368527 0.586637 -0.435018
628.800000000 32.588412 91.315921 -9.697423 0.574919 0.369169 0.585987 -0.435662
628.900000000 32.583992 91.175404 -9.678358 0.575236 0.369086 0.585953 -0.435360
629.000000000 32.533810 91.066295 -9.650038 0.574855 0.369269 0.585730 -0.436007
629.100000000 32.522434 90.935004 -9.628570 0.575104 0.369023 0.585724 -0.435896
629.200000000 32.480329 90.805936 -9.605963 0.574898 0.369358 0.585351 -0.436384
629.300000000 32.442054 90.669288 -9.584839 0.574937 0.369475 0.585107 -0.436561
629.400000000 32.431353 90.546925 -9.566958 0.575930 0.368695 0.585441 -0.435461
629.500000000 32.397764 90.418924 -9.543197 0.575829 0.368648 0.585371 -0.435730
629.600000000 32.363665 90.274091 -9.525167 0.575873 0.368957 0.584941 -0.435987
629.700000000 32.340691 90.150344 -9.505848 0.575908 0.369074 0.584673 -0.436201
629.800000000 32.303308 90.031360 -9.485394 0.575919 0.369160 0.584504 -0.436341
629.900000000 32.251936 89.889290 -9.469763 0.575908 0.369951 0.583595 -0.436902
630.000000000 32.248307 89.748262 -9.453506 0.576577 0.369031 0.584121 -0.436095
630.100000000 32.235437 89.602839 -9.438802 0.577225 0.368591 0.584127 -0.435600
630.200000000 32.190640 89.451615 -9.419238 0.576622 0.368823 0.584019 -0.436346
630.300000000 32.178873 89.338619 -9.405071 0.576988 0.368545 0.583962 -0.436175
630.400000000 32.137887 89.280028 -9.382769 0.576788 0.368920 0.583585 -0.436625
630.500000000 32.141233 89.142123 -9.371445 0.577626 0.368368 0.583662 -0.435881
630.600000000 32.099896 88.931759 -9.359015 0.576822 0.369107 0.583105 -0.437064
630.700000000 32.071683 88.859227 -9.346960 0.577828 0.369138 0.582756 -0.436173
630.800000000 32.079675 88.716601 -9.334298 0.578070 0.368480 0.583149 -0.435885
630.900000000 32.055766 88.553378 -9.321343 0.577946 0.368204 0.583181 -0.436240
631.000000000 31.985139 88.489799 -9.304802 0.576880 0.369347 0.582316 -0.437837
631.100000000 31.981077 88.381087 -9.296480 0.578211 0.368573 0.582549 -0.436421
631.200000000 31.963791 88.217721 -9.285137 0.577652 0.368650 0.582445 -0.437233
631.300000000 31.971148 88.098946 -9.277535 0.578649 0.367357 0.583143 -0.436072
631.400000000 31.928171 87.965046 -9.265912 0.578056 0.367656 0.582919 -0.436904
631.500000000 31.894066 87.802927 -9.260306 0.577899 0.368128 0.582464 -0.437321
631.600000000 31.905236 87.708990 -9.253405 0.579001 0.366941 0.582993 -0.436154
631.700000000 31.882625 87.579311 -9.247430 0.579460 0.366467 0.583201 -0.435667
631.800000000 31.830874 87.434585 -9.239242 0.578699 0.367399 0.582499 -0.436830
631.900000000 31.779992 87.289507 -9.235986 0.578110 0.368721 0.581372 -0.437995
632.000000000 31.767222 87.167240 -9.231568 0.578426 0.368228 0.581492 -0.437834
632.100000000 31.744980 87.034505 -9.229054 0.578573 0.368055 0.581438 -0.437856
632.200000000 31.722662 86.911476 -9.225112 0.578700 0.367843 0.581534 -0.437739
632.300000000 31.717018 86.794213 -9.223151 0.579273 0.367096 0.581917 -0.437099
632.400000000 31.685133 86.660361 -9.224249 0.579744 0.366998 0.581754 -0.436775
632.500000000 31.631618 86.529566 -9.222453 0.578758 0.368227 0.580850 -0.438247
632.600000000 31.617961 86.415006 -9.221292 0.579190 0.367159 0.581472 -0.437749
632.700000000 31.576104 86.271434 -9.229150 0.578803 0.368513 0.580364 -0.438592
632.800000000 31.581142 86.170387 -9.234746 0.579853 0.367097 0.581186 -0.437303
632.900000000 31.528510 86.048448 -9.235991 0.579605 0.366931 0.581324 -0.437587
633.000000000 31.503142 85.934831 -9.244261 0.579688 0.366982 0.581228 -0.437562
633.100000000 31.427131 85.822577 -9.249544 0.578769 0.368063 0.580440 -0.438914
633.200000000 31.435566 85.700963 -9.265217 0.579755 0.367062 0.580976 -0.437740
633.300000000 31.365710 85.612614 -9.278430 0.579340 0.367788 0.580416 -0.438423
633.400000000 31.283171 85.505144 -9.289186 0.577152 0.370733 0.578387 -0.441500
633.500000000 31.323794 85.375683 -9.312627 0.581017 0.364860 0.582327 -0.436110
633.600000000 31.273753 85.259494 -9.333961 0.580438 0.365993 0.581483 -0.437056
633.700000000 31.213953 85.197483 -9.354202 0.580509 0.365902 0.581479 -0.437043
633.800000000 31.181695 85.085889 -9.380248 0.578667 0.368921 0.579395 -0.439708
633.900000000 31.144446 84.977390 -9.410142 0.579197 0.368304 0.579773 -0.439029
634.000000000 31.101748 84.910367 -9.439437 0.576737 0.372710 0.576647 -0.442651
634.100000000 31.104299 84.806352 -9.472923 0.577498 0.370943 0.577895 -0.441513
634.200000000 31.095155 84.671522 -9.511946 0.579548 0.367687 0.580095 -0.438658
634.300000000 31.054730 84.573146 -9.552147 0.579984 0.367856 0.579864 -0.438245
634.400000000 31.015289 84.431199 -9.598865 0.581388 0.366801 0.580414 -0.436538
634.500000000 30.956072 84.299931 -9.643407 0.581534 0.367020 0.580184 -0.436465
634.600000000 30.928878 84.287826 -9.682072 0.581805 0.365906 0.580981 -0.435977
634.700000000 30.897573 84.121419 -9.728127 0.582254 0.364280 0.582224 -0.435081
634.800000000 30.855909 84.085036 -9.775015 0.582267 0.365011 0.581640 -0.435231
634.900000000 30.815920 84.051774 -9.826103 0.582848 0.365205 0.581407 -0.434602
635.000000000 30.781028 83.981542 -9.874428 0.582307 0.365169 0.581612 -0.435084
635.100000000 30.740735 83.778673 -9.935554 0.582974 0.364314 0.582109 -0.434241
635.200000000 30.695342 83.335906 -10.012874 0.584147 0.363785 0.582041 -0.433198
635.300000000 30.640370 83.546156 -10.050425 0.583400 0.363882 0.582432 -0.433598
635.400000000 30.571386 83.596842 -10.094415 0.582717 0.364149 0.582516 -0.434179
635.500000000 30.532515 83.390736 -10.161310 0.583349 0.363307 0.583035 -0.433338
635.600000000 30.489976 82.998784 -10.248058 0.584359 0.364153 0.581870 -0.432832
635.700000000 30.455115 82.814798 -10.314285 0.584430 0.364179 0.581725 -0.432910
635.800000000 30.405606 82.665410 -10.384099 0.584362 0.364990 0.581014 -0.433274
635.900000000 30.345979 82.592923 -10.444150 0.584436 0.364418 0.581403 -0.433133
636.000000000 30.294838 82.501061 -10.511312 0.584767 0.364338 0.581524 -0.432591
636.100000000 30.247487 82.391262 -10.576277 0.585562 0.363162 0.582217 -0.431572
636.200000000 30.195633 82.242739 -10.646770 0.585484 0.363335 0.582162 -0.431607
636.300000000 30.138315 82.265576 -10.699094 0.584796 0.363096 0.582674 -0.432048
636.400000000 30.088425 82.114418 -10.772462 0.585250 0.363300 0.582355 -0.431692
636.500000000 30.039882 81.975529 -10.838005 0.584958 0.362687 0.582980 -0.431760
636.600000000 29.978287 81.956446 -10.901523 0.585106 0.362639 0.583126 -0.431402
636.700000000 29.920624 81.898609 -10.966019 0.584926 0.362720 0.583109 -0.431601
636.800000000 29.866578 81.820921 -11.030483 0.585073 0.362497 0.583283 -0.431354
636.900000000 29.817379 81.683644 -11.102419 0.585750 0.361955 0.583608 -0.430450
637.000000000 29.753408 81.554261 -11.173467 0.586007 0.362152 0.583368 -0.430259
637.100000000 29.696500 81.551042 -11.233167 0.585514 0.362149 0.583638 -0.430566
637.200000000 29.639852 81.321975 -11.313721 0.586039 0.362673 0.583028 -0.430239
637.300000000 29.580751 81.267173 -11.372136 0.585378 0.362343 0.583586 -0.430659
637.400000000 29.517557 81.242435 -11.439784 0.585785 0.363128 0.582960 -0.430292
637.500000000 29.451944 81.207377 -11.501466 0.585754 0.363227 0.582862 -0.430384
637.600000000 29.393824 81.088327 -11.564814 0.585497 0.363327 0.583031 -0.430420
637.700000000 29.338940 81.039979 -11.627325 0.585646 0.363419 0.582946 -0.430255
637.800000000 29.275963 80.977629 -11.689662 0.585452 0.363732 0.582805 -0.430444
637.900000000 29.226263 80.649062 -11.770429 0.586544 0.363184 0.582941 -0.429236
638.000000000 29.164884 80.652655 -11.819387 0.585818 0.363157 0.583326 -0.429726
638.100000000 29.092795 80.647695 -11.880916 0.585814 0.364305 0.582435 -0.429969
638.200000000 29.031669 80.495114 -11.942720 0.586005 0.364339 0.582358 -0.429784
638.300000000 28.970766 80.510323 -11.998048 0.586379 0.364037 0.582636 -0.429152
638.400000000 28.912352 80.378945 -12.057221 0.586126 0.364566 0.582361 -0.429422
638.500000000 28.843027 80.399831 -12.104374 0.585681 0.365004 0.582264 -0.429788
638.600000000 28.777608 80.428787 -12.155483 0.585560 0.365302 0.582223 -0.429756
638.700000000 28.710817 80.400852 -12.206413 0.585524 0.365883 0.581807 -0.429873
638.800000000 28.643683 80.309994 -12.255609 0.585005 0.366479 0.581557 -0.430412
638.900000000 28.593221 80.096048 -12.308788 0.585118 0.365438 0.582322 -0.430108
639.000000000 28.522585 80.020390 -12.358643 0.585030 0.365759 0.582166 -0.430166
639.100000000 28.465749 79.821172 -12.416464 0.585787 0.365697 0.582012 -0.429397
639.200000000 28.395427 79.770062 -12.461951 0.585464 0.366004 0.581936 -0.429678
639.300000000 28.330598 79.693008 -12.502893 0.585110 0.366439 0.581790 -0.429987
639.400000000 28.264331 79.656497 -12.550686 0.585551 0.366821 0.581457 -0.429512
639.500000000 28.201304 79.614021 -12.590031 0.585685 0.366776 0.581531 -0.429267
639.600000000 28.139794 79.413820 -12.634417 0.585622 0.366915 0.581337 -0.429496
639.700000000 28.068063 79.452122 -12.665301 0.585352 0.367181 0.581383 -0.429575
639.800000000 28.002600 79.379178 -12.705965 0.585527 0.367570 0.581118 -0.429363
639.900000000 27.935240 79.331767 -12.743453 0.586186 0.367851 0.580801 -0.428651
640.000000000 27.868015 79.228969 -12.779800 0.586113 0.368062 0.580644 -0.428781
640.100000000 27.812609 79.187195 -12.809153 0.586265 0.367911 0.580930 -0.428316
640.200000000 27.751309 79.007243 -12.843230 0.586099 0.368235 0.580678 -0.428607
640.300000000 27.681045 78.924858 -12.873570 0.586281 0.368515 0.580435 -0.428448
640.400000000 27.624883 78.805279 -12.904679 0.586738 0.368479 0.580388 -0.427915
640.500000000 27.560589 78.757078 -12.928879 0.586624 0.368880 0.580163 -0.428031
640.600000000 27.501176 78.652855 -12.952031 0.586236 0.369300 0.579992 -0.428434
640.700000000 27.424803 78.566186 -12.973816 0.586127 0.369729 0.579701 -0.428605
640.800000000 27.364396 78.360296 -12.997886 0.586265 0.369633 0.579666 -0.428547
640.900000000 27.302555 78.267227 -13.018673 0.586308 0.370086 0.579337 -0.428543
641.000000000 27.244491 78.165604 -13.035735 0.586573 0.369832 0.579579 -0.428071
641.100000000 27.180755 78.037237 -13.052062 0.586609 0.370164 0.579340 -0.428058
641.200000000 27.125529 77.835565 -13.066052 0.586263 0.370177 0.579447 -0.428376
641.300000000 27.061162 77.711515 -13.077623 0.586447 0.369992 0.579552 -0.428142
641.400000000 27.000350 77.617628 -13.090336 0.587111 0.369226 0.580036 -0.427237
641.500000000 26.936632 77.514099 -13.096333 0.587281 0.369050 0.580190 -0.426945
641.600000000 26.873276 77.423219 -13.101144 0.587175 0.369195 0.580087 -0.427107
641.700000000 26.811006 77.360173 -13.102184 0.587075 0.369126 0.580233 -0.427105
641.800000000 26.748782 77.137989 -13.109747 0.586767 0.369432 0.580107 -0.427436
641.900000000 26.698233 77.038589 -13.114754 0.587484 0.368971 0.580369 -0.426492
642.000000000 26.637265 76.846909 -13.115830 0.587468 0.368986 0.580287 -0.426611
642.100000000 26.582839 76.662718 -13.120138 0.587996 0.368466 0.580606 -0.425900
642.200000000 26.521995 76.590573 -13.117019 0.587920 0.368560 0.580593 -0.425941
642.300000000 26.462206 76.555474 -13.108754 0.587737 0.368686 0.580584 -0.426097
642.400000000 26.404303 76.333622 -13.107571 0.587848 0.368386 0.580748 -0.425979
642.500000000 26.348236 76.241044 -13.099930 0.587809 0.368375 0.580839 -0.425918
642.600000000 26.281555 76.088675 -13.093901 0.587472 0.369387 0.580045 -0.426589
642.700000000 26.228344 75.984241 -13.082158 0.587169 0.369444 0.580157 -0.426803
642.800000000 26.174014 75.763505 -13.077675 0.588169 0.368349 0.580787 -0.425515
642.900000000 26.118021 75.715305 -13.061104 0.587766 0.368632 0.580691 -0.425957
643.000000000 26.061319 75.595164 -13.049841 0.587617 0.369026 0.580376 -0.426251
643.100000000 26.003578 75.432376 -13.038128 0.587491 0.369189 0.580302 -0.426385
643.200000000 25.942834 75.288922 -13.024113 0.587441 0.369158 0.580356 -0.426407
643.300000000 25.887502 75.167489 -13.009288 0.587215 0.369569 0.580053 -0.426774
643.400000000 25.841758 75.024552 -12.994257 0.587479 0.369150 0.580345 -0.426376
643.500000000 25.785200 74.973464 -12.974984 0.587535 0.369255 0.580240 -0.426350
643.600000000 25.729927 74.671860 -12.955798 0.587261 0.368609 0.580816 -0.426502
643.700000000 25.677162 74.660150 -12.933406 0.587204 0.368674 0.580798 -0.426550
643.800000000 25.621803 74.566158 -12.912046 0.587226 0.368660 0.580836 -0.426480
643.900000000 25.569595 74.381670 -12.889922 0.587234 0.368276 0.581115 -0.426420
644.000000000 25.516039 74.285654 -12.866062 0.587127 0.368247 0.581164 -0.426526
644.100000000 25.465786 74.186626 -12.845459 0.586922 0.368443 0.581052 -0.426791
644.200000000 25.411855 74.034206 -12.823746 0.586909 0.368404 0.581093 -0.426787
644.300000000 25.355712 73.918213 -12.800406 0.586750 0.368728 0.580854 -0.427050
644.400000000 25.303317 73.810602 -12.781612 0.586942 0.369182 0.580366 -0.427059
644.500000000 25.246412 73.674878 -12.756460 0.586598 0.369788 0.579978 -0.427533
644.600000000 25.195657 73.488930 -12.737373 0.586781 0.369860 0.579798 -0.427465
644.700000000 25.144234 73.455364 -12.712909 0.586914 0.370189 0.579490 -0.427415
644.800000000 25.097010 73.365285 -12.683655 0.586492 0.370303 0.579537 -0.427831
644.900000000 25.045701 73.301514 -12.659782 0.586558 0.370732 0.579189 -0.427840
645.000000000 24.995517 73.016085 -12.642738 0.587268 0.370168 0.579373 -0.427104
645.100000000 24.942899 72.984003 -12.613328 0.587216 0.370264 0.579307 -0.427183
645.200000000 24.898073 72.876595 -12.583747 0.586916 0.370334 0.579410 -0.427396
645.300000000 24.847920 72.728077 -12.560045 0.586877 0.370538 0.579191 -0.427569
645.400000000 24.798815 72.561474 -12.529368 0.586590 0.370510 0.579286 -0.427859
645.500000000 24.747604 72.505013 -12.500970 0.586519 0.370521 0.579225 -0.428028
645.600000000 24.699972 72.287911 -12.476633 0.586202 0.370472 0.579373 -0.428305
645.700000000 24.649222 72.218309 -12.455656 0.586419 0.370721 0.579084 -0.428183
645.800000000 24.598666 72.132529 -12.431934 0.586681 0.371013 0.578721 -0.428062
645.900000000 24.549813 71.977103 -12.406254 0.586780 0.370700 0.578929 -0.427914
646.000000000 24.501829 71.852486 -12.382888 0.586915 0.370933 0.578675 -0.427872
646.100000000 24.451907 71.745059 -12.356742 0.586859 0.371102 0.578557 -0.427963
646.200000000 24.409123 71.555567 -12.331039 0.587029 0.370197 0.579250 -0.427576
646.300000000 24.356524 71.455948 -12.313234 0.587405 0.370819 0.578542 -0.427479
646.400000000 24.306939 71.323238 -12.293206 0.587617 0.371154 0.578199 -0.427361
646.500000000 24.261939 71.222888 -12.266947 0.587411 0.371236 0.578178 -0.427601
646.600000000 24.212693 71.098990 -12.243742 0.587390 0.371333 0.578119 -0.427626
646.700000000 24.164701 70.969948 -12.218342 0.587425 0.371149 0.578165 -0.427674
646.800000000 24.119203 70.849778 -12.195849 0.587372 0.371076 0.578226 -0.427728
646.900000000 24.072006 70.739990 -12.172892 0.587399 0.370868 0.578314 -0.427752
647.000000000 24.026820 70.609296 -12.151997 0.587486 0.370903 0.578249 -0.427692
647.100000000 23.977099 70.507052 -12.133102 0.587353 0.371324 0.577894 -0.427988
647.200000000 23.931115 70.396069 -12.109844 0.586924 0.371695 0.577721 -0.428488
647.300000000 23.880521 70.285855 -12.093352 0.587048 0.372188 0.577205 -0.428584
647.400000000 23.830181 70.169081 -12.076665 0.586943 0.372696 0.576757 -0.428891
647.500000000 23.783769 70.047656 -12.058449 0.586938 0.372881 0.576545 -0.429021
647.600000000 23.741660 69.910978 -12.038710 0.586810 0.372621 0.576760 -0.429132
647.700000000 23.692969 69.792357 -12.019861 0.586896 0.372078 0.577193 -0.428904
647.800000000 23.642803 69.661490 -12.002861 0.587088 0.371814 0.577286 -0.428746
647.900000000 23.602564 69.531401 -11.986281 0.587115 0.371627 0.577450 -0.428650
648.000000000 23.555896 69.403291 -11.975697 0.587355 0.371784 0.577157 -0.428581
648.100000000 23.510615 69.274273 -11.960917 0.587282 0.371895 0.577091 -0.428671
648.200000000 23.462549 69.154464 -11.942228 0.587133 0.371336 0.577553 -0.428738
648.300000000 23.415851 69.025977 -11.927067 0.586952 0.371188 0.577703 -0.428914
648.400000000 23.368638 68.890710 -11.918368 0.587135 0.371381 0.577499 -0.428769
648.500000000 23.325852 68.763790 -11.905116 0.587013 0.370930 0.577926 -0.428752
648.600000000 23.277663 68.629249 -11.895344 0.587064 0.370812 0.577996 -0.428690
648.700000000 23.230274 68.496525 -11.887402 0.587166 0.370830 0.577933 -0.428620
648.800000000 23.180979 68.358667 -11.878755 0.587052 0.370790 0.577979 -0.428747
648.900000000 23.133424 68.224554 -11.872404 0.587213 0.370746 0.577952 -0.428604
649.000000000 23.084723 68.091814 -11.866214 0.587372 0.370715 0.577881 -0.428507
649.100000000 23.038205 67.970744 -11.860530 0.587408 0.370796 0.577783 -0.428519
649.200000000 22.992418 67.863445 -11.856169 0.587663 0.370699 0.577725 -0.428332
649.300000000 22.945949 67.727102 -11.852927 0.587464 0.370854 0.577652 -0.428568
649.400000000 22.897609 67.597155 -11.848784 0.587188 0.371115 0.577446 -0.428998
649.500000000 22.848118 67.459542 -11.845907 0.587110 0.371097 0.577478 -0.429077
649.600000000 22.801858 67.319484 -11.844675 0.587193 0.371003 0.577534 -0.428970
649.700000000 22.753894 67.189370 -11.843113 0.587216 0.370699 0.577769 -0.428886
649.800000000 22.709051 67.071996 -11.841646 0.586956 0.371007 0.577555 -0.429262
649.900000000 22.658502 66.939747 -11.842013 0.586973 0.370925 0.577603 -0.429245
650.000000000 22.611340 66.801171 -11.845335 0.587172 0.370703 0.577737 -0.428986
650.100000000 22.564697 66.656163 -11.847791 0.587127 0.370574 0.577877 -0.428969
650.200000000 22.514738 66.541717 -11.849679 0.587242 0.370357 0.577996 -0.428840
650.300000000 22.462687 66.458870 -11.849238 0.587293 0.369927 0.578385 -0.428616
650.400000000 22.414359 66.313444 -11.855764 0.587094 0.370382 0.577962 -0.429066
650.500000000 22.367006 66.180776 -11.860544 0.586887 0.370647 0.577759 -0.429394
650.600000000 22.323021 65.969788 -11.869916 0.586515 0.370967 0.577624 -0.429807
650.700000000 22.271183 65.907363 -11.872145 0.586761 0.370419 0.578021 -0.429410
650.800000000 22.221907 65.769798 -11.880753 0.586871 0.370354 0.577992 -0.429356
650.900000000 22.168350 65.689861 -11.886138 0.587190 0.369594 0.578582 -0.428779
651.000000000 22.119933 65.509566 -11.899226 0.587186 0.369831 0.578324 -0.428927
651.100000000 22.062415 65.432808 -11.905304 0.587589 0.369255 0.578705 -0.428358
651.200000000 22.011242 65.329297 -11.914111 0.587724 0.368974 0.578871 -0.428190
651.300000000 21.962277 65.168612 -11.926956 0.587368 0.369175 0.578811 -0.428587
651.400000000 21.910902 65.028477 -11.939667 0.587231 0.369217 0.578829 -0.428714
651.500000000 21.865029 64.858554 -11.954493 0.586881 0.369631 0.578544 -0.429221
651.600000000 21.812145 64.768885 -11.964981 0.587045 0.369151 0.578903 -0.428925
651.700000000 21.758937 64.665507 -11.975003 0.586867 0.369077 0.579005 -0.429094
651.800000000 21.706291 64.514208 -11.991182 0.586671 0.369177 0.578975 -0.429317
651.900000000 21.653725 64.477109 -11.999717 0.586869 0.368862 0.579159 -0.429068
652.000000000 21.600112 64.296205 -12.017931 0.586587 0.369252 0.578901 -0.429467
652.100000000 21.548033 64.151616 -12.034835 0.587114 0.368321 0.579570 -0.428643
652.200000000 21.496665 63.998704 -12.054387 0.586856 0.368693 0.579329 -0.429002
652.300000000 21.443782 63.845168 -12.076465 0.586750 0.369168 0.578902 -0.429316
652.400000000 21.391983 63.709639 -12.093477 0.586303 0.369388 0.578910 -0.429726
652.500000000 21.336451 63.644623 -12.109226 0.586338 0.369485 0.578840 -0.429690
652.600000000 21.285391 63.456753 -12.133979 0.586461 0.369562 0.578776 -0.429542
652.700000000 21.227478 63.374291 -12.150545 0.586740 0.369352 0.578856 -0.429233
652.800000000 21.175366 63.253293 -12.167846 0.586517 0.369285 0.579000 -0.429402
652.900000000 21.117640 63.175244 -12.185313 0.586731 0.369408 0.578813 -0.429256
653.000000000 21.061962 63.135968 -12.197537 0.586978 0.369101 0.579064 -0.428843
653.100000000 21.010083 63.008597 -12.218280 0.587142 0.368898 0.579201 -0.428608
653.200000000 20.954055 62.836059 -12.244114 0.587122 0.369188 0.578921 -0.428764
653.300000000 20.897154 62.675834 -12.269725 0.587137 0.369559 0.578598 -0.428860
653.400000000 20.845310 62.579127 -12.286166 0.586893 0.369446 0.578808 -0.429008
653.500000000 20.790333 62.419463 -12.309526 0.586660 0.369666 0.578691 -0.429295
653.600000000 20.730341 62.301623 -12.329986 0.587601 0.368531 0.579314 -0.428141
653.700000000 20.676201 62.137698 -12.355277 0.587457 0.369114 0.578831 -0.428490
653.800000000 20.618428 62.047007 -12.372411 0.587211 0.369305 0.578741 -0.428784
653.900000000 20.562621 61.931846 -12.393733 0.587200 0.369473 0.578567 -0.428889
654.000000000 20.502172 61.773936 -12.419186 0.587141 0.370062 0.578073 -0.429129
654.100000000 20.446205 61.613649 -12.443027 0.587538 0.369426 0.578542 -0.428500
654.200000000 20.389085 61.512234 -12.463335 0.587642 0.369380 0.578601 -0.428317
654.300000000 20.333407 61.368330 -12.486747 0.587561 0.369605 0.578453 -0.428436
654.400000000 20.279144 61.234212 -12.508539 0.587555 0.369961 0.578161 -0.428529
654.500000000 20.219933 61.108796 -12.530223 0.587583 0.370108 0.578024 -0.428549
654.600000000 20.157482 61.033100 -12.547644 0.588664 0.368487 0.579094 -0.427015
654.700000000 20.097276 60.895631 -12.568747 0.588157 0.369211 0.578629 -0.427718
654.800000000 20.042705 60.734571 -12.592173 0.587666 0.369811 0.578349 -0.428254
654.900000000 19.985325 60.582511 -12.615821 0.587647 0.370218 0.578007 -0.428390
655.000000000 19.928951 60.415297 -12.640560 0.587646 0.370524 0.577754 -0.428469
655.100000000 19.869521 60.287917 -12.661220 0.588306 0.369995 0.577989 -0.427701
655.200000000 19.805972 60.171036 -12.682425 0.588393 0.370257 0.577703 -0.427741
655.300000000 19.750096 60.053384 -12.701740 0.588333 0.370325 0.577755 -0.427695
655.400000000 19.691824 59.916847 -12.721025 0.588436 0.370313 0.577701 -0.427636
655.500000000 19.633409 59.776166 -12.742027 0.588842 0.369649 0.578148 -0.427047
655.600000000 19.573818 59.650079 -12.758485 0.588446 0.370082 0.577974 -0.427454
655.700000000 19.511599 59.503824 -12.779404 0.588263 0.370421 0.577778 -0.427678
655.800000000 19.451188 59.394848 -12.798404 0.588329 0.370704 0.577522 -0.427686
655.900000000 19.393184 59.248039 -12.817507 0.588334 0.370721 0.577569 -0.427601
656.000000000 19.339555 59.084797 -12.834345 0.588651 0.370110 0.578050 -0.427044
656.100000000 19.277757 59.003119 -12.848921 0.588642 0.370359 0.577819 -0.427153
656.200000000 19.218003 58.908114 -12.860161 0.588214 0.370653 0.577772 -0.427552
656.300000000 19.157360 58.773711 -12.876429 0.587952 0.370933 0.577654 -0.427828
656.400000000 19.097138 58.648978 -12.890327 0.587584 0.371372 0.577441 -0.428240
656.500000000 19.041218 58.525106 -12.907119 0.587764 0.371291 0.577519 -0.427959
656.600000000 18.983166 58.360878 -12.924490 0.588192 0.371321 0.577285 -0.427661
656.700000000 18.917332 58.244086 -12.937816 0.587865 0.371622 0.577175 -0.427997
656.800000000 18.861246 58.093202 -12.951075 0.588109 0.371246 0.577449 -0.427617
656.900000000 18.802293 57.948378 -12.961817 0.587508 0.371739 0.577297 -0.428221
657.000000000 18.741601 57.842531 -12.975457 0.587494 0.371998 0.577084 -0.428301
657.100000000 18.685393 57.726232 -12.986292 0.587833 0.371395 0.577559 -0.427718
657.200000000 18.624373 57.571263 -12.997180 0.587160 0.371994 0.577307 -0.428462
657.300000000 18.563290 57.452423 -13.008443 0.587021 0.372200 0.577242 -0.428561
657.400000000 18.504671 57.331105 -13.016303 0.586431 0.372666 0.577116 -0.429133
657.500000000 18.447348 57.231001 -13.023629 0.586064 0.372967 0.577020 -0.429502
657.600000000 18.390864 57.106038 -13.031279 0.586270 0.372450 0.577464 -0.429072
657.700000000 18.344339 56.999194 -13.042350 0.587274 0.371423 0.577991 -0.427879
657.800000000 18.277092 56.846769 -13.052539 0.587020 0.371905 0.577676 -0.428234
657.900000000 18.221859 56.694721 -13.061163 0.586915 0.371834 0.577868 -0.428180
658.000000000 18.162119 56.506148 -13.067686 0.586505 0.371966 0.577989 -0.428464
658.100000000 18.102223 56.383874 -13.072556 0.586133 0.372304 0.577868 -0.428843
658.200000000 18.044495 56.247925 -13.077886 0.585850 0.372637 0.577694 -0.429175
658.300000000 17.986707 56.107859 -13.081597 0.585382 0.373169 0.577365 -0.429794
658.400000000 17.928740 56.015782 -13.081357 0.585384 0.372928 0.577623 -0.429653
658.500000000 17.894431 55.835071 -13.081926 0.586225 0.371291 0.578929 -0.428164
658.600000000 17.830240 55.738012 -13.081689 0.586174 0.371651 0.578608 -0.428354
658.700000000 17.779972 55.663262 -13.077232 0.586244 0.371563 0.578694 -0.428220
658.800000000 17.730491 55.537422 -13.074809 0.586273 0.371646 0.578601 -0.428234
658.900000000 17.668311 55.437895 -13.065785 0.586204 0.371745 0.578579 -0.428273
659.000000000 17.624121 55.330757 -13.061403 0.586682 0.371440 0.578662 -0.427771
659.100000000 17.570046 55.246456 -13.049599 0.586760 0.371399 0.578701 -0.427645
659.200000000 17.503043 55.056190 -13.033778 0.586168 0.371837 0.578557 -0.428272
659.300000000 17.461923 54.920021 -13.017556 0.586059 0.371813 0.578622 -0.428353
659.400000000 17.425038 54.819034 -12.998123 0.586291 0.371403 0.578947 -0.427952
659.500000000 17.370176 54.655842 -12.978185 0.586324 0.371371 0.578975 -0.427897
659.600000000 17.321821 54.541027 -12.952839 0.586372 0.371343 0.579021 -0.427793
659.700000000 17.276282 54.418596 -12.924598 0.586315 0.371263 0.579131 -0.427793
659.800000000 17.213557 54.272958 -12.895910 0.586140 0.371720 0.578790 -0.428097
659.900000000 17.170242 54.142230 -12.861209 0.585934 0.371608 0.578923 -0.428294
660.000000000 17.142861 53.998628 -12.823330 0.586868 0.369813 0.580250 -0.426772
660.100000000 17.075157 53.883032 -12.781387 0.586546 0.370045 0.580111 -0.427203
660.200000000 17.035430 53.744459 -12.737422 0.586648 0.369743 0.580404 -0.426925
660.300000000 16.980731 53.604827 -12.688760 0.586499 0.369873 0.580371 -0.427063
660.400000000 16.943643 53.488513 -12.639422 0.586468 0.369907 0.580344 -0.427112
660.500000000 16.881930 53.362492 -12.585126 0.586233 0.370225 0.580154 -0.427417
660.600000000 16.824509 53.217432 -12.528592 0.585766 0.370729 0.579876 -0.427998
660.700000000 16.777076 53.081887 -12.466056 0.585770 0.370456 0.580140 -0.427870
660.800000000 16.742557 52.944379 -12.402390 0.586184 0.369724 0.580662 -0.427228
660.900000000 16.681962 52.809111 -12.335915 0.586299 0.369684 0.580747 -0.426990
661.000000000 16.644279 52.679519 -12.265988 0.586777 0.368914 0.581261 -0.426299
661.100000000 16.591296 52.536755 -12.191328 0.586360 0.369721 0.580691 -0.426950
661.200000000 16.541959 52.382601 -12.121128 0.586140 0.370992 0.579642 -0.427574
661.300000000 16.464893 52.258387 -12.032924 0.585299 0.371019 0.579886 -0.428372
661.400000000 16.416762 52.121104 -11.952612 0.585584 0.370947 0.579893 -0.428035
661.500000000 16.402023 51.979672 -11.875690 0.587182 0.369460 0.580761 -0.425950
661.600000000 16.348975 51.850247 -11.786558 0.586361 0.369841 0.580647 -0.426905
661.700000000 16.262328 51.701274 -11.697997 0.586094 0.370691 0.579977 -0.427445
661.800000000 16.200630 51.574108 -11.603413 0.585610 0.370859 0.579950 -0.427999
661.900000000 16.156534 51.428400 -11.519140 0.585836 0.371497 0.579302 -0.428013
662.000000000 16.092176 51.289957 -11.425120 0.585291 0.371752 0.579198 -0.428679
662.100000000 16.019032 51.153923 -11.327789 0.584562 0.372227 0.578952 -0.429591
662.200000000 16.026886 51.030490 -11.235906 0.585572 0.370601 0.580132 -0.428027
662.300000000 15.976900 50.893457 -11.141663 0.585665 0.370245 0.580384 -0.427866
662.400000000 15.917364 50.760117 -11.046500 0.585475 0.370143 0.580582 -0.427946
662.500000000 15.879233 50.617471 -10.964370 0.585943 0.370731 0.579917 -0.427697
662.600000000 15.822238 50.477781 -10.873556 0.585997 0.370994 0.579594 -0.427833
662.700000000 15.760029 50.329117 -10.790173 0.586181 0.371649 0.579075 -0.427717
662.800000000 15.696789 50.197468 -10.694834 0.585158 0.372092 0.578857 -0.429025
662.900000000 15.647091 50.066953 -10.601860 0.584978 0.371408 0.579522 -0.428965
663.000000000 15.608698 49.931387 -10.518177 0.585337 0.371120 0.579704 -0.428477
663.100000000 15.601656 49.808991 -10.443350 0.586082 0.370979 0.579637 -0.427673
663.200000000 15.534678 49.657749 -10.367247 0.586896 0.370813 0.579578 -0.426778
663.300000000 15.486541 49.526758 -10.286929 0.586195 0.371280 0.579259 -0.427769
663.400000000 15.419184 49.398501 -10.207239 0.585510 0.371580 0.579248 -0.428460
663.500000000 15.371258 49.262327 -10.139512 0.585707 0.371884 0.578917 -0.428375
663.600000000 15.345984 49.137346 -10.070975 0.585859 0.371470 0.579145 -0.428217
663.700000000 15.283431 48.990109 -10.006127 0.586526 0.370600 0.579791 -0.427183
663.800000000 15.231229 48.864338 -9.942573 0.586064 0.371026 0.579496 -0.427847
663.900000000 15.195464 48.736250 -9.885575 0.586077 0.370795 0.579711 -0.427738
664.000000000 15.142021 48.608364 -9.839867 0.586393 0.371493 0.579048 -0.427598
664.100000000 15.071310 48.483730 -9.789869 0.585938 0.371989 0.578669 -0.428303
664.200000000 15.032706 48.359872 -9.739184 0.585670 0.371980 0.578821 -0.428471
664.300000000 14.988979 48.232033 -9.697442 0.586041 0.371098 0.579432 -0.427903
664.400000000 14.966976 48.131693 -9.655187 0.586176 0.370153 0.580240 -0.427441
664.500000000 14.913352 48.067270 -9.615973 0.586430 0.369381 0.580861 -0.426916
664.600000000 14.830830 47.808420 -9.595039 0.586007 0.370870 0.579538 -0.428004
664.700000000 14.774777 47.643090 -9.568189 0.585573 0.371226 0.579365 -0.428523
664.800000000 14.753772 47.597592 -9.540729 0.585480 0.371382 0.579333 -0.428558
664.900000000 14.736473 47.492471 -9.522847 0.586076 0.370561 0.579889 -0.427701
665.000000000 14.680931 47.338407 -9.509260 0.586363 0.370617 0.579652 -0.427581
665.100000000 14.683124 47.223460 -9.496962 0.586002 0.370593 0.579768 -0.427938
665.200000000 14.581789 46.948038 -9.494615 0.585434 0.371092 0.579418 -0.428757
665.300000000 14.530687 46.846133 -9.490562 0.585406 0.371962 0.578678 -0.429041
665.400000000 14.498484 46.689459 -9.492293 0.585250 0.372479 0.578172 -0.429487
665.500000000 14.463886 46.606364 -9.491945 0.585350 0.372553 0.578100 -0.429384
665.600000000 14.432775 46.628321 -9.485668 0.586188 0.370407 0.579757 -0.427860
665.700000000 14.342373 46.358576 -9.501648 0.586083 0.370627 0.579545 -0.428100
665.800000000 14.322999 46.221191 -9.516657 0.585519 0.371567 0.578817 -0.429040
665.900000000 14.262718 46.171304 -9.526467 0.585697 0.371665 0.578763 -0.428787
666.000000000 14.287637 46.112772 -9.545046 0.586084 0.371537 0.578714 -0.428434
666.100000000 14.159222 45.906152 -9.566359 0.586034 0.371286 0.579050 -0.428267
666.200000000 14.081799 45.720196 -9.592392 0.586283 0.370816 0.579319 -0.427968
666.300000000 14.089963 45.718260 -9.612465 0.586502 0.369833 0.580109 -0.427448
666.400000000 14.114208 45.678891 -9.640381 0.586991 0.369472 0.580233 -0.426920
666.500000000 13.979597 45.436097 -9.677659 0.586561 0.370172 0.579693 -0.427639
666.600000000 13.967275 45.276188 -9.718603 0.586735 0.370528 0.579342 -0.427567
666.700000000 13.945107 45.177310 -9.756476 0.587076 0.370236 0.579491 -0.427150
666.800000000 13.927062 45.171971 -9.789955 0.587655 0.369533 0.579940 -0.426353
666.900000000 13.917396 45.025504 -9.837388 0.586954 0.371041 0.578873 -0.427457
667.000000000 13.825396 44.860925 -9.883684 0.588313 0.369910 0.579515 -0.425695
667.100000000 13.723157 44.698020 -9.931899 0.588581 0.369730 0.579605 -0.425359
667.200000000 13.722335 44.725231 -9.974474 0.589280 0.369018 0.580023 -0.424439
667.300000000 13.741324 44.763605 -10.022446 0.590606 0.367735 0.580814 -0.422623
667.400000000 13.623381 44.819939 -10.051653 0.592552 0.360847 0.586148 -0.418451
667.500000000 13.614790 44.614488 -10.116961 0.591959 0.362937 0.584418 -0.419901
667.600000000 13.715778 44.482271 -10.182668 0.592019 0.363779 0.583724 -0.420054
667.700000000 13.656577 44.321093 -10.244464 0.591085 0.365435 0.582579 -0.421518
667.800000000 13.537796 44.060792 -10.309769 0.590265 0.366884 0.581597 -0.422764
667.900000000 13.548697 43.971907 -10.368944 0.590045 0.366216 0.582207 -0.422810
668.000000000 13.727649 44.029680 -10.436292 0.592804 0.363289 0.583830 -0.419222
668.100000000 13.580296 43.888348 -10.494266 0.592079 0.363628 0.583745 -0.420070
668.200000000 13.583207 43.726751 -10.564450 0.591794 0.364438 0.583013 -0.420785
668.300000000 13.502611 43.547668 -10.634191 0.591358 0.365736 0.582102 -0.421534
668.400000000 13.497226 43.468346 -10.700737 0.591642 0.365709 0.581937 -0.421386
668.500000000 13.495696 43.322784 -10.772297 0.591505 0.366101 0.581593 -0.421713
668.600000000 13.439461 43.184359 -10.841730 0.590937 0.367331 0.580646 -0.422743
668.700000000 13.327683 43.132331 -10.903843 0.592060 0.365297 0.582236 -0.420742
668.800000000 13.373155 42.995688 -10.985112 0.592920 0.366141 0.581208 -0.420220
668.900000000 13.371108 43.005945 -11.048044 0.593492 0.364260 0.582763 -0.418891
669.000000000 13.225799 42.806305 -11.115892 0.592903 0.364972 0.582278 -0.419779
669.100000000 12.993472 42.632237 -11.178630 0.592134 0.365114 0.582604 -0.420287
669.200000000 12.979210 42.470143 -11.253605 0.591194 0.366498 0.581535 -0.421883
669.300000000 12.990581 42.376392 -11.323713 0.591032 0.366084 0.581996 -0.421835
669.400000000 12.916364 42.221139 -11.396047 0.590989 0.366724 0.581354 -0.422225
669.500000000 13.018379 42.214065 -11.465548 0.592462 0.364023 0.583234 -0.419897
669.600000000 13.018594 42.044558 -11.542657 0.592280 0.364269 0.583004 -0.420261
669.700000000 12.960179 41.945724 -11.614919 0.593224 0.364196 0.582736 -0.419363
669.800000000 12.704789 41.878884 -11.669324 0.593045 0.363328 0.583702 -0.419026
669.900000000 12.673239 41.786279 -11.740434 0.593044 0.363541 0.583517 -0.419101
670.000000000 12.572853 41.575913 -11.811280 0.592121 0.365215 0.582313 -0.420622
670.100000000 12.528431 41.476549 -11.879424 0.592320 0.365218 0.582332 -0.420312
670.200000000 12.548318 41.329869 -11.950593 0.592397 0.365577 0.581896 -0.420494
670.300000000 12.486665 41.194512 -12.013753 0.591925 0.365974 0.581756 -0.421009
670.400000000 12.410147 41.064350 -12.079913 0.592097 0.365823 0.581975 -0.420594
670.500000000 12.331658 40.927588 -12.143125 0.591779 0.365876 0.581979 -0.420991
670.600000000 12.298832 40.798894 -12.205983 0.592077 0.365377 0.582395 -0.420430
670.700000000 12.241760 40.674097 -12.269859 0.592654 0.365064 0.582534 -0.419695
670.800000000 12.186014 40.542168 -12.328477 0.592089 0.365437 0.582337 -0.420441
670.900000000 12.137047 40.416270 -12.390500 0.592386 0.365240 0.582456 -0.420028
671.000000000 12.069679 40.278762 -12.449213 0.592153 0.365626 0.582171 -0.420415
671.100000000 12.000946 40.148444 -12.505044 0.591932 0.365651 0.582140 -0.420747
671.200000000 11.949519 40.013482 -12.563673 0.591988 0.366016 0.581897 -0.420689
671.300000000 11.888947 39.880462 -12.616874 0.591652 0.366634 0.581442 -0.421251
671.400000000 11.851727 39.769371 -12.668445 0.592119 0.365310 0.582391 -0.420435
671.500000000 11.801866 39.644137 -12.721545 0.592584 0.364939 0.582596 -0.419816
671.600000000 11.747085 39.510846 -12.773369 0.592771 0.365090 0.582417 -0.419669
671.700000000 11.685962 39.378314 -12.819597 0.592425 0.365238 0.582418 -0.420028
671.800000000 11.634668 39.217818 -12.872112 0.592346 0.366045 0.581693 -0.420441
671.900000000 11.572738 39.089349 -12.921008 0.592325 0.366797 0.581080 -0.420664
672.000000000 11.519649 38.975472 -12.959315 0.591917 0.366638 0.581336 -0.421021
672.100000000 11.466501 38.830158 -13.003193 0.591846 0.366971 0.581088 -0.421174
672.200000000 11.422854 38.738219 -13.042376 0.592782 0.365613 0.582026 -0.419741
672.300000000 11.377558 38.593623 -13.081167 0.592703 0.365624 0.581988 -0.419896
672.400000000 11.312311 38.461790 -13.118727 0.592748 0.365854 0.581759 -0.419950
672.500000000 11.258270 38.336591 -13.156248 0.592868 0.365964 0.581637 -0.419853
672.600000000 11.203257 38.195344 -13.192799 0.592824 0.366607 0.581124 -0.420064
672.700000000 11.144200 38.054411 -13.225407 0.592751 0.366901 0.580876 -0.420254
672.800000000 11.084839 37.938056 -13.248937 0.591946 0.367612 0.580581 -0.421174
672.900000000 11.023546 37.801671 -13.276394 0.591641 0.367882 0.580430 -0.421575
673.000000000 10.967819 37.678012 -13.303901 0.591821 0.368046 0.580300 -0.421356
673.100000000 10.934284 37.569377 -13.323801 0.592278 0.366888 0.581156 -0.420544
673.200000000 10.888204 37.464371 -13.344926 0.592954 0.365809 0.581905 -0.419494
673.300000000 10.830158 37.324138 -13.365830 0.592676 0.366496 0.581412 -0.419972
673.400000000 10.771592 37.201683 -13.384509 0.592455 0.366810 0.581185 -0.420323
673.500000000 10.713350 37.060681 -13.404171 0.592479 0.367076 0.580961 -0.420366
673.600000000 10.667726 36.937697 -13.419109 0.592659 0.367074 0.580941 -0.420142
673.700000000 10.604100 36.798950 -13.433640 0.592461 0.367704 0.580449 -0.420550
673.800000000 10.563462 36.680629 -13.446055 0.593352 0.366548 0.581191 -0.419277
673.900000000 10.504148 36.558398 -13.455239 0.593623 0.366297 0.581326 -0.418926
674.000000000 10.457150 36.428419 -13.462297 0.593674 0.366176 0.581408 -0.418845
674.100000000 10.412077 36.301244 -13.469954 0.593582 0.366488 0.581214 -0.418973
674.200000000 10.359546 36.163854 -13.474104 0.593665 0.366527 0.581157 -0.418899
674.300000000 10.298742 36.048836 -13.476210 0.593688 0.366583 0.581093 -0.418907
674.400000000 10.242131 35.913748 -13.477858 0.593425 0.367250 0.580605 -0.419371
674.500000000 10.193779 35.779705 -13.471718 0.592912 0.367370 0.580671 -0.419900
674.600000000 10.148340 35.647198 -13.468758 0.593305 0.367184 0.580709 -0.419454
674.700000000 10.109999 35.534678 -13.461965 0.594235 0.366112 0.581372 -0.418154
674.800000000 10.060685 35.418625 -13.448577 0.593881 0.366318 0.581283 -0.418601
674.900000000 10.015257 35.279992 -13.437762 0.593706 0.366633 0.581099 -0.418828
675.000000000 9.957612 35.148286 -13.421013 0.593503 0.366888 0.580940 -0.419114
675.100000000 9.914228 35.008872 -13.405378 0.593481 0.367407 0.580480 -0.419328
675.200000000 9.871986 34.850704 -13.387256 0.593464 0.367770 0.580222 -0.419389
675.300000000 9.819235 34.744420 -13.358335 0.593666 0.367186 0.580684 -0.418977
675.400000000 9.777837 34.544403 -13.330901 0.593274 0.367455 0.580571 -0.419451
675.500000000 9.728686 34.431273 -13.296948 0.593210 0.367295 0.580706 -0.419496
675.600000000 9.682298 34.312259 -13.258010 0.593047 0.366966 0.581045 -0.419545
675.700000000 9.629248 34.252604 -13.218617 0.593127 0.367073 0.581032 -0.419356
675.800000000 9.587313 34.167385 -13.175571 0.593250 0.367151 0.580929 -0.419257
675.900000000 9.529900 34.023961 -13.130166 0.593148 0.366926 0.581118 -0.419336
676.000000000 9.483008 33.861657 -13.078297 0.593028 0.366621 0.581434 -0.419335
676.100000000 9.437066 33.712273 -13.027855 0.593530 0.366194 0.581638 -0.418713
676.200000000 9.390428 33.614931 -12.971067 0.593806 0.365958 0.581769 -0.418346
676.300000000 9.339012 33.475042 -12.913546 0.593877 0.366136 0.581566 -0.418372
676.400000000 9.285288 33.387300 -12.851522 0.593938 0.366767 0.581009 -0.418507
676.500000000 9.240297 33.292179 -12.781718 0.593643 0.367317 0.580643 -0.418951
676.600000000 9.193197 33.129596 -12.709656 0.593333 0.367678 0.580460 -0.419327
676.700000000 9.148461 33.034099 -12.637658 0.593460 0.367918 0.580224 -0.419263
676.800000000 9.114268 32.950293 -12.559729 0.593506 0.368099 0.580067 -0.419256
676.900000000 9.076746 32.804893 -12.479374 0.593489 0.368039 0.580100 -0.419289
677.000000000 9.035247 32.666250 -12.391958 0.593565 0.367210 0.580768 -0.418982
677.100000000 8.985521 32.541036 -12.308516 0.594033 0.367210 0.580707 -0.418403
677.200000000 8.943214 32.536835 -12.208860 0.593127 0.367600 0.580719 -0.419328
677.300000000 8.895449 32.416007 -12.124197 0.594087 0.367001 0.580915 -0.418222
677.400000000 8.855276 32.387280 -12.023878 0.593508 0.367562 0.580650 -0.418917
677.500000000 8.814289 32.388769 -11.930682 0.593964 0.367889 0.580337 -0.418418
677.600000000 8.791812 32.474403 -11.824811 0.594246 0.366970 0.581026 -0.417868
677.700000000 8.846297 32.832035 -11.715246 0.600049 0.358430 0.586601 -0.409106
677.800000000 8.828251 32.974062 -11.605838 0.600327 0.358456 0.586651 -0.408604
677.900000000 8.814507 32.984086 -11.500682 0.600646 0.357999 0.587033 -0.407988
678.000000000 8.782953 33.116799 -11.386965 0.601271 0.357107 0.587669 -0.406931
678.100000000 8.757375 33.009440 -11.280603 0.601746 0.356007 0.588448 -0.406067
678.200000000 8.715010 33.039999 -11.171003 0.601896 0.355777 0.588692 -0.405692
678.300000000 8.681319 33.014187 -11.065164 0.602585 0.355353 0.588781 -0.404911
678.400000000 8.762192 33.125173 -10.954712 0.608693 0.346293 0.594192 -0.395613
678.500000000 8.708522 33.084333 -10.849676 0.608742 0.347263 0.593428 -0.395835
678.600000000 8.648440 33.278543 -10.729140 0.608354 0.347321 0.593670 -0.396017
678.700000000 8.619418 33.378230 -10.618312 0.608491 0.347319 0.593768 -0.395661
678.800000000 8.561154 33.525806 -10.505200 0.608033 0.348971 0.592660 -0.396572
678.900000000 8.527890 33.538017 -10.397488 0.608626 0.348705 0.592583 -0.396010
679.000000000 8.525768 33.426952 -10.291707 0.609320 0.347683 0.593106 -0.395059
679.100000000 8.497210 33.306036 -10.183250 0.609785 0.346235 0.594094 -0.394126
679.200000000 8.462029 33.302488 -10.073486 0.610030 0.345840 0.594289 -0.393800
679.300000000 8.412181 33.430831 -9.965312 0.610023 0.346797 0.593533 -0.394108
679.400000000 8.358422 33.638913 -9.857216 0.609618 0.348869 0.592159 -0.394975
679.500000000 8.320026 33.693513 -9.748615 0.609297 0.349621 0.591595 -0.395648
679.600000000 8.286255 33.896350 -9.641222 0.607938 0.352753 0.589552 -0.398003
679.700000000 8.493489 34.649800 -9.515350 0.617423 0.337313 0.599000 -0.382370
679.800000000 8.675777 35.342975 -9.393548 0.623042 0.327733 0.604729 -0.372442
679.900000000 9.024293 35.919317 -9.275776 0.639130 0.297555 0.621275 -0.342038
680.000000000 9.302449 36.373671 -9.157287 0.652151 0.268273 0.635963 -0.313497
680.100000000 9.808284 37.020347 -9.032894 0.657854 0.252521 0.643560 -0.298817
680.200000000 10.467947 37.576888 -8.923046 0.667305 0.221251 0.658045 -0.269683
680.300000000 11.101277 38.129613 -8.814115 0.680784 0.163855 0.680670 -0.215342
680.400000000 11.903209 38.627247 -8.722029 0.682120 0.145373 0.688537 -0.198736
680.500000000 12.771776 38.969227 -8.643789 0.687946 0.109436 0.698519 -0.163781
680.600000000 12.604744 39.484862 -8.550756 0.698116 0.029354 0.710876 -0.080176
680.700000000 13.085225 39.398008 -8.501038 0.701078 0.010720 0.710407 -0.060792
680.800000000 13.728898 39.388175 -8.461977 0.703970 -0.016015 0.709315 -0.032267
680.900000000 14.227225 39.405057 -8.426650 0.705754 -0.035857 0.707469 -0.010638
681.000000000 14.589177 39.616683 -8.388526 0.707870 -0.029075 0.705525 -0.017596
681.100000000 14.420006 39.730810 -8.334409 0.698534 -0.134221 0.696326 0.095728
681.200000000 13.908400 39.732663 -8.274562 0.699014 -0.132157 0.696582 0.093206
681.300000000 13.175741 39.606507 -8.221761 0.699263 -0.131811 0.696522 0.092268
681.400000000 13.184096 39.766614 -8.183954 0.699846 -0.129752 0.696645 0.089811
681.500000000 12.907870 39.725113 -8.140470 0.699545 -0.126367 0.698024 0.086196
681.600000000 13.050693 39.792080 -8.118175 0.698348 -0.134248 0.696698 0.094339
681.700000000 12.999220 39.827517 -8.099700 0.699428 -0.131923 0.696385 0.091895
681.800000000 13.020276 39.894395 -8.079084 0.699202 -0.131210 0.696872 0.090944
681.900000000 13.194351 39.996140 -8.069651 0.700423 -0.126029 0.697264 0.085716
682.000000000 13.225030 40.057622 -8.059260 0.700403 -0.126071 0.697298 0.085546
682.100000000 13.075977 40.018884 -8.057128 0.700379 -0.129696 0.696168 0.089429
682.200000000 13.073402 40.047600 -8.057131 0.700598 -0.130180 0.695828 0.089666
682.300000000 13.026666 40.100110 -8.058691 0.700828 -0.128874 0.696013 0.088304
682.400000000 12.993457 40.119336 -8.063774 0.700367 -0.129873 0.696170 0.089261
682.500000000 12.934585 40.137406 -8.077748 0.700694 -0.130092 0.695755 0.089605
682.600000000 12.527499 40.139075 -8.084524 0.700687 -0.129870 0.695868 0.089102
682.700000000 12.611017 40.231393 -8.104795 0.701640 -0.124983 0.696433 0.084033
682.800000000 12.684716 40.287604 -8.128735 0.702407 -0.121872 0.696589 0.080841
682.900000000 12.855917 40.119114 -8.166593 0.700724 -0.132409 0.694962 0.092092
683.000000000 12.473365 39.961983 -8.195444 0.693120 -0.169139 0.688410 0.130644
683.100000000 12.372305 40.030972 -8.225893 0.694094 -0.165455 0.689087 0.126558
683.200000000 12.391219 40.023885 -8.260479 0.693280 -0.167794 0.688892 0.128983
683.300000000 12.385689 40.019638 -8.301578 0.693080 -0.168462 0.688769 0.129839
683.400000000 12.495259 40.026513 -8.350226 0.693332 -0.170175 0.687807 0.131349
683.500000000 12.512495 40.039485 -8.397215 0.693340 -0.170354 0.687716 0.131553
683.600000000 12.462217 40.066946 -8.443499 0.693152 -0.169778 0.688149 0.131021
683.700000000 12.363080 40.108508 -8.495542 0.693612 -0.169780 0.687713 0.130872
683.800000000 12.331033 40.137573 -8.552243 0.693732 -0.169449 0.687733 0.130561
683.900000000 12.295691 40.158275 -8.609789 0.693577 -0.169556 0.687828 0.130742
684.000000000 12.007841 40.212672 -8.663989 0.693764 -0.169031 0.687930 0.129896
684.100000000 11.946114 40.248127 -8.721079 0.693458 -0.168310 0.688512 0.129378
684.200000000 11.804746 40.305514 -8.783764 0.694117 -0.167116 0.688408 0.127944
684.300000000 11.714392 40.315429 -8.849677 0.694268 -0.168512 0.687727 0.128943
684.400000000 11.707162 40.300165 -8.916130 0.693231 -0.170596 0.687768 0.131543
684.500000000 11.712426 40.361008 -8.987402 0.694165 -0.168305 0.687903 0.128833
684.600000000 11.625850 40.355611 -9.059830 0.693320 -0.172019 0.687093 0.132743
684.700000000 11.454380 40.370933 -9.127508 0.693226 -0.170850 0.687727 0.131453
684.800000000 11.588723 40.390584 -9.202349 0.693253 -0.170743 0.687757 0.131294
684.900000000 11.580897 40.408647 -9.278538 0.693000 -0.170627 0.688003 0.131488
685.000000000 11.575484 40.429479 -9.359907 0.693543 -0.170719 0.687422 0.131547
685.100000000 11.212578 40.504684 -9.433786 0.695196 -0.169544 0.686443 0.129434
685.200000000 11.136578 40.525355 -9.514164 0.698854 -0.169680 0.682938 0.128094
685.300000000 11.069646 40.553811 -9.585488 0.701679 -0.171023 0.679720 0.127976
685.400000000 11.063108 40.584913 -9.660802 0.704163 -0.170025 0.677739 0.126160
685.500000000 11.000980 40.611304 -9.731588 0.704675 -0.171253 0.676754 0.126922
685.600000000 11.038748 40.629561 -9.801835 0.704294 -0.171251 0.677108 0.127157
685.700000000 10.857024 40.671474 -9.871590 0.704160 -0.170346 0.677661 0.126156
685.800000000 10.815734 40.693765 -9.938753 0.703547 -0.170189 0.678316 0.126271
685.900000000 10.876411 40.718705 -10.001074 0.702837 -0.169317 0.679354 0.125813
686.000000000 10.819764 40.760392 -10.060476 0.702486 -0.168838 0.679901 0.125466
686.100000000 10.847759 40.786724 -10.120448 0.702472 -0.168955 0.679868 0.125565
686.200000000 10.737629 40.770714 -10.180255 0.701927 -0.171348 0.679385 0.127962
686.300000000 10.629991 40.795831 -10.234906 0.701929 -0.172174 0.679032 0.128713
686.400000000 10.555849 40.807265 -10.283755 0.701367 -0.172372 0.679523 0.128924
686.500000000 10.491278 40.842607 -10.335304 0.701488 -0.172557 0.679330 0.129031
686.600000000 10.783612 40.957410 -10.384186 0.702559 -0.167404 0.680442 0.124035
686.700000000 10.504458 40.915974 -10.426157 0.701152 -0.171038 0.680340 0.127552
686.800000000 10.437412 40.942648 -10.471015 0.701396 -0.171331 0.679986 0.127703
686.900000000 10.232430 40.985686 -10.506736 0.701129 -0.171117 0.680368 0.127423
687.000000000 10.215873 41.010420 -10.542499 0.700920 -0.170637 0.680733 0.127265
687.100000000 10.158594 41.053039 -10.578794 0.700926 -0.170404 0.680860 0.126864
687.200000000 10.182350 41.090960 -10.613666 0.701442 -0.169428 0.680764 0.125834
687.300000000 10.133390 41.141392 -10.640087 0.701081 -0.168867 0.681333 0.125518
687.400000000 10.015335 41.115574 -10.667205 0.700454 -0.171588 0.680815 0.128114
687.500000000 9.961940 41.158102 -10.693975 0.700691 -0.171212 0.680750 0.127664
687.600000000 9.830969 41.154551 -10.712852 0.699902 -0.173190 0.680725 0.129443
687.700000000 9.749676 41.189691 -10.731105 0.699894 -0.173046 0.680803 0.129269
687.800000000 9.451911 41.249380 -10.746233 0.700180 -0.172451 0.680798 0.128540
687.900000000 9.488504 41.299103 -10.759082 0.700051 -0.171474 0.681347 0.127637
688.000000000 9.489875 41.358983 -10.771749 0.700406 -0.170393 0.681465 0.126501
688.100000000 9.255627 41.351269 -10.780919 0.699787 -0.172844 0.681056 0.128789
688.200000000 9.112545 41.375211 -10.785816 0.699494 -0.173928 0.680873 0.129881
688.300000000 9.103775 41.362675 -10.791897 0.698971 -0.175809 0.680581 0.131685
688.400000000 9.043270 41.388837 -10.789717 0.698418 -0.175868 0.681084 0.131935
688.500000000 8.839781 41.456558 -10.785304 0.698554 -0.175056 0.681346 0.130940
688.600000000 8.537851 41.517633 -10.779386 0.698844 -0.173988 0.681574 0.129626
688.700000000 8.396131 41.523682 -10.773179 0.698389 -0.174416 0.681832 0.130142
688.800000000 8.317686 41.538364 -10.769795 0.698473 -0.175567 0.681240 0.131242
688.900000000 8.287040 41.561592 -10.758800 0.697973 -0.176412 0.681360 0.132143
689.000000000 8.337830 41.668181 -10.745504 0.698890 -0.172256 0.682268 0.128028
689.100000000 8.305920 41.690920 -10.731702 0.698747 -0.172052 0.682482 0.127939
689.200000000 8.025548 41.709003 -10.713089 0.698213 -0.173508 0.682407 0.129286
689.300000000 7.943167 41.742661 -10.696234 0.698152 -0.173627 0.682409 0.129445
689.400000000 7.884795 41.782327 -10.674089 0.698010 -0.173192 0.682740 0.129048
689.500000000 7.666812 41.845014 -10.648616 0.698218 -0.171303 0.683363 0.127130
689.600000000 7.267954 41.884290 -10.624966 0.698419 -0.170660 0.683496 0.126171
689.700000000 6.809953 41.972875 -10.589156 0.698316 -0.169101 0.684275 0.124608
689.800000000 6.314891 41.945992 -10.555812 0.697030 -0.170428 0.685012 0.125944
689.900000000 5.866459 41.984250 -10.526981 0.696736 -0.171405 0.684906 0.126818
690.000000000 5.276093 42.064093 -10.489887 0.696272 -0.168259 0.686694 0.123877
690.100000000 4.748207 42.057632 -10.458372 0.694924 -0.170340 0.687159 0.126006
690.200000000 4.296005 42.134819 -10.421067 0.695453 -0.166013 0.688422 0.121902
690.300000000 4.040275 42.188015 -10.384974 0.695785 -0.162161 0.689643 0.118232
690.400000000 3.524217 41.970399 -10.353132 0.692190 -0.175688 0.687551 0.131452
690.500000000 2.855992 41.974107 -10.320801 0.691396 -0.179406 0.686678 0.135124
690.600000000 1.890060 41.990798 -10.291286 0.692716 -0.183866 0.683267 0.139583
690.700000000 1.572393 41.932841 -10.255052 0.692342 -0.186238 0.682474 0.142155
690.800000000 0.500440 42.422910 -10.218758 0.682680 -0.227524 0.669706 0.183504
690.900000000 -0.569123 42.753412 -10.188163 0.680995 -0.230166 0.669630 0.186722
691.000000000 -1.216725 42.895675 -10.159735 0.677598 -0.243990 0.664395 0.199774
691.100000000 -1.294331 42.991365 -10.113123 0.673606 -0.254669 0.661089 0.210617
691.200000000 -1.243402 43.507305 -10.033474 0.699273 -0.143265 0.692738 0.102990
691.300000000 -1.287502 43.806437 -9.988998 0.700206 -0.138942 0.693160 0.099680
691.400000000 -1.516682 43.022853 -9.965872 0.710536 -0.060812 0.700692 0.021703
691.500000000 -2.178618 42.849957 -9.922925 0.709224 -0.068336 0.701061 0.029073
691.600000000 -2.664726 42.815517 -9.881342 0.708976 -0.066452 0.701550 0.027641
691.700000000 -3.132978 42.745805 -9.835598 0.707910 -0.069028 0.702273 0.030191
691.800000000 -3.503330 42.669201 -9.791601 0.706465 -0.075721 0.702721 0.036849
691.900000000 -3.767565 42.649699 -9.748470 0.705317 -0.081246 0.702964 0.042051
692.000000000 -3.816645 42.754047 -9.703455 0.705603 -0.082840 0.702382 0.043833
692.100000000 -3.756649 43.190148 -9.655134 0.708438 -0.061480 0.702700 0.023428
692.200000000 -3.990868 43.200913 -9.640413 0.711428 0.059412 0.694082 -0.092691
692.300000000 -4.201338 43.246265 -9.577047 0.699512 0.111025 0.691044 -0.144275
692.400000000 -4.291169 43.335694 -9.542307 0.684241 0.182653 0.673063 -0.213164
692.500000000 -4.325887 43.463511 -9.496694 0.686902 0.168871 0.678057 -0.199717
692.600000000 -4.377382 43.796192 -9.465224 0.683464 0.188029 0.671257 -0.216650
692.700000000 -4.372228 44.175387 -9.432098 0.670086 0.235705 0.653692 -0.260986
692.800000000 -4.427716 44.465027 -9.398472 0.662936 0.260514 0.642170 -0.283313
692.900000000 -4.481067 44.696390 -9.311057 0.621067 0.340958 0.605282 -0.362846
693.000000000 -4.688032 44.740502 -9.266982 0.614336 0.353543 0.598187 -0.373860
693.100000000 -4.723729 44.653194 -9.208223 0.608683 0.358781 0.596225 -0.381178
693.200000000 -4.621451 44.391472 -9.168221 0.606955 0.360791 0.595071 -0.383830
693.300000000 -4.793660 44.246855 -9.136891 0.596526 0.380381 0.582138 -0.400728
693.400000000 -4.689032 44.455500 -9.098081 0.609650 0.360102 0.594851 -0.380534
693.500000000 -4.528164 44.627066 -9.052972 0.646019 0.285979 0.635402 -0.311673
693.600000000 -4.484678 44.638239 -9.017904 0.640184 0.300303 0.628249 -0.324478
693.700000000 -4.309247 44.605805 -8.976593 0.633500 0.314560 0.620840 -0.338066
693.800000000 -4.703493 44.210250 -8.956390 0.630750 0.322127 0.616271 -0.344383
693.900000000 -4.979634 43.859182 -8.915792 0.618650 0.344259 0.604122 -0.365778
694.000000000 -4.806709 43.952141 -8.887619 0.652200 0.277685 0.637746 -0.301342
694.100000000 -4.762360 43.679980 -8.859839 0.647886 0.289262 0.632112 -0.311457
694.200000000 -4.956825 43.913589 -8.832416 0.658669 0.268496 0.640190 -0.290210
694.300000000 -4.961581 43.882452 -8.792132 0.656109 0.274780 0.637342 -0.296330
694.400000000 -5.001605 43.951196 -8.762636 0.657827 0.272513 0.637841 -0.293529
694.500000000 -5.006254 44.048163 -8.733828 0.658684 0.273575 0.636532 -0.293461
694.600000000 -4.977236 44.042502 -8.716718 0.657754 0.274659 0.636635 -0.294310
694.700000000 -5.070073 44.043923 -8.682359 0.654869 0.270830 0.641308 -0.294145
694.800000000 -5.142503 43.972343 -8.670518 0.651478 0.272152 0.642773 -0.297242
694.900000000 -5.199355 43.856574 -8.660172 0.652528 0.275629 0.639611 -0.298552
695.000000000 -5.261947 43.836079 -8.648349 0.653354 0.274735 0.639692 -0.297396
695.100000000 -5.310246 43.806651 -8.635249 0.651025 0.277373 0.639416 -0.300630
695.200000000 -5.404357 43.723753 -8.637047 0.653190 0.280630 0.635651 -0.300893
695.300000000 -5.416206 43.660583 -8.633157 0.654974 0.272951 0.640083 -0.294620
695.400000000 -5.426649 43.716016 -8.631295 0.657178 0.273753 0.638106 -0.293251
695.500000000 -5.455031 43.776495 -8.640214 0.657392 0.271872 0.639372 -0.291763
695.600000000 -5.514835 43.827850 -8.652551 0.662649 0.260209 0.644066 -0.279939
695.700000000 -5.571286 43.884579 -8.657842 0.659710 0.272214 0.637543 -0.290208
695.800000000 -5.603242 43.926599 -8.675074 0.658446 0.273271 0.637899 -0.291301
695.900000000 -5.610495 43.938911 -8.700148 0.666295 0.257313 0.643687 -0.274786
696.000000000 -5.552270 44.105204 -8.726781 0.679154 0.220137 0.657527 -0.240724
696.100000000 -5.656451 44.064280 -8.693441 0.672091 0.243332 0.648278 -0.262332
696.200000000 -5.737654 43.809210 -8.705180 0.612917 0.356870 0.596982 -0.374952
696.300000000 -5.935904 43.705977 -8.733786 0.617005 0.350171 0.601132 -0.367867
696.400000000 -5.842168 43.747035 -8.756811 0.616397 0.354449 0.597568 -0.370584
696.500000000 -5.854425 43.644474 -8.784454 0.612811 0.361479 0.595160 -0.373605
696.600000000 -5.949146 43.368290 -8.826980 0.606718 0.369871 0.595555 -0.374703
696.700000000 -5.966202 43.238180 -8.864089 0.608743 0.364273 0.602612 -0.365507
696.800000000 -6.049363 43.263881 -8.897852 0.603931 0.364298 0.607144 -0.365965
696.900000000 -6.092837 43.223136 -8.933098 0.596719 0.372018 0.604738 -0.373927
697.000000000 -6.088895 43.186369 -8.962434 0.601989 0.365089 0.608169 -0.366673
697.100000000 -5.988491 43.017797 -8.969182 0.606199 0.369059 0.601885 -0.366132
697.200000000 -6.042835 42.848506 -9.018567 0.607959 0.358480 0.609723 -0.360716
697.300000000 -6.086810 42.624608 -9.046808 0.603969 0.365689 0.604462 -0.368943
697.400000000 -6.194531 42.639242 -9.083073 0.599958 0.368474 0.604026 -0.373404
697.500000000 -6.201396 42.607106 -9.108175 0.601864 0.369827 0.601179 -0.373593
697.600000000 -6.139888 42.488453 -9.128183 0.603330 0.366966 0.603082 -0.370973
697.700000000 -6.133999 42.379396 -9.155944 0.606062 0.363661 0.603660 -0.368828
697.800000000 -6.138807 42.329996 -9.173398 0.605219 0.369428 0.598495 -0.372876
697.900000000 -6.129655 42.323763 -9.199870 0.610809 0.359364 0.604327 -0.364087
698.000000000 -6.179630 42.351589 -9.230806 0.603445 0.368223 0.599485 -0.375344
698.100000000 -6.116428 42.225644 -9.263459 0.604769 0.363976 0.602290 -0.372857
698.200000000 -6.095614 42.181774 -9.302139 0.601753 0.361108 0.605160 -0.375866
698.300000000 -6.033297 42.164559 -9.299018 0.614036 0.349961 0.608907 -0.360166
698.400000000 -6.044514 42.170968 -9.317633 0.610364 0.356487 0.604735 -0.366973
698.500000000 -6.042668 42.029822 -9.327839 0.605107 0.364637 0.599442 -0.376238
698.600000000 -6.042550 41.938466 -9.340455 0.605674 0.362464 0.601516 -0.374107
698.700000000 -6.010854 41.884606 -9.344444 0.613215 0.353313 0.604716 -0.365316
698.800000000 -5.951582 41.775597 -9.326953 0.616175 0.354636 0.601626 -0.364154
698.900000000 -5.976082 41.689077 -9.331722 0.618062 0.352456 0.602596 -0.361460
699.000000000 -5.959349 41.460583 -9.372431 0.576656 0.404381 0.571147 -0.421586
699.100000000 -5.897712 41.397931 -9.374564 0.577218 0.404885 0.569671 -0.422329
699.200000000 -5.867296 41.672921 -9.353751 0.609099 0.376364 0.583637 -0.383037
699.300000000 -5.738311 41.632566 -9.411886 0.624065 0.338044 0.609989 -0.352395
699.400000000 -5.806064 41.328145 -9.386761 0.611010 0.366262 0.591408 -0.377829
699.500000000 -5.735628 41.109087 -9.423096 0.580647 0.399752 0.571350 -0.420246
699.600000000 -5.735958 41.067634 -9.443462 0.585528 0.387115 0.581245 -0.411646
699.700000000 -5.636209 41.047909 -9.415770 0.582647 0.404613 0.565625 -0.420570
699.800000000 -5.581516 41.163363 -9.449797 0.625852 0.341226 0.603609 -0.357113
699.900000000 -5.517674 41.148837 -9.471408 0.626682 0.341332 0.603256 -0.356151
700.000000000 -5.499892 40.816061 -9.435328 0.594105 0.391712 0.573803 -0.405402
700.100000000 -5.548857 40.581884 -9.454814 0.601352 0.373156 0.587497 -0.392400
700.200000000 -5.519701 40.421133 -9.486705 0.600128 0.372537 0.588295 -0.393664
700.300000000 -5.437478 40.434318 -9.495296 0.601783 0.371524 0.588386 -0.391955
700.400000000 -5.418573 40.483138 -9.532585 0.603569 0.358202 0.599161 -0.385230
700.500000000 -5.365627 40.523864 -9.510573 0.605903 0.359944 0.597106 -0.383127
700.600000000 -5.359513 40.579278 -9.511952 0.584225 0.387734 0.579999 -0.414662
700.700000000 -5.339064 40.588932 -9.496053 0.575831 0.401138 0.570616 -0.426503
700.800000000 -5.302875 40.615374 -9.521629 0.575513 0.399156 0.572645 -0.426072
700.900000000 -5.238600 40.627746 -9.514478 0.576408 0.398629 0.572823 -0.425114
701.000000000 -5.143745 40.625745 -9.516272 0.583028 0.392828 0.575987 -0.417137
701.100000000 -5.089821 40.646902 -9.522683 0.576418 0.398433 0.572636 -0.425537
701.200000000 -5.004024 40.638376 -9.527713 0.578025 0.396197 0.574388 -0.423077
701.300000000 -4.923348 40.642947 -9.528149 0.579773 0.396865 0.573220 -0.421640
701.400000000 -4.821372 40.641868 -9.515987 0.581576 0.397667 0.572122 -0.419890
701.500000000 -4.743203 40.670049 -9.502036 0.582438 0.399518 0.570290 -0.419430
701.600000000 -4.670722 40.681701 -9.486478 0.584307 0.398912 0.570090 -0.417674
701.700000000 -4.563566 40.681535 -9.480932 0.588191 0.395531 0.571277 -0.413798
701.800000000 -4.432458 40.663220 -9.483109 0.593591 0.384615 0.578654 -0.406054
701.900000000 -4.366178 40.646930 -9.478003 0.594737 0.383751 0.578408 -0.405546
702.000000000 -4.310238 40.655782 -9.460994 0.588721 0.393537 0.571508 -0.414626
702.100000000 -4.244658 40.630044 -9.465087 0.581736 0.395697 0.571011 -0.423028
702.200000000 -4.136071 40.650730 -9.457729 0.585398 0.392823 0.572490 -0.418634
702.300000000 -4.051397 40.683806 -9.426323 0.585604 0.397680 0.567867 -0.420054
702.400000000 -3.958425 40.712002 -9.382606 0.585798 0.404157 0.561182 -0.422579
702.500000000 -3.857173 40.714890 -9.423282 0.592629 0.383484 0.577682 -0.409896
702.600000000 -3.770411 40.712421 -9.425537 0.593792 0.382227 0.577957 -0.408998
702.700000000 -3.690317 40.716081 -9.381896 0.593837 0.391227 0.569888 -0.411736
702.800000000 -3.646108 40.747169 -9.373428 0.591301 0.394675 0.567193 -0.415796
702.900000000 -3.567003 40.763077 -9.346246 0.587501 0.402928 0.560723 -0.421997
703.000000000 -3.478786 40.743904 -9.377699 0.592868 0.387899 0.572895 -0.412109
703.100000000 -3.352048 40.734645 -9.359728 0.593586 0.387025 0.572879 -0.411918
703.200000000 -3.298191 40.785316 -9.315896 0.591445 0.396265 0.565162 -0.416844
703.300000000 -3.215565 40.797657 -9.292253 0.588658 0.402624 0.559862 -0.421817
703.400000000 -3.106117 40.837762 -9.296219 0.593830 0.393602 0.566365 -0.414336
703.500000000 -2.992542 40.829267 -9.310261 0.602961 0.378731 0.576087 -0.401403
703.600000000 -2.907926 40.861339 -9.285205 0.609931 0.375366 0.575819 -0.394356
703.700000000 -2.867960 40.901142 -9.313419 0.603352 0.373117 0.580027 -0.400398
703.800000000 -2.802439 40.949050 -9.291890 0.601448 0.379268 0.574661 -0.405192
703.900000000 -2.705776 40.894165 -9.273732 0.605925 0.375041 0.576673 -0.399559
704.000000000 -2.602802 40.852827 -9.254263 0.606094 0.372856 0.578611 -0.398545
704.100000000 -2.567639 40.566188 -9.271389 0.607562 0.357011 0.591437 -0.391936
704.200000000 -2.573797 40.853021 -9.234666 0.587824 0.388722 0.570542 -0.421711
704.300000000 -2.487042 40.970382 -9.216737 0.583847 0.396036 0.564996 -0.427853
704.400000000 -2.441498 41.102986 -9.198805 0.584466 0.395377 0.565460 -0.427003
704.500000000 -2.364382 41.182879 -9.184761 0.584887 0.396773 0.563975 -0.427096
704.600000000 -2.318454 41.299193 -9.169658 0.586044 0.397012 0.563495 -0.425920
704.700000000 -2.236261 41.341903 -9.163544 0.593955 0.382604 0.574235 -0.413625
704.800000000 -2.169149 41.275382 -9.175153 0.594126 0.370164 0.584586 -0.410185
704.900000000 -2.105538 41.414345 -9.150138 0.610176 0.348119 0.597373 -0.386838
705.000000000 -2.117403 41.526456 -9.137064 0.601230 0.359112 0.591268 -0.399954
705.100000000 -2.126568 41.575919 -9.115449 0.592528 0.375201 0.580887 -0.413165
705.200000000 -2.089140 41.576697 -9.094294 0.588796 0.379792 0.578033 -0.418276
705.300000000 -2.008471 41.542491 -9.077279 0.580177 0.391964 0.569800 -0.430218
705.400000000 -1.910507 41.483908 -9.074097 0.566808 0.412538 0.554736 -0.448117
705.500000000 -1.777163 41.404817 -9.068980 0.550994 0.432271 0.539712 -0.467182
705.600000000 -1.675429 41.331230 -9.057420 0.565074 0.411936 0.556026 -0.449261
705.700000000 -1.503870 41.212620 -9.063526 0.569011 0.403614 0.562553 -0.443685
705.800000000 -1.434292 41.171286 -9.052338 0.557265 0.420096 0.549735 -0.459094
705.900000000 -1.251401 41.025951 -9.040564 0.551919 0.429498 0.541850 -0.466171
706.000000000 -1.161847 40.920752 -9.030029 0.543569 0.437810 0.535103 -0.475940
706.100000000 -1.007753 40.802330 -9.024547 0.540417 0.441982 0.531514 -0.479681
706.200000000 -0.827297 40.600409 -9.021452 0.546112 0.434469 0.537685 -0.473174
706.300000000 -0.814456 40.460209 -9.018862 0.541030 0.439673 0.533886 -0.478476
706.400000000 -0.950558 40.574218 -9.006899 0.542810 0.439649 0.533831 -0.476540
706.500000000 -0.717563 40.652288 -8.990610 0.549159 0.430784 0.541102 -0.469103
706.600000000 -0.604023 40.511396 -8.981933 0.539869 0.442443 0.531321 -0.480087
706.700000000 -0.841953 40.804911 -8.970422 0.534372 0.451296 0.523762 -0.486264
706.800000000 -0.619916 40.867462 -8.961347 0.540657 0.441837 0.531977 -0.479030
706.900000000 -0.529428 40.869347 -8.948834 0.540890 0.441361 0.532297 -0.478852
707.000000000 -0.783165 41.096294 -8.937549 0.532643 0.454886 0.520802 -0.487991
707.100000000 -0.612794 41.085982 -8.931135 0.538308 0.449485 0.525320 -0.481899
707.200000000 -0.594311 41.092900 -8.926752 0.536634 0.453069 0.522096 -0.483909
707.300000000 -0.679384 41.127932 -8.921138 0.532536 0.458949 0.516928 -0.488423
707.400000000 -0.628147 41.207384 -8.910964 -0.510761 -0.484250 -0.493752 0.510720
707.500000000 -0.636051 41.420814 -8.933556 0.596562 0.384672 0.572197 -0.410770
707.600000000 -0.459297 41.581671 -8.944879 0.614092 0.366741 0.583841 -0.384086
707.700000000 -0.471585 41.657958 -8.937080 0.604823 0.386140 0.572260 -0.396993
707.800000000 -0.414565 41.696768 -8.943053 0.607535 0.385655 0.572653 -0.392734
707.900000000 -0.253349 41.773467 -8.953143 0.622529 0.363891 0.585550 -0.370367
708.000000000 -0.219444 41.884742 -8.964119 0.620661 0.368734 0.582307 -0.373810
708.100000000 -0.200662 41.963501 -8.981857 0.622914 0.365849 0.583820 -0.370522
708.200000000 -0.204497 42.133179 -8.986791 0.617376 0.371682 0.580425 -0.379218
708.300000000 -0.200757 42.229703 -9.002895 0.616603 0.366192 0.583266 -0.381452
708.400000000 -0.239490 42.233492 -9.021833 0.610735 0.373296 0.577827 -0.392133
708.500000000 -0.168120 42.257030 -9.038541 0.614553 0.363093 0.584407 -0.385950
708.600000000 -0.124296 42.265150 -9.053786 0.609907 0.371520 0.578318 -0.394379
708.700000000 -0.121849 42.314139 -9.067692 0.611373 0.368407 0.580571 -0.391710
708.800000000 -0.122479 42.317372 -9.079459 0.610451 0.369670 0.579962 -0.392859
708.900000000 -0.075952 42.372337 -9.089761 0.613052 0.364227 0.583964 -0.387932
709.000000000 -0.051053 42.430133 -9.101857 0.615230 0.361000 0.586041 -0.384351
709.100000000 -0.055901 42.436209 -9.116492 0.614050 0.363171 0.584723 -0.386198
709.200000000 -0.101726 42.373888 -9.129028 0.610597 0.368149 0.581969 -0.391089
709.300000000 -0.065813 42.429022 -9.143124 0.611127 0.367155 0.582769 -0.390002
709.400000000 -0.063802 42.451528 -9.154455 0.615837 0.358683 0.588310 -0.382076
709.500000000 -0.138485 42.423592 -9.165200 0.612064 0.363726 0.585690 -0.387360
709.600000000 -0.095155 42.477705 -9.176865 0.618361 0.352337 0.593097 -0.376463
709.700000000 -0.132395 42.484529 -9.186908 0.614318 0.358954 0.589207 -0.382884
709.800000000 -0.118132 42.539189 -9.197654 0.615090 0.357381 0.590475 -0.381159
709.900000000 -0.099154 42.567896 -9.203883 0.614499 0.357352 0.590927 -0.381438
710.000000000 -0.074925 42.617270 -9.213842 0.615532 0.355020 0.592623 -0.379316
710.100000000 -0.088584 42.634713 -9.227305 0.612276 0.361355 0.588642 -0.384761
710.200000000 -0.115308 42.735307 -9.237518 0.608768 0.367250 0.585042 -0.390198
710.300000000 -0.048929 42.800122 -9.244399 0.608695 0.366808 0.585693 -0.389751
710.400000000 0.086170 42.915227 -9.252907 0.616060 0.353565 0.594109 -0.377487
710.500000000 0.149683 42.965017 -9.256668 0.620910 0.343363 0.600645 -0.368507
710.600000000 0.121318 42.940768 -9.265356 0.621787 0.341346 0.602018 -0.366658
710.700000000 0.165737 42.900109 -9.277044 0.621717 0.341959 0.601610 -0.366875
710.800000000 0.119314 42.927880 -9.281726 0.621136 0.341483 0.602448 -0.366927
710.900000000 0.121909 42.946471 -9.281097 0.621517 0.338542 0.604793 -0.365146
711.000000000 0.092374 42.861639 -9.298537 0.618931 0.344802 0.600855 -0.370148
711.100000000 0.061014 42.882113 -9.300715 0.616332 0.347382 0.599927 -0.373562
711.200000000 0.038291 42.883494 -9.301885 0.616500 0.345236 0.601598 -0.372585
711.300000000 -0.006295 42.808030 -9.310134 0.623781 0.329758 0.611266 -0.358485
711.400000000 -0.082071 42.713850 -9.316312 0.623104 0.330514 0.610997 -0.359422
711.500000000 -0.184954 42.656031 -9.323753 0.622333 0.332756 0.609592 -0.361071
711.600000000 0.015119 42.701168 -9.300384 0.586971 0.385196 0.577752 -0.416284
711.700000000 0.619796 42.623573 -9.278082 0.526655 0.461221 0.519169 -0.490278
711.800000000 0.634451 42.420962 -9.284929 0.530284 0.457402 0.522861 -0.486002
711.900000000 0.917002 41.920061 -9.293345 -0.470303 -0.522580 -0.456331 0.545424
712.000000000 1.108231 41.553001 -9.308088 -0.471793 -0.521598 -0.457360 0.544213
712.100000000 1.249417 41.348634 -9.313821 -0.473293 -0.519770 -0.459270 0.543050
712.200000000 1.277148 41.238480 -9.318662 -0.471003 -0.521790 -0.457098 0.544934
712.300000000 1.297676 41.155636 -9.324322 -0.469852 -0.522690 -0.456203 0.545813
712.400000000 1.328755 41.059676 -9.327739 -0.469020 -0.523425 -0.455568 0.546356
712.500000000 1.359718 40.969419 -9.329708 -0.467816 -0.524042 -0.454773 0.547458
712.600000000 1.503268 40.729188 -9.331741 -0.467903 -0.523037 -0.455741 0.547540
712.700000000 1.562690 40.548385 -9.335861 -0.464932 -0.524987 -0.453379 0.550158
712.800000000 1.743836 40.221922 -9.350917 -0.465639 -0.524893 -0.453604 0.549465
712.900000000 1.862224 39.968974 -9.356725 -0.463366 -0.526136 -0.451944 0.551561
713.000000000 2.157716 39.481658 -9.368665 -0.464734 -0.523267 -0.454502 0.551038
713.100000000 2.196521 39.373465 -9.369385 -0.462432 -0.524370 -0.453048 0.553118
713.200000000 2.254959 39.215850 -9.371497 -0.460319 -0.525519 -0.451509 0.555046
713.300000000 2.273684 39.186769 -9.370990 -0.459622 -0.525902 -0.451196 0.555516
713.400000000 2.269974 39.163381 -9.367868 -0.457689 -0.527338 -0.449616 0.557029
713.500000000 2.325928 39.055078 -9.365451 -0.457006 -0.527109 -0.449688 0.557748
713.600000000 2.465295 38.842524 -9.369815 -0.457000 -0.527087 -0.449750 0.557723
713.700000000 2.553008 38.669453 -9.375626 -0.455835 -0.529110 -0.447998 0.558172
713.800000000 2.537233 38.690885 -9.367602 -0.453528 -0.530611 -0.446254 0.560019
713.900000000 2.561007 38.916692 -9.368498 -0.459431 -0.528051 -0.450569 0.554142
714.000000000 2.492099 39.647591 -9.333733 -0.474082 -0.513347 -0.467126 0.541769
714.100000000 2.142159 40.168279 -9.304855 -0.469662 -0.516362 -0.464049 0.545387
714.200000000 2.225787 40.858591 -9.285246 -0.487138 -0.500189 -0.482093 0.529238
714.300000000 1.045255 42.191998 -9.255259 -0.464329 -0.525503 -0.457063 0.547118
714.400000000 0.223738 42.736849 -9.284856 0.618757 0.334091 0.613914 -0.358653
714.500000000 0.218204 42.689628 -9.283527 0.619746 0.332959 0.614487 -0.357015
714.600000000 0.152978 42.522685 -9.281180 0.626341 0.320584 0.621373 -0.344700
714.700000000 0.099265 42.352980 -9.249506 0.604221 0.354632 0.602691 -0.381991
714.800000000 1.113461 42.651710 -9.202471 0.534837 0.445868 0.536858 -0.476376
714.900000000 0.648530 42.764386 -9.183107 0.513903 0.469906 0.515510 -0.499341
715.000000000 0.806536 42.629788 -9.195554 -0.467516 -0.523675 -0.460271 0.543455
715.100000000 0.874707 42.544879 -9.188488 -0.467287 -0.523495 -0.460397 0.543719
715.200000000 1.017543 42.357986 -9.185251 -0.468582 -0.522468 -0.461448 0.542701
715.300000000 1.051139 42.342567 -9.177732 -0.468797 -0.522346 -0.461587 0.542514
715.400000000 1.111073 42.301373 -9.171234 -0.470597 -0.520162 -0.463843 0.541127
715.500000000 1.080242 42.387761 -9.164204 -0.470197 -0.520900 -0.463264 0.541262
715.600000000 0.958059 42.620146 -9.152476 -0.468880 -0.522041 -0.462117 0.542284
715.700000000 1.031296 42.660024 -9.144634 -0.473534 -0.517845 -0.466871 0.538176
715.800000000 0.851179 42.939215 -9.135353 -0.471053 -0.520889 -0.463983 0.539911
715.900000000 0.636328 43.362909 -9.126471 -0.469736 -0.522319 -0.462534 0.540919
716.000000000 0.643691 43.360839 -9.122159 -0.469531 -0.523124 -0.461896 0.540864
716.100000000 0.547102 43.593089 -9.112827 -0.467386 -0.525164 -0.459625 0.542677
716.200000000 0.562561 43.697416 -9.104120 -0.468131 -0.524567 -0.460311 0.542030
716.300000000 0.577172 43.797311 -9.094202 -0.468555 -0.523693 -0.461171 0.541777
716.400000000 0.579011 43.896763 -9.085478 -0.469767 -0.522623 -0.462408 0.540706
716.500000000 0.539272 44.051230 -9.076247 -0.469044 -0.523307 -0.461634 0.541333
716.600000000 0.455794 44.226232 -9.068586 -0.468158 -0.524649 -0.460265 0.541966
716.700000000 0.472041 44.362653 -9.061011 -0.470349 -0.523008 -0.462167 0.540033
716.800000000 0.467406 44.505176 -9.050688 -0.472027 -0.521592 -0.463780 0.538554
716.900000000 0.440401 44.581945 -9.044701 -0.469742 -0.524411 -0.460664 0.540485
717.000000000 0.426894 44.718095 -9.037113 -0.470367 -0.523903 -0.461189 0.539986
717.100000000 0.389775 44.884680 -9.028661 -0.469954 -0.524252 -0.460746 0.540385
717.200000000 0.373406 45.014274 -9.020260 -0.469945 -0.524222 -0.460713 0.540450
717.300000000 0.351180 45.157011 -9.018471 -0.470748 -0.524314 -0.460793 0.539593
717.400000000 0.338822 45.314635 -9.012819 -0.471027 -0.524464 -0.460663 0.539315
717.500000000 0.280877 45.527138 -9.010357 -0.469901 -0.526008 -0.459091 0.540134
717.600000000 0.237945 45.657003 -9.002175 -0.469876 -0.525963 -0.458978 0.540295
717.700000000 0.275438 45.728868 -8.994794 -0.471167 -0.524651 -0.460295 0.539324
717.800000000 0.312251 45.753494 -8.986371 -0.471312 -0.524054 -0.460828 0.539324
717.900000000 0.298699 45.949197 -8.982117 -0.471749 -0.524335 -0.460646 0.538824
718.000000000 0.288291 46.032909 -8.980335 -0.472262 -0.524600 -0.460522 0.538222
718.100000000 0.251610 46.252485 -8.973998 -0.472144 -0.524906 -0.460153 0.538342
718.200000000 0.317095 46.245157 -8.966780 -0.471999 -0.524736 -0.460190 0.538604
718.300000000 0.298012 46.468531 -8.962285 -0.471794 -0.525365 -0.459351 0.538887
718.400000000 0.264353 46.645860 -8.962621 -0.473777 -0.527315 -0.456208 0.537911
718.500000000 0.293855 46.749043 -8.959082 -0.477246 -0.527618 -0.454625 0.535884
718.600000000 0.325656 46.837424 -8.966053 -0.480405 -0.528464 -0.453176 0.533450
718.700000000 0.300084 47.035796 -8.975280 -0.482295 -0.529575 -0.451740 0.531858
718.800000000 0.236281 47.248306 -8.983397 -0.481226 -0.531007 -0.449978 0.532892
718.900000000 0.280827 47.306442 -8.991231 -0.482195 -0.528978 -0.452192 0.532159
719.000000000 0.444105 47.152833 -9.002671 -0.483217 -0.523474 -0.458974 0.530866
719.100000000 0.663657 46.864726 -9.011010 -0.479789 -0.520315 -0.462867 0.533693
719.200000000 0.746118 46.344483 -9.031044 -0.450041 -0.542585 -0.437202 0.558497
719.300000000 0.836514 46.514022 -9.035481 -0.460940 -0.529973 -0.451686 0.550130
719.400000000 0.816687 46.438429 -9.060303 -0.447572 -0.542213 -0.437276 0.560780
719.500000000 1.039091 46.690789 -9.067953 -0.470582 -0.521656 -0.461459 0.541741
719.600000000 0.950755 46.868031 -9.083325 -0.469218 -0.524414 -0.458616 0.542675
719.700000000 1.094245 46.738656 -9.098034 -0.468820 -0.525895 -0.456836 0.543087
719.800000000 1.489414 46.541844 -9.109367 -0.485126 -0.510597 -0.473235 0.529144
719.900000000 1.380052 46.809870 -9.125084 -0.484459 -0.511927 -0.471989 0.529581
720.000000000 1.350916 46.992834 -9.136130 -0.485084 -0.511567 -0.472272 0.529105
720.100000000 1.282020 47.244583 -9.143378 -0.486074 -0.510305 -0.473600 0.528228
720.200000000 1.027239 47.974891 -9.150408 -0.498380 -0.499307 -0.485375 0.516450
720.300000000 0.874188 48.067269 -9.148351 -0.485320 -0.510431 -0.473393 0.528984
720.400000000 0.769281 48.063314 -9.152974 -0.472818 -0.521497 -0.460916 0.540408
720.500000000 1.209593 47.154437 -9.167889 -0.462519 -0.530639 -0.449815 0.549695
720.600000000 1.598138 46.475611 -9.172866 -0.454622 -0.536178 -0.442380 0.556895
720.700000000 1.469829 46.382862 -9.176380 -0.434699 -0.553414 -0.420832 0.572425
720.800000000 1.532618 46.371877 -9.182588 -0.435764 -0.552183 -0.421938 0.571990
720.900000000 1.642645 46.286992 -9.187023 -0.436214 -0.551370 -0.422426 0.572071
721.000000000 1.692513 46.043334 -9.191429 -0.422262 -0.561615 -0.408109 0.582865
721.100000000 1.823912 45.742743 -9.196172 -0.413337 -0.567962 -0.398841 0.589489
721.200000000 1.929084 45.549979 -9.201590 -0.400491 -0.576827 -0.385507 0.598550
721.300000000 2.065045 45.391561 -9.204351 -0.395345 -0.579746 -0.380555 0.602308
721.400000000 2.171103 45.278586 -9.201038 -0.394112 -0.579576 -0.379895 0.603695
721.500000000 2.186489 45.141014 -9.192406 -0.368765 -0.594389 -0.355330 0.620044
721.600000000 2.134483 45.310391 -9.201487 -0.373348 -0.591869 -0.359895 0.617072
721.700000000 1.860891 45.687997 -9.205702 -0.370516 -0.594404 -0.356467 0.618331
721.800000000 1.694459 46.159419 -9.207433 -0.382897 -0.586702 -0.368867 0.610826
721.900000000 1.683366 46.382320 -9.204928 -0.387602 -0.583547 -0.373719 0.607924
722.000000000 1.774138 46.525397 -9.201643 -0.375774 -0.591514 -0.361184 0.615184
722.100000000 1.844653 46.470465 -9.205551 -0.361273 -0.600200 -0.346460 0.623865
722.200000000 1.868840 46.598239 -9.219912 -0.361051 -0.601035 -0.345549 0.623695
722.300000000 1.820401 46.758879 -9.227458 -0.354440 -0.605421 -0.338340 0.627187
722.400000000 1.645011 47.009344 -9.239670 -0.356549 -0.604810 -0.340049 0.625655
722.500000000 1.639668 47.152051 -9.251339 -0.358367 -0.604165 -0.341581 0.624403
722.600000000 1.566227 47.310299 -9.262301 -0.360792 -0.603038 -0.343893 0.622826
722.700000000 1.590463 47.410559 -9.275248 -0.357661 -0.604769 -0.340621 0.624748
722.800000000 1.555917 47.487232 -9.286789 -0.357186 -0.605220 -0.340013 0.624915
722.900000000 1.605419 47.475773 -9.303755 -0.353690 -0.607675 -0.336062 0.626656
723.000000000 1.776649 47.464955 -9.319494 -0.345838 -0.611297 -0.328025 0.631752
723.100000000 1.854292 47.439601 -9.340788 -0.344384 -0.612771 -0.325965 0.632185
723.200000000 1.881635 47.531018 -9.359764 -0.341742 -0.614386 -0.323161 0.633490
723.300000000 1.960346 47.462911 -9.377732 -0.337254 -0.616263 -0.318861 0.636245
723.400000000 1.981819 47.521533 -9.401212 -0.335168 -0.617693 -0.316463 0.637157
723.500000000 2.020361 47.647871 -9.425613 -0.335901 -0.617112 -0.317251 0.636942
723.600000000 1.919694 47.735151 -9.459378 -0.335314 -0.618240 -0.315949 0.636805
723.700000000 1.863095 47.830622 -9.486638 -0.334472 -0.618842 -0.315177 0.637045
723.800000000 1.844428 47.855114 -9.520851 -0.333649 -0.619618 -0.314051 0.637278
723.900000000 1.838434 47.866980 -9.554683 -0.328924 -0.622236 -0.309111 0.639595
724.000000000 1.869348 47.947243 -9.589655 -0.326932 -0.623258 -0.307069 0.640604
724.100000000 1.870832 47.972068 -9.633021 -0.326422 -0.623964 -0.306234 0.640576
724.200000000 1.843458 48.007841 -9.672893 -0.324551 -0.624887 -0.304359 0.641520
724.300000000 1.753626 48.110206 -9.716579 -0.325712 -0.624046 -0.305607 0.641158
724.400000000 1.525228 48.326978 -9.756510 -0.330149 -0.621405 -0.310702 0.639001
724.500000000 1.433327 48.349870 -9.806635 -0.323304 -0.625372 -0.303702 0.641989
724.600000000 1.473916 48.409364 -9.862933 -0.322891 -0.625675 -0.303119 0.642176
724.700000000 1.269629 48.521032 -9.925249 -0.320959 -0.627462 -0.301103 0.642350
724.800000000 1.312336 48.853162 -9.992263 -0.342434 -0.615466 -0.323099 0.632098
724.900000000 2.085990 50.109012 -10.064700 -0.405197 -0.576216 -0.386283 0.595462
725.000000000 2.195228 50.483918 -10.138221 -0.437812 -0.552620 -0.419210 0.572009
725.100000000 2.194534 50.810999 -10.187302 -0.459268 -0.533578 -0.442563 0.555433
725.200000000 2.134576 50.855297 -10.250473 -0.458964 -0.533398 -0.442551 0.555866
725.300000000 2.121631 50.989894 -10.312511 -0.459328 -0.533195 -0.442974 0.555423
725.400000000 2.064285 51.091242 -10.372852 -0.459094 -0.532797 -0.443278 0.555756
725.500000000 1.829516 51.064955 -10.443603 -0.459378 -0.532997 -0.443428 0.555209
725.600000000 1.743324 51.158568 -10.509872 -0.459733 -0.532221 -0.444375 0.554903
725.700000000 1.860447 51.321386 -10.599297 -0.460376 -0.533674 -0.443059 0.554026
725.800000000 1.797006 51.437971 -10.693488 -0.461882 -0.535084 -0.442048 0.552217
725.900000000 1.742477 51.497946 -10.789253 -0.462616 -0.536341 -0.441158 0.551094
726.000000000 1.774406 51.675372 -10.858501 -0.459961 -0.537861 -0.439052 0.553511
726.100000000 1.603806 51.796183 -10.971508 -0.463757 -0.538323 -0.439752 0.549323
726.200000000 1.607663 51.795492 -11.017149 -0.445937 -0.551650 -0.423241 0.563639
726.300000000 1.731919 51.982332 -11.100442 -0.442262 -0.555337 -0.418841 0.566195
726.400000000 1.608304 51.983483 -11.187803 -0.440910 -0.557571 -0.416601 0.566706
726.500000000 1.666821 52.178664 -11.316770 -0.462332 -0.543286 -0.435216 0.549251
726.600000000 1.552879 52.314370 -11.341763 -0.461025 -0.540858 -0.437298 0.551089
726.700000000 1.642128 52.529334 -11.411999 -0.460860 -0.540758 -0.437212 0.551394
726.800000000 1.430693 52.563324 -11.474146 -0.460749 -0.539187 -0.439053 0.551562
726.900000000 1.522333 52.555987 -11.584513 -0.441858 -0.557323 -0.417506 0.565545
727.000000000 1.524998 52.910782 -11.622515 -0.461548 -0.539076 -0.439411 0.550717
727.100000000 1.495660 53.060954 -11.684741 -0.460804 -0.538434 -0.439915 0.551564
727.200000000 1.360765 53.050710 -11.765663 -0.452194 -0.546535 -0.430477 0.558131
727.300000000 1.472366 53.338096 -11.836842 -0.459756 -0.539636 -0.438882 0.552087
727.400000000 1.393329 53.459567 -11.882168 -0.459258 -0.538636 -0.439914 0.552656
727.500000000 1.317605 53.568136 -11.935323 -0.458740 -0.537893 -0.440602 0.553262
727.600000000 1.237491 53.575870 -12.004845 -0.451036 -0.544378 -0.432985 0.559235
727.700000000 1.233304 53.785088 -12.053691 -0.453233 -0.541284 -0.436540 0.557695
727.800000000 1.181725 53.868674 -12.113427 -0.449837 -0.543558 -0.433654 0.560479
727.900000000 1.092763 53.964357 -12.175919 -0.449363 -0.543902 -0.433395 0.560725
728.000000000 1.141099 54.199679 -12.212871 -0.451268 -0.539952 -0.437479 0.559840
728.100000000 1.089447 54.297075 -12.282683 -0.450642 -0.541261 -0.436431 0.559898
728.200000000 1.139348 54.542364 -12.281000 -0.449551 -0.537778 -0.439876 0.561433
728.300000000 1.006793 54.616389 -12.357817 -0.450375 -0.537902 -0.439646 0.560834
728.400000000 1.024358 54.785039 -12.415526 -0.451541 -0.537142 -0.440640 0.559844
728.500000000 1.043288 54.925556 -12.457824 -0.449807 -0.537957 -0.439734 0.561168
728.600000000 0.908754 54.964559 -12.501763 -0.446467 -0.539861 -0.437058 0.564090
728.700000000 0.975039 55.267400 -12.460644 -0.446251 -0.533743 -0.443411 0.565124
728.800000000 0.893558 55.369457 -12.576644 -0.449662 -0.535028 -0.442733 0.561727
728.900000000 0.811747 55.462211 -12.624706 -0.449881 -0.534706 -0.443271 0.561432
729.000000000 0.801568 55.536487 -12.665121 -0.446817 -0.537532 -0.440124 0.563653
729.100000000 0.790393 55.698438 -12.696927 -0.446930 -0.536211 -0.441318 0.563888
729.200000000 0.724024 55.807841 -12.732729 -0.446666 -0.535691 -0.441851 0.564174
729.300000000 0.696817 55.968178 -12.739044 -0.445692 -0.534650 -0.442761 0.565218
729.400000000 0.600922 56.067474 -12.799185 -0.446312 -0.535105 -0.442314 0.564648
729.500000000 0.529576 56.089059 -12.837092 -0.443634 -0.537211 -0.439733 0.566770
729.600000000 0.536112 56.278884 -12.867350 -0.443823 -0.536872 -0.440118 0.566644
729.700000000 0.483891 56.344652 -12.890729 -0.442535 -0.536859 -0.439909 0.567826
729.800000000 0.459409 56.508102 -12.913987 -0.442273 -0.536661 -0.440089 0.568077
729.900000000 0.370900 56.666139 -12.939229 -0.442818 -0.535857 -0.441043 0.567671
730.000000000 0.434634 56.829800 -12.961067 -0.443022 -0.535428 -0.441394 0.567644
730.100000000 0.303329 56.937530 -12.982181 -0.443432 -0.534556 -0.442435 0.567335
730.200000000 0.347356 57.116491 -12.930429 -0.441288 -0.532647 -0.444186 0.569430
730.300000000 0.265396 57.197649 -13.006125 -0.441542 -0.534865 -0.441688 0.569097
730.400000000 0.208887 57.335967 -13.022394 -0.441791 -0.534189 -0.442448 0.568948
730.500000000 0.220529 57.480991 -13.033880 -0.442080 -0.533850 -0.442844 0.568734
730.600000000 0.142182 57.629461 -13.038567 -0.440554 -0.534277 -0.441970 0.570196
730.700000000 0.058095 57.743635 -13.049067 -0.440815 -0.533885 -0.442499 0.569950
730.800000000 0.076020 57.838100 -13.053521 -0.440219 -0.534046 -0.442161 0.570522
730.900000000 0.035705 58.020835 -13.057043 -0.440791 -0.533694 -0.442727 0.569971
731.000000000 -0.000090 58.131173 -13.055737 -0.440660 -0.533068 -0.443207 0.570284
731.100000000 -0.032280 58.303289 -13.060846 -0.441100 -0.532999 -0.443449 0.569821
731.200000000 -0.045886 58.480269 -13.054117 -0.441316 -0.532324 -0.444038 0.569826
731.300000000 -0.100646 58.542356 -13.052228 -0.440792 -0.532455 -0.443815 0.570282
731.400000000 -0.165236 58.693155 -13.043897 -0.440738 -0.532147 -0.444054 0.570426
731.500000000 -0.248101 58.795424 -13.044926 -0.439455 -0.533853 -0.442237 0.571232
731.600000000 -0.274667 58.921090 -13.034503 -0.439134 -0.534225 -0.441909 0.571385
731.700000000 -0.225298 59.106448 -13.019987 -0.440595 -0.532631 -0.443691 0.570366
731.800000000 -0.250137 59.252403 -13.011754 -0.440215 -0.533195 -0.443020 0.570655
731.900000000 -0.320075 59.401994 -12.991420 -0.440174 -0.532602 -0.443576 0.570808
732.000000000 -0.394118 59.489310 -12.975363 -0.439621 -0.532857 -0.443269 0.571235
732.100000000 -0.417917 59.588004 -12.968035 -0.439490 -0.533979 -0.442266 0.571065
732.200000000 -0.432111 59.740288 -12.942645 -0.440041 -0.532812 -0.443513 0.570764
732.300000000 -0.487903 59.755170 -12.920877 -0.436903 -0.534913 -0.440441 0.573581
732.400000000 -0.499711 59.832415 -12.902251 -0.436783 -0.535187 -0.440096 0.573682
732.500000000 -0.562213 59.943712 -12.877400 -0.436717 -0.535194 -0.440150 0.573684
732.600000000 -0.626561 60.043967 -12.855317 -0.436604 -0.535590 -0.439911 0.573584
732.700000000 -0.710059 60.072133 -12.840781 -0.436462 -0.537161 -0.438534 0.573277
732.800000000 -0.649885 60.176509 -12.808046 -0.435934 -0.537244 -0.438086 0.573944
732.900000000 -0.673994 60.378163 -12.783215 -0.437644 -0.536699 -0.438851 0.572566
733.000000000 -0.723799 60.406538 -12.764977 -0.437335 -0.538042 -0.437519 0.572561
733.100000000 -0.867676 60.493104 -12.740359 -0.437271 -0.538878 -0.436986 0.572231
733.200000000 -0.881748 60.641868 -12.709455 -0.437179 -0.538658 -0.437219 0.572330
733.300000000 -0.846710 60.867166 -12.682829 -0.438167 -0.538361 -0.437798 0.571411
733.400000000 -0.970637 60.882525 -12.650938 -0.437433 -0.538989 -0.437148 0.571878
733.500000000 -0.906989 61.043959 -12.618548 -0.438376 -0.538088 -0.438168 0.571224
733.600000000 -0.946443 61.132635 -12.586580 -0.437104 -0.539144 -0.436724 0.572309
733.700000000 -0.923867 61.244741 -12.557040 -0.436607 -0.540331 -0.435581 0.572439
733.800000000 -0.876035 61.307234 -12.525735 -0.437125 -0.539853 -0.436148 0.572062
733.900000000 -1.045813 61.412603 -12.491685 -0.436944 -0.540479 -0.435548 0.572067
734.000000000 -1.036651 61.603052 -12.453776 -0.436705 -0.540877 -0.435242 0.572106
734.100000000 -1.046815 61.752604 -12.418666 -0.437845 -0.539991 -0.436460 0.571143
734.200000000 -1.085819 61.838196 -12.381653 -0.436807 -0.540812 -0.435375 0.571988
734.300000000 -1.175305 62.000773 -12.344054 -0.437845 -0.540234 -0.436277 0.571053
734.400000000 -1.133120 62.258659 -12.306524 -0.439547 -0.538832 -0.438038 0.569721
734.500000000 -1.205028 62.315384 -12.268582 -0.438245 -0.540172 -0.436419 0.570696
734.600000000 -1.235102 62.382004 -12.238881 -0.438306 -0.540925 -0.435884 0.570345
734.700000000 -1.211637 62.531912 -12.203771 -0.439122 -0.540470 -0.436411 0.569745
734.800000000 -1.197888 62.641681 -12.172912 -0.438944 -0.541222 -0.435658 0.569745
734.900000000 -1.214085 62.800599 -12.135562 -0.438836 -0.541760 -0.435192 0.569673
735.000000000 -1.271754 62.887034 -12.108051 -0.440390 -0.542031 -0.435452 0.568014
735.100000000 -1.278879 63.054399 -12.070225 -0.440574 -0.541502 -0.436002 0.567955
735.200000000 -1.311081 63.207252 -12.027297 -0.440348 -0.541710 -0.435690 0.568171
735.300000000 -1.270283 63.411862 -11.998450 -0.442249 -0.540904 -0.436936 0.566503
735.400000000 -1.336726 63.582881 -11.962470 -0.443220 -0.540695 -0.437576 0.565449
735.500000000 -1.391442 63.859961 -11.923224 -0.445242 -0.539067 -0.439643 0.563810
735.600000000 -1.495394 63.873524 -11.886211 -0.442015 -0.541748 -0.436191 0.566453
735.700000000 -1.399649 64.000523 -11.859676 -0.444681 -0.540991 -0.437561 0.564028
735.800000000 -1.404713 64.182247 -11.829399 -0.446394 -0.540452 -0.438508 0.562454
735.900000000 -1.478151 64.341412 -11.793805 -0.446141 -0.540876 -0.438124 0.562547
736.000000000 -1.487393 64.412233 -11.763306 -0.445013 -0.542350 -0.436296 0.563441
736.100000000 -1.496143 64.545573 -11.731804 -0.446007 -0.541880 -0.436995 0.562565
736.200000000 -1.590585 64.789865 -11.692926 -0.446274 -0.541726 -0.437202 0.562341
736.300000000 -1.535784 64.860329 -11.663621 -0.446895 -0.541750 -0.437171 0.561849
736.400000000 -1.535005 65.003410 -11.629845 -0.447409 -0.541216 -0.437796 0.561468
736.500000000 -1.615444 65.198594 -11.597987 -0.447124 -0.541748 -0.437273 0.561589
736.600000000 -1.611600 65.336717 -11.571311 -0.448438 -0.541453 -0.437789 0.560422
736.700000000 -1.692226 65.526605 -11.543119 -0.447943 -0.542248 -0.436927 0.560722
736.800000000 -1.674568 65.613528 -11.510834 -0.447569 -0.542398 -0.436673 0.561073
736.900000000 -1.706449 65.741118 -11.483957 -0.447391 -0.542761 -0.436236 0.561204
737.000000000 -1.715387 65.875834 -11.456592 -0.447651 -0.542863 -0.436093 0.561009
737.100000000 -1.705761 65.976109 -11.429689 -0.447489 -0.543152 -0.435789 0.561096
737.200000000 -1.761166 66.112835 -11.400747 -0.446692 -0.543782 -0.434900 0.561809
737.300000000 -1.762032 66.217609 -11.382739 -0.446796 -0.544947 -0.433759 0.561479
737.400000000 -1.814394 66.391682 -11.348205 -0.447154 -0.543905 -0.434871 0.561345
737.500000000 -1.825201 66.511003 -11.324270 -0.447283 -0.544146 -0.434494 0.561301
737.600000000 -1.844423 66.650240 -11.294345 -0.447996 -0.543550 -0.435208 0.560756
737.700000000 -1.855202 66.799914 -11.273971 -0.448034 -0.544211 -0.434601 0.560555
737.800000000 -1.882620 66.877071 -11.248029 -0.447440 -0.545248 -0.433338 0.561000
737.900000000 -1.890758 67.016863 -11.214253 -0.447594 -0.544440 -0.434041 0.561118
738.000000000 -1.901287 67.136893 -11.192173 -0.448502 -0.544806 -0.433967 0.560094
738.100000000 -1.933866 67.257950 -11.158086 -0.447888 -0.544952 -0.433614 0.560716
738.200000000 -1.951891 67.362131 -11.122840 -0.446411 -0.545553 -0.432539 0.562138
738.300000000 -1.970308 67.485269 -11.086210 -0.446535 -0.545547 -0.432520 0.562060
738.400000000 -1.989101 67.602395 -11.054243 -0.446546 -0.545568 -0.432462 0.562076
738.500000000 -2.029139 67.733760 -11.015652 -0.445823 -0.545954 -0.431893 0.562712
738.600000000 -2.016353 67.862883 -10.982942 -0.446745 -0.545421 -0.432501 0.562030
738.700000000 -2.027269 67.995928 -10.942288 -0.446798 -0.544756 -0.433098 0.562173
738.800000000 -2.063292 68.113152 -10.905878 -0.446008 -0.545454 -0.432166 0.562841
738.900000000 -2.074651 68.224803 -10.868958 -0.446662 -0.545662 -0.432256 0.562051
739.000000000 -2.093539 68.358725 -10.827520 -0.446517 -0.545671 -0.432148 0.562240
739.100000000 -2.146522 68.463352 -10.785462 -0.445372 -0.546987 -0.430519 0.563118
739.200000000 -2.157265 68.598833 -10.739429 -0.445264 -0.546621 -0.430720 0.563406
739.300000000 -2.174768 68.713140 -10.697461 -0.445475 -0.547010 -0.430434 0.563080
739.400000000 -2.182553 68.849416 -10.651131 -0.446386 -0.546652 -0.431005 0.562269
739.500000000 -2.222066 68.974479 -10.602462 -0.445705 -0.547001 -0.430352 0.562969
739.600000000 -2.248415 69.102442 -10.555356 -0.445563 -0.547588 -0.429835 0.562906
739.700000000 -2.300117 69.215097 -10.503468 -0.443959 -0.548870 -0.427956 0.564354
739.800000000 -2.312256 69.342939 -10.457646 -0.444959 -0.548967 -0.428289 0.563218
739.900000000 -2.338934 69.456963 -10.408586 -0.445182 -0.549607 -0.427888 0.562722
740.000000000 -2.380298 69.583937 -10.348732 -0.443917 -0.549481 -0.427444 0.564181
740.100000000 -2.387503 69.708482 -10.306406 -0.445396 -0.550028 -0.427526 0.562417
740.200000000 -2.418683 69.818519 -10.240199 -0.443824 -0.549713 -0.427241 0.564181
740.300000000 -2.430547 69.872771 -10.194362 -0.442813 -0.551833 -0.425059 0.564554
740.400000000 -2.451344 70.067695 -10.141236 -0.444460 -0.550086 -0.427165 0.563375
740.500000000 -2.485125 70.161382 -10.096004 -0.443869 -0.551774 -0.425547 0.563415
740.600000000 -2.499650 70.243024 -10.039710 -0.442891 -0.551976 -0.424976 0.564416
740.700000000 -2.560729 70.428442 -9.996190 -0.443410 -0.552036 -0.425248 0.563745
740.800000000 -2.592583 70.565735 -9.949685 -0.443528 -0.552002 -0.425388 0.563580
740.900000000 -2.609827 70.653000 -9.898247 -0.442865 -0.551870 -0.425115 0.564436
741.000000000 -2.653241 70.818646 -9.863186 -0.443713 -0.552271 -0.425200 0.563312
741.100000000 -2.699992 70.962830 -9.825570 -0.443662 -0.552853 -0.424687 0.563168
741.200000000 -2.790413 71.087791 -9.794198 -0.442019 -0.555391 -0.422025 0.563963
741.300000000 -2.778888 71.271928 -9.744949 -0.443704 -0.552039 -0.425413 0.563386
741.400000000 -2.777682 71.364446 -9.714614 -0.445203 -0.551153 -0.426827 0.561999
741.500000000 -2.834816 71.450410 -9.681798 -0.442924 -0.553182 -0.424191 0.563800
741.600000000 -2.930947 71.704527 -9.654683 -0.443812 -0.552330 -0.425302 0.563100
741.700000000 -2.941884 71.739616 -9.631546 -0.442502 -0.553917 -0.423344 0.564045
741.800000000 -2.996495 71.934845 -9.607782 -0.443361 -0.552944 -0.424668 0.563330
741.900000000 -3.011096 72.015520 -9.589961 -0.442644 -0.553839 -0.423671 0.563766
742.000000000 -3.088603 72.164726 -9.579484 -0.441923 -0.554797 -0.422620 0.564178
742.100000000 -3.121792 72.319888 -9.564807 -0.442046 -0.554008 -0.423396 0.564275
742.200000000 -3.153974 72.457685 -9.560633 -0.442239 -0.554133 -0.423440 0.563967
742.300000000 -3.176862 72.559375 -9.553121 -0.441844 -0.553935 -0.423489 0.564435
742.400000000 -3.201889 72.633594 -9.557913 -0.442133 -0.554437 -0.423100 0.564007
742.500000000 -3.287677 72.883144 -9.560407 -0.443240 -0.552694 -0.425428 0.563097
742.600000000 -3.306564 72.937811 -9.563428 -0.441413 -0.553572 -0.423838 0.564867
742.700000000 -3.348750 73.040994 -9.579557 -0.440819 -0.554426 -0.422917 0.565183
742.800000000 -3.391313 73.171320 -9.593569 -0.439758 -0.554705 -0.422312 0.566187
742.900000000 -3.419634 73.336453 -9.622587 -0.442516 -0.553217 -0.424763 0.563654
743.000000000 -3.452048 73.452056 -9.647403 -0.442000 -0.553558 -0.424462 0.563951
743.100000000 -3.481905 73.619694 -9.671274 -0.442570 -0.551737 -0.426466 0.563778
743.200000000 -3.508112 73.661782 -9.709209 -0.440442 -0.554653 -0.422973 0.565212
743.300000000 -3.566795 73.858123 -9.731521 -0.439184 -0.552517 -0.425073 0.566706
743.400000000 -3.617433 73.977559 -9.778322 -0.439101 -0.553164 -0.424571 0.566515
743.500000000 -3.641699 74.073707 -9.820896 -0.438242 -0.553467 -0.423970 0.567334
743.600000000 -3.669178 74.191603 -9.860136 -0.437529 -0.552427 -0.424799 0.568277
743.700000000 -3.672121 74.348393 -9.918496 -0.440440 -0.550651 -0.427382 0.565810
743.800000000 -3.727811 74.429260 -9.969013 -0.436649 -0.552520 -0.424507 0.569081
743.900000000 -3.733144 74.505262 -10.032929 -0.436878 -0.552964 -0.424226 0.568683
744.000000000 -3.739409 74.589842 -10.083334 -0.435799 -0.552156 -0.424798 0.569867
744.100000000 -3.731288 74.661998 -10.136960 -0.434507 -0.552022 -0.424721 0.571040
744.200000000 -3.786887 74.807345 -10.207134 -0.434245 -0.552196 -0.424677 0.571104
744.300000000 -3.842789 74.966603 -10.275655 -0.433946 -0.552099 -0.424685 0.571419
744.400000000 -3.929491 75.164958 -10.353395 -0.434720 -0.552086 -0.424921 0.570668
744.500000000 -3.941544 75.267316 -10.421955 -0.434156 -0.551459 -0.425385 0.571357
744.600000000 -3.988455 75.415906 -10.496567 -0.433561 -0.551068 -0.425752 0.571912
744.700000000 -4.040028 75.555886 -10.580988 -0.433655 -0.551426 -0.425580 0.571624
744.800000000 -4.077017 75.692589 -10.658951 -0.433296 -0.550735 -0.426260 0.572056
744.900000000 -4.121374 75.815543 -10.753471 -0.433903 -0.551741 -0.425640 0.571088
745.000000000 -4.170693 75.975320 -10.838096 -0.433794 -0.551432 -0.425841 0.571319
745.100000000 -4.214827 76.099055 -10.919093 -0.432576 -0.550980 -0.425865 0.572659
745.200000000 -4.301154 76.288650 -11.007809 -0.432544 -0.551037 -0.425839 0.572648
745.300000000 -4.307808 76.384429 -11.097590 -0.433561 -0.550593 -0.426455 0.571846
745.400000000 -4.349246 76.521833 -11.185504 -0.433721 -0.549529 -0.427626 0.571874
745.500000000 -4.377001 76.645680 -11.275898 -0.432820 -0.550141 -0.426971 0.572457
745.600000000 -4.430797 76.781486 -11.371881 -0.432507 -0.550871 -0.426075 0.572660
745.700000000 -4.481345 76.928627 -11.456501 -0.431892 -0.549779 -0.427216 0.573323
745.800000000 -4.502177 77.032960 -11.552990 -0.432380 -0.550008 -0.427249 0.572710
745.900000000 -4.555183 77.173575 -11.647303 -0.432268 -0.549874 -0.427048 0.573073
746.000000000 -4.632219 77.339081 -11.749701 -0.432353 -0.550879 -0.426326 0.572582
746.100000000 -4.676415 77.471504 -11.842804 -0.431753 -0.551054 -0.426021 0.573093
746.200000000 -4.702162 77.582345 -11.931260 -0.431711 -0.550003 -0.426962 0.573434
746.300000000 -4.777739 77.773945 -12.019913 -0.431913 -0.548741 -0.428380 0.573433
746.400000000 -4.822013 77.902892 -12.114188 -0.431602 -0.549286 -0.427749 0.573616
746.500000000 -4.855700 78.019025 -12.203592 -0.431578 -0.548924 -0.427911 0.573859
746.600000000 -4.909550 78.160258 -12.305126 -0.431880 -0.549923 -0.427111 0.573272
746.700000000 -4.997609 78.343167 -12.402694 -0.433021 -0.549830 -0.427783 0.571998
746.800000000 -4.997786 78.440610 -12.492474 -0.432217 -0.549706 -0.427734 0.572761
746.900000000 -5.088041 78.634034 -12.578045 -0.432032 -0.549563 -0.427906 0.572909
747.000000000 -5.065851 78.693057 -12.673104 -0.431607 -0.550218 -0.427024 0.573259
747.100000000 -5.152127 78.864341 -12.757923 -0.432066 -0.549408 -0.428004 0.572959
747.200000000 -5.180026 78.985401 -12.841902 -0.432513 -0.548979 -0.428731 0.572489
747.300000000 -5.213943 79.111018 -12.928697 -0.432726 -0.549136 -0.428754 0.572161
747.400000000 -5.238062 79.224145 -13.013324 -0.431256 -0.550099 -0.427257 0.573463
747.500000000 -5.295732 79.369887 -13.100303 -0.431896 -0.550170 -0.427613 0.572648
747.600000000 -5.339849 79.496080 -13.182025 -0.432518 -0.549952 -0.427935 0.572147
747.700000000 -5.385168 79.639043 -13.258351 -0.432330 -0.549432 -0.428330 0.572494
747.800000000 -5.430381 79.770934 -13.338125 -0.431839 -0.550354 -0.427265 0.572774
747.900000000 -5.448992 79.880549 -13.415901 -0.432056 -0.550130 -0.427664 0.572528
748.000000000 -5.483406 80.001967 -13.490568 -0.432101 -0.550257 -0.427557 0.572452
748.100000000 -5.547900 80.165893 -13.553990 -0.432049 -0.549255 -0.428431 0.572799
748.200000000 -5.549476 80.247575 -13.626547 -0.432186 -0.549538 -0.428342 0.572491
748.300000000 -5.616052 80.403538 -13.689061 -0.432331 -0.549176 -0.428644 0.572504
748.400000000 -5.634216 80.511234 -13.759128 -0.431122 -0.550647 -0.427135 0.573129
748.500000000 -5.645028 80.605991 -13.825103 -0.430719 -0.551101 -0.426569 0.573418
748.600000000 -5.665903 80.704149 -13.882308 -0.431407 -0.550506 -0.427339 0.572898
748.700000000 -5.696201 80.816651 -13.943860 -0.432015 -0.550339 -0.427660 0.572360
748.800000000 -5.766133 80.985928 -14.003715 -0.431568 -0.551281 -0.426800 0.572433
748.900000000 -5.755226 81.056255 -14.054195 -0.431191 -0.551077 -0.426750 0.572951
749.000000000 -5.795828 81.185759 -14.105613 -0.431558 -0.550616 -0.427368 0.572658
749.100000000 -5.839695 81.323116 -14.149644 -0.431026 -0.550767 -0.427119 0.573098
749.200000000 -5.875171 81.454526 -14.198278 -0.430324 -0.551458 -0.426391 0.573504
749.300000000 -5.897378 81.552214 -14.245585 -0.430699 -0.552171 -0.425894 0.572905
749.400000000 -5.945453 81.689768 -14.284174 -0.431315 -0.551356 -0.426964 0.572430
749.500000000 -5.911469 81.742853 -14.320424 -0.431350 -0.551271 -0.427119 0.572369
749.600000000 -6.007695 81.935348 -14.349402 -0.431250 -0.550848 -0.427230 0.572768
749.700000000 -6.070858 82.078493 -14.390109 -0.431203 -0.551695 -0.426531 0.572510
749.800000000 -6.051990 82.153192 -14.416823 -0.430525 -0.551816 -0.426447 0.572967
749.900000000 -6.107918 82.299068 -14.446709 -0.430539 -0.552368 -0.425931 0.572808
750.000000000 -6.215178 82.500574 -14.468765 -0.430670 -0.552412 -0.425925 0.572671
750.100000000 -6.187746 82.559110 -14.488592 -0.430408 -0.552193 -0.426047 0.572989
750.200000000 -6.162558 82.610754 -14.510234 -0.430688 -0.552411 -0.425893 0.572682
750.300000000 -6.220203 82.752167 -14.530951 -0.432042 -0.552018 -0.426613 0.571504
750.400000000 -6.324239 82.954593 -14.543120 -0.431756 -0.552180 -0.426353 0.571758
750.500000000 -6.360315 83.075476 -14.557855 -0.432050 -0.552135 -0.426548 0.571434
750.600000000 -6.313857 83.097564 -14.570567 -0.431030 -0.553222 -0.425246 0.572123
750.700000000 -6.391975 83.283985 -14.574615 -0.430510 -0.553426 -0.424916 0.572562
750.800000000 -6.444624 83.436042 -14.576241 -0.431004 -0.552981 -0.425557 0.572144
750.900000000 -6.467607 83.547311 -14.577025 -0.430232 -0.553406 -0.424946 0.572768
751.000000000 -6.528201 83.697591 -14.576586 -0.430826 -0.553490 -0.424877 0.572291
751.100000000 -6.587470 83.839298 -14.576198 -0.431391 -0.553263 -0.425324 0.571753
751.200000000 -6.634906 83.990167 -14.571864 -0.431668 -0.553400 -0.425334 0.571403
751.300000000 -6.643004 84.079911 -14.559379 -0.430747 -0.553513 -0.424811 0.572377
751.400000000 -6.626864 84.146975 -14.552460 -0.430563 -0.553821 -0.424563 0.572403
751.500000000 -6.713927 84.334249 -14.538076 -0.429754 -0.554485 -0.423847 0.572898
751.600000000 -6.771333 84.479812 -14.522697 -0.429512 -0.554952 -0.423243 0.573074
751.700000000 -6.781561 84.583491 -14.507350 -0.429610 -0.554966 -0.423281 0.572958
751.800000000 -6.772216 84.654722 -14.485144 -0.429369 -0.554779 -0.423314 0.573296
751.900000000 -6.820591 84.794461 -14.466023 -0.429986 -0.554538 -0.423745 0.572748
752.000000000 -6.829874 84.901423 -14.445706 -0.430435 -0.554523 -0.423964 0.572263
752.100000000 -6.899700 85.063364 -14.422621 -0.430532 -0.554376 -0.424199 0.572158
752.200000000 -6.906872 85.156724 -14.394310 -0.430426 -0.554324 -0.424026 0.572415
752.300000000 -6.837583 85.173784 -14.367905 -0.430153 -0.554544 -0.423691 0.572656
752.400000000 -6.876315 85.302730 -14.339543 -0.429872 -0.554727 -0.423650 0.572720
752.500000000 -6.893625 85.400688 -14.306666 -0.429841 -0.554909 -0.423326 0.572807
752.600000000 -6.932083 85.529116 -14.271282 -0.429107 -0.555021 -0.422953 0.573524
752.700000000 -6.962871 85.654468 -14.234943 -0.428895 -0.555095 -0.422775 0.573743
752.800000000 -7.006987 85.782245 -14.200095 -0.428521 -0.555588 -0.422282 0.573907
752.900000000 -7.056922 85.934358 -14.155479 -0.427847 -0.555356 -0.422318 0.574609
753.000000000 -7.091479 86.063573 -14.113132 -0.427620 -0.555283 -0.422117 0.574995
753.100000000 -7.113249 86.178975 -14.074748 -0.427698 -0.555401 -0.422062 0.574864
753.200000000 -7.137496 86.316383 -14.032311 -0.429011 -0.554148 -0.423682 0.573902
753.300000000 -7.185699 86.446127 -13.990127 -0.428621 -0.554460 -0.423266 0.574198
753.400000000 -7.203712 86.559742 -13.944301 -0.428718 -0.554394 -0.423616 0.573931
753.500000000 -7.249610 86.688043 -13.900773 -0.428611 -0.554564 -0.423249 0.574117
753.600000000 -7.293728 86.818250 -13.854673 -0.428284 -0.554811 -0.423092 0.574239
753.700000000 -7.329257 86.947435 -13.807607 -0.427922 -0.554838 -0.423081 0.574490
753.800000000 -7.375338 87.082050 -13.756986 -0.426915 -0.555321 -0.422246 0.575388
753.900000000 -7.392283 87.207813 -13.705058 -0.427046 -0.554862 -0.422815 0.575315
754.000000000 -7.428327 87.325706 -13.657520 -0.427032 -0.554996 -0.422806 0.575204
754.100000000 -7.461351 87.455414 -13.604811 -0.426903 -0.554735 -0.423012 0.575400
754.200000000 -7.481294 87.563098 -13.554839 -0.427395 -0.554124 -0.423644 0.575157
754.300000000 -7.451965 87.612948 -13.502800 -0.427587 -0.553928 -0.423742 0.575131
754.400000000 -7.502323 87.758697 -13.453150 -0.427243 -0.554351 -0.423497 0.575159
754.500000000 -7.539083 87.873836 -13.403348 -0.426915 -0.554254 -0.423431 0.575546
754.600000000 -7.505227 87.922584 -13.353160 -0.426880 -0.554499 -0.423202 0.575504
754.700000000 -7.598454 88.098632 -13.300039 -0.425032 -0.555632 -0.421670 0.576901
754.800000000 -7.651118 88.251700 -13.244887 -0.425118 -0.554679 -0.422586 0.577085
754.900000000 -7.639436 88.324135 -13.191587 -0.424762 -0.554752 -0.422347 0.577452
755.000000000 -7.646879 88.425263 -13.139039 -0.425162 -0.554184 -0.423028 0.577204
755.100000000 -7.713263 88.595640 -13.089295 -0.425432 -0.553914 -0.423552 0.576880
755.200000000 -7.753580 88.713898 -13.044828 -0.426041 -0.554628 -0.423184 0.576014
755.300000000 -7.829317 88.896645 -12.980631 -0.424829 -0.553346 -0.423948 0.577578
755.400000000 -7.827828 88.965250 -12.938521 -0.425338 -0.554143 -0.423431 0.576819
755.500000000 -7.844880 89.069148 -12.888613 -0.424999 -0.554131 -0.423275 0.577194
755.600000000 -7.931577 89.247909 -12.830959 -0.422684 -0.554680 -0.422070 0.579246
755.700000000 -7.899084 89.291755 -12.786199 -0.422922 -0.554935 -0.421882 0.578965
755.800000000 -7.980264 89.469760 -12.738439 -0.423214 -0.555020 -0.422063 0.578538
755.900000000 -8.046000 89.639169 -12.683788 -0.423408 -0.553831 -0.423332 0.578607
756.000000000 -8.067941 89.751071 -12.640970 -0.423727 -0.554032 -0.423340 0.578176
756.100000000 -8.114307 89.891238 -12.594748 -0.423661 -0.553802 -0.423583 0.578266
756.200000000 -8.163436 90.021541 -12.544714 -0.423050 -0.553582 -0.423651 0.578874
756.300000000 -8.176374 90.126448 -12.503212 -0.423780 -0.553084 -0.424117 0.578474
756.400000000 -8.220731 90.262621 -12.456075 -0.422893 -0.553494 -0.423736 0.579011
756.500000000 -8.268895 90.394694 -12.414982 -0.422336 -0.553820 -0.423256 0.579457
756.600000000 -8.326950 90.535479 -12.368163 -0.420684 -0.554591 -0.422104 0.580760
756.700000000 -8.358033 90.651574 -12.332524 -0.420997 -0.555112 -0.421842 0.580225
756.800000000 -8.386132 90.761626 -12.288099 -0.420846 -0.554714 -0.422093 0.580532
756.900000000 -8.456301 90.939889 -12.244920 -0.420496 -0.554102 -0.422695 0.580933
757.000000000 -8.484976 91.054971 -12.205927 -0.420369 -0.554095 -0.422727 0.581008
757.100000000 -8.473566 91.125839 -12.172933 -0.420923 -0.553780 -0.423027 0.580689
757.200000000 -8.422681 91.146530 -12.135482 -0.420695 -0.553410 -0.423146 0.581120
757.300000000 -8.625577 91.456975 -12.095610 -0.419766 -0.553869 -0.422778 0.581622
757.400000000 -8.569875 91.491488 -12.054363 -0.419525 -0.552542 -0.423583 0.582472
757.500000000 -8.607022 91.609060 -12.022909 -0.419378 -0.552686 -0.423456 0.582534
757.600000000 -8.702244 91.782466 -11.995748 -0.418468 -0.554149 -0.422205 0.582706
757.700000000 -8.673117 91.831576 -11.961265 -0.418173 -0.553622 -0.422393 0.583282
757.800000000 -8.786598 92.027661 -11.938676 -0.417965 -0.554620 -0.421577 0.583073
757.900000000 -8.799090 92.125636 -11.911730 -0.418199 -0.554355 -0.421936 0.582898
758.000000000 -8.843102 92.251099 -11.886071 -0.418352 -0.554101 -0.422338 0.582739
758.100000000 -8.851872 92.342188 -11.862228 -0.418319 -0.553899 -0.422412 0.582900
758.200000000 -8.934980 92.509632 -11.836097 -0.417737 -0.554247 -0.421969 0.583308
758.300000000 -8.966124 92.617950 -11.811999 -0.416630 -0.554581 -0.421334 0.584241
758.400000000 -8.979890 92.713692 -11.791575 -0.416591 -0.554402 -0.421231 0.584512
758.500000000 -9.027505 92.842998 -11.775565 -0.416970 -0.554561 -0.421409 0.583963
758.600000000 -9.084815 92.989913 -11.757618 -0.417007 -0.554359 -0.421645 0.583958
758.700000000 -9.119908 93.102943 -11.739130 -0.416263 -0.554654 -0.420997 0.584675
758.800000000 -9.163605 93.220964 -11.725218 -0.416109 -0.554668 -0.420903 0.584840
758.900000000 -9.174897 93.317572 -11.712118 -0.415966 -0.554848 -0.420738 0.584889
759.000000000 -9.210259 93.431825 -11.699554 -0.416160 -0.554852 -0.420762 0.584731
759.100000000 -9.295907 93.593325 -11.686507 -0.415563 -0.555428 -0.420383 0.584881
759.200000000 -9.314748 93.688789 -11.677562 -0.415582 -0.555357 -0.420431 0.584899
759.300000000 -9.364923 93.834668 -11.664278 -0.415149 -0.554760 -0.420714 0.585570
759.400000000 -9.404052 93.956556 -11.652177 -0.414676 -0.554058 -0.420802 0.586506
759.500000000 -9.417775 94.052671 -11.655695 -0.415433 -0.554938 -0.420508 0.585348
759.600000000 -9.462568 94.183929 -11.643558 -0.414751 -0.554141 -0.420714 0.586438
759.700000000 -9.498104 94.296251 -11.640911 -0.414445 -0.554574 -0.420306 0.586537
759.800000000 -9.535664 94.414610 -11.647939 -0.415354 -0.555492 -0.420189 0.585108
759.900000000 -9.572726 94.525631 -11.648146 -0.414972 -0.555909 -0.419696 0.585337
760.000000000 -9.598447 94.637883 -11.649055 -0.414968 -0.555920 -0.419708 0.585320
760.100000000 -9.579090 94.706451 -11.643009 -0.414689 -0.554418 -0.420647 0.586268
760.200000000 -9.620932 94.840050 -11.646049 -0.415113 -0.554146 -0.420995 0.585975
760.300000000 -9.637222 94.927574 -11.652679 -0.415037 -0.554589 -0.420578 0.585909
760.400000000 -9.723846 95.093795 -11.655227 -0.414669 -0.554765 -0.420359 0.586160
760.500000000 -9.787428 95.236591 -11.660649 -0.414397 -0.554902 -0.420203 0.586334
760.600000000 -9.766936 95.283270 -11.668148 -0.414225 -0.554958 -0.419994 0.586553
760.700000000 -9.865134 95.460610 -11.673269 -0.413873 -0.555365 -0.419596 0.586702
760.800000000 -9.851542 95.524896 -11.683505 -0.414011 -0.555183 -0.419578 0.586789
760.900000000 -9.745686 95.494214 -11.697760 -0.414457 -0.555034 -0.419643 0.586568
761.000000000 -9.770474 95.599179 -11.707690 -0.414360 -0.555162 -0.419545 0.586586
761.100000000 -9.808692 95.711661 -11.719773 -0.414151 -0.555717 -0.419015 0.586587
761.200000000 -9.933932 95.922136 -11.726102 -0.413746 -0.555426 -0.419427 0.586854
761.300000000 -9.916645 95.981607 -11.741580 -0.413991 -0.555601 -0.419283 0.586619
761.400000000 -9.941716 96.082741 -11.754814 -0.414130 -0.555370 -0.419430 0.586633
761.500000000 -10.313949 96.556768 -11.750250 -0.414459 -0.553794 -0.421481 0.586420
761.600000000 -10.106210 96.414757 -11.779115 -0.414052 -0.555455 -0.419558 0.586517
761.700000000 -10.011223 96.390666 -11.795843 -0.414118 -0.555030 -0.419540 0.586885
761.800000000 -10.016400 96.472455 -11.809146 -0.413713 -0.554911 -0.419390 0.587391
761.900000000 -10.151458 96.676731 -11.822998 -0.412972 -0.555850 -0.418750 0.587481
762.000000000 -10.118915 96.718877 -11.844059 -0.413138 -0.556264 -0.418373 0.587241
762.100000000 -10.189302 96.873686 -11.854442 -0.412651 -0.555810 -0.418599 0.587851
762.200000000 -10.209539 96.963648 -11.876179 -0.412714 -0.556447 -0.418128 0.587540
762.300000000 -10.151147 96.985228 -11.898204 -0.413330 -0.556372 -0.418319 0.587041
762.400000000 -10.147161 97.044551 -11.916926 -0.413508 -0.556466 -0.418190 0.586919
762.500000000 -10.106637 97.092944 -11.937374 -0.413850 -0.555837 -0.418696 0.586913
762.600000000 -10.226092 97.286988 -11.957663 -0.413650 -0.556945 -0.417873 0.586590
762.700000000 -10.337967 97.462073 -11.971728 -0.413185 -0.557020 -0.417621 0.587026
762.800000000 -10.328233 97.522094 -11.990168 -0.412966 -0.556797 -0.417535 0.587453
762.900000000 -10.361484 97.635513 -12.004378 -0.412680 -0.556348 -0.417867 0.587843
763.000000000 -10.543890 97.894599 -12.022878 -0.412094 -0.557581 -0.416914 0.587762
763.100000000 -10.526294 97.944720 -12.041047 -0.412473 -0.557028 -0.417533 0.587582
763.200000000 -10.554320 98.048758 -12.058483 -0.412269 -0.556930 -0.417468 0.587864
763.300000000 -10.623195 98.205841 -12.074031 -0.412231 -0.556696 -0.417768 0.587899
763.400000000 -10.582496 98.239534 -12.099396 -0.412480 -0.556852 -0.417477 0.587783
763.500000000 -10.671477 98.392601 -12.113593 -0.411995 -0.556875 -0.417366 0.588180
763.600000000 -10.770689 98.562806 -12.129035 -0.411478 -0.557402 -0.416911 0.588366
763.700000000 -10.788334 98.669877 -12.147301 -0.411537 -0.557478 -0.416942 0.588230
763.800000000 -10.840199 98.790564 -12.165394 -0.411278 -0.557449 -0.416869 0.588490
763.900000000 -10.924733 98.937550 -12.180872 -0.410499 -0.558174 -0.416114 0.588882
764.000000000 -11.001504 99.094920 -12.193516 -0.410300 -0.557935 -0.416223 0.589170
764.100000000 -11.059325 99.227949 -12.206911 -0.409763 -0.557841 -0.416170 0.589670
764.200000000 -11.163712 99.370454 -12.219771 -0.409207 -0.558164 -0.415725 0.590064
764.300000000 -11.187940 99.467036 -12.238640 -0.408825 -0.558770 -0.415198 0.590127
764.400000000 -11.190189 99.577176 -12.258700 -0.409785 -0.558508 -0.415752 0.589318
764.500000000 -11.304060 99.772269 -12.262287 -0.409032 -0.558076 -0.416041 0.590046
764.600000000 -11.350706 99.895125 -12.271042 -0.408535 -0.557595 -0.416289 0.590670
764.700000000 -11.443785 100.052373 -12.279136 -0.408155 -0.557393 -0.416266 0.591139
764.800000000 -11.546212 100.196439 -12.289555 -0.407296 -0.557973 -0.415512 0.591715
764.900000000 -11.588994 100.306670 -12.303288 -0.406666 -0.558944 -0.414651 0.591836
765.000000000 -11.637025 100.462759 -12.310746 -0.407042 -0.558075 -0.415561 0.591758
765.100000000 -11.733920 100.625051 -12.315102 -0.406775 -0.557570 -0.415970 0.592131
765.200000000 -11.787108 100.728908 -12.327418 -0.406375 -0.558241 -0.415350 0.592208
765.300000000 -11.868319 100.892379 -12.334777 -0.405666 -0.558728 -0.414819 0.592607
765.400000000 -11.958067 101.043187 -12.340915 -0.405177 -0.558679 -0.414715 0.593060
765.500000000 -11.965824 101.138895 -12.351967 -0.405120 -0.558653 -0.414695 0.593138
765.600000000 -12.021485 101.250727 -12.361712 -0.404863 -0.558966 -0.414462 0.593182
765.700000000 -12.097422 101.384583 -12.367466 -0.404665 -0.559027 -0.414373 0.593321
765.800000000 -12.158853 101.532425 -12.370477 -0.404201 -0.558953 -0.414304 0.593756
765.900000000 -12.260125 101.692525 -12.375218 -0.403536 -0.559552 -0.413654 0.594097
766.000000000 -12.318104 101.818479 -12.373239 -0.402811 -0.559077 -0.413826 0.594915
766.100000000 -12.365704 101.926083 -12.387784 -0.402544 -0.560130 -0.412937 0.594724
766.200000000 -12.473737 102.061089 -12.382607 -0.401589 -0.559727 -0.412761 0.595870
766.300000000 -12.471208 102.173952 -12.388883 -0.402195 -0.559238 -0.413460 0.595435
766.400000000 -12.517187 102.267732 -12.395583 -0.401271 -0.560213 -0.412404 0.595874
766.500000000 -12.653525 102.434842 -12.391608 -0.400526 -0.560288 -0.412060 0.596542
766.600000000 -12.716163 102.524724 -12.392477 -0.400228 -0.560086 -0.412102 0.596903
766.700000000 -12.764201 102.601528 -12.395514 -0.399111 -0.560931 -0.410920 0.597672
766.800000000 -12.845117 102.713975 -12.394991 -0.398336 -0.561516 -0.410189 0.598141
766.900000000 -12.869632 102.869025 -12.393968 -0.399773 -0.560477 -0.411712 0.597110
767.000000000 -12.904403 102.926745 -12.395671 -0.399468 -0.560682 -0.411395 0.597341
767.100000000 -12.923077 102.948383 -12.398124 -0.397678 -0.562150 -0.409393 0.598529
767.200000000 -12.959627 103.008657 -12.393657 -0.396830 -0.562749 -0.408521 0.599124
767.300000000 -12.992181 103.038128 -12.387106 -0.395318 -0.563774 -0.406965 0.600218
767.400000000 -13.050062 103.258724 -12.373489 -0.397085 -0.562116 -0.409211 0.599079
767.500000000 -13.090673 103.321029 -12.364432 -0.396684 -0.562533 -0.408740 0.599275
767.600000000 -13.142956 103.395269 -12.349984 -0.395268 -0.563289 -0.407475 0.600360
767.700000000 -13.267844 103.498244 -12.333224 -0.392893 -0.565265 -0.404939 0.601777
767.800000000 -13.263001 103.682891 -12.311288 -0.394646 -0.563623 -0.406984 0.600789
767.900000000 -13.347622 103.772325 -12.291942 -0.393419 -0.564788 -0.405564 0.601459
768.000000000 -13.414466 103.869074 -12.268142 -0.392870 -0.565395 -0.404912 0.601688
768.100000000 -13.505087 103.955590 -12.239836 -0.391588 -0.566081 -0.403791 0.602631
768.200000000 -13.644385 104.027698 -12.202479 -0.388613 -0.567352 -0.401483 0.604899
768.300000000 -13.696586 104.129187 -12.175555 -0.388234 -0.568260 -0.400660 0.604836
768.400000000 -13.810198 104.206098 -12.145475 -0.386357 -0.570203 -0.398463 0.605660
768.500000000 -13.871168 104.301707 -12.103366 -0.386295 -0.569216 -0.399171 0.606161
768.600000000 -13.887172 104.468808 -12.061892 -0.387090 -0.568060 -0.400438 0.605903
768.700000000 -13.979847 104.560376 -12.020237 -0.385303 -0.569201 -0.398808 0.607045
768.800000000 -14.037841 104.662464 -11.980250 -0.384556 -0.570202 -0.397684 0.607317
768.900000000 -14.107110 104.760680 -11.935248 -0.383776 -0.570309 -0.397197 0.608028
769.000000000 -14.142721 104.890484 -11.893092 -0.384389 -0.570202 -0.397792 0.607352
769.100000000 -14.198574 104.975086 -11.848282 -0.383772 -0.570911 -0.396890 0.607666
769.200000000 -14.272141 105.098637 -11.795135 -0.382887 -0.570936 -0.396539 0.608430
769.300000000 -14.322947 105.199353 -11.745800 -0.382389 -0.571397 -0.395911 0.608720
769.400000000 -14.351747 105.356540 -11.694306 -0.383455 -0.570837 -0.396933 0.607907
769.500000000 -14.405501 105.482862 -11.636813 -0.383065 -0.570309 -0.397119 0.608527
769.600000000 -14.464477 105.557842 -11.582710 -0.382219 -0.570993 -0.396291 0.608957
769.700000000 -14.428304 105.620983 -11.528455 -0.382881 -0.570184 -0.397233 0.608686
769.800000000 -14.503312 105.729826 -11.474589 -0.382105 -0.570977 -0.396334 0.609016
769.900000000 -14.606321 105.912063 -11.418237 -0.382423 -0.571050 -0.396581 0.608587
770.000000000 -14.658186 105.990158 -11.362227 -0.381576 -0.571765 -0.395630 0.609066
770.100000000 -14.705078 106.063304 -11.297783 -0.380640 -0.571451 -0.395441 0.610068
770.200000000 -14.755487 106.213142 -11.241503 -0.381694 -0.571224 -0.396227 0.609111
770.300000000 -14.825640 106.381743 -11.179353 -0.381689 -0.571061 -0.396368 0.609176
770.400000000 -14.873279 106.464205 -11.120159 -0.380679 -0.571796 -0.395352 0.609778
770.500000000 -14.978706 106.575794 -11.056255 -0.379220 -0.572475 -0.394228 0.610777
770.600000000 -15.029255 106.720077 -10.995157 -0.379721 -0.571990 -0.394886 0.610495
770.700000000 -15.104008 106.814464 -10.932800 -0.378830 -0.572402 -0.394181 0.611118
770.800000000 -15.151114 106.944862 -10.871059 -0.378793 -0.572456 -0.394195 0.611081
770.900000000 -15.217123 107.046637 -10.810348 -0.378169 -0.573257 -0.393448 0.611198
771.000000000 -15.251312 107.160063 -10.748844 -0.377562 -0.573321 -0.393078 0.611751
771.100000000 -15.311406 107.319226 -10.688643 -0.378421 -0.573116 -0.393749 0.610981
771.200000000 -15.356727 107.473473 -10.623890 -0.378478 -0.572489 -0.394309 0.611172
771.300000000 -15.431876 107.573793 -10.565385 -0.377663 -0.573414 -0.393306 0.611456
771.400000000 -15.474757 107.723348 -10.504968 -0.377459 -0.573457 -0.393315 0.611535
771.500000000 -15.514597 107.864707 -10.444169 -0.377846 -0.573054 -0.393765 0.611384
771.600000000 -15.576498 108.001797 -10.383615 -0.377715 -0.572844 -0.393902 0.611574
771.700000000 -15.654683 108.077961 -10.330404 -0.376963 -0.574225 -0.392644 0.611552
771.800000000 -15.745185 108.167821 -10.269208 -0.375843 -0.574380 -0.391869 0.612591
771.900000000 -15.762610 108.374068 -10.208671 -0.376990 -0.573210 -0.393544 0.611909
772.000000000 -15.848278 108.436900 -10.158815 -0.375931 -0.574802 -0.391838 0.612161
772.100000000 -15.926125 108.535642 -10.096335 -0.374426 -0.574504 -0.391183 0.613781
772.200000000 -15.979647 108.673670 -10.043429 -0.375000 -0.574480 -0.391575 0.613201
772.300000000 -16.025545 108.834782 -9.993295 -0.375632 -0.574552 -0.391911 0.612532
772.400000000 -16.100129 108.928473 -9.935741 -0.374643 -0.574832 -0.391369 0.613222
772.500000000 -16.135594 109.061603 -9.888325 -0.374759 -0.575397 -0.391123 0.612778
772.600000000 -16.207004 109.182958 -9.835989 -0.374005 -0.575791 -0.390662 0.613162
772.700000000 -16.273203 109.288396 -9.779755 -0.372720 -0.575549 -0.390219 0.614453
772.800000000 -16.316512 109.443762 -9.732295 -0.373637 -0.575211 -0.391147 0.613621
772.900000000 -16.398001 109.536738 -9.689279 -0.373098 -0.575990 -0.390119 0.613873
773.000000000 -16.459733 109.697491 -9.632995 -0.372764 -0.574741 -0.391124 0.614607
773.100000000 -16.530960 109.790276 -9.590293 -0.371725 -0.575254 -0.390158 0.615370
773.200000000 -16.590668 109.891198 -9.543845 -0.371563 -0.575165 -0.390215 0.615514
773.300000000 -16.664904 110.033498 -9.495784 -0.370991 -0.574255 -0.390676 0.616417
773.400000000 -16.688928 110.153509 -9.458081 -0.370440 -0.575024 -0.389782 0.616597
773.500000000 -16.768698 110.248557 -9.421462 -0.370491 -0.575386 -0.389845 0.616189
773.600000000 -16.835159 110.357283 -9.380936 -0.369678 -0.575455 -0.389378 0.616907
773.700000000 -16.916492 110.508181 -9.346787 -0.369241 -0.575971 -0.388859 0.617014
773.800000000 -16.939602 110.587643 -9.305335 -0.368138 -0.575053 -0.389505 0.618122
773.900000000 -16.987055 110.686388 -9.268727 -0.367147 -0.574744 -0.389661 0.618899
774.000000000 -17.022927 110.769792 -9.237717 -0.366482 -0.574631 -0.389454 0.619528
774.100000000 -17.077064 110.886410 -9.202415 -0.365678 -0.573990 -0.389847 0.620351
774.200000000 -17.156686 111.017428 -9.178328 -0.365645 -0.574962 -0.388887 0.620072
774.300000000 -17.181554 111.117672 -9.149557 -0.364529 -0.575214 -0.388348 0.620833
774.400000000 -17.210282 111.227581 -9.127680 -0.364296 -0.575654 -0.387891 0.620848
774.500000000 -17.264640 111.348023 -9.100015 -0.363838 -0.574925 -0.388413 0.621465
774.600000000 -17.324222 111.456831 -9.071967 -0.363242 -0.574048 -0.389094 0.622198
774.700000000 -17.390281 111.588611 -9.046479 -0.361990 -0.574045 -0.388646 0.623209
774.800000000 -17.463599 111.708072 -9.027818 -0.362840 -0.573333 -0.389780 0.622662
774.900000000 -17.521155 111.830815 -9.016373 -0.363074 -0.574228 -0.389378 0.621952
775.000000000 -17.559197 111.929137 -9.000785 -0.363427 -0.573559 -0.390128 0.621893
775.100000000 -17.627284 112.065412 -8.983025 -0.362691 -0.573032 -0.390330 0.622681
775.200000000 -17.715362 112.217727 -8.968314 -0.361684 -0.573550 -0.389451 0.623340
775.300000000 -17.787887 112.341946 -8.962574 -0.362292 -0.573801 -0.389728 0.622583
775.400000000 -17.835748 112.447996 -8.956775 -0.362049 -0.574141 -0.389381 0.622627
775.500000000 -17.886816 112.576131 -8.944683 -0.361306 -0.573567 -0.389539 0.623488
775.600000000 -17.939132 112.681090 -8.936149 -0.361053 -0.573072 -0.389887 0.623872
775.700000000 -17.968886 112.771224 -8.939362 -0.361826 -0.573689 -0.389790 0.622918
775.800000000 -18.055706 112.909704 -8.941957 -0.361733 -0.574506 -0.389093 0.622655
775.900000000 -18.142042 113.058269 -8.940437 -0.361337 -0.574758 -0.388773 0.622852
776.000000000 -18.238104 113.216108 -8.943347 -0.361122 -0.575205 -0.388358 0.622823
776.100000000 -18.236303 113.286033 -8.947336 -0.361136 -0.574950 -0.388707 0.622833
776.200000000 -18.309526 113.403639 -8.956560 -0.361852 -0.575498 -0.388584 0.621987
776.300000000 -18.359552 113.521339 -8.952599 -0.361062 -0.573787 -0.389866 0.623223
776.400000000 -18.405181 113.631222 -8.962649 -0.360734 -0.574419 -0.389232 0.623228
776.500000000 -18.474677 113.763466 -8.975997 -0.361151 -0.574898 -0.389240 0.622539
776.600000000 -18.523735 113.877502 -8.985677 -0.360946 -0.574950 -0.389226 0.622618
776.700000000 -18.595706 114.013220 -8.998585 -0.360880 -0.575243 -0.388912 0.622582
776.800000000 -18.687401 114.170361 -9.007975 -0.360534 -0.575308 -0.388692 0.622860
776.900000000 -18.724706 114.271876 -9.031208 -0.361034 -0.576496 -0.387840 0.622002
777.000000000 -18.764685 114.381415 -9.047583 -0.361314 -0.576349 -0.388125 0.621798
777.100000000 -18.850256 114.520057 -9.055272 -0.360876 -0.575364 -0.388817 0.622532
777.200000000 -18.918880 114.657142 -9.071097 -0.360485 -0.575552 -0.388486 0.622791
777.300000000 -18.977957 114.776352 -9.094429 -0.360779 -0.575947 -0.388476 0.622262
777.400000000 -19.061175 114.915537 -9.114747 -0.360805 -0.576304 -0.388125 0.622135
777.500000000 -19.063463 114.994037 -9.140731 -0.361124 -0.576627 -0.388188 0.621612
777.600000000 -19.164594 115.152321 -9.163179 -0.361108 -0.577072 -0.387782 0.621461
777.700000000 -19.220743 115.274153 -9.185359 -0.361022 -0.577120 -0.387783 0.621466
777.800000000 -19.212427 115.340157 -9.211233 -0.361005 -0.577224 -0.387765 0.621390
777.900000000 -19.336337 115.528119 -9.224356 -0.359928 -0.576499 -0.387904 0.622600
778.000000000 -19.401064 115.653226 -9.255250 -0.360108 -0.577127 -0.387398 0.622230
778.100000000 -19.403127 115.729312 -9.274439 -0.359892 -0.576472 -0.388145 0.622497
778.200000000 -19.435427 115.824832 -9.308646 -0.360555 -0.577416 -0.387718 0.621503
778.300000000 -19.509224 115.963265 -9.329678 -0.360019 -0.577181 -0.387813 0.621972
778.400000000 -19.579636 116.100670 -9.355939 -0.360049 -0.576958 -0.388070 0.622001
778.500000000 -19.629420 116.219518 -9.385067 -0.360345 -0.577435 -0.387832 0.621536
778.600000000 -19.714135 116.351368 -9.422559 -0.361170 -0.578887 -0.386737 0.620387
778.700000000 -19.828248 116.521916 -9.449531 -0.360731 -0.579257 -0.387046 0.620105
778.800000000 -19.857408 116.620509 -9.485937 -0.359746 -0.581953 -0.389476 0.616621
778.900000000 -19.981205 116.796859 -9.502231 -0.356356 -0.584042 -0.392623 0.614616
779.000000000 -20.025622 116.904195 -9.537383 -0.355619 -0.587227 -0.394220 0.610975
779.100000000 -20.099877 117.053768 -9.572688 -0.355328 -0.589146 -0.394617 0.609038
779.200000000 -20.065395 117.107792 -9.604557 -0.355751 -0.589932 -0.394791 0.607916
779.300000000 -20.117585 117.225537 -9.637635 -0.356549 -0.591012 -0.393971 0.606931
779.400000000 -20.110646 117.310661 -9.670312 -0.356745 -0.591860 -0.393180 0.606501
779.500000000 -20.278633 117.566315 -9.682765 -0.355729 -0.591132 -0.393093 0.607863
779.600000000 -20.290296 117.668201 -9.713572 -0.356381 -0.591596 -0.392591 0.607354
779.700000000 -20.335013 117.798168 -9.745263 -0.357253 -0.592502 -0.391806 0.606465
779.800000000 -20.501976 118.039234 -9.769192 -0.357904 -0.593291 -0.390772 0.605977
779.900000000 -20.394492 118.062279 -9.791227 -0.357773 -0.592111 -0.391288 0.606875
780.000000000 -20.430991 118.198955 -9.825691 -0.359388 -0.593218 -0.390747 0.605185
780.100000000 -20.496468 118.366032 -9.844460 -0.359797 -0.592907 -0.390460 0.605432
780.200000000 -20.444207 118.434606 -9.873679 -0.359877 -0.593453 -0.389661 0.605365
780.300000000 -20.446435 118.551141 -9.899144 -0.360591 -0.593336 -0.389325 0.605271
780.400000000 -20.480933 118.700691 -9.918622 -0.361322 -0.592719 -0.389515 0.605317
780.500000000 -20.507365 118.834623 -9.944852 -0.361939 -0.593276 -0.388438 0.605095
780.600000000 -20.441666 118.890122 -9.973394 -0.363281 -0.593201 -0.388419 0.604376
780.700000000 -20.476746 119.051807 -9.982230 -0.362411 -0.592224 -0.388144 0.606030
780.800000000 -20.542566 119.232832 -10.001683 -0.362878 -0.592223 -0.387519 0.606152
780.900000000 -20.513861 119.320523 -10.030088 -0.364548 -0.592163 -0.387518 0.605209
781.000000000 -20.528789 119.443659 -10.047740 -0.366250 -0.591022 -0.388270 0.604815
781.100000000 -20.585291 119.611734 -10.066838 -0.365976 -0.591551 -0.386865 0.605363
781.200000000 -20.635333 119.786182 -10.065726 -0.365703 -0.589713 -0.387416 0.606967
781.300000000 -20.572538 119.842550 -10.097273 -0.367404 -0.589772 -0.387337 0.605932
781.400000000 -20.482844 119.919147 -10.101944 -0.364843 -0.588882 -0.386144 0.609097
781.500000000 -20.515606 120.070198 -10.122203 -0.366558 -0.588473 -0.386576 0.608189
781.600000000 -20.504383 120.174146 -10.145992 -0.367024 -0.588725 -0.386150 0.607934
781.700000000 -20.475717 120.267550 -10.154461 -0.367521 -0.587515 -0.386796 0.608394
781.800000000 -20.425812 120.352496 -10.163218 -0.367278 -0.586788 -0.386904 0.609173
781.900000000 -20.394394 120.449499 -10.177484 -0.365926 -0.586793 -0.386059 0.610516
782.000000000 -20.423457 120.586998 -10.196095 -0.366405 -0.586735 -0.386346 0.610103
782.100000000 -20.343393 120.628686 -10.210854 -0.366041 -0.586365 -0.386339 0.610682
782.200000000 -20.384690 120.778289 -10.223483 -0.367402 -0.585727 -0.387383 0.609814
782.300000000 -20.353113 120.863249 -10.233932 -0.367229 -0.585514 -0.387578 0.609999
782.400000000 -20.335149 120.963730 -10.233023 -0.366737 -0.584901 -0.387700 0.610805
782.500000000 -20.249504 121.002268 -10.243685 -0.366490 -0.584628 -0.387741 0.611189
782.600000000 -20.229555 121.098793 -10.245647 -0.366211 -0.584080 -0.388093 0.611656
782.700000000 -20.096376 121.087420 -10.268862 -0.366214 -0.584698 -0.387572 0.611395
782.800000000 -20.062368 121.165044 -10.283996 -0.366397 -0.585005 -0.387334 0.611142
782.900000000 -19.988602 121.205638 -10.287862 -0.366024 -0.584172 -0.387674 0.611946
783.000000000 -20.099083 121.424030 -10.278291 -0.364635 -0.584442 -0.386962 0.612968
783.100000000 -20.032545 121.466861 -10.294451 -0.365174 -0.584493 -0.387220 0.612435
783.200000000 -19.953058 121.508458 -10.293289 -0.364970 -0.583600 -0.387898 0.612979
783.300000000 -19.905134 121.568084 -10.308488 -0.365175 -0.584008 -0.387591 0.612662
783.400000000 -19.845236 121.620931 -10.316175 -0.365676 -0.583756 -0.388025 0.612328
783.500000000 -19.800915 121.689539 -10.303907 -0.364953 -0.582642 -0.388476 0.613533
783.600000000 -19.708994 121.715297 -10.306172 -0.364929 -0.582603 -0.388366 0.613655
783.700000000 -19.685244 121.793147 -10.305627 -0.365002 -0.582144 -0.388758 0.613800
783.800000000 -19.587602 121.805287 -10.313098 -0.364944 -0.582467 -0.388349 0.613786
783.900000000 -19.522267 121.859812 -10.310657 -0.366262 -0.582470 -0.387830 0.613326
784.000000000 -19.403311 121.837557 -10.340399 -0.367486 -0.584848 -0.385896 0.611548
784.100000000 -19.341656 121.894270 -10.319408 -0.367079 -0.584248 -0.385297 0.612743
784.200000000 -19.310920 121.974147 -10.304083 -0.368255 -0.583379 -0.385837 0.612525
784.300000000 -19.215960 121.986228 -10.317415 -0.368373 -0.584462 -0.384532 0.612242
784.400000000 -19.131251 121.995883 -10.331987 -0.368807 -0.585584 -0.383473 0.611573
784.500000000 -19.023899 122.006998 -10.323885 -0.368862 -0.584881 -0.383608 0.612128
784.600000000 -18.914461 121.988197 -10.332168 -0.369764 -0.585128 -0.383426 0.611461
784.700000000 -18.832837 122.014316 -10.315436 -0.368156 -0.584404 -0.382874 0.613466
784.800000000 -18.780500 122.064874 -10.300816 -0.368151 -0.583325 -0.383242 0.614266
784.900000000 -18.762876 122.130165 -10.286672 -0.367830 -0.583075 -0.382603 0.615093
785.000000000 -18.691823 122.151640 -10.292938 -0.368852 -0.583692 -0.381956 0.614297
785.100000000 -18.607376 122.149664 -10.290853 -0.369508 -0.583660 -0.381734 0.614072
785.200000000 -18.518782 122.160246 -10.285743 -0.369593 -0.583422 -0.381520 0.614379
785.300000000 -18.426997 122.156754 -10.266761 -0.369552 -0.582056 -0.382430 0.615133
785.400000000 -18.368079 122.170557 -10.264222 -0.370040 -0.581944 -0.382246 0.615060
785.500000000 -18.284414 122.174490 -10.254125 -0.369685 -0.581923 -0.381479 0.615770
785.600000000 -18.218149 122.189545 -10.249173 -0.369223 -0.582193 -0.380373 0.616476
785.700000000 -18.140585 122.185894 -10.227327 -0.369893 -0.580663 -0.381383 0.616893
785.800000000 -18.036757 122.157964 -10.226702 -0.370059 -0.581056 -0.380946 0.616693
785.900000000 -17.950847 122.138651 -10.220845 -0.370967 -0.580226 -0.381604 0.616523
786.000000000 -17.878370 122.134302 -10.216092 -0.371245 -0.580404 -0.381134 0.616479
786.100000000 -17.781656 122.111095 -10.193688 -0.370788 -0.579345 -0.381249 0.617677
786.200000000 -17.618993 122.016474 -10.196387 -0.370960 -0.579503 -0.380906 0.617636
786.300000000 -17.612976 122.072163 -10.171148 -0.370745 -0.578550 -0.381414 0.618345
786.400000000 -17.544606 122.060597 -10.169453 -0.371447 -0.578508 -0.381120 0.618145
786.500000000 -17.517674 122.089630 -10.149090 -0.370816 -0.577675 -0.381257 0.619218
786.600000000 -17.458339 122.078509 -10.139028 -0.371633 -0.577492 -0.381620 0.618675
786.700000000 -17.391890 122.047994 -10.124158 -0.371101 -0.577060 -0.381401 0.619532
786.800000000 -17.290134 121.997405 -10.113791 -0.370296 -0.577217 -0.380841 0.620211
786.900000000 -17.168061 121.926418 -10.106043 -0.369595 -0.577560 -0.380004 0.620823
787.000000000 -17.068661 121.864029 -10.102883 -0.370094 -0.578082 -0.379693 0.620229
787.100000000 -17.016714 121.846796 -10.090255 -0.369815 -0.578054 -0.379597 0.620481
787.200000000 -16.962494 121.818359 -10.086840 -0.370750 -0.578330 -0.379570 0.619681
787.300000000 -16.907175 121.784312 -10.075699 -0.370867 -0.578118 -0.379690 0.619735
787.400000000 -16.878098 121.766396 -10.064741 -0.371231 -0.578015 -0.379865 0.619507
787.500000000 -16.748887 121.667837 -10.062543 -0.371808 -0.578504 -0.379838 0.618720
787.600000000 -16.681989 121.619591 -10.054189 -0.371867 -0.578718 -0.379596 0.618634
787.700000000 -16.612331 121.569266 -10.041535 -0.372057 -0.578305 -0.380056 0.618623
787.800000000 -16.553262 121.514283 -10.031344 -0.372843 -0.577890 -0.380779 0.618093
787.900000000 -16.483967 121.469426 -10.013547 -0.372375 -0.577368 -0.381066 0.618685
788.000000000 -16.449843 121.439811 -9.998889 -0.372482 -0.577091 -0.381377 0.618688
788.100000000 -16.386626 121.379899 -9.989706 -0.372522 -0.577223 -0.381384 0.618536
788.200000000 -16.266677 121.270210 -9.981896 -0.372045 -0.577554 -0.380949 0.618782
788.300000000 -16.254606 121.246527 -9.965663 -0.371773 -0.577096 -0.381317 0.619147
788.400000000 -16.144720 121.142947 -9.951126 -0.371439 -0.576400 -0.381678 0.619772
788.500000000 -16.086507 121.083506 -9.937530 -0.370153 -0.576584 -0.380915 0.620839
788.600000000 -16.066981 121.043947 -9.927899 -0.371652 -0.575945 -0.382279 0.619697
788.700000000 -16.005594 120.971796 -9.919835 -0.371449 -0.576429 -0.381979 0.619554
788.800000000 -15.939894 120.893752 -9.912227 -0.370808 -0.577138 -0.381334 0.619675
788.900000000 -15.888710 120.824664 -9.901758 -0.371483 -0.576613 -0.382091 0.619293
789.000000000 -15.830947 120.752386 -9.890896 -0.370731 -0.577038 -0.381627 0.619634
789.100000000 -15.742187 120.638264 -9.882130 -0.370104 -0.577283 -0.381473 0.619876
789.200000000 -15.766457 120.627461 -9.868844 -0.370428 -0.576982 -0.381949 0.619669
789.300000000 -15.742238 120.572207 -9.855345 -0.370278 -0.576622 -0.382143 0.619974
789.400000000 -15.667933 120.465388 -9.852341 -0.370795 -0.576955 -0.382472 0.619152
789.500000000 -15.628854 120.402977 -9.834893 -0.368363 -0.577154 -0.381235 0.621177
789.600000000 -15.575830 120.311197 -9.831023 -0.367823 -0.578182 -0.380357 0.621080
789.700000000 -15.538033 120.226005 -9.824337 -0.370278 -0.576321 -0.383030 0.619707
789.800000000 -15.521790 120.166571 -9.818046 -0.369494 -0.577206 -0.382038 0.619964
789.900000000 -15.424984 120.039123 -9.810640 -0.367198 -0.578266 -0.380336 0.621384
790.000000000 -15.413216 119.976410 -9.803932 -0.367743 -0.578486 -0.380632 0.620676
790.100000000 -15.320289 119.845039 -9.794650 -0.367656 -0.577766 -0.381367 0.620946
790.200000000 -15.281671 119.757575 -9.787711 -0.367566 -0.577809 -0.381470 0.620896
790.300000000 -15.241664 119.662423 -9.781923 -0.366907 -0.577708 -0.381119 0.621595
790.400000000 -15.278845 119.637993 -9.774083 -0.366628 -0.577930 -0.381002 0.621625
790.500000000 -15.247054 119.552407 -9.769884 -0.367032 -0.577808 -0.381412 0.621248
790.600000000 -15.216142 119.461771 -9.761266 -0.366455 -0.577345 -0.381565 0.621926
790.700000000 -15.234963 119.413151 -9.752453 -0.366546 -0.577122 -0.382009 0.621806
790.800000000 -15.182672 119.303095 -9.744964 -0.366862 -0.576442 -0.382882 0.621714
790.900000000 -15.172608 119.225322 -9.739528 -0.366230 -0.576670 -0.382593 0.622053
791.000000000 -15.152191 119.138493 -9.731044 -0.365849 -0.576289 -0.382950 0.622411
791.100000000 -15.119619 119.035449 -9.738545 -0.366661 -0.577287 -0.382871 0.621055
791.200000000 -15.115723 118.958167 -9.738270 -0.366658 -0.577354 -0.382989 0.620921
791.300000000 -15.142891 118.906533 -9.732682 -0.366366 -0.577331 -0.382965 0.621129
791.400000000 -15.121760 118.813650 -9.725219 -0.366166 -0.576629 -0.383647 0.621479
791.500000000 -15.042962 118.665151 -9.728446 -0.366498 -0.577212 -0.383560 0.620796
791.600000000 -15.057894 118.600241 -9.719297 -0.365988 -0.576381 -0.384075 0.621550
791.700000000 -15.071987 118.536847 -9.722567 -0.366122 -0.576602 -0.384221 0.621176
791.800000000 -15.045281 118.430404 -9.719225 -0.365631 -0.576320 -0.384299 0.621678
791.900000000 -15.031219 118.332973 -9.718243 -0.365186 -0.576638 -0.384061 0.621792
792.000000000 -15.016202 118.235482 -9.717625 -0.365333 -0.576166 -0.384735 0.621726
792.100000000 -15.012754 118.143663 -9.719071 -0.365392 -0.576321 -0.384827 0.621492
792.200000000 -14.989533 118.032513 -9.729133 -0.366227 -0.577090 -0.384827 0.620285
792.300000000 -15.024096 117.972435 -9.727250 -0.366043 -0.576844 -0.385155 0.620419
792.400000000 -14.965079 117.831651 -9.733195 -0.365322 -0.577598 -0.384357 0.620637
792.500000000 -14.973341 117.753038 -9.724676 -0.365081 -0.576273 -0.385620 0.621226
792.600000000 -14.965691 117.658844 -9.727628 -0.364806 -0.576207 -0.386010 0.621207
792.700000000 -14.952744 117.556808 -9.733611 -0.365138 -0.576461 -0.386170 0.620676
792.800000000 -14.946838 117.459003 -9.733760 -0.364510 -0.576338 -0.386133 0.621183
792.900000000 -14.964053 117.382862 -9.736785 -0.364239 -0.576645 -0.386063 0.621100
793.000000000 -14.960472 117.285143 -9.738915 -0.364228 -0.576299 -0.386561 0.621118
793.100000000 -14.916561 117.153151 -9.745910 -0.364210 -0.576583 -0.386592 0.620846
793.200000000 -14.948042 117.082612 -9.747999 -0.363872 -0.576606 -0.386703 0.620954
793.300000000 -14.916674 116.956170 -9.754133 -0.363768 -0.576458 -0.386914 0.621021
793.400000000 -14.900680 116.840825 -9.767924 -0.364180 -0.577257 -0.386827 0.620091
793.500000000 -14.904943 116.753067 -9.767455 -0.363821 -0.576492 -0.387499 0.620593
793.600000000 -14.861819 116.617512 -9.773370 -0.363381 -0.576624 -0.387455 0.620755
793.700000000 -14.857472 116.516373 -9.777564 -0.363206 -0.576271 -0.387819 0.620958
793.800000000 -14.876088 116.431358 -9.779965 -0.362832 -0.575862 -0.388187 0.621327
793.900000000 -14.847552 116.313217 -9.788919 -0.362577 -0.576250 -0.388071 0.621188
794.000000000 -14.870398 116.232838 -9.795064 -0.362332 -0.576235 -0.388190 0.621270
794.100000000 -14.880553 116.154261 -9.796628 -0.362119 -0.575555 -0.388908 0.621576
794.200000000 -14.869724 116.041010 -9.807343 -0.362277 -0.575738 -0.389067 0.621215
794.300000000 -14.849156 115.926048 -9.816604 -0.362510 -0.575727 -0.389415 0.620871
794.400000000 -14.827401 115.807726 -9.828955 -0.362559 -0.576077 -0.389415 0.620518
794.500000000 -14.805182 115.687173 -9.837871 -0.362202 -0.576110 -0.389391 0.620711
794.600000000 -14.793368 115.574947 -9.849965 -0.362187 -0.576523 -0.389354 0.620359
794.700000000 -14.773114 115.453618 -9.860612 -0.361947 -0.576610 -0.389349 0.620421
794.800000000 -14.741415 115.327315 -9.872746 -0.362068 -0.576902 -0.389493 0.619989
794.900000000 -14.792146 115.273607 -9.882099 -0.361789 -0.577143 -0.389480 0.619935
795.000000000 -14.704108 115.104013 -9.895580 -0.361985 -0.577235 -0.389698 0.619598
795.100000000 -14.687968 114.988182 -9.907146 -0.362083 -0.577351 -0.389866 0.619328
795.200000000 -14.740544 114.941035 -9.912364 -0.361553 -0.577064 -0.390084 0.619767
795.300000000 -14.714863 114.824817 -9.926323 -0.361733 -0.577268 -0.390111 0.619455
795.400000000 -14.689836 114.702799 -9.937276 -0.361735 -0.577225 -0.390343 0.619347
795.500000000 -14.687466 114.598503 -9.952509 -0.361893 -0.577869 -0.389955 0.618899
795.600000000 -14.664417 114.490853 -9.955984 -0.361472 -0.576913 -0.390698 0.619568
795.700000000 -14.615154 114.343449 -9.969636 -0.361334 -0.576956 -0.390893 0.619486
795.800000000 -14.611793 114.264394 -9.983472 -0.361192 -0.577642 -0.390261 0.619327
795.900000000 -14.584406 114.131744 -9.997018 -0.361661 -0.577429 -0.390691 0.618980
796.000000000 -14.575479 114.027271 -10.004176 -0.361264 -0.577146 -0.390950 0.619313
796.100000000 -14.537389 113.915561 -10.025011 -0.361274 -0.578328 -0.389963 0.618827
796.200000000 -14.549407 113.835581 -10.031694 -0.361107 -0.578218 -0.390221 0.618865
796.300000000 -14.515346 113.716650 -10.050132 -0.362090 -0.578482 -0.390374 0.617946
796.400000000 -14.520989 113.633790 -10.060130 -0.362382 -0.578387 -0.390591 0.617728
796.500000000 -14.457056 113.506374 -10.075477 -0.363650 -0.577961 -0.391690 0.616683
796.600000000 -14.422843 113.401293 -10.087305 -0.363985 -0.577653 -0.392046 0.616548
796.700000000 -14.360524 113.244008 -10.099076 -0.362500 -0.578243 -0.390925 0.617581
796.800000000 -14.325926 113.124640 -10.113555 -0.362606 -0.578564 -0.390779 0.617311
796.900000000 -14.280876 113.014371 -10.124335 -0.362512 -0.578564 -0.390728 0.617398
797.000000000 -14.253704 112.904740 -10.136822 -0.363105 -0.578304 -0.391208 0.616989
797.100000000 -14.216424 112.784337 -10.149116 -0.363535 -0.578139 -0.391549 0.616674
797.200000000 -14.171112 112.679676 -10.160816 -0.363750 -0.578160 -0.391625 0.616479
797.300000000 -14.130938 112.566819 -10.173650 -0.363847 -0.578351 -0.391519 0.616310
797.400000000 -14.101116 112.440201 -10.187064 -0.364106 -0.578359 -0.391596 0.616101
797.500000000 -14.048930 112.340709 -10.197330 -0.364178 -0.578388 -0.391499 0.616093
797.600000000 -13.999184 112.204804 -10.208905 -0.364052 -0.578418 -0.391365 0.616225
797.700000000 -13.954183 112.096266 -10.222330 -0.364590 -0.578594 -0.391419 0.615706
797.800000000 -13.879550 112.009182 -10.232022 -0.364363 -0.578658 -0.391233 0.615898
797.900000000 -13.845340 111.883998 -10.241343 -0.364152 -0.578697 -0.391005 0.616131
798.000000000 -13.807854 111.756935 -10.252249 -0.364094 -0.579013 -0.390674 0.616079
798.100000000 -13.781843 111.638460 -10.260331 -0.364754 -0.578520 -0.391307 0.615750
798.200000000 -13.714429 111.524486 -10.271662 -0.364371 -0.579002 -0.390654 0.615938
798.300000000 -13.638088 111.436029 -10.282083 -0.364491 -0.579197 -0.390516 0.615772
798.400000000 -13.590037 111.327214 -10.288248 -0.364637 -0.578814 -0.390764 0.615887
798.500000000 -13.552227 111.194006 -10.297169 -0.364238 -0.579225 -0.390161 0.616120
798.600000000 -13.504060 111.071987 -10.305346 -0.364547 -0.579192 -0.390233 0.615923
798.700000000 -13.457875 110.948210 -10.314534 -0.365324 -0.578792 -0.390786 0.615488
798.800000000 -13.376789 110.865378 -10.323289 -0.365708 -0.578710 -0.390927 0.615247
798.900000000 -13.325871 110.746443 -10.332088 -0.365736 -0.578822 -0.390704 0.615267
799.000000000 -13.270184 110.631620 -10.344149 -0.365747 -0.579298 -0.390235 0.615109
799.100000000 -13.222041 110.513035 -10.352779 -0.366234 -0.578895 -0.390606 0.614964
799.200000000 -13.192086 110.375693 -10.359063 -0.365935 -0.578823 -0.390354 0.615369
799.300000000 -13.120226 110.278383 -10.368267 -0.365830 -0.579037 -0.389991 0.615460
799.400000000 -13.054444 110.168057 -10.382364 -0.365840 -0.579383 -0.389509 0.615434
799.500000000 -13.023227 110.013311 -10.394058 -0.364939 -0.579840 -0.388581 0.616125
799.600000000 -12.961860 109.904211 -10.406532 -0.364816 -0.580006 -0.388133 0.616324
799.700000000 -12.932676 109.773137 -10.420082 -0.366235 -0.579031 -0.389457 0.615564
799.800000000 -12.858551 109.671043 -10.432276 -0.365664 -0.579080 -0.388919 0.616197
799.900000000 -12.820896 109.522858 -10.448178 -0.364502 -0.579570 -0.387712 0.617185
800.000000000 -12.710494 109.464964 -10.467013 -0.364873 -0.579593 -0.387716 0.616940
800.100000000 -12.615450 109.380498 -10.488872 -0.365323 -0.579522 -0.387816 0.616678
800.200000000 -12.541094 109.287473 -10.508409 -0.366117 -0.578898 -0.388467 0.616384
800.300000000 -12.490799 109.154781 -10.534248 -0.365203 -0.579747 -0.387203 0.616923
800.400000000 -12.445075 109.016928 -10.559903 -0.364312 -0.580358 -0.386189 0.617510
800.500000000 -12.352661 108.924210 -10.589433 -0.364194 -0.580829 -0.385662 0.617467
800.600000000 -12.241400 108.881231 -10.620538 -0.367723 -0.578804 -0.388793 0.615309
800.700000000 -12.168843 108.764893 -10.653332 -0.367898 -0.578569 -0.388820 0.615409
800.800000000 -12.114994 108.667389 -10.684356 -0.367570 -0.578643 -0.388413 0.615792
800.900000000 -12.040464 108.551363 -10.720877 -0.367254 -0.578741 -0.388002 0.616148
801.000000000 -11.934319 108.479824 -10.762347 -0.369054 -0.577850 -0.389435 0.615003
801.100000000 -11.887538 108.344624 -10.805131 -0.368379 -0.578436 -0.388451 0.615479
801.200000000 -11.810001 108.263951 -10.849288 -0.368877 -0.578326 -0.388661 0.615152
801.300000000 -11.742184 108.111586 -10.896527 -0.367834 -0.579092 -0.387310 0.615907
801.400000000 -11.680018 108.024068 -10.942424 -0.368121 -0.578661 -0.387463 0.616044
801.500000000 -11.617537 107.887536 -10.993139 -0.367489 -0.579136 -0.386517 0.616570
801.600000000 -11.516329 107.799811 -11.045837 -0.369673 -0.577251 -0.388682 0.615669
801.700000000 -11.463939 107.672683 -11.102862 -0.368885 -0.578127 -0.387552 0.616033
801.800000000 -11.391109 107.612963 -11.151848 -0.368737 -0.577544 -0.387692 0.616580
801.900000000 -11.351054 107.526865 -11.205379 -0.368222 -0.577662 -0.387159 0.617111
802.000000000 -11.264949 107.381639 -11.272356 -0.368064 -0.578143 -0.386450 0.617200
802.100000000 -11.278559 107.328798 -11.333773 -0.368077 -0.578819 -0.385882 0.616914
802.200000000 -11.109078 107.145359 -11.394338 -0.367899 -0.578419 -0.385742 0.617483
802.300000000 -11.010061 107.055610 -11.461871 -0.369005 -0.578065 -0.386343 0.616778
802.400000000 -10.938406 106.955801 -11.527321 -0.368876 -0.578044 -0.386182 0.616976
802.500000000 -10.997565 106.958614 -11.593658 -0.369252 -0.578660 -0.386041 0.616261
802.600000000 -10.882258 106.808086 -11.662692 -0.369233 -0.578562 -0.385778 0.616529
802.700000000 -10.826244 106.717851 -11.724967 -0.368772 -0.578476 -0.385294 0.617188
802.800000000 -10.776166 106.658257 -11.792002 -0.368704 -0.578626 -0.385435 0.617000
802.900000000 -10.710778 106.576023 -11.864231 -0.370279 -0.577970 -0.386594 0.615946
803.000000000 -10.650718 106.501925 -11.932888 -0.370530 -0.577796 -0.386613 0.615946
803.100000000 -10.601260 106.417771 -11.998785 -0.370467 -0.577378 -0.386711 0.616314
803.200000000 -10.507863 106.252968 -12.073279 -0.369371 -0.578309 -0.385306 0.616978
803.300000000 -10.432711 106.145510 -12.142052 -0.368851 -0.578608 -0.384771 0.617343
803.400000000 -10.370044 106.047606 -12.215301 -0.369244 -0.578701 -0.384834 0.616982
803.500000000 -10.335043 105.974165 -12.277439 -0.368905 -0.578396 -0.384649 0.617586
803.600000000 -10.129094 105.769060 -12.354228 -0.370953 -0.577050 -0.386420 0.616512
803.700000000 -10.061738 105.650493 -12.423756 -0.370031 -0.577703 -0.385282 0.617166
803.800000000 -10.011694 105.572062 -12.489561 -0.370230 -0.577997 -0.385131 0.616865
803.900000000 -9.934375 105.458794 -12.558679 -0.370056 -0.578655 -0.384439 0.616785
804.000000000 -9.872926 105.339548 -12.621876 -0.369693 -0.579100 -0.383815 0.616973
804.100000000 -9.741310 105.177777 -12.683654 -0.368537 -0.579598 -0.382657 0.617916
804.200000000 -9.756368 105.148824 -12.736721 -0.368563 -0.579548 -0.382708 0.617915
804.300000000 -9.645115 105.023751 -12.788666 -0.370110 -0.578060 -0.384431 0.617314
804.400000000 -9.525102 104.866146 -12.847416 -0.370728 -0.577839 -0.384731 0.616964
804.500000000 -9.493197 104.781401 -12.898671 -0.370512 -0.578329 -0.384294 0.616907
804.600000000 -9.418368 104.664851 -12.946048 -0.369883 -0.578692 -0.383660 0.617338
804.700000000 -9.394930 104.595561 -12.986632 -0.369796 -0.578704 -0.383500 0.617479
804.800000000 -9.337096 104.492067 -13.028766 -0.369884 -0.578780 -0.383376 0.617433
804.900000000 -9.226497 104.338758 -13.072806 -0.368719 -0.579882 -0.381912 0.618002
805.000000000 -9.190685 104.263219 -13.096897 -0.369958 -0.578521 -0.383519 0.617542
805.100000000 -9.100931 104.132800 -13.128779 -0.371369 -0.577439 -0.384958 0.616811
805.200000000 -9.030694 104.017577 -13.162404 -0.371235 -0.578160 -0.384413 0.616557
805.300000000 -8.996855 103.926716 -13.184021 -0.371095 -0.578430 -0.384021 0.616632
805.400000000 -8.956691 103.833061 -13.200759 -0.370689 -0.578756 -0.383610 0.616826
805.500000000 -8.902965 103.725553 -13.216168 -0.370065 -0.579359 -0.382742 0.617174
805.600000000 -8.826641 103.604899 -13.228745 -0.371172 -0.578472 -0.383983 0.616570
805.700000000 -8.728667 103.464528 -13.242872 -0.371579 -0.578537 -0.384144 0.616164
805.800000000 -8.683044 103.372041 -13.245046 -0.372591 -0.577496 -0.385433 0.615724
805.900000000 -8.619474 103.240258 -13.251400 -0.371837 -0.578173 -0.384453 0.616157
