9.100000000 0.000000 0.000000 -0.000000 0.000000 0.000000 0.000000 1.000000
9.400000000 -0.002021 -0.309479 0.727612 0.001345 -0.000819 -0.000141 0.999999
9.900000000 -0.002410 -0.096589 0.305678 0.000876 -0.002744 0.000157 0.999996
10.000000000 -0.001931 -0.074488 0.290098 0.000818 -0.003316 0.000170 0.999994
10.200000000 -0.008769 0.064049 0.310111 -0.001929 -0.003766 0.000846 0.999991
10.300000000 -0.002943 0.044618 0.093012 0.000082 -0.004160 0.001220 0.999991
10.700000000 -0.000901 0.125608 0.011209 -0.002027 -0.002194 0.000402 0.999995
10.800000000 -0.000363 -0.004093 0.058603 -0.000091 -0.000944 0.000822 0.999999
11.300000000 -0.003286 -0.006594 -0.005520 0.001078 -0.002310 0.000790 0.999996
11.500000000 0.003806 -0.089076 0.248398 0.005656 -0.002003 -0.000376 0.999982
11.600000000 -0.005128 -0.452383 0.951201 0.002984 -0.001801 -0.000325 0.999994
11.700000000 -0.006800 -0.367658 1.037572 0.002209 -0.003672 -0.000324 0.999991
11.900000000 -0.005072 -0.366680 0.930613 0.000010 -0.004235 -0.000081 0.999991
12.200000000 -0.003272 -0.094607 0.308555 0.000697 -0.003020 0.000213 0.999995
12.400000000 0.003035 -0.022486 0.051013 0.000944 -0.003084 0.000351 0.999995
12.700000000 0.000878 -0.012829 -0.000041 0.000130 -0.000085 -0.000131 1.000000
13.900000000 -0.000088 0.114532 -0.041015 -0.000056 -0.004039 0.001547 0.999991
14.000000000 0.005136 -0.055220 -0.012234 0.000994 -0.000840 -0.000415 0.999999
14.500000000 -0.000007 0.049418 -0.011135 -0.000781 0.000231 0.000068 1.000000
14.600000000 0.005782 0.030702 -0.028710 0.000738 -0.003661 0.000959 0.999993
14.800000000 0.014298 0.001376 0.007097 0.000205 -0.004447 0.000131 0.999990
15.000000000 -0.020630 0.003741 0.049743 0.000074 -0.006048 0.015690 0.999859
15.300000000 -0.123433 -0.059857 0.477713 0.002447 -0.009870 0.029700 0.999507
15.600000000 -0.271830 -0.064432 0.184398 0.001869 -0.008500 0.030286 0.999503
15.700000000 -0.337196 -0.149221 0.288314 0.005283 -0.004962 0.029973 0.999524
16.000000000 -0.570759 -0.133346 0.480131 0.005083 -0.006176 0.029764 0.999525
16.200000000 -0.754124 -0.416446 0.781014 0.009104 -0.006963 0.029538 0.999498
16.500000000 -1.056306 0.178123 0.106476 0.003477 -0.008539 0.030031 0.999506
16.700000000 -1.247781 1.115834 -1.348173 -0.012272 -0.007046 0.031081 0.999417
16.800000000 -1.385940 0.048249 -0.528365 0.001795 -0.005928 0.029773 0.999538
16.900000000 -1.511907 0.333955 -0.267779 -0.001616 -0.006590 0.030262 0.999519
18.000000000 -2.990310 0.453032 -1.166551 -0.003866 -0.001160 0.029815 0.999547
18.100000000 -3.148669 0.405619 -1.063327 -0.001779 -0.003433 0.030084 0.999540
18.200000000 -3.294782 0.481967 -1.037990 -0.003882 -0.002935 0.029762 0.999545
18.400000000 -3.590304 0.503795 -1.049017 -0.003051 -0.010997 0.040509 0.999114
18.600000000 -3.892432 0.489936 -1.219311 -0.002449 -0.031238 0.059312 0.997748
18.800000000 -4.182073 0.476630 -1.080610 -0.001777 -0.035633 0.062938 0.997380
19.000000000 -4.473639 0.364535 -1.127286 -0.000546 -0.032877 0.061472 0.997567
19.100000000 -4.611921 0.269542 -1.079884 -0.004159 -0.030012 0.060673 0.997698
19.200000000 -4.748545 0.225582 -1.092594 -0.004354 -0.028599 0.059781 0.997792
19.400000000 -5.019255 0.046167 -1.023366 -0.003656 -0.028083 0.058375 0.997893
20.000000000 -5.750643 -0.572379 -0.993312 -0.003939 -0.025030 0.053547 0.998244
20.100000000 -5.861442 -0.749278 -0.836322 -0.003275 -0.023981 0.052560 0.998324
20.200000000 -5.971666 -0.901446 -0.777670 -0.002614 -0.023822 0.051680 0.998376
20.300000000 -6.080200 -1.049602 -0.705212 -0.002239 -0.024197 0.050979 0.998404
20.400000000 -6.183711 -1.207683 -0.706044 -0.001039 -0.024436 0.050179 0.998441
20.500000000 -6.282184 -1.328932 -0.666127 -0.000908 -0.024234 0.049348 0.998487
20.800000000 -6.547050 -1.711566 -0.899355 -0.000580 -0.023378 0.047115 0.998616
21.100000000 -6.778978 -2.018409 -1.235016 0.006400 -0.023688 0.044918 0.998689
21.300000000 -6.896773 -2.145559 -1.755348 -0.000142 -0.021488 0.043509 0.998822
21.700000000 -7.110680 -2.728586 -2.294332 0.000382 -0.020865 0.040822 0.998948
21.800000000 -7.154016 -2.857181 -2.427027 0.001406 -0.021227 0.040092 0.998970
22.000000000 -7.226867 -3.133207 -2.775154 0.001368 -0.021897 0.039172 0.998992
22.100000000 -7.238566 -3.221827 -2.919069 -0.008501 -0.018569 0.038319 0.999057
22.200000000 -7.278911 -3.555598 -2.809040 -0.003451 -0.019472 0.037546 0.999099
22.300000000 -7.307987 -3.766868 -2.604473 0.000289 -0.019304 0.036860 0.999134
22.600000000 -7.341324 -4.187639 -3.008614 0.001747 -0.016935 0.034932 0.999245
23.300000000 -7.317239 -5.144472 -4.095501 0.023735 -0.017356 0.031883 0.999059
23.400000000 -7.296366 -5.169941 -4.371538 0.012749 -0.017353 0.030612 0.999299
23.500000000 -7.266562 -5.369354 -4.595563 0.021491 -0.015303 0.029829 0.999207
23.800000000 -7.195066 -5.245117 -4.847475 0.053479 -0.018925 0.030424 0.997926
24.000000000 -7.151829 -4.977678 -4.595096 0.031108 -0.027411 0.032599 0.998608
24.100000000 -7.114680 -5.020888 -4.701031 0.020775 -0.029004 0.033313 0.998808
24.200000000 -7.091172 -5.136005 -4.867671 0.004153 -0.036115 0.035627 0.998704
24.300000000 -7.039519 -5.091518 -4.857665 0.001600 -0.036010 0.035608 0.998716
24.600000000 -6.982805 -4.800091 -3.475035 -0.255677 0.010213 0.003876 0.966701
24.900000000 -6.786434 -4.249696 -3.267651 -0.207974 0.013033 0.002891 0.978043
25.000000000 -6.701029 -4.089132 -2.970256 -0.191825 0.020977 -0.002477 0.981202
25.100000000 -6.679809 -3.817124 -3.216487 -0.222008 0.018727 -0.000804 0.974865
25.400000000 -6.444936 -5.177835 -4.344957 -0.248950 -0.039030 0.026789 0.967359
25.500000000 -6.396365 -5.001421 -3.978800 -0.231200 -0.014279 0.010531 0.972744
26.100000000 -6.031867 -4.341971 -1.259002 -0.612547 0.023167 -0.007469 0.790059
26.300000000 -5.996322 -4.311828 -1.423719 -0.567939 0.013223 0.005585 0.822945
26.400000000 -5.855528 -4.182151 -1.404263 -0.554747 0.017869 -0.001360 0.831826
26.500000000 -5.719753 -4.191913 -1.597502 -0.591741 0.014414 0.009736 0.805941
26.800000000 -5.459468 -4.120916 -1.959414 -0.701248 -0.014003 0.043539 0.711449
26.900000000 -5.400800 -4.230751 -2.014102 -0.694426 -0.014582 0.037215 0.718453
27.000000000 -5.322079 -4.420949 -2.064047 -0.696964 -0.023154 0.049139 0.715046
27.200000000 -5.163951 -4.488111 -2.033384 -0.673441 -0.019417 0.045313 0.737596
27.300000000 -5.007389 -4.863159 -2.346739 -0.657796 -0.027014 0.057501 0.750512
27.400000000 -4.909017 -5.204379 -2.602548 -0.679717 -0.027298 0.064232 0.730147
27.600000000 -4.704838 -4.460854 -2.756878 -0.760375 -0.030462 0.083849 0.643328
27.700000000 -4.625621 -4.987840 -2.942930 -0.762951 -0.022567 0.065738 0.642709
28.600000000 -4.418967 -4.054391 -0.180162 0.918705 -0.012440 0.014744 -0.394472
28.700000000 -4.372097 -4.169389 -0.112282 0.918929 -0.010325 0.017026 -0.393921
29.300000000 -4.013597 -4.529040 -0.676909 0.886600 -0.012776 -0.007769 -0.462295
29.800000000 -3.974613 -4.932547 -0.799218 0.878583 -0.016996 -0.000038 -0.477287
29.900000000 -3.807889 -4.921394 -0.864714 0.879929 -0.017551 -0.005124 -0.474754
30.000000000 -3.649194 -4.958499 -1.005239 0.908921 -0.014002 -0.067778 -0.411184
30.300000000 -3.521413 -5.380740 -0.706311 0.916626 -0.044759 -0.025816 -0.396391
30.400000000 -3.508247 -5.399576 -0.627937 0.913877 -0.035674 -0.048619 -0.401488
30.500000000 -3.487364 -5.411398 -0.612000 0.921680 -0.036391 -0.054372 -0.382395
30.600000000 -3.470029 -5.434607 -0.585665 0.921685 -0.039959 -0.043771 -0.383384
30.900000000 -3.414327 -5.473154 -0.549960 0.940711 -0.040686 -0.052896 -0.332581
31.000000000 -3.446131 -5.351027 -0.509150 0.909096 -0.021221 -0.028141 -0.415093
31.100000000 -3.388223 -5.591077 -0.339091 0.945457 -0.025123 -0.075071 -0.315983
31.200000000 -3.443971 -4.876397 -0.687833 0.923745 -0.018570 -0.009812 -0.382431
31.400000000 -3.455736 -4.781235 -0.699715 0.930701 -0.020351 -0.029715 -0.364003
31.500000000 -3.452326 -4.564261 -0.827445 0.937024 -0.021238 0.008080 -0.348525
31.600000000 -3.469787 -4.166635 -0.633056 0.924675 -0.015382 0.050531 -0.377076
31.800000000 -3.456286 -3.612204 -0.353474 0.891306 -0.026512 0.098584 -0.441760
31.900000000 -3.475299 -3.515497 -0.437601 0.893912 -0.027770 0.081165 -0.439957
32.600000000 -3.568573 -4.867456 0.223325 -0.788087 -0.046057 0.080278 0.608566
33.300000000 -3.625418 -4.204335 0.841979 -0.669378 0.012365 -0.000788 0.742819
33.400000000 -3.638822 -3.930478 0.962093 -0.675909 0.015991 -0.004778 0.736796
33.500000000 -3.656522 -3.834008 0.932433 -0.677563 0.021572 -0.008930 0.735094
33.800000000 -3.762368 -3.934669 0.542779 -0.676268 0.020662 -0.009456 0.736305
34.200000000 -3.841375 -4.034476 0.103184 -0.672414 0.033935 -0.010149 0.739327
34.400000000 -3.921386 -3.858603 0.008478 -0.679148 0.031344 -0.024858 0.732910
34.600000000 -3.997507 -3.707908 -0.084859 -0.676339 0.031619 -0.024381 0.735507
35.200000000 -4.227150 -3.489324 -0.517005 -0.682136 0.028466 -0.013903 0.730539
35.400000000 -4.328110 -3.380195 -0.700817 -0.677401 0.023995 -0.004064 0.735211
36.100000000 -4.576693 -3.129299 -1.259529 -0.678027 0.024540 -0.002700 0.734622
36.200000000 -4.610678 -2.967394 -1.220786 -0.684873 0.024995 -0.001093 0.728233
36.500000000 -4.716080 -2.733552 -1.252469 -0.681613 0.025793 -0.000180 0.731258
36.700000000 -4.799310 -2.495947 -1.407990 -0.677875 0.023257 0.006375 0.734781
36.900000000 -4.864645 -2.442774 -1.553747 -0.678338 0.023515 0.007402 0.734337
37.000000000 -4.906841 -2.243139 -1.421350 -0.675039 0.023315 0.008501 0.737365
37.100000000 -4.928862 -1.966283 -1.398422 -0.685272 0.025124 0.007134 0.727818
37.200000000 -4.993571 -1.698479 -1.340287 -0.691074 0.020752 0.017040 0.722285
37.300000000 -5.023653 -0.486619 -0.720570 -0.682085 0.021900 0.022036 0.730613
37.400000000 -5.040148 0.336147 -0.204838 -0.677358 0.025138 0.019596 0.734963
37.700000000 -5.110895 1.654649 0.235903 -0.677035 0.029037 0.013085 0.735261
37.800000000 -5.153392 2.054095 0.350216 -0.682824 0.026660 0.017226 0.729893
37.900000000 -5.148608 2.837625 0.860026 -0.676076 0.033556 0.003336 0.736059
38.000000000 -5.217963 3.851485 1.293861 -0.678576 0.026313 0.015119 0.733903
38.500000000 -5.398816 5.841339 2.576431 -0.662746 0.024339 0.012817 0.748339
38.600000000 -5.429281 6.333556 2.781056 -0.667752 0.024025 0.012543 0.743890
39.000000000 -5.569964 5.897994 2.726246 -0.536805 0.005750 0.030393 0.843139
39.200000000 -5.597320 6.170368 2.861995 -0.535620 0.006253 0.029435 0.843923
39.400000000 -5.626188 6.316745 2.925379 -0.534178 0.004634 0.031031 0.844789
39.600000000 -5.644067 6.414328 2.913812 -0.533252 0.004149 0.031412 0.845363
39.700000000 -5.640673 6.539674 2.884866 -0.529442 0.005809 0.029008 0.847830
39.800000000 -5.651457 6.483795 2.790547 -0.528547 0.004463 0.030261 0.848352
39.900000000 -5.655457 6.410880 2.731507 -0.528638 0.004546 0.029953 0.848306
40.100000000 -5.657474 6.424845 2.407875 -0.529290 0.003591 0.030693 0.847878
40.200000000 -5.663942 6.462759 2.344526 -0.528211 0.002033 0.032272 0.848497
40.700000000 -5.600736 7.401889 2.417191 -0.669770 0.018829 0.017881 0.742114
40.900000000 -5.602268 7.722787 2.392986 -0.663986 0.015763 0.022217 0.747248
41.100000000 -5.598362 8.075729 2.717544 -0.657761 0.015919 0.020115 0.752790
41.200000000 -5.591286 7.638175 2.339897 -0.661878 0.014541 0.022782 0.749124
41.400000000 -5.570667 7.580506 2.280037 -0.659486 0.014550 0.022652 0.751235
41.600000000 -5.559039 7.993117 2.665200 -0.662476 0.015253 0.020495 0.748647
41.800000000 -5.536385 8.557606 3.049695 -0.657382 0.016753 0.016017 0.753201
42.100000000 -5.516309 8.677364 3.837637 -0.654122 0.018602 0.010979 0.756080
42.500000000 -5.532417 8.836378 4.934603 -0.548443 0.009693 0.016696 0.835965
42.900000000 -5.550251 8.229930 5.296893 -0.453360 -0.010725 0.034047 0.890612
43.000000000 -5.513811 8.082865 4.998895 -0.455399 -0.012088 0.036366 0.889462
43.200000000 -5.473890 8.142919 5.018152 -0.456007 -0.008947 0.032573 0.889335
43.300000000 -5.418535 8.006171 4.559101 -0.461817 -0.004931 0.029351 0.886476
43.400000000 -5.380212 7.917798 4.330202 -0.464049 -0.001850 0.026213 0.885420
43.600000000 -5.370972 7.832360 4.634944 -0.461568 -0.006224 0.030110 0.886572
43.700000000 -5.353070 7.726407 4.338229 -0.464285 -0.010564 0.034564 0.884948
43.800000000 -5.300210 7.706429 4.043924 -0.467517 -0.004344 0.028812 0.883504
43.900000000 -5.276627 7.655465 3.964375 -0.467984 -0.003746 0.028062 0.883283
44.000000000 -5.281582 7.676652 4.233016 -0.462375 -0.007801 0.031676 0.886084
44.300000000 -5.281670 8.096276 5.154690 -0.459926 -0.012914 0.034895 0.887177
44.800000000 -5.184588 7.312602 5.089280 -0.372366 -0.026223 0.044137 0.926665
45.200000000 -5.104871 7.359168 5.080339 -0.372088 -0.022495 0.040618 0.927036
45.300000000 -5.006890 7.074368 4.197898 -0.374016 -0.010080 0.030440 0.926868
45.600000000 -4.919271 6.574416 2.884279 -0.374159 -0.010810 0.032141 0.926744
45.900000000 -4.844505 7.296394 2.599958 -0.383295 -0.003646 0.026031 0.923252
46.000000000 -4.833911 7.359177 2.148060 -0.386422 -0.014062 0.036183 0.921505
46.200000000 -4.766842 9.138816 3.401856 -0.480853 0.021178 -0.000199 0.876545
46.500000000 -4.804511 8.861370 2.427168 -0.489302 -0.020436 0.048136 0.870545
46.600000000 -4.766570 8.484797 1.986390 -0.487669 -0.011060 0.037296 0.872162
46.800000000 -4.733701 8.124301 1.358597 -0.492287 -0.014527 0.041976 0.869299
47.400000000 -4.646390 7.857588 0.642080 -0.492553 -0.002647 0.028788 0.869802
47.500000000 -4.645659 7.758338 0.700639 -0.492989 -0.003085 0.028998 0.869547
47.700000000 -4.649671 8.334851 1.646905 -0.489980 -0.007517 0.034263 0.871027
48.100000000 -4.618866 8.356828 1.798088 -0.393635 -0.023750 0.047647 0.917724
48.300000000 -4.601690 8.540102 1.881494 -0.393275 -0.012051 0.036618 0.918612
48.600000000 -4.629763 9.584677 2.426785 -0.488046 -0.006967 0.033982 0.872128
49.100000000 -4.653655 10.191796 2.613704 -0.486952 -0.010596 0.038195 0.872529
49.200000000 -4.665485 10.546959 2.945548 -0.486536 -0.005532 0.031924 0.873060
49.300000000 -4.718693 11.068944 3.422248 -0.486199 -0.011067 0.037192 0.872986
49.400000000 -4.722201 11.406070 3.712971 -0.485455 -0.002699 0.027222 0.873834
49.700000000 -4.746770 11.423956 3.605873 -0.485212 -0.005500 0.031075 0.873827
50.100000000 -4.728334 11.117226 3.207582 -0.481792 -0.001313 0.027235 0.875861
50.400000000 -4.784576 11.622647 3.511424 -0.483153 -0.000296 0.025494 0.875164
50.800000000 -4.726787 12.581106 4.632515 -0.472858 0.045875 -0.026981 0.879530
50.900000000 -4.605072 13.295619 5.569111 -0.465055 0.077115 -0.060976 0.879806
51.400000000 -4.707310 14.228100 5.189368 -0.393819 0.050176 -0.016866 0.917662
51.900000000 -4.885636 14.099242 4.096177 -0.328910 -0.035470 0.065736 0.941403
52.100000000 -4.898863 14.553669 5.336358 -0.328688 -0.037489 0.068855 0.941179
52.300000000 -4.909375 14.987753 6.541469 -0.328746 -0.038886 0.071957 0.940870
52.600000000 -4.933271 15.566791 8.319367 -0.324472 -0.028681 0.064242 0.943275
52.700000000 -4.932247 15.954350 8.730056 -0.325984 -0.030257 0.066811 0.942526
52.800000000 -4.925155 15.909389 8.838573 -0.326141 -0.038214 0.074918 0.941573
53.100000000 -4.957972 16.348673 9.759393 -0.322773 -0.030113 0.068658 0.943502
53.200000000 -4.960171 16.684708 10.224874 -0.324973 -0.031123 0.070572 0.942573
53.300000000 -4.950778 16.788339 11.054987 -0.318096 -0.019093 0.061745 0.945853
53.500000000 -4.994619 17.476761 12.282032 -0.325457 -0.040022 0.080519 0.941272
53.700000000 -5.004723 17.687266 13.249891 -0.322318 -0.039185 0.081186 0.942329
53.800000000 -5.008314 17.718650 13.468690 -0.322741 -0.056052 0.095621 0.939975
53.900000000 -5.023654 17.720734 13.821387 -0.319777 -0.052153 0.092138 0.941559
54.100000000 -5.097632 18.297386 14.760416 -0.318209 -0.043050 0.082676 0.943427
54.300000000 -5.145291 18.638742 15.594217 -0.316354 -0.035751 0.076840 0.944848
54.800000000 -5.243069 19.426293 16.932079 -0.321797 -0.017005 0.060960 0.944691
55.400000000 -5.328009 20.100681 17.685797 -0.314628 -0.000696 0.046902 0.948055
55.500000000 -5.338538 20.153457 17.799266 -0.315063 0.000511 0.046352 0.947938
55.700000000 -5.430196 20.397164 18.489394 -0.314539 -0.001071 0.045991 0.948129
55.900000000 -5.454211 20.899019 19.237602 -0.318146 0.022964 0.025077 0.947432
56.300000000 -5.626038 21.189502 19.858586 -0.322635 0.002132 0.041111 0.945628
56.400000000 -5.671895 21.256457 20.275373 -0.314205 0.005304 0.037678 0.948592
56.600000000 -5.727435 21.518569 20.674782 -0.317150 0.009971 0.032854 0.947754
56.800000000 -5.819602 21.813641 21.208838 -0.320676 0.005542 0.035076 0.946523
56.900000000 -5.860451 21.919845 21.334513 -0.321245 0.001459 0.037925 0.946235
57.200000000 -5.957561 22.157853 21.816529 -0.319630 -0.003233 0.040415 0.946675
57.400000000 -6.010168 22.309441 22.029120 -0.319491 -0.008256 0.043715 0.946544
57.500000000 -6.032838 22.350061 22.053329 -0.318731 -0.011082 0.045489 0.946688
57.600000000 -6.052778 22.501873 22.235741 -0.319864 -0.006870 0.041492 0.946530
57.900000000 -6.072975 22.692510 22.472106 -0.318835 -0.005306 0.040590 0.946926
58.000000000 -6.130559 22.862652 22.721406 -0.320659 -0.008560 0.042342 0.946209
58.200000000 -6.154767 22.987835 22.927839 -0.318637 -0.005575 0.039496 0.947037
58.500000000 -6.220019 23.223361 23.345522 -0.317002 -0.007429 0.040693 0.947522
58.800000000 -6.292837 23.468654 23.735420 -0.313534 -0.008911 0.040709 0.948662
59.100000000 -6.325431 23.678701 24.063031 -0.310032 -0.005611 0.038156 0.949944
59.200000000 -6.359626 23.718331 24.115101 -0.311516 -0.011067 0.041629 0.949264
59.600000000 -6.431185 23.882419 24.416990 -0.308677 -0.019317 0.046633 0.949827
59.800000000 -6.473914 24.254207 24.987829 -0.310152 -0.007497 0.036102 0.949972
60.100000000 -6.525089 24.474037 25.375193 -0.307114 -0.006608 0.034867 0.951011
60.200000000 -6.536514 24.529382 25.411386 -0.307229 -0.007949 0.035448 0.950942
60.600000000 -6.538005 24.714392 25.625424 -0.305514 -0.007102 0.035287 0.951507
60.700000000 -6.559948 24.816786 25.780710 -0.306183 -0.006091 0.033591 0.951360
60.900000000 -6.597772 24.990836 26.011642 -0.307132 -0.009067 0.035009 0.950980
61.100000000 -6.642195 25.139101 26.363962 -0.306865 -0.010925 0.035802 0.951017
61.600000000 -6.693448 25.519458 27.075599 -0.304753 -0.008288 0.033089 0.951820
61.900000000 -6.718388 25.647329 27.169707 -0.303196 -0.012238 0.035080 0.952204
62.200000000 -6.762721 25.932970 27.595079 -0.304242 -0.013157 0.034971 0.951862
62.600000000 -6.795483 26.098130 27.895430 -0.301926 -0.015464 0.036113 0.952522
63.100000000 -6.858219 26.550764 28.523950 -0.304521 -0.016875 0.036616 0.951652
63.200000000 -6.858085 26.597213 28.612067 -0.303411 -0.014592 0.034671 0.952117
63.500000000 -6.899885 26.910219 29.044608 -0.303493 -0.014502 0.034809 0.952087
63.600000000 -6.915502 26.972261 29.171623 -0.303338 -0.015300 0.035220 0.952109
63.900000000 -6.927152 27.120285 29.408208 -0.298438 -0.012064 0.032896 0.953786
64.100000000 -6.948298 27.315476 29.721322 -0.300289 -0.007758 0.028952 0.953377
64.200000000 -6.964320 27.378597 29.807069 -0.300707 -0.009960 0.030591 0.953174
64.600000000 -7.017868 27.702272 30.288177 -0.300913 -0.010776 0.031027 0.953086
65.000000000 -7.054583 28.014247 30.761072 -0.298837 -0.006052 0.026978 0.953904
65.400000000 -7.127195 28.415445 31.364918 -0.303307 -0.008112 0.028206 0.952441
65.500000000 -7.135694 28.472724 31.503508 -0.302420 -0.007102 0.027731 0.952745
65.700000000 -7.159586 28.718908 31.772548 -0.303593 -0.004170 0.025188 0.952460
66.000000000 -7.230551 28.944753 32.313134 -0.301700 -0.006951 0.026781 0.953001
66.100000000 -7.234294 29.074061 32.429757 -0.302378 -0.002903 0.023374 0.952897
66.400000000 -7.315113 29.322480 32.895497 -0.307428 -0.012647 0.030420 0.951001
66.500000000 -7.343263 29.451509 33.124367 -0.309760 -0.013288 0.030571 0.950230
66.700000000 -7.370633 29.599018 33.335504 -0.309458 -0.015305 0.032606 0.950231
66.800000000 -7.394495 29.686751 33.486081 -0.310273 -0.017360 0.034016 0.949880
67.000000000 -7.420666 29.804422 33.641480 -0.307960 -0.020370 0.036527 0.950480
67.100000000 -7.439024 29.871422 33.744301 -0.307834 -0.022408 0.037923 0.950420
67.400000000 -7.510903 30.153872 34.422650 -0.306278 -0.025729 0.041052 0.950708
67.600000000 -7.518191 30.107908 34.708796 -0.294753 -0.022037 0.039167 0.954516
67.700000000 -7.525556 30.180802 34.776167 -0.295278 -0.021727 0.039079 0.954364
67.900000000 -7.580370 30.324372 35.238137 -0.292430 -0.027090 0.043014 0.954935
68.000000000 -7.599890 30.432744 35.422592 -0.293025 -0.028121 0.043837 0.954685
68.100000000 -7.626208 30.532996 35.631974 -0.293908 -0.031254 0.045901 0.954219
68.600000000 -7.582226 30.289804 35.668819 -0.256308 -0.016412 0.036732 0.965757
68.700000000 -7.602080 30.412352 35.888316 -0.257499 -0.017192 0.037462 0.965399
68.900000000 -7.639360 30.666512 36.346775 -0.260742 -0.018495 0.038842 0.964450
69.000000000 -7.661191 30.795370 36.602845 -0.262325 -0.019699 0.039683 0.963962
69.300000000 -7.746069 31.109245 37.269815 -0.265939 -0.030560 0.045580 0.962426
69.600000000 -7.780107 31.370896 38.114182 -0.256987 -0.025517 0.043498 0.965098
69.800000000 -7.810630 31.555690 38.514214 -0.259360 -0.030362 0.047088 0.964154
69.900000000 -7.819941 31.648765 38.663463 -0.259803 -0.030183 0.046959 0.964047
70.000000000 -7.830352 31.721063 38.805048 -0.260523 -0.032773 0.048916 0.963671
70.100000000 -7.846592 31.807099 39.036139 -0.261358 -0.035453 0.050524 0.963267
70.200000000 -7.847934 31.814740 39.328072 -0.252069 -0.032112 0.049025 0.965933
70.300000000 -7.861389 31.897357 39.524762 -0.253302 -0.034324 0.050495 0.965459
70.500000000 -7.870255 31.947174 39.941545 -0.242526 -0.032444 0.049550 0.968335
70.800000000 -7.872965 31.944567 40.319700 -0.224858 -0.029806 0.047999 0.972752
70.900000000 -7.876552 32.023632 40.472844 -0.225059 -0.029995 0.048167 0.972692
71.100000000 -7.898445 32.159918 40.967666 -0.226386 -0.036510 0.052606 0.971930
71.200000000 -7.896160 32.131695 41.192225 -0.216488 -0.033495 0.050774 0.974388
71.300000000 -7.900855 32.202187 41.418298 -0.217693 -0.034035 0.050914 0.974094
71.500000000 -7.893054 32.222532 41.799777 -0.206277 -0.029674 0.048927 0.976819
71.900000000 -7.898745 32.304073 42.490657 -0.194605 -0.027520 0.048313 0.979305
72.000000000 -7.899482 32.364456 42.595691 -0.194020 -0.025637 0.047172 0.979527
72.100000000 -7.903758 32.413544 42.749591 -0.193912 -0.025587 0.047069 0.979555
72.300000000 -7.902396 32.432300 43.144278 -0.186686 -0.023351 0.045894 0.981069
72.600000000 -7.910410 32.594655 43.587578 -0.188621 -0.022900 0.045841 0.980712
72.700000000 -7.917255 32.647816 43.923690 -0.190468 -0.024077 0.046412 0.980300
73.100000000 -7.901104 32.684598 44.594052 -0.174152 -0.015212 0.041483 0.983727
73.500000000 -7.892203 32.756019 45.212860 -0.164111 -0.009695 0.038574 0.985640
73.600000000 -7.894719 32.796259 45.370006 -0.164066 -0.009214 0.038234 0.985665
73.900000000 -7.899590 32.915425 46.079680 -0.166990 -0.006444 0.036384 0.985266
74.000000000 -7.895478 32.969324 46.099050 -0.166202 -0.004279 0.035364 0.985448
74.500000000 -7.903909 33.229256 46.823109 -0.176588 -0.002573 0.034328 0.983683
75.600000000 -7.914654 33.480792 48.873594 -0.162533 0.004039 0.031113 0.986204
75.800000000 -7.924096 33.543016 49.347889 -0.164588 0.002703 0.031730 0.985848
76.100000000 -7.939114 33.651179 49.822470 -0.165452 0.000524 0.032713 0.985675
76.500000000 -7.943722 33.802641 50.452439 -0.166381 0.000618 0.033031 0.985508
76.700000000 -7.954188 33.860217 50.835148 -0.167250 -0.002518 0.034715 0.985300
76.900000000 -7.963611 33.928951 51.094992 -0.167201 -0.005077 0.035927 0.985255
77.800000000 -7.981882 34.258088 52.613623 -0.169260 -0.010784 0.039934 0.984703
78.400000000 -7.996843 34.461491 53.534486 -0.170710 -0.017276 0.043837 0.984194
78.500000000 -7.997120 34.502459 53.674337 -0.170848 -0.017380 0.044115 0.984156
79.000000000 -8.004815 34.683878 54.439187 -0.171725 -0.019643 0.045736 0.983887
79.200000000 -8.009006 34.737803 54.802619 -0.172702 -0.023110 0.047973 0.983534
79.300000000 -8.010907 34.787000 54.838659 -0.171833 -0.022282 0.047439 0.983731
79.400000000 -8.010476 34.826211 54.996596 -0.171691 -0.023168 0.047928 0.983711
79.500000000 -8.012952 34.864894 55.105443 -0.171177 -0.022557 0.047581 0.983832
79.900000000 -8.016112 35.014794 55.721634 -0.171965 -0.022997 0.047971 0.983666
80.000000000 -8.017785 35.059314 55.777435 -0.171632 -0.022770 0.047946 0.983730
80.200000000 -8.019351 35.101704 56.125171 -0.173088 -0.025186 0.049413 0.983344
80.300000000 -8.019252 35.157184 56.319524 -0.173289 -0.020751 0.046909 0.983534
80.500000000 -8.021967 35.226606 56.460546 -0.171288 -0.023537 0.048642 0.983738
80.600000000 -8.021860 35.273491 56.679571 -0.171998 -0.022197 0.047700 0.983691
80.700000000 -8.020113 35.333801 56.810937 -0.171495 -0.018667 0.045771 0.983944
81.000000000 -8.028562 35.454913 57.115356 -0.175707 -0.021384 0.047462 0.983065
81.400000000 -8.021906 35.617305 57.769040 -0.171213 -0.011736 0.041743 0.984279
81.600000000 -8.016445 35.664592 58.122048 -0.166130 -0.008670 0.039866 0.985259
82.500000000 -8.024452 35.943169 59.450402 -0.161817 -0.002994 0.036806 0.986130
82.600000000 -8.029183 35.976604 59.512446 -0.161569 -0.003089 0.036880 0.986167
82.800000000 -8.037571 36.036049 59.808118 -0.161237 -0.005609 0.038183 0.986161
82.900000000 -8.040054 36.055981 59.939108 -0.160790 -0.007099 0.039061 0.986190
83.500000000 -8.068798 36.184221 60.805629 -0.161421 -0.021604 0.047425 0.985509
84.000000000 -8.089293 36.241746 61.289848 -0.155944 -0.037112 0.056357 0.985458
84.100000000 -8.093720 36.244884 61.405990 -0.156834 -0.042280 0.059532 0.984922
84.200000000 -8.096410 36.263605 61.557741 -0.157049 -0.046190 0.061874 0.984568
84.300000000 -8.099132 36.245544 61.670661 -0.157337 -0.051440 0.065026 0.984058
84.400000000 -8.097173 36.237632 61.748428 -0.155310 -0.057807 0.068370 0.983800
84.500000000 -8.100112 36.246494 61.895534 -0.155275 -0.060226 0.069985 0.983547
84.600000000 -8.109035 36.261588 62.040516 -0.155299 -0.064467 0.072419 0.983098
85.300000000 -8.132894 36.135110 62.782723 -0.055210 -0.029242 0.049773 0.996805
85.600000000 -8.141774 36.161497 63.217660 -0.053088 -0.025742 0.048343 0.997087
86.600000000 -8.188542 36.219750 64.626881 -0.052671 -0.008935 0.040291 0.997759
86.700000000 -8.201058 36.322225 64.847439 -0.051538 -0.003692 0.037821 0.997948
86.900000000 -8.208003 36.355557 65.210273 -0.050331 0.002162 0.035159 0.998111
87.200000000 -8.217353 36.406499 65.743865 -0.052033 0.013122 0.030049 0.998107
87.400000000 -8.255454 36.452442 66.041101 -0.050991 0.007327 0.031844 0.998164
87.600000000 -8.273163 36.426387 66.294103 -0.051551 0.011350 0.029447 0.998172
87.800000000 -8.307105 36.481840 66.675352 -0.052382 0.009726 0.029633 0.998140
87.900000000 -8.315433 36.423709 66.828312 -0.048659 0.010014 0.029570 0.998327
88.000000000 -8.321252 36.461519 67.024103 -0.048578 0.017284 0.026161 0.998327
88.100000000 -8.332783 36.463188 67.227558 -0.049325 0.019544 0.024866 0.998282
88.300000000 -8.362854 36.396412 67.490971 -0.046409 0.014481 0.026378 0.998469
88.500000000 -8.384253 36.459980 67.855442 -0.047917 0.022423 0.022495 0.998346
88.700000000 -8.429465 36.454540 68.119850 -0.049197 0.015838 0.024647 0.998359
88.900000000 -8.476043 36.473442 68.534725 -0.048602 0.013686 0.024888 0.998414
89.000000000 -8.490713 36.462692 68.619354 -0.046802 0.014603 0.023989 0.998509
89.100000000 -8.507448 36.469501 68.763609 -0.046996 0.016468 0.022450 0.998507
89.700000000 -8.641992 36.518548 69.834855 -0.048848 0.008378 0.024519 0.998470
90.000000000 -8.708678 36.537370 70.297762 -0.046351 0.001467 0.027912 0.998534
90.100000000 -8.735898 36.565944 70.304487 -0.045081 -0.003202 0.028994 0.998557
90.400000000 -8.790031 36.636068 70.768554 -0.045981 -0.002920 0.028572 0.998529
90.700000000 -8.890818 36.703825 71.422140 -0.049344 -0.008358 0.029302 0.998317
90.900000000 -8.928000 36.674863 71.671719 -0.046988 -0.010972 0.030038 0.998383
91.000000000 -8.953133 36.722441 71.755764 -0.046957 -0.012930 0.030220 0.998356
91.100000000 -8.973126 36.738385 71.915541 -0.047135 -0.013729 0.030396 0.998332
91.300000000 -9.009052 36.738150 72.338876 -0.047250 -0.015220 0.031210 0.998279
91.400000000 -9.041416 36.769232 72.579567 -0.047155 -0.014918 0.030376 0.998314
91.500000000 -9.078136 36.739092 72.737329 -0.046399 -0.020435 0.031965 0.998202
92.000000000 -9.130896 36.822691 73.511872 -0.047076 -0.009528 0.026682 0.998489
92.100000000 -9.145630 36.810826 73.591448 -0.045095 -0.010015 0.026568 0.998579
92.200000000 -9.182180 36.831127 73.692456 -0.045615 -0.015826 0.028049 0.998440
92.300000000 -9.207288 36.818154 73.882516 -0.045444 -0.018649 0.029096 0.998369
92.600000000 -9.280274 36.908763 74.569037 -0.046954 -0.021188 0.029023 0.998251
92.900000000 -9.316082 36.972488 74.828149 -0.046308 -0.017406 0.026489 0.998424
93.000000000 -9.362876 36.950021 74.960896 -0.045627 -0.022602 0.027613 0.998321
93.200000000 -9.398596 36.987947 75.247709 -0.045512 -0.022388 0.026404 0.998364
93.500000000 -9.426059 37.029554 75.408923 -0.043761 -0.023287 0.026271 0.998425
93.600000000 -9.487873 37.012035 75.811008 -0.044125 -0.026614 0.026932 0.998308
93.900000000 -9.507424 37.089044 76.037314 -0.042648 -0.023009 0.024904 0.998515
94.500000000 -9.584272 37.243596 76.620665 -0.042562 -0.024641 0.024223 0.998496
94.800000000 -9.645889 37.288856 77.134978 -0.042555 -0.022819 0.022297 0.998585
94.900000000 -9.706269 37.248875 77.412569 -0.043341 -0.031335 0.025104 0.998253
95.300000000 -9.754987 37.362251 77.977244 -0.042952 -0.022677 0.020905 0.998601
95.500000000 -9.819855 37.351887 78.354931 -0.042210 -0.026515 0.021591 0.998523
95.600000000 -9.833682 37.408228 78.480772 -0.042995 -0.024980 0.020577 0.998551
96.400000000 -9.917045 37.634272 79.207097 -0.042766 -0.025161 0.019935 0.998569
97.300000000 -10.142506 37.726648 80.546002 -0.044286 -0.031347 0.021905 0.998287
97.400000000 -10.173376 37.719715 80.811794 -0.044904 -0.029238 0.020788 0.998347
97.500000000 -10.185841 37.759367 80.897797 -0.045894 -0.029471 0.020646 0.998298
98.200000000 -10.326696 37.847515 81.914403 -0.045099 -0.029274 0.019790 0.998357
98.500000000 -10.384981 37.894170 82.306606 -0.045249 -0.030016 0.019577 0.998333
98.800000000 -10.448555 37.932268 82.771783 -0.046503 -0.029936 0.019315 0.998283
98.900000000 -10.456785 37.961678 82.877590 -0.046165 -0.028397 0.019054 0.998348
99.000000000 -10.499816 37.916696 83.119826 -0.045349 -0.031828 0.019652 0.998271
99.100000000 -10.507745 37.963603 83.197424 -0.045785 -0.031071 0.019176 0.998284
99.200000000 -10.517408 37.978439 83.309974 -0.044391 -0.029452 0.019133 0.998397
99.300000000 -10.535999 37.995088 83.436588 -0.044680 -0.029973 0.019195 0.998367
99.800000000 -10.641504 38.012333 84.260976 -0.044024 -0.030884 0.018906 0.998374
99.900000000 -10.660651 38.033989 84.389725 -0.045629 -0.031808 0.019144 0.998268
100.100000000 -10.699405 38.035324 84.735978 -0.045811 -0.031821 0.019238 0.998258
100.400000000 -10.769624 38.032587 85.258160 -0.046487 -0.034481 0.019472 0.998134
100.600000000 -10.785977 38.064441 85.446429 -0.042975 -0.032837 0.019707 0.998342
101.000000000 -10.849365 38.056046 86.093204 -0.041668 -0.032997 0.020490 0.998376
101.300000000 -10.908157 38.095830 86.426432 -0.042063 -0.037628 0.021584 0.998173
101.400000000 -10.924570 38.092486 86.599189 -0.041803 -0.037957 0.021528 0.998173
101.800000000 -10.978927 38.074978 87.246052 -0.041076 -0.039093 0.023035 0.998125
102.000000000 -11.007553 38.089973 87.512221 -0.041232 -0.040634 0.023406 0.998049
102.100000000 -11.022557 38.105517 87.609356 -0.041382 -0.041907 0.023846 0.997979
102.200000000 -11.038255 38.089476 87.796447 -0.040500 -0.042331 0.023991 0.997994
102.600000000 -11.080261 38.104974 88.339241 -0.039515 -0.043726 0.024936 0.997950
102.900000000 -11.111919 38.104573 88.803717 -0.039246 -0.044228 0.025486 0.997925
103.000000000 -11.118467 38.103698 88.975668 -0.038695 -0.043597 0.025568 0.997972
104.000000000 -11.194064 38.294598 90.032840 -0.034103 -0.046609 0.027579 0.997950
104.200000000 -11.197011 38.303457 90.204164 -0.034046 -0.049977 0.029782 0.997726
104.700000000 -11.211151 38.203713 88.818122 -0.226572 -0.102323 0.045516 0.967535
105.200000000 -11.026391 38.221586 87.610103 -0.200491 -0.041179 -0.005784 0.978813
105.300000000 -10.725394 40.313843 88.304744 -0.319348 0.030790 -0.070608 0.944502
105.500000000 -10.558388 41.111742 86.177216 -0.692650 0.010862 -0.114174 0.712098
105.600000000 -10.520963 41.244894 86.179186 -0.689503 0.016632 -0.124608 0.713290
105.800000000 -10.594911 41.259905 85.722705 -0.684864 0.017448 -0.061235 0.725884
105.900000000 -10.517049 41.479594 86.228620 -0.690451 0.013852 -0.113352 0.714308
106.300000000 -10.480671 41.272908 86.904821 -0.676768 0.035717 -0.062092 0.732703
106.500000000 -9.734123 43.015372 85.858371 -0.741275 0.114362 -0.135542 0.647349
107.200000000 -8.825793 42.821175 84.341683 0.590402 -0.427338 0.538480 -0.422902
107.600000000 -9.095704 43.095476 83.854193 0.466324 -0.487516 0.673507 -0.302088
108.200000000 -8.906574 43.075176 83.830736 0.466021 -0.481374 0.674132 -0.310885
108.300000000 -8.951772 43.114005 83.923626 0.461112 -0.480362 0.679585 -0.307882
108.700000000 -8.483070 42.994298 83.910235 0.508744 -0.524798 0.606869 -0.312211
108.800000000 -8.426644 42.974863 83.966338 0.503295 -0.525473 0.614799 -0.304293
109.000000000 -8.417347 42.982435 83.906611 0.501183 -0.525115 0.618952 -0.299949
109.100000000 -8.420634 42.991643 83.960508 0.499731 -0.524880 0.620619 -0.299336
109.200000000 -8.432797 42.999325 83.932232 0.499715 -0.524790 0.620744 -0.299261
109.900000000 -8.202702 43.033816 84.116102 0.514322 -0.533970 0.594932 -0.310491
110.000000000 -8.206987 43.032444 84.120307 0.513316 -0.533794 0.596643 -0.309173
110.400000000 -8.226843 43.216962 84.411343 0.520502 -0.532715 0.585978 -0.319253
110.700000000 -8.368505 43.200779 84.294704 0.523755 -0.532891 0.576018 -0.331528
111.100000000 -8.381840 43.137852 83.278172 -0.409035 0.569837 -0.524908 0.482129
111.200000000 -8.332690 43.131107 83.228875 -0.406851 0.572249 -0.528797 0.476841
111.400000000 -8.406360 43.193277 83.081747 -0.407383 0.571504 -0.525506 0.480901
111.500000000 -8.377501 43.212448 83.022914 -0.405824 0.573105 -0.528570 0.476940
111.600000000 -8.469591 43.264845 82.919131 -0.407731 0.570801 -0.524006 0.483073
112.000000000 -8.446601 43.345736 82.623853 -0.405243 0.574569 -0.526209 0.478281
112.300000000 -8.516189 43.385630 82.371727 -0.403634 0.575990 -0.522875 0.481578
112.500000000 -8.675156 43.523873 82.222132 -0.408106 0.570888 -0.514905 0.492351
113.000000000 -9.160367 43.688047 82.058990 -0.403095 0.573039 -0.519134 0.489530
113.100000000 -9.115929 43.706492 81.990918 -0.402571 0.574637 -0.520873 0.486231
113.500000000 -9.159325 43.828376 81.692628 -0.406288 0.573913 -0.514377 0.490887
113.700000000 -9.408389 43.938198 81.745591 -0.413666 0.567666 -0.505365 0.501241
114.800000000 -10.153181 44.225476 81.334110 -0.410561 0.569114 -0.505733 0.501781
114.900000000 -10.162905 44.243599 81.300298 -0.410834 0.569688 -0.505253 0.501388
115.300000000 -10.295518 44.316638 81.167720 -0.413555 0.568987 -0.502904 0.502310
115.700000000 -10.544880 44.379523 81.286799 -0.417261 0.570677 -0.499252 0.500967
116.200000000 -10.830101 44.518881 81.214858 -0.420791 0.566999 -0.494846 0.506532
116.400000000 -11.088374 44.591880 81.305486 -0.424233 0.564033 -0.489597 0.512043
116.500000000 -11.144141 44.618393 81.285647 -0.424618 0.563888 -0.488860 0.512587
117.400000000 -11.717316 44.898452 81.257189 -0.426375 0.560107 -0.485463 0.518469
117.700000000 -11.870785 44.982881 81.332479 -0.426358 0.560378 -0.486447 0.517266
118.000000000 -12.172218 45.055501 81.641212 -0.425021 0.561749 -0.489817 0.513687
118.100000000 -12.285286 45.061006 81.853464 -0.422807 0.562908 -0.494032 0.510197
118.200000000 -12.413008 45.096873 81.990874 -0.423226 0.561909 -0.492929 0.512014
118.400000000 -12.616148 45.166575 82.189693 -0.421459 0.561989 -0.495986 0.510429
118.800000000 -12.948473 45.379384 82.246461 -0.421873 0.562530 -0.496862 0.508637
118.900000000 -12.980118 45.414946 82.277587 -0.422487 0.562533 -0.495998 0.508968
119.100000000 -13.093670 45.502251 82.311694 -0.422348 0.564609 -0.497716 0.505091
119.400000000 -13.305861 45.663558 82.480243 -0.424205 0.562079 -0.495366 0.508655
119.500000000 -13.390310 45.699844 82.589310 -0.424550 0.560870 -0.494305 0.510729
119.800000000 -13.696335 45.861670 82.651856 -0.424956 0.560940 -0.494708 0.509923
120.000000000 -12.857191 45.925718 82.339439 -0.453446 0.586675 -0.464591 0.484103
120.100000000 -12.861876 45.950435 82.480138 -0.453448 0.585996 -0.464639 0.484876
120.300000000 -13.084890 46.048608 82.632797 -0.454145 0.584539 -0.463150 0.487400
120.400000000 -13.158663 46.086281 82.703660 -0.453026 0.584220 -0.465277 0.486797
120.500000000 -13.154034 46.114950 82.795771 -0.452714 0.584051 -0.466098 0.486506
121.000000000 -13.692441 46.349730 82.963425 -0.453732 0.585687 -0.465747 0.483919
121.400000000 -13.877519 46.499120 83.283252 -0.454838 0.582445 -0.464686 0.487798
121.700000000 -14.450454 46.646137 83.323643 -0.457164 0.582891 -0.460335 0.489214
122.200000000 -14.671570 46.772548 83.656778 -0.456370 0.582488 -0.461752 0.489101
123.300000000 -16.043214 47.058587 84.059381 -0.460812 0.579621 -0.451806 0.497557
123.600000000 -16.416297 47.071880 84.107056 -0.460994 0.580833 -0.451038 0.496672
123.700000000 -16.505254 47.083350 84.176818 -0.461746 0.579542 -0.448842 0.499463
124.100000000 -17.022013 47.059521 84.214246 -0.461382 0.580521 -0.449399 0.498159
124.300000000 -17.186820 47.028575 84.273862 -0.461587 0.579461 -0.448276 0.500211
124.400000000 -17.324747 47.010924 84.292755 -0.461336 0.578680 -0.447933 0.501652
124.500000000 -17.532051 46.999253 84.301619 -0.461216 0.577566 -0.447125 0.503762
125.500000000 -18.738873 46.579836 84.296653 -0.462150 0.579569 -0.442118 0.505023
125.800000000 -19.103858 46.366708 84.244647 -0.462784 0.582614 -0.441205 0.501727
125.900000000 -19.474038 46.330128 84.212660 -0.460434 0.578588 -0.442376 0.507485
126.000000000 -19.721463 46.275514 84.190487 -0.459655 0.576514 -0.441831 0.511013
126.200000000 -19.466370 46.074695 84.264184 -0.462031 0.581658 -0.440760 0.503917
126.400000000 -19.896755 45.943912 84.189460 -0.462936 0.581077 -0.438300 0.505898
126.500000000 -19.991652 45.865324 84.187575 -0.462937 0.580969 -0.437879 0.506385
126.700000000 -20.062863 45.659140 84.154899 -0.460864 0.583095 -0.441334 0.502821
127.600000000 -21.216028 44.846785 83.912348 -0.460362 0.586015 -0.440647 0.500484
127.700000000 -21.286153 44.753079 83.908917 -0.460519 0.585940 -0.440345 0.500693
128.400000000 -20.943984 44.071497 84.216657 -0.459933 0.582608 -0.439138 0.506150
128.800000000 -21.614410 43.756322 84.091601 -0.461735 0.582001 -0.434186 0.509468
129.300000000 -22.225467 43.342124 83.968544 -0.459772 0.582631 -0.434910 0.509906
130.700000000 -24.042250 42.461346 83.755059 -0.460724 0.581033 -0.430541 0.514557
130.800000000 -24.068128 42.400450 83.733804 -0.460117 0.582351 -0.432022 0.512364
130.900000000 -24.306182 42.377779 83.677646 -0.461361 0.580108 -0.428751 0.516521
131.100000000 -24.667611 42.274514 83.650259 -0.460764 0.582292 -0.430773 0.512900
131.300000000 -24.753945 42.177578 83.677027 -0.460022 0.583038 -0.432732 0.511067
131.600000000 -24.774187 42.076452 83.644165 -0.458441 0.585954 -0.437115 0.505390
131.900000000 -24.592380 42.008831 83.650631 -0.460648 0.587003 -0.433835 0.504992
132.000000000 -24.799594 42.020470 83.436368 -0.464205 0.590482 -0.430151 0.500814
132.100000000 -24.848498 41.996306 83.450201 -0.462672 0.590682 -0.432704 0.499797
132.400000000 -25.000553 41.915470 83.570711 -0.458585 0.591936 -0.439716 0.495945
132.600000000 -25.045148 41.897157 83.622262 -0.458703 0.591841 -0.438851 0.496715
132.800000000 -25.073011 41.880233 83.646626 -0.457768 0.593360 -0.440911 0.493933
132.900000000 -25.096031 41.871824 83.684079 -0.458266 0.593304 -0.439955 0.494391
133.100000000 -25.221375 41.866298 83.730582 -0.457007 0.593219 -0.441529 0.494255
133.200000000 -25.183517 41.868076 83.821994 -0.457210 0.591978 -0.440344 0.496606
133.300000000 -25.233821 41.853311 83.901671 -0.454943 0.592831 -0.444154 0.494273
133.400000000 -25.015721 41.891643 83.901248 -0.457685 0.592228 -0.439528 0.496595
133.500000000 -25.720242 41.950036 83.544973 -0.460483 0.595748 -0.437739 0.491349
133.600000000 -25.704548 41.946565 83.663232 -0.460089 0.595140 -0.437940 0.492275
133.900000000 -25.589184 41.970012 83.817903 -0.458538 0.596731 -0.440619 0.489397
134.500000000 -26.164845 42.159836 83.782623 -0.459972 0.596170 -0.439869 0.489410
134.600000000 -26.336671 42.105776 84.058565 -0.454612 0.596387 -0.448077 0.486701
135.200000000 -26.723119 42.490443 83.340595 -0.464091 0.599605 -0.434582 0.486037
135.500000000 -26.065160 42.814688 82.625494 -0.540407 0.638173 -0.336569 0.432917
135.600000000 -26.185695 42.836815 82.751428 -0.539816 0.637258 -0.337038 0.434633
135.700000000 -26.292115 42.873627 82.772519 -0.540280 0.638285 -0.337730 0.432006
136.000000000 -26.628033 42.946577 83.122817 -0.537283 0.636786 -0.345132 0.432104
136.200000000 -26.846686 43.021483 83.292512 -0.536226 0.636693 -0.347148 0.431939
136.400000000 -27.054799 43.137588 83.213133 -0.539505 0.639520 -0.344100 0.426080
136.500000000 -27.163676 43.166862 83.327476 -0.539219 0.639089 -0.345045 0.426323
136.600000000 -27.264304 43.208129 83.407551 -0.538167 0.639167 -0.347920 0.425198
137.000000000 -27.693982 43.413637 83.615800 -0.538119 0.640876 -0.351583 0.419638
137.200000000 -27.899400 43.493491 83.857643 -0.534990 0.640297 -0.357116 0.419849
137.500000000 -28.268321 43.704550 83.933362 -0.538684 0.641627 -0.352725 0.416797
137.800000000 -28.556074 43.856372 84.315511 -0.534742 0.640964 -0.359246 0.417323
138.100000000 -28.660623 44.065347 84.464685 -0.534989 0.641165 -0.360324 0.415766
139.200000000 -30.656538 44.931869 85.485692 -0.540334 0.632063 -0.333500 0.444199
139.300000000 -31.017610 45.025949 85.711711 -0.543153 0.627833 -0.319953 0.456554
139.600000000 -30.990413 45.210514 85.947623 -0.542909 0.627429 -0.319155 0.457954
139.700000000 -31.195922 45.283203 86.039644 -0.543484 0.626359 -0.316049 0.460882
141.700000000 -29.474830 44.550384 85.730148 -0.620284 0.654602 -0.237894 0.360764
142.000000000 -29.547998 44.628617 85.930859 -0.624769 0.656258 -0.228641 0.355966
142.100000000 -29.474577 44.650158 85.968330 -0.624991 0.656575 -0.228656 0.354981
142.200000000 -29.398279 44.681139 85.975511 -0.625374 0.656894 -0.228239 0.353983
142.300000000 -29.424860 44.690005 86.065891 -0.625594 0.657038 -0.227539 0.353778
142.400000000 -29.848923 44.622107 86.432347 -0.625275 0.656974 -0.227842 0.354265
142.600000000 -29.824491 44.676800 86.419438 -0.626470 0.657216 -0.224606 0.353773
143.000000000 -30.446276 44.610722 86.965628 -0.625691 0.655744 -0.224348 0.358019
143.100000000 -30.427115 44.622326 86.964577 -0.626179 0.655882 -0.222959 0.357782
143.300000000 -30.793863 44.524058 87.381873 -0.625751 0.656119 -0.224173 0.357338
143.500000000 -30.835994 44.524793 87.403568 -0.626441 0.656343 -0.222318 0.356875
143.900000000 -31.260699 44.400555 87.786954 -0.626303 0.656510 -0.222107 0.356942
144.100000000 -31.669259 44.297514 88.097144 -0.625780 0.656109 -0.221320 0.359079
145.400000000 -34.266972 43.659652 89.127384 -0.584215 0.628032 -0.270139 0.437371
145.500000000 -33.294853 43.630015 89.277883 -0.624663 0.655247 -0.214407 0.366710
145.600000000 -33.483523 43.571955 89.370602 -0.624504 0.654951 -0.213172 0.368227
146.000000000 -33.934432 43.341865 89.636157 -0.624416 0.655271 -0.211745 0.368631
146.100000000 -34.169039 43.272648 89.723269 -0.623934 0.654832 -0.211414 0.370413
146.400000000 -34.462481 43.095957 89.947046 -0.624627 0.655095 -0.209593 0.369814
146.500000000 -34.774708 43.009396 90.091288 -0.624014 0.654472 -0.208302 0.372670
146.600000000 -34.978164 42.945885 90.164097 -0.623637 0.654053 -0.207129 0.374685
147.000000000 -35.052148 42.683339 90.484178 -0.624013 0.655858 -0.208634 0.370041
147.200000000 -35.597948 42.532741 90.675014 -0.622812 0.654842 -0.207277 0.374597
147.300000000 -35.683308 42.479676 90.715720 -0.622761 0.654840 -0.206829 0.374934
147.500000000 -35.709005 42.372788 90.863663 -0.623414 0.654565 -0.205409 0.375110
148.300000000 -36.159768 41.910540 91.336685 -0.624569 0.655842 -0.204365 0.371510
148.400000000 -36.346248 41.823978 91.444950 -0.624160 0.655986 -0.204465 0.371888
148.500000000 -36.561519 41.746782 91.580726 -0.623917 0.655179 -0.202895 0.374569
148.600000000 -36.705078 41.665327 91.680348 -0.623731 0.655187 -0.202882 0.374871
148.800000000 -36.896299 41.527063 91.836583 -0.623892 0.655023 -0.202421 0.375139
149.100000000 -37.086169 41.324132 92.043513 -0.624477 0.655508 -0.201512 0.373806
149.300000000 -37.261629 41.162413 92.185056 -0.623753 0.656255 -0.203294 0.372736
149.500000000 -37.433466 41.009216 92.343064 -0.623996 0.655854 -0.202705 0.373357
149.600000000 -37.517633 40.931787 92.405199 -0.624217 0.656298 -0.202461 0.372339
149.700000000 -37.650266 40.841156 92.492546 -0.624230 0.656209 -0.202507 0.372448
150.200000000 -38.012999 40.428827 92.819063 -0.625480 0.657065 -0.200494 0.369923
150.300000000 -38.349432 40.286610 93.007776 -0.624109 0.656417 -0.202007 0.372555
150.400000000 -38.725837 40.140400 93.187017 -0.623024 0.655813 -0.203613 0.374556
150.600000000 -38.346324 40.066216 93.139695 -0.625307 0.655960 -0.200825 0.371991
150.800000000 -38.510283 39.880421 93.263982 -0.625728 0.656904 -0.200960 0.369535
151.000000000 -38.536968 39.716063 93.363585 -0.626095 0.656841 -0.201611 0.368670
151.100000000 -38.734561 39.591495 93.527335 -0.620911 0.654112 -0.210516 0.377213
151.200000000 -38.567617 39.540962 93.507203 -0.622465 0.655146 -0.207855 0.374322
151.300000000 -38.530678 39.474288 93.510048 -0.623856 0.656052 -0.206964 0.370898
151.400000000 -38.528174 39.392108 93.539589 -0.624409 0.656770 -0.206821 0.368770
151.600000000 -38.616205 39.222942 93.658712 -0.624682 0.656700 -0.206319 0.368713
151.700000000 -38.805180 39.116019 93.785760 -0.624541 0.655919 -0.206226 0.370391
152.000000000 -39.059368 38.823048 94.006902 -0.624199 0.656804 -0.208017 0.368392
152.200000000 -39.251355 38.633264 94.167799 -0.624304 0.657277 -0.208414 0.367144
152.400000000 -39.314332 38.474836 94.298045 -0.624216 0.656816 -0.208571 0.368028
152.700000000 -39.546468 38.215597 94.497476 -0.626047 0.657872 -0.206473 0.364195
153.100000000 -39.660709 37.929990 94.754183 -0.626205 0.657311 -0.207037 0.364617
153.300000000 -39.901617 37.756024 94.950964 -0.626659 0.657181 -0.205408 0.364992
153.400000000 -40.132350 37.636325 95.099320 -0.625977 0.657491 -0.206372 0.365060
153.700000000 -40.119457 37.465687 95.202861 -0.628567 0.659910 -0.204493 0.357218
153.800000000 -40.205739 37.389731 95.290957 -0.628782 0.660010 -0.203608 0.357162
154.000000000 -40.158032 37.298137 95.452871 -0.626113 0.656222 -0.206707 0.366917
154.200000000 -40.462813 37.130518 95.619247 -0.628958 0.660281 -0.203660 0.356318
154.300000000 -40.581281 37.051731 95.729253 -0.628959 0.660632 -0.204019 0.355460
154.500000000 -40.976582 36.895315 96.042650 -0.627794 0.658910 -0.203280 0.361095
154.700000000 -40.804842 36.808336 96.130141 -0.624365 0.659092 -0.212974 0.361120
155.200000000 -40.817604 36.668608 96.449238 -0.627058 0.657056 -0.205437 0.364516
155.300000000 -40.904701 36.623367 96.538320 -0.627830 0.656709 -0.204319 0.364439
155.400000000 -41.108950 36.552063 96.699769 -0.627541 0.656407 -0.203914 0.365707
155.500000000 -40.953912 36.525407 96.773677 -0.620277 0.653946 -0.218669 0.373892
155.600000000 -41.334030 36.414261 97.033913 -0.618933 0.653251 -0.220263 0.376391
155.700000000 -41.404135 36.376487 97.110497 -0.618779 0.653457 -0.222075 0.375219
155.800000000 -41.509667 36.336699 97.212113 -0.618683 0.653376 -0.222058 0.375528
155.900000000 -41.617554 36.299809 97.307758 -0.618474 0.653185 -0.222010 0.376234
156.300000000 -41.787222 36.214395 97.608680 -0.620769 0.653799 -0.217782 0.373849
156.400000000 -41.726323 36.216490 97.622826 -0.620943 0.654176 -0.218609 0.372416
156.600000000 -42.118757 36.118002 97.919051 -0.620742 0.654083 -0.218915 0.372734
156.800000000 -41.941426 36.156811 97.928781 -0.623647 0.655415 -0.214197 0.368259
156.900000000 -41.978471 36.143747 97.997978 -0.624077 0.655921 -0.213708 0.366912
157.200000000 -41.748100 36.181854 98.044685 -0.626378 0.658643 -0.212945 0.358462
157.300000000 -41.754590 36.158964 98.241729 -0.620643 0.655673 -0.222871 0.367727
157.600000000 -41.697812 36.197648 98.420283 -0.621242 0.654976 -0.220952 0.369114
157.900000000 -41.413135 36.273229 98.522664 -0.621031 0.654812 -0.222836 0.368627
158.100000000 -41.251761 36.333761 98.574816 -0.622566 0.655428 -0.220351 0.366430
158.300000000 -41.134867 36.379966 98.697930 -0.621744 0.654261 -0.221838 0.369005
158.500000000 -41.193507 36.403402 98.844028 -0.622637 0.654336 -0.220051 0.368436
158.700000000 -41.301039 36.412568 99.033280 -0.622761 0.654126 -0.219026 0.369209
159.100000000 -41.909576 36.341708 99.580246 -0.619962 0.653071 -0.224935 0.372221
159.400000000 -42.193286 36.331732 99.836949 -0.619008 0.653818 -0.229960 0.369417
159.600000000 -42.417349 36.339516 100.031194 -0.621066 0.654461 -0.225655 0.367475
159.900000000 -42.667175 36.384574 100.154243 -0.622686 0.655604 -0.222317 0.364721
160.300000000 -43.291364 36.337017 100.728360 -0.619608 0.653944 -0.226172 0.370526
160.400000000 -43.286600 36.334528 100.859553 -0.620861 0.655059 -0.225914 0.366595
160.800000000 -43.808803 36.340751 101.180934 -0.619782 0.654384 -0.225814 0.369676
161.100000000 -44.225256 36.382535 101.223171 -0.619063 0.653532 -0.223473 0.373787
161.200000000 -44.300907 36.356452 101.445773 -0.620054 0.654126 -0.223037 0.371359
161.500000000 -44.714396 36.379091 101.508098 -0.619979 0.654214 -0.220483 0.372852
161.800000000 -45.148910 36.340019 101.866094 -0.619236 0.653617 -0.220036 0.375387
162.000000000 -45.337863 36.331703 102.076735 -0.619740 0.653136 -0.217670 0.376770
162.100000000 -45.419422 36.321792 102.174963 -0.620030 0.653453 -0.217594 0.375787
162.600000000 -45.192195 36.436268 102.160561 -0.623176 0.656661 -0.216407 0.365536
163.000000000 -44.485150 36.568775 102.418138 -0.618362 0.651467 -0.227761 0.375957
163.200000000 -44.823142 36.500396 102.687965 -0.617653 0.651679 -0.228028 0.376595
163.300000000 -44.854373 36.506890 102.712819 -0.618186 0.651804 -0.226852 0.376213
163.400000000 -45.045281 36.465102 102.898834 -0.618090 0.651260 -0.225575 0.378074
163.600000000 -45.236688 36.433422 103.044938 -0.618301 0.651693 -0.225388 0.377094
163.700000000 -45.346613 36.417078 103.130075 -0.618439 0.651557 -0.224738 0.377491
163.800000000 -45.425067 36.405365 103.194420 -0.618706 0.651570 -0.224211 0.377344
163.900000000 -45.636370 36.359565 103.351928 -0.618574 0.651483 -0.224051 0.377805
164.000000000 -45.723502 36.337061 103.437309 -0.618807 0.651633 -0.223952 0.377224
164.100000000 -45.781232 36.326203 103.471882 -0.619295 0.652035 -0.223499 0.375995
164.300000000 -45.906729 36.285224 103.651263 -0.618173 0.651365 -0.226000 0.377503
164.400000000 -46.015212 36.260462 103.739789 -0.618128 0.651253 -0.225880 0.377843
164.800000000 -46.516967 36.121002 104.139142 -0.618380 0.651605 -0.227214 0.376020
165.100000000 -46.536161 36.091881 104.207142 -0.619031 0.652338 -0.227854 0.373279
165.400000000 -47.174857 35.903576 104.631538 -0.618562 0.653086 -0.232143 0.370093
165.800000000 -47.424886 35.779889 104.995512 -0.616934 0.651962 -0.236455 0.372057
166.000000000 -47.761259 35.667507 105.201891 -0.616135 0.652476 -0.240193 0.370082
166.200000000 -47.966180 35.589753 105.306577 -0.616463 0.653545 -0.242064 0.366411
166.300000000 -48.130548 35.542184 105.415285 -0.615958 0.653246 -0.242402 0.367568
166.400000000 -48.117953 35.531309 105.433212 -0.616196 0.653241 -0.241782 0.367588
166.600000000 -48.156270 35.473090 105.573592 -0.614885 0.652782 -0.244950 0.368500
166.700000000 -48.349147 35.415685 105.691516 -0.613979 0.652428 -0.247408 0.368995
167.000000000 -48.515748 35.337583 105.924542 -0.614836 0.651510 -0.244572 0.371074
167.400000000 -48.757304 35.209595 106.139006 -0.617789 0.653973 -0.241556 0.363739
167.500000000 -48.969270 35.157498 106.255842 -0.616931 0.653333 -0.242154 0.365942
167.600000000 -49.222448 35.072044 106.427942 -0.615931 0.653517 -0.246184 0.364607
167.800000000 -49.589330 34.954856 106.692971 -0.616455 0.654254 -0.245424 0.362907
168.100000000 -49.506299 34.892122 106.747132 -0.616493 0.654799 -0.246635 0.361034
168.200000000 -49.751607 34.842484 106.875175 -0.615895 0.654213 -0.246640 0.363108
168.300000000 -50.083985 34.751664 107.100155 -0.615868 0.654614 -0.247289 0.361987
168.500000000 -50.155633 34.719324 107.160994 -0.616719 0.654097 -0.243582 0.363981
168.700000000 -50.205866 34.647795 107.308745 -0.615896 0.654145 -0.246805 0.363116
168.900000000 -49.902113 34.667524 107.229686 -0.617656 0.654883 -0.243994 0.360689
169.000000000 -50.105230 34.613577 107.325383 -0.616863 0.654617 -0.245624 0.361420
169.100000000 -50.261940 34.582110 107.381347 -0.616322 0.653839 -0.244756 0.364331
169.200000000 -50.583880 34.482187 107.661794 -0.615624 0.654087 -0.247382 0.363290
169.400000000 -50.486880 34.450846 107.713117 -0.615814 0.654399 -0.247940 0.362023
169.500000000 -50.654505 34.412676 107.827449 -0.615820 0.653931 -0.247005 0.363495
169.600000000 -50.857904 34.372683 107.904026 -0.615702 0.653630 -0.246817 0.364362
169.700000000 -51.141835 34.308386 108.117916 -0.615020 0.652860 -0.246917 0.366820
169.800000000 -51.287439 34.274038 108.202502 -0.614993 0.652605 -0.245757 0.368095
169.900000000 -51.324661 34.254374 108.276471 -0.615090 0.652136 -0.244023 0.369913
170.000000000 -51.409447 34.225778 108.334817 -0.614989 0.651879 -0.243694 0.370751
170.100000000 -51.537737 34.185125 108.463936 -0.614810 0.651545 -0.244043 0.371404
170.200000000 -51.467608 34.171295 108.498569 -0.615010 0.651846 -0.244309 0.370368
170.400000000 -51.692013 34.101187 108.700639 -0.614255 0.651295 -0.245041 0.372103
170.500000000 -51.907953 34.055295 108.807221 -0.614624 0.651532 -0.243114 0.372343
170.600000000 -52.117230 34.022648 108.838597 -0.614978 0.651727 -0.242039 0.372117
170.700000000 -51.692841 34.050032 108.798881 -0.615956 0.652476 -0.241817 0.369321
170.800000000 -51.639339 34.054836 108.740074 -0.616579 0.652763 -0.240949 0.368341
171.400000000 -50.657853 34.116741 108.584436 -0.620347 0.653463 -0.237812 0.362768
171.500000000 -50.644802 34.119231 108.561440 -0.620791 0.653225 -0.236505 0.363293
172.300000000 -49.967311 34.098462 108.792669 -0.621509 0.652828 -0.239040 0.361112
172.400000000 -49.952217 34.097709 108.856546 -0.622063 0.652289 -0.237577 0.362097
172.500000000 -49.944076 34.111150 108.794459 -0.622782 0.652048 -0.235666 0.362543
172.700000000 -50.338706 34.034049 108.972822 -0.622100 0.652136 -0.236203 0.363207
173.100000000 -51.023928 33.939681 109.252070 -0.622948 0.652212 -0.231191 0.364838
173.200000000 -50.915685 33.970328 109.162733 -0.623903 0.652329 -0.229454 0.364092
173.700000000 -51.438122 33.862730 109.580541 -0.623354 0.651807 -0.228959 0.366272
174.100000000 -51.577770 33.828730 109.823230 -0.623034 0.650630 -0.227758 0.369643
174.600000000 -52.408611 33.691593 110.488903 -0.622355 0.649496 -0.225339 0.374234
174.700000000 -52.709597 33.657994 110.622713 -0.624021 0.650864 -0.221406 0.371420
174.900000000 -52.624115 33.663218 110.719766 -0.624039 0.650314 -0.220996 0.372596
175.000000000 -52.612752 33.659991 110.733571 -0.624055 0.650274 -0.220826 0.372740
175.300000000 -52.695235 33.639592 110.926720 -0.623466 0.649433 -0.220996 0.375084
175.400000000 -52.705953 33.645322 110.950237 -0.623585 0.649316 -0.220243 0.375530
175.900000000 -53.093991 33.625747 110.888254 -0.624733 0.650819 -0.219277 0.371566
176.000000000 -53.089231 33.633213 110.912584 -0.624715 0.650639 -0.218416 0.372416
176.100000000 -53.018191 33.638775 110.927836 -0.624920 0.650636 -0.218161 0.372229
176.200000000 -52.881660 33.637962 111.059876 -0.624807 0.650670 -0.218204 0.372332
176.300000000 -52.931565 33.629595 111.176345 -0.624456 0.649976 -0.218541 0.373934
176.500000000 -53.016660 33.640708 111.032316 -0.624838 0.650711 -0.218916 0.371790
176.600000000 -53.401879 33.590616 111.246708 -0.625529 0.651430 -0.216788 0.370614
176.700000000 -53.131453 33.620832 111.305777 -0.625372 0.650696 -0.215395 0.372974
177.000000000 -51.847015 33.722640 111.240777 -0.640004 0.664311 -0.195109 0.333194
177.100000000 -51.729345 33.746966 111.160661 -0.640453 0.664623 -0.193952 0.332383
177.400000000 -51.467463 33.815560 110.900645 -0.641674 0.665146 -0.192055 0.330076
177.500000000 -51.396111 33.831123 110.874881 -0.642016 0.665323 -0.191672 0.329275
177.600000000 -51.378661 33.830161 110.958771 -0.641803 0.664979 -0.192169 0.330096
177.700000000 -51.274667 33.847098 110.935734 -0.641999 0.665098 -0.192218 0.329444
177.800000000 -51.142397 33.875165 110.831390 -0.642679 0.665492 -0.191732 0.327601
178.200000000 -50.929988 33.974856 110.346236 -0.644378 0.666646 -0.189322 0.323292
178.300000000 -51.189078 33.954888 110.395993 -0.645696 0.667747 -0.185351 0.320680
178.400000000 -51.008666 34.070109 109.609541 -0.647896 0.669459 -0.181529 0.314805
178.500000000 -51.099563 34.152422 108.973902 -0.664173 0.682064 -0.141375 0.271434
178.800000000 -50.820039 34.272927 108.286592 -0.683957 0.695281 -0.085467 0.203674
179.000000000 -51.152453 34.288864 108.028898 -0.685906 0.696969 -0.077649 0.194262
179.100000000 -51.076410 34.303767 108.036382 -0.685858 0.696811 -0.076552 0.195429
179.300000000 -51.416345 34.316167 107.809810 -0.692165 0.700825 -0.050663 0.164879
179.600000000 -51.403802 34.303011 108.112459 -0.694905 0.702870 -0.033540 0.148175
179.700000000 -51.389513 34.302858 108.240520 -0.694488 0.702925 -0.032247 0.150144
179.900000000 -51.668136 34.236878 108.681543 -0.696806 0.705301 -0.013613 0.129716
180.100000000 -51.709062 34.209742 108.938935 -0.696583 0.705563 -0.013392 0.129509
180.400000000 -51.630107 34.180141 109.350339 -0.696049 0.705406 -0.015674 0.132937
180.800000000 -51.741343 34.118693 109.829324 -0.696047 0.705803 -0.015017 0.130898
181.200000000 -51.804849 34.073351 110.213146 -0.695930 0.705717 -0.016016 0.131862
181.300000000 -51.691371 34.094670 110.208963 -0.695588 0.705526 -0.015703 0.134700
181.400000000 -51.725718 34.093292 110.205760 -0.695763 0.705684 -0.014384 0.133106
181.500000000 -51.813539 34.064228 110.422047 -0.695711 0.705907 -0.012605 0.132375
181.800000000 -51.868254 34.027934 110.615052 -0.699235 0.707487 0.007550 0.102356
182.900000000 -51.617159 33.966233 111.178088 -0.703870 0.707027 0.045171 0.051376
183.000000000 -51.603609 33.947303 111.362927 -0.703531 0.707251 0.045328 0.052770
183.300000000 -51.889536 33.919059 111.368985 0.705387 -0.704981 -0.071383 -0.018297
183.600000000 -52.170050 33.983144 111.093586 0.696079 -0.680422 -0.201244 0.109545
183.900000000 -52.084966 33.936747 110.960833 0.675827 -0.616022 -0.306587 0.264156
184.000000000 -51.906845 33.930475 111.114182 0.675520 -0.616636 -0.307013 0.263011
184.200000000 -51.633408 33.926576 111.317703 0.674949 -0.618402 -0.307458 0.259794
184.300000000 -51.562185 33.918272 111.410758 0.674751 -0.618657 -0.307732 0.259376
184.500000000 -51.401204 33.901460 111.629787 0.673615 -0.619187 -0.309626 0.258809
184.700000000 -51.280647 33.890934 111.808962 0.671394 -0.619866 -0.313240 0.258605
184.800000000 -51.174570 33.893390 111.886725 0.671047 -0.620745 -0.313634 0.256915
185.000000000 -50.981929 33.879376 112.120295 0.669041 -0.621341 -0.316917 0.256679
185.300000000 -50.733817 33.872068 112.362063 0.668074 -0.624118 -0.317508 0.251681
185.400000000 -50.753282 33.861754 112.393284 0.665830 -0.622480 -0.321970 0.255976
185.500000000 -50.598411 33.875874 112.455985 0.664403 -0.624779 -0.323569 0.252038
185.600000000 -50.551784 33.884604 112.481159 0.663190 -0.625850 -0.325396 0.250215
185.700000000 -50.466425 33.871089 112.645810 0.662482 -0.628496 -0.325147 0.245744
186.000000000 -50.201601 33.857195 112.911937 0.658330 -0.630503 -0.331093 0.243812
186.200000000 -49.885652 33.852040 113.177160 0.651909 -0.632863 -0.340364 0.242180
186.300000000 -49.761855 33.853994 113.301352 0.651729 -0.637581 -0.338715 0.232405
186.400000000 -49.737558 33.835121 113.367418 0.651017 -0.636235 -0.340077 0.236071
186.600000000 -49.543059 33.829983 113.504509 0.647934 -0.637800 -0.344207 0.234339
186.800000000 -49.221882 33.815652 113.792253 0.644999 -0.643402 -0.346236 0.223898
187.200000000 -48.994546 33.811726 113.899161 -0.639361 0.643094 0.354631 -0.227782
187.300000000 -48.752799 33.780100 114.125029 -0.640932 0.646031 0.350854 -0.220797
187.500000000 -48.716873 33.771690 114.210455 -0.639076 0.647356 0.353549 -0.217979
188.000000000 -49.152697 33.899171 113.111462 0.614869 -0.566277 -0.428795 0.342639
188.200000000 -49.482961 33.916760 112.717380 0.619358 -0.565349 -0.424918 0.340912
188.300000000 -49.820301 33.892953 112.439214 0.632139 -0.566062 -0.409317 0.335311
188.400000000 -49.861182 33.892672 112.361639 0.632306 -0.566760 -0.408947 0.334268
188.700000000 -49.787608 33.887235 112.321884 0.631214 -0.568939 -0.408748 0.332871
189.000000000 -49.568181 33.890470 112.342062 0.622879 -0.566313 -0.418872 0.340379
189.400000000 -48.471608 33.801962 113.146486 0.580745 -0.551998 -0.467544 0.373411
189.700000000 -47.609083 33.684049 113.323194 0.645960 -0.639772 -0.354420 0.218665
190.000000000 -47.333459 33.649120 113.044141 0.634704 -0.629020 -0.379572 0.239603
190.100000000 -47.516178 33.675710 113.056316 0.654798 -0.651162 -0.330281 0.195303
190.400000000 -47.707069 33.693810 113.021706 0.671134 -0.650375 -0.293983 0.200412
190.700000000 -47.733311 33.609998 113.466692 0.653156 -0.636129 -0.340090 0.230361
190.800000000 -47.829906 33.561796 113.574366 0.657629 -0.645721 -0.321861 0.216735
191.400000000 -47.006589 33.280819 115.364671 0.645367 -0.641707 -0.343165 0.232273
191.600000000 -46.834162 33.140473 115.961002 -0.616572 0.638799 0.398672 -0.229861
191.800000000 -46.633711 32.911615 116.380454 -0.585886 0.674658 0.410356 -0.182161
191.900000000 -46.701176 32.897878 116.379046 -0.582923 0.677623 0.409859 -0.181778
192.000000000 -46.597542 32.686657 116.596847 -0.554616 0.695578 0.430141 -0.153463
192.300000000 -46.900640 32.931224 116.468387 -0.602610 0.662885 0.400251 -0.192987
192.700000000 -48.673314 33.388761 113.653613 0.655756 -0.651298 -0.318144 0.211138
192.900000000 -49.257963 33.471248 113.104509 0.681305 -0.642615 -0.275628 0.216564
193.100000000 -48.399084 33.166417 114.986108 -0.618793 0.664577 0.368281 -0.199503
193.200000000 -47.626211 32.818426 116.438005 -0.587578 0.683163 0.401700 -0.163332
193.900000000 -48.108414 32.862545 116.699961 -0.596756 0.668582 0.400258 -0.191502
194.000000000 -48.425622 32.963758 116.282102 -0.627498 0.650151 0.366650 -0.221627
194.100000000 -48.486828 32.983483 116.293580 -0.625201 0.646756 0.374791 -0.224414
194.200000000 -48.593777 32.993914 116.266836 -0.618698 0.649769 0.382414 -0.220845
194.500000000 -49.131832 33.083375 115.508667 -0.656752 0.664406 0.304443 -0.185891
194.700000000 -49.581972 33.107238 115.442474 0.645869 -0.642162 -0.340993 0.232820
194.800000000 -49.557244 33.069284 115.720510 0.644188 -0.633450 -0.343736 0.256143
194.900000000 -49.884956 33.121295 115.302428 0.647929 -0.645920 -0.336936 0.222373
195.100000000 -50.004585 33.090859 115.334699 0.647501 -0.638377 -0.334298 0.247916
195.700000000 -50.381985 33.109830 115.744229 0.648308 -0.635525 -0.333522 0.254103
196.000000000 -50.439143 33.065799 115.987137 0.652667 -0.645560 -0.324069 0.228599
196.500000000 -50.213010 32.927529 117.061948 0.639121 -0.636787 -0.354366 0.245868
197.300000000 -50.222037 32.868573 117.959960 0.626492 -0.626377 -0.379215 0.267125
197.400000000 -50.621898 33.015606 117.180133 -0.644154 0.644199 0.345391 -0.225339
197.500000000 -50.705325 33.006156 117.314436 0.637510 -0.634101 -0.360814 0.247607
197.800000000 -50.830404 32.999258 117.352610 -0.632058 0.633166 0.373166 -0.245665
197.900000000 -50.929157 33.049908 117.212631 -0.637872 0.637927 0.362428 -0.234126
198.000000000 -50.991572 33.046626 117.286639 0.639127 -0.636962 -0.360059 0.236966
198.200000000 -51.021266 33.040156 117.413139 -0.637643 0.638028 0.363707 -0.232484
198.300000000 -51.093097 33.062708 117.364785 0.641809 -0.636802 -0.356025 0.236242
198.400000000 -51.091816 33.057210 117.436842 0.641512 -0.637626 -0.356577 0.233983
198.500000000 -51.167390 33.065544 117.422759 0.643985 -0.639557 -0.351290 0.229882
198.800000000 -51.252660 33.077142 117.376811 0.646906 -0.642958 -0.343922 0.223238
199.600000000 -51.394092 33.108208 117.507457 0.637735 -0.628218 -0.364653 0.256251
199.700000000 -51.661682 33.146269 117.184675 0.640815 -0.628090 -0.359829 0.255699
199.800000000 -51.873846 33.183411 116.846113 0.642072 -0.627965 -0.358042 0.255362
199.900000000 -52.019135 33.260068 116.285554 0.649761 -0.632867 -0.342937 0.244302
200.000000000 -52.156927 33.260918 116.245191 0.651930 -0.633276 -0.339033 0.242910
200.100000000 -52.167369 33.258004 116.289865 0.651715 -0.633215 -0.339954 0.242358
200.200000000 -52.155004 33.260984 116.317803 0.650292 -0.634119 -0.342475 0.240260
200.300000000 -52.134140 33.263312 116.365374 0.650876 -0.634237 -0.341431 0.239851
200.800000000 -52.136466 33.287115 116.265920 0.650380 -0.630961 -0.343594 0.246652
200.900000000 -52.322894 33.290077 116.114188 0.650467 -0.627346 -0.344930 0.253678
201.000000000 -52.384336 33.297288 116.049570 0.650549 -0.627043 -0.345072 0.254023
201.200000000 -52.572346 33.312633 115.784084 0.653253 -0.625564 -0.341387 0.255706
201.500000000 -52.756856 33.356606 115.242424 0.659150 -0.624006 -0.331588 0.257269
201.600000000 -52.876854 33.373680 115.037240 0.660997 -0.624202 -0.328463 0.256061
201.700000000 -52.905011 33.369946 115.043283 0.660895 -0.623902 -0.328802 0.256620
201.800000000 -52.883065 33.368541 115.099978 0.659781 -0.622813 -0.331427 0.258746
201.900000000 -52.895801 33.375693 115.093975 0.659618 -0.623399 -0.331874 0.257172
202.000000000 -53.047633 33.379764 114.862722 0.668113 -0.630943 -0.312900 0.240062
202.600000000 -53.405669 33.228818 115.496931 0.609440 -0.551397 -0.423418 0.381132
202.700000000 -53.330331 33.324918 114.974313 0.667290 -0.623791 -0.318707 0.253050
202.800000000 -53.351747 33.323062 114.923153 0.667747 -0.622122 -0.318841 0.255769
202.900000000 -53.330961 33.330072 114.901465 0.668537 -0.623611 -0.316892 0.252482
203.100000000 -53.626249 33.251663 115.130101 0.672107 -0.624098 -0.310104 0.250220
203.200000000 -53.479073 33.250719 115.142393 0.633768 -0.573124 -0.389007 0.344297
203.300000000 -53.401265 33.280077 115.073049 0.670191 -0.621571 -0.315479 0.254886
203.400000000 -53.354330 33.272061 115.183996 0.671063 -0.623553 -0.313252 0.250460
203.600000000 -53.291855 33.208713 115.618007 0.612084 -0.550381 -0.422775 0.379071
203.900000000 -53.413551 33.246472 115.177047 0.671238 -0.619073 -0.315991 0.257563
204.100000000 -53.533852 33.324192 114.443946 0.671486 -0.613198 -0.318593 0.267568
204.300000000 -53.642345 33.355126 114.069906 0.675226 -0.615740 -0.310968 0.261216
204.400000000 -53.759872 33.311410 114.298320 0.676189 -0.617236 -0.308438 0.258176
204.500000000 -53.697809 33.254849 114.718413 0.675525 -0.616704 -0.310028 0.259280
204.700000000 -53.548375 33.226192 115.035632 0.627715 -0.559687 -0.402827 0.361185
204.800000000 -53.754062 33.320682 114.061397 0.673562 -0.610626 -0.316696 0.270470
204.900000000 -53.734513 33.302098 114.180218 0.673563 -0.610078 -0.317106 0.271221
205.100000000 -53.829505 33.253094 114.448579 0.675910 -0.613135 -0.311535 0.264872
205.200000000 -53.672330 33.215372 114.826716 0.674793 -0.612644 -0.314097 0.265830
205.300000000 -53.633537 33.183427 115.047402 0.674069 -0.611673 -0.315884 0.267776
205.400000000 -53.589595 33.175514 115.117597 0.674113 -0.612470 -0.315481 0.266318
205.500000000 -53.586771 33.170779 115.130245 0.674533 -0.612871 -0.314598 0.265371
205.600000000 -53.545805 33.149872 115.273776 0.674227 -0.612569 -0.315232 0.266095
205.700000000 -53.527222 33.135691 115.355594 0.674294 -0.612886 -0.314848 0.265648
205.800000000 -53.483573 33.117400 115.534313 0.673548 -0.613909 -0.315768 0.264082
206.100000000 -53.516802 33.109660 115.513750 0.621996 -0.550058 -0.412521 0.374677
206.200000000 -53.854379 33.155006 114.883309 0.675200 -0.611774 -0.313668 0.267302
206.300000000 -53.834990 33.140956 114.950993 0.674854 -0.610970 -0.314437 0.269105
206.400000000 -53.930808 33.119856 115.003217 0.675781 -0.611951 -0.312202 0.267146
206.600000000 -53.812516 33.080893 115.360044 0.673944 -0.612210 -0.315256 0.267604
206.700000000 -53.818808 33.071742 115.388381 0.674116 -0.612021 -0.314970 0.267941
206.900000000 -53.811526 33.071911 115.321668 0.674074 -0.611545 -0.315101 0.268975
207.000000000 -53.874919 33.077687 115.233371 0.673829 -0.611405 -0.315521 0.269415
207.100000000 -53.989048 33.067982 115.186330 0.674349 -0.611488 -0.314320 0.269331
207.400000000 -54.090691 33.056631 115.126439 0.674278 -0.610948 -0.314240 0.270824
207.500000000 -54.176368 33.054451 115.074950 0.674384 -0.611475 -0.313616 0.270093
207.800000000 -54.321969 33.049734 114.940850 0.674216 -0.611352 -0.313484 0.270941
208.000000000 -54.411508 33.041981 114.956507 0.672493 -0.610665 -0.316464 0.273297
208.100000000 -54.630202 33.075066 114.593220 0.673008 -0.612146 -0.314669 0.270779
208.900000000 -54.915412 33.080596 114.381977 0.670559 -0.613647 -0.317013 0.270722
209.000000000 -55.125657 33.097396 114.173564 0.669957 -0.614341 -0.317455 0.270122
209.200000000 -55.464860 33.138663 113.785399 0.669217 -0.616583 -0.317222 0.267103
209.800000000 -55.627718 33.030335 114.463553 0.666796 -0.615868 -0.320461 0.270914
209.900000000 -55.687627 33.060901 114.224168 0.667343 -0.617416 -0.318730 0.268070
210.000000000 -55.732169 33.057056 114.205649 0.667329 -0.617939 -0.318230 0.267494
210.600000000 -55.827665 32.955610 114.882132 0.665798 -0.618291 -0.319121 0.269426
211.100000000 -55.898227 32.898443 115.322533 0.664238 -0.618582 -0.320470 0.271005
211.300000000 -55.805597 32.915912 115.226451 0.665771 -0.620368 -0.316512 0.267793
211.400000000 -55.950004 32.943040 114.952607 0.666288 -0.620887 -0.315326 0.266701
211.600000000 -56.426483 32.996232 114.507052 0.664371 -0.622062 -0.317947 0.265633
211.800000000 -56.534057 33.018830 114.322846 0.664864 -0.623118 -0.316199 0.264004
211.900000000 -56.633340 33.032839 114.253702 0.663979 -0.624447 -0.316877 0.262273
212.000000000 -56.661447 33.037632 114.282646 0.663383 -0.625688 -0.317157 0.260477
212.100000000 -56.677214 33.020421 114.324988 0.663918 -0.625552 -0.315920 0.260945
212.600000000 -56.960408 32.817914 115.602464 0.678899 -0.649669 -0.269659 0.210499
212.700000000 -56.850338 32.799713 115.740837 0.679640 -0.650223 -0.267516 0.209130
212.800000000 -56.789674 32.788301 115.821055 0.680276 -0.650357 -0.265801 0.208830
212.900000000 -56.821565 32.776323 115.865340 0.680366 -0.650448 -0.265132 0.209103
213.000000000 -56.819944 32.774860 115.881268 0.680341 -0.650819 -0.264801 0.208448
213.100000000 -56.917584 32.800680 115.727810 0.679393 -0.650695 -0.267001 0.209119
213.300000000 -57.052292 32.783310 115.806157 0.678862 -0.650722 -0.267737 0.209818
213.400000000 -57.007304 32.775452 115.875130 0.679211 -0.651065 -0.266625 0.209043
213.500000000 -57.087883 32.779109 115.853831 0.678585 -0.651164 -0.267802 0.209259
214.100000000 -57.721018 32.625637 116.540831 0.694757 -0.683136 -0.188819 0.122412
214.600000000 -57.403046 32.688986 116.236697 0.697798 -0.689532 -0.166666 0.099230
214.700000000 -57.686839 32.663878 116.322477 0.696007 -0.685342 -0.180772 0.114903
214.900000000 -57.975911 32.789248 115.667183 0.693523 -0.685732 -0.188573 0.115057
215.000000000 -58.049284 32.804785 115.651459 0.692715 -0.686067 -0.190799 0.114251
215.500000000 -58.311375 32.952074 114.869225 0.691337 -0.687772 -0.192110 0.110078
215.600000000 -58.402316 32.982203 114.692131 0.691047 -0.687902 -0.192669 0.110111
215.700000000 -58.455594 33.009936 114.538051 0.690791 -0.687800 -0.193588 0.110735
215.800000000 -58.159351 33.005186 114.586030 0.693685 -0.691085 -0.178136 0.097315
216.000000000 -58.791072 33.080347 114.032813 0.690101 -0.688070 -0.195006 0.110872
216.100000000 -58.937820 33.128331 113.637061 0.689857 -0.687953 -0.195384 0.112442
216.200000000 -59.000921 33.137374 113.571861 0.689617 -0.687821 -0.196251 0.113208
216.300000000 -59.005003 33.146083 113.478446 0.690023 -0.687803 -0.194966 0.113062
216.400000000 -59.030267 33.155879 113.397509 0.690324 -0.688294 -0.193150 0.111343
216.500000000 -59.088735 33.165322 113.288952 0.690281 -0.687967 -0.193530 0.112960
216.700000000 -59.199345 33.183842 113.102166 0.690232 -0.688064 -0.193259 0.113130
216.800000000 -59.200114 33.197211 113.007175 0.690390 -0.688330 -0.192237 0.112288
217.000000000 -59.266687 33.221322 112.757454 0.690695 -0.688166 -0.191215 0.113159
217.100000000 -59.487320 33.260733 112.310404 0.690488 -0.688143 -0.191486 0.114104
217.600000000 -59.626062 33.285021 111.974048 0.690829 -0.688290 -0.189756 0.114042
218.000000000 -59.729778 33.302358 111.659871 0.691678 -0.688530 -0.185733 0.114069
218.100000000 -59.850196 33.321682 111.433301 0.691359 -0.688536 -0.186767 0.114281
218.300000000 -59.950965 33.339996 111.234749 0.691015 -0.688424 -0.187763 0.115395
218.700000000 -60.091762 33.379691 110.825972 0.691228 -0.689020 -0.185975 0.113442
218.800000000 -60.146326 33.397031 110.690613 0.690808 -0.689311 -0.186661 0.113105
219.100000000 -60.183675 33.393037 110.699127 0.690868 -0.689482 -0.185910 0.112935
219.200000000 -60.287717 33.415212 110.426086 0.690928 -0.689295 -0.185721 0.114008
219.700000000 -60.482318 33.474511 109.841301 0.690728 -0.690316 -0.184373 0.111195
219.800000000 -60.580421 33.486228 109.658317 0.690349 -0.689768 -0.186081 0.114070
220.300000000 -60.714110 33.536588 109.103800 0.691030 -0.690362 -0.182476 0.112164
220.400000000 -60.792071 33.559743 108.873048 0.690757 -0.690490 -0.183083 0.112065
220.500000000 -60.841531 33.557239 108.777810 0.691294 -0.690203 -0.181439 0.113191
220.600000000 -60.882233 33.569646 108.662742 0.691277 -0.690519 -0.180999 0.112067
220.800000000 -61.036623 33.606971 108.205161 0.691365 -0.690334 -0.180781 0.113015
221.000000000 -61.102505 33.628376 107.924063 0.691626 -0.690483 -0.179300 0.112861
221.300000000 -61.221351 33.668592 107.461211 0.691922 -0.690599 -0.178121 0.112200
221.600000000 -61.422396 33.688319 107.093898 0.691925 -0.690078 -0.178494 0.114775
222.000000000 -61.610845 33.730660 106.386340 0.693827 -0.689598 -0.172657 0.115098
222.100000000 -61.666158 33.751488 106.160196 0.694261 -0.689388 -0.171622 0.115287
222.300000000 -61.771142 33.761820 105.945306 0.694478 -0.688968 -0.171498 0.116665
222.600000000 -61.942820 33.802924 105.421210 0.695380 -0.688574 -0.169471 0.116586
222.700000000 -61.970315 33.804514 105.291742 0.696443 -0.688136 -0.166523 0.117073
223.000000000 -62.137963 33.841988 104.665407 0.698464 -0.686558 -0.162543 0.119856
223.600000000 -62.511727 33.916445 103.564256 0.700485 -0.684203 -0.160423 0.124301
223.800000000 -62.628610 33.967958 102.978647 0.701896 -0.683247 -0.158328 0.124288
224.100000000 -62.791304 34.001999 102.409478 0.703585 -0.682112 -0.154700 0.125538
224.300000000 -62.926503 34.043415 101.923917 0.704444 -0.680972 -0.154295 0.127390
224.400000000 -62.946460 34.068066 101.716705 0.704678 -0.681433 -0.152943 0.125242
224.600000000 -63.010905 34.117759 101.305769 0.704940 -0.681881 -0.151497 0.123073
224.700000000 -63.064757 34.131558 101.146029 0.704941 -0.681818 -0.151493 0.123419
225.000000000 -63.218884 34.168470 100.743059 0.704671 -0.681876 -0.152329 0.123611
225.100000000 -63.274277 34.170339 100.664258 0.705052 -0.681677 -0.151278 0.123825
225.300000000 -63.393931 34.190864 100.414321 0.704983 -0.681668 -0.151618 0.123855
225.400000000 -63.462810 34.211977 100.192477 0.704859 -0.681431 -0.152566 0.124693
226.100000000 -63.419763 34.276430 99.640976 0.705729 -0.683420 -0.145757 0.116784
226.200000000 -63.751874 34.292582 99.374639 0.704784 -0.683862 -0.148308 0.116693
226.400000000 -64.021530 34.304705 99.141197 0.703150 -0.681914 -0.157262 0.125865
226.500000000 -64.057751 34.306475 99.092282 0.703481 -0.682328 -0.155305 0.124196
226.600000000 -64.129217 34.307414 99.018298 0.703337 -0.681984 -0.156137 0.125840
226.900000000 -64.247480 34.337125 98.726394 0.703285 -0.682994 -0.154394 0.122772
227.600000000 -64.145181 34.360630 98.701966 0.704943 -0.690434 -0.132274 0.094135
227.800000000 -64.214237 34.383659 98.555139 0.704358 -0.691114 -0.132953 0.092545
228.200000000 -63.957865 34.426082 98.277902 0.705349 -0.693149 -0.122846 0.083288
228.300000000 -64.022409 34.447359 98.088335 0.704962 -0.693288 -0.124054 0.083613
228.400000000 -64.026614 34.460165 97.983086 0.704863 -0.693457 -0.123979 0.083151
228.600000000 -64.141965 34.492672 97.682992 0.704013 -0.691537 -0.132817 0.092207
228.700000000 -64.218484 34.520862 97.503925 0.703284 -0.692322 -0.134090 0.090004
228.800000000 -64.465192 34.528329 97.380403 0.702880 -0.693118 -0.133762 0.087494
229.100000000 -64.353437 34.571483 97.128380 0.703106 -0.694884 -0.128119 0.079774
229.300000000 -64.482423 34.598280 96.918813 0.702581 -0.695167 -0.129614 0.079520
229.400000000 -64.614957 34.613914 96.793295 0.701857 -0.695609 -0.131362 0.079176
229.600000000 -64.741845 34.649419 96.514563 0.701188 -0.695952 -0.133146 0.079104
230.000000000 -64.917563 34.719659 95.988084 0.700153 -0.696415 -0.136301 0.078829
230.100000000 -64.967788 34.731922 95.883815 0.699728 -0.696836 -0.136908 0.077817
230.300000000 -65.106182 34.753003 95.669583 0.699539 -0.697469 -0.135792 0.075784
230.500000000 -65.207486 34.787446 95.349405 0.699065 -0.697557 -0.137285 0.076649
230.600000000 -65.258819 34.802792 95.202089 0.698955 -0.697638 -0.137493 0.076543
231.000000000 -65.461145 34.866312 94.531281 0.697972 -0.697051 -0.142289 0.081905
231.200000000 -65.539652 34.883884 94.385219 -0.697824 0.697868 0.141373 -0.077693
231.300000000 -65.566902 34.894409 94.232536 0.698214 -0.698138 -0.139053 0.075930
231.400000000 -65.620232 34.898419 94.149780 0.698236 -0.698143 -0.138824 0.076099
231.600000000 -65.701105 34.927839 93.792833 0.697968 -0.697889 -0.140361 0.078041
231.800000000 -65.779473 34.964790 93.388537 0.697533 -0.697361 -0.143477 0.080925
231.900000000 -65.833822 34.965400 93.320124 0.697639 -0.697252 -0.143214 0.081422
232.500000000 -65.843219 35.020206 92.734953 -0.701100 0.702247 0.112930 -0.050542
232.600000000 -65.874175 35.044388 92.498609 -0.701112 0.701933 0.113960 -0.052391
232.700000000 -65.898629 35.070910 92.230699 -0.701270 0.701431 0.114927 -0.054826
232.800000000 -65.911618 35.101841 91.940949 0.701266 -0.701022 -0.116474 0.056819
233.000000000 -65.854376 35.183989 91.080390 0.702084 -0.698762 -0.119942 0.066506
233.200000000 -65.832827 35.259129 90.425040 0.702479 -0.696303 -0.125601 0.076877
233.800000000 -65.682186 35.340245 90.802796 -0.704663 0.708625 0.026775 0.024169
234.000000000 -65.687934 35.398035 90.915871 -0.702455 0.709989 0.006112 0.049350
234.200000000 -65.683677 35.457439 91.012891 -0.694793 0.709800 -0.045899 0.106486
234.400000000 -65.685845 35.553191 91.015165 -0.688174 0.707182 -0.075846 0.143378
234.600000000 -65.608953 35.684687 90.782267 -0.677976 0.701320 -0.114573 0.188073
234.900000000 -65.473741 35.899056 90.406335 -0.649522 0.681448 -0.192882 0.276670
235.200000000 -65.428144 36.118089 90.181966 -0.641758 0.674690 -0.210287 0.297858
235.300000000 -64.691577 36.263966 89.703143 -0.645689 0.677134 -0.203834 0.288144
235.400000000 -64.526739 36.339537 89.616639 -0.646003 0.677225 -0.204846 0.286503
235.600000000 -64.590872 36.498475 89.472209 -0.645586 0.676178 -0.205300 0.289575
235.700000000 -64.451833 36.585372 89.357748 -0.645703 0.676266 -0.205396 0.289041
236.100000000 -64.296120 36.884742 89.224813 -0.644229 0.676459 -0.209733 0.288763
236.400000000 -64.188050 37.102695 89.284044 -0.641964 0.675223 -0.215267 0.292604
236.700000000 -64.163030 37.357997 89.072150 -0.641703 0.674664 -0.215990 0.293928
236.800000000 -64.083109 37.443437 89.030235 -0.641706 0.674399 -0.215988 0.294530
236.900000000 -63.962899 37.530419 88.985547 -0.641985 0.674240 -0.215989 0.294284
237.000000000 -63.777950 37.630091 88.861874 -0.642689 0.674388 -0.214756 0.293312
237.100000000 -63.704905 37.714411 88.731393 -0.642478 0.674586 -0.215777 0.292567
237.300000000 -63.658678 37.883287 88.584602 -0.641224 0.673400 -0.218077 0.296322
237.400000000 -63.599901 37.960525 88.520076 -0.641021 0.673454 -0.219140 0.295855
237.700000000 -63.258911 38.213012 88.236391 -0.642147 0.674460 -0.217391 0.292390
237.800000000 -63.277271 38.281488 88.239455 -0.641698 0.674244 -0.218163 0.293298
237.900000000 -63.189964 38.359619 88.134113 -0.641617 0.674632 -0.218438 0.292377
238.000000000 -62.949894 38.468305 87.852012 -0.642327 0.674790 -0.217342 0.291269
238.200000000 -63.061561 38.604458 87.838233 -0.641568 0.673713 -0.218311 0.294689
238.700000000 -62.689898 38.950038 87.457809 -0.642032 0.673975 -0.218266 0.293109
238.800000000 -62.637624 39.017288 87.387076 -0.642155 0.674131 -0.217631 0.292951
239.300000000 -62.119046 39.336113 86.930742 -0.641584 0.673001 -0.219268 0.295569
239.500000000 -61.932957 39.437068 86.752174 -0.640952 0.673087 -0.221056 0.295412
239.600000000 -61.614299 39.505777 86.468831 -0.641663 0.673876 -0.220294 0.292627
240.400000000 -61.103377 39.835721 85.750654 -0.641731 0.673494 -0.220506 0.293197
240.900000000 -61.114177 39.932594 85.584919 -0.640477 0.672942 -0.221938 0.296112
241.100000000 -60.465870 40.030234 84.984856 -0.641880 0.673503 -0.219478 0.293622
241.200000000 -60.443103 40.032758 84.935677 -0.641771 0.673666 -0.220332 0.292844
241.700000000 -60.166419 40.072944 84.667379 -0.640213 0.672288 -0.222237 0.297938
241.800000000 -60.185733 40.066033 84.599016 -0.640078 0.672282 -0.223391 0.297378
242.100000000 -59.857111 40.082345 84.189829 -0.640872 0.672982 -0.221872 0.295214
242.200000000 -59.809133 40.073719 84.124550 -0.640407 0.672611 -0.223184 0.296079
242.300000000 -59.471036 40.096166 83.819981 -0.641283 0.673274 -0.221847 0.293671
242.400000000 -59.488801 40.085359 83.763519 -0.641264 0.673218 -0.221756 0.293908
242.500000000 -59.457185 40.074364 83.669751 -0.641377 0.673346 -0.221461 0.293591
242.800000000 -59.109874 40.036671 83.392115 -0.640026 0.672723 -0.224763 0.295453
242.900000000 -59.011452 40.027302 83.285797 -0.639897 0.672445 -0.224945 0.296225
243.100000000 -58.829458 39.994306 83.092527 -0.639495 0.672470 -0.226104 0.296153
243.200000000 -58.632305 39.986312 82.874002 -0.639560 0.672664 -0.226402 0.295343
243.600000000 -58.234529 39.917316 82.410607 -0.640787 0.673560 -0.223731 0.292667
243.700000000 -58.132690 39.900946 82.266953 -0.640746 0.673528 -0.223744 0.292819
243.800000000 -57.995132 39.882505 82.088298 -0.640734 0.673685 -0.224069 0.292236
243.900000000 -57.867361 39.865148 81.933334 -0.640961 0.673788 -0.223597 0.291860
244.100000000 -57.856341 39.793461 81.974358 -0.639411 0.672417 -0.226783 0.295938
244.200000000 -57.696192 39.775643 81.829617 -0.639296 0.672115 -0.227145 0.296594
244.400000000 -57.515107 39.713419 81.630187 -0.639148 0.672760 -0.227556 0.295131
244.700000000 -57.210705 39.639871 81.240536 -0.639805 0.673374 -0.226364 0.293217
245.100000000 -56.838158 39.532528 80.756938 -0.640410 0.674008 -0.225343 0.291220
245.200000000 -56.730708 39.504277 80.710279 -0.639223 0.672656 -0.227909 0.294934
245.300000000 -56.815834 39.477067 80.639179 -0.639191 0.672376 -0.227461 0.295985
245.800000000 -56.130156 39.338992 80.033052 -0.639478 0.673075 -0.227681 0.293599
246.000000000 -55.928401 39.284557 79.818176 -0.639656 0.673442 -0.226980 0.292908
246.300000000 -55.575123 39.212559 79.412732 -0.640109 0.674028 -0.226108 0.291242
246.700000000 -55.266253 39.109245 79.136046 -0.638580 0.672465 -0.229237 0.295730
246.800000000 -55.315670 39.087420 79.062071 -0.638899 0.672494 -0.228581 0.295484
246.900000000 -55.227897 39.068953 78.937215 -0.638952 0.672414 -0.228557 0.295570
247.200000000 -54.845532 39.010213 78.583523 -0.639624 0.673189 -0.227289 0.293321
247.300000000 -54.748045 38.995723 78.507387 -0.639479 0.672905 -0.226575 0.294837
247.900000000 -54.146190 38.899808 77.893278 -0.638180 0.672337 -0.230129 0.296192
248.000000000 -54.130748 38.893307 77.797988 -0.638869 0.672357 -0.228206 0.296149
248.400000000 -53.697002 38.870720 77.309475 -0.639695 0.672788 -0.225607 0.295377
248.500000000 -53.692981 38.859939 77.234495 -0.639726 0.672730 -0.226057 0.295100
248.600000000 -53.472832 38.863130 77.048839 -0.639904 0.673000 -0.225316 0.294664
248.800000000 -53.342701 38.853205 76.883500 -0.639831 0.672846 -0.225292 0.295191
248.900000000 -53.299537 38.852828 76.812407 -0.639993 0.672620 -0.224969 0.295602
249.100000000 -53.038719 38.850316 76.582419 -0.639948 0.672757 -0.225565 0.294933
249.200000000 -53.077144 38.845574 76.551557 -0.640331 0.672847 -0.224610 0.294625
249.800000000 -52.426938 38.876795 75.850727 -0.639724 0.672996 -0.226158 0.294418
249.900000000 -52.295590 38.889907 75.751804 -0.640044 0.672704 -0.225293 0.295053
250.100000000 -52.229902 38.898415 75.625907 -0.640079 0.672929 -0.225547 0.294268
250.200000000 -52.175238 38.909700 75.531517 -0.640363 0.672960 -0.225003 0.293996
250.300000000 -52.001158 38.921188 75.389762 -0.639986 0.672944 -0.226126 0.293993
250.500000000 -51.759023 38.950772 75.174343 -0.640311 0.672969 -0.225582 0.293645
251.100000000 -51.162385 39.051946 74.561053 -0.639763 0.672657 -0.227044 0.294426
251.400000000 -50.700970 39.121127 74.140645 -0.639949 0.673093 -0.226655 0.293323
251.500000000 -50.581841 39.141488 74.049225 -0.639780 0.672979 -0.227019 0.293672
251.700000000 -50.613546 39.179621 73.967174 -0.640289 0.672804 -0.225847 0.293867
251.800000000 -50.455998 39.204669 73.843879 -0.640137 0.672813 -0.226175 0.293925
251.900000000 -50.159724 39.236596 73.639914 -0.639765 0.672808 -0.227197 0.293960
252.000000000 -49.921092 39.266098 73.473321 -0.639529 0.672872 -0.227717 0.293924
252.300000000 -49.418984 39.348814 73.123004 -0.639295 0.672641 -0.227926 0.294798
252.500000000 -49.361181 39.393274 72.939729 -0.639406 0.673086 -0.228829 0.292835
253.000000000 -48.989144 39.515050 72.455322 -0.639993 0.673215 -0.227612 0.292203
253.100000000 -48.851097 39.543482 72.315606 -0.640271 0.673299 -0.226865 0.291983
253.200000000 -48.697205 39.565215 72.208617 -0.640214 0.673313 -0.227039 0.291942
253.600000000 -48.389287 39.627870 71.864386 -0.639906 0.672929 -0.227821 0.292888
253.800000000 -48.195784 39.655898 71.652412 -0.640155 0.672774 -0.227147 0.293224
253.900000000 -48.109674 39.671213 71.527182 -0.640349 0.672717 -0.226521 0.293416
254.200000000 -47.793863 39.677780 71.264056 -0.640141 0.672527 -0.226546 0.294287
254.400000000 -47.604012 39.676399 70.992150 -0.640300 0.672897 -0.226284 0.293294
254.700000000 -47.273473 39.651151 70.714756 -0.639825 0.672367 -0.227435 0.294651
254.800000000 -47.165058 39.641069 70.588078 -0.639794 0.672392 -0.227380 0.294704
254.900000000 -47.061529 39.629792 70.473218 -0.639702 0.672369 -0.227409 0.294934
255.200000000 -46.739834 39.578754 70.207805 -0.639645 0.671935 -0.227310 0.296120
255.400000000 -46.549233 39.542124 69.975462 -0.639855 0.671873 -0.226993 0.296051
255.600000000 -46.339960 39.485141 69.776283 -0.639376 0.671786 -0.228206 0.296350
255.900000000 -46.070152 39.403010 69.493771 -0.639633 0.671642 -0.227342 0.296787
256.000000000 -45.993368 39.372267 69.386279 -0.639666 0.671765 -0.227351 0.296429
256.200000000 -45.826887 39.310305 69.233902 -0.639507 0.671124 -0.227753 0.297912
256.400000000 -45.868953 39.220611 69.148457 -0.639651 0.671358 -0.228081 0.296824
256.600000000 -45.640970 39.145876 68.922363 -0.639265 0.671407 -0.229641 0.296340
256.800000000 -45.320145 39.082900 68.681049 -0.638553 0.671028 -0.230905 0.297748
256.900000000 -45.384433 39.038456 68.655673 -0.638894 0.671179 -0.230134 0.297275
257.200000000 -45.055602 38.941796 68.282863 -0.639597 0.671664 -0.228804 0.295687
257.300000000 -45.004113 38.900687 68.221011 -0.639211 0.671376 -0.229939 0.296295
257.500000000 -44.918913 38.825881 68.071484 -0.639076 0.671493 -0.230752 0.295690
257.700000000 -44.740805 38.768237 67.880215 -0.638878 0.671319 -0.231174 0.296181
257.800000000 -44.543459 38.750594 67.754350 -0.638673 0.671048 -0.231422 0.297044
258.000000000 -44.282925 38.700077 67.588375 -0.637500 0.670650 -0.234056 0.298396
258.100000000 -44.374063 38.671111 67.554792 -0.637784 0.670673 -0.233931 0.297834
258.200000000 -44.220106 38.654661 67.471050 -0.637144 0.670388 -0.234773 0.299182
258.300000000 -43.922969 38.657880 67.257952 -0.637454 0.670410 -0.234059 0.299031
258.500000000 -43.817564 38.633446 67.087417 -0.637335 0.670505 -0.234563 0.298678
258.600000000 -43.768894 38.625436 67.005396 -0.637380 0.670496 -0.234600 0.298570
258.700000000 -43.666163 38.625662 66.904293 -0.637342 0.670487 -0.234576 0.298691
259.200000000 -43.232199 38.670641 66.473529 -0.636945 0.670218 -0.235099 0.299728
259.500000000 -42.783824 38.757207 66.104762 -0.636722 0.670471 -0.235336 0.299451
259.900000000 -42.479797 38.905680 65.734145 -0.636897 0.670657 -0.235172 0.298791
260.200000000 -42.134803 39.048036 65.431825 -0.636209 0.670714 -0.237087 0.298614
260.600000000 -41.737196 39.288559 65.075825 -0.636199 0.670602 -0.236389 0.299437
260.700000000 -41.675315 39.345684 65.011539 -0.635791 0.670670 -0.237391 0.299360
261.100000000 -41.273927 39.640143 64.655615 -0.636072 0.670357 -0.236176 0.300424
261.500000000 -40.856043 39.959536 64.174372 -0.636740 0.671378 -0.234586 0.297964
261.600000000 -40.748298 40.036365 64.122533 -0.636595 0.671266 -0.235124 0.298104
262.100000000 -40.276696 40.455188 63.804263 -0.635002 0.669700 -0.238322 0.302453
262.300000000 -40.074818 40.640243 63.589269 -0.635685 0.669938 -0.236524 0.301900
262.500000000 -39.832313 40.816448 63.331979 -0.636054 0.670786 -0.235491 0.300042
262.600000000 -39.819189 40.893797 63.318464 -0.634948 0.670208 -0.237999 0.301695
262.900000000 -39.491200 41.155474 63.039982 -0.634884 0.670365 -0.237662 0.301744
263.200000000 -39.043605 41.410235 62.735230 -0.634342 0.670603 -0.239365 0.301008
263.300000000 -39.050767 41.504248 62.667639 -0.635169 0.670711 -0.237094 0.300821
263.400000000 -38.995508 41.590202 62.588676 -0.635258 0.670351 -0.237172 0.301375
263.500000000 -38.938639 41.671060 62.517858 -0.635340 0.670733 -0.236653 0.300758
263.600000000 -38.812623 41.754667 62.422343 -0.634992 0.670181 -0.237712 0.301888
263.800000000 -38.630812 41.917862 62.283944 -0.634539 0.669794 -0.238251 0.303270
264.200000000 -38.345021 42.227185 61.956186 -0.635141 0.670027 -0.236744 0.302673
264.300000000 -38.119423 42.299185 61.814275 -0.634324 0.669930 -0.238619 0.303130
264.400000000 -38.070022 42.367499 61.758418 -0.633799 0.669688 -0.239899 0.303751
264.600000000 -37.848337 42.515784 61.565766 -0.634397 0.669807 -0.238303 0.303498
264.900000000 -37.523935 42.710486 61.290083 -0.634033 0.669463 -0.239094 0.304394
265.100000000 -37.367942 42.837000 61.102435 -0.634747 0.669922 -0.237402 0.303220
265.400000000 -37.043237 42.998172 60.829287 -0.634007 0.669786 -0.239270 0.303597
265.500000000 -36.980147 43.051147 60.749698 -0.634233 0.669709 -0.238692 0.303751
266.000000000 -36.526996 43.280688 60.294993 -0.634663 0.669962 -0.237639 0.303120
266.100000000 -36.390007 43.322149 60.195608 -0.634508 0.669769 -0.238065 0.303536
266.200000000 -36.322303 43.356312 60.133222 -0.634197 0.669495 -0.238534 0.304421
266.300000000 -36.228380 43.396274 60.082650 -0.633596 0.668818 -0.239273 0.306573
266.400000000 -36.041804 43.428117 59.936478 -0.633772 0.669160 -0.238842 0.305797
266.500000000 -35.928077 43.452574 59.809435 -0.633962 0.669757 -0.238876 0.304065
266.900000000 -35.545814 43.552278 59.451501 -0.633670 0.669433 -0.239476 0.304914
267.000000000 -35.394369 43.570688 59.325520 -0.634069 0.669923 -0.238565 0.303720
267.200000000 -35.269733 43.603948 59.155825 -0.634374 0.670052 -0.237695 0.303481
267.300000000 -35.206128 43.614544 59.075659 -0.634225 0.670021 -0.238027 0.303600
267.400000000 -35.016600 43.619022 58.956506 -0.633552 0.669958 -0.239688 0.303839
267.700000000 -34.778394 43.640398 58.681852 -0.634030 0.670412 -0.238555 0.302729
267.900000000 -34.537387 43.644494 58.475192 -0.634084 0.670520 -0.238287 0.302586
268.000000000 -34.469209 43.642856 58.403353 -0.633787 0.670332 -0.239030 0.303041
268.200000000 -34.288851 43.641609 58.234594 -0.633917 0.669860 -0.238650 0.304110
268.400000000 -34.021949 43.625864 58.017970 -0.633640 0.670007 -0.239162 0.303961
268.600000000 -33.815464 43.604804 57.836883 -0.633416 0.669746 -0.239313 0.304883
268.700000000 -33.717638 43.595727 57.744398 -0.633469 0.669648 -0.239053 0.305192
269.000000000 -33.401651 43.549158 57.447496 -0.633594 0.669632 -0.238460 0.305430
269.200000000 -33.181950 43.512922 57.224195 -0.633955 0.670141 -0.237810 0.304069
269.300000000 -33.092627 43.494055 57.145611 -0.633977 0.669911 -0.237310 0.304920
269.400000000 -33.005920 43.471468 57.041076 -0.634051 0.670148 -0.237159 0.304362
269.500000000 -32.881156 43.449166 56.924002 -0.633942 0.670254 -0.237092 0.304409
270.100000000 -32.244496 43.261247 56.366955 -0.632691 0.669540 -0.239361 0.306798
270.200000000 -32.134859 43.222558 56.217507 -0.632812 0.669808 -0.239297 0.306012
270.700000000 -31.585485 42.969029 55.767656 -0.642344 0.659184 -0.245338 0.304436
270.800000000 -31.488163 42.920679 55.711718 -0.644403 0.657534 -0.243076 0.305464
271.000000000 -31.309137 42.805315 55.472889 -0.644908 0.656512 -0.242636 0.306941
271.100000000 -31.190342 42.729477 55.380255 -0.644279 0.656986 -0.243320 0.306709
271.300000000 -31.042710 42.594757 55.138781 -0.644335 0.657189 -0.241807 0.307353
271.400000000 -30.995152 42.527395 54.971161 -0.643528 0.656661 -0.243068 0.309171
271.700000000 -30.760588 42.293103 54.704965 -0.643832 0.656620 -0.240056 0.310973
271.800000000 -30.744517 42.229760 54.508342 -0.643756 0.656540 -0.238728 0.312318
272.100000000 -30.572702 41.980813 54.079394 -0.644008 0.657989 -0.234472 0.311973
272.400000000 -30.405386 41.700294 53.670274 -0.642281 0.659517 -0.235121 0.311818
272.500000000 -30.396369 41.605928 53.660952 -0.641489 0.658825 -0.235579 0.314554
272.600000000 -30.368442 41.504643 53.650081 -0.640750 0.658830 -0.235883 0.315821
273.000000000 -30.271535 41.201756 52.828356 -0.640920 0.660914 -0.229076 0.316131
273.100000000 -30.256637 41.089614 52.785782 -0.639524 0.661498 -0.231305 0.316113
273.200000000 -30.260010 40.996196 52.716523 -0.639128 0.661678 -0.231010 0.316751
273.300000000 -30.247232 40.917798 52.585175 -0.639134 0.661768 -0.229862 0.317385
273.600000000 -30.247906 40.648047 52.218924 -0.638599 0.662856 -0.230006 0.316086
273.800000000 -30.221734 40.454564 52.096919 -0.637456 0.663072 -0.231812 0.316619
274.200000000 -30.311877 40.072374 51.951970 -0.636372 0.663511 -0.234976 0.315548
275.000000000 -30.798140 40.091138 51.393488 0.649218 -0.640305 0.179010 -0.369434
275.100000000 -30.438480 39.411702 50.891820 -0.636955 0.664072 -0.233489 0.314291
275.200000000 -30.495968 39.352368 50.834559 -0.636722 0.664481 -0.232798 0.314413
275.800000000 -30.896976 39.144798 50.598864 -0.639274 0.659285 -0.219392 0.329454
276.000000000 -30.970280 38.936977 50.385537 -0.637118 0.663007 -0.226169 0.321482
276.100000000 -30.990176 38.896130 50.274002 -0.637129 0.663261 -0.225389 0.321483
276.200000000 -31.044919 38.849828 50.212247 -0.637089 0.663368 -0.225508 0.321259
276.500000000 -31.266644 38.712417 50.121796 -0.635199 0.665124 -0.228160 0.319492
276.800000000 -31.482947 38.567539 50.025938 -0.632661 0.667454 -0.232500 0.316525
276.900000000 -31.554546 38.558672 49.988028 -0.632628 0.667340 -0.231589 0.317500
277.100000000 -31.689967 38.519228 49.892396 -0.632227 0.667857 -0.231444 0.317316
277.500000000 -31.961764 38.481413 49.745206 -0.630719 0.669505 -0.231105 0.317090
277.700000000 -32.057617 38.451016 49.632136 -0.629688 0.671040 -0.232805 0.314642
278.100000000 -32.381637 38.499622 49.710939 -0.629577 0.670249 -0.229248 0.319132
278.200000000 -32.467230 38.470954 49.550072 -0.628577 0.672639 -0.232352 0.313784
278.300000000 -32.537241 38.481410 49.455723 -0.628460 0.673675 -0.232124 0.311959
279.000000000 -33.069229 38.608433 49.540017 -0.627028 0.674947 -0.233212 0.311279
279.500000000 -33.451587 38.725123 49.728951 -0.625469 0.675694 -0.236690 0.310166
279.600000000 -33.560632 38.775554 49.764851 -0.626189 0.674696 -0.234908 0.312235
279.700000000 -33.599401 38.787198 49.722639 -0.625128 0.676560 -0.237413 0.308409
279.800000000 -33.666651 38.824027 49.766533 -0.624834 0.676279 -0.238484 0.308796
279.900000000 -33.742427 38.864556 49.772570 -0.625394 0.676223 -0.237409 0.308612
280.000000000 -33.786258 38.905902 49.769213 -0.625752 0.676509 -0.236842 0.307695
280.200000000 -33.954837 38.972694 50.019560 -0.625882 0.675461 -0.237041 0.309572
280.300000000 -34.010282 38.997782 49.985360 -0.624455 0.677194 -0.240294 0.306144
280.400000000 -34.092242 39.046421 50.091326 -0.624988 0.675949 -0.239296 0.308577
280.500000000 -34.179383 39.080118 50.216182 -0.624798 0.675090 -0.240332 0.310034
280.600000000 -34.249772 39.114764 50.258230 -0.624096 0.676144 -0.241641 0.308129
280.800000000 -34.347542 39.207761 50.365868 -0.625368 0.675955 -0.239388 0.307723
281.100000000 -34.560050 39.347141 50.554995 -0.626029 0.675194 -0.238391 0.308820
281.300000000 -34.688700 39.435641 50.684345 -0.626039 0.675393 -0.238884 0.307983
281.700000000 -34.901016 39.619391 50.947678 -0.626703 0.674970 -0.238329 0.307991
281.900000000 -34.995426 39.702011 51.085740 -0.625923 0.675471 -0.240233 0.306996
282.000000000 -35.097759 39.758302 51.187046 -0.627093 0.674412 -0.237887 0.308759
282.200000000 -35.206454 39.844129 51.343100 -0.627274 0.674428 -0.238194 0.308121
282.300000000 -35.293156 39.886950 51.438160 -0.626663 0.674133 -0.239746 0.308805
282.600000000 -35.430250 40.025635 51.686809 -0.628220 0.672424 -0.237444 0.311137
282.700000000 -35.500033 40.062166 51.772940 -0.628762 0.672616 -0.236900 0.310040
282.800000000 -35.536302 40.100064 51.850088 -0.628819 0.672916 -0.237154 0.309076
283.500000000 -35.879569 40.336980 52.468742 -0.629060 0.671568 -0.239518 0.309695
283.600000000 -35.947781 40.376212 52.576218 -0.630117 0.671103 -0.237567 0.310057
283.700000000 -35.976234 40.397777 52.656344 -0.629611 0.671585 -0.239090 0.308868
283.800000000 -36.023775 40.431192 52.759332 -0.630285 0.671128 -0.237660 0.309590
283.900000000 -36.072883 40.457630 52.857842 -0.630640 0.670967 -0.237492 0.309345
284.000000000 -36.130931 40.479179 52.953733 -0.630324 0.670643 -0.238874 0.309628
284.200000000 -36.231545 40.529348 53.148997 -0.630918 0.670141 -0.238269 0.309970
284.300000000 -36.260818 40.548050 53.243973 -0.630914 0.670118 -0.238596 0.309775
284.700000000 -36.451298 40.615992 53.642848 -0.631854 0.669625 -0.238529 0.308976
285.000000000 -36.590940 40.654557 53.951593 -0.632756 0.669118 -0.237892 0.308722
285.100000000 -36.630343 40.660599 54.048634 -0.632919 0.669348 -0.238131 0.307702
285.300000000 -36.734649 40.676234 54.253374 -0.633476 0.669287 -0.238054 0.306747
285.400000000 -36.778236 40.681700 54.361471 -0.633292 0.668863 -0.238900 0.307392
285.500000000 -36.822358 40.690965 54.464866 -0.633734 0.668856 -0.238244 0.307007
285.600000000 -36.872215 40.696129 54.560143 -0.633951 0.668805 -0.238505 0.306465
285.700000000 -36.922281 40.706523 54.669424 -0.634420 0.668326 -0.237628 0.307222
285.800000000 -36.973562 40.711331 54.760134 -0.634392 0.668349 -0.238270 0.306730
285.900000000 -37.030556 40.719187 54.867134 -0.634648 0.668247 -0.237922 0.306694
286.100000000 -37.115534 40.729831 55.048388 -0.635041 0.668000 -0.238262 0.306154
286.500000000 -37.368178 40.756731 55.455961 -0.635644 0.667350 -0.238494 0.306139
286.600000000 -37.425992 40.763992 55.551925 -0.635797 0.667261 -0.238790 0.305784
286.700000000 -37.465238 40.772227 55.637729 -0.635988 0.667243 -0.238823 0.305400
287.000000000 -37.674098 40.806233 55.950188 -0.636753 0.667043 -0.238024 0.304866
287.100000000 -37.759062 40.817748 56.051993 -0.636697 0.666868 -0.238353 0.305109
287.200000000 -37.844381 40.833456 56.160849 -0.637074 0.666783 -0.237685 0.305030
287.400000000 -37.934774 40.868163 56.337369 -0.637442 0.666371 -0.237401 0.305382
287.500000000 -38.002319 40.884495 56.431627 -0.637607 0.666360 -0.237258 0.305174
287.700000000 -38.141147 40.921826 56.620511 -0.637689 0.666342 -0.237674 0.304717
287.800000000 -38.126012 40.947688 56.684971 -0.638109 0.666506 -0.236948 0.304044
288.200000000 -38.542077 41.052482 57.155763 -0.637879 0.665358 -0.237718 0.306432
288.300000000 -38.607189 41.079282 57.266900 -0.637151 0.664806 -0.240018 0.307349
288.400000000 -38.596492 41.110633 57.329717 -0.637439 0.665193 -0.239200 0.306550
288.700000000 -38.813278 41.217173 57.620330 -0.638485 0.665555 -0.236433 0.305734
289.200000000 -39.240271 41.397449 58.102246 -0.638384 0.665555 -0.237985 0.304739
289.700000000 -39.609380 41.598362 58.543691 -0.638564 0.666192 -0.238060 0.302906
289.800000000 -39.746683 41.633118 58.661093 -0.638188 0.666229 -0.238906 0.302949
289.900000000 -39.768062 41.674564 58.733649 -0.637854 0.666105 -0.239892 0.303148
290.000000000 -39.800683 41.715212 58.809450 -0.637610 0.666060 -0.240104 0.303592
290.100000000 -39.989441 41.758824 58.930640 -0.638016 0.666159 -0.239212 0.303225
290.200000000 -40.037907 41.800269 59.016989 -0.637711 0.665892 -0.239655 0.304102
290.300000000 -40.065736 41.841873 59.069584 -0.638006 0.666350 -0.239107 0.302911
290.400000000 -40.167515 41.882844 59.153205 -0.638234 0.666700 -0.238505 0.302130
291.000000000 -40.668570 42.123370 59.660801 -0.637877 0.666860 -0.238900 0.302221
291.100000000 -40.797417 42.160459 59.760638 -0.637595 0.667092 -0.239207 0.302060
291.300000000 -40.952453 42.238192 59.916335 -0.637891 0.667261 -0.238176 0.301878
291.500000000 -41.079509 42.303970 60.064585 -0.636851 0.667405 -0.240130 0.302207
291.700000000 -41.307911 42.376447 60.250067 -0.637327 0.667453 -0.238572 0.302332
291.900000000 -41.483488 42.441187 60.385514 -0.637660 0.668157 -0.237395 0.300997
292.100000000 -41.725144 42.501699 60.578900 -0.637232 0.667688 -0.238000 0.302463
292.200000000 -41.804352 42.531959 60.645199 -0.637152 0.667763 -0.238016 0.302452
292.300000000 -41.853970 42.561877 60.706167 -0.637378 0.668094 -0.237310 0.301802
292.400000000 -42.011613 42.588379 60.798203 -0.637748 0.668131 -0.236499 0.301574
292.500000000 -42.015774 42.618949 60.825407 -0.637919 0.668606 -0.235740 0.300754
292.600000000 -42.185194 42.637542 60.926945 -0.637774 0.668883 -0.235800 0.300399
292.800000000 -42.408284 42.682644 61.102117 -0.638036 0.668882 -0.234767 0.300653
292.900000000 -42.487133 42.702210 61.175420 -0.637935 0.669019 -0.234910 0.300450
293.000000000 -42.531992 42.721232 61.204846 -0.637714 0.669138 -0.235191 0.300434
293.200000000 -42.747264 42.756012 61.355868 -0.637798 0.669018 -0.234553 0.301021
293.400000000 -42.929037 42.774236 61.504072 -0.637761 0.669564 -0.234011 0.300307
293.500000000 -43.075047 42.778427 61.596991 -0.637835 0.669731 -0.233602 0.300095
293.600000000 -43.180246 42.777995 61.668861 -0.637606 0.669911 -0.234014 0.299860
293.800000000 -43.323367 42.791160 61.738348 -0.638027 0.670132 -0.232642 0.299537
293.900000000 -43.464108 42.784293 61.827045 -0.638163 0.670257 -0.232090 0.299395
294.300000000 -43.902061 42.718800 62.146522 -0.637629 0.670806 -0.232358 0.299097
294.600000000 -44.244483 42.634899 62.361869 -0.637528 0.671287 -0.232133 0.298405
294.900000000 -44.556765 42.515943 62.560580 -0.637207 0.671828 -0.232607 0.297504
295.000000000 -44.675434 42.476665 62.647383 -0.637378 0.671736 -0.231751 0.298011
295.100000000 -44.815126 42.423873 62.711702 -0.637561 0.672037 -0.231334 0.297266
295.200000000 -44.906876 42.365856 62.799664 -0.637282 0.671935 -0.232068 0.297522
295.600000000 -45.319405 42.113532 63.087092 -0.637037 0.672348 -0.231826 0.297303
295.700000000 -45.467407 42.033949 63.174626 -0.636881 0.672603 -0.232179 0.296783
295.800000000 -45.541518 41.967482 63.235181 -0.637147 0.672496 -0.231284 0.297155
296.200000000 -45.934405 41.625714 63.532641 -0.636607 0.672842 -0.231881 0.297063
296.300000000 -45.999795 41.538619 63.603241 -0.636580 0.672434 -0.231878 0.298044
296.600000000 -46.345083 41.250108 63.820770 -0.637094 0.672907 -0.230327 0.297080
296.800000000 -46.605571 41.034978 63.994413 -0.636806 0.673194 -0.231003 0.296524
297.000000000 -46.829260 40.822526 64.156304 -0.636677 0.673359 -0.230917 0.296492
297.100000000 -46.866417 40.718338 64.230303 -0.636592 0.673022 -0.231201 0.297219
297.400000000 -47.119000 40.395640 64.437472 -0.636693 0.672937 -0.230427 0.297795
297.600000000 -47.282632 40.167273 64.607575 -0.636366 0.672918 -0.231238 0.297906
297.900000000 -47.476878 39.839675 64.771098 -0.636934 0.672953 -0.229875 0.297670
298.300000000 -48.041166 39.364704 65.180202 -0.636863 0.673165 -0.229900 0.297323
298.800000000 -48.590838 38.795844 65.659408 -0.637119 0.672501 -0.229810 0.298344
299.000000000 -48.621653 38.596454 65.721877 -0.637957 0.672689 -0.227911 0.297585
299.100000000 -48.774848 38.479793 65.853170 -0.637619 0.672627 -0.228770 0.297792
299.300000000 -49.004636 38.272942 66.084196 -0.637369 0.671924 -0.229401 0.299424
299.500000000 -49.137729 38.085679 66.194592 -0.638125 0.672344 -0.227800 0.298090
299.600000000 -49.343084 37.979509 66.318275 -0.638207 0.672786 -0.227697 0.296994
299.900000000 -49.575305 37.722349 66.556347 -0.638336 0.672959 -0.227635 0.296371
300.200000000 -49.815113 37.504932 66.872380 -0.638393 0.671749 -0.227535 0.299057
300.300000000 -49.870617 37.438581 66.964413 -0.638300 0.671670 -0.227761 0.299260
300.800000000 -49.786273 37.229927 67.141230 -0.638865 0.671864 -0.226121 0.298863
300.900000000 -49.846269 37.192246 67.244408 -0.638518 0.671269 -0.227252 0.300082
301.300000000 -49.814101 37.113363 67.476828 -0.637613 0.671595 -0.229290 0.299725
301.400000000 -49.788441 37.111021 67.521167 -0.637504 0.671499 -0.229792 0.299788
301.500000000 -49.706080 37.128147 67.493858 -0.638535 0.671879 -0.227051 0.298830
301.600000000 -49.720561 37.118865 67.623725 -0.637234 0.671163 -0.230392 0.300653
302.000000000 -50.686103 37.099476 68.270195 -0.639867 0.672389 -0.226850 0.294962
302.100000000 -50.660779 37.127567 68.314161 -0.640075 0.672395 -0.226361 0.294873
302.200000000 -50.659035 37.156187 68.408222 -0.639661 0.671852 -0.226901 0.296588
302.400000000 -50.653357 37.218049 68.549021 -0.639072 0.672006 -0.228313 0.296425
302.500000000 -50.664275 37.260107 68.597329 -0.639460 0.672098 -0.227736 0.295822
302.600000000 -50.662677 37.306089 68.644624 -0.639561 0.671964 -0.227579 0.296031
302.800000000 -50.641009 37.407801 68.796481 -0.639288 0.671429 -0.227295 0.298045
303.000000000 -50.754792 37.508839 68.992062 -0.639165 0.671053 -0.227847 0.298733
303.300000000 -51.614289 37.619205 69.589674 -0.640957 0.671784 -0.226165 0.294500
303.600000000 -51.983405 37.789744 70.001891 -0.640743 0.671720 -0.227397 0.294164
303.700000000 -51.987088 37.864550 70.063402 -0.640668 0.671697 -0.227317 0.294440
304.200000000 -52.291538 38.219311 70.608148 -0.640019 0.671655 -0.229375 0.294351
304.300000000 -52.384372 38.298884 70.741885 -0.639995 0.671110 -0.229290 0.295708
304.400000000 -52.439344 38.379916 70.843031 -0.640075 0.671079 -0.228880 0.295923
304.500000000 -52.495959 38.463049 70.929348 -0.640136 0.670936 -0.228725 0.296234
304.700000000 -52.794047 38.609719 71.208931 -0.640407 0.671314 -0.228544 0.294930
304.800000000 -52.825828 38.697512 71.305399 -0.640322 0.671056 -0.228504 0.295731
304.900000000 -52.854663 38.776019 71.366317 -0.640061 0.671341 -0.229276 0.295053
305.500000000 -53.531039 39.254689 72.162409 -0.640425 0.670665 -0.228371 0.296499
305.600000000 -53.575430 39.338173 72.254723 -0.640240 0.670596 -0.228651 0.296838
306.400000000 -54.340711 39.944435 73.143992 -0.640628 0.670903 -0.227168 0.296446
306.600000000 -54.496405 40.084830 73.369905 -0.640514 0.670798 -0.226994 0.297061
306.700000000 -54.498086 40.158630 73.424331 -0.640408 0.670732 -0.227111 0.297351
307.000000000 -54.594764 40.357694 73.590534 -0.640222 0.671435 -0.227335 0.295991
307.200000000 -54.899243 40.462728 73.946271 -0.639950 0.670972 -0.227341 0.297618
307.500000000 -55.111699 40.634137 74.176320 -0.639773 0.670949 -0.227100 0.298233
307.700000000 -55.366389 40.727406 74.450341 -0.640263 0.671062 -0.225678 0.298007
307.800000000 -55.418604 40.773941 74.508219 -0.640231 0.671152 -0.225745 0.297823
307.900000000 -55.502721 40.815581 74.578415 -0.640212 0.671394 -0.225927 0.297179
308.100000000 -55.675035 40.896443 74.793812 -0.640406 0.671318 -0.224884 0.297724
308.600000000 -56.041756 41.073823 75.157350 -0.640625 0.670952 -0.222680 0.299726
308.700000000 -56.183508 41.079682 75.336587 -0.640320 0.670889 -0.223549 0.299873
309.000000000 -56.488237 41.128457 75.625725 -0.639839 0.670786 -0.224415 0.300484
309.200000000 -56.656699 41.150178 75.797230 -0.639941 0.671007 -0.223795 0.300236
309.300000000 -56.707351 41.151666 75.907510 -0.639827 0.671174 -0.223968 0.299977
309.900000000 -57.270430 41.161013 76.326403 -0.640773 0.671513 -0.220454 0.299801
310.200000000 -57.481163 41.115417 76.641865 -0.639999 0.670979 -0.221742 0.301692
310.300000000 -57.626569 41.092117 76.771823 -0.639820 0.670873 -0.221938 0.302163
310.500000000 -57.880453 41.043028 77.030240 -0.639582 0.670698 -0.221978 0.303026
310.600000000 -58.088157 40.999603 77.252597 -0.639106 0.670491 -0.222754 0.303917
310.700000000 -58.168717 40.977014 77.293443 -0.639163 0.670523 -0.222646 0.303807
310.800000000 -58.198521 40.959005 77.316021 -0.639208 0.670593 -0.222377 0.303754
311.000000000 -58.449908 40.890843 77.480795 -0.639800 0.671571 -0.220963 0.301371
311.100000000 -58.533878 40.856172 77.544761 -0.639782 0.671750 -0.221000 0.300982
311.200000000 -58.708178 40.815444 77.705309 -0.639518 0.671448 -0.221018 0.302203
311.300000000 -58.787096 40.779809 77.779268 -0.639494 0.671337 -0.220856 0.302615
311.500000000 -59.013490 40.692977 77.991385 -0.639176 0.671224 -0.221447 0.303107
311.800000000 -59.355814 40.553400 78.297058 -0.638633 0.671058 -0.222058 0.304168
312.000000000 -59.472779 40.458322 78.437248 -0.638757 0.671315 -0.221978 0.303399
312.100000000 -59.556691 40.411815 78.499187 -0.639012 0.671482 -0.221179 0.303077
312.600000000 -60.089870 40.145516 78.923882 -0.639153 0.672149 -0.220406 0.301861
312.800000000 -60.311654 40.030186 79.120966 -0.639068 0.672189 -0.220162 0.302131
312.900000000 -60.455810 39.971993 79.250666 -0.638847 0.671925 -0.220131 0.303207
313.200000000 -60.702746 39.802436 79.455836 -0.639029 0.672230 -0.219909 0.302305
313.500000000 -60.889017 39.626435 79.684368 -0.638383 0.672450 -0.221000 0.302387
313.600000000 -61.147121 39.552752 79.864250 -0.637838 0.672169 -0.221771 0.303594
313.800000000 -61.237803 39.448909 79.951989 -0.638471 0.672604 -0.220717 0.302063
313.900000000 -61.354634 39.389445 80.041350 -0.638390 0.672634 -0.220799 0.302109
314.100000000 -61.635261 39.265555 80.246459 -0.638290 0.673051 -0.220721 0.301447
314.200000000 -61.640763 39.213870 80.278854 -0.638536 0.673132 -0.220556 0.300867
314.300000000 -61.771375 39.154814 80.389841 -0.638413 0.673205 -0.220347 0.301116
314.600000000 -61.972141 38.991653 80.591396 -0.638482 0.673352 -0.220415 0.300591
314.800000000 -62.269575 38.873025 80.847721 -0.637795 0.673012 -0.221233 0.302207
315.000000000 -62.471396 38.763391 81.027029 -0.637357 0.672968 -0.221948 0.302702
315.100000000 -62.590498 38.719438 81.139821 -0.637936 0.672222 -0.220376 0.304286
315.400000000 -62.766202 38.574819 81.292742 -0.638366 0.673400 -0.219730 0.301230
315.600000000 -62.897549 38.481937 81.457874 -0.638089 0.673340 -0.220071 0.301702
315.700000000 -63.090551 38.428524 81.606602 -0.637655 0.673108 -0.220494 0.302827
316.500000000 -63.800869 38.098749 82.297441 -0.638065 0.673660 -0.219104 0.301743
316.600000000 -64.031887 38.061737 82.464405 -0.637876 0.673138 -0.218701 0.303594
316.900000000 -64.118961 37.976751 82.653236 -0.637741 0.672878 -0.219207 0.304089
317.200000000 -64.403920 37.885803 82.976008 -0.637410 0.672033 -0.219708 0.306283
317.500000000 -64.958996 37.785179 83.455455 -0.636468 0.671293 -0.220661 0.309164
317.600000000 -65.133029 37.760775 83.586729 -0.636353 0.670826 -0.220457 0.310557
318.000000000 -65.584060 37.674469 83.972771 -0.636526 0.670790 -0.219708 0.310811
318.100000000 -65.621226 37.664248 84.033607 -0.636658 0.670765 -0.219429 0.310791
318.200000000 -65.705119 37.643647 84.149309 -0.636338 0.670712 -0.220112 0.311078
318.300000000 -65.790293 37.629551 84.248992 -0.636179 0.670371 -0.220440 0.311905
318.400000000 -65.875842 37.616215 84.348625 -0.636178 0.670287 -0.220300 0.312188
318.700000000 -66.256950 37.575723 84.654676 -0.636513 0.670269 -0.219282 0.312260
318.800000000 -66.342221 37.567073 84.735940 -0.636340 0.670147 -0.219601 0.312650
319.300000000 -66.841295 37.534800 85.150240 -0.636791 0.670341 -0.218431 0.312134
319.400000000 -66.816055 37.527294 85.270687 -0.636316 0.670013 -0.219841 0.312817
320.000000000 -67.270828 37.549887 85.583127 -0.637878 0.670989 -0.216639 0.309763
320.300000000 -67.569057 37.522926 86.101294 -0.636875 0.670203 -0.218834 0.311977
320.400000000 -67.633489 37.528836 86.177335 -0.636597 0.670038 -0.219416 0.312490
320.500000000 -67.750604 37.529190 86.281804 -0.636382 0.669842 -0.219846 0.313045
320.700000000 -67.953105 37.537722 86.454846 -0.635920 0.669316 -0.220791 0.314441
320.900000000 -68.084151 37.556398 86.572851 -0.636866 0.670387 -0.218804 0.311622
321.200000000 -68.282993 37.588659 86.736814 -0.636143 0.670111 -0.220584 0.312435
321.300000000 -68.391780 37.582212 86.942488 -0.635957 0.669961 -0.221040 0.312813
321.400000000 -68.485961 37.572280 87.136809 -0.635731 0.669811 -0.221757 0.313086
322.000000000 -68.726953 37.695035 87.223249 -0.647384 0.677111 -0.198645 0.288018
322.100000000 -68.723240 37.717303 87.246403 -0.647440 0.677315 -0.198771 0.287323
322.200000000 -68.882891 37.709824 87.467771 -0.646991 0.676974 -0.199775 0.288443
322.300000000 -68.970089 37.711729 87.619308 -0.646829 0.676799 -0.200191 0.288929
322.600000000 -69.146640 37.784587 87.551146 -0.648782 0.678017 -0.195957 0.284563
322.700000000 -69.216161 37.785401 87.753299 -0.648456 0.677814 -0.196654 0.285305
323.000000000 -69.461502 37.838219 87.795434 -0.649982 0.678927 -0.193301 0.281453
323.400000000 -69.733323 37.862853 88.239770 -0.649433 0.678625 -0.194940 0.282319
323.800000000 -70.024464 37.915803 88.520451 -0.650448 0.678899 -0.192207 0.281195
324.100000000 -70.248423 37.906144 89.057206 -0.648527 0.677508 -0.197062 0.285592
324.200000000 -70.364150 37.909079 89.179590 -0.648208 0.677177 -0.197648 0.286694
324.800000000 -70.233792 37.943915 89.432419 -0.661289 0.688098 -0.170217 0.245445
325.000000000 -70.171105 38.010703 89.274379 -0.668013 0.692159 -0.152226 0.226939
325.300000000 -70.352737 38.087316 89.204292 -0.681254 0.699429 -0.110780 0.185525
326.100000000 -70.198618 38.180306 89.535707 -0.690482 0.703467 -0.074643 0.150988
326.600000000 -70.495605 38.086019 90.073021 -0.689958 0.703325 -0.075856 0.153425
327.200000000 -70.705512 37.872335 90.906741 -0.690158 0.703284 -0.075330 0.152967
327.500000000 -70.923328 37.714638 91.157008 -0.690243 0.703696 -0.075460 0.150605
327.800000000 -70.947487 37.522138 91.584534 -0.690438 0.703648 -0.076314 0.149500
328.000000000 -71.141263 37.389808 91.816366 -0.690174 0.703657 -0.075420 0.151123
328.100000000 -71.366900 37.314303 91.827847 -0.689917 0.703880 -0.075733 0.151103
328.800000000 -71.484685 36.710856 92.550988 -0.694340 0.705615 -0.058103 0.128933
329.000000000 -71.493392 36.494263 93.119669 -0.690496 0.703298 -0.075736 0.151164
329.100000000 -71.619532 36.404319 93.012120 -0.693716 0.705122 -0.061603 0.133286
329.200000000 -71.602319 36.282176 93.356458 -0.690454 0.703386 -0.076317 0.150657
329.300000000 -71.644226 36.175376 93.470714 -0.690409 0.703493 -0.076479 0.150277
329.900000000 -71.918384 35.506616 94.061874 -0.692219 0.704272 -0.070367 0.141003
330.000000000 -71.916337 35.388640 94.224830 -0.691169 0.703809 -0.075219 0.145877
330.200000000 -71.977831 35.175078 94.317493 -0.692003 0.703938 -0.072279 0.142755
330.800000000 -72.250879 34.479334 95.031745 -0.691819 0.703546 -0.074220 0.144575
330.900000000 -72.357050 34.368402 95.113076 -0.693098 0.703851 -0.068775 0.139568
331.000000000 -72.351500 34.248913 95.135445 -0.692941 0.704284 -0.071068 0.136990
331.200000000 -72.364734 34.038419 95.325680 -0.692617 0.704103 -0.072005 0.139053
331.600000000 -72.542206 33.596078 95.835363 -0.692374 0.703653 -0.073665 0.141647
331.700000000 -72.507399 33.508318 95.861357 -0.692482 0.703467 -0.073358 0.142205
331.900000000 -72.700253 33.284959 96.174270 -0.692573 0.703737 -0.073006 0.140592
332.000000000 -72.644335 33.206753 96.172665 -0.692873 0.703548 -0.072241 0.140458
332.100000000 -72.624495 33.120687 96.189581 -0.692820 0.703702 -0.072985 0.139560
332.200000000 -72.582345 33.036889 96.266404 -0.692545 0.703368 -0.074428 0.141827
332.300000000 -72.635694 32.948290 96.350233 -0.693023 0.703475 -0.071969 0.140222
332.400000000 -72.652926 32.862610 96.401041 -0.693203 0.703696 -0.071360 0.138526
332.500000000 -72.679621 32.776390 96.527614 -0.693121 0.703521 -0.071371 0.139812
332.700000000 -72.665118 32.608283 96.717887 -0.692384 0.703347 -0.075825 0.141978
333.100000000 -72.753423 32.331540 96.944412 -0.693862 0.703167 -0.069983 0.138615
333.300000000 -72.637075 32.221742 96.950554 -0.693636 0.703232 -0.071146 0.138820
333.500000000 -72.578252 32.121700 97.051038 -0.693786 0.703157 -0.071336 0.138358
333.600000000 -72.621467 32.060149 97.151591 -0.693299 0.703545 -0.075719 0.136482
333.800000000 -72.825610 31.939853 97.441093 -0.694090 0.704807 -0.075223 0.125813
334.100000000 -72.752930 31.831468 97.606449 -0.693430 0.704599 -0.079587 0.127910
334.400000000 -72.710099 31.775698 97.690535 -0.693665 0.704063 -0.077513 0.130827
334.600000000 -72.738219 31.729749 97.856923 -0.693386 0.704018 -0.079210 0.131528
334.700000000 -72.895630 31.677803 98.149649 -0.693298 0.704143 -0.079797 0.130971
334.800000000 -72.926275 31.659787 98.262092 -0.693084 0.704124 -0.080650 0.131680
334.900000000 -72.902736 31.664379 98.270976 -0.693203 0.704011 -0.080569 0.131705
335.000000000 -72.871178 31.670340 98.298901 -0.693306 0.703931 -0.080225 0.131800
335.100000000 -72.885335 31.672710 98.371178 -0.693176 0.703829 -0.080798 0.132675
335.200000000 -72.825118 31.688160 98.365352 -0.693368 0.703693 -0.080592 0.132524
335.600000000 -72.990171 31.727413 98.598917 -0.694139 0.703871 -0.077066 0.129606
336.600000000 -73.175496 32.060754 98.975979 -0.695836 0.703735 -0.069773 0.125303
336.700000000 -73.104259 32.127355 98.897823 -0.696333 0.703645 -0.067927 0.124056
336.800000000 -73.172545 32.146971 99.156684 -0.695474 0.703308 -0.071705 0.128581
337.100000000 -73.694177 32.234473 99.674415 -0.698909 0.704061 -0.050133 0.115371
337.200000000 -73.783630 32.270040 99.818094 -0.698812 0.703586 -0.048001 0.119684
337.300000000 -73.803767 32.322532 99.881256 -0.698893 0.703157 -0.045785 0.122572
337.400000000 -73.724508 32.379198 99.930503 -0.698718 0.702915 -0.046333 0.124728
337.500000000 -73.752448 32.436502 99.917717 -0.698942 0.702971 -0.044830 0.123704
337.600000000 -73.061672 32.561189 99.695870 -0.695514 0.700732 -0.065948 0.144523
337.700000000 -73.714269 32.534616 100.126663 -0.698333 0.702749 -0.049825 0.126459
337.900000000 -73.971069 32.599266 100.502252 -0.698488 0.703213 -0.047884 0.123745
338.000000000 -73.938141 32.664972 100.413802 -0.698732 0.703280 -0.046854 0.122375
338.300000000 -73.934226 32.794236 100.816711 -0.697715 0.702913 -0.051899 0.128116
338.800000000 -73.933635 33.052291 100.799125 -0.697876 0.702803 -0.053772 0.127066
338.900000000 -73.917590 33.085964 101.000006 -0.697457 0.702515 -0.055734 0.130077
339.100000000 -73.878800 33.178867 101.089239 -0.697259 0.702219 -0.057268 0.132056
339.900000000 -73.517478 33.587104 100.730475 0.706345 -0.703991 0.005752 -0.073758
340.000000000 -73.407503 33.672141 100.287136 0.707066 -0.703775 0.001648 -0.068964
340.100000000 -73.350115 33.729486 100.043458 0.707555 -0.703572 -0.000400 -0.065967
340.400000000 -72.387888 33.947442 99.394220 0.707383 -0.702624 0.010480 -0.076284
340.500000000 -72.305408 33.995857 99.244209 0.707642 -0.702423 0.010040 -0.075791
340.800000000 -72.558330 34.007746 99.775835 0.707672 -0.702591 0.007690 -0.074216
341.000000000 -72.355553 34.067330 99.703735 0.707760 -0.702426 0.008465 -0.074838
341.100000000 -72.534880 34.012683 100.311480 0.707321 -0.702710 0.010016 -0.076130
341.200000000 -72.616113 34.018526 100.438478 0.707222 -0.702771 0.008653 -0.076650
341.300000000 -72.593047 34.034273 100.462441 0.707291 -0.702700 0.008441 -0.076687
341.400000000 -72.566630 34.051709 100.428099 0.707385 -0.702682 0.007792 -0.076049
341.500000000 -72.519969 34.056717 100.618238 0.707071 -0.702759 0.008289 -0.078178
341.700000000 -72.465604 34.085254 100.517387 0.707244 -0.702626 0.007846 -0.077852
342.000000000 -72.607694 34.070394 100.768481 0.707482 -0.702772 0.004234 -0.074580
342.100000000 -72.582595 34.063852 100.892453 0.707370 -0.702763 0.004500 -0.075708
342.400000000 -72.513208 34.037441 101.157240 0.706937 -0.702702 0.008069 -0.079907
342.500000000 -72.515491 34.036750 101.175362 0.707195 -0.702737 0.004849 -0.077540
342.900000000 -72.643443 33.936285 101.829332 0.706659 -0.702994 0.005507 -0.080016
343.000000000 -72.677300 33.918420 101.895253 0.706646 -0.702976 0.005266 -0.080307
343.100000000 -72.651362 33.897045 102.050615 0.706373 -0.703000 0.005998 -0.082415
343.700000000 -73.026416 33.733011 102.419489 0.706380 -0.703471 0.001243 -0.078452
343.800000000 -73.118450 33.692460 102.560225 0.706232 -0.703465 0.002465 -0.079792
343.900000000 -73.132505 33.662199 102.685105 0.706147 -0.703459 0.002168 -0.080601
344.100000000 -73.413341 33.588199 102.696276 0.705904 -0.703728 0.001918 -0.080395
344.300000000 -74.602426 33.548430 101.957337 0.709082 -0.702476 -0.058790 -0.016551
344.500000000 -75.475863 33.483698 101.363656 0.708766 -0.700814 -0.080238 0.008545
344.700000000 -76.158517 33.446869 100.599138 0.705268 -0.691472 -0.136967 0.075526
344.900000000 -77.310549 33.345378 100.176998 0.703240 -0.688228 -0.151769 0.093605
345.200000000 -77.982206 33.275690 99.265397 0.681992 -0.655103 -0.247116 0.211330
345.300000000 -77.823510 33.202501 99.814684 0.681912 -0.655197 -0.246882 0.211571
345.700000000 -77.713041 33.100431 99.700921 0.652659 -0.617900 -0.320197 0.299516
345.900000000 -77.383312 33.007248 100.312220 0.654434 -0.620220 -0.316100 0.295166
346.000000000 -77.413685 32.932755 100.807958 0.651426 -0.617503 -0.321780 0.301317
346.100000000 -76.984430 32.910335 100.986452 0.654104 -0.619669 -0.316609 0.296509
346.200000000 -77.149183 32.839422 101.323189 0.651869 -0.617583 -0.320790 0.301251
346.400000000 -77.588335 32.743631 101.366038 0.637666 -0.600603 -0.347737 0.334271
346.500000000 -77.551982 32.705399 101.536518 0.637542 -0.601036 -0.347754 0.333712
346.600000000 -77.226920 32.672129 101.821430 0.639180 -0.602664 -0.344821 0.330670
347.000000000 -76.666740 32.646275 101.282853 0.600789 -0.556369 -0.405854 0.405942
347.300000000 -76.753379 32.520135 101.765066 0.587820 -0.542747 -0.422534 0.425862
347.400000000 -76.370707 32.511155 101.974292 0.589174 -0.545192 -0.420667 0.422705
347.500000000 -76.181484 32.481224 102.169493 0.589936 -0.545843 -0.419638 0.421824
347.800000000 -76.056455 32.377828 102.615179 0.575377 -0.529673 -0.437460 0.443866
348.200000000 -75.670792 32.278777 102.962270 0.524337 -0.472147 -0.490083 0.511826
348.400000000 -75.506203 32.245770 103.049441 0.524750 -0.472907 -0.489728 0.511041
348.600000000 -74.592313 32.245276 103.491042 0.522133 -0.470488 -0.491804 0.513952
348.700000000 -74.176315 32.263456 103.538198 0.524063 -0.472992 -0.490086 0.511325
348.800000000 -73.645610 32.269343 103.777409 0.522672 -0.471899 -0.491218 0.512670
348.900000000 -73.358169 32.270591 103.854186 0.523650 -0.472640 -0.490376 0.511794
349.300000000 -71.718499 32.294402 104.556848 0.517631 -0.467381 -0.495203 0.518062
349.600000000 -70.417605 32.349770 104.817530 0.517196 -0.466959 -0.495424 0.518664
349.700000000 -69.671651 32.385661 105.010034 0.515808 -0.465954 -0.496435 0.519981
349.800000000 -69.269096 32.410833 105.013275 0.517015 -0.467266 -0.495429 0.518564
350.000000000 -68.767336 32.422799 105.162115 0.515892 -0.465887 -0.496282 0.520105
350.100000000 -68.503083 32.438452 105.169425 0.516032 -0.466171 -0.496199 0.519791
350.200000000 -68.137151 32.470187 105.102990 0.517529 -0.467833 -0.494890 0.518054
350.400000000 -67.871569 32.483073 105.137506 0.517205 -0.467225 -0.495163 0.518665
351.200000000 -67.249527 32.562649 104.958610 0.516297 -0.465838 -0.496182 0.519842
351.300000000 -67.208297 32.581188 104.874204 0.516241 -0.466276 -0.496351 0.519343
351.400000000 -67.283113 32.597579 104.674533 0.518108 -0.467811 -0.494825 0.517557
351.500000000 -67.401693 32.613656 104.499571 0.519263 -0.469337 -0.493972 0.515830
352.100000000 -67.509155 32.731911 103.772036 0.521756 -0.472718 -0.492397 0.511716
352.300000000 -67.669750 32.750662 103.676098 0.521328 -0.472128 -0.492931 0.512182
352.600000000 -67.966154 32.814518 103.188470 0.524544 -0.476436 -0.490539 0.507182
352.900000000 -68.127853 32.889534 102.751559 0.524695 -0.477629 -0.490862 0.505589
353.000000000 -68.223506 32.914958 102.560956 0.525935 -0.478999 -0.489950 0.503887
353.200000000 -68.816940 32.953402 102.014183 0.537509 -0.491923 -0.479685 0.488875
353.400000000 -69.415346 32.954190 101.805193 0.536964 -0.491035 -0.480448 0.489617
353.700000000 -69.888108 33.002057 101.465334 0.541712 -0.497201 -0.476151 0.482307
353.800000000 -70.171149 33.005767 101.339447 0.543251 -0.498380 -0.474659 0.480827
354.100000000 -69.723474 33.058443 101.683676 0.541379 -0.496805 -0.476212 0.483028
354.200000000 -69.626839 33.093727 101.584394 0.541011 -0.497119 -0.476704 0.482632
354.500000000 -68.831554 33.177105 101.950811 0.544418 -0.502801 -0.472940 0.476580
354.600000000 -68.160200 33.241943 102.035774 0.541847 -0.500315 -0.475315 0.479752
354.800000000 -67.278498 33.302558 102.423374 0.537969 -0.496017 -0.478668 0.485215
354.900000000 -67.223712 33.340866 102.285387 0.538000 -0.496988 -0.478721 0.484133
355.500000000 -66.806130 33.425733 102.825405 0.535729 -0.497777 -0.480875 0.483707
355.900000000 -66.025403 33.523923 103.040936 0.542779 -0.505288 -0.474204 0.474558
356.000000000 -65.699920 33.569275 103.002349 0.541613 -0.504850 -0.475623 0.474937
356.100000000 -65.457842 33.599666 103.027925 0.538792 -0.502638 -0.478417 0.477676
356.200000000 -65.174080 33.629930 103.074456 0.534749 -0.499192 -0.482292 0.481919
356.500000000 -64.707156 33.631211 103.705821 0.537330 -0.504179 -0.479184 0.476930
356.600000000 -64.260172 33.651753 104.020115 0.556977 -0.523483 -0.461555 0.450232
356.700000000 -64.320584 33.695899 103.936616 0.477791 -0.423656 -0.534144 0.554006
356.800000000 -64.151123 33.713400 104.146602 0.487501 -0.434036 -0.531189 0.540179
356.900000000 -64.019644 33.742721 104.039169 0.481418 -0.423523 -0.537859 0.547333
357.400000000 -64.105612 33.866287 103.246173 0.386670 -0.329188 -0.593941 0.623984
357.600000000 -64.017743 33.891112 103.110434 0.384247 -0.325533 -0.594810 0.626565
357.700000000 -64.003510 33.896824 103.081557 0.382332 -0.322796 -0.595519 0.628476
358.000000000 -63.824968 33.905204 103.041037 0.381108 -0.321400 -0.594453 0.630939
358.200000000 -63.730191 33.934116 103.011564 0.385489 -0.318732 -0.591841 0.632086
358.300000000 -63.603204 33.930750 103.101536 0.378784 -0.308102 -0.593653 0.639666
358.700000000 -63.175140 33.944524 103.018713 0.378955 -0.312872 -0.592543 0.638277
358.800000000 -62.791750 33.946810 103.016629 0.370786 -0.309060 -0.596057 0.641651
358.900000000 -62.703445 33.977378 102.940112 0.379732 -0.308811 -0.590380 0.641788
359.200000000 -62.562676 33.969692 103.024505 0.385722 -0.310355 -0.584993 0.642403
359.500000000 -62.183782 33.988582 103.010085 0.372529 -0.306815 -0.591632 0.645800
359.800000000 -61.911469 33.954544 103.105235 0.379225 -0.332039 -0.589894 0.630844
360.400000000 -60.898299 33.989127 103.200132 0.371295 -0.323614 -0.593440 0.636587
360.800000000 -60.091081 33.989646 103.316485 0.370314 -0.316791 -0.592939 0.641041
361.000000000 -60.016965 33.991059 103.385910 0.372661 -0.315771 -0.591233 0.641760
361.100000000 -60.003233 33.985976 103.458724 0.373768 -0.313330 -0.590190 0.643271
361.800000000 -60.264310 33.864352 104.017004 0.381866 -0.326827 -0.586260 0.635344
362.400000000 -60.120374 33.785971 104.400204 0.372127 -0.305242 -0.586336 0.651582
362.800000000 -59.745178 33.709879 104.600560 0.381590 -0.324983 -0.581844 0.640495
363.000000000 -59.739437 33.669046 104.726994 0.383298 -0.326536 -0.579431 0.640871
363.100000000 -59.737428 33.647913 104.781002 0.386179 -0.330138 -0.578348 0.638270
363.300000000 -59.426064 33.616278 104.963106 0.375057 -0.331448 -0.583880 0.639185
363.500000000 -59.083562 33.658920 104.999711 0.367523 -0.324630 -0.587950 0.643317
363.600000000 -59.208265 33.687249 105.124483 0.374851 -0.314787 -0.583005 0.648461
363.700000000 -59.540145 33.621334 105.284880 0.374834 -0.321238 -0.583527 0.644827
363.900000000 -59.598410 33.607423 105.475640 0.371658 -0.314909 -0.583268 0.650001
364.300000000 -59.509521 33.526766 105.762556 0.372034 -0.330678 -0.583694 0.641517
364.500000000 -59.641386 33.485624 105.943585 0.372194 -0.329683 -0.582626 0.642906
364.600000000 -59.835000 33.447717 105.979591 0.354634 -0.318087 -0.589978 0.651906
364.700000000 -60.497709 33.375332 106.213726 0.362707 -0.322380 -0.585548 0.649345
364.900000000 -60.926746 33.324790 106.389195 0.357454 -0.317672 -0.587762 0.652570
365.100000000 -60.883334 33.285590 106.557543 0.357443 -0.326169 -0.588946 0.647295
365.200000000 -60.925843 33.250413 106.628144 0.352774 -0.329514 -0.591640 0.645704
365.300000000 -60.869754 33.236143 106.659925 0.349784 -0.330113 -0.593763 0.645075
365.600000000 -60.764317 33.224818 106.814184 0.351263 -0.327713 -0.592853 0.646331
365.900000000 -60.803928 33.227874 106.943027 0.356501 -0.327802 -0.590824 0.645275
366.100000000 -60.768356 33.238771 107.061284 0.358334 -0.325155 -0.589372 0.646925
366.200000000 -60.753347 33.235562 107.094768 0.355943 -0.324977 -0.590850 0.646986
366.300000000 -60.769770 33.238343 107.157504 0.358338 -0.323811 -0.589450 0.647525
366.400000000 -60.804249 33.222307 107.247941 0.357708 -0.324718 -0.590186 0.646749
366.600000000 -60.937979 33.230329 107.331160 0.363098 -0.326055 -0.587104 0.645877
366.900000000 -61.058860 33.231105 107.494111 0.366887 -0.324945 -0.584274 0.646861
367.300000000 -61.068239 33.220163 107.687981 0.370140 -0.332034 -0.583755 0.641857
367.400000000 -61.005432 33.223290 107.711909 0.369255 -0.333418 -0.584638 0.640845
367.500000000 -60.961475 33.233210 107.712633 0.369826 -0.333346 -0.584565 0.640619
367.600000000 -60.948754 33.237904 107.738557 0.370929 -0.333218 -0.583988 0.640574
367.800000000 -60.964764 33.246889 107.751729 0.367109 -0.330386 -0.586156 0.642259
367.900000000 -61.039822 33.239789 107.830077 0.367974 -0.331176 -0.585796 0.641686
368.100000000 -61.202566 33.235632 107.829304 0.372773 -0.335157 -0.583883 0.638585
368.300000000 -61.344863 33.228211 107.951967 0.375789 -0.333303 -0.582308 0.639226
368.400000000 -61.480038 33.226082 107.949732 0.366474 -0.326060 -0.586615 0.644411
368.500000000 -61.596681 33.218056 108.026613 0.367894 -0.327650 -0.586180 0.643190
369.000000000 -61.836392 33.218634 108.110481 0.374429 -0.331269 -0.583598 0.639905
369.300000000 -61.837346 33.234541 108.153152 0.374574 -0.331740 -0.583924 0.639278
369.700000000 -61.905485 33.252914 108.205563 0.377008 -0.333557 -0.583091 0.637659
370.300000000 -62.162049 33.275517 108.204501 0.371150 -0.326769 -0.586783 0.641214
370.500000000 -62.318094 33.265655 108.296297 0.373693 -0.328465 -0.585781 0.639785
370.600000000 -62.408879 33.261315 108.319578 0.375556 -0.330088 -0.585011 0.638562
370.800000000 -62.431460 33.269397 108.312718 0.380136 -0.333485 -0.582985 0.635934
370.900000000 -62.552542 33.264289 108.331563 0.378401 -0.331291 -0.584030 0.637156
371.500000000 -62.752997 33.277109 108.310408 0.377710 -0.326663 -0.585196 0.638883
371.800000000 -63.040251 33.257944 108.365175 0.379019 -0.325264 -0.585126 0.638886
371.900000000 -63.121921 33.251906 108.384714 0.379209 -0.324844 -0.585148 0.638967
372.000000000 -62.967288 33.277114 108.338285 0.379493 -0.324798 -0.585146 0.638824
372.100000000 -62.939625 33.282958 108.328427 0.379988 -0.324653 -0.585005 0.638732
372.200000000 -63.065435 33.268465 108.384891 0.380667 -0.324404 -0.584777 0.638663
372.600000000 -63.249401 33.279680 108.279386 0.388444 -0.331375 -0.581731 0.633160
372.700000000 -63.300817 33.280046 108.245789 0.391719 -0.333680 -0.580244 0.631293
372.900000000 -63.344466 33.267030 108.310061 0.392928 -0.332843 -0.579736 0.631450
373.100000000 -63.328237 33.275816 108.286808 0.397377 -0.336384 -0.577743 0.628610
373.200000000 -63.102023 33.301612 108.280476 0.393701 -0.332143 -0.579625 0.631440
373.300000000 -63.005065 33.311269 108.285074 0.393093 -0.331200 -0.579912 0.632050
373.400000000 -62.737268 33.351143 108.220996 0.395767 -0.335068 -0.578621 0.629520
373.500000000 -62.555387 33.372079 108.190667 0.394264 -0.333726 -0.579359 0.630497
373.900000000 -62.240221 33.389403 108.374069 0.398138 -0.337055 -0.577314 0.628163
374.200000000 -62.031602 33.403264 108.446535 0.397441 -0.335712 -0.577712 0.628957
374.800000000 -61.595946 33.349816 109.232302 0.364328 -0.295745 -0.592806 0.654508
374.900000000 -61.524823 33.363562 109.259559 0.361092 -0.294010 -0.594143 0.655869
375.000000000 -61.488197 33.367560 109.240269 0.361823 -0.294661 -0.593808 0.655478
375.600000000 -61.542709 33.339494 109.417740 0.360569 -0.293217 -0.594063 0.656584
375.700000000 -61.775396 33.301374 109.590704 0.355586 -0.288039 -0.596209 0.659641
375.900000000 -61.990539 33.270292 109.699186 0.357766 -0.290602 -0.595231 0.658221
376.000000000 -61.976260 33.269092 109.704343 0.358162 -0.291172 -0.594974 0.657985
376.100000000 -62.256379 33.224818 109.867270 0.357218 -0.289719 -0.595346 0.658803
376.400000000 -62.665693 33.159472 110.007184 0.359048 -0.290497 -0.594511 0.658219
376.700000000 -62.963204 33.099839 110.191828 0.361798 -0.292580 -0.593119 0.657046
376.800000000 -63.256524 33.046722 110.399385 0.362054 -0.292802 -0.592986 0.656926
376.900000000 -63.480148 33.014930 110.437702 0.362046 -0.291963 -0.592989 0.657301
377.100000000 -63.555790 32.999241 110.456826 0.364298 -0.294460 -0.591828 0.655987
377.200000000 -63.581463 32.990684 110.518807 0.363960 -0.294394 -0.591849 0.656186
377.600000000 -63.990290 32.904290 110.798415 0.364762 -0.294315 -0.591183 0.656376
377.700000000 -64.625805 32.808407 111.044779 0.364504 -0.292980 -0.591427 0.656897
378.100000000 -66.348000 32.599519 111.397692 0.371485 -0.300366 -0.588756 0.652032
378.200000000 -67.053586 32.511137 111.631654 0.371767 -0.301302 -0.588760 0.651436
378.500000000 -68.086636 32.377855 112.151279 0.369990 -0.303145 -0.589454 0.650964
378.600000000 -68.486632 32.326079 112.372629 0.367376 -0.302168 -0.590562 0.651894
378.800000000 -68.952766 32.255421 112.682127 0.365432 -0.301970 -0.591228 0.652475
379.400000000 -68.942590 32.106586 114.354350 0.329873 -0.269889 -0.604799 0.672727
379.600000000 -68.714277 32.103202 114.589776 0.332046 -0.272478 -0.603443 0.671832
380.300000000 -68.843071 32.035793 114.600610 0.248212 -0.179933 -0.629465 0.713995
380.600000000 -68.792615 32.024686 114.717131 0.247446 -0.179480 -0.629177 0.714629
380.900000000 -68.874390 31.990705 114.977452 0.245054 -0.177148 -0.629454 0.715790
381.000000000 -69.277120 31.929833 115.363935 0.244172 -0.177942 -0.629832 0.715562
381.400000000 -69.679630 31.844253 115.958072 0.243341 -0.178325 -0.629829 0.715752
382.000000000 -70.134218 31.725035 117.242487 0.231337 -0.171835 -0.632571 0.718895
382.100000000 -70.260679 31.710920 117.392973 0.230658 -0.173474 -0.632763 0.718550
382.300000000 -70.100058 31.675233 118.149282 0.220019 -0.164496 -0.634840 0.722157
382.500000000 -69.362579 31.681603 119.160764 0.137559 -0.083663 -0.647549 0.744821
383.000000000 -68.314460 31.676770 120.069335 0.024070 0.032517 -0.650661 0.758290
383.200000000 -67.911182 31.691200 120.607314 0.014091 0.039872 -0.650055 0.758710
383.500000000 -67.922059 31.665721 121.130499 0.012017 0.041201 -0.649936 0.758776
383.700000000 -67.977141 31.645567 121.441907 0.014614 0.038518 -0.650035 0.758787
383.800000000 -67.924288 31.640996 121.695453 0.011064 0.040864 -0.649817 0.758911
384.200000000 -67.869696 31.618304 122.248733 0.008892 0.042530 -0.649686 0.758960
384.400000000 -67.930136 31.594655 122.599315 0.010697 0.040781 -0.649962 0.758796
384.500000000 -67.932960 31.583480 122.731643 0.010724 0.041997 -0.650081 0.758628
384.600000000 -67.945332 31.578076 122.802737 0.012388 0.040662 -0.650211 0.758563
384.900000000 -67.909791 31.549823 123.129518 0.012837 0.043250 -0.650440 0.758217
385.100000000 -67.885584 31.497878 123.707624 0.012171 0.047564 -0.650751 0.757702
385.400000000 -67.860662 31.487568 123.982012 0.013324 0.046173 -0.651018 0.757539
385.600000000 -67.835366 31.477240 124.129935 0.013985 0.047122 -0.651120 0.757382
385.800000000 -67.859639 31.458255 124.386579 0.014672 0.046916 -0.651303 0.757224
385.900000000 -67.835276 31.445941 124.598845 0.014939 0.046886 -0.651357 0.757174
386.000000000 -67.802147 31.441154 124.761555 0.013228 0.047903 -0.651320 0.757174
386.100000000 -67.819393 31.432051 124.909629 0.013150 0.048025 -0.651421 0.757081
386.200000000 -67.826918 31.419766 125.023861 0.013886 0.047822 -0.651485 0.757026
386.700000000 -66.863504 31.521013 125.218410 -0.006605 0.065001 -0.649887 0.757218
386.800000000 -66.913381 31.504667 125.458231 -0.007195 0.064661 -0.649900 0.757230
386.900000000 -66.920932 31.496252 125.629502 -0.007603 0.064428 -0.649977 0.757180
387.200000000 -66.125365 31.576423 125.873689 -0.050494 0.108838 -0.645769 0.754047
387.300000000 -66.131546 31.581535 125.831649 -0.049562 0.107799 -0.645718 0.754302
387.600000000 -65.572717 31.584446 126.329507 -0.060646 0.121837 -0.644310 0.752557
387.900000000 -64.845558 31.610183 126.765792 -0.103442 0.163499 -0.636260 0.746820
388.000000000 -64.805905 31.620381 126.789178 -0.104089 0.163454 -0.636162 0.746824
388.400000000 -64.389240 31.614094 127.195914 -0.151046 0.212930 -0.625081 0.735608
389.400000000 -63.069152 31.748108 127.342808 -0.191801 0.251293 -0.612280 0.724691
389.500000000 -63.086979 31.749688 127.319791 -0.190391 0.250024 -0.612685 0.725160
389.600000000 -63.081892 31.749153 127.320012 -0.189530 0.249893 -0.613029 0.725139
389.700000000 -63.030294 31.749560 127.381046 -0.189160 0.249423 -0.613048 0.725382
389.900000000 -62.889056 31.747317 127.700234 -0.189286 0.249025 -0.613204 0.725354
390.000000000 -62.878290 31.749205 127.706057 -0.187656 0.247372 -0.613783 0.725853
390.200000000 -62.761045 31.753426 127.902791 -0.187637 0.247489 -0.613916 0.725706
390.300000000 -62.684517 31.755328 128.025913 -0.188287 0.247684 -0.613640 0.725704
390.400000000 -62.594702 31.754665 128.185664 -0.188144 0.247566 -0.613803 0.725644
390.600000000 -62.452090 31.759841 128.401941 -0.189277 0.247878 -0.613483 0.725514
390.700000000 -62.380085 31.758909 128.569401 -0.189115 0.247898 -0.613624 0.725429
390.900000000 -62.289913 31.764356 128.714947 -0.188705 0.246591 -0.613849 0.725791
391.000000000 -62.167943 31.763349 128.969149 -0.189327 0.246877 -0.613741 0.725623
391.100000000 -62.109147 31.765786 129.038851 -0.189738 0.246839 -0.613556 0.725685
391.900000000 -61.437594 31.768597 130.092276 -0.191357 0.249474 -0.613638 0.724288
392.000000000 -61.269182 31.752535 130.357809 -0.192164 0.252337 -0.613982 0.722789
392.200000000 -61.048154 31.739049 130.731998 -0.191508 0.253634 -0.614751 0.721856
392.500000000 -60.798556 31.746679 131.053313 -0.192141 0.254009 -0.614899 0.721429
392.600000000 -60.644796 31.733368 131.315279 -0.193167 0.256068 -0.614949 0.720385
392.700000000 -60.536028 31.734135 131.518987 -0.194398 0.256758 -0.614681 0.720036
392.900000000 -60.288060 31.732272 131.870677 -0.198829 0.261073 -0.613507 0.718273
393.200000000 -60.087645 31.723342 132.318822 -0.200703 0.262266 -0.613088 0.717675
393.300000000 -60.043098 31.726969 132.442807 -0.201767 0.261694 -0.612853 0.717787
393.500000000 -59.960955 31.709290 132.784811 -0.199493 0.260795 -0.613794 0.717945
393.700000000 -59.794335 31.713382 132.906091 -0.205415 0.268218 -0.611791 0.715245
393.800000000 -59.609954 31.732880 133.021195 -0.207550 0.267818 -0.611114 0.715358
393.900000000 -59.409206 31.733792 133.196213 -0.209117 0.269725 -0.610660 0.714572
394.700000000 -59.806702 31.848783 131.943735 -0.183678 0.236169 -0.616396 0.728384
394.900000000 -59.455132 31.951085 131.178027 -0.222188 0.272722 -0.603161 0.715857
395.000000000 -59.426984 31.944425 131.299652 -0.223083 0.273550 -0.602803 0.715565
395.100000000 -59.371933 31.931224 131.565615 -0.223816 0.275187 -0.602804 0.714707
395.300000000 -59.723865 31.882176 131.580751 -0.181254 0.236089 -0.616189 0.729191
395.700000000 -59.655616 31.835987 132.218465 -0.183666 0.240487 -0.615959 0.727343
395.900000000 -59.638802 31.814700 132.531583 -0.183341 0.240607 -0.616364 0.727042
396.100000000 -59.290430 31.860636 132.742482 -0.187665 0.242924 -0.614895 0.726411
396.300000000 -59.101970 31.887078 133.000474 -0.191032 0.244587 -0.613657 0.726023
396.400000000 -58.965058 31.920266 133.106280 -0.192998 0.243902 -0.612787 0.726468
396.600000000 -58.620668 31.996080 133.234658 -0.195312 0.238209 -0.612296 0.728150
396.700000000 -58.706099 32.001917 133.427922 -0.196923 0.238501 -0.611723 0.728103
397.200000000 -58.028345 32.181219 133.613083 -0.160923 0.204802 -0.620655 0.739559
397.300000000 -57.869964 32.215725 134.102638 -0.196579 0.236154 -0.610795 0.729738
397.400000000 -57.853751 32.256092 133.857561 -0.160503 0.202843 -0.620793 0.740074
397.500000000 -57.742018 32.292836 134.419316 -0.201195 0.235690 -0.609591 0.729636
397.900000000 -57.207089 32.488397 134.875397 -0.199940 0.234209 -0.609771 0.730308
398.300000000 -57.000865 32.694296 134.895918 -0.163292 0.204153 -0.619579 0.740121
398.600000000 -56.576499 32.903494 135.625948 -0.194162 0.229284 -0.611462 0.732013
399.000000000 -56.419186 33.179730 136.172100 -0.193894 0.230071 -0.611527 0.731784
399.300000000 -56.155137 33.434937 136.451317 -0.191623 0.227480 -0.612155 0.732666
399.600000000 -55.868137 33.754321 136.701357 -0.194253 0.223459 -0.611129 0.734066
399.900000000 -55.788081 34.148987 135.043566 -0.223723 0.246529 -0.601289 0.726377
400.200000000 -56.533731 34.665172 133.606506 -0.229233 0.221260 -0.596507 0.736665
400.300000000 -56.498817 34.799841 133.595339 -0.230724 0.220114 -0.596158 0.736826
400.400000000 -56.309006 34.940826 133.838765 -0.235797 0.218956 -0.593416 0.737777
400.500000000 -56.259006 35.058220 133.879432 -0.237363 0.218288 -0.592631 0.738104
400.800000000 -55.990346 34.119277 133.098548 -0.244847 0.208095 -0.635909 0.701689
401.200000000 -55.844572 34.525174 133.445586 -0.239590 0.205657 -0.637058 0.703177
401.300000000 -55.858828 34.634461 133.463384 -0.240834 0.203492 -0.636196 0.704162
401.700000000 -55.770471 35.769412 134.983746 -0.253134 0.203330 -0.568145 0.756169
401.900000000 -55.633558 35.303218 133.928231 -0.277852 0.183702 -0.608398 0.720350
402.100000000 -55.258887 35.563521 134.311515 -0.274954 0.192325 -0.612736 0.715518
402.400000000 -55.282765 35.776217 134.574179 -0.267201 0.186462 -0.614483 0.718503
403.000000000 -54.552271 36.290503 135.335925 -0.272553 0.193381 -0.611589 0.717132
403.100000000 -54.464695 36.374512 135.523168 -0.272354 0.194710 -0.611733 0.716724
403.400000000 -54.295978 36.558754 135.749868 -0.273137 0.191304 -0.609317 0.719396
403.500000000 -54.222090 36.620648 135.928842 -0.274381 0.192142 -0.608127 0.719707
403.700000000 -54.212485 36.695083 135.985590 -0.269752 0.189902 -0.609405 0.720970
403.800000000 -53.977055 36.764333 136.324402 -0.269606 0.194671 -0.610292 0.718999
403.900000000 -53.869954 36.810190 136.466857 -0.269396 0.195751 -0.610203 0.718860
404.300000000 -53.509081 36.993942 136.789987 -0.264761 0.198719 -0.613331 0.717103
404.400000000 -53.330928 37.016234 137.010593 -0.262413 0.203317 -0.614923 0.715312
404.500000000 -53.160233 37.039741 137.190225 -0.261484 0.206221 -0.615423 0.714390
404.600000000 -53.050588 37.068571 137.321702 -0.261162 0.207377 -0.615293 0.714285
405.400000000 -52.138124 36.899769 139.148434 -0.175516 0.280161 -0.616566 0.714528
405.500000000 -52.343692 37.110881 138.355124 -0.253070 0.209254 -0.615783 0.716226
405.900000000 -52.173961 37.148255 138.450279 -0.252892 0.206207 -0.614997 0.717846
406.300000000 -51.894709 37.082759 138.875392 -0.248495 0.204784 -0.615603 0.719268
406.400000000 -51.860966 37.071727 138.835409 -0.248821 0.204912 -0.615174 0.719486
406.500000000 -51.817949 37.060271 138.838622 -0.248652 0.204651 -0.615157 0.719634
406.600000000 -51.761510 37.049452 138.865020 -0.248148 0.204261 -0.615174 0.719904
406.700000000 -51.725282 37.053172 138.920446 -0.250279 0.201646 -0.613767 0.721102
406.800000000 -51.646330 37.040741 138.984791 -0.251091 0.201648 -0.613193 0.721308
407.100000000 -51.597577 36.994359 138.571805 -0.258580 0.201097 -0.610772 0.720870
407.200000000 -51.547145 36.961730 138.598893 -0.257958 0.201463 -0.610556 0.721174
408.100000000 -50.571316 36.421264 139.469432 -0.191258 0.267909 -0.617647 0.714253
408.200000000 -50.804550 36.660544 139.391427 -0.255325 0.198986 -0.608868 0.724219
408.500000000 -50.732937 36.538619 139.227632 -0.254822 0.196723 -0.608394 0.725412
408.700000000 -50.682278 36.501318 138.972343 -0.259191 0.196535 -0.606516 0.725488
408.800000000 -50.621824 36.457933 139.025434 -0.259816 0.195630 -0.605715 0.726178
409.700000000 -49.779787 35.865652 139.760974 -0.192115 0.249839 -0.617304 0.720838
409.900000000 -49.807927 36.063608 139.841154 -0.255112 0.192379 -0.605582 0.728820
410.000000000 -49.726343 36.044618 139.931323 -0.257090 0.190966 -0.604405 0.729474
410.100000000 -49.678479 36.027455 139.980799 -0.258946 0.189527 -0.603279 0.730124
410.400000000 -49.420842 35.928319 140.194250 -0.260888 0.190693 -0.602365 0.729883
410.800000000 -49.093264 35.818379 140.694499 -0.257735 0.187672 -0.602403 0.731753
411.000000000 -48.893608 35.761028 140.942726 -0.258127 0.188059 -0.602014 0.731835
411.200000000 -48.714344 35.698151 141.142251 -0.258198 0.188471 -0.601532 0.732101
411.600000000 -48.332980 35.622671 141.596370 -0.258859 0.190224 -0.601105 0.731764
411.800000000 -48.133241 35.583421 141.815951 -0.257453 0.191814 -0.601692 0.731363
411.900000000 -48.036110 35.564267 141.925254 -0.257364 0.192000 -0.601651 0.731379
412.200000000 -47.718698 35.495696 142.348524 -0.256010 0.194725 -0.602285 0.730612
412.400000000 -47.597048 35.499869 142.488017 -0.254037 0.192661 -0.602992 0.731264
412.600000000 -47.409971 35.467793 142.703614 -0.253083 0.194079 -0.603206 0.731044
412.900000000 -47.167025 35.455169 143.039043 -0.254070 0.193512 -0.602991 0.731029
413.000000000 -47.089261 35.448006 143.127383 -0.253801 0.193361 -0.602930 0.731213
413.100000000 -47.016740 35.448752 143.222387 -0.253929 0.193010 -0.602648 0.731493
413.200000000 -46.894367 35.446938 143.363842 -0.253659 0.193825 -0.602755 0.731283
413.800000000 -46.883740 35.395978 142.549386 -0.251260 0.197924 -0.604837 0.729292
413.900000000 -46.768047 35.396078 142.697593 -0.250859 0.198672 -0.604923 0.729156
414.000000000 -46.673233 35.396154 142.811735 -0.249925 0.199542 -0.605294 0.728931
414.100000000 -46.629055 35.391656 142.935368 -0.249381 0.200510 -0.605447 0.728724
414.500000000 -46.225585 35.423889 143.418511 -0.249340 0.203466 -0.605586 0.727803
414.700000000 -46.012885 35.433328 143.657378 -0.247176 0.205257 -0.606413 0.727350
414.900000000 -45.934385 35.444666 143.946709 -0.247357 0.206220 -0.606287 0.727121
415.000000000 -45.794387 35.455407 144.072328 -0.246637 0.207752 -0.606603 0.726665
415.300000000 -45.406688 35.471579 144.508430 -0.242129 0.214136 -0.608657 0.724607
415.500000000 -45.112785 35.474917 144.868189 -0.239909 0.218834 -0.609923 0.722875
415.700000000 -44.878841 35.494770 145.168421 -0.238535 0.221018 -0.610598 0.722096
415.800000000 -44.733671 35.487884 145.291004 -0.236152 0.224017 -0.611949 0.720810
415.900000000 -44.600518 35.484944 145.498522 -0.235285 0.226437 -0.612540 0.719835
416.000000000 -44.473150 35.473691 145.645031 -0.232715 0.229529 -0.613737 0.718671
416.600000000 -43.426649 35.417139 147.425397 -0.217812 0.241029 -0.618566 0.715430
416.800000000 -43.218237 35.373090 147.629750 -0.215083 0.244019 -0.620294 0.713743
417.000000000 -43.092784 35.348623 147.719862 -0.214205 0.243724 -0.620735 0.713725
417.100000000 -43.055498 35.332443 147.681095 -0.213329 0.243433 -0.621179 0.713700
417.200000000 -43.001687 35.321405 147.669387 -0.212904 0.243397 -0.621254 0.713774
417.300000000 -42.916586 35.303842 147.783963 -0.212581 0.243570 -0.621264 0.713803
417.700000000 -42.640962 35.238481 147.867001 -0.215030 0.245482 -0.620415 0.713152
418.000000000 -42.293966 35.165717 148.441121 -0.214707 0.247243 -0.620595 0.712484
418.100000000 -42.218134 35.149045 148.510716 -0.215874 0.246601 -0.620195 0.712702
418.200000000 -42.194177 35.153512 148.550002 -0.217101 0.242209 -0.619508 0.714431
418.400000000 -42.046448 35.097497 148.713850 -0.216463 0.241843 -0.619795 0.714499
418.600000000 -41.895526 35.021898 148.836093 -0.215340 0.242167 -0.620234 0.714348
418.700000000 -41.810568 34.999153 148.912195 -0.216683 0.242173 -0.619762 0.714350
419.300000000 -41.322556 34.811437 149.520342 -0.220347 0.238699 -0.618440 0.715543
419.500000000 -41.230844 34.720918 149.411793 -0.220254 0.238810 -0.618846 0.715184
419.600000000 -41.146089 34.673858 149.527163 -0.219170 0.239249 -0.619031 0.715210
419.800000000 -41.000847 34.601162 149.766919 -0.218624 0.236623 -0.618852 0.716405
420.000000000 -40.859624 34.553363 149.892422 -0.221811 0.234865 -0.617712 0.716987
420.300000000 -40.645727 34.437881 150.044282 -0.221845 0.234611 -0.618117 0.716710
420.600000000 -40.450436 34.326300 150.245666 -0.222018 0.232017 -0.617914 0.717676
420.800000000 -40.330134 34.269727 150.360428 -0.223014 0.228426 -0.617380 0.718977
421.100000000 -40.113353 34.150028 150.529701 -0.222139 0.228597 -0.617615 0.718992
421.400000000 -39.912356 34.074107 150.693840 -0.225137 0.225595 -0.616877 0.719641
421.700000000 -39.724253 34.001016 150.854730 -0.227566 0.222510 -0.615762 0.720792
421.800000000 -39.619433 33.988845 151.079774 -0.227804 0.222345 -0.615408 0.721070
422.200000000 -39.316219 33.912827 151.361628 -0.232666 0.221188 -0.613659 0.721364
422.300000000 -39.282740 33.871186 151.280227 -0.231175 0.221723 -0.614361 0.721081
422.500000000 -39.194864 33.832988 151.472852 -0.227940 0.217013 -0.614924 0.723061
422.600000000 -39.158576 33.809413 151.462364 -0.227135 0.216010 -0.615096 0.723469
422.700000000 -39.152831 33.773937 151.454423 -0.220907 0.213204 -0.617407 0.724261
423.000000000 -38.882252 33.778095 151.683488 -0.232110 0.215018 -0.613711 0.723361
423.100000000 -38.847811 33.751433 151.774442 -0.225991 0.213663 -0.615650 0.724052
423.200000000 -38.773362 33.740855 151.913848 -0.225790 0.213823 -0.615344 0.724328
423.500000000 -38.578935 33.736415 152.203461 -0.226020 0.210401 -0.614512 0.725962
423.800000000 -38.404763 33.759877 152.441256 -0.228614 0.205832 -0.613197 0.727570
423.900000000 -38.358701 33.747958 152.386796 -0.228153 0.207063 -0.613591 0.727033
424.000000000 -38.312526 33.747449 152.383022 -0.228133 0.207031 -0.613584 0.727054
424.100000000 -38.263520 33.740006 152.346834 -0.227321 0.207721 -0.614042 0.726725
424.300000000 -38.175192 33.745721 152.424466 -0.225357 0.205911 -0.614636 0.727350
424.400000000 -38.170752 33.738332 152.378571 -0.224110 0.205792 -0.615089 0.727385
424.600000000 -38.273090 33.684182 151.877395 -0.221526 0.205785 -0.616430 0.727044
424.800000000 -38.087934 33.740738 152.366385 -0.220104 0.203870 -0.616256 0.728162
425.000000000 -38.016520 33.754443 152.367098 -0.218475 0.203472 -0.616711 0.728379
425.100000000 -37.961017 33.776771 152.514348 -0.216632 0.201582 -0.616882 0.729309
425.200000000 -37.897229 33.793078 152.542457 -0.216979 0.202647 -0.616787 0.728992
425.800000000 -37.474900 33.938256 153.093737 -0.216111 0.203485 -0.616443 0.729306
426.100000000 -37.250264 34.033657 153.395960 -0.217257 0.204301 -0.615751 0.729323
426.200000000 -37.158696 34.070344 153.605093 -0.216667 0.203665 -0.615691 0.729727
426.300000000 -37.113006 34.093803 153.559511 -0.217489 0.204929 -0.615524 0.729269
426.500000000 -36.945591 34.170576 153.885016 -0.215501 0.203079 -0.615687 0.730238
426.600000000 -36.878184 34.209259 153.976373 -0.215900 0.202621 -0.615473 0.730428
426.800000000 -36.810254 34.265494 154.060987 -0.214126 0.200932 -0.615951 0.731014
427.100000000 -36.593414 34.369884 154.330882 -0.213755 0.202740 -0.615683 0.730849
427.500000000 -36.278851 34.526944 154.861892 -0.213257 0.201433 -0.615471 0.731534
427.700000000 -36.088470 34.599168 155.213290 -0.212002 0.203816 -0.615366 0.731326
428.000000000 -35.968085 34.709570 155.487612 -0.208642 0.198922 -0.616254 0.732891
428.100000000 -35.881348 34.751587 155.624983 -0.208673 0.198776 -0.616150 0.733009
428.200000000 -35.789501 34.788214 155.728079 -0.208785 0.200642 -0.615990 0.732603
428.300000000 -35.699161 34.827382 155.862905 -0.208803 0.201498 -0.615837 0.732492
428.500000000 -35.635614 34.882814 156.106473 -0.203275 0.200344 -0.617289 0.733141
428.800000000 -35.463272 35.002734 156.471629 -0.201884 0.198801 -0.617697 0.733602
429.200000000 -35.249085 35.177502 156.970300 -0.201118 0.198219 -0.617950 0.733757
429.500000000 -35.024343 35.314344 157.333602 -0.196438 0.199618 -0.619029 0.733736
429.600000000 -34.955599 35.369982 157.436891 -0.196486 0.199654 -0.619029 0.733713
429.900000000 -34.807196 35.535519 157.789434 -0.194813 0.198539 -0.619318 0.734218
430.100000000 -34.700215 35.657254 158.012922 -0.192125 0.197203 -0.619909 0.734787
430.200000000 -34.597339 35.717341 158.140956 -0.192626 0.199609 -0.619706 0.734177
430.500000000 -34.401538 35.930545 158.507139 -0.191760 0.198411 -0.619721 0.734716
430.600000000 -34.360084 35.993878 158.647304 -0.192072 0.200750 -0.619492 0.734192
431.000000000 -34.109182 36.309542 159.115393 -0.189093 0.197752 -0.619775 0.735538
431.200000000 -33.980605 36.457764 159.380824 -0.187262 0.200138 -0.620045 0.735134
431.600000000 -33.903322 36.827064 159.735877 -0.187761 0.191593 -0.619006 0.738153
431.800000000 -33.794963 36.978392 159.998031 -0.185071 0.192944 -0.618559 0.738855
431.900000000 -33.833860 37.122658 160.020308 -0.191146 0.184988 -0.616313 0.741216
432.200000000 -33.671107 37.331694 160.386356 -0.183240 0.188796 -0.618335 0.740568
432.400000000 -33.551277 37.500610 160.645172 -0.183423 0.188169 -0.617932 0.741019
432.600000000 -33.461069 37.674729 160.814087 -0.182148 0.189024 -0.618422 0.740706
432.800000000 -33.360895 37.841116 161.053841 -0.183470 0.188794 -0.617298 0.741376
432.900000000 -33.313424 37.902579 161.223372 -0.177934 0.188513 -0.618883 0.741476
433.000000000 -33.277349 37.995744 161.311667 -0.178456 0.186915 -0.618815 0.741812
433.200000000 -33.165448 38.160889 161.573838 -0.180908 0.187174 -0.617638 0.742133
433.300000000 -33.126021 38.230095 161.686444 -0.179406 0.186889 -0.617980 0.742285
433.500000000 -33.022523 38.376553 161.870623 -0.177157 0.188159 -0.618447 0.742115
433.600000000 -32.982920 38.474349 161.855056 -0.178483 0.186510 -0.618445 0.742215
433.900000000 -32.864585 38.680288 162.276917 -0.177642 0.184159 -0.618086 0.743303
434.100000000 -32.739171 38.776872 162.580769 -0.176950 0.187833 -0.617819 0.742770
434.200000000 -32.682391 38.847595 162.647890 -0.177459 0.188180 -0.617617 0.742729
434.300000000 -32.647015 38.906628 162.831886 -0.178279 0.186738 -0.616759 0.743609
434.400000000 -32.605404 38.955443 162.987215 -0.174990 0.186447 -0.617836 0.743568
434.500000000 -32.571269 39.011395 163.070685 -0.173962 0.184595 -0.617817 0.744288
434.600000000 -32.500266 39.052784 163.182312 -0.172745 0.186762 -0.618262 0.743660
434.700000000 -32.469708 39.116887 163.198596 -0.172887 0.185500 -0.618168 0.744021
435.000000000 -32.316829 39.248467 163.629827 -0.173495 0.185638 -0.617579 0.744335
435.300000000 -32.193992 39.354720 163.955810 -0.171398 0.184525 -0.617608 0.745073
435.400000000 -32.120355 39.370389 164.120920 -0.170096 0.185781 -0.617736 0.744953
435.500000000 -32.080449 39.393542 164.288653 -0.170242 0.185862 -0.617561 0.745045
435.700000000 -32.012122 39.461798 164.425806 -0.172271 0.185044 -0.616970 0.745272
435.800000000 -31.949474 39.467976 164.570785 -0.172764 0.187198 -0.616560 0.744958
435.900000000 -31.897591 39.480199 164.683556 -0.172395 0.188026 -0.616683 0.744734
436.400000000 -31.621637 39.529041 165.208630 -0.166146 0.187978 -0.618329 0.744801
436.500000000 -31.553380 39.512089 165.368973 -0.166438 0.190604 -0.618240 0.744142
436.600000000 -31.510125 39.507149 165.493157 -0.166146 0.189243 -0.618321 0.744488
436.800000000 -31.392769 39.471901 165.778124 -0.165000 0.191125 -0.618389 0.744205
436.900000000 -31.314588 39.454451 165.865815 -0.163106 0.191886 -0.618865 0.744031
437.000000000 -31.204128 39.422804 165.930049 -0.157249 0.191381 -0.620907 0.743721
437.200000000 -31.093853 39.374971 166.165904 -0.156027 0.190300 -0.621248 0.743970
437.300000000 -31.019854 39.318041 166.332966 -0.154089 0.192563 -0.621820 0.743314
437.400000000 -30.907605 39.235811 166.481188 -0.150562 0.196453 -0.623174 0.741884
437.500000000 -30.860019 39.225039 166.563413 -0.151955 0.195804 -0.622538 0.742305
438.300000000 -32.154319 38.593336 166.195834 -0.100519 0.175989 -0.638041 0.742851
438.400000000 -32.077265 38.508786 166.328977 -0.100187 0.177360 -0.638142 0.742483
438.600000000 -31.940622 38.349970 166.533458 -0.103771 0.179018 -0.637321 0.742297
439.100000000 -31.600766 37.948514 167.006584 -0.127857 0.188361 -0.630917 0.741698
439.200000000 -31.521529 37.836661 167.136457 -0.130301 0.190815 -0.630331 0.741144
439.400000000 -31.327918 37.535002 167.411115 -0.105092 0.179825 -0.642458 0.737473
439.500000000 -31.282434 37.471129 167.505595 -0.118461 0.178397 -0.642963 0.735350
440.100000000 -30.379026 36.371297 167.869651 -0.180049 0.311916 -0.616991 0.699723
440.300000000 -30.176901 36.181583 167.943543 -0.185167 0.311508 -0.614738 0.700552
440.600000000 -29.977644 35.861672 168.018033 -0.178778 0.307213 -0.615723 0.703238
440.800000000 -29.762488 35.653224 168.044084 -0.180158 0.307302 -0.614503 0.703914
440.900000000 -29.706239 35.552608 168.037450 -0.175868 0.301675 -0.615508 0.706549
441.300000000 -29.263748 35.102992 168.103351 -0.176794 0.305527 -0.613359 0.706532
441.400000000 -29.156408 34.956854 168.083251 -0.174042 0.308406 -0.613392 0.705936
441.500000000 -29.041994 34.819921 168.228393 -0.173439 0.306163 -0.613328 0.707115
441.700000000 -28.879975 34.626008 168.142825 -0.174546 0.303938 -0.611166 0.709670
441.900000000 -28.569098 34.398180 168.230544 -0.176311 0.306543 -0.609320 0.709701
442.100000000 -28.288836 34.237407 168.123686 -0.175017 0.307189 -0.609022 0.709998
442.500000000 -28.098708 33.994108 168.082225 -0.180341 0.297959 -0.605302 0.715756
442.600000000 -27.846363 33.757630 168.106419 -0.171941 0.311425 -0.609298 0.708666
442.800000000 -27.516103 33.565241 168.245830 -0.174276 0.313630 -0.608582 0.707737
443.500000000 -27.314632 32.706110 169.747310 -0.156484 0.299909 -0.616126 0.711306
443.600000000 -27.258104 32.656148 169.708667 -0.156972 0.299577 -0.616062 0.711394
443.800000000 -27.123168 32.548744 169.619945 -0.155518 0.301484 -0.616422 0.710595
444.000000000 -27.039983 32.494556 169.494023 -0.156399 0.299904 -0.616320 0.711159
444.400000000 -26.744191 32.337989 169.331587 -0.153621 0.305011 -0.616264 0.709639
445.100000000 -26.337513 32.300909 168.959338 -0.155188 0.301519 -0.613541 0.713141
445.200000000 -26.221740 32.352236 168.945892 -0.159083 0.298103 -0.612238 0.714837
445.400000000 -26.259030 32.391662 168.746098 -0.156374 0.297742 -0.611908 0.715867
445.900000000 -26.712798 32.635470 167.945811 -0.149688 0.285897 -0.613043 0.721134
446.000000000 -26.549629 32.640167 167.947255 -0.147168 0.289797 -0.613317 0.719862
446.200000000 -26.417616 32.689152 167.865524 -0.145752 0.293873 -0.613112 0.718672
446.500000000 -26.292041 32.806731 167.749823 -0.142153 0.300072 -0.614248 0.715855
446.600000000 -26.278335 32.843770 167.667042 -0.140485 0.301212 -0.613373 0.716455
446.700000000 -26.242110 32.898192 167.607713 -0.139494 0.302179 -0.613684 0.715976
446.800000000 -26.232712 32.975805 167.569836 -0.142302 0.300174 -0.612517 0.717265
446.900000000 -26.216120 33.014843 167.518374 -0.139783 0.303548 -0.612931 0.715985
447.000000000 -26.205620 33.106996 167.453381 -0.141430 0.301299 -0.612452 0.717021
447.100000000 -26.197823 33.178339 167.406750 -0.142405 0.300752 -0.611888 0.717539
447.300000000 -26.187674 33.301110 167.223580 -0.138237 0.303233 -0.612823 0.716511
447.600000000 -26.170567 33.509142 167.096897 -0.136841 0.302035 -0.613074 0.717070
448.300000000 -26.320406 34.092891 166.421250 -0.135903 0.306595 -0.613432 0.715005
448.400000000 -26.899664 34.423765 165.625140 -0.211148 0.348416 -0.583325 0.702677
448.500000000 -26.929004 34.511365 165.522175 -0.212098 0.346874 -0.583065 0.703369
448.900000000 -26.866377 34.774506 165.969744 -0.234039 0.351614 -0.575505 0.700276
449.200000000 -26.798772 35.142063 166.775393 -0.335115 0.336093 -0.539962 0.695112
449.300000000 -26.776402 35.216877 166.867786 -0.337993 0.333782 -0.539167 0.695448
449.900000000 -25.955688 34.433784 167.538595 -0.225472 0.642019 -0.502836 0.533039
450.000000000 -25.957448 34.478367 167.590502 -0.224843 0.642092 -0.502972 0.533088
450.400000000 -26.036319 34.395131 167.171144 -0.161285 0.705884 -0.574681 0.381387
450.700000000 -25.917490 34.540196 167.385851 -0.172682 0.706628 -0.567212 0.386170
450.800000000 -25.834541 34.500357 167.468102 -0.170366 0.709159 -0.566953 0.382927
451.200000000 -25.953344 35.029799 167.753321 -0.199270 0.712266 -0.543799 0.396549
451.400000000 -25.937086 35.156158 167.856600 -0.198407 0.711887 -0.546833 0.393478
451.600000000 -25.950718 35.320243 167.986634 -0.200475 0.709981 -0.547868 0.394432
451.700000000 -25.960598 35.386621 168.016846 -0.199347 0.710875 -0.549247 0.391465
451.800000000 -25.979219 35.473894 168.068106 -0.200241 0.711434 -0.548810 0.390606
452.100000000 -26.024690 35.744890 168.263027 -0.205473 0.710552 -0.547495 0.391339
452.200000000 -26.033282 35.821854 168.329204 -0.206394 0.710215 -0.547551 0.391387
452.300000000 -26.039507 35.893778 168.399094 -0.207338 0.709486 -0.547963 0.391633
452.400000000 -26.044174 35.948893 168.465992 -0.207648 0.708943 -0.548476 0.391736
452.600000000 -26.105739 36.151540 168.589850 -0.207998 0.708006 -0.548990 0.392523
452.700000000 -26.128141 36.231826 168.664015 -0.208967 0.708077 -0.548869 0.392050
452.900000000 -26.202526 36.441866 168.780226 -0.210882 0.706850 -0.549785 0.391954
453.000000000 -26.201238 36.492716 168.862498 -0.210683 0.707234 -0.549738 0.391435
453.400000000 -26.333032 36.867430 169.096917 -0.213084 0.704373 -0.551906 0.392241
453.600000000 -26.358494 36.989202 169.267862 -0.216707 0.705123 -0.549313 0.392550
453.900000000 -26.460736 37.232387 169.449236 -0.218461 0.703983 -0.550262 0.392295
454.000000000 -26.493375 37.283355 169.524224 -0.218184 0.706035 -0.550291 0.388702
454.400000000 -26.632314 37.595283 169.799711 -0.223478 0.704908 -0.548914 0.389687
455.000000000 -26.893758 38.012666 170.207500 -0.229832 0.705361 -0.546630 0.388380
455.300000000 -27.184716 38.369210 170.357155 -0.232401 0.703985 -0.548456 0.386771
455.500000000 -27.197521 38.408072 170.516184 -0.233369 0.703890 -0.548493 0.386307
455.600000000 -27.276595 38.499070 170.568774 -0.234631 0.703747 -0.548363 0.385988
456.100000000 -26.277306 37.391921 171.414580 -0.219275 0.697514 -0.558940 0.391125
456.200000000 -26.277338 37.368306 171.466560 -0.220184 0.698192 -0.558139 0.390549
456.700000000 -26.225335 37.230865 171.916655 -0.215900 0.694666 -0.562437 0.393054
457.200000000 -26.535392 37.392116 172.129840 -0.222504 0.696150 -0.558220 0.392755
457.600000000 -26.983680 37.732046 172.182225 -0.223828 0.694488 -0.561548 0.390195
457.800000000 -27.191910 37.879938 172.227687 -0.226603 0.694408 -0.560079 0.390845
458.100000000 -27.432476 37.988520 172.314481 -0.227798 0.693324 -0.561347 0.390255
458.300000000 -27.720931 38.190621 172.295655 -0.228634 0.692974 -0.562849 0.388220
458.400000000 -27.820449 38.253549 172.315459 -0.230087 0.691916 -0.562928 0.389133
458.500000000 -27.914978 38.304608 172.336918 -0.230814 0.691196 -0.563033 0.389829
458.700000000 -28.136661 38.407649 172.354328 -0.230682 0.690251 -0.564611 0.389298
458.800000000 -28.261821 38.492522 172.356538 -0.231938 0.689372 -0.564805 0.389829
459.200000000 -28.647441 38.679966 172.433322 -0.235849 0.686669 -0.563886 0.393565
459.300000000 -28.745812 38.737916 172.437127 -0.237473 0.687209 -0.562622 0.393455
459.400000000 -28.938582 38.875195 172.411561 -0.238380 0.686135 -0.563224 0.393919
459.500000000 -29.084785 38.970828 172.397222 -0.239387 0.685388 -0.563284 0.394523
459.600000000 -29.235462 39.068024 172.399603 -0.240607 0.684255 -0.563066 0.396056
459.700000000 -29.308189 39.097271 172.421180 -0.242016 0.683510 -0.562087 0.397871
459.800000000 -29.365076 39.098919 172.458507 -0.243090 0.683206 -0.561322 0.398816
459.900000000 -29.465594 39.155041 172.485870 -0.244936 0.681768 -0.560179 0.401744
460.000000000 -29.634421 39.287006 172.503913 -0.247634 0.679825 -0.558483 0.405724
460.100000000 -29.726803 39.307607 172.507016 -0.248381 0.679361 -0.558254 0.406360
460.300000000 -29.908289 39.372075 172.500085 -0.248815 0.679105 -0.558489 0.406200
460.400000000 -30.045045 39.453407 172.486047 -0.249511 0.678231 -0.559126 0.406356
460.800000000 -30.400867 39.566320 172.498287 -0.252566 0.677929 -0.556477 0.408603
461.000000000 -30.670485 39.748362 172.477541 -0.255642 0.674687 -0.555762 0.413006
461.300000000 -31.080352 39.939301 172.443389 -0.257095 0.673928 -0.555761 0.413343
461.400000000 -31.156139 39.980954 172.400332 -0.258481 0.673325 -0.554905 0.414610
461.500000000 -31.284364 40.053573 172.381863 -0.259631 0.672034 -0.554776 0.416155
462.000000000 -31.905479 40.278738 172.261360 -0.259765 0.672182 -0.556394 0.413665
462.100000000 -32.033188 40.332743 172.245239 -0.260059 0.671249 -0.557115 0.414025
462.300000000 -32.291346 40.445691 172.205562 -0.262647 0.670865 -0.555620 0.415022
462.400000000 -32.406974 40.508299 172.140002 -0.263179 0.669888 -0.555695 0.416160
462.500000000 -32.535774 40.564044 172.136316 -0.264269 0.668779 -0.555355 0.417704
462.800000000 -32.839522 40.637532 172.058356 -0.266841 0.668489 -0.553539 0.418943
463.100000000 -33.257256 40.778043 172.010486 -0.268754 0.667216 -0.553034 0.420414
463.200000000 -33.420142 40.882468 171.945152 -0.274006 0.666231 -0.548378 0.424663
463.400000000 -33.699633 40.957052 171.901150 -0.275669 0.666092 -0.546900 0.425709
463.600000000 -34.009772 41.058110 171.880446 -0.277840 0.664027 -0.546177 0.428444
463.900000000 -34.431416 41.093794 171.832610 -0.278360 0.665194 -0.545456 0.427212
464.100000000 -34.786298 41.200951 171.851125 -0.279401 0.661140 -0.547313 0.430439
464.300000000 -35.068055 41.242622 171.754538 -0.280838 0.661634 -0.545834 0.430622
464.900000000 -35.888884 41.341692 171.481046 -0.285525 0.664399 -0.539935 0.430720
465.000000000 -36.099653 41.408105 171.528547 -0.285228 0.661083 -0.542711 0.432527
465.100000000 -36.264870 41.420845 171.565489 -0.283250 0.659718 -0.545947 0.431837
465.200000000 -36.397019 41.424166 171.514520 -0.282080 0.659476 -0.547339 0.431209
465.400000000 -36.697303 41.448131 171.422721 -0.282395 0.663038 -0.545381 0.428011
465.800000000 -37.278194 41.516234 171.338651 -0.285143 0.663419 -0.542954 0.428684
466.300000000 -37.951224 41.434264 171.176582 -0.280115 0.668447 -0.547218 0.418649
466.400000000 -38.131947 41.427657 171.198399 -0.277293 0.666913 -0.551690 0.417102
466.800000000 -38.548871 41.271645 171.214909 -0.271091 0.665805 -0.559440 0.412603
467.100000000 -38.905262 41.207594 171.187745 -0.270317 0.668294 -0.559799 0.408579
467.200000000 -39.014291 41.201927 171.187759 -0.270466 0.667996 -0.560390 0.408157
467.600000000 -39.159294 40.968083 171.318925 -0.269170 0.667725 -0.561658 0.407714
467.800000000 -39.165875 40.804420 171.389664 -0.267916 0.668522 -0.562648 0.405864
468.300000000 -39.205970 40.490294 171.632361 -0.268843 0.669809 -0.561150 0.405204
468.400000000 -39.066245 40.299386 171.714599 -0.267135 0.671716 -0.561246 0.403037
468.600000000 -39.112125 40.231845 171.809415 -0.269020 0.671147 -0.560379 0.403938
468.700000000 -39.120649 40.167254 171.865274 -0.267569 0.671557 -0.561186 0.403097
468.800000000 -39.120290 40.134338 171.921135 -0.269361 0.670730 -0.560335 0.404463
468.900000000 -39.076124 40.053319 171.995207 -0.267901 0.671537 -0.561053 0.403096
469.100000000 -39.195924 40.074536 172.068902 -0.267705 0.670758 -0.561963 0.403257
469.200000000 -39.111096 39.963550 172.166270 -0.267738 0.671056 -0.561665 0.403154
469.500000000 -39.270526 39.998401 172.293854 -0.267701 0.669165 -0.563253 0.404104
469.800000000 -39.495268 40.085082 172.408012 -0.265321 0.667176 -0.567685 0.402759
470.000000000 -39.686670 40.179820 172.469596 -0.263389 0.666393 -0.570625 0.401165
470.200000000 -39.870757 40.277639 172.532909 -0.262066 0.665559 -0.573198 0.399746
470.500000000 -40.272987 40.496407 172.562202 -0.259985 0.664377 -0.576721 0.398002
470.600000000 -40.543801 40.593878 172.493231 -0.256759 0.667552 -0.579322 0.390942
470.700000000 -40.879555 40.669276 172.384829 -0.248735 0.672778 -0.584317 0.379571
471.000000000 -41.051414 40.740711 172.511062 -0.249433 0.672557 -0.584502 0.379219
471.100000000 -41.204919 40.745050 172.487309 -0.240359 0.674468 -0.591386 0.370923
471.300000000 -41.035677 40.707342 172.732163 -0.246001 0.671062 -0.588274 0.378277
471.400000000 -41.116888 40.775834 172.749137 -0.246640 0.670805 -0.588835 0.377443
471.500000000 -41.160826 40.804868 172.795096 -0.247008 0.670575 -0.589147 0.377124
471.600000000 -41.234240 40.850602 172.822325 -0.246401 0.670169 -0.590525 0.376086
471.900000000 -41.271119 40.931639 173.024631 -0.249132 0.667743 -0.589645 0.379962
472.200000000 -41.107462 40.872487 173.296119 -0.248313 0.667365 -0.590542 0.379771
472.300000000 -41.657166 41.287811 173.122894 -0.250121 0.666397 -0.591043 0.379503
472.600000000 -42.001310 41.589553 173.170388 -0.248231 0.668395 -0.590787 0.377625
472.700000000 -41.684644 41.349464 173.368622 -0.247553 0.668363 -0.591668 0.376745
472.900000000 -42.023758 41.660273 173.342163 -0.249116 0.667567 -0.591473 0.377432
473.000000000 -41.750374 41.474290 173.547972 -0.248028 0.668054 -0.591347 0.377484
473.100000000 -41.890915 41.609938 173.550645 -0.248322 0.667020 -0.592090 0.377954
473.200000000 -42.398356 42.010505 173.382388 -0.250069 0.666960 -0.591819 0.377333
473.400000000 -42.347601 42.017271 173.538975 -0.249832 0.666281 -0.592341 0.377869
473.600000000 -41.638652 41.573836 173.999229 -0.252809 0.664956 -0.590114 0.381689
474.000000000 -42.269444 42.099259 173.951239 -0.248717 0.665057 -0.594111 0.377984
474.700000000 -43.024224 42.802488 174.027411 -0.246895 0.666804 -0.595669 0.373622
474.800000000 -43.089032 42.917440 174.064452 -0.249329 0.665312 -0.594867 0.375936
474.900000000 -43.062829 42.895217 174.136736 -0.248772 0.665426 -0.595331 0.375369
475.000000000 -43.060445 42.917883 174.192321 -0.248988 0.665377 -0.595240 0.375457
475.100000000 -43.077098 42.947078 174.238999 -0.248559 0.665665 -0.595335 0.375079
475.500000000 -43.243712 43.159959 174.397839 -0.250194 0.664890 -0.594674 0.376414
475.600000000 -43.268976 43.195253 174.455803 -0.250620 0.664342 -0.594952 0.376658
475.700000000 -43.158926 43.121845 174.564445 -0.250600 0.664405 -0.594652 0.377033
475.900000000 -43.525050 43.414641 174.486266 -0.249707 0.666322 -0.594669 0.374207
476.000000000 -43.378092 43.317954 174.617389 -0.250408 0.665654 -0.594433 0.375301
476.100000000 -43.413845 43.358786 174.669060 -0.250406 0.665172 -0.594545 0.375977
476.200000000 -43.593601 43.505488 174.629711 -0.250701 0.665460 -0.594664 0.375081
476.400000000 -43.845282 43.719049 174.631879 -0.250852 0.664562 -0.595347 0.375491
476.500000000 -43.744426 43.657509 174.737485 -0.251688 0.664118 -0.594808 0.376568
476.600000000 -43.704702 43.637009 174.812604 -0.251952 0.663808 -0.594539 0.377364
477.200000000 -44.409944 44.198013 174.808602 -0.252932 0.663744 -0.594888 0.376266
477.300000000 -44.483929 44.252307 174.822520 -0.253017 0.664109 -0.594815 0.375681
477.400000000 -44.556761 44.303065 174.842642 -0.253344 0.664310 -0.594554 0.375520
477.500000000 -44.616612 44.354507 174.862818 -0.254278 0.664331 -0.593820 0.376012
477.800000000 -44.853628 44.513587 174.925944 -0.254306 0.664351 -0.593919 0.375801
477.900000000 -44.911793 44.558815 174.936014 -0.254674 0.664554 -0.593456 0.375924
478.000000000 -45.048067 44.650905 174.927010 -0.254120 0.664754 -0.593954 0.375158
478.100000000 -45.167171 44.733943 174.923972 -0.254147 0.664918 -0.594088 0.374637
478.300000000 -45.398606 44.901566 174.917361 -0.254690 0.664919 -0.593791 0.374737
478.400000000 -45.503963 44.978442 174.915148 -0.254947 0.664647 -0.593887 0.374894
478.600000000 -45.755841 45.146804 174.916747 -0.254720 0.664605 -0.594244 0.374556
478.800000000 -45.950593 45.251720 174.949101 -0.255372 0.666307 -0.592905 0.373206
478.900000000 -46.102841 45.363442 174.948489 -0.256130 0.666079 -0.592526 0.373697
479.000000000 -46.213131 45.440868 174.937934 -0.256751 0.666028 -0.592179 0.373912
479.200000000 -46.483199 45.639220 174.899296 -0.256743 0.664373 -0.593498 0.374769
479.300000000 -46.623835 45.744937 174.901093 -0.257610 0.663269 -0.593520 0.376091
479.400000000 -46.755573 45.815851 174.906042 -0.257582 0.663776 -0.593392 0.375418
479.700000000 -47.116449 46.030880 174.942287 -0.258481 0.664375 -0.592289 0.375481
480.100000000 -47.631028 46.368343 174.954207 -0.261466 0.663552 -0.590836 0.377156
480.500000000 -48.182908 46.692830 174.969360 -0.259535 0.663848 -0.592871 0.374768
480.700000000 -48.464630 46.878364 174.964839 -0.259530 0.663603 -0.593318 0.374500
480.800000000 -48.597996 46.964984 174.957940 -0.259737 0.664058 -0.593205 0.373725
481.000000000 -48.878579 47.132530 174.977358 -0.259182 0.664672 -0.593280 0.372900
481.200000000 -49.145694 47.309636 175.005178 -0.259788 0.665342 -0.592727 0.372164
481.300000000 -49.278121 47.409707 174.982422 -0.259820 0.665326 -0.593172 0.371460
481.400000000 -49.417995 47.505278 175.014572 -0.259774 0.665170 -0.593597 0.371092
481.500000000 -49.555736 47.609593 175.001352 -0.259890 0.664638 -0.594020 0.371287
481.600000000 -49.683504 47.705155 174.997387 -0.259525 0.664674 -0.594798 0.370229
481.800000000 -49.952847 47.907568 175.016457 -0.259279 0.664713 -0.595313 0.369505
482.000000000 -50.208567 48.120435 175.029789 -0.259117 0.664662 -0.596079 0.368473
482.400000000 -50.683759 48.511186 175.081139 -0.258256 0.665816 -0.597291 0.365016
482.500000000 -50.801824 48.617398 175.097566 -0.257550 0.666170 -0.598208 0.363362
482.600000000 -50.895574 48.703423 175.152465 -0.257954 0.667127 -0.597585 0.362344
483.000000000 -51.270982 49.105701 175.242347 -0.256045 0.665957 -0.600917 0.360334
483.100000000 -51.354694 49.216324 175.281837 -0.256018 0.666552 -0.601056 0.359020
483.200000000 -51.435674 49.307743 175.308744 -0.254999 0.667551 -0.601432 0.357255
483.600000000 -50.648712 48.633826 175.713419 -0.251457 0.666077 -0.604360 0.357574
483.700000000 -50.368537 48.430146 175.837767 -0.256075 0.669205 -0.597732 0.359592
483.800000000 -50.209774 48.332042 175.893233 -0.258539 0.671101 -0.593992 0.360493
483.900000000 -50.327533 48.519610 175.868747 -0.258155 0.671105 -0.595185 0.358788
484.400000000 -50.185081 48.707691 176.201740 -0.246237 0.657625 -0.613975 0.360460
484.500000000 -50.102304 48.684863 176.386072 -0.247905 0.659371 -0.611185 0.360868
484.700000000 -50.158635 48.901878 176.418362 -0.248509 0.660607 -0.609912 0.360346
484.800000000 -50.310365 49.153030 176.436408 -0.249067 0.659535 -0.610656 0.360663
484.900000000 -50.415704 49.338321 176.451178 -0.247466 0.659934 -0.612542 0.357826
485.200000000 -50.510450 49.705417 176.596873 -0.246969 0.661596 -0.612146 0.355773
485.400000000 -50.516937 49.885878 176.660219 -0.245821 0.663220 -0.612312 0.353249
485.500000000 -50.549364 50.042360 176.720169 -0.247868 0.663079 -0.610873 0.354574
485.600000000 -50.562461 50.139679 176.739207 -0.246443 0.664712 -0.611057 0.352182
485.900000000 -50.452663 50.325066 176.867564 -0.247581 0.666559 -0.609247 0.351028
486.100000000 -50.398080 50.475669 177.003525 -0.249058 0.667116 -0.607345 0.352218
486.300000000 -50.366688 50.645762 177.115746 -0.247193 0.667271 -0.609180 0.350064
486.400000000 -50.308392 50.688340 177.167294 -0.248010 0.668513 -0.607500 0.350036
486.500000000 -50.277889 50.745443 177.231753 -0.247979 0.668160 -0.608097 0.349694
486.600000000 -50.277948 50.857889 177.300402 -0.247236 0.667771 -0.608868 0.349622
486.700000000 -50.333840 51.015066 177.354861 -0.247242 0.666457 -0.609894 0.350336
487.200000000 -49.851590 50.976127 177.716775 -0.227861 0.642311 -0.640089 0.354685
487.400000000 -49.883024 51.168762 177.867825 0.226027 -0.640960 0.642291 -0.354324
487.500000000 -49.875260 51.261525 177.955783 -0.227539 0.641456 -0.640922 0.354937
487.700000000 -49.893874 51.470617 178.071826 -0.239178 0.656792 -0.622714 0.351633
487.900000000 -50.059156 51.830284 178.032938 -0.238108 0.654658 -0.625434 0.351511
488.000000000 -50.066224 51.920878 178.077072 -0.237822 0.654157 -0.626193 0.351287
488.100000000 -50.149373 52.094184 178.072196 -0.237246 0.653456 -0.627395 0.350835
488.400000000 -50.145529 52.327503 178.198393 -0.237676 0.653241 -0.627324 0.351072
488.500000000 -50.072203 52.327074 178.209028 -0.241047 0.659108 -0.621030 0.348991
488.600000000 -50.124370 52.422669 178.297860 -0.239676 0.658871 -0.622511 0.347742
488.700000000 -50.267742 52.635094 178.264517 -0.239117 0.657899 -0.624045 0.347217
488.900000000 -50.486123 52.991857 178.272173 -0.238049 0.655638 -0.627013 0.346880
489.100000000 -50.530586 53.141252 178.309847 -0.237333 0.654789 -0.628493 0.346296
489.300000000 -50.545306 53.261743 178.320346 -0.237043 0.654677 -0.628832 0.346090
489.400000000 -50.531458 53.306165 178.338433 -0.239703 0.658734 -0.624383 0.344612
489.700000000 -50.657266 53.580272 178.398487 -0.241331 0.658785 -0.623195 0.345528
490.000000000 -50.938007 53.910567 178.515156 -0.239107 0.657049 -0.626943 0.343594
490.400000000 -51.045684 54.165406 178.381894 -0.243947 0.662866 -0.619660 0.342227
490.900000000 -51.388484 54.582650 178.354301 -0.246728 0.666554 -0.615794 0.340042
491.000000000 -51.512713 54.691064 178.402235 -0.245801 0.665661 -0.617426 0.339503
491.200000000 -51.701370 54.874452 178.333989 -0.245258 0.665554 -0.618342 0.338436
491.300000000 -51.783002 54.935769 178.351243 -0.244644 0.665281 -0.619211 0.337827
491.500000000 -51.915325 55.074529 178.299661 -0.246522 0.666542 -0.617055 0.337922
491.600000000 -52.008344 55.148673 178.267510 -0.246034 0.666421 -0.617727 0.337288
491.700000000 -52.109475 55.226980 178.287040 -0.245955 0.666201 -0.617957 0.337359
491.900000000 -52.346505 55.388968 178.362116 -0.245280 0.666420 -0.618815 0.335843
492.000000000 -52.434323 55.451289 178.298712 -0.245095 0.666997 -0.618845 0.334774
492.100000000 -52.480639 55.471368 178.208331 -0.244989 0.667445 -0.618742 0.334150
492.200000000 -52.608111 55.553237 178.238942 -0.244581 0.667155 -0.619533 0.333560
492.300000000 -52.739939 55.637907 178.203361 -0.243997 0.667142 -0.620278 0.332629
492.600000000 -53.116935 55.819757 178.265985 -0.241932 0.667639 -0.622324 0.329303
492.700000000 -53.208686 55.868867 178.142753 -0.241295 0.667787 -0.622897 0.328386
493.200000000 -52.172844 54.634487 178.869498 -0.256847 0.686226 -0.596049 0.328405
493.300000000 -52.247642 54.638511 178.721180 -0.256405 0.686445 -0.596305 0.327828
493.500000000 -52.556204 54.777913 178.681206 -0.255199 0.684745 -0.598575 0.328185
494.000000000 -53.017411 54.748118 179.972917 0.246751 -0.633066 0.633543 -0.370087
494.100000000 -52.925077 54.461964 179.868037 0.232519 -0.639971 0.645769 -0.345477
494.400000000 -53.484829 54.581399 179.903745 0.229043 -0.637474 0.651466 -0.341701
494.500000000 -53.668964 54.629437 179.852846 0.228553 -0.637070 0.652788 -0.340255
494.600000000 -53.849217 54.644969 179.791923 0.228098 -0.636610 0.653916 -0.339253
494.800000000 -54.142509 54.699289 179.653753 0.229026 -0.635128 0.654520 -0.340239
494.900000000 -54.328543 54.678406 179.613067 0.227390 -0.634538 0.656303 -0.339001
495.100000000 -54.694421 54.756060 179.618984 0.231140 -0.636817 0.652656 -0.339232
495.200000000 -54.893495 54.771973 179.584853 0.229865 -0.636523 0.653712 -0.338618
495.300000000 -55.100152 54.807126 179.559611 0.230872 -0.634391 0.654673 -0.340071
495.500000000 -55.450604 54.806045 179.459979 0.229433 -0.634015 0.656192 -0.338817
495.800000000 -55.983695 54.831214 179.267133 0.230754 -0.634196 0.655646 -0.338640
495.900000000 -56.153860 54.808183 179.186928 0.231436 -0.633903 0.655374 -0.339248
496.300000000 -56.832584 54.842893 178.900477 0.231446 -0.631538 0.657130 -0.340254
496.400000000 -57.112169 54.847251 179.099968 0.229177 -0.635164 0.656877 -0.335495
496.600000000 -57.422575 54.823807 178.899945 0.229668 -0.634346 0.657386 -0.335711
496.700000000 -57.574583 54.837163 178.800303 0.230906 -0.634542 0.656459 -0.336305
496.800000000 -57.709592 54.787771 178.690857 0.229182 -0.635720 0.657129 -0.333942
497.000000000 -58.070764 54.841117 178.662804 0.229182 -0.633760 0.658896 -0.334186
497.300000000 -58.559642 54.893944 178.578712 0.228449 -0.634543 0.659461 -0.332081
497.400000000 -58.698593 54.873076 178.520919 0.226718 -0.635738 0.660105 -0.329693
497.500000000 -58.824573 54.856680 178.418178 0.225197 -0.637690 0.659867 -0.327435
497.600000000 -58.991411 54.912121 178.421529 0.226476 -0.636816 0.659995 -0.327994
497.700000000 -59.138760 54.927538 178.383993 0.225322 -0.637735 0.660127 -0.326736
497.800000000 -59.268602 54.946476 178.326169 0.224696 -0.638057 0.660517 -0.325747
497.900000000 -59.312451 54.953056 178.051450 0.225861 -0.636007 0.661183 -0.327596
498.500000000 -58.917092 54.362561 176.763063 -0.233637 0.657164 -0.641349 0.319721
498.700000000 -58.327087 53.782579 176.117755 0.219096 -0.620590 0.674960 -0.333607
499.000000000 -57.612778 53.087769 174.967390 0.219270 -0.620941 0.673397 -0.335989
499.100000000 -57.624634 53.091680 174.759227 0.220464 -0.621965 0.672143 -0.335826
499.200000000 -57.714721 53.235683 174.518401 0.220809 -0.620887 0.672685 -0.336508
499.300000000 -57.519719 53.050608 174.340207 0.225683 -0.622288 0.668147 -0.339713
499.400000000 -57.435533 52.990583 174.160875 0.227694 -0.623656 0.665575 -0.340909
499.500000000 -56.965623 52.542008 173.830310 0.211912 -0.613495 0.678968 -0.343103
499.600000000 -57.037489 52.613230 173.851146 0.213126 -0.613014 0.678966 -0.343213
499.900000000 -56.939467 52.447085 174.453670 0.204264 -0.606026 0.688819 -0.341374
500.300000000 -56.457942 51.858592 174.993934 0.193991 -0.614031 0.686715 -0.337276
500.600000000 -54.420066 49.538635 178.489750 0.113894 -0.581146 0.729597 -0.342031
500.800000000 -49.744791 46.169505 181.991212 0.210987 -0.558857 0.686119 -0.415215
500.900000000 -49.084205 45.603876 182.609702 0.211770 -0.564920 0.680938 -0.415141
501.000000000 -48.568419 45.153951 183.043355 0.211291 -0.573925 0.675158 -0.412465
501.100000000 -48.545920 45.179405 183.076516 0.208952 -0.576457 0.674996 -0.410387
501.300000000 -48.628732 45.380686 183.078913 0.209106 -0.574867 0.676049 -0.410805
501.500000000 -48.886824 45.764734 182.814062 0.211461 -0.575950 0.675700 -0.408650
501.700000000 -48.919919 45.928579 182.852890 0.210879 -0.576455 0.676110 -0.407559
501.900000000 -48.842834 45.972555 183.019944 0.211810 -0.577654 0.675096 -0.407060
502.000000000 -48.747192 45.944253 183.133005 0.211414 -0.580532 0.673880 -0.405182
502.100000000 -48.682347 45.955506 183.200285 0.210841 -0.583507 0.672749 -0.403081
502.200000000 -48.812819 46.171773 183.109820 0.211689 -0.581968 0.673789 -0.403123
502.300000000 -48.816345 46.224060 183.093754 0.209380 -0.584807 0.674167 -0.399574
502.400000000 -48.763923 46.276948 183.170526 0.212499 -0.584812 0.672671 -0.400440
502.600000000 -48.861391 46.510023 183.167070 0.208560 -0.586633 0.674202 -0.397261
502.700000000 -48.887669 46.618451 183.193727 0.208992 -0.586036 0.674624 -0.397198
502.800000000 -48.713484 46.563476 183.355125 0.210710 -0.588276 0.672046 -0.397349
503.700000000 -47.115745 46.239520 183.840696 0.212432 -0.597605 0.665927 -0.392788
503.800000000 -46.721110 46.087587 183.661840 -0.284946 0.694106 -0.544242 0.375263
504.000000000 -46.482546 46.199721 182.504247 -0.312284 0.733829 -0.481395 0.363638
504.100000000 -46.576643 46.430867 181.977283 -0.327278 0.759604 -0.442676 0.346307
504.200000000 -46.569182 46.513038 182.079812 -0.328382 0.759562 -0.440571 0.348035
504.500000000 -46.674460 46.882389 181.618020 -0.348686 0.789687 -0.387705 0.323262
504.600000000 -46.666577 46.928005 181.675323 -0.348266 0.790151 -0.387756 0.322516
505.100000000 -46.724686 47.274314 180.809690 -0.363092 0.810086 -0.350407 0.298561
505.300000000 -46.654167 47.285062 180.564735 -0.362961 0.814169 -0.347228 0.291241
505.400000000 -46.580790 47.259915 180.396015 -0.360236 0.816354 -0.348984 0.286367
505.500000000 -46.840716 47.484140 179.888767 -0.360166 0.828950 -0.334524 0.266862
505.700000000 -47.775539 47.833807 179.831978 -0.373850 0.893590 -0.211392 0.130565
505.800000000 -47.827423 47.883973 179.994558 -0.373610 0.893693 -0.209786 0.133113
505.900000000 -47.922567 47.942773 180.220292 -0.373030 0.893717 -0.210104 0.134072
506.300000000 -48.215578 48.103891 180.818760 -0.371801 0.893940 -0.208767 0.138028
507.000000000 -48.411437 47.985378 181.391313 -0.370891 0.893944 -0.206832 0.143264
507.200000000 -48.778308 48.159056 181.875346 -0.370202 0.894903 -0.203536 0.143777
507.300000000 -48.811388 48.101092 181.930158 -0.370002 0.894995 -0.203284 0.144080
507.500000000 -49.123780 48.235691 182.522558 -0.369034 0.894289 -0.203396 0.150634
507.600000000 -49.103059 48.128401 182.476471 -0.368689 0.894517 -0.204047 0.149242
507.700000000 -49.210303 48.136944 182.643394 -0.368313 0.894425 -0.204409 0.150224
507.800000000 -49.231815 48.075030 182.647708 -0.368351 0.894535 -0.204024 0.149994
507.900000000 -49.353409 48.090813 182.760399 -0.368525 0.894842 -0.202374 0.149973
508.200000000 -49.504808 47.943299 182.983216 -0.368051 0.894931 -0.202103 0.150969
508.400000000 -49.746848 47.957373 183.272828 -0.367682 0.895271 -0.199822 0.152875
508.600000000 -49.904566 47.877737 183.423212 -0.367501 0.895277 -0.199284 0.153977
509.200000000 -50.388538 47.665446 183.848410 -0.367748 0.895847 -0.194754 0.155856
509.600000000 -50.634268 47.423887 184.156966 -0.367441 0.894946 -0.195012 0.161334
509.800000000 -50.960009 47.493306 184.590419 -0.367149 0.893592 -0.193116 0.171468
509.900000000 -50.971986 47.396463 184.582848 -0.367433 0.893598 -0.192822 0.171159
510.100000000 -51.178458 47.327346 184.711847 -0.368149 0.894680 -0.188450 0.168821
510.200000000 -51.235560 47.260604 184.774955 -0.366881 0.895010 -0.189354 0.168821
510.500000000 -51.327127 47.019206 184.813188 -0.367370 0.894864 -0.189492 0.168378
510.600000000 -51.347757 46.948761 184.839445 -0.367948 0.894654 -0.187562 0.170378
510.700000000 -51.484495 46.940551 184.946279 -0.367216 0.893806 -0.190463 0.173167
510.900000000 -51.357968 46.643125 184.776768 -0.367816 0.895378 -0.187864 0.166484
511.200000000 -51.358856 46.354153 184.663028 -0.367583 0.896232 -0.187892 0.162321
511.600000000 -51.214556 45.925646 184.251872 -0.369611 0.898965 -0.181311 0.149588
511.800000000 -51.196926 45.707760 184.210231 -0.368682 0.899785 -0.184999 0.142250
512.100000000 -51.086050 45.467384 183.903293 -0.368074 0.902656 -0.182746 0.127818
512.200000000 -51.064451 45.371252 184.024261 -0.367006 0.902382 -0.186416 0.127527
512.400000000 -51.002112 45.224403 183.919243 -0.367353 0.902716 -0.185210 0.125907
512.500000000 -51.027024 45.186015 184.002220 -0.367457 0.902794 -0.184882 0.125527
512.600000000 -50.957187 45.096470 183.881229 -0.367563 0.902879 -0.184702 0.124870
512.800000000 -50.912313 45.012280 183.826420 -0.367934 0.903177 -0.182944 0.124206
513.200000000 -50.943425 44.964446 184.125530 -0.367373 0.902386 -0.185498 0.127776
513.400000000 -50.753447 44.818057 184.010257 -0.368298 0.902235 -0.184898 0.127047
513.600000000 -50.938433 44.970523 184.389548 -0.367402 0.901356 -0.187475 0.132008
513.700000000 -50.925392 44.976204 184.429103 -0.367281 0.901098 -0.187868 0.133536
514.000000000 -50.756472 44.928447 184.456973 -0.367372 0.899594 -0.191168 0.138647
514.400000000 -50.602755 44.761306 185.332507 -0.378653 0.919625 -0.084844 0.060931
514.500000000 -50.518771 44.728372 185.302852 -0.379069 0.919449 -0.084583 0.061363
514.700000000 -50.433665 44.745355 185.356131 -0.378611 0.919496 -0.084606 0.063429
514.800000000 -50.445209 44.833134 185.294219 -0.379302 0.919427 -0.081953 0.063774
514.900000000 -50.416105 44.853426 185.285872 -0.379098 0.919571 -0.082203 0.062582
515.100000000 -50.321497 44.889593 185.386436 -0.379185 0.919301 -0.085061 0.062207
515.300000000 -50.474555 45.034606 185.922910 -0.377655 0.919996 -0.087276 0.058030
515.500000000 -50.360684 45.077145 185.956207 -0.377264 0.920058 -0.088129 0.058291
515.600000000 -50.293349 45.095534 185.960227 -0.377697 0.919814 -0.086672 0.061444
515.700000000 -50.266384 45.138443 186.037984 -0.377870 0.919505 -0.085483 0.066468
516.000000000 -50.167432 45.227899 186.282805 -0.378070 0.918801 -0.086361 0.073550
516.300000000 -50.051196 45.315418 186.400253 -0.378723 0.918614 -0.085947 0.073011
516.500000000 -50.230855 45.481096 186.711498 -0.378217 0.919702 -0.084791 0.062538
516.600000000 -50.211787 45.510875 186.804753 -0.378128 0.919534 -0.087439 0.061889
516.700000000 -50.151473 45.517417 186.828590 -0.378204 0.919404 -0.087872 0.062740
517.000000000 -49.988704 45.555171 186.822305 -0.378165 0.919393 -0.087746 0.063309
517.200000000 -49.971647 45.617031 186.902023 -0.377229 0.919645 -0.089894 0.062218
517.300000000 -49.958018 45.627820 186.983346 -0.377248 0.919522 -0.091067 0.062212
517.400000000 -49.866386 45.613917 186.950579 -0.377015 0.919622 -0.090356 0.063169
517.500000000 -49.858300 45.634847 186.980899 -0.377080 0.919520 -0.091306 0.062906
518.200000000 -49.956270 45.736977 187.673572 -0.376674 0.919558 -0.097308 0.055331
518.400000000 -49.963824 45.787860 187.764392 -0.377253 0.920008 -0.091798 0.053278
518.500000000 -49.988827 45.795060 187.886925 -0.376685 0.920044 -0.093849 0.053106
518.700000000 -49.980638 45.807077 187.999089 -0.376745 0.920061 -0.093761 0.052533
518.800000000 -50.035838 45.819292 188.111966 -0.376387 0.920450 -0.093087 0.049393
518.900000000 -49.949333 45.759633 188.029139 -0.376916 0.920422 -0.091764 0.048345
519.100000000 -50.057196 45.832051 188.333905 -0.376165 0.920116 -0.096427 0.050872
519.300000000 -49.956018 45.722410 188.290684 -0.376672 0.920293 -0.094414 0.047598
519.400000000 -49.898562 45.703331 188.250804 -0.376915 0.920191 -0.093859 0.048726
519.600000000 -49.918534 45.714476 188.418823 -0.375760 0.919336 -0.103187 0.054564
519.700000000 -49.946594 45.706665 188.442484 -0.375949 0.919576 -0.101433 0.052477
520.200000000 -50.819977 45.953318 190.275681 -0.371103 0.921866 -0.101492 0.046324
520.300000000 -50.683159 45.985641 189.915358 -0.373190 0.921726 -0.093388 0.049290
521.300000000 -49.341743 48.280953 190.458015 -0.394307 0.890266 0.065311 0.218367
521.400000000 -49.043065 48.234234 189.355486 -0.380057 0.910337 0.040222 0.158825
521.700000000 -48.784134 46.183543 183.901289 -0.365651 0.928006 0.024830 0.066988
521.800000000 -48.556487 47.760198 188.130345 -0.373305 0.917334 0.025894 0.135907
522.300000000 -53.691393 47.455025 196.667039 -0.410235 0.899911 0.085466 0.120680
522.500000000 -54.146903 47.529363 197.422609 -0.411880 0.898176 0.086574 0.127044
522.700000000 -54.370879 47.533496 197.444744 -0.413752 0.899102 0.077557 0.120045
522.800000000 -54.487217 47.582952 197.291603 -0.414646 0.900124 0.071235 0.113013
523.000000000 -54.563725 47.692204 196.546508 -0.412470 0.901857 0.077963 0.102200
523.100000000 -54.199524 47.543649 196.091216 -0.408641 0.902770 0.079345 0.108277
523.300000000 -54.186275 47.568426 195.644493 -0.401403 0.904179 0.088112 0.116498
523.400000000 -53.943206 47.405556 195.516582 -0.401102 0.902905 0.105135 0.113253
523.600000000 -53.906497 47.343402 195.388108 -0.397701 0.904037 0.099262 0.121235
523.800000000 -53.715738 47.185464 195.320953 -0.394455 0.902784 0.113887 0.128129
524.000000000 -53.849335 47.113168 195.481909 -0.396008 0.903295 0.104458 0.127763
524.100000000 -53.902249 47.076035 195.564516 -0.397321 0.902821 0.103838 0.127545
524.300000000 -53.741812 46.940801 195.461014 -0.393728 0.900957 0.121946 0.135592
524.600000000 -53.671040 46.809666 195.334914 -0.391429 0.901060 0.122167 0.141244
525.500000000 -53.805651 46.489454 195.113105 -0.401881 0.894734 0.146159 0.128766
525.600000000 -53.458039 46.321872 195.108029 -0.403262 0.896722 0.114793 0.141745
525.800000000 -53.410360 46.150418 195.064294 -0.394214 0.894329 0.125619 0.170268
525.900000000 -53.451712 46.078634 195.102560 -0.391760 0.895283 0.122988 0.172820
526.000000000 -53.458117 46.067647 195.138824 -0.392945 0.896700 0.115081 0.168168
526.100000000 -53.484454 46.029281 195.112459 -0.394783 0.895957 0.122111 0.162775
526.200000000 -53.521189 45.924807 195.018563 -0.395482 0.890858 0.155329 0.160745
526.400000000 -53.603941 45.841046 195.162383 -0.387223 0.894759 0.130221 0.180298
526.600000000 -53.683756 45.764206 195.147034 -0.382831 0.894894 0.123368 0.193353
526.700000000 -53.670208 45.691763 195.193680 -0.380266 0.894871 0.130760 0.193664
527.200000000 -54.063356 45.682652 195.568095 -0.454999 0.855639 0.235239 -0.074299
527.900000000 -54.204506 46.024280 197.199592 -0.406781 0.793471 0.406674 -0.198870
528.100000000 -54.190111 45.991233 197.142490 -0.407367 0.800460 0.395295 -0.192501
528.400000000 -54.608521 46.367126 196.499688 -0.413921 0.791000 0.391658 -0.222694
528.800000000 -54.796338 46.606681 196.353367 -0.415987 0.784355 0.395635 -0.234981
528.900000000 -54.922771 46.742469 196.339026 -0.418739 0.782238 0.392090 -0.242955
529.000000000 -55.063134 46.890931 196.152423 -0.420180 0.776387 0.392812 -0.257625
529.200000000 -55.470169 47.300105 195.391746 -0.423084 0.775521 0.391777 -0.257055
529.500000000 -55.826791 47.730044 194.779857 -0.425450 0.784529 0.385818 -0.233773
529.600000000 -55.917145 47.840020 194.692543 -0.424368 0.784212 0.389824 -0.230132
529.700000000 -55.985682 47.935696 194.614547 -0.425514 0.783435 0.388891 -0.232231
530.100000000 -56.018431 48.122178 194.551120 -0.444288 0.785041 0.350067 -0.252530
530.300000000 -56.320087 48.417042 194.431421 -0.437515 0.793903 0.357178 -0.225216
530.500000000 -56.521153 48.606727 194.155913 -0.435616 0.803816 0.349570 -0.204741
530.600000000 -56.487428 48.555785 194.533261 -0.431478 0.796915 0.366179 -0.211344
530.700000000 -56.433243 48.489811 194.841387 -0.427892 0.801711 0.363130 -0.205681
530.800000000 -56.507391 48.583628 194.777995 -0.428400 0.796998 0.368320 -0.213560
530.900000000 -56.556058 48.675185 194.731698 -0.434417 0.798495 0.356762 -0.215425
531.100000000 -56.546938 48.644019 195.073024 -0.424775 0.800234 0.369018 -0.207407
531.500000000 -56.786653 48.843628 195.218746 -0.420092 0.804174 0.371478 -0.197055
531.800000000 -56.937525 48.976754 195.356303 -0.414918 0.806423 0.375756 -0.190612
531.900000000 -56.887186 48.962150 195.582687 -0.415050 0.802398 0.379227 -0.200198
532.100000000 -57.051180 49.060206 195.671517 -0.407751 0.795071 0.400772 -0.202441
532.300000000 -57.152909 49.184971 195.671116 -0.412872 0.803736 0.381638 -0.194672
532.400000000 -57.156994 49.187335 195.709002 -0.413327 0.802942 0.382271 -0.195741
532.700000000 -57.322719 49.405747 195.765025 -0.413997 0.803402 0.378152 -0.200381
533.000000000 -57.468293 49.548547 195.747107 -0.415770 0.798028 0.383733 -0.207450
533.300000000 -57.572944 49.568770 196.050739 -0.409278 0.802602 0.384370 -0.201445
533.500000000 -57.570334 49.624570 196.309296 -0.406809 0.791013 0.400834 -0.219400
533.900000000 -57.736796 49.747248 196.351366 -0.403130 0.783319 0.414317 -0.228557
534.200000000 -57.987369 49.918838 196.128753 -0.406024 0.783339 0.413728 -0.224394
534.300000000 -58.047679 49.998457 196.026358 -0.408477 0.782387 0.411510 -0.227325
534.500000000 -58.206875 50.078051 195.839642 -0.414548 0.792700 0.390289 -0.217833
535.000000000 -57.098348 49.454843 195.299346 -0.446515 0.867143 0.203210 -0.085988
535.300000000 -56.817208 48.701089 195.720021 -0.237051 0.812534 0.444479 0.293314
535.400000000 -56.511701 48.889701 196.230677 -0.339062 0.864549 0.262332 0.262248
535.500000000 -56.660774 48.834873 196.398277 -0.338971 0.858952 0.273196 0.269563
535.800000000 -56.917350 48.949954 196.790806 -0.349217 0.860592 0.271819 0.252076
535.900000000 -56.940817 49.054053 196.745790 -0.351770 0.865075 0.264712 0.240481
536.000000000 -56.932782 49.132232 196.823539 -0.355602 0.868097 0.258642 0.230346
536.100000000 -56.973923 49.173299 196.827714 -0.356338 0.869294 0.256878 0.226636
536.200000000 -56.988763 49.257939 196.918561 -0.360718 0.871268 0.252748 0.216547
536.600000000 -56.880799 49.381552 196.859119 -0.365071 0.874621 0.246306 0.202720
536.700000000 -56.971470 49.435818 196.911452 -0.366939 0.875309 0.242337 0.201152
537.100000000 -56.861606 49.609753 196.709032 -0.373247 0.882341 0.221829 0.181527
537.300000000 -57.058215 49.791198 196.751176 -0.379766 0.886662 0.204577 0.166600
537.700000000 -57.041921 49.841638 196.755333 -0.386009 0.889401 0.194808 0.148365
537.900000000 -57.055869 49.936978 196.567814 -0.385579 0.893130 0.177684 0.148578
538.100000000 -57.044107 49.977229 196.527662 -0.383935 0.895143 0.161882 0.158453
538.300000000 -57.126460 50.044094 196.478269 -0.384581 0.895470 0.160770 0.156157
538.400000000 -57.146584 50.035274 196.494047 -0.386871 0.896776 0.153851 0.149842
539.100000000 -56.791449 49.684063 196.065652 -0.390177 0.871528 0.289194 0.067589
539.200000000 -57.008253 50.012885 196.325455 -0.387280 0.896369 0.155476 0.149547
539.300000000 -57.068641 50.010829 196.395862 -0.389790 0.895449 0.160304 0.143311
540.000000000 -56.769938 49.703992 195.917524 -0.392011 0.871457 0.285050 0.075075
540.100000000 -57.034927 50.017410 196.113958 -0.391640 0.896859 0.151612 0.138834
540.700000000 -56.320962 49.339291 193.943221 -0.389891 0.917174 0.065479 0.049885
541.200000000 -57.076830 49.959823 195.992693 -0.397182 0.898141 0.133739 0.133055
541.600000000 -56.774441 49.725315 195.457753 -0.396567 0.877011 0.258854 0.081121
541.700000000 -57.111820 49.917842 196.132853 -0.399260 0.896925 0.134025 0.134738
541.900000000 -57.335400 49.926862 196.375282 -0.405569 0.896915 0.125789 0.123428
542.000000000 -57.325594 49.940727 196.293821 -0.405119 0.897719 0.121590 0.123267
542.100000000 -57.319071 49.941612 196.227054 -0.404846 0.898068 0.120941 0.122258
542.200000000 -57.281104 49.934467 196.173000 -0.403555 0.897649 0.125423 0.125055
542.600000000 -56.874050 49.757964 195.251109 -0.400933 0.881804 0.234894 0.080621
542.700000000 -56.920066 49.870208 195.861046 -0.396131 0.895790 0.142145 0.142950
542.800000000 -57.041686 49.869078 195.994118 -0.397286 0.896105 0.140901 0.138947
542.900000000 -57.126555 49.885287 196.061585 -0.399123 0.896716 0.133738 0.136806
543.000000000 -57.248815 49.906948 196.178452 -0.401610 0.896456 0.132785 0.132076
543.100000000 -57.314920 49.906235 196.258762 -0.403704 0.896516 0.129934 0.128059
543.400000000 -57.314304 49.886547 196.115304 -0.404202 0.899176 0.111620 0.125078
543.800000000 -57.083224 49.845219 195.078123 -0.403785 0.884537 0.220386 0.077339
543.900000000 -57.143778 49.876886 195.787268 -0.399463 0.900036 0.115055 0.130870
544.000000000 -57.171157 49.907535 195.727907 -0.398401 0.900702 0.113157 0.131176
544.300000000 -57.163218 49.993638 195.080865 -0.399343 0.882820 0.230541 0.089474
544.600000000 -57.086159 50.010473 195.297508 -0.395146 0.901455 0.116890 0.132572
544.900000000 -57.070982 50.061315 195.270345 -0.393721 0.901114 0.118982 0.137188
545.100000000 -57.360101 50.154177 195.455469 -0.395238 0.901431 0.116806 0.132535
545.700000000 -57.392604 50.545949 194.173320 -0.393489 0.884730 0.230816 0.095621
546.500000000 -57.688015 50.980722 193.339553 -0.390569 0.905465 0.134681 0.097206
546.600000000 -57.610349 51.124816 193.337143 -0.384777 0.885674 0.240868 0.097527
547.000000000 -57.766005 51.136316 193.103774 -0.388727 0.907113 0.133438 0.090732
547.100000000 -57.891076 51.428224 192.872845 -0.387911 0.889556 0.226558 0.082986
547.200000000 -57.767799 51.182571 192.762894 -0.387358 0.908816 0.131286 0.082289
547.300000000 -57.906606 51.424166 191.503358 -0.386529 0.911646 0.131965 0.045635
547.400000000 -57.916022 51.531902 190.651931 -0.384473 0.915036 0.121999 0.002628
547.500000000 -57.991321 51.641825 190.383545 -0.384566 0.914111 0.128457 -0.003121
547.600000000 -57.963170 51.712380 190.012577 -0.384005 0.913920 0.131438 -0.003716
548.000000000 -59.889860 53.612188 189.198077 -0.385037 0.882522 0.260156 -0.072256
548.100000000 -61.636791 54.819416 189.685706 -0.382299 0.851691 0.328349 -0.143725
548.200000000 -61.890206 55.103047 189.767431 -0.377139 0.844964 0.348998 -0.148330
548.300000000 -62.001223 55.283043 189.487536 -0.374470 0.844017 0.354378 -0.147728
548.500000000 -62.006824 55.367911 189.414051 -0.349179 0.792393 0.466159 -0.181337
548.600000000 -62.074403 55.533077 189.340367 -0.342869 0.792883 0.471885 -0.176357
549.000000000 -62.463364 56.279832 188.625627 -0.327816 0.799009 0.478606 -0.158295
549.200000000 -62.553027 56.561130 188.318727 -0.320977 0.802418 0.480398 -0.149387
549.300000000 -62.579474 56.688308 188.254872 -0.315937 0.802671 0.484622 -0.145068
549.400000000 -62.571250 56.722883 188.210100 -0.314034 0.804047 0.484344 -0.142483
549.800000000 -62.708272 56.734115 188.079085 -0.347017 0.841876 0.388656 -0.140606
549.900000000 -62.742328 56.832021 188.020012 -0.340707 0.840745 0.397637 -0.137661
550.100000000 -62.898892 57.148168 187.497092 -0.335590 0.843233 0.399162 -0.130412
550.300000000 -62.906364 57.259659 187.176355 -0.331802 0.844481 0.401323 -0.125294
550.400000000 -63.014065 57.399468 187.151813 -0.329658 0.842013 0.407636 -0.127170
550.500000000 -63.099759 57.538945 187.061506 -0.326953 0.839361 0.414973 -0.127950
550.600000000 -63.077365 57.492993 186.983983 -0.330080 0.844481 0.402204 -0.127013
550.700000000 -63.103987 57.516131 187.009579 -0.329401 0.842349 0.406469 -0.129330
550.800000000 -63.177097 57.541468 186.873558 -0.336705 0.849677 0.383947 -0.131390
551.000000000 -63.265248 57.489913 187.031311 -0.351417 0.858749 0.346103 -0.138809
551.200000000 -63.334960 57.552347 186.978988 -0.351476 0.855913 0.350963 -0.143880
551.300000000 -63.421911 57.655898 186.933617 -0.350609 0.855745 0.352472 -0.143309
551.400000000 -63.407575 57.657248 186.882681 -0.349830 0.854629 0.355600 -0.144145
551.600000000 -63.650265 57.823655 187.087183 -0.363899 0.893682 0.240583 -0.105026
552.300000000 -65.430340 59.800124 188.718450 -0.346815 0.935161 0.057186 0.043859
552.400000000 -65.469389 59.831761 188.815687 -0.346299 0.935284 0.057325 0.045114
552.500000000 -65.482641 59.869176 188.770645 -0.346193 0.935251 0.057773 0.046026
552.600000000 -65.488537 59.895329 188.654628 -0.346247 0.935266 0.057598 0.045528
552.700000000 -65.497185 59.918943 188.590763 -0.346167 0.935282 0.057678 0.045705
553.100000000 -65.508830 60.007980 188.016248 -0.347015 0.935202 0.057046 0.041511
553.300000000 -65.500017 60.050349 187.704290 -0.347355 0.935183 0.056461 0.039860
553.600000000 -65.498751 60.101171 187.279972 -0.348033 0.935144 0.054752 0.037158
553.900000000 -65.489910 60.157670 186.965968 -0.348461 0.935092 0.053575 0.036161
554.000000000 -65.491395 60.169720 186.855358 -0.348517 0.935161 0.052573 0.035290
554.300000000 -65.456866 60.226176 186.242780 -0.349907 0.934883 0.052184 0.028889
554.400000000 -65.453423 60.253136 186.047829 -0.350443 0.934775 0.051871 0.026366
554.500000000 -65.434492 60.271638 185.884730 -0.350870 0.934682 0.051282 0.025087
554.800000000 -65.437547 60.376600 185.834279 -0.350686 0.934912 0.047568 0.026384
554.900000000 -65.441421 60.411828 185.761144 -0.350898 0.934897 0.046868 0.025324
555.200000000 -65.749481 60.739828 186.859117 -0.348934 0.935161 0.053994 0.028358
555.400000000 -65.687087 60.803159 186.659772 -0.349240 0.935155 0.051588 0.029253
555.500000000 -65.639428 60.831095 186.452806 -0.349650 0.935087 0.051160 0.027214
556.000000000 -65.490156 61.074611 186.013983 -0.349992 0.934957 0.052035 0.025582
556.200000000 -65.435932 61.165954 186.173089 -0.349389 0.935435 0.044114 0.030701
556.300000000 -65.460303 61.239629 186.507406 -0.348536 0.935782 0.040778 0.034229
556.400000000 -65.328710 61.275510 185.797507 -0.350169 0.935090 0.047260 0.027473
556.600000000 -65.212487 61.376129 185.218538 -0.352022 0.934540 0.047871 0.020578
556.800000000 -65.116303 61.476068 184.971292 -0.352182 0.934554 0.046764 0.019729
557.000000000 -65.028273 61.580297 184.760182 -0.352085 0.934765 0.043450 0.019051
557.100000000 -64.978304 61.648922 184.764552 -0.351988 0.934789 0.042609 0.021395
557.200000000 -64.905761 61.659716 184.421456 -0.352974 0.934588 0.040974 0.016616
557.300000000 -64.872037 61.722445 184.349498 -0.352968 0.934553 0.042449 0.014922
557.600000000 -64.753149 61.887751 183.893668 -0.354158 0.934223 0.041372 0.009362
557.900000000 -64.552876 62.030645 183.421208 -0.354342 0.934167 0.040892 0.010085
558.200000000 -64.403307 62.201325 183.078892 -0.354634 0.934088 0.040468 0.008801
558.500000000 -64.275732 62.340087 182.529187 -0.355423 0.933881 0.039210 0.001878
558.600000000 -64.230210 62.383324 182.377498 -0.355557 0.933876 0.038123 0.001331
558.800000000 -64.112980 62.499037 182.156456 -0.355530 0.933937 0.036811 0.002212
559.100000000 -63.933436 62.664807 181.784294 -0.355298 0.933960 0.038343 0.003444
559.300000000 -63.846025 62.785472 181.671336 -0.354790 0.934148 0.038221 0.005571
559.800000000 -63.605859 63.027165 181.016857 -0.355738 0.933847 0.036682 0.005966
559.900000000 -63.602423 63.064912 181.070155 -0.355340 0.934155 0.032408 0.006118
560.100000000 -63.516899 63.141055 180.835083 -0.355194 0.934287 0.029834 0.007450
560.200000000 -63.490161 63.175441 180.675465 -0.355603 0.934146 0.029650 0.006209
560.400000000 -63.461447 63.271187 180.419306 -0.356636 0.933763 0.029640 0.004293
560.500000000 -63.424720 63.297128 180.249801 -0.356735 0.933746 0.029013 0.004022
560.700000000 -63.408482 63.412473 180.132361 -0.358844 0.932929 0.028634 0.007367
560.800000000 -63.362749 63.412110 179.995418 -0.357271 0.933596 0.027112 0.004608
561.000000000 -63.286683 63.438624 179.697405 -0.357620 0.933524 0.024259 0.007272
561.700000000 -63.460666 63.716133 179.173213 -0.379630 0.921898 0.048974 0.059884
561.800000000 -63.406342 63.712526 179.058623 -0.380599 0.921768 0.047134 0.057146
562.000000000 -63.338329 63.736080 178.716199 -0.380231 0.921864 0.048015 0.057330
562.200000000 -63.295507 63.758707 178.483408 -0.379771 0.921976 0.048295 0.058328
562.300000000 -63.252018 63.720939 178.491128 -0.379974 0.922006 0.046428 0.058037
562.400000000 -63.232880 63.725287 178.405960 -0.379924 0.922036 0.045700 0.058476
563.600000000 -63.811544 64.314525 179.077120 -0.373205 0.922452 0.055462 0.081999
563.800000000 -63.914910 64.224926 178.996788 -0.378049 0.922642 0.039304 0.065312
563.900000000 -63.990176 64.218197 179.109801 -0.378322 0.922845 0.035364 0.063084
564.200000000 -64.183936 64.370980 178.621172 -0.377759 0.923114 0.034188 0.063167
564.300000000 -64.160202 64.297666 178.775411 -0.377478 0.923260 0.030923 0.064387
564.500000000 -64.199227 64.278845 178.359617 -0.377388 0.923461 0.030590 0.062146
564.900000000 -64.339670 64.230723 177.944957 -0.376496 0.923937 0.030257 0.060624
565.000000000 -64.465479 64.286602 177.828667 -0.375904 0.924290 0.023751 0.061804
565.200000000 -64.449854 64.156425 177.435695 -0.375731 0.924452 0.028498 0.058340
565.300000000 -64.516585 64.146497 177.304006 -0.375849 0.924530 0.027577 0.056749
565.500000000 -64.593398 64.089320 176.980578 -0.375183 0.924755 0.027320 0.057612
565.600000000 -64.666477 64.086110 176.777367 -0.374831 0.924934 0.026784 0.057290
565.900000000 -64.792280 63.904885 176.306647 -0.375651 0.924938 0.027031 0.051435
566.300000000 -65.052388 63.779199 175.636936 -0.375751 0.925039 0.027101 0.048777
566.400000000 -65.141262 63.761342 175.472279 -0.375672 0.925106 0.026301 0.048561
566.500000000 -65.215996 63.724637 175.306666 -0.375758 0.925122 0.026000 0.047733
566.800000000 -65.329663 63.447214 174.260012 -0.362752 0.931800 0.012525 -0.001506
566.900000000 -65.440259 63.409636 174.074977 -0.362364 0.931927 0.013302 -0.005220
567.000000000 -65.505100 63.369824 173.899767 -0.361993 0.932032 0.014917 -0.007415
567.100000000 -65.580706 63.349987 173.766926 -0.362873 0.931650 0.017354 -0.007125
567.200000000 -65.689905 63.323235 173.580160 -0.363093 0.931511 0.018307 -0.010763
567.300000000 -65.799775 63.299304 173.449188 -0.363373 0.931375 0.018521 -0.012555
567.500000000 -65.935001 63.241305 173.161291 -0.363724 0.931174 0.021140 -0.013129
567.800000000 -66.017707 63.059458 172.798324 -0.362558 0.931761 0.016900 -0.009348
567.900000000 -66.113719 63.069377 172.654135 -0.362747 0.931662 0.018290 -0.009258
568.000000000 -66.189488 63.032313 172.494092 -0.363128 0.931467 0.018962 -0.012178
568.200000000 -66.289258 63.016117 172.209641 -0.363085 0.931410 0.022869 -0.011058
568.300000000 -66.364732 63.032876 172.102500 -0.363247 0.931344 0.023786 -0.009215
568.500000000 -66.383204 62.981727 171.883508 -0.362612 0.931696 0.021209 -0.002447
568.700000000 -66.427676 62.974782 171.616263 -0.361779 0.931970 0.023384 -0.001259
568.800000000 -66.454902 62.958511 171.460426 -0.361854 0.931921 0.024112 -0.001598
568.900000000 -66.460867 62.967114 171.341245 -0.361411 0.932076 0.024810 0.000831
569.300000000 -66.464787 62.995347 170.807132 -0.360741 0.932281 0.025495 0.008267
569.400000000 -66.465820 63.034286 170.688641 -0.360249 0.932408 0.027099 0.010078
569.500000000 -66.448416 63.079384 170.570548 -0.361163 0.931838 0.032038 0.014615
569.900000000 -66.390761 63.238524 170.049750 -0.361413 0.931399 0.037198 0.022195
570.100000000 -66.272821 63.289965 169.779833 -0.360613 0.931582 0.036335 0.028152
570.200000000 -66.223259 63.339263 169.655261 -0.360216 0.931618 0.037611 0.030288
570.500000000 -66.012955 63.640883 169.447649 -0.358944 0.930143 0.051495 0.057808
570.600000000 -65.884390 63.709488 169.370447 -0.357976 0.929477 0.057064 0.068335
570.800000000 -65.968017 63.810407 169.684710 -0.357446 0.929907 0.054253 0.067540
570.900000000 -65.944340 63.876070 169.612762 -0.357814 0.929793 0.054408 0.067033
571.000000000 -65.808249 63.971966 169.325257 -0.356792 0.929298 0.060901 0.073457
571.100000000 -65.873916 64.017034 169.421851 -0.357215 0.929747 0.057696 0.068109
571.200000000 -65.780041 64.104568 169.198282 -0.356449 0.929485 0.062305 0.071557
571.600000000 -65.646869 64.314272 169.171606 -0.356255 0.929698 0.057026 0.074110
571.700000000 -65.524269 64.428976 168.947560 -0.355932 0.929009 0.062158 0.079940
571.800000000 -65.462728 64.489316 168.891992 -0.355631 0.929092 0.059809 0.082084
571.900000000 -65.343354 64.598921 168.630079 -0.355224 0.928453 0.065510 0.086595
572.200000000 -65.246938 64.864382 168.341730 -0.355037 0.928250 0.069063 0.086785
572.300000000 -65.136922 64.970599 168.114105 -0.354838 0.927679 0.073266 0.090183
572.500000000 -65.085700 65.133015 167.971369 -0.355220 0.927339 0.075578 0.090267
572.800000000 -64.907471 65.411854 167.514600 -0.354304 0.926377 0.083736 0.096348
573.100000000 -64.745940 65.653676 166.929127 -0.354073 0.925941 0.090127 0.095612
573.300000000 -64.655981 65.769069 166.631819 -0.354139 0.926071 0.088471 0.095661
573.400000000 -64.579601 65.832759 166.300898 -0.354422 0.925923 0.090693 0.093953
573.600000000 -64.533665 65.913411 166.159595 -0.354631 0.926384 0.085442 0.093539
573.700000000 -64.503241 65.969522 166.002108 -0.354806 0.926380 0.085679 0.092689
573.900000000 -64.489816 66.080241 165.836637 -0.355472 0.926313 0.086005 0.090481
574.000000000 -64.442597 66.133809 165.587623 -0.355893 0.926232 0.087146 0.088545
574.400000000 -64.343033 66.297299 165.116259 -0.356694 0.926634 0.080453 0.087441
574.900000000 -64.304663 66.553747 164.596163 -0.358831 0.926483 0.080038 0.080395
575.000000000 -64.245683 66.595005 164.303968 -0.359171 0.926399 0.081742 0.078098
575.100000000 -64.221688 66.647051 164.086484 -0.360207 0.926329 0.081577 0.074239
575.200000000 -64.200374 66.695038 163.888867 -0.360722 0.926377 0.081773 0.070839
575.500000000 -64.144243 66.813933 163.562643 -0.361115 0.927079 0.073385 0.068821
575.600000000 -64.077062 66.849420 163.220355 -0.361867 0.926865 0.075327 0.065576
575.700000000 -64.043638 66.900605 163.032969 -0.362581 0.926600 0.076428 0.064079
576.000000000 -64.095219 67.070874 163.026433 -0.362667 0.927141 0.071776 0.061076
576.300000000 -63.988356 67.194992 162.599090 -0.362847 0.927408 0.066837 0.061550
576.900000000 -63.899916 67.519844 162.110525 -0.364107 0.926771 0.068004 0.062426
577.000000000 -63.853056 67.551207 161.825180 -0.365000 0.926682 0.068164 0.058213
577.100000000 -63.815411 67.581632 161.590225 -0.365546 0.926678 0.068201 0.054707
577.200000000 -63.770167 67.616773 161.373434 -0.366121 0.926549 0.068391 0.052769
577.300000000 -63.734061 67.657889 161.211583 -0.366467 0.926497 0.068307 0.051380
577.400000000 -63.685732 67.690429 160.992725 -0.366930 0.926391 0.068748 0.049354
577.500000000 -63.710100 67.741006 160.980406 -0.367041 0.926513 0.066628 0.049143
577.900000000 -63.716523 67.967384 160.837867 -0.366422 0.927012 0.061357 0.051184
578.100000000 -63.648733 68.056804 160.556690 -0.366695 0.926846 0.061815 0.051669
578.700000000 -63.480545 68.296225 159.723023 -0.368147 0.926229 0.065030 0.048350
578.800000000 -63.442001 68.325369 159.544839 -0.368305 0.926226 0.064926 0.047338
578.900000000 -63.415423 68.365834 159.404060 -0.368519 0.926197 0.064568 0.046729
579.200000000 -63.436293 68.520590 159.296563 -0.368076 0.926382 0.061714 0.050279
579.300000000 -63.374991 68.544991 159.056670 -0.368339 0.926266 0.062489 0.049534
579.400000000 -63.334129 68.570860 158.858885 -0.368788 0.926129 0.063156 0.047868
579.500000000 -63.304528 68.601529 158.705056 -0.369019 0.926052 0.063216 0.047491
579.600000000 -63.286227 68.642365 158.583496 -0.369081 0.926006 0.063335 0.047754
579.900000000 -63.208676 68.767139 158.189557 -0.369270 0.925751 0.063215 0.051271
580.300000000 -63.131109 68.901736 157.608406 -0.369199 0.925930 0.060844 0.051423
580.600000000 -63.073421 68.998557 157.185762 -0.369982 0.925433 0.064449 0.050335
580.700000000 -63.056171 69.037554 157.044318 -0.369994 0.925410 0.064094 0.051118
580.800000000 -63.019690 69.069482 156.924480 -0.369761 0.925377 0.063643 0.053885
580.900000000 -63.001717 69.104070 156.783716 -0.369857 0.925304 0.063938 0.054135
581.000000000 -62.981840 69.130487 156.635882 -0.369975 0.925290 0.063220 0.054403
581.200000000 -62.950332 69.188651 156.340511 -0.370240 0.925158 0.063991 0.053950
581.700000000 -62.872803 69.336508 155.654730 -0.370431 0.924957 0.063674 0.056400
582.200000000 -62.806352 69.469184 154.973505 -0.370743 0.924602 0.064562 0.059091
582.600000000 -62.766638 69.581999 154.454402 -0.370897 0.924344 0.065264 0.061359
582.700000000 -62.760461 69.614240 154.343779 -0.370938 0.924213 0.065785 0.062520
582.800000000 -62.743289 69.633843 154.216033 -0.370829 0.924168 0.065599 0.064004
582.900000000 -62.728638 69.663233 154.115709 -0.370767 0.924044 0.066081 0.065635
583.000000000 -62.711069 69.701973 154.008166 -0.370852 0.923841 0.066896 0.067167
583.100000000 -62.706350 69.724403 153.866300 -0.370842 0.923897 0.066735 0.066603
583.500000000 -62.709091 69.832062 153.453940 -0.371162 0.923355 0.069276 0.069677
583.600000000 -62.725456 69.864151 153.418063 -0.371040 0.923212 0.069519 0.071953
583.700000000 -62.705521 69.873159 153.200843 -0.370941 0.923273 0.069538 0.071657
583.800000000 -62.699024 69.900666 153.134013 -0.370724 0.923146 0.070085 0.073845
583.900000000 -62.717913 69.931658 153.077538 -0.370789 0.923008 0.070628 0.074720
584.300000000 -62.870672 70.056290 152.963202 -0.371219 0.922536 0.074326 0.074831
584.400000000 -62.908232 70.089373 152.982346 -0.371013 0.922322 0.075636 0.077140
584.600000000 -62.780028 70.113609 152.466582 -0.370483 0.922645 0.072404 0.078908
584.700000000 -62.812135 70.149128 152.470282 -0.370364 0.922341 0.074020 0.081475
584.800000000 -62.836124 70.185212 152.454088 -0.370443 0.922014 0.075195 0.083711
585.200000000 -62.823957 70.283636 151.962398 -0.370413 0.921732 0.077077 0.085226
585.300000000 -62.845322 70.314351 151.940493 -0.370234 0.921509 0.078178 0.087390
585.600000000 -62.770856 70.386901 151.513347 -0.369841 0.921103 0.078940 0.092494
585.800000000 -62.855001 70.439779 151.464600 -0.369676 0.921124 0.079230 0.092695
585.900000000 -62.925260 70.476695 151.511500 -0.369799 0.920941 0.080166 0.093223
586.200000000 -62.834162 70.535674 150.954530 -0.369730 0.920930 0.080463 0.093345
586.300000000 -62.867806 70.566116 150.962709 -0.369457 0.920748 0.081009 0.095724
586.400000000 -62.909347 70.598619 150.972103 -0.369371 0.920553 0.081640 0.097382
587.400000000 -62.830689 70.867523 149.709474 -0.369618 0.919832 0.083529 0.101557
587.500000000 -62.818902 70.897405 149.586771 -0.369670 0.919681 0.083817 0.102494
587.600000000 -62.840677 70.924409 149.527816 -0.369757 0.919614 0.083923 0.102693
587.700000000 -62.830949 70.951871 149.403615 -0.369818 0.919550 0.083728 0.103212
587.800000000 -62.746069 70.974861 149.127425 -0.369821 0.919413 0.083218 0.104815
587.900000000 -62.791334 71.008057 149.123337 -0.369852 0.919352 0.083355 0.105131
588.000000000 -62.811461 71.037309 149.050184 -0.370052 0.919297 0.083597 0.104716
588.400000000 -62.770216 71.142465 148.505135 -0.370381 0.919229 0.084021 0.103803
589.000000000 -62.701690 71.291011 147.625916 -0.371121 0.918993 0.084005 0.103271
589.300000000 -62.747641 71.349693 147.315491 -0.371367 0.919144 0.083142 0.101725
589.500000000 -62.747450 71.382261 147.037898 -0.371591 0.919160 0.081737 0.101905
589.900000000 -62.799160 71.434720 146.522911 -0.371912 0.919294 0.081192 0.099944
590.100000000 -62.811289 71.458073 146.252998 -0.372124 0.919024 0.081168 0.101643
590.200000000 -62.982871 71.491087 146.462477 -0.372140 0.919093 0.082089 0.100211
590.300000000 -63.024923 71.490459 146.370548 -0.372184 0.919347 0.081267 0.098364
590.400000000 -63.057778 71.507469 146.303628 -0.372172 0.919175 0.081924 0.099463
590.500000000 -62.960000 71.494411 145.895733 -0.372545 0.919061 0.081426 0.099536
590.900000000 -63.107028 71.503826 145.425564 -0.373399 0.919476 0.078687 0.094579
591.000000000 -63.122988 71.499545 145.254979 -0.373745 0.919459 0.078502 0.093530
591.100000000 -63.161808 71.494716 145.125541 -0.373718 0.919706 0.077915 0.091679
591.400000000 -63.255809 71.482226 144.740508 -0.374140 0.919892 0.076547 0.089215
591.500000000 -63.314467 71.489978 144.692042 -0.374179 0.919805 0.076970 0.089580
591.600000000 -63.351078 71.477380 144.531626 -0.374358 0.920145 0.075331 0.086686
592.100000000 -63.551543 71.454845 143.969800 -0.375445 0.920393 0.071902 0.082146
592.200000000 -63.532033 71.427981 143.729833 -0.375235 0.920617 0.070329 0.081957
592.300000000 -63.606268 71.427493 143.669903 -0.375400 0.920705 0.070387 0.080137
592.400000000 -63.586628 71.406464 143.415128 -0.375701 0.920826 0.069104 0.078443
592.800000000 -63.709976 71.371079 142.877873 -0.376508 0.920924 0.066956 0.075214
593.100000000 -63.818668 71.352411 142.515823 -0.377299 0.920952 0.065513 0.072117
593.200000000 -63.839391 71.333988 142.355675 -0.377355 0.921180 0.063725 0.070498
593.300000000 -63.844956 71.313988 142.133181 -0.377685 0.921275 0.063784 0.067361
593.400000000 -63.850415 71.303504 141.976090 -0.377682 0.921347 0.061559 0.068453
593.500000000 -63.893442 71.305333 141.878501 -0.377927 0.921293 0.062466 0.066996
593.600000000 -63.942375 71.311051 141.828423 -0.377926 0.921279 0.061678 0.067911
594.000000000 -64.072806 71.311710 141.404547 -0.378367 0.921361 0.061348 0.064561
594.100000000 -64.134024 71.312338 141.349214 -0.378400 0.921582 0.060462 0.062001
594.200000000 -64.085400 71.290515 141.111960 -0.378488 0.921496 0.058790 0.064304
594.300000000 -64.120241 71.301897 141.026281 -0.378600 0.921426 0.059608 0.063903
594.400000000 -64.108594 71.308626 140.827528 -0.378758 0.921316 0.059452 0.064692
594.500000000 -64.127054 71.311500 140.786399 -0.378695 0.921134 0.058610 0.068308
594.600000000 -64.179446 71.322262 140.712617 -0.378647 0.921403 0.057948 0.065468
595.000000000 -64.133955 71.343824 139.990946 -0.379028 0.921166 0.060380 0.064389
595.100000000 -64.118383 71.325178 139.901177 -0.379058 0.921127 0.058840 0.066169
595.300000000 -64.119023 71.360652 139.615549 -0.379178 0.920918 0.060616 0.066787
595.700000000 -64.093246 71.491467 139.005760 -0.379719 0.919910 0.066111 0.072172
596.200000000 -64.101546 71.695592 138.235621 -0.380551 0.919132 0.074846 0.069108
596.300000000 -64.015386 71.647852 138.181453 -0.379798 0.919379 0.068742 0.075963
596.400000000 -64.013932 71.689535 138.050593 -0.379880 0.919204 0.069728 0.076764
596.500000000 -63.994021 71.732108 137.903722 -0.379989 0.918957 0.071253 0.077779
596.600000000 -64.008625 71.799867 137.756085 -0.380346 0.918603 0.074602 0.077067
596.700000000 -63.946511 71.797893 137.610329 -0.380120 0.918722 0.073179 0.078123
597.300000000 -63.566936 71.216690 137.977226 -0.374247 0.922558 0.020044 0.091784
597.500000000 -63.493823 71.327541 137.639557 -0.374397 0.922176 0.024081 0.094014
597.600000000 -63.450643 71.293137 137.619639 -0.373094 0.922741 0.015382 0.095462
597.700000000 -63.370684 71.376382 137.299496 -0.373747 0.922263 0.020587 0.096543
597.800000000 -63.320667 71.344765 137.292569 -0.372956 0.922658 0.016784 0.096557
598.000000000 -63.296018 71.507686 137.004363 -0.374049 0.921860 0.020411 0.099226
598.100000000 -63.240051 71.527128 136.927830 -0.373464 0.921837 0.017514 0.102148
598.200000000 -63.184285 71.582088 136.744541 -0.373565 0.921745 0.018324 0.102462
598.400000000 -63.120696 71.699354 136.575201 -0.373937 0.921146 0.020325 0.106061
598.800000000 -62.905116 71.903113 136.056094 -0.373268 0.921322 0.017331 0.107403
599.000000000 -62.809331 72.021263 135.849170 -0.372950 0.921451 0.016566 0.107524
599.200000000 -62.672786 72.140700 135.636451 -0.373173 0.920850 0.014880 0.112053
599.400000000 -62.543803 72.276356 135.433355 -0.373831 0.920199 0.016851 0.114895
599.500000000 -62.473365 72.339105 135.364609 -0.373601 0.920009 0.014388 0.117468
599.600000000 -62.426950 72.424072 135.284471 -0.373806 0.919861 0.015133 0.117883
599.700000000 -62.309266 72.453647 135.138826 -0.373095 0.920212 0.011532 0.117802
599.800000000 -62.283793 72.544595 135.057116 -0.373180 0.920446 0.012290 0.115607
600.000000000 -62.112893 72.697622 134.881751 -0.373463 0.919752 0.011855 0.120172
600.400000000 -61.588625 72.801884 134.532227 -0.371179 0.919368 -0.009647 0.129979
600.600000000 -61.477594 73.026524 134.316949 -0.371445 0.919686 -0.006862 0.127118
600.700000000 -61.394373 73.116546 134.236233 -0.371575 0.919619 -0.005360 0.127294
600.800000000 -61.308341 73.211630 134.128449 -0.371876 0.919557 -0.004440 0.126901
600.900000000 -61.210157 73.282951 134.014524 -0.371854 0.919642 -0.005641 0.126298
601.100000000 -60.846011 73.370953 133.589758 -0.371558 0.919155 -0.010642 0.130330
601.300000000 -60.584204 73.499340 133.294398 -0.371465 0.919228 -0.011090 0.130041
602.100000000 -59.606134 73.238983 134.462936 -0.359611 0.915722 -0.082872 0.158948
602.300000000 -59.345198 73.341889 134.268326 -0.360237 0.915841 -0.081729 0.157430
602.600000000 -58.912673 73.494469 133.892976 -0.360454 0.915192 -0.083861 0.159573
602.900000000 -58.607442 73.685818 133.649746 -0.360870 0.915232 -0.084950 0.157818
603.300000000 -58.050416 73.862744 133.089511 -0.361536 0.914733 -0.087188 0.157968
603.400000000 -57.923037 73.890424 132.957049 -0.361544 0.914996 -0.087685 0.156141
603.700000000 -57.583667 74.011488 132.641948 -0.361759 0.914819 -0.088664 0.156127
603.800000000 -57.485698 74.052242 132.553552 -0.361792 0.914888 -0.088512 0.155731
604.300000000 -57.011751 74.282164 132.236345 -0.346777 0.900986 -0.167609 0.199692
604.600000000 -56.591310 74.313038 131.426360 -0.347822 0.903603 -0.164009 0.188741
604.800000000 -56.442004 74.353762 131.289858 -0.348755 0.903869 -0.162080 0.187405
604.900000000 -56.290329 74.320601 131.079364 -0.349144 0.904411 -0.160503 0.185415
605.000000000 -56.111484 74.283145 130.817202 -0.349445 0.904735 -0.159473 0.184151
605.100000000 -56.037013 74.288562 130.723166 -0.349839 0.905099 -0.158203 0.182701
605.200000000 -55.959910 74.303874 130.606979 -0.350329 0.905155 -0.157200 0.182352
605.500000000 -55.759575 74.341114 130.274184 -0.349477 0.904414 -0.162354 0.183146
605.900000000 -55.424349 74.286357 129.690520 -0.349861 0.905102 -0.161431 0.179798
606.300000000 -55.077566 74.144116 129.123235 -0.350346 0.905377 -0.162040 0.176901
606.400000000 -55.024100 74.128071 128.986209 -0.350410 0.905492 -0.162366 0.175884
606.500000000 -54.986284 74.107961 128.868348 -0.350179 0.905608 -0.163597 0.174600
606.700000000 -54.931525 74.107848 128.652431 -0.350174 0.905130 -0.165166 0.175609
606.800000000 -54.840331 74.037469 128.506648 -0.350008 0.905098 -0.166389 0.174946
607.200000000 -54.673533 73.903292 127.965127 -0.350616 0.905296 -0.166234 0.172841
607.500000000 -54.510600 73.711763 127.495324 -0.350800 0.905670 -0.166985 0.169755
607.600000000 -54.501981 73.673516 127.424017 -0.350199 0.904970 -0.169709 0.172011
608.000000000 -54.371660 73.401280 126.851206 -0.361408 0.900811 -0.169489 0.170870
608.200000000 -54.336921 73.238172 126.531835 -0.366715 0.898642 -0.169859 0.170617
608.400000000 -54.336390 73.099999 126.239026 -0.367090 0.898263 -0.170824 0.170844
608.500000000 -54.343084 73.057736 126.141472 -0.367489 0.897651 -0.170161 0.173839
608.900000000 -54.416155 72.763287 125.553443 -0.367087 0.898097 -0.170192 0.172349
609.000000000 -54.444261 72.711215 125.432771 -0.367356 0.897850 -0.169278 0.173957
609.300000000 -54.550207 72.507568 124.991759 -0.366422 0.897957 -0.170012 0.174652
610.000000000 -54.921741 72.064196 124.022209 -0.363482 0.898978 -0.168588 0.176912
610.300000000 -55.115712 71.858516 123.586574 -0.361492 0.899788 -0.169667 0.175834
610.400000000 -55.238524 71.822423 123.520754 -0.360629 0.899993 -0.169778 0.176451
610.500000000 -55.332320 71.784637 123.427380 -0.360455 0.899904 -0.169236 0.177778
610.600000000 -55.406271 71.711818 123.300583 -0.359622 0.900389 -0.169333 0.176913
610.700000000 -55.504841 71.650862 123.185679 -0.359047 0.900872 -0.169572 0.175384
611.000000000 -55.791697 71.500457 122.863621 -0.357493 0.901658 -0.170567 0.173547
611.400000000 -56.127219 71.308094 122.451198 -0.357395 0.901292 -0.170960 0.175253
611.500000000 -56.232337 71.250766 122.366534 -0.357143 0.901847 -0.170314 0.173535
611.800000000 -56.563465 71.167765 122.146903 -0.356816 0.902050 -0.170552 0.172916
612.000000000 -56.785149 71.105709 121.968479 -0.356503 0.902354 -0.171951 0.170574
612.100000000 -56.871438 71.060036 121.875057 -0.356515 0.902652 -0.171085 0.169845
612.200000000 -56.991653 71.056826 121.831761 -0.356408 0.902751 -0.170237 0.170393
612.300000000 -57.040339 70.998855 121.702122 -0.356240 0.902630 -0.171039 0.170580
612.400000000 -57.130300 70.964340 121.613415 -0.356633 0.902629 -0.171056 0.169747
612.900000000 -57.683480 70.918035 121.303236 -0.356234 0.903533 -0.170973 0.165813
613.000000000 -57.721419 70.917251 121.261886 -0.356236 0.902785 -0.170590 0.170216
613.100000000 -57.849728 70.885343 121.181058 -0.355394 0.903649 -0.171757 0.166170
613.200000000 -57.891470 70.926726 121.164258 -0.355797 0.902647 -0.168848 0.173574
613.300000000 -58.034813 70.902814 121.093414 -0.355039 0.903519 -0.170639 0.168769
613.400000000 -58.125290 70.904887 121.031500 -0.354794 0.903594 -0.170671 0.168851
613.600000000 -58.289869 70.921481 120.951424 -0.353803 0.903944 -0.169475 0.170255
613.700000000 -58.379971 70.927455 120.906069 -0.353642 0.904130 -0.169278 0.169798
613.800000000 -58.480387 70.918723 120.858215 -0.352460 0.904642 -0.170940 0.167855
614.300000000 -58.916477 71.059139 120.733851 -0.350481 0.905523 -0.170211 0.167985
614.400000000 -58.997036 71.090274 120.706127 -0.350089 0.905808 -0.169801 0.167680
614.500000000 -59.108460 71.127530 120.703369 -0.349405 0.906275 -0.170349 0.166019
614.700000000 -59.221412 71.183201 120.654997 -0.348978 0.906508 -0.169759 0.166249
614.800000000 -59.279925 71.225890 120.659785 -0.348559 0.906220 -0.169798 0.168643
614.900000000 -59.353905 71.268032 120.659664 -0.347920 0.906494 -0.170416 0.167865
615.000000000 -59.410738 71.315158 120.659164 -0.347789 0.906491 -0.169782 0.168794
615.100000000 -59.520709 71.368121 120.680283 -0.346817 0.907145 -0.170753 0.166279
615.300000000 -59.650738 71.461215 120.699398 -0.345604 0.907444 -0.171771 0.166127
615.400000000 -59.728696 71.531842 120.734887 -0.345862 0.907054 -0.171813 0.167668
615.600000000 -59.884642 71.666481 120.788446 -0.344922 0.907956 -0.171123 0.165415
615.800000000 -59.939334 71.775164 120.859889 -0.345095 0.907471 -0.169568 0.169271
616.300000000 -60.125962 72.006106 120.969396 -0.343635 0.908065 -0.170607 0.168008
616.700000000 -60.272217 72.277614 121.183797 -0.343539 0.908149 -0.169421 0.168945
617.000000000 -60.326391 72.465448 121.330773 -0.343645 0.907933 -0.168201 0.171098
617.200000000 -60.433259 72.630565 121.498993 -0.343332 0.907858 -0.168899 0.171436
617.400000000 -60.441936 72.721577 121.587410 -0.343054 0.908019 -0.170275 0.169772
617.500000000 -60.430734 72.777625 121.635322 -0.343776 0.907721 -0.168954 0.171219
617.600000000 -60.421820 72.819144 121.674855 -0.343413 0.908098 -0.169093 0.169801
617.800000000 -60.410058 72.943863 121.785662 -0.344466 0.907451 -0.167310 0.172870
617.900000000 -60.410240 72.992240 121.836583 -0.344309 0.907738 -0.167387 0.171596
618.200000000 -60.482216 73.205588 122.119403 -0.343771 0.907782 -0.167546 0.172282
618.600000000 -60.471941 73.384431 122.416480 -0.343375 0.908612 -0.170571 0.165597
618.700000000 -60.471546 73.441683 122.506125 -0.343053 0.908406 -0.171533 0.166401
619.000000000 -60.449764 73.593863 122.764822 -0.343611 0.908580 -0.170111 0.165758
619.100000000 -60.437703 73.633542 122.827151 -0.343509 0.908882 -0.170686 0.163713
619.600000000 -60.402070 73.888224 123.287711 -0.343633 0.908432 -0.171900 0.164674
619.900000000 -60.368370 74.016285 123.564095 -0.344031 0.908665 -0.170766 0.163738
620.000000000 -60.391612 74.077085 123.693683 -0.343894 0.908594 -0.171579 0.163570
620.300000000 -60.338059 74.192723 123.981347 -0.344305 0.908046 -0.172019 0.165276
620.400000000 -60.348927 74.252876 124.112366 -0.344792 0.907715 -0.171093 0.167032
620.700000000 -60.311921 74.356249 124.404765 -0.344994 0.908076 -0.170038 0.165724
620.800000000 -60.285200 74.381551 124.499141 -0.345424 0.908024 -0.169063 0.166109
621.100000000 -60.237280 74.469615 124.796106 -0.345881 0.907592 -0.168825 0.167752
622.200000000 -60.201827 74.733365 126.052699 -0.348404 0.905802 -0.166767 0.174146
622.300000000 -60.154932 74.717970 126.129324 -0.348875 0.905933 -0.164724 0.174463
622.400000000 -60.167872 74.733208 126.245898 -0.349099 0.905858 -0.164824 0.174310
622.900000000 -60.250892 74.827135 126.893891 -0.349855 0.904406 -0.165942 0.179204
623.100000000 -60.278240 74.837263 127.127708 -0.351091 0.904719 -0.162264 0.178575
623.200000000 -60.303761 74.850581 127.256012 -0.351182 0.904327 -0.163030 0.179681
623.300000000 -60.312044 74.842912 127.361435 -0.351270 0.904194 -0.163466 0.179783
623.400000000 -60.322657 74.834311 127.467475 -0.351396 0.904205 -0.163561 0.179392
623.900000000 -60.435414 74.830777 128.051672 -0.352724 0.903529 -0.162177 0.181439
624.100000000 -60.518877 74.841721 128.303543 -0.352986 0.903098 -0.163294 0.182074
624.200000000 -60.564292 74.840032 128.437365 -0.353232 0.903394 -0.162361 0.180954
624.300000000 -60.583881 74.828544 128.529911 -0.353581 0.903346 -0.161589 0.181207
624.400000000 -60.580180 74.790174 128.594558 -0.353995 0.903639 -0.160421 0.179971
624.500000000 -60.666500 74.812224 128.766057 -0.353862 0.903556 -0.161161 0.179990
624.700000000 -60.733444 74.799864 129.010387 -0.354061 0.902858 -0.161716 0.182584
624.800000000 -60.760456 74.768720 129.084348 -0.353633 0.903138 -0.163127 0.180762
624.900000000 -60.853832 74.785216 129.249123 -0.353833 0.903237 -0.162877 0.180100
625.100000000 -60.884781 74.736231 129.431962 -0.354159 0.902833 -0.162312 0.181985
625.200000000 -60.989890 74.754872 129.608036 -0.354524 0.903235 -0.160756 0.180655
625.700000000 -61.244027 74.717909 130.219829 -0.354288 0.901907 -0.160090 0.188189
625.800000000 -61.283793 74.702100 130.320672 -0.354594 0.901940 -0.158327 0.188944
625.900000000 -61.383047 74.696874 130.446498 -0.354354 0.902542 -0.159270 0.185698
626.000000000 -61.403652 74.659501 130.506791 -0.354140 0.902696 -0.159982 0.184741
626.100000000 -61.470333 74.647536 130.623422 -0.354175 0.902781 -0.160034 0.184214
626.300000000 -61.599705 74.644510 130.887596 -0.354095 0.902062 -0.157813 0.189725
626.500000000 -61.761138 74.634251 131.124813 -0.353951 0.902311 -0.159192 0.187649
626.600000000 -61.812778 74.625895 131.215909 -0.353702 0.901862 -0.159075 0.190353
626.800000000 -61.917790 74.576798 131.364559 -0.353550 0.902667 -0.158278 0.187466
626.900000000 -62.001048 74.575487 131.497880 -0.353388 0.902656 -0.157978 0.188076
627.000000000 -62.083472 74.579863 131.632644 -0.353474 0.902482 -0.157278 0.189331
627.200000000 -62.233000 74.563727 131.809818 -0.352875 0.902451 -0.159313 0.188892
627.300000000 -62.313525 74.572294 131.890870 -0.352894 0.902769 -0.157917 0.188508
627.600000000 -62.489716 74.526986 132.129918 -0.352199 0.903004 -0.158359 0.188314
627.700000000 -62.557068 74.516786 132.267685 -0.351957 0.902903 -0.157416 0.190035
627.800000000 -62.681922 74.543971 132.440589 -0.351960 0.902922 -0.157969 0.189480
628.000000000 -62.849633 74.548553 132.604521 -0.351699 0.903208 -0.158416 0.188221
628.100000000 -62.936642 74.553240 132.708788 -0.351123 0.903423 -0.158902 0.187855
628.300000000 -63.102488 74.548670 132.948873 -0.350970 0.903364 -0.158575 0.188702
628.400000000 -63.195506 74.559842 133.031852 -0.350599 0.903918 -0.157945 0.187257
628.900000000 -63.662930 74.619457 133.624974 -0.350259 0.903656 -0.155987 0.190770
629.200000000 -63.872551 74.598819 133.912811 -0.349317 0.904007 -0.155680 0.191082
629.600000000 -64.204170 74.640154 134.299508 -0.348162 0.904121 -0.155852 0.192504
629.800000000 -64.413017 74.700453 134.494257 -0.347943 0.904371 -0.154652 0.192697
629.900000000 -64.469490 74.671515 134.636518 -0.347249 0.904147 -0.156159 0.193780
630.000000000 -64.577015 74.722022 134.701627 -0.347961 0.904079 -0.154085 0.194480
630.100000000 -64.649711 74.715925 134.832370 -0.347545 0.904030 -0.154593 0.195048
630.200000000 -64.754975 74.751603 134.911975 -0.347153 0.904393 -0.154277 0.194312
630.300000000 -64.848506 74.769027 135.039874 -0.347155 0.904128 -0.154248 0.195560
630.400000000 -64.951348 74.794373 135.135397 -0.346856 0.904550 -0.153636 0.194619
630.900000000 -65.418802 74.888544 135.685254 -0.344152 0.906019 -0.154318 0.192028
631.100000000 -65.537495 74.906004 135.852010 -0.343931 0.905834 -0.154062 0.193497
631.400000000 -65.771144 74.933037 136.172387 -0.341851 0.906301 -0.156774 0.192815
631.500000000 -65.862422 74.981161 136.227058 -0.341929 0.906599 -0.155645 0.192192
631.700000000 -66.046084 75.023400 136.499970 -0.340982 0.906441 -0.157148 0.193392
632.000000000 -66.286846 75.083620 136.766388 -0.340448 0.907534 -0.155563 0.190466
632.100000000 -66.357898 75.105300 136.857236 -0.340209 0.907583 -0.155957 0.190339
632.400000000 -66.600395 75.182732 137.196021 -0.340014 0.906861 -0.157418 0.192907
632.500000000 -66.674249 75.181458 137.320219 -0.339161 0.906870 -0.159691 0.192497
632.600000000 -66.754467 75.228386 137.378446 -0.339987 0.907338 -0.156684 0.191300
632.800000000 -66.893005 75.273221 137.621036 -0.339239 0.907068 -0.158867 0.192108
632.900000000 -66.960866 75.297555 137.704200 -0.339776 0.907219 -0.157617 0.191475
633.400000000 -67.222043 75.393830 138.244528 -0.337632 0.906118 -0.165132 0.194129
633.700000000 -67.419247 75.521634 138.511935 -0.338063 0.909053 -0.158431 0.185029
633.800000000 -67.454792 75.544076 138.625215 -0.338176 0.908784 -0.159096 0.185571
633.900000000 -67.524742 75.617714 138.713959 -0.339038 0.908677 -0.157873 0.185568
634.400000000 -67.698125 75.887733 139.216983 -0.340858 0.909203 -0.150902 0.185459
634.600000000 -67.755956 75.999709 139.459778 -0.341683 0.908820 -0.149224 0.187166
634.900000000 -67.802537 76.170147 139.811978 -0.341987 0.909102 -0.146377 0.187488
635.000000000 -67.831830 76.209473 139.931813 -0.341699 0.909119 -0.146863 0.187553
635.100000000 -67.841825 76.261448 140.062494 -0.341516 0.908593 -0.147258 0.190105
635.300000000 -67.802910 76.315776 140.206665 -0.340882 0.909059 -0.148110 0.188346
635.400000000 -67.722905 76.309624 140.251082 -0.341601 0.909125 -0.145637 0.188652
635.700000000 -67.950032 76.591313 140.810482 -0.341977 0.909679 -0.141665 0.188325
636.000000000 -67.984537 76.748236 141.180040 -0.340939 0.910071 -0.142543 0.187648
636.100000000 -68.006459 76.802106 141.311300 -0.341199 0.910215 -0.141832 0.187020
636.400000000 -67.980138 76.932408 141.636868 -0.340918 0.910732 -0.140961 0.185669
636.800000000 -67.380944 76.757649 141.485542 -0.341829 0.910522 -0.142023 0.184206
636.900000000 -67.387142 76.815945 141.621697 -0.341693 0.910651 -0.141529 0.184203
637.100000000 -67.269419 76.836586 141.741646 -0.342013 0.910643 -0.141381 0.183758
637.400000000 -66.945334 76.791975 141.770408 -0.343114 0.910487 -0.140304 0.183305
637.700000000 -66.577391 76.714816 141.744505 -0.344506 0.910318 -0.139345 0.182262
637.900000000 -66.356288 76.659205 141.734095 -0.345198 0.910493 -0.139097 0.180260
638.000000000 -66.269387 76.654472 141.778530 -0.345291 0.910343 -0.139390 0.180610
638.100000000 -66.173963 76.634591 141.799420 -0.345360 0.910345 -0.139831 0.180128
638.300000000 -66.121840 76.790424 141.658588 -0.335754 0.898731 -0.189825 0.208610
638.400000000 -66.013302 76.747813 141.694062 -0.335843 0.898696 -0.190366 0.208124
638.500000000 -65.947503 76.755454 141.729966 -0.335640 0.898561 -0.191400 0.208086
638.600000000 -65.895950 76.747213 141.806890 -0.335278 0.898597 -0.192704 0.207309
638.700000000 -65.777944 76.699989 141.837484 -0.335618 0.898294 -0.192801 0.207981
638.800000000 -65.760172 76.730265 141.933999 -0.336008 0.897870 -0.192666 0.209302
638.900000000 -65.748296 76.747763 142.031848 -0.335850 0.897933 -0.193381 0.208625
639.200000000 -65.718516 76.810473 142.320365 -0.335419 0.897494 -0.195463 0.209268
639.500000000 -65.601608 76.796875 142.519936 -0.334785 0.897581 -0.197130 0.208346
639.600000000 -65.553796 76.775446 142.592381 -0.334575 0.897550 -0.197802 0.208178
639.800000000 -65.581108 76.829136 142.829860 -0.334823 0.896916 -0.198349 0.209981
640.200000000 -65.872601 77.024553 143.377301 -0.334278 0.898441 -0.196527 0.206008
640.400000000 -65.954753 77.076448 143.643833 -0.334650 0.897960 -0.196368 0.207646
640.700000000 -65.980563 77.072610 143.876853 -0.334389 0.898326 -0.196774 0.206093
640.800000000 -66.022481 77.079533 144.002540 -0.334068 0.898210 -0.197581 0.206345
641.200000000 -66.312280 77.187882 144.529895 -0.333722 0.898487 -0.198021 0.205276
641.300000000 -66.391887 77.201086 144.685020 -0.333776 0.898590 -0.197631 0.205115
641.900000000 -66.816777 77.296156 145.377531 -0.332849 0.899103 -0.199439 0.202608
642.000000000 -66.924849 77.323325 145.524991 -0.332791 0.899309 -0.199018 0.202200
642.100000000 -67.024685 77.358939 145.646024 -0.332991 0.899563 -0.198106 0.201636
642.300000000 -67.105114 77.319885 145.832435 -0.332605 0.899656 -0.199094 0.200886
642.400000000 -67.241403 77.361347 145.988063 -0.332230 0.899824 -0.199669 0.200183
642.500000000 -67.318475 77.367957 146.112330 -0.331924 0.899797 -0.200286 0.200193
642.600000000 -67.351171 77.345303 146.180519 -0.331757 0.899863 -0.200592 0.199865
642.700000000 -67.427730 77.364365 146.283594 -0.331772 0.899898 -0.200516 0.199761
642.800000000 -67.536603 77.382090 146.415090 -0.331554 0.900083 -0.200723 0.199080
643.000000000 -67.628168 77.363234 146.587800 -0.331455 0.900011 -0.201279 0.199009
643.100000000 -67.747154 77.397900 146.739836 -0.331412 0.900021 -0.201199 0.199115
643.300000000 -67.898279 77.404167 146.961907 -0.331478 0.900029 -0.200712 0.199461
643.400000000 -67.991850 77.424333 147.080086 -0.331415 0.900007 -0.200726 0.199652
643.500000000 -68.104024 77.451847 147.214622 -0.331521 0.899999 -0.200442 0.199797
643.600000000 -68.181460 77.446271 147.312198 -0.331354 0.900150 -0.200487 0.199348
644.000000000 -68.493477 77.440282 147.729011 -0.330805 0.900470 -0.200625 0.198672
644.100000000 -68.512560 77.405569 147.780347 -0.330798 0.900373 -0.200785 0.198964
644.200000000 -68.636734 77.430290 147.918095 -0.330589 0.900465 -0.200941 0.198736
644.300000000 -68.708319 77.429299 148.018074 -0.330526 0.900366 -0.201038 0.199190
644.500000000 -68.843122 77.428953 148.220381 -0.330916 0.900119 -0.200174 0.200526
644.700000000 -69.048515 77.453969 148.462383 -0.330369 0.900028 -0.201128 0.200883
645.200000000 -69.452846 77.453826 148.968278 -0.329873 0.900264 -0.200800 0.200966
645.400000000 -69.652850 77.465784 149.184688 -0.329168 0.900485 -0.201555 0.200378
645.500000000 -69.718484 77.465810 149.281138 -0.329202 0.900440 -0.201370 0.200709
645.900000000 -70.008557 77.454745 149.655959 -0.328398 0.900360 -0.202066 0.201682
646.500000000 -70.491615 77.493248 150.277170 -0.328546 0.900508 -0.200067 0.202772
647.100000000 -70.998423 77.569085 150.934870 -0.327609 0.900313 -0.200614 0.204604
647.400000000 -71.193660 77.575352 151.225462 -0.327005 0.899791 -0.201966 0.206528
647.500000000 -71.276032 77.598661 151.335563 -0.326977 0.899639 -0.202030 0.207173
647.600000000 -71.350380 77.616627 151.445524 -0.327063 0.899537 -0.201664 0.207832
648.200000000 -71.868715 77.745777 152.134376 -0.326144 0.900067 -0.200417 0.208189
648.300000000 -71.962242 77.786471 152.270229 -0.326177 0.899863 -0.200284 0.209146
648.400000000 -72.054565 77.818114 152.397134 -0.326108 0.899882 -0.199969 0.209471
648.500000000 -72.138259 77.850363 152.515939 -0.326076 0.899805 -0.199670 0.210136
648.800000000 -72.407770 77.950215 152.892516 -0.325665 0.899837 -0.199261 0.211022
649.000000000 -72.580210 78.020714 153.153920 -0.325572 0.899909 -0.198322 0.211742
649.100000000 -72.669733 78.063564 153.292821 -0.325475 0.899803 -0.198000 0.212643
649.600000000 -73.084299 78.245708 153.915004 -0.325083 0.899622 -0.196947 0.214973
649.800000000 -73.245339 78.321336 154.160673 -0.324851 0.899439 -0.197070 0.215972
650.200000000 -73.424048 78.379911 154.548246 -0.325001 0.899585 -0.195006 0.217013
650.800000000 -73.568692 78.386967 155.031847 -0.325689 0.900576 -0.190682 0.215706
651.000000000 -73.685242 78.451033 155.266435 -0.325903 0.900762 -0.189293 0.215833
651.100000000 -73.728801 78.474291 155.372131 -0.325794 0.900654 -0.189369 0.216379
651.400000000 -73.598395 78.341645 155.433847 -0.325254 0.899937 -0.192120 0.217745
651.500000000 -73.658443 78.379095 155.553463 -0.325516 0.900408 -0.190188 0.217102
651.600000000 -73.694019 78.397578 155.656855 -0.325437 0.900299 -0.190431 0.217460
651.800000000 -73.872584 78.516010 155.955203 -0.325067 0.899911 -0.191167 0.218968
652.000000000 -74.004684 78.596198 156.219224 -0.325628 0.900564 -0.187887 0.218286
652.300000000 -74.133209 78.661814 156.527157 -0.325009 0.900274 -0.189737 0.218802
652.600000000 -74.207480 78.698010 156.805096 -0.325331 0.900645 -0.187947 0.218346
652.700000000 -74.262366 78.732274 156.928597 -0.325105 0.900639 -0.188197 0.218491
652.800000000 -74.324456 78.770547 157.055011 -0.324909 0.900544 -0.188644 0.218789
653.000000000 -74.438761 78.840218 157.298352 -0.325221 0.900597 -0.187619 0.218987
653.500000000 -74.657455 78.948344 157.836107 -0.325172 0.900698 -0.187393 0.218838
653.600000000 -74.707018 78.974175 157.951438 -0.325090 0.900752 -0.187270 0.218842
653.700000000 -74.756750 79.001195 158.069885 -0.324880 0.900799 -0.187446 0.218813
654.300000000 -74.335267 78.684792 158.132175 -0.324595 0.900683 -0.188370 0.218916
654.500000000 -74.491109 78.771512 158.420442 -0.324078 0.900457 -0.189778 0.219397
654.600000000 -74.553991 78.809440 158.549603 -0.323812 0.900290 -0.190382 0.219950
654.900000000 -74.701595 78.875779 158.886076 -0.323192 0.899793 -0.193141 0.220491
655.200000000 -74.894457 78.971046 159.243002 -0.323197 0.900000 -0.193156 0.219623
655.400000000 -75.062603 79.065431 159.539369 -0.323903 0.900650 -0.189562 0.219050
655.800000000 -75.273848 79.134968 159.998369 -0.323010 0.900232 -0.193208 0.218900
656.000000000 -75.437931 79.210915 160.275018 -0.323201 0.900366 -0.192619 0.218586
656.700000000 -75.899588 79.370754 161.103578 -0.322648 0.900805 -0.194537 0.215879
656.900000000 -76.041116 79.408672 161.351548 -0.322242 0.900872 -0.195791 0.215070
657.000000000 -76.105783 79.424600 161.477505 -0.321766 0.900884 -0.196635 0.214962
657.100000000 -76.187116 79.447148 161.611196 -0.321280 0.900795 -0.198222 0.214606
657.400000000 -76.413605 79.541291 161.996530 -0.321658 0.901079 -0.196668 0.214276
658.000000000 -76.786882 79.645425 162.727365 -0.320686 0.900905 -0.198361 0.214904
658.100000000 -76.900976 79.681550 162.900965 -0.320142 0.900755 -0.199800 0.215010
658.200000000 -76.995460 79.711376 163.052260 -0.319790 0.900646 -0.200789 0.215070
658.400000000 -77.116004 79.759695 163.263739 -0.320564 0.900848 -0.198100 0.215564
658.500000000 -77.215100 79.785665 163.411988 -0.320190 0.900735 -0.199005 0.215759
658.600000000 -77.318703 79.808963 163.562999 -0.319879 0.900596 -0.199992 0.215889
658.800000000 -77.472779 79.859139 163.797278 -0.319976 0.900514 -0.199240 0.216780
659.100000000 -77.699609 79.884158 164.177316 -0.319712 0.900171 -0.199633 0.218225
659.200000000 -77.787172 79.899379 164.292201 -0.319610 0.899998 -0.199969 0.218783
659.400000000 -77.973207 79.937768 164.521891 -0.320064 0.900068 -0.198468 0.219195
659.600000000 -78.163878 79.945115 164.729218 -0.319867 0.900233 -0.198961 0.218356
659.700000000 -78.254887 79.943764 164.838988 -0.319725 0.900113 -0.199229 0.218815
659.800000000 -78.364136 79.944547 164.943029 -0.319303 0.900263 -0.199922 0.218182
660.000000000 -78.582362 79.943955 165.146944 -0.319718 0.901148 -0.197557 0.216066
661.100000000 -79.855642 79.798267 166.289613 -0.319740 0.901259 -0.196198 0.216807
661.200000000 -79.974013 79.757000 166.395232 -0.319407 0.901266 -0.196658 0.216853
661.300000000 -80.113173 79.723797 166.524190 -0.319391 0.900930 -0.197563 0.217449
661.500000000 -80.388261 79.663256 166.672393 -0.319533 0.901340 -0.196770 0.216258
661.600000000 -80.521703 79.620729 166.789770 -0.318999 0.901156 -0.198018 0.216671
662.200000000 -81.369949 79.399152 167.363020 -0.318862 0.901633 -0.197313 0.215526
662.500000000 -81.790099 79.270740 167.669389 -0.317860 0.900913 -0.200664 0.216923
662.600000000 -81.930940 79.236269 167.776071 -0.317796 0.900700 -0.200881 0.217695
662.800000000 -82.203983 79.153928 167.985266 -0.317370 0.900273 -0.202525 0.218559
662.900000000 -82.340378 79.125539 168.078319 -0.317660 0.900405 -0.201614 0.218437
663.000000000 -82.481718 79.090603 168.183179 -0.317286 0.900311 -0.202860 0.218215
663.200000000 -82.755942 79.028849 168.337906 -0.317512 0.901149 -0.201251 0.215906
663.500000000 -83.138435 78.962581 168.646898 -0.317450 0.900456 -0.202435 0.217772
663.600000000 -83.262287 78.941418 168.744801 -0.317267 0.900605 -0.202522 0.217342
663.700000000 -83.381791 78.927458 168.845125 -0.317010 0.900428 -0.203205 0.217812
664.000000000 -83.734208 78.886676 169.151435 -0.317323 0.901202 -0.201264 0.215948
664.100000000 -83.842991 78.887206 169.226869 -0.317251 0.901121 -0.201654 0.216027
664.200000000 -83.947458 78.880588 169.344347 -0.317211 0.900962 -0.201867 0.216552
664.300000000 -84.044356 78.865493 169.440044 -0.316900 0.901033 -0.202718 0.215916
664.500000000 -84.230639 78.862427 169.626243 -0.317565 0.902011 -0.199436 0.213904
664.600000000 -84.377312 78.907975 169.768118 -0.317080 0.901651 -0.200772 0.214887
664.800000000 -84.511019 78.892340 169.956848 -0.317159 0.901765 -0.200202 0.214824
664.900000000 -84.595500 78.910781 170.051382 -0.316824 0.901518 -0.201344 0.215286
665.000000000 -84.678646 78.922343 170.170260 -0.316673 0.901447 -0.201590 0.215574
665.100000000 -84.749969 78.936972 170.253131 -0.317204 0.901840 -0.199786 0.214831
665.400000000 -84.953532 78.999389 170.536989 -0.317051 0.901674 -0.200223 0.215347
665.500000000 -85.042554 79.034572 170.684112 -0.316652 0.901479 -0.201290 0.215752
665.700000000 -85.202491 79.123144 170.923479 -0.316931 0.901600 -0.200211 0.215841
665.800000000 -85.261068 79.145240 171.048526 -0.317031 0.901832 -0.199593 0.215298
665.900000000 -85.325122 79.186089 171.169538 -0.316805 0.901685 -0.200184 0.215698
666.000000000 -85.352802 79.209359 171.237295 -0.316922 0.901914 -0.199372 0.215318
666.200000000 -85.432538 79.276793 171.413881 -0.317259 0.902012 -0.198541 0.215181
666.400000000 -85.579178 79.423686 171.635075 -0.317268 0.901972 -0.198147 0.215698
666.500000000 -85.650286 79.486345 171.786454 -0.317025 0.901974 -0.198645 0.215590
666.700000000 -85.748474 79.616995 171.975373 -0.316726 0.901755 -0.199328 0.216314
666.900000000 -85.833108 79.729772 172.222603 -0.316940 0.901219 -0.199633 0.217946
667.100000000 -85.885947 79.840114 172.399807 -0.317571 0.901775 -0.197036 0.217089
667.200000000 -85.919532 79.883400 172.567832 -0.317831 0.901753 -0.196425 0.217351
667.800000000 -86.121425 80.294035 173.232413 -0.317895 0.902308 -0.195182 0.216074
668.000000000 -86.124833 80.406203 173.388146 -0.317940 0.902793 -0.194241 0.214826
668.100000000 -86.158568 80.459756 173.575996 -0.318061 0.902692 -0.193970 0.215315
668.300000000 -86.211579 80.648762 173.717743 -0.318531 0.902948 -0.192062 0.215257
668.400000000 -86.233551 80.754153 173.746772 -0.318609 0.903227 -0.191169 0.214767
668.600000000 -86.305055 80.903081 174.044474 -0.318613 0.903310 -0.190882 0.214665
668.800000000 -86.348769 81.078334 174.242655 -0.319207 0.902843 -0.190308 0.216250
668.900000000 -86.378016 81.126496 174.428883 -0.318603 0.903017 -0.191572 0.215295
669.200000000 -86.455358 81.323924 174.885891 -0.318512 0.903333 -0.191298 0.214347
669.700000000 -86.540443 81.656970 175.545200 -0.318505 0.903499 -0.190426 0.214435
669.800000000 -86.538251 81.732156 175.609385 -0.318734 0.903514 -0.189752 0.214629
669.900000000 -86.551718 81.802752 175.710217 -0.318988 0.903807 -0.188650 0.213986
670.200000000 -86.628548 82.014939 176.077498 -0.319272 0.904217 -0.187316 0.213002
670.500000000 -86.720241 82.194531 176.559114 -0.318785 0.903784 -0.189306 0.213809
671.000000000 -86.900933 82.546478 177.249679 -0.318963 0.904157 -0.187976 0.213138
671.100000000 -86.910150 82.580252 177.371702 -0.318665 0.904146 -0.188763 0.212934
671.300000000 -86.993406 82.716734 177.643571 -0.318728 0.904019 -0.188900 0.213259
671.600000000 -87.108743 82.888164 178.048408 -0.318475 0.903849 -0.189740 0.213610
671.700000000 -87.159575 82.944598 178.186798 -0.318016 0.903801 -0.190990 0.213383
671.800000000 -87.184628 82.991801 178.320440 -0.318249 0.903634 -0.190674 0.214025
672.000000000 -87.294274 83.117847 178.574797 -0.317879 0.903502 -0.191688 0.214226
672.100000000 -87.341148 83.168134 178.712034 -0.317815 0.903500 -0.191874 0.214164
672.200000000 -87.373962 83.206011 178.837002 -0.317713 0.903512 -0.192146 0.214018
672.500000000 -87.518667 83.358169 179.205866 -0.318195 0.903783 -0.190472 0.213657
672.700000000 -87.649961 83.468129 179.485336 -0.317832 0.903402 -0.191923 0.214506
672.800000000 -87.689236 83.497678 179.591711 -0.317666 0.903609 -0.191985 0.213824
672.900000000 -87.732648 83.526268 179.721696 -0.317674 0.903645 -0.192007 0.213642
673.100000000 -87.844819 83.606960 179.950394 -0.317600 0.903671 -0.192232 0.213437
673.200000000 -87.902028 83.644599 180.050641 -0.317387 0.903713 -0.192812 0.213055
673.700000000 -88.215094 83.823732 180.657049 -0.317595 0.904139 -0.191286 0.212309
673.800000000 -88.279759 83.853050 180.770849 -0.317628 0.904352 -0.190769 0.211820
674.300000000 -88.618206 83.986384 181.361503 -0.317451 0.904234 -0.191334 0.212078
674.400000000 -88.716595 84.026748 181.495219 -0.317084 0.904130 -0.192185 0.212298
674.600000000 -88.861010 84.075911 181.702399 -0.317408 0.904243 -0.191281 0.212151
675.000000000 -89.199484 84.157101 182.158740 -0.317649 0.904385 -0.190295 0.212072
675.900000000 -90.065230 84.191696 183.122649 -0.317182 0.904560 -0.191166 0.211242
676.100000000 -90.272274 84.166800 183.314780 -0.317221 0.904651 -0.190802 0.211120
676.200000000 -90.501892 84.228906 183.529553 -0.316410 0.904184 -0.193442 0.211932
676.700000000 -90.988805 84.073310 183.895637 -0.317096 0.904709 -0.190599 0.211246
677.000000000 -91.436494 84.031549 184.241891 -0.316998 0.904466 -0.191118 0.211960
677.300000000 -91.884282 83.959514 184.549325 -0.316933 0.904623 -0.190968 0.211521
677.400000000 -91.966521 83.885653 184.590371 -0.316931 0.904592 -0.190995 0.211637
677.900000000 -92.384222 83.517381 184.737880 -0.317555 0.904858 -0.188855 0.211483
678.100000000 -92.857211 83.556506 185.081318 -0.317540 0.904746 -0.188936 0.211911
678.200000000 -93.033847 83.528129 185.190148 -0.317417 0.904870 -0.188959 0.211545
678.400000000 -93.201660 83.371297 185.257502 -0.317941 0.904459 -0.188772 0.212681
678.500000000 -93.304521 83.293843 185.309024 -0.317660 0.904499 -0.189015 0.212714
679.100000000 -94.059888 82.962664 185.675160 -0.318154 0.904584 -0.187490 0.212962
679.600000000 -94.654317 82.676310 185.994106 -0.318013 0.904011 -0.188968 0.214298
679.800000000 -95.062725 82.697003 186.270535 -0.318204 0.904233 -0.187530 0.214339
680.000000000 -95.193717 82.521647 186.309185 -0.317910 0.904280 -0.188343 0.213863
680.300000000 -95.408024 82.304791 186.397201 -0.316508 0.906019 -0.190532 0.206518
680.400000000 -95.542380 82.297433 186.485655 -0.316352 0.906668 -0.190478 0.203944
680.500000000 -95.584514 82.218475 186.498935 -0.315619 0.907337 -0.191492 0.201135
680.800000000 -96.020580 82.249428 186.823393 -0.315854 0.907047 -0.190919 0.202613
681.000000000 -96.222079 82.227872 187.005273 -0.316019 0.906555 -0.191019 0.204455
681.200000000 -96.428292 82.233069 187.203930 -0.315780 0.906004 -0.192364 0.205999
681.700000000 -96.702476 82.195210 187.484653 -0.316218 0.906002 -0.190966 0.206635
681.800000000 -96.865099 82.272183 187.664615 -0.315263 0.905502 -0.194005 0.207454
681.900000000 -96.850573 82.233450 187.678392 -0.315250 0.905445 -0.194264 0.207483
682.000000000 -96.868264 82.227862 187.716739 -0.315468 0.905393 -0.193836 0.207777
682.100000000 -97.002733 82.309901 187.856080 -0.315732 0.905672 -0.192528 0.207372
682.300000000 -97.039952 82.318742 187.970434 -0.315677 0.905400 -0.193081 0.208131
682.400000000 -97.078291 82.348770 188.039387 -0.315735 0.905237 -0.193216 0.208627
682.700000000 -97.134105 82.412993 188.211510 -0.315596 0.905605 -0.192366 0.208024
682.800000000 -97.128439 82.428351 188.258758 -0.315978 0.905663 -0.191238 0.208230
683.000000000 -97.125698 82.473811 188.389140 -0.315769 0.904836 -0.193415 0.210125
683.300000000 -97.022247 82.501170 188.480758 -0.315145 0.904325 -0.195611 0.211224
683.400000000 -96.942998 82.491004 188.482723 -0.315461 0.904050 -0.195787 0.211767
683.500000000 -97.081717 82.637975 188.673452 -0.315302 0.904057 -0.195606 0.212139
683.600000000 -97.043222 82.666038 188.682355 -0.315503 0.904502 -0.194445 0.211010
683.700000000 -96.996769 82.677783 188.735473 -0.315222 0.904213 -0.195575 0.211622
683.900000000 -96.940605 82.748408 188.867824 -0.314878 0.903484 -0.197789 0.213186
684.000000000 -97.061940 82.916356 188.981289 -0.315647 0.904730 -0.193484 0.210702
684.200000000 -97.028726 83.032660 189.113803 -0.315831 0.904289 -0.193492 0.212303
684.400000000 -96.957640 83.108840 189.246368 -0.315207 0.903931 -0.195811 0.212630
684.600000000 -96.945821 83.267998 189.356935 -0.315679 0.904636 -0.192909 0.211583
684.900000000 -96.787363 83.398318 189.500987 -0.315372 0.903963 -0.195046 0.212954
685.000000000 -96.800839 83.506079 189.580621 -0.315912 0.904167 -0.193179 0.212988
685.200000000 -96.767263 83.645391 189.733641 -0.316852 0.902561 -0.192382 0.219037
685.500000000 -96.634617 83.783336 189.905030 -0.318348 0.900260 -0.190544 0.227769
685.700000000 -96.597538 83.922452 190.002888 -0.318443 0.900767 -0.189445 0.226547
686.000000000 -96.573919 84.130188 190.172202 -0.318077 0.901489 -0.189248 0.224342
686.200000000 -96.454340 84.142009 190.284803 -0.317208 0.900662 -0.193402 0.225350
687.300000000 -95.247128 83.463904 190.777490 -0.336331 0.915706 -0.107404 0.191907
687.400000000 -95.037101 83.335062 190.661447 -0.335800 0.915032 -0.111367 0.193786
687.500000000 -94.971662 83.313399 190.639838 -0.335760 0.915071 -0.111480 0.193607
687.700000000 -94.780213 83.335706 190.185764 -0.337984 0.916983 -0.098453 0.187659
687.800000000 -94.735841 83.305865 190.219773 -0.338038 0.916966 -0.098148 0.187805
687.900000000 -94.686162 83.291595 190.191032 -0.338350 0.917102 -0.096780 0.187287
688.200000000 -94.748626 83.673962 189.362790 -0.345467 0.921328 -0.055725 0.169418
688.400000000 -94.637229 83.775371 188.766548 -0.359864 0.923164 0.037092 0.129961
688.500000000 -94.545260 83.727478 188.639128 -0.359999 0.923083 0.036681 0.130282
688.700000000 -94.637594 84.032533 187.951809 -0.363572 0.922080 0.063706 0.116300
689.000000000 -95.030679 84.606992 187.153700 -0.374405 0.909052 0.172938 0.059477
689.100000000 -95.043081 84.602394 187.150118 -0.374400 0.908916 0.173735 0.059270
689.200000000 -95.049798 84.573654 187.201403 -0.374409 0.908865 0.173940 0.059397
689.600000000 -95.856250 85.304774 186.959130 -0.378360 0.887617 0.262354 0.012262
690.200000000 -96.732271 85.963272 186.948597 -0.374321 0.831289 0.407048 -0.056168
690.400000000 -96.596512 85.626459 187.226826 -0.375251 0.835484 0.397962 -0.052717
690.500000000 -96.537973 85.296857 187.853999 -0.375355 0.833521 0.401453 -0.056450
690.600000000 -96.444293 84.982967 188.371838 -0.375189 0.834336 0.399956 -0.056143
690.700000000 -96.436398 84.821839 188.636359 -0.375800 0.834828 0.398209 -0.057149
690.900000000 -96.282484 84.508828 188.800031 -0.376110 0.840015 0.387657 -0.051368
691.000000000 -96.313190 84.276732 189.414413 -0.375935 0.837406 0.392846 -0.055635
691.100000000 -96.292500 84.017831 189.967845 -0.375949 0.838700 0.390142 -0.055079
691.200000000 -96.287838 83.819937 190.368272 -0.375882 0.838570 0.390333 -0.056154
691.700000000 -96.987352 84.336222 189.996478 -0.371352 0.812527 0.442306 -0.079137
691.800000000 -97.102561 84.425959 189.870958 -0.372464 0.820633 0.427371 -0.072015
691.900000000 -97.238492 84.641985 189.447991 -0.372068 0.821651 0.426231 -0.069149
692.000000000 -97.568041 85.072776 188.972097 -0.370414 0.813399 0.442213 -0.074992
692.100000000 -97.906183 85.487982 188.623238 -0.366495 0.795380 0.474646 -0.088106
692.300000000 -98.077953 85.853501 187.706154 -0.352620 0.709428 0.591114 -0.151508
692.400000000 -98.227549 85.962767 187.631739 -0.353227 0.712598 0.587532 -0.149132
692.500000000 -98.452840 86.152501 187.556444 -0.352831 0.709286 0.591304 -0.150941
692.700000000 -99.079164 86.712504 187.460200 -0.338059 0.649302 0.655432 -0.185830
693.100000000 -99.833751 87.215431 187.471077 -0.303278 0.521149 0.758465 -0.247299
693.200000000 -99.542796 86.892623 187.372492 -0.307220 0.533656 0.749830 -0.242038
693.400000000 -99.048184 86.319246 187.198740 -0.313173 0.553262 0.735722 -0.233531
693.600000000 -98.678270 85.819033 187.198421 -0.317419 0.571910 0.722274 -0.224688
693.700000000 -98.634038 85.725729 187.179079 -0.320202 0.584999 0.712589 -0.217862
694.300000000 -98.103063 85.030560 186.793146 -0.239166 0.337153 0.856046 -0.310344
694.700000000 -98.160430 85.212263 186.076260 -0.186935 0.183080 0.898223 -0.353175
694.900000000 -98.053561 85.072170 186.046859 -0.180112 0.156800 0.901915 -0.359893
695.000000000 -97.853315 85.018829 185.583286 -0.180979 0.158939 0.901427 -0.359742
695.100000000 -97.712856 84.953239 185.347948 -0.179394 0.160978 0.901634 -0.359111
695.200000000 -97.622795 84.911832 185.183956 -0.178507 0.163911 0.901539 -0.358462
695.300000000 -97.596112 84.912223 185.122415 -0.176260 0.161987 0.902250 -0.358660
695.400000000 -97.586379 84.917132 185.060191 -0.173908 0.161758 0.902832 -0.358448
695.500000000 -97.580190 84.935154 185.030986 -0.171774 0.159377 0.903532 -0.358779
695.700000000 -97.616450 85.009155 184.985045 -0.169267 0.147104 0.904984 -0.361543
695.800000000 -97.663360 85.057425 185.051976 -0.164985 0.151347 0.905668 -0.360054
696.000000000 -97.565632 85.058146 184.923756 -0.167253 0.129565 0.906728 -0.364807
696.100000000 -97.576407 85.112901 184.809776 -0.160051 0.124852 0.908351 -0.365642
696.400000000 -97.458178 85.170764 184.644674 -0.167375 0.140581 0.905853 -0.362840
696.600000000 -97.277463 85.188271 184.382613 -0.171254 0.137978 0.908736 -0.354730
697.200000000 -96.808036 85.105768 183.931044 -0.179725 0.153831 0.908353 -0.344861
697.300000000 -96.630674 85.023388 183.736643 -0.179432 0.163725 0.907056 -0.343871
697.600000000 -96.399421 85.000419 183.486938 -0.182899 0.158700 0.906412 -0.346091
697.700000000 -96.329646 84.972186 183.428179 -0.184307 0.166122 0.905203 -0.345025
697.900000000 -96.224006 84.964800 183.360392 -0.191473 0.169305 0.902952 -0.345472
698.000000000 -96.154853 84.939485 183.315712 -0.188360 0.171778 0.903291 -0.345076
698.800000000 -95.878805 84.887653 182.901569 -0.069139 -0.001848 0.917915 -0.390703
698.900000000 -95.840573 84.830283 182.949250 -0.072571 0.010923 0.918157 -0.389360
699.300000000 -95.516688 84.716955 182.580983 -0.073086 0.010772 0.917781 -0.390154
699.500000000 -95.439425 84.675167 182.559078 -0.073391 0.011348 0.917300 -0.391210
699.600000000 -95.418205 84.639921 182.592663 -0.070098 0.008701 0.916986 -0.392615
699.700000000 -95.342089 84.532243 182.611730 -0.074764 0.035795 0.917775 -0.388354
699.800000000 -95.283350 84.482680 182.633187 -0.072767 0.032534 0.917510 -0.389643
699.900000000 -95.241757 84.429151 182.648661 -0.070676 0.032524 0.917442 -0.390189
700.100000000 -95.084733 84.325447 182.605092 -0.071252 0.023010 0.916960 -0.391891
700.200000000 -95.068914 84.307029 182.659035 -0.070812 0.021891 0.917096 -0.391716
700.300000000 -95.025245 84.250675 182.673824 -0.071889 0.024119 0.917038 -0.391525
700.400000000 -94.981997 84.213625 182.721114 -0.070312 0.022694 0.916998 -0.391989
700.500000000 -94.932259 84.176783 182.726238 -0.072138 0.019851 0.916890 -0.392064
700.600000000 -94.891671 84.125991 182.728517 -0.070274 0.021181 0.916914 -0.392277
700.800000000 -94.759617 84.006459 182.842245 -0.068410 0.010649 0.916596 -0.393775
701.000000000 -94.688842 83.926066 182.851473 -0.072973 0.019602 0.916591 -0.392621
701.200000000 -94.612559 83.832465 182.884934 -0.070168 0.019294 0.916944 -0.392323
701.300000000 -94.596723 83.770675 182.918333 -0.066619 0.024455 0.917154 -0.392163
701.500000000 -94.473107 83.668682 182.940374 -0.068314 0.023349 0.917322 -0.391547
701.800000000 -94.307640 83.445427 183.012512 -0.061650 0.016885 0.916724 -0.394374
702.000000000 -94.214425 83.376344 183.014028 -0.071262 0.021623 0.916128 -0.393908
702.600000000 -93.393571 82.733330 182.379145 -0.042384 -0.032174 0.911568 -0.407691
702.700000000 -93.398405 82.739373 182.363617 -0.050414 -0.018794 0.912298 -0.405977
702.800000000 -93.379791 82.706395 182.383727 -0.048631 -0.016785 0.912427 -0.405994
702.900000000 -93.294940 82.696534 182.399334 -0.066929 -0.006700 0.912901 -0.402601
703.000000000 -93.241797 82.572675 182.410236 -0.062537 -0.003737 0.913019 -0.403077
703.300000000 -93.068554 82.348634 182.468107 -0.055606 -0.015701 0.911831 -0.406481
703.400000000 -93.067240 82.292935 182.484895 -0.054324 -0.011565 0.911830 -0.406794
703.600000000 -92.951531 82.116567 182.575003 -0.050553 -0.015752 0.911184 -0.408584
703.700000000 -92.950175 82.085482 182.585994 -0.051909 -0.012303 0.911266 -0.408349
703.800000000 -92.890188 82.045290 182.616655 -0.057573 -0.008963 0.911735 -0.406625
703.900000000 -92.896543 81.995698 182.696512 -0.057975 -0.009507 0.911924 -0.406131
704.100000000 -92.665703 81.865710 182.531144 -0.065397 -0.014521 0.910889 -0.407177
704.200000000 -92.590122 81.788118 182.434464 -0.058415 -0.016485 0.910847 -0.408257
704.300000000 -92.548641 81.743249 182.476396 -0.065396 -0.008907 0.911004 -0.407082
704.800000000 -92.057418 81.334824 182.070332 -0.062906 -0.010708 0.910608 -0.408315
704.900000000 -92.102520 81.262129 182.267270 -0.060926 0.002970 0.911304 -0.407191
705.100000000 -92.029759 81.228984 182.248612 -0.071520 0.004388 0.911208 -0.405667
705.400000000 -91.763901 81.001106 181.997255 -0.071055 -0.001921 0.910800 -0.406683
705.700000000 -91.347913 80.768385 181.493254 -0.085221 0.012365 0.910867 -0.403616
705.900000000 -91.042401 80.674242 180.858928 -0.086082 0.013573 0.911013 -0.403064
706.400000000 -91.299031 81.251920 179.805055 -0.032360 -0.086693 0.901537 -0.422691
706.800000000 -92.008646 81.995107 179.291313 -0.038659 -0.156210 0.890109 -0.426392
707.100000000 -91.965557 81.947855 179.145834 -0.047400 -0.165635 0.889026 -0.424207
707.500000000 -91.891170 81.831455 179.088121 -0.055230 -0.169759 0.889458 -0.420710
707.600000000 -91.864330 81.800528 179.049692 -0.054836 -0.170379 0.890855 -0.417541
707.800000000 -91.830702 81.761809 179.008302 -0.055130 -0.168947 0.892778 -0.413962
707.900000000 -91.807925 81.746952 178.997395 -0.055017 -0.169721 0.892928 -0.413336
708.000000000 -91.768112 81.718225 178.994269 -0.055386 -0.171182 0.892732 -0.413109
708.100000000 -91.758749 81.713007 179.013908 -0.056841 -0.169480 0.893058 -0.412909
708.300000000 -91.723794 81.700699 179.077722 -0.061711 -0.172358 0.890852 -0.415773
708.500000000 -91.687299 81.678043 179.116964 -0.070316 -0.175807 0.888660 -0.417650
708.800000000 -91.638941 81.652927 179.206382 -0.070790 -0.177218 0.888484 -0.417348
708.900000000 -91.616882 81.628096 179.249630 -0.069994 -0.179762 0.888115 -0.417178
709.000000000 -91.597720 81.606631 179.294570 -0.069152 -0.180846 0.887929 -0.417247
709.100000000 -91.581762 81.595940 179.328152 -0.067988 -0.182440 0.887707 -0.417217
709.300000000 -91.562135 81.603928 179.349098 -0.069391 -0.179851 0.888434 -0.416562
709.500000000 -91.523761 81.587720 179.400984 -0.066053 -0.187027 0.887158 -0.416663
709.600000000 -91.548863 81.562181 179.564505 -0.067485 -0.183860 0.887993 -0.416065
709.800000000 -91.533274 81.561604 179.606149 -0.067527 -0.183086 0.888319 -0.415704
709.900000000 -91.522187 81.566889 179.602494 -0.067669 -0.183045 0.888420 -0.415483
710.000000000 -91.510084 81.566144 179.602773 -0.067776 -0.183781 0.888318 -0.415357
710.100000000 -91.511499 81.562134 179.674409 -0.066743 -0.183822 0.888412 -0.415306
710.200000000 -91.491885 81.556471 179.659659 -0.066644 -0.186337 0.887983 -0.415120
710.300000000 -91.482943 81.565184 179.651107 -0.067642 -0.184216 0.888525 -0.414743
710.900000000 -91.430266 81.584521 179.649957 -0.068081 -0.187598 0.888386 -0.413452
711.000000000 -91.441967 81.579335 179.709333 -0.068923 -0.186813 0.888631 -0.413141
711.100000000 -91.437585 81.580660 179.699501 -0.070266 -0.187317 0.888578 -0.412801
711.300000000 -91.434996 81.587183 179.700254 -0.071546 -0.186853 0.888876 -0.412149
711.400000000 -91.431646 81.588634 179.721931 -0.071083 -0.187089 0.888929 -0.412008
711.700000000 -91.452371 81.606323 179.794286 -0.070900 -0.184816 0.889837 -0.411103
712.200000000 -91.430800 81.728150 179.483238 -0.074432 -0.176336 0.891910 -0.409710
712.300000000 -91.382326 81.721171 179.359236 -0.074783 -0.179829 0.891167 -0.409745
712.700000000 -91.304027 81.797643 178.963638 -0.076865 -0.178215 0.891647 -0.409020
713.100000000 -91.112620 81.918880 178.160912 -0.080433 -0.176613 0.891819 -0.408653
713.300000000 -90.949863 81.993352 177.554896 -0.081589 -0.177189 0.891418 -0.409048
713.500000000 -90.797538 82.067385 176.978922 -0.083546 -0.175293 0.891701 -0.408855
713.600000000 -90.690362 82.110543 176.602540 -0.083670 -0.175981 0.891458 -0.409062
714.000000000 -90.496440 82.200085 175.877033 -0.084928 -0.169159 0.892774 -0.408812
714.100000000 -90.379843 82.225901 175.513697 -0.083516 -0.170049 0.892637 -0.409033
714.500000000 -90.205753 82.252305 174.937303 -0.084923 -0.165342 0.893607 -0.408554
714.900000000 -89.985673 82.229871 174.313011 -0.087438 -0.162283 0.894227 -0.407894
715.000000000 -89.917919 82.232549 174.098574 -0.087220 -0.163369 0.894045 -0.407904
716.300000000 -90.192725 82.569223 173.735020 0.021111 -0.379090 0.828420 -0.411784
716.500000000 -90.128456 82.498445 173.695359 0.023316 -0.381816 0.826998 -0.412005
716.600000000 -90.098347 82.432879 173.763841 0.022958 -0.380997 0.827366 -0.412043
716.700000000 -90.047587 82.354778 173.817913 0.024553 -0.382833 0.826352 -0.412284
716.900000000 -89.975156 82.246905 173.866724 0.024848 -0.383620 0.825902 -0.412436
717.700000000 -90.012181 82.003762 174.390740 -0.000304 -0.333849 0.846841 -0.414012
717.800000000 -89.963539 81.911164 174.512178 0.000896 -0.333608 0.846693 -0.414506
717.900000000 -89.893721 81.774779 174.677491 0.001190 -0.334302 0.846381 -0.414584
718.400000000 -89.191211 80.949242 174.850342 -0.069779 -0.181828 0.889388 -0.413591
718.500000000 -89.307330 80.865373 175.347965 -0.064684 -0.182670 0.888614 -0.415708
718.600000000 -89.278679 80.785576 175.502987 -0.061181 -0.182582 0.888108 -0.417356
718.700000000 -89.293127 80.711441 175.722840 -0.060352 -0.182701 0.887846 -0.417979
718.900000000 -89.285635 80.617516 175.963592 -0.060990 -0.184587 0.887652 -0.417470
719.000000000 -89.596321 80.710434 176.537113 -0.084249 -0.128955 0.898936 -0.410107
719.200000000 -89.542620 80.589248 176.742303 -0.091660 -0.141068 0.897862 -0.406869
719.400000000 -89.468967 80.571317 176.727978 -0.139291 -0.009399 0.909935 -0.390548
719.500000000 -89.504825 80.526980 176.932276 -0.103839 -0.114035 0.901833 -0.403623
719.600000000 -89.752717 80.563861 177.457151 -0.136755 -0.016663 0.910098 -0.390823
719.800000000 -89.876641 80.482106 178.103061 -0.122390 -0.046544 0.909594 -0.394326
719.900000000 -90.064416 80.529556 178.535209 -0.129018 -0.021035 0.911370 -0.390277
720.000000000 -90.369025 80.553292 179.317658 -0.123055 -0.031527 0.911346 -0.391550
720.100000000 -90.467579 80.525718 179.684427 -0.121984 -0.032507 0.911380 -0.391726
720.200000000 -90.601421 80.516093 180.084029 -0.121193 -0.035126 0.911401 -0.391698
720.700000000 -90.710372 80.400034 180.985493 -0.105129 -0.058262 0.910875 -0.394792
720.900000000 -90.976288 80.402562 181.807641 -0.093266 -0.079435 0.909330 -0.397632
721.300000000 -91.215619 80.395167 182.650687 -0.092367 -0.072690 0.910201 -0.397137
721.500000000 -91.489233 80.433953 183.411578 -0.090969 -0.070884 0.910507 -0.397085
721.700000000 -91.703793 80.475681 183.967445 -0.099404 -0.052430 0.911629 -0.395352
721.900000000 -91.786299 80.494263 184.204441 -0.109862 -0.028456 0.912593 -0.392804
722.100000000 -91.751293 80.441448 184.343155 -0.109063 -0.028038 0.912635 -0.392959
722.300000000 -91.833073 80.414817 184.722112 -0.109533 -0.029880 0.912165 -0.393782
722.400000000 -91.863632 80.401271 184.900144 -0.108679 -0.030161 0.912189 -0.393942
722.500000000 -91.907775 80.387305 185.103079 -0.108647 -0.031362 0.911987 -0.394324
722.800000000 -91.824532 80.305263 185.223069 -0.112127 -0.027939 0.911679 -0.394320
723.000000000 -91.781444 80.274962 185.322517 -0.113901 -0.025528 0.911504 -0.394379
723.100000000 -91.750411 80.259842 185.373772 -0.113968 -0.022307 0.911768 -0.393946
723.200000000 -91.687162 80.228842 185.373012 -0.114107 -0.019672 0.911939 -0.393650
723.300000000 -91.497677 80.142138 185.180296 -0.110448 -0.028018 0.911710 -0.394717
723.400000000 -91.463311 80.126026 185.224348 -0.111448 -0.027203 0.911531 -0.394905
723.600000000 -91.296341 80.066935 185.131779 -0.112759 -0.024491 0.911553 -0.394660
723.800000000 -91.182592 80.041368 185.159726 -0.114408 -0.019963 0.911645 -0.394227
723.900000000 -91.174609 80.056147 185.249794 -0.116889 -0.013771 0.911821 -0.393356
724.000000000 -91.176499 80.054883 185.379163 -0.118649 -0.013925 0.911441 -0.393705
724.200000000 -90.825662 79.918485 185.119129 -0.107500 -0.036669 0.910958 -0.396553
724.600000000 -90.515026 79.871848 185.159079 -0.100912 -0.054115 0.909801 -0.398937
724.700000000 -90.432191 79.870480 185.183375 -0.100389 -0.053187 0.909924 -0.398913
724.800000000 -90.419985 79.887477 185.332650 -0.100505 -0.053816 0.909804 -0.399072
725.300000000 -90.257854 79.945252 186.039745 -0.100793 -0.052133 0.909749 -0.399348
725.400000000 -90.234965 79.971689 186.194390 -0.100799 -0.052790 0.909547 -0.399722
725.500000000 -90.110544 79.906013 186.325752 -0.101445 -0.050802 0.909630 -0.399626
725.600000000 -90.116601 79.966594 186.465166 -0.100763 -0.051377 0.909708 -0.399549
725.900000000 -90.058176 80.034481 186.976317 -0.100319 -0.055341 0.909238 -0.400200
726.300000000 -89.952952 80.141738 187.547264 -0.103702 -0.052493 0.909186 -0.399839
726.400000000 -89.919694 80.163099 187.696391 -0.104049 -0.052534 0.909122 -0.399890
726.600000000 -89.913176 80.292726 187.949117 -0.102734 -0.052684 0.909285 -0.399838
726.700000000 -89.850464 80.264078 188.125536 -0.103864 -0.053120 0.909147 -0.399804
726.800000000 -89.829631 80.289295 188.280961 -0.105380 -0.053798 0.908831 -0.400033
727.200000000 -89.685535 80.365002 188.890273 -0.104475 -0.053482 0.908986 -0.399961
727.400000000 -89.696435 80.486311 189.166086 -0.105212 -0.054369 0.908801 -0.400069
727.800000000 -89.566044 80.578826 189.741246 -0.104841 -0.052142 0.909024 -0.399955
727.900000000 -89.624042 80.670860 189.886336 -0.105991 -0.052768 0.908865 -0.399932
728.200000000 -89.461170 80.687418 190.324720 -0.102219 -0.053036 0.909159 -0.400211
728.400000000 -89.450502 80.760176 190.618251 -0.101784 -0.053871 0.909106 -0.400330
728.500000000 -89.492309 80.838218 190.749794 -0.102477 -0.054208 0.909039 -0.400260
728.600000000 -89.439752 80.853340 190.850031 -0.102646 -0.051840 0.909201 -0.400162
728.700000000 -89.452575 80.903535 191.004884 -0.102581 -0.050715 0.909301 -0.400096
728.800000000 -89.432481 80.925457 191.118667 -0.102193 -0.050804 0.909350 -0.400073
729.100000000 -89.386991 80.941338 191.595185 -0.101888 -0.051437 0.909346 -0.400079
729.700000000 -89.409306 81.019925 192.452868 -0.103104 -0.052343 0.909322 -0.399705
729.900000000 -89.395121 81.021929 192.712362 -0.102714 -0.051183 0.909545 -0.399447
730.000000000 -89.425553 81.049780 192.820073 -0.103223 -0.051707 0.909478 -0.399400
730.100000000 -89.421158 81.018787 192.983468 -0.103714 -0.052342 0.909420 -0.399322
730.300000000 -89.458614 81.010400 193.276663 -0.105458 -0.050725 0.909456 -0.398994
730.400000000 -89.484463 81.011422 193.404102 -0.106272 -0.051347 0.909366 -0.398903
730.500000000 -89.470134 80.977212 193.514324 -0.106809 -0.051739 0.909330 -0.398790
730.700000000 -89.474462 80.896962 193.830545 -0.107762 -0.052542 0.909147 -0.398846
730.900000000 -89.501383 80.838122 194.111073 -0.108969 -0.051954 0.909186 -0.398506
731.000000000 -89.567576 80.863777 194.222983 -0.109623 -0.053111 0.909050 -0.398485
731.300000000 -89.665796 80.800901 194.644505 -0.110914 -0.052636 0.909088 -0.398104
732.400000000 -89.399605 80.237513 194.962410 -0.111580 -0.057239 0.908232 -0.399235
732.500000000 -89.444903 80.192437 195.078051 -0.112688 -0.057850 0.908075 -0.399192
732.600000000 -89.473685 80.167328 195.111055 -0.113520 -0.057659 0.907978 -0.399206
732.800000000 -89.603433 79.957071 195.645116 -0.115393 -0.062070 0.907376 -0.399376
732.900000000 -89.631038 80.009111 195.608608 -0.113749 -0.058812 0.907798 -0.399382
733.000000000 -89.712254 79.986182 195.758127 -0.114215 -0.058848 0.907759 -0.399330
733.100000000 -89.764315 79.943473 195.859391 -0.115848 -0.058390 0.907596 -0.399298
733.300000000 -89.869608 79.944908 195.927031 -0.116390 -0.055909 0.907813 -0.399004
733.400000000 -89.889520 79.824754 196.132342 -0.118187 -0.056475 0.907467 -0.399183
733.600000000 -90.004192 79.763523 196.360285 -0.118394 -0.057522 0.907311 -0.399325
733.700000000 -89.983081 79.668952 196.428773 -0.119041 -0.057237 0.907142 -0.399557
733.900000000 -90.172772 79.603960 196.751869 -0.120902 -0.056822 0.907080 -0.399198
734.000000000 -90.122899 79.557284 196.689804 -0.121824 -0.052623 0.907270 -0.399063
734.200000000 -90.311698 79.558799 196.848774 -0.123950 -0.052094 0.906997 -0.399097
734.500000000 -90.421577 79.343766 197.268160 -0.124242 -0.054980 0.906632 -0.399450
734.700000000 -90.539971 79.241375 197.535077 -0.125393 -0.056077 0.906328 -0.399626
735.000000000 -90.593143 78.982707 197.886104 -0.127854 -0.056310 0.905811 -0.399986
735.200000000 -90.737511 78.921239 198.142966 -0.128242 -0.056567 0.905681 -0.400119
735.300000000 -90.751676 78.827292 198.239619 -0.129036 -0.056964 0.905441 -0.400351
735.800000000 -90.990099 78.532924 198.934680 -0.127165 -0.060222 0.905228 -0.400954
736.000000000 -91.037340 78.408084 199.147131 -0.128048 -0.057041 0.905343 -0.400880
736.600000000 -91.279133 78.121367 199.853294 -0.124450 -0.058174 0.905410 -0.401697
736.800000000 -91.317640 78.011546 200.069859 -0.123381 -0.056959 0.905603 -0.401765
737.100000000 -91.442860 77.864724 200.507452 -0.121856 -0.057848 0.905693 -0.401902
737.200000000 -91.443460 77.813803 200.510267 -0.123960 -0.055453 0.905633 -0.401732
737.300000000 -91.427431 77.768636 200.531028 -0.123784 -0.051056 0.906091 -0.401336
737.400000000 -91.489811 77.724273 200.714196 -0.123114 -0.052308 0.906062 -0.401447
737.500000000 -91.522580 77.666205 200.844457 -0.122657 -0.054683 0.905860 -0.401725
737.900000000 -91.658510 77.494153 201.369431 -0.119197 -0.053263 0.906446 -0.401636
738.300000000 -91.836066 77.295865 201.921993 -0.118945 -0.053315 0.906449 -0.401696
738.600000000 -91.943947 77.141576 202.270699 -0.118136 -0.051521 0.906778 -0.401426
738.700000000 -91.971658 77.080984 202.383789 -0.117214 -0.052355 0.906825 -0.401481
738.900000000 -92.046968 76.950634 202.613595 -0.117052 -0.053289 0.906766 -0.401540
739.000000000 -92.078297 76.893409 202.723283 -0.115968 -0.052974 0.906955 -0.401469
739.200000000 -92.199159 76.803179 202.955575 -0.116978 -0.049938 0.907040 -0.401374
739.300000000 -92.243971 76.739690 203.065868 -0.116753 -0.049734 0.907069 -0.401399
739.400000000 -92.286853 76.665346 203.188853 -0.116689 -0.050528 0.907013 -0.401445
739.700000000 -92.422642 76.485307 203.508899 -0.114390 -0.048668 0.907439 -0.401374
739.800000000 -92.482321 76.421716 203.636087 -0.115624 -0.048008 0.907393 -0.401203
740.100000000 -92.614747 76.234270 203.977549 -0.112466 -0.047868 0.907833 -0.401123
740.400000000 -92.756108 76.030175 204.286268 -0.112951 -0.047588 0.907766 -0.401172
740.500000000 -92.806253 75.982094 204.388757 -0.112125 -0.045557 0.908026 -0.401049
740.600000000 -92.859200 75.926419 204.471917 -0.113126 -0.044910 0.907942 -0.401032
740.700000000 -92.935478 75.861653 204.695986 -0.112117 -0.046373 0.907946 -0.401140
740.800000000 -92.961703 75.812358 204.758857 -0.110760 -0.044966 0.908243 -0.401004
740.900000000 -93.020456 75.757238 204.899752 -0.110566 -0.044812 0.908266 -0.401023
741.100000000 -93.135434 75.637740 205.188709 -0.111388 -0.046122 0.907928 -0.401412
741.400000000 -93.268953 75.493669 205.582395 -0.109055 -0.045354 0.908205 -0.401514
741.500000000 -93.296847 75.447454 205.691184 -0.108107 -0.044976 0.908427 -0.401310
741.900000000 -93.446391 75.278468 206.252015 -0.107204 -0.046827 0.908192 -0.401873
742.000000000 -93.467194 75.245354 206.330747 -0.108093 -0.045425 0.908188 -0.401806
742.100000000 -93.497176 75.205954 206.501599 -0.107513 -0.046025 0.908185 -0.401899
742.200000000 -93.519983 75.181776 206.614474 -0.107580 -0.044840 0.908315 -0.401721
742.300000000 -93.539844 75.158900 206.726966 -0.107932 -0.043820 0.908348 -0.401664
742.400000000 -93.577225 75.141488 206.918551 -0.106654 -0.045401 0.908409 -0.401692
742.700000000 -93.617098 75.082568 207.318093 -0.107002 -0.045545 0.908277 -0.401883
742.800000000 -93.637619 75.075407 207.514127 -0.105769 -0.045434 0.908471 -0.401783
743.200000000 -93.635667 75.045075 208.041901 -0.107588 -0.045399 0.908313 -0.401660
743.300000000 -93.640231 75.044951 208.213338 -0.108647 -0.045242 0.908310 -0.401401
744.000000000 -93.517760 75.114452 209.193212 -0.110952 -0.045772 0.908120 -0.401139
744.200000000 -93.460467 75.160986 209.475579 -0.110040 -0.046303 0.908154 -0.401253
744.300000000 -93.447108 75.175823 209.670806 -0.111127 -0.047368 0.908077 -0.401003
744.500000000 -93.422636 75.225189 210.048664 -0.112585 -0.049141 0.907749 -0.401125
744.600000000 -93.372527 75.260657 210.152124 -0.111725 -0.047733 0.907973 -0.401030
744.900000000 -93.297220 75.377266 210.708562 -0.109212 -0.048699 0.908209 -0.401071
745.500000000 -92.365724 75.482260 210.150695 -0.107298 -0.051239 0.908093 -0.401533
745.800000000 -92.231798 75.582023 210.626064 -0.109703 -0.053656 0.907692 -0.401475
745.900000000 -92.213697 75.627522 210.856086 -0.108487 -0.054834 0.907786 -0.401432
746.100000000 -92.114262 75.693571 211.162933 -0.109199 -0.056397 0.907509 -0.401650
746.200000000 -92.049503 75.721528 211.287160 -0.110153 -0.057112 0.907425 -0.401479
746.400000000 -91.988866 75.810333 211.630344 -0.111979 -0.053308 0.907660 -0.400964
746.500000000 -91.954158 75.844943 211.786950 -0.113147 -0.054445 0.907452 -0.400955
747.000000000 -91.762933 76.023346 212.590354 -0.114171 -0.056535 0.907324 -0.400664
747.300000000 -91.665469 76.124442 213.076081 -0.115947 -0.054508 0.907440 -0.400172
747.500000000 -91.585894 76.191421 213.366436 -0.115405 -0.054596 0.907478 -0.400232
747.800000000 -91.498961 76.275876 213.840520 -0.115829 -0.055579 0.907454 -0.400026
748.300000000 -91.367311 76.389674 214.617772 -0.116469 -0.055083 0.907462 -0.399893
748.400000000 -91.362362 76.413798 214.802679 -0.115661 -0.055944 0.907442 -0.400051
748.500000000 -91.314633 76.425294 214.901339 -0.116030 -0.055959 0.907528 -0.399747
748.600000000 -91.318944 76.444559 215.099957 -0.115916 -0.056565 0.907430 -0.399919
748.700000000 -91.308074 76.453602 215.267767 -0.116376 -0.057203 0.907350 -0.399876
748.800000000 -91.279573 76.467416 215.393387 -0.115955 -0.056518 0.907496 -0.399764
749.100000000 -91.216269 76.493985 215.793848 -0.115272 -0.056260 0.907599 -0.399764
749.300000000 -91.205093 76.498873 216.096130 -0.116804 -0.055521 0.907597 -0.399428
749.500000000 -91.183811 76.507374 216.360951 -0.115453 -0.055366 0.907773 -0.399441
749.700000000 -91.199709 76.502152 216.685666 -0.116131 -0.055481 0.907668 -0.399467
749.800000000 -91.198220 76.493945 216.832529 -0.115642 -0.055827 0.907681 -0.399532
749.900000000 -91.177673 76.480979 216.922355 -0.116057 -0.055818 0.907654 -0.399473
750.000000000 -91.168916 76.480160 217.045287 -0.114777 -0.054963 0.907879 -0.399450
750.400000000 -91.127381 76.422397 217.467472 -0.113309 -0.054466 0.908123 -0.399384
750.500000000 -91.137997 76.402611 217.598173 -0.113131 -0.055221 0.908061 -0.399471
750.800000000 -91.180844 76.348839 218.015323 -0.112222 -0.054296 0.908230 -0.399470
750.900000000 -91.172390 76.315426 218.097439 -0.112060 -0.054546 0.908213 -0.399520
751.000000000 -91.203176 76.290122 218.249253 -0.112821 -0.053180 0.908261 -0.399380
751.200000000 -91.264678 76.240881 218.543920 -0.112564 -0.053828 0.908209 -0.399484
751.300000000 -91.300288 76.221763 218.698557 -0.111972 -0.052968 0.908331 -0.399489
751.500000000 -91.302933 76.137551 218.867702 -0.111982 -0.053244 0.908315 -0.399487
751.900000000 -91.433352 75.999094 219.401882 -0.111355 -0.053181 0.908348 -0.399593
752.400000000 -91.535525 75.774398 219.916091 -0.108677 -0.053993 0.908501 -0.399875
752.500000000 -91.580654 75.723273 220.051730 -0.109191 -0.053725 0.908445 -0.399898
752.600000000 -91.619067 75.682466 220.165106 -0.108668 -0.053788 0.908491 -0.399928
752.700000000 -91.662646 75.634454 220.297249 -0.108727 -0.053669 0.908436 -0.400053
752.800000000 -91.720196 75.587519 220.442804 -0.109668 -0.052211 0.908513 -0.399814
753.400000000 -91.960460 75.236991 221.175938 -0.109154 -0.054654 0.908256 -0.400212
753.500000000 -91.999192 75.182801 221.292451 -0.108422 -0.054655 0.908304 -0.400302
753.700000000 -92.089200 75.065378 221.540447 -0.108116 -0.054765 0.908346 -0.400274
754.000000000 -92.199748 74.874958 221.867294 -0.106698 -0.055353 0.908490 -0.400248
754.100000000 -92.255451 74.813698 222.004176 -0.107568 -0.055522 0.908356 -0.400295
754.200000000 -92.303824 74.751719 222.123468 -0.107522 -0.055319 0.908368 -0.400307
754.500000000 -92.395728 74.561816 222.393173 -0.106262 -0.055657 0.908442 -0.400429
754.800000000 -92.510596 74.372835 222.721638 -0.104659 -0.056578 0.908563 -0.400449
754.900000000 -92.566689 74.315138 222.870855 -0.104588 -0.056256 0.908571 -0.400493
755.400000000 -92.785749 74.003165 223.459224 -0.103586 -0.056447 0.908699 -0.400436
756.100000000 -93.093017 73.582971 224.306577 -0.104116 -0.056185 0.908794 -0.400120
756.300000000 -93.202742 73.459127 224.614664 -0.105007 -0.057047 0.908679 -0.400028
756.400000000 -93.213482 73.404463 224.667826 -0.103490 -0.057140 0.908777 -0.400188
756.500000000 -93.249721 73.336889 224.801571 -0.103395 -0.058438 0.908720 -0.400154
756.600000000 -93.302954 73.278961 224.945358 -0.104581 -0.058289 0.908572 -0.400202
756.700000000 -93.360447 73.227867 225.098521 -0.105092 -0.057939 0.908632 -0.399984
756.800000000 -93.396291 73.174654 225.226899 -0.103948 -0.058273 0.908734 -0.400002
756.900000000 -93.433160 73.122042 225.354141 -0.103706 -0.058180 0.908798 -0.399932
757.000000000 -93.460696 73.062503 225.448062 -0.104277 -0.058271 0.908716 -0.399957
757.100000000 -93.481574 73.009035 225.546540 -0.104139 -0.058115 0.908726 -0.399993
757.200000000 -93.517679 72.950422 225.665749 -0.104866 -0.058491 0.908578 -0.400084
757.400000000 -93.548579 72.829466 225.842401 -0.104670 -0.060684 0.908468 -0.400060
757.900000000 -93.730107 72.585776 226.511663 -0.107161 -0.059751 0.908442 -0.399600
758.000000000 -93.781224 72.551073 226.671342 -0.107235 -0.058470 0.908577 -0.399461
758.100000000 -93.784313 72.502967 226.739399 -0.106962 -0.058449 0.908586 -0.399519
758.300000000 -93.825328 72.402854 226.978298 -0.107384 -0.059976 0.908388 -0.399628
758.500000000 -93.918540 72.328754 227.323067 -0.107791 -0.060253 0.908438 -0.399363
758.600000000 -93.934014 72.284244 227.426973 -0.107798 -0.060054 0.908495 -0.399262
758.700000000 -93.933315 72.237981 227.504509 -0.107591 -0.060490 0.908481 -0.399283
758.900000000 -93.999334 72.162787 227.792593 -0.109463 -0.059780 0.908340 -0.399201
759.000000000 -94.005147 72.121209 227.889271 -0.109276 -0.059918 0.908363 -0.399182
759.100000000 -94.029519 72.081998 228.025905 -0.109715 -0.059992 0.908320 -0.399148
759.200000000 -94.057083 72.048971 228.171519 -0.109562 -0.059875 0.908380 -0.399070
759.300000000 -94.082215 72.012002 228.312782 -0.110138 -0.060782 0.908232 -0.399112
760.000000000 -94.144147 71.787182 229.122404 -0.110527 -0.062029 0.908147 -0.399006
760.200000000 -94.189495 71.737927 229.445742 -0.110158 -0.062335 0.908201 -0.398936
760.400000000 -94.222331 71.683755 229.736491 -0.110950 -0.062944 0.908046 -0.398975
760.600000000 -94.202972 71.631067 229.917963 -0.110457 -0.062891 0.908134 -0.398920
761.000000000 -94.163492 71.525494 230.295062 -0.111141 -0.063444 0.907887 -0.399204
761.100000000 -94.216874 71.515795 230.523042 -0.111303 -0.063171 0.907972 -0.399009
761.200000000 -94.295667 71.504813 230.811226 -0.112189 -0.063089 0.907991 -0.398730
762.000000000 -94.164158 71.326653 231.529352 -0.111437 -0.064326 0.907899 -0.398952
762.200000000 -94.200353 71.305504 231.858651 -0.111582 -0.064058 0.907942 -0.398857
762.300000000 -94.216557 71.289273 232.024733 -0.111659 -0.064449 0.907922 -0.398819
762.500000000 -94.197674 71.264892 232.266711 -0.109295 -0.064658 0.908230 -0.398739
762.900000000 -94.220761 71.200459 232.831842 -0.110792 -0.065654 0.907935 -0.398834
763.200000000 -94.237649 71.160829 233.271620 -0.110805 -0.065450 0.908013 -0.398687
763.300000000 -94.229977 71.136461 233.402290 -0.110832 -0.066279 0.907921 -0.398753
763.700000000 -94.285936 71.092024 234.040648 -0.110970 -0.065878 0.908081 -0.398415
763.900000000 -94.272834 71.061593 234.277819 -0.110043 -0.066704 0.908102 -0.398488
764.200000000 -94.389099 71.043713 234.902929 -0.111062 -0.065650 0.908133 -0.398309
764.400000000 -94.354281 71.006658 235.090396 -0.110294 -0.065995 0.908244 -0.398212
764.700000000 -94.358695 70.947826 235.482977 -0.110676 -0.067503 0.907987 -0.398438
765.100000000 -94.423663 70.885030 236.097993 -0.111721 -0.067018 0.908120 -0.397927
765.300000000 -94.457276 70.859667 236.417681 -0.110573 -0.067769 0.908156 -0.398038
765.400000000 -94.493686 70.851759 236.583850 -0.112151 -0.065903 0.908212 -0.397781
765.700000000 -94.505544 70.796332 236.954002 -0.111929 -0.065607 0.908313 -0.397662
766.300000000 -94.598080 70.691900 237.772368 -0.112696 -0.065845 0.908320 -0.397391
766.900000000 -94.708023 70.574635 238.610856 -0.112355 -0.064779 0.908515 -0.397216
767.000000000 -94.725144 70.550541 238.741183 -0.111991 -0.065555 0.908482 -0.397268
767.200000000 -94.734866 70.485196 238.966598 -0.111670 -0.066172 0.908472 -0.397278
768.000000000 -94.997688 70.257226 239.993688 -0.114192 -0.061999 0.908730 -0.396642
768.400000000 -95.122701 70.083468 240.449830 -0.112900 -0.061772 0.909006 -0.396417
768.800000000 -95.299490 69.901012 240.923900 -0.113002 -0.061437 0.909041 -0.396358
769.100000000 -95.428384 69.742218 241.267223 -0.112786 -0.060732 0.909225 -0.396108
769.300000000 -95.528485 69.632608 241.495293 -0.113073 -0.059789 0.909311 -0.395971
769.500000000 -95.631838 69.508123 241.752414 -0.113119 -0.060322 0.909265 -0.395984
769.700000000 -95.730207 69.388565 241.956411 -0.113537 -0.060118 0.909272 -0.395879
769.800000000 -95.794863 69.335545 242.091943 -0.113334 -0.059667 0.909341 -0.395847
770.400000000 -96.144636 68.960925 242.803688 -0.114156 -0.059108 0.909407 -0.395542
770.600000000 -96.245551 68.832056 243.015472 -0.113735 -0.057876 0.909608 -0.395384
771.000000000 -96.499549 68.572218 243.545689 -0.113801 -0.058116 0.909686 -0.395149
771.100000000 -96.567924 68.513965 243.660687 -0.114707 -0.057148 0.909731 -0.394925
771.200000000 -96.604756 68.432094 243.777879 -0.114117 -0.057607 0.909772 -0.394936
771.400000000 -96.751643 68.323723 244.036470 -0.115476 -0.056688 0.909681 -0.394883
771.500000000 -96.804061 68.262169 244.156332 -0.114176 -0.056287 0.909983 -0.394621
771.600000000 -96.858133 68.187002 244.288283 -0.114730 -0.056565 0.909898 -0.394618
771.900000000 -97.058029 68.022544 244.649437 -0.116383 -0.056176 0.909723 -0.394592
772.000000000 -97.104638 67.961119 244.771828 -0.114835 -0.055869 0.910028 -0.394387
772.300000000 -97.258866 67.770630 245.151047 -0.114657 -0.055503 0.910140 -0.394233
772.400000000 -97.343193 67.730865 245.265581 -0.116698 -0.055172 0.909885 -0.394269
772.500000000 -97.378344 67.666534 245.386635 -0.115106 -0.054411 0.910324 -0.393828
772.700000000 -97.485065 67.553191 245.625131 -0.116521 -0.053207 0.910336 -0.393549
773.100000000 -97.688723 67.325059 246.144217 -0.118323 -0.053701 0.910181 -0.393302
773.300000000 -97.797085 67.234579 246.388897 -0.119220 -0.053458 0.910085 -0.393287
773.400000000 -97.830395 67.167959 246.526364 -0.119646 -0.053502 0.910024 -0.393292
773.500000000 -97.877636 67.121529 246.643393 -0.119675 -0.054245 0.909980 -0.393283
773.800000000 -98.011039 66.986685 247.022652 -0.121362 -0.053097 0.910186 -0.392446
773.900000000 -98.054263 66.933818 247.142080 -0.123228 -0.054278 0.910026 -0.392074
774.200000000 -98.163511 66.818475 247.516891 -0.122241 -0.052739 0.910227 -0.392126
774.300000000 -98.204743 66.773269 247.652928 -0.123667 -0.052820 0.910083 -0.392002
774.400000000 -98.241585 66.736328 247.793707 -0.123765 -0.052298 0.910215 -0.391735
774.600000000 -98.305314 66.649998 248.047847 -0.126260 -0.052142 0.910011 -0.391432
774.800000000 -98.374100 66.588594 248.307111 -0.125617 -0.054003 0.910075 -0.391239
774.900000000 -98.409993 66.553848 248.448101 -0.126899 -0.054125 0.909974 -0.391043
775.200000000 -98.507275 66.478485 248.885107 -0.126593 -0.053196 0.910188 -0.390771
775.400000000 -98.547812 66.425791 249.137620 -0.126318 -0.052940 0.910255 -0.390739
775.500000000 -98.563057 66.397035 249.253311 -0.126999 -0.053087 0.910215 -0.390591
775.700000000 -98.619374 66.362894 249.544863 -0.126608 -0.052298 0.910316 -0.390591
775.800000000 -98.622716 66.343051 249.643081 -0.126132 -0.052537 0.910351 -0.390631
775.900000000 -98.650310 66.332707 249.798691 -0.125268 -0.052247 0.910531 -0.390528
776.000000000 -98.672269 66.318447 249.956613 -0.124608 -0.051432 0.910723 -0.390398
776.100000000 -98.682418 66.302223 250.080914 -0.124170 -0.051322 0.910700 -0.390607
776.200000000 -98.681450 66.280314 250.187939 -0.124571 -0.051201 0.910793 -0.390277
776.300000000 -98.708709 66.263866 250.343334 -0.125539 -0.052241 0.910622 -0.390228
776.500000000 -98.723251 66.250227 250.602354 -0.123486 -0.050734 0.911007 -0.390184
776.600000000 -98.732423 66.242995 250.752062 -0.122044 -0.050341 0.911216 -0.390201
776.900000000 -98.791705 66.223761 251.238445 -0.122240 -0.049209 0.911219 -0.390276
777.000000000 -98.785751 66.212080 251.348503 -0.121938 -0.049545 0.911294 -0.390152
777.600000000 -98.814466 66.190323 252.201484 -0.119814 -0.048822 0.911614 -0.390154
777.700000000 -98.808675 66.188626 252.329137 -0.118981 -0.048494 0.911725 -0.390192
777.800000000 -98.792154 66.184371 252.434216 -0.118498 -0.048318 0.911837 -0.390098
778.000000000 -98.792858 66.176342 252.707827 -0.119752 -0.047964 0.911825 -0.389787
778.400000000 -98.819289 66.176977 253.317293 -0.120167 -0.047539 0.911858 -0.389634
779.300000000 -98.769321 66.192546 254.555707 -0.107285 -0.045906 0.919692 -0.374898
779.500000000 -98.802285 66.185980 254.973579 -0.106583 -0.043687 0.919816 -0.375059
779.800000000 -98.739667 66.142267 255.369280 -0.104248 -0.042492 0.919757 -0.375997
780.100000000 -98.649161 66.071895 255.726204 -0.102166 -0.042636 0.919479 -0.377231
780.200000000 -98.584946 66.036213 255.780123 -0.101813 -0.042374 0.919321 -0.377739
780.400000000 -98.595274 65.990080 256.177814 -0.102649 -0.042909 0.918734 -0.378881
780.800000000 -98.393175 65.846633 256.512629 -0.100735 -0.043292 0.917898 -0.381369
780.900000000 -98.361383 65.823838 256.656048 -0.098643 -0.043269 0.917848 -0.382037
781.200000000 -98.295583 65.704131 257.035366 -0.101607 -0.045795 0.916543 -0.384094
781.300000000 -98.226794 65.669288 257.076403 -0.100602 -0.045973 0.916447 -0.384566
781.400000000 -98.184413 65.600130 257.179005 -0.104471 -0.044573 0.915878 -0.385054
781.500000000 -98.114758 65.572190 257.227855 -0.102451 -0.044046 0.915957 -0.385469
781.900000000 -97.974496 65.406609 257.644002 -0.103702 -0.044962 0.915116 -0.387023
782.000000000 -97.910675 65.364054 257.703067 -0.103336 -0.044207 0.915205 -0.386998
782.100000000 -97.882494 65.315091 257.779850 -0.104851 -0.045885 0.914892 -0.387134
782.400000000 -97.732262 65.174510 257.950139 -0.105816 -0.045929 0.914808 -0.387066
782.500000000 -97.681100 65.131177 258.011454 -0.105391 -0.046119 0.914793 -0.387195
782.600000000 -97.655748 65.057649 258.085895 -0.108561 -0.047895 0.914321 -0.387217
783.100000000 -97.342874 64.835895 258.228069 -0.106223 -0.045972 0.914686 -0.387238
783.200000000 -97.289506 64.784344 258.245003 -0.107085 -0.046522 0.914550 -0.387255
783.300000000 -97.244674 64.727779 258.285784 -0.107383 -0.046740 0.914538 -0.387175
784.400000000 -96.639563 64.131398 258.422433 -0.104448 -0.045274 0.913465 -0.390669
784.600000000 -96.522343 64.029136 258.412136 -0.104690 -0.044239 0.913221 -0.391294
784.900000000 -96.335153 63.839582 258.296406 -0.106270 -0.044795 0.912523 -0.392432
785.300000000 -96.172914 63.640874 258.329739 -0.106210 -0.045410 0.911828 -0.393987
785.700000000 -95.967535 63.415491 258.184490 -0.108726 -0.045890 0.910815 -0.395587
785.800000000 -95.933154 63.369183 258.157242 -0.108792 -0.046147 0.910635 -0.395952
786.100000000 -95.739100 63.214784 257.928854 -0.109096 -0.045093 0.910345 -0.396656
786.800000000 -95.459136 62.919624 257.579629 -0.112153 -0.045848 0.909276 -0.398167
786.900000000 -95.412550 62.884623 257.502410 -0.111856 -0.044967 0.909225 -0.398468
787.500000000 -95.212863 62.726520 257.122375 -0.109194 -0.045240 0.909294 -0.399016
787.600000000 -95.172517 62.700453 257.025085 -0.109452 -0.044715 0.909277 -0.399043
787.800000000 -95.110080 62.639787 256.865685 -0.110689 -0.045485 0.909106 -0.399006
787.900000000 -95.099602 62.619127 256.827589 -0.110776 -0.045534 0.909129 -0.398923
788.100000000 -95.056194 62.576884 256.672949 -0.110630 -0.048031 0.908991 -0.398986
788.300000000 -95.027081 62.553874 256.545803 -0.110605 -0.047018 0.909077 -0.398917
788.500000000 -94.980210 62.515271 256.356755 -0.112309 -0.047038 0.909044 -0.398514
788.600000000 -94.975130 62.504365 256.300821 -0.113155 -0.046904 0.908946 -0.398513
788.900000000 -94.878125 62.461060 255.946587 -0.114945 -0.044899 0.909048 -0.397999
789.000000000 -94.886230 62.469737 255.904969 -0.112810 -0.047868 0.909069 -0.398216
789.300000000 -94.891110 62.456597 255.718399 -0.115754 -0.048183 0.908774 -0.398007
789.600000000 -94.823254 62.458710 255.386703 -0.114449 -0.047033 0.909351 -0.397204
790.100000000 -94.787876 62.498797 254.923241 -0.115209 -0.045610 0.909515 -0.396774
790.200000000 -94.793592 62.515362 254.854525 -0.114785 -0.045839 0.909637 -0.396591
790.300000000 -94.776861 62.520796 254.731540 -0.114783 -0.046337 0.909655 -0.396491
790.600000000 -94.815299 62.580899 254.547294 -0.115244 -0.045793 0.909828 -0.396023
790.800000000 -94.805670 62.618044 254.339412 -0.114773 -0.046611 0.909887 -0.395929
791.000000000 -94.824262 62.663721 254.171611 -0.115614 -0.047225 0.909835 -0.395732
791.400000000 -94.852316 62.765141 253.831283 -0.115482 -0.046554 0.910236 -0.394928
791.500000000 -94.855815 62.788699 253.722726 -0.116465 -0.047267 0.910068 -0.394940
791.900000000 -94.902079 62.915554 253.386954 -0.116710 -0.047477 0.910281 -0.394351
792.000000000 -94.906977 62.955643 253.289394 -0.115684 -0.047562 0.910465 -0.394219
792.300000000 -94.949847 63.073236 253.049444 -0.114649 -0.047634 0.910855 -0.393612
792.500000000 -94.955856 63.136295 252.827423 -0.116199 -0.047522 0.910774 -0.393358
792.600000000 -94.966547 63.168523 252.725270 -0.116970 -0.048761 0.910670 -0.393218
792.700000000 -94.995230 63.210041 252.668307 -0.117734 -0.048975 0.910677 -0.392946
792.800000000 -94.994006 63.256089 252.554340 -0.116362 -0.048360 0.910960 -0.392776
792.900000000 -95.027614 63.294199 252.501676 -0.118017 -0.048620 0.910812 -0.392594
793.200000000 -95.050217 63.410282 252.188934 -0.118842 -0.049386 0.910911 -0.392020
793.300000000 -95.040763 63.453297 252.049890 -0.118045 -0.048990 0.911123 -0.391817
793.500000000 -95.088283 63.551336 251.915846 -0.117511 -0.049239 0.911419 -0.391256
793.600000000 -95.102462 63.596284 251.826732 -0.117821 -0.049355 0.911420 -0.391147
793.800000000 -95.112137 63.673570 251.596299 -0.119542 -0.049924 0.911317 -0.390793
793.900000000 -95.103496 63.715066 251.460332 -0.119553 -0.049531 0.911417 -0.390606
794.300000000 -95.180704 63.905608 251.143828 -0.120722 -0.050898 0.911446 -0.390002
795.000000000 -95.201359 64.217830 250.367672 -0.122724 -0.051232 0.911702 -0.388733
795.300000000 -95.218673 64.356397 250.077331 -0.122582 -0.051632 0.911855 -0.388367
795.400000000 -95.204967 64.406298 249.941016 -0.121474 -0.051025 0.912115 -0.388184
795.500000000 -95.221789 64.453643 249.859113 -0.121976 -0.051446 0.912066 -0.388087
796.000000000 -95.211598 64.671218 249.315966 -0.122855 -0.051841 0.912096 -0.387685
796.100000000 -95.172722 64.701329 249.145183 -0.122789 -0.051428 0.912168 -0.387591
796.200000000 -95.193932 64.748050 249.073989 -0.123627 -0.051644 0.912163 -0.387310
796.300000000 -95.186409 64.794235 248.960205 -0.122773 -0.051696 0.912234 -0.387407
796.600000000 -95.172621 64.921369 248.635999 -0.122087 -0.052040 0.912377 -0.387239
796.700000000 -95.147086 64.961757 248.506350 -0.120858 -0.050969 0.912535 -0.387394
796.900000000 -95.120325 65.044764 248.269506 -0.119582 -0.051628 0.912471 -0.387855
797.000000000 -95.116609 65.079446 248.182238 -0.119208 -0.052179 0.912484 -0.387867
797.200000000 -95.084089 65.151046 247.945130 -0.118233 -0.052122 0.912630 -0.387828
797.300000000 -95.075233 65.183848 247.841630 -0.118260 -0.052492 0.912560 -0.387934
797.400000000 -95.065264 65.224851 247.718921 -0.118414 -0.052100 0.912511 -0.388056
797.500000000 -95.049774 65.258124 247.602219 -0.118054 -0.052291 0.912581 -0.387974
797.700000000 -95.009648 65.307524 247.381902 -0.118400 -0.051545 0.912525 -0.388102
798.000000000 -94.954222 65.397847 247.017243 -0.117871 -0.051821 0.912448 -0.388407
798.100000000 -94.936555 65.434088 246.886524 -0.117608 -0.051239 0.912489 -0.388467
798.200000000 -94.915590 65.455177 246.778350 -0.117296 -0.051550 0.912505 -0.388482
798.300000000 -94.905397 65.481624 246.676821 -0.116951 -0.052440 0.912409 -0.388694
798.600000000 -94.826774 65.558323 246.284906 -0.115679 -0.052612 0.912445 -0.388967
799.000000000 -94.730648 65.639130 245.800650 -0.115607 -0.053440 0.912139 -0.389593
799.100000000 -94.721091 65.663966 245.684747 -0.116675 -0.054153 0.911850 -0.389851
799.200000000 -94.700167 65.690815 245.561021 -0.116767 -0.054196 0.911786 -0.389967
799.300000000 -94.661271 65.704472 245.440560 -0.116177 -0.054071 0.911810 -0.390105
799.600000000 -94.554952 65.757872 245.093098 -0.114079 -0.053977 0.911948 -0.390415
799.700000000 -94.538254 65.792061 244.966986 -0.114584 -0.054075 0.911793 -0.390614
800.100000000 -94.382823 65.866778 244.499745 -0.114673 -0.056091 0.911249 -0.391573
800.400000000 -94.241966 65.937475 244.141266 -0.113466 -0.056520 0.911157 -0.392077
800.500000000 -94.204414 65.982640 244.009935 -0.112768 -0.055988 0.911254 -0.392129
800.600000000 -94.145509 65.993740 243.908321 -0.113285 -0.056483 0.911011 -0.392473
800.700000000 -94.103234 66.031838 243.781331 -0.113408 -0.056170 0.910961 -0.392600
800.900000000 -93.986244 66.085194 243.563488 -0.112228 -0.057051 0.910844 -0.393081
801.000000000 -93.920210 66.101198 243.452182 -0.112644 -0.058764 0.910490 -0.393530
801.300000000 -93.770704 66.257324 243.074798 -0.112064 -0.056769 0.910627 -0.393672
801.400000000 -93.659618 66.248143 242.981503 -0.111542 -0.058672 0.910366 -0.394145
802.100000000 -93.205768 66.601642 242.129340 -0.112772 -0.058677 0.909625 -0.395503
802.400000000 -93.001228 66.749447 241.830452 -0.113439 -0.059377 0.909214 -0.396151
802.500000000 -92.931249 66.811201 241.748341 -0.111898 -0.058471 0.909524 -0.396012
802.600000000 -92.860859 66.863528 241.652278 -0.111855 -0.058900 0.909369 -0.396318
802.700000000 -92.790766 66.904786 241.564296 -0.112629 -0.060306 0.908996 -0.396742
802.800000000 -92.714781 66.975942 241.446522 -0.111307 -0.059475 0.909211 -0.396749
803.100000000 -92.486723 67.135999 241.133607 -0.111642 -0.060073 0.908852 -0.397385
803.300000000 -92.352491 67.254410 240.952730 -0.112399 -0.059697 0.908692 -0.397594
803.400000000 -92.262381 67.301654 240.825821 -0.112155 -0.060841 0.908546 -0.397824
803.700000000 -91.992386 67.463228 240.405236 -0.112051 -0.060958 0.908341 -0.398302
804.900000000 -91.276209 68.021439 239.161326 -0.112163 -0.063725 0.907467 -0.399828
805.000000000 -91.220352 68.055423 239.023078 -0.111903 -0.064359 0.907401 -0.399948
805.200000000 -91.117359 68.119270 238.761428 -0.111387 -0.063902 0.907471 -0.400008
805.400000000 -91.062854 68.167464 238.562530 -0.112264 -0.064579 0.907241 -0.400175
805.800000000 -90.953831 68.263242 238.105345 -0.110624 -0.066678 0.907130 -0.400539
806.300000000 -90.845124 68.348886 237.443584 -0.110488 -0.067034 0.907009 -0.400790
806.400000000 -90.828883 68.366140 237.300300 -0.110321 -0.067159 0.907009 -0.400816
806.500000000 -90.833564 68.373025 237.204680 -0.111292 -0.067103 0.906907 -0.400788
806.600000000 -90.818244 68.389562 237.068712 -0.111239 -0.067186 0.906890 -0.400828
806.700000000 -90.804792 68.403554 236.934163 -0.110919 -0.067614 0.906853 -0.400927
807.100000000 -90.771953 68.456930 236.420847 -0.110315 -0.066987 0.907035 -0.400789
807.200000000 -90.750956 68.466025 236.242112 -0.110963 -0.066086 0.907021 -0.400791
807.300000000 -90.744578 68.476350 236.104668 -0.110536 -0.066593 0.907019 -0.400829
807.500000000 -90.737865 68.494583 235.848581 -0.110536 -0.067877 0.906897 -0.400888
808.300000000 -90.688736 68.578972 234.646757 -0.110377 -0.066976 0.907082 -0.400665
809.100000000 -90.672378 68.673889 233.416527 -0.109689 -0.065429 0.907468 -0.400236
809.200000000 -90.721085 68.695764 233.356792 -0.109929 -0.065283 0.907477 -0.400175
809.300000000 -90.675583 68.697346 233.123149 -0.109233 -0.065478 0.907524 -0.400225
809.400000000 -90.733475 68.718780 233.078978 -0.110143 -0.065783 0.907372 -0.400271
809.600000000 -90.820571 68.763244 232.947106 -0.109948 -0.065817 0.907514 -0.399996
809.700000000 -90.770733 68.775544 232.698057 -0.108523 -0.064889 0.907808 -0.399871
809.900000000 -90.792055 68.803140 232.428648 -0.109317 -0.064950 0.907774 -0.399722
810.100000000 -90.773493 68.829423 232.077140 -0.109174 -0.065199 0.907724 -0.399833
810.400000000 -90.872730 68.897717 231.828493 -0.109088 -0.064592 0.907930 -0.399488
810.600000000 -90.823280 68.916943 231.422658 -0.109068 -0.064890 0.907900 -0.399513
810.800000000 -90.876242 68.963079 231.236312 -0.109415 -0.064104 0.908032 -0.399245
810.900000000 -90.922046 68.992622 231.185063 -0.109248 -0.063946 0.908123 -0.399110
811.000000000 -90.886279 69.005633 230.958850 -0.108681 -0.064622 0.908088 -0.399235
811.400000000 -90.983916 69.109366 230.583169 -0.109795 -0.062492 0.908297 -0.398794
811.500000000 -91.001077 69.137724 230.483615 -0.109355 -0.062494 0.908408 -0.398661
811.900000000 -91.018840 69.238298 229.971680 -0.108839 -0.062593 0.908489 -0.398602
812.000000000 -91.025965 69.264096 229.852161 -0.109309 -0.061932 0.908526 -0.398493
812.400000000 -90.973450 69.370604 229.228685 -0.107913 -0.062601 0.908631 -0.398530
812.600000000 -90.991340 69.437480 229.008180 -0.108441 -0.060797 0.908779 -0.398328
812.900000000 -90.986105 69.522381 228.649502 -0.107992 -0.061719 0.908742 -0.398393
813.000000000 -90.987809 69.560341 228.532437 -0.107942 -0.060745 0.908856 -0.398297
813.200000000 -90.993633 69.625930 228.307553 -0.108211 -0.060079 0.908875 -0.398280
813.300000000 -90.973532 69.654136 228.157213 -0.108069 -0.060081 0.908910 -0.398238
813.500000000 -90.951641 69.718839 227.890599 -0.108096 -0.059495 0.908947 -0.398235
813.900000000 -90.918364 69.847617 227.426546 -0.107294 -0.060572 0.908977 -0.398221
814.000000000 -90.887339 69.883327 227.253599 -0.107109 -0.059725 0.909061 -0.398207
814.300000000 -90.818558 69.983757 226.804786 -0.107680 -0.057805 0.909155 -0.398122
814.500000000 -90.786713 70.045126 226.566143 -0.105926 -0.062512 0.908852 -0.398572
815.000000000 -90.682840 70.227074 225.894474 -0.106364 -0.060021 0.909000 -0.398501
815.200000000 -90.632620 70.291819 225.613133 -0.106827 -0.059322 0.909015 -0.398447
815.400000000 -90.564426 70.358498 225.308994 -0.106394 -0.060066 0.908935 -0.398635
815.600000000 -90.520336 70.425649 225.064046 -0.106486 -0.060463 0.908863 -0.398715
815.700000000 -90.509262 70.469681 224.955498 -0.106562 -0.059896 0.908893 -0.398710
815.900000000 -90.470378 70.542167 224.720116 -0.106939 -0.059333 0.908879 -0.398726
816.000000000 -90.456428 70.579439 224.613434 -0.106857 -0.059261 0.908892 -0.398728
816.400000000 -90.328877 70.712521 224.057843 -0.106718 -0.060241 0.908740 -0.398967
816.600000000 -90.306483 70.791473 223.865784 -0.107368 -0.059613 0.908717 -0.398939
816.800000000 -90.272599 70.865355 223.659330 -0.107615 -0.059825 0.908637 -0.399023
817.200000000 -90.085507 70.996821 222.991257 -0.106865 -0.059973 0.908546 -0.399408
817.400000000 -90.059782 71.077847 222.811204 -0.107268 -0.059077 0.908588 -0.399340
817.800000000 -89.878825 71.197387 222.164874 -0.107804 -0.059452 0.908366 -0.399644
818.000000000 -89.869752 71.279777 222.024875 -0.108341 -0.058813 0.908369 -0.399586
818.200000000 -89.746833 71.332460 221.635216 -0.108037 -0.059467 0.908274 -0.399787
819.000000000 -89.504299 71.609519 220.617690 -0.107645 -0.059197 0.908137 -0.400245
819.500000000 -89.456751 71.794384 220.184383 -0.108870 -0.057882 0.908085 -0.400223
819.600000000 -89.384109 71.819295 219.962141 -0.108740 -0.057896 0.908050 -0.400336
820.000000000 -89.210149 71.931574 219.328430 -0.108378 -0.058529 0.907882 -0.400723
820.100000000 -89.240076 71.979411 219.325494 -0.108189 -0.058283 0.907913 -0.400741
820.600000000 -89.095114 72.131849 218.664224 -0.108263 -0.058119 0.907836 -0.400919
820.700000000 -89.085516 72.168680 218.570981 -0.108051 -0.057903 0.907844 -0.400988
820.800000000 -89.088876 72.204236 218.501716 -0.108144 -0.057872 0.907830 -0.400999
821.200000000 -88.965399 72.322499 217.938859 -0.107878 -0.057328 0.907796 -0.401225
821.500000000 -88.916309 72.407699 217.607123 -0.108192 -0.057873 0.907705 -0.401269
821.600000000 -88.918753 72.443148 217.533968 -0.108100 -0.057731 0.907720 -0.401279
821.800000000 -88.859935 72.500044 217.243498 -0.108109 -0.056710 0.907751 -0.401353
822.000000000 -88.837254 72.556557 217.040302 -0.108007 -0.056851 0.907741 -0.401385
822.100000000 -88.778088 72.584221 216.811021 -0.108148 -0.056733 0.907703 -0.401448
822.300000000 -88.756986 72.633684 216.614113 -0.108626 -0.056259 0.907661 -0.401481
822.500000000 -88.705304 72.688378 216.323161 -0.108168 -0.056831 0.907612 -0.401634
822.600000000 -88.686269 72.718127 216.193106 -0.108126 -0.056547 0.907636 -0.401632
822.700000000 -88.662744 72.746787 216.047700 -0.108128 -0.056725 0.907601 -0.401684
823.000000000 -88.611530 72.825451 215.676078 -0.107483 -0.058175 0.907495 -0.401890
823.200000000 -88.555220 72.872437 215.372276 -0.108333 -0.056088 0.907593 -0.401738
823.800000000 -88.432037 73.026486 214.538854 -0.107401 -0.057178 0.907543 -0.401947
824.000000000 -88.387419 73.071960 214.253576 -0.107783 -0.056320 0.907593 -0.401853
824.900000000 -88.224117 73.282608 212.991275 -0.107498 -0.056499 0.907572 -0.401951
825.000000000 -88.223002 73.309637 212.882055 -0.107494 -0.056082 0.907617 -0.401909
825.300000000 -88.176386 73.379623 212.462727 -0.108202 -0.054525 0.907728 -0.401683
825.600000000 -88.152674 73.449687 212.109777 -0.107199 -0.055631 0.907695 -0.401874
825.800000000 -88.105843 73.496304 211.791789 -0.107433 -0.055272 0.907706 -0.401837
826.000000000 -88.078823 73.541689 211.512287 -0.107724 -0.054671 0.907726 -0.401795
826.200000000 -88.052333 73.588142 211.254144 -0.107704 -0.053981 0.907781 -0.401769
826.600000000 -88.001971 73.682708 210.720397 -0.106478 -0.055956 0.907713 -0.401981
826.700000000 -87.984498 73.706753 210.570044 -0.106834 -0.055208 0.907769 -0.401864
826.900000000 -87.955597 73.752148 210.289312 -0.107417 -0.053979 0.907828 -0.401742
827.300000000 -87.911749 73.835750 209.753733 -0.107672 -0.053716 0.907808 -0.401753
827.600000000 -87.866712 73.888369 209.309636 -0.107564 -0.053963 0.907814 -0.401735
828.100000000 -87.819936 73.961920 208.596622 -0.106731 -0.054196 0.907819 -0.401916
828.200000000 -87.817667 73.968982 208.478336 -0.106583 -0.054176 0.907811 -0.401975
828.300000000 -87.803377 73.977367 208.303902 -0.106552 -0.053424 0.907871 -0.401949
828.800000000 -87.808793 73.983255 207.572026 -0.106628 -0.054045 0.907799 -0.402007
829.000000000 -87.823345 73.977433 207.270276 -0.106881 -0.053112 0.907864 -0.401918
829.200000000 -87.838934 73.950646 206.969467 -0.107239 -0.052472 0.907919 -0.401783
829.600000000 -87.889478 73.889698 206.344648 -0.105946 -0.053345 0.907991 -0.401849
829.700000000 -87.916897 73.865596 206.223142 -0.106087 -0.052704 0.908022 -0.401827
830.100000000 -88.028494 73.768985 205.611940 -0.106190 -0.051857 0.908082 -0.401773
830.300000000 -88.084623 73.700437 205.274645 -0.106082 -0.051701 0.908088 -0.401808
830.600000000 -88.207670 73.590287 204.839273 -0.106800 -0.051004 0.908092 -0.401699
830.900000000 -88.323482 73.465748 204.353762 -0.107228 -0.050011 0.908114 -0.401659
831.100000000 -88.388323 73.367950 204.011630 -0.106664 -0.050330 0.908121 -0.401753
831.200000000 -88.419189 73.316158 203.829160 -0.106551 -0.050062 0.908141 -0.401773
831.300000000 -88.469873 73.271336 203.685961 -0.106343 -0.050215 0.908193 -0.401690
831.500000000 -88.548521 73.169687 203.349493 -0.106420 -0.049949 0.908202 -0.401682
831.700000000 -88.629533 73.060508 203.031243 -0.106290 -0.050261 0.908109 -0.401889
831.900000000 -88.714575 72.958235 202.713423 -0.105519 -0.048623 0.908387 -0.401665
832.000000000 -88.768895 72.900328 202.594467 -0.105622 -0.049048 0.908332 -0.401710
832.600000000 -89.018618 72.566854 201.667806 -0.104459 -0.050169 0.908331 -0.401879
832.700000000 -89.063262 72.520728 201.502554 -0.104618 -0.049300 0.908376 -0.401842
833.100000000 -89.206537 72.304382 200.864305 -0.104348 -0.051315 0.908163 -0.402142
833.200000000 -89.240253 72.263435 200.710489 -0.103580 -0.050136 0.908434 -0.401877
833.600000000 -89.340173 72.073514 199.992055 -0.103331 -0.047966 0.908653 -0.401711
833.800000000 -89.391707 71.997681 199.663142 -0.106490 -0.046771 0.908553 -0.401252
833.900000000 -89.390044 71.958820 199.441636 -0.111346 -0.045735 0.908193 -0.400870
834.000000000 -89.402063 71.927736 199.265428 -0.114693 -0.045634 0.907922 -0.400551
834.700000000 -89.480183 71.750308 198.324579 -0.115507 -0.044134 0.907959 -0.400400
834.800000000 -89.504633 71.750561 198.246986 -0.115024 -0.043207 0.908056 -0.400421
835.000000000 -89.494150 71.730417 197.996387 -0.116527 -0.042178 0.908154 -0.399874
835.100000000 -89.488178 71.727201 197.898442 -0.115478 -0.041704 0.908313 -0.399866
835.200000000 -89.494937 71.728605 197.845305 -0.114384 -0.042206 0.908286 -0.400190
836.300000000 -89.196567 71.694192 197.294483 -0.100116 -0.071092 0.907046 -0.402728
836.400000000 -89.087192 71.664960 197.171350 -0.101563 -0.069330 0.907167 -0.402400
836.500000000 -89.101129 71.722890 197.164978 -0.101366 -0.068683 0.907195 -0.402498
836.700000000 -89.079123 71.827013 197.100192 -0.101539 -0.066509 0.907338 -0.402497
836.800000000 -89.052805 71.840624 197.186495 -0.099807 -0.067591 0.907294 -0.402850
837.300000000 -89.243517 72.245417 197.608853 -0.059815 -0.151631 0.897635 -0.409489
837.500000000 -89.032421 72.346554 197.129277 -0.044399 -0.182815 0.892331 -0.410307
837.600000000 -88.971556 72.362033 197.153423 -0.044444 -0.182967 0.892281 -0.410343
837.900000000 -88.813294 72.537239 196.943852 -0.018104 -0.237116 0.880077 -0.410990
838.400000000 -88.681348 72.976384 196.653893 -0.020630 -0.237004 0.880562 -0.409896
838.600000000 -88.555087 73.056839 196.732755 -0.012200 -0.235273 0.880250 -0.411895
838.800000000 -88.473933 73.205803 196.764798 -0.007344 -0.233284 0.880324 -0.412982
839.200000000 -88.263848 73.534445 196.672342 -0.007745 -0.236923 0.879514 -0.412629
839.300000000 -88.592001 73.721811 197.572881 -0.013316 -0.225891 0.882312 -0.412700
839.600000000 -88.486574 73.879499 198.072321 -0.014352 -0.224951 0.882552 -0.412666
840.000000000 -88.129164 74.161355 197.760235 -0.038793 -0.183115 0.892330 -0.410745
840.200000000 -88.100273 74.532727 197.303005 -0.046816 -0.170652 0.895097 -0.409253
840.400000000 -88.095284 74.996178 196.636361 -0.025657 -0.212961 0.886453 -0.410110
840.900000000 -87.347184 75.359658 195.264520 0.003067 -0.282824 0.867241 -0.409749
841.300000000 -87.078465 75.710441 195.008996 0.003016 -0.282268 0.867390 -0.409817
841.500000000 -87.018201 75.938567 194.887391 0.002423 -0.281497 0.867650 -0.409800
841.700000000 -86.977844 76.167829 194.781993 0.000595 -0.280146 0.868284 -0.409391
841.900000000 -86.934295 76.393984 194.645837 -0.000170 -0.281258 0.868076 -0.409069
842.000000000 -86.901073 76.473585 194.630796 -0.001018 -0.282662 0.867855 -0.408569
842.100000000 -86.852721 76.546123 194.575993 -0.001587 -0.283283 0.867842 -0.408165
842.200000000 -86.820733 76.634808 194.531554 -0.002450 -0.283635 0.867939 -0.407710
842.300000000 -86.769474 76.708438 194.480113 -0.003067 -0.283175 0.868185 -0.407500
842.500000000 -86.712685 76.896368 194.300994 -0.005041 -0.282563 0.868687 -0.406837
842.600000000 -86.706034 76.992694 194.265848 -0.005175 -0.283179 0.868489 -0.406829
842.700000000 -86.687936 77.074789 194.240734 -0.006302 -0.284019 0.868440 -0.406331
842.900000000 -86.648919 77.249148 194.079464 -0.007963 -0.283672 0.868778 -0.405822
843.100000000 -86.587876 77.390645 193.963014 -0.008044 -0.284132 0.868726 -0.405609
843.400000000 -86.548630 77.632470 193.736191 -0.009377 -0.284101 0.868917 -0.405195
843.600000000 -86.558035 77.828330 193.559163 -0.010091 -0.283407 0.869202 -0.405052
843.700000000 -86.570140 77.915601 193.485512 -0.010846 -0.283438 0.869330 -0.404736
843.800000000 -86.564393 77.996360 193.388358 -0.010951 -0.283236 0.869404 -0.404714
844.000000000 -86.562125 78.145118 193.212694 -0.011652 -0.282805 0.869707 -0.404345
844.300000000 -86.581977 78.364003 192.939201 -0.012788 -0.281758 0.870120 -0.404153
844.400000000 -86.629276 78.458464 192.877721 -0.013395 -0.281793 0.870175 -0.403991
844.900000000 -86.676285 78.769784 192.375221 -0.014662 -0.280433 0.870681 -0.403802
845.000000000 -86.722027 78.855358 192.289122 -0.014962 -0.280638 0.870698 -0.403613
845.300000000 -86.783065 79.023354 191.999820 -0.014920 -0.280811 0.870691 -0.403508
845.600000000 -86.832921 79.167007 191.671528 -0.015347 -0.279441 0.871166 -0.403418
845.900000000 -86.933296 79.324117 191.365343 -0.015056 -0.279725 0.871064 -0.403454
846.500000000 -87.145290 79.589242 190.723694 -0.014308 -0.280161 0.870890 -0.403555
846.700000000 -87.247142 79.701503 190.487763 -0.014227 -0.279386 0.871166 -0.403498
847.000000000 -87.404520 79.862042 190.137584 -0.014156 -0.277038 0.871832 -0.403681
847.100000000 -87.454233 79.901748 190.017027 -0.014521 -0.276344 0.872102 -0.403561
847.500000000 -87.616172 80.013092 189.574160 -0.013454 -0.277859 0.871499 -0.403860
847.600000000 -87.664562 80.056376 189.446524 -0.012887 -0.277312 0.871618 -0.403998
847.900000000 -87.862564 80.180288 189.121619 -0.014138 -0.275424 0.872270 -0.403839
848.000000000 -87.919323 80.223353 188.995217 -0.013948 -0.275150 0.872368 -0.403821
848.500000000 -88.131926 80.320951 188.403495 -0.012837 -0.277439 0.871515 -0.404135
848.600000000 -88.227636 80.395998 188.291538 -0.012952 -0.276220 0.871926 -0.404080
848.700000000 -88.288923 80.437971 188.171516 -0.013161 -0.275655 0.872096 -0.404092
849.500000000 -89.437203 81.156706 187.805245 0.013494 -0.342842 0.847899 -0.404158
849.700000000 -89.580381 81.231272 187.570002 0.012021 -0.341277 0.848646 -0.403963
849.900000000 -89.742744 81.317876 187.350824 0.009927 -0.338929 0.849718 -0.403742
850.000000000 -89.801704 81.360022 187.218901 0.009956 -0.338294 0.849892 -0.403908
850.200000000 -89.948122 81.445873 186.980644 0.009697 -0.338581 0.849804 -0.403859
851.200000000 -90.286324 81.124116 186.929792 0.018185 -0.354944 0.842779 -0.404237
851.300000000 -90.381495 81.213398 186.731452 0.016164 -0.353253 0.843606 -0.404079
851.900000000 -90.765103 81.433390 186.194930 0.014733 -0.355771 0.842910 -0.403377
852.000000000 -90.787430 81.472280 186.013604 0.014120 -0.354723 0.843335 -0.403434
852.100000000 -90.849005 81.509734 185.930041 0.013498 -0.354701 0.843386 -0.403367
852.200000000 -90.913332 81.563572 185.828058 0.013067 -0.354680 0.843428 -0.403313
852.300000000 -90.955041 81.675194 185.544495 0.011547 -0.351101 0.844829 -0.403558
852.800000000 -91.343004 81.910930 185.402048 0.014824 -0.361282 0.840787 -0.402906
854.000000000 -91.635274 82.247160 184.651937 0.020064 -0.373601 0.835285 -0.402887
854.200000000 -91.762533 82.438066 184.453394 0.019943 -0.373667 0.835256 -0.402893
854.300000000 -91.854173 82.561459 184.355926 0.019360 -0.373001 0.835564 -0.402900
854.500000000 -91.930700 82.766668 184.027095 0.020004 -0.373675 0.835147 -0.403108
854.600000000 -92.076625 82.971302 183.868656 0.018183 -0.370811 0.836462 -0.403113
854.800000000 -92.171416 83.118018 183.763547 0.018075 -0.370464 0.836568 -0.403216
855.100000000 -92.280879 83.360607 183.499570 0.019599 -0.374232 0.834870 -0.403186
855.400000000 -92.674297 83.513841 184.257334 0.013558 -0.360869 0.840999 -0.402879
855.600000000 -92.710092 83.673651 184.042797 0.015429 -0.364083 0.839505 -0.403035
855.800000000 -92.866356 83.945537 183.864426 0.015887 -0.364454 0.839221 -0.403273
855.900000000 -92.835471 83.982078 183.747126 0.016946 -0.366415 0.838308 -0.403351
856.000000000 -92.897323 84.107140 183.650947 0.016697 -0.365656 0.838585 -0.403475
856.200000000 -93.078981 84.399569 183.475296 0.014340 -0.362799 0.840019 -0.403162
856.300000000 -93.074540 84.468277 183.363812 0.014310 -0.362358 0.840149 -0.403288
856.600000000 -93.006432 84.615278 183.013899 0.015954 -0.366503 0.838327 -0.403272
856.800000000 -93.190951 84.941201 182.833987 0.014860 -0.362074 0.840062 -0.403704
856.900000000 -93.178669 84.994898 182.728344 0.015070 -0.364019 0.839249 -0.403638
857.200000000 -93.266566 85.306142 182.422893 0.015525 -0.364416 0.838952 -0.403881
857.300000000 -93.289557 85.395196 182.321727 0.015014 -0.365136 0.838716 -0.403740
857.600000000 -93.409477 85.712344 182.053901 0.014155 -0.364471 0.838978 -0.403828
857.900000000 -93.450902 85.983325 181.727313 0.014737 -0.366691 0.838047 -0.403731
858.200000000 -93.508758 86.247729 181.440137 0.015685 -0.369843 0.836651 -0.403715
858.500000000 -93.621516 86.543069 181.185301 0.014249 -0.367866 0.837554 -0.403700
858.700000000 -93.691012 86.733481 180.994390 0.014024 -0.368297 0.837351 -0.403738
859.000000000 -93.872657 87.235203 180.279755 0.015168 -0.372079 0.835720 -0.403607
859.100000000 -93.935133 87.313431 180.257753 0.014071 -0.369684 0.836710 -0.403797
859.200000000 -93.974660 87.397306 180.156597 0.014402 -0.370544 0.836320 -0.403805
859.900000000 -94.453893 88.222309 179.019485 -0.037031 -0.263339 0.875215 -0.404080
860.200000000 -94.546634 88.443658 178.417753 -0.037117 -0.266283 0.874280 -0.404166
860.700000000 -94.812470 88.538779 178.259675 -0.039713 -0.260034 0.876062 -0.404128
860.900000000 -94.922619 88.568724 178.156959 -0.039190 -0.260562 0.875855 -0.404289
861.000000000 -94.983006 88.611959 178.015179 -0.039277 -0.261666 0.875505 -0.404326
861.400000000 -95.028623 88.309554 178.179528 0.008067 -0.364479 0.839145 -0.403640
861.500000000 -95.085151 88.083934 178.735510 0.010019 -0.366719 0.838209 -0.403512
861.900000000 -95.504687 87.853055 179.570025 0.008446 -0.359768 0.841069 -0.403854
862.100000000 -95.681035 87.783693 179.731345 0.005556 -0.351839 0.844233 -0.404289
862.200000000 -95.721469 87.823275 179.480969 0.006874 -0.353647 0.843359 -0.404514
862.300000000 -95.829691 87.826131 179.499131 0.005657 -0.350466 0.844685 -0.404536
862.400000000 -95.850458 87.789505 179.381315 0.005445 -0.350423 0.844687 -0.404572
862.600000000 -95.968234 87.886854 178.920522 -0.002905 -0.329652 0.852669 -0.405310
862.800000000 -96.083415 87.891684 178.655752 -0.001397 -0.332166 0.851598 -0.405518
862.900000000 -96.174377 87.996682 178.375451 -0.006954 -0.316358 0.857344 -0.405992
863.000000000 -96.199079 87.945356 178.280445 -0.002252 -0.327740 0.853083 -0.405994
863.200000000 -96.467155 87.898994 178.572202 -0.008899 -0.309358 0.859706 -0.406355
863.500000000 -96.671070 87.678390 178.963601 0.000790 -0.322020 0.854888 -0.406779
864.400000000 -97.177051 87.657851 178.034683 0.165326 -0.616739 0.664572 -0.388129
864.600000000 -97.711432 88.114515 177.733877 0.158706 -0.620428 0.666844 -0.381052
864.800000000 -98.251717 88.627082 177.416251 0.157593 -0.625197 0.664996 -0.376926
864.900000000 -98.507100 88.877131 177.283929 0.158984 -0.626368 0.663595 -0.376868
865.100000000 -98.795703 89.080700 177.181122 0.160962 -0.627487 0.661777 -0.377362
865.600000000 -99.295017 89.418710 177.036558 0.160638 -0.631537 0.659985 -0.373866
865.700000000 -99.303421 89.382917 177.100076 0.159259 -0.629600 0.662065 -0.374047
866.100000000 -99.545519 89.611456 177.029846 0.157188 -0.632802 0.661685 -0.370171
866.300000000 -99.606318 89.665312 177.061534 0.158147 -0.633557 0.660615 -0.370383
866.400000000 -99.574241 89.644895 177.071814 0.157558 -0.634619 0.660302 -0.369372
866.500000000 -99.604652 89.695255 177.075187 0.156955 -0.633145 0.661496 -0.370020
866.900000000 -99.728889 89.927745 177.099287 0.156832 -0.635969 0.659562 -0.368681
867.200000000 -99.762730 90.098487 177.052976 0.159384 -0.641156 0.654895 -0.366917
867.300000000 -99.835572 90.212878 177.084794 0.160007 -0.641355 0.654418 -0.367150
867.400000000 -99.843649 90.266677 177.112299 0.162572 -0.646580 0.649380 -0.365800
867.600000000 -99.892153 90.425386 177.102174 0.163257 -0.645493 0.649833 -0.366609
867.900000000 -99.959999 90.649258 177.269589 0.165048 -0.647585 0.647698 -0.365896
868.000000000 -99.911067 90.715662 177.218197 -0.165601 0.658258 -0.639870 0.360331
868.100000000 -99.919194 90.783077 177.186766 -0.167699 0.656385 -0.639992 0.362556
868.300000000 -99.998392 91.029281 177.325712 0.158229 -0.628813 0.666995 -0.366982
868.600000000 -100.268412 91.530867 177.235761 0.185273 -0.630979 0.658040 -0.366774
868.900000000 -100.264964 91.850133 177.218118 0.173472 -0.612007 0.676500 -0.371082
869.000000000 -100.248017 91.842199 177.227202 0.185824 -0.624876 0.660532 -0.372421
869.200000000 -100.312155 91.978823 177.313681 0.175616 -0.563578 0.702427 -0.397662
869.700000000 -99.894868 91.999396 177.175578 0.075804 -0.359789 0.831070 -0.417287
870.000000000 -99.955001 92.563447 176.990754 -0.046453 -0.257888 0.883395 -0.388522
870.100000000 -99.906467 92.486869 177.120752 -0.014463 -0.301950 0.867751 -0.394494
870.600000000 -99.305831 92.057548 177.105700 0.052274 -0.341645 0.841614 -0.415009
870.700000000 -99.229895 92.034515 177.101259 0.046985 -0.325073 0.847711 -0.416540
870.800000000 -99.122483 92.031791 177.106745 0.041588 -0.323714 0.848967 -0.415613
871.000000000 -98.927317 91.965173 177.009338 0.037363 -0.311661 0.853217 -0.416524
871.400000000 -99.301591 92.565769 177.310636 0.118064 -0.469342 0.767963 -0.419538
871.800000000 -99.064072 92.550776 176.884919 0.145307 -0.512853 0.735096 -0.418930
871.900000000 -98.938292 92.489846 177.133473 0.103951 -0.454876 0.779024 -0.418812
872.200000000 -98.354058 91.956945 176.783446 0.061884 -0.372847 0.826384 -0.417426
872.300000000 -98.366980 92.063057 176.696914 0.058057 -0.383545 0.823347 -0.414273
872.700000000 -98.252851 92.291578 176.215523 -0.042699 -0.261416 0.878881 -0.396746
872.800000000 -98.256715 92.144273 176.469609 -0.007161 -0.314869 0.859796 -0.401942
872.900000000 -98.232163 92.007659 176.718786 -0.017702 -0.301754 0.864922 -0.400677
873.200000000 -98.202460 91.922627 176.758671 -0.019980 -0.306917 0.863453 -0.399815
873.300000000 -98.046056 91.887431 176.531233 -0.026666 -0.290504 0.868255 -0.401284
873.400000000 -97.969987 91.811739 176.395990 -0.025354 -0.282994 0.870055 -0.402835
873.500000000 -97.901804 91.789741 176.398610 -0.030117 -0.295061 0.866657 -0.401170
873.700000000 -97.805130 91.741412 176.382018 -0.045965 -0.277599 0.872434 -0.399606
873.800000000 -97.796796 91.656538 176.425054 -0.044968 -0.266694 0.874864 -0.401827
874.000000000 -97.661356 91.479277 176.522623 -0.048100 -0.263830 0.875886 -0.401127
874.100000000 -97.349083 91.317844 176.156081 -0.045045 -0.248148 0.879693 -0.403154
874.300000000 -97.094659 91.178205 175.908655 0.042125 -0.369524 0.828314 -0.419015
874.400000000 -96.978641 91.037158 175.850610 0.053586 -0.372294 0.824046 -0.423643
874.600000000 -96.921758 91.022662 175.722924 0.052440 -0.374914 0.823302 -0.422922
874.900000000 -96.867476 90.946833 175.783363 0.047041 -0.402450 0.813921 -0.416357
875.000000000 -96.851168 90.917816 175.706689 -0.031694 -0.274876 0.869618 -0.408905
875.200000000 -96.919092 90.932337 175.760681 -0.023701 -0.315566 0.855968 -0.408871
875.300000000 -96.887736 90.781610 176.020804 -0.034638 -0.301667 0.861357 -0.407262
875.600000000 -96.783074 90.610467 176.006952 -0.045362 -0.287501 0.865803 -0.407026
875.700000000 -96.706797 90.473999 176.110042 -0.032787 -0.308438 0.858743 -0.407862
876.000000000 -96.576999 90.393425 175.942742 -0.045050 -0.290278 0.864630 -0.407582
876.100000000 -96.468737 90.303138 175.919902 -0.020929 -0.331530 0.849716 -0.409430
876.200000000 -96.452605 90.276650 175.901137 -0.039873 -0.318920 0.855704 -0.405550
876.300000000 -96.440176 90.225698 175.920293 -0.049498 -0.303759 0.861037 -0.404839
876.500000000 -96.442830 90.107479 175.929158 -0.092653 -0.265911 0.873972 -0.396081
877.100000000 -96.491799 89.868391 176.225758 -0.110658 -0.179291 0.896615 -0.389475
877.500000000 -96.397601 89.807032 176.571063 -0.161821 0.094002 0.913105 -0.362238
877.700000000 -96.521594 89.906559 176.688035 -0.124898 -0.030478 0.915505 -0.381212
877.800000000 -96.475892 89.853548 176.776673 -0.124945 -0.035082 0.915151 -0.381650
877.900000000 -96.475873 89.843493 176.856686 -0.121270 -0.040983 0.915126 -0.382306
878.900000000 -96.510849 90.029526 177.519255 -0.131486 0.012250 0.917468 -0.375250
879.300000000 -96.693944 90.312034 177.738958 -0.144633 0.054916 0.916570 -0.368734
879.800000000 -96.871323 90.527835 178.266888 -0.142850 0.056030 0.917181 -0.367741
879.900000000 -96.899678 90.529523 178.494847 -0.138042 0.046579 0.917799 -0.369351
880.100000000 -96.913674 90.584562 178.626539 -0.135675 0.039609 0.918219 -0.369998
880.200000000 -96.928468 90.630747 178.640766 -0.137142 0.041492 0.918074 -0.369609
880.400000000 -96.826969 90.629887 178.599949 -0.135532 0.040867 0.918413 -0.369429
880.500000000 -96.893941 90.741311 178.610035 -0.135709 0.041521 0.918510 -0.369052
880.800000000 -96.752474 90.765621 178.481063 -0.130531 0.029025 0.919114 -0.370606
880.900000000 -96.747781 90.806780 178.476787 -0.132542 0.035899 0.919100 -0.369323
881.000000000 -96.694363 90.817874 178.415641 -0.131563 0.034249 0.919207 -0.369564
881.200000000 -96.617588 90.884686 178.209902 -0.135213 0.042977 0.918988 -0.367875
881.500000000 -96.515083 91.020480 177.864388 -0.139106 0.049670 0.918641 -0.366445
881.800000000 -96.558080 91.376282 177.373595 -0.174448 0.146367 0.909587 -0.347557
882.100000000 -96.501628 91.554996 176.830171 -0.216618 0.234082 0.889486 -0.327256
882.300000000 -96.236250 91.421874 176.626711 -0.215766 0.232110 0.890272 -0.327088
882.400000000 -96.216389 91.432861 176.621647 -0.216653 0.233628 0.889897 -0.326440
882.500000000 -96.175449 91.418627 176.635682 -0.216086 0.232992 0.890250 -0.326308
882.700000000 -96.234804 91.510097 176.683278 -0.211990 0.219896 0.893519 -0.329135
882.800000000 -96.119612 91.425908 176.670851 -0.216733 0.232284 0.890412 -0.325941
883.400000000 -96.010034 91.584854 176.348412 -0.212717 0.219194 0.894179 -0.327337
883.500000000 -96.016157 91.596093 176.393797 -0.214578 0.225040 0.892906 -0.325625
883.600000000 -96.100712 91.664108 176.482682 -0.213517 0.220894 0.893908 -0.326412
884.300000000 -96.249046 91.742346 177.030644 -0.254071 0.342582 0.856538 -0.290566
884.500000000 -96.084155 91.644975 176.884476 -0.253818 0.339414 0.857691 -0.291104
884.600000000 -96.023794 91.604099 176.841662 -0.254246 0.339209 0.857665 -0.291045
884.700000000 -96.024992 91.589885 176.897640 -0.252700 0.334295 0.859599 -0.292368
884.800000000 -95.989250 91.578770 176.840739 -0.255705 0.341631 0.856613 -0.290028
885.400000000 -95.807509 91.048727 178.208110 -0.335908 0.605035 0.697064 -0.187618
885.600000000 -96.024797 91.000529 178.865378 -0.349095 0.639597 0.662946 -0.171906
885.700000000 -95.967969 90.928427 178.896043 -0.349608 0.640092 0.662299 -0.171510
885.800000000 -95.978109 90.922614 178.925067 -0.349927 0.639558 0.662496 -0.172091
885.900000000 -95.999067 90.913572 179.013471 -0.349373 0.637462 0.664520 -0.173188
886.300000000 -96.131372 90.920245 179.202203 -0.363036 0.680019 0.618727 -0.151515
886.400000000 -96.243597 91.003546 179.247393 -0.362835 0.678112 0.620570 -0.152997
886.500000000 -96.317103 91.048254 179.294926 -0.362810 0.677310 0.621256 -0.153819
886.800000000 -96.609287 91.364402 179.163122 -0.362473 0.676643 0.622103 -0.154128
886.900000000 -96.679913 91.417521 179.164169 -0.362792 0.676706 0.621750 -0.154523
887.100000000 -96.805715 91.500474 179.223933 -0.362177 0.674830 0.623834 -0.155766
887.200000000 -96.921448 91.618830 179.162069 -0.362685 0.675242 0.622991 -0.156172
887.500000000 -97.199697 91.895634 179.078559 -0.362367 0.675778 0.622707 -0.155724
888.000000000 -97.590141 92.263507 178.928515 -0.365100 0.685943 0.611060 -0.150961
888.300000000 -97.877327 92.556051 178.776524 -0.363655 0.681692 0.615970 -0.153725
888.600000000 -98.131997 92.825505 178.591273 -0.364378 0.685007 0.612139 -0.152575
889.000000000 -98.951536 93.656479 178.428979 -0.361085 0.681253 0.617677 -0.154879
889.200000000 -99.097670 93.801206 178.362340 -0.360327 0.681128 0.618216 -0.155041
889.300000000 -99.179110 93.901856 178.286039 -0.360029 0.681825 0.617778 -0.154415
889.500000000 -99.407683 94.097296 178.301146 -0.359497 0.680657 0.619106 -0.155483
889.700000000 -99.559641 94.263270 178.202336 -0.359307 0.682463 0.617463 -0.154536
889.900000000 -99.744400 94.446884 178.162524 -0.358738 0.682973 0.617373 -0.153970
890.000000000 -99.838524 94.550899 178.126126 -0.358205 0.684438 0.616338 -0.152843
890.300000000 -100.098079 94.842708 177.975344 -0.357664 0.686049 0.615127 -0.151765
890.400000000 -100.231267 94.958363 178.011566 -0.356569 0.684184 0.617573 -0.152821
890.800000000 -100.615306 95.364013 177.893135 -0.355815 0.686675 0.615662 -0.151110
891.000000000 -100.804805 95.567324 177.860153 -0.354583 0.686296 0.616852 -0.150871
891.100000000 -100.832756 95.625686 177.776638 -0.354385 0.687839 0.615553 -0.149609
891.200000000 -100.918808 95.713774 177.745702 -0.354313 0.687755 0.615586 -0.150029
891.300000000 -101.006170 95.801296 177.755740 -0.353974 0.688966 0.614684 -0.148968
891.500000000 -101.201382 95.981811 177.826295 -0.352254 0.687544 0.617241 -0.149046
891.600000000 -101.277008 96.081462 177.758351 -0.352046 0.688282 0.616635 -0.148635
891.800000000 -101.391052 96.201523 177.743133 -0.351835 0.690017 0.615150 -0.147238
891.900000000 -101.346553 96.117938 177.792754 -0.352607 0.690756 0.613754 -0.147754
892.400000000 -101.665451 96.421365 177.839775 -0.351522 0.691216 0.614043 -0.146984
892.500000000 -101.681590 96.442786 177.822100 -0.351444 0.691857 0.613369 -0.146971
892.600000000 -101.700448 96.483693 177.762401 -0.351470 0.693049 0.612242 -0.145987
892.700000000 -101.699001 96.454188 177.803690 -0.351631 0.692084 0.612939 -0.147244
893.100000000 -101.565112 96.256009 177.848947 -0.353959 0.696957 0.606446 -0.145559
893.300000000 -101.499924 96.076753 178.106355 -0.355674 0.701790 0.600307 -0.143591
893.400000000 -101.641875 96.243971 178.116020 -0.354204 0.701566 0.601566 -0.143049
893.500000000 -101.691129 96.335903 178.012393 -0.354615 0.703840 0.599035 -0.141472
893.700000000 -101.846703 96.486807 178.082729 -0.354027 0.703771 0.599414 -0.141680
893.900000000 -102.010378 96.696853 178.030875 -0.352795 0.702994 0.601117 -0.141396
894.000000000 -102.183196 96.920329 177.983604 -0.351273 0.701287 0.603974 -0.141490
895.000000000 -102.246957 96.684937 178.775355 -0.375072 0.802739 0.456143 -0.082854
895.100000000 -102.353634 96.831510 178.660784 -0.374935 0.801131 0.458795 -0.084378
895.200000000 -102.422567 96.934515 178.596652 -0.374713 0.800409 0.460133 -0.084926
895.600000000 -102.611365 97.341914 178.203575 -0.373889 0.801633 0.459007 -0.083089
895.700000000 -102.658143 97.420002 178.188124 -0.373661 0.801492 0.459461 -0.082967
895.800000000 -102.722993 97.520080 178.144116 -0.373197 0.800725 0.461141 -0.083143
896.000000000 -102.857495 97.762636 177.986390 -0.372352 0.799306 0.464264 -0.083203
896.200000000 -102.952513 97.975954 177.788789 -0.371996 0.801412 0.461340 -0.080769
896.300000000 -102.995743 98.049392 177.740326 -0.371858 0.801668 0.461063 -0.080444
896.400000000 -103.051849 98.137624 177.721514 -0.371587 0.801101 0.462230 -0.080651
896.600000000 -103.181906 98.349400 177.594800 -0.371246 0.800538 0.463458 -0.080760
896.800000000 -103.273440 98.569531 177.370327 -0.370666 0.801645 0.462374 -0.078624
896.900000000 -103.316889 98.643238 177.339340 -0.370437 0.802073 0.461931 -0.077949
897.000000000 -103.350830 98.704993 177.280811 -0.370318 0.802310 0.461630 -0.077847
897.200000000 -103.498633 98.895228 177.199820 -0.370258 0.801611 0.462781 -0.078502
897.300000000 -103.570953 98.996125 177.078269 -0.370686 0.801495 0.462475 -0.079462
897.400000000 -103.637841 99.086409 176.991179 -0.370618 0.802131 0.461529 -0.078863
897.700000000 -103.828774 99.301986 176.748243 -0.371570 0.803195 0.458751 -0.079756
897.800000000 -103.918701 99.392883 176.692160 -0.371656 0.802511 0.459713 -0.080701
898.100000000 -104.189246 99.639801 176.397516 -0.373256 0.801958 0.458729 -0.084323
898.300000000 -104.346137 99.779170 176.188853 -0.374194 0.803131 0.455829 -0.084734
898.600000000 -104.580623 99.954354 175.859917 -0.375479 0.802382 0.455719 -0.086705
898.700000000 -104.688389 100.035276 175.767407 -0.376006 0.802306 0.455199 -0.087857
898.900000000 -104.871681 100.154954 175.529223 -0.377463 0.802668 0.452998 -0.089658
899.000000000 -104.923297 100.194971 175.416469 -0.377566 0.804286 0.450364 -0.087986
899.100000000 -105.021730 100.255062 175.310755 -0.377544 0.803300 0.451935 -0.089020
899.400000000 -105.279653 100.415407 174.979798 -0.378544 0.803851 0.450041 -0.089394
899.500000000 -105.388657 100.461304 174.861871 -0.379117 0.803484 0.449907 -0.090922
899.800000000 -105.644513 100.587862 174.553036 -0.379031 0.804696 0.448206 -0.088944
900.800000000 -106.605347 101.009048 173.559646 -0.378826 0.806586 0.446020 -0.083520
901.000000000 -106.808732 101.081297 173.350863 -0.378765 0.806180 0.446774 -0.083691
901.100000000 -106.911398 101.124122 173.256838 -0.378910 0.806398 0.446394 -0.082955
901.200000000 -106.997246 101.157271 173.156332 -0.378649 0.806711 0.446246 -0.081898
901.700000000 -107.493350 101.329823 172.701404 -0.378572 0.807180 0.445774 -0.080182
901.800000000 -107.594601 101.368443 172.592193 -0.378810 0.806815 0.446289 -0.079864
901.900000000 -107.683049 101.408228 172.503096 -0.377940 0.807210 0.446531 -0.078631
902.300000000 -108.068549 101.582578 172.119847 -0.377189 0.807750 0.446787 -0.075165
902.400000000 -108.166447 101.630117 172.029355 -0.377018 0.807243 0.447842 -0.075185
902.500000000 -108.270564 101.679959 171.932550 -0.377338 0.807163 0.447793 -0.074743
902.600000000 -108.349775 101.716484 171.865945 -0.376745 0.807422 0.448046 -0.073398
903.500000000 -109.026851 102.208210 171.117580 -0.369788 0.809705 0.451930 -0.058261
903.600000000 -109.080618 102.257372 171.054253 -0.369627 0.809361 0.452634 -0.058596
903.700000000 -109.133809 102.302586 171.013180 -0.369991 0.809063 0.452759 -0.059433
903.800000000 -109.195262 102.392221 170.901226 -0.370007 0.809134 0.452685 -0.058935
903.900000000 -109.251478 102.451841 170.848442 -0.370328 0.809028 0.452546 -0.059428
904.200000000 -109.376942 102.651973 170.645836 -0.370228 0.809604 0.451712 -0.058545
905.100000000 -109.619474 103.338931 170.123781 -0.368093 0.810235 0.452555 -0.056755
905.500000000 -109.640035 103.636236 169.972119 -0.368854 0.810892 0.450652 -0.057560
905.800000000 -109.599185 103.894463 169.845181 -0.364134 0.811745 0.453651 -0.051740
906.000000000 -109.602049 104.059649 169.784995 -0.365384 0.811534 0.452761 -0.053979
906.200000000 -109.567605 104.225659 169.715389 -0.364465 0.811887 0.452993 -0.052933
906.300000000 -109.560853 104.308487 169.686037 -0.365253 0.811972 0.452094 -0.053879
906.400000000 -109.543091 104.382825 169.667812 -0.365544 0.811909 0.451882 -0.054622
906.600000000 -109.518682 104.560881 169.594712 -0.369475 0.810819 0.449966 -0.059927
906.700000000 -109.485616 104.622482 169.598352 -0.371545 0.810201 0.449026 -0.062480
906.800000000 -109.488893 104.719567 169.544279 -0.373634 0.809952 0.447172 -0.066424
906.900000000 -109.472566 104.812137 169.504922 -0.374175 0.809844 0.446857 -0.066814
907.100000000 -109.457096 104.998457 169.419070 -0.372862 0.809943 0.447960 -0.065562
907.300000000 -109.441305 105.160990 169.355888 -0.372401 0.810431 0.447644 -0.064298
907.700000000 -109.446014 105.507984 169.194218 -0.371313 0.810465 0.448503 -0.064171
907.800000000 -109.445848 105.593762 169.151912 -0.370836 0.810720 0.448581 -0.063166
907.900000000 -109.444548 105.671100 169.124399 -0.370661 0.810977 0.448371 -0.062373
908.000000000 -109.467066 105.759954 169.077550 -0.370984 0.810924 0.448109 -0.063012
908.300000000 -109.503997 105.990994 168.962300 -0.371291 0.811416 0.446854 -0.063787
908.400000000 -109.510565 106.074224 168.921896 -0.370663 0.811629 0.447177 -0.062454
908.500000000 -109.528219 106.158662 168.879660 -0.370422 0.811551 0.447565 -0.062108
908.600000000 -109.549411 106.237362 168.830275 -0.370161 0.811793 0.447379 -0.061848
908.900000000 -109.640719 106.493735 168.681085 -0.370034 0.810559 0.449515 -0.063277
909.100000000 -109.724484 106.673850 168.558141 -0.369851 0.810081 0.450490 -0.063546
909.400000000 -109.815271 106.875643 168.447159 -0.369560 0.810503 0.450108 -0.062559
909.500000000 -109.867194 106.987417 168.347213 -0.369518 0.809855 0.451231 -0.063100
909.600000000 -109.923411 107.077705 168.274292 -0.369724 0.809184 0.452090 -0.064344
909.900000000 -110.041936 107.271824 168.159841 -0.369283 0.809799 0.451475 -0.063445
910.300000000 -110.241331 107.527236 167.976010 -0.369533 0.809862 0.451037 -0.064296
910.500000000 -110.371377 107.710506 167.797342 -0.369555 0.809250 0.452027 -0.064924
910.600000000 -110.406953 107.753746 167.768317 -0.369469 0.809931 0.450999 -0.064061
910.800000000 -110.488346 107.841970 167.720075 -0.368937 0.810636 0.450301 -0.063117
911.200000000 -110.733372 108.137468 167.433009 -0.369194 0.810087 0.450864 -0.064632
911.300000000 -110.803008 108.226500 167.347419 -0.369020 0.809595 0.451846 -0.064922
911.400000000 -110.867242 108.303647 167.277304 -0.369216 0.809179 0.452329 -0.065631
911.500000000 -110.941977 108.398594 167.170836 -0.369473 0.807926 0.454136 -0.067119
911.800000000 -111.135474 108.670331 166.893172 -0.369190 0.806339 0.457054 -0.067959
912.100000000 -111.313158 108.867549 166.734707 -0.370026 0.806917 0.455169 -0.069189
912.300000000 -111.425249 109.049827 166.576373 -0.369248 0.805254 0.458686 -0.069492
912.600000000 -111.570292 109.264348 166.429702 -0.369768 0.805047 0.458452 -0.070665
913.000000000 -111.742641 109.587314 166.190828 -0.369986 0.807719 0.453856 -0.068676
913.300000000 -111.887046 109.876534 165.985455 -0.369941 0.805713 0.457229 -0.070078
913.400000000 -111.904020 109.932437 165.986525 -0.370004 0.806389 0.456040 -0.069732
913.500000000 -111.958769 110.083210 165.847772 -0.369582 0.805301 0.458262 -0.069973
913.800000000 -112.025403 110.303948 165.773399 -0.369608 0.808390 0.453173 -0.067303
914.100000000 -112.143432 110.645958 165.552492 -0.369996 0.806717 0.455571 -0.069035
914.300000000 -112.194916 110.819312 165.499283 -0.370197 0.808522 0.452363 -0.067920
914.600000000 -112.275086 111.163105 165.367466 -0.369769 0.808546 0.452814 -0.066964
914.800000000 -112.345233 111.425322 165.229981 -0.369920 0.809562 0.450991 -0.066149
915.200000000 -112.433502 111.874480 165.023181 -0.370049 0.809285 0.451285 -0.066810
915.500000000 -112.482576 112.172969 164.952735 -0.370325 0.809744 0.450170 -0.067234
915.600000000 -112.511858 112.336764 164.811836 -0.370642 0.809780 0.449906 -0.066829
915.800000000 -112.560825 112.619038 164.618908 -0.370631 0.808976 0.451235 -0.067662
916.400000000 -112.597035 113.203918 164.438587 -0.370598 0.810913 0.448082 -0.065567
916.500000000 -112.617889 113.338197 164.357470 -0.370811 0.810567 0.448482 -0.065909
916.600000000 -112.668518 113.503262 164.249817 -0.371111 0.809624 0.449768 -0.067040
916.700000000 -112.672025 113.574716 164.224986 -0.371277 0.810145 0.448777 -0.066465
916.800000000 -112.686876 113.711291 164.121457 -0.371392 0.810584 0.447869 -0.066590
917.100000000 -112.712531 114.029354 163.921176 -0.371375 0.811321 0.446766 -0.065102
917.300000000 -112.776721 114.264250 163.777122 -0.372207 0.810914 0.446586 -0.066651
917.400000000 -112.774336 114.372674 163.705770 -0.371834 0.811310 0.446364 -0.065385
917.500000000 -112.786006 114.480222 163.634448 -0.371687 0.811763 0.445760 -0.064713
917.700000000 -112.842040 114.696094 163.466123 -0.372463 0.811713 0.445014 -0.066010
917.800000000 -112.873196 114.822234 163.356229 -0.372796 0.811289 0.445433 -0.066507
917.900000000 -112.897573 114.924843 163.320520 -0.372931 0.811355 0.445246 -0.066189
918.300000000 -112.975008 115.330707 162.995958 -0.373497 0.813076 0.441823 -0.064799
918.500000000 -113.033653 115.541031 162.856906 -0.373918 0.811990 0.443255 -0.066207
918.700000000 -113.099996 115.773319 162.687795 -0.374465 0.811807 0.443021 -0.066921
918.800000000 -113.109271 115.866831 162.615842 -0.374374 0.812105 0.442664 -0.066175
919.400000000 -113.259899 116.521146 162.145776 -0.375820 0.812595 0.440534 -0.066172
919.500000000 -113.292152 116.637221 162.050666 -0.376727 0.812396 0.439981 -0.067137
919.600000000 -113.310389 116.746361 161.981159 -0.376631 0.812326 0.440242 -0.066799
919.900000000 -113.385025 117.085634 161.735901 -0.377039 0.812394 0.439749 -0.066923
920.100000000 -113.438281 117.309992 161.551315 -0.377845 0.812904 0.438120 -0.066868
920.500000000 -113.527242 117.779878 161.240812 -0.377773 0.812398 0.439270 -0.065872
920.600000000 -113.544023 117.890527 161.146368 -0.378297 0.812861 0.437990 -0.065676
920.700000000 -113.587840 118.011869 161.058982 -0.378201 0.812598 0.438517 -0.065961
920.900000000 -113.627249 118.230888 160.907784 -0.377882 0.812664 0.438804 -0.065060
921.200000000 -113.711867 118.567542 160.643129 -0.377872 0.812400 0.439373 -0.064573
921.400000000 -113.747067 118.782374 160.486872 -0.376798 0.813239 0.439073 -0.062299
921.500000000 -113.770801 118.885720 160.415679 -0.377008 0.813201 0.438972 -0.062232
921.800000000 -113.858003 119.208509 160.152078 -0.376662 0.813248 0.439322 -0.061236
921.900000000 -113.895208 119.317748 160.085325 -0.376659 0.812850 0.440066 -0.061196
922.200000000 -113.983742 119.622610 159.867403 -0.376064 0.812952 0.440501 -0.060367
922.300000000 -114.006154 119.712511 159.801831 -0.375930 0.813160 0.440343 -0.059551
922.400000000 -114.032070 119.809061 159.707475 -0.376077 0.813410 0.439784 -0.059337
922.500000000 -114.071868 119.905271 159.646598 -0.375887 0.813229 0.440294 -0.059234
922.900000000 -114.244064 120.333717 159.266271 -0.376610 0.813619 0.438991 -0.058956
923.000000000 -114.277613 120.415533 159.200502 -0.376487 0.813479 0.439393 -0.058674
923.100000000 -114.316238 120.514255 159.089774 -0.376718 0.813790 0.438634 -0.058568
923.500000000 -114.492781 120.898280 158.765088 -0.376029 0.814118 0.438792 -0.057224
923.600000000 -114.531315 120.972754 158.719474 -0.376144 0.814294 0.438415 -0.056854
923.700000000 -114.574621 121.056356 158.637481 -0.376496 0.814544 0.437659 -0.056767
923.800000000 -114.629931 121.152234 158.554668 -0.376592 0.814323 0.437939 -0.057148
924.000000000 -114.725893 121.320532 158.408775 -0.376353 0.814458 0.437939 -0.056792
924.400000000 -114.936635 121.650015 158.113470 -0.377329 0.815248 0.435626 -0.056771
924.500000000 -114.985668 121.722673 158.049268 -0.377271 0.815174 0.435816 -0.056775
924.600000000 -115.033680 121.787348 157.992800 -0.377281 0.815078 0.436007 -0.056618
925.200000000 -115.329762 122.043113 157.975087 -0.378576 0.814225 0.436164 -0.058972
925.300000000 -115.378916 122.082411 157.970595 -0.378639 0.813898 0.436703 -0.059094
925.500000000 -115.494354 122.253163 157.766408 -0.378429 0.814718 0.435521 -0.057851
925.800000000 -115.664867 122.438221 157.581856 -0.378939 0.815361 0.433892 -0.057696
925.900000000 -115.716966 122.465663 157.619188 -0.378873 0.815190 0.434251 -0.057847
926.000000000 -115.787318 122.551663 157.503109 -0.379419 0.814969 0.434019 -0.059115
926.200000000 -115.905234 122.667400 157.379565 -0.379765 0.815473 0.432769 -0.059105
926.300000000 -115.960658 122.693815 157.393665 -0.379897 0.815317 0.432939 -0.059166
926.500000000 -116.102256 122.858334 157.176679 -0.380649 0.815911 0.431109 -0.059502
926.700000000 -116.220402 122.944271 157.117817 -0.380943 0.815869 0.430838 -0.060160
926.800000000 -116.266628 122.908977 157.279927 -0.381169 0.815216 0.431740 -0.061103
927.100000000 -116.436994 123.041516 157.201199 -0.380945 0.815352 0.431685 -0.061077
927.200000000 -116.539220 123.233261 156.826008 -0.381154 0.816067 0.430218 -0.060570
927.300000000 -116.606009 123.263019 156.819615 -0.381996 0.815959 0.429553 -0.061435
927.500000000 -116.754171 123.409422 156.648453 -0.382047 0.815888 0.429567 -0.061958
927.800000000 -116.945711 123.522342 156.603443 -0.382359 0.815910 0.429112 -0.062886
928.100000000 -117.172851 123.759673 156.243664 -0.383393 0.816245 0.427466 -0.063455
928.200000000 -117.237230 123.803040 156.192655 -0.383755 0.816128 0.427281 -0.064017
928.400000000 -117.392866 123.962959 156.009119 -0.383294 0.815924 0.428140 -0.063641
928.600000000 -117.530876 124.065907 155.884571 -0.384092 0.816196 0.426788 -0.064407
928.700000000 -117.597624 124.124513 155.782597 -0.384454 0.816258 0.426215 -0.065254
929.200000000 -117.981757 124.499086 155.261112 -0.385633 0.816655 0.424167 -0.066661
929.500000000 -118.230777 124.803469 154.826797 -0.386003 0.817926 0.421527 -0.065685
929.600000000 -118.292526 124.836979 154.791150 -0.386501 0.817623 0.421534 -0.066476
929.900000000 -118.487867 125.008779 154.594091 -0.386894 0.816825 0.422468 -0.068047
930.000000000 -118.567701 125.080793 154.516893 -0.387086 0.816868 0.422185 -0.068193
930.100000000 -118.638831 125.164140 154.391609 -0.387535 0.816970 0.421521 -0.068533
930.600000000 -119.029301 125.546199 153.906933 -0.388570 0.817600 0.419266 -0.068994
930.700000000 -119.123129 125.661349 153.717806 -0.389061 0.818217 0.417609 -0.068957
930.800000000 -119.200826 125.747656 153.582158 -0.389372 0.818567 0.416682 -0.068657
930.900000000 -119.278721 125.824320 153.471998 -0.389395 0.818655 0.416507 -0.068534
931.000000000 -119.354822 125.919464 153.321950 -0.389183 0.819031 0.416087 -0.067800
931.100000000 -119.443928 125.974834 153.278038 -0.389727 0.819023 0.415495 -0.068391
931.600000000 -119.811911 126.334456 152.733701 -0.389818 0.819350 0.414844 -0.067907
931.900000000 -120.037449 126.570575 152.381532 -0.390184 0.820221 0.412889 -0.067205
932.000000000 -120.099472 126.630806 152.284801 -0.390319 0.820450 0.412340 -0.067000
932.700000000 -118.583634 125.255264 151.470016 -0.389428 0.850104 0.352851 -0.034136
932.900000000 -118.676386 125.429782 151.224398 -0.389458 0.849139 0.355065 -0.034837
933.100000000 -118.757134 125.588321 151.002062 -0.389434 0.851916 0.348694 -0.031504
933.200000000 -118.793217 125.652813 150.947160 -0.389250 0.851465 0.350009 -0.031393
933.300000000 -118.838756 125.758644 150.789402 -0.389574 0.850923 0.350870 -0.032444
933.800000000 -118.902672 126.488379 149.244688 -0.388481 0.859152 0.332410 -0.021087
933.900000000 -118.977279 126.648569 149.073993 -0.389115 0.856926 0.337184 -0.023972
934.100000000 -119.019546 126.851129 148.817932 -0.389193 0.856751 0.337518 -0.024256
934.200000000 -119.047422 126.945181 148.742448 -0.389292 0.856398 0.338286 -0.024439
934.300000000 -119.062177 127.034463 148.627043 -0.389415 0.856849 0.337017 -0.024188
934.400000000 -119.074485 127.114673 148.595266 -0.389106 0.856866 0.337428 -0.022777
934.500000000 -119.098403 127.252366 148.404101 -0.389321 0.857530 0.335532 -0.022111
934.800000000 -119.154023 127.520102 148.235015 -0.389041 0.857644 0.335612 -0.021428
934.900000000 -119.170809 127.605171 148.190250 -0.389123 0.857578 0.335692 -0.021317
935.300000000 -119.197660 128.006401 147.791146 -0.389213 0.858527 0.333234 -0.019990
935.400000000 -119.189007 128.132528 147.579316 -0.389129 0.858422 0.333638 -0.019397
935.700000000 -119.213835 128.458750 147.294864 -0.389159 0.859128 0.331884 -0.017538
935.800000000 -119.223430 128.528580 147.290713 -0.389199 0.858966 0.332229 -0.018021
936.100000000 -119.232178 128.860825 146.951981 -0.389271 0.859253 0.331452 -0.017116
936.200000000 -119.229792 128.986021 146.771585 -0.389573 0.859550 0.330314 -0.017287
936.300000000 -119.244017 129.079054 146.725830 -0.389631 0.859864 0.329423 -0.017388
936.700000000 -119.241550 129.498576 146.291212 -0.389976 0.860159 0.328286 -0.016542
936.800000000 -119.232250 129.579089 146.248626 -0.389747 0.860360 0.328068 -0.015752
936.900000000 -119.242677 129.684740 146.179181 -0.389754 0.860765 0.327047 -0.014722
937.000000000 -119.238263 129.771160 146.128693 -0.389742 0.861113 0.326164 -0.014241
937.200000000 -119.233543 129.985960 145.857376 -0.390139 0.861162 0.325534 -0.014771
937.300000000 -119.250593 130.096743 145.760467 -0.390402 0.860907 0.325857 -0.015560
937.400000000 -119.247948 130.188236 145.680162 -0.390365 0.861241 0.325071 -0.014422
937.800000000 -119.248610 130.561776 145.321320 -0.390736 0.861460 0.324040 -0.014464
938.000000000 -119.260485 130.774261 145.051807 -0.391184 0.861791 0.322612 -0.014592
938.100000000 -119.275240 130.870700 144.941671 -0.391523 0.861844 0.322015 -0.015509
938.400000000 -119.309766 131.157884 144.628550 -0.392011 0.862100 0.320705 -0.016110
938.500000000 -119.339365 131.278798 144.451174 -0.392459 0.862125 0.320035 -0.017108
938.600000000 -119.340750 131.339351 144.472965 -0.392294 0.862069 0.320423 -0.016454
938.700000000 -119.358715 131.490326 144.214513 -0.392177 0.862885 0.318413 -0.015475
938.800000000 -119.371477 131.552832 144.121090 -0.392927 0.863019 0.317041 -0.017074
938.900000000 -119.375934 131.626859 144.049751 -0.392843 0.862885 0.317496 -0.017331
939.100000000 -119.414668 131.794025 143.890308 -0.393090 0.862666 0.317748 -0.017979
939.300000000 -119.446118 131.974840 143.618689 -0.393378 0.863484 0.315182 -0.017579
939.400000000 -119.475777 132.054794 143.516548 -0.393664 0.863416 0.314991 -0.017949
939.600000000 -119.494076 132.209691 143.283763 -0.393801 0.863506 0.314500 -0.019182
939.700000000 -119.518877 132.328798 143.106021 -0.393729 0.863695 0.314088 -0.018890
939.800000000 -119.548800 132.391161 142.995213 -0.394393 0.863912 0.312617 -0.019533
939.900000000 -119.566186 132.461658 142.896384 -0.394553 0.864333 0.311259 -0.019323
940.300000000 -119.552789 132.580430 142.819954 -0.394331 0.865740 0.307778 -0.016403
940.500000000 -119.626078 132.763346 142.612570 -0.394200 0.865174 0.309532 -0.016429
940.700000000 -119.718770 132.934990 142.361098 -0.394786 0.864634 0.310160 -0.018768
940.900000000 -119.768347 133.040444 142.116231 -0.395643 0.865301 0.307153 -0.019431
941.000000000 -119.811600 133.131547 141.988087 -0.395517 0.865648 0.306345 -0.019298
941.100000000 -119.821671 133.186962 141.845370 -0.395586 0.865885 0.305622 -0.018693
941.200000000 -119.863883 133.248550 141.706514 -0.396107 0.866621 0.302863 -0.018459
941.300000000 -119.900640 133.337980 141.571842 -0.395976 0.866586 0.303156 -0.018105
941.400000000 -119.932028 133.395670 141.471522 -0.396024 0.866661 0.302891 -0.017919
942.000000000 -119.396533 132.949728 140.598181 -0.398883 0.872012 0.283262 -0.015805
942.200000000 -119.435143 133.075234 140.232827 -0.398756 0.873531 0.278851 -0.013399
942.400000000 -119.516829 133.163016 140.063870 -0.398813 0.875214 0.273510 -0.011875
942.500000000 -119.531304 133.205612 139.924059 -0.398848 0.874310 0.276291 -0.012829
942.600000000 -119.562691 133.283645 139.725358 -0.398806 0.874191 0.276748 -0.012418
943.000000000 -118.460972 131.637195 139.121248 -0.386285 0.920471 -0.034947 0.047910
943.500000000 -117.776737 130.777926 139.027008 -0.360024 0.907628 -0.182240 0.115686
944.200000000 -117.039483 130.228563 138.875153 -0.313026 0.874348 -0.358099 -0.096414
944.300000000 -117.094247 130.250621 138.834991 -0.313283 0.874673 -0.357286 -0.095639
944.500000000 -117.095544 129.971594 138.575070 -0.311731 0.875079 -0.357763 -0.095213
944.600000000 -117.099805 129.864154 138.482385 -0.311441 0.874744 -0.359083 -0.094269
944.800000000 -117.120622 129.650922 138.317397 -0.310279 0.873768 -0.362478 -0.094159
944.900000000 -117.104296 129.479740 138.175973 -0.309955 0.873719 -0.363235 -0.092751
945.100000000 -117.159215 129.273972 137.990549 -0.308602 0.874231 -0.362797 -0.094146
945.400000000 -116.945395 128.698088 138.154429 -0.303792 0.863444 -0.390514 -0.098353
945.500000000 -117.026664 128.711034 137.999891 -0.304259 0.866384 -0.384210 -0.095852
945.800000000 -117.888775 128.389832 136.458136 -0.285742 0.836786 -0.455526 -0.103139
945.900000000 -117.887542 128.406531 136.467427 -0.287395 0.837267 -0.454449 -0.099317
946.000000000 -117.845984 128.213449 136.392271 -0.286993 0.832957 -0.463221 -0.096150
946.100000000 -117.881740 128.128166 136.271256 -0.286642 0.834625 -0.460594 -0.095350
946.400000000 -117.908614 127.708756 136.126258 -0.284016 0.833112 -0.464990 -0.095096
946.500000000 -117.937364 127.623881 136.059440 -0.283717 0.833938 -0.463908 -0.094034
946.700000000 -117.943448 127.402743 136.005107 -0.283317 0.834937 -0.462599 -0.092813
946.800000000 -117.962842 127.182723 135.938531 -0.279576 0.832681 -0.468532 -0.094642
947.000000000 -117.989318 126.939009 135.832386 -0.279297 0.834590 -0.465548 -0.093369
947.200000000 -118.046756 126.594546 135.703467 -0.276190 0.832963 -0.469920 -0.095220
947.500000000 -118.101465 126.111869 135.544370 -0.273420 0.832057 -0.472937 -0.096192
947.900000000 -118.174707 125.465242 135.325283 -0.268532 0.832001 -0.475523 -0.097688
948.000000000 -118.185879 125.342820 135.274216 -0.269706 0.832266 -0.474865 -0.095369
948.100000000 -118.205172 125.204625 135.219457 -0.269820 0.831727 -0.475909 -0.094541
948.300000000 -118.246003 124.833090 135.133184 -0.264100 0.830742 -0.479946 -0.098846
948.400000000 -118.293507 124.683010 135.048370 -0.263713 0.831243 -0.479242 -0.099085
948.600000000 -118.326952 124.369635 134.943120 -0.258529 0.830965 -0.482120 -0.101098
948.700000000 -118.355732 124.237829 134.908268 -0.260126 0.829836 -0.483711 -0.098636
948.900000000 -118.417756 123.923016 134.848011 -0.254207 0.827921 -0.489290 -0.102567
949.000000000 -118.436083 123.787327 134.790361 -0.253634 0.828329 -0.488791 -0.103073
949.200000000 -118.495420 123.496607 134.696675 -0.249410 0.826878 -0.493175 -0.104142
949.400000000 -118.537021 123.157679 134.598563 -0.244686 0.826922 -0.494816 -0.107173
949.500000000 -118.590492 123.026157 134.555207 -0.243082 0.826376 -0.496401 -0.107702
949.600000000 -118.648262 122.928150 134.500374 -0.242483 0.825187 -0.498731 -0.107407
949.700000000 -118.641761 122.753287 134.465643 -0.239149 0.825126 -0.499853 -0.110103
950.000000000 -118.708875 122.404409 134.329827 -0.239674 0.825415 -0.499947 -0.106298
950.100000000 -118.747663 122.279378 134.287196 -0.237801 0.824415 -0.502178 -0.107741
950.600000000 -119.791103 124.434296 134.643264 -0.255046 0.834136 -0.481988 -0.082808
950.900000000 -119.828348 124.000195 134.471206 -0.252283 0.833333 -0.484519 -0.084563
951.100000000 -119.859600 123.776318 134.364746 -0.251488 0.833121 -0.485391 -0.084016
951.200000000 -119.849361 123.623927 134.298801 -0.251755 0.832729 -0.486177 -0.082547
951.600000000 -119.878713 123.209666 134.075036 -0.252108 0.832427 -0.487130 -0.078809
952.100000000 -119.873427 122.730386 133.778601 -0.252820 0.831229 -0.489513 -0.074285
952.300000000 -119.811161 122.559278 133.652705 -0.255936 0.832208 -0.487173 -0.067738
952.400000000 -119.732211 122.529699 133.600328 -0.260371 0.834580 -0.481910 -0.058700
952.500000000 -119.641450 122.498231 133.539443 -0.265965 0.835569 -0.478559 -0.045473
952.600000000 -119.614584 122.444204 133.488423 -0.267434 0.834506 -0.479921 -0.041899
952.700000000 -119.645286 122.513870 133.463983 -0.268271 0.836582 -0.475949 -0.040416
952.800000000 -120.872737 124.462529 133.294366 -0.258171 0.758926 -0.597665 -0.013262
952.900000000 -120.895374 124.731544 133.916193 -0.259019 0.844442 -0.462029 -0.079720
953.000000000 -120.762223 124.215125 133.204112 -0.259066 0.759546 -0.596528 -0.011333
953.100000000 -121.124710 125.086364 133.448658 -0.266713 0.807420 -0.525017 -0.035978
953.200000000 -121.167047 125.143651 133.431232 -0.273076 0.805993 -0.523963 -0.035589
953.400000000 -121.155592 125.122954 133.348352 -0.284080 0.803159 -0.522651 -0.032702
953.600000000 -121.236450 125.142359 133.212766 -0.284847 0.807140 -0.516173 -0.030862
953.800000000 -121.152567 125.015157 133.142470 -0.284561 0.811292 -0.509411 -0.036484
954.000000000 -120.983518 124.669462 132.901511 -0.286661 0.803890 -0.520451 -0.026770
954.200000000 -120.990847 124.601168 132.739994 -0.286134 0.808562 -0.513304 -0.029559
954.300000000 -120.960172 124.571403 132.659431 -0.286645 0.804139 -0.520234 -0.023496
954.400000000 -120.863662 124.350380 132.538114 -0.285895 0.807055 -0.516064 -0.024590
954.700000000 -120.830283 124.127747 132.255180 -0.283491 0.808583 -0.514778 -0.028800
954.800000000 -120.832316 123.949731 132.168981 -0.277914 0.808017 -0.518081 -0.038276
955.200000000 -121.162445 123.056385 131.488221 -0.228782 0.772200 -0.551111 -0.218271
955.300000000 -119.926985 124.357331 131.626469 -0.214324 0.832392 -0.509923 -0.034153
955.600000000 -118.614909 124.586772 132.190763 -0.256385 0.813941 -0.515465 -0.077860
955.700000000 -118.732906 124.501186 132.116338 -0.248204 0.812735 -0.518899 -0.092736
956.100000000 -120.593038 123.144069 131.970937 -0.111088 0.719025 -0.564827 -0.389401
956.200000000 -120.192044 122.960863 132.135889 -0.144310 0.789337 -0.536822 -0.260659
956.400000000 -119.499900 123.343136 131.429504 -0.172698 0.768414 -0.582263 -0.201704
956.500000000 -119.535368 123.312090 131.335553 -0.169675 0.768342 -0.582255 -0.204549
956.800000000 -119.332286 124.514148 132.025215 -0.168778 0.693748 -0.670521 -0.201567
957.000000000 -119.367419 124.464498 131.854670 -0.167298 0.693322 -0.670831 -0.203230
957.400000000 -119.391840 124.422743 131.489012 -0.167341 0.693512 -0.670852 -0.202476
957.500000000 -119.463965 124.235626 131.428370 -0.163771 0.692865 -0.671126 -0.206656
957.700000000 -119.387389 124.254391 131.267022 -0.168997 0.692768 -0.671568 -0.201268
958.000000000 -119.465737 124.215543 131.022121 -0.164940 0.691503 -0.672810 -0.204804
958.100000000 -119.504547 124.188166 130.914169 -0.164153 0.691836 -0.672366 -0.205768
959.000000000 -119.520790 124.971907 130.401673 -0.207581 0.716242 -0.660431 -0.087965
959.100000000 -119.652536 125.280853 130.379058 -0.274055 0.733280 -0.619376 -0.059733
959.200000000 -119.527640 125.012200 130.254321 -0.209613 0.716344 -0.659976 -0.085710
959.300000000 -119.711026 125.354206 130.230071 -0.272988 0.733358 -0.619721 -0.060076
959.500000000 -119.587692 125.154108 130.022343 -0.210611 0.717117 -0.659033 -0.084033
960.000000000 -119.854907 125.567143 129.740744 -0.271354 0.734501 -0.619259 -0.058255
960.200000000 -119.724739 125.281936 129.560308 -0.202855 0.717827 -0.660395 -0.086330
960.500000000 -119.991158 125.781493 129.441621 -0.271399 0.734978 -0.618785 -0.057045
960.900000000 -119.825011 125.327106 129.267850 -0.195856 0.716963 -0.662972 -0.089845
962.000000000 -119.494205 123.589486 129.493546 -0.246675 0.719172 -0.645711 -0.070714
962.300000000 -119.386364 122.654875 129.611389 -0.141611 0.767557 -0.586098 -0.217466
962.400000000 -119.279381 121.373237 129.614372 -0.182380 0.692760 -0.676245 -0.171798
962.700000000 -118.434326 120.548549 129.319594 -0.056326 -0.649428 0.699301 0.293340
963.100000000 -118.343701 120.827630 129.217533 -0.056654 -0.650907 0.697972 0.293167
963.500000000 -118.271755 121.064815 129.179400 -0.057177 -0.650591 0.697986 0.293730
963.600000000 -118.250327 121.130343 129.175148 -0.057481 -0.650604 0.697859 0.293946
963.700000000 -118.213025 121.240272 129.146925 -0.057619 -0.650418 0.697990 0.294017
963.900000000 -118.183719 121.318447 129.171018 -0.057527 -0.651038 0.697514 0.293795
964.000000000 -118.148708 121.414503 129.157580 -0.057734 -0.651780 0.696812 0.293774
964.100000000 -118.131777 121.456967 129.168690 -0.057338 -0.651884 0.696849 0.293532
964.200000000 -118.113555 121.519908 129.169724 -0.057420 -0.651281 0.697305 0.293771
964.300000000 -118.076852 121.621859 129.158400 -0.057509 -0.651287 0.697262 0.293842
965.000000000 -118.036273 121.906820 129.067115 -0.030725 -0.598682 0.744918 0.292801
965.200000000 -117.798171 122.404673 129.151511 -0.058819 -0.651816 0.696137 0.295075
965.500000000 -117.683209 122.691507 129.168180 -0.058657 -0.651500 0.696415 0.295149
965.600000000 -117.888088 122.303771 129.172548 -0.031018 -0.596208 0.746399 0.294043
965.800000000 -117.591173 122.902367 129.242018 -0.058887 -0.651462 0.696259 0.295556
965.900000000 -117.789322 122.575702 129.167364 -0.029651 -0.594325 0.747933 0.294100
966.200000000 -117.457837 123.233364 129.288780 -0.058222 -0.650710 0.696819 0.296024
966.600000000 -117.303162 123.583440 129.364186 -0.058072 -0.650478 0.696889 0.296398
967.000000000 -117.444221 123.327832 129.470447 -0.030195 -0.592668 0.748392 0.296214
967.100000000 -117.052777 124.122648 129.443295 -0.059865 -0.652860 0.694020 0.297532
967.200000000 -117.335574 123.533849 129.498390 -0.031589 -0.598811 0.743557 0.295889
967.300000000 -116.992200 124.261418 129.520921 -0.060774 -0.651762 0.694351 0.298982
967.500000000 -116.917022 124.410202 129.604995 -0.061671 -0.651712 0.693825 0.300125
967.600000000 -116.874438 124.514180 129.621953 -0.062660 -0.652360 0.692847 0.300771
967.900000000 -117.054496 124.185141 129.585923 -0.032876 -0.594288 0.745997 0.298712
968.000000000 -116.695652 124.852473 129.742687 -0.062968 -0.651989 0.692526 0.302246
969.000000000 -116.040058 125.821335 130.536106 0.085845 0.684484 -0.653904 -0.310681
969.100000000 -116.051108 126.197538 129.934241 -0.071114 -0.655720 0.684988 0.309460
969.200000000 -116.015838 126.294800 129.919853 -0.071396 -0.654910 0.685411 0.310172
969.300000000 -115.966919 126.395769 129.918588 -0.071752 -0.654798 0.685262 0.310655
969.400000000 -115.895315 126.512416 129.965067 -0.071815 -0.653470 0.686302 0.311142
969.700000000 -116.305542 125.621282 129.931309 -0.032410 -0.581324 0.753752 0.304746
969.900000000 -116.044401 125.405106 131.044934 -0.062740 -0.643405 0.697277 0.309674
970.400000000 -115.744804 125.932613 131.093734 -0.063779 -0.646828 0.693688 0.310392
970.600000000 -115.632652 126.133562 131.113706 -0.065134 -0.648620 0.691656 0.310905
970.700000000 -115.583362 126.226973 131.113349 -0.066216 -0.649012 0.690946 0.311435
970.900000000 -115.717322 126.705672 129.958005 -0.031511 -0.578001 0.755698 0.306337
971.300000000 -115.230267 126.826021 131.143504 -0.067409 -0.647915 0.691010 0.313316
971.400000000 -115.178123 126.917945 131.149079 -0.068434 -0.646872 0.691489 0.314193
971.700000000 -115.303861 127.428350 129.845429 -0.030228 -0.570749 0.760850 0.307310
971.800000000 -114.883925 127.324522 131.156970 -0.067664 -0.645624 0.692656 0.314355
972.500000000 -114.440783 127.578308 131.193379 0.093150 0.708371 -0.626514 -0.311469
972.800000000 -114.125256 127.866642 131.224374 0.093342 0.706839 -0.628021 -0.311858
973.000000000 -113.947070 128.019519 131.139648 0.092394 0.707229 -0.628214 -0.310868
973.100000000 -113.803788 128.135806 131.207879 0.092979 0.706675 -0.628417 -0.311541
973.400000000 -113.527852 128.377819 131.065534 0.094487 0.708491 -0.626304 -0.311218
973.500000000 -113.415147 128.452172 131.056324 0.094591 0.707730 -0.627040 -0.311435
973.600000000 -113.286061 128.533022 131.064589 0.094147 0.707040 -0.628075 -0.311050
973.900000000 -112.950667 128.769067 131.002971 0.095439 0.707471 -0.627300 -0.311241
974.000000000 -112.863413 128.773282 130.997716 0.094674 0.708368 -0.626833 -0.310374
974.100000000 -112.722820 128.871060 130.990658 0.094110 0.706982 -0.628533 -0.310269
974.500000000 -112.249380 129.158570 130.870468 0.093054 0.706280 -0.630181 -0.308840
974.700000000 -111.970278 129.370566 130.789722 0.094530 0.708887 -0.627223 -0.308441
974.900000000 -111.814052 129.382126 130.748349 0.095146 0.708647 -0.627191 -0.308867
975.000000000 -111.691083 129.446499 130.719352 0.095121 0.709373 -0.626696 -0.308212
975.100000000 -111.550512 129.554009 130.656599 0.095156 0.710595 -0.625744 -0.307318
975.200000000 -111.452074 129.575679 130.674903 0.095773 0.709653 -0.626315 -0.308139
975.500000000 -111.045270 129.845331 130.555806 0.093568 0.708790 -0.628652 -0.306038
975.900000000 -110.508814 130.218785 130.397881 0.093366 0.708221 -0.629621 -0.305423
976.200000000 -110.186822 130.358508 130.312182 0.092435 0.707850 -0.630710 -0.304318
976.400000000 -109.916978 130.564548 130.232550 0.092666 0.707592 -0.631120 -0.303998
976.500000000 -109.784637 130.651960 130.210558 0.092009 0.707040 -0.632135 -0.303372
976.600000000 -109.666518 130.735202 130.158338 0.091889 0.707523 -0.631902 -0.302766
976.700000000 -109.508752 130.896920 130.080616 0.092804 0.709390 -0.629924 -0.302240
977.000000000 -109.108128 131.236691 129.952139 0.093053 0.710676 -0.628929 -0.301213
977.500000000 -108.642455 131.492619 129.876396 0.092153 0.709124 -0.631351 -0.300080
977.700000000 -108.403699 131.733590 129.801196 0.093038 0.709594 -0.630629 -0.300213
977.800000000 -108.306485 131.799946 129.788143 0.092921 0.709259 -0.631028 -0.300202
977.900000000 -108.213537 131.891744 129.756020 0.093332 0.709179 -0.630970 -0.300385
978.300000000 -107.861164 132.150058 129.717879 0.092098 0.707864 -0.633176 -0.299223
978.800000000 -107.376286 132.686975 129.608515 0.093446 0.709402 -0.631415 -0.298884
978.900000000 -107.317684 132.730723 129.612714 0.093928 0.709685 -0.630944 -0.299058
979.000000000 -107.254054 132.782131 129.619067 0.094064 0.709804 -0.630799 -0.299035
979.200000000 -107.090326 132.970274 129.610474 0.093119 0.708479 -0.632620 -0.298626
979.300000000 -107.025687 133.038810 129.612061 0.093189 0.708307 -0.632808 -0.298616
979.600000000 -106.745899 133.447490 129.556506 0.093458 0.708513 -0.632613 -0.298454
979.700000000 -106.696684 133.499903 129.570092 0.093361 0.708160 -0.632992 -0.298520
979.800000000 -106.647809 133.555674 129.588627 0.093419 0.708242 -0.632914 -0.298472
979.900000000 -106.550074 133.721930 129.565002 0.093754 0.708421 -0.632642 -0.298519
980.300000000 -106.305938 134.083175 129.596990 0.093606 0.708227 -0.633038 -0.298188
980.500000000 -106.197448 134.279804 129.609542 0.093494 0.707550 -0.633719 -0.298382
980.700000000 -106.070506 134.519558 129.618600 0.094689 0.708790 -0.632032 -0.298642
980.900000000 -105.939826 134.753215 129.638721 0.094184 0.707738 -0.633305 -0.298598
981.100000000 -105.836152 134.963349 129.667754 0.094544 0.708337 -0.632567 -0.298629
981.300000000 -105.725967 135.187793 129.697263 0.094656 0.708846 -0.632017 -0.298550
981.400000000 -105.671277 135.316383 129.703852 0.094450 0.708555 -0.632375 -0.298548
981.600000000 -105.559722 135.567937 129.727962 0.094275 0.708203 -0.632760 -0.298623
981.700000000 -105.508912 135.698072 129.743672 0.094784 0.708229 -0.632479 -0.298994
981.900000000 -105.408653 135.955341 129.761836 0.094744 0.706912 -0.633693 -0.299553
982.200000000 -105.268798 136.298837 129.829753 0.095098 0.707792 -0.632583 -0.299709
982.500000000 -105.111535 136.700918 129.880842 0.095456 0.707918 -0.632230 -0.300043
982.600000000 -105.050375 136.869799 129.888357 0.095742 0.708192 -0.631752 -0.300311
982.700000000 -105.018280 136.965284 129.926637 0.096247 0.708742 -0.630919 -0.300604
983.000000000 -104.856817 137.380342 129.980405 0.095687 0.708014 -0.631857 -0.300526
983.300000000 -104.718948 137.755359 130.056827 0.095577 0.707801 -0.631964 -0.300839
984.100000000 -104.325024 138.816416 130.245208 0.095783 0.708565 -0.630790 -0.301438
984.300000000 -104.183186 139.176802 130.260276 0.095901 0.708538 -0.630757 -0.301534
985.500000000 -103.575990 140.657604 130.589296 0.096568 0.708595 -0.629923 -0.302926
985.700000000 -103.507747 140.813541 130.676480 0.096427 0.707518 -0.630929 -0.303394
985.800000000 -103.422113 140.986309 130.679532 0.095752 0.706903 -0.631833 -0.303159
986.000000000 -103.307047 141.245388 130.719183 0.096530 0.708196 -0.630225 -0.303244
986.100000000 -103.230611 141.404160 130.725268 0.096274 0.707788 -0.630760 -0.303166
986.300000000 -103.137839 141.566555 130.804619 0.095906 0.707680 -0.630987 -0.303062
986.500000000 -103.024052 141.807290 130.844819 0.096325 0.707374 -0.630974 -0.303669
986.900000000 -102.740196 142.332156 130.912714 0.096507 0.708172 -0.630121 -0.303522
987.100000000 -102.598812 142.584050 130.940156 0.095891 0.706796 -0.631645 -0.303757
987.500000000 -102.317879 143.065148 131.003161 0.096521 0.707700 -0.630556 -0.303715
987.600000000 -102.238293 143.183055 131.019497 0.096017 0.707180 -0.631334 -0.303470
987.800000000 -102.087618 143.420918 131.047848 0.095756 0.707011 -0.631567 -0.303462
988.000000000 -101.922434 143.673379 131.065186 0.094927 0.706089 -0.632934 -0.303022
988.100000000 -101.847009 143.789705 131.077501 0.095099 0.706070 -0.632964 -0.302949
988.200000000 -101.764821 143.908737 131.086773 0.095025 0.706354 -0.632734 -0.302790
988.300000000 -101.682928 144.024377 131.095011 0.094628 0.706360 -0.632930 -0.302491
988.400000000 -101.604763 144.142565 131.101898 0.094501 0.706414 -0.632891 -0.302487
988.600000000 -101.446541 144.374674 131.115473 0.094860 0.707362 -0.631926 -0.302175
988.900000000 -101.193054 144.736314 131.128479 0.093694 0.706042 -0.633790 -0.301723
989.400000000 -100.800156 145.316056 131.156284 0.093629 0.706729 -0.633318 -0.301126
989.500000000 -100.719222 145.431986 131.164423 0.093288 0.706530 -0.633682 -0.300930
989.700000000 -100.567082 145.679317 131.167783 0.093174 0.705993 -0.634307 -0.300911
989.900000000 -100.420875 145.925717 131.174258 0.092643 0.705020 -0.635505 -0.300828
990.500000000 -100.009204 146.674225 131.211565 0.092507 0.706856 -0.634141 -0.299437
990.700000000 -99.893757 146.929058 131.227002 0.092279 0.706114 -0.634913 -0.299620
991.300000000 -99.582231 147.742141 131.284545 0.092409 0.706885 -0.634476 -0.298687
991.600000000 -99.454125 148.178339 131.321427 0.092338 0.707279 -0.634302 -0.298145
991.700000000 -99.411501 148.334757 131.333869 0.092050 0.706900 -0.634810 -0.298053
991.800000000 -99.396111 148.442828 131.361988 0.091864 0.706823 -0.635091 -0.297694
991.900000000 -99.392857 148.527159 131.404427 0.091655 0.706573 -0.635524 -0.297428
992.200000000 -99.353504 148.908604 131.485481 0.091185 0.706158 -0.636226 -0.297058
992.300000000 -99.315938 149.105179 131.488889 0.091552 0.706578 -0.635613 -0.297257
992.500000000 -99.278999 149.413068 131.532805 0.091214 0.706873 -0.635691 -0.296492
992.600000000 -99.275265 149.541830 131.566967 0.091019 0.706992 -0.635712 -0.296223
992.800000000 -99.324547 149.705426 131.675745 0.091299 0.706667 -0.635974 -0.296350
992.900000000 -99.238672 150.031763 131.622448 0.091118 0.706471 -0.636135 -0.296529
993.700000000 -99.195439 151.327839 131.826697 0.089760 0.707236 -0.636504 -0.294319
993.800000000 -99.194817 151.510472 131.850065 0.090112 0.706888 -0.636537 -0.294975
994.000000000 -99.221315 151.797517 131.919887 0.090229 0.706560 -0.636909 -0.294923
994.100000000 -99.177584 152.062819 131.906455 0.089645 0.706060 -0.637622 -0.294757
994.300000000 -99.284611 152.175998 132.046417 0.090131 0.705881 -0.637648 -0.294980
994.600000000 -99.257332 152.738624 132.098426 0.089363 0.705556 -0.638402 -0.294359
994.800000000 -99.232932 153.109415 132.134285 0.088561 0.707001 -0.637698 -0.292658
994.900000000 -99.269291 153.211121 132.184194 0.088767 0.706797 -0.637568 -0.293370
995.000000000 -99.239004 153.448643 132.181482 0.088990 0.706394 -0.637832 -0.293699
995.100000000 -99.236647 153.600682 132.210307 0.088218 0.706546 -0.638155 -0.292864
995.200000000 -99.241171 153.779098 132.231752 0.088960 0.706036 -0.638182 -0.293809
996.200000000 -99.123868 155.302268 132.450817 0.089901 0.706674 -0.637566 -0.293323
996.300000000 -99.059665 155.558311 132.420112 0.090984 0.708506 -0.635212 -0.293679
996.400000000 -99.103834 155.525099 132.502761 0.090885 0.708316 -0.635492 -0.293562
996.700000000 -98.937658 156.028525 132.507596 0.090118 0.707316 -0.636925 -0.293104
996.800000000 -98.911353 156.104579 132.536921 0.090088 0.707396 -0.636837 -0.293110
997.000000000 -98.822438 156.331748 132.565958 0.090178 0.706115 -0.637696 -0.294301
997.400000000 -98.546406 156.849120 132.562459 0.090354 0.706345 -0.637121 -0.294939
997.800000000 -97.973854 157.858625 132.302859 0.091808 0.704364 -0.637534 -0.298318
998.000000000 -97.819739 157.944758 132.336075 0.092269 0.706395 -0.635783 -0.297108
998.200000000 -97.611466 158.096416 132.327884 0.091475 0.707076 -0.635731 -0.295842
998.400000000 -97.375009 158.276860 132.310501 0.091485 0.707124 -0.635664 -0.295867
998.600000000 -97.160547 158.381558 132.268538 0.090498 0.708528 -0.635060 -0.294104
998.800000000 -96.877732 158.587648 132.212306 0.089407 0.708264 -0.635785 -0.293506
998.900000000 -96.741537 158.679268 132.205952 0.089990 0.707722 -0.635879 -0.294430
999.000000000 -96.584351 158.783319 132.210552 0.090540 0.708299 -0.635007 -0.294756
999.100000000 -96.430696 158.870376 132.201202 0.090465 0.708178 -0.635289 -0.294464
999.200000000 -96.306091 158.937737 132.154599 0.091135 0.707828 -0.635073 -0.295561
999.300000000 -96.150512 159.018308 132.131793 0.090061 0.708085 -0.635438 -0.294486
999.500000000 -95.836870 159.176646 132.093369 0.089292 0.707765 -0.636156 -0.293941
1000.300000000 -94.603454 159.766909 131.875902 0.089633 0.707554 -0.636261 -0.294116
1000.500000000 -94.297477 159.890451 131.838796 0.089379 0.707698 -0.636273 -0.293824
1000.600000000 -94.136852 159.977343 131.787781 0.089228 0.708350 -0.635783 -0.293356
1000.900000000 -93.673675 160.202479 131.724919 0.088573 0.707242 -0.637214 -0.293123
1001.100000000 -93.394338 160.343708 131.660506 0.088471 0.706943 -0.637492 -0.293271
1001.500000000 -92.815508 160.658669 131.562762 0.088668 0.707630 -0.636698 -0.293281
1001.700000000 -92.537011 160.811740 131.515279 0.087948 0.706962 -0.637655 -0.293029
1001.800000000 -92.410111 160.885926 131.485601 0.088447 0.706953 -0.637478 -0.293285
1002.200000000 -91.850082 161.257368 131.398613 0.087798 0.707203 -0.637566 -0.292686
1003.100000000 -90.746109 162.109599 131.250812 0.087438 0.706806 -0.637944 -0.292928
1003.200000000 -90.681779 162.103196 131.292750 0.087639 0.707090 -0.637520 -0.293108
1003.300000000 -90.556259 162.232020 131.284135 0.087385 0.705630 -0.639014 -0.293447
1003.500000000 -90.355116 162.424182 131.253397 0.087615 0.706419 -0.638181 -0.293293
1003.900000000 -89.966949 162.823567 131.229954 0.086906 0.705918 -0.638973 -0.292986
1004.000000000 -89.890577 162.880427 131.259691 0.086932 0.706059 -0.638836 -0.292937
1004.100000000 -89.805054 162.986317 131.244853 0.087315 0.706774 -0.637986 -0.292950
1004.200000000 -89.682701 163.156672 131.228064 0.086774 0.705890 -0.639098 -0.292819
1004.400000000 -89.508525 163.397974 131.201765 0.086701 0.706088 -0.638969 -0.292646
1004.500000000 -89.437116 163.482667 131.216125 0.086847 0.706234 -0.638767 -0.292689
1004.600000000 -89.355672 163.600457 131.217459 0.086628 0.705701 -0.639350 -0.292767
1004.800000000 -89.200270 163.832746 131.220294 0.086286 0.705429 -0.639773 -0.292601
1005.000000000 -89.034410 164.140683 131.187321 0.086505 0.705728 -0.639370 -0.292697
1005.100000000 -88.987273 164.208095 131.212069 0.086575 0.705981 -0.639103 -0.292650
1005.500000000 -88.720873 164.701405 131.238317 0.085643 0.704243 -0.641169 -0.292591
1005.600000000 -88.672137 164.818878 131.229909 0.086224 0.705485 -0.639726 -0.292585
1006.000000000 -88.429529 165.389561 131.228947 0.085931 0.704552 -0.640774 -0.292627
1006.600000000 -88.160256 166.137393 131.307731 0.086412 0.704843 -0.640205 -0.293028
1006.800000000 -88.069008 166.415254 131.320906 0.086095 0.704377 -0.640814 -0.292913
1006.900000000 -88.028225 166.543090 131.332400 0.085836 0.703945 -0.641350 -0.292854
1007.000000000 -87.977449 166.701525 131.335339 0.085427 0.702975 -0.642438 -0.292921
1007.100000000 -87.945771 166.830789 131.346927 0.086268 0.704405 -0.640762 -0.292909
1007.300000000 -87.858260 167.129680 131.358819 0.086036 0.703590 -0.641602 -0.293098
1007.500000000 -87.798948 167.380769 131.396438 0.085898 0.702884 -0.642306 -0.293289
1007.600000000 -87.755395 167.540953 131.397858 0.086240 0.703463 -0.641584 -0.293383
1007.700000000 -87.707393 167.714556 131.392619 0.085985 0.702898 -0.642238 -0.293379
1007.800000000 -87.665691 167.852736 131.406813 0.086095 0.703499 -0.641639 -0.293218
1008.000000000 -87.628063 168.077795 131.447800 0.086145 0.702787 -0.642325 -0.293408
1008.700000000 -87.347295 169.164836 131.478170 0.085242 0.702324 -0.643317 -0.292608
1008.800000000 -87.310883 169.298689 131.493100 0.084633 0.702020 -0.643949 -0.292120
1009.000000000 -87.242191 169.584726 131.513512 0.084580 0.702266 -0.643745 -0.291994
1009.200000000 -87.166489 169.883548 131.529378 0.084301 0.701598 -0.644506 -0.292004
1010.400000000 -86.669975 171.736634 131.532928 0.083252 0.696922 -0.649234 -0.293025
1010.500000000 -86.611032 171.937950 131.492557 0.082857 0.695504 -0.650618 -0.293438
1010.600000000 -86.583126 172.037167 131.506792 0.082518 0.695647 -0.650700 -0.293011
1011.400000000 -86.067230 173.447653 131.608792 0.101342 0.734154 -0.605484 -0.290063
1011.500000000 -86.153353 173.393344 131.486149 0.081526 0.694669 -0.652271 -0.292113
1011.600000000 -85.987049 173.719219 131.620777 0.101147 0.733705 -0.606026 -0.290136
1011.700000000 -86.112232 173.591326 131.530450 0.081458 0.693317 -0.653509 -0.292578
1012.000000000 -86.000404 174.008599 131.522485 0.081175 0.693816 -0.653204 -0.292155
1012.500000000 -85.645231 174.942329 131.785570 0.103029 0.736170 -0.602674 -0.290211
1013.200000000 -85.438933 175.925128 131.962011 0.104496 0.738564 -0.599608 -0.289955
1013.300000000 -85.721397 175.400419 132.275993 0.106424 0.740719 -0.596175 -0.290835
1013.400000000 -85.619155 175.829780 131.937279 0.082249 0.694912 -0.651791 -0.292405
1013.700000000 -85.530026 176.415798 131.864360 0.080792 0.691383 -0.655601 -0.292658
1013.900000000 -85.623305 176.232720 132.403440 0.103109 0.736258 -0.602503 -0.290315
1014.100000000 -85.527360 176.644478 132.437155 0.101391 0.733664 -0.606003 -0.290202
1014.200000000 -85.485066 176.849359 132.440552 0.101035 0.733603 -0.606301 -0.289858
1014.300000000 -85.534769 176.872568 132.511351 0.102582 0.735483 -0.603752 -0.289871
1014.800000000 -85.497141 177.609775 132.602212 0.102690 0.734739 -0.604337 -0.290502
1014.900000000 -85.465568 177.758484 132.675191 0.103789 0.737451 -0.601137 -0.289876
1015.000000000 -85.419936 177.951477 132.705243 0.102956 0.736682 -0.602329 -0.289654
1015.200000000 -85.421629 178.192336 132.778049 0.104224 0.738849 -0.599490 -0.289572
1015.400000000 -85.409654 178.470408 132.817237 0.104305 0.740112 -0.598130 -0.289128
1015.500000000 -85.413707 178.599193 132.817858 0.104190 0.740932 -0.597336 -0.288712
1015.700000000 -85.397843 178.871347 132.870704 0.105227 0.741912 -0.595790 -0.289012
1015.900000000 -85.363583 179.134403 132.967333 0.105820 0.742603 -0.594740 -0.289182
1016.000000000 -85.345593 179.274561 132.987423 0.106911 0.742972 -0.593686 -0.289999
1016.400000000 -85.237734 179.807509 133.107991 0.115086 0.739903 -0.590796 -0.300432
1016.500000000 -85.206112 179.922536 133.123250 0.114302 0.740911 -0.590357 -0.299108
1016.900000000 -85.055727 180.384408 133.219363 0.113259 0.740878 -0.590952 -0.298409
1017.000000000 -84.995678 180.527125 133.222109 0.112599 0.740679 -0.591469 -0.298129
1017.100000000 -84.943822 180.642515 133.231851 0.112483 0.741264 -0.590892 -0.297863
1017.600000000 -84.686024 181.092453 133.296270 0.112154 0.742239 -0.590222 -0.296886
1017.700000000 -84.638962 181.159121 133.305262 0.112190 0.742929 -0.589419 -0.296743
1018.000000000 -84.462503 181.366861 133.335297 0.112082 0.743519 -0.588773 -0.296585
1018.200000000 -84.331814 181.498981 133.338153 0.111614 0.744019 -0.588474 -0.296101
1018.600000000 -84.048072 181.722541 133.348557 0.110666 0.744832 -0.588217 -0.294922
1018.700000000 -83.974440 181.756553 133.370270 0.110363 0.745640 -0.587557 -0.294308
1018.800000000 -83.908540 181.799118 133.355852 0.109848 0.745142 -0.588308 -0.294264
1019.000000000 -83.727599 181.877482 133.427346 0.109580 0.745355 -0.588290 -0.293859
1019.100000000 -83.667046 181.902467 133.398707 0.109320 0.745891 -0.587851 -0.293472
1019.500000000 -83.336493 182.037360 133.399987 0.109283 0.745697 -0.588137 -0.293407
1020.100000000 -82.755226 182.262770 133.361449 0.104107 0.747845 -0.589205 -0.287624
1020.400000000 -82.476894 182.336017 133.311971 0.098877 0.749808 -0.590751 -0.281113
1020.700000000 -82.184467 182.376094 133.271463 0.099218 0.749889 -0.590332 -0.281656
1020.800000000 -82.071924 182.412735 133.262706 0.100124 0.749370 -0.590423 -0.282525
1021.100000000 -81.740894 182.498126 133.188784 0.099422 0.749951 -0.590094 -0.281920
1021.200000000 -81.622951 182.534480 133.182789 0.099578 0.749018 -0.590877 -0.282702
1022.200000000 -80.455594 182.824506 133.053906 0.099181 0.749641 -0.590305 -0.282386
1022.300000000 -80.339231 182.845976 133.054739 0.098678 0.749276 -0.590894 -0.282298
1022.700000000 -79.864977 182.994307 133.036553 0.099766 0.749737 -0.589820 -0.282937
1023.100000000 -79.432029 183.133092 132.955323 0.099030 0.748904 -0.590914 -0.283118
1023.300000000 -79.168645 183.256272 132.972377 0.097809 0.747319 -0.593116 -0.283127
1023.400000000 -79.055506 183.285585 132.994055 0.097396 0.747143 -0.593435 -0.283064
1023.700000000 -78.744036 183.437192 132.927181 0.097738 0.746791 -0.593640 -0.283448
1023.800000000 -78.616412 183.501028 132.955920 0.097598 0.747320 -0.593092 -0.283246
1024.100000000 -78.316004 183.621073 132.962027 0.096614 0.746954 -0.593953 -0.282746
1024.300000000 -78.099007 183.769337 132.953616 0.097446 0.747436 -0.592961 -0.283268
1024.600000000 -77.800390 183.965183 132.945886 0.096911 0.747596 -0.593013 -0.282920
1024.700000000 -77.718455 184.004141 132.956104 0.097070 0.748027 -0.592494 -0.282814
1024.800000000 -77.629745 184.056767 132.976374 0.097020 0.747425 -0.593089 -0.283175
1025.000000000 -77.437788 184.225036 132.970402 0.097236 0.747243 -0.593133 -0.283489
1025.200000000 -77.265681 184.369234 132.975702 0.097184 0.747552 -0.592830 -0.283327
1025.300000000 -77.199978 184.385147 133.014115 0.097278 0.748580 -0.591704 -0.282933
1025.500000000 -77.012679 184.587508 133.005997 0.096562 0.747782 -0.592868 -0.282852
1025.600000000 -76.932327 184.650945 133.031885 0.096673 0.748701 -0.591842 -0.282533
1025.700000000 -76.881401 184.693823 133.029301 0.097202 0.749819 -0.590357 -0.282493
1026.000000000 -76.632530 185.002910 133.038713 0.096359 0.747303 -0.593395 -0.283083
1026.100000000 -76.544264 185.100205 133.073736 0.095956 0.747096 -0.593775 -0.282968
1026.200000000 -76.486390 185.167807 133.090583 0.096649 0.748100 -0.592393 -0.282978
1026.600000000 -76.214315 185.569962 133.114260 0.095518 0.745638 -0.595443 -0.283458
1026.700000000 -76.135157 185.661206 133.174144 0.095252 0.746172 -0.594990 -0.283091
1026.800000000 -76.085202 185.746771 133.179358 0.095740 0.747531 -0.593348 -0.282790
1026.900000000 -76.021767 185.853682 133.190427 0.095484 0.747313 -0.593677 -0.282761
1027.000000000 -75.965222 185.956018 133.204501 0.095699 0.747493 -0.593361 -0.282877
1027.100000000 -75.909170 186.060792 133.214354 0.095438 0.747143 -0.593875 -0.282812
1027.300000000 -75.805977 186.263957 133.248789 0.095700 0.747623 -0.593222 -0.282823
1027.400000000 -75.756634 186.367785 133.260576 0.095673 0.747901 -0.592906 -0.282759
1027.700000000 -75.598959 186.689569 133.350528 0.096534 0.749600 -0.590784 -0.282410
1027.900000000 -75.496939 186.913211 133.400403 0.096450 0.749929 -0.590480 -0.282201
1028.000000000 -75.462593 187.021281 133.398398 0.096043 0.749567 -0.591024 -0.282162
1028.200000000 -75.367034 187.248026 133.478564 0.096292 0.749006 -0.591435 -0.282706
1028.400000000 -75.262411 187.495166 133.548173 0.096162 0.749159 -0.591257 -0.282717
1028.600000000 -75.178945 187.732299 133.608108 0.096213 0.748677 -0.591650 -0.283154
1029.000000000 -75.020370 188.212562 133.723704 0.096247 0.748676 -0.591639 -0.283167
1029.100000000 -75.010025 188.323142 133.712808 0.096794 0.749010 -0.590953 -0.283530
1029.400000000 -74.890824 188.702344 133.800809 0.096632 0.748907 -0.591057 -0.283641
1029.500000000 -74.835029 188.835637 133.862748 0.096153 0.748441 -0.591731 -0.283627
1029.700000000 -74.758874 189.073823 133.949820 0.095620 0.747192 -0.593214 -0.284004
1029.800000000 -74.717223 189.201163 134.006043 0.095386 0.746284 -0.594166 -0.284479
1029.900000000 -74.680417 189.347231 134.003610 0.095398 0.747026 -0.593368 -0.284192
1030.400000000 -74.242700 190.401413 134.210179 0.094064 0.743106 -0.597758 -0.285711
1030.500000000 -74.200268 190.522899 134.283455 0.093797 0.741807 -0.599171 -0.286216
1030.700000000 -74.098941 190.775920 134.417459 0.092652 0.739619 -0.601856 -0.286617
1030.800000000 -74.067701 190.898509 134.441120 0.092715 0.739584 -0.601849 -0.286702
1031.500000000 -73.809180 191.829333 134.542621 0.093370 0.742834 -0.598274 -0.285567
1031.700000000 -73.719913 192.055349 134.654797 0.092703 0.741578 -0.599796 -0.285855
1032.100000000 -73.524461 192.537260 134.865408 0.090646 0.737680 -0.604495 -0.286702
1032.300000000 -73.420949 192.761326 134.988620 0.089421 0.735777 -0.606843 -0.287014
1032.900000000 -73.172527 193.565861 134.943671 0.091754 0.741682 -0.599886 -0.285703
1033.000000000 -73.092084 193.712908 135.003416 0.090949 0.740280 -0.601573 -0.286049
1033.200000000 -73.004203 193.904537 135.084852 0.090709 0.739477 -0.602455 -0.286345
1033.400000000 -72.886803 194.201176 135.064384 0.091535 0.741765 -0.599732 -0.285882
1034.200000000 -72.793192 194.505992 135.236757 0.091654 0.743314 -0.598242 -0.284938
1034.800000000 -72.803885 194.511339 135.351263 0.092899 0.746802 -0.594299 -0.283665
1034.900000000 -72.775519 194.555215 135.376147 0.093473 0.747248 -0.593564 -0.283839
1035.100000000 -72.801331 194.521028 135.374398 0.093157 0.747644 -0.593338 -0.283372
1035.200000000 -72.793788 194.504920 135.413824 0.092735 0.747407 -0.593900 -0.282960
1035.300000000 -72.778261 194.516606 135.435229 0.092579 0.747389 -0.594034 -0.282777
1035.500000000 -72.838336 194.427010 135.412353 0.093037 0.749247 -0.591942 -0.282094
1035.800000000 -72.927504 194.200458 135.484110 0.092120 0.749250 -0.592644 -0.280912
1035.900000000 -72.887456 194.228535 135.519540 0.091619 0.748930 -0.593261 -0.280627
1036.000000000 -72.842129 194.303977 135.512021 0.091500 0.748640 -0.593562 -0.280803
1036.500000000 -72.771768 193.941236 136.191460 0.119014 0.798541 -0.523292 -0.272640
1037.100000000 -72.621286 193.379520 137.336144 0.156083 0.847002 -0.432740 -0.266386
1037.200000000 -72.388487 193.554910 137.602161 0.155267 0.845287 -0.435879 -0.267193
1037.400000000 -72.189029 193.676510 137.837030 0.157208 0.847202 -0.431164 -0.267642
1037.500000000 -72.119620 193.699369 137.931143 0.157283 0.847091 -0.431218 -0.267860
1037.600000000 -72.023129 193.800118 137.962980 0.161389 0.853259 -0.418513 -0.265987
1038.200000000 -71.825034 194.266258 137.434041 0.119405 0.798424 -0.522087 -0.275111
1038.300000000 -71.662471 194.444286 137.541190 0.122196 0.802343 -0.515419 -0.275060
1038.500000000 -71.600158 194.462831 137.641770 0.123655 0.802885 -0.513634 -0.276162
1038.600000000 -71.524084 194.537773 137.713903 0.124048 0.802631 -0.513473 -0.277022
1038.800000000 -71.408329 194.712169 137.763864 0.125517 0.802118 -0.512731 -0.279211
1038.900000000 -71.307182 194.823456 137.840641 0.125440 0.802083 -0.512832 -0.279161
1039.000000000 -71.236075 194.924139 137.866413 0.126226 0.802891 -0.511271 -0.279347
1039.100000000 -71.187964 195.013896 137.876576 0.127636 0.803636 -0.509290 -0.280180
1039.300000000 -71.050355 195.219749 137.964673 0.127861 0.801590 -0.511411 -0.282070
1039.700000000 -70.692080 195.588013 138.412152 0.104409 0.768170 -0.563828 -0.284801
1040.000000000 -70.557611 196.083828 138.255745 0.117628 0.787925 -0.525119 -0.299312
1040.100000000 -70.480745 196.286621 138.194316 0.115150 0.786471 -0.525999 -0.302539
1040.200000000 -70.429782 196.448361 138.179474 0.116999 0.788880 -0.520479 -0.305091
1040.300000000 -70.371459 196.588970 138.178607 0.115274 0.783008 -0.527984 -0.307966
1040.500000000 -70.253009 196.890630 138.202651 0.116519 0.780571 -0.529864 -0.310446
1040.900000000 -70.114953 197.519095 138.109965 0.119126 0.778040 -0.532771 -0.310834
1041.000000000 -70.057831 197.733007 138.147863 0.109887 0.763440 -0.555520 -0.310617
1041.400000000 -69.995772 197.915351 138.473200 0.176967 0.878613 -0.353542 -0.267823
1041.600000000 -69.967875 198.082586 138.495214 0.175519 0.869456 -0.369624 -0.276798
1041.900000000 -70.210240 197.793300 138.698039 0.171961 0.850955 -0.402383 -0.290503
1042.300000000 -70.697722 197.960839 138.305218 0.145801 0.796714 -0.496106 -0.312838
1042.400000000 -70.626688 198.138855 138.386022 0.156333 0.811328 -0.468437 -0.312847
1042.700000000 -70.823538 198.093311 138.470167 0.167286 0.819038 -0.449962 -0.314209
1043.000000000 -71.167067 197.971398 138.619037 0.133625 0.778007 -0.529228 -0.311076
1043.100000000 -71.246549 198.041346 138.604995 0.111073 0.751776 -0.573525 -0.305884
1043.200000000 -71.334361 197.986704 138.476618 0.134306 0.777928 -0.528076 -0.312931
1043.300000000 -71.533796 197.937694 138.394750 0.139441 0.788432 -0.512881 -0.309652
1043.400000000 -71.607912 198.097577 138.284867 0.150777 0.808702 -0.479934 -0.304846
1043.500000000 -71.647669 198.138862 138.314844 0.147279 0.802094 -0.490390 -0.307363
1043.700000000 -71.690157 198.216336 138.290782 0.150664 0.799352 -0.490184 -0.313139
1043.800000000 -71.742817 198.439244 138.278098 0.145803 0.805159 -0.488624 -0.302832
1043.900000000 -71.748780 198.590971 138.197215 0.146528 0.801349 -0.493016 -0.305458
1044.000000000 -71.764517 198.629960 138.201337 0.154300 0.810852 -0.475053 -0.305017
1044.100000000 -71.813872 198.638106 138.190641 0.138270 0.787252 -0.516001 -0.307991
1044.400000000 -72.175062 198.384977 138.122521 0.137444 0.788825 -0.522486 -0.293041
1044.500000000 -72.353610 198.329557 138.210396 0.135504 0.795121 -0.518852 -0.283220
1044.600000000 -72.266211 198.621390 138.124635 0.135077 0.795839 -0.518736 -0.281616
1045.000000000 -72.203068 198.861142 137.917173 0.136534 0.784208 -0.529485 -0.293295
1045.200000000 -72.258183 199.146068 137.867156 0.125075 0.778558 -0.544996 -0.284927
1045.400000000 -72.028454 199.647590 137.711994 0.124181 0.778006 -0.545956 -0.284988
1045.500000000 -71.559690 200.272867 137.593227 0.139271 0.782417 -0.529263 -0.297166
1045.700000000 -71.542896 200.500199 137.525345 0.154154 0.812890 -0.483217 -0.286263
1046.300000000 -72.049531 199.819356 137.197128 0.166125 0.843367 -0.434208 -0.269440
1046.700000000 -72.060549 199.671422 137.000846 0.158290 0.825198 -0.463627 -0.281143
1046.800000000 -72.185191 199.328858 137.078335 0.169186 0.843049 -0.428393 -0.277711
1047.100000000 -72.255293 198.974871 136.959644 0.157916 0.821292 -0.466600 -0.287796
1047.200000000 -72.607328 198.486990 136.957978 0.156409 0.832896 -0.452862 -0.277014
1047.500000000 -72.626600 198.102389 136.889211 0.130330 0.793454 -0.521802 -0.284898
1047.800000000 -72.622858 197.950099 136.742369 0.118287 0.779039 -0.546701 -0.283239
1048.000000000 -72.563362 197.967945 136.594296 0.117114 0.771413 -0.555545 -0.287361
1048.100000000 -72.502529 197.940930 136.623759 0.118967 0.770835 -0.554906 -0.289378
1048.200000000 -72.550719 197.662134 136.644677 0.130797 0.776869 -0.539525 -0.297120
1048.300000000 -72.609673 197.550316 136.573677 0.121566 0.768245 -0.556687 -0.291756
1048.400000000 -72.542329 197.586000 136.522735 0.124215 0.773819 -0.547909 -0.292525
1048.500000000 -72.344923 197.958544 136.401707 0.111676 0.757808 -0.573253 -0.290923
1048.600000000 -72.194289 197.926401 136.359860 0.125010 0.763128 -0.558630 -0.299902
1049.000000000 -72.074482 197.995711 136.205618 0.124038 0.769679 -0.554342 -0.291400
1049.200000000 -72.022413 198.103805 136.138627 0.124824 0.778093 -0.544070 -0.288058
1049.300000000 -72.062674 197.990505 136.146400 0.141926 0.801907 -0.504517 -0.286818
1049.600000000 -71.934960 198.127421 135.928194 0.133841 0.790288 -0.523833 -0.288323
1049.700000000 -72.190077 197.487456 136.085129 0.140526 0.799130 -0.506803 -0.291194
1049.800000000 -72.054521 197.796382 135.863365 0.135469 0.794319 -0.517117 -0.288608
1049.900000000 -71.881969 198.061718 135.831019 0.141966 0.799986 -0.506317 -0.288983
1050.000000000 -71.835872 198.143288 135.775413 0.136872 0.794918 -0.515730 -0.288780
1050.100000000 -71.834037 198.072148 135.801137 0.142964 0.803475 -0.501652 -0.286939
1050.200000000 -71.879913 198.059945 135.755913 0.127704 0.788653 -0.530468 -0.283411
1050.300000000 -71.934170 197.975068 135.732839 0.118688 0.772997 -0.554685 -0.284101
1050.600000000 -71.857652 197.958629 135.622269 0.121515 0.776759 -0.547849 -0.285902
1050.700000000 -71.822949 197.987174 135.659675 0.117318 0.771291 -0.556142 -0.286450
1050.800000000 -71.740977 198.143127 135.523245 0.122669 0.767264 -0.556849 -0.293560
1050.900000000 -71.658599 198.318333 135.453806 0.133567 0.785000 -0.529606 -0.292323
1051.200000000 -71.517737 198.630030 135.329636 0.131418 0.780625 -0.535466 -0.294329
1051.300000000 -71.440471 198.824155 135.325850 0.131294 0.782263 -0.533531 -0.293549
1051.500000000 -71.389508 199.004318 135.261586 0.133339 0.786664 -0.527428 -0.291892
1051.600000000 -71.277802 199.197884 135.218558 0.141132 0.791298 -0.515673 -0.296667
1051.700000000 -71.213292 199.404341 135.164121 0.136900 0.791617 -0.518886 -0.292163
1051.800000000 -71.101091 199.592252 135.117097 0.138290 0.790026 -0.519368 -0.294945
1052.000000000 -71.098560 199.662141 135.099363 0.135418 0.786773 -0.525394 -0.294297
1052.100000000 -71.105942 199.675146 135.065990 0.146342 0.802101 -0.499075 -0.293499
1052.300000000 -71.157238 199.622442 134.999996 0.153545 0.803140 -0.489991 -0.302158
1052.400000000 -71.261265 199.546755 135.018865 0.145916 0.798339 -0.502440 -0.298191
1053.000000000 -71.884597 198.811176 135.148179 0.138309 0.805936 -0.499415 -0.286220
1053.200000000 -72.089602 198.598449 135.181180 0.131193 0.804817 -0.506341 -0.280495
1053.300000000 -72.158403 198.527279 135.186921 0.122289 0.793159 -0.526426 -0.280750
1053.400000000 -72.229693 198.477025 135.174723 0.125241 0.794294 -0.522512 -0.283536
1053.700000000 -72.455351 198.266815 135.211643 0.129178 0.802115 -0.510679 -0.281303
1054.100000000 -72.263898 198.777172 135.203611 0.086694 0.746251 -0.597148 -0.281083
1054.300000000 -72.420489 198.583082 135.256011 0.094864 0.759876 -0.578806 -0.280306
1054.400000000 -72.390595 198.614894 135.392921 0.099368 0.760006 -0.575576 -0.285006
1054.800000000 -72.587084 198.632132 135.207770 0.122989 0.783954 -0.534236 -0.291345
1055.500000000 -73.008161 198.419852 134.855078 0.132058 0.792352 -0.517660 -0.294564
1055.600000000 -73.067706 198.341263 134.858709 0.135292 0.797904 -0.508760 -0.293613
1056.000000000 -73.313568 197.886015 134.911536 0.129875 0.796337 -0.514682 -0.289969
1056.200000000 -73.412930 197.641704 134.964526 0.128456 0.798290 -0.513457 -0.287391
1056.600000000 -73.593441 197.187224 134.950847 0.123887 0.797587 -0.517712 -0.283693
1056.800000000 -73.660571 196.990842 134.898666 0.123716 0.799791 -0.515439 -0.281695
1056.900000000 -73.692077 196.899178 134.851739 0.122940 0.799651 -0.516178 -0.281076
1057.000000000 -73.726037 196.713389 134.910987 0.121383 0.800363 -0.516454 -0.279215
1057.100000000 -73.767263 196.534730 134.949780 0.120669 0.801202 -0.515935 -0.278075
1057.500000000 -74.314859 195.562477 134.392950 0.068616 0.702397 -0.646039 -0.290797
1058.200000000 -73.711664 195.906256 134.215635 0.062917 0.686595 -0.661537 -0.294954
1058.300000000 -73.611404 195.820999 134.418501 0.118957 0.802986 -0.515295 -0.274833
1058.400000000 -73.581606 195.754923 134.404589 0.116702 0.798721 -0.521700 -0.276142
1058.500000000 -73.538115 195.695957 134.373119 0.120296 0.806665 -0.510068 -0.273224
1059.000000000 -73.283604 195.557366 134.146872 0.072890 0.710981 -0.635680 -0.291725
1059.100000000 -73.470766 194.907490 134.414254 0.077189 0.720028 -0.625603 -0.290212
1059.500000000 -73.642276 194.132220 134.318281 0.079090 0.719211 -0.625497 -0.291948
1059.700000000 -73.652975 193.878056 134.258074 0.080825 0.720511 -0.623409 -0.292734
1059.800000000 -73.670819 193.616506 134.383761 0.077831 0.713634 -0.631146 -0.293809
1060.300000000 -73.673622 192.995906 134.241285 0.081167 0.718807 -0.624910 -0.293625
1060.400000000 -73.785000 192.520983 134.448923 0.081866 0.719852 -0.623645 -0.293562
1060.500000000 -73.874152 192.176333 134.508432 0.086732 0.732487 -0.609421 -0.290768
1060.700000000 -74.007470 191.818180 134.325175 0.066859 0.681914 -0.664470 -0.298332
1061.000000000 -74.536436 190.915987 133.779837 -0.031428 -0.598115 0.742021 0.301122
1061.500000000 -74.889249 189.890580 133.408021 0.018418 -0.472935 0.828429 0.299498
1061.900000000 -75.322231 188.855977 133.272836 0.076741 -0.300869 0.904413 0.292618
1062.200000000 -75.555965 188.182787 133.272737 0.110977 -0.197653 0.932416 0.281457
1062.400000000 -75.518743 188.100236 133.242290 0.110485 -0.197311 0.932541 0.281476
1062.500000000 -75.502062 187.987879 133.342408 0.109663 -0.198752 0.932263 0.281706
1062.700000000 -75.332397 187.774783 133.893181 0.110579 -0.195481 0.933003 0.281185
1063.500000000 -75.184182 187.261940 134.406814 0.110657 -0.193430 0.933592 0.280618
1063.600000000 -75.173351 187.143536 134.556019 0.110122 -0.196043 0.933063 0.280772
1063.900000000 -75.071707 186.955381 135.006096 0.110237 -0.191609 0.934110 0.280307
1064.100000000 -75.058832 186.806172 135.191843 0.110204 -0.192271 0.933990 0.280266
1064.300000000 -75.033803 186.670530 135.432013 0.110479 -0.191904 0.934070 0.280144
1064.400000000 -75.010203 186.619742 135.557857 0.110931 -0.190896 0.934259 0.280022
1065.000000000 -74.956650 186.312038 136.248193 0.111306 -0.186291 0.935382 0.279225
1065.100000000 -74.955203 186.266718 136.355174 0.111450 -0.184819 0.935696 0.279095
1066.300000000 -74.994261 185.650953 137.926238 0.111373 -0.179914 0.936776 0.278709
1066.700000000 -75.017076 185.378519 138.607848 0.109997 -0.184286 0.935918 0.279279
1067.200000000 -75.035142 185.094653 139.533140 0.104879 -0.197643 0.933178 0.281277
1068.500000000 -75.125022 184.720745 141.244161 0.104720 -0.199818 0.932530 0.281948
1069.300000000 -75.395522 184.892083 141.091171 0.116956 -0.163917 0.939394 0.277472
1069.400000000 -75.434486 184.811504 141.224036 0.115525 -0.166123 0.939078 0.277830
1069.500000000 -75.456355 184.732620 141.343254 0.116047 -0.168202 0.938593 0.277999
1070.000000000 -75.297464 185.253552 141.235282 0.157113 -0.045834 0.951611 0.260099
1070.200000000 -75.251519 185.212491 141.605013 0.157539 -0.042845 0.951814 0.259608
1070.500000000 -74.867697 185.502678 142.430020 0.161931 -0.018884 0.952949 0.255558
1070.600000000 -74.830521 185.447014 142.693402 0.161303 -0.022699 0.952747 0.256396
1070.900000000 -74.484426 185.867198 143.192994 0.170516 0.019345 0.953178 0.249001
1071.000000000 -74.452589 185.832332 143.397946 0.169419 0.015570 0.953244 0.249763
1071.100000000 -74.449877 185.797712 143.513128 0.168990 0.015846 0.953340 0.249667
1071.300000000 -74.350340 185.843365 143.795908 0.172716 0.026760 0.952942 0.247700
1071.700000000 -74.749327 185.705782 143.198178 0.177971 0.065487 0.951944 0.240500
1072.000000000 -75.040268 185.566544 142.761240 0.184846 0.088552 0.949822 0.236281
1072.300000000 -75.252277 185.328491 142.509315 0.202688 0.122779 0.944288 0.228391
1073.000000000 -75.873200 184.204988 142.390221 0.239566 0.238586 0.919463 0.200681
1073.200000000 -75.763462 184.244760 142.630440 0.239694 0.234500 0.920164 0.202124
1073.400000000 -75.594999 184.428164 142.826246 0.240120 0.242120 0.918479 0.200290
1073.500000000 -75.533345 184.473230 142.934257 0.239160 0.241861 0.918788 0.200335
1073.700000000 -75.437489 184.525452 143.144873 0.237530 0.240124 0.919636 0.200472
1073.900000000 -75.246704 184.701568 143.398845 0.237309 0.243211 0.919081 0.199558
1074.000000000 -75.165060 184.779718 143.506899 0.237520 0.244089 0.918825 0.199414
1074.200000000 -75.026044 184.877424 143.752253 0.236348 0.242339 0.919553 0.199586
1074.300000000 -74.960157 184.912945 143.884788 0.235670 0.240719 0.920080 0.199916
1074.400000000 -74.925858 184.940070 143.967314 0.235119 0.240714 0.920250 0.199789
1074.700000000 -74.709964 185.148944 144.292658 0.236095 0.244966 0.919066 0.198919
1074.900000000 -74.609352 185.255619 144.520571 0.235011 0.243415 0.919783 0.198794
1075.100000000 -74.487669 185.381348 144.759268 0.235694 0.244963 0.919192 0.198812
1075.200000000 -74.416681 185.476334 144.838735 0.235870 0.247030 0.918738 0.198147
1075.400000000 -74.316489 185.584235 145.061378 0.236141 0.246271 0.918805 0.198458
1075.500000000 -74.256853 185.637199 145.177895 0.236286 0.245449 0.918981 0.198489
1075.800000000 -74.076409 185.871443 145.461444 0.239782 0.248375 0.917489 0.197556
1076.000000000 -73.961511 186.008418 145.669389 0.241677 0.248822 0.916774 0.198004
1076.100000000 -73.916856 186.083187 145.795948 0.241266 0.248118 0.917071 0.198013
1076.200000000 -73.860145 186.171290 145.925931 0.240163 0.248361 0.917371 0.197661
1076.500000000 -73.722510 186.393351 146.280073 0.241808 0.249754 0.916595 0.197500
1076.600000000 -73.681315 186.455484 146.360509 0.244169 0.251626 0.915544 0.197089
1076.800000000 -73.588496 186.604313 146.619074 0.243225 0.249807 0.916249 0.197296
1076.900000000 -73.543802 186.681389 146.747566 0.243339 0.250918 0.916028 0.196771
1077.000000000 -73.503822 186.774777 146.855286 0.242994 0.252799 0.915780 0.195943
1077.100000000 -73.474424 186.851658 146.963529 0.243495 0.255026 0.915220 0.195048
1077.200000000 -73.421221 186.938908 147.085315 0.243900 0.254395 0.915206 0.195430
1077.300000000 -73.394850 187.007182 147.204516 0.243897 0.253747 0.915496 0.194920
1077.400000000 -73.423263 187.015107 147.304746 0.243012 0.254044 0.915688 0.194737
1077.500000000 -73.347800 187.138788 147.436510 0.243666 0.254816 0.915251 0.194966
1077.600000000 -73.323499 187.218327 147.545898 0.243607 0.255261 0.915158 0.194893
1077.700000000 -73.309027 187.283602 147.658093 0.242761 0.256881 0.915141 0.193900
1077.900000000 -73.198798 187.514468 147.929211 0.243044 0.256853 0.915017 0.194163
1078.100000000 -73.163044 187.649892 148.170357 0.242964 0.256804 0.915132 0.193786
1078.300000000 -73.144811 187.775334 148.369083 0.243077 0.261251 0.914102 0.192558
1078.500000000 -73.085008 187.929353 148.641825 0.243418 0.261778 0.913860 0.192561
1078.800000000 -72.949470 188.230979 149.044884 0.243886 0.263828 0.913301 0.191822
1078.900000000 -72.982496 188.234772 149.108903 0.245642 0.266210 0.912082 0.192093
1079.400000000 -72.724107 188.728860 149.768053 0.244056 0.263515 0.913115 0.192919
1079.500000000 -72.693516 188.786931 149.882569 0.244385 0.263197 0.913100 0.193008
1079.600000000 -72.642964 188.877763 150.034250 0.242040 0.264040 0.913639 0.192258
1080.000000000 -72.478572 189.137380 150.449058 0.251944 0.264832 0.910501 0.193329
1080.100000000 -72.407559 189.220663 150.565608 0.254949 0.264639 0.909544 0.194158
1080.300000000 -72.293861 189.355163 150.771810 0.255748 0.265439 0.909221 0.193524
1080.500000000 -72.178107 189.460577 150.966525 0.254276 0.267339 0.909282 0.192559
1080.600000000 -72.140997 189.480641 151.033637 0.254134 0.266332 0.909564 0.192814
1080.700000000 -72.086258 189.526366 151.109136 0.254049 0.267159 0.909371 0.192691
1080.800000000 -72.023806 189.574370 151.202070 0.253715 0.268276 0.909209 0.192344
1081.000000000 -71.897485 189.668330 151.365985 0.252797 0.268173 0.909505 0.192294
1081.100000000 -71.827032 189.715458 151.436461 0.252957 0.269611 0.909137 0.191815
1081.200000000 -71.758116 189.761518 151.517114 0.252290 0.270116 0.909214 0.191615
1081.300000000 -71.688019 189.798060 151.576683 0.253294 0.270650 0.908776 0.191616
1081.500000000 -71.555448 189.860214 151.708223 0.251892 0.270025 0.909361 0.191573
1081.600000000 -71.483913 189.890028 151.776555 0.251678 0.269831 0.909495 0.191490
1081.700000000 -71.411498 189.928675 151.836178 0.251448 0.269753 0.909594 0.191429
1081.900000000 -71.259669 189.975791 151.946578 0.251126 0.269760 0.909656 0.191550
1082.100000000 -71.106401 190.060923 152.012165 0.250872 0.270243 0.909632 0.191315
1082.400000000 -70.872035 190.110758 152.152614 0.246297 0.269372 0.911270 0.190691
1082.500000000 -70.789807 190.120552 152.187632 0.242808 0.269592 0.912363 0.189628
1082.600000000 -70.703917 190.120763 152.239162 0.239235 0.270287 0.913272 0.188802
1082.700000000 -70.606446 190.147603 152.280342 0.236676 0.271214 0.913878 0.187762
1082.900000000 -70.325267 190.267627 152.448468 0.234838 0.270473 0.914557 0.187834
1083.000000000 -70.219845 190.278299 152.484436 0.235704 0.269248 0.914547 0.188552
1083.300000000 -69.902725 190.291368 152.625125 0.237175 0.268391 0.914329 0.188990
1083.500000000 -69.681239 190.297058 152.734439 0.236444 0.270758 0.914004 0.188098
1083.600000000 -69.544256 190.340835 152.782654 0.237157 0.269183 0.914181 0.188602
1083.700000000 -69.403195 190.379023 152.849425 0.236137 0.268435 0.914703 0.188417
1083.800000000 -69.327354 190.310506 152.880740 0.237214 0.270822 0.913810 0.187981
1084.200000000 -68.801781 190.377242 153.079116 0.235830 0.269336 0.914592 0.188051
1084.600000000 -68.362797 190.300682 153.227313 0.234935 0.272577 0.914102 0.186881
1084.700000000 -68.243186 190.285292 153.267717 0.236068 0.273524 0.913518 0.186926
1084.800000000 -68.088334 190.337842 153.330872 0.233974 0.270754 0.914784 0.187399
1084.900000000 -67.948439 190.336022 153.404508 0.234854 0.272795 0.913998 0.187175
1085.100000000 -67.676007 190.371731 153.499449 0.234882 0.272895 0.914065 0.186665
1085.300000000 -67.395976 190.407947 153.607228 0.233875 0.269668 0.915102 0.187535
1085.400000000 -67.209888 190.489129 153.692529 0.232617 0.266300 0.916257 0.188275
1085.500000000 -67.133278 190.424162 153.724147 0.232333 0.268949 0.915676 0.187681
1085.600000000 -67.027657 190.391003 153.762466 0.233262 0.272159 0.914671 0.186804
1086.200000000 -66.300147 190.369406 154.067879 0.233654 0.275696 0.913758 0.185590
1086.300000000 -66.140820 190.437805 154.125478 0.232707 0.271679 0.914968 0.186738
1086.400000000 -66.027310 190.434285 154.170888 0.233028 0.273009 0.914550 0.186447
1086.500000000 -65.888499 190.464160 154.253866 0.232470 0.272934 0.914747 0.186289
1086.800000000 -65.528419 190.502946 154.434025 0.232107 0.273102 0.914796 0.186250
1087.300000000 -65.005551 190.534113 154.713899 0.231704 0.273849 0.914795 0.185663
1087.400000000 -64.872304 190.590119 154.806195 0.231049 0.273983 0.914974 0.185395
1087.700000000 -64.542517 190.658232 155.022510 0.231003 0.274007 0.914983 0.185374
1087.900000000 -64.312606 190.752330 155.194000 0.229856 0.275097 0.915053 0.184841
1088.100000000 -64.117007 190.809825 155.338714 0.230076 0.275516 0.914877 0.184816
1088.200000000 -64.002926 190.859352 155.425790 0.229915 0.275061 0.915046 0.184854
1088.300000000 -63.935746 190.858719 155.475735 0.230047 0.275084 0.914986 0.184952
1088.400000000 -63.861912 190.871317 155.532327 0.230909 0.276832 0.914314 0.184597
1088.500000000 -63.743093 190.934124 155.637255 0.230096 0.275175 0.914952 0.184924
1088.800000000 -63.490224 191.060191 155.874076 0.229778 0.277681 0.914482 0.183896
1089.000000000 -63.313930 191.146033 156.040549 0.230302 0.277721 0.914290 0.184135
1089.100000000 -63.252506 191.171454 156.122236 0.229616 0.276717 0.914754 0.184202
1089.300000000 -63.085335 191.290449 156.314162 0.229062 0.276858 0.914876 0.184070
1089.400000000 -63.004587 191.358366 156.411163 0.229025 0.277488 0.914726 0.183915
1089.600000000 -62.879751 191.464621 156.580333 0.229345 0.278817 0.914334 0.183455
1090.000000000 -62.622544 191.732297 156.966171 0.230061 0.279178 0.914040 0.183472
1090.200000000 -62.534453 191.858303 157.157978 0.229297 0.278911 0.914366 0.183211
1090.600000000 -62.368517 192.119723 157.555402 0.229657 0.279411 0.914160 0.183028
1090.800000000 -62.278423 192.293118 157.772555 0.228998 0.280102 0.914219 0.182498
1090.900000000 -62.234654 192.355499 157.900191 0.229085 0.279221 0.914381 0.182927
1091.100000000 -62.152243 192.530075 158.115877 0.228882 0.279202 0.914448 0.182879
1091.200000000 -62.127829 192.587546 158.204019 0.229488 0.279579 0.914140 0.183080
1091.300000000 -62.092823 192.665823 158.318786 0.228915 0.279216 0.914450 0.182803
1091.400000000 -62.036472 192.768646 158.435990 0.228991 0.278599 0.914563 0.183088
1091.500000000 -62.025225 192.813326 158.528152 0.229425 0.279507 0.914208 0.182932
1091.800000000 -61.890420 193.081348 158.878898 0.228971 0.279130 0.914415 0.183041
1092.100000000 -61.845460 193.258904 159.169908 0.228699 0.281188 0.914063 0.181987
1092.400000000 -61.712437 193.545586 159.504081 0.229669 0.282666 0.913397 0.181820
1092.500000000 -61.687705 193.611170 159.616760 0.229528 0.282734 0.913441 0.181669
1092.600000000 -61.649152 193.693294 159.728446 0.229240 0.281841 0.913725 0.181993
1092.700000000 -61.602599 193.786181 159.835713 0.229674 0.281547 0.913626 0.182397
1093.000000000 -61.506589 194.040863 160.184688 0.228672 0.282907 0.913703 0.181159
1093.200000000 -61.427737 194.208349 160.429515 0.228861 0.281482 0.913912 0.182085
1093.400000000 -61.365772 194.383292 160.666738 0.228101 0.280294 0.914440 0.182223
1093.500000000 -61.324280 194.479780 160.781388 0.228183 0.280744 0.914342 0.181920
1093.800000000 -61.253443 194.708391 161.108913 0.229104 0.281801 0.913768 0.182008
1094.300000000 -61.142643 195.105987 161.675628 0.228892 0.280975 0.914071 0.182032
1094.400000000 -61.110898 195.216044 161.786810 0.228669 0.282167 0.913824 0.181710
1094.700000000 -61.053381 195.430835 162.150365 0.228965 0.284094 0.913250 0.181216
1094.900000000 -60.990827 195.582495 162.393902 0.228710 0.283359 0.913557 0.181146
1095.000000000 -60.956591 195.661506 162.497020 0.229388 0.283192 0.913338 0.181649
1095.400000000 -60.803792 195.976651 162.936835 0.229900 0.282369 0.913446 0.181739
1095.500000000 -60.763127 196.070147 163.013097 0.230758 0.284248 0.912723 0.181358
1095.700000000 -60.674191 196.223350 163.209703 0.231289 0.284955 0.912397 0.181212
1095.800000000 -60.610786 196.293762 163.325448 0.232744 0.283737 0.912301 0.181742
1095.900000000 -60.552051 196.396870 163.404151 0.232780 0.285507 0.911862 0.181125
1096.100000000 -60.444847 196.541218 163.563841 0.234225 0.286370 0.911203 0.181217
1096.200000000 -60.395651 196.592540 163.660437 0.234264 0.286832 0.911097 0.180970
1096.300000000 -60.332395 196.667171 163.736252 0.235124 0.287076 0.910753 0.181200
1096.700000000 -60.048340 196.942915 164.107231 0.234664 0.288704 0.910423 0.180865
1096.900000000 -59.898155 197.048717 164.281334 0.235548 0.288625 0.910216 0.180885
1097.300000000 -59.575255 197.236920 164.620916 0.236524 0.289676 0.909662 0.180717
1097.500000000 -59.418684 197.306338 164.771288 0.236453 0.289562 0.909670 0.180956
1097.700000000 -59.243691 197.398848 164.919964 0.236335 0.289769 0.909670 0.180777
1097.900000000 -59.064502 197.450333 165.114561 0.235880 0.289847 0.909776 0.180713
1098.000000000 -58.984626 197.468051 165.177607 0.236137 0.290277 0.909613 0.180507
1098.200000000 -58.788690 197.551735 165.330547 0.235667 0.291192 0.909553 0.179947
1098.600000000 -58.350900 197.715647 165.659099 0.235535 0.290831 0.909661 0.180157
1098.700000000 -58.287855 197.695900 165.694604 0.235814 0.291161 0.909511 0.180018
1098.800000000 -58.137271 197.783474 165.794981 0.235679 0.291853 0.909392 0.179677
1099.000000000 -57.912730 197.838581 165.972426 0.235565 0.291069 0.909614 0.179972
1099.100000000 -57.813343 197.859519 166.036805 0.234932 0.291606 0.909655 0.179725
1099.300000000 -57.577826 197.939213 166.172236 0.235869 0.292146 0.909261 0.179612
1099.400000000 -57.470182 197.964094 166.239008 0.235368 0.292841 0.909249 0.179200
1099.500000000 -57.279155 198.085349 166.382256 0.234910 0.293153 0.909310 0.178981
1099.600000000 -57.232775 198.043134 166.403431 0.234452 0.293329 0.909394 0.178866
1099.700000000 -57.142608 198.033410 166.464621 0.234500 0.293169 0.909404 0.179016
1100.000000000 -56.790779 198.126778 166.692526 0.234540 0.293200 0.909381 0.179028
1100.300000000 -56.444982 198.204782 166.917346 0.234471 0.294239 0.909120 0.178738
1100.900000000 -55.737211 198.399700 167.379898 0.233830 0.295742 0.908913 0.178148
1101.400000000 -55.142298 198.594729 167.791085 0.232687 0.295427 0.909316 0.178112
1101.700000000 -54.802498 198.696059 168.038003 0.232203 0.295997 0.909312 0.177818
1101.900000000 -54.658054 198.675672 168.145306 0.232120 0.296778 0.909122 0.177598
1102.000000000 -54.592230 198.659730 168.172057 0.232735 0.296794 0.908922 0.177789
1102.100000000 -54.458473 198.727147 168.262743 0.233325 0.296958 0.908728 0.177733
1102.200000000 -54.372242 198.745136 168.329484 0.233142 0.297196 0.908716 0.177635
1102.600000000 -53.933275 198.916803 168.723180 0.231516 0.296771 0.909280 0.177587
1102.800000000 -53.715341 199.014531 168.907193 0.230963 0.296868 0.909429 0.177384
1102.900000000 -53.611206 199.059216 169.010457 0.230519 0.296803 0.909562 0.177387
1103.100000000 -53.411588 199.156348 169.170066 0.230554 0.297351 0.909436 0.177069
1103.200000000 -53.304102 199.219520 169.270580 0.230351 0.297632 0.909400 0.177044
1103.300000000 -53.223419 199.244510 169.345549 0.230355 0.297763 0.909372 0.176965
1103.600000000 -52.928386 199.429630 169.643693 0.228975 0.298172 0.909714 0.176308
1103.900000000 -52.662153 199.579183 169.940869 0.228368 0.297953 0.909912 0.176445
1104.100000000 -52.486852 199.699221 170.134504 0.228212 0.298597 0.909814 0.176062
1104.300000000 -52.310077 199.828792 170.330351 0.228571 0.298216 0.909846 0.176076
1104.400000000 -52.237396 199.892837 170.424199 0.227602 0.298657 0.910016 0.175705
1104.500000000 -52.154299 199.950749 170.543012 0.227262 0.298061 0.910259 0.175899
1104.800000000 -51.912634 200.153234 170.831731 0.226946 0.299179 0.910049 0.175496
1105.100000000 -51.682410 200.346466 171.135458 0.226627 0.299006 0.910262 0.175099
1105.300000000 -51.528921 200.482492 171.325309 0.226952 0.300291 0.909819 0.174780
1106.000000000 -50.978993 200.924358 172.014810 0.227790 0.299517 0.909782 0.175209
1106.200000000 -50.814983 201.054011 172.228406 0.227140 0.298387 0.910284 0.175376
1106.300000000 -50.735061 201.115870 172.349868 0.226164 0.297780 0.910706 0.175478
1106.700000000 -50.408528 201.370607 172.741141 0.227261 0.298266 0.910286 0.175415
1106.900000000 -50.246234 201.484893 172.959209 0.227167 0.296962 0.910637 0.175922
1107.100000000 -50.067785 201.601797 173.199463 0.227091 0.295823 0.910974 0.176196
1107.200000000 -49.985936 201.662118 173.301774 0.227254 0.296153 0.910820 0.176225
1107.400000000 -49.815218 201.799700 173.495140 0.227717 0.296812 0.910527 0.176034
1107.600000000 -49.656782 201.891186 173.711907 0.227711 0.294404 0.911160 0.176811
1107.900000000 -49.418256 202.081531 174.000669 0.227742 0.294564 0.911123 0.176692
1108.400000000 -49.039249 202.353166 174.463642 0.228383 0.294091 0.911043 0.177065
1108.700000000 -48.776126 202.564497 174.762582 0.228910 0.294520 0.910798 0.176936
1108.800000000 -48.684097 202.642254 174.867366 0.228896 0.294740 0.910747 0.176847
1109.000000000 -48.505363 202.770993 175.089973 0.229171 0.292819 0.911183 0.177437
1109.200000000 -48.360529 202.880769 175.254238 0.229819 0.294128 0.910643 0.177205
1109.600000000 -48.027783 203.143635 175.658759 0.229954 0.294300 0.910565 0.177143
1110.200000000 -47.537179 203.554410 176.225144 0.230775 0.295683 0.909963 0.176865
1110.500000000 -47.316589 203.729769 176.492927 0.231511 0.296223 0.909615 0.176791
1110.600000000 -47.228783 203.813927 176.587125 0.231495 0.296058 0.909656 0.176879
1110.800000000 -47.077646 203.927731 176.806187 0.230500 0.295057 0.910212 0.176990
1111.100000000 -46.852902 204.123949 177.073692 0.231214 0.297474 0.909370 0.176342
1111.400000000 -46.629413 204.312940 177.365839 0.230849 0.296213 0.909812 0.176661
1111.500000000 -46.577365 204.356629 177.431970 0.230979 0.297215 0.909497 0.176428
1111.600000000 -46.498501 204.429238 177.527170 0.231420 0.299414 0.908803 0.175707
1111.700000000 -46.407840 204.511699 177.645421 0.230963 0.297724 0.909405 0.176068
1111.900000000 -46.278833 204.619969 177.821436 0.231197 0.298017 0.909252 0.176054
1112.100000000 -46.134411 204.753291 178.006661 0.231055 0.298628 0.909118 0.175898
1112.300000000 -45.981515 204.893350 178.212761 0.230538 0.298158 0.909419 0.175814
1112.500000000 -45.867963 204.988119 178.378631 0.230939 0.299504 0.908914 0.175614
1112.600000000 -45.755709 205.121657 178.489933 0.230642 0.300194 0.908843 0.175194
1112.700000000 -45.701573 205.161495 178.580663 0.230556 0.299979 0.908935 0.175194
1112.800000000 -45.654233 205.192655 178.668625 0.230105 0.299585 0.909163 0.175280
1112.900000000 -45.582383 205.262973 178.761776 0.230132 0.299438 0.909189 0.175359
1113.500000000 -45.168823 205.661436 179.325517 0.229923 0.300056 0.909097 0.175058
1113.600000000 -45.103674 205.720757 179.429539 0.229436 0.299599 0.909359 0.175115
1113.700000000 -45.006448 205.819913 179.560790 0.228765 0.298889 0.909761 0.175121
1113.800000000 -44.939609 205.887829 179.645667 0.228850 0.299046 0.909700 0.175059
1113.900000000 -44.868848 205.963080 179.731209 0.229137 0.299801 0.909419 0.174853
1114.200000000 -44.695775 206.109217 180.023208 0.228592 0.298609 0.909894 0.175130
1114.300000000 -44.615518 206.192448 180.139708 0.227963 0.298414 0.910147 0.174969
1115.400000000 -43.921924 206.933329 181.078034 0.227953 0.304786 0.908468 0.172713
1115.600000000 -43.708621 207.130887 181.397040 0.226893 0.300255 0.910043 0.173747
1115.700000000 -43.609807 207.237230 181.529204 0.226695 0.299965 0.910197 0.173700
1115.800000000 -43.548910 207.301823 181.622226 0.226176 0.299933 0.910359 0.173582
1116.100000000 -43.324174 207.547417 181.917844 0.225979 0.300577 0.910255 0.173270
1116.900000000 -42.791588 208.122811 182.643989 0.225517 0.303226 0.909718 0.172077
1117.100000000 -42.615309 208.280804 182.919166 0.224756 0.299251 0.911023 0.173122
1117.200000000 -42.554663 208.336933 183.012686 0.224955 0.298626 0.911138 0.173335
1117.400000000 -42.398836 208.507362 183.216545 0.224543 0.299285 0.911076 0.173057
1117.700000000 -42.176379 208.738103 183.515604 0.224288 0.297938 0.911522 0.173366
1117.900000000 -42.032733 208.894994 183.691275 0.224942 0.298718 0.911124 0.173269
1118.200000000 -41.844097 209.103619 183.936779 0.224784 0.300186 0.910777 0.172758
1118.500000000 -41.582797 209.368926 184.274469 0.223974 0.296069 0.912128 0.173787
1118.600000000 -41.534317 209.418684 184.342253 0.224009 0.296497 0.912005 0.173655
1118.800000000 -41.418321 209.534306 184.509133 0.224162 0.297738 0.911632 0.173294
1119.000000000 -41.287799 209.653456 184.702927 0.224032 0.297035 0.911866 0.173439
1119.400000000 -41.002101 209.981845 185.027431 0.224890 0.301901 0.910311 0.172088
1119.700000000 -40.818110 210.170814 185.269895 0.225171 0.302788 0.909984 0.171890
1119.900000000 -40.703725 210.237628 185.491098 0.224613 0.298778 0.911234 0.173010
1120.600000000 -40.212993 210.811893 186.035576 0.225861 0.308360 0.908252 0.170235
1120.700000000 -40.109287 210.944949 186.129519 0.226026 0.309320 0.907923 0.170025
1120.900000000 -39.944275 211.148547 186.306269 0.226305 0.312030 0.907072 0.169241
1121.000000000 -39.903305 211.182734 186.380775 0.226470 0.312013 0.907030 0.169281
1121.100000000 -39.838241 211.263812 186.455336 0.226766 0.313267 0.906581 0.168975
1121.200000000 -39.741768 211.388228 186.559142 0.226887 0.314148 0.906298 0.168692
1121.300000000 -39.693957 211.418856 186.671012 0.226405 0.311969 0.907060 0.169289
1122.000000000 -39.254575 212.018488 187.314154 0.226893 0.314293 0.906233 0.168766
1122.500000000 -39.023276 212.441488 187.783779 0.226690 0.315799 0.905827 0.168405
1122.600000000 -38.978060 212.518063 187.906969 0.225879 0.314094 0.906555 0.168765
1122.700000000 -38.941787 212.600552 188.004515 0.226060 0.314659 0.906339 0.168629
1122.800000000 -38.904243 212.713129 188.068005 0.226612 0.317925 0.905245 0.167635
1122.900000000 -38.859270 212.797536 188.191123 0.226327 0.316985 0.905598 0.167894
1123.000000000 -38.823623 212.878819 188.300625 0.226422 0.316959 0.905543 0.168114
1123.200000000 -38.754099 213.074585 188.495902 0.226183 0.317550 0.905439 0.167880
1123.400000000 -38.691146 213.286503 188.665340 0.227026 0.321346 0.904087 0.166802
1123.500000000 -38.653787 213.368519 188.808185 0.226420 0.319752 0.904716 0.167277
1123.600000000 -38.622959 213.472290 188.906582 0.226387 0.320516 0.904510 0.166971
1123.800000000 -38.557025 213.657407 189.151400 0.225864 0.318963 0.905127 0.167312
1123.900000000 -38.532124 213.764592 189.248383 0.225527 0.320008 0.904936 0.166803
1124.000000000 -38.509381 213.848411 189.340705 0.226681 0.321276 0.904202 0.166781
1124.100000000 -38.480952 213.953768 189.449381 0.226481 0.321803 0.904110 0.166535
1124.200000000 -38.442199 214.040758 189.596904 0.226262 0.320413 0.904579 0.166968
1124.300000000 -38.408790 214.133427 189.730564 0.226295 0.320449 0.904548 0.167020
1124.400000000 -38.382867 214.236689 189.838920 0.225966 0.320173 0.904707 0.167133
1124.600000000 -38.341017 214.418187 190.070784 0.225359 0.320097 0.904919 0.166950
1124.800000000 -38.284287 214.604259 190.330122 0.225000 0.319979 0.905051 0.166949
1125.000000000 -38.225836 214.803874 190.567616 0.224822 0.320578 0.904903 0.166842
1125.300000000 -38.143421 215.090909 190.940266 0.223963 0.321244 0.904950 0.166460
1125.700000000 -38.040211 215.440082 191.453788 0.222962 0.322596 0.904860 0.165672
1125.900000000 -37.960124 215.677758 191.731136 0.219773 0.322603 0.905783 0.164878
1126.000000000 -37.950513 215.759906 191.806664 0.219989 0.323507 0.905466 0.164561
1126.200000000 -37.887319 215.942391 192.068784 0.218831 0.324636 0.905469 0.163861
1126.700000000 -37.710792 216.460101 192.606950 0.216757 0.325209 0.905887 0.163167
1126.800000000 -37.685916 216.547794 192.726985 0.214955 0.326480 0.905599 0.164607
1127.000000000 -37.601562 216.732188 192.941564 0.215333 0.327183 0.903151 0.175790
1127.200000000 -37.517900 216.912800 193.164585 0.215778 0.327703 0.902071 0.179772
1127.500000000 -37.424538 217.110110 193.455506 0.217951 0.329241 0.900990 0.179764
1127.800000000 -37.286922 217.315907 193.818987 0.219771 0.327540 0.901111 0.180046
1127.900000000 -37.220732 217.420558 193.931623 0.220804 0.328787 0.900521 0.179462
1128.200000000 -37.142527 217.495235 194.249754 0.223013 0.328512 0.900204 0.178825
1128.300000000 -37.052424 217.615138 194.399521 0.222819 0.327943 0.900561 0.178310
1128.400000000 -37.060426 217.583548 194.467987 0.223827 0.327459 0.900540 0.178047
1128.800000000 -36.853227 217.736654 194.961771 0.226133 0.326434 0.900635 0.176524
1128.900000000 -36.821699 217.749043 195.049143 0.227611 0.327439 0.900053 0.175730
1129.300000000 -36.673025 217.812506 195.420326 0.229081 0.327426 0.900158 0.173293
1130.000000000 -36.463761 217.719902 196.055985 0.229104 0.327761 0.900680 0.169881
1130.300000000 -36.373100 217.641182 196.284618 0.229648 0.327583 0.900597 0.169929
1130.400000000 -36.342708 217.625726 196.359399 0.229515 0.328018 0.900490 0.169835
1130.500000000 -36.314489 217.599090 196.435023 0.229328 0.328013 0.900593 0.169553
1130.600000000 -36.306941 217.539111 196.495700 0.229191 0.327806 0.900691 0.169618
1130.700000000 -36.316060 217.459272 196.549831 0.228789 0.327728 0.900860 0.169416
1130.900000000 -36.217213 217.462841 196.748619 0.226667 0.327938 0.901489 0.168512
1131.300000000 -36.106728 217.326374 197.018229 0.225705 0.328681 0.901583 0.167848
1131.400000000 -36.094932 217.256069 197.076496 0.225497 0.328751 0.901634 0.167721
1131.700000000 -36.054794 217.092215 197.248631 0.224414 0.329178 0.901859 0.167124
1131.900000000 -36.053080 216.933815 197.331705 0.225220 0.329018 0.901776 0.166800
1132.100000000 -36.043043 216.764143 197.414507 0.228050 0.328043 0.901434 0.166724
1132.500000000 -35.976551 216.499737 197.621509 0.229331 0.327322 0.901557 0.165718
1132.700000000 -35.964994 216.335791 197.713783 0.228916 0.326887 0.902004 0.164712
1132.800000000 -35.942611 216.266783 197.753758 0.230137 0.326528 0.901806 0.164812
1132.900000000 -35.937014 216.200538 197.797258 0.230024 0.326411 0.901974 0.164278
1133.200000000 -35.914041 215.985234 197.898593 0.229887 0.326248 0.902352 0.162713
1133.500000000 -35.915393 215.736994 197.974585 0.230220 0.326185 0.902591 0.161034
1133.600000000 -35.900464 215.682734 198.010852 0.229735 0.325899 0.902914 0.160494
1133.800000000 -35.908757 215.518903 198.038815 0.229690 0.325528 0.903163 0.159906
1134.100000000 -35.951916 215.263171 198.057544 0.228463 0.325206 0.903905 0.158117
1134.300000000 -36.031708 215.001026 198.077966 0.226636 0.323997 0.904941 0.157299
1134.600000000 -36.132626 214.673681 198.060771 0.225326 0.322931 0.905818 0.156327
1134.900000000 -36.095388 214.609614 198.011619 0.226376 0.325482 0.904855 0.155089
1135.100000000 -36.113280 214.493410 198.030211 0.224653 0.325571 0.905413 0.154150
1135.200000000 -36.108561 214.439195 198.032562 0.225534 0.325593 0.905150 0.154358
1135.300000000 -36.205240 214.285911 197.948931 0.224666 0.325577 0.905436 0.153984
1135.700000000 -36.248014 214.066351 197.920193 0.223232 0.325270 0.905982 0.153506
1136.500000000 -36.552242 213.468208 197.587260 0.221404 0.325253 0.906493 0.153171
1136.600000000 -36.523164 213.502416 197.591058 0.220725 0.325177 0.906692 0.153134
1136.900000000 -36.633626 213.320566 197.457156 0.219664 0.325308 0.906926 0.152996
1137.000000000 -36.641833 213.302454 197.425094 0.219716 0.325845 0.906734 0.152917
1137.400000000 -36.822357 213.043364 197.186793 0.220666 0.324680 0.906701 0.154219
1137.500000000 -36.913197 212.928060 197.103700 0.219718 0.323855 0.907208 0.154321
1137.900000000 -37.074541 212.767281 196.846159 0.219765 0.324602 0.906862 0.154718
1138.000000000 -37.164585 212.651027 196.771883 0.219172 0.323387 0.907384 0.155042
1138.100000000 -37.228166 212.572998 196.703882 0.218975 0.323029 0.907517 0.155292
1138.400000000 -37.278873 212.553775 196.544976 0.221060 0.323050 0.906797 0.156497
1138.500000000 -37.360898 212.455562 196.448847 0.222029 0.321870 0.906792 0.157577
1138.600000000 -37.386038 212.448993 196.348013 0.224852 0.323262 0.905513 0.158080
1138.700000000 -37.423671 212.434747 196.281113 0.224417 0.323331 0.905616 0.157968
1138.900000000 -37.522241 212.351059 196.156117 0.224046 0.323313 0.905680 0.158163
1139.000000000 -37.572972 212.319366 196.079889 0.224223 0.323424 0.905541 0.158484
1139.100000000 -37.598390 212.308380 196.036159 0.224426 0.322428 0.905701 0.159305
1139.500000000 -37.832883 212.179893 195.668019 0.224487 0.322826 0.905473 0.159711
1139.600000000 -37.895836 212.119929 195.587446 0.225420 0.322127 0.905342 0.160551
1139.900000000 -38.054871 212.036549 195.343008 0.226035 0.322373 0.904958 0.161356
1140.500000000 -38.372462 211.903073 194.849586 0.226940 0.321078 0.904759 0.163762
1140.600000000 -38.391528 211.919370 194.805519 0.226945 0.319988 0.905016 0.164469
1141.100000000 -38.689569 211.818350 194.323547 0.228325 0.321719 0.903843 0.165630
1141.300000000 -38.805799 211.773687 194.151765 0.228357 0.320514 0.904079 0.166631
1141.400000000 -38.874899 211.759056 194.031723 0.228774 0.321530 0.903592 0.166740
1141.700000000 -39.038509 211.685631 193.806894 0.229173 0.319798 0.903814 0.168314
1142.000000000 -39.230532 211.612415 193.515983 0.229727 0.319941 0.903442 0.169280
1142.100000000 -39.294682 211.596511 193.397997 0.230348 0.320121 0.903118 0.169823
1142.200000000 -39.370496 211.578531 193.265781 0.230371 0.321576 0.902634 0.169615
1142.400000000 -39.480496 211.530540 193.095281 0.230373 0.320501 0.902874 0.170370
1142.700000000 -39.663503 211.503216 192.720742 0.230932 0.322087 0.902083 0.170814
1142.800000000 -39.720677 211.487808 192.604299 0.230661 0.321456 0.902309 0.171173
1142.900000000 -39.789964 211.453178 192.479334 0.230649 0.321693 0.902218 0.171224
1143.100000000 -39.890999 211.392479 192.288992 0.230388 0.319466 0.902887 0.172215
1143.500000000 -40.123144 211.257811 191.806463 0.229875 0.321348 0.902374 0.172089
1143.600000000 -40.168059 211.209480 191.718879 0.229585 0.320077 0.902794 0.172639
1144.100000000 -40.379745 210.982380 191.189479 0.228783 0.319175 0.903164 0.173435
1144.500000000 -40.509605 210.785508 190.764394 0.229130 0.321076 0.902443 0.173225
1144.600000000 -40.530565 210.754677 190.651612 0.229563 0.322947 0.901774 0.172655
1145.300000000 -40.778050 210.207479 189.905591 0.228702 0.321598 0.902461 0.172723
1145.900000000 -40.891250 209.775716 189.292563 0.229147 0.323667 0.901791 0.171771
1146.000000000 -40.895018 209.677556 189.268685 0.228034 0.319462 0.903369 0.172827
1146.200000000 -40.935287 209.483058 189.108004 0.226983 0.314975 0.904984 0.173991
1146.300000000 -40.925105 209.443032 189.022266 0.227286 0.316258 0.904534 0.173610
1146.500000000 -41.022576 209.195687 188.770137 0.227510 0.318013 0.903986 0.172964
1146.700000000 -41.002829 209.138546 188.539968 0.229543 0.323205 0.901872 0.171684
1146.800000000 -40.941257 209.150534 188.512874 0.229508 0.322707 0.902045 0.171757
1146.900000000 -41.024401 208.949525 188.413107 0.228720 0.319636 0.903215 0.172404
1147.200000000 -41.151932 208.477777 188.242400 0.225354 0.304805 0.908511 0.175835
1147.300000000 -41.226371 208.311629 188.119801 0.224920 0.303874 0.908903 0.175973
1147.400000000 -41.233931 208.218178 188.055788 0.225065 0.302294 0.909304 0.176439
1147.500000000 -41.338353 207.994512 187.919317 0.225307 0.300177 0.909823 0.177067
1147.700000000 -41.331077 207.881551 187.777704 0.224951 0.300029 0.909975 0.176988
1147.800000000 -41.336892 207.839121 187.655985 0.225656 0.303524 0.908875 0.175782
1148.000000000 -41.408135 207.616121 187.455825 0.225873 0.302282 0.909176 0.176085
1148.300000000 -41.465270 207.345563 187.242240 0.225065 0.299084 0.910395 0.176285
1148.700000000 -41.510544 207.096302 186.900082 0.226114 0.302138 0.909355 0.175099
1148.800000000 -41.470368 207.112776 186.854634 0.226075 0.303318 0.909088 0.174489
1148.900000000 -41.538836 206.985306 186.715232 0.226803 0.305454 0.908301 0.173920
1149.100000000 -41.559593 206.826149 186.631111 0.226102 0.299823 0.910087 0.175287
1149.300000000 -41.664494 206.591218 186.460299 0.225990 0.300313 0.910059 0.174735
1149.400000000 -41.692185 206.532911 186.364757 0.226062 0.302807 0.909409 0.173724
1149.500000000 -41.724310 206.444214 186.300232 0.225404 0.298322 0.910835 0.174860
1149.600000000 -41.753966 206.368499 186.216979 0.225896 0.298611 0.910633 0.174783
1149.700000000 -41.807011 206.267644 186.130085 0.226069 0.299744 0.910311 0.174297
1149.800000000 -41.845644 206.176572 186.059617 0.226107 0.299104 0.910498 0.174374
1149.900000000 -41.893253 206.080852 185.982873 0.225555 0.297259 0.911190 0.174630
1150.100000000 -41.989499 205.891719 185.832401 0.225310 0.297278 0.911332 0.174171
1150.200000000 -42.029931 205.802895 185.767411 0.225126 0.293583 0.912370 0.175237
1150.300000000 -42.067622 205.733174 185.696994 0.225015 0.292950 0.912599 0.175248
1150.400000000 -42.110651 205.663384 185.624001 0.224849 0.293926 0.912446 0.174620
1150.600000000 -42.262601 205.420056 185.435694 0.225991 0.296474 0.911472 0.173925
1150.700000000 -42.329975 205.314580 185.368277 0.225309 0.296443 0.911735 0.173483
1150.800000000 -42.383844 205.234646 185.286496 0.225344 0.296944 0.911629 0.173139
1150.900000000 -42.444837 205.138400 185.206765 0.225653 0.297040 0.911532 0.173082
1151.000000000 -42.482439 205.087894 185.141372 0.225624 0.296000 0.911836 0.173300
1151.100000000 -42.580049 204.969501 185.032078 0.225212 0.296548 0.911845 0.172850
1151.300000000 -42.707370 204.783703 184.895885 0.225519 0.297238 0.911610 0.172503
1151.600000000 -42.922526 204.517523 184.647812 0.225857 0.296408 0.911787 0.172556
1151.700000000 -43.002949 204.420083 184.561377 0.225969 0.296792 0.911675 0.172343
1151.800000000 -43.072598 204.340895 184.476746 0.226297 0.296946 0.911538 0.172366
1151.900000000 -43.126617 204.279599 184.432251 0.225648 0.295408 0.912165 0.172547
1152.000000000 -43.208276 204.192377 184.358594 0.224942 0.294689 0.912603 0.172381
1152.100000000 -43.290704 204.103529 184.264036 0.225521 0.295213 0.912310 0.172277
1152.400000000 -43.556667 203.819874 183.993857 0.226283 0.295627 0.912001 0.172203
1153.000000000 -44.029749 203.390444 183.504838 0.227385 0.295461 0.911772 0.172251
1153.100000000 -44.103649 203.323933 183.433800 0.227813 0.295089 0.911733 0.172528
1153.400000000 -44.375704 203.092423 183.176719 0.228305 0.294531 0.911731 0.172842
1153.600000000 -44.537992 202.980059 183.030429 0.227827 0.295009 0.911737 0.172626
1153.800000000 -44.714681 202.843676 182.862770 0.228586 0.294690 0.911580 0.172996
1154.000000000 -44.898722 202.725408 182.650744 0.229780 0.297568 0.910435 0.172514
1154.100000000 -44.999797 202.632371 182.568282 0.230275 0.296663 0.910523 0.172952
1154.200000000 -45.058049 202.616627 182.506224 0.230287 0.296669 0.910511 0.172990
1154.300000000 -45.155124 202.543962 182.432403 0.229612 0.295367 0.911067 0.173183
1154.400000000 -45.292239 202.414354 182.303995 0.230866 0.295800 0.910553 0.173487
1155.200000000 -45.784859 202.307946 181.726035 0.230332 0.295128 0.910856 0.173748
1155.600000000 -46.242793 201.939172 181.374760 0.231493 0.296155 0.910149 0.174161
1155.700000000 -46.337034 201.870595 181.299973 0.231465 0.293903 0.910742 0.174913
1155.800000000 -46.407888 201.846493 181.226968 0.231447 0.294133 0.910675 0.174895
1155.900000000 -46.539170 201.737669 181.118387 0.231536 0.293953 0.910670 0.175110
1156.100000000 -46.655204 201.725512 180.982752 0.231126 0.292769 0.911079 0.175507
1156.300000000 -46.826036 201.642265 180.806806 0.230897 0.292107 0.911316 0.175683
1156.500000000 -47.026814 201.517538 180.600244 0.231710 0.293354 0.910675 0.175854
1156.600000000 -47.129522 201.444275 180.503470 0.232048 0.293365 0.910537 0.176104
1156.700000000 -47.194042 201.426046 180.431462 0.231893 0.293177 0.910629 0.176149
1156.800000000 -47.271074 201.389040 180.343986 0.232101 0.292677 0.910674 0.176471
1156.900000000 -47.315331 201.404872 180.282187 0.231668 0.292638 0.910833 0.176282
1157.000000000 -47.426133 201.326128 180.178261 0.232252 0.295295 0.909951 0.175636
1157.100000000 -47.502265 201.293206 180.089629 0.232677 0.296241 0.909545 0.175587
1157.300000000 -47.618192 201.264915 179.956797 0.232440 0.294644 0.909997 0.176242
1157.500000000 -47.770290 201.197496 179.769033 0.233140 0.295748 0.909476 0.176163
1157.600000000 -47.854631 201.152884 179.681405 0.232726 0.294327 0.909956 0.176605
1157.700000000 -47.935988 201.101745 179.588314 0.233473 0.296007 0.909287 0.176260
1157.800000000 -48.040031 201.026886 179.489947 0.233478 0.297996 0.908720 0.175823
1157.900000000 -48.120494 200.987426 179.396433 0.233233 0.296762 0.909097 0.176284
1158.600000000 -48.720189 200.629428 178.697717 0.232827 0.294352 0.909728 0.177604
1158.900000000 -48.979355 200.469321 178.382934 0.232997 0.294751 0.909517 0.177803
1159.100000000 -49.167182 200.336090 178.163779 0.232600 0.293997 0.909789 0.178176
1159.300000000 -49.314809 200.251430 177.974537 0.232011 0.294103 0.909904 0.178180
1159.500000000 -49.500420 200.113027 177.743159 0.232005 0.292670 0.910237 0.178844
1159.600000000 -49.571728 200.067365 177.639238 0.232188 0.293130 0.910044 0.178842
1159.700000000 -49.669842 199.994253 177.525166 0.232031 0.293640 0.909953 0.178671
1159.800000000 -49.761651 199.925319 177.409034 0.231940 0.293415 0.910011 0.178860
1160.000000000 -49.885752 199.856168 177.225695 0.231733 0.293823 0.909928 0.178881
1160.100000000 -49.984427 199.775493 177.110388 0.231449 0.292622 0.910310 0.179272
1160.200000000 -50.049861 199.735764 177.018124 0.231335 0.292835 0.910265 0.179304
1160.400000000 -50.216267 199.621156 176.797466 0.231428 0.292725 0.910258 0.179395
1160.700000000 -50.479266 199.433324 176.470421 0.231557 0.292228 0.910310 0.179778
1161.300000000 -50.955065 199.168625 175.894206 0.230897 0.289725 0.911055 0.180899
1161.600000000 -51.211369 199.050297 175.606622 0.230559 0.288755 0.911380 0.181246
1161.900000000 -51.480079 198.929776 175.327497 0.230155 0.288523 0.911537 0.181339
1162.000000000 -51.569174 198.890027 175.231523 0.230321 0.288852 0.911391 0.181337
1162.200000000 -51.752237 198.797841 175.056070 0.229873 0.287698 0.911787 0.181749
1162.500000000 -52.023199 198.672483 174.777264 0.230171 0.287708 0.911679 0.181897
1162.900000000 -52.382136 198.513214 174.402940 0.230827 0.287339 0.911578 0.182156
1163.100000000 -52.566348 198.426123 174.220330 0.230537 0.286296 0.911897 0.182569
1163.400000000 -52.886860 198.247357 173.916177 0.230301 0.286609 0.911877 0.182474
1164.500000000 -53.953454 197.668070 172.825113 0.231820 0.286459 0.911443 0.182955
1164.600000000 -53.972360 197.695685 172.779586 0.232527 0.286512 0.911233 0.183022
1164.700000000 -54.003961 197.709239 172.724925 0.233145 0.286746 0.911008 0.182988
1164.800000000 -54.110283 197.645290 172.618161 0.233361 0.286834 0.910923 0.182999
1164.900000000 -54.138492 197.666051 172.573314 0.233379 0.286663 0.910992 0.182899
1165.200000000 -54.512514 197.388667 172.200872 0.233600 0.286229 0.911006 0.183226
1165.600000000 -54.876403 197.158318 171.810839 0.233531 0.284561 0.911444 0.183733
1165.800000000 -55.003610 197.096002 171.650543 0.233978 0.285598 0.911062 0.183451
1165.900000000 -55.041192 197.092556 171.587152 0.234207 0.284631 0.911249 0.183733
1166.100000000 -55.198292 196.997757 171.403823 0.234341 0.286382 0.910787 0.183127
1166.300000000 -55.307661 196.946636 171.258502 0.234395 0.287466 0.910530 0.182640
1166.900000000 -55.748869 196.642200 170.705568 0.234739 0.286352 0.910750 0.182853
1167.000000000 -55.830791 196.578848 170.597852 0.234766 0.285323 0.911007 0.183142
1167.100000000 -55.923453 196.504240 170.483448 0.234588 0.283049 0.911611 0.183896
1167.300000000 -56.064716 196.397325 170.294810 0.234816 0.283558 0.911412 0.183805
1167.400000000 -56.182746 196.292118 170.164973 0.234681 0.284572 0.911200 0.183462
1167.500000000 -56.198505 196.297436 170.114178 0.234831 0.285125 0.911044 0.183186
1167.600000000 -56.227084 196.289303 170.055433 0.234758 0.285064 0.911095 0.183121
1167.800000000 -56.401270 196.140415 169.832656 0.234627 0.284770 0.911202 0.183214
1168.000000000 -56.496031 196.069553 169.663229 0.235246 0.284476 0.911118 0.183295
1169.300000000 -57.519184 195.118334 168.226160 0.235242 0.282960 0.911489 0.183803
1169.400000000 -57.584433 195.057750 168.127061 0.234873 0.283866 0.911365 0.183490
1169.600000000 -57.707145 194.939474 167.921876 0.235296 0.285604 0.910820 0.182957
1169.700000000 -57.782289 194.859880 167.814390 0.235263 0.286260 0.910647 0.182834
1169.800000000 -57.860361 194.779689 167.699115 0.235464 0.287028 0.910396 0.182620
1169.900000000 -57.924990 194.714600 167.596353 0.235449 0.287991 0.910152 0.182342
1170.000000000 -57.992398 194.650800 167.493026 0.235079 0.288379 0.910167 0.182132
1170.500000000 -58.312103 194.316328 166.965581 0.235754 0.288351 0.909954 0.182364
1170.600000000 -58.378325 194.248886 166.856721 0.235783 0.288587 0.909877 0.182337
1170.700000000 -58.443849 194.183234 166.750773 0.235647 0.288423 0.909962 0.182354
1170.800000000 -58.499724 194.127443 166.649811 0.235641 0.288957 0.909831 0.182167
1170.900000000 -58.573545 194.044738 166.540217 0.235633 0.289017 0.909814 0.182168
1171.000000000 -58.637627 193.977496 166.435849 0.235450 0.288734 0.909929 0.182278
1171.100000000 -58.695082 193.917538 166.328579 0.235574 0.288255 0.909995 0.182545
1171.200000000 -58.734630 193.872302 166.251821 0.235329 0.286971 0.910386 0.182934
1171.400000000 -58.888284 193.711978 166.012963 0.235641 0.288666 0.909867 0.182447
1171.500000000 -58.941416 193.650977 165.924902 0.235732 0.288132 0.909957 0.182726
1171.600000000 -58.999612 193.593282 165.814861 0.235927 0.287634 0.910005 0.183019
1171.700000000 -59.070703 193.525502 165.705211 0.235583 0.286577 0.910372 0.183295
1171.800000000 -59.136088 193.465836 165.594212 0.235484 0.285880 0.910567 0.183543
1171.900000000 -59.212289 193.391944 165.479659 0.235189 0.285010 0.910857 0.183837
1172.000000000 -59.260886 193.347324 165.389997 0.235496 0.284917 0.910782 0.183956
1172.300000000 -59.476215 193.166182 165.088615 0.235814 0.288356 0.909825 0.182923
1172.700000000 -59.789000 192.916682 164.678580 0.235286 0.285056 0.910765 0.184092
1173.000000000 -60.009019 192.781759 164.398432 0.235359 0.287615 0.910092 0.183346
1173.100000000 -60.080221 192.736362 164.311325 0.235362 0.287655 0.910072 0.183378
1173.200000000 -60.163001 192.669813 164.230179 0.235495 0.287753 0.910003 0.183398
1173.300000000 -60.240362 192.637326 164.115803 0.235431 0.288120 0.909924 0.183294
1173.400000000 -60.322720 192.594205 164.013243 0.235292 0.288515 0.909854 0.183200
1173.500000000 -60.405253 192.535515 163.932041 0.234968 0.287515 0.910194 0.183501
1174.700000000 -61.538780 191.831808 162.709844 0.235132 0.288024 0.909959 0.183657
1174.900000000 -61.693394 191.773171 162.534799 0.235213 0.288762 0.909729 0.183532
1175.200000000 -62.007479 191.592543 162.211042 0.234795 0.287683 0.910087 0.183987
1175.300000000 -62.123721 191.509037 162.083881 0.235746 0.289173 0.909411 0.183777
1175.400000000 -62.185087 191.500565 162.011356 0.235495 0.288744 0.909581 0.183931
1175.500000000 -62.244377 191.495275 161.937924 0.235407 0.288172 0.909736 0.184175
1175.600000000 -62.351292 191.428973 161.831790 0.235731 0.289433 0.909299 0.183943
1175.700000000 -62.431957 191.402127 161.742133 0.235663 0.290176 0.909132 0.183686
1176.200000000 -62.928058 191.144147 161.214403 0.235745 0.290684 0.908933 0.183758
1176.300000000 -63.034891 191.080603 161.105554 0.235644 0.291262 0.908796 0.183654
1176.600000000 -63.296897 190.957653 160.829108 0.235492 0.290781 0.908950 0.183845
1176.700000000 -63.426300 190.867162 160.706697 0.235284 0.291094 0.908927 0.183730
1176.900000000 -63.596987 190.790453 160.519941 0.234971 0.290226 0.909224 0.184037
1177.100000000 -63.727324 190.746744 160.377823 0.234603 0.288843 0.909652 0.184565
1177.200000000 -63.834805 190.679159 160.267226 0.234807 0.289573 0.909401 0.184402
1177.400000000 -64.060536 190.534174 160.028000 0.235225 0.291259 0.908849 0.183931
1178.500000000 -65.041816 189.961850 158.931770 0.235160 0.291302 0.908813 0.184122
1178.800000000 -65.314934 189.782652 158.618532 0.235030 0.290946 0.908921 0.184321
1178.900000000 -65.407502 189.713641 158.511658 0.235482 0.292840 0.908277 0.183919
1179.100000000 -65.539674 189.637724 158.343912 0.235914 0.293486 0.907981 0.183795
1179.300000000 -65.773706 189.450230 158.089501 0.235554 0.292916 0.908213 0.184023
1179.800000000 -66.181124 189.152584 157.595692 0.236023 0.294485 0.907642 0.183732
1179.900000000 -66.250409 189.103579 157.498280 0.236014 0.294444 0.907646 0.183792
1180.000000000 -66.305533 189.069004 157.416058 0.236294 0.294931 0.907424 0.183746
1180.100000000 -66.374603 189.018626 157.321929 0.236823 0.296072 0.906984 0.183402
1180.500000000 -66.733081 188.711543 156.893668 0.237377 0.298289 0.906214 0.182896
1180.900000000 -67.052226 188.437979 156.477480 0.237530 0.297011 0.906478 0.183471
1181.100000000 -67.187663 188.328396 156.287870 0.237287 0.297007 0.906556 0.183408
1181.200000000 -67.280908 188.244646 156.174669 0.237315 0.296404 0.906699 0.183639
1181.300000000 -67.342670 188.195121 156.083083 0.237563 0.296860 0.906497 0.183578
1181.400000000 -67.403285 188.147356 155.997179 0.237684 0.298057 0.906148 0.183203
1181.500000000 -67.479854 188.082738 155.897393 0.237686 0.297348 0.906321 0.183498
1182.900000000 -68.635828 187.287915 154.538246 0.238381 0.296229 0.906441 0.183816
1183.000000000 -68.708716 187.256846 154.480096 0.238246 0.296715 0.906333 0.183739
1183.100000000 -68.814603 187.209478 154.375003 0.237789 0.295108 0.906887 0.184185
1183.200000000 -68.907698 187.178474 154.292342 0.236998 0.294046 0.907410 0.184327
1183.700000000 -69.453825 186.940922 153.860522 0.236842 0.295826 0.907006 0.183666
1184.100000000 -69.940076 186.768550 153.508930 0.237144 0.296669 0.906683 0.183513
1184.200000000 -70.068550 186.721505 153.424998 0.237447 0.296703 0.906576 0.183593
1184.300000000 -70.220112 186.647843 153.336269 0.237532 0.298034 0.906180 0.183279
1184.400000000 -70.367936 186.579090 153.238090 0.238619 0.299282 0.905530 0.183049
1184.500000000 -70.453885 186.605418 153.180411 0.237835 0.296678 0.906457 0.183719
1185.300000000 -71.539815 186.332222 152.578837 0.239288 0.299390 0.905285 0.183211
1186.000000000 -72.524861 186.143172 152.064173 0.239504 0.297691 0.905576 0.184254
1186.400000000 -73.043121 186.096669 151.816141 0.240094 0.300391 0.904684 0.183485
1186.900000000 -73.750983 185.958200 151.457074 0.240225 0.299848 0.904769 0.183781
1187.000000000 -73.867219 185.955388 151.398013 0.240667 0.299998 0.904570 0.183942
1187.100000000 -73.989244 185.949987 151.348396 0.240061 0.300878 0.904551 0.183385
1187.200000000 -74.143236 185.898778 151.260719 0.240374 0.301147 0.904356 0.183497
1187.300000000 -74.289455 185.858012 151.176497 0.240819 0.301082 0.904232 0.183634
1188.100000000 -75.246300 185.564468 150.574203 0.231357 0.304112 0.906332 0.180421
1188.200000000 -75.350847 185.519589 150.498079 0.232118 0.304156 0.906055 0.180760
1188.300000000 -75.406126 185.529913 150.443450 0.231722 0.301013 0.907011 0.181734
1188.600000000 -75.681486 185.368129 150.210036 0.233894 0.303402 0.905690 0.181568
1188.700000000 -75.767595 185.316197 150.139778 0.233229 0.303851 0.905773 0.181254
1188.800000000 -75.827847 185.279325 150.075873 0.233855 0.303151 0.905736 0.181805
1188.900000000 -75.883800 185.254560 150.012562 0.233177 0.302534 0.906123 0.181776
1189.700000000 -76.276515 184.847097 149.441813 0.235580 0.303876 0.904965 0.182208
1189.800000000 -76.310601 184.789215 149.372294 0.236054 0.304691 0.904589 0.182101
1189.900000000 -76.355201 184.710571 149.304678 0.236439 0.306616 0.903950 0.181544
1190.100000000 -76.386031 184.633847 149.173156 0.235227 0.305090 0.904741 0.181750
1190.200000000 -76.405234 184.574477 149.100029 0.236132 0.305424 0.904310 0.182156
1190.500000000 -76.431558 184.392771 148.899622 0.238233 0.305932 0.903519 0.182492
1190.600000000 -76.434484 184.339153 148.825728 0.238455 0.305417 0.903584 0.182743
1190.700000000 -76.438107 184.285880 148.762812 0.238543 0.305649 0.903470 0.182805
1191.100000000 -76.412814 184.054684 148.508314 0.238499 0.305686 0.903422 0.183038
1191.300000000 -76.374940 183.966543 148.391417 0.237274 0.304963 0.904055 0.182708
1191.400000000 -76.371465 183.887237 148.309481 0.238578 0.305026 0.903608 0.183117
1191.700000000 -76.323298 183.688684 148.112128 0.241181 0.306637 0.902316 0.183387
1192.000000000 -76.236789 183.518177 147.912953 0.252568 0.303676 0.899404 0.187248
1192.200000000 -76.192642 183.371147 147.782494 0.253404 0.304281 0.898930 0.187415
1192.300000000 -76.156934 183.306929 147.716839 0.253126 0.303897 0.899130 0.187455
1192.400000000 -76.136877 183.227274 147.634907 0.252790 0.304711 0.899015 0.187139
1193.100000000 -75.951441 182.710474 147.093353 0.250591 0.305718 0.899447 0.186373
1193.200000000 -75.920790 182.640984 147.002420 0.251211 0.306441 0.899038 0.186325
1193.300000000 -75.880554 182.575154 146.938803 0.251137 0.306691 0.899004 0.186179
1193.400000000 -75.857331 182.493949 146.856637 0.251204 0.307252 0.898796 0.186166
1193.500000000 -75.839983 182.404691 146.769956 0.251098 0.308015 0.898638 0.185815
1193.700000000 -75.786221 182.252637 146.592815 0.252039 0.308267 0.898269 0.185905
1193.800000000 -75.766351 182.169799 146.516126 0.251915 0.308530 0.898222 0.185867
1193.900000000 -75.734002 182.100214 146.443600 0.251412 0.308043 0.898513 0.185948
1194.300000000 -75.670637 181.768019 146.108231 0.250791 0.308515 0.898537 0.185885
1194.900000000 -75.649241 181.233011 145.578282 0.250249 0.306743 0.899149 0.186588
1195.100000000 -75.605681 181.125022 145.433916 0.250049 0.307682 0.898948 0.186279
1195.200000000 -75.623014 181.035504 145.329713 0.249942 0.309014 0.898656 0.185626
1195.800000000 -75.675441 180.550420 144.825590 0.249284 0.307655 0.899197 0.186147
1195.900000000 -75.686210 180.477239 144.726496 0.250193 0.308678 0.898571 0.186255
1196.200000000 -75.780242 180.204003 144.465533 0.249178 0.306281 0.899540 0.186898
1196.300000000 -75.781475 180.158320 144.376813 0.249794 0.306795 0.899203 0.186851
1196.500000000 -75.839666 180.016426 144.206034 0.250011 0.309196 0.898428 0.186334
1196.700000000 -75.864088 179.916810 144.074372 0.250055 0.310252 0.898087 0.186159
1196.800000000 -75.939421 179.805484 143.966112 0.249635 0.308911 0.898586 0.186546
1196.900000000 -75.974082 179.733355 143.891644 0.249427 0.307802 0.898954 0.186883
1197.000000000 -76.003066 179.680117 143.809268 0.249481 0.307802 0.898953 0.186817
1197.300000000 -76.080228 179.546764 143.596020 0.250207 0.309116 0.898318 0.186730
1197.400000000 -76.155728 179.448602 143.495276 0.250526 0.309104 0.898200 0.186893
1197.500000000 -76.219970 179.359249 143.425825 0.250024 0.307259 0.898858 0.187442
1197.600000000 -76.260529 179.312859 143.342171 0.250429 0.307614 0.898613 0.187490
1197.800000000 -76.353867 179.225968 143.199755 0.249789 0.308454 0.898602 0.187020
1197.900000000 -76.393354 179.190295 143.128859 0.249874 0.309010 0.898411 0.186905
1198.000000000 -76.442646 179.137790 143.064738 0.249899 0.308604 0.898488 0.187169
1198.100000000 -76.519208 179.057290 142.988804 0.249749 0.308135 0.898640 0.187414
1198.400000000 -76.699872 178.923994 142.760201 0.249897 0.308174 0.898572 0.187479
1198.500000000 -76.755094 178.892149 142.695395 0.249723 0.308189 0.898630 0.187410
1198.700000000 -76.844952 178.841947 142.605298 0.249318 0.306351 0.899246 0.188006
1198.800000000 -76.960124 178.738178 142.488640 0.250115 0.307124 0.898763 0.187995
1199.200000000 -77.286836 178.535189 142.198657 0.249974 0.307019 0.898802 0.188167
1199.300000000 -77.372107 178.483681 142.130638 0.249935 0.306936 0.898828 0.188230
1199.400000000 -77.457409 178.446805 142.048994 0.250098 0.308121 0.898442 0.187919
1199.600000000 -77.626665 178.362556 141.913801 0.250059 0.308472 0.898360 0.187791
1199.700000000 -77.721827 178.309716 141.833251 0.250126 0.308639 0.898267 0.187868
1199.800000000 -77.808818 178.258354 141.778779 0.249866 0.307549 0.898649 0.188176
1200.000000000 -77.990442 178.180927 141.634569 0.250023 0.308614 0.898275 0.188009
1200.100000000 -78.081099 178.133312 141.565144 0.249922 0.307931 0.898508 0.188154
1200.300000000 -78.275292 178.051381 141.422940 0.250221 0.308518 0.898210 0.188214
1201.000000000 -78.969611 177.754722 140.956093 0.249946 0.306412 0.898855 0.188941
1202.000000000 -80.013068 177.349937 140.285510 0.249903 0.305013 0.899195 0.189641
1202.100000000 -80.185414 177.246934 140.150292 0.251183 0.310897 0.897188 0.187894
1202.200000000 -80.312403 177.188472 140.065658 0.251929 0.314225 0.896014 0.186959
1202.300000000 -80.505927 177.067261 139.908436 0.252787 0.320228 0.893980 0.185343
1203.200000000 -81.508289 176.605999 139.252926 0.254215 0.323048 0.892611 0.185096
1203.500000000 -81.823923 176.483130 139.010944 0.253971 0.324029 0.892396 0.184755
1203.700000000 -82.018250 176.422331 138.832507 0.254643 0.326084 0.891544 0.184323
1203.800000000 -82.119523 176.367632 138.760834 0.254945 0.325966 0.891473 0.184460
1204.000000000 -82.345605 176.286650 138.544646 0.254774 0.326971 0.891196 0.184251
1204.300000000 -82.634252 176.159283 138.312595 0.254699 0.327841 0.890943 0.184035
1205.800000000 -82.908734 176.782688 137.606694 0.241486 0.251899 0.914122 0.206426
1206.200000000 -83.223465 176.569486 137.269631 0.240877 0.244835 0.915718 0.208554
1206.400000000 -83.353383 176.559299 137.014135 0.242186 0.250627 0.914094 0.207280
1206.500000000 -83.490188 176.452511 136.873280 0.240933 0.248859 0.914813 0.207696
1207.000000000 -83.859838 176.282789 136.275374 0.242321 0.258527 0.912311 0.205261
1207.400000000 -84.154630 176.112042 135.785343 0.243021 0.261298 0.911414 0.204911
1207.600000000 -84.261297 176.032711 135.615686 0.243450 0.261300 0.911272 0.205030
1207.700000000 -84.286291 175.953432 135.643132 0.242242 0.253651 0.913296 0.207053
1207.800000000 -84.421891 175.875465 135.423676 0.242793 0.257423 0.912291 0.206179
1207.900000000 -84.430451 175.866241 135.388236 0.242596 0.256727 0.912484 0.206427
1208.100000000 -84.529118 175.828094 135.144403 0.244057 0.260568 0.911190 0.205606
1208.300000000 -84.579828 175.817485 134.962248 0.244712 0.262168 0.910579 0.205496
1208.700000000 -84.779295 175.647959 134.598664 0.244219 0.261454 0.910823 0.205915
1208.900000000 -84.804112 175.662762 134.433925 0.244622 0.264752 0.909948 0.205086
1209.000000000 -84.941206 175.513996 134.283335 0.244300 0.262416 0.910533 0.205876
1209.500000000 -85.033710 175.397430 133.996867 0.244111 0.259074 0.911296 0.206954
1209.700000000 -85.132782 175.307158 133.798766 0.244349 0.257873 0.911468 0.207415
1210.000000000 -85.152605 175.279888 133.649466 0.244437 0.257857 0.911422 0.207531
1210.300000000 -85.215687 175.248665 133.445911 0.244398 0.259432 0.911070 0.207161
1210.600000000 -85.412981 175.117168 133.113637 0.243083 0.257642 0.911802 0.207720
1210.800000000 -85.535367 175.058783 132.890136 0.243074 0.258539 0.911595 0.207526
1211.400000000 -86.073230 174.709547 132.289468 0.239964 0.258646 0.912445 0.207275
1211.900000000 -86.545981 174.464035 131.839053 0.237815 0.252654 0.914282 0.209040
1212.200000000 -86.842380 174.391188 131.505222 0.239018 0.253759 0.913617 0.209239
1212.300000000 -86.967191 174.339647 131.389183 0.237698 0.245711 0.915642 0.211486
1212.600000000 -87.207004 174.409318 131.062544 0.239167 0.245529 0.915097 0.212395
1212.700000000 -87.323313 174.374917 130.986112 0.238276 0.241684 0.916138 0.213318
1212.800000000 -87.471507 174.301867 130.896762 0.238229 0.242526 0.915924 0.213333
1212.900000000 -87.566433 174.313341 130.805022 0.237934 0.239862 0.916521 0.214108
1213.000000000 -87.656018 174.331556 130.707209 0.238425 0.238122 0.916688 0.214789
1213.200000000 -87.851274 174.369819 130.497841 0.238622 0.233541 0.917401 0.216551
1213.400000000 -88.043876 174.409218 130.347882 0.238738 0.225500 0.918868 0.218715
1213.500000000 -88.191336 174.348578 130.287768 0.235170 0.223552 0.920221 0.218892
1213.600000000 -88.331740 174.285664 130.232837 0.236014 0.220888 0.920449 0.219724
1213.700000000 -88.377463 174.394758 130.114038 0.237213 0.214912 0.921066 0.221767
1213.900000000 -88.443769 174.528568 130.129536 0.234286 0.207201 0.921035 0.232105
1214.000000000 -88.545860 174.548758 130.038996 0.234048 0.213013 0.918879 0.235600
1214.200000000 -88.419856 174.813298 130.335067 0.234800 0.204120 0.919194 0.241425
1215.200000000 -88.980410 175.151738 130.856519 0.306977 0.649627 0.692474 0.065042
1215.500000000 -89.270217 174.968617 131.023338 0.306318 0.653214 0.689929 0.058975
1216.000000000 -89.689701 174.645745 131.383923 0.305971 0.631171 0.709754 0.065226
1216.100000000 -89.693697 174.785300 131.363088 0.301812 0.652590 0.693721 0.042281
1216.200000000 -89.754440 174.763584 131.444094 0.308893 0.645782 0.696831 0.044468
1216.700000000 -90.057545 174.425390 131.755899 0.311577 0.615152 0.721537 0.062393
1216.900000000 -90.117181 174.593861 131.650562 0.318749 0.604509 0.726385 0.073031
1217.100000000 -90.012159 174.660674 131.821793 0.309231 0.630660 0.710029 0.050028
1217.300000000 -90.102475 174.639414 131.859020 0.314754 0.626358 0.710948 0.056193
1217.500000000 -90.069672 174.626278 132.004863 0.313763 0.625010 0.712559 0.056341
1217.600000000 -90.100662 174.522199 132.112418 0.313911 0.624410 0.712967 0.057004
1217.700000000 -90.119386 174.393777 132.255234 0.312807 0.630766 0.708257 0.051563
1217.800000000 -90.048691 174.356787 132.359333 0.308896 0.630496 0.710411 0.048738
1217.900000000 -90.015056 174.278186 132.484519 0.310098 0.628325 0.711691 0.050423
1218.200000000 -89.852081 174.217327 132.975181 0.304597 0.679234 0.667507 0.017225
1218.300000000 -89.981340 173.738862 133.209111 0.308590 0.691575 0.652955 0.012058
1218.400000000 -90.048435 173.560807 133.239682 0.322632 0.650887 0.685647 0.046279
1218.500000000 -90.134327 173.393786 133.103391 0.327782 0.634307 0.697448 0.061478
1219.100000000 -90.295407 173.215970 132.579521 0.347625 0.630965 0.688817 0.081057
1219.200000000 -90.246608 172.963625 132.907983 0.349126 0.625291 0.692851 0.084135
1219.300000000 -90.262085 172.624258 133.292427 0.355908 0.620195 0.693172 0.090561
1219.400000000 -90.334224 172.194654 133.649718 0.358640 0.614354 0.696187 0.096282
1219.600000000 -90.344122 171.643969 134.358023 0.362262 0.581652 0.718534 0.118980
1219.700000000 -90.335616 171.693489 134.139422 0.359096 0.610553 0.698037 0.104975
1220.300000000 -90.055096 171.692115 133.868118 0.249728 0.642664 0.723823 -0.026445
1220.500000000 -90.644263 171.170083 132.939660 0.270162 0.652186 0.708125 -0.014965
1220.600000000 -90.956678 170.909757 132.555646 0.288905 0.646383 0.706183 0.005385
1220.900000000 -90.266870 171.756634 132.785527 0.388196 0.653767 0.621723 0.188025
1221.000000000 -90.205603 171.846749 132.692585 0.382985 0.654072 0.625248 0.185950
1221.200000000 -90.466342 171.765478 132.106332 0.409022 0.668438 0.590514 0.192834
1221.300000000 -90.958485 171.227119 132.034520 0.390686 0.660997 0.614627 0.180781
1221.500000000 -90.015184 172.011028 132.404045 0.388935 0.660850 0.617519 0.175150
1221.900000000 -88.954600 172.535396 133.045727 0.359022 0.640305 0.660718 0.156731
1222.000000000 -89.562837 172.073091 132.933696 0.358659 0.639640 0.659552 0.164973
1222.300000000 -89.300109 172.384258 132.667388 0.365483 0.636094 0.658479 0.167963
1222.500000000 -89.600103 172.368448 132.056478 0.380243 0.643948 0.641223 0.171988
1222.700000000 -89.908599 172.256111 131.584364 0.395138 0.644612 0.629057 0.180634
1223.100000000 -90.156291 171.821137 131.978383 0.425662 0.577025 0.653250 0.243142
1223.200000000 -90.335369 171.944294 131.881918 0.457117 0.575449 0.626628 0.259307
1223.300000000 -90.476257 171.842724 131.719163 0.478054 0.605520 0.583248 0.254226
1223.400000000 -90.536264 171.893770 131.555207 0.478173 0.611512 0.579772 0.247525
1223.700000000 -86.817327 173.276182 130.102707 0.261954 0.583061 0.760587 0.113695
1223.900000000 -86.845436 173.429956 129.770474 0.224385 0.572887 0.783236 0.089400
1224.000000000 -86.828030 173.417030 129.626222 0.239499 0.592682 0.763389 0.092768
1224.100000000 -86.830699 173.570085 129.557763 0.235027 0.583614 0.772077 0.089744
1224.700000000 -86.530093 173.491931 131.277725 0.094091 0.589025 0.799160 0.074427
1225.500000000 -87.750824 171.418690 134.354476 0.076776 0.611305 0.787240 0.025804
1225.800000000 -87.349678 171.545839 135.773886 0.028735 0.533197 0.844317 -0.044755
1225.900000000 -87.346753 171.585916 135.925708 0.045493 0.530430 0.845485 -0.041592
1226.000000000 -87.293124 171.694256 136.044770 0.056120 0.552919 0.830412 -0.039341
1226.100000000 -87.321184 171.855266 136.055191 0.058514 0.540909 0.838194 -0.037744
1226.400000000 -87.410812 171.198230 136.861246 -0.028790 0.540665 0.840015 -0.035022
1226.500000000 -87.496249 171.121226 137.060351 0.259938 0.609310 0.739708 0.118348
1226.700000000 -89.330799 170.540506 139.464825 0.623423 0.532073 0.456557 0.346118
1226.800000000 -89.743496 170.245873 140.425904 0.742391 0.554870 0.328856 0.181188
1227.600000000 -88.484040 168.745348 142.830539 0.771101 0.356686 0.524708 0.053478
1227.800000000 -88.415147 168.568657 143.015041 0.765629 0.346632 0.537899 0.065750
1227.900000000 -88.393450 168.597726 143.000787 0.765948 0.348235 0.536663 0.063636
1228.000000000 -88.182380 168.691575 142.891003 0.768512 0.355604 0.529163 0.054042
1228.100000000 -88.002428 168.882075 142.709451 0.770129 0.352122 0.528526 0.059756
1228.200000000 -88.017251 168.805001 142.771482 0.769447 0.348242 0.531474 0.064917
1229.200000000 -88.398734 168.120016 143.208037 0.760363 0.329420 0.553106 0.086052
1229.600000000 -88.190840 168.057607 143.043005 0.759052 0.323061 0.557538 0.092862
1229.800000000 -88.036558 168.176469 142.805867 0.759295 0.322297 0.558482 0.087718
1229.900000000 -87.907624 168.294110 142.624637 0.759917 0.320307 0.558461 0.089724
1230.000000000 -87.727008 168.442547 142.409783 0.761546 0.319195 0.556571 0.091605
1230.100000000 -87.642526 168.425033 142.354926 0.762004 0.317978 0.556334 0.093451
1230.400000000 -87.412392 168.801905 141.855657 0.769698 0.338943 0.536868 0.066749
1230.600000000 -87.266387 168.941818 141.645593 0.770181 0.338074 0.536499 0.068533
1230.700000000 -87.186807 168.904226 141.625462 0.769561 0.335668 0.538482 0.071695
1230.900000000 -86.828189 169.226998 141.230411 0.770131 0.339215 0.536065 0.066825
1231.400000000 -87.157779 169.637273 140.821180 0.763392 0.455097 0.445892 -0.106296
1231.500000000 -87.139108 169.530819 140.874408 0.763269 0.452410 0.449648 -0.102774
1231.600000000 -87.096395 169.573156 140.804863 0.762207 0.454410 0.448491 -0.106806
1231.700000000 -87.015036 169.661102 140.688866 0.762473 0.452617 0.450537 -0.103869
1231.900000000 -87.007010 170.036737 140.337322 0.762916 0.451454 0.451666 -0.100730
1232.000000000 -86.916249 170.006371 140.310420 0.762472 0.451665 0.451997 -0.101655
1232.100000000 -86.891897 170.024998 140.254300 0.762997 0.450851 0.452380 -0.099609
1232.200000000 -86.921722 170.256996 140.038754 0.763975 0.448802 0.453732 -0.095107
1232.400000000 -86.835276 170.658116 139.644623 0.762911 0.452102 0.451131 -0.100253
1232.500000000 -86.780699 170.604865 139.635078 0.763971 0.447667 0.455432 -0.092330
1232.800000000 -86.999660 170.521818 139.614908 0.729458 0.531097 0.357677 -0.240611
1232.900000000 -86.944815 170.476329 139.598481 0.729123 0.531395 0.357513 -0.241213
1233.200000000 -87.086172 170.927444 139.165033 0.729684 0.530409 0.359859 -0.238178
1233.300000000 -87.138904 171.074528 139.022068 0.729403 0.530572 0.359930 -0.238567
1233.400000000 -87.200661 171.223981 138.878895 0.729180 0.531003 0.359605 -0.238781
1233.600000000 -87.326207 171.559114 138.546692 0.730854 0.529070 0.362820 -0.233022
1233.700000000 -87.368918 171.665661 138.425785 0.731303 0.528272 0.364396 -0.230954
1233.800000000 -87.425157 171.818264 138.271171 0.731418 0.528172 0.364865 -0.230076
1235.700000000 -86.195113 171.587902 137.436115 0.334965 -0.226241 0.583889 0.704051
1235.800000000 -86.164906 171.491610 137.409502 0.337237 -0.225836 0.583902 0.703084
1235.900000000 -86.220171 171.478897 137.352391 0.337522 -0.226690 0.583128 0.703315
1236.200000000 -86.146194 171.233592 137.333358 0.340954 -0.222806 0.584740 0.701560
1236.300000000 -86.140188 171.137939 137.338296 0.342305 -0.222576 0.584675 0.701029
1236.500000000 -86.160326 170.923721 137.346740 0.342721 -0.226803 0.582689 0.701125
1236.600000000 -86.115412 170.778651 137.382558 0.346258 -0.224271 0.583698 0.699360
1236.700000000 -86.012924 170.595066 137.440856 0.351059 -0.220223 0.585488 0.696752
1236.800000000 -86.057557 170.525369 137.452009 0.346711 -0.224690 0.583682 0.699015
1236.900000000 -86.081230 170.474422 137.431003 0.347999 -0.225209 0.583178 0.698628
1237.100000000 -86.080932 170.231905 137.498780 0.349368 -0.226636 0.582499 0.698049
1237.200000000 -86.111002 170.169806 137.489042 0.348408 -0.228818 0.581335 0.698788
1237.300000000 -86.036360 170.024713 137.533639 0.352599 -0.224462 0.583458 0.696325
1237.400000000 -86.057405 169.945354 137.539528 0.353897 -0.225363 0.582798 0.695928
1237.500000000 -86.044400 169.873740 137.538897 0.355005 -0.225381 0.582654 0.695478
1237.600000000 -86.008415 169.806615 137.542209 0.357994 -0.221487 0.584691 0.693484
1237.900000000 -85.988072 169.542821 137.597981 0.360932 -0.221330 0.584563 0.692118
1238.000000000 -85.953350 169.465728 137.615745 0.363696 -0.219028 0.585460 0.690643
1238.100000000 -85.910524 169.340378 137.631784 0.366146 -0.218622 0.585706 0.689268
1239.200000000 -84.826805 168.355036 133.962020 0.322138 -0.330847 0.554495 0.692317
1239.400000000 -84.653204 166.316953 138.160288 0.034060 -0.406204 0.479350 0.777214
1239.500000000 -84.744564 165.533973 138.843428 0.089255 -0.362302 0.513437 0.772757
1239.700000000 -84.802703 165.396856 138.934433 0.068909 -0.382174 0.500253 0.773913
1239.800000000 -84.842740 165.324055 138.989192 0.068849 -0.382826 0.500269 0.773586
1239.900000000 -85.011937 165.216947 139.070339 0.074893 -0.381196 0.502998 0.772058
1240.200000000 -85.088981 165.311501 138.990483 0.096053 -0.362675 0.515837 0.770164
1240.600000000 -85.433803 165.144064 139.190603 0.114267 -0.350697 0.526411 0.766059
1240.700000000 -85.256414 164.959594 139.285727 0.106516 -0.358662 0.521660 0.766738
1240.800000000 -85.432860 164.909954 139.350377 0.105354 -0.360540 0.521320 0.766248
1241.000000000 -85.633698 164.695446 139.627724 0.101559 -0.364841 0.519058 0.766261
1241.100000000 -85.666328 164.675849 139.665642 0.106578 -0.360551 0.521892 0.765685
1241.300000000 -85.746001 164.616988 139.749955 0.109373 -0.357955 0.523890 0.765144
1241.600000000 -85.878595 164.445574 139.947270 0.113918 -0.356940 0.525880 0.763588
1241.800000000 -86.035171 164.314964 140.122233 0.114358 -0.357272 0.526359 0.763037
1241.900000000 -86.010906 164.216639 140.208441 0.113690 -0.359053 0.525707 0.762750
1242.000000000 -86.148198 164.110630 140.333062 0.115584 -0.360182 0.525965 0.761754
1242.100000000 -86.152655 164.068015 140.377521 0.115727 -0.360748 0.526104 0.761369
1242.600000000 -86.490667 163.762849 140.792061 0.116097 -0.363762 0.525400 0.760364
1242.700000000 -86.643096 163.702902 140.850036 0.116864 -0.365995 0.524890 0.759527
1242.800000000 -86.657793 163.639090 140.906434 0.119683 -0.366897 0.525458 0.758259
1242.900000000 -86.756605 163.560740 141.019532 0.120980 -0.365035 0.526661 0.758117
1243.000000000 -86.846278 163.499732 141.086350 0.121638 -0.365780 0.527010 0.757410
1243.300000000 -87.016716 163.333496 141.335506 0.123391 -0.367599 0.527202 0.756111
1243.700000000 -87.290185 163.069887 141.770527 0.124137 -0.369655 0.526897 0.755198
1244.100000000 -87.515923 162.809523 142.235625 0.125547 -0.370870 0.527573 0.753896
1244.300000000 -87.628808 162.469590 142.641791 0.122627 -0.376263 0.525330 0.753271
1244.400000000 -87.689842 162.412336 142.695926 0.125181 -0.378416 0.524989 0.752009
1244.700000000 -87.793213 162.261447 143.014980 0.127149 -0.380143 0.524399 0.751219
1244.800000000 -87.831974 162.232647 143.074681 0.128253 -0.383337 0.523534 0.750011
1244.900000000 -87.856857 162.188213 143.177770 0.128172 -0.384747 0.523113 0.749596
1245.100000000 -87.995018 162.106038 143.433047 0.130065 -0.385173 0.523220 0.748976
1245.400000000 -88.118060 163.223440 142.821227 0.162623 -0.349644 0.544432 0.744914
1245.600000000 -88.181334 163.192778 143.101761 0.163309 -0.346271 0.545581 0.745499
1245.900000000 -88.426720 163.747591 142.909878 0.142946 -0.365901 0.533870 0.748776
1246.000000000 -88.441494 163.719028 143.037528 0.143624 -0.367800 0.533355 0.748083
1246.100000000 -88.472719 163.732308 143.122853 0.141950 -0.368060 0.533229 0.748364
1246.300000000 -88.577431 163.634758 143.430701 0.144976 -0.366627 0.534338 0.747696
1246.600000000 -88.676269 163.615680 143.772813 0.149654 -0.365610 0.536232 0.745914
1246.700000000 -88.686295 163.589802 143.896005 0.150182 -0.367600 0.535553 0.745318
1246.800000000 -88.687397 163.796402 143.839402 0.153787 -0.361282 0.538908 0.745254
1246.900000000 -88.755434 163.959240 143.817068 0.160364 -0.355153 0.542027 0.744552
1247.500000000 -89.033475 164.831543 143.690462 0.139285 -0.370260 0.533396 0.747660
1247.600000000 -89.039449 164.956813 143.695998 0.140336 -0.368733 0.534484 0.747441
1247.700000000 -89.125592 164.916074 143.862088 0.136904 -0.369455 0.533742 0.748251
1247.800000000 -89.109147 164.848625 144.028895 0.143104 -0.363544 0.538106 0.746860
1247.900000000 -89.171474 164.721220 144.245861 0.140667 -0.367197 0.535929 0.747101
1248.000000000 -89.181779 164.719690 144.332473 0.141324 -0.369542 0.534911 0.746550
1248.500000000 -89.302412 164.708346 144.774672 0.153480 -0.374704 0.535352 0.741241
1248.600000000 -89.314167 164.667509 144.901847 0.158344 -0.368619 0.538351 0.741097
1248.700000000 -89.340123 164.605466 145.021004 0.157776 -0.370176 0.537257 0.741236
1248.800000000 -89.382203 164.591299 145.070988 0.158529 -0.373339 0.536215 0.740243
1249.000000000 -89.432560 164.522524 145.224011 0.156361 -0.372382 0.536022 0.741326
1249.300000000 -89.492118 164.356916 145.507042 0.160660 -0.369149 0.537740 0.740779
1249.500000000 -89.555201 164.312003 145.604459 0.159280 -0.369069 0.538128 0.740835
1249.600000000 -89.583297 164.275399 145.659262 0.159121 -0.369679 0.537865 0.740756
1249.700000000 -89.593112 164.142460 145.766787 0.166736 -0.372509 0.537251 0.738104
1249.800000000 -89.612628 164.137467 145.780982 0.166927 -0.372507 0.537615 0.737797
1250.000000000 -89.675431 164.002469 145.930362 0.163439 -0.369992 0.538116 0.739476
1250.100000000 -89.698898 163.926032 146.005836 0.162221 -0.368209 0.539136 0.739891
1250.200000000 -89.727229 163.922809 145.989535 0.164520 -0.370122 0.538488 0.738901
1250.300000000 -89.759905 163.851756 146.044909 0.163603 -0.370520 0.538141 0.739157
1250.500000000 -89.830131 163.716803 146.127774 0.164390 -0.371594 0.537374 0.739002
1250.800000000 -89.922822 163.497613 146.247439 0.161627 -0.369193 0.538105 0.740281
1251.400000000 -90.122937 163.012416 146.431089 0.158123 -0.366966 0.538835 0.741613
1251.600000000 -90.183033 162.853054 146.438473 0.158072 -0.368740 0.538192 0.741211
1251.800000000 -90.252040 162.671227 146.473225 0.157458 -0.368851 0.538118 0.741340
1252.000000000 -90.312622 162.491271 146.491763 0.157216 -0.368895 0.538393 0.741170
1252.100000000 -90.345401 162.423079 146.483415 0.156324 -0.366516 0.539024 0.742080
1252.400000000 -90.438640 162.160801 146.491081 0.156038 -0.366798 0.539173 0.741892
1252.600000000 -90.502526 161.990844 146.468364 0.155740 -0.366200 0.539395 0.742089
1252.800000000 -90.556966 161.842154 146.426785 0.151586 -0.360667 0.540656 0.744737
1252.900000000 -90.589030 161.763421 146.417818 0.148766 -0.357088 0.541847 0.746162
1253.000000000 -90.615932 161.682477 146.403858 0.148579 -0.356290 0.542200 0.746325
1253.200000000 -90.681987 161.518205 146.426516 0.147153 -0.353969 0.542715 0.747337
1253.400000000 -90.749437 161.344888 146.453124 0.146579 -0.356415 0.541855 0.746911
1253.600000000 -90.805764 161.191217 146.467182 0.147713 -0.356923 0.541781 0.746499
1253.700000000 -90.835444 161.118271 146.481139 0.147382 -0.356145 0.541991 0.746783
1253.900000000 -90.906747 160.969867 146.517062 0.147183 -0.357098 0.541607 0.746646
1254.000000000 -90.929469 160.891503 146.534115 0.147123 -0.358184 0.541315 0.746349
1254.200000000 -91.013075 160.753993 146.599911 0.145771 -0.357993 0.541042 0.746904
1254.400000000 -91.071666 160.604793 146.672228 0.145860 -0.357958 0.541196 0.746792
1254.700000000 -91.155450 160.415577 146.770232 0.147339 -0.358229 0.541177 0.746385
1254.900000000 -91.229446 160.287030 146.875814 0.145697 -0.358144 0.540859 0.746978
1255.000000000 -91.258919 160.219843 146.932291 0.144956 -0.358315 0.540683 0.747168
1255.100000000 -91.284209 160.162049 146.979673 0.146295 -0.358091 0.540898 0.746859
1255.200000000 -91.326502 160.092963 147.051310 0.145050 -0.358238 0.540662 0.747202
1255.300000000 -91.361336 160.038419 147.098721 0.145514 -0.358372 0.540678 0.747036
1255.400000000 -91.407836 159.976546 147.170987 0.143708 -0.358813 0.540199 0.747520
1255.800000000 -91.541052 159.741678 147.440971 0.144046 -0.359089 0.540074 0.747413
1256.000000000 -91.640103 159.621613 147.599095 0.142610 -0.360369 0.539107 0.747770
1256.200000000 -91.711410 159.519130 147.758236 0.141848 -0.360831 0.538747 0.747952
1256.300000000 -91.748408 159.449471 147.873479 0.140613 -0.360450 0.538593 0.748480
1256.700000000 -91.870602 159.280494 148.173446 0.140626 -0.359428 0.538742 0.748861
1256.800000000 -91.913521 159.224117 148.280085 0.140285 -0.358587 0.538863 0.749241
1256.900000000 -91.936695 159.143743 148.400629 0.140353 -0.358291 0.538943 0.749312
1257.000000000 -91.971913 159.122299 148.468978 0.140674 -0.358522 0.538846 0.749212
1257.200000000 -92.031443 159.079315 148.614646 0.139360 -0.358034 0.538738 0.749768
1257.300000000 -92.065354 159.056185 148.683928 0.139884 -0.358445 0.538731 0.749479
1257.600000000 -92.177994 158.936922 148.980504 0.137950 -0.358857 0.538081 0.750107
1258.200000000 -92.378986 158.723261 149.591901 0.137617 -0.357530 0.538205 0.750712
1258.300000000 -92.403768 158.720208 149.669604 0.138828 -0.355982 0.539187 0.750521
1258.600000000 -92.526383 158.609729 150.021742 0.136374 -0.355259 0.538607 0.751729
1258.900000000 -92.654017 158.476416 150.390713 0.135460 -0.354039 0.538621 0.752459
1259.000000000 -92.690507 158.459988 150.461188 0.137506 -0.354595 0.539126 0.751463
1259.100000000 -92.727154 158.432472 150.575848 0.137630 -0.353492 0.539579 0.751636
1259.400000000 -92.851143 158.337036 150.907180 0.138400 -0.351135 0.540515 0.751927
1259.500000000 -92.896057 158.301391 151.018039 0.139198 -0.350742 0.541044 0.751582
1260.100000000 -93.121774 158.129841 151.653853 0.139981 -0.346926 0.542558 0.752116
1260.300000000 -93.193415 157.997223 151.936164 0.136984 -0.348771 0.541321 0.752706
1260.400000000 -93.242261 157.954099 152.066626 0.135553 -0.347231 0.541333 0.753667
1260.500000000 -93.283748 157.918010 152.200987 0.134505 -0.344271 0.541993 0.754738
1261.100000000 -93.536252 157.663927 152.825179 0.142193 -0.350535 0.542247 0.750249
1261.200000000 -93.580505 157.656246 152.869078 0.142767 -0.349575 0.542750 0.750225
1261.500000000 -93.697405 157.461584 153.160262 0.140753 -0.346794 0.543326 0.751478
1261.600000000 -93.728228 157.390758 153.252717 0.139459 -0.347268 0.542926 0.751789
1261.700000000 -93.765982 157.309413 153.352434 0.138021 -0.347648 0.542406 0.752255
1262.200000000 -93.941664 157.016308 153.644242 0.137918 -0.346576 0.542909 0.752405
1262.300000000 -93.987791 156.937817 153.720539 0.136812 -0.346467 0.542587 0.752889
1262.400000000 -94.026912 156.888533 153.738834 0.137519 -0.347861 0.542462 0.752207
1262.800000000 -94.168108 156.596645 153.929191 0.136604 -0.346770 0.542559 0.752808
1263.100000000 -94.275207 156.379247 154.016307 0.137219 -0.348265 0.542284 0.752204
1263.200000000 -94.310253 156.302075 154.043893 0.137600 -0.348172 0.542537 0.751995
1263.400000000 -94.392927 156.163793 154.069022 0.133858 -0.342859 0.543363 0.754511
1263.500000000 -94.415285 156.077230 154.096411 0.130714 -0.340414 0.543422 0.756124
1263.700000000 -94.490456 155.920751 154.141133 0.129158 -0.336435 0.544153 0.757646
1264.000000000 -94.613502 155.626876 154.222562 0.129724 -0.338813 0.543586 0.756896
1264.300000000 -94.727860 155.335766 154.275592 0.129523 -0.339229 0.543431 0.756856
1264.500000000 -94.815317 155.133747 154.288182 0.131556 -0.339600 0.543910 0.755994
1264.600000000 -94.849963 155.008555 154.314270 0.130952 -0.340714 0.543467 0.755916
1264.800000000 -94.941708 154.794423 154.334609 0.129161 -0.342418 0.542632 0.756054
1264.900000000 -94.985341 154.680645 154.340086 0.129663 -0.343119 0.542609 0.755667
1265.000000000 -95.052820 154.565928 154.353750 0.130938 -0.342562 0.542968 0.755441
1265.700000000 -95.400154 153.707248 154.424552 0.131675 -0.345394 0.542553 0.754321
1265.800000000 -95.450535 153.603081 154.421004 0.132641 -0.344279 0.543076 0.754286
1266.200000000 -95.685160 153.080998 154.507043 0.130725 -0.344181 0.542668 0.754958
1267.100000000 -96.195252 151.952233 154.632668 0.130354 -0.345595 0.542200 0.754713
1267.200000000 -96.251954 151.838366 154.641027 0.131992 -0.344644 0.542888 0.754368
1267.300000000 -96.311405 151.699193 154.674306 0.131773 -0.345294 0.542669 0.754267
1267.400000000 -96.381281 151.545664 154.738872 0.131376 -0.344987 0.542617 0.754514
1267.500000000 -96.442013 151.440331 154.754055 0.130664 -0.345095 0.542433 0.754720
1267.600000000 -96.484580 151.368076 154.711915 0.133530 -0.344093 0.543572 0.753856
1267.700000000 -96.540757 151.206547 154.785790 0.130425 -0.345558 0.542249 0.754682
1267.800000000 -96.604326 151.037642 154.857338 0.129972 -0.346955 0.541666 0.754538
1268.100000000 -96.784747 150.684279 154.950158 0.130084 -0.347091 0.541575 0.754521
1269.000000000 -97.298929 149.667398 155.356604 0.129316 -0.348074 0.541224 0.754453
1269.200000000 -97.412333 149.522087 155.394466 0.131025 -0.346999 0.541938 0.754140
1269.300000000 -97.470121 149.409191 155.463191 0.131484 -0.346793 0.542205 0.753963
1269.500000000 -97.578091 149.173702 155.617739 0.130148 -0.347983 0.541519 0.754139
1269.600000000 -97.630746 149.072829 155.688442 0.130136 -0.347612 0.541533 0.754303
1269.700000000 -97.691978 148.977390 155.756779 0.130168 -0.347535 0.541582 0.754297
1269.800000000 -97.741292 148.929437 155.776302 0.131132 -0.346983 0.542007 0.754079
1270.000000000 -97.841324 148.672129 155.981699 0.129173 -0.348976 0.540924 0.754276
1270.200000000 -97.953923 148.479736 156.154133 0.130417 -0.347902 0.541645 0.754040
1270.300000000 -98.001784 148.480592 156.136392 0.130947 -0.347967 0.541742 0.753848
1270.600000000 -98.160289 148.190062 156.425336 0.129169 -0.349207 0.540917 0.754174
1270.700000000 -98.207386 148.143400 156.470650 0.129073 -0.349701 0.540726 0.754098
1270.900000000 -98.304418 147.994443 156.634075 0.130559 -0.348969 0.541452 0.753661
1271.400000000 -98.552070 147.647142 157.092597 0.130534 -0.348774 0.541448 0.753759
1271.500000000 -98.597444 147.543856 157.230503 0.130876 -0.348488 0.541699 0.753651
1271.600000000 -98.647251 147.447720 157.361170 0.130429 -0.349044 0.541406 0.753682
1271.800000000 -98.751453 147.373105 157.510468 0.129704 -0.349402 0.541113 0.753851
1271.900000000 -98.801611 147.319474 157.612619 0.129124 -0.349514 0.540835 0.754099
1272.100000000 -98.902208 147.151877 157.877313 0.129031 -0.349556 0.540827 0.754100
1273.000000000 -99.323537 146.733966 158.834622 0.127704 -0.349801 0.540489 0.754455
1273.200000000 -99.414192 146.678940 159.030808 0.126556 -0.350387 0.540016 0.754715
1273.300000000 -99.457306 146.622047 159.156591 0.126570 -0.350599 0.539905 0.754694
1273.700000000 -99.647198 146.359225 159.750375 0.126182 -0.349278 0.540296 0.755091
1273.800000000 -99.690277 146.327172 159.857277 0.126124 -0.349391 0.540254 0.755079
1273.900000000 -99.736087 146.318806 159.936224 0.126944 -0.349461 0.540373 0.754824
1274.200000000 -99.856177 146.190197 160.304916 0.126711 -0.349692 0.540443 0.754705
1274.300000000 -99.905420 146.161441 160.417919 0.125870 -0.350213 0.540034 0.754898
1274.700000000 -100.085277 145.988773 160.933859 0.126809 -0.348518 0.540995 0.754837
1274.900000000 -100.168995 145.895613 161.190532 0.126295 -0.349359 0.540607 0.754812
1275.100000000 -100.263113 145.824378 161.437435 0.125885 -0.349063 0.540563 0.755049
1275.400000000 -100.410725 145.689975 161.834241 0.125556 -0.349531 0.540289 0.755084
1275.800000000 -100.591411 145.512850 162.364845 0.124833 -0.348846 0.540355 0.755473
1276.200000000 -100.777033 145.327623 162.880891 0.123912 -0.348369 0.540330 0.755863
1276.300000000 -100.831815 145.272040 163.008326 0.124344 -0.348694 0.540216 0.755723
1276.400000000 -100.883672 145.218329 163.132075 0.124349 -0.348659 0.540253 0.755713
1276.500000000 -100.935758 145.169559 163.259845 0.124115 -0.348259 0.540389 0.755838
1276.600000000 -100.974738 145.124868 163.366897 0.124248 -0.348657 0.540207 0.755763
1276.900000000 -101.119001 144.951876 163.725746 0.124012 -0.348284 0.540388 0.755844
1277.400000000 -101.359116 144.639424 164.268898 0.124965 -0.348249 0.540664 0.755506
1277.600000000 -101.468545 144.492730 164.498219 0.124165 -0.348163 0.540526 0.755776
1277.700000000 -101.524034 144.422781 164.605301 0.124088 -0.348045 0.540472 0.755881
1277.900000000 -101.619491 144.264064 164.821847 0.123882 -0.348224 0.540373 0.755904
1278.100000000 -101.721424 144.107206 165.024183 0.124014 -0.348044 0.540466 0.755898
1278.400000000 -101.889809 143.855672 165.320127 0.124006 -0.348530 0.540305 0.755791
1278.500000000 -101.947402 143.774894 165.412265 0.124009 -0.348135 0.540528 0.755813
1278.600000000 -101.995597 143.683595 165.505284 0.124394 -0.348694 0.540506 0.755508
1279.000000000 -102.220933 143.329989 165.859638 0.124556 -0.349320 0.540300 0.755339
1279.100000000 -102.282798 143.268614 165.924713 0.125238 -0.347723 0.540925 0.755516
1279.400000000 -102.446321 142.978098 166.192316 0.124591 -0.348185 0.540497 0.755717
1279.500000000 -102.510984 142.895147 166.273257 0.124238 -0.347632 0.540602 0.755954
1279.600000000 -102.566857 142.803651 166.349885 0.124169 -0.347945 0.540563 0.755849
1279.700000000 -102.620926 142.736901 166.392642 0.125214 -0.347914 0.540934 0.755425
1279.800000000 -102.677447 142.646656 166.467787 0.124917 -0.348159 0.540615 0.755590
1279.900000000 -102.740851 142.529579 166.573141 0.124411 -0.348391 0.540464 0.755675
1280.000000000 -102.796472 142.492435 166.588204 0.125034 -0.348220 0.540611 0.755546
1280.300000000 -102.952471 142.471184 166.545254 0.124645 -0.348609 0.539963 0.755893
1281.000000000 -103.338613 142.028378 166.902583 0.125713 -0.348501 0.540150 0.755633
1281.100000000 -103.391527 142.009466 166.921817 0.125133 -0.348308 0.539936 0.755971
1281.200000000 -103.441979 142.000374 166.926120 0.125252 -0.348689 0.539731 0.755922
1281.400000000 -103.564684 141.589947 167.363834 0.126031 -0.347585 0.540603 0.755678
1282.100000000 -103.937888 141.243994 167.861907 0.125769 -0.347613 0.540281 0.755939
1283.100000000 -104.444360 140.603273 169.007956 0.125551 -0.347224 0.540513 0.755989
1283.200000000 -104.493521 140.619982 169.055235 0.125558 -0.347165 0.540356 0.756126
1283.700000000 -104.746168 140.301760 169.734329 0.124413 -0.346701 0.540537 0.756399
1284.000000000 -104.883531 140.132414 170.137319 0.124339 -0.346222 0.540693 0.756519
1284.500000000 -105.120798 139.922028 170.746128 0.124522 -0.347088 0.540768 0.756039
1284.600000000 -105.164217 139.825537 170.927898 0.124725 -0.346866 0.540996 0.755944
1284.800000000 -105.271922 139.768767 171.167771 0.123016 -0.347162 0.540388 0.756523
1285.100000000 -105.407381 139.633020 171.544911 0.123167 -0.347454 0.540429 0.756335
1285.300000000 -105.499281 139.535519 171.813961 0.123226 -0.346892 0.540590 0.756468
1286.200000000 -105.930626 139.136742 172.951654 0.122594 -0.345970 0.540765 0.756868
1286.300000000 -105.980487 139.090775 173.071767 0.122786 -0.346344 0.540727 0.756693
1286.500000000 -106.062568 139.013429 173.293081 0.123161 -0.346034 0.540948 0.756615
1286.600000000 -106.106640 138.954958 173.434143 0.122940 -0.344849 0.541383 0.756882
1286.700000000 -106.169350 138.861461 173.597426 0.122823 -0.345399 0.541145 0.756820
1287.300000000 -106.477931 138.525209 174.324787 0.122235 -0.346564 0.540571 0.756793
1288.700000000 -107.214219 137.495688 175.876981 0.122110 -0.345618 0.540993 0.756944
1288.800000000 -107.291881 137.400154 175.975946 0.121714 -0.346642 0.540563 0.756846
1289.400000000 -107.693082 136.865901 176.443994 0.128111 -0.341275 0.543973 0.755786
1289.500000000 -107.745288 136.755628 176.510965 0.130507 -0.340414 0.544910 0.755089
1290.200000000 -108.181346 135.950336 176.932087 0.129607 -0.338488 0.544980 0.756059
1290.400000000 -108.307628 135.618563 177.113347 0.124639 -0.342139 0.542673 0.756909
1291.000000000 -108.719465 134.835854 177.298292 0.127880 -0.340878 0.543866 0.756081
1291.200000000 -108.857567 134.517523 177.400759 0.124927 -0.342420 0.542698 0.756717
1291.400000000 -109.007617 134.088923 177.601227 0.120601 -0.345757 0.540674 0.757350
1291.500000000 -109.089182 133.944860 177.639290 0.119104 -0.345501 0.540254 0.758003
1291.600000000 -109.162234 133.793958 177.658710 0.119695 -0.346466 0.540143 0.757548
1291.700000000 -109.235575 133.664314 177.667177 0.120274 -0.345032 0.540693 0.757719
1291.800000000 -109.315641 133.466850 177.738813 0.121236 -0.344742 0.541176 0.757353
1292.000000000 -109.463985 133.114926 177.837554 0.120612 -0.345048 0.540937 0.757484
1292.100000000 -109.546245 132.976578 177.851468 0.120030 -0.345286 0.540509 0.757773
1292.200000000 -109.621967 132.776559 177.910626 0.120050 -0.347078 0.540161 0.757199
1292.300000000 -109.690513 132.648459 177.903943 0.121011 -0.346220 0.540692 0.757060
1292.700000000 -110.014655 132.000625 178.051915 0.119151 -0.346044 0.539944 0.757969
1292.800000000 -110.091223 131.807801 178.130121 0.118431 -0.345364 0.540026 0.758334
1292.900000000 -110.172572 131.620015 178.185924 0.118011 -0.346720 0.539471 0.758175
1293.000000000 -110.236271 131.510588 178.160093 0.119845 -0.346155 0.540009 0.757763
1293.100000000 -110.316785 131.360879 178.204416 0.119165 -0.344670 0.540186 0.758421
1293.200000000 -110.376848 131.202706 178.215403 0.120947 -0.345608 0.540446 0.757525
1293.300000000 -110.463857 131.014118 178.294856 0.119611 -0.345405 0.540134 0.758053
1293.500000000 -110.607655 130.711931 178.357105 0.119768 -0.345930 0.539887 0.757964
1293.700000000 -110.756202 130.380141 178.465607 0.120603 -0.344911 0.540292 0.758008
1293.800000000 -110.823990 130.315226 178.416368 0.120878 -0.344675 0.540406 0.757990
1294.200000000 -111.115642 129.701177 178.617439 0.121025 -0.344740 0.540509 0.757864
1294.500000000 -111.335083 129.261061 178.795996 0.120304 -0.344053 0.540346 0.758407
1294.700000000 -111.479842 129.013644 178.884107 0.119142 -0.344117 0.540165 0.758690
1294.900000000 -111.622577 128.729211 179.019625 0.119577 -0.344526 0.539884 0.758636
1295.400000000 -111.945019 128.158901 179.280817 0.121199 -0.343310 0.540541 0.758462
1295.600000000 -112.094651 127.915501 179.442014 0.118312 -0.344469 0.539430 0.759183
1295.700000000 -112.159037 127.801092 179.513383 0.118520 -0.344701 0.539382 0.759079
1295.900000000 -112.286938 127.576510 179.669864 0.118708 -0.344554 0.539477 0.759049
1296.000000000 -112.354873 127.477638 179.756653 0.118498 -0.343822 0.539483 0.759410
1296.500000000 -112.695133 126.922922 180.251842 0.115232 -0.346128 0.537813 0.760049
1296.600000000 -112.744784 126.887121 180.275748 0.116208 -0.345441 0.538200 0.759939
1296.700000000 -112.789631 126.809493 180.351654 0.117647 -0.344244 0.538925 0.759747
1297.000000000 -112.966756 126.567692 180.635562 0.117805 -0.343455 0.539287 0.759823
1297.200000000 -113.073822 126.413792 180.834630 0.118034 -0.344011 0.538956 0.759770
1297.400000000 -113.188010 126.253253 181.073220 0.116737 -0.345027 0.538206 0.760041
1297.500000000 -113.257899 126.168547 181.217368 0.114543 -0.345838 0.537388 0.760585
1297.600000000 -113.309572 126.119617 181.319329 0.114401 -0.345597 0.537443 0.760678
1297.700000000 -113.358860 126.059397 181.436873 0.114334 -0.345509 0.537465 0.760712
1297.900000000 -113.476324 125.938319 181.692339 0.113107 -0.346734 0.536763 0.760833
1298.100000000 -113.584407 125.877531 181.921482 0.115970 -0.343651 0.538443 0.760614
1298.600000000 -113.818632 125.680648 182.653214 0.113938 -0.343368 0.537810 0.761496
1298.700000000 -113.859339 125.652473 182.799515 0.113510 -0.344043 0.537466 0.761498
1298.800000000 -113.882229 125.658727 182.907624 0.116837 -0.341343 0.539220 0.760970
1298.900000000 -113.930079 125.646525 183.053298 0.116147 -0.342032 0.538703 0.761133
1299.000000000 -113.977219 125.624823 183.230582 0.115383 -0.340964 0.538805 0.761656
1299.100000000 -114.009007 125.634196 183.347044 0.115519 -0.341884 0.538632 0.761345
1299.300000000 -114.079141 125.630655 183.664851 0.116511 -0.339836 0.539223 0.761693
1299.400000000 -114.132238 125.634432 183.819678 0.114915 -0.340454 0.538804 0.761955
1299.700000000 -114.240526 125.662880 184.268029 0.114651 -0.341127 0.538466 0.761933
1299.800000000 -114.269130 125.694387 184.410654 0.115230 -0.340692 0.538599 0.761946
1299.900000000 -114.306326 125.674659 184.613603 0.114736 -0.340188 0.538525 0.762298
1300.000000000 -114.340602 125.712342 184.753822 0.115252 -0.339059 0.538992 0.762394
1300.100000000 -114.386082 125.741050 184.899541 0.113850 -0.340543 0.537939 0.762686
1300.200000000 -114.415358 125.756141 185.060162 0.114144 -0.340451 0.538153 0.762532
1300.400000000 -114.494098 125.784477 185.417765 0.111666 -0.339979 0.537675 0.763447
1300.500000000 -114.516444 125.777853 185.598962 0.113715 -0.339490 0.538385 0.762861
1300.600000000 -114.556078 125.858836 185.687574 0.113004 -0.341420 0.537312 0.762862
1300.700000000 -114.595935 125.887381 185.858958 0.110966 -0.340666 0.537171 0.763597
1300.900000000 -114.657152 125.879817 186.230964 0.111751 -0.342210 0.536551 0.763228
1301.000000000 -114.698414 125.930488 186.373000 0.109502 -0.342376 0.536216 0.763715
1301.100000000 -114.727653 125.935352 186.557702 0.110540 -0.341035 0.536767 0.763778
1301.500000000 -114.852138 125.981398 187.246695 0.111591 -0.341930 0.536480 0.763427
1301.700000000 -114.924367 126.012739 187.588428 0.110469 -0.342432 0.535741 0.763883
1301.900000000 -114.987144 125.927685 188.037742 0.113404 -0.341208 0.536664 0.763353
1302.000000000 -115.018659 126.040466 188.098379 0.112917 -0.339327 0.537191 0.763893
1302.100000000 -115.049224 126.032651 188.269527 0.113632 -0.340460 0.536832 0.763536
1302.200000000 -115.082878 126.106065 188.355571 0.113169 -0.340859 0.536627 0.763570
1302.300000000 -115.122921 126.100139 188.536386 0.111563 -0.341335 0.536276 0.763840
1302.500000000 -115.190296 126.053686 188.900542 0.115405 -0.341535 0.536621 0.762937
1302.600000000 -115.228131 126.059735 189.058101 0.114251 -0.342463 0.535882 0.763215
1302.700000000 -115.261472 126.071410 189.198570 0.114836 -0.342434 0.536040 0.763028
1302.800000000 -115.302789 126.051444 189.379421 0.113515 -0.342078 0.535830 0.763533
1302.900000000 -115.330638 126.037907 189.538203 0.114395 -0.341380 0.536617 0.763161
1303.100000000 -115.403513 126.006444 189.844275 0.116997 -0.343422 0.536012 0.762276
1303.200000000 -115.436708 125.998278 189.997904 0.117460 -0.341862 0.536516 0.762551
1303.500000000 -115.559876 125.923023 190.450407 0.118608 -0.344669 0.535820 0.761599
1303.700000000 -115.643566 125.863649 190.749900 0.119071 -0.345201 0.535370 0.761602
1303.800000000 -115.694604 125.830720 190.898863 0.118299 -0.345445 0.535254 0.761693
1303.900000000 -115.747708 125.797103 191.044434 0.119085 -0.345675 0.535022 0.761629
1304.000000000 -115.806146 125.764815 191.185734 0.118776 -0.345411 0.535034 0.761789
1304.100000000 -115.870490 125.723606 191.332280 0.118219 -0.345429 0.534757 0.762061
1304.300000000 -116.004266 125.639998 191.600786 0.118416 -0.347142 0.533785 0.761934
1304.800000000 -116.237902 125.373689 192.245724 0.118680 -0.346236 0.533891 0.762231
1305.000000000 -116.347228 125.206785 192.523395 0.113311 -0.352095 0.530353 0.762834
1305.100000000 -116.408468 125.160200 192.627894 0.116469 -0.349170 0.532072 0.762505
1305.500000000 -116.637356 124.857293 193.103786 0.114236 -0.349949 0.531127 0.763145
1305.600000000 -116.697579 124.796069 193.199853 0.114957 -0.348680 0.531771 0.763168
1306.200000000 -116.985988 124.358676 193.716071 0.121500 -0.344193 0.534987 0.761944
1306.300000000 -117.073912 124.278531 193.812011 0.119263 -0.344384 0.534542 0.762523
1306.500000000 -117.169139 124.076746 194.015336 0.118196 -0.343316 0.534778 0.763005
1306.600000000 -117.218117 123.997966 194.079771 0.118820 -0.343185 0.534882 0.762894
1306.700000000 -117.366914 123.862906 194.231712 0.116031 -0.344659 0.533672 0.763506
1306.800000000 -117.360499 123.824739 194.229033 0.118718 -0.343516 0.534891 0.762754
1306.900000000 -117.462920 123.684613 194.376880 0.116670 -0.342844 0.534470 0.763667
1307.200000000 -117.611915 123.392823 194.585999 0.121352 -0.342965 0.528657 0.766922
1307.500000000 -117.807180 123.123512 194.778021 0.123344 -0.343771 0.521032 0.771449
1307.800000000 -118.098963 122.717848 195.074229 0.125011 -0.346259 0.520849 0.770190
1307.900000000 -118.131596 122.666553 195.077386 0.125171 -0.344278 0.521917 0.770330
1308.000000000 -118.214476 122.568170 195.138014 0.124906 -0.344006 0.522297 0.770237
1308.100000000 -118.284875 122.488308 195.166174 0.125080 -0.344605 0.522242 0.769978
1308.600000000 -118.786979 121.933148 195.485439 0.126015 -0.346276 0.523537 0.768194
1308.700000000 -118.855275 121.809798 195.545380 0.126979 -0.346372 0.524377 0.767419
1308.900000000 -119.040498 121.753781 195.467434 0.126803 -0.348007 0.525003 0.766279
1309.000000000 -119.171257 121.649529 195.515195 0.125698 -0.349622 0.524864 0.765821
1309.100000000 -119.288974 121.526278 195.579314 0.125700 -0.349960 0.525387 0.765308
1309.200000000 -119.378738 121.461718 195.581848 0.126149 -0.349819 0.526101 0.764808
1309.300000000 -119.465695 121.381442 195.589394 0.126277 -0.349998 0.526708 0.764287
1309.400000000 -119.581893 121.296287 195.613109 0.125932 -0.350888 0.526948 0.763770
1309.700000000 -119.877614 121.131611 195.589335 0.125876 -0.350308 0.529120 0.762543
1309.800000000 -119.994815 121.083527 195.581953 0.125252 -0.350657 0.529349 0.762326
1310.500000000 -120.665494 120.642617 195.594526 0.124194 -0.348739 0.531318 0.762009
1310.700000000 -120.873650 120.516343 195.589681 0.123923 -0.350563 0.530610 0.761710
1310.800000000 -120.961640 120.474005 195.585599 0.123459 -0.349503 0.530997 0.762002
1311.000000000 -121.137031 120.452170 195.498434 0.123350 -0.349316 0.531254 0.761927
1311.100000000 -121.243234 120.413266 195.495454 0.122290 -0.348559 0.531327 0.762393
1311.200000000 -121.340255 120.412370 195.448190 0.121258 -0.348671 0.531364 0.762481
1311.300000000 -121.424634 120.319464 195.495071 0.121977 -0.348099 0.531708 0.762388
1311.500000000 -121.608568 120.252559 195.471625 0.122217 -0.348020 0.531778 0.762336
1312.200000000 -122.204306 120.169677 195.269886 0.122539 -0.347725 0.532538 0.761889
1312.500000000 -122.441750 120.153395 195.248321 0.121877 -0.347152 0.534421 0.760938
1312.700000000 -122.565391 120.190327 195.112250 0.123642 -0.349106 0.534659 0.759590
1312.800000000 -122.676252 120.184750 195.128966 0.121998 -0.348850 0.534669 0.759966
1313.200000000 -122.956944 120.258577 194.999503 0.121118 -0.347935 0.536460 0.759264
1313.300000000 -123.005556 120.327600 194.906289 0.120734 -0.347905 0.536848 0.759065
1313.400000000 -123.067236 120.379271 194.835254 0.120528 -0.348976 0.536676 0.758728
1313.600000000 -123.180164 120.427239 194.766624 0.120762 -0.349426 0.537236 0.758087
1314.300000000 -123.546062 120.752629 194.473994 0.116729 -0.346458 0.540443 0.757801
1314.700000000 -123.728881 120.950781 194.343617 0.114724 -0.345720 0.541083 0.757987
1315.200000000 -123.832573 121.249135 194.139772 0.113792 -0.342527 0.543187 0.758073
1315.500000000 -123.924451 121.439172 194.024758 0.111640 -0.343496 0.542647 0.758341
1316.200000000 -123.904434 121.960376 193.660188 0.112525 -0.341554 0.543965 0.758143
1316.600000000 -123.925685 122.134533 193.611622 0.111261 -0.342105 0.543508 0.758409
1316.700000000 -123.897253 122.222967 193.543453 0.111595 -0.341937 0.543590 0.758376
1316.800000000 -123.877684 122.316557 193.468431 0.111377 -0.343374 0.542798 0.758327
1317.100000000 -123.791082 122.599132 193.258792 0.111282 -0.342876 0.542890 0.758501
1317.600000000 -123.663684 122.888887 193.114861 0.110944 -0.343094 0.542428 0.758781
1317.800000000 -123.647586 123.026422 193.045800 0.110345 -0.343863 0.541541 0.759155
1317.900000000 -123.594426 123.098633 192.993820 0.111221 -0.343529 0.541739 0.759037
1318.100000000 -123.500435 123.283483 192.851783 0.111315 -0.343736 0.541487 0.759109
1318.200000000 -123.466268 123.341379 192.829377 0.110484 -0.343469 0.541266 0.759509
1318.300000000 -123.407824 123.349705 192.851875 0.110780 -0.342919 0.541556 0.759507
1318.400000000 -123.347346 123.380350 192.833514 0.112390 -0.343274 0.541777 0.758953
1318.500000000 -123.316060 123.450021 192.793202 0.112047 -0.343486 0.541483 0.759118
1318.600000000 -123.220065 123.543987 192.715941 0.113563 -0.341907 0.542148 0.759130
1318.700000000 -123.171865 123.602133 192.683004 0.113548 -0.341416 0.542137 0.759362
1318.900000000 -123.073707 123.772900 192.556008 0.112958 -0.341501 0.541764 0.759677
1319.000000000 -123.030655 123.790875 192.563590 0.112875 -0.341636 0.541414 0.759878
1319.400000000 -122.768419 124.128399 192.265577 0.113519 -0.343249 0.540350 0.759812
1319.800000000 -122.501010 124.361684 192.092133 0.113296 -0.342896 0.539875 0.760343
1320.100000000 -122.337858 124.473336 192.024612 0.113711 -0.342397 0.539759 0.760588
1320.200000000 -122.292461 124.521160 191.993101 0.112936 -0.342520 0.539466 0.760856
1320.400000000 -122.145721 124.573483 191.951939 0.113664 -0.342579 0.539271 0.760859
1320.600000000 -122.002914 124.681640 191.846431 0.114547 -0.342462 0.539132 0.760878
1320.700000000 -121.963119 124.737478 191.799732 0.113919 -0.343311 0.538417 0.761096
1320.800000000 -121.885562 124.781506 191.756150 0.114214 -0.342964 0.538427 0.761201
1321.200000000 -121.550847 124.989100 191.508071 0.116231 -0.343167 0.538007 0.761101
1321.400000000 -121.402552 125.079721 191.399024 0.116820 -0.343042 0.537712 0.761276
1322.000000000 -120.952781 125.321308 191.011157 0.118163 -0.343992 0.536381 0.761579
1322.100000000 -120.921247 125.364477 190.949432 0.116449 -0.344220 0.535610 0.762282
1322.800000000 -120.315917 125.584145 190.355880 0.120133 -0.343868 0.534994 0.762302
1323.100000000 -120.093291 125.663565 190.061929 0.120682 -0.343580 0.534818 0.762468
1323.300000000 -119.956304 125.701058 189.863686 0.120489 -0.343469 0.534404 0.762839
1323.500000000 -119.816952 125.738095 189.652478 0.119962 -0.343158 0.534293 0.763140
1324.500000000 -119.231182 125.822089 188.472081 0.118241 -0.342227 0.533033 0.764706
1324.600000000 -119.170610 125.829066 188.327150 0.118700 -0.342268 0.533056 0.764601
1325.000000000 -118.973327 125.791481 187.845196 0.118045 -0.340715 0.533247 0.765262
1325.300000000 -118.832585 125.828677 187.387179 0.116859 -0.340336 0.533011 0.765777
1325.500000000 -118.747167 125.831480 187.099567 0.115757 -0.340812 0.532684 0.765960
1325.600000000 -118.707076 125.836348 186.943281 0.116345 -0.340623 0.532957 0.765765
1325.800000000 -118.622856 125.859651 186.623451 0.114746 -0.341495 0.532411 0.765998
1326.000000000 -118.542910 125.821304 186.370268 0.114063 -0.342022 0.531991 0.766157
1326.200000000 -118.472783 125.803925 186.105439 0.114849 -0.340750 0.532827 0.766025
1326.300000000 -118.435615 125.809785 185.953658 0.114997 -0.340383 0.532973 0.766064
1326.500000000 -118.354655 125.826481 185.642826 0.114420 -0.340265 0.533249 0.766011
1326.600000000 -118.340339 125.773895 185.557595 0.112782 -0.342471 0.531994 0.766144
1326.700000000 -118.306352 125.802618 185.385484 0.112157 -0.342158 0.532193 0.766238
1327.500000000 -118.038463 125.787890 184.315648 0.112440 -0.342231 0.533167 0.765485
1327.600000000 -118.014994 125.776928 184.207882 0.113561 -0.340998 0.533875 0.765377
1327.700000000 -117.992108 125.787621 184.067090 0.112894 -0.341794 0.533519 0.765369
1327.800000000 -117.960414 125.813361 183.906563 0.113746 -0.341762 0.534051 0.764886
1327.900000000 -117.925284 125.744209 183.879697 0.113903 -0.341370 0.534132 0.764981
1328.000000000 -117.885077 125.719725 183.764225 0.114274 -0.342686 0.533999 0.764429
1328.100000000 -117.861093 125.718108 183.663529 0.114408 -0.341113 0.534907 0.764478
1328.700000000 -117.690776 125.815276 182.938699 0.116870 -0.340269 0.536513 0.763356
1328.800000000 -117.662408 125.842703 182.801466 0.116935 -0.341502 0.536319 0.762931
1328.900000000 -117.634500 125.845326 182.716190 0.117003 -0.341300 0.536503 0.762882
1329.200000000 -117.551429 125.976075 182.311764 0.116911 -0.342714 0.536581 0.762207
1329.300000000 -117.518911 126.026200 182.190173 0.118146 -0.341807 0.537287 0.761926
1330.000000000 -117.314497 126.416257 181.364702 0.119478 -0.342619 0.538336 0.760612
1330.100000000 -117.282681 126.462215 181.287752 0.119009 -0.342671 0.538347 0.760655
1330.800000000 -117.033158 127.009222 180.619915 0.116277 -0.346461 0.537421 0.760015
1331.000000000 -116.952986 127.207466 180.445943 0.116742 -0.346005 0.537917 0.759801
1331.100000000 -116.909988 127.313770 180.353967 0.117749 -0.345963 0.538397 0.759324
1331.400000000 -116.774107 127.640359 180.132147 0.117420 -0.346094 0.538760 0.759058
1332.100000000 -116.428210 128.514663 179.732458 0.119284 -0.344567 0.540504 0.758222
1332.200000000 -116.388178 128.673483 179.662408 0.121324 -0.343458 0.541538 0.757663
1332.400000000 -116.276698 128.945446 179.608005 0.117837 -0.345389 0.540269 0.758242
1333.500000000 -115.603356 130.712041 179.302339 0.119967 -0.343423 0.542146 0.757461
1333.700000000 -115.465222 131.060148 179.248431 0.119530 -0.345244 0.541527 0.757144
1333.800000000 -115.402356 131.220854 179.254490 0.119101 -0.344572 0.541649 0.757431
1334.100000000 -115.187690 131.761953 179.173732 0.118976 -0.346591 0.541255 0.756811
1334.800000000 -114.686955 133.041178 179.048361 0.119375 -0.344666 0.542079 0.757037
1335.000000000 -114.533982 133.372034 179.030169 0.118523 -0.346014 0.541408 0.757036
1335.200000000 -114.379172 133.740192 178.974280 0.117733 -0.347058 0.541022 0.756957
1335.300000000 -114.298264 133.945030 178.920905 0.119226 -0.346708 0.541347 0.756652
1335.500000000 -114.150497 134.307562 178.882350 0.116518 -0.345189 0.541299 0.757802
1336.000000000 -113.761005 135.135878 178.778340 0.115360 -0.345236 0.540762 0.758341
1336.200000000 -113.599925 135.497039 178.668146 0.115588 -0.347077 0.540307 0.757790
1336.300000000 -113.520303 135.756550 178.544420 0.115840 -0.345120 0.540778 0.758309
1336.400000000 -113.440734 135.914600 178.512777 0.116585 -0.344728 0.540854 0.758319
1336.900000000 -113.048949 136.575493 178.409534 0.118888 -0.347761 0.540323 0.756954
1337.000000000 -112.966232 137.050017 178.013512 0.120812 -0.350966 0.538473 0.756488
1337.400000000 -112.654784 137.791967 177.665643 0.118306 -0.347439 0.539549 0.757745
1337.500000000 -112.575702 137.971676 177.558222 0.119040 -0.348614 0.539300 0.757267
1337.600000000 -112.508074 137.995717 177.624712 0.118290 -0.345676 0.540246 0.758056
1337.900000000 -112.283583 138.280342 177.518170 0.120891 -0.347973 0.540201 0.756626
1338.000000000 -112.213070 138.342765 177.515609 0.121882 -0.346517 0.540987 0.756574
1338.400000000 -111.929006 138.692847 177.338306 0.123036 -0.346892 0.541100 0.756134
1339.500000000 -111.133320 139.444554 176.646641 0.115791 -0.363044 0.532389 0.755879
1339.600000000 -111.052569 139.550102 176.527062 0.114520 -0.363683 0.531547 0.756358
1339.700000000 -111.000982 139.609902 176.453891 0.116444 -0.361303 0.532934 0.756229
1340.000000000 -110.822697 139.761943 176.237150 0.117601 -0.358998 0.534003 0.756394
1340.100000000 -110.731569 139.870029 176.092753 0.113304 -0.362550 0.531391 0.757194
1340.300000000 -110.613607 139.988663 175.902084 0.115867 -0.360991 0.532456 0.756803
1340.500000000 -110.464502 140.125491 175.679049 0.113530 -0.362387 0.531247 0.757339
1340.600000000 -110.417358 140.204451 175.566451 0.114075 -0.359841 0.532478 0.757607
1340.700000000 -110.336527 140.273398 175.446378 0.112401 -0.360608 0.531661 0.758066
1340.800000000 -110.300482 140.338250 175.343013 0.111795 -0.359181 0.532018 0.758583
1341.100000000 -110.101763 140.515670 174.985127 0.107460 -0.361554 0.529609 0.759767
1341.200000000 -110.037675 140.587684 174.855240 0.107746 -0.360603 0.529786 0.760054
1341.400000000 -109.903960 140.699840 174.603838 0.106897 -0.361998 0.528872 0.760148
1341.500000000 -109.847989 140.767588 174.461853 0.106390 -0.363276 0.528005 0.760212
1341.600000000 -109.777196 140.822622 174.333507 0.104934 -0.364262 0.527131 0.760549
1341.800000000 -109.649528 140.917868 174.090176 0.104370 -0.364340 0.526680 0.760902
1341.900000000 -109.587635 140.967295 173.947673 0.105191 -0.366416 0.526019 0.760249
1342.000000000 -109.527097 141.005867 173.831421 0.104034 -0.367019 0.525396 0.760548
1342.100000000 -109.465166 141.046796 173.700237 0.105852 -0.367618 0.525365 0.760029
1342.200000000 -109.405985 141.063791 173.603721 0.105697 -0.367190 0.525309 0.760296
1342.400000000 -109.294134 141.137074 173.353939 0.106353 -0.368406 0.524998 0.759831
1342.600000000 -109.158520 141.261328 173.058202 0.105987 -0.368724 0.524526 0.760053
1342.700000000 -109.111057 141.250804 172.963893 0.106289 -0.371040 0.523787 0.759394
1342.800000000 -109.046572 141.327180 172.813580 0.104505 -0.370617 0.523013 0.760381
1342.900000000 -108.986367 141.347595 172.690055 0.106350 -0.372089 0.523012 0.759406
1343.400000000 -108.724424 141.414662 172.148503 0.106567 -0.375430 0.521293 0.758913
1343.600000000 -108.582703 141.595087 171.786926 0.106847 -0.375473 0.521021 0.759040
1343.800000000 -108.464476 141.700981 171.504480 0.106676 -0.375516 0.520696 0.759266
1343.900000000 -108.419713 141.695899 171.410584 0.107619 -0.376712 0.520405 0.758740
1344.000000000 -108.347301 141.783402 171.250096 0.105804 -0.375915 0.520106 0.759594
1344.300000000 -108.177434 141.863175 170.902451 0.105025 -0.378757 0.518802 0.759182
1344.400000000 -108.123438 141.874827 170.810142 0.104073 -0.379302 0.518173 0.759471
1344.800000000 -107.879464 142.028297 170.325195 0.103638 -0.382248 0.517055 0.758814
1344.900000000 -107.825899 142.051234 170.227658 0.102565 -0.383262 0.516285 0.758973
1345.100000000 -107.702319 142.101425 170.025858 0.102094 -0.384728 0.515767 0.758647
1345.200000000 -107.619331 142.234633 169.829276 0.101243 -0.384704 0.515393 0.759028
1345.800000000 -107.227519 142.520886 169.158715 0.100453 -0.388443 0.513959 0.758200
1345.900000000 -107.208368 142.415116 169.215381 0.098781 -0.390002 0.512963 0.758294
1346.000000000 -107.112687 142.568880 169.007716 0.098989 -0.389904 0.512990 0.758299
1346.200000000 -106.983521 142.703714 168.787922 0.097339 -0.390803 0.512190 0.758590
1346.400000000 -106.842035 142.842707 168.562134 0.098924 -0.389839 0.512871 0.758421
1346.500000000 -106.787551 142.887271 168.480515 0.098845 -0.390096 0.512722 0.758400
1346.600000000 -106.725140 142.940247 168.392919 0.098394 -0.390760 0.512281 0.758415
1347.300000000 -106.242001 143.511012 167.652346 0.096104 -0.393228 0.510642 0.758538
1347.400000000 -106.198601 143.494758 167.653816 0.096063 -0.393381 0.510611 0.758485
1347.600000000 -106.108813 143.479488 167.641392 0.096495 -0.393350 0.511140 0.758090
1347.900000000 -105.956319 143.528712 167.579868 0.097260 -0.392590 0.512014 0.757796
1348.400000000 -105.657848 143.835265 167.292496 0.097288 -0.393561 0.512096 0.757234
1348.500000000 -105.574918 143.943498 167.202052 0.095484 -0.394806 0.511123 0.757473
1348.600000000 -105.475407 144.149280 167.021817 0.092743 -0.396392 0.509638 0.757985
1348.700000000 -105.434102 144.124332 167.055269 0.092875 -0.396610 0.509710 0.757806
1348.800000000 -105.373795 144.192045 167.014674 0.093714 -0.395143 0.510664 0.757827
1348.900000000 -105.289373 144.362276 166.870348 0.094235 -0.394219 0.511056 0.757980
1349.100000000 -105.167734 144.505209 166.781605 0.092353 -0.394594 0.510183 0.758604
1349.200000000 -105.108995 144.556489 166.759344 0.091604 -0.394807 0.509985 0.758717
1349.300000000 -105.052027 144.611086 166.728223 0.091342 -0.395032 0.509897 0.758690
1349.800000000 -104.647605 145.147713 166.350251 0.086299 -0.398065 0.507181 0.759516
1350.400000000 -104.347678 145.760194 165.953744 0.108738 -0.377714 0.521607 0.757254
1350.600000000 -104.223861 145.949555 165.813211 0.106447 -0.379182 0.520323 0.757729
1350.700000000 -104.189955 146.048581 165.747477 0.106177 -0.378860 0.520470 0.757827
1350.800000000 -104.118000 146.142469 165.670605 0.106867 -0.378428 0.520703 0.757786
1350.900000000 -104.032414 146.224761 165.597827 0.106307 -0.378594 0.520457 0.757951
1351.000000000 -103.961031 146.310338 165.520134 0.106369 -0.378814 0.520327 0.757922
1351.300000000 -103.773839 146.562322 165.272873 0.108984 -0.377526 0.521605 0.757314
1352.300000000 -103.046584 147.402792 164.230875 0.108907 -0.377991 0.520856 0.757609
1352.400000000 -102.935580 147.397235 164.183072 0.110192 -0.377339 0.521393 0.757379
1352.500000000 -102.866364 147.440662 164.096152 0.111364 -0.376556 0.521972 0.757197
1352.800000000 -102.685395 147.650482 163.765092 0.111310 -0.376294 0.521776 0.757471
1353.200000000 -102.458132 147.875315 163.334808 0.111986 -0.376251 0.521790 0.757383
1353.400000000 -102.332360 147.940306 163.149765 0.113314 -0.375486 0.522291 0.757221
1353.600000000 -102.180021 148.047050 162.899049 0.113483 -0.376140 0.522063 0.757027
1353.800000000 -102.082902 148.150571 162.663142 0.114727 -0.376004 0.522431 0.756653
1354.000000000 -101.965181 148.185824 162.486555 0.114872 -0.376362 0.522167 0.756636
1354.100000000 -101.881321 148.302520 162.289060 0.115385 -0.376996 0.521904 0.756424
1354.300000000 -101.750937 148.357756 162.076740 0.116695 -0.376445 0.522309 0.756217
1354.500000000 -101.656200 148.542565 161.736706 0.115640 -0.378215 0.521273 0.756212
1354.800000000 -101.493066 148.603906 161.443558 0.117734 -0.377434 0.522081 0.755721
1355.100000000 -101.298590 148.830202 160.967269 0.117426 -0.378494 0.521461 0.755666
1355.300000000 -101.207915 148.864322 160.779205 0.117556 -0.378720 0.521256 0.755674
1355.400000000 -101.107050 149.008793 160.542211 0.115430 -0.380415 0.519939 0.756058
1355.600000000 -101.027279 149.121905 160.274463 0.118516 -0.378943 0.521174 0.755469
1355.700000000 -100.979740 149.113891 160.205737 0.118919 -0.378963 0.521326 0.755291
1355.900000000 -100.824055 149.335777 159.815221 0.117399 -0.380261 0.520111 0.755714
1356.000000000 -100.798966 149.336215 159.751330 0.117092 -0.379870 0.520183 0.755909
1356.800000000 -100.340524 149.713593 158.765951 0.120514 -0.379956 0.520757 0.754932
1357.000000000 -100.215983 149.805897 158.532777 0.119779 -0.380876 0.520038 0.755080
1357.100000000 -100.150247 149.872463 158.398191 0.120468 -0.380458 0.520354 0.754964
1357.400000000 -99.955227 150.073981 158.005318 0.120211 -0.380853 0.519914 0.755109
1357.600000000 -99.859489 150.110279 157.852981 0.120240 -0.381330 0.519813 0.754933
1357.900000000 -99.686149 150.271381 157.527377 0.118234 -0.382881 0.518586 0.755308
1358.000000000 -99.623786 150.311911 157.431879 0.118545 -0.382675 0.518740 0.755259
1358.400000000 -99.363886 150.628652 156.922958 0.119356 -0.382750 0.518793 0.755057
1358.500000000 -99.315801 150.643438 156.865145 0.119754 -0.382360 0.519021 0.755034
1358.600000000 -99.260731 150.698234 156.766684 0.120613 -0.381557 0.519546 0.754943
1358.800000000 -99.138958 150.860172 156.536529 0.119266 -0.382041 0.518916 0.755346
1359.000000000 -99.006983 151.001059 156.315451 0.121333 -0.381311 0.519755 0.754808
1359.300000000 -98.813510 151.237798 155.992350 0.119603 -0.382350 0.518800 0.755215
1359.400000000 -98.747860 151.298650 155.896479 0.120837 -0.381931 0.519332 0.754865
1359.500000000 -98.705837 151.337838 155.836059 0.121443 -0.381272 0.519707 0.754843
1359.800000000 -98.509052 151.596437 155.506509 0.121835 -0.381414 0.519675 0.754730
1359.900000000 -98.446671 151.659745 155.424333 0.122218 -0.381160 0.519878 0.754657
1360.000000000 -98.388648 151.731257 155.338405 0.123190 -0.380361 0.520440 0.754514
1360.200000000 -98.257455 151.958450 155.099157 0.124514 -0.379263 0.521134 0.754371
1360.300000000 -98.194150 152.019282 155.033142 0.123557 -0.379839 0.520610 0.754600
1360.800000000 -97.881032 152.444044 154.640811 0.123790 -0.379632 0.520702 0.754603
1360.900000000 -97.816063 152.532190 154.575291 0.122352 -0.380606 0.519849 0.754934
1361.000000000 -97.750376 152.647081 154.478527 0.123539 -0.380165 0.520309 0.754646
1361.100000000 -97.681773 152.740824 154.411118 0.123528 -0.379962 0.520411 0.754681
1361.300000000 -97.551063 152.957900 154.265660 0.123508 -0.379773 0.520439 0.754759
1361.400000000 -97.481459 153.026329 154.227396 0.123133 -0.380518 0.520076 0.754696
1361.700000000 -97.273529 153.383528 154.027379 0.123245 -0.380730 0.519847 0.754728
1362.200000000 -96.912866 154.055188 153.711538 0.125480 -0.379234 0.521022 0.754302
1362.300000000 -96.837354 154.171532 153.674949 0.124509 -0.380082 0.520417 0.754454
1362.400000000 -96.746907 154.323062 153.607124 0.124414 -0.380674 0.520205 0.754317
1362.600000000 -96.609257 154.594297 153.529249 0.126232 -0.379330 0.521122 0.754060
1362.900000000 -96.382539 155.000263 153.441782 0.125654 -0.380146 0.520576 0.754123
1363.000000000 -96.298959 155.162724 153.397667 0.125782 -0.379897 0.520654 0.754173
1363.300000000 -96.068082 155.604362 153.315464 0.125552 -0.379574 0.520592 0.754416
1363.500000000 -95.915853 155.920859 153.229827 0.126872 -0.380002 0.520853 0.753800
1364.100000000 -95.454127 156.846921 153.085186 0.127272 -0.380197 0.520693 0.753745
1364.200000000 -95.384796 156.985079 153.070940 0.129858 -0.379652 0.521571 0.752971
1364.300000000 -95.300613 157.143666 153.048396 0.128895 -0.380177 0.521269 0.753081
1364.400000000 -95.232520 157.321680 153.012915 0.130409 -0.379542 0.521550 0.752946
1365.400000000 -94.473678 158.896234 152.749362 0.134610 -0.378579 0.522938 0.751727
1365.600000000 -94.317994 159.181248 152.699133 0.135002 -0.379541 0.522745 0.751306
1365.900000000 -94.089164 159.635617 152.601759 0.135446 -0.379590 0.522750 0.751198
1366.000000000 -94.009482 159.758887 152.577792 0.133220 -0.378557 0.522358 0.752389
1366.100000000 -93.951183 159.917489 152.522183 0.132556 -0.374199 0.523700 0.753752
1366.200000000 -93.870226 160.038825 152.497081 0.129701 -0.371770 0.523821 0.755365
1366.500000000 -93.663157 160.379758 152.407142 0.126739 -0.372542 0.522544 0.756371
1366.600000000 -93.594560 160.488278 152.366723 0.127049 -0.373912 0.522174 0.755899
1366.700000000 -93.538819 160.612355 152.312130 0.128641 -0.373706 0.522630 0.755416
1366.900000000 -93.423007 160.825945 152.214369 0.130038 -0.373887 0.523073 0.754780
1367.000000000 -93.367846 160.919991 152.170553 0.130109 -0.374233 0.522858 0.754745
1367.300000000 -93.215862 161.200379 151.998329 0.131995 -0.373640 0.523584 0.754209
1367.700000000 -93.010237 161.456756 151.793740 0.129955 -0.376669 0.521806 0.754289
1367.800000000 -92.956298 161.513040 151.737017 0.129694 -0.376990 0.521557 0.754345
1367.900000000 -92.918397 161.561028 151.679826 0.129334 -0.377946 0.521215 0.754164
1368.000000000 -92.880596 161.607670 151.622914 0.128853 -0.378358 0.520944 0.754228
1368.700000000 -92.644174 161.880339 151.123922 0.129733 -0.378422 0.521276 0.753815
1368.800000000 -92.581576 161.881885 151.064310 0.125820 -0.380402 0.519497 0.754710
1368.900000000 -92.577584 161.920990 150.969728 0.129363 -0.379172 0.520771 0.753851
1369.000000000 -92.554608 161.965527 150.866352 0.132147 -0.377245 0.522316 0.753266
1369.100000000 -92.530524 161.977681 150.785164 0.131442 -0.378473 0.521565 0.753293
1369.900000000 -92.384610 162.030098 150.073418 0.134192 -0.378092 0.522328 0.752471
1370.100000000 -92.362935 162.024589 149.887699 0.133884 -0.377927 0.522109 0.752760
1370.200000000 -92.350025 161.994299 149.813882 0.133832 -0.378226 0.521985 0.752706
1370.300000000 -92.344614 161.962832 149.741429 0.134056 -0.378579 0.521958 0.752507
1370.400000000 -92.334668 161.916797 149.676424 0.133165 -0.379520 0.521321 0.752633
1370.500000000 -92.315943 161.909387 149.571756 0.133760 -0.379689 0.521517 0.752306
1370.900000000 -92.279779 161.872382 149.158555 0.137037 -0.380190 0.522280 0.750933
1371.200000000 -92.256604 161.805354 148.884972 0.143484 -0.388355 0.521088 0.746364
1372.100000000 -92.151820 161.664923 148.007960 0.144248 -0.386270 0.521704 0.746869
1372.200000000 -92.135153 161.651451 147.912582 0.144718 -0.385907 0.522073 0.746708
1372.300000000 -92.121246 161.638382 147.817406 0.144983 -0.385944 0.522102 0.746617
1372.400000000 -92.106671 161.630329 147.717887 0.145179 -0.385939 0.522152 0.746546
1372.700000000 -92.054534 161.620354 147.412845 0.144036 -0.386437 0.521700 0.746826
1372.800000000 -92.030109 161.623913 147.304953 0.144395 -0.386428 0.521685 0.746772
1373.100000000 -91.968004 161.625065 147.001889 0.146105 -0.384993 0.522470 0.746632
1373.400000000 -91.902193 161.645013 146.697241 0.142310 -0.385996 0.521338 0.747637
1373.600000000 -91.843292 161.659410 146.485540 0.143623 -0.385195 0.521889 0.747415
1373.800000000 -91.797800 161.676922 146.285946 0.144471 -0.383994 0.522541 0.747414
1373.900000000 -91.766560 161.689673 146.182123 0.144929 -0.383516 0.522674 0.747478
1374.200000000 -91.687031 161.738115 145.863407 0.145050 -0.383388 0.522816 0.747421
1374.500000000 -91.606788 161.771895 145.570781 0.144935 -0.383177 0.522759 0.747591
1375.100000000 -91.409441 161.966771 144.912085 0.144147 -0.383870 0.522018 0.747905
1375.300000000 -91.337519 161.942892 144.789264 0.145186 -0.382902 0.522690 0.747732
1375.400000000 -91.299021 162.002107 144.667714 0.145117 -0.382773 0.522891 0.747671
1375.500000000 -91.267086 162.008651 144.598473 0.145002 -0.382709 0.522785 0.747800
1375.600000000 -91.233151 162.043499 144.501867 0.144801 -0.382922 0.522622 0.747843
1375.700000000 -91.190610 162.123463 144.369867 0.145491 -0.382318 0.522856 0.747855
1376.100000000 -91.045519 162.238904 144.042524 0.145647 -0.381840 0.523060 0.747926
1376.700000000 -90.800635 162.537340 143.498318 0.146022 -0.382363 0.522841 0.747739
1376.800000000 -90.768260 162.553497 143.450598 0.144408 -0.383460 0.522003 0.748076
1376.900000000 -90.718638 162.619571 143.353424 0.145646 -0.382919 0.522518 0.747754
1377.000000000 -90.673605 162.664373 143.282178 0.146064 -0.382687 0.522647 0.747700
1377.100000000 -90.630715 162.743971 143.183856 0.145770 -0.382940 0.522449 0.747767
1377.200000000 -90.576684 162.844415 143.070470 0.146244 -0.382215 0.522817 0.747788
1377.300000000 -90.548415 162.871990 143.027637 0.145093 -0.382624 0.522313 0.748155
1377.400000000 -90.508701 162.902811 142.978776 0.144962 -0.382670 0.522239 0.748209
1377.900000000 -90.281067 163.230716 142.615587 0.145169 -0.382020 0.522449 0.748354
1378.000000000 -90.228993 163.316841 142.528188 0.145153 -0.381997 0.522428 0.748383
1378.300000000 -90.079520 163.537628 142.315974 0.145126 -0.382292 0.522256 0.748359
1378.800000000 -89.824709 163.930087 141.984293 0.145269 -0.381989 0.522491 0.748321
1379.000000000 -89.724658 164.087551 141.861582 0.143339 -0.383562 0.521302 0.748718
1379.100000000 -89.670393 164.156641 141.812244 0.142033 -0.384517 0.520568 0.748988
1379.200000000 -89.630694 164.226673 141.763998 0.142047 -0.384680 0.520496 0.748951
1379.700000000 -89.361209 164.607688 141.510087 0.141552 -0.385197 0.520175 0.749002
1379.800000000 -89.305468 164.736619 141.419690 0.141690 -0.384905 0.520245 0.749078
1381.000000000 -88.507196 165.783019 140.770235 0.137015 -0.388410 0.517298 0.750178
1381.100000000 -88.488015 165.870120 140.727832 0.135567 -0.389637 0.516436 0.750399
1381.200000000 -88.426940 165.951620 140.684854 0.134441 -0.390511 0.515790 0.750591
1381.300000000 -88.375826 166.042350 140.634349 0.134041 -0.391046 0.515514 0.750574
1381.500000000 -88.232186 166.278779 140.482725 0.134951 -0.389596 0.516284 0.750636
1381.800000000 -88.041342 166.585488 140.289550 0.134434 -0.390022 0.515852 0.750805
1381.900000000 -87.991702 166.639882 140.272634 0.134053 -0.390462 0.515565 0.750841
1382.100000000 -87.851048 166.894030 140.106574 0.134856 -0.389244 0.516173 0.750912
1382.300000000 -87.734374 167.056124 140.016246 0.135475 -0.389008 0.516325 0.750818
1382.400000000 -87.668807 167.146502 139.961345 0.135183 -0.389009 0.516283 0.750899
1382.600000000 -87.540540 167.329574 139.845267 0.136341 -0.389048 0.516478 0.750536
1382.700000000 -87.468087 167.474165 139.738973 0.134782 -0.390261 0.515589 0.750798
1382.800000000 -87.402104 167.531589 139.712631 0.134593 -0.391006 0.515192 0.750717
1383.400000000 -86.992246 168.162484 139.324487 0.138093 -0.389049 0.516672 0.750081
1383.600000000 -86.850033 168.428753 139.147263 0.135516 -0.391037 0.515214 0.750520
1383.700000000 -86.776358 168.532294 139.098830 0.139639 -0.387661 0.517608 0.749868
1383.800000000 -86.705324 168.642288 139.031979 0.142441 -0.386135 0.518898 0.749236
1384.000000000 -86.564725 168.906728 138.873022 0.144860 -0.384831 0.519844 0.748788
1384.100000000 -86.506596 169.001897 138.831998 0.145027 -0.385115 0.519777 0.748656
1384.200000000 -86.459004 169.090365 138.809637 0.141540 -0.387103 0.518076 0.749477
1384.600000000 -86.199452 169.502711 138.650609 0.138912 -0.389757 0.516202 0.749886
1384.700000000 -86.123985 169.662462 138.566354 0.141552 -0.387391 0.517791 0.749522
1384.900000000 -85.993899 169.873058 138.507075 0.138304 -0.390203 0.515713 0.750102
1386.100000000 -85.181622 171.217608 138.227150 0.121104 -0.404070 0.505432 0.752729
1386.200000000 -85.068499 171.452771 138.089867 0.131501 -0.397146 0.510759 0.751071
1386.400000000 -84.924115 171.693410 138.039949 0.129690 -0.398823 0.509641 0.751257
1386.600000000 -84.771574 171.962323 137.966826 0.129884 -0.398720 0.509547 0.751342
1386.700000000 -84.696218 172.092398 137.930852 0.129539 -0.399301 0.509143 0.751367
1386.800000000 -84.619843 172.224513 137.897815 0.129292 -0.399680 0.508797 0.751442
1386.900000000 -84.536900 172.361911 137.858814 0.130147 -0.398450 0.509340 0.751580
1387.100000000 -84.398348 172.603879 137.809776 0.126276 -0.401240 0.507054 0.752301
1387.500000000 -84.072694 173.156481 137.619766 0.131000 -0.399305 0.508820 0.751330
1387.700000000 -83.930217 173.400581 137.541329 0.125331 -0.394160 0.508795 0.755021
1388.400000000 -83.453295 174.135234 137.209269 0.123820 -0.391662 0.508857 0.756527
1388.600000000 -83.326625 174.314259 137.092559 0.125283 -0.391629 0.508936 0.756250
1388.700000000 -83.307433 174.356075 137.083517 0.120771 -0.394057 0.506858 0.757118
1388.800000000 -83.234130 174.443068 137.009744 0.123892 -0.392356 0.508260 0.756558
1388.900000000 -83.147276 174.570510 136.891259 0.127452 -0.390428 0.509853 0.755891
1389.000000000 -83.131310 174.567990 136.908168 0.124925 -0.391207 0.508859 0.756580
1389.300000000 -83.032028 174.668662 136.803916 0.121818 -0.394262 0.506614 0.757007
1389.400000000 -82.978368 174.737114 136.719073 0.122798 -0.395037 0.506499 0.756522
1389.500000000 -82.949854 174.800967 136.641980 0.121257 -0.396699 0.505458 0.756597
1389.600000000 -82.837033 174.911806 136.504359 0.127361 -0.391921 0.508861 0.755802
1389.800000000 -82.738091 175.033147 136.328312 0.129028 -0.391046 0.509342 0.755649
1390.100000000 -82.610366 175.128431 136.116113 0.130799 -0.389510 0.510451 0.755389
1390.200000000 -82.589382 175.149728 136.047701 0.129511 -0.391372 0.509199 0.755494
1390.300000000 -82.537669 175.176695 135.968510 0.130755 -0.389914 0.510331 0.755270
1390.600000000 -82.450284 175.211197 135.749627 0.130476 -0.391980 0.509283 0.754956
1390.700000000 -82.409801 175.140288 135.743489 0.131475 -0.391008 0.509882 0.754882
1390.800000000 -82.387777 175.119287 135.686460 0.130933 -0.392921 0.509015 0.754568
1390.900000000 -82.355456 175.127610 135.610918 0.131426 -0.391938 0.509430 0.754714
1391.200000000 -82.266054 175.056542 135.433953 0.134168 -0.390735 0.510719 0.753984
1391.300000000 -82.249752 175.081781 135.335111 0.132451 -0.390646 0.510325 0.754600
1391.400000000 -82.238390 175.099399 135.236024 0.131329 -0.391842 0.509538 0.754708
1391.500000000 -82.212299 175.099273 135.148530 0.131836 -0.391919 0.509405 0.754669
1391.600000000 -82.185323 175.089404 135.070379 0.132083 -0.391726 0.509652 0.754559
1391.800000000 -82.147222 175.057609 134.916794 0.136815 -0.398646 0.508294 0.750999
1392.000000000 -82.100456 175.010639 134.781093 0.141320 -0.403183 0.507924 0.747988
1392.100000000 -82.075464 175.000665 134.710942 0.141961 -0.403053 0.508168 0.747770
1392.200000000 -82.055545 175.002577 134.631929 0.140271 -0.403659 0.507635 0.748124
1392.500000000 -81.971260 174.907398 134.483495 0.140579 -0.402979 0.507602 0.748456
1392.600000000 -81.923730 174.959314 134.365957 0.141605 -0.402086 0.508101 0.748404
1392.700000000 -81.898379 175.029119 134.244678 0.141145 -0.402221 0.507917 0.748543
1392.800000000 -81.860612 175.126369 134.100648 0.140558 -0.401702 0.507824 0.748995
1393.000000000 -81.788582 175.052659 134.038198 0.141369 -0.402456 0.507766 0.748477
1393.500000000 -81.640598 174.968527 133.872330 0.138899 -0.404107 0.506172 0.749129
1393.700000000 -81.563695 174.960929 133.802537 0.137969 -0.404990 0.505485 0.749288
1393.800000000 -81.521072 175.014934 133.708753 0.136451 -0.407513 0.503956 0.749228
1393.900000000 -81.493642 175.034571 133.661040 0.134785 -0.409085 0.502920 0.749369
1394.000000000 -81.443576 175.022227 133.640639 0.136017 -0.408508 0.503349 0.749173
1394.400000000 -81.382855 174.612049 133.925977 0.132528 -0.413454 0.500800 0.748794
1394.700000000 -81.360549 174.276772 134.180421 0.135494 -0.417784 0.499975 0.746406
1395.000000000 -80.761756 173.884150 134.320191 0.383012 -0.258954 0.596349 0.656210
1395.100000000 -80.865079 174.007978 134.265720 0.378022 -0.261133 0.595761 0.658770
1395.200000000 -80.851076 174.064294 134.235534 0.375211 -0.263441 0.594894 0.660240
1395.500000000 -80.820548 174.310950 134.083890 0.379469 -0.261688 0.595634 0.657832
1395.600000000 -80.828577 174.398399 134.042239 0.373756 -0.265936 0.594426 0.660486
1395.900000000 -80.902356 174.697692 133.897376 0.377190 -0.264834 0.595089 0.658377
1396.100000000 -80.894248 174.843131 133.848452 0.373314 -0.268129 0.593893 0.660329
1396.400000000 -80.680820 174.982523 133.825200 0.374029 -0.265787 0.595745 0.659202
1396.700000000 -80.347476 174.948682 133.975807 0.366400 -0.260419 0.599484 0.662233
1396.800000000 -80.272321 174.940969 134.040081 0.360772 -0.261259 0.600023 0.664499
1396.900000000 -80.206793 174.958661 134.081958 0.358099 -0.259771 0.601185 0.665478
1397.000000000 -80.138405 174.993169 134.092066 0.354951 -0.259717 0.601262 0.667114
1397.600000000 -79.532946 174.386359 134.981880 0.363092 -0.218890 0.617630 0.662408
1397.900000000 -79.136760 174.187586 135.158259 0.361319 -0.236421 0.607514 0.666694
1398.200000000 -78.285827 173.910053 135.404878 0.346959 -0.241741 0.603853 0.675679
1398.500000000 -76.873767 173.361176 135.824161 0.418801 -0.153283 0.624602 0.641078
1398.700000000 -75.807831 172.815367 136.246412 0.403447 -0.136386 0.634848 0.644668
1398.800000000 -75.577513 172.643957 136.409791 0.412190 -0.127787 0.635894 0.639850
1399.100000000 -74.898091 171.890943 137.259156 0.573092 0.133705 0.680336 0.436843
1400.100000000 -73.072598 170.194868 138.104590 0.754917 0.455863 0.467943 -0.057606
1400.600000000 -73.404441 169.723323 138.606338 0.758591 0.446500 0.472838 -0.040022
1400.700000000 -73.360910 169.638567 138.688087 0.761114 0.447920 0.467419 -0.039915
1401.000000000 -73.188859 169.237441 138.975207 0.765086 0.443744 0.465613 -0.030649
1401.100000000 -73.287450 169.001678 139.137305 0.763882 0.441643 0.469655 -0.029334
1401.200000000 -73.269883 168.858793 139.251492 0.765378 0.441890 0.467024 -0.028616
1401.300000000 -73.096141 168.635561 139.390068 0.764691 0.456060 0.452348 -0.051370
1401.600000000 -73.016677 168.243187 139.606463 0.761756 0.454351 0.459463 -0.046760
1401.800000000 -72.629842 167.891247 139.801153 0.758947 0.443482 0.476475 -0.017178
1402.300000000 -71.842797 166.547170 140.864575 0.759072 0.417368 0.498601 0.031804
1402.500000000 -71.730118 166.355795 140.895603 0.752605 0.402420 0.518812 0.049781
1403.100000000 -71.557152 165.794930 141.000463 0.759212 0.455561 0.463217 -0.038623
1403.700000000 -71.307835 165.249699 141.316743 0.753549 0.504363 0.401780 -0.127887
1403.900000000 -71.293057 165.179754 141.321660 0.754527 0.505028 0.398804 -0.128809
1404.000000000 -71.262064 165.143041 141.332740 0.758047 0.505223 0.392810 -0.125758
1404.400000000 -71.601421 164.684631 141.690913 0.752506 0.502782 0.405068 -0.129869
1404.500000000 -71.589384 164.709761 141.697227 0.751849 0.501824 0.408084 -0.127916
1404.600000000 -71.583524 164.712473 141.704234 0.752313 0.502305 0.406660 -0.127837
1404.900000000 -71.868093 164.483934 141.893651 0.751525 0.500015 0.411483 -0.126002
1405.000000000 -71.865332 164.504278 141.890601 0.752520 0.500103 0.409956 -0.124683
1405.100000000 -71.859092 164.528596 141.891943 0.752912 0.499561 0.410490 -0.122721
1405.800000000 -71.985336 165.180928 141.427264 0.758261 0.450591 0.470026 -0.032910
1406.000000000 -71.941069 165.410763 141.264944 0.761982 0.431033 0.483314 -0.000903
1406.100000000 -71.975738 165.636863 141.062721 0.763191 0.451494 0.461052 -0.033514
1406.400000000 -71.952209 165.576575 141.097833 0.768252 0.465383 0.435122 -0.062257
1406.500000000 -72.110909 165.756597 140.995905 0.768957 0.462939 0.437200 -0.057000
1406.800000000 -72.655122 165.561483 141.478021 0.774150 0.527090 0.332849 -0.109900
1407.000000000 -72.831045 165.349875 141.510472 0.752151 0.555257 0.306517 -0.178903
1408.200000000 -73.393576 164.512865 142.925472 0.685202 0.622888 0.164532 -0.339761
1408.300000000 -73.548755 164.604863 142.923374 0.686583 0.622513 0.166167 -0.336855
1408.900000000 -75.320210 164.882482 143.142324 0.689500 0.617565 0.172869 -0.336629
1409.100000000 -75.599504 165.062549 143.137005 0.690603 0.620778 0.167517 -0.331121
1409.400000000 -75.294920 164.992061 143.230708 0.650365 0.634510 0.125864 -0.398221
1409.600000000 -74.459308 165.154706 142.980823 0.637523 0.645118 0.100405 -0.409030
1409.700000000 -74.009346 165.284268 142.689009 0.640780 0.641962 0.112736 -0.405680
1409.800000000 -73.824615 165.396805 142.545716 0.644044 0.642451 0.117213 -0.398402
1410.000000000 -73.907665 165.536123 142.452849 0.706356 0.623857 0.180872 -0.281333
1410.400000000 -73.949987 165.423114 142.569037 0.700001 0.630430 0.168509 -0.290106
1410.500000000 -73.730000 165.309589 142.563939 0.640465 0.649597 0.103744 -0.396315
1410.700000000 -73.665242 165.421764 142.388208 0.648041 0.646328 0.116069 -0.385787
1410.900000000 -73.741322 165.310398 142.416684 0.710513 0.616034 0.198861 -0.275911
1411.100000000 -73.559016 165.258849 142.367077 0.649985 0.642434 0.111525 -0.390333
1411.300000000 -73.520840 165.323109 142.215395 0.650602 0.637691 0.118644 -0.394956
1411.500000000 -73.373701 165.232902 142.168801 0.708992 0.612171 0.197888 -0.288822
1411.600000000 -73.335012 164.833358 142.562183 0.654461 0.642842 0.113261 -0.381584
1411.900000000 -73.606640 164.875655 142.478150 0.651952 0.645445 0.108034 -0.382999
1412.000000000 -73.736915 165.032607 142.308827 0.707228 0.618093 0.186886 -0.287860
1412.400000000 -73.950294 165.082161 142.225896 0.700382 0.620460 0.183973 -0.301080
1413.000000000 -74.031383 165.298524 141.908109 0.642956 0.647620 0.103363 -0.395617
1413.100000000 -74.102992 165.288642 141.891047 0.700522 0.623141 0.180371 -0.297371
1413.700000000 -74.034561 164.954386 141.965230 0.723170 0.618508 0.183960 -0.246236
1413.800000000 -73.953974 164.944163 141.970370 0.723244 0.616770 0.189388 -0.246262
1413.900000000 -73.955398 164.924696 141.988032 0.717726 0.619720 0.184268 -0.258578
1414.300000000 -73.948444 165.071616 141.864468 0.779299 0.510690 0.350849 -0.093777
1414.500000000 -73.942068 166.085285 141.339149 0.762058 0.479286 0.426866 -0.085662
1414.600000000 -73.281120 166.512903 140.811082 0.759174 0.338527 0.539400 0.134542
1414.700000000 -73.628168 166.288236 141.156450 0.760079 0.469538 0.443545 -0.071284
1415.000000000 -72.915820 166.288854 141.074428 0.757354 0.469930 0.447372 -0.073745
1415.200000000 -73.145044 166.426199 140.994981 0.750705 0.348328 0.548383 0.119942
1415.400000000 -72.458863 166.470550 140.824696 0.750066 0.350262 0.548313 0.118620
1416.000000000 -73.608959 167.024398 140.605432 0.749238 0.499011 0.419832 -0.115638
1416.200000000 -73.455487 167.100663 140.557771 0.741394 0.517317 0.400727 -0.148783
1416.400000000 -73.880739 166.915076 140.804704 0.745709 0.503709 0.419740 -0.118378
1416.500000000 -73.814339 167.016800 140.725171 0.744375 0.504430 0.420772 -0.120029
1416.700000000 -73.713391 166.976435 140.704695 0.747612 0.491251 0.437568 -0.091006
1416.900000000 -73.767039 166.747366 140.900166 0.748054 0.491160 0.437323 -0.089024
1417.000000000 -73.866321 166.653634 140.997859 0.744516 0.505679 0.420952 -0.113071
1417.100000000 -73.085005 167.492451 140.079774 0.748463 0.464863 0.470874 -0.044534
1417.200000000 -72.966025 167.280326 140.144941 0.745090 0.362515 0.547633 0.116280
1417.300000000 -73.263818 167.177825 140.316543 0.748618 0.469354 0.465554 -0.050364
1417.400000000 -73.601298 166.914252 140.479969 0.735189 0.291623 0.569827 0.223047
1417.600000000 -73.847727 166.620426 140.765965 0.751210 0.367448 0.534214 0.123615
1417.800000000 -74.142930 166.333123 140.976494 0.752728 0.373387 0.529085 0.118542
1418.000000000 -74.964916 166.271722 141.038684 0.744067 0.318207 0.554764 0.193248
1418.100000000 -75.139893 166.116590 141.180286 0.742908 0.319182 0.556008 0.192524
1418.200000000 -75.418745 165.887875 141.392929 0.741419 0.312878 0.558517 0.201156
1418.500000000 -75.762081 166.142093 141.256644 0.675874 0.186666 0.618314 0.355018
1418.800000000 -76.210566 165.877109 141.493694 0.608003 0.097530 0.646493 0.450408
1419.200000000 -76.259784 164.981753 142.021443 0.468914 -0.058181 0.651340 0.593709
1419.300000000 -76.530651 164.800032 142.161537 0.450269 -0.075814 0.648908 0.608628
1419.400000000 -76.633547 164.688059 142.226211 0.446146 -0.075500 0.650181 0.610342
1419.500000000 -76.317953 164.609577 142.123057 0.451777 -0.071292 0.649768 0.607138
1419.600000000 -76.341082 164.446635 142.176418 0.449431 -0.076528 0.648299 0.609807
1419.800000000 -76.110337 164.277670 142.078263 0.450160 -0.074845 0.648342 0.609431
1420.100000000 -76.187672 164.026260 142.035858 0.435928 -0.089496 0.645719 0.620488
1420.300000000 -76.566815 164.166138 141.792661 0.375711 -0.149258 0.630388 0.662703
1420.400000000 -76.059569 163.707097 142.045808 0.427069 -0.098014 0.643357 0.627772
1420.500000000 -75.971324 163.590664 142.062227 0.433719 -0.089471 0.645887 0.621862
1420.800000000 -76.125669 163.450955 141.903003 0.420900 -0.105014 0.640500 0.633699
1420.900000000 -75.988205 163.256699 141.913998 0.405915 -0.124021 0.634895 0.645569
1421.100000000 -75.927108 163.036259 141.939401 0.397414 -0.131976 0.632320 0.651779
1421.200000000 -75.881826 162.902051 141.971241 0.398947 -0.131433 0.631801 0.651456
1421.300000000 -75.829147 162.757669 142.009383 0.396779 -0.135488 0.630459 0.653246
1421.700000000 -75.535880 162.159049 142.245410 0.329070 -0.194407 0.611446 0.692858
1421.900000000 -75.593050 161.966994 142.305940 0.355220 -0.178116 0.617078 0.679196
1422.100000000 -75.570418 161.755646 142.399975 0.366596 -0.171447 0.618652 0.673412
1422.300000000 -75.519233 161.539957 142.519644 0.369155 -0.171191 0.618360 0.672346
1422.800000000 -75.456358 161.028655 142.862643 0.368393 -0.178133 0.615316 0.673752
1423.000000000 -75.402005 160.859094 143.003345 0.369232 -0.179455 0.614594 0.673601
1423.100000000 -75.385562 160.778706 143.063320 0.369678 -0.180806 0.613826 0.673695
1423.400000000 -75.323140 160.526867 143.265350 0.370738 -0.186155 0.611625 0.673658
1423.600000000 -75.297518 160.358725 143.424211 0.371649 -0.188404 0.610890 0.673198
1423.700000000 -75.283032 160.273297 143.505093 0.371438 -0.190596 0.609812 0.673674
1424.700000000 -75.134196 159.319022 144.488594 0.360672 -0.213487 0.600378 0.681091
1425.000000000 -75.174303 159.155651 144.699230 0.367727 -0.209385 0.601973 0.677173
1425.400000000 -75.128500 158.792562 145.114172 0.364364 -0.213939 0.600551 0.678828
1425.800000000 -75.133657 158.496142 145.487350 0.367021 -0.212124 0.601340 0.677266
1426.100000000 -75.201898 158.352577 145.678578 0.374523 -0.209003 0.602075 0.673465
1427.200000000 -75.570618 158.011290 146.294120 0.350701 -0.230229 0.595515 0.685102
1427.300000000 -75.541132 157.923322 146.391666 0.347394 -0.231608 0.595192 0.686602
1427.500000000 -75.549430 157.763364 146.547544 0.350145 -0.231627 0.595110 0.685268
1427.700000000 -75.493546 157.456221 146.830080 0.347820 -0.234088 0.594011 0.686568
1427.800000000 -75.554518 157.513811 146.806274 0.352263 -0.230112 0.595542 0.684316
1428.000000000 -75.570700 157.326786 146.994353 0.354089 -0.227712 0.596729 0.683141
1428.100000000 -75.561085 157.223175 147.098049 0.354374 -0.227926 0.596677 0.682968
1428.200000000 -75.463104 156.995422 147.299973 0.350245 -0.230340 0.595958 0.684913
1428.400000000 -75.451457 156.816991 147.475061 0.348534 -0.230880 0.595874 0.685677
1429.100000000 -75.986472 156.917797 147.494711 0.383419 -0.200977 0.606939 0.666501
1429.200000000 -75.953943 156.832997 147.610189 0.381701 -0.200766 0.607360 0.667167
1429.600000000 -76.454919 157.043158 147.549599 0.348061 -0.225480 0.599768 0.684318
1429.700000000 -76.441908 156.999180 147.575425 0.348987 -0.225519 0.599570 0.684007
1429.900000000 -76.515879 156.838245 147.734266 0.353463 -0.220890 0.601364 0.681640
1430.000000000 -76.551594 156.782716 147.796651 0.353735 -0.220153 0.601772 0.681377
1430.100000000 -76.605159 156.738408 147.849133 0.358829 -0.214894 0.603763 0.678626
1430.300000000 -76.635639 156.576960 147.982392 0.360588 -0.213642 0.604196 0.677702
1430.600000000 -76.722623 156.403774 148.183362 0.364400 -0.205765 0.607675 0.674985
1430.800000000 -76.579211 156.093532 148.414504 0.361909 -0.209376 0.606415 0.676346
1430.900000000 -76.618684 156.078879 148.425241 0.364924 -0.206703 0.607262 0.674787
1431.000000000 -76.585502 155.983427 148.499977 0.364306 -0.206723 0.607244 0.675130
1431.100000000 -76.575570 155.887102 148.576239 0.365545 -0.205537 0.607547 0.674550
1431.400000000 -76.521096 155.640375 148.775862 0.366361 -0.203414 0.608497 0.673894
1431.700000000 -76.400215 155.317762 149.039711 0.364980 -0.201690 0.609494 0.674261
1431.800000000 -76.355975 155.186063 149.128767 0.364452 -0.202945 0.608874 0.674730
1431.900000000 -76.371189 155.151999 149.149998 0.367057 -0.200979 0.609450 0.673385
1432.000000000 -76.372453 155.094348 149.202272 0.366818 -0.199944 0.609900 0.673415
1432.300000000 -76.288198 154.785064 149.461025 0.365654 -0.197770 0.611044 0.673654
1432.500000000 -76.210420 154.560102 149.637301 0.363865 -0.197584 0.611322 0.674424
1432.700000000 -76.172472 154.415114 149.748914 0.364951 -0.196222 0.611580 0.674001
1432.900000000 -76.066647 154.146142 149.964723 0.361187 -0.197994 0.611292 0.675769
1433.000000000 -76.076318 154.089867 150.003328 0.362148 -0.197199 0.611334 0.675449
1433.100000000 -76.141662 154.122863 149.965247 0.367030 -0.194217 0.612167 0.672919
1433.200000000 -76.112178 154.030467 150.040564 0.365847 -0.194108 0.612287 0.673485
1433.300000000 -75.976683 153.772840 150.227588 0.361813 -0.198873 0.610196 0.676167
1433.800000000 -76.220731 153.790676 150.243069 0.350562 -0.206996 0.607478 0.682077
1433.900000000 -76.275633 153.789902 150.248421 0.350080 -0.206573 0.607568 0.682373
1434.400000000 -75.927802 153.240543 150.724271 0.349216 -0.207816 0.606309 0.683557
1434.500000000 -75.949676 153.210145 150.781941 0.347724 -0.207477 0.606541 0.684214
1434.600000000 -75.971282 153.192735 150.828597 0.346364 -0.207775 0.606481 0.684866
1434.700000000 -75.982514 153.166459 150.876842 0.345868 -0.208397 0.606134 0.685235
1435.000000000 -76.018041 153.076297 151.061222 0.340650 -0.211085 0.605160 0.687882
1435.600000000 -75.903619 152.753936 151.574409 0.341590 -0.215992 0.601713 0.688916
1435.800000000 -75.857017 152.625204 151.793585 0.338428 -0.219807 0.599692 0.691029
1436.000000000 -75.756456 152.479705 152.002542 0.345558 -0.219360 0.598441 0.688723
1436.200000000 -75.686647 152.362035 152.211732 0.343150 -0.225712 0.595551 0.690378
1437.100000000 -74.980668 151.825533 153.304741 0.322561 -0.247342 0.584845 0.701949
1437.300000000 -75.217923 151.734060 153.634096 0.344487 -0.231626 0.590555 0.692043
1437.400000000 -75.195725 151.639276 153.834626 0.345143 -0.229088 0.591760 0.691531
1437.800000000 -75.019858 151.434237 154.376522 0.342303 -0.233473 0.589227 0.693636
1437.900000000 -74.985022 151.383337 154.521579 0.342179 -0.233569 0.589232 0.693661
1438.400000000 -73.743258 151.363796 154.724145 0.344662 -0.230729 0.590267 0.692501
1438.700000000 -73.715160 151.203092 155.177904 0.346468 -0.228183 0.590760 0.692022
1438.900000000 -73.667179 151.102656 155.443709 0.348207 -0.227783 0.590406 0.691584
1439.000000000 -73.629221 151.047216 155.608833 0.346509 -0.227043 0.590771 0.692368
1439.200000000 -73.669154 150.897693 155.908825 0.348238 -0.230542 0.589241 0.691647
1440.200000000 -73.501405 150.247086 157.140026 0.361177 -0.240343 0.582330 0.687516
1440.300000000 -73.453992 150.192851 157.309528 0.355065 -0.232766 0.586999 0.689333
1440.600000000 -73.349352 149.952088 157.624468 0.352765 -0.231566 0.586944 0.690964
1440.700000000 -73.389010 149.916989 157.693877 0.352956 -0.231339 0.587218 0.690709
1440.900000000 -73.373672 149.727747 157.892080 0.352870 -0.230602 0.587328 0.690906
1441.400000000 -73.369944 149.359222 158.223495 0.350945 -0.227896 0.588309 0.691949
1441.700000000 -73.385204 149.126995 158.388114 0.350242 -0.222383 0.591105 0.691717
1441.800000000 -73.331009 149.062605 158.406599 0.350461 -0.220976 0.591822 0.691443
1441.900000000 -73.330252 148.908373 158.522678 0.347310 -0.221991 0.591836 0.692695
1442.000000000 -73.358144 148.838787 158.551554 0.347304 -0.221553 0.591974 0.692720
1442.500000000 -73.336983 148.433893 158.709279 0.343690 -0.217175 0.594525 0.693724
1442.700000000 -73.370147 148.254259 158.746622 0.344471 -0.216890 0.594473 0.693469
1442.900000000 -73.372103 148.095077 158.760431 0.344930 -0.215546 0.595016 0.693195
1443.000000000 -73.427293 148.010450 158.794524 0.344943 -0.214524 0.595473 0.693113
1443.300000000 -73.427025 147.766767 158.821284 0.341078 -0.210873 0.597641 0.694279
1443.600000000 -73.425100 147.493719 158.812138 0.334731 -0.204352 0.600442 0.696897
1444.100000000 -73.476949 147.096104 158.887024 0.335041 -0.201230 0.602246 0.696099
1444.300000000 -73.489108 146.884003 158.967193 0.332532 -0.202556 0.601712 0.697378
1444.400000000 -73.497250 146.801896 159.023096 0.331146 -0.199806 0.602742 0.697941
1444.900000000 -73.569835 146.320911 159.299255 0.325984 -0.195036 0.605500 0.699331
1445.000000000 -73.501712 146.301026 159.282120 0.326933 -0.191351 0.607363 0.698290
1445.200000000 -73.595273 146.107850 159.383935 0.326446 -0.193087 0.606358 0.698914
1445.300000000 -73.513192 146.019921 159.415439 0.325382 -0.192516 0.606627 0.699334
1445.800000000 -73.454878 145.566221 159.658667 0.322453 -0.191164 0.607788 0.700053
1445.900000000 -73.512421 145.483749 159.724634 0.322220 -0.189980 0.608434 0.699921
1446.000000000 -73.433372 145.400806 159.743022 0.320560 -0.191692 0.607802 0.700766
1446.100000000 -73.409930 145.295077 159.799814 0.320199 -0.191025 0.608041 0.700906
1446.200000000 -73.381695 145.235711 159.829640 0.319306 -0.189723 0.608872 0.700945
1446.300000000 -73.401825 145.096727 159.953532 0.315789 -0.190990 0.608750 0.702299
1446.700000000 -73.417782 144.732917 160.179715 0.316170 -0.187922 0.610346 0.701570
1446.800000000 -73.349852 144.628674 160.245781 0.314328 -0.187147 0.610947 0.702081
1446.900000000 -73.336921 144.514016 160.323096 0.312101 -0.187353 0.610735 0.703203
1447.100000000 -73.399566 144.301338 160.459389 0.312709 -0.188524 0.610211 0.703075
1447.300000000 -73.386819 144.121268 160.574673 0.312013 -0.186391 0.611516 0.702819
1447.400000000 -73.354601 144.016902 160.639514 0.310981 -0.186049 0.611943 0.702995
1447.500000000 -73.305448 143.894886 160.709314 0.310011 -0.186219 0.611893 0.703422
1447.600000000 -73.366630 143.787486 160.800482 0.307861 -0.186960 0.611643 0.704387
1447.700000000 -73.349544 143.681085 160.844924 0.308513 -0.187190 0.611647 0.704037
1447.900000000 -73.336338 143.498879 160.923862 0.310225 -0.185178 0.612706 0.702895
1448.000000000 -73.324037 143.378669 161.015361 0.307917 -0.185016 0.612945 0.703744
1448.100000000 -73.331830 143.259292 161.077559 0.307324 -0.185619 0.612850 0.703926
1448.700000000 -73.285361 142.586260 161.437415 0.304585 -0.185744 0.613232 0.704750
1448.800000000 -73.275650 142.455365 161.530005 0.304311 -0.184484 0.613822 0.704686
1449.100000000 -73.278922 142.113017 161.701121 0.302712 -0.185111 0.613660 0.705352
1449.800000000 -73.310037 141.422954 162.045080 0.303826 -0.182648 0.615086 0.704272
1450.000000000 -73.295863 141.199550 162.179966 0.302305 -0.182051 0.615516 0.704705
1450.600000000 -73.307734 140.501947 162.576728 0.302502 -0.180821 0.615908 0.704594
1450.700000000 -73.303581 140.408838 162.631990 0.301075 -0.181531 0.615668 0.705232
1451.000000000 -73.253656 140.015842 162.898389 0.300351 -0.181606 0.615940 0.705285
1451.100000000 -73.373417 140.057577 162.823967 0.301437 -0.181068 0.615911 0.704986
1451.600000000 -73.231655 139.409442 163.274256 0.300695 -0.181812 0.615906 0.705115
1451.800000000 -73.262371 139.214321 163.411075 0.298851 -0.184191 0.615072 0.706009
1452.100000000 -73.178028 138.820315 163.716002 0.299302 -0.183241 0.615594 0.705610
1452.600000000 -73.084283 138.198028 164.233323 0.298141 -0.185763 0.614652 0.706263
1453.000000000 -73.184678 137.985370 164.416512 0.296455 -0.186907 0.614291 0.706984
1453.100000000 -73.171257 137.881847 164.511911 0.296866 -0.186689 0.614275 0.706883
1453.200000000 -73.215837 137.869233 164.523956 0.296788 -0.186867 0.614181 0.706951
1453.600000000 -73.145815 137.437307 164.945866 0.296102 -0.188483 0.613654 0.707267
1454.100000000 -73.057641 137.031572 165.365764 0.298366 -0.187155 0.613972 0.706392
1454.300000000 -73.104713 136.915578 165.511810 0.297831 -0.188754 0.613411 0.706679
1454.400000000 -73.039123 136.790963 165.643481 0.298510 -0.188243 0.613612 0.706355
1454.600000000 -73.005166 136.614403 165.856016 0.297933 -0.188792 0.613377 0.706655
1454.700000000 -72.980080 136.466942 166.032164 0.296507 -0.189547 0.613198 0.707208
1454.900000000 -72.969973 136.348488 166.187554 0.297434 -0.189350 0.613188 0.706881
1455.000000000 -72.973354 136.304474 166.256449 0.297592 -0.189420 0.613146 0.706832
1455.700000000 -72.913264 135.810339 166.942978 0.297914 -0.190883 0.612503 0.706860
1455.800000000 -72.856324 135.727545 167.045605 0.299190 -0.190096 0.612775 0.706297
1455.900000000 -72.814295 135.643428 167.160971 0.299569 -0.189424 0.613033 0.706093
1456.800000000 -72.765030 135.051766 168.158808 0.296976 -0.192016 0.612041 0.707348
1456.900000000 -72.694841 134.949982 168.307435 0.298114 -0.191135 0.612357 0.706834
1457.000000000 -72.628488 134.853853 168.449214 0.299094 -0.190520 0.612622 0.706356
1457.700000000 -72.595060 134.538562 169.271777 0.297398 -0.192179 0.612013 0.707150
1457.800000000 -72.568165 134.504280 169.386639 0.297743 -0.192106 0.612048 0.706994
1457.900000000 -72.496472 134.430108 169.530855 0.298837 -0.191545 0.612401 0.706379
1458.000000000 -72.511577 134.428708 169.628872 0.298743 -0.191191 0.612460 0.706464
1458.300000000 -72.451504 134.274894 170.063230 0.298213 -0.191870 0.612200 0.706729
1458.500000000 -72.402121 134.153325 170.375086 0.297380 -0.193427 0.611650 0.707132
1458.600000000 -72.351253 134.104138 170.510588 0.299035 -0.192431 0.612063 0.706348
1458.700000000 -72.338518 134.079442 170.644630 0.298667 -0.192375 0.612168 0.706427
1459.500000000 -72.167407 133.809570 171.796512 0.297443 -0.191798 0.612527 0.706790
1459.700000000 -72.157674 133.759180 172.082857 0.296050 -0.192120 0.612622 0.707205
1460.000000000 -72.086916 133.657061 172.516515 0.295977 -0.191546 0.613028 0.707039
1460.200000000 -72.083158 133.639497 172.749621 0.295520 -0.192689 0.612720 0.707187
1460.700000000 -72.095125 133.635494 173.326651 0.293520 -0.189787 0.613823 0.707848
1460.900000000 -72.048992 133.547250 173.615610 0.293580 -0.189372 0.614165 0.707637
1461.000000000 -72.030698 133.504155 173.755503 0.294023 -0.189137 0.614306 0.707394
1461.100000000 -72.030986 133.497519 173.881822 0.292689 -0.187180 0.614871 0.707976
1461.200000000 -72.002275 133.433832 174.028639 0.293442 -0.187978 0.614611 0.707679
1461.300000000 -72.001219 133.415138 174.147238 0.293049 -0.187136 0.614936 0.707783
1461.400000000 -71.961394 133.337678 174.316401 0.292908 -0.186679 0.615253 0.707686
1461.500000000 -71.954533 133.299501 174.435157 0.293816 -0.187925 0.614343 0.707771
1461.700000000 -71.916100 133.190849 174.729513 0.291822 -0.186464 0.615230 0.708212
1461.800000000 -71.871520 133.083922 174.912854 0.289416 -0.188674 0.614519 0.709230
1461.900000000 -71.921136 133.150097 174.955143 0.289265 -0.184969 0.616063 0.708928
1462.400000000 -71.866183 132.898294 175.580814 0.288532 -0.183105 0.616758 0.709106
1462.600000000 -71.776498 132.661119 175.917140 0.287809 -0.185526 0.616181 0.709273
1462.800000000 -71.782368 132.591041 176.145539 0.282727 -0.181294 0.618549 0.710348
1462.900000000 -71.774339 132.526599 176.251049 0.283824 -0.181727 0.618231 0.710077
1463.100000000 -71.713465 132.317307 176.552973 0.281374 -0.182601 0.618648 0.710465
1463.300000000 -71.681549 132.145834 176.788625 0.282229 -0.182933 0.618234 0.710401
1464.300000000 -71.660460 131.501459 177.710796 0.277797 -0.169977 0.626582 0.708048
1464.900000000 -71.531889 130.714559 178.424277 0.278397 -0.177330 0.622878 0.709276
1465.000000000 -71.509481 130.538448 178.548044 0.279840 -0.184873 0.618431 0.710672
1465.300000000 -71.464436 130.175571 178.901069 0.275892 -0.181379 0.620220 0.711556
1465.400000000 -71.505743 130.124944 178.948093 0.275056 -0.181425 0.619626 0.712386
1465.500000000 -71.321776 129.724988 179.296336 0.277863 -0.182671 0.618055 0.712342
1466.000000000 -71.354591 129.144527 179.766005 0.270848 -0.186964 0.616626 0.715163
1466.300000000 -71.379718 128.835077 179.967430 0.271320 -0.188677 0.615126 0.715825
1466.400000000 -71.399085 128.739161 180.004112 0.272109 -0.190424 0.614616 0.715502
1466.500000000 -71.383823 128.592240 180.117982 0.269515 -0.188216 0.616452 0.715488
1467.100000000 -71.967256 128.872181 179.617184 0.265922 -0.171889 0.625063 0.713467
1467.300000000 -71.993672 128.566117 179.788638 0.260534 -0.177561 0.622352 0.716430
1467.500000000 -71.949992 128.259520 179.969104 0.263196 -0.172046 0.624014 0.715356
1467.600000000 -71.960716 128.093485 180.042430 0.263208 -0.173361 0.623706 0.715303
1467.700000000 -71.961192 127.935574 180.135861 0.263589 -0.171223 0.624101 0.715333
1468.100000000 -71.284951 127.674206 179.835445 0.376205 -0.083034 0.643777 0.661156
1468.200000000 -71.289520 127.533608 179.868290 0.377915 -0.080847 0.644174 0.660064
1468.400000000 -71.197650 127.238884 179.913649 0.375393 -0.082327 0.643868 0.661617
1468.500000000 -71.186863 127.100050 179.922974 0.376361 -0.082226 0.643520 0.661417
1469.100000000 -69.463358 126.712828 178.971457 0.374533 -0.077610 0.647002 0.659613
1469.200000000 -69.423689 126.533783 179.019080 0.373807 -0.076086 0.647670 0.659548
1469.400000000 -69.370083 126.190988 179.060821 0.373847 -0.076803 0.647060 0.660041
1469.600000000 -69.330826 125.829281 179.109497 0.375995 -0.076175 0.646356 0.659582
1469.800000000 -69.266313 125.466964 179.153093 0.375294 -0.076739 0.646005 0.660260
1470.200000000 -69.173564 124.769168 179.239830 0.373902 -0.076073 0.645651 0.661472
1470.300000000 -69.143747 124.598323 179.263372 0.373448 -0.075705 0.645929 0.661499
1470.900000000 -69.005996 123.531888 179.392099 0.375203 -0.075215 0.644739 0.661723
1471.100000000 -68.903689 123.172266 179.519332 0.370698 -0.072543 0.646268 0.663067
1471.200000000 -68.890117 122.999962 179.486152 0.373525 -0.075615 0.644349 0.663005
1471.600000000 -68.960725 122.410615 179.526364 0.380611 -0.072728 0.643520 0.660097
1471.900000000 -68.789050 121.892979 179.686683 0.376415 -0.072278 0.643855 0.662222
1472.000000000 -68.749706 121.716891 179.747262 0.378307 -0.070806 0.643991 0.661170
1472.100000000 -68.706729 121.560045 179.813563 0.376649 -0.070104 0.644122 0.662063
1472.300000000 -68.647411 121.292207 179.816410 0.377302 -0.072387 0.643521 0.662030
1472.500000000 -68.575640 121.004467 179.934850 0.376063 -0.072278 0.643464 0.662802
1473.200000000 -68.199255 119.991644 180.347636 0.371499 -0.072923 0.642869 0.665875
1474.300000000 -67.923811 118.928013 181.076416 0.371131 -0.066633 0.644224 0.665430
1474.400000000 -67.877448 118.839609 181.137259 0.368418 -0.069739 0.643444 0.667371
1474.500000000 -67.893459 118.791284 181.198209 0.367812 -0.068855 0.643529 0.667715
1474.600000000 -67.862178 118.720467 181.279069 0.366240 -0.069171 0.643560 0.668517
1474.700000000 -67.800281 118.617975 181.412111 0.367181 -0.066569 0.644182 0.667664
1475.100000000 -67.652458 118.350493 181.717738 0.367516 -0.067821 0.643410 0.668099
1475.300000000 -67.581136 118.221581 181.937838 0.365022 -0.068266 0.643268 0.669556
1475.400000000 -67.446982 118.113527 182.109482 0.364271 -0.066533 0.643788 0.669639
1475.700000000 -67.392362 118.022508 182.307983 0.362212 -0.070144 0.642943 0.671198
1475.800000000 -67.260162 117.905519 182.505811 0.362448 -0.068079 0.643212 0.671025
1476.300000000 -66.967556 117.722814 182.950616 0.352758 -0.079685 0.640552 0.677425
1476.500000000 -66.840365 117.655388 183.212181 0.349479 -0.078282 0.641081 0.678786
1476.600000000 -66.758835 117.598924 183.360029 0.348199 -0.078539 0.640881 0.679603
1476.700000000 -66.691534 117.532098 183.510294 0.348934 -0.078409 0.640667 0.679443
1476.800000000 -66.631639 117.484264 183.646286 0.347739 -0.078496 0.640718 0.679997
1477.500000000 -66.149043 117.163582 184.649155 0.344428 -0.076161 0.640900 0.681775
1477.600000000 -66.075170 117.102568 184.790486 0.344767 -0.075559 0.640957 0.681617
1477.700000000 -66.004247 117.066595 184.929596 0.344343 -0.075295 0.641031 0.681790
1477.800000000 -65.912240 117.032157 185.040812 0.340203 -0.078762 0.640525 0.683949
1477.900000000 -65.836226 116.981696 185.196295 0.341257 -0.077455 0.640675 0.683432
1478.000000000 -65.749168 116.932031 185.347339 0.339151 -0.077995 0.640559 0.684527
1478.300000000 -65.560088 116.776798 185.813170 0.342560 -0.073530 0.641194 0.682727
1478.500000000 -65.417331 116.678604 186.093443 0.344323 -0.072821 0.640950 0.682145
1478.600000000 -65.354451 116.638020 186.211195 0.343779 -0.074540 0.640243 0.682897
1478.700000000 -65.248368 116.589874 186.350483 0.341030 -0.076652 0.639887 0.684374
1478.900000000 -65.161539 116.497893 186.576097 0.346603 -0.076256 0.639115 0.682337
1479.500000000 -64.814990 116.241752 187.354397 0.354475 -0.068784 0.638968 0.679217
1479.600000000 -64.741570 116.209706 187.444889 0.354593 -0.069884 0.638418 0.679560
1479.900000000 -64.591525 116.070493 187.839002 0.358066 -0.066821 0.638632 0.677844
1480.000000000 -64.518689 116.020530 187.940635 0.357771 -0.068434 0.638196 0.678250
1480.100000000 -64.454407 115.970646 188.068263 0.358091 -0.067817 0.638138 0.678198
1480.700000000 -64.164057 115.691550 188.779650 0.359284 -0.064610 0.638469 0.677568
1480.800000000 -64.122150 115.639901 188.871179 0.360848 -0.066327 0.637358 0.677617
1481.000000000 -64.004769 115.537266 189.107977 0.360347 -0.064728 0.638184 0.677261
1481.100000000 -63.913393 115.461494 189.238819 0.361438 -0.063808 0.638025 0.676916
1481.300000000 -63.817525 115.359755 189.431007 0.363784 -0.064815 0.637004 0.676525
1481.600000000 -63.655670 115.190480 189.752676 0.364625 -0.063138 0.637099 0.676141
1481.700000000 -63.608778 115.127409 189.872848 0.364367 -0.062128 0.637089 0.676383
1482.300000000 -63.231186 114.689191 190.553637 0.365822 -0.063146 0.635492 0.677005
1482.500000000 -63.116390 114.558581 190.753702 0.367975 -0.061043 0.635187 0.676317
1482.600000000 -63.030801 114.466219 190.876966 0.368480 -0.060774 0.634973 0.676269
1482.700000000 -63.034518 114.423347 190.947248 0.368456 -0.061501 0.634351 0.676799
1482.800000000 -63.014870 114.376046 191.016752 0.369185 -0.062103 0.633539 0.677107
1483.000000000 -62.937520 114.251062 191.187640 0.370291 -0.062227 0.633351 0.676668
1483.100000000 -62.861139 114.166364 191.305087 0.370253 -0.061191 0.633635 0.676517
1483.400000000 -62.767834 113.965298 191.545419 0.370859 -0.063149 0.632070 0.677468
1483.700000000 -62.904552 113.913193 191.625109 0.370994 -0.067372 0.629903 0.679004
1483.800000000 -62.710195 113.738828 191.829391 0.370329 -0.065458 0.630541 0.678962
1483.900000000 -62.725827 113.697499 191.887947 0.370008 -0.065894 0.630367 0.679257
1484.000000000 -62.708713 113.648081 191.950604 0.370319 -0.065325 0.630388 0.679122
1484.500000000 -62.773991 113.419995 192.210920 0.369714 -0.070504 0.628069 0.681080
1484.600000000 -62.744148 113.363952 192.286965 0.370065 -0.069582 0.628051 0.681001
1484.900000000 -62.573431 113.107856 192.596564 0.369483 -0.069298 0.627960 0.681430
1485.400000000 -62.300444 112.700717 193.076008 0.372336 -0.069835 0.626451 0.681211
1486.000000000 -61.987372 112.303352 193.726196 0.372075 -0.069737 0.625806 0.681956
1486.100000000 -61.923023 112.242816 193.836166 0.372812 -0.069463 0.625684 0.681693
1487.000000000 -62.133455 112.959172 193.535969 0.318379 -0.117382 0.615502 0.711346
1487.200000000 -63.052377 113.168043 193.656489 0.371049 -0.072148 0.624103 0.683822
1487.600000000 -62.949185 113.099656 193.991143 0.375340 -0.072840 0.613646 0.690835
1488.200000000 -62.590462 113.387297 194.048638 0.324270 -0.123243 0.598492 0.722128
1488.400000000 -62.767589 112.891240 194.928366 0.376640 -0.078399 0.606299 0.695987
1488.600000000 -62.628603 112.727450 195.288810 0.377908 -0.079448 0.605952 0.695482
1488.900000000 -62.537852 113.190963 194.945721 0.327453 -0.120354 0.600735 0.719310
1489.000000000 -62.601721 112.680384 195.757886 0.375083 -0.077877 0.608261 0.695174
1489.200000000 -62.591301 112.592507 195.998842 0.377566 -0.082040 0.606706 0.694709
1489.300000000 -62.590306 112.534679 196.131923 0.378228 -0.084181 0.605980 0.694727
1489.400000000 -62.573750 112.498772 196.237141 0.381246 -0.082752 0.606749 0.692575
1489.700000000 -61.793444 112.048216 196.872281 0.338413 -0.114009 0.603690 0.712767
1489.900000000 -61.701178 111.812846 197.204573 0.345648 -0.115623 0.602726 0.709845
1490.100000000 -62.629671 112.238325 196.999690 0.380859 -0.087661 0.608205 0.690904
1490.800000000 -62.972703 112.131610 197.538361 0.381471 -0.093384 0.606930 0.690938
1490.900000000 -63.007628 112.108944 197.615757 0.382043 -0.094079 0.606274 0.691103
1491.100000000 -62.943309 111.964015 197.835743 0.380104 -0.097719 0.605619 0.692240
1491.300000000 -62.909967 111.850500 198.041269 0.379194 -0.099504 0.605552 0.692544
1491.500000000 -62.550111 111.535609 198.462028 0.352445 -0.119255 0.602896 0.705746
1491.700000000 -63.134359 111.843571 198.320148 0.376693 -0.094795 0.608010 0.692416
1491.900000000 -62.795700 111.523474 198.656384 0.357531 -0.114728 0.604190 0.702826
1492.000000000 -63.308420 111.855773 198.473188 0.372664 -0.095993 0.608627 0.693887
1492.100000000 -63.442134 111.818575 198.492761 0.374412 -0.102534 0.605666 0.694601
1492.200000000 -63.503338 111.879378 198.534141 0.374928 -0.094911 0.608612 0.692829
1492.400000000 -63.559255 111.796393 198.693812 0.370704 -0.099773 0.607517 0.695376
1493.000000000 -64.149991 111.904773 198.817755 0.383609 -0.097386 0.606970 0.689164
1493.200000000 -63.958373 111.663512 199.130225 0.363751 -0.110556 0.606910 0.697942
1493.400000000 -64.468010 111.949396 198.957665 0.382834 -0.092595 0.610742 0.686919
1493.600000000 -64.063486 111.592890 199.297538 0.359288 -0.111781 0.609009 0.698231
1494.100000000 -64.040265 110.849258 200.160181 0.423619 -0.069933 0.607340 0.668427
1494.200000000 -64.137679 111.456656 199.411188 0.348144 -0.126805 0.607282 0.702798
1494.300000000 -64.259040 110.879031 200.165467 0.424419 -0.070433 0.607339 0.667868
1494.600000000 -64.496867 111.582223 199.344464 0.347893 -0.123664 0.610166 0.700982
1494.800000000 -64.305846 110.752219 200.368284 0.407821 -0.077130 0.611744 0.673426
1494.900000000 -64.747124 111.573411 199.371829 0.344799 -0.128105 0.609197 0.702554
1495.000000000 -64.895368 111.067098 200.075237 0.428995 -0.061922 0.611040 0.662389
1495.200000000 -64.891916 111.047370 200.377177 0.317529 -0.128686 0.614360 0.710758
1496.200000000 -65.597572 111.845174 199.630988 0.247401 -0.159704 0.609477 0.736088
1496.300000000 -65.940470 112.080085 199.385861 0.267072 -0.144729 0.614756 0.727874
1496.400000000 -66.094638 112.182654 199.248914 0.264947 -0.147126 0.614141 0.728689
1496.500000000 -66.175756 112.203817 199.231458 0.263071 -0.146693 0.614465 0.729183
1496.600000000 -66.203071 112.250991 199.165211 0.264632 -0.142329 0.616374 0.727870
1496.700000000 -66.223170 112.237249 199.141291 0.264771 -0.143315 0.615781 0.728129
1496.900000000 -66.266932 112.291488 199.039744 0.263197 -0.142056 0.616547 0.728297
1497.100000000 -66.308734 112.353945 198.872549 0.268181 -0.139228 0.617370 0.726325
1497.200000000 -66.299453 112.352501 198.853415 0.267464 -0.136820 0.618372 0.726195
1497.600000000 -66.544295 113.315258 197.438698 0.226380 -0.171530 0.605877 0.743130
1497.700000000 -67.179193 113.317380 197.464470 0.274985 -0.142806 0.615165 0.724956
1498.400000000 -68.502288 113.826377 197.468972 0.446864 0.113789 0.658588 0.594664
1498.500000000 -68.476522 113.819068 197.446815 0.446690 0.114744 0.658657 0.594535
1498.700000000 -68.519957 113.890617 197.355803 0.446269 0.117398 0.659672 0.593207
1498.900000000 -68.500746 113.904764 197.270435 0.446541 0.117274 0.659245 0.593501
1499.000000000 -68.541692 113.930637 197.226587 0.445376 0.116688 0.659347 0.594378
1499.100000000 -68.597921 113.945707 197.185099 0.445308 0.115648 0.658883 0.595146
1499.300000000 -68.560772 113.942925 197.062045 0.447982 0.114889 0.656733 0.595663
1499.400000000 -68.599157 113.984255 196.999645 0.447998 0.116068 0.657218 0.594887
1499.500000000 -68.672945 114.012354 196.948723 0.448325 0.115387 0.656468 0.595602
1499.600000000 -68.706760 114.042759 196.909088 0.448155 0.115984 0.656628 0.595437
1499.700000000 -68.698742 114.052981 196.848686 0.449679 0.116842 0.655947 0.594870
1499.800000000 -68.738584 114.100740 196.787111 0.449234 0.117521 0.656526 0.594434
1500.400000000 -70.939253 113.774835 193.289375 0.367487 0.061833 0.662785 0.649497
1500.500000000 -70.923926 113.798081 193.236302 0.367009 0.062786 0.663294 0.649156
1502.400000000 -71.567125 113.671057 193.142678 0.401672 0.105666 0.663573 0.622226
1502.600000000 -71.580623 113.720995 192.984754 0.401814 0.107426 0.663672 0.621728
1503.000000000 -71.797568 113.916633 192.585543 0.399715 0.106300 0.662758 0.624244
1503.100000000 -71.778542 113.937086 192.521441 0.399450 0.106974 0.662734 0.624324
1503.200000000 -71.713724 113.927207 192.461235 0.400072 0.107653 0.662628 0.623921
1503.500000000 -71.673221 113.982774 192.152808 0.405472 0.113222 0.661283 0.620869
1503.600000000 -71.668135 113.982179 192.068031 0.406339 0.113724 0.660917 0.620599
1504.600000000 -73.149681 113.272886 192.243582 0.402719 0.236197 0.718060 0.516157
1504.900000000 -72.105396 113.118242 191.875977 0.502109 0.183758 0.647437 0.543087
1505.400000000 -72.127161 113.036757 191.441549 0.505686 0.184017 0.645724 0.541719
1506.000000000 -72.917540 113.073580 190.861652 0.507698 0.181319 0.643897 0.542921
1506.600000000 -73.686439 113.094467 190.329192 0.510590 0.179409 0.641425 0.543768
1506.700000000 -73.891753 113.119198 190.253143 0.509946 0.177550 0.641561 0.544822
1506.800000000 -73.971493 113.117197 190.170616 0.510655 0.178062 0.641289 0.544311
1506.900000000 -74.194626 113.146223 190.090419 0.510271 0.177577 0.641409 0.544687
1507.300000000 -74.579636 113.169374 189.784945 0.510798 0.179376 0.641986 0.542922
1507.500000000 -74.766576 113.182412 189.656214 0.509387 0.179139 0.643159 0.542937
1507.600000000 -74.879241 113.181968 189.579299 0.510036 0.178960 0.642799 0.542814
1507.700000000 -74.997247 113.189135 189.505836 0.510163 0.178643 0.642775 0.542827
1507.800000000 -75.093007 113.189436 189.439816 0.509936 0.178115 0.642982 0.542968
1508.300000000 -75.629595 113.250517 189.130718 0.508012 0.180037 0.645163 0.541549
1508.400000000 -75.734642 113.249889 189.058663 0.508355 0.179086 0.644919 0.541834
1509.300000000 -76.866734 113.363399 188.506092 0.509899 0.180395 0.645183 0.539628
1509.400000000 -76.982040 113.375299 188.445170 0.509604 0.179804 0.645354 0.539901
1509.800000000 -77.471110 113.458464 188.248425 0.510574 0.180266 0.645241 0.538964
1510.000000000 -77.697252 113.502620 188.144981 0.509849 0.178701 0.645631 0.539704
1510.400000000 -78.184265 113.593977 187.940342 0.509145 0.176050 0.645841 0.540987
1510.900000000 -78.834212 113.750693 187.710383 0.511478 0.176021 0.644953 0.539854
1511.100000000 -79.091416 113.835180 187.597730 0.509388 0.171977 0.645601 0.542353
1511.300000000 -79.361992 113.930776 187.478079 0.506581 0.166923 0.646223 0.545810
1511.400000000 -79.517829 113.981388 187.431115 0.506274 0.165937 0.646280 0.546328
1511.600000000 -79.751694 114.091269 187.347715 0.503943 0.163523 0.647185 0.548136
1512.300000000 -80.606450 114.448110 187.105846 0.507307 0.166652 0.646604 0.544766
1512.500000000 -80.840165 114.560559 187.030865 0.507921 0.166942 0.646480 0.544252
1512.600000000 -80.964707 114.622213 186.985365 0.507953 0.166188 0.646429 0.544513
1512.700000000 -81.092157 114.675334 186.937311 0.508232 0.165521 0.646227 0.544696
1512.800000000 -81.228551 114.746018 186.891810 0.507240 0.164557 0.646670 0.545387
1513.000000000 -81.442805 114.859995 186.849678 0.509630 0.168425 0.646173 0.542560
1513.400000000 -81.843576 115.109784 186.707924 0.508526 0.166535 0.646626 0.543638
1513.600000000 -82.070588 115.242633 186.643557 0.508585 0.167025 0.646845 0.543171
1513.800000000 -82.237586 115.371082 186.567516 0.509199 0.167013 0.646654 0.542828
1513.900000000 -82.355681 115.442034 186.526092 0.509420 0.166545 0.646558 0.542878
1514.000000000 -82.379272 115.496416 186.509809 0.509521 0.167349 0.646687 0.542382
1514.100000000 -82.339128 115.547547 186.476906 0.508729 0.166428 0.647080 0.542940
1514.400000000 -82.845054 115.771134 186.350709 0.511589 0.167877 0.645693 0.541456
1514.700000000 -82.974704 115.963974 186.272707 0.510323 0.168506 0.646832 0.541096
1514.800000000 -82.997593 116.020648 186.245628 0.510771 0.169204 0.646739 0.540565
1514.900000000 -83.272979 116.125240 186.163070 0.509866 0.166778 0.646719 0.542196
1515.000000000 -83.279338 116.182978 186.139359 0.509948 0.167529 0.646891 0.541682
1515.100000000 -83.275300 116.243367 186.114818 0.509293 0.167344 0.647219 0.541963
1515.300000000 -83.540278 116.386479 186.054053 0.510729 0.170144 0.647032 0.539959
1515.500000000 -83.845351 116.544057 185.943378 0.512052 0.169801 0.646291 0.539702
1515.600000000 -83.855746 116.612338 185.896172 0.510251 0.168364 0.647118 0.540866
1515.700000000 -83.890096 116.682678 185.859745 0.508521 0.167423 0.647967 0.541770
1516.100000000 -84.327746 116.975671 185.682388 0.508114 0.168125 0.648312 0.541521
1516.200000000 -84.364676 117.046211 185.632940 0.506651 0.167034 0.648870 0.542561
1516.300000000 -84.436354 117.116891 185.578896 0.505305 0.165801 0.649330 0.543642
1516.400000000 -84.506941 117.188182 185.524345 0.504229 0.164967 0.649724 0.544424
1516.700000000 -84.793820 117.402082 185.344323 0.502978 0.162987 0.649940 0.545918
1516.900000000 -84.913208 117.520406 185.259313 0.501739 0.162279 0.650351 0.546779
1517.100000000 -85.130985 117.670714 185.120103 0.499807 0.160608 0.650921 0.548361
1517.200000000 -85.200018 117.741823 185.056484 0.498799 0.160153 0.651313 0.548946
1517.400000000 -85.494999 117.876307 184.948117 0.500687 0.162277 0.650824 0.547180
1517.500000000 -85.589857 117.945806 184.870641 0.499899 0.161893 0.651119 0.547664
1517.600000000 -85.731980 118.012873 184.824245 0.500592 0.163087 0.651008 0.546808
1517.700000000 -85.828097 118.075972 184.760977 0.500004 0.162661 0.651132 0.547325
1517.800000000 -85.907409 118.146127 184.676791 0.498205 0.160476 0.651503 0.549166
1517.900000000 -86.048113 118.212900 184.616654 0.499385 0.161946 0.651219 0.547997
1518.200000000 -86.378962 118.410319 184.400527 0.498104 0.160852 0.651555 0.549086
1518.300000000 -86.468944 118.472155 184.351907 0.497492 0.161128 0.651979 0.549056
1518.400000000 -86.592645 118.535850 184.282485 0.497441 0.161389 0.652053 0.548938
1518.900000000 -87.106040 118.835135 183.957983 0.497207 0.160693 0.651802 0.549652
1519.000000000 -87.202186 118.902180 183.887061 0.496424 0.159837 0.651944 0.550440
1519.400000000 -87.616547 119.181215 183.610939 0.495638 0.158980 0.652121 0.551185
1519.500000000 -87.717309 119.256538 183.548055 0.495065 0.158698 0.652318 0.551548
1520.200000000 -88.442535 119.783483 183.163173 0.493711 0.159989 0.653208 0.551337
1520.400000000 -88.655752 119.945068 183.030030 0.492733 0.158801 0.653313 0.552431
1520.500000000 -88.758569 120.026819 182.958268 0.491287 0.157196 0.653571 0.553870
1520.700000000 -88.958902 120.183198 182.845480 0.490972 0.158163 0.653979 0.553392
1521.100000000 -89.344270 120.465187 182.613349 0.491654 0.159495 0.653933 0.552457
1521.200000000 -89.439329 120.541561 182.557281 0.490471 0.159234 0.654433 0.552991
1521.300000000 -89.519454 120.614953 182.495544 0.490087 0.159329 0.654604 0.553104
1521.500000000 -89.706831 120.750908 182.362293 0.489661 0.158994 0.654711 0.553449
1521.900000000 -90.044672 121.004913 182.137169 0.489642 0.160646 0.654989 0.552660
1522.100000000 -90.221566 121.130133 182.001885 0.488357 0.159224 0.655178 0.553983
1522.300000000 -90.406562 121.255503 181.870325 0.487287 0.158918 0.655712 0.554381
1522.400000000 -90.512132 121.321964 181.799194 0.486245 0.158677 0.656293 0.554677
1522.500000000 -90.632213 121.389893 181.729698 0.486306 0.158923 0.656342 0.554495
1522.700000000 -90.830164 121.504784 181.590981 0.486225 0.158639 0.656198 0.554819
1522.800000000 -90.921521 121.560726 181.520335 0.486212 0.158456 0.656076 0.555027
1522.900000000 -91.031161 121.619966 181.449488 0.486150 0.158492 0.656131 0.555004
1523.300000000 -91.488761 121.850619 181.156903 0.483670 0.156102 0.656915 0.556919
1523.500000000 -91.715446 121.945980 181.028947 0.482943 0.155104 0.656983 0.557748
1523.600000000 -91.873696 122.000504 180.961814 0.482027 0.154048 0.657188 0.558590
1523.700000000 -92.009723 122.047703 180.895522 0.480643 0.152361 0.657510 0.559865
1523.900000000 -92.215265 122.141707 180.742606 0.479232 0.149968 0.657633 0.561574
1524.000000000 -92.331053 122.190856 180.671883 0.479416 0.150468 0.657621 0.561297
1524.300000000 -92.643498 122.323126 180.448924 0.477050 0.147753 0.658230 0.563317
1524.400000000 -92.772672 122.375368 180.371138 0.477468 0.148457 0.658189 0.562824
1525.200000000 -93.444655 122.503861 180.101848 0.491306 0.165372 0.654889 0.549901
1525.500000000 -93.624111 122.575466 179.899458 0.486451 0.158099 0.655768 0.555282
1525.700000000 -93.873563 122.650652 179.746402 0.485134 0.156350 0.656176 0.556446
1525.800000000 -93.997474 122.688646 179.669778 0.485251 0.156461 0.656169 0.556321
1526.800000000 -95.433852 123.057110 178.923259 0.487268 0.158889 0.655977 0.554092
1526.900000000 -95.603258 123.099015 178.838699 0.486579 0.158090 0.656285 0.554562
1527.000000000 -95.710437 123.129256 178.761731 0.487561 0.159022 0.655935 0.553847
1527.200000000 -96.021997 123.206237 178.606810 0.487367 0.158827 0.656061 0.553924
1527.400000000 -96.252724 123.267044 178.455303 0.487089 0.157923 0.655963 0.554542
1527.600000000 -96.502229 123.335518 178.301803 0.486687 0.157528 0.656182 0.554748
1527.800000000 -96.717867 123.384400 178.159539 0.486164 0.155770 0.656068 0.555837
1527.900000000 -96.794171 123.405561 178.088955 0.486198 0.155336 0.656036 0.555967
1528.200000000 -97.209745 123.519170 177.841903 0.486966 0.156320 0.655887 0.555194
1528.300000000 -97.335005 123.551708 177.768374 0.486206 0.155241 0.656108 0.555902
1528.400000000 -97.481473 123.587584 177.697731 0.485665 0.154312 0.656177 0.556552
1528.500000000 -97.611476 123.619853 177.614438 0.485746 0.153622 0.655938 0.556953
1528.600000000 -97.723288 123.653065 177.533808 0.486028 0.153705 0.655870 0.556764
1528.700000000 -97.826410 123.679281 177.459960 0.485744 0.153048 0.655890 0.557169
1528.900000000 -98.244807 123.794859 177.273965 0.486843 0.154187 0.655658 0.556168
1529.000000000 -98.332570 123.819087 177.205845 0.486338 0.153455 0.655777 0.556672
1529.300000000 -98.666414 123.920182 176.980671 0.485411 0.152052 0.655984 0.557621
1529.700000000 -99.134635 124.073122 176.687926 0.485559 0.151761 0.655907 0.557662
1529.800000000 -99.181645 124.099653 176.625733 0.485951 0.151825 0.655729 0.557513
1529.900000000 -99.321579 124.144570 176.558601 0.484841 0.150614 0.656054 0.558424
1530.000000000 -99.486792 124.199847 176.475644 0.484673 0.150183 0.656052 0.558689
1530.100000000 -99.560522 124.234728 176.414594 0.484335 0.149565 0.656099 0.559092
1530.200000000 -99.708991 124.294858 176.331222 0.485060 0.150274 0.655884 0.558525
1530.400000000 -99.950687 124.408868 176.183938 0.484978 0.150353 0.656064 0.558364
1530.500000000 -100.047053 124.454810 176.127243 0.484018 0.148770 0.656188 0.559473
1530.600000000 -100.167031 124.513578 176.058373 0.485477 0.149966 0.655651 0.558520
1530.700000000 -100.197001 124.558222 176.002379 0.485784 0.149992 0.655534 0.558384
1530.800000000 -100.337605 124.631457 175.931103 0.486331 0.150545 0.655423 0.557888
1531.200000000 -100.748975 124.929982 175.664223 0.486366 0.149998 0.655374 0.558062
1531.300000000 -100.892032 125.005695 175.616989 0.486970 0.150398 0.655175 0.557661
1531.400000000 -100.995487 125.095424 175.547127 0.486392 0.149719 0.655291 0.558211
1532.100000000 -101.764559 125.761703 175.203597 0.485139 0.147866 0.655541 0.559502
1532.200000000 -101.891438 125.876668 175.147019 0.486014 0.148323 0.655111 0.559125
1532.400000000 -102.070575 126.096918 175.098759 0.484132 0.147830 0.655924 0.559934
1532.800000000 -102.530371 126.606916 174.934915 0.485274 0.148940 0.655656 0.558964
1533.000000000 -102.733768 126.875790 174.860523 0.485146 0.148574 0.655677 0.559149
1533.100000000 -102.826013 127.013568 174.835143 0.485343 0.148924 0.655654 0.558911
1533.200000000 -102.890087 127.145259 174.798857 0.486297 0.149244 0.655228 0.558496
1533.300000000 -103.011791 127.291673 174.782771 0.484797 0.149023 0.655913 0.559055
1533.700000000 -103.233898 127.821599 174.722071 0.484479 0.148163 0.655949 0.559517
1533.900000000 -103.605197 128.172320 174.620513 0.485116 0.148536 0.655715 0.559140
1534.000000000 -103.724617 128.317562 174.619521 0.484270 0.147435 0.655848 0.560008
1534.200000000 -103.983867 128.630545 174.583019 0.482498 0.145919 0.656294 0.561411
1534.500000000 -104.319089 129.107015 174.506828 0.482720 0.145746 0.656274 0.561287
1535.500000000 -105.414977 130.673091 174.295928 0.480060 0.145648 0.657445 0.562223
1535.700000000 -105.516907 130.980109 174.209758 0.483824 0.150043 0.656680 0.558724
1535.800000000 -105.454825 131.065606 174.252747 0.482562 0.148049 0.656881 0.560110
1536.000000000 -105.551747 131.339234 174.196200 0.485684 0.150759 0.655958 0.557765
1536.600000000 -105.923477 132.108490 174.079248 0.484822 0.150703 0.656137 0.558319
1537.300000000 -106.810647 133.049010 173.736692 0.480545 0.162631 0.661062 0.552833
1537.400000000 -106.812038 133.143642 173.688460 0.480249 0.164877 0.661628 0.551747
1537.700000000 -107.150360 133.436135 173.569755 0.480940 0.164872 0.661287 0.551555
1538.500000000 -107.910460 133.977721 173.227561 0.485460 0.162488 0.658811 0.551266
1538.600000000 -107.917993 134.053841 173.124940 0.484160 0.162393 0.659174 0.552003
1538.700000000 -107.958449 134.083358 173.083531 0.484563 0.161907 0.658794 0.552246
1538.800000000 -108.039069 134.122429 173.033371 0.485383 0.162518 0.658524 0.551667
1539.000000000 -108.209082 134.172273 172.964015 0.485393 0.161662 0.658253 0.552234
1539.100000000 -108.302142 134.200874 172.914638 0.485181 0.161296 0.658298 0.552474
1539.300000000 -108.432890 134.239464 172.795014 0.486838 0.162008 0.657548 0.551700
1539.400000000 -108.497939 134.245210 172.743855 0.487398 0.161156 0.657126 0.551957
1540.600000000 -109.340568 134.140317 172.067414 0.491011 0.160997 0.655115 0.551192
1540.800000000 -109.436181 134.090532 171.936424 0.490377 0.160433 0.655184 0.551838
1541.000000000 -109.568986 134.052649 171.778830 0.489816 0.159949 0.655277 0.552366
1541.200000000 -109.671330 133.984140 171.642753 0.490248 0.159080 0.654818 0.552778
1541.400000000 -109.776330 133.894296 171.541196 0.490217 0.158364 0.654543 0.553337
1541.500000000 -109.889312 133.859543 171.474258 0.492035 0.160294 0.654258 0.551502
1542.400000000 -110.369067 133.502365 170.920083 0.501165 0.153734 0.647021 0.553682
1542.500000000 -110.408157 133.459701 170.883590 0.499757 0.153384 0.647720 0.554234
1542.600000000 -110.473002 133.443683 170.803437 0.499836 0.153862 0.647760 0.553984
1543.000000000 -110.739730 133.348937 170.558625 0.500606 0.154584 0.647546 0.553336
1543.400000000 -110.983910 133.274063 170.343690 0.501756 0.155957 0.647201 0.552312
1543.500000000 -111.088325 133.255864 170.308893 0.502140 0.156209 0.647141 0.551963
1544.200000000 -111.607682 133.274334 169.888181 0.502091 0.156644 0.647097 0.551936
1544.400000000 -111.734793 133.274855 169.813769 0.502601 0.157921 0.647183 0.551006
1544.500000000 -111.854236 133.279947 169.770534 0.503717 0.158146 0.646624 0.550578
1544.900000000 -112.107544 133.346389 169.563941 0.503670 0.157266 0.646412 0.551122
1545.000000000 -112.216183 133.378602 169.507063 0.504172 0.157519 0.646129 0.550923
1545.100000000 -112.265890 133.408453 169.455995 0.504113 0.157989 0.646306 0.550635
1545.300000000 -112.408779 133.447745 169.391219 0.504362 0.158224 0.646273 0.550378
1545.400000000 -112.508705 133.477323 169.357176 0.504236 0.158034 0.646293 0.550524
1545.500000000 -112.566695 133.510120 169.314574 0.504396 0.158563 0.646287 0.550233
1545.700000000 -112.703319 133.584098 169.229927 0.505198 0.159561 0.646109 0.549416
1546.300000000 -113.205189 133.842103 169.013216 0.506439 0.160528 0.645560 0.548637
1546.900000000 -113.723651 134.195007 168.780064 0.505644 0.160179 0.645878 0.549098
1547.600000000 -114.326422 134.649984 168.547951 0.506678 0.161509 0.645648 0.548024
1547.900000000 -114.587286 134.860867 168.449927 0.507317 0.161617 0.645277 0.547838
1548.000000000 -114.665927 134.932766 168.413172 0.507369 0.161486 0.645222 0.547894
1548.100000000 -114.754411 135.007368 168.387951 0.506938 0.161599 0.645383 0.548069
1548.300000000 -114.959720 135.149071 168.344863 0.508226 0.163374 0.645162 0.546609
1548.400000000 -115.014313 135.226577 168.301868 0.507010 0.161937 0.645484 0.547784
1548.500000000 -115.091770 135.303485 168.259035 0.506433 0.160492 0.645396 0.548845
1548.700000000 -115.229483 135.456036 168.185434 0.505521 0.158578 0.645403 0.550232
1548.800000000 -115.325377 135.528311 168.165304 0.506303 0.159514 0.645245 0.549429
1548.900000000 -115.475635 135.604999 168.163422 0.508647 0.163337 0.644824 0.546626
1549.100000000 -115.609461 135.756996 168.094832 0.507340 0.161400 0.645058 0.548138
1549.400000000 -115.887513 135.988668 168.010413 0.508351 0.163013 0.644961 0.546838
1549.900000000 -116.363444 136.364403 167.850291 0.510109 0.164204 0.644030 0.545941
1550.000000000 -116.439584 136.435482 167.813791 0.509432 0.163678 0.644271 0.546446
1550.100000000 -116.496102 136.513225 167.763157 0.508046 0.162253 0.644565 0.547813
1550.200000000 -116.623813 136.567615 167.755542 0.510378 0.164300 0.643752 0.545988
1550.400000000 -116.755093 136.708313 167.652173 0.507898 0.162275 0.644703 0.547781
1550.500000000 -116.889410 136.752438 167.647547 0.510936 0.165182 0.643602 0.545376
1550.600000000 -116.961301 136.826392 167.574313 0.509099 0.162734 0.643873 0.547507
1550.800000000 -117.118808 136.946246 167.471947 0.508443 0.162524 0.644265 0.547717
1550.900000000 -117.188907 136.998858 167.422975 0.507461 0.161422 0.644525 0.548647
1551.000000000 -117.269757 137.060532 167.346724 0.506385 0.159429 0.644447 0.550314
1551.100000000 -117.357219 137.109546 167.291804 0.505861 0.158813 0.644556 0.550846
1551.600000000 -117.818368 137.293475 167.020155 0.507885 0.160483 0.643690 0.549510
1551.700000000 -117.889420 137.320882 166.962192 0.507701 0.160953 0.643925 0.549267
1551.800000000 -117.985718 137.348076 166.897872 0.507203 0.160760 0.644080 0.549603
1551.900000000 -118.071169 137.371166 166.829484 0.506858 0.160446 0.644134 0.549949
1552.000000000 -118.191440 137.378135 166.786172 0.509691 0.163566 0.643397 0.547268
1552.100000000 -118.283381 137.395566 166.719758 0.511257 0.165541 0.642847 0.545857
1552.800000000 -118.963132 137.408270 166.191671 0.513839 0.167128 0.641697 0.544300
1553.000000000 -119.191139 137.407807 165.996506 0.511394 0.163947 0.642070 0.547123
1553.100000000 -119.778946 137.506829 165.839530 0.507087 0.158201 0.643133 0.551556
1553.200000000 -119.877976 137.488634 165.750898 0.506687 0.157840 0.643108 0.552057
1553.400000000 -120.134350 137.462146 165.556291 0.509608 0.158552 0.641497 0.551038
1553.500000000 -120.319228 137.459507 165.471819 0.509579 0.160629 0.641854 0.550046
1553.800000000 -120.499679 137.363761 165.208087 0.508845 0.159948 0.642131 0.550601
1553.900000000 -120.760358 137.362008 165.104121 0.511771 0.162658 0.640986 0.548425
1554.000000000 -120.872720 137.335646 165.011731 0.510549 0.161177 0.641210 0.549738
1554.200000000 -121.098178 137.279579 164.818979 0.510197 0.159921 0.641019 0.550654
1554.300000000 -121.234881 137.254540 164.718057 0.510437 0.160084 0.640851 0.550580
1554.400000000 -121.234539 137.205081 164.621371 0.511029 0.160320 0.640470 0.550404
1554.800000000 -121.608634 137.060647 164.238721 0.513111 0.162286 0.639669 0.548820
1554.900000000 -121.710780 137.029005 164.138515 0.513108 0.162427 0.639753 0.548684
1555.000000000 -121.858199 137.005834 164.028151 0.514174 0.162947 0.639222 0.548149
1555.100000000 -122.059856 136.987856 163.918320 0.515297 0.163840 0.638787 0.547336
1555.900000000 -122.408580 136.608809 163.252016 0.551860 0.211661 0.626662 0.507883
1556.000000000 -121.989096 136.517940 163.140599 0.525997 0.178683 0.635829 0.535837
1556.100000000 -121.433933 136.373792 163.113295 0.529696 0.185987 0.635591 0.529957
1556.400000000 -120.147575 136.144154 162.782735 0.335845 -0.019851 0.659135 0.672573
1556.500000000 -119.994653 136.002828 162.826899 0.330797 -0.024689 0.658929 0.675112
1556.600000000 -119.602818 135.728351 163.056247 0.321498 -0.032550 0.658637 0.679542
1556.700000000 -119.554998 135.665136 163.011037 0.319247 -0.034543 0.658584 0.680555
1556.800000000 -119.554915 135.637487 162.910818 0.318646 -0.035521 0.658474 0.680893
1556.900000000 -119.545154 135.599285 162.841679 0.316857 -0.036272 0.658571 0.681594
1557.400000000 -118.644806 134.911712 163.087926 0.250827 -0.103020 0.648827 0.710982
1557.500000000 -118.670903 134.896388 163.000300 0.251810 -0.102362 0.648956 0.710612
1557.800000000 -118.306279 134.626094 163.065043 0.233797 -0.117510 0.646154 0.716949
1557.900000000 -118.287313 134.587174 163.014744 0.233641 -0.118546 0.645871 0.717084
1558.000000000 -118.267097 134.578074 162.927202 0.231665 -0.120362 0.645573 0.717691
1558.600000000 -118.009110 134.471156 162.631928 0.221496 -0.126992 0.643988 0.721174
1558.700000000 -117.789186 134.346864 162.707828 0.212707 -0.135183 0.641857 0.724225
1559.000000000 -117.366410 134.111589 162.830122 0.196525 -0.151726 0.637444 0.729399
1559.100000000 -117.340207 134.123373 162.763379 0.196545 -0.152061 0.637300 0.729449
1560.200000000 -115.484893 134.448300 161.660421 0.082636 -0.266414 0.594711 0.753998
1560.300000000 -115.449482 134.511832 161.572126 0.083441 -0.266335 0.594854 0.753825
1560.700000000 -115.266039 134.927642 160.990886 0.089334 -0.263333 0.595950 0.753338
1560.800000000 -115.216505 135.000862 160.952720 0.085930 -0.265165 0.594924 0.753903
1560.900000000 -115.174105 135.062192 160.909844 0.083770 -0.267436 0.594000 0.754072
1561.000000000 -115.121452 135.211313 160.718343 0.088145 -0.264494 0.595391 0.753513
1561.100000000 -115.075116 135.308659 160.628874 0.087825 -0.265250 0.595024 0.753575
1561.400000000 -114.917819 135.634316 160.363642 0.086417 -0.266908 0.594230 0.753779
1561.500000000 -114.863325 135.786389 160.211383 0.089395 -0.264984 0.594944 0.753547
1561.600000000 -114.809444 135.905065 160.126461 0.089502 -0.265814 0.594660 0.753466
1561.700000000 -114.758422 136.026045 160.052854 0.088392 -0.266854 0.594054 0.753708
1561.900000000 -114.643417 136.282184 159.901908 0.088378 -0.268965 0.593465 0.753423
1562.100000000 -114.531707 136.556598 159.744365 0.088461 -0.269508 0.593032 0.753560
1562.600000000 -114.237163 137.322073 159.430863 0.086753 -0.269226 0.592712 0.754112
1562.900000000 -114.060835 137.826908 159.238014 0.088897 -0.266786 0.593487 0.754119
1563.000000000 -113.983654 137.970545 159.200438 0.085521 -0.271045 0.591888 0.754247
1563.100000000 -113.926687 138.124352 159.174277 0.084278 -0.271341 0.591591 0.754514
1563.200000000 -113.874148 138.304586 159.114060 0.084703 -0.269760 0.591754 0.754906
1563.300000000 -113.809825 138.474905 159.049363 0.086149 -0.269229 0.592237 0.754552
1563.400000000 -113.737301 138.640764 159.003294 0.083402 -0.271153 0.591238 0.754956
1564.700000000 -112.752243 139.108880 158.621613 0.052901 -0.191315 0.676780 0.708921
1564.800000000 -113.286995 138.452917 158.397182 0.043397 -0.155332 0.650036 0.742591
1565.300000000 -112.941220 138.797121 157.617789 -0.094329 -0.230951 0.560308 0.789822
1565.400000000 -112.611472 139.407976 156.827452 -0.006179 -0.262270 0.618633 0.740587
1565.700000000 -111.819608 139.572111 157.229824 -0.127884 -0.339947 0.576242 0.732138
1565.800000000 -112.985518 139.736792 157.292148 0.065232 -0.152368 0.648171 0.743238
1566.000000000 -112.933183 139.937627 157.143951 0.065139 -0.148359 0.648376 0.743879
1566.200000000 -112.349834 140.370628 155.978613 0.012008 -0.217487 0.629336 0.745984
1566.800000000 -111.436931 140.661806 155.977955 -0.096021 -0.319931 0.587712 0.736898
1567.000000000 -111.929900 140.917153 155.582972 -0.016612 -0.240597 0.619849 0.746743
1567.200000000 -112.045317 141.022165 155.444426 0.025977 -0.200994 0.633748 0.746519
1568.000000000 -111.817967 141.267370 154.867608 0.015042 -0.191512 0.632038 0.750749
1568.100000000 -111.716511 141.289070 154.801073 0.007517 -0.187891 0.631114 0.752552
1568.200000000 -112.228006 141.348491 154.589124 -0.002043 -0.210488 0.623312 0.753108
1568.300000000 -112.236994 141.428966 154.340574 0.000738 -0.203944 0.626134 0.752570
1569.100000000 -112.600554 141.172852 154.055670 0.108599 -0.137433 0.654835 0.735194
1569.800000000 -112.478463 140.908057 153.529331 0.104050 -0.139580 0.654711 0.735557
1570.000000000 -112.578103 140.825611 153.330760 0.110185 -0.137754 0.654950 0.734795
1570.100000000 -112.593251 140.785507 153.257191 0.106715 -0.137272 0.655146 0.735223
1570.300000000 -112.612480 140.684751 153.099735 0.112160 -0.135166 0.655727 0.734284
1570.600000000 -112.620254 140.511989 152.864115 0.112679 -0.138295 0.655137 0.734149
1570.800000000 -112.622243 140.380753 152.704824 0.118678 -0.145256 0.653943 0.732922
1570.900000000 -112.655043 140.331886 152.604066 0.121143 -0.146519 0.653943 0.732267
1571.200000000 -112.645004 140.130434 152.360842 0.120842 -0.146132 0.653981 0.732360
1571.700000000 -112.603545 139.790093 151.886341 0.122758 -0.144000 0.654570 0.731938
1571.800000000 -112.756207 139.736319 151.765366 0.119969 -0.145821 0.654074 0.732483
1571.900000000 -112.698484 139.648911 151.692557 0.119461 -0.146767 0.653896 0.732536
1572.000000000 -112.702603 139.579942 151.600141 0.118107 -0.148310 0.653591 0.732717
1572.100000000 -112.731650 139.492969 151.583652 0.121892 -0.143186 0.654515 0.732291
1572.200000000 -112.709424 139.433401 151.431677 0.121330 -0.144329 0.654078 0.732550
1572.300000000 -112.700367 139.354062 151.356750 0.121892 -0.144066 0.654338 0.732277
1572.400000000 -112.769966 139.310820 151.244563 0.121361 -0.143059 0.654419 0.732490
1572.500000000 -112.736680 139.208390 151.179360 0.124586 -0.142721 0.654523 0.731921
1572.600000000 -112.727553 139.182442 150.999678 0.120000 -0.145288 0.654205 0.732466
1573.300000000 -112.766613 138.805247 150.161180 0.120020 -0.143478 0.654316 0.732721
1573.400000000 -112.772924 138.715046 150.153809 0.121646 -0.142002 0.654619 0.732470
1573.500000000 -112.776322 138.641506 150.091717 0.121340 -0.142780 0.654592 0.732394
1573.700000000 -112.700548 138.570418 149.840233 0.118316 -0.143516 0.654246 0.733053
1573.800000000 -112.731590 138.503080 149.773645 0.122068 -0.140356 0.654879 0.732484
1574.000000000 -112.825513 138.419217 149.593182 0.120064 -0.141197 0.654780 0.732742
1574.100000000 -112.829954 138.388862 149.468101 0.118397 -0.142636 0.654648 0.732853
1574.400000000 -112.914374 138.294417 149.152933 0.118677 -0.141581 0.654863 0.732820
1574.500000000 -112.916451 138.244926 149.100321 0.117891 -0.142504 0.654850 0.732780
1574.600000000 -112.933748 138.193457 149.082061 0.116158 -0.142609 0.654759 0.733117
1574.700000000 -112.925081 138.112158 149.108330 0.117653 -0.140826 0.655284 0.732754
1574.900000000 -112.995309 137.980473 149.101838 0.119153 -0.141766 0.655251 0.732360
1575.000000000 -113.099809 137.952547 149.027209 0.117949 -0.144153 0.654908 0.732396
1575.100000000 -113.186039 137.920682 148.956544 0.117646 -0.145411 0.654877 0.732224
1575.300000000 -113.350698 137.680689 149.276442 0.117576 -0.147888 0.654973 0.731652
1575.600000000 -113.545116 137.227331 149.989456 0.112083 -0.156806 0.653606 0.731880
1575.800000000 -113.262851 136.632835 151.148738 0.195704 -0.084115 0.666387 0.714530
1575.900000000 -113.155015 136.250317 151.946844 0.193500 -0.088923 0.665917 0.714986
1576.000000000 -112.562258 135.626101 153.463946 0.224831 -0.050583 0.670879 0.704850
1576.100000000 -111.871645 135.249727 154.150355 0.272208 -0.012682 0.669492 0.691030
1576.500000000 -111.314394 135.129983 154.063490 0.305577 0.022811 0.668176 0.677969
1576.800000000 -110.678347 134.803913 154.486882 0.300366 0.012314 0.668911 0.679843
1576.900000000 -110.332414 134.348527 155.676743 0.468738 0.214247 0.634543 0.575968
1577.100000000 -109.850718 133.593506 157.613685 0.578272 0.349079 0.560810 0.478789
1577.200000000 -108.658060 133.166854 158.631666 0.580829 0.351017 0.556361 0.479466
1577.400000000 -107.134887 132.670868 159.563926 0.604822 0.348663 0.530683 0.480624
1578.300000000 -102.526378 133.822612 159.422566 0.741142 0.547125 0.380793 0.079752
1578.400000000 -102.389327 133.616291 159.670053 0.745677 0.545796 0.372941 0.083589
1578.500000000 -102.340573 133.533901 159.835759 0.747607 0.544237 0.370594 0.086890
1578.600000000 -102.198257 133.476092 159.974564 0.747726 0.543419 0.371364 0.087691
1578.700000000 -102.188046 133.498355 160.028826 0.748828 0.545594 0.366940 0.083302
1578.800000000 -102.050552 133.486303 160.140994 0.747435 0.545178 0.371041 0.080313
1578.900000000 -101.959410 133.500774 160.247714 0.746960 0.543638 0.373557 0.083454
1579.900000000 -100.805320 135.103948 160.686494 0.789470 0.509394 0.205208 0.274125
1580.000000000 -100.691069 135.145807 160.827504 0.782568 0.513404 0.227857 0.268486
1580.300000000 -100.358758 134.941466 163.600549 0.826095 0.482586 0.074862 0.281201
1580.500000000 -99.680954 134.775146 164.826146 0.848442 0.513687 0.070296 0.106442
1580.600000000 -99.572568 134.782586 165.080723 0.847475 0.513832 0.081671 0.105320
1580.700000000 -99.454232 134.916787 165.505373 0.847857 0.513595 0.067883 0.112918
1580.800000000 -99.212847 134.889389 165.600111 0.847502 0.512820 0.076024 0.113913
1581.100000000 -97.364580 134.168671 162.768188 0.767368 0.540376 0.311481 0.148728
1581.200000000 -97.143318 134.122661 162.907017 0.753558 0.555026 0.334242 0.111263
1581.300000000 -97.183267 134.280230 163.281993 0.752350 0.553735 0.340324 0.107359
1581.400000000 -97.287707 134.311036 163.297339 0.742514 0.550782 0.368125 0.098976
1581.500000000 -97.693825 134.342814 163.767204 0.747113 0.555489 0.354104 0.088681
1581.600000000 -98.079290 134.224249 164.213679 0.737756 0.552412 0.381408 0.071306
1581.800000000 -98.602730 134.229305 164.660901 0.733276 0.547317 0.399042 0.059304
1581.900000000 -98.666188 134.341910 164.850314 0.738230 0.547097 0.390123 0.059214
1582.200000000 -98.808240 134.571292 165.349911 0.745841 0.549330 0.372214 0.058428
1582.300000000 -98.862281 134.651166 165.370499 0.743378 0.548510 0.378538 0.056873
1582.400000000 -98.837827 134.694911 165.435804 0.743529 0.547344 0.379854 0.057364
1582.500000000 -98.727224 134.902341 165.653403 0.753011 0.547128 0.359399 0.066760
1583.500000000 -98.399193 135.611232 166.722149 0.765609 0.528703 0.353215 0.097749
1583.700000000 -98.405630 135.611177 166.808430 0.759344 0.534087 0.363827 0.076007
1584.000000000 -98.355155 135.744646 166.855714 0.757430 0.533192 0.367928 0.081455
1585.000000000 -98.434246 136.415815 166.832619 0.758277 0.531804 0.363031 0.102028
1585.100000000 -98.382205 136.403317 166.883257 0.760589 0.532241 0.357353 0.102580
1585.300000000 -98.325575 136.599327 167.114573 0.773098 0.534467 0.322234 0.113266
1585.900000000 -98.308544 136.131313 168.401090 0.799336 0.554283 0.199133 0.119074
1586.000000000 -98.200391 136.061487 168.525606 0.799732 0.552450 0.199055 0.124921
1586.200000000 -98.211808 135.877889 168.407844 0.794760 0.559756 0.206132 0.111977
1586.300000000 -98.097383 135.738725 168.516986 0.792546 0.559829 0.214096 0.112365
1586.400000000 -98.122164 135.718798 168.470539 0.794517 0.559065 0.208697 0.112402
1586.500000000 -98.075280 135.650387 168.534650 0.793266 0.556947 0.217260 0.115491
1586.700000000 -98.006753 135.630765 168.447978 0.796224 0.558161 0.203838 0.113733
1586.900000000 -98.047598 135.457920 168.471321 0.798958 0.554432 0.199792 0.119812
1587.300000000 -98.633870 135.538088 168.119403 0.804638 0.557103 0.164873 0.122518
1587.400000000 -98.532186 135.300146 168.083440 0.797436 0.561760 0.192189 0.107630
1587.500000000 -97.886093 135.104713 168.222172 0.801830 0.561294 0.171733 0.111916
1587.600000000 -97.584527 134.659840 168.570533 0.795298 0.557814 0.207463 0.115340
1587.800000000 -98.019152 134.475884 168.677443 0.794126 0.561503 0.206932 0.106107
1588.100000000 -98.139385 133.804984 168.008109 0.764586 0.585173 0.270064 0.006747
1588.300000000 -98.151067 133.688638 168.048835 0.768894 0.576051 0.276153 0.026569
1588.400000000 -98.120431 133.642020 168.005788 0.767122 0.579195 0.275033 0.020342
1588.600000000 -97.673110 133.293804 168.088650 0.774009 0.572337 0.268124 0.038083
1588.700000000 -97.113518 133.099275 168.070028 0.771677 0.575862 0.268879 0.024527
1588.800000000 -96.759894 132.880566 168.162552 0.765178 0.573723 0.291233 0.022968
1589.000000000 -96.683148 132.817266 168.005486 0.767747 0.579147 0.273587 0.017451
1589.100000000 -96.290024 132.586939 168.110221 0.766282 0.578506 0.279088 0.015903
1589.200000000 -96.118499 132.394880 168.132475 0.763568 0.570233 0.301499 0.029940
1589.300000000 -95.937093 132.078403 168.552397 0.757952 0.563976 0.326165 0.032508
1589.400000000 -95.706078 131.921248 168.685017 0.758115 0.555543 0.337738 0.050655
1590.600000000 -96.003024 131.021130 169.232157 0.779021 0.593959 0.200839 -0.001500
1590.900000000 -95.641632 130.691695 169.550238 0.772289 0.589803 0.235921 -0.006543
1591.100000000 -95.599135 130.479085 169.825932 0.765419 0.595597 0.240926 -0.036775
1591.500000000 -95.415086 129.886905 170.098797 0.751411 0.597198 0.270889 -0.073183
1591.600000000 -95.357060 129.901875 170.131054 0.754867 0.596286 0.264882 -0.066759
1591.700000000 -95.414797 130.060736 169.960171 0.754701 0.574108 0.317255 -0.013256
1592.000000000 -94.949914 130.734592 168.537770 0.744412 0.546075 0.383096 0.029845
1592.400000000 -94.396022 131.398166 167.491628 0.763632 0.535271 0.354333 0.069276
1592.500000000 -94.342986 131.433180 167.434092 0.763022 0.535454 0.355414 0.069051
1593.000000000 -94.605707 131.678832 167.163385 0.758531 0.532808 0.367544 0.075219
1593.300000000 -94.586908 131.946599 166.861588 0.756743 0.532349 0.371457 0.077228
1593.500000000 -94.650404 132.113504 166.690517 0.754214 0.534650 0.373667 0.075383
1593.700000000 -94.797617 132.275880 166.570107 0.756031 0.534630 0.369787 0.076463
1593.800000000 -94.874722 132.361206 166.493598 0.755628 0.535072 0.370265 0.075020
1594.000000000 -94.729437 132.636163 166.157441 0.756745 0.545840 0.355187 0.056902
1594.300000000 -94.825007 132.904704 165.898907 0.756812 0.547696 0.352086 0.057441
1594.400000000 -94.934634 133.001022 165.825893 0.755315 0.547363 0.355777 0.057580
1595.000000000 -95.177861 133.439837 165.514059 0.757634 0.484212 0.394340 0.189800
1595.300000000 -95.061886 133.526439 165.384148 0.758042 0.482670 0.393645 0.193509
1595.500000000 -95.085564 133.602668 165.295342 0.756804 0.482972 0.395395 0.194032
1595.600000000 -94.812597 133.602433 165.178493 0.756706 0.479385 0.395969 0.201977
1595.800000000 -95.431347 134.096863 164.527050 0.760315 0.544904 0.342254 0.088674
1595.900000000 -95.364442 134.131541 164.470347 0.760155 0.545200 0.341524 0.091012
1596.000000000 -95.253250 134.156659 164.410349 0.759841 0.544750 0.342109 0.094078
1596.300000000 -94.689220 134.178555 164.173260 0.758523 0.543630 0.346171 0.096304
1596.700000000 -93.933308 134.262334 163.871091 0.750623 0.537230 0.370300 0.104049
1597.300000000 -93.596281 134.454749 163.171314 0.748233 0.540368 0.373579 0.092674
1597.400000000 -93.522261 134.498918 163.035040 0.747091 0.540310 0.376721 0.089446
1597.500000000 -93.146143 134.451863 163.008680 0.744149 0.537762 0.385668 0.091180
1597.600000000 -92.816387 134.360723 163.017928 0.742470 0.536331 0.390424 0.093044
1597.800000000 -91.932502 134.119915 163.100588 0.739620 0.533166 0.399940 0.093510
1598.000000000 -92.039959 133.544084 163.776012 0.747924 0.539437 0.378228 0.080998
1598.500000000 -91.969322 133.060247 163.903136 0.757087 0.536727 0.362143 0.087146
1598.600000000 -91.756387 132.932022 163.846225 0.742169 0.477158 0.427525 0.196793
1598.800000000 -91.083380 132.894243 163.474752 0.738986 0.478018 0.432796 0.195156
1599.000000000 -91.509227 132.955953 163.303550 0.752938 0.529532 0.377560 0.100642
1599.100000000 -91.058480 132.875555 163.236960 0.736294 0.479103 0.438189 0.190582
1599.200000000 -91.380701 132.891796 163.084698 0.753104 0.530274 0.376654 0.098877
1599.600000000 -91.174543 132.939760 162.582234 0.748426 0.526455 0.389966 0.103102
1599.700000000 -90.820918 132.745024 162.740805 0.733925 0.481828 0.442173 0.183518
1599.900000000 -90.796163 132.822098 162.498091 0.741870 0.516035 0.411179 0.119452
1600.100000000 -90.695346 132.785622 162.093645 0.748020 0.529485 0.388104 0.097400
1600.300000000 -90.363707 132.620957 162.118271 0.731550 0.486076 0.444767 0.175347
1600.600000000 -89.932989 132.644611 161.731751 0.729355 0.489548 0.447226 0.168444
1600.700000000 -89.765614 132.634904 161.546822 0.738053 0.511503 0.420585 0.129425
1600.800000000 -89.756450 132.619688 161.505404 0.737329 0.512492 0.421488 0.126669
1600.900000000 -89.456361 132.691421 161.304550 0.735797 0.514787 0.423317 0.120001
1601.000000000 -89.442199 132.562717 161.323507 0.738520 0.519463 0.414966 0.112028
1601.300000000 -89.271246 132.575937 161.019114 0.735856 0.512550 0.424454 0.125091
1601.500000000 -89.066327 132.591461 160.853725 0.733715 0.511561 0.429043 0.126054
1601.700000000 -88.799234 132.573109 160.624125 0.736122 0.518604 0.420000 0.113021
1601.800000000 -88.811814 132.488544 160.665782 0.736260 0.518748 0.419523 0.113235
1601.900000000 -88.691957 132.547143 160.482664 0.733413 0.511988 0.429335 0.125081
1602.100000000 -88.320915 132.593705 160.210821 0.733343 0.515568 0.426839 0.119195
1602.200000000 -88.228242 132.591795 160.147915 0.733918 0.517961 0.424070 0.115089
1603.200000000 -87.607772 132.518175 159.086341 0.803995 0.528890 0.264067 0.064305
1603.300000000 -87.605591 132.685897 158.667974 0.796942 0.502428 0.302887 0.143905
1603.400000000 -87.612361 132.561024 158.814261 0.798096 0.503778 0.300755 0.137102
1603.500000000 -87.366940 132.619475 158.439328 0.797199 0.502399 0.304377 0.139371
1603.700000000 -87.353191 132.566764 158.478781 0.795564 0.497787 0.310195 0.151868
1603.900000000 -87.207148 132.569999 158.318650 0.794128 0.495049 0.314752 0.158806
1604.100000000 -87.011465 132.570531 158.162628 0.794675 0.497430 0.313363 0.151186
1604.200000000 -86.883841 132.554630 158.090455 0.794618 0.497473 0.313963 0.150101
1604.600000000 -86.712959 132.730249 157.634271 0.785903 0.476385 0.331041 0.214071
1605.400000000 -85.916466 132.872749 157.106005 0.782605 0.472105 0.337020 0.225972
1605.500000000 -85.768826 132.894314 157.012496 0.783105 0.473170 0.335988 0.223539
1605.700000000 -85.544087 132.949041 156.869395 0.784245 0.473596 0.333343 0.222598
1605.800000000 -85.424365 132.986976 156.790219 0.784732 0.474189 0.332264 0.221225
1606.500000000 -84.524936 133.324278 156.268275 0.789093 0.478738 0.323920 0.207891
1606.600000000 -84.420005 133.394976 156.198088 0.788336 0.477160 0.324945 0.212731
1606.700000000 -84.284575 133.471088 156.118592 0.788040 0.477489 0.325564 0.212144
1606.800000000 -84.166798 133.538349 156.039298 0.788252 0.476993 0.325290 0.212892
1606.900000000 -84.052136 133.599734 155.994479 0.789040 0.477787 0.322743 0.212067
1607.300000000 -83.551432 133.890520 155.681115 0.789621 0.475314 0.321051 0.217948
1607.400000000 -83.398214 133.974558 155.612615 0.789635 0.476478 0.321105 0.215260
1607.800000000 -82.893981 134.292358 155.327460 0.790404 0.476012 0.317607 0.218635
1607.900000000 -82.780396 134.364640 155.269248 0.791355 0.475797 0.315335 0.218950
1608.100000000 -82.538609 134.513990 155.108780 0.791894 0.473899 0.312564 0.225005
1608.600000000 -81.897125 134.910539 154.792179 0.793883 0.475366 0.306783 0.222850
1609.100000000 -81.272275 135.266304 154.431714 0.795792 0.475918 0.300854 0.222944
1609.200000000 -81.195401 135.325321 154.370867 0.796289 0.475001 0.298592 0.226142
1609.400000000 -80.923174 135.446121 154.235440 0.797149 0.476234 0.296813 0.222837
1609.500000000 -80.840887 135.484961 154.232599 0.798876 0.477278 0.292526 0.220070
1609.600000000 -80.740296 135.522624 154.251065 0.799990 0.479775 0.289399 0.214663
1609.700000000 -80.616978 135.571268 154.176475 0.800075 0.480526 0.288657 0.213663
1609.800000000 -80.532412 135.592378 154.164239 0.801150 0.480795 0.285323 0.213508
1609.900000000 -80.430041 135.642423 154.078789 0.801535 0.480593 0.284705 0.213340
1610.000000000 -80.328095 135.681972 153.981881 0.801798 0.480266 0.283288 0.214970
1610.500000000 -79.815343 135.850661 153.515248 0.803895 0.478688 0.275848 0.220271
1610.600000000 -79.710325 135.843586 153.433090 0.805596 0.477143 0.270024 0.224581
1611.100000000 -79.246245 135.918721 152.940642 0.805074 0.478073 0.270283 0.224163
1611.500000000 -78.942827 135.899559 152.600205 0.804965 0.476205 0.270348 0.228412
1611.600000000 -78.874079 135.885719 152.509223 0.805796 0.476856 0.268125 0.226739
1611.800000000 -78.738857 135.861922 152.350028 0.805049 0.476114 0.269834 0.228914
1611.900000000 -78.660818 135.847496 152.262770 0.804026 0.476005 0.272366 0.229737
1612.000000000 -78.602640 135.823765 152.192385 0.804299 0.475306 0.271730 0.230976
1612.100000000 -78.546683 135.807702 152.113015 0.803856 0.474974 0.273007 0.231695
1612.200000000 -78.497450 135.784626 152.036833 0.804164 0.475745 0.272179 0.230013
1612.700000000 -78.488819 135.694898 151.898513 0.806505 0.481051 0.267603 0.215703
1613.000000000 -78.238279 135.526172 151.700124 0.804846 0.480355 0.271781 0.218213
1613.200000000 -78.123525 135.417690 151.522306 0.806095 0.478239 0.269062 0.221595
1613.300000000 -78.067544 135.356702 151.464771 0.806053 0.477729 0.269440 0.222384
1613.400000000 -78.051319 135.309589 151.432589 0.806094 0.477943 0.269335 0.221905
1613.600000000 -77.960812 135.206509 151.279828 0.805388 0.479069 0.271758 0.219067
1613.700000000 -77.970722 135.140993 151.248981 0.804743 0.479731 0.273494 0.217827
1613.800000000 -77.918932 135.081988 151.146255 0.803135 0.480480 0.278428 0.215848
1613.900000000 -77.873391 135.044833 151.020847 0.801033 0.479945 0.284216 0.217300
1614.100000000 -77.812172 134.922998 150.790677 0.800141 0.479706 0.286416 0.218225
1614.500000000 -77.760226 134.605836 150.678753 0.800967 0.481088 0.284298 0.214897
1614.700000000 -77.762151 134.419371 150.660456 0.801241 0.480210 0.283345 0.217087
1614.900000000 -77.820020 134.232210 150.711358 0.801271 0.480328 0.282963 0.217214
1615.400000000 -77.665428 133.807733 150.158437 0.800875 0.479928 0.284092 0.218081
1615.500000000 -77.655072 133.702472 150.132331 0.800772 0.479869 0.284023 0.218682
1615.600000000 -77.630980 133.613329 149.987251 0.800319 0.478537 0.284717 0.222324
1616.100000000 -77.471820 133.161242 149.408187 0.799348 0.477385 0.286884 0.225485
1616.200000000 -77.518848 133.043285 149.523526 0.799360 0.477910 0.286609 0.224679
1616.300000000 -77.507387 132.940764 149.464521 0.799468 0.478127 0.286293 0.224235
1616.400000000 -77.469494 132.851381 149.331718 0.798934 0.477107 0.287424 0.226851
1616.500000000 -77.480526 132.750664 149.327545 0.798585 0.476724 0.287971 0.228187
1616.600000000 -77.464147 132.648185 149.262559 0.798774 0.476735 0.287519 0.228072
1616.700000000 -77.430679 132.563003 149.159185 0.799179 0.477471 0.286978 0.225783
1616.800000000 -77.403395 132.467486 149.061252 0.799901 0.477909 0.285503 0.224163
1617.300000000 -77.258485 132.010309 148.664738 0.797943 0.475706 0.289132 0.231070
1617.500000000 -77.153196 131.862322 148.388371 0.797394 0.475928 0.290496 0.230797
1617.700000000 -77.084446 131.698485 148.225998 0.796834 0.475146 0.291498 0.233067
1617.800000000 -77.052509 131.610348 148.177335 0.797463 0.476169 0.290173 0.230467
1617.900000000 -77.032984 131.532486 148.105018 0.797344 0.475710 0.290443 0.231486
1618.600000000 -76.721584 131.037269 147.563364 0.797737 0.477333 0.289858 0.227488
1618.800000000 -76.616935 130.928078 147.330332 0.796154 0.475024 0.293068 0.233673
1618.900000000 -76.537438 130.874951 147.173086 0.796029 0.475129 0.293317 0.233571
1619.000000000 -76.526447 130.816957 147.200613 0.795788 0.474942 0.293818 0.234144
1619.200000000 -76.364289 130.751316 146.861107 0.794923 0.474609 0.295975 0.235037
1619.500000000 -76.187051 130.622971 146.639204 0.794800 0.474643 0.296627 0.234563
1619.800000000 -75.940941 130.506853 146.253640 0.795435 0.475043 0.295281 0.233296
1620.300000000 -75.542547 130.405897 145.687671 0.794293 0.474323 0.298184 0.234952
1620.500000000 -75.422714 130.349986 145.638551 0.794504 0.474838 0.297688 0.233825
1620.700000000 -75.226876 130.330184 145.395550 0.794498 0.474994 0.297957 0.233185
1620.800000000 -75.145192 130.316763 145.323984 0.794852 0.475467 0.297245 0.231918
1621.100000000 -74.882576 130.308693 144.998836 0.793864 0.474356 0.299226 0.235009
1621.600000000 -74.437759 130.326784 144.600826 0.793775 0.474207 0.299588 0.235151
1622.400000000 -73.648043 130.502003 143.916333 0.793564 0.473551 0.299499 0.237290
1622.600000000 -73.410559 130.564745 143.756812 0.793289 0.473480 0.299721 0.238067
1622.800000000 -73.198208 130.660661 143.598413 0.793596 0.473603 0.299221 0.237428
1622.900000000 -73.095223 130.709972 143.527727 0.793332 0.473177 0.299743 0.238500
1623.000000000 -72.997713 130.760505 143.460619 0.792953 0.472540 0.300133 0.240525
1623.100000000 -72.854898 130.819592 143.372651 0.792905 0.473094 0.300373 0.239290
1623.200000000 -72.737883 130.888485 143.289852 0.792167 0.472677 0.302039 0.240460
1623.300000000 -72.611807 130.934077 143.214350 0.793340 0.473027 0.299241 0.239399
1623.500000000 -72.377530 131.080558 143.063507 0.792861 0.472648 0.300180 0.240555
1623.700000000 -72.116949 131.227042 142.909847 0.793259 0.472881 0.299615 0.239488
1623.800000000 -71.991438 131.306103 142.835444 0.793436 0.473117 0.299217 0.238933
1623.900000000 -71.856763 131.381291 142.762838 0.793213 0.472742 0.299683 0.239830
1624.000000000 -71.733551 131.471032 142.688342 0.793514 0.473070 0.299039 0.238988
1624.100000000 -71.619505 131.556527 142.617573 0.793996 0.473337 0.297730 0.238494
1624.700000000 -70.816955 132.111352 142.151596 0.793260 0.472621 0.299087 0.240656
1624.900000000 -70.518139 132.285393 142.038113 0.793732 0.473349 0.298298 0.238640
1625.300000000 -69.979025 132.659344 141.779010 0.794489 0.473508 0.296211 0.238403
1625.400000000 -69.815074 132.743301 141.697870 0.794201 0.473491 0.296568 0.238952
1625.600000000 -69.543132 132.939929 141.534675 0.793696 0.472741 0.297422 0.241046
1625.700000000 -69.408631 133.027198 141.472182 0.793707 0.472516 0.296994 0.241976
1625.800000000 -69.297410 133.124754 141.378287 0.794143 0.471998 0.295866 0.242935
1625.900000000 -69.132401 133.209734 141.293075 0.793242 0.471482 0.297490 0.244892
1626.000000000 -68.996912 133.288991 141.241984 0.794167 0.471849 0.295472 0.243626
1626.100000000 -68.847042 133.370784 141.175956 0.794261 0.471955 0.295252 0.243380
1626.200000000 -68.730415 133.470521 141.110941 0.794540 0.472413 0.294990 0.241893
1626.400000000 -68.477625 133.644547 140.951387 0.794712 0.471867 0.294012 0.243582
1626.600000000 -68.206109 133.808025 140.769702 0.794205 0.470871 0.294355 0.246726
1626.700000000 -68.079407 133.894506 140.681554 0.794246 0.470895 0.294435 0.246454
1626.800000000 -67.936611 133.956668 140.652565 0.795175 0.472066 0.292797 0.243147
1627.100000000 -67.566165 134.176518 140.432812 0.795586 0.471895 0.291409 0.243800
1627.400000000 -67.183066 134.349903 140.200166 0.799514 0.469319 0.280396 0.248788
1627.700000000 -66.870359 134.512412 139.987414 0.800521 0.468131 0.276940 0.251643
1628.000000000 -66.530625 134.607002 139.779144 0.801035 0.469093 0.275889 0.249359
1628.300000000 -66.236135 134.696680 139.523470 0.800562 0.468831 0.276987 0.250153
1628.900000000 -65.796708 134.769573 139.138907 0.800769 0.469481 0.276464 0.248846
1629.100000000 -65.659647 134.755421 139.036908 0.800148 0.469263 0.277962 0.249584
1629.300000000 -65.556842 134.744094 138.907436 0.799769 0.469313 0.278647 0.249941
1629.400000000 -65.490851 134.724261 138.852121 0.800031 0.470020 0.278421 0.248017
1630.600000000 -67.449761 135.068058 139.772335 0.798534 0.471130 0.278627 0.250494
1630.800000000 -67.385503 134.964139 139.685198 0.797425 0.471562 0.282590 0.248768
1631.100000000 -67.307825 134.763290 139.470274 0.798739 0.471703 0.278974 0.248365
1631.400000000 -67.267338 134.566527 139.306215 0.797457 0.471024 0.281892 0.250472
1631.600000000 -67.252139 134.415495 139.224922 0.797244 0.470368 0.281950 0.252310
1631.700000000 -67.247969 134.346042 139.174141 0.797017 0.470246 0.282785 0.252321
1631.900000000 -67.175070 134.206041 138.969934 0.797144 0.471516 0.283659 0.248538
1632.000000000 -67.183567 134.124259 138.925561 0.797281 0.471221 0.282836 0.249596
1632.100000000 -67.181310 134.050043 138.880667 0.797089 0.471099 0.283646 0.249520
1632.300000000 -67.165279 133.895178 138.755317 0.794847 0.472378 0.289579 0.247428
1632.400000000 -67.160300 133.815725 138.698022 0.793529 0.473288 0.293622 0.245145
1633.300000000 -66.906884 132.999913 138.457669 0.786108 0.465581 0.305745 0.267934
1634.600000000 -66.593880 132.295139 137.555374 0.787660 0.466992 0.303580 0.263342
1634.900000000 -66.371666 132.114396 137.391223 0.785296 0.465145 0.307654 0.268886
1635.000000000 -66.352569 132.098662 137.259829 0.786544 0.466193 0.305754 0.265571
1635.200000000 -66.263879 132.050636 137.061676 0.787341 0.467240 0.304835 0.262406
1635.300000000 -66.239694 132.014066 137.049720 0.787191 0.467113 0.305360 0.262471
1635.400000000 -66.187995 131.989015 136.979569 0.787161 0.467426 0.305722 0.261581
1635.500000000 -66.175090 131.946884 136.994804 0.787249 0.467164 0.305000 0.262624
1636.200000000 -65.649108 131.754860 136.473193 0.785775 0.466616 0.308296 0.264161
1636.400000000 -65.590437 131.688973 136.563699 0.785709 0.465907 0.308016 0.265929
1636.500000000 -65.547940 131.675426 136.552886 0.785689 0.466100 0.308072 0.265584
1636.700000000 -65.407543 131.641949 136.446849 0.785622 0.465938 0.308142 0.265985
1637.100000000 -65.026485 131.612791 136.059093 0.784500 0.465429 0.310553 0.267381
1637.200000000 -64.914522 131.601637 135.968201 0.784149 0.465103 0.311170 0.268259
1637.500000000 -64.747012 131.584623 135.914393 0.784189 0.464640 0.310658 0.269533
1637.900000000 -64.405955 131.600569 135.641637 0.783808 0.465385 0.311835 0.267996
1638.000000000 -64.272157 131.603107 135.493833 0.783823 0.464752 0.312004 0.268849
1638.200000000 -64.139665 131.589451 135.492091 0.782945 0.463458 0.312676 0.272833
1638.300000000 -64.035705 131.601158 135.399188 0.782621 0.463810 0.313567 0.272141
1638.400000000 -63.906340 131.610945 135.266280 0.782696 0.463809 0.313565 0.271929
1638.600000000 -63.743425 131.620008 135.198616 0.782135 0.463367 0.314433 0.273288
1638.700000000 -63.629468 131.629224 135.075658 0.782586 0.463376 0.313327 0.273253
1639.100000000 -63.198676 131.656199 134.770133 0.781201 0.462472 0.315516 0.276213
1639.400000000 -62.903687 131.701426 134.556930 0.781634 0.463426 0.315230 0.273704
1640.200000000 -62.085500 131.784275 134.035487 0.781208 0.462591 0.316066 0.275364
1640.300000000 -61.983709 131.792090 133.951817 0.781623 0.462391 0.315095 0.275636
1640.500000000 -61.759903 131.808250 133.778628 0.781785 0.461909 0.314851 0.276264
1641.000000000 -61.205545 131.841323 133.376679 0.781337 0.461415 0.315222 0.277929
1641.200000000 -60.987462 131.848088 133.266830 0.779696 0.460345 0.317943 0.281191
1641.300000000 -60.906869 131.853931 133.178914 0.781537 0.460577 0.314801 0.279228
1641.400000000 -60.792818 131.861453 133.093062 0.781461 0.460896 0.315026 0.278662
1642.100000000 -60.123197 131.857367 132.705092 0.779914 0.458680 0.316485 0.284928
1642.400000000 -59.772903 131.827789 132.391154 0.779627 0.457650 0.316467 0.287378
1643.000000000 -60.352130 131.798669 133.890436 0.776140 0.454342 0.312917 0.305391
1643.400000000 -60.691527 131.725139 134.738596 0.776694 0.454064 0.306542 0.310814
1643.600000000 -60.482997 131.642187 134.531477 0.777076 0.454719 0.306361 0.309074
1643.700000000 -60.373200 131.596392 134.412077 0.777129 0.454905 0.307070 0.307960
1643.800000000 -60.332853 131.538725 134.439125 0.776306 0.453470 0.307499 0.311703
1644.000000000 -60.091813 131.434050 134.122389 0.777961 0.454426 0.305312 0.308316
1644.100000000 -60.018884 131.377204 134.068974 0.777861 0.455090 0.306054 0.306848
1644.600000000 -59.547460 131.002977 133.519440 0.779428 0.454620 0.303360 0.306245
1644.700000000 -59.471196 130.919582 133.429708 0.779672 0.454265 0.303023 0.306484
1644.800000000 -59.344590 130.828111 133.239004 0.780754 0.455136 0.301234 0.304192
1644.900000000 -59.290079 130.744358 133.208230 0.780076 0.454995 0.302875 0.304513
1645.100000000 -59.133041 130.560656 133.026721 0.779494 0.455009 0.305029 0.303832
1645.400000000 -59.023962 130.275118 132.822350 0.781430 0.455181 0.301525 0.302091
1645.700000000 -58.871562 129.956669 132.659777 0.779856 0.453780 0.305100 0.304668
1645.900000000 -58.733479 129.752436 132.452887 0.779256 0.454543 0.308341 0.301790
1646.000000000 -58.669115 129.647654 132.329635 0.779378 0.454880 0.309273 0.300008
1646.200000000 -58.525366 129.404959 132.067842 0.780184 0.454922 0.306787 0.300400
1646.400000000 -58.291150 129.177986 131.651309 0.779635 0.455536 0.310788 0.296760
1646.500000000 -58.191594 129.055055 131.487924 0.779372 0.455901 0.311748 0.295882
1647.900000000 -60.339787 128.174503 132.397085 0.842293 0.450649 0.205893 0.212289
1648.100000000 -59.469742 127.898146 131.463427 0.815718 0.480471 0.259932 0.190228
1648.700000000 -59.181009 127.169912 131.471603 0.821251 0.493152 0.244970 0.149454
1648.900000000 -59.002914 126.903076 131.498965 0.826043 0.499709 0.230836 0.121073
1649.000000000 -58.987420 126.843687 131.370809 0.825505 0.499559 0.232685 0.121816
1649.400000000 -58.577425 126.070980 132.210038 0.835183 0.511115 0.193504 0.061534
1649.500000000 -58.567341 125.995696 132.107425 0.835219 0.510530 0.194281 0.063432
1649.800000000 -58.488486 125.862055 131.600692 0.834966 0.508791 0.198809 0.066628
1650.000000000 -58.427581 125.774482 131.284962 0.835028 0.508616 0.199073 0.066390
1650.100000000 -58.441602 125.718168 131.175115 0.835305 0.508451 0.198227 0.066707
1650.500000000 -58.292612 125.599415 130.589845 0.835816 0.509176 0.196311 0.060103
1651.400000000 -57.959601 125.427585 129.221484 0.836611 0.508088 0.194417 0.064270
1651.800000000 -57.702666 125.369213 128.617344 0.837321 0.508367 0.191233 0.062346
1652.000000000 -57.625658 125.401292 128.292888 0.837419 0.508101 0.191440 0.062563
1652.300000000 -57.466513 125.437246 127.830388 0.837797 0.507900 0.190120 0.063144
1652.400000000 -57.408653 125.450114 127.714361 0.837741 0.507461 0.191270 0.063951
1653.100000000 -57.049695 125.718640 126.566198 0.837057 0.505627 0.196272 0.071792
1653.200000000 -56.956170 125.761135 126.374570 0.836893 0.505640 0.196969 0.071712
1653.500000000 -56.681169 125.837575 126.060749 0.837148 0.506088 0.196015 0.068093
1653.700000000 -56.559599 125.944579 125.803038 0.837091 0.505992 0.196455 0.068235
1653.900000000 -56.392434 126.022703 125.617022 0.837503 0.506063 0.195358 0.065766
1654.000000000 -56.318174 126.092438 125.446890 0.837267 0.506162 0.196238 0.065376
1654.100000000 -56.255569 126.149925 125.346754 0.837142 0.505838 0.197129 0.066798
1654.600000000 -55.682224 126.371195 124.816868 0.837857 0.506485 0.195457 0.057140
1654.700000000 -55.649003 126.453376 124.743254 0.837179 0.505834 0.198519 0.062080
1654.800000000 -55.623843 126.555307 124.606296 0.836735 0.504939 0.201219 0.066493
1655.000000000 -55.407459 126.687666 124.393132 0.836998 0.505541 0.200285 0.061230
1655.100000000 -55.333484 126.759950 124.292570 0.836976 0.504968 0.201080 0.063596
1655.200000000 -55.209009 126.822061 124.173231 0.836839 0.505133 0.201411 0.063043
1655.300000000 -55.125199 126.883173 124.077698 0.837105 0.505072 0.200596 0.062594
1656.700000000 -53.866619 127.566877 123.675025 0.747288 0.508903 -0.106139 -0.413899
1656.800000000 -53.920595 127.692969 123.574967 0.747092 0.508796 -0.105787 -0.414475
1656.900000000 -53.976870 127.809667 123.478230 0.747182 0.507658 -0.106291 -0.415578
1657.200000000 -54.227575 128.198621 123.237297 0.750369 0.502007 -0.103180 -0.417480
1657.400000000 -54.396124 128.459888 123.064775 0.752673 0.496897 -0.101410 -0.419872
1657.600000000 -53.828807 127.716395 123.344722 0.732323 0.498253 -0.208427 -0.414735
1657.700000000 -53.957685 127.802300 123.279718 0.733165 0.499685 -0.208788 -0.411329
1657.800000000 -54.054768 127.886198 123.229758 0.735241 0.500785 -0.207333 -0.407000
1658.000000000 -54.216598 128.060994 123.065479 0.734405 0.497464 -0.209615 -0.411389
1658.300000000 -54.556381 128.269451 122.892805 0.736136 0.498228 -0.212311 -0.405951
1658.400000000 -54.557709 128.262183 122.827334 0.735498 0.498374 -0.214082 -0.405999
1658.600000000 -54.754670 128.374639 122.650129 0.736891 0.498643 -0.214124 -0.403110
1658.700000000 -54.800971 128.418305 122.567941 0.737230 0.497736 -0.214262 -0.403539
1658.800000000 -54.888860 128.463388 122.489871 0.737090 0.497875 -0.215648 -0.402883
1659.000000000 -55.022326 128.545469 122.306322 0.737507 0.496559 -0.215888 -0.403615
1659.100000000 -55.147899 128.602294 122.190356 0.737078 0.495658 -0.217598 -0.404586
1659.200000000 -55.153286 128.607067 122.109372 0.736605 0.495585 -0.218468 -0.405067
1659.300000000 -55.291911 128.678697 122.050203 0.737286 0.495182 -0.218228 -0.404451
1659.600000000 -55.292076 128.742097 121.763724 0.731303 0.485801 -0.221843 -0.424239
1659.700000000 -55.374889 128.732293 121.659867 0.732710 0.486635 -0.220734 -0.421424
1659.800000000 -55.436399 128.726430 121.580541 0.732500 0.486877 -0.222256 -0.420710
1659.900000000 -55.467715 128.706086 121.530621 0.732273 0.487298 -0.224434 -0.419459
1660.000000000 -55.514858 128.712835 121.455504 0.732320 0.487201 -0.224904 -0.419238
1660.300000000 -55.616093 128.750213 121.225092 0.729958 0.483758 -0.229098 -0.425034
1660.400000000 -55.688047 128.765142 121.103312 0.728954 0.481509 -0.229558 -0.429044
1660.600000000 -56.076314 128.892233 120.953035 0.732436 0.483374 -0.226630 -0.422523
1660.700000000 -56.097135 128.864587 120.846807 0.731661 0.482522 -0.228133 -0.424028
1660.900000000 -56.361694 128.931381 120.697067 0.732159 0.481440 -0.227960 -0.424491
1661.000000000 -56.432264 128.926922 120.581981 0.731764 0.480244 -0.228836 -0.426054
1661.100000000 -56.590626 128.966638 120.483793 0.731757 0.478862 -0.228847 -0.427612
1661.200000000 -56.722411 129.010817 120.420411 0.732675 0.478749 -0.227276 -0.427004
1661.300000000 -56.708154 128.969831 120.286875 0.731525 0.477543 -0.228515 -0.429657
1661.400000000 -56.903412 129.014618 120.286445 0.733866 0.480483 -0.224811 -0.424308
1661.700000000 -57.366529 129.119516 120.075524 0.737383 0.482981 -0.225861 -0.414708
1662.000000000 -57.755889 129.196874 119.713720 0.736284 0.476792 -0.223981 -0.424721
1662.600000000 -58.534468 129.487451 119.160576 0.741932 0.468579 -0.214501 -0.428905
1662.800000000 -58.776197 129.465660 118.941733 0.740068 0.468654 -0.217936 -0.430310
1663.100000000 -59.185529 129.515731 118.750744 0.744717 0.473022 -0.217545 -0.417518
1663.200000000 -59.323185 129.608790 118.568070 0.743360 0.466895 -0.215472 -0.427781
1663.500000000 -59.672980 129.582309 118.408568 0.750990 0.479483 -0.217031 -0.398758
1663.900000000 -60.110958 129.516611 118.056431 0.754300 0.489442 -0.224706 -0.375480
1664.000000000 -60.275486 129.631776 117.873178 0.755097 0.484631 -0.221446 -0.381998
1664.500000000 -60.667018 129.733286 117.347268 0.758408 0.487497 -0.226115 -0.368830
1664.600000000 -60.769986 129.782856 117.272180 0.758721 0.487231 -0.226347 -0.368397
1665.000000000 -61.143412 130.021664 117.000936 0.757036 0.480809 -0.233861 -0.375538
1665.200000000 -61.225536 130.097658 116.847751 0.759612 0.484357 -0.235504 -0.364590
1665.300000000 -61.314085 130.172089 116.793105 0.760775 0.484251 -0.235080 -0.362573
1665.500000000 -61.418977 130.245680 116.628644 0.761281 0.485060 -0.239832 -0.357281
1665.700000000 -61.559766 130.431433 116.449038 0.763175 0.483107 -0.239065 -0.356399
1666.200000000 -60.366231 130.197217 116.531022 0.765878 0.490401 -0.231103 -0.345729
1667.100000000 -60.136850 130.775409 115.871589 0.775425 0.483921 -0.213868 -0.344669
1667.200000000 -60.075468 130.806206 115.834069 0.775532 0.484376 -0.214750 -0.343238
1667.300000000 -60.049210 130.860628 115.749878 0.776251 0.485007 -0.213348 -0.341592
1667.700000000 -60.037620 131.130926 115.401949 0.779880 0.485330 -0.209400 -0.335252
1668.400000000 -59.843301 131.560984 114.800245 0.785704 0.484744 -0.197577 -0.329630
1668.600000000 -59.780431 131.620011 114.743398 0.784955 0.486345 -0.203139 -0.325652
1668.900000000 -59.668727 131.757027 114.048366 0.795080 0.492042 -0.189927 -0.299450
1669.100000000 -59.670751 131.892440 113.924292 0.795720 0.491164 -0.188680 -0.299980
1669.500000000 -59.528075 132.085702 113.956702 0.792710 0.487654 -0.189986 -0.312584
1669.600000000 -59.587946 132.155376 113.703301 0.795925 0.490313 -0.186734 -0.302040
1669.900000000 -59.585047 132.277060 113.452950 0.797744 0.492058 -0.187976 -0.293512
1670.400000000 -59.495349 132.479941 113.172073 0.799624 0.492290 -0.184824 -0.289986
1670.600000000 -59.521970 132.588704 113.050076 0.799420 0.490348 -0.182229 -0.295431
1670.700000000 -59.528095 132.634689 112.947370 0.800625 0.491609 -0.179792 -0.291539
1670.800000000 -59.606582 132.683605 112.756186 0.802752 0.494071 -0.179151 -0.281759
1671.200000000 -59.863326 132.904153 112.428450 0.803280 0.491553 -0.182360 -0.282596
1671.300000000 -59.889970 132.936676 112.379733 0.803471 0.491152 -0.181903 -0.283046
1671.400000000 -59.981549 133.005548 112.281979 0.803587 0.489898 -0.181639 -0.285053
1671.600000000 -60.143580 133.142815 112.074188 0.804164 0.488508 -0.179704 -0.287032
1672.100000000 -60.554037 133.431759 111.553932 0.807795 0.485535 -0.174317 -0.285196
1672.200000000 -60.655799 133.510466 111.459708 0.809275 0.483258 -0.171624 -0.286497
1672.300000000 -60.747920 133.573448 111.367829 0.809829 0.481672 -0.170542 -0.288245
1672.500000000 -60.842139 133.668629 111.254207 0.810783 0.477071 -0.166918 -0.295251
1672.600000000 -60.942189 133.725208 111.016101 0.814472 0.477120 -0.161233 -0.288090
1672.700000000 -61.019785 133.775950 110.908925 0.815340 0.474766 -0.159392 -0.290536
1672.900000000 -61.208598 133.896032 110.675604 0.813732 0.476561 -0.154596 -0.294670
1673.200000000 -60.071928 133.147652 111.288208 0.803309 0.505701 -0.171369 -0.263806
1674.300000000 -58.178513 132.017183 112.800230 0.802048 0.531151 -0.180310 -0.205149
1674.400000000 -60.108595 132.924382 111.588161 0.794176 0.492282 -0.204592 -0.291693
1674.500000000 -60.322798 133.037720 111.515895 0.796601 0.494078 -0.200156 -0.285047
1674.700000000 -61.233321 134.426197 111.859920 0.810668 0.437793 -0.117634 -0.370562
1674.800000000 -60.217667 135.153666 112.375329 0.802969 0.334120 -0.036725 -0.492195
1674.900000000 -60.248964 135.847700 112.325366 0.811690 0.308440 0.025050 -0.495375
1675.300000000 -60.132907 137.082154 112.483551 -0.726017 -0.233042 -0.165488 0.625463
1675.500000000 -60.115045 136.171950 112.589222 -0.756045 -0.193263 -0.193934 0.594503
1675.600000000 -60.152340 136.231383 112.549429 -0.758009 -0.191458 -0.194761 0.592313
1675.700000000 -60.143533 136.303741 112.477678 -0.759766 -0.190275 -0.195755 0.590111
1675.800000000 -60.126105 136.310175 112.374709 -0.760015 -0.188258 -0.196804 0.590088
1675.900000000 -60.102986 136.351838 112.262035 -0.757638 -0.187321 -0.196615 0.593497
1676.000000000 -60.062393 136.327051 112.146927 -0.757056 -0.185617 -0.197584 0.594451
1676.300000000 -60.144709 136.875745 112.093107 -0.765353 -0.176229 -0.207575 0.583173
1676.500000000 -60.048098 136.733998 111.825408 -0.761478 -0.175410 -0.207234 0.588588
1676.600000000 -59.991947 136.766452 111.687878 -0.761008 -0.171802 -0.209528 0.589448
1676.700000000 -59.944958 136.796945 111.595579 -0.760406 -0.169900 -0.210855 0.590303
1676.800000000 -59.915630 136.697919 111.458042 -0.761387 -0.172444 -0.209106 0.588921
1676.900000000 -59.909400 136.710714 111.379289 -0.761040 -0.172133 -0.209012 0.589494
1677.000000000 -59.884984 136.730307 111.282575 -0.760637 -0.169650 -0.210508 0.590201
1677.100000000 -59.841743 136.724340 111.185262 -0.760374 -0.167744 -0.212151 0.590495
1677.400000000 -59.899481 136.799434 111.071099 -0.759684 -0.168810 -0.211336 0.591372
1677.800000000 -59.920699 137.005496 110.797066 -0.768927 -0.166808 -0.214507 0.578717
1678.100000000 -59.715216 136.644743 110.368527 -0.762020 -0.167107 -0.209805 0.589392
1678.300000000 -59.715947 136.669569 110.294376 -0.762557 -0.165623 -0.209984 0.589053
1678.500000000 -59.710881 136.679005 110.192490 -0.762568 -0.163625 -0.210525 0.589403
1678.600000000 -59.699477 136.640260 110.113986 -0.763241 -0.163990 -0.209869 0.588665
1678.800000000 -59.709380 136.570609 110.028360 -0.767462 -0.166088 -0.207706 0.583331
1679.100000000 -59.524443 136.523843 109.744985 -0.760353 -0.146942 -0.218529 0.593731
1680.200000000 -58.465271 137.079634 108.657448 -0.729573 -0.073832 -0.339621 0.589008
1680.300000000 -58.438846 137.121501 108.631757 -0.729168 -0.073527 -0.339714 0.589493
1680.400000000 -58.425038 137.111086 108.597959 -0.729317 -0.074025 -0.339378 0.589440
1680.500000000 -58.421173 137.085429 108.565793 -0.729972 -0.074683 -0.338762 0.588900
1681.200000000 -56.363831 137.943920 109.515911 -0.581464 0.066689 -0.450485 0.674178
1681.300000000 -56.362106 137.928942 109.494753 -0.582205 0.066057 -0.450105 0.673854
1681.700000000 -56.724717 137.277300 108.907262 -0.617242 0.001689 -0.425317 0.661903
1682.000000000 -56.758428 137.156073 108.837794 -0.618023 0.001807 -0.425392 0.661124
1682.100000000 -56.748687 137.178260 108.865687 -0.617965 0.001997 -0.425671 0.660998
1682.500000000 -56.832302 136.906605 108.718766 -0.621374 0.001861 -0.425008 0.658225
1682.700000000 -56.841477 136.878514 108.734118 -0.621073 0.001369 -0.425221 0.658372
1683.000000000 -56.923139 136.667087 108.668575 -0.620181 -0.000797 -0.425159 0.659253
1683.200000000 -56.966015 136.546400 108.608126 -0.621562 -0.003008 -0.423808 0.658816
1683.500000000 -57.057299 136.283513 108.501700 -0.615861 -0.007968 -0.423528 0.664286
1683.600000000 -57.099949 136.232304 108.511010 -0.618232 -0.008477 -0.422641 0.662640
1684.400000000 -57.384880 135.600173 108.422924 -0.611911 -0.014424 -0.423208 0.668021
1684.600000000 -57.486720 135.455889 108.435927 -0.617293 -0.013202 -0.422379 0.663605
1684.900000000 -57.609731 135.216543 108.433591 -0.616657 -0.014170 -0.422907 0.663840
1685.100000000 -57.710885 135.020669 108.412533 -0.617791 -0.014336 -0.423001 0.662721
1685.300000000 -57.807649 134.858767 108.424718 -0.618813 -0.014441 -0.423180 0.661650
1685.400000000 -57.883092 134.688327 108.376216 -0.618622 -0.014616 -0.423573 0.661573
1685.500000000 -57.895454 134.730281 108.463286 -0.616478 -0.015143 -0.424015 0.663278
1685.700000000 -57.999040 134.552846 108.467901 -0.617458 -0.015473 -0.424027 0.662350
1685.800000000 -58.051409 134.478701 108.478001 -0.617997 -0.015750 -0.423920 0.661909
1686.100000000 -58.252013 134.136305 108.466325 -0.619023 -0.016006 -0.424130 0.660809
1686.200000000 -58.281600 134.138652 108.523430 -0.619408 -0.016348 -0.424029 0.660505
1686.300000000 -58.373725 133.944244 108.470775 -0.621012 -0.015759 -0.424089 0.658972
1686.400000000 -58.417394 133.910946 108.516149 -0.620433 -0.016371 -0.424130 0.659476
1686.600000000 -58.548536 133.708824 108.531851 -0.620322 -0.016601 -0.424608 0.659267
1687.200000000 -58.869040 133.361525 108.720578 -0.618949 -0.017847 -0.425855 0.659720
1687.300000000 -58.925122 133.307579 108.750766 -0.619273 -0.018354 -0.425808 0.659433
1687.500000000 -59.095171 133.047708 108.733478 -0.620537 -0.019427 -0.425215 0.658596
1688.300000000 -59.524579 132.693289 109.043345 -0.615761 -0.021931 -0.427306 0.661640
1688.400000000 -59.622401 132.460030 108.985263 -0.616305 -0.020891 -0.428172 0.660606
1688.500000000 -59.673937 132.430104 109.033220 -0.614905 -0.021597 -0.428651 0.661577
1688.800000000 -59.848680 132.276376 109.135222 -0.613411 -0.022236 -0.429371 0.662475
1689.700000000 -60.408380 131.761990 109.353590 -0.615123 -0.025880 -0.428197 0.661514
1689.900000000 -60.586114 131.382685 109.274616 -0.614987 -0.024665 -0.429550 0.660810
1690.000000000 -60.658289 131.226287 109.254415 -0.614987 -0.023793 -0.430439 0.660263
1690.300000000 -60.884120 130.837759 109.210306 -0.614510 -0.023804 -0.431198 0.660212
1690.400000000 -60.948678 130.735214 109.206950 -0.614476 -0.023740 -0.431527 0.660030
1690.500000000 -61.004135 130.658448 109.214529 -0.614235 -0.023619 -0.431885 0.660025
1690.700000000 -61.095812 130.570977 109.272538 -0.612552 -0.022503 -0.433196 0.660768
1690.800000000 -61.140747 130.561154 109.307585 -0.612541 -0.022595 -0.433134 0.660816
1690.900000000 -61.197912 130.470322 109.315022 -0.611853 -0.021732 -0.434013 0.660905
1691.000000000 -61.251234 130.420305 109.331323 -0.611579 -0.022286 -0.433933 0.661193
1691.300000000 -61.435931 130.125915 109.318015 -0.610061 -0.021625 -0.435069 0.661871
1691.400000000 -61.488163 130.076530 109.336963 -0.609205 -0.022115 -0.435124 0.662606
1691.600000000 -61.553065 130.076649 109.406366 -0.609272 -0.021883 -0.435199 0.662504
1691.700000000 -61.599819 130.049562 109.431026 -0.608911 -0.022215 -0.435010 0.662948
1691.800000000 -61.694861 129.860255 109.374756 -0.607341 -0.023758 -0.434484 0.664677
1692.200000000 -61.849831 129.745636 109.448099 -0.607632 -0.023243 -0.434413 0.664476
1692.400000000 -61.913809 129.741098 109.511642 -0.607749 -0.022889 -0.434223 0.664505
1692.600000000 -62.040034 129.501503 109.442760 -0.609087 -0.022509 -0.433965 0.663461
1692.700000000 -62.089171 129.441239 109.441181 -0.609340 -0.022509 -0.433837 0.663313
1692.800000000 -62.115070 129.448974 109.469524 -0.609346 -0.022497 -0.433639 0.663437
1692.900000000 -62.166919 129.355941 109.444614 -0.610095 -0.022104 -0.433572 0.662805
1693.100000000 -62.309712 129.060953 109.340932 -0.610415 -0.022615 -0.433258 0.662698
1693.400000000 -62.454289 128.872858 109.315637 -0.607717 -0.023216 -0.433377 0.665075
1693.500000000 -62.512692 128.761624 109.262391 -0.610768 -0.022380 -0.433037 0.662526
1693.600000000 -62.567280 128.687607 109.243846 -0.609774 -0.022852 -0.432952 0.663480
1693.700000000 -62.611789 128.639116 109.226284 -0.609133 -0.022880 -0.433002 0.664036
1693.900000000 -62.738945 128.427257 109.144144 -0.607835 -0.022752 -0.433313 0.665025
1694.000000000 -62.788679 128.345756 109.108080 -0.608199 -0.022183 -0.433566 0.664546
1694.100000000 -62.843997 128.260831 109.066500 -0.608348 -0.021843 -0.433688 0.664342
1694.300000000 -62.962424 128.070599 108.970078 -0.607681 -0.020607 -0.434653 0.664362
1695.000000000 -63.464439 127.429917 108.562901 -0.606323 -0.020336 -0.434385 0.665784
1695.100000000 -63.527962 127.372989 108.500570 -0.604507 -0.021269 -0.434184 0.667535
1695.200000000 -63.600571 127.304715 108.435475 -0.605281 -0.020964 -0.434005 0.666959
1695.300000000 -63.687316 127.217548 108.368421 -0.605395 -0.021066 -0.433758 0.667014
1695.600000000 -63.894929 126.955032 108.144361 -0.603056 -0.020949 -0.434457 0.668679
1696.100000000 -64.333837 126.456925 107.730598 -0.606187 -0.018556 -0.434652 0.665786
1696.200000000 -64.419412 126.376956 107.647003 -0.605083 -0.019517 -0.434211 0.667049
1696.300000000 -64.504818 126.299438 107.573510 -0.605108 -0.019543 -0.433993 0.667168
1696.400000000 -64.556598 126.230595 107.484526 -0.602929 -0.019847 -0.434434 0.668842
1696.500000000 -64.616928 126.164847 107.401459 -0.600580 -0.020417 -0.434679 0.670776
1696.600000000 -64.721134 126.074402 107.342707 -0.603408 -0.018491 -0.435080 0.668028
1696.700000000 -64.800113 125.972714 107.242919 -0.601006 -0.019175 -0.435108 0.670154
1696.800000000 -64.898799 125.884745 107.153797 -0.601960 -0.019272 -0.434572 0.669642
1696.900000000 -65.000683 125.763084 107.049541 -0.602568 -0.018923 -0.434595 0.669089
1697.300000000 -65.358847 125.429769 106.740855 -0.603507 -0.017826 -0.434488 0.668342
1697.500000000 -65.552222 125.201723 106.536335 -0.603413 -0.018072 -0.434348 0.668512
1697.700000000 -65.746006 125.044534 106.395685 -0.605774 -0.016976 -0.434120 0.666550
1697.900000000 -65.940519 124.844793 106.211950 -0.605712 -0.017151 -0.433829 0.666791
1698.000000000 -66.039477 124.700309 106.069487 -0.603090 -0.019068 -0.433387 0.669399
1698.100000000 -66.125697 124.678120 106.047638 -0.605111 -0.017711 -0.433459 0.667563
1698.200000000 -66.253033 124.491079 105.893332 -0.605363 -0.018380 -0.433129 0.667530
1698.900000000 -66.909478 123.873347 105.373042 -0.607664 -0.017523 -0.432643 0.665776
1699.100000000 -67.101714 123.694235 105.226690 -0.608969 -0.017626 -0.432025 0.664981
1699.200000000 -67.211426 123.552099 105.119155 -0.608871 -0.018616 -0.431499 0.665386
1699.300000000 -67.288319 123.489297 105.067435 -0.608876 -0.018433 -0.431734 0.665233
1699.400000000 -67.377791 123.395143 104.994263 -0.608653 -0.018822 -0.431559 0.665541
1699.700000000 -67.618764 123.177952 104.834297 -0.607068 -0.019723 -0.431432 0.667043
1700.400000000 -68.197361 122.561833 104.449835 -0.606286 -0.021510 -0.430794 0.668110
1701.400000000 -68.969974 121.704914 104.095510 -0.606395 -0.022884 -0.430031 0.668457
1701.700000000 -69.175684 121.362155 103.972620 -0.605186 -0.023771 -0.430265 0.669371
1701.900000000 -69.312203 121.133998 103.892154 -0.605192 -0.024009 -0.430273 0.669352
1702.800000000 -69.876011 119.982399 103.667945 -0.605230 -0.025656 -0.429855 0.669525
1702.900000000 -69.944673 119.839339 103.664744 -0.607160 -0.024690 -0.429952 0.667749
1703.100000000 -70.020410 119.568509 103.625017 -0.605069 -0.026289 -0.429797 0.669683
1703.600000000 -70.223054 118.866833 103.607853 -0.604340 -0.026575 -0.430324 0.669992
1703.700000000 -70.299551 118.700911 103.623587 -0.606237 -0.025810 -0.430219 0.668372
1704.800000000 -70.663218 117.166281 103.678008 -0.605217 -0.026398 -0.430981 0.668783
1704.900000000 -70.688089 117.058758 103.707502 -0.604497 -0.026781 -0.431041 0.669380
1705.000000000 -70.718567 116.922676 103.716463 -0.604020 -0.027672 -0.430636 0.670035
1705.100000000 -70.737643 116.833721 103.756948 -0.603938 -0.027563 -0.430700 0.670072
1705.200000000 -70.774339 116.692177 103.762763 -0.603609 -0.027770 -0.430869 0.670251
1705.400000000 -70.834385 116.383679 103.753831 -0.602976 -0.027548 -0.431518 0.670413
1705.600000000 -70.906268 116.144725 103.798867 -0.603443 -0.027383 -0.431567 0.669968
1705.800000000 -70.969169 115.870906 103.812799 -0.603578 -0.026541 -0.432256 0.669435
1706.400000000 -71.201356 115.075402 103.869320 -0.604008 -0.025944 -0.432802 0.668718
1706.500000000 -71.257551 114.928961 103.878328 -0.605059 -0.025466 -0.432812 0.667780
1706.600000000 -71.296448 114.769369 103.854871 -0.604366 -0.025610 -0.433014 0.668270
1706.700000000 -71.354660 114.639163 103.878664 -0.605746 -0.024855 -0.433115 0.666982
1706.800000000 -71.413828 114.489166 103.875938 -0.605972 -0.024838 -0.433026 0.666836
1707.000000000 -71.478119 114.257143 103.885226 -0.605566 -0.024559 -0.433365 0.666994
1707.300000000 -71.599808 113.810439 103.825749 -0.603241 -0.024468 -0.434524 0.668348
1707.500000000 -71.702378 113.506941 103.786728 -0.603107 -0.023997 -0.435048 0.668146
1707.800000000 -71.867623 113.055058 103.706601 -0.602517 -0.024221 -0.435045 0.668672
1707.900000000 -71.923640 112.998794 103.761180 -0.604970 -0.022623 -0.435284 0.666354
1708.300000000 -72.152290 112.420204 103.639028 -0.604303 -0.022802 -0.435549 0.666780
1708.400000000 -72.225314 112.324627 103.659497 -0.606353 -0.022084 -0.435354 0.665068
1708.600000000 -72.356938 112.067183 103.624626 -0.608127 -0.020821 -0.435624 0.663310
1708.700000000 -72.420002 111.964940 103.625745 -0.609269 -0.019986 -0.435822 0.662157
1708.800000000 -72.496455 111.655664 103.449802 -0.604928 -0.022143 -0.436168 0.665830
1709.200000000 -72.729393 111.345475 103.470280 -0.608865 -0.019450 -0.436391 0.662169
1709.400000000 -72.864564 111.116165 103.413660 -0.609416 -0.018962 -0.436546 0.661574
1710.600000000 -73.760906 109.594036 102.760724 -0.600840 -0.022804 -0.437153 0.668856
1710.700000000 -73.829797 109.490878 102.705299 -0.599357 -0.023527 -0.437186 0.670139
1710.800000000 -73.913975 109.355234 102.630532 -0.598492 -0.024352 -0.437010 0.670997
1710.900000000 -73.995949 109.230082 102.567305 -0.597061 -0.025041 -0.437045 0.672222
1711.000000000 -74.070691 109.132450 102.518492 -0.596864 -0.025179 -0.436902 0.672485
1711.100000000 -74.147383 109.018183 102.454172 -0.597525 -0.025320 -0.436662 0.672049
1711.500000000 -74.455446 108.651021 102.276072 -0.599484 -0.024080 -0.436730 0.670303
1712.100000000 -74.975387 108.048930 101.962524 -0.602954 -0.023588 -0.435754 0.667839
1712.400000000 -75.242665 107.742047 101.787054 -0.602177 -0.024894 -0.435084 0.668929
1712.500000000 -75.327050 107.641915 101.721043 -0.602615 -0.025340 -0.434761 0.668727
1712.800000000 -75.590479 107.342129 101.565390 -0.604634 -0.024333 -0.434735 0.666957
1713.200000000 -75.906684 106.928859 101.309351 -0.602920 -0.026116 -0.434070 0.668871
1713.300000000 -75.984911 106.843563 101.266984 -0.604232 -0.025675 -0.433930 0.667794
1713.400000000 -76.073073 106.740581 101.219965 -0.605593 -0.025124 -0.433783 0.666677
1713.600000000 -76.230401 106.520765 101.118971 -0.603173 -0.026557 -0.433673 0.668883
1713.700000000 -76.301978 106.402649 101.057177 -0.603856 -0.025860 -0.433846 0.668182
1713.900000000 -76.445629 106.189369 100.963805 -0.604560 -0.025693 -0.433690 0.667653
1714.200000000 -76.661039 105.843654 100.827283 -0.603687 -0.026935 -0.433197 0.668713
1714.300000000 -76.726740 105.713224 100.773791 -0.604847 -0.026171 -0.433251 0.667659
1714.400000000 -76.792230 105.587055 100.731064 -0.604988 -0.026139 -0.433180 0.667578
1715.100000000 -77.183724 104.699115 100.513569 -0.603892 -0.026982 -0.433002 0.668652
1715.200000000 -77.222655 104.603868 100.511249 -0.604915 -0.026863 -0.432777 0.667878
1715.300000000 -77.266796 104.454049 100.483280 -0.605909 -0.025980 -0.433030 0.666846
1715.400000000 -77.313399 104.305341 100.460019 -0.604927 -0.026525 -0.433012 0.667728
1715.600000000 -77.403501 104.014550 100.425003 -0.604137 -0.027957 -0.432300 0.668845
1715.700000000 -77.437627 103.851514 100.399175 -0.604873 -0.027185 -0.432630 0.667998
1716.400000000 -77.629846 102.782047 100.367231 -0.603710 -0.027791 -0.432669 0.668999
1716.600000000 -77.665001 102.467914 100.378548 -0.603899 -0.027184 -0.432906 0.668699
1716.700000000 -77.705029 102.252297 100.349731 -0.604325 -0.026956 -0.432655 0.668486
1716.900000000 -77.732305 101.945809 100.376925 -0.604432 -0.026967 -0.432744 0.668332
1717.500000000 -77.808835 100.960539 100.452648 -0.603754 -0.028264 -0.432117 0.669297
1717.700000000 -77.807313 100.695792 100.529158 -0.602908 -0.028476 -0.432303 0.669929
1717.800000000 -77.818953 100.481450 100.519965 -0.603036 -0.027101 -0.432982 0.669432
1718.100000000 -77.844461 99.944254 100.556435 -0.603097 -0.026850 -0.432914 0.669432
1718.200000000 -77.839346 99.822972 100.607072 -0.602299 -0.027201 -0.433040 0.670054
1718.500000000 -77.864638 99.289892 100.645918 -0.603530 -0.025987 -0.433264 0.668848
1718.800000000 -77.880122 98.786259 100.706599 -0.603665 -0.025103 -0.433714 0.668469
1719.100000000 -77.917863 98.267001 100.746656 -0.603277 -0.025815 -0.433531 0.668910
1719.300000000 -77.941950 97.927288 100.778751 -0.603470 -0.026127 -0.433396 0.668812
1719.400000000 -77.961145 97.756100 100.788549 -0.603994 -0.026930 -0.432690 0.668764
1720.100000000 -78.072972 96.608019 100.882988 -0.604087 -0.026961 -0.432704 0.668670
1720.300000000 -78.110848 96.276386 100.896969 -0.602729 -0.026711 -0.433454 0.669420
1720.400000000 -78.124538 96.150800 100.924757 -0.603303 -0.026340 -0.433433 0.668930
1720.700000000 -78.205588 95.650288 100.924086 -0.602641 -0.027078 -0.433505 0.669450
1720.900000000 -78.270597 95.342329 100.920957 -0.602371 -0.028439 -0.432979 0.669977
1721.000000000 -78.298848 95.198715 100.922441 -0.602812 -0.028561 -0.432836 0.669667
1721.200000000 -78.356568 94.921417 100.928124 -0.603113 -0.028882 -0.433060 0.669237
1721.400000000 -78.424075 94.671906 100.938455 -0.603984 -0.030476 -0.431866 0.669154
1721.500000000 -78.468000 94.474252 100.894638 -0.604198 -0.029816 -0.432266 0.668731
1721.600000000 -78.488887 94.446002 100.962159 -0.603429 -0.031270 -0.431657 0.669753
1723.200000000 -79.324096 92.650881 100.602594 -0.599061 -0.027505 -0.437694 0.669921
1723.400000000 -79.466466 92.390030 100.461840 -0.601765 -0.026593 -0.437446 0.667692
1723.500000000 -79.511465 92.382777 100.466687 -0.601839 -0.026955 -0.437367 0.667663
1723.700000000 -79.643299 92.149503 100.322766 -0.603597 -0.025368 -0.437792 0.665857
1723.800000000 -79.696094 92.138267 100.318520 -0.602859 -0.026847 -0.437291 0.666795
1724.100000000 -79.897044 92.031282 100.258773 -0.599850 -0.029081 -0.436635 0.669839
1724.200000000 -79.958881 91.973632 100.207065 -0.600658 -0.028749 -0.436561 0.669177
1724.300000000 -80.031813 91.903500 100.149303 -0.601932 -0.028739 -0.436147 0.668302
1724.400000000 -80.093293 91.861722 100.106913 -0.602114 -0.028659 -0.436147 0.668142
1724.500000000 -80.165171 91.790632 100.046856 -0.602332 -0.028702 -0.436107 0.667970
1725.100000000 -80.581650 91.584061 99.782305 -0.607912 -0.039299 -0.427448 0.667972
1725.200000000 -80.655680 91.526151 99.717208 -0.608829 -0.040643 -0.426192 0.667860
1725.400000000 -80.800323 91.415306 99.596223 -0.609635 -0.040382 -0.426367 0.667028
1725.600000000 -80.932910 91.407564 99.557828 -0.607466 -0.040309 -0.427251 0.668444
1726.000000000 -81.222397 91.256743 99.363846 -0.606067 -0.041948 -0.426934 0.669813
1726.100000000 -81.290598 91.192816 99.305689 -0.606359 -0.041112 -0.427420 0.669292
1726.300000000 -81.442480 91.094661 99.207063 -0.606615 -0.041224 -0.427321 0.669116
1726.400000000 -81.523558 91.037272 99.145582 -0.606745 -0.042525 -0.426423 0.669489
1726.900000000 -81.857327 90.806167 98.927681 -0.604850 -0.042310 -0.427159 0.670747
1727.100000000 -82.002318 90.667176 98.817402 -0.605653 -0.042497 -0.426885 0.670184
1727.200000000 -82.074800 90.591755 98.760458 -0.606021 -0.042812 -0.426712 0.669942
1727.300000000 -82.126418 90.565920 98.736970 -0.605563 -0.042430 -0.427202 0.670068
1727.400000000 -82.192654 90.442588 98.642360 -0.605772 -0.041995 -0.427359 0.669807
1727.800000000 -82.460247 90.215033 98.490820 -0.604890 -0.043702 -0.426602 0.670976
1727.900000000 -82.510633 90.165365 98.464680 -0.605489 -0.042322 -0.427368 0.670036
1728.200000000 -82.711026 89.935590 98.363343 -0.605129 -0.041497 -0.428102 0.669944
1728.300000000 -82.777278 89.823439 98.307426 -0.604713 -0.041184 -0.428489 0.670092
1728.400000000 -82.830241 89.746414 98.262873 -0.603787 -0.041943 -0.428241 0.671038
1728.500000000 -82.882615 89.667407 98.212138 -0.603569 -0.042127 -0.428213 0.671240
1728.600000000 -82.946371 89.574909 98.155663 -0.603609 -0.042775 -0.427803 0.671425
1728.900000000 -83.121304 89.326109 98.060157 -0.603029 -0.042459 -0.428185 0.671723
1729.300000000 -83.329804 88.961175 97.916814 -0.601556 -0.042355 -0.428759 0.672683
1729.400000000 -83.376239 88.866920 97.865977 -0.602060 -0.042724 -0.428549 0.672342
1730.000000000 -83.659564 88.287368 97.665749 -0.600154 -0.043393 -0.428767 0.673863
1730.200000000 -83.773729 88.093887 97.641604 -0.601369 -0.043140 -0.428732 0.672818
1730.400000000 -83.873024 87.894257 97.601244 -0.602410 -0.042781 -0.428776 0.671881
1730.500000000 -83.925174 87.795076 97.591362 -0.603081 -0.042558 -0.428783 0.671288
1730.600000000 -83.978862 87.699823 97.581861 -0.604049 -0.042202 -0.428744 0.670464
1730.900000000 -84.120816 87.403388 97.545508 -0.606590 -0.040867 -0.429033 0.668063
1731.200000000 -84.259197 87.057451 97.475591 -0.607044 -0.041747 -0.428569 0.667895
1731.500000000 -84.376517 86.700699 97.383232 -0.605351 -0.043641 -0.428056 0.669637
1731.700000000 -84.482524 86.476113 97.369979 -0.606689 -0.043537 -0.427906 0.668528
1731.800000000 -84.548366 86.361395 97.377515 -0.607150 -0.043402 -0.427910 0.668115
1731.900000000 -84.602286 86.243594 97.371745 -0.607977 -0.043238 -0.427908 0.667375
1732.000000000 -84.654184 86.124596 97.359896 -0.608562 -0.043236 -0.427815 0.666901
1732.200000000 -84.678657 85.888807 97.247021 -0.606050 -0.045220 -0.427500 0.669255
1732.700000000 -84.936112 85.297599 97.160736 -0.607056 -0.045840 -0.427134 0.668534
1732.800000000 -84.992762 85.184172 97.155662 -0.608158 -0.044871 -0.427594 0.667304
1732.900000000 -85.050319 85.076616 97.147142 -0.609697 -0.044254 -0.427605 0.665931
1733.000000000 -85.130656 84.974661 97.160580 -0.610430 -0.043946 -0.427639 0.665259
1733.100000000 -85.179773 84.857749 97.125797 -0.610965 -0.044006 -0.427585 0.664798
1733.400000000 -85.305818 84.524329 96.995815 -0.605743 -0.047517 -0.427103 0.669628
1733.700000000 -85.490607 84.200153 96.903911 -0.609381 -0.046168 -0.427257 0.666314
1733.800000000 -85.559352 84.106351 96.877475 -0.609288 -0.046542 -0.427129 0.666455
1734.300000000 -85.890711 83.618338 96.658685 -0.608112 -0.048787 -0.426528 0.667752
1734.600000000 -86.125174 83.333402 96.517095 -0.610184 -0.049227 -0.425749 0.666325
1734.700000000 -86.184655 83.260265 96.472924 -0.609431 -0.049152 -0.426101 0.666795
1734.900000000 -86.381788 83.066728 96.383180 -0.609420 -0.050582 -0.425272 0.667227
1735.400000000 -86.775395 82.570472 96.054761 -0.606063 -0.052228 -0.425552 0.669974
1735.800000000 -87.154999 82.204859 95.810533 -0.608939 -0.052253 -0.425346 0.667490
1736.400000000 -87.778273 81.646030 95.384838 -0.612232 -0.055453 -0.423099 0.665646
1736.500000000 -87.898872 81.461983 95.255223 -0.612831 -0.055299 -0.423217 0.665031
1736.600000000 -87.971797 81.466326 95.253944 -0.612913 -0.054533 -0.423883 0.664595
1736.700000000 -88.099587 81.182908 95.041998 -0.612027 -0.055322 -0.423872 0.665353
1737.000000000 -88.377203 81.116822 94.972493 -0.612892 -0.056051 -0.423350 0.664828
1737.300000000 -88.688194 80.946219 94.830633 -0.613280 -0.057106 -0.422544 0.664893
1738.100000000 -89.480722 80.264189 94.303923 -0.613893 -0.058507 -0.422401 0.664297
1738.300000000 -89.647952 80.175485 94.224255 -0.612150 -0.059136 -0.422893 0.665535
1738.600000000 -89.961102 79.820584 93.981256 -0.613341 -0.059705 -0.422424 0.664685
1738.800000000 -90.144950 79.664265 93.866767 -0.614717 -0.059219 -0.422138 0.663639
1739.000000000 -90.339569 79.430468 93.721282 -0.614026 -0.059788 -0.422296 0.664126
1739.300000000 -90.591124 79.287250 93.640697 -0.615167 -0.059129 -0.422443 0.663035
1739.400000000 -90.685179 79.184124 93.580216 -0.612813 -0.060581 -0.422295 0.665175
1739.500000000 -90.800907 78.945372 93.433495 -0.609684 -0.062821 -0.421969 0.668043
1739.600000000 -90.877230 78.838344 93.359757 -0.608243 -0.063750 -0.422054 0.669213
1739.800000000 -91.021734 78.843738 93.385334 -0.611394 -0.061985 -0.421986 0.666545
1740.300000000 -91.429070 78.392383 93.169132 -0.614527 -0.061522 -0.421542 0.663983
1740.500000000 -91.578678 78.204787 93.094505 -0.608683 -0.064440 -0.421606 0.669030
1740.600000000 -91.695660 77.958659 92.976792 -0.609352 -0.064753 -0.421377 0.668534
1740.900000000 -91.906551 77.624216 92.835292 -0.612278 -0.063146 -0.421857 0.665707
1741.000000000 -91.980775 77.501674 92.782174 -0.612311 -0.063580 -0.421562 0.665822
1741.100000000 -92.055655 77.390093 92.738626 -0.610021 -0.065119 -0.421219 0.667988
1741.300000000 -92.173997 77.260701 92.714120 -0.610046 -0.065413 -0.421152 0.667980
1741.400000000 -92.258551 77.037036 92.607542 -0.609893 -0.065886 -0.421030 0.668149
1741.600000000 -92.384524 76.825924 92.550066 -0.608297 -0.066443 -0.421293 0.669381
1741.800000000 -92.513141 76.587507 92.482398 -0.608384 -0.066616 -0.421241 0.669319
1742.000000000 -92.641835 76.304777 92.392991 -0.610256 -0.065956 -0.421316 0.667630
1743.000000000 -93.132774 75.188724 92.294558 -0.611035 -0.066201 -0.421186 0.666975
1743.200000000 -93.194802 74.921624 92.275541 -0.612635 -0.065068 -0.421472 0.665437
1743.600000000 -93.321287 74.358387 92.267735 -0.611655 -0.065955 -0.421327 0.666341
1743.800000000 -93.374493 74.058104 92.280122 -0.612085 -0.065645 -0.421477 0.665883
1744.000000000 -93.432654 73.773933 92.310866 -0.614737 -0.064805 -0.421296 0.663632
1744.400000000 -93.491759 73.131988 92.358078 -0.614127 -0.065843 -0.420793 0.664414
1744.500000000 -93.487227 72.990744 92.394867 -0.615311 -0.064588 -0.421530 0.662973
1744.700000000 -93.502086 72.631387 92.414315 -0.614045 -0.066545 -0.420967 0.664309
1744.800000000 -93.500801 72.488285 92.454440 -0.615275 -0.065790 -0.421122 0.663147
1744.900000000 -93.512073 72.335027 92.482681 -0.616300 -0.066320 -0.420335 0.662642
1745.000000000 -93.516224 72.176263 92.525638 -0.618125 -0.065848 -0.420332 0.660989
1745.200000000 -93.503600 71.799076 92.550241 -0.614822 -0.067945 -0.420001 0.664060
1745.600000000 -93.469463 71.121237 92.688495 -0.615856 -0.068178 -0.419819 0.663194
1745.800000000 -93.440761 70.779925 92.764576 -0.615030 -0.067427 -0.420526 0.663588
1745.900000000 -93.440920 70.612818 92.802134 -0.617122 -0.068196 -0.419713 0.662080
1746.000000000 -93.438443 70.412610 92.827590 -0.615712 -0.069531 -0.419279 0.663528
1746.100000000 -93.431076 70.252219 92.871659 -0.616978 -0.069068 -0.419221 0.662436
1746.200000000 -93.421763 70.072996 92.907047 -0.616969 -0.069724 -0.418834 0.662621
1746.300000000 -93.410336 69.881637 92.938334 -0.616127 -0.070471 -0.418938 0.663259
1746.700000000 -93.347738 69.179977 93.091045 -0.615684 -0.069861 -0.419902 0.663125
1747.100000000 -93.326594 68.471604 93.201602 -0.615524 -0.071603 -0.419221 0.663518
1747.300000000 -93.332118 68.158023 93.270210 -0.618342 -0.072040 -0.418474 0.661319
1747.400000000 -93.328412 67.983807 93.294710 -0.617107 -0.072223 -0.418914 0.662174
1747.600000000 -93.345351 67.646909 93.324711 -0.617052 -0.073764 -0.417810 0.662752
1747.800000000 -93.364048 67.333425 93.359302 -0.617201 -0.074981 -0.417256 0.662826
1748.000000000 -93.379969 67.017997 93.378781 -0.616265 -0.075284 -0.417910 0.663250
1748.100000000 -93.394759 66.868652 93.387170 -0.615986 -0.075475 -0.417930 0.663475
1748.200000000 -93.423276 66.725367 93.398543 -0.617385 -0.073730 -0.418884 0.661767
1748.500000000 -93.496602 66.304118 93.401094 -0.611463 -0.067439 -0.425883 0.663467
1748.600000000 -93.525979 66.173678 93.411366 -0.612418 -0.065750 -0.427055 0.662001
1749.000000000 -93.649792 65.689379 93.378485 -0.611655 -0.069497 -0.425064 0.663602
1749.900000000 -94.015285 64.785000 93.228285 -0.608386 -0.072733 -0.424115 0.666860
1750.000000000 -94.060445 64.682381 93.194614 -0.607251 -0.073508 -0.423774 0.668025
1750.200000000 -94.142489 64.451662 93.077279 -0.601392 -0.075920 -0.423588 0.673154
1750.800000000 -94.436693 64.086525 92.887894 -0.602519 -0.075616 -0.423420 0.672286
1751.000000000 -94.545949 63.960879 92.800745 -0.599548 -0.075622 -0.423786 0.674707
1751.100000000 -94.595837 63.963840 92.786188 -0.599662 -0.075844 -0.424095 0.674387
1751.200000000 -94.655638 63.960379 92.771913 -0.600878 -0.075408 -0.423903 0.673472
1751.300000000 -94.696033 63.927401 92.757566 -0.600443 -0.070810 -0.426872 0.672484
1751.400000000 -94.767374 63.898674 92.710596 -0.600008 -0.074991 -0.424356 0.674010
1752.100000000 -95.189791 63.669706 92.338496 -0.600080 -0.083107 -0.418825 0.676449
1752.400000000 -95.404785 63.680130 92.223723 -0.603866 -0.088170 -0.414356 0.675189
1752.600000000 -95.602891 63.545710 92.076032 -0.606963 -0.085993 -0.415235 0.672146
1752.700000000 -95.673517 63.561640 92.034272 -0.607091 -0.085025 -0.415984 0.671691
1752.800000000 -95.718602 63.536627 91.931098 -0.607503 -0.084768 -0.416172 0.671234
1752.900000000 -95.823998 63.422189 91.838331 -0.601881 -0.086101 -0.416843 0.675698
1753.500000000 -96.333646 63.379046 91.488489 -0.606142 -0.084824 -0.416847 0.672038
1753.600000000 -96.426321 63.425268 91.461606 -0.605811 -0.083877 -0.417666 0.671947
1753.700000000 -96.505139 63.419638 91.383511 -0.605644 -0.084679 -0.417118 0.672338
1753.800000000 -96.576386 63.380186 91.286847 -0.602249 -0.086061 -0.417597 0.674909
1754.000000000 -96.776001 63.314136 91.145603 -0.601669 -0.086543 -0.417598 0.675365
1754.100000000 -96.842218 63.380786 91.100163 -0.601597 -0.086857 -0.417156 0.675661
1754.200000000 -96.925220 63.414647 91.058952 -0.600145 -0.087747 -0.416927 0.676977
1754.500000000 -97.190322 63.296836 90.801177 -0.596350 -0.088777 -0.417385 0.679908
1754.600000000 -97.280134 63.330488 90.752438 -0.596850 -0.088836 -0.417218 0.679564
1754.700000000 -97.379977 63.314293 90.717798 -0.595156 -0.088328 -0.418163 0.680534
1754.900000000 -97.605587 63.121524 90.524005 -0.596201 -0.087289 -0.418737 0.679400
1755.100000000 -97.779307 63.108049 90.395958 -0.594118 -0.088864 -0.418432 0.681205
1755.300000000 -97.938784 63.173940 90.337227 -0.590982 -0.090270 -0.418346 0.683797
1755.400000000 -97.985499 63.177054 90.252367 -0.589956 -0.090930 -0.418258 0.684648
1756.300000000 -98.709720 63.395013 90.019708 -0.603316 -0.085347 -0.418036 0.673774
1756.400000000 -98.760147 63.485153 90.018838 -0.602298 -0.086478 -0.417606 0.674806
1756.600000000 -98.947438 63.461075 90.030366 -0.599733 -0.085960 -0.418768 0.676436
1756.900000000 -99.121495 63.430958 89.875123 -0.595660 -0.089820 -0.417279 0.680441
1757.000000000 -99.199419 63.398365 89.837483 -0.597795 -0.089730 -0.416704 0.678931
1757.300000000 -99.389503 63.105552 89.615686 -0.594999 -0.089562 -0.418061 0.680573
1757.400000000 -99.509062 62.971177 89.555881 -0.595463 -0.090365 -0.417387 0.680475
1757.500000000 -99.537177 62.982097 89.524930 -0.594098 -0.091269 -0.417203 0.681660
1757.600000000 -99.589829 62.943093 89.483683 -0.595559 -0.091149 -0.416933 0.680565
1757.700000000 -99.641123 62.778312 89.357193 -0.597065 -0.090334 -0.417150 0.679219
1758.200000000 -99.995920 62.326764 89.180251 -0.595956 -0.091231 -0.417258 0.680007
1758.300000000 -100.054546 62.198965 89.104413 -0.598059 -0.090891 -0.417004 0.678360
1758.700000000 -100.183349 61.888903 88.976443 -0.598468 -0.089480 -0.418140 0.677486
1758.800000000 -100.197721 61.811743 88.921641 -0.597955 -0.090868 -0.417387 0.678219
1759.300000000 -100.452096 61.182067 88.855553 -0.599776 -0.088459 -0.418825 0.676039
1759.400000000 -100.363220 61.119357 88.763652 -0.599884 -0.087838 -0.419457 0.675632
1759.600000000 -100.445298 60.856273 88.768659 -0.599259 -0.087568 -0.419978 0.675898
1759.700000000 -100.453138 60.740304 88.770133 -0.597767 -0.087338 -0.420631 0.676843
1759.800000000 -100.475064 60.610057 88.787534 -0.597616 -0.085895 -0.421696 0.676498
1759.900000000 -100.512624 60.490983 88.806596 -0.597135 -0.086675 -0.421137 0.677171
1760.100000000 -100.483783 60.242102 88.793366 -0.596715 -0.085565 -0.422298 0.676960
1760.200000000 -100.485611 60.106390 88.780632 -0.596246 -0.086232 -0.421854 0.677565
1760.400000000 -100.585317 59.772332 88.851564 -0.596123 -0.086285 -0.421888 0.677645
1760.500000000 -100.486326 59.687260 88.820004 -0.595324 -0.085591 -0.422840 0.677842
1761.100000000 -100.395740 58.801731 88.924295 -0.595162 -0.084687 -0.423780 0.677511
1761.300000000 -100.437634 58.425360 89.013487 -0.594132 -0.085398 -0.423804 0.678311
1762.000000000 -100.292494 57.295026 89.269983 -0.590211 -0.084741 -0.425494 0.680753
1762.200000000 -100.333618 56.893305 89.395191 -0.591522 -0.088521 -0.425418 0.679180
1762.300000000 -100.375915 56.720507 89.507368 -0.591725 -0.088765 -0.431352 0.675216
1762.500000000 -100.301104 56.370786 89.530853 -0.591386 -0.091724 -0.436643 0.671708
1762.600000000 -100.243232 56.245622 89.577320 -0.589239 -0.087239 -0.441176 0.671231
1762.700000000 -100.292317 56.016171 89.648920 -0.587919 -0.089761 -0.440177 0.672709
1762.800000000 -100.202495 55.882372 89.643119 -0.587541 -0.089559 -0.440229 0.673033
1762.900000000 -100.261313 55.674200 89.732219 -0.588341 -0.092517 -0.437762 0.673542
1763.000000000 -100.187749 55.496376 89.723556 -0.587837 -0.090845 -0.438897 0.673471
1763.100000000 -100.137332 55.274783 89.704744 -0.585605 -0.088141 -0.440259 0.674885
1764.000000000 -99.671601 53.944975 89.854576 -0.581539 -0.081112 -0.440892 0.678857
1764.400000000 -99.428045 53.478047 89.833226 -0.578193 -0.069039 -0.442392 0.682067
1764.500000000 -99.374933 53.335895 89.945636 -0.584157 -0.088470 -0.422351 0.687425
1765.000000000 -99.197266 52.580013 89.767233 -0.589320 -0.074904 -0.422827 0.684331
1765.200000000 -99.282464 52.304333 89.684948 -0.582919 -0.062416 -0.433305 0.684512
1765.300000000 -99.222473 52.200705 89.697050 -0.581056 -0.064373 -0.433838 0.685576
1765.400000000 -99.111980 52.150531 89.598688 -0.583647 -0.060791 -0.434549 0.683248
1765.500000000 -99.095776 52.077835 89.650394 -0.580606 -0.069238 -0.431837 0.686746
1765.700000000 -99.125637 51.902860 89.720742 -0.588754 -0.073893 -0.424634 0.683809
1765.800000000 -99.142210 51.778339 89.661020 -0.589033 -0.068351 -0.429126 0.681336
1765.900000000 -99.118855 51.754170 89.677396 -0.593764 -0.070868 -0.426906 0.678361
1766.100000000 -98.785274 51.607656 89.306440 -0.585223 -0.071824 -0.427539 0.685249
1766.200000000 -98.769893 51.496592 89.226647 -0.593055 -0.067517 -0.426495 0.679580
1766.400000000 -98.751710 51.378723 89.111293 -0.591177 -0.065447 -0.429190 0.679723
1766.500000000 -98.828951 51.199129 89.051153 -0.582721 -0.068899 -0.430031 0.686122
1767.000000000 -98.783363 50.830328 88.648730 -0.590578 -0.075473 -0.423032 0.683055
1767.200000000 -98.901155 50.590210 88.294727 -0.580375 -0.052611 -0.440679 0.682788
1767.300000000 -98.922439 50.385176 88.084553 -0.577162 -0.052895 -0.439953 0.685950
1768.100000000 -99.188658 50.384502 87.922164 -0.629919 -0.042363 -0.426060 0.647982
1768.300000000 -99.289819 50.480571 87.798239 -0.628487 -0.039771 -0.429939 0.646973
1768.700000000 -99.284585 50.557128 87.430893 -0.627184 -0.032858 -0.434381 0.645658
1768.800000000 -99.372165 50.645698 87.397098 -0.628909 -0.038356 -0.428197 0.647804
1769.400000000 -99.967423 50.449679 87.070900 -0.623881 -0.042754 -0.436489 0.646856
1769.800000000 -99.938858 50.707842 86.761426 -0.615037 -0.029511 -0.451247 0.645937
1770.000000000 -99.867575 50.650694 86.328107 -0.617409 -0.025410 -0.450870 0.644110
1770.200000000 -100.059882 50.673315 86.309074 -0.615445 -0.022952 -0.453056 0.644547
1770.900000000 -100.073074 50.866104 85.900604 -0.622226 -0.024464 -0.446067 0.642853
1771.500000000 -99.917425 51.417717 85.680488 -0.620224 -0.013270 -0.453146 0.640160
1771.800000000 -99.999225 51.413568 85.581487 -0.623474 -0.013711 -0.450956 0.638538
1772.000000000 -99.907270 51.535261 85.480874 -0.622476 -0.013123 -0.450341 0.639957
1772.100000000 -99.926127 51.564290 85.500116 -0.622149 -0.014611 -0.449923 0.640536
1772.400000000 -99.814073 51.141782 85.007708 -0.582337 -0.046752 -0.441831 0.680796
1772.500000000 -99.795516 51.057119 84.905951 -0.580580 -0.047444 -0.441313 0.682583
1772.600000000 -99.831390 51.144609 84.942754 -0.544290 -0.062297 -0.442216 0.710149
1772.700000000 -99.880155 51.160176 85.178454 -0.657027 -0.023727 -0.425910 0.621574
1773.000000000 -100.076462 51.606938 85.680248 -0.677766 -0.019970 -0.415135 0.606545
1773.100000000 -100.114336 51.641694 85.788127 -0.678199 -0.021885 -0.413929 0.606819
1773.600000000 -99.842333 51.875147 85.759344 -0.685834 -0.023965 -0.408887 0.601555
1774.000000000 -100.008925 52.138297 86.233603 -0.685998 -0.026950 -0.408304 0.601638
1774.400000000 -100.142064 52.487323 86.933700 -0.696210 -0.042617 -0.390884 0.600571
1774.600000000 -100.234500 52.628697 87.234288 -0.696140 -0.045040 -0.389082 0.601644
1774.700000000 -100.228181 52.714889 87.330598 -0.695327 -0.043867 -0.390670 0.601642
1774.900000000 -100.014467 52.853876 87.288746 -0.695428 -0.043094 -0.390575 0.601643
1775.000000000 -99.943430 52.871538 87.305316 -0.697997 -0.045399 -0.387587 0.600429
1775.300000000 -99.118267 53.168467 86.752810 -0.642061 -0.051803 -0.416112 0.641814
1775.400000000 -99.078757 53.312034 86.848400 -0.641278 -0.048204 -0.419469 0.640691
1775.500000000 -99.094590 53.315119 86.854330 -0.636168 -0.036873 -0.428508 0.640556
1775.600000000 -98.978934 53.370803 86.878900 -0.639255 -0.043438 -0.423015 0.640722
1775.700000000 -98.855641 53.521462 86.958573 -0.641421 -0.043406 -0.423151 0.638466
1776.000000000 -97.444247 54.671428 86.796832 -0.596203 -0.085512 -0.417526 0.680369
1776.100000000 -97.115509 54.750153 86.607115 -0.597512 -0.088688 -0.415248 0.680208
1776.200000000 -96.989669 54.788344 86.563069 -0.594564 -0.092906 -0.412768 0.683728
1776.300000000 -96.797695 54.953614 86.556994 -0.588919 -0.089704 -0.416836 0.686568
1776.400000000 -96.726971 55.068560 86.618434 -0.594976 -0.089490 -0.415282 0.682302
1776.500000000 -96.817961 55.107577 86.814138 -0.598134 -0.090771 -0.413714 0.680321
1776.600000000 -96.892882 55.135298 86.961772 -0.599482 -0.092841 -0.411398 0.680261
1777.000000000 -96.347020 55.383311 86.858586 -0.593546 -0.095769 -0.411107 0.685216
1777.100000000 -96.137427 55.533527 86.828440 -0.593894 -0.090679 -0.415004 0.683256
1777.200000000 -96.166811 55.633612 86.986923 -0.595292 -0.091021 -0.414468 0.682318
1777.600000000 -95.797195 55.983510 87.102748 -0.596215 -0.091513 -0.413955 0.681758
1777.700000000 -95.806448 56.073161 87.230215 -0.595628 -0.093278 -0.412897 0.682673
1777.900000000 -95.609259 56.232070 87.264984 -0.594091 -0.095040 -0.412505 0.684005
1778.000000000 -95.472941 56.328690 87.281441 -0.591504 -0.090857 -0.416222 0.684563
1778.200000000 -95.383557 56.508254 87.404194 -0.598530 -0.089966 -0.414721 0.679466
1778.400000000 -95.386821 56.639195 87.609646 -0.597823 -0.089011 -0.415558 0.679703
1778.500000000 -95.296233 56.792631 87.677873 -0.598852 -0.088255 -0.415921 0.678673
1778.700000000 -95.237907 56.950000 87.822997 -0.600035 -0.086440 -0.416783 0.677332
1778.800000000 -95.205754 56.941732 87.834876 -0.597295 -0.086524 -0.417715 0.679165
1778.900000000 -95.201474 56.952339 87.865785 -0.598064 -0.086947 -0.417213 0.678744
1779.000000000 -95.006014 57.218976 87.899424 -0.597197 -0.086902 -0.417756 0.679179
1779.100000000 -94.834334 57.407595 87.890677 -0.595117 -0.087675 -0.417979 0.680766
1779.200000000 -94.763825 57.496379 87.909292 -0.593924 -0.089568 -0.417851 0.681639
1780.300000000 -94.373212 58.207368 88.007352 -0.594334 -0.094332 -0.417381 0.680927
1780.400000000 -94.361870 58.361770 88.082875 -0.584452 -0.097877 -0.417119 0.689092
1780.500000000 -94.303800 58.240692 87.893745 -0.588618 -0.090406 -0.420096 0.684744
1780.700000000 -94.857728 57.926853 88.185605 -0.612066 -0.061752 -0.430344 0.660580
1781.100000000 -94.814318 58.558611 88.413326 -0.707493 0.012636 -0.441002 0.552097
1781.300000000 -94.782437 58.812391 88.400517 -0.710377 0.013295 -0.440451 0.548809
1781.400000000 -94.435613 58.883624 88.000401 -0.705064 0.009335 -0.440881 0.555357
1781.600000000 -94.501595 58.989966 87.922230 -0.709219 0.010339 -0.439499 0.551128
1782.400000000 -94.713491 59.464642 87.281389 0.830870 -0.100357 0.415307 -0.356516
1782.500000000 -94.434622 59.028391 86.542568 0.847210 -0.121905 0.411451 -0.313182
1782.600000000 -94.282666 58.596633 85.910449 0.855773 -0.132124 0.407483 -0.290093
1782.800000000 -94.338830 57.462560 84.810500 0.876950 -0.163947 0.394281 -0.220507
1783.200000000 -93.249161 57.968962 83.595447 0.891175 -0.197414 0.382789 -0.142506
1783.400000000 -92.999209 58.516960 83.443292 0.896076 -0.211059 0.374891 -0.109353
1783.500000000 -93.041561 58.581052 83.395477 0.896356 -0.211062 0.374330 -0.108974
1783.700000000 -93.256910 58.627922 83.361233 0.897603 -0.215582 0.371769 -0.098089
1783.900000000 -93.167647 58.671817 83.015233 0.898830 -0.218430 0.369239 -0.089749
1784.200000000 -93.252920 58.850768 82.813910 0.899970 -0.225796 0.366072 -0.071144
1784.400000000 -93.412143 58.889869 82.726880 0.899093 -0.219156 0.368910 -0.086642
1784.500000000 -93.373926 58.854219 82.536589 0.899131 -0.220933 0.368754 -0.082297
1784.700000000 -93.366528 58.992592 82.352306 0.901026 -0.229192 0.362951 -0.062376
1784.800000000 -93.450146 59.019868 82.327270 0.900961 -0.228549 0.363337 -0.063408
1784.900000000 -93.412481 59.080004 82.209443 0.900780 -0.228266 0.363837 -0.064128
1785.400000000 -93.166123 59.567977 81.698391 0.904157 -0.250228 0.346233 -0.002938
1785.500000000 -93.174997 59.570773 81.613361 0.903830 -0.249766 0.347407 -0.004109
1785.600000000 -93.230459 59.555318 81.557059 0.903783 -0.249651 0.347610 -0.004278
1785.700000000 -93.240529 59.564573 81.460996 0.904028 -0.248987 0.347417 -0.006310
1785.800000000 -93.102290 59.590084 81.237907 0.904106 -0.250921 0.345878 -0.000323
1786.200000000 -93.046697 59.588966 80.811867 0.904530 -0.249695 0.345634 -0.003887
1786.300000000 -93.022616 59.587746 80.702087 0.904613 -0.248907 0.345960 -0.005660
1786.400000000 -92.958980 59.584813 80.551587 0.904908 -0.248586 0.345412 -0.006060
1786.500000000 -92.883570 59.587682 80.393890 0.905115 -0.249076 0.344541 -0.004538
1787.200000000 -92.846485 59.579722 79.852531 0.908251 -0.250505 0.335145 0.002208
1787.900000000 -92.643648 59.539925 79.254109 0.912364 -0.249230 0.324764 0.002040
1788.100000000 -92.599641 59.536894 79.124230 0.913923 -0.249741 0.319928 0.004480
1788.300000000 -92.413748 59.466170 78.820293 0.915185 -0.247039 0.318442 -0.001381
1788.800000000 -92.244664 59.319517 78.460497 0.916695 -0.247429 0.313761 0.001674
1788.900000000 -92.159694 59.331128 78.375733 0.917379 -0.248995 0.310435 0.006881
1789.500000000 -91.801806 59.416522 78.213417 0.914678 -0.263325 0.302593 0.049610
1789.600000000 -91.738975 59.348707 78.118384 0.915704 -0.262326 0.300725 0.047282
1789.700000000 -91.697418 59.310596 78.047335 0.916133 -0.262421 0.299167 0.048311
1790.000000000 -91.447578 59.096037 77.761764 0.916859 -0.260109 0.299942 0.041810
1790.500000000 -90.920573 58.768649 77.387667 0.915345 -0.260067 0.304044 0.045458
1790.700000000 -90.729490 58.657262 77.258587 0.916529 -0.259423 0.301631 0.041147
1790.800000000 -90.598775 58.581302 77.201023 0.916490 -0.259514 0.301274 0.043964
1791.000000000 -90.317598 58.362500 77.069365 0.916304 -0.257893 0.303706 0.040504
1791.400000000 -89.811062 57.989492 76.818195 0.917690 -0.253410 0.304539 0.029722
1792.100000000 -88.776476 57.422656 76.517353 0.918398 -0.249807 0.305991 0.022615
1792.200000000 -88.613130 57.327042 76.456940 0.918237 -0.250104 0.306151 0.023662
1792.300000000 -88.429273 57.258805 76.399398 0.917401 -0.250787 0.307975 0.025132
1792.500000000 -88.054028 57.063730 76.295689 0.916240 -0.250395 0.311655 0.026028
1792.700000000 -87.781514 56.862166 76.251700 0.916642 -0.247375 0.313321 0.020067
1792.800000000 -87.696962 56.809691 76.249459 0.918467 -0.246638 0.308748 0.016237
1792.900000000 -87.440997 56.702759 76.212115 0.916399 -0.246322 0.314952 0.018524
1793.200000000 -86.964916 56.519659 76.056576 0.917396 -0.248793 0.309874 0.021559
1793.300000000 -86.840313 56.430152 76.025392 0.918245 -0.247184 0.308813 0.019000
1793.500000000 -86.524122 56.262886 75.956671 0.917303 -0.246159 0.312622 0.015126
1793.600000000 -86.415182 56.204918 75.910365 0.919531 -0.246124 0.306032 0.015180
1793.700000000 -86.114845 56.075613 75.864530 0.914247 -0.246394 0.321123 0.017963
1793.800000000 -85.936475 55.974693 75.812268 0.911674 -0.246044 0.328740 0.015596
1794.300000000 -85.029823 55.623762 75.644366 0.904381 -0.248550 0.346198 0.021558
1794.400000000 -84.887466 55.492798 75.655706 0.901314 -0.249022 0.353627 0.023838
1794.500000000 -84.732924 55.456240 75.609425 0.901456 -0.249615 0.352630 0.026864
1794.600000000 -84.526729 55.355434 75.582094 0.897942 -0.248498 0.362179 0.027835
1794.700000000 -84.393554 55.310242 75.498421 0.899329 -0.249472 0.358065 0.027564
1794.800000000 -84.249348 55.223312 75.461575 0.897519 -0.247920 0.363784 0.025631
1794.900000000 -84.145934 55.201710 75.399977 0.900115 -0.249624 0.355905 0.028507
1795.000000000 -83.906793 55.088993 75.315306 0.897822 -0.246509 0.363873 0.027315
1795.300000000 -83.546795 54.945303 75.071004 0.900891 -0.246646 0.356326 0.024372
1795.500000000 -83.276253 54.837558 74.914171 0.898622 -0.245065 0.363039 0.024995
1795.600000000 -83.126310 54.774594 74.826658 0.897036 -0.241986 0.369422 0.017231
1795.700000000 -82.956585 54.742168 74.714732 0.895478 -0.239656 0.374876 0.012312
1796.000000000 -82.817420 54.658888 74.575636 0.898173 -0.244182 0.365019 0.020552
1796.700000000 -82.098591 54.473211 73.959416 0.893542 -0.241031 0.378511 0.014712
1796.900000000 -81.967656 54.426375 73.800301 0.893090 -0.242094 0.378862 0.015617
1797.500000000 -81.830698 54.413143 73.436542 0.893884 -0.243586 0.375833 0.019671
1797.700000000 -81.856937 54.442625 73.403357 0.892864 -0.247229 0.375222 0.029647
1797.900000000 -81.943760 54.081741 73.164173 0.892484 -0.244669 0.378280 0.022653
1798.000000000 -81.840258 54.438358 73.193807 0.894268 -0.246689 0.372471 0.026355
1798.400000000 -81.862842 54.414184 72.868463 0.893648 -0.242361 0.377204 0.019254
1798.500000000 -81.916615 54.315741 72.718540 0.894037 -0.240416 0.377667 0.016276
1798.800000000 -81.995854 54.554356 72.497491 0.899573 -0.240432 0.364367 0.014035
1799.000000000 -82.098178 54.613955 72.416933 0.898770 -0.240953 0.365804 0.018490
1799.300000000 -82.255698 54.645710 72.195991 0.895769 -0.241608 0.372493 0.021736
1799.700000000 -82.441288 54.746828 71.922380 0.894588 -0.243536 0.373623 0.028429
1800.000000000 -82.597346 54.804313 71.743725 0.892754 -0.242214 0.378460 0.033038
1800.200000000 -82.702862 54.930510 71.513962 0.896820 -0.242618 0.368911 0.027465
1800.300000000 -82.756718 54.767825 71.315308 0.896234 -0.239449 0.372842 0.020422
1800.600000000 -82.521255 55.053667 70.859239 0.894638 -0.242092 0.374409 0.028844
1800.700000000 -82.641182 54.998567 70.752349 0.895581 -0.241551 0.372797 0.024712
1800.800000000 -82.732353 55.082606 70.725003 0.896451 -0.242409 0.369985 0.026912
1801.000000000 -82.845744 55.190038 70.549273 0.898111 -0.244496 0.364331 0.029687
1801.300000000 -82.940601 55.184981 70.218210 0.896201 -0.243742 0.369393 0.031022
1801.500000000 -83.026374 55.247150 70.008458 0.897013 -0.243823 0.367439 0.030100
1801.700000000 -82.938571 55.384919 69.724558 0.896405 -0.243752 0.368935 0.030493
1802.200000000 -83.138890 55.480750 69.173828 0.897998 -0.245662 0.363560 0.032765
1802.400000000 -83.073149 55.525459 68.919469 0.896402 -0.245436 0.367466 0.034549
1802.500000000 -83.079925 55.628661 68.838096 0.897217 -0.247040 0.364235 0.036149
1802.600000000 -83.125478 55.585933 68.752038 0.896596 -0.246459 0.366205 0.035590
1802.700000000 -83.224908 55.615371 68.715197 0.897187 -0.246418 0.364846 0.034950
1802.800000000 -83.277063 55.590810 68.618658 0.897337 -0.246195 0.364741 0.033740
1802.900000000 -83.270456 55.635660 68.504575 0.897210 -0.245841 0.365258 0.034111
1803.000000000 -83.207572 55.621282 68.342955 0.896465 -0.245725 0.367218 0.033489
1803.100000000 -83.230274 55.620929 68.252820 0.896189 -0.245699 0.367855 0.034046
1803.300000000 -83.293699 55.675556 68.110472 0.896945 -0.247309 0.364696 0.036398
1803.400000000 -83.232643 55.682288 67.977002 0.896292 -0.247687 0.365925 0.037555
1803.500000000 -83.201347 55.723614 67.858305 0.896501 -0.248853 0.364366 0.039959
1803.600000000 -83.157497 55.816894 67.790659 0.896400 -0.250181 0.363437 0.042298
1803.800000000 -83.116198 55.826546 67.586232 0.896078 -0.251345 0.363162 0.044542
1803.900000000 -83.225926 55.797785 67.553068 0.896300 -0.249889 0.364022 0.041104
1804.600000000 -83.029925 55.778210 66.903694 0.896281 -0.251663 0.362845 0.041113
1805.400000000 -82.645592 55.726402 66.189341 0.895762 -0.254935 0.361511 0.043909
1805.500000000 -82.731543 55.684500 66.230360 0.895780 -0.254757 0.361824 0.041959
1805.600000000 -82.690639 55.713284 66.137260 0.897161 -0.255857 0.357707 0.041047
1805.700000000 -82.579671 55.701093 66.030968 0.895841 -0.256440 0.359914 0.046572
1805.900000000 -82.356427 55.667182 65.772675 0.896352 -0.258225 0.357189 0.047837
1806.200000000 -82.156328 55.572800 65.527969 0.895679 -0.258094 0.359241 0.045740
1806.300000000 -82.047273 55.547745 65.410949 0.895424 -0.258137 0.359986 0.044623
1806.500000000 -81.952312 55.480691 65.374387 0.893896 -0.259586 0.362226 0.048549
1806.700000000 -81.884273 55.398425 65.282297 0.893640 -0.258658 0.363996 0.044832
1807.200000000 -81.326181 55.226946 64.821609 0.892382 -0.262936 0.363309 0.050250
1807.400000000 -81.123548 55.061604 64.678844 0.889547 -0.264325 0.368903 0.052431
1807.500000000 -80.924525 55.019372 64.514353 0.889989 -0.263878 0.368432 0.050451
1807.900000000 -80.547508 55.265078 64.604589 0.888388 -0.271934 0.363680 0.067499
1808.100000000 -80.216956 54.738506 64.197573 0.884963 -0.267001 0.377471 0.055384
1808.200000000 -80.094934 54.700355 64.092173 0.885237 -0.268127 0.375941 0.055961
1808.300000000 -79.996703 54.612395 64.021748 0.885267 -0.268457 0.375734 0.055291
1808.400000000 -79.824637 54.585731 63.915238 0.885037 -0.267998 0.376835 0.053682
1809.100000000 -78.533624 55.405841 64.116761 0.884725 -0.270245 0.375932 0.053893
1809.200000000 -78.323000 55.286666 64.069741 0.883245 -0.270481 0.378982 0.055594
1809.600000000 -77.626012 54.990616 63.907269 0.880357 -0.272398 0.383831 0.058696
1809.800000000 -77.325377 54.847236 63.821236 0.879957 -0.272656 0.384946 0.056133
1809.900000000 -77.122579 54.712729 63.774041 0.878467 -0.273214 0.387503 0.059087
1810.000000000 -76.953891 54.542959 63.698679 0.876901 -0.274322 0.389948 0.061092
1810.600000000 -76.337663 53.080389 62.964965 0.873287 -0.276778 0.397509 0.052448
1810.800000000 -75.997614 52.920397 62.903645 0.871816 -0.279636 0.397903 0.058432
1810.900000000 -75.808435 52.805558 62.880300 0.868851 -0.278805 0.405355 0.055261
1811.100000000 -75.501423 52.667731 62.783365 0.868458 -0.281246 0.404142 0.057888
1811.300000000 -75.264832 52.524408 62.724651 0.869891 -0.281799 0.400908 0.056143
1811.400000000 -75.141683 52.403405 62.682799 0.867837 -0.282128 0.405311 0.054640
1811.500000000 -74.995254 52.333564 62.670352 0.868589 -0.281144 0.404753 0.051834
1811.600000000 -74.898714 52.211054 62.625403 0.868137 -0.281607 0.405597 0.050272
1812.100000000 -74.222972 51.889932 62.461318 0.867192 -0.285396 0.404750 0.051999
1812.400000000 -73.908705 51.595857 62.360584 0.866405 -0.284859 0.407466 0.046579
1812.500000000 -73.747952 51.585899 62.299549 0.866697 -0.286725 0.405046 0.050626
1812.700000000 -73.522750 51.472647 62.215194 0.866997 -0.287163 0.404214 0.049647
1812.800000000 -73.423819 51.378278 62.173989 0.866137 -0.287017 0.406415 0.047487
1812.900000000 -73.322810 51.361118 62.135707 0.868127 -0.287255 0.402104 0.046397
1813.100000000 -73.031482 51.246581 61.945619 0.868223 -0.290351 0.399030 0.051584
1813.200000000 -72.989355 51.202552 61.947444 0.869113 -0.290612 0.396907 0.051492
1813.400000000 -72.784870 51.110238 61.839142 0.871946 -0.291242 0.390811 0.046422
1813.500000000 -72.738995 51.037796 61.790313 0.872394 -0.294219 0.387237 0.049106
1813.600000000 -72.742038 50.992920 61.786125 0.875460 -0.295912 0.378535 0.052123
1813.700000000 -72.638025 50.959075 61.703916 0.875355 -0.295615 0.379588 0.047732
1813.800000000 -72.601684 50.915824 61.664752 0.874313 -0.297532 0.380287 0.049319
1814.100000000 -72.434955 50.778598 61.508249 0.862409 -0.306064 0.399235 0.056453
1814.400000000 -72.391279 50.611424 61.394032 0.858932 -0.312642 0.399488 0.070000
1814.500000000 -72.319845 50.584135 61.331528 0.857810 -0.313077 0.401583 0.069824
1814.600000000 -72.257624 50.571397 61.239819 0.858574 -0.313638 0.399695 0.068746
1814.800000000 -72.116808 50.538106 61.050717 0.857498 -0.315325 0.401403 0.064371
1814.900000000 -72.016240 50.554048 60.937352 0.857638 -0.315707 0.401153 0.062151
1815.000000000 -71.946226 50.536169 60.837148 0.857637 -0.315745 0.401175 0.061824
1815.100000000 -71.913043 50.492948 60.786006 0.857142 -0.315772 0.401923 0.063664
1815.600000000 -73.099477 50.226323 61.839540 0.863106 -0.307350 0.396394 0.058781
1815.800000000 -72.954308 50.157221 61.655050 0.863070 -0.306021 0.397315 0.060017
1815.900000000 -72.961839 50.148792 61.609606 0.860204 -0.307656 0.401943 0.061960
1816.000000000 -72.944420 50.140401 61.554328 0.860900 -0.307354 0.400631 0.062286
1816.100000000 -72.937038 50.154662 61.450671 0.859367 -0.308914 0.402634 0.062814
1816.400000000 -72.941089 50.173659 61.222628 0.861716 -0.309174 0.397455 0.062347
1816.700000000 -72.885153 50.184712 60.932695 0.860412 -0.310470 0.399265 0.062349
1817.300000000 -72.826682 50.215666 60.432580 0.862698 -0.309528 0.394629 0.064904
1817.500000000 -72.853607 50.282179 60.227482 0.863170 -0.309940 0.393631 0.062679
1817.600000000 -72.852291 50.260130 60.179110 0.859768 -0.310090 0.400271 0.066528
1817.700000000 -72.892100 50.270505 60.128737 0.857683 -0.310649 0.403987 0.068354
1817.800000000 -72.870611 50.278419 60.013685 0.856884 -0.309499 0.406499 0.068698
1818.000000000 -72.872772 50.357826 59.757311 0.858926 -0.309118 0.403004 0.065426
1818.500000000 -73.663089 50.256256 60.160550 0.848479 -0.309931 0.423969 0.065395
1819.700000000 -75.015134 50.388402 60.111693 0.852420 -0.308345 0.417843 0.060924
1819.800000000 -75.024531 50.381568 60.041934 0.851031 -0.309017 0.419992 0.062143
1820.000000000 -74.896607 50.486391 59.633317 0.856097 -0.308577 0.410622 0.057163
1820.500000000 -74.964542 50.564898 59.123217 0.858309 -0.309785 0.404678 0.059786
1820.700000000 -74.999599 50.622741 58.881333 0.860973 -0.309584 0.399640 0.056307
1821.200000000 -74.972838 50.735810 58.240024 0.865612 -0.309256 0.390046 0.054229
1821.300000000 -75.017362 50.772657 58.155253 0.866229 -0.309763 0.388263 0.054284
1821.400000000 -75.006178 50.755423 58.056940 0.864734 -0.309928 0.391090 0.056814
1821.500000000 -74.967647 50.789886 57.885549 0.865476 -0.310257 0.389017 0.057941
1821.700000000 -74.910189 50.847341 57.608344 0.865796 -0.311432 0.387202 0.059006
1822.200000000 -74.775701 50.932767 56.899902 0.867400 -0.310243 0.384405 0.059989
1822.400000000 -74.802781 51.001709 56.658452 0.869770 -0.309896 0.379735 0.057154
1822.600000000 -74.601347 50.913493 56.325652 0.864397 -0.308759 0.391571 0.064479
1822.700000000 -74.577309 50.932810 56.183446 0.864859 -0.308562 0.390925 0.063139
1822.900000000 -74.662369 51.116450 55.948573 0.871135 -0.310958 0.375310 0.059761
1823.400000000 -74.285461 50.828256 55.206911 0.860717 -0.302944 0.404791 0.059455
1823.900000000 -74.099010 50.960205 54.537306 0.863414 -0.306138 0.395614 0.065466
1824.100000000 -74.140491 51.046038 54.302308 0.866932 -0.306888 0.387685 0.062850
1824.600000000 -73.869051 50.872378 53.712607 0.864868 -0.298406 0.401067 0.045847
1824.700000000 -73.957206 51.057177 53.616471 0.870098 -0.303417 0.385020 0.051256
1825.000000000 -73.646968 50.897736 53.155924 0.865392 -0.302281 0.394977 0.060957
1825.100000000 -73.649965 50.940673 53.055681 0.867345 -0.302284 0.390979 0.058924
1825.500000000 -73.611395 50.715568 52.838214 0.866020 -0.285932 0.409858 0.016378
1825.700000000 -73.518021 50.873220 52.504126 0.871363 -0.295457 0.389896 0.037595
1825.800000000 -73.531778 50.879575 52.396277 0.873167 -0.296160 0.385265 0.037935
1825.900000000 -73.556359 50.876656 52.349767 0.873904 -0.295951 0.383861 0.036836
1826.100000000 -73.381406 50.673685 52.182237 0.868907 -0.286026 0.403383 0.021734
1826.200000000 -73.370265 50.693284 52.074329 0.871148 -0.285547 0.399015 0.018764
1826.400000000 -73.169409 50.785094 51.801481 0.873403 -0.296941 0.383451 0.044259
1826.500000000 -73.249321 50.759679 51.777249 0.875673 -0.289521 0.385746 0.023956
1826.700000000 -73.222351 50.769536 51.622244 0.877599 -0.289468 0.381497 0.022094
1826.800000000 -73.273671 50.751248 51.604976 0.878615 -0.289383 0.379285 0.020884
1827.200000000 -72.860554 50.598761 51.108871 0.877556 -0.295535 0.375259 0.041666
1827.400000000 -72.804387 50.591221 51.017755 0.879848 -0.289873 0.375793 0.024905
1827.500000000 -72.666567 50.621174 50.880278 0.881294 -0.289013 0.373226 0.022239
1827.700000000 -72.581265 50.534644 50.758956 0.882164 -0.288303 0.371812 0.020572
1827.800000000 -72.560348 50.479145 50.691765 0.883041 -0.288366 0.369655 0.020948
1827.900000000 -72.476351 50.508230 50.673702 0.882205 -0.291187 0.368949 0.028305
1828.000000000 -72.376949 50.455809 50.555376 0.882750 -0.291032 0.367731 0.028739
1828.500000000 -71.673423 50.097658 50.010217 0.879189 -0.286344 0.379755 0.028621
1828.700000000 -71.677039 50.155049 50.022985 0.882265 -0.292545 0.366673 0.039699
1828.800000000 -71.665764 50.135161 49.997553 0.883710 -0.292482 0.363440 0.037719
1829.500000000 -70.228201 50.100698 49.526359 0.874734 -0.281898 0.393237 0.027165
1829.800000000 -70.179049 50.138852 49.559358 0.878839 -0.288070 0.378695 0.035323
1829.900000000 -70.244418 50.146190 49.575876 0.882163 -0.289108 0.370247 0.033489
1830.000000000 -70.167441 50.146568 49.560215 0.882163 -0.291494 0.367882 0.038507
1830.100000000 -69.990287 50.099582 49.497514 0.880334 -0.292076 0.371339 0.042557
1830.400000000 -69.719033 49.946896 49.359846 0.880867 -0.291280 0.370783 0.041831
1830.600000000 -69.515144 49.850565 49.243302 0.880768 -0.292250 0.369898 0.044866
1831.100000000 -68.517453 50.320695 49.277400 0.874445 -0.293445 0.382458 0.054430
1831.200000000 -68.423815 50.282045 49.218505 0.874742 -0.292989 0.382274 0.053398
1831.300000000 -68.373075 50.202982 49.160773 0.874258 -0.297845 0.377733 0.065412
1831.400000000 -68.290468 50.150240 49.089672 0.875074 -0.296367 0.377769 0.060842
1831.600000000 -68.033954 50.020006 48.933466 0.874485 -0.293533 0.382134 0.055572
1832.300000000 -66.813457 50.059934 48.787203 0.860012 -0.263768 0.436695 0.010121
1832.400000000 -66.695401 50.021104 48.718485 0.859791 -0.264671 0.436508 0.013015
1832.700000000 -66.401206 49.998883 48.530997 0.860589 -0.269679 0.431354 0.024383
1833.100000000 -66.025817 49.939912 48.263585 0.861964 -0.274045 0.425253 0.032831
1833.200000000 -65.911598 49.898675 48.189448 0.861320 -0.274068 0.426501 0.033343
1833.400000000 -65.740801 49.831849 48.067097 0.860941 -0.274153 0.427169 0.033869
1833.500000000 -65.653380 49.787595 47.995397 0.860830 -0.274042 0.427469 0.033803
1833.600000000 -65.560693 49.735228 47.923197 0.860441 -0.273985 0.428284 0.033871
1833.800000000 -65.321411 49.707311 47.783533 0.859782 -0.276867 0.427182 0.040427
1833.900000000 -65.284754 49.619979 47.725293 0.859547 -0.277174 0.427382 0.041214
1834.000000000 -65.208257 49.569298 47.659996 0.859325 -0.276913 0.428002 0.041158
1834.500000000 -66.550028 50.592114 48.995663 0.868196 -0.266445 0.418243 0.017769
1834.600000000 -66.630022 50.549162 49.012087 0.868779 -0.265921 0.417392 0.017110
1834.800000000 -66.648473 50.441507 48.937136 0.869100 -0.264799 0.417516 0.015081
1835.000000000 -66.436716 50.327023 48.692377 0.868763 -0.267446 0.416212 0.022155
1835.100000000 -66.530446 50.266899 48.714877 0.869241 -0.266777 0.415678 0.021501
1836.100000000 -68.317802 50.452020 50.389966 0.868356 -0.272921 0.411291 0.048085
1836.300000000 -68.368558 50.285086 50.319451 0.868062 -0.268227 0.416014 0.038147
1836.500000000 -68.116072 49.842360 49.638628 0.870406 -0.267771 0.411565 0.036134
1836.600000000 -67.983915 49.684008 49.284835 0.872323 -0.265934 0.409030 0.032039
1836.700000000 -67.949750 49.586297 49.154014 0.872376 -0.265253 0.409457 0.030764
1836.900000000 -67.873694 49.452788 48.914344 0.873473 -0.263803 0.408296 0.027332
1837.000000000 -67.876339 49.396613 48.823611 0.874021 -0.263530 0.407309 0.027168
1837.100000000 -67.902904 49.391846 48.781115 0.875219 -0.265415 0.403333 0.029488
1837.700000000 -67.751176 50.194671 48.984955 0.875095 -0.292188 0.374288 0.093499
1837.900000000 -67.521757 49.982387 48.615193 0.876070 -0.272309 0.394648 0.051017
1838.000000000 -67.471352 49.861255 48.486972 0.875884 -0.267554 0.399511 0.040419
1838.100000000 -67.512292 49.983051 48.536806 0.875554 -0.288189 0.378348 0.084881
1838.200000000 -67.122116 50.115039 48.291536 0.875974 -0.277788 0.389455 0.061870
1838.300000000 -67.307363 50.028241 48.323702 0.877458 -0.273696 0.390332 0.052897
1839.000000000 -67.998748 50.195289 48.645182 0.882257 -0.293682 0.354614 0.098095
1839.200000000 -67.798980 50.073723 48.347957 0.884185 -0.297044 0.348642 0.091815
1839.300000000 -67.662500 49.960289 48.217997 0.882339 -0.297117 0.353123 0.092217
1839.500000000 -67.568960 49.958883 48.159094 0.880938 -0.300218 0.352756 0.096859
1839.700000000 -67.338187 49.755550 47.950420 0.878074 -0.300386 0.359424 0.097822
1839.800000000 -67.222005 49.646705 47.856959 0.876733 -0.300644 0.362345 0.098280
1839.900000000 -67.139910 49.647860 47.804767 0.876494 -0.301448 0.361817 0.099878
1840.000000000 -67.046728 49.618255 47.764055 0.875887 -0.302730 0.361962 0.100791
1840.100000000 -66.936587 49.510303 47.689856 0.874469 -0.302898 0.365055 0.101451
1840.200000000 -66.842282 49.418675 47.641045 0.873165 -0.303205 0.367618 0.102508
1840.800000000 -67.694813 49.430104 49.859103 0.856880 -0.302639 0.391865 0.143555
1841.000000000 -68.733901 50.396796 50.856888 0.784495 -0.325225 0.518772 0.098348
1841.100000000 -68.422134 49.449504 49.584533 0.880350 -0.276629 0.385286 -0.003937
1841.200000000 -69.612210 49.107985 50.252860 0.883366 -0.287436 0.369529 0.022218
1841.500000000 -71.047864 47.916533 51.068431 0.875865 -0.310227 0.356983 0.095823
1841.700000000 -70.857693 47.774495 50.937589 0.875297 -0.308039 0.360393 0.095314
1842.000000000 -70.557266 47.150429 50.295691 0.880239 -0.298165 0.363643 0.063564
1842.100000000 -70.515872 47.017527 50.290942 0.878917 -0.298986 0.365429 0.067631
1842.200000000 -70.503132 46.917979 50.284793 0.879048 -0.298372 0.365848 0.066358
1842.300000000 -70.469064 46.739434 50.175190 0.880995 -0.291758 0.369079 0.050060
1842.400000000 -70.364264 46.715682 50.146887 0.880883 -0.292730 0.368145 0.053137
1842.500000000 -70.384186 46.691402 50.194116 0.880776 -0.296525 0.363985 0.061825
1842.600000000 -70.323956 46.633961 50.198255 0.880474 -0.296774 0.363935 0.065131
1842.700000000 -70.195069 46.487528 50.091560 0.880097 -0.294607 0.367208 0.061593
1842.800000000 -70.001929 46.391237 50.005714 0.879003 -0.291368 0.373292 0.055783
1842.900000000 -69.872224 46.416105 49.976903 0.878729 -0.293048 0.371794 0.061049
1843.100000000 -70.516047 46.187049 50.635475 0.878302 -0.261448 0.400052 -0.013778
1843.200000000 -70.632071 46.247660 50.865583 0.878024 -0.268131 0.396447 0.003124
1843.300000000 -70.577600 46.337990 50.989284 0.877627 -0.273095 0.393552 0.017506
1843.400000000 -70.650583 46.261979 51.090215 0.878141 -0.273726 0.391909 0.018715
1843.500000000 -70.981441 46.082544 51.275930 0.879992 -0.272799 0.388473 0.016819
1843.700000000 -71.353373 45.900207 51.610769 0.881271 -0.269219 0.388333 0.008969
1843.800000000 -71.512057 45.816451 51.768274 0.881925 -0.269895 0.386293 0.011992
1843.900000000 -71.428511 45.732120 51.736417 0.881455 -0.269233 0.387817 0.012217
1844.000000000 -71.353648 45.731781 51.743786 0.882100 -0.272237 0.383949 0.019246
1844.100000000 -71.378579 45.637884 51.779417 0.882246 -0.272262 0.383571 0.019712
1844.200000000 -71.475266 45.541539 51.888581 0.882596 -0.272277 0.382650 0.021631
1844.600000000 -71.413017 45.225321 52.000102 0.881571 -0.277777 0.379337 0.042128
1844.700000000 -71.147072 45.281187 51.932165 0.877693 -0.244619 0.410874 -0.031596
1844.800000000 -70.849349 45.307087 51.782396 0.877310 -0.247306 0.410584 -0.024216
1845.400000000 -70.925267 44.801639 51.952461 0.877123 -0.250551 0.409558 -0.011940
1845.500000000 -70.508183 44.820757 51.725493 0.875734 -0.255281 0.409782 -0.000380
1845.600000000 -70.052994 44.785885 51.455834 0.873376 -0.255168 0.414845 0.002574
1845.900000000 -69.767240 44.750568 51.506204 0.849563 -0.182316 0.474926 -0.139463
1846.000000000 -69.439345 45.001873 51.455632 0.850352 -0.186187 0.474443 -0.130915
1846.100000000 -68.927478 45.206606 51.260903 0.850104 -0.191595 0.475754 -0.119467
1846.200000000 -68.680127 45.210579 51.172090 0.846533 -0.185691 0.481622 -0.130161
1846.300000000 -68.512563 45.316851 51.169809 0.846663 -0.189322 0.482111 -0.122014
1846.400000000 -68.025395 45.372408 51.006189 0.841967 -0.189224 0.490388 -0.121673
1846.500000000 -67.846987 45.357331 50.971413 0.840508 -0.192563 0.493145 -0.115216
1847.100000000 -67.180374 45.273558 51.088764 0.758305 -0.088333 0.580323 -0.283542
1847.900000000 -66.732321 45.150230 50.910070 0.777208 -0.110036 0.569334 -0.244332
1848.400000000 -66.449238 45.710883 51.238925 0.657760 -0.004537 0.600935 -0.454102
1848.600000000 -66.338323 45.721070 51.107059 0.665444 -0.002721 0.595476 -0.450094
1848.700000000 -66.331054 45.690688 51.096932 0.666545 -0.004769 0.595717 -0.448125
1848.900000000 -66.614537 45.198867 50.882102 0.690958 -0.004075 0.584450 -0.425416
1849.000000000 -66.819811 44.850580 50.796897 0.693030 -0.005245 0.585919 -0.419978
1849.100000000 -66.896269 44.699101 50.728982 0.700640 -0.008868 0.584100 -0.409698
1849.200000000 -67.323839 44.110703 50.597751 0.712579 -0.013839 0.581143 -0.392825
1849.600000000 -68.917210 42.518365 50.253647 -0.610765 -0.148382 -0.485966 0.607278
1849.800000000 -69.603171 41.960505 50.294334 0.776770 -0.013097 0.502485 -0.379428
1849.900000000 -70.028797 41.407850 50.248305 0.774977 -0.015415 0.504697 -0.380070
1850.000000000 -70.175508 41.209397 50.225095 0.769864 -0.011880 0.506385 -0.388256
1850.200000000 -70.207254 41.139740 50.159796 0.758405 0.000531 0.507819 -0.408585
1850.500000000 -69.711430 41.695099 50.005909 0.769788 -0.013538 0.508544 -0.385522
1850.800000000 -69.415216 41.945602 49.846782 0.767068 -0.008243 0.508018 -0.391735
1850.900000000 -69.301295 42.006805 49.785442 0.768446 -0.014838 0.511482 -0.384261
1851.000000000 -69.181013 42.122858 49.722065 0.770002 -0.014494 0.510372 -0.382633
1851.100000000 -69.107316 42.199723 49.685103 0.760914 -0.003608 0.511657 -0.399004
1851.200000000 -69.054176 42.250777 49.635616 0.760616 -0.003199 0.511624 -0.399617
1851.700000000 -68.330596 43.524387 49.515598 0.721989 0.064345 0.496662 -0.477409
1851.900000000 -68.037456 43.450580 49.177998 0.761871 0.011817 0.503179 -0.407706
1852.000000000 -68.191898 43.221436 49.138476 0.755658 0.016138 0.505444 -0.416230
1852.100000000 -68.166404 43.265837 49.071782 0.757822 0.022096 0.500533 -0.417952
1852.200000000 -68.085781 43.523912 49.016798 0.757809 0.034435 0.493085 -0.425919
1853.000000000 -66.455643 45.182381 48.757331 0.732084 0.023259 0.518229 -0.441532
1853.100000000 -65.285674 46.362213 48.929298 0.700977 0.020727 0.536946 -0.468925
1853.300000000 -64.578238 47.407577 49.257733 -0.664679 -0.030093 -0.549105 0.505747
1853.400000000 -64.305179 47.709379 49.214205 0.668130 0.017016 0.552601 -0.497940
1853.800000000 -62.761746 47.439836 47.153957 0.891871 -0.236425 0.384855 0.023593
1853.900000000 -62.473955 47.493461 46.860692 0.898046 -0.236322 0.370705 0.015575
1854.000000000 -62.547239 47.455072 46.856393 0.896928 -0.237004 0.372871 0.017765
1854.100000000 -62.560509 47.423579 46.809444 0.897208 -0.236924 0.372186 0.019050
1854.200000000 -62.462875 47.404064 46.677106 0.897466 -0.236602 0.371783 0.018743
1854.900000000 -61.487517 47.271774 45.493124 0.896424 -0.237269 0.374273 0.006831
1855.000000000 -61.363002 47.225652 45.360966 0.892905 -0.237768 0.382283 0.006784
1855.100000000 -61.247626 47.184616 45.237927 0.890137 -0.239070 0.387857 0.008234
1855.200000000 -61.071271 47.142704 45.056760 0.886007 -0.241294 0.395859 0.007997
1855.400000000 -60.838301 47.073520 44.608716 0.890616 -0.272553 0.348917 0.103802
1855.600000000 -60.700580 47.006104 44.477041 0.886456 -0.254783 0.384097 0.041849
1855.700000000 -60.554690 46.937704 44.197267 0.887282 -0.272357 0.359018 0.098274
1856.600000000 -59.880995 47.245051 42.926204 0.910749 -0.272118 0.280026 0.134438
1857.400000000 -60.103551 46.553193 43.040778 0.906311 -0.234324 0.351363 0.015410
1857.500000000 -60.521185 47.220724 44.009358 0.907999 -0.268183 0.299567 0.117791
1857.600000000 -60.078092 46.622624 43.955975 0.888820 -0.263835 0.348630 0.137287
1857.700000000 -61.042632 47.972928 44.717923 0.752912 -0.280810 0.543919 0.241706
1857.800000000 -60.998591 47.871988 44.706600 0.752553 -0.280004 0.545545 0.240089
1857.900000000 -60.958925 47.829814 44.694039 0.752687 -0.279954 0.545727 0.239310
1858.200000000 -60.562008 47.926693 45.014431 0.732396 -0.249697 0.588585 0.234124
1858.300000000 -60.386890 47.892773 44.895566 0.732338 -0.255952 0.583851 0.239347
1858.800000000 -59.897227 48.829567 42.948578 0.654058 -0.051375 0.701828 0.277501
1859.100000000 -59.979239 48.651747 43.032954 0.653431 -0.069716 0.695950 0.289521
1859.200000000 -60.022219 48.618882 43.065542 0.652052 -0.074703 0.694909 0.293852
1859.300000000 -60.056569 48.591590 43.078664 0.653617 -0.077756 0.692528 0.295203
1859.400000000 -60.082932 48.542866 43.105518 0.653825 -0.078976 0.691923 0.295834
1859.500000000 -59.858300 48.421388 43.192534 0.651458 -0.078236 0.694814 0.294474
1859.600000000 -59.865789 48.365141 43.226215 0.650689 -0.079505 0.695208 0.294904
1859.700000000 -59.978127 48.335650 43.244429 0.650919 -0.088095 0.690963 0.301852
1860.100000000 -60.054621 48.361278 43.087220 0.696210 -0.180943 0.668655 0.188288
1860.300000000 -60.033739 48.233118 43.118283 0.696364 -0.181116 0.668450 0.188279
1860.400000000 -59.980759 48.168840 43.122406 0.697448 -0.181007 0.667496 0.187757
1860.600000000 -59.957874 48.033565 43.151531 0.697568 -0.181370 0.667183 0.188073
1860.800000000 -59.981265 47.884056 43.188255 0.697385 -0.182127 0.666951 0.188839
1861.000000000 -60.023920 47.741581 43.232466 0.697146 -0.181419 0.667587 0.188155
1861.100000000 -60.000212 47.668551 43.246596 0.697078 -0.181231 0.667761 0.187970
1861.500000000 -60.222820 47.350370 43.344613 0.697814 -0.183497 0.666682 0.186867
1861.600000000 -60.267217 47.295664 43.369417 0.697628 -0.184732 0.666360 0.187493
1861.700000000 -60.352099 47.165404 43.395079 0.698019 -0.180367 0.668508 0.182577
1861.800000000 -60.106625 47.040713 43.383331 0.699405 -0.181947 0.666469 0.183158
1861.900000000 -60.206164 47.021862 43.394279 0.699381 -0.183775 0.665663 0.184352
1862.100000000 -60.476094 46.924022 43.477820 0.696368 -0.182280 0.669581 0.183048
1862.200000000 -60.639915 46.882619 43.512635 0.695408 -0.183695 0.669821 0.184401
1862.300000000 -60.593223 46.801467 43.518889 0.695157 -0.186599 0.668729 0.186384
1862.400000000 -60.591634 46.718590 43.511638 0.696719 -0.186246 0.667542 0.185155
1862.900000000 -60.838664 46.434825 43.603404 0.696517 -0.179321 0.672324 0.175181
1863.200000000 -61.214289 46.417454 43.677958 0.691794 -0.190935 0.670907 0.186676
1863.400000000 -61.439767 46.396069 43.688960 0.693401 -0.194078 0.668123 0.187460
1864.000000000 -61.451875 45.968525 43.756897 0.692675 -0.184092 0.674709 0.176296
1864.200000000 -60.158236 44.934050 43.710297 0.574189 0.014170 0.806275 0.141513
1864.300000000 -60.265185 44.935792 43.690926 0.572492 0.011454 0.807294 0.142821
1864.400000000 -60.139414 44.943813 43.719996 0.577543 0.014251 0.803439 0.143970
1865.100000000 -59.708989 45.011138 43.864370 0.552060 -0.070691 0.783772 0.275562
1865.500000000 -60.265138 44.497799 43.664789 0.575330 -0.130962 0.746001 0.308751
1866.300000000 -60.658464 44.029008 43.702863 0.685887 -0.333802 0.595818 0.251267
1866.600000000 -59.736180 43.754985 43.536175 0.737204 -0.350719 0.521892 0.247298
1866.700000000 -60.913681 44.240992 43.730575 0.689129 -0.327872 0.598398 0.243971
1866.900000000 -60.200213 43.897593 43.553373 0.709869 -0.309131 0.593628 0.219387
1867.000000000 -59.644629 43.734236 43.458338 0.691779 -0.339927 0.582403 0.258261
1867.100000000 -60.286532 44.000116 43.563723 0.710142 -0.302276 0.599405 0.212228
1867.200000000 -59.638454 43.764038 43.461665 0.687438 -0.338662 0.587534 0.259886
1867.700000000 -60.526169 46.524547 44.077408 0.777470 -0.439878 0.338441 0.295813
1868.100000000 -60.650234 46.869821 44.269201 0.777106 -0.427671 0.357188 0.292609
1868.400000000 -59.852843 46.334687 43.440288 0.782414 -0.426736 0.359903 0.276035
1868.700000000 -59.350814 46.091458 42.670589 0.786823 -0.438233 0.339510 0.271282
1868.800000000 -59.368262 46.155960 42.703262 0.788754 -0.431875 0.350127 0.262224
1869.000000000 -59.410281 46.369758 42.787542 0.785505 -0.434373 0.345315 0.273970
1869.300000000 -59.489911 46.714296 42.877300 0.785969 -0.432732 0.346261 0.274043
1869.600000000 -59.573342 47.076158 42.963643 0.784510 -0.430832 0.349567 0.277002
1870.000000000 -59.726981 47.622043 43.065590 0.783007 -0.430953 0.348065 0.282896
1870.100000000 -59.794758 47.747296 43.108616 0.783978 -0.419671 0.366755 0.273398
1870.300000000 -59.924832 48.100030 43.196015 0.779153 -0.429374 0.353408 0.289242
1870.500000000 -60.308018 48.722681 43.492358 0.778076 -0.430066 0.352603 0.292083
1870.600000000 -60.639677 49.133777 43.685311 0.778804 -0.426955 0.355238 0.291512
1870.800000000 -60.629874 49.355747 43.626953 0.777400 -0.424389 0.359434 0.293856
1871.100000000 -60.561674 49.622593 43.446504 0.777184 -0.425254 0.358691 0.294084
1871.300000000 -60.557648 49.849155 43.378350 0.776424 -0.426208 0.357514 0.296135
1871.400000000 -60.604725 49.960591 43.367696 0.778275 -0.422786 0.361946 0.290751
1871.700000000 -60.453748 50.164412 43.149125 0.777736 -0.423472 0.361627 0.291589
1871.800000000 -60.518127 50.360764 43.167605 0.777084 -0.425728 0.357857 0.294676
1872.000000000 -60.442053 50.510451 43.038413 0.776011 -0.426126 0.357700 0.297108
1872.100000000 -60.451509 50.621954 43.006517 0.778611 -0.424005 0.358891 0.291861
1872.200000000 -60.432356 50.717306 42.963521 0.777526 -0.425407 0.357457 0.294460
1872.400000000 -60.367479 50.845425 42.842601 0.778467 -0.421746 0.362489 0.291070
1872.600000000 -60.352710 51.000225 42.777391 0.777106 -0.419401 0.367384 0.291955
1872.700000000 -60.295838 51.063177 42.724197 0.775676 -0.420376 0.367791 0.293838
1872.800000000 -60.298310 51.161919 42.675430 0.776459 -0.419718 0.367895 0.292578
1873.000000000 -60.321010 51.409909 42.619402 0.776400 -0.419327 0.368598 0.292409
1873.100000000 -60.336271 51.536680 42.614912 0.777001 -0.419368 0.367791 0.291770
1873.400000000 -60.186614 51.674398 42.418336 0.776454 -0.419188 0.368646 0.292406
1873.500000000 -60.286439 51.831628 42.452780 0.776679 -0.418029 0.370042 0.291703
1873.600000000 -60.297747 51.983030 42.441605 0.776263 -0.419798 0.368333 0.292433
1873.700000000 -60.252011 52.003933 42.401859 0.775550 -0.418278 0.372031 0.291821
1874.000000000 -60.098580 52.146616 42.232899 0.778070 -0.416130 0.373258 0.286566
1874.100000000 -60.125519 52.248257 42.258475 0.775429 -0.416316 0.376062 0.289774
1874.300000000 -60.095167 52.396852 42.202742 0.775438 -0.416569 0.375866 0.289639
1874.500000000 -60.097763 52.557975 42.187349 0.773986 -0.417826 0.375373 0.292341
1874.600000000 -60.176014 52.727519 42.239374 0.773630 -0.419537 0.373065 0.293782
1874.800000000 -60.082067 52.836268 42.163693 0.775547 -0.418662 0.372497 0.290680
1875.100000000 -60.034643 52.998651 42.157819 0.773526 -0.418101 0.376902 0.291193
1875.200000000 -60.112904 53.134823 42.222741 0.773308 -0.418309 0.376924 0.291445
1875.300000000 -60.114508 53.216787 42.237089 0.772786 -0.417871 0.378871 0.290936
1875.500000000 -60.043709 53.282995 42.225709 0.770802 -0.417970 0.381723 0.292323
1875.600000000 -60.061735 53.363299 42.269264 0.769290 -0.418447 0.383038 0.293900
1875.700000000 -60.078631 53.454015 42.295270 0.768903 -0.419120 0.382569 0.294564
1875.900000000 -59.952118 53.453128 42.275846 0.767059 -0.419090 0.385633 0.295416
1876.000000000 -59.970990 53.538085 42.327248 0.766398 -0.419237 0.386596 0.295665
1876.300000000 -59.814049 53.563528 42.321249 0.766855 -0.419297 0.386801 0.294124
1876.400000000 -59.871326 53.683886 42.417164 0.766171 -0.420136 0.386409 0.295221
1876.500000000 -59.908114 53.760231 42.486229 0.766336 -0.420401 0.385808 0.295201
1876.700000000 -59.803736 53.755782 42.526429 0.766919 -0.419301 0.387661 0.292815
1876.800000000 -59.862614 53.869246 42.635163 0.766746 -0.419733 0.387427 0.292959
1876.900000000 -59.830277 53.895316 42.676493 0.767640 -0.418846 0.388258 0.290778
1877.000000000 -59.832758 53.931562 42.741174 0.767463 -0.418024 0.389613 0.290618
1877.500000000 -59.449734 53.772311 42.994456 0.773984 -0.423748 0.381284 0.275696
1877.800000000 -59.699375 54.167705 43.429190 0.773187 -0.423673 0.379264 0.280788
1878.000000000 -59.764259 54.344462 43.684392 0.775718 -0.424688 0.375834 0.276857
1878.100000000 -59.787381 54.392218 43.827225 0.775569 -0.424667 0.376345 0.276614
1878.400000000 -59.815820 54.460802 44.210279 0.773371 -0.421262 0.384342 0.276976
1878.600000000 -59.885145 54.621767 44.480721 0.774554 -0.423236 0.380752 0.275617
1878.700000000 -59.912413 54.644682 44.614825 0.774043 -0.422847 0.382026 0.275887
1878.800000000 -59.973707 54.749257 44.743950 0.775705 -0.424215 0.379084 0.273165
1879.000000000 -60.010572 54.769156 44.999185 0.776827 -0.420692 0.383381 0.269401
1879.100000000 -60.069289 54.865710 45.163358 0.776897 -0.421006 0.382023 0.270635
1879.700000000 -59.624827 54.686909 47.027390 0.843736 -0.454874 0.222025 0.178616
1880.200000000 -58.794700 53.633672 46.223004 0.778423 -0.425688 0.398762 0.232027
1880.400000000 -59.522739 53.874564 45.323114 0.782049 -0.369015 0.419664 0.275881
1881.500000000 -58.806366 54.310055 48.938948 0.841442 -0.491264 0.130614 0.183233
1881.700000000 -58.700262 54.131667 49.055664 0.849931 -0.463540 0.189137 0.164241
1882.100000000 -58.008993 54.373170 48.612689 0.786021 -0.531678 0.168822 0.266438
1882.300000000 -57.467660 52.748096 47.413196 0.737869 -0.448533 0.392742 0.316419
1882.400000000 -57.109539 51.384665 46.343502 0.761714 -0.459577 0.350121 0.293251
1882.700000000 -56.508923 50.344465 45.621323 0.757399 -0.465296 0.340388 0.306565
1882.800000000 -55.986516 49.673941 45.069255 0.771711 -0.435913 0.373885 0.273224
1882.900000000 -55.580475 48.783104 44.432973 0.790253 -0.416461 0.388577 0.225984
1883.000000000 -55.409280 48.467805 44.303452 0.785092 -0.410738 0.401627 0.231562
1883.100000000 -55.038979 47.935300 44.089476 0.771103 -0.391213 0.454881 0.213155
1883.500000000 -55.630560 48.469547 45.060398 0.653200 -0.387089 0.566279 0.320656
1883.600000000 -55.179389 48.319769 44.592837 0.723704 -0.396373 0.511731 0.239317
1883.700000000 -55.298900 48.406867 44.698218 0.724289 -0.397139 0.509467 0.241100
1883.900000000 -55.344207 48.372090 44.878973 0.782221 -0.379862 0.452919 0.196720
1884.200000000 -55.723724 48.914864 45.049729 0.726658 -0.396377 0.509330 0.235449
1884.300000000 -55.513344 48.621339 45.123514 0.792847 -0.372549 0.447665 0.179434
1884.500000000 -55.830591 48.951808 45.216361 0.737686 -0.387778 0.509804 0.213417
1884.600000000 -55.796394 48.916237 45.322269 0.801516 -0.369185 0.437065 0.173923
1884.700000000 -55.962592 49.074283 45.356708 0.738463 -0.382566 0.515160 0.207185
1884.800000000 -56.010609 49.145622 45.445200 0.806762 -0.371522 0.424996 0.174602
1885.000000000 -56.146455 49.315310 45.562295 0.811066 -0.369572 0.420449 0.169740
1885.200000000 -55.893397 49.319744 45.422862 0.809914 -0.375166 0.413994 0.178602
1885.300000000 -55.695682 49.211672 45.123364 0.792921 -0.368069 0.457216 0.163569
1885.400000000 -55.780174 49.272975 45.268921 0.809193 -0.363545 0.433650 0.158080
1885.800000000 -57.177117 48.858478 45.265907 0.803118 -0.342010 0.473482 0.117664
1886.000000000 -57.485049 49.182397 45.095375 0.820876 -0.338528 0.449205 0.098876
1886.800000000 -58.213946 47.271616 44.230486 0.808871 -0.334309 0.473363 0.099467
1886.900000000 -58.718107 47.558854 44.196006 0.820604 -0.320005 0.466183 0.082947
1887.000000000 -58.723611 47.621121 44.165857 0.821147 -0.319315 0.465983 0.081339
1887.100000000 -58.829973 47.736582 44.182142 0.823740 -0.321630 0.459132 0.084879
1887.300000000 -58.412406 47.703334 44.104249 0.815388 -0.320172 0.474341 0.087363
1887.400000000 -58.603481 47.852098 44.050234 0.818858 -0.318198 0.469824 0.086527
1887.600000000 -57.392064 47.879954 43.765327 0.818553 -0.286597 0.497822 -0.002317
1888.200000000 -57.075885 48.637815 43.793595 0.833616 -0.237510 0.477883 -0.142482
1888.300000000 -56.957689 48.518890 43.581613 0.838438 -0.278264 0.464122 -0.064664
1888.500000000 -57.021997 48.646515 43.562739 0.838339 -0.270540 0.466315 -0.080914
1888.600000000 -56.932189 48.733974 43.562888 0.834090 -0.272736 0.473311 -0.076718
1888.700000000 -57.031608 48.787418 43.607465 0.832374 -0.274967 0.475341 -0.074817
1888.800000000 -57.222324 48.865470 43.701664 0.832349 -0.276054 0.474812 -0.074457
1888.900000000 -57.228442 48.897721 43.691249 0.833137 -0.275351 0.473873 -0.074221
1889.000000000 -57.323502 48.974558 43.763651 0.829288 -0.275101 0.480413 -0.076185
1889.200000000 -57.168436 49.075307 43.644440 0.827402 -0.289837 0.478143 -0.052730
1889.400000000 -56.971094 49.300275 43.519893 0.830277 -0.292311 0.472109 -0.048030
1889.600000000 -57.019970 49.425006 43.511707 0.828428 -0.300247 0.471507 -0.035208
1889.700000000 -57.302218 49.409110 43.644015 0.826310 -0.273598 0.485480 -0.081644
1889.800000000 -57.574940 49.078621 43.512901 0.825572 -0.275081 0.486248 -0.079526
1889.900000000 -57.598496 49.184626 43.537952 0.824935 -0.274354 0.487507 -0.080929
1890.000000000 -57.614660 48.953415 43.334100 0.822279 -0.271949 0.492571 -0.085292
1890.400000000 -57.671839 49.632626 43.593747 0.819699 -0.291942 0.489970 -0.052846
1890.500000000 -57.667938 49.591079 43.500163 0.819794 -0.285727 0.492190 -0.063614
1890.700000000 -58.055051 49.853819 43.720323 0.819601 -0.291156 0.490411 -0.054587
1890.800000000 -58.023642 49.766884 43.562402 0.818038 -0.291176 0.492876 -0.055712
1890.900000000 -58.007822 49.923876 43.583526 0.818509 -0.296409 0.489877 -0.046963
1891.000000000 -57.913541 50.008214 43.501745 0.819735 -0.294930 0.488514 -0.049034
1891.900000000 -58.342228 51.121899 43.693397 0.806949 -0.271691 0.514992 -0.098992
1892.100000000 -58.589355 51.259609 43.713989 0.807223 -0.273685 0.514325 -0.094641
1892.200000000 -58.682523 51.295266 43.732089 0.806611 -0.274607 0.514962 -0.093726
1892.400000000 -59.033794 51.381691 43.745312 0.806701 -0.271414 0.515360 -0.099862
1892.500000000 -59.242522 51.448307 43.769708 0.807393 -0.272092 0.514304 -0.097852
1892.600000000 -59.508333 51.449314 43.780810 0.807807 -0.271935 0.513709 -0.097996
1892.700000000 -59.530191 51.530861 43.770771 0.807202 -0.272106 0.514586 -0.097905
1892.900000000 -59.891696 51.696372 43.817668 0.809688 -0.272796 0.510663 -0.095972
1893.000000000 -60.220001 51.752464 43.908497 0.811779 -0.272646 0.507736 -0.094253
1893.100000000 -60.309113 51.832553 43.892415 0.811948 -0.272383 0.507495 -0.094849
1893.200000000 -60.558717 51.821818 43.919103 0.813065 -0.271979 0.506214 -0.093277
1893.500000000 -60.869259 52.020944 43.903673 0.811166 -0.270511 0.509267 -0.097370
1893.600000000 -61.060732 52.079319 43.927716 0.812252 -0.270137 0.507768 -0.097187
1894.100000000 -61.890117 52.372568 44.069442 0.816381 -0.270746 0.501422 -0.093781
1894.400000000 -62.331190 52.490360 44.151479 0.817609 -0.268597 0.500127 -0.096146
1894.900000000 -63.134035 52.621776 44.295848 0.821569 -0.264382 0.494664 -0.102143
1895.200000000 -63.532732 52.682158 44.407645 0.821718 -0.264340 0.494518 -0.101761
1895.400000000 -63.831427 52.775690 44.537393 0.823134 -0.264686 0.492254 -0.100386
1895.800000000 -64.266968 52.848458 44.714671 0.823012 -0.263153 0.492689 -0.103246
1895.900000000 -64.351797 52.860126 44.746800 0.823376 -0.262502 0.492258 -0.104050
1896.000000000 -64.464634 52.866032 44.797798 0.823101 -0.263460 0.492442 -0.102930
1896.200000000 -64.811357 52.883984 44.962100 0.824314 -0.263083 0.490733 -0.102347
1896.600000000 -65.175432 52.949171 45.194481 0.823976 -0.262411 0.491350 -0.103818
1896.900000000 -65.400110 52.979152 45.371963 0.821906 -0.260829 0.494668 -0.108363
1897.000000000 -65.564182 52.980818 45.470838 0.823124 -0.260740 0.492952 -0.107143
1897.600000000 -66.201493 52.969169 45.947113 0.822109 -0.263287 0.493962 -0.104009
1897.700000000 -66.313832 52.965326 46.039748 0.822928 -0.263084 0.492829 -0.103419
1898.100000000 -66.807193 52.905955 46.407796 0.822432 -0.262838 0.493643 -0.104110
1898.200000000 -66.875305 52.916424 46.490296 0.822896 -0.262647 0.493002 -0.103962
1898.800000000 -67.615241 52.829954 47.100185 0.823387 -0.262219 0.492420 -0.103914
1899.200000000 -67.997686 52.788198 47.493736 0.822773 -0.262238 0.493355 -0.104288
1899.300000000 -68.134145 52.766938 47.604282 0.822926 -0.262461 0.493187 -0.103315
1899.400000000 -68.140007 52.781683 47.671348 0.822496 -0.262361 0.493904 -0.103571
1899.600000000 -68.420018 52.727263 47.904457 0.822471 -0.262797 0.493732 -0.103478
1899.800000000 -68.655035 52.693621 48.124878 0.821964 -0.262615 0.494599 -0.103833
1899.900000000 -68.619019 52.721477 48.182727 0.821782 -0.262689 0.494911 -0.103596
1900.100000000 -68.872341 52.693267 48.392895 0.822343 -0.262322 0.494046 -0.104196
1900.200000000 -68.942679 52.670399 48.488429 0.821447 -0.263057 0.495284 -0.103529
1900.300000000 -69.037014 52.666648 48.590891 0.821449 -0.263124 0.495348 -0.103038
1900.400000000 -69.140650 52.660438 48.698554 0.821641 -0.263217 0.495071 -0.102604
1900.600000000 -69.345664 52.613526 48.898739 0.820685 -0.262316 0.496650 -0.104908
1901.000000000 -69.766291 52.582264 49.297002 0.821391 -0.262475 0.495637 -0.103763
1901.200000000 -69.977707 52.565887 49.494312 0.821502 -0.262471 0.495442 -0.103826
1901.500000000 -70.325970 52.545609 49.784552 0.822540 -0.261653 0.493990 -0.104589
1901.600000000 -70.427286 52.539830 49.875759 0.822793 -0.261313 0.493681 -0.104908
1901.700000000 -70.527351 52.540095 49.971736 0.822800 -0.261238 0.493688 -0.105006
1901.800000000 -70.651219 52.541547 50.076746 0.823503 -0.262102 0.492370 -0.103525
1901.900000000 -70.753526 52.545755 50.175583 0.823814 -0.262010 0.491945 -0.103304
1902.300000000 -71.141894 52.522206 50.557137 0.823618 -0.261082 0.492469 -0.104708
1902.400000000 -71.248126 52.522501 50.652612 0.823864 -0.260890 0.492136 -0.104816
1902.800000000 -71.657966 52.488615 51.050316 0.823742 -0.260682 0.492568 -0.104263
1903.000000000 -71.855268 52.494747 51.260994 0.824082 -0.261579 0.491977 -0.102095
1903.300000000 -72.191135 52.456268 51.548524 0.823622 -0.259338 0.493160 -0.105756
1903.500000000 -72.450948 52.443546 51.781068 0.823864 -0.260281 0.492806 -0.103170
1903.900000000 -72.924122 52.421306 52.182934 0.824051 -0.259373 0.492818 -0.103898
1904.600000000 -73.960776 52.409190 52.930386 0.826596 -0.261873 0.488456 -0.097838
1904.700000000 -74.072304 52.461714 53.037472 0.827372 -0.261988 0.487229 -0.097090
1904.800000000 -74.267249 52.452608 53.166010 0.827569 -0.262268 0.486906 -0.096267
1905.000000000 -74.411707 52.410337 53.264671 0.827037 -0.258730 0.488533 -0.102003
1905.100000000 -74.554752 52.441032 53.391675 0.828048 -0.261537 0.486472 -0.096327
1905.200000000 -74.771092 52.451106 53.519833 0.829326 -0.262302 0.484331 -0.094012
1905.300000000 -75.172451 52.417956 53.725077 0.830603 -0.263556 0.482042 -0.090951
1905.500000000 -75.452698 52.446246 53.919674 0.831656 -0.264729 0.480097 -0.088170
1905.700000000 -75.590673 52.443693 54.032221 0.831166 -0.262083 0.481562 -0.092595
1906.000000000 -76.083023 52.483056 54.361600 0.832728 -0.265270 0.478361 -0.085829
1906.100000000 -76.173963 52.513484 54.434793 0.833000 -0.264626 0.478107 -0.086594
1906.200000000 -76.117619 52.534621 54.430242 0.832126 -0.262041 0.480207 -0.091120
1906.300000000 -76.266332 52.552293 54.524644 0.832604 -0.262556 0.479314 -0.089961
1906.800000000 -76.973595 52.628953 54.971583 0.833466 -0.262554 0.478025 -0.088831
1907.100000000 -77.284598 52.706709 55.178914 0.834209 -0.263302 0.476645 -0.087052
1907.300000000 -77.502664 52.740619 55.306444 0.834061 -0.262034 0.477206 -0.089187
1907.400000000 -77.717262 52.715538 55.392812 0.834492 -0.261687 0.476612 -0.089355
1907.500000000 -77.797789 52.733024 55.433988 0.834802 -0.261779 0.476095 -0.088938
1907.800000000 -78.181416 52.810623 55.668132 0.835282 -0.261776 0.475345 -0.088455
1908.100000000 -78.380365 52.881730 55.782899 0.834781 -0.259139 0.476767 -0.093168
1908.200000000 -78.469085 52.899783 55.819732 0.835176 -0.259250 0.476102 -0.092725
1908.400000000 -78.723703 52.973075 55.986521 0.835368 -0.259444 0.475769 -0.092159
1908.500000000 -78.860727 52.981306 56.044667 0.835697 -0.259245 0.475279 -0.092260
1908.600000000 -79.008142 53.007386 56.115864 0.835956 -0.258677 0.474979 -0.093048
1908.700000000 -79.149468 53.012161 56.175942 0.835933 -0.258330 0.475123 -0.093490
1908.800000000 -79.273883 53.006826 56.217593 0.836124 -0.257546 0.474998 -0.094572
1908.900000000 -79.422757 53.014706 56.282320 0.836363 -0.257539 0.474607 -0.094439
1909.300000000 -79.897275 53.138238 56.562421 0.836425 -0.258259 0.474414 -0.092878
1909.400000000 -80.042087 53.151168 56.620097 0.836761 -0.257982 0.473936 -0.093058
1909.600000000 -80.319904 53.155526 56.729211 0.836862 -0.256913 0.474026 -0.094647
1909.900000000 -80.689635 53.207405 56.931877 0.836321 -0.256903 0.475034 -0.094397
1910.200000000 -81.088632 53.264601 57.142617 0.836595 -0.256289 0.474689 -0.095369
1910.300000000 -81.223054 53.294089 57.218545 0.837296 -0.256282 0.473545 -0.094922
1910.400000000 -81.328088 53.316809 57.294392 0.837160 -0.256873 0.473673 -0.093882
1910.500000000 -81.442586 53.336354 57.369685 0.837158 -0.257461 0.473574 -0.092782
1911.200000000 -82.273542 53.388336 57.933157 0.836019 -0.256461 0.475607 -0.095381
1911.300000000 -82.377499 53.412607 58.033709 0.835983 -0.257365 0.475505 -0.093757
1911.400000000 -82.486269 53.451236 58.143710 0.836111 -0.258458 0.475047 -0.091912
1911.600000000 -82.707761 53.439592 58.312741 0.835451 -0.258500 0.476048 -0.092620
1911.700000000 -82.814945 53.453279 58.415668 0.835388 -0.259297 0.475998 -0.091197
1911.800000000 -82.934803 53.438081 58.489458 0.835608 -0.258271 0.475759 -0.093321
1911.900000000 -83.031166 53.451181 58.589736 0.835556 -0.258942 0.475746 -0.091982
1912.100000000 -83.257025 53.457361 58.772179 0.835645 -0.260643 0.475123 -0.089556
1912.400000000 -83.566777 53.449833 59.041253 0.835065 -0.261456 0.475924 -0.088340
1912.500000000 -83.641804 53.463226 59.132848 0.834737 -0.261391 0.476537 -0.088322
1912.700000000 -83.880960 53.487479 59.331411 0.835066 -0.263258 0.475518 -0.085108
1912.800000000 -83.997162 53.499314 59.431760 0.835478 -0.264691 0.474493 -0.082290
1912.900000000 -84.122302 53.498763 59.525276 0.835883 -0.266322 0.473428 -0.078986
1913.000000000 -84.259487 53.517866 59.631118 0.836800 -0.267593 0.471545 -0.076186
1913.100000000 -84.249765 53.483499 59.633379 0.834998 -0.261679 0.476041 -0.087682
1913.200000000 -84.313208 53.506600 59.713008 0.835221 -0.261644 0.475719 -0.087405
1914.000000000 -85.052749 53.839353 60.560156 0.826223 -0.233571 0.494050 -0.136804
1914.200000000 -85.220782 53.862337 60.720805 0.826640 -0.238618 0.493052 -0.128943
1914.300000000 -85.304675 53.881140 60.797373 0.826902 -0.239651 0.492621 -0.126984
1914.400000000 -85.483521 53.867174 60.899825 0.827716 -0.241844 0.491120 -0.123286
1914.600000000 -85.778082 53.814439 61.061931 0.826352 -0.238219 0.493529 -0.129706
1914.700000000 -85.773759 53.851396 61.095982 0.826219 -0.237958 0.493751 -0.130184
1915.000000000 -86.008560 53.916630 61.315853 0.826826 -0.241276 0.492608 -0.124425
1915.200000000 -86.369010 53.839256 61.472793 0.826979 -0.240204 0.492481 -0.125976
1915.400000000 -86.585218 53.868823 61.627832 0.827428 -0.240971 0.491783 -0.124283
1915.700000000 -86.871687 53.911663 61.830502 0.827956 -0.241116 0.491005 -0.123554
1915.800000000 -86.988005 53.919740 61.905913 0.827694 -0.240148 0.491508 -0.125184
1915.900000000 -87.062724 53.916222 61.949140 0.828073 -0.241415 0.490832 -0.122872
1916.100000000 -87.274656 53.917494 62.066434 0.828481 -0.241933 0.490194 -0.121642
1916.300000000 -87.420365 53.971852 62.185772 0.828446 -0.241534 0.490311 -0.122203
1916.500000000 -87.762364 53.945805 62.355673 0.828433 -0.240695 0.490447 -0.123394
1916.900000000 -88.088279 53.954784 62.529042 0.828361 -0.240152 0.490654 -0.124113
1917.600000000 -88.735536 54.008181 62.873356 0.827554 -0.236494 0.492272 -0.129976
1917.700000000 -88.904553 54.039039 62.980962 0.827602 -0.236507 0.492227 -0.129812
1917.900000000 -89.144078 54.020966 63.082945 0.827925 -0.237350 0.491706 -0.128181
1918.100000000 -89.606795 53.946550 63.259366 0.827834 -0.235563 0.492024 -0.130820
1918.200000000 -89.814848 53.959781 63.370851 0.827844 -0.235509 0.492077 -0.130651
1918.300000000 -89.862638 53.969698 63.386544 0.827606 -0.234174 0.492523 -0.132861
1918.400000000 -89.949078 54.003315 63.446168 0.827281 -0.233387 0.493081 -0.134190
1918.500000000 -90.273860 53.917252 63.551788 0.827822 -0.234388 0.492246 -0.132164
1919.100000000 -91.025611 53.801814 63.797076 0.826447 -0.228172 0.494672 -0.142206
1919.200000000 -91.190753 53.789213 63.857776 0.826677 -0.228073 0.494338 -0.142187
1919.400000000 -91.478970 53.767764 63.963424 0.827051 -0.227975 0.493788 -0.142080
1919.600000000 -91.760248 53.703437 64.043670 0.825914 -0.224353 0.495646 -0.147873
1919.800000000 -91.968695 53.709180 64.128757 0.826482 -0.225253 0.494789 -0.146189
1919.900000000 -91.999527 53.793754 64.187007 0.826392 -0.224820 0.494928 -0.146893
1920.600000000 -92.084210 53.948568 64.266143 0.814310 -0.192037 0.509511 -0.201046
1920.800000000 -92.634400 54.011834 64.614216 0.829335 -0.235004 0.489964 -0.130048
1920.900000000 -92.751144 54.014293 64.680210 0.829354 -0.234299 0.489957 -0.131218
1921.000000000 -92.900589 54.005564 64.765236 0.829424 -0.234759 0.489854 -0.130331
1921.400000000 -93.513547 53.921426 65.111816 0.828188 -0.231409 0.491934 -0.136218
1921.700000000 -93.958930 53.951591 65.465271 0.830725 -0.242965 0.486961 -0.117187
1921.800000000 -93.978166 53.898281 65.472134 0.828643 -0.234719 0.491092 -0.130714
1922.200000000 -94.689357 53.834447 66.001970 0.830300 -0.243078 0.487591 -0.117345
1922.400000000 -94.728754 53.803921 66.109078 0.828685 -0.234809 0.490915 -0.130952
1922.600000000 -95.184852 53.727546 66.448335 0.829638 -0.241252 0.488849 -0.120519
1922.700000000 -95.192440 53.748336 66.534039 0.829695 -0.240292 0.488861 -0.121985
1922.800000000 -95.367144 53.701544 66.669577 0.829861 -0.240973 0.488496 -0.120973
1922.900000000 -95.474270 53.672850 66.795018 0.829603 -0.241937 0.488888 -0.119219
1923.000000000 -95.585228 53.654441 66.922262 0.829662 -0.242201 0.488785 -0.118696
1923.100000000 -95.764360 53.618722 67.083666 0.829523 -0.243259 0.488887 -0.117073
1923.200000000 -95.916655 53.621408 67.246331 0.830058 -0.244440 0.487752 -0.115550
1923.300000000 -95.934296 53.579496 67.316017 0.829120 -0.240569 0.489695 -0.122007
1923.400000000 -96.020977 53.529252 67.421877 0.828725 -0.240032 0.490432 -0.122784
1923.600000000 -96.493714 53.542926 67.896940 0.829793 -0.250814 0.487318 -0.105152
1923.800000000 -96.589636 53.396729 68.024120 0.829480 -0.244922 0.488565 -0.115242
1923.900000000 -96.648620 53.393620 68.156261 0.829763 -0.246546 0.487932 -0.112384
1924.000000000 -96.690312 53.344866 68.255190 0.828842 -0.244561 0.489736 -0.115628
1924.100000000 -96.813350 53.319830 68.396997 0.829419 -0.244921 0.488689 -0.115161
1925.400000000 -96.456116 54.934915 70.581477 0.822614 -0.405567 0.343611 0.201874
1925.600000000 -96.495947 55.042964 70.853665 0.822538 -0.406798 0.341229 0.203738
1925.900000000 -96.600946 55.218998 71.269602 0.823557 -0.406158 0.340959 0.201336
1926.200000000 -96.712764 55.395590 71.643851 0.823878 -0.405960 0.341040 0.200283
1926.300000000 -96.734451 55.467214 71.761597 0.823497 -0.406611 0.340330 0.201734
1926.500000000 -96.814673 55.603700 72.003575 0.823715 -0.405878 0.341178 0.200884
1926.700000000 -96.889622 55.742065 72.216714 0.822985 -0.406533 0.341006 0.202836
1926.800000000 -96.937510 55.806258 72.324320 0.823428 -0.405857 0.341397 0.201730
1926.900000000 -96.981255 55.890885 72.420670 0.823823 -0.405975 0.340560 0.201294
1927.600000000 -97.339927 56.497774 73.030137 0.824080 -0.405685 0.340233 0.201378
1927.700000000 -97.424150 56.595070 73.128713 0.824150 -0.405601 0.340342 0.201077
1927.800000000 -97.527898 56.698577 73.225171 0.825574 -0.404158 0.340748 0.197421
1928.100000000 -97.709051 56.935652 73.386901 0.826303 -0.402272 0.343247 0.193862
1928.200000000 -97.825942 57.101271 73.525059 0.825400 -0.403757 0.341302 0.198009
1928.300000000 -97.828690 57.183448 73.528427 0.825095 -0.404188 0.340885 0.199116
1928.400000000 -97.952392 57.257193 73.599756 0.826553 -0.401632 0.343800 0.193141
1928.600000000 -98.015191 57.456379 73.632380 0.827512 -0.402883 0.339678 0.193722
1928.700000000 -98.008114 57.481669 73.584050 0.828061 -0.400523 0.343386 0.189690
1929.300000000 -98.448234 58.013774 73.714911 0.831979 -0.395935 0.346040 0.176925
1929.400000000 -98.595277 58.164849 73.814686 0.833618 -0.396636 0.342497 0.174516
1929.600000000 -98.805302 58.378697 73.905274 0.834870 -0.395803 0.342313 0.170743
1929.800000000 -98.959932 58.616559 73.964358 0.836103 -0.396087 0.339288 0.170089
1930.000000000 -99.033010 58.776737 73.919580 0.836933 -0.395139 0.339795 0.167175
1930.100000000 -99.060109 58.875765 73.911416 0.836823 -0.395139 0.339622 0.168077
1930.900000000 -99.651737 59.725426 74.063823 0.837727 -0.395225 0.337659 0.167326
1931.500000000 -100.185500 60.328318 74.243171 0.837918 -0.393910 0.339634 0.165462
1931.700000000 -100.348492 60.604678 74.368562 0.838152 -0.393420 0.340222 0.164226
1932.400000000 -100.868831 61.161549 74.490322 0.837057 -0.392481 0.343353 0.165540
1932.600000000 -100.977794 61.279738 74.498136 0.836041 -0.391831 0.345880 0.166949
1932.700000000 -101.047897 61.377260 74.556653 0.835507 -0.390592 0.348853 0.166338
1932.800000000 -101.142931 61.435955 74.576639 0.835353 -0.390981 0.348317 0.167317
1933.000000000 -101.237440 61.638582 74.640184 0.834975 -0.390362 0.349684 0.167795
1933.100000000 -101.305268 61.645283 74.619619 0.834889 -0.389965 0.350337 0.167786
1933.300000000 -101.474501 61.834681 74.738663 0.833844 -0.389473 0.351879 0.170870
1933.700000000 -101.592668 61.884595 74.560971 0.835915 -0.387935 0.351602 0.164709
1933.900000000 -101.681858 62.098602 74.731563 0.835338 -0.386788 0.354078 0.165028
1934.000000000 -101.763257 62.132879 74.791162 0.835028 -0.386222 0.355377 0.165132
1934.100000000 -101.836437 62.251914 74.894505 0.834881 -0.386335 0.355087 0.166229
1934.200000000 -101.880487 62.348121 74.986120 0.834352 -0.385738 0.356663 0.166897
1934.500000000 -102.057650 62.568491 75.235072 0.834464 -0.383830 0.358918 0.165901
1935.000000000 -102.320321 62.906311 75.760173 0.833627 -0.383191 0.360813 0.167467
1935.200000000 -102.452855 63.082049 76.020717 0.834435 -0.383157 0.359238 0.166906
1935.400000000 -102.557612 63.223591 76.294262 0.834197 -0.382898 0.359272 0.168603
1936.200000000 -103.006282 63.288259 77.219423 0.834735 -0.384024 0.353763 0.174914
1936.400000000 -102.890453 63.601245 77.575836 0.836022 -0.381556 0.356309 0.168896
1936.700000000 -103.075094 63.573151 78.002054 0.837118 -0.381308 0.353730 0.169447
1936.800000000 -103.074013 63.728289 78.217173 0.837457 -0.381664 0.352651 0.169221
1936.900000000 -103.100597 63.806504 78.414928 0.837860 -0.380040 0.354506 0.166988
1937.200000000 -103.130023 63.852364 78.846161 0.839519 -0.378301 0.354300 0.163000
1937.500000000 -103.155702 63.987992 79.364513 0.838649 -0.382266 0.348656 0.170230
1937.600000000 -103.003207 64.128170 79.547532 0.836880 -0.382228 0.351292 0.173572
1937.700000000 -102.895626 64.317948 79.748729 0.837358 -0.381303 0.352391 0.171052
1937.900000000 -102.797768 64.439737 80.014829 0.835801 -0.390353 0.337903 0.186771
1938.000000000 -102.775573 64.475873 80.194663 0.834652 -0.390760 0.339031 0.188999
1938.200000000 -102.324156 64.313629 80.002403 0.839873 -0.393364 0.325386 0.184398
1938.500000000 -101.522666 64.313375 79.886794 0.845523 -0.404349 0.294383 0.186900
1938.600000000 -101.352546 64.354055 79.961186 0.844361 -0.408987 0.286642 0.193961
1938.800000000 -101.388609 64.495636 80.360020 0.895084 -0.330912 0.298864 -0.001203
1939.000000000 -100.557499 64.467579 80.186658 0.897213 -0.326226 0.297532 0.007708
1939.400000000 -99.426382 64.660063 80.238179 0.892852 -0.314371 0.322440 -0.004293
1939.500000000 -99.071724 64.729243 80.242823 0.876438 -0.327249 0.352649 0.020090
1939.600000000 -98.500025 64.906026 80.214061 0.865910 -0.335403 0.367782 0.049405
1940.000000000 -97.408868 65.279689 80.229792 0.813000 -0.074199 0.439460 -0.374700
1940.100000000 -97.242128 65.142072 80.133119 0.819986 -0.081077 0.429422 -0.369657
1940.300000000 -97.690852 64.879046 80.581308 0.816303 -0.091000 0.435959 -0.367843
1940.400000000 -97.707787 64.686644 80.519719 0.812939 -0.093751 0.441554 -0.367927
1940.500000000 -97.681080 64.813858 80.793537 0.820696 -0.099026 0.436543 -0.355080
1940.600000000 -97.769952 64.516799 80.690876 0.820707 -0.099757 0.437755 -0.353354
1941.000000000 -98.111394 63.688117 80.377530 0.780712 -0.068847 0.478759 -0.395650
1941.300000000 -98.145008 63.651632 80.449829 0.781969 -0.087927 0.488439 -0.377122
1941.700000000 -98.379699 63.604105 80.639653 0.779202 -0.086803 0.491791 -0.378750
1941.800000000 -98.456867 63.542576 80.645547 0.776752 -0.089095 0.496056 -0.377686
1941.900000000 -98.516587 63.465890 80.624735 0.778903 -0.090741 0.494600 -0.374761
1942.400000000 -98.326538 63.647488 80.350950 0.675128 -0.015056 0.546664 -0.495110
1942.500000000 -98.255478 63.546112 80.188439 0.676434 -0.015673 0.545735 -0.494332
1942.600000000 -98.240277 63.436507 80.036027 0.678049 -0.015775 0.543872 -0.494170
1942.700000000 -98.204346 63.358447 79.900642 0.675349 -0.018615 0.547904 -0.493313
1942.800000000 -98.159703 63.296816 79.781784 0.676765 -0.018699 0.548134 -0.491110
1942.900000000 -98.133244 63.178219 79.632903 0.680002 -0.018553 0.544305 -0.490902
1943.000000000 -98.055180 63.065146 79.434980 0.676648 -0.024675 0.550466 -0.488392
1943.300000000 -97.750916 62.755863 78.753723 0.674828 -0.030676 0.551966 -0.488876
1943.400000000 -97.573949 62.722033 78.626343 0.678511 -0.029250 0.549283 -0.486884
1943.600000000 -98.058188 62.787927 78.941848 0.684859 -0.022715 0.540413 -0.488269
1943.700000000 -97.997485 62.859486 78.809364 0.673605 -0.037550 0.559170 -0.481845
1944.100000000 -98.325797 63.266519 79.247875 0.699990 0.006685 0.511416 -0.498420
1944.300000000 -99.376839 62.954584 79.111064 0.656576 -0.031568 0.573565 -0.488810
1944.500000000 -99.388525 62.965189 79.067506 0.682271 -0.007525 0.541717 -0.490910
1945.200000000 -99.523386 62.997934 78.315948 0.654051 -0.034464 0.585576 -0.477631
1945.300000000 -99.296542 62.875729 78.055459 0.656882 -0.034727 0.582030 -0.478060
1945.400000000 -98.562257 63.082152 77.693457 0.663136 -0.031821 0.573834 -0.479535
1945.600000000 -97.767825 63.142508 77.046174 0.661450 -0.034797 0.572135 -0.483668
1945.900000000 -98.298860 62.235650 76.382693 0.663664 -0.053205 0.579786 -0.469646
1946.000000000 -98.230572 62.079193 76.247941 0.670039 -0.045296 0.570674 -0.472575
1946.400000000 -98.630180 62.403717 76.485162 0.670032 -0.020792 0.554798 -0.492772
1946.600000000 -98.275394 62.308944 76.231528 0.688157 -0.033276 0.545985 -0.476689
1946.700000000 -98.316994 62.156017 76.030806 0.683894 -0.037182 0.551015 -0.476749
1946.800000000 -98.340516 62.026710 75.847589 0.680993 -0.038275 0.553534 -0.477895
1946.900000000 -98.259598 61.982024 75.646479 0.682774 -0.037806 0.550722 -0.478639
1947.400000000 -98.217477 61.805768 75.349319 0.678171 -0.040965 0.557567 -0.476996
1947.800000000 -98.501455 61.382846 74.974554 0.658581 -0.050818 0.576825 -0.480585
1948.000000000 -98.392684 61.628350 75.126518 0.666032 -0.037569 0.562979 -0.487898
1948.100000000 -98.861477 62.114565 75.914680 0.659431 -0.023359 0.562260 -0.498466
1948.300000000 -98.845018 62.357987 76.019125 0.668643 -0.022901 0.552741 -0.496859
1948.500000000 -98.741270 63.145979 76.595563 0.680286 -0.023746 0.548998 -0.485024
1948.900000000 -98.759272 63.965204 77.446273 0.686143 -0.022349 0.548648 -0.477173
1949.100000000 -99.855326 63.915458 78.110007 0.687702 -0.005328 0.536237 -0.489375
1949.400000000 -99.759956 63.715893 78.057446 0.696528 0.004284 0.523242 -0.490966
1949.500000000 -99.879906 63.851390 78.252777 0.693297 0.004983 0.525499 -0.493119
1949.700000000 -98.960095 64.023511 77.910409 0.700538 -0.013757 0.531918 -0.475520
1949.800000000 -98.844457 64.232488 78.090469 0.699840 -0.018221 0.536390 -0.471356
1949.900000000 -98.780273 64.478604 78.262143 0.698936 -0.020419 0.538428 -0.470284
1950.000000000 -99.983138 64.203086 78.789059 0.690736 0.007379 0.528338 -0.493648
1950.100000000 -100.017298 64.310681 79.004595 0.697459 0.016783 0.516450 -0.496536
1950.200000000 -99.975387 64.186907 78.948073 0.699655 0.018465 0.512505 -0.497475
1950.300000000 -100.187354 64.486726 79.303878 0.697873 0.020150 0.514037 -0.498330
1950.500000000 -99.468927 64.152921 78.724930 0.708720 0.007593 0.512540 -0.484728
1950.600000000 -99.469731 64.373610 78.963981 0.706414 0.008755 0.514448 -0.486052
1950.700000000 -99.472702 64.603797 79.239580 0.703198 0.005594 0.520250 -0.484583
1951.400000000 -98.927734 64.320257 78.839136 -0.697598 -0.030568 -0.505175 0.507170
1951.700000000 -98.418901 64.080986 78.465402 0.723513 0.027777 0.487690 -0.487767
1951.900000000 -97.585322 64.207850 78.330339 0.729294 0.031520 0.480177 -0.486381
1952.700000000 -95.260774 62.763060 76.308155 -0.484893 -0.109402 -0.524080 0.691556
1952.900000000 -95.079403 62.061487 75.909836 -0.435643 -0.192860 -0.482776 0.734811
1953.400000000 -94.550983 61.345781 75.111110 -0.322181 -0.234320 -0.458447 0.794431
1953.600000000 -94.913846 61.269618 75.377723 -0.317032 -0.233244 -0.458842 0.796587
1953.800000000 -94.435862 61.449782 75.323863 -0.330999 -0.218967 -0.466966 0.790212
1953.900000000 -94.714673 61.333800 75.436832 -0.328764 -0.220893 -0.466551 0.790854
1954.000000000 -94.808027 61.317268 75.536875 -0.326059 -0.221256 -0.466074 0.792153
1954.200000000 -93.767959 61.650288 75.259215 -0.350427 -0.217258 -0.469822 0.780556
1954.300000000 -93.896084 61.721006 75.437733 -0.351487 -0.213457 -0.472591 0.779456
1954.800000000 -92.773718 61.928458 75.069585 -0.435104 -0.173745 -0.500504 0.728006
1954.900000000 -92.055194 61.538831 74.286878 -0.585916 -0.075745 -0.528345 0.609768
1955.000000000 -91.980078 61.609306 74.300696 -0.585349 -0.076830 -0.528064 0.610420
1955.300000000 -92.116149 61.054436 74.016617 -0.661655 0.004987 -0.541915 0.518186
1955.400000000 -91.910960 61.188473 73.976695 -0.385757 -0.221390 -0.481564 0.755165
1955.500000000 -91.807506 61.088015 73.839837 -0.442554 -0.182957 -0.500122 0.721492
1955.600000000 -91.816612 61.001994 73.766725 -0.432898 -0.189795 -0.497188 0.727586
1955.800000000 -91.776312 61.264467 73.876208 -0.451753 -0.181620 -0.499894 0.716268
1955.900000000 -91.721341 61.265423 73.844923 -0.441652 -0.183539 -0.499368 0.722418
1956.100000000 -91.263783 61.486348 73.630452 -0.458361 -0.182450 -0.499439 0.712164
1956.200000000 -91.153939 61.609482 73.622666 -0.454846 -0.182199 -0.500413 0.713796
1956.300000000 -91.345922 61.599810 73.697748 -0.453858 -0.179554 -0.499543 0.715702
1956.400000000 -91.487485 61.700877 73.794288 -0.451640 -0.179390 -0.497117 0.718829
1956.600000000 -91.411701 61.846919 73.787262 -0.439639 -0.181417 -0.495582 0.726776
1956.700000000 -91.260906 61.969177 73.750550 -0.455157 -0.169974 -0.500626 0.716460
1956.800000000 -91.156302 62.148373 73.784366 -0.450066 -0.174964 -0.498558 0.719908
1956.900000000 -91.151619 62.126152 73.718926 -0.447797 -0.177990 -0.497373 0.721399
1957.200000000 -91.169916 62.279256 73.726938 -0.456079 -0.175499 -0.498000 0.716371
1957.300000000 -91.023367 62.359447 73.650181 -0.450597 -0.180066 -0.496626 0.719654
1957.400000000 -90.342939 62.570342 73.413346 -0.455191 -0.171164 -0.501768 0.715355
1957.900000000 -89.993048 62.389409 72.893990 -0.514175 -0.127962 -0.517082 0.672217
1958.300000000 -89.906822 62.821107 73.055569 -0.519539 -0.125741 -0.518004 0.667788
1958.600000000 -89.865055 63.126563 73.153410 -0.473306 -0.162593 -0.506581 0.702084
1958.700000000 -89.960621 63.191285 73.206759 -0.514177 -0.135661 -0.514072 0.673014
1958.800000000 -89.983721 63.227096 73.252191 -0.512244 -0.134868 -0.515330 0.673686
1959.100000000 -89.898510 63.548608 73.387775 -0.513415 -0.134409 -0.516164 0.672245
1959.500000000 -89.887931 64.000314 73.644479 -0.470759 -0.164608 -0.507236 0.702853
1959.700000000 -89.899630 64.007433 73.628573 -0.506055 -0.138515 -0.516262 0.676901
1959.800000000 -89.872662 64.163950 73.715951 -0.502495 -0.139995 -0.516366 0.679166
1960.000000000 -89.864855 64.447963 73.869154 -0.500789 -0.142414 -0.515505 0.680576
1960.400000000 -89.834894 65.049383 74.194365 -0.497370 -0.147386 -0.514522 0.682765
1960.500000000 -89.719431 65.117531 74.153400 -0.497719 -0.145850 -0.515635 0.682000
1960.600000000 -89.776434 65.351332 74.333132 -0.490344 -0.151086 -0.513995 0.687419
1960.900000000 -89.619009 65.703992 74.438274 -0.495346 -0.144169 -0.517796 0.682447
1961.200000000 -89.631939 66.158480 74.678567 -0.489071 -0.148168 -0.517158 0.686588
1961.300000000 -89.734099 66.204559 74.705127 -0.493245 -0.148520 -0.516731 0.683842
1961.400000000 -89.116871 66.722456 74.713690 -0.484086 -0.151429 -0.516946 0.689563
1961.500000000 -89.225906 66.827750 74.820162 -0.483065 -0.152086 -0.516839 0.690214
1961.900000000 -89.290362 67.271492 75.006045 -0.488732 -0.145632 -0.519803 0.685374
1962.000000000 -89.027721 67.554825 75.005673 -0.486700 -0.147249 -0.519600 0.686627
1962.300000000 -89.387609 67.836508 75.236319 -0.481027 -0.152124 -0.518003 0.690756
1962.500000000 -89.379967 68.107907 75.310890 -0.488345 -0.146302 -0.520367 0.685079
1962.800000000 -89.360775 68.531447 75.396451 -0.488334 -0.146946 -0.519933 0.685278
1963.100000000 -89.510440 68.941010 75.530309 -0.490663 -0.149364 -0.518132 0.684456
1963.400000000 -89.658526 68.717956 75.212385 -0.491381 -0.148469 -0.519142 0.683369
1963.600000000 -89.776524 68.657282 75.061684 -0.494700 -0.148252 -0.518523 0.681489
1963.800000000 -90.216781 68.298194 74.875441 -0.508651 -0.141774 -0.518881 0.672263
1963.900000000 -90.417043 68.462946 75.021449 -0.520298 -0.133572 -0.520431 0.663777
1964.200000000 -91.227404 68.436106 75.237125 -0.511938 -0.138389 -0.518801 0.670532
1964.400000000 -91.762317 67.699230 74.752328 -0.526594 -0.138493 -0.513469 0.663225
1964.600000000 -92.295892 66.688117 74.173768 -0.576544 -0.095157 -0.523989 0.619660
1964.700000000 -92.968140 65.616880 73.722350 -0.586054 -0.083649 -0.526725 0.610003
1964.900000000 -93.843139 65.324810 73.869425 -0.619290 -0.051167 -0.532245 0.574958
1965.000000000 -93.806889 65.400434 73.800484 -0.620451 -0.052202 -0.530893 0.574863
1965.100000000 -93.815304 65.357011 73.686694 -0.619343 -0.054582 -0.529517 0.577103
1965.300000000 -94.152707 65.213586 73.633378 -0.638462 -0.035341 -0.531761 0.555291
1965.400000000 -94.103802 65.242603 73.570281 -0.637166 -0.035272 -0.532424 0.556148
1965.700000000 -94.210538 65.397843 73.559586 -0.646959 -0.023403 -0.534256 0.543569
1966.000000000 -94.439007 65.520286 73.645428 -0.655863 -0.010878 -0.537074 0.530355
1966.100000000 -94.446610 65.310797 73.450481 -0.655367 -0.009636 -0.537786 0.530272
1966.200000000 -94.451917 65.223628 73.340475 -0.657092 -0.007403 -0.538154 0.527794
1966.300000000 -94.397074 65.255578 73.270643 -0.656465 -0.008015 -0.537575 0.529152
1966.400000000 -94.451979 65.116424 73.155870 -0.656348 -0.008371 -0.537642 0.529224
1966.500000000 -94.389188 65.213522 73.126138 -0.656498 -0.009606 -0.536936 0.529733
1966.600000000 -94.684968 65.383523 73.380048 -0.669638 0.004460 -0.537689 0.512304
1966.700000000 -94.445704 65.219805 73.074177 -0.655971 -0.009912 -0.537059 0.530256
1966.900000000 -94.242944 65.390008 72.953473 -0.653357 -0.017107 -0.534098 0.536257
1967.000000000 -94.466594 65.583643 73.180582 -0.674157 0.003755 -0.534647 0.509560
1967.100000000 -94.531864 65.462059 73.112920 -0.674331 0.005924 -0.535767 0.508131
1967.200000000 -94.420215 65.483797 72.966047 -0.666334 -0.006642 -0.533031 0.521376
1967.300000000 -94.305059 65.603873 72.959140 -0.666052 -0.008559 -0.532345 0.522408
1967.400000000 -94.094737 65.817510 72.936483 -0.670129 -0.007265 -0.530538 0.519041
1967.600000000 -94.127205 65.796168 72.889545 -0.671808 -0.004697 -0.531201 0.516215
1967.700000000 -94.033965 65.906757 72.895639 -0.671162 -0.005551 -0.531144 0.517103
1967.900000000 -93.888724 66.077071 72.854048 -0.678026 -0.001615 -0.529629 0.509677
1968.000000000 -93.662924 66.162911 72.737537 -0.672571 -0.010175 -0.527916 0.518507
1968.200000000 -93.589464 66.408675 72.813488 -0.679322 -0.006022 -0.526755 0.510896
1968.300000000 -93.583159 66.385580 72.764255 -0.680753 -0.007153 -0.525485 0.510284
1968.400000000 -93.551183 66.487683 72.798727 -0.685554 -0.002731 -0.525187 0.504170
1968.500000000 -93.408403 66.502744 72.705846 -0.681899 -0.007159 -0.524975 0.509278
1968.800000000 -93.297148 66.643471 72.681445 -0.687099 -0.006422 -0.522385 0.504943
1969.000000000 -92.943165 66.845844 72.565979 -0.680894 -0.018460 -0.519701 0.515707
1969.200000000 -92.999900 66.818415 72.579306 -0.686930 -0.013831 -0.518763 0.508745
1969.700000000 -92.429665 67.181843 72.538207 -0.682228 -0.028974 -0.513533 0.519625
1969.800000000 -92.420979 67.270103 72.600515 -0.683842 -0.030463 -0.512197 0.518734
1969.900000000 -92.327140 67.342274 72.644787 -0.687268 -0.025599 -0.513045 0.513606
1970.000000000 -92.382934 67.363382 72.710838 -0.691798 -0.022318 -0.512547 0.508147
1970.300000000 -93.063585 67.947399 73.805030 -0.680429 -0.026628 -0.516340 0.519327
1970.400000000 -93.083344 67.968713 73.856123 -0.687463 -0.021215 -0.515651 0.510929
1970.700000000 -92.683362 68.154417 73.982736 -0.689843 -0.016919 -0.517141 0.506355
1970.800000000 -92.574659 68.187984 74.003612 -0.689963 -0.019444 -0.515740 0.507529
1970.900000000 -92.468767 68.248688 74.068415 -0.689749 -0.020308 -0.515414 0.508116
1971.200000000 -92.080893 68.400872 74.228150 -0.692037 -0.019185 -0.515402 0.505051
1971.400000000 -91.851937 68.493436 74.384698 -0.693352 -0.017357 -0.515503 0.503208
1972.000000000 -91.121391 68.433409 74.689121 -0.682834 -0.026603 -0.517348 0.515151
1972.400000000 -90.445237 68.742310 75.091357 -0.682396 -0.021923 -0.520349 0.512926
1972.500000000 -90.464726 68.578133 75.095290 -0.685086 -0.021467 -0.519061 0.510658
1973.000000000 -89.573314 68.971188 75.636542 -0.680171 -0.019702 -0.523063 0.513210
1973.100000000 -89.510397 68.896962 75.698987 -0.682693 -0.014617 -0.524265 0.508786
1973.500000000 -88.712442 69.228835 76.222399 -0.669471 -0.008266 -0.534367 0.515938
1973.700000000 -88.491848 69.226171 76.404637 -0.669914 -0.004117 -0.536574 0.513114
1974.000000000 -88.060729 69.337250 76.720100 -0.664077 -0.000004 -0.541835 0.515186
1974.100000000 -87.855743 69.413946 76.833305 -0.659835 -0.000226 -0.544564 0.517752
1974.300000000 -87.630425 69.466313 77.013558 -0.661685 0.005509 -0.546384 0.513426
1974.600000000 -87.369759 69.626840 77.369146 -0.662791 0.009957 -0.547141 0.511121
1974.700000000 -87.213283 69.685958 77.438554 -0.660270 0.009543 -0.548548 0.512882
1974.900000000 -86.952592 69.805390 77.614578 -0.657724 0.010442 -0.550461 0.514084
1975.000000000 -86.788450 69.793584 77.646660 -0.657622 0.015849 -0.553492 0.510812
1975.200000000 -86.487384 69.964942 77.798790 -0.656876 0.012709 -0.551842 0.513637
1975.400000000 -86.252796 70.160070 77.971521 -0.657222 0.007780 -0.548807 0.516535
1975.500000000 -86.099580 70.233965 78.015998 -0.657045 0.009266 -0.549551 0.515945
1975.600000000 -86.000149 70.306860 78.070028 -0.656548 0.008687 -0.549468 0.516677
1975.800000000 -85.860367 70.435847 78.175593 -0.657370 0.010313 -0.549498 0.515568
1976.000000000 -85.581761 70.573439 78.176810 -0.657997 0.010554 -0.549123 0.515163
1976.100000000 -85.491459 70.661707 78.215182 -0.657318 0.009334 -0.549019 0.516162
1976.200000000 -85.516356 70.757853 78.320342 -0.657144 0.008535 -0.548671 0.516768
1976.400000000 -85.296392 70.930407 78.319762 -0.657761 0.004688 -0.546257 0.518586
1976.500000000 -85.249569 71.006400 78.348466 -0.659861 0.005284 -0.545302 0.516915
1976.600000000 -85.194005 71.093054 78.383796 -0.659474 0.004015 -0.544872 0.517874
1976.800000000 -85.109478 71.242054 78.365371 -0.666321 0.000141 -0.537965 0.516342
1976.900000000 -84.960006 71.310192 78.349710 -0.663398 0.003425 -0.542335 0.515523
1977.000000000 -84.861554 71.387548 78.323588 -0.663806 0.002181 -0.541404 0.515983
1977.800000000 -84.653644 72.115617 78.377242 -0.667831 -0.002945 -0.535980 0.516448
1978.300000000 -84.775362 72.066997 78.079497 -0.667410 -0.004627 -0.536351 0.516595
1978.400000000 -84.878468 72.062999 78.065678 -0.669013 -0.001559 -0.537748 0.513075
1979.300000000 -84.856929 72.784453 77.835263 -0.664293 0.011619 -0.548510 0.507658
1979.400000000 -84.851182 72.892008 77.798869 -0.665015 0.010678 -0.547209 0.508137
1979.500000000 -84.969878 72.844834 77.707158 -0.667354 0.010718 -0.545450 0.506960
1979.600000000 -84.975440 72.908274 77.646906 -0.669224 0.011214 -0.544669 0.505320
1980.100000000 -84.571767 73.560231 77.323941 -0.669449 0.011515 -0.544788 0.504888
1980.800000000 -84.682858 74.128679 76.881127 -0.667717 0.007138 -0.543669 0.508456
1981.300000000 -84.370742 74.928630 76.611402 -0.666754 0.004981 -0.543331 0.510104
1981.400000000 -84.419763 74.825211 76.437473 -0.664795 0.003224 -0.543354 0.512644
1982.300000000 -84.500838 75.707057 75.933544 -0.670630 0.005334 -0.541418 0.507044
1982.500000000 -84.385715 75.985845 75.836264 -0.673911 0.009447 -0.542181 0.501791
1983.100000000 -84.111982 76.672084 75.484717 -0.671362 0.003426 -0.540342 0.507240
1983.400000000 -84.005761 76.980642 75.341198 -0.671787 0.004439 -0.540743 0.506241
1983.500000000 -84.034580 76.979698 75.268088 -0.672034 0.004921 -0.540917 0.505722
1983.800000000 -83.945396 77.352610 75.207488 0.677467 -0.007948 0.539555 -0.499855
1984.000000000 -83.773475 77.596339 75.132148 -0.675838 0.005634 -0.539484 0.502163
1984.200000000 -83.722989 77.716660 75.048215 -0.676661 0.006615 -0.539538 0.500984
1984.300000000 -83.662740 77.843105 75.036954 -0.676498 0.006333 -0.539521 0.501226
1984.400000000 -83.549031 77.996320 75.018734 -0.676259 0.004962 -0.538990 0.502134
1984.500000000 -83.506433 78.039726 74.959985 -0.675834 0.003799 -0.538640 0.503091
1984.700000000 -83.447642 78.195685 74.932367 -0.677841 0.005671 -0.538265 0.500770
1985.000000000 -83.243594 78.459633 74.884466 0.678227 -0.006670 0.538770 -0.499691
1985.100000000 -83.199437 78.512155 74.862478 -0.677379 0.005428 -0.538490 0.501156
1985.200000000 -83.141694 78.578410 74.833607 -0.677284 0.003867 -0.537777 0.502063
1985.400000000 -83.024693 78.802088 74.853704 0.681186 -0.005317 0.536472 -0.498152
1985.500000000 -82.989734 78.824650 74.829294 0.680482 -0.004063 0.536169 -0.499450
1985.700000000 -82.860481 78.922231 74.795410 -0.679025 0.002160 -0.535921 0.501706
1985.900000000 -82.779104 78.990214 74.766751 -0.678890 0.000703 -0.535321 0.502533
1986.200000000 -82.561564 79.144082 74.758817 0.682324 -0.005254 0.536021 -0.497079
1986.300000000 -82.411469 79.319160 74.797512 0.681792 -0.003309 0.535465 -0.498424
1987.100000000 -81.509299 80.105755 75.020458 0.683118 -0.002248 0.534352 -0.497808
1987.200000000 -81.371837 80.238730 75.068694 0.682336 -0.000334 0.533911 -0.499356
1987.500000000 -81.020598 80.456705 75.172072 0.681952 -0.001590 0.534766 -0.498964
1987.900000000 -80.653504 80.641807 75.311990 0.686210 -0.003199 0.533444 -0.494514
1988.100000000 -80.455297 80.729179 75.405194 0.686092 -0.003588 0.533836 -0.494252
1988.200000000 -80.340077 80.784498 75.454663 0.685994 -0.002684 0.533573 -0.494677
1988.500000000 -79.946859 80.946039 75.606866 0.684446 -0.001689 0.533996 -0.496366
1988.600000000 -79.819318 80.977945 75.635101 0.685525 -0.001705 0.533336 -0.495586
1988.700000000 -79.696563 81.019340 75.695791 0.685693 -0.002414 0.533672 -0.494988
1988.800000000 -79.613006 81.080992 75.785954 0.685954 -0.003222 0.533909 -0.494366
1989.200000000 -79.128995 81.274665 76.017833 0.686194 -0.002829 0.533421 -0.494562
1989.300000000 -79.028843 81.305796 76.064333 0.688287 -0.002785 0.532247 -0.492916
1989.500000000 -78.749631 81.421597 76.210386 0.687002 -0.004044 0.533982 -0.492823
1989.600000000 -78.620625 81.459014 76.242175 0.686180 -0.001660 0.533051 -0.494985
1989.700000000 -78.515809 81.529579 76.342951 0.687079 -0.004079 0.533898 -0.492807
1989.800000000 -78.397575 81.562773 76.374229 0.687304 -0.001952 0.532571 -0.493942
1990.100000000 -78.079689 81.756742 76.629296 0.686260 -0.003024 0.533853 -0.494002
1990.300000000 -77.789338 81.855240 76.709252 0.684918 -0.002264 0.534369 -0.495310
1990.600000000 -77.468699 82.073627 76.907024 0.687986 -0.004793 0.534092 -0.491324
1990.900000000 -76.995822 82.183946 76.927398 0.684041 0.000045 0.534068 -0.496849
1991.200000000 -76.710220 82.408788 77.094679 0.686749 -0.001508 0.533353 -0.493870
1991.300000000 -76.572178 82.472716 77.116561 0.687817 -0.002877 0.533349 -0.492380
1991.600000000 -76.446104 82.522973 77.240966 0.692102 -0.008655 0.533984 -0.485573
1992.100000000 -76.026667 82.702671 77.314556 0.690437 -0.008128 0.534838 -0.487010
1992.200000000 -75.902055 82.816495 77.347507 0.690998 -0.008328 0.534703 -0.486359
1992.800000000 -75.666390 82.591262 77.151807 0.689190 -0.007004 0.534963 -0.488653
1992.900000000 -75.663501 82.503575 77.103947 0.689620 -0.007994 0.535315 -0.487645
1993.300000000 -75.527632 82.708404 77.160631 0.695388 -0.014157 0.535310 -0.479247
1993.400000000 -75.483807 82.732117 77.137792 0.694036 -0.012504 0.535260 -0.481304
1993.600000000 -75.109389 83.006361 77.092390 0.690892 -0.009411 0.535581 -0.485523
1993.900000000 -75.132206 83.201802 77.187728 0.695564 -0.014110 0.535353 -0.478946
1994.000000000 -75.119839 83.123299 77.099796 0.696111 -0.014545 0.535369 -0.478118
1994.100000000 -75.012338 83.261654 77.118803 0.695530 -0.014834 0.536012 -0.478236
1994.300000000 -74.851538 83.523684 77.149598 0.697994 -0.015975 0.535224 -0.475483
1994.400000000 -74.916060 83.376338 77.046702 0.700160 -0.017349 0.534660 -0.472878
1994.500000000 -74.794000 83.576257 77.102058 0.698622 -0.017038 0.535489 -0.474225
1994.600000000 -74.650802 83.642268 77.035009 0.698835 -0.017425 0.535753 -0.473599
1994.700000000 -74.552532 83.764795 77.021403 0.698964 -0.016855 0.535479 -0.473739
1994.900000000 -74.466590 83.952286 77.032017 0.699922 -0.018572 0.535795 -0.471898
1995.000000000 -74.436835 83.990836 77.002014 0.700852 -0.019285 0.535685 -0.470614
1995.200000000 -74.376803 83.914062 76.817412 0.698557 -0.015070 0.535009 -0.474928
1995.500000000 -74.011141 83.967918 76.494377 0.683871 0.002444 0.534413 -0.496706
1995.700000000 -73.932723 84.183563 76.521160 0.690549 -0.005907 0.535265 -0.486413
1995.800000000 -73.962478 84.282603 76.539703 0.692689 -0.006383 0.534139 -0.484599
1995.900000000 -73.867720 84.372636 76.512320 0.691520 -0.006173 0.534743 -0.485604
1996.100000000 -73.700095 84.699134 76.566684 0.692667 -0.009103 0.535682 -0.482881
1996.200000000 -73.630056 84.762432 76.540443 0.691747 -0.009383 0.536457 -0.483334
1996.300000000 -73.507141 84.853788 76.476241 0.691970 -0.009350 0.536332 -0.483155
1996.500000000 -73.323309 85.114887 76.466146 0.691154 -0.009199 0.536624 -0.484000
1996.600000000 -73.132808 85.270015 76.409113 0.686763 -0.003266 0.536084 -0.490877
1996.700000000 -73.221678 85.292556 76.432224 0.692489 -0.010367 0.536522 -0.482177
1996.800000000 -73.104437 85.333035 76.340309 0.689385 -0.007000 0.536554 -0.486630
1997.100000000 -72.888159 85.706121 76.352339 0.691103 -0.010343 0.537474 -0.483106
1997.200000000 -72.735228 85.839021 76.333359 0.689399 -0.010632 0.538820 -0.484035
1997.400000000 -72.608710 86.030517 76.295284 0.689962 -0.010034 0.538037 -0.484116
1997.700000000 -72.268910 86.380329 76.236963 0.688685 -0.010803 0.539435 -0.484361
1998.000000000 -72.018031 86.706717 76.218137 0.691095 -0.015918 0.541012 -0.478999
1998.100000000 -71.930594 86.852761 76.235531 0.690670 -0.016389 0.541529 -0.479012
1998.200000000 -71.779623 87.015364 76.240044 0.689082 -0.016486 0.542635 -0.480042
1998.300000000 -71.661335 87.115949 76.208330 0.688462 -0.016334 0.542994 -0.480532
1998.400000000 -71.512925 87.266223 76.179462 0.685157 -0.012536 0.542924 -0.485424
1998.500000000 -71.452742 87.369293 76.173200 0.687505 -0.015014 0.542898 -0.482051
1998.600000000 -71.364771 87.488139 76.171742 0.686452 -0.014701 0.543530 -0.482848
1998.700000000 -71.202707 87.619838 76.146771 0.684069 -0.014289 0.544937 -0.484653
1998.800000000 -71.070595 87.753574 76.135892 0.682479 -0.013692 0.545629 -0.486132
1999.200000000 -70.775544 88.231725 76.109106 0.684969 -0.013432 0.543668 -0.484832
1999.300000000 -70.712403 88.334523 76.121973 0.686550 -0.017080 0.544818 -0.481176
1999.500000000 -70.497543 88.567718 76.121451 0.683871 -0.017221 0.546520 -0.483053
1999.800000000 -70.218727 88.900008 76.114425 0.685397 -0.019961 0.547199 -0.480007
1999.900000000 -70.144887 89.020228 76.130230 0.684720 -0.020017 0.547798 -0.480287
2000.000000000 -70.019692 89.151939 76.157051 0.682577 -0.021027 0.549788 -0.481019
2000.200000000 -69.845675 89.310551 76.093277 0.681790 -0.018914 0.549006 -0.483112
2000.300000000 -69.848532 89.337349 76.098374 0.685237 -0.024319 0.549949 -0.476880
2000.500000000 -69.629311 89.494431 76.041987 0.682269 -0.022349 0.550787 -0.480253
2000.600000000 -69.556696 89.554521 76.022375 0.681884 -0.022533 0.551187 -0.480332
2000.700000000 -69.649180 89.405720 75.929454 0.683868 -0.023423 0.550485 -0.478269
2000.800000000 -69.544099 89.481524 75.899608 0.683800 -0.023755 0.550863 -0.477916
2001.000000000 -69.400089 89.629970 75.881322 0.683834 -0.024529 0.551376 -0.477236
2001.100000000 -69.290608 89.747454 75.886729 0.683638 -0.024597 0.551637 -0.477212
2001.200000000 -69.182374 89.812157 75.865489 0.682726 -0.024362 0.552201 -0.477875
2001.400000000 -69.024747 89.981325 75.860995 0.684167 -0.025352 0.551717 -0.476321
2001.500000000 -68.897284 90.069071 75.857983 0.682776 -0.025617 0.553042 -0.476765
2001.800000000 -68.543552 90.392731 75.884899 0.680848 -0.023881 0.553267 -0.479345
2002.100000000 -68.376268 90.565096 75.910701 0.684472 -0.025772 0.552009 -0.475521
2002.200000000 -68.175926 90.746573 75.967364 0.682493 -0.026183 0.553767 -0.476298
2002.300000000 -68.026738 90.866761 76.003026 0.681209 -0.026167 0.554715 -0.477034
2002.900000000 -68.215153 92.100999 77.180668 0.670731 -0.012858 0.553219 -0.493866
2003.000000000 -68.135606 92.150056 77.226606 0.670401 -0.013430 0.553718 -0.493740
2003.500000000 -67.724941 92.283919 77.384016 0.674050 -0.013279 0.551736 -0.490986
2003.600000000 -67.571920 92.383523 77.462978 0.672962 -0.013384 0.552588 -0.491517
2003.800000000 -67.263893 92.588371 77.600743 0.672266 -0.011915 0.552239 -0.492898
2003.900000000 -67.132510 92.646009 77.672315 0.671965 -0.012844 0.553163 -0.492248
2004.000000000 -67.038901 92.671541 77.728396 0.672384 -0.012867 0.553074 -0.491776
2004.300000000 -66.770345 92.725116 77.907264 0.676823 -0.015860 0.552517 -0.486193
2004.400000000 -66.667424 92.714959 77.930680 0.676462 -0.013814 0.551724 -0.487656
2004.500000000 -66.527726 92.790902 78.018926 0.676129 -0.014003 0.552073 -0.487719
2004.600000000 -66.408673 92.857681 78.114619 0.676378 -0.014914 0.552475 -0.486890
2004.700000000 -66.295409 92.880806 78.176874 0.676247 -0.013720 0.551983 -0.487664
2004.900000000 -66.068352 92.973821 78.340829 0.677995 -0.015354 0.552086 -0.485065
2005.700000000 -65.139091 93.328848 79.048746 0.675035 -0.011861 0.552720 -0.488557
2005.800000000 -65.026989 93.341216 79.132824 0.676511 -0.014566 0.553469 -0.485584
2006.000000000 -64.808433 93.382660 79.281321 0.678961 -0.017297 0.553742 -0.481750
2006.100000000 -64.731024 93.432016 79.371792 0.680119 -0.016139 0.552378 -0.481722
2006.200000000 -64.580614 93.426175 79.387522 0.682986 -0.017557 0.551258 -0.478891
2006.400000000 -64.260399 93.577608 79.598450 0.676601 -0.016235 0.555073 -0.483572
2006.700000000 -64.018668 93.749676 79.953968 0.678590 -0.021693 0.557630 -0.477591
2007.200000000 -63.776010 94.039783 80.578150 0.679239 -0.022749 0.558227 -0.475920
2007.300000000 -63.756617 94.096388 80.731921 0.684242 -0.031759 0.560400 -0.465571
2007.500000000 -63.462540 94.036775 80.780850 0.675819 -0.029164 0.565845 -0.471420
2007.700000000 -63.300006 94.008051 80.846897 0.673665 -0.025389 0.565521 -0.475096
2008.100000000 -62.742008 94.332713 81.154048 0.673428 -0.030456 0.569033 -0.470924
2008.200000000 -62.673662 94.268306 81.157761 0.675064 -0.032511 0.569416 -0.467971
2008.500000000 -62.323219 94.395911 81.293905 0.668339 -0.027596 0.571303 -0.475578
2008.600000000 -62.272643 94.331501 81.282345 0.670730 -0.029443 0.571089 -0.472347
2008.800000000 -61.958965 94.649746 81.488313 0.671582 -0.033651 0.573185 -0.468299
2008.900000000 -61.817796 94.645265 81.489070 0.665499 -0.030611 0.575998 -0.473709
2009.200000000 -61.565745 94.723313 81.576449 0.666431 -0.033822 0.577762 -0.470017
2009.300000000 -61.371524 95.033710 81.745986 0.670390 -0.038769 0.577776 -0.463949
2009.400000000 -61.205716 95.212839 81.819384 0.674840 -0.041865 0.576194 -0.459171
2010.300000000 -60.440419 95.410166 81.790698 0.651640 -0.023771 0.583354 -0.484250
2010.400000000 -60.364999 95.528747 81.833336 0.659512 -0.029936 0.581929 -0.474876
2010.700000000 -60.088554 95.879470 81.902080 0.668531 -0.034655 0.578611 -0.465913
2011.000000000 -59.915971 95.878739 81.758544 0.665000 -0.026949 0.576607 -0.473891
2011.100000000 -59.827487 95.913552 81.740049 0.660781 -0.025517 0.579130 -0.476787
2011.300000000 -59.696007 96.111354 81.718478 0.666192 -0.023356 0.573710 -0.475920
2011.400000000 -59.544235 96.145913 81.713409 0.654864 -0.023722 0.583155 -0.480125
2011.500000000 -59.534034 96.472161 81.836051 0.679227 -0.038314 0.574369 -0.455284
2011.600000000 -59.404503 96.442056 81.741575 0.664106 -0.024846 0.577401 -0.474293
2011.900000000 -59.154856 96.745243 81.706778 0.666664 -0.025127 0.576491 -0.471790
2012.000000000 -59.060826 97.033503 81.795182 0.674757 -0.030898 0.574209 -0.462637
2012.400000000 -58.652273 97.540333 81.725856 0.676580 -0.027043 0.571194 -0.463946
2012.500000000 -58.608068 97.561194 81.674237 0.674878 -0.026034 0.572068 -0.465403
2012.700000000 -58.476137 97.729238 81.612523 0.678835 -0.030078 0.571781 -0.459723
2012.900000000 -58.311410 97.928634 81.534966 0.680448 -0.027319 0.569164 -0.460757
2013.200000000 -57.964397 98.379368 81.496454 0.680562 -0.026171 0.568880 -0.461005
2013.300000000 -57.995926 98.383476 81.443495 0.681031 -0.025229 0.568159 -0.461255
2013.700000000 -57.551212 98.885358 81.347661 0.680280 -0.026346 0.570091 -0.459914
2014.500000000 -57.662021 100.044385 81.642301 0.683579 -0.023863 0.565950 -0.460272
2014.800000000 -56.730395 100.081997 81.036088 0.682741 -0.025079 0.568095 -0.458807
2015.000000000 -56.633226 100.229078 80.962512 0.685060 -0.025886 0.567396 -0.456162
2015.400000000 -56.613615 100.852746 81.148984 0.682890 -0.025475 0.568600 -0.457937
2015.500000000 -56.358258 100.547807 80.757648 0.685213 -0.027210 0.568328 -0.454693
2015.700000000 -56.477433 101.092341 81.081021 0.684569 -0.027599 0.568725 -0.455143
2015.800000000 -56.511787 101.183191 81.118269 0.684616 -0.028753 0.569570 -0.453943
2015.900000000 -56.423407 101.225159 81.052777 0.684001 -0.028278 0.569857 -0.454539
2016.300000000 -56.171035 101.820157 81.115990 0.685501 -0.028882 0.569457 -0.452740
2016.400000000 -56.131494 101.742953 80.992316 0.687252 -0.030637 0.569409 -0.450022
2016.700000000 -56.025676 102.020137 80.996190 0.689095 -0.034727 0.570605 -0.445367
2017.300000000 -55.460616 102.669971 80.885463 0.685427 -0.031637 0.572217 -0.449173
2017.500000000 -55.474084 102.750597 80.840661 0.690428 -0.038310 0.572289 -0.440824
2018.000000000 -55.018469 103.218330 80.662823 0.686958 -0.034812 0.573536 -0.444897
2018.200000000 -54.916294 103.419598 80.655455 0.688175 -0.039460 0.575467 -0.440109
2018.700000000 -54.585704 103.911463 80.535426 0.692153 -0.050928 0.579585 -0.427097
2018.800000000 -54.392631 104.015456 80.464003 0.685653 -0.045325 0.581646 -0.435331
2018.900000000 -54.194929 104.008645 80.354861 0.673985 -0.038156 0.586593 -0.447433
2019.000000000 -54.215948 104.167555 80.344027 0.681819 -0.042058 0.582846 -0.440051
2019.500000000 -53.801151 104.846307 80.204561 0.685914 -0.049289 0.584011 -0.431305
2020.100000000 -53.158845 105.697080 79.989336 0.680048 -0.046897 0.588078 -0.435316
2020.500000000 -53.199898 105.928149 79.772345 0.688398 -0.055125 0.586450 -0.423256
2020.600000000 -53.040440 106.004361 79.659922 0.686288 -0.052352 0.586730 -0.426632
2020.800000000 -52.960052 106.248803 79.599400 0.689106 -0.055343 0.586270 -0.422323
2021.300000000 -52.598612 106.640791 79.249630 0.684639 -0.048247 0.586630 -0.429893
2021.600000000 -52.378702 107.079061 79.163377 0.689386 -0.053148 0.585695 -0.422946
2021.700000000 -52.434781 107.013777 79.031227 0.688789 -0.049649 0.584454 -0.426049
2022.000000000 -52.022361 107.370506 78.881431 0.681160 -0.041859 0.586360 -0.436406
2022.100000000 -52.128306 107.392808 78.862444 0.688425 -0.051716 0.586071 -0.424166
2022.300000000 -51.904149 107.627739 78.783065 0.687079 -0.049443 0.586126 -0.426538
2022.500000000 -51.790535 107.787321 78.711690 0.688283 -0.052147 0.586503 -0.423747
2022.600000000 -51.675820 107.902020 78.682879 0.686659 -0.050489 0.587138 -0.425698
2022.900000000 -51.448230 108.044685 78.513926 0.681145 -0.042608 0.587589 -0.434702
2023.000000000 -51.405849 108.186169 78.530721 0.684714 -0.047142 0.587149 -0.429186
2023.100000000 -51.352681 108.311544 78.532842 0.690658 -0.054093 0.586367 -0.419809
2023.200000000 -51.264664 108.384980 78.507106 0.690554 -0.053990 0.586695 -0.419534
2023.400000000 -51.095684 108.459232 78.403429 0.687669 -0.049937 0.587027 -0.424284
2023.500000000 -51.094160 108.489792 78.372496 0.688371 -0.050011 0.586648 -0.423660
2023.600000000 -50.992335 108.622138 78.373107 0.690332 -0.051117 0.585738 -0.421591
2023.700000000 -50.960319 108.656019 78.340010 0.692206 -0.052695 0.585285 -0.418946
2023.800000000 -50.893168 108.666405 78.287286 0.690389 -0.050101 0.585358 -0.422148
2024.100000000 -50.569719 108.882069 78.272070 0.665170 -0.018273 0.587114 -0.460990
2024.200000000 -50.482079 108.966933 78.271233 0.665765 -0.018800 0.587239 -0.459950
2024.700000000 -50.180334 109.040239 78.151200 0.664116 -0.014260 0.586127 -0.463897
2024.900000000 -49.905565 109.249232 78.194243 0.664568 -0.015392 0.586768 -0.462402
2025.000000000 -49.813839 109.287572 78.183515 0.664826 -0.014717 0.586412 -0.462505
2025.500000000 -49.338236 109.493236 78.190838 0.662470 -0.009989 0.585891 -0.466653
2025.700000000 -49.243065 109.521573 78.190489 0.667676 -0.014738 0.585442 -0.459618
2025.800000000 -49.074219 109.680711 78.251481 0.667667 -0.013648 0.585121 -0.460075
2025.900000000 -49.000099 109.693432 78.257010 0.668174 -0.013745 0.584985 -0.459508
2026.200000000 -48.681789 109.697903 78.245125 0.654106 0.004202 0.584411 -0.480199
2026.600000000 -48.362041 109.874728 78.378178 0.668233 -0.012539 0.584982 -0.459460
2027.000000000 -47.991734 109.957629 78.476813 0.664862 -0.006848 0.584891 -0.464558
2027.100000000 -47.925594 109.981800 78.501883 0.666055 -0.006690 0.584259 -0.463646
2027.400000000 -47.681707 109.991302 78.561314 0.668361 -0.007749 0.583652 -0.461067
2027.500000000 -47.572030 110.061071 78.610470 0.669213 -0.008358 0.583716 -0.459740
2027.700000000 -47.416271 110.048353 78.632318 0.668994 -0.005533 0.582660 -0.461436
2028.000000000 -47.169161 110.049738 78.706349 0.669073 -0.003305 0.582070 -0.462088
2028.100000000 -47.123094 110.033264 78.726521 0.670355 -0.003294 0.581496 -0.460950
2028.300000000 -46.944624 110.062930 78.803091 0.671559 -0.003397 0.581093 -0.459704
2028.600000000 -46.712827 110.035222 78.904884 0.675508 -0.006617 0.580745 -0.454291
2028.700000000 -46.612227 110.034888 78.948320 0.675496 -0.007643 0.581551 -0.453261
2028.900000000 -46.510457 109.937608 78.975331 0.675715 -0.004501 0.580026 -0.454928
2029.100000000 -46.228508 110.042118 79.109595 0.672262 0.001560 0.579766 -0.460362
2029.200000000 -46.088065 110.102666 79.201776 0.673354 -0.001353 0.580642 -0.457654
2029.400000000 -45.829694 110.182810 79.338772 0.673744 -0.001715 0.580941 -0.456699
2029.600000000 -45.589322 110.252490 79.511872 0.678881 -0.002692 0.584894 -0.443862
2029.800000000 -45.223375 110.366317 79.686220 0.670613 0.015582 0.586867 -0.453455
2029.900000000 -45.147430 110.395479 79.777783 0.676659 0.008452 0.587303 -0.444001
2030.000000000 -44.972839 110.403945 79.831202 0.675679 0.012040 0.586540 -0.446412
2030.400000000 -44.390907 110.464006 80.136386 0.671896 0.015800 0.586642 -0.451839
2030.600000000 -44.480709 110.015009 80.109680 0.677946 0.008443 0.585844 -0.443964
2030.700000000 -44.424612 109.835319 80.082057 0.670916 0.022568 0.583410 -0.457160
2030.900000000 -44.513495 109.392094 80.065469 0.682224 0.006077 0.583516 -0.440502
2031.000000000 -44.581165 109.030201 79.943831 0.673102 0.025959 0.579077 -0.459270
2031.100000000 -44.354150 109.230138 80.133536 0.685573 0.003290 0.581971 -0.437366
2031.200000000 -44.421533 108.816890 79.985450 0.675163 0.024675 0.577824 -0.457893
2031.300000000 -43.980583 109.236348 80.252203 0.674515 0.017698 0.581705 -0.454242
2031.600000000 -43.435093 109.458696 80.536228 0.685587 0.002391 0.580082 -0.439852
2031.800000000 -43.577379 108.809901 80.316039 0.670316 0.031939 0.574224 -0.468960
2031.900000000 -43.272842 109.137596 80.538284 0.687370 0.007695 0.575013 -0.443648
2032.100000000 -42.620671 109.611993 80.812709 0.678868 0.017900 0.574795 -0.456540
2032.300000000 -42.785091 109.340282 80.953515 0.703447 -0.024770 0.576778 -0.414580
2032.400000000 -42.766444 109.235544 80.963910 0.706802 -0.024702 0.574303 -0.412306
2032.800000000 -43.391691 108.505193 81.109544 0.724001 -0.058889 0.574060 -0.377903
2033.000000000 -41.666767 109.214940 81.041814 0.686017 0.003514 0.575112 -0.445662
2033.100000000 -41.609909 109.141309 81.023120 0.687546 0.008578 0.571961 -0.447289
2033.300000000 -41.566014 108.836512 80.965598 0.688075 0.010269 0.570764 -0.447968
2033.600000000 -41.711809 108.595485 81.180656 0.709810 -0.034946 0.575783 -0.404255
2033.700000000 -41.570602 108.543043 81.196701 0.706331 -0.034945 0.578757 -0.406098
2034.000000000 -41.451379 108.257403 81.213213 0.704062 -0.040336 0.582738 -0.403839
2034.100000000 -41.423798 108.172734 81.173211 0.707260 -0.039165 0.579727 -0.402698
2034.400000000 -41.244728 107.964230 81.130877 0.706069 -0.039094 0.580418 -0.403799
2034.600000000 -41.164753 107.868732 81.061936 0.702973 -0.046199 0.583083 -0.404610
2034.700000000 -41.113641 107.790587 81.038412 0.716759 -0.029930 0.568919 -0.402109
2034.800000000 -40.966790 107.741530 81.057228 0.708910 -0.034703 0.576313 -0.405099
2035.200000000 -40.909567 107.371375 80.923454 0.718523 -0.027214 0.566454 -0.402634
2035.700000000 -40.467180 107.250128 80.862080 0.700518 -0.042765 0.582174 -0.410512
2036.200000000 -40.462696 106.908935 80.650735 0.695850 -0.054440 0.587174 -0.409946
2036.600000000 -40.451327 106.659064 80.497744 0.682244 -0.077933 0.600953 -0.409054
2036.700000000 -40.378245 106.662849 80.455529 0.692784 -0.061941 0.590758 -0.408924
2036.800000000 -40.328400 106.650733 80.427339 0.688929 -0.068057 0.594750 -0.408677
2037.400000000 -39.996586 106.588493 80.095417 0.687448 -0.047295 0.588506 -0.422894
2037.800000000 -40.766319 106.009576 79.876051 0.697679 -0.064644 0.588524 -0.403366
2037.900000000 -40.695957 105.976477 79.762173 0.695450 -0.057017 0.586915 -0.410645
2038.100000000 -40.425423 106.153221 79.703123 0.690835 -0.052863 0.588352 -0.416886
2038.200000000 -40.396599 106.151820 79.662755 0.688431 -0.053515 0.590339 -0.417971
2038.600000000 -40.932352 105.782640 79.439859 0.692440 -0.063558 0.591944 -0.407541
2039.200000000 -40.790278 105.859900 79.133316 0.681628 -0.053486 0.595471 -0.421825
2039.300000000 -40.957216 105.801410 79.100105 0.682989 -0.054224 0.595012 -0.420175
2039.700000000 -41.817899 105.446968 78.902141 0.698741 -0.071942 0.591237 -0.396262
2040.000000000 -41.067321 105.847319 78.737631 0.682198 -0.052218 0.595012 -0.421710
2040.200000000 -40.472022 106.289663 78.763639 0.653924 -0.028860 0.602527 -0.456630
2040.400000000 -40.729614 106.257789 78.557565 0.668877 -0.008695 0.582111 -0.462249
2040.900000000 -41.207863 106.082648 78.334778 0.672337 -0.020432 0.586969 -0.450569
2041.200000000 -41.466378 106.081969 78.197231 0.677680 -0.010797 0.578613 -0.453697
2041.300000000 -41.559395 106.060278 78.166091 0.677830 -0.012198 0.579061 -0.452865
2041.400000000 -41.654160 106.043250 78.128579 0.679057 -0.011817 0.578226 -0.452103
2041.500000000 -41.747906 106.055002 78.078925 0.678619 -0.003975 0.574703 -0.457359
2041.800000000 -41.898537 106.086231 78.060242 0.675422 -0.006206 0.578230 -0.457621
2041.900000000 -41.912645 106.161553 78.081362 0.674911 -0.008971 0.580052 -0.456021
2042.100000000 -42.062195 106.185706 78.051987 0.676646 -0.008465 0.578695 -0.455182
2042.200000000 -42.139615 106.191518 78.047531 0.677453 -0.008924 0.578478 -0.454247
2042.700000000 -42.495675 106.245327 78.018348 0.675281 -0.005081 0.578768 -0.457162
2042.800000000 -42.651269 106.194899 77.976227 0.677681 -0.000332 0.574943 -0.458464
2043.000000000 -42.788008 106.215145 77.986836 0.676211 0.000026 0.576237 -0.459009
2043.100000000 -42.876968 106.203687 77.986600 0.676139 -0.001136 0.576931 -0.458242
2043.300000000 -43.035713 106.212653 77.997287 0.676043 0.000084 0.576628 -0.458767
2043.400000000 -43.085969 106.241284 78.020424 0.674641 -0.000366 0.577788 -0.459370
2043.600000000 -43.291195 106.196483 78.012544 0.676251 -0.000247 0.576568 -0.458534
2043.900000000 -43.539954 106.177040 78.043760 0.673625 0.002505 0.577264 -0.461508
2044.100000000 -43.696750 106.165957 78.068729 0.672865 0.001583 0.578404 -0.461193
2044.300000000 -43.860485 106.158060 78.095446 0.671816 0.005024 0.577483 -0.463845
2044.400000000 -43.972317 106.100328 78.097082 0.671594 0.003856 0.578254 -0.463215
2044.500000000 -44.001276 106.159320 78.140682 0.669770 0.006249 0.578445 -0.465587
2044.700000000 -44.135208 106.183101 78.195819 0.668861 0.005879 0.579209 -0.465947
2045.000000000 -44.384931 106.133666 78.257985 0.668116 0.008219 0.578717 -0.467589
2045.300000000 -44.609588 106.112402 78.341259 0.667532 0.008107 0.579203 -0.467823
2045.600000000 -44.841460 106.048825 78.420682 0.663574 0.011041 0.580677 -0.471552
2045.700000000 -44.807892 106.139358 78.490907 0.661909 0.011271 0.581768 -0.472541
2045.800000000 -44.961304 106.030569 78.485174 0.662967 0.010140 0.581616 -0.471270
2046.000000000 -45.109483 106.002140 78.550451 0.662654 0.009312 0.582199 -0.471007
2046.100000000 -45.219096 105.937215 78.558120 0.661408 0.012365 0.581626 -0.473391
2046.200000000 -45.300418 105.903106 78.576105 0.660665 0.014103 0.581254 -0.474833
2046.300000000 -45.347654 105.909431 78.613674 0.657862 0.017736 0.581008 -0.478888
2046.500000000 -45.494016 105.867898 78.657883 0.653749 0.024008 0.579939 -0.485496
2047.300000000 -46.443828 105.618616 79.015260 0.688636 -0.040376 0.589151 -0.420774
2047.400000000 -46.218226 105.508918 78.789382 0.654744 0.016935 0.582634 -0.481208
2047.500000000 -46.421094 105.525889 78.909794 0.667839 -0.005389 0.586091 -0.458758
2047.700000000 -46.621275 105.487862 78.952003 0.668638 -0.009370 0.587803 -0.455327
2047.800000000 -46.709514 105.432565 78.943663 0.668370 -0.009966 0.588374 -0.454970
2047.900000000 -46.819494 105.387229 78.949796 0.668798 -0.011891 0.588990 -0.453495
2048.100000000 -46.983791 105.345732 78.946725 0.669394 -0.012252 0.588646 -0.453053
2048.500000000 -47.407430 105.179519 78.890154 0.670038 -0.011346 0.587173 -0.454035
2048.600000000 -47.481625 105.155396 78.872319 0.669305 -0.011612 0.587807 -0.454291
2048.800000000 -47.657830 105.149100 78.874488 0.672712 -0.018627 0.589070 -0.447335
2049.100000000 -47.921976 105.092618 78.780832 0.667031 -0.010294 0.588013 -0.457389
2049.200000000 -47.978690 105.099058 78.756997 0.666691 -0.010533 0.588271 -0.457546
2050.200000000 -48.976201 104.747892 78.243444 0.661988 -0.007286 0.587956 -0.464786
2050.400000000 -49.188436 104.656581 78.117358 0.662904 -0.010339 0.588437 -0.462810
2051.100000000 -49.851706 104.394137 77.648070 0.656651 -0.007934 0.589285 -0.470628
2052.500000000 -51.133167 103.881099 76.820442 0.651744 -0.019591 0.593245 -0.472129
2053.100000000 -51.186735 104.336079 76.680924 0.653314 -0.017584 0.590304 -0.473722
2053.200000000 -51.501304 104.105341 76.543011 0.674818 -0.039535 0.587500 -0.444862
2053.300000000 -51.643819 103.987695 76.466843 0.677038 -0.041212 0.586749 -0.442319
2054.200000000 -53.474599 103.988765 77.010964 0.688760 -0.054659 0.582589 -0.428034
2054.300000000 -53.691052 103.978474 77.087509 0.685774 -0.049330 0.581583 -0.434789
2054.400000000 -52.710801 103.200478 76.098041 0.679301 -0.038050 0.580722 -0.447062
2054.700000000 -52.826899 103.050248 76.099501 0.662471 -0.016074 0.579390 -0.474532
2055.200000000 -53.149456 102.918002 76.258180 0.675408 -0.021571 0.573664 -0.462892
2055.400000000 -53.663202 101.846597 75.990437 0.675522 -0.034900 0.579973 -0.453964
2055.900000000 -55.427646 102.144088 77.200154 0.696913 -0.038330 0.565268 -0.439676
2056.100000000 -55.501505 101.919306 77.364764 0.693141 -0.043025 0.570395 -0.438581
2056.400000000 -54.260922 101.092511 76.490747 0.692205 -0.038188 0.569358 -0.441844
2056.600000000 -54.121902 101.023419 76.570706 0.681552 -0.020845 0.567179 -0.461909
2057.000000000 -53.633817 101.154815 76.916346 0.675895 -0.014895 0.567603 -0.469863
2057.300000000 -53.284538 101.131645 77.059898 0.667744 0.005122 0.561798 -0.488339
2057.700000000 -54.012367 100.230418 77.324512 0.681276 -0.010947 0.561519 -0.469509
2057.800000000 -53.779523 99.889430 77.123272 0.679694 -0.008048 0.561277 -0.472143
2058.000000000 -53.843721 99.636076 77.292638 0.676219 -0.008866 0.563919 -0.473967
2058.100000000 -53.919396 99.492991 77.334302 0.679750 -0.007837 0.560919 -0.472492
2058.200000000 -53.940213 99.322899 77.404471 0.681095 -0.015226 0.564281 -0.466331
2058.600000000 -54.106666 99.330265 78.034268 0.674108 -0.007520 0.563893 -0.477019
2059.000000000 -54.168148 98.575088 78.068464 0.675451 -0.006655 0.562803 -0.476419
2059.300000000 -54.579471 97.811001 78.137401 0.683032 -0.016514 0.563134 -0.464838
2059.600000000 -54.548165 97.862232 78.527038 0.680877 -0.015231 0.563628 -0.467438
2059.800000000 -54.686253 97.668141 78.686681 0.684532 -0.019819 0.563598 -0.461931
2060.100000000 -55.045656 97.091416 78.789580 0.689175 -0.025973 0.563720 -0.454514
2060.200000000 -55.111153 96.945272 78.822056 0.686813 -0.021977 0.563201 -0.458923
2060.300000000 -55.259987 96.709498 78.870203 0.688185 -0.029926 0.566427 -0.452399
2060.400000000 -55.379565 96.544448 78.906775 0.689545 -0.030542 0.565777 -0.451100
2060.500000000 -55.469910 96.386319 78.953993 0.685437 -0.028744 0.567458 -0.455347
2060.600000000 -55.489384 96.277578 79.006771 0.682995 -0.030911 0.570251 -0.455386
2061.000000000 -55.845678 95.690903 79.106006 0.673768 -0.019989 0.570083 -0.469726
2061.100000000 -56.090193 95.335462 79.082425 0.679073 -0.031683 0.572659 -0.458169
2061.400000000 -56.292497 95.178429 79.242890 0.680929 -0.029969 0.570185 -0.458614
2061.700000000 -56.617931 94.694251 79.281784 0.674890 -0.033466 0.575568 -0.460571
2061.800000000 -56.651148 94.714806 79.354506 0.674856 -0.032806 0.575271 -0.461039
2062.100000000 -56.919492 94.436030 79.422477 0.672783 -0.034444 0.577031 -0.461749
2062.200000000 -57.043559 94.319537 79.442604 0.673769 -0.037566 0.578008 -0.458836
2062.300000000 -57.165054 94.161123 79.438300 0.669414 -0.036011 0.579800 -0.463055
2062.400000000 -57.266930 94.060192 79.445965 0.668528 -0.036236 0.580324 -0.463661
2062.500000000 -57.444513 93.931807 79.456887 0.675160 -0.043109 0.579802 -0.454016
2062.800000000 -57.633630 93.791727 79.506881 0.666183 -0.037182 0.582019 -0.464835
2063.000000000 -57.824975 93.733398 79.541759 0.673706 -0.042480 0.579719 -0.456336
2063.100000000 -58.011997 93.526482 79.481998 0.672533 -0.041249 0.579420 -0.458553
2063.200000000 -57.996197 93.620540 79.541416 0.667923 -0.037170 0.580238 -0.464565
2063.400000000 -58.117258 93.592001 79.581158 0.661822 -0.035789 0.583602 -0.469168
2063.500000000 -58.317925 93.423050 79.514866 0.666769 -0.036427 0.580229 -0.466289
2064.200000000 -58.899266 93.373437 79.522713 0.670156 -0.032647 0.574660 -0.468605
2064.500000000 -59.197211 93.297275 79.493156 0.669784 -0.033640 0.575278 -0.468310
2064.700000000 -59.423378 93.187667 79.452556 0.668415 -0.036971 0.578569 -0.465953
2064.900000000 -59.679081 93.088565 79.393014 0.670847 -0.038304 0.577272 -0.463955
2065.500000000 -60.133204 93.198619 79.358201 0.663212 -0.032187 0.578456 -0.473817
2065.700000000 -60.238574 93.310614 79.344320 0.659176 -0.023510 0.575868 -0.483022
2065.800000000 -60.205477 93.389156 79.326155 -0.640575 0.001948 -0.575048 0.508901
2065.900000000 -60.229283 93.503961 79.360452 -0.639798 0.002377 -0.575367 0.509515
2066.000000000 -60.370640 93.401172 79.289292 -0.640274 0.002852 -0.575337 0.508948
2066.100000000 -60.460289 93.357433 79.226941 -0.641016 0.002276 -0.574642 0.508803
2066.200000000 -60.731299 93.245878 79.205754 -0.643073 0.004005 -0.574269 0.506612
2066.500000000 -61.042494 93.112596 79.059204 -0.641598 0.001812 -0.573744 0.509084
2066.600000000 -61.188694 93.029437 78.999817 -0.642771 0.002813 -0.573448 0.507932
2066.800000000 -61.391741 92.942794 78.897566 -0.640861 0.000112 -0.573073 0.510768
2066.900000000 -61.493700 92.912161 78.868187 -0.640532 0.001948 -0.574090 0.510036
2067.000000000 -61.637632 92.811963 78.795706 -0.641156 0.002184 -0.573765 0.509616
2067.100000000 -61.755909 92.745668 78.735903 -0.641042 0.001481 -0.573374 0.510201
2067.200000000 -61.858908 92.713019 78.702471 -0.640339 0.001159 -0.573475 0.510971
2067.900000000 -62.826440 92.121382 78.256188 -0.646443 0.003178 -0.570835 0.506210
2068.200000000 -63.141888 91.993574 78.144997 -0.642977 0.001195 -0.571203 0.510203
2068.300000000 -63.226550 91.976923 78.121842 -0.643102 0.001252 -0.571134 0.510122
2068.400000000 -63.353641 91.865852 78.054073 -0.642546 0.002351 -0.572190 0.509635
2068.700000000 -63.752322 91.586705 77.873823 -0.644374 0.003802 -0.571764 0.507792
2069.000000000 -64.046350 91.399826 77.757752 -0.641433 0.002342 -0.572537 0.510646
2069.200000000 -64.276842 91.229282 77.667590 -0.641524 0.002559 -0.572646 0.510408
2069.500000000 -64.621808 90.975170 77.534066 -0.641909 0.003399 -0.572511 0.510070
2070.100000000 -65.236507 90.510127 77.325945 -0.639358 0.001072 -0.571843 0.514019
2070.200000000 -65.346528 90.406195 77.285380 -0.640450 0.002509 -0.571979 0.512501
2070.500000000 -65.680604 90.090700 77.174283 -0.640330 0.003312 -0.572157 0.512449
2070.800000000 -65.985828 89.804199 77.090686 -0.640074 0.004323 -0.572570 0.512300
2070.900000000 -66.092859 89.695263 77.058120 -0.640310 0.004395 -0.572410 0.512183
2071.100000000 -66.275706 89.535371 77.021185 -0.640203 0.004268 -0.572198 0.512554
2071.200000000 -66.342521 89.491118 77.032801 -0.641246 0.007404 -0.573107 0.510194
2072.100000000 -67.237882 88.545429 76.866706 -0.642427 0.010052 -0.573061 0.508711
2072.300000000 -67.485561 88.244160 76.800423 -0.641375 0.008632 -0.572823 0.510332
2072.500000000 -67.630305 88.138179 76.827015 -0.645900 0.012396 -0.572387 0.505007
2073.600000000 -68.739197 86.856523 76.736619 -0.644867 0.014240 -0.574186 0.504236
2073.700000000 -68.787873 86.869203 76.791473 -0.646425 0.015866 -0.574097 0.502291
2073.800000000 -68.919740 86.692481 76.763792 -0.646545 0.015678 -0.573939 0.502322
2073.900000000 -69.011844 86.580355 76.761915 -0.646496 0.014853 -0.573687 0.502698
2074.000000000 -69.106343 86.501592 76.786412 -0.647178 0.015672 -0.573662 0.501824
2074.600000000 -69.630002 85.876550 76.785248 -0.646724 0.014327 -0.573667 0.502442
2074.700000000 -69.778901 85.708924 76.755566 -0.648593 0.014988 -0.572968 0.500809
2074.900000000 -69.965736 85.505032 76.768183 -0.649657 0.014389 -0.572200 0.500325
2075.300000000 -70.357515 85.078536 76.796517 0.650842 -0.016537 0.572710 -0.498130
2075.500000000 -70.565558 84.862559 76.811299 0.651260 -0.016441 0.572768 -0.497520
2075.900000000 -70.965130 84.448577 76.835237 0.654589 -0.017854 0.571437 -0.494626
2076.200000000 -71.254439 84.145998 76.852371 0.652995 -0.015533 0.571432 -0.496812
2076.400000000 -71.449695 83.926647 76.849204 0.652413 -0.013800 0.570901 -0.498236
2076.500000000 -71.542112 83.837147 76.864816 0.654055 -0.015441 0.570938 -0.495988
2076.800000000 -71.841341 83.533078 76.878926 0.655243 -0.015742 0.570483 -0.494933
2077.000000000 -72.061105 83.302395 76.855504 0.654282 -0.011442 0.568846 -0.498194
2077.200000000 -72.234285 83.139870 76.882839 0.655391 -0.013032 0.568923 -0.496609
2077.500000000 -72.587127 82.772909 76.850064 0.657074 -0.014321 0.568892 -0.494378
2077.600000000 -72.730537 82.618186 76.820917 0.658344 -0.014845 0.568519 -0.493101
2078.100000000 -73.212534 82.208136 76.802239 0.656953 -0.013419 0.569032 -0.494404
2078.500000000 -73.746490 81.720693 76.667888 0.659260 -0.013683 0.567962 -0.492554
2078.600000000 -73.851477 81.640103 76.646618 0.659554 -0.014396 0.568110 -0.491968
2078.700000000 -73.907071 81.648998 76.659191 0.657322 -0.012858 0.568393 -0.494663
2078.800000000 -74.081163 81.485090 76.592130 0.659773 -0.012718 0.567317 -0.492635
2078.900000000 -74.219414 81.347403 76.533864 0.656234 -0.010288 0.568110 -0.496490
2079.200000000 -74.431524 81.340896 76.509598 0.656720 -0.012063 0.568544 -0.495309
2079.300000000 -74.437295 81.442751 76.539021 0.653421 -0.010077 0.569222 -0.498925
2079.400000000 -74.635040 81.236550 76.432348 0.655135 -0.011313 0.569064 -0.496826
2079.600000000 -74.800727 81.197606 76.358631 0.652942 -0.009473 0.569350 -0.499417
2079.700000000 -74.779662 81.371061 76.404661 -0.651458 0.008884 -0.569553 0.501132
2079.900000000 -74.986737 81.319245 76.328370 -0.650965 0.009906 -0.570306 0.500897
2080.100000000 -75.399041 80.981498 76.118957 0.654267 -0.012143 0.570129 -0.496729
2080.200000000 -75.458789 80.961495 76.045015 0.652519 -0.009982 0.570050 -0.499161
2080.300000000 -75.564923 80.966426 76.011863 0.652241 -0.010520 0.570397 -0.499118
2080.400000000 -75.808663 80.794701 75.918661 0.653865 -0.011807 0.570211 -0.497173
2080.800000000 -76.252801 80.734512 75.695422 0.653393 -0.011273 0.570513 -0.497458
2081.000000000 -76.501772 80.641802 75.531002 0.654084 -0.010306 0.569741 -0.497456
2081.100000000 -76.462383 80.798710 75.528351 -0.649869 0.007453 -0.570519 0.502117
2081.200000000 -76.650198 80.703786 75.446277 -0.651189 0.008053 -0.570143 0.500824
2081.300000000 -76.804004 80.661835 75.391147 0.651776 -0.008881 0.570411 -0.499741
2081.500000000 -77.035789 80.583874 75.234687 -0.651119 0.006949 -0.570028 0.501062
2081.600000000 -77.197638 80.514087 75.152852 0.653061 -0.007237 0.569205 -0.499464
2081.700000000 -77.318722 80.464987 75.083135 -0.652118 0.007182 -0.569593 0.500255
2081.900000000 -77.520232 80.386083 74.938681 -0.650971 0.005648 -0.569646 0.501705
2082.200000000 -77.908818 80.232220 74.755835 -0.651781 0.005925 -0.569635 0.500662
2082.400000000 -78.185358 80.141080 74.662751 0.652888 -0.006678 0.569539 -0.499317
2083.000000000 -78.930764 79.739208 74.288019 -0.654146 0.001369 -0.566752 0.500882
2083.200000000 -79.154717 79.624360 74.216258 0.654072 -0.003655 0.568057 -0.499486
2083.400000000 -79.396928 79.496203 74.124394 0.654457 -0.003311 0.567755 -0.499329
2083.500000000 -79.521358 79.424436 74.075229 0.655105 -0.003760 0.567708 -0.498529
2083.600000000 -79.611751 79.374719 74.037135 0.654578 -0.004098 0.568175 -0.498687
2083.800000000 -79.859654 79.232223 73.923149 0.655599 -0.001285 0.566292 -0.499502
2083.900000000 -79.965314 79.171627 73.887029 0.655126 -0.001830 0.566771 -0.499577
2084.100000000 -80.181100 79.044131 73.808201 -0.654694 0.001059 -0.566750 0.500170
2084.200000000 -80.310854 78.965179 73.765964 0.656190 -0.001889 0.566368 -0.498636
2084.700000000 -80.931404 78.554423 73.551598 -0.655903 -0.001377 -0.565141 0.500406
2084.900000000 -81.188948 78.331107 73.437139 0.656873 0.001599 0.564534 -0.499817
2085.000000000 -81.359953 78.156475 73.354250 0.657074 0.002478 0.564165 -0.499966
2085.200000000 -81.529414 78.085803 73.331768 0.658052 0.001523 0.564041 -0.498821
2085.400000000 -81.753530 77.881924 73.245731 -0.656813 -0.002666 -0.564121 0.500357
2085.500000000 -81.850970 77.792725 73.199327 -0.656806 -0.003686 -0.563633 0.500909
2085.700000000 -81.975121 77.653520 73.130695 -0.655867 -0.003765 -0.564024 0.501699
2085.800000000 -82.148727 77.542709 73.112760 -0.655620 -0.004332 -0.563933 0.502118
2085.900000000 -82.257477 77.446084 73.083656 -0.655331 -0.004533 -0.564053 0.502360
2086.600000000 -82.826158 76.903054 72.910896 -0.652393 -0.008213 -0.563769 0.506439
2086.700000000 -82.972971 76.775942 72.890616 -0.653194 -0.007376 -0.563812 0.505370
2086.900000000 -83.215810 76.538978 72.839197 -0.654695 -0.006068 -0.563669 0.503601
2087.000000000 -83.349861 76.430433 72.831632 -0.655557 -0.005387 -0.563621 0.502540
2087.600000000 -83.843165 75.941219 72.767965 -0.654629 -0.005777 -0.563778 0.503569
2087.700000000 -84.019246 75.792286 72.762538 -0.655648 -0.005308 -0.563606 0.502440
2087.800000000 -84.181871 75.662712 72.766810 -0.656417 -0.004243 -0.563751 0.501282
2088.100000000 -84.394464 75.543175 72.833046 0.658424 0.002121 0.563774 -0.498630
2088.200000000 -84.516792 75.445160 72.840712 0.659559 0.001639 0.563549 -0.497384
2088.500000000 -84.645599 75.186935 72.778963 -0.654754 -0.005602 -0.563911 0.503259
2089.100000000 -85.164119 74.791383 72.881215 0.659396 0.002410 0.563319 -0.497858
2089.500000000 -85.768836 74.304320 72.942321 0.662748 -0.000431 0.563119 -0.493622
2089.700000000 -85.718089 74.156832 72.864662 0.659842 0.003030 0.563098 -0.497514
2089.900000000 -85.871312 74.104482 72.967984 0.664361 -0.002845 0.563525 -0.490975
2090.100000000 -85.909415 73.811125 72.840880 0.657845 0.003827 0.563795 -0.499359
2090.200000000 -86.038390 73.784887 72.908822 0.660641 0.001517 0.563470 -0.496037
2090.300000000 -86.098138 73.750797 72.949283 0.663343 -0.001677 0.563715 -0.492136
2090.400000000 -86.210464 73.740657 73.022805 0.663350 -0.001800 0.563848 -0.491975
2090.700000000 -86.152326 73.296714 72.768918 -0.651728 -0.009341 -0.564273 0.506714
2090.800000000 -86.417459 73.100659 72.789734 -0.653354 -0.008880 -0.563894 0.505047
2090.900000000 -86.532836 73.046496 72.838493 -0.656009 -0.006519 -0.563729 0.501816
2091.200000000 -86.527835 72.742005 72.701873 -0.648017 -0.015070 -0.563387 0.512292
2091.300000000 -86.721200 72.602646 72.732780 -0.651249 -0.011763 -0.563588 0.508040
2091.400000000 -86.920677 72.486484 72.779956 -0.653293 -0.010137 -0.563477 0.505568
2091.800000000 -87.378562 72.122725 72.886906 -0.657562 -0.007321 -0.563051 0.500532
2091.900000000 -87.536995 72.002129 72.907483 0.660822 0.005474 0.562490 -0.496880
2092.300000000 -87.832176 71.579308 72.931438 0.660300 0.006549 0.562514 -0.497533
2092.400000000 -87.984569 71.423286 72.940119 0.664782 0.002714 0.562153 -0.491977
2092.700000000 -88.188855 71.150278 73.017362 0.662230 0.006248 0.561988 -0.495562
2092.900000000 -88.290864 70.970174 73.066153 0.659434 0.008968 0.562167 -0.499033
2093.000000000 -88.494321 70.735743 73.065276 0.663923 0.005114 0.561813 -0.493504
2093.300000000 -88.674243 70.470963 73.184051 0.662332 0.007257 0.561893 -0.495520
2093.400000000 -88.806362 70.316406 73.216206 0.664278 0.005470 0.561817 -0.493018
2093.500000000 -88.823199 70.197808 73.233102 0.661503 0.007540 0.562351 -0.496103
2093.800000000 -89.039135 69.852470 73.362628 0.661118 0.008248 0.562254 -0.496714
2094.000000000 -89.214547 69.617791 73.443139 0.663146 0.010408 0.560317 -0.496160
2094.100000000 -89.317897 69.438494 73.465110 0.663801 0.009400 0.560668 -0.494904
2094.200000000 -89.422718 69.307997 73.495548 0.666028 0.010289 0.559097 -0.493671
2094.700000000 -89.795523 68.655912 73.722876 0.666556 0.010411 0.559163 -0.492881
2094.800000000 -89.909011 68.494323 73.729912 0.667446 0.013877 0.556824 -0.494238
2095.000000000 -89.977799 68.360244 73.883875 0.665402 0.015118 0.557378 -0.496329
2095.100000000 -90.087700 68.152165 73.899465 0.666301 0.014951 0.557304 -0.495209
2095.200000000 -90.161047 68.023861 73.947344 0.666548 0.015343 0.556824 -0.495405
2095.600000000 -90.477625 67.461407 74.121956 0.669023 0.015768 0.555959 -0.493021
2095.800000000 -90.650027 67.122731 74.185679 0.669397 0.014625 0.556478 -0.491962
2096.000000000 -90.761401 66.947730 74.297241 0.669302 0.018487 0.554620 -0.494054
2096.100000000 -90.891696 66.733882 74.308241 0.670833 0.017838 0.554227 -0.492440
2096.200000000 -90.917738 66.655416 74.373927 0.669607 0.018074 0.554847 -0.493401
2096.700000000 -91.095939 66.252971 74.644885 0.670267 0.019143 0.554389 -0.492980
2096.900000000 -91.226438 66.029394 74.730878 0.671292 0.019014 0.554006 -0.492019
2097.000000000 -91.371008 65.849067 74.756307 0.673037 0.018503 0.553348 -0.490392
2097.200000000 -91.474081 65.640849 74.837400 0.671585 0.019480 0.553822 -0.491809
2097.400000000 -91.619388 65.424475 74.909363 0.667161 0.015285 0.559510 -0.491539
2097.500000000 -91.707676 65.314379 74.928470 0.665024 0.015264 0.561203 -0.492505
2097.600000000 -91.758244 65.261220 74.967952 0.663890 0.015410 0.561941 -0.493187
2097.900000000 -91.978229 64.950466 75.022107 0.663902 0.016246 0.561621 -0.493510
2098.000000000 -92.067102 64.841955 75.026608 0.665422 0.016162 0.560789 -0.492411
2098.100000000 -92.127629 64.781603 75.046724 0.666152 0.016771 0.560071 -0.492220
2098.400000000 -92.354470 64.553206 75.078486 0.667208 0.017320 0.559048 -0.491933
2098.600000000 -92.507307 64.398838 75.077309 0.667345 0.016633 0.559589 -0.491157
2098.900000000 -92.676920 64.267491 75.072584 0.666431 0.018435 0.559093 -0.492895
2099.000000000 -92.743108 64.240494 75.079647 0.666695 0.018493 0.558971 -0.492673
2099.100000000 -92.798069 64.207409 75.075155 0.666517 0.018280 0.559086 -0.492792
2099.300000000 -92.967140 64.070063 75.023239 0.666866 0.019060 0.558587 -0.492856
2099.600000000 -93.167800 63.963180 74.975712 0.667859 0.017491 0.558682 -0.491459
2099.800000000 -93.327832 63.874010 74.918330 0.668164 0.018068 0.558228 -0.491541
2099.900000000 -93.384204 63.865823 74.894241 0.667359 0.019048 0.557994 -0.492861
2100.300000000 -93.592868 63.845183 74.794732 0.665843 0.017966 0.559380 -0.493381
2100.400000000 -93.636189 63.832260 74.739113 0.665501 0.020094 0.558195 -0.495099
2100.900000000 -92.379564 64.263215 74.094733 -0.618333 -0.060482 -0.559437 0.548667
2101.000000000 -92.433090 64.318888 74.058501 -0.619983 -0.062417 -0.557688 0.548370
2101.300000000 -92.579631 64.365518 73.934704 -0.626240 -0.067416 -0.551389 0.547036
2101.400000000 -92.609649 64.393589 73.903653 -0.627435 -0.068414 -0.550087 0.546854
2101.500000000 -92.643988 64.448940 73.886824 -0.627979 -0.068540 -0.549665 0.546638
2101.600000000 -92.721506 64.403461 73.813606 -0.630003 -0.068314 -0.548838 0.545167
2102.000000000 -93.048669 64.128847 73.519375 -0.624872 -0.069913 -0.550806 0.548872
2102.300000000 -93.186012 64.183318 73.439796 -0.626684 -0.067772 -0.551140 0.546734
2102.400000000 -93.242569 64.132162 73.367560 -0.627773 -0.068195 -0.550654 0.545922
2102.700000000 -93.507480 63.871833 73.176346 -0.625506 -0.070379 -0.550959 0.547935
2103.000000000 -93.646403 63.871664 73.102148 -0.625481 -0.070037 -0.551016 0.547950
2103.100000000 -93.712550 63.828878 73.053950 -0.627108 -0.070153 -0.550404 0.546690
2103.300000000 -93.859243 63.689762 72.964574 -0.626053 -0.070318 -0.550903 0.547375
2103.500000000 -94.013681 63.516580 72.850041 -0.624056 -0.072694 -0.550376 0.549869
2103.800000000 -94.140682 63.505376 72.823402 -0.624978 -0.071617 -0.550788 0.548549
2103.900000000 -94.284552 63.199355 72.667893 -0.625814 -0.071216 -0.550968 0.547466
2104.000000000 -94.377467 63.045320 72.592085 -0.626297 -0.070181 -0.551484 0.546528
2104.100000000 -94.408767 63.086146 72.617231 -0.622903 -0.071801 -0.552014 0.549651
2104.300000000 -94.505353 63.056919 72.597242 -0.623927 -0.072275 -0.551441 0.549003
2104.400000000 -94.573541 62.986987 72.559958 -0.625844 -0.070720 -0.551451 0.547010
2104.500000000 -94.660981 62.839841 72.489382 -0.624888 -0.071595 -0.551568 0.547870
2104.600000000 -94.733446 62.730005 72.439332 -0.624629 -0.071088 -0.552059 0.547737
2105.200000000 -95.055316 62.481064 72.343480 -0.618490 -0.072558 -0.553810 0.552721
2105.300000000 -95.132265 62.384110 72.296790 -0.618548 -0.073090 -0.553669 0.552727
2105.800000000 -94.810029 63.805529 72.955881 -0.617877 -0.074768 -0.552180 0.554738
2106.100000000 -95.005743 63.667545 72.887905 -0.613210 -0.078470 -0.552261 0.559307
2106.400000000 -95.219718 63.390487 72.735536 -0.615973 -0.074029 -0.553745 0.555395
2106.700000000 -95.405510 63.316836 72.678107 -0.609902 -0.078813 -0.553781 0.561368
2107.300000000 -95.580269 63.520922 72.650319 -0.594405 -0.091314 -0.552325 0.577306
2107.400000000 -95.620185 63.313652 72.486817 -0.606826 -0.079195 -0.554318 0.564112
2107.500000000 -95.489677 63.248702 72.335950 -0.606824 -0.078707 -0.554465 0.564037
2107.700000000 -95.802397 62.935456 72.215528 -0.598440 -0.083104 -0.555420 0.571377
2107.800000000 -95.794172 62.802999 72.069123 -0.601055 -0.082443 -0.554997 0.569135
2108.400000000 -95.524369 63.356968 72.079896 -0.606169 -0.073773 -0.556832 0.563076
2108.800000000 -95.901615 62.940114 71.895163 -0.587748 -0.086146 -0.556806 0.580602
2108.900000000 -95.962478 63.509530 72.246696 0.695593 -0.023874 0.559841 -0.449619
2109.100000000 -96.271166 63.304855 72.280403 0.678196 -0.010229 0.563541 -0.471559
2109.300000000 -95.956264 63.490882 72.266886 0.745323 -0.106992 0.560022 -0.345574
2109.400000000 -96.150565 63.406684 72.319269 0.736622 -0.097222 0.563627 -0.360916
2110.100000000 -97.945938 63.537059 73.016986 0.825015 -0.242870 0.493199 -0.130840
2110.200000000 -98.095181 63.554275 73.131023 0.824556 -0.241374 0.493936 -0.133693
2110.700000000 -98.724703 64.063639 74.020461 0.828466 -0.348171 0.434949 0.056924
2110.900000000 -98.900505 64.073647 74.214467 0.828346 -0.349128 0.434203 0.058490
2111.000000000 -98.964101 64.101589 74.315079 0.827986 -0.350564 0.433400 0.060906
2111.400000000 -99.265918 64.258899 74.811169 0.827572 -0.351043 0.433780 0.061061
2112.000000000 -99.681238 64.422121 75.569355 0.826122 -0.351329 0.436368 0.060609
2112.300000000 -99.896808 64.473120 75.952072 0.826001 -0.351991 0.436057 0.060653
2112.600000000 -100.104041 64.540705 76.343019 0.826007 -0.351744 0.436448 0.059174
2112.800000000 -100.221019 64.564208 76.591931 0.825020 -0.353830 0.436108 0.062905
2112.900000000 -100.289824 64.583726 76.717966 0.825477 -0.354090 0.435060 0.062695
2113.000000000 -100.350604 64.602410 76.853420 0.825153 -0.354072 0.435766 0.062152
2113.100000000 -100.422845 64.623290 76.991075 0.825297 -0.354718 0.434726 0.063816
2113.500000000 -100.677892 64.735414 77.522590 0.826355 -0.354058 0.433775 0.060164
2113.600000000 -100.770539 64.802876 77.676851 0.827624 -0.352329 0.433363 0.055675
2113.800000000 -100.884825 64.820446 77.927075 0.826875 -0.354338 0.432762 0.058649
2113.900000000 -100.959343 64.832278 78.062612 0.826276 -0.353718 0.434446 0.058387
2114.200000000 -101.155962 64.912063 78.446084 0.827848 -0.352700 0.432702 0.055132
2114.500000000 -101.339867 64.984668 78.831209 0.827959 -0.353670 0.431498 0.056663
2114.800000000 -101.606255 65.099447 79.222347 0.832272 -0.353360 0.424160 0.050488
2115.000000000 -101.725017 65.177309 79.483906 0.832795 -0.351003 0.425522 0.046697
2115.500000000 -102.145681 65.358466 80.036320 0.833378 -0.350247 0.424905 0.047582
2115.600000000 -102.225460 65.418083 80.152439 0.835498 -0.350451 0.420662 0.046591
2115.700000000 -102.306150 65.445178 80.239806 0.836606 -0.349741 0.419158 0.045580
2115.800000000 -102.392515 65.500312 80.347962 0.837917 -0.349432 0.417113 0.042527
2116.100000000 -102.608189 65.588317 80.580627 0.843206 -0.345501 0.410295 0.035923
2116.200000000 -102.662476 65.654483 80.662173 0.842809 -0.345141 0.411494 0.034968
2116.500000000 -102.901235 65.756096 80.860567 0.847876 -0.340797 0.405286 0.026589
2116.800000000 -103.149283 65.896228 81.056746 0.851366 -0.344534 0.394455 0.029612
2116.900000000 -103.264212 65.910222 81.102789 0.849523 -0.348102 0.394581 0.037974
2117.200000000 -103.492479 66.076018 81.258815 0.854027 -0.347850 0.385280 0.034606
2117.300000000 -103.596532 65.997651 81.244429 0.853924 -0.351600 0.381282 0.042601
2117.400000000 -103.687584 65.976524 81.259382 0.857440 -0.354361 0.370422 0.044870
2117.700000000 -103.756803 66.230627 81.393702 0.857020 -0.344603 0.381434 0.035691
2117.800000000 -104.015997 66.100270 81.354817 0.858808 -0.345671 0.376499 0.034780
2118.000000000 -104.017438 66.444543 81.541917 0.865091 -0.343432 0.365193 0.017511
2118.400000000 -104.332285 66.755302 81.566628 0.854927 -0.337045 0.392636 0.036582
2118.600000000 -104.505319 66.822192 81.663056 0.866866 -0.336914 0.365842 0.034529
2118.700000000 -104.514700 66.842265 81.662628 0.867970 -0.329135 0.371028 0.025211
2118.800000000 -104.681615 66.947564 81.796166 0.869021 -0.326294 0.371387 0.020132
2118.900000000 -104.773799 67.124243 81.977809 0.869998 -0.327324 0.368281 0.018211
2119.100000000 -104.924691 67.090657 81.862335 0.866099 -0.331159 0.373505 0.026456
2119.200000000 -105.025405 67.114281 81.928250 0.864558 -0.330689 0.377155 0.030628
2119.300000000 -104.969612 67.289500 81.980765 0.860663 -0.333445 0.382702 0.040151
2119.500000000 -105.162773 67.122714 81.781849 0.856901 -0.335541 0.388284 0.048679
2119.800000000 -105.285212 67.130141 81.744926 0.852514 -0.331628 0.400961 0.049733
2120.200000000 -105.564310 67.185194 81.716735 0.854102 -0.338107 0.392552 0.045794
2120.300000000 -105.493095 67.436880 81.896337 0.862167 -0.338562 0.375772 0.028973
2120.500000000 -105.681952 67.279395 81.756378 0.854039 -0.336715 0.394598 0.039163
2120.800000000 -105.820621 67.020463 81.636850 0.859060 -0.341484 0.379432 0.037896
2120.900000000 -105.793837 67.270733 81.781603 0.857065 -0.338593 0.386718 0.035272
2121.100000000 -106.002767 66.928298 81.526560 0.851472 -0.340665 0.395917 0.046817
2121.200000000 -105.962222 67.053538 81.625693 0.854225 -0.339860 0.391244 0.041505
2121.600000000 -106.107919 66.784331 81.420112 0.852923 -0.343240 0.390873 0.043898
2121.700000000 -106.129367 66.748761 81.424727 0.855943 -0.343634 0.384293 0.039965
2121.900000000 -106.159358 66.680861 81.406784 0.855406 -0.343776 0.385094 0.042436
2122.100000000 -106.180876 66.669787 81.439210 0.857838 -0.342353 0.381290 0.039072
2122.200000000 -106.205750 66.691760 81.465600 0.857272 -0.343038 0.381733 0.041099
2122.400000000 -106.423315 66.327347 81.316281 0.854780 -0.339107 0.391088 0.037530
2122.500000000 -106.345612 66.240845 81.252507 0.855272 -0.340174 0.388780 0.040520
2122.900000000 -106.495879 65.870344 81.079798 0.854295 -0.341490 0.389605 0.042096
2123.000000000 -106.425179 65.888023 81.119074 0.858618 -0.341881 0.379898 0.039617
2123.100000000 -106.445043 65.804628 81.085110 0.859807 -0.341650 0.377678 0.036971
2123.400000000 -106.548679 65.628554 81.009781 0.856175 -0.339831 0.387197 0.039467
2123.500000000 -106.494649 65.640649 81.055440 0.857414 -0.339740 0.384561 0.039115
2123.800000000 -106.714123 65.273036 80.963751 0.858301 -0.335639 0.386581 0.034938
2124.000000000 -106.675214 65.108988 80.886089 0.863792 -0.342334 0.368508 0.029545
2124.400000000 -106.797084 64.824850 80.885218 0.864983 -0.338419 0.369788 0.023110
2124.500000000 -106.812863 64.679858 80.804160 0.860398 -0.345673 0.372148 0.041621
2124.700000000 -106.746268 64.483346 80.724187 0.864431 -0.346837 0.362371 0.033921
2124.900000000 -106.825505 64.366699 80.702932 0.858547 -0.342515 0.379626 0.038268
2125.200000000 -106.855620 64.109902 80.612450 0.861179 -0.339704 0.377253 0.025532
2125.300000000 -106.858982 64.021458 80.591572 0.866657 -0.344642 0.360001 0.022969
2125.800000000 -107.001145 63.751151 80.568156 0.861996 -0.343004 0.371982 0.030664
2126.000000000 -106.940133 63.570029 80.440444 0.866005 -0.342773 0.363468 0.020802
2126.100000000 -106.892065 63.461884 80.356026 0.858507 -0.346039 0.376794 0.035330
2126.400000000 -106.938379 63.270690 80.286549 0.858908 -0.345258 0.376990 0.030863
2126.800000000 -106.906309 62.975428 80.178635 0.864302 -0.345842 0.364487 0.022917
2126.900000000 -106.847542 62.836174 80.067224 0.859036 -0.349344 0.373070 0.028899
2127.000000000 -106.793641 62.779208 80.013830 0.855554 -0.350318 0.379834 0.032106
2127.300000000 -106.685380 62.522071 79.855522 0.855639 -0.348419 0.381435 0.031517
2127.600000000 -106.543068 62.269466 79.686758 0.850568 -0.348973 0.391946 0.033614
2127.700000000 -106.295003 62.089371 79.433430 0.849162 -0.350009 0.394174 0.032300
2127.900000000 -105.952837 61.779257 79.115380 0.842172 -0.352415 0.405582 0.045307
2128.000000000 -105.870564 61.749093 79.065614 0.842153 -0.352459 0.405397 0.046956
2128.400000000 -105.645077 61.470113 78.769775 0.838541 -0.354464 0.410555 0.051463
2129.200000000 -105.558167 61.245504 78.363355 0.839258 -0.354991 0.409427 0.044692
2129.400000000 -105.581098 61.168145 78.251814 0.833899 -0.360276 0.415560 0.046085
2129.500000000 -105.554282 61.136202 78.196389 0.832077 -0.359255 0.420329 0.043671
2129.600000000 -105.525412 61.091746 78.120038 0.831359 -0.360048 0.420927 0.045028
2129.800000000 -105.462202 61.022578 77.994348 0.830174 -0.360651 0.422530 0.047002
2130.100000000 -105.367735 61.057252 77.900919 0.827871 -0.356618 0.426270 0.075812
2130.200000000 -105.375465 61.105335 77.868342 0.828938 -0.359746 0.421272 0.077288
2130.800000000 -105.213496 61.186033 77.654188 0.824557 -0.362435 0.418783 0.115616
2130.900000000 -105.134952 61.206478 77.614807 0.821369 -0.360022 0.424100 0.126001
2131.100000000 -105.133306 61.219956 77.471902 0.818658 -0.368867 0.421584 0.126501
2131.300000000 -105.113445 61.291697 77.356427 0.815036 -0.387395 0.413974 0.119447
2131.900000000 -105.017904 61.240204 76.895551 0.811268 -0.392755 0.416169 0.119963
2132.000000000 -104.951277 61.236858 76.831211 0.809632 -0.391722 0.420133 0.120573
2132.300000000 -104.909733 61.305968 76.656610 0.814158 -0.388266 0.416512 0.113642
2132.600000000 -104.841128 61.437929 76.480438 0.819806 -0.351139 0.421321 0.164645
2132.700000000 -104.849368 61.535014 76.377991 0.825351 -0.299643 0.427599 0.214870
2132.800000000 -104.938765 61.606700 76.146675 0.831167 -0.215913 0.414132 0.301724
2132.900000000 -105.238239 61.725860 75.809146 0.832474 -0.110350 0.375518 0.392168
2133.000000000 -105.422941 61.732828 75.343413 0.813788 0.004054 0.318525 0.486080
2133.200000000 -104.265141 59.499837 74.757036 0.653419 0.015083 0.408431 0.637182
2133.400000000 -103.351481 58.089367 75.061595 0.506129 -0.083588 0.406899 0.755831
2133.800000000 -101.740130 57.726635 76.091784 0.094174 0.098328 -0.239984 0.961182
2133.900000000 -101.518478 57.390758 76.014380 -0.020521 0.074401 -0.510173 0.856602
2134.000000000 -101.520449 57.357553 76.048968 -0.003541 0.049643 -0.526653 0.848622
2134.100000000 -101.520133 57.371184 76.044286 -0.003675 0.054896 -0.518841 0.853098
2134.300000000 -101.950966 57.491680 75.845779 0.127315 0.569987 -0.620725 0.523074
2134.600000000 -102.013283 57.441730 75.846638 -0.158232 -0.567028 0.653393 -0.475940
2134.700000000 -101.992661 57.525437 75.822612 0.217720 0.619405 -0.592550 0.466713
2134.800000000 -101.895656 57.810869 75.952721 0.266587 0.649733 -0.450630 0.551100
2134.900000000 -102.041818 58.056161 75.992060 0.218923 0.754869 -0.312912 0.533227
2135.300000000 -102.560222 58.029702 75.712717 -0.033576 0.849294 -0.401262 0.341411
2135.400000000 -102.815067 57.940602 75.874142 -0.187940 0.900948 -0.315033 0.231786
2135.500000000 -102.841201 57.992491 75.864360 -0.208744 0.908927 -0.272346 0.236868
2135.900000000 -102.660378 57.722928 75.664016 -0.171984 0.774404 -0.526913 0.305096
2136.100000000 -102.691115 57.446904 76.625275 -0.097378 0.746514 -0.638734 0.158914
2136.200000000 -102.727890 57.510718 76.810667 -0.078970 0.739052 -0.661556 0.099546
2136.300000000 -102.785029 57.502310 76.813429 -0.082381 0.735942 -0.668877 0.064860
2136.400000000 -102.700378 57.397956 76.981162 -0.090154 0.723329 -0.678425 0.091688
2136.900000000 -102.587678 57.320780 77.003065 -0.169340 0.686720 -0.681287 0.188648
2137.600000000 -102.610254 57.663355 76.921320 -0.015217 0.848229 -0.508530 0.147221
2137.700000000 -102.741677 57.483201 76.903126 -0.118062 0.802683 -0.572241 0.119586
2138.000000000 -102.665139 57.310228 76.927394 -0.173227 0.787612 -0.553695 0.207562
2138.500000000 -102.750340 57.387991 76.900602 -0.125399 0.766334 -0.619561 0.114685
