9.100000000 -0.775857 0.103618 0.574082 0.270223 0.346218 0.179137 0.880353
9.400000000 -0.223571 -0.397750 0.836402 0.271505 0.345776 0.178325 0.880298
9.900000000 -0.549210 -0.081397 0.705136 0.271539 0.343915 0.178230 0.881035
10.000000000 -0.562718 -0.058221 0.708577 0.271595 0.343398 0.178107 0.881245
10.200000000 -0.571115 0.040717 0.807474 0.269490 0.342325 0.179530 0.882019
10.300000000 -0.717925 0.104661 0.659484 0.271460 0.342238 0.179057 0.881545
10.700000000 -0.784681 0.198425 0.656771 0.268969 0.343813 0.179599 0.881585
10.800000000 -0.734187 0.079590 0.607808 0.270597 0.345149 0.179637 0.880557
11.300000000 -0.781197 0.098701 0.568421 0.271859 0.344163 0.178834 0.880717
11.500000000 -0.586311 -0.052192 0.671272 0.275426 0.345563 0.176303 0.879570
11.600000000 -0.049456 -0.590820 0.889611 0.273059 0.345253 0.177330 0.880223
11.700000000 -0.000477 -0.555126 0.994340 0.272711 0.343466 0.177093 0.881078
11.900000000 -0.074956 -0.515863 0.928344 0.270961 0.342510 0.177916 0.881824
12.200000000 -0.548032 -0.081276 0.708534 0.271451 0.343626 0.178266 0.881168
12.400000000 -0.734823 0.069441 0.590372 0.271727 0.343576 0.178285 0.881098
12.700000000 -0.773628 0.093941 0.565911 0.270308 0.346202 0.178954 0.880371
13.900000000 -0.819584 0.208456 0.617634 0.271431 0.342232 0.179425 0.881481
14.000000000 -0.773840 0.066891 0.530811 0.271105 0.345769 0.178200 0.880449
14.500000000 -0.790067 0.146561 0.596888 0.269518 0.346264 0.179530 0.880472
14.600000000 -0.796051 0.140870 0.571899 0.271859 0.342866 0.178735 0.881243
14.800000000 -0.761067 0.109394 0.571935 0.271243 0.342301 0.177977 0.881806
15.000000000 -0.755558 0.078709 0.617457 0.276766 0.336619 0.191264 0.879492
15.300000000 -0.516639 -0.173715 0.894895 0.284295 0.329772 0.201681 0.877355
15.600000000 -0.826547 -0.148729 0.788083 0.283743 0.330714 0.202766 0.876929
15.700000000 -0.821875 -0.313244 0.728942 0.321645 0.362863 0.188894 0.853929
16.000000000 -0.834176 -0.498206 0.968181 0.321597 0.361851 0.188419 0.854481
16.200000000 -0.714641 -0.927478 1.043917 0.325090 0.361904 0.186470 0.853564
16.500000000 -1.452719 -0.363328 1.235761 0.320706 0.359464 0.188528 0.855798
16.700000000 -2.719896 0.829404 1.175585 0.307294 0.357767 0.195786 0.859791
16.800000000 -2.137860 -0.378416 0.993061 0.318738 0.361518 0.189739 0.855400
16.900000000 -2.042970 -0.330765 1.385650 0.316096 0.360224 0.191236 0.856593
18.000000000 -3.700359 -0.644174 1.788739 0.313098 0.364661 0.193358 0.855339
18.100000000 -3.725413 -0.802979 1.898894 0.315370 0.362971 0.192111 0.855504
18.200000000 -3.807626 -0.830556 2.041374 0.313361 0.363148 0.192777 0.856017
18.400000000 -3.936435 -1.040165 2.130159 0.348545 0.383803 0.165752 0.838891
18.600000000 -4.259778 -1.123916 2.224542 0.358972 0.360063 0.174361 0.843263
18.800000000 -4.336198 -1.340247 2.449637 0.361480 0.355105 0.175616 0.844033
19.000000000 -4.561779 -1.547287 2.527111 0.361609 0.358149 0.174829 0.842854
19.100000000 -4.616909 -1.707827 2.566863 0.357909 0.360389 0.176603 0.843109
19.200000000 -4.715132 -1.802618 2.612984 0.357224 0.361885 0.176416 0.842797
19.400000000 -4.840985 -2.101426 2.684681 0.357202 0.362922 0.175137 0.842628
20.000000000 -5.308603 -2.937247 2.718842 0.354704 0.367200 0.172264 0.842422
20.100000000 -5.265373 -3.194233 2.736302 0.354746 0.368531 0.171527 0.841973
20.200000000 -5.296702 -3.388294 2.726127 0.354938 0.369069 0.170578 0.841849
20.300000000 -5.316099 -3.584758 2.723789 0.355027 0.369049 0.169715 0.841995
20.400000000 -5.389467 -3.753070 2.679145 0.355753 0.369291 0.168480 0.841830
20.500000000 -5.426432 -3.909921 2.674327 0.355513 0.369775 0.167803 0.841855
20.800000000 -5.791912 -4.220278 2.471694 0.354806 0.371334 0.166097 0.841805
21.100000000 -6.212306 -4.411913 2.254537 0.359838 0.372774 0.161316 0.839960
21.300000000 -6.695105 -4.330362 2.007468 0.353521 0.374266 0.163548 0.841546
21.700000000 -7.274116 -4.626261 1.504109 0.352825 0.375807 0.161304 0.841585
21.800000000 -7.410080 -4.683391 1.384642 0.353443 0.375893 0.160157 0.841506
22.000000000 -7.738138 -4.767479 1.087998 0.353134 0.375640 0.159179 0.841934
22.100000000 -7.860938 -4.774183 0.971477 0.344075 0.377421 0.163602 0.844038
22.200000000 -7.816733 -5.091327 0.821133 0.348136 0.377615 0.160599 0.842862
22.300000000 -7.686628 -5.354610 0.788225 0.350985 0.378502 0.158562 0.841668
22.600000000 -8.039711 -5.501163 0.346248 0.351143 0.381374 0.157153 0.840568
23.300000000 -8.960474 -5.813651 -0.869577 0.435152 0.376530 0.109230 0.810516
23.400000000 -9.154043 -5.661232 -0.998343 0.425762 0.376043 0.112628 0.815250
23.500000000 -9.331182 -5.648813 -1.241876 0.432348 0.378868 0.109292 0.810919
23.800000000 -9.449822 -5.387278 -1.280997 0.458569 0.378347 0.095352 0.798421
24.000000000 -9.192924 -5.335840 -1.019376 0.442286 0.368582 0.102772 0.811152
24.100000000 -9.253378 -5.285182 -1.110196 0.434369 0.366042 0.106884 0.816034
24.200000000 -9.378966 -5.253455 -1.267659 0.422385 0.357604 0.112583 0.825249
24.300000000 -9.330535 -5.204888 -1.261099 0.420286 0.357447 0.113636 0.826243
24.600000000 -8.228796 -5.782295 -0.588355 0.179873 0.369431 0.206381 0.888016
24.900000000 -7.859195 -5.444532 -0.222548 0.222726 0.381445 0.188687 0.877092
25.000000000 -7.558465 -5.468825 -0.047934 0.234241 0.392971 0.181323 0.870533
25.100000000 -7.682421 -5.137813 0.052734 0.207931 0.384905 0.193273 0.878213
25.400000000 -8.575791 -5.268328 -1.485122 0.199747 0.320932 0.202691 0.903339
25.500000000 -8.246131 -5.339699 -1.253211 0.207415 0.351617 0.192758 0.892294
26.100000000 -5.922540 -6.363819 -0.094533 -0.130928 0.293437 0.324413 0.889668
26.300000000 -6.011862 -6.223008 -0.133227 -0.074739 0.297077 0.314711 0.898397
26.400000000 -5.876128 -6.089179 -0.107078 -0.063598 0.308657 0.306683 0.898127
26.500000000 -5.930616 -5.902399 -0.241300 -0.099552 0.287102 0.326831 0.894898
26.800000000 -6.007800 -5.497949 -0.426319 -0.212082 0.201199 0.377477 0.878665
26.900000000 -6.035280 -5.496710 -0.559509 -0.206098 0.207063 0.370037 0.881885
27.000000000 -6.065223 -5.534789 -0.765713 -0.203994 0.193314 0.376307 0.882841
27.200000000 -5.956402 -5.513103 -0.900410 -0.177190 0.209278 0.367259 0.888779
27.300000000 -6.170364 -5.450044 -1.362587 -0.153379 0.204452 0.368114 0.893961
27.400000000 -6.372329 -5.433735 -1.750518 -0.177040 0.190932 0.380537 0.887352
27.600000000 -6.177286 -4.801860 -1.325044 -0.271397 0.136958 0.420214 0.854989
27.700000000 -6.356602 -4.982014 -1.583407 -0.219918 0.148391 0.418757 0.868481
28.600000000 -3.962977 -6.282513 -0.522190 -0.498475 0.096177 0.418075 0.753317
28.700000000 -3.916601 -6.356920 -0.633283 -0.499679 0.095484 0.415343 0.754118
29.300000000 -4.200937 -5.946466 -1.205433 -0.430916 0.116626 0.428014 0.785821
29.800000000 -4.378341 -6.035027 -1.579574 -0.421018 0.130723 0.422373 0.791995
29.900000000 -4.317688 -5.891731 -1.669008 -0.421215 0.127395 0.426795 0.790060
30.000000000 -4.329996 -5.725432 -1.805027 -0.448232 0.063856 0.478222 0.752539
30.300000000 -4.151619 -6.057076 -2.182079 -0.481950 0.101059 0.464034 0.736331
30.400000000 -4.091849 -6.111532 -2.193594 -0.466898 0.085194 0.475902 0.740449
30.500000000 -4.070478 -6.116185 -2.212342 -0.479989 0.074092 0.482062 0.729203
30.600000000 -4.047007 -6.135293 -2.237176 -0.484284 0.082506 0.475997 0.729444
30.900000000 -3.996903 -6.146471 -2.293992 -0.520298 0.055346 0.486429 0.699724
31.000000000 -3.953057 -6.133477 -2.169490 -0.463726 0.090797 0.452554 0.756247
31.100000000 -3.860843 -6.330389 -2.375935 -0.521416 0.025122 0.495685 0.694111
31.200000000 -3.947807 -5.784770 -1.801277 -0.498563 0.082917 0.440560 0.741934
31.400000000 -3.937089 -5.737864 -1.717488 -0.504840 0.065868 0.457576 0.728987
31.500000000 -3.966519 -5.546038 -1.557048 -0.533312 0.078414 0.430872 0.723725
31.600000000 -3.741121 -5.487054 -1.023387 -0.477757 0.105193 0.411712 0.768880
31.800000000 -3.351031 -5.453531 -0.541258 -0.440843 0.170653 0.375812 0.797057
31.900000000 -3.392851 -5.370139 -0.451327 -0.436273 0.161049 0.389845 0.794827
32.600000000 -3.400897 -6.406041 -1.546844 -0.191864 0.104848 0.436603 0.872681
33.300000000 -2.771013 -6.605161 -0.922914 -0.075617 0.260905 0.373158 0.887110
33.400000000 -2.603572 -6.588725 -0.675329 -0.085641 0.262366 0.374481 0.885208
33.500000000 -2.604936 -6.541808 -0.584245 -0.090121 0.267687 0.375088 0.882911
33.800000000 -2.985456 -6.380361 -0.632269 -0.088675 0.267983 0.373786 0.883519
34.200000000 -3.385930 -6.167893 -0.694922 -0.085972 0.279524 0.379140 0.877911
34.400000000 -3.513667 -5.974419 -0.618282 -0.055589 0.283267 0.376631 0.880238
34.600000000 -3.572342 -5.912025 -0.445424 -0.051997 0.284617 0.376165 0.880221
35.200000000 -3.942098 -5.693600 -0.124744 -0.053895 0.273637 0.383500 0.880423
35.400000000 -4.095555 -5.597759 0.027422 -0.043193 0.267470 0.386071 0.881784
36.100000000 -4.556193 -5.293899 0.391265 -0.043421 0.266732 0.387527 0.881358
36.200000000 -4.490675 -5.292031 0.548024 -0.051119 0.262590 0.391192 0.880569
36.500000000 -4.492662 -5.265272 0.805075 -0.046838 0.264280 0.391174 0.880310
36.700000000 -4.569312 -5.137197 1.060598 -0.039121 0.260716 0.392931 0.880967
36.900000000 -4.694158 -5.062093 1.144943 -0.039271 0.260056 0.393934 0.880707
37.000000000 -4.552593 -5.118557 1.334508 -0.034774 0.260964 0.393452 0.880843
37.100000000 -4.450296 -5.061913 1.587464 -0.048047 0.257715 0.397011 0.879578
37.200000000 -4.351260 -5.060225 1.851045 -0.050393 0.245985 0.403196 0.879991
37.300000000 -3.489980 -5.128689 2.903218 -0.037401 0.248496 0.404230 0.879460
37.400000000 -2.834481 -5.238369 3.611375 -0.033085 0.254521 0.402830 0.878552
37.700000000 -2.088206 -5.175930 4.784780 -0.035958 0.261096 0.400523 0.877563
37.800000000 -1.920876 -5.302797 5.160650 -0.046162 0.254627 0.422866 0.868457
37.900000000 -1.265132 -5.378012 5.822611 -0.045180 0.270773 0.415039 0.867400
38.000000000 -0.628534 -5.377188 6.725759 -0.041912 0.257906 0.419809 0.869188
38.500000000 0.918736 -5.690427 8.499187 -0.023781 0.266289 0.411741 0.871202
38.600000000 1.225113 -5.683903 8.936415 -0.029787 0.263621 0.413094 0.871189
39.000000000 0.953994 -5.886178 8.623221 0.125639 0.301674 0.367880 0.870558
39.200000000 1.134481 -5.904520 8.869091 0.126395 0.303055 0.367074 0.870310
39.400000000 1.216308 -5.917619 9.008411 0.128781 0.301616 0.366698 0.870618
39.600000000 1.231289 -5.889890 9.103187 0.129965 0.301441 0.366334 0.870656
39.700000000 1.254856 -5.827180 9.213065 0.132667 0.305503 0.364222 0.869718
39.800000000 1.158755 -5.790590 9.173562 0.134298 0.304223 0.363971 0.870021
39.900000000 1.087033 -5.778331 9.114199 0.134061 0.304422 0.363844 0.870041
40.100000000 0.848166 -5.561386 9.142742 0.133825 0.303083 0.364048 0.870460
40.200000000 0.810147 -5.511425 9.182123 0.135808 0.301540 0.363828 0.870781
40.700000000 1.225047 -5.207282 9.973701 -0.029129 0.256023 0.414474 0.872820
40.900000000 1.317009 -5.086587 10.257495 -0.019967 0.254499 0.413699 0.873891
41.100000000 1.684514 -5.181960 10.550352 -0.013565 0.259045 0.410225 0.874315
41.200000000 1.254160 -5.072002 10.180453 -0.017070 0.254449 0.412669 0.874453
41.400000000 1.137672 -5.164484 10.108919 -0.027567 0.256953 0.436450 0.861816
41.600000000 1.580792 -5.244333 10.449510 -0.032124 0.256987 0.436409 0.861669
41.800000000 2.078297 -5.261326 10.917694 -0.028471 0.263299 0.432442 0.861892
42.100000000 2.748514 -5.688187 10.982470 -0.027292 0.269118 0.428909 0.861898
42.500000000 3.656017 -6.316166 11.087164 0.092194 0.312016 0.389611 0.861597
42.900000000 3.735984 -6.769710 10.551203 0.197693 0.327440 0.353345 0.853726
43.000000000 3.472642 -6.614019 10.416405 0.196952 0.324421 0.354966 0.854377
43.200000000 3.528153 -6.576195 10.448942 0.194258 0.328489 0.354379 0.853683
43.300000000 3.151134 -6.304563 10.320240 0.186679 0.330837 0.356711 0.853496
43.400000000 2.962223 -6.168862 10.233227 0.182686 0.333845 0.357165 0.852998
43.600000000 3.179579 -6.380376 10.142285 0.187435 0.329622 0.356414 0.853924
43.700000000 2.920841 -6.223679 10.052356 0.187387 0.323095 0.358105 0.855720
43.800000000 2.710127 -6.012954 10.020690 0.180844 0.329347 0.358918 0.854403
43.900000000 2.643298 -5.965884 9.967777 0.179971 0.329995 0.358924 0.854334
44.000000000 2.859267 -6.126776 9.978369 0.187571 0.327352 0.356923 0.854555
44.300000000 3.721331 -6.541943 10.310105 0.192051 0.322967 0.355314 0.855898
44.800000000 3.646125 -6.652917 9.634139 0.258455 0.349648 0.344160 0.832167
45.200000000 3.690520 -6.571489 9.635396 0.256538 0.354258 0.343644 0.831023
45.300000000 2.923443 -6.119070 9.359129 0.248226 0.367666 0.344140 0.827510
45.600000000 1.731403 -5.518144 8.910626 0.249005 0.366194 0.344964 0.827586
45.900000000 1.743630 -5.016737 9.507386 0.236848 0.371133 0.348445 0.827496
46.000000000 1.393076 -4.730640 9.566772 0.240383 0.357367 0.351130 0.831392
46.200000000 2.984998 -4.675777 11.052164 0.129228 0.363644 0.383552 0.839017
46.500000000 2.078832 -4.267158 10.851400 0.150394 0.305683 0.397769 0.851891
46.600000000 1.621679 -4.142537 10.515227 0.145605 0.318802 0.394773 0.849305
46.800000000 1.012021 -3.910329 10.199698 0.143780 0.311862 0.397927 0.850719
47.400000000 0.382482 -3.551483 9.940727 0.135575 0.327076 0.395393 0.847529
47.500000000 0.402186 -3.623340 9.852815 0.135315 0.326474 0.395477 0.847763
47.700000000 1.352620 -3.927093 10.334700 0.141401 0.321889 0.395510 0.848508
48.100000000 1.498939 -3.980747 10.335203 0.240590 0.341772 0.356752 0.835486
48.300000000 1.683863 -4.165003 10.466008 0.204527 0.366068 0.383467 0.822870
48.600000000 2.407619 -3.987565 11.379222 0.114413 0.330283 0.423585 0.835702
49.100000000 2.712002 -3.825872 11.913364 0.118141 0.326118 0.424200 0.836507
49.200000000 3.084444 -3.839572 12.225616 0.114610 0.333024 0.422290 0.835243
49.300000000 3.606997 -3.880969 12.702866 0.118462 0.326656 0.422983 0.836868
49.400000000 3.942709 -3.876232 12.995202 0.112849 0.337871 0.420060 0.834660
49.700000000 3.843606 -3.833643 13.022735 0.115461 0.334092 0.421194 0.835253
50.100000000 3.428328 -3.760515 12.748407 0.116115 0.340499 0.419272 0.833540
50.400000000 3.795140 -3.726216 13.212310 0.113776 0.341457 0.419141 0.833536
50.800000000 5.034549 -3.807721 14.009837 0.088171 0.403046 0.401570 0.817632
50.900000000 6.079667 -3.859676 14.564441 0.070861 0.442773 0.389809 0.804351
51.400000000 5.939453 -3.330833 15.415818 0.165463 0.434515 0.377635 0.800756
51.900000000 4.880726 -2.981521 15.392357 0.278789 0.358778 0.363504 0.813277
52.100000000 6.067237 -3.400449 15.794128 0.280769 0.355783 0.364493 0.813469
52.300000000 7.076698 -4.387626 16.143233 0.253125 0.373025 0.395111 0.800417
52.600000000 8.808462 -4.854451 16.672239 0.251006 0.385681 0.392738 0.796243
52.700000000 9.264489 -4.831060 17.004445 0.251307 0.382722 0.394422 0.796743
52.800000000 9.356261 -4.892979 16.964550 0.256663 0.373022 0.396204 0.798749
53.100000000 10.275365 -5.081011 17.366853 0.254902 0.383137 0.394246 0.795488
53.200000000 10.769210 -5.108405 17.658340 0.254188 0.380632 0.396070 0.796012
53.300000000 11.549862 -5.393633 17.753956 0.253295 0.396034 0.392571 0.790497
53.500000000 12.796369 -5.593024 18.376812 0.260326 0.369193 0.398781 0.798061
53.700000000 13.718010 -5.897027 18.575122 0.263143 0.370652 0.398170 0.796765
53.800000000 13.922468 -5.974806 18.607025 0.272823 0.351158 0.400047 0.801385
53.900000000 14.238387 -6.131591 18.622800 0.272945 0.356860 0.398203 0.799741
54.100000000 15.188423 -6.290215 19.163213 0.268026 0.368735 0.395457 0.797378
54.300000000 16.002343 -6.502215 19.489724 0.265382 0.377531 0.394120 0.794803
54.800000000 17.351413 -6.739326 20.226923 0.249394 0.396461 0.394721 0.790453
55.400000000 18.020505 -7.146748 20.927408 0.223096 0.440759 0.412535 0.765359
55.500000000 18.134265 -7.165270 20.977277 0.222183 0.441651 0.412902 0.764912
55.700000000 18.803722 -7.340571 21.232560 0.222760 0.440959 0.411726 0.765777
55.900000000 19.595832 -7.345390 21.662431 0.203134 0.465020 0.409851 0.757968
56.300000000 20.186529 -7.534293 22.001426 0.212800 0.442073 0.413797 0.766851
56.400000000 20.578293 -7.675647 22.084112 0.217160 0.449176 0.408782 0.764186
56.600000000 20.987997 -7.714385 22.333024 0.211105 0.453297 0.409005 0.763329
56.800000000 21.520265 -7.809629 22.630342 0.210397 0.447901 0.410297 0.766012
56.900000000 21.647090 -7.827244 22.741460 0.212366 0.443634 0.410712 0.767727
57.200000000 22.118198 -7.939105 22.994369 0.216052 0.439991 0.409561 0.769409
57.400000000 22.332062 -7.971119 23.149863 0.219022 0.435137 0.409514 0.771352
57.500000000 22.356144 -7.975206 23.196268 0.221200 0.432711 0.409098 0.772315
57.600000000 22.550876 -7.971556 23.333324 0.217222 0.436942 0.408817 0.771210
57.900000000 22.803643 -7.965703 23.502717 0.217244 0.438829 0.408395 0.770355
58.000000000 23.054149 -8.004136 23.676454 0.217388 0.435083 0.409037 0.772097
58.200000000 23.265219 -8.026169 23.794077 0.216873 0.439225 0.407455 0.770732
58.500000000 23.684330 -8.092833 24.026652 0.219255 0.438084 0.406654 0.771131
58.800000000 24.077028 -8.150699 24.271461 0.222416 0.438465 0.404335 0.771228
59.100000000 24.367272 -8.341474 24.528060 0.205700 0.468117 0.422341 0.748453
59.200000000 24.417397 -8.359854 24.579056 0.207731 0.462360 0.423130 0.751021
59.600000000 24.722358 -8.404527 24.746942 0.214663 0.455851 0.421537 0.753941
59.800000000 25.328813 -8.382033 25.059378 0.204855 0.467696 0.420293 0.750099
60.100000000 25.730078 -8.402386 25.258295 0.206357 0.470093 0.418291 0.749308
60.200000000 25.772350 -8.389852 25.308885 0.206901 0.468903 0.418181 0.749964
60.600000000 26.010765 -8.344361 25.454255 0.207976 0.470253 0.417540 0.749179
60.700000000 26.173849 -8.345591 25.546352 0.206247 0.471372 0.417192 0.749147
60.900000000 26.419157 -8.339196 25.703949 0.206979 0.468388 0.417387 0.750707
61.100000000 26.775435 -8.385186 25.841920 0.208060 0.466920 0.417006 0.751534
61.600000000 27.517215 -8.402438 26.163152 0.207586 0.470723 0.415230 0.750275
61.900000000 27.625280 -8.375167 26.278943 0.210844 0.467883 0.414110 0.751760
62.200000000 28.076152 -8.363313 26.526072 0.210160 0.466880 0.414199 0.752526
62.600000000 28.387763 -8.376674 26.671954 0.213158 0.465808 0.412804 0.753113
63.100000000 29.059922 -8.339758 27.060141 0.211707 0.463567 0.413888 0.754309
63.200000000 29.152984 -8.337200 27.095568 0.210964 0.466394 0.412987 0.753268
63.500000000 29.616105 -8.309871 27.363120 0.210958 0.466361 0.413156 0.753197
63.600000000 29.673768 -8.561449 27.553267 0.199701 0.491831 0.428579 0.731124
63.900000000 29.929092 -8.532810 27.662850 0.201306 0.497006 0.425715 0.728854
64.100000000 30.266148 -8.499810 27.810809 0.196509 0.500615 0.425894 0.727587
64.200000000 30.358827 -8.493097 27.865205 0.197691 0.498339 0.426304 0.728589
64.600000000 30.878171 -8.444907 28.124161 0.197986 0.497543 0.426374 0.729012
65.000000000 31.389611 -8.388714 28.364112 0.196027 0.503146 0.424516 0.726776
65.400000000 32.039871 -8.335423 28.688433 0.193828 0.499388 0.426917 0.728550
65.500000000 32.184082 -8.337243 28.730388 0.193985 0.500618 0.426528 0.727891
65.700000000 32.486667 -8.267278 28.923021 0.190860 0.503037 0.426687 0.726956
66.000000000 33.044750 -8.302533 29.111636 0.193926 0.501412 0.425592 0.727908
66.100000000 33.180709 -8.253762 29.208961 0.190393 0.505113 0.425366 0.726413
66.400000000 33.668404 -8.267908 29.426010 0.193055 0.493751 0.428781 0.731496
66.500000000 33.910761 -8.261728 29.531116 0.191500 0.492254 0.429886 0.732264
66.700000000 34.139136 -8.240399 29.651436 0.193426 0.490239 0.430225 0.732911
66.800000000 34.298398 -8.238842 29.726089 0.194121 0.487962 0.430755 0.733935
67.000000000 34.467301 -8.222510 29.825515 0.198099 0.485967 0.429917 0.734686
67.100000000 34.577026 -8.218897 29.883354 0.199499 0.484108 0.429932 0.735526
67.400000000 35.279369 -8.250263 30.108817 0.203325 0.481304 0.429765 0.736416
67.600000000 35.549748 -8.342447 30.059398 0.210181 0.489479 0.423779 0.732561
67.700000000 35.575993 -8.475057 30.225453 0.202233 0.515627 0.435202 0.709809
67.900000000 36.052555 -8.502893 30.321097 0.208042 0.511866 0.433958 0.711613
68.000000000 36.252227 -8.481188 30.397312 0.208355 0.510613 0.434409 0.712146
68.100000000 36.474522 -8.473605 30.468807 0.209710 0.507377 0.434985 0.713707
68.600000000 36.469036 -8.592661 30.249193 0.227995 0.536496 0.413359 0.699518
68.700000000 36.705667 -8.568093 30.332820 0.227776 0.535221 0.414204 0.700066
68.900000000 37.199819 -8.514609 30.503480 0.226601 0.532505 0.416439 0.701191
69.000000000 37.473393 -8.493472 30.589292 0.226262 0.530747 0.417416 0.702051
69.300000000 38.180444 -8.473452 30.813451 0.229837 0.519920 0.419002 0.708022
69.600000000 39.055033 -8.473239 30.946388 0.233866 0.527708 0.414460 0.703601
69.800000000 39.479614 -8.447445 31.065432 0.235507 0.522171 0.416194 0.706156
69.900000000 39.642514 -8.421560 31.127225 0.235065 0.522155 0.416439 0.706171
70.000000000 39.794060 -8.407943 31.174448 0.236357 0.519396 0.417067 0.707403
70.100000000 40.035653 -8.404527 31.226316 0.237364 0.516665 0.417511 0.708802
70.200000000 40.323593 -8.446586 31.201677 0.242383 0.523251 0.412480 0.705208
70.300000000 40.530944 -8.437695 31.252860 0.242914 0.520723 0.413252 0.706444
70.500000000 40.927575 -8.613871 31.383054 0.244724 0.551424 0.411783 0.682991
70.800000000 41.298008 -8.662249 31.324280 0.255336 0.560756 0.401052 0.677875
70.900000000 41.463629 -8.633797 31.362717 0.255350 0.560492 0.401204 0.677997
71.100000000 41.975653 -8.624154 31.403219 0.258796 0.554121 0.402235 0.681309
71.200000000 42.190409 -8.666510 31.345650 0.263724 0.560616 0.396193 0.677636
71.300000000 42.425904 -8.652873 31.367014 0.263111 0.559754 0.396817 0.678221
71.500000000 42.803987 -8.679207 31.318430 0.268629 0.567660 0.390218 0.673298
71.900000000 43.497554 -8.714342 31.276861 0.275660 0.573636 0.383422 0.669284
72.000000000 43.612331 -8.689656 31.306791 0.274881 0.575476 0.383077 0.668221
72.100000000 43.772866 -8.680521 31.322852 0.274876 0.575588 0.382967 0.668191
72.300000000 44.163641 -8.714382 31.275109 0.278472 0.580104 0.378600 0.665278
72.600000000 44.630102 -8.671672 31.334513 0.277030 0.579695 0.379938 0.665474
72.700000000 44.970174 -8.683501 31.327091 0.276427 0.578060 0.380994 0.666542
73.100000000 45.634753 -8.727248 31.240947 0.282118 0.591393 0.371141 0.657965
73.500000000 46.255553 -8.748907 31.193607 0.285618 0.599460 0.365128 0.652496
73.600000000 46.417539 -8.744313 31.201351 0.285313 0.599902 0.365073 0.652255
73.900000000 47.136853 -8.757568 31.184839 0.281502 0.601280 0.366815 0.651664
74.000000000 47.166309 -8.723062 31.220038 0.280845 0.603268 0.366498 0.650286
74.500000000 47.927143 -8.652977 31.310133 0.272827 0.601011 0.373007 0.652086
75.600000000 49.980668 -8.860258 31.450547 0.278262 0.626858 0.358874 0.633110
75.800000000 50.457191 -8.880290 31.412585 0.277645 0.625127 0.360080 0.634407
76.100000000 50.944150 -8.875450 31.412226 0.278246 0.623164 0.360429 0.635875
76.500000000 51.591657 -8.852298 31.407739 0.277830 0.622776 0.361247 0.635972
76.700000000 51.977869 -8.865961 31.384402 0.279115 0.619969 0.361664 0.637912
76.900000000 52.246595 -8.858189 31.392033 0.280548 0.617998 0.361419 0.639334
77.800000000 53.800000 -8.830703 31.359134 0.283183 0.612322 0.363022 0.642716
78.400000000 54.742927 -8.814578 31.344516 0.286306 0.606388 0.363876 0.646465
78.500000000 54.888232 -8.804205 31.348486 0.286425 0.606169 0.364089 0.646498
79.000000000 55.673923 -8.779272 31.342555 0.287437 0.603858 0.364773 0.647824
79.200000000 56.040295 -8.788329 31.316140 0.289060 0.600532 0.365439 0.649815
79.300000000 56.086171 -8.762522 31.346997 0.289090 0.601550 0.364872 0.649178
79.400000000 56.248712 -8.754719 31.345771 0.289706 0.600869 0.364743 0.649607
79.500000000 56.363362 -8.744057 31.355356 0.289676 0.601557 0.364433 0.649157
79.900000000 56.997035 -8.719270 31.351398 0.289517 0.600860 0.365005 0.649552
80.000000000 57.061168 -8.698438 31.374883 0.289668 0.601125 0.364860 0.649322
80.200000000 57.409630 -8.711081 31.341209 0.290227 0.598565 0.365766 0.650925
80.300000000 57.611228 -8.697218 31.345337 0.287441 0.602177 0.366057 0.648662
80.500000000 57.763926 -8.670772 31.371757 0.290528 0.600505 0.364764 0.649565
80.600000000 57.987733 -8.665083 31.364814 0.289137 0.601442 0.365161 0.649095
80.700000000 58.128867 -8.639945 31.383440 0.287393 0.604516 0.365001 0.647101
81.000000000 58.452371 -8.603089 31.420816 0.286362 0.600724 0.367700 0.649557
81.400000000 59.124941 -8.567001 31.412679 0.283328 0.610366 0.364988 0.643399
81.600000000 59.479331 -8.571742 31.377114 0.284703 0.614703 0.361734 0.640495
82.500000000 60.856756 -8.583288 31.421837 0.288166 0.627853 0.347813 0.633867
82.600000000 60.925169 -8.573260 31.436289 0.288398 0.627851 0.347659 0.633848
82.800000000 61.226537 -8.578803 31.423145 0.290038 0.625962 0.347284 0.635172
82.900000000 61.358456 -8.584431 31.411852 0.291243 0.624883 0.346960 0.635860
83.500000000 62.230774 -8.633304 31.342549 0.299554 0.612695 0.346915 0.643835
84.000000000 62.715016 -8.673033 31.296413 0.312303 0.601481 0.342777 0.650532
84.100000000 62.828576 -8.689028 31.277261 0.314900 0.596720 0.343270 0.653398
84.200000000 62.980342 -8.698210 31.260873 0.317112 0.593275 0.343303 0.655445
84.300000000 63.085600 -8.726099 31.225838 0.320075 0.588625 0.343343 0.658171
84.400000000 63.159019 -8.739503 31.202509 0.324870 0.583926 0.341554 0.660931
84.500000000 63.303918 -8.754608 31.180072 0.326440 0.581748 0.341549 0.662080
84.600000000 63.448512 -8.769979 31.166524 0.328865 0.578052 0.341365 0.664209
85.300000000 64.138742 -8.962793 30.934482 0.369534 0.638365 0.274936 0.616721
85.600000000 64.567206 -9.007478 30.868405 0.369137 0.641604 0.273965 0.614023
86.600000000 65.949660 -9.183351 30.646199 0.360408 0.654983 0.275173 0.604469
86.700000000 66.278997 -9.053893 30.737377 0.368855 0.651915 0.253215 0.612237
86.900000000 66.637221 -9.102954 30.691800 0.366675 0.656767 0.253022 0.608429
87.200000000 67.164553 -9.173227 30.625575 0.360017 0.664907 0.255216 0.602620
87.400000000 67.463155 -9.225595 30.623212 0.363027 0.661008 0.253427 0.605850
87.600000000 67.699553 -9.301054 30.564692 0.360271 0.664210 0.253877 0.603802
87.800000000 68.081576 -9.359334 30.549212 0.360208 0.662981 0.253941 0.605161
87.900000000 68.212957 -9.430403 30.481882 0.362409 0.664039 0.251516 0.603698
88.000000000 68.411660 -9.445689 30.472872 0.358706 0.669686 0.252138 0.599398
88.100000000 68.607914 -9.489822 30.440214 0.356915 0.671346 0.252706 0.598369
88.300000000 68.843273 -9.602520 30.358637 0.360759 0.668450 0.249773 0.600534
88.500000000 69.211332 -9.643224 30.344032 0.355602 0.674279 0.251418 0.596392
88.700000000 69.464377 -9.727986 30.316298 0.357603 0.669286 0.251117 0.600930
88.900000000 69.868836 -9.825208 30.276191 0.358568 0.668061 0.250063 0.602156
89.000000000 69.947377 -9.858273 30.260993 0.358890 0.669366 0.248662 0.601094
89.100000000 70.088076 -9.892327 30.247578 0.357358 0.671020 0.248569 0.600201
89.700000000 71.132524 -10.153846 30.153712 0.359238 0.665008 0.248035 0.605963
90.000000000 71.583226 -10.274745 30.117153 0.364428 0.660134 0.245797 0.609096
90.100000000 71.597534 -10.277882 30.154409 0.366855 0.657198 0.243841 0.611596
90.400000000 72.063286 -10.356687 30.145997 0.365962 0.657329 0.244299 0.611807
90.700000000 72.710861 -10.505876 30.128309 0.365437 0.652990 0.244947 0.616491
90.900000000 72.943217 -10.597094 30.081394 0.367890 0.651658 0.242822 0.617282
91.000000000 73.438860 -9.681637 29.705886 0.396471 0.604394 0.201517 0.660991
91.100000000 73.590827 -9.737069 29.709896 0.396585 0.603768 0.201414 0.661526
91.300000000 73.982721 -9.898083 29.678337 0.397242 0.602433 0.201394 0.662355
91.400000000 74.213520 -9.978814 29.690991 0.396741 0.603002 0.200928 0.662279
91.500000000 74.346735 -10.074178 29.673521 0.399057 0.598877 0.199208 0.665144
92.000000000 75.091909 -10.307347 29.667385 0.393672 0.608072 0.200732 0.659528
92.100000000 75.160705 -10.350665 29.658392 0.394979 0.608176 0.199221 0.659108
92.200000000 75.256434 -10.396494 29.684585 0.396446 0.603689 0.198116 0.662677
92.300000000 75.427034 -10.483198 29.667282 0.397636 0.601440 0.197521 0.664185
92.600000000 76.088805 -10.698409 29.691604 0.396978 0.599532 0.197380 0.666341
92.900000000 76.346575 -10.767234 29.727657 0.395258 0.603192 0.196914 0.664195
93.000000000 76.457223 -10.857068 29.725880 0.397185 0.599455 0.195075 0.666966
93.200000000 76.732945 -10.950679 29.739657 0.396476 0.600128 0.194323 0.667002
93.500000000 76.893170 -10.995998 29.767034 0.397678 0.599922 0.192774 0.666921
93.600000000 77.255902 -11.179498 29.743500 0.398342 0.597395 0.192058 0.668997
93.900000000 77.489435 -11.217963 29.782356 0.397517 0.600887 0.191321 0.666566
94.500000000 78.073783 -11.363334 29.868931 0.397391 0.600122 0.190165 0.667661
94.800000000 78.561466 -11.543566 29.875610 0.395923 0.602126 0.189683 0.666865
94.900000000 78.800565 -11.700235 29.851374 0.398409 0.595206 0.188466 0.671923
95.300000000 79.358684 -11.845041 29.891611 0.394772 0.602730 0.189104 0.667166
95.500000000 79.700303 -12.018501 29.878528 0.396256 0.600065 0.187503 0.669138
95.600000000 79.833947 -12.033620 29.911875 0.394881 0.601352 0.187979 0.668662
96.400000000 80.573829 -12.184939 30.035450 0.394656 0.601544 0.187353 0.668797
97.300000000 81.825851 -12.716527 30.078891 0.395794 0.596369 0.187019 0.672841
97.400000000 82.068557 -12.827786 30.059865 0.394383 0.598112 0.187563 0.671970
97.500000000 82.159806 -12.839566 30.085537 0.393677 0.597833 0.187996 0.672511
98.200000000 83.120548 -13.210288 30.110791 0.393636 0.598470 0.187035 0.672237
98.500000000 83.494565 -13.348289 30.132322 0.393512 0.598043 0.186688 0.672785
98.800000000 83.933612 -13.518681 30.141670 0.392512 0.597970 0.187339 0.673253
98.900000000 84.040873 -13.540105 30.154471 0.392346 0.599156 0.187594 0.672225
99.000000000 84.247794 -13.676164 30.119474 0.393757 0.596798 0.186054 0.673922
99.100000000 84.334092 -13.677511 30.148382 0.393062 0.597415 0.186336 0.673703
99.200000000 84.442918 -13.711154 30.150786 0.393717 0.598759 0.186100 0.672191
99.300000000 84.564190 -13.754559 30.158725 0.393642 0.598337 0.186107 0.672610
99.800000000 85.327630 -14.082592 30.134241 0.394025 0.597979 0.185137 0.672970
99.900000000 85.452387 -14.123969 30.145881 0.393252 0.596972 0.185914 0.674102
100.100000000 85.772018 -14.261430 30.127556 0.393192 0.596890 0.186083 0.674163
100.400000000 86.250827 -14.480116 30.104533 0.393278 0.594908 0.185561 0.676006
100.600000000 86.435037 -14.532164 30.113745 0.395498 0.596551 0.184187 0.673635
101.000000000 87.030012 -14.789238 30.065544 0.396869 0.596359 0.183801 0.673103
101.300000000 87.346465 -14.913040 30.090264 0.397959 0.592761 0.182838 0.675894
101.400000000 87.505118 -14.982019 30.076243 0.398141 0.592615 0.182504 0.676005
101.800000000 88.098665 -15.238306 30.015316 0.399721 0.591361 0.182539 0.676162
102.000000000 88.562553 -14.954154 29.892903 0.451743 0.491069 0.118125 0.735409
102.100000000 88.643583 -15.007949 29.913930 0.451968 0.489923 0.117914 0.736068
102.200000000 88.788482 -15.128379 29.911061 0.452710 0.489655 0.117348 0.735882
102.600000000 89.232630 -15.441511 29.947251 0.454021 0.488315 0.116826 0.736046
102.900000000 89.609522 -15.714229 29.965094 0.454542 0.487723 0.116831 0.736118
103.000000000 89.750893 -15.812299 29.967759 0.454930 0.488205 0.116891 0.735548
104.000000000 90.676310 -16.330111 30.155496 0.459499 0.485608 0.114434 0.734813
104.200000000 90.822124 -16.420215 30.163152 0.460948 0.482118 0.114354 0.736215
104.700000000 89.616898 -15.730793 30.104931 0.326094 0.403073 0.201107 0.831114
105.200000000 88.684423 -14.947160 30.004064 0.316037 0.478226 0.180865 0.799193
105.300000000 90.143099 -13.986171 31.382261 0.175287 0.528494 0.229317 0.798362
105.500000000 88.906837 -12.170995 31.793715 -0.197894 0.316488 0.265681 0.888868
105.600000000 88.975107 -12.090627 31.883236 -0.199775 0.326872 0.259650 0.886469
105.800000000 88.612151 -11.803694 31.883806 -0.163152 0.300580 0.306132 0.888435
105.900000000 89.088527 -12.014923 32.080589 -0.194998 0.319384 0.267062 0.888058
106.300000000 89.520051 -12.564797 31.967820 -0.155339 0.318072 0.311964 0.881691
106.500000000 89.821721 -10.621444 32.873883 -0.283939 0.373456 0.318747 0.823596
107.200000000 89.266400 -9.153597 32.037126 -0.480347 0.729374 0.099869 0.476766
107.600000000 88.841856 -8.831800 32.356421 -0.511668 0.801578 -0.030853 0.307761
108.200000000 89.175648 -8.720630 32.164683 -0.434239 0.806142 -0.083835 0.393120
108.300000000 89.201486 -8.801081 32.235671 -0.433764 0.807779 -0.090351 0.388817
108.700000000 89.536422 -8.621084 31.936322 -0.448318 0.799789 0.005395 0.399149
108.800000000 89.608130 -8.647648 31.906970 -0.451039 0.802579 -0.002622 0.390416
109.000000000 89.583566 -8.592563 31.898407 -0.453091 0.803377 -0.006993 0.386323
109.100000000 89.613556 -8.633809 31.918403 -0.452821 0.804027 -0.008906 0.385246
109.200000000 89.589792 -8.613763 31.924717 -0.452883 0.804005 -0.009062 0.385217
109.900000000 89.883718 -8.642634 31.897975 -0.450458 0.799317 0.021265 0.397149
110.000000000 89.882377 -8.648497 31.899299 -0.450938 0.799783 0.019440 0.395759
110.400000000 90.074491 -8.820730 32.128585 -0.447470 0.795729 0.030042 0.407043
110.700000000 89.892783 -8.798268 32.148898 -0.440080 0.794005 0.039712 0.417502
111.100000000 89.293688 -8.012637 31.901219 -0.255386 0.849987 0.074138 0.454757
111.200000000 89.303155 -7.953111 31.865744 -0.258022 0.852478 0.071406 0.449007
111.400000000 89.499978 -7.901560 31.966501 -0.186068 0.821098 0.052171 0.537081
111.500000000 89.503938 -7.833407 31.965384 -0.187959 0.823453 0.050104 0.532998
111.600000000 89.384227 -7.760326 32.013604 -0.184689 0.820088 0.053164 0.538999
112.000000000 89.292350 -7.467474 32.021188 -0.186343 0.823518 0.052786 0.533205
112.300000000 89.129895 -7.258646 32.020277 -0.182570 0.823461 0.056140 0.534255
112.500000000 88.941317 -7.144765 32.155293 -0.177623 0.816670 0.061089 0.545681
113.000000000 88.456065 -7.131233 32.386262 -0.176447 0.820651 0.057818 0.540422
113.100000000 88.470155 -7.049403 32.378907 -0.178475 0.822276 0.057043 0.537359
113.500000000 88.322148 -6.766395 32.439866 -0.177207 0.818547 0.062794 0.542803
113.700000000 88.132859 -6.872865 32.612299 -0.174458 0.809935 0.068443 0.555774
114.800000000 87.325506 -6.699527 32.965423 -0.171920 0.811634 0.068413 0.554088
114.900000000 87.893293 -6.741230 33.197511 -0.098613 0.769138 0.062073 0.628370
115.300000000 87.729498 -6.637582 33.251603 -0.099800 0.766970 0.063782 0.630657
115.700000000 87.521117 -6.804987 33.345777 -0.103249 0.765481 0.067898 0.631481
116.200000000 87.226356 -6.787097 33.482683 -0.101639 0.760149 0.069788 0.637944
116.400000000 87.001680 -6.928086 33.582126 -0.099972 0.754829 0.072756 0.644163
116.500000000 86.942496 -6.919260 33.607144 -0.099833 0.754274 0.073314 0.644771
117.400000000 86.381429 -6.993195 33.902966 -0.096765 0.749692 0.074216 0.650454
117.700000000 86.253490 -7.089722 34.006231 -0.097639 0.750399 0.073528 0.649586
118.000000000 86.046007 -7.448665 34.146099 -0.099352 0.753327 0.071371 0.646169
118.100000000 85.994273 -7.678572 34.194386 -0.100409 0.756714 0.068353 0.642363
118.200000000 85.908109 -7.835967 34.259834 -0.099377 0.755405 0.068767 0.644018
118.400000000 85.765689 -8.065306 34.372855 -0.099355 0.757393 0.066163 0.641955
118.800000000 85.459866 -8.168251 34.607003 -0.100943 0.758139 0.065721 0.640872
118.900000000 85.872837 -8.123387 34.647331 -0.022739 0.707751 0.069114 0.702705
119.100000000 85.754402 -8.168009 34.722575 -0.025467 0.710422 0.068881 0.699934
119.400000000 85.547964 -8.354897 34.870593 -0.024158 0.706824 0.069248 0.703578
119.500000000 85.475439 -8.472616 34.905613 -0.022887 0.705201 0.069412 0.705230
119.800000000 85.162090 -8.568980 35.033196 -0.023737 0.705481 0.069088 0.704954
120.000000000 85.932968 -8.130668 35.172837 -0.064347 0.701042 0.106120 0.702238
120.100000000 85.944667 -8.268431 35.209078 -0.063761 0.700582 0.105702 0.702813
120.300000000 85.733932 -8.445632 35.291957 -0.062416 0.698457 0.106057 0.704992
120.400000000 85.666360 -8.523976 35.326303 -0.061986 0.699766 0.104222 0.704005
120.500000000 85.679879 -8.612149 35.363325 -0.061942 0.700226 0.103477 0.703662
121.000000000 85.143381 -8.841962 35.543514 -0.064590 0.701072 0.104592 0.702415
121.400000000 84.986263 -9.174814 35.696432 -0.062458 0.697899 0.103563 0.705912
121.700000000 84.410006 -9.290348 35.774397 -0.063222 0.695068 0.107195 0.708091
122.200000000 84.222502 -9.643315 35.901314 -0.062686 0.695806 0.105872 0.707612
123.300000000 83.169990 -10.481841 36.375986 0.006941 0.644799 0.117333 0.755261
123.600000000 82.806639 -10.545773 36.301629 0.006017 0.645133 0.118628 0.754781
123.700000000 82.720918 -10.619580 36.290849 0.007461 0.642419 0.119458 0.756949
124.100000000 82.225983 -10.678301 36.147323 0.006726 0.643616 0.119663 0.755906
124.300000000 82.075824 -10.743944 36.077923 0.008073 0.641927 0.119876 0.757294
124.400000000 81.946755 -10.768171 36.028461 0.009326 0.641071 0.119718 0.758029
124.500000000 81.748394 -10.785521 35.968948 0.010965 0.639597 0.119702 0.759254
125.500000000 80.671864 -10.819525 35.281721 0.010686 0.637252 0.124659 0.760431
125.800000000 80.363713 -10.776792 34.990930 0.007544 0.638870 0.127091 0.758707
125.900000000 80.010814 -10.759555 34.870270 0.013740 0.636761 0.124139 0.760879
126.000000000 79.781848 -10.746339 34.760298 0.016956 0.634780 0.123441 0.762581
126.200000000 80.079604 -10.803039 34.622608 0.009687 0.637820 0.126985 0.759584
126.400000000 79.687822 -10.742875 34.397207 0.010363 0.635448 0.128414 0.761320
126.500000000 79.613604 -10.742691 34.298836 0.010692 0.635042 0.128676 0.761610
126.700000000 79.590309 -10.706930 34.082436 0.009614 0.639411 0.127577 0.758146
127.600000000 78.644937 -10.489626 33.030014 0.007968 0.641151 0.129933 0.756293
127.700000000 78.621599 -10.547213 32.891639 0.090834 0.598800 0.131211 0.784839
128.400000000 79.142852 -10.796518 32.306421 0.095396 0.595037 0.130029 0.787352
128.800000000 78.613975 -10.563087 31.826585 0.096074 0.590333 0.132786 0.790344
129.300000000 78.172404 -10.324751 31.271332 0.097715 0.591380 0.133101 0.789307
130.700000000 76.740475 -9.812334 29.926321 0.100100 0.586358 0.134972 0.792431
130.800000000 76.736335 -9.780742 29.864559 0.098950 0.588670 0.134907 0.790871
130.900000000 76.521117 -9.697955 29.779911 0.100983 0.584097 0.135506 0.793896
131.100000000 76.212743 -9.620313 29.577621 0.098764 0.587571 0.135622 0.791589
131.300000000 76.159938 -9.625146 29.456151 0.098084 0.589832 0.134870 0.790119
131.600000000 76.174461 -9.577419 29.360093 0.095231 0.595910 0.133979 0.786048
131.900000000 76.367634 -9.593605 29.350591 0.092967 0.594008 0.136535 0.787318
132.000000000 76.179823 -9.362578 29.332272 0.086752 0.593786 0.140668 0.787468
132.100000000 76.140309 -9.368032 29.292577 0.087319 0.596091 0.139304 0.785904
132.400000000 76.014839 -9.460660 29.151668 0.087949 0.603014 0.135977 0.781120
132.600000000 75.975422 -9.504515 29.112878 0.088336 0.602190 0.136511 0.781620
132.800000000 75.952966 -9.523462 29.084716 0.087021 0.605174 0.136220 0.779510
132.900000000 75.931673 -9.556927 29.063979 0.086914 0.604318 0.136762 0.780091
133.100000000 75.812011 -9.589188 29.013536 0.087850 0.605562 0.135850 0.779180
133.200000000 75.842124 -9.683444 29.012378 0.089414 0.603532 0.135850 0.780576
133.300000000 75.794581 -9.754912 28.970794 0.089591 0.607442 0.134158 0.777811
133.400000000 75.989180 -9.781909 29.072969 0.088964 0.603046 0.136496 0.780891
133.500000000 75.323547 -9.365913 28.970155 0.082701 0.604478 0.139457 0.779948
133.600000000 75.332786 -9.483680 28.953148 0.083725 0.604140 0.139004 0.780181
133.900000000 75.425916 -9.651110 28.985947 0.082816 0.607697 0.138447 0.777611
134.500000000 74.822752 -9.582078 28.995516 0.081844 0.606655 0.138311 0.778551
134.600000000 74.661286 -9.829448 28.849477 0.084400 0.613749 0.133711 0.773505
135.200000000 74.214866 -9.132196 29.206325 0.075648 0.605048 0.143433 0.779501
135.500000000 74.776834 -8.537097 29.822330 -0.030081 0.557767 0.220374 0.799641
135.600000000 74.664827 -7.941978 29.446051 0.060123 0.528781 0.212383 0.819555
135.700000000 74.550391 -7.942803 29.440669 0.057885 0.530426 0.212569 0.818604
136.000000000 74.158510 -8.202066 29.298955 0.061261 0.535447 0.207634 0.816353
136.200000000 73.903012 -8.322283 29.249098 0.062158 0.537049 0.206576 0.815501
136.400000000 73.682932 -8.220629 29.314851 0.054914 0.537344 0.209671 0.815036
136.500000000 73.553744 -8.306697 29.273764 0.055479 0.537794 0.208844 0.814913
136.600000000 73.433373 -8.365426 29.256362 0.055784 0.540358 0.207369 0.813572
137.000000000 72.930604 -8.497306 29.248881 0.052113 0.545333 0.206309 0.810761
137.200000000 72.673673 -8.689816 29.185736 0.055244 0.549418 0.203225 0.808571
137.500000000 72.246286 -8.714096 29.241707 0.049751 0.547206 0.205984 0.809729
137.800000000 71.864800 -9.033591 29.176278 0.053806 0.551988 0.202428 0.807116
138.100000000 71.668741 -9.194347 29.288404 0.052647 0.553247 0.201832 0.806480
139.200000000 69.356486 -9.837324 29.157842 0.066831 0.521035 0.210730 0.824408
139.300000000 68.954162 -9.978196 29.065105 0.072339 0.505374 0.215398 0.832447
139.600000000 68.063822 -9.799111 28.420420 0.138507 0.507514 0.211686 0.823671
139.700000000 67.830144 -9.831253 28.401787 0.139881 0.503796 0.212411 0.825532
141.700000000 69.718589 -9.935365 28.267979 0.000161 0.478057 0.262221 0.838273
142.000000000 69.577140 -10.111760 28.242756 -0.008156 0.472557 0.267725 0.839611
142.100000000 69.627495 -10.176975 28.264438 -0.009068 0.472955 0.267927 0.839313
142.200000000 69.684527 -10.219054 28.306976 -0.010172 0.473009 0.268335 0.839139
142.300000000 69.635614 -10.292854 28.273588 -0.010608 0.472570 0.268792 0.839236
142.400000000 69.185325 -10.451439 27.972225 -0.009975 0.472674 0.268640 0.839233
142.600000000 69.191965 -10.464700 28.031681 -0.011722 0.470310 0.270369 0.839983
143.000000000 68.518168 -10.715072 27.616209 -0.007931 0.468379 0.269482 0.841390
143.100000000 68.531872 -10.724237 27.631410 -0.008688 0.467388 0.270257 0.841685
143.300000000 68.131804 -10.938902 27.296506 -0.008549 0.468590 0.269870 0.841142
143.500000000 68.088052 -10.943796 27.278954 -0.009700 0.467321 0.270930 0.841495
143.900000000 67.652335 -11.100464 26.920624 -0.009613 0.467229 0.271210 0.841457
144.100000000 67.241656 -11.203932 26.613388 -0.007772 0.465915 0.271428 0.842134
145.400000000 64.851090 -11.029072 25.041449 0.088621 0.472875 0.230500 0.845816
145.500000000 65.708368 -11.491496 25.182100 -0.002488 0.458238 0.274775 0.845287
145.600000000 65.534444 -11.491223 25.050515 -0.001443 0.456755 0.275249 0.845938
146.000000000 65.139373 -11.502515 24.637511 -0.001373 0.455696 0.276313 0.846162
146.100000000 64.928863 -11.477993 24.487497 0.000257 0.454805 0.276241 0.846666
146.400000000 64.668704 -11.522654 24.174884 -0.000997 0.453613 0.277313 0.846954
146.500000000 64.379842 -11.516852 23.969192 0.001365 0.451617 0.277650 0.847910
146.600000000 62.445169 -11.138459 21.692554 0.066711 0.480690 0.272209 0.830897
147.000000000 62.341953 -11.282225 21.311065 0.063138 0.483867 0.273139 0.829024
147.200000000 61.825120 -11.162549 21.036189 0.067160 0.481189 0.272955 0.830327
147.300000000 61.748565 -11.142395 20.962079 0.067370 0.480746 0.273176 0.830493
147.500000000 61.704679 -11.217521 20.799591 0.066857 0.479445 0.273552 0.831163
148.300000000 61.263217 -11.262255 20.133466 0.063164 0.480089 0.275161 0.830549
148.400000000 61.081692 -11.244902 19.989464 0.063721 0.480140 0.275286 0.830435
148.500000000 60.862473 -11.242026 19.838896 0.065668 0.477853 0.275317 0.831592
148.600000000 60.721274 -11.237009 19.707724 0.066012 0.477771 0.275348 0.831602
148.800000000 60.533322 -11.239417 19.496158 0.066040 0.477261 0.275405 0.831873
149.100000000 60.347012 -11.261760 19.204884 0.064482 0.477088 0.276253 0.831813
149.300000000 60.184471 -11.250009 18.980348 0.064407 0.479117 0.276150 0.830686
149.500000000 60.017451 -11.256590 18.756686 0.064640 0.478310 0.276039 0.831170
149.600000000 59.941359 -11.246179 18.651606 0.063667 0.478570 0.276556 0.830924
149.700000000 59.816577 -11.232126 18.518689 0.063753 0.478539 0.276449 0.830970
150.200000000 59.490124 -11.208384 17.969992 0.060663 0.477949 0.278130 0.830981
150.300000000 59.161100 -11.176520 17.725547 0.063815 0.478209 0.276901 0.831005
150.400000000 58.800146 -11.118764 17.477431 0.066321 0.478717 0.275644 0.830934
150.600000000 59.178935 -11.209623 17.471437 0.062443 0.477197 0.276940 0.831678
150.800000000 59.038971 -11.179582 17.234040 0.060299 0.478344 0.277728 0.830914
151.000000000 59.025636 -11.193299 17.040959 0.059526 0.479051 0.277316 0.830700
151.100000000 56.314698 -10.422661 14.179096 0.142347 0.519409 0.253857 0.803435
151.200000000 56.478805 -10.467182 14.135323 0.138794 0.518542 0.256167 0.803884
151.300000000 56.521995 -10.459534 14.072920 0.135219 0.519159 0.257599 0.803637
151.400000000 56.525901 -10.449235 13.986252 0.133259 0.519914 0.258474 0.803195
151.600000000 56.426238 -10.427625 13.785861 0.132963 0.519516 0.258622 0.803454
151.700000000 56.223454 -10.389026 13.642075 0.134287 0.518688 0.257797 0.804034
152.000000000 55.955335 -10.313623 13.293113 0.133298 0.520966 0.258002 0.802659
152.200000000 55.749820 -10.265075 13.060365 0.132364 0.521800 0.258362 0.802156
152.400000000 55.665034 -10.268649 12.863317 0.133102 0.521507 0.257786 0.802409
152.700000000 55.419792 -10.201309 12.553178 0.128746 0.521348 0.259920 0.802535
153.100000000 55.256422 -10.224247 12.188069 0.129046 0.521473 0.259077 0.802678
153.300000000 54.989081 -10.186123 11.955476 0.128781 0.520052 0.259638 0.803461
153.400000000 54.742557 -10.138312 11.792642 0.129420 0.520889 0.259539 0.802848
153.700000000 54.738312 -10.153104 11.593224 0.121615 0.522519 0.263142 0.801835
153.800000000 54.637104 -10.147308 11.489792 0.121297 0.521880 0.263633 0.802138
154.000000000 54.622375 -10.256789 11.332698 0.130765 0.520176 0.258013 0.803584
154.200000000 54.311851 -10.166929 11.122535 0.120562 0.522256 0.263923 0.801909
154.300000000 54.173162 -10.161173 11.008187 0.119976 0.522902 0.264163 0.801497
154.500000000 53.715115 -10.145054 10.745736 0.124816 0.520114 0.262493 0.803118
154.700000000 53.841453 -10.259457 10.620576 0.128539 0.527710 0.258476 0.798868
155.200000000 53.711725 -10.440368 10.352339 0.128174 0.520169 0.259511 0.803523
155.300000000 53.603727 -10.447726 10.275850 0.127445 0.519202 0.259639 0.804223
155.400000000 53.365531 -10.442990 10.148934 0.128512 0.518415 0.259459 0.804619
155.500000000 49.007660 -9.241741 6.699682 0.218161 0.579809 0.226521 0.751609
155.600000000 48.554525 -9.162426 6.585911 0.220970 0.579994 0.224804 0.751161
155.700000000 48.455108 -9.159197 6.537823 0.220460 0.581757 0.224437 0.750056
155.800000000 48.312511 -9.153134 6.486100 0.220737 0.581624 0.224318 0.750113
155.900000000 48.171368 -9.143077 6.439992 0.221360 0.581312 0.224042 0.750254
156.300000000 47.862258 -9.217898 6.280338 0.217693 0.579141 0.226744 0.752191
156.400000000 47.902850 -9.261560 6.261385 0.216677 0.580306 0.226992 0.751513
156.600000000 47.417830 -9.206523 6.146574 0.217066 0.580405 0.226726 0.751404
156.800000000 47.552666 -9.327716 6.133192 0.211483 0.578706 0.230669 0.753104
156.900000000 47.482787 -9.349154 6.101749 0.210210 0.578898 0.231581 0.753033
157.200000000 47.638584 -9.524170 6.059299 0.202715 0.581684 0.235904 0.751598
157.300000000 47.518508 -9.645583 5.958142 0.214117 0.585301 0.227440 0.748230
157.600000000 47.456693 -9.818086 5.903157 0.214448 0.583290 0.227319 0.749741
157.900000000 47.621211 -10.078904 5.856857 0.214449 0.584797 0.226450 0.748829
158.100000000 47.716904 -10.231216 5.848545 0.211616 0.583834 0.228415 0.749789
158.300000000 41.198507 -8.752498 2.480018 0.282301 0.654853 0.203284 0.670931
158.500000000 41.056941 -8.825237 2.480838 0.281227 0.653864 0.204248 0.672054
158.700000000 40.849088 -8.890491 2.479123 0.281575 0.652891 0.204246 0.672854
159.100000000 40.030041 -8.862192 2.532704 0.285659 0.655703 0.199977 0.669673
159.400000000 39.649786 -8.862741 2.576212 0.284798 0.660084 0.199445 0.665883
159.600000000 39.357408 -8.866435 2.626186 0.281969 0.657952 0.202359 0.668314
159.900000000 39.102256 -8.831621 2.741381 0.279004 0.656767 0.205591 0.669736
160.300000000 38.255907 -8.824643 2.812995 0.284952 0.657186 0.200783 0.668278
160.400000000 38.165743 -8.908539 2.767472 0.281613 0.658474 0.203071 0.667734
160.800000000 37.576137 -8.827861 2.915378 0.284306 0.657277 0.201586 0.668221
161.100000000 27.133275 -6.176170 0.384321 0.365756 0.739960 0.160128 0.541333
161.200000000 26.907602 -6.246026 0.396428 0.363816 0.740544 0.161947 0.541300
161.500000000 26.674500 -6.078111 0.701122 0.364847 0.738559 0.162329 0.543200
161.800000000 26.168737 -6.027643 0.946372 0.366708 0.737440 0.160810 0.543919
162.000000000 25.906940 -6.042354 1.053084 0.367131 0.735658 0.160712 0.546071
162.100000000 25.785766 -6.048840 1.093993 0.366438 0.735944 0.161470 0.545928
162.600000000 25.941922 -6.232804 1.012038 0.359086 0.738660 0.169457 0.544723
163.000000000 26.102839 -6.834888 0.569979 0.366854 0.741774 0.155701 0.539395
163.200000000 25.703236 -6.766656 0.735454 0.367752 0.741657 0.155458 0.539014
163.300000000 25.670845 -6.768427 0.759599 0.367237 0.741136 0.156214 0.539862
163.400000000 25.416585 -6.746934 0.847256 0.368301 0.739798 0.155397 0.541206
163.600000000 25.198216 -6.708959 0.946551 0.367698 0.740010 0.156290 0.541071
163.700000000 13.944269 -3.962345 0.162844 0.438573 0.805353 0.099441 0.386228
163.800000000 13.873597 -3.949360 0.235434 0.438393 0.805189 0.099749 0.386694
163.900000000 13.689247 -3.896131 0.421814 0.438688 0.804972 0.099447 0.386888
164.000000000 13.594072 -3.882021 0.500114 0.438323 0.805109 0.099969 0.386884
164.100000000 13.551720 -3.864345 0.550509 0.437612 0.805269 0.101219 0.387030
164.300000000 13.362486 -3.866682 0.667948 0.438536 0.805926 0.098828 0.385231
164.400000000 13.260714 -3.842372 0.764227 0.438701 0.805781 0.098576 0.385410
164.800000000 12.785647 -3.706944 1.196269 0.437633 0.806919 0.099508 0.384002
165.100000000 12.710567 -3.711656 1.209736 0.436079 0.808000 0.101561 0.382958
165.400000000 12.171293 -3.488706 1.741695 0.434611 0.810712 0.102524 0.378613
165.800000000 11.766965 -3.466651 1.956922 0.435695 0.812048 0.098848 0.375469
166.000000000 11.490617 -3.331041 2.228234 0.434994 0.814115 0.099063 0.371731
166.200000000 11.335261 -3.231041 2.385912 0.433160 0.815895 0.101479 0.369310
166.300000000 11.197372 -3.174042 2.523151 0.433899 0.815687 0.100387 0.369200
166.400000000 11.178216 -3.181424 2.509855 0.433829 0.815439 0.100608 0.369770
166.600000000 11.024372 -3.193134 2.537413 0.434565 0.816475 0.098494 0.367180
166.700000000 10.869902 -3.120195 2.696227 0.434958 0.817349 0.096997 0.365162
167.000000000 10.610755 -3.103737 2.840202 0.435424 0.815757 0.096111 0.368388
167.400000000 0.312782 -0.672314 4.784631 0.499408 0.839599 0.022796 0.212476
167.500000000 0.242097 -0.589921 5.007138 0.500306 0.839174 0.020487 0.212276
167.600000000 0.118872 -0.486832 5.281379 0.499813 0.840504 0.020315 0.208151
167.800000000 -0.068466 -0.349399 5.687078 0.499372 0.840641 0.022311 0.208452
168.100000000 -0.166449 -0.357875 5.623120 0.498722 0.841372 0.023695 0.206903
168.200000000 -0.236637 -0.267970 5.880076 0.499549 0.840845 0.021718 0.207264
168.300000000 -0.385804 -0.149268 6.244764 0.499239 0.841227 0.022607 0.206366
168.500000000 -0.434863 -0.118752 6.325652 0.499847 0.839886 0.021975 0.210384
168.700000000 -0.580041 -0.103109 6.415923 0.499489 0.840913 0.021625 0.207142
168.900000000 -0.579574 -0.214970 6.121997 0.498400 0.840889 0.024906 0.209482
169.000000000 -0.636588 -0.125886 6.327273 0.498729 0.841092 0.023634 0.208025
169.100000000 -0.660716 -0.057652 6.480382 0.499883 0.840137 0.021172 0.209375
169.200000000 -0.861627 0.040248 6.857649 0.499587 0.840998 0.021260 0.206601
169.400000000 -0.943326 0.001968 6.787753 0.499067 0.841465 0.022258 0.205850
169.500000000 -1.015015 0.055373 6.973858 0.499534 0.840915 0.021146 0.207076
169.600000000 -1.048999 0.141582 7.174476 0.499806 0.840681 0.020357 0.207450
169.700000000 -1.186344 0.223148 7.498487 0.500712 0.840104 0.017944 0.207823
169.800000000 -6.545918 1.623640 10.500874 0.552425 0.825050 -0.064831 0.099576
169.900000000 -6.588662 1.630999 10.574103 0.552876 0.824394 -0.066166 0.101607
170.000000000 -6.600382 1.669319 10.673123 0.553055 0.824155 -0.066925 0.102076
170.100000000 -6.645648 1.711845 10.848979 0.553067 0.824105 -0.067732 0.101883
170.200000000 -6.712789 1.685824 10.815454 0.552821 0.824402 -0.066761 0.101458
170.400000000 -6.774695 1.767026 11.108164 0.553223 0.824029 -0.068731 0.100973
170.500000000 -6.761712 1.854872 11.336660 0.553560 0.823605 -0.068331 0.102847
170.600000000 -6.692595 1.952998 11.513977 0.553612 0.823490 -0.067760 0.103861
170.700000000 -6.868627 1.779895 11.165436 0.552841 0.824256 -0.064898 0.103719
170.800000000 -6.852198 1.774281 11.087702 0.552572 0.824437 -0.063670 0.104472
171.400000000 -7.215001 1.395786 10.241248 0.550062 0.826197 -0.057513 0.107349
171.500000000 -7.204244 1.396070 10.216967 0.550049 0.825999 -0.057713 0.108819
172.300000000 -7.724709 1.080385 9.839673 0.548437 0.827462 -0.056582 0.106402
172.400000000 -7.777882 1.054634 9.868276 0.548342 0.827247 -0.057263 0.108188
172.500000000 -7.731668 1.059940 9.824256 0.548262 0.827026 -0.057226 0.110278
172.700000000 -7.693046 1.219924 10.232183 0.548758 0.826727 -0.057942 0.109684
173.100000000 -7.585157 1.473348 10.925400 0.549620 0.825454 -0.058011 0.114796
173.200000000 -7.562586 1.434297 10.789009 0.549275 0.825526 -0.056819 0.116514
173.700000000 -7.642349 1.592191 11.443065 0.549917 0.824847 -0.058841 0.117291
174.100000000 -7.758670 1.596613 11.699980 0.550486 0.823975 -0.061983 0.119118
174.600000000 -7.869752 1.817902 12.744449 0.551776 0.822363 -0.065883 0.122152
174.700000000 -7.826385 1.918819 13.056797 0.551596 0.822302 -0.061767 0.125479
174.900000000 -7.936106 1.850270 13.052823 0.551641 0.822080 -0.062916 0.126172
175.000000000 -10.493307 2.240854 15.285106 0.587092 0.795383 -0.140603 0.054032
175.300000000 -10.560514 2.245807 15.485069 0.587219 0.794833 -0.143100 0.054188
175.400000000 -10.564938 2.239128 15.510299 0.587271 0.794685 -0.143392 0.055015
175.900000000 -10.267186 2.403012 15.708503 0.587128 0.795543 -0.138999 0.055423
176.000000000 -10.282107 2.389283 15.724604 0.587291 0.795238 -0.139667 0.056387
176.100000000 -10.338171 2.356624 15.691431 0.587194 0.795331 -0.139436 0.056653
176.200000000 -10.512265 2.282106 15.706070 0.587281 0.795254 -0.139532 0.056594
176.300000000 -10.551098 2.281552 15.826972 0.587239 0.794974 -0.141322 0.056521
176.500000000 -10.401242 2.331682 15.770942 0.587098 0.795507 -0.139164 0.055839
176.600000000 -10.283758 2.462589 16.178285 0.587317 0.795518 -0.137381 0.057758
176.700000000 -10.494159 2.329780 16.053283 0.587530 0.794860 -0.139521 0.059494
177.000000000 -11.302551 1.812039 15.191414 0.584577 0.802472 -0.093653 0.074421
177.100000000 -11.326031 1.766970 15.056232 0.584550 0.802523 -0.092549 0.075457
177.400000000 -11.323389 1.671163 14.693314 0.584090 0.803009 -0.089817 0.077122
177.500000000 -11.351012 1.638144 14.628942 0.583931 0.803195 -0.088929 0.077420
177.600000000 -11.413879 1.614875 14.682320 0.583913 0.803133 -0.089908 0.077072
177.700000000 -11.465164 1.568859 14.599346 0.583761 0.803325 -0.089271 0.076956
177.800000000 -11.482681 1.520635 14.436440 0.583386 0.803785 -0.087317 0.077242
178.200000000 -11.298067 1.462101 13.933527 0.582758 0.804577 -0.082408 0.079107
178.300000000 -11.156798 1.558071 14.135602 0.582797 0.804559 -0.078778 0.082622
178.400000000 -10.762766 1.561588 13.422120 0.582115 0.805381 -0.071936 0.085612
178.500000000 -10.284931 1.655173 12.995517 0.577565 0.807451 -0.019023 0.118663
178.800000000 -10.016903 1.598508 12.295516 0.565347 0.806489 0.059838 0.162413
179.000000000 -10.629795 0.907268 13.878794 0.605379 0.782767 -0.001997 0.144183
179.100000000 -10.689845 0.869695 13.846497 0.605563 0.782397 -0.002973 0.145395
179.300000000 -10.296698 0.980662 13.833593 0.600022 0.781773 0.031220 0.166824
179.600000000 -10.468687 0.961108 14.082519 0.596973 0.779917 0.050343 0.181159
179.700000000 -10.546988 0.945010 14.183582 0.597638 0.779180 0.048694 0.182581
179.900000000 -10.574973 1.049674 14.698118 0.593948 0.776548 0.071677 0.197641
180.100000000 -10.684916 1.063604 14.935564 0.594175 0.776317 0.071980 0.197755
180.400000000 -10.971621 1.029659 15.240542 0.595049 0.776426 0.068323 0.195988
180.800000000 -11.151552 1.076461 15.699900 0.594865 0.776300 0.070471 0.196286
181.200000000 -11.314997 1.102605 16.054880 0.595065 0.776453 0.069374 0.195460
181.300000000 -11.396871 1.048847 15.993594 0.595722 0.776021 0.066679 0.196112
181.400000000 -11.368223 1.060717 16.008768 0.595408 0.775844 0.068443 0.197159
181.500000000 -11.419889 1.094332 16.235788 0.595432 0.775336 0.069480 0.198714
181.800000000 -11.487987 1.127100 16.425131 0.588154 0.773271 0.101581 0.214031
182.900000000 -12.000847 1.058034 16.765822 0.573039 0.767050 0.155761 0.242897
183.000000000 -12.113877 1.054681 16.913877 0.573690 0.766726 0.154526 0.243172
183.300000000 -11.897542 1.166360 17.066571 0.561816 0.760827 0.190716 0.262929
183.600000000 -11.510670 1.215053 16.985337 0.505154 0.711875 0.325691 0.363289
183.900000000 -10.424905 0.007986 17.244673 0.411153 0.660166 0.436349 0.452476
184.000000000 -10.651076 -0.039782 17.287649 0.412071 0.659811 0.435490 0.452985
184.200000000 -10.980489 -0.118146 17.327015 0.414670 0.659298 0.432970 0.453775
184.300000000 -11.088652 -0.132146 17.370668 0.415042 0.659061 0.432684 0.454052
184.500000000 -11.337081 -0.165785 17.477077 0.415799 0.657536 0.432590 0.455657
184.700000000 -11.530351 -0.193166 17.570059 0.416701 0.654557 0.433164 0.458569
184.800000000 -11.656518 -0.227348 17.584850 0.418022 0.654193 0.431852 0.459122
185.000000000 -11.937639 -0.273043 17.688511 0.418834 0.651493 0.432318 0.461776
185.300000000 -12.266731 -0.341345 17.772760 0.422918 0.650652 0.428400 0.462889
185.400000000 -12.269386 -0.326274 17.807771 0.420402 0.647240 0.432775 0.465885
185.500000000 -12.424877 -0.385545 17.787145 0.423784 0.645660 0.429900 0.467670
185.600000000 -12.473767 -0.407764 17.786955 0.425401 0.644117 0.428745 0.469388
185.700000000 -12.631502 -0.421881 17.884420 0.429211 0.643741 0.425167 0.469689
186.000000000 -12.988452 -0.489065 17.980446 0.432037 0.638441 0.424838 0.474605
186.200000000 -13.384632 -0.579414 18.051664 0.435337 0.630161 0.425437 0.482060
186.300000000 -13.549224 -0.618903 18.097524 0.442491 0.630784 0.417131 0.481991
186.400000000 -13.607793 -0.608811 18.139704 0.440300 0.629671 0.420489 0.482535
186.600000000 -13.838785 -0.662182 18.160788 0.442556 0.625811 0.419940 0.485958
186.800000000 -14.253127 -0.745581 18.247518 0.451004 0.622944 0.411847 0.488793
187.200000000 -14.495291 -0.809201 18.226639 0.450223 0.615436 0.416851 0.494745
187.300000000 -14.817246 -0.852162 18.297045 0.454761 0.618126 0.410374 0.492651
187.500000000 -14.892585 -0.855726 18.351546 0.456946 0.615745 0.408482 0.495177
188.000000000 -13.940049 -0.835974 17.640022 0.347826 0.565242 0.517508 0.540096
188.200000000 -13.462995 -0.751563 17.466882 0.346880 0.570355 0.514918 0.537800
188.300000000 -13.050057 -0.627118 17.391139 0.347709 0.586575 0.507124 0.527119
188.400000000 -12.976896 -0.613911 17.344638 0.348637 0.586898 0.506254 0.526981
188.700000000 -13.018278 -0.629468 17.273443 0.351246 0.586176 0.505503 0.526773
189.000000000 -13.207732 -0.696428 17.182948 0.347630 0.575427 0.513686 0.533071
189.400000000 -14.541412 -0.940791 17.320749 0.329737 0.521441 0.549725 0.563183
189.700000000 -15.369387 -1.080359 17.030823 0.448522 0.621015 0.407041 0.497480
190.000000000 -15.461537 -1.122870 16.650349 0.433552 0.602789 0.428129 0.515153
190.100000000 -15.311116 -1.095543 16.754600 0.465051 0.636682 0.384031 0.480504
190.400000000 -13.081572 -2.523493 16.964831 0.441285 0.655036 0.376704 0.484035
190.700000000 -13.331338 -2.419248 17.328803 0.418832 0.624597 0.408636 0.517180
190.800000000 -13.326858 -2.339688 17.458795 0.432343 0.634598 0.395636 0.503823
191.400000000 -15.054147 -2.259764 18.444734 0.424470 0.617275 0.412989 0.517915
191.600000000 -15.559830 -2.157341 18.817337 0.423029 0.573477 0.419672 0.562180
191.800000000 -16.008735 -1.985953 19.011262 0.474337 0.543240 0.388608 0.573479
191.900000000 -15.957737 -1.952170 19.042889 0.477705 0.540987 0.389219 0.572397
192.000000000 -16.212142 -1.775208 19.125072 0.505617 0.509175 0.372376 0.588582
192.300000000 -15.842333 -1.919141 19.228551 0.458332 0.560951 0.392918 0.566464
192.700000000 -12.744225 -1.912541 17.933812 0.439731 0.634348 0.391546 0.500929
192.900000000 -11.952301 -1.831273 17.805807 0.428996 0.669855 0.386434 0.466825
193.100000000 -13.764819 -1.736238 18.843475 0.457756 0.586125 0.393941 0.540118
193.200000000 -15.277077 -1.589607 19.563204 0.488116 0.547364 0.371931 0.569037
193.900000000 -15.032569 -1.473360 20.042568 0.464982 0.556144 0.393534 0.565355
194.000000000 -14.522039 -1.487386 19.885621 0.436594 0.594152 0.409882 0.536997
194.100000000 -14.475415 -1.486866 19.931369 0.432396 0.589321 0.412848 0.543407
194.200000000 -13.525874 -2.662861 20.325611 0.437403 0.572249 0.396410 0.569270
194.500000000 -12.644139 -2.655717 20.017685 0.463196 0.630037 0.354644 0.512573
194.700000000 -12.243818 -2.553845 20.209888 0.426716 0.610113 0.397930 0.536029
194.800000000 -12.431041 -2.501661 20.413801 0.411616 0.608566 0.417860 0.534428
194.900000000 -11.919676 -2.491311 20.261185 0.433416 0.612854 0.388491 0.534449
195.100000000 -11.849050 -2.425014 20.344225 0.419055 0.614407 0.410072 0.527957
195.700000000 -11.781806 -2.299919 20.883052 0.414506 0.615553 0.414903 0.526437
196.000000000 -11.884876 -2.221189 21.100741 0.431719 0.621587 0.392228 0.522882
196.500000000 -12.710725 -2.065259 21.821249 0.417543 0.600220 0.410923 0.544551
197.300000000 -13.232686 -1.931695 22.542150 0.400988 0.581447 0.432131 0.560705
197.400000000 -12.437277 -2.021209 22.156211 0.430691 0.606833 0.392174 0.540795
197.500000000 -12.450256 -1.976902 22.307721 0.414161 0.596606 0.412728 0.549715
197.800000000 -12.414464 -3.047566 22.907069 0.418350 0.577137 0.403375 0.573746
197.900000000 -12.246111 -3.085449 22.860875 0.426666 0.585281 0.392189 0.567089
198.000000000 -12.240342 -3.057563 22.953464 0.424989 0.587336 0.394198 0.564827
198.200000000 -12.291869 -3.029469 23.069574 0.427159 0.584539 0.390835 0.568417
198.300000000 -12.202934 -3.037407 23.075394 0.425137 0.590989 0.392769 0.561893
198.400000000 -12.247039 -3.024488 23.131180 0.426573 0.590422 0.390975 0.562651
198.500000000 -12.177382 -3.014013 23.163078 0.429847 0.594167 0.386870 0.559042
198.800000000 -12.080831 -3.007631 23.175482 0.435415 0.598883 0.380537 0.554026
199.600000000 -12.040172 -2.985433 23.364931 0.410683 0.585491 0.410397 0.565786
199.700000000 -11.632216 -2.986808 23.260954 0.410839 0.589776 0.409016 0.562211
199.800000000 -11.259248 -3.003734 23.113897 0.410852 0.591451 0.408345 0.560928
199.900000000 -10.803316 -3.100848 22.761893 0.419361 0.602734 0.396994 0.550676
200.000000000 -10.669885 -3.069638 22.804773 0.420291 0.605864 0.395169 0.547838
200.100000000 -10.688214 -3.059126 22.845601 0.420335 0.605327 0.394752 0.548697
200.200000000 -10.713980 -3.062158 22.862010 0.421737 0.603131 0.393458 0.550964
200.300000000 -10.758118 -3.064638 22.889384 0.422005 0.603970 0.392936 0.550212
200.800000000 -10.694334 -3.097853 22.816642 0.416728 0.603131 0.398653 0.551042
200.900000000 -9.632418 -3.809224 23.028577 0.417306 0.588914 0.397560 0.566552
201.000000000 -9.544162 -3.810497 23.014021 0.416893 0.588955 0.397796 0.566649
201.200000000 -9.234166 -3.817147 22.914399 0.415111 0.592675 0.398309 0.563710
201.500000000 -8.758066 -3.889738 22.602257 0.413624 0.601269 0.397800 0.556009
201.600000000 -8.537969 -3.905849 22.512318 0.414333 0.603868 0.396249 0.553768
201.700000000 -8.519691 -3.894809 22.531998 0.413852 0.603697 0.396724 0.553974
201.800000000 -8.571262 -3.890908 22.563984 0.412004 0.601955 0.398742 0.555795
201.900000000 -8.556788 -3.895611 22.568201 0.413011 0.601556 0.397499 0.556369
202.000000000 -8.297234 -3.895266 22.472393 0.426561 0.614352 0.381124 0.543472
202.600000000 -8.410614 -3.579495 23.136193 0.302176 0.532147 0.505419 0.608326
202.700000000 -8.146172 -3.760794 22.705795 0.415299 0.612459 0.391753 0.546764
202.800000000 -8.098697 -3.760929 22.677062 0.412833 0.612973 0.393762 0.546612
202.900000000 -8.101388 -3.775515 22.650015 0.415377 0.614118 0.390869 0.545474
203.100000000 -8.013166 -3.599484 22.976890 0.416901 0.619389 0.387905 0.540445
203.200000000 -8.137269 -3.631529 22.903513 0.335299 0.563892 0.471831 0.589046
203.300000000 -8.154108 -3.687521 22.812375 0.412707 0.616171 0.392203 0.544227
203.400000000 -8.258763 -3.675757 22.871413 0.416088 0.617408 0.388357 0.543007
203.600000000 -8.575660 -3.570453 23.162563 0.301681 0.534531 0.502837 0.608622
203.900000000 -8.210451 -3.638144 22.892893 0.409381 0.617043 0.393891 0.544532
204.100000000 -7.666653 -3.784360 22.402124 0.400472 0.616960 0.401704 0.545542
204.300000000 -7.352815 -3.839485 22.176070 0.405265 0.622417 0.395432 0.540361
204.400000000 -7.401541 -3.738693 22.411364 0.407783 0.623931 0.392703 0.538709
204.500000000 -7.709019 -3.641716 22.693467 0.406839 0.622879 0.393791 0.539845
204.700000000 -7.636283 -3.925797 22.886111 0.321888 0.537683 0.486626 0.608671
204.800000000 -6.865492 -4.110544 22.276094 0.404021 0.603189 0.406821 0.554460
204.900000000 -6.955713 -4.080037 22.352091 0.403225 0.603093 0.407381 0.554734
205.100000000 -7.051220 -3.975789 22.603990 0.408515 0.606683 0.401752 0.551041
205.200000000 -7.410946 -3.918927 22.794983 0.407574 0.604869 0.402797 0.552966
205.300000000 -7.580257 -3.865266 22.935276 0.405913 0.603736 0.404518 0.554168
205.400000000 -7.658650 -3.856857 22.961824 0.407167 0.603821 0.403371 0.553992
205.500000000 -7.669047 -3.851091 22.968826 0.407905 0.604436 0.402503 0.553410
205.600000000 -7.791478 -3.819291 23.050775 0.407348 0.603994 0.403163 0.553822
205.700000000 -7.857713 -3.797993 23.099765 0.407822 0.604160 0.402810 0.553548
205.800000000 -8.003811 -3.764387 23.207961 0.409251 0.603084 0.401813 0.554391
206.100000000 -7.965702 -3.752932 23.209799 0.307974 0.529821 0.497491 0.613958
206.200000000 -7.308246 -3.815248 22.931701 0.406296 0.605471 0.403827 0.552497
206.300000000 -7.366356 -3.796206 22.969317 0.404911 0.605018 0.405353 0.552892
206.400000000 -7.325364 -3.748858 23.061139 0.406615 0.606485 0.403568 0.551337
206.600000000 -7.641598 -3.685781 23.258253 0.406544 0.603844 0.404494 0.553604
206.700000000 -7.654912 -3.671687 23.281714 0.406275 0.604116 0.404711 0.553347
206.900000000 -7.619321 -3.682615 23.225878 0.405485 0.604103 0.405543 0.553331
207.000000000 -7.514685 -3.687481 23.196280 0.405189 0.603771 0.405967 0.553600
207.100000000 -7.397089 -3.661213 23.224806 0.405374 0.604643 0.405773 0.552654
207.400000000 -7.281434 -3.637694 23.235658 0.404401 0.604710 0.407002 0.552390
207.500000000 -7.182756 -3.625168 23.245766 0.405185 0.604977 0.406427 0.551946
207.800000000 -6.986311 -3.609376 23.226674 0.404823 0.604938 0.407190 0.551693
208.000000000 -6.926581 -3.581328 23.289667 0.403252 0.602546 0.409576 0.553690
208.100000000 -6.528296 -3.619019 23.145281 0.405593 0.603466 0.407503 0.552507
208.900000000 -6.174178 -3.595246 23.151136 0.406970 0.600520 0.408353 0.554075
209.000000000 -5.879561 -3.597370 23.117701 0.407815 0.599806 0.408106 0.554409
209.200000000 -5.371030 -3.621733 23.026948 0.410969 0.599054 0.406050 0.554403
209.800000000 -5.671544 -3.389149 23.621715 0.408931 0.596066 0.409881 0.556307
209.900000000 -5.474259 -3.439742 23.479070 0.411430 0.596969 0.407525 0.555227
210.000000000 -5.428270 -3.429457 23.490066 0.412157 0.597098 0.407117 0.554848
210.600000000 -5.779893 -3.217586 24.045505 0.411893 0.595594 0.409262 0.555083
211.100000000 -6.001561 -3.086533 24.414134 0.411641 0.593875 0.411095 0.555757
211.300000000 -5.535953 -2.922203 23.982421 0.412004 0.565964 0.438729 0.563432
211.400000000 -5.243303 -2.950539 23.881756 0.412935 0.566816 0.437783 0.562627
211.600000000 -4.588924 -2.962874 23.877691 0.414327 0.564091 0.437533 0.564535
211.800000000 -4.384113 -2.984353 23.817640 0.415996 0.565114 0.436246 0.563279
211.900000000 -4.263556 -2.987429 23.834690 0.417853 0.564000 0.435229 0.563807
212.000000000 -4.262097 -2.984279 23.875171 0.419664 0.563287 0.434071 0.564068
212.100000000 -4.280160 -2.960427 23.913151 0.419432 0.564253 0.434334 0.563071
212.600000000 -4.946434 -2.584959 24.994009 0.462535 0.592310 0.391964 0.530655
212.700000000 -5.121886 -2.572789 25.019743 0.463658 0.593693 0.390695 0.529063
212.800000000 -5.221340 -2.564337 25.036554 0.463984 0.594882 0.390303 0.527728
212.900000000 -5.228519 -2.542570 25.087508 0.464018 0.595232 0.390540 0.527129
213.000000000 -5.240548 -2.539837 25.097818 0.464624 0.595300 0.390045 0.526884
213.100000000 -5.063577 -2.563163 25.054384 0.464157 0.593678 0.390840 0.528534
213.300000000 -5.018448 -2.514576 25.196472 0.463909 0.592978 0.391588 0.528984
213.400000000 -5.098562 -2.507955 25.215993 0.464569 0.593661 0.390891 0.528153
213.500000000 -5.024694 -2.499433 25.253820 0.464532 0.592683 0.391253 0.529016
214.100000000 -5.032184 -2.168993 26.141027 0.530445 0.631201 0.315692 0.469629
214.600000000 -5.056879 -2.317433 25.722730 0.546221 0.640542 0.294788 0.452159
214.700000000 -4.907603 -2.234211 25.966283 0.535731 0.634793 0.308892 0.463267
214.900000000 -4.244986 -2.371188 25.700076 0.535586 0.629733 0.309875 0.469639
215.000000000 -4.179418 -2.375015 25.739553 0.536063 0.628145 0.309455 0.471496
215.500000000 -3.449627 -2.550857 25.367047 0.539125 0.626179 0.306384 0.472624
215.600000000 -1.487837 -2.602108 24.596302 0.528426 0.592554 0.355451 0.493254
215.700000000 -1.335079 -2.630254 24.539546 0.528039 0.591973 0.356042 0.493941
215.800000000 -1.564878 -2.667248 24.350051 0.537280 0.600399 0.344185 0.482066
216.000000000 -0.730426 -2.678183 24.469794 0.528184 0.590784 0.356398 0.494950
216.100000000 -0.332899 -2.726044 24.327880 0.527422 0.590490 0.357809 0.495097
216.200000000 -0.241949 -2.729217 24.333588 0.526951 0.589950 0.358512 0.495733
216.300000000 -0.168197 -2.742512 24.276997 0.527045 0.590840 0.358276 0.494742
216.400000000 -0.089995 -2.752994 24.244443 0.528286 0.591793 0.356799 0.493345
216.500000000 0.030724 -2.759721 24.218487 0.527303 0.591670 0.358156 0.493562
216.700000000 0.245095 -2.772038 24.181604 0.527339 0.591753 0.358337 0.493292
216.800000000 0.318136 -2.790518 24.122223 0.527978 0.592285 0.357616 0.492492
217.000000000 0.551655 -2.818533 24.012413 0.527510 0.593024 0.358263 0.491633
217.100000000 1.035680 -2.849772 23.890638 0.527095 0.592778 0.359138 0.491737
217.600000000 1.381773 -2.872067 23.777957 0.527334 0.593806 0.359025 0.490321
218.000000000 1.687866 -2.891491 23.652677 0.527722 0.596253 0.358873 0.487034
218.100000000 1.938749 -2.905393 23.597250 0.527599 0.595549 0.359144 0.487829
218.300000000 2.155580 -2.919651 23.545350 0.526999 0.594883 0.360184 0.488521
218.700000000 2.558608 -2.960963 23.389273 0.528437 0.595737 0.358545 0.487131
218.800000000 2.697478 -2.977594 23.344122 0.528824 0.595070 0.358423 0.487616
219.100000000 2.715188 -2.967568 23.376821 0.529089 0.595434 0.358293 0.486979
219.200000000 2.990669 -2.989381 23.279344 0.528484 0.595618 0.359175 0.486761
219.700000000 3.562920 -3.051982 23.051376 0.530660 0.595890 0.356981 0.485674
219.800000000 3.765879 -3.059243 23.006658 0.528900 0.594974 0.359481 0.486872
220.300000000 4.275017 -3.120432 22.751838 0.530393 0.597006 0.357753 0.484025
220.400000000 4.501574 -3.144717 22.662719 0.530532 0.596509 0.357766 0.484475
220.500000000 4.605686 -3.140246 22.636961 0.529870 0.597723 0.358546 0.483125
220.600000000 4.719902 -3.152931 22.594006 0.530646 0.597843 0.357633 0.482802
220.800000000 5.168554 -3.192640 22.415836 0.530094 0.598056 0.358399 0.482576
221.000000000 8.550670 -3.197561 21.430336 0.500580 0.564167 0.417803 0.506532
221.300000000 9.007721 -3.221594 21.287155 0.501023 0.564977 0.417199 0.505689
221.600000000 9.426049 -3.213641 21.261370 0.499315 0.564858 0.419220 0.505841
222.000000000 10.126920 -3.230483 21.045868 0.498827 0.569311 0.418850 0.501619
222.100000000 10.348858 -3.243779 20.973748 0.498562 0.570182 0.418836 0.500905
222.300000000 10.586816 -3.239700 20.947948 0.497523 0.570453 0.419823 0.500802
222.600000000 11.123665 -3.257323 20.816337 0.497232 0.572190 0.419408 0.499456
222.700000000 11.247758 -3.255287 20.770323 0.496652 0.574527 0.419406 0.497346
223.000000000 11.868614 -3.270073 20.580255 0.493949 0.578209 0.420765 0.494616
223.600000000 13.002602 -3.293483 20.313238 0.489703 0.581005 0.423317 0.493384
223.800000000 13.563188 -3.329207 20.104145 0.488860 0.583187 0.422669 0.492199
224.100000000 14.132855 -3.341181 19.940079 0.487289 0.586383 0.422934 0.489726
224.300000000 14.617845 -3.364153 19.798584 0.485364 0.587323 0.423950 0.489633
224.400000000 14.805342 -3.386153 19.707460 0.486833 0.588131 0.422204 0.488711
224.600000000 15.190407 -3.427095 19.547647 0.488302 0.589008 0.420427 0.487722
224.700000000 15.354935 -3.433511 19.508961 0.488080 0.589019 0.420698 0.487696
225.000000000 15.779816 -3.449216 19.426914 0.488027 0.588391 0.420954 0.488286
225.100000000 19.940640 -3.343836 19.107879 0.437984 0.552530 0.485245 0.517124
225.300000000 20.217627 -3.330825 19.125652 0.437961 0.552283 0.485291 0.517364
225.400000000 20.450136 -3.327423 19.107408 0.437296 0.551644 0.485927 0.518011
226.100000000 20.951014 -3.361133 18.866275 0.443368 0.556214 0.479963 0.513504
226.200000000 21.320478 -3.312642 19.072766 0.443825 0.554043 0.480343 0.515098
226.400000000 21.636226 -3.271166 19.233823 0.437115 0.547666 0.487549 0.520854
226.500000000 21.694870 -3.264587 19.248836 0.438386 0.549041 0.486245 0.519555
226.600000000 21.789483 -3.250556 19.286699 0.437186 0.548453 0.487478 0.520032
226.900000000 22.105761 -3.244073 19.288312 0.439757 0.549420 0.485372 0.518812
227.600000000 22.093518 -3.280182 19.187513 0.462022 0.563339 0.464124 0.503760
227.800000000 22.257029 -3.283551 19.197988 0.463507 0.562510 0.463249 0.504127
228.200000000 22.423969 -3.343642 18.861972 0.470400 0.569005 0.455940 0.497067
228.300000000 22.625100 -3.343126 18.851959 0.470349 0.568027 0.456385 0.497826
228.400000000 27.221939 -3.250293 18.906253 0.409243 0.529268 0.521842 0.529222
228.600000000 27.538723 -3.224407 18.964536 0.402171 0.522744 0.528429 0.534566
228.700000000 27.730501 -3.216484 19.007814 0.404254 0.521472 0.527362 0.535290
228.800000000 27.894443 -3.171659 19.225282 0.406495 0.521468 0.525909 0.535025
229.100000000 28.126911 -3.195172 19.072729 0.412687 0.525460 0.520559 0.531600
229.300000000 28.357184 -3.174212 19.161098 0.413128 0.524138 0.520690 0.532434
229.400000000 28.504610 -3.153377 19.267851 0.413771 0.522519 0.520875 0.533345
229.600000000 28.803122 -3.131728 19.341839 0.414159 0.520909 0.521210 0.534291
230.000000000 29.356400 -3.103057 19.419630 0.414815 0.518159 0.521599 0.536073
230.100000000 29.468382 -3.093567 19.449879 0.415827 0.517498 0.521148 0.536366
230.300000000 29.703892 -3.065022 19.545863 0.417614 0.518140 0.519881 0.535587
230.500000000 30.038068 -3.040268 19.586807 0.417190 0.516831 0.520744 0.536343
230.600000000 30.192561 -3.027714 19.610191 0.417331 0.516624 0.520734 0.536442
231.000000000 30.889583 -2.968795 19.685319 0.413610 0.512725 0.524936 0.538963
231.200000000 31.047924 -2.954726 19.735681 0.416919 0.513306 0.522137 0.538580
231.300000000 31.202681 -2.940138 19.734008 0.418189 0.515119 0.520732 0.537223
231.400000000 31.292966 -2.925078 19.770485 0.418081 0.515281 0.520841 0.537045
231.600000000 31.658514 -2.893248 19.783855 0.416692 0.514059 0.522318 0.537861
231.800000000 32.070846 -2.862637 19.786518 0.414522 0.511673 0.524498 0.539689
231.900000000 32.146823 -2.846075 19.826364 0.414110 0.511906 0.524783 0.539507
232.500000000 32.725822 -2.817883 19.728987 0.436980 0.534524 0.501327 0.521540
232.600000000 37.090995 -2.531739 20.361869 0.366457 0.492304 0.566178 0.550262
232.700000000 37.357521 -2.497011 20.390763 0.364390 0.491602 0.567640 0.550756
232.800000000 37.646695 -2.463443 20.408998 0.362737 0.490399 0.568927 0.551591
233.000000000 38.506676 -2.367279 20.366915 0.354300 0.487974 0.574510 0.553435
233.200000000 39.163504 -2.303244 20.358444 0.345351 0.483660 0.580689 0.556423
233.800000000 38.816505 -2.482570 20.219139 0.422536 0.559364 0.506981 0.501543
234.000000000 38.718003 -2.561812 20.232443 0.441033 0.573300 0.487823 0.488719
234.200000000 38.635860 -2.640544 20.236122 0.480914 0.606297 0.441323 0.454268
234.400000000 41.801810 -2.385072 21.182067 0.454253 0.592794 0.465374 0.475055
234.600000000 42.069440 -2.460540 21.170924 0.484895 0.616815 0.427130 0.449418
234.900000000 42.504276 -2.585730 21.142540 0.541561 0.659301 0.344496 0.391608
235.200000000 42.777109 -2.743519 21.175114 0.554036 0.667568 0.323348 0.377947
235.300000000 43.422017 -2.849507 20.570183 0.547802 0.665088 0.332343 0.383562
235.400000000 43.556509 -2.919692 20.438459 0.546522 0.666017 0.333310 0.382936
235.600000000 43.716340 -3.027127 20.553115 0.548262 0.666064 0.330505 0.382797
235.700000000 43.874490 -3.097847 20.453258 0.547888 0.666204 0.330898 0.382749
236.100000000 44.102199 -3.369534 20.376606 0.547851 0.668621 0.330564 0.378857
236.400000000 44.118623 -3.606831 20.298429 0.550141 0.671403 0.326361 0.374234
236.700000000 44.383497 -3.800104 20.354920 0.550817 0.671762 0.324993 0.373786
236.800000000 44.459811 -3.880924 20.299344 0.551112 0.671746 0.324414 0.373882
236.900000000 44.547682 -3.967394 20.205457 0.550785 0.671892 0.324455 0.374067
237.000000000 44.727264 -4.053561 20.064883 0.550078 0.671374 0.325374 0.375238
237.100000000 44.886008 -4.109686 20.031397 0.549626 0.672026 0.325843 0.374326
237.300000000 47.459987 -4.087065 21.110544 0.528316 0.640499 0.365704 0.420600
237.400000000 47.555149 -4.151672 21.091721 0.527967 0.641243 0.365861 0.419767
237.700000000 47.985800 -4.361417 20.915515 0.525613 0.640509 0.368910 0.421170
237.800000000 47.989981 -4.425901 20.944836 0.526270 0.640876 0.368102 0.420498
237.900000000 48.132769 -4.484302 20.912823 0.525746 0.641083 0.368899 0.420141
238.000000000 48.497512 -4.544797 20.801784 0.524866 0.640588 0.369824 0.421181
238.200000000 48.497129 -4.659451 20.936139 0.527113 0.640885 0.366859 0.420514
238.700000000 49.045446 -4.937709 20.780569 0.525916 0.641106 0.367986 0.420692
238.800000000 49.141978 -4.990410 20.767829 0.525876 0.640678 0.368292 0.421126
239.300000000 49.806768 -5.240492 20.495202 0.527398 0.641596 0.365652 0.420124
239.500000000 50.056191 -5.313565 20.399512 0.527360 0.642699 0.365549 0.418574
239.600000000 50.442230 -5.344267 20.208257 0.525467 0.642518 0.367890 0.419180
240.400000000 51.345526 -5.538044 20.028845 0.525699 0.642691 0.367229 0.419204
240.900000000 51.512119 -5.588052 20.110790 0.527888 0.643143 0.364901 0.417789
241.100000000 52.310729 -5.604054 19.721075 0.526055 0.641953 0.367141 0.419965
241.200000000 53.592759 -5.486320 20.445395 0.513979 0.614060 0.392275 0.452633
241.700000000 53.958985 -5.494313 20.319032 0.517713 0.614731 0.388171 0.451002
241.800000000 54.009436 -5.469538 20.363021 0.517241 0.615622 0.388308 0.450209
242.100000000 54.519101 -5.427635 20.243945 0.515707 0.614825 0.390242 0.451385
242.200000000 54.596635 -5.409598 20.226600 0.516282 0.615646 0.389299 0.450421
242.300000000 55.019410 -5.399029 20.057116 0.514511 0.615037 0.391307 0.451539
242.400000000 55.059458 -5.373435 20.094015 0.514684 0.614947 0.391147 0.451603
242.500000000 55.154382 -5.344617 20.102483 0.514474 0.614770 0.391461 0.451810
242.800000000 55.547994 -5.283275 19.901399 0.515843 0.616780 0.389512 0.449188
242.900000000 55.684078 -5.260732 19.856112 0.516361 0.616839 0.388846 0.449088
243.100000000 55.930294 -5.204683 19.767793 0.516349 0.617604 0.388750 0.448132
243.200000000 56.209495 -5.168641 19.681573 0.515758 0.617903 0.389301 0.447921
243.600000000 56.784205 -5.039626 19.506116 0.513856 0.616383 0.391824 0.449997
243.700000000 56.953571 -5.002029 19.471803 0.513972 0.616371 0.391715 0.449977
243.800000000 57.169380 -4.958367 19.419844 0.513562 0.616650 0.392111 0.449717
243.900000000 57.360134 -4.920145 19.366995 0.513277 0.616381 0.392460 0.450106
244.100000000 57.317533 -4.861701 19.325607 0.516143 0.618121 0.388729 0.447676
244.200000000 57.513681 -4.829105 19.239708 0.516546 0.618334 0.388081 0.447478
244.400000000 57.760261 -4.743290 19.148771 0.515669 0.618666 0.389337 0.446940
244.700000000 58.227602 -4.616374 19.024745 0.514313 0.618064 0.391023 0.447862
245.100000000 58.802721 -4.442744 18.872191 0.512903 0.617579 0.392747 0.448638
245.200000000 58.887314 -4.416867 18.790369 0.515434 0.618986 0.389309 0.446793
245.300000000 58.907536 -4.364340 18.889737 0.516180 0.618571 0.388578 0.447141
245.800000000 60.149691 -3.929001 18.941942 0.504977 0.609678 0.404438 0.457952
246.000000000 60.424015 -3.847331 18.852969 0.504562 0.609209 0.405195 0.458365
246.300000000 60.933106 -3.719963 18.715207 0.503393 0.608747 0.406658 0.458968
246.700000000 61.305005 -3.587964 18.551205 0.506579 0.610501 0.402623 0.456684
246.800000000 61.341192 -3.544150 18.623048 0.506352 0.610104 0.402862 0.457256
246.900000000 61.488330 -3.506257 18.599621 0.506378 0.610101 0.402755 0.457325
247.200000000 61.969124 -3.407012 18.415940 0.504785 0.609430 0.404728 0.458238
247.300000000 62.079709 -3.385490 18.362853 0.505962 0.608733 0.403809 0.458677
247.900000000 62.885303 -3.212403 18.098998 0.506947 0.611048 0.402159 0.455953
248.000000000 62.973732 -3.185303 18.127398 0.506858 0.609761 0.402457 0.457509
248.400000000 63.601075 -3.094678 17.967652 0.506350 0.608010 0.403565 0.459423
248.500000000 63.665822 -3.067011 17.995881 0.506073 0.608397 0.403598 0.459186
248.600000000 63.932956 -3.049860 17.889631 0.505826 0.607885 0.404147 0.459654
248.800000000 64.136824 -3.015202 17.849555 0.506207 0.607815 0.403751 0.459674
248.900000000 64.218876 -3.002688 17.844220 0.506427 0.607598 0.403394 0.460032
249.100000000 64.543005 -2.973925 17.721585 0.505923 0.608091 0.403772 0.459603
249.200000000 64.550129 -2.957954 17.767906 0.505670 0.607479 0.404134 0.460372
249.800000000 65.473643 -2.892386 17.527638 0.505626 0.608507 0.404157 0.459042
249.900000000 65.624588 -2.895774 17.461200 0.505990 0.607903 0.403703 0.459839
250.100000000 65.766100 -2.881327 17.462973 0.505427 0.608155 0.404260 0.459635
250.200000000 65.875594 -2.875813 17.460621 0.505182 0.607836 0.404499 0.460117
250.300000000 66.083884 -2.872101 17.376171 0.505203 0.608600 0.404336 0.459226
250.500000000 66.391418 -2.875775 17.269777 0.504886 0.608299 0.404609 0.459733
251.100000000 67.224544 -2.892689 17.050798 0.505443 0.609238 0.403750 0.458632
251.400000000 67.821098 -2.909724 16.855182 0.504706 0.609041 0.404733 0.458838
251.500000000 67.960785 -2.920574 16.797442 0.504961 0.609256 0.404409 0.458556
251.700000000 68.021887 -2.934663 16.869967 0.504990 0.608495 0.404321 0.459612
251.800000000 68.208387 -2.946633 16.794302 0.505059 0.608700 0.404254 0.459323
251.900000000 68.532746 -2.961065 16.636247 0.505120 0.609382 0.404094 0.458493
252.000000000 68.796580 -2.975800 16.510772 0.505145 0.609713 0.404096 0.458023
252.300000000 69.354751 -3.026792 16.250925 0.505800 0.609756 0.403425 0.457834
252.500000000 69.322474 -2.920206 16.566111 0.502017 0.613031 0.408490 0.453108
253.000000000 69.939191 -2.955578 16.486740 0.501493 0.612296 0.409092 0.454139
253.100000000 70.130881 -2.962306 16.435794 0.501327 0.611806 0.409378 0.454724
253.200000000 70.301075 -2.972096 16.354924 0.501303 0.611927 0.409387 0.454581
253.600000000 70.756470 -2.978413 16.255882 0.501939 0.612407 0.408472 0.454055
253.800000000 71.037014 -2.972497 16.189384 0.502128 0.611945 0.408263 0.454655
253.900000000 71.188839 -2.965065 16.174349 0.502250 0.611507 0.408203 0.455164
254.200000000 71.569077 -2.937825 16.020429 0.502922 0.611416 0.407592 0.455092
254.400000000 71.894307 -2.888550 15.978289 0.502249 0.611301 0.408448 0.455223
254.700000000 72.288593 -2.828559 15.811611 0.503175 0.612000 0.407149 0.454424
254.800000000 72.448228 -2.798432 15.772732 0.503238 0.611942 0.407150 0.454431
254.900000000 72.595152 -2.769563 15.732507 0.503433 0.611922 0.407008 0.454368
255.200000000 72.970529 -2.686753 15.562886 0.504234 0.611777 0.406049 0.454534
255.400000000 73.256265 -2.613196 15.495077 0.504123 0.611603 0.406077 0.454866
255.600000000 73.519208 -2.529906 15.391934 0.504370 0.612389 0.405683 0.453885
255.900000000 73.878812 -2.407887 15.268845 0.504654 0.611773 0.405457 0.454602
256.000000000 74.003150 -2.359438 15.244588 0.504407 0.611806 0.405743 0.454576
256.200000000 74.204321 -2.278615 15.156431 0.505358 0.612015 0.404390 0.454444
256.400000000 74.242091 -2.167134 15.213535 0.504524 0.612376 0.405100 0.454253
256.600000000 74.534226 -2.061962 15.102737 0.504154 0.613506 0.405175 0.453070
256.800000000 74.886504 -1.973431 14.920557 0.505229 0.614201 0.403958 0.452015
256.900000000 74.869560 -1.918116 14.978912 0.504874 0.613727 0.404435 0.452631
257.200000000 75.332850 -1.765766 14.842486 0.503702 0.612981 0.405842 0.453686
257.300000000 75.404009 -1.715999 14.817455 0.504101 0.613727 0.405132 0.452868
257.500000000 75.561082 -1.615592 14.796017 0.503646 0.614353 0.405428 0.452260
257.700000000 75.801987 -1.530572 14.716232 0.503994 0.614600 0.404972 0.451945
257.800000000 75.450982 -1.376838 14.616177 0.505214 0.622636 0.402791 0.441410
258.000000000 75.706904 -1.308718 14.449319 0.506232 0.624248 0.401373 0.439253
258.100000000 75.687857 -1.264255 14.538388 0.505735 0.624275 0.401707 0.439483
258.200000000 75.829199 -1.240565 14.436177 0.506789 0.624659 0.400641 0.438695
258.300000000 76.152968 -1.215375 14.268097 0.506652 0.624213 0.400841 0.439305
258.500000000 76.345071 -1.157587 14.244719 0.506403 0.624580 0.401033 0.438894
258.600000000 76.437214 -1.133218 14.235987 0.506301 0.624631 0.401077 0.438899
258.700000000 76.572679 -1.116656 14.189616 0.506404 0.624593 0.401009 0.438896
259.200000000 77.156300 -1.088150 14.003928 0.507181 0.624826 0.400167 0.438436
259.500000000 77.700856 -1.116772 13.786760 0.507100 0.624937 0.400485 0.438081
259.900000000 78.190971 -1.191859 13.709411 0.506618 0.624894 0.401009 0.438220
260.200000000 78.640126 -1.282081 13.565178 0.506534 0.626163 0.400874 0.436627
260.600000000 79.178563 -1.457749 13.417171 0.507195 0.625577 0.400448 0.437091
260.700000000 79.273700 -1.501783 13.401839 0.507190 0.626221 0.400400 0.436218
261.100000000 79.823884 -1.729738 13.261006 0.507926 0.625327 0.399757 0.437231
261.500000000 80.494689 -1.951172 13.164975 0.506327 0.624389 0.402119 0.438259
261.600000000 80.604212 -2.021382 13.107755 0.506392 0.624759 0.401876 0.437880
262.100000000 81.177898 -2.384860 12.913115 0.509386 0.626563 0.397839 0.435509
262.300000000 81.492579 -2.525914 12.865130 0.509001 0.625409 0.398585 0.436933
262.500000000 81.861165 -2.651221 12.798067 0.507847 0.624783 0.400407 0.437506
262.600000000 81.893388 -2.723404 12.807502 0.509022 0.626308 0.398701 0.435514
262.900000000 82.336212 -2.933109 12.691169 0.509163 0.626013 0.398851 0.435636
263.200000000 81.775510 -3.087845 11.941218 0.517011 0.631132 0.389396 0.427484
263.300000000 81.848864 -3.161120 11.993259 0.516863 0.629672 0.389905 0.429348
263.400000000 81.958326 -3.229638 11.992725 0.517124 0.629752 0.389302 0.429464
263.500000000 82.060416 -3.295406 11.986446 0.516811 0.629394 0.390018 0.429716
263.600000000 82.215262 -3.364172 11.929111 0.517485 0.630056 0.388811 0.429027
263.800000000 82.446958 -3.504292 11.854781 0.518485 0.630256 0.387675 0.428554
264.200000000 82.917589 -3.748198 11.793145 0.518069 0.629324 0.388398 0.429770
264.300000000 83.155081 -3.803590 11.663736 0.518458 0.630465 0.387809 0.428158
264.400000000 83.238441 -3.860265 11.655596 0.518886 0.631247 0.387098 0.427130
264.600000000 83.532689 -3.976307 11.565043 0.518701 0.630232 0.387555 0.428437
264.900000000 83.953733 -4.126162 11.425715 0.519298 0.630682 0.386681 0.427841
265.100000000 84.210576 -4.216312 11.387552 0.518506 0.629668 0.387925 0.429167
265.400000000 84.623407 -4.334486 11.240500 0.518798 0.630838 0.387349 0.427613
265.500000000 84.730861 -4.371775 11.226924 0.518872 0.630465 0.387285 0.428130
266.000000000 85.372397 -4.522958 11.052666 0.518448 0.629825 0.387979 0.428957
266.100000000 85.527800 -4.551145 10.979060 0.518704 0.630087 0.387537 0.428662
266.200000000 85.618752 -4.574979 10.950728 0.519331 0.630304 0.386771 0.428276
266.300000000 85.711976 -4.609777 10.895280 0.520838 0.630575 0.384955 0.427682
266.400000000 85.928633 -4.621743 10.794743 0.520356 0.630331 0.385712 0.427946
266.500000000 86.094940 -4.624517 10.749955 0.519193 0.630492 0.387128 0.427845
266.900000000 86.596458 -4.667808 10.574488 0.519755 0.630822 0.386322 0.427403
267.000000000 85.026695 -4.526504 9.257831 0.528997 0.630919 0.373665 0.427174
267.200000000 85.235891 -4.533406 9.217507 0.528842 0.630372 0.374019 0.427863
267.300000000 85.335852 -4.532243 9.193199 0.528939 0.630566 0.373883 0.427577
267.400000000 85.522309 -4.530151 9.069232 0.529162 0.631581 0.373479 0.426152
267.700000000 85.870811 -4.513989 8.964739 0.528440 0.630936 0.374608 0.427012
267.900000000 86.156905 -4.497086 8.828086 0.528378 0.630754 0.374810 0.427181
268.000000000 86.249326 -4.486521 8.794048 0.528680 0.631195 0.374308 0.426595
268.200000000 86.475313 -4.466456 8.696388 0.529305 0.630906 0.373390 0.427052
268.400000000 86.777870 -4.430949 8.536361 0.529288 0.631199 0.373522 0.426524
268.600000000 87.022534 -4.391787 8.416038 0.529941 0.631186 0.372786 0.426378
268.700000000 87.144574 -4.372563 8.361792 0.530143 0.630990 0.372572 0.426604
269.000000000 87.534294 -4.294213 8.182497 0.530326 0.630566 0.372508 0.427058
269.200000000 87.819693 -4.232125 8.063597 0.529431 0.630263 0.373754 0.427526
269.300000000 87.924146 -4.205694 8.009736 0.530021 0.629843 0.373168 0.427927
269.400000000 88.050072 -4.169401 7.967528 0.529678 0.629778 0.373687 0.427995
269.500000000 88.203166 -4.134716 7.895911 0.529789 0.629677 0.373757 0.427944
270.100000000 88.936118 -3.895368 7.500381 0.531515 0.630840 0.371564 0.425997
270.200000000 89.109100 -3.835709 7.451702 0.530991 0.630873 0.372221 0.426027
270.700000000 89.698978 -3.547933 7.080643 0.522637 0.639655 0.363609 0.430676
270.800000000 89.781692 -3.499101 7.005064 0.522377 0.638688 0.362003 0.433766
271.000000000 90.050907 -3.352425 6.913368 0.522997 0.638488 0.360422 0.434630
271.100000000 90.170853 -3.270948 6.827233 0.523129 0.638774 0.360844 0.433700
271.300000000 90.426108 -3.101470 6.761079 0.523791 0.637581 0.360860 0.434641
271.400000000 90.584626 -3.003021 6.769778 0.525103 0.638158 0.359266 0.433531
271.700000000 90.881926 -2.741226 6.615348 0.526591 0.635839 0.358650 0.435638
271.800000000 91.053839 -2.636492 6.664419 0.527699 0.634704 0.358027 0.436465
272.100000000 91.467846 -2.316092 6.626546 0.528229 0.631477 0.359967 0.438900
272.400000000 91.857057 -1.969236 6.578903 0.529134 0.631279 0.361213 0.437069
272.500000000 91.853608 -1.876857 6.555937 0.531132 0.631190 0.359090 0.436524
272.600000000 91.858314 -1.779530 6.515171 0.532279 0.631065 0.358360 0.435906
273.000000000 92.582930 -1.308231 6.685976 0.533748 0.625763 0.360801 0.439723
273.100000000 92.608713 -1.191662 6.667077 0.534191 0.626940 0.360989 0.437348
273.200000000 92.653773 -1.085024 6.678612 0.534875 0.626514 0.360827 0.437256
273.300000000 92.763524 -0.980402 6.702502 0.535469 0.625584 0.360707 0.437960
273.600000000 93.045939 -0.635199 6.791847 0.535040 0.625533 0.362285 0.437253
273.800000000 93.133987 -0.422950 6.777568 0.535717 0.626457 0.361928 0.435393
274.200000000 90.556441 0.067201 5.309413 0.559002 0.619890 0.341194 0.432250
275.000000000 90.885426 0.213179 5.956844 0.588732 0.578059 0.298301 0.479853
275.100000000 91.404290 0.917000 5.677424 0.558206 0.619059 0.342518 0.433420
275.200000000 91.428039 0.992707 5.739137 0.558556 0.618405 0.342865 0.433628
275.800000000 91.467349 1.290499 6.150500 0.567695 0.608122 0.331706 0.444838
276.000000000 91.611075 1.540875 6.254066 0.563478 0.612964 0.338458 0.438423
276.100000000 91.701074 1.603214 6.304249 0.563615 0.612356 0.338754 0.438867
276.200000000 91.731497 1.666650 6.367531 0.563495 0.612444 0.338954 0.438744
276.500000000 91.714050 1.846278 6.576467 0.563242 0.613784 0.341096 0.435524
276.800000000 91.702768 2.033428 6.780950 0.562402 0.616223 0.344194 0.430702
276.900000000 91.709214 2.058367 6.858273 0.563140 0.615436 0.343660 0.431289
277.100000000 91.740736 2.131904 7.008735 0.563320 0.615152 0.344206 0.431022
277.500000000 91.767731 2.231210 7.302636 0.564217 0.614220 0.345736 0.429953
277.700000000 91.831380 2.293757 7.424838 0.563180 0.615231 0.348177 0.427893
278.100000000 91.641153 2.275521 7.702404 0.566430 0.612127 0.345426 0.430277
278.200000000 91.752754 2.343528 7.832583 0.563484 0.614423 0.350027 0.427142
278.300000000 91.813801 2.359468 7.932240 0.562569 0.614296 0.351921 0.426975
279.000000000 91.548284 2.291520 8.413006 0.562882 0.614542 0.353233 0.425121
279.500000000 91.242657 2.195067 8.717635 0.562575 0.616629 0.354087 0.421783
279.600000000 91.173968 2.154039 8.814184 0.563633 0.615439 0.352310 0.423592
279.700000000 91.199245 2.155372 8.866907 0.561651 0.617141 0.355698 0.420908
279.800000000 91.137592 2.120611 8.919786 0.561852 0.617825 0.355134 0.420112
279.900000000 91.107837 2.090123 8.994659 0.561601 0.617247 0.355307 0.421150
280.000000000 91.098974 2.056252 9.043814 0.560962 0.617016 0.356114 0.421659
280.200000000 90.812778 1.969017 9.121506 0.561911 0.617125 0.354185 0.421860
280.300000000 90.825900 1.958038 9.189186 0.560229 0.619222 0.357161 0.418501
280.400000000 87.845789 2.197535 7.673711 0.586418 0.617888 0.332576 0.404625
280.500000000 87.703102 2.159242 7.723631 0.587127 0.618508 0.330936 0.403994
280.600000000 87.643981 2.129121 7.782964 0.586291 0.619286 0.332782 0.402497
280.800000000 87.519348 2.036486 7.858322 0.585697 0.618198 0.333064 0.404795
281.100000000 87.285241 1.902870 8.024743 0.586059 0.617689 0.331897 0.406004
281.300000000 87.129862 1.815892 8.121731 0.585506 0.618125 0.332498 0.405647
281.700000000 86.829696 1.628509 8.273304 0.585194 0.618023 0.332195 0.406500
281.900000000 86.676520 1.541404 8.334544 0.584788 0.619167 0.333008 0.404673
282.000000000 86.553181 1.486273 8.409722 0.585443 0.617829 0.331334 0.407138
282.200000000 86.378747 1.395504 8.479489 0.584925 0.618193 0.331686 0.407043
282.300000000 86.265114 1.352302 8.539559 0.585388 0.619049 0.330909 0.405707
282.600000000 85.998881 1.200828 8.617214 0.586087 0.617900 0.328370 0.408504
282.700000000 85.898526 1.162706 8.663021 0.585253 0.617813 0.329208 0.409155
282.800000000 85.817474 1.119883 8.680349 0.584649 0.618095 0.329986 0.408965
283.500000000 85.144886 0.849384 8.856840 0.584375 0.620002 0.328307 0.407820
283.600000000 81.940228 1.384840 7.463922 0.604114 0.626938 0.307322 0.384120
283.700000000 81.857698 1.357678 7.475996 0.603541 0.627879 0.308306 0.382692
283.800000000 81.749408 1.318544 7.502920 0.603749 0.627122 0.307619 0.384155
283.900000000 81.644462 1.287011 7.531328 0.603425 0.627198 0.307652 0.384513
284.000000000 81.539433 1.261737 7.568193 0.603494 0.628056 0.307109 0.383436
284.200000000 81.330419 1.201850 7.627312 0.603395 0.627899 0.306550 0.384297
284.300000000 81.233105 1.175845 7.636304 0.603233 0.628154 0.306623 0.384076
284.700000000 80.806907 1.085622 7.737373 0.602222 0.628647 0.306720 0.384779
285.000000000 80.477737 1.028610 7.805987 0.601625 0.628659 0.306521 0.385849
285.100000000 80.374864 1.016109 7.822319 0.600955 0.628981 0.307306 0.385745
285.300000000 80.152858 0.989573 7.877561 0.600119 0.629270 0.307843 0.386146
285.400000000 80.038231 0.976855 7.895269 0.600392 0.629775 0.307044 0.385533
285.500000000 79.928335 0.961022 7.915154 0.600039 0.629536 0.307325 0.386249
285.600000000 79.824520 0.950919 7.941808 0.599568 0.629878 0.307593 0.386212
285.700000000 79.707575 0.934028 7.966215 0.599815 0.629426 0.306821 0.387177
285.800000000 79.607790 0.924999 7.995240 0.599454 0.629921 0.307087 0.386719
285.900000000 79.491129 0.911755 8.026448 0.599337 0.629796 0.307055 0.387129
286.100000000 79.296128 0.890479 8.067793 0.598732 0.630291 0.307159 0.387179
286.500000000 78.842761 0.847511 8.220372 0.598273 0.630787 0.306630 0.387499
286.600000000 78.736505 0.836268 8.254831 0.597930 0.631110 0.306751 0.387406
286.700000000 78.644705 0.822925 8.273944 0.597602 0.631257 0.306967 0.387503
287.000000000 78.294546 0.778725 8.407527 0.596983 0.631090 0.307197 0.388545
287.100000000 78.176336 0.766036 8.467370 0.597076 0.631295 0.306882 0.388317
287.200000000 78.051588 0.748426 8.526559 0.596920 0.630996 0.306917 0.389014
287.400000000 77.861871 0.704701 8.577849 0.596908 0.630959 0.306397 0.389503
287.500000000 74.538675 1.531022 7.394386 0.612458 0.646626 0.289327 0.350799
287.700000000 74.335299 1.484577 7.507635 0.612094 0.646991 0.289577 0.350556
287.800000000 74.277159 1.449636 7.486378 0.611659 0.646725 0.290196 0.351291
288.200000000 73.760439 1.329143 7.838826 0.612737 0.647074 0.287716 0.350809
288.300000000 73.643907 1.295416 7.889735 0.613124 0.648302 0.286520 0.348839
288.400000000 73.587263 1.255690 7.873714 0.612751 0.647898 0.287398 0.349524
288.700000000 73.279075 1.136052 8.056769 0.612293 0.646509 0.288421 0.352046
289.200000000 72.757741 0.940721 8.427069 0.611544 0.647616 0.288945 0.350884
289.700000000 72.287472 0.724302 8.748769 0.610555 0.647835 0.290610 0.350825
289.800000000 72.154237 0.689030 8.870620 0.610640 0.648234 0.290543 0.349995
289.900000000 72.084042 0.641286 8.885866 0.610733 0.648753 0.290242 0.349118
290.000000000 72.008803 0.595035 8.911595 0.611059 0.648753 0.289902 0.348831
290.100000000 71.864668 0.555598 9.084478 0.610816 0.648349 0.290287 0.349688
290.200000000 71.776656 0.508819 9.124332 0.611329 0.648468 0.289479 0.349240
290.300000000 71.725056 0.464003 9.148838 0.610703 0.648277 0.290643 0.349723
290.400000000 71.631255 0.423256 9.241418 0.610323 0.647995 0.291463 0.350224
291.000000000 71.079428 0.172537 9.687724 0.610522 0.648075 0.291493 0.349705
291.100000000 70.965020 0.136288 9.804092 0.610573 0.648142 0.291748 0.349279
291.300000000 67.272353 1.020871 8.932982 0.626940 0.666387 0.273547 0.296727
291.500000000 67.128793 0.942213 9.058089 0.627292 0.667095 0.273259 0.294648
291.700000000 66.944666 0.857306 9.283282 0.627426 0.666309 0.273328 0.296073
291.900000000 66.811417 0.784102 9.457207 0.626962 0.665703 0.274847 0.297013
292.100000000 66.617231 0.710655 9.694599 0.627706 0.665852 0.273444 0.296402
292.200000000 66.552121 0.675867 9.772929 0.627755 0.665814 0.273502 0.296331
292.300000000 66.493593 0.640540 9.821925 0.627520 0.665465 0.274244 0.296926
292.400000000 66.398914 0.610187 9.977292 0.627378 0.665133 0.274495 0.297735
292.500000000 66.375967 0.576413 9.982262 0.627126 0.664714 0.275460 0.298312
292.600000000 66.270268 0.553207 10.148539 0.627069 0.664666 0.275896 0.298134
292.800000000 66.092857 0.496509 10.367169 0.627263 0.664111 0.275799 0.299053
292.900000000 66.019374 0.471305 10.444229 0.627214 0.664148 0.276025 0.298864
293.000000000 65.990794 0.450866 10.489013 0.627292 0.664206 0.276096 0.298506
293.200000000 65.836232 0.407297 10.700133 0.627645 0.663813 0.275651 0.299051
293.400000000 65.683736 0.378658 10.876946 0.627525 0.663414 0.276574 0.299334
293.500000000 65.585675 0.369608 11.019327 0.627495 0.663177 0.276870 0.299650
293.600000000 65.509681 0.365818 11.121517 0.627454 0.663321 0.277127 0.299179
293.800000000 65.436162 0.350986 11.262444 0.627383 0.662631 0.277616 0.300401
293.900000000 65.341013 0.353167 11.399061 0.627374 0.662332 0.277845 0.300866
294.300000000 64.995897 0.397561 11.819872 0.627567 0.662185 0.278412 0.300261
294.600000000 64.755690 0.469375 12.148216 0.627415 0.661968 0.279250 0.300281
294.900000000 64.528549 0.576512 12.445008 0.627149 0.662098 0.280219 0.299646
295.000000000 64.431868 0.609799 12.557721 0.627463 0.661609 0.279867 0.300398
295.100000000 64.354633 0.660716 12.691438 0.627133 0.661434 0.280631 0.300757
295.200000000 64.255482 0.710901 12.776125 0.627245 0.661771 0.280323 0.300070
295.600000000 63.917786 0.943093 13.161497 0.627397 0.661449 0.280781 0.300034
295.700000000 63.813547 1.017736 13.301006 0.627199 0.661599 0.281294 0.299635
295.800000000 59.784066 1.537214 11.889502 0.662220 0.662543 0.238677 0.255997
296.200000000 59.490647 1.862318 12.299209 0.662423 0.662561 0.238939 0.255181
296.300000000 59.417958 1.944488 12.368566 0.662785 0.662544 0.237940 0.255218
296.600000000 59.204754 2.222575 12.724926 0.662498 0.661876 0.239051 0.256653
296.800000000 59.034702 2.428950 12.994701 0.662331 0.662118 0.239618 0.255930
297.000000000 58.873305 2.632532 13.226836 0.662440 0.661972 0.239753 0.255901
297.100000000 58.793084 2.730431 13.267968 0.662677 0.662103 0.238975 0.255674
297.400000000 58.578615 3.040383 13.530236 0.663017 0.661666 0.238530 0.256341
297.600000000 58.402213 3.256992 13.702935 0.663073 0.661973 0.238391 0.255529
297.900000000 58.225372 3.573986 13.903019 0.662947 0.661469 0.238664 0.256905
298.300000000 57.823463 4.026823 14.490209 0.662871 0.661435 0.239059 0.256818
298.800000000 57.341619 4.565934 15.066894 0.663061 0.661558 0.237870 0.257117
299.000000000 57.262988 4.759430 15.098272 0.662696 0.660887 0.238660 0.259044
299.100000000 57.135022 4.868227 15.259839 0.662784 0.661218 0.238419 0.258194
299.300000000 56.906177 5.059889 15.504500 0.663361 0.661467 0.236708 0.257649
299.500000000 56.790266 5.240231 15.642376 0.662777 0.660933 0.238064 0.259269
299.600000000 56.675481 5.341074 15.855438 0.662363 0.660917 0.239176 0.259341
299.900000000 56.434964 5.582203 16.101902 0.662066 0.660964 0.239758 0.259442
300.200000000 56.121709 5.776657 16.364034 0.662984 0.660948 0.236969 0.259703
300.300000000 56.028921 5.835821 16.426028 0.663061 0.661033 0.236754 0.259485
300.800000000 55.825845 6.023805 16.352973 0.662950 0.660344 0.237263 0.261052
300.900000000 55.725201 6.053540 16.421175 0.663321 0.660853 0.235905 0.260052
301.300000000 55.484270 6.108903 16.408396 0.663314 0.661565 0.236275 0.257917
301.400000000 55.437817 6.106163 16.386842 0.663278 0.661820 0.236140 0.257478
301.500000000 55.459271 6.088932 16.302787 0.662932 0.660728 0.237248 0.260142
301.600000000 55.330911 6.086344 16.328828 0.663611 0.662030 0.235242 0.256900
302.000000000 54.773600 6.076963 17.348577 0.660648 0.661505 0.240485 0.261003
302.100000000 54.730514 6.043992 17.328086 0.660594 0.661327 0.240581 0.261500
302.200000000 54.639906 6.006541 17.335658 0.661355 0.661403 0.238917 0.260912
302.400000000 54.505858 5.931454 17.344415 0.661352 0.661923 0.239064 0.259463
302.500000000 54.463036 5.885399 17.360750 0.661010 0.661810 0.239605 0.260122
302.600000000 54.420492 5.835114 17.364632 0.661051 0.661777 0.239370 0.260317
302.800000000 54.277952 5.718790 17.359481 0.662032 0.661408 0.237531 0.260445
303.000000000 54.103986 5.603568 17.493148 0.662211 0.661689 0.236743 0.259995
303.300000000 53.598371 5.466140 18.406123 0.659858 0.661810 0.240473 0.262237
303.600000000 53.239017 5.269857 18.815501 0.659564 0.662471 0.240618 0.261170
303.700000000 53.185657 5.189724 18.826662 0.659739 0.662367 0.240401 0.261192
304.200000000 52.707160 4.795406 19.188390 0.659628 0.663271 0.240332 0.259234
304.300000000 52.590554 4.706695 19.295016 0.660144 0.663204 0.238967 0.259354
304.400000000 52.503049 4.618343 19.361011 0.660272 0.662991 0.238808 0.259720
304.500000000 52.430594 4.529361 19.427340 0.660377 0.662933 0.238490 0.259893
304.700000000 52.194110 4.367001 19.753299 0.659769 0.662997 0.239721 0.260142
304.800000000 52.109849 4.271581 19.795949 0.660124 0.662914 0.238956 0.260157
304.900000000 52.059663 4.188672 19.832188 0.659870 0.663238 0.239608 0.259374
305.500000000 48.814997 4.719242 20.072989 0.673725 0.678618 0.219697 0.193144
305.600000000 48.745179 4.623409 20.131332 0.673874 0.678667 0.219371 0.192825
306.400000000 48.121243 3.887872 21.033382 0.673941 0.678028 0.219936 0.194190
306.600000000 47.952765 3.715501 21.225454 0.674259 0.677863 0.219391 0.194279
306.700000000 47.909314 3.635258 21.234650 0.674385 0.677868 0.219115 0.194135
307.000000000 47.793117 3.413961 21.353489 0.674073 0.677806 0.220594 0.193761
307.200000000 47.526525 3.256054 21.719934 0.674739 0.677680 0.219023 0.193664
307.500000000 47.369992 3.050961 21.966663 0.675126 0.677427 0.218528 0.193760
307.700000000 47.170466 2.916559 22.267960 0.675141 0.676908 0.218846 0.195158
307.800000000 47.131231 2.861610 22.328647 0.675092 0.676917 0.219042 0.195076
307.900000000 47.086323 2.809109 22.423325 0.674868 0.676986 0.219688 0.194888
308.100000000 46.924403 2.696689 22.632539 0.675205 0.676513 0.219260 0.195841
308.600000000 46.672384 2.464475 23.057593 0.676295 0.675411 0.217556 0.197774
308.700000000 46.529860 2.431861 23.233312 0.676296 0.675724 0.217358 0.196917
309.000000000 46.321053 2.338335 23.588969 0.676563 0.675924 0.216763 0.195967
309.200000000 46.193683 2.290318 23.788309 0.676612 0.675608 0.217119 0.196492
309.300000000 46.097877 2.273281 23.860838 0.676574 0.675617 0.217413 0.196269
309.900000000 45.814079 2.195470 24.498035 0.676903 0.674154 0.217926 0.199567
310.200000000 45.548138 2.194473 24.772404 0.677621 0.674453 0.216036 0.198170
310.300000000 45.450626 2.197050 24.942874 0.677827 0.674461 0.215588 0.197927
310.500000000 43.487675 3.143782 24.989345 0.687081 0.685601 0.204242 0.127110
310.600000000 43.342549 3.126986 25.259762 0.687357 0.685752 0.203343 0.126240
310.700000000 43.327856 3.134204 25.351417 0.687330 0.685724 0.203457 0.126355
310.800000000 43.314113 3.144995 25.389061 0.687382 0.685601 0.203549 0.126591
311.000000000 43.233745 3.158579 25.686296 0.686928 0.685035 0.206122 0.127946
311.100000000 43.196917 3.173181 25.790099 0.686845 0.685005 0.206538 0.127882
311.200000000 43.098861 3.167935 26.009581 0.687309 0.684920 0.205348 0.127763
311.300000000 43.050901 3.182174 26.111879 0.687475 0.684848 0.204950 0.127897
311.500000000 42.915494 3.207953 26.403063 0.687612 0.684980 0.204447 0.127253
311.800000000 42.723670 3.257731 26.839904 0.688038 0.684999 0.203429 0.126475
312.000000000 42.618188 3.314768 27.007218 0.687807 0.684979 0.204214 0.126575
312.100000000 42.581594 3.341328 27.112079 0.687833 0.684693 0.204608 0.127348
312.600000000 42.324051 3.475932 27.783730 0.687745 0.684246 0.206002 0.127972
312.800000000 42.197218 3.532741 28.070116 0.687959 0.684064 0.205801 0.128120
312.900000000 42.115606 3.552956 28.254291 0.688374 0.683972 0.204756 0.128058
313.200000000 41.982015 3.659053 28.574788 0.688119 0.683904 0.205684 0.128300
313.500000000 41.805702 3.773023 28.846495 0.688243 0.684024 0.205665 0.127022
313.600000000 41.712677 3.788683 29.155535 0.688644 0.684147 0.204461 0.126127
313.800000000 41.646290 3.866152 29.283191 0.688208 0.683901 0.206029 0.127283
313.900000000 41.593156 3.897396 29.429381 0.688251 0.683888 0.206000 0.127167
314.100000000 41.477057 3.955595 29.774784 0.688215 0.683701 0.206768 0.127121
314.200000000 41.441469 3.999911 29.797600 0.687958 0.683747 0.207311 0.127381
314.300000000 41.372743 4.025592 29.963380 0.688184 0.683553 0.207142 0.127475
314.600000000 40.062360 4.812242 29.933673 0.698200 0.682692 0.207196 0.059315
314.800000000 39.942067 4.815745 30.325794 0.698659 0.682798 0.205584 0.058292
315.000000000 39.851788 4.844845 30.601303 0.698780 0.682891 0.205096 0.057462
315.100000000 39.794976 4.840575 30.761284 0.699246 0.682764 0.203440 0.059164
315.400000000 39.712776 4.913744 31.012402 0.698680 0.682319 0.206665 0.059805
315.600000000 39.607728 4.942481 31.215593 0.698831 0.682341 0.206205 0.059375
315.700000000 39.548559 4.926109 31.457366 0.699176 0.682373 0.205090 0.058809
316.500000000 39.184559 4.961409 32.435538 0.699257 0.681802 0.206326 0.060120
316.600000000 39.127196 4.918486 32.713896 0.699874 0.681701 0.204476 0.060402
316.900000000 38.983267 4.942221 32.884725 0.699850 0.681936 0.203913 0.059939
317.200000000 38.801728 4.906549 33.284007 0.700251 0.682258 0.201594 0.059435
317.500000000 38.592122 4.797115 33.985572 0.701036 0.682412 0.198682 0.058204
317.600000000 38.544436 4.760217 34.196476 0.701425 0.682414 0.197254 0.058359
318.000000000 38.376695 4.676440 34.766344 0.701641 0.682192 0.197038 0.059076
318.100000000 38.336418 4.666023 34.825134 0.701652 0.682149 0.197056 0.059382
318.200000000 38.265230 4.644979 34.948983 0.701660 0.682292 0.196753 0.058647
318.300000000 38.209809 4.621057 35.066228 0.701772 0.682460 0.195864 0.058326
318.400000000 38.154692 4.596351 35.183594 0.701874 0.682425 0.195582 0.058449
318.700000000 38.035293 4.498985 35.649227 0.702049 0.682167 0.195546 0.059477
318.800000000 37.997157 4.473947 35.758169 0.702109 0.682253 0.195136 0.059131
319.300000000 37.831397 4.323532 36.367809 0.702167 0.681922 0.195718 0.060325
319.400000000 37.711694 4.308266 36.393083 0.702052 0.682388 0.194925 0.058936
320.000000000 37.625883 4.135926 36.910658 0.701703 0.681510 0.198167 0.062338
320.300000000 37.283000 3.992869 37.379839 0.701911 0.682187 0.195792 0.060057
320.400000000 37.242685 3.958748 37.464568 0.701963 0.682345 0.195245 0.059441
320.500000000 37.198325 3.914233 37.608375 0.702033 0.682480 0.194655 0.058989
320.700000000 36.728336 3.832088 38.042519 0.708157 0.672524 0.214566 -0.013651
320.900000000 36.691266 3.743556 38.191632 0.708075 0.671688 0.217555 -0.011576
321.200000000 36.648575 3.609914 38.410219 0.707861 0.672162 0.216682 -0.013420
321.300000000 36.521730 3.525941 38.586391 0.707825 0.672321 0.216276 -0.013885
321.400000000 36.397290 3.452609 38.747222 0.707682 0.672557 0.215963 -0.014583
322.000000000 36.452762 3.246008 38.933923 0.706350 0.665206 0.241784 0.010498
322.100000000 36.433458 3.220166 38.931629 0.706147 0.665167 0.242487 0.010416
322.200000000 36.317402 3.117937 39.156637 0.706203 0.665541 0.241339 0.009359
322.300000000 36.228117 3.047941 39.289676 0.706211 0.665723 0.240832 0.008938
322.600000000 36.380931 2.949474 39.379547 0.705972 0.664275 0.245277 0.013454
322.700000000 36.239047 2.871249 39.519008 0.706021 0.664515 0.244524 0.012707
323.000000000 36.326949 2.739877 39.718436 0.705755 0.663265 0.248444 0.016263
323.400000000 36.075149 2.512544 40.114472 0.705583 0.663824 0.247541 0.014629
323.800000000 35.978049 2.300130 40.448838 0.705845 0.663051 0.248682 0.017434
324.100000000 35.288338 1.610065 41.492687 0.705764 0.641293 0.294648 -0.061836
324.200000000 35.242319 1.513610 41.622909 0.705835 0.641654 0.293550 -0.062491
324.800000000 34.963709 1.450443 41.600213 0.703601 0.626528 0.333695 -0.032508
325.000000000 35.074543 1.479091 41.457869 0.703568 0.617757 0.350970 -0.013733
325.300000000 35.234546 1.362296 41.525174 0.702150 0.596246 0.388127 0.028877
326.100000000 34.882884 1.233107 41.481811 0.699558 0.576248 0.417470 0.065382
326.600000000 34.562689 0.989615 41.955080 0.700241 0.577098 0.415371 0.063928
327.200000000 33.931863 0.776115 42.539280 0.700150 0.576884 0.415731 0.064514
327.500000000 33.810659 0.722386 42.881870 0.699310 0.576322 0.417911 0.064569
327.800000000 33.436097 0.717605 43.164887 0.698515 0.576597 0.418934 0.064084
328.000000000 33.321258 0.659923 43.468683 0.699535 0.576393 0.417442 0.064528
328.100000000 33.417306 0.620583 43.683094 0.699596 0.576306 0.417528 0.064085
328.800000000 31.802524 -0.079708 46.304873 0.688170 0.505298 0.520235 0.021240
329.000000000 31.275977 -0.177554 46.593941 0.690384 0.519762 0.503196 0.003328
329.100000000 31.415122 -0.146707 46.717453 0.688575 0.508259 0.516935 0.017776
329.200000000 31.087330 -0.198588 46.871222 0.689975 0.519819 0.503701 0.002903
329.300000000 30.990811 -0.199312 47.001224 0.689801 0.519708 0.504054 0.002773
329.900000000 30.500964 -0.158466 47.795110 0.688302 0.514483 0.511329 0.009463
330.000000000 30.340027 -0.145767 47.915173 0.688425 0.517981 0.507686 0.004658
330.200000000 30.256161 -0.076550 48.130003 0.688179 0.515973 0.510021 0.007750
330.800000000 29.653820 -0.068615 48.970178 0.688039 0.517536 0.508647 0.006042
330.900000000 29.614932 -0.091193 49.138019 0.687983 0.513892 0.512311 0.011495
331.000000000 29.575688 -0.016062 49.225336 0.686152 0.513895 0.514790 0.009878
331.200000000 29.384542 0.038862 49.428112 0.686649 0.514908 0.513134 0.008756
331.600000000 28.954526 0.018142 49.977290 0.686947 0.516581 0.511073 0.007142
331.700000000 28.903291 0.087723 50.023360 0.687213 0.516746 0.510546 0.007418
331.900000000 28.684421 -0.008104 50.381006 0.686759 0.516001 0.511902 0.007873
332.000000000 28.649171 0.079287 50.400134 0.686875 0.515827 0.511908 0.008701
332.100000000 28.612975 0.142566 50.452791 0.686261 0.515802 0.512765 0.008179
332.200000000 28.514304 0.192418 50.502583 0.686560 0.517204 0.510970 0.006720
332.300000000 28.452330 0.185290 50.620190 0.686824 0.515730 0.512068 0.009047
332.400000000 28.403316 0.211772 50.704545 0.686399 0.514901 0.513457 0.009774
332.500000000 28.291980 0.200986 50.812504 0.686892 0.515346 0.512353 0.009599
332.700000000 28.094207 0.243716 50.966564 0.686077 0.517838 0.510991 0.005552
333.100000000 27.895944 0.283341 51.274492 0.686647 0.514830 0.513164 0.011345
333.300000000 27.821826 0.425193 51.278348 0.686334 0.515304 0.513129 0.010285
333.500000000 27.692448 0.486108 51.334170 0.685996 0.515355 0.513530 0.010310
333.600000000 27.615024 0.459617 51.429409 0.683657 0.516417 0.515636 0.006835
333.800000000 27.436586 0.296825 51.715093 0.679594 0.512626 0.524682 0.008730
334.100000000 27.242708 0.344362 51.782355 0.678764 0.515111 0.523371 0.004813
334.400000000 27.141348 0.372502 51.813168 0.680616 0.515418 0.520641 0.006288
334.600000000 27.001433 0.316689 51.902027 0.680260 0.516319 0.520229 0.004758
334.700000000 26.808619 0.134101 52.108544 0.679846 0.516319 0.520774 0.004300
334.800000000 26.721235 0.080536 52.166870 0.679837 0.516847 0.520268 0.003439
334.900000000 26.703355 0.087787 52.150083 0.679811 0.516924 0.520224 0.003599
335.000000000 26.665287 0.090887 52.131310 0.679940 0.516879 0.520098 0.003930
335.100000000 26.608584 0.050296 52.155123 0.680067 0.517406 0.519412 0.003332
335.200000000 26.588456 0.078372 52.103111 0.679992 0.517414 0.519500 0.003660
335.600000000 26.464120 -0.145847 52.235784 0.680094 0.515134 0.521593 0.007122
336.600000000 26.264957 -0.642697 52.202433 0.680800 0.511213 0.524376 0.014263
336.700000000 23.639266 -3.095621 54.698069 0.619678 0.438557 0.648608 -0.054537
336.800000000 23.445726 -3.281573 54.702613 0.619782 0.442301 0.645648 -0.058115
337.100000000 23.222440 -3.966540 54.872222 0.624780 0.426491 0.652802 -0.040057
337.200000000 23.142349 -4.119587 54.880747 0.627783 0.427557 0.649267 -0.039201
337.300000000 23.110623 -4.188345 54.843114 0.630141 0.427971 0.646777 -0.037972
337.400000000 23.053690 -4.176775 54.750686 0.630807 0.429268 0.645225 -0.038681
337.500000000 23.092688 -4.216686 54.717308 0.631100 0.428104 0.645786 -0.037415
337.600000000 23.055070 -3.639314 54.262158 0.629339 0.447761 0.632720 -0.055744
337.700000000 22.924651 -4.331807 54.602185 0.629785 0.431745 0.644400 -0.041422
337.900000000 22.715802 -4.736980 54.660570 0.629670 0.429384 0.646189 -0.039812
338.000000000 22.799682 -4.697658 54.592432 0.629554 0.428306 0.647078 -0.038794
338.300000000 22.484944 -4.946447 54.457879 0.629614 0.433227 0.643435 -0.043496
338.800000000 22.576594 -5.049706 54.239155 0.628077 0.433808 0.644482 -0.044418
338.900000000 22.405074 -5.149671 54.190859 0.628408 0.436123 0.642460 -0.046320
339.100000000 22.339709 -5.203963 54.086561 0.628446 0.437842 0.641156 -0.047639
339.900000000 22.633550 -4.933359 53.570467 0.626469 0.387238 0.676448 0.000610
340.000000000 23.002909 -4.671777 53.465471 0.625995 0.383192 0.679170 0.004658
340.100000000 20.348886 -6.819558 55.094430 0.526700 0.321797 0.785182 -0.050224
340.400000000 20.636545 -5.729896 54.741184 0.525184 0.334163 0.780540 -0.057223
340.500000000 20.750557 -5.594991 54.719916 0.525110 0.333789 0.780792 -0.056643
340.800000000 20.426827 -6.077767 54.625767 0.525777 0.331520 0.781412 -0.055210
341.000000000 20.443604 -5.883596 54.516756 0.525569 0.332402 0.781151 -0.055577
341.100000000 20.000448 -6.329390 54.419914 0.525421 0.333765 0.780564 -0.057033
341.200000000 19.931876 -6.462789 54.403660 0.526561 0.333269 0.780050 -0.056458
341.300000000 19.913114 -6.458775 54.372258 0.526683 0.333224 0.780001 -0.056266
341.400000000 19.939853 -6.422878 54.358928 0.526733 0.332529 0.780301 -0.055754
341.500000000 19.776861 -6.480720 54.267042 0.527598 0.333924 0.779061 -0.056563
341.700000000 19.851832 -6.390111 54.256544 0.527642 0.333594 0.779206 -0.056095
342.000000000 19.696296 -6.632901 54.238654 0.528164 0.329707 0.780682 -0.053591
342.100000000 19.586848 -6.673063 54.189157 0.528602 0.330483 0.780031 -0.053962
342.400000000 19.341232 -6.743056 54.087184 0.528634 0.334796 0.777970 -0.056740
342.500000000 19.327436 -6.753972 54.082227 0.529359 0.331707 0.778960 -0.054507
342.900000000 18.806663 -7.170593 53.985456 0.530382 0.333254 0.777519 -0.055688
343.000000000 18.757480 -7.228574 53.990955 0.530678 0.333295 0.777306 -0.055596
343.100000000 18.615483 -7.280822 53.942229 0.531365 0.334836 0.776110 -0.056476
343.700000000 18.371871 -7.747732 54.104368 0.532350 0.329721 0.777829 -0.053571
343.800000000 18.272489 -7.887584 54.126414 0.532315 0.331136 0.777186 -0.054517
343.900000000 18.163767 -7.956161 54.112812 0.532926 0.331422 0.776645 -0.054518
344.100000000 18.214563 -8.182082 54.288452 0.533077 0.330985 0.776718 -0.054650
344.300000000 19.187397 -8.798160 55.085683 0.534830 0.260333 0.803800 -0.009427
344.500000000 16.031862 -10.637499 56.980116 0.426083 0.138175 0.888720 -0.097657
344.700000000 16.744014 -10.917860 57.662830 0.427308 0.058476 0.900127 -0.061318
344.900000000 17.379326 -11.773851 58.278732 0.426836 0.036905 0.902091 -0.051768
345.200000000 18.156260 -11.983666 59.078325 0.417174 -0.104587 0.902673 0.014452
345.300000000 17.703899 -12.089195 58.737018 0.416899 -0.104682 0.902792 0.014280
345.700000000 17.662529 -11.951569 58.859130 0.404454 -0.215139 0.886400 0.066544
345.900000000 17.092318 -11.933412 58.452164 0.404957 -0.209356 0.887769 0.063603
346.000000000 16.744927 -12.184675 58.190604 0.404320 -0.217745 0.885787 0.067037
346.100000000 16.453895 -11.881308 57.990874 0.404344 -0.210670 0.887695 0.064208
346.200000000 16.259373 -12.182909 57.861409 0.403721 -0.216999 0.886260 0.066817
346.400000000 16.335886 -12.604117 58.004922 0.397017 -0.259039 0.876223 0.086653
346.500000000 16.189845 -12.650029 57.913212 0.397486 -0.258746 0.876142 0.086201
346.600000000 15.865241 -12.487344 57.676331 0.397843 -0.254508 0.877403 0.084326
347.000000000 15.967396 -11.754480 57.915099 0.378463 -0.351503 0.846090 0.131695
347.300000000 11.833094 -12.825588 58.975108 0.284271 -0.438899 0.852310 -0.011167
347.400000000 11.582325 -12.574324 58.721581 0.285071 -0.435111 0.853957 -0.013055
347.500000000 11.406907 -12.492622 58.528299 0.284888 -0.433690 0.854734 -0.013486
347.800000000 11.117115 -12.584058 58.164131 0.283222 -0.463962 0.839356 -0.002472
348.200000000 10.744919 -12.411146 57.831579 0.273988 -0.557340 0.783040 0.033939
348.400000000 10.613899 -12.311608 57.738285 0.274318 -0.556442 0.783585 0.033414
348.600000000 10.051546 -11.683034 57.173607 0.273771 -0.560460 0.780853 0.034668
348.700000000 9.861670 -11.333568 57.041586 0.274455 -0.557037 0.783128 0.033090
348.800000000 9.545909 -10.960104 56.725795 0.274342 -0.559031 0.781724 0.033598
348.900000000 9.390741 -10.738810 56.601414 0.274341 -0.557661 0.782717 0.033254
349.300000000 8.431854 -9.569545 55.654750 0.273426 -0.566595 0.776480 0.035885
349.600000000 7.799410 -8.519355 55.144396 0.273169 -0.567294 0.776051 0.036083
349.700000000 7.425950 -7.931818 54.812552 0.272994 -0.569205 0.774692 0.036489
349.800000000 5.303651 -6.740245 55.970193 0.190960 -0.550700 0.805654 -0.105758
350.000000000 5.068021 -6.387981 55.662870 0.190793 -0.552752 0.804367 -0.105154
350.100000000 4.952269 -6.170906 55.564847 0.190913 -0.552394 0.804564 -0.105308
350.200000000 4.800953 -5.836327 55.497861 0.190802 -0.549859 0.806231 -0.106025
350.400000000 4.682065 -5.629894 55.374807 0.190660 -0.550625 0.805786 -0.105685
351.200000000 4.447369 -5.024219 55.316948 0.190792 -0.552416 0.804631 -0.104903
351.300000000 4.443572 -4.950190 55.377555 0.191261 -0.552045 0.804732 -0.105224
351.400000000 4.495026 -4.926263 55.583746 0.190933 -0.549309 0.806620 -0.105682
351.500000000 4.567569 -4.947226 55.781811 0.191214 -0.547080 0.807976 -0.106377
352.100000000 4.725233 -4.700639 56.466775 0.192250 -0.542064 0.810908 -0.107867
352.300000000 4.820467 -4.784625 56.605422 0.192413 -0.542853 0.810385 -0.107534
352.600000000 5.022567 -4.807009 57.142422 0.193283 -0.536469 0.814157 -0.109503
352.900000000 5.168310 -4.735374 57.585471 0.194534 -0.535138 0.814637 -0.110226
353.000000000 5.237819 -4.727642 57.788533 0.194717 -0.532901 0.815986 -0.110759
353.200000000 5.563348 -4.977965 58.484214 0.194534 -0.511880 0.828629 -0.116232
353.400000000 5.857577 -5.379181 58.876924 0.194714 -0.513065 0.827928 -0.115694
353.700000000 6.131689 -5.607642 59.339491 0.195283 -0.503340 0.833339 -0.118573
353.800000000 6.273839 -5.785511 59.549561 0.194804 -0.500972 0.834828 -0.118916
354.100000000 6.099665 -5.533584 59.072195 0.194943 -0.504076 0.832989 -0.118463
354.200000000 6.083382 -5.401659 59.124833 0.195645 -0.504016 0.832815 -0.118788
354.500000000 5.765726 -4.864458 58.504993 0.196091 -0.495894 0.837117 -0.121954
354.600000000 5.493333 -4.327191 58.189899 0.196359 -0.500436 0.834481 -0.121032
354.800000000 5.113462 -3.738806 57.525966 0.196137 -0.507800 0.830326 -0.119282
354.900000000 5.120408 -3.624336 57.627739 0.196880 -0.506811 0.830655 -0.119974
355.500000000 4.988515 -3.457423 56.973567 0.199271 -0.507826 0.829262 -0.121359
355.900000000 4.691304 -2.867238 56.495051 0.198746 -0.494846 0.836742 -0.124458
356.000000000 2.079579 -0.629184 57.781691 0.115953 -0.419460 0.865104 -0.249404
356.100000000 1.998620 -0.454959 57.629143 0.117550 -0.423946 0.862776 -0.249140
356.200000000 1.904673 -0.261041 57.436344 0.119553 -0.430655 0.859320 -0.248622
356.500000000 1.889600 -0.212488 56.652726 0.119097 -0.423441 0.862325 -0.250815
356.600000000 1.797250 -0.028003 56.146332 0.113412 -0.385557 0.879813 -0.253798
356.700000000 1.834971 -0.008171 56.250037 0.136616 -0.541304 0.799426 -0.221912
356.800000000 1.837286 0.027569 55.982017 0.139080 -0.524399 0.809835 -0.223227
356.900000000 1.764615 0.182616 56.001190 0.141804 -0.536882 0.802569 -0.218019
357.400000000 1.650226 0.540606 56.715514 0.167748 -0.662763 0.703856 -0.192853
357.600000000 1.585282 0.675197 56.782071 0.167500 -0.666576 0.700709 -0.191382
357.700000000 -0.770746 3.814743 58.093338 0.146464 -0.563252 0.744160 -0.327905
358.000000000 -0.862007 3.930807 57.984756 0.145053 -0.565621 0.742460 -0.328308
358.200000000 -0.898630 4.013800 57.935177 0.140390 -0.566279 0.744192 -0.325264
358.300000000 -0.897491 4.033989 57.780830 0.140830 -0.578304 0.736345 -0.321756
358.700000000 -1.111868 4.300993 57.510570 0.140833 -0.574772 0.737594 -0.325205
358.800000000 -1.266779 4.499115 57.221178 0.145509 -0.581257 0.731233 -0.325984
358.900000000 -1.328328 4.602034 57.206805 0.137033 -0.578506 0.736262 -0.323220
359.200000000 -1.339112 4.628747 57.045042 0.130029 -0.575827 0.739644 -0.323174
359.500000000 -1.488405 4.842335 56.768967 0.139392 -0.583864 0.730491 -0.325662
359.800000000 -1.563846 4.912072 56.497284 0.143181 -0.559728 0.742819 -0.338266
360.400000000 -1.892572 5.409219 55.671754 0.146456 -0.570067 0.735266 -0.336094
360.800000000 -2.148068 5.766720 54.984692 0.144136 -0.576501 0.732264 -0.332657
361.000000000 -2.134792 5.773020 54.884199 0.141388 -0.576662 0.733224 -0.331441
361.100000000 -2.099435 5.742256 54.826582 0.139269 -0.578434 0.732998 -0.329744
361.800000000 -1.736372 5.259924 54.652881 0.136917 -0.564036 0.742123 -0.335217
362.400000000 -1.614500 5.097309 54.289003 0.132917 -0.587463 0.728018 -0.327429
362.800000000 -1.696130 5.139895 53.866833 0.131321 -0.567525 0.739953 -0.336362
363.000000000 -1.649224 5.054149 53.776648 0.128638 -0.566157 0.740977 -0.337448
363.100000000 -1.631524 5.014632 53.738013 0.127861 -0.561823 0.743946 -0.338454
363.300000000 -1.668135 5.065295 53.381358 0.136845 -0.565187 0.737538 -0.343327
363.500000000 -1.755405 5.253571 53.103146 0.141138 -0.573673 0.730936 -0.341632
363.600000000 -1.609564 5.151993 53.121419 0.131141 -0.579463 0.732006 -0.333453
363.700000000 -1.422382 4.860086 53.262729 0.133557 -0.573976 0.734139 -0.337274
363.900000000 -1.292007 4.731004 53.183242 0.132134 -0.581121 0.729664 -0.335305
364.300000000 -1.208090 4.583767 52.922462 0.137019 -0.567692 0.734915 -0.344748
364.500000000 -1.072414 4.402064 52.901762 0.135463 -0.568857 0.734397 -0.344546
364.600000000 -0.997930 4.259122 53.021092 0.144368 -0.585578 0.719605 -0.344129
364.700000000 -0.636291 3.759318 53.365556 0.138728 -0.579253 0.725766 -0.344216
364.900000000 -0.390114 3.421903 53.572834 0.141083 -0.585213 0.720959 -0.343278
365.100000000 -0.331798 3.336916 53.427442 0.144849 -0.577756 0.723930 -0.348055
365.200000000 -0.295535 3.256795 53.410281 0.149929 -0.576508 0.722188 -0.351573
365.300000000 -1.877994 5.087321 53.389298 0.143761 -0.456605 0.746939 -0.461440
365.600000000 -1.788703 5.043667 53.230671 0.141679 -0.458517 0.747109 -0.459911
365.900000000 -1.672160 4.977537 53.215724 0.137526 -0.456595 0.750091 -0.458225
366.100000000 -1.580937 4.946316 53.137798 0.134696 -0.458777 0.750221 -0.456671
366.200000000 -1.559760 4.933727 53.110416 0.137128 -0.459539 0.749082 -0.457052
366.300000000 -1.503134 4.903518 53.100710 0.134470 -0.459999 0.749970 -0.455921
366.400000000 -1.428960 4.839675 53.093859 0.135686 -0.459147 0.750032 -0.456317
366.600000000 -1.320514 4.767995 53.183162 0.130686 -0.456406 0.752914 -0.455780
366.900000000 -1.155084 4.659460 53.228091 0.126028 -0.456678 0.754193 -0.454703
367.300000000 -1.001766 4.562675 53.157950 0.125856 -0.448430 0.757884 -0.456818
367.400000000 -0.998262 4.574652 53.091833 0.127434 -0.447197 0.757927 -0.457518
367.500000000 -1.004705 4.596543 53.052969 0.127120 -0.446983 0.758300 -0.457195
367.600000000 -0.984871 4.593192 53.031725 0.126066 -0.446759 0.758825 -0.456834
367.800000000 -0.965114 4.589974 53.042206 0.129135 -0.450562 0.756380 -0.456297
367.900000000 -0.884770 4.526155 53.078186 0.128608 -0.449503 0.757025 -0.456421
368.100000000 -0.842392 4.471727 53.225648 0.125696 -0.443929 0.760553 -0.456823
368.300000000 -0.707797 4.367119 53.304966 0.122471 -0.444736 0.761668 -0.455053
368.400000000 -0.673192 4.323722 53.428258 0.128861 -0.454788 0.755189 -0.454149
368.500000000 -0.582972 4.246665 53.502443 0.128223 -0.452710 0.756384 -0.454419
369.000000000 -0.448470 4.135046 53.686687 0.123856 -0.446843 0.760814 -0.454041
369.300000000 -0.405481 4.129529 53.672677 0.124247 -0.446163 0.761169 -0.454007
369.700000000 -0.334699 4.100679 53.716094 0.122871 -0.443445 0.762975 -0.454013
370.300000000 -1.890422 5.422958 53.854924 -0.100058 0.328695 -0.759684 0.552112
370.500000000 -1.795340 5.358977 53.995422 -0.098029 0.326177 -0.761075 0.552054
370.600000000 -1.767663 5.333101 54.081254 -0.096575 0.323949 -0.762123 0.552176
370.800000000 -1.769396 5.339403 54.105328 -0.092794 0.319113 -0.764538 0.552303
370.900000000 -1.743640 5.309596 54.221476 -0.094323 0.321753 -0.763665 0.551719
371.500000000 -1.742466 5.297497 54.423085 -0.094991 0.326301 -0.763255 0.549496
371.800000000 -1.674427 5.216875 54.696493 -0.093977 0.327112 -0.763927 0.548254
371.900000000 -1.651583 5.192081 54.773641 -0.093824 0.327435 -0.764014 0.547965
372.000000000 -1.698842 5.254982 54.630419 -0.093659 0.327340 -0.764202 0.547789
372.100000000 -1.708279 5.267993 54.605156 -0.093235 0.327307 -0.764440 0.547548
372.200000000 -1.650284 5.216178 54.719951 -0.092618 0.327330 -0.764739 0.547221
372.600000000 -1.729777 5.233278 54.916138 -0.086754 0.317636 -0.769228 0.547603
372.700000000 -1.756796 5.236853 54.971180 -0.084011 0.314262 -0.770909 0.547614
372.900000000 -1.697741 5.196544 55.004244 -0.082758 0.314749 -0.771329 0.546933
373.100000000 -1.717721 5.214987 54.992330 -0.079135 0.309678 -0.773678 0.547046
373.200000000 -1.733214 5.276157 54.773477 -0.082121 0.315123 -0.771700 0.546289
373.300000000 -1.733515 5.298634 54.678556 -0.082555 0.316282 -0.771326 0.546082
373.400000000 -1.801430 5.398603 54.427947 -0.080579 0.311476 -0.772916 0.546891
373.500000000 -1.837382 5.456385 54.255299 -0.081836 0.313308 -0.772141 0.546753
373.900000000 -1.685984 5.460181 53.923140 -0.078448 0.308781 -0.774036 0.547145
374.200000000 -1.630620 5.481242 53.709933 -0.078961 0.310363 -0.773615 0.546773
374.800000000 -0.951373 5.236987 53.172304 -0.104357 0.360293 -0.754283 0.538847
374.900000000 -0.926972 5.251704 53.100343 -0.107094 0.362894 -0.752593 0.538927
375.000000000 -0.946596 5.267534 53.067269 -0.106485 0.362070 -0.752991 0.539047
375.600000000 -2.359840 5.787633 52.531779 -0.076754 0.244634 -0.742335 0.619033
375.700000000 -2.230893 5.706498 52.781385 -0.081335 0.250972 -0.740377 0.618256
375.900000000 -2.160788 5.646071 53.006006 -0.079328 0.247918 -0.741226 0.618731
376.000000000 -2.154089 5.644363 52.992435 -0.078915 0.247293 -0.741332 0.618907
376.100000000 -2.042514 5.557530 53.287365 -0.079714 0.249001 -0.740905 0.618631
376.400000000 -1.974905 5.450082 53.706015 -0.077893 0.247862 -0.741518 0.618585
376.700000000 -1.847633 5.343151 54.019910 -0.075140 0.245262 -0.742402 0.618902
376.800000000 -1.696261 5.238062 54.332929 -0.074884 0.244992 -0.742484 0.618942
376.900000000 -1.695563 5.190977 54.557136 -0.074813 0.245866 -0.742426 0.618673
377.100000000 -1.690321 5.168964 54.633435 -0.072620 0.242912 -0.743186 0.619188
377.200000000 -1.635307 5.146984 54.666060 -0.072866 0.243112 -0.742985 0.619323
377.600000000 -1.436173 4.990401 55.100355 -0.071807 0.243192 -0.743016 0.619378
377.700000000 -1.301817 4.823071 55.754355 -0.072042 0.244568 -0.742938 0.618902
378.100000000 -1.233186 4.483804 57.490536 -0.065902 0.235240 -0.745912 0.619624
378.200000000 -1.118853 4.323793 58.212842 -0.065798 0.234133 -0.746152 0.619766
378.500000000 -0.780304 4.049516 59.292251 -0.067723 0.232604 -0.745646 0.620742
378.600000000 -0.629686 3.939030 59.712704 -0.070270 0.234184 -0.744725 0.620971
378.800000000 -0.406161 3.789641 60.208468 -0.072098 0.234877 -0.743962 0.621414
379.400000000 1.189266 3.302505 60.397935 -0.104050 0.275280 -0.729033 0.617985
379.600000000 1.448008 3.259379 60.201068 -0.101755 0.272518 -0.729626 0.618890
380.300000000 -0.383196 2.908470 59.056575 -0.088412 0.271980 -0.695740 0.658906
380.600000000 -0.258667 2.881289 59.056856 -0.088840 0.272706 -0.695072 0.659253
380.900000000 -0.061861 2.806734 59.233825 -0.090842 0.275379 -0.693882 0.659122
381.000000000 0.112938 2.678844 59.751854 -0.091825 0.274644 -0.693770 0.659411
381.400000000 0.472034 2.495457 60.351652 -0.092518 0.274451 -0.693350 0.659836
382.000000000 1.428100 2.174231 61.275413 -0.103639 0.282144 -0.688794 0.659709
382.100000000 1.509896 2.134654 61.450287 -0.104385 0.280619 -0.688692 0.660349
382.300000000 2.253933 1.990125 61.607121 -0.113895 0.290557 -0.684158 0.659190
382.500000000 3.471481 1.863124 61.345475 -0.185797 0.373912 -0.645237 0.639796
383.000000000 4.722941 1.748072 60.758373 -0.278058 0.482169 -0.578746 0.596029
383.200000000 5.376469 1.691709 60.610090 -0.285835 0.488817 -0.572338 0.593115
383.500000000 4.144898 1.361168 59.418806 -0.206635 0.410029 -0.609800 0.646005
383.700000000 4.345226 1.289694 59.653700 -0.204416 0.407547 -0.611202 0.646956
383.800000000 4.571782 1.244401 59.770834 -0.207442 0.409801 -0.609316 0.646347
384.200000000 5.026084 1.132257 60.071911 -0.209291 0.411377 -0.608146 0.645852
384.400000000 5.252497 1.050865 60.335033 -0.207846 0.409699 -0.609293 0.646303
384.500000000 5.350386 1.018175 60.418655 -0.207849 0.410732 -0.609314 0.645628
384.600000000 5.396154 1.001068 60.472033 -0.206450 0.409463 -0.610241 0.646007
384.900000000 5.664812 0.920225 60.645627 -0.206094 0.411650 -0.610429 0.644551
385.100000000 6.115301 0.774786 60.982373 -0.206739 0.415361 -0.610080 0.642290
385.400000000 6.339348 0.720075 61.133455 -0.205867 0.414026 -0.610913 0.642640
385.600000000 6.467100 0.686023 61.205202 -0.205300 0.414802 -0.611209 0.642040
385.800000000 6.645332 0.625039 61.382206 -0.204777 0.414543 -0.611677 0.641928
385.900000000 6.821368 0.578499 61.494665 -0.204564 0.414491 -0.611842 0.641873
386.000000000 6.966038 0.547593 61.570233 -0.206060 0.415454 -0.611001 0.641573
386.100000000 7.067032 0.514194 61.675070 -0.206176 0.415535 -0.611046 0.641440
386.200000000 7.147990 0.483308 61.750888 -0.205551 0.415311 -0.611432 0.641418
386.700000000 7.920341 0.563422 61.139886 -0.222811 0.431350 -0.599946 0.635891
386.800000000 8.069784 0.507472 61.326449 -0.223357 0.431067 -0.599733 0.636092
386.900000000 8.194724 0.471080 61.438375 -0.223768 0.430854 -0.599645 0.636175
387.200000000 8.895868 0.520193 60.985644 -0.259551 0.470466 -0.574073 0.617847
387.300000000 8.860458 0.532030 60.964720 -0.258700 0.469608 -0.574511 0.618449
387.600000000 9.595728 0.460503 60.844622 -0.267808 0.481728 -0.567390 0.611788
387.900000000 10.393607 0.423662 60.558619 -0.302149 0.517458 -0.538532 0.592390
388.000000000 8.910651 0.664603 59.207452 -0.235595 0.466067 -0.579078 0.626055
388.400000000 9.483306 0.567953 59.249982 -0.274695 0.509713 -0.547952 0.603724
389.400000000 10.611716 0.641124 58.540400 -0.307874 0.542620 -0.518320 0.584911
389.500000000 10.583922 0.647668 58.534508 -0.306703 0.541564 -0.519308 0.585629
389.600000000 10.587905 0.646989 58.531363 -0.306019 0.541428 -0.519930 0.585560
389.700000000 10.665605 0.634046 58.544886 -0.305678 0.541054 -0.520125 0.585911
389.900000000 10.972144 0.564871 58.696818 -0.305868 0.540692 -0.520264 0.586022
390.000000000 10.984329 0.565320 58.694651 -0.304563 0.539291 -0.521526 0.586870
390.200000000 11.197356 0.527517 58.769875 -0.304598 0.539363 -0.521640 0.586685
390.300000000 11.333000 0.503064 58.814842 -0.305107 0.539549 -0.521145 0.586690
390.400000000 11.501237 0.468477 58.878778 -0.305037 0.539427 -0.521354 0.586653
390.600000000 11.746083 0.427145 58.952821 -0.305990 0.539695 -0.520640 0.586544
390.700000000 11.905327 0.391137 59.033899 -0.305892 0.539692 -0.520821 0.586437
390.900000000 12.065909 0.365372 59.087693 -0.305609 0.538592 -0.521304 0.587166
391.000000000 12.317465 0.310838 59.202764 -0.306158 0.538821 -0.520961 0.586974
391.100000000 12.406383 0.297992 59.218570 -0.306476 0.538807 -0.520656 0.587092
391.900000000 13.577950 0.075232 59.590733 -0.308031 0.540886 -0.519888 0.585043
392.000000000 13.870184 0.002673 59.682730 -0.308912 0.543132 -0.519613 0.582737
392.200000000 14.270746 -0.090260 59.824030 -0.308583 0.544074 -0.520393 0.581335
392.500000000 14.663590 -0.152545 59.910022 -0.309248 0.544324 -0.520267 0.580860
392.600000000 14.942707 -0.221376 60.009023 -0.310230 0.545952 -0.519736 0.579283
392.700000000 15.153026 -0.263775 60.094444 -0.311295 0.546511 -0.518995 0.578849
392.900000000 15.562084 -0.341405 60.203175 -0.315021 0.550051 -0.515938 0.576206
393.200000000 15.993268 -0.444236 60.414328 -0.316637 0.551013 -0.514782 0.575434
393.300000000 16.105032 -0.466476 60.480541 -0.317570 0.550540 -0.514262 0.575838
393.500000000 16.377926 -0.554055 60.685201 -0.315782 0.549736 -0.515995 0.576040
393.700000000 16.582220 -0.577951 60.671760 -0.320574 0.555863 -0.511337 0.571649
393.800000000 16.798598 -0.585905 60.644505 -0.322354 0.555559 -0.510028 0.572113
393.900000000 17.062078 -0.624417 60.649664 -0.323657 0.557109 -0.508870 0.570900
394.700000000 15.995370 -0.252369 59.968753 -0.301978 0.529709 -0.526439 0.592520
394.900000000 15.806370 -0.006490 59.178691 -0.333135 0.560243 -0.497246 0.572621
395.000000000 15.902544 -0.037978 59.252097 -0.333844 0.560927 -0.496523 0.572166
395.100000000 16.108032 -0.105356 59.416948 -0.334536 0.562205 -0.496091 0.570881
395.300000000 15.838957 -0.148782 59.645428 -0.299569 0.529779 -0.527101 0.593091
395.700000000 15.561271 -0.006256 59.831570 -0.250114 0.496469 -0.557628 0.616452
395.900000000 15.727018 -0.099040 60.081965 -0.249934 0.496527 -0.558072 0.616076
396.100000000 16.136213 -0.121286 60.086076 -0.253617 0.498673 -0.555248 0.615388
396.300000000 16.429012 -0.164481 60.209278 -0.256458 0.500227 -0.552978 0.614994
396.400000000 16.603639 -0.163718 60.232651 -0.258103 0.499711 -0.551722 0.615853
396.600000000 16.973500 -0.137941 60.174593 -0.260339 0.494788 -0.551322 0.619235
396.700000000 16.997121 -0.171540 60.381949 -0.261717 0.495088 -0.550315 0.619311
397.200000000 17.696545 -0.076203 60.216109 -0.230359 0.464733 -0.572510 0.634973
397.300000000 18.079521 -0.162553 60.550493 -0.261108 0.493158 -0.549852 0.621515
397.400000000 17.978739 -0.068482 60.343252 -0.230052 0.462984 -0.572984 0.635934
397.500000000 18.357974 -0.166525 60.762742 -0.265245 0.492826 -0.547521 0.622084
397.900000000 19.072140 -0.109180 60.900877 -0.264105 0.491533 -0.548216 0.622979
398.300000000 19.291977 0.075120 60.845655 -0.232321 0.464284 -0.570951 0.635989
398.600000000 20.049494 0.089479 61.273153 -0.259127 0.487116 -0.551967 0.625223
399.000000000 20.499062 0.225358 61.695955 -0.258867 0.487799 -0.552006 0.624764
399.300000000 20.784026 1.787060 62.354235 -0.241055 0.445165 -0.562799 0.653436
399.600000000 21.185810 2.037655 62.504794 -0.243426 0.441583 -0.561666 0.655957
399.900000000 20.620825 2.751049 61.061776 -0.269625 0.462652 -0.543235 0.646646
400.200000000 19.417437 3.574646 60.189350 -0.274059 0.440149 -0.540189 0.662840
400.300000000 19.460946 3.707225 60.186260 -0.275465 0.439103 -0.539639 0.663398
400.400000000 19.750289 3.788631 60.343786 -0.279754 0.438147 -0.536025 0.665163
400.500000000 19.826719 3.893321 60.377456 -0.281101 0.437564 -0.534998 0.665805
400.800000000 19.629919 3.118273 59.416133 -0.301594 0.424107 -0.574774 0.631514
401.200000000 19.955145 3.440257 59.727567 -0.296707 0.421946 -0.577322 0.632950
401.300000000 19.963155 3.544311 59.767221 -0.297728 0.420032 -0.576458 0.634529
401.700000000 22.646497 6.488038 62.077111 -0.306298 0.387159 -0.499958 0.711570
401.900000000 22.349547 6.169042 60.999958 -0.340932 0.363875 -0.535478 0.681633
402.100000000 22.853305 6.378265 61.239743 -0.339186 0.371629 -0.539667 0.674985
402.400000000 22.940935 6.553527 61.516161 -0.331798 0.366519 -0.543312 0.678517
403.000000000 23.928927 6.966214 61.997753 -0.336495 0.372879 -0.538958 0.676208
403.100000000 24.084952 7.024943 62.146057 -0.336343 0.374107 -0.539046 0.675534
403.400000000 24.335427 7.178298 62.312031 -0.336490 0.371143 -0.536782 0.678890
403.500000000 24.474672 7.216120 62.455219 -0.337446 0.371955 -0.535322 0.679125
403.700000000 24.508510 7.282320 62.512888 -0.333104 0.370052 -0.537638 0.680477
403.800000000 24.858196 7.307159 62.741183 -0.333221 0.374391 -0.538197 0.677598
403.900000000 25.013464 7.334252 62.836183 -0.332997 0.375412 -0.538078 0.677237
404.300000000 25.478118 7.475605 63.016524 -0.329163 0.378137 -0.541830 0.674599
404.400000000 25.727740 7.469375 63.152731 -0.327253 0.382370 -0.543522 0.671776
404.500000000 25.954905 7.469802 63.254480 -0.326476 0.385056 -0.543990 0.670239
404.600000000 26.107574 7.481519 63.336301 -0.326132 0.386154 -0.543848 0.669890
405.400000000 27.639170 7.075519 64.635304 -0.241880 0.456683 -0.556980 0.650161
405.500000000 27.156272 7.389824 64.015474 -0.318163 0.388326 -0.545803 0.670876
405.900000000 27.350952 7.415343 64.042092 -0.317756 0.385608 -0.545287 0.673053
406.300000000 27.767987 7.295390 64.315379 -0.313491 0.384492 -0.546848 0.674423
406.400000000 27.783402 7.290089 64.264456 -0.313710 0.384634 -0.546359 0.674636
406.500000000 27.823835 7.278629 64.249426 -0.313534 0.384405 -0.546393 0.674821
406.600000000 27.885531 7.264785 64.250529 -0.313030 0.384073 -0.546537 0.675128
406.700000000 27.940284 7.261292 64.287786 -0.314785 0.381675 -0.544931 0.676967
406.800000000 28.037167 7.240918 64.314749 -0.315453 0.381687 -0.544212 0.677228
407.100000000 27.922617 7.250854 63.912424 -0.322341 0.380971 -0.540411 0.677431
407.200000000 27.978054 7.215260 63.913694 -0.321666 0.381368 -0.540301 0.677617
408.100000000 29.186894 6.570027 64.266627 -0.257627 0.444864 -0.555775 0.653329
408.200000000 33.159223 8.790608 65.670394 -0.338756 0.371424 -0.525260 0.686579
408.500000000 33.159031 8.688135 65.479810 -0.338083 0.369437 -0.525004 0.688177
408.700000000 33.103060 8.677804 65.223118 -0.341964 0.369127 -0.522284 0.688495
408.800000000 33.179678 8.632008 65.242820 -0.342366 0.368336 -0.521413 0.689379
409.700000000 34.245268 8.006456 65.514929 -0.279391 0.421519 -0.543844 0.669698
409.900000000 34.251858 8.194409 65.619988 -0.337572 0.365740 -0.522386 0.692382
410.000000000 34.362725 8.170155 65.667607 -0.339216 0.364411 -0.520897 0.693400
410.100000000 34.426387 8.150269 65.691791 -0.340752 0.363061 -0.519485 0.694414
410.400000000 34.747869 8.041620 65.773101 -0.342487 0.364084 -0.518136 0.694032
410.800000000 35.248381 7.897369 66.086664 -0.339286 0.361548 -0.518955 0.696314
411.000000000 35.530734 7.824532 66.227166 -0.339589 0.361919 -0.518474 0.696332
411.200000000 35.774874 7.750071 66.330848 -0.339551 0.362350 -0.517963 0.696507
411.600000000 36.306210 7.646758 66.584558 -0.340145 0.363966 -0.517325 0.695849
411.800000000 36.577175 7.594694 66.700830 -0.338928 0.365483 -0.518108 0.695064
411.900000000 36.709954 7.569065 66.759664 -0.338833 0.365667 -0.518076 0.695038
412.200000000 37.170343 7.472980 67.011497 -0.337706 0.368220 -0.518840 0.693667
412.400000000 37.337713 7.468638 67.090507 -0.335868 0.366392 -0.520035 0.694632
412.600000000 37.595490 7.423573 67.208951 -0.335005 0.367754 -0.520368 0.694079
412.900000000 37.952510 7.388562 67.416331 -0.335921 0.367176 -0.519985 0.694229
413.000000000 38.059157 7.376089 67.465048 -0.335634 0.367066 -0.519986 0.694426
413.100000000 38.163681 7.370623 67.522759 -0.335683 0.366764 -0.519700 0.694775
413.200000000 38.332493 7.360167 67.602640 -0.335461 0.367526 -0.519820 0.694390
413.800000000 43.893863 9.522886 68.017436 -0.360215 0.378497 -0.500189 0.690504
413.900000000 44.063986 9.521965 68.097486 -0.359872 0.379208 -0.500338 0.690185
414.000000000 44.200096 9.521685 68.156580 -0.359086 0.380043 -0.500886 0.689737
414.100000000 44.295550 9.512417 68.246354 -0.358629 0.380958 -0.501128 0.689294
414.500000000 44.872387 9.543144 68.498484 -0.358744 0.383623 -0.501179 0.687718
414.700000000 45.169604 9.552868 68.616616 -0.356904 0.385355 -0.502423 0.686798
414.900000000 45.369993 9.551059 68.839875 -0.357088 0.386227 -0.502226 0.686357
415.000000000 45.551155 9.564039 68.889941 -0.356525 0.387644 -0.502651 0.685539
415.300000000 46.093265 9.580687 69.105802 -0.352890 0.393584 -0.505490 0.681938
415.500000000 46.517750 9.582517 69.294552 -0.351234 0.397863 -0.507094 0.679114
415.700000000 46.861261 9.600172 69.458722 -0.350150 0.399872 -0.508001 0.677815
415.800000000 47.046322 9.596202 69.502141 -0.348288 0.402613 -0.509781 0.675812
415.900000000 47.258943 9.589676 69.626848 -0.347692 0.404787 -0.510485 0.674287
416.000000000 47.439126 9.578449 69.699110 -0.345609 0.407645 -0.512151 0.672370
416.600000000 49.179028 9.484069 70.809020 -0.332715 0.418696 -0.519919 0.666092
416.800000000 49.458823 9.442515 70.893422 -0.330619 0.421360 -0.522158 0.663700
417.000000000 49.612289 9.421702 70.915157 -0.329861 0.421113 -0.522802 0.663727
417.100000000 56.423657 10.658379 71.542416 -0.347228 0.437890 -0.509175 0.654542
417.200000000 56.464645 10.652769 71.504428 -0.346834 0.437893 -0.509356 0.654609
417.300000000 56.596626 10.635935 71.558982 -0.346530 0.438079 -0.509442 0.654579
417.700000000 56.879128 10.589985 71.486754 -0.348762 0.439635 -0.507932 0.653522
418.000000000 57.471282 10.513885 71.801198 -0.348584 0.441177 -0.508142 0.652413
418.100000000 57.572536 10.499786 71.821719 -0.349574 0.440559 -0.507471 0.652823
418.200000000 57.612811 10.503991 71.844024 -0.350359 0.436705 -0.506606 0.655659
418.400000000 57.825393 10.451452 71.906118 -0.349804 0.436403 -0.507061 0.655804
418.600000000 58.020626 10.382169 71.928927 -0.348852 0.436732 -0.507769 0.655544
418.700000000 58.133305 10.362440 71.949921 -0.350024 0.436673 -0.506963 0.655582
419.300000000 58.869428 10.182269 72.212405 -0.353046 0.433456 -0.504833 0.657737
419.500000000 58.897839 10.106628 72.064557 -0.353080 0.433489 -0.505256 0.657372
419.600000000 59.031261 10.060383 72.117173 -0.352097 0.433964 -0.505699 0.657246
419.800000000 59.280757 9.986557 72.244311 -0.351386 0.431754 -0.505731 0.659054
420.000000000 59.468011 9.943886 72.277402 -0.354079 0.430056 -0.503854 0.660160
420.300000000 59.734293 9.838665 72.290513 -0.354219 0.429754 -0.504255 0.659975
420.600000000 60.009344 9.732784 72.355937 -0.354206 0.427491 -0.504084 0.661581
420.800000000 60.173538 9.680203 72.389387 -0.354852 0.424312 -0.503409 0.663791
421.100000000 60.451284 9.570012 72.415657 -0.354075 0.424520 -0.503856 0.663734
421.400000000 60.710845 9.502287 72.449530 -0.356644 0.421662 -0.502461 0.665236
421.700000000 60.957520 9.436449 72.487308 -0.358544 0.418860 -0.500838 0.667207
421.800000000 61.161994 9.420168 72.627683 -0.358665 0.418750 -0.500432 0.667515
422.200000000 61.569083 9.354281 72.711926 -0.362845 0.417475 -0.497516 0.668233
422.300000000 61.558766 9.320585 72.621157 -0.361621 0.417997 -0.498569 0.667786
422.500000000 61.733456 9.278863 72.739598 -0.358407 0.414105 -0.500074 0.670812
422.600000000 61.760521 9.259191 72.710220 -0.357625 0.413278 -0.500475 0.671439
422.700000000 61.763077 9.224879 72.697152 -0.352094 0.411084 -0.504409 0.672764
423.000000000 62.111755 9.239005 72.759808 -0.362032 0.412068 -0.497888 0.671744
423.100000000 62.188551 9.210114 72.818437 -0.356563 0.411229 -0.501380 0.672586
423.200000000 62.323559 9.197835 72.900357 -0.356284 0.411449 -0.501122 0.672791
423.500000000 62.637519 9.193218 73.052358 -0.356107 0.408534 -0.500340 0.675239
423.800000000 62.906605 9.217648 73.172480 -0.358045 0.404407 -0.498524 0.678036
423.900000000 62.919381 9.213012 73.101452 -0.357766 0.405485 -0.498994 0.677193
424.000000000 62.957311 9.216741 73.075107 -0.357743 0.405460 -0.498993 0.677221
424.100000000 62.981642 9.215734 73.018773 -0.357116 0.406086 -0.499630 0.676707
424.300000000 63.096707 9.224510 73.042100 -0.355290 0.404594 -0.500764 0.677723
424.400000000 63.077715 9.220257 72.999652 -0.354201 0.404550 -0.501529 0.677754
424.600000000 62.739064 9.187099 72.613907 -0.352072 0.404597 -0.503506 0.677369
424.800000000 70.425656 10.053028 72.578654 -0.367802 0.419866 -0.485193 0.673069
425.000000000 70.484474 10.074267 72.541536 -0.366350 0.419638 -0.486104 0.673346
425.100000000 70.610849 10.094835 72.635705 -0.364517 0.418188 -0.486834 0.674714
425.200000000 70.678378 10.116432 72.625780 -0.364881 0.419096 -0.486614 0.674113
425.800000000 71.325769 10.277616 72.867135 -0.363977 0.420012 -0.486488 0.674122
426.100000000 71.673996 10.380940 73.004841 -0.364908 0.420717 -0.485462 0.673918
426.200000000 71.863750 10.416460 73.132117 -0.364283 0.420250 -0.485583 0.674461
426.300000000 71.874946 10.446998 73.071638 -0.365094 0.421283 -0.485156 0.673684
426.500000000 72.189745 10.524488 73.258112 -0.363120 0.419889 -0.485917 0.675072
426.600000000 72.293995 10.565443 73.301016 -0.363412 0.419479 -0.485607 0.675392
426.800000000 72.393868 10.624227 73.339828 -0.361757 0.418132 -0.486617 0.676388
427.100000000 72.717144 10.737299 73.455874 -0.361412 0.419818 -0.486403 0.675682
427.500000000 73.263143 10.899752 73.740627 -0.360789 0.418779 -0.486366 0.676685
427.700000000 73.611640 10.973861 73.935563 -0.359673 0.421048 -0.486542 0.675745
428.000000000 73.856967 11.082320 74.108723 -0.356440 0.417006 -0.488487 0.678556
428.100000000 74.002579 11.126298 74.179594 -0.356428 0.416895 -0.488379 0.678707
428.200000000 74.133747 11.167232 74.218653 -0.356587 0.418550 -0.488137 0.677778
428.300000000 74.281111 11.208900 74.285145 -0.356603 0.419329 -0.487956 0.677419
428.500000000 74.465570 11.258255 74.458279 -0.351662 0.418715 -0.490955 0.678215
428.800000000 74.803819 11.377078 74.679390 -0.350363 0.417451 -0.491788 0.679061
429.200000000 75.247505 11.547997 74.994067 -0.349673 0.416983 -0.492267 0.679358
429.500000000 82.380009 11.998172 73.678831 -0.363264 0.416513 -0.464334 0.692062
429.600000000 82.487951 12.062759 73.730474 -0.363313 0.416537 -0.464320 0.692031
429.900000000 82.789963 12.244564 73.952845 -0.361706 0.415771 -0.465097 0.692811
430.100000000 82.989670 12.378555 74.088398 -0.359208 0.414905 -0.466470 0.693707
430.200000000 83.138852 12.452863 74.141404 -0.359832 0.416960 -0.466091 0.692405
430.500000000 83.480851 12.689428 74.353435 -0.358901 0.416053 -0.466364 0.693249
430.600000000 83.587093 12.756287 74.451508 -0.359330 0.418084 -0.466014 0.692039
431.000000000 84.019237 13.101283 74.727065 -0.356305 0.415885 -0.467177 0.694141
431.200000000 84.257182 13.264266 74.887609 -0.354848 0.418183 -0.467934 0.692996
431.600000000 84.477190 13.634724 75.175316 -0.354234 0.410902 -0.466856 0.698372
431.800000000 84.696542 13.797395 75.344989 -0.351627 0.412591 -0.467140 0.698504
431.900000000 84.659557 13.932531 75.401490 -0.356015 0.405192 -0.463267 0.703175
432.200000000 84.975364 14.159383 75.631664 -0.349436 0.409304 -0.467488 0.701299
432.400000000 85.199786 14.341392 75.794098 -0.349424 0.408816 -0.467036 0.701891
432.600000000 85.347748 14.525156 75.900520 -0.348438 0.409651 -0.467881 0.701331
432.800000000 85.545638 14.701688 76.058246 -0.349314 0.409491 -0.466370 0.701994
432.900000000 85.673927 14.767185 76.176669 -0.344508 0.409743 -0.469544 0.702106
433.000000000 85.742061 14.863479 76.238816 -0.344847 0.408283 -0.469351 0.702919
433.200000000 85.962509 15.040365 76.408056 -0.346831 0.408394 -0.467461 0.703138
433.300000000 92.449676 14.985476 73.817835 -0.357412 0.401738 -0.430190 0.725121
433.500000000 92.607335 15.155932 73.928163 -0.355597 0.403177 -0.431298 0.724555
433.600000000 92.608341 15.260337 73.906406 -0.356640 0.401489 -0.430933 0.725198
433.900000000 92.904231 15.495432 74.208995 -0.355410 0.399696 -0.430793 0.726872
434.100000000 93.159785 15.624871 74.396934 -0.355148 0.403075 -0.430700 0.725188
434.200000000 93.228448 15.708597 74.428658 -0.355609 0.403321 -0.430347 0.725035
434.300000000 93.351366 15.777242 74.565661 -0.355913 0.402101 -0.429225 0.726228
434.400000000 93.464534 15.837178 74.674482 -0.353107 0.402256 -0.431263 0.726304
434.500000000 93.528222 15.901115 74.730330 -0.351879 0.400855 -0.431531 0.727514
434.600000000 93.640336 15.960689 74.785977 -0.351156 0.402871 -0.432331 0.726274
434.700000000 93.660115 16.030660 74.790553 -0.351093 0.401771 -0.432195 0.726994
435.000000000 94.004340 16.202695 75.070836 -0.351493 0.401903 -0.431410 0.727195
435.300000000 94.268790 16.341147 75.279500 -0.349362 0.401340 -0.432025 0.728167
435.400000000 94.419787 16.377260 75.373442 -0.348332 0.402652 -0.432518 0.727643
435.500000000 94.544358 16.412114 75.489761 -0.348423 0.402733 -0.432294 0.727687
435.700000000 94.663617 16.497360 75.571300 -0.350048 0.401761 -0.431114 0.728145
435.800000000 94.796247 16.521228 75.653893 -0.350663 0.403623 -0.430545 0.727155
435.900000000 94.900297 16.547766 75.717359 -0.350463 0.404385 -0.430775 0.726693
436.400000000 95.413359 16.672225 75.992160 -0.345064 0.405185 -0.434235 0.726770
436.500000000 95.564304 16.675353 76.080828 -0.345659 0.407422 -0.434058 0.725342
436.600000000 95.671955 16.683266 76.156101 -0.345228 0.406282 -0.434225 0.726086
436.800000000 95.938220 16.682872 76.315234 -0.344410 0.408115 -0.434613 0.725214
436.900000000 96.054450 16.687007 76.339320 -0.342868 0.409029 -0.435640 0.724813
437.000000000 96.185190 16.685245 76.324055 -0.337917 0.409248 -0.439415 0.724736
437.200000000 96.419817 16.670195 76.445709 -0.336727 0.408467 -0.440116 0.725305
437.300000000 96.587704 16.636197 76.531058 -0.335375 0.410658 -0.441257 0.724000
437.400000000 96.779841 16.587138 76.575871 -0.332990 0.414369 -0.443664 0.721511
437.500000000 96.867527 16.589915 76.613883 -0.334015 0.413693 -0.442606 0.722074
438.300000000 95.774826 15.646173 76.967059 -0.287780 0.402028 -0.473569 0.728895
438.400000000 95.931106 15.585753 77.019396 -0.287679 0.403253 -0.473766 0.728130
438.600000000 101.687953 14.508956 73.777303 -0.295021 0.410744 -0.436961 0.743853
439.100000000 102.337145 14.250604 73.888302 -0.317042 0.415170 -0.423107 0.740337
439.200000000 102.505243 14.173553 73.926549 -0.319557 0.416874 -0.421777 0.739055
439.400000000 102.898055 13.957519 73.980847 -0.298202 0.409984 -0.442085 0.739966
439.500000000 103.006438 13.914053 74.018782 -0.310717 0.405865 -0.438753 0.739070
440.100000000 104.203827 13.176297 73.594180 -0.382962 0.508543 -0.395234 0.662205
440.300000000 104.451813 13.064344 73.503208 -0.386938 0.507510 -0.391403 0.662960
440.600000000 104.733509 12.828386 73.391108 -0.380476 0.505402 -0.394081 0.666713
440.800000000 104.967631 12.701883 73.251088 -0.381369 0.505426 -0.392396 0.667179
440.900000000 105.033333 12.624909 73.195505 -0.376665 0.501722 -0.394498 0.671394
441.300000000 105.527944 12.345242 72.913648 -0.377472 0.505080 -0.392040 0.669861
441.400000000 105.636342 12.241544 72.809828 -0.375394 0.508025 -0.392911 0.668289
441.500000000 105.846882 12.152566 72.835584 -0.374403 0.506393 -0.392946 0.670061
441.700000000 105.970024 12.020011 72.639524 -0.374295 0.504849 -0.390261 0.672850
441.900000000 106.318405 11.907706 72.490316 -0.375780 0.506935 -0.387866 0.671838
442.100000000 106.508528 11.844456 72.215242 -0.374567 0.507827 -0.387921 0.671810
442.500000000 106.692769 11.675348 72.029447 -0.376659 0.500002 -0.382234 0.679723
442.600000000 106.961353 11.534400 71.861574 -0.372512 0.511871 -0.389181 0.669149
442.800000000 107.345704 11.463063 71.748852 -0.374861 0.513237 -0.387835 0.667571
443.500000000 108.633972 10.750172 72.679060 -0.358258 0.504693 -0.400483 0.675685
443.600000000 108.666828 10.720454 72.606795 -0.358637 0.504329 -0.400270 0.675881
443.800000000 108.744139 10.660804 72.439225 -0.357730 0.506108 -0.401112 0.674532
444.000000000 108.745701 10.633796 72.281172 -0.358245 0.504663 -0.400715 0.675576
444.400000000 108.912931 10.578323 71.953532 -0.356511 0.509402 -0.401565 0.672425
445.100000000 109.004737 10.667151 71.415933 -0.356415 0.506874 -0.398113 0.676426
445.200000000 109.069619 10.753023 71.347852 -0.359029 0.503537 -0.395542 0.679040
445.400000000 108.910747 10.773672 71.216720 -0.356292 0.503943 -0.395935 0.679951
445.900000000 113.048918 9.887812 66.718882 -0.349478 0.506949 -0.373623 0.693739
446.000000000 113.166444 9.952518 66.625880 -0.348005 0.510617 -0.374708 0.691199
446.200000000 113.196430 10.045707 66.495789 -0.347425 0.514250 -0.374966 0.688653
446.500000000 113.180207 10.199777 66.358023 -0.345733 0.519787 -0.377351 0.684029
446.600000000 113.127515 10.238118 66.293478 -0.344074 0.521291 -0.376912 0.683963
446.700000000 113.100566 10.301255 66.237968 -0.343457 0.522226 -0.377555 0.683205
446.800000000 113.060698 10.376315 66.219989 -0.345247 0.520218 -0.375439 0.684999
446.900000000 113.029023 10.418010 66.178688 -0.343726 0.523404 -0.376685 0.682649
447.000000000 112.968729 10.506614 66.142073 -0.344634 0.521334 -0.375645 0.684346
447.100000000 112.924109 10.575137 66.116802 -0.345226 0.520789 -0.374741 0.684957
447.300000000 112.780797 10.690432 65.994753 -0.342172 0.523555 -0.377011 0.683133
447.600000000 112.652407 10.888288 65.931609 -0.340714 0.522892 -0.377665 0.684008
448.300000000 111.949447 11.365942 65.619505 -0.340897 0.526633 -0.378418 0.680622
448.400000000 110.935907 11.448254 65.407915 -0.409026 0.546155 -0.325910 0.654366
448.500000000 115.227344 10.641650 60.856484 -0.411483 0.564900 -0.310833 0.644168
448.900000000 115.493283 10.908487 61.219192 -0.430051 0.563707 -0.296493 0.639830
449.200000000 115.970654 11.273512 61.873113 -0.507990 0.527043 -0.230714 0.641048
449.300000000 116.026314 11.351138 61.947344 -0.509916 0.524468 -0.229082 0.642215
449.900000000 117.261139 10.935620 61.748992 -0.460646 0.768532 -0.242912 0.371694
450.000000000 117.281756 10.976178 61.800129 -0.460126 0.768739 -0.243241 0.371696
450.400000000 116.972484 10.869734 61.513720 -0.448660 0.790861 -0.354051 0.218840
450.700000000 117.156294 11.048732 61.637966 -0.456325 0.790644 -0.342322 0.222409
450.800000000 117.279586 11.043113 61.638616 -0.454787 0.792236 -0.343299 0.218348
451.200000000 117.236924 11.488096 62.058071 -0.472876 0.793035 -0.309335 0.227587
451.400000000 120.812196 10.881751 57.470043 -0.480448 0.802266 -0.301126 0.186717
451.600000000 120.856994 11.029840 57.611753 -0.482331 0.800641 -0.301243 0.188637
451.700000000 120.856125 11.088244 57.656527 -0.482206 0.800592 -0.303356 0.185756
451.800000000 120.859671 11.162994 57.727172 -0.483002 0.800585 -0.302718 0.184755
452.100000000 120.904481 11.399425 57.962953 -0.487027 0.799105 -0.299451 0.185917
452.200000000 120.927814 11.468089 58.034490 -0.487822 0.798669 -0.299163 0.186168
452.300000000 120.956596 11.532881 58.105695 -0.488696 0.797978 -0.299184 0.186808
452.400000000 120.988349 11.582535 58.169421 -0.489076 0.797511 -0.299550 0.187219
452.600000000 120.988213 11.749550 58.349151 -0.489378 0.796946 -0.299817 0.188403
452.700000000 121.007563 11.816367 58.436380 -0.490254 0.796658 -0.299408 0.187997
452.900000000 120.991798 11.985731 58.621374 -0.492142 0.795259 -0.299602 0.188675
453.000000000 121.039550 12.033489 58.690620 -0.492045 0.795435 -0.299695 0.188035
453.400000000 121.031576 12.335893 59.038787 -0.494520 0.792916 -0.300802 0.190402
453.600000000 121.108636 12.440134 59.205804 -0.496899 0.792922 -0.296954 0.190223
453.900000000 121.113758 12.630354 59.463250 -0.498680 0.791569 -0.297261 0.190717
454.000000000 121.134272 12.666130 59.550345 -0.499042 0.792088 -0.297844 0.186660
454.400000000 121.166728 12.907234 59.915464 -0.503041 0.790467 -0.294474 0.188139
455.000000000 121.189564 13.202790 60.482014 -0.508077 0.789150 -0.290141 0.186861
455.300000000 121.021874 13.431613 60.874056 -0.510993 0.786989 -0.291169 0.186426
455.500000000 123.555327 13.071566 57.015411 -0.526386 0.792062 -0.279991 0.130996
455.600000000 123.532781 13.133245 57.129368 -0.527445 0.791599 -0.279381 0.130839
456.100000000 125.006019 12.419024 56.620248 -0.517223 0.791309 -0.295085 0.138696
456.200000000 125.052110 12.397498 56.646170 -0.517815 0.791469 -0.294021 0.137829
456.700000000 125.467241 12.291367 56.847619 -0.515217 0.790362 -0.299549 0.141951
457.200000000 125.424999 12.348125 57.250831 -0.519456 0.790286 -0.292881 0.140835
457.600000000 125.138945 12.527141 57.704024 -0.521998 0.787713 -0.295736 0.139880
457.800000000 125.024898 12.601165 57.924959 -0.523758 0.787417 -0.293131 0.140449
458.100000000 124.933248 12.628264 58.185845 -0.525245 0.786104 -0.293889 0.140668
458.300000000 124.710997 12.726846 58.441368 -0.526720 0.784877 -0.295178 0.139299
458.400000000 124.656579 12.754850 58.543888 -0.527823 0.784129 -0.294545 0.140674
458.500000000 124.608796 12.773239 58.640748 -0.528359 0.783694 -0.294263 0.141668
458.700000000 124.474124 12.800014 58.843751 -0.528825 0.782748 -0.295857 0.141838
458.800000000 124.386501 12.840288 58.960257 -0.529856 0.782027 -0.295457 0.142802
459.200000000 124.187389 12.895391 59.343730 -0.532268 0.780626 -0.292550 0.147404
459.300000000 124.121980 12.918787 59.434415 -0.533240 0.780732 -0.290704 0.146987
459.400000000 123.962700 12.986556 59.597807 -0.534115 0.779888 -0.290840 0.148015
459.500000000 123.847663 13.030003 59.722730 -0.534881 0.779344 -0.290410 0.148950
459.600000000 123.742990 13.073767 59.861598 -0.535597 0.778816 -0.289529 0.150847
459.700000000 123.712332 13.078494 59.936750 -0.536187 0.778676 -0.287824 0.152723
459.800000000 123.708969 13.062422 60.002800 -0.536696 0.778611 -0.286556 0.153647
459.900000000 123.661383 13.083782 60.109014 -0.537426 0.778269 -0.284394 0.156814
460.000000000 123.551498 13.154909 60.279627 -0.538524 0.777778 -0.281245 0.161105
460.100000000 123.496725 13.144843 60.356224 -0.538973 0.777519 -0.280651 0.161884
460.300000000 123.373813 13.147581 60.504637 -0.539432 0.777173 -0.280710 0.161918
460.400000000 123.267402 13.180518 60.619117 -0.540186 0.776405 -0.281002 0.162578
460.800000000 124.999394 13.122134 57.162837 -0.557826 0.767999 -0.281043 0.141504
461.000000000 124.797698 13.213324 57.402142 -0.559516 0.766686 -0.278502 0.146874
461.300000000 124.507708 13.270107 57.746084 -0.560661 0.765960 -0.277821 0.147582
461.400000000 124.422784 13.284548 57.789810 -0.561337 0.765767 -0.276277 0.148901
461.500000000 124.322906 13.314134 57.895666 -0.562025 0.765168 -0.275467 0.150877
462.000000000 123.841506 13.335135 58.363445 -0.563016 0.764211 -0.277185 0.148875
462.100000000 123.747887 13.347288 58.466273 -0.563448 0.763547 -0.277670 0.149737
462.300000000 123.552043 13.375047 58.670849 -0.564930 0.763216 -0.275047 0.150680
462.400000000 123.422787 13.396189 58.737436 -0.565235 0.762806 -0.274744 0.152158
462.500000000 123.338326 13.410383 58.848680 -0.565800 0.762365 -0.273769 0.154015
462.800000000 123.095414 13.384691 59.058621 -0.567124 0.762215 -0.270832 0.155079
463.100000000 122.801045 13.390312 59.390060 -0.568314 0.761467 -0.269353 0.156960
463.200000000 122.637415 13.437093 59.502941 -0.570449 0.761562 -0.262289 0.160676
463.400000000 122.434960 13.421672 59.713626 -0.571162 0.761606 -0.260086 0.161511
463.600000000 122.229203 13.423590 59.967570 -0.572304 0.760694 -0.258147 0.164841
463.900000000 121.955670 13.328228 60.279710 -0.572658 0.761044 -0.257408 0.163144
464.100000000 121.756447 13.324764 60.592863 -0.573675 0.758898 -0.258261 0.168146
464.300000000 121.517151 13.274314 60.767920 -0.574321 0.759136 -0.256260 0.167925
464.900000000 120.831327 13.106533 61.277692 -0.576133 0.760644 -0.248812 0.166083
465.000000000 120.742122 13.109204 61.485360 -0.576571 0.758734 -0.251259 0.169580
465.100000000 120.680552 13.073843 61.639575 -0.576148 0.757661 -0.255161 0.169990
465.200000000 120.567249 13.034409 61.714939 -0.575752 0.757398 -0.257019 0.169705
465.400000000 120.325757 12.961812 61.903573 -0.575802 0.758920 -0.255474 0.164999
465.800000000 119.929983 12.847431 62.327153 -0.577125 0.759046 -0.251976 0.165178
466.300000000 119.453944 12.558030 62.746186 -0.575865 0.759796 -0.259271 0.154497
466.400000000 119.375948 12.498726 62.899744 -0.575280 0.758362 -0.264776 0.154380
466.800000000 119.199241 12.225944 63.204380 -0.573430 0.756599 -0.275115 0.151818
467.100000000 120.020546 11.520581 60.621350 -0.579236 0.751087 -0.267874 0.169106
467.200000000 119.962525 11.477967 60.703429 -0.579601 0.750643 -0.268412 0.168975
467.600000000 120.047253 11.217279 60.836757 -0.579006 0.750490 -0.270191 0.168857
467.800000000 120.141473 11.065985 60.844866 -0.578575 0.750628 -0.271892 0.166983
468.300000000 120.392811 10.772866 60.945339 -0.578972 0.751230 -0.270211 0.165623
468.400000000 120.582882 10.646800 60.841839 -0.577948 0.752232 -0.271327 0.162801
468.600000000 120.650684 10.573684 60.917430 -0.579074 0.751771 -0.269602 0.163794
468.700000000 120.706972 10.513688 60.941862 -0.578272 0.752043 -0.271079 0.162937
468.800000000 120.760120 10.486428 60.967085 -0.579256 0.751580 -0.269344 0.164450
468.900000000 120.863845 10.430190 60.958147 -0.578501 0.751962 -0.270815 0.162939
469.100000000 120.852072 10.413687 61.098939 -0.578594 0.751429 -0.271714 0.163571
469.200000000 121.004150 10.344715 61.065631 -0.578546 0.751624 -0.271440 0.163299
469.500000000 121.010404 10.330793 61.272216 -0.578854 0.750474 -0.272784 0.165243
469.800000000 120.957239 10.342284 61.533168 -0.578472 0.748756 -0.278062 0.165579
470.000000000 120.878200 10.369461 61.739122 -0.578035 0.747834 -0.281813 0.164929
470.200000000 120.803755 10.402138 61.941248 -0.577950 0.746824 -0.284943 0.164424
470.500000000 120.552653 10.471462 62.318937 -0.577582 0.745539 -0.289317 0.163912
470.600000000 120.325251 10.465900 62.508293 -0.576804 0.745856 -0.294073 0.156579
470.700000000 120.036479 10.414969 62.718490 -0.573448 0.746985 -0.303693 0.144711
471.000000000 120.025652 10.431011 62.942540 -0.574124 0.746525 -0.303616 0.144567
471.100000000 119.921853 10.381081 63.046846 -0.569970 0.746388 -0.315009 0.137143
471.300000000 120.219391 10.418882 63.054632 -0.572587 0.745565 -0.308690 0.144872
471.400000000 120.171402 10.456371 63.143323 -0.573397 0.744887 -0.309052 0.144382
471.500000000 120.176858 10.471424 63.211363 -0.573836 0.744497 -0.309227 0.144276
471.600000000 120.147057 10.490882 63.294765 -0.573901 0.743850 -0.310903 0.143749
471.900000000 120.268234 10.566846 63.463289 -0.575299 0.742942 -0.308380 0.148220
472.200000000 120.589423 10.584289 63.486129 -0.574926 0.742709 -0.309584 0.148331
472.300000000 120.046451 10.774832 63.902721 -0.576586 0.741460 -0.309311 0.148704
472.600000000 119.820657 10.942958 64.266714 -0.575245 0.742683 -0.310146 0.146027
472.700000000 120.212352 10.838543 64.085357 -0.575083 0.742422 -0.311373 0.145384
472.900000000 119.927899 11.012284 64.403480 -0.576198 0.741755 -0.310428 0.146388
473.000000000 120.288403 10.944262 64.272730 -0.575267 0.742383 -0.310770 0.146139
473.100000000 120.179694 11.023527 64.414357 -0.575657 0.741673 -0.311264 0.147154
473.200000000 119.667462 11.215002 64.798045 -0.577091 0.741034 -0.310355 0.146678
473.400000000 119.902141 10.682829 63.635657 -0.580884 0.730353 -0.318322 0.166820
473.600000000 120.785651 10.563713 63.294632 -0.582152 0.730182 -0.314434 0.170483
474.000000000 120.241906 10.820889 63.855410 -0.580430 0.729600 -0.320396 0.167724
474.700000000 119.673339 11.208802 64.627604 -0.579996 0.729671 -0.323279 0.163328
474.800000000 119.632483 11.295316 64.725747 -0.581430 0.728867 -0.321165 0.165970
474.900000000 119.709604 11.290013 64.746474 -0.581182 0.728845 -0.321913 0.165481
475.000000000 119.747483 11.316483 64.784863 -0.581321 0.728796 -0.321726 0.165572
475.100000000 119.765854 11.341434 64.833324 -0.581052 0.728971 -0.322051 0.165114
475.500000000 119.733771 11.492251 65.106332 -0.582013 0.728532 -0.320553 0.166575
475.600000000 119.754271 11.520692 65.169693 -0.582398 0.728087 -0.320595 0.167095
475.700000000 119.921528 11.500995 65.139036 -0.582247 0.728295 -0.320267 0.167343
475.900000000 119.570456 11.634839 65.430108 -0.581937 0.728939 -0.321101 0.163989
476.000000000 119.782619 11.608638 65.380724 -0.582286 0.728680 -0.320420 0.165228
476.100000000 119.790740 11.637933 65.449216 -0.582215 0.728550 -0.320417 0.166053
476.200000000 119.616782 11.706307 65.592204 -0.582618 0.728371 -0.320547 0.165172
476.400000000 119.415209 11.814306 65.830240 -0.582863 0.727754 -0.321048 0.166051
476.500000000 119.571525 11.802077 65.807271 -0.583243 0.727649 -0.320035 0.167131
476.600000000 119.657976 11.803477 65.820134 -0.583269 0.727657 -0.319551 0.167929
477.200000000 119.096076 12.070503 66.472111 -0.584321 0.726965 -0.319643 0.167092
477.300000000 119.049537 12.095451 66.548445 -0.584456 0.727017 -0.319634 0.166409
477.400000000 119.009466 12.118037 66.626995 -0.584676 0.727054 -0.319283 0.166147
477.500000000 118.976565 12.145937 66.696093 -0.585169 0.727082 -0.318143 0.166478
477.800000000 118.846087 12.213574 66.948816 -0.585248 0.727008 -0.318256 0.166302
477.900000000 118.808095 12.235480 67.008872 -0.585407 0.727153 -0.317658 0.166255
478.000000000 118.697825 12.271245 67.125893 -0.585201 0.727124 -0.318468 0.165559
478.100000000 117.559545 11.321706 68.438249 -0.579675 0.710724 -0.344190 0.200952
478.300000000 117.355966 11.389395 68.627132 -0.580045 0.710649 -0.343693 0.200998
478.400000000 117.263669 11.420816 68.713786 -0.580256 0.710418 -0.343656 0.201271
478.600000000 117.053008 11.482417 68.922636 -0.580193 0.710303 -0.344132 0.201047
478.800000000 116.920606 11.509955 69.100663 -0.580627 0.711145 -0.342891 0.198925
478.900000000 116.788862 11.556209 69.227808 -0.581103 0.710972 -0.342164 0.199403
479.000000000 116.687388 11.585440 69.312181 -0.581511 0.710879 -0.341570 0.199566
479.200000000 116.426914 11.663776 69.511654 -0.581671 0.709762 -0.342637 0.201238
479.300000000 116.306070 11.709066 69.631251 -0.582208 0.709115 -0.342092 0.202885
479.400000000 116.204474 11.725898 69.739893 -0.582250 0.709311 -0.342105 0.202057
479.700000000 115.935456 11.793500 70.057449 -0.582745 0.709669 -0.340734 0.201689
480.100000000 115.513384 11.914250 70.488830 -0.584657 0.708959 -0.337960 0.203314
480.500000000 115.074758 12.009469 70.945595 -0.583836 0.708727 -0.341001 0.201396
480.700000000 114.835563 12.075158 71.174246 -0.583965 0.708415 -0.341464 0.201337
480.800000000 114.719343 12.104648 71.278938 -0.584218 0.708479 -0.341421 0.200446
481.000000000 114.503827 12.156638 71.519822 -0.583889 0.708821 -0.341848 0.199464
481.200000000 114.299487 12.223328 71.759172 -0.584370 0.709003 -0.341240 0.198449
481.300000000 114.168126 12.263939 71.854901 -0.584588 0.708721 -0.341766 0.197911
481.400000000 114.072701 12.303282 71.993026 -0.584692 0.708457 -0.342243 0.197722
481.500000000 113.943429 12.346810 72.099904 -0.584852 0.708043 -0.342554 0.198190
481.600000000 111.425335 10.448726 75.325143 -0.571069 0.684215 -0.376804 0.252484
481.800000000 111.171819 10.527724 75.533397 -0.571027 0.684071 -0.377512 0.251912
482.000000000 110.920269 10.620972 75.730653 -0.571128 0.683729 -0.378491 0.251140
482.400000000 110.470814 10.793056 76.117317 -0.571015 0.683856 -0.380610 0.247828
482.500000000 110.357861 10.844550 76.217717 -0.570758 0.683801 -0.382034 0.246377
482.600000000 110.292939 10.891982 76.330581 -0.571140 0.684256 -0.381535 0.244998
483.000000000 109.931818 11.118927 76.689644 -0.570246 0.682962 -0.385667 0.244220
483.100000000 109.855056 11.190884 76.788307 -0.570407 0.683086 -0.386077 0.242844
483.200000000 109.779939 11.244960 76.872403 -0.569824 0.683649 -0.387122 0.240961
483.600000000 110.831975 10.994226 76.612432 -0.567204 0.683181 -0.390925 0.242323
483.700000000 111.180603 10.935559 76.510141 -0.569930 0.685668 -0.382849 0.241796
483.800000000 111.362389 10.916264 76.443147 -0.571367 0.687145 -0.378387 0.241235
483.900000000 111.193511 11.036959 76.524150 -0.571423 0.686686 -0.379974 0.239914
484.400000000 111.422420 11.304615 76.730336 -0.563718 0.677558 -0.400961 0.249736
484.500000000 111.600686 11.338911 76.821970 -0.564708 0.678914 -0.397741 0.248964
484.700000000 111.497665 11.517662 76.915493 -0.565116 0.679739 -0.396469 0.247815
484.800000000 111.306545 11.687728 77.060320 -0.565642 0.678745 -0.396915 0.248621
484.900000000 111.171016 11.816003 77.164364 -0.564900 0.678544 -0.399775 0.246263
485.200000000 111.052433 12.129489 77.393772 -0.564688 0.679503 -0.399992 0.243740
485.400000000 111.016983 12.298581 77.476063 -0.564058 0.680418 -0.401040 0.240908
485.500000000 109.294574 10.139779 78.812492 -0.553103 0.657676 -0.425066 0.284358
485.600000000 109.253128 10.224180 78.846606 -0.552180 0.658860 -0.426184 0.281722
485.900000000 109.321792 10.454136 78.919438 -0.553153 0.660017 -0.424452 0.279715
486.100000000 109.368152 10.630724 79.023427 -0.554138 0.660543 -0.422000 0.280232
486.300000000 109.376730 10.811814 79.121628 -0.552928 0.660502 -0.424719 0.278605
486.400000000 109.428459 10.881537 79.139827 -0.553506 0.661479 -0.422938 0.277849
486.500000000 109.459977 10.954374 79.185078 -0.553561 0.661058 -0.423579 0.277763
486.600000000 109.447320 11.064589 79.256136 -0.552993 0.660839 -0.424519 0.277982
486.700000000 109.366762 11.189539 79.349368 -0.552989 0.659803 -0.425306 0.279246
487.200000000 109.928322 11.406599 79.400337 -0.537813 0.642685 -0.457745 0.296956
487.400000000 109.900565 11.586810 79.566671 -0.536402 0.641726 -0.460384 0.297503
487.500000000 109.912064 11.685287 79.647737 -0.537550 0.642024 -0.458550 0.297619
487.700000000 109.868792 11.880873 79.779667 -0.546829 0.652893 -0.439161 0.286089
487.900000000 109.572456 12.128786 79.874082 -0.546100 0.651093 -0.442013 0.287189
488.000000000 109.551285 12.213109 79.925525 -0.545927 0.650624 -0.442848 0.287292
488.100000000 109.413024 12.332983 79.984575 -0.545561 0.649969 -0.444229 0.287340
488.400000000 109.005663 10.756475 79.292650 -0.530733 0.630658 -0.473479 0.310501
488.500000000 109.068026 10.788048 79.268075 -0.533679 0.635106 -0.467354 0.305627
488.600000000 109.024278 10.866218 79.376363 -0.532653 0.634853 -0.469355 0.304875
488.700000000 108.804135 10.992315 79.425641 -0.532258 0.633897 -0.471029 0.304972
488.900000000 108.479958 11.223355 79.554320 -0.531441 0.631844 -0.474104 0.305891
489.100000000 108.396200 11.344926 79.616932 -0.530912 0.631026 -0.475781 0.305894
489.300000000 108.336487 11.448583 79.640052 -0.530689 0.630928 -0.476214 0.305811
489.400000000 108.335835 11.496994 79.652223 -0.533013 0.633922 -0.471817 0.302373
489.700000000 108.143490 11.700360 79.779561 -0.534301 0.633853 -0.470102 0.302916
490.000000000 107.829911 11.899033 80.031987 -0.532655 0.632155 -0.474562 0.302407
490.400000000 107.575269 12.062216 79.978837 -0.536759 0.636420 -0.466990 0.297958
490.900000000 107.111537 12.290581 80.137481 -0.539235 0.638855 -0.463263 0.294070
491.000000000 106.987689 12.344058 80.243715 -0.538534 0.638049 -0.465124 0.294166
491.200000000 106.729415 12.419918 80.281403 -0.538189 0.637791 -0.466357 0.293405
491.300000000 106.646121 12.443917 80.338035 -0.537739 0.637504 -0.467454 0.293108
491.500000000 106.458898 12.505631 80.361775 -0.539284 0.638350 -0.464981 0.292361
491.600000000 106.339344 12.528668 80.380735 -0.538940 0.638176 -0.465872 0.291955
491.700000000 105.762683 10.795057 82.966561 -0.501978 0.613052 -0.525891 0.309229
491.900000000 105.518796 10.873480 83.116323 -0.501430 0.613064 -0.527153 0.307946
492.000000000 105.397985 10.886740 83.087255 -0.501303 0.613460 -0.527463 0.306831
492.100000000 105.320991 10.870871 83.019896 -0.501230 0.613804 -0.527535 0.306137
492.200000000 105.188785 10.906336 83.091676 -0.500886 0.613448 -0.528468 0.305804
492.300000000 105.030298 10.929820 83.103674 -0.500397 0.613333 -0.529473 0.305098
492.600000000 104.654550 10.974154 83.293320 -0.498666 0.613481 -0.532503 0.302347
492.700000000 104.516331 10.962201 83.211047 -0.498128 0.613546 -0.533359 0.301593
493.200000000 106.135629 10.345442 83.560764 -0.511838 0.629944 -0.505919 0.291957
493.300000000 106.021968 10.293399 83.451303 -0.511465 0.630119 -0.506374 0.291441
493.500000000 105.688702 10.303157 83.522579 -0.510406 0.628642 -0.508595 0.292619
494.000000000 105.723917 10.365362 84.892618 -0.501158 0.585982 -0.532123 0.349730
494.100000000 105.797085 7.570522 93.221668 0.437761 -0.543595 0.615151 -0.366686
494.400000000 105.243715 7.505538 93.357388 0.434051 -0.540813 0.621421 -0.364632
494.500000000 105.049574 7.476829 93.340385 0.433467 -0.540229 0.622968 -0.363551
494.600000000 104.869502 7.417257 93.318716 0.432938 -0.539648 0.624237 -0.362869
494.800000000 104.560306 7.337303 93.240827 0.433742 -0.538066 0.624402 -0.363972
494.900000000 104.391152 7.247546 93.246335 0.432075 -0.537474 0.626446 -0.363317
495.100000000 104.027122 7.200431 93.318409 0.435818 -0.539442 0.622754 -0.362274
495.200000000 103.833411 7.141614 93.326500 0.434555 -0.539211 0.623978 -0.362030
495.300000000 103.626934 7.100062 93.341346 0.435404 -0.536987 0.624330 -0.363704
495.500000000 103.290980 6.960287 93.322846 0.433940 -0.536595 0.626125 -0.362945
495.800000000 102.764244 6.762050 93.250316 0.435189 -0.536579 0.625521 -0.362515
495.900000000 102.604855 6.665849 93.214821 0.435842 -0.536258 0.625054 -0.363012
496.300000000 101.927433 6.405884 93.082748 0.435702 -0.533857 0.626326 -0.364522
496.400000000 101.697116 6.367360 93.334648 0.433598 -0.537377 0.627531 -0.359753
496.600000000 101.391928 6.195691 93.215062 0.434001 -0.536458 0.627854 -0.360077
496.700000000 101.233124 6.133888 93.150447 0.435220 -0.536584 0.626752 -0.360337
496.800000000 101.111574 6.017948 93.083897 0.433557 -0.537746 0.628113 -0.358234
497.000000000 100.755964 5.941868 93.126694 0.433398 -0.535669 0.629577 -0.358968
497.300000000 100.275176 5.809914 93.143844 0.432648 -0.536305 0.630655 -0.357026
497.400000000 100.146874 5.731360 93.122614 0.430976 -0.537485 0.631997 -0.354893
497.500000000 100.022473 5.650133 93.054627 0.429575 -0.539472 0.632521 -0.352637
497.600000000 99.849223 5.647097 93.084544 0.430737 -0.538432 0.632333 -0.353146
497.700000000 99.702766 5.603884 93.078110 0.429653 -0.539401 0.632892 -0.351985
497.800000000 97.449977 6.677776 113.208850 0.335240 -0.459387 0.706515 -0.421206
497.900000000 97.450975 6.587759 112.945539 0.336310 -0.456997 0.706602 -0.422805
498.500000000 98.203003 5.804660 111.952492 0.347073 -0.479989 0.692432 -0.411934
498.700000000 99.031946 5.285609 111.572559 0.327480 -0.440510 0.716166 -0.431062
499.000000000 100.092871 4.554200 110.762734 0.328179 -0.440943 0.714334 -0.433122
499.100000000 100.114096 4.492016 110.564819 0.329547 -0.441961 0.713374 -0.432628
499.200000000 100.026108 4.520236 110.284978 0.329791 -0.440732 0.713637 -0.433261
499.300000000 100.292506 4.365038 110.190228 0.335527 -0.441875 0.709218 -0.434946
499.400000000 100.418243 4.285458 110.046329 0.338039 -0.443234 0.706862 -0.435453
499.500000000 101.045026 3.938500 109.911893 0.320680 -0.433568 0.717000 -0.441694
499.600000000 100.953197 3.985087 109.903610 0.321802 -0.432902 0.716972 -0.441577
499.900000000 100.996815 4.047008 110.531711 0.311222 -0.426022 0.725213 -0.442394
500.300000000 101.534862 3.836925 111.264136 0.301959 -0.436008 0.724534 -0.440191
500.600000000 103.567514 3.460038 115.445302 0.217209 -0.409537 0.755629 -0.462735
500.800000000 105.897621 2.801260 125.722109 -0.287535 0.360894 -0.714177 0.526337
500.900000000 106.515529 2.675587 126.583059 -0.289694 0.367500 -0.710203 0.525959
501.000000000 107.011828 2.556115 127.212295 -0.290709 0.377499 -0.706383 0.523455
501.100000000 107.018447 2.595681 127.237682 -0.288499 0.380535 -0.706712 0.522034
501.300000000 106.888327 2.751827 127.159808 -0.288376 0.378759 -0.707433 0.522417
501.500000000 106.610289 2.941872 126.746493 -0.290513 0.379726 -0.707819 0.520003
501.700000000 106.527748 3.090357 126.722264 -0.289810 0.380344 -0.708403 0.519147
501.900000000 106.548914 3.201846 126.873610 -0.290911 0.381580 -0.707776 0.518479
502.000000000 106.618948 3.238733 127.001929 -0.290775 0.384812 -0.707297 0.516819
502.100000000 106.660792 3.288637 127.069876 -0.290437 0.388171 -0.706931 0.514993
502.200000000 106.504214 3.416928 126.893800 -0.290935 0.386381 -0.707772 0.514903
502.300000000 106.491216 3.458568 126.860608 -0.288513 0.389768 -0.708896 0.512160
502.400000000 106.508416 3.544812 126.921479 -0.291826 0.389462 -0.707620 0.512280
502.600000000 106.357746 3.723364 126.825286 -0.287616 0.391883 -0.709487 0.510229
502.700000000 106.298796 3.820494 126.809525 -0.287894 0.391178 -0.709853 0.510103
502.800000000 106.437797 3.872052 127.002999 -0.290173 0.393493 -0.707854 0.509809
503.700000000 107.902393 4.228238 127.791409 -0.293105 0.403717 -0.704252 0.505105
503.800000000 104.760573 3.720269 132.724019 0.360108 -0.491561 0.630873 -0.480302
504.000000000 105.307653 3.558375 131.682865 0.398278 -0.538451 0.581965 -0.461260
504.100000000 105.329654 3.586176 131.100871 -0.418466 0.570199 -0.553176 0.440177
504.200000000 105.287894 3.692767 131.165790 -0.420100 0.570134 -0.551047 0.441373
504.500000000 105.250034 3.861435 130.590574 -0.446631 0.608748 -0.511012 0.410869
504.600000000 105.230208 3.921861 130.627753 -0.446155 0.609344 -0.511185 0.410287
505.100000000 105.363120 3.966675 129.704198 -0.464097 0.636112 -0.483605 0.382233
505.300000000 105.500290 3.926758 129.492817 -0.463706 0.641586 -0.482186 0.375287
505.400000000 105.624820 3.877311 129.364246 -0.460309 0.644418 -0.484547 0.371558
505.500000000 105.488371 3.853975 128.767609 -0.460565 0.661639 -0.475299 0.352427
505.700000000 104.562096 3.869410 128.391893 -0.475854 0.761181 -0.387235 0.210277
505.800000000 104.453987 3.946321 128.510375 -0.476278 0.761245 -0.385325 0.212580
505.900000000 100.527310 2.958397 137.129516 -0.439153 0.747045 -0.427673 0.257226
506.300000000 99.991843 3.209777 137.476015 -0.439010 0.746866 -0.425758 0.261135
507.000000000 99.592792 3.227696 137.945759 -0.439507 0.746303 -0.423152 0.266097
507.200000000 99.037133 3.433175 138.165003 -0.439701 0.747815 -0.419989 0.266542
507.300000000 98.992455 3.388623 138.223973 -0.439626 0.747913 -0.419693 0.266859
507.500000000 98.445758 3.608560 138.569507 -0.439834 0.746033 -0.418752 0.273179
507.600000000 98.498348 3.502830 138.580470 -0.439140 0.746440 -0.419503 0.272030
507.700000000 98.331073 3.532733 138.683244 -0.438884 0.746132 -0.419649 0.273061
507.800000000 98.318441 3.471941 138.704680 -0.438965 0.746352 -0.419335 0.272814
507.900000000 98.159967 3.487150 138.753546 -0.439486 0.746940 -0.417852 0.272639
508.200000000 97.951066 3.380932 138.952060 -0.439284 0.746932 -0.417406 0.273668
508.400000000 97.610686 3.416162 139.111925 -0.439777 0.747352 -0.415007 0.275374
508.600000000 97.417094 3.346650 139.219268 -0.439918 0.747262 -0.414336 0.276402
509.200000000 96.833809 3.150901 139.504838 -0.441463 0.748261 -0.409955 0.277764
509.600000000 96.517244 2.959785 139.782690 -0.442050 0.746307 -0.409366 0.282909
509.800000000 96.033965 3.066683 140.014686 -0.443901 0.743406 -0.406121 0.292173
509.900000000 96.039655 2.973252 140.043282 -0.444173 0.743496 -0.405932 0.291794
510.100000000 95.809785 2.892580 140.111840 -0.445398 0.745734 -0.402356 0.289154
510.200000000 95.741271 2.835854 140.173367 -0.444045 0.746020 -0.403032 0.289557
510.500000000 95.676158 2.603406 140.272603 -0.444386 0.745887 -0.403282 0.289028
510.600000000 95.656312 2.542086 140.316460 -0.445672 0.745592 -0.401291 0.290577
510.700000000 95.489977 2.529413 140.364941 -0.444832 0.743767 -0.403452 0.293534
510.900000000 95.715260 2.242830 140.382924 -0.444834 0.747009 -0.402120 0.287055
511.200000000 95.801648 1.945167 140.402308 -0.443916 0.748665 -0.402722 0.283292
511.600000000 96.161912 1.468653 140.273333 -0.445056 0.754800 -0.398752 0.270551
511.800000000 96.225031 1.263387 140.331648 -0.442152 0.756439 -0.403060 0.264281
512.100000000 96.485906 0.980499 140.204355 -0.439616 0.762517 -0.402921 0.250918
512.200000000 96.467896 0.937938 140.353370 -0.437787 0.761739 -0.406200 0.251192
512.400000000 96.587925 0.789662 140.344045 -0.438089 0.762567 -0.405357 0.249511
512.500000000 96.536120 0.774058 140.421841 -0.438189 0.762766 -0.405121 0.249108
512.600000000 96.661704 0.674717 140.378317 -0.438212 0.762999 -0.405058 0.248456
512.800000000 96.736462 0.594023 140.380628 -0.438821 0.763705 -0.403580 0.247617
513.200000000 96.590003 0.636444 140.644206 -0.438366 0.761827 -0.405368 0.251261
513.400000000 96.828872 0.521771 140.668720 -0.439214 0.761837 -0.405029 0.250294
513.600000000 96.483247 0.726850 140.868253 -0.438687 0.759634 -0.406601 0.255316
513.700000000 96.477638 0.748219 140.904014 -0.438753 0.759025 -0.406736 0.256792
514.000000000 96.624214 0.762034 141.003593 -0.438985 0.755950 -0.409060 0.261728
514.400000000 96.419037 0.931528 141.868057 -0.458302 0.809168 -0.322015 0.177520
514.500000000 88.639600 -2.635448 149.410689 -0.424196 0.802686 -0.353402 0.225521
514.700000000 88.683936 -2.580496 149.484070 -0.424169 0.802234 -0.353144 0.227573
514.800000000 88.701128 -2.524185 149.393489 -0.425563 0.802548 -0.350779 0.227524
514.900000000 88.729188 -2.501004 149.391565 -0.425083 0.802957 -0.351089 0.226498
515.100000000 88.756194 -2.410582 149.498647 -0.424337 0.802226 -0.353783 0.226296
515.300000000 88.340585 -2.141414 149.793738 -0.421560 0.803641 -0.355963 0.223024
515.500000000 88.418399 -2.062426 149.853659 -0.421029 0.803497 -0.356658 0.223434
515.600000000 88.472871 -2.027031 149.879511 -0.422413 0.802710 -0.355085 0.226136
515.700000000 88.453435 -1.955459 149.935316 -0.423848 0.801352 -0.353530 0.230659
516.000000000 88.406790 -1.767940 150.136293 -0.425152 0.798685 -0.353681 0.237188
516.300000000 88.440726 -1.619736 150.245145 -0.425752 0.798674 -0.353466 0.236468
516.500000000 88.117400 -1.412961 150.341604 -0.423592 0.802653 -0.353332 0.226880
516.600000000 88.083948 -1.350237 150.411559 -0.422688 0.802145 -0.355826 0.226463
516.700000000 88.122854 -1.320875 150.454837 -0.422806 0.801713 -0.356157 0.227252
517.000000000 88.263154 -1.246674 150.507457 -0.422913 0.801585 -0.355979 0.227783
517.200000000 88.233185 -1.159803 150.552487 -0.421286 0.801755 -0.357905 0.227182
517.300000000 88.202292 -1.119664 150.618443 -0.420992 0.801407 -0.358991 0.227239
517.400000000 88.298302 -1.119460 150.639548 -0.421151 0.801417 -0.358202 0.228154
517.500000000 88.288414 -1.088366 150.658473 -0.420908 0.801195 -0.359116 0.227946
518.200000000 87.841715 -0.792404 151.119657 -0.417495 0.802019 -0.365306 0.221395
518.400000000 87.785589 -0.718187 151.166944 -0.419085 0.804010 -0.360520 0.219003
518.500000000 87.700612 -0.677679 151.249585 -0.417992 0.803729 -0.362329 0.219133
518.700000000 87.649092 -0.627654 151.336966 -0.417960 0.803905 -0.362313 0.218578
518.800000000 87.543002 -0.593567 151.396299 -0.417207 0.805239 -0.361924 0.215732
518.900000000 87.662989 -0.652750 151.394508 -0.417835 0.805698 -0.360894 0.214523
519.100000000 87.409560 -0.514280 151.556868 -0.416407 0.803903 -0.364826 0.217363
519.300000000 87.524437 -0.602001 151.613742 -0.416768 0.805265 -0.363365 0.214054
519.400000000 87.595185 -0.617660 151.615990 -0.417354 0.804969 -0.362791 0.214997
519.600000000 87.490829 -0.557268 151.735221 -0.414958 0.800921 -0.370632 0.221284
519.700000000 87.455069 -0.563794 151.744541 -0.415193 0.802012 -0.369249 0.219196
520.200000000 85.749163 0.039600 152.698505 -0.409584 0.806138 -0.369027 0.214945
520.300000000 82.922297 -3.319680 156.122319 -0.377508 0.798252 -0.398820 0.247436
521.300000000 83.771155 -0.744624 156.226515 -0.480438 0.751680 -0.242288 0.381383
521.400000000 84.655176 -1.129581 155.612285 -0.447672 0.783528 -0.268803 0.336777
521.700000000 87.978548 -4.950430 152.717989 -0.410481 0.825049 -0.287491 0.261052
521.800000000 85.748893 -1.900601 155.197860 -0.432436 0.794155 -0.282791 0.319915
522.300000000 76.591453 -0.172835 158.732212 -0.480373 0.793712 -0.235779 0.289259
522.500000000 75.783503 0.070866 159.000032 -0.483535 0.790336 -0.234530 0.294208
522.700000000 75.588971 0.030956 158.894028 -0.481057 0.791232 -0.244023 0.288079
522.800000000 75.585562 -0.008842 158.699510 -0.478486 0.792870 -0.250749 0.282018
523.000000000 75.961817 -0.207026 158.073323 -0.476226 0.799335 -0.244820 0.272645
523.100000000 76.518004 -0.426270 158.005577 -0.474479 0.798852 -0.242257 0.279315
523.300000000 76.790201 -0.567967 157.679722 -0.472305 0.799982 -0.231819 0.288473
523.400000000 77.056619 -0.705736 157.789320 -0.476393 0.803532 -0.215858 0.284237
523.600000000 77.159277 -0.801082 157.743640 -0.473279 0.801062 -0.220090 0.293032
523.800000000 77.347965 -0.923828 157.866821 -0.476138 0.801198 -0.204920 0.298967
524.000000000 77.143229 -0.959533 157.942913 -0.474674 0.799632 -0.214254 0.298946
524.100000000 77.050853 -0.974257 157.990374 -0.475629 0.799052 -0.215132 0.298346
524.300000000 77.236901 -1.097228 158.061124 -0.479440 0.799057 -0.196437 0.305054
524.600000000 77.363505 -1.245744 158.065682 -0.478623 0.797615 -0.195257 0.310812
525.500000000 77.372945 -1.647435 157.973979 -0.492481 0.800231 -0.175479 0.293768
525.600000000 77.652379 -1.719288 158.230293 -0.487231 0.791196 -0.204685 0.307764
525.800000000 77.710842 -1.878569 158.299532 -0.488251 0.783216 -0.189873 0.334860
525.900000000 77.652557 -1.938311 158.336423 -0.485794 0.782882 -0.191640 0.338192
526.000000000 77.625835 -1.936104 158.363952 -0.483557 0.783803 -0.199881 0.334475
526.100000000 77.618558 -1.986519 158.347641 -0.486162 0.786189 -0.194052 0.328477
526.200000000 77.640027 -2.123961 158.306054 -0.496133 0.789328 -0.162491 0.323124
526.400000000 77.486165 -2.164588 158.402094 -0.485392 0.781965 -0.183056 0.345566
526.600000000 77.427775 -2.257828 158.381911 -0.482123 0.776876 -0.187405 0.359027
526.700000000 77.409130 -2.302308 158.454583 -0.482049 0.778519 -0.179763 0.359475
527.200000000 76.871355 -2.261603 158.517636 -0.521974 0.842108 -0.111332 0.077476
527.900000000 75.816451 -1.377529 159.468429 -0.498497 0.862373 0.068979 -0.055280
528.100000000 76.892241 -6.730532 158.047089 -0.479105 0.877034 0.034456 -0.009132
528.400000000 77.013828 -6.738239 157.201680 -0.476678 0.877580 0.030411 -0.041299
528.800000000 76.987443 -6.620850 156.886093 -0.476916 0.876524 0.034591 -0.055319
528.900000000 76.914159 -6.530459 156.740876 -0.476345 0.876398 0.030731 -0.063862
529.000000000 76.939311 -6.501318 156.466865 -0.474385 0.876133 0.031914 -0.079569
529.200000000 77.147177 -6.524840 155.535217 -0.476798 0.874845 0.030204 -0.079987
529.500000000 77.303232 -6.459563 154.724155 -0.482528 0.873794 0.022432 -0.056113
529.600000000 77.300529 -6.414650 154.563352 -0.483722 0.873226 0.026610 -0.052741
529.700000000 77.307224 -6.374411 154.428183 -0.483951 0.872982 0.025503 -0.055161
530.100000000 77.342693 -6.240141 154.284710 -0.483361 0.871898 -0.017093 -0.076572
530.300000000 77.218027 -6.085104 153.893953 -0.486081 0.872581 -0.009732 -0.047263
530.500000000 77.256592 -6.067199 153.506004 -0.486736 0.873020 -0.017845 -0.024624
530.600000000 77.040820 -5.953083 153.800188 -0.486872 0.872872 0.000144 -0.032406
530.700000000 76.882445 -5.876389 154.067144 -0.483990 0.874721 -0.002405 -0.024725
530.800000000 76.875463 -5.833001 153.939133 -0.484275 0.874260 0.003064 -0.033741
530.900000000 76.877202 -5.779663 153.838900 -0.485478 0.873449 -0.009899 -0.036057
531.100000000 82.080838 -11.553027 149.090798 -0.479374 0.877609 0.001300 -0.000981
531.500000000 81.835286 -11.358579 148.947845 -0.478369 0.878081 0.004436 0.010834
531.800000000 81.651845 -11.211208 148.884298 -0.476674 0.878830 0.009732 0.018591
531.900000000 81.539364 -11.125193 149.068544 -0.475845 0.879384 0.013628 0.008394
532.100000000 81.373072 -11.031123 148.979674 -0.476350 0.878446 0.037386 0.005138
532.300000000 81.315144 -10.937343 148.862350 -0.475984 0.879185 0.016354 0.014343
532.400000000 81.287687 -10.920873 148.883146 -0.476375 0.878984 0.016931 0.012981
532.700000000 81.158420 -10.731901 148.722252 -0.474476 0.880131 0.012803 0.008833
533.000000000 81.081842 -10.636754 148.557973 -0.476438 0.879016 0.018355 0.000045
533.300000000 80.808465 -10.516540 148.677835 -0.472175 0.881230 0.020296 0.008571
533.500000000 80.649330 -10.362969 148.822970 -0.471679 0.880855 0.038502 -0.011478
533.900000000 80.515201 -10.265805 148.692210 -0.471031 0.880212 0.053663 -0.021855
534.200000000 80.498258 -10.245109 148.316616 -0.474376 0.878578 0.052136 -0.018714
534.300000000 80.531442 -10.225085 148.178925 -0.475140 0.878239 0.049429 -0.022237
534.500000000 80.546134 -10.256428 147.923302 -0.475293 0.879379 0.025814 -0.011071
535.000000000 87.275064 -16.239345 142.799666 -0.470568 0.852002 -0.163466 0.161051
535.300000000 87.078978 -16.732386 143.536288 -0.450036 0.708771 0.148492 0.522552
535.400000000 86.968328 -16.324096 143.995345 -0.466716 0.729735 -0.065509 0.495351
535.500000000 86.739145 -16.339784 144.018758 -0.472210 0.724097 -0.054478 0.499734
535.800000000 86.301684 -16.137250 144.046356 -0.477398 0.731878 -0.060117 0.482526
535.900000000 86.330601 -16.061847 143.963338 -0.474681 0.738882 -0.068512 0.473326
536.000000000 86.293328 -15.960852 143.988486 -0.473796 0.744210 -0.076151 0.464617
536.100000000 86.266967 -15.928686 143.947660 -0.473046 0.746342 -0.078299 0.461595
536.200000000 86.205316 -15.820971 143.962954 -0.473394 0.751096 -0.084184 0.452400
536.600000000 86.340059 -15.710397 143.953603 -0.472092 0.758052 -0.092458 0.440384
536.700000000 86.247106 -15.657306 143.904148 -0.471951 0.758450 -0.096904 0.438891
537.100000000 86.489071 -15.551471 143.787747 -0.465905 0.768070 -0.119405 0.422781
537.300000000 86.345687 -15.403385 143.612062 -0.462218 0.774110 -0.138460 0.409801
537.700000000 86.361339 -15.352820 143.607054 -0.460452 0.781503 -0.150370 0.393224
537.900000000 86.494373 -15.334910 143.444483 -0.453608 0.781321 -0.166402 0.395079
538.100000000 86.536056 -15.310351 143.412389 -0.448114 0.776183 -0.180345 0.405226
538.300000000 86.521115 -15.280740 143.300173 -0.447810 0.777123 -0.181682 0.403160
538.400000000 86.494717 -15.286615 143.299569 -0.445969 0.779289 -0.189116 0.397562
539.100000000 86.994162 -15.701909 143.404820 -0.483705 0.815279 -0.063940 0.311868
539.200000000 86.706286 -15.343986 143.296912 -0.446894 0.779360 -0.187727 0.397043
539.300000000 86.614496 -15.330942 143.300473 -0.449728 0.781865 -0.184200 0.390516
540.000000000 87.114639 -15.733041 143.319276 -0.485293 0.811504 -0.068297 0.318258
540.100000000 86.834320 -15.420195 143.144391 -0.447187 0.783068 -0.193070 0.386720
540.700000000 88.748173 -16.698820 142.524733 -0.394916 0.817899 -0.274993 0.315376
541.200000000 91.780740 -20.550891 137.582138 -0.439583 0.772193 -0.200036 0.412880
541.600000000 92.342914 -20.891036 137.552882 -0.480521 0.796560 -0.084221 0.357069
541.700000000 91.649322 -20.551797 137.655353 -0.441853 0.770457 -0.200398 0.413524
541.900000000 91.323663 -20.502223 137.637200 -0.442154 0.773543 -0.210412 0.402315
542.000000000 91.391590 -20.513204 137.590405 -0.440021 0.773587 -0.214137 0.402603
542.100000000 91.444857 -20.532256 137.554339 -0.439336 0.774197 -0.214676 0.401893
542.200000000 91.508826 -20.549967 137.551416 -0.440494 0.773488 -0.210042 0.404431
542.600000000 92.431519 -20.940602 137.344599 -0.474641 0.796780 -0.108323 0.357945
542.700000000 91.969997 -20.651692 137.645046 -0.443798 0.767564 -0.191595 0.420928
542.800000000 91.791171 -20.630006 137.637849 -0.443619 0.769245 -0.193261 0.417270
542.900000000 91.687194 -20.606895 137.611925 -0.441979 0.769380 -0.200549 0.415319
543.000000000 91.522810 -20.569027 137.587065 -0.442980 0.770884 -0.202398 0.410538
543.100000000 91.419767 -20.554834 137.588028 -0.442986 0.772051 -0.205840 0.406608
543.400000000 91.522374 -20.618084 137.507781 -0.435479 0.772394 -0.222948 0.405044
543.800000000 92.429414 -20.945501 137.059533 -0.470737 0.797971 -0.122992 0.355699
543.900000000 91.874962 -20.703298 137.435665 -0.433660 0.771450 -0.218060 0.411405
544.000000000 91.904070 -20.697416 137.369857 -0.431996 0.771593 -0.219446 0.412150
544.300000000 92.393568 -20.818014 136.955143 -0.473024 0.793331 -0.111703 0.366602
544.600000000 92.289134 -20.722460 137.137128 -0.430847 0.772383 -0.214902 0.414261
544.900000000 92.325903 -20.680965 137.115235 -0.431237 0.770582 -0.212359 0.418499
545.100000000 92.009364 -20.580958 136.987620 -0.430888 0.772362 -0.215010 0.414202
545.700000000 92.976429 -20.620217 136.059346 -0.468991 0.792631 -0.109379 0.373925
546.500000000 93.445542 -20.519718 135.198361 -0.427724 0.793533 -0.198030 0.384891
546.600000000 93.518474 -20.373391 135.206730 -0.465611 0.794540 -0.096985 0.377499
547.000000000 93.586258 -20.459849 134.948365 -0.424429 0.797431 -0.198728 0.380093
547.100000000 93.710020 -20.278059 134.623070 -0.460049 0.801370 -0.111865 0.365577
547.200000000 98.236755 -24.287486 126.819650 -0.406013 0.810373 -0.184047 0.380230
547.300000000 99.090272 -24.446422 125.865547 -0.399655 0.827812 -0.183188 0.348490
547.400000000 99.715986 -24.597222 125.297775 -0.386876 0.846605 -0.191449 0.311343
547.500000000 99.875616 -24.580715 125.044733 -0.388656 0.849124 -0.185464 0.305841
547.600000000 100.173456 -24.620436 124.814296 -0.389260 0.849663 -0.182515 0.305347
548.000000000 99.743048 -23.272831 122.368173 -0.431486 0.869608 -0.061271 0.232052
548.100000000 98.389651 -22.177009 121.058806 -0.445421 0.881537 0.006906 0.156346
548.200000000 98.201312 -21.911848 120.845350 -0.448435 0.880583 0.028711 0.150513
548.300000000 98.355484 -21.836228 120.539447 -0.448308 0.880320 0.034780 0.151154
548.500000000 98.417362 -21.778079 120.465800 -0.465768 0.864982 0.154269 0.105204
548.600000000 98.449394 -21.650684 120.324307 -0.463185 0.864266 0.161845 0.110953
549.000000000 98.814159 -21.196884 119.385798 -0.455161 0.863420 0.172815 0.132169
549.200000000 99.017156 -21.030776 119.050304 -0.451112 0.863116 0.176555 0.142680
549.300000000 100.184488 -22.661091 113.151545 -0.428182 0.867152 0.194735 0.163663
549.400000000 100.228611 -22.641229 113.121110 -0.426689 0.867238 0.194947 0.166825
549.800000000 100.232437 -22.677241 112.934685 -0.416712 0.887485 0.089595 0.175197
549.900000000 100.270370 -22.603623 112.848798 -0.415126 0.886388 0.100297 0.178684
550.100000000 100.599335 -22.468444 112.327823 -0.412120 0.885744 0.103088 0.187051
550.300000000 100.845025 -22.459327 112.093491 -0.410296 0.884987 0.106183 0.192821
550.400000000 100.816676 -22.339297 111.964892 -0.410718 0.884384 0.113183 0.190695
550.500000000 100.850133 -22.238236 111.811204 -0.411220 0.883306 0.121318 0.189606
550.600000000 100.911981 -22.304162 111.789955 -0.408839 0.885747 0.107737 0.191562
550.700000000 100.880145 -22.275826 111.780855 -0.409679 0.885373 0.112265 0.188876
550.800000000 100.933180 -22.296543 111.635092 -0.406601 0.889709 0.087985 0.188023
551.000000000 100.751244 -22.302748 111.681737 -0.403157 0.895758 0.046839 0.181349
551.200000000 100.753668 -22.262751 111.582290 -0.404516 0.895976 0.051817 0.175807
551.300000000 100.747311 -22.182422 111.464609 -0.404434 0.895788 0.053531 0.176441
551.400000000 100.793665 -22.195727 111.442790 -0.404909 0.895558 0.056865 0.175472
551.600000000 100.515660 -21.988487 111.352369 -0.375624 0.898279 -0.059888 0.220036
552.300000000 98.525660 -19.709196 110.590228 -0.307059 0.847492 -0.230275 0.366668
552.400000000 98.435795 -19.651839 110.615032 -0.306833 0.847098 -0.230008 0.367933
552.500000000 97.194418 -18.898374 107.681573 -0.272381 0.864386 -0.232774 0.352790
552.600000000 97.275557 -18.913725 107.595786 -0.272282 0.864569 -0.232918 0.352323
552.700000000 97.318884 -18.913444 107.542551 -0.272267 0.864522 -0.232831 0.352509
553.100000000 97.722307 -19.027708 107.139657 -0.272134 0.866035 -0.233401 0.348498
553.300000000 97.950256 -19.095587 106.933205 -0.271957 0.866589 -0.233934 0.346898
553.600000000 98.251148 -19.194144 106.646185 -0.271486 0.867379 -0.235534 0.344199
553.900000000 98.484160 -19.249465 106.435202 -0.271265 0.867563 -0.236681 0.343120
554.000000000 98.561033 -19.276255 106.359341 -0.270785 0.867809 -0.237555 0.342274
554.300000000 99.013600 -19.434898 105.972499 -0.270904 0.870074 -0.237916 0.336121
554.400000000 99.154753 -19.476834 105.841878 -0.270877 0.870942 -0.238199 0.333686
554.500000000 99.282865 -19.515959 105.745139 -0.270841 0.871292 -0.238786 0.332380
554.800000000 99.342057 -19.434783 105.686161 -0.269426 0.870398 -0.242213 0.333392
554.900000000 99.397952 -19.426867 105.627699 -0.269182 0.870699 -0.242846 0.332340
555.200000000 98.528153 -18.736042 106.045120 -0.270616 0.870743 -0.235905 0.336038
555.400000000 98.722365 -18.746223 105.946022 -0.270105 0.870035 -0.238269 0.336616
555.500000000 98.902394 -18.792035 105.839357 -0.269994 0.870724 -0.238650 0.334647
556.000000000 99.365111 -18.716909 105.606127 -0.270394 0.871401 -0.237846 0.333131
556.200000000 99.318620 -18.577136 105.728195 -0.267560 0.868559 -0.245248 0.337446
556.300000000 99.094886 -18.392402 105.911516 -0.266029 0.866918 -0.248261 0.340659
556.400000000 99.674872 -18.605331 105.536231 -0.268998 0.870050 -0.242402 0.334506
556.600000000 91.641104 -20.977633 109.086084 -0.200512 0.870900 -0.252337 0.371017
556.800000000 91.911492 -20.993696 109.002405 -0.200051 0.871131 -0.253261 0.370093
557.000000000 92.153038 -20.990855 108.932921 -0.198417 0.871092 -0.256072 0.369131
557.100000000 92.205672 -20.932495 108.965310 -0.198322 0.869971 -0.257108 0.371098
557.200000000 92.496158 -21.064291 108.819223 -0.197799 0.871728 -0.258258 0.366426
557.300000000 92.591016 -21.038911 108.794568 -0.198172 0.872644 -0.256711 0.365131
557.600000000 93.047583 -21.078760 108.596577 -0.197967 0.874735 -0.257327 0.359764
557.900000000 93.555828 -21.155392 108.456714 -0.198040 0.874331 -0.257922 0.360280
558.200000000 93.952188 -21.150086 108.349232 -0.197934 0.874787 -0.258226 0.359012
558.500000000 94.470414 -21.251604 108.106656 -0.197075 0.877485 -0.258655 0.352533
558.600000000 94.621426 -21.276346 108.047206 -0.196646 0.877569 -0.259589 0.351875
558.800000000 94.891729 -21.270393 107.993422 -0.196186 0.877045 -0.260867 0.352494
559.100000000 95.325211 -21.284763 107.892887 -0.196819 0.876737 -0.259599 0.353841
559.300000000 95.503029 -21.228813 107.878382 -0.196614 0.875903 -0.259819 0.355852
559.800000000 96.201516 -21.290471 107.648699 -0.196894 0.875371 -0.261590 0.355709
559.900000000 96.180083 -21.235746 107.677391 -0.194697 0.874876 -0.265249 0.355427
560.100000000 96.426478 -21.267551 107.595849 -0.193651 0.874013 -0.267661 0.356312
560.200000000 96.568588 -21.301179 107.518072 -0.193765 0.874450 -0.267800 0.355072
560.400000000 81.399122 -25.917659 114.927521 -0.097787 0.844968 -0.266019 0.453542
560.500000000 81.560004 -25.974726 114.887342 -0.097518 0.845047 -0.266521 0.453159
560.700000000 81.715206 -25.926851 114.856029 -0.099604 0.843078 -0.268582 0.455151
560.800000000 81.840705 -25.995627 114.836929 -0.097072 0.844528 -0.268468 0.453073
561.000000000 82.118499 -26.115536 114.775663 -0.096196 0.842848 -0.271572 0.454535
561.700000000 82.606977 -26.047308 114.403113 -0.135501 0.813820 -0.273265 0.494634
561.800000000 82.716225 -26.111781 114.401375 -0.135064 0.815142 -0.274642 0.491806
562.000000000 83.025034 -26.250725 114.313243 -0.135217 0.815141 -0.273783 0.492244
562.200000000 83.236928 -26.338545 114.250590 -0.135073 0.814644 -0.273552 0.493234
562.300000000 83.228313 -26.379273 114.291140 -0.134234 0.814656 -0.275123 0.492569
562.400000000 83.305196 -26.415711 114.271138 -0.133858 0.814360 -0.275794 0.492785
563.600000000 82.845412 -25.476110 114.075543 -0.135959 0.802109 -0.269662 0.515188
563.800000000 82.828527 -25.561845 113.943142 -0.129644 0.810179 -0.281659 0.497465
563.900000000 82.707931 -25.501797 113.924893 -0.127532 0.811117 -0.284545 0.494832
564.200000000 83.100595 -25.522811 113.544081 -0.126412 0.811036 -0.285264 0.494838
564.300000000 82.950925 -25.528694 113.629475 -0.124596 0.810095 -0.288080 0.495209
564.500000000 65.459154 -27.324489 121.204266 -0.043843 0.778628 -0.307014 0.545489
564.900000000 65.743307 -27.521517 120.931465 -0.042679 0.779569 -0.306366 0.544601
565.000000000 65.846453 -27.492830 120.786511 -0.038524 0.778313 -0.311350 0.543881
565.200000000 66.094832 -27.795771 120.651781 -0.040703 0.780863 -0.306658 0.542731
565.300000000 66.184146 -27.846915 120.545475 -0.040077 0.781772 -0.306974 0.541288
565.500000000 66.400602 -28.027006 120.359763 -0.039449 0.781230 -0.307061 0.542068
565.600000000 66.550487 -28.105677 120.225633 -0.038788 0.781392 -0.307192 0.541807
565.900000000 66.808266 -28.442792 119.925384 -0.038942 0.785011 -0.305782 0.537345
566.300000000 67.234496 -28.789257 119.445533 -0.038752 0.786645 -0.305028 0.535393
566.400000000 67.342163 -28.855879 119.306615 -0.038192 0.786713 -0.305536 0.535043
566.500000000 67.442578 -28.942785 119.177291 -0.037994 0.787194 -0.305575 0.534327
566.800000000 68.115329 -29.643718 118.685900 -0.013332 0.815297 -0.294831 0.498185
566.900000000 68.224637 -29.729356 118.516785 -0.013059 0.817489 -0.292957 0.495699
567.000000000 68.332842 -29.826646 118.393037 -0.013442 0.818886 -0.290893 0.494596
567.100000000 68.415980 -29.883549 118.276388 -0.015647 0.818938 -0.289590 0.495211
567.200000000 68.532987 -29.961699 118.109884 -0.016020 0.821078 -0.287925 0.492619
567.300000000 68.606250 -30.010037 117.961245 -0.016209 0.822104 -0.287390 0.491211
567.500000000 68.783113 -30.154700 117.732494 -0.017974 0.822655 -0.285414 0.491381
567.800000000 68.960886 -30.453377 117.507012 -0.014884 0.820157 -0.289123 0.493487
567.900000000 69.066231 -30.485166 117.372850 -0.015861 0.820230 -0.288190 0.493880
568.000000000 69.161748 -30.569304 117.244299 -0.016288 0.821934 -0.287033 0.491703
568.200000000 69.365462 -30.689726 117.056875 -0.018626 0.821643 -0.284357 0.493656
568.300000000 69.448254 -30.704409 116.954961 -0.019485 0.820680 -0.284279 0.495267
568.500000000 51.562974 -28.896042 123.404025 0.043937 0.797085 -0.309420 0.516705
568.700000000 51.762907 -29.039102 123.289980 0.043196 0.796549 -0.307797 0.518560
568.800000000 51.871723 -29.131126 123.219396 0.042732 0.796828 -0.307198 0.518526
568.900000000 51.969101 -29.191095 123.184255 0.042402 0.795426 -0.307277 0.520654
569.300000000 52.400406 -29.475456 123.045676 0.041669 0.791004 -0.308940 0.526433
569.400000000 52.516644 -29.514278 123.022459 0.040899 0.790040 -0.308125 0.528415
569.500000000 52.637581 -29.554742 123.018035 0.036576 0.787826 -0.306594 0.532909
569.900000000 53.144737 -29.755967 122.971331 0.032284 0.783697 -0.305560 0.539823
570.100000000 53.393457 -29.913966 123.022180 0.032733 0.779913 -0.307753 0.544016
570.200000000 53.524031 -29.966255 123.047101 0.032019 0.778684 -0.307330 0.546054
570.500000000 53.887602 -29.935383 123.259628 0.020931 0.762464 -0.305780 0.569833
570.600000000 53.998480 -29.973734 123.375521 0.016847 0.756052 -0.304704 0.579013
570.800000000 53.813399 -29.689384 123.404314 0.019140 0.756323 -0.306190 0.577803
570.900000000 53.911915 -29.690309 123.422819 0.018803 0.756686 -0.306111 0.577381
571.000000000 54.203352 -29.831807 123.496429 0.014752 0.752928 -0.302962 0.584033
571.100000000 54.152852 -29.720061 123.471209 0.017137 0.756197 -0.303752 0.579316
571.200000000 54.386904 -29.816321 123.520318 0.014451 0.754241 -0.301125 0.583296
571.600000000 54.547721 -29.722751 123.687066 0.017500 0.752188 -0.305699 0.583486
571.700000000 54.801005 -29.809178 123.769296 0.013760 0.748721 -0.303719 0.589052
571.800000000 54.885807 -29.817851 123.826301 0.015149 0.747126 -0.305968 0.589878
571.900000000 55.165020 -29.928670 123.894281 0.011301 0.744519 -0.303086 0.594729
572.200000000 55.561388 -29.931207 123.970411 0.009231 0.744615 -0.300462 0.595975
572.300000000 38.471373 -26.347682 128.111765 0.032975 0.705309 -0.279252 0.650746
572.500000000 38.678359 -26.326719 128.189823 0.031117 0.705337 -0.277925 0.651375
572.800000000 39.200254 -26.442907 128.369493 0.025738 0.701112 -0.273864 0.657858
573.100000000 39.806311 -26.651446 128.498158 0.021728 0.701694 -0.269072 0.659358
573.300000000 40.109295 -26.765854 128.568243 0.022780 0.701647 -0.270269 0.658883
573.400000000 40.410463 -26.931864 128.601978 0.021251 0.702904 -0.268321 0.658391
573.600000000 40.569225 -26.968415 128.647143 0.024647 0.703152 -0.271918 0.656529
573.700000000 40.727866 -27.026105 128.666659 0.024442 0.703772 -0.271567 0.656018
573.900000000 40.925681 -27.041407 128.687983 0.023926 0.705392 -0.270983 0.654536
574.000000000 41.156203 -27.158228 128.705869 0.023033 0.706806 -0.269784 0.653538
574.400000000 41.627922 -27.337448 128.770579 0.026976 0.707552 -0.274491 0.650613
574.900000000 42.196855 -27.451637 128.802412 0.026274 0.712660 -0.273630 0.645409
575.000000000 42.454615 -27.606025 128.819222 0.025105 0.714317 -0.271867 0.644368
575.100000000 42.660052 -27.697553 128.820772 0.024776 0.717079 -0.271269 0.641558
575.200000000 42.847155 -27.780020 128.821971 0.024579 0.719474 -0.270265 0.639304
575.500000000 43.177735 -27.894912 128.856972 0.030056 0.720731 -0.275565 0.635379
575.600000000 43.472358 -28.084514 128.870460 0.028480 0.723067 -0.273558 0.633663
575.700000000 43.652260 -28.163589 128.885737 0.027315 0.724178 -0.272713 0.632810
576.000000000 43.759398 -28.021771 128.895935 0.030640 0.726131 -0.274915 0.629458
576.300000000 44.172079 -28.208411 128.961559 0.033721 0.725696 -0.278580 0.628190
576.900000000 28.202229 -24.020473 130.183396 0.034724 0.671929 -0.245272 0.697959
577.000000000 28.455973 -24.155714 130.227276 0.034084 0.675094 -0.244356 0.695253
577.100000000 28.667181 -24.263150 130.264630 0.033768 0.677703 -0.243520 0.693020
577.200000000 28.863305 -24.361151 130.311651 0.033259 0.679160 -0.243136 0.691752
577.300000000 29.016073 -24.423829 130.355509 0.033102 0.680204 -0.242956 0.690796
577.400000000 29.212231 -24.526109 130.404030 0.032500 0.681703 -0.242306 0.689574
577.500000000 29.250580 -24.483298 130.404447 0.033941 0.681929 -0.243663 0.688803
577.900000000 29.478975 -24.376650 130.494267 0.038117 0.680536 -0.247294 0.688668
578.100000000 29.751618 -24.473782 130.583053 0.037562 0.680195 -0.247354 0.689014
578.700000000 30.554435 -24.768096 130.805479 0.034259 0.682645 -0.245172 0.687541
578.800000000 30.715498 -24.848999 130.845455 0.034246 0.683395 -0.245004 0.686856
578.900000000 30.851426 -24.897926 130.881403 0.034357 0.683865 -0.245173 0.686323
579.200000000 31.019406 -24.823210 130.927671 0.036618 0.681328 -0.247893 0.687750
579.300000000 31.227718 -24.947391 130.983234 0.035887 0.681872 -0.247327 0.687453
579.400000000 31.403905 -25.041390 131.022984 0.035121 0.683102 -0.246644 0.686517
579.500000000 31.546155 -25.105494 131.056686 0.034912 0.683393 -0.246637 0.686240
579.600000000 31.667087 -25.141307 131.086221 0.034771 0.683205 -0.246692 0.686415
579.900000000 32.052114 -25.270645 131.194830 0.034588 0.680671 -0.248090 0.688435
580.300000000 32.604495 -25.484397 131.299971 0.036332 0.680616 -0.249605 0.687852
580.600000000 33.005490 -25.641192 131.377097 0.033188 0.681378 -0.247473 0.688026
580.700000000 33.143082 -25.687753 131.404031 0.033405 0.680820 -0.247973 0.688387
580.800000000 18.220559 -21.684711 129.796457 0.029483 0.613746 -0.223380 0.756669
580.900000000 18.351751 -21.724950 129.846493 0.029192 0.613536 -0.223360 0.756856
581.000000000 18.486105 -21.775556 129.894822 0.029665 0.613391 -0.223953 0.756781
581.200000000 18.758829 -21.868910 129.987161 0.028876 0.613708 -0.223564 0.756669
581.700000000 19.394666 -22.077248 130.211828 0.029025 0.611830 -0.224669 0.757856
582.200000000 20.025164 -22.291118 130.418752 0.028164 0.609677 -0.225243 0.759452
582.600000000 20.512742 -22.440131 130.573137 0.027549 0.607853 -0.225670 0.760808
582.700000000 20.619943 -22.464368 130.608289 0.027136 0.606903 -0.225767 0.761552
582.800000000 20.735031 -22.510674 130.648398 0.027377 0.605739 -0.226262 0.762323
582.900000000 20.829436 -22.536337 130.688051 0.027071 0.604410 -0.226452 0.763331
583.000000000 20.932316 -22.558844 130.735846 0.026403 0.603144 -0.226528 0.764333
583.100000000 21.064871 -22.603708 130.768521 0.026527 0.603601 -0.226436 0.763995
583.500000000 21.468694 -22.693241 130.871231 0.024379 0.600996 -0.226178 0.766194
583.600000000 21.516057 -22.676082 130.878081 0.024305 0.599163 -0.226665 0.767487
583.700000000 21.707052 -22.770381 130.925953 0.024356 0.599389 -0.226485 0.767362
583.800000000 21.773459 -22.779764 130.953651 0.024112 0.597590 -0.226696 0.768709
583.900000000 21.839718 -22.771252 130.960287 0.023656 0.596857 -0.226708 0.769289
584.300000000 22.029498 -22.656399 130.908002 0.020495 0.596502 -0.224922 0.770179
584.400000000 22.034617 -22.605950 130.890672 0.019651 0.594538 -0.224738 0.771771
584.600000000 22.463428 -22.861560 131.074576 0.022541 0.593353 -0.226772 0.772009
584.700000000 22.481414 -22.818075 131.065000 0.021398 0.591161 -0.226558 0.773784
584.800000000 22.514820 -22.786078 131.065028 0.020450 0.589282 -0.226646 0.775217
585.200000000 22.982054 -22.923272 131.185297 0.019025 0.587907 -0.226012 0.776481
585.300000000 23.018059 -22.899120 131.185500 0.018314 0.586063 -0.225923 0.777916
585.600000000 23.399686 -23.055517 131.337697 0.018027 0.581858 -0.226805 0.780817
585.800000000 23.486531 -22.998765 131.299098 0.017920 0.581658 -0.226573 0.781036
585.900000000 11.402206 -17.976968 128.579563 -0.002533 0.529142 -0.207252 0.822830
586.200000000 11.879900 -18.166210 128.820372 -0.002724 0.528999 -0.207070 0.822967
586.300000000 11.891528 -18.123835 128.806418 -0.002885 0.526916 -0.207232 0.824261
586.400000000 11.905531 -18.076013 128.786739 -0.003270 0.525438 -0.207294 0.825187
587.400000000 13.064421 -18.338884 129.297230 -0.004794 0.521701 -0.207667 0.827454
587.500000000 13.176162 -18.363026 129.352177 -0.005025 0.520876 -0.207821 0.827933
587.600000000 13.242972 -18.352636 129.362543 -0.005161 0.520700 -0.207892 0.828026
587.700000000 13.356392 -18.378480 129.414916 -0.005022 0.520287 -0.208195 0.828209
587.800000000 13.576622 -18.494089 129.563734 -0.004549 0.518991 -0.208933 0.828839
587.900000000 13.604350 -18.448989 129.544635 -0.004667 0.518708 -0.208975 0.829005
588.000000000 13.683744 -18.442521 129.560970 -0.005012 0.519043 -0.208888 0.828816
588.400000000 14.179055 -18.568153 129.781700 -0.005609 0.519784 -0.208664 0.828404
589.000000000 14.973165 -18.789238 130.128538 -0.006105 0.520279 -0.209123 0.827974
589.300000000 15.282016 -18.832862 130.196563 -0.005630 0.521706 -0.209348 0.827022
589.500000000 15.538285 -18.905691 130.281062 -0.004632 0.521735 -0.210343 0.826757
589.900000000 16.032401 -19.025754 130.390938 -0.004481 0.523476 -0.210338 0.825658
590.100000000 16.284750 -19.098377 130.458696 -0.004534 0.522055 -0.211010 0.826385
590.200000000 16.169187 -18.923908 130.283717 -0.005348 0.523156 -0.210113 0.825912
590.300000000 16.268203 -18.940004 130.271210 -0.004786 0.524817 -0.210067 0.824874
590.400000000 16.344550 -18.936207 130.269262 -0.005266 0.523810 -0.210015 0.825524
590.500000000 16.671378 -19.134695 130.442163 -0.005106 0.523829 -0.210610 0.825361
590.900000000 17.153804 -19.234834 130.440623 -0.003658 0.528381 -0.211371 0.822267
591.000000000 17.312811 -19.293169 130.466821 -0.003782 0.529305 -0.211453 0.821651
591.100000000 17.443536 -19.327622 130.463935 -0.003368 0.530928 -0.211221 0.820664
591.400000000 17.824418 -19.437492 130.473964 -0.002648 0.533179 -0.211602 0.819108
591.500000000 17.892372 -19.424027 130.441550 -0.003000 0.532826 -0.211509 0.819361
591.600000000 18.048628 -19.477038 130.444017 -0.001921 0.535451 -0.211719 0.817596
592.100000000 18.628160 -19.614577 130.404410 -0.000076 0.539698 -0.213169 0.814423
592.200000000 18.831479 -19.731520 130.465008 0.001323 0.540021 -0.213799 0.814043
592.300000000 18.914211 -19.722569 130.418338 0.001083 0.541541 -0.213383 0.813142
592.400000000 19.131950 -19.840026 130.485653 0.001839 0.543112 -0.213842 0.811971
592.800000000 19.656884 -20.011581 130.496819 0.002883 0.546079 -0.214747 0.809736
593.100000000 20.021574 -20.112212 130.485999 0.003370 0.548848 -0.215295 0.807714
593.200000000 20.170282 -20.176608 130.498456 0.004693 0.550387 -0.215852 0.806511
593.300000000 20.368943 -20.271083 130.537732 0.004270 0.552990 -0.215198 0.804906
593.400000000 20.510510 -20.334114 130.566078 0.006116 0.552329 -0.216715 0.804941
593.500000000 20.615480 -20.349790 130.555413 0.005151 0.553447 -0.216008 0.804369
593.600000000 20.680711 -20.342656 130.530336 0.005831 0.552777 -0.216695 0.804641
594.000000000 21.113291 -20.440354 130.526656 0.005635 0.555599 -0.216283 0.802807
594.100000000 21.187040 -20.434241 130.490139 0.006193 0.557802 -0.216065 0.801333
594.200000000 21.377581 -20.558131 130.576599 0.007597 0.556089 -0.217700 0.802069
594.300000000 21.470501 -20.564957 130.574685 0.006845 0.556339 -0.217232 0.802029
594.400000000 21.646288 -20.635746 130.636097 0.006906 0.555714 -0.217669 0.802343
594.500000000 21.691064 -20.640462 130.632418 0.007807 0.552817 -0.219103 0.803945
594.600000000 21.779969 -20.636208 130.612866 0.008227 0.555228 -0.218617 0.802410
595.000000000 22.416449 -20.896973 130.837005 0.005966 0.555879 -0.217299 0.802337
595.100000000 13.574729 -13.977917 128.365032 -0.017106 0.535507 -0.205344 0.819008
595.300000000 13.839110 -14.033180 128.464487 -0.018585 0.534774 -0.204649 0.819628
595.700000000 14.399831 -14.114942 128.726261 -0.023036 0.529579 -0.203534 0.823158
596.200000000 15.129218 -14.167924 129.042551 -0.030922 0.531034 -0.198771 0.823127
596.300000000 15.138106 -14.260752 129.105327 -0.024974 0.526052 -0.203163 0.825451
596.400000000 15.261802 -14.264912 129.164874 -0.025777 0.525252 -0.202908 0.825999
596.500000000 15.392835 -14.280721 129.244626 -0.027025 0.524200 -0.202444 0.826741
596.600000000 15.541502 -14.260898 129.308707 -0.030041 0.524368 -0.200768 0.826939
596.700000000 15.649047 -14.332053 129.400783 -0.028660 0.523660 -0.201611 0.827231
597.300000000 15.090294 -14.877650 129.319494 0.019080 0.518089 -0.228779 0.823942
597.500000000 15.382362 -14.914082 129.531680 0.015880 0.515781 -0.227300 0.825864
597.600000000 15.378901 -14.967440 129.555883 0.023797 0.515380 -0.231285 0.824818
597.700000000 15.648780 -15.025158 129.755004 0.019267 0.513959 -0.229297 0.826376
597.800000000 15.631158 -15.075017 129.782441 0.022829 0.514302 -0.230695 0.825683
598.000000000 15.904202 -15.031821 129.966273 0.019381 0.511690 -0.230337 0.827491
598.100000000 15.954029 -15.061171 130.043883 0.022262 0.509459 -0.232169 0.828284
598.200000000 16.105512 -15.092043 130.169681 0.021566 0.509111 -0.231898 0.828591
598.400000000 16.249211 -15.068332 130.328611 0.019939 0.505831 -0.232059 0.830594
598.800000000 16.661528 -15.138097 130.755920 0.022852 0.504954 -0.233467 0.830658
599.000000000 16.826714 -15.138190 130.952555 0.023679 0.504917 -0.233646 0.830607
599.200000000 16.981148 -15.155688 131.184941 0.025154 0.501183 -0.235919 0.832181
599.400000000 17.131921 -15.153224 131.416346 0.023314 0.498551 -0.236141 0.833751
599.500000000 10.947518 -8.409768 129.703380 -0.014663 0.468735 -0.218352 0.855801
599.600000000 11.004781 -8.368470 129.807358 -0.015364 0.468276 -0.218220 0.856073
599.700000000 11.091168 -8.418369 129.968553 -0.011991 0.468785 -0.219509 0.855519
599.800000000 11.158551 -8.363811 130.058441 -0.012849 0.470630 -0.218710 0.854698
600.000000000 11.254671 -8.330164 130.328638 -0.012280 0.466648 -0.220161 0.856515
600.400000000 11.365131 -8.515115 130.929875 0.007449 0.460377 -0.231785 0.856897
600.600000000 11.524369 -8.402047 131.196323 0.004788 0.462622 -0.229908 0.856213
600.700000000 11.567419 -8.370802 131.333127 0.003502 0.462303 -0.229254 0.856567
600.800000000 11.634231 -8.341731 131.483961 0.002536 0.462548 -0.228937 0.856522
600.900000000 11.700935 -8.339998 131.636452 0.003476 0.463213 -0.229430 0.856028
601.100000000 11.944461 -8.492181 132.124620 0.008053 0.460163 -0.232718 0.856754
601.300000000 12.112564 -8.541175 132.500923 0.008451 0.460468 -0.232817 0.856560
602.100000000 10.639983 -8.916786 132.784315 0.075708 0.440621 -0.267663 0.853510
602.300000000 10.715533 -8.967408 133.113374 0.074299 0.441919 -0.267245 0.853093
602.600000000 10.888374 -9.078367 133.669306 0.076026 0.440106 -0.269060 0.853307
602.900000000 10.993365 -9.077219 134.091109 0.076505 0.441759 -0.269626 0.852231
603.300000000 9.594687 -2.125582 135.170604 0.073200 0.413593 -0.265750 0.867733
603.400000000 9.655875 -2.173603 135.339387 0.073440 0.415306 -0.265646 0.866926
603.700000000 9.784647 -2.251806 135.793721 0.074110 0.415381 -0.266344 0.866618
603.800000000 9.819471 -2.268657 135.926296 0.073932 0.415735 -0.266213 0.866504
604.300000000 9.888891 -2.300348 136.536449 0.149998 0.378697 -0.303924 0.861231
604.600000000 10.424752 -2.581701 137.220183 0.145655 0.388902 -0.300637 0.858579
604.800000000 10.479620 -2.627067 137.413871 0.143465 0.390090 -0.300149 0.858579
604.900000000 10.600277 -2.753739 137.608316 0.141819 0.391905 -0.299236 0.858344
605.000000000 10.755017 -2.904162 137.843997 0.140719 0.393056 -0.298690 0.858190
605.100000000 10.805728 -2.945014 137.944881 0.139358 0.394368 -0.298059 0.858029
605.200000000 10.874977 -2.981965 138.061148 0.138242 0.394659 -0.297881 0.858138
605.500000000 11.082570 -3.085923 138.374790 0.142919 0.394073 -0.300046 0.856886
605.900000000 11.454980 -3.370745 138.860821 0.141686 0.397168 -0.299199 0.855957
606.300000000 11.808382 -3.736201 139.312321 0.141651 0.399876 -0.299352 0.854647
606.400000000 11.907134 -3.796272 139.404686 0.141790 0.400830 -0.299372 0.854170
606.500000000 11.995791 -3.850516 139.474853 0.142800 0.402060 -0.299562 0.853357
606.700000000 12.164364 -3.911074 139.607271 0.144138 0.401161 -0.300602 0.853189
606.800000000 12.254567 -4.036405 139.710604 0.145155 0.401811 -0.300974 0.852580
607.200000000 12.665403 -4.320788 140.009619 0.144502 0.403754 -0.300991 0.851767
607.500000000 13.014369 -4.642501 140.251835 0.144736 0.406632 -0.300920 0.850382
607.600000000 13.074631 -4.693455 140.271687 0.147445 0.404611 -0.302311 0.850387
608.000000000 13.531051 -5.094526 140.495363 0.140627 0.405453 -0.311795 0.847712
608.200000000 13.802604 -5.313841 140.584631 0.137790 0.405566 -0.316604 0.846341
608.400000000 14.065483 -5.492605 140.646009 0.138358 0.405366 -0.317496 0.846009
608.500000000 14.156105 -5.546113 140.662510 0.137844 0.402558 -0.318108 0.847203
608.900000000 14.717363 -5.892021 140.718676 0.137981 0.403954 -0.317465 0.846758
609.000000000 14.838331 -5.950414 140.723162 0.137229 0.402433 -0.317543 0.847574
609.300000000 15.281995 -6.174658 140.731276 0.138420 0.401827 -0.317257 0.847775
610.000000000 16.319366 -6.610532 140.638991 0.139196 0.399766 -0.314379 0.849693
610.300000000 16.797634 -6.801856 140.572942 0.141132 0.400841 -0.312984 0.849382
610.400000000 16.911788 -6.799423 140.485302 0.141776 0.400288 -0.312413 0.849746
610.500000000 17.037611 -6.814689 140.431640 0.141556 0.399044 -0.312243 0.850429
610.600000000 17.184765 -6.875389 140.392782 0.142050 0.399870 -0.311386 0.850273
610.700000000 17.332192 -6.913731 140.334217 0.142449 0.401311 -0.310694 0.849780
611.000000000 17.749953 -6.998628 140.170212 0.143999 0.403073 -0.309484 0.849127
611.400000000 18.270688 -7.119339 139.985997 0.144510 0.401497 -0.309958 0.849613
611.500000000 18.393971 -7.146360 139.911327 0.144001 0.403086 -0.309038 0.849282
611.800000000 18.739328 -7.134546 139.698345 0.144330 0.403673 -0.308752 0.849052
612.000000000 18.998663 -7.138242 139.565825 0.145431 0.405882 -0.308744 0.847813
612.100000000 19.121243 -7.163538 139.514896 0.144674 0.406541 -0.308141 0.847846
612.200000000 19.213788 -7.128221 139.434120 0.144107 0.406016 -0.307707 0.848351
612.300000000 19.352040 -7.185695 139.423140 0.144860 0.405863 -0.308027 0.848181
612.400000000 19.471943 -7.198621 139.372059 0.144574 0.406628 -0.308210 0.847796
612.900000000 19.997304 -7.084919 139.032308 0.144409 0.410277 -0.307010 0.846501
613.000000000 20.051266 -7.078624 139.018227 0.144474 0.406192 -0.307708 0.848205
613.100000000 20.181262 -7.073034 138.934058 0.145554 0.409980 -0.306765 0.846537
613.200000000 20.214582 -7.022625 138.924790 0.143623 0.403044 -0.307082 0.850075
613.300000000 20.342303 -7.002206 138.827795 0.145091 0.407556 -0.306388 0.847923
613.400000000 20.438140 -6.976919 138.780894 0.145266 0.407486 -0.306207 0.847992
613.600000000 20.583246 -6.913371 138.687728 0.145010 0.406176 -0.304986 0.849103
613.700000000 20.664071 -6.881672 138.636021 0.144909 0.406598 -0.304646 0.849041
613.800000000 20.751882 -6.859785 138.570756 0.146759 0.408455 -0.304099 0.848027
614.300000000 20.191253 -0.263587 136.474205 0.131400 0.406485 -0.288769 0.856806
614.400000000 20.249791 -0.207992 136.432849 0.131268 0.406767 -0.288144 0.856903
614.500000000 20.299038 -0.131455 136.358499 0.131936 0.408348 -0.287525 0.856256
614.700000000 20.389088 -0.043862 136.309349 0.131734 0.408129 -0.286873 0.856610
614.800000000 20.408253 0.018292 136.277122 0.132246 0.405928 -0.286975 0.857542
614.900000000 20.438593 0.085225 136.234128 0.133033 0.406691 -0.286599 0.857185
615.000000000 20.461570 0.150046 136.207270 0.132694 0.405813 -0.286317 0.857748
615.100000000 20.487980 0.243667 136.130573 0.133781 0.408207 -0.285511 0.856710
615.300000000 20.523034 0.381349 136.054716 0.135281 0.408421 -0.284964 0.856555
615.400000000 20.521752 0.480745 136.005280 0.135321 0.406988 -0.285503 0.857052
615.600000000 20.535171 0.671095 135.910929 0.135086 0.409081 -0.283880 0.856631
615.800000000 20.489643 0.801236 135.880967 0.134126 0.405452 -0.283918 0.858492
616.300000000 20.461589 1.099031 135.777588 0.135676 0.406703 -0.282956 0.857975
616.700000000 20.319746 1.432840 135.679981 0.134874 0.405797 -0.282407 0.858710
617.000000000 18.665817 8.029605 133.596864 0.116392 0.399767 -0.271389 0.867748
617.200000000 18.546228 8.238143 133.500985 0.117171 0.399500 -0.271548 0.867717
617.400000000 18.462758 8.333605 133.491193 0.118252 0.401119 -0.271767 0.866754
617.500000000 18.410185 8.385488 133.501517 0.116938 0.399681 -0.271934 0.867544
617.600000000 18.367337 8.424072 133.507955 0.117099 0.401023 -0.271448 0.867055
617.800000000 18.252190 8.544922 133.518343 0.115403 0.398038 -0.271933 0.868505
617.900000000 18.202399 8.594356 133.515111 0.115413 0.399234 -0.271619 0.868052
618.200000000 17.960716 8.844939 133.417731 0.115925 0.398631 -0.271345 0.868347
618.600000000 17.673960 9.033894 133.368620 0.117838 0.404988 -0.271506 0.865092
618.700000000 17.588311 9.094963 133.352836 0.118887 0.404299 -0.271880 0.865153
619.000000000 17.333422 9.251359 133.319243 0.117351 0.404807 -0.271492 0.865247
619.100000000 17.268853 9.289227 133.317894 0.117641 0.406731 -0.271369 0.864343
619.600000000 16.817759 9.553908 133.249291 0.118656 0.405885 -0.272300 0.864309
619.900000000 16.543854 9.685268 133.208752 0.117410 0.406683 -0.271878 0.864237
620.000000000 16.432022 9.762382 133.157985 0.118125 0.406880 -0.272170 0.863955
620.300000000 16.140517 9.875847 133.124206 0.118437 0.405297 -0.273061 0.864375
620.400000000 16.022171 9.947801 133.082743 0.117610 0.403605 -0.273286 0.865208
620.700000000 13.605456 17.879438 131.015314 0.105965 0.396582 -0.277326 0.868668
620.800000000 13.507045 17.901254 131.005296 0.104971 0.396160 -0.277242 0.869008
621.100000000 13.212373 17.990685 130.946899 0.104699 0.394591 -0.277774 0.869585
622.200000000 12.047744 18.327636 130.522694 0.102292 0.388376 -0.279904 0.871983
622.300000000 11.960016 18.302910 130.522577 0.100400 0.387970 -0.279271 0.872586
622.400000000 11.859836 18.331384 130.466520 0.100338 0.388101 -0.279499 0.872462
622.900000000 11.306992 18.502208 130.149044 0.101344 0.383507 -0.281543 0.873719
623.100000000 11.108444 18.540808 130.028172 0.097588 0.383869 -0.280559 0.874304
623.200000000 11.003391 18.572968 129.955921 0.098277 0.382855 -0.281227 0.874457
623.300000000 10.913176 18.577543 129.900407 0.098594 0.382770 -0.281557 0.874353
623.400000000 10.823504 18.582136 129.842365 0.098558 0.383133 -0.281659 0.874165
623.900000000 10.349266 18.667636 129.493365 0.096898 0.381062 -0.282416 0.875011
624.100000000 10.158871 18.728554 129.318540 0.097726 0.380491 -0.283350 0.874865
624.200000000 10.058832 18.754323 129.222094 0.096710 0.381489 -0.282890 0.874692
624.300000000 9.985409 18.758318 129.161485 0.095911 0.381196 -0.282824 0.874929
624.400000000 9.929205 18.726667 129.122697 0.094594 0.382281 -0.282368 0.874747
624.500000000 9.811117 18.792269 128.984490 0.095274 0.382303 -0.282651 0.874572
624.700000000 9.622329 18.824977 128.818296 0.095889 0.379873 -0.283536 0.875277
624.800000000 9.570505 18.811800 128.752642 0.097085 0.381673 -0.283628 0.874331
624.900000000 9.461997 18.874199 128.609553 0.096698 0.382271 -0.283567 0.874133
625.100000000 9.315859 18.854868 128.486844 0.096254 0.380454 -0.283850 0.874883
625.200000000 9.202140 18.924394 128.329900 0.094640 0.381614 -0.283127 0.874787
625.700000000 8.767569 19.031628 127.840112 0.095031 0.374507 -0.283751 0.877610
625.800000000 8.695862 19.039506 127.757671 0.093503 0.373698 -0.283195 0.878298
625.900000000 8.626712 19.080568 127.618951 0.094063 0.376817 -0.282974 0.876976
626.000000000 8.584895 19.058172 127.562328 0.094663 0.377764 -0.283015 0.876490
626.100000000 8.510407 19.080557 127.452133 0.094630 0.378261 -0.282991 0.876288
626.300000000 8.611514 27.057659 126.766466 0.086149 0.365289 -0.296284 0.878270
626.500000000 8.472906 27.121762 126.523326 0.087170 0.367308 -0.296581 0.877226
626.600000000 8.415360 27.138848 126.437121 0.087462 0.364758 -0.296702 0.878220
626.800000000 8.333227 27.140113 126.267452 0.086629 0.367487 -0.295710 0.877499
626.900000000 8.251672 27.177900 126.138498 0.086530 0.366913 -0.295498 0.877820
627.000000000 8.168058 27.220895 126.011477 0.086023 0.365696 -0.295388 0.878415
627.200000000 8.078079 27.270233 125.802961 0.087987 0.366215 -0.295876 0.877840
627.300000000 8.041214 27.311764 125.702745 0.086797 0.366538 -0.295091 0.878087
627.600000000 7.910040 27.347851 125.434918 0.087532 0.366787 -0.294681 0.878048
627.700000000 7.818033 27.372483 125.314303 0.087052 0.365146 -0.294221 0.878934
627.800000000 7.717780 27.454175 125.142549 0.087453 0.365688 -0.294435 0.878597
628.000000000 7.646283 27.527757 124.931610 0.087850 0.366915 -0.294254 0.878106
628.100000000 7.591890 27.569819 124.814408 0.088537 0.367318 -0.293947 0.877971
628.300000000 7.452299 27.640971 124.568199 0.088433 0.366517 -0.293763 0.878378
628.400000000 7.419119 27.689196 124.457583 0.087992 0.367898 -0.292883 0.878139
628.900000000 7.095082 27.950515 123.824697 0.086899 0.364534 -0.292063 0.879922
629.200000000 6.933617 28.025066 123.515523 0.087205 0.364298 -0.291110 0.880305
629.600000000 6.734198 28.206516 123.081332 0.088123 0.363036 -0.290391 0.880972
629.800000000 6.649698 28.348693 122.840862 0.087279 0.362833 -0.289585 0.881405
629.900000000 6.550137 28.352544 122.721121 0.089003 0.361897 -0.289936 0.881502
630.000000000 6.536612 28.440927 122.619350 0.086967 0.361118 -0.289567 0.882146
630.100000000 6.452970 28.470536 122.498756 0.087668 0.360623 -0.289554 0.882283
630.200000000 6.426551 28.545517 122.387534 0.087561 0.361343 -0.288928 0.882205
630.300000000 6.353107 28.603800 122.258621 0.087649 0.360154 -0.289101 0.882625
630.400000000 6.312139 28.669686 122.138937 0.087230 0.361052 -0.288369 0.882539
630.900000000 6.024261 28.959680 121.536646 0.089068 0.363729 -0.285947 0.882045
631.100000000 5.927419 29.029661 121.369539 0.089115 0.362340 -0.285835 0.882648
631.400000000 5.744331 29.159813 121.041662 0.092441 0.363213 -0.285334 0.882108
631.500000000 5.733016 29.239726 120.957268 0.091414 0.363767 -0.284709 0.882189
631.700000000 5.568827 29.363668 120.697120 0.093286 0.362735 -0.284850 0.882373
632.000000000 5.434700 29.522561 120.398231 0.092018 0.365503 -0.283095 0.881928
632.100000000 10.652386 35.097357 123.669969 0.088569 0.362833 -0.306161 0.875656
632.400000000 10.458955 35.279739 123.339973 0.090051 0.360407 -0.307137 0.876164
632.500000000 10.382052 35.314080 123.222551 0.092370 0.360864 -0.307532 0.875596
632.600000000 10.365374 35.388448 123.143692 0.089356 0.361937 -0.306492 0.875831
632.800000000 10.211201 35.498889 122.933725 0.091623 0.361227 -0.307107 0.875674
632.900000000 10.167356 35.551115 122.847332 0.090253 0.361789 -0.306825 0.875684
633.400000000 9.802501 35.780108 122.418520 0.097804 0.359417 -0.309312 0.874974
633.700000000 9.650542 35.989146 122.173691 0.091446 0.368030 -0.304818 0.873658
633.800000000 9.565245 36.033795 122.100683 0.091967 0.367511 -0.305348 0.873636
633.900000000 9.515965 36.134153 122.025245 0.090479 0.367452 -0.305456 0.873779
634.400000000 9.139366 36.498890 121.740385 0.083718 0.367390 -0.303348 0.875212
634.600000000 8.946358 36.650070 121.619040 0.081990 0.365701 -0.303433 0.876053
634.900000000 8.649172 36.866291 121.476936 0.079498 0.365346 -0.302242 0.876842
635.000000000 8.554710 36.925963 121.411506 0.080065 0.365309 -0.302255 0.876801
635.100000000 8.441450 36.993388 121.361456 0.080664 0.362901 -0.302673 0.877602
635.300000000 8.293863 37.050590 121.347419 0.081603 0.364624 -0.302311 0.876926
635.400000000 8.218107 37.026947 121.393392 0.079184 0.364258 -0.301680 0.877516
635.700000000 7.815447 37.424717 121.041954 0.075679 0.364495 -0.299864 0.878350
636.000000000 7.497708 37.626633 120.898218 0.076939 0.365219 -0.299318 0.878125
636.100000000 7.389305 37.699346 120.838441 0.076165 0.365788 -0.299079 0.878037
636.400000000 7.083810 37.853414 120.757188 0.075512 0.367077 -0.298177 0.877863
636.800000000 6.950908 37.497920 121.275296 0.075778 0.368417 -0.299327 0.876886
636.900000000 6.830867 37.570902 121.227980 0.075446 0.368423 -0.298946 0.877042
637.100000000 13.098234 41.698266 124.439369 0.082127 0.392159 -0.313421 0.860950
637.400000000 12.934355 41.567844 124.692317 0.080589 0.392525 -0.313710 0.860823
637.700000000 12.800790 41.385574 124.993888 0.078945 0.393428 -0.314218 0.860377
637.900000000 12.715656 41.268110 125.170074 0.078237 0.395264 -0.314358 0.859549
638.000000000 12.638591 41.245700 125.225819 0.078437 0.394930 -0.314654 0.859576
638.100000000 12.578936 41.202857 125.293222 0.078728 0.395377 -0.314876 0.859263
638.300000000 12.687933 41.313305 125.444072 0.125953 0.368130 -0.338517 0.856751
638.400000000 12.609031 41.247496 125.509632 0.126312 0.368570 -0.338811 0.856393
638.500000000 12.548876 41.241492 125.554602 0.127255 0.368583 -0.339197 0.856095
638.600000000 12.457218 41.230947 125.566035 0.128475 0.369300 -0.339474 0.855494
638.700000000 12.378641 41.157307 125.640157 0.128384 0.368637 -0.339929 0.855612
638.800000000 12.284330 41.195897 125.627358 0.128109 0.367360 -0.340407 0.856013
638.900000000 12.191022 41.224303 125.604809 0.128742 0.367990 -0.340553 0.855589
639.200000000 11.918349 41.320067 125.537430 0.130688 0.367325 -0.341430 0.855230
639.500000000 11.687834 41.304885 125.555135 0.132349 0.368178 -0.341648 0.854520
639.600000000 11.601530 41.282244 125.560821 0.133001 0.368324 -0.341809 0.854292
639.800000000 11.399019 41.377856 125.461459 0.133375 0.366570 -0.342618 0.854664
640.200000000 11.030242 41.731393 125.059137 0.132056 0.370456 -0.340500 0.854039
640.400000000 10.824521 41.845532 124.900605 0.131787 0.368881 -0.341000 0.854563
640.700000000 10.624168 41.885631 124.785582 0.132192 0.370360 -0.340745 0.853962
640.800000000 10.528119 41.923773 124.702384 0.133036 0.370107 -0.340953 0.853858
641.200000000 10.174940 42.191377 124.281103 0.133541 0.371127 -0.340723 0.853428
641.300000000 10.068262 42.250833 124.155960 0.133190 0.371293 -0.340528 0.853488
641.900000000 9.622170 42.570297 123.549260 0.135060 0.373658 -0.340316 0.852246
642.000000000 19.561188 43.553616 128.057062 0.133117 0.408739 -0.356803 0.829400
642.100000000 19.487539 43.638800 127.942154 0.132273 0.409313 -0.356344 0.829449
642.300000000 19.340128 43.660887 127.798887 0.133256 0.409970 -0.356459 0.828917
642.400000000 19.247932 43.768613 127.642654 0.133915 0.410609 -0.356354 0.828540
642.500000000 19.160742 43.820686 127.537239 0.134582 0.410575 -0.356456 0.828405
642.600000000 19.107326 43.821843 127.479123 0.134913 0.410870 -0.356436 0.828213
642.700000000 19.040648 43.881392 127.385011 0.134842 0.410971 -0.356386 0.828196
642.800000000 18.959092 43.954368 127.252793 0.135119 0.411603 -0.356204 0.827916
643.000000000 18.830051 43.995969 127.110713 0.135608 0.411639 -0.356429 0.827721
643.100000000 18.734413 44.091683 126.968705 0.135576 0.411547 -0.356367 0.827799
643.300000000 18.582979 44.183356 126.766573 0.135169 0.411251 -0.356202 0.828083
643.400000000 18.508481 44.251698 126.652960 0.135223 0.411076 -0.356191 0.828166
643.500000000 18.426077 44.335393 126.520127 0.134942 0.410953 -0.356142 0.828294
643.600000000 18.362843 44.371002 126.418726 0.135068 0.411376 -0.355949 0.828146
644.000000000 18.087401 44.534498 126.008208 0.135498 0.412023 -0.355453 0.827968
644.100000000 18.043772 44.517210 125.963463 0.135634 0.411740 -0.355590 0.828027
644.200000000 17.962481 44.602325 125.818026 0.135878 0.411953 -0.355466 0.827935
644.300000000 17.895275 44.641029 125.722598 0.136004 0.411526 -0.355550 0.828090
644.500000000 17.755796 44.718038 125.538980 0.135131 0.410316 -0.355612 0.828807
644.700000000 17.606900 44.846638 125.288642 0.136218 0.409947 -0.355770 0.828743
645.200000000 17.282398 45.059084 124.770011 0.136275 0.409911 -0.355184 0.829003
645.400000000 17.154293 45.168970 124.528159 0.137281 0.410444 -0.354928 0.828683
645.500000000 17.088305 45.206254 124.439470 0.137126 0.410145 -0.354908 0.828865
645.900000000 16.843575 45.350654 124.059982 0.138189 0.409226 -0.354813 0.829183
646.500000000 16.443377 45.644008 123.448005 0.136583 0.408326 -0.353977 0.830250
647.100000000 16.020827 45.986203 122.815921 0.137636 0.406617 -0.353838 0.830974
647.400000000 31.169702 42.152669 128.422295 0.107972 0.446754 -0.375232 0.804955
647.500000000 31.088488 42.217418 128.329223 0.108039 0.446159 -0.375357 0.805219
647.600000000 31.004641 42.275058 128.242107 0.107711 0.445585 -0.375309 0.805602
648.200000000 30.495053 42.665107 127.652149 0.107400 0.445438 -0.373873 0.806393
648.300000000 30.394358 42.754259 127.548363 0.107281 0.444570 -0.373977 0.806839
648.400000000 30.300713 42.832753 127.444926 0.107093 0.444307 -0.373782 0.807100
648.500000000 30.212696 42.908035 127.351413 0.106893 0.443727 -0.373683 0.807490
648.800000000 29.934473 43.145479 127.050366 0.106865 0.442978 -0.373254 0.808104
649.000000000 29.737751 43.307739 126.855404 0.106231 0.442412 -0.372721 0.808743
649.100000000 29.633399 43.398532 126.755347 0.106058 0.441621 -0.372597 0.809256
649.600000000 29.168140 43.799361 126.291643 0.105539 0.439599 -0.372027 0.810685
649.800000000 28.984248 43.960473 126.112106 0.105785 0.438680 -0.372087 0.811123
650.200000000 28.666743 44.138156 125.881454 0.104153 0.437905 -0.371106 0.812202
650.800000000 28.241708 44.277602 125.647485 0.100484 0.439467 -0.368764 0.812887
651.000000000 28.055492 44.414356 125.508410 0.099309 0.439462 -0.368097 0.813336
651.100000000 27.968550 44.468406 125.452467 0.099438 0.438959 -0.368149 0.813568
651.400000000 27.858385 44.322248 125.522544 0.101842 0.437481 -0.369648 0.813387
651.500000000 27.764229 44.396664 125.452448 0.100232 0.438234 -0.368556 0.813677
651.600000000 27.676813 44.443724 125.403042 0.100466 0.437887 -0.368703 0.813769
651.800000000 27.452680 44.660282 125.208646 0.101258 0.436450 -0.369117 0.814255
652.000000000 27.244416 44.822083 125.053617 0.098448 0.437340 -0.367423 0.814887
652.300000000 26.991251 44.977932 124.888495 0.100235 0.436736 -0.368162 0.814660
652.600000000 26.748988 45.086284 124.771683 0.098690 0.437298 -0.367235 0.814966
652.700000000 44.656259 37.128127 128.189479 0.084297 0.504687 -0.366329 0.777167
652.800000000 44.546398 37.207365 128.135144 0.084746 0.504390 -0.366540 0.777211
653.000000000 44.333625 37.354661 128.034318 0.083812 0.504299 -0.366116 0.777571
653.500000000 43.851462 37.627597 127.830052 0.083693 0.504458 -0.365900 0.777583
653.600000000 43.748822 37.689363 127.784501 0.083668 0.504472 -0.365757 0.777643
653.700000000 43.643366 37.752926 127.738982 0.083942 0.504494 -0.365716 0.777619
654.300000000 43.479200 37.349536 128.042240 0.084786 0.504327 -0.366146 0.777434
654.500000000 43.230155 37.533749 127.904593 0.086128 0.503788 -0.366802 0.777326
654.600000000 43.117633 37.613446 127.849255 0.086734 0.503252 -0.367112 0.777459
654.900000000 42.816899 37.786045 127.710795 0.089079 0.502520 -0.368613 0.776957
655.200000000 42.506357 38.002761 127.536825 0.089091 0.503289 -0.368468 0.776527
655.400000000 42.252125 38.199297 127.389331 0.086109 0.504130 -0.366463 0.777266
655.800000000 41.839221 38.417917 127.184742 0.089268 0.503937 -0.368234 0.776198
656.000000000 41.600515 38.592006 127.036628 0.088726 0.504266 -0.367920 0.776195
656.700000000 40.870191 39.041595 126.601098 0.090462 0.506493 -0.368310 0.774357
656.900000000 40.650218 39.167808 126.464574 0.091624 0.507099 -0.368708 0.773635
657.000000000 40.537087 39.226746 126.401106 0.092551 0.507132 -0.368905 0.773408
657.100000000 40.419422 39.298192 126.323341 0.093996 0.507304 -0.369551 0.772813
657.400000000 58.623857 29.395739 125.535500 0.079352 0.578458 -0.346160 0.734345
658.000000000 57.911417 29.744064 125.300133 0.081180 0.577826 -0.346862 0.734312
658.100000000 57.743256 29.846055 125.224113 0.082507 0.577625 -0.347566 0.733989
658.200000000 57.596603 29.931711 125.161960 0.083401 0.577495 -0.348063 0.733755
658.400000000 57.393451 30.053607 125.088072 0.081121 0.577309 -0.346720 0.734792
658.500000000 57.248808 30.136769 125.019990 0.081981 0.577078 -0.347166 0.734668
658.600000000 57.100727 30.219477 124.947107 0.082843 0.576887 -0.347703 0.734467
658.800000000 56.874065 30.358469 124.844888 0.082307 0.576212 -0.347397 0.735201
659.100000000 56.496343 30.523926 124.682230 0.082774 0.574977 -0.347794 0.735928
659.200000000 56.382790 30.587539 124.617759 0.083069 0.574480 -0.348083 0.736145
659.400000000 56.156824 30.725837 124.481181 0.081779 0.574260 -0.347376 0.736796
659.600000000 55.946430 30.833259 124.327595 0.082234 0.574926 -0.347434 0.736198
659.700000000 55.834464 30.881879 124.253883 0.082517 0.574523 -0.347625 0.736391
659.800000000 55.727685 30.937762 124.163130 0.083276 0.575011 -0.347717 0.735881
660.000000000 55.517798 31.046732 123.980711 0.081454 0.577003 -0.345843 0.735408
661.100000000 54.311289 31.543163 122.864444 0.080596 0.576520 -0.345011 0.736272
661.200000000 54.194261 31.563601 122.751497 0.081146 0.576458 -0.345129 0.736205
661.300000000 54.055007 31.602585 122.624271 0.081729 0.575866 -0.345901 0.736242
661.500000000 53.885246 31.666253 122.362679 0.081111 0.576936 -0.345178 0.735811
661.600000000 53.755760 31.692695 122.236478 0.082313 0.576498 -0.345810 0.735724
662.200000000 53.111565 31.876500 121.431206 0.081970 0.577538 -0.344971 0.735341
662.500000000 72.914118 21.977605 115.438205 0.029835 0.624260 -0.326620 0.709033
662.600000000 72.777219 21.999144 115.323314 0.030033 0.623627 -0.326881 0.709462
662.800000000 72.507031 22.026463 115.096715 0.031359 0.622805 -0.328050 0.709587
662.900000000 72.385171 22.051100 114.984413 0.030589 0.622969 -0.327497 0.709732
663.000000000 72.249857 22.072190 114.868488 0.031613 0.623053 -0.328201 0.709288
663.200000000 72.035376 22.114338 114.633596 0.030436 0.625050 -0.326689 0.708280
663.500000000 71.649360 22.200435 114.334019 0.031221 0.623435 -0.327896 0.709111
663.600000000 71.526490 22.228396 114.236583 0.031411 0.623791 -0.327776 0.708845
663.700000000 71.403312 22.262013 114.145821 0.032031 0.623370 -0.328229 0.708978
664.000000000 71.030015 22.362477 113.880786 0.030601 0.625037 -0.326587 0.708332
664.100000000 70.935369 22.404129 113.798133 0.030888 0.624940 -0.326860 0.708279
664.200000000 70.799810 22.441522 113.727539 0.031058 0.624502 -0.327091 0.708551
664.300000000 70.685457 22.466529 113.656313 0.031791 0.624953 -0.327455 0.707952
664.500000000 70.467635 22.539326 113.527336 0.029289 0.626837 -0.324957 0.707545
664.600000000 70.308405 22.641522 113.438354 0.030489 0.625966 -0.325866 0.707848
664.800000000 70.096671 22.686129 113.355168 0.030092 0.626069 -0.325457 0.707962
664.900000000 69.991320 22.738804 113.304766 0.031042 0.625615 -0.326220 0.707971
665.000000000 69.861606 22.786790 113.259484 0.031317 0.625376 -0.326367 0.708102
665.100000000 69.769554 22.830653 113.217399 0.029814 0.626103 -0.325160 0.708080
665.400000000 69.464403 22.979702 113.114559 0.030207 0.625662 -0.325493 0.708300
665.500000000 69.310007 23.054441 113.077358 0.031165 0.625270 -0.326147 0.708304
665.700000000 69.060807 23.210392 113.011780 0.030312 0.625283 -0.325492 0.708630
665.800000000 68.931754 23.261162 112.993783 0.029858 0.625772 -0.324977 0.708455
665.900000000 68.808513 23.331003 112.975095 0.030397 0.625415 -0.325366 0.708568
666.000000000 68.741214 23.367908 112.972338 0.029820 0.625793 -0.324738 0.708548
666.200000000 68.565388 23.472892 112.960045 0.029057 0.625952 -0.324275 0.708651
666.400000000 68.345786 23.678091 112.919107 0.028834 0.625580 -0.324059 0.709087
666.500000000 68.195284 23.773539 112.907400 0.029321 0.625642 -0.324277 0.708912
666.700000000 68.013988 23.945185 112.899017 0.029983 0.625026 -0.324747 0.709213
666.900000000 67.776190 24.101022 112.912105 0.030025 0.623664 -0.325398 0.710111
667.100000000 67.612055 24.238134 112.937176 0.027977 0.624552 -0.323613 0.710230
667.200000000 67.449887 24.304994 112.958741 0.027414 0.624376 -0.323342 0.710530
667.800000000 66.833060 24.817378 113.048398 0.026607 0.625519 -0.322190 0.710079
668.000000000 66.699889 24.938690 113.114693 0.025992 0.626607 -0.321269 0.709560
668.100000000 84.217480 16.524556 103.383787 0.000942 0.691100 -0.265794 0.672111
668.300000000 84.090903 16.717530 103.457033 -0.000446 0.691204 -0.264450 0.672535
668.400000000 84.069202 16.823265 103.484993 -0.001007 0.691614 -0.263657 0.672424
668.600000000 83.787107 16.982811 103.589327 -0.001164 0.691707 -0.263400 0.672429
668.800000000 83.610225 17.158646 103.687792 -0.001861 0.690490 -0.263535 0.673624
668.900000000 83.433844 17.210899 103.751159 -0.000757 0.691198 -0.264085 0.672684
669.200000000 83.008825 17.415068 103.928615 -0.000887 0.691928 -0.263637 0.672108
669.700000000 82.411413 17.745095 104.223621 -0.001320 0.691922 -0.262913 0.672398
669.800000000 82.362432 17.813363 104.275751 -0.001851 0.691790 -0.262512 0.672689
669.900000000 82.273348 17.882345 104.327111 -0.002684 0.692297 -0.261619 0.672512
670.200000000 81.933050 18.101640 104.475194 -0.003686 0.693065 -0.260490 0.672155
670.500000000 81.477856 18.293898 104.643865 -0.002183 0.692415 -0.262024 0.672235
671.000000000 80.818848 18.675368 104.875352 -0.003068 0.692968 -0.260891 0.672103
671.100000000 80.707210 18.708102 104.926152 -0.002421 0.693110 -0.261345 0.671782
671.300000000 80.443051 18.860699 105.006188 -0.002382 0.692854 -0.261554 0.671966
671.600000000 80.048909 19.055150 105.122054 -0.001706 0.692578 -0.262174 0.672010
671.700000000 79.909713 19.123696 105.151146 -0.000683 0.692729 -0.262923 0.671564
671.800000000 79.783218 19.174450 105.197398 -0.001001 0.692244 -0.262902 0.672071
672.000000000 90.859703 17.227722 96.416614 -0.024085 0.744334 -0.174606 0.644128
672.100000000 90.720460 17.264991 96.469361 -0.023954 0.744387 -0.174727 0.644037
672.200000000 90.598429 17.287925 96.521430 -0.023764 0.744505 -0.174889 0.643865
672.500000000 90.215225 17.410744 96.656417 -0.024998 0.744658 -0.173595 0.643990
672.700000000 89.913419 17.507551 96.739934 -0.023895 0.744154 -0.174838 0.644280
672.800000000 89.803543 17.529122 96.774474 -0.023823 0.744643 -0.174686 0.643758
672.900000000 89.671319 17.546921 96.816877 -0.023849 0.744764 -0.174679 0.643618
673.100000000 89.421476 17.619653 96.877579 -0.023714 0.744916 -0.174805 0.643414
673.200000000 89.307891 17.656741 96.899076 -0.023323 0.745211 -0.175141 0.642994
673.700000000 88.635751 17.824456 97.032976 -0.024305 0.745674 -0.173765 0.642796
673.800000000 88.506356 17.854396 97.051742 -0.024641 0.745994 -0.173237 0.642553
674.300000000 87.832461 17.993981 97.138784 -0.024190 0.745853 -0.173691 0.642611
674.400000000 87.669065 18.043308 97.146412 -0.023448 0.745771 -0.174289 0.642573
674.600000000 87.419465 18.104548 97.158487 -0.024163 0.745812 -0.173632 0.642676
675.000000000 86.857908 18.223114 97.157798 -0.024833 0.745819 -0.172870 0.642848
675.900000000 85.587439 18.409945 96.982198 -0.024153 0.746461 -0.173252 0.642025
676.100000000 85.314902 18.432200 96.907166 -0.024369 0.746535 -0.172928 0.642019
676.200000000 85.015209 18.537185 96.863908 -0.022339 0.746135 -0.174983 0.642000
676.700000000 84.443165 18.518796 96.603640 -0.024328 0.746470 -0.172701 0.642156
677.000000000 83.913477 18.591074 96.413199 -0.023898 0.746009 -0.173234 0.642565
677.300000000 83.415533 18.643648 96.190701 -0.023975 0.746314 -0.172990 0.642273
677.400000000 83.334538 18.601777 96.115933 -0.023943 0.746237 -0.173032 0.642352
677.900000000 82.975522 18.407018 95.709690 -0.025481 0.746223 -0.171437 0.642738
678.100000000 82.438729 18.562502 95.533972 -0.025366 0.745938 -0.171574 0.643037
678.200000000 82.252933 18.585668 95.440204 -0.025302 0.746205 -0.171465 0.642758
678.400000000 82.101391 18.497888 95.277035 -0.025680 0.745350 -0.171777 0.643651
678.500000000 80.645790 15.630288 95.962077 -0.045733 0.695091 0.000778 0.717465
679.100000000 80.052486 15.506216 95.293564 -0.046787 0.694524 0.001767 0.717944
679.600000000 79.567593 15.373401 94.760356 -0.045504 0.693922 0.000402 0.718611
679.800000000 79.127949 15.415927 94.540034 -0.046340 0.693584 0.001527 0.718882
680.000000000 79.077747 15.318653 94.346592 -0.045871 0.694127 0.001063 0.718389
680.300000000 78.956165 15.199339 94.078855 -0.046175 0.699832 0.000941 0.712813
680.400000000 78.817455 15.203972 93.997199 -0.046950 0.701588 0.001401 0.711033
680.500000000 78.806827 15.155313 93.921665 -0.046822 0.703827 0.001312 0.708826
680.800000000 78.311116 15.192292 93.699657 -0.046787 0.702679 0.001485 0.709966
681.000000000 78.065922 15.166019 93.584172 -0.046245 0.701423 0.001072 0.711243
681.200000000 77.797297 15.153154 93.485732 -0.044876 0.700685 -0.000141 0.712058
681.700000000 77.438956 15.093904 93.332447 -0.045689 0.699900 0.000727 0.712778
681.800000000 77.188087 15.126488 93.304862 -0.043169 0.700122 -0.001432 0.712716
681.900000000 77.194971 15.084301 93.296263 -0.043023 0.700152 -0.001652 0.712695
682.000000000 77.156249 15.067707 93.289949 -0.043307 0.699826 -0.001450 0.712998
682.100000000 76.951451 15.113329 93.275625 -0.044290 0.699801 -0.000424 0.712964
682.300000000 76.836904 15.076557 93.283806 -0.043720 0.699401 -0.000965 0.713390
682.400000000 76.752900 15.079514 93.291602 -0.043533 0.699078 -0.001180 0.713718
682.700000000 76.566573 15.062309 93.334641 -0.044037 0.699363 -0.000280 0.713409
682.800000000 76.526790 15.047186 93.360888 -0.044822 0.698930 0.000441 0.713784
683.000000000 76.409561 15.013109 93.425462 -0.042956 0.698092 -0.001561 0.714717
683.300000000 76.380396 14.943660 93.544503 -0.041015 0.697887 -0.003228 0.715025
683.400000000 76.422144 14.902184 93.598582 -0.041002 0.697476 -0.003644 0.715425
683.500000000 76.155472 14.971882 93.633924 -0.040834 0.697228 -0.003435 0.715677
683.600000000 76.160197 14.972425 93.682154 -0.041941 0.697740 -0.002405 0.715118
683.700000000 76.137500 14.934672 93.738518 -0.040960 0.697593 -0.003294 0.715315
683.900000000 76.039075 14.896343 93.858945 -0.039080 0.697003 -0.005210 0.715984
684.000000000 75.838406 15.014336 93.899099 -0.042627 0.697742 -0.001618 0.715078
684.200000000 75.715529 15.019728 94.029721 -0.042227 0.696615 -0.001940 0.716199
684.400000000 75.623035 14.979278 94.164772 -0.040491 0.696954 -0.003617 0.715963
684.600000000 75.495275 15.037000 94.299091 -0.042631 0.697034 -0.001248 0.715768
684.900000000 75.423233 14.995092 94.535517 -0.040884 0.696559 -0.003093 0.716327
685.000000000 75.321856 15.040617 94.611581 -0.042212 0.696074 -0.001804 0.716726
685.200000000 75.176141 15.052584 94.761828 -0.041304 0.691581 -0.002458 0.721112
685.500000000 75.066543 15.013031 94.990786 -0.040440 0.684874 -0.002919 0.727532
685.700000000 74.967569 15.051778 95.128653 -0.041463 0.685498 -0.001861 0.726891
686.000000000 74.784659 15.110861 95.316887 -0.042010 0.687073 -0.001174 0.725372
686.200000000 74.750946 15.012271 95.444407 -0.038956 0.687336 -0.004386 0.725281
687.300000000 75.154349 13.749555 96.079026 -0.107558 0.686479 0.061360 0.716528
687.400000000 75.391731 13.625505 96.128414 -0.104556 0.686383 0.058150 0.717332
687.500000000 75.448765 13.593246 96.158828 -0.104530 0.686540 0.058102 0.717190
687.700000000 75.910141 13.764275 96.193678 -0.114711 0.686523 0.068302 0.714747
687.800000000 75.913382 13.705992 96.218347 -0.114854 0.686333 0.068506 0.714886
687.900000000 75.966121 13.689482 96.239410 -0.115951 0.686231 0.069511 0.714710
688.200000000 76.502972 14.428528 96.198254 -0.147895 0.684319 0.100936 0.706857
688.400000000 75.463240 9.628624 97.396205 -0.215653 0.578469 0.326312 0.715813
688.500000000 75.623292 9.655722 97.421446 -0.215390 0.578466 0.325914 0.716075
688.700000000 75.886354 10.352646 97.559596 -0.237935 0.570616 0.342977 0.707213
689.000000000 75.926658 11.403751 97.682282 -0.326572 0.532627 0.409091 0.665059
689.100000000 75.924578 11.410074 97.670303 -0.327052 0.532222 0.409594 0.664838
689.200000000 75.900474 11.361665 97.646287 -0.327091 0.532020 0.409711 0.664908
689.600000000 75.261802 12.275211 97.612643 -0.395891 0.494176 0.460060 0.622419
690.200000000 74.464456 13.016193 97.484863 -0.496374 0.412717 0.536540 0.543510
690.400000000 74.517277 12.584688 97.342391 -0.490984 0.418702 0.531745 0.548517
690.500000000 74.288540 11.936326 97.161514 -0.494610 0.417293 0.533172 0.544936
690.600000000 74.145110 11.359352 97.013224 -0.493626 0.418495 0.532595 0.545470
690.700000000 74.050402 11.083242 96.909352 -0.493748 0.420212 0.531296 0.545306
690.900000000 74.178777 10.738940 96.793465 -0.486036 0.426549 0.526267 0.552149
691.000000000 73.861675 10.189331 96.621264 -0.490537 0.424070 0.528712 0.547724
691.100000000 73.627105 9.647291 96.463422 -0.488985 0.426110 0.527429 0.548764
691.200000000 73.456984 9.254922 96.334461 -0.489575 0.426431 0.527525 0.547896
691.700000000 73.070568 10.109693 96.215505 -0.522608 0.392268 0.553514 0.516362
691.800000000 64.377247 3.119910 102.043122 -0.540264 0.181991 0.595093 0.566444
691.900000000 64.328814 3.570025 102.240850 -0.537684 0.181959 0.595575 0.568399
692.000000000 64.044439 4.192926 102.468411 -0.547648 0.169745 0.599417 0.558540
692.100000000 63.712700 4.712868 102.635886 -0.568267 0.144904 0.606532 0.536837
692.300000000 63.746977 5.610825 103.079339 0.651266 -0.051641 -0.616479 -0.439476
692.400000000 63.621356 5.765966 103.076804 0.648582 -0.054582 -0.616471 -0.443086
692.500000000 63.397583 5.971757 103.076759 0.651090 -0.051140 -0.616441 -0.439848
692.700000000 62.702601 6.453237 103.058748 0.691606 0.006716 -0.617033 -0.375376
693.100000000 61.938863 6.908519 102.880205 0.751165 0.113958 -0.601889 -0.245955
693.200000000 62.370054 6.797316 102.897156 0.746841 0.104120 -0.603834 -0.258403
693.400000000 63.124068 6.610674 102.911940 0.739484 0.088426 -0.606696 -0.277963
693.600000000 63.685498 6.355111 102.831108 0.731177 0.073718 -0.610159 -0.296060
693.700000000 63.785907 6.336920 102.806145 0.724707 0.063516 -0.612603 -0.309004
694.300000000 64.740483 6.293902 102.838928 0.787502 0.245674 -0.560933 -0.069561
694.700000000 55.631215 0.530611 107.773505 0.802010 0.475955 -0.353617 0.072126
694.900000000 55.808052 0.523145 107.797678 0.801489 0.485058 -0.337136 0.093131
695.000000000 56.006255 0.783069 108.186263 0.801871 0.484042 -0.338185 0.091311
695.100000000 56.159173 0.901179 108.391399 0.801203 0.483392 -0.340683 0.091335
695.200000000 56.258184 0.987041 108.531196 0.800819 0.482280 -0.343413 0.090343
695.300000000 56.278093 1.019822 108.586228 0.800056 0.483114 -0.343264 0.093171
695.400000000 56.285860 1.061932 108.632673 0.799175 0.483337 -0.344475 0.095088
695.500000000 56.276730 1.077254 108.662637 0.798473 0.484307 -0.343896 0.098098
695.700000000 56.200371 1.117764 108.700450 0.798093 0.488646 -0.335833 0.107189
695.800000000 56.127892 1.081593 108.650969 0.796289 0.487398 -0.341631 0.107962
696.000000000 56.190133 1.125551 108.793044 0.797506 0.495196 -0.323555 0.118652
696.100000000 56.150807 1.209017 108.880179 0.795158 0.496686 -0.323882 0.126992
696.400000000 56.178056 1.257317 109.083917 0.797578 0.491011 -0.331882 0.112396
696.600000000 56.282086 1.354584 109.369150 0.793878 0.498781 -0.330659 0.107885
697.200000000 56.636199 1.455949 109.912668 0.792401 0.498211 -0.340311 0.089860
697.300000000 56.816973 1.524339 110.109339 0.792652 0.493624 -0.347637 0.084773
697.600000000 56.979323 1.591716 110.401675 0.794564 0.494731 -0.341517 0.085296
697.700000000 57.044776 1.603784 110.470149 0.795055 0.491549 -0.346202 0.080068
697.900000000 57.110881 1.597547 110.576922 0.797799 0.489590 -0.344247 0.072887
698.000000000 57.171874 1.598275 110.637739 0.796829 0.488485 -0.347811 0.073989
698.800000000 57.400237 1.775240 111.046318 0.759618 0.527573 -0.269812 0.268048
698.900000000 57.463001 1.728513 111.016255 0.762346 0.523812 -0.278256 0.258890
699.300000000 57.762614 1.855535 111.400262 0.762955 0.523302 -0.277604 0.258825
699.500000000 57.839167 1.837374 111.445048 0.763757 0.522255 -0.277519 0.258665
699.600000000 57.876114 1.806610 111.422487 0.762878 0.521847 -0.276684 0.262941
699.700000000 49.525329 -2.391233 114.405240 0.743611 0.598027 -0.135293 0.266650
699.800000000 49.600542 -2.414457 114.418310 0.743175 0.597582 -0.133061 0.269964
699.900000000 49.669460 -2.422017 114.423601 0.743045 0.596742 -0.133791 0.271813
700.100000000 49.825166 -2.431879 114.537477 0.741881 0.598257 -0.125143 0.275754
700.200000000 49.859729 -2.467321 114.505094 0.741386 0.598621 -0.124494 0.276589
700.300000000 49.931912 -2.474225 114.511675 0.742073 0.598356 -0.125898 0.274678
700.400000000 49.994311 -2.511764 114.498386 0.741649 0.598081 -0.125272 0.276700
700.500000000 50.050947 -2.525372 114.519941 0.741393 0.599186 -0.122100 0.276414
700.600000000 50.114312 -2.525026 114.534681 0.741440 0.598275 -0.123946 0.277436
700.800000000 50.303882 -2.616328 114.515000 0.739272 0.599635 -0.115607 0.283812
701.000000000 50.408546 -2.623203 114.538567 0.741876 0.598985 -0.121310 0.275901
701.200000000 50.532129 -2.642660 114.545527 0.740966 0.598746 -0.122436 0.278355
701.300000000 50.599136 -2.643258 114.519183 0.741356 0.596700 -0.128306 0.279066
701.500000000 50.750657 -2.678067 114.563892 0.741073 0.597840 -0.126872 0.278031
701.800000000 51.035748 -2.710031 114.575186 0.739693 0.596068 -0.123523 0.286878
702.000000000 51.140240 -2.730196 114.621431 0.742819 0.597070 -0.123248 0.276653
702.600000000 51.954932 -2.464309 115.490870 0.730454 0.593865 -0.086605 0.325977
702.700000000 51.944219 -2.454312 115.500159 0.734987 0.593815 -0.094797 0.313355
702.800000000 51.985439 -2.461928 115.491141 0.735118 0.592918 -0.097246 0.313995
702.900000000 52.038637 -2.515731 115.533752 0.739982 0.596949 -0.098682 0.293838
703.000000000 52.171791 -2.492265 115.535622 0.740055 0.594908 -0.102915 0.296330
703.300000000 52.458393 -2.518893 115.562208 0.737375 0.593772 -0.094850 0.307762
703.400000000 52.509670 -2.503278 115.539560 0.738386 0.592216 -0.098722 0.307117
703.600000000 52.734416 -2.541757 115.514614 0.737489 0.591016 -0.096260 0.312320
703.700000000 52.763675 -2.534465 115.501212 0.738595 0.590639 -0.098597 0.309680
703.800000000 52.833483 -2.569067 115.510351 0.739743 0.592385 -0.099482 0.303255
703.900000000 44.786430 -3.651885 118.135004 0.683823 0.643197 0.048556 0.341066
704.100000000 44.904372 -3.599461 118.419384 0.683551 0.645322 0.056050 0.336416
704.200000000 44.946745 -3.536754 118.543289 0.682761 0.642639 0.055534 0.343174
704.300000000 45.019893 -3.548543 118.544923 0.685543 0.644668 0.051256 0.334375
704.800000000 45.338779 -3.318881 119.191889 0.685439 0.643231 0.052361 0.337173
704.900000000 45.470337 -3.344312 119.024112 0.689414 0.641602 0.039571 0.333900
705.100000000 45.518841 -3.350016 119.090110 0.690087 0.645714 0.041738 0.324179
705.400000000 45.680333 -3.205122 119.462555 0.688449 0.645710 0.047322 0.326890
705.700000000 45.787160 -3.008088 120.119052 0.693030 0.650018 0.039352 0.309252
705.900000000 45.675897 -2.783426 120.783670 0.693175 0.650487 0.038429 0.308055
706.400000000 44.602715 -2.517746 121.320244 0.662497 0.629864 0.111779 0.389711
706.800000000 43.472420 -2.401649 121.150635 0.637162 0.630854 0.175776 0.406387
707.100000000 36.197945 -1.657240 123.435451 0.562125 0.637749 0.295277 0.436008
707.500000000 36.253042 -1.578505 123.550248 0.557919 0.642961 0.299587 0.430784
707.600000000 36.253953 -1.552295 123.599906 0.555417 0.644983 0.298477 0.431764
707.800000000 36.259914 -1.522015 123.658135 0.553701 0.647769 0.295660 0.431736
707.900000000 36.269673 -1.516969 123.685298 0.552872 0.648083 0.295980 0.432108
708.000000000 36.299724 -1.511934 123.723919 0.551984 0.648237 0.297223 0.432160
708.100000000 36.320491 -1.519616 123.720705 0.552765 0.649133 0.296155 0.430546
708.300000000 36.387090 -1.550431 123.712923 0.553428 0.648740 0.301500 0.426558
708.500000000 36.442662 -1.564536 123.722817 0.553221 0.650381 0.308054 0.419588
708.800000000 36.540263 -1.601161 123.712939 0.552304 0.650621 0.309254 0.419542
708.900000000 36.594237 -1.608158 123.709562 0.550858 0.650148 0.311067 0.420833
709.000000000 36.646339 -1.617085 123.702266 0.550322 0.649651 0.311746 0.421797
709.100000000 36.682846 -1.628789 123.697070 0.549447 0.649039 0.312707 0.423169
709.300000000 36.701016 -1.652353 123.698598 0.550372 0.650341 0.310657 0.421474
709.500000000 36.762675 -1.677222 123.701277 0.546641 0.648136 0.315702 0.425952
709.600000000 36.884469 -1.706294 123.590180 0.547910 0.649492 0.313198 0.424101
709.800000000 36.920783 -1.728888 123.577998 0.548062 0.649854 0.312386 0.423949
709.900000000 36.919517 -1.737003 123.587834 0.547936 0.650069 0.312291 0.423852
710.000000000 36.924939 -1.742285 123.597312 0.547474 0.650113 0.312888 0.423942
710.100000000 36.977961 -1.765295 123.554779 0.547385 0.649745 0.312568 0.424855
710.200000000 36.978428 -1.764609 123.579952 0.545958 0.649538 0.314573 0.425528
710.300000000 36.970836 -1.772591 123.590329 0.546824 0.650443 0.312920 0.424250
710.900000000 36.979751 -1.812641 123.628624 0.544205 0.651117 0.315305 0.424818
711.000000000 37.020601 -1.825215 123.585467 0.544423 0.651755 0.314763 0.423962
711.100000000 37.014537 -1.824668 123.594442 0.543970 0.652450 0.315457 0.422958
711.300000000 37.012350 -1.831371 123.594774 0.543799 0.653455 0.315164 0.421843
711.400000000 37.028357 -1.842254 123.584356 0.543566 0.653347 0.315148 0.422320
711.700000000 37.061766 -1.873581 123.522065 0.544112 0.654184 0.312738 0.422115
712.200000000 36.777594 -1.864035 123.698736 0.547613 0.657476 0.306043 0.417352
712.300000000 36.712045 -1.835076 123.811163 0.545855 0.657195 0.309122 0.417828
712.700000000 36.415905 -1.784794 124.090893 0.546243 0.658672 0.308081 0.415760
713.100000000 35.847393 -1.671292 124.690572 0.546907 0.660449 0.307696 0.412338
713.300000000 35.435235 -1.580745 125.160911 0.546914 0.660543 0.308741 0.411396
713.500000000 35.040702 -1.496146 125.605452 0.547802 0.661616 0.307674 0.409284
713.600000000 34.788913 -1.440352 125.902945 0.547596 0.661442 0.308394 0.409300
714.000000000 32.182430 3.447581 128.890944 0.490258 0.639653 0.363188 0.467531
714.100000000 31.894231 3.496526 129.137562 0.489892 0.638737 0.363611 0.468836
714.500000000 31.441085 3.591074 129.523507 0.492343 0.640321 0.360006 0.466886
714.900000000 30.982527 3.722386 129.983030 0.493682 0.642301 0.357935 0.464338
715.000000000 30.818088 3.762230 130.131195 0.493051 0.642056 0.358742 0.464725
716.300000000 30.281659 3.722092 129.953225 0.359639 0.534296 0.502042 0.577184
716.500000000 30.298276 3.766470 130.045245 0.357907 0.531965 0.503716 0.578952
716.600000000 30.394728 3.785265 130.060706 0.358488 0.532426 0.503184 0.578633
716.700000000 30.490297 3.810347 130.103571 0.357377 0.530726 0.504330 0.579882
716.900000000 30.601095 3.852620 130.175699 0.356940 0.530180 0.504959 0.580103
717.700000000 31.147869 3.896942 129.990888 0.391342 0.559019 0.473173 0.557187
717.800000000 31.306506 3.912563 130.007563 0.391802 0.558112 0.472906 0.557998
717.900000000 31.528266 3.940892 130.036269 0.391396 0.557696 0.473419 0.558264
718.400000000 32.245420 4.266813 130.800713 0.486021 0.627673 0.371527 0.481434
718.500000000 32.674310 4.221325 130.514128 0.486941 0.623729 0.371888 0.485335
718.600000000 32.850032 4.223746 130.495799 0.488091 0.620973 0.371709 0.487844
718.700000000 33.066560 4.218572 130.411366 0.488433 0.620144 0.371906 0.488406
718.900000000 33.315721 4.213391 130.342581 0.486971 0.620510 0.373314 0.488327
719.000000000 33.674768 4.079633 129.806595 0.514637 0.643133 0.331696 0.459899
719.200000000 27.599819 10.098509 132.204426 0.439628 0.640876 0.387439 0.495878
719.400000000 27.605072 10.089862 132.280906 0.508273 0.684590 0.288715 0.435476
719.500000000 27.803055 10.089013 132.204808 0.454122 0.652404 0.367831 0.482538
719.600000000 28.233455 10.013231 131.820987 0.504205 0.683016 0.293822 0.439244
719.800000000 28.837365 9.962906 131.552658 0.489064 0.672719 0.315289 0.457011
719.900000000 29.188512 9.879125 131.246163 0.501591 0.679411 0.294999 0.446970
720.000000000 29.851769 9.768862 130.742665 0.496358 0.675352 0.302345 0.454001
720.100000000 30.183457 9.734432 130.558845 0.495929 0.674678 0.302943 0.455071
720.200000000 30.533349 9.689020 130.328192 0.494354 0.674186 0.304737 0.456315
720.700000000 31.387520 9.595933 130.012432 0.482966 0.663055 0.320401 0.473756
720.900000000 32.101215 9.479109 129.539529 0.472252 0.653756 0.335406 0.486913
721.300000000 32.842063 9.355346 129.087990 0.476141 0.654105 0.329757 0.486515
721.500000000 33.485354 9.225543 128.614014 0.477279 0.653541 0.328017 0.487334
721.700000000 33.948218 9.124501 128.250266 0.487159 0.660154 0.314925 0.477174
721.900000000 34.146779 9.077275 128.103084 0.499658 0.668140 0.297612 0.464067
722.100000000 34.298961 9.073998 128.112374 0.500049 0.667662 0.297196 0.464600
722.300000000 27.002863 15.353841 130.219826 0.452645 0.665766 0.322468 0.497878
722.400000000 27.174344 15.338209 130.163587 0.452613 0.665196 0.322608 0.498577
722.500000000 27.368508 15.322150 130.090315 0.452087 0.664916 0.323730 0.498701
722.800000000 27.513359 15.343811 130.171596 0.454116 0.667015 0.321883 0.495239
723.000000000 27.621019 15.335831 130.203383 0.455617 0.668079 0.320486 0.493327
723.100000000 27.677247 15.328312 130.227888 0.457410 0.668496 0.317845 0.492811
723.200000000 27.690850 15.335780 130.296600 0.458910 0.668846 0.315736 0.492297
723.300000000 27.547118 15.393435 130.534462 0.454413 0.665880 0.321859 0.496507
723.400000000 27.597017 15.387261 130.563669 0.455009 0.666374 0.321573 0.495483
723.600000000 27.540027 15.405573 130.754343 0.456532 0.667357 0.319670 0.493988
723.800000000 27.584765 15.385003 130.863654 0.459083 0.668698 0.316374 0.491928
723.900000000 27.668187 15.349408 130.850691 0.462368 0.670770 0.311733 0.488985
724.000000000 27.792563 15.323385 130.826295 0.462402 0.671541 0.312414 0.487458
724.200000000 27.613080 15.387179 131.242259 0.450165 0.662819 0.328829 0.499894
724.600000000 27.694278 15.317548 131.540292 0.440712 0.656764 0.341920 0.507469
724.700000000 27.726143 15.285890 131.614022 0.441328 0.656551 0.341116 0.507750
724.800000000 27.866260 15.234120 131.593825 0.441016 0.656487 0.341703 0.507709
725.300000000 28.546205 14.974883 131.602739 0.442279 0.656623 0.340690 0.507115
725.400000000 28.690069 14.909725 131.588770 0.442094 0.656383 0.341412 0.507102
725.500000000 28.845636 14.900158 131.701718 0.443295 0.656935 0.340009 0.506280
725.600000000 18.617907 23.227358 132.689463 0.419205 0.627669 0.323050 0.570909
725.900000000 19.087743 23.007531 132.704550 0.416829 0.626944 0.326183 0.571663
726.300000000 19.602660 22.722642 132.752049 0.418562 0.629288 0.324598 0.568716
726.400000000 19.738865 22.652911 132.771722 0.418560 0.629473 0.324730 0.568438
726.600000000 19.944813 22.461028 132.733218 0.418440 0.628691 0.324544 0.569497
726.700000000 20.120446 22.422457 132.792736 0.418099 0.629384 0.325043 0.568696
726.800000000 20.261944 22.350593 132.799128 0.417743 0.630172 0.325969 0.567554
727.200000000 20.821485 22.074287 132.890369 0.417933 0.629667 0.325523 0.568231
727.400000000 21.052382 21.888158 132.836054 0.417366 0.630033 0.326360 0.567761
727.800000000 21.574805 21.609292 132.911407 0.418864 0.629936 0.324655 0.567744
727.900000000 21.689745 21.498659 132.825185 0.418395 0.630628 0.325298 0.566952
728.200000000 22.101376 21.319778 132.957637 0.418429 0.628179 0.324949 0.569840
728.400000000 22.362318 21.168144 132.935631 0.417922 0.627826 0.325530 0.570268
728.500000000 22.467753 21.070074 132.869240 0.417633 0.628274 0.325851 0.569804
728.600000000 22.558284 21.014750 132.911450 0.419232 0.628502 0.324162 0.569341
728.700000000 22.693124 20.928553 132.879020 0.419980 0.628529 0.323319 0.569238
728.800000000 22.795610 20.871497 132.887501 0.419909 0.628301 0.323290 0.569559
729.100000000 23.247151 20.712753 132.904910 0.419473 0.628093 0.323677 0.569891
729.700000000 24.048628 20.407462 132.822901 0.418593 0.628994 0.324285 0.569197
729.900000000 24.296666 20.329883 132.823836 0.419253 0.628921 0.323221 0.569398
730.000000000 24.393011 20.281983 132.782284 0.418850 0.629239 0.323653 0.569097
730.100000000 24.558362 20.264157 132.786665 0.418351 0.629558 0.324137 0.568836
730.300000000 24.843028 20.200080 132.738748 0.419260 0.630835 0.323118 0.567330
730.400000000 24.965705 20.170361 132.707492 0.418757 0.631357 0.323647 0.566819
730.500000000 12.723171 28.191316 132.301584 0.404091 0.589490 0.298477 0.632553
730.700000000 13.044297 28.151655 132.343528 0.403552 0.590106 0.299234 0.631965
730.900000000 13.328782 28.109165 132.355604 0.403838 0.591055 0.298840 0.631081
731.000000000 13.434817 28.056832 132.295759 0.402982 0.591515 0.299707 0.630786
731.300000000 13.863094 27.979626 132.252178 0.403164 0.592540 0.299373 0.629866
732.400000000 14.303559 28.335100 132.663219 0.400371 0.592507 0.303352 0.629775
732.500000000 14.433328 28.342612 132.639551 0.399924 0.593262 0.303942 0.629063
732.600000000 14.477025 28.358733 132.620087 0.400099 0.593799 0.303998 0.628418
732.800000000 15.064171 28.381522 132.588414 0.396944 0.594997 0.307370 0.627644
732.900000000 15.017342 28.351785 132.546871 0.399341 0.593880 0.304926 0.628374
733.000000000 15.176971 28.333037 132.486500 0.399299 0.594211 0.305005 0.628049
733.100000000 15.293695 28.344736 132.454446 0.399672 0.595289 0.305017 0.626784
733.300000000 15.373055 28.337353 132.357950 0.401381 0.595751 0.303295 0.626089
733.400000000 15.607074 28.376941 132.383525 0.401110 0.596846 0.304164 0.624796
733.600000000 15.857737 28.370850 132.306145 0.400411 0.596927 0.304994 0.624762
733.700000000 15.949530 28.429168 132.353609 0.400773 0.597234 0.305117 0.624177
733.900000000 16.301935 28.405275 132.212763 0.400936 0.598611 0.304956 0.622830
734.000000000 16.251848 28.461748 132.265869 0.404028 0.599210 0.302319 0.621540
734.200000000 16.429489 28.435896 132.096476 0.404502 0.600564 0.302436 0.619866
734.500000000 16.908549 28.500933 132.074812 0.402549 0.600631 0.304634 0.619995
734.700000000 17.209763 28.519164 132.006375 0.401857 0.601308 0.305715 0.619256
735.000000000 17.630770 28.638966 132.043220 0.401951 0.602728 0.306644 0.617352
735.200000000 17.913167 28.627833 131.939653 0.401843 0.602918 0.306991 0.617064
735.300000000 18.036610 28.681563 131.955254 0.401696 0.603323 0.307588 0.616467
735.800000000 18.818948 28.742309 131.851017 0.399542 0.601867 0.309776 0.618192
736.000000000 19.065585 28.788371 131.851719 0.401907 0.602433 0.307837 0.617075
736.600000000 19.856217 28.838691 131.743528 0.401417 0.599728 0.308457 0.619714
736.800000000 20.100239 28.867988 131.749784 0.402336 0.598986 0.307502 0.620310
737.100000000 20.575876 28.866617 131.699871 0.401703 0.597942 0.307871 0.621542
737.200000000 20.595614 28.912375 131.710732 0.403460 0.599356 0.306619 0.619659
737.300000000 20.627399 28.943500 131.738099 0.406522 0.599360 0.303431 0.619223
737.400000000 11.064644 35.138581 129.938146 0.363820 0.594964 0.313759 0.644366
737.500000000 11.209834 35.156774 129.939760 0.362122 0.594564 0.315385 0.644898
737.900000000 11.778482 35.172220 129.930960 0.363073 0.592228 0.313839 0.647262
738.300000000 12.389434 35.209020 129.891556 0.363059 0.592031 0.313877 0.647433
738.600000000 12.782228 35.259173 129.876164 0.364274 0.591571 0.312405 0.647882
738.700000000 12.910964 35.284459 129.880180 0.363633 0.590929 0.312814 0.648630
738.900000000 13.178779 35.345042 129.871313 0.362938 0.590806 0.313416 0.648841
739.000000000 13.304193 35.368675 129.870614 0.363111 0.590091 0.312980 0.649605
739.200000000 13.573153 35.396445 129.810630 0.365436 0.590778 0.311179 0.648541
739.300000000 13.703860 35.427490 129.798166 0.365601 0.590610 0.311032 0.648672
739.400000000 13.849038 35.464554 129.791781 0.365011 0.590559 0.311554 0.648801
739.700000000 14.228418 35.551416 129.749261 0.366342 0.588985 0.309946 0.650249
739.800000000 14.378220 35.579162 129.725351 0.366794 0.589894 0.309608 0.649330
740.100000000 14.778941 35.665894 129.691159 0.366764 0.587761 0.308922 0.651604
740.400000000 15.155700 35.779645 129.645787 0.367021 0.588068 0.308868 0.651208
740.500000000 15.275980 35.799285 129.623941 0.368498 0.587517 0.307363 0.651584
740.600000000 15.380944 35.832459 129.597469 0.369019 0.588200 0.307115 0.650789
740.700000000 15.625257 35.833191 129.574434 0.367918 0.587487 0.307943 0.651665
740.800000000 15.703583 35.863313 129.569116 0.368888 0.586586 0.306727 0.652500
740.900000000 15.863617 35.878690 129.546884 0.369011 0.586442 0.306614 0.652614
741.100000000 16.192414 35.915609 129.507828 0.368239 0.586862 0.307876 0.652077
741.400000000 16.630031 35.945346 129.473491 0.368817 0.585197 0.307082 0.653620
741.500000000 16.750766 35.958457 129.473905 0.368968 0.584624 0.306525 0.654308
741.900000000 17.355062 35.961552 129.457549 0.367820 0.583790 0.307972 0.655020
742.000000000 17.442482 35.970805 129.457191 0.368893 0.584407 0.307193 0.654232
742.100000000 17.619758 35.958407 129.465018 0.368463 0.583977 0.307543 0.654693
742.200000000 17.737020 35.948851 129.466942 0.369282 0.584079 0.306674 0.654549
742.300000000 17.852910 35.937816 129.471406 0.370049 0.584326 0.306052 0.654186
742.400000000 18.045036 35.899179 129.471549 0.368804 0.583462 0.306845 0.655287
742.700000000 18.443632 35.835089 129.512898 0.368809 0.583622 0.307144 0.655002
742.800000000 18.633326 35.783285 129.528201 0.368801 0.582811 0.306788 0.655895
743.200000000 19.134503 35.647007 129.626784 0.368817 0.584122 0.306976 0.654631
743.300000000 19.295725 35.594233 129.651963 0.368828 0.584963 0.306854 0.653930
744.000000000 20.164784 35.207744 129.926454 0.368346 0.586675 0.307370 0.652424
744.200000000 20.402945 35.068633 130.021884 0.367970 0.586007 0.307637 0.653110
744.300000000 20.578252 34.992092 130.065709 0.367043 0.586884 0.308289 0.652536
744.500000000 20.912084 34.824673 130.145337 0.365785 0.587863 0.309740 0.651674
744.600000000 20.987767 34.752686 130.205026 0.366794 0.587290 0.308640 0.652145
744.900000000 14.171153 38.556005 128.285751 0.332549 0.566449 0.312218 0.686343
745.500000000 13.350559 38.544886 129.004378 0.330681 0.564936 0.313813 0.687764
745.800000000 13.721110 38.300599 129.242874 0.328803 0.566753 0.315553 0.686372
745.900000000 13.915233 38.188732 129.314356 0.327788 0.565914 0.316033 0.687327
746.100000000 14.150075 38.028444 129.480375 0.326675 0.566372 0.317242 0.686923
746.200000000 14.237435 37.960452 129.570669 0.326048 0.567144 0.317667 0.686388
746.400000000 14.511548 37.770946 129.705903 0.328902 0.568595 0.315269 0.684930
746.500000000 14.636020 37.689550 129.775252 0.328028 0.569465 0.316108 0.684240
747.000000000 15.270380 37.270126 130.143387 0.326235 0.570360 0.317258 0.683818
747.300000000 15.661118 37.024432 130.349804 0.327671 0.571797 0.315922 0.682549
747.500000000 15.886578 36.869637 130.492390 0.327612 0.571384 0.315942 0.682914
747.800000000 16.274063 36.644034 130.688360 0.326731 0.571792 0.316418 0.682774
748.300000000 16.918934 36.298534 131.003280 0.327083 0.572296 0.316112 0.682325
748.400000000 17.081068 36.221236 131.053622 0.326445 0.571668 0.316630 0.682917
748.500000000 17.154307 36.177738 131.123537 0.326287 0.572056 0.316445 0.682753
748.600000000 17.333074 36.101808 131.169535 0.325886 0.571916 0.316927 0.682838
748.700000000 17.481577 36.043403 131.223347 0.325369 0.572276 0.317338 0.682592
748.800000000 17.584790 35.991355 131.281843 0.325844 0.572006 0.316778 0.682852
749.100000000 17.926613 35.844268 131.444953 0.326026 0.571510 0.316524 0.683298
749.300000000 18.199572 35.750595 131.535735 0.326499 0.572731 0.316040 0.682272
749.500000000 18.434154 35.663599 131.625505 0.326580 0.571752 0.315757 0.683185
749.700000000 14.098951 38.570395 129.998928 0.302246 0.551684 0.314406 0.710944
749.800000000 14.231699 38.536463 130.052452 0.301969 0.551305 0.314587 0.711275
749.900000000 14.307561 38.522550 130.104514 0.301967 0.551636 0.314590 0.711018
750.000000000 14.414368 38.488057 130.155426 0.302600 0.550663 0.313914 0.711802
750.400000000 14.790634 38.421786 130.348646 0.302908 0.549573 0.313377 0.712749
750.500000000 14.916342 38.404015 130.386969 0.302319 0.549430 0.313849 0.712901
750.800000000 15.318555 38.338667 130.499643 0.303039 0.548722 0.313205 0.713424
750.900000000 15.397141 38.347008 130.540701 0.302849 0.548590 0.313365 0.713537
751.000000000 15.550613 38.329316 130.568431 0.303945 0.549169 0.312586 0.712966
751.200000000 15.849181 38.295167 130.620650 0.303448 0.548958 0.313002 0.713157
751.300000000 16.005428 38.270936 130.644013 0.304133 0.548485 0.312443 0.713475
751.500000000 16.178620 38.303646 130.712156 0.303904 0.548503 0.312597 0.713492
751.900000000 16.739213 38.289606 130.796210 0.303979 0.547990 0.312565 0.713867
752.400000000 17.292979 38.362747 130.911679 0.303319 0.545900 0.312889 0.715605
752.500000000 17.443791 38.374951 130.924136 0.303577 0.546269 0.312830 0.715240
752.600000000 17.569626 38.383333 130.933636 0.303514 0.545867 0.312818 0.715579
752.700000000 17.715957 38.393488 130.945877 0.303678 0.545861 0.312866 0.715493
752.800000000 17.879214 38.399348 130.949669 0.304809 0.546611 0.311976 0.714828
753.400000000 18.711530 38.536244 131.030854 0.302964 0.546152 0.313611 0.715247
753.500000000 18.843630 38.556568 131.043033 0.302973 0.545568 0.313587 0.715700
753.700000000 19.128144 38.602118 131.062236 0.302853 0.545352 0.313583 0.715917
754.000000000 19.509019 38.695995 131.100062 0.302285 0.544313 0.313695 0.716898
754.100000000 19.667414 38.717970 131.104575 0.302212 0.544955 0.313949 0.716329
754.200000000 19.807537 38.745346 131.109880 0.302383 0.544910 0.313839 0.716339
754.500000000 20.130267 38.854234 131.145081 0.302103 0.543926 0.313959 0.717153
754.800000000 20.513838 38.946443 131.179260 0.301273 0.542738 0.314272 0.718264
754.900000000 20.682512 38.961515 131.187193 0.301557 0.542658 0.314119 0.718272
755.400000000 21.367917 39.101782 131.232343 0.301322 0.541930 0.314040 0.718955
756.100000000 21.831303 42.644822 130.917521 0.273604 0.546721 0.312599 0.726993
756.300000000 22.176928 42.690440 130.945037 0.272887 0.547461 0.313095 0.726492
756.400000000 22.240776 42.730573 130.960610 0.272808 0.546250 0.313115 0.727424
756.500000000 22.389442 42.763727 130.984406 0.271703 0.546229 0.313792 0.727562
756.600000000 22.551567 42.785150 130.995398 0.271916 0.547115 0.313883 0.726777
756.700000000 22.722210 42.797682 131.005334 0.272126 0.547569 0.313559 0.726496
756.800000000 22.862733 42.818211 131.026052 0.271794 0.546699 0.313632 0.727243
756.900000000 23.002507 42.838437 131.045340 0.271823 0.546535 0.313495 0.727415
757.000000000 23.110409 42.873451 131.061319 0.271791 0.546966 0.313630 0.727045
757.100000000 23.218435 42.901440 131.084551 0.271931 0.546843 0.313559 0.727115
757.200000000 23.352069 42.929438 131.102099 0.271704 0.547379 0.313925 0.726639
757.400000000 23.548861 43.003911 131.152275 0.269852 0.547304 0.315094 0.726880
757.900000000 24.271853 43.078203 131.261872 0.270533 0.549336 0.314461 0.725366
758.000000000 24.442185 43.073225 131.278525 0.271536 0.549401 0.313643 0.725296
758.100000000 24.514895 43.103342 131.306121 0.271568 0.549173 0.313650 0.725454
758.300000000 24.766614 43.142496 131.368433 0.270372 0.549503 0.314635 0.725224
758.500000000 25.127502 43.130876 131.420102 0.270028 0.549914 0.314606 0.725054
758.600000000 25.236275 43.148834 131.449477 0.270144 0.549947 0.314411 0.725069
758.700000000 25.315567 43.174842 131.483958 0.269780 0.549795 0.314647 0.725218
758.900000000 25.615442 43.177962 131.539367 0.270432 0.551229 0.314392 0.723996
759.000000000 25.713336 43.194795 131.574618 0.270297 0.551097 0.314431 0.724131
759.100000000 25.853643 43.199689 131.607636 0.270242 0.551445 0.314491 0.723860
759.200000000 26.001844 43.196411 131.640498 0.270292 0.551352 0.314343 0.723976
759.300000000 26.146085 43.198007 131.674344 0.269587 0.551803 0.314944 0.723634
760.000000000 26.943612 43.219368 131.945197 0.268515 0.552171 0.315586 0.723472
760.200000000 27.261148 43.188668 132.030394 0.268204 0.551923 0.315654 0.723747
760.400000000 27.545778 43.170616 132.115289 0.267758 0.552529 0.316113 0.723249
760.600000000 27.712078 43.177496 132.206831 0.267748 0.552172 0.315981 0.723583
761.000000000 28.057072 43.188002 132.395979 0.267466 0.552610 0.316606 0.723080
761.100000000 28.283747 43.142166 132.433873 0.267604 0.552792 0.316307 0.723021
761.200000000 28.574413 43.083030 132.471231 0.267580 0.553559 0.316121 0.722524
762.000000000 29.204326 43.080610 132.881040 0.266619 0.552945 0.316911 0.723003
762.200000000 29.517364 43.021162 132.974145 0.266803 0.553081 0.316698 0.722925
762.300000000 29.675683 42.996569 133.023539 0.266462 0.553163 0.316890 0.722903
762.500000000 29.889930 42.961275 133.134700 0.266120 0.551398 0.316674 0.724471
762.900000000 30.418182 42.886388 133.333192 0.265417 0.552531 0.317472 0.723515
763.200000000 30.826503 42.817912 133.487613 0.265514 0.552587 0.317235 0.723542
763.300000000 34.840878 46.104491 134.498377 0.248254 0.563238 0.304799 0.726795
763.700000000 35.444842 46.003524 134.692384 0.248424 0.563437 0.304299 0.726792
763.900000000 35.659323 45.980857 134.796461 0.247710 0.562740 0.304735 0.727393
764.200000000 36.268645 45.854682 134.928393 0.248566 0.563532 0.304089 0.726757
764.400000000 36.431672 45.850358 135.033904 0.248177 0.562993 0.304126 0.727292
764.700000000 36.798548 45.820091 135.182521 0.247062 0.563267 0.305195 0.727012
765.100000000 37.389056 45.741863 135.360253 0.247274 0.564209 0.304581 0.726467
765.300000000 37.694343 45.694115 135.452413 0.246628 0.563328 0.304988 0.727199
765.400000000 37.859117 45.663440 135.482565 0.248157 0.564541 0.303875 0.726203
765.700000000 38.207969 45.634568 135.615584 0.248328 0.564400 0.303588 0.726375
766.300000000 39.000646 45.550578 135.847534 0.248043 0.565079 0.303557 0.725957
766.900000000 39.820864 45.473948 136.071744 0.248818 0.564836 0.302783 0.726205
767.000000000 39.949654 45.467753 136.106865 0.248173 0.564572 0.303225 0.726445
767.200000000 40.170005 45.480850 136.187181 0.247643 0.564348 0.303547 0.726666
768.000000000 41.242324 45.464276 136.347856 0.250963 0.566305 0.300915 0.725098
768.400000000 41.737678 45.527242 136.415275 0.250949 0.565388 0.300474 0.726000
768.800000000 42.270852 45.592725 136.442183 0.251205 0.565471 0.300248 0.725941
769.100000000 42.663173 45.666085 136.462238 0.251649 0.565358 0.299621 0.726134
769.300000000 42.930241 45.718287 136.462411 0.252383 0.565582 0.299005 0.725959
769.500000000 43.227893 45.778387 136.471419 0.251949 0.565634 0.299317 0.725940
769.700000000 43.474887 45.845705 136.464521 0.252093 0.565977 0.299152 0.725691
769.800000000 43.632909 45.864727 136.459230 0.252439 0.565814 0.298855 0.725820
770.400000000 44.487830 46.057930 136.426927 0.252803 0.566513 0.298358 0.725353
770.600000000 44.744834 46.132488 136.421125 0.253719 0.566192 0.297500 0.725636
771.000000000 52.200104 50.165756 138.268506 0.239311 0.591092 0.278455 0.718195
771.100000000 52.341197 50.194000 138.244250 0.240061 0.591781 0.277771 0.717641
771.200000000 52.478643 50.247556 138.250055 0.239640 0.591364 0.278002 0.718036
771.400000000 52.788695 50.289564 138.202174 0.240481 0.592341 0.277525 0.717134
771.500000000 52.929514 50.321425 138.194531 0.240558 0.591428 0.276981 0.718071
771.600000000 53.084894 50.364039 138.189444 0.240375 0.591858 0.277176 0.717703
771.900000000 53.518956 50.435952 138.127352 0.240820 0.593075 0.277046 0.716598
772.000000000 53.660083 50.467680 138.126039 0.240830 0.591967 0.276587 0.717688
772.300000000 54.100731 50.565316 138.112778 0.241031 0.591860 0.276233 0.717845
772.400000000 54.242847 50.574241 138.073614 0.241495 0.593349 0.276215 0.716465
772.500000000 54.379472 50.610048 138.082529 0.241746 0.592254 0.275292 0.717641
772.700000000 54.658522 50.664318 138.065151 0.242702 0.593322 0.274462 0.716754
773.100000000 55.252122 50.766754 138.054316 0.242316 0.594765 0.274659 0.715612
773.300000000 55.532460 50.797334 138.037808 0.242582 0.595422 0.274569 0.715009
773.400000000 55.683972 50.832276 138.054185 0.242585 0.595739 0.274629 0.714721
773.500000000 55.817173 50.850373 138.050552 0.241973 0.595807 0.275048 0.714711
773.800000000 56.238765 50.895441 138.057380 0.242603 0.597244 0.273792 0.713780
773.900000000 56.374180 50.919689 138.058284 0.241590 0.598807 0.274279 0.712625
774.200000000 56.779266 50.948656 138.086369 0.242798 0.597970 0.273375 0.713265
774.300000000 56.927551 50.962299 138.095047 0.242785 0.599068 0.273414 0.712333
774.400000000 57.076897 50.967304 138.109587 0.243076 0.599190 0.272894 0.712330
774.600000000 57.349791 50.995756 138.138233 0.243250 0.601116 0.272720 0.710713
774.800000000 57.623722 50.998423 138.164201 0.241565 0.600809 0.273575 0.711219
774.900000000 57.772465 51.001324 138.179725 0.241466 0.601821 0.273567 0.710399
775.200000000 58.221769 50.979934 138.241259 0.242056 0.601623 0.272781 0.710669
775.400000000 58.478019 50.977842 138.291397 0.242224 0.601414 0.272588 0.710862
775.500000000 58.595284 50.981671 138.317436 0.242081 0.601970 0.272593 0.710438
775.700000000 58.888636 50.952374 138.366695 0.242695 0.601635 0.272114 0.710696
775.800000000 58.983934 50.951982 138.397837 0.242481 0.601285 0.272251 0.711012
775.900000000 59.137966 50.928862 138.426516 0.242590 0.600661 0.271937 0.711622
776.000000000 59.293039 50.909589 138.461243 0.243133 0.600164 0.271313 0.712095
776.100000000 59.413744 50.899907 138.495205 0.243299 0.599771 0.271398 0.712337
776.200000000 59.516078 50.900151 138.533453 0.243253 0.600159 0.271075 0.712149
776.300000000 59.671115 50.883063 138.562307 0.242455 0.600951 0.271695 0.711516
776.500000000 59.916043 50.843760 138.639473 0.243494 0.599356 0.270652 0.712903
776.600000000 60.057727 50.820342 138.683361 0.243704 0.598260 0.270340 0.713870
776.900000000 60.527166 50.737587 138.798389 0.244690 0.598313 0.269772 0.713702
777.000000000 60.628372 50.727668 138.842476 0.244321 0.598148 0.269836 0.713943
777.600000000 61.423420 50.577257 139.114782 0.244736 0.596527 0.269277 0.715367
777.700000000 61.538629 50.554084 139.164996 0.244955 0.595877 0.269063 0.715913
777.800000000 61.630077 50.538800 139.217306 0.245007 0.595536 0.268849 0.716260
778.000000000 61.882432 50.492302 139.312608 0.245235 0.596538 0.268467 0.715491
778.400000000 62.449030 50.368528 139.501804 0.245535 0.596866 0.268123 0.715244
779.300000000 63.561937 50.111913 139.983465 0.237782 0.591482 0.253699 0.727492
779.500000000 63.956982 50.032621 140.099215 0.239629 0.590765 0.252521 0.727879
779.800000000 64.307186 50.002139 140.296293 0.240918 0.588661 0.252482 0.729171
780.100000000 64.618150 50.007754 140.505596 0.241292 0.586745 0.253476 0.730245
780.200000000 64.653309 50.037367 140.584279 0.241753 0.586314 0.253737 0.730349
780.400000000 65.030707 50.002641 140.713731 0.242005 0.586647 0.255075 0.729531
780.800000000 65.299177 50.093498 141.019002 0.242879 0.584502 0.257291 0.730184
780.900000000 65.424506 50.090011 141.098877 0.243080 0.582725 0.257708 0.731389
781.200000000 73.157661 54.090339 142.126402 0.232346 0.600559 0.241671 0.725906
781.300000000 73.181945 54.125336 142.202662 0.232361 0.599691 0.242125 0.726467
781.400000000 73.278942 54.178627 142.272358 0.234171 0.602320 0.241928 0.723771
781.500000000 73.308649 54.205533 142.352436 0.234621 0.600659 0.241870 0.725024
781.900000000 73.686426 54.305752 142.612262 0.234879 0.601222 0.243796 0.723828
782.000000000 73.730626 54.344189 142.689344 0.235439 0.600897 0.243316 0.724078
782.100000000 73.803694 54.380898 142.738341 0.234312 0.602117 0.244490 0.723033
782.400000000 73.945579 54.504769 142.927697 0.234339 0.602856 0.244507 0.722403
782.500000000 73.995962 54.541902 142.993556 0.234213 0.602520 0.244706 0.722657
782.600000000 74.073188 54.602598 143.037632 0.233115 0.605003 0.245927 0.720520
783.100000000 74.156547 54.831807 143.365951 0.234443 0.603113 0.244701 0.722089
783.200000000 74.167044 54.885651 143.418704 0.234096 0.603791 0.245081 0.721506
783.300000000 74.203346 54.938746 143.471009 0.233906 0.604052 0.245156 0.721324
784.400000000 74.273826 55.571339 144.050112 0.236745 0.600761 0.247134 0.722470
784.600000000 74.250553 55.687954 144.150926 0.237959 0.600678 0.247078 0.722159
784.900000000 74.127431 55.918585 144.277474 0.238309 0.601567 0.248457 0.720829
785.300000000 74.151873 56.126594 144.429306 0.238675 0.601123 0.250143 0.720496
785.700000000 74.003754 56.400050 144.561053 0.239443 0.602560 0.251924 0.718417
785.800000000 73.978149 56.454734 144.581620 0.239445 0.602523 0.252390 0.718284
786.100000000 73.740971 56.673434 144.679468 0.240725 0.602459 0.252394 0.717908
786.800000000 73.396601 57.063172 144.809740 0.241275 0.604335 0.254290 0.715474
786.900000000 73.318509 57.117918 144.825944 0.242127 0.603957 0.254019 0.715601
787.500000000 72.940229 57.369753 144.878686 0.241937 0.601853 0.254505 0.717264
787.600000000 72.843543 57.418810 144.882911 0.242404 0.601993 0.254236 0.717083
787.800000000 72.690251 57.516189 144.885297 0.241887 0.602980 0.254719 0.716257
787.900000000 72.656359 57.544886 144.881311 0.241810 0.603073 0.254681 0.716219
788.100000000 72.509296 57.620974 144.868463 0.239806 0.603143 0.256181 0.716298
788.300000000 72.387825 57.671276 144.852413 0.240587 0.603065 0.255531 0.716334
788.500000000 72.207074 57.750804 144.831659 0.240521 0.604442 0.255289 0.715281
788.600000000 72.156212 57.772699 144.817274 0.240717 0.605055 0.255255 0.714708
788.900000000 71.808241 57.894649 144.788780 0.242239 0.606364 0.253743 0.713622
789.000000000 71.770368 57.893063 144.767897 0.239733 0.604964 0.255543 0.715014
789.300000000 71.602341 57.940657 144.700764 0.239666 0.607216 0.255707 0.713066
789.600000000 71.274196 58.010361 144.655018 0.240013 0.606401 0.254279 0.714153
790.100000000 70.825928 58.063940 144.537369 0.241005 0.606973 0.253123 0.713743
790.200000000 70.760516 58.060131 144.510243 0.240673 0.606733 0.253077 0.714075
790.300000000 70.640436 58.080361 144.485625 0.240213 0.606800 0.253282 0.714100
790.600000000 70.468753 58.051898 144.392076 0.240439 0.607233 0.252589 0.713902
790.800000000 70.265378 58.056472 144.334586 0.239676 0.606979 0.252959 0.714244
791.000000000 70.105928 58.041488 144.264298 0.239154 0.607702 0.253194 0.713720
791.400000000 76.886612 61.990915 144.126904 0.229786 0.623683 0.232368 0.710086
791.500000000 76.780955 61.987328 144.092619 0.229342 0.624459 0.232841 0.709394
791.900000000 76.451859 61.917869 143.959029 0.228863 0.624820 0.232472 0.709351
792.000000000 76.353122 61.896032 143.928639 0.228593 0.624121 0.232370 0.710086
792.300000000 76.114600 61.818628 143.826867 0.228060 0.623545 0.231855 0.710932
792.500000000 75.894829 61.797091 143.759467 0.228191 0.624728 0.231632 0.709923
792.600000000 75.795199 61.782703 143.721322 0.227212 0.625442 0.232277 0.709397
792.700000000 75.740673 61.747973 143.681175 0.226977 0.626089 0.232203 0.708926
792.800000000 75.623568 61.724419 143.652150 0.227204 0.625085 0.231639 0.709922
792.900000000 75.575198 61.691353 143.608306 0.227092 0.626358 0.231702 0.708815
793.200000000 75.263421 61.632193 143.503004 0.226248 0.627184 0.231699 0.708356
793.300000000 75.121299 61.617572 143.473666 0.226351 0.626627 0.231260 0.708959
793.500000000 74.987332 61.538958 143.398100 0.225762 0.626418 0.230909 0.709445
793.600000000 74.897975 61.509277 143.362089 0.225644 0.626683 0.230896 0.709253
793.800000000 74.668164 61.474872 143.290188 0.225193 0.628077 0.231001 0.708128
793.900000000 74.529485 61.461019 143.260867 0.225401 0.628100 0.230607 0.708170
794.300000000 74.212634 61.321062 143.111001 0.224100 0.629236 0.230951 0.707463
795.000000000 73.423527 61.156992 142.885794 0.223342 0.631057 0.230146 0.706341
795.300000000 73.126103 61.072891 142.794885 0.222794 0.631091 0.230065 0.706510
795.400000000 72.983786 61.051839 142.771165 0.223040 0.630287 0.229505 0.707332
795.500000000 72.901355 61.018065 142.735150 0.222707 0.630714 0.229693 0.706996
796.000000000 72.342470 60.908384 142.600733 0.222266 0.631493 0.229620 0.706463
796.100000000 72.165424 60.917120 142.587956 0.222534 0.631433 0.229291 0.706538
796.200000000 72.094353 60.881238 142.551039 0.222300 0.632133 0.229213 0.706011
796.300000000 71.975631 60.858604 142.528036 0.222211 0.631496 0.229293 0.706583
796.600000000 71.640497 60.797112 142.454780 0.221756 0.631079 0.229328 0.707088
796.700000000 71.503247 60.786090 142.443249 0.222553 0.630053 0.228775 0.707931
796.900000000 71.255987 60.753598 142.404412 0.222137 0.629066 0.229509 0.708701
797.000000000 78.076700 64.394366 141.960255 0.211066 0.645239 0.211450 0.703141
797.200000000 77.829084 64.373351 141.934779 0.210953 0.644549 0.211361 0.703833
797.300000000 77.721968 64.361549 141.918856 0.210728 0.644580 0.211676 0.703778
797.400000000 77.594630 64.345409 141.899815 0.211132 0.644617 0.211545 0.703662
797.500000000 77.473324 64.336848 141.886475 0.210882 0.644402 0.211583 0.703923
797.700000000 77.244634 64.335911 141.869444 0.211596 0.644537 0.211248 0.703686
798.000000000 76.866911 64.323782 141.832230 0.211487 0.644110 0.211662 0.703985
798.100000000 76.731187 64.315249 141.817422 0.211945 0.643846 0.211355 0.704180
798.200000000 76.619300 64.318103 141.809751 0.211666 0.643653 0.211549 0.704383
798.300000000 76.515135 64.312356 141.794644 0.211041 0.643446 0.212260 0.704546
798.600000000 76.109041 64.322986 141.769418 0.210892 0.642485 0.212568 0.705374
799.000000000 75.610644 64.349327 141.735061 0.210602 0.642357 0.213599 0.705265
799.100000000 75.493445 64.347472 141.714998 0.210340 0.643126 0.214273 0.704438
799.200000000 75.365614 64.347461 141.703770 0.210388 0.643166 0.214401 0.704348
799.300000000 75.239381 64.363414 141.708361 0.210488 0.642696 0.214429 0.704739
799.600000000 74.873584 64.394704 141.718281 0.210456 0.641108 0.214589 0.706145
799.700000000 74.742902 64.387142 141.703545 0.210568 0.641427 0.214828 0.705749
800.100000000 74.247280 64.429087 141.729126 0.209559 0.641447 0.216866 0.705407
800.400000000 73.858700 64.453030 141.771300 0.209355 0.640497 0.217529 0.706127
800.500000000 73.715495 64.440274 141.776534 0.209709 0.639929 0.217235 0.706627
800.600000000 73.602668 64.459714 141.805006 0.209595 0.640259 0.217839 0.706176
800.700000000 73.463973 64.454014 141.814816 0.209934 0.640282 0.217759 0.706078
800.900000000 73.217766 64.465282 141.871772 0.209363 0.639401 0.218677 0.706763
801.000000000 73.092944 64.483203 141.904998 0.208334 0.639754 0.220106 0.706303
801.300000000 72.665276 64.430111 141.963547 0.209915 0.639100 0.219004 0.706770
801.400000000 72.551960 64.478775 142.040485 0.208622 0.638794 0.220550 0.706949
802.100000000 77.012784 67.725742 141.305731 0.200357 0.662005 0.201910 0.693426
802.400000000 76.654761 67.685452 141.458091 0.200322 0.662385 0.202894 0.692785
802.500000000 76.549131 67.657739 141.517480 0.200698 0.661244 0.202207 0.693966
802.600000000 76.432107 67.641379 141.571873 0.200550 0.661186 0.202731 0.693912
802.700000000 76.325254 67.634185 141.625601 0.199847 0.661776 0.203968 0.693189
802.800000000 76.182306 67.604822 141.684009 0.200290 0.660759 0.203451 0.694183
803.100000000 75.803592 67.561124 141.857820 0.200275 0.660898 0.204360 0.693787
803.300000000 75.578630 67.511795 141.966056 0.200812 0.661332 0.204303 0.693235
803.400000000 75.429310 67.510309 142.030546 0.200033 0.661231 0.205210 0.693289
803.700000000 74.939023 67.493310 142.218229 0.200225 0.661050 0.205685 0.693265
804.900000000 73.487897 67.345446 142.712385 0.199054 0.661044 0.208698 0.692707
805.000000000 73.337342 67.349702 142.738887 0.198600 0.660901 0.209195 0.692825
805.200000000 73.053036 67.357514 142.786369 0.198910 0.660476 0.208958 0.693212
805.400000000 72.841681 67.357710 142.799873 0.198626 0.661119 0.209525 0.692510
805.800000000 72.362296 67.368313 142.812342 0.196979 0.660107 0.211140 0.693454
806.300000000 71.689495 67.421653 142.772677 0.196839 0.659985 0.211574 0.693477
806.400000000 71.545536 67.432571 142.756910 0.196733 0.659876 0.211674 0.693581
806.500000000 71.453524 67.440313 142.730715 0.196908 0.660555 0.211617 0.692901
806.600000000 71.316898 67.450493 142.715700 0.196861 0.660517 0.211703 0.692925
806.700000000 71.182547 67.462393 142.698722 0.196543 0.660314 0.212054 0.693102
807.100000000 70.673630 67.503087 142.616453 0.196848 0.659860 0.211543 0.693603
807.200000000 70.496585 67.528741 142.594848 0.197645 0.660215 0.210982 0.693209
807.300000000 70.361649 67.542802 142.569694 0.197212 0.659962 0.211331 0.693467
807.500000000 70.111472 67.568639 142.517717 0.196257 0.660084 0.212185 0.693362
808.300000000 68.934159 67.695516 142.290226 0.196789 0.659934 0.211432 0.693583
809.100000000 71.751956 70.840074 140.927382 0.189682 0.676226 0.191251 0.685684
809.200000000 71.697468 70.814619 140.874445 0.189795 0.676388 0.191104 0.685534
809.300000000 71.464580 70.863469 140.868232 0.189561 0.675923 0.191279 0.686008
809.400000000 71.426655 70.833271 140.809822 0.189514 0.676571 0.191501 0.685320
809.600000000 71.303927 70.786679 140.711231 0.189278 0.676509 0.191296 0.685504
809.700000000 71.053227 70.829135 140.708603 0.189659 0.675451 0.190617 0.686630
809.900000000 70.790970 70.839518 140.638522 0.189653 0.676039 0.190522 0.686079
810.100000000 70.443477 70.875837 140.588300 0.189510 0.675944 0.190775 0.686141
810.400000000 70.205027 70.821706 140.459659 0.189735 0.675895 0.190101 0.686315
810.600000000 69.801722 70.882342 140.425224 0.189522 0.675912 0.190312 0.686299
810.800000000 69.620681 70.852812 140.347696 0.190005 0.676119 0.189583 0.686163
810.900000000 69.572294 70.819636 140.301271 0.190010 0.676019 0.189371 0.686319
811.000000000 69.345702 70.853678 140.290402 0.189481 0.675682 0.189914 0.686647
811.400000000 68.976997 70.786717 140.145481 0.191002 0.676292 0.188173 0.686103
811.500000000 68.877723 70.770709 140.115515 0.190840 0.676023 0.188068 0.686442
811.900000000 68.365585 70.751732 140.016200 0.190640 0.675696 0.188090 0.686814
812.000000000 68.246002 70.744242 139.990804 0.191151 0.675963 0.187571 0.686551
812.400000000 67.613870 70.757947 139.935631 0.190430 0.675080 0.188046 0.687490
812.600000000 67.389925 70.724561 139.889272 0.191759 0.675268 0.186720 0.687297
812.900000000 67.025242 70.702841 139.840077 0.191025 0.675058 0.187368 0.687531
813.000000000 66.904592 70.685088 139.823446 0.191693 0.674927 0.186667 0.687665
813.200000000 66.674778 70.657148 139.787202 0.192234 0.675033 0.186225 0.687530
813.300000000 66.520634 70.660255 139.781560 0.192181 0.674945 0.186193 0.687639
813.500000000 66.246358 70.647889 139.762371 0.192628 0.674892 0.185816 0.687668
813.900000000 65.766320 70.609713 139.728588 0.191666 0.674479 0.186503 0.688156
814.000000000 65.587051 70.612530 139.730387 0.192268 0.674250 0.185952 0.688362
814.300000000 65.122057 70.609083 139.725996 0.193767 0.674422 0.184650 0.688124
814.500000000 64.873878 70.598351 139.721259 0.190188 0.673694 0.188051 0.688914
815.000000000 64.171153 70.563629 139.723731 0.192105 0.673704 0.186396 0.688822
815.200000000 63.878160 70.561865 139.728137 0.192680 0.673948 0.185899 0.688557
815.400000000 63.559916 70.567160 139.745154 0.192162 0.673698 0.186536 0.688774
815.600000000 63.302487 70.555568 139.752115 0.191929 0.673791 0.186855 0.688661
815.700000000 63.186736 70.534489 139.750898 0.192368 0.673774 0.186488 0.688655
815.900000000 64.790271 73.207509 138.600147 0.188052 0.686961 0.165050 0.682261
816.000000000 64.677162 73.195158 138.604475 0.188092 0.686895 0.165007 0.682326
816.400000000 64.094531 73.205697 138.660078 0.187492 0.686884 0.165843 0.682300
816.600000000 63.888672 73.171552 138.668878 0.188064 0.687240 0.165397 0.681892
816.800000000 63.668550 73.148301 138.684222 0.188008 0.687416 0.165599 0.681681
817.200000000 62.969978 73.198659 138.774065 0.188009 0.686842 0.166032 0.682154
817.400000000 62.774884 73.161701 138.788842 0.188707 0.687002 0.165385 0.681957
817.800000000 62.100712 73.217510 138.873425 0.188728 0.687344 0.165868 0.681489
818.000000000 61.946169 73.167145 138.880503 0.189268 0.687629 0.165393 0.681167
818.200000000 61.542214 73.223374 138.938617 0.188854 0.687470 0.165990 0.681297
819.000000000 60.466842 73.214664 139.058801 0.189282 0.687060 0.166204 0.681540
819.500000000 60.001308 73.130383 139.077892 0.190479 0.687703 0.165305 0.680777
819.600000000 59.771711 73.168064 139.111868 0.190519 0.687591 0.165411 0.680853
820.000000000 59.112197 73.226215 139.190082 0.190232 0.687346 0.166150 0.681000
820.100000000 59.102692 73.172358 139.175879 0.190391 0.687180 0.166010 0.681157
820.600000000 58.411376 73.188170 139.233863 0.190644 0.687164 0.166050 0.681093
820.700000000 58.311916 73.172565 139.236494 0.190811 0.686974 0.165972 0.681256
820.800000000 58.237553 73.149888 139.231091 0.190859 0.687030 0.165959 0.681191
821.200000000 57.651600 73.174050 139.277083 0.191362 0.686720 0.165800 0.681400
821.500000000 57.305823 73.166057 139.286679 0.191044 0.686999 0.166182 0.681116
821.600000000 57.227603 73.144426 139.281377 0.191139 0.686914 0.166101 0.681194
821.800000000 56.926717 73.159115 139.299283 0.191950 0.686757 0.165500 0.681271
822.000000000 56.714896 73.147757 139.299546 0.191847 0.686701 0.165620 0.681327
822.100000000 56.479553 73.179589 139.320428 0.192002 0.686764 0.165593 0.681226
822.300000000 56.321193 75.825590 138.197257 0.192582 0.694589 0.139176 0.679035
822.500000000 56.022140 75.850201 138.213898 0.192166 0.694346 0.139689 0.679295
822.600000000 55.887567 75.854878 138.219375 0.192364 0.694272 0.139502 0.679354
822.700000000 55.738005 75.865121 138.226011 0.192269 0.694291 0.139662 0.679328
823.000000000 55.355279 75.883082 138.236569 0.191205 0.694057 0.140799 0.679633
823.200000000 55.045223 75.918855 138.252676 0.192815 0.694307 0.139284 0.679234
823.800000000 54.191482 75.982558 138.276461 0.191957 0.693824 0.140196 0.679783
824.000000000 53.900759 76.011871 138.284407 0.192605 0.693956 0.139546 0.679599
824.900000000 52.615216 76.120393 138.291208 0.192478 0.693775 0.139752 0.679778
825.000000000 52.503066 76.116970 138.282749 0.192755 0.693712 0.139445 0.679826
825.300000000 52.076709 76.150195 138.277953 0.193898 0.693973 0.138219 0.679486
825.600000000 51.716590 76.162279 138.263346 0.193001 0.693451 0.139128 0.680089
825.800000000 51.393770 76.197585 138.268135 0.193289 0.693554 0.138856 0.679957
826.000000000 51.110253 76.219383 138.260762 0.193764 0.693656 0.138420 0.679807
826.200000000 50.847179 76.235957 138.256912 0.194249 0.693532 0.137948 0.679890
826.600000000 50.303992 76.269945 138.244369 0.192680 0.693003 0.139448 0.680570
826.700000000 50.151300 76.283093 138.242995 0.193227 0.693141 0.138852 0.680396
826.900000000 49.866421 76.305811 138.237155 0.194171 0.693349 0.137931 0.680103
827.300000000 49.324674 76.347717 138.214550 0.194426 0.693470 0.137762 0.679940
827.600000000 47.119931 78.593147 137.383074 0.216165 0.667136 0.094046 0.706652
828.100000000 46.425635 78.752308 137.290295 0.215891 0.666588 0.094343 0.707214
828.200000000 46.312782 78.780910 137.268098 0.215904 0.666470 0.094380 0.707316
828.300000000 46.146040 78.829337 137.244568 0.216434 0.666290 0.093879 0.707390
828.800000000 45.462924 79.031063 137.076151 0.216033 0.666462 0.094324 0.707291
829.000000000 45.185344 79.116322 136.992609 0.216731 0.666448 0.093655 0.707180
829.200000000 44.916116 79.219043 136.900892 0.217212 0.666578 0.093135 0.706979
829.600000000 44.360481 79.429548 136.692026 0.216271 0.665893 0.093739 0.707832
829.700000000 44.258403 79.473874 136.631103 0.216767 0.665851 0.093313 0.707776
830.100000000 43.733769 79.686318 136.357275 0.217385 0.665745 0.092729 0.707763
830.300000000 43.449091 79.818987 136.205700 0.217495 0.665629 0.092659 0.707847
830.600000000 43.094044 79.988234 135.956463 0.218127 0.665980 0.092127 0.707392
830.900000000 42.696686 80.187232 135.697331 0.218946 0.666054 0.091464 0.707156
831.100000000 42.418621 80.343039 135.526370 0.218623 0.665726 0.091744 0.707528
831.200000000 42.269840 80.427342 135.438691 0.218804 0.665586 0.091589 0.707624
831.300000000 42.157050 80.486259 135.344400 0.218585 0.665502 0.091615 0.707768
831.500000000 41.886920 80.638117 135.160830 0.218796 0.665495 0.091439 0.707731
831.700000000 41.636628 80.790320 134.976563 0.218663 0.665427 0.091814 0.707788
831.900000000 41.384688 80.934767 134.791191 0.219529 0.664602 0.090576 0.708454
832.000000000 41.299423 80.996599 134.694438 0.219272 0.664755 0.090885 0.708351
832.600000000 40.577428 81.447585 134.139818 0.218247 0.664187 0.091735 0.709090
832.700000000 40.443989 81.516409 134.045552 0.218907 0.664108 0.091151 0.709036
833.100000000 39.939299 81.827269 133.694342 0.217539 0.664302 0.092687 0.709076
833.200000000 39.813654 81.892827 133.614415 0.218042 0.663593 0.091707 0.709713
833.600000000 39.220895 82.221499 133.293770 0.219474 0.662981 0.090185 0.710038
833.800000000 38.946154 82.359969 133.145671 0.220888 0.664936 0.089054 0.707911
833.900000000 38.753396 82.457575 133.083257 0.222677 0.668027 0.088106 0.704552
834.000000000 38.601379 82.529892 133.021445 0.223423 0.670299 0.087799 0.702191
834.700000000 37.795040 82.920221 132.674687 0.224647 0.670534 0.086726 0.701709
834.800000000 37.725002 82.932130 132.635044 0.225218 0.669999 0.086152 0.702108
835.000000000 37.497732 83.025457 132.580696 0.226025 0.670893 0.085047 0.701129
835.100000000 37.407089 83.058669 132.562808 0.226096 0.670094 0.084730 0.701908
835.200000000 37.357750 83.069857 132.545153 0.225645 0.669405 0.085314 0.702640
836.300000000 36.828718 83.379447 132.678917 0.202216 0.665591 0.105801 0.710566
836.400000000 36.714004 83.484822 132.739875 0.203685 0.666274 0.104398 0.709713
836.500000000 34.504766 86.106033 131.193294 0.245372 0.606354 0.042106 0.755218
836.700000000 34.392200 86.063318 131.225350 0.247058 0.605844 0.040812 0.755149
836.800000000 34.453952 86.027295 131.282052 0.245875 0.604872 0.041653 0.756267
837.300000000 34.612389 85.442514 131.389493 0.173319 0.597151 0.096771 0.777179
837.500000000 34.132480 85.668450 131.448002 0.145198 0.592923 0.116546 0.783439
837.600000000 34.137213 85.673721 131.514913 0.145119 0.592977 0.116679 0.783393
837.900000000 33.849501 85.700815 131.642001 0.095882 0.584261 0.151449 0.791523
838.400000000 33.356175 85.545778 131.806098 0.096193 0.586426 0.150494 0.790065
838.600000000 33.364127 85.506673 131.970540 0.095822 0.579308 0.150802 0.795285
838.800000000 33.301512 85.414089 132.102111 0.096322 0.575026 0.150277 0.798426
839.200000000 33.023347 85.294817 132.364954 0.093507 0.576081 0.152390 0.797599
839.300000000 33.714220 84.608646 132.439952 0.103734 0.578182 0.145360 0.796125
839.600000000 34.034779 84.317488 132.752824 0.104768 0.578782 0.144751 0.795665
840.000000000 32.592424 86.491637 131.757491 0.179776 0.549904 0.046583 0.814320
840.200000000 32.004698 86.514929 131.714505 0.191568 0.552427 0.038316 0.810344
840.400000000 31.204341 86.582320 131.595712 0.151755 0.549087 0.063509 0.819414
840.900000000 29.890763 87.478881 131.806454 0.087119 0.545612 0.106314 0.826690
841.300000000 29.441391 87.521905 132.044707 0.087596 0.545502 0.106008 0.826751
841.500000000 29.192146 87.468210 132.118563 0.088413 0.545770 0.105524 0.826549
841.700000000 28.955749 87.394827 132.182044 0.089970 0.546950 0.104394 0.825744
841.900000000 28.698822 87.342295 132.235051 0.089268 0.547872 0.104908 0.825144
842.000000000 28.630625 87.314282 132.282281 0.088287 0.548979 0.105463 0.824442
842.100000000 28.536941 87.320701 132.324534 0.087839 0.549673 0.105557 0.824015
842.200000000 28.441313 87.302482 132.361770 0.087689 0.550540 0.105448 0.823467
842.300000000 28.349061 87.307737 132.408212 0.088181 0.550959 0.104999 0.823191
842.500000000 28.085710 87.311195 132.443725 0.089105 0.552492 0.104148 0.822172
842.600000000 27.993981 87.270145 132.465143 0.088686 0.552730 0.104567 0.822004
842.700000000 27.918169 87.238613 132.496063 0.088246 0.553910 0.104772 0.821230
842.900000000 27.678674 87.232297 132.519166 0.088919 0.555218 0.104217 0.820345
843.100000000 27.492076 87.233665 132.569043 0.088495 0.555451 0.104337 0.820217
843.400000000 27.159000 87.219300 132.586990 0.088843 0.556556 0.104054 0.819466
843.600000000 26.897906 87.183510 132.568621 0.089586 0.556969 0.103520 0.819173
843.700000000 26.786101 87.160716 132.555687 0.089705 0.557632 0.103318 0.818734
843.800000000 26.659996 87.164244 132.546785 0.089890 0.557670 0.103172 0.818706
844.000000000 26.430876 87.164775 132.524517 0.090314 0.558208 0.102606 0.818364
844.300000000 26.084984 87.162464 132.465736 0.091468 0.558862 0.101830 0.817886
844.400000000 27.306708 88.906372 131.575677 0.128008 0.521194 0.029753 0.843259
844.900000000 26.762433 89.050017 131.389218 0.129545 0.521752 0.028876 0.842709
845.000000000 26.645756 89.037706 131.333873 0.129444 0.522097 0.028878 0.842511
845.300000000 26.343675 89.108560 131.194694 0.129247 0.522159 0.028887 0.842503
845.600000000 26.037363 89.224143 131.040710 0.130448 0.522081 0.027973 0.842397
845.900000000 25.736640 89.291368 130.857532 0.130113 0.521947 0.028148 0.842526
846.500000000 25.158076 89.465496 130.455176 0.129480 0.521512 0.028417 0.842884
846.700000000 24.935042 89.509119 130.290882 0.130008 0.521241 0.027847 0.842989
847.000000000 24.609304 89.573848 130.040143 0.131843 0.520412 0.026480 0.843260
847.100000000 24.509374 89.606757 129.953465 0.132486 0.520504 0.025971 0.843118
847.500000000 24.168660 89.756863 129.643407 0.130973 0.520097 0.027078 0.843571
847.600000000 24.061581 89.793266 129.555573 0.131188 0.519477 0.026768 0.843929
847.900000000 23.782903 89.839370 129.272138 0.133131 0.519849 0.025578 0.843433
848.000000000 23.677283 89.870679 129.177705 0.133244 0.519637 0.025355 0.843552
848.500000000 23.262927 90.100438 128.752993 0.131128 0.519430 0.026971 0.843961
848.600000000 23.142712 90.084695 128.640622 0.132085 0.519161 0.026145 0.844003
848.700000000 23.042040 90.109969 128.544970 0.132616 0.519133 0.025820 0.843948
849.500000000 22.323479 89.368496 127.594617 0.068785 0.518997 0.067129 0.849355
849.700000000 22.133871 89.410034 127.385518 0.070594 0.519729 0.066061 0.848843
849.900000000 21.945353 89.424424 127.170681 0.073285 0.520712 0.064517 0.848131
850.000000000 21.837350 89.458736 127.071613 0.073835 0.520461 0.064233 0.848259
850.200000000 21.637103 89.494573 126.861394 0.073712 0.520743 0.064419 0.848082
851.200000000 21.887919 89.522100 126.465378 0.057266 0.518659 0.074985 0.849759
851.300000000 21.705142 89.556472 126.317801 0.059450 0.519762 0.073920 0.849029
851.900000000 25.402625 90.346779 126.898337 0.053322 0.479754 0.034614 0.875097
852.000000000 25.281779 90.439628 126.790331 0.054480 0.479864 0.034072 0.874987
852.100000000 25.214646 90.444201 126.702870 0.054781 0.480338 0.034089 0.874707
852.200000000 25.124561 90.452212 126.606654 0.054991 0.480668 0.034089 0.874512
852.300000000 24.892461 90.570177 126.442883 0.058677 0.480596 0.032208 0.874384
852.800000000 24.659571 90.337608 126.099299 0.048722 0.481528 0.037792 0.874259
854.000000000 24.029452 90.527117 125.526433 0.036296 0.481329 0.045201 0.874621
854.200000000 23.780004 90.501969 125.355545 0.036306 0.481435 0.045269 0.874559
854.300000000 23.635019 90.459352 125.254121 0.037130 0.481667 0.044916 0.874415
854.500000000 23.303464 90.545256 125.057172 0.036349 0.481311 0.045473 0.874615
854.600000000 23.063967 90.475849 124.895630 0.039542 0.481810 0.043831 0.874285
854.800000000 22.895414 90.425913 124.792406 0.039910 0.481748 0.043714 0.874308
855.100000000 22.567145 90.431697 124.611515 0.036135 0.481742 0.045983 0.874359
855.400000000 22.851071 89.621024 124.732597 0.049669 0.482342 0.037686 0.873761
855.600000000 22.610896 89.673205 124.621063 0.046241 0.481872 0.039683 0.874120
855.800000000 22.304609 89.580550 124.454449 0.045807 0.481557 0.040089 0.874298
855.900000000 22.211831 89.661219 124.423904 0.043749 0.481332 0.041309 0.874471
856.000000000 22.062901 89.633937 124.347797 0.044523 0.481243 0.040961 0.874497
856.200000000 21.742914 89.515508 124.166275 0.047851 0.482239 0.039119 0.873856
856.300000000 21.628046 89.562352 124.124080 0.048264 0.482082 0.038952 0.873928
856.600000000 21.321032 89.771826 124.021367 0.044142 0.482116 0.041443 0.874012
856.800000000 20.970341 89.639265 123.842245 0.048372 0.481436 0.039079 0.874272
856.900000000 20.870486 89.693504 123.806443 0.046696 0.481888 0.040276 0.874060
857.200000000 20.460201 89.708249 123.635131 0.046244 0.481580 0.040705 0.874234
857.300000000 20.335774 89.723073 123.580432 0.045872 0.482223 0.041127 0.873879
857.600000000 19.942375 89.691230 123.404598 0.046861 0.482622 0.040900 0.873617
857.900000000 19.551477 89.765373 123.251274 0.044768 0.482891 0.042197 0.873517
858.200000000 24.279695 90.031229 124.886447 -0.000799 0.453570 0.042490 0.890207
858.500000000 23.924951 89.978817 124.695947 0.001524 0.454054 0.041435 0.890009
858.700000000 23.683011 89.963539 124.558960 0.001296 0.454346 0.041772 0.889844
859.000000000 22.944723 90.055531 124.067136 -0.002412 0.454695 0.043856 0.889564
859.100000000 22.878322 89.993061 124.020281 0.000156 0.454723 0.042692 0.889609
859.200000000 22.765270 89.991357 123.942523 -0.000709 0.454735 0.043193 0.889579
859.900000000 21.602246 90.006371 123.020316 0.111273 0.456733 -0.012102 0.882535
860.200000000 21.142738 90.216871 122.615075 0.108992 0.457850 -0.010361 0.882262
860.700000000 21.034233 90.103927 122.331922 0.115230 0.457473 -0.013445 0.881623
860.900000000 20.979743 90.084722 122.189648 0.114609 0.457230 -0.013082 0.881836
861.000000000 20.886178 90.114506 122.063250 0.113783 0.457690 -0.012418 0.881714
861.400000000 21.232898 90.127597 122.075678 0.007327 0.457716 0.040118 0.888163
861.500000000 21.701569 89.854366 122.338183 0.004488 0.456979 0.041114 0.888515
861.900000000 22.373292 89.184226 122.497653 0.011064 0.455870 0.037352 0.889194
862.100000000 22.541802 89.006982 122.451578 0.019108 0.455385 0.033302 0.889466
862.200000000 22.396152 89.118351 122.271932 0.017060 0.454889 0.034450 0.889718
862.300000000 22.422058 89.038186 122.201557 0.020262 0.454782 0.032691 0.889772
862.400000000 22.401400 89.115735 122.105573 0.020414 0.454917 0.032730 0.889698
862.600000000 22.120160 89.282007 121.746497 0.041660 0.454168 0.022080 0.889668
862.800000000 22.011217 89.372160 121.494709 0.038950 0.453796 0.023574 0.889942
862.900000000 21.804253 89.439514 121.269996 0.054645 0.452503 0.015448 0.889953
863.000000000 21.807805 89.507429 121.182556 0.043123 0.452805 0.021517 0.890306
863.200000000 22.035212 89.181069 121.152366 0.061378 0.451443 0.011981 0.890106
863.500000000 22.448250 88.915625 121.201142 0.046529 0.448320 0.018443 0.892471
864.400000000 22.116886 89.186135 120.233490 -0.292089 0.393851 0.194589 0.849530
864.600000000 25.097852 89.527717 120.250371 -0.388994 0.339545 0.221633 0.827207
864.800000000 24.739378 89.007349 119.744176 -0.394029 0.342286 0.220803 0.823910
864.900000000 24.572607 88.748684 119.519378 -0.395750 0.341175 0.221653 0.823317
865.100000000 24.469305 88.482424 119.287568 -0.397533 0.339363 0.223071 0.822824
865.600000000 24.318154 88.015175 118.909023 -0.402098 0.341102 0.222415 0.820060
865.700000000 24.380743 88.002257 118.945109 -0.399648 0.342091 0.221100 0.821200
866.100000000 24.256550 87.737160 118.771693 -0.402753 0.345419 0.219371 0.818750
866.300000000 24.252460 87.650390 118.764245 -0.403818 0.344571 0.220193 0.818362
866.400000000 24.261640 87.679184 118.789506 -0.404813 0.345505 0.219918 0.817551
866.500000000 24.235025 87.627437 118.780212 -0.403002 0.345709 0.219470 0.818479
866.900000000 24.110346 87.395397 118.754147 -0.405911 0.346501 0.220208 0.816506
867.200000000 23.965854 87.291957 118.724738 -0.412334 0.345219 0.222380 0.813235
867.300000000 23.918710 87.161000 118.719134 -0.412733 0.344607 0.222796 0.813179
867.400000000 23.892974 87.111082 118.742838 -0.419082 0.343165 0.225484 0.809793
867.600000000 23.781241 86.988750 118.728891 -0.418168 0.342208 0.225512 0.810662
867.900000000 23.712996 86.734398 118.844638 -0.421116 0.340976 0.226430 0.809399
868.000000000 23.617225 86.750399 118.848751 -0.432779 0.342996 0.228944 0.801649
868.100000000 23.551744 86.718969 118.830772 -0.431375 0.340287 0.229885 0.803288
868.300000000 23.456130 86.456637 118.921513 -0.400559 0.344934 0.212932 0.821726
868.600000000 23.117904 86.018898 118.758484 -0.415108 0.320527 0.215037 0.823837
868.900000000 22.856869 85.838497 118.798117 -0.391152 0.327922 0.204936 0.835146
869.000000000 22.861277 85.850354 118.814631 -0.408143 0.317749 0.216425 0.828019
869.200000000 22.820357 85.687166 118.858829 -0.340674 0.311480 0.198427 0.864609
869.700000000 22.580729 86.013766 119.030684 -0.110657 0.346935 0.096207 0.926356
870.000000000 25.491486 85.126961 120.258046 -0.066124 0.378943 0.118110 0.915467
870.100000000 25.577326 85.178811 120.380773 -0.115164 0.360879 0.140771 0.914706
870.600000000 25.492233 85.865076 120.639821 -0.168400 0.306766 0.177448 0.919809
870.700000000 25.460304 85.928839 120.674912 -0.151159 0.307492 0.171968 0.923594
870.800000000 25.402054 85.993230 120.738439 -0.148314 0.312228 0.170499 0.922739
871.000000000 25.281432 86.185902 120.756976 -0.135710 0.313044 0.166412 0.925145
871.400000000 25.269325 85.427151 120.882388 -0.306021 0.270408 0.242521 0.880008
871.800000000 24.925836 85.694306 120.662118 -0.355501 0.251496 0.265294 0.860225
871.900000000 25.016265 85.748239 120.927120 -0.288092 0.281264 0.234259 0.884882
872.200000000 24.838092 86.593525 120.887414 -0.199302 0.304407 0.193788 0.911077
872.300000000 24.734522 86.528731 120.824250 -0.208536 0.310723 0.195350 0.906533
872.700000000 24.280043 86.553008 120.524511 -0.068280 0.375189 0.127898 0.915540
872.800000000 24.503984 86.593911 120.710120 -0.127253 0.356225 0.153721 0.912842
872.900000000 24.702049 86.644913 120.908927 -0.112134 0.362630 0.147305 0.913360
873.200000000 24.758914 86.716265 120.946060 -0.116246 0.366036 0.148663 0.911265
873.300000000 24.575477 86.897127 120.840853 -0.098729 0.367676 0.143673 0.913469
873.400000000 30.031459 84.893771 124.664029 -0.147499 0.311775 0.249538 0.904860
873.500000000 29.990718 84.942388 124.697441 -0.158167 0.318170 0.251938 0.900155
873.700000000 29.930679 85.029377 124.725455 -0.138480 0.330490 0.244734 0.900947
873.800000000 29.982408 85.102835 124.757909 -0.127891 0.327638 0.243414 0.903906
874.000000000 30.004714 85.306003 124.890234 -0.124653 0.330181 0.241805 0.903865
874.100000000 29.662075 85.634383 124.709422 -0.110103 0.324652 0.238727 0.908564
874.300000000 29.411189 85.902190 124.605565 -0.240418 0.257612 0.296270 0.887727
874.400000000 29.357203 86.085886 124.597518 -0.244508 0.246364 0.302220 0.887797
874.600000000 29.258839 86.140698 124.513437 -0.246892 0.247858 0.302407 0.886657
874.900000000 29.280179 86.223487 124.584428 -0.273237 0.256926 0.305619 0.875173
875.000000000 29.243557 86.266845 124.523061 -0.136847 0.315671 0.253277 0.904144
875.200000000 29.314710 86.217299 124.537973 -0.176969 0.314071 0.266902 0.893759
875.300000000 29.482689 86.329850 124.762653 -0.161776 0.322513 0.260630 0.895481
875.600000000 29.471855 86.529493 124.784125 -0.146032 0.330437 0.255792 0.896692
875.700000000 29.523742 86.670047 124.896469 -0.168419 0.321664 0.263541 0.893708
876.000000000 29.380026 86.820599 124.806977 -0.148574 0.330480 0.257304 0.895826
876.100000000 37.969100 81.109891 131.668780 -0.211412 0.244200 0.377312 0.867933
876.200000000 37.952733 81.140598 131.658620 -0.197895 0.262545 0.370323 0.868774
876.300000000 37.961619 81.191280 131.680294 -0.182238 0.271394 0.365742 0.871417
876.500000000 37.994119 81.305235 131.684723 -0.142618 0.312008 0.347899 0.872512
877.100000000 38.219678 81.503861 131.923894 -0.057980 0.325048 0.319541 0.888187
877.500000000 38.302223 81.555045 132.273808 0.206095 0.348313 0.229907 0.885068
877.700000000 38.439260 81.422691 132.325441 0.085953 0.326696 0.275765 0.899909
877.800000000 38.449987 81.476624 132.424090 0.081600 0.327167 0.277278 0.899678
877.900000000 38.487191 81.479891 132.495563 0.075633 0.324254 0.279201 0.900659
878.900000000 45.443685 72.378694 142.268421 0.126971 0.272265 0.369930 0.879148
879.300000000 45.684369 72.076894 142.380631 0.167749 0.285202 0.356650 0.873682
879.800000000 46.028735 71.809328 142.788755 0.168694 0.283605 0.355381 0.874537
879.900000000 46.134617 71.784260 142.991072 0.159705 0.278942 0.358387 0.876496
880.100000000 46.192140 71.715986 143.103312 0.152981 0.276683 0.360133 0.877694
880.200000000 46.209750 71.668736 143.106730 0.154761 0.278113 0.359494 0.877192
880.400000000 46.100450 71.672727 143.104204 0.154127 0.276602 0.359343 0.877843
880.500000000 46.163812 71.561595 143.078954 0.154708 0.276810 0.358865 0.877871
880.800000000 45.985713 71.549282 143.005694 0.142715 0.271796 0.362335 0.880041
880.900000000 45.978754 71.508741 142.999182 0.149250 0.273810 0.359961 0.879307
881.000000000 45.907121 71.503481 142.959729 0.147673 0.272861 0.360438 0.879673
881.200000000 45.761812 71.457585 142.788073 0.155954 0.276463 0.357423 0.878348
881.500000000 45.541935 71.357336 142.488189 0.162275 0.280277 0.355035 0.876962
881.800000000 45.402091 71.054975 141.979914 0.253620 0.314017 0.321206 0.856678
882.100000000 45.155355 70.933118 141.475228 0.335336 0.352617 0.287981 0.824790
882.300000000 44.839319 71.083764 141.391740 0.333406 0.351935 0.288118 0.825815
882.400000000 41.942623 61.657390 155.082563 0.327508 0.293606 0.407795 0.800149
882.500000000 41.903815 61.659864 155.106303 0.326958 0.293032 0.407709 0.800627
882.700000000 41.987216 61.576529 155.122261 0.315060 0.287746 0.411725 0.805246
882.800000000 41.859050 61.634828 155.148455 0.326176 0.293650 0.407496 0.800828
883.400000000 41.712372 61.513710 154.824334 0.314181 0.288633 0.410159 0.806071
883.500000000 41.730015 61.496442 154.864511 0.319463 0.291087 0.407945 0.804234
883.600000000 41.842377 61.434000 154.920652 0.315659 0.289653 0.409129 0.805651
884.300000000 42.116718 61.296759 155.404686 0.424335 0.341456 0.361917 0.756548
884.500000000 41.909676 61.379967 155.313882 0.421403 0.340954 0.362852 0.757963
884.600000000 41.835266 61.413623 155.292025 0.421151 0.341359 0.362854 0.757920
884.700000000 41.845970 61.417953 155.348627 0.416782 0.339411 0.364689 0.760326
884.800000000 41.797420 61.430705 155.302594 0.423189 0.343030 0.361648 0.756605
885.400000000 41.823985 61.666857 156.761087 0.649078 0.442269 0.226451 0.576035
885.600000000 33.284697 46.103676 172.190064 0.659806 0.408350 0.354093 0.522039
885.700000000 33.206488 46.139173 172.234695 0.660106 0.409014 0.353687 0.521415
885.800000000 33.214174 46.138625 172.265019 0.659547 0.409135 0.354323 0.521596
885.900000000 33.231309 46.125940 172.353799 0.657898 0.408006 0.355606 0.523684
886.300000000 33.359006 46.105012 172.544650 0.690187 0.433290 0.329688 0.476663
886.400000000 33.493596 46.054274 172.574432 0.688622 0.432481 0.331374 0.478488
886.500000000 33.578441 46.024177 172.613887 0.687936 0.432170 0.332269 0.479135
886.800000000 33.961681 45.882063 172.425145 0.687472 0.431656 0.332649 0.480000
886.900000000 34.046422 45.858103 172.417672 0.687412 0.431924 0.333023 0.479586
887.100000000 34.193719 45.807639 172.462793 0.685994 0.430750 0.334454 0.481671
887.200000000 34.343047 45.760483 172.380899 0.686163 0.431273 0.334790 0.480728
887.500000000 34.699844 45.633544 172.248235 0.686706 0.431135 0.334268 0.480439
888.000000000 35.193085 45.483986 172.036964 0.694390 0.436612 0.328271 0.468434
888.300000000 35.563246 45.367516 171.835532 0.691217 0.433906 0.331489 0.473349
888.600000000 35.894626 45.271139 171.606012 0.693737 0.435466 0.329893 0.469327
889.000000000 36.951620 44.857076 171.290075 0.691481 0.431109 0.332496 0.474810
889.200000000 37.138610 44.798128 171.198962 0.691574 0.430312 0.332626 0.475307
889.300000000 37.249515 44.759785 171.105075 0.692250 0.430254 0.331912 0.474875
889.500000000 37.532072 44.657656 171.085045 0.691392 0.429331 0.333071 0.476147
889.700000000 37.731705 44.591855 170.957689 0.692945 0.429654 0.331876 0.474430
889.900000000 37.968671 44.502828 170.884505 0.693540 0.429281 0.331233 0.474347
890.000000000 38.092931 44.453216 170.828816 0.694923 0.429224 0.329908 0.473297
890.300000000 38.436955 44.327792 170.625905 0.696419 0.429180 0.328603 0.472044
890.400000000 38.602424 44.258108 170.639744 0.695157 0.427563 0.329841 0.474501
890.800000000 39.103098 44.062919 170.446638 0.697452 0.427584 0.327786 0.472535
891.000000000 39.351439 43.955824 170.374591 0.697494 0.426328 0.327560 0.473763
891.100000000 39.397398 43.939469 170.280876 0.698855 0.426638 0.326113 0.472475
891.200000000 39.508571 43.899607 170.234262 0.698781 0.426486 0.326514 0.472445
891.300000000 39.621079 43.847837 170.226855 0.699901 0.426559 0.325301 0.471557
891.500000000 39.867578 43.730447 170.260462 0.699221 0.424562 0.325521 0.474208
891.600000000 39.972748 43.688429 170.174208 0.699890 0.424569 0.325001 0.473571
891.800000000 40.121435 43.624566 170.135926 0.701414 0.424925 0.323392 0.472097
891.900000000 40.050907 43.668444 170.203227 0.701764 0.425758 0.323787 0.470552
892.400000000 40.456062 43.490483 170.190804 0.702466 0.424899 0.322931 0.470870
892.500000000 30.210087 28.662664 181.154428 0.683930 0.350161 0.452453 0.452673
892.600000000 30.257604 28.663492 181.096684 0.684959 0.350827 0.451480 0.451572
892.700000000 30.234148 28.667776 181.141504 0.683970 0.350394 0.452694 0.452191
893.100000000 30.017109 28.764010 181.195193 0.686932 0.355000 0.450989 0.445768
893.300000000 29.824753 28.768165 181.451363 0.690107 0.359025 0.448956 0.439649
893.400000000 30.023055 28.674182 181.458368 0.690565 0.357513 0.448365 0.440765
893.500000000 30.129527 28.664012 181.357490 0.692321 0.359118 0.446788 0.438299
893.700000000 30.319550 28.559458 181.427365 0.692430 0.358447 0.446928 0.438534
893.900000000 30.569102 28.466543 181.375523 0.692371 0.356916 0.446638 0.440169
894.000000000 30.831864 28.363540 181.326645 0.691685 0.354653 0.446741 0.442962
895.000000000 30.615232 28.205978 182.110601 0.759603 0.434356 0.381128 0.298460
895.100000000 30.798873 28.175391 182.004156 0.758449 0.433143 0.382845 0.300952
895.200000000 30.919396 28.144201 181.941100 0.758018 0.432454 0.383484 0.302213
895.600000000 31.352392 28.058284 181.539527 0.759391 0.432509 0.381533 0.301154
895.700000000 31.432284 28.017256 181.518111 0.759423 0.432219 0.381444 0.301601
895.800000000 31.543823 27.977660 181.471754 0.759132 0.431319 0.381748 0.303235
896.000000000 31.805067 27.898085 181.306766 0.758636 0.429719 0.382065 0.306331
896.200000000 32.026811 27.847965 181.102079 0.760448 0.430812 0.379408 0.303593
896.300000000 32.108208 27.825040 181.052485 0.760711 0.430850 0.379054 0.303325
896.400000000 32.201552 27.780402 181.028378 0.760452 0.430246 0.379350 0.304457
896.600000000 32.438260 27.709975 180.898650 0.760241 0.429590 0.379553 0.305656
896.800000000 32.665671 27.665724 180.667240 0.761509 0.429907 0.377363 0.304763
896.900000000 32.743819 27.634456 180.632658 0.761970 0.429997 0.376653 0.304362
897.000000000 32.813817 27.622712 180.574748 0.762171 0.430005 0.376504 0.304032
897.200000000 33.046397 27.554374 180.498386 0.761670 0.429478 0.377242 0.305115
897.300000000 33.180556 27.552966 180.388003 0.761254 0.429699 0.378154 0.304715
897.400000000 33.298054 27.542266 180.308697 0.761757 0.430047 0.377474 0.303806
897.700000000 33.612601 27.543531 180.101318 0.761821 0.431414 0.378093 0.300926
897.800000000 25.447613 2.375039 188.562990 0.743196 0.302399 0.510992 0.308387
898.100000000 25.907559 2.386551 188.466579 0.740986 0.303108 0.514283 0.307535
898.300000000 26.190929 2.418145 188.387320 0.740979 0.304989 0.514764 0.304877
898.600000000 26.606776 2.501822 188.269243 0.739414 0.305528 0.516592 0.305045
898.700000000 26.769388 2.506033 188.253140 0.738743 0.305854 0.517639 0.304569
898.900000000 27.076828 2.574348 188.179218 0.737650 0.307467 0.519353 0.302669
899.000000000 27.188809 2.614926 188.126374 0.738935 0.309136 0.517951 0.300228
899.100000000 27.341030 2.642136 188.102625 0.738131 0.308162 0.518824 0.301695
899.400000000 27.767689 2.742307 188.004160 0.737833 0.309671 0.519262 0.300123
899.500000000 27.926686 2.789512 187.984489 0.736872 0.309764 0.520631 0.300016
899.800000000 28.324670 2.903718 187.910843 0.738171 0.310969 0.518939 0.298505
900.800000000 29.711660 3.279824 187.761765 0.741091 0.313240 0.514278 0.296955
901.000000000 29.996339 3.372146 187.737070 0.740879 0.312825 0.514415 0.297683
901.100000000 30.137557 3.407076 187.729814 0.741190 0.313307 0.513800 0.297465
901.200000000 30.265060 3.451072 187.710383 0.741821 0.313452 0.512866 0.297353
901.700000000 30.931092 3.647803 187.686913 0.742689 0.314065 0.511385 0.297088
901.800000000 31.076677 3.694682 187.670253 0.742559 0.314128 0.511135 0.297776
901.900000000 31.203697 3.727133 187.657711 0.743529 0.313664 0.509981 0.297823
902.300000000 31.755280 3.864873 187.606029 0.745339 0.313905 0.506916 0.298278
902.400000000 31.893591 3.893281 187.596231 0.745184 0.313315 0.506911 0.299292
902.500000000 32.040616 3.924395 187.585692 0.745187 0.313716 0.506565 0.299451
902.600000000 32.148351 3.945115 187.582758 0.746027 0.313500 0.505341 0.299654
903.500000000 33.243718 4.081605 187.378260 0.755229 0.310365 0.491464 0.302930
903.600000000 33.337504 4.086579 187.355953 0.755024 0.309844 0.491733 0.303536
903.700000000 33.418073 4.081772 187.349165 0.754454 0.309858 0.492499 0.303695
903.800000000 33.560812 4.083484 187.286182 0.754658 0.310038 0.492069 0.303704
903.900000000 33.656278 4.074323 187.268764 0.754310 0.310223 0.492533 0.303625
904.200000000 33.943289 4.049057 187.151164 0.754913 0.310737 0.491760 0.302855
905.100000000 34.707129 3.834684 186.734190 0.756654 0.309135 0.489963 0.303063
905.500000000 34.940128 3.686673 186.545462 0.756349 0.310340 0.490757 0.301302
905.800000000 35.097563 3.546799 186.345180 0.760617 0.306815 0.485148 0.303244
906.000000000 35.209029 3.449394 186.250287 0.759248 0.307601 0.487244 0.302518
906.200000000 35.298433 3.351341 186.123862 0.760126 0.307040 0.486228 0.302518
906.300000000 25.096583 -16.225779 191.083662 0.737560 0.142211 0.567605 0.337054
906.400000000 25.130036 -16.277766 191.035165 0.737071 0.142357 0.568252 0.336971
906.600000000 25.241959 -16.389118 190.922395 0.732787 0.145086 0.573010 0.337095
906.700000000 25.245869 -16.439844 190.874303 0.730628 0.146549 0.575299 0.337250
906.800000000 25.326357 -16.495048 190.821064 0.727870 0.148136 0.578854 0.336437
906.900000000 25.383659 -16.551851 190.758818 0.727465 0.148628 0.579241 0.336429
907.100000000 25.513147 -16.664652 190.645530 0.728545 0.147336 0.577996 0.336799
907.300000000 25.616038 -16.768819 190.549504 0.729516 0.147474 0.577031 0.336294
907.700000000 25.876135 -16.981601 190.366098 0.729920 0.146190 0.576731 0.336491
907.800000000 25.941504 -17.032854 190.318689 0.730675 0.146037 0.575898 0.336345
907.900000000 25.991795 -17.084402 190.279276 0.731231 0.146218 0.575298 0.336087
908.000000000 26.073709 -17.138392 190.248098 0.730785 0.146444 0.575867 0.335983
908.300000000 26.270386 -17.279814 190.151433 0.730471 0.147143 0.576723 0.334891
908.400000000 26.336858 -17.330605 190.111374 0.731426 0.146827 0.575577 0.334916
908.500000000 26.411007 -17.382680 190.079509 0.731648 0.146524 0.575222 0.335174
908.600000000 26.490183 -17.426581 190.049753 0.731948 0.146483 0.575038 0.334852
908.900000000 26.750963 -17.578004 189.976356 0.730798 0.144878 0.575785 0.336772
909.100000000 26.958188 -17.677194 189.934014 0.730539 0.144146 0.575815 0.337598
909.400000000 27.168504 -17.801736 189.894822 0.731290 0.144379 0.575086 0.337113
909.500000000 27.314961 -17.851132 189.858925 0.730785 0.143610 0.575310 0.338153
909.600000000 27.434850 -17.896590 189.845141 0.729834 0.142990 0.576152 0.339036
909.900000000 27.659360 -18.015817 189.830659 0.730656 0.143203 0.575532 0.338228
910.300000000 28.002715 -18.160307 189.834830 0.730165 0.143406 0.576299 0.337895
910.500000000 28.277623 -18.238555 189.807900 0.729608 0.142734 0.576618 0.338837
910.600000000 28.335120 -18.264290 189.810990 0.730331 0.143438 0.576116 0.337835
910.800000000 28.448751 -18.323391 189.829173 0.731235 0.143634 0.575471 0.336894
911.200000000 28.909793 -18.453894 189.816001 0.730175 0.143138 0.576584 0.337501
911.300000000 29.045821 -18.493224 189.808860 0.729895 0.142405 0.576628 0.338340
911.400000000 29.162671 -18.529805 189.807599 0.729317 0.142117 0.577111 0.338884
911.500000000 19.689660 -31.685076 191.469466 0.687082 -0.040870 0.606693 0.397707
911.800000000 20.057466 -31.913710 191.498177 0.685986 -0.042986 0.606192 0.400133
912.100000000 20.293196 -32.103954 191.559954 0.685298 -0.041491 0.607734 0.399129
912.300000000 20.509044 -32.259552 191.567601 0.684583 -0.044229 0.606649 0.401705
912.600000000 20.728928 -32.458220 191.594999 0.683679 -0.043937 0.607537 0.401934
913.000000000 21.065340 -32.737301 191.591371 0.685934 -0.040639 0.607874 0.397911
913.300000000 21.356008 -32.986443 191.580449 0.684285 -0.042959 0.607580 0.400942
913.400000000 21.370900 -33.042682 191.574979 0.684753 -0.042136 0.607788 0.399914
913.500000000 21.547151 -33.156894 191.545431 0.684246 -0.043823 0.607132 0.401595
913.800000000 21.680107 -33.356432 191.510729 0.687119 -0.040238 0.607181 0.396963
914.100000000 21.989697 -33.640260 191.453304 0.685326 -0.041717 0.607474 0.399454
914.300000000 22.088986 -33.798171 191.426123 0.686690 -0.039435 0.607891 0.396700
914.600000000 22.305165 -34.096759 191.347961 0.687372 -0.039828 0.607067 0.396740
914.800000000 22.507237 -34.316877 191.290557 0.688252 -0.038463 0.607168 0.395192
915.200000000 22.818157 -34.691796 191.167816 0.687707 -0.038678 0.607519 0.395580
915.500000000 22.959065 -34.956938 191.088374 0.687566 -0.037898 0.608224 0.394816
915.600000000 23.133575 -35.074060 191.030343 0.687795 -0.037409 0.608017 0.394785
915.800000000 23.386804 -35.289632 190.937063 0.686963 -0.038379 0.608108 0.395997
916.400000000 23.687628 -35.777744 190.719892 0.689028 -0.036099 0.607807 0.393075
916.500000000 23.797400 -35.882542 190.675024 0.688651 -0.036242 0.607888 0.393598
916.600000000 23.946188 -36.017183 190.641364 0.687535 -0.037008 0.608190 0.395007
916.700000000 23.985352 -36.075721 190.613542 0.688073 -0.036172 0.608144 0.394219
916.800000000 24.115248 -36.174263 190.558699 0.688138 -0.035575 0.608566 0.393507
917.100000000 21.084219 -34.709045 193.239059 0.658795 -0.161865 0.590763 0.436793
917.300000000 21.238636 -34.941018 193.190148 0.657553 -0.161360 0.591753 0.437511
917.400000000 21.312832 -35.034173 193.138481 0.658593 -0.161316 0.591090 0.436858
917.500000000 21.387820 -35.132540 193.099873 0.659242 -0.160964 0.590978 0.436160
917.700000000 21.565409 -35.342592 193.050747 0.658318 -0.160127 0.592099 0.436343
917.800000000 21.680596 -35.464055 193.020125 0.657802 -0.160198 0.592164 0.437006
917.900000000 21.720671 -35.565240 192.996597 0.658050 -0.159931 0.592033 0.436908
918.300000000 22.060952 -35.947827 192.878707 0.659699 -0.157240 0.592781 0.434377
918.500000000 22.209331 -36.155509 192.835545 0.658287 -0.157990 0.592919 0.436055
918.700000000 22.388802 -36.384742 192.788644 0.657716 -0.157541 0.593427 0.436388
918.800000000 22.463867 -36.469382 192.753870 0.658354 -0.157280 0.593134 0.435919
919.400000000 22.960947 -37.099947 192.589315 0.658544 -0.154897 0.594006 0.435298
919.500000000 23.061156 -37.213560 192.564624 0.657790 -0.154019 0.594787 0.435683
919.600000000 23.134774 -37.316262 192.531334 0.657998 -0.154195 0.594448 0.435768
919.900000000 23.393827 -37.641660 192.442817 0.657936 -0.153606 0.594720 0.435699
920.100000000 23.587720 -37.857343 192.386861 0.658171 -0.152004 0.595389 0.434992
920.500000000 23.916527 -38.303381 192.252490 0.658666 -0.152587 0.594170 0.435704
920.600000000 24.014982 -38.405526 192.216194 0.658982 -0.151389 0.594611 0.435043
920.700000000 24.108334 -38.529233 192.200000 0.658681 -0.151822 0.594546 0.435437
920.900000000 24.267926 -38.735921 192.135241 0.659335 -0.152096 0.593859 0.435288
921.200000000 24.546857 -39.062208 192.056040 0.659571 -0.152365 0.593255 0.435660
921.400000000 24.711121 -39.263056 191.989068 0.661488 -0.152656 0.592067 0.434265
921.500000000 24.786584 -39.362785 191.963155 0.661518 -0.152423 0.592044 0.434332
921.800000000 25.064217 -39.677713 191.892279 0.662231 -0.152740 0.591262 0.434200
921.900000000 25.136232 -39.788743 191.876178 0.662102 -0.153179 0.590862 0.434787
922.200000000 30.616184 -29.928200 195.889998 0.656033 -0.225762 0.560013 0.452811
922.300000000 30.672865 -30.023205 195.864592 0.656683 -0.225670 0.559613 0.452409
922.400000000 30.757516 -30.128318 195.838479 0.656949 -0.225209 0.559778 0.452047
922.500000000 30.808468 -30.236835 195.825269 0.656931 -0.225635 0.559449 0.452269
922.900000000 31.144267 -30.727600 195.760041 0.657351 -0.224290 0.559907 0.451762
923.000000000 31.201544 -30.821014 195.748293 0.657481 -0.224580 0.559516 0.451912
923.100000000 31.301941 -30.935692 195.731921 0.657704 -0.223953 0.559849 0.451486
923.500000000 31.586154 -31.384895 195.693139 0.658727 -0.224405 0.559025 0.450790
923.600000000 31.623871 -31.472515 195.689690 0.659070 -0.224051 0.558990 0.450509
923.700000000 31.696865 -31.573708 195.685294 0.659264 -0.223334 0.559313 0.450180
923.800000000 31.769246 -31.691483 195.685390 0.658913 -0.223468 0.559375 0.450549
924.000000000 31.896856 -31.897717 195.684564 0.659199 -0.223609 0.559191 0.450290
924.400000000 32.155675 -32.313480 195.702744 0.659623 -0.221521 0.560347 0.449263
924.500000000 32.211761 -32.406327 195.709005 0.659584 -0.221675 0.560250 0.449364
924.600000000 32.260885 -32.491032 195.718404 0.659656 -0.221757 0.560039 0.449482
925.200000000 32.247419 -32.858917 195.852099 0.657758 -0.221143 0.561214 0.451098
925.300000000 32.247008 -32.917384 195.875805 0.657542 -0.221419 0.560969 0.451582
925.500000000 32.431887 -33.140545 195.889722 0.658738 -0.220744 0.560902 0.450251
925.800000000 32.594379 -33.401134 195.945128 0.659153 -0.219393 0.561655 0.449363
925.900000000 32.553293 -33.446915 195.977947 0.658971 -0.219670 0.561556 0.449619
926.000000000 32.659243 -33.566459 195.995377 0.658033 -0.219276 0.562396 0.450135
926.200000000 32.768634 -33.735660 196.039725 0.658275 -0.218288 0.563049 0.449445
926.300000000 32.750676 -33.784287 196.075522 0.658179 -0.218291 0.562967 0.449686
926.500000000 32.948105 -34.015924 196.115083 0.658247 -0.216698 0.564098 0.448939
926.700000000 32.995729 -34.153440 196.175330 0.657790 -0.216398 0.564617 0.449101
926.800000000 32.836135 -34.130462 196.235858 0.656877 -0.216862 0.564655 0.450165
927.100000000 32.897922 -34.335686 196.318651 0.656932 -0.217002 0.564710 0.449948
927.200000000 33.251577 -34.586269 196.307669 0.657599 -0.215931 0.565194 0.448881
927.300000000 33.253403 -34.645198 196.351386 0.657013 -0.215003 0.565972 0.449202
927.500000000 33.406626 -34.860105 196.406341 0.656619 -0.215040 0.566284 0.449368
927.800000000 42.125600 -23.926702 199.319358 0.661338 -0.259428 0.537484 0.454357
928.100000000 42.424314 -24.308127 199.370780 0.661223 -0.257778 0.538664 0.454065
928.200000000 42.462850 -24.387455 199.399926 0.660832 -0.257454 0.539058 0.454352
928.400000000 42.606031 -24.635400 199.438714 0.660946 -0.258245 0.538380 0.454541
928.600000000 42.701922 -24.816394 199.495313 0.660634 -0.256963 0.539540 0.454345
928.700000000 42.787876 -24.918617 199.516547 0.660115 -0.256461 0.540348 0.454422
929.200000000 43.212000 -25.526114 199.620840 0.659454 -0.254570 0.542258 0.454171
929.500000000 43.571320 -25.987852 199.652087 0.660711 -0.252723 0.543214 0.452230
929.600000000 43.596574 -26.054905 199.684839 0.660100 -0.252422 0.543602 0.452822
929.900000000 43.748367 -26.336315 199.750208 0.658725 -0.252799 0.543917 0.454235
930.000000000 43.806819 -26.452218 199.776064 0.658666 -0.252508 0.544144 0.454210
930.100000000 43.911263 -26.581357 199.786886 0.658531 -0.251827 0.544676 0.454146
930.600000000 44.297500 -27.191895 199.893711 0.658605 -0.249824 0.546145 0.453380
930.700000000 44.457873 -27.370777 199.904386 0.658949 -0.248523 0.547042 0.452513
930.800000000 44.571568 -27.507714 199.918796 0.659343 -0.247734 0.547366 0.451979
930.900000000 44.661794 -27.632270 199.939416 0.659469 -0.247605 0.547393 0.451833
931.000000000 44.788283 -27.778206 199.947244 0.660109 -0.247460 0.547239 0.451164
931.100000000 44.816150 -27.879421 199.990981 0.659763 -0.246770 0.547859 0.451295
931.600000000 45.266350 -28.469982 200.088967 0.660249 -0.246286 0.547941 0.450750
931.900000000 45.557890 -28.848198 200.139946 0.661142 -0.244841 0.548628 0.449390
932.000000000 45.638736 -28.948305 200.156502 0.661396 -0.244409 0.548809 0.449030
932.700000000 46.773340 -27.145557 199.593892 0.695395 -0.207784 0.562535 0.395988
932.900000000 46.979419 -27.382915 199.569803 0.694577 -0.209115 0.561769 0.397805
933.100000000 47.166087 -27.596521 199.544991 0.697843 -0.205065 0.563101 0.392275
933.200000000 47.206844 -27.678838 199.538807 0.697746 -0.205952 0.562350 0.393061
933.300000000 47.341208 -27.818609 199.514891 0.696868 -0.206322 0.562501 0.394208
933.800000000 48.734117 -28.729593 199.124182 0.707342 -0.195092 0.565211 0.377018
933.900000000 56.825853 -14.049110 201.013417 0.728507 -0.221599 0.535154 0.365763
934.100000000 57.030038 -14.282856 200.903620 0.728274 -0.221755 0.535141 0.366150
934.200000000 57.082104 -14.387620 200.863193 0.728057 -0.222114 0.534815 0.366839
934.300000000 57.174769 -14.488838 200.811468 0.728379 -0.221296 0.535343 0.365923
934.400000000 57.187930 -14.564781 200.770794 0.729286 -0.221573 0.534234 0.365569
934.500000000 57.343645 -14.724222 200.690751 0.729960 -0.220285 0.534826 0.364135
934.800000000 57.448338 -14.999058 200.560864 0.730413 -0.220460 0.534375 0.363782
934.900000000 57.472906 -15.084055 200.519703 0.730478 -0.220421 0.534245 0.363866
935.300000000 57.774665 -15.491328 200.266600 0.731661 -0.218837 0.534729 0.361729
935.400000000 57.954599 -15.626446 200.165497 0.732013 -0.219040 0.534126 0.361783
935.700000000 58.160744 -15.951343 199.965756 0.733466 -0.217808 0.533871 0.359956
935.800000000 58.149319 -16.012071 199.931593 0.733102 -0.218029 0.533992 0.360385
936.100000000 58.407894 -16.342900 199.710473 0.733799 -0.217424 0.533815 0.359592
936.200000000 58.557063 -16.474742 199.617799 0.733812 -0.216586 0.534514 0.359033
936.300000000 58.581009 -16.564580 199.569772 0.733845 -0.216070 0.535066 0.358455
936.700000000 58.914897 -16.975610 199.279132 0.734539 -0.215055 0.535083 0.357618
936.800000000 58.939581 -17.041020 199.220017 0.735094 -0.215012 0.534715 0.357052
936.900000000 58.984107 -17.143122 199.159303 0.735898 -0.214306 0.534596 0.355998
937.000000000 59.014993 -17.217623 199.099867 0.736317 -0.213768 0.534765 0.355200
937.200000000 59.233704 -17.435790 198.943846 0.736029 -0.213179 0.535403 0.355189
937.300000000 59.303595 -17.551346 198.882877 0.735464 -0.213252 0.535708 0.355855
937.400000000 59.362390 -17.636821 198.819127 0.736313 -0.212694 0.535393 0.354908
937.800000000 59.632095 -17.998866 198.565193 0.736395 -0.211838 0.535930 0.354438
938.000000000 59.848740 -18.224811 198.423979 0.736461 -0.210714 0.536730 0.353760
938.100000000 59.934728 -18.330522 198.368486 0.735908 -0.210243 0.537613 0.353850
938.400000000 60.176758 -18.636703 198.197061 0.735641 -0.209216 0.538653 0.353432
938.500000000 60.322354 -18.783767 198.132777 0.735039 -0.208626 0.539610 0.353573
938.600000000 65.687907 -3.663193 198.732476 0.775881 -0.217120 0.498935 0.319266
938.700000000 65.899363 -3.827739 198.597849 0.776660 -0.216077 0.499412 0.317328
938.800000000 65.973911 -3.897134 198.548610 0.775790 -0.215038 0.501196 0.317350
938.900000000 66.023972 -3.965291 198.489978 0.775590 -0.215373 0.501123 0.317725
939.100000000 66.136093 -4.138387 198.378923 0.775168 -0.215395 0.501397 0.318307
939.300000000 66.352939 -4.335653 198.232211 0.775635 -0.213831 0.502535 0.316426
939.400000000 66.431835 -4.430477 198.182322 0.775425 -0.213556 0.502864 0.316605
939.600000000 66.617492 -4.593613 198.050280 0.774694 -0.213403 0.503964 0.316748
939.700000000 66.759289 -4.726126 197.956859 0.774908 -0.213214 0.504003 0.316287
939.800000000 66.851076 -4.810078 197.916984 0.774635 -0.212036 0.505192 0.315851
939.900000000 66.928909 -4.889248 197.864892 0.774875 -0.211201 0.505790 0.314863
940.300000000 66.971999 -4.978075 197.763005 0.776964 -0.209194 0.505759 0.311084
940.500000000 67.127217 -5.194160 197.657875 0.776814 -0.210172 0.504817 0.312328
940.700000000 67.328383 -5.422998 197.565916 0.775313 -0.210371 0.505999 0.314004
940.900000000 67.539124 -5.574198 197.486763 0.775139 -0.208275 0.508029 0.312549
941.000000000 67.640608 -5.690700 197.434611 0.775280 -0.207962 0.508400 0.311806
941.100000000 67.764544 -5.761725 197.378613 0.775713 -0.207447 0.508380 0.311102
941.200000000 67.883920 -5.858317 197.342903 0.776066 -0.205603 0.509688 0.309300
941.300000000 67.991988 -5.970341 197.285830 0.776265 -0.205800 0.509300 0.309310
941.400000000 68.074873 -6.050143 197.252079 0.776401 -0.205599 0.509313 0.309079
942.000000000 69.020540 -5.519210 196.983440 0.778984 -0.193035 0.518229 0.295567
942.200000000 69.342309 -5.698080 196.860165 0.780706 -0.190520 0.518953 0.291354
942.400000000 69.484983 -5.845367 196.830583 0.781905 -0.187514 0.520735 0.286878
942.500000000 69.609501 -5.909738 196.786732 0.781186 -0.189052 0.519913 0.289307
942.600000000 69.782235 -6.021047 196.720933 0.781419 -0.189250 0.519393 0.289480
943.000000000 67.141301 2.362136 197.902377 0.818371 0.002896 0.571607 -0.059376
943.500000000 67.295873 3.440676 198.070488 0.800565 0.084718 0.558269 -0.200634
944.200000000 67.426866 4.357150 197.964097 0.601991 0.104662 0.742384 -0.274805
944.300000000 67.470546 4.301052 197.970711 0.602936 0.104491 0.741786 -0.274413
944.500000000 67.781631 4.480719 198.098626 0.602824 0.103586 0.741473 -0.275846
944.600000000 67.895031 4.547083 198.152372 0.602668 0.104437 0.740975 -0.277201
944.800000000 68.104229 4.669507 198.272249 0.600787 0.105787 0.741220 -0.280103
944.900000000 68.274643 4.792801 198.345243 0.601219 0.106326 0.740341 -0.281291
945.100000000 68.508058 4.884403 198.475109 0.600489 0.104585 0.741155 -0.281363
945.400000000 68.439648 5.422698 198.806433 0.581878 0.118703 0.746502 -0.300103
945.500000000 68.599745 5.351900 198.803126 0.587093 0.115253 0.744269 -0.296820
945.800000000 70.306604 4.900213 199.128739 0.537717 0.148596 0.752933 -0.349101
945.900000000 70.293769 4.890306 199.118550 0.540964 0.149999 0.750454 -0.348823
946.000000000 70.400948 5.047323 199.210825 0.537237 0.156697 0.748657 -0.355437
946.100000000 70.542370 5.075226 199.259993 0.539418 0.154652 0.748008 -0.354393
946.400000000 70.779400 5.327542 199.538928 0.536484 0.155693 0.747833 -0.358735
946.500000000 70.867556 5.360747 199.599102 0.537829 0.154874 0.747068 -0.358669
946.700000000 70.969864 5.500019 199.747520 0.539409 0.153837 0.746181 -0.358589
946.800000000 71.086106 5.628410 199.899902 0.534049 0.154636 0.747362 -0.363772
947.000000000 71.246804 5.766689 200.062443 0.536774 0.152485 0.746397 -0.362647
947.200000000 71.457438 5.947050 200.310792 0.532459 0.152682 0.747566 -0.366497
947.500000000 71.727188 6.219428 200.648916 0.529595 0.152364 0.748114 -0.369648
947.900000000 72.094247 6.584335 201.100136 0.526459 0.149853 0.748837 -0.373669
948.000000000 72.172420 6.655419 201.181105 0.528468 0.150835 0.747358 -0.373397
948.100000000 72.259138 6.730607 201.277517 0.528305 0.151870 0.746842 -0.374241
948.300000000 72.431895 6.941410 201.547454 0.522331 0.149158 0.749391 -0.378597
948.400000000 72.555248 7.002809 201.661419 0.522610 0.148266 0.749505 -0.378338
948.600000000 72.731870 7.181213 201.879081 0.518861 0.145644 0.750509 -0.382502
948.700000000 72.799869 7.245137 201.982549 0.519518 0.148660 0.749031 -0.383345
948.900000000 72.939035 7.403017 202.232133 0.512620 0.147044 0.751272 -0.388829
949.000000000 73.027784 7.477292 202.325288 0.512574 0.146093 0.751553 -0.388706
949.200000000 73.193093 7.621348 202.546052 0.508433 0.145616 0.751976 -0.393476
949.400000000 73.370075 7.810255 202.789403 0.504826 0.142299 0.753595 -0.396228
949.500000000 73.450722 7.855230 202.905636 0.503210 0.142042 0.753821 -0.397940
949.600000000 73.535700 7.875043 202.996936 0.501727 0.143342 0.753596 -0.399770
949.700000000 73.606623 7.993788 203.109609 0.498821 0.140875 0.755083 -0.401475
950.000000000 73.826633 8.169657 203.365211 0.501250 0.142151 0.752627 -0.402610
950.100000000 73.902424 8.221538 203.467771 0.498556 0.141975 0.753424 -0.404520
950.600000000 73.275644 6.027298 202.660504 0.529957 0.146485 0.737989 -0.391230
950.900000000 73.543763 6.281197 202.948744 0.526865 0.145681 0.739002 -0.393785
951.100000000 73.701237 6.402922 203.099795 0.526525 0.145779 0.738585 -0.394984
951.200000000 73.796350 6.509707 203.184807 0.526931 0.146896 0.737632 -0.395809
951.600000000 74.108092 6.756416 203.438767 0.528623 0.148695 0.735150 -0.397495
952.100000000 73.178193 8.279820 205.348626 -0.523036 -0.134711 -0.672933 0.505417
952.300000000 73.299182 8.456421 205.405007 -0.528521 -0.137842 -0.668646 0.504557
952.400000000 73.321599 8.546287 205.369330 -0.537575 -0.141016 -0.662605 0.502079
952.500000000 73.347520 8.648231 205.326080 -0.547232 -0.147745 -0.653691 0.501395
952.600000000 73.393154 8.711953 205.336117 -0.548073 -0.150986 -0.651366 0.502535
952.700000000 73.414477 8.651835 205.287906 -0.551893 -0.149639 -0.650214 0.500244
952.800000000 73.687350 6.576055 204.313557 -0.462232 -0.230769 -0.628505 0.581437
952.900000000 73.084467 6.267551 204.343674 0.541514 0.120969 0.676590 -0.484102
953.000000000 73.771328 6.827971 204.418694 -0.464241 -0.231365 -0.627247 0.580958
953.100000000 73.531682 5.976974 204.008049 -0.515190 -0.181492 -0.648247 0.530486
953.200000000 73.553369 5.913718 203.977943 -0.516603 -0.186456 -0.649029 0.526419
953.400000000 73.627739 5.952364 203.957834 -0.519615 -0.196105 -0.648675 0.520349
953.600000000 73.778052 5.906638 203.933073 -0.525849 -0.193076 -0.647318 0.516898
953.800000000 73.832455 6.062182 203.964767 -0.528555 -0.186636 -0.651327 0.511439
954.000000000 74.048141 6.449707 204.061971 -0.524415 -0.198769 -0.644615 0.519568
954.200000000 74.209528 6.518651 204.059521 -0.528869 -0.192725 -0.646494 0.514977
954.300000000 75.728475 5.235997 205.631993 -0.506956 -0.181900 -0.572104 0.618550
954.400000000 75.806143 5.475339 205.729802 -0.510303 -0.178527 -0.572568 0.616348
954.700000000 76.050081 5.736824 205.783198 -0.509807 -0.174058 -0.575166 0.615617
954.800000000 76.149149 5.866049 205.895495 -0.503021 -0.167263 -0.581230 0.617385
955.200000000 77.029151 6.383085 206.468868 -0.381908 -0.079571 -0.701235 0.596728
955.300000000 75.999821 6.543423 205.001657 -0.509175 -0.108470 -0.559544 0.644891
955.600000000 74.756988 7.150815 204.578508 -0.488219 -0.131947 -0.605659 0.614336
955.700000000 74.898236 7.140628 204.660561 -0.478165 -0.121186 -0.614796 0.615384
956.100000000 76.300712 6.553277 206.395808 -0.238488 0.061304 -0.775426 0.581446
956.200000000 78.401034 3.198673 207.788282 -0.365147 0.059855 -0.627578 0.685005
956.400000000 78.307144 3.899014 206.997786 -0.350897 -0.007382 -0.598674 0.720004
956.500000000 78.401107 3.945460 206.989890 -0.349295 -0.003664 -0.599596 0.720044
956.800000000 77.581100 3.118458 206.211766 -0.249584 -0.047309 -0.599490 0.759000
957.000000000 77.729377 3.219037 206.185637 -0.248268 -0.045553 -0.600137 0.759028
957.400000000 77.999160 3.438602 206.062941 -0.248627 -0.045884 -0.599602 0.759313
957.500000000 78.124767 3.512873 206.213271 -0.245932 -0.041345 -0.601278 0.759126
957.700000000 78.174223 3.650441 206.108974 -0.248454 -0.048156 -0.599353 0.759426
958.000000000 78.401563 3.761486 206.048896 -0.244868 -0.043934 -0.600371 0.760042
958.100000000 78.506665 3.812323 206.032207 -0.244876 -0.042655 -0.600774 0.759794
959.000000000 78.723448 3.744476 205.123600 -0.312978 -0.121465 -0.528315 0.779855
959.100000000 78.779243 3.528570 204.871434 -0.370073 -0.172645 -0.529374 0.743642
959.200000000 81.873015 -1.517165 205.626940 -0.291024 -0.068730 -0.457043 0.837671
959.300000000 81.960737 -1.735675 205.317513 -0.344660 -0.122094 -0.460913 0.808617
959.500000000 82.011881 -1.437153 205.399186 -0.292655 -0.070030 -0.456079 0.837521
960.000000000 82.287039 -1.543155 204.915087 -0.345740 -0.121314 -0.458701 0.809531
960.200000000 82.337242 -1.227670 205.084773 -0.290284 -0.062629 -0.454541 0.839765
960.500000000 82.507589 -1.485385 204.595704 -0.346584 -0.121755 -0.457705 0.809667
960.900000000 82.562275 -1.088869 204.918278 -0.286001 -0.055827 -0.454393 0.841792
962.000000000 82.558272 -0.393017 206.560066 -0.311969 -0.103259 -0.460317 0.824695
962.300000000 82.615718 -0.055773 207.444362 -0.330420 0.077383 -0.521524 0.782846
962.400000000 93.718354 0.456454 209.845286 -0.242199 0.079353 -0.455787 0.852819
962.700000000 93.398613 1.369905 210.583184 -0.124934 0.323166 -0.432207 0.832558
963.100000000 93.260983 1.409277 210.307461 -0.126752 0.323812 -0.431644 0.832324
963.500000000 93.129970 1.400742 210.093803 -0.126317 0.324447 -0.431809 0.832057
963.600000000 93.090071 1.394035 210.037818 -0.126300 0.324817 -0.431791 0.831924
963.700000000 93.029955 1.400592 209.934786 -0.126041 0.324910 -0.431798 0.831924
963.900000000 92.968122 1.370717 209.881544 -0.126830 0.324911 -0.431584 0.831915
964.000000000 92.909280 1.368507 209.796893 -0.127744 0.325307 -0.431323 0.831755
964.100000000 92.875574 1.354382 209.767267 -0.127929 0.324885 -0.431352 0.831877
964.200000000 92.837334 1.342624 209.715362 -0.127165 0.324889 -0.431582 0.831873
964.300000000 92.774160 1.337666 209.626740 -0.127164 0.325003 -0.431581 0.831829
965.000000000 92.673188 1.341915 209.342190 -0.066735 0.285990 -0.453784 0.841330
965.200000000 92.261492 1.232981 208.981201 -0.127760 0.326918 -0.431633 0.830960
965.500000000 92.055391 1.185313 208.755329 -0.127395 0.326726 -0.431830 0.830990
965.600000000 92.366144 1.203651 209.064247 -0.063803 0.286136 -0.454860 0.840927
965.800000000 91.874149 1.103897 208.617826 -0.127361 0.327125 -0.431995 0.830752
965.900000000 92.187435 1.170513 208.839096 -0.061830 0.284470 -0.455899 0.841076
966.200000000 91.625328 1.026844 208.369481 -0.126602 0.326600 -0.432819 0.830646
966.600000000 91.340668 0.930943 208.120612 -0.126393 0.326609 -0.433203 0.830474
967.000000000 91.511552 0.856059 208.369039 -0.059971 0.285555 -0.457336 0.840063
967.100000000 90.905837 0.819287 207.722931 -0.129280 0.329461 -0.432587 0.829223
967.200000000 91.335173 0.821611 208.218269 -0.067127 0.288428 -0.455481 0.839548
967.300000000 90.775572 0.742108 207.645296 -0.127887 0.330647 -0.433298 0.828595
967.500000000 90.626836 0.663683 207.564156 -0.127814 0.331992 -0.433611 0.827905
967.600000000 90.547216 0.637976 207.487264 -0.128551 0.333362 -0.433403 0.827349
967.900000000 90.831257 0.682805 207.730776 -0.061674 0.289608 -0.457431 0.838499
968.000000000 103.981367 0.790517 207.741430 -0.139610 0.429895 -0.370061 0.811636
969.000000000 102.768285 0.100318 207.517669 -0.180108 0.459905 -0.351954 0.795096
969.100000000 102.727913 0.528612 206.953022 -0.144671 0.440932 -0.369077 0.805252
969.200000000 102.653227 0.530056 206.880010 -0.143756 0.441331 -0.369646 0.804937
969.300000000 102.562274 0.524388 206.814551 -0.143670 0.441834 -0.369800 0.804605
969.400000000 102.433593 0.481590 206.764515 -0.142062 0.441821 -0.370509 0.804572
969.700000000 103.228634 0.579711 207.331812 -0.059384 0.389991 -0.409168 0.822777
969.900000000 102.862816 -0.241752 208.071044 -0.130668 0.431521 -0.377817 0.808684
970.400000000 102.338135 -0.302730 207.768728 -0.135054 0.433527 -0.376649 0.807434
970.600000000 102.139598 -0.327959 207.653386 -0.137211 0.435286 -0.375666 0.806582
970.700000000 102.051896 -0.332321 207.594696 -0.137623 0.436506 -0.375283 0.806030
970.900000000 102.190053 0.508253 206.669348 -0.056032 0.389290 -0.411621 0.822120
971.300000000 101.451094 -0.374217 207.245803 -0.136472 0.438158 -0.376201 0.804901
971.400000000 101.360387 -0.382289 207.191884 -0.135140 0.439171 -0.376526 0.804422
971.700000000 101.509864 0.583962 206.182011 -0.047919 0.386995 -0.414883 0.822077
971.800000000 100.909904 -0.378036 206.970603 -0.133748 0.438351 -0.377459 0.804664
972.500000000 100.404569 -0.300302 206.944089 -0.211768 0.471561 -0.339769 0.785711
972.800000000 99.989924 -0.277310 206.838283 -0.209706 0.471562 -0.340471 0.785959
973.000000000 115.945789 1.313707 205.790425 -0.210945 0.561047 -0.278979 0.750266
973.100000000 115.754530 1.273162 205.812428 -0.210329 0.561712 -0.279319 0.749815
973.400000000 115.407109 1.445181 205.744010 -0.212332 0.562941 -0.277299 0.749077
973.500000000 115.275300 1.474954 205.751463 -0.211352 0.563007 -0.277757 0.749135
973.600000000 115.124891 1.492473 205.769865 -0.210346 0.562396 -0.278143 0.749734
973.900000000 114.727114 1.609844 205.769016 -0.210713 0.563502 -0.277269 0.749125
974.000000000 114.659541 1.641732 205.814575 -0.211763 0.562662 -0.276744 0.749654
974.100000000 114.491319 1.673769 205.821766 -0.209945 0.561992 -0.277725 0.750305
974.500000000 113.963496 1.879284 205.842239 -0.208632 0.560434 -0.277850 0.751788
974.700000000 113.625871 2.001179 205.819615 -0.211696 0.561721 -0.275401 0.750872
974.900000000 113.506087 2.087099 205.886855 -0.211399 0.562340 -0.275414 0.750488
975.000000000 113.375428 2.140463 205.900519 -0.212131 0.562119 -0.274662 0.750722
975.100000000 113.207538 2.222177 205.880715 -0.213431 0.561904 -0.273475 0.750948
975.200000000 113.117412 2.232342 205.928345 -0.212332 0.562607 -0.274087 0.750510
975.500000000 112.651063 2.419113 205.923719 -0.210785 0.559862 -0.274574 0.752817
975.900000000 112.024573 2.662676 205.904210 -0.209795 0.559338 -0.274614 0.753468
976.200000000 111.702366 2.817181 205.957655 -0.209047 0.558073 -0.274688 0.754586
976.400000000 111.375429 2.936269 205.934436 -0.208505 0.558054 -0.274488 0.754823
976.500000000 111.221920 2.981566 205.939127 -0.207647 0.557190 -0.274780 0.755591
976.600000000 111.085399 3.051163 205.927872 -0.208087 0.556887 -0.274238 0.755890
976.700000000 110.871141 3.141491 205.872938 -0.210213 0.557590 -0.272424 0.755439
977.000000000 110.364946 3.321082 205.809972 -0.211499 0.557478 -0.270996 0.755677
977.500000000 109.858187 3.489188 205.864945 -0.209112 0.556046 -0.271637 0.757165
977.700000000 109.531326 3.587321 205.799688 -0.209601 0.556831 -0.270952 0.756698
977.800000000 124.967012 5.090707 203.594134 -0.187379 0.644314 -0.228954 0.705216
977.900000000 124.840492 5.136205 203.598674 -0.187245 0.644662 -0.228852 0.704966
978.300000000 124.424640 5.238324 203.693469 -0.185280 0.643175 -0.229845 0.706519
978.800000000 123.714285 5.413605 203.697902 -0.186761 0.644099 -0.227842 0.705936
978.900000000 123.643655 5.420404 203.716094 -0.187083 0.644530 -0.227456 0.705581
979.000000000 123.563748 5.425644 203.733965 -0.187191 0.644624 -0.227283 0.705522
979.200000000 123.316215 5.456946 203.739110 -0.185502 0.643665 -0.228507 0.706449
979.300000000 123.222606 5.465157 203.746005 -0.185248 0.643688 -0.228571 0.706473
979.600000000 122.734350 5.548319 203.690535 -0.185363 0.643819 -0.228186 0.706448
979.700000000 122.661896 5.542691 203.699056 -0.184956 0.643745 -0.228511 0.706517
979.800000000 122.586610 5.531866 203.706645 -0.185024 0.643772 -0.228397 0.706512
979.900000000 122.397915 5.562403 203.671820 -0.185187 0.644037 -0.228101 0.706323
980.300000000 121.961733 5.557390 203.642771 -0.184808 0.643769 -0.228142 0.706653
980.500000000 121.739646 5.552831 203.607457 -0.184040 0.643706 -0.228754 0.706713
980.700000000 121.472626 5.551837 203.558699 -0.185466 0.644760 -0.227355 0.705831
980.900000000 121.207218 5.541901 203.519479 -0.184196 0.644286 -0.228326 0.706282
981.100000000 120.976130 5.518808 203.476909 -0.184901 0.644607 -0.227733 0.705997
981.300000000 120.729761 5.495434 203.430619 -0.185505 0.644703 -0.227290 0.705893
981.400000000 120.594609 5.489682 203.394971 -0.185177 0.644532 -0.227605 0.706034
981.600000000 120.326517 5.468898 203.331730 -0.184798 0.644409 -0.227981 0.706124
981.700000000 120.191790 5.453211 203.294768 -0.184870 0.644919 -0.227850 0.705682
981.900000000 119.926599 5.434498 203.218003 -0.183413 0.644994 -0.229029 0.705612
982.200000000 119.565334 5.369279 203.132004 -0.184555 0.645398 -0.228322 0.705174
982.500000000 119.148692 5.318440 203.018710 -0.184784 0.645800 -0.228199 0.704785
982.600000000 118.977817 5.309142 202.963637 -0.185199 0.646140 -0.227987 0.704433
982.700000000 118.879979 5.270626 202.940029 -0.185930 0.646669 -0.227476 0.703921
983.000000000 118.450344 5.216926 202.822710 -0.185086 0.646179 -0.228252 0.704341
983.300000000 118.064818 5.139608 202.718411 -0.184991 0.646221 -0.228623 0.704208
984.100000000 116.973923 4.948539 202.418504 -0.186246 0.646706 -0.228316 0.703531
984.300000000 116.602424 4.932635 202.309147 -0.186223 0.646825 -0.228312 0.703429
985.500000000 115.039472 4.617915 201.951587 -0.186804 0.647893 -0.228602 0.702196
985.700000000 120.763710 2.366461 200.977339 -0.147846 0.704963 -0.188514 0.667556
985.800000000 120.571804 2.376340 200.961024 -0.147128 0.704406 -0.189291 0.668082
986.000000000 120.287976 2.354210 200.931260 -0.148606 0.705010 -0.187877 0.667517
986.100000000 120.112501 2.359645 200.914921 -0.148113 0.704791 -0.188307 0.667737
986.300000000 119.919696 2.296091 200.922834 -0.148030 0.704514 -0.188574 0.667972
986.500000000 119.652202 2.273513 200.901520 -0.147847 0.705010 -0.188811 0.667422
986.900000000 119.052417 2.250358 200.881790 -0.148741 0.705115 -0.188037 0.667332
987.100000000 118.762363 2.245257 200.875788 -0.147285 0.704742 -0.189556 0.667618
987.500000000 118.201988 2.227143 200.875280 -0.148234 0.705173 -0.188466 0.667262
987.600000000 118.059126 2.223826 200.884334 -0.147579 0.704722 -0.189061 0.667715
987.800000000 117.776309 2.219816 200.893513 -0.147438 0.704548 -0.189348 0.667848
988.000000000 117.474492 2.229068 200.905524 -0.146256 0.703785 -0.190355 0.668626
988.100000000 117.335425 2.228954 200.911212 -0.146136 0.703856 -0.190226 0.668614
988.200000000 117.190846 2.233041 200.920682 -0.146436 0.703763 -0.189990 0.668713
988.300000000 117.049409 2.238150 200.931473 -0.146400 0.703393 -0.190100 0.669080
988.400000000 116.907790 2.243844 200.937591 -0.146507 0.703318 -0.190140 0.669124
988.600000000 116.627267 2.255860 200.953577 -0.147444 0.703471 -0.189067 0.669061
988.900000000 116.187313 2.283878 200.982968 -0.145848 0.702466 -0.190575 0.670038
989.400000000 115.488306 2.319453 201.019937 -0.146419 0.702219 -0.189834 0.670383
989.500000000 115.347116 2.324475 201.029755 -0.146160 0.701911 -0.190107 0.670684
989.700000000 115.057457 2.345117 201.031075 -0.145491 0.701792 -0.190567 0.670823
989.900000000 114.771358 2.361610 201.028410 -0.144358 0.701359 -0.191582 0.671232
990.500000000 113.917330 2.388332 200.995991 -0.145985 0.700809 -0.189673 0.671997
990.700000000 113.638906 2.390136 200.964640 -0.145204 0.700694 -0.190448 0.672066
991.300000000 112.778756 2.377153 200.818227 -0.145632 0.700424 -0.189367 0.672561
991.600000000 112.336649 2.357008 200.707886 -0.145859 0.700173 -0.188869 0.672913
991.700000000 101.543280 -1.116235 204.591910 -0.097435 0.710262 -0.151986 0.680393
991.800000000 101.440255 -1.136286 204.550791 -0.097175 0.709984 -0.152014 0.680714
991.900000000 101.362303 -1.173102 204.512172 -0.096753 0.709730 -0.152225 0.680992
992.200000000 101.008073 -1.227147 204.353369 -0.096134 0.709271 -0.152689 0.681454
992.300000000 100.820497 -1.215295 204.284526 -0.096688 0.709591 -0.152217 0.681148
992.500000000 100.534055 -1.237069 204.159763 -0.096714 0.709051 -0.151896 0.681778
992.600000000 100.418670 -1.262940 204.098301 -0.096766 0.708818 -0.151823 0.682028
992.800000000 100.293133 -1.365701 203.977033 -0.096338 0.709023 -0.151930 0.681852
992.900000000 99.975567 -1.285287 203.880100 -0.096243 0.708996 -0.152275 0.681817
993.700000000 98.824982 -1.406402 203.259707 -0.096324 0.707213 -0.151666 0.683790
993.800000000 98.666166 -1.418585 203.167349 -0.096158 0.707709 -0.151971 0.683233
994.000000000 98.427280 -1.473124 203.000223 -0.095667 0.707737 -0.152112 0.683241
994.100000000 98.179441 -1.439837 202.900495 -0.095096 0.707305 -0.152802 0.683614
994.300000000 98.123338 -1.581873 202.757205 -0.094851 0.707678 -0.152704 0.683283
994.600000000 97.623141 -1.597240 202.493456 -0.094292 0.706934 -0.153191 0.684022
994.800000000 97.290071 -1.608358 202.325208 -0.095393 0.705734 -0.151925 0.685389
994.900000000 97.216677 -1.655151 202.244086 -0.095490 0.706180 -0.152246 0.684844
995.000000000 96.998384 -1.635411 202.147649 -0.095096 0.706445 -0.152537 0.684561
995.100000000 96.864315 -1.654702 202.072778 -0.095029 0.705617 -0.152581 0.685414
995.200000000 96.711912 -1.665693 201.978093 -0.094707 0.706465 -0.152869 0.684521
996.200000000 95.327957 -1.781147 201.304940 -0.094962 0.706797 -0.151555 0.684435
996.300000000 95.079320 -1.729387 201.226691 -0.097226 0.707658 -0.149627 0.683651
996.400000000 95.122076 -1.817554 201.209856 -0.096939 0.707538 -0.149784 0.683781
996.700000000 94.606483 -1.776979 201.093267 -0.095598 0.706844 -0.150840 0.684456
996.800000000 94.525171 -1.799163 201.078026 -0.095715 0.706833 -0.150804 0.684458
997.000000000 94.282788 -1.806285 201.038603 -0.094736 0.707394 -0.152206 0.683705
997.400000000 93.700197 -1.746611 201.008493 -0.095361 0.707805 -0.152194 0.683195
997.800000000 92.570996 -1.375823 200.966919 -0.094379 0.710141 -0.154137 0.680467
998.000000000 92.415657 -1.389666 201.056095 -0.096148 0.709919 -0.151806 0.680974
998.200000000 92.180792 -1.353488 201.155966 -0.096512 0.708900 -0.151291 0.682098
998.400000000 91.907871 -1.303881 201.264719 -0.096586 0.708920 -0.151259 0.682074
998.600000000 91.713339 -1.236395 201.392467 -0.097652 0.707584 -0.150121 0.683559
998.800000000 91.398715 -1.142418 201.525882 -0.097281 0.706671 -0.150790 0.684409
998.900000000 91.251688 -1.118223 201.595030 -0.096952 0.707417 -0.151200 0.683593
999.000000000 91.082275 -1.102262 201.676266 -0.097731 0.707907 -0.150544 0.683120
999.100000000 90.930562 -1.073779 201.762570 -0.097422 0.707721 -0.150559 0.683353
999.200000000 90.814136 -1.012085 201.832388 -0.097422 0.708606 -0.150841 0.682374
999.300000000 90.668314 -0.970441 201.923043 -0.097436 0.707499 -0.150907 0.683505
999.500000000 90.377099 -0.894241 202.108262 -0.096926 0.706791 -0.151426 0.684195
1000.300000000 89.266120 -0.530560 202.850205 -0.096655 0.707059 -0.151428 0.683956
1000.500000000 75.249269 -2.850241 206.036765 -0.037470 0.713227 -0.134268 0.686932
1000.600000000 75.101613 -2.780706 206.133282 -0.038077 0.712933 -0.133713 0.687312
1000.900000000 74.683923 -2.667470 206.419435 -0.036685 0.712423 -0.134905 0.687683
1001.100000000 74.431621 -2.572150 206.590847 -0.036417 0.712433 -0.135256 0.687618
1001.500000000 73.884331 -2.406110 206.932463 -0.037257 0.712571 -0.134613 0.687556
1001.700000000 73.619789 -2.325517 207.096074 -0.036447 0.712034 -0.135521 0.687978
1001.800000000 73.496780 -2.280127 207.168851 -0.036445 0.712428 -0.135272 0.687618
1002.200000000 72.909797 -2.115792 207.464849 -0.036594 0.711789 -0.135317 0.688264
1003.100000000 71.647718 -1.795099 207.985626 -0.036333 0.711708 -0.135959 0.688234
1003.200000000 71.613449 -1.835606 208.041509 -0.036752 0.711919 -0.135678 0.688050
1003.300000000 71.441726 -1.801875 208.083920 -0.035141 0.711898 -0.137063 0.687881
1003.500000000 71.181269 -1.733521 208.160206 -0.036002 0.711973 -0.136260 0.687918
1003.900000000 70.648873 -1.632190 208.290657 -0.035373 0.711420 -0.137013 0.688373
1004.000000000 70.556997 -1.649737 208.325315 -0.035519 0.711414 -0.136872 0.688400
1004.100000000 70.426137 -1.614886 208.345510 -0.036341 0.711654 -0.136079 0.688266
1004.200000000 70.222308 -1.566244 208.364501 -0.035274 0.711263 -0.137062 0.688531
1004.400000000 69.933544 -1.494839 208.392298 -0.035447 0.711143 -0.136902 0.688678
1004.500000000 69.823179 -1.492722 208.409428 -0.035619 0.711249 -0.136707 0.688598
1004.600000000 69.681813 -1.471937 208.419062 -0.035041 0.711151 -0.137285 0.688614
1004.800000000 69.405671 -1.431302 208.433581 -0.034688 0.710873 -0.137663 0.688844
1005.000000000 69.066033 -1.342418 208.420632 -0.035069 0.711051 -0.137326 0.688708
1005.100000000 68.981057 -1.354143 208.425134 -0.035347 0.711075 -0.137072 0.688719
1005.500000000 68.424074 -1.289653 208.400160 -0.033339 0.710476 -0.138985 0.689055
1005.600000000 49.188267 -3.576449 211.344735 0.027522 0.699519 -0.119084 0.704085
1006.000000000 48.594783 -3.427868 211.243543 0.028636 0.699362 -0.119972 0.704045
1006.600000000 47.827525 -3.308551 211.056340 0.028137 0.699838 -0.119548 0.703664
1006.800000000 47.550719 -3.248452 210.982357 0.028732 0.699598 -0.120072 0.703790
1006.900000000 47.422904 -3.225988 210.946359 0.029262 0.699420 -0.120549 0.703863
1007.000000000 47.266725 -3.187281 210.903951 0.030374 0.699217 -0.121558 0.703844
1007.100000000 47.142826 -3.164221 210.859630 0.028745 0.699681 -0.119921 0.703732
1007.300000000 46.851489 -3.097034 210.771631 0.029628 0.699642 -0.120732 0.703596
1007.500000000 46.608907 -3.066699 210.681005 0.030392 0.699654 -0.121396 0.703437
1007.600000000 46.455674 -3.025819 210.631953 0.029673 0.699900 -0.120768 0.703332
1007.700000000 46.290571 -2.975024 210.580664 0.030342 0.699749 -0.121353 0.703352
1007.800000000 46.153373 -2.952366 210.539463 0.029689 0.699735 -0.120794 0.703490
1008.000000000 45.943097 -2.931658 210.444057 0.030512 0.699838 -0.121319 0.703262
1008.700000000 44.907151 -2.673700 210.095220 0.031364 0.698918 -0.122038 0.704014
1008.800000000 44.776228 -2.652757 210.051796 0.031893 0.698328 -0.122533 0.704490
1009.000000000 44.503939 -2.596654 209.953490 0.031636 0.698240 -0.122358 0.704619
1009.200000000 44.218420 -2.532923 209.855029 0.032422 0.698080 -0.123036 0.704624
1010.400000000 42.452516 -2.047394 209.283793 0.037548 0.697934 -0.127426 0.703734
1010.500000000 42.266385 -1.955619 209.233150 0.039009 0.697908 -0.128847 0.703421
1010.600000000 42.168167 -1.943172 209.201157 0.038993 0.697504 -0.128851 0.703822
1011.400000000 40.726287 -1.673584 208.863031 -0.005555 0.706088 -0.086058 0.702853
1011.500000000 40.843574 -1.567652 208.842289 0.040523 0.696450 -0.129945 0.704577
1011.600000000 40.460963 -1.613697 208.783422 -0.005027 0.706032 -0.086565 0.702852
1011.700000000 40.652398 -1.557624 208.763540 0.041950 0.696613 -0.131089 0.704120
1012.000000000 40.256572 -1.439868 208.636494 0.041493 0.696258 -0.130809 0.704551
1012.500000000 39.253621 -1.449896 208.389103 -0.008032 0.706990 -0.083318 0.702253
1013.200000000 38.312467 -1.358387 208.007737 -0.010853 0.707553 -0.080315 0.701998
1013.300000000 38.825956 -1.794134 207.995701 -0.013972 0.708968 -0.077520 0.700828
1013.400000000 13.014785 -2.435453 210.234335 0.094533 0.653919 -0.095116 0.744585
1013.700000000 12.547356 -2.171729 209.972348 0.098691 0.653333 -0.098479 0.744122
1013.900000000 12.636007 -2.727591 209.845920 0.043191 0.662083 -0.051845 0.746386
1014.100000000 12.268815 -2.624882 209.660157 0.046663 0.661290 -0.054874 0.746664
1014.200000000 12.092345 -2.560749 209.567845 0.046905 0.660912 -0.055081 0.746968
1014.300000000 12.094833 -2.613208 209.495296 0.044491 0.661582 -0.052617 0.746700
1014.800000000 11.520670 -2.443428 209.054099 0.045171 0.662047 -0.053232 0.746204
1014.900000000 11.378220 -2.462586 208.965902 0.041879 0.662084 -0.050364 0.746561
1015.000000000 11.202891 -2.427776 208.874911 0.042978 0.661585 -0.051462 0.746866
1015.200000000 11.016175 -2.410943 208.707069 0.040138 0.662052 -0.048996 0.746776
1015.400000000 10.800117 -2.351240 208.537490 0.038614 0.661773 -0.047953 0.747172
1015.500000000 10.709862 -2.306258 208.457283 0.037675 0.661433 -0.047365 0.747558
1015.700000000 10.492813 -2.261752 208.289887 0.036241 0.662063 -0.045986 0.747158
1015.900000000 10.261534 -2.263134 208.127970 0.035230 0.662417 -0.045110 0.746946
1016.000000000 10.144618 -2.234628 208.051227 0.034354 0.663414 -0.044264 0.746152
1016.400000000 9.665175 -2.171539 207.774897 0.033365 0.673741 -0.043208 0.736948
1016.500000000 9.558252 -2.148794 207.724757 0.032643 0.672529 -0.042734 0.738115
1016.900000000 9.106540 -2.092379 207.529943 0.032984 0.671624 -0.043370 0.738886
1017.000000000 8.963198 -2.051312 207.488132 0.033351 0.671159 -0.043945 0.739258
1017.100000000 8.843634 -2.025459 207.454441 0.032654 0.670921 -0.043565 0.739528
1017.600000000 8.335287 -1.955160 207.355981 0.031819 0.670129 -0.042856 0.740323
1017.700000000 8.254177 -1.945172 207.348115 0.030911 0.670031 -0.042323 0.740481
1018.000000000 7.981219 -1.919097 207.345019 0.030133 0.669862 -0.041969 0.740685
1018.200000000 7.798517 -1.889360 207.361730 0.029641 0.669331 -0.041856 0.741192
1018.600000000 7.446647 -1.850887 207.434558 0.029067 0.668136 -0.041688 0.742302
1018.700000000 7.368922 -1.867006 207.461922 0.028233 0.667585 -0.041191 0.742857
1018.800000000 7.297233 -1.845684 207.489647 0.028909 0.667344 -0.041926 0.743006
1019.000000000 7.106447 -1.904000 207.554394 0.028817 0.666961 -0.041864 0.743357
1019.100000000 7.053767 -1.875038 207.593084 0.028239 0.666581 -0.041588 0.743735
1019.500000000 6.736460 -1.864124 207.756367 0.028560 0.666532 -0.041724 0.743760
1020.100000000 6.194962 -1.811112 208.063181 0.028280 0.660476 -0.042516 0.749109
1020.400000000 5.966738 -1.769013 208.240447 0.028638 0.653912 -0.043182 0.754795
1020.700000000 5.751298 -1.748384 208.445192 0.028235 0.654408 -0.043044 0.754388
1020.800000000 5.651755 -1.739368 208.509185 0.028607 0.655390 -0.042958 0.753525
1021.100000000 5.384510 -1.675875 208.725715 0.028014 0.654665 -0.042931 0.754179
1021.200000000 5.281042 -1.670105 208.793016 0.028914 0.655266 -0.043697 0.753579
1022.200000000 4.320863 -1.572730 209.522415 0.028130 0.654862 -0.043497 0.753971
1022.300000000 4.227841 -1.578360 209.595334 0.028632 0.654591 -0.044116 0.754152
1022.700000000 -8.689539 -3.856431 209.194999 0.068786 0.639707 0.008200 0.765491
1023.100000000 -9.074815 -3.820051 209.447075 0.069795 0.639605 0.007000 0.765496
1023.300000000 -9.346842 -3.841065 209.549032 0.071954 0.639262 0.004985 0.765599
1023.400000000 -9.449359 -3.872473 209.600350 0.072197 0.639067 0.004549 0.765742
1023.700000000 -9.761584 -3.817659 209.755209 0.072503 0.639495 0.004489 0.765355
1023.800000000 -9.899519 -3.844315 209.793317 0.071844 0.639253 0.004769 0.765618
1024.100000000 -10.193324 -3.864799 209.927304 0.072581 0.638551 0.003881 0.766139
1024.300000000 -10.446792 -3.843061 209.993801 0.071639 0.639193 0.004705 0.765688
1024.600000000 -10.790449 -3.819905 210.088410 0.071565 0.638727 0.004472 0.766085
1024.700000000 -10.876291 -3.830540 210.117625 0.071026 0.638681 0.004908 0.766171
1024.800000000 -10.978015 -3.845956 210.139178 0.071660 0.638956 0.004372 0.765885
1025.000000000 -11.228543 -3.812861 210.175751 0.071747 0.639271 0.004335 0.765615
1025.200000000 -11.450148 -3.795370 210.207805 0.071395 0.639112 0.004537 0.765779
1025.300000000 -11.512949 -3.836977 210.227054 0.070162 0.638791 0.005388 0.766156
1025.500000000 -11.783865 -3.787051 210.241499 0.071291 0.638519 0.004317 0.766285
1025.600000000 -11.888265 -3.801249 210.248573 0.070171 0.638265 0.005090 0.766595
1025.700000000 -11.953334 -3.792303 210.259736 0.068625 0.638346 0.006245 0.766659
1026.000000000 -12.344725 -3.727456 210.246755 0.071811 0.638634 0.003772 0.766143
1026.100000000 -12.479839 -3.737611 210.235591 0.072135 0.638411 0.003344 0.766301
1026.200000000 -12.570148 -3.737286 210.228706 0.070753 0.638607 0.004546 0.766260
1026.600000000 -13.045276 -3.652013 210.171289 0.073880 0.638692 0.001907 0.765905
1026.700000000 -13.173713 -3.684757 210.146605 0.073308 0.638288 0.002138 0.766296
1026.800000000 -13.269325 -3.665077 210.128858 0.071589 0.638162 0.003492 0.766559
1026.900000000 -13.390211 -3.644746 210.105408 0.071892 0.638057 0.003152 0.766619
1027.000000000 -13.503570 -3.627480 210.078581 0.071581 0.638205 0.003405 0.766524
1027.100000000 -13.617639 -3.605367 210.051828 0.072101 0.638088 0.002990 0.766574
1027.300000000 -13.837415 -3.574917 209.989522 0.071426 0.638158 0.003505 0.766577
1027.400000000 -13.946466 -3.553474 209.957867 0.071057 0.638077 0.003676 0.766678
1027.700000000 -14.296104 -3.535439 209.839861 0.068912 0.638037 0.005575 0.766896
1027.900000000 -14.531874 -3.510070 209.758127 0.068556 0.637831 0.005779 0.767097
1028.000000000 -14.631336 -3.471454 209.719671 0.069059 0.637673 0.005225 0.767187
1028.200000000 -14.869549 -3.470317 209.618552 0.069556 0.638190 0.004902 0.766715
1028.400000000 -15.126728 -3.453412 209.516365 0.069306 0.638128 0.004884 0.766789
1028.600000000 -15.360678 -3.427495 209.409654 0.069728 0.638485 0.004481 0.766456
1029.000000000 -27.669260 -5.610415 208.235662 0.087485 0.609705 0.072196 0.784471
1029.100000000 -27.752426 -5.558272 208.182573 0.086772 0.610092 0.072727 0.784200
1029.400000000 -28.104694 -5.513394 207.983474 0.086835 0.610124 0.072492 0.784190
1029.500000000 -28.240189 -5.528426 207.905169 0.087499 0.610022 0.071825 0.784257
1029.700000000 -28.464060 -5.527418 207.763767 0.089033 0.610314 0.070535 0.783974
1029.800000000 -28.584933 -5.535333 207.683529 0.090013 0.610718 0.069659 0.783625
1029.900000000 -28.712131 -5.484388 207.620905 0.089128 0.610386 0.070187 0.783938
1030.400000000 -29.766220 -5.363775 207.151952 0.093690 0.611643 0.066321 0.782762
1030.500000000 -29.884519 -5.388760 207.066456 0.095202 0.612124 0.065190 0.782298
1030.700000000 -30.139275 -5.429552 206.906209 0.098001 0.612359 0.062853 0.781960
1030.800000000 -30.247637 -5.408535 206.840027 0.097997 0.612447 0.062857 0.781892
1031.500000000 -31.081694 -5.190459 206.392411 0.094138 0.611330 0.065627 0.783012
1031.700000000 -31.307964 -5.220145 206.252568 0.095709 0.611502 0.064256 0.782800
1032.100000000 -31.792605 -5.261148 205.972857 0.100581 0.611994 0.060036 0.782139
1032.300000000 -32.028398 -5.305780 205.836802 0.102991 0.612073 0.057828 0.781931
1032.900000000 -32.760334 -5.014188 205.536377 0.095595 0.611012 0.063560 0.783253
1033.000000000 -32.922999 -5.029975 205.465991 0.097319 0.611194 0.061972 0.783027
1033.200000000 -33.122929 -5.047792 205.362129 0.098250 0.611448 0.061217 0.782771
1033.400000000 -33.411229 -4.945781 205.269000 0.095333 0.611031 0.063360 0.783287
1034.200000000 -33.698162 -4.994442 205.052920 0.093757 0.610152 0.064654 0.784056
1034.800000000 -33.700167 -5.084871 204.981694 0.089654 0.609111 0.068116 0.785052
1034.900000000 -33.752228 -5.097002 204.959521 0.088918 0.609362 0.068797 0.784882
1035.100000000 -33.709915 -5.101125 204.965068 0.088644 0.608850 0.068912 0.785299
1035.200000000 -33.706332 -5.143626 204.957885 0.089252 0.608457 0.068559 0.785566
1035.300000000 -33.726734 -5.161999 204.948827 0.089396 0.608278 0.068479 0.785695
1035.500000000 -33.620347 -5.159995 204.977770 0.087178 0.607633 0.070155 0.786295
1035.800000000 -33.403481 -5.285279 205.018983 0.087940 0.606486 0.069781 0.787129
1035.900000000 -33.453636 -5.316898 205.007484 0.088574 0.606164 0.069272 0.787351
1036.000000000 -33.538006 -5.294270 204.994361 0.088868 0.606293 0.068946 0.787247
1036.500000000 -33.374463 -6.042221 204.884850 0.017611 0.599512 0.124788 0.790382
1037.100000000 -33.156082 -7.292418 204.690462 -0.068310 0.591802 0.191222 0.780089
1037.200000000 -40.788694 -9.455567 203.596638 -0.079878 0.546711 0.274458 0.787019
1037.400000000 -40.986722 -9.694252 203.480243 -0.084481 0.546386 0.277130 0.785827
1037.500000000 -41.040458 -9.794182 203.443859 -0.084462 0.546603 0.277053 0.785705
1037.600000000 -41.175327 -9.830314 203.412563 -0.096289 0.542847 0.285007 0.784102
1038.200000000 -41.704089 -9.344786 203.557398 0.003298 0.564294 0.214098 0.797323
1038.300000000 -41.930979 -9.444327 203.466766 -0.003465 0.563435 0.218653 0.796693
1038.500000000 -41.975964 -9.547324 203.425399 -0.005389 0.564360 0.219797 0.795712
1038.600000000 -42.073687 -9.614163 203.374511 -0.005684 0.565141 0.219681 0.795188
1038.800000000 -42.271936 -9.646845 203.297448 -0.006708 0.567218 0.219860 0.793650
1038.900000000 -42.412304 -9.716473 203.234529 -0.006601 0.567178 0.219793 0.793698
1039.000000000 -42.530100 -9.735102 203.194103 -0.008196 0.567182 0.220844 0.793388
1039.100000000 -42.625926 -9.734013 203.158177 -0.010271 0.567817 0.222160 0.792542
1039.300000000 -42.857247 -9.795800 203.049800 -0.008341 0.569998 0.220536 0.791452
1039.700000000 -43.315839 -10.188965 202.734631 0.044884 0.577697 0.181547 0.794539
1040.000000000 -43.778063 -9.950963 202.600160 0.001059 0.583230 0.198185 0.787759
1040.100000000 -43.982092 -9.866625 202.554708 0.000905 0.584977 0.194151 0.787468
1040.200000000 -44.133648 -9.820787 202.492201 -0.005354 0.586098 0.196140 0.786123
1040.300000000 -44.273801 -9.797392 202.437583 0.002003 0.589794 0.190444 0.784774
1040.500000000 -44.566824 -9.764044 202.301086 0.003804 0.592753 0.189292 0.782814
1040.900000000 -45.117887 -9.528388 202.049263 0.007423 0.594943 0.189980 0.780958
1041.000000000 -45.304500 -9.507457 201.925995 0.031194 0.597519 0.174384 0.782041
1041.400000000 -45.439029 -9.724936 201.647517 -0.159023 0.529962 0.314144 0.771470
1041.600000000 -45.574097 -9.694184 201.547311 -0.145474 0.541547 0.303860 0.770217
1041.900000000 -45.177051 -9.837453 201.473869 -0.116319 0.561157 0.284400 0.768563
1042.300000000 -45.000397 -9.223191 201.366671 -0.028038 0.596536 0.222276 0.770683
1042.400000000 -53.786964 -12.163151 199.317846 -0.083007 0.536834 0.316372 0.777707
1042.700000000 -53.601210 -12.109913 199.215057 -0.101396 0.535117 0.328426 0.771690
1043.000000000 -53.247009 -12.031685 199.061892 -0.019890 0.549983 0.283094 0.785482
1043.100000000 -53.247385 -11.948966 198.994328 0.028337 0.553844 0.254803 0.792168
1043.200000000 -53.189392 -11.819787 199.078750 -0.021534 0.551291 0.282875 0.784599
1043.300000000 -53.048246 -11.649746 199.085259 -0.036697 0.544834 0.293204 0.784756
1043.400000000 -53.142669 -11.475267 199.023845 -0.069478 0.532703 0.313767 0.782911
1043.500000000 -53.136369 -11.457828 198.961879 -0.059408 0.537391 0.306837 0.783283
1043.700000000 -53.169236 -11.389492 198.910531 -0.060711 0.543308 0.306046 0.779402
1043.800000000 -53.292975 -11.277144 198.753407 -0.060291 0.532475 0.308849 0.785778
1043.900000000 -53.418054 -11.169274 198.705262 -0.056210 0.536598 0.306633 0.784142
1044.000000000 -53.433545 -11.149872 198.671080 -0.074286 0.532362 0.317587 0.781160
1044.100000000 -53.409874 -11.108150 198.653310 -0.033032 0.544251 0.292364 0.785635
1044.400000000 -53.016694 -10.907672 198.719575 -0.022295 0.534530 0.298370 0.790415
1044.500000000 -52.835030 -10.871883 198.627978 -0.023869 0.524468 0.303602 0.795104
1044.600000000 -53.120147 -10.776752 198.528888 -0.023614 0.522966 0.304224 0.795862
1045.000000000 -53.388890 -10.597122 198.533256 -0.014840 0.537100 0.295406 0.789961
1045.200000000 -53.564996 -10.437679 198.359225 0.003167 0.531775 0.286803 0.796837
1045.400000000 -54.109566 -10.319811 198.225340 0.004121 0.531831 0.285797 0.797156
1045.500000000 -54.886527 -10.342214 198.081653 -0.015785 0.541227 0.295277 0.787169
1045.700000000 -55.075212 -10.234429 197.984955 -0.060794 0.520552 0.325869 0.786854
1046.300000000 -54.365952 -9.892139 198.440742 -0.105851 0.492649 0.356664 0.786691
1046.700000000 -54.313667 -9.793876 198.660157 -0.079539 0.510431 0.337036 0.787109
1046.800000000 -53.971286 -9.875158 198.782872 -0.113743 0.498211 0.355745 0.782492
1047.100000000 -53.714416 -9.857677 199.062195 -0.078262 0.516766 0.332258 0.785132
1047.200000000 -59.463135 -13.115451 197.279077 -0.108520 0.445778 0.409312 0.788650
1047.500000000 -59.222558 -13.163507 197.583759 -0.040020 0.474456 0.371074 0.797242
1047.800000000 -59.186867 -13.119614 197.787642 -0.013057 0.480178 0.356920 0.801166
1048.000000000 -59.299498 -13.071194 197.891342 -0.004738 0.487336 0.351333 0.799404
1048.100000000 -59.304200 -13.142016 197.907487 -0.006011 0.489430 0.351700 0.797953
1048.200000000 -59.078315 -13.193326 198.071288 -0.024745 0.493151 0.359932 0.791605
1048.300000000 -58.999376 -13.136530 198.178818 -0.004746 0.493299 0.351730 0.795563
1048.400000000 -59.085768 -13.147290 198.207529 -0.014455 0.490758 0.355597 0.795298
1048.500000000 -59.507343 -13.123494 198.088724 0.013507 0.496605 0.340331 0.798358
1048.600000000 -59.593162 -13.220859 198.181622 -0.004967 0.502294 0.348975 0.791133
1049.000000000 -59.778895 -13.200401 198.271248 -0.007153 0.492889 0.354368 0.794627
1049.200000000 -59.912221 -13.170510 198.256616 -0.017256 0.485515 0.359616 0.796651
1049.300000000 -59.808525 -13.175316 198.317791 -0.058617 0.472478 0.382464 0.791865
1049.600000000 -60.072821 -13.104356 198.406012 -0.038840 0.479667 0.371160 0.794136
1049.700000000 -59.420789 -13.178168 198.668071 -0.057575 0.476557 0.378448 0.791426
1049.800000000 -59.807383 -13.064615 198.642756 -0.046018 0.477333 0.373818 0.793911
1049.900000000 -60.102730 -13.103984 198.531205 -0.057385 0.475120 0.380846 0.791154
1050.000000000 -60.209595 -13.083543 198.525477 -0.047509 0.477383 0.375065 0.793205
1050.100000000 -66.765932 -15.846811 196.284321 -0.083013 0.416130 0.452617 0.784272
1050.200000000 -66.761329 -15.789072 196.315043 -0.051287 0.423328 0.438761 0.790982
1050.300000000 -66.692737 -15.751307 196.382492 -0.025639 0.434100 0.427085 0.792779
1050.600000000 -66.784051 -15.767303 196.481269 -0.033626 0.432797 0.429503 0.791886
1050.700000000 -66.798183 -15.808110 196.441856 -0.024809 0.436308 0.424474 0.792996
1050.800000000 -67.018694 -15.777197 196.433275 -0.026829 0.444751 0.423979 0.788492
1050.900000000 -67.213166 -15.774187 196.366369 -0.055603 0.432554 0.437936 0.786140
1051.200000000 -67.556673 -15.763696 196.246752 -0.050063 0.436671 0.434136 0.786345
1051.300000000 -67.722918 -15.783343 196.121670 -0.051803 0.434871 0.434887 0.786815
1051.500000000 -67.901974 -15.754998 196.042163 -0.057696 0.430863 0.438451 0.786631
1051.600000000 -68.107664 -15.785306 195.949589 -0.071906 0.431298 0.443332 0.782476
1051.700000000 -68.304800 -15.767168 195.846834 -0.066819 0.427683 0.442388 0.785440
1051.800000000 -68.509386 -15.797278 195.761111 -0.067354 0.430814 0.441670 0.784086
1052.000000000 -68.566111 -15.775076 195.722447 -0.060744 0.432532 0.438910 0.785228
1052.100000000 -68.590129 -15.749939 195.733789 -0.088083 0.421445 0.451670 0.781421
1052.300000000 -76.605172 -16.243498 193.137310 -0.126729 0.366816 0.515180 0.764183
1052.400000000 -76.506209 -16.168427 193.175741 -0.112058 0.368403 0.511139 0.768414
1053.000000000 -75.730948 -15.776832 193.613878 -0.109422 0.353521 0.513288 0.774329
1053.200000000 -75.500307 -15.639309 193.741398 -0.099437 0.350389 0.511035 0.778577
1053.300000000 -75.426753 -15.591275 193.787379 -0.078427 0.359983 0.502519 0.782135
1053.400000000 -75.377416 -15.530863 193.828279 -0.083804 0.360911 0.503428 0.780564
1053.700000000 -75.137641 -15.375222 193.949755 -0.095199 0.353023 0.508749 0.779414
1054.100000000 -75.526079 -15.453350 193.575329 -0.001062 0.392963 0.466589 0.792385
1054.300000000 -75.311813 -15.363576 193.680056 -0.021100 0.383194 0.476132 0.791212
1054.400000000 -75.247206 -15.432344 193.571672 -0.026901 0.386688 0.477095 0.788752
1054.800000000 -75.311174 -15.184532 193.659327 -0.074762 0.374037 0.495936 0.780099
1055.500000000 -75.266494 -14.715173 194.012126 -0.093763 0.369567 0.502318 0.776084
1055.600000000 -75.193467 -14.676311 194.065901 -0.102641 0.364346 0.506078 0.774985
1056.000000000 -74.786336 -14.553291 194.365234 -0.094656 0.362975 0.503861 0.778083
1056.200000000 -74.563194 -14.525739 194.512942 -0.094678 0.359491 0.504530 0.779264
1056.600000000 -80.357632 -10.867874 193.787411 -0.129334 0.298369 0.557768 0.763639
1056.800000000 -80.276568 -10.816913 193.978792 -0.130617 0.295058 0.558952 0.763841
1056.900000000 -80.256809 -10.788037 194.080639 -0.129496 0.294775 0.558779 0.764267
1057.000000000 -80.100380 -10.792094 194.201861 -0.128123 0.292840 0.558861 0.765182
1057.100000000 -79.962385 -10.783740 194.328396 -0.127981 0.291259 0.559101 0.765633
1057.500000000 -79.746259 -10.258131 195.438450 0.007691 0.378924 0.501464 0.777748
1058.200000000 -80.226786 -10.758582 195.259256 0.023801 0.392536 0.491767 0.776861
1058.300000000 -80.043253 -10.910815 195.219055 -0.126859 0.287505 0.559918 0.766641
1058.400000000 -80.026305 -10.945138 195.282161 -0.120862 0.292242 0.557361 0.767682
1058.500000000 -80.030757 -10.987960 195.349281 -0.131393 0.283017 0.561967 0.766048
1059.000000000 -80.202034 -11.202721 195.593644 -0.004469 0.373140 0.505800 0.777762
1059.100000000 -79.589270 -11.163884 195.983353 -0.015293 0.365688 0.511403 0.777500
1059.500000000 -81.866145 -4.077023 197.479458 -0.073415 0.319115 0.563471 0.758470
1059.700000000 -81.803857 -4.075133 197.733338 -0.076303 0.318652 0.564276 0.757781
1059.800000000 -81.572780 -4.084766 197.909505 -0.068264 0.324965 0.560765 0.758472
1060.300000000 -81.419318 -4.103766 198.527194 -0.075310 0.320798 0.563709 0.757396
1060.400000000 -81.009008 -4.040775 198.856965 -0.076731 0.319947 0.564328 0.757153
1060.500000000 -80.791061 -3.977868 199.137705 -0.090819 0.307575 0.570688 0.755953
1060.700000000 -80.777059 -3.848095 199.540934 -0.033440 0.353570 0.545725 0.758982
1061.000000000 -80.794044 -3.321116 200.595995 0.059321 0.414865 0.501763 0.756705
1061.500000000 -80.621837 -2.993229 201.680900 0.181329 0.487261 0.429993 0.738107
1061.900000000 -75.965015 8.278216 206.020157 0.242696 0.550235 0.388373 0.698217
1062.200000000 -75.746783 8.536604 206.647394 0.320606 0.589090 0.323485 0.667489
1062.400000000 -75.745510 8.501386 206.736192 0.320602 0.589513 0.323600 0.667061
1062.500000000 -75.612444 8.492543 206.807895 0.319393 0.589219 0.324715 0.667360
1062.700000000 -75.014708 8.351080 206.823598 0.321810 0.590336 0.322760 0.666159
1063.500000000 -74.350759 8.240805 207.133124 0.323337 0.591176 0.321961 0.665060
1063.600000000 -74.169813 8.239817 207.193593 0.321678 0.590095 0.323543 0.666056
1063.900000000 -73.678320 8.161690 207.218767 0.324374 0.592225 0.321446 0.663870
1064.100000000 -73.452472 8.161135 207.295730 0.324052 0.591873 0.321828 0.664156
1064.300000000 -73.179569 8.149923 207.341613 0.324430 0.591891 0.321536 0.664097
1064.400000000 -73.042991 8.132824 207.346832 0.325200 0.592166 0.320807 0.663828
1065.000000000 -72.287424 8.115911 207.401100 0.328312 0.594120 0.318627 0.661596
1065.100000000 -72.171461 8.120045 207.407134 0.329217 0.594778 0.317848 0.660930
1066.300000000 -70.488276 8.239136 207.447636 0.331996 0.597242 0.315560 0.658410
1066.700000000 -69.756498 8.296861 207.470039 0.328852 0.595817 0.318361 0.659928
1067.200000000 -68.791778 8.359147 207.419977 0.318654 0.591904 0.327281 0.664076
1068.500000000 -67.061930 8.525118 207.184271 0.316949 0.591068 0.328135 0.665214
1069.300000000 -67.276641 8.783321 207.069542 0.342925 0.602401 0.304445 0.653321
1069.400000000 -67.126258 8.830064 207.098946 0.341060 0.602087 0.306292 0.653723
1069.500000000 -66.988466 8.859173 207.131807 0.340064 0.600833 0.306974 0.655075
1070.000000000 -67.259832 8.677238 206.682881 0.424096 0.632039 0.223411 0.608898
1070.200000000 -66.896501 8.646350 206.596082 0.425880 0.632935 0.221667 0.607358
1070.500000000 -56.123549 16.736247 209.783344 0.362922 0.645546 0.285851 0.608151
1070.600000000 -55.853201 16.762967 209.776364 0.360496 0.644257 0.288113 0.609891
1070.900000000 -55.392144 16.495182 209.264850 0.386315 0.657312 0.260521 0.592309
1071.000000000 -55.182960 16.512333 209.251346 0.383856 0.656358 0.263138 0.593807
1071.100000000 -55.065635 16.538167 209.257680 0.383868 0.656674 0.263253 0.593399
1071.300000000 -54.784726 16.498759 209.150471 0.390990 0.659193 0.255232 0.589447
1071.700000000 -55.413650 16.769176 209.408794 0.412819 0.671437 0.230847 0.570494
1072.000000000 -55.864662 16.969893 209.635176 0.426825 0.676325 0.213788 0.560981
1072.300000000 -56.100156 17.143862 209.916887 0.451120 0.678291 0.184351 0.549933
1073.000000000 -56.109824 17.829538 211.008557 0.519907 0.689921 0.093437 0.494949
1073.200000000 -55.865505 17.771511 210.917612 0.517783 0.689058 0.095698 0.497936
1073.400000000 -40.037231 24.694486 214.220140 0.447188 0.715157 0.169621 0.509708
1073.500000000 -39.918776 24.677675 214.163710 0.446666 0.715591 0.170313 0.509325
1073.700000000 -39.694261 24.671087 214.087392 0.445387 0.715864 0.172481 0.509333
1073.900000000 -39.403906 24.581940 213.888233 0.446788 0.716891 0.170605 0.507288
1074.000000000 -39.280516 24.543208 213.800348 0.447221 0.717064 0.169868 0.506910
1074.200000000 -39.011378 24.506498 213.676706 0.446113 0.717095 0.171789 0.507194
1074.300000000 -38.868035 24.497005 213.626396 0.445139 0.716945 0.173266 0.507760
1074.400000000 -38.782146 24.496599 213.589713 0.444990 0.717207 0.173622 0.507399
1074.700000000 -38.420418 24.410141 213.349368 0.447194 0.718027 0.170169 0.505467
1074.900000000 -38.184120 24.400000 213.217057 0.446396 0.718011 0.172029 0.505566
1075.100000000 -37.931262 24.372989 213.065649 0.447096 0.718215 0.170434 0.505198
1075.200000000 -37.839901 24.330239 212.964642 0.448211 0.718708 0.169027 0.503979
1075.400000000 -37.608657 24.318177 212.831859 0.447900 0.718364 0.169334 0.504643
1075.500000000 -37.484231 24.305756 212.766270 0.447722 0.717994 0.169894 0.505139
1075.800000000 -37.177782 24.231316 212.504780 0.450712 0.716942 0.166176 0.505211
1076.000000000 -36.956677 24.196549 212.346322 0.451329 0.716191 0.164597 0.506242
1076.100000000 -36.831839 24.199258 212.256825 0.450956 0.716161 0.165370 0.506365
1076.200000000 -36.700258 24.190910 212.154400 0.450798 0.716757 0.165934 0.505476
1076.500000000 -36.346957 24.185526 211.892063 0.452002 0.716331 0.164032 0.505626
1076.600000000 -36.263774 24.173954 211.821537 0.453824 0.715623 0.161484 0.505817
1076.800000000 -36.007638 24.178511 211.642666 0.452782 0.715531 0.163334 0.506286
1076.900000000 -35.881287 24.181708 211.550613 0.453510 0.715739 0.162645 0.505563
1077.000000000 -22.817040 26.713429 212.948496 0.389489 0.732158 0.232589 0.508080
1077.100000000 -22.712286 26.742964 212.866976 0.390957 0.732656 0.230936 0.506987
1077.200000000 -22.582967 26.759649 212.776019 0.390726 0.732256 0.231086 0.507675
1077.300000000 -22.470827 26.798722 212.702102 0.390932 0.731903 0.231859 0.507673
1077.400000000 -22.404750 26.877909 212.685388 0.390689 0.732449 0.232118 0.506954
1077.500000000 -22.254996 26.878391 212.559187 0.391051 0.732467 0.231067 0.507128
1077.600000000 -22.152237 26.912481 212.474562 0.391186 0.732667 0.230762 0.506874
1077.700000000 -22.052597 26.957625 212.403205 0.391885 0.733590 0.230290 0.505212
1077.900000000 -21.769836 26.997835 212.163656 0.391831 0.733479 0.230056 0.505521
1078.100000000 -21.552968 27.091548 212.015483 0.392051 0.733434 0.230310 0.505300
1078.300000000 -21.380816 27.176587 211.878762 0.394116 0.734964 0.227152 0.502895
1078.500000000 -21.124510 27.266648 211.711782 0.394419 0.735001 0.226553 0.502872
1078.800000000 -20.719776 27.353761 211.394911 0.395704 0.735455 0.224976 0.501907
1078.900000000 -20.686033 27.416642 211.384382 0.396992 0.735550 0.222038 0.502059
1079.400000000 -20.003225 27.528962 210.868122 0.394917 0.735435 0.224644 0.502704
1079.500000000 -19.892405 27.562946 210.804987 0.394940 0.735153 0.224711 0.503069
1079.600000000 -19.740076 27.598363 210.708269 0.394502 0.736569 0.225469 0.500997
1080.000000000 -19.308733 27.672700 210.434574 0.398943 0.731938 0.219602 0.506840
1080.100000000 -19.173520 27.672241 210.349250 0.399810 0.730432 0.217934 0.509045
1080.300000000 -18.940946 27.682482 210.210177 0.400871 0.730221 0.217179 0.508834
1080.500000000 -18.716283 27.687439 210.100966 0.401301 0.731584 0.216756 0.506715
1080.600000000 -18.640239 27.693050 210.079302 0.400795 0.731301 0.217544 0.507185
1080.700000000 -18.547571 27.686421 210.032868 0.401046 0.731654 0.216954 0.506730
1080.800000000 -18.436210 27.683120 209.983580 0.401405 0.732213 0.216345 0.505898
1081.000000000 -18.230696 27.663140 209.888615 0.400953 0.732644 0.216894 0.505396
1081.100000000 -18.133221 27.640669 209.842300 0.401737 0.733047 0.215842 0.504640
1081.200000000 -18.028246 27.625322 209.796252 0.401669 0.733562 0.215834 0.503949
1081.300000000 -17.939805 27.598024 209.761171 0.402307 0.733248 0.214905 0.504293
1081.500000000 -17.756945 27.557778 209.700484 0.401477 0.733726 0.216120 0.503740
1081.600000000 -17.660403 27.534934 209.671619 0.401382 0.733746 0.216423 0.503657
1081.700000000 -17.570623 27.505561 209.634614 0.401290 0.733825 0.216626 0.503527
1081.900000000 -17.393977 27.439088 209.591746 0.401041 0.734017 0.216718 0.503406
1082.100000000 -17.253800 27.342286 209.514157 0.401203 0.734300 0.216546 0.502939
1082.400000000 -17.005470 27.225002 209.472766 0.399124 0.736224 0.219744 0.500387
1082.500000000 -16.929965 27.176549 209.466847 0.398177 0.737926 0.221709 0.497761
1082.600000000 -16.838689 27.135399 209.469637 0.397128 0.739892 0.223196 0.495008
1082.700000000 -16.749645 27.076260 209.447490 0.396804 0.741383 0.224105 0.492620
1082.900000000 -16.452759 26.929330 209.337926 0.395630 0.742039 0.225550 0.491917
1083.000000000 -16.363270 26.862345 209.332811 0.395250 0.741240 0.225833 0.493295
1083.300000000 -16.067143 26.681137 209.334190 0.395472 0.740226 0.225656 0.494719
1083.500000000 -15.851195 26.561174 209.337836 0.396330 0.741381 0.224439 0.492853
1083.600000000 -15.734066 26.471991 209.301331 0.395940 0.740481 0.225185 0.494178
1083.700000000 -15.599297 26.390529 209.269454 0.395367 0.740670 0.226371 0.493810
1083.800000000 -2.851405 28.596069 210.645315 0.358998 0.740097 0.270314 0.500306
1084.200000000 -2.358443 28.319058 210.628358 0.357806 0.740151 0.272124 0.500099
1084.600000000 -1.968146 28.085856 210.745900 0.358943 0.741842 0.270320 0.497752
1084.700000000 -1.861449 28.021941 210.772481 0.359778 0.741694 0.269016 0.498077
1084.800000000 -1.710601 27.941008 210.734746 0.357587 0.741600 0.272027 0.498159
1084.900000000 -1.564651 27.882100 210.749742 0.358744 0.742016 0.270037 0.497791
1085.100000000 -1.315087 27.733347 210.739836 0.359145 0.741977 0.270174 0.497485
1085.300000000 -1.050799 27.587047 210.730147 0.357164 0.741196 0.272919 0.498575
1085.400000000 -0.861230 27.494564 210.666854 0.355096 0.740451 0.275941 0.499495
1085.500000000 -0.791865 27.461261 210.738748 0.356021 0.741666 0.274114 0.498038
1085.600000000 -0.696821 27.407921 210.781705 0.357960 0.742480 0.271423 0.496908
1086.200000000 0.002157 27.052477 210.871721 0.359916 0.743646 0.268829 0.495158
1086.300000000 0.152595 26.963425 210.818625 0.357577 0.742539 0.272093 0.496729
1086.400000000 0.259930 26.906532 210.832818 0.358294 0.742915 0.270970 0.496264
1086.500000000 0.414260 26.852206 210.816163 0.358075 0.743138 0.271344 0.495884
1086.800000000 0.785406 26.691433 210.811478 0.357942 0.743384 0.271374 0.495594
1087.300000000 1.336776 26.471547 210.829729 0.358318 0.743826 0.271186 0.494762
1087.400000000 1.496254 26.425596 210.786541 0.358175 0.744171 0.271473 0.494188
1087.700000000 1.877397 26.309092 210.749836 0.358170 0.744201 0.271483 0.494142
1087.900000000 2.161772 26.237875 210.677853 0.358176 0.745164 0.271295 0.492788
1088.100000000 2.401425 26.178135 210.639071 0.358421 0.745232 0.270860 0.492746
1088.200000000 2.544220 26.143872 210.600531 0.358191 0.745121 0.271294 0.492843
1088.300000000 2.625473 26.124966 210.607502 0.358201 0.745079 0.271174 0.492965
1088.400000000 2.716884 26.104332 210.601928 0.359367 0.745356 0.269495 0.492618
1088.500000000 2.877179 26.077021 210.550623 0.358271 0.745090 0.271089 0.492944
1088.800000000 3.228186 26.028148 210.449008 0.359441 0.746182 0.269578 0.491267
1089.000000000 12.910732 27.490614 210.916106 0.341134 0.735782 0.293555 0.506041
1089.100000000 13.014896 27.498684 210.902812 0.340424 0.735679 0.294643 0.506037
1089.300000000 13.281993 27.497508 210.815636 0.340229 0.736003 0.294807 0.505602
1089.400000000 13.415454 27.499252 210.763412 0.340479 0.736287 0.294365 0.505277
1089.600000000 13.636131 27.514778 210.682462 0.341332 0.736674 0.293332 0.504738
1090.000000000 14.124302 27.569132 210.469363 0.341833 0.736482 0.292733 0.505027
1090.200000000 14.339770 27.625929 210.365560 0.341498 0.736713 0.293385 0.504538
1090.600000000 14.775270 27.755852 210.148118 0.341966 0.736737 0.292905 0.504464
1090.800000000 15.016569 27.825592 209.998956 0.342127 0.737315 0.292832 0.503552
1090.900000000 15.147496 27.875537 209.949340 0.341651 0.736925 0.293341 0.504150
1091.100000000 15.382765 27.949903 209.797990 0.341561 0.737012 0.293460 0.504015
1091.200000000 15.471082 27.987900 209.748752 0.341874 0.736902 0.292807 0.504342
1091.300000000 15.588628 28.034808 209.681621 0.341636 0.736993 0.293471 0.503984
1091.400000000 15.725108 28.066234 209.592905 0.341323 0.736711 0.293828 0.504402
1091.500000000 15.806114 28.117361 209.554950 0.341922 0.736885 0.292961 0.504245
1091.800000000 16.187295 28.238582 209.324651 0.341482 0.736953 0.293411 0.504182
1092.100000000 16.453782 28.391041 209.169811 0.342589 0.737891 0.292273 0.502718
1092.400000000 16.823807 28.501427 208.919911 0.343657 0.738050 0.290715 0.502660
1092.500000000 16.931456 28.555221 208.863990 0.343696 0.738134 0.290783 0.502470
1092.600000000 17.049545 28.597228 208.793315 0.343072 0.737915 0.291503 0.502801
1092.700000000 17.170979 28.629765 208.712713 0.342969 0.737613 0.291390 0.503380
1093.000000000 17.523522 28.779197 208.490795 0.343594 0.738578 0.291216 0.501636
1093.200000000 17.777105 28.876150 208.347599 0.342693 0.737953 0.291915 0.502764
1093.400000000 18.014789 28.980068 208.194541 0.341843 0.737815 0.293157 0.502824
1093.500000000 18.138765 29.021107 208.110149 0.342219 0.737941 0.292885 0.502541
1093.800000000 18.455602 29.176164 207.909836 0.342971 0.737966 0.291584 0.502748
1094.300000000 18.996272 29.453047 207.559784 0.342616 0.737706 0.292355 0.502925
1094.400000000 19.112880 29.498214 207.460566 0.343018 0.738312 0.291587 0.502206
1094.700000000 19.445835 29.688068 207.274255 0.344034 0.738967 0.290069 0.501426
1094.900000000 19.685740 29.797067 207.144682 0.343743 0.738759 0.290825 0.501495
1095.000000000 19.794256 29.836681 207.076102 0.343748 0.738405 0.290462 0.502223
1095.400000000 20.258926 30.001833 206.806086 0.343770 0.737795 0.290909 0.502845
1095.500000000 20.353619 30.017868 206.722497 0.345023 0.738162 0.289154 0.502460
1095.700000000 20.576506 30.075772 206.592102 0.345617 0.738195 0.288410 0.502432
1095.800000000 20.712633 30.102782 206.536291 0.345784 0.736989 0.288608 0.503971
1095.900000000 26.208518 30.783726 206.612415 0.336754 0.725150 0.301271 0.519605
1096.100000000 26.420996 30.806729 206.502168 0.337795 0.724816 0.299942 0.520164
1096.200000000 26.532878 30.833811 206.468498 0.338115 0.724983 0.299657 0.519889
1096.300000000 26.643011 30.835387 206.412042 0.338540 0.724676 0.299008 0.520413
1096.700000000 27.149456 30.865978 206.219881 0.338944 0.725618 0.297975 0.519430
1096.900000000 27.394213 30.869079 206.155492 0.339436 0.725133 0.297688 0.519949
1097.300000000 27.888310 30.854020 206.052336 0.340424 0.725094 0.296502 0.520036
1097.500000000 28.113688 30.838050 206.022422 0.340188 0.725100 0.296512 0.520175
1097.700000000 28.354066 30.806339 205.972440 0.340296 0.725238 0.296469 0.519937
1097.900000000 28.623517 30.804654 205.967874 0.340089 0.725500 0.296610 0.519626
1098.000000000 28.725463 30.788065 205.968702 0.340502 0.725543 0.296245 0.519504
1098.200000000 28.981295 30.744314 205.931006 0.340854 0.726143 0.295923 0.518617
1098.600000000 29.539305 30.638710 205.868201 0.340533 0.726068 0.296179 0.518787
1098.700000000 29.603517 30.617532 205.900659 0.340885 0.726061 0.295859 0.518749
1098.800000000 29.791687 30.571163 205.847157 0.341227 0.726410 0.295489 0.518246
1099.000000000 30.079349 30.524427 205.844291 0.340742 0.726143 0.296055 0.518617
1099.100000000 30.195763 30.494291 205.845057 0.340679 0.726685 0.295965 0.517949
1099.300000000 30.464394 30.409836 205.815634 0.341465 0.726439 0.295198 0.518215
1099.400000000 30.588710 30.375088 205.814010 0.341637 0.726968 0.295001 0.517470
1099.500000000 30.840772 30.326586 205.737677 0.341598 0.727322 0.295020 0.516989
1099.600000000 30.879590 30.308955 205.788313 0.341451 0.727624 0.295103 0.516613
1099.700000000 30.982229 30.284859 205.817523 0.341334 0.727542 0.295149 0.516779
1100.000000000 31.397686 30.177274 205.801298 0.341358 0.727536 0.295102 0.516799
1100.300000000 31.804223 30.072742 205.798968 0.341800 0.728011 0.294386 0.516246
1100.900000000 32.644196 29.858748 205.759747 0.342231 0.728955 0.293642 0.515050
1101.400000000 33.371965 29.692604 205.698258 0.341486 0.729393 0.294369 0.514510
1101.700000000 39.987105 30.296922 205.737376 0.340573 0.713731 0.300264 0.533329
1101.900000000 40.154144 30.262116 205.798043 0.340902 0.714111 0.299749 0.532899
1102.000000000 40.212569 30.231780 205.829169 0.341152 0.713811 0.299409 0.533331
1102.100000000 40.380056 30.189776 205.800126 0.341595 0.713571 0.299076 0.533557
1102.200000000 40.488437 30.169396 205.807332 0.341621 0.713767 0.298995 0.533324
1102.600000000 41.097451 30.097958 205.773313 0.340542 0.714424 0.299988 0.532575
1102.800000000 41.394202 30.054276 205.742700 0.340371 0.714741 0.300216 0.532130
1102.900000000 41.546783 30.043732 205.732107 0.340081 0.714945 0.300436 0.531918
1103.100000000 41.813740 29.997404 205.695438 0.340477 0.715148 0.300120 0.531570
1103.200000000 41.970569 29.981682 205.667077 0.340455 0.715380 0.299973 0.531355
1103.300000000 42.082959 29.970594 205.667569 0.340549 0.715430 0.299901 0.531268
1103.600000000 42.532328 29.941745 205.581320 0.340271 0.716281 0.300401 0.530015
1103.900000000 42.954550 29.935298 205.524338 0.339748 0.716511 0.300744 0.529846
1104.100000000 43.235856 29.928697 205.465540 0.340099 0.716852 0.300450 0.529326
1104.300000000 43.521849 29.922035 205.398025 0.340194 0.716492 0.300630 0.529650
1104.400000000 43.651584 29.927692 205.361578 0.339984 0.717166 0.300805 0.528771
1104.500000000 43.804945 29.942553 205.336379 0.339472 0.717091 0.301336 0.528901
1104.800000000 44.216912 29.946280 205.222229 0.339882 0.717727 0.300715 0.528128
1105.100000000 44.630449 29.968954 205.117041 0.339900 0.717780 0.301176 0.527782
1105.300000000 44.898493 29.975301 205.038189 0.340691 0.718164 0.300131 0.527344
1106.000000000 45.855557 30.006344 204.801243 0.340684 0.717413 0.300257 0.528297
1106.200000000 46.146347 30.021013 204.733727 0.339842 0.717256 0.301367 0.528422
1106.300000000 46.300480 30.039818 204.704465 0.339002 0.717499 0.302190 0.528162
1106.700000000 46.853785 30.046499 204.568750 0.339853 0.717141 0.301404 0.528549
1106.900000000 47.143333 30.066137 204.516493 0.339071 0.716642 0.302282 0.529226
1107.100000000 47.460109 30.088454 204.467630 0.338504 0.716188 0.303129 0.529719
1107.200000000 47.601117 30.093117 204.437625 0.338681 0.716256 0.302777 0.529715
1107.400000000 47.883172 30.088932 204.360868 0.339285 0.716297 0.302148 0.529633
1107.600000000 48.164220 30.111621 204.329939 0.338047 0.715271 0.303781 0.530876
1107.900000000 52.332721 30.575315 204.021941 0.336875 0.698818 0.310055 0.549577
1108.400000000 52.982001 30.581636 203.921094 0.336874 0.698281 0.310022 0.550278
1108.700000000 53.422395 30.570252 203.825263 0.337419 0.698186 0.309542 0.550335
1108.800000000 53.577628 30.566249 203.788089 0.337538 0.698289 0.309411 0.550205
1109.000000000 53.887130 30.572007 203.740664 0.336705 0.697294 0.310591 0.551311
1109.200000000 54.127568 30.565848 203.694165 0.337674 0.697535 0.309395 0.551086
1109.600000000 54.702743 30.569031 203.581828 0.337853 0.697537 0.309236 0.551064
1110.200000000 55.534988 30.552964 203.388619 0.338980 0.697713 0.307937 0.550876
1110.500000000 55.916303 30.554770 203.313025 0.339653 0.697559 0.307259 0.551035
1110.600000000 56.062857 30.546712 203.266956 0.339533 0.697498 0.307356 0.551132
1110.800000000 56.348524 30.571595 203.227492 0.338530 0.697581 0.308490 0.551010
1111.100000000 56.737844 30.569156 203.132654 0.340165 0.698263 0.306565 0.550213
1111.400000000 57.142518 30.584161 203.048817 0.339329 0.697903 0.307576 0.550622
1111.500000000 57.235276 30.586419 203.029270 0.339882 0.698277 0.306820 0.550228
1111.600000000 57.373878 30.586269 202.992612 0.341326 0.698996 0.305208 0.549317
1111.700000000 57.539408 30.591924 202.952983 0.340269 0.698493 0.306590 0.549843
1111.900000000 57.778193 30.605464 202.906671 0.340516 0.698500 0.306269 0.549859
1112.100000000 58.040099 30.612320 202.841103 0.340726 0.698846 0.305896 0.549497
1112.300000000 58.324423 30.626196 202.774482 0.340314 0.698903 0.306517 0.549335
1112.500000000 58.542488 30.645320 202.736144 0.341121 0.699291 0.305357 0.548985
1112.600000000 58.730143 30.627869 202.650689 0.341433 0.699736 0.305110 0.548362
1112.700000000 58.841217 30.644873 202.639590 0.341312 0.699684 0.305320 0.548387
1112.800000000 58.943683 30.665565 202.634930 0.340853 0.699752 0.305767 0.548336
1112.900000000 59.075792 30.669455 202.598647 0.340772 0.699676 0.305839 0.548443
1113.500000000 59.854734 30.710226 202.400667 0.341037 0.700050 0.305557 0.547958
1113.600000000 59.987678 30.726789 202.375461 0.340556 0.700107 0.306085 0.547890
1113.700000000 60.171339 30.735288 202.323421 0.339913 0.700143 0.306915 0.547780
1113.800000000 60.293603 30.737628 202.286951 0.340055 0.700165 0.306786 0.547736
1113.900000000 60.420777 30.737123 202.244361 0.340607 0.700341 0.306161 0.547516
1114.200000000 60.782357 30.791915 202.191155 0.339711 0.700108 0.307205 0.547787
1114.300000000 60.940322 30.804222 202.148297 0.339368 0.700344 0.307679 0.547432
1115.400000000 62.261028 30.864665 201.745164 0.342867 0.703094 0.303546 0.544023
1115.600000000 62.681367 30.904587 201.655651 0.340096 0.701671 0.307168 0.545565
1115.700000000 62.868624 30.912168 201.597190 0.339912 0.701640 0.307504 0.545529
1115.800000000 62.992264 30.924478 201.564095 0.339660 0.701895 0.307780 0.545203
1116.100000000 63.415511 30.938291 201.426674 0.339949 0.702272 0.307477 0.544709
1116.900000000 64.569139 30.993020 200.858712 0.336495 0.687206 0.317121 0.560316
1117.100000000 64.926723 31.033206 200.810991 0.334002 0.685823 0.320088 0.561812
1117.200000000 65.049477 31.046215 200.792642 0.333777 0.685433 0.320416 0.562235
1117.400000000 65.346832 31.054884 200.712695 0.333922 0.685952 0.320168 0.561657
1117.700000000 65.773144 31.072972 200.612219 0.333106 0.685476 0.321194 0.562137
1117.900000000 66.038298 31.072979 200.536041 0.333842 0.685479 0.320380 0.562161
1118.200000000 66.398073 31.082555 200.436793 0.334569 0.686225 0.319506 0.561316
1118.500000000 66.887135 31.095151 200.321213 0.332003 0.684790 0.322604 0.562817
1118.600000000 66.981767 31.100816 200.300388 0.332255 0.684965 0.322313 0.562622
1118.800000000 67.210496 31.117562 200.254837 0.333004 0.685445 0.321439 0.562095
1119.000000000 67.468732 31.140741 200.215269 0.332591 0.685193 0.321981 0.562336
1119.400000000 67.983267 31.123903 200.042828 0.335645 0.686928 0.318420 0.560430
1119.700000000 68.331722 31.135747 199.960428 0.336248 0.687177 0.317699 0.560172
1119.900000000 68.583275 31.190984 199.972612 0.333822 0.685670 0.320583 0.561824
1120.600000000 69.460968 31.153257 199.663926 0.339623 0.689290 0.313750 0.557760
1120.700000000 69.634866 31.131066 199.582988 0.340185 0.689632 0.313011 0.557410
1120.900000000 69.928756 31.113853 199.467863 0.341774 0.690682 0.311086 0.556215
1121.000000000 70.018710 31.130171 199.461483 0.341846 0.690585 0.311022 0.556326
1121.100000000 70.138378 31.126531 199.416398 0.342649 0.690981 0.310042 0.555887
1121.200000000 70.312261 31.116574 199.344098 0.343202 0.691301 0.309418 0.555496
1121.300000000 70.432351 31.152225 199.350887 0.341785 0.690602 0.311077 0.556312
1122.000000000 71.358433 31.216787 199.027697 0.343208 0.691370 0.309256 0.555496
1122.500000000 71.975339 31.332261 198.784655 0.343819 0.692151 0.308267 0.554695
1122.600000000 72.116749 31.375539 198.749812 0.342509 0.691837 0.309777 0.555056
1122.700000000 72.235995 31.408634 198.701642 0.342899 0.691989 0.309316 0.554883
1122.800000000 72.340928 31.417421 198.617821 0.344976 0.693117 0.306932 0.553510
1122.900000000 72.484642 31.460544 198.575489 0.344317 0.692861 0.307678 0.553827
1123.000000000 72.611795 31.501959 198.530933 0.344229 0.692813 0.307550 0.554013
1123.200000000 67.001257 30.911182 197.687305 0.337804 0.673303 0.320749 0.574170
1123.400000000 67.239441 30.966933 197.554107 0.340378 0.674556 0.317943 0.572738
1123.500000000 67.394270 31.028735 197.526984 0.339124 0.674175 0.319195 0.573235
1123.600000000 67.521876 31.066040 197.465945 0.339567 0.674536 0.318746 0.572797
1123.800000000 67.805267 31.169198 197.378771 0.338462 0.674119 0.320009 0.573237
1123.900000000 67.929656 31.209993 197.312608 0.338938 0.674774 0.319542 0.572445
1124.000000000 68.040586 31.250095 197.266212 0.340145 0.674717 0.318128 0.572584
1124.100000000 68.174686 31.295843 197.205853 0.340361 0.675064 0.317896 0.572176
1124.200000000 68.335554 31.359472 197.175772 0.339452 0.674559 0.318874 0.572767
1124.300000000 68.485555 31.418008 197.135253 0.339454 0.674560 0.318805 0.572803
1124.400000000 68.617149 31.465517 197.076075 0.339076 0.674622 0.319080 0.572800
1124.600000000 68.875703 31.578700 196.982302 0.338774 0.674920 0.319444 0.572426
1124.800000000 69.164337 31.698248 196.895725 0.338503 0.675067 0.319661 0.572291
1125.000000000 69.443594 31.801921 196.791159 0.338673 0.675444 0.319287 0.571954
1125.300000000 69.866334 31.972440 196.648811 0.338601 0.676221 0.319233 0.571108
1125.700000000 70.425155 32.216667 196.492763 0.338936 0.677377 0.318883 0.569734
1125.900000000 70.760004 32.328608 196.369589 0.337392 0.679130 0.320361 0.567731
1126.000000000 70.850585 32.367857 196.316676 0.338051 0.679415 0.319720 0.567359
1126.200000000 71.143662 32.484397 196.235897 0.338149 0.680554 0.319550 0.566029
1126.700000000 71.827351 32.683870 195.950263 0.337458 0.681944 0.320133 0.564436
1126.800000000 71.960724 32.740208 195.908371 0.335890 0.683632 0.318890 0.564034
1127.000000000 72.233232 32.809767 195.818583 0.329543 0.684360 0.312053 0.570679
1127.200000000 72.509900 32.885438 195.734398 0.327574 0.684551 0.309271 0.573094
1127.500000000 72.846939 32.997273 195.655777 0.329519 0.684048 0.307291 0.573643
1127.800000000 73.264990 33.122252 195.600807 0.329891 0.682247 0.307945 0.575222
1127.900000000 73.423981 33.141867 195.552260 0.331358 0.682218 0.306897 0.574974
1128.200000000 73.724866 33.286491 195.590374 0.333056 0.680813 0.306749 0.575737
1128.300000000 73.930204 33.311547 195.544180 0.333043 0.680632 0.307570 0.575519
1128.400000000 73.962177 33.362965 195.589824 0.333670 0.679825 0.307782 0.575997
1128.800000000 74.494084 33.521073 195.637504 0.335701 0.677966 0.308705 0.576514
1128.900000000 74.579583 33.553388 195.658164 0.337491 0.677556 0.307818 0.576426
1129.300000000 74.955642 33.679146 195.739856 0.339914 0.676588 0.308682 0.575676
1130.000000000 75.496432 33.934933 196.053780 0.342138 0.676550 0.310274 0.573544
1130.300000000 75.682818 34.016564 196.212796 0.342390 0.676160 0.310212 0.573886
1130.400000000 75.748122 34.042398 196.255487 0.342520 0.676433 0.309948 0.573629
1130.500000000 75.808500 34.070762 196.308165 0.342572 0.676521 0.310170 0.573374
1130.600000000 75.833360 34.106138 196.382102 0.342370 0.676507 0.310351 0.573414
1130.700000000 75.836167 34.150532 196.468177 0.342210 0.676688 0.310661 0.573127
1130.900000000 76.037397 34.204155 196.545190 0.341490 0.677941 0.311695 0.571513
1131.300000000 76.242742 34.298984 196.774015 0.341553 0.678795 0.311764 0.570423
1131.400000000 76.264483 34.329870 196.857980 0.341524 0.678938 0.311845 0.570226
1131.700000000 76.348483 34.415800 197.066907 0.341354 0.679716 0.312178 0.569217
1131.900000000 76.348471 34.473040 197.236371 0.342007 0.679168 0.312219 0.569457
1132.100000000 76.348913 34.524105 197.418409 0.343501 0.677105 0.312122 0.571066
1132.500000000 76.435145 34.615564 197.736812 0.344669 0.675983 0.312838 0.571299
1132.700000000 76.445397 34.671446 197.916531 0.344863 0.675959 0.313885 0.570636
1132.800000000 76.460885 34.682379 197.997163 0.345448 0.675102 0.313717 0.571388
1132.900000000 76.469996 34.708285 198.071714 0.345660 0.675081 0.314142 0.571051
1133.200000000 76.473957 34.762873 198.304430 0.346469 0.674991 0.315173 0.570098
1133.500000000 76.433001 34.820500 198.554233 0.347683 0.674672 0.316025 0.569265
1133.600000000 76.447036 34.834263 198.618232 0.347601 0.674781 0.316716 0.568801
1133.800000000 76.399846 34.863535 198.775100 0.347797 0.674598 0.317355 0.568543
1134.100000000 76.290580 34.916046 199.005134 0.347991 0.675034 0.319000 0.566984
1134.300000000 76.158410 34.997709 199.231775 0.346890 0.675453 0.321047 0.566003
1134.600000000 75.962241 35.072968 199.502862 0.346263 0.675632 0.322883 0.565128
1134.900000000 75.925002 35.014656 199.558721 0.348609 0.676155 0.321100 0.564076
1135.100000000 75.883540 35.043748 199.666442 0.348117 0.677110 0.322103 0.562659
1135.200000000 75.867430 35.043282 199.718474 0.348559 0.676636 0.321680 0.563198
1135.300000000 75.692572 35.067101 199.811717 0.348229 0.677095 0.322183 0.562563
1135.700000000 75.109831 35.235645 200.258162 0.353290 0.658203 0.334582 0.574465
1136.500000000 74.450613 35.270297 200.612288 0.352301 0.659224 0.335379 0.573436
1136.600000000 74.484126 35.249649 200.590363 0.351855 0.659575 0.335682 0.573129
1136.900000000 74.250341 35.253598 200.682719 0.351302 0.660237 0.335998 0.572520
1137.000000000 74.215360 35.240041 200.686715 0.351586 0.660461 0.335592 0.572326
1137.400000000 73.835449 35.233766 200.796857 0.350990 0.659438 0.335503 0.573921
1137.500000000 73.676703 35.253576 200.850326 0.350005 0.659589 0.336420 0.573812
1137.900000000 73.335209 35.219048 200.870308 0.350085 0.659949 0.335583 0.573840
1138.000000000 73.182771 35.243797 200.927665 0.349050 0.659721 0.336576 0.574150
1138.100000000 73.065803 35.251438 200.959526 0.348639 0.659677 0.336789 0.574326
1138.400000000 72.916300 35.191156 200.912548 0.349284 0.658568 0.335425 0.576003
1138.500000000 72.760469 35.195699 200.948749 0.348824 0.657507 0.335458 0.577472
1138.600000000 72.671949 35.151905 200.915746 0.350877 0.656588 0.333130 0.578620
1138.700000000 72.597197 35.139263 200.897118 0.350689 0.656865 0.333281 0.578333
1138.900000000 72.417597 35.138327 200.906429 0.350328 0.657082 0.333309 0.578290
1139.000000000 72.321493 35.130220 200.897101 0.350295 0.657053 0.332982 0.578530
1139.100000000 72.271464 35.122615 200.886221 0.349564 0.656504 0.333260 0.579435
1139.500000000 71.823587 35.074981 200.821727 0.349515 0.656687 0.332694 0.579584
1139.600000000 71.705626 35.073999 200.833352 0.349355 0.655861 0.332480 0.580737
1139.900000000 71.407162 35.044940 200.787865 0.349370 0.655673 0.331629 0.581426
1140.500000000 70.821226 34.983170 200.665354 0.348041 0.654664 0.331025 0.583700
1140.600000000 70.785991 34.970070 200.631327 0.347212 0.654172 0.331503 0.584473
1141.100000000 70.232859 34.899895 200.488322 0.348074 0.654280 0.329000 0.585253
1141.300000000 70.026414 34.882768 200.442488 0.347045 0.653734 0.329395 0.586252
1141.400000000 69.895970 34.861169 200.398709 0.347635 0.653991 0.328378 0.586185
1141.700000000 69.612989 34.847874 200.349183 0.346303 0.653007 0.328751 0.587860
1142.000000000 68.125069 35.625951 200.562323 0.342401 0.635341 0.344316 0.600458
1142.100000000 68.000652 35.602158 200.514961 0.342570 0.635091 0.343659 0.601002
1142.200000000 67.858971 35.578558 200.460909 0.343280 0.635798 0.342621 0.600441
1142.400000000 67.657955 35.557488 200.409701 0.342425 0.635291 0.343034 0.601231
1142.700000000 67.285225 35.466023 200.244704 0.343166 0.635777 0.341342 0.601257
1142.800000000 67.165984 35.437753 200.199453 0.342533 0.635635 0.341721 0.601553
1142.900000000 67.025214 35.413466 200.164666 0.342591 0.635763 0.341508 0.601506
1143.100000000 66.809617 35.372900 200.120004 0.340970 0.634841 0.342778 0.602677
1143.500000000 66.285319 35.251486 199.996592 0.341450 0.636081 0.341529 0.601807
1143.600000000 66.177530 35.231437 199.994565 0.340442 0.635636 0.342309 0.602404
1144.100000000 65.589447 35.064064 199.941710 0.339102 0.635686 0.342816 0.602818
1144.500000000 65.132834 34.898249 199.923554 0.340203 0.636428 0.341325 0.602261
1144.600000000 65.029120 34.843884 199.903615 0.341554 0.637087 0.340035 0.601529
1145.300000000 64.123355 34.566650 200.044871 0.340415 0.636920 0.341341 0.601612
1145.900000000 63.437533 34.268594 200.170761 0.342070 0.637654 0.340111 0.600591
1146.000000000 63.373462 34.255874 200.247915 0.339071 0.636243 0.343184 0.602038
1146.200000000 63.150094 34.185412 200.349951 0.335934 0.634646 0.346378 0.603652
1146.300000000 63.078093 34.123574 200.356923 0.336860 0.635101 0.345494 0.603164
1146.500000000 62.735341 34.040204 200.456021 0.338073 0.635827 0.344415 0.602336
1146.700000000 62.561155 33.880495 200.428005 0.342198 0.637188 0.340401 0.600849
1146.800000000 62.582301 33.815590 200.424991 0.341936 0.636962 0.340765 0.601032
1146.900000000 62.374049 33.816619 200.542892 0.339832 0.635911 0.343072 0.602024
1147.200000000 63.247252 34.431353 201.506046 0.330501 0.616916 0.371764 0.609898
1147.300000000 63.042054 34.407107 201.580089 0.329758 0.616678 0.372530 0.610074
1147.400000000 62.949015 34.369641 201.633269 0.328958 0.615770 0.373415 0.610880
1147.500000000 62.689612 34.358009 201.743403 0.327918 0.614525 0.374580 0.611980
1147.700000000 62.543161 34.260049 201.786100 0.327662 0.614649 0.374852 0.611826
1147.800000000 62.437416 34.187486 201.771879 0.330216 0.616058 0.372677 0.610362
1148.000000000 62.154030 34.110405 201.864723 0.329693 0.615282 0.373378 0.610999
1148.300000000 61.846124 34.012053 201.997408 0.327745 0.614053 0.375946 0.611708
1148.700000000 61.468980 33.825574 202.062528 0.330343 0.615028 0.373991 0.610528
1148.800000000 61.468888 33.766575 202.040846 0.331131 0.615656 0.373461 0.609793
1148.900000000 61.274719 33.728775 202.076049 0.332798 0.616345 0.371934 0.609122
1149.100000000 61.128596 33.686577 202.174565 0.329294 0.613808 0.375644 0.611307
1149.300000000 60.840351 33.653590 202.280394 0.329722 0.614113 0.375631 0.610777
1149.400000000 60.732225 33.613764 202.284572 0.331338 0.615362 0.374303 0.609460
1149.500000000 60.627530 33.595425 202.326588 0.328454 0.613395 0.377254 0.611183
1149.600000000 60.518013 33.564061 202.350371 0.328945 0.613260 0.376925 0.611257
1149.700000000 60.380716 33.547773 202.388059 0.329788 0.613746 0.376296 0.610702
1149.800000000 60.267252 33.530758 202.427919 0.329512 0.613386 0.376724 0.610949
1149.900000000 60.142308 33.516704 202.466777 0.328252 0.612729 0.378147 0.611407
1150.100000000 59.895005 33.491362 202.543429 0.328349 0.612863 0.378478 0.611015
1150.200000000 59.785321 33.479241 202.583062 0.326137 0.611027 0.380704 0.612654
1150.300000000 59.682897 33.462369 202.604621 0.325799 0.610752 0.381209 0.612794
1150.400000000 59.575746 33.448082 202.623711 0.326431 0.611350 0.380893 0.612058
1150.600000000 59.245500 33.440797 202.716671 0.328617 0.612028 0.379017 0.611375
1150.700000000 59.111045 33.447625 202.762330 0.328390 0.612390 0.379513 0.610826
1150.800000000 58.986993 33.435986 202.783664 0.328807 0.612625 0.379325 0.610483
1150.900000000 58.852352 33.430550 202.818050 0.329085 0.612495 0.379188 0.610548
1151.000000000 58.762781 33.417487 202.824957 0.328524 0.611963 0.379856 0.610969
1151.100000000 58.577085 33.421550 202.856424 0.328717 0.612478 0.379835 0.610362
1151.300000000 58.323740 33.429546 202.927360 0.329395 0.612656 0.379419 0.610076
1151.600000000 57.907054 33.433856 202.998345 0.329257 0.612017 0.379910 0.610487
1151.700000000 57.756533 33.439447 203.025650 0.329606 0.612150 0.379709 0.610290
1151.800000000 60.526143 33.542786 203.909544 0.339725 0.599248 0.393017 0.609120
1151.900000000 60.435910 33.554607 203.928863 0.338560 0.598782 0.394261 0.609423
1152.000000000 60.297989 33.569026 203.950568 0.337874 0.598784 0.395118 0.609245
1152.100000000 60.144898 33.571375 203.964254 0.338538 0.598735 0.394605 0.609258
1152.400000000 59.675730 33.600164 204.021221 0.339266 0.598519 0.394097 0.609394
1153.000000000 58.873477 33.651727 204.054197 0.339925 0.597792 0.393837 0.609908
1153.100000000 58.752011 33.663040 204.061219 0.339918 0.597350 0.393812 0.610361
1153.400000000 58.314535 33.708317 204.077548 0.339858 0.596771 0.393882 0.610916
1153.600000000 58.071263 33.741433 204.068262 0.339842 0.597302 0.393809 0.610452
1153.800000000 57.793727 33.771430 204.066538 0.340032 0.596702 0.393583 0.611078
1154.000000000 57.491733 33.781918 204.027776 0.342274 0.597577 0.391343 0.610410
1154.100000000 57.334350 33.806076 204.045645 0.342010 0.596810 0.391597 0.611145
1154.200000000 57.253074 33.813999 204.016945 0.342000 0.596809 0.391567 0.611171
1154.300000000 57.113925 33.841639 204.022119 0.340907 0.596490 0.392638 0.611406
1154.400000000 56.887688 33.864222 204.041983 0.341775 0.596015 0.391732 0.611967
1155.200000000 56.178428 33.901201 203.752818 0.340998 0.595966 0.392249 0.612116
1155.600000000 55.506878 34.027887 203.798250 0.341985 0.595877 0.390866 0.612536
1155.700000000 55.370704 34.052986 203.800205 0.340648 0.594682 0.392101 0.613652
1155.800000000 55.270997 34.063754 203.770649 0.340739 0.594819 0.391947 0.613567
1155.900000000 55.071662 34.095115 203.782868 0.340611 0.594677 0.391925 0.613790
1156.100000000 54.911445 34.105058 203.703873 0.339637 0.594277 0.392700 0.614222
1156.300000000 54.658413 34.129250 203.654271 0.339117 0.594051 0.393160 0.614433
1156.500000000 54.347611 34.155876 203.619207 0.340086 0.594278 0.391871 0.614501
1156.600000000 54.189773 34.174159 203.613331 0.340187 0.594098 0.391605 0.614789
1156.700000000 54.097172 34.180910 203.580779 0.339981 0.594087 0.391768 0.614811
1156.800000000 53.977919 34.186966 203.554365 0.339747 0.593702 0.391879 0.615240
1156.900000000 53.920431 34.186186 203.502183 0.339538 0.593924 0.392162 0.614961
1157.000000000 53.750619 34.206216 203.495803 0.341362 0.595027 0.390385 0.614015
1157.100000000 53.633150 34.211155 203.465594 0.342062 0.595299 0.389573 0.613877
1157.300000000 53.466719 34.221533 203.401743 0.340900 0.594583 0.390448 0.614661
1157.500000000 53.224084 34.224853 203.338090 0.341868 0.594783 0.389448 0.614565
1157.600000000 57.587903 34.080183 204.320307 0.356074 0.581852 0.400122 0.612014
1157.700000000 57.455595 34.087672 204.301901 0.357449 0.582350 0.398853 0.611568
1157.800000000 57.295431 34.108146 204.296163 0.358486 0.583448 0.397663 0.610689
1157.900000000 57.169289 34.115859 204.267793 0.357578 0.582919 0.398370 0.611265
1158.600000000 56.195314 34.165807 204.110057 0.355633 0.581866 0.399473 0.612681
1158.900000000 55.763042 34.179484 204.040463 0.355807 0.582005 0.399007 0.612752
1159.100000000 55.446994 34.192792 204.008924 0.355035 0.581829 0.399466 0.613068
1159.300000000 55.197442 34.195552 203.959028 0.354671 0.582232 0.399586 0.612818
1159.500000000 54.871745 34.199518 203.926653 0.353739 0.581460 0.400230 0.613669
1159.600000000 54.740375 34.193187 203.900739 0.354052 0.581614 0.399837 0.613598
1159.700000000 54.573759 34.200012 203.887456 0.354240 0.581986 0.399622 0.613277
1159.800000000 54.411285 34.200958 203.871056 0.353988 0.581921 0.399703 0.613431
1160.000000000 54.186266 34.189571 203.815985 0.354000 0.582274 0.399464 0.613244
1160.100000000 54.014655 34.195371 203.808451 0.353114 0.581779 0.400197 0.613747
1160.200000000 53.897294 34.191559 203.784273 0.353105 0.581968 0.400062 0.613661
1160.400000000 53.601271 34.188498 203.740946 0.353077 0.581857 0.400056 0.613787
1160.700000000 53.144547 34.195425 203.688387 0.352764 0.581521 0.400143 0.614228
1161.300000000 52.367021 34.224492 203.536460 0.350708 0.580542 0.401505 0.615442
1161.600000000 51.975878 34.255715 203.444641 0.349900 0.580205 0.402111 0.615824
1161.900000000 51.582619 34.301650 203.355884 0.349479 0.580312 0.402358 0.615801
1162.000000000 51.450038 34.314937 203.324664 0.349728 0.580403 0.402067 0.615764
1162.200000000 51.186835 34.353637 203.279715 0.348735 0.580027 0.402802 0.616201
1162.500000000 55.028201 34.573954 204.007000 0.363719 0.568628 0.412699 0.611596
1162.900000000 54.503761 34.644339 203.887294 0.363894 0.568052 0.412573 0.612112
1163.100000000 54.238257 34.684944 203.835104 0.363061 0.567638 0.413161 0.612594
1163.400000000 53.771425 34.759379 203.774097 0.363073 0.567950 0.413080 0.612353
1164.500000000 52.172768 34.965983 203.518699 0.363822 0.567020 0.412364 0.613252
1164.600000000 52.146288 34.960380 203.469099 0.364298 0.566647 0.412037 0.613533
1164.700000000 52.099688 34.958386 203.424438 0.364838 0.566425 0.411676 0.613660
1164.800000000 51.938480 34.979244 203.405223 0.365018 0.566353 0.411531 0.613717
1164.900000000 51.904001 34.980782 203.359981 0.365012 0.566235 0.411706 0.613712
1165.200000000 51.312019 35.048863 203.338330 0.364823 0.565876 0.411736 0.614135
1165.600000000 50.737768 35.105235 203.270065 0.363843 0.564973 0.412629 0.614948
1165.800000000 50.530259 35.114270 203.218899 0.364716 0.565303 0.411912 0.614608
1165.900000000 50.465853 35.110165 203.183154 0.364340 0.564623 0.412341 0.615168
1166.100000000 50.210258 35.126946 203.142331 0.365449 0.565530 0.411426 0.614289
1166.300000000 50.028056 35.130936 203.092534 0.366172 0.566100 0.410937 0.613661
1166.900000000 49.264910 35.152126 202.991340 0.365852 0.565264 0.411473 0.614263
1167.000000000 49.116294 35.152385 202.975823 0.365308 0.564665 0.412014 0.614775
1167.100000000 48.951685 35.156350 202.964461 0.363881 0.563485 0.413221 0.615893
1167.300000000 48.694664 35.155521 202.934298 0.364291 0.563646 0.412837 0.615760
1167.400000000 48.490460 35.167907 202.936324 0.364782 0.564296 0.412380 0.615181
1167.500000000 48.450616 35.153839 202.903592 0.365250 0.564514 0.412104 0.614888
1167.600000000 48.391698 35.144212 202.875847 0.365208 0.564516 0.412212 0.614838
1167.800000000 48.072614 35.146286 202.857972 0.364950 0.564426 0.412409 0.614942
1168.000000000 47.871740 35.122374 202.815728 0.365219 0.563901 0.412348 0.615305
1169.300000000 45.871399 35.053979 202.711877 0.364344 0.563048 0.413109 0.616094
1169.400000000 45.738849 35.045550 202.701489 0.364615 0.563772 0.412791 0.615484
1169.600000000 45.474655 35.018818 202.676291 0.365882 0.564511 0.411741 0.614759
1169.700000000 45.321421 35.011430 202.675940 0.366188 0.564905 0.411364 0.614466
1169.800000000 45.161081 35.002119 202.671670 0.366746 0.565224 0.410880 0.614164
1169.900000000 45.024071 34.990568 202.663397 0.367265 0.565777 0.410372 0.613683
1170.000000000 44.885872 34.981178 202.653221 0.367272 0.566204 0.410356 0.613296
1170.500000000 44.188808 34.911916 202.613397 0.367611 0.565813 0.409997 0.613695
1170.600000000 44.045633 34.898030 202.603787 0.367741 0.565931 0.409836 0.613615
1170.700000000 43.905712 34.885401 202.594239 0.367571 0.565916 0.409990 0.613628
1170.800000000 43.779341 34.868846 202.580664 0.367878 0.566218 0.409727 0.613341
1170.900000000 47.886578 34.660218 203.283019 0.381476 0.560401 0.422629 0.601507
1171.000000000 47.747693 34.646543 203.276361 0.381182 0.560344 0.422829 0.601606
1171.100000000 47.614096 34.627101 203.263056 0.380948 0.560009 0.422957 0.601976
1171.200000000 47.518155 34.611482 203.255740 0.380079 0.559410 0.423707 0.602555
1171.400000000 47.193286 34.584874 203.244876 0.381205 0.560210 0.422705 0.601805
1171.500000000 47.074438 34.571812 203.242997 0.380921 0.559861 0.422876 0.602189
1171.600000000 46.939724 34.551917 203.226245 0.380717 0.559475 0.422975 0.602606
1171.700000000 46.793244 34.541178 203.216264 0.379923 0.559059 0.423672 0.603004
1171.800000000 46.653029 34.526404 203.199601 0.379457 0.558716 0.424043 0.603354
1171.900000000 46.497401 34.516251 203.191484 0.378762 0.558384 0.424580 0.603720
1172.000000000 46.388217 34.501437 203.175639 0.378882 0.558164 0.424460 0.603933
1172.300000000 45.977540 34.489379 203.140860 0.380969 0.559965 0.422571 0.602275
1172.700000000 45.406632 34.488911 203.093135 0.378722 0.558379 0.424359 0.603906
1173.000000000 45.031222 34.500044 203.029587 0.380149 0.559814 0.423002 0.602631
1173.100000000 44.911250 34.505222 203.012315 0.380151 0.559838 0.422954 0.602641
1173.200000000 44.778363 34.519476 203.014220 0.380273 0.559824 0.422825 0.602668
1173.300000000 44.643242 34.517611 202.971082 0.380423 0.560071 0.422655 0.602462
1173.400000000 44.508020 34.524287 202.942252 0.380528 0.560380 0.422488 0.602227
1173.500000000 44.379215 34.539678 202.937534 0.379759 0.559988 0.423123 0.602630
1174.700000000 42.589947 34.712411 202.731285 0.379996 0.560214 0.422615 0.602628
1174.900000000 42.359217 34.738088 202.667343 0.380405 0.560600 0.422146 0.602339
1175.200000000 41.880772 34.796331 202.605750 0.379463 0.560228 0.422779 0.602836
1175.300000000 41.690298 34.811099 202.593229 0.380819 0.560565 0.421516 0.602552
1175.400000000 41.604174 34.822262 202.553791 0.380398 0.560463 0.421815 0.602703
1175.500000000 41.520166 34.831777 202.511511 0.379991 0.560190 0.422100 0.603014
1175.600000000 40.379701 35.934163 202.396971 0.390863 0.551543 0.435770 0.594248
1175.700000000 40.262410 35.949873 202.361448 0.391225 0.552016 0.435440 0.593813
1176.200000000 39.509541 36.038743 202.233158 0.391444 0.552289 0.435018 0.593724
1176.300000000 39.346548 36.058623 202.214780 0.391645 0.552692 0.434721 0.593434
1176.600000000 38.957230 36.109552 202.137168 0.391260 0.552498 0.434995 0.593667
1176.700000000 38.759223 36.135560 202.131272 0.391288 0.552796 0.434927 0.593421
1176.900000000 38.502866 36.166061 202.074288 0.390584 0.552465 0.435458 0.593804
1177.100000000 38.315018 36.192775 202.018651 0.389536 0.551867 0.436229 0.594482
1177.200000000 38.148446 36.211440 202.002620 0.390040 0.552188 0.435750 0.594205
1177.400000000 37.792410 36.246443 201.967733 0.391213 0.552949 0.434717 0.593482
1178.500000000 36.236555 36.382247 201.737387 0.391092 0.553030 0.434598 0.593574
1178.800000000 35.787932 36.411651 201.685473 0.390766 0.552901 0.434772 0.593780
1178.900000000 35.631185 36.419488 201.674392 0.392009 0.553776 0.433541 0.593046
1179.100000000 35.408775 36.427777 201.631538 0.392624 0.553920 0.433007 0.592894
1179.300000000 35.016416 36.452871 201.622899 0.392040 0.553792 0.433399 0.593114
1179.800000000 34.313964 36.476711 201.556399 0.393116 0.554467 0.432315 0.592563
1179.900000000 34.186337 36.474253 201.536489 0.393065 0.554452 0.432310 0.592613
1180.000000000 34.083888 36.470829 201.514421 0.393473 0.554590 0.431896 0.592516
1180.100000000 33.957875 36.469574 201.497454 0.394452 0.554962 0.431112 0.592087
1180.500000000 33.320930 36.484085 201.479967 0.395938 0.555962 0.429670 0.591205
1180.900000000 32.730419 36.479145 201.445685 0.395280 0.555148 0.430154 0.592057
1181.100000000 32.474448 36.471808 201.418694 0.395137 0.555276 0.430286 0.591937
1181.200000000 32.305588 36.473835 201.416399 0.394814 0.554912 0.430555 0.592298
1181.300000000 32.185662 36.467972 201.400953 0.395195 0.555047 0.430181 0.592189
1181.400000000 32.071055 36.464428 201.387243 0.395920 0.555677 0.429531 0.591586
1181.500000000 31.929942 36.463494 201.378208 0.395508 0.555269 0.429845 0.592016
1182.900000000 29.990267 36.563149 201.170766 0.395419 0.554224 0.430164 0.592822
1183.000000000 14.978364 40.892309 199.086962 0.402446 0.529819 0.442615 0.601183
1183.100000000 14.828563 40.920922 199.051730 0.401275 0.529110 0.443589 0.601872
1183.200000000 14.709081 40.953201 199.017928 0.400219 0.528903 0.444508 0.602079
1183.700000000 14.012319 41.154893 198.895458 0.401117 0.530049 0.443785 0.601006
1184.100000000 13.434978 41.359268 198.774309 0.401739 0.530393 0.443201 0.600717
1184.200000000 13.287479 41.417189 198.748765 0.401934 0.530251 0.443015 0.600850
1184.300000000 13.110227 41.486190 198.739238 0.402667 0.531009 0.442284 0.600228
1184.400000000 12.931428 41.548661 198.720636 0.404049 0.531153 0.441176 0.599987
1184.500000000 12.863508 41.600155 198.656273 0.402145 0.530027 0.442808 0.601059
1185.300000000 11.755756 42.170163 198.403788 0.404498 0.530857 0.440751 0.600259
1186.000000000 10.803512 42.715703 198.145813 0.403503 0.529766 0.441169 0.601584
1186.400000000 10.346500 43.025915 197.980937 0.405351 0.531051 0.439604 0.600353
1186.900000000 9.667826 43.422470 197.803975 0.405094 0.530665 0.439737 0.600770
1187.000000000 9.567265 43.492185 197.758871 0.405397 0.530523 0.439370 0.600960
1187.100000000 9.468458 43.570704 197.720751 0.405566 0.531366 0.439350 0.600115
1187.200000000 9.302970 43.647499 197.693561 0.405846 0.531366 0.438981 0.600195
1187.300000000 9.149517 43.721786 197.660869 0.406077 0.531086 0.438772 0.600440
1188.100000000 8.097139 44.177294 197.438400 0.401944 0.538030 0.442264 0.594447
1188.200000000 7.968365 44.219162 197.418315 0.402355 0.537661 0.441744 0.594890
1188.300000000 7.909574 44.242383 197.371934 0.400379 0.536012 0.443415 0.596466
1188.600000000 7.524913 44.326806 197.334685 0.402965 0.536264 0.441094 0.596218
1188.700000000 7.405677 44.354197 197.325717 0.402808 0.536891 0.441232 0.595658
1188.800000000 7.312301 44.366211 197.311218 0.402730 0.536152 0.441134 0.596448
1188.900000000 7.228197 44.377686 197.287824 0.402011 0.536147 0.441821 0.596429
1189.700000000 6.426793 44.343512 197.236937 0.404074 0.535668 0.439750 0.596996
1189.800000000 6.331784 44.325773 197.238863 0.404786 0.535898 0.439086 0.596796
1189.900000000 6.221155 44.313014 197.257414 0.406079 0.536828 0.437977 0.595896
1190.100000000 6.076896 44.258568 197.238433 0.404510 0.536582 0.439342 0.596180
1190.200000000 5.986435 44.226148 197.241063 0.405109 0.536316 0.438526 0.596612
1190.500000000 5.741743 44.110576 197.266389 0.406666 0.535474 0.437182 0.597296
1190.600000000 5.662391 44.065334 197.265733 0.406506 0.535051 0.437292 0.597702
1190.700000000 5.590055 44.025996 197.271165 0.406634 0.535151 0.437064 0.597693
1191.100000000 5.309563 43.829352 197.310106 0.406511 0.535221 0.436913 0.597824
1191.300000000 5.204279 43.720981 197.316377 0.405495 0.535434 0.438069 0.597478
1191.400000000 5.108874 43.660493 197.332312 0.406270 0.534772 0.437281 0.598121
1191.700000000 4.895602 43.479310 197.381092 0.408653 0.534323 0.435032 0.598538
1192.000000000 4.716457 43.271297 197.410490 0.413875 0.526330 0.430250 0.605449
1192.200000000 4.573195 43.137418 197.456740 0.414636 0.526241 0.429409 0.605602
1192.300000000 4.513474 43.060886 197.473646 0.414268 0.526165 0.429754 0.605677
1192.400000000 4.426489 42.986263 197.491676 0.414493 0.526837 0.429530 0.605097
1193.100000000 3.884319 42.450473 197.608849 0.413670 0.528655 0.430182 0.603610
1193.200000000 -15.183106 47.020655 193.279232 0.393389 0.529524 0.467976 0.588089
1193.300000000 -15.233812 46.935938 193.295100 0.393492 0.529717 0.467922 0.587889
1193.400000000 -15.313978 46.850807 193.309619 0.393759 0.530046 0.467523 0.587731
1193.500000000 -15.404713 46.765675 193.326976 0.394120 0.530576 0.467254 0.587224
1193.700000000 -15.562652 46.586079 193.340780 0.394879 0.530236 0.466676 0.587481
1193.800000000 -15.642426 46.505958 193.359616 0.394902 0.530472 0.466567 0.587339
1193.900000000 -15.705107 46.421905 193.372045 0.394307 0.530433 0.467038 0.587399
1194.300000000 -16.051082 46.099498 193.428594 0.394048 0.531074 0.466989 0.587034
1194.900000000 -16.649346 45.650382 193.517539 0.392667 0.530262 0.467976 0.587906
1195.100000000 -16.769398 45.509007 193.516384 0.393006 0.530961 0.467598 0.587348
1195.200000000 -16.890939 45.442747 193.519436 0.393714 0.531841 0.467122 0.586457
1195.800000000 -17.489361 45.081265 193.577895 0.392482 0.531349 0.467981 0.587044
1195.900000000 -17.594996 45.017242 193.572111 0.393499 0.531530 0.466883 0.587073
1196.200000000 -17.956085 44.877316 193.612563 0.391555 0.530563 0.468506 0.587954
1196.300000000 -18.034775 44.819186 193.592853 0.392231 0.530561 0.467956 0.587944
1196.500000000 -18.248701 44.736012 193.590994 0.393523 0.531972 0.466553 0.586919
1196.700000000 -18.396279 44.658373 193.584102 0.394030 0.532623 0.465922 0.586489
1196.800000000 -18.566172 44.630171 193.595508 0.393041 0.532005 0.466761 0.587046
1196.900000000 -18.670552 44.598299 193.601694 0.392321 0.531419 0.467391 0.587557
1197.000000000 -18.765863 44.563483 193.588886 0.392390 0.531384 0.467411 0.587526
1197.300000000 -19.011368 44.476414 193.552040 0.393466 0.531841 0.466299 0.587278
1197.400000000 -19.169611 44.456147 193.557866 0.393629 0.531672 0.466090 0.587487
1197.500000000 -37.008906 51.422932 187.367945 0.363577 0.546924 0.506340 0.558843
1197.600000000 -37.104332 51.387794 187.346632 0.363993 0.546966 0.505925 0.558907
1197.800000000 -37.287252 51.342806 187.314065 0.363980 0.547832 0.505837 0.558147
1197.900000000 -37.369676 51.318142 187.292711 0.364284 0.548162 0.505487 0.557941
1198.000000000 -37.463878 51.298192 187.287616 0.364052 0.547886 0.505611 0.558251
1198.100000000 -37.597197 51.281022 187.293881 0.363669 0.547654 0.505852 0.558510
1198.400000000 -37.908370 51.233734 187.233866 0.363770 0.547610 0.505736 0.558592
1198.500000000 -37.996194 51.225496 187.211901 0.363669 0.547703 0.505826 0.558485
1198.700000000 -38.130181 51.221409 187.184644 0.362472 0.546682 0.506906 0.559285
1198.800000000 -38.323012 51.200704 187.179228 0.363362 0.546812 0.506095 0.559314
1199.200000000 -38.801011 51.199494 187.119648 0.363141 0.546819 0.506122 0.559427
1199.300000000 -38.920970 51.204079 187.107823 0.363056 0.546784 0.506159 0.559483
1199.400000000 -39.040519 51.206448 187.076133 0.363718 0.547494 0.505457 0.558992
1199.600000000 -39.269378 51.222199 187.038736 0.363862 0.547746 0.505301 0.558793
1199.700000000 -39.403281 51.226425 187.019036 0.363937 0.547829 0.505119 0.558827
1199.800000000 -39.517193 51.240012 187.015513 0.363232 0.547233 0.505792 0.559261
1200.000000000 -39.755579 51.262272 186.965966 0.363787 0.547870 0.505095 0.558906
1200.100000000 -39.877882 51.271469 186.949739 0.363414 0.547463 0.505522 0.559162
1200.300000000 -40.126014 51.302391 186.903699 0.363820 0.547717 0.504976 0.559143
1201.000000000 -40.993234 51.435147 186.768289 0.362578 0.546455 0.506121 0.560148
1202.000000000 -42.258892 51.667662 186.552921 0.361767 0.545557 0.506707 0.561017
1202.100000000 -42.499584 51.678625 186.529606 0.365514 0.548838 0.503165 0.558570
1202.200000000 -42.659984 51.701754 186.508543 0.367625 0.550677 0.501107 0.557224
1202.300000000 -42.935972 51.708924 186.483211 0.371015 0.554223 0.497501 0.554686
1203.200000000 -44.195364 51.898672 186.324741 0.373183 0.555396 0.495138 0.554173
1203.500000000 -53.458569 60.325906 179.518907 0.351967 0.587858 0.520406 0.509627
1203.700000000 -53.718736 60.313869 179.444966 0.353270 0.588952 0.518884 0.509014
1203.800000000 -53.854096 60.310830 179.437634 0.353419 0.588743 0.518791 0.509248
1204.000000000 -54.165397 60.286983 179.354380 0.353654 0.589498 0.518226 0.508786
1204.300000000 -54.552121 60.273478 179.293973 0.353931 0.590118 0.517727 0.508382
1205.800000000 -54.828591 60.283593 178.352840 0.311788 0.543271 0.563502 0.538620
1206.200000000 -55.323255 60.183930 178.293700 0.308298 0.538482 0.567197 0.541550
1206.400000000 -55.549557 60.104242 178.136544 0.311601 0.542073 0.563648 0.539780
1206.500000000 -55.768012 60.058277 178.125412 0.309894 0.541350 0.565017 0.540057
1207.000000000 -56.411158 59.850487 177.868266 0.314894 0.547650 0.559469 0.536578
1207.400000000 -56.945892 59.661056 177.682891 0.316412 0.549326 0.557578 0.535940
1207.600000000 -57.143353 59.589611 177.634317 0.316705 0.549144 0.557365 0.536174
1207.700000000 -57.183732 59.588245 177.711976 0.312622 0.544226 0.561775 0.538976
1207.800000000 -57.426581 59.505073 177.629915 0.314545 0.546679 0.559560 0.537678
1207.900000000 -57.454199 59.484475 177.614838 0.314074 0.546270 0.559959 0.537952
1208.100000000 -57.663361 59.379591 177.488759 0.316724 0.548371 0.557341 0.536978
1208.300000000 -57.794335 59.294165 177.381928 0.317760 0.549231 0.556110 0.536763
1208.700000000 -58.195176 59.122404 177.279246 0.316970 0.548947 0.556541 0.537075
1208.900000000 -58.286988 59.042187 177.164748 0.318614 0.551110 0.554639 0.535853
1209.000000000 -58.528695 58.971975 177.180606 0.317330 0.549600 0.555897 0.536862
1209.500000000 -58.787990 58.802202 177.090321 0.315733 0.547315 0.557616 0.538352
1209.700000000 -58.998180 58.703310 177.033319 0.315372 0.546361 0.558086 0.539045
1210.000000000 -59.097135 58.611086 176.961696 0.315386 0.546315 0.558006 0.539167
1210.300000000 -59.256827 58.511308 176.857142 0.315974 0.547453 0.557173 0.538529
1210.600000000 -59.624309 58.374304 176.743962 0.314150 0.546756 0.558524 0.538905
1210.800000000 -52.922138 67.161970 173.213121 0.300187 0.598395 0.578355 0.466172
1211.400000000 -53.744968 66.856126 173.174719 0.297792 0.599570 0.579516 0.464755
1211.900000000 -54.416394 66.671299 173.133855 0.294004 0.596038 0.583635 0.466552
1212.200000000 -54.837402 66.559159 173.012289 0.295110 0.596424 0.582362 0.466951
1212.300000000 -55.009648 66.518843 172.992150 0.291350 0.591095 0.587332 0.469855
1212.600000000 -55.339214 66.451492 172.755704 0.292077 0.590472 0.586533 0.471181
1212.700000000 -55.481786 66.442654 172.743526 0.290137 0.588001 0.589041 0.472341
1212.800000000 -55.668096 66.422733 172.756674 0.290261 0.588635 0.588486 0.472167
1212.900000000 -55.786379 66.414372 172.697530 0.289113 0.586809 0.590041 0.473202
1213.000000000 -55.900924 66.402260 172.629284 0.288837 0.585379 0.590732 0.474279
1213.200000000 -56.149287 66.377823 172.483880 0.287228 0.581990 0.592942 0.476662
1213.400000000 -56.368647 66.393921 172.370930 0.284654 0.576066 0.597257 0.480004
1213.500000000 -56.537833 66.400034 172.390270 0.281259 0.575882 0.599726 0.479147
1213.600000000 -56.699355 66.404934 172.414260 0.281006 0.573629 0.600798 0.480652
1213.700000000 -56.760353 66.399478 172.258199 0.279782 0.568810 0.603346 0.483891
1213.900000000 -56.772149 66.510451 172.157761 0.270835 0.564337 0.604716 0.492434
1214.000000000 -56.893535 66.510948 172.092242 0.270154 0.568857 0.599486 0.493998
1214.200000000 -56.580208 66.779970 172.037742 0.266125 0.562042 0.602246 0.500586
1215.200000000 -56.729516 67.603208 172.063452 0.481062 0.798887 0.241976 0.267967
1215.500000000 -56.953268 67.782497 172.314731 0.483716 0.800132 0.239734 0.261411
1216.000000000 -57.240431 68.096766 172.793277 0.478110 0.791157 0.265036 0.274293
1216.100000000 -57.213797 68.152458 172.666333 0.487710 0.800081 0.247816 0.246164
1216.200000000 -57.235521 68.230236 172.731154 0.491574 0.794293 0.252021 0.252860
1216.700000000 -57.449754 68.441831 173.192458 0.481964 0.781064 0.282137 0.279371
1216.900000000 -57.499870 68.482047 172.995213 0.481456 0.773922 0.287520 0.294241
1217.100000000 -46.652108 73.261801 171.830422 0.462376 0.828801 0.258868 0.179679
1217.300000000 -46.718400 73.315516 171.882526 0.463814 0.825788 0.259727 0.188396
1217.500000000 -46.626189 73.401614 171.963786 0.462977 0.825543 0.261880 0.188548
1217.600000000 -46.616511 73.437613 172.112013 0.462783 0.825309 0.262379 0.189353
1217.700000000 -46.582701 73.481265 172.296921 0.464447 0.827815 0.256437 0.182350
1217.800000000 -46.477321 73.508107 172.370249 0.462721 0.828657 0.259523 0.178505
1217.900000000 -46.399741 73.543618 172.495554 0.462883 0.827497 0.261152 0.181077
1218.200000000 -46.044137 73.802301 172.774199 0.473193 0.845948 0.205870 0.134454
1218.300000000 -46.102510 73.771349 173.318253 0.478269 0.848373 0.187801 0.127487
1218.400000000 -46.166049 73.726392 173.494554 0.474329 0.832336 0.226878 0.175370
1218.500000000 -46.318745 73.572941 173.578130 0.471389 0.825413 0.241410 0.195469
1219.100000000 -46.710180 73.161161 173.482103 0.477440 0.819072 0.229094 0.220653
1219.200000000 -46.546276 73.246136 173.856084 0.477180 0.816366 0.234427 0.225589
1219.300000000 -40.135361 76.883784 173.587363 0.468572 0.842388 0.224851 0.142352
1219.400000000 -39.994328 76.924171 174.131329 0.468625 0.839885 0.229051 0.150066
1219.600000000 -39.625067 77.135138 174.921384 0.464398 0.826978 0.260617 0.180336
1219.700000000 -39.723121 76.998310 174.773145 0.465249 0.839453 0.231652 0.158743
1220.300000000 -39.600894 76.703108 174.549057 0.439129 0.855644 0.273779 -0.009214
1220.500000000 -40.501411 75.902707 174.722538 0.448468 0.857967 0.250451 0.006584
1220.600000000 -40.930403 75.568508 174.853371 0.454483 0.855550 0.245642 0.033745
1220.900000000 -40.293793 76.004185 174.046652 0.437841 0.859303 0.134102 0.227838
1221.000000000 -40.290996 75.967120 173.908338 0.435151 0.861038 0.138345 0.223870
1221.200000000 -40.784344 75.569266 173.779483 0.447281 0.857443 0.095504 0.235820
1221.300000000 -35.433695 78.841551 173.737399 0.431001 0.883914 0.118392 0.137538
1221.500000000 -34.659965 79.353762 172.854303 0.432826 0.883450 0.121435 0.132029
1221.900000000 -33.590015 79.880652 172.230483 0.427878 0.879809 0.175874 0.109204
1222.000000000 -34.037631 79.671204 172.823779 0.423599 0.881100 0.175258 0.116240
1222.300000000 -34.026659 79.594385 172.343416 0.427765 0.878454 0.173938 0.122807
1222.500000000 -34.573272 79.205106 172.228819 0.433599 0.878642 0.151549 0.130432
1222.700000000 -35.034757 78.862851 172.252771 0.438957 0.876289 0.136605 0.144126
1223.100000000 -34.939611 78.955649 172.875781 0.444129 0.847378 0.178026 0.230230
1223.200000000 -35.167131 79.004985 172.827381 0.456090 0.838865 0.146997 0.258223
1223.300000000 -35.339405 78.857493 172.899654 0.463740 0.843793 0.090849 0.254370
1223.400000000 -35.482755 78.781525 172.817386 0.465811 0.845429 0.085236 0.246992
1223.700000000 -33.436603 77.580153 169.321491 0.392876 0.863049 0.314052 0.046548
1223.900000000 -29.186954 82.711723 168.495552 0.386199 0.854461 0.341555 -0.063924
1224.000000000 -29.244471 82.592338 168.434578 0.389696 0.864533 0.311567 -0.060377
1224.100000000 -29.339577 82.638823 168.304527 0.390641 0.859371 0.324060 -0.062181
1224.700000000 -28.178247 83.812258 168.878202 0.287947 0.863018 0.391431 -0.138089
1225.500000000 -26.724254 85.041076 172.288601 0.288911 0.859264 0.375363 -0.193128
1225.800000000 -25.720308 86.100019 172.538687 0.301951 0.791690 0.469039 -0.249107
1225.900000000 -20.824284 91.245844 173.141986 0.320077 0.770902 0.449414 -0.318258
1226.000000000 -20.779290 91.398314 173.082674 0.319394 0.785154 0.423982 -0.318997
1226.100000000 -20.874391 91.511890 173.012843 0.325092 0.779449 0.434547 -0.312959
1226.400000000 -20.168497 91.722311 173.752363 0.253403 0.770955 0.470230 -0.346842
1226.500000000 -20.080109 91.836539 173.931281 0.379223 0.878408 0.266040 -0.117520
1226.700000000 -19.731002 93.541594 176.471992 0.481557 0.828784 -0.047657 0.280978
1226.800000000 -19.343694 94.141822 177.290844 0.594657 0.744706 -0.226457 0.201278
1227.600000000 0.656285 97.165847 180.083402 0.714777 0.691666 -0.057555 0.085899
1227.800000000 0.904016 97.221508 180.157823 0.713434 0.693295 -0.038075 0.094368
1227.900000000 0.888350 97.225913 180.122408 0.713654 0.693197 -0.040312 0.092468
1228.000000000 0.882858 97.187844 179.869562 0.714692 0.692308 -0.052436 0.084704
1228.100000000 0.758995 97.143608 179.579157 0.714120 0.692162 -0.050869 0.091411
1228.200000000 0.834573 97.152310 179.644120 0.713618 0.692419 -0.045517 0.096089
1229.200000000 1.319834 97.132924 180.398746 0.711451 0.693691 -0.012333 0.111706
1229.600000000 1.397108 96.962114 180.200748 0.710988 0.693202 -0.004167 0.118114
1229.800000000 1.284158 96.831734 179.946960 0.713870 0.690865 -0.004411 0.114349
1229.900000000 1.184774 96.747035 179.731887 0.713974 0.690318 -0.003413 0.117006
1230.000000000 1.075370 96.651748 179.449452 0.713909 0.689857 -0.004675 0.120038
1230.100000000 1.106946 96.596846 179.369191 0.713682 0.689711 -0.004127 0.122224
1230.400000000 0.729429 96.392170 178.859435 0.717496 0.688295 -0.037210 0.100324
1230.600000000 0.609893 96.295951 178.611497 0.717178 0.688342 -0.036932 0.102356
1230.700000000 21.590736 97.416245 178.936435 0.653235 0.749156 -0.109578 -0.006472
1230.900000000 21.243104 97.249711 178.446259 0.653082 0.748487 -0.114633 -0.010526
1231.400000000 20.629648 97.035478 178.595264 0.630382 0.706422 -0.280058 -0.158601
1231.500000000 20.749299 97.036873 178.609271 0.631724 0.707703 -0.275101 -0.156205
1231.600000000 20.695288 96.998841 178.545320 0.631277 0.706285 -0.277583 -0.159995
1231.700000000 20.592782 96.944285 178.425632 0.631961 0.707373 -0.274559 -0.157690
1231.900000000 20.123274 96.802163 178.270348 0.632015 0.708704 -0.272434 -0.155165
1232.000000000 20.162975 96.774480 178.183510 0.632154 0.708368 -0.272393 -0.156200
1232.100000000 20.130245 96.735714 178.144582 0.632200 0.709142 -0.271348 -0.154309
1232.200000000 19.831632 96.645570 178.082321 0.632520 0.710804 -0.268505 -0.150271
1232.400000000 19.343382 96.485614 177.837911 0.631335 0.709179 -0.272886 -0.154965
1232.500000000 19.400498 96.459127 177.793846 0.632675 0.712040 -0.265902 -0.148385
1232.800000000 19.406253 96.380246 178.015188 0.588754 0.646906 -0.401560 -0.271349
1232.900000000 19.453850 96.351173 177.967898 0.588570 0.646635 -0.401837 -0.271986
1233.200000000 18.845088 96.154172 177.923597 0.589283 0.648552 -0.399029 -0.270002
1233.300000000 18.644159 96.087766 177.915164 0.589216 0.648403 -0.399043 -0.270487
1233.400000000 18.438668 96.021265 177.914871 0.588833 0.648391 -0.399401 -0.270820
1233.600000000 27.536261 96.736352 177.655335 0.497146 0.630085 -0.482632 -0.350579
1233.700000000 27.392648 96.660718 177.693412 0.497956 0.631524 -0.480760 -0.349410
1233.800000000 27.194008 96.570022 177.745105 0.498036 0.632177 -0.480124 -0.348988
1235.700000000 27.036479 95.883981 176.415471 0.392928 0.613100 0.546227 0.413947
1235.800000000 27.113646 95.826951 176.374412 0.394462 0.613790 0.544374 0.413907
1235.900000000 27.105092 95.762439 176.421767 0.394485 0.613265 0.544139 0.414971
1236.200000000 27.320775 95.661346 176.325485 0.396382 0.616659 0.541047 0.412166
1236.300000000 27.410514 95.630156 176.311919 0.397243 0.617062 0.539925 0.412207
1236.500000000 27.611678 95.553394 176.314511 0.398172 0.614066 0.539983 0.415693
1236.600000000 27.757524 95.536812 176.261599 0.400383 0.616478 0.536927 0.413954
1236.700000000 27.945497 95.533829 176.150863 0.403429 0.620142 0.532731 0.410933
1236.800000000 18.534412 93.361881 177.893273 0.459540 0.660450 0.490890 0.334149
1236.900000000 18.577214 93.320400 177.899949 0.460266 0.660402 0.489770 0.334889
1237.100000000 18.817054 93.292982 177.828302 0.461416 0.659737 0.488676 0.336212
1237.200000000 18.875820 93.256819 177.838001 0.461000 0.658248 0.489656 0.338269
1237.300000000 19.001005 93.254665 177.724262 0.463196 0.661627 0.485675 0.334393
1237.400000000 19.078703 93.227744 177.720554 0.464014 0.661328 0.484572 0.335449
1237.500000000 19.137915 93.202517 177.686560 0.464650 0.661524 0.483581 0.335612
1237.600000000 19.188597 93.185823 177.632116 0.466239 0.664353 0.480677 0.331971
1237.900000000 19.437033 93.142347 177.534643 0.468040 0.664944 0.478042 0.332061
1238.000000000 19.502524 93.135056 177.478765 0.469400 0.666818 0.475387 0.330189
1238.100000000 19.607577 93.109481 177.400576 0.471061 0.667409 0.473184 0.329793
1239.200000000 18.733676 89.528549 175.977292 0.480900 0.579547 0.518602 0.404862
1239.400000000 22.137449 92.654398 175.304409 0.291764 0.433221 0.724226 0.450211
1239.500000000 -7.027600 87.302630 177.321654 0.382079 0.501098 0.667447 0.396776
1239.700000000 -6.854034 87.320163 177.316128 0.372630 0.478667 0.679740 0.412283
1239.800000000 -6.755591 87.333648 177.321472 0.373012 0.478095 0.679783 0.412532
1239.900000000 -6.568396 87.334427 177.429371 0.377426 0.481540 0.675970 0.410772
1240.200000000 -6.650769 87.286121 177.539526 0.387898 0.503120 0.662919 0.396162
1240.600000000 -6.295738 87.339110 177.780628 0.399148 0.517940 0.651167 0.385227
1240.700000000 -6.171646 87.383477 177.541510 0.395868 0.509421 0.656200 0.391383
1240.800000000 -6.035751 87.390802 177.680276 0.396106 0.507495 0.657012 0.392281
1241.000000000 -5.663811 87.520375 177.770513 0.394817 0.502925 0.659445 0.395371
1241.100000000 -5.618931 87.541014 177.791637 0.397241 0.507857 0.656205 0.392015
1241.300000000 -5.503937 87.579605 177.838630 0.398823 0.510660 0.654452 0.389691
1241.600000000 -5.227899 87.666187 177.885578 0.402301 0.512858 0.651404 0.388333
1241.800000000 -4.985703 87.744482 177.971587 0.403138 0.512656 0.651157 0.388147
1241.900000000 -4.877349 87.787651 177.907679 0.403318 0.511084 0.651560 0.389355
1242.000000000 -4.684403 87.833713 177.986849 0.405239 0.510852 0.650202 0.389934
1242.100000000 -4.628651 87.856160 177.972690 0.405776 0.510415 0.650121 0.390084
1242.600000000 -4.070901 88.049211 178.148379 0.407224 0.508247 0.649744 0.392029
1242.700000000 -3.938650 88.050714 178.261060 0.408575 0.506825 0.649096 0.393535
1242.800000000 -3.856512 88.073728 178.247195 0.411119 0.507057 0.647087 0.393895
1242.900000000 -3.705831 88.127165 178.303175 0.411685 0.508827 0.646309 0.392295
1243.000000000 -3.592844 88.147364 178.358436 0.412786 0.508391 0.645873 0.392422
1243.300000000 -3.284134 88.275996 178.441587 0.415005 0.507525 0.644591 0.393309
1243.700000000 -2.776086 88.515388 178.576112 0.416413 0.506180 0.643980 0.394553
1244.100000000 -2.275885 88.791649 178.668536 0.418485 0.505561 0.643024 0.394713
1244.300000000 -1.779325 89.003401 178.625440 0.418342 0.500454 0.644828 0.398412
1244.400000000 -1.685830 89.018737 178.656378 0.420764 0.499715 0.642842 0.399996
1244.700000000 -1.384983 89.228344 178.684754 0.422402 0.499154 0.641254 0.401515
1244.800000000 -26.850907 87.580136 178.134960 0.454905 0.465691 0.638581 0.410376
1244.900000000 -26.755899 87.644588 178.141320 0.455370 0.464555 0.638490 0.411287
1245.100000000 -26.513794 87.796479 178.237870 0.456765 0.464887 0.637068 0.411571
1245.400000000 -27.646458 87.706548 178.826967 0.470930 0.501201 0.617427 0.381846
1245.600000000 -27.460455 87.921299 178.881081 0.470252 0.503921 0.617188 0.379480
1245.900000000 -27.898590 87.926949 179.342444 0.460985 0.483361 0.630133 0.395963
1246.000000000 -27.807740 88.022050 179.347975 0.462083 0.482144 0.629449 0.397253
1246.100000000 -27.764424 88.093888 179.385321 0.461199 0.481337 0.630685 0.397300
1246.300000000 -27.496897 88.293492 179.447283 0.462934 0.483370 0.628639 0.396054
1246.600000000 -27.276317 88.557613 179.540864 0.466480 0.485430 0.625436 0.394442
1246.700000000 -27.191552 88.651186 179.543193 0.467416 0.484123 0.624832 0.395894
1246.800000000 -27.381254 88.689206 179.635151 0.468386 0.489846 0.622898 0.390722
1246.900000000 -27.494601 88.721422 179.768412 0.470973 0.496480 0.618590 0.386055
1247.500000000 -28.137641 88.909965 180.404965 0.461156 0.478427 0.632628 0.397774
1247.600000000 -28.231042 88.966313 180.467095 0.461708 0.479820 0.632085 0.396316
1247.700000000 -28.084921 89.071482 180.532319 0.459622 0.478122 0.634521 0.396901
1247.800000000 -27.955958 89.192108 180.494079 0.463085 0.484247 0.630813 0.391323
1247.900000000 -27.725656 89.310866 180.501034 0.462141 0.480851 0.632143 0.394466
1248.000000000 -27.677925 89.382882 180.513099 0.463088 0.479385 0.631371 0.396371
1248.500000000 -27.405939 89.731730 180.633726 0.473359 0.479316 0.621931 0.399235
1248.600000000 -27.306817 89.821988 180.631003 0.474883 0.485420 0.618984 0.394606
1248.700000000 -27.189664 89.892676 180.631029 0.474609 0.484197 0.619170 0.396141
1248.800000000 -27.138132 89.919401 180.664196 0.476086 0.482055 0.618265 0.398389
1249.000000000 -26.989857 90.010457 180.684324 0.474133 0.482153 0.619949 0.397982
1249.300000000 -26.698052 90.171170 180.674281 0.476014 0.485964 0.617077 0.395558
1249.500000000 -26.591132 90.220753 180.714237 0.475500 0.485432 0.618206 0.395065
1249.600000000 -26.524853 90.245727 180.725005 0.475562 0.484931 0.618256 0.395528
1249.700000000 -26.363815 90.280390 180.678146 0.481071 0.485366 0.612133 0.397848
1249.800000000 -26.345580 90.285641 180.693870 0.481472 0.485332 0.612044 0.397543
1250.000000000 -26.142430 90.342310 180.695032 0.478394 0.486120 0.614950 0.395806
1250.100000000 -26.036426 90.369563 180.684538 0.477463 0.486923 0.616141 0.394088
1250.200000000 -26.031297 90.346807 180.707659 0.479385 0.486284 0.614168 0.395622
1250.300000000 -25.935967 90.356521 180.706975 0.478824 0.485720 0.614801 0.396010
1250.500000000 -25.762832 90.353497 180.712030 0.479292 0.485295 0.614017 0.397180
1250.800000000 -25.496993 90.341059 180.700578 0.476882 0.486166 0.616387 0.395339
1251.400000000 -24.950455 90.244197 180.667367 0.474162 0.486611 0.619309 0.393493
1251.600000000 -24.799133 90.167802 180.649257 0.474673 0.485265 0.619162 0.394770
1251.800000000 -24.613348 90.103412 180.630072 0.474333 0.484972 0.619617 0.394825
1252.000000000 -24.440178 90.027867 180.603552 0.474445 0.484770 0.619844 0.394580
1252.100000000 -45.671075 88.552713 177.862110 0.505460 0.437136 0.626816 0.400656
1252.400000000 -45.437225 88.408048 177.818205 0.505568 0.436737 0.627032 0.400615
1252.600000000 -45.300061 88.290391 177.789463 0.505216 0.437079 0.627355 0.400180
1252.800000000 -45.192745 88.170210 177.760465 0.500542 0.439959 0.631221 0.396806
1252.900000000 -45.127492 88.116092 177.749481 0.497732 0.441626 0.633871 0.394255
1253.000000000 -45.065126 88.058752 177.732354 0.497429 0.442133 0.634147 0.393624
1253.200000000 -44.906031 87.980009 177.713642 0.495651 0.443434 0.635507 0.392208
1253.400000000 -44.737419 87.899950 177.692273 0.496072 0.441385 0.635561 0.393897
1253.600000000 -44.594455 87.822410 177.669165 0.496971 0.441395 0.634658 0.394206
1253.700000000 -44.521501 87.790508 177.661624 0.496489 0.441875 0.635012 0.393706
1253.900000000 -44.365147 87.727843 177.656671 0.496630 0.441100 0.635005 0.394408
1254.000000000 -44.288728 87.698552 177.640851 0.497001 0.440232 0.634899 0.395082
1254.200000000 -44.119639 87.660796 177.655386 0.495894 0.439975 0.635870 0.395197
1254.400000000 -43.946557 87.632141 177.643346 0.496042 0.439990 0.635836 0.395048
1254.700000000 -43.720303 87.597542 177.637068 0.497048 0.440318 0.634707 0.395234
1254.900000000 -43.538892 87.599828 177.652301 0.495799 0.439874 0.635877 0.395416
1255.000000000 -43.446472 87.605389 177.652417 0.495332 0.439502 0.636380 0.395607
1255.100000000 -43.367668 87.609215 177.652321 0.496148 0.440133 0.635444 0.395388
1255.200000000 -43.260948 87.621728 177.664480 0.495327 0.439611 0.636313 0.395600
1255.300000000 -43.181340 87.623600 177.674242 0.495687 0.439665 0.635959 0.395658
1255.400000000 -43.078281 87.638345 177.693593 0.494525 0.438752 0.637170 0.396176
1255.800000000 -42.704208 87.706334 177.728902 0.494787 0.438681 0.636871 0.396409
1256.000000000 -42.491180 87.746423 177.776254 0.493955 0.437333 0.637638 0.397701
1256.200000000 -49.421895 86.289741 177.639645 0.519636 0.398211 0.649742 0.386319
1256.300000000 -49.290317 86.333491 177.656240 0.518578 0.398095 0.650657 0.386319
1256.700000000 -48.948496 86.441011 177.727396 0.518101 0.398938 0.650816 0.385821
1256.800000000 -48.829874 86.481053 177.754185 0.517500 0.399491 0.651199 0.385409
1256.900000000 -48.691764 86.530581 177.754719 0.517426 0.399748 0.651205 0.385231
1257.000000000 -48.624059 86.559076 177.785958 0.517680 0.399710 0.650924 0.385405
1257.200000000 -48.486831 86.627961 177.841040 0.516546 0.399638 0.651917 0.385322
1257.300000000 -48.417757 86.657054 177.870492 0.517088 0.399495 0.651483 0.385479
1257.600000000 -48.117733 86.787536 177.958969 0.515723 0.398570 0.652697 0.386210
1258.200000000 -47.533160 87.084387 178.132198 0.514850 0.399544 0.653139 0.385621
1258.300000000 -47.476895 87.132793 178.166144 0.515366 0.401050 0.652662 0.384172
1258.600000000 -47.147254 87.306079 178.278173 0.513092 0.400869 0.654413 0.384428
1258.900000000 -46.789180 87.480499 178.385705 0.511859 0.401544 0.655233 0.383968
1259.000000000 -46.723506 87.512239 178.421024 0.513744 0.401731 0.653786 0.383722
1259.100000000 -46.623478 87.573764 178.459185 0.513502 0.402584 0.653929 0.382908
1259.400000000 -46.316787 87.736585 178.576199 0.513262 0.404616 0.653861 0.381201
1259.500000000 -46.210315 87.787927 178.616265 0.513881 0.405102 0.653438 0.380575
1260.100000000 -45.634317 88.110840 178.836697 0.513220 0.408189 0.653650 0.377793
1260.300000000 -45.346235 88.242869 178.881382 0.511637 0.405802 0.655339 0.379582
1260.400000000 -45.221376 88.304590 178.924587 0.509916 0.406534 0.656565 0.378996
1260.500000000 -45.101800 88.375693 178.966089 0.508064 0.408417 0.657813 0.377290
1261.100000000 -44.463051 88.642053 179.163534 0.516383 0.406088 0.651532 0.379404
1261.200000000 -44.417009 88.653234 179.204760 0.516526 0.406976 0.651336 0.378593
1261.500000000 -44.063157 88.745239 179.256437 0.514144 0.408357 0.653256 0.377036
1261.600000000 -43.946203 88.773417 179.262910 0.513370 0.407561 0.654054 0.377569
1261.700000000 -43.814935 88.799653 179.271058 0.512371 0.406826 0.654944 0.378177
1262.200000000 -43.368926 88.823479 179.320409 0.512050 0.407533 0.655249 0.377319
1262.300000000 -43.250880 88.828826 179.332505 0.511107 0.407284 0.655998 0.377567
1262.400000000 -43.190954 88.804417 179.342856 0.512237 0.406419 0.655289 0.378197
1262.800000000 -42.817057 88.764813 179.344670 0.511139 0.406949 0.656104 0.377700
1263.100000000 -42.570261 88.691626 179.337128 0.512166 0.406010 0.655420 0.378506
1263.200000000 -42.485596 88.664368 179.331337 0.512516 0.406160 0.655206 0.378241
1263.400000000 -42.341775 88.587547 179.332818 0.507841 0.408898 0.658716 0.375490
1263.500000000 -42.254433 88.561817 179.311544 0.504628 0.409664 0.661276 0.374487
1263.700000000 -42.088050 88.495914 179.301065 0.501948 0.412151 0.663000 0.372305
1264.000000000 -41.782996 88.378298 179.265820 0.503242 0.410560 0.662206 0.373726
1264.300000000 -41.499602 88.243531 179.219335 0.503253 0.410175 0.662270 0.374020
1264.500000000 -41.314611 88.127401 179.189154 0.505002 0.410541 0.660865 0.373746
1264.600000000 -41.195534 88.078555 179.157711 0.504972 0.409493 0.661078 0.374559
1264.800000000 -40.995628 87.961369 179.126270 0.504305 0.407578 0.661991 0.375932
1264.900000000 -40.894228 87.897230 179.104288 0.504986 0.407197 0.661542 0.376220
1265.000000000 -40.779521 87.828371 179.103216 0.505671 0.408080 0.660768 0.375703
1265.700000000 -47.382855 82.259340 178.153435 0.537092 0.360508 0.674788 0.355285
1265.800000000 -47.293943 82.188545 178.131431 0.537355 0.361701 0.674416 0.354379
1266.200000000 -46.790033 81.920196 178.036108 0.535898 0.361079 0.675686 0.354801
1267.100000000 -45.736863 81.293906 177.815476 0.536197 0.359875 0.675601 0.355734
1267.200000000 -45.631618 81.224643 177.796065 0.537061 0.361169 0.674766 0.354702
1267.300000000 -45.491898 81.162450 177.771135 0.537167 0.360596 0.674759 0.355138
1267.400000000 -45.319252 81.112010 177.754651 0.536719 0.360699 0.675081 0.355098
1267.500000000 -45.214684 81.048850 177.745136 0.536241 0.360356 0.675520 0.355333
1267.600000000 -45.175037 80.966259 177.724759 0.538095 0.362076 0.673924 0.353809
1267.700000000 -44.995223 80.927174 177.695704 0.536249 0.359921 0.675567 0.355672
1267.800000000 -44.809180 80.879427 177.667461 0.536416 0.358734 0.675518 0.356711
1268.100000000 -44.439972 80.711345 177.629172 0.536503 0.358700 0.675399 0.356840
1269.000000000 -43.293264 80.333201 177.553692 0.536391 0.357642 0.675686 0.357526
1269.200000000 -43.129214 80.242153 177.568068 0.537242 0.359068 0.674832 0.356431
1269.300000000 -42.987145 80.217189 177.566762 0.537566 0.359353 0.674601 0.356091
1269.500000000 -42.687892 80.180332 177.557454 0.537023 0.357985 0.675182 0.357186
1269.600000000 -42.554905 80.164319 177.559647 0.536809 0.358293 0.675261 0.357052
1269.700000000 -42.424579 80.143917 177.570915 0.536815 0.358356 0.675261 0.356977
1269.800000000 -42.362349 80.112473 177.586765 0.537341 0.359105 0.674773 0.356356
1270.000000000 -42.018550 80.109075 177.572885 0.536637 0.356914 0.675563 0.358117
1270.200000000 -41.737906 80.099520 177.596848 0.537216 0.358130 0.675034 0.357031
1270.300000000 -41.734298 80.060276 177.629299 0.537632 0.358276 0.674673 0.356942
1270.600000000 -41.296564 80.073287 177.664508 0.536766 0.356716 0.675522 0.358199
1270.700000000 -41.220081 80.062594 177.686531 0.536872 0.356318 0.675462 0.358548
1270.900000000 -40.981249 80.071811 177.720958 0.537796 0.357349 0.674704 0.357564
1271.400000000 -40.369893 80.138601 177.839176 0.537665 0.357506 0.674756 0.357504
1271.500000000 -40.196081 80.175253 177.852978 0.537865 0.357813 0.674618 0.357157
1271.600000000 -39.856048 74.239082 179.134605 0.562339 0.322821 0.688241 0.325402
1271.800000000 -39.675907 74.253915 179.212352 0.561955 0.322280 0.688596 0.325850
1271.900000000 -39.557761 74.276627 179.249130 0.561516 0.322010 0.688914 0.326200
1272.100000000 -39.240921 74.344851 179.305958 0.561483 0.321932 0.688965 0.326226
1273.000000000 -38.209896 74.615914 179.669442 0.560652 0.321211 0.689742 0.326723
1273.200000000 -38.018945 74.678615 179.766094 0.560050 0.320338 0.690295 0.327444
1273.300000000 -37.886088 74.721351 179.804036 0.560118 0.320208 0.690218 0.327619
1273.700000000 -37.267475 74.933594 179.977198 0.559336 0.320987 0.690853 0.326853
1273.800000000 -37.164030 74.971097 180.024144 0.559344 0.320880 0.690858 0.326933
1273.900000000 -37.093918 74.994863 180.078185 0.559937 0.321173 0.690312 0.326783
1274.200000000 -36.733666 75.136428 180.208853 0.559981 0.320839 0.690425 0.326799
1274.300000000 -36.626743 75.175377 180.264279 0.559556 0.320145 0.690798 0.327418
1274.700000000 -36.123930 75.368357 180.459969 0.559666 0.321669 0.690725 0.325886
1274.900000000 -35.870519 75.465667 180.548750 0.559636 0.320857 0.690809 0.326560
1275.100000000 -35.635353 75.556596 180.655158 0.559194 0.320924 0.691145 0.326541
1275.400000000 -35.244453 75.698613 180.811161 0.559117 0.320473 0.691210 0.326976
1275.800000000 -34.729076 75.899936 181.009695 0.558326 0.320673 0.691865 0.326747
1276.200000000 -34.215378 76.085283 181.201607 0.557488 0.320636 0.692587 0.326683
1276.300000000 -34.078593 76.122208 181.249110 0.557867 0.320616 0.692204 0.326869
1276.400000000 -33.946393 76.159000 181.294465 0.557871 0.320634 0.692215 0.326822
1276.500000000 -33.815125 76.200069 181.344454 0.557577 0.320806 0.692487 0.326579
1276.600000000 -33.703952 76.236196 181.380681 0.557783 0.320603 0.692275 0.326873
1276.900000000 -33.310351 76.341196 181.497143 0.557530 0.320735 0.692550 0.326594
1277.400000000 -32.671488 76.469996 181.657018 0.558230 0.321125 0.691967 0.326250
1277.600000000 -32.388614 76.514504 181.720920 0.557630 0.320859 0.692498 0.326410
1277.700000000 -32.254054 76.532038 181.752928 0.557482 0.320941 0.692569 0.326432
1277.900000000 -31.975174 76.572538 181.795128 0.557410 0.320727 0.692648 0.326599
1278.100000000 -31.704331 76.599546 181.838133 0.557436 0.320908 0.692617 0.326443
1278.400000000 -31.286141 76.619686 181.900726 0.557624 0.320555 0.692483 0.326752
1278.500000000 -31.152495 76.621884 181.922292 0.557523 0.320806 0.692610 0.326409
1278.600000000 -31.013909 76.627261 181.931001 0.558069 0.320531 0.692218 0.326578
1279.000000000 -30.468140 76.619421 181.989784 0.558414 0.320159 0.691930 0.326963
1279.100000000 -30.363720 76.606151 182.017152 0.558232 0.321602 0.691951 0.325812
1279.400000000 -29.937062 76.596866 182.042210 0.557875 0.321059 0.692204 0.326420
1279.500000000 -25.469960 68.929278 184.701286 0.577541 0.291926 0.706188 0.287272
1279.600000000 -25.338616 68.919748 184.706074 0.577674 0.291647 0.706139 0.287406
1279.700000000 -25.246229 68.894646 184.712527 0.578452 0.292078 0.705520 0.286923
1279.800000000 -25.116451 68.883968 184.717953 0.578260 0.291845 0.705602 0.287346
1279.900000000 -24.946724 68.882342 184.721999 0.578032 0.291447 0.705845 0.287612
1280.000000000 -24.891715 68.844665 184.737966 0.578361 0.291858 0.705509 0.287357
1280.300000000 -24.848377 68.701670 184.803586 0.578026 0.291585 0.705567 0.288164
1281.000000000 -24.180327 68.565633 184.893423 0.578670 0.292163 0.704931 0.287845
1281.100000000 -24.136520 68.537071 184.921578 0.578104 0.292099 0.705333 0.288062
1281.200000000 -24.109708 68.502545 184.948702 0.578294 0.291929 0.705122 0.288369
1281.400000000 -23.507529 68.612430 184.928570 0.578534 0.292905 0.705041 0.287093
1282.100000000 -22.825251 68.603702 185.132191 0.578226 0.292869 0.705161 0.287454
1283.100000000 -21.488592 68.867153 185.484897 0.577988 0.292985 0.705442 0.287127
1283.200000000 -21.453844 68.868730 185.545901 0.577871 0.293097 0.705433 0.287270
1283.700000000 -20.721728 69.072850 185.766367 0.577031 0.292805 0.706327 0.287058
1284.000000000 -20.305408 69.207471 185.902392 0.576778 0.293098 0.706529 0.286770
1284.500000000 -19.697960 69.401079 186.156808 0.577458 0.292456 0.706178 0.286922
1284.600000000 -19.502560 69.469876 186.193168 0.577561 0.292656 0.706139 0.286607
1284.800000000 -19.276591 69.542554 186.319732 0.576438 0.291750 0.707081 0.287469
1285.100000000 -18.900538 69.669222 186.466532 0.576726 0.291574 0.706907 0.287496
1285.300000000 -18.633466 69.762732 186.567865 0.576501 0.292004 0.707047 0.287166
1286.200000000 -17.498597 70.131577 187.032033 0.575669 0.292358 0.707735 0.286782
1286.300000000 -17.374542 70.166564 187.081149 0.575988 0.292167 0.707502 0.286910
1286.500000000 -17.154580 70.239647 187.170455 0.576131 0.292534 0.707375 0.286562
1286.600000000 -17.010832 70.289765 187.216108 0.575512 0.293218 0.707904 0.285799
1286.700000000 -16.822163 70.333362 187.258991 0.575654 0.292799 0.707796 0.286210
1287.300000000 -9.904696 62.838926 190.227132 0.589969 0.265090 0.721019 0.248589
1288.700000000 -7.964600 63.126966 190.632594 0.589508 0.265605 0.721438 0.247913
1288.800000000 -7.808437 63.117632 190.654458 0.589726 0.264737 0.721317 0.248675
1289.400000000 -6.999443 63.035064 190.719034 0.591558 0.271251 0.719345 0.242949
1289.500000000 -6.861970 63.021765 190.701862 0.592807 0.272903 0.718196 0.241453
1290.200000000 -5.878709 62.839840 190.575028 0.591114 0.273894 0.719373 0.240973
1290.400000000 -5.488962 62.809777 190.497120 0.589534 0.269130 0.721125 0.244946
1291.000000000 -4.674074 62.497126 190.263339 0.591123 0.271479 0.719605 0.242983
1291.200000000 -4.337154 62.409517 190.164772 0.589885 0.269059 0.720858 0.244961
1291.400000000 -3.859046 62.358717 190.041349 0.588600 0.264768 0.722301 0.248452
1291.500000000 -3.704450 62.299460 190.003341 0.587396 0.264288 0.723271 0.248992
1291.600000000 -3.559593 62.233448 189.947270 0.588284 0.263899 0.722587 0.249295
1291.700000000 -3.436157 62.163527 189.901089 0.587966 0.265150 0.722737 0.248278
1291.800000000 -3.224362 62.118578 189.840619 0.588557 0.265736 0.722278 0.247588
1292.000000000 -2.862346 62.015579 189.722542 0.588286 0.265234 0.722546 0.247990
1292.100000000 0.047264 54.542384 190.820289 0.595743 0.239725 0.737193 0.210162
1292.200000000 0.252741 54.504932 190.745338 0.596779 0.238494 0.736527 0.210958
1292.300000000 0.366033 54.437739 190.683670 0.596974 0.239527 0.736290 0.210063
1292.700000000 1.037284 54.227695 190.455734 0.595512 0.238833 0.737413 0.211060
1292.800000000 1.249295 54.201854 190.396203 0.594711 0.238890 0.738086 0.210902
1292.900000000 1.446456 54.158815 190.330854 0.595126 0.237809 0.737823 0.211871
1293.000000000 1.533410 54.084973 190.270147 0.595988 0.239140 0.736966 0.210928
1293.100000000 1.696748 54.038286 190.225415 0.594722 0.239803 0.737904 0.210472
1293.200000000 1.838181 53.986446 190.147594 0.596423 0.240053 0.736529 0.210188
1293.300000000 2.052124 53.953501 190.096683 0.595424 0.239528 0.737377 0.210645
1293.500000000 2.358282 53.857147 189.983312 0.595743 0.239314 0.737083 0.211014
1293.700000000 2.714405 53.783439 189.875299 0.595706 0.240443 0.736970 0.210231
1293.800000000 2.757947 53.695203 189.835903 0.595751 0.240745 0.736896 0.210017
1294.200000000 3.423868 53.545841 189.644102 0.595920 0.240744 0.736792 0.209904
1294.500000000 3.925644 53.451881 189.529511 0.595003 0.240901 0.737452 0.210007
1294.700000000 4.209026 53.374723 189.468886 0.594335 0.240222 0.738110 0.210364
1294.900000000 5.635226 46.606829 189.562591 0.599684 0.208988 0.750993 0.180866
1295.400000000 6.320356 46.491124 189.441538 0.599996 0.210669 0.750565 0.179655
1295.600000000 6.646468 46.460391 189.423532 0.598786 0.208405 0.751710 0.181534
1295.700000000 6.794798 46.448298 189.410106 0.599033 0.208382 0.751503 0.181604
1295.900000000 7.096086 46.432709 189.393844 0.599073 0.208574 0.751457 0.181442
1296.000000000 7.243812 46.426576 189.401768 0.598469 0.208987 0.751854 0.181313
1296.500000000 8.060892 46.430409 189.434387 0.597600 0.205832 0.752741 0.184085
1296.600000000 8.120141 46.403349 189.443087 0.597815 0.206818 0.752472 0.183381
1296.700000000 8.237201 46.409941 189.450351 0.598071 0.208348 0.752150 0.182134
1297.000000000 8.644495 46.427009 189.515658 0.597771 0.208899 0.752377 0.181551
1297.200000000 8.912094 46.453046 189.565549 0.598133 0.208754 0.752021 0.181995
1297.400000000 9.210199 46.495882 189.636509 0.597820 0.207461 0.752333 0.183212
1297.500000000 9.381980 46.521050 189.688435 0.596862 0.205775 0.753220 0.184586
1297.600000000 9.496622 46.537041 189.733842 0.596646 0.205844 0.753394 0.184497
1297.700000000 9.627326 46.563893 189.779313 0.596560 0.205859 0.753466 0.184464
1297.900000000 9.908643 46.613798 189.889272 0.596445 0.204430 0.753653 0.185657
1298.100000000 10.128261 46.656426 190.022816 0.596579 0.207913 0.753298 0.182777
1298.600000000 10.786717 46.883447 190.402229 0.595044 0.207077 0.754517 0.183697
1298.700000000 10.907980 46.933878 190.483511 0.595131 0.206432 0.754485 0.184274
1298.800000000 10.975538 46.977092 190.559795 0.595800 0.209889 0.753719 0.181320
1298.900000000 11.088029 47.021342 190.654912 0.595686 0.209136 0.753823 0.182128
1299.000000000 11.225292 47.084271 190.761313 0.594598 0.209409 0.754660 0.181902
1299.100000000 11.299087 47.124986 190.848253 0.595222 0.208874 0.754229 0.182264
1299.300000000 11.514338 47.249645 191.058157 0.594609 0.210805 0.754469 0.181045
1299.400000000 11.622961 47.294874 191.172000 0.594005 0.209492 0.755115 0.181861
1299.700000000 11.906757 47.463148 191.495571 0.594179 0.208952 0.754994 0.182410
1299.800000000 11.978794 47.521512 191.612005 0.594248 0.209594 0.754840 0.182089
1299.900000000 12.125536 47.607302 191.730613 0.593614 0.209684 0.755303 0.182134
1300.000000000 12.194101 47.659652 191.852327 0.593317 0.210674 0.755458 0.181312
1300.100000000 12.276732 47.705954 191.975433 0.593141 0.209081 0.755639 0.182973
1300.200000000 12.371091 47.774048 192.090948 0.593324 0.209254 0.755519 0.182679
1300.400000000 12.590371 47.914526 192.349917 0.591486 0.208212 0.757059 0.183449
1300.500000000 12.709224 48.000047 192.459166 0.592540 0.209609 0.756131 0.182283
1300.600000000 12.719390 48.018518 192.583813 0.593025 0.208128 0.755753 0.183961
1300.700000000 12.814757 48.084136 192.719369 0.591370 0.207446 0.757168 0.184241
1300.900000000 13.060700 48.247156 192.954166 0.592577 0.207031 0.756120 0.185131
1301.000000000 13.123957 48.294848 193.088956 0.591352 0.205601 0.757292 0.185846
1301.100000000 13.239507 48.376752 193.211158 0.591226 0.207053 0.757247 0.184818
1301.500000000 13.657038 48.669704 193.693004 0.592274 0.207166 0.756310 0.185172
1301.700000000 13.862353 48.806429 193.942269 0.591711 0.206357 0.756711 0.186237
1301.900000000 14.208580 49.012317 194.167644 0.592828 0.208788 0.755579 0.184562
1302.000000000 14.176748 49.021474 194.295286 0.591513 0.209678 0.756582 0.183658
1302.100000000 14.293934 49.094497 194.401219 0.592512 0.209427 0.755741 0.184188
1302.200000000 14.305546 49.116382 194.516597 0.592452 0.208913 0.755840 0.184561
1302.300000000 14.430835 49.187182 194.633313 0.591773 0.207669 0.756541 0.185271
1302.500000000 14.702211 49.340578 194.838573 0.594098 0.209832 0.754333 0.184392
1302.600000000 23.492491 44.031905 196.707809 0.611454 0.145914 0.758784 0.170527
1302.700000000 23.582264 44.067219 196.815851 0.611804 0.146254 0.758502 0.170235
1302.800000000 23.721946 44.115608 196.929694 0.610783 0.145740 0.759327 0.170664
1302.900000000 23.838764 44.165373 197.029932 0.611058 0.146517 0.759214 0.169513
1303.100000000 24.074571 44.244557 197.225138 0.613618 0.146940 0.756954 0.170006
1303.200000000 24.186349 44.286967 197.327497 0.613000 0.148198 0.757411 0.169108
1303.500000000 24.560734 44.391623 197.600401 0.615252 0.147139 0.755566 0.170102
1303.700000000 24.816041 44.459381 197.774907 0.615706 0.147224 0.755069 0.170594
1303.800000000 24.948777 44.484905 197.862136 0.615412 0.146587 0.755361 0.170911
1303.900000000 25.080655 44.507054 197.947335 0.615912 0.147019 0.754838 0.171051
1304.000000000 25.210878 44.522444 198.032354 0.615573 0.147010 0.755114 0.171056
1304.100000000 25.352712 44.535433 198.116188 0.615193 0.146744 0.755381 0.171473
1304.300000000 25.623960 44.545531 198.268846 0.616112 0.145986 0.754481 0.172778
1304.800000000 26.290399 44.650138 198.562730 0.615688 0.146788 0.754743 0.172467
1305.000000000 26.617277 44.689690 198.654908 0.615494 0.140328 0.754769 0.178321
1305.100000000 26.736017 44.686106 198.707144 0.615834 0.143888 0.754514 0.175364
1305.500000000 27.322926 44.717899 198.865709 0.614829 0.142226 0.755276 0.176959
1305.600000000 27.446454 44.711922 198.901889 0.614592 0.143386 0.755495 0.175913
1306.200000000 28.174119 44.715587 199.008957 0.616218 0.149701 0.754212 0.170379
1306.300000000 28.320784 44.685865 199.040013 0.614989 0.148284 0.755276 0.171341
1306.500000000 28.621648 44.704818 199.055759 0.613783 0.148289 0.756306 0.171119
1306.600000000 28.734153 44.694834 199.055917 0.614068 0.148751 0.756043 0.170860
1306.700000000 28.975566 44.639667 199.102223 0.613136 0.146323 0.756791 0.172975
1306.800000000 28.998546 44.645731 199.071560 0.614236 0.148435 0.755954 0.170923
1306.900000000 29.224489 44.629889 199.097685 0.612542 0.147768 0.757286 0.171680
1307.200000000 29.611528 44.607843 199.069628 0.613203 0.153014 0.754438 0.177180
1307.500000000 29.988728 44.535967 199.060513 0.612249 0.156679 0.752518 0.185256
1307.800000000 30.560339 44.433013 199.050523 0.614741 0.155987 0.750561 0.185526
1307.900000000 30.610071 44.407820 199.026067 0.613869 0.157144 0.751406 0.184010
1308.000000000 30.746147 44.366925 199.020136 0.613673 0.157027 0.751689 0.183604
1308.100000000 30.844811 44.321181 199.002815 0.614147 0.156717 0.751337 0.183726
1308.600000000 31.610925 44.049356 198.965134 0.616198 0.155581 0.750218 0.182393
1308.700000000 31.758983 44.022109 198.936694 0.617063 0.155806 0.749726 0.181297
1308.900000000 31.816711 43.824474 198.903092 0.618265 0.154233 0.749156 0.180906
1309.000000000 31.966102 43.735509 198.899222 0.618695 0.152373 0.749029 0.181534
1309.100000000 32.134268 43.666495 198.888420 0.619097 0.151918 0.748916 0.181014
1309.200000000 32.213333 43.591058 198.871399 0.619485 0.152033 0.748787 0.180119
1309.300000000 32.305553 43.521106 198.845609 0.619876 0.151745 0.748681 0.179455
1309.400000000 32.421547 43.433021 198.835507 0.620361 0.150765 0.748490 0.179399
1309.700000000 32.628481 43.167507 198.792903 0.620674 0.150307 0.748909 0.176934
1309.800000000 32.699631 43.062490 198.789482 0.620647 0.149553 0.749100 0.176861
1310.500000000 33.257254 42.494119 198.687593 0.619463 0.149520 0.750614 0.174607
1310.700000000 33.417507 42.313197 198.657865 0.620290 0.148266 0.749919 0.175725
1310.800000000 33.476218 42.235301 198.651814 0.619466 0.148603 0.750649 0.175226
1311.000000000 33.500689 42.040611 198.633555 0.619369 0.148570 0.750804 0.174935
1311.100000000 33.564146 41.946973 198.636129 0.618320 0.148419 0.751695 0.174948
1311.200000000 33.570383 41.839239 198.634553 0.617851 0.147652 0.752190 0.175129
1311.300000000 41.799670 35.621058 199.996931 0.632016 0.079117 0.751314 0.172696
1311.500000000 41.882842 35.444256 199.970827 0.632117 0.079303 0.751242 0.172550
1312.200000000 41.975725 34.821407 199.893998 0.632302 0.079421 0.751294 0.171592
1312.500000000 42.038919 34.591932 199.915392 0.632047 0.078640 0.752043 0.169597
1312.700000000 41.958769 34.427799 199.872929 0.634336 0.078230 0.750273 0.169081
1312.800000000 42.004167 34.329538 199.902668 0.633262 0.077347 0.751186 0.169457
1313.200000000 41.945451 34.017808 199.922055 0.632644 0.076715 0.752192 0.167581
1313.300000000 41.849508 33.936696 199.916390 0.632509 0.076326 0.752421 0.167239
1313.400000000 41.783858 33.851783 199.916356 0.633035 0.075462 0.751988 0.167589
1313.600000000 41.736548 33.719725 199.925639 0.633594 0.075045 0.751702 0.166946
1314.300000000 41.417014 33.258143 200.026791 0.630269 0.073294 0.755299 0.164052
1314.700000000 41.242328 33.030724 200.113107 0.628843 0.072265 0.756650 0.163751
1315.200000000 40.927040 32.847050 200.203539 0.626814 0.073157 0.758775 0.161287
1315.500000000 40.742946 32.710758 200.276461 0.626098 0.071248 0.759284 0.162519
1316.200000000 40.131125 32.576136 200.388348 0.625681 0.072725 0.759892 0.160620
1316.600000000 39.981809 32.529502 200.481464 0.625214 0.071677 0.760190 0.161498
1316.700000000 39.867002 32.528074 200.491113 0.625314 0.071986 0.760119 0.161307
1316.800000000 39.746542 32.515705 200.501463 0.625912 0.071103 0.759477 0.162400
1317.100000000 39.386163 32.509897 200.538747 0.625563 0.071374 0.759767 0.162269
1317.600000000 48.292108 26.128806 201.536379 0.637647 0.014293 0.757161 0.141102
1317.800000000 48.144884 26.113212 201.581395 0.637639 0.013712 0.756949 0.142325
1317.900000000 48.046509 26.144700 201.589947 0.637950 0.014459 0.756766 0.141831
1318.100000000 47.798760 26.182550 201.609081 0.638088 0.014479 0.756599 0.142102
1318.200000000 47.734679 26.203996 201.630413 0.637420 0.014211 0.757078 0.142575
1318.300000000 47.729763 26.264704 201.647192 0.637291 0.014686 0.757261 0.142129
1318.400000000 47.681433 26.315587 201.650176 0.638445 0.015413 0.756404 0.141438
1318.500000000 47.597808 26.328852 201.667177 0.638335 0.015155 0.756418 0.141882
1318.600000000 47.457025 26.393585 201.669122 0.638302 0.017036 0.756645 0.140600
1318.700000000 47.382440 26.426184 201.681903 0.637983 0.017388 0.756908 0.140589
1318.900000000 47.153665 26.473067 201.701609 0.637644 0.017091 0.757090 0.141187
1319.000000000 47.135679 26.514412 201.715793 0.637620 0.017088 0.757030 0.141615
1319.400000000 46.636078 26.662397 201.715311 0.638800 0.016801 0.755831 0.142730
1319.800000000 46.291812 26.855415 201.730724 0.638370 0.017112 0.756077 0.143312
1320.100000000 46.128936 26.985333 201.746104 0.638266 0.017804 0.756152 0.143295
1320.200000000 46.063289 27.016706 201.752964 0.637861 0.017320 0.756398 0.143857
1320.400000000 45.963901 27.143413 201.747298 0.638267 0.017849 0.756041 0.143872
1320.600000000 45.783163 27.245416 201.734916 0.638657 0.018585 0.755713 0.143767
1320.700000000 45.703093 27.267018 201.737003 0.638715 0.017852 0.755484 0.144808
1320.800000000 45.624472 27.327186 201.729830 0.638662 0.018299 0.755540 0.144691
1321.200000000 45.232908 27.571248 201.668314 0.639830 0.019681 0.754535 0.144594
1321.400000000 45.060959 27.679728 201.640735 0.640024 0.020292 0.754324 0.144750
1322.000000000 44.525166 27.999507 201.493203 0.641124 0.021067 0.753143 0.145919
1322.100000000 44.446090 28.011131 201.476476 0.640181 0.020083 0.753703 0.147300
1322.800000000 43.752394 28.437131 201.153533 0.641884 0.023064 0.752245 0.146902
1323.100000000 50.047785 23.575437 201.553013 0.644849 -0.021223 0.753822 0.124391
1323.300000000 49.860467 23.675199 201.432884 0.644624 -0.021100 0.753929 0.124921
1323.500000000 49.664409 23.775519 201.302897 0.644128 -0.021192 0.754302 0.125211
1324.500000000 48.698715 24.167673 200.492238 0.642453 -0.021174 0.755402 0.127174
1324.600000000 48.584987 24.205281 200.390384 0.642732 -0.020898 0.755201 0.127002
1325.000000000 48.251433 24.336182 200.010622 0.641426 -0.020327 0.756333 0.126963
1325.300000000 47.892023 24.403074 199.698658 0.640511 -0.020770 0.756989 0.127601
1325.500000000 47.681761 24.445532 199.488867 0.640165 -0.021724 0.757132 0.128331
1325.600000000 47.566459 24.461882 199.377089 0.640402 -0.021302 0.757028 0.127831
1325.800000000 47.320431 24.495297 199.157360 0.640004 -0.022783 0.757127 0.128974
1326.000000000 47.163688 24.543951 198.945161 0.639908 -0.023447 0.757068 0.129677
1326.200000000 46.986280 24.577966 198.738465 0.639645 -0.022362 0.757531 0.128455
1326.300000000 46.873866 24.591935 198.630662 0.639514 -0.022062 0.757687 0.128235
1326.500000000 46.639235 24.624508 198.413092 0.639157 -0.022492 0.757999 0.128103
1326.600000000 46.617733 24.635038 198.314799 0.639484 -0.024644 0.757317 0.130087
1326.700000000 46.476129 24.639318 198.207411 0.638970 -0.024936 0.757748 0.130052
1327.500000000 45.722833 24.752661 197.409771 0.639289 -0.025206 0.757673 0.128860
1327.600000000 45.654530 24.762187 197.323005 0.639220 -0.023865 0.757975 0.127680
1327.700000000 45.548965 24.762969 197.226487 0.639308 -0.024735 0.757766 0.128310
1327.800000000 49.726329 21.762147 197.835265 0.631037 -0.059212 0.765783 0.108917
1327.900000000 49.753623 21.808281 197.773099 0.630883 -0.058864 0.765956 0.108781
1328.000000000 49.690250 21.843736 197.671726 0.631905 -0.059461 0.765066 0.108785
1328.100000000 49.622530 21.859882 197.595104 0.631055 -0.058649 0.765978 0.107733
1328.700000000 49.054532 21.952041 197.112702 0.631991 -0.057000 0.765697 0.105099
1328.800000000 48.941052 21.963893 197.026843 0.632789 -0.057729 0.764959 0.105276
1328.900000000 48.879197 21.984187 196.965038 0.632712 -0.057616 0.765063 0.105047
1329.200000000 48.507712 22.008601 196.743770 0.633556 -0.058693 0.764294 0.104960
1329.300000000 48.386452 22.021144 196.684670 0.633714 -0.057491 0.764419 0.103759
1330.000000000 47.529472 22.080359 196.313979 0.635028 -0.057554 0.763547 0.102095
1330.100000000 47.439864 22.096422 196.286444 0.634805 -0.057922 0.763686 0.102237
1330.800000000 46.557252 22.180182 196.139935 0.635623 -0.062080 0.762423 0.104119
1331.000000000 46.282765 22.205657 196.138355 0.635627 -0.061643 0.762552 0.103406
1331.100000000 46.136411 22.219425 196.138517 0.636186 -0.061107 0.762249 0.102521
1331.400000000 45.724680 22.270004 196.185916 0.636114 -0.061578 0.762313 0.102209
1332.100000000 44.749599 22.402623 196.460568 0.636299 -0.059933 0.762632 0.099620
1332.200000000 44.578701 22.404633 196.510797 0.636790 -0.058167 0.762598 0.097773
1332.400000000 44.319106 22.454962 196.650186 0.636007 -0.061419 0.762661 0.100351
1333.500000000 42.673477 22.735869 197.588630 0.636070 -0.059340 0.763140 0.097525
1333.700000000 42.352131 22.797025 197.778792 0.636930 -0.060654 0.762214 0.098341
1333.800000000 42.223656 22.826712 197.890273 0.636283 -0.060538 0.762762 0.098359
1334.100000000 41.726095 22.921954 198.188190 0.637453 -0.061864 0.761619 0.098805
1334.800000000 40.592883 23.145464 198.942341 0.636522 -0.060589 0.762634 0.097769
1335.000000000 40.304115 23.227267 199.149989 0.636855 -0.061843 0.762123 0.098794
1335.200000000 39.963214 23.300548 199.352589 0.637050 -0.062961 0.761780 0.099474
1335.300000000 39.760417 23.334533 199.447838 0.637669 -0.061809 0.761468 0.098613
1335.500000000 39.436158 23.403370 199.659660 0.635233 -0.062626 0.763306 0.099604
1336.000000000 43.607496 17.813676 200.134748 0.636507 -0.093140 0.763391 0.058454
1336.200000000 43.232996 17.864625 200.294996 0.637790 -0.093998 0.762188 0.058806
1336.300000000 42.944139 17.865898 200.369520 0.636684 -0.092723 0.763308 0.058273
1336.400000000 42.788603 17.897157 200.454042 0.636825 -0.091957 0.763309 0.057945
1336.900000000 42.143008 18.084974 200.839873 0.639947 -0.092063 0.760706 0.057597
1337.000000000 41.522412 18.024377 200.833734 0.642951 -0.092022 0.758075 0.058888
1337.400000000 40.681094 18.108500 201.065272 0.639425 -0.091956 0.761073 0.058715
1337.500000000 40.461916 18.132017 201.103954 0.640550 -0.092096 0.760112 0.058683
1337.600000000 40.470410 18.191132 201.181450 0.638308 -0.091095 0.762168 0.058004
1337.900000000 40.140582 18.324555 201.308616 0.641124 -0.090703 0.759922 0.057022
1338.000000000 40.076468 18.374549 201.356210 0.640728 -0.089352 0.760504 0.055839
1338.400000000 39.639877 18.545564 201.477982 0.641569 -0.088810 0.759899 0.055280
1339.500000000 38.464387 19.086159 201.528578 0.647849 -0.101142 0.752050 0.066950
1339.600000000 38.292289 19.132009 201.513083 0.647570 -0.102143 0.752032 0.068322
1339.700000000 38.190039 19.163500 201.501058 0.647103 -0.099740 0.752945 0.066205
1340.000000000 37.899987 19.288301 201.454439 0.646275 -0.097815 0.754038 0.064711
1340.100000000 37.708021 19.343007 201.422916 0.646216 -0.102212 0.753125 0.068997
1340.300000000 37.472981 19.419767 201.366278 0.646595 -0.099757 0.753311 0.066977
1340.500000000 37.196945 19.520770 201.300694 0.646229 -0.101882 0.753150 0.069094
1340.600000000 37.056677 19.541989 201.268911 0.644933 -0.100306 0.754602 0.067647
1340.700000000 36.911446 19.598232 201.230834 0.644524 -0.101694 0.754632 0.069121
1340.800000000 36.790006 19.612924 201.195826 0.643313 -0.101337 0.755723 0.069007
1341.100000000 36.387652 19.747997 201.058288 0.642484 -0.105074 0.755531 0.073122
1341.200000000 36.237798 19.787162 201.011664 0.642038 -0.104310 0.756039 0.072880
1341.400000000 35.965773 19.879926 200.906503 0.642451 -0.105478 0.755404 0.074134
1341.500000000 35.813336 19.912321 200.846539 0.642971 -0.106339 0.754733 0.075222
1341.600000000 40.766573 14.416338 200.800870 0.640769 -0.132617 0.755454 0.033426
1341.800000000 40.512399 14.509867 200.694903 0.640547 -0.132911 0.755558 0.034136
1341.900000000 40.371654 14.554937 200.626052 0.642308 -0.133320 0.753977 0.034421
1342.000000000 40.255490 14.601697 200.571402 0.642129 -0.134319 0.753902 0.035491
1342.100000000 40.128016 14.649454 200.506676 0.643425 -0.133310 0.753007 0.034831
1342.200000000 40.040385 14.702012 200.455052 0.643075 -0.133139 0.753329 0.034989
1342.400000000 39.802717 14.788965 200.327674 0.644190 -0.133277 0.752351 0.035003
1342.600000000 39.492641 14.881353 200.198802 0.644221 -0.133564 0.752242 0.035645
1342.700000000 39.429893 14.932842 200.130470 0.645873 -0.134485 0.750635 0.036172
1342.800000000 39.263643 14.970888 200.071318 0.644726 -0.135258 0.751405 0.037730
1342.900000000 39.156574 15.024158 200.000619 0.646593 -0.134784 0.749924 0.036942
1343.400000000 38.704358 15.263930 199.677507 0.648874 -0.136022 0.747647 0.038518
1343.600000000 38.310421 15.344155 199.530017 0.649047 -0.135731 0.747539 0.038727
1343.800000000 38.026743 15.426478 199.396914 0.648996 -0.135758 0.747557 0.039156
1343.900000000 37.960919 15.473473 199.331302 0.650237 -0.135679 0.746498 0.039039
1344.000000000 37.778053 15.515263 199.272396 0.648827 -0.136430 0.747530 0.040102
1344.300000000 37.460033 15.657530 199.086117 0.650277 -0.138274 0.745848 0.041592
1344.400000000 43.068525 11.642586 199.046996 0.641832 -0.159033 0.750164 0.003618
1344.800000000 42.593111 11.836331 198.813128 0.643611 -0.160677 0.748282 0.004689
1344.900000000 42.502070 11.882725 198.763449 0.643801 -0.161814 0.747865 0.005825
1345.100000000 42.307843 11.989045 198.666052 0.644559 -0.162845 0.746983 0.006401
1345.200000000 42.066840 12.023025 198.602499 0.644156 -0.163351 0.747214 0.007134
1345.800000000 41.337807 12.308491 198.333933 0.646288 -0.165621 0.744854 0.008576
1345.900000000 41.444713 12.366193 198.331347 0.646553 -0.167462 0.744193 0.010102
1346.000000000 41.177971 12.403758 198.273375 0.646588 -0.167253 0.744211 0.010011
1346.200000000 40.908144 12.480539 198.206501 0.646422 -0.168763 0.743994 0.011390
1346.400000000 40.627963 12.567138 198.140802 0.646521 -0.167221 0.744274 0.010179
1346.500000000 40.529926 12.603869 198.115198 0.646659 -0.167377 0.744117 0.010344
1346.600000000 40.419680 12.644647 198.091579 0.646897 -0.167952 0.743772 0.010920
1347.300000000 39.409136 12.896981 197.940671 0.647485 -0.170568 0.742626 0.013272
1347.400000000 39.409145 12.942896 197.947130 0.647565 -0.170679 0.742530 0.013301
1347.600000000 39.386274 13.031323 197.957471 0.647724 -0.170523 0.742441 0.012549
1347.900000000 39.267291 13.152782 197.981001 0.647551 -0.169810 0.742773 0.011382
1348.400000000 38.778314 13.314523 198.000572 0.648188 -0.170390 0.742088 0.011148
1348.500000000 38.618936 13.350504 198.009285 0.648178 -0.172160 0.741663 0.012727
1348.600000000 38.328440 13.367164 198.001029 0.647963 -0.174669 0.741219 0.015168
1348.700000000 38.354541 13.412308 198.028019 0.648164 -0.174722 0.741033 0.015010
1348.800000000 38.261787 13.441119 198.048913 0.647568 -0.173563 0.741850 0.013825
1348.900000000 43.312142 9.320396 197.885663 0.638450 -0.192010 0.744825 -0.027390
1349.100000000 43.113372 9.366800 197.923589 0.637916 -0.193408 0.744978 -0.025787
1349.200000000 43.042414 9.395271 197.950603 0.637731 -0.194053 0.744984 -0.025331
1349.300000000 42.964514 9.421714 197.971267 0.637767 -0.194355 0.744880 -0.025174
1349.800000000 42.210368 9.556487 198.057801 0.637699 -0.199081 0.743824 -0.020788
1350.400000000 41.424384 9.566332 198.124427 0.633077 -0.175192 0.752823 -0.042187
1350.600000000 41.160581 9.598485 198.142099 0.633143 -0.177359 0.752374 -0.040095
1350.700000000 41.037519 9.587691 198.146099 0.632791 -0.177452 0.752646 -0.040119
1350.800000000 40.899028 9.613663 198.152979 0.632793 -0.176749 0.752786 -0.040573
1350.900000000 40.766919 9.656551 198.163046 0.632674 -0.177198 0.752805 -0.040111
1351.000000000 40.634362 9.686194 198.165301 0.632862 -0.177222 0.752646 -0.040017
1351.300000000 40.241272 9.755964 198.148352 0.633063 -0.174893 0.752901 -0.042245
1352.300000000 38.771065 10.104990 197.954128 0.633413 -0.174938 0.752641 -0.041422
1352.400000000 38.710252 10.209583 197.954362 0.633508 -0.173750 0.752781 -0.042411
1352.500000000 38.604649 10.259115 197.929334 0.633458 -0.172597 0.753033 -0.043391
1352.800000000 38.197273 10.354714 197.823124 0.633278 -0.172427 0.753240 -0.043106
1353.200000000 37.706264 10.495496 197.660541 0.633554 -0.171870 0.753120 -0.043362
1353.400000000 43.609996 8.669601 197.374887 0.618706 -0.184765 0.759756 -0.076390
1353.600000000 43.336576 8.780048 197.272402 0.619256 -0.184886 0.759287 -0.076298
1353.800000000 43.094362 8.843944 197.158163 0.619656 -0.183924 0.759109 -0.077149
1354.000000000 42.927872 8.951666 197.074729 0.619998 -0.183901 0.758854 -0.076956
1354.100000000 42.701570 8.991279 196.991828 0.620688 -0.183719 0.758336 -0.076945
1354.300000000 42.495929 9.104687 196.891922 0.620828 -0.182503 0.758428 -0.077795
1354.500000000 42.137061 9.140244 196.722503 0.621714 -0.183923 0.757489 -0.076515
1354.800000000 41.870695 9.290752 196.571813 0.621984 -0.182086 0.757552 -0.078075
1355.100000000 41.369282 9.409212 196.347236 0.622655 -0.182672 0.756926 -0.077428
1355.300000000 41.207587 9.496946 196.242779 0.622892 -0.182614 0.756760 -0.077276
1355.400000000 40.932602 9.542312 196.145119 0.623297 -0.184775 0.756104 -0.075275
1355.600000000 40.672435 9.591874 196.001232 0.623471 -0.181918 0.756422 -0.077568
1355.700000000 40.623325 9.646809 195.961011 0.623639 -0.181649 0.756313 -0.077894
1355.900000000 40.186315 9.721444 195.789470 0.624024 -0.183148 0.755811 -0.076160
1356.000000000 40.141912 9.752445 195.747292 0.623615 -0.183222 0.756140 -0.076064
1356.800000000 39.151705 10.092484 195.270409 0.625081 -0.180667 0.755349 -0.077988
1357.000000000 38.909096 10.184685 195.165334 0.625483 -0.181497 0.754913 -0.077047
1357.100000000 38.761388 10.225716 195.107328 0.625456 -0.180827 0.755041 -0.077591
1357.400000000 38.323623 10.344252 194.942095 0.625671 -0.181091 0.754854 -0.077057
1357.600000000 38.177759 10.429214 194.870016 0.626021 -0.181278 0.754521 -0.077033
1357.900000000 37.814991 10.540329 194.735589 0.626368 -0.183299 0.753934 -0.075155
1358.000000000 37.709312 10.586069 194.698287 0.626342 -0.182991 0.754005 -0.075410
1358.400000000 43.829743 11.682474 194.226868 0.607104 -0.195314 0.764816 -0.091290
1358.500000000 43.770353 11.724900 194.203503 0.606971 -0.194862 0.764998 -0.091619
1358.600000000 43.656994 11.759142 194.162186 0.606705 -0.193914 0.765358 -0.092371
1358.800000000 43.368711 11.815057 194.073924 0.606555 -0.195075 0.765316 -0.091260
1359.000000000 43.097165 11.888994 193.990629 0.606814 -0.193260 0.765384 -0.092820
1359.300000000 42.676348 11.980725 193.879409 0.606933 -0.194914 0.765052 -0.091307
1359.400000000 42.555460 12.019784 193.846778 0.607094 -0.193848 0.765079 -0.092277
1359.500000000 42.478374 12.044472 193.826768 0.606842 -0.193134 0.765396 -0.092795
1359.800000000 42.036191 12.128244 193.718798 0.607113 -0.192871 0.765232 -0.092926
1359.900000000 41.921587 12.160626 193.697131 0.607071 -0.192490 0.765322 -0.093246
1360.000000000 41.800502 12.185714 193.673186 0.606851 -0.191463 0.765651 -0.094086
1360.200000000 41.453729 12.215506 193.602983 0.606552 -0.190035 0.766112 -0.095146
1360.300000000 41.348789 12.246837 193.594494 0.606621 -0.190952 0.765934 -0.094311
1360.800000000 40.701349 12.347110 193.538315 0.606563 -0.190685 0.766028 -0.094459
1360.900000000 40.574987 12.364808 193.540040 0.606749 -0.192096 0.765688 -0.093151
1361.000000000 40.412060 12.374609 193.524660 0.606884 -0.191037 0.765739 -0.094020
1361.100000000 40.279009 12.392588 193.528199 0.606723 -0.190976 0.765873 -0.094093
1361.300000000 39.987355 12.409192 193.533409 0.606580 -0.190907 0.766005 -0.094082
1361.400000000 39.888037 12.436098 193.553491 0.606990 -0.191475 0.765589 -0.093674
1361.700000000 39.430710 12.449910 193.592155 0.607219 -0.191418 0.765443 -0.093490
1362.200000000 38.613019 12.439400 193.702743 0.606963 -0.189188 0.765970 -0.095355
1362.300000000 38.475348 12.444672 193.742692 0.607227 -0.190226 0.765614 -0.094473
1362.400000000 38.289018 12.449034 193.774382 0.607629 -0.190533 0.765239 -0.094311
1362.600000000 37.986930 12.428574 193.857478 0.607338 -0.188644 0.765757 -0.095758
1362.900000000 37.541253 12.409143 194.015129 0.607739 -0.189359 0.765348 -0.095079
1363.000000000 37.361137 12.397317 194.067512 0.607609 -0.189154 0.765491 -0.095166
1363.300000000 36.889021 12.360801 194.243233 0.607295 -0.189166 0.765763 -0.094948
1363.500000000 36.542461 12.329064 194.341044 0.608119 -0.188366 0.765200 -0.095808
1364.100000000 35.575255 12.228822 194.723362 0.608449 -0.188083 0.765007 -0.095804
1364.200000000 35.434469 12.212799 194.786765 0.609045 -0.185943 0.764823 -0.097644
1364.300000000 35.267940 12.199367 194.856279 0.609043 -0.186907 0.764666 -0.097051
1364.400000000 35.228445 9.086019 194.608331 0.589919 -0.189918 0.769496 -0.154282
1365.400000000 33.573708 8.733083 195.119999 0.590593 -0.186276 0.769289 -0.157148
1365.600000000 33.264273 8.683491 195.218914 0.591474 -0.186306 0.768580 -0.157267
1365.900000000 32.772035 8.593835 195.352928 0.591680 -0.185949 0.768473 -0.157438
1366.000000000 32.631272 8.582141 195.399490 0.590147 -0.187299 0.769620 -0.155986
1366.100000000 32.459533 8.539563 195.417884 0.586493 -0.186333 0.772559 -0.156392
1366.200000000 32.319064 8.530285 195.463592 0.583605 -0.187754 0.774673 -0.155036
1366.500000000 31.924939 8.493312 195.566065 0.583247 -0.190282 0.774790 -0.152693
1366.600000000 31.792656 8.486216 195.589867 0.584428 -0.190513 0.773850 -0.152657
1366.700000000 31.648256 8.462999 195.599472 0.584814 -0.189182 0.773681 -0.153691
1366.900000000 31.388452 8.438760 195.621939 0.585406 -0.188185 0.773270 -0.154726
1367.000000000 31.271712 8.431382 195.633096 0.585724 -0.188216 0.773052 -0.154574
1367.300000000 30.910004 8.409432 195.625140 0.585892 -0.186538 0.773056 -0.155945
1367.700000000 30.525363 8.449920 195.608424 0.587619 -0.189122 0.771543 -0.153812
1367.800000000 30.431172 8.468063 195.598740 0.587796 -0.189419 0.771397 -0.153501
1367.900000000 30.350553 8.479466 195.579227 0.588410 -0.190051 0.770837 -0.153183
1368.000000000 30.271114 8.491570 195.559575 0.588570 -0.190569 0.770665 -0.152789
1368.700000000 29.721031 8.611416 195.310010 0.588897 -0.189934 0.770432 -0.153492
1368.800000000 29.662018 8.670793 195.288418 0.589132 -0.193667 0.769913 -0.150502
1368.900000000 29.586517 8.670769 195.219204 0.589388 -0.190440 0.770042 -0.152938
1369.000000000 29.493806 8.683565 195.152579 0.588792 -0.187634 0.770717 -0.155286
1369.100000000 29.435073 8.712355 195.097435 0.589544 -0.188570 0.770085 -0.154431
1369.900000000 28.991425 8.949618 194.570649 0.590192 -0.186254 0.769797 -0.156191
1370.100000000 28.897716 9.011196 194.420921 0.589993 -0.186385 0.769998 -0.155795
1370.200000000 28.879299 9.056392 194.356491 0.590212 -0.186526 0.769816 -0.155696
1370.300000000 28.865966 9.096396 194.289478 0.590558 -0.186481 0.769537 -0.155818
1370.400000000 28.864805 9.147192 194.227331 0.591010 -0.187481 0.769118 -0.154969
1370.500000000 28.812093 9.189453 194.144892 0.591326 -0.187099 0.768873 -0.155439
1370.900000000 28.627721 9.332839 193.800130 0.592811 -0.184716 0.767870 -0.157577
1371.200000000 28.537602 9.453690 193.561067 0.601378 -0.182427 0.761176 -0.160239
1372.100000000 28.178912 9.817568 192.827047 0.600059 -0.181029 0.762438 -0.160769
1372.200000000 28.136059 9.859967 192.750093 0.599909 -0.180569 0.762556 -0.161285
1372.300000000 28.094313 9.900003 192.672137 0.600032 -0.180366 0.762478 -0.161421
1372.400000000 28.046478 9.938395 192.592016 0.600094 -0.180209 0.762439 -0.161548
1372.700000000 27.885382 10.052500 192.353486 0.600099 -0.181283 0.762355 -0.160725
1372.800000000 27.820292 10.092925 192.273618 0.600231 -0.180967 0.762303 -0.160833
1373.100000000 27.647120 10.207119 192.044102 0.599709 -0.179088 0.762902 -0.162040
1373.400000000 27.457477 10.312737 191.819559 0.599188 -0.182472 0.763025 -0.159596
1373.600000000 27.319031 10.395662 191.669725 0.599014 -0.181146 0.763282 -0.160527
1373.800000000 29.952342 15.536575 191.031704 0.572865 -0.174694 0.781836 -0.173319
1373.900000000 29.883587 15.575344 190.956288 0.572660 -0.174125 0.782070 -0.173514
1374.200000000 29.673935 15.676357 190.719447 0.572585 -0.173999 0.782114 -0.173690
1374.500000000 29.485775 15.781211 190.503087 0.572395 -0.173996 0.782288 -0.173537
1375.100000000 28.964391 15.954521 190.046004 0.572744 -0.174801 0.782066 -0.172573
1375.300000000 28.894389 16.050905 189.964531 0.572298 -0.173645 0.782451 -0.173475
1375.400000000 28.779643 16.069732 189.885526 0.572139 -0.173698 0.782514 -0.173657
1375.500000000 28.729569 16.105048 189.839675 0.572067 -0.173746 0.782595 -0.173481
1375.600000000 28.645834 16.130203 189.776001 0.572179 -0.173973 0.782509 -0.173274
1375.700000000 28.509085 16.141296 189.693510 0.571950 -0.173171 0.782775 -0.173635
1376.100000000 28.211899 16.250496 189.490319 0.571616 -0.172881 0.783043 -0.173815
1376.700000000 27.635937 16.367446 189.174434 0.572189 -0.172723 0.782662 -0.173802
1376.800000000 27.587361 16.392102 189.149557 0.572541 -0.174396 0.782311 -0.172546
1376.900000000 27.471891 16.409272 189.098151 0.572518 -0.173210 0.782396 -0.173429
1377.000000000 27.385528 16.430570 189.063521 0.572481 -0.172778 0.782467 -0.173664
1377.100000000 27.262874 16.434469 189.010764 0.572592 -0.173095 0.782375 -0.173394
1377.200000000 27.112587 16.436882 188.953557 0.572167 -0.172462 0.782733 -0.173812
1377.300000000 27.059572 16.450167 188.933379 0.572124 -0.173519 0.782724 -0.172940
1377.400000000 26.995744 16.471253 188.913481 0.572121 -0.173635 0.782727 -0.172821
1377.900000000 26.481736 16.515499 188.755107 0.571679 -0.173230 0.783103 -0.172986
1378.000000000 26.354009 16.519584 188.717199 0.571659 -0.173228 0.783126 -0.172950
1378.300000000 26.023301 16.539186 188.637377 0.571899 -0.173336 0.782958 -0.172807
1378.800000000 25.459962 16.555577 188.530860 0.571686 -0.173139 0.783102 -0.173059
1379.000000000 25.239367 16.558170 188.496302 0.572336 -0.175205 0.782532 -0.171400
1379.100000000 25.139133 16.565958 188.489604 0.572680 -0.176574 0.782205 -0.170338
1379.200000000 25.046116 16.562113 188.477724 0.572819 -0.176614 0.782103 -0.170297
1379.700000000 24.516174 16.578860 188.443863 0.573074 -0.177189 0.781877 -0.169880
1379.800000000 24.353167 16.559292 188.413076 0.572896 -0.176961 0.782046 -0.169939
1381.000000000 22.887828 16.637448 188.387484 0.574240 -0.181821 0.780833 -0.165800
1381.100000000 22.000737 21.423369 187.709950 0.548082 -0.175327 0.797498 -0.181283
1381.200000000 21.890259 21.424709 187.706449 0.548441 -0.176552 0.797178 -0.180414
1381.300000000 21.775715 21.414550 187.693338 0.548749 -0.177069 0.796921 -0.180106
1381.500000000 21.464259 21.400239 187.645261 0.547843 -0.175826 0.797636 -0.180915
1381.800000000 21.058971 21.384142 187.587897 0.548050 -0.176372 0.797498 -0.180364
1381.900000000 20.984501 21.388794 187.599796 0.548295 -0.176831 0.797304 -0.180026
1382.100000000 20.656262 21.364126 187.539789 0.547556 -0.175747 0.797906 -0.180672
1382.300000000 20.437470 21.364414 187.526500 0.547582 -0.175132 0.797955 -0.180973
1382.400000000 20.313571 21.365986 187.515190 0.547480 -0.175383 0.798000 -0.180839
1382.600000000 20.063389 21.366978 187.486037 0.547914 -0.174411 0.797784 -0.181414
1382.700000000 19.876634 21.350149 187.438144 0.548413 -0.176109 0.797340 -0.180217
1382.800000000 19.787422 21.366860 187.448499 0.548984 -0.176500 0.796936 -0.179881
1383.400000000 18.947415 21.344202 187.345817 0.548545 -0.172896 0.797512 -0.182153
1383.600000000 18.605228 21.315361 187.277935 0.549354 -0.175698 0.796790 -0.180182
1383.700000000 18.469258 21.312808 187.277493 0.547897 -0.171148 0.798057 -0.183363
1383.800000000 18.323335 21.308363 187.260162 0.547552 -0.168300 0.798446 -0.185328
1384.000000000 17.989949 21.275359 187.207928 0.547292 -0.165813 0.798793 -0.186835
1384.100000000 17.871561 21.265250 187.206818 0.547586 -0.165765 0.798592 -0.186876
1384.200000000 17.770738 21.247568 187.217472 0.548103 -0.169328 0.798080 -0.184334
1384.600000000 17.260200 21.205077 187.232716 0.549483 -0.172364 0.797013 -0.182016
1384.700000000 17.068281 21.175569 187.208002 0.548379 -0.169378 0.797940 -0.184075
1384.900000000 16.816758 21.147055 187.234658 0.549682 -0.172987 0.796887 -0.181375
1386.100000000 15.256313 20.929228 187.486705 0.555560 -0.191811 0.791441 -0.167878
1386.200000000 14.967926 20.890298 187.439142 0.553302 -0.180849 0.793985 -0.175324
1386.400000000 7.549057 24.497333 186.370885 0.528775 -0.158679 0.805066 -0.216993
1386.600000000 7.239825 24.424740 186.376837 0.528774 -0.158450 0.805135 -0.216907
1386.700000000 7.089052 24.390810 186.379732 0.529192 -0.158909 0.804882 -0.216491
1386.800000000 6.937085 24.355490 186.385862 0.529469 -0.159215 0.804739 -0.216120
1386.900000000 6.775365 24.322112 186.389215 0.528682 -0.158081 0.805333 -0.216667
1387.100000000 6.501388 24.254074 186.410598 0.529968 -0.162251 0.804445 -0.213720
1387.500000000 5.845975 24.121596 186.390408 0.529755 -0.157526 0.804786 -0.216484
1387.700000000 5.559019 24.060978 186.386087 0.523631 -0.160856 0.808842 -0.213803
1388.400000000 4.635163 23.931412 186.301614 0.521072 -0.161349 0.810630 -0.212906
1388.600000000 4.392401 23.914520 186.251638 0.521542 -0.160015 0.810475 -0.213353
1388.700000000 4.347940 23.899692 186.253066 0.522275 -0.164673 0.809840 -0.210405
1388.800000000 4.217213 23.903029 186.217253 0.521757 -0.161438 0.810306 -0.212395
1388.900000000 4.035751 23.896356 186.147604 0.521173 -0.157751 0.810808 -0.214672
1389.000000000 4.032389 23.905248 186.168977 0.521088 -0.160179 0.810808 -0.213074
1389.300000000 3.866049 23.922860 186.115302 0.522848 -0.163752 0.809651 -0.210428
1389.400000000 3.757611 23.928523 186.060781 0.523836 -0.163118 0.809064 -0.210720
1389.500000000 3.670953 23.918897 186.003937 0.524813 -0.164954 0.808368 -0.209532
1389.600000000 3.478595 23.945538 185.924930 0.522515 -0.158212 0.810071 -0.213851
1389.800000000 3.276099 23.963634 185.805878 0.522306 -0.156454 0.810344 -0.214618
1390.100000000 3.062344 24.027284 185.662076 0.521493 -0.154462 0.810886 -0.215986
1390.200000000 3.013048 24.040922 185.607688 0.522761 -0.156107 0.810109 -0.214650
1390.300000000 2.936701 24.073488 185.554932 0.521824 -0.154627 0.810656 -0.215931
1390.600000000 2.789546 24.154579 185.386095 0.523575 -0.155456 0.809580 -0.215133
1390.700000000 2.811375 24.233374 185.390493 0.523035 -0.154291 0.809961 -0.215849
1390.800000000 2.794562 24.275272 185.344229 0.524540 -0.155334 0.808972 -0.215160
1390.900000000 2.744899 24.307253 185.286512 0.523846 -0.154598 0.809463 -0.215533
1391.200000000 2.683308 24.455594 185.150272 0.523608 -0.151867 0.809625 -0.217436
1391.300000000 2.624990 24.469806 185.066191 0.523007 -0.153341 0.809980 -0.216524
1391.400000000 2.575128 24.486157 184.979565 0.523717 -0.154669 0.809513 -0.215610
1391.500000000 2.531765 24.522504 184.907909 0.523977 -0.154213 0.809433 -0.215602
1391.600000000 2.497517 24.564355 184.844598 0.523865 -0.153957 0.809473 -0.215905
1391.800000000 2.448517 24.645379 184.713888 0.531323 -0.151899 0.804646 -0.217183
1392.000000000 2.410036 24.739156 184.601937 0.536598 -0.149348 0.801120 -0.219008
1392.100000000 2.379575 24.778037 184.545318 0.536673 -0.148754 0.801066 -0.219425
1392.200000000 2.341340 24.806976 184.479408 0.536669 -0.150430 0.801004 -0.218520
1392.500000000 2.308656 24.962872 184.366165 0.536232 -0.149901 0.801429 -0.218393
1392.600000000 2.205812 24.983143 184.277951 0.535782 -0.148723 0.801779 -0.219019
1392.700000000 2.103555 24.976632 184.179335 0.535764 -0.149163 0.801791 -0.218720
1392.800000000 1.967112 24.963867 184.065983 0.535158 -0.149499 0.802238 -0.218335
1393.000000000 -6.109572 31.205276 181.956863 0.508810 -0.118472 0.814018 -0.253873
1393.500000000 -6.201972 31.392740 181.843685 0.509666 -0.121119 0.813711 -0.251883
1393.700000000 -6.269448 31.459570 181.800983 0.510221 -0.122188 0.813447 -0.251096
1393.800000000 -6.358093 31.462847 181.725750 0.512101 -0.124228 0.812418 -0.249593
1393.900000000 -6.402239 31.474041 181.689139 0.513056 -0.126162 0.811880 -0.248412
1394.000000000 -6.435258 31.518404 181.685041 0.512895 -0.124878 0.811990 -0.249032
1394.400000000 -6.143017 31.813612 181.969292 0.516343 -0.129407 0.809860 -0.246516
1394.700000000 -5.879287 32.033901 182.213358 0.521054 -0.127908 0.806861 -0.247220
1395.000000000 -6.021493 32.677650 182.525776 0.440776 0.145715 0.791852 -0.396805
1395.100000000 -6.040778 32.529716 182.443803 0.441493 0.140313 0.793458 -0.394741
1395.200000000 -6.094799 32.501346 182.420232 0.442927 0.136977 0.794044 -0.393124
1395.500000000 -6.313958 32.361663 182.288988 0.442370 0.141526 0.792532 -0.395187
1395.600000000 -6.375126 32.298124 182.248147 0.444798 0.134832 0.793670 -0.392507
1395.900000000 -6.551689 32.052353 182.091856 0.444609 0.138392 0.792272 -0.394305
1396.100000000 -15.785629 37.095014 179.473324 0.410988 0.170391 0.790255 -0.421369
1396.400000000 -16.040063 37.103236 179.500126 0.408761 0.171611 0.790050 -0.423420
1396.700000000 -16.257120 37.290286 179.730006 0.401562 0.165411 0.794263 -0.424893
1396.800000000 -16.300309 37.327484 179.811184 0.400909 0.159658 0.796182 -0.424118
1396.900000000 -16.354723 37.342344 179.867567 0.398756 0.157390 0.797489 -0.424540
1397.000000000 -16.427086 37.350348 179.893437 0.397949 0.154335 0.798904 -0.423757
1397.600000000 -16.390716 38.032659 180.922853 0.360379 0.172586 0.804482 -0.439487
1397.900000000 -16.557669 38.384806 181.197994 0.377447 0.166619 0.803395 -0.429334
1398.200000000 -17.027337 39.041216 181.656766 0.379415 0.151408 0.809447 -0.421801
1398.500000000 -17.753844 40.200900 182.430263 0.312146 0.245176 0.796838 -0.455525
1398.700000000 -18.206506 41.166033 183.120217 0.291464 0.234333 0.804460 -0.461500
1398.800000000 -25.623914 36.919465 181.748343 0.272355 0.272996 0.781821 -0.489950
1399.100000000 -25.662671 37.797008 182.737525 -0.041054 -0.498529 -0.631525 0.592419
1400.100000000 -26.188428 40.052170 183.987195 0.263405 -0.797131 -0.141657 0.524531
1400.600000000 -25.579936 40.231995 184.413371 0.251840 -0.797058 -0.158975 0.525359
1400.700000000 -25.559003 40.316249 184.504060 0.252332 -0.800401 -0.157902 0.520340
1401.000000000 -25.449041 40.710679 184.828521 0.246271 -0.802963 -0.166036 0.516752
1401.100000000 -25.217309 40.844848 184.969516 0.244585 -0.800796 -0.168092 0.520240
1401.200000000 -25.139185 40.962303 185.087263 0.244260 -0.802539 -0.168175 0.517673
1401.300000000 -25.147477 41.222913 185.263999 0.259824 -0.807929 -0.143949 0.508942
1401.600000000 -24.976517 41.572962 185.499237 0.258741 -0.803766 -0.149944 0.514324
1401.800000000 -25.088965 42.042479 185.779088 0.246641 -0.795393 -0.181538 0.523033
1402.300000000 -24.879903 43.455315 187.010768 0.217348 -0.784610 -0.231616 0.532448
1402.500000000 -24.872051 43.671786 187.068756 0.203601 -0.771764 -0.252360 0.547029
1403.100000000 -24.714048 44.226910 187.218273 0.259869 -0.800955 -0.158759 0.515495
1403.700000000 -24.590754 44.779880 187.590418 -0.315050 0.817876 0.061908 -0.477482
1403.900000000 -24.566776 44.846776 187.599628 -0.315417 0.819328 0.060351 -0.474944
1404.000000000 -24.572260 44.892289 187.617787 -0.314150 0.823258 0.061864 -0.468753
1404.400000000 -23.989629 45.074989 187.901957 -0.314131 0.816198 0.060665 -0.481105
1404.500000000 -24.011424 45.058502 187.910289 -0.313295 0.814937 0.063202 -0.483456
1404.600000000 -24.016495 45.058184 187.918349 -0.313574 0.815651 0.062973 -0.482099
1404.900000000 -23.626873 45.091016 188.045650 -0.311573 0.813734 0.065727 -0.486250
1405.000000000 -23.640083 45.075242 188.042916 -0.311207 0.814819 0.066640 -0.484540
1405.100000000 -23.657465 45.057215 188.045155 -0.310402 0.814926 0.068620 -0.484600
1405.800000000 -23.965279 44.491216 187.552917 0.255015 -0.797835 -0.165470 0.520620
1406.000000000 -24.148261 44.335388 187.400055 0.232489 -0.793749 -0.197767 0.526117
1406.100000000 -24.269923 44.148823 187.191228 0.254325 -0.803744 -0.162824 0.512644
1406.400000000 -24.252862 44.207958 187.231640 -0.268318 0.815950 0.130100 -0.495282
1406.500000000 -24.228766 43.987402 187.094682 -0.265327 0.815580 0.135460 -0.496066
1406.800000000 -23.585338 43.826943 187.450948 -0.327073 0.849983 0.064263 -0.407949
1407.000000000 -30.816623 39.541792 185.522879 -0.390203 0.833412 -0.036467 -0.389661
1408.200000000 -29.724537 39.920313 186.820308 -0.481509 0.800300 -0.220530 -0.281131
1408.300000000 -29.629188 39.770294 186.789460 -0.480618 0.801338 -0.217339 -0.282184
1408.900000000 -28.157815 38.727815 186.682846 -0.475304 0.802449 -0.215952 -0.289008
1409.100000000 -27.992909 38.444980 186.625684 -0.477554 0.804579 -0.211524 -0.282581
1409.400000000 -28.215034 38.633026 186.773400 -0.504846 0.774002 -0.285869 -0.253634
1409.600000000 -29.063171 38.874913 186.676977 -0.518363 0.766457 -0.301543 -0.230031
1409.700000000 -29.563403 38.981436 186.470026 -0.514577 0.767738 -0.295680 -0.241585
1409.800000000 -29.798946 38.974125 186.361449 -0.513785 0.770442 -0.287481 -0.244540
1410.000000000 -29.802565 38.821292 186.253932 -0.472943 0.818149 -0.159552 -0.285483
1410.400000000 -29.696549 38.893694 186.361544 -0.481219 0.814782 -0.170459 -0.274778
1410.500000000 -29.840527 39.091956 186.397191 -0.521010 0.769722 -0.287992 -0.230517
1410.700000000 -29.975328 39.035354 186.235070 -0.515504 0.774985 -0.275074 -0.240808
1410.900000000 -29.854136 39.099243 186.250308 -0.464386 0.818694 -0.150777 -0.302246
1411.100000000 -38.675010 35.606141 183.454174 -0.517638 0.767889 -0.303283 -0.224537
1411.300000000 -38.754936 35.572293 183.309052 -0.513310 0.767085 -0.306602 -0.232571
1411.500000000 -38.856232 35.717368 183.283541 -0.470232 0.811586 -0.187201 -0.291833
1411.600000000 -38.676975 36.073519 183.679653 -0.516531 0.772081 -0.294286 -0.224682
1411.900000000 -38.459903 35.929013 183.558700 -0.519608 0.770558 -0.296632 -0.219673
1412.000000000 -38.428355 35.742960 183.372514 -0.476136 0.811841 -0.188208 -0.280688
1412.400000000 -38.266689 35.615584 183.260696 -0.480733 0.806073 -0.201663 -0.280133
1413.000000000 -38.322595 35.404407 182.934113 -0.524401 0.762763 -0.309918 -0.217134
1413.100000000 -38.256045 35.385162 182.907330 -0.483009 0.806959 -0.198622 -0.275805
1413.700000000 -38.170452 35.713102 182.991247 -0.470325 0.827001 -0.147954 -0.270135
1413.800000000 -38.238286 35.755040 183.007524 -0.468704 0.826342 -0.146952 -0.275467
1413.900000000 -38.226755 35.771130 183.024875 -0.473492 0.822126 -0.159929 -0.272648
1414.300000000 -46.967627 34.555049 179.123106 -0.330628 0.856840 0.024004 -0.394884
1414.500000000 -47.467525 33.673127 178.597903 -0.304572 0.829051 0.047218 -0.466563
1414.600000000 -48.294645 33.603804 178.140045 0.158695 -0.785903 -0.279682 0.528157
1414.700000000 -47.854022 33.637004 178.448179 -0.295033 0.823896 0.064448 -0.479581
1415.000000000 -48.498206 33.951867 178.440724 -0.296204 0.821174 0.062899 -0.483715
1415.200000000 -48.361152 33.732189 178.337395 0.170995 -0.779616 -0.267882 0.539629
1415.400000000 -49.009316 34.000642 178.239289 0.173086 -0.779451 -0.266669 0.539800
1416.000000000 -48.245681 33.011161 177.899682 -0.328067 0.821780 0.017291 -0.465566
1416.200000000 -48.420714 33.012088 177.867994 -0.349058 0.819681 -0.018443 -0.453809
1416.400000000 -47.936473 32.980805 178.069958 -0.333569 0.819447 0.014795 -0.465853
1416.500000000 -48.047851 32.922358 177.997425 -0.334669 0.818282 0.013440 -0.467152
1416.700000000 -48.122159 33.003739 177.987701 -0.319881 0.817226 0.044840 -0.477291
1416.900000000 -47.955494 33.176468 178.177296 -0.319590 0.817621 0.046714 -0.476630
1417.000000000 -47.816585 33.212477 178.264441 -0.335504 0.818598 0.020314 -0.465750
1417.100000000 -48.967983 32.845517 177.429831 -0.292121 0.809806 0.096240 -0.499617
1417.200000000 -48.974970 33.084854 177.507736 0.186237 -0.777437 -0.264790 0.539252
1417.300000000 -48.648069 33.038350 177.647763 -0.296678 0.811315 0.089597 -0.495703
1417.400000000 -58.591858 33.635558 172.397606 0.100695 -0.759874 -0.378671 0.518710
1417.600000000 -58.217119 33.761863 172.666813 0.173208 -0.796948 -0.276590 0.508302
1417.800000000 -57.807598 33.862669 172.856922 0.178688 -0.800150 -0.270649 0.504559
1418.000000000 -57.055186 33.520362 172.855680 0.125088 -0.776046 -0.347193 0.511431
1418.100000000 -56.818678 33.566026 172.984958 0.126364 -0.775131 -0.346818 0.512758
1418.200000000 -56.451481 33.623179 173.177795 0.120354 -0.771908 -0.355544 0.513090
1418.500000000 -56.281901 33.242427 173.012414 0.009716 -0.672718 -0.513731 0.532388
1418.800000000 -55.747362 33.249086 173.216795 -0.062806 -0.582485 -0.608795 0.534916
1419.200000000 -55.240850 33.985830 173.749012 -0.184230 -0.406950 -0.740974 0.501407
1419.300000000 -64.171656 34.101267 167.882513 0.200188 0.369339 0.772742 -0.475797
1419.400000000 -64.021657 34.137320 167.941747 0.198784 0.365367 0.774629 -0.476385
1419.500000000 -64.253317 34.377248 167.869862 0.196176 0.372039 0.771762 -0.476955
1419.600000000 -64.144579 34.499211 167.926727 0.200707 0.368327 0.773656 -0.474877
1419.800000000 -64.256262 34.771023 167.855510 0.199274 0.369498 0.773392 -0.475000
1420.100000000 -64.060269 34.946987 167.815388 0.209942 0.351589 0.782322 -0.469342
1420.300000000 -63.826838 34.648364 167.534684 0.252893 0.276716 0.814645 -0.442524
1420.400000000 -63.999505 35.284057 167.848020 0.216042 0.340621 0.788090 -0.464992
1420.500000000 -64.011774 35.427797 167.876339 0.209361 0.349427 0.783625 -0.469042
1420.800000000 -63.816209 35.477658 167.709122 0.221384 0.332712 0.792554 -0.460596
1420.900000000 -63.829338 35.713618 167.739180 0.236148 0.312975 0.801262 -0.451950
1421.100000000 -63.763129 35.930648 167.777735 0.241771 0.302545 0.805971 -0.447687
1421.200000000 -63.728742 36.065755 167.818225 0.241672 0.304195 0.805584 -0.447319
1421.300000000 -63.694883 36.212883 167.866006 0.245080 0.301000 0.806720 -0.445576
1421.700000000 -68.447400 34.653883 162.986226 0.295450 0.175126 0.850833 -0.397647
1421.900000000 -68.282926 34.766686 163.049794 0.286889 0.205326 0.842093 -0.407940
1422.100000000 -68.168229 34.936210 163.159926 0.283620 0.218380 0.838145 -0.411561
1422.300000000 -68.071689 35.122007 163.300004 0.284115 0.220962 0.837203 -0.411760
1422.800000000 -67.790851 35.520217 163.681568 0.290716 0.218217 0.837118 -0.408778
1423.000000000 -67.722297 35.667720 163.839825 0.292258 0.218658 0.836716 -0.408266
1423.100000000 -67.682889 35.733239 163.906786 0.293724 0.218709 0.836508 -0.407612
1423.400000000 -67.566974 35.942759 164.132177 0.299238 0.218207 0.835516 -0.405900
1423.600000000 -67.474651 36.069944 164.303831 0.301662 0.218450 0.834762 -0.405527
1423.700000000 -67.428908 36.135387 164.391437 0.303764 0.217616 0.834732 -0.404467
1424.700000000 -66.900679 36.847425 165.446918 0.323133 0.200550 0.836817 -0.393830
1425.000000000 -66.754004 36.925434 165.659209 0.321082 0.208615 0.834244 -0.396765
1425.400000000 -66.540850 37.184260 166.099303 0.324545 0.204024 0.834901 -0.394948
1425.800000000 -66.329747 37.366080 166.485994 0.323502 0.207138 0.833926 -0.396243
1426.100000000 -66.173853 37.414725 166.673522 0.322573 0.215372 0.831161 -0.398412
1427.200000000 -65.623797 37.388172 167.246283 0.336450 0.186030 0.837514 -0.388283
1427.300000000 -65.587166 37.461913 167.352789 0.336852 0.182409 0.838566 -0.387382
1427.500000000 -65.472712 37.563384 167.515753 0.337638 0.185090 0.837427 -0.387889
1427.700000000 -65.312008 37.802049 167.823162 0.339397 0.182125 0.838037 -0.386437
1427.800000000 -65.299128 37.723992 167.786526 0.336770 0.187589 0.836871 -0.388642
1428.000000000 -65.159610 37.838062 167.981812 0.334918 0.190049 0.836376 -0.390111
1428.100000000 -65.097269 37.912042 168.092362 0.335200 0.190265 0.836198 -0.390145
1428.200000000 -64.430943 39.216445 165.393735 0.364027 0.126994 0.839198 -0.383541
1428.400000000 -64.296640 39.320510 165.577481 0.364050 0.125168 0.839686 -0.383052
1429.100000000 -63.957970 38.914240 165.446953 0.344835 0.167941 0.831696 -0.401455
1429.200000000 -63.909145 38.972902 165.572488 0.344105 0.166310 0.832347 -0.401411
1429.600000000 -63.679239 38.521837 165.366336 0.358400 0.126200 0.840309 -0.386658
1429.700000000 -63.656518 38.557510 165.397665 0.358727 0.127096 0.840020 -0.386688
1429.900000000 -63.472019 38.599844 165.541785 0.355504 0.132800 0.839299 -0.389304
1430.000000000 -63.399512 38.606568 165.596084 0.354847 0.133275 0.839297 -0.389746
1430.100000000 -63.322463 38.596102 165.635335 0.351186 0.139774 0.838404 -0.392696
1430.300000000 -63.174301 38.670953 165.766476 0.350470 0.141855 0.837971 -0.393514
1430.600000000 -62.965395 38.705326 165.948480 0.343827 0.147865 0.837809 -0.397487
1430.800000000 -62.835852 38.977430 166.230298 0.346609 0.144370 0.838045 -0.395854
1430.900000000 -62.795155 38.962226 166.231121 0.344886 0.148101 0.837419 -0.397303
1431.000000000 -62.746527 39.038489 166.318395 0.344738 0.147494 0.837682 -0.397101
1431.100000000 -62.679693 39.100953 166.401006 0.343958 0.149058 0.837476 -0.397628
1431.400000000 -62.529540 39.277632 166.624457 0.342105 0.150473 0.837492 -0.398660
1431.700000000 -62.369907 39.538185 166.932575 0.339999 0.149622 0.838258 -0.399172
1431.800000000 -62.303924 39.645607 167.039061 0.341094 0.148743 0.838301 -0.398475
1431.900000000 -62.267200 39.657600 167.057773 0.339937 0.151869 0.837671 -0.399607
1432.000000000 -62.220737 39.689127 167.111671 0.338860 0.151940 0.837950 -0.399909
1432.300000000 -62.043093 39.918404 167.404217 0.336382 0.151436 0.838714 -0.400590
1432.500000000 -61.928146 40.097853 167.609925 0.335674 0.149739 0.839407 -0.400371
1432.700000000 -61.845270 40.206553 167.737341 0.334702 0.151212 0.839340 -0.400771
1432.900000000 -61.716624 40.427779 167.991561 0.335315 0.147004 0.840393 -0.399617
1433.000000000 -61.666957 40.456197 168.029985 0.334856 0.148186 0.840275 -0.399812
1433.100000000 -61.645425 40.399835 167.973696 0.333361 0.153839 0.838922 -0.401763
1433.200000000 -61.595902 40.471393 168.060333 0.332918 0.152715 0.839410 -0.401541
1433.300000000 -61.501396 40.708412 168.293998 0.336475 0.147387 0.840344 -0.398602
1433.800000000 -61.327750 40.543097 168.242665 0.341157 0.134027 0.843125 -0.393432
1433.900000000 -57.291408 40.927837 166.376513 0.377792 0.070996 0.837177 -0.389061
1434.400000000 -57.025710 41.397074 166.975209 0.378943 0.069872 0.837497 -0.387451
1434.500000000 -56.975197 41.387949 167.020965 0.378191 0.068532 0.838097 -0.387128
1434.600000000 -56.936650 41.372949 167.056119 0.378094 0.067134 0.838486 -0.386625
1434.700000000 -56.898589 41.370329 167.097212 0.378579 0.066485 0.838539 -0.386147
1435.000000000 -56.765221 41.357523 167.256700 0.379709 0.060684 0.839622 -0.383633
1435.600000000 -56.488957 41.506287 167.787659 0.385028 0.060285 0.838536 -0.380758
1435.800000000 -56.375615 41.561958 168.013128 0.387930 0.056187 0.838750 -0.377957
1436.000000000 -56.289793 41.666430 168.251173 0.389805 0.063284 0.836960 -0.378875
1436.200000000 -56.202339 41.731594 168.476085 0.395291 0.059155 0.836063 -0.375825
1437.100000000 -56.030318 42.228152 169.781745 0.410639 0.033406 0.836923 -0.360304
1437.300000000 -55.722607 42.046803 169.995188 0.401931 0.058970 0.834852 -0.371477
1437.400000000 -55.620971 42.068413 170.192399 0.399650 0.060318 0.835335 -0.372634
1437.800000000 -55.460004 42.162133 170.768531 0.403235 0.056399 0.835287 -0.369482
1437.900000000 -55.411390 42.176719 170.917762 0.403282 0.056248 0.835282 -0.369464
1438.400000000 -56.186143 42.903194 171.592582 0.401286 0.059460 0.835342 -0.370995
1438.700000000 -55.978344 42.899508 172.027689 0.399488 0.061981 0.835709 -0.371696
1438.900000000 -55.873589 42.921529 172.295240 0.399706 0.063813 0.835419 -0.371802
1439.000000000 -55.818829 42.935271 172.464334 0.398524 0.062394 0.836235 -0.371479
1439.200000000 -55.611971 42.927607 172.730975 0.402352 0.063048 0.834569 -0.370988
1440.200000000 -54.961792 43.129417 173.957281 0.415869 0.072917 0.827806 -0.369423
1440.300000000 -54.913144 43.146857 174.134057 0.406642 0.069082 0.831910 -0.371209
1440.600000000 -54.737221 43.290571 174.475378 0.405016 0.067274 0.833368 -0.370046
1440.700000000 -49.848426 42.603689 172.868847 0.444803 0.003692 0.818170 -0.364328
1440.900000000 -49.649707 42.666369 173.047492 0.444155 0.003851 0.818557 -0.364248
1441.400000000 -49.266415 42.792855 173.335154 0.441171 0.002838 0.820307 -0.363946
1441.700000000 -49.029965 42.878386 173.469458 0.435669 0.003683 0.822448 -0.365731
1441.800000000 -49.007975 42.949065 173.513569 0.434365 0.004272 0.822850 -0.366369
1441.900000000 -48.854956 43.010121 173.614166 0.434353 0.000958 0.823369 -0.365241
1442.000000000 -48.777589 43.028937 173.624859 0.433955 0.001085 0.823550 -0.365303
1442.500000000 -48.438172 43.257286 173.772902 0.428663 -0.001155 0.826094 -0.365809
1442.700000000 -48.274069 43.344373 173.788676 0.428656 -0.000316 0.826004 -0.366021
1442.900000000 -48.151378 43.446086 173.800287 0.427519 0.000504 0.826349 -0.366570
1443.000000000 -48.045219 43.456032 173.801444 0.426551 0.000807 0.826704 -0.366897
1443.300000000 -47.857349 43.611639 173.825715 0.421886 -0.001859 0.829038 -0.367020
1443.600000000 -47.661390 43.801934 173.820229 0.414017 -0.005925 0.833328 -0.366222
1444.100000000 -47.313449 44.011171 173.859608 0.410987 -0.004803 0.834115 -0.367858
1444.300000000 -47.122921 44.117161 173.923066 0.411563 -0.007539 0.834441 -0.366426
1444.400000000 -47.038516 44.146558 173.967164 0.408625 -0.008018 0.835855 -0.366479
1444.900000000 -46.547363 44.322738 174.168682 0.402464 -0.011567 0.838746 -0.366597
1445.000000000 -46.578532 44.385471 174.189244 0.399116 -0.009652 0.839548 -0.368472
1445.200000000 -46.346807 44.419341 174.229159 0.400724 -0.010573 0.839235 -0.367414
1445.300000000 -46.319319 44.518529 174.298925 0.399884 -0.011405 0.839732 -0.367168
1445.800000000 -45.936095 44.770735 174.539623 0.397611 -0.013833 0.840825 -0.367054
1445.900000000 -45.819064 44.765589 174.566860 0.396373 -0.013727 0.841221 -0.367489
1446.000000000 -45.798020 44.864489 174.623802 0.397521 -0.015790 0.841123 -0.366386
1446.100000000 -45.714433 44.929394 174.685071 0.396801 -0.015926 0.841463 -0.366383
1446.200000000 -41.440024 43.408256 172.650227 0.436765 -0.083989 0.821932 -0.355824
1446.300000000 -41.270015 43.427227 172.726434 0.436852 -0.087617 0.822201 -0.354217
1446.700000000 -40.884963 43.544981 172.873541 0.433978 -0.086460 0.823243 -0.355611
1446.800000000 -40.808251 43.622550 172.962671 0.432658 -0.087960 0.823939 -0.355238
1446.900000000 -40.692739 43.667860 173.025083 0.432307 -0.090006 0.824467 -0.353926
1447.100000000 -40.440750 43.702146 173.080385 0.433572 -0.089784 0.823851 -0.353869
1447.300000000 -40.258446 43.771527 173.168868 0.431238 -0.089888 0.824750 -0.354599
1447.400000000 -40.165344 43.827867 173.234384 0.430531 -0.090781 0.825055 -0.354524
1447.500000000 -40.064522 43.903563 173.313638 0.430422 -0.091711 0.825224 -0.354023
1447.600000000 -39.913633 43.892397 173.340047 0.430511 -0.093876 0.825444 -0.352831
1447.700000000 -39.820708 43.950247 173.380129 0.430861 -0.093375 0.825156 -0.353211
1447.900000000 -39.652784 44.038163 173.440766 0.429359 -0.091297 0.825461 -0.354866
1448.000000000 -39.526547 44.080047 173.513456 0.428521 -0.093369 0.826046 -0.353977
1448.100000000 -39.404221 44.122704 173.550833 0.428862 -0.094111 0.825900 -0.353710
1448.700000000 -38.753168 44.414308 173.826013 0.428067 -0.096708 0.826379 -0.352852
1448.800000000 -38.617037 44.460931 173.897394 0.426794 -0.096606 0.826927 -0.353138
1449.100000000 -38.278376 44.598319 174.011090 0.426905 -0.098250 0.827032 -0.352303
1449.800000000 -37.584606 44.860674 174.223966 0.424752 -0.096619 0.827607 -0.354001
1450.000000000 -37.361197 44.949529 174.326422 0.423711 -0.097856 0.828151 -0.353638
1450.600000000 -36.647749 45.203959 174.591885 0.422664 -0.097299 0.828628 -0.353926
1450.700000000 -36.554227 45.240360 174.632736 0.422917 -0.098802 0.828673 -0.353101
1451.000000000 -36.160337 45.398447 174.851290 0.422669 -0.099538 0.828716 -0.353091
1451.100000000 -36.168289 45.332979 174.719860 0.422563 -0.098352 0.828753 -0.353464
1451.600000000 -35.541925 45.625017 175.126452 0.422934 -0.099299 0.828535 -0.353265
1451.800000000 -32.515782 43.192645 174.623509 0.463437 -0.169472 0.799278 -0.343016
1452.100000000 -32.079981 43.315493 174.847830 0.462631 -0.168856 0.799602 -0.343651
1452.600000000 -31.359600 43.467401 175.196580 0.464569 -0.170579 0.798602 -0.342510
1453.000000000 -31.063856 43.439894 175.221873 0.465118 -0.172382 0.798362 -0.341420
1453.100000000 -30.938474 43.458824 175.284475 0.465076 -0.171939 0.798414 -0.341579
1453.200000000 -30.906828 43.434404 175.258136 0.465227 -0.172049 0.798350 -0.341468
1453.600000000 -30.376378 43.508400 175.545570 0.466442 -0.173122 0.797667 -0.340864
1454.100000000 -29.873855 43.577890 175.847813 0.465933 -0.170734 0.797914 -0.342182
1454.300000000 -29.691615 43.542131 175.897914 0.467192 -0.171660 0.797220 -0.341620
1454.400000000 -29.549348 43.584076 176.021075 0.466910 -0.170930 0.797332 -0.342110
1454.600000000 -29.313865 43.595522 176.169111 0.467261 -0.171578 0.797186 -0.341647
1454.700000000 -29.116744 43.603944 176.289421 0.467513 -0.173055 0.797072 -0.340821
1454.900000000 -28.947777 43.597372 176.387840 0.467617 -0.172173 0.797005 -0.341282
1455.000000000 -28.876787 43.584753 176.426524 0.467727 -0.172051 0.796943 -0.341339
1455.700000000 -28.158584 43.546716 176.875790 0.469146 -0.172159 0.796174 -0.341131
1455.800000000 -28.060979 43.573983 176.977569 0.468788 -0.170824 0.796311 -0.341973
1455.900000000 -27.950602 43.586560 177.076616 0.468289 -0.170307 0.796566 -0.342322
1456.800000000 -26.992718 43.432097 177.714400 0.469922 -0.173282 0.795809 -0.340344
1456.900000000 -26.861293 43.453473 177.854569 0.469443 -0.172043 0.796022 -0.341136
1457.000000000 -26.736470 43.472927 177.987931 0.469135 -0.171029 0.796118 -0.341846
1457.700000000 -26.079650 43.236069 178.526095 0.470159 -0.172971 0.795632 -0.340590
1457.800000000 -26.003348 43.209780 178.618716 0.470178 -0.172652 0.795596 -0.340808
1457.900000000 -25.896374 43.217546 178.759912 0.469897 -0.171584 0.795612 -0.341698
1458.000000000 -25.839819 43.156268 178.813614 0.469596 -0.171546 0.795829 -0.341625
1458.300000000 -25.517756 43.047765 179.130532 0.470061 -0.172196 0.795600 -0.341191
1458.500000000 -25.279972 42.980256 179.361558 0.471204 -0.173365 0.794980 -0.340468
1458.600000000 -25.189787 42.965563 179.484108 0.470731 -0.171660 0.795130 -0.341634
1458.700000000 -25.106239 42.914833 179.579949 0.470548 -0.171986 0.795209 -0.341537
1459.500000000 -24.364595 42.549486 180.443330 0.469659 -0.172924 0.795709 -0.341123
1459.700000000 -20.289399 38.209958 180.065647 0.502296 -0.245105 0.759950 -0.331809
1460.000000000 -19.977328 38.034482 180.340081 0.501688 -0.245075 0.760248 -0.332068
1460.200000000 -19.831772 37.900676 180.464862 0.502482 -0.245795 0.759637 -0.331737
1460.700000000 -19.498183 37.535358 180.762156 0.499542 -0.246693 0.761631 -0.330935
1460.900000000 -19.273986 37.429796 180.941055 0.499101 -0.246593 0.761816 -0.331250
1461.000000000 -19.164272 37.376843 181.024248 0.498977 -0.246181 0.761866 -0.331628
1461.100000000 -19.087180 37.301451 181.090378 0.497091 -0.246715 0.763242 -0.330899
1461.200000000 -18.959447 37.261599 181.182747 0.497927 -0.246315 0.762654 -0.331295
1461.300000000 -18.877459 37.198824 181.244013 0.497113 -0.246420 0.763197 -0.331189
1461.400000000 -18.728511 37.158754 181.355418 0.496610 -0.246464 0.763446 -0.331337
1461.500000000 -18.632229 37.110308 181.418585 0.498129 -0.245898 0.762693 -0.331213
1461.700000000 -18.387095 37.009432 181.590809 0.496226 -0.247273 0.763769 -0.330565
1461.800000000 -18.207732 36.980242 181.709179 0.497465 -0.249888 0.762861 -0.328827
1461.900000000 -18.225470 36.889452 181.700706 0.494191 -0.249081 0.764962 -0.329496
1462.400000000 -17.682062 36.673630 182.041320 0.492427 -0.249192 0.766134 -0.329328
1462.600000000 -17.322184 36.648257 182.258700 0.494135 -0.250540 0.764796 -0.328859
1462.800000000 -17.135525 36.543367 182.364852 0.488858 -0.253870 0.767781 -0.327232
1462.900000000 -17.026171 36.519267 182.417866 0.489582 -0.253029 0.767409 -0.327673
1463.100000000 -16.701718 36.484319 182.597241 0.489317 -0.255526 0.767105 -0.326840
1463.300000000 -16.438650 36.453845 182.723020 0.489971 -0.254814 0.766860 -0.326993
1464.300000000 -15.407818 36.265840 183.133023 0.475807 -0.256132 0.773867 -0.330353
1464.900000000 -14.405732 36.347384 183.499043 0.482820 -0.257305 0.769954 -0.328406
1465.000000000 -14.200482 36.384880 183.556505 0.490528 -0.257601 0.765895 -0.326235
1465.300000000 -13.721643 36.400160 183.726256 0.486300 -0.260084 0.768324 -0.324879
1465.400000000 -13.645775 36.379356 183.709175 0.486450 -0.260599 0.768554 -0.323696
1465.500000000 -13.170370 36.490470 183.986168 0.488824 -0.258259 0.767714 -0.323990
1466.000000000 -12.435643 36.520839 184.119795 0.490624 -0.265236 0.766214 -0.319146
1466.300000000 -12.070111 36.563804 184.158565 0.492670 -0.265022 0.765369 -0.318197
1466.400000000 -11.968929 36.587336 184.147215 0.494273 -0.264881 0.764226 -0.318575
1466.500000000 -11.790922 36.610210 184.197963 0.491189 -0.266760 0.765610 -0.318457
1467.100000000 -12.171026 36.461035 183.488860 0.474917 -0.266169 0.774656 -0.321740
1467.300000000 -11.824930 36.520128 183.511090 0.478729 -0.271926 0.772337 -0.316812
1467.500000000 -11.488502 36.609727 183.596334 0.474900 -0.268132 0.775159 -0.318909
1467.600000000 -11.312716 36.655962 183.600890 0.475934 -0.268535 0.774387 -0.318905
1467.700000000 -7.847187 30.067459 183.782049 0.505765 -0.334093 0.730365 -0.314881
1468.100000000 -7.886162 30.715254 184.223307 0.457952 -0.217351 0.765482 -0.396328
1468.200000000 -7.755384 30.773330 184.203516 0.456458 -0.215226 0.766311 -0.397605
1468.400000000 -7.504547 30.954350 184.244406 0.457331 -0.217762 0.766087 -0.395651
1468.500000000 -7.390958 31.034108 184.229768 0.457620 -0.216807 0.766015 -0.395980
1469.100000000 -7.823174 32.649155 185.339095 0.451994 -0.217708 0.768315 -0.397489
1469.200000000 -7.657039 32.738450 185.357103 0.450446 -0.217929 0.769231 -0.397352
1469.400000000 -7.367417 32.933954 185.352453 0.451342 -0.217964 0.768955 -0.396850
1469.600000000 -7.057458 33.129701 185.333733 0.451673 -0.215708 0.769027 -0.397567
1469.800000000 -6.752348 33.340037 185.335693 0.452200 -0.216378 0.768948 -0.396755
1470.200000000 -6.160276 33.729831 185.312155 0.451837 -0.217115 0.769784 -0.395142
1470.300000000 -6.014518 33.826701 185.313684 0.451348 -0.217438 0.770038 -0.395028
1470.900000000 -5.111667 34.423362 185.272638 0.452056 -0.215381 0.770254 -0.394924
1471.100000000 -4.760527 34.590588 185.341334 0.448692 -0.218525 0.772509 -0.392622
1471.200000000 -3.267124 24.590223 186.663889 0.473041 -0.286691 0.727894 -0.405229
1471.600000000 -2.795130 24.899300 186.475143 0.472351 -0.279736 0.728656 -0.409503
1471.900000000 -2.293423 25.153026 186.559019 0.471577 -0.282976 0.729698 -0.406301
1472.000000000 -2.119308 25.228986 186.570800 0.470689 -0.281000 0.730276 -0.407661
1472.100000000 -1.955997 25.290156 186.591568 0.470063 -0.282081 0.731034 -0.406276
1472.300000000 -1.749212 25.470428 186.589150 0.471952 -0.282188 0.729538 -0.406701
1472.500000000 -1.451865 25.582755 186.619825 0.471854 -0.283089 0.729866 -0.405598
1473.200000000 -0.404777 26.019844 186.844391 0.472407 -0.286639 0.730454 -0.401380
1474.300000000 0.883735 26.226769 187.032058 0.467512 -0.285100 0.734366 -0.401069
1474.400000000 0.991598 26.251113 187.070000 0.469820 -0.288063 0.733005 -0.398740
1474.500000000 1.067514 26.231358 187.057626 0.469172 -0.288234 0.733681 -0.398134
1474.600000000 1.174648 26.225682 187.089594 0.469229 -0.289586 0.733750 -0.396958
1474.700000000 1.340530 26.211028 187.155202 0.467231 -0.288125 0.735149 -0.397788
1475.100000000 1.746072 26.198717 187.304165 0.468610 -0.288022 0.734451 -0.397530
1475.300000000 1.988843 26.139894 187.392207 0.468808 -0.290065 0.734641 -0.395454
1475.400000000 2.185864 26.123191 187.533765 0.467295 -0.290204 0.735794 -0.394999
1475.700000000 2.385393 26.051671 187.609550 0.469987 -0.292819 0.733971 -0.393263
1475.800000000 2.606169 26.020789 187.753090 0.468540 -0.291964 0.735235 -0.393265
1476.300000000 3.041433 25.900776 188.089234 0.476785 -0.302727 0.729756 -0.385341
1476.500000000 3.265862 25.791698 188.253164 0.475245 -0.304943 0.731100 -0.382941
1476.600000000 3.406903 25.744279 188.350907 0.475430 -0.305941 0.731177 -0.381768
1476.700000000 9.957211 17.004640 189.489940 0.488862 -0.374997 0.682252 -0.393604
1476.800000000 10.090598 16.944549 189.544402 0.488827 -0.375923 0.682308 -0.392665
1477.500000000 11.056130 16.488485 189.992995 0.487277 -0.377617 0.684318 -0.389456
1477.600000000 11.204649 16.435390 190.058397 0.486911 -0.377188 0.684707 -0.389646
1477.700000000 11.332844 16.367433 190.126394 0.486688 -0.377439 0.684926 -0.389295
1477.800000000 11.444271 16.323237 190.213864 0.488842 -0.381423 0.682938 -0.386194
1477.900000000 11.594674 16.253225 190.284410 0.488046 -0.380273 0.683751 -0.386895
1478.000000000 11.743036 16.188058 190.365662 0.488347 -0.381940 0.683593 -0.385149
1478.300000000 12.191427 15.973752 190.538477 0.485510 -0.378202 0.686353 -0.387508
1478.500000000 12.468646 15.853220 190.669613 0.485389 -0.376559 0.686737 -0.388579
1478.600000000 12.585010 15.802687 190.727683 0.486902 -0.377227 0.685702 -0.387865
1478.700000000 12.727028 15.748850 190.827209 0.488246 -0.379799 0.684526 -0.385738
1478.900000000 12.955937 15.654898 190.902543 0.488885 -0.375243 0.684404 -0.389584
1479.500000000 13.706851 15.300437 191.221824 0.485122 -0.366823 0.688966 -0.394238
1479.600000000 13.800287 15.266779 191.290694 0.486192 -0.366867 0.688280 -0.394078
1479.900000000 14.184117 15.088663 191.425484 0.484395 -0.363350 0.690031 -0.396479
1480.000000000 14.298058 15.058002 191.490352 0.485650 -0.363929 0.689002 -0.396204
1480.100000000 14.428008 15.006279 191.548209 0.485361 -0.363453 0.689420 -0.396267
1480.700000000 15.143958 14.706121 191.804313 0.483321 -0.361608 0.691505 -0.396814
1480.800000000 15.248288 14.678384 191.838187 0.485234 -0.360550 0.690328 -0.397492
1481.000000000 15.496569 14.588505 191.941453 0.483645 -0.360737 0.691355 -0.397472
1481.100000000 15.651374 14.555896 192.020082 0.483282 -0.359541 0.691915 -0.398023
1481.300000000 15.866553 14.494826 192.100371 0.484736 -0.357699 0.691127 -0.399282
1481.600000000 16.226148 14.392227 192.236337 0.483730 -0.356536 0.692200 -0.399683
1481.700000000 16.358537 14.351286 192.273953 0.483166 -0.356368 0.692956 -0.399205
1482.300000000 17.183243 14.191624 192.578014 0.485083 -0.354920 0.692392 -0.399150
1482.500000000 17.427466 14.146578 192.670693 0.484181 -0.352457 0.693683 -0.400184
1482.600000000 17.588700 14.129153 192.739612 0.484212 -0.351892 0.693856 -0.400343
1482.700000000 17.666347 14.103285 192.729960 0.485135 -0.351879 0.693475 -0.399897
1482.800000000 17.749888 14.085133 192.742030 0.486154 -0.351179 0.693125 -0.399882
1483.000000000 17.965599 14.051402 192.798044 0.486391 -0.350319 0.692934 -0.400678
1483.100000000 18.116093 14.031737 192.859417 0.485572 -0.350115 0.693617 -0.400669
1483.400000000 18.436020 13.997583 192.917491 0.487971 -0.349635 0.692473 -0.400152
1483.700000000 18.508801 13.946044 192.776765 0.492117 -0.350013 0.689886 -0.399211
1483.800000000 18.798774 13.940438 192.937365 0.490516 -0.350129 0.691212 -0.398785
1483.900000000 18.865913 13.920153 192.915869 0.490899 -0.350438 0.690978 -0.398448
1484.000000000 18.946139 13.908004 192.924658 0.490566 -0.350019 0.691341 -0.398596
1484.500000000 19.277871 13.846904 192.823319 0.495343 -0.351201 0.688178 -0.397120
1484.600000000 32.542548 9.681194 192.903068 0.509314 -0.410262 0.637512 -0.407263
1484.900000000 32.970562 9.635535 192.975870 0.509279 -0.410531 0.637798 -0.406587
1485.400000000 33.642939 9.572500 193.094554 0.510739 -0.407955 0.637416 -0.407945
1486.000000000 34.431334 9.379435 193.235325 0.511268 -0.407780 0.637635 -0.407114
1486.100000000 34.562712 9.343139 193.271675 0.511203 -0.407118 0.637803 -0.407596
1487.000000000 33.805354 9.071271 193.263789 0.543533 -0.454031 0.605103 -0.363701
1487.200000000 33.515024 8.776310 192.408643 0.514010 -0.408395 0.636183 -0.405313
1487.600000000 33.810376 8.581754 192.455903 0.523191 -0.400305 0.637118 -0.400135
1488.200000000 33.731584 8.372702 192.861876 0.560368 -0.442966 0.602654 -0.355777
1488.400000000 34.623511 8.040451 192.480504 0.532128 -0.397380 0.633913 -0.396338
1488.600000000 35.012195 7.893163 192.537903 0.532880 -0.396650 0.633044 -0.397446
1488.900000000 34.478332 7.843751 192.768856 0.557289 -0.441122 0.604567 -0.359638
1489.000000000 35.363136 7.579366 192.501266 0.530282 -0.399308 0.634137 -0.396516
1489.200000000 35.587703 7.460517 192.464720 0.533532 -0.398091 0.630938 -0.398478
1489.300000000 35.717162 7.400747 192.437821 0.535160 -0.397927 0.629327 -0.399006
1489.400000000 35.816381 7.348065 192.434040 0.533665 -0.395775 0.630045 -0.402004
1489.700000000 36.745515 7.235315 193.016517 0.552064 -0.433315 0.608782 -0.369929
1489.900000000 37.154919 7.153359 193.015595 0.553589 -0.428375 0.607250 -0.375874
1490.100000000 36.493050 6.953748 192.236368 0.534835 -0.398327 0.626006 -0.404231
1490.800000000 36.842894 6.601704 191.820555 0.538636 -0.399024 0.621660 -0.405204
1490.900000000 36.901828 6.557058 191.773046 0.539492 -0.398503 0.621167 -0.405334
1491.100000000 37.165933 6.495752 191.778037 0.541876 -0.400641 0.618575 -0.404008
1491.300000000 37.390705 6.421917 191.761781 0.542821 -0.401791 0.617253 -0.403619
1491.500000000 37.979846 6.346896 191.991947 0.555032 -0.424915 0.603896 -0.383010
1491.700000000 37.526280 6.203987 191.512184 0.538628 -0.403343 0.620804 -0.402240
1491.900000000 38.057921 6.193482 191.730023 0.551799 -0.420725 0.607017 -0.387347
1492.000000000 37.577025 6.070030 191.329570 0.538853 -0.406829 0.620104 -0.399498
1492.100000000 37.583998 6.070791 191.189581 0.544369 -0.406106 0.615248 -0.400263
1492.200000000 37.553572 5.995109 191.139564 0.538254 -0.404915 0.620767 -0.401216
1492.400000000 37.704714 5.928383 191.048945 0.541661 -0.408782 0.617455 -0.397807
1493.000000000 37.567230 5.721682 190.488185 0.540388 -0.398790 0.618290 -0.408245
1493.200000000 37.991699 5.665485 190.584258 0.547441 -0.416580 0.609499 -0.394057
1493.400000000 37.551475 5.565412 190.175083 0.534937 -0.399785 0.621518 -0.409549
1493.600000000 38.127250 5.581296 190.447994 0.546362 -0.421113 0.608508 -0.392263
1494.100000000 39.231659 5.441623 190.206224 0.523424 -0.362130 0.634991 -0.437808
1494.200000000 38.281159 5.582918 190.332713 0.554822 -0.432408 0.597367 -0.385160
1494.300000000 39.161146 5.402066 190.000700 0.523586 -0.361715 0.634493 -0.438678
1494.600000000 38.061071 5.522514 190.021028 0.550999 -0.433127 0.599483 -0.386551
1494.800000000 39.374148 5.333359 189.904177 0.524748 -0.377887 0.630704 -0.429014
1494.900000000 38.024912 5.490145 189.773844 0.553829 -0.436075 0.596206 -0.384255
1495.000000000 38.814149 5.297336 189.437629 0.515538 -0.357601 0.639684 -0.444013
1495.200000000 39.029211 5.087286 189.403040 0.549565 -0.457419 0.596152 -0.365170
1496.200000000 37.798557 5.055447 188.983855 0.562605 -0.510386 0.571277 -0.310846
1496.300000000 48.870838 7.618745 187.633910 0.581529 -0.517988 0.527348 -0.339730
1496.400000000 48.659293 7.636911 187.544683 0.582912 -0.519574 0.525340 -0.338044
1496.500000000 48.606670 7.632515 187.477272 0.582409 -0.520799 0.525640 -0.336558
1496.600000000 48.521619 7.643730 187.478099 0.579145 -0.519786 0.529146 -0.338256
1496.700000000 48.507443 7.669901 187.461393 0.580038 -0.519620 0.528387 -0.338168
1496.900000000 48.388149 7.700141 187.456561 0.578844 -0.520696 0.529335 -0.337076
1497.100000000 48.219173 7.769774 187.470722 0.577188 -0.517353 0.531709 -0.341300
1497.200000000 48.210072 7.784155 187.483555 0.575363 -0.517729 0.533617 -0.340833
1497.600000000 46.535148 8.060694 187.809785 0.596858 -0.544617 0.504044 -0.305111
1497.700000000 46.340542 8.032498 187.205552 0.580632 -0.512833 0.529014 -0.346428
1498.400000000 45.574431 7.642662 186.078264 0.387634 -0.346982 0.702223 -0.486031
1498.500000000 54.398524 13.572748 185.018058 -0.415614 0.378913 -0.655535 0.503948
1498.700000000 54.275247 13.574767 185.027427 -0.412911 0.378959 -0.657180 0.503994
1498.900000000 54.215265 13.616746 185.077396 -0.413363 0.378570 -0.657163 0.503937
1499.000000000 54.152383 13.624833 185.061614 -0.414019 0.379563 -0.656950 0.502929
1499.100000000 54.090929 13.640180 185.028481 -0.415223 0.379657 -0.656368 0.502624
1499.300000000 54.021757 13.718571 185.103315 -0.417154 0.376898 -0.655933 0.503669
1499.400000000 53.938049 13.726157 185.100012 -0.415853 0.376809 -0.656617 0.503920
1499.500000000 53.855098 13.737603 185.057406 -0.416996 0.376366 -0.656290 0.503732
1499.600000000 53.795573 13.739374 185.047787 -0.416487 0.376384 -0.656695 0.503612
1499.700000000 53.750665 13.769024 185.078140 -0.416147 0.374731 -0.657190 0.504479
1499.800000000 53.663232 13.771109 185.074836 -0.415227 0.375150 -0.657587 0.504409
1500.400000000 50.468000 16.258259 184.187200 0.463627 -0.446946 0.627464 -0.437697
1500.500000000 50.423835 16.273017 184.224932 0.462647 -0.447268 0.628102 -0.437489
1502.400000000 50.160296 16.443773 183.641841 0.428999 -0.413208 0.655228 -0.464646
1502.600000000 55.564094 23.009179 182.932509 0.448748 -0.452557 0.615411 -0.463775
1503.000000000 55.079700 23.099950 182.975310 0.450996 -0.453501 0.615023 -0.461179
1503.100000000 55.035264 23.119645 183.025577 0.450690 -0.453448 0.615566 -0.460805
1503.200000000 55.033003 23.158386 183.105690 0.450217 -0.452830 0.616031 -0.461253
1503.500000000 54.815968 23.291291 183.293005 0.446718 -0.447271 0.619897 -0.464886
1503.600000000 54.761682 23.341059 183.335308 0.446548 -0.446392 0.620256 -0.465416
1504.600000000 54.501657 23.913822 181.807819 0.292035 -0.445849 0.687781 -0.492840
1504.900000000 54.869265 24.181601 182.828964 -0.376385 0.359427 -0.656768 0.545713
1505.400000000 54.608461 24.503295 182.984965 -0.376338 0.356043 -0.656570 0.548197
1506.000000000 53.793995 24.867872 182.577457 -0.379417 0.354493 -0.654782 0.549215
1506.600000000 53.030997 25.216058 182.163023 -0.382177 0.351740 -0.653485 0.550615
1506.700000000 56.975372 30.927013 181.606651 -0.389183 0.407745 -0.632338 0.531441
1506.800000000 56.879986 30.988027 181.587894 -0.388761 0.406996 -0.632645 0.531958
1506.900000000 56.685187 31.043722 181.461350 -0.389164 0.407448 -0.632335 0.531685
1507.300000000 56.262922 31.258165 181.327973 -0.386929 0.406937 -0.633401 0.532439
1507.500000000 56.068728 31.349502 181.252908 -0.386462 0.408579 -0.633205 0.531753
1507.600000000 55.956591 31.410823 181.205215 -0.386658 0.408025 -0.633045 0.532227
1507.700000000 55.839284 31.464818 181.153282 -0.386835 0.408032 -0.632798 0.532387
1507.800000000 55.743216 31.516768 181.113270 -0.387075 0.408458 -0.632408 0.532348
1508.300000000 55.209413 31.724992 180.870585 -0.384170 0.410362 -0.633618 0.531549
1508.400000000 55.104769 31.782535 180.826250 -0.384935 0.410301 -0.632929 0.531865
1509.300000000 54.046890 32.176525 180.255710 -0.382832 0.409137 -0.633523 0.533568
1509.400000000 53.936162 32.219070 180.200234 -0.383201 0.409602 -0.633110 0.533437
1509.800000000 53.485968 32.337600 179.939291 -0.382467 0.408809 -0.633291 0.534357
1510.000000000 53.267197 32.395054 179.826912 -0.383487 0.409967 -0.632201 0.534029
1510.400000000 52.809015 32.511284 179.574001 -0.385456 0.411333 -0.630363 0.533733
1510.900000000 52.204707 32.613508 179.221533 -0.385240 0.409400 -0.630128 0.535650
1511.100000000 51.940342 32.648471 179.099582 -0.388397 0.412289 -0.627421 0.534329
1511.300000000 51.657908 32.680523 178.973607 -0.392619 0.415886 -0.624090 0.532354
1511.400000000 51.510880 32.689843 178.887885 -0.393380 0.416403 -0.623409 0.532187
1511.600000000 57.392285 30.231999 177.072773 -0.397667 0.461651 -0.605528 0.511932
1512.300000000 56.519847 30.263554 176.679963 -0.394499 0.458443 -0.607623 0.514776
1512.500000000 56.268339 30.265422 176.581832 -0.394116 0.457930 -0.607793 0.515326
1512.600000000 56.130385 30.268211 176.533424 -0.394639 0.458108 -0.607225 0.515437
1512.700000000 55.993917 30.279836 176.482279 -0.395152 0.458027 -0.606722 0.515709
1512.800000000 55.843411 30.277904 176.427379 -0.395778 0.459155 -0.606021 0.515050
1513.000000000 55.621100 30.255764 176.323659 -0.392566 0.456319 -0.608768 0.516784
1513.400000000 55.151300 30.221261 176.178040 -0.393840 0.457799 -0.607379 0.516140
1513.600000000 54.898500 30.199477 176.083467 -0.393219 0.457752 -0.607701 0.516276
1513.800000000 54.680186 30.175452 176.039521 -0.393110 0.457289 -0.607653 0.516827
1513.900000000 54.543402 30.167193 175.995722 -0.393398 0.457246 -0.607287 0.517075
1514.000000000 54.489583 30.138190 176.002160 -0.392666 0.457024 -0.607861 0.517153
1514.100000000 54.469340 30.108088 176.065348 -0.393218 0.457995 -0.607181 0.516673
1514.400000000 53.955213 30.107244 175.825452 -0.392369 0.455074 -0.608198 0.518700
1514.700000000 53.724142 30.025482 175.826767 -0.391277 0.456305 -0.608610 0.517959
1514.800000000 53.663717 30.000681 175.841014 -0.390685 0.455780 -0.609102 0.518291
1514.900000000 53.385879 30.021735 175.714701 -0.392787 0.457020 -0.607377 0.517633
1515.000000000 53.337226 29.990748 175.739380 -0.392046 0.456852 -0.607903 0.517726
1515.100000000 53.293303 29.955981 175.772957 -0.392132 0.457482 -0.607780 0.517248
1515.300000000 53.012529 29.931837 175.650607 -0.389738 0.455698 -0.609761 0.518300
1515.500000000 52.671405 29.933018 175.533208 -0.390112 0.454591 -0.609480 0.519320
1515.600000000 52.601757 29.907920 175.572169 -0.391050 0.456564 -0.608454 0.518086
1515.700000000 52.521457 29.879979 175.587197 -0.391591 0.458357 -0.607787 0.516875
1516.100000000 51.985168 29.839137 175.447326 -0.390945 0.458588 -0.608303 0.516552
1516.200000000 51.896128 29.819012 175.468581 -0.391786 0.460093 -0.607544 0.515469
1516.300000000 51.782362 29.808585 175.466964 -0.392764 0.461513 -0.606678 0.514474
1516.400000000 51.668682 29.797739 175.466626 -0.393413 0.462618 -0.606094 0.513674
1516.700000000 51.270892 29.790060 175.420098 -0.395099 0.464056 -0.604690 0.512737
1516.900000000 51.083756 29.769359 175.414448 -0.395728 0.465221 -0.604215 0.511755
1517.100000000 50.787079 29.774573 175.377647 -0.397141 0.467164 -0.603048 0.510265
1517.200000000 50.669629 29.768731 175.384048 -0.397496 0.468110 -0.602738 0.509487
1517.400000000 50.348937 29.784846 175.266832 -0.395728 0.466108 -0.604243 0.510914
1517.500000000 50.208457 29.793542 175.262286 -0.396041 0.466849 -0.603982 0.510302
1517.600000000 50.055810 29.796178 175.202775 -0.395044 0.466031 -0.604837 0.510811
1517.700000000 49.925680 29.802096 175.186844 -0.395487 0.466567 -0.604555 0.510312
1517.800000000 49.791166 29.810891 175.198158 -0.397388 0.468465 -0.603016 0.508916
1517.900000000 49.632219 29.821321 175.148160 -0.396170 0.467185 -0.604063 0.509800
1518.200000000 49.196094 29.856455 175.087275 -0.397146 0.468441 -0.603306 0.508783
1518.300000000 49.078432 29.853736 175.066473 -0.396782 0.468963 -0.603504 0.508351
1518.400000000 48.927062 29.868401 175.034066 -0.396556 0.468959 -0.603695 0.508305
1518.900000000 48.260033 29.922314 174.931042 -0.397433 0.469145 -0.603237 0.507991
1519.000000000 57.391930 15.045037 169.504820 -0.408928 0.494330 -0.577687 0.504672
1519.400000000 56.822164 15.061567 169.474940 -0.409667 0.495100 -0.577048 0.504047
1519.500000000 56.681828 15.057231 169.466699 -0.409916 0.495608 -0.576842 0.503582
1520.200000000 55.713923 15.001838 169.357839 -0.408803 0.496524 -0.577831 0.502450
1520.400000000 55.415769 14.990922 169.341013 -0.409936 0.497441 -0.576957 0.501622
1520.500000000 55.266164 14.986624 169.338973 -0.411381 0.498819 -0.575765 0.500440
1520.700000000 54.989834 14.966035 169.316019 -0.410473 0.498972 -0.576489 0.500199
1521.100000000 54.460541 14.949877 169.277305 -0.409355 0.498207 -0.577495 0.500718
1521.200000000 54.326992 14.939720 169.268686 0.409549 -0.499222 0.577303 -0.499769
1521.300000000 54.202374 14.931649 169.273481 0.409495 -0.499505 0.577382 -0.499438
1521.500000000 53.935344 14.935717 169.268113 0.409798 -0.499891 0.577134 -0.499090
1521.900000000 53.456846 14.927696 169.250489 0.408477 -0.499610 0.578397 -0.498993
1522.100000000 53.201619 14.939187 169.251025 0.409807 -0.500807 0.577346 -0.497918
1522.300000000 52.942646 14.950389 169.243474 0.409912 -0.501795 0.577100 -0.497121
1522.400000000 52.799527 14.958778 169.235210 0.409902 -0.502779 0.576894 -0.496374
1522.500000000 52.646530 14.968388 169.216161 0.409660 -0.502709 0.577076 -0.496433
1522.700000000 52.380600 14.994888 169.201794 0.410056 -0.502739 0.576882 -0.496301
1522.800000000 52.252992 15.008322 169.200376 0.410326 -0.502720 0.576759 -0.496240
1522.900000000 52.111033 15.023339 169.187263 0.410268 -0.502777 0.576784 -0.496201
1523.300000000 51.528854 15.097799 169.126217 0.412058 -0.505246 0.574949 -0.494336
1523.500000000 51.258974 15.140860 169.079710 0.412955 -0.505949 0.574200 -0.493739
1523.600000000 51.088107 15.168731 169.029207 0.413812 -0.506853 0.573396 -0.493028
1523.700000000 50.936730 15.197047 168.991672 0.415138 -0.508251 0.572102 -0.491977
1523.900000000 50.669444 15.249866 168.976309 0.417124 -0.509730 0.570274 -0.490887
1524.000000000 50.528655 15.274396 168.956285 0.416753 -0.509487 0.570663 -0.491003
1524.300000000 50.132734 15.358189 168.923828 0.418807 -0.511857 0.568560 -0.489226
1524.400000000 49.977593 15.387056 168.900079 0.418234 -0.511420 0.569101 -0.489545
1525.200000000 49.314254 15.580476 168.648767 -0.404824 0.497325 -0.582006 0.500054
1525.500000000 49.051662 15.672211 168.679157 0.410791 -0.502499 0.576509 -0.496369
1525.700000000 48.764167 15.750333 168.628673 0.412036 -0.503941 0.575156 -0.495444
1525.800000000 48.620716 15.788936 168.604163 0.411915 -0.503844 0.575236 -0.495551
1526.800000000 47.067215 16.218406 168.206134 0.409604 -0.501983 0.577032 -0.497264
1526.900000000 62.057493 -11.423374 153.853741 -0.432564 0.501176 -0.546653 0.512721
1527.000000000 61.926363 -11.391180 153.844024 -0.431876 0.500218 -0.547365 0.513475
1527.200000000 61.585891 -11.321968 153.764749 -0.431947 0.500449 -0.547205 0.513360
1527.400000000 61.312931 -11.255950 153.732794 -0.432763 0.500748 -0.546520 0.513111
1527.600000000 61.021872 -11.191930 153.691682 -0.432957 0.501196 -0.546204 0.512848
1527.800000000 60.770062 -11.123137 153.660257 -0.434430 0.501821 -0.544853 0.512428
1527.900000000 60.668686 -11.092178 153.664313 -0.434702 0.501893 -0.544502 0.512499
1528.200000000 60.188572 -10.989390 153.589687 -0.433866 0.501166 -0.545246 0.513128
1528.300000000 60.045126 -10.957414 153.566103 -0.434664 0.501963 -0.544411 0.512560
1528.400000000 59.886345 -10.925680 153.527221 -0.435432 0.502510 -0.543701 0.512125
1528.500000000 59.734535 -10.887800 153.507254 -0.436080 0.502481 -0.543173 0.512162
1528.600000000 59.596800 -10.855467 153.497776 -0.435953 0.502276 -0.543222 0.512419
1528.700000000 59.472062 -10.822141 153.487549 -0.436472 0.502595 -0.542714 0.512203
1528.900000000 59.020683 -10.750372 153.368742 -0.435461 0.501613 -0.543566 0.513123
1529.000000000 58.910909 -10.721062 153.364221 -0.436031 0.502126 -0.543002 0.512732
1529.300000000 58.506856 -10.633786 153.325500 -0.437122 0.503075 -0.541921 0.512017
1529.700000000 57.947017 -10.532162 153.257869 -0.437298 0.503025 -0.541681 0.512169
1529.800000000 57.868668 -10.515423 153.276923 -0.437255 0.502694 -0.541724 0.512485
1529.900000000 57.712277 -10.494340 153.242237 -0.438190 0.503765 -0.540795 0.511617
1530.000000000 57.524686 -10.469551 153.204450 -0.438535 0.503954 -0.540462 0.511486
1530.100000000 57.423821 -10.455424 153.207034 -0.439025 0.504306 -0.539984 0.511224
1530.200000000 57.245872 -10.437732 153.181926 -0.438468 0.503627 -0.540525 0.511800
1530.400000000 56.942793 -10.416998 153.153268 -0.438246 0.503772 -0.540566 0.511804
1530.500000000 73.463946 -39.563333 131.480337 -0.454238 0.499032 -0.522733 0.520947
1530.600000000 73.314340 -39.564001 131.465891 -0.453352 0.497682 -0.523635 0.522102
1530.700000000 73.243970 -39.572437 131.497571 -0.453298 0.497449 -0.523640 0.522367
1530.800000000 73.071847 -39.581381 131.475060 -0.452792 0.496984 -0.524046 0.522840
1531.200000000 72.502412 -39.654209 131.472371 -0.453143 0.497063 -0.523600 0.522908
1531.300000000 72.340217 -39.676023 131.431804 -0.452797 0.496543 -0.523890 0.523411
1531.400000000 72.189490 -39.705867 131.436854 -0.453388 0.497057 -0.523382 0.522919
1532.100000000 71.162676 -40.008172 131.349228 -0.454880 0.498260 -0.521966 0.521894
1532.200000000 70.991239 -40.062494 131.336004 -0.454628 0.497434 -0.522312 0.522555
1532.400000000 70.742012 -40.204365 131.309779 -0.455027 0.499011 -0.521992 0.521021
1532.800000000 70.103978 -40.501759 131.256628 -0.454050 0.498025 -0.522814 0.521992
1533.000000000 69.802815 -40.670214 131.245622 -0.454308 0.498186 -0.522525 0.521903
1533.100000000 69.664116 -40.764297 131.238769 -0.454020 0.497996 -0.522793 0.522067
1533.200000000 69.542975 -40.852466 131.256539 -0.453793 0.497168 -0.523014 0.522830
1533.300000000 69.383855 -40.953743 131.226022 -0.453971 0.498412 -0.522895 0.521610
1533.700000000 68.968107 -41.353515 131.260278 -0.454604 0.498790 -0.522218 0.521375
1533.900000000 68.494494 -41.554490 131.179759 -0.454301 0.498237 -0.522490 0.521896
1534.000000000 68.345563 -41.662066 131.139706 -0.455262 0.498987 -0.521662 0.521169
1534.200000000 68.004969 -41.877728 131.076570 -0.456615 0.500488 -0.520547 0.519659
1534.500000000 67.519471 -42.205882 131.034026 -0.456606 0.500412 -0.520380 0.519908
1535.500000000 65.949098 -43.303633 130.869977 -0.456783 0.502510 -0.520409 0.517694
1535.700000000 65.700925 -43.515924 130.943584 -0.453026 0.499175 -0.523716 0.520878
1535.800000000 65.734282 -43.620177 130.975689 -0.454657 0.500378 -0.522191 0.519832
1536.000000000 65.519361 -43.817767 131.022919 -0.452399 0.497621 -0.524205 0.522415
1536.600000000 64.864070 -44.377025 131.060865 -0.452724 0.498161 -0.524235 0.521588
1537.300000000 63.636968 -44.900659 130.965882 -0.442230 0.500830 -0.533625 0.518504
1537.400000000 63.571169 -44.960820 131.023629 -0.440363 0.500829 -0.535384 0.518281
1537.700000000 63.136931 -45.108229 130.961884 -0.440379 0.500265 -0.535359 0.518838
1538.500000000 62.169058 -45.303683 130.847064 -0.442170 0.496963 -0.533311 0.522583
1538.600000000 62.077495 -45.321623 130.934680 -0.442559 0.497850 -0.533332 0.521386
1538.700000000 62.013377 -45.321928 130.945233 -0.443078 0.497507 -0.532956 0.521658
1538.800000000 61.910958 -45.320221 130.938178 -0.442555 0.496784 -0.533400 0.522336
1539.000000000 61.727788 -45.305000 130.889027 -0.443394 0.496791 -0.532752 0.522279
1539.100000000 65.533799 -64.801618 115.578818 -0.446714 0.492652 -0.539747 0.516152
1539.300000000 65.357912 -64.758137 115.587002 -0.446239 0.491160 -0.540246 0.517462
1539.400000000 65.280481 -64.728875 115.581530 -0.446934 0.490811 -0.539556 0.517913
1540.600000000 64.345589 -64.188162 115.471056 -0.447355 0.487716 -0.539310 0.520722
1540.800000000 64.226743 -64.068045 115.486098 -0.447984 0.488204 -0.538924 0.520123
1541.000000000 64.061403 -63.939918 115.498525 -0.448491 0.488655 -0.538589 0.519609
1541.200000000 63.942776 -63.800165 115.507553 -0.449311 0.488341 -0.537906 0.519903
1541.400000000 63.849422 -63.658115 115.484806 -0.450090 0.488337 -0.537377 0.519781
1541.500000000 63.745338 -63.579113 115.447677 -0.448214 0.486796 -0.538756 0.521418
1542.400000000 63.248684 -62.932970 115.421500 -0.455367 0.478939 -0.533438 0.527923
1542.500000000 63.218500 -62.872747 115.409580 -0.455581 0.480193 -0.533225 0.526813
1542.600000000 63.135032 -62.810795 115.418571 -0.455208 0.480065 -0.533597 0.526875
1543.000000000 62.848738 -62.571699 115.388200 -0.454576 0.479368 -0.534119 0.527526
1543.400000000 62.586516 -62.367476 115.357222 -0.453490 0.478234 -0.535140 0.528455
1543.500000000 62.498789 -62.319478 115.307777 -0.453179 0.477945 -0.535303 0.528817
1544.200000000 61.885618 -62.056277 115.265150 -0.453009 0.477828 -0.535672 0.528696
1544.400000000 50.003988 -67.520921 113.152337 -0.457460 0.444584 -0.550199 0.538848
1544.500000000 49.892495 -67.492551 113.098241 -0.457318 0.443575 -0.550283 0.539712
1544.900000000 49.566947 -67.423870 113.074548 -0.458139 0.443671 -0.549633 0.539599
1545.000000000 49.444145 -67.413266 113.044842 -0.458020 0.443155 -0.549798 0.539957
1545.100000000 49.367320 -67.409141 113.051965 -0.457557 0.443191 -0.550147 0.539964
1545.300000000 49.212858 -67.397478 113.005464 -0.457301 0.442985 -0.550294 0.540200
1545.400000000 49.110487 -67.396686 112.966240 -0.457470 0.443110 -0.550163 0.540088
1545.500000000 49.031499 -67.398486 112.962914 -0.457056 0.442891 -0.550555 0.540219
1545.700000000 48.855833 -67.407628 112.943889 -0.456168 0.442113 -0.551234 0.540914
1546.300000000 48.270613 -67.475764 112.808690 -0.455473 0.440857 -0.551878 0.541868
1546.900000000 47.625458 -67.616273 112.700354 -0.455792 0.441567 -0.551687 0.541215
1547.600000000 46.879680 -67.837473 112.562153 -0.454613 0.440550 -0.552593 0.542109
1547.900000000 46.552629 -67.946491 112.504858 -0.454600 0.439940 -0.552633 0.542576
1548.000000000 46.446475 -67.983005 112.494711 -0.454716 0.439908 -0.552530 0.542610
1548.100000000 46.338927 -68.026596 112.470955 -0.454716 0.440206 -0.552669 0.542226
1548.300000000 46.111110 -68.108196 112.396601 -0.453086 0.438956 -0.553874 0.543373
1548.400000000 46.016061 -68.148791 112.409008 -0.454341 0.440157 -0.552903 0.542341
1548.500000000 45.905189 -68.186755 112.405110 -0.455694 0.440749 -0.551883 0.541763
1548.700000000 45.703091 -68.269184 112.401152 -0.457420 0.441694 -0.550533 0.540912
1548.800000000 45.594197 -68.312562 112.368210 -0.456559 0.440955 -0.551162 0.541602
1548.900000000 45.455624 -68.363530 112.286592 -0.453254 0.438513 -0.553832 0.543633
1549.100000000 45.259396 -68.448324 112.281937 -0.454983 0.439825 -0.552500 0.542484
1549.400000000 44.919579 -68.580375 112.209838 -0.453475 0.438842 -0.553605 0.543415
1549.900000000 44.337384 -68.780706 112.090496 -0.452762 0.436993 -0.554397 0.544691
1550.000000000 44.233480 -68.816876 112.081695 -0.453220 0.437637 -0.554063 0.544132
1550.100000000 44.132559 -68.853726 112.097790 -0.454610 0.438898 -0.553141 0.542893
1550.200000000 44.015703 -68.884751 112.029171 -0.452868 0.436634 -0.554477 0.544809
1550.400000000 43.805782 -68.942875 112.045611 -0.454522 0.439066 -0.553159 0.542813
1550.500000000 43.690171 -68.965862 111.967412 -0.452148 0.436022 -0.555096 0.545267
1550.600000000 43.566868 -68.986822 111.986323 -0.454492 0.437754 -0.553459 0.543591
1550.800000000 43.347490 -69.024898 111.977626 -0.454557 0.438415 -0.553339 0.543126
1550.900000000 43.248180 -69.039531 111.975761 -0.455532 0.439370 -0.552601 0.542288
1551.000000000 43.121807 -69.047523 111.986759 -0.457514 0.440353 -0.551238 0.541209
1551.100000000 43.008254 -69.054447 111.975541 -0.458080 0.440847 -0.550825 0.540748
1551.600000000 42.450278 -69.035355 111.882916 -0.456852 0.438796 -0.551942 0.542314
1551.700000000 42.355377 -69.023668 111.878848 -0.456393 0.438936 -0.552303 0.542220
1551.800000000 42.239044 -69.006240 111.861160 -0.456632 0.439341 -0.552213 0.541781
1551.900000000 42.129702 -68.984299 111.852518 -0.456971 0.439630 -0.552018 0.541460
1552.000000000 42.016814 -68.957435 111.798440 -0.454177 0.436900 -0.554100 0.543889
1552.100000000 11.139098 -68.991183 118.801485 -0.436765 0.407926 -0.601499 0.530124
1552.800000000 10.379677 -68.644533 118.591217 -0.435632 0.405269 -0.602404 0.532064
1553.000000000 10.116483 -68.514171 118.529483 -0.438647 0.407804 -0.600428 0.529879
1553.100000000 9.595911 -68.456339 118.204484 -0.443479 0.412573 -0.596716 0.526346
1553.200000000 9.487903 -68.382780 118.174201 -0.443958 0.412879 -0.596525 0.525919
1553.400000000 9.219154 -68.228987 118.082425 -0.443794 0.409996 -0.596813 0.527981
1553.500000000 9.050704 -68.163222 117.989570 -0.442058 0.409633 -0.598324 0.528010
1553.800000000 8.823029 -67.919969 117.972955 -0.442576 0.410421 -0.597897 0.527448
1553.900000000 8.593575 -67.837431 117.834015 -0.440553 0.407250 -0.599596 0.529665
1554.000000000 8.478623 -67.753914 117.793188 -0.441927 0.408506 -0.598675 0.528594
1554.200000000 8.245102 -67.579560 117.714469 -0.443154 0.408942 -0.597831 0.528184
1554.300000000 8.108713 -67.490220 117.660467 -0.443114 0.408650 -0.597940 0.528321
1554.400000000 8.075084 -67.394938 117.700275 -0.443080 0.408000 -0.598078 0.528696
1554.800000000 7.674829 -67.027916 117.589281 -0.441593 0.405740 -0.599309 0.530282
1554.900000000 7.564354 -66.936513 117.558994 -0.441406 0.405756 -0.599400 0.530323
1555.000000000 7.414532 -66.842442 117.502840 -0.441094 0.404662 -0.599684 0.531097
1555.100000000 7.227492 -66.748311 117.406887 -0.440394 0.403490 -0.600217 0.531967
1555.900000000 6.787130 -66.030458 117.402926 -0.398666 0.360249 -0.629405 0.561369
1556.000000000 7.035407 -65.928589 117.755940 -0.427798 0.391143 -0.609665 0.540651
1556.100000000 -31.712559 -60.924992 122.105958 0.399624 -0.454383 0.655071 -0.452458
1556.400000000 -30.838187 -60.844296 123.128544 -0.523625 0.634785 -0.481978 0.300937
1556.500000000 -30.629662 -60.812960 123.157598 -0.525879 0.638324 -0.477296 0.296956
1556.600000000 -30.103674 -60.872615 123.192961 -0.529459 0.644539 -0.469525 0.289463
1556.700000000 -30.050170 -60.809345 123.231185 -0.530300 0.646072 -0.467552 0.287695
1556.800000000 -30.072892 -60.721780 123.282413 -0.530749 0.646550 -0.466634 0.287284
1556.900000000 -30.070109 -60.650449 123.317612 -0.531026 0.647608 -0.465794 0.285746
1557.400000000 -28.938160 -60.556377 123.549698 -0.560078 0.687931 -0.398204 0.233445
1557.500000000 -28.981113 -60.479748 123.579316 -0.559815 0.687436 -0.398938 0.234281
1557.800000000 -28.541772 -60.423384 123.697653 -0.565350 0.696962 -0.382556 0.219713
1557.900000000 -28.524835 -60.366605 123.727549 -0.565820 0.697117 -0.381582 0.219707
1558.000000000 -28.540571 -60.305272 123.791937 -0.566398 0.698195 -0.379626 0.218177
1558.600000000 -28.418694 -60.090571 124.114776 -0.568828 0.702963 -0.372004 0.209501
1558.700000000 -28.163177 -60.108516 124.177737 -0.571939 0.707185 -0.363078 0.202360
1559.000000000 -27.683697 -60.129406 124.314534 -0.577875 0.714871 -0.345090 0.189558
1559.100000000 -27.700150 -60.098128 124.378025 -0.578068 0.714856 -0.344778 0.189597
1560.200000000 -27.099136 -60.007117 126.474399 -0.611826 0.755423 -0.212672 0.098871
1560.300000000 -27.150348 -59.999036 126.576370 -0.611860 0.755221 -0.212930 0.099644
1560.700000000 -24.413599 -39.244161 123.026718 -0.661818 0.743513 -0.093757 0.019869
1560.800000000 -24.412508 -39.287250 123.112820 -0.661862 0.743861 -0.091268 0.016708
1560.900000000 -24.413468 -39.316865 123.193564 -0.661977 0.744126 -0.088552 0.014905
1561.000000000 -24.480600 -39.324551 123.432554 -0.661949 0.743601 -0.092346 0.018827
1561.100000000 -24.505435 -39.353909 123.567273 -0.662120 0.743559 -0.091497 0.018581
1561.400000000 -24.578244 -39.473466 123.993357 -0.662349 0.743624 -0.089524 0.017373
1561.500000000 -24.635530 -39.507806 124.205059 -0.662523 0.743103 -0.091993 0.019968
1561.600000000 -24.662175 -39.557807 124.349935 -0.662689 0.743053 -0.091151 0.020185
1561.700000000 -24.689550 -39.615864 124.486086 -0.662889 0.743058 -0.089863 0.019165
1561.900000000 -24.740289 -39.743292 124.773846 -0.663131 0.743093 -0.087693 0.019503
1562.100000000 -24.803558 -39.879870 125.073755 -0.663462 0.742865 -0.087107 0.019553
1562.600000000 -24.964093 -40.334218 125.807777 -0.663468 0.742910 -0.087070 0.017709
1562.900000000 -25.082052 -40.638484 126.273232 -0.663505 0.742495 -0.089926 0.019387
1563.000000000 -25.088083 -40.741494 126.404963 -0.663722 0.742951 -0.084960 0.016707
1563.100000000 -25.113279 -40.854841 126.523724 -0.663709 0.743050 -0.084428 0.015483
1563.200000000 -25.162277 -40.966492 126.678655 -0.663864 0.742721 -0.086079 0.015504
1563.300000000 -25.197812 -41.070416 126.837616 -0.663779 0.742670 -0.086902 0.016935
1563.400000000 -25.219756 -41.184123 126.984178 -0.663883 0.742916 -0.084423 0.014446
1564.700000000 -24.669360 -41.520326 127.942920 -0.582031 0.795441 -0.168848 0.002006
1564.800000000 -24.895662 -40.768059 127.556269 -0.608101 0.768072 -0.198701 -0.028228
1565.300000000 -24.939240 -40.628022 128.464003 -0.641234 0.742686 -0.086975 -0.172255
1565.400000000 24.347710 -12.781480 123.843947 0.754050 -0.611536 -0.124377 0.204847
1565.700000000 25.153433 -13.011713 123.506760 0.713633 -0.586752 -0.201300 0.325467
1565.800000000 24.020950 -13.326779 123.599308 0.776949 -0.615934 -0.015690 0.129340
1566.000000000 24.100763 -13.431502 123.817708 0.777632 -0.615165 -0.011757 0.129315
1566.200000000 24.741358 -13.219846 125.013801 0.764967 -0.611559 -0.079745 0.185642
1566.800000000 25.685566 -13.366565 125.085357 0.726707 -0.593506 -0.181430 0.294502
1567.000000000 25.233422 -13.474625 125.583474 0.758076 -0.607131 -0.102472 0.214971
1567.200000000 25.133899 -13.519226 125.761377 0.769284 -0.612246 -0.063658 0.171186
1568.000000000 25.394400 -13.449226 126.371108 0.770921 -0.607930 -0.054194 0.182114
1568.100000000 25.498065 -13.426208 126.433675 0.770937 -0.605948 -0.050422 0.189577
1568.200000000 25.000169 -13.445460 126.682289 0.768364 -0.603382 -0.073528 0.200353
1568.300000000 25.003023 -13.405975 126.940682 0.768783 -0.604696 -0.066702 0.197143
1569.100000000 24.608600 -13.095271 127.104493 0.779838 -0.620246 -0.002404 0.084514
1569.800000000 24.694746 -12.609436 127.448876 0.779097 -0.620518 -0.004221 0.089154
1570.000000000 24.585316 -12.459249 127.595930 0.779819 -0.620485 -0.002789 0.082906
1570.100000000 24.565025 -12.392510 127.644758 0.779455 -0.620476 -0.002052 0.086344
1570.300000000 24.532615 -12.234866 127.741774 0.779874 -0.620711 -0.000220 0.080712
1570.600000000 24.501903 -11.976962 127.875813 0.779769 -0.620877 -0.003425 0.080376
1570.800000000 24.482396 -11.789432 127.959792 0.779762 -0.621508 -0.010835 0.074712
1570.900000000 24.443496 -11.704850 128.030138 0.779672 -0.621886 -0.012213 0.072253
1571.200000000 24.426517 -11.415980 128.157053 0.779702 -0.621822 -0.011811 0.072541
1571.700000000 24.422282 -10.896383 128.426688 0.779810 -0.621963 -0.009726 0.070453
1571.800000000 55.647069 20.830268 124.100933 0.831324 -0.462761 -0.225020 0.210044
1571.900000000 55.666042 20.955765 124.113736 0.831014 -0.462628 -0.225800 0.210727
1572.000000000 55.655754 21.050431 124.178904 0.830500 -0.462248 -0.226959 0.212336
1572.100000000 55.590510 21.115862 124.190822 0.832221 -0.463214 -0.222981 0.207656
1572.200000000 55.625762 21.239964 124.293264 0.831977 -0.462810 -0.224021 0.208414
1572.300000000 55.613498 21.340456 124.334999 0.831953 -0.463207 -0.223817 0.207843
1572.400000000 55.575392 21.397066 124.456007 0.832316 -0.462925 -0.222788 0.208123
1572.500000000 55.564931 21.521452 124.472432 0.832462 -0.463874 -0.223171 0.204996
1572.600000000 55.618855 21.625654 124.611272 0.831475 -0.462801 -0.224512 0.209904
1573.300000000 55.664606 22.284589 125.252045 0.832169 -0.462526 -0.222894 0.209481
1573.400000000 55.611468 22.357659 125.243826 0.832650 -0.462998 -0.221852 0.207628
1573.500000000 55.588724 22.442821 125.282624 0.832335 -0.463056 -0.222473 0.208093
1573.700000000 55.691838 22.641752 125.437004 0.832151 -0.461978 -0.222573 0.211099
1573.800000000 55.653395 22.712874 125.495277 0.833194 -0.463047 -0.220408 0.206871
1574.000000000 55.597554 22.822621 125.677647 0.832858 -0.462560 -0.220733 0.208956
1574.100000000 55.620051 22.900693 125.777571 0.832295 -0.462266 -0.221667 0.210854
1574.400000000 55.611641 23.082510 126.064363 0.832619 -0.462355 -0.220726 0.210365
1574.500000000 55.600210 23.144710 126.099322 0.832224 -0.462328 -0.221361 0.211319
1574.600000000 55.564440 23.187161 126.113469 0.832184 -0.461764 -0.221099 0.212977
1574.700000000 55.516013 23.244157 126.071268 0.832670 -0.462386 -0.219674 0.211196
1574.900000000 55.391184 23.324522 126.087832 0.832337 -0.462977 -0.220846 0.209987
1575.000000000 55.322634 23.338216 126.199111 0.831506 -0.462783 -0.222791 0.211646
1575.100000000 55.264207 23.360620 126.296727 0.830989 -0.462946 -0.223833 0.212217
1575.300000000 72.995291 33.774922 119.364872 0.771845 -0.389740 -0.402917 0.300027
1575.600000000 72.166511 33.731283 119.113993 0.767267 -0.387118 -0.408971 0.306893
1575.800000000 71.174384 33.811318 118.227251 0.796051 -0.431135 -0.365030 0.217204
1575.900000000 70.469127 33.807476 117.681797 0.794027 -0.430164 -0.368643 0.220415
1576.000000000 69.365271 33.889804 116.333714 0.806493 -0.446782 -0.341249 0.183039
1576.100000000 68.997011 34.186140 115.402946 0.815351 -0.466022 -0.318335 0.129185
1576.500000000 69.229040 34.562830 115.033242 0.822397 -0.479411 -0.293396 0.088018
1576.800000000 69.038094 34.911434 114.303754 0.819226 -0.478334 -0.301349 0.096200
1576.900000000 68.140150 34.896985 113.336125 0.823722 -0.531956 -0.143046 -0.134326
1577.100000000 76.900608 33.087266 107.421319 0.757412 -0.588223 -0.092798 -0.267788
1577.200000000 76.277967 33.559893 105.996646 0.757773 -0.585574 -0.092532 -0.272617
1577.400000000 75.796337 34.261035 104.349952 0.751347 -0.576402 -0.103337 -0.304237
1578.300000000 78.050784 35.302235 100.298012 -0.487270 0.628204 -0.210937 0.568712
1578.400000000 77.794457 35.437531 100.101565 -0.487693 0.623023 -0.206212 0.575738
1578.500000000 77.637764 35.463966 99.994925 -0.489025 0.621196 -0.202612 0.577856
1578.600000000 77.546277 35.519562 99.817718 -0.489501 0.621693 -0.201552 0.577290
1578.700000000 77.518917 35.485123 99.777597 -0.485782 0.619798 -0.204962 0.581255
1578.800000000 77.470708 35.510882 99.608352 -0.484256 0.623335 -0.206732 0.578111
1578.900000000 77.425222 35.497269 99.475495 -0.486753 0.624316 -0.204181 0.575857
1579.900000000 78.309468 34.494229 97.956733 -0.578426 0.454768 -0.060005 0.674543
1580.000000000 78.259251 34.454862 97.781754 -0.582043 0.471211 -0.069276 0.659081
1580.300000000 76.092633 33.723660 96.165253 -0.534904 0.366157 -0.017166 0.761257
1580.500000000 73.534064 34.208472 93.407203 -0.398544 0.464704 -0.164092 0.773490
1580.600000000 73.357692 34.165038 93.198352 -0.400370 0.473733 -0.165356 0.766771
1580.700000000 73.093440 33.962410 92.879834 -0.403190 0.460897 -0.160673 0.774077
1580.800000000 73.082033 34.044533 92.632613 -0.405509 0.467137 -0.159832 0.769285
1581.100000000 75.792933 36.179975 92.417613 -0.501862 0.607913 -0.189662 0.585325
1581.200000000 75.729776 36.258372 92.172231 -0.484017 0.627645 -0.225281 0.566602
1581.300000000 75.464714 35.993418 92.009220 -0.481558 0.632930 -0.226746 0.562217
1581.400000000 75.429855 35.924399 92.087410 -0.479462 0.652489 -0.231880 0.539079
1581.500000000 74.910485 35.612521 92.227766 -0.470359 0.645779 -0.239657 0.551630
1581.600000000 74.355191 35.448175 92.390925 -0.460759 0.667317 -0.249303 0.529374
1581.800000000 73.804890 35.124937 92.649203 -0.452329 0.682324 -0.253040 0.515562
1581.900000000 72.248423 35.812522 92.578729 -0.435241 0.686797 -0.264044 0.518802
1582.200000000 71.856674 35.427417 92.435138 -0.432005 0.676234 -0.264313 0.534993
1582.300000000 71.850243 35.331519 92.457188 -0.431630 0.680483 -0.265109 0.529487
1582.400000000 71.819247 35.283332 92.398081 -0.431708 0.681556 -0.263883 0.528654
1582.500000000 71.749383 35.076884 92.163331 -0.435020 0.667713 -0.256321 0.547007
1583.500000000 71.214277 34.270143 91.260458 -0.449631 0.662847 -0.222000 0.556041
1583.700000000 71.137989 34.245648 91.227809 -0.436818 0.672904 -0.239436 0.546865
1584.000000000 71.165359 34.129824 91.135976 -0.441679 0.674091 -0.236320 0.542839
1585.000000000 71.410521 33.502051 91.080711 -0.456788 0.666055 -0.224064 0.545445
1585.100000000 71.380545 33.517884 91.015295 -0.456276 0.662482 -0.223526 0.550423
1585.300000000 71.275758 33.299897 90.823891 -0.458790 0.637868 -0.216368 0.579500
1585.900000000 70.001624 33.395453 90.332053 -0.447632 0.548992 -0.221660 0.670150
1586.000000000 69.906258 33.463017 90.196341 -0.451456 0.547895 -0.216985 0.670012
1586.200000000 69.934096 33.655689 90.295382 -0.446134 0.553778 -0.231017 0.664023
1586.300000000 69.827975 33.792066 90.174920 -0.448187 0.559064 -0.231498 0.658016
1586.400000000 69.851656 33.813716 90.221169 -0.446673 0.555675 -0.230325 0.662313
1586.500000000 69.787245 33.874869 90.165491 -0.449937 0.561411 -0.227383 0.656255
1586.700000000 69.878136 33.938325 90.148027 -0.446259 0.552310 -0.228422 0.666055
1586.900000000 69.778699 34.074719 90.208008 -0.448453 0.549170 -0.221487 0.669511
1587.300000000 69.906066 33.894529 90.860155 -0.444571 0.522853 -0.220392 0.693116
1587.400000000 69.882748 34.153515 90.835013 -0.440627 0.544651 -0.234122 0.674084
1587.500000000 69.915716 34.513484 90.248316 -0.439520 0.529243 -0.230156 0.688297
1587.600000000 69.554506 34.927798 89.919561 -0.448171 0.554456 -0.227557 0.663280
1587.800000000 69.241664 34.918982 90.288641 -0.442396 0.555349 -0.235698 0.663566
1588.100000000 69.521014 35.658350 90.825177 -0.386521 0.612862 -0.315076 0.612968
1588.300000000 67.450291 36.477383 92.232149 -0.378540 0.629263 -0.335124 0.590278
1588.400000000 67.486320 36.537937 92.231967 -0.374833 0.628435 -0.341331 0.589968
1588.600000000 67.483173 36.974169 91.860607 -0.384799 0.623364 -0.325021 0.598087
1588.700000000 67.656238 37.315942 91.408311 -0.375521 0.625042 -0.335536 0.596424
1588.800000000 67.646329 37.602393 91.093204 -0.376861 0.640446 -0.335812 0.578822
1589.000000000 67.795270 37.713029 91.105152 -0.372163 0.628057 -0.342709 0.591261
1589.100000000 67.786302 38.019052 90.751831 -0.371466 0.632118 -0.343276 0.587028
1589.200000000 67.776572 38.243270 90.623634 -0.382542 0.646953 -0.329548 0.571412
1589.300000000 67.385273 38.512110 90.333790 -0.385526 0.664064 -0.324079 0.552595
1589.400000000 67.311259 38.699021 90.098758 -0.398102 0.670724 -0.307490 0.545064
1590.600000000 66.457869 39.361077 90.275278 -0.351952 0.576742 -0.362744 0.641806
1590.900000000 63.911000 39.988583 91.142066 -0.322282 0.615415 -0.416601 0.586380
1591.100000000 63.647604 40.179628 91.011144 -0.300510 0.619207 -0.438148 0.578189
1591.500000000 63.384020 40.768767 90.805122 -0.274004 0.640816 -0.459884 0.550258
1591.600000000 63.381809 40.762126 90.737427 -0.278261 0.636911 -0.455425 0.556330
1591.700000000 63.536381 40.611323 90.842961 -0.317001 0.675064 -0.407807 0.526776
1592.000000000 65.111809 40.168054 90.965287 -0.345408 0.720203 -0.361665 0.480832
1592.400000000 66.386228 39.717624 90.844834 -0.369645 0.701940 -0.330025 0.511592
1592.500000000 66.465491 39.698544 90.818330 -0.369673 0.702552 -0.330349 0.510522
1593.000000000 66.637962 39.433326 91.138584 -0.374779 0.709708 -0.325177 0.500115
1593.300000000 66.959234 39.202216 91.219247 -0.376657 0.711839 -0.323866 0.496513
1593.500000000 67.112882 39.042481 91.328935 -0.376583 0.712580 -0.327018 0.493432
1593.700000000 67.185577 38.866863 91.491445 -0.377055 0.710163 -0.326285 0.497027
1593.800000000 67.235719 38.775819 91.582420 -0.376130 0.710508 -0.327458 0.496463
1594.000000000 67.641635 38.564562 91.564735 -0.365001 0.700426 -0.346182 0.506296
1594.300000000 67.876652 38.307287 91.728028 -0.366114 0.697818 -0.347489 0.508195
1594.400000000 70.134676 36.362371 91.529102 -0.348395 0.718145 -0.369974 0.475403
1595.000000000 70.355346 35.903111 91.828006 -0.427196 0.741686 -0.244216 0.455811
1595.300000000 70.527315 35.836205 91.766546 -0.429410 0.741050 -0.240903 0.456527
1595.500000000 70.604717 35.759807 91.815843 -0.430154 0.741819 -0.240906 0.454573
1595.600000000 70.821244 35.799623 91.616606 -0.434898 0.741650 -0.233584 0.454156
1595.800000000 71.204623 35.243710 92.388404 -0.372105 0.707505 -0.351071 0.487570
1595.900000000 71.286001 35.219782 92.347184 -0.374181 0.706665 -0.350079 0.487911
1596.000000000 71.387482 35.211344 92.268287 -0.376549 0.706779 -0.348044 0.487381
1596.300000000 71.832668 35.271333 91.852317 -0.378096 0.709295 -0.345877 0.484059
1596.700000000 72.419360 35.297403 91.282369 -0.382838 0.724552 -0.336197 0.464145
1597.300000000 73.208325 35.169982 91.242407 -0.375288 0.726801 -0.345065 0.460271
1597.400000000 73.365872 35.139655 91.226282 -0.372783 0.729015 -0.346759 0.457524
1597.500000000 73.537787 35.237342 90.901818 -0.373494 0.734733 -0.343642 0.450089
1597.600000000 73.655101 35.371572 90.609671 -0.374622 0.737649 -0.341416 0.446058
1597.800000000 73.917056 35.726419 89.802491 -0.373971 0.743957 -0.338451 0.438320
1598.000000000 73.212811 36.265057 89.687447 -0.365311 0.731242 -0.350521 0.457131
1598.500000000 73.087506 36.750556 89.625502 -0.367732 0.722290 -0.344749 0.473517
1598.600000000 75.966329 35.753652 88.687575 -0.414041 0.778599 -0.247398 0.401432
1598.800000000 76.566119 35.844670 88.213945 -0.413446 0.781293 -0.248924 0.395828
1599.000000000 76.562486 35.738495 88.664696 -0.361289 0.748101 -0.345790 0.436169
1599.100000000 76.795188 35.859200 88.283447 -0.410522 0.784463 -0.252247 0.390463
1599.200000000 76.813100 35.808554 88.636134 -0.360200 0.747525 -0.347414 0.436768
1599.600000000 77.356710 35.766698 88.633298 -0.362186 0.755705 -0.341548 0.425531
1599.700000000 77.342973 35.998110 88.266723 -0.406384 0.786781 -0.258358 0.386106
1599.900000000 77.577598 35.917192 88.328904 -0.370896 0.768770 -0.323233 0.408594
1600.100000000 77.989472 35.952084 88.393816 -0.359089 0.754228 -0.347311 0.426110
1600.300000000 78.091471 36.147884 88.095547 -0.402129 0.788035 -0.266399 0.382523
1600.600000000 78.613368 36.154518 87.844439 -0.398485 0.789207 -0.273092 0.379187
1600.700000000 78.848062 36.174968 87.761930 -0.377103 0.773975 -0.313703 0.400433
1600.800000000 78.889670 36.189857 87.770763 -0.375419 0.774448 -0.316044 0.399258
1600.900000000 79.190643 36.141340 87.564359 -0.371271 0.775414 -0.321630 0.396794
1601.000000000 79.177100 36.271270 87.556656 -0.366881 0.770419 -0.330165 0.403540
1601.300000000 79.523825 36.266016 87.514128 -0.374290 0.776145 -0.316903 0.396332
1601.500000000 79.755072 36.265423 87.387196 -0.374767 0.778699 -0.315443 0.392011
1601.700000000 80.069018 36.302670 87.230858 -0.367478 0.773204 -0.328788 0.398765
1601.800000000 80.024777 36.386765 87.234796 -0.367715 0.772883 -0.328802 0.399157
1601.900000000 80.240418 36.334808 87.188634 -0.374216 0.778821 -0.316336 0.391576
1602.100000000 80.633804 36.316114 86.946484 -0.371239 0.777030 -0.322672 0.392796
1602.200000000 84.299955 35.010890 85.125816 -0.363735 0.788190 -0.324784 0.375458
1603.200000000 85.512587 35.079576 84.920513 -0.321909 0.698477 -0.368814 0.521998
1603.300000000 85.901792 34.890185 85.046279 -0.373174 0.723481 -0.300047 0.497281
1603.400000000 85.765007 35.021780 85.014474 -0.368270 0.722588 -0.305110 0.499151
1603.500000000 86.200672 34.964270 84.909067 -0.369457 0.724936 -0.302533 0.496429
1603.700000000 86.169616 35.020027 84.887840 -0.377264 0.728314 -0.291386 0.492265
1603.900000000 86.370526 35.020611 84.806500 -0.381547 0.730966 -0.284999 0.488759
1604.100000000 86.584958 35.028353 84.677682 -0.376606 0.730401 -0.291351 0.489690
1604.200000000 86.697434 35.051173 84.585065 -0.375755 0.730883 -0.291979 0.489251
1604.600000000 87.180750 34.866307 84.565659 -0.416920 0.737672 -0.237580 0.474946
1605.400000000 87.950529 34.764009 83.990552 -0.424509 0.740260 -0.227070 0.469304
1605.500000000 88.089185 34.750110 83.882906 -0.423077 0.739796 -0.229369 0.470210
1605.700000000 88.300501 34.707124 83.717139 -0.422444 0.738316 -0.230356 0.472617
1605.800000000 88.415644 34.675329 83.628978 -0.421612 0.737764 -0.231666 0.473580
1606.500000000 89.211286 34.388383 82.936312 -0.412905 0.733884 -0.243305 0.481379
1606.600000000 89.312156 34.323216 82.855605 -0.416030 0.734125 -0.239218 0.480369
1606.700000000 89.432270 34.254767 82.749111 -0.415762 0.734490 -0.239799 0.479753
1606.800000000 89.546227 34.193624 82.659900 -0.416077 0.734348 -0.238974 0.480108
1606.900000000 89.626918 34.139932 82.562275 -0.415766 0.732763 -0.240200 0.482184
1607.300000000 90.089032 33.876471 82.174337 -0.419118 0.731475 -0.234886 0.483851
1607.400000000 90.204882 33.802256 82.046660 -0.417579 0.731635 -0.237371 0.483729
1607.800000000 90.641225 33.513753 81.643012 -0.419975 0.729117 -0.235212 0.486503
1607.900000000 90.733860 33.448402 81.549938 -0.420021 0.727780 -0.234944 0.488589
1608.100000000 90.965393 33.311796 81.364876 -0.423824 0.725609 -0.230054 0.490857
1608.600000000 91.477410 32.954986 80.836185 -0.422687 0.722114 -0.232717 0.495712
1609.100000000 92.025586 32.634945 80.342203 -0.422873 0.718366 -0.233356 0.500674
1609.200000000 92.108165 32.579506 80.285614 -0.424905 0.716689 -0.230876 0.502503
1609.400000000 92.327457 32.475268 80.066330 -0.422823 0.715844 -0.233838 0.504092
1609.500000000 92.358000 32.443514 79.986665 -0.420984 0.713417 -0.236438 0.507844
1609.600000000 92.374990 32.415655 79.882678 -0.417862 0.711711 -0.241694 0.510336
1609.700000000 92.486865 32.373764 79.788516 -0.417452 0.711205 -0.242913 0.510798
1609.800000000 92.527382 32.359334 79.711724 -0.417362 0.709101 -0.243357 0.513578
1609.900000000 92.642095 32.313665 79.640722 -0.417079 0.708808 -0.243308 0.514235
1610.000000000 92.767618 32.277781 79.575113 -0.418189 0.707749 -0.242172 0.515328
1610.500000000 93.380121 32.128495 79.240941 -0.421391 0.702666 -0.238161 0.521507
1610.600000000 93.493881 32.140059 79.171994 -0.423849 0.698705 -0.234676 0.526394
1611.100000000 94.115572 32.078279 78.901432 -0.424067 0.698671 -0.235676 0.525817
1611.500000000 96.343029 31.373009 76.250368 -0.425884 0.708875 -0.217227 0.518587
1611.600000000 96.451419 31.388600 76.215670 -0.424808 0.707637 -0.218831 0.520482
1611.800000000 96.645805 31.417026 76.140836 -0.426219 0.708490 -0.216886 0.518980
1611.900000000 96.753629 31.434389 76.096285 -0.426942 0.709916 -0.216205 0.516716
1612.000000000 96.839362 31.459903 76.066270 -0.427507 0.709491 -0.214943 0.517358
1612.100000000 96.932733 31.477045 76.040256 -0.427952 0.710230 -0.214197 0.516285
1612.200000000 97.021105 31.500634 76.020408 -0.427002 0.709824 -0.215841 0.516945
1612.700000000 97.156998 31.582501 76.066115 -0.418267 0.708136 -0.228679 0.520866
1613.000000000 97.428427 31.764571 75.911930 -0.420089 0.710450 -0.226465 0.517203
1613.200000000 97.635881 31.873837 75.872186 -0.421456 0.708776 -0.222894 0.519933
1613.300000000 97.709575 31.936864 75.844609 -0.421810 0.709010 -0.222001 0.519708
1613.400000000 97.746299 31.983445 75.844934 -0.421541 0.708973 -0.222459 0.519782
1613.600000000 97.922179 32.086284 75.819567 -0.420000 0.710657 -0.224912 0.517670
1613.700000000 97.949755 32.148480 75.846274 -0.419462 0.711752 -0.226094 0.516083
1613.800000000 98.064914 32.206448 75.836551 -0.418509 0.714901 -0.227627 0.511813
1613.900000000 98.199098 32.240739 75.837242 -0.419633 0.718296 -0.226084 0.506798
1614.100000000 98.439485 32.354592 75.865905 -0.420347 0.719520 -0.225254 0.504836
1614.500000000 98.569242 32.668330 75.889317 -0.418360 0.718446 -0.228410 0.506596
1614.700000000 99.164700 31.739467 72.391444 -0.424330 0.722586 -0.199695 0.507873
1614.900000000 99.098739 31.917935 72.460492 -0.424481 0.722300 -0.199736 0.508137
1615.400000000 99.671367 32.337704 72.535947 -0.425015 0.722902 -0.198850 0.507182
1615.500000000 99.698996 32.442187 72.549680 -0.425462 0.722753 -0.198454 0.507174
1615.600000000 99.844604 32.527922 72.581662 -0.427643 0.722786 -0.195199 0.506557
1616.100000000 100.443495 32.974585 72.664436 -0.429645 0.723721 -0.192310 0.504628
1616.200000000 100.319131 33.088897 72.694347 -0.429300 0.723578 -0.193227 0.504777
1616.300000000 100.378607 33.189494 72.715939 -0.429053 0.723424 -0.193678 0.505035
1616.400000000 100.516402 33.278007 72.731413 -0.430622 0.723825 -0.191261 0.504044
1616.500000000 100.516909 33.375733 72.758480 -0.431511 0.723968 -0.190143 0.503503
1616.600000000 100.583523 33.476771 72.777106 -0.431392 0.723725 -0.190238 0.503917
1616.700000000 100.691870 33.561679 72.787784 -0.429949 0.723687 -0.192204 0.504459
1616.800000000 100.793198 33.656107 72.804357 -0.428802 0.723040 -0.193574 0.505837
1617.300000000 101.213087 34.113134 72.849659 -0.433303 0.724316 -0.187572 0.502425
1617.500000000 101.507540 34.263669 72.851009 -0.433315 0.725107 -0.187855 0.501168
1617.700000000 101.682257 34.429112 72.857069 -0.434746 0.725420 -0.185844 0.500224
1617.800000000 101.737735 34.518944 72.854141 -0.433175 0.724920 -0.188261 0.501407
1617.900000000 101.812357 34.595823 72.868093 -0.433737 0.724989 -0.187276 0.501190
1618.600000000 100.855851 32.918253 68.029489 -0.442338 0.721375 -0.149174 0.511569
1618.800000000 101.100463 33.049107 68.014642 -0.446211 0.722249 -0.143548 0.508573
1618.900000000 101.269064 33.119297 67.991942 -0.446224 0.722386 -0.143688 0.508327
1619.000000000 101.241635 33.178124 67.986571 -0.446624 0.722572 -0.143183 0.507854
1619.200000000 101.606340 33.279720 67.936196 -0.447376 0.723650 -0.142318 0.505896
1619.500000000 101.857404 33.445093 67.854069 -0.447089 0.724134 -0.142601 0.505377
1619.800000000 102.284676 33.614602 67.747211 -0.446169 0.723596 -0.143712 0.506645
1620.300000000 102.925645 33.803750 67.540783 -0.447374 0.725002 -0.142057 0.504033
1620.500000000 102.999922 33.884841 67.452433 -0.446738 0.724871 -0.143158 0.504472
1620.700000000 103.282887 33.948510 67.335506 -0.446351 0.725147 -0.143651 0.504278
1620.800000000 103.371831 33.979923 67.280043 -0.445552 0.724943 -0.144805 0.504948
1621.100000000 103.751754 34.047261 67.119181 -0.447560 0.725562 -0.142020 0.503072
1621.600000000 104.249839 34.129415 66.800176 -0.447620 0.725771 -0.141802 0.502778
1622.400000000 105.121760 34.135511 66.198012 -0.448916 0.725339 -0.140016 0.502745
1622.600000000 105.339883 34.127261 66.002726 -0.449525 0.725275 -0.139500 0.502437
1622.800000000 105.552637 34.081132 65.823866 -0.449030 0.725131 -0.139988 0.502952
1622.900000000 105.650071 34.055997 65.734936 -0.449682 0.725260 -0.138994 0.502459
1623.000000000 105.742742 34.028450 65.649973 -0.450954 0.725117 -0.137276 0.501998
1623.100000000 105.867569 34.002603 65.525974 -0.450340 0.725423 -0.138449 0.501785
1623.200000000 105.981483 33.961507 65.422876 -0.451206 0.726160 -0.137371 0.500234
1623.300000000 106.089187 33.945087 65.314227 -0.450255 0.724778 -0.138364 0.502814
1623.500000000 106.303381 33.854379 65.102121 -0.451054 0.725102 -0.137349 0.501909
1623.700000000 106.526962 33.769444 64.865966 -0.450276 0.725007 -0.138178 0.502517
1623.800000000 104.754525 29.570794 57.018084 -0.458491 0.722177 -0.101537 0.507874
1623.900000000 104.862214 29.539357 56.889722 -0.459031 0.722265 -0.100691 0.507430
1624.000000000 104.970845 29.490859 56.768761 -0.458477 0.722077 -0.101469 0.508042
1624.100000000 105.073420 29.443719 56.656599 -0.458061 0.721436 -0.102010 0.509219
1624.700000000 105.759079 29.155451 55.871853 -0.459520 0.721720 -0.100126 0.507874
1624.900000000 105.952600 29.076600 55.573874 -0.458272 0.721697 -0.101924 0.508676
1625.300000000 106.361008 28.879295 55.033604 -0.457872 0.720583 -0.102242 0.510549
1625.400000000 106.484250 28.847963 54.877584 -0.458353 0.720614 -0.101903 0.510142
1625.600000000 106.722663 28.742247 54.610694 -0.459660 0.720654 -0.100040 0.509276
1625.700000000 106.821815 28.698708 54.476959 -0.460190 0.720198 -0.099322 0.509584
1625.800000000 106.947531 28.640267 54.369796 -0.460447 0.719434 -0.098355 0.510616
1625.900000000 107.075064 28.608432 54.213487 -0.461914 0.719863 -0.096753 0.508990
1626.000000000 107.162494 28.572334 54.078202 -0.460842 0.719047 -0.097839 0.510905
1626.100000000 107.267798 28.538477 53.932340 -0.460682 0.718971 -0.098076 0.511110
1626.200000000 107.366893 28.478126 53.812699 -0.459756 0.719156 -0.099328 0.511442
1626.400000000 107.595184 28.388614 53.568740 -0.460599 0.718254 -0.097913 0.512224
1626.600000000 107.847847 28.315436 53.315241 -0.462507 0.717750 -0.095249 0.511713
1626.700000000 107.970124 28.271658 53.195098 -0.462318 0.717872 -0.095425 0.511679
1626.800000000 108.035827 28.252984 53.052166 -0.460201 0.717663 -0.098361 0.513323
1627.100000000 108.352905 28.154919 52.700456 -0.460402 0.716744 -0.097872 0.514519
1627.400000000 108.680177 28.105546 52.352021 -0.461055 0.709803 -0.093080 0.524351
1627.700000000 108.971772 28.046154 52.067585 -0.462044 0.707300 -0.090518 0.527303
1628.000000000 109.257470 28.059236 51.774416 -0.460695 0.707150 -0.092676 0.528310
1628.300000000 109.578869 28.066634 51.536123 -0.461319 0.707596 -0.091968 0.527291
1628.900000000 110.054796 28.136271 51.197091 -0.460623 0.707524 -0.093285 0.527763
1629.100000000 110.181816 28.192569 51.096662 -0.461293 0.708200 -0.092637 0.526385
1629.300000000 110.328409 28.237899 51.034084 -0.461712 0.708458 -0.092457 0.525701
1629.400000000 110.394173 28.277782 50.990582 -0.460605 0.708731 -0.094169 0.525999
1630.600000000 109.115797 27.361901 52.516765 -0.463339 0.707740 -0.093683 0.525018
1630.800000000 109.202930 27.483444 52.504264 -0.462833 0.710382 -0.094943 0.521659
1631.100000000 109.406429 27.707563 52.534681 -0.462066 0.708440 -0.095386 0.524890
1631.400000000 109.552987 27.915111 52.586785 -0.463737 0.709610 -0.093523 0.522164
1631.600000000 109.618743 28.067974 52.631052 -0.464783 0.709251 -0.091908 0.522008
1631.700000000 109.661374 28.138097 52.657226 -0.464837 0.709751 -0.091778 0.521304
1631.900000000 109.860052 28.302010 52.673780 -0.462778 0.711066 -0.095010 0.520764
1632.000000000 109.892392 28.380155 52.713492 -0.463307 0.710358 -0.094172 0.521411
1632.100000000 109.928379 28.454049 52.741297 -0.463287 0.710871 -0.094091 0.520745
1632.300000000 110.036650 28.612833 52.796233 -0.463339 0.714451 -0.096238 0.515378
1632.400000000 110.084689 28.693076 52.825792 -0.462718 0.717128 -0.098232 0.511829
1633.300000000 110.283979 29.557265 52.857370 -0.477706 0.718625 -0.078349 0.499237
1634.600000000 111.150522 30.361688 52.961401 -0.474629 0.718564 -0.082219 0.501630
1634.900000000 111.338131 30.604329 52.839250 -0.478471 0.719461 -0.077396 0.497445
1635.000000000 111.468044 30.630732 52.856634 -0.476217 0.719235 -0.080219 0.499483
1635.200000000 111.674249 30.710496 52.833092 -0.474232 0.719477 -0.082939 0.500578
1635.300000000 111.687097 30.752849 52.822782 -0.474281 0.719776 -0.082783 0.500128
1635.400000000 111.763606 30.794448 52.797533 -0.473829 0.720170 -0.083551 0.499861
1635.500000000 111.747030 30.837764 52.792775 -0.474382 0.719516 -0.082747 0.500411
1636.200000000 112.345842 31.191907 52.474004 -0.475751 0.720942 -0.081333 0.497281
1636.400000000 108.662069 26.676633 45.023552 -0.490753 0.707740 -0.038505 0.506739
1636.500000000 108.677739 26.704928 44.990989 -0.490620 0.707841 -0.038866 0.506698
1636.700000000 108.799564 26.795341 44.895806 -0.490842 0.707775 -0.038500 0.506603
1637.100000000 109.237809 26.993721 44.640863 -0.492077 0.708654 -0.037276 0.504262
1637.200000000 109.343814 27.051978 44.561550 -0.492674 0.708739 -0.036502 0.503616
1637.500000000 109.422783 27.130713 44.424402 -0.493272 0.708127 -0.035387 0.503970
1637.900000000 109.750450 27.261107 44.166330 -0.492782 0.709100 -0.036892 0.502974
1638.000000000 109.917850 27.320068 44.075473 -0.493071 0.709052 -0.035868 0.502832
1638.200000000 109.940753 27.378192 43.957827 -0.495489 0.708263 -0.032517 0.501793
1638.300000000 110.051284 27.412581 43.879238 -0.495350 0.708885 -0.033210 0.501007
1638.400000000 110.204741 27.461677 43.786848 -0.495182 0.708965 -0.033327 0.501052
1638.600000000 110.300875 27.515959 43.648958 -0.496132 0.709024 -0.032185 0.500102
1638.700000000 110.441852 27.559277 43.568716 -0.495893 0.708464 -0.032211 0.501130
1639.100000000 110.819172 27.713453 43.231796 -0.498060 0.708720 -0.029777 0.498764
1639.400000000 111.086096 27.794460 42.993661 -0.496654 0.709257 -0.032004 0.499265
1640.200000000 111.751300 28.051503 42.330615 -0.497577 0.709296 -0.030355 0.498392
1640.300000000 111.851822 28.087806 42.253151 -0.497469 0.708751 -0.030029 0.499295
1640.500000000 112.062227 28.167436 42.080717 -0.497599 0.708526 -0.029261 0.499529
1641.000000000 112.555997 28.368300 41.649655 -0.498659 0.708219 -0.027904 0.498985
1641.200000000 112.702406 28.448025 41.471102 -0.501061 0.708663 -0.025164 0.496087
1641.300000000 112.802916 28.479392 41.414779 -0.499050 0.707746 -0.026455 0.499345
1641.400000000 112.907685 28.520381 41.326586 -0.498857 0.707987 -0.027046 0.499164
1642.100000000 113.401948 28.793777 40.797540 -0.502627 0.706940 -0.021641 0.497125
1642.400000000 113.763162 28.974217 40.554427 -0.503881 0.706266 -0.019388 0.496907
1643.000000000 112.203131 28.644608 40.759025 -0.515241 0.698133 -0.006546 0.497085
1643.400000000 105.571628 23.995900 36.264438 -0.533565 0.672730 0.032196 0.511572
1643.600000000 105.780282 24.188391 36.151856 -0.532595 0.673238 0.030696 0.512007
1643.700000000 105.899538 24.293429 36.095696 -0.532016 0.674053 0.029921 0.511582
1643.800000000 105.865369 24.356763 36.073195 -0.534095 0.672989 0.033169 0.510615
1644.000000000 106.178491 24.600446 35.963870 -0.531567 0.673136 0.030573 0.513215
1644.100000000 106.226401 24.689647 35.929943 -0.531033 0.673985 0.029188 0.512734
1644.600000000 106.730157 25.307350 35.759803 -0.529622 0.673019 0.029341 0.515446
1644.700000000 106.806835 25.428062 35.740518 -0.529498 0.672843 0.029787 0.515778
1644.800000000 106.985662 25.593181 35.701521 -0.527862 0.672700 0.027836 0.517747
1644.900000000 107.002569 25.695554 35.688598 -0.528405 0.673443 0.028095 0.516211
1645.100000000 107.154393 25.954376 35.652359 -0.528391 0.674854 0.027670 0.514402
1645.400000000 107.296083 26.290205 35.700743 -0.526326 0.673785 0.026664 0.517961
1645.700000000 107.395987 26.665654 35.711830 -0.528256 0.674881 0.029195 0.514421
1645.900000000 107.564311 26.939902 35.705837 -0.527277 0.677611 0.026907 0.511955
1646.000000000 107.666112 27.080985 35.712561 -0.526331 0.678788 0.025634 0.511435
1646.200000000 107.878429 27.401605 35.727546 -0.526078 0.677329 0.025866 0.513612
1646.400000000 99.683630 25.612015 33.990956 -0.539210 0.662142 0.042757 0.518645
1646.500000000 99.813896 25.798374 33.986519 -0.539019 0.662930 0.041927 0.517904
1647.900000000 98.406639 25.466577 36.017828 -0.444521 0.641924 0.004614 0.624751
1648.100000000 99.319362 26.283463 35.565387 -0.460545 0.672945 -0.035083 0.577765
1648.700000000 99.129808 27.043582 35.572222 -0.433846 0.675535 -0.069004 0.592173
1648.900000000 99.046871 27.347101 35.503915 -0.412928 0.675012 -0.090866 0.604643
1649.000000000 99.151985 27.434367 35.542991 -0.413866 0.675884 -0.090337 0.603104
1649.400000000 98.180307 28.099700 35.255496 -0.365802 0.667476 -0.135556 0.634263
1649.500000000 98.255792 28.192985 35.299072 -0.367054 0.667596 -0.133906 0.633764
1649.800000000 98.704282 28.456451 35.400552 -0.369488 0.669986 -0.130481 0.630533
1650.000000000 98.983974 28.629350 35.454799 -0.369263 0.670271 -0.130469 0.630365
1650.100000000 99.068840 28.697418 35.514787 -0.369182 0.669722 -0.130125 0.631066
1650.500000000 91.004227 29.295314 38.114170 -0.374486 0.658674 -0.119093 0.641658
1651.400000000 92.259126 29.946200 38.234226 -0.376420 0.656610 -0.115608 0.643278
1651.800000000 92.832852 30.266508 38.182763 -0.374291 0.655170 -0.116921 0.645746
1652.000000000 93.155309 30.357301 38.185749 -0.374342 0.655318 -0.116556 0.645632
1652.300000000 93.617712 30.516697 38.149667 -0.374297 0.654401 -0.116003 0.646688
1652.400000000 93.737270 30.561205 38.123196 -0.374936 0.655001 -0.115156 0.645861
1653.100000000 94.942617 30.786815 37.998794 -0.381024 0.656214 -0.109005 0.642123
1653.200000000 95.147158 30.841147 37.948948 -0.381159 0.656657 -0.109080 0.641577
1653.500000000 95.499614 30.977437 37.756199 -0.378464 0.657059 -0.111585 0.642329
1653.700000000 95.791386 31.005753 37.674277 -0.378628 0.657314 -0.111426 0.642000
1653.900000000 96.012150 31.060108 37.544053 -0.376521 0.657390 -0.112914 0.642900
1654.000000000 96.203711 31.076961 37.495651 -0.376528 0.658011 -0.113254 0.642200
1654.100000000 96.324483 31.080979 37.444180 -0.377633 0.658218 -0.112145 0.641533
1654.600000000 96.964971 31.279339 36.987131 -0.370332 0.659948 -0.118379 0.642892
1654.700000000 97.065952 31.242337 36.945777 -0.374460 0.660514 -0.114950 0.640537
1654.800000000 97.231677 31.201366 36.920543 -0.377941 0.661080 -0.111610 0.638496
1655.000000000 97.502533 31.237620 36.733186 -0.374113 0.661937 -0.115228 0.639219
1655.100000000 97.630222 31.233978 36.666162 -0.375744 0.661880 -0.113336 0.638660
1655.200000000 97.778133 31.266051 36.562782 -0.375522 0.662195 -0.113819 0.638378
1655.300000000 97.898507 31.275006 36.489875 -0.374926 0.661862 -0.114007 0.639040
1656.700000000 98.665388 31.341290 35.216643 0.056240 0.502132 -0.441600 0.741411
1656.800000000 91.853613 34.478603 39.098109 0.052653 0.501013 -0.403963 0.763562
1656.900000000 91.983725 34.388094 39.130083 0.054306 0.500999 -0.403756 0.763565
1657.200000000 92.337106 34.030047 39.268326 0.058221 0.505669 -0.399661 0.762352
1657.400000000 92.584073 33.792963 39.364405 0.062563 0.508972 -0.396553 0.761432
1657.600000000 92.080784 34.577906 39.075330 0.089609 0.415629 -0.402801 0.810539
1657.700000000 92.161330 34.468043 39.173600 0.086345 0.414870 -0.401593 0.811881
1657.800000000 92.231003 34.369890 39.240472 0.082072 0.415915 -0.399180 0.812979
1658.000000000 92.434775 34.204120 39.361827 0.087986 0.414965 -0.399619 0.812630
1658.300000000 92.640685 33.929662 39.628281 0.084325 0.412374 -0.396484 0.815866
1658.400000000 92.696373 33.956387 39.651210 0.084791 0.410692 -0.396850 0.816488
1658.600000000 92.881570 33.829359 39.831230 0.082521 0.410630 -0.394912 0.817691
1658.700000000 92.968848 33.798626 39.878594 0.083429 0.410838 -0.394393 0.817744
1658.800000000 93.048433 33.745792 39.960611 0.083270 0.409529 -0.394177 0.818521
1659.000000000 93.233513 33.675640 40.098685 0.084680 0.409791 -0.393512 0.818565
1659.100000000 93.347994 33.607813 40.220092 0.086444 0.408535 -0.393584 0.818974
1659.200000000 93.422276 33.627829 40.246390 0.087097 0.407748 -0.393975 0.819109
1659.300000000 93.490470 33.523162 40.357038 0.086820 0.408139 -0.393099 0.819364
1659.600000000 93.774973 33.564764 40.415495 0.108109 0.407625 -0.399769 0.813842
1659.700000000 93.855136 33.567715 40.521823 0.105211 0.408462 -0.398268 0.814538
1659.800000000 93.917244 33.569458 40.600881 0.104988 0.406994 -0.398117 0.815375
1659.900000000 93.950109 33.587681 40.650623 0.104454 0.404870 -0.397798 0.816655
1660.000000000 94.015342 33.584486 40.710997 0.104488 0.404480 -0.397590 0.816946
1660.300000000 94.227261 33.581460 40.851769 0.112066 0.401617 -0.399273 0.816533
1660.400000000 94.335193 33.575121 40.944186 0.116510 0.401833 -0.400297 0.815303
1660.600000000 92.362482 35.570878 43.181874 0.115669 0.404930 -0.337737 0.841775
1660.700000000 92.436181 35.623821 43.247046 0.117802 0.403913 -0.338252 0.841761
1660.900000000 92.575288 35.495567 43.494180 0.118703 0.404490 -0.337542 0.841643
1661.000000000 92.664370 35.508603 43.594874 0.120854 0.404174 -0.337701 0.841425
1661.100000000 92.754745 35.435518 43.745831 0.122799 0.404716 -0.337579 0.840931
1661.200000000 92.820263 35.358931 43.860626 0.121857 0.406184 -0.336817 0.840666
1661.300000000 92.913120 35.451453 43.910946 0.124945 0.405555 -0.337864 0.840096
1661.400000000 92.920166 35.315265 44.057694 0.117997 0.407724 -0.336119 0.840751
1661.700000000 93.113995 35.078837 44.477814 0.109867 0.405547 -0.331195 0.844849
1662.000000000 93.427546 34.963365 44.898336 0.120127 0.409867 -0.332772 0.840738
1662.600000000 93.981499 34.561718 45.625251 0.124550 0.421578 -0.327094 0.836522
1662.800000000 94.134658 34.539710 45.913101 0.126766 0.418478 -0.328626 0.837145
1663.100000000 94.287480 34.364386 46.303541 0.114698 0.416876 -0.322841 0.841922
1663.200000000 94.479180 34.296916 46.443820 0.125038 0.421279 -0.324700 0.837532
1663.500000000 94.570310 34.197210 46.804725 0.096989 0.414171 -0.314593 0.848579
1663.900000000 101.456805 35.593858 46.350280 0.096309 0.394026 -0.234283 0.883504
1664.000000000 101.660787 35.508084 46.508232 0.102243 0.399667 -0.233980 0.880378
1664.500000000 102.105937 35.456806 46.997512 0.093050 0.392401 -0.227531 0.886337
1664.600000000 102.188809 35.398623 47.089406 0.092971 0.392220 -0.226969 0.886569
1665.000000000 102.525985 35.149447 47.396445 0.104839 0.388964 -0.226736 0.886739
1665.200000000 102.687093 35.124216 47.493361 0.095621 0.384445 -0.222329 0.890858
1665.300000000 102.770889 35.049167 47.554296 0.094013 0.384522 -0.220680 0.891406
1665.500000000 102.937739 35.017058 47.675108 0.091736 0.379068 -0.218150 0.894596
1665.700000000 103.185176 34.898889 47.781856 0.091789 0.380295 -0.215458 0.894722
1666.200000000 103.047927 35.731634 46.902196 0.076677 0.382911 -0.214007 0.895378
1667.100000000 103.937133 35.815683 46.747204 0.071922 0.400230 -0.204891 0.890316
1667.200000000 103.989411 35.851058 46.700947 0.071009 0.399029 -0.204397 0.891042
1667.300000000 104.090442 35.872328 46.692031 0.068865 0.399729 -0.203687 0.891059
1667.700000000 104.530715 35.872615 46.712279 0.062343 0.401852 -0.199031 0.891636
1668.400000000 105.279273 36.002442 46.625318 0.053453 0.411210 -0.193271 0.889211
1668.600000000 105.364445 36.029914 46.573747 0.052071 0.405041 -0.192546 0.892276
1668.900000000 105.993838 36.341108 46.719841 0.024164 0.408881 -0.178512 0.894632
1669.100000000 106.175215 36.312593 46.714911 0.024482 0.410370 -0.177900 0.894063
1669.500000000 106.281761 36.260235 46.503574 0.036147 0.413212 -0.183368 0.891249
1669.600000000 106.517462 36.300228 46.628061 0.025609 0.412786 -0.178325 0.892834
1669.900000000 106.787727 36.343584 46.678735 0.018962 0.409206 -0.174231 0.895452
1670.400000000 107.138444 36.402218 46.638015 0.014902 0.411009 -0.171751 0.895182
1670.600000000 107.299778 36.374825 46.663359 0.018811 0.415133 -0.173380 0.892889
1670.700000000 107.407701 36.390696 46.691671 0.014245 0.415883 -0.171730 0.892943
1670.800000000 117.332236 40.887648 44.491862 0.037533 0.393933 -0.081258 0.914771
1671.200000000 117.710389 40.767827 44.746054 0.040960 0.392365 -0.079539 0.915448
1671.300000000 117.766656 40.758242 44.775770 0.041242 0.393018 -0.079383 0.915169
1671.400000000 117.881405 40.710443 44.860823 0.043148 0.394299 -0.079406 0.914528
1671.600000000 118.119283 40.636258 45.022639 0.044248 0.396984 -0.079115 0.913338
1672.100000000 118.674330 40.474007 45.456490 0.041592 0.401721 -0.074369 0.911789
1672.200000000 118.793745 40.412409 45.542363 0.042240 0.405060 -0.072676 0.910418
1672.300000000 118.900173 40.364091 45.627411 0.043701 0.407013 -0.072130 0.909521
1672.500000000 119.044989 40.309709 45.710582 0.049090 0.413683 -0.071822 0.906255
1672.600000000 119.245028 40.334280 45.881715 0.041014 0.415919 -0.066632 0.906030
1672.700000000 119.353034 40.310055 45.970205 0.042957 0.418932 -0.065731 0.904616
1672.900000000 119.594836 40.238621 46.172535 0.042651 0.423632 -0.069915 0.902124
1673.200000000 118.653915 41.089121 45.385966 0.015136 0.390493 -0.080732 0.916934
1674.300000000 116.841200 42.195676 43.761530 -0.034570 0.353435 -0.070970 0.932122
1674.400000000 118.286116 41.018324 45.356333 0.058489 0.376646 -0.088650 0.920249
1674.500000000 118.413887 40.849388 45.494486 0.050588 0.377604 -0.085572 0.920616
1674.700000000 119.188069 39.351208 45.317357 0.097068 0.487555 -0.081210 0.863871
1674.800000000 119.400210 39.442973 43.985822 0.193526 0.604901 -0.071439 0.769116
1674.900000000 126.917487 44.183880 37.519667 0.181673 0.647597 0.027636 0.739493
1675.300000000 127.817825 43.750805 36.768531 0.227427 0.783259 -0.027787 0.577936
1675.500000000 127.020295 44.034349 37.119963 0.206542 0.799433 0.030013 0.563335
1675.600000000 127.092674 44.004989 37.140113 0.205298 0.799661 0.033328 0.563279
1675.700000000 127.193173 44.023414 37.144785 0.203683 0.799897 0.036094 0.563360
1675.800000000 127.258646 44.088327 37.194256 0.203950 0.800763 0.037634 0.561932
1675.900000000 127.358139 44.150140 37.229557 0.206890 0.801540 0.035454 0.559887
1676.000000000 127.404985 44.250479 37.286562 0.207763 0.802534 0.035878 0.558109
1676.300000000 127.881726 44.018946 37.113795 0.198182 0.806917 0.051882 0.554001
1676.500000000 127.922725 44.284018 37.284511 0.202585 0.808069 0.047895 0.551081
1676.600000000 128.028611 44.387682 37.318612 0.203471 0.810017 0.049728 0.547721
1676.700000000 128.106473 44.461354 37.331526 0.204159 0.811200 0.050316 0.545658
1676.800000000 128.106897 44.591153 37.444376 0.203055 0.809578 0.049733 0.548524
1676.900000000 128.163508 44.632488 37.482993 0.203650 0.809691 0.049504 0.548157
1677.000000000 128.235740 44.694858 37.518007 0.204389 0.811006 0.050672 0.545827
1677.100000000 128.287220 44.781252 37.553519 0.204502 0.812240 0.051695 0.543851
1677.400000000 128.416606 44.769246 37.625080 0.205123 0.811846 0.050191 0.544346
1677.800000000 128.745072 44.822185 37.710603 0.195199 0.810966 0.062304 0.548042
1678.100000000 128.701385 45.333673 38.014712 0.205310 0.810708 0.053597 0.545644
1678.300000000 128.765169 45.362919 38.049232 0.205611 0.810903 0.055083 0.545092
1678.500000000 128.832737 45.416615 38.104429 0.206423 0.811521 0.056320 0.543739
1678.600000000 128.847465 45.480222 38.163854 0.206107 0.810932 0.056782 0.544688
1678.800000000 128.841977 45.542060 38.255654 0.202615 0.808208 0.060082 0.549671
1679.100000000 128.966678 45.849868 38.335615 0.212245 0.818899 0.064668 0.529316
1680.200000000 130.030042 47.039597 38.076211 0.172863 0.888620 0.098083 0.413344
1680.300000000 130.078325 47.058534 38.055687 0.173289 0.888789 0.097853 0.412857
1680.400000000 130.089500 47.090579 38.072707 0.173222 0.888580 0.097619 0.413389
1680.500000000 130.087659 47.119506 38.102164 0.172894 0.888119 0.097778 0.414479
1681.200000000 130.601445 54.876844 32.800397 0.207151 0.952070 0.121836 0.189225
1681.300000000 130.599898 54.892930 32.820739 0.206896 0.951899 0.121988 0.190265
1681.700000000 130.380658 55.064689 33.728319 0.187430 0.940629 0.104216 0.263109
1682.000000000 130.316849 55.104147 33.850916 0.186884 0.940523 0.105081 0.263531
1682.100000000 130.320277 55.092160 33.816135 0.186705 0.940618 0.105223 0.263262
1682.500000000 130.173105 55.169518 34.089502 0.185095 0.939841 0.108318 0.265908
1682.700000000 130.141719 55.161596 34.097317 0.184875 0.939948 0.107735 0.265917
1683.000000000 130.002230 55.183445 34.286345 0.184664 0.940050 0.105355 0.266657
1683.200000000 129.934612 55.210665 34.407772 0.184278 0.939374 0.104871 0.269480
1683.500000000 129.773816 55.258889 34.653918 0.186310 0.940142 0.095821 0.268774
1683.600000000 129.727965 55.232640 34.695592 0.185477 0.939475 0.097583 0.271039
1684.400000000 129.256008 55.209798 35.210635 0.186548 0.940507 0.087502 0.270165
1684.600000000 129.132800 55.157590 35.326621 0.184423 0.939431 0.093386 0.273381
1684.900000000 128.938506 55.120799 35.509158 0.183887 0.939666 0.092233 0.273324
1685.100000000 128.789682 55.100001 35.671826 0.182977 0.939503 0.093253 0.274148
1685.300000000 128.651720 55.057010 35.793654 0.182075 0.939383 0.094228 0.274826
1685.400000000 128.537515 55.064536 35.948556 0.181717 0.939527 0.094016 0.274642
1685.500000000 128.527527 54.999200 35.876962 0.182442 0.939999 0.091664 0.273340
1685.700000000 128.380824 54.958535 36.015017 0.181650 0.939831 0.092403 0.274194
1685.800000000 128.315699 54.929944 36.072317 0.181294 0.939701 0.092718 0.274768
1686.100000000 128.043561 54.861324 36.353111 0.180292 0.939584 0.093602 0.275527
1686.200000000 128.016931 54.807467 36.330041 0.180001 0.939479 0.093724 0.276034
1686.300000000 127.885594 54.809714 36.508366 0.179122 0.939242 0.095714 0.276730
1686.400000000 127.835826 54.759629 36.517807 0.179208 0.939334 0.094740 0.276695
1686.600000000 127.663914 54.697223 36.675443 0.178684 0.939487 0.094591 0.276564
1687.200000000 127.536417 57.118365 28.682088 0.160635 0.933071 0.138591 0.290460
1687.300000000 127.478868 57.065768 28.711891 0.160281 0.932964 0.138557 0.291016
1687.500000000 127.270539 56.976485 28.924908 0.159683 0.932463 0.138943 0.292760
1688.300000000 126.844657 56.525010 29.069190 0.159599 0.934070 0.133063 0.290405
1688.400000000 126.673599 56.512322 29.263947 0.158708 0.934213 0.134475 0.289783
1688.500000000 126.628547 56.450620 29.267783 0.158832 0.934643 0.132744 0.289125
1688.800000000 126.458157 56.280253 29.348495 0.158779 0.935159 0.131021 0.288272
1689.700000000 125.943772 55.790794 29.696888 0.157536 0.934302 0.129999 0.292169
1689.900000000 125.659727 55.746720 30.011649 0.156632 0.934745 0.130969 0.290803
1690.000000000 125.536737 55.723547 30.131709 0.156006 0.935015 0.131745 0.289918
1690.300000000 125.231750 55.623190 30.449216 0.155490 0.935327 0.131438 0.289326
1690.400000000 125.147735 55.588469 30.529406 0.155181 0.935424 0.131520 0.289141
1690.500000000 125.080635 55.551513 30.585599 0.154996 0.935580 0.131445 0.288772
1690.700000000 124.983132 55.461230 30.627589 0.155094 0.936360 0.130841 0.286454
1690.800000000 124.961346 55.407679 30.628848 0.155133 0.936343 0.130756 0.286529
1690.900000000 124.882052 55.371930 30.692156 0.154955 0.936765 0.130858 0.285195
1691.000000000 124.834264 55.327655 30.729125 0.155007 0.936787 0.130203 0.285396
1691.300000000 124.594744 55.230294 30.961734 0.155007 0.937457 0.129422 0.283544
1691.400000000 124.546195 55.185561 30.995909 0.155310 0.937648 0.128277 0.283266
1691.600000000 124.518529 55.096525 30.977568 0.155275 0.937661 0.128513 0.283135
1691.700000000 124.486539 55.049611 30.994985 0.155585 0.937681 0.127900 0.283177
1691.800000000 124.353131 55.030298 31.167802 0.156568 0.937837 0.125236 0.283310
1692.200000000 124.229158 54.883430 31.242589 0.156658 0.937773 0.125845 0.283201
1692.400000000 124.200069 54.798868 31.230149 0.156923 0.937711 0.126153 0.283124
1692.600000000 124.030562 54.768216 31.450174 0.156492 0.937356 0.127646 0.283868
1692.700000000 123.981820 54.738028 31.502726 0.156468 0.937265 0.127862 0.284083
1692.800000000 123.977246 54.700765 31.491571 0.156684 0.937212 0.127833 0.284153
1692.900000000 123.910775 54.685548 31.577093 0.156425 0.937039 0.128806 0.284426
1693.100000000 123.709997 54.667701 31.855531 0.156364 0.936864 0.128707 0.285081
1693.400000000 123.566762 54.590814 32.030157 0.157734 0.937482 0.125720 0.283625
1693.500000000 123.498013 54.586989 32.147961 0.156466 0.936734 0.129158 0.285247
1693.600000000 123.445504 54.562844 32.221868 0.157016 0.936920 0.127861 0.284919
1693.700000000 123.414277 54.542136 32.278761 0.157364 0.937077 0.127232 0.284492
1693.900000000 123.275469 54.511934 32.496981 0.157906 0.937456 0.126130 0.283432
1694.000000000 123.224221 54.501765 32.584656 0.157617 0.937463 0.126918 0.283217
1694.100000000 123.172949 54.490099 32.680762 0.157520 0.937475 0.127316 0.283054
1694.300000000 123.059236 54.470249 32.895670 0.157373 0.937924 0.127708 0.281464
1695.000000000 122.621971 55.522303 26.662267 0.155098 0.927174 0.164592 0.298669
1695.100000000 122.600559 55.501229 26.763551 0.156156 0.927590 0.162207 0.298129
1695.200000000 122.570609 55.474886 26.875712 0.155965 0.927342 0.163109 0.298507
1695.300000000 122.525273 55.439492 27.003425 0.156131 0.927244 0.163100 0.298731
1695.600000000 122.394527 55.390210 27.381178 0.156882 0.928068 0.161104 0.296856
1696.100000000 122.144587 55.251785 28.109409 0.155495 0.927340 0.165716 0.297323
1696.200000000 122.112616 55.223689 28.246867 0.156357 0.927500 0.163937 0.297358
1696.300000000 122.078628 55.190964 28.375235 0.156572 0.927436 0.163901 0.297464
1696.400000000 122.056810 55.193676 28.497118 0.157362 0.928135 0.161723 0.296056
1696.500000000 122.035873 55.185771 28.616958 0.158376 0.928811 0.159171 0.294774
1696.600000000 121.985222 55.131691 28.747345 0.156809 0.928215 0.163215 0.295277
1696.700000000 121.939918 55.119587 28.903348 0.158060 0.928850 0.160492 0.294104
1696.800000000 121.903856 55.083395 29.054377 0.158017 0.928452 0.161222 0.294983
1696.900000000 121.843802 55.055709 29.232361 0.157727 0.928305 0.162036 0.295155
1697.300000000 121.694016 54.919833 29.774366 0.157623 0.928058 0.163642 0.295102
1697.500000000 121.585410 54.869801 30.116314 0.157754 0.928039 0.163361 0.295245
1697.700000000 121.514318 54.781482 30.379351 0.156878 0.927368 0.166289 0.296186
1697.900000000 121.422739 54.717367 30.693982 0.157178 0.927305 0.166056 0.296354
1698.000000000 121.357796 54.712236 30.910131 0.158676 0.927846 0.162198 0.295999
1698.100000000 121.352394 54.648398 30.975699 0.157779 0.927357 0.165037 0.296441
1698.200000000 121.255678 54.629214 31.231212 0.157755 0.927181 0.164760 0.297157
1698.900000000 121.640154 53.612597 29.217503 0.169231 0.913442 0.200389 0.311172
1699.100000000 121.540202 53.513675 29.483357 0.169058 0.912858 0.201409 0.312319
1699.200000000 121.455874 53.471217 29.670144 0.169407 0.912732 0.200544 0.313056
1699.300000000 121.421350 53.427980 29.767459 0.169197 0.912796 0.200717 0.312872
1699.400000000 121.366892 53.385180 29.899470 0.169416 0.912814 0.200212 0.313025
1699.700000000 121.239135 53.251386 30.210285 0.170288 0.913269 0.198111 0.312561
1700.400000000 120.845541 52.941923 30.992273 0.170945 0.913308 0.196053 0.313385
1701.400000000 120.226208 52.472706 31.915880 0.171300 0.913037 0.195075 0.314588
1701.700000000 119.967147 52.372688 32.228587 0.171529 0.913460 0.193398 0.314272
1701.900000000 119.794164 52.305984 32.435457 0.171442 0.913454 0.193243 0.314431
1702.800000000 118.844974 52.015359 33.277423 0.171371 0.913287 0.192077 0.315667
1702.900000000 118.717348 51.971191 33.360798 0.170347 0.912728 0.194530 0.316335
1703.100000000 118.486850 51.950084 33.525384 0.171339 0.913305 0.191487 0.315991
1703.600000000 117.856311 51.857050 33.882420 0.171125 0.913667 0.190718 0.315525
1703.700000000 117.700550 51.801342 33.961568 0.170285 0.913062 0.192965 0.316362
1704.800000000 116.282431 51.636033 34.633814 0.169900 0.913572 0.191764 0.315828
1704.900000000 116.641936 51.665217 30.197472 0.191565 0.899094 0.208686 0.333740
1705.000000000 116.511847 51.653350 30.247105 0.192065 0.899119 0.207569 0.334083
1705.100000000 116.413965 51.635155 30.249122 0.192077 0.899167 0.207585 0.333937
1705.200000000 116.279887 51.619279 30.305568 0.192039 0.899322 0.207177 0.333795
1705.400000000 115.995957 51.610324 30.440327 0.191783 0.899727 0.206884 0.333031
1705.600000000 115.756395 51.562814 30.508496 0.191479 0.899588 0.207421 0.333247
1705.800000000 115.496134 51.538794 30.612491 0.190864 0.899760 0.208249 0.332619
1706.400000000 114.733381 51.417579 30.918182 0.190151 0.899785 0.209142 0.332400
1706.500000000 114.593303 51.383139 30.980439 0.189605 0.899442 0.210408 0.332839
1706.600000000 114.453306 51.377291 31.069317 0.189780 0.899732 0.209729 0.332386
1706.700000000 114.322783 51.333840 31.113862 0.188999 0.899308 0.211499 0.332856
1706.800000000 114.183718 51.300937 31.188600 0.188959 0.899206 0.211695 0.333030
1707.000000000 113.963967 51.271125 31.282806 0.188918 0.899446 0.211590 0.332470
1707.300000000 113.569638 51.240769 31.530744 0.189132 0.900564 0.209796 0.330452
1707.500000000 113.300934 51.201095 31.705039 0.188765 0.900767 0.210098 0.329916
1707.800000000 112.908862 51.137455 31.988155 0.189080 0.900960 0.209419 0.329640
1707.900000000 112.835591 51.075457 31.979801 0.187696 0.900229 0.212753 0.330295
1708.300000000 112.340609 50.984355 32.365368 0.187776 0.900527 0.212082 0.329867
1708.400000000 112.243267 50.923162 32.406189 0.186881 0.899786 0.214370 0.330918
1708.600000000 112.015381 50.848365 32.571390 0.185786 0.899272 0.216880 0.331296
1708.700000000 111.919171 50.803717 32.627801 0.185056 0.898943 0.218517 0.331520
1708.800000000 111.696295 50.833700 32.913947 0.186867 0.900501 0.213207 0.329729
1709.200000000 111.397495 50.653797 33.084973 0.184826 0.899250 0.218635 0.330737
1709.400000000 111.203755 50.578698 33.260715 0.184429 0.899109 0.219496 0.330774
1710.600000000 110.020616 50.170925 34.668030 0.188182 0.902145 0.209297 0.326981
1710.700000000 109.944469 50.139298 34.776015 0.188880 0.902635 0.207485 0.326382
1710.800000000 109.845131 50.104317 34.917378 0.189390 0.902856 0.206112 0.326345
1710.900000000 109.751280 50.066146 35.044324 0.190055 0.903322 0.204373 0.325760
1711.000000000 109.677727 50.026111 35.146738 0.190299 0.903343 0.204078 0.325745
1711.100000000 109.594460 49.991671 35.269033 0.190114 0.903056 0.204520 0.326372
1711.500000000 109.315451 49.814112 35.658977 0.189155 0.902454 0.207129 0.326949
1712.100000000 108.865693 49.516108 36.322359 0.188187 0.901027 0.210372 0.329362
1712.400000000 108.642234 49.367175 36.674907 0.189063 0.901074 0.208651 0.329827
1712.500000000 107.938479 48.401741 35.365100 0.211319 0.884985 0.229309 0.345779
1712.800000000 107.696412 48.240971 35.679824 0.210308 0.884255 0.231746 0.346637
1713.200000000 107.380173 48.074911 36.136716 0.211702 0.884658 0.228896 0.346655
1713.300000000 107.310421 48.025549 36.225530 0.211130 0.884145 0.230305 0.347377
1713.400000000 107.225152 47.970838 36.327140 0.210560 0.883610 0.231835 0.348066
1713.600000000 107.045292 47.883561 36.535236 0.211873 0.884441 0.228728 0.347214
1713.700000000 106.952094 47.850971 36.649888 0.211419 0.884253 0.229839 0.347235
1713.900000000 106.776526 47.773630 36.844918 0.211185 0.883952 0.230532 0.347685
1714.200000000 106.487834 47.660937 37.142434 0.211982 0.884106 0.228815 0.347944
1714.300000000 106.380586 47.633747 37.251743 0.211372 0.883709 0.230360 0.348301
1714.400000000 106.273560 47.603228 37.349964 0.211368 0.883637 0.230491 0.348401
1715.100000000 105.495527 47.432509 37.945387 0.212057 0.883972 0.228923 0.348167
1715.200000000 105.404899 47.411571 37.989446 0.211684 0.883534 0.229841 0.348901
1715.300000000 105.271935 47.401303 38.075420 0.210984 0.883258 0.231364 0.349016
1715.400000000 105.138206 47.387273 38.157557 0.211498 0.883604 0.230134 0.348641
1715.600000000 104.873099 47.358055 38.308452 0.212437 0.883657 0.228315 0.349131
1715.700000000 104.727659 47.358892 38.393651 0.211793 0.883501 0.229550 0.349109
1716.400000000 103.727419 47.358229 38.819380 0.212340 0.883927 0.228132 0.348627
1716.600000000 103.427696 47.372836 38.919364 0.212108 0.883937 0.228769 0.348325
1716.700000000 103.233797 47.377389 39.025693 0.212174 0.883708 0.229254 0.348547
1716.900000000 102.936149 47.394060 39.106597 0.212003 0.883697 0.229351 0.348615
1717.500000000 101.984089 47.461346 39.373813 0.212809 0.883735 0.227739 0.349083
1717.700000000 101.709966 47.485624 39.388442 0.213087 0.884095 0.226899 0.348550
1717.800000000 101.512156 47.511790 39.468122 0.212596 0.884272 0.228108 0.347611
1718.100000000 100.995768 47.565167 39.613226 0.212697 0.884230 0.228329 0.347509
1718.200000000 99.858528 49.030140 36.498985 0.233371 0.870051 0.231030 0.367661
1718.500000000 99.343180 49.105261 36.621852 0.232596 0.869687 0.232965 0.367792
1718.800000000 98.849462 49.178716 36.713581 0.232211 0.869795 0.233797 0.367251
1719.100000000 98.345170 49.238906 36.834927 0.232504 0.869871 0.232927 0.367439
1719.300000000 98.013393 49.277503 36.908748 0.232456 0.869753 0.232832 0.367809
1719.400000000 97.847441 49.291704 36.953782 0.232711 0.869315 0.232559 0.368853
1720.100000000 96.727107 49.396419 37.224705 0.232628 0.869285 0.232614 0.368941
1720.300000000 96.407171 49.424425 37.316723 0.232742 0.870039 0.231805 0.367600
1720.400000000 96.278729 49.430472 37.330772 0.232475 0.869825 0.232544 0.367809
1720.700000000 95.800119 49.455018 37.496341 0.232656 0.870085 0.231469 0.367756
1720.900000000 95.504701 49.456335 37.604975 0.233100 0.869994 0.230164 0.368510
1721.000000000 95.366221 49.458238 37.652355 0.232942 0.869783 0.230412 0.368952
1721.200000000 95.097531 49.458246 37.742153 0.232419 0.869747 0.230453 0.369342
1721.400000000 94.852181 49.442230 37.822565 0.232801 0.869006 0.229805 0.371244
1721.500000000 94.676000 49.450609 37.931224 0.232370 0.869071 0.230527 0.370914
1721.600000000 94.624900 49.420913 37.883261 0.233209 0.869128 0.228735 0.371361
1723.200000000 92.959645 49.072931 38.958044 0.230214 0.872795 0.228870 0.364484
1723.400000000 92.744112 49.022752 39.201255 0.228937 0.871738 0.231708 0.366023
1723.500000000 92.730303 48.980279 39.211570 0.228892 0.871682 0.231488 0.366323
1723.700000000 92.542922 48.935262 39.446882 0.227627 0.871189 0.234161 0.366583
1723.800000000 92.527418 48.888272 39.468861 0.228331 0.871283 0.232389 0.367050
1724.100000000 92.422498 48.732475 39.610690 0.230513 0.872140 0.228186 0.366287
1724.200000000 92.377947 48.697221 39.691891 0.230148 0.871826 0.229078 0.366709
1724.300000000 92.322344 48.655333 39.785312 0.229779 0.871223 0.230060 0.367756
1724.400000000 92.289661 48.615054 39.853368 0.229678 0.871157 0.230268 0.367844
1724.500000000 92.234038 48.574893 39.948867 0.229570 0.871064 0.230407 0.368046
1725.100000000 92.076868 48.281321 40.367469 0.232978 0.865913 0.225843 0.380672
1725.200000000 92.034989 48.237598 40.464454 0.233429 0.865112 0.225417 0.382464
1725.400000000 91.953288 48.150274 40.647607 0.232764 0.864878 0.226293 0.382882
1725.600000000 91.942623 48.034495 40.722405 0.233242 0.865990 0.224707 0.381007
1726.000000000 91.829901 47.834231 41.024675 0.234107 0.866362 0.222313 0.381036
1726.100000000 90.114158 48.339836 39.802607 0.261117 0.849489 0.227352 0.398117
1726.300000000 90.024825 48.238593 39.958168 0.261028 0.849355 0.227452 0.398404
1726.400000000 89.975218 48.187443 40.050742 0.261630 0.848946 0.226441 0.399454
1726.900000000 89.764904 47.969050 40.397678 0.262142 0.849932 0.225237 0.397700
1727.100000000 89.642392 47.886798 40.572972 0.261862 0.849528 0.225680 0.398496
1727.200000000 89.576172 47.847511 40.663834 0.261732 0.849321 0.225702 0.399009
1727.300000000 89.549721 47.809347 40.705397 0.261589 0.849683 0.225705 0.398331
1727.400000000 89.451658 47.795046 40.842247 0.261375 0.849672 0.226219 0.398203
1727.800000000 89.236461 47.626300 41.109766 0.262407 0.849684 0.224135 0.398677
1727.900000000 89.188840 47.595799 41.159675 0.261480 0.849775 0.225753 0.398178
1728.200000000 88.968573 47.482122 41.364086 0.261103 0.850199 0.226202 0.397265
1728.300000000 88.868953 47.457810 41.461956 0.261026 0.850504 0.226171 0.396680
1728.400000000 88.801045 47.435166 41.536780 0.261747 0.850740 0.224842 0.396453
1728.500000000 88.733313 47.414730 41.617736 0.261881 0.850807 0.224531 0.396398
1728.600000000 88.652654 47.387944 41.710402 0.262156 0.850627 0.224012 0.396895
1728.900000000 88.417597 47.302157 41.907919 0.262196 0.850990 0.223856 0.396179
1729.300000000 88.082806 47.222607 42.188600 0.262568 0.851748 0.222875 0.394854
1729.400000000 88.001997 47.211669 42.272117 0.262379 0.851479 0.222956 0.395514
1730.000000000 87.470747 47.125643 42.680305 0.263248 0.852246 0.221004 0.394379
1730.200000000 87.276517 47.070403 42.781671 0.262541 0.851795 0.222131 0.395191
1730.400000000 87.084350 47.033844 42.896019 0.261883 0.851437 0.223215 0.395788
1730.500000000 86.985202 47.011117 42.944054 0.261479 0.851197 0.223906 0.396181
1730.600000000 86.889311 46.985869 42.991101 0.260956 0.850831 0.224920 0.396736
1730.900000000 83.514901 48.110793 42.441993 0.283797 0.832197 0.229593 0.417366
1731.200000000 83.180018 48.095084 42.618956 0.283809 0.831826 0.229180 0.418323
1731.500000000 82.846799 48.105813 42.814958 0.285140 0.832226 0.226390 0.418141
1731.700000000 82.616184 48.075597 42.903026 0.284403 0.831665 0.227437 0.419191
1731.800000000 82.491382 48.047017 42.937079 0.284109 0.831495 0.227883 0.419485
1731.900000000 82.370505 48.032577 42.981779 0.283572 0.831185 0.228620 0.420061
1732.000000000 82.250759 48.021308 43.032058 0.283269 0.830926 0.229040 0.420550
1732.200000000 82.058590 48.086104 43.198818 0.284932 0.831714 0.225602 0.419725
1732.700000000 81.471562 48.034566 43.474494 0.284504 0.831177 0.225812 0.420965
1732.800000000 81.353849 48.016134 43.518135 0.283444 0.830966 0.227439 0.421221
1732.900000000 81.242322 47.995592 43.563888 0.282491 0.830396 0.229057 0.422107
1733.000000000 81.124011 47.948637 43.592649 0.282008 0.830135 0.229841 0.422516
1733.100000000 81.013420 47.942776 43.663543 0.281680 0.829908 0.230182 0.422996
1733.400000000 80.710309 47.943866 43.891740 0.285083 0.831630 0.223535 0.420894
1733.700000000 80.390175 47.881170 44.094883 0.282684 0.830345 0.227287 0.423034
1733.800000000 80.293665 47.848618 44.156931 0.282808 0.830322 0.226910 0.423198
1734.300000000 79.821293 47.716136 44.550805 0.283797 0.830482 0.224217 0.423657
1734.600000000 79.539147 47.602239 44.803054 0.283112 0.829368 0.225302 0.425717
1734.700000000 79.469129 47.574831 44.875058 0.283268 0.829801 0.224850 0.425008
1734.900000000 79.266155 47.460835 45.048777 0.283869 0.829436 0.223622 0.425966
1735.400000000 78.801745 47.288546 45.562290 0.285524 0.830782 0.219904 0.424169
1735.800000000 78.437756 47.077547 45.962805 0.283752 0.829616 0.221977 0.426554
1736.400000000 77.885525 46.722295 46.634230 0.283192 0.827362 0.221630 0.431456
1736.500000000 77.721879 46.683465 46.826401 0.282677 0.827185 0.222208 0.431835
1736.600000000 77.707967 46.613663 46.842918 0.282064 0.827447 0.222950 0.431352
1736.700000000 77.474012 46.610263 47.137589 0.282520 0.827764 0.221680 0.431099
1737.000000000 77.363006 46.379058 47.280736 0.282318 0.827200 0.221686 0.432311
1737.300000000 77.167521 46.158685 47.523977 0.282686 0.826691 0.221050 0.433368
1738.100000000 76.487594 45.696187 48.357334 0.282090 0.826360 0.220396 0.434719
1738.300000000 70.220799 45.486775 49.006193 0.294981 0.811620 0.242523 0.442089
1738.600000000 69.867830 45.319798 49.367577 0.294551 0.810922 0.242866 0.443465
1738.800000000 69.701871 45.203399 49.541509 0.294002 0.810239 0.244191 0.444349
1739.000000000 69.468813 45.103077 49.763597 0.294196 0.810584 0.243272 0.444096
1739.300000000 69.288242 44.915245 49.913259 0.293369 0.810182 0.244618 0.444637
1739.400000000 69.182299 44.862850 50.009020 0.294883 0.811072 0.241788 0.443560
1739.500000000 68.966203 44.838989 50.220338 0.296948 0.812177 0.237772 0.442328
1739.600000000 68.864753 44.805863 50.326771 0.297655 0.812781 0.236032 0.441676
1739.800000000 68.824385 44.664684 50.324835 0.295919 0.811500 0.239643 0.443249
1740.300000000 68.349638 44.434811 50.696534 0.294319 0.810029 0.242180 0.445622
1740.500000000 68.153785 44.356493 50.833105 0.297699 0.812399 0.235750 0.442499
1740.600000000 67.923182 44.330880 51.018270 0.297423 0.812024 0.235952 0.443264
1740.900000000 67.591190 44.245034 51.260679 0.295209 0.811061 0.239346 0.444686
1741.000000000 67.470689 44.216594 51.350221 0.295418 0.810915 0.238994 0.445002
1741.100000000 67.357785 44.183313 51.428316 0.297058 0.811677 0.236121 0.444053
1741.300000000 67.211817 44.112333 51.499047 0.297054 0.811632 0.235901 0.444255
1741.400000000 67.008021 44.109658 51.663347 0.297193 0.811633 0.235408 0.444423
1741.600000000 66.792355 44.059199 51.784520 0.297886 0.812381 0.233871 0.443401
1741.800000000 66.553167 44.015428 51.921770 0.297848 0.812320 0.233790 0.443581
1742.000000000 66.278254 43.987008 52.089420 0.296616 0.811605 0.235645 0.444734
1743.000000000 65.133496 43.866617 52.503326 0.296167 0.811226 0.235991 0.445540
1743.200000000 56.538931 46.273746 52.187792 0.294602 0.795455 0.257120 0.462981
1743.600000000 55.976251 46.319928 52.308432 0.295287 0.795805 0.255734 0.462710
1743.800000000 55.676866 46.356967 52.354813 0.294878 0.795686 0.256288 0.462869
1744.000000000 55.387559 46.383266 52.381089 0.293361 0.794450 0.258754 0.464579
1744.400000000 54.758464 46.513091 52.453203 0.294157 0.794484 0.257468 0.464734
1744.500000000 54.619580 46.556549 52.441096 0.292737 0.794298 0.259342 0.464906
1744.700000000 54.273860 46.647077 52.486023 0.293896 0.794575 0.256875 0.465070
1744.800000000 54.131660 46.687759 52.471380 0.292994 0.794111 0.258330 0.465626
1744.900000000 53.978839 46.720289 52.471663 0.293036 0.793305 0.258541 0.466855
1745.000000000 53.819850 46.760215 52.457634 0.291826 0.792493 0.260168 0.468086
1745.200000000 53.463933 46.881840 52.497193 0.294152 0.793782 0.256212 0.466627
1745.600000000 52.808554 47.104840 52.474975 0.293579 0.793235 0.256722 0.467636
1745.800000000 52.480430 47.227654 52.456040 0.293524 0.793925 0.256814 0.466448
1745.900000000 52.315792 47.274219 52.448232 0.292792 0.792620 0.257568 0.468705
1746.000000000 52.123210 47.333896 52.457640 0.294023 0.793032 0.255505 0.468368
1746.100000000 51.965652 47.385204 52.441377 0.293275 0.792452 0.256734 0.469145
1746.200000000 51.792681 47.444520 52.436606 0.293584 0.792273 0.256174 0.469560
1746.300000000 51.609717 47.509714 52.437677 0.293928 0.792673 0.255017 0.469300
1746.700000000 50.936908 47.765870 52.401915 0.293298 0.793298 0.255286 0.468491
1747.100000000 50.254819 47.987406 52.413648 0.293833 0.793028 0.253739 0.469453
1747.300000000 49.944800 48.069936 52.401472 0.292567 0.791430 0.255260 0.472108
1747.400000000 49.777176 48.123182 52.407173 0.292930 0.792167 0.254309 0.471158
1747.600000000 49.449862 48.204373 52.438166 0.293887 0.791674 0.252951 0.472122
1747.800000000 49.143141 48.276665 52.460848 0.294154 0.791330 0.252043 0.473017
1748.000000000 48.838402 48.353217 52.498288 0.294045 0.792018 0.251224 0.472369
1748.100000000 48.692282 48.382608 52.517729 0.294184 0.792145 0.250884 0.472250
1748.200000000 48.547462 48.396923 52.534912 0.292478 0.791980 0.253312 0.472290
1748.500000000 48.130820 48.451158 52.614301 0.290135 0.797766 0.254877 0.463065
1748.600000000 47.998054 48.460940 52.630447 0.288473 0.797874 0.256979 0.462755
1749.000000000 47.515340 48.488106 52.761618 0.290524 0.797279 0.253308 0.464518
1749.900000000 46.594680 48.416982 53.110002 0.293251 0.798225 0.248423 0.463818
1750.000000000 46.492541 48.406543 53.166238 0.294268 0.798553 0.247002 0.463368
1750.200000000 46.276668 48.404516 53.330934 0.298036 0.800926 0.241075 0.459973
1750.800000000 45.890340 48.244926 53.615592 0.297510 0.800382 0.242069 0.460738
1751.000000000 45.759611 48.183884 53.736018 0.299128 0.801807 0.240068 0.458253
1751.100000000 45.751535 48.136471 53.755923 0.298670 0.801882 0.240000 0.458455
1751.200000000 45.734628 48.081486 53.777894 0.298138 0.801297 0.241157 0.459217
1751.300000000 45.695360 48.053708 53.802625 0.296044 0.802887 0.244766 0.455873
1751.400000000 45.658100 47.997433 53.862340 0.298313 0.801875 0.240934 0.458211
1752.100000000 45.401076 47.688074 54.317923 0.302713 0.799177 0.234070 0.463564
1752.400000000 45.374550 47.488021 54.454959 0.303964 0.795414 0.232256 0.470084
1752.600000000 36.297556 48.900968 53.515908 0.306019 0.780415 0.255067 0.481919
1752.700000000 36.299388 48.830246 53.560413 0.305287 0.780720 0.255978 0.481406
1752.800000000 36.279759 48.798012 53.669403 0.304844 0.780622 0.256469 0.481584
1752.900000000 36.156828 48.733943 53.785992 0.307721 0.783429 0.251749 0.477670
1753.500000000 36.028527 48.271504 54.178013 0.305035 0.781538 0.255579 0.480449
1753.600000000 36.050317 48.170340 54.205195 0.304536 0.782081 0.256176 0.479563
1753.700000000 36.035364 48.099339 54.289326 0.305107 0.781890 0.255386 0.479933
1753.800000000 35.993614 48.046104 54.396096 0.306657 0.783591 0.252086 0.477912
1754.000000000 35.897597 47.879502 54.560967 0.306965 0.783835 0.251321 0.477717
1754.100000000 35.949211 47.798282 54.601353 0.307439 0.783662 0.250989 0.477869
1754.200000000 35.964392 47.710468 54.643691 0.308509 0.784182 0.249307 0.477207
1754.500000000 35.819857 47.500417 54.936256 0.310373 0.786037 0.246024 0.474645
1754.600000000 35.834135 47.406414 54.986592 0.310209 0.785739 0.246293 0.475105
1754.700000000 35.796167 47.316923 55.031097 0.310405 0.786925 0.245654 0.473342
1754.900000000 35.581573 47.164346 55.268341 0.309271 0.786754 0.247212 0.473557
1755.100000000 35.540435 47.006659 55.410464 0.310705 0.787479 0.244567 0.472786
1755.300000000 27.025516 47.184881 54.074337 0.323546 0.778542 0.260147 0.470653
1755.400000000 27.027438 47.138343 54.159330 0.324193 0.778952 0.258957 0.470186
1756.300000000 27.057958 46.379490 54.381463 0.316569 0.772802 0.271957 0.478123
1756.400000000 27.128712 46.304976 54.370950 0.317539 0.773067 0.270369 0.477952
1756.600000000 27.049958 46.132973 54.369098 0.318061 0.774795 0.269226 0.475444
1756.900000000 26.993928 45.973528 54.532625 0.321740 0.775937 0.263420 0.474358
1757.000000000 26.946072 45.908070 54.577081 0.320979 0.774695 0.264815 0.476122
1757.300000000 26.646797 45.809110 54.844862 0.321364 0.776592 0.263265 0.473625
1757.400000000 26.493894 45.733242 54.927278 0.321663 0.776059 0.262869 0.474516
1757.500000000 26.500637 45.702822 54.957225 0.322605 0.776581 0.261259 0.473911
1757.600000000 26.454576 45.663366 55.005354 0.321965 0.775791 0.262271 0.475079
1757.700000000 26.302542 45.660912 55.155898 0.320876 0.775213 0.263903 0.475856
1758.200000000 25.798803 45.451162 55.407566 0.321340 0.775747 0.262488 0.475455
1758.300000000 25.672144 45.431483 55.502914 0.320291 0.774668 0.264087 0.477033
1758.700000000 25.360480 45.397213 55.678401 0.319016 0.775016 0.265565 0.476503
1758.800000000 25.291432 45.405341 55.744202 0.319947 0.774884 0.264071 0.476922
1759.300000000 24.632003 45.344796 55.908686 0.317570 0.774730 0.267275 0.476977
1759.400000000 24.612016 45.447059 56.005743 0.316910 0.774971 0.267890 0.476679
1759.600000000 24.338705 45.445275 56.041421 0.316798 0.775498 0.267745 0.475977
1759.700000000 24.226550 45.471590 56.056953 0.317109 0.776487 0.267024 0.474561
1759.800000000 24.094462 45.488770 56.059252 0.316274 0.777057 0.268162 0.473542
1759.900000000 23.968162 45.487758 56.058802 0.317078 0.777020 0.267186 0.473617
1760.100000000 23.743121 45.587729 56.106868 0.316262 0.777748 0.267895 0.472566
1760.200000000 23.616134 45.625389 56.139107 0.316951 0.777757 0.267026 0.472582
1760.400000000 23.260874 45.628165 56.120400 0.316985 0.777827 0.266908 0.472510
1760.500000000 23.213772 45.747293 56.160679 0.316578 0.778629 0.267026 0.471394
1761.100000000 22.387251 46.093177 56.182394 0.315798 0.779133 0.267718 0.470692
1761.300000000 22.006041 46.163786 56.149858 0.316336 0.779603 0.266493 0.470247
1762.000000000 20.941385 46.634895 56.054602 0.317138 0.782155 0.264639 0.466501
1762.200000000 20.531114 46.714031 55.990080 0.315773 0.781418 0.262471 0.469875
1762.300000000 20.338904 46.725184 55.905447 0.309072 0.783846 0.262906 0.470042
1762.500000000 20.026412 46.898924 55.930264 0.302938 0.786131 0.260787 0.471399
1762.600000000 19.917972 46.991276 55.900495 0.300014 0.789143 0.263355 0.466785
1762.700000000 19.676205 47.011993 55.864388 0.301586 0.789268 0.260419 0.467209
1762.800000000 19.576568 47.136839 55.886522 0.301808 0.789470 0.260341 0.466767
1762.900000000 19.349523 47.142241 55.830352 0.303552 0.787984 0.258296 0.469277
1763.000000000 19.203965 47.264334 55.862197 0.302892 0.788742 0.259397 0.467820
1763.100000000 19.011805 47.376928 55.911146 0.303260 0.790416 0.260226 0.464283
1764.000000000 17.867168 48.211634 55.939771 0.306267 0.792711 0.263256 0.456625
1764.400000000 17.499362 48.580441 56.020373 0.308465 0.795045 0.270842 0.446540
1764.500000000 17.363751 48.673926 55.927991 0.323848 0.783435 0.257531 0.463713
1765.000000000 16.726765 49.062168 56.207756 0.322097 0.781612 0.271666 0.459928
1765.200000000 16.453513 49.060097 56.331685 0.316416 0.789154 0.278377 0.446791
1765.300000000 8.256544 51.582702 53.681137 0.345417 0.774536 0.278001 0.451106
1765.400000000 8.261441 51.698208 53.786188 0.343418 0.773671 0.282550 0.451290
1765.500000000 8.192286 51.740821 53.745909 0.347287 0.773852 0.273596 0.453531
1765.700000000 8.009725 51.775794 53.702262 0.349317 0.766914 0.274127 0.463331
1765.800000000 7.896628 51.799182 53.779779 0.344976 0.768839 0.279196 0.460356
1765.900000000 7.879909 51.830185 53.767247 0.344002 0.765677 0.279829 0.465937
1766.100000000 7.909563 52.173243 54.156840 0.348700 0.769836 0.273919 0.459053
1766.200000000 7.822707 52.221015 54.252299 0.345329 0.765801 0.282087 0.463383
1766.400000000 7.735417 52.271813 54.383944 0.343874 0.767878 0.282865 0.460545
1766.500000000 7.550411 52.256836 54.469881 0.347955 0.772086 0.274997 0.455178
1767.000000000 7.279167 52.402933 54.922782 0.349664 0.765348 0.273812 0.465837
1767.200000000 7.064762 52.354578 55.308193 0.339675 0.777774 0.287761 0.443714
1767.300000000 6.896101 52.392726 55.546443 0.342462 0.778873 0.285516 0.441085
1768.100000000 6.826720 52.134150 55.706344 0.323087 0.747353 0.325000 0.481096
1768.300000000 6.898478 51.999936 55.814315 0.320064 0.749726 0.326581 0.478346
1768.700000000 7.022327 51.959208 56.166216 0.316656 0.752121 0.331814 0.473226
1768.800000000 7.079278 51.845131 56.186214 0.321823 0.748707 0.327836 0.477903
1769.400000000 6.738306 51.334808 56.536169 0.315814 0.755004 0.321921 0.476023
1769.800000000 1.653317 54.349056 54.638665 0.349514 0.753286 0.324534 0.452855
1770.000000000 1.702251 54.389082 55.076976 0.348569 0.751700 0.329279 0.452794
1770.200000000 1.646858 54.202731 55.084769 0.347667 0.753461 0.330449 0.449697
1770.900000000 1.881379 54.069447 55.447295 0.350598 0.747113 0.332290 0.456603
1771.500000000 2.476213 53.968576 55.561099 0.344769 0.750463 0.341299 0.448836
1771.800000000 2.455189 53.884781 55.656211 0.344882 0.747923 0.342555 0.452021
1772.000000000 2.618559 53.909330 55.734284 0.346330 0.748087 0.342394 0.450764
1772.100000000 2.633727 53.882752 55.709144 0.346952 0.748174 0.340914 0.451261
1772.400000000 2.381202 54.098227 56.277772 0.380058 0.764610 0.290210 0.432095
1772.500000000 2.329511 54.137513 56.394610 0.381642 0.765141 0.288563 0.430860
1772.600000000 2.387286 54.074187 56.340317 0.400275 0.780769 0.255511 0.406073
1772.700000000 -0.429561 56.613929 54.466096 0.394268 0.705503 0.343765 0.478167
1773.000000000 -0.237006 56.327983 53.856928 0.389672 0.688991 0.356703 0.496196
1773.100000000 -0.245968 56.298059 53.741582 0.390501 0.688358 0.355132 0.497547
1773.600000000 0.090227 56.424999 53.728414 0.389458 0.681932 0.356801 0.505949
1774.000000000 0.145206 56.243374 53.193707 0.389735 0.681857 0.354267 0.507615
1774.400000000 0.246936 56.091707 52.421483 0.398370 0.668816 0.343974 0.525042
1774.600000000 0.266371 55.999600 52.089787 0.400102 0.668126 0.341610 0.526145
1774.700000000 0.324896 55.982972 51.975581 0.399235 0.669301 0.342395 0.524799
1774.900000000 0.554671 56.099466 51.994941 0.399325 0.669128 0.343091 0.524496
1775.000000000 0.600848 56.156462 51.979072 0.400045 0.666350 0.342105 0.528115
1775.300000000 1.357073 56.646267 52.491458 0.413575 0.710395 0.310287 0.477511
1775.400000000 1.480810 56.632532 52.365717 0.410948 0.712204 0.313415 0.475034
1775.500000000 2.009553 59.070953 52.186153 0.453605 0.710125 0.309599 0.440583
1775.600000000 2.111577 59.145666 52.153146 0.456546 0.706691 0.304475 0.446596
1775.700000000 2.280804 59.192807 52.037442 0.454893 0.705839 0.305659 0.448817
1776.000000000 4.013805 59.760176 51.913283 0.484262 0.725619 0.244934 0.423053
1776.100000000 4.302071 59.949764 52.089969 0.485266 0.724163 0.242442 0.425825
1776.200000000 4.412044 60.025193 52.128053 0.488792 0.724244 0.236824 0.424815
1776.300000000 4.651057 60.101790 52.093254 0.488538 0.728303 0.237452 0.417758
1776.400000000 4.767253 60.118441 52.002642 0.486601 0.725195 0.240454 0.423667
1776.500000000 4.701995 60.070130 51.798905 0.486093 0.723266 0.240679 0.427404
1776.600000000 4.647958 60.029298 51.645314 0.487262 0.721642 0.239150 0.429669
1777.000000000 5.170049 60.336686 51.700600 0.490559 0.723939 0.233524 0.425125
1777.100000000 5.412372 60.429678 51.694726 0.487321 0.725552 0.238822 0.423151
1777.200000000 5.438701 60.393495 51.510349 0.486980 0.724768 0.239146 0.424701
1777.600000000 5.893802 60.555829 51.312889 0.486868 0.724185 0.239100 0.425849
1777.700000000 5.930182 60.534176 51.162629 0.487977 0.723968 0.237079 0.426078
1777.900000000 8.952668 61.486751 52.029440 0.528602 0.723197 0.219960 0.386242
1778.000000000 9.100564 61.550759 51.982336 0.527186 0.725618 0.223184 0.381763
1778.200000000 9.249422 61.566302 51.800951 0.524959 0.722353 0.227118 0.388640
1778.400000000 9.281606 61.557841 51.559581 0.524712 0.722936 0.227792 0.387493
1778.500000000 9.428522 61.571433 51.438607 0.523924 0.722708 0.229053 0.388243
1778.700000000 9.535536 61.580369 51.244452 0.522750 0.722563 0.231428 0.388684
1778.800000000 9.544920 61.613970 51.239334 0.523349 0.724014 0.230206 0.385894
1778.900000000 9.545859 61.621226 51.207200 0.523338 0.723533 0.230104 0.386872
1779.000000000 9.849892 61.649667 51.076104 0.523296 0.724127 0.229842 0.385971
1779.100000000 10.094865 61.686706 51.014913 0.524086 0.725043 0.228183 0.384160
1779.200000000 10.197060 61.702754 50.964921 0.524520 0.725633 0.225922 0.383790
1780.300000000 10.927373 61.676603 50.599328 0.523864 0.725934 0.221918 0.386444
1780.400000000 11.025535 61.628473 50.466210 0.528756 0.729386 0.213828 0.377745
1780.500000000 11.028328 61.680613 50.692210 0.525051 0.728767 0.223092 0.378749
1780.700000000 10.375747 61.487945 50.526284 0.506418 0.722572 0.262216 0.390734
1781.100000000 10.800545 61.264086 50.054804 0.432628 0.674735 0.378972 0.462543
1781.300000000 15.193663 61.541090 51.925670 0.481368 0.674594 0.363332 0.425673
1781.400000000 15.617779 61.620780 52.240677 0.485110 0.678159 0.357176 0.420944
1781.600000000 15.675804 61.485285 52.247523 0.483181 0.675373 0.359814 0.425373
1782.400000000 16.100212 60.835783 52.528449 0.364534 0.563103 0.500891 0.546936
1782.500000000 16.274860 61.006397 53.396970 0.334847 0.537983 0.529594 0.563900
1782.600000000 16.329816 61.117036 54.167566 0.319654 0.523250 0.543235 0.573521
1782.800000000 15.965801 61.266627 55.698670 0.273273 0.477044 0.583016 0.598200
1783.200000000 17.469244 61.383284 56.502550 0.217241 0.427755 0.622644 0.618180
1783.400000000 23.615679 61.621082 58.926962 0.263782 0.414859 0.616924 0.614586
1783.500000000 23.643892 61.535213 58.922670 0.263750 0.414268 0.616904 0.615018
1783.700000000 23.536373 61.339869 58.917672 0.256253 0.406777 0.621885 0.618164
1783.900000000 23.780364 61.226670 59.156973 0.250725 0.400773 0.625092 0.621111
1784.200000000 23.912890 60.980456 59.197486 0.237107 0.389000 0.633306 0.625606
1784.400000000 23.863985 60.806157 59.238514 0.248334 0.399148 0.626117 0.622085
1784.500000000 23.957240 60.767815 59.408147 0.244874 0.396855 0.628182 0.622840
1784.700000000 24.123587 60.617528 59.462040 0.231444 0.382133 0.636794 0.628412
1784.800000000 24.092255 60.531626 59.463362 0.232091 0.383042 0.636201 0.628221
1784.900000000 24.205621 60.474317 59.516110 0.232436 0.383805 0.635952 0.627879
1785.400000000 24.881718 60.164940 59.600736 0.189896 0.339525 0.658624 0.644110
1785.500000000 24.915857 60.119162 59.664421 0.190313 0.341075 0.658318 0.643479
1785.600000000 24.894419 60.062305 59.717266 0.190355 0.341343 0.658243 0.643401
1785.700000000 24.936361 60.007318 59.785327 0.192175 0.342167 0.657436 0.643249
1785.800000000 25.148055 59.993959 59.941969 0.187838 0.338027 0.659432 0.644674
1786.200000000 25.380019 59.844725 60.271398 0.190986 0.339572 0.657989 0.644411
1786.300000000 25.446034 59.813796 60.356947 0.192323 0.340767 0.657211 0.644177
1786.400000000 29.144075 60.691997 61.694986 0.255426 0.352492 0.626867 0.646177
1786.500000000 29.279978 60.659246 61.799969 0.254541 0.351109 0.627283 0.646875
1787.200000000 29.573131 60.409062 62.182038 0.253064 0.340808 0.627226 0.652990
1787.900000000 30.004214 60.256822 62.620017 0.257803 0.332988 0.623720 0.658506
1788.100000000 30.100247 60.220737 62.711066 0.257880 0.328088 0.623318 0.661309
1788.300000000 30.358650 60.225806 62.966288 0.263448 0.329842 0.619948 0.661410
1788.800000000 30.598627 60.231970 63.315462 0.262908 0.324915 0.619577 0.664405
1788.900000000 30.709294 60.238450 63.362902 0.259963 0.319921 0.620774 0.666865
1789.500000000 31.094831 60.346399 63.400720 0.226831 0.293928 0.636138 0.676375
1789.600000000 31.158892 60.375831 63.513006 0.229650 0.293575 0.634576 0.677043
1789.700000000 31.208319 60.387426 63.588170 0.229429 0.291932 0.634402 0.677992
1790.000000000 31.441584 60.522254 63.930829 0.234695 0.295622 0.631902 0.676924
1790.500000000 31.875660 60.856648 64.404775 0.229683 0.297776 0.633409 0.676290
1790.700000000 32.033031 60.977319 64.566808 0.234503 0.297487 0.631702 0.676360
1790.800000000 32.125515 61.075586 64.656027 0.232184 0.296237 0.632079 0.677355
1791.000000000 32.303801 61.312894 64.893023 0.234075 0.299995 0.630947 0.676105
1791.400000000 32.641306 61.721743 65.314607 0.242919 0.305983 0.626140 0.674770
1792.100000000 33.311632 62.560722 65.888153 0.248285 0.310908 0.622666 0.673779
1792.200000000 33.421173 62.689835 65.992097 0.247318 0.310580 0.623091 0.673893
1792.300000000 36.797620 63.701072 67.242543 0.286092 0.323399 0.600946 0.672628
1792.500000000 37.072473 63.984523 67.426199 0.283753 0.326253 0.601844 0.671436
1792.700000000 37.234285 64.240336 67.584955 0.288025 0.330622 0.598948 0.670068
1792.800000000 37.282120 64.320622 67.619212 0.293199 0.328390 0.596408 0.671187
1792.900000000 37.461480 64.518457 67.703109 0.288606 0.332828 0.598327 0.669281
1793.200000000 37.845743 64.829790 67.902573 0.288268 0.326819 0.599326 0.671490
1793.300000000 37.926468 64.939135 67.980270 0.290814 0.327406 0.597327 0.671887
1793.500000000 38.147270 65.189970 68.125202 0.292514 0.332019 0.596952 0.669214
1793.600000000 38.235059 65.263938 68.189965 0.295202 0.326740 0.595044 0.672323
1793.700000000 38.445194 65.497022 68.292622 0.286509 0.337890 0.600038 0.666106
1793.800000000 38.574466 65.634543 68.388061 0.285316 0.344800 0.601503 0.661741
1794.300000000 39.238353 66.300312 68.687003 0.272834 0.355862 0.609314 0.653958
1794.400000000 39.295756 66.467025 68.767360 0.267653 0.360878 0.612092 0.650748
1794.500000000 39.426470 66.558036 68.811998 0.265494 0.358951 0.612794 0.652036
1794.600000000 39.564272 66.726892 68.888964 0.260380 0.366696 0.614659 0.648021
1794.700000000 39.694923 66.788284 68.966037 0.262495 0.363106 0.614269 0.649557
1794.800000000 39.794699 66.905379 69.043776 0.261552 0.368855 0.614267 0.646694
1794.900000000 39.899209 66.947625 69.091192 0.262631 0.361058 0.613963 0.650932
1795.000000000 40.088236 67.111602 69.211373 0.259946 0.369043 0.613471 0.647989
1795.300000000 40.443192 67.279110 69.447754 0.265839 0.363882 0.611055 0.650792
1795.500000000 40.696034 67.419810 69.607982 0.262233 0.369684 0.611729 0.648348
1795.600000000 40.835314 67.499221 69.699638 0.265931 0.378299 0.609703 0.643764
1795.700000000 41.013586 67.560866 69.782127 0.267593 0.385018 0.608477 0.640243
1796.000000000 41.164243 67.615715 69.923350 0.265159 0.372919 0.610816 0.646162
1796.700000000 41.976352 67.823600 70.401034 0.263987 0.386589 0.610922 0.638463
1796.900000000 42.144140 67.842346 70.528121 0.263123 0.386144 0.612001 0.638055
1797.500000000 42.435630 67.732374 70.760913 0.261071 0.381946 0.613065 0.640398
1797.700000000 42.443223 67.681384 70.762060 0.252916 0.376987 0.617433 0.642410
1797.900000000 42.372140 67.688917 71.197806 0.257459 0.382534 0.615060 0.639597
1798.000000000 46.239583 69.353102 71.755800 0.293170 0.379347 0.596425 0.643757
1798.400000000 46.386882 69.156717 71.971852 0.296979 0.386862 0.593159 0.640549
1798.500000000 46.395261 69.087516 72.145636 0.299204 0.388885 0.591224 0.640078
1798.800000000 46.516828 68.779381 72.097122 0.306780 0.379099 0.586808 0.646395
1799.000000000 46.494644 68.638429 72.109462 0.302368 0.378829 0.588470 0.647121
1799.300000000 46.494738 68.395263 72.233988 0.296779 0.382898 0.591601 0.644453
1799.700000000 46.520010 68.066536 72.338058 0.290639 0.381150 0.594665 0.645466
1800.000000000 46.506205 67.835892 72.416731 0.284461 0.384310 0.595901 0.645205
1800.200000000 46.579401 67.567380 72.465659 0.293405 0.378154 0.592348 0.648103
1800.300000000 46.595235 67.503273 72.719568 0.297600 0.384501 0.589766 0.644802
1800.600000000 47.106181 67.213917 72.738379 0.289832 0.382315 0.593840 0.645899
1800.700000000 47.051236 67.108316 72.859513 0.294066 0.382387 0.592186 0.645463
1800.800000000 47.016751 66.992884 72.819406 0.293415 0.379231 0.592409 0.647413
1801.000000000 51.075008 69.721139 73.609229 0.330107 0.368588 0.570368 0.655632
1801.300000000 51.165711 69.455377 73.808651 0.326881 0.372574 0.571751 0.653787
1801.500000000 51.215706 69.238687 73.884570 0.328466 0.371231 0.570978 0.654433
1801.700000000 51.464071 69.027492 73.916203 0.327523 0.372335 0.571506 0.653817
1802.200000000 51.601729 68.507499 74.167743 0.327825 0.366724 0.571587 0.656759
1802.400000000 51.796836 68.352734 74.262613 0.324707 0.369456 0.573075 0.655480
1802.500000000 51.854995 68.241371 74.223446 0.324714 0.365806 0.573525 0.657127
1802.600000000 51.852445 68.182786 74.312147 0.324376 0.367744 0.573641 0.656110
1802.700000000 51.795086 68.089326 74.321395 0.325470 0.366856 0.573025 0.656603
1802.800000000 51.796300 68.010730 74.401796 0.326548 0.367160 0.572593 0.656275
1802.900000000 51.870062 67.915881 74.426956 0.325995 0.367648 0.572558 0.656308
1803.000000000 52.002502 67.851493 74.519672 0.325748 0.369365 0.573026 0.655057
1803.100000000 52.030008 67.780288 74.572710 0.325008 0.369745 0.573325 0.654948
1803.300000000 52.062240 67.623862 74.614683 0.324332 0.365977 0.573941 0.656857
1803.400000000 52.183132 67.565830 74.674724 0.322864 0.366481 0.574872 0.656485
1803.500000000 52.279028 67.483170 74.702066 0.321469 0.364155 0.575692 0.657744
1803.600000000 52.370058 67.413427 74.656796 0.319888 0.362252 0.576845 0.658556
1803.800000000 56.687863 70.424062 75.746993 0.353616 0.350828 0.557958 0.663745
1803.900000000 56.605695 70.360957 75.803858 0.356195 0.352918 0.556521 0.662464
1804.600000000 57.089944 70.006523 76.120662 0.356732 0.351099 0.557479 0.662336
1805.400000000 57.763021 69.714986 76.470904 0.354991 0.347836 0.560059 0.662816
1805.500000000 57.662898 69.722859 76.498089 0.356557 0.348555 0.559691 0.661908
1805.600000000 57.747985 69.662441 76.514797 0.358950 0.344994 0.558816 0.663219
1805.700000000 57.893644 69.647813 76.563065 0.353355 0.345302 0.561110 0.664125
1805.900000000 58.207123 69.591562 76.690619 0.353369 0.342028 0.561700 0.665312
1806.200000000 58.485123 69.564010 76.866077 0.354421 0.344097 0.562015 0.663417
1806.300000000 58.632507 69.547305 76.930987 0.355117 0.344871 0.562137 0.662538
1806.500000000 58.722076 69.601910 76.993006 0.350937 0.345072 0.564842 0.662361
1806.700000000 58.813550 69.611507 77.099861 0.353457 0.347653 0.564128 0.660276
1807.200000000 59.493553 69.645863 77.399061 0.349221 0.343839 0.568209 0.661028
1807.400000000 59.713184 69.727644 77.583057 0.345269 0.346993 0.571835 0.658324
1807.500000000 59.958577 69.730222 77.673754 0.347155 0.347257 0.570953 0.657958
1807.900000000 60.274250 69.856237 77.365328 0.334388 0.335998 0.578469 0.663825
1808.100000000 60.680075 69.995437 77.972069 0.339536 0.351598 0.577735 0.653694
1808.200000000 60.830951 69.999963 78.040410 0.339674 0.349726 0.578143 0.654266
1808.300000000 60.936865 70.042677 78.136864 0.340357 0.349531 0.578207 0.653959
1808.400000000 61.132945 70.065281 78.188860 0.341319 0.350936 0.577982 0.652903
1809.100000000 67.946899 72.353615 79.273203 0.379130 0.330464 0.571010 0.648846
1809.200000000 68.141483 72.468823 79.371388 0.376506 0.332328 0.572777 0.647864
1809.600000000 68.798652 72.800474 79.612161 0.372019 0.334362 0.576850 0.645792
1809.800000000 69.088017 72.938419 79.736981 0.373811 0.335524 0.577084 0.643943
1809.900000000 69.274260 73.056791 79.849889 0.370283 0.336604 0.579101 0.643608
1810.000000000 69.440260 73.153794 80.011107 0.367625 0.337465 0.581333 0.642667
1810.600000000 70.176417 73.538077 81.549802 0.372191 0.343348 0.584942 0.633584
1810.800000000 70.487010 73.720601 81.673122 0.366935 0.340977 0.588354 0.634770
1810.900000000 70.652101 73.842017 81.759867 0.366689 0.347589 0.590278 0.629518
1811.100000000 70.952751 73.972082 81.883729 0.364957 0.344853 0.592119 0.630300
1811.300000000 71.173135 74.101255 82.005012 0.367769 0.342443 0.590902 0.631121
1811.400000000 71.288427 74.180799 82.114280 0.367315 0.345826 0.592737 0.627812
1811.500000000 71.415509 74.270480 82.162046 0.369938 0.346462 0.591259 0.627314
1811.600000000 71.508781 74.336039 82.277595 0.370955 0.347118 0.591702 0.625932
1812.100000000 72.145530 74.667945 82.544166 0.369882 0.344070 0.594589 0.625514
1812.400000000 72.438393 74.868932 82.807277 0.373444 0.347371 0.594371 0.621769
1812.500000000 72.606993 74.901129 82.821521 0.370970 0.343799 0.595508 0.624142
1812.700000000 72.832523 74.991900 82.929015 0.372154 0.343111 0.595333 0.623983
1812.800000000 72.929000 75.048731 83.017633 0.373126 0.345225 0.595765 0.621821
1812.900000000 73.033796 75.073933 83.036220 0.375794 0.342066 0.593964 0.623680
1813.100000000 73.366896 75.115122 83.182754 0.372607 0.337111 0.595976 0.626365
1813.200000000 73.398473 75.155845 83.215328 0.373533 0.335392 0.595275 0.627402
1813.400000000 73.619243 75.209313 83.317634 0.380304 0.331381 0.592337 0.628246
1813.500000000 73.675038 75.225909 83.397310 0.379439 0.326558 0.593605 0.630095
1813.600000000 73.669764 75.241544 83.439362 0.380231 0.318522 0.591768 0.635436
1813.700000000 73.796157 75.242122 83.491775 0.383600 0.320271 0.591227 0.633030
1813.800000000 73.842025 75.248524 83.542572 0.381993 0.319444 0.593281 0.632498
1814.100000000 74.047796 75.267993 83.711098 0.368494 0.327610 0.609052 0.621240
1814.400000000 74.122764 75.276374 83.903998 0.356648 0.321632 0.616524 0.623901
1814.500000000 74.211999 75.273979 83.946255 0.355963 0.322986 0.617702 0.622427
1814.600000000 74.308381 75.238466 83.989769 0.357661 0.321457 0.617167 0.622775
1814.800000000 74.517375 75.174193 84.084043 0.360785 0.322589 0.618440 0.619114
1814.900000000 74.660481 75.126936 84.106559 0.362814 0.322593 0.618254 0.618111
1815.000000000 74.767167 75.090858 84.157344 0.363089 0.322648 0.618238 0.617938
1815.100000000 74.815904 75.086643 84.213837 0.361191 0.322855 0.618881 0.618298
1815.600000000 73.253159 75.462841 84.143460 0.367618 0.324341 0.609256 0.623272
1815.800000000 73.460147 75.420252 84.266862 0.366174 0.325550 0.608824 0.623913
1815.900000000 73.474065 75.385876 84.295454 0.362648 0.327741 0.612346 0.621373
1816.000000000 73.514483 75.355508 84.325013 0.362890 0.326870 0.611622 0.622403
1816.100000000 73.571171 75.273347 84.357239 0.361634 0.327395 0.613749 0.620762
1816.400000000 73.676837 75.088797 84.441838 0.364112 0.323462 0.611712 0.623381
1816.700000000 73.863387 74.888304 84.552806 0.363392 0.324089 0.613466 0.621749
1817.300000000 74.153066 74.519535 84.738784 0.363014 0.320680 0.611236 0.625920
1817.500000000 74.232733 74.320500 84.774170 0.365344 0.320108 0.610760 0.625321
1817.600000000 74.254394 74.294121 84.814946 0.359356 0.324289 0.614299 0.623166
1817.700000000 74.244256 74.232581 84.833381 0.356275 0.326416 0.616585 0.621566
1817.800000000 74.318023 74.151103 84.874383 0.354957 0.328872 0.616800 0.620811
1818.000000000 83.527933 75.435778 88.481574 0.391402 0.304492 0.610897 0.617166
1818.500000000 82.635715 75.454839 88.514772 0.382770 0.319360 0.621006 0.604854
1819.700000000 81.462726 74.770245 88.572241 0.389183 0.316583 0.616312 0.607018
1819.800000000 81.485179 74.712405 88.606179 0.387235 0.317549 0.617991 0.606051
1820.000000000 81.790011 74.397069 88.650462 0.395364 0.311795 0.612605 0.609250
1820.500000000 81.964054 73.924071 88.780701 0.395533 0.306280 0.611250 0.613286
1820.700000000 82.045521 73.690446 88.823888 0.400532 0.303282 0.608235 0.614528
1821.200000000 82.365273 73.139365 88.961171 0.406122 0.296757 0.603260 0.618933
1821.300000000 82.366290 73.036841 88.964921 0.406770 0.295132 0.602836 0.619696
1821.400000000 82.419150 72.969026 89.016830 0.403503 0.296697 0.604672 0.619297
1821.500000000 82.532858 72.833852 89.045912 0.403356 0.294784 0.604156 0.620807
1821.700000000 82.712560 72.612419 89.091949 0.403144 0.292571 0.604391 0.621763
1822.200000000 83.156430 72.065175 89.267388 0.403421 0.291043 0.602363 0.624263
1822.400000000 83.245600 71.831048 89.299286 0.407657 0.288269 0.599489 0.625564
1822.600000000 83.568111 71.684982 89.483039 0.396791 0.296451 0.605251 0.623173
1822.700000000 83.654729 71.572984 89.516614 0.398196 0.296318 0.604588 0.622984
1822.900000000 83.697484 71.273743 89.447686 0.407126 0.283927 0.598683 0.628659
1823.400000000 92.166812 71.630228 93.406848 0.427589 0.290015 0.593591 0.617016
1823.900000000 92.617398 71.089575 93.479044 0.426018 0.280508 0.592393 0.623614
1824.100000000 92.679466 70.843691 93.479629 0.431261 0.274653 0.588616 0.626187
1824.600000000 93.164850 70.509806 93.802906 0.440578 0.292056 0.586186 0.613988
1824.700000000 93.130120 70.329463 93.670865 0.442119 0.276519 0.582859 0.623172
1825.000000000 93.597864 70.116001 93.934344 0.430190 0.283074 0.588463 0.623311
1825.100000000 93.637913 70.014793 93.926961 0.433446 0.280456 0.586164 0.624405
1825.500000000 93.755903 69.922486 94.204467 0.461650 0.310193 0.576370 0.598713
1825.700000000 93.983890 69.621340 94.154262 0.451829 0.286902 0.577104 0.616838
1825.800000000 94.016151 69.521942 94.184932 0.453296 0.283044 0.575385 0.619145
1825.900000000 94.012917 69.473598 94.205624 0.454742 0.282301 0.574352 0.619383
1826.100000000 94.235065 69.470464 94.430374 0.459839 0.304700 0.574106 0.605069
1826.200000000 94.290421 69.376381 94.445755 0.463977 0.302226 0.571098 0.605997
1826.400000000 94.588854 69.192732 94.425039 0.448721 0.280346 0.576075 0.623052
1826.500000000 94.525359 69.149033 94.466000 0.464758 0.289411 0.568356 0.614177
1826.700000000 94.614285 69.024538 94.504001 0.467886 0.286594 0.565897 0.615392
1826.800000000 94.574152 68.995699 94.532705 0.469704 0.285195 0.564533 0.615910
1827.200000000 95.150434 68.790561 94.789329 0.453980 0.275582 0.570510 0.626478
1827.400000000 95.238978 68.738010 94.819527 0.467710 0.281784 0.563808 0.619650
1827.500000000 95.422161 68.665656 94.820165 0.470858 0.280797 0.561441 0.619863
1827.700000000 95.547247 68.626141 94.930958 0.472753 0.280424 0.559925 0.619961
1827.800000000 95.592330 68.596377 95.002470 0.473239 0.278750 0.558953 0.621220
1827.900000000 95.677142 68.604466 94.971336 0.467425 0.275491 0.561924 0.624387
1828.000000000 101.399490 67.920418 97.466683 0.489756 0.264418 0.544238 0.627716
1828.500000000 102.261222 67.808908 97.873381 0.485731 0.276114 0.546994 0.623398
1828.700000000 102.252469 67.800568 97.815730 0.481117 0.261424 0.546543 0.633620
1828.800000000 102.272789 67.788631 97.840510 0.483866 0.259338 0.544480 0.634160
1829.500000000 103.781574 67.903030 97.823718 0.482136 0.288835 0.550465 0.617340
1829.800000000 103.814032 67.937525 97.771593 0.480591 0.273487 0.548797 0.626944
1829.900000000 103.747246 67.926183 97.768311 0.485054 0.266906 0.544849 0.629781
1830.000000000 103.824359 67.939997 97.762525 0.481705 0.263103 0.546198 0.632776
1830.100000000 104.012458 67.963613 97.802322 0.477146 0.264780 0.549094 0.633023
1830.400000000 104.317138 67.988887 97.951908 0.477963 0.264960 0.548083 0.633208
1830.600000000 104.550972 67.990562 98.050659 0.475744 0.263350 0.548824 0.634906
1831.100000000 105.455536 68.229736 97.465739 0.463318 0.270589 0.557820 0.633210
1831.200000000 105.564926 68.224016 97.507351 0.464256 0.270865 0.557218 0.632934
1831.300000000 105.634606 68.216739 97.592499 0.455700 0.263067 0.560356 0.639636
1831.400000000 105.738597 68.200824 97.652445 0.459563 0.264578 0.558557 0.637820
1831.600000000 106.036529 68.197398 97.788038 0.462482 0.270162 0.557893 0.633939
1832.300000000 107.219892 68.495182 97.634490 0.479556 0.333321 0.556604 0.590860
1832.400000000 107.355602 68.489680 97.675961 0.477293 0.332300 0.557656 0.592274
1832.700000000 104.792270 69.597998 95.469043 0.450914 0.309644 0.573017 0.610286
1833.100000000 105.236378 69.518725 95.580343 0.446293 0.301397 0.574410 0.616470
1833.200000000 105.367796 69.508514 95.633895 0.445362 0.302231 0.575125 0.616068
1833.400000000 105.568281 69.484885 95.722520 0.444653 0.302600 0.575597 0.615958
1833.500000000 105.673761 69.468134 95.780270 0.444590 0.302897 0.575654 0.615804
1833.600000000 105.783948 69.455486 95.845424 0.444203 0.303520 0.576031 0.615424
1833.800000000 106.056204 69.428716 95.897401 0.439110 0.300083 0.578546 0.618399
1833.900000000 106.107605 69.419481 95.995559 0.438363 0.299937 0.578985 0.618589
1834.000000000 106.200294 69.406486 96.058201 0.438167 0.300558 0.579090 0.618327
1834.500000000 104.510951 69.757179 94.772260 0.461740 0.302850 0.563038 0.614871
1834.600000000 104.428624 69.756715 94.813923 0.462635 0.302629 0.562118 0.615149
1834.800000000 104.433993 69.719642 94.940984 0.464273 0.303665 0.561047 0.614382
1835.000000000 104.715182 69.619312 95.110458 0.458938 0.300177 0.563371 0.617966
1835.100000000 104.617080 69.624806 95.167486 0.459709 0.300277 0.562502 0.618137
1836.100000000 102.351054 70.384669 94.599532 0.439286 0.289790 0.568523 0.632322
1836.300000000 102.322064 70.359156 94.783716 0.445844 0.297455 0.566017 0.626393
1836.500000000 87.351606 72.631452 89.263357 0.409454 0.267495 0.599935 0.633144
1836.600000000 87.574082 72.431273 89.542898 0.414074 0.267380 0.596957 0.633003
1836.700000000 87.636324 72.364115 89.682341 0.414987 0.268330 0.596522 0.632413
1836.900000000 87.770299 72.231669 89.895788 0.418418 0.268910 0.594543 0.631769
1837.000000000 87.791230 72.170889 89.981010 0.418998 0.268351 0.593855 0.632270
1837.100000000 87.781384 72.125400 90.000197 0.418678 0.263816 0.593620 0.634606
1837.700000000 87.980961 72.100479 89.182488 0.374791 0.214348 0.605728 0.668341
1837.900000000 88.289459 71.942622 89.520618 0.404005 0.249316 0.596745 0.646929
1838.000000000 88.361761 71.891725 89.681354 0.411113 0.257706 0.594475 0.641227
1838.100000000 88.326526 71.878829 89.548742 0.380878 0.221393 0.603940 0.664209
1838.200000000 88.795047 71.780075 89.525261 0.396667 0.240183 0.599395 0.652452
1838.300000000 88.598978 71.762387 89.589517 0.404154 0.244879 0.595909 0.649297
1839.000000000 87.876421 71.710276 89.298894 0.378640 0.197581 0.597749 0.678446
1839.200000000 71.846207 70.464990 79.578115 0.337903 0.186718 0.671073 0.632945
1839.300000000 71.983477 70.468011 79.749962 0.335392 0.189927 0.673073 0.631199
1839.500000000 72.087774 70.472550 79.786334 0.331390 0.186572 0.675451 0.631773
1839.700000000 72.311178 70.489658 80.082887 0.327308 0.191205 0.678483 0.629263
1839.800000000 72.416295 70.509268 80.233373 0.325465 0.193117 0.679937 0.628064
1839.900000000 72.508811 70.512189 80.263328 0.324297 0.191811 0.680397 0.628569
1840.000000000 72.595592 70.538843 80.317874 0.323346 0.190927 0.681425 0.628215
1840.100000000 72.687143 70.570172 80.459038 0.321244 0.192961 0.682901 0.627069
1840.200000000 72.759037 70.608424 80.573229 0.319048 0.194404 0.684276 0.626244
1840.800000000 71.037533 71.898341 79.563647 0.271161 0.201105 0.696773 0.632879
1841.000000000 70.021063 71.853031 78.158475 0.236347 0.294178 0.758247 0.531659
1841.100000000 61.637721 66.374978 70.611721 0.293583 0.277558 0.760007 0.509077
1841.200000000 60.328522 65.957889 70.309046 0.282885 0.249869 0.765408 0.521241
1841.500000000 58.339455 65.621866 70.585668 0.231026 0.197899 0.783134 0.542370
1841.700000000 58.460816 65.714332 70.809679 0.229452 0.201686 0.782766 0.542173
1842.000000000 58.700788 65.673723 71.722100 0.253522 0.222683 0.774777 0.534658
1842.100000000 58.660380 65.729653 71.843088 0.249140 0.221804 0.776214 0.534999
1842.200000000 58.620283 65.756106 71.931419 0.249926 0.222962 0.775835 0.534701
1842.300000000 58.613217 65.751022 72.143494 0.261158 0.235593 0.771042 0.530836
1842.400000000 58.682655 65.817808 72.198869 0.259257 0.233123 0.771688 0.531918
1842.500000000 58.629951 65.836982 72.190404 0.254759 0.224512 0.773685 0.534887
1842.600000000 58.635167 65.897062 72.247913 0.252135 0.222941 0.774145 0.536120
1842.700000000 58.701980 65.958961 72.450750 0.253033 0.227899 0.773426 0.534649
1842.800000000 58.822492 66.072062 72.613937 0.254027 0.236373 0.772628 0.531644
1842.900000000 58.932922 66.147334 72.634211 0.250697 0.232204 0.773760 0.533412
1843.100000000 58.027294 66.114738 72.352311 0.292093 0.299886 0.753251 0.507309
1843.200000000 57.851507 66.156752 72.158872 0.281352 0.286894 0.758692 0.512757
1843.300000000 57.859579 66.255898 72.030289 0.271973 0.276294 0.762782 0.517548
1843.400000000 57.715537 66.278830 72.026147 0.272052 0.274298 0.762856 0.518458
1843.500000000 57.307797 66.180309 72.012135 0.275694 0.273126 0.761053 0.519802
1843.700000000 56.785467 66.143592 71.914561 0.281921 0.278139 0.757782 0.518580
1843.800000000 56.550924 66.138228 71.870239 0.280847 0.275080 0.757991 0.520486
1843.900000000 56.577822 66.199254 71.973482 0.279735 0.276408 0.758036 0.520315
1844.000000000 56.619850 66.260599 71.984856 0.276641 0.269180 0.759669 0.523369
1844.100000000 56.534738 66.283209 72.039194 0.276514 0.268702 0.759629 0.523739
1844.200000000 56.360584 66.297491 72.042896 0.275594 0.267235 0.759594 0.525024
1844.600000000 56.169804 66.479150 72.259480 0.261472 0.253436 0.764410 0.532053
1844.700000000 56.403961 66.626993 72.301626 0.298831 0.323471 0.742960 0.504061
1844.800000000 56.690376 66.754450 72.417649 0.293454 0.318860 0.745656 0.506172
1845.400000000 56.281212 66.906859 72.733115 0.284793 0.311406 0.749132 0.510608
1845.500000000 56.683623 67.078351 72.918840 0.275781 0.304357 0.753747 0.513009
1845.600000000 55.678526 62.599726 67.381280 0.216163 0.353664 0.792032 0.448196
1845.900000000 55.755893 62.878311 67.424218 0.268659 0.494159 0.726694 0.394392
1846.000000000 56.083874 63.101857 67.298987 0.263606 0.488126 0.731276 0.396839
1846.100000000 56.568870 63.427643 67.321030 0.255368 0.481162 0.737778 0.398690
1846.200000000 56.745887 63.602617 67.405499 0.257829 0.492593 0.732259 0.393285
1846.300000000 56.884856 63.731179 67.346033 0.252274 0.487457 0.736686 0.395015
1846.400000000 57.252786 64.073375 67.467361 0.245964 0.492610 0.737934 0.390244
1846.500000000 57.350297 64.215853 67.526161 0.239822 0.489813 0.742037 0.389808
1847.100000000 57.530103 64.865896 67.627537 0.267915 0.666069 0.631934 0.291946
1847.900000000 57.789073 65.195463 67.896260 0.256265 0.632964 0.659548 0.314136
1848.400000000 58.012110 65.504419 67.298419 0.325889 0.782118 0.499108 0.181604
1848.600000000 58.159151 65.539367 67.381799 0.328545 0.778291 0.499889 0.190872
1848.700000000 58.152233 65.545921 67.413226 0.327812 0.776832 0.502397 0.191489
1848.900000000 57.890028 65.277903 67.890527 0.326829 0.762139 0.513033 0.221641
1849.000000000 58.813475 66.451734 69.605348 0.294632 0.757125 0.530635 0.241621
1849.100000000 58.731488 66.375352 69.749735 0.291685 0.750269 0.538121 0.249885
1849.200000000 58.270445 66.020908 70.205869 0.286448 0.739349 0.549417 0.263538
1849.600000000 56.830650 64.679301 71.354723 0.425379 0.828886 0.303959 0.199021
1849.800000000 56.166004 64.166627 71.635464 0.343002 0.685166 0.551670 0.329481
1849.900000000 55.671964 63.846262 72.012285 0.341984 0.685887 0.553264 0.326351
1850.000000000 55.501551 63.733729 72.152794 0.344491 0.691942 0.547406 0.320763
1850.200000000 55.487715 63.686691 72.240656 0.352048 0.706635 0.529685 0.310102
1850.500000000 56.144738 63.981293 71.996779 0.341606 0.691444 0.549917 0.320628
1850.800000000 56.530882 64.139234 71.954783 0.344487 0.695964 0.543399 0.318872
1850.900000000 59.773405 66.047762 73.151016 0.372058 0.683098 0.540499 0.320640
1851.000000000 59.940707 66.100745 73.117024 0.371991 0.681878 0.540775 0.322842
1851.100000000 60.045364 66.133165 73.090538 0.377969 0.693969 0.526211 0.314084
1851.200000000 60.133145 66.146133 73.088188 0.378250 0.694369 0.525650 0.313801
1851.700000000 61.305985 66.496824 72.274851 0.416272 0.743596 0.437793 0.286565
1851.900000000 61.624433 66.595783 72.581691 0.386523 0.698608 0.510135 0.319857
1852.000000000 61.441498 66.482100 72.759265 0.388443 0.705282 0.503527 0.313288
1852.100000000 61.523230 66.464084 72.767306 0.392082 0.705346 0.497743 0.317821
1852.200000000 61.748952 66.463620 72.608637 0.399663 0.708922 0.484062 0.321533
1853.000000000 63.675979 67.459700 71.731377 0.389922 0.726358 0.488297 0.286236
1853.100000000 64.819602 68.350942 70.901789 0.388398 0.747535 0.478851 0.247061
1853.300000000 68.922206 70.021762 67.988668 0.461208 0.765194 0.412862 0.176946
1853.400000000 69.247856 70.150078 67.776471 0.457920 0.759166 0.427315 0.177141
1853.800000000 71.417299 70.312728 69.178797 0.283920 0.340192 0.732236 0.517194
1853.900000000 71.807564 70.370152 69.305681 0.298717 0.333986 0.726593 0.520850
1854.000000000 71.750134 70.317419 69.333679 0.295767 0.334195 0.728073 0.520333
1854.100000000 71.759710 70.287834 69.382721 0.295190 0.333234 0.728050 0.521307
1854.200000000 71.897185 70.297559 69.474551 0.295650 0.333254 0.727667 0.521569
1854.900000000 73.205980 70.457026 70.269700 0.303297 0.339560 0.726655 0.514472
1855.000000000 73.347104 70.494365 70.387118 0.298472 0.344759 0.729309 0.510062
1855.100000000 73.479028 70.528266 70.494733 0.294020 0.347258 0.732028 0.507049
1855.200000000 73.685425 70.579269 70.637833 0.289384 0.351608 0.735698 0.501376
1855.400000000 74.092197 70.534475 70.941701 0.244166 0.262661 0.757489 0.545529
1855.600000000 74.231139 70.587427 71.078600 0.271322 0.322476 0.747016 0.514161
1855.700000000 74.474018 70.565391 71.290167 0.242590 0.272072 0.759633 0.538594
1856.600000000 75.862686 70.336653 71.718191 0.258727 0.201736 0.739109 0.588287
1857.400000000 75.342933 70.374840 72.237541 0.310321 0.321874 0.719434 0.531519
1857.500000000 74.747711 70.425661 71.141507 0.261249 0.224761 0.740966 0.576369
1857.600000000 74.773791 70.885180 71.728930 0.216399 0.252328 0.756320 0.563456
1857.700000000 74.304611 70.230676 70.090115 -0.003802 0.323723 0.823872 0.465214
1857.800000000 79.318961 71.582589 65.975343 0.090535 0.387135 0.792908 0.461766
1857.900000000 79.344071 71.616743 66.016730 0.091122 0.387586 0.792807 0.461445
1858.200000000 79.399458 72.078727 65.786334 0.063196 0.431847 0.783488 0.442336
1858.300000000 79.591659 72.148606 65.850533 0.062338 0.423394 0.787167 0.444095
1858.800000000 81.526794 71.087370 65.657802 -0.096555 0.583496 0.675546 0.440280
1859.100000000 81.370423 71.126494 65.797383 -0.099403 0.565740 0.689371 0.441390
1859.200000000 81.311063 71.123012 65.818679 -0.101773 0.560681 0.693290 0.441167
1859.300000000 81.272610 71.112794 65.841349 -0.100459 0.557298 0.695262 0.442649
1859.400000000 81.224533 71.122827 65.878472 -0.100325 0.556073 0.696112 0.442883
1859.500000000 81.281525 71.377669 65.946264 -0.101613 0.558477 0.695889 0.439905
1859.600000000 81.239219 71.408068 65.986764 -0.102130 0.557802 0.696910 0.439024
1859.700000000 81.145255 71.343007 66.014320 -0.103716 0.548058 0.703141 0.440986
1860.100000000 81.213267 71.184389 66.052236 0.036207 0.532881 0.748134 0.393729
1860.300000000 83.619097 73.026644 59.955650 0.108185 0.589052 0.726995 0.335846
1860.400000000 83.647053 73.089331 60.003025 0.109344 0.588911 0.726526 0.336732
1860.600000000 83.634316 73.167496 60.118781 0.109379 0.588450 0.726771 0.336996
1860.800000000 83.586124 73.220424 60.257073 0.109039 0.587623 0.727425 0.337138
1861.000000000 83.520242 73.261153 60.391512 0.109011 0.588557 0.726934 0.336576
1861.100000000 83.521737 73.310840 60.451713 0.109003 0.588809 0.726804 0.336420
1861.500000000 83.295144 73.306900 60.781926 0.111257 0.587379 0.727736 0.336168
1861.600000000 83.246158 73.306338 60.838310 0.111206 0.586273 0.728647 0.336140
1861.700000000 83.168564 73.300888 60.975352 0.112984 0.591544 0.724954 0.334293
1861.800000000 83.327806 73.516789 61.038379 0.114347 0.589541 0.725628 0.335902
1861.900000000 83.256128 73.455506 61.076978 0.114289 0.587678 0.726964 0.336298
1862.100000000 83.018350 73.336107 61.213431 0.112154 0.590658 0.726651 0.332448
1862.200000000 82.886984 73.248473 61.282907 0.111079 0.589419 0.728033 0.331986
1862.300000000 82.908774 73.313248 61.347207 0.110764 0.586502 0.730226 0.332440
1862.400000000 82.912664 73.337211 61.426796 0.112671 0.586665 0.729340 0.333457
1862.900000000 82.676724 73.300265 61.731648 0.116312 0.596331 0.723233 0.328321
1863.200000000 82.382183 73.070941 61.818887 0.109718 0.584640 0.733776 0.328224
1863.400000000 82.231248 72.917085 61.889353 0.111777 0.581299 0.735346 0.329946
1864.000000000 82.156678 73.087360 62.280507 0.114506 0.594015 0.727367 0.323992
1864.200000000 82.971480 74.357203 62.965639 -0.023485 0.762480 0.606028 0.225396
1864.300000000 79.291214 77.094618 57.698813 -0.014863 0.785691 0.599836 0.150551
1864.400000000 79.333772 77.203663 57.643808 -0.013343 0.786158 0.597595 0.157030
1865.100000000 79.438938 77.585620 57.412093 -0.080436 0.686300 0.696685 0.192748
1865.500000000 79.343298 77.241972 58.108808 -0.058200 0.630263 0.740145 0.227085
1866.300000000 79.132243 77.131315 58.673723 0.159688 0.479949 0.812567 0.289626
1866.600000000 79.786542 77.855050 58.633957 0.213618 0.440696 0.798175 0.350815
1866.700000000 78.957312 76.871396 58.561106 0.163464 0.487926 0.807401 0.288636
1866.900000000 79.513066 77.454384 58.659204 0.184966 0.508609 0.786472 0.297601
1867.000000000 70.675280 81.725455 55.005373 0.156163 0.500775 0.810393 0.260961
1867.100000000 70.267888 81.152895 55.012036 0.176009 0.550738 0.775467 0.253691
1867.200000000 70.672762 81.719370 54.975472 0.151074 0.502615 0.811597 0.256640
1867.700000000 69.501331 80.136628 52.759562 0.277538 0.310217 0.803395 0.425787
1868.100000000 69.247133 79.979436 52.473092 0.269337 0.329942 0.802151 0.418509
1868.400000000 70.388287 80.465601 52.739004 0.282482 0.338903 0.796549 0.413349
1868.700000000 71.318915 80.622210 52.853174 0.298332 0.322203 0.793889 0.420622
1868.800000000 71.276838 80.595976 52.797733 0.300084 0.335908 0.790806 0.414416
1869.000000000 57.875308 84.069614 51.717620 0.237208 0.346259 0.808904 0.411717
1869.300000000 57.766601 83.875009 51.428802 0.236343 0.347842 0.808275 0.412115
1869.600000000 57.659669 83.667848 51.127123 0.231772 0.349576 0.809242 0.411347
1870.000000000 57.511947 83.322715 50.690031 0.227305 0.346096 0.810945 0.413421
1870.100000000 57.446336 83.224863 50.599183 0.224292 0.367656 0.806671 0.404727
1870.300000000 57.318204 82.985263 50.325042 0.218815 0.347142 0.813886 0.411341
1870.500000000 56.897724 82.492463 49.874831 0.216821 0.344974 0.815036 0.411944
1870.600000000 56.588692 82.103388 49.611490 0.215398 0.348718 0.813839 0.411903
1870.800000000 56.649806 81.983728 49.425160 0.210748 0.351583 0.814436 0.410693
1871.100000000 56.847088 81.844030 49.201589 0.211090 0.350509 0.814792 0.410729
1871.300000000 56.914643 81.713949 49.015829 0.210031 0.348323 0.815704 0.411321
1871.400000000 56.906121 81.619322 48.940192 0.211956 0.355368 0.813176 0.409309
1871.700000000 57.172229 81.561567 48.745356 0.211515 0.354362 0.813770 0.409228
1871.800000000 57.131587 81.423426 48.596006 0.211064 0.349488 0.815022 0.411156
1872.000000000 57.283769 81.364860 48.460748 0.209056 0.348034 0.816051 0.411375
1872.100000000 46.965097 82.290627 47.953466 0.145463 0.361923 0.814458 0.429547
1872.200000000 47.023974 82.239671 47.881048 0.144081 0.359066 0.815783 0.429895
1872.400000000 47.176578 82.180779 47.788913 0.143992 0.365708 0.813703 0.428266
1872.600000000 47.260588 82.086927 47.676807 0.140359 0.369507 0.813729 0.426156
1872.700000000 47.341666 82.079370 47.618530 0.138671 0.368287 0.815014 0.425309
1872.800000000 47.396048 82.007951 47.554686 0.139621 0.369320 0.814241 0.425583
1873.000000000 47.466707 81.837613 47.378204 0.139355 0.370032 0.814117 0.425288
1873.100000000 47.479948 81.755629 47.281110 0.140327 0.369841 0.813747 0.425841
1873.400000000 47.739353 81.732324 47.170786 0.139304 0.370145 0.814042 0.425349
1873.500000000 47.683279 81.581168 47.071387 0.139023 0.371956 0.813446 0.425001
1873.600000000 47.707392 81.486701 46.954468 0.139563 0.369584 0.814348 0.425167
1873.700000000 47.766099 81.497727 46.931223 0.138028 0.372870 0.814107 0.423257
1874.000000000 48.003661 81.483708 46.805466 0.141732 0.377245 0.811420 0.423315
1874.100000000 47.981884 81.416167 46.723766 0.137528 0.377254 0.813213 0.421247
1874.300000000 48.063982 81.340844 46.606744 0.137801 0.377052 0.813279 0.421212
1874.500000000 48.097076 81.246466 46.479456 0.135862 0.374785 0.814783 0.420959
1874.600000000 48.037138 81.111096 46.354327 0.136031 0.371792 0.815736 0.421712
1874.800000000 48.160990 81.100033 46.249838 0.138929 0.373418 0.814089 0.422513
1875.100000000 48.209016 81.046799 46.096502 0.136237 0.375996 0.814946 0.419439
1875.200000000 48.133453 80.933736 45.994573 0.136043 0.375767 0.815158 0.419296
1875.300000000 43.187448 77.629276 47.246406 0.086345 0.385224 0.794467 0.461487
1875.500000000 43.247225 77.635255 47.169487 0.083797 0.386341 0.795513 0.459214
1875.600000000 43.216283 77.587687 47.095658 0.081827 0.386217 0.796545 0.457883
1875.700000000 43.202232 77.528621 47.021463 0.081550 0.385274 0.797081 0.457794
1875.900000000 43.286691 77.612882 46.975091 0.079373 0.386809 0.797925 0.455405
1876.000000000 43.249700 77.564491 46.894432 0.078737 0.387213 0.798287 0.454539
1876.300000000 43.344448 77.658790 46.808151 0.080107 0.387962 0.797930 0.454286
1876.400000000 43.256522 77.576221 46.696715 0.079422 0.386788 0.798715 0.454028
1876.500000000 43.193759 77.526286 46.622424 0.079764 0.386282 0.798762 0.454316
1876.700000000 43.216666 77.617009 46.560980 0.080953 0.389044 0.797734 0.453555
1876.800000000 43.116111 77.541848 46.449610 0.081010 0.388599 0.798012 0.453436
1876.900000000 43.104507 77.562798 46.396132 0.082504 0.390526 0.796975 0.453337
1877.000000000 43.056697 77.560513 46.339453 0.081878 0.391878 0.796659 0.452838
1877.500000000 43.028124 78.016874 46.174715 0.100715 0.389851 0.794434 0.454694
1877.800000000 42.607799 77.742021 45.780466 0.096851 0.386524 0.795450 0.456595
1878.000000000 42.395362 77.672955 45.555340 0.102239 0.385475 0.794268 0.458360
1878.100000000 42.274351 77.675167 45.462778 0.102236 0.385904 0.794289 0.457964
1878.400000000 41.957261 77.741616 45.245335 0.097655 0.392582 0.793795 0.454129
1878.600000000 41.727054 77.684217 45.027242 0.100921 0.389839 0.793965 0.455478
1878.700000000 41.606445 77.695805 44.959627 0.100024 0.390729 0.794048 0.454767
1878.800000000 41.486247 77.631246 44.846708 0.104141 0.389282 0.793550 0.455953
1879.000000000 41.260560 77.678600 44.729564 0.105009 0.395439 0.791005 0.454875
1879.100000000 41.111570 77.632605 44.605429 0.104531 0.393919 0.791297 0.455796
1879.700000000 38.375588 75.207253 41.108527 0.300373 0.219751 0.720151 0.585549
1880.200000000 39.400086 75.889696 42.072961 0.178502 0.342789 0.771938 0.504722
1880.400000000 39.578836 74.806045 42.510708 0.121107 0.374391 0.749301 0.532646
1881.500000000 37.513890 76.961331 40.304389 0.328824 0.128058 0.712608 0.606354
1881.700000000 37.481567 77.188938 40.366463 0.325222 0.194636 0.710331 0.593108
1882.100000000 38.301390 77.273999 40.136119 0.241669 0.105022 0.775225 0.574102
1882.300000000 39.346619 77.866605 41.847553 0.101366 0.295461 0.805600 0.503425
1882.400000000 40.203527 78.267449 43.343036 0.143826 0.269132 0.794988 0.524286
1882.700000000 41.013417 78.836826 44.335098 0.135272 0.254275 0.798846 0.528102
1882.800000000 41.690289 79.246068 44.968860 0.151181 0.306350 0.781524 0.522030
1882.900000000 42.322659 79.653538 45.861830 0.187820 0.343542 0.760991 0.517296
1883.000000000 42.496322 79.866574 46.126317 0.176201 0.353626 0.762345 0.512574
1883.100000000 42.841669 80.281866 46.544333 0.166594 0.405129 0.759462 0.480973
1883.500000000 41.799855 80.123819 45.860430 0.001976 0.434732 0.809379 0.394853
1883.600000000 42.427735 80.250390 46.045763 0.113692 0.428049 0.784672 0.433749
1883.700000000 42.280243 80.181437 45.965354 0.113259 0.425647 0.785061 0.435518
1883.900000000 42.114985 80.266781 45.928737 0.181487 0.415703 0.746717 0.486485
1884.200000000 41.795674 79.816946 45.524406 0.118653 0.427944 0.783127 0.435314
1884.300000000 41.852168 80.151916 45.667459 0.198938 0.421943 0.735505 0.491345
1884.500000000 41.606856 79.815894 45.454418 0.138388 0.440645 0.771832 0.436985
1884.600000000 41.549783 79.913734 45.425761 0.208478 0.418768 0.728600 0.500312
1884.700000000 41.429748 79.738288 45.333043 0.140871 0.448914 0.767998 0.434523
1884.800000000 41.341464 79.715507 45.249901 0.213706 0.409456 0.726917 0.508201
1885.000000000 41.183975 79.597538 45.100771 0.219920 0.409081 0.722877 0.511601
1885.200000000 41.457945 79.686101 45.076339 0.215513 0.399017 0.727320 0.515117
1885.300000000 44.922757 78.038613 40.740087 0.279968 0.423125 0.701437 0.500569
1885.400000000 44.760096 78.051662 40.666229 0.294654 0.412566 0.687818 0.519494
1885.800000000 43.754370 77.439883 41.525013 0.310304 0.459729 0.675033 0.486509
1886.000000000 43.639148 76.989058 41.414074 0.336823 0.450916 0.657864 0.500440
1886.800000000 43.745608 76.963980 43.631831 0.325131 0.468289 0.663896 0.483980
1886.900000000 43.395158 76.503717 43.575116 0.340507 0.475924 0.645738 0.490482
1887.000000000 43.410316 76.450132 43.533701 0.341864 0.476545 0.644664 0.490350
1887.100000000 43.318954 76.340700 43.465976 0.342186 0.470182 0.644912 0.495909
1887.300000000 43.677250 76.551659 43.372946 0.333146 0.479931 0.650219 0.485690
1887.400000000 43.571522 76.331118 43.331219 0.335593 0.478503 0.646851 0.489894
1887.600000000 44.648393 76.843389 42.974278 0.391626 0.531219 0.605735 0.444434
1888.200000000 44.841414 76.667921 42.195127 0.498765 0.567603 0.514142 0.405856
1888.300000000 45.075471 76.660882 42.330099 0.454183 0.525416 0.566493 0.443555
1888.500000000 45.347901 76.179891 43.433844 0.481086 0.497103 0.546181 0.472368
1888.600000000 45.416287 76.183435 43.328842 0.475205 0.499924 0.551929 0.468647
1888.700000000 45.308198 76.138113 43.297371 0.473159 0.499733 0.555018 0.467272
1888.800000000 45.096515 76.069223 43.255154 0.473237 0.498714 0.555745 0.467417
1888.900000000 45.096730 76.043031 43.232794 0.473366 0.498479 0.554898 0.468542
1889.000000000 44.974526 76.008266 43.169232 0.472072 0.503127 0.556752 0.462643
1889.200000000 45.166321 75.954234 43.075948 0.456546 0.490170 0.574002 0.470979
1889.400000000 45.390545 75.857651 42.862729 0.455694 0.484181 0.574835 0.476945
1889.600000000 45.351944 75.766171 42.772425 0.446682 0.477445 0.584358 0.480673
1889.700000000 45.047712 75.723102 42.827288 0.473910 0.507939 0.556010 0.456356
1889.800000000 44.921026 75.651384 43.251079 0.472133 0.507327 0.558081 0.456350
1889.900000000 44.883307 75.605507 43.156781 0.472577 0.508730 0.557611 0.454901
1890.000000000 45.001480 75.565336 43.439086 0.473424 0.513909 0.556490 0.449541
1890.400000000 44.774938 75.389582 42.768413 0.451771 0.496623 0.580298 0.461002
1890.500000000 42.336504 76.251710 47.356626 0.424543 0.470415 0.571949 0.520910
1890.700000000 41.902464 76.101691 47.119008 0.418203 0.465082 0.577642 0.524532
1890.800000000 42.004139 76.047448 47.261146 0.418093 0.466990 0.578337 0.522154
1890.900000000 42.013965 75.985930 47.114647 0.412427 0.460893 0.583335 0.526501
1891.000000000 42.139747 75.922967 47.060756 0.414627 0.460974 0.581179 0.527086
1891.900000000 41.719031 75.280275 46.127620 0.442423 0.498497 0.561179 0.490756
1892.100000000 41.499953 75.113660 46.059034 0.439377 0.496454 0.563534 0.492860
1892.200000000 41.411578 75.067003 46.041938 0.438424 0.496309 0.564721 0.492496
1892.400000000 41.103562 74.876859 46.044534 0.442936 0.499006 0.560892 0.490103
1892.500000000 40.913000 74.767710 46.025220 0.441843 0.497661 0.561508 0.491750
1892.600000000 40.676704 74.658962 46.081059 0.442207 0.497337 0.561128 0.492184
1892.700000000 40.666068 74.598641 46.022096 0.441763 0.497861 0.561611 0.491500
1892.900000000 40.335814 74.386223 45.944051 0.441972 0.494471 0.561150 0.495248
1893.000000000 38.324353 76.657460 48.762419 0.392754 0.489629 0.549575 0.551340
1893.100000000 38.259729 76.561812 48.726512 0.393339 0.489639 0.549165 0.551322
1893.200000000 38.022724 76.488166 48.765678 0.392524 0.488644 0.548710 0.553236
1893.500000000 37.771619 76.231946 48.678365 0.394666 0.492200 0.547695 0.549553
1893.600000000 37.595575 76.136631 48.654471 0.395101 0.491192 0.546933 0.550899
1894.100000000 36.821540 75.724275 48.497010 0.394806 0.485566 0.546031 0.556960
1894.400000000 36.402918 75.533136 48.438944 0.397214 0.485857 0.543366 0.557599
1894.900000000 35.633970 75.233246 48.400758 0.404194 0.484312 0.536918 0.560168
1895.200000000 35.234619 75.114573 48.361524 0.403932 0.484171 0.536908 0.560488
1895.400000000 34.921263 75.026993 48.266976 0.403684 0.482078 0.536719 0.562648
1895.800000000 34.462435 74.930590 48.185728 0.405832 0.483481 0.535034 0.561503
1895.900000000 34.373811 74.911735 48.173290 0.406641 0.483546 0.534194 0.561661
1896.000000000 34.251384 74.898219 48.159266 0.405678 0.483106 0.535270 0.561712
1896.200000000 33.871959 74.861965 48.111764 0.405842 0.481879 0.534506 0.563372
1896.600000000 33.453298 74.835852 47.989934 0.406797 0.482853 0.533866 0.562456
1896.900000000 34.015819 76.888564 48.653121 0.381716 0.495752 0.515105 0.585823
1897.000000000 33.827652 76.890142 48.617214 0.381291 0.494269 0.514742 0.587670
1897.600000000 33.058262 76.967116 48.429453 0.378355 0.493634 0.517788 0.587424
1897.700000000 32.919008 76.987411 48.391870 0.378252 0.492741 0.517386 0.588595
1898.100000000 32.317454 77.080872 48.283302 0.378539 0.493581 0.517290 0.587789
1898.200000000 32.224246 77.101171 48.233750 0.378636 0.493129 0.516965 0.588393
1898.800000000 31.299600 77.276323 48.030534 0.378787 0.492837 0.516433 0.589006
1899.200000000 30.791254 77.414546 47.871255 0.378770 0.493626 0.516659 0.588158
1899.300000000 30.620836 77.449240 47.838897 0.378008 0.493283 0.516974 0.588659
1899.400000000 30.590944 77.479606 47.784730 0.377964 0.493933 0.517054 0.588072
1899.600000000 30.237451 77.562130 47.721954 0.377965 0.493598 0.517394 0.588054
1899.800000000 29.932506 77.638913 47.644094 0.377948 0.494415 0.517429 0.587347
1899.900000000 29.946012 77.669823 47.578659 0.377635 0.494607 0.517628 0.587212
1900.100000000 29.629086 77.729707 47.507169 0.378445 0.494137 0.516951 0.587682
1900.200000000 29.524619 77.780160 47.473431 0.377458 0.494743 0.518066 0.586825
1900.300000000 29.397918 77.813213 47.425829 0.377017 0.494709 0.518230 0.586991
1900.400000000 29.260394 77.847839 47.378305 0.376750 0.494396 0.518306 0.587359
1900.600000000 28.989108 77.931795 47.317805 0.378111 0.496317 0.517584 0.585498
1901.000000000 28.445411 78.051894 47.155051 0.377506 0.495302 0.517628 0.586708
1901.200000000 28.173183 78.110892 47.075633 0.377630 0.495154 0.517556 0.586816
1901.500000000 27.739246 78.181447 46.963124 0.378774 0.494422 0.516290 0.587811
1901.600000000 27.610359 78.206186 46.925800 0.379143 0.494355 0.515849 0.588016
1901.700000000 27.481481 78.230294 46.880701 0.379222 0.494404 0.515770 0.587994
1901.800000000 27.327509 78.250618 46.833246 0.378467 0.492803 0.516388 0.589281
1901.900000000 29.879601 79.468330 45.838902 0.373169 0.508798 0.494459 0.597813
1902.300000000 29.371147 79.584618 45.681043 0.374156 0.509739 0.493535 0.597157
1902.400000000 29.236253 79.606191 45.639342 0.374348 0.509560 0.493253 0.597423
1902.800000000 28.700789 79.732398 45.482383 0.373714 0.509940 0.493297 0.597459
1903.000000000 28.437513 79.788690 45.378133 0.372084 0.508882 0.494317 0.598534
1903.300000000 28.012951 79.876518 45.283300 0.374730 0.511115 0.492013 0.596878
1903.500000000 27.682132 79.938356 45.191231 0.372664 0.510189 0.493219 0.597966
1903.900000000 27.088346 80.037175 45.037812 0.373237 0.510643 0.492294 0.597984
1904.600000000 25.843889 80.146691 44.767971 0.369573 0.505492 0.494365 0.602907
1904.700000000 25.704550 80.135983 44.683503 0.369334 0.504377 0.494254 0.604077
1904.800000000 25.474657 80.154190 44.645734 0.368742 0.503919 0.494560 0.604571
1905.000000000 25.299538 80.195273 44.639874 0.372974 0.507254 0.490867 0.602190
1905.100000000 25.121423 80.201610 44.563919 0.368893 0.503873 0.493787 0.605148
1905.200000000 24.874001 80.198528 44.518071 0.367626 0.501593 0.494273 0.607412
1905.300000000 24.422951 80.210323 44.491104 0.365781 0.498915 0.495280 0.609906
1905.500000000 24.092526 80.212721 44.401548 0.364057 0.496574 0.496260 0.612048
1905.700000000 23.921603 80.235899 44.357291 0.367283 0.499295 0.493552 0.610093
1906.000000000 23.345082 80.239957 44.215676 0.362606 0.494704 0.496666 0.614090
1906.100000000 23.235898 80.231565 44.165063 0.363319 0.494840 0.495890 0.614187
1906.200000000 23.291142 80.232786 44.140799 0.366436 0.498064 0.493400 0.611730
1906.300000000 23.119584 80.226772 44.097540 0.365746 0.497011 0.493808 0.612669
1906.800000000 22.303771 80.202244 43.898289 0.365177 0.495850 0.493646 0.614078
1907.100000000 25.223741 81.085999 41.868204 0.362727 0.520071 0.470817 0.613422
1907.300000000 24.974422 81.063772 41.820116 0.364325 0.521204 0.469412 0.612590
1907.400000000 24.742464 81.063320 41.838440 0.364617 0.520878 0.468906 0.613080
1907.500000000 24.653217 81.047974 41.821543 0.364412 0.520392 0.468930 0.613596
1907.800000000 24.211450 81.001017 41.718340 0.364208 0.519751 0.468820 0.614345
1908.100000000 23.986984 80.949627 41.649184 0.367688 0.522330 0.465909 0.612295
1908.200000000 23.892244 80.928719 41.637307 0.367507 0.521715 0.465915 0.612924
1908.400000000 23.595416 80.887725 41.546569 0.367126 0.521325 0.466111 0.613335
1908.500000000 23.447421 80.870933 41.540256 0.367341 0.521018 0.465778 0.613719
1908.600000000 23.285495 80.844893 41.516132 0.368069 0.521067 0.465030 0.613808
1908.700000000 23.132593 80.830428 41.511986 0.368382 0.521357 0.464671 0.613646
1908.800000000 23.002253 80.818398 41.522429 0.369297 0.521656 0.463720 0.613563
1908.900000000 22.840733 80.801847 41.515186 0.369295 0.521334 0.463632 0.613903
1909.300000000 22.299967 80.717574 41.376066 0.368048 0.520766 0.464539 0.614449
1909.400000000 22.145422 80.694475 41.369243 0.368322 0.520506 0.464124 0.614818
1909.600000000 21.848411 80.664649 41.370656 0.369590 0.521132 0.462874 0.614468
1909.900000000 21.431177 80.623380 41.302255 0.369073 0.521926 0.463198 0.613862
1910.200000000 20.984401 80.573348 41.233193 0.369970 0.521971 0.462358 0.613917
1910.300000000 20.832360 80.551647 41.199782 0.369914 0.521018 0.462126 0.614933
1910.400000000 20.706462 80.544440 41.162380 0.369020 0.520802 0.462900 0.615072
1910.500000000 23.996252 81.587050 38.172871 0.369376 0.555063 0.441104 0.600744
1911.200000000 22.997148 81.588526 38.061164 0.370966 0.557210 0.440127 0.598489
1911.300000000 22.857831 81.591128 38.015437 0.369692 0.556672 0.441298 0.598916
1911.400000000 22.709956 81.586130 37.956013 0.368345 0.555766 0.442595 0.599630
1911.600000000 22.434051 81.616585 37.929290 0.368700 0.556576 0.442726 0.598562
1911.700000000 22.290581 81.627698 37.889757 0.367571 0.556132 0.443767 0.598899
1911.800000000 22.149728 81.641547 37.892998 0.369363 0.556486 0.442275 0.598571
1911.900000000 22.016990 81.655108 37.851648 0.368282 0.556126 0.443193 0.598893
1912.100000000 21.731045 81.677549 37.806173 0.366549 0.554813 0.445125 0.599740
1912.400000000 21.329442 81.731001 37.740892 0.365370 0.555038 0.446356 0.599336
1912.500000000 21.219571 81.746385 37.697422 0.365178 0.555541 0.446466 0.598905
1912.700000000 20.914474 81.759258 37.634484 0.362877 0.553797 0.448629 0.600300
1912.800000000 20.764350 81.767566 37.601217 0.360864 0.552242 0.450310 0.601687
1912.900000000 20.609534 81.779002 37.583704 0.358453 0.550542 0.452270 0.603214
1913.000000000 20.438531 81.777981 37.549877 0.356658 0.548375 0.453570 0.605271
1913.100000000 20.445344 81.809061 37.566261 0.364790 0.554998 0.446745 0.599438
1913.200000000 20.351576 81.814071 37.520632 0.364628 0.554742 0.446695 0.599809
1914.000000000 19.299060 81.779150 37.004594 0.398636 0.582854 0.414506 0.574070
1914.200000000 19.074514 81.794999 36.942149 0.392861 0.579711 0.420679 0.576736
1914.300000000 18.964300 81.795233 36.908878 0.391436 0.578869 0.421968 0.577608
1914.400000000 18.757996 81.804968 36.913508 0.388968 0.576651 0.424432 0.579685
1914.600000000 18.420938 81.840581 36.944311 0.393328 0.580276 0.420261 0.576154
1914.700000000 21.538593 83.626876 32.413047 0.395647 0.624465 0.399689 0.541992
1915.000000000 21.218688 83.606170 32.342603 0.391696 0.622095 0.404062 0.544340
1915.200000000 20.835415 83.625830 32.457740 0.392843 0.622487 0.402618 0.544135
1915.400000000 20.568837 83.607404 32.441813 0.391735 0.621605 0.403628 0.545193
1915.700000000 20.217145 83.578689 32.420281 0.391348 0.620949 0.403780 0.546105
1915.800000000 20.078504 83.571028 32.421582 0.392415 0.621764 0.402562 0.545310
1915.900000000 19.992629 83.570452 32.431019 0.390870 0.620676 0.404205 0.546443
1916.100000000 19.751901 83.557176 32.454446 0.390091 0.619954 0.404870 0.547327
1916.300000000 19.562986 83.524689 32.413421 0.390460 0.620220 0.404380 0.547125
1916.500000000 19.186269 83.516014 32.480630 0.391276 0.620698 0.403317 0.546784
1916.900000000 18.819982 83.486484 32.516954 0.391727 0.621092 0.402675 0.546487
1917.600000000 18.091838 83.399439 32.567698 0.395570 0.623945 0.398093 0.543818
1917.700000000 17.891143 83.372051 32.559359 0.395445 0.623901 0.398143 0.543924
1917.900000000 17.637125 83.357332 32.617301 0.394361 0.623125 0.399247 0.544790
1918.100000000 17.159084 83.350148 32.766279 0.396169 0.624161 0.396956 0.543966
1918.200000000 16.924642 83.325713 32.784433 0.395999 0.624213 0.396973 0.544017
1918.300000000 16.876381 83.309648 32.790863 0.397495 0.625147 0.395242 0.543115
1918.400000000 16.770735 83.283694 32.772908 0.398318 0.625913 0.394287 0.542322
1918.500000000 16.446385 83.296561 32.909573 0.397018 0.624833 0.395571 0.543584
1919.100000000 15.693504 83.259853 33.174989 0.403647 0.629396 0.387663 0.539117
1919.200000000 15.523926 83.245009 33.221224 0.403700 0.629190 0.387498 0.539436
1919.400000000 15.228121 83.218524 33.301777 0.403738 0.628823 0.387306 0.539974
1919.600000000 14.953499 83.215901 33.421237 0.407406 0.631780 0.382821 0.536957
1919.800000000 14.734131 83.184111 33.461110 0.406395 0.630751 0.383911 0.538154
1919.900000000 17.036743 86.467296 26.645716 0.411827 0.688132 0.366916 0.471429
1920.600000000 16.912157 86.345474 26.561819 0.441870 0.711231 0.321241 0.442387
1920.800000000 16.275121 86.237666 26.663941 0.402273 0.680272 0.380908 0.479912
1920.900000000 16.146163 86.220077 26.696358 0.403038 0.680593 0.379855 0.479650
1921.000000000 15.981382 86.207362 26.744578 0.402466 0.680309 0.380564 0.479970
1921.400000000 15.309856 86.193132 26.972095 0.405789 0.683217 0.375939 0.476675
1921.700000000 14.744528 86.155032 27.028305 0.394720 0.674582 0.391906 0.485330
1921.800000000 14.729235 86.193548 27.067570 0.402436 0.681146 0.380681 0.478715
1922.200000000 13.857523 86.207280 27.242279 0.394714 0.674955 0.392094 0.484665
1922.400000000 13.755630 86.264720 27.225716 0.402707 0.681002 0.380622 0.478738
1922.600000000 13.199019 86.301798 27.358994 0.396486 0.676650 0.389624 0.482843
1922.700000000 13.131680 86.320666 27.304730 0.397423 0.677106 0.388246 0.482542
1922.800000000 12.915526 86.351491 27.363114 0.396878 0.676550 0.389127 0.483061
1922.900000000 12.752950 86.389429 27.375945 0.395593 0.676344 0.390717 0.483121
1923.000000000 12.585808 86.418416 27.384006 0.395262 0.676148 0.391118 0.483341
1923.100000000 12.347552 86.450245 27.424452 0.394190 0.675716 0.392666 0.483565
1923.200000000 12.125025 86.462153 27.425498 0.393569 0.674429 0.393979 0.484799
1923.300000000 12.065620 86.520366 27.422985 0.397295 0.677539 0.388674 0.481695
1923.400000000 11.932545 86.574769 27.446975 0.397586 0.678268 0.388097 0.480894
1923.600000000 11.262682 86.594008 27.463272 0.386836 0.671069 0.403280 0.487227
1923.800000000 11.113545 86.731614 27.537919 0.393231 0.674750 0.394703 0.484037
1923.900000000 10.978547 86.770654 27.503259 0.391487 0.673550 0.397028 0.485219
1924.000000000 12.702547 90.023533 20.864805 0.391576 0.720982 0.378558 0.428424
1924.100000000 12.517956 90.047960 20.899506 0.391609 0.720201 0.378827 0.429469
1925.400000000 10.850803 89.733128 18.747867 0.206688 0.516940 0.612261 0.561418
1925.600000000 10.600484 89.734735 18.590753 0.205870 0.514353 0.613438 0.562807
1925.900000000 10.190924 89.709716 18.374764 0.207937 0.514997 0.611866 0.563169
1926.200000000 9.810680 89.665024 18.181976 0.208824 0.515369 0.611291 0.563126
1926.300000000 9.697768 89.643483 18.102909 0.207846 0.514269 0.612239 0.563463
1926.500000000 9.445439 89.593003 17.971005 0.208220 0.515376 0.611509 0.563107
1926.700000000 9.219193 89.531888 17.847440 0.206666 0.514527 0.612799 0.563053
1926.800000000 9.099462 89.501447 17.795183 0.207391 0.515356 0.611896 0.563009
1926.900000000 8.989579 89.451608 17.733534 0.208009 0.514832 0.611606 0.563576
1927.600000000 8.240205 89.043346 17.359140 0.207915 0.514743 0.611331 0.563990
1927.700000000 8.103526 88.967010 17.317082 0.208142 0.514920 0.611165 0.563925
1927.800000000 7.956471 88.876558 17.285859 0.210965 0.516667 0.608596 0.564058
1928.100000000 7.700576 88.669888 17.202296 0.213102 0.519996 0.606218 0.562754
1928.200000000 7.507367 88.539442 17.125909 0.210185 0.517114 0.608655 0.563875
1928.300000000 7.496493 88.472359 17.079503 0.209394 0.516394 0.609357 0.564071
1928.400000000 7.360112 88.388025 17.090281 0.213446 0.520828 0.605542 0.562582
1928.600000000 7.280866 88.211437 17.005311 0.214191 0.517348 0.605781 0.565245
1928.700000000 7.321772 88.174756 17.007892 0.216348 0.521803 0.603120 0.563171
1929.300000000 6.913544 87.605758 16.948256 0.225976 0.528359 0.594772 0.562154
1929.400000000 6.734369 87.459493 16.918202 0.229144 0.526125 0.593465 0.564344
1929.600000000 6.520207 87.231798 16.899836 0.232345 0.527136 0.591175 0.564496
1929.800000000 6.362223 86.995365 16.843983 0.233677 0.525104 0.590392 0.566655
1930.000000000 6.342008 86.816022 16.823248 0.235911 0.526461 0.588536 0.566402
1930.100000000 6.324591 86.720396 16.789189 0.235133 0.526175 0.588873 0.566641
1930.900000000 5.783960 85.836332 16.643156 0.236261 0.524963 0.588148 0.568047
1931.500000000 5.275714 85.189088 16.585653 0.237115 0.527278 0.586796 0.566943
1931.700000000 5.056576 84.943644 16.483673 0.237953 0.528143 0.586029 0.566581
1932.400000000 4.606098 84.317111 16.469160 0.235803 0.530445 0.586591 0.564744
1932.600000000 4.525808 84.177685 16.473214 0.233781 0.532179 0.587276 0.563240
1932.700000000 5.139361 84.798203 10.673079 0.219416 0.579382 0.595590 0.511318
1932.800000000 5.073314 84.711562 10.704814 0.218827 0.578644 0.596238 0.511650
1933.000000000 4.963955 84.516319 10.641978 0.217864 0.579682 0.596257 0.510865
1933.100000000 4.948557 84.474083 10.697183 0.217573 0.580279 0.596076 0.510521
1933.300000000 4.754867 84.272359 10.675397 0.214333 0.580777 0.597437 0.509733
1933.700000000 4.850293 84.125384 10.807008 0.219216 0.582718 0.593335 0.510232
1933.900000000 4.649721 83.953968 10.691929 0.217936 0.584726 0.593092 0.508765
1934.000000000 4.556719 83.905572 10.710933 0.217333 0.585774 0.592962 0.507968
1934.100000000 4.426288 83.802037 10.661205 0.216483 0.585298 0.593503 0.508249
1934.200000000 4.321174 83.727519 10.606546 0.215309 0.586405 0.593665 0.507281
1934.500000000 4.009113 83.533735 10.522927 0.214942 0.588922 0.592178 0.506257
1935.000000000 3.409950 83.282282 10.331551 0.212890 0.590040 0.592788 0.505107
1935.200000000 3.111270 83.149669 10.233896 0.213734 0.589215 0.592192 0.506411
1935.400000000 2.816120 83.062225 10.128660 0.212144 0.588979 0.592790 0.506655
1936.200000000 1.787913 83.073288 10.064803 0.208309 0.583625 0.595506 0.511237
1936.400000000 1.521408 82.964760 9.670337 0.212069 0.587727 0.591313 0.509855
1936.700000000 1.060716 83.028667 9.655408 0.212089 0.586128 0.590872 0.512194
1936.800000000 0.867608 82.960590 9.486826 0.212670 0.585343 0.590827 0.512901
1936.900000000 0.679134 82.939907 9.386920 0.213586 0.587758 0.588906 0.511969
1937.200000000 0.286892 83.012925 9.214454 0.216464 0.589333 0.585669 0.512661
1937.500000000 -0.182987 83.037131 8.956828 0.212929 0.582354 0.590971 0.516022
1937.600000000 -0.273685 83.040728 8.695750 0.209381 0.583254 0.593015 0.514108
1937.700000000 -0.404060 82.987459 8.434533 0.210989 0.584942 0.591351 0.513450
1937.900000000 -0.843814 81.732158 3.582418 0.183456 0.579551 0.609228 0.509221
1938.000000000 -0.992517 81.753953 3.474942 0.181400 0.579505 0.610769 0.508163
1938.200000000 -0.613008 82.054319 3.293788 0.189596 0.570897 0.608247 0.517847
1938.500000000 -0.137786 82.394513 2.733267 0.198633 0.545277 0.612276 0.536970
1938.600000000 -0.124314 82.455249 2.553658 0.195937 0.536264 0.617688 0.540824
1938.800000000 -0.493525 82.411863 2.348193 0.327940 0.616759 0.466039 0.543021
1939.000000000 0.046482 82.775775 1.802714 0.318929 0.616539 0.466602 0.548129
1939.400000000 0.527945 83.141506 0.826209 0.318443 0.639303 0.455919 0.531059
1939.500000000 0.689132 83.245892 0.520084 0.296759 0.649701 0.483267 0.506237
1939.600000000 0.981327 83.349666 0.007471 0.272110 0.650976 0.506561 0.495563
1940.000000000 1.476653 83.533398 -1.017902 0.469870 0.802801 0.088915 0.356128
1940.100000000 0.309611 82.243827 -4.923135 0.462694 0.787484 0.103671 0.393746
1940.300000000 -0.314008 82.369717 -4.664949 0.464150 0.788833 0.113741 0.386485
1940.400000000 -0.277226 82.514985 -4.528409 0.463994 0.791357 0.116723 0.380578
1940.500000000 -0.494710 82.477676 -4.736213 0.458099 0.787836 0.127324 0.391470
1940.600000000 -0.463057 82.672132 -4.475702 0.456822 0.788451 0.129021 0.391167
1941.000000000 -0.398725 83.166640 -3.667737 0.463117 0.816668 0.085893 0.333464
1941.300000000 -0.479510 83.199199 -3.657647 0.455485 0.818613 0.113006 0.331113
1941.700000000 -0.763589 83.177196 -3.547253 0.455237 0.820591 0.111603 0.327007
1941.800000000 -0.810114 83.197140 -3.462323 0.454287 0.822364 0.114594 0.322814
1941.900000000 -0.825417 83.232100 -3.370541 0.453286 0.821386 0.117370 0.325702
1942.400000000 -0.486059 83.099365 -3.476711 0.488585 0.849510 -0.007437 0.198903
1942.500000000 -0.314153 83.182905 -3.404557 0.488640 0.849105 -0.006558 0.200519
1942.600000000 -0.179488 83.250745 -3.291700 0.489170 0.848263 -0.006560 0.202782
1942.700000000 -0.047765 83.304364 -3.217622 0.488635 0.849633 -0.003293 0.198366
1942.800000000 0.074770 83.351343 -3.165690 0.487094 0.850161 -0.001918 0.199907
1942.900000000 0.211711 83.432803 -3.058255 0.488102 0.848484 -0.002293 0.204515
1943.000000000 0.417214 83.521744 -2.969312 0.487289 0.850387 0.004881 0.198412
1943.300000000 1.145747 83.774661 -2.729277 0.489942 0.849566 0.009752 0.195192
1943.400000000 -0.438946 82.469438 -6.339740 0.482361 0.843836 0.016352 0.234523
1943.600000000 -0.962330 82.265145 -6.189054 0.483194 0.840580 0.009324 0.244668
1943.700000000 -0.813085 82.201829 -6.197690 0.479319 0.847717 0.026955 0.225615
1944.100000000 -1.325644 81.791275 -6.383396 0.486018 0.829836 -0.023919 0.273105
1944.300000000 -1.815094 81.579532 -5.415763 0.477081 0.854632 0.018974 0.204052
1944.500000000 -1.784468 81.556275 -5.389928 0.477920 0.843929 -0.005028 0.243620
1945.200000000 -1.231320 81.315814 -4.920562 0.466491 0.861551 0.028479 0.198254
1945.300000000 -0.899774 81.468668 -4.889582 0.468069 0.859795 0.028238 0.202154
1945.400000000 -0.178394 81.533502 -5.323446 0.470491 0.856372 0.024402 0.211352
1945.600000000 0.801524 81.694516 -5.583399 0.475299 0.854189 0.024507 0.209407
1945.900000000 0.988339 82.123583 -4.432051 0.470839 0.856010 0.048451 0.207869
1946.000000000 1.125399 82.263073 -4.336884 0.472419 0.853062 0.039507 0.218047
1946.400000000 0.734337 81.852857 -4.328561 0.481106 0.847307 0.006262 0.224875
1946.600000000 1.132766 82.038734 -4.405308 0.477825 0.843021 0.025189 0.245692
1946.700000000 -0.417050 81.515471 -7.629354 0.459523 0.844114 0.037129 0.273737
1946.800000000 -0.302248 81.590229 -7.450263 0.460074 0.845077 0.037553 0.269754
1946.900000000 -0.100379 81.632459 -7.369914 0.461293 0.843585 0.036634 0.272455
1947.400000000 0.137317 81.758909 -7.149335 0.459284 0.846782 0.040517 0.265287
1947.800000000 0.212420 81.949799 -6.551108 0.460059 0.854136 0.047695 0.237747
1948.000000000 0.188595 81.804036 -6.821999 0.464365 0.848716 0.031849 0.251061
1948.100000000 -0.647493 81.296998 -7.170192 0.466515 0.849471 0.013737 0.246117
1948.300000000 -0.687426 81.105314 -7.349346 0.468074 0.844901 0.013892 0.258564
1948.500000000 -2.218577 80.384461 -10.993264 0.440039 0.851511 0.019337 0.284464
1948.900000000 -2.756862 79.744461 -11.827416 0.433529 0.852505 0.022433 0.291177
1949.100000000 -3.926718 79.382752 -11.446687 0.439428 0.847061 0.000759 0.298980
1949.400000000 -3.866248 79.596426 -11.397993 0.440394 0.841178 -0.008728 0.313682
1949.500000000 -4.066255 79.445381 -11.487907 0.441088 0.842271 -0.010485 0.309696
1949.700000000 -3.231621 79.657429 -11.989223 0.433599 0.844985 0.015638 0.312647
1949.800000000 -3.270152 79.542822 -12.262802 0.430948 0.847184 0.021864 0.309977
1949.900000000 -3.324918 79.371539 -12.511454 0.430442 0.848058 0.024390 0.308094
1950.000000000 -4.488641 79.148239 -11.881914 0.439642 0.844126 -0.012830 0.306596
1950.100000000 -4.660330 79.062105 -12.031257 0.441314 0.838518 -0.022891 0.318755
1950.200000000 -4.613724 79.184301 -11.974979 0.442456 0.836420 -0.024969 0.322506
1950.300000000 -4.964612 78.864828 -12.165331 0.441947 0.837413 -0.026890 0.320467
1950.500000000 -4.150076 79.411768 -12.176818 0.437286 0.836379 -0.008433 0.330423
1950.600000000 -4.300616 79.242273 -12.410182 0.437261 0.837482 -0.010131 0.327602
1950.700000000 -4.479772 79.067558 -12.667723 0.435798 0.840453 -0.006435 0.321989
1951.400000000 -3.898261 79.513900 -12.686810 0.446795 0.832696 -0.041149 0.324496
1951.700000000 -4.504555 79.550294 -15.950700 0.393155 0.845658 0.008196 0.360866
1951.900000000 -3.915294 79.874234 -16.477030 0.392945 0.841774 0.005888 0.370103
1952.700000000 -1.498521 82.249107 -16.161823 0.494037 0.836026 -0.199732 0.130750
1952.900000000 -1.293060 82.926878 -15.735008 0.499407 0.801146 -0.307406 0.119409
1953.400000000 -0.589230 83.784140 -15.288747 0.523865 0.752088 -0.398530 0.033209
1953.600000000 -1.016637 83.668403 -15.177030 0.525391 0.750627 -0.399672 0.028041
1953.800000000 -0.665745 83.763588 -15.539856 0.525861 0.760084 -0.380228 0.034191
1953.900000000 -0.938275 83.720261 -15.373125 0.525400 0.759198 -0.382750 0.032800
1954.000000000 -1.072259 83.689007 -15.364857 0.526116 0.758003 -0.384316 0.030570
1954.200000000 -0.198963 83.940581 -16.031044 0.520192 0.768214 -0.369698 0.050702
1954.300000000 -0.387953 83.819676 -16.085361 0.520329 0.770278 -0.365320 0.049704
1954.800000000 0.563922 84.217978 -16.696558 0.497297 0.812047 -0.285724 0.107880
1954.900000000 -0.266689 84.748361 -18.819991 0.399058 0.888652 -0.059758 0.217899
1955.000000000 -0.213223 84.742053 -18.908883 0.399172 0.888533 -0.061159 0.217785
1955.300000000 -0.285229 85.088101 -18.377693 0.361020 0.891649 0.071699 0.263601
1955.400000000 -0.102798 85.117783 -18.543523 0.449215 0.832050 -0.311651 0.093663
1955.500000000 0.010547 85.264761 -18.472282 0.438548 0.855342 -0.245021 0.126609
1955.600000000 0.027680 85.326857 -18.379124 0.440479 0.851726 -0.256728 0.120960
1955.800000000 0.069990 85.148399 -18.600180 0.436012 0.857122 -0.238897 0.134772
1955.900000000 0.120425 85.183714 -18.614698 0.439203 0.854703 -0.246280 0.126212
1956.100000000 0.592846 85.313035 -18.868191 0.433248 0.858290 -0.235905 0.141364
1956.200000000 0.701247 85.289144 -18.990530 0.433946 0.858141 -0.237331 0.137691
1956.300000000 0.549182 85.171573 -18.915421 0.436783 0.857233 -0.236308 0.136127
1956.400000000 0.449851 85.000772 -18.938555 0.439947 0.855225 -0.238482 0.134773
1956.600000000 0.551321 84.937460 -19.051763 0.444668 0.851747 -0.247427 0.124811
1956.700000000 0.701025 84.941242 -19.180637 0.441207 0.857610 -0.227970 0.133681
1956.800000000 0.797782 84.869880 -19.353096 0.442016 0.855527 -0.235481 0.131318
1956.900000000 0.841858 84.891656 -19.304298 0.442090 0.854471 -0.239524 0.130631
1957.200000000 0.890713 84.762245 -19.372897 0.439804 0.856499 -0.232674 0.137280
1957.300000000 1.052245 84.796641 -19.453664 0.440377 0.854730 -0.239786 0.134192
1957.400000000 0.272597 84.810076 -20.232094 0.405775 0.882896 -0.196980 0.130533
1957.900000000 0.732301 85.215548 -20.010380 0.390692 0.897847 -0.120211 0.163646
1958.300000000 0.848521 84.966281 -20.390203 0.388375 0.898880 -0.114503 0.167538
1958.600000000 0.935741 84.777119 -20.637652 0.399169 0.888244 -0.177260 0.142355
1958.700000000 0.886339 84.660710 -20.650934 0.389297 0.896753 -0.127331 0.167538
1958.800000000 0.858754 84.616635 -20.685234 0.389444 0.897132 -0.127466 0.165045
1959.100000000 0.942001 84.445098 -20.989633 0.388308 0.897714 -0.125957 0.165715
1959.500000000 0.963025 84.122493 -21.396488 0.398381 0.888314 -0.180063 0.140599
1959.700000000 0.974041 84.110079 -21.383639 0.389389 0.897062 -0.133889 0.160404
1959.800000000 0.992035 84.015005 -21.536926 0.390108 0.896725 -0.137305 0.157628
1960.000000000 1.012103 83.813455 -21.788264 0.390352 0.896174 -0.140618 0.157239
1960.400000000 1.059449 83.396191 -22.328648 0.389997 0.895470 -0.146994 0.156294
1960.500000000 1.170962 83.433264 -22.405097 0.389640 0.896036 -0.145127 0.155684
1960.600000000 1.119959 83.219060 -22.609379 0.391516 0.894379 -0.154560 0.151368
1960.900000000 1.271203 83.078999 -22.952475 0.389575 0.896775 -0.144466 0.152171
1961.200000000 1.296751 82.738615 -23.337122 0.390696 0.895755 -0.151814 0.148093
1961.300000000 1.256569 82.632049 -23.319960 0.389036 0.896165 -0.149541 0.152238
1961.400000000 1.749283 82.709995 -23.952746 0.391185 0.895088 -0.157551 0.144808
1961.500000000 1.672518 82.552617 -24.013169 0.391346 0.894913 -0.158743 0.144152
1961.900000000 1.714252 82.186082 -24.328642 0.389724 0.897001 -0.148965 0.145994
1962.000000000 1.957188 82.175494 -24.628855 0.389881 0.896689 -0.151575 0.144801
1962.300000000 1.333170 81.495008 -24.682715 0.386406 0.891826 -0.186936 0.142801
1962.500000000 1.404036 81.296532 -24.869428 0.384294 0.894184 -0.176869 0.146532
1962.800000000 1.541862 80.994442 -25.146594 0.384333 0.893971 -0.177544 0.146906
1963.100000000 1.568058 80.583184 -25.342144 0.383546 0.893493 -0.178609 0.150540
1963.400000000 1.656447 80.672108 -24.945863 0.382767 0.894142 -0.177031 0.150529
1963.600000000 1.700445 80.648944 -24.751330 0.381941 0.894361 -0.174976 0.153696
1963.800000000 1.505405 80.626018 -24.186625 0.378709 0.896567 -0.160805 0.163978
1963.900000000 1.387586 80.357052 -24.235026 0.376118 0.898818 -0.146176 0.171157
1964.200000000 0.883383 79.805319 -23.853857 0.379162 0.896871 -0.156139 0.165768
1964.400000000 0.710322 80.018447 -22.859487 0.376784 0.896173 -0.148694 0.181100
1964.600000000 0.483797 80.439916 -21.670860 0.361871 0.905500 -0.075675 0.208309
1964.700000000 0.073732 80.799412 -20.443727 0.359037 0.906997 -0.058410 0.212217
1964.900000000 3.828024 80.802429 -16.036290 0.331112 0.906758 -0.023297 0.260022
1965.000000000 3.933271 80.779059 -16.049049 0.331167 0.906177 -0.023844 0.261924
1965.100000000 3.994890 80.821869 -15.952743 0.332413 0.905545 -0.027276 0.262193
1965.300000000 3.825168 80.717234 -15.640493 0.323210 0.906216 0.004725 0.272555
1965.400000000 3.907885 80.736103 -15.644609 0.323611 0.906514 0.004036 0.271093
1965.700000000 3.949686 80.552225 -15.637650 0.318331 0.906764 0.022760 0.275547
1966.000000000 3.851438 80.300333 -15.599487 0.312378 0.907187 0.042081 0.278677
1966.100000000 3.892332 80.479061 -15.379642 0.312540 0.907433 0.043046 0.277544
1966.200000000 3.930494 80.556055 -15.268542 0.311436 0.907412 0.046578 0.278284
1966.300000000 4.022253 80.577527 -15.273484 0.312456 0.907188 0.045229 0.278093
1966.400000000 4.017691 80.661807 -15.104880 0.312334 0.907251 0.044867 0.278082
1966.500000000 4.114679 80.634180 -15.168792 0.312497 0.907011 0.043611 0.278883
1966.600000000 3.884349 80.279632 -15.214629 0.304759 0.905898 0.067260 0.286264
1966.700000000 4.134199 80.599991 -15.102584 0.312716 0.907099 0.042966 0.278450
1966.900000000 4.394625 80.621333 -15.230541 0.315493 0.906237 0.033274 0.279447
1967.000000000 4.226197 80.299720 -15.315916 0.303623 0.904372 0.069105 0.291803
1967.100000000 4.190225 80.357581 -15.178152 0.302970 0.904695 0.071675 0.290860
1967.200000000 4.358987 80.434311 -15.166258 0.308984 0.904736 0.052627 0.288466
1967.300000000 9.658577 81.595514 -11.185971 0.291607 0.897481 0.051373 0.326885
1967.400000000 9.884915 81.574575 -11.382749 0.290137 0.896302 0.055121 0.330796
1967.600000000 9.892137 81.578062 -11.322346 0.288621 0.896384 0.059039 0.331222
1967.700000000 9.989730 81.554049 -11.426555 0.289018 0.896443 0.057736 0.330945
1967.900000000 10.176928 81.527168 -11.553308 0.285210 0.895033 0.066318 0.336413
1968.000000000 10.406663 81.628296 -11.647773 0.289598 0.895026 0.053569 0.334951
1968.200000000 10.520024 81.478207 -11.838002 0.285589 0.893793 0.062389 0.340118
1968.300000000 10.545088 81.508240 -11.799703 0.285153 0.893133 0.062100 0.342264
1968.400000000 10.590759 81.446300 -11.881638 0.282101 0.892371 0.069924 0.345257
1968.500000000 10.728160 81.542962 -11.913535 0.284544 0.892801 0.062864 0.343497
1968.800000000 10.871888 81.513376 -12.019573 0.282373 0.891094 0.066870 0.348921
1969.000000000 11.221538 81.609322 -12.238960 0.287325 0.890850 0.050091 0.348312
1969.200000000 11.171916 81.591122 -12.202146 0.283933 0.889724 0.058820 0.352582
1969.700000000 11.652875 81.692002 -12.668450 0.288739 0.888138 0.039743 0.355333
1969.800000000 11.660893 81.620552 -12.749555 0.287960 0.887418 0.039320 0.357802
1969.900000000 11.710609 81.618856 -12.865744 0.285436 0.887405 0.046715 0.358965
1970.000000000 11.650601 81.555632 -12.883715 0.282543 0.886663 0.053207 0.362169
1970.300000000 10.892890 80.489151 -13.422337 0.288322 0.889566 0.041382 0.351896
1970.400000000 10.859571 80.451504 -13.452794 0.283994 0.888495 0.051706 0.356721
1970.700000000 11.048713 80.546402 -13.859884 0.281429 0.888841 0.058073 0.356913
1970.800000000 13.226535 81.545811 -12.133053 0.267547 0.878793 0.054265 0.391403
1970.900000000 13.269382 81.553400 -12.264217 0.267838 0.878668 0.053220 0.391628
1971.200000000 13.436656 81.649984 -12.666477 0.265700 0.878392 0.056130 0.393294
1971.400000000 13.495908 81.691921 -12.949719 0.264803 0.878260 0.058851 0.393796
1972.000000000 13.606563 82.132645 -13.600482 0.270636 0.880437 0.042822 0.386980
1972.400000000 13.841904 82.242457 -14.404816 0.269393 0.881918 0.047603 0.383905
1972.500000000 13.734379 82.352303 -14.343813 0.268155 0.880998 0.049747 0.386601
1973.000000000 14.029141 82.505402 -15.407644 0.269435 0.883451 0.048701 0.380194
1973.100000000 13.974520 82.587483 -15.468032 0.267184 0.883700 0.055637 0.380253
1973.500000000 14.201068 82.731345 -16.442101 0.271704 0.889781 0.054072 0.362688
1973.700000000 14.183903 82.833948 -16.708667 0.270058 0.890714 0.058907 0.360871
1974.000000000 14.244979 82.955920 -17.236978 0.271325 0.893661 0.059768 0.352391
1974.100000000 14.312212 83.003732 -17.469164 0.272350 0.895339 0.057211 0.347735
1974.300000000 14.330671 83.068518 -17.754583 0.270184 0.895883 0.064449 0.346756
1974.600000000 14.313246 83.037861 -18.222466 0.269628 0.895992 0.069537 0.345924
1974.700000000 14.376123 83.077488 -18.387612 0.270409 0.896896 0.067680 0.343329
1974.900000000 14.453237 83.115193 -18.712943 0.271020 0.897988 0.067165 0.340079
1975.000000000 14.503042 83.220558 -18.833479 0.269150 0.899227 0.073079 0.337057
1975.200000000 14.645335 83.249778 -19.182831 0.270966 0.898629 0.069020 0.338052
1975.400000000 14.756358 83.215076 -19.513606 0.272702 0.897331 0.063741 0.341127
1975.500000000 14.842751 83.246808 -19.663416 0.272481 0.897648 0.065197 0.340193
1975.600000000 14.896748 83.243459 -19.786675 0.272907 0.897669 0.064249 0.339978
1975.800000000 14.968572 83.212707 -19.989693 0.272575 0.897558 0.066348 0.340133
1976.000000000 15.180106 83.284663 -20.205632 0.272469 0.897319 0.066915 0.340737
1976.100000000 15.249064 83.267339 -20.316821 0.272888 0.897368 0.065254 0.340594
1976.200000000 15.223907 83.157685 -20.407737 0.273229 0.897243 0.064271 0.340837
1976.400000000 15.429189 83.166956 -20.597296 0.274230 0.896163 0.060437 0.343566
1976.500000000 15.476749 83.133500 -20.670848 0.273421 0.895516 0.062282 0.345563
1976.600000000 15.530298 83.096173 -20.757932 0.273911 0.895380 0.060686 0.345810
1976.800000000 15.669388 83.041630 -20.843747 0.273808 0.891579 0.060135 0.355668
1976.900000000 15.790330 83.087901 -20.946032 0.272692 0.893851 0.062361 0.350401
1977.000000000 15.899346 83.097370 -21.012250 0.272965 0.893405 0.061237 0.351522
1977.800000000 16.386899 82.671771 -21.408921 0.273499 0.890570 0.057919 0.358788
1978.300000000 16.497285 82.693927 -21.103707 0.272856 0.890836 0.056285 0.358877
1978.400000000 16.455168 82.634963 -21.028959 0.270533 0.891293 0.060834 0.358760
1979.300000000 17.037901 82.156544 -21.103724 0.266837 0.896450 0.072823 0.346224
1979.400000000 17.127325 82.087243 -21.114956 0.267380 0.895801 0.072052 0.347645
1979.500000000 17.104044 82.067101 -20.960758 0.267079 0.894744 0.073295 0.350328
1979.600000000 17.178136 82.028711 -20.933877 0.266190 0.894175 0.074966 0.352099
1980.100000000 17.962674 81.862042 -21.155296 0.265896 0.894198 0.075468 0.352155
1980.800000000 21.283240 82.631702 -18.853613 0.258001 0.884292 0.071087 0.382636
1981.300000000 22.092455 82.288329 -19.046890 0.258791 0.884268 0.068297 0.382664
1981.400000000 22.111110 82.375164 -18.858578 0.260356 0.884524 0.065195 0.381553
1982.300000000 22.913997 81.779668 -18.661277 0.256975 0.882870 0.071021 0.386600
1982.500000000 23.201236 81.664699 -18.729943 0.253610 0.882773 0.077590 0.387779
1983.100000000 23.971927 81.401384 -18.808307 0.256868 0.882279 0.069546 0.388285
1983.400000000 24.301016 81.269173 -18.844493 0.256217 0.882412 0.070927 0.388165
1983.500000000 24.330536 81.268713 -18.771659 0.255875 0.882460 0.071616 0.388153
1983.800000000 24.639397 81.058714 -18.877465 0.252373 0.881062 0.078195 0.392330
1984.000000000 24.920705 81.000287 -18.987412 0.253579 0.881274 0.074806 0.391738
1984.200000000 25.070728 80.960775 -18.985754 0.252887 0.881180 0.076360 0.392097
1984.300000000 25.184987 80.906097 -19.046585 0.253003 0.881197 0.075973 0.392058
1984.400000000 27.892755 82.719633 -16.215064 0.239728 0.872487 0.081428 0.417931
1984.500000000 27.975893 82.728973 -16.202779 0.240316 0.872380 0.079950 0.418102
1984.700000000 28.121833 82.657640 -16.249208 0.239016 0.871880 0.083069 0.419281
1985.000000000 28.424546 82.602759 -16.386873 0.238212 0.872064 0.084428 0.419084
1985.100000000 28.493655 82.597175 -16.406484 0.239197 0.872063 0.082563 0.418896
1985.200000000 28.582547 82.591695 -16.431500 0.239741 0.871726 0.080875 0.419616
1985.400000000 28.775509 82.494980 -16.563926 0.237236 0.870450 0.084836 0.422893
1985.500000000 28.822031 82.506343 -16.569727 0.238077 0.870416 0.083067 0.422841
1985.700000000 28.971382 82.523835 -16.638755 0.239531 0.870527 0.080145 0.422356
1985.900000000 29.073705 82.531844 -16.677884 0.239999 0.870246 0.078560 0.422967
1986.200000000 29.290866 82.556681 -16.830482 0.236432 0.870037 0.085545 0.424048
1986.300000000 29.459817 82.511939 -16.985827 0.237180 0.869849 0.083220 0.424478
1987.100000000 30.311286 82.441519 -17.853228 0.236688 0.869076 0.082983 0.426379
1987.200000000 30.441373 82.417544 -17.999542 0.237585 0.868982 0.080528 0.426544
1987.500000000 30.707270 82.451126 -18.330813 0.237344 0.869472 0.081607 0.425472
1987.900000000 30.940018 82.509789 -18.692731 0.234424 0.868104 0.086011 0.429003
1988.100000000 31.047746 82.546332 -18.899289 0.234180 0.868316 0.086390 0.428630
1988.200000000 31.115905 82.565410 -19.016649 0.234353 0.868201 0.085429 0.428960
1988.500000000 31.340485 82.654773 -19.398041 0.235365 0.868671 0.083446 0.427844
1988.600000000 31.412139 82.704153 -19.500555 0.234919 0.868163 0.084110 0.428989
1988.700000000 31.469082 82.735430 -19.628010 0.234505 0.868300 0.084982 0.428766
1988.800000000 31.501728 82.719824 -19.760686 0.234135 0.868374 0.085983 0.428619
1989.200000000 31.749836 82.822521 -20.264114 0.234353 0.868093 0.085666 0.429131
1989.300000000 33.960523 84.555941 -17.016254 0.220523 0.856757 0.092824 0.456860
1989.500000000 34.115683 84.608509 -17.309277 0.220216 0.857895 0.093441 0.454742
1989.600000000 34.194945 84.654081 -17.412688 0.221763 0.857560 0.090415 0.455233
1989.700000000 34.247673 84.641767 -17.564971 0.220242 0.857839 0.093507 0.454821
1989.800000000 34.318494 84.683760 -17.661305 0.221081 0.857100 0.091412 0.456231
1990.100000000 34.490956 84.674563 -18.078326 0.221013 0.857964 0.091919 0.454534
1990.300000000 34.674517 84.764473 -18.320443 0.221780 0.858474 0.090350 0.453512
1990.600000000 34.893922 84.754579 -18.696448 0.219057 0.857756 0.094910 0.455259
1990.900000000 35.215790 84.966937 -18.992258 0.222571 0.858449 0.087541 0.453722
1991.200000000 35.435836 84.938420 -19.325231 0.220611 0.857583 0.090819 0.455669
1991.300000000 35.542671 84.973033 -19.430157 0.219686 0.857390 0.092865 0.456067
1991.600000000 35.581532 84.982584 -19.609867 0.215095 0.856890 0.101555 0.457341
1992.100000000 35.892885 85.096448 -19.931936 0.215930 0.857654 0.100024 0.455850
1992.200000000 36.019755 85.083281 -20.047265 0.215452 0.857470 0.100606 0.456293
1992.800000000 36.099686 85.448387 -19.977441 0.217023 0.857962 0.098079 0.455173
1992.900000000 36.067630 85.526907 -19.924573 0.216294 0.858057 0.099402 0.455054
1993.300000000 36.248830 85.448189 -20.081413 0.210616 0.856867 0.109474 0.457641
1993.400000000 36.300222 85.464671 -20.090990 0.211981 0.857128 0.106904 0.457129
1993.600000000 36.710292 85.513165 -20.307672 0.214723 0.857932 0.101748 0.455516
1993.900000000 36.778551 85.330868 -20.407248 0.210316 0.856846 0.109586 0.457792
1994.000000000 36.778239 85.419412 -20.328461 0.209699 0.856732 0.110419 0.458087
1994.100000000 36.919100 85.381324 -20.427290 0.209669 0.857173 0.110407 0.457279
1994.300000000 37.165074 85.283599 -20.586698 0.207816 0.856241 0.113166 0.459191
1994.400000000 37.084657 85.377816 -20.441379 0.206090 0.855477 0.115972 0.460692
1994.500000000 37.255713 85.294324 -20.588686 0.206917 0.856229 0.114704 0.459240
1994.600000000 37.412171 85.354502 -20.624159 0.206380 0.856305 0.115304 0.459188
1994.700000000 37.554143 85.330863 -20.688502 0.206429 0.856139 0.114816 0.459598
1994.900000000 37.720019 85.245638 -20.777234 0.205186 0.856075 0.117225 0.459665
1995.000000000 40.321420 87.051091 -16.495048 0.189972 0.846130 0.130438 0.480584
1995.200000000 40.386981 87.196082 -16.359935 0.192953 0.846363 0.124679 0.480514
1995.500000000 40.777186 87.484459 -16.285510 0.208100 0.849311 0.097645 0.475217
1995.700000000 40.957433 87.374451 -16.379204 0.200756 0.848351 0.110365 0.477302
1995.800000000 41.000581 87.279700 -16.393294 0.199630 0.847284 0.112144 0.479251
1995.900000000 41.128249 87.284626 -16.432171 0.200275 0.847864 0.111213 0.478172
1996.100000000 41.422126 87.145781 -16.611092 0.198287 0.848096 0.114951 0.477705
1996.200000000 41.517012 87.153409 -16.634315 0.198507 0.848707 0.114693 0.476590
1996.300000000 41.678276 87.185892 -16.657001 0.198378 0.848589 0.114803 0.476827
1996.500000000 41.965769 87.122012 -16.780840 0.199004 0.848934 0.114114 0.476116
1996.600000000 42.205498 87.150847 -16.853687 0.203798 0.849606 0.105330 0.474911
1996.700000000 42.160735 87.070967 -16.830117 0.197706 0.848571 0.116160 0.476809
1996.800000000 42.296489 87.143679 -16.819344 0.200809 0.849289 0.110777 0.475512
1997.100000000 42.669179 87.015023 -16.994458 0.198213 0.849376 0.115319 0.475367
1997.200000000 42.855063 87.024724 -17.076698 0.198670 0.850452 0.114618 0.473417
1997.400000000 43.075389 86.981095 -17.137363 0.198850 0.849925 0.114312 0.474361
1997.700000000 43.533445 86.968451 -17.314164 0.198800 0.850927 0.114384 0.472565
1998.000000000 43.907465 86.903950 -17.474701 0.194800 0.851160 0.121235 0.472104
1998.100000000 44.049067 86.851829 -17.555380 0.194764 0.851521 0.121465 0.471407
1998.200000000 44.243531 86.832590 -17.660574 0.195344 0.852449 0.120620 0.469704
1998.300000000 44.393623 86.846432 -17.709523 0.195622 0.852773 0.120101 0.469134
1998.400000000 47.493083 87.757249 -12.599797 0.183844 0.844573 0.132997 0.484983
1998.500000000 47.603643 87.729115 -12.635428 0.181395 0.843930 0.136966 0.485920
1998.600000000 47.739166 87.707532 -12.690504 0.181818 0.844521 0.136042 0.484993
1998.700000000 47.935018 87.733702 -12.762545 0.182864 0.845853 0.134212 0.482785
1998.800000000 48.109824 87.734324 -12.832545 0.183819 0.846616 0.132651 0.481514
1999.200000000 48.630670 87.613832 -13.007479 0.183263 0.844991 0.133828 0.484247
1999.300000000 48.734874 87.582433 -13.061101 0.180433 0.845135 0.138539 0.483733
1999.500000000 49.023472 87.567840 -13.191651 0.181579 0.846706 0.137048 0.480974
1999.800000000 49.421973 87.530435 -13.358988 0.179245 0.846618 0.140806 0.480919
1999.900000000 49.543527 87.493499 -13.422354 0.179302 0.847088 0.140488 0.480162
2000.000000000 49.697602 87.480127 -13.521467 0.179520 0.848638 0.140252 0.477405
2000.200000000 49.935401 87.506992 -13.568755 0.181176 0.848476 0.137585 0.477844
2000.300000000 49.951046 87.485316 -13.574893 0.176511 0.847975 0.145245 0.478211
2000.500000000 50.210017 87.541534 -13.650298 0.178798 0.849202 0.141441 0.476321
2000.600000000 50.301992 87.554918 -13.675397 0.178775 0.849497 0.141413 0.475811
2000.700000000 50.180898 87.620769 -13.532815 0.177364 0.848608 0.143537 0.477288
2000.800000000 50.306551 87.648170 -13.566574 0.176990 0.848800 0.143874 0.476984
2001.000000000 50.501647 87.648855 -13.637611 0.176383 0.849029 0.144718 0.476546
2001.100000000 50.645417 87.640720 -13.708897 0.176284 0.849203 0.144694 0.476279
2001.200000000 50.761313 87.675378 -13.750363 0.176630 0.849721 0.143932 0.475457
2001.400000000 50.973338 87.667146 -13.842352 0.175633 0.849091 0.145790 0.476384
2001.500000000 51.109162 87.693816 -13.911601 0.175635 0.850096 0.145299 0.474739
2001.800000000 51.529490 87.703050 -14.143650 0.177473 0.850743 0.142342 0.473792
2002.100000000 55.210256 86.059526 -9.015788 0.170657 0.836395 0.159442 0.495880
2002.200000000 55.438345 86.058739 -9.171532 0.170841 0.837836 0.158747 0.493603
2002.300000000 55.599597 86.070037 -9.280363 0.171178 0.838678 0.158001 0.492294
2002.900000000 55.970182 84.784472 -10.355385 0.184220 0.841001 0.138267 0.489553
2003.000000000 56.035431 84.793232 -10.436073 0.184056 0.841348 0.138644 0.488912
2003.500000000 56.313582 84.940939 -10.770972 0.182182 0.839312 0.140699 0.492512
2003.600000000 56.446331 84.956846 -10.918268 0.182393 0.840038 0.140192 0.491340
2003.800000000 56.724383 84.991756 -11.196280 0.183459 0.840045 0.138317 0.491462
2003.900000000 56.816567 85.023186 -11.323640 0.182740 0.840585 0.139119 0.490581
2004.000000000 56.869027 85.054662 -11.417537 0.182340 0.840413 0.139418 0.490938
2004.300000000 56.998627 85.153296 -11.701195 0.178062 0.838854 0.145144 0.493509
2004.400000000 57.042099 85.224210 -11.766964 0.179230 0.838546 0.142896 0.494265
2004.500000000 57.146473 85.244401 -11.914505 0.179206 0.838814 0.142898 0.493818
2004.600000000 57.229536 85.254587 -12.058683 0.178505 0.838944 0.143973 0.493540
2004.700000000 57.289341 85.299452 -12.166616 0.179123 0.838725 0.142712 0.494053
2004.900000000 61.733246 79.990416 -8.565665 0.198910 0.822644 0.137482 0.514579
2005.700000000 62.326467 80.167316 -9.618049 0.201239 0.823722 0.132458 0.513264
2005.800000000 62.377249 80.210740 -9.741841 0.198771 0.823733 0.136036 0.513272
2006.000000000 62.493580 80.286884 -9.970325 0.195658 0.823198 0.140207 0.514203
2006.100000000 62.546069 80.279612 -10.087821 0.195842 0.822141 0.139673 0.515966
2006.200000000 62.631591 80.378183 -10.164467 0.193859 0.820746 0.142677 0.518109
2006.400000000 62.867519 80.426621 -10.499059 0.196702 0.824530 0.137914 0.512287
2006.700000000 63.019101 80.372846 -10.933300 0.191395 0.825295 0.144705 0.511192
2007.200000000 63.162152 80.168174 -11.619080 0.189853 0.825397 0.146220 0.511170
2007.300000000 63.161538 80.101962 -11.770214 0.181343 0.824995 0.158280 0.511317
2007.500000000 63.288973 80.324555 -11.933438 0.184466 0.830193 0.151277 0.503852
2007.700000000 63.349082 80.434807 -12.059279 0.187220 0.830631 0.146311 0.503581
2008.100000000 63.823116 80.490920 -12.591493 0.183219 0.832445 0.151486 0.500517
2008.200000000 63.820102 80.580670 -12.619225 0.180760 0.832134 0.154552 0.500991
2008.500000000 64.083943 80.684595 -12.897103 0.186226 0.835020 0.145907 0.496763
2008.600000000 64.074906 80.766550 -12.903575 0.183658 0.834214 0.149158 0.498105
2008.800000000 64.424665 80.692826 -13.241703 0.180063 0.834983 0.154014 0.496649
2008.900000000 64.510395 80.788130 -13.301008 0.183562 0.838112 0.147713 0.491990
2009.200000000 64.694174 80.875318 -13.490428 0.180199 0.838681 0.151641 0.491068
2009.300000000 64.975450 80.738215 -13.745177 0.175557 0.837507 0.158858 0.492469
2009.400000000 65.180000 80.700329 -13.892454 0.172263 0.835385 0.164402 0.495409
2010.300000000 65.810378 81.066912 -14.198529 0.189588 0.845430 0.133762 0.481054
2010.400000000 65.926133 81.020869 -14.276300 0.182559 0.842604 0.144311 0.485659
2010.700000000 66.321708 80.933935 -14.476594 0.176247 0.838392 0.153997 0.492260
2011.000000000 66.478966 81.083192 -14.418451 0.182754 0.838436 0.144154 0.492794
2011.100000000 66.565376 81.120805 -14.440855 0.184336 0.840835 0.140545 0.489145
2011.300000000 66.793579 81.070897 -14.488925 0.184853 0.836649 0.141085 0.495927
2011.400000000 66.915195 81.146709 -14.549891 0.185767 0.844380 0.135802 0.483809
2011.500000000 67.107313 80.889709 -14.686364 0.168471 0.833021 0.163753 0.500877
2011.600000000 67.200232 81.019525 -14.652833 0.182424 0.839006 0.141799 0.492629
2011.900000000 67.580980 80.974919 -14.745021 0.180435 0.837800 0.143582 0.494893
2012.000000000 67.811182 80.808417 -14.882988 0.173833 0.834311 0.153856 0.500036
2012.400000000 68.445923 80.730905 -15.023320 0.175239 0.832267 0.150944 0.503825
2012.500000000 68.505927 80.757819 -14.996320 0.176101 0.833192 0.149046 0.502559
2012.700000000 68.727329 80.739500 -15.006270 0.171733 0.831844 0.155381 0.504380
2012.900000000 68.996674 80.724195 -15.017566 0.172982 0.830069 0.153415 0.507471
2013.200000000 69.542988 80.638802 -15.156532 0.173066 0.829871 0.152386 0.508076
2013.300000000 69.543964 80.628502 -15.095634 0.173339 0.829364 0.151696 0.509016
2013.700000000 70.207101 80.584796 -15.226708 0.171680 0.830504 0.152604 0.507446
2014.500000000 74.597013 74.548242 -11.605981 0.227939 0.793540 0.128700 0.549339
2014.800000000 75.496545 75.160192 -11.375340 0.226157 0.794988 0.129741 0.547736
2015.000000000 75.678788 75.111082 -11.345946 0.223951 0.793961 0.131716 0.549657
2015.400000000 76.008013 74.585918 -11.545775 0.225253 0.795232 0.130289 0.547624
2015.500000000 76.135418 75.049721 -11.262943 0.222520 0.794457 0.133218 0.549159
2015.700000000 76.272644 74.483515 -11.538389 0.222914 0.794869 0.133285 0.548386
2015.800000000 76.289874 74.384065 -11.563572 0.221734 0.795343 0.134552 0.547868
2015.900000000 76.400513 74.412821 -11.535401 0.222143 0.795666 0.133800 0.547418
2016.300000000 76.923214 74.065718 -11.702771 0.220632 0.795025 0.135166 0.548622
2016.400000000 76.944303 74.173656 -11.599215 0.218349 0.794522 0.137833 0.549600
2016.700000000 77.186866 74.010202 -11.649111 0.214283 0.794693 0.142997 0.549634
2017.300000000 78.027628 73.828967 -11.767894 0.216940 0.796595 0.138228 0.547052
2017.500000000 78.079292 73.765199 -11.723694 0.210102 0.795242 0.147488 0.549267
2018.000000000 78.750698 73.681127 -11.735142 0.213041 0.796904 0.142368 0.547073
2018.200000000 78.948762 73.578701 -11.770954 0.208748 0.797632 0.147849 0.546212
2018.700000000 79.524005 73.393580 -11.792264 0.197199 0.798626 0.161917 0.545061
2018.800000000 81.773986 70.878224 -7.801115 0.254772 0.759626 0.135931 0.582737
2018.900000000 81.962890 70.991320 -7.750431 0.264576 0.765572 0.124356 0.573092
2019.000000000 82.025249 70.844125 -7.734413 0.258690 0.761326 0.131169 0.579877
2019.500000000 82.737660 70.464254 -7.714896 0.250847 0.761061 0.140254 0.581542
2020.100000000 83.743091 70.050830 -7.685168 0.253558 0.765088 0.135821 0.576109
2020.500000000 83.873304 69.858609 -7.465491 0.243222 0.761926 0.147464 0.581865
2020.600000000 84.071326 69.881710 -7.401241 0.246089 0.762657 0.143818 0.580612
2020.800000000 84.272431 69.713939 -7.365373 0.242378 0.761624 0.147981 0.582481
2021.300000000 84.850882 69.587439 -7.128679 0.248744 0.763011 0.139037 0.580180
2021.600000000 85.269733 69.319192 -7.106575 0.242814 0.761190 0.145883 0.583395
2021.700000000 85.222594 69.367478 -6.964038 0.245648 0.760573 0.142007 0.583968
2022.000000000 85.778634 69.269103 -6.933591 0.254316 0.763690 0.131182 0.578698
2022.100000000 85.705101 69.202497 -6.886275 0.243731 0.761676 0.144094 0.582823
2022.300000000 86.026821 69.112913 -6.871730 0.245731 0.762061 0.141260 0.582173
2022.500000000 86.217096 69.036266 -6.834455 0.243284 0.761981 0.144513 0.582506
2022.600000000 87.078871 70.131949 -4.114452 0.266636 0.730495 0.144110 0.611976
2022.900000000 87.370950 70.117430 -3.991267 0.274688 0.732181 0.134377 0.608606
2023.000000000 87.467378 70.006581 -4.013845 0.269758 0.730998 0.140101 0.610937
2023.100000000 87.568785 69.916274 -4.024407 0.261317 0.728921 0.149075 0.614951
2023.200000000 87.682996 69.890291 -4.015310 0.260970 0.729165 0.148968 0.614834
2023.400000000 87.882313 69.905825 -3.945682 0.265206 0.730152 0.143937 0.613047
2023.500000000 87.902274 69.882075 -3.915176 0.264672 0.729714 0.144234 0.613729
2023.600000000 88.049958 69.806374 -3.933702 0.262914 0.728589 0.145966 0.615409
2023.700000000 88.098669 69.792842 -3.907010 0.260542 0.727784 0.148177 0.616840
2023.800000000 88.171475 69.817357 -3.868341 0.263441 0.728319 0.144952 0.615743
2024.100000000 88.554007 69.762712 -3.913561 0.298468 0.735338 0.104753 0.599351
2024.200000000 88.668651 69.723811 -3.928622 0.297463 0.735299 0.105491 0.599769
2024.700000000 88.987589 69.798377 -3.869040 0.301159 0.734809 0.100380 0.599402
2024.900000000 89.314313 69.723191 -3.961924 0.299660 0.735173 0.101701 0.599484
2025.000000000 89.413907 69.728854 -3.968817 0.299768 0.734855 0.101105 0.599920
2025.500000000 89.922619 69.745766 -4.066163 0.303530 0.734911 0.095619 0.598859
2025.700000000 90.019119 69.760856 -4.084065 0.297100 0.733543 0.102060 0.602686
2025.800000000 90.227449 69.683597 -4.174529 0.297513 0.733299 0.100968 0.602963
2025.900000000 90.297532 69.703178 -4.194303 0.296987 0.733092 0.101233 0.603429
2026.200000000 90.582633 69.835926 -4.245076 0.315907 0.735278 0.078760 0.594446
2026.600000000 90.919726 69.799860 -4.435541 0.296826 0.733048 0.100080 0.603754
2027.000000000 91.266259 69.873219 -4.603654 0.301353 0.733607 0.093332 0.601910
2027.100000000 91.330981 69.877159 -4.640841 0.300559 0.732899 0.093549 0.603136
2027.400000000 91.540434 69.966578 -4.746843 0.298224 0.731986 0.095350 0.605117
2027.500000000 91.886675 70.925284 -8.012474 0.303135 0.728695 0.101321 0.605678
2027.700000000 92.015612 71.001075 -8.062785 0.304766 0.727962 0.098402 0.606223
2028.000000000 92.223007 71.098589 -8.181208 0.305327 0.727489 0.096210 0.606859
2028.100000000 92.253377 71.131320 -8.209613 0.304319 0.726797 0.096598 0.608133
2028.300000000 92.411761 71.173977 -8.317731 0.303179 0.726240 0.097085 0.609288
2028.600000000 92.588413 71.288895 -8.460723 0.298203 0.725135 0.101579 0.612320
2028.700000000 92.670264 71.328293 -8.522006 0.297117 0.725713 0.102647 0.611985
2028.900000000 92.713899 71.456953 -8.567751 0.298784 0.724549 0.099529 0.613067
2029.100000000 92.986872 71.471268 -8.751395 0.303650 0.725049 0.092399 0.611199
2029.200000000 93.122345 71.468631 -8.867704 0.301065 0.725465 0.095692 0.611476
2029.400000000 93.363425 71.494669 -9.049773 0.300095 0.725588 0.096209 0.611726
2029.600000000 93.578069 71.519481 -9.264039 0.286731 0.727076 0.099359 0.615852
2029.800000000 93.922908 71.557723 -9.502565 0.294150 0.729954 0.078883 0.611899
2029.900000000 93.987736 71.556039 -9.606470 0.285381 0.728994 0.087981 0.615942
2030.000000000 94.137324 71.618093 -9.691204 0.287589 0.728617 0.084082 0.615906
2030.400000000 94.628735 71.785602 -10.098447 0.292582 0.729489 0.079104 0.613176
2030.600000000 94.359215 72.154451 -10.057397 0.285639 0.727686 0.088311 0.617320
2030.700000000 94.335714 72.342568 -10.041337 0.297875 0.727285 0.071911 0.614130
2030.900000000 94.067839 72.705760 -10.010378 0.282909 0.725100 0.091916 0.621083
2031.000000000 93.871291 73.013418 -9.879775 0.300525 0.723665 0.069009 0.617440
2031.100000000 94.127737 72.913747 -10.107370 0.280380 0.723272 0.095680 0.623787
2031.200000000 93.913578 73.270031 -9.951033 0.299534 0.722358 0.070862 0.619238
2031.300000000 94.441934 73.056890 -10.293013 0.295775 0.725419 0.077735 0.616637
2031.600000000 94.974777 73.064392 -10.672078 0.283291 0.722009 0.096374 0.623828
2031.800000000 94.604176 73.607228 -10.431978 0.310528 0.720707 0.061825 0.616710
2031.900000000 94.979257 73.422591 -10.705370 0.287579 0.717966 0.091390 0.627273
2032.100000000 95.717323 73.248988 -11.093711 0.299416 0.719606 0.078449 0.621582
2032.300000000 95.430779 73.412335 -11.202786 0.261528 0.715441 0.129038 0.634899
2032.400000000 95.400257 73.513804 -11.216867 0.259786 0.712836 0.129974 0.638344
2032.800000000 94.505994 73.894486 -11.247343 0.229128 0.707324 0.170067 0.646739
2033.000000000 96.353097 73.992905 -11.496765 0.289919 0.718479 0.094967 0.625073
2033.100000000 96.121925 74.384276 -17.960543 0.290508 0.731294 0.094559 0.609813
2033.300000000 96.034814 74.680205 -17.906010 0.291250 0.730330 0.092987 0.610855
2033.600000000 95.755532 74.814502 -18.077959 0.252497 0.728023 0.146431 0.620311
2033.700000000 95.851398 74.922841 -18.122897 0.253635 0.730944 0.145386 0.616647
2034.000000000 95.823181 75.229577 -18.157454 0.251149 0.734091 0.150269 0.612743
2034.100000000 95.817291 75.320420 -18.122203 0.250573 0.731251 0.150040 0.616420
2034.400000000 95.887868 75.589286 -18.114332 0.251485 0.732042 0.149566 0.615223
2034.600000000 95.928593 75.715240 -18.061931 0.252468 0.734558 0.155597 0.610307
2034.700000000 95.942707 75.809474 -18.048035 0.251373 0.721587 0.143510 0.628910
2034.800000000 96.044432 75.917091 -18.096990 0.253175 0.728629 0.145889 0.619450
2035.200000000 95.955169 76.283010 -17.969242 0.252132 0.719484 0.141266 0.631519
2035.700000000 96.297786 76.592366 -18.002207 0.258039 0.734732 0.151077 0.608902
2036.200000000 96.191630 76.914819 -17.788070 0.257671 0.739072 0.161282 0.601137
2036.600000000 96.120548 77.154424 -17.634747 0.256361 0.750998 0.180769 0.581037
2036.700000000 96.194444 77.186674 -17.609511 0.256713 0.742061 0.167891 0.596034
2036.800000000 96.238111 77.221745 -17.592505 0.256267 0.745519 0.172888 0.590456
2037.400000000 96.566695 77.449594 -17.339002 0.269205 0.742345 0.151002 0.594686
2037.800000000 95.682287 77.640984 -16.942833 0.252090 0.739185 0.172270 0.600316
2037.900000000 95.751944 77.710328 -16.846119 0.258693 0.738973 0.163607 0.600192
2038.100000000 95.011370 78.308589 -23.816298 0.264071 0.758966 0.159406 0.573434
2038.200000000 95.045534 78.325994 -23.784798 0.264731 0.760815 0.159301 0.570702
2038.600000000 94.477369 78.420414 -23.408924 0.255657 0.760415 0.171318 0.571890
2039.200000000 94.712449 78.439383 -23.154955 0.267215 0.765762 0.157102 0.563492
2039.300000000 94.552321 78.416266 -23.076105 0.265835 0.765108 0.158362 0.564679
2039.700000000 93.709095 78.345718 -22.640689 0.246095 0.757891 0.182413 0.575990
2040.000000000 94.573429 78.350330 -22.700839 0.267043 0.765366 0.156037 0.564407
2040.200000000 95.276619 78.232630 -22.906742 0.295742 0.777129 0.122059 0.541948
2040.400000000 95.096407 78.156264 -22.639296 0.303304 0.760809 0.105583 0.563940
2040.900000000 94.666963 78.105730 -22.289932 0.292475 0.763166 0.119254 0.563751
2041.200000000 94.482823 77.996534 -22.090137 0.296184 0.756577 0.110884 0.572339
2041.300000000 92.640721 78.771418 -28.906596 0.295516 0.774411 0.108026 0.548897
2041.400000000 92.566098 78.744299 -28.840465 0.294937 0.773626 0.108083 0.550303
2041.500000000 92.509594 78.693222 -28.765696 0.299556 0.771520 0.099613 0.552359
2041.800000000 92.405554 78.596002 -28.704556 0.299284 0.774427 0.100933 0.548182
2041.900000000 92.422626 78.521664 -28.726936 0.297751 0.775678 0.103717 0.546727
2042.100000000 92.319492 78.431925 -28.655367 0.297210 0.774459 0.103791 0.548733
2042.200000000 92.259616 78.390592 -28.627910 0.296448 0.774150 0.104578 0.549431
2042.700000000 91.999640 78.177315 -28.495805 0.298530 0.774811 0.099900 0.548241
2042.800000000 91.860519 78.151164 -28.403676 0.299959 0.771887 0.095723 0.552314
2043.000000000 91.753687 78.068091 -28.373579 0.300096 0.773022 0.094938 0.550787
2043.100000000 91.674860 78.036193 -28.345046 0.299380 0.773479 0.096159 0.550323
2043.300000000 91.544527 77.952641 -28.307270 0.299758 0.773309 0.094882 0.550577
2043.400000000 91.509203 77.902134 -28.316322 0.300115 0.774337 0.094875 0.548937
2043.600000000 91.321030 77.845203 -28.241914 0.299606 0.773227 0.095287 0.550706
2043.900000000 91.096583 77.742692 -28.193453 0.301818 0.774212 0.091534 0.548747
2044.100000000 90.954012 77.676675 -28.168027 0.301382 0.775097 0.092284 0.547611
2044.300000000 90.806655 77.604461 -28.142412 0.303581 0.774716 0.088304 0.547591
2044.400000000 88.479789 78.484550 -34.223521 0.302638 0.791917 0.084512 0.523580
2044.500000000 88.468417 78.415989 -34.260801 0.304367 0.792378 0.081337 0.522381
2044.700000000 88.351942 78.326938 -34.267653 0.304576 0.793018 0.081402 0.521277
2045.000000000 88.105417 78.245735 -34.231574 0.305807 0.792851 0.078678 0.521228
2045.300000000 87.884595 78.150465 -34.227261 0.305921 0.793260 0.078599 0.520551
2045.600000000 87.639449 78.088984 -34.211812 0.308489 0.794883 0.074137 0.517203
2045.700000000 87.683440 78.021026 -34.299568 0.309089 0.795856 0.073329 0.515461
2045.800000000 87.511073 78.042787 -34.227323 0.308148 0.795578 0.074905 0.516227
2046.000000000 87.354863 77.991809 -34.232379 0.307904 0.795996 0.075670 0.515616
2046.100000000 87.233447 77.995333 -34.193202 0.309719 0.795853 0.072002 0.515275
2046.200000000 87.145506 77.984791 -34.177219 0.310844 0.795743 0.069888 0.515058
2046.300000000 87.096845 77.953908 -34.196217 0.314034 0.796042 0.064969 0.513302
2046.500000000 86.943605 77.916743 -34.180798 0.319340 0.795987 0.056722 0.511087
2047.300000000 85.932987 77.652894 -34.148583 0.268178 0.794285 0.138926 0.527154
2047.400000000 86.144894 77.873158 -34.005300 0.315941 0.797569 0.064530 0.509805
2047.500000000 85.946036 77.752318 -34.047673 0.298140 0.797415 0.093288 0.516275
2047.700000000 85.751954 77.686364 -34.011864 0.295215 0.798281 0.097938 0.515756
2047.800000000 85.658079 77.692877 -33.966492 0.294843 0.798675 0.098510 0.515249
2047.900000000 85.546157 77.679211 -33.928083 0.293656 0.798947 0.100732 0.515075
2048.100000000 85.395777 77.636733 -33.862459 0.293399 0.798618 0.101303 0.515620
2048.500000000 84.997877 77.582398 -33.641054 0.294537 0.797598 0.100400 0.516725
2048.600000000 82.353706 78.435793 -38.571680 0.296514 0.811668 0.098505 0.493529
2048.800000000 82.212312 78.354782 -38.504321 0.291194 0.811651 0.107492 0.494848
2049.100000000 82.018055 78.280533 -38.308141 0.299052 0.812201 0.096031 0.491606
2049.200000000 81.986620 78.248693 -38.265431 0.299178 0.812407 0.096143 0.491166
2050.200000000 81.253880 78.098542 -37.358443 0.305293 0.813030 0.090342 0.487459
2050.400000000 81.097083 78.082116 -37.147673 0.303973 0.813106 0.093884 0.487489
2051.100000000 80.648801 78.015748 -36.424020 0.310480 0.814626 0.088386 0.481845
2052.500000000 79.747376 77.887587 -35.096870 0.313246 0.817439 0.097904 0.473376
2053.100000000 79.977124 77.474900 -35.017827 0.315108 0.815449 0.096007 0.475954
2053.200000000 79.679677 77.530298 -34.735568 0.293738 0.809511 0.128239 0.491899
2053.300000000 76.803856 78.138247 -38.535536 0.300153 0.815497 0.134754 0.476145
2054.200000000 75.159033 77.200865 -38.283148 0.291282 0.810061 0.153449 0.485190
2054.300000000 74.954320 77.098520 -38.262295 0.296568 0.810377 0.146117 0.483721
2054.400000000 75.783558 78.304284 -37.626909 0.305525 0.811682 0.131065 0.480258
2054.700000000 75.624145 78.376426 -37.553202 0.326070 0.814511 0.099868 0.469337
2055.200000000 75.245060 78.323171 -37.540204 0.318337 0.808858 0.110752 0.481813
2055.400000000 74.472435 79.006551 -36.892460 0.311346 0.812015 0.125553 0.477422
2055.900000000 72.721133 77.816264 -37.318292 0.303281 0.799237 0.136917 0.500494
2056.100000000 72.487229 77.966821 -37.393791 0.301855 0.802742 0.140802 0.494634
2056.400000000 73.442342 79.339502 -36.957847 0.304059 0.802577 0.135244 0.495104
2056.600000000 73.481477 79.465091 -37.072694 0.319145 0.803930 0.111619 0.489269
2057.000000000 73.763668 79.579367 -37.603983 0.324949 0.805316 0.102804 0.485083
2057.300000000 73.957208 79.767189 -37.869322 0.338965 0.803522 0.077529 0.483161
2057.700000000 72.863471 80.173072 -37.643571 0.325491 0.800876 0.100323 0.492533
2057.800000000 72.972988 80.593224 -37.493687 0.327313 0.801077 0.096592 0.491745
2058.000000000 72.731127 80.773125 -37.572003 0.328400 0.803210 0.096160 0.487606
2058.100000000 72.588221 80.857458 -37.551965 0.327686 0.800851 0.096315 0.491918
2058.200000000 72.462226 80.991261 -37.574565 0.322756 0.802452 0.105117 0.490765
2058.600000000 72.058913 80.874176 -38.072597 0.330890 0.803543 0.093664 0.485858
2059.000000000 71.646145 81.495873 -37.937110 0.330461 0.802701 0.093290 0.487609
2059.300000000 69.707758 81.571525 -39.266579 0.342509 0.794632 0.126356 0.485059
2059.600000000 69.583301 81.549026 -39.639977 0.344406 0.795377 0.124071 0.483079
2059.800000000 69.318298 81.648418 -39.686017 0.340473 0.794432 0.130506 0.485720
2060.100000000 68.734207 81.964149 -39.508472 0.335111 0.793253 0.139089 0.488983
2060.200000000 68.603231 82.057240 -39.478771 0.338366 0.793642 0.133741 0.487600
2060.300000000 68.360286 82.185438 -39.410933 0.333223 0.794782 0.143191 0.486600
2060.400000000 68.177003 82.267407 -39.360274 0.332391 0.794093 0.144355 0.487949
2060.500000000 68.014838 82.358418 -39.331708 0.335293 0.795986 0.140809 0.483899
2060.600000000 67.927482 82.442964 -39.346207 0.334924 0.797949 0.142401 0.480443
2061.000000000 67.342941 82.768791 -39.164192 0.345470 0.800173 0.126667 0.473634
2061.100000000 67.003460 82.950413 -38.968110 0.336834 0.800020 0.141685 0.475853
2061.400000000 66.704923 82.985286 -38.999642 0.337635 0.798324 0.140286 0.478541
2061.700000000 66.217101 83.237615 -38.799122 0.338459 0.802343 0.141970 0.470676
2061.800000000 66.168497 83.204110 -38.856822 0.338830 0.802219 0.141219 0.470846
2062.100000000 65.804659 83.308944 -38.752049 0.339265 0.803497 0.142194 0.468052
2062.200000000 65.647007 83.346569 -38.696386 0.337020 0.803679 0.146076 0.468166
2062.300000000 65.483251 83.421248 -38.609892 0.339902 0.805600 0.142711 0.463799
2062.400000000 65.355329 83.456556 -38.554991 0.340329 0.806040 0.142599 0.462755
2062.500000000 65.154832 83.477110 -38.468296 0.333323 0.804071 0.152804 0.467992
2062.800000000 64.922883 83.502454 -38.409605 0.341049 0.807362 0.142750 0.459864
2063.000000000 64.732680 83.456031 -38.355762 0.335293 0.804310 0.151335 0.466649
2063.100000000 64.520666 83.538392 -38.183628 0.337108 0.804422 0.149378 0.465778
2063.200000000 64.549080 83.466277 -38.264985 0.341362 0.805996 0.143123 0.461907
2063.400000000 64.424713 83.429960 -38.248749 0.344128 0.809103 0.139496 0.455489
2063.500000000 64.222080 83.472596 -38.074599 0.342748 0.806227 0.141755 0.460898
2064.200000000 63.744930 83.220207 -37.852994 0.345751 0.802566 0.138193 0.466097
2064.500000000 63.492350 83.134059 -37.697344 0.345506 0.802925 0.139137 0.465380
2064.700000000 63.285308 83.113009 -37.550701 0.343082 0.804901 0.142649 0.462688
2064.900000000 63.068419 83.067631 -37.378508 0.341985 0.803610 0.144867 0.465049
2065.500000000 62.780745 82.741699 -37.203684 0.349121 0.805990 0.135115 0.458518
2065.700000000 62.755484 82.591520 -37.178262 0.356288 0.805605 0.123764 0.456883
2065.800000000 62.824555 82.540411 -37.192801 0.374919 0.808834 0.093097 0.443346
2065.900000000 62.842639 82.429942 -37.241716 0.375456 0.809094 0.093191 0.442396
2066.000000000 62.717990 82.445641 -37.100906 0.375066 0.808992 0.093879 0.442768
2066.100000000 61.894107 82.445124 -37.197461 0.393933 0.798503 0.117114 0.439879
2066.200000000 61.639694 82.398864 -37.057914 0.392506 0.797845 0.119669 0.441658
2066.500000000 61.397239 82.340933 -36.785990 0.394388 0.797890 0.116685 0.440698
2066.600000000 61.270260 82.331960 -36.661040 0.393690 0.797459 0.118128 0.441715
2066.800000000 61.115024 82.293386 -36.477724 0.395735 0.797698 0.114496 0.440412
2066.900000000 61.033405 82.264692 -36.409079 0.395123 0.798230 0.116384 0.439501
2067.000000000 60.906281 82.270438 -36.268311 0.394917 0.797921 0.116818 0.440133
2067.100000000 60.808985 82.261454 -36.156893 0.395416 0.797745 0.115973 0.440227
2067.200000000 60.727380 82.233636 -36.083687 0.395984 0.797925 0.115347 0.439554
2067.900000000 59.891507 82.205469 -35.197209 0.393152 0.795263 0.119503 0.445767
2068.200000000 59.633066 82.143345 -34.957303 0.396094 0.796115 0.115991 0.442557
2068.300000000 59.568636 82.112116 -34.903874 0.396058 0.796050 0.116085 0.442681
2068.400000000 59.448035 82.136185 -34.769869 0.395499 0.796706 0.117176 0.441713
2068.700000000 59.086480 82.155023 -34.398005 0.394335 0.796067 0.119336 0.443325
2069.000000000 58.305495 81.795743 -33.670311 0.419429 0.782379 0.135959 0.439860
2069.200000000 58.082598 81.811294 -33.469275 0.419228 0.782414 0.136243 0.439903
2069.500000000 57.748903 81.833801 -33.170034 0.419141 0.782172 0.137177 0.440125
2070.100000000 57.137162 81.888436 -32.659915 0.422305 0.782328 0.133555 0.437933
2070.200000000 57.020307 81.915357 -32.559058 0.421230 0.782109 0.135472 0.438769
2070.500000000 56.660661 81.998695 -32.263767 0.421268 0.782145 0.136232 0.438432
2070.800000000 56.325610 82.075826 -32.010738 0.421179 0.782330 0.137201 0.437885
2070.900000000 56.205868 82.109627 -31.916384 0.421149 0.782185 0.137329 0.438134
2071.100000000 56.004798 82.147669 -31.780418 0.421516 0.782072 0.137089 0.438058
2071.200000000 55.927182 82.152992 -31.757952 0.419758 0.782162 0.140845 0.438392
2072.100000000 54.868276 82.479708 -31.053990 0.418992 0.781651 0.143901 0.439045
2072.300000000 54.566868 82.601005 -30.828288 0.420197 0.781803 0.141978 0.438247
2072.500000000 54.393899 82.621332 -30.777707 0.416503 0.780453 0.147559 0.442318
2073.600000000 52.989687 83.135830 -29.975250 0.415543 0.781553 0.149403 0.440655
2073.700000000 52.933359 83.107926 -30.015095 0.414210 0.781078 0.151665 0.441978
2073.800000000 52.762968 83.187440 -29.896647 0.414259 0.780982 0.151492 0.442162
2073.900000000 52.641686 83.235776 -29.833295 0.414520 0.780926 0.150602 0.442319
2074.000000000 52.521869 83.258175 -29.803700 0.413931 0.780713 0.151699 0.442872
2074.600000000 52.062522 82.149736 -27.592178 0.438808 0.761791 0.169700 0.445336
2074.700000000 51.881659 82.212641 -27.471836 0.437802 0.760945 0.170921 0.447302
2074.900000000 51.638901 82.296262 -27.368325 0.437584 0.760359 0.170566 0.448643
2075.300000000 51.129583 82.471103 -27.153345 0.435897 0.760201 0.173303 0.449504
2075.500000000 50.863401 82.554997 -27.042640 0.435351 0.760193 0.173415 0.450003
2075.900000000 50.354136 82.714517 -26.826272 0.433631 0.758572 0.175797 0.453462
2076.200000000 49.984349 82.832380 -26.668433 0.435103 0.759168 0.172876 0.452176
2076.400000000 49.734182 82.921755 -26.543219 0.436219 0.759160 0.170794 0.451905
2076.500000000 49.615168 82.955405 -26.504513 0.434579 0.758688 0.173096 0.453400
2076.800000000 49.237569 83.069048 -26.341113 0.433907 0.758153 0.173759 0.454683
2077.000000000 48.969769 83.151873 -26.187872 0.436561 0.757844 0.168703 0.454562
2077.200000000 48.749523 83.210145 -26.115425 0.435454 0.757487 0.170732 0.455459
2077.500000000 48.319135 83.341218 -25.874969 0.433797 0.757013 0.172697 0.457085
2077.600000000 48.147823 83.395994 -25.760922 0.432944 0.756485 0.173639 0.458411
2078.100000000 47.586591 83.503061 -25.488219 0.433628 0.757265 0.171830 0.457155
2078.500000000 46.993546 83.626658 -25.071348 0.432505 0.756143 0.172756 0.459720
2078.600000000 46.881114 83.639086 -24.999417 0.432071 0.756088 0.173616 0.459894
2078.700000000 46.833319 83.606827 -25.001093 0.433989 0.756860 0.171250 0.457700
2078.800000000 46.646551 83.646612 -24.842327 0.432656 0.755773 0.171855 0.460523
2078.900000000 46.661239 83.125503 -22.716440 0.448261 0.751599 0.198506 0.441312
2079.200000000 46.490073 83.015482 -22.651481 0.447395 0.751472 0.200550 0.441483
2079.300000000 46.515804 82.937263 -22.718513 0.449743 0.752861 0.197460 0.438111
2079.400000000 46.305833 82.975575 -22.500693 0.448299 0.752232 0.199325 0.439824
2079.600000000 46.178505 82.902668 -22.387223 0.450000 0.753139 0.196724 0.437701
2079.700000000 46.249666 82.784233 -22.503665 0.451209 0.753635 0.195589 0.436108
2079.900000000 46.083433 82.699899 -22.374669 0.450867 0.754028 0.196600 0.435325
2080.100000000 45.678304 82.708036 -21.970040 0.447914 0.752932 0.200100 0.438664
2080.200000000 45.647378 82.673988 -21.884472 0.449586 0.753581 0.197264 0.437120
2080.300000000 45.572781 82.606660 -21.836619 0.449491 0.753758 0.197771 0.436683
2080.400000000 45.333385 82.596828 -21.636176 0.448190 0.753118 0.199634 0.438275
2080.800000000 45.019454 82.358500 -21.327363 0.448220 0.753498 0.199029 0.437865
2081.000000000 44.741063 83.222061 -19.945575 0.451543 0.766179 0.237450 0.390765
2081.100000000 44.841024 83.127297 -20.030465 0.454180 0.768132 0.233076 0.386482
2081.200000000 44.686236 83.061786 -19.879569 0.453495 0.767511 0.234118 0.387888
2081.300000000 44.569695 82.985478 -19.784432 0.452697 0.767367 0.235280 0.388402
2081.500000000 44.419209 82.857315 -19.571805 0.453548 0.767712 0.233018 0.388092
2081.600000000 44.295758 82.788265 -19.438561 0.452797 0.766770 0.233893 0.390298
2081.700000000 44.208384 82.731498 -19.333319 0.453192 0.767201 0.233541 0.389202
2081.900000000 44.076382 82.625583 -19.135691 0.453995 0.767810 0.231588 0.388230
2082.200000000 43.780029 82.454096 -18.834240 0.453270 0.767583 0.232235 0.389138
2082.400000000 43.561138 82.330578 -18.660243 0.452438 0.767136 0.233432 0.390272
2083.000000000 42.957008 82.073164 -18.007309 0.454054 0.766425 0.228004 0.392991
2083.200000000 42.760521 82.004870 -17.848492 0.452772 0.766706 0.230613 0.392398
2083.400000000 42.552431 81.929256 -17.662721 0.452742 0.766527 0.230360 0.392932
2083.500000000 42.443824 81.894176 -17.562599 0.452242 0.766268 0.231072 0.393595
2083.600000000 42.366987 81.866110 -17.489099 0.452194 0.766576 0.231319 0.392903
2083.800000000 41.704991 84.480626 -17.208143 0.450621 0.792720 0.264743 0.313764
2083.900000000 41.623256 84.434570 -17.122476 0.450515 0.792909 0.265196 0.313053
2084.100000000 41.457503 84.341005 -16.941357 0.450757 0.793207 0.264251 0.312750
2084.200000000 41.354003 84.288132 -16.834841 0.450132 0.792466 0.265664 0.314327
2084.700000000 40.851514 84.051785 -16.295026 0.451305 0.792820 0.261974 0.314849
2084.900000000 40.634205 83.977842 -16.018243 0.451210 0.792369 0.262033 0.316070
2085.000000000 40.482338 83.942965 -15.812501 0.451330 0.792386 0.261185 0.316557
2085.200000000 40.343164 83.865460 -15.718477 0.450843 0.791849 0.262538 0.317473
2085.400000000 40.142467 83.812276 -15.481644 0.451573 0.792470 0.260842 0.316283
2085.500000000 40.059926 83.786142 -15.371608 0.451995 0.792506 0.259686 0.316541
2085.700000000 39.948964 83.765577 -15.208002 0.452281 0.792922 0.259268 0.315430
2085.800000000 39.787002 83.712568 -15.090963 0.452488 0.793085 0.258578 0.315290
2085.900000000 39.683646 83.690022 -14.986948 0.452538 0.793263 0.258293 0.315003
2086.600000000 39.138208 83.588495 -14.403584 0.454598 0.794735 0.253193 0.312460
2086.700000000 38.989643 83.563046 -14.279472 0.454050 0.794365 0.254418 0.313200
2086.900000000 38.742224 83.531292 -14.043797 0.453245 0.793623 0.256372 0.314649
2087.000000000 38.603785 83.507361 -13.943444 0.452718 0.793234 0.257451 0.315509
2087.600000000 38.075325 83.463115 -13.490117 0.453225 0.793612 0.256645 0.314486
2087.700000000 37.888254 83.437419 -13.357607 0.452677 0.793185 0.257565 0.315597
2087.800000000 37.713806 83.412074 -13.247244 0.452058 0.792804 0.259029 0.316241
2088.100000000 37.473862 83.369857 -13.180037 0.450740 0.791804 0.262092 0.318099
2088.200000000 37.339952 83.352807 -13.099991 0.450142 0.791316 0.263070 0.319353
2088.500000000 37.170509 83.407550 -12.864669 0.452984 0.793607 0.256942 0.314603
2089.100000000 36.573063 83.348688 -12.590128 0.450422 0.791449 0.262174 0.319363
2089.500000000 35.897211 83.274707 -12.210130 0.448319 0.789831 0.266560 0.322682
2089.700000000 35.715222 85.973907 -12.910378 0.450770 0.817163 0.277555 0.228066
2089.900000000 35.529017 85.927782 -12.900723 0.448316 0.814530 0.285896 0.231983
2090.100000000 35.481871 86.007829 -12.592445 0.451174 0.818097 0.275956 0.225848
2090.200000000 35.344828 85.951999 -12.586010 0.450098 0.816674 0.279613 0.228630
2090.300000000 35.266967 85.941445 -12.572035 0.448554 0.815205 0.284329 0.231079
2090.400000000 35.142581 85.891560 -12.584885 0.448410 0.815221 0.284523 0.231062
2090.700000000 35.185800 86.075301 -12.106037 0.453555 0.821201 0.267467 0.219951
2090.800000000 34.931939 85.990821 -11.912172 0.452975 0.820607 0.268721 0.221826
2090.900000000 34.806034 85.952729 -11.875837 0.451886 0.819293 0.272404 0.224397
2091.200000000 34.788205 86.067284 -11.562845 0.455679 0.823295 0.259622 0.217112
2091.300000000 34.593675 86.009839 -11.433908 0.454071 0.821776 0.264691 0.220097
2091.400000000 34.392912 85.941662 -11.331165 0.453188 0.820848 0.267368 0.222133
2091.800000000 33.896527 85.836948 -11.021238 0.451358 0.818991 0.272374 0.226588
2091.900000000 33.737977 85.791485 -10.907824 0.450119 0.817546 0.275810 0.230088
2092.300000000 33.378019 85.807889 -10.538169 0.450185 0.818012 0.274568 0.229784
2092.400000000 33.218079 85.781391 -10.392022 0.448249 0.815744 0.280659 0.234234
2092.700000000 32.934875 85.805784 -10.188471 0.449461 0.817331 0.275824 0.232112
2092.900000000 32.770039 85.845518 -10.060118 0.450599 0.818823 0.271733 0.229457
2093.000000000 32.555216 85.819360 -9.837587 0.448691 0.816563 0.277838 0.233895
2093.300000000 32.244742 88.350425 -11.607381 0.450592 0.837115 0.271508 0.149961
2093.400000000 32.103051 88.330361 -11.459399 0.449978 0.836161 0.274391 0.151872
2093.500000000 32.046480 88.379352 -11.364353 0.450485 0.837510 0.270982 0.149027
2093.800000000 31.727587 88.419439 -11.082636 0.450619 0.837786 0.270050 0.148764
2094.000000000 31.501191 88.421012 -10.879984 0.450903 0.837564 0.268479 0.151963
2094.100000000 31.376075 88.431696 -10.714022 0.450375 0.837244 0.270052 0.152500
2094.200000000 31.257514 88.421358 -10.592450 0.450495 0.836659 0.269921 0.155560
2094.700000000 30.687979 88.518357 -10.061323 0.450009 0.836662 0.270293 0.156300
2094.800000000 30.574203 88.506960 -9.900184 0.451071 0.836900 0.266509 0.158449
2095.000000000 30.376886 88.573681 -9.845162 0.451341 0.837849 0.264345 0.156273
2095.100000000 30.244959 88.590331 -9.650390 0.450881 0.837643 0.265128 0.157380
2095.200000000 30.130417 88.610611 -9.547418 0.451164 0.837562 0.264654 0.157794
2095.600000000 29.658798 88.690135 -9.080175 0.450380 0.837047 0.265627 0.161098
2095.800000000 29.417375 88.736881 -8.783503 0.449888 0.836781 0.267211 0.161235
2096.000000000 29.218524 88.772995 -8.662549 0.450859 0.837475 0.262717 0.162299
2096.100000000 29.077455 88.774395 -8.455362 0.450519 0.836872 0.264140 0.164037
2096.200000000 28.988959 88.815536 -8.415042 0.450519 0.837374 0.263451 0.162574
2096.700000000 28.562739 88.966082 -8.164429 0.450240 0.837496 0.262796 0.163776
2096.900000000 28.359663 89.000250 -7.985530 0.450047 0.837156 0.263423 0.165037
2097.000000000 28.209087 88.979901 -7.809525 0.449823 0.836462 0.264714 0.167084
2097.200000000 28.029218 89.026803 -7.648274 0.449901 0.837213 0.263154 0.165570
2097.400000000 27.831208 89.040475 -7.464655 0.447440 0.838545 0.267224 0.158846
2097.500000000 27.736442 89.029386 -7.358933 0.446813 0.839496 0.266835 0.156216
2097.600000000 27.662519 89.029142 -7.320498 0.446618 0.839993 0.266387 0.154863
2097.900000000 27.410759 89.021193 -7.029898 0.446708 0.840174 0.265500 0.155142
2098.000000000 27.327640 89.003371 -6.918243 0.446734 0.839612 0.266134 0.157012
2098.100000000 27.261489 88.991276 -6.861778 0.446906 0.839455 0.265691 0.158111
2098.400000000 27.047318 88.930508 -6.627111 0.447251 0.839109 0.265322 0.159584
2098.600000000 26.754007 90.846378 -8.507341 0.457833 0.851987 0.238701 0.086770
2098.900000000 26.655350 90.766456 -8.334361 0.458218 0.852553 0.236153 0.086144
2099.000000000 26.613136 90.727506 -8.291227 0.458176 0.852518 0.236233 0.086502
2099.100000000 26.585271 90.696224 -8.242437 0.458240 0.852485 0.236336 0.086204
2099.300000000 26.526591 90.602228 -8.047846 0.458284 0.852587 0.235630 0.086890
2099.600000000 26.453975 90.470332 -7.870991 0.458226 0.851956 0.237727 0.087670
2099.800000000 26.412217 90.359810 -7.719679 0.458332 0.851996 0.237170 0.088232
2099.900000000 26.404649 90.308918 -7.685359 0.458687 0.852330 0.235552 0.087491
2100.300000000 26.387134 90.112370 -7.563168 0.458437 0.852502 0.236244 0.085236
2100.400000000 26.412235 90.062716 -7.517984 0.459136 0.852900 0.233360 0.085427
2100.900000000 27.640418 90.652846 -8.086639 0.463880 0.869089 0.166951 0.040345
2101.000000000 27.655129 90.570834 -8.104940 0.464133 0.869117 0.165421 0.043030
2101.300000000 27.699321 90.385354 -8.053770 0.465754 0.868453 0.161605 0.052409
2101.400000000 27.716311 90.336872 -8.057513 0.466134 0.868292 0.160775 0.054223
2101.500000000 27.723428 90.277686 -8.088698 0.466280 0.868170 0.160767 0.054931
2101.600000000 27.742000 90.208596 -7.997486 0.466356 0.867777 0.161833 0.057317
2102.000000000 27.794116 89.959940 -7.545297 0.465781 0.869090 0.158312 0.051658
2102.300000000 27.805862 89.794526 -7.519541 0.465648 0.868489 0.161497 0.053082
2102.400000000 27.832701 89.745406 -7.430656 0.465472 0.868463 0.161651 0.054567
2102.700000000 27.828130 89.578484 -7.047736 0.465100 0.869345 0.158597 0.052612
2103.000000000 26.066362 91.773267 -9.251370 0.488686 0.867175 0.095715 -0.005605
2103.100000000 26.080584 91.725134 -9.173845 0.488556 0.867186 0.096381 -0.003566
2103.300000000 26.096255 91.647234 -8.967579 0.488406 0.867320 0.095876 -0.004816
2103.500000000 26.131050 91.570936 -8.722775 0.488447 0.867682 0.092232 -0.006465
2103.800000000 26.099320 91.467739 -8.649918 0.488250 0.867603 0.094049 -0.005704
2103.900000000 26.175196 91.450963 -8.285924 0.487943 0.867662 0.095138 -0.004821
2104.000000000 26.202190 91.427506 -8.094018 0.487795 0.867576 0.096675 -0.004582
2104.100000000 26.165990 91.392135 -8.120797 0.487775 0.867922 0.093375 -0.008210
2104.300000000 26.141557 91.324161 -8.047549 0.487665 0.867999 0.093353 -0.006794
2104.400000000 26.144997 91.292206 -7.948065 0.487720 0.867700 0.095923 -0.004960
2104.500000000 26.169705 91.271521 -7.765745 0.487516 0.867945 0.094681 -0.005848
2104.600000000 26.182631 91.251477 -7.626996 0.487411 0.867938 0.095254 -0.006342
2105.200000000 26.127059 91.090092 -7.245387 0.487345 0.868352 0.090996 -0.013374
2105.300000000 26.135037 91.061354 -7.116501 0.487167 0.868501 0.090558 -0.013128
2105.800000000 25.687833 90.846302 -8.637169 0.487988 0.868341 0.087595 -0.013342
2106.100000000 25.662793 90.737784 -8.414545 0.487658 0.869034 0.081572 -0.017758
2106.400000000 25.705215 90.653112 -8.044688 0.487591 0.868481 0.087992 -0.015934
2106.700000000 25.675226 90.523957 -7.884498 0.487216 0.869327 0.080138 -0.021667
2107.300000000 25.624222 90.274970 -7.975978 0.487045 0.870652 0.058905 -0.035808
2107.400000000 25.753113 90.286390 -7.742431 0.487617 0.869199 0.078008 -0.025233
2107.500000000 25.945721 90.363590 -7.711547 0.487746 0.869081 0.078463 -0.025400
2107.700000000 22.966758 92.788037 -8.693258 0.556157 0.828576 -0.053712 -0.035595
2107.800000000 23.122774 92.811701 -8.574320 0.555861 0.829012 -0.051916 -0.032599
2108.400000000 23.131134 92.610735 -9.156844 0.557353 0.828782 -0.040905 -0.028370
2108.800000000 23.195996 92.576706 -8.569610 0.557284 0.826671 -0.061482 -0.047651
2108.900000000 22.753137 92.330035 -9.010683 0.554510 0.822813 0.102911 0.070048
2109.100000000 22.620071 92.298745 -8.664806 0.557084 0.825118 0.080753 0.048117
2109.300000000 22.742256 92.355424 -9.005116 0.536364 0.801755 0.224717 0.137857
2109.400000000 22.622894 92.320894 -8.825821 0.539277 0.805965 0.209895 0.124679
2110.100000000 21.158246 91.503235 -7.870094 0.480775 0.709665 0.419633 0.298562
2110.200000000 16.343524 99.526746 -3.585937 0.327861 0.746216 0.426440 0.392197
2110.700000000 15.315695 98.991346 -3.908062 0.227830 0.634817 0.586700 0.448201
2110.900000000 15.060344 98.934449 -3.893800 0.227057 0.633595 0.587988 0.448634
2111.000000000 14.944962 98.901814 -3.917672 0.225735 0.631934 0.589995 0.449009
2111.400000000 14.384357 98.731690 -4.054512 0.225640 0.631921 0.590479 0.448438
2112.000000000 13.543740 98.558643 -4.247889 0.225282 0.633465 0.590879 0.445906
2112.300000000 13.112934 98.493187 -4.323159 0.225569 0.632978 0.591353 0.445824
2112.600000000 12.681390 98.421018 -4.417578 0.226626 0.633658 0.590588 0.445336
2112.800000000 12.412493 98.398894 -4.475872 0.224243 0.631689 0.593716 0.445180
2112.900000000 12.272070 98.376354 -4.503680 0.224852 0.630990 0.593669 0.445926
2113.000000000 12.127894 98.361169 -4.540741 0.225082 0.631549 0.593526 0.445209
2113.100000000 11.976020 98.338492 -4.572738 0.224211 0.630255 0.594576 0.446080
2113.500000000 11.405623 98.238779 -4.730326 0.227429 0.630802 0.592372 0.446610
2113.600000000 11.233911 98.171688 -4.784591 0.230822 0.632324 0.589074 0.447078
2113.800000000 10.964707 98.156107 -4.841762 0.229150 0.630408 0.591784 0.447064
2113.900000000 10.812445 98.138912 -4.865928 0.228619 0.631760 0.591449 0.445870
2114.200000000 10.394116 98.060960 -4.970804 0.231627 0.631882 0.589024 0.447352
2114.500000000 9.980376 97.996118 -5.080478 0.231035 0.630382 0.590240 0.448172
2114.800000000 9.522313 97.853839 -5.164509 0.238578 0.627421 0.586256 0.453571
2115.000000000 9.247610 97.790298 -5.259803 0.240576 0.630119 0.583038 0.452922
2115.500000000 8.579133 97.549784 -5.360941 0.239764 0.629876 0.582757 0.454053
2115.600000000 8.445492 97.486713 -5.400497 0.242038 0.627401 0.581847 0.457427
2115.700000000 8.332094 97.442172 -5.406405 0.243140 0.627004 0.580646 0.458911
2115.800000000 8.201180 97.377146 -5.435209 0.246287 0.626542 0.578779 0.460220
2116.100000000 7.900456 97.245408 -5.459778 0.252724 0.625433 0.571888 0.466806
2116.200000000 7.810110 97.182611 -5.503009 0.253033 0.626538 0.571384 0.465774
2116.500000000 7.527413 97.018988 -5.504106 0.260601 0.626291 0.563466 0.471543
2116.800000000 7.245747 96.818898 -5.520829 0.262701 0.617238 0.565931 0.479299
2116.900000000 7.147553 96.756035 -5.476891 0.256788 0.614010 0.572306 0.479079
2117.200000000 6.912878 96.536429 -5.502165 0.262431 0.608927 0.569168 0.486196
2117.300000000 6.861460 96.538733 -5.381640 0.258143 0.603039 0.574846 0.489140
2117.400000000 6.798346 96.509473 -5.317447 0.260453 0.594362 0.576156 0.496933
2117.700000000 6.675668 96.300896 -5.487291 0.261573 0.607624 0.566553 0.491315
2117.800000000 6.557046 96.253961 -5.223828 0.264216 0.604190 0.566167 0.494570
2118.000000000 6.435509 96.023144 -5.516205 0.281470 0.601415 0.555042 0.501002
2118.400000000 6.280766 95.608066 -5.507480 0.254771 0.617795 0.562984 0.486283
2118.600000000 6.114999 95.483343 -5.481432 0.264619 0.601051 0.557633 0.507701
2118.700000000 6.112516 95.462033 -5.486985 0.268247 0.609639 0.548477 0.505526
2118.800000000 5.922865 95.318953 -5.505461 0.271438 0.612102 0.544135 0.505540
2118.900000000 5.739975 95.171343 -5.637637 0.274354 0.610048 0.543565 0.507059
2119.100000000 5.753498 95.087509 -5.464375 0.267154 0.610141 0.550978 0.502773
2119.200000000 5.647153 95.029558 -5.444915 0.262352 0.611822 0.553042 0.500989
2119.300000000 5.651199 94.932597 -5.609701 0.253540 0.612207 0.560198 0.497090
2119.500000000 5.698325 94.911937 -5.290252 0.245295 0.613037 0.566393 0.493168
2119.800000000 5.665230 94.829989 -5.197521 0.239115 0.622491 0.565874 0.484887
2120.200000000 5.546764 94.626314 -5.035645 0.247326 0.615300 0.567781 0.487710
2120.300000000 5.460227 94.507559 -5.316862 0.266909 0.607968 0.558101 0.497652
2120.500000000 5.461039 94.496184 -5.034149 0.251857 0.618625 0.564167 0.485373
2120.800000000 5.460502 94.598482 -4.733988 0.259237 0.607195 0.564815 0.495070
2120.900000000 5.379560 94.448049 -4.968773 0.258240 0.613650 0.562648 0.490075
2121.100000000 -2.745226 103.371657 -0.522323 0.015721 0.575361 0.697059 0.427577
2121.200000000 -2.721404 103.313015 -0.674474 0.022084 0.574770 0.695099 0.431265
2121.600000000 -2.801128 103.393249 -0.323518 0.021319 0.572620 0.698176 0.429188
2121.700000000 -2.834412 103.398680 -0.298836 0.027791 0.569838 0.697597 0.433441
2121.900000000 -2.875166 103.420396 -0.238013 0.025401 0.569268 0.698470 0.432930
2122.100000000 -2.912777 103.407286 -0.245126 0.029531 0.568544 0.696661 0.436519
2122.200000000 -2.927549 103.371427 -0.262271 0.027850 0.567791 0.697771 0.435837
2122.400000000 -3.132351 103.450274 0.130497 0.025236 0.576574 0.693261 0.431642
2122.500000000 -3.109877 103.571505 0.179339 0.024153 0.573477 0.695160 0.432774
2122.900000000 -3.275427 103.708474 0.558168 0.022866 0.573007 0.696504 0.431302
2123.000000000 -3.263552 103.747366 0.486057 0.029576 0.567499 0.696631 0.437922
2123.100000000 -3.298627 103.788386 0.560822 0.032742 0.567208 0.695732 0.439499
2123.400000000 -3.394800 103.827973 0.752136 0.025662 0.572965 0.694693 0.434113
2123.500000000 -3.397349 103.856872 0.686496 0.027154 0.571381 0.694707 0.436083
2123.800000000 -3.644520 103.929956 1.040445 0.028408 0.575570 0.690408 0.437320
2124.000000000 -3.674947 104.071772 1.156288 0.043394 0.564041 0.694249 0.444963
2124.400000000 -3.895121 104.157304 1.355775 0.046927 0.568642 0.689337 0.446385
2124.500000000 -3.933475 104.245450 1.492162 0.032692 0.560454 0.700351 0.440830
2124.700000000 -13.476064 110.256701 3.909562 -0.135076 0.459847 0.818665 0.316359
2124.900000000 -13.577505 110.212060 3.999305 -0.150460 0.468257 0.813486 0.310384
2125.200000000 -13.773115 110.261501 4.184592 -0.140342 0.475350 0.809666 0.314305
2125.300000000 -13.844396 110.282133 4.237155 -0.126109 0.465689 0.815509 0.319650
2125.800000000 -14.087771 110.210072 4.408620 -0.139857 0.468383 0.813776 0.314367
2126.000000000 -14.193421 110.340345 4.565799 -0.127233 0.469470 0.813272 0.319373
2126.100000000 -14.252301 110.431376 4.662642 -0.145603 0.467928 0.815166 0.308785
2126.400000000 -14.398567 110.446420 4.810653 -0.142665 0.471021 0.813677 0.309379
2126.800000000 -14.617581 110.566834 5.004009 -0.128660 0.468332 0.815022 0.315991
2126.900000000 -14.692451 110.681902 5.132118 -0.137678 0.469311 0.816094 0.307866
2127.000000000 -14.717862 110.759184 5.180934 -0.144136 0.471266 0.815663 0.303030
2127.300000000 -14.876219 110.957780 5.376853 -0.145215 0.472886 0.814227 0.303850
2127.600000000 -15.023879 111.190357 5.568287 -0.153391 0.477867 0.812310 0.297097
2127.700000000 -15.063451 111.531719 5.768417 -0.153611 0.479916 0.811901 0.294791
2127.900000000 -15.187079 112.005946 6.040867 -0.169873 0.478098 0.813027 0.285575
2128.000000000 -15.188003 112.103366 6.066633 -0.170947 0.476915 0.813476 0.285633
2128.400000000 -20.239566 112.334173 8.303330 -0.232572 0.366204 0.888859 0.147426
2129.200000000 -20.334259 112.481762 8.742000 -0.227489 0.370863 0.888253 0.147365
2129.400000000 -20.361700 112.475069 8.876736 -0.232194 0.372099 0.887889 0.138856
2129.500000000 -20.379887 112.509092 8.934381 -0.234715 0.376490 0.885594 0.137431
2129.600000000 -20.403147 112.548245 9.015408 -0.235858 0.375617 0.885832 0.136328
2129.800000000 -20.442084 112.628287 9.144461 -0.238209 0.374783 0.885773 0.134909
2130.100000000 -20.406064 112.748980 9.199152 -0.259359 0.354564 0.887800 0.137218
2130.200000000 -20.349820 112.759442 9.211804 -0.255691 0.350500 0.890573 0.136572
2130.800000000 -20.251253 112.984744 9.346460 -0.276455 0.318454 0.896741 0.134219
2130.900000000 -20.241367 113.073326 9.360370 -0.287449 0.313101 0.895270 0.133539
2131.100000000 -20.183077 113.115412 9.484617 -0.284085 0.310214 0.898484 0.125653
2131.300000000 -20.085954 113.178467 9.558555 -0.270272 0.309426 0.904988 0.110476
2131.900000000 -20.008563 113.381491 9.979242 -0.271327 0.309302 0.905523 0.103650
2132.000000000 -20.008831 113.460933 10.026980 -0.275039 0.310921 0.903959 0.102659
2132.300000000 -19.900754 113.559698 10.151691 -0.268596 0.315194 0.903739 0.108469
2132.600000000 -19.742662 113.696369 10.249081 -0.310473 0.281782 0.896705 0.141863
2132.700000000 -16.683588 112.538418 10.503603 -0.314684 0.272003 0.885180 0.208435
2132.800000000 -16.506107 112.517106 10.689839 -0.377503 0.207213 0.856478 0.284605
2132.900000000 -16.197922 112.325066 10.983015 -0.429255 0.124878 0.809624 0.380334
2133.000000000 -15.961367 112.260966 11.420055 -0.473169 0.024648 0.741693 0.474758
2133.200000000 -17.949864 113.246768 12.740910 -0.649654 -0.068144 0.657812 0.374952
2133.400000000 -19.521434 113.881427 12.951458 0.711484 0.199561 -0.636802 -0.220111
2133.800000000 -20.610970 115.138904 11.941021 0.433488 0.834579 -0.211613 -0.266056
2133.900000000 -20.924694 115.330291 12.122356 0.171315 0.953076 -0.094757 -0.230908
2134.000000000 -20.967875 115.315987 12.107076 0.146975 0.955479 -0.119577 -0.226187
2134.100000000 -20.953940 115.319079 12.105060 0.156794 0.953557 -0.117890 -0.228573
2134.300000000 -20.673285 114.967071 12.297062 0.015662 -0.698666 -0.189281 0.689778
2134.600000000 -20.704543 114.900820 12.328887 0.072475 -0.676973 -0.178015 0.710468
2134.700000000 -20.624913 114.936642 12.309263 0.025693 -0.614254 -0.163419 0.771574
2134.800000000 -20.445936 115.033104 12.051441 -0.135354 -0.575108 -0.114727 0.798604
2134.900000000 -20.213158 114.912620 11.931535 -0.254975 -0.478653 -0.208344 0.813924
2135.300000000 -20.010897 114.478085 12.274674 -0.112624 -0.441427 -0.506532 0.732041
2135.400000000 -20.101268 114.182856 12.214547 -0.133314 -0.337736 -0.671782 0.645656
2135.500000000 -20.045640 114.166362 12.204314 -0.171793 -0.319158 -0.687543 0.629215
2135.900000000 -20.241455 114.356277 12.470937 0.009412 -0.530608 -0.581730 0.616406
2136.100000000 -20.873214 114.060306 11.753697 0.196014 -0.476310 -0.551864 0.655860
2136.200000000 -20.952442 114.014217 11.602355 0.253115 -0.442659 -0.549132 0.662148
2136.300000000 -20.948756 113.957526 11.613115 0.280549 -0.422436 -0.558361 0.656561
2136.400000000 -21.128149 113.985715 11.498165 0.273269 -0.451166 -0.550890 0.646756
2136.900000000 -21.229752 114.079534 11.494719 0.217137 -0.546423 -0.564893 0.578938
2137.600000000 -20.887676 114.119149 11.417490 0.089592 -0.359378 -0.545921 0.751526
2137.700000000 -21.011740 113.975206 11.535587 0.156270 -0.405911 -0.605790 0.666210
2138.000000000 -21.191486 114.022027 11.578780 0.086775 -0.473861 -0.615614 0.623655
2138.500000000 -21.093267 113.955933 11.581721 0.202336 -0.436337 -0.593686 0.645141
