[2026-08-19 18:15:56.829] [glim] [info] config_path: /home/hyunwoo-chae/AG-CoNav-test_main/glim_config_ct_std
[2026-08-19 18:15:56.832] [glim] [info] load libodometry_estimation_ct.so
[2026-08-19 18:15:56.834] [glim] [info] load libsub_mapping_passthrough.so
[2026-08-19 18:15:56.834] [glim] [info] load libglobal_mapping_pose_graph.so
[2026-08-19 18:15:56.835] [glim] [info] load libmemory_monitor.so
[2026-08-19 18:15:56.835] [glim] [info] load librviz_viewer.so
[2026-08-19 18:15:56.860] [glim] [info] topics:
[2026-08-19 18:15:56.860] [glim] [info] - /drone/imu
[2026-08-19 18:15:56.860] [glim] [info] - /drone/points
[2026-08-19 18:15:56.860] [glim] [info] - /image
[2026-08-19 18:15:56.860] [glim] [info] bag_filenames:
[2026-08-19 18:15:56.860] [glim] [info] - /home/hyunwoo-chae/AG-CoNav-test_main/bags/velocity_4m_5mps_gps_attempt2
[2026-08-19 18:15:56.860] [glim] [warning] param glim_ros/playback_speed not found
[2026-08-19 18:15:56.860] [glim] [warning] use default_value=100
[2026-08-19 18:15:56.860] [glim] [info] opening /home/hyunwoo-chae/AG-CoNav-test_main/bags/velocity_4m_5mps_gps_attempt2
[2026-08-19 18:15:56.861] [glim] [info] detected storage_id=mcap from metadata.yaml
[2026-08-19 18:15:56.877] [glim] [warning] per-point timestamps are not given!!
[2026-08-19 18:15:56.877] [glim] [warning] use pseudo per-point timestamps based on the order of points
[2026-08-19 18:15:56.880] [rviz] [info] auto-detected IMU frame ID: drone/base_link
[2026-08-19 18:15:56.880] [rviz] [info] auto-detected LiDAR frame ID: drone/os1_lidar
[2026-08-19 18:15:56.880] [rviz] [info] base_frame_id is not set. using IMU frame ID 'drone/base_link' as base frame ID.
[2026-08-19 18:16:06.891] [glim] [info] playback speed: 4.511x
[2026-08-19 18:16:11.909] [glim] [info] playback speed: 4.837x
[2026-08-19 18:16:16.912] [glim] [info] playback speed: 4.392x
[2026-08-19 18:16:17.827] [glim] [info] estimated scan duration: 0.10000000000000142
[2026-08-19 18:16:21.917] [glim] [info] playback speed: 4.868x
[2026-08-19 18:16:26.924] [glim] [info] playback speed: 4.056x
[2026-08-19 18:16:31.928] [glim] [info] playback speed: 4.086x
[2026-08-19 18:16:36.928] [glim] [info] playback speed: 4.443x
[2026-08-19 18:16:41.929] [glim] [info] playback speed: 4.477x
[2026-08-19 18:16:46.945] [glim] [info] playback speed: 3.847x
[2026-08-19 18:16:51.964] [glim] [info] playback speed: 3.626x
[2026-08-19 18:16:56.997] [glim] [info] playback speed: 3.424x
[2026-08-19 18:17:02.003] [glim] [info] playback speed: 3.995x
[2026-08-19 18:17:07.016] [glim] [info] playback speed: 3.517x
[2026-08-19 18:17:12.017] [glim] [info] playback speed: 3.853x
[2026-08-19 18:17:17.031] [glim] [info] playback speed: 3.447x
[2026-08-19 18:17:22.034] [glim] [info] playback speed: 4.058x
[2026-08-19 18:17:27.036] [glim] [info] playback speed: 4.080x
[2026-08-19 18:17:32.036] [glim] [info] playback speed: 3.191x
[2026-08-19 18:17:37.054] [glim] [info] playback speed: 2.133x
[2026-08-19 18:17:42.055] [glim] [info] playback speed: 2.129x
[2026-08-19 18:17:47.095] [glim] [info] playback speed: 2.182x
[2026-08-19 18:17:52.104] [glim] [info] playback speed: 1.957x
[2026-08-19 18:17:57.121] [glim] [info] playback speed: 3.511x
[2026-08-19 18:18:02.138] [glim] [info] playback speed: 2.078x
[2026-08-19 18:18:07.165] [glim] [info] playback speed: 2.549x
[2026-08-19 18:18:12.178] [glim] [info] playback speed: 3.176x
[2026-08-19 18:18:17.191] [glim] [info] playback speed: 3.853x
[2026-08-19 18:18:22.217] [glim] [info] playback speed: 4.504x
[2026-08-19 18:18:27.237] [glim] [info] playback speed: 3.848x
[2026-08-19 18:18:32.255] [glim] [info] playback speed: 3.476x
[2026-08-19 18:18:37.256] [glim] [info] playback speed: 3.523x
[2026-08-19 18:18:39.452] [glim] [warning] large time gap between consecutive IMU data!!
[2026-08-19 18:18:39.453] [glim] [warning] current=602.220000 last=602.040000 diff=0.180000
[2026-08-19 18:18:42.256] [glim] [info] playback speed: 3.744x
[2026-08-19 18:18:47.264] [glim] [info] playback speed: 4.118x
[2026-08-19 18:18:52.276] [glim] [info] playback speed: 3.383x
[2026-08-19 18:18:57.300] [glim] [info] playback speed: 3.680x
[2026-08-19 18:19:02.321] [glim] [info] playback speed: 3.441x
[2026-08-19 18:19:07.324] [glim] [info] playback speed: 4.179x
[2026-08-19 18:19:12.328] [glim] [info] playback speed: 4.039x
[2026-08-19 18:19:17.328] [glim] [info] playback speed: 3.479x
[2026-08-19 18:19:22.328] [glim] [info] playback speed: 3.169x
[2026-08-19 18:19:27.329] [glim] [info] playback speed: 3.642x
[2026-08-19 18:19:32.331] [glim] [info] playback speed: 4.439x
[2026-08-19 18:19:37.357] [glim] [info] playback speed: 3.151x
[2026-08-19 18:19:42.360] [glim] [info] playback speed: 2.202x
[2026-08-19 18:19:47.361] [glim] [info] playback speed: 2.289x
[2026-08-19 18:19:52.362] [glim] [info] playback speed: 1.961x
[2026-08-19 18:19:57.381] [glim] [info] playback speed: 1.994x
[2026-08-19 18:20:02.408] [glim] [info] playback speed: 2.187x
[2026-08-19 18:20:07.433] [glim] [info] playback speed: 3.821x
[2026-08-19 18:20:12.437] [glim] [info] playback speed: 3.586x
[2026-08-19 18:20:17.445] [glim] [info] playback speed: 3.743x
[2026-08-19 18:20:22.453] [glim] [info] playback speed: 3.541x
[2026-08-19 18:20:22.638] [glim] [warning] large time gap between consecutive IMU data!!
[2026-08-19 18:20:22.638] [glim] [warning] current=943.520000 last=943.340000 diff=0.180000
[2026-08-19 18:20:27.457] [glim] [info] playback speed: 3.796x
[2026-08-19 18:20:32.477] [glim] [info] playback speed: 3.646x
[2026-08-19 18:20:37.490] [glim] [info] playback speed: 3.576x
[2026-08-19 18:20:42.491] [glim] [info] playback speed: 3.303x
[2026-08-19 18:20:47.524] [glim] [info] playback speed: 3.040x
[2026-08-19 18:20:52.537] [glim] [info] playback speed: 4.513x
[2026-08-19 18:20:57.551] [glim] [info] playback speed: 3.768x
[2026-08-19 18:21:02.571] [glim] [info] playback speed: 3.440x
[2026-08-19 18:21:07.593] [glim] [info] playback speed: 3.371x
[2026-08-19 18:21:12.625] [glim] [info] playback speed: 3.358x
[2026-08-19 18:21:17.610] [glim] [warning] large time difference between points and imu!!
[2026-08-19 18:21:17.610] [glim] [warning] points=1143.600000 imu=1144.610000 diff=1.010000
[2026-08-19 18:21:17.610] [glim] [warning] large time difference between points and imu!!
[2026-08-19 18:21:17.610] [glim] [warning] points=1143.600000 imu=1144.620000 diff=1.020000
[2026-08-19 18:21:17.610] [glim] [warning] large time difference between points and imu!!
[2026-08-19 18:21:17.610] [glim] [warning] points=1143.600000 imu=1144.630000 diff=1.030000
[2026-08-19 18:21:17.610] [glim] [warning] large time difference between points and imu!!
[2026-08-19 18:21:17.610] [glim] [warning] points=1143.600000 imu=1144.640000 diff=1.040000
[2026-08-19 18:21:17.639] [glim] [info] playback speed: 4.471x
[2026-08-19 18:21:18.959] [glim] [warning] large time difference between points and imu!!
[2026-08-19 18:21:18.959] [glim] [warning] points=1149.100000 imu=1150.110000 diff=1.010000
[2026-08-19 18:21:18.959] [glim] [warning] large time difference between points and imu!!
[2026-08-19 18:21:18.960] [glim] [warning] points=1149.100000 imu=1150.120000 diff=1.020000
[2026-08-19 18:21:19.234] [glim] [warning] large time difference between points and imu!!
[2026-08-19 18:21:19.234] [glim] [warning] points=1150.100000 imu=1151.110000 diff=1.010000
[2026-08-19 18:21:19.234] [glim] [warning] large time difference between points and imu!!
[2026-08-19 18:21:19.234] [glim] [warning] points=1150.100000 imu=1151.120000 diff=1.020000
[2026-08-19 18:21:19.234] [glim] [warning] large time difference between points and imu!!
[2026-08-19 18:21:19.234] [glim] [warning] points=1150.100000 imu=1151.130000 diff=1.030000
[2026-08-19 18:21:20.032] [glim] [warning] large time difference between points and imu!!
[2026-08-19 18:21:20.032] [glim] [warning] points=1152.300000 imu=1153.310000 diff=1.010000
[2026-08-19 18:21:20.032] [glim] [warning] large time difference between points and imu!!
[2026-08-19 18:21:20.032] [glim] [warning] points=1152.300000 imu=1153.320000 diff=1.020000
[2026-08-19 18:21:20.032] [glim] [warning] large time difference between points and imu!!
[2026-08-19 18:21:20.032] [glim] [warning] points=1152.300000 imu=1153.330000 diff=1.030000
[2026-08-19 18:21:20.345] [glim] [warning] large time difference between points and imu!!
[2026-08-19 18:21:20.345] [glim] [warning] points=1153.400000 imu=1154.410000 diff=1.010000
[2026-08-19 18:21:20.345] [glim] [warning] large time difference between points and imu!!
[2026-08-19 18:21:20.345] [glim] [warning] points=1153.400000 imu=1154.420000 diff=1.020000
[2026-08-19 18:21:20.345] [glim] [warning] large time difference between points and imu!!
[2026-08-19 18:21:20.345] [glim] [warning] points=1153.400000 imu=1154.430000 diff=1.030000
[2026-08-19 18:21:21.096] [glim] [warning] large time difference between points and imu!!
[2026-08-19 18:21:21.096] [glim] [warning] points=1156.100000 imu=1157.110000 diff=1.010000
[2026-08-19 18:21:21.096] [glim] [warning] large time difference between points and imu!!
[2026-08-19 18:21:21.096] [glim] [warning] points=1156.100000 imu=1157.120000 diff=1.020000
[2026-08-19 18:21:21.096] [glim] [warning] large time difference between points and imu!!
[2026-08-19 18:21:21.096] [glim] [warning] points=1156.100000 imu=1157.130000 diff=1.030000
[2026-08-19 18:21:21.096] [glim] [warning] large time difference between points and imu!!
[2026-08-19 18:21:21.096] [glim] [warning] points=1156.100000 imu=1157.140000 diff=1.040000
[2026-08-19 18:21:21.680] [glim] [warning] large time difference between points and imu!!
[2026-08-19 18:21:21.680] [glim] [warning] points=1158.100000 imu=1159.110000 diff=1.010000
[2026-08-19 18:21:21.680] [glim] [warning] large time difference between points and imu!!
[2026-08-19 18:21:21.680] [glim] [warning] points=1158.100000 imu=1159.120000 diff=1.020000
[2026-08-19 18:21:21.680] [glim] [warning] large time difference between points and imu!!
[2026-08-19 18:21:21.680] [glim] [warning] points=1158.100000 imu=1159.130000 diff=1.030000
[2026-08-19 18:21:22.017] [glim] [warning] large time difference between points and imu!!
[2026-08-19 18:21:22.017] [glim] [warning] points=1159.100000 imu=1160.110000 diff=1.010000
[2026-08-19 18:21:22.017] [glim] [warning] large time difference between points and imu!!
[2026-08-19 18:21:22.017] [glim] [warning] points=1159.100000 imu=1160.120000 diff=1.020000
[2026-08-19 18:21:22.017] [glim] [warning] large time difference between points and imu!!
[2026-08-19 18:21:22.017] [glim] [warning] points=1159.100000 imu=1160.130000 diff=1.030000
[2026-08-19 18:21:22.643] [glim] [info] playback speed: 3.315x
[2026-08-19 18:21:23.451] [glim] [warning] large time difference between points and imu!!
[2026-08-19 18:21:23.451] [glim] [warning] points=1164.200000 imu=1165.210000 diff=1.010000
[2026-08-19 18:21:23.451] [glim] [warning] large time difference between points and imu!!
[2026-08-19 18:21:23.451] [glim] [warning] points=1164.200000 imu=1165.220000 diff=1.020000
[2026-08-19 18:21:23.451] [glim] [warning] large time difference between points and imu!!
[2026-08-19 18:21:23.451] [glim] [warning] points=1164.200000 imu=1165.230000 diff=1.030000
[2026-08-19 18:21:23.451] [glim] [warning] large time difference between points and imu!!
[2026-08-19 18:21:23.451] [glim] [warning] points=1164.200000 imu=1165.240000 diff=1.040000
[2026-08-19 18:21:23.756] [glim] [warning] large time difference between points and imu!!
[2026-08-19 18:21:23.756] [glim] [warning] points=1165.300000 imu=1166.310000 diff=1.010000
[2026-08-19 18:21:23.756] [glim] [warning] large time difference between points and imu!!
[2026-08-19 18:21:23.756] [glim] [warning] points=1165.300000 imu=1166.320000 diff=1.020000
[2026-08-19 18:21:23.756] [glim] [warning] large time difference between points and imu!!
[2026-08-19 18:21:23.756] [glim] [warning] points=1165.300000 imu=1166.330000 diff=1.030000
[2026-08-19 18:21:23.757] [glim] [warning] large time difference between points and imu!!
[2026-08-19 18:21:23.757] [glim] [warning] points=1165.300000 imu=1166.340000 diff=1.040000
[2026-08-19 18:21:23.757] [glim] [warning] large time difference between points and imu!!
[2026-08-19 18:21:23.757] [glim] [warning] points=1165.300000 imu=1166.350000 diff=1.050000
[2026-08-19 18:21:24.294] [glim] [warning] large time difference between points and imu!!
[2026-08-19 18:21:24.294] [glim] [warning] points=1167.200000 imu=1168.210000 diff=1.010000
[2026-08-19 18:21:24.294] [glim] [warning] large time difference between points and imu!!
[2026-08-19 18:21:24.295] [glim] [warning] points=1167.200000 imu=1168.220000 diff=1.020000
[2026-08-19 18:21:24.295] [glim] [warning] large time difference between points and imu!!
[2026-08-19 18:21:24.295] [glim] [warning] points=1167.200000 imu=1168.230000 diff=1.030000
[2026-08-19 18:21:25.212] [glim] [warning] large time difference between points and imu!!
[2026-08-19 18:21:25.212] [glim] [warning] points=1170.100000 imu=1171.110000 diff=1.010000
[2026-08-19 18:21:25.212] [glim] [warning] large time difference between points and imu!!
[2026-08-19 18:21:25.212] [glim] [warning] points=1170.100000 imu=1171.120000 diff=1.020000
[2026-08-19 18:21:25.212] [glim] [warning] large time difference between points and imu!!
[2026-08-19 18:21:25.212] [glim] [warning] points=1170.100000 imu=1171.130000 diff=1.030000
[2026-08-19 18:21:25.213] [glim] [warning] large time difference between points and imu!!
[2026-08-19 18:21:25.213] [glim] [warning] points=1170.100000 imu=1171.140000 diff=1.040000
[2026-08-19 18:21:26.098] [glim] [warning] large time difference between points and imu!!
[2026-08-19 18:21:26.098] [glim] [warning] points=1173.000000 imu=1174.010000 diff=1.010000
[2026-08-19 18:21:26.099] [glim] [warning] large time difference between points and imu!!
[2026-08-19 18:21:26.099] [glim] [warning] points=1173.000000 imu=1174.020000 diff=1.020000
[2026-08-19 18:21:26.099] [glim] [warning] large time difference between points and imu!!
[2026-08-19 18:21:26.099] [glim] [warning] points=1173.000000 imu=1174.030000 diff=1.030000
[2026-08-19 18:21:26.394] [glim] [warning] large time difference between points and imu!!
[2026-08-19 18:21:26.394] [glim] [warning] points=1174.000000 imu=1175.010000 diff=1.010000
[2026-08-19 18:21:26.394] [glim] [warning] large time difference between points and imu!!
[2026-08-19 18:21:26.394] [glim] [warning] points=1174.000000 imu=1175.020000 diff=1.020000
[2026-08-19 18:21:26.394] [glim] [warning] large time difference between points and imu!!
[2026-08-19 18:21:26.394] [glim] [warning] points=1174.000000 imu=1175.030000 diff=1.030000
[2026-08-19 18:21:27.647] [glim] [info] playback speed: 3.445x
[2026-08-19 18:21:27.904] [glim] [warning] large time difference between points and imu!!
[2026-08-19 18:21:27.904] [glim] [warning] points=1179.100000 imu=1180.110000 diff=1.010000
[2026-08-19 18:21:27.904] [glim] [warning] large time difference between points and imu!!
[2026-08-19 18:21:27.904] [glim] [warning] points=1179.100000 imu=1180.120000 diff=1.020000
[2026-08-19 18:21:27.904] [glim] [warning] large time difference between points and imu!!
[2026-08-19 18:21:27.904] [glim] [warning] points=1179.100000 imu=1180.130000 diff=1.030000
[2026-08-19 18:21:27.904] [glim] [warning] large time difference between points and imu!!
[2026-08-19 18:21:27.904] [glim] [warning] points=1179.100000 imu=1180.140000 diff=1.040000
[2026-08-19 18:21:28.816] [glim] [warning] large time difference between points and imu!!
[2026-08-19 18:21:28.816] [glim] [warning] points=1182.100000 imu=1183.110000 diff=1.010000
[2026-08-19 18:21:28.816] [glim] [warning] large time difference between points and imu!!
[2026-08-19 18:21:28.816] [glim] [warning] points=1182.100000 imu=1183.120000 diff=1.020000
[2026-08-19 18:21:29.230] [glim] [warning] large time difference between points and imu!!
[2026-08-19 18:21:29.230] [glim] [warning] points=1183.400000 imu=1184.410000 diff=1.010000
[2026-08-19 18:21:29.230] [glim] [warning] large time difference between points and imu!!
[2026-08-19 18:21:29.230] [glim] [warning] points=1183.400000 imu=1184.420000 diff=1.020000
[2026-08-19 18:21:29.801] [glim] [warning] large time difference between points and imu!!
[2026-08-19 18:21:29.801] [glim] [warning] points=1185.100000 imu=1186.110000 diff=1.010000
[2026-08-19 18:21:29.801] [glim] [warning] large time difference between points and imu!!
[2026-08-19 18:21:29.801] [glim] [warning] points=1185.100000 imu=1186.120000 diff=1.020000
[2026-08-19 18:21:29.801] [glim] [warning] large time difference between points and imu!!
[2026-08-19 18:21:29.801] [glim] [warning] points=1185.100000 imu=1186.130000 diff=1.030000
[2026-08-19 18:21:30.268] [glim] [warning] large time difference between points and imu!!
[2026-08-19 18:21:30.268] [glim] [warning] points=1186.400000 imu=1187.410000 diff=1.010000
[2026-08-19 18:21:30.268] [glim] [warning] large time difference between points and imu!!
[2026-08-19 18:21:30.268] [glim] [warning] points=1186.400000 imu=1187.420000 diff=1.020000
[2026-08-19 18:21:30.268] [glim] [warning] large time difference between points and imu!!
[2026-08-19 18:21:30.268] [glim] [warning] points=1186.400000 imu=1187.430000 diff=1.030000
[2026-08-19 18:21:30.268] [glim] [warning] large time difference between points and imu!!
[2026-08-19 18:21:30.268] [glim] [warning] points=1186.400000 imu=1187.440000 diff=1.040000
[2026-08-19 18:21:30.825] [glim] [warning] large time difference between points and imu!!
[2026-08-19 18:21:30.825] [glim] [warning] points=1188.100000 imu=1189.110000 diff=1.010000
[2026-08-19 18:21:30.825] [glim] [warning] large time difference between points and imu!!
[2026-08-19 18:21:30.825] [glim] [warning] points=1188.100000 imu=1189.120000 diff=1.020000
[2026-08-19 18:21:30.825] [glim] [warning] large time difference between points and imu!!
[2026-08-19 18:21:30.825] [glim] [warning] points=1188.100000 imu=1189.130000 diff=1.030000
[2026-08-19 18:21:30.826] [glim] [warning] large time difference between points and imu!!
[2026-08-19 18:21:30.826] [glim] [warning] points=1188.100000 imu=1189.140000 diff=1.040000
[2026-08-19 18:21:31.217] [glim] [warning] large time difference between points and imu!!
[2026-08-19 18:21:31.217] [glim] [warning] points=1189.300000 imu=1190.310000 diff=1.010000
[2026-08-19 18:21:31.218] [glim] [warning] large time difference between points and imu!!
[2026-08-19 18:21:31.218] [glim] [warning] points=1189.300000 imu=1190.320000 diff=1.020000
[2026-08-19 18:21:31.218] [glim] [warning] large time difference between points and imu!!
[2026-08-19 18:21:31.218] [glim] [warning] points=1189.300000 imu=1190.330000 diff=1.030000
[2026-08-19 18:21:31.776] [glim] [warning] large time difference between points and imu!!
[2026-08-19 18:21:31.776] [glim] [warning] points=1191.100000 imu=1192.110000 diff=1.010000
[2026-08-19 18:21:31.776] [glim] [warning] large time difference between points and imu!!
[2026-08-19 18:21:31.776] [glim] [warning] points=1191.100000 imu=1192.120000 diff=1.020000
[2026-08-19 18:21:31.776] [glim] [warning] large time difference between points and imu!!
[2026-08-19 18:21:31.776] [glim] [warning] points=1191.100000 imu=1192.130000 diff=1.030000
[2026-08-19 18:21:32.375] [glim] [warning] large time difference between points and imu!!
[2026-08-19 18:21:32.375] [glim] [warning] points=1193.100000 imu=1194.110000 diff=1.010000
[2026-08-19 18:21:32.653] [glim] [info] playback speed: 3.134x
[2026-08-19 18:21:32.706] [glim] [warning] large time difference between points and imu!!
[2026-08-19 18:21:32.706] [glim] [warning] points=1194.100000 imu=1195.110000 diff=1.010000
[2026-08-19 18:21:32.706] [glim] [warning] large time difference between points and imu!!
[2026-08-19 18:21:32.706] [glim] [warning] points=1194.100000 imu=1195.120000 diff=1.020000
[2026-08-19 18:21:32.706] [glim] [warning] large time difference between points and imu!!
[2026-08-19 18:21:32.706] [glim] [warning] points=1194.100000 imu=1195.130000 diff=1.030000
[2026-08-19 18:21:34.202] [glim] [warning] large time difference between points and imu!!
[2026-08-19 18:21:34.202] [glim] [warning] points=1198.700000 imu=1199.710000 diff=1.010000
[2026-08-19 18:21:34.203] [glim] [warning] large time difference between points and imu!!
[2026-08-19 18:21:34.203] [glim] [warning] points=1198.700000 imu=1199.720000 diff=1.020000
[2026-08-19 18:21:34.203] [glim] [warning] large time difference between points and imu!!
[2026-08-19 18:21:34.203] [glim] [warning] points=1198.700000 imu=1199.730000 diff=1.030000
[2026-08-19 18:21:34.925] [glim] [warning] large time difference between points and imu!!
[2026-08-19 18:21:34.925] [glim] [warning] points=1200.900000 imu=1201.910000 diff=1.010000
[2026-08-19 18:21:34.926] [glim] [warning] large time difference between points and imu!!
[2026-08-19 18:21:34.926] [glim] [warning] points=1200.900000 imu=1201.920000 diff=1.020000
[2026-08-19 18:21:34.926] [glim] [warning] large time difference between points and imu!!
[2026-08-19 18:21:34.926] [glim] [warning] points=1200.900000 imu=1201.930000 diff=1.030000
[2026-08-19 18:21:35.291] [glim] [warning] large time difference between points and imu!!
[2026-08-19 18:21:35.291] [glim] [warning] points=1202.000000 imu=1203.010000 diff=1.010000
[2026-08-19 18:21:35.291] [glim] [warning] large time difference between points and imu!!
[2026-08-19 18:21:35.291] [glim] [warning] points=1202.000000 imu=1203.020000 diff=1.020000
[2026-08-19 18:21:36.536] [glim] [warning] large time difference between points and imu!!
[2026-08-19 18:21:36.536] [glim] [warning] points=1206.100000 imu=1207.110000 diff=1.010000
[2026-08-19 18:21:36.536] [glim] [warning] large time difference between points and imu!!
[2026-08-19 18:21:36.536] [glim] [warning] points=1206.100000 imu=1207.120000 diff=1.020000
[2026-08-19 18:21:37.253] [glim] [warning] large time gap between consecutive IMU data!!
[2026-08-19 18:21:37.253] [glim] [warning] current=1210.320000 last=1210.070000 diff=0.250000
[2026-08-19 18:21:37.253] [glim] [warning] large time difference between points and imu!!
[2026-08-19 18:21:37.253] [glim] [warning] points=1209.200000 imu=1210.320000 diff=1.120000
[2026-08-19 18:21:37.253] [glim] [warning] large time difference between points and imu!!
[2026-08-19 18:21:37.253] [glim] [warning] points=1209.200000 imu=1210.330000 diff=1.130000
[2026-08-19 18:21:37.253] [glim] [warning] large time difference between points and imu!!
[2026-08-19 18:21:37.253] [glim] [warning] points=1209.200000 imu=1210.340000 diff=1.140000
[2026-08-19 18:21:37.253] [glim] [warning] large time difference between points and imu!!
[2026-08-19 18:21:37.253] [glim] [warning] points=1209.200000 imu=1210.350000 diff=1.150000
[2026-08-19 18:21:37.253] [glim] [warning] large time difference between points and imu!!
[2026-08-19 18:21:37.253] [glim] [warning] points=1209.200000 imu=1210.360000 diff=1.160000
[2026-08-19 18:21:37.254] [glim] [warning] large time difference between points and imu!!
[2026-08-19 18:21:37.254] [glim] [warning] points=1209.200000 imu=1210.370000 diff=1.170000
[2026-08-19 18:21:37.254] [glim] [warning] large time difference between points and imu!!
[2026-08-19 18:21:37.254] [glim] [warning] points=1209.200000 imu=1210.380000 diff=1.180000
[2026-08-19 18:21:37.254] [glim] [warning] large time difference between points and imu!!
[2026-08-19 18:21:37.254] [glim] [warning] points=1209.200000 imu=1210.390000 diff=1.190000
[2026-08-19 18:21:37.254] [glim] [warning] large time difference between points and imu!!
[2026-08-19 18:21:37.254] [glim] [warning] points=1209.200000 imu=1210.400000 diff=1.200000
[2026-08-19 18:21:37.254] [glim] [warning] large time difference between points and imu!!
[2026-08-19 18:21:37.254] [glim] [warning] points=1209.200000 imu=1210.410000 diff=1.210000
[2026-08-19 18:21:37.677] [glim] [info] playback speed: 3.452x
[2026-08-19 18:21:38.453] [glim] [warning] large time difference between points and imu!!
[2026-08-19 18:21:38.453] [glim] [warning] points=1214.100000 imu=1215.110000 diff=1.010000
[2026-08-19 18:21:38.453] [glim] [warning] large time difference between points and imu!!
[2026-08-19 18:21:38.453] [glim] [warning] points=1214.100000 imu=1215.120000 diff=1.020000
[2026-08-19 18:21:38.956] [glim] [warning] large time difference between points and imu!!
[2026-08-19 18:21:38.956] [glim] [warning] points=1216.500000 imu=1217.510000 diff=1.010000
[2026-08-19 18:21:38.956] [glim] [warning] large time difference between points and imu!!
[2026-08-19 18:21:38.956] [glim] [warning] points=1216.500000 imu=1217.520000 diff=1.020000
[2026-08-19 18:21:38.956] [glim] [warning] large time difference between points and imu!!
[2026-08-19 18:21:38.956] [glim] [warning] points=1216.500000 imu=1217.530000 diff=1.030000
[2026-08-19 18:21:39.330] [glim] [warning] large time difference between points and imu!!
[2026-08-19 18:21:39.330] [glim] [warning] points=1218.700000 imu=1219.710000 diff=1.010000
[2026-08-19 18:21:39.330] [glim] [warning] large time difference between points and imu!!
[2026-08-19 18:21:39.330] [glim] [warning] points=1218.700000 imu=1219.720000 diff=1.020000
[2026-08-19 18:21:39.687] [glim] [warning] large time difference between points and imu!!
[2026-08-19 18:21:39.687] [glim] [warning] points=1221.100000 imu=1222.110000 diff=1.010000
[2026-08-19 18:21:39.687] [glim] [warning] large time difference between points and imu!!
[2026-08-19 18:21:39.687] [glim] [warning] points=1221.100000 imu=1222.120000 diff=1.020000
[2026-08-19 18:21:39.687] [glim] [warning] large time difference between points and imu!!
[2026-08-19 18:21:39.687] [glim] [warning] points=1221.100000 imu=1222.130000 diff=1.030000
[2026-08-19 18:21:39.687] [glim] [warning] large time difference between points and imu!!
[2026-08-19 18:21:39.687] [glim] [warning] points=1221.100000 imu=1222.140000 diff=1.040000
[2026-08-19 18:21:41.290] [glim] [warning] large time difference between points and imu!!
[2026-08-19 18:21:41.290] [glim] [warning] points=1230.100000 imu=1231.110000 diff=1.010000
[2026-08-19 18:21:41.290] [glim] [warning] large time difference between points and imu!!
[2026-08-19 18:21:41.290] [glim] [warning] points=1230.100000 imu=1231.120000 diff=1.020000
[2026-08-19 18:21:42.038] [glim] [warning] large time difference between points and imu!!
[2026-08-19 18:21:42.038] [glim] [warning] points=1233.100000 imu=1234.110000 diff=1.010000
[2026-08-19 18:21:42.038] [glim] [warning] large time difference between points and imu!!
[2026-08-19 18:21:42.038] [glim] [warning] points=1233.100000 imu=1234.120000 diff=1.020000
[2026-08-19 18:21:42.694] [glim] [info] playback speed: 4.918x
[2026-08-19 18:21:43.878] [glim] [warning] large time difference between points and imu!!
[2026-08-19 18:21:43.878] [glim] [warning] points=1240.200000 imu=1241.210000 diff=1.010000
[2026-08-19 18:21:43.878] [glim] [warning] large time difference between points and imu!!
[2026-08-19 18:21:43.878] [glim] [warning] points=1240.200000 imu=1241.220000 diff=1.020000
[2026-08-19 18:21:44.372] [glim] [warning] large time difference between points and imu!!
[2026-08-19 18:21:44.372] [glim] [warning] points=1242.100000 imu=1243.110000 diff=1.010000
[2026-08-19 18:21:44.372] [glim] [warning] large time difference between points and imu!!
[2026-08-19 18:21:44.372] [glim] [warning] points=1242.100000 imu=1243.120000 diff=1.020000
[2026-08-19 18:21:44.373] [glim] [warning] large time difference between points and imu!!
[2026-08-19 18:21:44.373] [glim] [warning] points=1242.100000 imu=1243.130000 diff=1.030000
[2026-08-19 18:21:45.196] [glim] [warning] large time difference between points and imu!!
[2026-08-19 18:21:45.196] [glim] [warning] points=1245.100000 imu=1246.110000 diff=1.010000
[2026-08-19 18:21:45.196] [glim] [warning] large time difference between points and imu!!
[2026-08-19 18:21:45.196] [glim] [warning] points=1245.100000 imu=1246.120000 diff=1.020000
[2026-08-19 18:21:45.196] [glim] [warning] large time difference between points and imu!!
[2026-08-19 18:21:45.196] [glim] [warning] points=1245.100000 imu=1246.130000 diff=1.030000
[2026-08-19 18:21:45.196] [glim] [warning] large time difference between points and imu!!
[2026-08-19 18:21:45.196] [glim] [warning] points=1245.100000 imu=1246.140000 diff=1.040000
[2026-08-19 18:21:46.298] [glim] [warning] large time difference between points and imu!!
[2026-08-19 18:21:46.298] [glim] [warning] points=1249.200000 imu=1250.210000 diff=1.010000
[2026-08-19 18:21:46.298] [glim] [warning] large time difference between points and imu!!
[2026-08-19 18:21:46.298] [glim] [warning] points=1249.200000 imu=1250.220000 diff=1.020000
[2026-08-19 18:21:46.298] [glim] [warning] large time difference between points and imu!!
[2026-08-19 18:21:46.299] [glim] [warning] points=1249.200000 imu=1250.230000 diff=1.030000
[2026-08-19 18:21:46.745] [glim] [warning] large time difference between points and imu!!
[2026-08-19 18:21:46.746] [glim] [warning] points=1251.100000 imu=1252.110000 diff=1.010000
[2026-08-19 18:21:46.746] [glim] [warning] large time difference between points and imu!!
[2026-08-19 18:21:46.746] [glim] [warning] points=1251.100000 imu=1252.120000 diff=1.020000
[2026-08-19 18:21:46.746] [glim] [warning] large time difference between points and imu!!
[2026-08-19 18:21:46.746] [glim] [warning] points=1251.100000 imu=1252.130000 diff=1.030000
[2026-08-19 18:21:46.746] [glim] [warning] large time difference between points and imu!!
[2026-08-19 18:21:46.746] [glim] [warning] points=1251.100000 imu=1252.140000 diff=1.040000
[2026-08-19 18:21:47.712] [glim] [info] playback speed: 3.868x
[2026-08-19 18:21:48.857] [glim] [warning] large time difference between points and imu!!
[2026-08-19 18:21:48.857] [glim] [warning] points=1259.000000 imu=1260.010000 diff=1.010000
[2026-08-19 18:21:48.857] [glim] [warning] large time difference between points and imu!!
[2026-08-19 18:21:48.857] [glim] [warning] points=1259.000000 imu=1260.020000 diff=1.020000
[2026-08-19 18:21:48.857] [glim] [warning] large time difference between points and imu!!
[2026-08-19 18:21:48.857] [glim] [warning] points=1259.000000 imu=1260.030000 diff=1.030000
[2026-08-19 18:21:49.205] [glim] [warning] large time difference between points and imu!!
[2026-08-19 18:21:49.205] [glim] [warning] points=1260.200000 imu=1261.210000 diff=1.010000
[2026-08-19 18:21:49.205] [glim] [warning] large time difference between points and imu!!
[2026-08-19 18:21:49.205] [glim] [warning] points=1260.200000 imu=1261.220000 diff=1.020000
[2026-08-19 18:21:49.205] [glim] [warning] large time difference between points and imu!!
[2026-08-19 18:21:49.205] [glim] [warning] points=1260.200000 imu=1261.230000 diff=1.030000
[2026-08-19 18:21:49.205] [glim] [warning] large time difference between points and imu!!
[2026-08-19 18:21:49.205] [glim] [warning] points=1260.200000 imu=1261.240000 diff=1.040000
[2026-08-19 18:21:49.206] [glim] [warning] large time difference between points and imu!!
[2026-08-19 18:21:49.206] [glim] [warning] points=1260.200000 imu=1261.250000 diff=1.050000
[2026-08-19 18:21:49.488] [glim] [warning] large time difference between points and imu!!
[2026-08-19 18:21:49.488] [glim] [warning] points=1261.300000 imu=1262.310000 diff=1.010000
[2026-08-19 18:21:49.488] [glim] [warning] large time difference between points and imu!!
[2026-08-19 18:21:49.488] [glim] [warning] points=1261.300000 imu=1262.320000 diff=1.020000
[2026-08-19 18:21:49.488] [glim] [warning] large time difference between points and imu!!
[2026-08-19 18:21:49.488] [glim] [warning] points=1261.300000 imu=1262.330000 diff=1.030000
[2026-08-19 18:21:49.957] [glim] [warning] large time difference between points and imu!!
[2026-08-19 18:21:49.957] [glim] [warning] points=1263.100000 imu=1264.110000 diff=1.010000
[2026-08-19 18:21:49.957] [glim] [warning] large time difference between points and imu!!
[2026-08-19 18:21:49.957] [glim] [warning] points=1263.100000 imu=1264.120000 diff=1.020000
[2026-08-19 18:21:49.957] [glim] [warning] large time difference between points and imu!!
[2026-08-19 18:21:49.957] [glim] [warning] points=1263.100000 imu=1264.130000 diff=1.030000
[2026-08-19 18:21:49.958] [glim] [warning] large time difference between points and imu!!
[2026-08-19 18:21:49.958] [glim] [warning] points=1263.100000 imu=1264.140000 diff=1.040000
[2026-08-19 18:21:51.112] [glim] [warning] large time difference between points and imu!!
[2026-08-19 18:21:51.112] [glim] [warning] points=1267.200000 imu=1268.210000 diff=1.010000
[2026-08-19 18:21:51.112] [glim] [warning] large time difference between points and imu!!
[2026-08-19 18:21:51.112] [glim] [warning] points=1267.200000 imu=1268.220000 diff=1.020000
[2026-08-19 18:21:51.113] [glim] [warning] large time difference between points and imu!!
[2026-08-19 18:21:51.113] [glim] [warning] points=1267.200000 imu=1268.230000 diff=1.030000
[2026-08-19 18:21:51.113] [glim] [warning] large time difference between points and imu!!
[2026-08-19 18:21:51.113] [glim] [warning] points=1267.200000 imu=1268.240000 diff=1.040000
[2026-08-19 18:21:51.113] [glim] [warning] large time difference between points and imu!!
[2026-08-19 18:21:51.113] [glim] [warning] points=1267.200000 imu=1268.250000 diff=1.050000
[2026-08-19 18:21:52.513] [glim] [warning] large time difference between points and imu!!
[2026-08-19 18:21:52.513] [glim] [warning] points=1272.100000 imu=1273.110000 diff=1.010000
[2026-08-19 18:21:52.513] [glim] [warning] large time difference between points and imu!!
[2026-08-19 18:21:52.513] [glim] [warning] points=1272.100000 imu=1273.120000 diff=1.020000
[2026-08-19 18:21:52.513] [glim] [warning] large time difference between points and imu!!
[2026-08-19 18:21:52.513] [glim] [warning] points=1272.100000 imu=1273.130000 diff=1.030000
[2026-08-19 18:21:52.513] [glim] [warning] large time difference between points and imu!!
[2026-08-19 18:21:52.513] [glim] [warning] points=1272.100000 imu=1273.140000 diff=1.040000
[2026-08-19 18:21:52.728] [glim] [info] playback speed: 3.512x
[2026-08-19 18:21:53.630] [glim] [warning] large time difference between points and imu!!
[2026-08-19 18:21:53.630] [glim] [warning] points=1276.000000 imu=1277.010000 diff=1.010000
[2026-08-19 18:21:53.630] [glim] [warning] large time difference between points and imu!!
[2026-08-19 18:21:53.630] [glim] [warning] points=1276.000000 imu=1277.020000 diff=1.020000
[2026-08-19 18:21:53.630] [glim] [warning] large time difference between points and imu!!
[2026-08-19 18:21:53.630] [glim] [warning] points=1276.000000 imu=1277.030000 diff=1.030000
[2026-08-19 18:21:54.247] [glim] [warning] large time difference between points and imu!!
[2026-08-19 18:21:54.247] [glim] [warning] points=1278.300000 imu=1279.310000 diff=1.010000
[2026-08-19 18:21:54.247] [glim] [warning] large time difference between points and imu!!
[2026-08-19 18:21:54.247] [glim] [warning] points=1278.300000 imu=1279.320000 diff=1.020000
[2026-08-19 18:21:54.247] [glim] [warning] large time difference between points and imu!!
[2026-08-19 18:21:54.247] [glim] [warning] points=1278.300000 imu=1279.330000 diff=1.030000
[2026-08-19 18:21:55.303] [glim] [warning] large time difference between points and imu!!
[2026-08-19 18:21:55.303] [glim] [warning] points=1282.000000 imu=1283.010000 diff=1.010000
[2026-08-19 18:21:55.303] [glim] [warning] large time difference between points and imu!!
[2026-08-19 18:21:55.303] [glim] [warning] points=1282.000000 imu=1283.020000 diff=1.020000
[2026-08-19 18:21:55.303] [glim] [warning] large time difference between points and imu!!
[2026-08-19 18:21:55.303] [glim] [warning] points=1282.000000 imu=1283.030000 diff=1.030000
[2026-08-19 18:21:57.745] [glim] [info] playback speed: 3.675x
[2026-08-19 18:21:58.211] [glim] [warning] large time difference between points and imu!!
[2026-08-19 18:21:58.211] [glim] [warning] points=1293.200000 imu=1294.210000 diff=1.010000
[2026-08-19 18:21:58.211] [glim] [warning] large time difference between points and imu!!
[2026-08-19 18:21:58.211] [glim] [warning] points=1293.200000 imu=1294.220000 diff=1.020000
[2026-08-19 18:21:58.512] [glim] [warning] large time difference between points and imu!!
[2026-08-19 18:21:58.512] [glim] [warning] points=1294.300000 imu=1295.310000 diff=1.010000
[2026-08-19 18:21:58.512] [glim] [warning] large time difference between points and imu!!
[2026-08-19 18:21:58.512] [glim] [warning] points=1294.300000 imu=1295.320000 diff=1.020000
[2026-08-19 18:21:58.512] [glim] [warning] large time difference between points and imu!!
[2026-08-19 18:21:58.512] [glim] [warning] points=1294.300000 imu=1295.330000 diff=1.030000
[2026-08-19 18:21:59.059] [glim] [warning] large time difference between points and imu!!
[2026-08-19 18:21:59.059] [glim] [warning] points=1296.100000 imu=1297.110000 diff=1.010000
[2026-08-19 18:21:59.059] [glim] [warning] large time difference between points and imu!!
[2026-08-19 18:21:59.059] [glim] [warning] points=1296.100000 imu=1297.120000 diff=1.020000
[2026-08-19 18:21:59.421] [glim] [warning] large time difference between points and imu!!
[2026-08-19 18:21:59.421] [glim] [warning] points=1297.300000 imu=1298.310000 diff=1.010000
[2026-08-19 18:21:59.421] [glim] [warning] large time difference between points and imu!!
[2026-08-19 18:21:59.421] [glim] [warning] points=1297.300000 imu=1298.320000 diff=1.020000
[2026-08-19 18:22:00.806] [glim] [warning] large time difference between points and imu!!
[2026-08-19 18:22:00.806] [glim] [warning] points=1302.100000 imu=1303.110000 diff=1.010000
[2026-08-19 18:22:00.807] [glim] [warning] large time difference between points and imu!!
[2026-08-19 18:22:00.807] [glim] [warning] points=1302.100000 imu=1303.120000 diff=1.020000
[2026-08-19 18:22:00.807] [glim] [warning] large time difference between points and imu!!
[2026-08-19 18:22:00.807] [glim] [warning] points=1302.100000 imu=1303.130000 diff=1.030000
[2026-08-19 18:22:01.061] [glim] [warning] large time difference between points and imu!!
[2026-08-19 18:22:01.061] [glim] [warning] points=1303.200000 imu=1304.210000 diff=1.010000
[2026-08-19 18:22:01.061] [glim] [warning] large time difference between points and imu!!
[2026-08-19 18:22:01.061] [glim] [warning] points=1303.200000 imu=1304.220000 diff=1.020000
[2026-08-19 18:22:01.780] [glim] [warning] large time difference between points and imu!!
[2026-08-19 18:22:01.780] [glim] [warning] points=1306.300000 imu=1307.310000 diff=1.010000
[2026-08-19 18:22:01.780] [glim] [warning] large time difference between points and imu!!
[2026-08-19 18:22:01.780] [glim] [warning] points=1306.300000 imu=1307.320000 diff=1.020000
[2026-08-19 18:22:02.434] [glim] [warning] large time difference between points and imu!!
[2026-08-19 18:22:02.434] [glim] [warning] points=1309.200000 imu=1310.210000 diff=1.010000
[2026-08-19 18:22:02.434] [glim] [warning] large time difference between points and imu!!
[2026-08-19 18:22:02.434] [glim] [warning] points=1309.200000 imu=1310.220000 diff=1.020000
[2026-08-19 18:22:02.434] [glim] [warning] large time difference between points and imu!!
[2026-08-19 18:22:02.434] [glim] [warning] points=1309.200000 imu=1310.230000 diff=1.030000
[2026-08-19 18:22:02.760] [glim] [info] playback speed: 3.908x
[2026-08-19 18:22:02.809] [glim] [warning] large time difference between points and imu!!
[2026-08-19 18:22:02.809] [glim] [warning] points=1311.100000 imu=1312.110000 diff=1.010000
[2026-08-19 18:22:02.809] [glim] [warning] large time difference between points and imu!!
[2026-08-19 18:22:02.809] [glim] [warning] points=1311.100000 imu=1312.120000 diff=1.020000
[2026-08-19 18:22:03.324] [glim] [warning] large time difference between points and imu!!
[2026-08-19 18:22:03.325] [glim] [warning] points=1314.300000 imu=1315.310000 diff=1.010000
[2026-08-19 18:22:03.325] [glim] [warning] large time difference between points and imu!!
[2026-08-19 18:22:03.325] [glim] [warning] points=1314.300000 imu=1315.320000 diff=1.020000
[2026-08-19 18:22:03.325] [glim] [warning] large time difference between points and imu!!
[2026-08-19 18:22:03.325] [glim] [warning] points=1314.300000 imu=1315.330000 diff=1.030000
[2026-08-19 18:22:04.031] [glim] [warning] large time difference between points and imu!!
[2026-08-19 18:22:04.031] [glim] [warning] points=1318.200000 imu=1319.210000 diff=1.010000
[2026-08-19 18:22:04.031] [glim] [warning] large time difference between points and imu!!
[2026-08-19 18:22:04.031] [glim] [warning] points=1318.200000 imu=1319.220000 diff=1.020000
[2026-08-19 18:22:04.412] [glim] [warning] large time difference between points and imu!!
[2026-08-19 18:22:04.412] [glim] [warning] points=1320.100000 imu=1321.110000 diff=1.010000
[2026-08-19 18:22:04.412] [glim] [warning] large time difference between points and imu!!
[2026-08-19 18:22:04.412] [glim] [warning] points=1320.100000 imu=1321.120000 diff=1.020000
[2026-08-19 18:22:04.615] [glim] [warning] large time difference between points and imu!!
[2026-08-19 18:22:04.615] [glim] [warning] points=1321.100000 imu=1322.110000 diff=1.010000
[2026-08-19 18:22:04.615] [glim] [warning] large time difference between points and imu!!
[2026-08-19 18:22:04.615] [glim] [warning] points=1321.100000 imu=1322.120000 diff=1.020000
[2026-08-19 18:22:04.615] [glim] [warning] large time difference between points and imu!!
[2026-08-19 18:22:04.615] [glim] [warning] points=1321.100000 imu=1322.130000 diff=1.030000
[2026-08-19 18:22:05.158] [glim] [warning] large time difference between points and imu!!
[2026-08-19 18:22:05.158] [glim] [warning] points=1323.300000 imu=1324.310000 diff=1.010000
[2026-08-19 18:22:05.158] [glim] [warning] large time difference between points and imu!!
[2026-08-19 18:22:05.158] [glim] [warning] points=1323.300000 imu=1324.320000 diff=1.020000
[2026-08-19 18:22:06.156] [glim] [warning] large time difference between points and imu!!
[2026-08-19 18:22:06.156] [glim] [warning] points=1327.500000 imu=1328.510000 diff=1.010000
[2026-08-19 18:22:06.156] [glim] [warning] large time difference between points and imu!!
[2026-08-19 18:22:06.156] [glim] [warning] points=1327.500000 imu=1328.520000 diff=1.020000
[2026-08-19 18:22:06.617] [glim] [warning] large time difference between points and imu!!
[2026-08-19 18:22:06.617] [glim] [warning] points=1329.200000 imu=1330.210000 diff=1.010000
[2026-08-19 18:22:06.618] [glim] [warning] large time difference between points and imu!!
[2026-08-19 18:22:06.618] [glim] [warning] points=1329.200000 imu=1330.220000 diff=1.020000
[2026-08-19 18:22:07.411] [glim] [warning] large time difference between points and imu!!
[2026-08-19 18:22:07.411] [glim] [warning] points=1332.100000 imu=1333.110000 diff=1.010000
[2026-08-19 18:22:07.411] [glim] [warning] large time difference between points and imu!!
[2026-08-19 18:22:07.411] [glim] [warning] points=1332.100000 imu=1333.120000 diff=1.020000
[2026-08-19 18:22:07.723] [glim] [warning] large time difference between points and imu!!
[2026-08-19 18:22:07.723] [glim] [warning] points=1333.200000 imu=1334.210000 diff=1.010000
[2026-08-19 18:22:07.723] [glim] [warning] large time difference between points and imu!!
[2026-08-19 18:22:07.723] [glim] [warning] points=1333.200000 imu=1334.220000 diff=1.020000
[2026-08-19 18:22:07.724] [glim] [warning] large time difference between points and imu!!
[2026-08-19 18:22:07.724] [glim] [warning] points=1333.200000 imu=1334.230000 diff=1.030000
[2026-08-19 18:22:07.767] [glim] [info] playback speed: 4.617x
[2026-08-19 18:22:09.170] [glim] [warning] large time difference between points and imu!!
[2026-08-19 18:22:09.170] [glim] [warning] points=1339.000000 imu=1340.010000 diff=1.010000
[2026-08-19 18:22:09.171] [glim] [warning] large time difference between points and imu!!
[2026-08-19 18:22:09.171] [glim] [warning] points=1339.000000 imu=1340.020000 diff=1.020000
[2026-08-19 18:22:09.171] [glim] [warning] large time difference between points and imu!!
[2026-08-19 18:22:09.171] [glim] [warning] points=1339.000000 imu=1340.030000 diff=1.030000
[2026-08-19 18:22:09.171] [glim] [warning] large time difference between points and imu!!
[2026-08-19 18:22:09.171] [glim] [warning] points=1339.000000 imu=1340.040000 diff=1.040000
[2026-08-19 18:22:09.710] [glim] [warning] large time difference between points and imu!!
[2026-08-19 18:22:09.710] [glim] [warning] points=1341.100000 imu=1342.110000 diff=1.010000
[2026-08-19 18:22:09.710] [glim] [warning] large time difference between points and imu!!
[2026-08-19 18:22:09.710] [glim] [warning] points=1341.100000 imu=1342.120000 diff=1.020000
[2026-08-19 18:22:09.710] [glim] [warning] large time difference between points and imu!!
[2026-08-19 18:22:09.710] [glim] [warning] points=1341.100000 imu=1342.130000 diff=1.030000
[2026-08-19 18:22:09.978] [glim] [warning] large time difference between points and imu!!
[2026-08-19 18:22:09.978] [glim] [warning] points=1342.100000 imu=1343.110000 diff=1.010000
[2026-08-19 18:22:09.978] [glim] [warning] large time difference between points and imu!!
[2026-08-19 18:22:09.978] [glim] [warning] points=1342.100000 imu=1343.120000 diff=1.020000
[2026-08-19 18:22:09.978] [glim] [warning] large time difference between points and imu!!
[2026-08-19 18:22:09.978] [glim] [warning] points=1342.100000 imu=1343.130000 diff=1.030000
[2026-08-19 18:22:09.978] [glim] [warning] large time difference between points and imu!!
[2026-08-19 18:22:09.978] [glim] [warning] points=1342.100000 imu=1343.140000 diff=1.040000
[2026-08-19 18:22:10.948] [glim] [warning] large time difference between points and imu!!
[2026-08-19 18:22:10.948] [glim] [warning] points=1345.700000 imu=1346.710000 diff=1.010000
[2026-08-19 18:22:10.949] [glim] [warning] large time difference between points and imu!!
[2026-08-19 18:22:10.949] [glim] [warning] points=1345.700000 imu=1346.720000 diff=1.020000
[2026-08-19 18:22:10.949] [glim] [warning] large time difference between points and imu!!
[2026-08-19 18:22:10.949] [glim] [warning] points=1345.700000 imu=1346.730000 diff=1.030000
[2026-08-19 18:22:11.332] [glim] [warning] large time difference between points and imu!!
[2026-08-19 18:22:11.332] [glim] [warning] points=1347.100000 imu=1348.110000 diff=1.010000
[2026-08-19 18:22:11.332] [glim] [warning] large time difference between points and imu!!
[2026-08-19 18:22:11.332] [glim] [warning] points=1347.100000 imu=1348.120000 diff=1.020000
[2026-08-19 18:22:11.333] [glim] [warning] large time difference between points and imu!!
[2026-08-19 18:22:11.333] [glim] [warning] points=1347.100000 imu=1348.130000 diff=1.030000
[2026-08-19 18:22:11.333] [glim] [warning] large time difference between points and imu!!
[2026-08-19 18:22:11.333] [glim] [warning] points=1347.100000 imu=1348.140000 diff=1.040000
[2026-08-19 18:22:11.333] [glim] [warning] large time difference between points and imu!!
[2026-08-19 18:22:11.333] [glim] [warning] points=1347.100000 imu=1348.150000 diff=1.050000
[2026-08-19 18:22:11.333] [glim] [warning] large time difference between points and imu!!
[2026-08-19 18:22:11.333] [glim] [warning] points=1347.100000 imu=1348.160000 diff=1.060000
[2026-08-19 18:22:11.334] [glim] [warning] large time difference between points and imu!!
[2026-08-19 18:22:11.334] [glim] [warning] points=1347.100000 imu=1348.170000 diff=1.070000
[2026-08-19 18:22:11.334] [glim] [warning] large time difference between points and imu!!
[2026-08-19 18:22:11.334] [glim] [warning] points=1347.100000 imu=1348.180000 diff=1.080000
[2026-08-19 18:22:11.334] [glim] [warning] large time difference between points and imu!!
[2026-08-19 18:22:11.334] [glim] [warning] points=1347.100000 imu=1348.190000 diff=1.090000
[2026-08-19 18:22:11.334] [glim] [warning] large time difference between points and imu!!
[2026-08-19 18:22:11.334] [glim] [warning] points=1347.100000 imu=1348.200000 diff=1.100000
[2026-08-19 18:22:11.334] [glim] [warning] large time difference between points and imu!!
[2026-08-19 18:22:11.334] [glim] [warning] points=1347.100000 imu=1348.210000 diff=1.110000
[2026-08-19 18:22:11.334] [glim] [warning] large time difference between points and imu!!
[2026-08-19 18:22:11.334] [glim] [warning] points=1347.100000 imu=1348.220000 diff=1.120000
[2026-08-19 18:22:11.659] [glim] [warning] large time difference between points and imu!!
[2026-08-19 18:22:11.659] [glim] [warning] points=1348.300000 imu=1349.310000 diff=1.010000
[2026-08-19 18:22:11.659] [glim] [warning] large time difference between points and imu!!
[2026-08-19 18:22:11.659] [glim] [warning] points=1348.300000 imu=1349.320000 diff=1.020000
[2026-08-19 18:22:11.659] [glim] [warning] large time difference between points and imu!!
[2026-08-19 18:22:11.659] [glim] [warning] points=1348.300000 imu=1349.330000 diff=1.030000
[2026-08-19 18:22:12.781] [glim] [info] playback speed: 3.767x
[2026-08-19 18:22:12.923] [glim] [warning] large time difference between points and imu!!
[2026-08-19 18:22:12.923] [glim] [warning] points=1353.000000 imu=1354.010000 diff=1.010000
[2026-08-19 18:22:12.924] [glim] [warning] large time difference between points and imu!!
[2026-08-19 18:22:12.924] [glim] [warning] points=1353.000000 imu=1354.020000 diff=1.020000
[2026-08-19 18:22:12.924] [glim] [warning] large time difference between points and imu!!
[2026-08-19 18:22:12.924] [glim] [warning] points=1353.000000 imu=1354.030000 diff=1.030000
[2026-08-19 18:22:15.125] [glim] [warning] large time difference between points and imu!!
[2026-08-19 18:22:15.125] [glim] [warning] points=1360.900000 imu=1361.910000 diff=1.010000
[2026-08-19 18:22:15.125] [glim] [warning] large time difference between points and imu!!
[2026-08-19 18:22:15.125] [glim] [warning] points=1360.900000 imu=1361.920000 diff=1.020000
[2026-08-19 18:22:15.126] [glim] [warning] large time difference between points and imu!!
[2026-08-19 18:22:15.126] [glim] [warning] points=1360.900000 imu=1361.930000 diff=1.030000
[2026-08-19 18:22:15.126] [glim] [warning] large time difference between points and imu!!
[2026-08-19 18:22:15.126] [glim] [warning] points=1360.900000 imu=1361.940000 diff=1.040000
[2026-08-19 18:22:15.833] [glim] [warning] large time difference between points and imu!!
[2026-08-19 18:22:15.833] [glim] [warning] points=1363.400000 imu=1364.410000 diff=1.010000
[2026-08-19 18:22:15.833] [glim] [warning] large time difference between points and imu!!
[2026-08-19 18:22:15.833] [glim] [warning] points=1363.400000 imu=1364.420000 diff=1.020000
[2026-08-19 18:22:15.833] [glim] [warning] large time difference between points and imu!!
[2026-08-19 18:22:15.833] [glim] [warning] points=1363.400000 imu=1364.430000 diff=1.030000
[2026-08-19 18:22:17.809] [glim] [info] playback speed: 3.488x
[2026-08-19 18:22:18.060] [glim] [warning] large time difference between points and imu!!
[2026-08-19 18:22:18.060] [glim] [warning] points=1371.200000 imu=1372.210000 diff=1.010000
[2026-08-19 18:22:18.060] [glim] [warning] large time difference between points and imu!!
[2026-08-19 18:22:18.060] [glim] [warning] points=1371.200000 imu=1372.220000 diff=1.020000
[2026-08-19 18:22:18.060] [glim] [warning] large time difference between points and imu!!
[2026-08-19 18:22:18.060] [glim] [warning] points=1371.200000 imu=1372.230000 diff=1.030000
[2026-08-19 18:22:20.342] [glim] [warning] large time difference between points and imu!!
[2026-08-19 18:22:20.342] [glim] [warning] points=1378.200000 imu=1379.210000 diff=1.010000
[2026-08-19 18:22:20.342] [glim] [warning] large time difference between points and imu!!
[2026-08-19 18:22:20.343] [glim] [warning] points=1378.200000 imu=1379.220000 diff=1.020000
[2026-08-19 18:22:20.344] [glim] [warning] large time difference between points and imu!!
[2026-08-19 18:22:20.344] [glim] [warning] points=1378.200000 imu=1379.230000 diff=1.030000
[2026-08-19 18:22:20.832] [glim] [warning] large time difference between points and imu!!
[2026-08-19 18:22:20.832] [glim] [warning] points=1380.000000 imu=1381.010000 diff=1.010000
[2026-08-19 18:22:20.832] [glim] [warning] large time difference between points and imu!!
[2026-08-19 18:22:20.832] [glim] [warning] points=1380.000000 imu=1381.020000 diff=1.020000
[2026-08-19 18:22:20.834] [glim] [warning] large time difference between points and imu!!
[2026-08-19 18:22:20.834] [glim] [warning] points=1380.000000 imu=1381.030000 diff=1.030000
[2026-08-19 18:22:21.600] [glim] [warning] large time difference between points and imu!!
[2026-08-19 18:22:21.600] [glim] [warning] points=1383.000000 imu=1384.010000 diff=1.010000
[2026-08-19 18:22:21.600] [glim] [warning] large time difference between points and imu!!
[2026-08-19 18:22:21.600] [glim] [warning] points=1383.000000 imu=1384.020000 diff=1.020000
[2026-08-19 18:22:21.874] [glim] [warning] large time difference between points and imu!!
[2026-08-19 18:22:21.874] [glim] [warning] points=1384.000000 imu=1385.010000 diff=1.010000
[2026-08-19 18:22:21.874] [glim] [warning] large time difference between points and imu!!
[2026-08-19 18:22:21.874] [glim] [warning] points=1384.000000 imu=1385.020000 diff=1.020000
[2026-08-19 18:22:22.136] [glim] [warning] large time difference between points and imu!!
[2026-08-19 18:22:22.136] [glim] [warning] points=1385.000000 imu=1386.010000 diff=1.010000
[2026-08-19 18:22:22.136] [glim] [warning] large time difference between points and imu!!
[2026-08-19 18:22:22.137] [glim] [warning] points=1385.000000 imu=1386.020000 diff=1.020000
[2026-08-19 18:22:22.137] [glim] [warning] large time difference between points and imu!!
[2026-08-19 18:22:22.137] [glim] [warning] points=1385.000000 imu=1386.030000 diff=1.030000
[2026-08-19 18:22:22.726] [glim] [warning] large time difference between points and imu!!
[2026-08-19 18:22:22.726] [glim] [warning] points=1387.200000 imu=1388.210000 diff=1.010000
[2026-08-19 18:22:22.726] [glim] [warning] large time difference between points and imu!!
[2026-08-19 18:22:22.726] [glim] [warning] points=1387.200000 imu=1388.220000 diff=1.020000
[2026-08-19 18:22:22.818] [glim] [info] playback speed: 3.525x
[2026-08-19 18:22:23.865] [glim] [warning] large time difference between points and imu!!
[2026-08-19 18:22:23.865] [glim] [warning] points=1392.100000 imu=1393.110000 diff=1.010000
[2026-08-19 18:22:23.865] [glim] [warning] large time difference between points and imu!!
[2026-08-19 18:22:23.865] [glim] [warning] points=1392.100000 imu=1393.120000 diff=1.020000
[2026-08-19 18:22:24.076] [glim] [warning] large time difference between points and imu!!
[2026-08-19 18:22:24.076] [glim] [warning] points=1393.100000 imu=1394.110000 diff=1.010000
[2026-08-19 18:22:24.076] [glim] [warning] large time difference between points and imu!!
[2026-08-19 18:22:24.076] [glim] [warning] points=1393.100000 imu=1394.120000 diff=1.020000
[2026-08-19 18:22:25.667] [glim] [warning] large time difference between points and imu!!
[2026-08-19 18:22:25.667] [glim] [warning] points=1399.200000 imu=1400.210000 diff=1.010000
[2026-08-19 18:22:25.668] [glim] [warning] large time difference between points and imu!!
[2026-08-19 18:22:25.668] [glim] [warning] points=1399.200000 imu=1400.220000 diff=1.020000
[2026-08-19 18:22:26.045] [glim] [warning] large time difference between points and imu!!
[2026-08-19 18:22:26.046] [glim] [warning] points=1401.200000 imu=1402.210000 diff=1.010000
[2026-08-19 18:22:26.046] [glim] [warning] large time difference between points and imu!!
[2026-08-19 18:22:26.046] [glim] [warning] points=1401.200000 imu=1402.220000 diff=1.020000
[2026-08-19 18:22:26.254] [glim] [warning] large time difference between points and imu!!
[2026-08-19 18:22:26.254] [glim] [warning] points=1402.500000 imu=1403.510000 diff=1.010000
[2026-08-19 18:22:26.254] [glim] [warning] large time difference between points and imu!!
[2026-08-19 18:22:26.254] [glim] [warning] points=1402.500000 imu=1403.520000 diff=1.020000
[2026-08-19 18:22:26.254] [glim] [warning] large time difference between points and imu!!
[2026-08-19 18:22:26.254] [glim] [warning] points=1402.500000 imu=1403.530000 diff=1.030000
[2026-08-19 18:22:27.156] [glim] [warning] large time difference between points and imu!!
[2026-08-19 18:22:27.156] [glim] [warning] points=1408.100000 imu=1409.110000 diff=1.010000
[2026-08-19 18:22:27.156] [glim] [warning] large time difference between points and imu!!
[2026-08-19 18:22:27.156] [glim] [warning] points=1408.100000 imu=1409.120000 diff=1.020000
[2026-08-19 18:22:27.600] [glim] [warning] large time gap between consecutive IMU data!!
[2026-08-19 18:22:27.600] [glim] [warning] current=1411.160000 last=1410.910000 diff=0.250000
[2026-08-19 18:22:27.827] [glim] [info] playback speed: 4.835x
[2026-08-19 18:22:28.115] [glim] [warning] large time difference between points and imu!!
[2026-08-19 18:22:28.115] [glim] [warning] points=1413.000000 imu=1414.010000 diff=1.010000
[2026-08-19 18:22:28.115] [glim] [warning] large time difference between points and imu!!
[2026-08-19 18:22:28.115] [glim] [warning] points=1413.000000 imu=1414.020000 diff=1.020000
[2026-08-19 18:22:28.116] [glim] [warning] large time difference between points and imu!!
[2026-08-19 18:22:28.116] [glim] [warning] points=1413.000000 imu=1414.030000 diff=1.030000
[2026-08-19 18:22:28.394] [glim] [warning] large time difference between points and imu!!
[2026-08-19 18:22:28.394] [glim] [warning] points=1414.100000 imu=1415.110000 diff=1.010000
[2026-08-19 18:22:28.395] [glim] [warning] large time difference between points and imu!!
[2026-08-19 18:22:28.395] [glim] [warning] points=1414.100000 imu=1415.120000 diff=1.020000
[2026-08-19 18:22:29.618] [glim] [warning] large time difference between points and imu!!
[2026-08-19 18:22:29.618] [glim] [warning] points=1419.100000 imu=1420.110000 diff=1.010000
[2026-08-19 18:22:29.618] [glim] [warning] large time difference between points and imu!!
[2026-08-19 18:22:29.618] [glim] [warning] points=1419.100000 imu=1420.120000 diff=1.020000
[2026-08-19 18:22:30.685] [glim] [warning] large time difference between points and imu!!
[2026-08-19 18:22:30.686] [glim] [warning] points=1423.200000 imu=1424.210000 diff=1.010000
[2026-08-19 18:22:30.686] [glim] [warning] large time difference between points and imu!!
[2026-08-19 18:22:30.686] [glim] [warning] points=1423.200000 imu=1424.220000 diff=1.020000
[2026-08-19 18:22:31.965] [glim] [warning] large time difference between points and imu!!
[2026-08-19 18:22:31.965] [glim] [warning] points=1428.100000 imu=1429.110000 diff=1.010000
[2026-08-19 18:22:31.965] [glim] [warning] large time difference between points and imu!!
[2026-08-19 18:22:31.965] [glim] [warning] points=1428.100000 imu=1429.120000 diff=1.020000
[2026-08-19 18:22:31.966] [glim] [warning] large time difference between points and imu!!
[2026-08-19 18:22:31.966] [glim] [warning] points=1428.100000 imu=1429.130000 diff=1.030000
[2026-08-19 18:22:32.827] [glim] [info] playback speed: 3.939x
[2026-08-19 18:22:32.830] [glim] [warning] large time difference between points and imu!!
[2026-08-19 18:22:32.830] [glim] [warning] points=1431.300000 imu=1432.310000 diff=1.010000
[2026-08-19 18:22:32.831] [glim] [warning] large time difference between points and imu!!
[2026-08-19 18:22:32.831] [glim] [warning] points=1431.300000 imu=1432.320000 diff=1.020000
[2026-08-19 18:22:32.831] [glim] [warning] large time difference between points and imu!!
[2026-08-19 18:22:32.831] [glim] [warning] points=1431.300000 imu=1432.330000 diff=1.030000
[2026-08-19 18:22:32.831] [glim] [warning] large time difference between points and imu!!
[2026-08-19 18:22:32.831] [glim] [warning] points=1431.300000 imu=1432.340000 diff=1.040000
[2026-08-19 18:22:33.630] [glim] [warning] large time difference between points and imu!!
[2026-08-19 18:22:33.630] [glim] [warning] points=1434.400000 imu=1435.410000 diff=1.010000
[2026-08-19 18:22:33.630] [glim] [warning] large time difference between points and imu!!
[2026-08-19 18:22:33.630] [glim] [warning] points=1434.400000 imu=1435.420000 diff=1.020000
[2026-08-19 18:22:33.630] [glim] [warning] large time difference between points and imu!!
[2026-08-19 18:22:33.630] [glim] [warning] points=1434.400000 imu=1435.430000 diff=1.030000
[2026-08-19 18:22:34.087] [glim] [warning] large time difference between points and imu!!
[2026-08-19 18:22:34.087] [glim] [warning] points=1436.000000 imu=1437.010000 diff=1.010000
[2026-08-19 18:22:34.088] [glim] [warning] large time difference between points and imu!!
[2026-08-19 18:22:34.088] [glim] [warning] points=1436.000000 imu=1437.020000 diff=1.020000
[2026-08-19 18:22:34.088] [glim] [warning] large time difference between points and imu!!
[2026-08-19 18:22:34.088] [glim] [warning] points=1436.000000 imu=1437.030000 diff=1.030000
[2026-08-19 18:22:35.679] [glim] [warning] large time difference between points and imu!!
[2026-08-19 18:22:35.679] [glim] [warning] points=1441.000000 imu=1442.010000 diff=1.010000
[2026-08-19 18:22:35.679] [glim] [warning] large time difference between points and imu!!
[2026-08-19 18:22:35.679] [glim] [warning] points=1441.000000 imu=1442.020000 diff=1.020000
[2026-08-19 18:22:35.679] [glim] [warning] large time difference between points and imu!!
[2026-08-19 18:22:35.679] [glim] [warning] points=1441.000000 imu=1442.030000 diff=1.030000
[2026-08-19 18:22:35.972] [glim] [warning] large time difference between points and imu!!
[2026-08-19 18:22:35.972] [glim] [warning] points=1442.000000 imu=1443.010000 diff=1.010000
[2026-08-19 18:22:35.973] [glim] [warning] large time difference between points and imu!!
[2026-08-19 18:22:35.973] [glim] [warning] points=1442.000000 imu=1443.020000 diff=1.020000
[2026-08-19 18:22:35.973] [glim] [warning] large time difference between points and imu!!
[2026-08-19 18:22:35.973] [glim] [warning] points=1442.000000 imu=1443.030000 diff=1.030000
[2026-08-19 18:22:35.973] [glim] [warning] large time difference between points and imu!!
[2026-08-19 18:22:35.973] [glim] [warning] points=1442.000000 imu=1443.040000 diff=1.040000
[2026-08-19 18:22:37.484] [glim] [warning] large time difference between points and imu!!
[2026-08-19 18:22:37.484] [glim] [warning] points=1447.500000 imu=1448.510000 diff=1.010000
[2026-08-19 18:22:37.484] [glim] [warning] large time difference between points and imu!!
[2026-08-19 18:22:37.485] [glim] [warning] points=1447.500000 imu=1448.520000 diff=1.020000
[2026-08-19 18:22:37.485] [glim] [warning] large time difference between points and imu!!
[2026-08-19 18:22:37.485] [glim] [warning] points=1447.500000 imu=1448.530000 diff=1.030000
[2026-08-19 18:22:37.486] [glim] [warning] large time difference between points and imu!!
[2026-08-19 18:22:37.486] [glim] [warning] points=1447.500000 imu=1448.540000 diff=1.040000
[2026-08-19 18:22:37.827] [glim] [info] playback speed: 3.344x
[2026-08-19 18:22:38.303] [glim] [warning] large time difference between points and imu!!
[2026-08-19 18:22:38.303] [glim] [warning] points=1450.500000 imu=1451.510000 diff=1.010000
[2026-08-19 18:22:38.303] [glim] [warning] large time difference between points and imu!!
[2026-08-19 18:22:38.303] [glim] [warning] points=1450.500000 imu=1451.520000 diff=1.020000
[2026-08-19 18:22:38.304] [glim] [warning] large time difference between points and imu!!
[2026-08-19 18:22:38.304] [glim] [warning] points=1450.500000 imu=1451.530000 diff=1.030000
[2026-08-19 18:22:38.782] [glim] [warning] large time difference between points and imu!!
[2026-08-19 18:22:38.782] [glim] [warning] points=1452.100000 imu=1453.110000 diff=1.010000
[2026-08-19 18:22:38.782] [glim] [warning] large time difference between points and imu!!
[2026-08-19 18:22:38.782] [glim] [warning] points=1452.100000 imu=1453.120000 diff=1.020000
[2026-08-19 18:22:38.783] [glim] [warning] large time difference between points and imu!!
[2026-08-19 18:22:38.783] [glim] [warning] points=1452.100000 imu=1453.130000 diff=1.030000
[2026-08-19 18:22:39.115] [glim] [warning] large time difference between points and imu!!
[2026-08-19 18:22:39.115] [glim] [warning] points=1453.200000 imu=1454.210000 diff=1.010000
[2026-08-19 18:22:39.115] [glim] [warning] large time difference between points and imu!!
[2026-08-19 18:22:39.115] [glim] [warning] points=1453.200000 imu=1454.220000 diff=1.020000
[2026-08-19 18:22:39.115] [glim] [warning] large time difference between points and imu!!
[2026-08-19 18:22:39.115] [glim] [warning] points=1453.200000 imu=1454.230000 diff=1.030000
[2026-08-19 18:22:39.116] [glim] [warning] large time difference between points and imu!!
[2026-08-19 18:22:39.116] [glim] [warning] points=1453.200000 imu=1454.240000 diff=1.040000
[2026-08-19 18:22:40.026] [glim] [warning] large time difference between points and imu!!
[2026-08-19 18:22:40.026] [glim] [warning] points=1456.100000 imu=1457.110000 diff=1.010000
[2026-08-19 18:22:40.026] [glim] [warning] large time difference between points and imu!!
[2026-08-19 18:22:40.026] [glim] [warning] points=1456.100000 imu=1457.120000 diff=1.020000
[2026-08-19 18:22:40.026] [glim] [warning] large time difference between points and imu!!
[2026-08-19 18:22:40.026] [glim] [warning] points=1456.100000 imu=1457.130000 diff=1.030000
[2026-08-19 18:22:40.027] [glim] [warning] large time difference between points and imu!!
[2026-08-19 18:22:40.027] [glim] [warning] points=1456.100000 imu=1457.140000 diff=1.040000
[2026-08-19 18:22:41.990] [glim] [warning] large time difference between points and imu!!
[2026-08-19 18:22:41.991] [glim] [warning] points=1463.100000 imu=1464.110000 diff=1.010000
[2026-08-19 18:22:41.991] [glim] [warning] large time difference between points and imu!!
[2026-08-19 18:22:41.991] [glim] [warning] points=1463.100000 imu=1464.120000 diff=1.020000
[2026-08-19 18:22:42.833] [glim] [info] playback speed: 3.657x
[2026-08-19 18:22:42.930] [glim] [warning] large time difference between points and imu!!
[2026-08-19 18:22:42.930] [glim] [warning] points=1467.100000 imu=1468.110000 diff=1.010000
[2026-08-19 18:22:42.930] [glim] [warning] large time difference between points and imu!!
[2026-08-19 18:22:42.930] [glim] [warning] points=1467.100000 imu=1468.120000 diff=1.020000
[2026-08-19 18:22:42.931] [glim] [warning] large time difference between points and imu!!
[2026-08-19 18:22:42.931] [glim] [warning] points=1467.100000 imu=1468.130000 diff=1.030000
[2026-08-19 18:22:44.509] [glim] [warning] large time difference between points and imu!!
[2026-08-19 18:22:44.509] [glim] [warning] points=1473.100000 imu=1474.110000 diff=1.010000
[2026-08-19 18:22:44.510] [glim] [warning] large time difference between points and imu!!
[2026-08-19 18:22:44.510] [glim] [warning] points=1473.100000 imu=1474.120000 diff=1.020000
[2026-08-19 18:22:44.510] [glim] [warning] large time difference between points and imu!!
[2026-08-19 18:22:44.510] [glim] [warning] points=1473.100000 imu=1474.130000 diff=1.030000
[2026-08-19 18:22:45.691] [glim] [warning] large time difference between points and imu!!
[2026-08-19 18:22:45.691] [glim] [warning] points=1477.100000 imu=1478.110000 diff=1.010000
[2026-08-19 18:22:45.691] [glim] [warning] large time difference between points and imu!!
[2026-08-19 18:22:45.691] [glim] [warning] points=1477.100000 imu=1478.120000 diff=1.020000
[2026-08-19 18:22:45.692] [glim] [warning] large time difference between points and imu!!
[2026-08-19 18:22:45.692] [glim] [warning] points=1477.100000 imu=1478.130000 diff=1.030000
[2026-08-19 18:22:45.692] [glim] [warning] large time difference between points and imu!!
[2026-08-19 18:22:45.692] [glim] [warning] points=1477.100000 imu=1478.140000 diff=1.040000
[2026-08-19 18:22:46.220] [glim] [warning] large time difference between points and imu!!
[2026-08-19 18:22:46.221] [glim] [warning] points=1479.000000 imu=1480.010000 diff=1.010000
[2026-08-19 18:22:46.221] [glim] [warning] large time difference between points and imu!!
[2026-08-19 18:22:46.222] [glim] [warning] points=1479.000000 imu=1480.020000 diff=1.020000
[2026-08-19 18:22:47.039] [glim] [warning] large time difference between points and imu!!
[2026-08-19 18:22:47.039] [glim] [warning] points=1482.100000 imu=1483.110000 diff=1.010000
[2026-08-19 18:22:47.039] [glim] [warning] large time difference between points and imu!!
[2026-08-19 18:22:47.039] [glim] [warning] points=1482.100000 imu=1483.120000 diff=1.020000
[2026-08-19 18:22:47.039] [glim] [warning] large time difference between points and imu!!
[2026-08-19 18:22:47.039] [glim] [warning] points=1482.100000 imu=1483.130000 diff=1.030000
[2026-08-19 18:22:47.039] [glim] [warning] large time difference between points and imu!!
[2026-08-19 18:22:47.039] [glim] [warning] points=1482.100000 imu=1483.140000 diff=1.040000
[2026-08-19 18:22:47.039] [glim] [warning] large time difference between points and imu!!
[2026-08-19 18:22:47.039] [glim] [warning] points=1482.100000 imu=1483.150000 diff=1.050000
[2026-08-19 18:22:47.039] [glim] [warning] large time difference between points and imu!!
[2026-08-19 18:22:47.039] [glim] [warning] points=1482.100000 imu=1483.160000 diff=1.060000
[2026-08-19 18:22:47.039] [glim] [warning] large time difference between points and imu!!
[2026-08-19 18:22:47.039] [glim] [warning] points=1482.100000 imu=1483.170000 diff=1.070000
[2026-08-19 18:22:47.040] [glim] [warning] large time difference between points and imu!!
[2026-08-19 18:22:47.040] [glim] [warning] points=1482.100000 imu=1483.180000 diff=1.080000
[2026-08-19 18:22:47.040] [glim] [warning] large time difference between points and imu!!
[2026-08-19 18:22:47.040] [glim] [warning] points=1482.100000 imu=1483.190000 diff=1.090000
[2026-08-19 18:22:47.040] [glim] [warning] large time difference between points and imu!!
[2026-08-19 18:22:47.040] [glim] [warning] points=1482.100000 imu=1483.200000 diff=1.100000
[2026-08-19 18:22:47.040] [glim] [warning] large time difference between points and imu!!
[2026-08-19 18:22:47.040] [glim] [warning] points=1482.100000 imu=1483.210000 diff=1.110000
[2026-08-19 18:22:47.309] [glim] [warning] large time difference between points and imu!!
[2026-08-19 18:22:47.309] [glim] [warning] points=1483.200000 imu=1484.210000 diff=1.010000
[2026-08-19 18:22:47.309] [glim] [warning] large time difference between points and imu!!
[2026-08-19 18:22:47.309] [glim] [warning] points=1483.200000 imu=1484.220000 diff=1.020000
[2026-08-19 18:22:47.742] [glim] [warning] large time difference between points and imu!!
[2026-08-19 18:22:47.742] [glim] [warning] points=1485.000000 imu=1486.010000 diff=1.010000
[2026-08-19 18:22:47.742] [glim] [warning] large time difference between points and imu!!
[2026-08-19 18:22:47.742] [glim] [warning] points=1485.000000 imu=1486.020000 diff=1.020000
[2026-08-19 18:22:47.861] [glim] [info] playback speed: 3.766x
[2026-08-19 18:22:48.129] [glim] [warning] large time difference between points and imu!!
[2026-08-19 18:22:48.129] [glim] [warning] points=1486.500000 imu=1487.510000 diff=1.010000
[2026-08-19 18:22:48.129] [glim] [warning] large time difference between points and imu!!
[2026-08-19 18:22:48.129] [glim] [warning] points=1486.500000 imu=1487.520000 diff=1.020000
[2026-08-19 18:22:49.266] [glim] [warning] large time difference between points and imu!!
[2026-08-19 18:22:49.266] [glim] [warning] points=1492.100000 imu=1493.110000 diff=1.010000
[2026-08-19 18:22:49.266] [glim] [warning] large time difference between points and imu!!
[2026-08-19 18:22:49.266] [glim] [warning] points=1492.100000 imu=1493.120000 diff=1.020000
[2026-08-19 18:22:49.558] [glim] [warning] large time difference between points and imu!!
[2026-08-19 18:22:49.558] [glim] [warning] points=1494.000000 imu=1495.010000 diff=1.010000
[2026-08-19 18:22:49.558] [glim] [warning] large time difference between points and imu!!
[2026-08-19 18:22:49.558] [glim] [warning] points=1494.000000 imu=1495.020000 diff=1.020000
[2026-08-19 18:22:50.600] [glim] [warning] large time difference between points and imu!!
[2026-08-19 18:22:50.600] [glim] [warning] points=1500.000000 imu=1501.010000 diff=1.010000
[2026-08-19 18:22:50.600] [glim] [warning] large time difference between points and imu!!
[2026-08-19 18:22:50.600] [glim] [warning] points=1500.000000 imu=1501.020000 diff=1.020000
[2026-08-19 18:22:50.829] [glim] [warning] large time difference between points and imu!!
[2026-08-19 18:22:50.829] [glim] [warning] points=1501.000000 imu=1502.010000 diff=1.010000
[2026-08-19 18:22:50.829] [glim] [warning] large time difference between points and imu!!
[2026-08-19 18:22:50.829] [glim] [warning] points=1501.000000 imu=1502.020000 diff=1.020000
[2026-08-19 18:22:51.065] [glim] [warning] large time difference between points and imu!!
[2026-08-19 18:22:51.065] [glim] [warning] points=1502.000000 imu=1503.010000 diff=1.010000
[2026-08-19 18:22:51.066] [glim] [warning] large time difference between points and imu!!
[2026-08-19 18:22:51.066] [glim] [warning] points=1502.000000 imu=1503.020000 diff=1.020000
[2026-08-19 18:22:51.066] [glim] [warning] large time difference between points and imu!!
[2026-08-19 18:22:51.066] [glim] [warning] points=1502.000000 imu=1503.030000 diff=1.030000
[2026-08-19 18:22:51.748] [glim] [warning] large time difference between points and imu!!
[2026-08-19 18:22:51.748] [glim] [warning] points=1504.800000 imu=1505.810000 diff=1.010000
[2026-08-19 18:22:51.748] [glim] [warning] large time difference between points and imu!!
[2026-08-19 18:22:51.748] [glim] [warning] points=1504.800000 imu=1505.820000 diff=1.020000
[2026-08-19 18:22:52.057] [glim] [warning] large time difference between points and imu!!
[2026-08-19 18:22:52.057] [glim] [warning] points=1506.100000 imu=1507.110000 diff=1.010000
[2026-08-19 18:22:52.057] [glim] [warning] large time difference between points and imu!!
[2026-08-19 18:22:52.057] [glim] [warning] points=1506.100000 imu=1507.120000 diff=1.020000
[2026-08-19 18:22:52.884] [glim] [info] playback speed: 4.602x
[2026-08-19 18:22:53.314] [glim] [warning] large time difference between points and imu!!
[2026-08-19 18:22:53.314] [glim] [warning] points=1510.300000 imu=1511.310000 diff=1.010000
[2026-08-19 18:22:53.315] [glim] [warning] large time difference between points and imu!!
[2026-08-19 18:22:53.315] [glim] [warning] points=1510.300000 imu=1511.320000 diff=1.020000
[2026-08-19 18:22:53.315] [glim] [warning] large time difference between points and imu!!
[2026-08-19 18:22:53.315] [glim] [warning] points=1510.300000 imu=1511.330000 diff=1.030000
[2026-08-19 18:22:54.110] [glim] [warning] large time difference between points and imu!!
[2026-08-19 18:22:54.110] [glim] [warning] points=1513.100000 imu=1514.110000 diff=1.010000
[2026-08-19 18:22:54.111] [glim] [warning] large time difference between points and imu!!
[2026-08-19 18:22:54.111] [glim] [warning] points=1513.100000 imu=1514.120000 diff=1.020000
[2026-08-19 18:22:54.111] [glim] [warning] large time difference between points and imu!!
[2026-08-19 18:22:54.111] [glim] [warning] points=1513.100000 imu=1514.130000 diff=1.030000
[2026-08-19 18:22:54.111] [glim] [warning] large time difference between points and imu!!
[2026-08-19 18:22:54.111] [glim] [warning] points=1513.100000 imu=1514.140000 diff=1.040000
[2026-08-19 18:22:55.259] [glim] [warning] large time difference between points and imu!!
[2026-08-19 18:22:55.259] [glim] [warning] points=1517.100000 imu=1518.110000 diff=1.010000
[2026-08-19 18:22:55.549] [glim] [warning] large time difference between points and imu!!
[2026-08-19 18:22:55.549] [glim] [warning] points=1518.100000 imu=1519.110000 diff=1.010000
[2026-08-19 18:22:55.549] [glim] [warning] large time difference between points and imu!!
[2026-08-19 18:22:55.549] [glim] [warning] points=1518.100000 imu=1519.120000 diff=1.020000
[2026-08-19 18:22:55.549] [glim] [warning] large time difference between points and imu!!
[2026-08-19 18:22:55.549] [glim] [warning] points=1518.100000 imu=1519.130000 diff=1.030000
[2026-08-19 18:22:56.573] [glim] [warning] large time difference between points and imu!!
[2026-08-19 18:22:56.573] [glim] [warning] points=1522.000000 imu=1523.010000 diff=1.010000
[2026-08-19 18:22:56.574] [glim] [warning] large time difference between points and imu!!
[2026-08-19 18:22:56.574] [glim] [warning] points=1522.000000 imu=1523.020000 diff=1.020000
[2026-08-19 18:22:56.574] [glim] [warning] large time difference between points and imu!!
[2026-08-19 18:22:56.574] [glim] [warning] points=1522.000000 imu=1523.030000 diff=1.030000
[2026-08-19 18:22:56.574] [glim] [warning] large time difference between points and imu!!
[2026-08-19 18:22:56.574] [glim] [warning] points=1522.000000 imu=1523.040000 diff=1.040000
[2026-08-19 18:22:57.735] [glim] [warning] large time difference between points and imu!!
[2026-08-19 18:22:57.735] [glim] [warning] points=1526.000000 imu=1527.010000 diff=1.010000
[2026-08-19 18:22:57.735] [glim] [warning] large time difference between points and imu!!
[2026-08-19 18:22:57.735] [glim] [warning] points=1526.000000 imu=1527.020000 diff=1.020000
[2026-08-19 18:22:57.735] [glim] [warning] large time difference between points and imu!!
[2026-08-19 18:22:57.735] [glim] [warning] points=1526.000000 imu=1527.030000 diff=1.030000
[2026-08-19 18:22:57.895] [glim] [info] playback speed: 3.578x
[2026-08-19 18:22:59.020] [glim] [warning] large time difference between points and imu!!
[2026-08-19 18:22:59.020] [glim] [warning] points=1530.100000 imu=1531.110000 diff=1.010000
[2026-08-19 18:22:59.020] [glim] [warning] large time difference between points and imu!!
[2026-08-19 18:22:59.020] [glim] [warning] points=1530.100000 imu=1531.120000 diff=1.020000
[2026-08-19 18:22:59.020] [glim] [warning] large time difference between points and imu!!
[2026-08-19 18:22:59.020] [glim] [warning] points=1530.100000 imu=1531.130000 diff=1.030000
[2026-08-19 18:23:00.280] [glim] [warning] large time difference between points and imu!!
[2026-08-19 18:23:00.280] [glim] [warning] points=1534.300000 imu=1535.310000 diff=1.010000
[2026-08-19 18:23:00.281] [glim] [warning] large time difference between points and imu!!
[2026-08-19 18:23:00.281] [glim] [warning] points=1534.300000 imu=1535.320000 diff=1.020000
[2026-08-19 18:23:00.281] [glim] [warning] large time difference between points and imu!!
[2026-08-19 18:23:00.281] [glim] [warning] points=1534.300000 imu=1535.330000 diff=1.030000
[2026-08-19 18:23:01.658] [glim] [warning] large time difference between points and imu!!
[2026-08-19 18:23:01.658] [glim] [warning] points=1539.200000 imu=1540.210000 diff=1.010000
[2026-08-19 18:23:01.658] [glim] [warning] large time difference between points and imu!!
[2026-08-19 18:23:01.658] [glim] [warning] points=1539.200000 imu=1540.220000 diff=1.020000
[2026-08-19 18:23:01.658] [glim] [warning] large time difference between points and imu!!
[2026-08-19 18:23:01.658] [glim] [warning] points=1539.200000 imu=1540.230000 diff=1.030000
[2026-08-19 18:23:01.659] [glim] [warning] large time difference between points and imu!!
[2026-08-19 18:23:01.659] [glim] [warning] points=1539.200000 imu=1540.240000 diff=1.040000
[2026-08-19 18:23:02.899] [glim] [info] playback speed: 3.423x
[2026-08-19 18:23:03.302] [glim] [warning] large time difference between points and imu!!
[2026-08-19 18:23:03.302] [glim] [warning] points=1545.000000 imu=1546.010000 diff=1.010000
[2026-08-19 18:23:03.302] [glim] [warning] large time difference between points and imu!!
[2026-08-19 18:23:03.302] [glim] [warning] points=1545.000000 imu=1546.020000 diff=1.020000
[2026-08-19 18:23:03.302] [glim] [warning] large time difference between points and imu!!
[2026-08-19 18:23:03.302] [glim] [warning] points=1545.000000 imu=1546.030000 diff=1.030000
[2026-08-19 18:23:03.303] [glim] [warning] large time difference between points and imu!!
[2026-08-19 18:23:03.303] [glim] [warning] points=1545.000000 imu=1546.040000 diff=1.040000
[2026-08-19 18:23:03.868] [glim] [warning] large time difference between points and imu!!
[2026-08-19 18:23:03.868] [glim] [warning] points=1547.000000 imu=1548.010000 diff=1.010000
[2026-08-19 18:23:03.868] [glim] [warning] large time difference between points and imu!!
[2026-08-19 18:23:03.868] [glim] [warning] points=1547.000000 imu=1548.020000 diff=1.020000
[2026-08-19 18:23:03.868] [glim] [warning] large time difference between points and imu!!
[2026-08-19 18:23:03.868] [glim] [warning] points=1547.000000 imu=1548.030000 diff=1.030000
[2026-08-19 18:23:03.868] [glim] [warning] large time difference between points and imu!!
[2026-08-19 18:23:03.868] [glim] [warning] points=1547.000000 imu=1548.040000 diff=1.040000
[2026-08-19 18:23:04.217] [glim] [warning] large time gap between consecutive IMU data!!
[2026-08-19 18:23:04.217] [glim] [warning] current=1549.030000 last=1548.860000 diff=0.170000
[2026-08-19 18:23:05.126] [glim] [warning] large time difference between points and imu!!
[2026-08-19 18:23:05.127] [glim] [warning] points=1551.100000 imu=1552.110000 diff=1.010000
[2026-08-19 18:23:05.127] [glim] [warning] large time difference between points and imu!!
[2026-08-19 18:23:05.127] [glim] [warning] points=1551.100000 imu=1552.120000 diff=1.020000
[2026-08-19 18:23:07.003] [mem] [warning] CPU memory usage: 4717.79 / 5894.34 MB 80.04%
[2026-08-19 18:23:07.232] [glim] [warning] large time difference between points and imu!!
[2026-08-19 18:23:07.232] [glim] [warning] points=1558.100000 imu=1559.110000 diff=1.010000
[2026-08-19 18:23:07.232] [glim] [warning] large time difference between points and imu!!
[2026-08-19 18:23:07.232] [glim] [warning] points=1558.100000 imu=1559.120000 diff=1.020000
[2026-08-19 18:23:07.755] [glim] [warning] large time difference between points and imu!!
[2026-08-19 18:23:07.755] [glim] [warning] points=1560.100000 imu=1561.110000 diff=1.010000
[2026-08-19 18:23:07.755] [glim] [warning] large time difference between points and imu!!
[2026-08-19 18:23:07.755] [glim] [warning] points=1560.100000 imu=1561.120000 diff=1.020000
[2026-08-19 18:23:07.755] [glim] [warning] large time difference between points and imu!!
[2026-08-19 18:23:07.755] [glim] [warning] points=1560.100000 imu=1561.130000 diff=1.030000
[2026-08-19 18:23:07.755] [glim] [warning] large time difference between points and imu!!
[2026-08-19 18:23:07.755] [glim] [warning] points=1560.100000 imu=1561.140000 diff=1.040000
[2026-08-19 18:23:07.756] [glim] [warning] large time difference between points and imu!!
[2026-08-19 18:23:07.756] [glim] [warning] points=1560.100000 imu=1561.150000 diff=1.050000
[2026-08-19 18:23:07.924] [glim] [info] playback speed: 3.390x
[2026-08-19 18:23:09.776] [glim] [warning] large time difference between points and imu!!
[2026-08-19 18:23:09.776] [glim] [warning] points=1567.000000 imu=1568.010000 diff=1.010000
[2026-08-19 18:23:09.776] [glim] [warning] large time difference between points and imu!!
[2026-08-19 18:23:09.776] [glim] [warning] points=1567.000000 imu=1568.020000 diff=1.020000
[2026-08-19 18:23:10.278] [glim] [warning] large time difference between points and imu!!
[2026-08-19 18:23:10.278] [glim] [warning] points=1569.100000 imu=1570.110000 diff=1.010000
[2026-08-19 18:23:10.278] [glim] [warning] large time difference between points and imu!!
[2026-08-19 18:23:10.278] [glim] [warning] points=1569.100000 imu=1570.120000 diff=1.020000
[2026-08-19 18:23:10.278] [glim] [warning] large time difference between points and imu!!
[2026-08-19 18:23:10.278] [glim] [warning] points=1569.100000 imu=1570.130000 diff=1.030000
[2026-08-19 18:23:10.531] [glim] [warning] large time difference between points and imu!!
[2026-08-19 18:23:10.531] [glim] [warning] points=1570.300000 imu=1571.310000 diff=1.010000
[2026-08-19 18:23:10.531] [glim] [warning] large time difference between points and imu!!
[2026-08-19 18:23:10.531] [glim] [warning] points=1570.300000 imu=1571.320000 diff=1.020000
[2026-08-19 18:23:10.939] [glim] [warning] large time difference between points and imu!!
[2026-08-19 18:23:10.939] [glim] [warning] points=1572.100000 imu=1573.110000 diff=1.010000
[2026-08-19 18:23:10.940] [glim] [warning] large time difference between points and imu!!
[2026-08-19 18:23:10.940] [glim] [warning] points=1572.100000 imu=1573.120000 diff=1.020000
[2026-08-19 18:23:10.940] [glim] [warning] large time difference between points and imu!!
[2026-08-19 18:23:10.940] [glim] [warning] points=1572.100000 imu=1573.130000 diff=1.030000
[2026-08-19 18:23:11.253] [glim] [warning] large time difference between points and imu!!
[2026-08-19 18:23:11.253] [glim] [warning] points=1573.400000 imu=1574.410000 diff=1.010000
[2026-08-19 18:23:11.254] [glim] [warning] large time difference between points and imu!!
[2026-08-19 18:23:11.254] [glim] [warning] points=1573.400000 imu=1574.420000 diff=1.020000
[2026-08-19 18:23:11.254] [glim] [warning] large time difference between points and imu!!
[2026-08-19 18:23:11.254] [glim] [warning] points=1573.400000 imu=1574.430000 diff=1.030000
[2026-08-19 18:23:11.740] [glim] [warning] large time difference between points and imu!!
[2026-08-19 18:23:11.740] [glim] [warning] points=1575.200000 imu=1576.210000 diff=1.010000
[2026-08-19 18:23:11.740] [glim] [warning] large time difference between points and imu!!
[2026-08-19 18:23:11.740] [glim] [warning] points=1575.200000 imu=1576.220000 diff=1.020000
[2026-08-19 18:23:11.740] [glim] [warning] large time difference between points and imu!!
[2026-08-19 18:23:11.740] [glim] [warning] points=1575.200000 imu=1576.230000 diff=1.030000
[2026-08-19 18:23:12.004] [mem] [warning] CPU memory usage: 4761.97 / 5894.34 MB 80.79%
[2026-08-19 18:23:12.475] [glim] [warning] large time difference between points and imu!!
[2026-08-19 18:23:12.476] [glim] [warning] points=1578.200000 imu=1579.210000 diff=1.010000
[2026-08-19 18:23:12.476] [glim] [warning] large time difference between points and imu!!
[2026-08-19 18:23:12.476] [glim] [warning] points=1578.200000 imu=1579.220000 diff=1.020000
[2026-08-19 18:23:12.476] [glim] [warning] large time difference between points and imu!!
[2026-08-19 18:23:12.476] [glim] [warning] points=1578.200000 imu=1579.230000 diff=1.030000
[2026-08-19 18:23:12.940] [glim] [info] playback speed: 3.828x
[2026-08-19 18:23:13.361] [glim] [warning] large time difference between points and imu!!
[2026-08-19 18:23:13.361] [glim] [warning] points=1581.900000 imu=1582.910000 diff=1.010000
[2026-08-19 18:23:13.361] [glim] [warning] large time difference between points and imu!!
[2026-08-19 18:23:13.361] [glim] [warning] points=1581.900000 imu=1582.920000 diff=1.020000
[2026-08-19 18:23:13.739] [glim] [warning] large time difference between points and imu!!
[2026-08-19 18:23:13.739] [glim] [warning] points=1584.100000 imu=1585.110000 diff=1.010000
[2026-08-19 18:23:13.739] [glim] [warning] large time difference between points and imu!!
[2026-08-19 18:23:13.739] [glim] [warning] points=1584.100000 imu=1585.120000 diff=1.020000
[2026-08-19 18:23:14.216] [glim] [warning] large time difference between points and imu!!
[2026-08-19 18:23:14.216] [glim] [warning] points=1587.100000 imu=1588.110000 diff=1.010000
[2026-08-19 18:23:14.217] [glim] [warning] large time difference between points and imu!!
[2026-08-19 18:23:14.217] [glim] [warning] points=1587.100000 imu=1588.120000 diff=1.020000
[2026-08-19 18:23:14.217] [glim] [warning] large time difference between points and imu!!
[2026-08-19 18:23:14.217] [glim] [warning] points=1587.100000 imu=1588.130000 diff=1.030000
[2026-08-19 18:23:14.678] [glim] [warning] large time difference between points and imu!!
[2026-08-19 18:23:14.679] [glim] [warning] points=1590.100000 imu=1591.110000 diff=1.010000
[2026-08-19 18:23:14.679] [glim] [warning] large time difference between points and imu!!
[2026-08-19 18:23:14.679] [glim] [warning] points=1590.100000 imu=1591.120000 diff=1.020000
[2026-08-19 18:23:14.841] [glim] [warning] large time difference between points and imu!!
[2026-08-19 18:23:14.841] [glim] [warning] points=1591.100000 imu=1592.110000 diff=1.010000
[2026-08-19 18:23:14.841] [glim] [warning] large time difference between points and imu!!
[2026-08-19 18:23:14.841] [glim] [warning] points=1591.100000 imu=1592.120000 diff=1.020000
[2026-08-19 18:23:15.016] [glim] [warning] large time difference between points and imu!!
[2026-08-19 18:23:15.016] [glim] [warning] points=1592.100000 imu=1593.110000 diff=1.010000
[2026-08-19 18:23:15.016] [glim] [warning] large time difference between points and imu!!
[2026-08-19 18:23:15.016] [glim] [warning] points=1592.100000 imu=1593.120000 diff=1.020000
[2026-08-19 18:23:15.422] [glim] [warning] large time difference between points and imu!!
[2026-08-19 18:23:15.422] [glim] [warning] points=1594.300000 imu=1595.310000 diff=1.010000
[2026-08-19 18:23:15.422] [glim] [warning] large time difference between points and imu!!
[2026-08-19 18:23:15.422] [glim] [warning] points=1594.300000 imu=1595.320000 diff=1.020000
[2026-08-19 18:23:15.785] [glim] [warning] large time difference between points and imu!!
[2026-08-19 18:23:15.785] [glim] [warning] points=1596.100000 imu=1597.110000 diff=1.010000
[2026-08-19 18:23:15.785] [glim] [warning] large time difference between points and imu!!
[2026-08-19 18:23:15.785] [glim] [warning] points=1596.100000 imu=1597.120000 diff=1.020000
[2026-08-19 18:23:16.695] [glim] [warning] large time difference between points and imu!!
[2026-08-19 18:23:16.695] [glim] [warning] points=1600.100000 imu=1601.110000 diff=1.010000
[2026-08-19 18:23:16.695] [glim] [warning] large time difference between points and imu!!
[2026-08-19 18:23:16.695] [glim] [warning] points=1600.100000 imu=1601.120000 diff=1.020000
[2026-08-19 18:23:16.695] [glim] [warning] large time difference between points and imu!!
[2026-08-19 18:23:16.695] [glim] [warning] points=1600.100000 imu=1601.130000 diff=1.030000
[2026-08-19 18:23:17.006] [mem] [warning] CPU memory usage: 4812.68 / 5894.34 MB 81.65%
[2026-08-19 18:23:17.110] [glim] [warning] large time difference between points and imu!!
[2026-08-19 18:23:17.110] [glim] [warning] points=1602.000000 imu=1603.010000 diff=1.010000
[2026-08-19 18:23:17.110] [glim] [warning] large time difference between points and imu!!
[2026-08-19 18:23:17.110] [glim] [warning] points=1602.000000 imu=1603.020000 diff=1.020000
[2026-08-19 18:23:17.958] [glim] [info] playback speed: 5.143x
[2026-08-19 18:23:18.154] [glim] [warning] large time difference between points and imu!!
[2026-08-19 18:23:18.154] [glim] [warning] points=1606.100000 imu=1607.110000 diff=1.010000
[2026-08-19 18:23:18.154] [glim] [warning] large time difference between points and imu!!
[2026-08-19 18:23:18.154] [glim] [warning] points=1606.100000 imu=1607.120000 diff=1.020000
[2026-08-19 18:23:18.741] [glim] [warning] large time difference between points and imu!!
[2026-08-19 18:23:18.741] [glim] [warning] points=1608.200000 imu=1609.210000 diff=1.010000
[2026-08-19 18:23:18.742] [glim] [warning] large time difference between points and imu!!
[2026-08-19 18:23:18.742] [glim] [warning] points=1608.200000 imu=1609.220000 diff=1.020000
[2026-08-19 18:23:19.070] [glim] [warning] large time difference between points and imu!!
[2026-08-19 18:23:19.070] [glim] [warning] points=1609.300000 imu=1610.310000 diff=1.010000
[2026-08-19 18:23:19.071] [glim] [warning] large time difference between points and imu!!
[2026-08-19 18:23:19.071] [glim] [warning] points=1609.300000 imu=1610.320000 diff=1.020000
[2026-08-19 18:23:20.414] [glim] [warning] large time difference between points and imu!!
[2026-08-19 18:23:20.414] [glim] [warning] points=1615.000000 imu=1616.010000 diff=1.010000
[2026-08-19 18:23:20.414] [glim] [warning] large time difference between points and imu!!
[2026-08-19 18:23:20.414] [glim] [warning] points=1615.000000 imu=1616.020000 diff=1.020000
[2026-08-19 18:23:20.415] [glim] [warning] large time difference between points and imu!!
[2026-08-19 18:23:20.415] [glim] [warning] points=1615.000000 imu=1616.030000 diff=1.030000
[2026-08-19 18:23:20.660] [glim] [warning] large time difference between points and imu!!
[2026-08-19 18:23:20.660] [glim] [warning] points=1616.000000 imu=1617.010000 diff=1.010000
[2026-08-19 18:23:20.660] [glim] [warning] large time difference between points and imu!!
[2026-08-19 18:23:20.660] [glim] [warning] points=1616.000000 imu=1617.020000 diff=1.020000
[2026-08-19 18:23:20.661] [glim] [warning] large time difference between points and imu!!
[2026-08-19 18:23:20.661] [glim] [warning] points=1616.000000 imu=1617.030000 diff=1.030000
[2026-08-19 18:23:20.661] [glim] [warning] large time difference between points and imu!!
[2026-08-19 18:23:20.661] [glim] [warning] points=1616.000000 imu=1617.040000 diff=1.040000
[2026-08-19 18:23:20.929] [glim] [warning] large time difference between points and imu!!
[2026-08-19 18:23:20.929] [glim] [warning] points=1617.100000 imu=1618.110000 diff=1.010000
[2026-08-19 18:23:20.930] [glim] [warning] large time difference between points and imu!!
[2026-08-19 18:23:20.930] [glim] [warning] points=1617.100000 imu=1618.120000 diff=1.020000
[2026-08-19 18:23:20.930] [glim] [warning] large time difference between points and imu!!
[2026-08-19 18:23:20.930] [glim] [warning] points=1617.100000 imu=1618.130000 diff=1.030000
[2026-08-19 18:23:20.930] [glim] [warning] large time difference between points and imu!!
[2026-08-19 18:23:20.930] [glim] [warning] points=1617.100000 imu=1618.140000 diff=1.040000
[2026-08-19 18:23:21.798] [glim] [warning] large time difference between points and imu!!
[2026-08-19 18:23:21.798] [glim] [warning] points=1620.300000 imu=1621.310000 diff=1.010000
[2026-08-19 18:23:21.798] [glim] [warning] large time difference between points and imu!!
[2026-08-19 18:23:21.798] [glim] [warning] points=1620.300000 imu=1621.320000 diff=1.020000
[2026-08-19 18:23:22.006] [mem] [warning] CPU memory usage: 4861.00 / 5894.34 MB 82.47%
[2026-08-19 18:23:22.990] [glim] [info] playback speed: 3.584x
[2026-08-19 18:23:23.076] [glim] [warning] large time difference between points and imu!!
[2026-08-19 18:23:23.076] [glim] [warning] points=1624.100000 imu=1625.110000 diff=1.010000
[2026-08-19 18:23:23.076] [glim] [warning] large time difference between points and imu!!
[2026-08-19 18:23:23.076] [glim] [warning] points=1624.100000 imu=1625.120000 diff=1.020000
[2026-08-19 18:23:23.076] [glim] [warning] large time difference between points and imu!!
[2026-08-19 18:23:23.076] [glim] [warning] points=1624.100000 imu=1625.130000 diff=1.030000
[2026-08-19 18:23:23.981] [glim] [warning] large time difference between points and imu!!
[2026-08-19 18:23:23.981] [glim] [warning] points=1627.100000 imu=1628.110000 diff=1.010000
[2026-08-19 18:23:23.981] [glim] [warning] large time difference between points and imu!!
[2026-08-19 18:23:23.981] [glim] [warning] points=1627.100000 imu=1628.120000 diff=1.020000
[2026-08-19 18:23:23.982] [glim] [warning] large time difference between points and imu!!
[2026-08-19 18:23:23.982] [glim] [warning] points=1627.100000 imu=1628.130000 diff=1.030000
[2026-08-19 18:23:24.570] [glim] [warning] large time difference between points and imu!!
[2026-08-19 18:23:24.571] [glim] [warning] points=1629.100000 imu=1630.110000 diff=1.010000
[2026-08-19 18:23:24.571] [glim] [warning] large time difference between points and imu!!
[2026-08-19 18:23:24.571] [glim] [warning] points=1629.100000 imu=1630.120000 diff=1.020000
[2026-08-19 18:23:24.571] [glim] [warning] large time difference between points and imu!!
[2026-08-19 18:23:24.571] [glim] [warning] points=1629.100000 imu=1630.130000 diff=1.030000
[2026-08-19 18:23:24.861] [glim] [warning] large time difference between points and imu!!
[2026-08-19 18:23:24.861] [glim] [warning] points=1630.100000 imu=1631.110000 diff=1.010000
[2026-08-19 18:23:24.862] [glim] [warning] large time difference between points and imu!!
[2026-08-19 18:23:24.862] [glim] [warning] points=1630.100000 imu=1631.120000 diff=1.020000
[2026-08-19 18:23:24.862] [glim] [warning] large time difference between points and imu!!
[2026-08-19 18:23:24.862] [glim] [warning] points=1630.100000 imu=1631.130000 diff=1.030000
[2026-08-19 18:23:25.394] [glim] [warning] large time difference between points and imu!!
[2026-08-19 18:23:25.394] [glim] [warning] points=1632.000000 imu=1633.010000 diff=1.010000
[2026-08-19 18:23:25.394] [glim] [warning] large time difference between points and imu!!
[2026-08-19 18:23:25.394] [glim] [warning] points=1632.000000 imu=1633.020000 diff=1.020000
[2026-08-19 18:23:25.394] [glim] [warning] large time difference between points and imu!!
[2026-08-19 18:23:25.394] [glim] [warning] points=1632.000000 imu=1633.030000 diff=1.030000
[2026-08-19 18:23:25.684] [glim] [warning] large time difference between points and imu!!
[2026-08-19 18:23:25.684] [glim] [warning] points=1633.000000 imu=1634.010000 diff=1.010000
[2026-08-19 18:23:25.684] [glim] [warning] large time difference between points and imu!!
[2026-08-19 18:23:25.684] [glim] [warning] points=1633.000000 imu=1634.020000 diff=1.020000
[2026-08-19 18:23:25.684] [glim] [warning] large time difference between points and imu!!
[2026-08-19 18:23:25.684] [glim] [warning] points=1633.000000 imu=1634.030000 diff=1.030000
[2026-08-19 18:23:26.848] [glim] [warning] large time difference between points and imu!!
[2026-08-19 18:23:26.848] [glim] [warning] points=1637.000000 imu=1638.010000 diff=1.010000
[2026-08-19 18:23:26.848] [glim] [warning] large time difference between points and imu!!
[2026-08-19 18:23:26.848] [glim] [warning] points=1637.000000 imu=1638.020000 diff=1.020000
[2026-08-19 18:23:26.849] [glim] [warning] large time difference between points and imu!!
[2026-08-19 18:23:26.849] [glim] [warning] points=1637.000000 imu=1638.030000 diff=1.030000
[2026-08-19 18:23:27.007] [mem] [warning] CPU memory usage: 4867.98 / 5894.34 MB 82.59%
[2026-08-19 18:23:27.177] [glim] [warning] large time difference between points and imu!!
[2026-08-19 18:23:27.177] [glim] [warning] points=1638.100000 imu=1639.110000 diff=1.010000
[2026-08-19 18:23:27.178] [glim] [warning] large time difference between points and imu!!
[2026-08-19 18:23:27.178] [glim] [warning] points=1638.100000 imu=1639.120000 diff=1.020000
[2026-08-19 18:23:27.178] [glim] [warning] large time difference between points and imu!!
[2026-08-19 18:23:27.178] [glim] [warning] points=1638.100000 imu=1639.130000 diff=1.030000
[2026-08-19 18:23:27.178] [glim] [warning] large time difference between points and imu!!
[2026-08-19 18:23:27.178] [glim] [warning] points=1638.100000 imu=1639.140000 diff=1.040000
[2026-08-19 18:23:27.995] [glim] [info] playback speed: 3.403x
[2026-08-19 18:23:30.101] [glim] [warning] large time difference between points and imu!!
[2026-08-19 18:23:30.101] [glim] [warning] points=1648.500000 imu=1649.510000 diff=1.010000
[2026-08-19 18:23:30.101] [glim] [warning] large time difference between points and imu!!
[2026-08-19 18:23:30.101] [glim] [warning] points=1648.500000 imu=1649.520000 diff=1.020000
[2026-08-19 18:23:30.102] [glim] [warning] large time difference between points and imu!!
[2026-08-19 18:23:30.102] [glim] [warning] points=1648.500000 imu=1649.530000 diff=1.030000
[2026-08-19 18:23:30.468] [glim] [warning] large time difference between points and imu!!
[2026-08-19 18:23:30.468] [glim] [warning] points=1650.100000 imu=1651.110000 diff=1.010000
[2026-08-19 18:23:30.468] [glim] [warning] large time difference between points and imu!!
[2026-08-19 18:23:30.468] [glim] [warning] points=1650.100000 imu=1651.120000 diff=1.020000
[2026-08-19 18:23:30.468] [glim] [warning] large time difference between points and imu!!
[2026-08-19 18:23:30.468] [glim] [warning] points=1650.100000 imu=1651.130000 diff=1.030000
[2026-08-19 18:23:31.222] [glim] [warning] large time difference between points and imu!!
[2026-08-19 18:23:31.222] [glim] [warning] points=1653.100000 imu=1654.110000 diff=1.010000
[2026-08-19 18:23:31.223] [glim] [warning] large time difference between points and imu!!
[2026-08-19 18:23:31.223] [glim] [warning] points=1653.100000 imu=1654.120000 diff=1.020000
[2026-08-19 18:23:31.223] [glim] [warning] large time difference between points and imu!!
[2026-08-19 18:23:31.223] [glim] [warning] points=1653.100000 imu=1654.130000 diff=1.030000
[2026-08-19 18:23:31.945] [glim] [warning] large time difference between points and imu!!
[2026-08-19 18:23:31.945] [glim] [warning] points=1656.000000 imu=1657.010000 diff=1.010000
[2026-08-19 18:23:31.945] [glim] [warning] large time difference between points and imu!!
[2026-08-19 18:23:31.945] [glim] [warning] points=1656.000000 imu=1657.020000 diff=1.020000
[2026-08-19 18:23:31.945] [glim] [warning] large time difference between points and imu!!
[2026-08-19 18:23:31.945] [glim] [warning] points=1656.000000 imu=1657.030000 diff=1.030000
[2026-08-19 18:23:31.945] [glim] [warning] large time difference between points and imu!!
[2026-08-19 18:23:31.945] [glim] [warning] points=1656.000000 imu=1657.040000 diff=1.040000
[2026-08-19 18:23:31.945] [glim] [warning] large time difference between points and imu!!
[2026-08-19 18:23:31.946] [glim] [warning] points=1656.000000 imu=1657.050000 diff=1.050000
[2026-08-19 18:23:31.946] [glim] [warning] large time difference between points and imu!!
[2026-08-19 18:23:31.946] [glim] [warning] points=1656.000000 imu=1657.060000 diff=1.060000
[2026-08-19 18:23:32.008] [mem] [warning] CPU memory usage: 4917.81 / 5894.34 MB 83.43%
[2026-08-19 18:23:33.008] [glim] [info] playback speed: 4.015x
[2026-08-19 18:23:33.442] [glim] [warning] large time difference between points and imu!!
[2026-08-19 18:23:33.442] [glim] [warning] points=1662.100000 imu=1663.110000 diff=1.010000
[2026-08-19 18:23:33.442] [glim] [warning] large time difference between points and imu!!
[2026-08-19 18:23:33.442] [glim] [warning] points=1662.100000 imu=1663.120000 diff=1.020000
[2026-08-19 18:23:34.178] [glim] [warning] large time difference between points and imu!!
[2026-08-19 18:23:34.178] [glim] [warning] points=1665.000000 imu=1666.010000 diff=1.010000
[2026-08-19 18:23:34.178] [glim] [warning] large time difference between points and imu!!
[2026-08-19 18:23:34.178] [glim] [warning] points=1665.000000 imu=1666.020000 diff=1.020000
[2026-08-19 18:23:36.632] [glim] [warning] large time difference between points and imu!!
[2026-08-19 18:23:36.632] [glim] [warning] points=1674.000000 imu=1675.010000 diff=1.010000
[2026-08-19 18:23:36.633] [glim] [warning] large time difference between points and imu!!
[2026-08-19 18:23:36.633] [glim] [warning] points=1674.000000 imu=1675.020000 diff=1.020000
[2026-08-19 18:23:36.633] [glim] [warning] large time difference between points and imu!!
[2026-08-19 18:23:36.633] [glim] [warning] points=1674.000000 imu=1675.030000 diff=1.030000
[2026-08-19 18:23:36.857] [glim] [warning] large time difference between points and imu!!
[2026-08-19 18:23:36.857] [glim] [warning] points=1675.100000 imu=1676.110000 diff=1.010000
[2026-08-19 18:23:36.857] [glim] [warning] large time difference between points and imu!!
[2026-08-19 18:23:36.857] [glim] [warning] points=1675.100000 imu=1676.120000 diff=1.020000
[2026-08-19 18:23:36.857] [glim] [warning] large time difference between points and imu!!
[2026-08-19 18:23:36.857] [glim] [warning] points=1675.100000 imu=1676.130000 diff=1.030000
[2026-08-19 18:23:37.009] [mem] [warning] CPU memory usage: 4766.79 / 5894.34 MB 80.87%
[2026-08-19 18:23:37.202] [glim] [warning] large time difference between points and imu!!
[2026-08-19 18:23:37.202] [glim] [warning] points=1677.000000 imu=1678.010000 diff=1.010000
[2026-08-19 18:23:37.202] [glim] [warning] large time difference between points and imu!!
[2026-08-19 18:23:37.202] [glim] [warning] points=1677.000000 imu=1678.020000 diff=1.020000
[2026-08-19 18:23:37.495] [glim] [warning] large time difference between points and imu!!
[2026-08-19 18:23:37.495] [glim] [warning] points=1679.000000 imu=1680.010000 diff=1.010000
[2026-08-19 18:23:37.495] [glim] [warning] large time difference between points and imu!!
[2026-08-19 18:23:37.495] [glim] [warning] points=1679.000000 imu=1680.020000 diff=1.020000
[2026-08-19 18:23:37.636] [glim] [warning] large time gap between consecutive IMU data!!
[2026-08-19 18:23:37.636] [glim] [warning] current=1680.900000 last=1680.650000 diff=0.250000
[2026-08-19 18:23:37.641] [glim] [warning] large time difference between points and imu!!
[2026-08-19 18:23:37.641] [glim] [warning] points=1680.100000 imu=1681.110000 diff=1.010000
[2026-08-19 18:23:37.641] [glim] [warning] large time difference between points and imu!!
[2026-08-19 18:23:37.641] [glim] [warning] points=1680.100000 imu=1681.120000 diff=1.020000
[2026-08-19 18:23:38.009] [glim] [info] playback speed: 4.232x
[2026-08-19 18:23:38.037] [glim] [warning] large time gap between consecutive IMU data!!
[2026-08-19 18:23:38.037] [glim] [warning] current=1683.220000 last=1683.110000 diff=0.110000
[2026-08-19 18:23:40.465] [glim] [warning] large time difference between points and imu!!
[2026-08-19 18:23:40.465] [glim] [warning] points=1691.200000 imu=1692.210000 diff=1.010000
[2026-08-19 18:23:40.466] [glim] [warning] large time difference between points and imu!!
[2026-08-19 18:23:40.466] [glim] [warning] points=1691.200000 imu=1692.220000 diff=1.020000
[2026-08-19 18:23:40.466] [glim] [warning] large time difference between points and imu!!
[2026-08-19 18:23:40.466] [glim] [warning] points=1691.200000 imu=1692.230000 diff=1.030000
[2026-08-19 18:23:41.939] [glim] [warning] large time difference between points and imu!!
[2026-08-19 18:23:41.939] [glim] [warning] points=1696.200000 imu=1697.210000 diff=1.010000
[2026-08-19 18:23:41.939] [glim] [warning] large time difference between points and imu!!
[2026-08-19 18:23:41.939] [glim] [warning] points=1696.200000 imu=1697.220000 diff=1.020000
[2026-08-19 18:23:42.200] [glim] [warning] large time difference between points and imu!!
[2026-08-19 18:23:42.200] [glim] [warning] points=1697.200000 imu=1698.210000 diff=1.010000
[2026-08-19 18:23:42.200] [glim] [warning] large time difference between points and imu!!
[2026-08-19 18:23:42.200] [glim] [warning] points=1697.200000 imu=1698.220000 diff=1.020000
[2026-08-19 18:23:42.200] [glim] [warning] large time difference between points and imu!!
[2026-08-19 18:23:42.200] [glim] [warning] points=1697.200000 imu=1698.230000 diff=1.030000
[2026-08-19 18:23:43.050] [glim] [info] playback speed: 3.556x
[2026-08-19 18:23:43.373] [glim] [warning] large time difference between points and imu!!
[2026-08-19 18:23:43.373] [glim] [warning] points=1701.200000 imu=1702.210000 diff=1.010000
[2026-08-19 18:23:43.373] [glim] [warning] large time difference between points and imu!!
[2026-08-19 18:23:43.373] [glim] [warning] points=1701.200000 imu=1702.220000 diff=1.020000
[2026-08-19 18:23:44.249] [glim] [warning] large time difference between points and imu!!
[2026-08-19 18:23:44.249] [glim] [warning] points=1704.300000 imu=1705.310000 diff=1.010000
[2026-08-19 18:23:44.250] [glim] [warning] large time difference between points and imu!!
[2026-08-19 18:23:44.250] [glim] [warning] points=1704.300000 imu=1705.320000 diff=1.020000
[2026-08-19 18:23:44.568] [glim] [warning] large time difference between points and imu!!
[2026-08-19 18:23:44.568] [glim] [warning] points=1705.300000 imu=1706.310000 diff=1.010000
[2026-08-19 18:23:44.568] [glim] [warning] large time difference between points and imu!!
[2026-08-19 18:23:44.568] [glim] [warning] points=1705.300000 imu=1706.320000 diff=1.020000
[2026-08-19 18:23:45.186] [glim] [warning] large time difference between points and imu!!
[2026-08-19 18:23:45.186] [glim] [warning] points=1707.300000 imu=1708.310000 diff=1.010000
[2026-08-19 18:23:45.186] [glim] [warning] large time difference between points and imu!!
[2026-08-19 18:23:45.186] [glim] [warning] points=1707.300000 imu=1708.320000 diff=1.020000
[2026-08-19 18:23:46.924] [glim] [warning] large time difference between points and imu!!
[2026-08-19 18:23:46.924] [glim] [warning] points=1713.300000 imu=1714.310000 diff=1.010000
[2026-08-19 18:23:46.924] [glim] [warning] large time difference between points and imu!!
[2026-08-19 18:23:46.924] [glim] [warning] points=1713.300000 imu=1714.320000 diff=1.020000
[2026-08-19 18:23:46.924] [glim] [warning] large time difference between points and imu!!
[2026-08-19 18:23:46.924] [glim] [warning] points=1713.300000 imu=1714.330000 diff=1.030000
[2026-08-19 18:23:47.604] [glim] [warning] large time difference between points and imu!!
[2026-08-19 18:23:47.604] [glim] [warning] points=1715.300000 imu=1716.310000 diff=1.010000
[2026-08-19 18:23:47.605] [glim] [warning] large time difference between points and imu!!
[2026-08-19 18:23:47.605] [glim] [warning] points=1715.300000 imu=1716.320000 diff=1.020000
[2026-08-19 18:23:48.071] [glim] [info] playback speed: 3.390x
[2026-08-19 18:23:48.227] [glim] [warning] large time difference between points and imu!!
[2026-08-19 18:23:48.227] [glim] [warning] points=1717.300000 imu=1718.310000 diff=1.010000
[2026-08-19 18:23:48.229] [glim] [warning] large time difference between points and imu!!
[2026-08-19 18:23:48.229] [glim] [warning] points=1717.300000 imu=1718.320000 diff=1.020000
[2026-08-19 18:23:49.013] [glim] [warning] large time difference between points and imu!!
[2026-08-19 18:23:49.013] [glim] [warning] points=1719.300000 imu=1720.310000 diff=1.010000
[2026-08-19 18:23:49.014] [glim] [warning] large time difference between points and imu!!
[2026-08-19 18:23:49.014] [glim] [warning] points=1719.300000 imu=1720.320000 diff=1.020000
[2026-08-19 18:23:49.014] [glim] [warning] large time difference between points and imu!!
[2026-08-19 18:23:49.014] [glim] [warning] points=1719.300000 imu=1720.330000 diff=1.030000
[2026-08-19 18:23:49.833] [glim] [warning] large time difference between points and imu!!
[2026-08-19 18:23:49.833] [glim] [warning] points=1722.200000 imu=1723.210000 diff=1.010000
[2026-08-19 18:23:49.836] [glim] [warning] large time difference between points and imu!!
[2026-08-19 18:23:49.836] [glim] [warning] points=1722.200000 imu=1723.220000 diff=1.020000
[2026-08-19 18:23:51.041] [glim] [warning] large time difference between points and imu!!
[2026-08-19 18:23:51.041] [glim] [warning] points=1726.600000 imu=1727.610000 diff=1.010000
[2026-08-19 18:23:51.041] [glim] [warning] large time difference between points and imu!!
[2026-08-19 18:23:51.041] [glim] [warning] points=1726.600000 imu=1727.620000 diff=1.020000
[2026-08-19 18:23:51.042] [glim] [warning] large time difference between points and imu!!
[2026-08-19 18:23:51.042] [glim] [warning] points=1726.600000 imu=1727.630000 diff=1.030000
[2026-08-19 18:23:51.538] [glim] [warning] large time difference between points and imu!!
[2026-08-19 18:23:51.538] [glim] [warning] points=1728.200000 imu=1729.210000 diff=1.010000
[2026-08-19 18:23:51.539] [glim] [warning] large time difference between points and imu!!
[2026-08-19 18:23:51.539] [glim] [warning] points=1728.200000 imu=1729.220000 diff=1.020000
[2026-08-19 18:23:51.981] [glim] [warning] large time difference between points and imu!!
[2026-08-19 18:23:51.981] [glim] [warning] points=1729.600000 imu=1730.610000 diff=1.010000
[2026-08-19 18:23:51.981] [glim] [warning] large time difference between points and imu!!
[2026-08-19 18:23:51.981] [glim] [warning] points=1729.600000 imu=1730.620000 diff=1.020000
[2026-08-19 18:23:51.981] [glim] [warning] large time difference between points and imu!!
[2026-08-19 18:23:51.981] [glim] [warning] points=1729.600000 imu=1730.630000 diff=1.030000
[2026-08-19 18:23:51.982] [glim] [warning] large time difference between points and imu!!
[2026-08-19 18:23:51.982] [glim] [warning] points=1729.600000 imu=1730.640000 diff=1.040000
[2026-08-19 18:23:52.572] [glim] [warning] large time difference between points and imu!!
[2026-08-19 18:23:52.572] [glim] [warning] points=1731.400000 imu=1732.410000 diff=1.010000
[2026-08-19 18:23:52.572] [glim] [warning] large time difference between points and imu!!
[2026-08-19 18:23:52.572] [glim] [warning] points=1731.400000 imu=1732.420000 diff=1.020000
[2026-08-19 18:23:53.085] [glim] [info] playback speed: 3.177x
[2026-08-19 18:23:53.704] [glim] [warning] large time difference between points and imu!!
[2026-08-19 18:23:53.704] [glim] [warning] points=1735.200000 imu=1736.210000 diff=1.010000
[2026-08-19 18:23:53.704] [glim] [warning] large time difference between points and imu!!
[2026-08-19 18:23:53.704] [glim] [warning] points=1735.200000 imu=1736.220000 diff=1.020000
[2026-08-19 18:23:54.486] [glim] [warning] large time difference between points and imu!!
[2026-08-19 18:23:54.486] [glim] [warning] points=1738.200000 imu=1739.210000 diff=1.010000
[2026-08-19 18:23:54.487] [glim] [warning] large time difference between points and imu!!
[2026-08-19 18:23:54.487] [glim] [warning] points=1738.200000 imu=1739.220000 diff=1.020000
[2026-08-19 18:23:54.764] [glim] [warning] large time difference between points and imu!!
[2026-08-19 18:23:54.764] [glim] [warning] points=1739.200000 imu=1740.210000 diff=1.010000
[2026-08-19 18:23:54.764] [glim] [warning] large time difference between points and imu!!
[2026-08-19 18:23:54.764] [glim] [warning] points=1739.200000 imu=1740.220000 diff=1.020000
[2026-08-19 18:23:54.765] [glim] [warning] large time difference between points and imu!!
[2026-08-19 18:23:54.765] [glim] [warning] points=1739.200000 imu=1740.230000 diff=1.030000
[2026-08-19 18:23:55.094] [glim] [warning] large time difference between points and imu!!
[2026-08-19 18:23:55.094] [glim] [warning] points=1740.300000 imu=1741.310000 diff=1.010000
[2026-08-19 18:23:55.094] [glim] [warning] large time difference between points and imu!!
[2026-08-19 18:23:55.094] [glim] [warning] points=1740.300000 imu=1741.320000 diff=1.020000
[2026-08-19 18:23:55.474] [glim] [warning] large time difference between points and imu!!
[2026-08-19 18:23:55.474] [glim] [warning] points=1741.500000 imu=1742.510000 diff=1.010000
[2026-08-19 18:23:55.474] [glim] [warning] large time difference between points and imu!!
[2026-08-19 18:23:55.474] [glim] [warning] points=1741.500000 imu=1742.520000 diff=1.020000
[2026-08-19 18:23:56.987] [glim] [warning] large time difference between points and imu!!
[2026-08-19 18:23:56.988] [glim] [warning] points=1746.300000 imu=1747.310000 diff=1.010000
[2026-08-19 18:23:56.988] [glim] [warning] large time difference between points and imu!!
[2026-08-19 18:23:56.988] [glim] [warning] points=1746.300000 imu=1747.320000 diff=1.020000
[2026-08-19 18:23:57.292] [glim] [warning] large time difference between points and imu!!
[2026-08-19 18:23:57.292] [glim] [warning] points=1747.300000 imu=1748.310000 diff=1.010000
[2026-08-19 18:23:57.293] [glim] [warning] large time difference between points and imu!!
[2026-08-19 18:23:57.293] [glim] [warning] points=1747.300000 imu=1748.320000 diff=1.020000
[2026-08-19 18:23:57.293] [glim] [warning] large time difference between points and imu!!
[2026-08-19 18:23:57.293] [glim] [warning] points=1747.300000 imu=1748.330000 diff=1.030000
[2026-08-19 18:23:57.293] [glim] [warning] large time difference between points and imu!!
[2026-08-19 18:23:57.293] [glim] [warning] points=1747.300000 imu=1748.340000 diff=1.040000
[2026-08-19 18:23:57.293] [glim] [warning] large time difference between points and imu!!
[2026-08-19 18:23:57.293] [glim] [warning] points=1747.300000 imu=1748.350000 diff=1.050000
[2026-08-19 18:23:57.949] [glim] [warning] large time difference between points and imu!!
[2026-08-19 18:23:57.949] [glim] [warning] points=1749.300000 imu=1750.310000 diff=1.010000
[2026-08-19 18:23:57.949] [glim] [warning] large time difference between points and imu!!
[2026-08-19 18:23:57.949] [glim] [warning] points=1749.300000 imu=1750.320000 diff=1.020000
[2026-08-19 18:23:58.116] [glim] [info] playback speed: 3.403x
[2026-08-19 18:23:58.642] [glim] [warning] large time difference between points and imu!!
[2026-08-19 18:23:58.642] [glim] [warning] points=1752.300000 imu=1753.310000 diff=1.010000
[2026-08-19 18:23:58.642] [glim] [warning] large time difference between points and imu!!
[2026-08-19 18:23:58.642] [glim] [warning] points=1752.300000 imu=1753.320000 diff=1.020000
[2026-08-19 18:23:59.926] [glim] [warning] large time difference between points and imu!!
[2026-08-19 18:23:59.926] [glim] [warning] points=1757.200000 imu=1758.210000 diff=1.010000
[2026-08-19 18:23:59.926] [glim] [warning] large time difference between points and imu!!
[2026-08-19 18:23:59.927] [glim] [warning] points=1757.200000 imu=1758.220000 diff=1.020000
[2026-08-19 18:24:00.654] [glim] [warning] large time difference between points and imu!!
[2026-08-19 18:24:00.654] [glim] [warning] points=1759.600000 imu=1760.610000 diff=1.010000
[2026-08-19 18:24:00.654] [glim] [warning] large time difference between points and imu!!
[2026-08-19 18:24:00.654] [glim] [warning] points=1759.600000 imu=1760.620000 diff=1.020000
[2026-08-19 18:24:01.396] [glim] [warning] large time difference between points and imu!!
[2026-08-19 18:24:01.396] [glim] [warning] points=1762.200000 imu=1763.210000 diff=1.010000
[2026-08-19 18:24:01.397] [glim] [warning] large time difference between points and imu!!
[2026-08-19 18:24:01.397] [glim] [warning] points=1762.200000 imu=1763.220000 diff=1.020000
[2026-08-19 18:24:02.030] [glim] [warning] large time difference between points and imu!!
[2026-08-19 18:24:02.030] [glim] [warning] points=1765.400000 imu=1766.410000 diff=1.010000
[2026-08-19 18:24:02.031] [glim] [warning] large time difference between points and imu!!
[2026-08-19 18:24:02.031] [glim] [warning] points=1765.400000 imu=1766.420000 diff=1.020000
[2026-08-19 18:24:02.289] [glim] [warning] large time difference between points and imu!!
[2026-08-19 18:24:02.289] [glim] [warning] points=1767.300000 imu=1768.310000 diff=1.010000
[2026-08-19 18:24:02.289] [glim] [warning] large time difference between points and imu!!
[2026-08-19 18:24:02.289] [glim] [warning] points=1767.300000 imu=1768.320000 diff=1.020000
[2026-08-19 18:24:02.290] [glim] [warning] large time difference between points and imu!!
[2026-08-19 18:24:02.290] [glim] [warning] points=1767.300000 imu=1768.330000 diff=1.030000
[2026-08-19 18:24:02.994] [glim] [warning] large time difference between points and imu!!
[2026-08-19 18:24:02.995] [glim] [warning] points=1772.100000 imu=1773.110000 diff=1.010000
[2026-08-19 18:24:02.995] [glim] [warning] large time difference between points and imu!!
[2026-08-19 18:24:02.995] [glim] [warning] points=1772.100000 imu=1773.120000 diff=1.020000
[2026-08-19 18:24:02.995] [glim] [warning] large time difference between points and imu!!
[2026-08-19 18:24:02.995] [glim] [warning] points=1772.100000 imu=1773.130000 diff=1.030000
[2026-08-19 18:24:03.121] [glim] [info] playback speed: 4.555x
[2026-08-19 18:24:03.376] [glim] [warning] large time difference between points and imu!!
[2026-08-19 18:24:03.376] [glim] [warning] points=1774.200000 imu=1775.210000 diff=1.010000
[2026-08-19 18:24:03.376] [glim] [warning] large time difference between points and imu!!
[2026-08-19 18:24:03.376] [glim] [warning] points=1774.200000 imu=1775.220000 diff=1.020000
[2026-08-19 18:24:03.778] [glim] [warning] large time difference between points and imu!!
[2026-08-19 18:24:03.778] [glim] [warning] points=1776.400000 imu=1777.410000 diff=1.010000
[2026-08-19 18:24:03.778] [glim] [warning] large time difference between points and imu!!
[2026-08-19 18:24:03.778] [glim] [warning] points=1776.400000 imu=1777.420000 diff=1.020000
[2026-08-19 18:24:04.718] [glim] [warning] large time difference between points and imu!!
[2026-08-19 18:24:04.718] [glim] [warning] points=1780.300000 imu=1781.310000 diff=1.010000
[2026-08-19 18:24:04.719] [glim] [warning] large time difference between points and imu!!
[2026-08-19 18:24:04.719] [glim] [warning] points=1780.300000 imu=1781.320000 diff=1.020000
[2026-08-19 18:24:04.719] [glim] [warning] large time difference between points and imu!!
[2026-08-19 18:24:04.719] [glim] [warning] points=1780.300000 imu=1781.330000 diff=1.030000
[2026-08-19 18:24:04.980] [glim] [warning] large time difference between points and imu!!
[2026-08-19 18:24:04.981] [glim] [warning] points=1781.300000 imu=1782.310000 diff=1.010000
[2026-08-19 18:24:04.981] [glim] [warning] large time difference between points and imu!!
[2026-08-19 18:24:04.981] [glim] [warning] points=1781.300000 imu=1782.320000 diff=1.020000
[2026-08-19 18:24:05.027] [glim] [warning] large time difference between points and imu!!
[2026-08-19 18:24:05.027] [glim] [warning] points=1781.500000 imu=1782.510000 diff=1.010000
[2026-08-19 18:24:05.027] [glim] [warning] large time difference between points and imu!!
[2026-08-19 18:24:05.027] [glim] [warning] points=1781.500000 imu=1782.520000 diff=1.020000
[2026-08-19 18:24:06.918] [glim] [warning] large time difference between points and imu!!
[2026-08-19 18:24:06.918] [glim] [warning] points=1788.200000 imu=1789.210000 diff=1.010000
[2026-08-19 18:24:06.919] [glim] [warning] large time difference between points and imu!!
[2026-08-19 18:24:06.919] [glim] [warning] points=1788.200000 imu=1789.220000 diff=1.020000
[2026-08-19 18:24:06.919] [glim] [warning] large time difference between points and imu!!
[2026-08-19 18:24:06.919] [glim] [warning] points=1788.200000 imu=1789.230000 diff=1.030000
[2026-08-19 18:24:08.137] [glim] [info] playback speed: 3.789x
[2026-08-19 18:24:10.658] [glim] [warning] large time difference between points and imu!!
[2026-08-19 18:24:10.658] [glim] [warning] points=1798.900000 imu=1799.910000 diff=1.010000
[2026-08-19 18:24:10.659] [glim] [warning] large time difference between points and imu!!
[2026-08-19 18:24:10.659] [glim] [warning] points=1798.900000 imu=1799.920000 diff=1.020000
[2026-08-19 18:24:11.050] [glim] [warning] large time difference between points and imu!!
[2026-08-19 18:24:11.050] [glim] [warning] points=1800.300000 imu=1801.310000 diff=1.010000
[2026-08-19 18:24:11.050] [glim] [warning] large time difference between points and imu!!
[2026-08-19 18:24:11.050] [glim] [warning] points=1800.300000 imu=1801.320000 diff=1.020000
[2026-08-19 18:24:11.892] [glim] [warning] large time difference between points and imu!!
[2026-08-19 18:24:11.892] [glim] [warning] points=1803.300000 imu=1804.310000 diff=1.010000
[2026-08-19 18:24:11.892] [glim] [warning] large time difference between points and imu!!
[2026-08-19 18:24:11.892] [glim] [warning] points=1803.300000 imu=1804.320000 diff=1.020000
[2026-08-19 18:24:12.240] [glim] [warning] large time difference between points and imu!!
[2026-08-19 18:24:12.241] [glim] [warning] points=1804.300000 imu=1805.310000 diff=1.010000
[2026-08-19 18:24:12.241] [glim] [warning] large time difference between points and imu!!
[2026-08-19 18:24:12.241] [glim] [warning] points=1804.300000 imu=1805.320000 diff=1.020000
[2026-08-19 18:24:13.147] [glim] [info] playback speed: 3.112x
[2026-08-19 18:24:13.417] [glim] [warning] large time difference between points and imu!!
[2026-08-19 18:24:13.417] [glim] [warning] points=1807.800000 imu=1808.810000 diff=1.010000
[2026-08-19 18:24:13.417] [glim] [warning] large time difference between points and imu!!
[2026-08-19 18:24:13.417] [glim] [warning] points=1807.800000 imu=1808.820000 diff=1.020000
[2026-08-19 18:24:14.507] [glim] [warning] large time difference between points and imu!!
[2026-08-19 18:24:14.507] [glim] [warning] points=1810.900000 imu=1811.910000 diff=1.010000
[2026-08-19 18:24:14.507] [glim] [warning] large time difference between points and imu!!
[2026-08-19 18:24:14.507] [glim] [warning] points=1810.900000 imu=1811.920000 diff=1.020000
[2026-08-19 18:24:16.088] [glim] [warning] large time difference between points and imu!!
[2026-08-19 18:24:16.089] [glim] [warning] points=1816.200000 imu=1817.210000 diff=1.010000
[2026-08-19 18:24:16.089] [glim] [warning] large time difference between points and imu!!
[2026-08-19 18:24:16.089] [glim] [warning] points=1816.200000 imu=1817.220000 diff=1.020000
[2026-08-19 18:24:16.600] [glim] [warning] large time gap between consecutive IMU data!!
[2026-08-19 18:24:16.600] [glim] [warning] current=1818.780000 last=1818.520000 diff=0.260000
[2026-08-19 18:24:16.614] [glim] [warning] large time difference between points and imu!!
[2026-08-19 18:24:16.614] [glim] [warning] points=1818.400000 imu=1819.410000 diff=1.010000
[2026-08-19 18:24:16.614] [glim] [warning] large time difference between points and imu!!
[2026-08-19 18:24:16.614] [glim] [warning] points=1818.400000 imu=1819.420000 diff=1.020000
[2026-08-19 18:24:16.925] [glim] [warning] large time difference between points and imu!!
[2026-08-19 18:24:16.925] [glim] [warning] points=1819.400000 imu=1820.410000 diff=1.010000
[2026-08-19 18:24:16.926] [glim] [warning] large time difference between points and imu!!
[2026-08-19 18:24:16.926] [glim] [warning] points=1819.400000 imu=1820.420000 diff=1.020000
[2026-08-19 18:24:17.530] [glim] [warning] large time difference between points and imu!!
[2026-08-19 18:24:17.530] [glim] [warning] points=1821.700000 imu=1822.710000 diff=1.010000
[2026-08-19 18:24:17.530] [glim] [warning] large time difference between points and imu!!
[2026-08-19 18:24:17.530] [glim] [warning] points=1821.700000 imu=1822.720000 diff=1.020000
[2026-08-19 18:24:17.530] [glim] [warning] large time difference between points and imu!!
[2026-08-19 18:24:17.530] [glim] [warning] points=1821.700000 imu=1822.730000 diff=1.030000
[2026-08-19 18:24:18.160] [glim] [info] playback speed: 3.311x
[2026-08-19 18:24:18.567] [glim] [warning] large time difference between points and imu!!
[2026-08-19 18:24:18.567] [glim] [warning] points=1825.200000 imu=1826.210000 diff=1.010000
[2026-08-19 18:24:18.568] [glim] [warning] large time difference between points and imu!!
[2026-08-19 18:24:18.568] [glim] [warning] points=1825.200000 imu=1826.220000 diff=1.020000
[2026-08-19 18:24:19.087] [glim] [warning] large time difference between points and imu!!
[2026-08-19 18:24:19.087] [glim] [warning] points=1827.200000 imu=1828.210000 diff=1.010000
[2026-08-19 18:24:19.087] [glim] [warning] large time difference between points and imu!!
[2026-08-19 18:24:19.087] [glim] [warning] points=1827.200000 imu=1828.220000 diff=1.020000
[2026-08-19 18:24:19.971] [glim] [warning] large time difference between points and imu!!
[2026-08-19 18:24:19.971] [glim] [warning] points=1830.200000 imu=1831.210000 diff=1.010000
[2026-08-19 18:24:19.971] [glim] [warning] large time difference between points and imu!!
[2026-08-19 18:24:19.971] [glim] [warning] points=1830.200000 imu=1831.220000 diff=1.020000
[2026-08-19 18:24:20.520] [glim] [warning] large time difference between points and imu!!
[2026-08-19 18:24:20.521] [glim] [warning] points=1832.200000 imu=1833.210000 diff=1.010000
[2026-08-19 18:24:20.521] [glim] [warning] large time difference between points and imu!!
[2026-08-19 18:24:20.521] [glim] [warning] points=1832.200000 imu=1833.220000 diff=1.020000
[2026-08-19 18:24:20.521] [glim] [warning] large time difference between points and imu!!
[2026-08-19 18:24:20.521] [glim] [warning] points=1832.200000 imu=1833.230000 diff=1.030000
[2026-08-19 18:24:21.747] [glim] [warning] large time difference between points and imu!!
[2026-08-19 18:24:21.747] [glim] [warning] points=1837.500000 imu=1838.510000 diff=1.010000
[2026-08-19 18:24:21.747] [glim] [warning] large time difference between points and imu!!
[2026-08-19 18:24:21.748] [glim] [warning] points=1837.500000 imu=1838.520000 diff=1.020000
[2026-08-19 18:24:21.748] [glim] [warning] large time difference between points and imu!!
[2026-08-19 18:24:21.748] [glim] [warning] points=1837.500000 imu=1838.530000 diff=1.030000
[2026-08-19 18:24:22.459] [glim] [warning] large time difference between points and imu!!
[2026-08-19 18:24:22.459] [glim] [warning] points=1840.300000 imu=1841.310000 diff=1.010000
[2026-08-19 18:24:22.459] [glim] [warning] large time difference between points and imu!!
[2026-08-19 18:24:22.459] [glim] [warning] points=1840.300000 imu=1841.320000 diff=1.020000
[2026-08-19 18:24:22.459] [glim] [warning] large time difference between points and imu!!
[2026-08-19 18:24:22.459] [glim] [warning] points=1840.300000 imu=1841.330000 diff=1.030000
[2026-08-19 18:24:23.019] [glim] [warning] large time difference between points and imu!!
[2026-08-19 18:24:23.019] [glim] [warning] points=1842.300000 imu=1843.310000 diff=1.010000
[2026-08-19 18:24:23.019] [glim] [warning] large time difference between points and imu!!
[2026-08-19 18:24:23.019] [glim] [warning] points=1842.300000 imu=1843.320000 diff=1.020000
[2026-08-19 18:24:23.179] [glim] [info] playback speed: 3.804x
[2026-08-19 18:24:23.278] [glim] [warning] large time difference between points and imu!!
[2026-08-19 18:24:23.278] [glim] [warning] points=1843.300000 imu=1844.310000 diff=1.010000
[2026-08-19 18:24:23.278] [glim] [warning] large time difference between points and imu!!
[2026-08-19 18:24:23.278] [glim] [warning] points=1843.300000 imu=1844.320000 diff=1.020000
[2026-08-19 18:24:23.279] [glim] [warning] large time difference between points and imu!!
[2026-08-19 18:24:23.279] [glim] [warning] points=1843.300000 imu=1844.330000 diff=1.030000
[2026-08-19 18:24:23.279] [glim] [warning] large time difference between points and imu!!
[2026-08-19 18:24:23.279] [glim] [warning] points=1843.300000 imu=1844.340000 diff=1.040000
[2026-08-19 18:24:23.279] [glim] [warning] large time difference between points and imu!!
[2026-08-19 18:24:23.279] [glim] [warning] points=1843.300000 imu=1844.350000 diff=1.050000
[2026-08-19 18:24:23.279] [glim] [warning] large time difference between points and imu!!
[2026-08-19 18:24:23.279] [glim] [warning] points=1843.300000 imu=1844.360000 diff=1.060000
[2026-08-19 18:24:23.614] [glim] [warning] large time difference between points and imu!!
[2026-08-19 18:24:23.614] [glim] [warning] points=1844.700000 imu=1845.710000 diff=1.010000
[2026-08-19 18:24:23.614] [glim] [warning] large time difference between points and imu!!
[2026-08-19 18:24:23.614] [glim] [warning] points=1844.700000 imu=1845.720000 diff=1.020000
[2026-08-19 18:24:24.943] [glim] [warning] large time difference between points and imu!!
[2026-08-19 18:24:24.943] [glim] [warning] points=1850.200000 imu=1851.210000 diff=1.010000
[2026-08-19 18:24:24.943] [glim] [warning] large time difference between points and imu!!
[2026-08-19 18:24:24.943] [glim] [warning] points=1850.200000 imu=1851.220000 diff=1.020000
[2026-08-19 18:24:24.943] [glim] [warning] large time difference between points and imu!!
[2026-08-19 18:24:24.943] [glim] [warning] points=1850.200000 imu=1851.230000 diff=1.030000
[2026-08-19 18:24:24.943] [glim] [warning] large time difference between points and imu!!
[2026-08-19 18:24:24.943] [glim] [warning] points=1850.200000 imu=1851.240000 diff=1.040000
[2026-08-19 18:24:24.944] [glim] [warning] large time difference between points and imu!!
[2026-08-19 18:24:24.944] [glim] [warning] points=1850.200000 imu=1851.250000 diff=1.050000
[2026-08-19 18:24:25.885] [glim] [warning] large time difference between points and imu!!
[2026-08-19 18:24:25.885] [glim] [warning] points=1854.300000 imu=1855.310000 diff=1.010000
[2026-08-19 18:24:25.886] [glim] [warning] large time difference between points and imu!!
[2026-08-19 18:24:25.886] [glim] [warning] points=1854.300000 imu=1855.320000 diff=1.020000
[2026-08-19 18:24:26.544] [glim] [warning] large time difference between points and imu!!
[2026-08-19 18:24:26.544] [glim] [warning] points=1857.300000 imu=1858.310000 diff=1.010000
[2026-08-19 18:24:26.544] [glim] [warning] large time difference between points and imu!!
[2026-08-19 18:24:26.544] [glim] [warning] points=1857.300000 imu=1858.320000 diff=1.020000
[2026-08-19 18:24:26.544] [glim] [warning] large time difference between points and imu!!
[2026-08-19 18:24:26.544] [glim] [warning] points=1857.300000 imu=1858.330000 diff=1.030000
[2026-08-19 18:24:27.283] [glim] [warning] large time difference between points and imu!!
[2026-08-19 18:24:27.283] [glim] [warning] points=1861.800000 imu=1862.810000 diff=1.010000
[2026-08-19 18:24:27.283] [glim] [warning] large time difference between points and imu!!
[2026-08-19 18:24:27.284] [glim] [warning] points=1861.800000 imu=1862.820000 diff=1.020000
[2026-08-19 18:24:27.541] [glim] [warning] large time difference between points and imu!!
[2026-08-19 18:24:27.541] [glim] [warning] points=1863.500000 imu=1864.510000 diff=1.010000
[2026-08-19 18:24:27.541] [glim] [warning] large time difference between points and imu!!
[2026-08-19 18:24:27.541] [glim] [warning] points=1863.500000 imu=1864.520000 diff=1.020000
[2026-08-19 18:24:27.541] [glim] [warning] large time difference between points and imu!!
[2026-08-19 18:24:27.541] [glim] [warning] points=1863.500000 imu=1864.530000 diff=1.030000
[2026-08-19 18:24:27.541] [glim] [warning] large time difference between points and imu!!
[2026-08-19 18:24:27.541] [glim] [warning] points=1863.500000 imu=1864.540000 diff=1.040000
[2026-08-19 18:24:28.182] [glim] [info] playback speed: 4.856x
[2026-08-19 18:24:28.905] [glim] [warning] large time difference between points and imu!!
[2026-08-19 18:24:28.905] [glim] [warning] points=1871.000000 imu=1872.010000 diff=1.010000
[2026-08-19 18:24:28.905] [glim] [warning] large time difference between points and imu!!
[2026-08-19 18:24:28.905] [glim] [warning] points=1871.000000 imu=1872.020000 diff=1.020000
[2026-08-19 18:24:28.905] [glim] [warning] large time difference between points and imu!!
[2026-08-19 18:24:28.905] [glim] [warning] points=1871.000000 imu=1872.030000 diff=1.030000
[2026-08-19 18:24:29.390] [glim] [warning] large time difference between points and imu!!
[2026-08-19 18:24:29.390] [glim] [warning] points=1873.100000 imu=1874.110000 diff=1.010000
[2026-08-19 18:24:29.390] [glim] [warning] large time difference between points and imu!!
[2026-08-19 18:24:29.390] [glim] [warning] points=1873.100000 imu=1874.120000 diff=1.020000
[2026-08-19 18:24:29.530] [glim] [warning] large time difference between points and imu!!
[2026-08-19 18:24:29.530] [glim] [warning] points=1873.700000 imu=1874.710000 diff=1.010000
[2026-08-19 18:24:29.530] [glim] [warning] large time difference between points and imu!!
[2026-08-19 18:24:29.530] [glim] [warning] points=1873.700000 imu=1874.720000 diff=1.020000
[2026-08-19 18:24:29.530] [glim] [warning] large time difference between points and imu!!
[2026-08-19 18:24:29.530] [glim] [warning] points=1873.700000 imu=1874.730000 diff=1.030000
[2026-08-19 18:24:30.568] [glim] [warning] large time difference between points and imu!!
[2026-08-19 18:24:30.568] [glim] [warning] points=1877.300000 imu=1878.310000 diff=1.010000
[2026-08-19 18:24:30.568] [glim] [warning] large time difference between points and imu!!
[2026-08-19 18:24:30.568] [glim] [warning] points=1877.300000 imu=1878.320000 diff=1.020000
[2026-08-19 18:24:31.433] [glim] [warning] large time difference between points and imu!!
[2026-08-19 18:24:31.434] [glim] [warning] points=1880.200000 imu=1881.210000 diff=1.010000
[2026-08-19 18:24:31.434] [glim] [warning] large time difference between points and imu!!
[2026-08-19 18:24:31.434] [glim] [warning] points=1880.200000 imu=1881.220000 diff=1.020000
[2026-08-19 18:24:31.713] [glim] [warning] large time gap between consecutive IMU data!!
[2026-08-19 18:24:31.713] [glim] [warning] current=1881.750000 last=1881.490000 diff=0.260000
[2026-08-19 18:24:31.957] [glim] [warning] large time difference between points and imu!!
[2026-08-19 18:24:31.957] [glim] [warning] points=1882.300000 imu=1883.310000 diff=1.010000
[2026-08-19 18:24:31.957] [glim] [warning] large time difference between points and imu!!
[2026-08-19 18:24:31.957] [glim] [warning] points=1882.300000 imu=1883.320000 diff=1.020000
[2026-08-19 18:24:31.957] [glim] [warning] large time difference between points and imu!!
[2026-08-19 18:24:31.957] [glim] [warning] points=1882.300000 imu=1883.330000 diff=1.030000
[2026-08-19 18:24:31.957] [glim] [warning] large time difference between points and imu!!
[2026-08-19 18:24:31.957] [glim] [warning] points=1882.300000 imu=1883.340000 diff=1.040000
[2026-08-19 18:24:33.194] [glim] [info] playback speed: 4.033x
[2026-08-19 18:24:33.381] [glim] [warning] large time difference between points and imu!!
[2026-08-19 18:24:33.381] [glim] [warning] points=1888.500000 imu=1889.510000 diff=1.010000
[2026-08-19 18:24:33.381] [glim] [warning] large time difference between points and imu!!
[2026-08-19 18:24:33.381] [glim] [warning] points=1888.500000 imu=1889.520000 diff=1.020000
[2026-08-19 18:24:33.433] [glim] [warning] large time difference between points and imu!!
[2026-08-19 18:24:33.433] [glim] [warning] points=1888.700000 imu=1889.710000 diff=1.010000
[2026-08-19 18:24:33.433] [glim] [warning] large time difference between points and imu!!
[2026-08-19 18:24:33.433] [glim] [warning] points=1888.700000 imu=1889.720000 diff=1.020000
[2026-08-19 18:24:35.372] [glim] [warning] large time difference between points and imu!!
[2026-08-19 18:24:35.373] [glim] [warning] points=1895.900000 imu=1896.910000 diff=1.010000
[2026-08-19 18:24:35.373] [glim] [warning] large time difference between points and imu!!
[2026-08-19 18:24:35.373] [glim] [warning] points=1895.900000 imu=1896.920000 diff=1.020000
[2026-08-19 18:24:35.373] [glim] [warning] large time difference between points and imu!!
[2026-08-19 18:24:35.373] [glim] [warning] points=1895.900000 imu=1896.930000 diff=1.030000
[2026-08-19 18:24:35.816] [glim] [warning] large time difference between points and imu!!
[2026-08-19 18:24:35.817] [glim] [warning] points=1897.300000 imu=1898.310000 diff=1.010000
[2026-08-19 18:24:35.817] [glim] [warning] large time difference between points and imu!!
[2026-08-19 18:24:35.817] [glim] [warning] points=1897.300000 imu=1898.320000 diff=1.020000
[2026-08-19 18:24:36.439] [glim] [warning] large time difference between points and imu!!
[2026-08-19 18:24:36.439] [glim] [warning] points=1899.400000 imu=1900.410000 diff=1.010000
[2026-08-19 18:24:36.439] [glim] [warning] large time difference between points and imu!!
[2026-08-19 18:24:36.439] [glim] [warning] points=1899.400000 imu=1900.420000 diff=1.020000
[2026-08-19 18:24:36.439] [glim] [warning] large time difference between points and imu!!
[2026-08-19 18:24:36.439] [glim] [warning] points=1899.400000 imu=1900.430000 diff=1.030000
[2026-08-19 18:24:36.580] [glim] [warning] large time difference between points and imu!!
[2026-08-19 18:24:36.580] [glim] [warning] points=1899.900000 imu=1900.910000 diff=1.010000
[2026-08-19 18:24:36.581] [glim] [warning] large time difference between points and imu!!
[2026-08-19 18:24:36.581] [glim] [warning] points=1899.900000 imu=1900.920000 diff=1.020000
[2026-08-19 18:24:37.290] [glim] [warning] large time difference between points and imu!!
[2026-08-19 18:24:37.290] [glim] [warning] points=1902.500000 imu=1903.510000 diff=1.010000
[2026-08-19 18:24:37.291] [glim] [warning] large time difference between points and imu!!
[2026-08-19 18:24:37.291] [glim] [warning] points=1902.500000 imu=1903.520000 diff=1.020000
[2026-08-19 18:24:38.213] [glim] [info] playback speed: 3.692x
[2026-08-19 18:24:38.335] [glim] [warning] large time difference between points and imu!!
[2026-08-19 18:24:38.335] [glim] [warning] points=1906.700000 imu=1907.710000 diff=1.010000
[2026-08-19 18:24:38.335] [glim] [warning] large time difference between points and imu!!
[2026-08-19 18:24:38.335] [glim] [warning] points=1906.700000 imu=1907.720000 diff=1.020000
[2026-08-19 18:24:38.376] [glim] [warning] large time difference between points and imu!!
[2026-08-19 18:24:38.376] [glim] [warning] points=1906.900000 imu=1907.910000 diff=1.010000
[2026-08-19 18:24:38.377] [glim] [warning] large time difference between points and imu!!
[2026-08-19 18:24:38.377] [glim] [warning] points=1906.900000 imu=1907.920000 diff=1.020000
[2026-08-19 18:24:38.377] [glim] [warning] large time difference between points and imu!!
[2026-08-19 18:24:38.377] [glim] [warning] points=1906.900000 imu=1907.930000 diff=1.030000
[2026-08-19 18:24:40.249] [glim] [warning] large time difference between points and imu!!
[2026-08-19 18:24:40.249] [glim] [warning] points=1913.200000 imu=1914.210000 diff=1.010000
[2026-08-19 18:24:40.249] [glim] [warning] large time difference between points and imu!!
[2026-08-19 18:24:40.249] [glim] [warning] points=1913.200000 imu=1914.220000 diff=1.020000
[2026-08-19 18:24:40.249] [glim] [warning] large time difference between points and imu!!
[2026-08-19 18:24:40.249] [glim] [warning] points=1913.200000 imu=1914.230000 diff=1.030000
[2026-08-19 18:24:40.592] [glim] [warning] large time difference between points and imu!!
[2026-08-19 18:24:40.592] [glim] [warning] points=1914.300000 imu=1915.310000 diff=1.010000
[2026-08-19 18:24:40.592] [glim] [warning] large time difference between points and imu!!
[2026-08-19 18:24:40.592] [glim] [warning] points=1914.300000 imu=1915.320000 diff=1.020000
[2026-08-19 18:24:41.593] [glim] [warning] large time difference between points and imu!!
[2026-08-19 18:24:41.593] [glim] [warning] points=1917.700000 imu=1918.710000 diff=1.010000
[2026-08-19 18:24:41.593] [glim] [warning] large time difference between points and imu!!
[2026-08-19 18:24:41.593] [glim] [warning] points=1917.700000 imu=1918.720000 diff=1.020000
[2026-08-19 18:24:41.934] [glim] [warning] large time difference between points and imu!!
[2026-08-19 18:24:41.934] [glim] [warning] points=1918.900000 imu=1919.910000 diff=1.010000
[2026-08-19 18:24:41.934] [glim] [warning] large time difference between points and imu!!
[2026-08-19 18:24:41.934] [glim] [warning] points=1918.900000 imu=1919.920000 diff=1.020000
[2026-08-19 18:24:42.315] [glim] [warning] large time difference between points and imu!!
[2026-08-19 18:24:42.315] [glim] [warning] points=1920.300000 imu=1921.310000 diff=1.010000
[2026-08-19 18:24:42.315] [glim] [warning] large time difference between points and imu!!
[2026-08-19 18:24:42.315] [glim] [warning] points=1920.300000 imu=1921.320000 diff=1.020000
[2026-08-19 18:24:43.225] [glim] [info] playback speed: 3.573x
[2026-08-19 18:24:44.170] [glim] [warning] large time difference between points and imu!!
[2026-08-19 18:24:44.170] [glim] [warning] points=1926.600000 imu=1927.610000 diff=1.010000
[2026-08-19 18:24:44.170] [glim] [warning] large time difference between points and imu!!
[2026-08-19 18:24:44.170] [glim] [warning] points=1926.600000 imu=1927.620000 diff=1.020000
[2026-08-19 18:24:44.578] [glim] [warning] large time difference between points and imu!!
[2026-08-19 18:24:44.578] [glim] [warning] points=1928.000000 imu=1929.010000 diff=1.010000
[2026-08-19 18:24:44.579] [glim] [warning] large time difference between points and imu!!
[2026-08-19 18:24:44.579] [glim] [warning] points=1928.000000 imu=1929.020000 diff=1.020000
[2026-08-19 18:24:48.231] [glim] [info] playback speed: 3.558x
[2026-08-19 18:24:53.249] [glim] [info] playback speed: 4.848x
[2026-08-19 18:24:58.267] [glim] [info] playback speed: 3.789x
[2026-08-19 18:25:03.268] [glim] [info] playback speed: 3.481x
[2026-08-19 18:25:06.845] [glim] [warning] large time gap between consecutive IMU data!!
[2026-08-19 18:25:06.845] [glim] [warning] current=2016.610000 last=2016.350000 diff=0.260000
[2026-08-19 18:25:08.268] [glim] [info] playback speed: 3.865x
[2026-08-19 18:25:13.268] [glim] [info] playback speed: 4.698x
[2026-08-19 18:25:18.269] [glim] [info] playback speed: 3.785x
[2026-08-19 18:25:23.284] [glim] [info] playback speed: 3.901x
[WARN] [1787131527.992646930] [rosbag2_storage_mcap]: attempted to read in receive timestamp order with no message index
[2026-08-19 18:25:28.300] [glim] [info] playback speed: 3.116x
[2026-08-19 18:25:33.301] [glim] [info] playback speed: 3.884x
[2026-08-19 18:25:36.367] [glim] [warning] too few points in the downsampled cloud (48 points)
[2026-08-19 18:25:36.367] [glim] [warning] too few points in the filtered cloud (48 points)
[2026-08-19 18:25:36.389] [glim] [warning] too few points in the downsampled cloud (50 points)
[2026-08-19 18:25:36.389] [glim] [warning] too few points in the filtered cloud (50 points)
[2026-08-19 18:25:36.413] [glim] [warning] too few points in the downsampled cloud (48 points)
[2026-08-19 18:25:36.413] [glim] [warning] too few points in the filtered cloud (48 points)
[2026-08-19 18:25:36.438] [glim] [warning] too few points in the downsampled cloud (49 points)
[2026-08-19 18:25:36.438] [glim] [warning] too few points in the filtered cloud (49 points)
[2026-08-19 18:25:36.456] [glim] [warning] too few points in the downsampled cloud (85 points)
[2026-08-19 18:25:36.456] [glim] [warning] too few points in the filtered cloud (85 points)
[2026-08-19 18:25:36.475] [glim] [warning] too few points in the downsampled cloud (87 points)
[2026-08-19 18:25:36.475] [glim] [warning] too few points in the filtered cloud (87 points)
[2026-08-19 18:25:36.488] [glim] [warning] too few points in the downsampled cloud (75 points)
[2026-08-19 18:25:36.488] [glim] [warning] too few points in the filtered cloud (75 points)
[2026-08-19 18:25:36.500] [glim] [warning] too few points in the downsampled cloud (16 points)
[2026-08-19 18:25:36.500] [glim] [warning] too few points in the filtered cloud (16 points)
[2026-08-19 18:25:36.502] [glim] [warning] too few points in the downsampled cloud (72 points)
[2026-08-19 18:25:36.502] [glim] [warning] too few points in the filtered cloud (72 points)
[2026-08-19 18:25:36.507] [glim] [warning] too few points in the downsampled cloud (78 points)
[2026-08-19 18:25:36.507] [glim] [warning] too few points in the filtered cloud (78 points)
[2026-08-19 18:25:36.511] [glim] [warning] too few points in the downsampled cloud (34 points)
[2026-08-19 18:25:36.511] [glim] [warning] too few points in the filtered cloud (34 points)
[2026-08-19 18:25:36.524] [glim] [warning] too few points in the downsampled cloud (62 points)
[2026-08-19 18:25:36.524] [glim] [warning] too few points in the filtered cloud (62 points)
[2026-08-19 18:25:36.528] [glim] [warning] too few points in the downsampled cloud (56 points)
[2026-08-19 18:25:36.528] [glim] [warning] too few points in the filtered cloud (56 points)
[2026-08-19 18:25:36.531] [glim] [warning] too few points in the downsampled cloud (47 points)
[2026-08-19 18:25:36.531] [glim] [warning] too few points in the filtered cloud (47 points)
[2026-08-19 18:25:36.535] [glim] [warning] too few points in the downsampled cloud (52 points)
[2026-08-19 18:25:36.535] [glim] [warning] too few points in the filtered cloud (52 points)
[2026-08-19 18:25:36.549] [glim] [warning] too few points in the downsampled cloud (46 points)
[2026-08-19 18:25:36.549] [glim] [warning] too few points in the filtered cloud (46 points)
[2026-08-19 18:25:36.549] [glim] [info] reached playback_duration (2129.672538382 > 2129.67)
[2026-08-19 18:25:36.551] [glim] [info] waiting for odometry estimation
[2026-08-19 18:25:36.565] [glim] [info] waiting for local mapping
[2026-08-19 18:25:36.584] [glim] [info] waiting for global mapping
[2026-08-19 18:25:36.674] [global] [info] saving to /home/hyunwoo-chae/AG-CoNav-test_main/run_results/pure_glim_diag/dump_full_ct...
[2026-08-19 18:25:36.681] [global] [info] serializing factor graph to /home/hyunwoo-chae/AG-CoNav-test_main/run_results/pure_glim_diag/dump_full_ct/graph.bin
[2026-08-19 18:25:47.066] [mem] [warning] CPU memory usage: 4876.16 / 5894.34 MB 82.73%
[2026-08-19 18:25:50.157] [global] [info] saved
