[2026-08-17 04:52:45.339] [glim] [info] config_path: /home/hyunwoo-chae/AG-CoNav-test_main/glim_config
[2026-08-17 04:52:45.341] [glim] [info] load libodometry_estimation_ct.so
[2026-08-17 04:52:45.343] [glim] [info] load libsub_mapping_passthrough.so
[2026-08-17 04:52:45.344] [glim] [info] load libglobal_mapping_pose_graph.so
[2026-08-17 04:52:45.345] [glim] [info] load libmemory_monitor.so
[2026-08-17 04:52:45.346] [glim] [info] load librviz_viewer.so
[WARN] [1786909987.996296642] [transform_listener_impl_b451db81dab0]: New publisher discovered on topic '/tf_static', offering incompatible QoS. No messages will be sent to it. Last incompatible policy: DURABILITY_QOS_POLICY
[2026-08-17 04:53:08.784] [rviz] [info] auto-detected IMU frame ID: drone/base_link
[2026-08-17 04:53:08.785] [rviz] [info] auto-detected LiDAR frame ID: drone/os1_lidar
[2026-08-17 04:53:08.785] [rviz] [info] base_frame_id is not set. using IMU frame ID 'drone/base_link' as base frame ID.
[2026-08-17 04:53:15.458] [glim] [warning] large time gap between consecutive LiDAR frames!!
[2026-08-17 04:53:15.458] [glim] [warning] current=16.100000 last=15.600000 diff=0.500000
[2026-08-17 04:53:20.153] [glim] [warning] large time difference between points and imu!!
[2026-08-17 04:53:20.154] [glim] [warning] points=19.800000 imu=20.810000 diff=1.010000
[2026-08-17 04:53:20.168] [glim] [warning] large time difference between points and imu!!
[2026-08-17 04:53:20.168] [glim] [warning] points=19.800000 imu=20.820000 diff=1.020000
[2026-08-17 04:53:20.173] [glim] [warning] large time difference between points and imu!!
[2026-08-17 04:53:20.173] [glim] [warning] points=19.800000 imu=20.830000 diff=1.030000
[2026-08-17 04:53:20.183] [glim] [warning] large time difference between points and imu!!
[2026-08-17 04:53:20.183] [glim] [warning] points=19.800000 imu=20.840000 diff=1.040000
[2026-08-17 04:53:20.193] [glim] [warning] large time difference between points and imu!!
[2026-08-17 04:53:20.193] [glim] [warning] points=19.800000 imu=20.850000 diff=1.050000
[2026-08-17 04:53:20.204] [glim] [warning] large time difference between points and imu!!
[2026-08-17 04:53:20.204] [glim] [warning] points=19.800000 imu=20.860000 diff=1.060000
[2026-08-17 04:53:20.214] [glim] [warning] large time difference between points and imu!!
[2026-08-17 04:53:20.214] [glim] [warning] points=19.800000 imu=20.870000 diff=1.070000
[2026-08-17 04:53:20.223] [glim] [warning] large time difference between points and imu!!
[2026-08-17 04:53:20.223] [glim] [warning] points=19.800000 imu=20.880000 diff=1.080000
[2026-08-17 04:53:20.233] [glim] [warning] large time difference between points and imu!!
[2026-08-17 04:53:20.233] [glim] [warning] points=19.800000 imu=20.890000 diff=1.090000
[2026-08-17 04:53:20.243] [glim] [warning] large time difference between points and imu!!
[2026-08-17 04:53:20.243] [glim] [warning] points=19.800000 imu=20.900000 diff=1.100000
[2026-08-17 04:53:20.254] [glim] [warning] large time difference between points and imu!!
[2026-08-17 04:53:20.254] [glim] [warning] points=19.800000 imu=20.910000 diff=1.110000
[2026-08-17 04:53:20.264] [glim] [warning] large time difference between points and imu!!
[2026-08-17 04:53:20.264] [glim] [warning] points=19.800000 imu=20.920000 diff=1.120000
[2026-08-17 04:53:20.274] [glim] [warning] large time difference between points and imu!!
[2026-08-17 04:53:20.274] [glim] [warning] points=19.800000 imu=20.930000 diff=1.130000
[2026-08-17 04:53:20.284] [glim] [warning] large time difference between points and imu!!
[2026-08-17 04:53:20.284] [glim] [warning] points=19.800000 imu=20.940000 diff=1.140000
[2026-08-17 04:53:20.298] [glim] [warning] large time difference between points and imu!!
[2026-08-17 04:53:20.298] [glim] [warning] points=19.800000 imu=20.950000 diff=1.150000
[2026-08-17 04:53:20.305] [glim] [warning] large time difference between points and imu!!
[2026-08-17 04:53:20.305] [glim] [warning] points=19.800000 imu=20.960000 diff=1.160000
[2026-08-17 04:53:20.314] [glim] [warning] large time difference between points and imu!!
[2026-08-17 04:53:20.314] [glim] [warning] points=19.800000 imu=20.970000 diff=1.170000
[2026-08-17 04:53:20.325] [glim] [warning] large time difference between points and imu!!
[2026-08-17 04:53:20.325] [glim] [warning] points=19.800000 imu=20.980000 diff=1.180000
[2026-08-17 04:53:20.333] [glim] [warning] large time difference between points and imu!!
[2026-08-17 04:53:20.333] [glim] [warning] points=19.800000 imu=20.990000 diff=1.190000
[2026-08-17 04:53:20.346] [glim] [warning] large time difference between points and imu!!
[2026-08-17 04:53:20.346] [glim] [warning] points=19.800000 imu=21.000000 diff=1.200000
[2026-08-17 04:53:20.354] [glim] [warning] large time difference between points and imu!!
[2026-08-17 04:53:20.354] [glim] [warning] points=19.800000 imu=21.010000 diff=1.210000
[2026-08-17 04:53:20.364] [glim] [warning] large time difference between points and imu!!
[2026-08-17 04:53:20.364] [glim] [warning] points=19.800000 imu=21.020000 diff=1.220000
[2026-08-17 04:53:20.374] [glim] [warning] large time difference between points and imu!!
[2026-08-17 04:53:20.374] [glim] [warning] points=19.800000 imu=21.030000 diff=1.230000
[2026-08-17 04:53:20.384] [glim] [warning] large time difference between points and imu!!
[2026-08-17 04:53:20.384] [glim] [warning] points=19.800000 imu=21.040000 diff=1.240000
[2026-08-17 04:53:20.394] [glim] [warning] large time difference between points and imu!!
[2026-08-17 04:53:20.394] [glim] [warning] points=19.800000 imu=21.050000 diff=1.250000
[2026-08-17 04:53:20.405] [glim] [warning] large time difference between points and imu!!
[2026-08-17 04:53:20.405] [glim] [warning] points=19.800000 imu=21.060000 diff=1.260000
[2026-08-17 04:53:20.415] [glim] [warning] large time difference between points and imu!!
[2026-08-17 04:53:20.415] [glim] [warning] points=19.800000 imu=21.070000 diff=1.270000
[2026-08-17 04:53:20.425] [glim] [warning] large time difference between points and imu!!
[2026-08-17 04:53:20.425] [glim] [warning] points=19.800000 imu=21.080000 diff=1.280000
[2026-08-17 04:53:20.436] [glim] [warning] large time difference between points and imu!!
[2026-08-17 04:53:20.436] [glim] [warning] points=19.800000 imu=21.090000 diff=1.290000
[2026-08-17 04:53:20.444] [glim] [warning] large time difference between points and imu!!
[2026-08-17 04:53:20.444] [glim] [warning] points=19.800000 imu=21.100000 diff=1.300000
[2026-08-17 04:53:20.455] [glim] [warning] large time difference between points and imu!!
[2026-08-17 04:53:20.455] [glim] [warning] points=19.800000 imu=21.110000 diff=1.310000
[2026-08-17 04:53:20.466] [glim] [warning] large time difference between points and imu!!
[2026-08-17 04:53:20.466] [glim] [warning] points=19.800000 imu=21.120000 diff=1.320000
[2026-08-17 04:53:20.475] [glim] [warning] large time difference between points and imu!!
[2026-08-17 04:53:20.475] [glim] [warning] points=19.800000 imu=21.130000 diff=1.330000
[2026-08-17 04:53:20.487] [glim] [warning] large time difference between points and imu!!
[2026-08-17 04:53:20.487] [glim] [warning] points=19.800000 imu=21.140000 diff=1.340000
[2026-08-17 04:53:20.493] [glim] [warning] large time difference between points and imu!!
[2026-08-17 04:53:20.493] [glim] [warning] points=19.800000 imu=21.150000 diff=1.350000
[2026-08-17 04:53:20.503] [glim] [warning] large time difference between points and imu!!
[2026-08-17 04:53:20.503] [glim] [warning] points=19.800000 imu=21.160000 diff=1.360000
[2026-08-17 04:53:20.514] [glim] [warning] large time difference between points and imu!!
[2026-08-17 04:53:20.514] [glim] [warning] points=19.800000 imu=21.170000 diff=1.370000
[2026-08-17 04:53:20.526] [glim] [warning] large time difference between points and imu!!
[2026-08-17 04:53:20.526] [glim] [warning] points=19.800000 imu=21.180000 diff=1.380000
[2026-08-17 04:53:20.533] [glim] [warning] large time difference between points and imu!!
[2026-08-17 04:53:20.534] [glim] [warning] points=19.800000 imu=21.190000 diff=1.390000
[2026-08-17 04:53:20.543] [glim] [warning] large time difference between points and imu!!
[2026-08-17 04:53:20.543] [glim] [warning] points=19.800000 imu=21.200000 diff=1.400000
[2026-08-17 04:53:20.560] [glim] [warning] large time difference between points and imu!!
[2026-08-17 04:53:20.560] [glim] [warning] points=19.800000 imu=21.210000 diff=1.410000
[2026-08-17 04:53:20.566] [glim] [warning] large time difference between points and imu!!
[2026-08-17 04:53:20.566] [glim] [warning] points=19.800000 imu=21.220000 diff=1.420000
[2026-08-17 04:53:20.573] [glim] [warning] large time difference between points and imu!!
[2026-08-17 04:53:20.573] [glim] [warning] points=19.800000 imu=21.230000 diff=1.430000
[2026-08-17 04:53:20.576] [glim] [warning] large time gap between consecutive LiDAR frames!!
[2026-08-17 04:53:20.576] [glim] [warning] current=21.200000 last=19.800000 diff=1.400000
[2026-08-17 04:53:20.739] [odom] [warning] neither frames[last]=0xe2fca11d8dd0 nor frames[last - 1]=0x0 is released!!
[2026-08-17 04:53:20.739] [odom] [warning] there might be a large time gap between point cloud frames
[2026-08-17 04:53:22.965] [glim] [warning] large time gap between consecutive LiDAR frames!!
[2026-08-17 04:53:22.965] [glim] [warning] current=23.600000 last=22.900000 diff=0.700000
[2026-08-17 04:53:24.971] [glim] [warning] large time gap between consecutive LiDAR frames!!
[2026-08-17 04:53:24.971] [glim] [warning] current=25.600000 last=24.900000 diff=0.700000
[2026-08-17 04:53:28.272] [glim] [warning] large time gap between consecutive LiDAR frames!!
[2026-08-17 04:53:28.272] [glim] [warning] current=28.900000 last=28.000000 diff=0.900000
[2026-08-17 04:53:29.472] [glim] [warning] large time gap between consecutive LiDAR frames!!
[2026-08-17 04:53:29.472] [glim] [warning] current=30.100000 last=29.300000 diff=0.800000
[2026-08-17 04:53:35.177] [glim] [warning] large time gap between consecutive LiDAR frames!!
[2026-08-17 04:53:35.177] [glim] [warning] current=35.800000 last=35.000000 diff=0.800000
[2026-08-17 04:53:38.567] [glim] [warning] large time gap between consecutive LiDAR frames!!
[2026-08-17 04:53:38.567] [glim] [warning] current=39.200000 last=38.600000 diff=0.600000
[2026-08-17 04:53:39.775] [glim] [warning] large time gap between consecutive LiDAR frames!!
[2026-08-17 04:53:39.775] [glim] [warning] current=40.400000 last=39.700000 diff=0.700000
[2026-08-17 04:53:47.477] [glim] [warning] large time gap between consecutive LiDAR frames!!
[2026-08-17 04:53:47.477] [glim] [warning] current=48.100000 last=47.500000 diff=0.600000
[2026-08-17 04:53:51.580] [glim] [warning] large time gap between consecutive LiDAR frames!!
[2026-08-17 04:53:51.580] [glim] [warning] current=52.200000 last=51.600000 diff=0.600000
[2026-08-17 04:53:52.570] [glim] [warning] large time difference between points and imu!!
[2026-08-17 04:53:52.570] [glim] [warning] points=52.200000 imu=53.210000 diff=1.010000
[2026-08-17 04:53:52.576] [glim] [warning] large time difference between points and imu!!
[2026-08-17 04:53:52.576] [glim] [warning] points=52.200000 imu=53.220000 diff=1.020000
[2026-08-17 04:53:52.586] [glim] [warning] large time difference between points and imu!!
[2026-08-17 04:53:52.586] [glim] [warning] points=52.200000 imu=53.230000 diff=1.030000
[2026-08-17 04:53:52.596] [glim] [warning] large time difference between points and imu!!
[2026-08-17 04:53:52.596] [glim] [warning] points=52.200000 imu=53.240000 diff=1.040000
[2026-08-17 04:53:52.606] [glim] [warning] large time difference between points and imu!!
[2026-08-17 04:53:52.606] [glim] [warning] points=52.200000 imu=53.250000 diff=1.050000
[2026-08-17 04:53:52.615] [glim] [warning] large time difference between points and imu!!
[2026-08-17 04:53:52.615] [glim] [warning] points=52.200000 imu=53.260000 diff=1.060000
[2026-08-17 04:53:52.625] [glim] [warning] large time difference between points and imu!!
[2026-08-17 04:53:52.625] [glim] [warning] points=52.200000 imu=53.270000 diff=1.070000
[2026-08-17 04:53:52.635] [glim] [warning] large time difference between points and imu!!
[2026-08-17 04:53:52.635] [glim] [warning] points=52.200000 imu=53.280000 diff=1.080000
[2026-08-17 04:53:52.645] [glim] [warning] large time difference between points and imu!!
[2026-08-17 04:53:52.645] [glim] [warning] points=52.200000 imu=53.290000 diff=1.090000
[2026-08-17 04:53:52.656] [glim] [warning] large time difference between points and imu!!
[2026-08-17 04:53:52.656] [glim] [warning] points=52.200000 imu=53.300000 diff=1.100000
[2026-08-17 04:53:52.669] [glim] [warning] large time difference between points and imu!!
[2026-08-17 04:53:52.669] [glim] [warning] points=52.200000 imu=53.310000 diff=1.110000
[2026-08-17 04:53:52.675] [glim] [warning] large time difference between points and imu!!
[2026-08-17 04:53:52.675] [glim] [warning] points=52.200000 imu=53.320000 diff=1.120000
[2026-08-17 04:53:52.685] [glim] [warning] large time difference between points and imu!!
[2026-08-17 04:53:52.685] [glim] [warning] points=52.200000 imu=53.330000 diff=1.130000
[2026-08-17 04:53:52.690] [glim] [warning] large time gap between consecutive LiDAR frames!!
[2026-08-17 04:53:52.690] [glim] [warning] current=53.300000 last=52.200000 diff=1.100000
[2026-08-17 04:53:52.862] [odom] [warning] neither frames[last]=0xe2fc6214f330 nor frames[last - 1]=0x0 is released!!
[2026-08-17 04:53:52.862] [odom] [warning] there might be a large time gap between point cloud frames
[2026-08-17 04:53:54.196] [glim] [warning] large time gap between consecutive LiDAR frames!!
[2026-08-17 04:53:54.196] [glim] [warning] current=54.800000 last=54.200000 diff=0.600000
[2026-08-17 04:53:56.705] [glim] [warning] large time gap between consecutive LiDAR frames!!
[2026-08-17 04:53:56.705] [glim] [warning] current=57.300000 last=56.500000 diff=0.800000
[2026-08-17 04:54:04.643] [glim] [warning] large time gap between consecutive LiDAR frames!!
[2026-08-17 04:54:04.643] [glim] [warning] current=65.200000 last=64.600000 diff=0.600000
[2026-08-17 04:54:05.656] [glim] [warning] large time gap between consecutive LiDAR frames!!
[2026-08-17 04:54:05.657] [glim] [warning] current=66.200000 last=65.600000 diff=0.600000
[2026-08-17 04:54:07.544] [glim] [warning] large time gap between consecutive LiDAR frames!!
[2026-08-17 04:54:07.545] [glim] [warning] current=68.100000 last=67.400000 diff=0.700000
[2026-08-17 04:54:10.979] [glim] [warning] large time gap between consecutive LiDAR frames!!
[2026-08-17 04:54:10.979] [glim] [warning] current=71.500000 last=70.600000 diff=0.900000
[2026-08-17 04:54:11.351] [odom] [warning] neither frames[last]=0xe2fca38f5840 nor frames[last - 1]=0x0 is released!!
[2026-08-17 04:54:11.351] [odom] [warning] there might be a large time gap between point cloud frames
[2026-08-17 04:54:16.847] [glim] [warning] large time gap between consecutive LiDAR frames!!
[2026-08-17 04:54:16.847] [glim] [warning] current=77.300000 last=76.500000 diff=0.800000
[2026-08-17 04:54:19.538] [glim] [warning] large time difference between points and imu!!
[2026-08-17 04:54:19.538] [glim] [warning] points=79.000000 imu=80.010000 diff=1.010000
[2026-08-17 04:54:19.545] [glim] [warning] large time difference between points and imu!!
[2026-08-17 04:54:19.545] [glim] [warning] points=79.000000 imu=80.020000 diff=1.020000
[2026-08-17 04:54:19.555] [glim] [warning] large time difference between points and imu!!
[2026-08-17 04:54:19.555] [glim] [warning] points=79.000000 imu=80.030000 diff=1.030000
[2026-08-17 04:54:19.565] [glim] [warning] large time difference between points and imu!!
[2026-08-17 04:54:19.565] [glim] [warning] points=79.000000 imu=80.040000 diff=1.040000
[2026-08-17 04:54:19.575] [glim] [warning] large time difference between points and imu!!
[2026-08-17 04:54:19.575] [glim] [warning] points=79.000000 imu=80.050000 diff=1.050000
[2026-08-17 04:54:19.585] [glim] [warning] large time difference between points and imu!!
[2026-08-17 04:54:19.585] [glim] [warning] points=79.000000 imu=80.060000 diff=1.060000
[2026-08-17 04:54:19.595] [glim] [warning] large time difference between points and imu!!
[2026-08-17 04:54:19.595] [glim] [warning] points=79.000000 imu=80.070000 diff=1.070000
[2026-08-17 04:54:19.605] [glim] [warning] large time difference between points and imu!!
[2026-08-17 04:54:19.605] [glim] [warning] points=79.000000 imu=80.080000 diff=1.080000
[2026-08-17 04:54:19.615] [glim] [warning] large time difference between points and imu!!
[2026-08-17 04:54:19.615] [glim] [warning] points=79.000000 imu=80.090000 diff=1.090000
[2026-08-17 04:54:19.625] [glim] [warning] large time difference between points and imu!!
[2026-08-17 04:54:19.625] [glim] [warning] points=79.000000 imu=80.100000 diff=1.100000
[2026-08-17 04:54:19.639] [glim] [warning] large time difference between points and imu!!
[2026-08-17 04:54:19.639] [glim] [warning] points=79.000000 imu=80.110000 diff=1.110000
[2026-08-17 04:54:19.648] [glim] [warning] large time difference between points and imu!!
[2026-08-17 04:54:19.648] [glim] [warning] points=79.000000 imu=80.120000 diff=1.120000
[2026-08-17 04:54:19.658] [glim] [warning] large time difference between points and imu!!
[2026-08-17 04:54:19.658] [glim] [warning] points=79.000000 imu=80.130000 diff=1.130000
[2026-08-17 04:54:19.668] [glim] [warning] large time difference between points and imu!!
[2026-08-17 04:54:19.668] [glim] [warning] points=79.000000 imu=80.140000 diff=1.140000
[2026-08-17 04:54:19.678] [glim] [warning] large time difference between points and imu!!
[2026-08-17 04:54:19.678] [glim] [warning] points=79.000000 imu=80.150000 diff=1.150000
[2026-08-17 04:54:19.688] [glim] [warning] large time difference between points and imu!!
[2026-08-17 04:54:19.688] [glim] [warning] points=79.000000 imu=80.160000 diff=1.160000
[2026-08-17 04:54:19.698] [glim] [warning] large time difference between points and imu!!
[2026-08-17 04:54:19.698] [glim] [warning] points=79.000000 imu=80.170000 diff=1.170000
[2026-08-17 04:54:19.708] [glim] [warning] large time difference between points and imu!!
[2026-08-17 04:54:19.708] [glim] [warning] points=79.000000 imu=80.180000 diff=1.180000
[2026-08-17 04:54:19.722] [glim] [warning] large time difference between points and imu!!
[2026-08-17 04:54:19.722] [glim] [warning] points=79.000000 imu=80.190000 diff=1.190000
[2026-08-17 04:54:19.729] [glim] [warning] large time difference between points and imu!!
[2026-08-17 04:54:19.729] [glim] [warning] points=79.000000 imu=80.200000 diff=1.200000
[2026-08-17 04:54:19.741] [glim] [warning] large time difference between points and imu!!
[2026-08-17 04:54:19.741] [glim] [warning] points=79.000000 imu=80.210000 diff=1.210000
[2026-08-17 04:54:19.750] [glim] [warning] large time difference between points and imu!!
[2026-08-17 04:54:19.750] [glim] [warning] points=79.000000 imu=80.220000 diff=1.220000
[2026-08-17 04:54:19.764] [glim] [warning] large time gap between consecutive LiDAR frames!!
[2026-08-17 04:54:19.764] [glim] [warning] current=80.200000 last=79.000000 diff=1.200000
[2026-08-17 04:54:20.023] [odom] [warning] neither frames[last]=0xe2fca0e50db0 nor frames[last - 1]=0x0 is released!!
[2026-08-17 04:54:20.023] [odom] [warning] there might be a large time gap between point cloud frames
[2026-08-17 04:54:23.088] [glim] [warning] large time gap between consecutive LiDAR frames!!
[2026-08-17 04:54:23.088] [glim] [warning] current=83.500000 last=82.700000 diff=0.800000
[2026-08-17 04:54:24.467] [glim] [warning] large time difference between points and imu!!
[2026-08-17 04:54:24.467] [glim] [warning] points=83.900000 imu=84.910000 diff=1.010000
[2026-08-17 04:54:24.476] [glim] [warning] large time difference between points and imu!!
[2026-08-17 04:54:24.476] [glim] [warning] points=83.900000 imu=84.920000 diff=1.020000
[2026-08-17 04:54:24.486] [glim] [warning] large time difference between points and imu!!
[2026-08-17 04:54:24.486] [glim] [warning] points=83.900000 imu=84.930000 diff=1.030000
[2026-08-17 04:54:24.496] [glim] [warning] large time difference between points and imu!!
[2026-08-17 04:54:24.496] [glim] [warning] points=83.900000 imu=84.940000 diff=1.040000
[2026-08-17 04:54:24.509] [glim] [warning] large time difference between points and imu!!
[2026-08-17 04:54:24.509] [glim] [warning] points=83.900000 imu=84.950000 diff=1.050000
[2026-08-17 04:54:24.516] [glim] [warning] large time difference between points and imu!!
[2026-08-17 04:54:24.516] [glim] [warning] points=83.900000 imu=84.960000 diff=1.060000
[2026-08-17 04:54:24.526] [glim] [warning] large time difference between points and imu!!
[2026-08-17 04:54:24.526] [glim] [warning] points=83.900000 imu=84.970000 diff=1.070000
[2026-08-17 04:54:24.537] [glim] [warning] large time difference between points and imu!!
[2026-08-17 04:54:24.537] [glim] [warning] points=83.900000 imu=84.980000 diff=1.080000
[2026-08-17 04:54:24.548] [glim] [warning] large time difference between points and imu!!
[2026-08-17 04:54:24.548] [glim] [warning] points=83.900000 imu=84.990000 diff=1.090000
[2026-08-17 04:54:24.559] [glim] [warning] large time difference between points and imu!!
[2026-08-17 04:54:24.559] [glim] [warning] points=83.900000 imu=85.000000 diff=1.100000
[2026-08-17 04:54:24.571] [glim] [warning] large time difference between points and imu!!
[2026-08-17 04:54:24.571] [glim] [warning] points=83.900000 imu=85.010000 diff=1.110000
[2026-08-17 04:54:24.577] [glim] [warning] large time difference between points and imu!!
[2026-08-17 04:54:24.577] [glim] [warning] points=83.900000 imu=85.020000 diff=1.120000
[2026-08-17 04:54:24.587] [glim] [warning] large time difference between points and imu!!
[2026-08-17 04:54:24.587] [glim] [warning] points=83.900000 imu=85.030000 diff=1.130000
[2026-08-17 04:54:24.596] [glim] [warning] large time difference between points and imu!!
[2026-08-17 04:54:24.596] [glim] [warning] points=83.900000 imu=85.040000 diff=1.140000
[2026-08-17 04:54:24.608] [glim] [warning] large time difference between points and imu!!
[2026-08-17 04:54:24.608] [glim] [warning] points=83.900000 imu=85.050000 diff=1.150000
[2026-08-17 04:54:24.617] [glim] [warning] large time difference between points and imu!!
[2026-08-17 04:54:24.617] [glim] [warning] points=83.900000 imu=85.060000 diff=1.160000
[2026-08-17 04:54:24.626] [glim] [warning] large time difference between points and imu!!
[2026-08-17 04:54:24.626] [glim] [warning] points=83.900000 imu=85.070000 diff=1.170000
[2026-08-17 04:54:24.636] [glim] [warning] large time difference between points and imu!!
[2026-08-17 04:54:24.636] [glim] [warning] points=83.900000 imu=85.080000 diff=1.180000
[2026-08-17 04:54:24.646] [glim] [warning] large time difference between points and imu!!
[2026-08-17 04:54:24.646] [glim] [warning] points=83.900000 imu=85.090000 diff=1.190000
[2026-08-17 04:54:24.656] [glim] [warning] large time difference between points and imu!!
[2026-08-17 04:54:24.656] [glim] [warning] points=83.900000 imu=85.100000 diff=1.200000
[2026-08-17 04:54:24.667] [glim] [warning] large time difference between points and imu!!
[2026-08-17 04:54:24.667] [glim] [warning] points=83.900000 imu=85.110000 diff=1.210000
[2026-08-17 04:54:24.679] [glim] [warning] large time difference between points and imu!!
[2026-08-17 04:54:24.679] [glim] [warning] points=83.900000 imu=85.120000 diff=1.220000
[2026-08-17 04:54:24.686] [glim] [warning] large time difference between points and imu!!
[2026-08-17 04:54:24.686] [glim] [warning] points=83.900000 imu=85.130000 diff=1.230000
[2026-08-17 04:54:24.696] [glim] [warning] large time difference between points and imu!!
[2026-08-17 04:54:24.696] [glim] [warning] points=83.900000 imu=85.140000 diff=1.240000
[2026-08-17 04:54:24.707] [glim] [warning] large time difference between points and imu!!
[2026-08-17 04:54:24.707] [glim] [warning] points=83.900000 imu=85.150000 diff=1.250000
[2026-08-17 04:54:24.719] [glim] [warning] large time difference between points and imu!!
[2026-08-17 04:54:24.719] [glim] [warning] points=83.900000 imu=85.160000 diff=1.260000
[2026-08-17 04:54:24.726] [glim] [warning] large time difference between points and imu!!
[2026-08-17 04:54:24.726] [glim] [warning] points=83.900000 imu=85.170000 diff=1.270000
[2026-08-17 04:54:24.736] [glim] [warning] large time difference between points and imu!!
[2026-08-17 04:54:24.736] [glim] [warning] points=83.900000 imu=85.180000 diff=1.280000
[2026-08-17 04:54:24.746] [glim] [warning] large time difference between points and imu!!
[2026-08-17 04:54:24.746] [glim] [warning] points=83.900000 imu=85.190000 diff=1.290000
[2026-08-17 04:54:24.757] [glim] [warning] large time difference between points and imu!!
[2026-08-17 04:54:24.757] [glim] [warning] points=83.900000 imu=85.200000 diff=1.300000
[2026-08-17 04:54:24.770] [glim] [warning] large time difference between points and imu!!
[2026-08-17 04:54:24.770] [glim] [warning] points=83.900000 imu=85.210000 diff=1.310000
[2026-08-17 04:54:24.777] [glim] [warning] large time difference between points and imu!!
[2026-08-17 04:54:24.777] [glim] [warning] points=83.900000 imu=85.220000 diff=1.320000
[2026-08-17 04:54:24.787] [glim] [warning] large time difference between points and imu!!
[2026-08-17 04:54:24.787] [glim] [warning] points=83.900000 imu=85.230000 diff=1.330000
[2026-08-17 04:54:24.796] [glim] [warning] large time difference between points and imu!!
[2026-08-17 04:54:24.796] [glim] [warning] points=83.900000 imu=85.240000 diff=1.340000
[2026-08-17 04:54:24.806] [glim] [warning] large time difference between points and imu!!
[2026-08-17 04:54:24.806] [glim] [warning] points=83.900000 imu=85.250000 diff=1.350000
[2026-08-17 04:54:24.816] [glim] [warning] large time difference between points and imu!!
[2026-08-17 04:54:24.816] [glim] [warning] points=83.900000 imu=85.260000 diff=1.360000
[2026-08-17 04:54:24.826] [glim] [warning] large time difference between points and imu!!
[2026-08-17 04:54:24.826] [glim] [warning] points=83.900000 imu=85.270000 diff=1.370000
[2026-08-17 04:54:24.836] [glim] [warning] large time difference between points and imu!!
[2026-08-17 04:54:24.836] [glim] [warning] points=83.900000 imu=85.280000 diff=1.380000
[2026-08-17 04:54:24.847] [glim] [warning] large time difference between points and imu!!
[2026-08-17 04:54:24.847] [glim] [warning] points=83.900000 imu=85.290000 diff=1.390000
[2026-08-17 04:54:24.856] [glim] [warning] large time difference between points and imu!!
[2026-08-17 04:54:24.856] [glim] [warning] points=83.900000 imu=85.300000 diff=1.400000
[2026-08-17 04:54:24.868] [glim] [warning] large time difference between points and imu!!
[2026-08-17 04:54:24.868] [glim] [warning] points=83.900000 imu=85.310000 diff=1.410000
[2026-08-17 04:54:24.876] [glim] [warning] large time difference between points and imu!!
[2026-08-17 04:54:24.876] [glim] [warning] points=83.900000 imu=85.320000 diff=1.420000
[2026-08-17 04:54:24.890] [glim] [warning] large time gap between consecutive LiDAR frames!!
[2026-08-17 04:54:24.890] [glim] [warning] current=85.300000 last=83.900000 diff=1.400000
[2026-08-17 04:54:25.055] [odom] [warning] neither frames[last]=0xe2fca2b6ff50 nor frames[last - 1]=0x0 is released!!
[2026-08-17 04:54:25.055] [odom] [warning] there might be a large time gap between point cloud frames
[2026-08-17 04:54:31.892] [glim] [warning] large time gap between consecutive LiDAR frames!!
[2026-08-17 04:54:31.892] [glim] [warning] current=92.300000 last=91.600000 diff=0.700000
[2026-08-17 04:54:32.601] [glim] [warning] large time gap between consecutive LiDAR frames!!
[2026-08-17 04:54:32.601] [glim] [warning] current=93.000000 last=92.400000 diff=0.600000
[2026-08-17 04:54:36.743] [glim] [warning] large time gap between consecutive LiDAR frames!!
[2026-08-17 04:54:36.743] [glim] [warning] current=97.100000 last=96.500000 diff=0.600000
[2026-08-17 04:54:38.247] [glim] [warning] large time gap between consecutive LiDAR frames!!
[2026-08-17 04:54:38.247] [glim] [warning] current=98.600000 last=97.800000 diff=0.800000
[2026-08-17 04:54:39.737] [glim] [warning] large time gap between consecutive LiDAR frames!!
[2026-08-17 04:54:39.737] [glim] [warning] current=100.100000 last=99.500000 diff=0.600000
[2026-08-17 04:54:40.745] [glim] [warning] large time gap between consecutive LiDAR frames!!
[2026-08-17 04:54:40.745] [glim] [warning] current=101.100000 last=100.300000 diff=0.800000
[2026-08-17 04:54:42.045] [glim] [warning] large time gap between consecutive LiDAR frames!!
[2026-08-17 04:54:42.045] [glim] [warning] current=102.400000 last=101.800000 diff=0.600000
[2026-08-17 04:54:43.248] [glim] [warning] large time gap between consecutive LiDAR frames!!
[2026-08-17 04:54:43.248] [glim] [warning] current=103.600000 last=102.900000 diff=0.700000
[2026-08-17 04:54:46.128] [glim] [warning] large time difference between points and imu!!
[2026-08-17 04:54:46.128] [glim] [warning] points=105.500000 imu=106.510000 diff=1.010000
[2026-08-17 04:54:46.137] [glim] [warning] large time difference between points and imu!!
[2026-08-17 04:54:46.137] [glim] [warning] points=105.500000 imu=106.520000 diff=1.020000
[2026-08-17 04:54:46.145] [glim] [warning] large time difference between points and imu!!
[2026-08-17 04:54:46.145] [glim] [warning] points=105.500000 imu=106.530000 diff=1.030000
[2026-08-17 04:54:46.155] [glim] [warning] large time difference between points and imu!!
[2026-08-17 04:54:46.155] [glim] [warning] points=105.500000 imu=106.540000 diff=1.040000
[2026-08-17 04:54:46.165] [glim] [warning] large time difference between points and imu!!
[2026-08-17 04:54:46.165] [glim] [warning] points=105.500000 imu=106.550000 diff=1.050000
[2026-08-17 04:54:46.175] [glim] [warning] large time difference between points and imu!!
[2026-08-17 04:54:46.175] [glim] [warning] points=105.500000 imu=106.560000 diff=1.060000
[2026-08-17 04:54:46.185] [glim] [warning] large time difference between points and imu!!
[2026-08-17 04:54:46.185] [glim] [warning] points=105.500000 imu=106.570000 diff=1.070000
[2026-08-17 04:54:46.198] [glim] [warning] large time difference between points and imu!!
[2026-08-17 04:54:46.198] [glim] [warning] points=105.500000 imu=106.580000 diff=1.080000
[2026-08-17 04:54:46.205] [glim] [warning] large time difference between points and imu!!
[2026-08-17 04:54:46.205] [glim] [warning] points=105.500000 imu=106.590000 diff=1.090000
[2026-08-17 04:54:46.215] [glim] [warning] large time difference between points and imu!!
[2026-08-17 04:54:46.215] [glim] [warning] points=105.500000 imu=106.600000 diff=1.100000
[2026-08-17 04:54:46.226] [glim] [warning] large time difference between points and imu!!
[2026-08-17 04:54:46.226] [glim] [warning] points=105.500000 imu=106.610000 diff=1.110000
[2026-08-17 04:54:46.235] [glim] [warning] large time difference between points and imu!!
[2026-08-17 04:54:46.235] [glim] [warning] points=105.500000 imu=106.620000 diff=1.120000
[2026-08-17 04:54:46.249] [glim] [warning] large time difference between points and imu!!
[2026-08-17 04:54:46.249] [glim] [warning] points=105.500000 imu=106.630000 diff=1.130000
[2026-08-17 04:54:46.255] [glim] [warning] large time difference between points and imu!!
[2026-08-17 04:54:46.255] [glim] [warning] points=105.500000 imu=106.640000 diff=1.140000
[2026-08-17 04:54:46.265] [glim] [warning] large time difference between points and imu!!
[2026-08-17 04:54:46.265] [glim] [warning] points=105.500000 imu=106.650000 diff=1.150000
[2026-08-17 04:54:46.275] [glim] [warning] large time difference between points and imu!!
[2026-08-17 04:54:46.275] [glim] [warning] points=105.500000 imu=106.660000 diff=1.160000
[2026-08-17 04:54:46.285] [glim] [warning] large time difference between points and imu!!
[2026-08-17 04:54:46.285] [glim] [warning] points=105.500000 imu=106.670000 diff=1.170000
[2026-08-17 04:54:46.295] [glim] [warning] large time difference between points and imu!!
[2026-08-17 04:54:46.295] [glim] [warning] points=105.500000 imu=106.680000 diff=1.180000
[2026-08-17 04:54:46.305] [glim] [warning] large time difference between points and imu!!
[2026-08-17 04:54:46.305] [glim] [warning] points=105.500000 imu=106.690000 diff=1.190000
[2026-08-17 04:54:46.315] [glim] [warning] large time difference between points and imu!!
[2026-08-17 04:54:46.315] [glim] [warning] points=105.500000 imu=106.700000 diff=1.200000
[2026-08-17 04:54:46.327] [glim] [warning] large time difference between points and imu!!
[2026-08-17 04:54:46.327] [glim] [warning] points=105.500000 imu=106.710000 diff=1.210000
[2026-08-17 04:54:46.335] [glim] [warning] large time difference between points and imu!!
[2026-08-17 04:54:46.335] [glim] [warning] points=105.500000 imu=106.720000 diff=1.220000
[2026-08-17 04:54:46.345] [glim] [warning] large time difference between points and imu!!
[2026-08-17 04:54:46.345] [glim] [warning] points=105.500000 imu=106.730000 diff=1.230000
[2026-08-17 04:54:46.355] [glim] [warning] large time difference between points and imu!!
[2026-08-17 04:54:46.355] [glim] [warning] points=105.500000 imu=106.740000 diff=1.240000
[2026-08-17 04:54:46.365] [glim] [warning] large time difference between points and imu!!
[2026-08-17 04:54:46.365] [glim] [warning] points=105.500000 imu=106.750000 diff=1.250000
[2026-08-17 04:54:46.375] [glim] [warning] large time difference between points and imu!!
[2026-08-17 04:54:46.375] [glim] [warning] points=105.500000 imu=106.760000 diff=1.260000
[2026-08-17 04:54:46.385] [glim] [warning] large time difference between points and imu!!
[2026-08-17 04:54:46.385] [glim] [warning] points=105.500000 imu=106.770000 diff=1.270000
[2026-08-17 04:54:46.395] [glim] [warning] large time difference between points and imu!!
[2026-08-17 04:54:46.395] [glim] [warning] points=105.500000 imu=106.780000 diff=1.280000
[2026-08-17 04:54:46.405] [glim] [warning] large time difference between points and imu!!
[2026-08-17 04:54:46.405] [glim] [warning] points=105.500000 imu=106.790000 diff=1.290000
[2026-08-17 04:54:46.415] [glim] [warning] large time difference between points and imu!!
[2026-08-17 04:54:46.415] [glim] [warning] points=105.500000 imu=106.800000 diff=1.300000
[2026-08-17 04:54:46.427] [glim] [warning] large time difference between points and imu!!
[2026-08-17 04:54:46.427] [glim] [warning] points=105.500000 imu=106.810000 diff=1.310000
[2026-08-17 04:54:46.435] [glim] [warning] large time difference between points and imu!!
[2026-08-17 04:54:46.435] [glim] [warning] points=105.500000 imu=106.820000 diff=1.320000
[2026-08-17 04:54:46.445] [glim] [warning] large time difference between points and imu!!
[2026-08-17 04:54:46.445] [glim] [warning] points=105.500000 imu=106.830000 diff=1.330000
[2026-08-17 04:54:46.456] [glim] [warning] large time difference between points and imu!!
[2026-08-17 04:54:46.456] [glim] [warning] points=105.500000 imu=106.840000 diff=1.340000
[2026-08-17 04:54:46.466] [glim] [warning] large time difference between points and imu!!
[2026-08-17 04:54:46.466] [glim] [warning] points=105.500000 imu=106.850000 diff=1.350000
[2026-08-17 04:54:46.479] [glim] [warning] large time difference between points and imu!!
[2026-08-17 04:54:46.479] [glim] [warning] points=105.500000 imu=106.860000 diff=1.360000
[2026-08-17 04:54:46.485] [glim] [warning] large time difference between points and imu!!
[2026-08-17 04:54:46.485] [glim] [warning] points=105.500000 imu=106.870000 diff=1.370000
[2026-08-17 04:54:46.495] [glim] [warning] large time difference between points and imu!!
[2026-08-17 04:54:46.495] [glim] [warning] points=105.500000 imu=106.880000 diff=1.380000
[2026-08-17 04:54:46.505] [glim] [warning] large time difference between points and imu!!
[2026-08-17 04:54:46.505] [glim] [warning] points=105.500000 imu=106.890000 diff=1.390000
[2026-08-17 04:54:46.515] [glim] [warning] large time difference between points and imu!!
[2026-08-17 04:54:46.515] [glim] [warning] points=105.500000 imu=106.900000 diff=1.400000
[2026-08-17 04:54:46.526] [glim] [warning] large time difference between points and imu!!
[2026-08-17 04:54:46.526] [glim] [warning] points=105.500000 imu=106.910000 diff=1.410000
[2026-08-17 04:54:46.536] [glim] [warning] large time difference between points and imu!!
[2026-08-17 04:54:46.536] [glim] [warning] points=105.500000 imu=106.920000 diff=1.420000
[2026-08-17 04:54:46.549] [glim] [warning] large time difference between points and imu!!
[2026-08-17 04:54:46.549] [glim] [warning] points=105.500000 imu=106.930000 diff=1.430000
[2026-08-17 04:54:46.556] [glim] [warning] large time difference between points and imu!!
[2026-08-17 04:54:46.556] [glim] [warning] points=105.500000 imu=106.940000 diff=1.440000
[2026-08-17 04:54:46.565] [glim] [warning] large time difference between points and imu!!
[2026-08-17 04:54:46.565] [glim] [warning] points=105.500000 imu=106.950000 diff=1.450000
[2026-08-17 04:54:46.575] [glim] [warning] large time difference between points and imu!!
[2026-08-17 04:54:46.575] [glim] [warning] points=105.500000 imu=106.960000 diff=1.460000
[2026-08-17 04:54:46.588] [glim] [warning] large time difference between points and imu!!
[2026-08-17 04:54:46.588] [glim] [warning] points=105.500000 imu=106.970000 diff=1.470000
[2026-08-17 04:54:46.595] [glim] [warning] large time difference between points and imu!!
[2026-08-17 04:54:46.595] [glim] [warning] points=105.500000 imu=106.980000 diff=1.480000
[2026-08-17 04:54:46.605] [glim] [warning] large time difference between points and imu!!
[2026-08-17 04:54:46.605] [glim] [warning] points=105.500000 imu=106.990000 diff=1.490000
[2026-08-17 04:54:46.615] [glim] [warning] large time difference between points and imu!!
[2026-08-17 04:54:46.615] [glim] [warning] points=105.500000 imu=107.000000 diff=1.500000
[2026-08-17 04:54:46.627] [glim] [warning] large time difference between points and imu!!
[2026-08-17 04:54:46.627] [glim] [warning] points=105.500000 imu=107.010000 diff=1.510000
[2026-08-17 04:54:46.635] [glim] [warning] large time difference between points and imu!!
[2026-08-17 04:54:46.635] [glim] [warning] points=105.500000 imu=107.020000 diff=1.520000
[2026-08-17 04:54:46.645] [glim] [warning] large time difference between points and imu!!
[2026-08-17 04:54:46.645] [glim] [warning] points=105.500000 imu=107.030000 diff=1.530000
[2026-08-17 04:54:46.655] [glim] [warning] large time difference between points and imu!!
[2026-08-17 04:54:46.655] [glim] [warning] points=105.500000 imu=107.040000 diff=1.540000
[2026-08-17 04:54:46.665] [glim] [warning] large time difference between points and imu!!
[2026-08-17 04:54:46.665] [glim] [warning] points=105.500000 imu=107.050000 diff=1.550000
[2026-08-17 04:54:46.675] [glim] [warning] large time difference between points and imu!!
[2026-08-17 04:54:46.675] [glim] [warning] points=105.500000 imu=107.060000 diff=1.560000
[2026-08-17 04:54:46.689] [glim] [warning] large time difference between points and imu!!
[2026-08-17 04:54:46.689] [glim] [warning] points=105.500000 imu=107.070000 diff=1.570000
[2026-08-17 04:54:46.697] [glim] [warning] large time difference between points and imu!!
[2026-08-17 04:54:46.697] [glim] [warning] points=105.500000 imu=107.080000 diff=1.580000
[2026-08-17 04:54:46.705] [glim] [warning] large time difference between points and imu!!
[2026-08-17 04:54:46.705] [glim] [warning] points=105.500000 imu=107.090000 diff=1.590000
[2026-08-17 04:54:46.715] [glim] [warning] large time difference between points and imu!!
[2026-08-17 04:54:46.715] [glim] [warning] points=105.500000 imu=107.100000 diff=1.600000
[2026-08-17 04:54:46.728] [glim] [warning] large time difference between points and imu!!
[2026-08-17 04:54:46.728] [glim] [warning] points=105.500000 imu=107.110000 diff=1.610000
[2026-08-17 04:54:46.735] [glim] [warning] large time difference between points and imu!!
[2026-08-17 04:54:46.735] [glim] [warning] points=105.500000 imu=107.120000 diff=1.620000
[2026-08-17 04:54:46.745] [glim] [warning] large time gap between consecutive LiDAR frames!!
[2026-08-17 04:54:46.745] [glim] [warning] current=107.100000 last=105.500000 diff=1.600000
[2026-08-17 04:54:47.110] [odom] [warning] neither frames[last]=0xe2fc5c3788d0 nor frames[last - 1]=0x0 is released!!
[2026-08-17 04:54:47.110] [odom] [warning] there might be a large time gap between point cloud frames
[2026-08-17 04:54:51.591] [glim] [warning] large time gap between consecutive LiDAR frames!!
[2026-08-17 04:54:51.591] [glim] [warning] current=111.900000 last=111.200000 diff=0.700000
[2026-08-17 04:54:54.290] [glim] [warning] large time gap between consecutive LiDAR frames!!
[2026-08-17 04:54:54.290] [glim] [warning] current=114.600000 last=113.800000 diff=0.800000
[2026-08-17 04:54:56.973] [glim] [warning] large time difference between points and imu!!
[2026-08-17 04:54:56.973] [glim] [warning] points=116.300000 imu=117.310000 diff=1.010000
[2026-08-17 04:54:56.981] [glim] [warning] large time difference between points and imu!!
[2026-08-17 04:54:56.981] [glim] [warning] points=116.300000 imu=117.320000 diff=1.020000
[2026-08-17 04:54:56.990] [glim] [warning] large time difference between points and imu!!
[2026-08-17 04:54:56.990] [glim] [warning] points=116.300000 imu=117.330000 diff=1.030000
[2026-08-17 04:54:56.992] [glim] [warning] large time gap between consecutive LiDAR frames!!
[2026-08-17 04:54:56.992] [glim] [warning] current=117.300000 last=116.300000 diff=1.000000
[2026-08-17 04:54:57.159] [odom] [warning] neither frames[last]=0xe2fc5e7a69c0 nor frames[last - 1]=0x0 is released!!
[2026-08-17 04:54:57.159] [odom] [warning] there might be a large time gap between point cloud frames
[2026-08-17 04:54:59.591] [glim] [warning] large time gap between consecutive LiDAR frames!!
[2026-08-17 04:54:59.592] [glim] [warning] current=119.900000 last=119.000000 diff=0.900000
[2026-08-17 04:55:00.150] [odom] [warning] neither frames[last]=0xe2fc5e20ffa0 nor frames[last - 1]=0x0 is released!!
[2026-08-17 04:55:00.150] [odom] [warning] there might be a large time gap between point cloud frames
[2026-08-17 04:55:02.093] [glim] [warning] large time gap between consecutive LiDAR frames!!
[2026-08-17 04:55:02.093] [glim] [warning] current=122.400000 last=121.800000 diff=0.600000
[2026-08-17 04:55:03.292] [glim] [warning] large time gap between consecutive LiDAR frames!!
[2026-08-17 04:55:03.292] [glim] [warning] current=123.600000 last=122.900000 diff=0.700000
[2026-08-17 04:55:07.784] [glim] [warning] large time difference between points and imu!!
[2026-08-17 04:55:07.785] [glim] [warning] points=127.100000 imu=128.110000 diff=1.010000
[2026-08-17 04:55:07.796] [glim] [warning] large time difference between points and imu!!
[2026-08-17 04:55:07.796] [glim] [warning] points=127.100000 imu=128.120000 diff=1.020000
[2026-08-17 04:55:07.804] [glim] [warning] large time difference between points and imu!!
[2026-08-17 04:55:07.804] [glim] [warning] points=127.100000 imu=128.130000 diff=1.030000
[2026-08-17 04:55:07.814] [glim] [warning] large time difference between points and imu!!
[2026-08-17 04:55:07.814] [glim] [warning] points=127.100000 imu=128.140000 diff=1.040000
[2026-08-17 04:55:07.825] [glim] [warning] large time difference between points and imu!!
[2026-08-17 04:55:07.825] [glim] [warning] points=127.100000 imu=128.150000 diff=1.050000
[2026-08-17 04:55:07.835] [glim] [warning] large time difference between points and imu!!
[2026-08-17 04:55:07.835] [glim] [warning] points=127.100000 imu=128.160000 diff=1.060000
[2026-08-17 04:55:07.844] [glim] [warning] large time difference between points and imu!!
[2026-08-17 04:55:07.844] [glim] [warning] points=127.100000 imu=128.170000 diff=1.070000
[2026-08-17 04:55:07.854] [glim] [warning] large time difference between points and imu!!
[2026-08-17 04:55:07.854] [glim] [warning] points=127.100000 imu=128.180000 diff=1.080000
[2026-08-17 04:55:07.864] [glim] [warning] large time difference between points and imu!!
[2026-08-17 04:55:07.864] [glim] [warning] points=127.100000 imu=128.190000 diff=1.090000
[2026-08-17 04:55:07.874] [glim] [warning] large time difference between points and imu!!
[2026-08-17 04:55:07.874] [glim] [warning] points=127.100000 imu=128.200000 diff=1.100000
[2026-08-17 04:55:07.886] [glim] [warning] large time difference between points and imu!!
[2026-08-17 04:55:07.886] [glim] [warning] points=127.100000 imu=128.210000 diff=1.110000
[2026-08-17 04:55:07.898] [glim] [warning] large time difference between points and imu!!
[2026-08-17 04:55:07.898] [glim] [warning] points=127.100000 imu=128.220000 diff=1.120000
[2026-08-17 04:55:07.906] [glim] [warning] large time difference between points and imu!!
[2026-08-17 04:55:07.906] [glim] [warning] points=127.100000 imu=128.230000 diff=1.130000
[2026-08-17 04:55:07.916] [glim] [warning] large time difference between points and imu!!
[2026-08-17 04:55:07.916] [glim] [warning] points=127.100000 imu=128.240000 diff=1.140000
[2026-08-17 04:55:07.927] [glim] [warning] large time difference between points and imu!!
[2026-08-17 04:55:07.927] [glim] [warning] points=127.100000 imu=128.250000 diff=1.150000
[2026-08-17 04:55:07.934] [glim] [warning] large time difference between points and imu!!
[2026-08-17 04:55:07.934] [glim] [warning] points=127.100000 imu=128.260000 diff=1.160000
[2026-08-17 04:55:07.944] [glim] [warning] large time difference between points and imu!!
[2026-08-17 04:55:07.944] [glim] [warning] points=127.100000 imu=128.270000 diff=1.170000
[2026-08-17 04:55:07.954] [glim] [warning] large time difference between points and imu!!
[2026-08-17 04:55:07.954] [glim] [warning] points=127.100000 imu=128.280000 diff=1.180000
[2026-08-17 04:55:07.964] [glim] [warning] large time difference between points and imu!!
[2026-08-17 04:55:07.964] [glim] [warning] points=127.100000 imu=128.290000 diff=1.190000
[2026-08-17 04:55:07.974] [glim] [warning] large time difference between points and imu!!
[2026-08-17 04:55:07.974] [glim] [warning] points=127.100000 imu=128.300000 diff=1.200000
[2026-08-17 04:55:07.986] [glim] [warning] large time difference between points and imu!!
[2026-08-17 04:55:07.986] [glim] [warning] points=127.100000 imu=128.310000 diff=1.210000
[2026-08-17 04:55:07.994] [glim] [warning] large time difference between points and imu!!
[2026-08-17 04:55:07.994] [glim] [warning] points=127.100000 imu=128.320000 diff=1.220000
[2026-08-17 04:55:08.004] [glim] [warning] large time difference between points and imu!!
[2026-08-17 04:55:08.004] [glim] [warning] points=127.100000 imu=128.330000 diff=1.230000
[2026-08-17 04:55:08.014] [glim] [warning] large time difference between points and imu!!
[2026-08-17 04:55:08.014] [glim] [warning] points=127.100000 imu=128.340000 diff=1.240000
[2026-08-17 04:55:08.024] [glim] [warning] large time difference between points and imu!!
[2026-08-17 04:55:08.024] [glim] [warning] points=127.100000 imu=128.350000 diff=1.250000
[2026-08-17 04:55:08.035] [glim] [warning] large time difference between points and imu!!
[2026-08-17 04:55:08.035] [glim] [warning] points=127.100000 imu=128.360000 diff=1.260000
[2026-08-17 04:55:08.044] [glim] [warning] large time difference between points and imu!!
[2026-08-17 04:55:08.044] [glim] [warning] points=127.100000 imu=128.370000 diff=1.270000
[2026-08-17 04:55:08.054] [glim] [warning] large time difference between points and imu!!
[2026-08-17 04:55:08.054] [glim] [warning] points=127.100000 imu=128.380000 diff=1.280000
[2026-08-17 04:55:08.064] [glim] [warning] large time difference between points and imu!!
[2026-08-17 04:55:08.064] [glim] [warning] points=127.100000 imu=128.390000 diff=1.290000
[2026-08-17 04:55:08.075] [glim] [warning] large time difference between points and imu!!
[2026-08-17 04:55:08.075] [glim] [warning] points=127.100000 imu=128.400000 diff=1.300000
[2026-08-17 04:55:08.084] [glim] [warning] large time difference between points and imu!!
[2026-08-17 04:55:08.084] [glim] [warning] points=127.100000 imu=128.410000 diff=1.310000
[2026-08-17 04:55:08.094] [glim] [warning] large time difference between points and imu!!
[2026-08-17 04:55:08.094] [glim] [warning] points=127.100000 imu=128.420000 diff=1.320000
[2026-08-17 04:55:08.104] [glim] [warning] large time difference between points and imu!!
[2026-08-17 04:55:08.104] [glim] [warning] points=127.100000 imu=128.430000 diff=1.330000
[2026-08-17 04:55:08.115] [glim] [warning] large time difference between points and imu!!
[2026-08-17 04:55:08.115] [glim] [warning] points=127.100000 imu=128.440000 diff=1.340000
[2026-08-17 04:55:08.124] [glim] [warning] large time difference between points and imu!!
[2026-08-17 04:55:08.124] [glim] [warning] points=127.100000 imu=128.450000 diff=1.350000
[2026-08-17 04:55:08.134] [glim] [warning] large time difference between points and imu!!
[2026-08-17 04:55:08.134] [glim] [warning] points=127.100000 imu=128.460000 diff=1.360000
[2026-08-17 04:55:08.144] [glim] [warning] large time difference between points and imu!!
[2026-08-17 04:55:08.144] [glim] [warning] points=127.100000 imu=128.470000 diff=1.370000
[2026-08-17 04:55:08.154] [glim] [warning] large time difference between points and imu!!
[2026-08-17 04:55:08.154] [glim] [warning] points=127.100000 imu=128.480000 diff=1.380000
[2026-08-17 04:55:08.164] [glim] [warning] large time difference between points and imu!!
[2026-08-17 04:55:08.164] [glim] [warning] points=127.100000 imu=128.490000 diff=1.390000
[2026-08-17 04:55:08.174] [glim] [warning] large time difference between points and imu!!
[2026-08-17 04:55:08.174] [glim] [warning] points=127.100000 imu=128.500000 diff=1.400000
[2026-08-17 04:55:08.184] [glim] [warning] large time difference between points and imu!!
[2026-08-17 04:55:08.184] [glim] [warning] points=127.100000 imu=128.510000 diff=1.410000
[2026-08-17 04:55:08.195] [glim] [warning] large time difference between points and imu!!
[2026-08-17 04:55:08.195] [glim] [warning] points=127.100000 imu=128.520000 diff=1.420000
[2026-08-17 04:55:08.204] [glim] [warning] large time difference between points and imu!!
[2026-08-17 04:55:08.204] [glim] [warning] points=127.100000 imu=128.530000 diff=1.430000
[2026-08-17 04:55:08.214] [glim] [warning] large time difference between points and imu!!
[2026-08-17 04:55:08.214] [glim] [warning] points=127.100000 imu=128.540000 diff=1.440000
[2026-08-17 04:55:08.224] [glim] [warning] large time difference between points and imu!!
[2026-08-17 04:55:08.224] [glim] [warning] points=127.100000 imu=128.550000 diff=1.450000
[2026-08-17 04:55:08.234] [glim] [warning] large time difference between points and imu!!
[2026-08-17 04:55:08.234] [glim] [warning] points=127.100000 imu=128.560000 diff=1.460000
[2026-08-17 04:55:08.245] [glim] [warning] large time difference between points and imu!!
[2026-08-17 04:55:08.245] [glim] [warning] points=127.100000 imu=128.570000 diff=1.470000
[2026-08-17 04:55:08.255] [glim] [warning] large time difference between points and imu!!
[2026-08-17 04:55:08.255] [glim] [warning] points=127.100000 imu=128.580000 diff=1.480000
[2026-08-17 04:55:08.264] [glim] [warning] large time difference between points and imu!!
[2026-08-17 04:55:08.264] [glim] [warning] points=127.100000 imu=128.590000 diff=1.490000
[2026-08-17 04:55:08.274] [glim] [warning] large time difference between points and imu!!
[2026-08-17 04:55:08.274] [glim] [warning] points=127.100000 imu=128.600000 diff=1.500000
[2026-08-17 04:55:08.284] [glim] [warning] large time difference between points and imu!!
[2026-08-17 04:55:08.284] [glim] [warning] points=127.100000 imu=128.610000 diff=1.510000
[2026-08-17 04:55:08.296] [glim] [warning] large time difference between points and imu!!
[2026-08-17 04:55:08.296] [glim] [warning] points=127.100000 imu=128.620000 diff=1.520000
[2026-08-17 04:55:08.304] [glim] [warning] large time difference between points and imu!!
[2026-08-17 04:55:08.304] [glim] [warning] points=127.100000 imu=128.630000 diff=1.530000
[2026-08-17 04:55:08.316] [glim] [warning] large time difference between points and imu!!
[2026-08-17 04:55:08.316] [glim] [warning] points=127.100000 imu=128.640000 diff=1.540000
[2026-08-17 04:55:08.325] [glim] [warning] large time difference between points and imu!!
[2026-08-17 04:55:08.325] [glim] [warning] points=127.100000 imu=128.650000 diff=1.550000
[2026-08-17 04:55:08.335] [glim] [warning] large time difference between points and imu!!
[2026-08-17 04:55:08.335] [glim] [warning] points=127.100000 imu=128.660000 diff=1.560000
[2026-08-17 04:55:08.344] [glim] [warning] large time difference between points and imu!!
[2026-08-17 04:55:08.344] [glim] [warning] points=127.100000 imu=128.670000 diff=1.570000
[2026-08-17 04:55:08.354] [glim] [warning] large time difference between points and imu!!
[2026-08-17 04:55:08.354] [glim] [warning] points=127.100000 imu=128.680000 diff=1.580000
[2026-08-17 04:55:08.364] [glim] [warning] large time difference between points and imu!!
[2026-08-17 04:55:08.364] [glim] [warning] points=127.100000 imu=128.690000 diff=1.590000
[2026-08-17 04:55:08.374] [glim] [warning] large time difference between points and imu!!
[2026-08-17 04:55:08.374] [glim] [warning] points=127.100000 imu=128.700000 diff=1.600000
[2026-08-17 04:55:08.384] [glim] [warning] large time difference between points and imu!!
[2026-08-17 04:55:08.384] [glim] [warning] points=127.100000 imu=128.710000 diff=1.610000
[2026-08-17 04:55:08.395] [glim] [warning] large time difference between points and imu!!
[2026-08-17 04:55:08.395] [glim] [warning] points=127.100000 imu=128.720000 diff=1.620000
[2026-08-17 04:55:08.405] [glim] [warning] large time difference between points and imu!!
[2026-08-17 04:55:08.405] [glim] [warning] points=127.100000 imu=128.730000 diff=1.630000
[2026-08-17 04:55:08.414] [glim] [warning] large time difference between points and imu!!
[2026-08-17 04:55:08.414] [glim] [warning] points=127.100000 imu=128.740000 diff=1.640000
[2026-08-17 04:55:08.424] [glim] [warning] large time difference between points and imu!!
[2026-08-17 04:55:08.424] [glim] [warning] points=127.100000 imu=128.750000 diff=1.650000
[2026-08-17 04:55:08.434] [glim] [warning] large time difference between points and imu!!
[2026-08-17 04:55:08.434] [glim] [warning] points=127.100000 imu=128.760000 diff=1.660000
[2026-08-17 04:55:08.444] [glim] [warning] large time difference between points and imu!!
[2026-08-17 04:55:08.444] [glim] [warning] points=127.100000 imu=128.770000 diff=1.670000
[2026-08-17 04:55:08.454] [glim] [warning] large time difference between points and imu!!
[2026-08-17 04:55:08.454] [glim] [warning] points=127.100000 imu=128.780000 diff=1.680000
[2026-08-17 04:55:08.464] [glim] [warning] large time difference between points and imu!!
[2026-08-17 04:55:08.464] [glim] [warning] points=127.100000 imu=128.790000 diff=1.690000
[2026-08-17 04:55:08.474] [glim] [warning] large time difference between points and imu!!
[2026-08-17 04:55:08.474] [glim] [warning] points=127.100000 imu=128.800000 diff=1.700000
[2026-08-17 04:55:08.487] [glim] [warning] large time difference between points and imu!!
[2026-08-17 04:55:08.487] [glim] [warning] points=127.100000 imu=128.810000 diff=1.710000
[2026-08-17 04:55:08.494] [glim] [warning] large time difference between points and imu!!
[2026-08-17 04:55:08.494] [glim] [warning] points=127.100000 imu=128.820000 diff=1.720000
[2026-08-17 04:55:08.504] [glim] [warning] large time difference between points and imu!!
[2026-08-17 04:55:08.504] [glim] [warning] points=127.100000 imu=128.830000 diff=1.730000
[2026-08-17 04:55:08.514] [glim] [warning] large time difference between points and imu!!
[2026-08-17 04:55:08.514] [glim] [warning] points=127.100000 imu=128.840000 diff=1.740000
[2026-08-17 04:55:08.524] [glim] [warning] large time difference between points and imu!!
[2026-08-17 04:55:08.524] [glim] [warning] points=127.100000 imu=128.850000 diff=1.750000
[2026-08-17 04:55:08.534] [glim] [warning] large time difference between points and imu!!
[2026-08-17 04:55:08.534] [glim] [warning] points=127.100000 imu=128.860000 diff=1.760000
[2026-08-17 04:55:08.544] [glim] [warning] large time difference between points and imu!!
[2026-08-17 04:55:08.544] [glim] [warning] points=127.100000 imu=128.870000 diff=1.770000
[2026-08-17 04:55:08.554] [glim] [warning] large time difference between points and imu!!
[2026-08-17 04:55:08.554] [glim] [warning] points=127.100000 imu=128.880000 diff=1.780000
[2026-08-17 04:55:08.564] [glim] [warning] large time difference between points and imu!!
[2026-08-17 04:55:08.564] [glim] [warning] points=127.100000 imu=128.890000 diff=1.790000
[2026-08-17 04:55:08.574] [glim] [warning] large time difference between points and imu!!
[2026-08-17 04:55:08.574] [glim] [warning] points=127.100000 imu=128.900000 diff=1.800000
[2026-08-17 04:55:08.588] [glim] [warning] large time difference between points and imu!!
[2026-08-17 04:55:08.588] [glim] [warning] points=127.100000 imu=128.910000 diff=1.810000
[2026-08-17 04:55:08.597] [glim] [warning] large time difference between points and imu!!
[2026-08-17 04:55:08.597] [glim] [warning] points=127.100000 imu=128.920000 diff=1.820000
[2026-08-17 04:55:08.606] [glim] [warning] large time difference between points and imu!!
[2026-08-17 04:55:08.606] [glim] [warning] points=127.100000 imu=128.930000 diff=1.830000
[2026-08-17 04:55:08.610] [glim] [warning] large time gap between consecutive LiDAR frames!!
[2026-08-17 04:55:08.610] [glim] [warning] current=128.900000 last=127.100000 diff=1.800000
[2026-08-17 04:55:09.064] [odom] [warning] neither frames[last]=0xe2fca0efe830 nor frames[last - 1]=0x0 is released!!
[2026-08-17 04:55:09.064] [odom] [warning] there might be a large time gap between point cloud frames
[2026-08-17 04:55:13.699] [glim] [warning] large time difference between points and imu!!
[2026-08-17 04:55:13.699] [glim] [warning] points=133.000000 imu=134.010000 diff=1.010000
[2026-08-17 04:55:13.709] [glim] [warning] large time difference between points and imu!!
[2026-08-17 04:55:13.709] [glim] [warning] points=133.000000 imu=134.020000 diff=1.020000
[2026-08-17 04:55:13.719] [glim] [warning] large time difference between points and imu!!
[2026-08-17 04:55:13.719] [glim] [warning] points=133.000000 imu=134.030000 diff=1.030000
[2026-08-17 04:55:13.723] [glim] [warning] large time gap between consecutive LiDAR frames!!
[2026-08-17 04:55:13.723] [glim] [warning] current=134.000000 last=133.000000 diff=1.000000
[2026-08-17 04:55:14.089] [odom] [warning] neither frames[last]=0xe2fca248bec0 nor frames[last - 1]=0x0 is released!!
[2026-08-17 04:55:14.089] [odom] [warning] there might be a large time gap between point cloud frames
[2026-08-17 04:55:14.848] [glim] [warning] large time gap between consecutive LiDAR frames!!
[2026-08-17 04:55:14.848] [glim] [warning] current=135.100000 last=134.400000 diff=0.700000
[2026-08-17 04:55:17.748] [glim] [warning] large time gap between consecutive LiDAR frames!!
[2026-08-17 04:55:17.748] [glim] [warning] current=138.000000 last=137.300000 diff=0.700000
[2026-08-17 04:55:20.471] [glim] [warning] large time gap between consecutive LiDAR frames!!
[2026-08-17 04:55:20.471] [glim] [warning] current=140.700000 last=139.900000 diff=0.800000
[2026-08-17 04:55:26.100] [glim] [warning] large time gap between consecutive LiDAR frames!!
[2026-08-17 04:55:26.101] [glim] [warning] current=146.300000 last=145.700000 diff=0.600000
[2026-08-17 04:55:32.249] [glim] [warning] large time gap between consecutive LiDAR frames!!
[2026-08-17 04:55:32.249] [glim] [warning] current=152.400000 last=151.700000 diff=0.700000
[2026-08-17 04:55:33.556] [glim] [warning] large time gap between consecutive LiDAR frames!!
[2026-08-17 04:55:33.556] [glim] [warning] current=153.700000 last=153.100000 diff=0.600000
[2026-08-17 04:55:35.078] [glim] [warning] large time gap between consecutive LiDAR frames!!
[2026-08-17 04:55:35.078] [glim] [warning] current=155.200000 last=154.400000 diff=0.800000
[2026-08-17 04:55:36.069] [glim] [warning] large time gap between consecutive LiDAR frames!!
[2026-08-17 04:55:36.070] [glim] [warning] current=156.200000 last=155.400000 diff=0.800000
[2026-08-17 04:55:39.806] [glim] [warning] large time gap between consecutive LiDAR frames!!
[2026-08-17 04:55:39.806] [glim] [warning] current=159.900000 last=159.100000 diff=0.800000
[2026-08-17 04:55:41.721] [glim] [warning] large time gap between consecutive LiDAR frames!!
[2026-08-17 04:55:41.721] [glim] [warning] current=161.800000 last=160.900000 diff=0.900000
[2026-08-17 04:55:41.887] [odom] [warning] neither frames[last]=0xe2fc62312a60 nor frames[last - 1]=0x0 is released!!
[2026-08-17 04:55:41.887] [odom] [warning] there might be a large time gap between point cloud frames
[2026-08-17 04:55:45.339] [glim] [warning] large time gap between consecutive LiDAR frames!!
[2026-08-17 04:55:45.339] [glim] [warning] current=165.400000 last=164.600000 diff=0.800000
[2026-08-17 04:55:52.161] [glim] [warning] large time gap between consecutive LiDAR frames!!
[2026-08-17 04:55:52.161] [glim] [warning] current=172.200000 last=171.600000 diff=0.600000
[2026-08-17 04:55:57.675] [glim] [warning] large time gap between consecutive LiDAR frames!!
[2026-08-17 04:55:57.675] [glim] [warning] current=177.700000 last=177.000000 diff=0.700000
[2026-08-17 04:56:03.666] [glim] [warning] large time gap between consecutive LiDAR frames!!
[2026-08-17 04:56:03.667] [glim] [warning] current=183.700000 last=183.000000 diff=0.700000
[2026-08-17 04:56:05.876] [glim] [warning] large time gap between consecutive LiDAR frames!!
[2026-08-17 04:56:05.877] [glim] [warning] current=185.900000 last=185.200000 diff=0.700000
[2026-08-17 04:56:08.385] [glim] [warning] large time gap between consecutive LiDAR frames!!
[2026-08-17 04:56:08.385] [glim] [warning] current=188.400000 last=187.800000 diff=0.600000
[2026-08-17 04:56:10.773] [glim] [warning] large time gap between consecutive LiDAR frames!!
[2026-08-17 04:56:10.773] [glim] [warning] current=190.800000 last=190.200000 diff=0.600000
[WARN] [1786910186.747736970] [transform_listener_impl_b451db81dab0]: New publisher discovered on topic '/tf_static', offering incompatible QoS. No messages will be sent to it. Last incompatible policy: DURABILITY_QOS_POLICY
[2026-08-17 04:56:27.460] [glim] [warning] large time gap between consecutive LiDAR frames!!
[2026-08-17 04:56:27.460] [glim] [warning] current=199.200000 last=198.300000 diff=0.900000
[2026-08-17 04:56:34.358] [glim] [warning] large time gap between consecutive LiDAR frames!!
[2026-08-17 04:56:34.358] [glim] [warning] current=206.100000 last=205.400000 diff=0.700000
[2026-08-17 04:56:37.457] [glim] [warning] large time gap between consecutive LiDAR frames!!
[2026-08-17 04:56:37.457] [glim] [warning] current=209.200000 last=208.600000 diff=0.600000
[2026-08-17 04:56:41.949] [glim] [warning] large time gap between consecutive LiDAR frames!!
[2026-08-17 04:56:41.949] [glim] [warning] current=213.700000 last=213.000000 diff=0.700000
[2026-08-17 04:56:43.949] [glim] [warning] large time difference between points and imu!!
[2026-08-17 04:56:43.949] [glim] [warning] points=214.700000 imu=215.710000 diff=1.010000
[2026-08-17 04:56:43.959] [glim] [warning] large time difference between points and imu!!
[2026-08-17 04:56:43.959] [glim] [warning] points=214.700000 imu=215.720000 diff=1.020000
[2026-08-17 04:56:43.966] [glim] [warning] large time difference between points and imu!!
[2026-08-17 04:56:43.966] [glim] [warning] points=214.700000 imu=215.730000 diff=1.030000
[2026-08-17 04:56:43.981] [glim] [warning] large time difference between points and imu!!
[2026-08-17 04:56:43.981] [glim] [warning] points=214.700000 imu=215.740000 diff=1.040000
[2026-08-17 04:56:43.986] [glim] [warning] large time difference between points and imu!!
[2026-08-17 04:56:43.986] [glim] [warning] points=214.700000 imu=215.750000 diff=1.050000
[2026-08-17 04:56:43.996] [glim] [warning] large time difference between points and imu!!
[2026-08-17 04:56:43.996] [glim] [warning] points=214.700000 imu=215.760000 diff=1.060000
[2026-08-17 04:56:44.008] [glim] [warning] large time difference between points and imu!!
[2026-08-17 04:56:44.008] [glim] [warning] points=214.700000 imu=215.770000 diff=1.070000
[2026-08-17 04:56:44.016] [glim] [warning] large time difference between points and imu!!
[2026-08-17 04:56:44.016] [glim] [warning] points=214.700000 imu=215.780000 diff=1.080000
[2026-08-17 04:56:44.026] [glim] [warning] large time difference between points and imu!!
[2026-08-17 04:56:44.026] [glim] [warning] points=214.700000 imu=215.790000 diff=1.090000
[2026-08-17 04:56:44.036] [glim] [warning] large time difference between points and imu!!
[2026-08-17 04:56:44.036] [glim] [warning] points=214.700000 imu=215.800000 diff=1.100000
[2026-08-17 04:56:44.049] [glim] [warning] large time difference between points and imu!!
[2026-08-17 04:56:44.049] [glim] [warning] points=214.700000 imu=215.810000 diff=1.110000
[2026-08-17 04:56:44.056] [glim] [warning] large time difference between points and imu!!
[2026-08-17 04:56:44.056] [glim] [warning] points=214.700000 imu=215.820000 diff=1.120000
[2026-08-17 04:56:44.066] [glim] [warning] large time difference between points and imu!!
[2026-08-17 04:56:44.066] [glim] [warning] points=214.700000 imu=215.830000 diff=1.130000
[2026-08-17 04:56:44.067] [glim] [warning] large time gap between consecutive LiDAR frames!!
[2026-08-17 04:56:44.067] [glim] [warning] current=215.800000 last=214.700000 diff=1.100000
[2026-08-17 04:56:44.236] [odom] [warning] neither frames[last]=0xe2fc5d7664e0 nor frames[last - 1]=0x0 is released!!
[2026-08-17 04:56:44.236] [odom] [warning] there might be a large time gap between point cloud frames
[2026-08-17 04:56:47.874] [glim] [warning] large time gap between consecutive LiDAR frames!!
[2026-08-17 04:56:47.875] [glim] [warning] current=219.600000 last=218.900000 diff=0.700000
[2026-08-17 04:56:51.476] [glim] [warning] large time gap between consecutive LiDAR frames!!
[2026-08-17 04:56:51.476] [glim] [warning] current=223.200000 last=222.500000 diff=0.700000
[2026-08-17 04:56:52.468] [glim] [warning] large time difference between points and imu!!
[2026-08-17 04:56:52.468] [glim] [warning] points=223.200000 imu=224.210000 diff=1.010000
[2026-08-17 04:56:52.475] [glim] [warning] large time difference between points and imu!!
[2026-08-17 04:56:52.475] [glim] [warning] points=223.200000 imu=224.220000 diff=1.020000
[2026-08-17 04:56:52.486] [glim] [warning] large time difference between points and imu!!
[2026-08-17 04:56:52.486] [glim] [warning] points=223.200000 imu=224.230000 diff=1.030000
[2026-08-17 04:56:52.498] [glim] [warning] large time difference between points and imu!!
[2026-08-17 04:56:52.498] [glim] [warning] points=223.200000 imu=224.240000 diff=1.040000
[2026-08-17 04:56:52.506] [glim] [warning] large time difference between points and imu!!
[2026-08-17 04:56:52.506] [glim] [warning] points=223.200000 imu=224.250000 diff=1.050000
[2026-08-17 04:56:52.519] [glim] [warning] large time difference between points and imu!!
[2026-08-17 04:56:52.519] [glim] [warning] points=223.200000 imu=224.260000 diff=1.060000
[2026-08-17 04:56:52.527] [glim] [warning] large time difference between points and imu!!
[2026-08-17 04:56:52.527] [glim] [warning] points=223.200000 imu=224.270000 diff=1.070000
[2026-08-17 04:56:52.538] [glim] [warning] large time difference between points and imu!!
[2026-08-17 04:56:52.538] [glim] [warning] points=223.200000 imu=224.280000 diff=1.080000
[2026-08-17 04:56:52.545] [glim] [warning] large time difference between points and imu!!
[2026-08-17 04:56:52.545] [glim] [warning] points=223.200000 imu=224.290000 diff=1.090000
[2026-08-17 04:56:52.559] [glim] [warning] large time difference between points and imu!!
[2026-08-17 04:56:52.559] [glim] [warning] points=223.200000 imu=224.300000 diff=1.100000
[2026-08-17 04:56:52.567] [glim] [warning] large time difference between points and imu!!
[2026-08-17 04:56:52.567] [glim] [warning] points=223.200000 imu=224.310000 diff=1.110000
[2026-08-17 04:56:52.578] [glim] [warning] large time difference between points and imu!!
[2026-08-17 04:56:52.578] [glim] [warning] points=223.200000 imu=224.320000 diff=1.120000
[2026-08-17 04:56:52.587] [glim] [warning] large time difference between points and imu!!
[2026-08-17 04:56:52.587] [glim] [warning] points=223.200000 imu=224.330000 diff=1.130000
[2026-08-17 04:56:52.595] [glim] [warning] large time difference between points and imu!!
[2026-08-17 04:56:52.595] [glim] [warning] points=223.200000 imu=224.340000 diff=1.140000
[2026-08-17 04:56:52.605] [glim] [warning] large time difference between points and imu!!
[2026-08-17 04:56:52.605] [glim] [warning] points=223.200000 imu=224.350000 diff=1.150000
[2026-08-17 04:56:52.615] [glim] [warning] large time difference between points and imu!!
[2026-08-17 04:56:52.615] [glim] [warning] points=223.200000 imu=224.360000 diff=1.160000
[2026-08-17 04:56:52.625] [glim] [warning] large time difference between points and imu!!
[2026-08-17 04:56:52.625] [glim] [warning] points=223.200000 imu=224.370000 diff=1.170000
[2026-08-17 04:56:52.635] [glim] [warning] large time difference between points and imu!!
[2026-08-17 04:56:52.635] [glim] [warning] points=223.200000 imu=224.380000 diff=1.180000
[2026-08-17 04:56:52.645] [glim] [warning] large time difference between points and imu!!
[2026-08-17 04:56:52.645] [glim] [warning] points=223.200000 imu=224.390000 diff=1.190000
[2026-08-17 04:56:52.655] [glim] [warning] large time difference between points and imu!!
[2026-08-17 04:56:52.655] [glim] [warning] points=223.200000 imu=224.400000 diff=1.200000
[2026-08-17 04:56:52.665] [glim] [warning] large time difference between points and imu!!
[2026-08-17 04:56:52.665] [glim] [warning] points=223.200000 imu=224.410000 diff=1.210000
[2026-08-17 04:56:52.675] [glim] [warning] large time difference between points and imu!!
[2026-08-17 04:56:52.675] [glim] [warning] points=223.200000 imu=224.420000 diff=1.220000
[2026-08-17 04:56:52.685] [glim] [warning] large time difference between points and imu!!
[2026-08-17 04:56:52.685] [glim] [warning] points=223.200000 imu=224.430000 diff=1.230000
[2026-08-17 04:56:52.688] [glim] [warning] large time gap between consecutive LiDAR frames!!
[2026-08-17 04:56:52.688] [glim] [warning] current=224.400000 last=223.200000 diff=1.200000
[2026-08-17 04:56:53.388] [glim] [warning] large time gap between consecutive LiDAR frames!!
[2026-08-17 04:56:53.388] [glim] [warning] current=225.100000 last=224.400000 diff=0.700000
[2026-08-17 04:56:53.459] [odom] [warning] neither frames[last]=0xe2fc49ac1a40 nor frames[last - 1]=0x0 is released!!
[2026-08-17 04:56:53.459] [odom] [warning] there might be a large time gap between point cloud frames
[2026-08-17 04:56:55.989] [glim] [warning] large time gap between consecutive LiDAR frames!!
[2026-08-17 04:56:55.990] [glim] [warning] current=227.700000 last=227.100000 diff=0.600000
[2026-08-17 04:56:58.727] [glim] [warning] large time gap between consecutive LiDAR frames!!
[2026-08-17 04:56:58.727] [glim] [warning] current=230.400000 last=229.700000 diff=0.700000
[2026-08-17 04:57:04.456] [glim] [warning] large time gap between consecutive LiDAR frames!!
[2026-08-17 04:57:04.456] [glim] [warning] current=236.100000 last=235.500000 diff=0.600000
[2026-08-17 04:57:08.151] [glim] [warning] large time difference between points and imu!!
[2026-08-17 04:57:08.151] [glim] [warning] points=238.800000 imu=239.810000 diff=1.010000
[2026-08-17 04:57:08.159] [glim] [warning] large time difference between points and imu!!
[2026-08-17 04:57:08.159] [glim] [warning] points=238.800000 imu=239.820000 diff=1.020000
[2026-08-17 04:57:08.172] [glim] [warning] large time difference between points and imu!!
[2026-08-17 04:57:08.173] [glim] [warning] points=238.800000 imu=239.830000 diff=1.030000
[2026-08-17 04:57:08.182] [glim] [warning] large time difference between points and imu!!
[2026-08-17 04:57:08.182] [glim] [warning] points=238.800000 imu=239.840000 diff=1.040000
[2026-08-17 04:57:08.189] [glim] [warning] large time difference between points and imu!!
[2026-08-17 04:57:08.189] [glim] [warning] points=238.800000 imu=239.850000 diff=1.050000
[2026-08-17 04:57:08.199] [glim] [warning] large time difference between points and imu!!
[2026-08-17 04:57:08.199] [glim] [warning] points=238.800000 imu=239.860000 diff=1.060000
[2026-08-17 04:57:08.210] [glim] [warning] large time difference between points and imu!!
[2026-08-17 04:57:08.210] [glim] [warning] points=238.800000 imu=239.870000 diff=1.070000
[2026-08-17 04:57:08.223] [glim] [warning] large time difference between points and imu!!
[2026-08-17 04:57:08.223] [glim] [warning] points=238.800000 imu=239.880000 diff=1.080000
[2026-08-17 04:57:08.229] [glim] [warning] large time difference between points and imu!!
[2026-08-17 04:57:08.229] [glim] [warning] points=238.800000 imu=239.890000 diff=1.090000
[2026-08-17 04:57:08.239] [glim] [warning] large time difference between points and imu!!
[2026-08-17 04:57:08.239] [glim] [warning] points=238.800000 imu=239.900000 diff=1.100000
[2026-08-17 04:57:08.250] [glim] [warning] large time difference between points and imu!!
[2026-08-17 04:57:08.250] [glim] [warning] points=238.800000 imu=239.910000 diff=1.110000
[2026-08-17 04:57:08.260] [glim] [warning] large time difference between points and imu!!
[2026-08-17 04:57:08.260] [glim] [warning] points=238.800000 imu=239.920000 diff=1.120000
[2026-08-17 04:57:08.271] [glim] [warning] large time difference between points and imu!!
[2026-08-17 04:57:08.271] [glim] [warning] points=238.800000 imu=239.930000 diff=1.130000
[2026-08-17 04:57:08.281] [glim] [warning] large time difference between points and imu!!
[2026-08-17 04:57:08.281] [glim] [warning] points=238.800000 imu=239.940000 diff=1.140000
[2026-08-17 04:57:08.289] [glim] [warning] large time difference between points and imu!!
[2026-08-17 04:57:08.289] [glim] [warning] points=238.800000 imu=239.950000 diff=1.150000
[2026-08-17 04:57:08.303] [glim] [warning] large time difference between points and imu!!
[2026-08-17 04:57:08.303] [glim] [warning] points=238.800000 imu=239.960000 diff=1.160000
[2026-08-17 04:57:08.309] [glim] [warning] large time difference between points and imu!!
[2026-08-17 04:57:08.309] [glim] [warning] points=238.800000 imu=239.970000 diff=1.170000
[2026-08-17 04:57:08.322] [glim] [warning] large time difference between points and imu!!
[2026-08-17 04:57:08.322] [glim] [warning] points=238.800000 imu=239.980000 diff=1.180000
[2026-08-17 04:57:08.329] [glim] [warning] large time difference between points and imu!!
[2026-08-17 04:57:08.329] [glim] [warning] points=238.800000 imu=239.990000 diff=1.190000
[2026-08-17 04:57:08.339] [glim] [warning] large time difference between points and imu!!
[2026-08-17 04:57:08.339] [glim] [warning] points=238.800000 imu=240.000000 diff=1.200000
[2026-08-17 04:57:08.349] [glim] [warning] large time difference between points and imu!!
[2026-08-17 04:57:08.349] [glim] [warning] points=238.800000 imu=240.010000 diff=1.210000
[2026-08-17 04:57:08.360] [glim] [warning] large time difference between points and imu!!
[2026-08-17 04:57:08.360] [glim] [warning] points=238.800000 imu=240.020000 diff=1.220000
[2026-08-17 04:57:08.373] [glim] [warning] large time difference between points and imu!!
[2026-08-17 04:57:08.373] [glim] [warning] points=238.800000 imu=240.030000 diff=1.230000
[2026-08-17 04:57:08.374] [glim] [warning] large time gap between consecutive LiDAR frames!!
[2026-08-17 04:57:08.374] [glim] [warning] current=240.000000 last=238.800000 diff=1.200000
[2026-08-17 04:57:08.637] [odom] [warning] neither frames[last]=0xe2fc5fae0d80 nor frames[last - 1]=0x0 is released!!
[2026-08-17 04:57:08.637] [odom] [warning] there might be a large time gap between point cloud frames
[2026-08-17 04:57:12.186] [glim] [warning] large time gap between consecutive LiDAR frames!!
[2026-08-17 04:57:12.186] [glim] [warning] current=243.800000 last=243.000000 diff=0.800000
[2026-08-17 04:57:14.203] [glim] [warning] large time gap between consecutive LiDAR frames!!
[2026-08-17 04:57:14.203] [glim] [warning] current=245.800000 last=245.100000 diff=0.700000
[2026-08-17 04:57:17.527] [glim] [warning] large time gap between consecutive LiDAR frames!!
[2026-08-17 04:57:17.527] [glim] [warning] current=249.100000 last=248.400000 diff=0.700000
[2026-08-17 04:57:20.407] [glim] [warning] large time difference between points and imu!!
[2026-08-17 04:57:20.407] [glim] [warning] points=251.000000 imu=252.010000 diff=1.010000
[2026-08-17 04:57:20.417] [glim] [warning] large time difference between points and imu!!
[2026-08-17 04:57:20.417] [glim] [warning] points=251.000000 imu=252.020000 diff=1.020000
[2026-08-17 04:57:20.420] [glim] [warning] large time gap between consecutive LiDAR frames!!
[2026-08-17 04:57:20.420] [glim] [warning] current=252.000000 last=251.000000 diff=1.000000
[2026-08-17 04:57:20.595] [odom] [warning] neither frames[last]=0xe2fc4baf28e0 nor frames[last - 1]=0x0 is released!!
[2026-08-17 04:57:20.595] [odom] [warning] there might be a large time gap between point cloud frames
[2026-08-17 04:57:21.814] [glim] [warning] large time difference between points and imu!!
[2026-08-17 04:57:21.814] [glim] [warning] points=252.400000 imu=253.410000 diff=1.010000
[2026-08-17 04:57:21.824] [glim] [warning] large time difference between points and imu!!
[2026-08-17 04:57:21.824] [glim] [warning] points=252.400000 imu=253.420000 diff=1.020000
[2026-08-17 04:57:21.835] [glim] [warning] large time difference between points and imu!!
[2026-08-17 04:57:21.835] [glim] [warning] points=252.400000 imu=253.430000 diff=1.030000
[2026-08-17 04:57:21.844] [glim] [warning] large time difference between points and imu!!
[2026-08-17 04:57:21.844] [glim] [warning] points=252.400000 imu=253.440000 diff=1.040000
[2026-08-17 04:57:21.856] [glim] [warning] large time difference between points and imu!!
[2026-08-17 04:57:21.856] [glim] [warning] points=252.400000 imu=253.450000 diff=1.050000
[2026-08-17 04:57:21.864] [glim] [warning] large time difference between points and imu!!
[2026-08-17 04:57:21.864] [glim] [warning] points=252.400000 imu=253.460000 diff=1.060000
[2026-08-17 04:57:21.874] [glim] [warning] large time difference between points and imu!!
[2026-08-17 04:57:21.874] [glim] [warning] points=252.400000 imu=253.470000 diff=1.070000
[2026-08-17 04:57:21.884] [glim] [warning] large time difference between points and imu!!
[2026-08-17 04:57:21.884] [glim] [warning] points=252.400000 imu=253.480000 diff=1.080000
[2026-08-17 04:57:21.894] [glim] [warning] large time difference between points and imu!!
[2026-08-17 04:57:21.894] [glim] [warning] points=252.400000 imu=253.490000 diff=1.090000
[2026-08-17 04:57:21.905] [glim] [warning] large time difference between points and imu!!
[2026-08-17 04:57:21.905] [glim] [warning] points=252.400000 imu=253.500000 diff=1.100000
[2026-08-17 04:57:21.915] [glim] [warning] large time difference between points and imu!!
[2026-08-17 04:57:21.915] [glim] [warning] points=252.400000 imu=253.510000 diff=1.110000
[2026-08-17 04:57:21.924] [glim] [warning] large time difference between points and imu!!
[2026-08-17 04:57:21.924] [glim] [warning] points=252.400000 imu=253.520000 diff=1.120000
[2026-08-17 04:57:21.934] [glim] [warning] large time difference between points and imu!!
[2026-08-17 04:57:21.934] [glim] [warning] points=252.400000 imu=253.530000 diff=1.130000
[2026-08-17 04:57:21.944] [glim] [warning] large time difference between points and imu!!
[2026-08-17 04:57:21.944] [glim] [warning] points=252.400000 imu=253.540000 diff=1.140000
[2026-08-17 04:57:21.954] [glim] [warning] large time difference between points and imu!!
[2026-08-17 04:57:21.954] [glim] [warning] points=252.400000 imu=253.550000 diff=1.150000
[2026-08-17 04:57:21.964] [glim] [warning] large time difference between points and imu!!
[2026-08-17 04:57:21.964] [glim] [warning] points=252.400000 imu=253.560000 diff=1.160000
[2026-08-17 04:57:21.974] [glim] [warning] large time difference between points and imu!!
[2026-08-17 04:57:21.974] [glim] [warning] points=252.400000 imu=253.570000 diff=1.170000
[2026-08-17 04:57:21.984] [glim] [warning] large time difference between points and imu!!
[2026-08-17 04:57:21.984] [glim] [warning] points=252.400000 imu=253.580000 diff=1.180000
[2026-08-17 04:57:21.994] [glim] [warning] large time difference between points and imu!!
[2026-08-17 04:57:21.994] [glim] [warning] points=252.400000 imu=253.590000 diff=1.190000
[2026-08-17 04:57:22.004] [glim] [warning] large time difference between points and imu!!
[2026-08-17 04:57:22.004] [glim] [warning] points=252.400000 imu=253.600000 diff=1.200000
[2026-08-17 04:57:22.014] [glim] [warning] large time difference between points and imu!!
[2026-08-17 04:57:22.014] [glim] [warning] points=252.400000 imu=253.610000 diff=1.210000
[2026-08-17 04:57:22.024] [glim] [warning] large time difference between points and imu!!
[2026-08-17 04:57:22.024] [glim] [warning] points=252.400000 imu=253.620000 diff=1.220000
[2026-08-17 04:57:22.034] [glim] [warning] large time difference between points and imu!!
[2026-08-17 04:57:22.034] [glim] [warning] points=252.400000 imu=253.630000 diff=1.230000
[2026-08-17 04:57:22.037] [glim] [warning] large time gap between consecutive LiDAR frames!!
[2026-08-17 04:57:22.038] [glim] [warning] current=253.600000 last=252.400000 diff=1.200000
[2026-08-17 04:57:22.198] [odom] [warning] neither frames[last]=0xe2fc6330f0e0 nor frames[last - 1]=0x0 is released!!
[2026-08-17 04:57:22.198] [odom] [warning] there might be a large time gap between point cloud frames
[2026-08-17 04:57:23.138] [glim] [warning] large time gap between consecutive LiDAR frames!!
[2026-08-17 04:57:23.138] [glim] [warning] current=254.700000 last=253.900000 diff=0.800000
[2026-08-17 04:57:29.251] [glim] [warning] large time gap between consecutive LiDAR frames!!
[2026-08-17 04:57:29.252] [glim] [warning] current=260.800000 last=260.200000 diff=0.600000
[2026-08-17 04:57:32.359] [glim] [warning] large time gap between consecutive LiDAR frames!!
[2026-08-17 04:57:32.359] [glim] [warning] current=263.900000 last=263.300000 diff=0.600000
[2026-08-17 04:57:33.751] [glim] [warning] large time gap between consecutive LiDAR frames!!
[2026-08-17 04:57:33.751] [glim] [warning] current=265.300000 last=264.700000 diff=0.600000
[2026-08-17 04:57:35.057] [glim] [warning] large time gap between consecutive LiDAR frames!!
[2026-08-17 04:57:35.057] [glim] [warning] current=266.600000 last=266.000000 diff=0.600000
[2026-08-17 04:57:38.038] [glim] [warning] large time difference between points and imu!!
[2026-08-17 04:57:38.038] [glim] [warning] points=268.600000 imu=269.610000 diff=1.010000
[2026-08-17 04:57:38.047] [glim] [warning] large time difference between points and imu!!
[2026-08-17 04:57:38.047] [glim] [warning] points=268.600000 imu=269.620000 diff=1.020000
[2026-08-17 04:57:38.056] [glim] [warning] large time difference between points and imu!!
[2026-08-17 04:57:38.056] [glim] [warning] points=268.600000 imu=269.630000 diff=1.030000
[2026-08-17 04:57:38.058] [glim] [warning] large time gap between consecutive LiDAR frames!!
[2026-08-17 04:57:38.058] [glim] [warning] current=269.600000 last=268.600000 diff=1.000000
[2026-08-17 04:57:38.426] [odom] [warning] neither frames[last]=0xe2fc5ebf85c0 nor frames[last - 1]=0x0 is released!!
[2026-08-17 04:57:38.426] [odom] [warning] there might be a large time gap between point cloud frames
[2026-08-17 04:57:39.358] [glim] [warning] large time gap between consecutive LiDAR frames!!
[2026-08-17 04:57:39.358] [glim] [warning] current=270.900000 last=270.300000 diff=0.600000
[2026-08-17 04:57:41.936] [glim] [warning] large time difference between points and imu!!
[2026-08-17 04:57:41.936] [glim] [warning] points=272.500000 imu=273.510000 diff=1.010000
[2026-08-17 04:57:41.948] [glim] [warning] large time difference between points and imu!!
[2026-08-17 04:57:41.948] [glim] [warning] points=272.500000 imu=273.520000 diff=1.020000
[2026-08-17 04:57:41.957] [glim] [warning] large time difference between points and imu!!
[2026-08-17 04:57:41.957] [glim] [warning] points=272.500000 imu=273.530000 diff=1.030000
[2026-08-17 04:57:41.958] [glim] [warning] large time gap between consecutive LiDAR frames!!
[2026-08-17 04:57:41.958] [glim] [warning] current=273.500000 last=272.500000 diff=1.000000
[2026-08-17 04:57:42.518] [odom] [warning] neither frames[last]=0xe2fc5ebf85c0 nor frames[last - 1]=0x0 is released!!
[2026-08-17 04:57:42.518] [odom] [warning] there might be a large time gap between point cloud frames
[2026-08-17 04:57:43.857] [glim] [warning] large time gap between consecutive LiDAR frames!!
[2026-08-17 04:57:43.857] [glim] [warning] current=275.400000 last=274.500000 diff=0.900000
[2026-08-17 04:57:52.049] [glim] [warning] large time gap between consecutive LiDAR frames!!
[2026-08-17 04:57:52.049] [glim] [warning] current=283.600000 last=282.900000 diff=0.700000
[2026-08-17 04:57:54.356] [glim] [warning] large time gap between consecutive LiDAR frames!!
[2026-08-17 04:57:54.357] [glim] [warning] current=285.900000 last=285.300000 diff=0.600000
[2026-08-17 04:57:56.858] [glim] [warning] large time gap between consecutive LiDAR frames!!
[2026-08-17 04:57:56.858] [glim] [warning] current=288.400000 last=287.800000 diff=0.600000
[2026-08-17 04:57:59.537] [glim] [warning] large time difference between points and imu!!
[2026-08-17 04:57:59.537] [glim] [warning] points=290.100000 imu=291.110000 diff=1.010000
[2026-08-17 04:57:59.547] [glim] [warning] large time difference between points and imu!!
[2026-08-17 04:57:59.547] [glim] [warning] points=290.100000 imu=291.120000 diff=1.020000
[2026-08-17 04:57:59.556] [glim] [warning] large time difference between points and imu!!
[2026-08-17 04:57:59.556] [glim] [warning] points=290.100000 imu=291.130000 diff=1.030000
[2026-08-17 04:57:59.566] [glim] [warning] large time difference between points and imu!!
[2026-08-17 04:57:59.566] [glim] [warning] points=290.100000 imu=291.140000 diff=1.040000
[2026-08-17 04:57:59.576] [glim] [warning] large time difference between points and imu!!
[2026-08-17 04:57:59.576] [glim] [warning] points=290.100000 imu=291.150000 diff=1.050000
[2026-08-17 04:57:59.587] [glim] [warning] large time difference between points and imu!!
[2026-08-17 04:57:59.587] [glim] [warning] points=290.100000 imu=291.160000 diff=1.060000
[2026-08-17 04:57:59.596] [glim] [warning] large time difference between points and imu!!
[2026-08-17 04:57:59.596] [glim] [warning] points=290.100000 imu=291.170000 diff=1.070000
[2026-08-17 04:57:59.606] [glim] [warning] large time difference between points and imu!!
[2026-08-17 04:57:59.606] [glim] [warning] points=290.100000 imu=291.180000 diff=1.080000
[2026-08-17 04:57:59.616] [glim] [warning] large time difference between points and imu!!
[2026-08-17 04:57:59.616] [glim] [warning] points=290.100000 imu=291.190000 diff=1.090000
[2026-08-17 04:57:59.626] [glim] [warning] large time difference between points and imu!!
[2026-08-17 04:57:59.626] [glim] [warning] points=290.100000 imu=291.200000 diff=1.100000
[2026-08-17 04:57:59.636] [glim] [warning] large time difference between points and imu!!
[2026-08-17 04:57:59.636] [glim] [warning] points=290.100000 imu=291.210000 diff=1.110000
[2026-08-17 04:57:59.647] [glim] [warning] large time difference between points and imu!!
[2026-08-17 04:57:59.647] [glim] [warning] points=290.100000 imu=291.220000 diff=1.120000
[2026-08-17 04:57:59.656] [glim] [warning] large time difference between points and imu!!
[2026-08-17 04:57:59.656] [glim] [warning] points=290.100000 imu=291.230000 diff=1.130000
[2026-08-17 04:57:59.666] [glim] [warning] large time difference between points and imu!!
[2026-08-17 04:57:59.666] [glim] [warning] points=290.100000 imu=291.240000 diff=1.140000
[2026-08-17 04:57:59.676] [glim] [warning] large time difference between points and imu!!
[2026-08-17 04:57:59.676] [glim] [warning] points=290.100000 imu=291.250000 diff=1.150000
[2026-08-17 04:57:59.686] [glim] [warning] large time difference between points and imu!!
[2026-08-17 04:57:59.686] [glim] [warning] points=290.100000 imu=291.260000 diff=1.160000
[2026-08-17 04:57:59.698] [glim] [warning] large time difference between points and imu!!
[2026-08-17 04:57:59.698] [glim] [warning] points=290.100000 imu=291.270000 diff=1.170000
[2026-08-17 04:57:59.708] [glim] [warning] large time difference between points and imu!!
[2026-08-17 04:57:59.708] [glim] [warning] points=290.100000 imu=291.280000 diff=1.180000
[2026-08-17 04:57:59.717] [glim] [warning] large time difference between points and imu!!
[2026-08-17 04:57:59.717] [glim] [warning] points=290.100000 imu=291.290000 diff=1.190000
[2026-08-17 04:57:59.730] [glim] [warning] large time difference between points and imu!!
[2026-08-17 04:57:59.730] [glim] [warning] points=290.100000 imu=291.300000 diff=1.200000
[2026-08-17 04:57:59.738] [glim] [warning] large time difference between points and imu!!
[2026-08-17 04:57:59.738] [glim] [warning] points=290.100000 imu=291.310000 diff=1.210000
[2026-08-17 04:57:59.750] [glim] [warning] large time difference between points and imu!!
[2026-08-17 04:57:59.750] [glim] [warning] points=290.100000 imu=291.320000 diff=1.220000
[2026-08-17 04:57:59.756] [glim] [warning] large time difference between points and imu!!
[2026-08-17 04:57:59.756] [glim] [warning] points=290.100000 imu=291.330000 diff=1.230000
[2026-08-17 04:57:59.758] [glim] [warning] large time gap between consecutive LiDAR frames!!
[2026-08-17 04:57:59.758] [glim] [warning] current=291.300000 last=290.100000 diff=1.200000
[2026-08-17 04:57:59.907] [odom] [warning] neither frames[last]=0xe2fca1532fb0 nor frames[last - 1]=0x0 is released!!
[2026-08-17 04:57:59.907] [odom] [warning] there might be a large time gap between point cloud frames
[2026-08-17 04:58:04.750] [glim] [warning] large time gap between consecutive LiDAR frames!!
[2026-08-17 04:58:04.750] [glim] [warning] current=296.300000 last=295.400000 diff=0.900000
[2026-08-17 04:58:05.022] [odom] [warning] neither frames[last]=0xe2fca1512850 nor frames[last - 1]=0x0 is released!!
[2026-08-17 04:58:05.022] [odom] [warning] there might be a large time gap between point cloud frames
[2026-08-17 04:58:05.945] [glim] [warning] large time difference between points and imu!!
[2026-08-17 04:58:05.945] [glim] [warning] points=296.500000 imu=297.510000 diff=1.010000
[2026-08-17 04:58:05.951] [glim] [warning] large time difference between points and imu!!
[2026-08-17 04:58:05.951] [glim] [warning] points=296.500000 imu=297.520000 diff=1.020000
[2026-08-17 04:58:05.961] [glim] [warning] large time difference between points and imu!!
[2026-08-17 04:58:05.961] [glim] [warning] points=296.500000 imu=297.530000 diff=1.030000
[2026-08-17 04:58:05.963] [glim] [warning] large time gap between consecutive LiDAR frames!!
[2026-08-17 04:58:05.963] [glim] [warning] current=297.500000 last=296.500000 diff=1.000000
[2026-08-17 04:58:06.325] [odom] [warning] neither frames[last]=0xe2fca09c1890 nor frames[last - 1]=0x0 is released!!
[2026-08-17 04:58:06.325] [odom] [warning] there might be a large time gap between point cloud frames
[2026-08-17 04:58:07.767] [glim] [warning] large time gap between consecutive LiDAR frames!!
[2026-08-17 04:58:07.767] [glim] [warning] current=299.300000 last=298.700000 diff=0.600000
[2026-08-17 04:58:08.369] [glim] [warning] large time gap between consecutive LiDAR frames!!
[2026-08-17 04:58:08.369] [glim] [warning] current=299.900000 last=299.300000 diff=0.600000
[2026-08-17 04:58:10.373] [glim] [warning] large time gap between consecutive LiDAR frames!!
[2026-08-17 04:58:10.373] [glim] [warning] current=301.900000 last=301.300000 diff=0.600000
[2026-08-17 04:58:15.789] [glim] [warning] large time gap between consecutive LiDAR frames!!
[2026-08-17 04:58:15.789] [glim] [warning] current=307.300000 last=306.600000 diff=0.700000
[2026-08-17 04:58:19.199] [glim] [warning] large time gap between consecutive LiDAR frames!!
[2026-08-17 04:58:19.199] [glim] [warning] current=310.700000 last=310.100000 diff=0.600000
[2026-08-17 04:58:23.498] [glim] [warning] large time gap between consecutive LiDAR frames!!
[2026-08-17 04:58:23.498] [glim] [warning] current=315.000000 last=314.200000 diff=0.800000
[2026-08-17 04:58:25.827] [glim] [warning] large time gap between consecutive LiDAR frames!!
[2026-08-17 04:58:25.827] [glim] [warning] current=317.300000 last=316.600000 diff=0.700000
[2026-08-17 04:58:28.539] [glim] [warning] large time gap between consecutive LiDAR frames!!
[2026-08-17 04:58:28.539] [glim] [warning] current=320.000000 last=319.300000 diff=0.700000
[2026-08-17 04:58:30.732] [glim] [warning] large time gap between consecutive LiDAR frames!!
[2026-08-17 04:58:30.732] [glim] [warning] current=322.200000 last=321.300000 diff=0.900000
[2026-08-17 04:58:32.532] [glim] [warning] large time difference between points and imu!!
[2026-08-17 04:58:32.532] [glim] [warning] points=323.000000 imu=324.010000 diff=1.010000
[2026-08-17 04:58:32.542] [glim] [warning] large time difference between points and imu!!
[2026-08-17 04:58:32.542] [glim] [warning] points=323.000000 imu=324.020000 diff=1.020000
[2026-08-17 04:58:32.552] [glim] [warning] large time difference between points and imu!!
[2026-08-17 04:58:32.552] [glim] [warning] points=323.000000 imu=324.030000 diff=1.030000
[2026-08-17 04:58:32.565] [glim] [warning] large time difference between points and imu!!
[2026-08-17 04:58:32.565] [glim] [warning] points=323.000000 imu=324.040000 diff=1.040000
[2026-08-17 04:58:32.572] [glim] [warning] large time difference between points and imu!!
[2026-08-17 04:58:32.572] [glim] [warning] points=323.000000 imu=324.050000 diff=1.050000
[2026-08-17 04:58:32.582] [glim] [warning] large time difference between points and imu!!
[2026-08-17 04:58:32.582] [glim] [warning] points=323.000000 imu=324.060000 diff=1.060000
[2026-08-17 04:58:32.592] [glim] [warning] large time difference between points and imu!!
[2026-08-17 04:58:32.592] [glim] [warning] points=323.000000 imu=324.070000 diff=1.070000
[2026-08-17 04:58:32.602] [glim] [warning] large time difference between points and imu!!
[2026-08-17 04:58:32.602] [glim] [warning] points=323.000000 imu=324.080000 diff=1.080000
[2026-08-17 04:58:32.612] [glim] [warning] large time difference between points and imu!!
[2026-08-17 04:58:32.612] [glim] [warning] points=323.000000 imu=324.090000 diff=1.090000
[2026-08-17 04:58:32.622] [glim] [warning] large time difference between points and imu!!
[2026-08-17 04:58:32.622] [glim] [warning] points=323.000000 imu=324.100000 diff=1.100000
[2026-08-17 04:58:32.637] [glim] [warning] large time difference between points and imu!!
[2026-08-17 04:58:32.637] [glim] [warning] points=323.000000 imu=324.110000 diff=1.110000
[2026-08-17 04:58:32.642] [glim] [warning] large time difference between points and imu!!
[2026-08-17 04:58:32.642] [glim] [warning] points=323.000000 imu=324.120000 diff=1.120000
[2026-08-17 04:58:32.652] [glim] [warning] large time difference between points and imu!!
[2026-08-17 04:58:32.652] [glim] [warning] points=323.000000 imu=324.130000 diff=1.130000
[2026-08-17 04:58:32.662] [glim] [warning] large time difference between points and imu!!
[2026-08-17 04:58:32.662] [glim] [warning] points=323.000000 imu=324.140000 diff=1.140000
[2026-08-17 04:58:32.672] [glim] [warning] large time difference between points and imu!!
[2026-08-17 04:58:32.672] [glim] [warning] points=323.000000 imu=324.150000 diff=1.150000
[2026-08-17 04:58:32.682] [glim] [warning] large time difference between points and imu!!
[2026-08-17 04:58:32.682] [glim] [warning] points=323.000000 imu=324.160000 diff=1.160000
[2026-08-17 04:58:32.692] [glim] [warning] large time difference between points and imu!!
[2026-08-17 04:58:32.692] [glim] [warning] points=323.000000 imu=324.170000 diff=1.170000
[2026-08-17 04:58:32.702] [glim] [warning] large time difference between points and imu!!
[2026-08-17 04:58:32.702] [glim] [warning] points=323.000000 imu=324.180000 diff=1.180000
[2026-08-17 04:58:32.712] [glim] [warning] large time difference between points and imu!!
[2026-08-17 04:58:32.712] [glim] [warning] points=323.000000 imu=324.190000 diff=1.190000
[2026-08-17 04:58:32.722] [glim] [warning] large time difference between points and imu!!
[2026-08-17 04:58:32.722] [glim] [warning] points=323.000000 imu=324.200000 diff=1.200000
[2026-08-17 04:58:32.732] [glim] [warning] large time difference between points and imu!!
[2026-08-17 04:58:32.732] [glim] [warning] points=323.000000 imu=324.210000 diff=1.210000
[2026-08-17 04:58:32.746] [glim] [warning] large time difference between points and imu!!
[2026-08-17 04:58:32.746] [glim] [warning] points=323.000000 imu=324.220000 diff=1.220000
[2026-08-17 04:58:32.755] [glim] [warning] large time difference between points and imu!!
[2026-08-17 04:58:32.755] [glim] [warning] points=323.000000 imu=324.230000 diff=1.230000
[2026-08-17 04:58:32.765] [glim] [warning] large time difference between points and imu!!
[2026-08-17 04:58:32.765] [glim] [warning] points=323.000000 imu=324.240000 diff=1.240000
[2026-08-17 04:58:32.772] [glim] [warning] large time difference between points and imu!!
[2026-08-17 04:58:32.772] [glim] [warning] points=323.000000 imu=324.250000 diff=1.250000
[2026-08-17 04:58:32.782] [glim] [warning] large time difference between points and imu!!
[2026-08-17 04:58:32.782] [glim] [warning] points=323.000000 imu=324.260000 diff=1.260000
[2026-08-17 04:58:32.794] [glim] [warning] large time difference between points and imu!!
[2026-08-17 04:58:32.794] [glim] [warning] points=323.000000 imu=324.270000 diff=1.270000
[2026-08-17 04:58:32.802] [glim] [warning] large time difference between points and imu!!
[2026-08-17 04:58:32.802] [glim] [warning] points=323.000000 imu=324.280000 diff=1.280000
[2026-08-17 04:58:32.812] [glim] [warning] large time difference between points and imu!!
[2026-08-17 04:58:32.812] [glim] [warning] points=323.000000 imu=324.290000 diff=1.290000
[2026-08-17 04:58:32.822] [glim] [warning] large time difference between points and imu!!
[2026-08-17 04:58:32.822] [glim] [warning] points=323.000000 imu=324.300000 diff=1.300000
[2026-08-17 04:58:32.833] [glim] [warning] large time difference between points and imu!!
[2026-08-17 04:58:32.833] [glim] [warning] points=323.000000 imu=324.310000 diff=1.310000
[2026-08-17 04:58:32.845] [glim] [warning] large time difference between points and imu!!
[2026-08-17 04:58:32.845] [glim] [warning] points=323.000000 imu=324.320000 diff=1.320000
[2026-08-17 04:58:32.852] [glim] [warning] large time difference between points and imu!!
[2026-08-17 04:58:32.852] [glim] [warning] points=323.000000 imu=324.330000 diff=1.330000
[2026-08-17 04:58:32.857] [glim] [warning] large time gap between consecutive LiDAR frames!!
[2026-08-17 04:58:32.857] [glim] [warning] current=324.300000 last=323.000000 diff=1.300000
[2026-08-17 04:58:33.011] [odom] [warning] neither frames[last]=0xe2fc5d4e14d0 nor frames[last - 1]=0x0 is released!!
[2026-08-17 04:58:33.012] [odom] [warning] there might be a large time gap between point cloud frames
[2026-08-17 04:58:40.098] [glim] [warning] large time gap between consecutive LiDAR frames!!
[2026-08-17 04:58:40.100] [glim] [warning] current=331.500000 last=330.900000 diff=0.600000
[2026-08-17 04:58:40.720] [glim] [warning] large time gap between consecutive LiDAR frames!!
[2026-08-17 04:58:40.720] [glim] [warning] current=332.100000 last=331.500000 diff=0.600000
[2026-08-17 04:58:43.942] [glim] [warning] large time gap between consecutive LiDAR frames!!
[2026-08-17 04:58:43.942] [glim] [warning] current=335.300000 last=334.400000 diff=0.900000
[2026-08-17 04:58:44.497] [odom] [warning] neither frames[last]=0xe2fc08ed89b0 nor frames[last - 1]=0x0 is released!!
[2026-08-17 04:58:44.497] [odom] [warning] there might be a large time gap between point cloud frames
[2026-08-17 04:58:51.922] [glim] [warning] large time difference between points and imu!!
[2026-08-17 04:58:51.922] [glim] [warning] points=342.300000 imu=343.310000 diff=1.010000
[2026-08-17 04:58:51.932] [glim] [warning] large time difference between points and imu!!
[2026-08-17 04:58:51.932] [glim] [warning] points=342.300000 imu=343.320000 diff=1.020000
[2026-08-17 04:58:51.938] [glim] [warning] large time difference between points and imu!!
[2026-08-17 04:58:51.938] [glim] [warning] points=342.300000 imu=343.330000 diff=1.030000
[2026-08-17 04:58:51.949] [glim] [warning] large time difference between points and imu!!
[2026-08-17 04:58:51.949] [glim] [warning] points=342.300000 imu=343.340000 diff=1.040000
[2026-08-17 04:58:51.958] [glim] [warning] large time difference between points and imu!!
[2026-08-17 04:58:51.958] [glim] [warning] points=342.300000 imu=343.350000 diff=1.050000
[2026-08-17 04:58:51.968] [glim] [warning] large time difference between points and imu!!
[2026-08-17 04:58:51.968] [glim] [warning] points=342.300000 imu=343.360000 diff=1.060000
[2026-08-17 04:58:51.978] [glim] [warning] large time difference between points and imu!!
[2026-08-17 04:58:51.978] [glim] [warning] points=342.300000 imu=343.370000 diff=1.070000
[2026-08-17 04:58:51.988] [glim] [warning] large time difference between points and imu!!
[2026-08-17 04:58:51.988] [glim] [warning] points=342.300000 imu=343.380000 diff=1.080000
[2026-08-17 04:58:51.998] [glim] [warning] large time difference between points and imu!!
[2026-08-17 04:58:51.998] [glim] [warning] points=342.300000 imu=343.390000 diff=1.090000
[2026-08-17 04:58:52.009] [glim] [warning] large time difference between points and imu!!
[2026-08-17 04:58:52.009] [glim] [warning] points=342.300000 imu=343.400000 diff=1.100000
[2026-08-17 04:58:52.021] [glim] [warning] large time difference between points and imu!!
[2026-08-17 04:58:52.021] [glim] [warning] points=342.300000 imu=343.410000 diff=1.110000
[2026-08-17 04:58:52.028] [glim] [warning] large time difference between points and imu!!
[2026-08-17 04:58:52.028] [glim] [warning] points=342.300000 imu=343.420000 diff=1.120000
[2026-08-17 04:58:52.039] [glim] [warning] large time gap between consecutive LiDAR frames!!
[2026-08-17 04:58:52.039] [glim] [warning] current=343.400000 last=342.300000 diff=1.100000
[2026-08-17 04:58:52.307] [odom] [warning] neither frames[last]=0xe2fc08ed89b0 nor frames[last - 1]=0x0 is released!!
[2026-08-17 04:58:52.307] [odom] [warning] there might be a large time gap between point cloud frames
[2026-08-17 04:58:53.039] [glim] [warning] large time gap between consecutive LiDAR frames!!
[2026-08-17 04:58:53.039] [glim] [warning] current=344.400000 last=343.600000 diff=0.800000
[2026-08-17 04:58:55.332] [glim] [warning] large time gap between consecutive LiDAR frames!!
[2026-08-17 04:58:55.332] [glim] [warning] current=346.700000 last=346.000000 diff=0.700000
[2026-08-17 04:59:01.146] [glim] [warning] large time gap between consecutive LiDAR frames!!
[2026-08-17 04:59:01.146] [glim] [warning] current=352.500000 last=351.600000 diff=0.900000
[2026-08-17 04:59:04.326] [glim] [warning] large time difference between points and imu!!
[2026-08-17 04:59:04.326] [glim] [warning] points=354.700000 imu=355.710000 diff=1.010000
[2026-08-17 04:59:04.335] [glim] [warning] large time difference between points and imu!!
[2026-08-17 04:59:04.335] [glim] [warning] points=354.700000 imu=355.720000 diff=1.020000
[2026-08-17 04:59:04.344] [glim] [warning] large time difference between points and imu!!
[2026-08-17 04:59:04.344] [glim] [warning] points=354.700000 imu=355.730000 diff=1.030000
[2026-08-17 04:59:04.354] [glim] [warning] large time difference between points and imu!!
[2026-08-17 04:59:04.354] [glim] [warning] points=354.700000 imu=355.740000 diff=1.040000
[2026-08-17 04:59:04.364] [glim] [warning] large time difference between points and imu!!
[2026-08-17 04:59:04.364] [glim] [warning] points=354.700000 imu=355.750000 diff=1.050000
[2026-08-17 04:59:04.374] [glim] [warning] large time difference between points and imu!!
[2026-08-17 04:59:04.374] [glim] [warning] points=354.700000 imu=355.760000 diff=1.060000
[2026-08-17 04:59:04.384] [glim] [warning] large time difference between points and imu!!
[2026-08-17 04:59:04.384] [glim] [warning] points=354.700000 imu=355.770000 diff=1.070000
[2026-08-17 04:59:04.394] [glim] [warning] large time difference between points and imu!!
[2026-08-17 04:59:04.394] [glim] [warning] points=354.700000 imu=355.780000 diff=1.080000
[2026-08-17 04:59:04.404] [glim] [warning] large time difference between points and imu!!
[2026-08-17 04:59:04.404] [glim] [warning] points=354.700000 imu=355.790000 diff=1.090000
[2026-08-17 04:59:04.414] [glim] [warning] large time difference between points and imu!!
[2026-08-17 04:59:04.414] [glim] [warning] points=354.700000 imu=355.800000 diff=1.100000
[2026-08-17 04:59:04.424] [glim] [warning] large time difference between points and imu!!
[2026-08-17 04:59:04.424] [glim] [warning] points=354.700000 imu=355.810000 diff=1.110000
[2026-08-17 04:59:04.434] [glim] [warning] large time difference between points and imu!!
[2026-08-17 04:59:04.434] [glim] [warning] points=354.700000 imu=355.820000 diff=1.120000
[2026-08-17 04:59:04.444] [glim] [warning] large time difference between points and imu!!
[2026-08-17 04:59:04.444] [glim] [warning] points=354.700000 imu=355.830000 diff=1.130000
[2026-08-17 04:59:04.455] [glim] [warning] large time difference between points and imu!!
[2026-08-17 04:59:04.455] [glim] [warning] points=354.700000 imu=355.840000 diff=1.140000
[2026-08-17 04:59:04.465] [glim] [warning] large time difference between points and imu!!
[2026-08-17 04:59:04.465] [glim] [warning] points=354.700000 imu=355.850000 diff=1.150000
[2026-08-17 04:59:04.475] [glim] [warning] large time difference between points and imu!!
[2026-08-17 04:59:04.475] [glim] [warning] points=354.700000 imu=355.860000 diff=1.160000
[2026-08-17 04:59:04.488] [glim] [warning] large time difference between points and imu!!
[2026-08-17 04:59:04.489] [glim] [warning] points=354.700000 imu=355.870000 diff=1.170000
[2026-08-17 04:59:04.497] [glim] [warning] large time difference between points and imu!!
[2026-08-17 04:59:04.497] [glim] [warning] points=354.700000 imu=355.880000 diff=1.180000
[2026-08-17 04:59:04.508] [glim] [warning] large time difference between points and imu!!
[2026-08-17 04:59:04.508] [glim] [warning] points=354.700000 imu=355.890000 diff=1.190000
[2026-08-17 04:59:04.517] [glim] [warning] large time difference between points and imu!!
[2026-08-17 04:59:04.517] [glim] [warning] points=354.700000 imu=355.900000 diff=1.200000
[2026-08-17 04:59:04.528] [glim] [warning] large time difference between points and imu!!
[2026-08-17 04:59:04.528] [glim] [warning] points=354.700000 imu=355.910000 diff=1.210000
[2026-08-17 04:59:04.537] [glim] [warning] large time difference between points and imu!!
[2026-08-17 04:59:04.537] [glim] [warning] points=354.700000 imu=355.920000 diff=1.220000
[2026-08-17 04:59:04.544] [glim] [warning] large time difference between points and imu!!
[2026-08-17 04:59:04.544] [glim] [warning] points=354.700000 imu=355.930000 diff=1.230000
[2026-08-17 04:59:04.550] [glim] [warning] large time gap between consecutive LiDAR frames!!
[2026-08-17 04:59:04.550] [glim] [warning] current=355.900000 last=354.700000 diff=1.200000
[2026-08-17 04:59:04.703] [odom] [warning] neither frames[last]=0xe2fc5edef920 nor frames[last - 1]=0x0 is released!!
[2026-08-17 04:59:04.703] [odom] [warning] there might be a large time gap between point cloud frames
[2026-08-17 04:59:13.643] [glim] [warning] large time gap between consecutive LiDAR frames!!
[2026-08-17 04:59:13.643] [glim] [warning] current=365.000000 last=364.400000 diff=0.600000
[2026-08-17 04:59:14.742] [glim] [warning] large time gap between consecutive LiDAR frames!!
[2026-08-17 04:59:14.742] [glim] [warning] current=366.100000 last=365.500000 diff=0.600000
[2026-08-17 04:59:17.444] [glim] [warning] large time gap between consecutive LiDAR frames!!
[2026-08-17 04:59:17.444] [glim] [warning] current=368.800000 last=368.200000 diff=0.600000
[2026-08-17 04:59:24.745] [glim] [warning] large time gap between consecutive LiDAR frames!!
[2026-08-17 04:59:24.746] [glim] [warning] current=376.100000 last=375.300000 diff=0.800000
[2026-08-17 04:59:26.651] [glim] [warning] large time gap between consecutive LiDAR frames!!
[2026-08-17 04:59:26.651] [glim] [warning] current=378.000000 last=377.400000 diff=0.600000
[2026-08-17 04:59:35.560] [glim] [warning] large time gap between consecutive LiDAR frames!!
[2026-08-17 04:59:35.560] [glim] [warning] current=386.900000 last=386.100000 diff=0.800000
[WARN] [1786910386.150425381] [transform_listener_impl_b451db81dab0]: New publisher discovered on topic '/tf_static', offering incompatible QoS. No messages will be sent to it. Last incompatible policy: DURABILITY_QOS_POLICY
[2026-08-17 04:59:49.053] [glim] [warning] large time gap between consecutive LiDAR frames!!
[2026-08-17 04:59:49.053] [glim] [warning] current=391.200000 last=390.600000 diff=0.600000
[2026-08-17 04:59:52.645] [glim] [warning] large time gap between consecutive LiDAR frames!!
[2026-08-17 04:59:52.645] [glim] [warning] current=394.800000 last=394.200000 diff=0.600000
[2026-08-17 04:59:55.268] [glim] [warning] large time gap between consecutive LiDAR frames!!
[2026-08-17 04:59:55.269] [glim] [warning] current=397.400000 last=396.800000 diff=0.600000
[2026-08-17 04:59:56.955] [glim] [warning] large time difference between points and imu!!
[2026-08-17 04:59:56.955] [glim] [warning] points=398.100000 imu=399.110000 diff=1.010000
[2026-08-17 04:59:56.965] [glim] [warning] large time difference between points and imu!!
[2026-08-17 04:59:56.965] [glim] [warning] points=398.100000 imu=399.120000 diff=1.020000
[2026-08-17 04:59:56.971] [glim] [warning] large time difference between points and imu!!
[2026-08-17 04:59:56.971] [glim] [warning] points=398.100000 imu=399.130000 diff=1.030000
[2026-08-17 04:59:56.982] [glim] [warning] large time difference between points and imu!!
[2026-08-17 04:59:56.982] [glim] [warning] points=398.100000 imu=399.140000 diff=1.040000
[2026-08-17 04:59:56.991] [glim] [warning] large time difference between points and imu!!
[2026-08-17 04:59:56.991] [glim] [warning] points=398.100000 imu=399.150000 diff=1.050000
[2026-08-17 04:59:57.004] [glim] [warning] large time difference between points and imu!!
[2026-08-17 04:59:57.004] [glim] [warning] points=398.100000 imu=399.160000 diff=1.060000
[2026-08-17 04:59:57.015] [glim] [warning] large time difference between points and imu!!
[2026-08-17 04:59:57.015] [glim] [warning] points=398.100000 imu=399.170000 diff=1.070000
[2026-08-17 04:59:57.022] [glim] [warning] large time difference between points and imu!!
[2026-08-17 04:59:57.022] [glim] [warning] points=398.100000 imu=399.180000 diff=1.080000
[2026-08-17 04:59:57.031] [glim] [warning] large time difference between points and imu!!
[2026-08-17 04:59:57.031] [glim] [warning] points=398.100000 imu=399.190000 diff=1.090000
[2026-08-17 04:59:57.041] [glim] [warning] large time difference between points and imu!!
[2026-08-17 04:59:57.041] [glim] [warning] points=398.100000 imu=399.200000 diff=1.100000
[2026-08-17 04:59:57.051] [glim] [warning] large time difference between points and imu!!
[2026-08-17 04:59:57.051] [glim] [warning] points=398.100000 imu=399.210000 diff=1.110000
[2026-08-17 04:59:57.061] [glim] [warning] large time difference between points and imu!!
[2026-08-17 04:59:57.061] [glim] [warning] points=398.100000 imu=399.220000 diff=1.120000
[2026-08-17 04:59:57.071] [glim] [warning] large time difference between points and imu!!
[2026-08-17 04:59:57.071] [glim] [warning] points=398.100000 imu=399.230000 diff=1.130000
[2026-08-17 04:59:57.081] [glim] [warning] large time difference between points and imu!!
[2026-08-17 04:59:57.081] [glim] [warning] points=398.100000 imu=399.240000 diff=1.140000
[2026-08-17 04:59:57.093] [glim] [warning] large time difference between points and imu!!
[2026-08-17 04:59:57.093] [glim] [warning] points=398.100000 imu=399.250000 diff=1.150000
[2026-08-17 04:59:57.101] [glim] [warning] large time difference between points and imu!!
[2026-08-17 04:59:57.101] [glim] [warning] points=398.100000 imu=399.260000 diff=1.160000
[2026-08-17 04:59:57.112] [glim] [warning] large time difference between points and imu!!
[2026-08-17 04:59:57.112] [glim] [warning] points=398.100000 imu=399.270000 diff=1.170000
[2026-08-17 04:59:57.122] [glim] [warning] large time difference between points and imu!!
[2026-08-17 04:59:57.122] [glim] [warning] points=398.100000 imu=399.280000 diff=1.180000
[2026-08-17 04:59:57.132] [glim] [warning] large time difference between points and imu!!
[2026-08-17 04:59:57.132] [glim] [warning] points=398.100000 imu=399.290000 diff=1.190000
[2026-08-17 04:59:57.141] [glim] [warning] large time difference between points and imu!!
[2026-08-17 04:59:57.141] [glim] [warning] points=398.100000 imu=399.300000 diff=1.200000
[2026-08-17 04:59:57.151] [glim] [warning] large time difference between points and imu!!
[2026-08-17 04:59:57.151] [glim] [warning] points=398.100000 imu=399.310000 diff=1.210000
[2026-08-17 04:59:57.163] [glim] [warning] large time gap between consecutive LiDAR frames!!
[2026-08-17 04:59:57.163] [glim] [warning] current=399.300000 last=398.100000 diff=1.200000
[2026-08-17 04:59:57.342] [odom] [warning] neither frames[last]=0xe2fc5c7ff650 nor frames[last - 1]=0x0 is released!!
[2026-08-17 04:59:57.342] [odom] [warning] there might be a large time gap between point cloud frames
[2026-08-17 04:59:58.384] [glim] [warning] large time gap between consecutive LiDAR frames!!
[2026-08-17 04:59:58.384] [glim] [warning] current=400.500000 last=399.900000 diff=0.600000
[2026-08-17 05:00:02.389] [glim] [warning] large time gap between consecutive LiDAR frames!!
[2026-08-17 05:00:02.389] [glim] [warning] current=404.500000 last=403.700000 diff=0.800000
[2026-08-17 05:00:04.193] [glim] [warning] large time gap between consecutive LiDAR frames!!
[2026-08-17 05:00:04.194] [glim] [warning] current=406.300000 last=405.400000 diff=0.900000
[2026-08-17 05:00:04.350] [odom] [warning] neither frames[last]=0xe2fc5d427560 nor frames[last - 1]=0x0 is released!!
[2026-08-17 05:00:04.350] [odom] [warning] there might be a large time gap between point cloud frames
[2026-08-17 05:00:05.099] [glim] [warning] large time gap between consecutive LiDAR frames!!
[2026-08-17 05:00:05.099] [glim] [warning] current=407.200000 last=406.500000 diff=0.700000
[2026-08-17 05:00:12.720] [glim] [warning] large time gap between consecutive LiDAR frames!!
[2026-08-17 05:00:12.720] [glim] [warning] current=414.800000 last=413.900000 diff=0.900000
[2026-08-17 05:00:12.970] [odom] [warning] neither frames[last]=0xe2fc4944c840 nor frames[last - 1]=0x0 is released!!
[2026-08-17 05:00:12.970] [odom] [warning] there might be a large time gap between point cloud frames
[2026-08-17 05:00:13.524] [glim] [warning] large time gap between consecutive LiDAR frames!!
[2026-08-17 05:00:13.524] [glim] [warning] current=415.600000 last=415.000000 diff=0.600000
[2026-08-17 05:00:19.843] [glim] [warning] large time gap between consecutive LiDAR frames!!
[2026-08-17 05:00:19.843] [glim] [warning] current=421.900000 last=421.300000 diff=0.600000
[2026-08-17 05:00:20.642] [glim] [warning] large time gap between consecutive LiDAR frames!!
[2026-08-17 05:00:20.642] [glim] [warning] current=422.700000 last=422.000000 diff=0.700000
[2026-08-17 05:00:21.341] [glim] [warning] large time gap between consecutive LiDAR frames!!
[2026-08-17 05:00:21.341] [glim] [warning] current=423.400000 last=422.700000 diff=0.700000
[2026-08-17 05:00:26.532] [glim] [warning] large time gap between consecutive LiDAR frames!!
[2026-08-17 05:00:26.532] [glim] [warning] current=428.600000 last=428.000000 diff=0.600000
[2026-08-17 05:00:32.341] [glim] [warning] large time gap between consecutive LiDAR frames!!
[2026-08-17 05:00:32.341] [glim] [warning] current=434.400000 last=433.700000 diff=0.700000
[2026-08-17 05:00:33.838] [glim] [warning] large time gap between consecutive LiDAR frames!!
[2026-08-17 05:00:33.838] [glim] [warning] current=435.900000 last=435.200000 diff=0.700000
[2026-08-17 05:00:35.649] [glim] [warning] large time gap between consecutive LiDAR frames!!
[2026-08-17 05:00:35.649] [glim] [warning] current=437.700000 last=437.000000 diff=0.700000
[2026-08-17 05:00:38.645] [glim] [warning] large time gap between consecutive LiDAR frames!!
[2026-08-17 05:00:38.645] [glim] [warning] current=440.700000 last=439.800000 diff=0.900000
[2026-08-17 05:00:41.645] [glim] [warning] large time gap between consecutive LiDAR frames!!
[2026-08-17 05:00:41.647] [glim] [warning] current=443.700000 last=443.100000 diff=0.600000
[2026-08-17 05:00:45.458] [glim] [warning] large time gap between consecutive LiDAR frames!!
[2026-08-17 05:00:45.458] [glim] [warning] current=447.500000 last=446.700000 diff=0.800000
[2026-08-17 05:00:48.058] [glim] [warning] large time gap between consecutive LiDAR frames!!
[2026-08-17 05:00:48.058] [glim] [warning] current=450.100000 last=449.400000 diff=0.700000
[2026-08-17 05:00:49.240] [glim] [warning] large time difference between points and imu!!
[2026-08-17 05:00:49.240] [glim] [warning] points=450.300000 imu=451.310000 diff=1.010000
[2026-08-17 05:00:49.250] [glim] [warning] large time difference between points and imu!!
[2026-08-17 05:00:49.250] [glim] [warning] points=450.300000 imu=451.320000 diff=1.020000
[2026-08-17 05:00:49.262] [glim] [warning] large time difference between points and imu!!
[2026-08-17 05:00:49.262] [glim] [warning] points=450.300000 imu=451.330000 diff=1.030000
[2026-08-17 05:00:49.273] [glim] [warning] large time difference between points and imu!!
[2026-08-17 05:00:49.273] [glim] [warning] points=450.300000 imu=451.340000 diff=1.040000
[2026-08-17 05:00:49.283] [glim] [warning] large time difference between points and imu!!
[2026-08-17 05:00:49.283] [glim] [warning] points=450.300000 imu=451.350000 diff=1.050000
[2026-08-17 05:00:49.289] [glim] [warning] large time difference between points and imu!!
[2026-08-17 05:00:49.289] [glim] [warning] points=450.300000 imu=451.360000 diff=1.060000
[2026-08-17 05:00:49.300] [glim] [warning] large time difference between points and imu!!
[2026-08-17 05:00:49.300] [glim] [warning] points=450.300000 imu=451.370000 diff=1.070000
[2026-08-17 05:00:49.310] [glim] [warning] large time difference between points and imu!!
[2026-08-17 05:00:49.310] [glim] [warning] points=450.300000 imu=451.380000 diff=1.080000
[2026-08-17 05:00:49.320] [glim] [warning] large time difference between points and imu!!
[2026-08-17 05:00:49.320] [glim] [warning] points=450.300000 imu=451.390000 diff=1.090000
[2026-08-17 05:00:49.330] [glim] [warning] large time difference between points and imu!!
[2026-08-17 05:00:49.330] [glim] [warning] points=450.300000 imu=451.400000 diff=1.100000
[2026-08-17 05:00:49.341] [glim] [warning] large time difference between points and imu!!
[2026-08-17 05:00:49.341] [glim] [warning] points=450.300000 imu=451.410000 diff=1.110000
[2026-08-17 05:00:49.350] [glim] [warning] large time difference between points and imu!!
[2026-08-17 05:00:49.350] [glim] [warning] points=450.300000 imu=451.420000 diff=1.120000
[2026-08-17 05:00:49.360] [glim] [warning] large time difference between points and imu!!
[2026-08-17 05:00:49.360] [glim] [warning] points=450.300000 imu=451.430000 diff=1.130000
[2026-08-17 05:00:49.370] [glim] [warning] large time difference between points and imu!!
[2026-08-17 05:00:49.370] [glim] [warning] points=450.300000 imu=451.440000 diff=1.140000
[2026-08-17 05:00:49.380] [glim] [warning] large time difference between points and imu!!
[2026-08-17 05:00:49.380] [glim] [warning] points=450.300000 imu=451.450000 diff=1.150000
[2026-08-17 05:00:49.392] [glim] [warning] large time difference between points and imu!!
[2026-08-17 05:00:49.392] [glim] [warning] points=450.300000 imu=451.460000 diff=1.160000
[2026-08-17 05:00:49.400] [glim] [warning] large time difference between points and imu!!
[2026-08-17 05:00:49.400] [glim] [warning] points=450.300000 imu=451.470000 diff=1.170000
[2026-08-17 05:00:49.409] [glim] [warning] large time difference between points and imu!!
[2026-08-17 05:00:49.409] [glim] [warning] points=450.300000 imu=451.480000 diff=1.180000
[2026-08-17 05:00:49.420] [glim] [warning] large time difference between points and imu!!
[2026-08-17 05:00:49.420] [glim] [warning] points=450.300000 imu=451.490000 diff=1.190000
[2026-08-17 05:00:49.433] [glim] [warning] large time difference between points and imu!!
[2026-08-17 05:00:49.433] [glim] [warning] points=450.300000 imu=451.500000 diff=1.200000
[2026-08-17 05:00:49.442] [glim] [warning] large time difference between points and imu!!
[2026-08-17 05:00:49.442] [glim] [warning] points=450.300000 imu=451.510000 diff=1.210000
[2026-08-17 05:00:49.450] [glim] [warning] large time difference between points and imu!!
[2026-08-17 05:00:49.450] [glim] [warning] points=450.300000 imu=451.520000 diff=1.220000
[2026-08-17 05:00:49.460] [glim] [warning] large time difference between points and imu!!
[2026-08-17 05:00:49.460] [glim] [warning] points=450.300000 imu=451.530000 diff=1.230000
[2026-08-17 05:00:49.469] [glim] [warning] large time difference between points and imu!!
[2026-08-17 05:00:49.469] [glim] [warning] points=450.300000 imu=451.540000 diff=1.240000
[2026-08-17 05:00:49.480] [glim] [warning] large time difference between points and imu!!
[2026-08-17 05:00:49.480] [glim] [warning] points=450.300000 imu=451.550000 diff=1.250000
[2026-08-17 05:00:49.489] [glim] [warning] large time difference between points and imu!!
[2026-08-17 05:00:49.489] [glim] [warning] points=450.300000 imu=451.560000 diff=1.260000
[2026-08-17 05:00:49.500] [glim] [warning] large time difference between points and imu!!
[2026-08-17 05:00:49.500] [glim] [warning] points=450.300000 imu=451.570000 diff=1.270000
[2026-08-17 05:00:49.509] [glim] [warning] large time difference between points and imu!!
[2026-08-17 05:00:49.509] [glim] [warning] points=450.300000 imu=451.580000 diff=1.280000
[2026-08-17 05:00:49.519] [glim] [warning] large time difference between points and imu!!
[2026-08-17 05:00:49.519] [glim] [warning] points=450.300000 imu=451.590000 diff=1.290000
[2026-08-17 05:00:49.529] [glim] [warning] large time difference between points and imu!!
[2026-08-17 05:00:49.529] [glim] [warning] points=450.300000 imu=451.600000 diff=1.300000
[2026-08-17 05:00:49.540] [glim] [warning] large time difference between points and imu!!
[2026-08-17 05:00:49.540] [glim] [warning] points=450.300000 imu=451.610000 diff=1.310000
[2026-08-17 05:00:49.550] [glim] [warning] large time difference between points and imu!!
[2026-08-17 05:00:49.550] [glim] [warning] points=450.300000 imu=451.620000 diff=1.320000
[2026-08-17 05:00:49.559] [glim] [warning] large time difference between points and imu!!
[2026-08-17 05:00:49.560] [glim] [warning] points=450.300000 imu=451.630000 diff=1.330000
[2026-08-17 05:00:49.569] [glim] [warning] large time difference between points and imu!!
[2026-08-17 05:00:49.569] [glim] [warning] points=450.300000 imu=451.640000 diff=1.340000
[2026-08-17 05:00:49.580] [glim] [warning] large time difference between points and imu!!
[2026-08-17 05:00:49.580] [glim] [warning] points=450.300000 imu=451.650000 diff=1.350000
[2026-08-17 05:00:49.589] [glim] [warning] large time difference between points and imu!!
[2026-08-17 05:00:49.589] [glim] [warning] points=450.300000 imu=451.660000 diff=1.360000
[2026-08-17 05:00:49.599] [glim] [warning] large time difference between points and imu!!
[2026-08-17 05:00:49.599] [glim] [warning] points=450.300000 imu=451.670000 diff=1.370000
[2026-08-17 05:00:49.610] [glim] [warning] large time difference between points and imu!!
[2026-08-17 05:00:49.610] [glim] [warning] points=450.300000 imu=451.680000 diff=1.380000
[2026-08-17 05:00:49.620] [glim] [warning] large time difference between points and imu!!
[2026-08-17 05:00:49.620] [glim] [warning] points=450.300000 imu=451.690000 diff=1.390000
[2026-08-17 05:00:49.629] [glim] [warning] large time difference between points and imu!!
[2026-08-17 05:00:49.629] [glim] [warning] points=450.300000 imu=451.700000 diff=1.400000
[2026-08-17 05:00:49.640] [glim] [warning] large time difference between points and imu!!
[2026-08-17 05:00:49.640] [glim] [warning] points=450.300000 imu=451.710000 diff=1.410000
[2026-08-17 05:00:49.650] [glim] [warning] large time difference between points and imu!!
[2026-08-17 05:00:49.650] [glim] [warning] points=450.300000 imu=451.720000 diff=1.420000
[2026-08-17 05:00:49.659] [glim] [warning] large time gap between consecutive LiDAR frames!!
[2026-08-17 05:00:49.659] [glim] [warning] current=451.700000 last=450.300000 diff=1.400000
[2026-08-17 05:00:50.214] [odom] [warning] neither frames[last]=0xe2fc4bbc6850 nor frames[last - 1]=0x0 is released!!
[2026-08-17 05:00:50.214] [odom] [warning] there might be a large time gap between point cloud frames
[2026-08-17 05:00:51.958] [glim] [warning] large time gap between consecutive LiDAR frames!!
[2026-08-17 05:00:51.958] [glim] [warning] current=454.000000 last=453.100000 diff=0.900000
[2026-08-17 05:00:55.851] [glim] [warning] large time gap between consecutive LiDAR frames!!
[2026-08-17 05:00:55.851] [glim] [warning] current=457.900000 last=457.200000 diff=0.700000
[2026-08-17 05:00:57.160] [glim] [warning] large time gap between consecutive LiDAR frames!!
[2026-08-17 05:00:57.160] [glim] [warning] current=459.200000 last=458.400000 diff=0.800000
[2026-08-17 05:00:57.960] [glim] [warning] large time gap between consecutive LiDAR frames!!
[2026-08-17 05:00:57.960] [glim] [warning] current=460.000000 last=459.400000 diff=0.600000
[2026-08-17 05:01:02.872] [glim] [warning] large time gap between consecutive LiDAR frames!!
[2026-08-17 05:01:02.872] [glim] [warning] current=464.900000 last=464.100000 diff=0.800000
[2026-08-17 05:01:04.573] [glim] [warning] large time gap between consecutive LiDAR frames!!
[2026-08-17 05:01:04.574] [glim] [warning] current=466.600000 last=465.800000 diff=0.800000
[2026-08-17 05:01:09.089] [glim] [warning] large time gap between consecutive LiDAR frames!!
[2026-08-17 05:01:09.089] [glim] [warning] current=471.100000 last=470.200000 diff=0.900000
[2026-08-17 05:01:09.457] [odom] [warning] neither frames[last]=0xe2fc0b214d60 nor frames[last - 1]=0x0 is released!!
[2026-08-17 05:01:09.457] [odom] [warning] there might be a large time gap between point cloud frames
[2026-08-17 05:01:14.684] [glim] [warning] large time gap between consecutive LiDAR frames!!
[2026-08-17 05:01:14.684] [glim] [warning] current=476.700000 last=475.900000 diff=0.800000
[2026-08-17 05:01:16.196] [glim] [warning] large time gap between consecutive LiDAR frames!!
[2026-08-17 05:01:16.196] [glim] [warning] current=478.200000 last=477.500000 diff=0.700000
[2026-08-17 05:01:17.899] [glim] [warning] large time gap between consecutive LiDAR frames!!
[2026-08-17 05:01:17.899] [glim] [warning] current=479.900000 last=479.300000 diff=0.600000
[2026-08-17 05:01:19.007] [glim] [warning] large time gap between consecutive LiDAR frames!!
[2026-08-17 05:01:19.007] [glim] [warning] current=481.000000 last=480.400000 diff=0.600000
[2026-08-17 05:01:26.290] [glim] [warning] large time difference between points and imu!!
[2026-08-17 05:01:26.290] [glim] [warning] points=487.300000 imu=488.310000 diff=1.010000
[2026-08-17 05:01:26.299] [glim] [warning] large time difference between points and imu!!
[2026-08-17 05:01:26.299] [glim] [warning] points=487.300000 imu=488.320000 diff=1.020000
[2026-08-17 05:01:26.309] [glim] [warning] large time difference between points and imu!!
[2026-08-17 05:01:26.309] [glim] [warning] points=487.300000 imu=488.330000 diff=1.030000
[2026-08-17 05:01:26.319] [glim] [warning] large time difference between points and imu!!
[2026-08-17 05:01:26.319] [glim] [warning] points=487.300000 imu=488.340000 diff=1.040000
[2026-08-17 05:01:26.332] [glim] [warning] large time difference between points and imu!!
[2026-08-17 05:01:26.332] [glim] [warning] points=487.300000 imu=488.350000 diff=1.050000
[2026-08-17 05:01:26.340] [glim] [warning] large time difference between points and imu!!
[2026-08-17 05:01:26.340] [glim] [warning] points=487.300000 imu=488.360000 diff=1.060000
[2026-08-17 05:01:26.348] [glim] [warning] large time difference between points and imu!!
[2026-08-17 05:01:26.348] [glim] [warning] points=487.300000 imu=488.370000 diff=1.070000
[2026-08-17 05:01:26.361] [glim] [warning] large time difference between points and imu!!
[2026-08-17 05:01:26.361] [glim] [warning] points=487.300000 imu=488.380000 diff=1.080000
[2026-08-17 05:01:26.368] [glim] [warning] large time difference between points and imu!!
[2026-08-17 05:01:26.368] [glim] [warning] points=487.300000 imu=488.390000 diff=1.090000
[2026-08-17 05:01:26.378] [glim] [warning] large time difference between points and imu!!
[2026-08-17 05:01:26.378] [glim] [warning] points=487.300000 imu=488.400000 diff=1.100000
[2026-08-17 05:01:26.389] [glim] [warning] large time difference between points and imu!!
[2026-08-17 05:01:26.389] [glim] [warning] points=487.300000 imu=488.410000 diff=1.110000
[2026-08-17 05:01:26.398] [glim] [warning] large time difference between points and imu!!
[2026-08-17 05:01:26.398] [glim] [warning] points=487.300000 imu=488.420000 diff=1.120000
[2026-08-17 05:01:26.409] [glim] [warning] large time difference between points and imu!!
[2026-08-17 05:01:26.409] [glim] [warning] points=487.300000 imu=488.430000 diff=1.130000
[2026-08-17 05:01:26.418] [glim] [warning] large time difference between points and imu!!
[2026-08-17 05:01:26.418] [glim] [warning] points=487.300000 imu=488.440000 diff=1.140000
[2026-08-17 05:01:26.432] [glim] [warning] large time difference between points and imu!!
[2026-08-17 05:01:26.432] [glim] [warning] points=487.300000 imu=488.450000 diff=1.150000
[2026-08-17 05:01:26.439] [glim] [warning] large time difference between points and imu!!
[2026-08-17 05:01:26.439] [glim] [warning] points=487.300000 imu=488.460000 diff=1.160000
[2026-08-17 05:01:26.449] [glim] [warning] large time difference between points and imu!!
[2026-08-17 05:01:26.449] [glim] [warning] points=487.300000 imu=488.470000 diff=1.170000
[2026-08-17 05:01:26.458] [glim] [warning] large time difference between points and imu!!
[2026-08-17 05:01:26.459] [glim] [warning] points=487.300000 imu=488.480000 diff=1.180000
[2026-08-17 05:01:26.469] [glim] [warning] large time difference between points and imu!!
[2026-08-17 05:01:26.469] [glim] [warning] points=487.300000 imu=488.490000 diff=1.190000
[2026-08-17 05:01:26.478] [glim] [warning] large time difference between points and imu!!
[2026-08-17 05:01:26.478] [glim] [warning] points=487.300000 imu=488.500000 diff=1.200000
[2026-08-17 05:01:26.491] [glim] [warning] large time difference between points and imu!!
[2026-08-17 05:01:26.491] [glim] [warning] points=487.300000 imu=488.510000 diff=1.210000
[2026-08-17 05:01:26.499] [glim] [warning] large time difference between points and imu!!
[2026-08-17 05:01:26.499] [glim] [warning] points=487.300000 imu=488.520000 diff=1.220000
[2026-08-17 05:01:26.509] [glim] [warning] large time gap between consecutive LiDAR frames!!
[2026-08-17 05:01:26.509] [glim] [warning] current=488.500000 last=487.300000 diff=1.200000
[2026-08-17 05:01:26.676] [odom] [warning] neither frames[last]=0xe2fc5e252e40 nor frames[last - 1]=0x0 is released!!
[2026-08-17 05:01:26.676] [odom] [warning] there might be a large time gap between point cloud frames
[2026-08-17 05:01:35.118] [glim] [warning] large time gap between consecutive LiDAR frames!!
[2026-08-17 05:01:35.118] [glim] [warning] current=497.100000 last=496.500000 diff=0.600000
[2026-08-17 05:01:36.223] [glim] [warning] large time gap between consecutive LiDAR frames!!
[2026-08-17 05:01:36.223] [glim] [warning] current=498.200000 last=497.400000 diff=0.800000
[2026-08-17 05:01:37.602] [glim] [warning] large time difference between points and imu!!
[2026-08-17 05:01:37.602] [glim] [warning] points=498.600000 imu=499.610000 diff=1.010000
[2026-08-17 05:01:37.612] [glim] [warning] large time difference between points and imu!!
[2026-08-17 05:01:37.612] [glim] [warning] points=498.600000 imu=499.620000 diff=1.020000
[2026-08-17 05:01:37.622] [glim] [warning] large time difference between points and imu!!
[2026-08-17 05:01:37.622] [glim] [warning] points=498.600000 imu=499.630000 diff=1.030000
[2026-08-17 05:01:37.632] [glim] [warning] large time difference between points and imu!!
[2026-08-17 05:01:37.632] [glim] [warning] points=498.600000 imu=499.640000 diff=1.040000
[2026-08-17 05:01:37.642] [glim] [warning] large time difference between points and imu!!
[2026-08-17 05:01:37.642] [glim] [warning] points=498.600000 imu=499.650000 diff=1.050000
[2026-08-17 05:01:37.652] [glim] [warning] large time difference between points and imu!!
[2026-08-17 05:01:37.652] [glim] [warning] points=498.600000 imu=499.660000 diff=1.060000
[2026-08-17 05:01:37.662] [glim] [warning] large time difference between points and imu!!
[2026-08-17 05:01:37.662] [glim] [warning] points=498.600000 imu=499.670000 diff=1.070000
[2026-08-17 05:01:37.674] [glim] [warning] large time difference between points and imu!!
[2026-08-17 05:01:37.674] [glim] [warning] points=498.600000 imu=499.680000 diff=1.080000
[2026-08-17 05:01:37.682] [glim] [warning] large time difference between points and imu!!
[2026-08-17 05:01:37.682] [glim] [warning] points=498.600000 imu=499.690000 diff=1.090000
[2026-08-17 05:01:37.692] [glim] [warning] large time difference between points and imu!!
[2026-08-17 05:01:37.692] [glim] [warning] points=498.600000 imu=499.700000 diff=1.100000
[2026-08-17 05:01:37.703] [glim] [warning] large time difference between points and imu!!
[2026-08-17 05:01:37.703] [glim] [warning] points=498.600000 imu=499.710000 diff=1.110000
[2026-08-17 05:01:37.712] [glim] [warning] large time difference between points and imu!!
[2026-08-17 05:01:37.712] [glim] [warning] points=498.600000 imu=499.720000 diff=1.120000
[2026-08-17 05:01:37.722] [glim] [warning] large time difference between points and imu!!
[2026-08-17 05:01:37.722] [glim] [warning] points=498.600000 imu=499.730000 diff=1.130000
[2026-08-17 05:01:37.732] [glim] [warning] large time difference between points and imu!!
[2026-08-17 05:01:37.732] [glim] [warning] points=498.600000 imu=499.740000 diff=1.140000
[2026-08-17 05:01:37.742] [glim] [warning] large time difference between points and imu!!
[2026-08-17 05:01:37.742] [glim] [warning] points=498.600000 imu=499.750000 diff=1.150000
[2026-08-17 05:01:37.752] [glim] [warning] large time difference between points and imu!!
[2026-08-17 05:01:37.752] [glim] [warning] points=498.600000 imu=499.760000 diff=1.160000
[2026-08-17 05:01:37.762] [glim] [warning] large time difference between points and imu!!
[2026-08-17 05:01:37.762] [glim] [warning] points=498.600000 imu=499.770000 diff=1.170000
[2026-08-17 05:01:37.774] [glim] [warning] large time difference between points and imu!!
[2026-08-17 05:01:37.774] [glim] [warning] points=498.600000 imu=499.780000 diff=1.180000
[2026-08-17 05:01:37.782] [glim] [warning] large time difference between points and imu!!
[2026-08-17 05:01:37.782] [glim] [warning] points=498.600000 imu=499.790000 diff=1.190000
[2026-08-17 05:01:37.794] [glim] [warning] large time difference between points and imu!!
[2026-08-17 05:01:37.794] [glim] [warning] points=498.600000 imu=499.800000 diff=1.200000
[2026-08-17 05:01:37.802] [glim] [warning] large time difference between points and imu!!
[2026-08-17 05:01:37.802] [glim] [warning] points=498.600000 imu=499.810000 diff=1.210000
[2026-08-17 05:01:37.812] [glim] [warning] large time difference between points and imu!!
[2026-08-17 05:01:37.812] [glim] [warning] points=498.600000 imu=499.820000 diff=1.220000
[2026-08-17 05:01:37.822] [glim] [warning] large time difference between points and imu!!
[2026-08-17 05:01:37.822] [glim] [warning] points=498.600000 imu=499.830000 diff=1.230000
[2026-08-17 05:01:37.828] [glim] [warning] large time gap between consecutive LiDAR frames!!
[2026-08-17 05:01:37.828] [glim] [warning] current=499.800000 last=498.600000 diff=1.200000
[2026-08-17 05:01:38.091] [odom] [warning] neither frames[last]=0xe2fc5c307c90 nor frames[last - 1]=0x0 is released!!
[2026-08-17 05:01:38.091] [odom] [warning] there might be a large time gap between point cloud frames
[2026-08-17 05:01:39.130] [glim] [warning] large time gap between consecutive LiDAR frames!!
[2026-08-17 05:01:39.130] [glim] [warning] current=501.100000 last=500.400000 diff=0.700000
[2026-08-17 05:01:40.131] [glim] [warning] large time gap between consecutive LiDAR frames!!
[2026-08-17 05:01:40.132] [glim] [warning] current=502.100000 last=501.500000 diff=0.600000
[2026-08-17 05:01:40.918] [glim] [warning] large time gap between consecutive LiDAR frames!!
[2026-08-17 05:01:40.918] [glim] [warning] current=502.900000 last=502.300000 diff=0.600000
[2026-08-17 05:01:46.030] [glim] [warning] large time gap between consecutive LiDAR frames!!
[2026-08-17 05:01:46.030] [glim] [warning] current=508.000000 last=507.100000 diff=0.900000
[2026-08-17 05:01:48.337] [glim] [warning] large time gap between consecutive LiDAR frames!!
[2026-08-17 05:01:48.337] [glim] [warning] current=510.300000 last=509.500000 diff=0.800000
[2026-08-17 05:01:58.238] [glim] [warning] large time gap between consecutive LiDAR frames!!
[2026-08-17 05:01:58.239] [glim] [warning] current=520.200000 last=519.600000 diff=0.600000
[2026-08-17 05:02:05.336] [glim] [warning] large time gap between consecutive LiDAR frames!!
[2026-08-17 05:02:05.336] [glim] [warning] current=527.300000 last=526.400000 diff=0.900000
[2026-08-17 05:02:13.956] [glim] [warning] large time gap between consecutive LiDAR frames!!
[2026-08-17 05:02:13.956] [glim] [warning] current=535.900000 last=535.200000 diff=0.700000
[2026-08-17 05:02:15.039] [glim] [warning] large time difference between points and imu!!
[2026-08-17 05:02:15.039] [glim] [warning] points=536.000000 imu=537.010000 diff=1.010000
[2026-08-17 05:02:15.049] [glim] [warning] large time difference between points and imu!!
[2026-08-17 05:02:15.049] [glim] [warning] points=536.000000 imu=537.020000 diff=1.020000
[2026-08-17 05:02:15.061] [glim] [warning] large time difference between points and imu!!
[2026-08-17 05:02:15.061] [glim] [warning] points=536.000000 imu=537.030000 diff=1.030000
[2026-08-17 05:02:15.067] [glim] [warning] large time difference between points and imu!!
[2026-08-17 05:02:15.067] [glim] [warning] points=536.000000 imu=537.040000 diff=1.040000
[2026-08-17 05:02:15.077] [glim] [warning] large time difference between points and imu!!
[2026-08-17 05:02:15.077] [glim] [warning] points=536.000000 imu=537.050000 diff=1.050000
[2026-08-17 05:02:15.088] [glim] [warning] large time difference between points and imu!!
[2026-08-17 05:02:15.088] [glim] [warning] points=536.000000 imu=537.060000 diff=1.060000
[2026-08-17 05:02:15.097] [glim] [warning] large time difference between points and imu!!
[2026-08-17 05:02:15.097] [glim] [warning] points=536.000000 imu=537.070000 diff=1.070000
[2026-08-17 05:02:15.108] [glim] [warning] large time difference between points and imu!!
[2026-08-17 05:02:15.108] [glim] [warning] points=536.000000 imu=537.080000 diff=1.080000
[2026-08-17 05:02:15.118] [glim] [warning] large time difference between points and imu!!
[2026-08-17 05:02:15.118] [glim] [warning] points=536.000000 imu=537.090000 diff=1.090000
[2026-08-17 05:02:15.128] [glim] [warning] large time difference between points and imu!!
[2026-08-17 05:02:15.128] [glim] [warning] points=536.000000 imu=537.100000 diff=1.100000
[2026-08-17 05:02:15.140] [glim] [warning] large time difference between points and imu!!
[2026-08-17 05:02:15.140] [glim] [warning] points=536.000000 imu=537.110000 diff=1.110000
[2026-08-17 05:02:15.148] [glim] [warning] large time difference between points and imu!!
[2026-08-17 05:02:15.148] [glim] [warning] points=536.000000 imu=537.120000 diff=1.120000
[2026-08-17 05:02:15.160] [glim] [warning] large time difference between points and imu!!
[2026-08-17 05:02:15.161] [glim] [warning] points=536.000000 imu=537.130000 diff=1.130000
[2026-08-17 05:02:15.168] [glim] [warning] large time difference between points and imu!!
[2026-08-17 05:02:15.168] [glim] [warning] points=536.000000 imu=537.140000 diff=1.140000
[2026-08-17 05:02:15.178] [glim] [warning] large time difference between points and imu!!
[2026-08-17 05:02:15.178] [glim] [warning] points=536.000000 imu=537.150000 diff=1.150000
[2026-08-17 05:02:15.188] [glim] [warning] large time difference between points and imu!!
[2026-08-17 05:02:15.188] [glim] [warning] points=536.000000 imu=537.160000 diff=1.160000
[2026-08-17 05:02:15.197] [glim] [warning] large time difference between points and imu!!
[2026-08-17 05:02:15.198] [glim] [warning] points=536.000000 imu=537.170000 diff=1.170000
[2026-08-17 05:02:15.208] [glim] [warning] large time difference between points and imu!!
[2026-08-17 05:02:15.208] [glim] [warning] points=536.000000 imu=537.180000 diff=1.180000
[2026-08-17 05:02:15.217] [glim] [warning] large time difference between points and imu!!
[2026-08-17 05:02:15.217] [glim] [warning] points=536.000000 imu=537.190000 diff=1.190000
[2026-08-17 05:02:15.227] [glim] [warning] large time difference between points and imu!!
[2026-08-17 05:02:15.227] [glim] [warning] points=536.000000 imu=537.200000 diff=1.200000
[2026-08-17 05:02:15.239] [glim] [warning] large time difference between points and imu!!
[2026-08-17 05:02:15.239] [glim] [warning] points=536.000000 imu=537.210000 diff=1.210000
[2026-08-17 05:02:15.252] [glim] [warning] large time difference between points and imu!!
[2026-08-17 05:02:15.252] [glim] [warning] points=536.000000 imu=537.220000 diff=1.220000
[2026-08-17 05:02:15.260] [glim] [warning] large time difference between points and imu!!
[2026-08-17 05:02:15.260] [glim] [warning] points=536.000000 imu=537.230000 diff=1.230000
[2026-08-17 05:02:15.271] [glim] [warning] large time difference between points and imu!!
[2026-08-17 05:02:15.271] [glim] [warning] points=536.000000 imu=537.240000 diff=1.240000
[2026-08-17 05:02:15.277] [glim] [warning] large time difference between points and imu!!
[2026-08-17 05:02:15.277] [glim] [warning] points=536.000000 imu=537.250000 diff=1.250000
[2026-08-17 05:02:15.288] [glim] [warning] large time difference between points and imu!!
[2026-08-17 05:02:15.288] [glim] [warning] points=536.000000 imu=537.260000 diff=1.260000
[2026-08-17 05:02:15.298] [glim] [warning] large time difference between points and imu!!
[2026-08-17 05:02:15.298] [glim] [warning] points=536.000000 imu=537.270000 diff=1.270000
[2026-08-17 05:02:15.308] [glim] [warning] large time difference between points and imu!!
[2026-08-17 05:02:15.308] [glim] [warning] points=536.000000 imu=537.280000 diff=1.280000
[2026-08-17 05:02:15.318] [glim] [warning] large time difference between points and imu!!
[2026-08-17 05:02:15.318] [glim] [warning] points=536.000000 imu=537.290000 diff=1.290000
[2026-08-17 05:02:15.328] [glim] [warning] large time difference between points and imu!!
[2026-08-17 05:02:15.328] [glim] [warning] points=536.000000 imu=537.300000 diff=1.300000
[2026-08-17 05:02:15.338] [glim] [warning] large time difference between points and imu!!
[2026-08-17 05:02:15.338] [glim] [warning] points=536.000000 imu=537.310000 diff=1.310000
[2026-08-17 05:02:15.349] [glim] [warning] large time difference between points and imu!!
[2026-08-17 05:02:15.349] [glim] [warning] points=536.000000 imu=537.320000 diff=1.320000
[2026-08-17 05:02:15.360] [glim] [warning] large time difference between points and imu!!
[2026-08-17 05:02:15.360] [glim] [warning] points=536.000000 imu=537.330000 diff=1.330000
[2026-08-17 05:02:15.360] [glim] [warning] large time gap between consecutive LiDAR frames!!
[2026-08-17 05:02:15.360] [glim] [warning] current=537.300000 last=536.000000 diff=1.300000
[2026-08-17 05:02:15.829] [odom] [warning] neither frames[last]=0xe2fc0a048600 nor frames[last - 1]=0x0 is released!!
[2026-08-17 05:02:15.829] [odom] [warning] there might be a large time gap between point cloud frames
[2026-08-17 05:02:18.756] [glim] [warning] large time gap between consecutive LiDAR frames!!
[2026-08-17 05:02:18.756] [glim] [warning] current=540.700000 last=539.800000 diff=0.900000
[2026-08-17 05:02:18.930] [odom] [warning] neither frames[last]=0xe2fca15390c0 nor frames[last - 1]=0x0 is released!!
[2026-08-17 05:02:18.930] [odom] [warning] there might be a large time gap between point cloud frames
[2026-08-17 05:02:20.646] [glim] [warning] large time difference between points and imu!!
[2026-08-17 05:02:20.646] [glim] [warning] points=541.600000 imu=542.610000 diff=1.010000
[2026-08-17 05:02:20.653] [glim] [warning] large time difference between points and imu!!
[2026-08-17 05:02:20.653] [glim] [warning] points=541.600000 imu=542.620000 diff=1.020000
[2026-08-17 05:02:20.663] [glim] [warning] large time gap between consecutive LiDAR frames!!
[2026-08-17 05:02:20.663] [glim] [warning] current=542.600000 last=541.600000 diff=1.000000
[2026-08-17 05:02:21.030] [odom] [warning] neither frames[last]=0xe2fc5d1ae130 nor frames[last - 1]=0x0 is released!!
[2026-08-17 05:02:21.030] [odom] [warning] there might be a large time gap between point cloud frames
[2026-08-17 05:02:23.366] [glim] [warning] large time gap between consecutive LiDAR frames!!
[2026-08-17 05:02:23.366] [glim] [warning] current=545.300000 last=544.700000 diff=0.600000
[2026-08-17 05:02:23.959] [glim] [warning] large time gap between consecutive LiDAR frames!!
[2026-08-17 05:02:23.959] [glim] [warning] current=545.900000 last=545.300000 diff=0.600000
[2026-08-17 05:02:28.973] [glim] [warning] large time gap between consecutive LiDAR frames!!
[2026-08-17 05:02:28.973] [glim] [warning] current=550.900000 last=550.300000 diff=0.600000
[2026-08-17 05:02:30.277] [glim] [warning] large time gap between consecutive LiDAR frames!!
[2026-08-17 05:02:30.278] [glim] [warning] current=552.200000 last=551.600000 diff=0.600000
[2026-08-17 05:02:31.576] [glim] [warning] large time gap between consecutive LiDAR frames!!
[2026-08-17 05:02:31.576] [glim] [warning] current=553.500000 last=552.900000 diff=0.600000
[2026-08-17 05:02:33.383] [glim] [warning] large time gap between consecutive LiDAR frames!!
[2026-08-17 05:02:33.383] [glim] [warning] current=555.300000 last=554.700000 diff=0.600000
[2026-08-17 05:02:38.367] [glim] [warning] large time difference between points and imu!!
[2026-08-17 05:02:38.367] [glim] [warning] points=559.300000 imu=560.310000 diff=1.010000
[2026-08-17 05:02:38.377] [glim] [warning] large time difference between points and imu!!
[2026-08-17 05:02:38.377] [glim] [warning] points=559.300000 imu=560.320000 diff=1.020000
[2026-08-17 05:02:38.387] [glim] [warning] large time difference between points and imu!!
[2026-08-17 05:02:38.387] [glim] [warning] points=559.300000 imu=560.330000 diff=1.030000
[2026-08-17 05:02:38.399] [glim] [warning] large time difference between points and imu!!
[2026-08-17 05:02:38.399] [glim] [warning] points=559.300000 imu=560.340000 diff=1.040000
[2026-08-17 05:02:38.407] [glim] [warning] large time difference between points and imu!!
[2026-08-17 05:02:38.407] [glim] [warning] points=559.300000 imu=560.350000 diff=1.050000
[2026-08-17 05:02:38.417] [glim] [warning] large time difference between points and imu!!
[2026-08-17 05:02:38.417] [glim] [warning] points=559.300000 imu=560.360000 diff=1.060000
[2026-08-17 05:02:38.427] [glim] [warning] large time difference between points and imu!!
[2026-08-17 05:02:38.427] [glim] [warning] points=559.300000 imu=560.370000 diff=1.070000
[2026-08-17 05:02:38.437] [glim] [warning] large time difference between points and imu!!
[2026-08-17 05:02:38.437] [glim] [warning] points=559.300000 imu=560.380000 diff=1.080000
[2026-08-17 05:02:38.447] [glim] [warning] large time difference between points and imu!!
[2026-08-17 05:02:38.447] [glim] [warning] points=559.300000 imu=560.390000 diff=1.090000
[2026-08-17 05:02:38.457] [glim] [warning] large time difference between points and imu!!
[2026-08-17 05:02:38.457] [glim] [warning] points=559.300000 imu=560.400000 diff=1.100000
[2026-08-17 05:02:38.470] [glim] [warning] large time difference between points and imu!!
[2026-08-17 05:02:38.470] [glim] [warning] points=559.300000 imu=560.410000 diff=1.110000
[2026-08-17 05:02:38.477] [glim] [warning] large time difference between points and imu!!
[2026-08-17 05:02:38.477] [glim] [warning] points=559.300000 imu=560.420000 diff=1.120000
[2026-08-17 05:02:38.487] [glim] [warning] large time difference between points and imu!!
[2026-08-17 05:02:38.487] [glim] [warning] points=559.300000 imu=560.430000 diff=1.130000
[2026-08-17 05:02:38.497] [glim] [warning] large time difference between points and imu!!
[2026-08-17 05:02:38.497] [glim] [warning] points=559.300000 imu=560.440000 diff=1.140000
[2026-08-17 05:02:38.507] [glim] [warning] large time difference between points and imu!!
[2026-08-17 05:02:38.507] [glim] [warning] points=559.300000 imu=560.450000 diff=1.150000
[2026-08-17 05:02:38.517] [glim] [warning] large time difference between points and imu!!
[2026-08-17 05:02:38.517] [glim] [warning] points=559.300000 imu=560.460000 diff=1.160000
[2026-08-17 05:02:38.527] [glim] [warning] large time difference between points and imu!!
[2026-08-17 05:02:38.527] [glim] [warning] points=559.300000 imu=560.470000 diff=1.170000
[2026-08-17 05:02:38.537] [glim] [warning] large time difference between points and imu!!
[2026-08-17 05:02:38.537] [glim] [warning] points=559.300000 imu=560.480000 diff=1.180000
[2026-08-17 05:02:38.547] [glim] [warning] large time difference between points and imu!!
[2026-08-17 05:02:38.547] [glim] [warning] points=559.300000 imu=560.490000 diff=1.190000
[2026-08-17 05:02:38.557] [glim] [warning] large time difference between points and imu!!
[2026-08-17 05:02:38.557] [glim] [warning] points=559.300000 imu=560.500000 diff=1.200000
[2026-08-17 05:02:38.567] [glim] [warning] large time difference between points and imu!!
[2026-08-17 05:02:38.567] [glim] [warning] points=559.300000 imu=560.510000 diff=1.210000
[2026-08-17 05:02:38.577] [glim] [warning] large time difference between points and imu!!
[2026-08-17 05:02:38.577] [glim] [warning] points=559.300000 imu=560.520000 diff=1.220000
[2026-08-17 05:02:38.587] [glim] [warning] large time difference between points and imu!!
[2026-08-17 05:02:38.587] [glim] [warning] points=559.300000 imu=560.530000 diff=1.230000
[2026-08-17 05:02:38.590] [glim] [warning] large time gap between consecutive LiDAR frames!!
[2026-08-17 05:02:38.590] [glim] [warning] current=560.500000 last=559.300000 diff=1.200000
[2026-08-17 05:02:38.959] [odom] [warning] neither frames[last]=0xe2fc0a3818e0 nor frames[last - 1]=0x0 is released!!
[2026-08-17 05:02:38.959] [odom] [warning] there might be a large time gap between point cloud frames
[2026-08-17 05:02:39.681] [glim] [warning] large time gap between consecutive LiDAR frames!!
[2026-08-17 05:02:39.681] [glim] [warning] current=561.600000 last=561.000000 diff=0.600000
[2026-08-17 05:02:40.992] [glim] [warning] large time gap between consecutive LiDAR frames!!
[2026-08-17 05:02:40.992] [glim] [warning] current=562.900000 last=562.100000 diff=0.800000
[2026-08-17 05:02:42.085] [glim] [warning] large time difference between points and imu!!
[2026-08-17 05:02:42.085] [glim] [warning] points=563.000000 imu=564.010000 diff=1.010000
[2026-08-17 05:02:42.097] [glim] [warning] large time gap between consecutive LiDAR frames!!
[2026-08-17 05:02:42.097] [glim] [warning] current=564.000000 last=563.000000 diff=1.000000
[2026-08-17 05:02:42.267] [odom] [warning] neither frames[last]=0xe2fca0121f00 nor frames[last - 1]=0x0 is released!!
[2026-08-17 05:02:42.267] [odom] [warning] there might be a large time gap between point cloud frames
[2026-08-17 05:02:43.505] [glim] [warning] large time gap between consecutive LiDAR frames!!
[2026-08-17 05:02:43.505] [glim] [warning] current=565.400000 last=564.600000 diff=0.800000
[2026-08-17 05:02:47.938] [glim] [warning] large time gap between consecutive LiDAR frames!!
[2026-08-17 05:02:47.938] [glim] [warning] current=569.800000 last=569.100000 diff=0.700000
[2026-08-17 05:02:48.640] [glim] [warning] large time gap between consecutive LiDAR frames!!
[2026-08-17 05:02:48.640] [glim] [warning] current=570.500000 last=569.800000 diff=0.700000
[2026-08-17 05:02:49.739] [glim] [warning] large time gap between consecutive LiDAR frames!!
[2026-08-17 05:02:49.739] [glim] [warning] current=571.600000 last=570.900000 diff=0.700000
[2026-08-17 05:02:50.816] [glim] [warning] large time difference between points and imu!!
[2026-08-17 05:02:50.817] [glim] [warning] points=571.700000 imu=572.710000 diff=1.010000
[2026-08-17 05:02:50.827] [glim] [warning] large time difference between points and imu!!
[2026-08-17 05:02:50.827] [glim] [warning] points=571.700000 imu=572.720000 diff=1.020000
[2026-08-17 05:02:50.836] [glim] [warning] large time difference between points and imu!!
[2026-08-17 05:02:50.836] [glim] [warning] points=571.700000 imu=572.730000 diff=1.030000
[2026-08-17 05:02:50.847] [glim] [warning] large time difference between points and imu!!
[2026-08-17 05:02:50.847] [glim] [warning] points=571.700000 imu=572.740000 diff=1.040000
[2026-08-17 05:02:50.856] [glim] [warning] large time difference between points and imu!!
[2026-08-17 05:02:50.856] [glim] [warning] points=571.700000 imu=572.750000 diff=1.050000
[2026-08-17 05:02:50.867] [glim] [warning] large time difference between points and imu!!
[2026-08-17 05:02:50.867] [glim] [warning] points=571.700000 imu=572.760000 diff=1.060000
[2026-08-17 05:02:50.877] [glim] [warning] large time difference between points and imu!!
[2026-08-17 05:02:50.877] [glim] [warning] points=571.700000 imu=572.770000 diff=1.070000
[2026-08-17 05:02:50.886] [glim] [warning] large time difference between points and imu!!
[2026-08-17 05:02:50.886] [glim] [warning] points=571.700000 imu=572.780000 diff=1.080000
[2026-08-17 05:02:50.897] [glim] [warning] large time difference between points and imu!!
[2026-08-17 05:02:50.897] [glim] [warning] points=571.700000 imu=572.790000 diff=1.090000
[2026-08-17 05:02:50.907] [glim] [warning] large time difference between points and imu!!
[2026-08-17 05:02:50.907] [glim] [warning] points=571.700000 imu=572.800000 diff=1.100000
[2026-08-17 05:02:50.916] [glim] [warning] large time difference between points and imu!!
[2026-08-17 05:02:50.917] [glim] [warning] points=571.700000 imu=572.810000 diff=1.110000
[2026-08-17 05:02:50.927] [glim] [warning] large time difference between points and imu!!
[2026-08-17 05:02:50.927] [glim] [warning] points=571.700000 imu=572.820000 diff=1.120000
[2026-08-17 05:02:50.936] [glim] [warning] large time difference between points and imu!!
[2026-08-17 05:02:50.936] [glim] [warning] points=571.700000 imu=572.830000 diff=1.130000
[2026-08-17 05:02:50.946] [glim] [warning] large time difference between points and imu!!
[2026-08-17 05:02:50.947] [glim] [warning] points=571.700000 imu=572.840000 diff=1.140000
[2026-08-17 05:02:50.956] [glim] [warning] large time difference between points and imu!!
[2026-08-17 05:02:50.956] [glim] [warning] points=571.700000 imu=572.850000 diff=1.150000
[2026-08-17 05:02:50.967] [glim] [warning] large time difference between points and imu!!
[2026-08-17 05:02:50.967] [glim] [warning] points=571.700000 imu=572.860000 diff=1.160000
[2026-08-17 05:02:50.977] [glim] [warning] large time difference between points and imu!!
[2026-08-17 05:02:50.977] [glim] [warning] points=571.700000 imu=572.870000 diff=1.170000
[2026-08-17 05:02:50.987] [glim] [warning] large time difference between points and imu!!
[2026-08-17 05:02:50.987] [glim] [warning] points=571.700000 imu=572.880000 diff=1.180000
[2026-08-17 05:02:50.997] [glim] [warning] large time difference between points and imu!!
[2026-08-17 05:02:50.997] [glim] [warning] points=571.700000 imu=572.890000 diff=1.190000
[2026-08-17 05:02:51.007] [glim] [warning] large time difference between points and imu!!
[2026-08-17 05:02:51.007] [glim] [warning] points=571.700000 imu=572.900000 diff=1.200000
[2026-08-17 05:02:51.017] [glim] [warning] large time difference between points and imu!!
[2026-08-17 05:02:51.017] [glim] [warning] points=571.700000 imu=572.910000 diff=1.210000
[2026-08-17 05:02:51.027] [glim] [warning] large time difference between points and imu!!
[2026-08-17 05:02:51.027] [glim] [warning] points=571.700000 imu=572.920000 diff=1.220000
[2026-08-17 05:02:51.028] [glim] [warning] large time gap between consecutive LiDAR frames!!
[2026-08-17 05:02:51.028] [glim] [warning] current=572.900000 last=571.700000 diff=1.200000
[2026-08-17 05:02:51.405] [odom] [warning] neither frames[last]=0xe2fca3b00f40 nor frames[last - 1]=0x0 is released!!
[2026-08-17 05:02:51.405] [odom] [warning] there might be a large time gap between point cloud frames
[2026-08-17 05:02:52.443] [glim] [warning] large time gap between consecutive LiDAR frames!!
[2026-08-17 05:02:52.443] [glim] [warning] current=574.300000 last=573.700000 diff=0.600000
[WARN] [1786910584.259474949] [transform_listener_impl_b451db81dab0]: New publisher discovered on topic '/tf_static', offering incompatible QoS. No messages will be sent to it. Last incompatible policy: DURABILITY_QOS_POLICY
[2026-08-17 05:03:05.339] [glim] [warning] large time difference between points and imu!!
[2026-08-17 05:03:05.339] [glim] [warning] points=578.400000 imu=579.410000 diff=1.010000
[2026-08-17 05:03:05.349] [glim] [warning] large time difference between points and imu!!
[2026-08-17 05:03:05.349] [glim] [warning] points=578.400000 imu=579.420000 diff=1.020000
[2026-08-17 05:03:05.359] [glim] [warning] large time difference between points and imu!!
[2026-08-17 05:03:05.359] [glim] [warning] points=578.400000 imu=579.430000 diff=1.030000
[2026-08-17 05:03:05.364] [glim] [warning] large time gap between consecutive LiDAR frames!!
[2026-08-17 05:03:05.364] [glim] [warning] current=579.400000 last=578.400000 diff=1.000000
[2026-08-17 05:03:05.822] [odom] [warning] neither frames[last]=0xe2fba8963090 nor frames[last - 1]=0x0 is released!!
[2026-08-17 05:03:05.822] [odom] [warning] there might be a large time gap between point cloud frames
[2026-08-17 05:03:09.166] [glim] [warning] large time gap between consecutive LiDAR frames!!
[2026-08-17 05:03:09.166] [glim] [warning] current=583.200000 last=582.600000 diff=0.600000
[2026-08-17 05:03:10.452] [glim] [warning] large time gap between consecutive LiDAR frames!!
[2026-08-17 05:03:10.452] [glim] [warning] current=584.500000 last=583.700000 diff=0.800000
[2026-08-17 05:03:12.565] [glim] [warning] large time gap between consecutive LiDAR frames!!
[2026-08-17 05:03:12.565] [glim] [warning] current=586.600000 last=585.900000 diff=0.700000
[2026-08-17 05:03:14.563] [glim] [warning] large time gap between consecutive LiDAR frames!!
[2026-08-17 05:03:14.563] [glim] [warning] current=588.600000 last=587.900000 diff=0.700000
[2026-08-17 05:03:16.361] [glim] [warning] large time gap between consecutive LiDAR frames!!
[2026-08-17 05:03:16.361] [glim] [warning] current=590.400000 last=589.800000 diff=0.600000
[2026-08-17 05:03:17.368] [glim] [warning] large time gap between consecutive LiDAR frames!!
[2026-08-17 05:03:17.368] [glim] [warning] current=591.400000 last=590.700000 diff=0.700000
[2026-08-17 05:03:18.568] [glim] [warning] large time gap between consecutive LiDAR frames!!
[2026-08-17 05:03:18.568] [glim] [warning] current=592.600000 last=592.000000 diff=0.600000
[2026-08-17 05:03:21.071] [glim] [warning] large time gap between consecutive LiDAR frames!!
[2026-08-17 05:03:21.071] [glim] [warning] current=595.100000 last=594.500000 diff=0.600000
[2026-08-17 05:03:24.787] [glim] [warning] large time gap between consecutive LiDAR frames!!
[2026-08-17 05:03:24.787] [glim] [warning] current=598.800000 last=597.900000 diff=0.900000
[2026-08-17 05:03:26.789] [glim] [warning] large time gap between consecutive LiDAR frames!!
[2026-08-17 05:03:26.789] [glim] [warning] current=600.800000 last=600.100000 diff=0.700000
[2026-08-17 05:03:27.695] [glim] [warning] large time gap between consecutive LiDAR frames!!
[2026-08-17 05:03:27.695] [glim] [warning] current=601.700000 last=601.100000 diff=0.600000
[2026-08-17 05:03:28.273] [glim] [warning] large time gap between consecutive IMU data!!
[2026-08-17 05:03:28.273] [glim] [warning] current=602.220000 last=602.040000 diff=0.180000
[2026-08-17 05:03:32.592] [glim] [warning] large time gap between consecutive LiDAR frames!!
[2026-08-17 05:03:32.592] [glim] [warning] current=606.600000 last=606.000000 diff=0.600000
[2026-08-17 05:03:35.993] [glim] [warning] large time gap between consecutive LiDAR frames!!
[2026-08-17 05:03:35.993] [glim] [warning] current=610.000000 last=609.300000 diff=0.700000
[2026-08-17 05:03:39.381] [glim] [warning] large time difference between points and imu!!
[2026-08-17 05:03:39.381] [glim] [warning] points=612.400000 imu=613.410000 diff=1.010000
[2026-08-17 05:03:39.391] [glim] [warning] large time difference between points and imu!!
[2026-08-17 05:03:39.391] [glim] [warning] points=612.400000 imu=613.420000 diff=1.020000
[2026-08-17 05:03:39.400] [glim] [warning] large time gap between consecutive LiDAR frames!!
[2026-08-17 05:03:39.400] [glim] [warning] current=613.400000 last=612.400000 diff=1.000000
[2026-08-17 05:03:39.568] [odom] [warning] neither frames[last]=0xe2fc5f1052b0 nor frames[last - 1]=0x0 is released!!
[2026-08-17 05:03:39.568] [odom] [warning] there might be a large time gap between point cloud frames
[2026-08-17 05:03:41.600] [glim] [warning] large time gap between consecutive LiDAR frames!!
[2026-08-17 05:03:41.600] [glim] [warning] current=615.600000 last=615.000000 diff=0.600000
[2026-08-17 05:03:43.003] [glim] [warning] large time gap between consecutive LiDAR frames!!
[2026-08-17 05:03:43.003] [glim] [warning] current=617.000000 last=616.200000 diff=0.800000
[2026-08-17 05:03:44.392] [glim] [warning] large time gap between consecutive LiDAR frames!!
[2026-08-17 05:03:44.392] [glim] [warning] current=618.400000 last=617.600000 diff=0.800000
[2026-08-17 05:03:51.297] [glim] [warning] large time gap between consecutive LiDAR frames!!
[2026-08-17 05:03:51.297] [glim] [warning] current=625.300000 last=624.700000 diff=0.600000
[2026-08-17 05:03:54.301] [glim] [warning] large time gap between consecutive LiDAR frames!!
[2026-08-17 05:03:54.301] [glim] [warning] current=628.300000 last=627.600000 diff=0.700000
[2026-08-17 05:03:56.207] [glim] [warning] large time gap between consecutive LiDAR frames!!
[2026-08-17 05:03:56.207] [glim] [warning] current=630.200000 last=629.400000 diff=0.800000
[2026-08-17 05:03:58.113] [glim] [warning] large time gap between consecutive LiDAR frames!!
[2026-08-17 05:03:58.113] [glim] [warning] current=632.100000 last=631.500000 diff=0.600000
[2026-08-17 05:03:59.189] [glim] [warning] large time difference between points and imu!!
[2026-08-17 05:03:59.189] [glim] [warning] points=632.200000 imu=633.210000 diff=1.010000
[2026-08-17 05:03:59.198] [glim] [warning] large time difference between points and imu!!
[2026-08-17 05:03:59.198] [glim] [warning] points=632.200000 imu=633.220000 diff=1.020000
[2026-08-17 05:03:59.208] [glim] [warning] large time difference between points and imu!!
[2026-08-17 05:03:59.208] [glim] [warning] points=632.200000 imu=633.230000 diff=1.030000
[2026-08-17 05:03:59.221] [glim] [warning] large time difference between points and imu!!
[2026-08-17 05:03:59.221] [glim] [warning] points=632.200000 imu=633.240000 diff=1.040000
[2026-08-17 05:03:59.231] [glim] [warning] large time difference between points and imu!!
[2026-08-17 05:03:59.231] [glim] [warning] points=632.200000 imu=633.250000 diff=1.050000
[2026-08-17 05:03:59.240] [glim] [warning] large time difference between points and imu!!
[2026-08-17 05:03:59.240] [glim] [warning] points=632.200000 imu=633.260000 diff=1.060000
[2026-08-17 05:03:59.248] [glim] [warning] large time difference between points and imu!!
[2026-08-17 05:03:59.248] [glim] [warning] points=632.200000 imu=633.270000 diff=1.070000
[2026-08-17 05:03:59.258] [glim] [warning] large time difference between points and imu!!
[2026-08-17 05:03:59.258] [glim] [warning] points=632.200000 imu=633.280000 diff=1.080000
[2026-08-17 05:03:59.270] [glim] [warning] large time difference between points and imu!!
[2026-08-17 05:03:59.270] [glim] [warning] points=632.200000 imu=633.290000 diff=1.090000
[2026-08-17 05:03:59.279] [glim] [warning] large time difference between points and imu!!
[2026-08-17 05:03:59.279] [glim] [warning] points=632.200000 imu=633.300000 diff=1.100000
[2026-08-17 05:03:59.292] [glim] [warning] large time difference between points and imu!!
[2026-08-17 05:03:59.292] [glim] [warning] points=632.200000 imu=633.310000 diff=1.110000
[2026-08-17 05:03:59.298] [glim] [warning] large time difference between points and imu!!
[2026-08-17 05:03:59.298] [glim] [warning] points=632.200000 imu=633.320000 diff=1.120000
[2026-08-17 05:03:59.312] [glim] [warning] large time difference between points and imu!!
[2026-08-17 05:03:59.312] [glim] [warning] points=632.200000 imu=633.330000 diff=1.130000
[2026-08-17 05:03:59.315] [glim] [warning] large time gap between consecutive LiDAR frames!!
[2026-08-17 05:03:59.315] [glim] [warning] current=633.300000 last=632.200000 diff=1.100000
[2026-08-17 05:03:59.470] [odom] [warning] neither frames[last]=0xe2fc4983a0c0 nor frames[last - 1]=0x0 is released!!
[2026-08-17 05:03:59.470] [odom] [warning] there might be a large time gap between point cloud frames
[2026-08-17 05:04:00.720] [glim] [warning] large time gap between consecutive LiDAR frames!!
[2026-08-17 05:04:00.720] [glim] [warning] current=634.700000 last=634.100000 diff=0.600000
[2026-08-17 05:04:09.015] [glim] [warning] large time difference between points and imu!!
[2026-08-17 05:04:09.016] [glim] [warning] points=642.000000 imu=643.010000 diff=1.010000
[2026-08-17 05:04:09.027] [glim] [warning] large time difference between points and imu!!
[2026-08-17 05:04:09.027] [glim] [warning] points=642.000000 imu=643.020000 diff=1.020000
[2026-08-17 05:04:09.037] [glim] [warning] large time difference between points and imu!!
[2026-08-17 05:04:09.037] [glim] [warning] points=642.000000 imu=643.030000 diff=1.030000
[2026-08-17 05:04:09.048] [glim] [warning] large time difference between points and imu!!
[2026-08-17 05:04:09.048] [glim] [warning] points=642.000000 imu=643.040000 diff=1.040000
[2026-08-17 05:04:09.053] [glim] [warning] large time gap between consecutive LiDAR frames!!
[2026-08-17 05:04:09.053] [glim] [warning] current=643.000000 last=642.000000 diff=1.000000
[2026-08-17 05:04:09.211] [odom] [warning] neither frames[last]=0xe2fc0895b1d0 nor frames[last - 1]=0x0 is released!!
[2026-08-17 05:04:09.211] [odom] [warning] there might be a large time gap between point cloud frames
[2026-08-17 05:04:12.760] [glim] [warning] large time gap between consecutive LiDAR frames!!
[2026-08-17 05:04:12.760] [glim] [warning] current=646.700000 last=645.900000 diff=0.800000
[2026-08-17 05:04:13.762] [glim] [warning] large time gap between consecutive LiDAR frames!!
[2026-08-17 05:04:13.762] [glim] [warning] current=647.700000 last=647.100000 diff=0.600000
[2026-08-17 05:04:14.774] [glim] [warning] large time gap between consecutive LiDAR frames!!
[2026-08-17 05:04:14.774] [glim] [warning] current=648.700000 last=648.100000 diff=0.600000
[2026-08-17 05:04:16.874] [glim] [warning] large time gap between consecutive LiDAR frames!!
[2026-08-17 05:04:16.874] [glim] [warning] current=650.800000 last=650.100000 diff=0.700000
[2026-08-17 05:04:20.589] [glim] [warning] large time gap between consecutive LiDAR frames!!
[2026-08-17 05:04:20.589] [glim] [warning] current=654.500000 last=653.600000 diff=0.900000
[2026-08-17 05:04:22.102] [glim] [warning] large time gap between consecutive LiDAR frames!!
[2026-08-17 05:04:22.102] [glim] [warning] current=656.000000 last=655.400000 diff=0.600000
[2026-08-17 05:04:29.225] [glim] [warning] large time gap between consecutive LiDAR frames!!
[2026-08-17 05:04:29.225] [glim] [warning] current=663.100000 last=662.500000 diff=0.600000
[2026-08-17 05:04:31.450] [glim] [warning] large time gap between consecutive LiDAR frames!!
[2026-08-17 05:04:31.450] [glim] [warning] current=665.300000 last=664.700000 diff=0.600000
[2026-08-17 05:04:37.450] [glim] [warning] large time difference between points and imu!!
[2026-08-17 05:04:37.451] [glim] [warning] points=670.300000 imu=671.310000 diff=1.010000
[2026-08-17 05:04:37.461] [glim] [warning] large time difference between points and imu!!
[2026-08-17 05:04:37.461] [glim] [warning] points=670.300000 imu=671.320000 diff=1.020000
[2026-08-17 05:04:37.472] [glim] [warning] large time difference between points and imu!!
[2026-08-17 05:04:37.472] [glim] [warning] points=670.300000 imu=671.330000 diff=1.030000
[2026-08-17 05:04:37.481] [glim] [warning] large time difference between points and imu!!
[2026-08-17 05:04:37.481] [glim] [warning] points=670.300000 imu=671.340000 diff=1.040000
[2026-08-17 05:04:37.490] [glim] [warning] large time difference between points and imu!!
[2026-08-17 05:04:37.490] [glim] [warning] points=670.300000 imu=671.350000 diff=1.050000
[2026-08-17 05:04:37.500] [glim] [warning] large time difference between points and imu!!
[2026-08-17 05:04:37.500] [glim] [warning] points=670.300000 imu=671.360000 diff=1.060000
[2026-08-17 05:04:37.511] [glim] [warning] large time difference between points and imu!!
[2026-08-17 05:04:37.511] [glim] [warning] points=670.300000 imu=671.370000 diff=1.070000
[2026-08-17 05:04:37.521] [glim] [warning] large time difference between points and imu!!
[2026-08-17 05:04:37.521] [glim] [warning] points=670.300000 imu=671.380000 diff=1.080000
[2026-08-17 05:04:37.531] [glim] [warning] large time difference between points and imu!!
[2026-08-17 05:04:37.531] [glim] [warning] points=670.300000 imu=671.390000 diff=1.090000
[2026-08-17 05:04:37.541] [glim] [warning] large time difference between points and imu!!
[2026-08-17 05:04:37.541] [glim] [warning] points=670.300000 imu=671.400000 diff=1.100000
[2026-08-17 05:04:37.550] [glim] [warning] large time difference between points and imu!!
[2026-08-17 05:04:37.550] [glim] [warning] points=670.300000 imu=671.410000 diff=1.110000
[2026-08-17 05:04:37.562] [glim] [warning] large time difference between points and imu!!
[2026-08-17 05:04:37.562] [glim] [warning] points=670.300000 imu=671.420000 diff=1.120000
[2026-08-17 05:04:37.571] [glim] [warning] large time difference between points and imu!!
[2026-08-17 05:04:37.571] [glim] [warning] points=670.300000 imu=671.430000 diff=1.130000
[2026-08-17 05:04:37.585] [glim] [warning] large time difference between points and imu!!
[2026-08-17 05:04:37.585] [glim] [warning] points=670.300000 imu=671.440000 diff=1.140000
[2026-08-17 05:04:37.591] [glim] [warning] large time difference between points and imu!!
[2026-08-17 05:04:37.591] [glim] [warning] points=670.300000 imu=671.450000 diff=1.150000
[2026-08-17 05:04:37.600] [glim] [warning] large time difference between points and imu!!
[2026-08-17 05:04:37.600] [glim] [warning] points=670.300000 imu=671.460000 diff=1.160000
[2026-08-17 05:04:37.612] [glim] [warning] large time difference between points and imu!!
[2026-08-17 05:04:37.612] [glim] [warning] points=670.300000 imu=671.470000 diff=1.170000
[2026-08-17 05:04:37.621] [glim] [warning] large time difference between points and imu!!
[2026-08-17 05:04:37.621] [glim] [warning] points=670.300000 imu=671.480000 diff=1.180000
[2026-08-17 05:04:37.630] [glim] [warning] large time difference between points and imu!!
[2026-08-17 05:04:37.630] [glim] [warning] points=670.300000 imu=671.490000 diff=1.190000
[2026-08-17 05:04:37.641] [glim] [warning] large time difference between points and imu!!
[2026-08-17 05:04:37.641] [glim] [warning] points=670.300000 imu=671.500000 diff=1.200000
[2026-08-17 05:04:37.650] [glim] [warning] large time difference between points and imu!!
[2026-08-17 05:04:37.650] [glim] [warning] points=670.300000 imu=671.510000 diff=1.210000
[2026-08-17 05:04:37.661] [glim] [warning] large time difference between points and imu!!
[2026-08-17 05:04:37.661] [glim] [warning] points=670.300000 imu=671.520000 diff=1.220000
[2026-08-17 05:04:37.670] [glim] [warning] large time difference between points and imu!!
[2026-08-17 05:04:37.670] [glim] [warning] points=670.300000 imu=671.530000 diff=1.230000
[2026-08-17 05:04:37.681] [glim] [warning] large time difference between points and imu!!
[2026-08-17 05:04:37.681] [glim] [warning] points=670.300000 imu=671.540000 diff=1.240000
[2026-08-17 05:04:37.690] [glim] [warning] large time difference between points and imu!!
[2026-08-17 05:04:37.690] [glim] [warning] points=670.300000 imu=671.550000 diff=1.250000
[2026-08-17 05:04:37.703] [glim] [warning] large time difference between points and imu!!
[2026-08-17 05:04:37.703] [glim] [warning] points=670.300000 imu=671.560000 diff=1.260000
[2026-08-17 05:04:37.710] [glim] [warning] large time difference between points and imu!!
[2026-08-17 05:04:37.710] [glim] [warning] points=670.300000 imu=671.570000 diff=1.270000
[2026-08-17 05:04:37.721] [glim] [warning] large time difference between points and imu!!
[2026-08-17 05:04:37.721] [glim] [warning] points=670.300000 imu=671.580000 diff=1.280000
[2026-08-17 05:04:37.730] [glim] [warning] large time difference between points and imu!!
[2026-08-17 05:04:37.730] [glim] [warning] points=670.300000 imu=671.590000 diff=1.290000
[2026-08-17 05:04:37.741] [glim] [warning] large time difference between points and imu!!
[2026-08-17 05:04:37.741] [glim] [warning] points=670.300000 imu=671.600000 diff=1.300000
[2026-08-17 05:04:37.750] [glim] [warning] large time difference between points and imu!!
[2026-08-17 05:04:37.750] [glim] [warning] points=670.300000 imu=671.610000 diff=1.310000
[2026-08-17 05:04:37.761] [glim] [warning] large time difference between points and imu!!
[2026-08-17 05:04:37.761] [glim] [warning] points=670.300000 imu=671.620000 diff=1.320000
[2026-08-17 05:04:37.770] [glim] [warning] large time difference between points and imu!!
[2026-08-17 05:04:37.770] [glim] [warning] points=670.300000 imu=671.630000 diff=1.330000
[2026-08-17 05:04:37.782] [glim] [warning] large time difference between points and imu!!
[2026-08-17 05:04:37.782] [glim] [warning] points=670.300000 imu=671.640000 diff=1.340000
[2026-08-17 05:04:37.792] [glim] [warning] large time difference between points and imu!!
[2026-08-17 05:04:37.792] [glim] [warning] points=670.300000 imu=671.650000 diff=1.350000
[2026-08-17 05:04:37.800] [glim] [warning] large time difference between points and imu!!
[2026-08-17 05:04:37.800] [glim] [warning] points=670.300000 imu=671.660000 diff=1.360000
[2026-08-17 05:04:37.810] [glim] [warning] large time difference between points and imu!!
[2026-08-17 05:04:37.810] [glim] [warning] points=670.300000 imu=671.670000 diff=1.370000
[2026-08-17 05:04:37.821] [glim] [warning] large time difference between points and imu!!
[2026-08-17 05:04:37.821] [glim] [warning] points=670.300000 imu=671.680000 diff=1.380000
[2026-08-17 05:04:37.831] [glim] [warning] large time difference between points and imu!!
[2026-08-17 05:04:37.831] [glim] [warning] points=670.300000 imu=671.690000 diff=1.390000
[2026-08-17 05:04:37.841] [glim] [warning] large time difference between points and imu!!
[2026-08-17 05:04:37.841] [glim] [warning] points=670.300000 imu=671.700000 diff=1.400000
[2026-08-17 05:04:37.855] [glim] [warning] large time difference between points and imu!!
[2026-08-17 05:04:37.855] [glim] [warning] points=670.300000 imu=671.710000 diff=1.410000
[2026-08-17 05:04:37.866] [glim] [warning] large time difference between points and imu!!
[2026-08-17 05:04:37.866] [glim] [warning] points=670.300000 imu=671.720000 diff=1.420000
[2026-08-17 05:04:37.875] [glim] [warning] large time difference between points and imu!!
[2026-08-17 05:04:37.875] [glim] [warning] points=670.300000 imu=671.730000 diff=1.430000
[2026-08-17 05:04:37.883] [glim] [warning] large time difference between points and imu!!
[2026-08-17 05:04:37.883] [glim] [warning] points=670.300000 imu=671.740000 diff=1.440000
[2026-08-17 05:04:37.893] [glim] [warning] large time difference between points and imu!!
[2026-08-17 05:04:37.893] [glim] [warning] points=670.300000 imu=671.750000 diff=1.450000
[2026-08-17 05:04:37.903] [glim] [warning] large time difference between points and imu!!
[2026-08-17 05:04:37.903] [glim] [warning] points=670.300000 imu=671.760000 diff=1.460000
[2026-08-17 05:04:37.914] [glim] [warning] large time difference between points and imu!!
[2026-08-17 05:04:37.914] [glim] [warning] points=670.300000 imu=671.770000 diff=1.470000
[2026-08-17 05:04:37.924] [glim] [warning] large time difference between points and imu!!
[2026-08-17 05:04:37.924] [glim] [warning] points=670.300000 imu=671.780000 diff=1.480000
[2026-08-17 05:04:37.937] [glim] [warning] large time difference between points and imu!!
[2026-08-17 05:04:37.937] [glim] [warning] points=670.300000 imu=671.790000 diff=1.490000
[2026-08-17 05:04:37.944] [glim] [warning] large time difference between points and imu!!
[2026-08-17 05:04:37.944] [glim] [warning] points=670.300000 imu=671.800000 diff=1.500000
[2026-08-17 05:04:37.953] [glim] [warning] large time difference between points and imu!!
[2026-08-17 05:04:37.953] [glim] [warning] points=670.300000 imu=671.810000 diff=1.510000
[2026-08-17 05:04:37.963] [glim] [warning] large time difference between points and imu!!
[2026-08-17 05:04:37.963] [glim] [warning] points=670.300000 imu=671.820000 diff=1.520000
[2026-08-17 05:04:37.974] [glim] [warning] large time difference between points and imu!!
[2026-08-17 05:04:37.974] [glim] [warning] points=670.300000 imu=671.830000 diff=1.530000
[2026-08-17 05:04:37.983] [glim] [warning] large time difference between points and imu!!
[2026-08-17 05:04:37.983] [glim] [warning] points=670.300000 imu=671.840000 diff=1.540000
[2026-08-17 05:04:37.994] [glim] [warning] large time difference between points and imu!!
[2026-08-17 05:04:37.994] [glim] [warning] points=670.300000 imu=671.850000 diff=1.550000
[2026-08-17 05:04:38.003] [glim] [warning] large time difference between points and imu!!
[2026-08-17 05:04:38.003] [glim] [warning] points=670.300000 imu=671.860000 diff=1.560000
[2026-08-17 05:04:38.013] [glim] [warning] large time difference between points and imu!!
[2026-08-17 05:04:38.013] [glim] [warning] points=670.300000 imu=671.870000 diff=1.570000
[2026-08-17 05:04:38.023] [glim] [warning] large time difference between points and imu!!
[2026-08-17 05:04:38.023] [glim] [warning] points=670.300000 imu=671.880000 diff=1.580000
[2026-08-17 05:04:38.033] [glim] [warning] large time difference between points and imu!!
[2026-08-17 05:04:38.033] [glim] [warning] points=670.300000 imu=671.890000 diff=1.590000
[2026-08-17 05:04:38.043] [glim] [warning] large time difference between points and imu!!
[2026-08-17 05:04:38.043] [glim] [warning] points=670.300000 imu=671.900000 diff=1.600000
[2026-08-17 05:04:38.053] [glim] [warning] large time difference between points and imu!!
[2026-08-17 05:04:38.053] [glim] [warning] points=670.300000 imu=671.910000 diff=1.610000
[2026-08-17 05:04:38.063] [glim] [warning] large time difference between points and imu!!
[2026-08-17 05:04:38.063] [glim] [warning] points=670.300000 imu=671.920000 diff=1.620000
[2026-08-17 05:04:38.073] [glim] [warning] large time difference between points and imu!!
[2026-08-17 05:04:38.073] [glim] [warning] points=670.300000 imu=671.930000 diff=1.630000
[2026-08-17 05:04:38.077] [glim] [warning] large time gap between consecutive LiDAR frames!!
[2026-08-17 05:04:38.077] [glim] [warning] current=671.900000 last=670.300000 diff=1.600000
[2026-08-17 05:04:38.233] [odom] [warning] neither frames[last]=0xe2fc5cc2b850 nor frames[last - 1]=0x0 is released!!
[2026-08-17 05:04:38.233] [odom] [warning] there might be a large time gap between point cloud frames
[2026-08-17 05:04:40.921] [glim] [warning] large time gap between consecutive LiDAR frames!!
[2026-08-17 05:04:40.923] [glim] [warning] current=674.700000 last=674.100000 diff=0.600000
[2026-08-17 05:04:41.734] [glim] [warning] large time gap between consecutive LiDAR frames!!
[2026-08-17 05:04:41.734] [glim] [warning] current=675.500000 last=674.900000 diff=0.600000
[2026-08-17 05:04:53.229] [glim] [warning] large time gap between consecutive LiDAR frames!!
[2026-08-17 05:04:53.229] [glim] [warning] current=687.000000 last=686.400000 diff=0.600000
[2026-08-17 05:04:55.431] [glim] [warning] large time gap between consecutive LiDAR frames!!
[2026-08-17 05:04:55.431] [glim] [warning] current=689.200000 last=688.600000 diff=0.600000
[2026-08-17 05:04:56.440] [glim] [warning] large time gap between consecutive LiDAR frames!!
[2026-08-17 05:04:56.440] [glim] [warning] current=690.200000 last=689.500000 diff=0.700000
[2026-08-17 05:05:01.741] [glim] [warning] large time gap between consecutive LiDAR frames!!
[2026-08-17 05:05:01.742] [glim] [warning] current=695.500000 last=694.800000 diff=0.700000
[2026-08-17 05:05:07.038] [glim] [warning] large time gap between consecutive LiDAR frames!!
[2026-08-17 05:05:07.038] [glim] [warning] current=700.800000 last=700.200000 diff=0.600000
[2026-08-17 05:05:09.517] [glim] [warning] large time difference between points and imu!!
[2026-08-17 05:05:09.517] [glim] [warning] points=702.300000 imu=703.310000 diff=1.010000
[2026-08-17 05:05:09.527] [glim] [warning] large time difference between points and imu!!
[2026-08-17 05:05:09.527] [glim] [warning] points=702.300000 imu=703.320000 diff=1.020000
[2026-08-17 05:05:09.537] [glim] [warning] large time difference between points and imu!!
[2026-08-17 05:05:09.537] [glim] [warning] points=702.300000 imu=703.330000 diff=1.030000
[2026-08-17 05:05:09.547] [glim] [warning] large time difference between points and imu!!
[2026-08-17 05:05:09.547] [glim] [warning] points=702.300000 imu=703.340000 diff=1.040000
[2026-08-17 05:05:09.557] [glim] [warning] large time difference between points and imu!!
[2026-08-17 05:05:09.557] [glim] [warning] points=702.300000 imu=703.350000 diff=1.050000
[2026-08-17 05:05:09.569] [glim] [warning] large time difference between points and imu!!
[2026-08-17 05:05:09.569] [glim] [warning] points=702.300000 imu=703.360000 diff=1.060000
[2026-08-17 05:05:09.580] [glim] [warning] large time difference between points and imu!!
[2026-08-17 05:05:09.580] [glim] [warning] points=702.300000 imu=703.370000 diff=1.070000
[2026-08-17 05:05:09.590] [glim] [warning] large time difference between points and imu!!
[2026-08-17 05:05:09.590] [glim] [warning] points=702.300000 imu=703.380000 diff=1.080000
[2026-08-17 05:05:09.597] [glim] [warning] large time difference between points and imu!!
[2026-08-17 05:05:09.597] [glim] [warning] points=702.300000 imu=703.390000 diff=1.090000
[2026-08-17 05:05:09.607] [glim] [warning] large time difference between points and imu!!
[2026-08-17 05:05:09.607] [glim] [warning] points=702.300000 imu=703.400000 diff=1.100000
[2026-08-17 05:05:09.619] [glim] [warning] large time difference between points and imu!!
[2026-08-17 05:05:09.619] [glim] [warning] points=702.300000 imu=703.410000 diff=1.110000
[2026-08-17 05:05:09.629] [glim] [warning] large time difference between points and imu!!
[2026-08-17 05:05:09.629] [glim] [warning] points=702.300000 imu=703.420000 diff=1.120000
[2026-08-17 05:05:09.637] [glim] [warning] large time difference between points and imu!!
[2026-08-17 05:05:09.637] [glim] [warning] points=702.300000 imu=703.430000 diff=1.130000
[2026-08-17 05:05:09.643] [glim] [warning] large time gap between consecutive LiDAR frames!!
[2026-08-17 05:05:09.643] [glim] [warning] current=703.400000 last=702.300000 diff=1.100000
[2026-08-17 05:05:10.355] [glim] [warning] large time gap between consecutive LiDAR frames!!
[2026-08-17 05:05:10.355] [glim] [warning] current=704.100000 last=703.400000 diff=0.700000
[2026-08-17 05:05:10.410] [odom] [warning] neither frames[last]=0xe2fca14b6a40 nor frames[last - 1]=0x0 is released!!
[2026-08-17 05:05:10.410] [odom] [warning] there might be a large time gap between point cloud frames
[2026-08-17 05:05:11.446] [glim] [warning] large time gap between consecutive LiDAR frames!!
[2026-08-17 05:05:11.446] [glim] [warning] current=705.200000 last=704.600000 diff=0.600000
[2026-08-17 05:05:20.728] [glim] [warning] large time difference between points and imu!!
[2026-08-17 05:05:20.729] [glim] [warning] points=713.500000 imu=714.510000 diff=1.010000
[2026-08-17 05:05:20.736] [glim] [warning] large time difference between points and imu!!
[2026-08-17 05:05:20.736] [glim] [warning] points=713.500000 imu=714.520000 diff=1.020000
[2026-08-17 05:05:20.746] [glim] [warning] large time difference between points and imu!!
[2026-08-17 05:05:20.746] [glim] [warning] points=713.500000 imu=714.530000 diff=1.030000
[2026-08-17 05:05:20.757] [glim] [warning] large time difference between points and imu!!
[2026-08-17 05:05:20.757] [glim] [warning] points=713.500000 imu=714.540000 diff=1.040000
[2026-08-17 05:05:20.766] [glim] [warning] large time difference between points and imu!!
[2026-08-17 05:05:20.766] [glim] [warning] points=713.500000 imu=714.550000 diff=1.050000
[2026-08-17 05:05:20.776] [glim] [warning] large time difference between points and imu!!
[2026-08-17 05:05:20.776] [glim] [warning] points=713.500000 imu=714.560000 diff=1.060000
[2026-08-17 05:05:20.786] [glim] [warning] large time difference between points and imu!!
[2026-08-17 05:05:20.786] [glim] [warning] points=713.500000 imu=714.570000 diff=1.070000
[2026-08-17 05:05:20.797] [glim] [warning] large time difference between points and imu!!
[2026-08-17 05:05:20.797] [glim] [warning] points=713.500000 imu=714.580000 diff=1.080000
[2026-08-17 05:05:20.806] [glim] [warning] large time difference between points and imu!!
[2026-08-17 05:05:20.806] [glim] [warning] points=713.500000 imu=714.590000 diff=1.090000
[2026-08-17 05:05:20.816] [glim] [warning] large time difference between points and imu!!
[2026-08-17 05:05:20.816] [glim] [warning] points=713.500000 imu=714.600000 diff=1.100000
[2026-08-17 05:05:20.827] [glim] [warning] large time difference between points and imu!!
[2026-08-17 05:05:20.827] [glim] [warning] points=713.500000 imu=714.610000 diff=1.110000
[2026-08-17 05:05:20.836] [glim] [warning] large time difference between points and imu!!
[2026-08-17 05:05:20.836] [glim] [warning] points=713.500000 imu=714.620000 diff=1.120000
[2026-08-17 05:05:20.846] [glim] [warning] large time gap between consecutive LiDAR frames!!
[2026-08-17 05:05:20.846] [glim] [warning] current=714.600000 last=713.500000 diff=1.100000
[2026-08-17 05:05:21.017] [odom] [warning] neither frames[last]=0xe2fc0b5863f0 nor frames[last - 1]=0x0 is released!!
[2026-08-17 05:05:21.017] [odom] [warning] there might be a large time gap between point cloud frames
[2026-08-17 05:05:23.658] [glim] [warning] large time gap between consecutive LiDAR frames!!
[2026-08-17 05:05:23.658] [glim] [warning] current=717.400000 last=716.700000 diff=0.700000
[2026-08-17 05:05:25.328] [glim] [warning] large time difference between points and imu!!
[2026-08-17 05:05:25.328] [glim] [warning] points=718.100000 imu=719.110000 diff=1.010000
[2026-08-17 05:05:25.338] [glim] [warning] large time difference between points and imu!!
[2026-08-17 05:05:25.338] [glim] [warning] points=718.100000 imu=719.120000 diff=1.020000
[2026-08-17 05:05:25.348] [glim] [warning] large time difference between points and imu!!
[2026-08-17 05:05:25.348] [glim] [warning] points=718.100000 imu=719.130000 diff=1.030000
[2026-08-17 05:05:25.359] [glim] [warning] large time difference between points and imu!!
[2026-08-17 05:05:25.359] [glim] [warning] points=718.100000 imu=719.140000 diff=1.040000
[2026-08-17 05:05:25.368] [glim] [warning] large time difference between points and imu!!
[2026-08-17 05:05:25.368] [glim] [warning] points=718.100000 imu=719.150000 diff=1.050000
[2026-08-17 05:05:25.382] [glim] [warning] large time difference between points and imu!!
[2026-08-17 05:05:25.382] [glim] [warning] points=718.100000 imu=719.160000 diff=1.060000
[2026-08-17 05:05:25.391] [glim] [warning] large time difference between points and imu!!
[2026-08-17 05:05:25.391] [glim] [warning] points=718.100000 imu=719.170000 diff=1.070000
[2026-08-17 05:05:25.399] [glim] [warning] large time difference between points and imu!!
[2026-08-17 05:05:25.399] [glim] [warning] points=718.100000 imu=719.180000 diff=1.080000
[2026-08-17 05:05:25.412] [glim] [warning] large time difference between points and imu!!
[2026-08-17 05:05:25.412] [glim] [warning] points=718.100000 imu=719.190000 diff=1.090000
[2026-08-17 05:05:25.419] [glim] [warning] large time difference between points and imu!!
[2026-08-17 05:05:25.419] [glim] [warning] points=718.100000 imu=719.200000 diff=1.100000
[2026-08-17 05:05:25.428] [glim] [warning] large time difference between points and imu!!
[2026-08-17 05:05:25.428] [glim] [warning] points=718.100000 imu=719.210000 diff=1.110000
[2026-08-17 05:05:25.438] [glim] [warning] large time difference between points and imu!!
[2026-08-17 05:05:25.438] [glim] [warning] points=718.100000 imu=719.220000 diff=1.120000
[2026-08-17 05:05:25.450] [glim] [warning] large time difference between points and imu!!
[2026-08-17 05:05:25.450] [glim] [warning] points=718.100000 imu=719.230000 diff=1.130000
[2026-08-17 05:05:25.458] [glim] [warning] large time difference between points and imu!!
[2026-08-17 05:05:25.458] [glim] [warning] points=718.100000 imu=719.240000 diff=1.140000
[2026-08-17 05:05:25.468] [glim] [warning] large time difference between points and imu!!
[2026-08-17 05:05:25.468] [glim] [warning] points=718.100000 imu=719.250000 diff=1.150000
[2026-08-17 05:05:25.478] [glim] [warning] large time difference between points and imu!!
[2026-08-17 05:05:25.478] [glim] [warning] points=718.100000 imu=719.260000 diff=1.160000
[2026-08-17 05:05:25.488] [glim] [warning] large time difference between points and imu!!
[2026-08-17 05:05:25.488] [glim] [warning] points=718.100000 imu=719.270000 diff=1.170000
[2026-08-17 05:05:25.498] [glim] [warning] large time difference between points and imu!!
[2026-08-17 05:05:25.498] [glim] [warning] points=718.100000 imu=719.280000 diff=1.180000
[2026-08-17 05:05:25.508] [glim] [warning] large time difference between points and imu!!
[2026-08-17 05:05:25.508] [glim] [warning] points=718.100000 imu=719.290000 diff=1.190000
[2026-08-17 05:05:25.518] [glim] [warning] large time difference between points and imu!!
[2026-08-17 05:05:25.518] [glim] [warning] points=718.100000 imu=719.300000 diff=1.200000
[2026-08-17 05:05:25.528] [glim] [warning] large time difference between points and imu!!
[2026-08-17 05:05:25.528] [glim] [warning] points=718.100000 imu=719.310000 diff=1.210000
[2026-08-17 05:05:25.538] [glim] [warning] large time difference between points and imu!!
[2026-08-17 05:05:25.538] [glim] [warning] points=718.100000 imu=719.320000 diff=1.220000
[2026-08-17 05:05:25.540] [glim] [warning] large time gap between consecutive LiDAR frames!!
[2026-08-17 05:05:25.540] [glim] [warning] current=719.300000 last=718.100000 diff=1.200000
[2026-08-17 05:05:25.718] [odom] [warning] neither frames[last]=0xe2fc5f1c3f00 nor frames[last - 1]=0x0 is released!!
[2026-08-17 05:05:25.718] [odom] [warning] there might be a large time gap between point cloud frames
[2026-08-17 05:05:28.051] [glim] [warning] large time gap between consecutive LiDAR frames!!
[2026-08-17 05:05:28.051] [glim] [warning] current=721.800000 last=721.100000 diff=0.700000
[2026-08-17 05:05:31.751] [glim] [warning] large time gap between consecutive LiDAR frames!!
[2026-08-17 05:05:31.752] [glim] [warning] current=725.500000 last=724.700000 diff=0.800000
[2026-08-17 05:05:38.348] [glim] [warning] large time difference between points and imu!!
[2026-08-17 05:05:38.348] [glim] [warning] points=731.100000 imu=732.110000 diff=1.010000
[2026-08-17 05:05:38.358] [glim] [warning] large time difference between points and imu!!
[2026-08-17 05:05:38.358] [glim] [warning] points=731.100000 imu=732.120000 diff=1.020000
[2026-08-17 05:05:38.368] [glim] [warning] large time difference between points and imu!!
[2026-08-17 05:05:38.368] [glim] [warning] points=731.100000 imu=732.130000 diff=1.030000
[2026-08-17 05:05:38.377] [glim] [warning] large time difference between points and imu!!
[2026-08-17 05:05:38.377] [glim] [warning] points=731.100000 imu=732.140000 diff=1.040000
[2026-08-17 05:05:38.388] [glim] [warning] large time difference between points and imu!!
[2026-08-17 05:05:38.388] [glim] [warning] points=731.100000 imu=732.150000 diff=1.050000
[2026-08-17 05:05:38.398] [glim] [warning] large time difference between points and imu!!
[2026-08-17 05:05:38.398] [glim] [warning] points=731.100000 imu=732.160000 diff=1.060000
[2026-08-17 05:05:38.407] [glim] [warning] large time difference between points and imu!!
[2026-08-17 05:05:38.407] [glim] [warning] points=731.100000 imu=732.170000 diff=1.070000
[2026-08-17 05:05:38.417] [glim] [warning] large time difference between points and imu!!
[2026-08-17 05:05:38.417] [glim] [warning] points=731.100000 imu=732.180000 diff=1.080000
[2026-08-17 05:05:38.428] [glim] [warning] large time difference between points and imu!!
[2026-08-17 05:05:38.428] [glim] [warning] points=731.100000 imu=732.190000 diff=1.090000
[2026-08-17 05:05:38.437] [glim] [warning] large time difference between points and imu!!
[2026-08-17 05:05:38.437] [glim] [warning] points=731.100000 imu=732.200000 diff=1.100000
[2026-08-17 05:05:38.447] [glim] [warning] large time difference between points and imu!!
[2026-08-17 05:05:38.447] [glim] [warning] points=731.100000 imu=732.210000 diff=1.110000
[2026-08-17 05:05:38.457] [glim] [warning] large time difference between points and imu!!
[2026-08-17 05:05:38.457] [glim] [warning] points=731.100000 imu=732.220000 diff=1.120000
[2026-08-17 05:05:38.467] [glim] [warning] large time difference between points and imu!!
[2026-08-17 05:05:38.467] [glim] [warning] points=731.100000 imu=732.230000 diff=1.130000
[2026-08-17 05:05:38.477] [glim] [warning] large time difference between points and imu!!
[2026-08-17 05:05:38.477] [glim] [warning] points=731.100000 imu=732.240000 diff=1.140000
[2026-08-17 05:05:38.487] [glim] [warning] large time difference between points and imu!!
[2026-08-17 05:05:38.487] [glim] [warning] points=731.100000 imu=732.250000 diff=1.150000
[2026-08-17 05:05:38.497] [glim] [warning] large time difference between points and imu!!
[2026-08-17 05:05:38.497] [glim] [warning] points=731.100000 imu=732.260000 diff=1.160000
[2026-08-17 05:05:38.507] [glim] [warning] large time difference between points and imu!!
[2026-08-17 05:05:38.507] [glim] [warning] points=731.100000 imu=732.270000 diff=1.170000
[2026-08-17 05:05:38.518] [glim] [warning] large time difference between points and imu!!
[2026-08-17 05:05:38.518] [glim] [warning] points=731.100000 imu=732.280000 diff=1.180000
[2026-08-17 05:05:38.528] [glim] [warning] large time difference between points and imu!!
[2026-08-17 05:05:38.528] [glim] [warning] points=731.100000 imu=732.290000 diff=1.190000
[2026-08-17 05:05:38.538] [glim] [warning] large time difference between points and imu!!
[2026-08-17 05:05:38.538] [glim] [warning] points=731.100000 imu=732.300000 diff=1.200000
[2026-08-17 05:05:38.547] [glim] [warning] large time difference between points and imu!!
[2026-08-17 05:05:38.547] [glim] [warning] points=731.100000 imu=732.310000 diff=1.210000
[2026-08-17 05:05:38.564] [glim] [warning] large time difference between points and imu!!
[2026-08-17 05:05:38.564] [glim] [warning] points=731.100000 imu=732.320000 diff=1.220000
[2026-08-17 05:05:38.570] [glim] [warning] large time gap between consecutive LiDAR frames!!
[2026-08-17 05:05:38.570] [glim] [warning] current=732.300000 last=731.100000 diff=1.200000
[2026-08-17 05:05:38.734] [odom] [warning] neither frames[last]=0xe2fc08d3b720 nor frames[last - 1]=0x0 is released!!
[2026-08-17 05:05:38.734] [odom] [warning] there might be a large time gap between point cloud frames
[2026-08-17 05:05:41.382] [glim] [warning] large time gap between consecutive LiDAR frames!!
[2026-08-17 05:05:41.382] [glim] [warning] current=735.100000 last=734.400000 diff=0.700000
[2026-08-17 05:05:44.236] [glim] [warning] large time gap between consecutive LiDAR frames!!
[2026-08-17 05:05:44.236] [glim] [warning] current=737.900000 last=737.000000 diff=0.900000
[INFO] [1786910745.569974236] [rclcpp]: signal_handler(SIGINT/SIGTERM)
[2026-08-17 05:05:45.581] [glim] [info] waiting for odometry estimation
[2026-08-17 05:05:45.670] [glim] [info] waiting for local mapping
[2026-08-17 05:05:45.689] [glim] [info] waiting for global mapping
[2026-08-17 05:05:45.789] [global] [info] saving to /tmp/dump...
[2026-08-17 05:05:45.798] [global] [info] serializing factor graph to /tmp/dump/graph.bin
[2026-08-17 05:05:47.695] [global] [info] saved
