[2026-08-17 05:07:37.430] [glim] [info] config_path: /home/hyunwoo-chae/AG-CoNav-test_main/glim_config
[2026-08-17 05:07:37.432] [glim] [info] load libodometry_estimation_ct.so
[2026-08-17 05:07:37.433] [glim] [info] load libsub_mapping_passthrough.so
[2026-08-17 05:07:37.433] [glim] [info] load libglobal_mapping_pose_graph.so
[2026-08-17 05:07:37.434] [glim] [info] load libmemory_monitor.so
[2026-08-17 05:07:37.434] [glim] [info] load librviz_viewer.so
[WARN] [1786910882.499321384] [transform_listener_impl_c56829b79ac0]: New publisher discovered on topic '/tf_static', offering incompatible QoS. No messages will be sent to it. Last incompatible policy: DURABILITY_QOS_POLICY
[2026-08-17 05:08:03.093] [rviz] [info] auto-detected IMU frame ID: drone/base_link
[2026-08-17 05:08:03.093] [rviz] [info] auto-detected LiDAR frame ID: drone/os1_lidar
[2026-08-17 05:08:03.093] [rviz] [info] base_frame_id is not set. using IMU frame ID 'drone/base_link' as base frame ID.
[2026-08-17 05:08:03.629] [glim] [warning] large time gap between consecutive LiDAR frames!!
[2026-08-17 05:08:03.629] [glim] [warning] current=9.700000 last=9.100000 diff=0.600000
[2026-08-17 05:08:06.839] [glim] [warning] large time difference between points and imu!!
[2026-08-17 05:08:06.839] [glim] [warning] points=11.900000 imu=12.910000 diff=1.010000
[2026-08-17 05:08:06.851] [glim] [warning] large time difference between points and imu!!
[2026-08-17 05:08:06.851] [glim] [warning] points=11.900000 imu=12.920000 diff=1.020000
[2026-08-17 05:08:06.858] [glim] [warning] large time difference between points and imu!!
[2026-08-17 05:08:06.858] [glim] [warning] points=11.900000 imu=12.930000 diff=1.030000
[2026-08-17 05:08:06.867] [glim] [warning] large time difference between points and imu!!
[2026-08-17 05:08:06.867] [glim] [warning] points=11.900000 imu=12.940000 diff=1.040000
[2026-08-17 05:08:06.878] [glim] [warning] large time difference between points and imu!!
[2026-08-17 05:08:06.878] [glim] [warning] points=11.900000 imu=12.950000 diff=1.050000
[2026-08-17 05:08:06.888] [glim] [warning] large time difference between points and imu!!
[2026-08-17 05:08:06.888] [glim] [warning] points=11.900000 imu=12.960000 diff=1.060000
[2026-08-17 05:08:06.897] [glim] [warning] large time difference between points and imu!!
[2026-08-17 05:08:06.897] [glim] [warning] points=11.900000 imu=12.970000 diff=1.070000
[2026-08-17 05:08:06.907] [glim] [warning] large time difference between points and imu!!
[2026-08-17 05:08:06.907] [glim] [warning] points=11.900000 imu=12.980000 diff=1.080000
[2026-08-17 05:08:06.917] [glim] [warning] large time difference between points and imu!!
[2026-08-17 05:08:06.917] [glim] [warning] points=11.900000 imu=12.990000 diff=1.090000
[2026-08-17 05:08:06.927] [glim] [warning] large time difference between points and imu!!
[2026-08-17 05:08:06.927] [glim] [warning] points=11.900000 imu=13.000000 diff=1.100000
[2026-08-17 05:08:06.939] [glim] [warning] large time difference between points and imu!!
[2026-08-17 05:08:06.939] [glim] [warning] points=11.900000 imu=13.010000 diff=1.110000
[2026-08-17 05:08:06.948] [glim] [warning] large time difference between points and imu!!
[2026-08-17 05:08:06.948] [glim] [warning] points=11.900000 imu=13.020000 diff=1.120000
[2026-08-17 05:08:06.957] [glim] [warning] large time difference between points and imu!!
[2026-08-17 05:08:06.957] [glim] [warning] points=11.900000 imu=13.030000 diff=1.130000
[2026-08-17 05:08:06.967] [glim] [warning] large time difference between points and imu!!
[2026-08-17 05:08:06.967] [glim] [warning] points=11.900000 imu=13.040000 diff=1.140000
[2026-08-17 05:08:06.977] [glim] [warning] large time difference between points and imu!!
[2026-08-17 05:08:06.977] [glim] [warning] points=11.900000 imu=13.050000 diff=1.150000
[2026-08-17 05:08:06.987] [glim] [warning] large time difference between points and imu!!
[2026-08-17 05:08:06.987] [glim] [warning] points=11.900000 imu=13.060000 diff=1.160000
[2026-08-17 05:08:06.997] [glim] [warning] large time difference between points and imu!!
[2026-08-17 05:08:06.997] [glim] [warning] points=11.900000 imu=13.070000 diff=1.170000
[2026-08-17 05:08:07.007] [glim] [warning] large time difference between points and imu!!
[2026-08-17 05:08:07.007] [glim] [warning] points=11.900000 imu=13.080000 diff=1.180000
[2026-08-17 05:08:07.021] [glim] [warning] large time difference between points and imu!!
[2026-08-17 05:08:07.021] [glim] [warning] points=11.900000 imu=13.090000 diff=1.190000
[2026-08-17 05:08:07.029] [glim] [warning] large time difference between points and imu!!
[2026-08-17 05:08:07.029] [glim] [warning] points=11.900000 imu=13.100000 diff=1.200000
[2026-08-17 05:08:07.039] [glim] [warning] large time difference between points and imu!!
[2026-08-17 05:08:07.039] [glim] [warning] points=11.900000 imu=13.110000 diff=1.210000
[2026-08-17 05:08:07.048] [glim] [warning] large time difference between points and imu!!
[2026-08-17 05:08:07.048] [glim] [warning] points=11.900000 imu=13.120000 diff=1.220000
[2026-08-17 05:08:07.057] [glim] [warning] large time difference between points and imu!!
[2026-08-17 05:08:07.057] [glim] [warning] points=11.900000 imu=13.130000 diff=1.230000
[2026-08-17 05:08:07.067] [glim] [warning] large time difference between points and imu!!
[2026-08-17 05:08:07.067] [glim] [warning] points=11.900000 imu=13.140000 diff=1.240000
[2026-08-17 05:08:07.077] [glim] [warning] large time difference between points and imu!!
[2026-08-17 05:08:07.077] [glim] [warning] points=11.900000 imu=13.150000 diff=1.250000
[2026-08-17 05:08:07.087] [glim] [warning] large time difference between points and imu!!
[2026-08-17 05:08:07.087] [glim] [warning] points=11.900000 imu=13.160000 diff=1.260000
[2026-08-17 05:08:07.097] [glim] [warning] large time difference between points and imu!!
[2026-08-17 05:08:07.097] [glim] [warning] points=11.900000 imu=13.170000 diff=1.270000
[2026-08-17 05:08:07.107] [glim] [warning] large time difference between points and imu!!
[2026-08-17 05:08:07.107] [glim] [warning] points=11.900000 imu=13.180000 diff=1.280000
[2026-08-17 05:08:07.119] [glim] [warning] large time difference between points and imu!!
[2026-08-17 05:08:07.119] [glim] [warning] points=11.900000 imu=13.190000 diff=1.290000
[2026-08-17 05:08:07.127] [glim] [warning] large time difference between points and imu!!
[2026-08-17 05:08:07.127] [glim] [warning] points=11.900000 imu=13.200000 diff=1.300000
[2026-08-17 05:08:07.139] [glim] [warning] large time difference between points and imu!!
[2026-08-17 05:08:07.139] [glim] [warning] points=11.900000 imu=13.210000 diff=1.310000
[2026-08-17 05:08:07.147] [glim] [warning] large time difference between points and imu!!
[2026-08-17 05:08:07.147] [glim] [warning] points=11.900000 imu=13.220000 diff=1.320000
[2026-08-17 05:08:07.149] [glim] [warning] large time gap between consecutive LiDAR frames!!
[2026-08-17 05:08:07.149] [glim] [warning] current=13.200000 last=11.900000 diff=1.300000
[2026-08-17 05:08:07.311] [odom] [warning] neither frames[last]=0xea378c0ef3f0 nor frames[last - 1]=0x0 is released!!
[2026-08-17 05:08:07.311] [odom] [warning] there might be a large time gap between point cloud frames
[2026-08-17 05:08:09.554] [glim] [warning] large time gap between consecutive LiDAR frames!!
[2026-08-17 05:08:09.554] [glim] [warning] current=15.600000 last=14.700000 diff=0.900000
[2026-08-17 05:08:09.932] [odom] [warning] neither frames[last]=0xea378c082b10 nor frames[last - 1]=0x0 is released!!
[2026-08-17 05:08:09.932] [odom] [warning] there might be a large time gap between point cloud frames
[2026-08-17 05:08:11.656] [glim] [warning] large time gap between consecutive LiDAR frames!!
[2026-08-17 05:08:11.656] [glim] [warning] current=17.700000 last=16.800000 diff=0.900000
[2026-08-17 05:08:12.663] [glim] [warning] large time difference between points and imu!!
[2026-08-17 05:08:12.663] [glim] [warning] points=17.700000 imu=18.710000 diff=1.010000
[2026-08-17 05:08:12.672] [glim] [warning] large time difference between points and imu!!
[2026-08-17 05:08:12.672] [glim] [warning] points=17.700000 imu=18.720000 diff=1.020000
[2026-08-17 05:08:12.682] [glim] [warning] large time difference between points and imu!!
[2026-08-17 05:08:12.682] [glim] [warning] points=17.700000 imu=18.730000 diff=1.030000
[2026-08-17 05:08:12.691] [glim] [warning] large time difference between points and imu!!
[2026-08-17 05:08:12.691] [glim] [warning] points=17.700000 imu=18.740000 diff=1.040000
[2026-08-17 05:08:12.700] [glim] [warning] large time difference between points and imu!!
[2026-08-17 05:08:12.700] [glim] [warning] points=17.700000 imu=18.750000 diff=1.050000
[2026-08-17 05:08:12.710] [glim] [warning] large time difference between points and imu!!
[2026-08-17 05:08:12.710] [glim] [warning] points=17.700000 imu=18.760000 diff=1.060000
[2026-08-17 05:08:12.720] [glim] [warning] large time difference between points and imu!!
[2026-08-17 05:08:12.720] [glim] [warning] points=17.700000 imu=18.770000 diff=1.070000
[2026-08-17 05:08:12.731] [glim] [warning] large time difference between points and imu!!
[2026-08-17 05:08:12.731] [glim] [warning] points=17.700000 imu=18.780000 diff=1.080000
[2026-08-17 05:08:12.740] [glim] [warning] large time difference between points and imu!!
[2026-08-17 05:08:12.740] [glim] [warning] points=17.700000 imu=18.790000 diff=1.090000
[2026-08-17 05:08:12.750] [glim] [warning] large time difference between points and imu!!
[2026-08-17 05:08:12.750] [glim] [warning] points=17.700000 imu=18.800000 diff=1.100000
[2026-08-17 05:08:12.762] [glim] [warning] large time difference between points and imu!!
[2026-08-17 05:08:12.762] [glim] [warning] points=17.700000 imu=18.810000 diff=1.110000
[2026-08-17 05:08:12.771] [glim] [warning] large time difference between points and imu!!
[2026-08-17 05:08:12.771] [glim] [warning] points=17.700000 imu=18.820000 diff=1.120000
[2026-08-17 05:08:12.780] [glim] [warning] large time difference between points and imu!!
[2026-08-17 05:08:12.780] [glim] [warning] points=17.700000 imu=18.830000 diff=1.130000
[2026-08-17 05:08:12.792] [glim] [warning] large time difference between points and imu!!
[2026-08-17 05:08:12.792] [glim] [warning] points=17.700000 imu=18.840000 diff=1.140000
[2026-08-17 05:08:12.801] [glim] [warning] large time difference between points and imu!!
[2026-08-17 05:08:12.801] [glim] [warning] points=17.700000 imu=18.850000 diff=1.150000
[2026-08-17 05:08:12.815] [glim] [warning] large time difference between points and imu!!
[2026-08-17 05:08:12.815] [glim] [warning] points=17.700000 imu=18.860000 diff=1.160000
[2026-08-17 05:08:12.823] [glim] [warning] large time difference between points and imu!!
[2026-08-17 05:08:12.823] [glim] [warning] points=17.700000 imu=18.870000 diff=1.170000
[2026-08-17 05:08:12.830] [glim] [warning] large time difference between points and imu!!
[2026-08-17 05:08:12.830] [glim] [warning] points=17.700000 imu=18.880000 diff=1.180000
[2026-08-17 05:08:12.840] [glim] [warning] large time difference between points and imu!!
[2026-08-17 05:08:12.840] [glim] [warning] points=17.700000 imu=18.890000 diff=1.190000
[2026-08-17 05:08:12.850] [glim] [warning] large time difference between points and imu!!
[2026-08-17 05:08:12.850] [glim] [warning] points=17.700000 imu=18.900000 diff=1.200000
[2026-08-17 05:08:12.861] [glim] [warning] large time difference between points and imu!!
[2026-08-17 05:08:12.861] [glim] [warning] points=17.700000 imu=18.910000 diff=1.210000
[2026-08-17 05:08:12.871] [glim] [warning] large time difference between points and imu!!
[2026-08-17 05:08:12.871] [glim] [warning] points=17.700000 imu=18.920000 diff=1.220000
[2026-08-17 05:08:12.880] [glim] [warning] large time difference between points and imu!!
[2026-08-17 05:08:12.880] [glim] [warning] points=17.700000 imu=18.930000 diff=1.230000
[2026-08-17 05:08:12.891] [glim] [warning] large time difference between points and imu!!
[2026-08-17 05:08:12.891] [glim] [warning] points=17.700000 imu=18.940000 diff=1.240000
[2026-08-17 05:08:12.900] [glim] [warning] large time difference between points and imu!!
[2026-08-17 05:08:12.900] [glim] [warning] points=17.700000 imu=18.950000 diff=1.250000
[2026-08-17 05:08:12.910] [glim] [warning] large time difference between points and imu!!
[2026-08-17 05:08:12.910] [glim] [warning] points=17.700000 imu=18.960000 diff=1.260000
[2026-08-17 05:08:12.920] [glim] [warning] large time difference between points and imu!!
[2026-08-17 05:08:12.920] [glim] [warning] points=17.700000 imu=18.970000 diff=1.270000
[2026-08-17 05:08:12.931] [glim] [warning] large time difference between points and imu!!
[2026-08-17 05:08:12.931] [glim] [warning] points=17.700000 imu=18.980000 diff=1.280000
[2026-08-17 05:08:12.940] [glim] [warning] large time difference between points and imu!!
[2026-08-17 05:08:12.940] [glim] [warning] points=17.700000 imu=18.990000 diff=1.290000
[2026-08-17 05:08:12.950] [glim] [warning] large time difference between points and imu!!
[2026-08-17 05:08:12.950] [glim] [warning] points=17.700000 imu=19.000000 diff=1.300000
[2026-08-17 05:08:12.962] [glim] [warning] large time difference between points and imu!!
[2026-08-17 05:08:12.962] [glim] [warning] points=17.700000 imu=19.010000 diff=1.310000
[2026-08-17 05:08:12.971] [glim] [warning] large time difference between points and imu!!
[2026-08-17 05:08:12.971] [glim] [warning] points=17.700000 imu=19.020000 diff=1.320000
[2026-08-17 05:08:12.980] [glim] [warning] large time difference between points and imu!!
[2026-08-17 05:08:12.980] [glim] [warning] points=17.700000 imu=19.030000 diff=1.330000
[2026-08-17 05:08:12.982] [glim] [warning] large time gap between consecutive LiDAR frames!!
[2026-08-17 05:08:12.982] [glim] [warning] current=19.000000 last=17.700000 diff=1.300000
[2026-08-17 05:08:13.241] [odom] [warning] neither frames[last]=0xea378c1fcf00 nor frames[last - 1]=0x0 is released!!
[2026-08-17 05:08:13.241] [odom] [warning] there might be a large time gap between point cloud frames
[2026-08-17 05:08:14.365] [glim] [warning] large time difference between points and imu!!
[2026-08-17 05:08:14.365] [glim] [warning] points=19.400000 imu=20.410000 diff=1.010000
[2026-08-17 05:08:14.373] [glim] [warning] large time difference between points and imu!!
[2026-08-17 05:08:14.373] [glim] [warning] points=19.400000 imu=20.420000 diff=1.020000
[2026-08-17 05:08:14.382] [glim] [warning] large time difference between points and imu!!
[2026-08-17 05:08:14.382] [glim] [warning] points=19.400000 imu=20.430000 diff=1.030000
[2026-08-17 05:08:14.382] [glim] [warning] large time gap between consecutive LiDAR frames!!
[2026-08-17 05:08:14.382] [glim] [warning] current=20.400000 last=19.400000 diff=1.000000
[2026-08-17 05:08:14.550] [odom] [warning] neither frames[last]=0xea378cab9f80 nor frames[last - 1]=0x0 is released!!
[2026-08-17 05:08:14.550] [odom] [warning] there might be a large time gap between point cloud frames
[2026-08-17 05:08:19.277] [glim] [warning] large time gap between consecutive LiDAR frames!!
[2026-08-17 05:08:19.277] [glim] [warning] current=25.300000 last=24.700000 diff=0.600000
[2026-08-17 05:08:20.277] [glim] [warning] large time gap between consecutive LiDAR frames!!
[2026-08-17 05:08:20.277] [glim] [warning] current=26.300000 last=25.500000 diff=0.800000
[2026-08-17 05:08:22.879] [glim] [warning] large time gap between consecutive LiDAR frames!!
[2026-08-17 05:08:22.879] [glim] [warning] current=28.900000 last=28.300000 diff=0.600000
[2026-08-17 05:08:25.877] [glim] [warning] large time gap between consecutive LiDAR frames!!
[2026-08-17 05:08:25.877] [glim] [warning] current=31.900000 last=31.200000 diff=0.700000
[2026-08-17 05:08:28.780] [glim] [warning] large time gap between consecutive LiDAR frames!!
[2026-08-17 05:08:28.780] [glim] [warning] current=34.800000 last=34.200000 diff=0.600000
[2026-08-17 05:08:33.262] [glim] [warning] large time difference between points and imu!!
[2026-08-17 05:08:33.262] [glim] [warning] points=38.300000 imu=39.310000 diff=1.010000
[2026-08-17 05:08:33.271] [glim] [warning] large time difference between points and imu!!
[2026-08-17 05:08:33.271] [glim] [warning] points=38.300000 imu=39.320000 diff=1.020000
[2026-08-17 05:08:33.282] [glim] [warning] large time difference between points and imu!!
[2026-08-17 05:08:33.282] [glim] [warning] points=38.300000 imu=39.330000 diff=1.030000
[2026-08-17 05:08:33.283] [glim] [warning] large time gap between consecutive LiDAR frames!!
[2026-08-17 05:08:33.283] [glim] [warning] current=39.300000 last=38.300000 diff=1.000000
[2026-08-17 05:08:33.849] [odom] [warning] neither frames[last]=0xea378f500de0 nor frames[last - 1]=0x0 is released!!
[2026-08-17 05:08:33.849] [odom] [warning] there might be a large time gap between point cloud frames
[2026-08-17 05:08:37.465] [glim] [warning] large time difference between points and imu!!
[2026-08-17 05:08:37.465] [glim] [warning] points=42.500000 imu=43.510000 diff=1.010000
[2026-08-17 05:08:37.476] [glim] [warning] large time difference between points and imu!!
[2026-08-17 05:08:37.476] [glim] [warning] points=42.500000 imu=43.520000 diff=1.020000
[2026-08-17 05:08:37.483] [glim] [warning] large time difference between points and imu!!
[2026-08-17 05:08:37.483] [glim] [warning] points=42.500000 imu=43.530000 diff=1.030000
[2026-08-17 05:08:37.489] [glim] [warning] large time gap between consecutive LiDAR frames!!
[2026-08-17 05:08:37.489] [glim] [warning] current=43.500000 last=42.500000 diff=1.000000
[2026-08-17 05:08:37.755] [odom] [warning] neither frames[last]=0xea378f77a120 nor frames[last - 1]=0x0 is released!!
[2026-08-17 05:08:37.755] [odom] [warning] there might be a large time gap between point cloud frames
[2026-08-17 05:08:40.393] [glim] [warning] large time gap between consecutive LiDAR frames!!
[2026-08-17 05:08:40.394] [glim] [warning] current=46.400000 last=45.600000 diff=0.800000
[2026-08-17 05:08:41.987] [glim] [warning] large time gap between consecutive LiDAR frames!!
[2026-08-17 05:08:41.987] [glim] [warning] current=48.000000 last=47.400000 diff=0.600000
[2026-08-17 05:08:44.186] [glim] [warning] large time gap between consecutive LiDAR frames!!
[2026-08-17 05:08:44.186] [glim] [warning] current=50.200000 last=49.600000 diff=0.600000
[2026-08-17 05:08:56.124] [glim] [warning] large time gap between consecutive LiDAR frames!!
[2026-08-17 05:08:56.124] [glim] [warning] current=62.100000 last=61.400000 diff=0.700000
[2026-08-17 05:09:01.050] [glim] [warning] large time difference between points and imu!!
[2026-08-17 05:09:01.050] [glim] [warning] points=66.000000 imu=67.010000 diff=1.010000
[2026-08-17 05:09:01.053] [glim] [warning] large time difference between points and imu!!
[2026-08-17 05:09:01.053] [glim] [warning] points=66.000000 imu=67.020000 diff=1.020000
[2026-08-17 05:09:01.062] [glim] [warning] large time gap between consecutive LiDAR frames!!
[2026-08-17 05:09:01.062] [glim] [warning] current=67.000000 last=66.000000 diff=1.000000
[2026-08-17 05:09:01.223] [odom] [warning] neither frames[last]=0xea3744336c40 nor frames[last - 1]=0x0 is released!!
[2026-08-17 05:09:01.224] [odom] [warning] there might be a large time gap between point cloud frames
[2026-08-17 05:09:08.523] [glim] [warning] large time gap between consecutive LiDAR frames!!
[2026-08-17 05:09:08.523] [glim] [warning] current=74.400000 last=73.800000 diff=0.600000
[2026-08-17 05:09:11.928] [glim] [warning] large time difference between points and imu!!
[2026-08-17 05:09:11.928] [glim] [warning] points=76.800000 imu=77.810000 diff=1.010000
[2026-08-17 05:09:11.938] [glim] [warning] large time difference between points and imu!!
[2026-08-17 05:09:11.938] [glim] [warning] points=76.800000 imu=77.820000 diff=1.020000
[2026-08-17 05:09:11.948] [glim] [warning] large time difference between points and imu!!
[2026-08-17 05:09:11.948] [glim] [warning] points=76.800000 imu=77.830000 diff=1.030000
[2026-08-17 05:09:11.958] [glim] [warning] large time difference between points and imu!!
[2026-08-17 05:09:11.958] [glim] [warning] points=76.800000 imu=77.840000 diff=1.040000
[2026-08-17 05:09:11.968] [glim] [warning] large time difference between points and imu!!
[2026-08-17 05:09:11.968] [glim] [warning] points=76.800000 imu=77.850000 diff=1.050000
[2026-08-17 05:09:11.978] [glim] [warning] large time difference between points and imu!!
[2026-08-17 05:09:11.978] [glim] [warning] points=76.800000 imu=77.860000 diff=1.060000
[2026-08-17 05:09:11.988] [glim] [warning] large time difference between points and imu!!
[2026-08-17 05:09:11.988] [glim] [warning] points=76.800000 imu=77.870000 diff=1.070000
[2026-08-17 05:09:11.998] [glim] [warning] large time difference between points and imu!!
[2026-08-17 05:09:11.998] [glim] [warning] points=76.800000 imu=77.880000 diff=1.080000
[2026-08-17 05:09:12.008] [glim] [warning] large time difference between points and imu!!
[2026-08-17 05:09:12.008] [glim] [warning] points=76.800000 imu=77.890000 diff=1.090000
[2026-08-17 05:09:12.018] [glim] [warning] large time difference between points and imu!!
[2026-08-17 05:09:12.018] [glim] [warning] points=76.800000 imu=77.900000 diff=1.100000
[2026-08-17 05:09:12.028] [glim] [warning] large time difference between points and imu!!
[2026-08-17 05:09:12.028] [glim] [warning] points=76.800000 imu=77.910000 diff=1.110000
[2026-08-17 05:09:12.038] [glim] [warning] large time difference between points and imu!!
[2026-08-17 05:09:12.038] [glim] [warning] points=76.800000 imu=77.920000 diff=1.120000
[2026-08-17 05:09:12.048] [glim] [warning] large time difference between points and imu!!
[2026-08-17 05:09:12.048] [glim] [warning] points=76.800000 imu=77.930000 diff=1.130000
[2026-08-17 05:09:12.058] [glim] [warning] large time difference between points and imu!!
[2026-08-17 05:09:12.058] [glim] [warning] points=76.800000 imu=77.940000 diff=1.140000
[2026-08-17 05:09:12.068] [glim] [warning] large time difference between points and imu!!
[2026-08-17 05:09:12.068] [glim] [warning] points=76.800000 imu=77.950000 diff=1.150000
[2026-08-17 05:09:12.082] [glim] [warning] large time difference between points and imu!!
[2026-08-17 05:09:12.082] [glim] [warning] points=76.800000 imu=77.960000 diff=1.160000
[2026-08-17 05:09:12.088] [glim] [warning] large time difference between points and imu!!
[2026-08-17 05:09:12.088] [glim] [warning] points=76.800000 imu=77.970000 diff=1.170000
[2026-08-17 05:09:12.098] [glim] [warning] large time difference between points and imu!!
[2026-08-17 05:09:12.098] [glim] [warning] points=76.800000 imu=77.980000 diff=1.180000
[2026-08-17 05:09:12.108] [glim] [warning] large time difference between points and imu!!
[2026-08-17 05:09:12.108] [glim] [warning] points=76.800000 imu=77.990000 diff=1.190000
[2026-08-17 05:09:12.118] [glim] [warning] large time difference between points and imu!!
[2026-08-17 05:09:12.118] [glim] [warning] points=76.800000 imu=78.000000 diff=1.200000
[2026-08-17 05:09:12.128] [glim] [warning] large time difference between points and imu!!
[2026-08-17 05:09:12.128] [glim] [warning] points=76.800000 imu=78.010000 diff=1.210000
[2026-08-17 05:09:12.141] [glim] [warning] large time difference between points and imu!!
[2026-08-17 05:09:12.141] [glim] [warning] points=76.800000 imu=78.020000 diff=1.220000
[2026-08-17 05:09:12.143] [glim] [warning] large time gap between consecutive LiDAR frames!!
[2026-08-17 05:09:12.143] [glim] [warning] current=78.000000 last=76.800000 diff=1.200000
[2026-08-17 05:09:12.315] [odom] [warning] neither frames[last]=0xea378cc93c70 nor frames[last - 1]=0x0 is released!!
[2026-08-17 05:09:12.315] [odom] [warning] there might be a large time gap between point cloud frames
[2026-08-17 05:09:14.161] [glim] [warning] large time gap between consecutive LiDAR frames!!
[2026-08-17 05:09:14.161] [glim] [warning] current=80.000000 last=79.400000 diff=0.600000
[2026-08-17 05:09:18.480] [glim] [warning] large time gap between consecutive LiDAR frames!!
[2026-08-17 05:09:18.480] [glim] [warning] current=84.300000 last=83.500000 diff=0.800000
[2026-08-17 05:09:22.580] [glim] [warning] large time difference between points and imu!!
[2026-08-17 05:09:22.580] [glim] [warning] points=87.400000 imu=88.410000 diff=1.010000
[2026-08-17 05:09:22.590] [glim] [warning] large time difference between points and imu!!
[2026-08-17 05:09:22.590] [glim] [warning] points=87.400000 imu=88.420000 diff=1.020000
[2026-08-17 05:09:22.601] [glim] [warning] large time difference between points and imu!!
[2026-08-17 05:09:22.601] [glim] [warning] points=87.400000 imu=88.430000 diff=1.030000
[2026-08-17 05:09:22.611] [glim] [warning] large time difference between points and imu!!
[2026-08-17 05:09:22.611] [glim] [warning] points=87.400000 imu=88.440000 diff=1.040000
[2026-08-17 05:09:22.620] [glim] [warning] large time difference between points and imu!!
[2026-08-17 05:09:22.620] [glim] [warning] points=87.400000 imu=88.450000 diff=1.050000
[2026-08-17 05:09:22.634] [glim] [warning] large time difference between points and imu!!
[2026-08-17 05:09:22.634] [glim] [warning] points=87.400000 imu=88.460000 diff=1.060000
[2026-08-17 05:09:22.642] [glim] [warning] large time difference between points and imu!!
[2026-08-17 05:09:22.642] [glim] [warning] points=87.400000 imu=88.470000 diff=1.070000
[2026-08-17 05:09:22.653] [glim] [warning] large time difference between points and imu!!
[2026-08-17 05:09:22.653] [glim] [warning] points=87.400000 imu=88.480000 diff=1.080000
[2026-08-17 05:09:22.662] [glim] [warning] large time difference between points and imu!!
[2026-08-17 05:09:22.662] [glim] [warning] points=87.400000 imu=88.490000 diff=1.090000
[2026-08-17 05:09:22.673] [glim] [warning] large time difference between points and imu!!
[2026-08-17 05:09:22.673] [glim] [warning] points=87.400000 imu=88.500000 diff=1.100000
[2026-08-17 05:09:22.680] [glim] [warning] large time difference between points and imu!!
[2026-08-17 05:09:22.680] [glim] [warning] points=87.400000 imu=88.510000 diff=1.110000
[2026-08-17 05:09:22.695] [glim] [warning] large time difference between points and imu!!
[2026-08-17 05:09:22.695] [glim] [warning] points=87.400000 imu=88.520000 diff=1.120000
[2026-08-17 05:09:22.701] [glim] [warning] large time difference between points and imu!!
[2026-08-17 05:09:22.701] [glim] [warning] points=87.400000 imu=88.530000 diff=1.130000
[2026-08-17 05:09:22.710] [glim] [warning] large time difference between points and imu!!
[2026-08-17 05:09:22.710] [glim] [warning] points=87.400000 imu=88.540000 diff=1.140000
[2026-08-17 05:09:22.720] [glim] [warning] large time difference between points and imu!!
[2026-08-17 05:09:22.720] [glim] [warning] points=87.400000 imu=88.550000 diff=1.150000
[2026-08-17 05:09:22.730] [glim] [warning] large time difference between points and imu!!
[2026-08-17 05:09:22.730] [glim] [warning] points=87.400000 imu=88.560000 diff=1.160000
[2026-08-17 05:09:22.740] [glim] [warning] large time difference between points and imu!!
[2026-08-17 05:09:22.740] [glim] [warning] points=87.400000 imu=88.570000 diff=1.170000
[2026-08-17 05:09:22.750] [glim] [warning] large time difference between points and imu!!
[2026-08-17 05:09:22.750] [glim] [warning] points=87.400000 imu=88.580000 diff=1.180000
[2026-08-17 05:09:22.760] [glim] [warning] large time difference between points and imu!!
[2026-08-17 05:09:22.760] [glim] [warning] points=87.400000 imu=88.590000 diff=1.190000
[2026-08-17 05:09:22.770] [glim] [warning] large time difference between points and imu!!
[2026-08-17 05:09:22.770] [glim] [warning] points=87.400000 imu=88.600000 diff=1.200000
[2026-08-17 05:09:22.782] [glim] [warning] large time difference between points and imu!!
[2026-08-17 05:09:22.782] [glim] [warning] points=87.400000 imu=88.610000 diff=1.210000
[2026-08-17 05:09:22.790] [glim] [warning] large time difference between points and imu!!
[2026-08-17 05:09:22.790] [glim] [warning] points=87.400000 imu=88.620000 diff=1.220000
[2026-08-17 05:09:22.802] [glim] [warning] large time difference between points and imu!!
[2026-08-17 05:09:22.802] [glim] [warning] points=87.400000 imu=88.630000 diff=1.230000
[2026-08-17 05:09:22.810] [glim] [warning] large time difference between points and imu!!
[2026-08-17 05:09:22.810] [glim] [warning] points=87.400000 imu=88.640000 diff=1.240000
[2026-08-17 05:09:22.820] [glim] [warning] large time difference between points and imu!!
[2026-08-17 05:09:22.820] [glim] [warning] points=87.400000 imu=88.650000 diff=1.250000
[2026-08-17 05:09:22.830] [glim] [warning] large time difference between points and imu!!
[2026-08-17 05:09:22.830] [glim] [warning] points=87.400000 imu=88.660000 diff=1.260000
[2026-08-17 05:09:22.840] [glim] [warning] large time difference between points and imu!!
[2026-08-17 05:09:22.840] [glim] [warning] points=87.400000 imu=88.670000 diff=1.270000
[2026-08-17 05:09:22.850] [glim] [warning] large time difference between points and imu!!
[2026-08-17 05:09:22.850] [glim] [warning] points=87.400000 imu=88.680000 diff=1.280000
[2026-08-17 05:09:22.860] [glim] [warning] large time difference between points and imu!!
[2026-08-17 05:09:22.860] [glim] [warning] points=87.400000 imu=88.690000 diff=1.290000
[2026-08-17 05:09:22.870] [glim] [warning] large time difference between points and imu!!
[2026-08-17 05:09:22.870] [glim] [warning] points=87.400000 imu=88.700000 diff=1.300000
[2026-08-17 05:09:22.880] [glim] [warning] large time difference between points and imu!!
[2026-08-17 05:09:22.880] [glim] [warning] points=87.400000 imu=88.710000 diff=1.310000
[2026-08-17 05:09:22.890] [glim] [warning] large time difference between points and imu!!
[2026-08-17 05:09:22.890] [glim] [warning] points=87.400000 imu=88.720000 diff=1.320000
[2026-08-17 05:09:22.900] [glim] [warning] large time difference between points and imu!!
[2026-08-17 05:09:22.900] [glim] [warning] points=87.400000 imu=88.730000 diff=1.330000
[2026-08-17 05:09:22.910] [glim] [warning] large time difference between points and imu!!
[2026-08-17 05:09:22.910] [glim] [warning] points=87.400000 imu=88.740000 diff=1.340000
[2026-08-17 05:09:22.925] [glim] [warning] large time difference between points and imu!!
[2026-08-17 05:09:22.925] [glim] [warning] points=87.400000 imu=88.750000 diff=1.350000
[2026-08-17 05:09:22.932] [glim] [warning] large time difference between points and imu!!
[2026-08-17 05:09:22.932] [glim] [warning] points=87.400000 imu=88.760000 diff=1.360000
[2026-08-17 05:09:22.942] [glim] [warning] large time difference between points and imu!!
[2026-08-17 05:09:22.942] [glim] [warning] points=87.400000 imu=88.770000 diff=1.370000
[2026-08-17 05:09:22.952] [glim] [warning] large time difference between points and imu!!
[2026-08-17 05:09:22.952] [glim] [warning] points=87.400000 imu=88.780000 diff=1.380000
[2026-08-17 05:09:22.960] [glim] [warning] large time difference between points and imu!!
[2026-08-17 05:09:22.960] [glim] [warning] points=87.400000 imu=88.790000 diff=1.390000
[2026-08-17 05:09:22.970] [glim] [warning] large time difference between points and imu!!
[2026-08-17 05:09:22.970] [glim] [warning] points=87.400000 imu=88.800000 diff=1.400000
[2026-08-17 05:09:22.980] [glim] [warning] large time difference between points and imu!!
[2026-08-17 05:09:22.980] [glim] [warning] points=87.400000 imu=88.810000 diff=1.410000
[2026-08-17 05:09:22.990] [glim] [warning] large time difference between points and imu!!
[2026-08-17 05:09:22.990] [glim] [warning] points=87.400000 imu=88.820000 diff=1.420000
[2026-08-17 05:09:23.000] [glim] [warning] large time difference between points and imu!!
[2026-08-17 05:09:23.000] [glim] [warning] points=87.400000 imu=88.830000 diff=1.430000
[2026-08-17 05:09:23.010] [glim] [warning] large time difference between points and imu!!
[2026-08-17 05:09:23.010] [glim] [warning] points=87.400000 imu=88.840000 diff=1.440000
[2026-08-17 05:09:23.020] [glim] [warning] large time difference between points and imu!!
[2026-08-17 05:09:23.020] [glim] [warning] points=87.400000 imu=88.850000 diff=1.450000
[2026-08-17 05:09:23.030] [glim] [warning] large time difference between points and imu!!
[2026-08-17 05:09:23.030] [glim] [warning] points=87.400000 imu=88.860000 diff=1.460000
[2026-08-17 05:09:23.040] [glim] [warning] large time difference between points and imu!!
[2026-08-17 05:09:23.040] [glim] [warning] points=87.400000 imu=88.870000 diff=1.470000
[2026-08-17 05:09:23.050] [glim] [warning] large time difference between points and imu!!
[2026-08-17 05:09:23.050] [glim] [warning] points=87.400000 imu=88.880000 diff=1.480000
[2026-08-17 05:09:23.060] [glim] [warning] large time difference between points and imu!!
[2026-08-17 05:09:23.060] [glim] [warning] points=87.400000 imu=88.890000 diff=1.490000
[2026-08-17 05:09:23.070] [glim] [warning] large time difference between points and imu!!
[2026-08-17 05:09:23.070] [glim] [warning] points=87.400000 imu=88.900000 diff=1.500000
[2026-08-17 05:09:23.080] [glim] [warning] large time difference between points and imu!!
[2026-08-17 05:09:23.080] [glim] [warning] points=87.400000 imu=88.910000 diff=1.510000
[2026-08-17 05:09:23.090] [glim] [warning] large time difference between points and imu!!
[2026-08-17 05:09:23.090] [glim] [warning] points=87.400000 imu=88.920000 diff=1.520000
[2026-08-17 05:09:23.100] [glim] [warning] large time difference between points and imu!!
[2026-08-17 05:09:23.100] [glim] [warning] points=87.400000 imu=88.930000 diff=1.530000
[2026-08-17 05:09:23.110] [glim] [warning] large time difference between points and imu!!
[2026-08-17 05:09:23.110] [glim] [warning] points=87.400000 imu=88.940000 diff=1.540000
[2026-08-17 05:09:23.120] [glim] [warning] large time difference between points and imu!!
[2026-08-17 05:09:23.120] [glim] [warning] points=87.400000 imu=88.950000 diff=1.550000
[2026-08-17 05:09:23.130] [glim] [warning] large time difference between points and imu!!
[2026-08-17 05:09:23.130] [glim] [warning] points=87.400000 imu=88.960000 diff=1.560000
[2026-08-17 05:09:23.140] [glim] [warning] large time difference between points and imu!!
[2026-08-17 05:09:23.140] [glim] [warning] points=87.400000 imu=88.970000 diff=1.570000
[2026-08-17 05:09:23.150] [glim] [warning] large time difference between points and imu!!
[2026-08-17 05:09:23.150] [glim] [warning] points=87.400000 imu=88.980000 diff=1.580000
[2026-08-17 05:09:23.160] [glim] [warning] large time difference between points and imu!!
[2026-08-17 05:09:23.160] [glim] [warning] points=87.400000 imu=88.990000 diff=1.590000
[2026-08-17 05:09:23.170] [glim] [warning] large time difference between points and imu!!
[2026-08-17 05:09:23.170] [glim] [warning] points=87.400000 imu=89.000000 diff=1.600000
[2026-08-17 05:09:23.180] [glim] [warning] large time difference between points and imu!!
[2026-08-17 05:09:23.180] [glim] [warning] points=87.400000 imu=89.010000 diff=1.610000
[2026-08-17 05:09:23.190] [glim] [warning] large time difference between points and imu!!
[2026-08-17 05:09:23.190] [glim] [warning] points=87.400000 imu=89.020000 diff=1.620000
[2026-08-17 05:09:23.200] [glim] [warning] large time difference between points and imu!!
[2026-08-17 05:09:23.200] [glim] [warning] points=87.400000 imu=89.030000 diff=1.630000
[2026-08-17 05:09:23.211] [glim] [warning] large time difference between points and imu!!
[2026-08-17 05:09:23.211] [glim] [warning] points=87.400000 imu=89.040000 diff=1.640000
[2026-08-17 05:09:23.224] [glim] [warning] large time difference between points and imu!!
[2026-08-17 05:09:23.224] [glim] [warning] points=87.400000 imu=89.050000 diff=1.650000
[2026-08-17 05:09:23.232] [glim] [warning] large time difference between points and imu!!
[2026-08-17 05:09:23.232] [glim] [warning] points=87.400000 imu=89.060000 diff=1.660000
[2026-08-17 05:09:23.240] [glim] [warning] large time difference between points and imu!!
[2026-08-17 05:09:23.240] [glim] [warning] points=87.400000 imu=89.070000 diff=1.670000
[2026-08-17 05:09:23.250] [glim] [warning] large time difference between points and imu!!
[2026-08-17 05:09:23.250] [glim] [warning] points=87.400000 imu=89.080000 diff=1.680000
[2026-08-17 05:09:23.259] [glim] [warning] large time difference between points and imu!!
[2026-08-17 05:09:23.259] [glim] [warning] points=87.400000 imu=89.090000 diff=1.690000
[2026-08-17 05:09:23.270] [glim] [warning] large time difference between points and imu!!
[2026-08-17 05:09:23.270] [glim] [warning] points=87.400000 imu=89.100000 diff=1.700000
[2026-08-17 05:09:23.283] [glim] [warning] large time difference between points and imu!!
[2026-08-17 05:09:23.283] [glim] [warning] points=87.400000 imu=89.110000 diff=1.710000
[2026-08-17 05:09:23.290] [glim] [warning] large time difference between points and imu!!
[2026-08-17 05:09:23.290] [glim] [warning] points=87.400000 imu=89.120000 diff=1.720000
[2026-08-17 05:09:23.300] [glim] [warning] large time difference between points and imu!!
[2026-08-17 05:09:23.300] [glim] [warning] points=87.400000 imu=89.130000 diff=1.730000
[2026-08-17 05:09:23.313] [glim] [warning] large time difference between points and imu!!
[2026-08-17 05:09:23.313] [glim] [warning] points=87.400000 imu=89.140000 diff=1.740000
[2026-08-17 05:09:23.320] [glim] [warning] large time difference between points and imu!!
[2026-08-17 05:09:23.320] [glim] [warning] points=87.400000 imu=89.150000 diff=1.750000
[2026-08-17 05:09:23.330] [glim] [warning] large time difference between points and imu!!
[2026-08-17 05:09:23.330] [glim] [warning] points=87.400000 imu=89.160000 diff=1.760000
[2026-08-17 05:09:23.340] [glim] [warning] large time difference between points and imu!!
[2026-08-17 05:09:23.340] [glim] [warning] points=87.400000 imu=89.170000 diff=1.770000
[2026-08-17 05:09:23.350] [glim] [warning] large time difference between points and imu!!
[2026-08-17 05:09:23.350] [glim] [warning] points=87.400000 imu=89.180000 diff=1.780000
[2026-08-17 05:09:23.360] [glim] [warning] large time difference between points and imu!!
[2026-08-17 05:09:23.360] [glim] [warning] points=87.400000 imu=89.190000 diff=1.790000
[2026-08-17 05:09:23.370] [glim] [warning] large time difference between points and imu!!
[2026-08-17 05:09:23.370] [glim] [warning] points=87.400000 imu=89.200000 diff=1.800000
[2026-08-17 05:09:23.380] [glim] [warning] large time difference between points and imu!!
[2026-08-17 05:09:23.380] [glim] [warning] points=87.400000 imu=89.210000 diff=1.810000
[2026-08-17 05:09:23.390] [glim] [warning] large time difference between points and imu!!
[2026-08-17 05:09:23.390] [glim] [warning] points=87.400000 imu=89.220000 diff=1.820000
[2026-08-17 05:09:23.404] [glim] [warning] large time difference between points and imu!!
[2026-08-17 05:09:23.404] [glim] [warning] points=87.400000 imu=89.230000 diff=1.830000
[2026-08-17 05:09:23.411] [glim] [warning] large time difference between points and imu!!
[2026-08-17 05:09:23.411] [glim] [warning] points=87.400000 imu=89.240000 diff=1.840000
[2026-08-17 05:09:23.424] [glim] [warning] large time difference between points and imu!!
[2026-08-17 05:09:23.424] [glim] [warning] points=87.400000 imu=89.250000 diff=1.850000
[2026-08-17 05:09:23.432] [glim] [warning] large time difference between points and imu!!
[2026-08-17 05:09:23.432] [glim] [warning] points=87.400000 imu=89.260000 diff=1.860000
[2026-08-17 05:09:23.440] [glim] [warning] large time difference between points and imu!!
[2026-08-17 05:09:23.440] [glim] [warning] points=87.400000 imu=89.270000 diff=1.870000
[2026-08-17 05:09:23.450] [glim] [warning] large time difference between points and imu!!
[2026-08-17 05:09:23.450] [glim] [warning] points=87.400000 imu=89.280000 diff=1.880000
[2026-08-17 05:09:23.460] [glim] [warning] large time difference between points and imu!!
[2026-08-17 05:09:23.460] [glim] [warning] points=87.400000 imu=89.290000 diff=1.890000
[2026-08-17 05:09:23.470] [glim] [warning] large time difference between points and imu!!
[2026-08-17 05:09:23.470] [glim] [warning] points=87.400000 imu=89.300000 diff=1.900000
[2026-08-17 05:09:23.480] [glim] [warning] large time difference between points and imu!!
[2026-08-17 05:09:23.480] [glim] [warning] points=87.400000 imu=89.310000 diff=1.910000
[2026-08-17 05:09:23.490] [glim] [warning] large time difference between points and imu!!
[2026-08-17 05:09:23.490] [glim] [warning] points=87.400000 imu=89.320000 diff=1.920000
[2026-08-17 05:09:23.504] [glim] [warning] large time difference between points and imu!!
[2026-08-17 05:09:23.504] [glim] [warning] points=87.400000 imu=89.330000 diff=1.930000
[2026-08-17 05:09:23.510] [glim] [warning] large time difference between points and imu!!
[2026-08-17 05:09:23.510] [glim] [warning] points=87.400000 imu=89.340000 diff=1.940000
[2026-08-17 05:09:23.520] [glim] [warning] large time difference between points and imu!!
[2026-08-17 05:09:23.520] [glim] [warning] points=87.400000 imu=89.350000 diff=1.950000
[2026-08-17 05:09:23.532] [glim] [warning] large time difference between points and imu!!
[2026-08-17 05:09:23.532] [glim] [warning] points=87.400000 imu=89.360000 diff=1.960000
[2026-08-17 05:09:23.540] [glim] [warning] large time difference between points and imu!!
[2026-08-17 05:09:23.540] [glim] [warning] points=87.400000 imu=89.370000 diff=1.970000
[2026-08-17 05:09:23.551] [glim] [warning] large time difference between points and imu!!
[2026-08-17 05:09:23.551] [glim] [warning] points=87.400000 imu=89.380000 diff=1.980000
[2026-08-17 05:09:23.560] [glim] [warning] large time difference between points and imu!!
[2026-08-17 05:09:23.560] [glim] [warning] points=87.400000 imu=89.390000 diff=1.990000
[2026-08-17 05:09:23.570] [glim] [warning] large time difference between points and imu!!
[2026-08-17 05:09:23.570] [glim] [warning] points=87.400000 imu=89.400000 diff=2.000000
[2026-08-17 05:09:23.584] [glim] [warning] large time difference between points and imu!!
[2026-08-17 05:09:23.584] [glim] [warning] points=87.400000 imu=89.410000 diff=2.010000
[2026-08-17 05:09:23.590] [glim] [warning] large time difference between points and imu!!
[2026-08-17 05:09:23.590] [glim] [warning] points=87.400000 imu=89.420000 diff=2.020000
[2026-08-17 05:09:23.600] [glim] [warning] large time difference between points and imu!!
[2026-08-17 05:09:23.600] [glim] [warning] points=87.400000 imu=89.430000 diff=2.030000
[2026-08-17 05:09:23.610] [glim] [warning] large time difference between points and imu!!
[2026-08-17 05:09:23.610] [glim] [warning] points=87.400000 imu=89.440000 diff=2.040000
[2026-08-17 05:09:23.620] [glim] [warning] large time difference between points and imu!!
[2026-08-17 05:09:23.620] [glim] [warning] points=87.400000 imu=89.450000 diff=2.050000
[2026-08-17 05:09:23.632] [glim] [warning] large time difference between points and imu!!
[2026-08-17 05:09:23.632] [glim] [warning] points=87.400000 imu=89.460000 diff=2.060000
[2026-08-17 05:09:23.640] [glim] [warning] large time difference between points and imu!!
[2026-08-17 05:09:23.640] [glim] [warning] points=87.400000 imu=89.470000 diff=2.070000
[2026-08-17 05:09:23.650] [glim] [warning] large time difference between points and imu!!
[2026-08-17 05:09:23.650] [glim] [warning] points=87.400000 imu=89.480000 diff=2.080000
[2026-08-17 05:09:23.660] [glim] [warning] large time difference between points and imu!!
[2026-08-17 05:09:23.660] [glim] [warning] points=87.400000 imu=89.490000 diff=2.090000
[2026-08-17 05:09:23.670] [glim] [warning] large time difference between points and imu!!
[2026-08-17 05:09:23.670] [glim] [warning] points=87.400000 imu=89.500000 diff=2.100000
[2026-08-17 05:09:23.682] [glim] [warning] large time difference between points and imu!!
[2026-08-17 05:09:23.682] [glim] [warning] points=87.400000 imu=89.510000 diff=2.110000
[2026-08-17 05:09:23.690] [glim] [warning] large time difference between points and imu!!
[2026-08-17 05:09:23.690] [glim] [warning] points=87.400000 imu=89.520000 diff=2.120000
[2026-08-17 05:09:23.700] [glim] [warning] large time difference between points and imu!!
[2026-08-17 05:09:23.700] [glim] [warning] points=87.400000 imu=89.530000 diff=2.130000
[2026-08-17 05:09:23.704] [glim] [warning] large time gap between consecutive LiDAR frames!!
[2026-08-17 05:09:23.704] [glim] [warning] current=89.500000 last=87.400000 diff=2.100000
[2026-08-17 05:09:23.860] [odom] [warning] neither frames[last]=0xea378f7f0a20 nor frames[last - 1]=0x0 is released!!
[2026-08-17 05:09:23.860] [odom] [warning] there might be a large time gap between point cloud frames
[2026-08-17 05:09:27.009] [glim] [warning] large time gap between consecutive LiDAR frames!!
[2026-08-17 05:09:27.009] [glim] [warning] current=92.800000 last=92.100000 diff=0.700000
[2026-08-17 05:09:36.356] [glim] [warning] large time gap between consecutive LiDAR frames!!
[2026-08-17 05:09:36.356] [glim] [warning] current=102.100000 last=101.200000 diff=0.900000
[2026-08-17 05:09:38.855] [glim] [warning] large time gap between consecutive LiDAR frames!!
[2026-08-17 05:09:38.856] [glim] [warning] current=104.600000 last=104.000000 diff=0.600000
[2026-08-17 05:09:46.302] [glim] [warning] large time gap between consecutive LiDAR frames!!
[2026-08-17 05:09:46.302] [glim] [warning] current=112.000000 last=111.300000 diff=0.700000
[2026-08-17 05:09:49.398] [glim] [warning] large time gap between consecutive LiDAR frames!!
[2026-08-17 05:09:49.398] [glim] [warning] current=115.100000 last=114.500000 diff=0.600000
[2026-08-17 05:09:50.488] [glim] [warning] large time gap between consecutive LiDAR frames!!
[2026-08-17 05:09:50.488] [glim] [warning] current=116.200000 last=115.400000 diff=0.800000
[2026-08-17 05:10:01.614] [glim] [warning] large time gap between consecutive LiDAR frames!!
[2026-08-17 05:10:01.614] [glim] [warning] current=127.300000 last=126.700000 diff=0.600000
[2026-08-17 05:10:08.219] [glim] [warning] large time gap between consecutive LiDAR frames!!
[2026-08-17 05:10:08.219] [glim] [warning] current=133.900000 last=133.300000 diff=0.600000
[2026-08-17 05:10:09.755] [glim] [warning] large time gap between consecutive LiDAR frames!!
[2026-08-17 05:10:09.755] [glim] [warning] current=135.400000 last=134.700000 diff=0.700000
[2026-08-17 05:10:10.548] [glim] [warning] large time gap between consecutive LiDAR frames!!
[2026-08-17 05:10:10.548] [glim] [warning] current=136.200000 last=135.600000 diff=0.600000
[2026-08-17 05:10:11.367] [glim] [warning] large time gap between consecutive LiDAR frames!!
[2026-08-17 05:10:11.367] [glim] [warning] current=137.000000 last=136.400000 diff=0.600000
[2026-08-17 05:10:12.965] [glim] [warning] large time gap between consecutive LiDAR frames!!
[2026-08-17 05:10:12.965] [glim] [warning] current=138.600000 last=137.900000 diff=0.700000
[2026-08-17 05:10:13.769] [glim] [warning] large time gap between consecutive LiDAR frames!!
[2026-08-17 05:10:13.769] [glim] [warning] current=139.400000 last=138.800000 diff=0.600000
[2026-08-17 05:10:14.677] [glim] [warning] large time gap between consecutive LiDAR frames!!
[2026-08-17 05:10:14.677] [glim] [warning] current=140.300000 last=139.400000 diff=0.900000
[2026-08-17 05:10:14.928] [odom] [warning] neither frames[last]=0xea3754b1f1f0 nor frames[last - 1]=0x0 is released!!
[2026-08-17 05:10:14.928] [odom] [warning] there might be a large time gap between point cloud frames
[2026-08-17 05:10:16.277] [glim] [warning] large time gap between consecutive LiDAR frames!!
[2026-08-17 05:10:16.277] [glim] [warning] current=141.900000 last=141.300000 diff=0.600000
[2026-08-17 05:10:32.202] [glim] [warning] large time gap between consecutive LiDAR frames!!
[2026-08-17 05:10:32.202] [glim] [warning] current=157.700000 last=157.000000 diff=0.700000
[2026-08-17 05:10:34.201] [glim] [warning] large time gap between consecutive LiDAR frames!!
[2026-08-17 05:10:34.201] [glim] [warning] current=159.700000 last=159.100000 diff=0.600000
[2026-08-17 05:10:36.736] [glim] [warning] large time gap between consecutive LiDAR frames!!
[2026-08-17 05:10:36.736] [glim] [warning] current=162.200000 last=161.300000 diff=0.900000
[2026-08-17 05:10:38.239] [glim] [warning] large time gap between consecutive LiDAR frames!!
[2026-08-17 05:10:38.239] [glim] [warning] current=163.700000 last=163.100000 diff=0.600000
[2026-08-17 05:10:42.570] [glim] [warning] large time gap between consecutive LiDAR frames!!
[2026-08-17 05:10:42.571] [glim] [warning] current=168.000000 last=167.400000 diff=0.600000
[2026-08-17 05:10:43.875] [glim] [warning] large time gap between consecutive LiDAR frames!!
[2026-08-17 05:10:43.875] [glim] [warning] current=169.300000 last=168.700000 diff=0.600000
[2026-08-17 05:10:44.775] [glim] [warning] large time gap between consecutive LiDAR frames!!
[2026-08-17 05:10:44.775] [glim] [warning] current=170.200000 last=169.600000 diff=0.600000
[2026-08-17 05:10:45.677] [glim] [warning] large time gap between consecutive LiDAR frames!!
[2026-08-17 05:10:45.677] [glim] [warning] current=171.100000 last=170.500000 diff=0.600000
[2026-08-17 05:10:50.769] [glim] [warning] large time gap between consecutive LiDAR frames!!
[2026-08-17 05:10:50.769] [glim] [warning] current=176.200000 last=175.300000 diff=0.900000
[2026-08-17 05:10:54.372] [glim] [warning] large time gap between consecutive LiDAR frames!!
[2026-08-17 05:10:54.372] [glim] [warning] current=179.800000 last=179.100000 diff=0.700000
[2026-08-17 05:10:55.584] [glim] [warning] large time gap between consecutive LiDAR frames!!
[2026-08-17 05:10:55.584] [glim] [warning] current=181.000000 last=180.200000 diff=0.800000
[2026-08-17 05:11:02.091] [glim] [warning] large time gap between consecutive LiDAR frames!!
[2026-08-17 05:11:02.091] [glim] [warning] current=187.500000 last=186.900000 diff=0.600000
[2026-08-17 05:11:08.791] [glim] [warning] large time gap between consecutive LiDAR frames!!
[2026-08-17 05:11:08.791] [glim] [warning] current=194.200000 last=193.300000 diff=0.900000
[WARN] [1786911083.067447366] [transform_listener_impl_c56829b79ac0]: New publisher discovered on topic '/tf_static', offering incompatible QoS. No messages will be sent to it. Last incompatible policy: DURABILITY_QOS_POLICY
[2026-08-17 05:11:23.145] [glim] [warning] large time gap between consecutive IMU data!!
[2026-08-17 05:11:23.145] [glim] [warning] current=200.840000 last=198.620000 diff=2.220000
[2026-08-17 05:11:23.145] [glim] [warning] large time difference between points and imu!!
[2026-08-17 05:11:23.145] [glim] [warning] points=198.600000 imu=200.840000 diff=2.240000
[2026-08-17 05:11:23.155] [glim] [warning] large time difference between points and imu!!
[2026-08-17 05:11:23.156] [glim] [warning] points=198.600000 imu=200.850000 diff=2.250000
[2026-08-17 05:11:23.167] [glim] [warning] large time difference between points and imu!!
[2026-08-17 05:11:23.167] [glim] [warning] points=198.600000 imu=200.860000 diff=2.260000
[2026-08-17 05:11:23.175] [glim] [warning] large time difference between points and imu!!
[2026-08-17 05:11:23.176] [glim] [warning] points=198.600000 imu=200.870000 diff=2.270000
[2026-08-17 05:11:23.185] [glim] [warning] large time difference between points and imu!!
[2026-08-17 05:11:23.185] [glim] [warning] points=198.600000 imu=200.880000 diff=2.280000
[2026-08-17 05:11:23.195] [glim] [warning] large time difference between points and imu!!
[2026-08-17 05:11:23.195] [glim] [warning] points=198.600000 imu=200.890000 diff=2.290000
[2026-08-17 05:11:23.205] [glim] [warning] large time difference between points and imu!!
[2026-08-17 05:11:23.205] [glim] [warning] points=198.600000 imu=200.900000 diff=2.300000
[2026-08-17 05:11:23.214] [glim] [warning] large time difference between points and imu!!
[2026-08-17 05:11:23.214] [glim] [warning] points=198.600000 imu=200.910000 diff=2.310000
[2026-08-17 05:11:23.226] [glim] [warning] large time difference between points and imu!!
[2026-08-17 05:11:23.226] [glim] [warning] points=198.600000 imu=200.920000 diff=2.320000
[2026-08-17 05:11:23.234] [glim] [warning] large time difference between points and imu!!
[2026-08-17 05:11:23.234] [glim] [warning] points=198.600000 imu=200.930000 diff=2.330000
[2026-08-17 05:11:23.247] [glim] [warning] large time difference between points and imu!!
[2026-08-17 05:11:23.247] [glim] [warning] points=198.600000 imu=200.940000 diff=2.340000
[2026-08-17 05:11:23.254] [glim] [warning] large time difference between points and imu!!
[2026-08-17 05:11:23.254] [glim] [warning] points=198.600000 imu=200.950000 diff=2.350000
[2026-08-17 05:11:23.265] [glim] [warning] large time difference between points and imu!!
[2026-08-17 05:11:23.265] [glim] [warning] points=198.600000 imu=200.960000 diff=2.360000
[2026-08-17 05:11:23.275] [glim] [warning] large time difference between points and imu!!
[2026-08-17 05:11:23.275] [glim] [warning] points=198.600000 imu=200.970000 diff=2.370000
[2026-08-17 05:11:23.284] [glim] [warning] large time difference between points and imu!!
[2026-08-17 05:11:23.284] [glim] [warning] points=198.600000 imu=200.980000 diff=2.380000
[2026-08-17 05:11:23.295] [glim] [warning] large time difference between points and imu!!
[2026-08-17 05:11:23.295] [glim] [warning] points=198.600000 imu=200.990000 diff=2.390000
[2026-08-17 05:11:23.305] [glim] [warning] large time difference between points and imu!!
[2026-08-17 05:11:23.305] [glim] [warning] points=198.600000 imu=201.000000 diff=2.400000
[2026-08-17 05:11:23.316] [glim] [warning] large time difference between points and imu!!
[2026-08-17 05:11:23.316] [glim] [warning] points=198.600000 imu=201.010000 diff=2.410000
[2026-08-17 05:11:23.325] [glim] [warning] large time difference between points and imu!!
[2026-08-17 05:11:23.325] [glim] [warning] points=198.600000 imu=201.020000 diff=2.420000
[2026-08-17 05:11:23.334] [glim] [warning] large time difference between points and imu!!
[2026-08-17 05:11:23.334] [glim] [warning] points=198.600000 imu=201.030000 diff=2.430000
[2026-08-17 05:11:23.345] [glim] [warning] large time difference between points and imu!!
[2026-08-17 05:11:23.345] [glim] [warning] points=198.600000 imu=201.040000 diff=2.440000
[2026-08-17 05:11:23.354] [glim] [warning] large time difference between points and imu!!
[2026-08-17 05:11:23.354] [glim] [warning] points=198.600000 imu=201.050000 diff=2.450000
[2026-08-17 05:11:23.364] [glim] [warning] large time difference between points and imu!!
[2026-08-17 05:11:23.364] [glim] [warning] points=198.600000 imu=201.060000 diff=2.460000
[2026-08-17 05:11:23.374] [glim] [warning] large time difference between points and imu!!
[2026-08-17 05:11:23.374] [glim] [warning] points=198.600000 imu=201.070000 diff=2.470000
[2026-08-17 05:11:23.384] [glim] [warning] large time difference between points and imu!!
[2026-08-17 05:11:23.384] [glim] [warning] points=198.600000 imu=201.080000 diff=2.480000
[2026-08-17 05:11:23.396] [glim] [warning] large time difference between points and imu!!
[2026-08-17 05:11:23.396] [glim] [warning] points=198.600000 imu=201.090000 diff=2.490000
[2026-08-17 05:11:23.404] [glim] [warning] large time difference between points and imu!!
[2026-08-17 05:11:23.404] [glim] [warning] points=198.600000 imu=201.100000 diff=2.500000
[2026-08-17 05:11:23.415] [glim] [warning] large time difference between points and imu!!
[2026-08-17 05:11:23.415] [glim] [warning] points=198.600000 imu=201.110000 diff=2.510000
[2026-08-17 05:11:23.425] [glim] [warning] large time difference between points and imu!!
[2026-08-17 05:11:23.425] [glim] [warning] points=198.600000 imu=201.120000 diff=2.520000
[2026-08-17 05:11:23.434] [glim] [warning] large time difference between points and imu!!
[2026-08-17 05:11:23.434] [glim] [warning] points=198.600000 imu=201.130000 diff=2.530000
[2026-08-17 05:11:23.438] [glim] [warning] large time gap between consecutive LiDAR frames!!
[2026-08-17 05:11:23.438] [glim] [warning] current=201.100000 last=198.600000 diff=2.500000
[2026-08-17 05:11:23.693] [odom] [warning] neither frames[last]=0xea37446bae30 nor frames[last - 1]=0x0 is released!!
[2026-08-17 05:11:23.693] [odom] [warning] there might be a large time gap between point cloud frames
[2026-08-17 05:11:29.816] [glim] [warning] large time difference between points and imu!!
[2026-08-17 05:11:29.817] [glim] [warning] points=206.500000 imu=207.510000 diff=1.010000
[2026-08-17 05:11:29.825] [glim] [warning] large time difference between points and imu!!
[2026-08-17 05:11:29.825] [glim] [warning] points=206.500000 imu=207.520000 diff=1.020000
[2026-08-17 05:11:29.835] [glim] [warning] large time difference between points and imu!!
[2026-08-17 05:11:29.835] [glim] [warning] points=206.500000 imu=207.530000 diff=1.030000
[2026-08-17 05:11:29.844] [glim] [warning] large time difference between points and imu!!
[2026-08-17 05:11:29.844] [glim] [warning] points=206.500000 imu=207.540000 diff=1.040000
[2026-08-17 05:11:29.854] [glim] [warning] large time difference between points and imu!!
[2026-08-17 05:11:29.854] [glim] [warning] points=206.500000 imu=207.550000 diff=1.050000
[2026-08-17 05:11:29.864] [glim] [warning] large time difference between points and imu!!
[2026-08-17 05:11:29.864] [glim] [warning] points=206.500000 imu=207.560000 diff=1.060000
[2026-08-17 05:11:29.875] [glim] [warning] large time difference between points and imu!!
[2026-08-17 05:11:29.875] [glim] [warning] points=206.500000 imu=207.570000 diff=1.070000
[2026-08-17 05:11:29.884] [glim] [warning] large time difference between points and imu!!
[2026-08-17 05:11:29.884] [glim] [warning] points=206.500000 imu=207.580000 diff=1.080000
[2026-08-17 05:11:29.895] [glim] [warning] large time difference between points and imu!!
[2026-08-17 05:11:29.895] [glim] [warning] points=206.500000 imu=207.590000 diff=1.090000
[2026-08-17 05:11:29.904] [glim] [warning] large time difference between points and imu!!
[2026-08-17 05:11:29.904] [glim] [warning] points=206.500000 imu=207.600000 diff=1.100000
[2026-08-17 05:11:29.915] [glim] [warning] large time difference between points and imu!!
[2026-08-17 05:11:29.915] [glim] [warning] points=206.500000 imu=207.610000 diff=1.110000
[2026-08-17 05:11:29.926] [glim] [warning] large time difference between points and imu!!
[2026-08-17 05:11:29.926] [glim] [warning] points=206.500000 imu=207.620000 diff=1.120000
[2026-08-17 05:11:29.934] [glim] [warning] large time difference between points and imu!!
[2026-08-17 05:11:29.935] [glim] [warning] points=206.500000 imu=207.630000 diff=1.130000
[2026-08-17 05:11:29.937] [glim] [warning] large time gap between consecutive LiDAR frames!!
[2026-08-17 05:11:29.937] [glim] [warning] current=207.600000 last=206.500000 diff=1.100000
[2026-08-17 05:11:30.094] [odom] [warning] neither frames[last]=0xea3757466350 nor frames[last - 1]=0x0 is released!!
[2026-08-17 05:11:30.094] [odom] [warning] there might be a large time gap between point cloud frames
[2026-08-17 05:11:30.937] [glim] [warning] large time gap between consecutive LiDAR frames!!
[2026-08-17 05:11:30.937] [glim] [warning] current=208.600000 last=208.000000 diff=0.600000
[2026-08-17 05:11:31.838] [glim] [warning] large time gap between consecutive LiDAR frames!!
[2026-08-17 05:11:31.838] [glim] [warning] current=209.500000 last=208.700000 diff=0.800000
[2026-08-17 05:11:34.138] [glim] [warning] large time gap between consecutive LiDAR frames!!
[2026-08-17 05:11:34.138] [glim] [warning] current=211.800000 last=211.100000 diff=0.700000
[2026-08-17 05:11:36.027] [glim] [warning] large time gap between consecutive LiDAR frames!!
[2026-08-17 05:11:36.027] [glim] [warning] current=213.700000 last=213.100000 diff=0.600000
[2026-08-17 05:11:37.242] [glim] [warning] large time gap between consecutive LiDAR frames!!
[2026-08-17 05:11:37.242] [glim] [warning] current=214.900000 last=214.200000 diff=0.700000
[2026-08-17 05:11:38.736] [glim] [warning] large time gap between consecutive LiDAR frames!!
[2026-08-17 05:11:38.736] [glim] [warning] current=216.400000 last=215.800000 diff=0.600000
[2026-08-17 05:11:41.151] [glim] [warning] large time gap between consecutive LiDAR frames!!
[2026-08-17 05:11:41.151] [glim] [warning] current=218.800000 last=217.900000 diff=0.900000
[2026-08-17 05:11:41.308] [odom] [warning] neither frames[last]=0xea3746ce6600 nor frames[last - 1]=0x0 is released!!
[2026-08-17 05:11:41.308] [odom] [warning] there might be a large time gap between point cloud frames
[2026-08-17 05:11:56.624] [glim] [warning] large time gap between consecutive LiDAR frames!!
[2026-08-17 05:11:56.625] [glim] [warning] current=234.200000 last=233.500000 diff=0.700000
[2026-08-17 05:11:58.020] [glim] [warning] large time gap between consecutive LiDAR frames!!
[2026-08-17 05:11:58.020] [glim] [warning] current=235.600000 last=234.800000 diff=0.800000
[2026-08-17 05:12:15.116] [glim] [warning] large time gap between consecutive LiDAR frames!!
[2026-08-17 05:12:15.116] [glim] [warning] current=252.600000 last=252.000000 diff=0.600000
[2026-08-17 05:12:15.919] [glim] [warning] large time gap between consecutive LiDAR frames!!
[2026-08-17 05:12:15.919] [glim] [warning] current=253.400000 last=252.800000 diff=0.600000
[2026-08-17 05:12:23.027] [glim] [warning] large time gap between consecutive LiDAR frames!!
[2026-08-17 05:12:23.027] [glim] [warning] current=260.500000 last=259.900000 diff=0.600000
[2026-08-17 05:12:29.438] [glim] [warning] large time gap between consecutive LiDAR frames!!
[2026-08-17 05:12:29.438] [glim] [warning] current=266.900000 last=266.000000 diff=0.900000
[2026-08-17 05:12:30.625] [glim] [warning] large time gap between consecutive LiDAR frames!!
[2026-08-17 05:12:30.625] [glim] [warning] current=268.100000 last=267.500000 diff=0.600000
[2026-08-17 05:12:33.019] [glim] [warning] large time difference between points and imu!!
[2026-08-17 05:12:33.019] [glim] [warning] points=269.500000 imu=270.510000 diff=1.010000
[2026-08-17 05:12:33.025] [glim] [warning] large time difference between points and imu!!
[2026-08-17 05:12:33.025] [glim] [warning] points=269.500000 imu=270.520000 diff=1.020000
[2026-08-17 05:12:33.035] [glim] [warning] large time difference between points and imu!!
[2026-08-17 05:12:33.035] [glim] [warning] points=269.500000 imu=270.530000 diff=1.030000
[2026-08-17 05:12:33.036] [glim] [warning] large time gap between consecutive LiDAR frames!!
[2026-08-17 05:12:33.036] [glim] [warning] current=270.500000 last=269.500000 diff=1.000000
[2026-08-17 05:12:33.203] [odom] [warning] neither frames[last]=0xea375619eb00 nor frames[last - 1]=0x0 is released!!
[2026-08-17 05:12:33.203] [odom] [warning] there might be a large time gap between point cloud frames
[2026-08-17 05:12:33.736] [glim] [warning] large time gap between consecutive LiDAR frames!!
[2026-08-17 05:12:33.736] [glim] [warning] current=271.200000 last=270.600000 diff=0.600000
[2026-08-17 05:12:34.336] [glim] [warning] large time gap between consecutive LiDAR frames!!
[2026-08-17 05:12:34.336] [glim] [warning] current=271.800000 last=271.200000 diff=0.600000
[2026-08-17 05:12:42.134] [glim] [warning] large time gap between consecutive LiDAR frames!!
[2026-08-17 05:12:42.135] [glim] [warning] current=279.600000 last=278.900000 diff=0.700000
[2026-08-17 05:12:54.837] [glim] [warning] large time gap between consecutive LiDAR frames!!
[2026-08-17 05:12:54.837] [glim] [warning] current=292.300000 last=291.600000 diff=0.700000
[2026-08-17 05:12:56.940] [glim] [warning] large time gap between consecutive LiDAR frames!!
[2026-08-17 05:12:56.940] [glim] [warning] current=294.400000 last=293.800000 diff=0.600000
[2026-08-17 05:13:00.342] [glim] [warning] large time gap between consecutive LiDAR frames!!
[2026-08-17 05:13:00.342] [glim] [warning] current=297.800000 last=297.100000 diff=0.700000
[2026-08-17 05:13:03.754] [glim] [warning] large time gap between consecutive LiDAR frames!!
[2026-08-17 05:13:03.754] [glim] [warning] current=301.200000 last=300.600000 diff=0.600000
[2026-08-17 05:13:06.637] [glim] [warning] large time difference between points and imu!!
[2026-08-17 05:13:06.637] [glim] [warning] points=303.100000 imu=304.110000 diff=1.010000
[2026-08-17 05:13:06.650] [glim] [warning] large time difference between points and imu!!
[2026-08-17 05:13:06.650] [glim] [warning] points=303.100000 imu=304.120000 diff=1.020000
[2026-08-17 05:13:06.670] [glim] [warning] large time difference between points and imu!!
[2026-08-17 05:13:06.670] [glim] [warning] points=303.100000 imu=304.140000 diff=1.040000
[2026-08-17 05:13:06.680] [glim] [warning] large time difference between points and imu!!
[2026-08-17 05:13:06.680] [glim] [warning] points=303.100000 imu=304.150000 diff=1.050000
[2026-08-17 05:13:06.689] [glim] [warning] large time difference between points and imu!!
[2026-08-17 05:13:06.689] [glim] [warning] points=303.100000 imu=304.160000 diff=1.060000
[2026-08-17 05:13:06.699] [glim] [warning] large time difference between points and imu!!
[2026-08-17 05:13:06.699] [glim] [warning] points=303.100000 imu=304.170000 diff=1.070000
[2026-08-17 05:13:06.713] [glim] [warning] large time difference between points and imu!!
[2026-08-17 05:13:06.713] [glim] [warning] points=303.100000 imu=304.180000 diff=1.080000
[2026-08-17 05:13:06.722] [glim] [warning] large time difference between points and imu!!
[2026-08-17 05:13:06.722] [glim] [warning] points=303.100000 imu=304.190000 diff=1.090000
[2026-08-17 05:13:06.729] [glim] [warning] large time difference between points and imu!!
[2026-08-17 05:13:06.729] [glim] [warning] points=303.100000 imu=304.200000 diff=1.100000
[2026-08-17 05:13:06.739] [glim] [warning] large time difference between points and imu!!
[2026-08-17 05:13:06.739] [glim] [warning] points=303.100000 imu=304.210000 diff=1.110000
[2026-08-17 05:13:06.750] [glim] [warning] large time difference between points and imu!!
[2026-08-17 05:13:06.750] [glim] [warning] points=303.100000 imu=304.220000 diff=1.120000
[2026-08-17 05:13:06.752] [glim] [warning] large time gap between consecutive LiDAR frames!!
[2026-08-17 05:13:06.752] [glim] [warning] current=304.200000 last=303.100000 diff=1.100000
[2026-08-17 05:13:07.336] [odom] [warning] neither frames[last]=0xea36f40e38b0 nor frames[last - 1]=0x0 is released!!
[2026-08-17 05:13:07.336] [odom] [warning] there might be a large time gap between point cloud frames
[2026-08-17 05:13:10.869] [glim] [warning] large time gap between consecutive LiDAR frames!!
[2026-08-17 05:13:10.869] [glim] [warning] current=308.300000 last=307.600000 diff=0.700000
[2026-08-17 05:13:15.180] [glim] [warning] large time gap between consecutive LiDAR frames!!
[2026-08-17 05:13:15.180] [glim] [warning] current=312.600000 last=312.000000 diff=0.600000
[2026-08-17 05:13:17.277] [glim] [warning] large time gap between consecutive LiDAR frames!!
[2026-08-17 05:13:17.277] [glim] [warning] current=314.700000 last=314.100000 diff=0.600000
[2026-08-17 05:13:18.267] [glim] [warning] large time difference between points and imu!!
[2026-08-17 05:13:18.267] [glim] [warning] points=314.700000 imu=315.710000 diff=1.010000
[2026-08-17 05:13:18.276] [glim] [warning] large time difference between points and imu!!
[2026-08-17 05:13:18.276] [glim] [warning] points=314.700000 imu=315.720000 diff=1.020000
[2026-08-17 05:13:18.286] [glim] [warning] large time difference between points and imu!!
[2026-08-17 05:13:18.286] [glim] [warning] points=314.700000 imu=315.730000 diff=1.030000
[2026-08-17 05:13:18.297] [glim] [warning] large time difference between points and imu!!
[2026-08-17 05:13:18.297] [glim] [warning] points=314.700000 imu=315.740000 diff=1.040000
[2026-08-17 05:13:18.306] [glim] [warning] large time difference between points and imu!!
[2026-08-17 05:13:18.306] [glim] [warning] points=314.700000 imu=315.750000 diff=1.050000
[2026-08-17 05:13:18.316] [glim] [warning] large time difference between points and imu!!
[2026-08-17 05:13:18.316] [glim] [warning] points=314.700000 imu=315.760000 diff=1.060000
[2026-08-17 05:13:18.326] [glim] [warning] large time difference between points and imu!!
[2026-08-17 05:13:18.326] [glim] [warning] points=314.700000 imu=315.770000 diff=1.070000
[2026-08-17 05:13:18.337] [glim] [warning] large time difference between points and imu!!
[2026-08-17 05:13:18.337] [glim] [warning] points=314.700000 imu=315.780000 diff=1.080000
[2026-08-17 05:13:18.347] [glim] [warning] large time difference between points and imu!!
[2026-08-17 05:13:18.347] [glim] [warning] points=314.700000 imu=315.790000 diff=1.090000
[2026-08-17 05:13:18.357] [glim] [warning] large time difference between points and imu!!
[2026-08-17 05:13:18.357] [glim] [warning] points=314.700000 imu=315.800000 diff=1.100000
[2026-08-17 05:13:18.367] [glim] [warning] large time difference between points and imu!!
[2026-08-17 05:13:18.367] [glim] [warning] points=314.700000 imu=315.810000 diff=1.110000
[2026-08-17 05:13:18.377] [glim] [warning] large time difference between points and imu!!
[2026-08-17 05:13:18.377] [glim] [warning] points=314.700000 imu=315.820000 diff=1.120000
[2026-08-17 05:13:18.387] [glim] [warning] large time difference between points and imu!!
[2026-08-17 05:13:18.387] [glim] [warning] points=314.700000 imu=315.830000 diff=1.130000
[2026-08-17 05:13:18.391] [glim] [warning] large time gap between consecutive LiDAR frames!!
[2026-08-17 05:13:18.391] [glim] [warning] current=315.800000 last=314.700000 diff=1.100000
[2026-08-17 05:13:18.546] [odom] [warning] neither frames[last]=0xea36f5204d80 nor frames[last - 1]=0x0 is released!!
[2026-08-17 05:13:18.546] [odom] [warning] there might be a large time gap between point cloud frames
[2026-08-17 05:13:22.618] [glim] [warning] large time gap between consecutive LiDAR frames!!
[2026-08-17 05:13:22.618] [glim] [warning] current=320.000000 last=319.200000 diff=0.800000
[2026-08-17 05:13:24.622] [glim] [warning] large time gap between consecutive LiDAR frames!!
[2026-08-17 05:13:24.622] [glim] [warning] current=322.000000 last=321.400000 diff=0.600000
[2026-08-17 05:13:31.270] [glim] [warning] large time gap between consecutive LiDAR frames!!
[2026-08-17 05:13:31.270] [glim] [warning] current=328.600000 last=328.000000 diff=0.600000
[2026-08-17 05:13:35.412] [glim] [warning] large time gap between consecutive LiDAR frames!!
[2026-08-17 05:13:35.413] [glim] [warning] current=332.700000 last=332.000000 diff=0.700000
[2026-08-17 05:13:41.616] [glim] [warning] large time gap between consecutive LiDAR frames!!
[2026-08-17 05:13:41.616] [glim] [warning] current=338.900000 last=338.100000 diff=0.800000
[2026-08-17 05:13:46.517] [glim] [warning] large time gap between consecutive LiDAR frames!!
[2026-08-17 05:13:46.517] [glim] [warning] current=343.800000 last=343.200000 diff=0.600000
[2026-08-17 05:13:50.120] [glim] [warning] large time gap between consecutive LiDAR frames!!
[2026-08-17 05:13:50.120] [glim] [warning] current=347.400000 last=346.800000 diff=0.600000
[2026-08-17 05:13:50.920] [glim] [warning] large time gap between consecutive LiDAR frames!!
[2026-08-17 05:13:50.920] [glim] [warning] current=348.200000 last=347.400000 diff=0.800000
[2026-08-17 05:13:53.322] [glim] [warning] large time gap between consecutive LiDAR frames!!
[2026-08-17 05:13:53.322] [glim] [warning] current=350.600000 last=349.800000 diff=0.800000
[2026-08-17 05:13:54.024] [glim] [warning] large time gap between consecutive LiDAR frames!!
[2026-08-17 05:13:54.024] [glim] [warning] current=351.300000 last=350.600000 diff=0.700000
[2026-08-17 05:13:57.528] [glim] [warning] large time gap between consecutive LiDAR frames!!
[2026-08-17 05:13:57.529] [glim] [warning] current=354.800000 last=354.100000 diff=0.700000
[2026-08-17 05:13:59.903] [glim] [warning] large time difference between points and imu!!
[2026-08-17 05:13:59.903] [glim] [warning] points=356.200000 imu=357.210000 diff=1.010000
[2026-08-17 05:13:59.914] [glim] [warning] large time difference between points and imu!!
[2026-08-17 05:13:59.914] [glim] [warning] points=356.200000 imu=357.220000 diff=1.020000
[2026-08-17 05:13:59.923] [glim] [warning] large time difference between points and imu!!
[2026-08-17 05:13:59.923] [glim] [warning] points=356.200000 imu=357.230000 diff=1.030000
[2026-08-17 05:13:59.932] [glim] [warning] large time difference between points and imu!!
[2026-08-17 05:13:59.932] [glim] [warning] points=356.200000 imu=357.240000 diff=1.040000
[2026-08-17 05:13:59.942] [glim] [warning] large time difference between points and imu!!
[2026-08-17 05:13:59.942] [glim] [warning] points=356.200000 imu=357.250000 diff=1.050000
[2026-08-17 05:13:59.952] [glim] [warning] large time difference between points and imu!!
[2026-08-17 05:13:59.952] [glim] [warning] points=356.200000 imu=357.260000 diff=1.060000
[2026-08-17 05:13:59.963] [glim] [warning] large time difference between points and imu!!
[2026-08-17 05:13:59.963] [glim] [warning] points=356.200000 imu=357.270000 diff=1.070000
[2026-08-17 05:13:59.976] [glim] [warning] large time difference between points and imu!!
[2026-08-17 05:13:59.976] [glim] [warning] points=356.200000 imu=357.280000 diff=1.080000
[2026-08-17 05:13:59.982] [glim] [warning] large time difference between points and imu!!
[2026-08-17 05:13:59.982] [glim] [warning] points=356.200000 imu=357.290000 diff=1.090000
[2026-08-17 05:13:59.993] [glim] [warning] large time difference between points and imu!!
[2026-08-17 05:13:59.993] [glim] [warning] points=356.200000 imu=357.300000 diff=1.100000
[2026-08-17 05:14:00.003] [glim] [warning] large time difference between points and imu!!
[2026-08-17 05:14:00.003] [glim] [warning] points=356.200000 imu=357.310000 diff=1.110000
[2026-08-17 05:14:00.013] [glim] [warning] large time difference between points and imu!!
[2026-08-17 05:14:00.013] [glim] [warning] points=356.200000 imu=357.320000 diff=1.120000
[2026-08-17 05:14:00.023] [glim] [warning] large time gap between consecutive LiDAR frames!!
[2026-08-17 05:14:00.023] [glim] [warning] current=357.300000 last=356.200000 diff=1.100000
[2026-08-17 05:14:00.377] [odom] [warning] neither frames[last]=0xea3737b8c610 nor frames[last - 1]=0x0 is released!!
[2026-08-17 05:14:00.377] [odom] [warning] there might be a large time gap between point cloud frames
[2026-08-17 05:14:07.820] [glim] [warning] large time gap between consecutive LiDAR frames!!
[2026-08-17 05:14:07.820] [glim] [warning] current=365.100000 last=364.500000 diff=0.600000
[2026-08-17 05:14:09.720] [glim] [warning] large time gap between consecutive LiDAR frames!!
[2026-08-17 05:14:09.720] [glim] [warning] current=367.000000 last=366.400000 diff=0.600000
[2026-08-17 05:14:12.013] [glim] [warning] large time gap between consecutive LiDAR frames!!
[2026-08-17 05:14:12.013] [glim] [warning] current=369.300000 last=368.700000 diff=0.600000
[2026-08-17 05:14:13.423] [glim] [warning] large time gap between consecutive LiDAR frames!!
[2026-08-17 05:14:13.423] [glim] [warning] current=370.700000 last=370.100000 diff=0.600000
[2026-08-17 05:14:15.823] [glim] [warning] large time gap between consecutive LiDAR frames!!
[2026-08-17 05:14:15.823] [glim] [warning] current=373.100000 last=372.500000 diff=0.600000
[2026-08-17 05:14:18.523] [glim] [warning] large time gap between consecutive LiDAR frames!!
[2026-08-17 05:14:18.523] [glim] [warning] current=375.800000 last=375.200000 diff=0.600000
[2026-08-17 05:14:23.535] [glim] [warning] large time gap between consecutive LiDAR frames!!
[2026-08-17 05:14:23.535] [glim] [warning] current=380.800000 last=379.900000 diff=0.900000
[2026-08-17 05:14:23.698] [odom] [warning] neither frames[last]=0xea378e66f7b0 nor frames[last - 1]=0x0 is released!!
[2026-08-17 05:14:23.698] [odom] [warning] there might be a large time gap between point cloud frames
[2026-08-17 05:14:24.236] [glim] [warning] large time gap between consecutive LiDAR frames!!
[2026-08-17 05:14:24.236] [glim] [warning] current=381.500000 last=380.900000 diff=0.600000
[2026-08-17 05:14:31.020] [glim] [warning] large time difference between points and imu!!
[2026-08-17 05:14:31.020] [glim] [warning] points=387.300000 imu=388.310000 diff=1.010000
[2026-08-17 05:14:31.031] [glim] [warning] large time difference between points and imu!!
[2026-08-17 05:14:31.031] [glim] [warning] points=387.300000 imu=388.320000 diff=1.020000
[2026-08-17 05:14:31.041] [glim] [warning] large time difference between points and imu!!
[2026-08-17 05:14:31.041] [glim] [warning] points=387.300000 imu=388.330000 diff=1.030000
[2026-08-17 05:14:31.044] [glim] [warning] large time gap between consecutive LiDAR frames!!
[2026-08-17 05:14:31.044] [glim] [warning] current=388.300000 last=387.300000 diff=1.000000
[2026-08-17 05:14:31.202] [odom] [warning] neither frames[last]=0xea3755975a70 nor frames[last - 1]=0x0 is released!!
[2026-08-17 05:14:31.202] [odom] [warning] there might be a large time gap between point cloud frames
[WARN] [1786911280.410079516] [transform_listener_impl_c56829b79ac0]: New publisher discovered on topic '/tf_static', offering incompatible QoS. No messages will be sent to it. Last incompatible policy: DURABILITY_QOS_POLICY
[2026-08-17 05:14:41.004] [glim] [warning] large time gap between consecutive LiDAR frames!!
[2026-08-17 05:14:41.004] [glim] [warning] current=389.000000 last=388.400000 diff=0.600000
[2026-08-17 05:14:42.114] [glim] [warning] large time gap between consecutive LiDAR frames!!
[2026-08-17 05:14:42.114] [glim] [warning] current=390.100000 last=389.500000 diff=0.600000
[2026-08-17 05:14:43.903] [glim] [warning] large time gap between consecutive LiDAR frames!!
[2026-08-17 05:14:43.903] [glim] [warning] current=391.900000 last=391.300000 diff=0.600000
[2026-08-17 05:14:54.835] [glim] [warning] large time gap between consecutive LiDAR frames!!
[2026-08-17 05:14:54.835] [glim] [warning] current=402.800000 last=402.200000 diff=0.600000
[2026-08-17 05:14:59.862] [glim] [warning] large time gap between consecutive LiDAR frames!!
[2026-08-17 05:14:59.862] [glim] [warning] current=407.800000 last=406.900000 diff=0.900000
[2026-08-17 05:15:00.122] [odom] [warning] neither frames[last]=0xea37578cfbf0 nor frames[last - 1]=0x0 is released!!
[2026-08-17 05:15:00.122] [odom] [warning] there might be a large time gap between point cloud frames
[2026-08-17 05:15:01.071] [glim] [warning] large time gap between consecutive LiDAR frames!!
[2026-08-17 05:15:01.072] [glim] [warning] current=409.000000 last=408.400000 diff=0.600000
[2026-08-17 05:15:03.067] [glim] [warning] large time gap between consecutive LiDAR frames!!
[2026-08-17 05:15:03.067] [glim] [warning] current=411.000000 last=410.200000 diff=0.800000
[2026-08-17 05:15:05.270] [glim] [warning] large time gap between consecutive LiDAR frames!!
[2026-08-17 05:15:05.270] [glim] [warning] current=413.200000 last=412.600000 diff=0.600000
[2026-08-17 05:15:06.376] [glim] [warning] large time gap between consecutive LiDAR frames!!
[2026-08-17 05:15:06.376] [glim] [warning] current=414.300000 last=413.700000 diff=0.600000
[2026-08-17 05:15:10.598] [glim] [warning] large time gap between consecutive LiDAR frames!!
[2026-08-17 05:15:10.599] [glim] [warning] current=418.500000 last=417.900000 diff=0.600000
[2026-08-17 05:15:13.703] [glim] [warning] large time gap between consecutive LiDAR frames!!
[2026-08-17 05:15:13.703] [glim] [warning] current=421.600000 last=421.000000 diff=0.600000
[2026-08-17 05:15:17.200] [glim] [warning] large time gap between consecutive LiDAR frames!!
[2026-08-17 05:15:17.200] [glim] [warning] current=425.100000 last=424.300000 diff=0.800000
[2026-08-17 05:15:23.899] [glim] [warning] large time gap between consecutive LiDAR frames!!
[2026-08-17 05:15:23.899] [glim] [warning] current=431.800000 last=431.000000 diff=0.800000
[2026-08-17 05:15:30.203] [glim] [warning] large time gap between consecutive LiDAR frames!!
[2026-08-17 05:15:30.204] [glim] [warning] current=438.100000 last=437.400000 diff=0.700000
[2026-08-17 05:15:31.284] [glim] [warning] large time difference between points and imu!!
[2026-08-17 05:15:31.284] [glim] [warning] points=438.200000 imu=439.210000 diff=1.010000
[2026-08-17 05:15:31.294] [glim] [warning] large time difference between points and imu!!
[2026-08-17 05:15:31.294] [glim] [warning] points=438.200000 imu=439.220000 diff=1.020000
[2026-08-17 05:15:31.304] [glim] [warning] large time difference between points and imu!!
[2026-08-17 05:15:31.304] [glim] [warning] points=438.200000 imu=439.230000 diff=1.030000
[2026-08-17 05:15:31.314] [glim] [warning] large time difference between points and imu!!
[2026-08-17 05:15:31.314] [glim] [warning] points=438.200000 imu=439.240000 diff=1.040000
[2026-08-17 05:15:31.325] [glim] [warning] large time difference between points and imu!!
[2026-08-17 05:15:31.325] [glim] [warning] points=438.200000 imu=439.250000 diff=1.050000
[2026-08-17 05:15:31.334] [glim] [warning] large time difference between points and imu!!
[2026-08-17 05:15:31.334] [glim] [warning] points=438.200000 imu=439.260000 diff=1.060000
[2026-08-17 05:15:31.346] [glim] [warning] large time difference between points and imu!!
[2026-08-17 05:15:31.346] [glim] [warning] points=438.200000 imu=439.270000 diff=1.070000
[2026-08-17 05:15:31.354] [glim] [warning] large time difference between points and imu!!
[2026-08-17 05:15:31.354] [glim] [warning] points=438.200000 imu=439.280000 diff=1.080000
[2026-08-17 05:15:31.364] [glim] [warning] large time difference between points and imu!!
[2026-08-17 05:15:31.364] [glim] [warning] points=438.200000 imu=439.290000 diff=1.090000
[2026-08-17 05:15:31.378] [glim] [warning] large time difference between points and imu!!
[2026-08-17 05:15:31.378] [glim] [warning] points=438.200000 imu=439.300000 diff=1.100000
[2026-08-17 05:15:31.384] [glim] [warning] large time difference between points and imu!!
[2026-08-17 05:15:31.384] [glim] [warning] points=438.200000 imu=439.310000 diff=1.110000
[2026-08-17 05:15:31.395] [glim] [warning] large time difference between points and imu!!
[2026-08-17 05:15:31.395] [glim] [warning] points=438.200000 imu=439.320000 diff=1.120000
[2026-08-17 05:15:31.405] [glim] [warning] large time gap between consecutive LiDAR frames!!
[2026-08-17 05:15:31.405] [glim] [warning] current=439.300000 last=438.200000 diff=1.100000
[2026-08-17 05:15:32.104] [glim] [warning] large time gap between consecutive LiDAR frames!!
[2026-08-17 05:15:32.104] [glim] [warning] current=440.000000 last=439.300000 diff=0.700000
[2026-08-17 05:15:32.171] [odom] [warning] neither frames[last]=0xea3747e68ce0 nor frames[last - 1]=0x0 is released!!
[2026-08-17 05:15:32.171] [odom] [warning] there might be a large time gap between point cloud frames
[2026-08-17 05:15:33.584] [glim] [warning] large time difference between points and imu!!
[2026-08-17 05:15:33.584] [glim] [warning] points=440.500000 imu=441.510000 diff=1.010000
[2026-08-17 05:15:33.596] [glim] [warning] large time difference between points and imu!!
[2026-08-17 05:15:33.596] [glim] [warning] points=440.500000 imu=441.520000 diff=1.020000
[2026-08-17 05:15:33.604] [glim] [warning] large time difference between points and imu!!
[2026-08-17 05:15:33.604] [glim] [warning] points=440.500000 imu=441.530000 diff=1.030000
[2026-08-17 05:15:33.614] [glim] [warning] large time difference between points and imu!!
[2026-08-17 05:15:33.614] [glim] [warning] points=440.500000 imu=441.540000 diff=1.040000
[2026-08-17 05:15:33.624] [glim] [warning] large time difference between points and imu!!
[2026-08-17 05:15:33.624] [glim] [warning] points=440.500000 imu=441.550000 diff=1.050000
[2026-08-17 05:15:33.635] [glim] [warning] large time difference between points and imu!!
[2026-08-17 05:15:33.635] [glim] [warning] points=440.500000 imu=441.560000 diff=1.060000
[2026-08-17 05:15:33.644] [glim] [warning] large time difference between points and imu!!
[2026-08-17 05:15:33.644] [glim] [warning] points=440.500000 imu=441.570000 diff=1.070000
[2026-08-17 05:15:33.654] [glim] [warning] large time difference between points and imu!!
[2026-08-17 05:15:33.654] [glim] [warning] points=440.500000 imu=441.580000 diff=1.080000
[2026-08-17 05:15:33.668] [glim] [warning] large time difference between points and imu!!
[2026-08-17 05:15:33.668] [glim] [warning] points=440.500000 imu=441.590000 diff=1.090000
[2026-08-17 05:15:33.674] [glim] [warning] large time difference between points and imu!!
[2026-08-17 05:15:33.674] [glim] [warning] points=440.500000 imu=441.600000 diff=1.100000
[2026-08-17 05:15:33.689] [glim] [warning] large time difference between points and imu!!
[2026-08-17 05:15:33.689] [glim] [warning] points=440.500000 imu=441.610000 diff=1.110000
[2026-08-17 05:15:33.696] [glim] [warning] large time difference between points and imu!!
[2026-08-17 05:15:33.696] [glim] [warning] points=440.500000 imu=441.620000 diff=1.120000
[2026-08-17 05:15:33.704] [glim] [warning] large time difference between points and imu!!
[2026-08-17 05:15:33.704] [glim] [warning] points=440.500000 imu=441.630000 diff=1.130000
[2026-08-17 05:15:33.716] [glim] [warning] large time difference between points and imu!!
[2026-08-17 05:15:33.716] [glim] [warning] points=440.500000 imu=441.640000 diff=1.140000
[2026-08-17 05:15:33.726] [glim] [warning] large time difference between points and imu!!
[2026-08-17 05:15:33.726] [glim] [warning] points=440.500000 imu=441.650000 diff=1.150000
[2026-08-17 05:15:33.735] [glim] [warning] large time difference between points and imu!!
[2026-08-17 05:15:33.735] [glim] [warning] points=440.500000 imu=441.660000 diff=1.160000
[2026-08-17 05:15:33.747] [glim] [warning] large time difference between points and imu!!
[2026-08-17 05:15:33.747] [glim] [warning] points=440.500000 imu=441.670000 diff=1.170000
[2026-08-17 05:15:33.754] [glim] [warning] large time difference between points and imu!!
[2026-08-17 05:15:33.754] [glim] [warning] points=440.500000 imu=441.680000 diff=1.180000
[2026-08-17 05:15:33.764] [glim] [warning] large time difference between points and imu!!
[2026-08-17 05:15:33.764] [glim] [warning] points=440.500000 imu=441.690000 diff=1.190000
[2026-08-17 05:15:33.774] [glim] [warning] large time difference between points and imu!!
[2026-08-17 05:15:33.774] [glim] [warning] points=440.500000 imu=441.700000 diff=1.200000
[2026-08-17 05:15:33.784] [glim] [warning] large time difference between points and imu!!
[2026-08-17 05:15:33.784] [glim] [warning] points=440.500000 imu=441.710000 diff=1.210000
[2026-08-17 05:15:33.794] [glim] [warning] large time difference between points and imu!!
[2026-08-17 05:15:33.794] [glim] [warning] points=440.500000 imu=441.720000 diff=1.220000
[2026-08-17 05:15:33.804] [glim] [warning] large time difference between points and imu!!
[2026-08-17 05:15:33.804] [glim] [warning] points=440.500000 imu=441.730000 diff=1.230000
[2026-08-17 05:15:33.814] [glim] [warning] large time difference between points and imu!!
[2026-08-17 05:15:33.814] [glim] [warning] points=440.500000 imu=441.740000 diff=1.240000
[2026-08-17 05:15:33.824] [glim] [warning] large time difference between points and imu!!
[2026-08-17 05:15:33.824] [glim] [warning] points=440.500000 imu=441.750000 diff=1.250000
[2026-08-17 05:15:33.836] [glim] [warning] large time difference between points and imu!!
[2026-08-17 05:15:33.836] [glim] [warning] points=440.500000 imu=441.760000 diff=1.260000
[2026-08-17 05:15:33.844] [glim] [warning] large time difference between points and imu!!
[2026-08-17 05:15:33.844] [glim] [warning] points=440.500000 imu=441.770000 diff=1.270000
[2026-08-17 05:15:33.854] [glim] [warning] large time difference between points and imu!!
[2026-08-17 05:15:33.854] [glim] [warning] points=440.500000 imu=441.780000 diff=1.280000
[2026-08-17 05:15:33.864] [glim] [warning] large time difference between points and imu!!
[2026-08-17 05:15:33.864] [glim] [warning] points=440.500000 imu=441.790000 diff=1.290000
[2026-08-17 05:15:33.875] [glim] [warning] large time difference between points and imu!!
[2026-08-17 05:15:33.875] [glim] [warning] points=440.500000 imu=441.800000 diff=1.300000
[2026-08-17 05:15:33.887] [glim] [warning] large time difference between points and imu!!
[2026-08-17 05:15:33.887] [glim] [warning] points=440.500000 imu=441.810000 diff=1.310000
[2026-08-17 05:15:33.895] [glim] [warning] large time difference between points and imu!!
[2026-08-17 05:15:33.895] [glim] [warning] points=440.500000 imu=441.820000 diff=1.320000
[2026-08-17 05:15:33.904] [glim] [warning] large time difference between points and imu!!
[2026-08-17 05:15:33.904] [glim] [warning] points=440.500000 imu=441.830000 diff=1.330000
[2026-08-17 05:15:33.914] [glim] [warning] large time difference between points and imu!!
[2026-08-17 05:15:33.914] [glim] [warning] points=440.500000 imu=441.840000 diff=1.340000
[2026-08-17 05:15:33.924] [glim] [warning] large time difference between points and imu!!
[2026-08-17 05:15:33.924] [glim] [warning] points=440.500000 imu=441.850000 diff=1.350000
[2026-08-17 05:15:33.934] [glim] [warning] large time difference between points and imu!!
[2026-08-17 05:15:33.934] [glim] [warning] points=440.500000 imu=441.860000 diff=1.360000
[2026-08-17 05:15:33.944] [glim] [warning] large time difference between points and imu!!
[2026-08-17 05:15:33.944] [glim] [warning] points=440.500000 imu=441.870000 diff=1.370000
[2026-08-17 05:15:33.954] [glim] [warning] large time difference between points and imu!!
[2026-08-17 05:15:33.954] [glim] [warning] points=440.500000 imu=441.880000 diff=1.380000
[2026-08-17 05:15:33.964] [glim] [warning] large time difference between points and imu!!
[2026-08-17 05:15:33.964] [glim] [warning] points=440.500000 imu=441.890000 diff=1.390000
[2026-08-17 05:15:33.974] [glim] [warning] large time difference between points and imu!!
[2026-08-17 05:15:33.974] [glim] [warning] points=440.500000 imu=441.900000 diff=1.400000
[2026-08-17 05:15:33.984] [glim] [warning] large time difference between points and imu!!
[2026-08-17 05:15:33.984] [glim] [warning] points=440.500000 imu=441.910000 diff=1.410000
[2026-08-17 05:15:33.994] [glim] [warning] large time difference between points and imu!!
[2026-08-17 05:15:33.994] [glim] [warning] points=440.500000 imu=441.920000 diff=1.420000
[2026-08-17 05:15:34.004] [glim] [warning] large time difference between points and imu!!
[2026-08-17 05:15:34.004] [glim] [warning] points=440.500000 imu=441.930000 diff=1.430000
[2026-08-17 05:15:34.018] [glim] [warning] large time difference between points and imu!!
[2026-08-17 05:15:34.018] [glim] [warning] points=440.500000 imu=441.940000 diff=1.440000
[2026-08-17 05:15:34.024] [glim] [warning] large time difference between points and imu!!
[2026-08-17 05:15:34.024] [glim] [warning] points=440.500000 imu=441.950000 diff=1.450000
[2026-08-17 05:15:34.034] [glim] [warning] large time difference between points and imu!!
[2026-08-17 05:15:34.034] [glim] [warning] points=440.500000 imu=441.960000 diff=1.460000
[2026-08-17 05:15:34.044] [glim] [warning] large time difference between points and imu!!
[2026-08-17 05:15:34.044] [glim] [warning] points=440.500000 imu=441.970000 diff=1.470000
[2026-08-17 05:15:34.054] [glim] [warning] large time difference between points and imu!!
[2026-08-17 05:15:34.054] [glim] [warning] points=440.500000 imu=441.980000 diff=1.480000
[2026-08-17 05:15:34.064] [glim] [warning] large time difference between points and imu!!
[2026-08-17 05:15:34.064] [glim] [warning] points=440.500000 imu=441.990000 diff=1.490000
[2026-08-17 05:15:34.074] [glim] [warning] large time difference between points and imu!!
[2026-08-17 05:15:34.074] [glim] [warning] points=440.500000 imu=442.000000 diff=1.500000
[2026-08-17 05:15:34.084] [glim] [warning] large time difference between points and imu!!
[2026-08-17 05:15:34.084] [glim] [warning] points=440.500000 imu=442.010000 diff=1.510000
[2026-08-17 05:15:34.094] [glim] [warning] large time difference between points and imu!!
[2026-08-17 05:15:34.094] [glim] [warning] points=440.500000 imu=442.020000 diff=1.520000
[2026-08-17 05:15:34.104] [glim] [warning] large time difference between points and imu!!
[2026-08-17 05:15:34.104] [glim] [warning] points=440.500000 imu=442.030000 diff=1.530000
[2026-08-17 05:15:34.114] [glim] [warning] large time difference between points and imu!!
[2026-08-17 05:15:34.114] [glim] [warning] points=440.500000 imu=442.040000 diff=1.540000
[2026-08-17 05:15:34.124] [glim] [warning] large time difference between points and imu!!
[2026-08-17 05:15:34.124] [glim] [warning] points=440.500000 imu=442.050000 diff=1.550000
[2026-08-17 05:15:34.134] [glim] [warning] large time difference between points and imu!!
[2026-08-17 05:15:34.134] [glim] [warning] points=440.500000 imu=442.060000 diff=1.560000
[2026-08-17 05:15:34.144] [glim] [warning] large time difference between points and imu!!
[2026-08-17 05:15:34.144] [glim] [warning] points=440.500000 imu=442.070000 diff=1.570000
[2026-08-17 05:15:34.154] [glim] [warning] large time difference between points and imu!!
[2026-08-17 05:15:34.154] [glim] [warning] points=440.500000 imu=442.080000 diff=1.580000
[2026-08-17 05:15:34.164] [glim] [warning] large time difference between points and imu!!
[2026-08-17 05:15:34.164] [glim] [warning] points=440.500000 imu=442.090000 diff=1.590000
[2026-08-17 05:15:34.174] [glim] [warning] large time difference between points and imu!!
[2026-08-17 05:15:34.174] [glim] [warning] points=440.500000 imu=442.100000 diff=1.600000
[2026-08-17 05:15:34.185] [glim] [warning] large time difference between points and imu!!
[2026-08-17 05:15:34.185] [glim] [warning] points=440.500000 imu=442.110000 diff=1.610000
[2026-08-17 05:15:34.194] [glim] [warning] large time difference between points and imu!!
[2026-08-17 05:15:34.194] [glim] [warning] points=440.500000 imu=442.120000 diff=1.620000
[2026-08-17 05:15:34.204] [glim] [warning] large time difference between points and imu!!
[2026-08-17 05:15:34.204] [glim] [warning] points=440.500000 imu=442.130000 diff=1.630000
[2026-08-17 05:15:34.218] [glim] [warning] large time difference between points and imu!!
[2026-08-17 05:15:34.218] [glim] [warning] points=440.500000 imu=442.140000 diff=1.640000
[2026-08-17 05:15:34.224] [glim] [warning] large time difference between points and imu!!
[2026-08-17 05:15:34.224] [glim] [warning] points=440.500000 imu=442.150000 diff=1.650000
[2026-08-17 05:15:34.238] [glim] [warning] large time difference between points and imu!!
[2026-08-17 05:15:34.238] [glim] [warning] points=440.500000 imu=442.160000 diff=1.660000
[2026-08-17 05:15:34.245] [glim] [warning] large time difference between points and imu!!
[2026-08-17 05:15:34.245] [glim] [warning] points=440.500000 imu=442.170000 diff=1.670000
[2026-08-17 05:15:34.254] [glim] [warning] large time difference between points and imu!!
[2026-08-17 05:15:34.254] [glim] [warning] points=440.500000 imu=442.180000 diff=1.680000
[2026-08-17 05:15:34.264] [glim] [warning] large time difference between points and imu!!
[2026-08-17 05:15:34.264] [glim] [warning] points=440.500000 imu=442.190000 diff=1.690000
[2026-08-17 05:15:34.274] [glim] [warning] large time difference between points and imu!!
[2026-08-17 05:15:34.274] [glim] [warning] points=440.500000 imu=442.200000 diff=1.700000
[2026-08-17 05:15:34.284] [glim] [warning] large time difference between points and imu!!
[2026-08-17 05:15:34.284] [glim] [warning] points=440.500000 imu=442.210000 diff=1.710000
[2026-08-17 05:15:34.294] [glim] [warning] large time difference between points and imu!!
[2026-08-17 05:15:34.294] [glim] [warning] points=440.500000 imu=442.220000 diff=1.720000
[2026-08-17 05:15:34.306] [glim] [warning] large time difference between points and imu!!
[2026-08-17 05:15:34.306] [glim] [warning] points=440.500000 imu=442.230000 diff=1.730000
[2026-08-17 05:15:34.314] [glim] [warning] large time difference between points and imu!!
[2026-08-17 05:15:34.314] [glim] [warning] points=440.500000 imu=442.240000 diff=1.740000
[2026-08-17 05:15:34.324] [glim] [warning] large time difference between points and imu!!
[2026-08-17 05:15:34.324] [glim] [warning] points=440.500000 imu=442.250000 diff=1.750000
[2026-08-17 05:15:34.334] [glim] [warning] large time difference between points and imu!!
[2026-08-17 05:15:34.334] [glim] [warning] points=440.500000 imu=442.260000 diff=1.760000
[2026-08-17 05:15:34.344] [glim] [warning] large time difference between points and imu!!
[2026-08-17 05:15:34.344] [glim] [warning] points=440.500000 imu=442.270000 diff=1.770000
[2026-08-17 05:15:34.354] [glim] [warning] large time difference between points and imu!!
[2026-08-17 05:15:34.354] [glim] [warning] points=440.500000 imu=442.280000 diff=1.780000
[2026-08-17 05:15:34.364] [glim] [warning] large time difference between points and imu!!
[2026-08-17 05:15:34.364] [glim] [warning] points=440.500000 imu=442.290000 diff=1.790000
[2026-08-17 05:15:34.374] [glim] [warning] large time difference between points and imu!!
[2026-08-17 05:15:34.374] [glim] [warning] points=440.500000 imu=442.300000 diff=1.800000
[2026-08-17 05:15:34.390] [glim] [warning] large time difference between points and imu!!
[2026-08-17 05:15:34.390] [glim] [warning] points=440.500000 imu=442.310000 diff=1.810000
[2026-08-17 05:15:34.394] [glim] [warning] large time difference between points and imu!!
[2026-08-17 05:15:34.394] [glim] [warning] points=440.500000 imu=442.320000 diff=1.820000
[2026-08-17 05:15:34.405] [glim] [warning] large time difference between points and imu!!
[2026-08-17 05:15:34.405] [glim] [warning] points=440.500000 imu=442.330000 diff=1.830000
[2026-08-17 05:15:34.414] [glim] [warning] large time difference between points and imu!!
[2026-08-17 05:15:34.414] [glim] [warning] points=440.500000 imu=442.340000 diff=1.840000
[2026-08-17 05:15:34.424] [glim] [warning] large time difference between points and imu!!
[2026-08-17 05:15:34.424] [glim] [warning] points=440.500000 imu=442.350000 diff=1.850000
[2026-08-17 05:15:34.434] [glim] [warning] large time difference between points and imu!!
[2026-08-17 05:15:34.434] [glim] [warning] points=440.500000 imu=442.360000 diff=1.860000
[2026-08-17 05:15:34.444] [glim] [warning] large time difference between points and imu!!
[2026-08-17 05:15:34.444] [glim] [warning] points=440.500000 imu=442.370000 diff=1.870000
[2026-08-17 05:15:34.455] [glim] [warning] large time difference between points and imu!!
[2026-08-17 05:15:34.455] [glim] [warning] points=440.500000 imu=442.380000 diff=1.880000
[2026-08-17 05:15:34.464] [glim] [warning] large time difference between points and imu!!
[2026-08-17 05:15:34.464] [glim] [warning] points=440.500000 imu=442.390000 diff=1.890000
[2026-08-17 05:15:34.474] [glim] [warning] large time difference between points and imu!!
[2026-08-17 05:15:34.474] [glim] [warning] points=440.500000 imu=442.400000 diff=1.900000
[2026-08-17 05:15:34.484] [glim] [warning] large time difference between points and imu!!
[2026-08-17 05:15:34.484] [glim] [warning] points=440.500000 imu=442.410000 diff=1.910000
[2026-08-17 05:15:34.494] [glim] [warning] large time difference between points and imu!!
[2026-08-17 05:15:34.494] [glim] [warning] points=440.500000 imu=442.420000 diff=1.920000
[2026-08-17 05:15:34.504] [glim] [warning] large time gap between consecutive LiDAR frames!!
[2026-08-17 05:15:34.504] [glim] [warning] current=442.400000 last=440.500000 diff=1.900000
[2026-08-17 05:15:35.081] [odom] [warning] neither frames[last]=0xea3737281a70 nor frames[last - 1]=0x0 is released!!
[2026-08-17 05:15:35.081] [odom] [warning] there might be a large time gap between point cloud frames
[2026-08-17 05:15:35.903] [glim] [warning] large time gap between consecutive LiDAR frames!!
[2026-08-17 05:15:35.903] [glim] [warning] current=443.800000 last=443.100000 diff=0.700000
[2026-08-17 05:15:38.717] [glim] [warning] large time gap between consecutive LiDAR frames!!
[2026-08-17 05:15:38.717] [glim] [warning] current=446.600000 last=446.000000 diff=0.600000
[2026-08-17 05:15:41.718] [glim] [warning] large time gap between consecutive LiDAR frames!!
[2026-08-17 05:15:41.718] [glim] [warning] current=449.600000 last=448.900000 diff=0.700000
[2026-08-17 05:15:42.418] [glim] [warning] large time gap between consecutive LiDAR frames!!
[2026-08-17 05:15:42.418] [glim] [warning] current=450.300000 last=449.700000 diff=0.600000
[2026-08-17 05:15:52.499] [glim] [warning] large time difference between points and imu!!
[2026-08-17 05:15:52.499] [glim] [warning] points=459.400000 imu=460.410000 diff=1.010000
[2026-08-17 05:15:52.509] [glim] [warning] large time difference between points and imu!!
[2026-08-17 05:15:52.509] [glim] [warning] points=459.400000 imu=460.420000 diff=1.020000
[2026-08-17 05:15:52.519] [glim] [warning] large time difference between points and imu!!
[2026-08-17 05:15:52.519] [glim] [warning] points=459.400000 imu=460.430000 diff=1.030000
[2026-08-17 05:15:52.530] [glim] [warning] large time difference between points and imu!!
[2026-08-17 05:15:52.530] [glim] [warning] points=459.400000 imu=460.440000 diff=1.040000
[2026-08-17 05:15:52.542] [glim] [warning] large time difference between points and imu!!
[2026-08-17 05:15:52.542] [glim] [warning] points=459.400000 imu=460.450000 diff=1.050000
[2026-08-17 05:15:52.549] [glim] [warning] large time difference between points and imu!!
[2026-08-17 05:15:52.549] [glim] [warning] points=459.400000 imu=460.460000 diff=1.060000
[2026-08-17 05:15:52.559] [glim] [warning] large time difference between points and imu!!
[2026-08-17 05:15:52.559] [glim] [warning] points=459.400000 imu=460.470000 diff=1.070000
[2026-08-17 05:15:52.570] [glim] [warning] large time difference between points and imu!!
[2026-08-17 05:15:52.570] [glim] [warning] points=459.400000 imu=460.480000 diff=1.080000
[2026-08-17 05:15:52.581] [glim] [warning] large time difference between points and imu!!
[2026-08-17 05:15:52.581] [glim] [warning] points=459.400000 imu=460.490000 diff=1.090000
[2026-08-17 05:15:52.592] [glim] [warning] large time difference between points and imu!!
[2026-08-17 05:15:52.592] [glim] [warning] points=459.400000 imu=460.500000 diff=1.100000
[2026-08-17 05:15:52.600] [glim] [warning] large time difference between points and imu!!
[2026-08-17 05:15:52.600] [glim] [warning] points=459.400000 imu=460.510000 diff=1.110000
[2026-08-17 05:15:52.612] [glim] [warning] large time difference between points and imu!!
[2026-08-17 05:15:52.612] [glim] [warning] points=459.400000 imu=460.520000 diff=1.120000
[2026-08-17 05:15:52.619] [glim] [warning] large time difference between points and imu!!
[2026-08-17 05:15:52.619] [glim] [warning] points=459.400000 imu=460.530000 diff=1.130000
[2026-08-17 05:15:52.630] [glim] [warning] large time difference between points and imu!!
[2026-08-17 05:15:52.630] [glim] [warning] points=459.400000 imu=460.540000 diff=1.140000
[2026-08-17 05:15:52.638] [glim] [warning] large time difference between points and imu!!
[2026-08-17 05:15:52.638] [glim] [warning] points=459.400000 imu=460.550000 diff=1.150000
[2026-08-17 05:15:52.649] [glim] [warning] large time difference between points and imu!!
[2026-08-17 05:15:52.649] [glim] [warning] points=459.400000 imu=460.560000 diff=1.160000
[2026-08-17 05:15:52.659] [glim] [warning] large time difference between points and imu!!
[2026-08-17 05:15:52.659] [glim] [warning] points=459.400000 imu=460.570000 diff=1.170000
[2026-08-17 05:15:52.668] [glim] [warning] large time difference between points and imu!!
[2026-08-17 05:15:52.668] [glim] [warning] points=459.400000 imu=460.580000 diff=1.180000
[2026-08-17 05:15:52.679] [glim] [warning] large time difference between points and imu!!
[2026-08-17 05:15:52.679] [glim] [warning] points=459.400000 imu=460.590000 diff=1.190000
[2026-08-17 05:15:52.689] [glim] [warning] large time difference between points and imu!!
[2026-08-17 05:15:52.689] [glim] [warning] points=459.400000 imu=460.600000 diff=1.200000
[2026-08-17 05:15:52.699] [glim] [warning] large time difference between points and imu!!
[2026-08-17 05:15:52.699] [glim] [warning] points=459.400000 imu=460.610000 diff=1.210000
[2026-08-17 05:15:52.709] [glim] [warning] large time difference between points and imu!!
[2026-08-17 05:15:52.709] [glim] [warning] points=459.400000 imu=460.620000 diff=1.220000
[2026-08-17 05:15:52.719] [glim] [warning] large time difference between points and imu!!
[2026-08-17 05:15:52.719] [glim] [warning] points=459.400000 imu=460.630000 diff=1.230000
[2026-08-17 05:15:52.722] [glim] [warning] large time gap between consecutive LiDAR frames!!
[2026-08-17 05:15:52.722] [glim] [warning] current=460.600000 last=459.400000 diff=1.200000
[2026-08-17 05:15:53.080] [odom] [warning] neither frames[last]=0xea37579cc9d0 nor frames[last - 1]=0x0 is released!!
[2026-08-17 05:15:53.080] [odom] [warning] there might be a large time gap between point cloud frames
[2026-08-17 05:15:54.119] [glim] [warning] large time gap between consecutive LiDAR frames!!
[2026-08-17 05:15:54.119] [glim] [warning] current=462.000000 last=461.200000 diff=0.800000
[2026-08-17 05:15:56.620] [glim] [warning] large time gap between consecutive LiDAR frames!!
[2026-08-17 05:15:56.620] [glim] [warning] current=464.500000 last=463.700000 diff=0.800000
[2026-08-17 05:16:01.550] [glim] [warning] large time gap between consecutive LiDAR frames!!
[2026-08-17 05:16:01.550] [glim] [warning] current=469.400000 last=468.800000 diff=0.600000
[2026-08-17 05:16:04.152] [glim] [warning] large time gap between consecutive LiDAR frames!!
[2026-08-17 05:16:04.152] [glim] [warning] current=472.000000 last=471.400000 diff=0.600000
[2026-08-17 05:16:06.552] [glim] [warning] large time gap between consecutive LiDAR frames!!
[2026-08-17 05:16:06.552] [glim] [warning] current=474.400000 last=473.700000 diff=0.700000
[2026-08-17 05:16:07.541] [glim] [warning] large time gap between consecutive LiDAR frames!!
[2026-08-17 05:16:07.542] [glim] [warning] current=475.400000 last=474.800000 diff=0.600000
[2026-08-17 05:16:09.444] [glim] [warning] large time gap between consecutive LiDAR frames!!
[2026-08-17 05:16:09.444] [glim] [warning] current=477.300000 last=476.600000 diff=0.700000
[2026-08-17 05:16:10.945] [glim] [warning] large time gap between consecutive LiDAR frames!!
[2026-08-17 05:16:10.945] [glim] [warning] current=478.800000 last=478.100000 diff=0.700000
[2026-08-17 05:16:17.870] [glim] [warning] large time gap between consecutive LiDAR frames!!
[2026-08-17 05:16:17.870] [glim] [warning] current=485.700000 last=485.000000 diff=0.700000
[2026-08-17 05:16:19.562] [glim] [warning] large time gap between consecutive LiDAR frames!!
[2026-08-17 05:16:19.562] [glim] [warning] current=487.400000 last=486.800000 diff=0.600000
[2026-08-17 05:16:22.350] [glim] [warning] large time difference between points and imu!!
[2026-08-17 05:16:22.350] [glim] [warning] points=489.200000 imu=490.210000 diff=1.010000
[2026-08-17 05:16:22.361] [glim] [warning] large time difference between points and imu!!
[2026-08-17 05:16:22.361] [glim] [warning] points=489.200000 imu=490.220000 diff=1.020000
[2026-08-17 05:16:22.370] [glim] [warning] large time difference between points and imu!!
[2026-08-17 05:16:22.370] [glim] [warning] points=489.200000 imu=490.230000 diff=1.030000
[2026-08-17 05:16:22.380] [glim] [warning] large time difference between points and imu!!
[2026-08-17 05:16:22.380] [glim] [warning] points=489.200000 imu=490.240000 diff=1.040000
[2026-08-17 05:16:22.391] [glim] [warning] large time difference between points and imu!!
[2026-08-17 05:16:22.391] [glim] [warning] points=489.200000 imu=490.250000 diff=1.050000
[2026-08-17 05:16:22.399] [glim] [warning] large time difference between points and imu!!
[2026-08-17 05:16:22.399] [glim] [warning] points=489.200000 imu=490.260000 diff=1.060000
[2026-08-17 05:16:22.412] [glim] [warning] large time difference between points and imu!!
[2026-08-17 05:16:22.412] [glim] [warning] points=489.200000 imu=490.270000 diff=1.070000
[2026-08-17 05:16:22.420] [glim] [warning] large time difference between points and imu!!
[2026-08-17 05:16:22.420] [glim] [warning] points=489.200000 imu=490.280000 diff=1.080000
[2026-08-17 05:16:22.427] [glim] [warning] large time difference between points and imu!!
[2026-08-17 05:16:22.427] [glim] [warning] points=489.200000 imu=490.290000 diff=1.090000
[2026-08-17 05:16:22.438] [glim] [warning] large time difference between points and imu!!
[2026-08-17 05:16:22.438] [glim] [warning] points=489.200000 imu=490.300000 diff=1.100000
[2026-08-17 05:16:22.449] [glim] [warning] large time difference between points and imu!!
[2026-08-17 05:16:22.449] [glim] [warning] points=489.200000 imu=490.310000 diff=1.110000
[2026-08-17 05:16:22.459] [glim] [warning] large time gap between consecutive LiDAR frames!!
[2026-08-17 05:16:22.459] [glim] [warning] current=490.300000 last=489.200000 diff=1.100000
[2026-08-17 05:16:22.629] [odom] [warning] neither frames[last]=0xea374535ff20 nor frames[last - 1]=0x0 is released!!
[2026-08-17 05:16:22.629] [odom] [warning] there might be a large time gap between point cloud frames
[2026-08-17 05:16:30.078] [glim] [warning] large time gap between consecutive LiDAR frames!!
[2026-08-17 05:16:30.078] [glim] [warning] current=497.900000 last=497.100000 diff=0.800000
[2026-08-17 05:16:31.772] [glim] [warning] large time gap between consecutive LiDAR frames!!
[2026-08-17 05:16:31.772] [glim] [warning] current=499.600000 last=499.000000 diff=0.600000
[2026-08-17 05:16:32.987] [glim] [warning] large time gap between consecutive LiDAR frames!!
[2026-08-17 05:16:32.987] [glim] [warning] current=500.800000 last=500.100000 diff=0.700000
[2026-08-17 05:16:33.888] [glim] [warning] large time gap between consecutive LiDAR frames!!
[2026-08-17 05:16:33.888] [glim] [warning] current=501.700000 last=501.000000 diff=0.700000
[2026-08-17 05:16:43.896] [glim] [warning] large time gap between consecutive LiDAR frames!!
[2026-08-17 05:16:43.896] [glim] [warning] current=511.700000 last=511.000000 diff=0.700000
[2026-08-17 05:16:47.498] [glim] [warning] large time gap between consecutive LiDAR frames!!
[2026-08-17 05:16:47.498] [glim] [warning] current=515.300000 last=514.600000 diff=0.700000
[2026-08-17 05:16:51.281] [glim] [warning] large time difference between points and imu!!
[2026-08-17 05:16:51.281] [glim] [warning] points=518.100000 imu=519.110000 diff=1.010000
[2026-08-17 05:16:51.288] [glim] [warning] large time difference between points and imu!!
[2026-08-17 05:16:51.288] [glim] [warning] points=518.100000 imu=519.120000 diff=1.020000
[2026-08-17 05:16:51.297] [glim] [warning] large time difference between points and imu!!
[2026-08-17 05:16:51.297] [glim] [warning] points=518.100000 imu=519.130000 diff=1.030000
[2026-08-17 05:16:51.307] [glim] [warning] large time difference between points and imu!!
[2026-08-17 05:16:51.307] [glim] [warning] points=518.100000 imu=519.140000 diff=1.040000
[2026-08-17 05:16:51.317] [glim] [warning] large time difference between points and imu!!
[2026-08-17 05:16:51.317] [glim] [warning] points=518.100000 imu=519.150000 diff=1.050000
[2026-08-17 05:16:51.327] [glim] [warning] large time difference between points and imu!!
[2026-08-17 05:16:51.327] [glim] [warning] points=518.100000 imu=519.160000 diff=1.060000
[2026-08-17 05:16:51.337] [glim] [warning] large time difference between points and imu!!
[2026-08-17 05:16:51.337] [glim] [warning] points=518.100000 imu=519.170000 diff=1.070000
[2026-08-17 05:16:51.347] [glim] [warning] large time difference between points and imu!!
[2026-08-17 05:16:51.347] [glim] [warning] points=518.100000 imu=519.180000 diff=1.080000
[2026-08-17 05:16:51.358] [glim] [warning] large time difference between points and imu!!
[2026-08-17 05:16:51.358] [glim] [warning] points=518.100000 imu=519.190000 diff=1.090000
[2026-08-17 05:16:51.367] [glim] [warning] large time difference between points and imu!!
[2026-08-17 05:16:51.367] [glim] [warning] points=518.100000 imu=519.200000 diff=1.100000
[2026-08-17 05:16:51.379] [glim] [warning] large time difference between points and imu!!
[2026-08-17 05:16:51.379] [glim] [warning] points=518.100000 imu=519.210000 diff=1.110000
[2026-08-17 05:16:51.390] [glim] [warning] large time gap between consecutive LiDAR frames!!
[2026-08-17 05:16:51.391] [glim] [warning] current=519.200000 last=518.100000 diff=1.100000
[2026-08-17 05:16:51.567] [odom] [warning] neither frames[last]=0xea37347c0060 nor frames[last - 1]=0x0 is released!!
[2026-08-17 05:16:51.567] [odom] [warning] there might be a large time gap between point cloud frames
[2026-08-17 05:16:56.708] [glim] [warning] large time gap between consecutive LiDAR frames!!
[2026-08-17 05:16:56.708] [glim] [warning] current=524.500000 last=523.900000 diff=0.600000
[2026-08-17 05:17:04.900] [glim] [warning] large time gap between consecutive LiDAR frames!!
[2026-08-17 05:17:04.900] [glim] [warning] current=532.700000 last=531.800000 diff=0.900000
[2026-08-17 05:17:05.076] [odom] [warning] neither frames[last]=0xea378eae69d0 nor frames[last - 1]=0x0 is released!!
[2026-08-17 05:17:05.076] [odom] [warning] there might be a large time gap between point cloud frames
[2026-08-17 05:17:07.015] [glim] [warning] large time gap between consecutive LiDAR frames!!
[2026-08-17 05:17:07.015] [glim] [warning] current=534.800000 last=534.200000 diff=0.600000
[2026-08-17 05:17:11.524] [glim] [warning] large time gap between consecutive LiDAR frames!!
[2026-08-17 05:17:11.524] [glim] [warning] current=539.300000 last=538.500000 diff=0.800000
[2026-08-17 05:17:21.822] [glim] [warning] large time gap between consecutive LiDAR frames!!
[2026-08-17 05:17:21.822] [glim] [warning] current=549.600000 last=549.000000 diff=0.600000
[2026-08-17 05:17:25.626] [glim] [warning] large time gap between consecutive LiDAR frames!!
[2026-08-17 05:17:25.626] [glim] [warning] current=553.400000 last=552.500000 diff=0.900000
[2026-08-17 05:17:26.935] [glim] [warning] large time gap between consecutive LiDAR frames!!
[2026-08-17 05:17:26.935] [glim] [warning] current=554.700000 last=554.100000 diff=0.600000
[2026-08-17 05:17:29.342] [glim] [warning] large time gap between consecutive LiDAR frames!!
[2026-08-17 05:17:29.342] [glim] [warning] current=557.100000 last=556.400000 diff=0.700000
[2026-08-17 05:17:31.836] [glim] [warning] large time gap between consecutive LiDAR frames!!
[2026-08-17 05:17:31.836] [glim] [warning] current=559.600000 last=558.900000 diff=0.700000
[2026-08-17 05:17:35.237] [glim] [warning] large time difference between points and imu!!
[2026-08-17 05:17:35.237] [glim] [warning] points=562.000000 imu=563.010000 diff=1.010000
[2026-08-17 05:17:35.251] [glim] [warning] large time difference between points and imu!!
[2026-08-17 05:17:35.251] [glim] [warning] points=562.000000 imu=563.020000 diff=1.020000
[2026-08-17 05:17:35.263] [glim] [warning] large time difference between points and imu!!
[2026-08-17 05:17:35.263] [glim] [warning] points=562.000000 imu=563.030000 diff=1.030000
[2026-08-17 05:17:35.272] [glim] [warning] large time difference between points and imu!!
[2026-08-17 05:17:35.272] [glim] [warning] points=562.000000 imu=563.040000 diff=1.040000
[2026-08-17 05:17:35.280] [glim] [warning] large time difference between points and imu!!
[2026-08-17 05:17:35.280] [glim] [warning] points=562.000000 imu=563.050000 diff=1.050000
[2026-08-17 05:17:35.290] [glim] [warning] large time difference between points and imu!!
[2026-08-17 05:17:35.290] [glim] [warning] points=562.000000 imu=563.060000 diff=1.060000
[2026-08-17 05:17:35.300] [glim] [warning] large time difference between points and imu!!
[2026-08-17 05:17:35.300] [glim] [warning] points=562.000000 imu=563.070000 diff=1.070000
[2026-08-17 05:17:35.310] [glim] [warning] large time difference between points and imu!!
[2026-08-17 05:17:35.310] [glim] [warning] points=562.000000 imu=563.080000 diff=1.080000
[2026-08-17 05:17:35.320] [glim] [warning] large time difference between points and imu!!
[2026-08-17 05:17:35.320] [glim] [warning] points=562.000000 imu=563.090000 diff=1.090000
[2026-08-17 05:17:35.330] [glim] [warning] large time difference between points and imu!!
[2026-08-17 05:17:35.330] [glim] [warning] points=562.000000 imu=563.100000 diff=1.100000
[2026-08-17 05:17:35.340] [glim] [warning] large time difference between points and imu!!
[2026-08-17 05:17:35.340] [glim] [warning] points=562.000000 imu=563.110000 diff=1.110000
[2026-08-17 05:17:35.351] [glim] [warning] large time difference between points and imu!!
[2026-08-17 05:17:35.351] [glim] [warning] points=562.000000 imu=563.120000 diff=1.120000
[2026-08-17 05:17:35.360] [glim] [warning] large time difference between points and imu!!
[2026-08-17 05:17:35.360] [glim] [warning] points=562.000000 imu=563.130000 diff=1.130000
[2026-08-17 05:17:35.370] [glim] [warning] large time gap between consecutive LiDAR frames!!
[2026-08-17 05:17:35.370] [glim] [warning] current=563.100000 last=562.000000 diff=1.100000
[2026-08-17 05:17:35.526] [odom] [warning] neither frames[last]=0xea373743bda0 nor frames[last - 1]=0x0 is released!!
[2026-08-17 05:17:35.526] [odom] [warning] there might be a large time gap between point cloud frames
[2026-08-17 05:17:39.879] [glim] [warning] large time gap between consecutive LiDAR frames!!
[2026-08-17 05:17:39.879] [glim] [warning] current=567.600000 last=566.900000 diff=0.700000
[2026-08-17 05:17:42.195] [glim] [warning] large time gap between consecutive LiDAR frames!!
[2026-08-17 05:17:42.195] [glim] [warning] current=569.900000 last=569.300000 diff=0.600000
[2026-08-17 05:17:43.487] [glim] [warning] large time gap between consecutive LiDAR frames!!
[2026-08-17 05:17:43.487] [glim] [warning] current=571.200000 last=570.300000 diff=0.900000
[2026-08-17 05:17:44.097] [glim] [warning] large time gap between consecutive LiDAR frames!!
[2026-08-17 05:17:44.097] [glim] [warning] current=571.800000 last=571.200000 diff=0.600000
[2026-08-17 05:17:44.167] [odom] [warning] neither frames[last]=0xea37347c0060 nor frames[last - 1]=0x0 is released!!
[2026-08-17 05:17:44.167] [odom] [warning] there might be a large time gap between point cloud frames
[2026-08-17 05:17:45.097] [glim] [warning] large time gap between consecutive LiDAR frames!!
[2026-08-17 05:17:45.098] [glim] [warning] current=572.800000 last=572.200000 diff=0.600000
[2026-08-17 05:17:47.289] [glim] [warning] large time gap between consecutive LiDAR frames!!
[2026-08-17 05:17:47.289] [glim] [warning] current=575.000000 last=574.200000 diff=0.800000
[2026-08-17 05:17:48.491] [glim] [warning] large time gap between consecutive LiDAR frames!!
[2026-08-17 05:17:48.491] [glim] [warning] current=576.200000 last=575.500000 diff=0.700000
[2026-08-17 05:17:50.404] [glim] [warning] large time gap between consecutive LiDAR frames!!
[2026-08-17 05:17:50.404] [glim] [warning] current=578.100000 last=577.300000 diff=0.800000
[WARN] [1786911477.543520964] [transform_listener_impl_c56829b79ac0]: New publisher discovered on topic '/tf_static', offering incompatible QoS. No messages will be sent to it. Last incompatible policy: DURABILITY_QOS_POLICY
[2026-08-17 05:17:59.123] [glim] [warning] large time difference between points and imu!!
[2026-08-17 05:17:59.123] [glim] [warning] points=578.900000 imu=579.910000 diff=1.010000
[2026-08-17 05:17:59.133] [glim] [warning] large time difference between points and imu!!
[2026-08-17 05:17:59.133] [glim] [warning] points=578.900000 imu=579.920000 diff=1.020000
[2026-08-17 05:17:59.142] [glim] [warning] large time difference between points and imu!!
[2026-08-17 05:17:59.142] [glim] [warning] points=578.900000 imu=579.930000 diff=1.030000
[2026-08-17 05:17:59.153] [glim] [warning] large time difference between points and imu!!
[2026-08-17 05:17:59.153] [glim] [warning] points=578.900000 imu=579.940000 diff=1.040000
[2026-08-17 05:17:59.163] [glim] [warning] large time difference between points and imu!!
[2026-08-17 05:17:59.163] [glim] [warning] points=578.900000 imu=579.950000 diff=1.050000
[2026-08-17 05:17:59.172] [glim] [warning] large time difference between points and imu!!
[2026-08-17 05:17:59.172] [glim] [warning] points=578.900000 imu=579.960000 diff=1.060000
[2026-08-17 05:17:59.182] [glim] [warning] large time difference between points and imu!!
[2026-08-17 05:17:59.182] [glim] [warning] points=578.900000 imu=579.970000 diff=1.070000
[2026-08-17 05:17:59.192] [glim] [warning] large time difference between points and imu!!
[2026-08-17 05:17:59.192] [glim] [warning] points=578.900000 imu=579.980000 diff=1.080000
[2026-08-17 05:17:59.202] [glim] [warning] large time difference between points and imu!!
[2026-08-17 05:17:59.202] [glim] [warning] points=578.900000 imu=579.990000 diff=1.090000
[2026-08-17 05:17:59.212] [glim] [warning] large time difference between points and imu!!
[2026-08-17 05:17:59.212] [glim] [warning] points=578.900000 imu=580.000000 diff=1.100000
[2026-08-17 05:17:59.225] [glim] [warning] large time difference between points and imu!!
[2026-08-17 05:17:59.225] [glim] [warning] points=578.900000 imu=580.010000 diff=1.110000
[2026-08-17 05:17:59.232] [glim] [warning] large time difference between points and imu!!
[2026-08-17 05:17:59.232] [glim] [warning] points=578.900000 imu=580.020000 diff=1.120000
[2026-08-17 05:17:59.235] [glim] [warning] large time gap between consecutive LiDAR frames!!
[2026-08-17 05:17:59.235] [glim] [warning] current=580.000000 last=578.900000 diff=1.100000
[2026-08-17 05:17:59.406] [odom] [warning] neither frames[last]=0xea3737627c90 nor frames[last - 1]=0x0 is released!!
[2026-08-17 05:17:59.406] [odom] [warning] there might be a large time gap between point cloud frames
[2026-08-17 05:18:07.746] [glim] [warning] large time gap between consecutive LiDAR frames!!
[2026-08-17 05:18:07.746] [glim] [warning] current=588.500000 last=587.900000 diff=0.600000
[2026-08-17 05:18:09.950] [glim] [warning] large time gap between consecutive LiDAR frames!!
[2026-08-17 05:18:09.950] [glim] [warning] current=590.700000 last=590.100000 diff=0.600000
[2026-08-17 05:18:11.852] [glim] [warning] large time gap between consecutive LiDAR frames!!
[2026-08-17 05:18:11.853] [glim] [warning] current=592.600000 last=591.900000 diff=0.700000
[2026-08-17 05:18:14.844] [glim] [warning] large time gap between consecutive LiDAR frames!!
[2026-08-17 05:18:14.844] [glim] [warning] current=595.600000 last=595.000000 diff=0.600000
[2026-08-17 05:18:21.268] [glim] [warning] large time gap between consecutive LiDAR frames!!
[2026-08-17 05:18:21.268] [glim] [warning] current=602.000000 last=601.200000 diff=0.800000
[2026-08-17 05:18:21.557] [glim] [warning] large time gap between consecutive IMU data!!
[2026-08-17 05:18:21.557] [glim] [warning] current=602.220000 last=602.040000 diff=0.180000
[2026-08-17 05:18:26.557] [glim] [warning] large time difference between points and imu!!
[2026-08-17 05:18:26.557] [glim] [warning] points=606.300000 imu=607.310000 diff=1.010000
[2026-08-17 05:18:26.567] [glim] [warning] large time difference between points and imu!!
[2026-08-17 05:18:26.567] [glim] [warning] points=606.300000 imu=607.320000 diff=1.020000
[2026-08-17 05:18:26.578] [glim] [warning] large time difference between points and imu!!
[2026-08-17 05:18:26.578] [glim] [warning] points=606.300000 imu=607.330000 diff=1.030000
[2026-08-17 05:18:26.587] [glim] [warning] large time difference between points and imu!!
[2026-08-17 05:18:26.587] [glim] [warning] points=606.300000 imu=607.340000 diff=1.040000
[2026-08-17 05:18:26.597] [glim] [warning] large time difference between points and imu!!
[2026-08-17 05:18:26.597] [glim] [warning] points=606.300000 imu=607.350000 diff=1.050000
[2026-08-17 05:18:26.607] [glim] [warning] large time difference between points and imu!!
[2026-08-17 05:18:26.607] [glim] [warning] points=606.300000 imu=607.360000 diff=1.060000
[2026-08-17 05:18:26.617] [glim] [warning] large time difference between points and imu!!
[2026-08-17 05:18:26.617] [glim] [warning] points=606.300000 imu=607.370000 diff=1.070000
[2026-08-17 05:18:26.627] [glim] [warning] large time difference between points and imu!!
[2026-08-17 05:18:26.627] [glim] [warning] points=606.300000 imu=607.380000 diff=1.080000
[2026-08-17 05:18:26.640] [glim] [warning] large time difference between points and imu!!
[2026-08-17 05:18:26.640] [glim] [warning] points=606.300000 imu=607.390000 diff=1.090000
[2026-08-17 05:18:26.650] [glim] [warning] large time difference between points and imu!!
[2026-08-17 05:18:26.650] [glim] [warning] points=606.300000 imu=607.400000 diff=1.100000
[2026-08-17 05:18:26.657] [glim] [warning] large time difference between points and imu!!
[2026-08-17 05:18:26.657] [glim] [warning] points=606.300000 imu=607.410000 diff=1.110000
[2026-08-17 05:18:26.671] [glim] [warning] large time difference between points and imu!!
[2026-08-17 05:18:26.671] [glim] [warning] points=606.300000 imu=607.420000 diff=1.120000
[2026-08-17 05:18:26.677] [glim] [warning] large time difference between points and imu!!
[2026-08-17 05:18:26.677] [glim] [warning] points=606.300000 imu=607.430000 diff=1.130000
[2026-08-17 05:18:26.687] [glim] [warning] large time difference between points and imu!!
[2026-08-17 05:18:26.687] [glim] [warning] points=606.300000 imu=607.440000 diff=1.140000
[2026-08-17 05:18:26.698] [glim] [warning] large time difference between points and imu!!
[2026-08-17 05:18:26.698] [glim] [warning] points=606.300000 imu=607.450000 diff=1.150000
[2026-08-17 05:18:26.708] [glim] [warning] large time difference between points and imu!!
[2026-08-17 05:18:26.708] [glim] [warning] points=606.300000 imu=607.460000 diff=1.160000
[2026-08-17 05:18:26.718] [glim] [warning] large time difference between points and imu!!
[2026-08-17 05:18:26.718] [glim] [warning] points=606.300000 imu=607.470000 diff=1.170000
[2026-08-17 05:18:26.728] [glim] [warning] large time difference between points and imu!!
[2026-08-17 05:18:26.728] [glim] [warning] points=606.300000 imu=607.480000 diff=1.180000
[2026-08-17 05:18:26.740] [glim] [warning] large time difference between points and imu!!
[2026-08-17 05:18:26.740] [glim] [warning] points=606.300000 imu=607.490000 diff=1.190000
[2026-08-17 05:18:26.748] [glim] [warning] large time difference between points and imu!!
[2026-08-17 05:18:26.748] [glim] [warning] points=606.300000 imu=607.500000 diff=1.200000
[2026-08-17 05:18:26.758] [glim] [warning] large time difference between points and imu!!
[2026-08-17 05:18:26.758] [glim] [warning] points=606.300000 imu=607.510000 diff=1.210000
[2026-08-17 05:18:26.766] [glim] [warning] large time gap between consecutive LiDAR frames!!
[2026-08-17 05:18:26.766] [glim] [warning] current=607.500000 last=606.300000 diff=1.200000
[2026-08-17 05:18:26.941] [odom] [warning] neither frames[last]=0xea37578a0bf0 nor frames[last - 1]=0x0 is released!!
[2026-08-17 05:18:26.941] [odom] [warning] there might be a large time gap between point cloud frames
[2026-08-17 05:18:29.475] [glim] [warning] large time gap between consecutive LiDAR frames!!
[2026-08-17 05:18:29.475] [glim] [warning] current=610.200000 last=609.400000 diff=0.800000
[2026-08-17 05:18:33.078] [glim] [warning] large time gap between consecutive LiDAR frames!!
[2026-08-17 05:18:33.078] [glim] [warning] current=613.800000 last=613.200000 diff=0.600000
[2026-08-17 05:18:33.886] [glim] [warning] large time gap between consecutive LiDAR frames!!
[2026-08-17 05:18:33.886] [glim] [warning] current=614.600000 last=614.000000 diff=0.600000
[2026-08-17 05:18:35.485] [glim] [warning] large time gap between consecutive LiDAR frames!!
[2026-08-17 05:18:35.485] [glim] [warning] current=616.200000 last=615.600000 diff=0.600000
[2026-08-17 05:18:36.885] [glim] [warning] large time gap between consecutive LiDAR frames!!
[2026-08-17 05:18:36.885] [glim] [warning] current=617.600000 last=617.000000 diff=0.600000
[2026-08-17 05:18:37.867] [glim] [warning] large time difference between points and imu!!
[2026-08-17 05:18:37.867] [glim] [warning] points=617.600000 imu=618.610000 diff=1.010000
[2026-08-17 05:18:37.875] [glim] [warning] large time difference between points and imu!!
[2026-08-17 05:18:37.875] [glim] [warning] points=617.600000 imu=618.620000 diff=1.020000
[2026-08-17 05:18:37.885] [glim] [warning] large time difference between points and imu!!
[2026-08-17 05:18:37.885] [glim] [warning] points=617.600000 imu=618.630000 diff=1.030000
[2026-08-17 05:18:37.898] [glim] [warning] large time difference between points and imu!!
[2026-08-17 05:18:37.898] [glim] [warning] points=617.600000 imu=618.640000 diff=1.040000
[2026-08-17 05:18:37.904] [glim] [warning] large time difference between points and imu!!
[2026-08-17 05:18:37.904] [glim] [warning] points=617.600000 imu=618.650000 diff=1.050000
[2026-08-17 05:18:37.914] [glim] [warning] large time difference between points and imu!!
[2026-08-17 05:18:37.914] [glim] [warning] points=617.600000 imu=618.660000 diff=1.060000
[2026-08-17 05:18:37.924] [glim] [warning] large time difference between points and imu!!
[2026-08-17 05:18:37.924] [glim] [warning] points=617.600000 imu=618.670000 diff=1.070000
[2026-08-17 05:18:37.934] [glim] [warning] large time difference between points and imu!!
[2026-08-17 05:18:37.934] [glim] [warning] points=617.600000 imu=618.680000 diff=1.080000
[2026-08-17 05:18:37.945] [glim] [warning] large time difference between points and imu!!
[2026-08-17 05:18:37.945] [glim] [warning] points=617.600000 imu=618.690000 diff=1.090000
[2026-08-17 05:18:37.954] [glim] [warning] large time difference between points and imu!!
[2026-08-17 05:18:37.954] [glim] [warning] points=617.600000 imu=618.700000 diff=1.100000
[2026-08-17 05:18:37.965] [glim] [warning] large time difference between points and imu!!
[2026-08-17 05:18:37.965] [glim] [warning] points=617.600000 imu=618.710000 diff=1.110000
[2026-08-17 05:18:37.975] [glim] [warning] large time difference between points and imu!!
[2026-08-17 05:18:37.975] [glim] [warning] points=617.600000 imu=618.720000 diff=1.120000
[2026-08-17 05:18:37.986] [glim] [warning] large time gap between consecutive LiDAR frames!!
[2026-08-17 05:18:37.986] [glim] [warning] current=618.700000 last=617.600000 diff=1.100000
[2026-08-17 05:18:38.457] [odom] [warning] neither frames[last]=0xea37578a0bf0 nor frames[last - 1]=0x0 is released!!
[2026-08-17 05:18:38.457] [odom] [warning] there might be a large time gap between point cloud frames
[2026-08-17 05:18:41.564] [glim] [warning] large time difference between points and imu!!
[2026-08-17 05:18:41.564] [glim] [warning] points=621.300000 imu=622.310000 diff=1.010000
[2026-08-17 05:18:41.575] [glim] [warning] large time difference between points and imu!!
[2026-08-17 05:18:41.575] [glim] [warning] points=621.300000 imu=622.320000 diff=1.020000
[2026-08-17 05:18:41.577] [glim] [warning] large time gap between consecutive LiDAR frames!!
[2026-08-17 05:18:41.577] [glim] [warning] current=622.300000 last=621.300000 diff=1.000000
[2026-08-17 05:18:41.757] [odom] [warning] neither frames[last]=0xea3754e27bd0 nor frames[last - 1]=0x0 is released!!
[2026-08-17 05:18:41.757] [odom] [warning] there might be a large time gap between point cloud frames
[2026-08-17 05:18:42.578] [glim] [warning] large time gap between consecutive LiDAR frames!!
[2026-08-17 05:18:42.578] [glim] [warning] current=623.300000 last=622.700000 diff=0.600000
[2026-08-17 05:18:44.290] [glim] [warning] large time gap between consecutive LiDAR frames!!
[2026-08-17 05:18:44.290] [glim] [warning] current=625.000000 last=624.400000 diff=0.600000
[2026-08-17 05:18:49.900] [glim] [warning] large time gap between consecutive LiDAR frames!!
[2026-08-17 05:18:49.900] [glim] [warning] current=630.600000 last=630.000000 diff=0.600000
[2026-08-17 05:18:54.200] [glim] [warning] large time gap between consecutive LiDAR frames!!
[2026-08-17 05:18:54.200] [glim] [warning] current=634.900000 last=634.300000 diff=0.600000
[2026-08-17 05:18:55.303] [glim] [warning] large time gap between consecutive LiDAR frames!!
[2026-08-17 05:18:55.303] [glim] [warning] current=636.000000 last=635.100000 diff=0.900000
[2026-08-17 05:19:01.192] [glim] [warning] large time difference between points and imu!!
[2026-08-17 05:19:01.192] [glim] [warning] points=640.900000 imu=641.910000 diff=1.010000
[2026-08-17 05:19:01.204] [glim] [warning] large time difference between points and imu!!
[2026-08-17 05:19:01.204] [glim] [warning] points=640.900000 imu=641.920000 diff=1.020000
[2026-08-17 05:19:01.214] [glim] [warning] large time difference between points and imu!!
[2026-08-17 05:19:01.214] [glim] [warning] points=640.900000 imu=641.930000 diff=1.030000
[2026-08-17 05:19:01.228] [glim] [warning] large time difference between points and imu!!
[2026-08-17 05:19:01.228] [glim] [warning] points=640.900000 imu=641.940000 diff=1.040000
[2026-08-17 05:19:01.237] [glim] [warning] large time difference between points and imu!!
[2026-08-17 05:19:01.237] [glim] [warning] points=640.900000 imu=641.950000 diff=1.050000
[2026-08-17 05:19:01.241] [glim] [warning] large time gap between consecutive LiDAR frames!!
[2026-08-17 05:19:01.241] [glim] [warning] current=641.900000 last=640.900000 diff=1.000000
[2026-08-17 05:19:01.586] [odom] [warning] neither frames[last]=0xea36f7c32c20 nor frames[last - 1]=0x0 is released!!
[2026-08-17 05:19:01.586] [odom] [warning] there might be a large time gap between point cloud frames
[2026-08-17 05:19:06.144] [glim] [warning] large time gap between consecutive LiDAR frames!!
[2026-08-17 05:19:06.144] [glim] [warning] current=646.800000 last=646.200000 diff=0.600000
[2026-08-17 05:19:11.258] [glim] [warning] large time gap between consecutive LiDAR frames!!
[2026-08-17 05:19:11.258] [glim] [warning] current=651.900000 last=651.200000 diff=0.700000
[2026-08-17 05:19:12.244] [glim] [warning] large time difference between points and imu!!
[2026-08-17 05:19:12.244] [glim] [warning] points=651.900000 imu=652.910000 diff=1.010000
[2026-08-17 05:19:12.253] [glim] [warning] large time difference between points and imu!!
[2026-08-17 05:19:12.253] [glim] [warning] points=651.900000 imu=652.920000 diff=1.020000
[2026-08-17 05:19:12.263] [glim] [warning] large time difference between points and imu!!
[2026-08-17 05:19:12.263] [glim] [warning] points=651.900000 imu=652.930000 diff=1.030000
[2026-08-17 05:19:12.275] [glim] [warning] large time difference between points and imu!!
[2026-08-17 05:19:12.275] [glim] [warning] points=651.900000 imu=652.940000 diff=1.040000
[2026-08-17 05:19:12.283] [glim] [warning] large time difference between points and imu!!
[2026-08-17 05:19:12.283] [glim] [warning] points=651.900000 imu=652.950000 diff=1.050000
[2026-08-17 05:19:12.293] [glim] [warning] large time difference between points and imu!!
[2026-08-17 05:19:12.293] [glim] [warning] points=651.900000 imu=652.960000 diff=1.060000
[2026-08-17 05:19:12.303] [glim] [warning] large time difference between points and imu!!
[2026-08-17 05:19:12.303] [glim] [warning] points=651.900000 imu=652.970000 diff=1.070000
[2026-08-17 05:19:12.316] [glim] [warning] large time difference between points and imu!!
[2026-08-17 05:19:12.316] [glim] [warning] points=651.900000 imu=652.980000 diff=1.080000
[2026-08-17 05:19:12.323] [glim] [warning] large time difference between points and imu!!
[2026-08-17 05:19:12.323] [glim] [warning] points=651.900000 imu=652.990000 diff=1.090000
[2026-08-17 05:19:12.333] [glim] [warning] large time difference between points and imu!!
[2026-08-17 05:19:12.333] [glim] [warning] points=651.900000 imu=653.000000 diff=1.100000
[2026-08-17 05:19:12.343] [glim] [warning] large time difference between points and imu!!
[2026-08-17 05:19:12.343] [glim] [warning] points=651.900000 imu=653.010000 diff=1.110000
[2026-08-17 05:19:12.354] [glim] [warning] large time difference between points and imu!!
[2026-08-17 05:19:12.354] [glim] [warning] points=651.900000 imu=653.020000 diff=1.120000
[2026-08-17 05:19:12.363] [glim] [warning] large time difference between points and imu!!
[2026-08-17 05:19:12.363] [glim] [warning] points=651.900000 imu=653.030000 diff=1.130000
[2026-08-17 05:19:12.373] [glim] [warning] large time difference between points and imu!!
[2026-08-17 05:19:12.373] [glim] [warning] points=651.900000 imu=653.040000 diff=1.140000
[2026-08-17 05:19:12.385] [glim] [warning] large time difference between points and imu!!
[2026-08-17 05:19:12.385] [glim] [warning] points=651.900000 imu=653.050000 diff=1.150000
[2026-08-17 05:19:12.397] [glim] [warning] large time difference between points and imu!!
[2026-08-17 05:19:12.397] [glim] [warning] points=651.900000 imu=653.060000 diff=1.160000
[2026-08-17 05:19:12.404] [glim] [warning] large time difference between points and imu!!
[2026-08-17 05:19:12.404] [glim] [warning] points=651.900000 imu=653.070000 diff=1.170000
[2026-08-17 05:19:12.413] [glim] [warning] large time difference between points and imu!!
[2026-08-17 05:19:12.413] [glim] [warning] points=651.900000 imu=653.080000 diff=1.180000
[2026-08-17 05:19:12.423] [glim] [warning] large time difference between points and imu!!
[2026-08-17 05:19:12.423] [glim] [warning] points=651.900000 imu=653.090000 diff=1.190000
[2026-08-17 05:19:12.433] [glim] [warning] large time difference between points and imu!!
[2026-08-17 05:19:12.433] [glim] [warning] points=651.900000 imu=653.100000 diff=1.200000
[2026-08-17 05:19:12.446] [glim] [warning] large time difference between points and imu!!
[2026-08-17 05:19:12.447] [glim] [warning] points=651.900000 imu=653.110000 diff=1.210000
[2026-08-17 05:19:12.456] [glim] [warning] large time difference between points and imu!!
[2026-08-17 05:19:12.456] [glim] [warning] points=651.900000 imu=653.120000 diff=1.220000
[2026-08-17 05:19:12.463] [glim] [warning] large time difference between points and imu!!
[2026-08-17 05:19:12.463] [glim] [warning] points=651.900000 imu=653.130000 diff=1.230000
[2026-08-17 05:19:12.473] [glim] [warning] large time difference between points and imu!!
[2026-08-17 05:19:12.473] [glim] [warning] points=651.900000 imu=653.140000 diff=1.240000
[2026-08-17 05:19:12.483] [glim] [warning] large time difference between points and imu!!
[2026-08-17 05:19:12.483] [glim] [warning] points=651.900000 imu=653.150000 diff=1.250000
[2026-08-17 05:19:12.493] [glim] [warning] large time difference between points and imu!!
[2026-08-17 05:19:12.493] [glim] [warning] points=651.900000 imu=653.160000 diff=1.260000
[2026-08-17 05:19:12.503] [glim] [warning] large time difference between points and imu!!
[2026-08-17 05:19:12.503] [glim] [warning] points=651.900000 imu=653.170000 diff=1.270000
[2026-08-17 05:19:12.513] [glim] [warning] large time difference between points and imu!!
[2026-08-17 05:19:12.513] [glim] [warning] points=651.900000 imu=653.180000 diff=1.280000
[2026-08-17 05:19:12.525] [glim] [warning] large time difference between points and imu!!
[2026-08-17 05:19:12.525] [glim] [warning] points=651.900000 imu=653.190000 diff=1.290000
[2026-08-17 05:19:12.533] [glim] [warning] large time difference between points and imu!!
[2026-08-17 05:19:12.533] [glim] [warning] points=651.900000 imu=653.200000 diff=1.300000
[2026-08-17 05:19:12.546] [glim] [warning] large time difference between points and imu!!
[2026-08-17 05:19:12.546] [glim] [warning] points=651.900000 imu=653.210000 diff=1.310000
[2026-08-17 05:19:12.554] [glim] [warning] large time difference between points and imu!!
[2026-08-17 05:19:12.554] [glim] [warning] points=651.900000 imu=653.220000 diff=1.320000
[2026-08-17 05:19:12.566] [glim] [warning] large time difference between points and imu!!
[2026-08-17 05:19:12.566] [glim] [warning] points=651.900000 imu=653.230000 diff=1.330000
[2026-08-17 05:19:12.573] [glim] [warning] large time difference between points and imu!!
[2026-08-17 05:19:12.573] [glim] [warning] points=651.900000 imu=653.240000 diff=1.340000
[2026-08-17 05:19:12.586] [glim] [warning] large time difference between points and imu!!
[2026-08-17 05:19:12.586] [glim] [warning] points=651.900000 imu=653.250000 diff=1.350000
[2026-08-17 05:19:12.596] [glim] [warning] large time difference between points and imu!!
[2026-08-17 05:19:12.596] [glim] [warning] points=651.900000 imu=653.260000 diff=1.360000
[2026-08-17 05:19:12.603] [glim] [warning] large time difference between points and imu!!
[2026-08-17 05:19:12.603] [glim] [warning] points=651.900000 imu=653.270000 diff=1.370000
[2026-08-17 05:19:12.613] [glim] [warning] large time difference between points and imu!!
[2026-08-17 05:19:12.613] [glim] [warning] points=651.900000 imu=653.280000 diff=1.380000
[2026-08-17 05:19:12.625] [glim] [warning] large time difference between points and imu!!
[2026-08-17 05:19:12.625] [glim] [warning] points=651.900000 imu=653.290000 diff=1.390000
[2026-08-17 05:19:12.637] [glim] [warning] large time difference between points and imu!!
[2026-08-17 05:19:12.637] [glim] [warning] points=651.900000 imu=653.300000 diff=1.400000
[2026-08-17 05:19:12.645] [glim] [warning] large time difference between points and imu!!
[2026-08-17 05:19:12.645] [glim] [warning] points=651.900000 imu=653.310000 diff=1.410000
[2026-08-17 05:19:12.657] [glim] [warning] large time difference between points and imu!!
[2026-08-17 05:19:12.657] [glim] [warning] points=651.900000 imu=653.320000 diff=1.420000
[2026-08-17 05:19:12.666] [glim] [warning] large time difference between points and imu!!
[2026-08-17 05:19:12.666] [glim] [warning] points=651.900000 imu=653.330000 diff=1.430000
[2026-08-17 05:19:12.673] [glim] [warning] large time difference between points and imu!!
[2026-08-17 05:19:12.673] [glim] [warning] points=651.900000 imu=653.340000 diff=1.440000
[2026-08-17 05:19:12.685] [glim] [warning] large time difference between points and imu!!
[2026-08-17 05:19:12.685] [glim] [warning] points=651.900000 imu=653.350000 diff=1.450000
[2026-08-17 05:19:12.697] [glim] [warning] large time difference between points and imu!!
[2026-08-17 05:19:12.697] [glim] [warning] points=651.900000 imu=653.360000 diff=1.460000
[2026-08-17 05:19:12.704] [glim] [warning] large time difference between points and imu!!
[2026-08-17 05:19:12.704] [glim] [warning] points=651.900000 imu=653.370000 diff=1.470000
[2026-08-17 05:19:12.715] [glim] [warning] large time difference between points and imu!!
[2026-08-17 05:19:12.715] [glim] [warning] points=651.900000 imu=653.380000 diff=1.480000
[2026-08-17 05:19:12.727] [glim] [warning] large time difference between points and imu!!
[2026-08-17 05:19:12.727] [glim] [warning] points=651.900000 imu=653.390000 diff=1.490000
[2026-08-17 05:19:12.735] [glim] [warning] large time difference between points and imu!!
[2026-08-17 05:19:12.735] [glim] [warning] points=651.900000 imu=653.400000 diff=1.500000
[2026-08-17 05:19:12.748] [glim] [warning] large time difference between points and imu!!
[2026-08-17 05:19:12.748] [glim] [warning] points=651.900000 imu=653.410000 diff=1.510000
[2026-08-17 05:19:12.758] [glim] [warning] large time difference between points and imu!!
[2026-08-17 05:19:12.758] [glim] [warning] points=651.900000 imu=653.420000 diff=1.520000
[2026-08-17 05:19:12.767] [glim] [warning] large time difference between points and imu!!
[2026-08-17 05:19:12.767] [glim] [warning] points=651.900000 imu=653.430000 diff=1.530000
[2026-08-17 05:19:12.776] [glim] [warning] large time gap between consecutive LiDAR frames!!
[2026-08-17 05:19:12.776] [glim] [warning] current=653.400000 last=651.900000 diff=1.500000
[2026-08-17 05:19:12.929] [odom] [warning] neither frames[last]=0xea378fdf7860 nor frames[last - 1]=0x0 is released!!
[2026-08-17 05:19:12.929] [odom] [warning] there might be a large time gap between point cloud frames
[2026-08-17 05:19:13.872] [glim] [warning] large time gap between consecutive LiDAR frames!!
[2026-08-17 05:19:13.872] [glim] [warning] current=654.500000 last=653.600000 diff=0.900000
[2026-08-17 05:19:17.592] [glim] [warning] large time gap between consecutive LiDAR frames!!
[2026-08-17 05:19:17.593] [glim] [warning] current=658.200000 last=657.500000 diff=0.700000
[2026-08-17 05:19:23.727] [glim] [warning] large time gap between consecutive LiDAR frames!!
[2026-08-17 05:19:23.727] [glim] [warning] current=664.300000 last=663.700000 diff=0.600000
[2026-08-17 05:19:30.534] [glim] [warning] large time difference between points and imu!!
[2026-08-17 05:19:30.534] [glim] [warning] points=670.100000 imu=671.110000 diff=1.010000
[2026-08-17 05:19:30.544] [glim] [warning] large time difference between points and imu!!
[2026-08-17 05:19:30.544] [glim] [warning] points=670.100000 imu=671.120000 diff=1.020000
[2026-08-17 05:19:30.554] [glim] [warning] large time difference between points and imu!!
[2026-08-17 05:19:30.554] [glim] [warning] points=670.100000 imu=671.130000 diff=1.030000
[2026-08-17 05:19:30.564] [glim] [warning] large time difference between points and imu!!
[2026-08-17 05:19:30.564] [glim] [warning] points=670.100000 imu=671.140000 diff=1.040000
[2026-08-17 05:19:30.575] [glim] [warning] large time difference between points and imu!!
[2026-08-17 05:19:30.575] [glim] [warning] points=670.100000 imu=671.150000 diff=1.050000
[2026-08-17 05:19:30.584] [glim] [warning] large time difference between points and imu!!
[2026-08-17 05:19:30.584] [glim] [warning] points=670.100000 imu=671.160000 diff=1.060000
[2026-08-17 05:19:30.594] [glim] [warning] large time difference between points and imu!!
[2026-08-17 05:19:30.594] [glim] [warning] points=670.100000 imu=671.170000 diff=1.070000
[2026-08-17 05:19:30.604] [glim] [warning] large time difference between points and imu!!
[2026-08-17 05:19:30.604] [glim] [warning] points=670.100000 imu=671.180000 diff=1.080000
[2026-08-17 05:19:30.614] [glim] [warning] large time difference between points and imu!!
[2026-08-17 05:19:30.614] [glim] [warning] points=670.100000 imu=671.190000 diff=1.090000
[2026-08-17 05:19:30.624] [glim] [warning] large time difference between points and imu!!
[2026-08-17 05:19:30.624] [glim] [warning] points=670.100000 imu=671.200000 diff=1.100000
[2026-08-17 05:19:30.634] [glim] [warning] large time difference between points and imu!!
[2026-08-17 05:19:30.634] [glim] [warning] points=670.100000 imu=671.210000 diff=1.110000
[2026-08-17 05:19:30.645] [glim] [warning] large time difference between points and imu!!
[2026-08-17 05:19:30.645] [glim] [warning] points=670.100000 imu=671.220000 diff=1.120000
[2026-08-17 05:19:30.654] [glim] [warning] large time difference between points and imu!!
[2026-08-17 05:19:30.654] [glim] [warning] points=670.100000 imu=671.230000 diff=1.130000
[2026-08-17 05:19:30.666] [glim] [warning] large time difference between points and imu!!
[2026-08-17 05:19:30.666] [glim] [warning] points=670.100000 imu=671.240000 diff=1.140000
[2026-08-17 05:19:30.675] [glim] [warning] large time difference between points and imu!!
[2026-08-17 05:19:30.675] [glim] [warning] points=670.100000 imu=671.250000 diff=1.150000
[2026-08-17 05:19:30.684] [glim] [warning] large time difference between points and imu!!
[2026-08-17 05:19:30.684] [glim] [warning] points=670.100000 imu=671.260000 diff=1.160000
[2026-08-17 05:19:30.694] [glim] [warning] large time difference between points and imu!!
[2026-08-17 05:19:30.694] [glim] [warning] points=670.100000 imu=671.270000 diff=1.170000
[2026-08-17 05:19:30.704] [glim] [warning] large time difference between points and imu!!
[2026-08-17 05:19:30.704] [glim] [warning] points=670.100000 imu=671.280000 diff=1.180000
[2026-08-17 05:19:30.715] [glim] [warning] large time difference between points and imu!!
[2026-08-17 05:19:30.715] [glim] [warning] points=670.100000 imu=671.290000 diff=1.190000
[2026-08-17 05:19:30.724] [glim] [warning] large time difference between points and imu!!
[2026-08-17 05:19:30.724] [glim] [warning] points=670.100000 imu=671.300000 diff=1.200000
[2026-08-17 05:19:30.734] [glim] [warning] large time difference between points and imu!!
[2026-08-17 05:19:30.734] [glim] [warning] points=670.100000 imu=671.310000 diff=1.210000
[2026-08-17 05:19:30.745] [glim] [warning] large time difference between points and imu!!
[2026-08-17 05:19:30.745] [glim] [warning] points=670.100000 imu=671.320000 diff=1.220000
[2026-08-17 05:19:30.754] [glim] [warning] large time difference between points and imu!!
[2026-08-17 05:19:30.754] [glim] [warning] points=670.100000 imu=671.330000 diff=1.230000
[2026-08-17 05:19:30.764] [glim] [warning] large time difference between points and imu!!
[2026-08-17 05:19:30.764] [glim] [warning] points=670.100000 imu=671.340000 diff=1.240000
[2026-08-17 05:19:30.774] [glim] [warning] large time difference between points and imu!!
[2026-08-17 05:19:30.774] [glim] [warning] points=670.100000 imu=671.350000 diff=1.250000
[2026-08-17 05:19:30.784] [glim] [warning] large time difference between points and imu!!
[2026-08-17 05:19:30.784] [glim] [warning] points=670.100000 imu=671.360000 diff=1.260000
[2026-08-17 05:19:30.794] [glim] [warning] large time difference between points and imu!!
[2026-08-17 05:19:30.794] [glim] [warning] points=670.100000 imu=671.370000 diff=1.270000
[2026-08-17 05:19:30.804] [glim] [warning] large time difference between points and imu!!
[2026-08-17 05:19:30.804] [glim] [warning] points=670.100000 imu=671.380000 diff=1.280000
[2026-08-17 05:19:30.814] [glim] [warning] large time difference between points and imu!!
[2026-08-17 05:19:30.814] [glim] [warning] points=670.100000 imu=671.390000 diff=1.290000
[2026-08-17 05:19:30.825] [glim] [warning] large time difference between points and imu!!
[2026-08-17 05:19:30.825] [glim] [warning] points=670.100000 imu=671.400000 diff=1.300000
[2026-08-17 05:19:30.834] [glim] [warning] large time difference between points and imu!!
[2026-08-17 05:19:30.834] [glim] [warning] points=670.100000 imu=671.410000 diff=1.310000
[2026-08-17 05:19:30.844] [glim] [warning] large time difference between points and imu!!
[2026-08-17 05:19:30.844] [glim] [warning] points=670.100000 imu=671.420000 diff=1.320000
[2026-08-17 05:19:30.854] [glim] [warning] large time difference between points and imu!!
[2026-08-17 05:19:30.854] [glim] [warning] points=670.100000 imu=671.430000 diff=1.330000
[2026-08-17 05:19:30.865] [glim] [warning] large time difference between points and imu!!
[2026-08-17 05:19:30.865] [glim] [warning] points=670.100000 imu=671.440000 diff=1.340000
[2026-08-17 05:19:30.874] [glim] [warning] large time difference between points and imu!!
[2026-08-17 05:19:30.874] [glim] [warning] points=670.100000 imu=671.450000 diff=1.350000
[2026-08-17 05:19:30.884] [glim] [warning] large time difference between points and imu!!
[2026-08-17 05:19:30.884] [glim] [warning] points=670.100000 imu=671.460000 diff=1.360000
[2026-08-17 05:19:30.895] [glim] [warning] large time difference between points and imu!!
[2026-08-17 05:19:30.895] [glim] [warning] points=670.100000 imu=671.470000 diff=1.370000
[2026-08-17 05:19:30.904] [glim] [warning] large time difference between points and imu!!
[2026-08-17 05:19:30.904] [glim] [warning] points=670.100000 imu=671.480000 diff=1.380000
[2026-08-17 05:19:30.914] [glim] [warning] large time difference between points and imu!!
[2026-08-17 05:19:30.914] [glim] [warning] points=670.100000 imu=671.490000 diff=1.390000
[2026-08-17 05:19:30.924] [glim] [warning] large time difference between points and imu!!
[2026-08-17 05:19:30.924] [glim] [warning] points=670.100000 imu=671.500000 diff=1.400000
[2026-08-17 05:19:30.934] [glim] [warning] large time difference between points and imu!!
[2026-08-17 05:19:30.934] [glim] [warning] points=670.100000 imu=671.510000 diff=1.410000
[2026-08-17 05:19:30.944] [glim] [warning] large time difference between points and imu!!
[2026-08-17 05:19:30.944] [glim] [warning] points=670.100000 imu=671.520000 diff=1.420000
[2026-08-17 05:19:30.954] [glim] [warning] large time difference between points and imu!!
[2026-08-17 05:19:30.954] [glim] [warning] points=670.100000 imu=671.530000 diff=1.430000
[2026-08-17 05:19:30.966] [glim] [warning] large time difference between points and imu!!
[2026-08-17 05:19:30.966] [glim] [warning] points=670.100000 imu=671.540000 diff=1.440000
[2026-08-17 05:19:30.974] [glim] [warning] large time difference between points and imu!!
[2026-08-17 05:19:30.974] [glim] [warning] points=670.100000 imu=671.550000 diff=1.450000
[2026-08-17 05:19:30.984] [glim] [warning] large time difference between points and imu!!
[2026-08-17 05:19:30.984] [glim] [warning] points=670.100000 imu=671.560000 diff=1.460000
[2026-08-17 05:19:30.994] [glim] [warning] large time difference between points and imu!!
[2026-08-17 05:19:30.994] [glim] [warning] points=670.100000 imu=671.570000 diff=1.470000
[2026-08-17 05:19:31.004] [glim] [warning] large time difference between points and imu!!
[2026-08-17 05:19:31.004] [glim] [warning] points=670.100000 imu=671.580000 diff=1.480000
[2026-08-17 05:19:31.016] [glim] [warning] large time difference between points and imu!!
[2026-08-17 05:19:31.016] [glim] [warning] points=670.100000 imu=671.590000 diff=1.490000
[2026-08-17 05:19:31.024] [glim] [warning] large time difference between points and imu!!
[2026-08-17 05:19:31.024] [glim] [warning] points=670.100000 imu=671.600000 diff=1.500000
[2026-08-17 05:19:31.036] [glim] [warning] large time difference between points and imu!!
[2026-08-17 05:19:31.036] [glim] [warning] points=670.100000 imu=671.610000 diff=1.510000
[2026-08-17 05:19:31.045] [glim] [warning] large time difference between points and imu!!
[2026-08-17 05:19:31.045] [glim] [warning] points=670.100000 imu=671.620000 diff=1.520000
[2026-08-17 05:19:31.054] [glim] [warning] large time difference between points and imu!!
[2026-08-17 05:19:31.054] [glim] [warning] points=670.100000 imu=671.630000 diff=1.530000
[2026-08-17 05:19:31.064] [glim] [warning] large time difference between points and imu!!
[2026-08-17 05:19:31.064] [glim] [warning] points=670.100000 imu=671.640000 diff=1.540000
[2026-08-17 05:19:31.074] [glim] [warning] large time difference between points and imu!!
[2026-08-17 05:19:31.074] [glim] [warning] points=670.100000 imu=671.650000 diff=1.550000
[2026-08-17 05:19:31.084] [glim] [warning] large time difference between points and imu!!
[2026-08-17 05:19:31.084] [glim] [warning] points=670.100000 imu=671.660000 diff=1.560000
[2026-08-17 05:19:31.094] [glim] [warning] large time difference between points and imu!!
[2026-08-17 05:19:31.094] [glim] [warning] points=670.100000 imu=671.670000 diff=1.570000
[2026-08-17 05:19:31.104] [glim] [warning] large time difference between points and imu!!
[2026-08-17 05:19:31.104] [glim] [warning] points=670.100000 imu=671.680000 diff=1.580000
[2026-08-17 05:19:31.114] [glim] [warning] large time difference between points and imu!!
[2026-08-17 05:19:31.114] [glim] [warning] points=670.100000 imu=671.690000 diff=1.590000
[2026-08-17 05:19:31.124] [glim] [warning] large time difference between points and imu!!
[2026-08-17 05:19:31.124] [glim] [warning] points=670.100000 imu=671.700000 diff=1.600000
[2026-08-17 05:19:31.134] [glim] [warning] large time difference between points and imu!!
[2026-08-17 05:19:31.134] [glim] [warning] points=670.100000 imu=671.710000 diff=1.610000
[2026-08-17 05:19:31.146] [glim] [warning] large time difference between points and imu!!
[2026-08-17 05:19:31.146] [glim] [warning] points=670.100000 imu=671.720000 diff=1.620000
[2026-08-17 05:19:31.156] [glim] [warning] large time difference between points and imu!!
[2026-08-17 05:19:31.156] [glim] [warning] points=670.100000 imu=671.730000 diff=1.630000
[2026-08-17 05:19:31.166] [glim] [warning] large time difference between points and imu!!
[2026-08-17 05:19:31.166] [glim] [warning] points=670.100000 imu=671.740000 diff=1.640000
[2026-08-17 05:19:31.176] [glim] [warning] large time difference between points and imu!!
[2026-08-17 05:19:31.176] [glim] [warning] points=670.100000 imu=671.750000 diff=1.650000
[2026-08-17 05:19:31.187] [glim] [warning] large time difference between points and imu!!
[2026-08-17 05:19:31.187] [glim] [warning] points=670.100000 imu=671.760000 diff=1.660000
[2026-08-17 05:19:31.200] [glim] [warning] large time difference between points and imu!!
[2026-08-17 05:19:31.200] [glim] [warning] points=670.100000 imu=671.770000 diff=1.670000
[2026-08-17 05:19:31.207] [glim] [warning] large time difference between points and imu!!
[2026-08-17 05:19:31.207] [glim] [warning] points=670.100000 imu=671.780000 diff=1.680000
[2026-08-17 05:19:31.217] [glim] [warning] large time difference between points and imu!!
[2026-08-17 05:19:31.217] [glim] [warning] points=670.100000 imu=671.790000 diff=1.690000
[2026-08-17 05:19:31.226] [glim] [warning] large time difference between points and imu!!
[2026-08-17 05:19:31.226] [glim] [warning] points=670.100000 imu=671.800000 diff=1.700000
[2026-08-17 05:19:31.237] [glim] [warning] large time difference between points and imu!!
[2026-08-17 05:19:31.237] [glim] [warning] points=670.100000 imu=671.810000 diff=1.710000
[2026-08-17 05:19:31.246] [glim] [warning] large time difference between points and imu!!
[2026-08-17 05:19:31.246] [glim] [warning] points=670.100000 imu=671.820000 diff=1.720000
[2026-08-17 05:19:31.256] [glim] [warning] large time difference between points and imu!!
[2026-08-17 05:19:31.256] [glim] [warning] points=670.100000 imu=671.830000 diff=1.730000
[2026-08-17 05:19:31.267] [glim] [warning] large time difference between points and imu!!
[2026-08-17 05:19:31.267] [glim] [warning] points=670.100000 imu=671.840000 diff=1.740000
[2026-08-17 05:19:31.276] [glim] [warning] large time difference between points and imu!!
[2026-08-17 05:19:31.276] [glim] [warning] points=670.100000 imu=671.850000 diff=1.750000
[2026-08-17 05:19:31.286] [glim] [warning] large time difference between points and imu!!
[2026-08-17 05:19:31.286] [glim] [warning] points=670.100000 imu=671.860000 diff=1.760000
[2026-08-17 05:19:31.297] [glim] [warning] large time difference between points and imu!!
[2026-08-17 05:19:31.297] [glim] [warning] points=670.100000 imu=671.870000 diff=1.770000
[2026-08-17 05:19:31.307] [glim] [warning] large time difference between points and imu!!
[2026-08-17 05:19:31.307] [glim] [warning] points=670.100000 imu=671.880000 diff=1.780000
[2026-08-17 05:19:31.316] [glim] [warning] large time difference between points and imu!!
[2026-08-17 05:19:31.316] [glim] [warning] points=670.100000 imu=671.890000 diff=1.790000
[2026-08-17 05:19:31.327] [glim] [warning] large time difference between points and imu!!
[2026-08-17 05:19:31.328] [glim] [warning] points=670.100000 imu=671.900000 diff=1.800000
[2026-08-17 05:19:31.337] [glim] [warning] large time difference between points and imu!!
[2026-08-17 05:19:31.337] [glim] [warning] points=670.100000 imu=671.910000 diff=1.810000
[2026-08-17 05:19:31.351] [glim] [warning] large time difference between points and imu!!
[2026-08-17 05:19:31.351] [glim] [warning] points=670.100000 imu=671.920000 diff=1.820000
[2026-08-17 05:19:31.358] [glim] [warning] large time difference between points and imu!!
[2026-08-17 05:19:31.358] [glim] [warning] points=670.100000 imu=671.930000 diff=1.830000
[2026-08-17 05:19:31.368] [glim] [warning] large time difference between points and imu!!
[2026-08-17 05:19:31.368] [glim] [warning] points=670.100000 imu=671.940000 diff=1.840000
[2026-08-17 05:19:31.378] [glim] [warning] large time difference between points and imu!!
[2026-08-17 05:19:31.378] [glim] [warning] points=670.100000 imu=671.950000 diff=1.850000
[2026-08-17 05:19:31.387] [glim] [warning] large time difference between points and imu!!
[2026-08-17 05:19:31.387] [glim] [warning] points=670.100000 imu=671.960000 diff=1.860000
[2026-08-17 05:19:31.399] [glim] [warning] large time difference between points and imu!!
[2026-08-17 05:19:31.399] [glim] [warning] points=670.100000 imu=671.970000 diff=1.870000
[2026-08-17 05:19:31.406] [glim] [warning] large time difference between points and imu!!
[2026-08-17 05:19:31.406] [glim] [warning] points=670.100000 imu=671.980000 diff=1.880000
[2026-08-17 05:19:31.416] [glim] [warning] large time difference between points and imu!!
[2026-08-17 05:19:31.416] [glim] [warning] points=670.100000 imu=671.990000 diff=1.890000
[2026-08-17 05:19:31.426] [glim] [warning] large time difference between points and imu!!
[2026-08-17 05:19:31.426] [glim] [warning] points=670.100000 imu=672.000000 diff=1.900000
[2026-08-17 05:19:31.437] [glim] [warning] large time difference between points and imu!!
[2026-08-17 05:19:31.437] [glim] [warning] points=670.100000 imu=672.010000 diff=1.910000
[2026-08-17 05:19:31.447] [glim] [warning] large time difference between points and imu!!
[2026-08-17 05:19:31.447] [glim] [warning] points=670.100000 imu=672.020000 diff=1.920000
[2026-08-17 05:19:31.456] [glim] [warning] large time difference between points and imu!!
[2026-08-17 05:19:31.456] [glim] [warning] points=670.100000 imu=672.030000 diff=1.930000
[2026-08-17 05:19:31.463] [glim] [warning] large time gap between consecutive LiDAR frames!!
[2026-08-17 05:19:31.463] [glim] [warning] current=672.000000 last=670.100000 diff=1.900000
[2026-08-17 05:19:31.718] [odom] [warning] neither frames[last]=0xea3755750d20 nor frames[last - 1]=0x0 is released!!
[2026-08-17 05:19:31.718] [odom] [warning] there might be a large time gap between point cloud frames
[2026-08-17 05:19:37.618] [glim] [warning] large time gap between consecutive LiDAR frames!!
[2026-08-17 05:19:37.618] [glim] [warning] current=678.100000 last=677.400000 diff=0.700000
[2026-08-17 05:19:41.216] [glim] [warning] large time gap between consecutive LiDAR frames!!
[2026-08-17 05:19:41.216] [glim] [warning] current=681.700000 last=680.900000 diff=0.800000
[INFO] [1786911582.944384294] [rclcpp]: signal_handler(SIGINT/SIGTERM)
[2026-08-17 05:19:42.955] [glim] [info] waiting for odometry estimation
[2026-08-17 05:19:42.957] [glim] [info] waiting for local mapping
[2026-08-17 05:19:42.972] [glim] [info] waiting for global mapping
[2026-08-17 05:19:42.980] [global] [info] saving to /tmp/dump...
[2026-08-17 05:19:42.983] [global] [info] serializing factor graph to /tmp/dump/graph.bin
[2026-08-17 05:19:45.215] [global] [info] saved
