[INFO] [launch]: All log files can be found below /home/hyunwoo-chae/.ros/log/2026-08-21-12-52-35-314457-hyunwoo-chae-QEMU-Virtual-Machine-14436
[INFO] [launch]: Default logging verbosity is set to INFO
[INFO] [gazebo-1]: process started with pid [14477]
[INFO] [parameter_bridge-2]: process started with pid [14478]
[INFO] [parameter_bridge-3]: process started with pid [14480]
[INFO] [parameter_bridge-4]: process started with pid [14481]
[INFO] [static_transform_publisher-5]: process started with pid [14482]
[INFO] [parameter_bridge-6]: process started with pid [14483]
[INFO] [wait_for_world-7]: process started with pid [14484]
[wait_for_world-7] [wait_for_world] 'Seongdong_gu' 로드 대기 (최대 180s, 10s 후부터 3s 간격 확인)
[static_transform_publisher-5] [INFO] [1787284355.992552690] [drone_os1_lidar_static_tf]: Spinning until stopped - publishing transform
[static_transform_publisher-5] translation: ('0.000000', '0.000000', '-0.175406')
[static_transform_publisher-5] rotation: ('0.000000', '0.707108', '0.000000', '0.707105')
[static_transform_publisher-5] from 'drone/base_link' to 'drone/os1_lidar'
[parameter_bridge-4] [INFO] [1787284356.081594791] [exp_drone_tf_bridge]: Creating GZ->ROS Bridge: [/model/X3/pose (gz.msgs.Pose_V) -> /model/X3/pose (tf2_msgs/msg/TFMessage)] (Lazy 0)
[parameter_bridge-3] [INFO] [1787284356.093792291] [exp_sensor_bridge]: Creating GZ->ROS Bridge: [/drone/points/points (gz.msgs.PointCloudPacked) -> /drone/points/points (sensor_msgs/msg/PointCloud2)] (Lazy 0)
[parameter_bridge-2] [INFO] [1787284356.098607572] [exp_clock_bridge]: Creating GZ->ROS Bridge: [/clock (gz.msgs.Clock) -> /clock (rosgraph_msgs/msg/Clock)] (Lazy 0)
[parameter_bridge-6] [INFO] [1787284356.103712986] [exp_cmd_bridge]: Creating ROS->GZ Bridge: [/X3/gazebo/command/twist (geometry_msgs/msg/Twist) -> /X3/gazebo/command/twist (gz.msgs.Twist)] (Lazy 0)
[parameter_bridge-3] [INFO] [1787284356.106433492] [exp_sensor_bridge]: Creating GZ->ROS Bridge: [/drone/imu (gz.msgs.IMU) -> /drone/imu (sensor_msgs/msg/Imu)] (Lazy 0)
[parameter_bridge-6] [INFO] [1787284356.107844900] [exp_cmd_bridge]: Creating ROS->GZ Bridge: [/X3/enable (std_msgs/msg/Bool) -> /X3/enable (gz.msgs.Boolean)] (Lazy 0)
[parameter_bridge-3] [INFO] [1787284356.109818154] [exp_sensor_bridge]: Creating GZ->ROS Bridge: [/drone/gps (gz.msgs.NavSat) -> /drone/gps (sensor_msgs/msg/NavSatFix)] (Lazy 0)
[gazebo-1] [1;33mWarning [Utils.cc:132][0m [/scale:/home/hyunwoo-chae/AG-CoNav-test_main/install/agconav_test_worlds/share/agconav_test_worlds/worlds/Seongdong_gu_100x100_dynamic/Seongdong_gu_100x100_dynamic.world:L389]: XML Element[scale], child of element[include], not defined in SDF. Copying[scale] as children of [include].
[gazebo-1] [1;33mWarning [Utils.cc:132][0m [/sdf/model[@name="x3"]/link[@name="X3/base_link"]/sensor[@name="drone_imu_sensor"]/gz_frame_id:/home/hyunwoo-chae/AG-CoNav-test_main/install/agconav_test_worlds/share/agconav_test_worlds/models/agconav_drone_dynamic/model.sdf:L44]: XML Element[gz_frame_id], child of element[sensor], not defined in SDF. Copying[gz_frame_id] as children of [sensor].
[gazebo-1] [1;33mWarning [Utils.cc:132][0m [/sdf/model[@name="x3"]/link[@name="os1_lidar"]/sensor[@name="os1_lidar"]/gz_frame_id:/home/hyunwoo-chae/AG-CoNav-test_main/install/agconav_test_worlds/share/agconav_test_worlds/models/agconav_drone_dynamic/model.sdf:L356]: XML Element[gz_frame_id], child of element[sensor], not defined in SDF. Copying[gz_frame_id] as children of [sensor].
[gazebo-1] [1;33mWarning [Utils.cc:132][0m [/sdf/model[@name="x3"]/link[@name="gps_link"]/sensor[@name="navsat_sensor"]/gz_frame_id:/home/hyunwoo-chae/AG-CoNav-test_main/install/agconav_test_worlds/share/agconav_test_worlds/models/agconav_drone_dynamic/model.sdf:L412]: XML Element[gz_frame_id], child of element[sensor], not defined in SDF. Copying[gz_frame_id] as children of [sensor].
[gazebo-1] [1;36mDbg[0m DART Bullet heightfield AABB: min = {-49.8054, -49.8054, -2.6248}, max = {49.8054, 49.8054, 2.6248} (will be translated by z=2.6248)
[gazebo-1] libEGL warning: egl: failed to create dri2 screen
[gazebo-1] libEGL warning: egl: failed to create dri2 screen
[gazebo-1] libEGL warning: NEEDS EXTENSION: falling back to kms_swrast
[wait_for_world-7] [wait_for_world] 'Seongdong_gu' 로드 완료 — spawn 시작
[INFO] [wait_for_world-7]: process has finished cleanly [pid 14484]
[INFO] [ros2-8]: process started with pid [14691]
[INFO] [velocity_path_follower.py-9]: process started with pid [14692]
[ros2-8] stdin is not a terminal device. Keyboard handling disabled.[INFO] [1787284368.776824391] [rosbag2_recorder]: Press SPACE for pausing/resuming
[ros2-8] [INFO] [1787284368.777157928] [rosbag2_recorder]: Event publisher thread: Started
[ros2-8] [INFO] [1787284368.785322820] [rosbag2_recorder]: Starting recording to '/home/hyunwoo-chae/AG-CoNav-test_main/bags/velocity_4m_5mps_preproc_src'
[ros2-8] [INFO] [1787284368.796201830] [rosbag2_recorder]: Listening for topics...
[ros2-8] [INFO] [1787284368.796244319] [rosbag2_recorder]: Recording...
[ros2-8] [INFO] [1787284368.796247610] [rosbag2_recorder]: Topics discovery started.
[ros2-8] [INFO] [1787284368.882823519] [rosbag2_recorder]: Subscribed to topic '/drone/gps'
[ros2-8] [INFO] [1787284368.891902378] [rosbag2_recorder]: Subscribed to topic '/drone/imu'
[ros2-8] [INFO] [1787284368.900810324] [rosbag2_recorder]: Subscribed to topic '/drone/points'
[ros2-8] [INFO] [1787284368.916205228] [rosbag2_recorder]: Subscribed to topic '/tf'
[ros2-8] [INFO] [1787284370.479985827] [rosbag2_recorder]: Subscribed to topic '/drone/path_status'
[velocity_path_follower.py-9] [INFO] [1787284370.492909557] [velocity_path_follower]: waypoint 5251개, 고도 8.4 m, 순항 5.0 m/s
[ros2-8] [INFO] [1787284371.603837614] [rosbag2_recorder]: Subscribed to topic '/tf_static'
[parameter_bridge-6] [INFO] [1787284371.755111855] [exp_cmd_bridge]: Passing message from ROS std_msgs/msg/Bool to Gazebo gz.msgs.Boolean (showing msg only once per type)
[velocity_path_follower.py-9] [INFO] [1787284374.814610786] [velocity_path_follower]: 아밍 완료 — 이륙
[parameter_bridge-6] [INFO] [1787284374.867596342] [exp_cmd_bridge]: Passing message from ROS geometry_msgs/msg/Twist to Gazebo gz.msgs.Twist (showing msg only once per type)
[velocity_path_follower.py-9] [INFO] [1787284375.970613082] [velocity_path_follower]: 설계 고도 도달 (3.5 m)
[velocity_path_follower.py-9] [INFO] [1787284376.832701274] [velocity_path_follower]:   5.0s  climb       위치 ( -31.60,  -158.93,   4.27)
[velocity_path_follower.py-9] [INFO] [1787284381.879912132] [velocity_path_follower]:  10.0s  wp 1/5251 이탈0.0m  위치 ( -34.12,  -161.31,  10.36)
[velocity_path_follower.py-9] [INFO] [1787284384.390102273] [velocity_path_follower]: waypoint 1 / 5251 도달 (선 이탈 0.00 m)
[velocity_path_follower.py-9] [INFO] [1787284384.439901273] [velocity_path_follower]: waypoint 2 / 5251 도달 (선 이탈 1.03 m)
[velocity_path_follower.py-9] [INFO] [1787284384.490160645] [velocity_path_follower]: waypoint 3 / 5251 도달 (선 이탈 0.94 m)
[velocity_path_follower.py-9] [INFO] [1787284384.541634245] [velocity_path_follower]: waypoint 4 / 5251 도달 (선 이탈 0.88 m)
[velocity_path_follower.py-9] [INFO] [1787284384.590125576] [velocity_path_follower]: waypoint 5 / 5251 도달 (선 이탈 0.80 m)
[velocity_path_follower.py-9] [INFO] [1787284386.897398057] [velocity_path_follower]:  15.0s  wp 6/5251 이탈1.9m  위치 ( -40.04,  -168.04,   9.40)
[velocity_path_follower.py-9] [INFO] [1787284392.073964738] [velocity_path_follower]:  20.0s  wp 6/5251 이탈2.3m  위치 ( -39.03,  -168.38,   7.14)
[velocity_path_follower.py-9] [INFO] [1787284394.129915896] [velocity_path_follower]: waypoint 6 / 5251 도달 (선 이탈 1.12 m)
[velocity_path_follower.py-9] [INFO] [1787284394.787849954] [velocity_path_follower]: waypoint 7 / 5251 도달 (선 이탈 0.71 m)
[velocity_path_follower.py-9] [INFO] [1787284395.342698418] [velocity_path_follower]: waypoint 8 / 5251 도달 (선 이탈 0.36 m)
[velocity_path_follower.py-9] [INFO] [1787284395.892732332] [velocity_path_follower]: waypoint 9 / 5251 도달 (선 이탈 0.03 m)
[velocity_path_follower.py-9] [INFO] [1787284396.400422577] [velocity_path_follower]: waypoint 10 / 5251 도달 (선 이탈 0.27 m)
[velocity_path_follower.py-9] [INFO] [1787284396.952373462] [velocity_path_follower]: waypoint 11 / 5251 도달 (선 이탈 0.54 m)
[velocity_path_follower.py-9] [INFO] [1787284397.113288426] [velocity_path_follower]:  25.0s  wp 12/5251 이탈0.6m  위치 ( -34.89,  -165.49,   8.35)
[velocity_path_follower.py-9] [INFO] [1787284397.421127734] [velocity_path_follower]: waypoint 12 / 5251 도달 (선 이탈 0.73 m)
[velocity_path_follower.py-9] [INFO] [1787284397.925920873] [velocity_path_follower]: waypoint 13 / 5251 도달 (선 이탈 0.90 m)
[velocity_path_follower.py-9] [INFO] [1787284398.375454422] [velocity_path_follower]: waypoint 14 / 5251 도달 (선 이탈 1.03 m)
[velocity_path_follower.py-9] [INFO] [1787284398.825778275] [velocity_path_follower]: waypoint 15 / 5251 도달 (선 이탈 1.12 m)
[velocity_path_follower.py-9] [INFO] [1787284399.278236235] [velocity_path_follower]: waypoint 16 / 5251 도달 (선 이탈 1.17 m)
[velocity_path_follower.py-9] [INFO] [1787284399.730222618] [velocity_path_follower]: waypoint 17 / 5251 도달 (선 이탈 1.20 m)
[velocity_path_follower.py-9] [INFO] [1787284400.180457184] [velocity_path_follower]: waypoint 18 / 5251 도달 (선 이탈 1.19 m)
[velocity_path_follower.py-9] [INFO] [1787284400.582658595] [velocity_path_follower]: waypoint 19 / 5251 도달 (선 이탈 1.16 m)
[velocity_path_follower.py-9] [INFO] [1787284401.060183460] [velocity_path_follower]: waypoint 20 / 5251 도달 (선 이탈 1.10 m)
[velocity_path_follower.py-9] [INFO] [1787284401.516931100] [velocity_path_follower]: waypoint 21 / 5251 도달 (선 이탈 1.02 m)
[velocity_path_follower.py-9] [INFO] [1787284401.946533304] [velocity_path_follower]: waypoint 22 / 5251 도달 (선 이탈 0.94 m)
[velocity_path_follower.py-9] [INFO] [1787284402.201693326] [velocity_path_follower]:  30.0s  wp 23/5251 이탈0.9m  위치 ( -29.31,  -165.22,   8.94)
[velocity_path_follower.py-9] [INFO] [1787284402.401695257] [velocity_path_follower]: waypoint 23 / 5251 도달 (선 이탈 0.83 m)
[velocity_path_follower.py-9] [INFO] [1787284402.809536348] [velocity_path_follower]: waypoint 24 / 5251 도달 (선 이탈 0.71 m)
[velocity_path_follower.py-9] [INFO] [1787284403.364162471] [velocity_path_follower]: waypoint 25 / 5251 도달 (선 이탈 0.58 m)
[velocity_path_follower.py-9] [INFO] [1787284403.763376775] [velocity_path_follower]: waypoint 26 / 5251 도달 (선 이탈 0.45 m)
[velocity_path_follower.py-9] [INFO] [1787284404.168096577] [velocity_path_follower]: waypoint 27 / 5251 도달 (선 이탈 0.32 m)
[velocity_path_follower.py-9] [INFO] [1787284404.568072488] [velocity_path_follower]: waypoint 28 / 5251 도달 (선 이탈 0.19 m)
[velocity_path_follower.py-9] [INFO] [1787284404.970855232] [velocity_path_follower]: waypoint 29 / 5251 도달 (선 이탈 0.07 m)
[velocity_path_follower.py-9] [INFO] [1787284405.374797236] [velocity_path_follower]: waypoint 30 / 5251 도달 (선 이탈 0.05 m)
[velocity_path_follower.py-9] [INFO] [1787284405.774842112] [velocity_path_follower]: waypoint 31 / 5251 도달 (선 이탈 0.16 m)
[velocity_path_follower.py-9] [INFO] [1787284406.176914975] [velocity_path_follower]: waypoint 32 / 5251 도달 (선 이탈 0.26 m)
[velocity_path_follower.py-9] [INFO] [1787284406.577000760] [velocity_path_follower]: waypoint 33 / 5251 도달 (선 이탈 0.35 m)
[velocity_path_follower.py-9] [INFO] [1787284406.976787205] [velocity_path_follower]: waypoint 34 / 5251 도달 (선 이탈 0.42 m)
[velocity_path_follower.py-9] [INFO] [1787284407.331521239] [velocity_path_follower]: waypoint 35 / 5251 도달 (선 이탈 0.48 m)
[velocity_path_follower.py-9] [INFO] [1787284407.381549677] [velocity_path_follower]:  35.1s  wp 36/5251 이탈0.5m  위치 ( -23.00,  -166.58,   8.22)
[velocity_path_follower.py-9] [INFO] [1787284407.732358837] [velocity_path_follower]: waypoint 36 / 5251 도달 (선 이탈 0.53 m)
[velocity_path_follower.py-9] [INFO] [1787284408.083704129] [velocity_path_follower]: waypoint 37 / 5251 도달 (선 이탈 0.56 m)
[velocity_path_follower.py-9] [INFO] [1787284408.483627871] [velocity_path_follower]: waypoint 38 / 5251 도달 (선 이탈 0.58 m)
[velocity_path_follower.py-9] [INFO] [1787284408.835980729] [velocity_path_follower]: waypoint 39 / 5251 도달 (선 이탈 0.59 m)
[velocity_path_follower.py-9] [INFO] [1787284409.240582173] [velocity_path_follower]: waypoint 40 / 5251 도달 (선 이탈 0.58 m)
[velocity_path_follower.py-9] [INFO] [1787284409.592730863] [velocity_path_follower]: waypoint 41 / 5251 도달 (선 이탈 0.57 m)
[velocity_path_follower.py-9] [INFO] [1787284409.948769146] [velocity_path_follower]: waypoint 42 / 5251 도달 (선 이탈 0.55 m)
[velocity_path_follower.py-9] [INFO] [1787284410.354619591] [velocity_path_follower]: waypoint 43 / 5251 도달 (선 이탈 0.52 m)
[velocity_path_follower.py-9] [INFO] [1787284410.704572675] [velocity_path_follower]: waypoint 44 / 5251 도달 (선 이탈 0.48 m)
[velocity_path_follower.py-9] [INFO] [1787284411.109988808] [velocity_path_follower]: waypoint 45 / 5251 도달 (선 이탈 0.43 m)
[velocity_path_follower.py-9] [INFO] [1787284411.462546991] [velocity_path_follower]: waypoint 46 / 5251 도달 (선 이탈 0.38 m)
[velocity_path_follower.py-9] [INFO] [1787284411.869846402] [velocity_path_follower]: waypoint 47 / 5251 도달 (선 이탈 0.32 m)
[velocity_path_follower.py-9] [INFO] [1787284412.220259293] [velocity_path_follower]: waypoint 48 / 5251 도달 (선 이탈 0.26 m)
[velocity_path_follower.py-9] [INFO] [1787284412.369775668] [velocity_path_follower]:  40.0s  wp 49/5251 이탈0.2m  위치 ( -16.37,  -166.34,   8.24)
[velocity_path_follower.py-9] [INFO] [1787284412.570011263] [velocity_path_follower]: waypoint 49 / 5251 도달 (선 이탈 0.20 m)
[velocity_path_follower.py-9] [INFO] [1787284412.972997252] [velocity_path_follower]: waypoint 50 / 5251 도달 (선 이탈 0.14 m)
[velocity_path_follower.py-9] [INFO] [1787284413.325285406] [velocity_path_follower]: waypoint 51 / 5251 도달 (선 이탈 0.08 m)
[velocity_path_follower.py-9] [INFO] [1787284413.677367818] [velocity_path_follower]: waypoint 52 / 5251 도달 (선 이탈 0.02 m)
[velocity_path_follower.py-9] [INFO] [1787284414.030927711] [velocity_path_follower]: waypoint 53 / 5251 도달 (선 이탈 0.03 m)
[velocity_path_follower.py-9] [INFO] [1787284414.433538650] [velocity_path_follower]: waypoint 54 / 5251 도달 (선 이탈 0.09 m)
[velocity_path_follower.py-9] [INFO] [1787284414.786059258] [velocity_path_follower]: waypoint 55 / 5251 도달 (선 이탈 0.14 m)
[velocity_path_follower.py-9] [INFO] [1787284415.138466474] [velocity_path_follower]: waypoint 56 / 5251 도달 (선 이탈 0.17 m)
[velocity_path_follower.py-9] [INFO] [1787284415.488647096] [velocity_path_follower]: waypoint 57 / 5251 도달 (선 이탈 0.21 m)
[velocity_path_follower.py-9] [INFO] [1787284415.841651592] [velocity_path_follower]: waypoint 58 / 5251 도달 (선 이탈 0.24 m)
[velocity_path_follower.py-9] [INFO] [1787284416.251695968] [velocity_path_follower]: waypoint 59 / 5251 도달 (선 이탈 0.27 m)
[velocity_path_follower.py-9] [INFO] [1787284416.601863961] [velocity_path_follower]: waypoint 60 / 5251 도달 (선 이탈 0.29 m)
[velocity_path_follower.py-9] [INFO] [1787284416.956417284] [velocity_path_follower]: waypoint 61 / 5251 도달 (선 이탈 0.30 m)
[velocity_path_follower.py-9] [INFO] [1787284417.316658303] [velocity_path_follower]: waypoint 62 / 5251 도달 (선 이탈 0.30 m)
[velocity_path_follower.py-9] [INFO] [1787284417.416118482] [velocity_path_follower]:  45.0s  wp 63/5251 이탈0.3m  위치 (  -9.42,  -165.79,   8.77)
[velocity_path_follower.py-9] [INFO] [1787284417.668308445] [velocity_path_follower]: waypoint 63 / 5251 도달 (선 이탈 0.31 m)
[velocity_path_follower.py-9] [INFO] [1787284418.018381218] [velocity_path_follower]: waypoint 64 / 5251 도달 (선 이탈 0.30 m)
[velocity_path_follower.py-9] [INFO] [1787284418.373739570] [velocity_path_follower]: waypoint 65 / 5251 도달 (선 이탈 0.29 m)
[velocity_path_follower.py-9] [INFO] [1787284418.726758946] [velocity_path_follower]: waypoint 66 / 5251 도달 (선 이탈 0.28 m)
[velocity_path_follower.py-9] [INFO] [1787284419.079774050] [velocity_path_follower]: waypoint 67 / 5251 도달 (선 이탈 0.26 m)
[velocity_path_follower.py-9] [INFO] [1787284419.431930332] [velocity_path_follower]: waypoint 68 / 5251 도달 (선 이탈 0.24 m)
[velocity_path_follower.py-9] [INFO] [1787284419.781826250] [velocity_path_follower]: waypoint 69 / 5251 도달 (선 이탈 0.21 m)
[velocity_path_follower.py-9] [INFO] [1787284420.182046933] [velocity_path_follower]: waypoint 70 / 5251 도달 (선 이탈 0.18 m)
[velocity_path_follower.py-9] [INFO] [1787284420.533792817] [velocity_path_follower]: waypoint 71 / 5251 도달 (선 이탈 0.15 m)
[velocity_path_follower.py-9] [INFO] [1787284420.843209001] [velocity_path_follower]: waypoint 72 / 5251 도달 (선 이탈 0.13 m)
[velocity_path_follower.py-9] [INFO] [1787284421.255892571] [velocity_path_follower]: waypoint 73 / 5251 도달 (선 이탈 0.09 m)
[velocity_path_follower.py-9] [INFO] [1787284421.561446462] [velocity_path_follower]: waypoint 74 / 5251 도달 (선 이탈 0.07 m)
[velocity_path_follower.py-9] [INFO] [1787284421.973711885] [velocity_path_follower]: waypoint 75 / 5251 도달 (선 이탈 0.04 m)
[velocity_path_follower.py-9] [INFO] [1787284422.331559284] [velocity_path_follower]: waypoint 76 / 5251 도달 (선 이탈 0.01 m)
[velocity_path_follower.py-9] [INFO] [1787284422.481666997] [velocity_path_follower]:  50.0s  wp 77/5251 이탈0.0m  위치 (  -2.35,  -166.11,   8.91)
[velocity_path_follower.py-9] [INFO] [1787284422.681466195] [velocity_path_follower]: waypoint 77 / 5251 도달 (선 이탈 0.02 m)
[velocity_path_follower.py-9] [INFO] [1787284423.036564101] [velocity_path_follower]: waypoint 78 / 5251 도달 (선 이탈 0.05 m)
[velocity_path_follower.py-9] [INFO] [1787284423.390624833] [velocity_path_follower]: waypoint 79 / 5251 도달 (선 이탈 0.07 m)
[velocity_path_follower.py-9] [INFO] [1787284423.741121732] [velocity_path_follower]: waypoint 80 / 5251 도달 (선 이탈 0.09 m)
[velocity_path_follower.py-9] [INFO] [1787284424.090713600] [velocity_path_follower]: waypoint 81 / 5251 도달 (선 이탈 0.11 m)
[velocity_path_follower.py-9] [INFO] [1787284424.442415351] [velocity_path_follower]: waypoint 82 / 5251 도달 (선 이탈 0.13 m)
[velocity_path_follower.py-9] [INFO] [1787284424.792758487] [velocity_path_follower]: waypoint 83 / 5251 도달 (선 이탈 0.14 m)
[velocity_path_follower.py-9] [INFO] [1787284425.146929052] [velocity_path_follower]: waypoint 84 / 5251 도달 (선 이탈 0.15 m)
[velocity_path_follower.py-9] [INFO] [1787284425.498952624] [velocity_path_follower]: waypoint 85 / 5251 도달 (선 이탈 0.15 m)
[velocity_path_follower.py-9] [INFO] [1787284425.851232178] [velocity_path_follower]: waypoint 86 / 5251 도달 (선 이탈 0.16 m)
[velocity_path_follower.py-9] [INFO] [1787284426.201339261] [velocity_path_follower]: waypoint 87 / 5251 도달 (선 이탈 0.16 m)
[velocity_path_follower.py-9] [INFO] [1787284426.553120637] [velocity_path_follower]: waypoint 88 / 5251 도달 (선 이탈 0.16 m)
[velocity_path_follower.py-9] [INFO] [1787284426.907706209] [velocity_path_follower]: waypoint 89 / 5251 도달 (선 이탈 0.15 m)
[velocity_path_follower.py-9] [INFO] [1787284427.259950097] [velocity_path_follower]: waypoint 90 / 5251 도달 (선 이탈 0.14 m)
[velocity_path_follower.py-9] [INFO] [1787284427.509850487] [velocity_path_follower]:  55.0s  wp 91/5251 이탈0.1m  위치 (   4.80,  -166.24,   8.96)
[velocity_path_follower.py-9] [INFO] [1787284427.609962400] [velocity_path_follower]: waypoint 91 / 5251 도달 (선 이탈 0.13 m)
[velocity_path_follower.py-9] [INFO] [1787284427.960103486] [velocity_path_follower]: waypoint 92 / 5251 도달 (선 이탈 0.12 m)
[velocity_path_follower.py-9] [INFO] [1787284428.313031127] [velocity_path_follower]: waypoint 93 / 5251 도달 (선 이탈 0.11 m)
[velocity_path_follower.py-9] [INFO] [1787284428.615795632] [velocity_path_follower]: waypoint 94 / 5251 도달 (선 이탈 0.10 m)
[velocity_path_follower.py-9] [INFO] [1787284429.019778312] [velocity_path_follower]: waypoint 95 / 5251 도달 (선 이탈 0.08 m)
[velocity_path_follower.py-9] [INFO] [1787284429.369634718] [velocity_path_follower]: waypoint 96 / 5251 도달 (선 이탈 0.07 m)
[velocity_path_follower.py-9] [INFO] [1787284429.679236525] [velocity_path_follower]: waypoint 97 / 5251 도달 (선 이탈 0.05 m)
[velocity_path_follower.py-9] [INFO] [1787284430.093209177] [velocity_path_follower]: waypoint 98 / 5251 도달 (선 이탈 0.03 m)
[velocity_path_follower.py-9] [INFO] [1787284430.387698607] [velocity_path_follower]: waypoint 99 / 5251 도달 (선 이탈 0.02 m)
[velocity_path_follower.py-9] [INFO] [1787284430.744425246] [velocity_path_follower]: waypoint 100 / 5251 도달 (선 이탈 0.00 m)
[velocity_path_follower.py-9] [INFO] [1787284431.094427776] [velocity_path_follower]: waypoint 101 / 5251 도달 (선 이탈 0.01 m)
[velocity_path_follower.py-9] [INFO] [1787284431.446747601] [velocity_path_follower]: waypoint 102 / 5251 도달 (선 이탈 0.02 m)
[velocity_path_follower.py-9] [INFO] [1787284431.798007608] [velocity_path_follower]: waypoint 103 / 5251 도달 (선 이탈 0.04 m)
[velocity_path_follower.py-9] [INFO] [1787284432.149935409] [velocity_path_follower]: waypoint 104 / 5251 도달 (선 이탈 0.05 m)
[velocity_path_follower.py-9] [INFO] [1787284432.499609634] [velocity_path_follower]: waypoint 105 / 5251 도달 (선 이탈 0.06 m)
[velocity_path_follower.py-9] [INFO] [1787284432.549581177] [velocity_path_follower]:  60.0s  wp 106/5251 이탈0.1m  위치 (  11.98,  -166.04,   9.11)
[velocity_path_follower.py-9] [INFO] [1787284432.853801417] [velocity_path_follower]: waypoint 106 / 5251 도달 (선 이탈 0.07 m)
[velocity_path_follower.py-9] [INFO] [1787284433.203608478] [velocity_path_follower]: waypoint 107 / 5251 도달 (선 이탈 0.07 m)
[velocity_path_follower.py-9] [INFO] [1787284433.641055458] [velocity_path_follower]: waypoint 108 / 5251 도달 (선 이탈 0.08 m)
[velocity_path_follower.py-9] [INFO] [1787284434.005398583] [velocity_path_follower]: waypoint 109 / 5251 도달 (선 이탈 0.08 m)
[velocity_path_follower.py-9] [INFO] [1787284434.368697600] [velocity_path_follower]: waypoint 110 / 5251 도달 (선 이탈 0.08 m)
[velocity_path_follower.py-9] [INFO] [1787284434.907256180] [velocity_path_follower]: waypoint 111 / 5251 도달 (선 이탈 0.08 m)
[velocity_path_follower.py-9] [INFO] [1787284435.601454578] [velocity_path_follower]: waypoint 112 / 5251 도달 (선 이탈 0.08 m)
[velocity_path_follower.py-9] [INFO] [1787284436.015654112] [velocity_path_follower]: waypoint 113 / 5251 도달 (선 이탈 0.08 m)
[velocity_path_follower.py-9] [INFO] [1787284436.368014940] [velocity_path_follower]: waypoint 114 / 5251 도달 (선 이탈 0.08 m)
[velocity_path_follower.py-9] [INFO] [1787284436.718349857] [velocity_path_follower]: waypoint 115 / 5251 도달 (선 이탈 0.07 m)
[velocity_path_follower.py-9] [INFO] [1787284437.071295617] [velocity_path_follower]: waypoint 116 / 5251 도달 (선 이탈 0.07 m)
[velocity_path_follower.py-9] [INFO] [1787284437.430460535] [velocity_path_follower]: waypoint 117 / 5251 도달 (선 이탈 0.06 m)
[velocity_path_follower.py-9] [INFO] [1787284437.736870360] [velocity_path_follower]: waypoint 118 / 5251 도달 (선 이탈 0.05 m)
[velocity_path_follower.py-9] [INFO] [1787284438.087941690] [velocity_path_follower]: waypoint 119 / 5251 도달 (선 이탈 0.05 m)
[velocity_path_follower.py-9] [INFO] [1787284438.294987138] [velocity_path_follower]:  65.0s  wp 120/5251 이탈0.0m  위치 (  19.18,  -166.06,   9.26)
[velocity_path_follower.py-9] [INFO] [1787284438.479032273] [velocity_path_follower]: waypoint 120 / 5251 도달 (선 이탈 0.04 m)
[velocity_path_follower.py-9] [INFO] [1787284438.838323608] [velocity_path_follower]: waypoint 121 / 5251 도달 (선 이탈 0.03 m)
[velocity_path_follower.py-9] [INFO] [1787284439.205633470] [velocity_path_follower]: waypoint 122 / 5251 도달 (선 이탈 0.02 m)
[velocity_path_follower.py-9] [INFO] [1787284439.558796415] [velocity_path_follower]: waypoint 123 / 5251 도달 (선 이탈 0.01 m)
[velocity_path_follower.py-9] [INFO] [1787284439.940131930] [velocity_path_follower]: waypoint 124 / 5251 도달 (선 이탈 0.01 m)
[velocity_path_follower.py-9] [INFO] [1787284440.310698515] [velocity_path_follower]: waypoint 125 / 5251 도달 (선 이탈 0.00 m)
[velocity_path_follower.py-9] [INFO] [1787284440.667767499] [velocity_path_follower]: waypoint 126 / 5251 도달 (선 이탈 0.01 m)
[velocity_path_follower.py-9] [INFO] [1787284441.042302360] [velocity_path_follower]: waypoint 127 / 5251 도달 (선 이탈 0.02 m)
[velocity_path_follower.py-9] [INFO] [1787284441.395757238] [velocity_path_follower]: waypoint 128 / 5251 도달 (선 이탈 0.02 m)
[velocity_path_follower.py-9] [INFO] [1787284441.751653945] [velocity_path_follower]: waypoint 129 / 5251 도달 (선 이탈 0.03 m)
[velocity_path_follower.py-9] [INFO] [1787284442.117047756] [velocity_path_follower]: waypoint 130 / 5251 도달 (선 이탈 0.03 m)
[velocity_path_follower.py-9] [INFO] [1787284442.487080362] [velocity_path_follower]: waypoint 131 / 5251 도달 (선 이탈 0.04 m)
[velocity_path_follower.py-9] [INFO] [1787284442.890980320] [velocity_path_follower]: waypoint 132 / 5251 도달 (선 이탈 0.04 m)
[velocity_path_follower.py-9] [INFO] [1787284443.272950628] [velocity_path_follower]: waypoint 133 / 5251 도달 (선 이탈 0.04 m)
[velocity_path_follower.py-9] [INFO] [1787284443.577828233] [velocity_path_follower]: waypoint 134 / 5251 도달 (선 이탈 0.04 m)
[velocity_path_follower.py-9] [INFO] [1787284443.625742560] [velocity_path_follower]:  70.1s  wp 135/5251 이탈0.0m  위치 (  26.47,  -166.14,   9.38)
[velocity_path_follower.py-9] [INFO] [1787284443.954227860] [velocity_path_follower]: waypoint 135 / 5251 도달 (선 이탈 0.04 m)
[velocity_path_follower.py-9] [INFO] [1787284444.378619665] [velocity_path_follower]: waypoint 136 / 5251 도달 (선 이탈 0.04 m)
[velocity_path_follower.py-9] [INFO] [1787284444.705221006] [velocity_path_follower]: waypoint 137 / 5251 도달 (선 이탈 0.04 m)
[velocity_path_follower.py-9] [INFO] [1787284445.061360494] [velocity_path_follower]: waypoint 138 / 5251 도달 (선 이탈 0.04 m)
[velocity_path_follower.py-9] [INFO] [1787284445.419433057] [velocity_path_follower]: waypoint 139 / 5251 도달 (선 이탈 0.04 m)
[velocity_path_follower.py-9] [INFO] [1787284445.784713452] [velocity_path_follower]: waypoint 140 / 5251 도달 (선 이탈 0.04 m)
[velocity_path_follower.py-9] [INFO] [1787284446.144683224] [velocity_path_follower]: waypoint 141 / 5251 도달 (선 이탈 0.03 m)
[velocity_path_follower.py-9] [INFO] [1787284446.512778357] [velocity_path_follower]: waypoint 142 / 5251 도달 (선 이탈 0.03 m)
[velocity_path_follower.py-9] [INFO] [1787284446.879449237] [velocity_path_follower]: waypoint 143 / 5251 도달 (선 이탈 0.02 m)
[velocity_path_follower.py-9] [INFO] [1787284447.280274851] [velocity_path_follower]: waypoint 144 / 5251 도달 (선 이탈 0.02 m)
[velocity_path_follower.py-9] [INFO] [1787284447.688684077] [velocity_path_follower]: waypoint 145 / 5251 도달 (선 이탈 0.02 m)
[velocity_path_follower.py-9] [INFO] [1787284448.064838074] [velocity_path_follower]: waypoint 146 / 5251 도달 (선 이탈 0.01 m)
[velocity_path_follower.py-9] [INFO] [1787284448.415635870] [velocity_path_follower]: waypoint 147 / 5251 도달 (선 이탈 0.01 m)
[velocity_path_follower.py-9] [INFO] [1787284448.770986846] [velocity_path_follower]: waypoint 148 / 5251 도달 (선 이탈 0.00 m)
[velocity_path_follower.py-9] [INFO] [1787284448.874113270] [velocity_path_follower]:  75.0s  wp 149/5251 이탈0.0m  위치 (  33.59,  -166.10,   9.49)
[velocity_path_follower.py-9] [INFO] [1787284449.139536411] [velocity_path_follower]: waypoint 149 / 5251 도달 (선 이탈 0.00 m)
[velocity_path_follower.py-9] [INFO] [1787284449.481297767] [velocity_path_follower]: waypoint 150 / 5251 도달 (선 이탈 0.00 m)
[velocity_path_follower.py-9] [INFO] [1787284449.957896301] [velocity_path_follower]: waypoint 151 / 5251 도달 (선 이탈 0.01 m)
[velocity_path_follower.py-9] [INFO] [1787284450.261257674] [velocity_path_follower]: waypoint 152 / 5251 도달 (선 이탈 0.01 m)
[velocity_path_follower.py-9] [INFO] [1787284450.621358505] [velocity_path_follower]: waypoint 153 / 5251 도달 (선 이탈 0.01 m)
[velocity_path_follower.py-9] [INFO] [1787284451.013923820] [velocity_path_follower]: waypoint 154 / 5251 도달 (선 이탈 0.02 m)
[velocity_path_follower.py-9] [INFO] [1787284451.371696672] [velocity_path_follower]: waypoint 155 / 5251 도달 (선 이탈 0.02 m)
[velocity_path_follower.py-9] [INFO] [1787284451.727581813] [velocity_path_follower]: waypoint 156 / 5251 도달 (선 이탈 0.02 m)
[velocity_path_follower.py-9] [INFO] [1787284452.081805559] [velocity_path_follower]: waypoint 157 / 5251 도달 (선 이탈 0.02 m)
[velocity_path_follower.py-9] [INFO] [1787284452.472064930] [velocity_path_follower]: waypoint 158 / 5251 도달 (선 이탈 0.02 m)
[velocity_path_follower.py-9] [INFO] [1787284452.826061982] [velocity_path_follower]: waypoint 159 / 5251 도달 (선 이탈 0.02 m)
[velocity_path_follower.py-9] [INFO] [1787284453.210810790] [velocity_path_follower]: waypoint 160 / 5251 도달 (선 이탈 0.02 m)
[velocity_path_follower.py-9] [INFO] [1787284453.570236905] [velocity_path_follower]: waypoint 161 / 5251 도달 (선 이탈 0.02 m)
[velocity_path_follower.py-9] [INFO] [1787284453.870920419] [velocity_path_follower]: waypoint 162 / 5251 도달 (선 이탈 0.02 m)
[velocity_path_follower.py-9] [INFO] [1787284454.178762385] [velocity_path_follower]:  80.0s  wp 163/5251 이탈0.0m  위치 (  40.81,  -166.08,   9.60)
[velocity_path_follower.py-9] [INFO] [1787284454.278355078] [velocity_path_follower]: waypoint 163 / 5251 도달 (선 이탈 0.02 m)
[velocity_path_follower.py-9] [INFO] [1787284454.628079965] [velocity_path_follower]: waypoint 164 / 5251 도달 (선 이탈 0.02 m)
[velocity_path_follower.py-9] [INFO] [1787284454.931321723] [velocity_path_follower]: waypoint 165 / 5251 도달 (선 이탈 0.02 m)
[velocity_path_follower.py-9] [INFO] [1787284455.286452949] [velocity_path_follower]: waypoint 166 / 5251 도달 (선 이탈 0.02 m)
[velocity_path_follower.py-9] [INFO] [1787284455.635758729] [velocity_path_follower]: waypoint 167 / 5251 도달 (선 이탈 0.01 m)
[velocity_path_follower.py-9] [INFO] [1787284455.985548293] [velocity_path_follower]: waypoint 168 / 5251 도달 (선 이탈 0.01 m)
[velocity_path_follower.py-9] [INFO] [1787284456.338740130] [velocity_path_follower]: waypoint 169 / 5251 도달 (선 이탈 0.01 m)
[velocity_path_follower.py-9] [INFO] [1787284456.688700405] [velocity_path_follower]: waypoint 170 / 5251 도달 (선 이탈 0.01 m)
[velocity_path_follower.py-9] [INFO] [1787284457.041771817] [velocity_path_follower]: waypoint 171 / 5251 도달 (선 이탈 0.01 m)
[velocity_path_follower.py-9] [INFO] [1787284457.398679005] [velocity_path_follower]: waypoint 172 / 5251 도달 (선 이탈 0.00 m)
[velocity_path_follower.py-9] [INFO] [1787284457.751568367] [velocity_path_follower]: waypoint 173 / 5251 도달 (선 이탈 0.00 m)
[velocity_path_follower.py-9] [INFO] [1787284458.103552080] [velocity_path_follower]: waypoint 174 / 5251 도달 (선 이탈 0.00 m)
[velocity_path_follower.py-9] [INFO] [1787284458.455884192] [velocity_path_follower]: waypoint 175 / 5251 도달 (선 이탈 0.00 m)
[velocity_path_follower.py-9] [INFO] [1787284458.809443416] [velocity_path_follower]: waypoint 176 / 5251 도달 (선 이탈 0.00 m)
[velocity_path_follower.py-9] [INFO] [1787284459.130654278] [velocity_path_follower]: waypoint 177 / 5251 도달 (선 이탈 0.01 m)
[velocity_path_follower.py-9] [INFO] [1787284459.230806323] [velocity_path_follower]:  85.0s  wp 178/5251 이탈0.0m  위치 (  48.02,  -166.11,   9.58)
[velocity_path_follower.py-9] [INFO] [1787284459.536168244] [velocity_path_follower]: waypoint 178 / 5251 도달 (선 이탈 0.01 m)
[velocity_path_follower.py-9] [INFO] [1787284459.886075990] [velocity_path_follower]: waypoint 179 / 5251 도달 (선 이탈 0.01 m)
[velocity_path_follower.py-9] [INFO] [1787284460.188410632] [velocity_path_follower]: waypoint 180 / 5251 도달 (선 이탈 0.01 m)
[velocity_path_follower.py-9] [INFO] [1787284460.595993835] [velocity_path_follower]: waypoint 181 / 5251 도달 (선 이탈 0.01 m)
[velocity_path_follower.py-9] [INFO] [1787284460.895766265] [velocity_path_follower]: waypoint 182 / 5251 도달 (선 이탈 0.01 m)
[velocity_path_follower.py-9] [INFO] [1787284461.247862105] [velocity_path_follower]: waypoint 183 / 5251 도달 (선 이탈 0.01 m)
[velocity_path_follower.py-9] [INFO] [1787284461.597844172] [velocity_path_follower]: waypoint 184 / 5251 도달 (선 이탈 0.01 m)
[velocity_path_follower.py-9] [INFO] [1787284461.947978696] [velocity_path_follower]: waypoint 185 / 5251 도달 (선 이탈 0.01 m)
[velocity_path_follower.py-9] [INFO] [1787284462.300567689] [velocity_path_follower]: waypoint 186 / 5251 도달 (선 이탈 0.01 m)
[velocity_path_follower.py-9] [INFO] [1787284462.650993341] [velocity_path_follower]: waypoint 187 / 5251 도달 (선 이탈 0.01 m)
[velocity_path_follower.py-9] [INFO] [1787284463.002841320] [velocity_path_follower]: waypoint 188 / 5251 도달 (선 이탈 0.01 m)
[velocity_path_follower.py-9] [INFO] [1787284463.352957389] [velocity_path_follower]: waypoint 189 / 5251 도달 (선 이탈 0.01 m)
[velocity_path_follower.py-9] [INFO] [1787284463.705534780] [velocity_path_follower]: waypoint 190 / 5251 도달 (선 이탈 0.01 m)
[velocity_path_follower.py-9] [INFO] [1787284464.055523121] [velocity_path_follower]: waypoint 191 / 5251 도달 (선 이탈 0.01 m)
[velocity_path_follower.py-9] [INFO] [1787284464.255441002] [velocity_path_follower]:  90.0s  wp 192/5251 이탈0.0m  위치 (  55.23,  -166.11,   9.60)
[velocity_path_follower.py-9] [INFO] [1787284464.358408348] [velocity_path_follower]: waypoint 192 / 5251 도달 (선 이탈 0.01 m)
[velocity_path_follower.py-9] [INFO] [1787284464.793743609] [velocity_path_follower]: waypoint 193 / 5251 도달 (선 이탈 0.00 m)
[velocity_path_follower.py-9] [INFO] [1787284465.145730162] [velocity_path_follower]: waypoint 194 / 5251 도달 (선 이탈 0.00 m)
[velocity_path_follower.py-9] [INFO] [1787284465.445893951] [velocity_path_follower]: waypoint 195 / 5251 도달 (선 이탈 0.00 m)
[velocity_path_follower.py-9] [INFO] [1787284465.850784992] [velocity_path_follower]: waypoint 196 / 5251 도달 (선 이탈 0.00 m)
[velocity_path_follower.py-9] [INFO] [1787284466.150688410] [velocity_path_follower]: waypoint 197 / 5251 도달 (선 이탈 0.00 m)
[velocity_path_follower.py-9] [INFO] [1787284466.500602643] [velocity_path_follower]: waypoint 198 / 5251 도달 (선 이탈 0.00 m)
[velocity_path_follower.py-9] [INFO] [1787284466.859896782] [velocity_path_follower]: waypoint 199 / 5251 도달 (선 이탈 0.00 m)
[velocity_path_follower.py-9] [INFO] [1787284467.208187831] [velocity_path_follower]: waypoint 200 / 5251 도달 (선 이탈 0.00 m)
[velocity_path_follower.py-9] [INFO] [1787284467.586282242] [velocity_path_follower]: waypoint 201 / 5251 도달 (선 이탈 0.00 m)
[velocity_path_follower.py-9] [INFO] [1787284469.713757619] [velocity_path_follower]:  95.0s  wp 202/5251 이탈0.9m  위치 (  62.29,  -165.74,   9.68)
[velocity_path_follower.py-9] [INFO] [1787284473.017850048] [velocity_path_follower]: waypoint 202 / 5251 도달 (선 이탈 2.92 m)
[velocity_path_follower.py-9] [INFO] [1787284474.729315499] [velocity_path_follower]: 100.0s  wp 204/5251 이탈0.2m  위치 (  64.23,  -162.26,  10.05)
[velocity_path_follower.py-9] [INFO] [1787284477.992617596] [velocity_path_follower]: waypoint 204 / 5251 도달 (선 이탈 1.41 m)
[velocity_path_follower.py-9] [INFO] [1787284478.592580701] [velocity_path_follower]: waypoint 205 / 5251 도달 (선 이탈 1.47 m)
[velocity_path_follower.py-9] [INFO] [1787284479.197587218] [velocity_path_follower]: waypoint 206 / 5251 도달 (선 이탈 1.48 m)
[velocity_path_follower.py-9] [INFO] [1787284479.755688842] [velocity_path_follower]: 105.0s  wp 207/5251 이탈1.4m  위치 (  60.93,  -160.67,  10.63)
[velocity_path_follower.py-9] [INFO] [1787284479.805731398] [velocity_path_follower]: waypoint 207 / 5251 도달 (선 이탈 1.42 m)
[velocity_path_follower.py-9] [INFO] [1787284480.413376696] [velocity_path_follower]: waypoint 208 / 5251 도달 (선 이탈 1.31 m)
[velocity_path_follower.py-9] [INFO] [1787284481.020851228] [velocity_path_follower]: waypoint 209 / 5251 도달 (선 이탈 1.19 m)
[velocity_path_follower.py-9] [INFO] [1787284481.574539087] [velocity_path_follower]: waypoint 210 / 5251 도달 (선 이탈 1.02 m)
[velocity_path_follower.py-9] [INFO] [1787284482.075744874] [velocity_path_follower]: waypoint 211 / 5251 도달 (선 이탈 0.85 m)
[velocity_path_follower.py-9] [INFO] [1787284482.575949729] [velocity_path_follower]: waypoint 212 / 5251 도달 (선 이탈 0.67 m)
[velocity_path_follower.py-9] [INFO] [1787284483.075759976] [velocity_path_follower]: waypoint 213 / 5251 도달 (선 이탈 0.48 m)
[velocity_path_follower.py-9] [INFO] [1787284483.526108617] [velocity_path_follower]: waypoint 214 / 5251 도달 (선 이탈 0.30 m)
[velocity_path_follower.py-9] [INFO] [1787284484.040066651] [velocity_path_follower]: waypoint 215 / 5251 도달 (선 이탈 0.11 m)
[velocity_path_follower.py-9] [INFO] [1787284484.445273020] [velocity_path_follower]: waypoint 216 / 5251 도달 (선 이탈 0.04 m)
[velocity_path_follower.py-9] [INFO] [1787284484.923944132] [velocity_path_follower]: waypoint 217 / 5251 도달 (선 이탈 0.19 m)
[velocity_path_follower.py-9] [INFO] [1787284484.972092418] [velocity_path_follower]: 110.1s  wp 218/5251 이탈0.2m  위치 (  55.82,  -162.30,  12.75)
[velocity_path_follower.py-9] [INFO] [1787284485.381729638] [velocity_path_follower]: waypoint 218 / 5251 도달 (선 이탈 0.33 m)
[velocity_path_follower.py-9] [INFO] [1787284485.785977789] [velocity_path_follower]: waypoint 219 / 5251 도달 (선 이탈 0.43 m)
[velocity_path_follower.py-9] [INFO] [1787284486.402074697] [velocity_path_follower]: waypoint 220 / 5251 도달 (선 이탈 0.52 m)
[velocity_path_follower.py-9] [INFO] [1787284486.919738514] [velocity_path_follower]: waypoint 221 / 5251 도달 (선 이탈 0.60 m)
[velocity_path_follower.py-9] [INFO] [1787284487.326636561] [velocity_path_follower]: waypoint 222 / 5251 도달 (선 이탈 0.66 m)
[velocity_path_follower.py-9] [INFO] [1787284487.855782390] [velocity_path_follower]: waypoint 223 / 5251 도달 (선 이탈 0.70 m)
[velocity_path_follower.py-9] [INFO] [1787284488.266226948] [velocity_path_follower]: waypoint 224 / 5251 도달 (선 이탈 0.72 m)
[velocity_path_follower.py-9] [INFO] [1787284488.672173784] [velocity_path_follower]: waypoint 225 / 5251 도달 (선 이탈 0.73 m)
[velocity_path_follower.py-9] [INFO] [1787284489.074602150] [velocity_path_follower]: waypoint 226 / 5251 도달 (선 이탈 0.72 m)
[velocity_path_follower.py-9] [INFO] [1787284489.424585789] [velocity_path_follower]: waypoint 227 / 5251 도달 (선 이탈 0.70 m)
[velocity_path_follower.py-9] [INFO] [1787284489.824742826] [velocity_path_follower]: waypoint 228 / 5251 도달 (선 이탈 0.66 m)
[velocity_path_follower.py-9] [INFO] [1787284490.224385442] [velocity_path_follower]: waypoint 229 / 5251 도달 (선 이탈 0.62 m)
[velocity_path_follower.py-9] [INFO] [1787284490.381178762] [velocity_path_follower]: 115.0s  wp 230/5251 이탈0.6m  위치 (  49.70,  -162.70,  11.81)
[velocity_path_follower.py-9] [INFO] [1787284490.634625544] [velocity_path_follower]: waypoint 230 / 5251 도달 (선 이탈 0.56 m)
[velocity_path_follower.py-9] [INFO] [1787284491.036854713] [velocity_path_follower]: waypoint 231 / 5251 도달 (선 이탈 0.50 m)
[velocity_path_follower.py-9] [INFO] [1787284491.441767302] [velocity_path_follower]: waypoint 232 / 5251 도달 (선 이탈 0.43 m)
[velocity_path_follower.py-9] [INFO] [1787284491.791675435] [velocity_path_follower]: waypoint 233 / 5251 도달 (선 이탈 0.37 m)
[velocity_path_follower.py-9] [INFO] [1787284492.201359405] [velocity_path_follower]: waypoint 234 / 5251 도달 (선 이탈 0.29 m)
[velocity_path_follower.py-9] [INFO] [1787284492.555076971] [velocity_path_follower]: waypoint 235 / 5251 도달 (선 이탈 0.22 m)
[velocity_path_follower.py-9] [INFO] [1787284492.961545733] [velocity_path_follower]: waypoint 236 / 5251 도달 (선 이탈 0.14 m)
[velocity_path_follower.py-9] [INFO] [1787284493.361202190] [velocity_path_follower]: waypoint 237 / 5251 도달 (선 이탈 0.06 m)
[velocity_path_follower.py-9] [INFO] [1787284493.711581897] [velocity_path_follower]: waypoint 238 / 5251 도달 (선 이탈 0.01 m)
[velocity_path_follower.py-9] [INFO] [1787284494.061226006] [velocity_path_follower]: waypoint 239 / 5251 도달 (선 이탈 0.07 m)
[velocity_path_follower.py-9] [INFO] [1787284494.411581217] [velocity_path_follower]: waypoint 240 / 5251 도달 (선 이탈 0.13 m)
[velocity_path_follower.py-9] [INFO] [1787284494.813407629] [velocity_path_follower]: waypoint 241 / 5251 도달 (선 이탈 0.19 m)
[velocity_path_follower.py-9] [INFO] [1787284495.166557985] [velocity_path_follower]: waypoint 242 / 5251 도달 (선 이탈 0.23 m)
[velocity_path_follower.py-9] [INFO] [1787284495.416350488] [velocity_path_follower]: 120.0s  wp 243/5251 이탈0.3m  위치 (  43.05,  -161.84,   7.91)
[velocity_path_follower.py-9] [INFO] [1787284495.566884689] [velocity_path_follower]: waypoint 243 / 5251 도달 (선 이탈 0.28 m)
[velocity_path_follower.py-9] [INFO] [1787284495.919398080] [velocity_path_follower]: waypoint 244 / 5251 도달 (선 이탈 0.31 m)
[velocity_path_follower.py-9] [INFO] [1787284496.271361563] [velocity_path_follower]: waypoint 245 / 5251 도달 (선 이탈 0.33 m)
[velocity_path_follower.py-9] [INFO] [1787284496.671699258] [velocity_path_follower]: waypoint 246 / 5251 도달 (선 이탈 0.35 m)
[velocity_path_follower.py-9] [INFO] [1787284497.021463299] [velocity_path_follower]: waypoint 247 / 5251 도달 (선 이탈 0.36 m)
[velocity_path_follower.py-9] [INFO] [1787284497.373421584] [velocity_path_follower]: waypoint 248 / 5251 도달 (선 이탈 0.36 m)
[velocity_path_follower.py-9] [INFO] [1787284497.725662044] [velocity_path_follower]: waypoint 249 / 5251 도달 (선 이탈 0.36 m)
[velocity_path_follower.py-9] [INFO] [1787284498.076078631] [velocity_path_follower]: waypoint 250 / 5251 도달 (선 이탈 0.35 m)
[velocity_path_follower.py-9] [INFO] [1787284498.551675614] [velocity_path_follower]: waypoint 251 / 5251 도달 (선 이탈 0.33 m)
[velocity_path_follower.py-9] [INFO] [1787284498.901665920] [velocity_path_follower]: waypoint 252 / 5251 도달 (선 이탈 0.31 m)
[velocity_path_follower.py-9] [INFO] [1787284499.251691853] [velocity_path_follower]: waypoint 253 / 5251 도달 (선 이탈 0.28 m)
[velocity_path_follower.py-9] [INFO] [1787284499.601741896] [velocity_path_follower]: waypoint 254 / 5251 도달 (선 이탈 0.25 m)
[velocity_path_follower.py-9] [INFO] [1787284499.951672978] [velocity_path_follower]: waypoint 255 / 5251 도달 (선 이탈 0.22 m)
[velocity_path_follower.py-9] [INFO] [1787284500.301746762] [velocity_path_follower]: waypoint 256 / 5251 도달 (선 이탈 0.19 m)
[velocity_path_follower.py-9] [INFO] [1787284500.501464535] [velocity_path_follower]: 125.0s  wp 257/5251 이탈0.2m  위치 (  36.11,  -161.93,   9.00)
[velocity_path_follower.py-9] [INFO] [1787284500.651686033] [velocity_path_follower]: waypoint 257 / 5251 도달 (선 이탈 0.15 m)
[velocity_path_follower.py-9] [INFO] [1787284501.052391523] [velocity_path_follower]: waypoint 258 / 5251 도달 (선 이탈 0.11 m)
[velocity_path_follower.py-9] [INFO] [1787284501.352293991] [velocity_path_follower]: waypoint 259 / 5251 도달 (선 이탈 0.08 m)
[velocity_path_follower.py-9] [INFO] [1787284501.751947596] [velocity_path_follower]: waypoint 260 / 5251 도달 (선 이탈 0.04 m)
[velocity_path_follower.py-9] [INFO] [1787284502.106879889] [velocity_path_follower]: waypoint 261 / 5251 도달 (선 이탈 0.00 m)
[velocity_path_follower.py-9] [INFO] [1787284502.456937491] [velocity_path_follower]: waypoint 262 / 5251 도달 (선 이탈 0.03 m)
[velocity_path_follower.py-9] [INFO] [1787284502.809521043] [velocity_path_follower]: waypoint 263 / 5251 도달 (선 이탈 0.06 m)
[velocity_path_follower.py-9] [INFO] [1787284503.164789027] [velocity_path_follower]: waypoint 264 / 5251 도달 (선 이탈 0.09 m)
[velocity_path_follower.py-9] [INFO] [1787284503.514762556] [velocity_path_follower]: waypoint 265 / 5251 도달 (선 이탈 0.11 m)
[velocity_path_follower.py-9] [INFO] [1787284503.864920299] [velocity_path_follower]: waypoint 266 / 5251 도달 (선 이탈 0.13 m)
[velocity_path_follower.py-9] [INFO] [1787284504.219844404] [velocity_path_follower]: waypoint 267 / 5251 도달 (선 이탈 0.15 m)
[velocity_path_follower.py-9] [INFO] [1787284504.569858818] [velocity_path_follower]: waypoint 268 / 5251 도달 (선 이탈 0.17 m)
[velocity_path_follower.py-9] [INFO] [1787284504.919792855] [velocity_path_follower]: waypoint 269 / 5251 도달 (선 이탈 0.18 m)
[velocity_path_follower.py-9] [INFO] [1787284505.269844226] [velocity_path_follower]: waypoint 270 / 5251 도달 (선 이탈 0.19 m)
[velocity_path_follower.py-9] [INFO] [1787284505.519825918] [velocity_path_follower]: 130.0s  wp 271/5251 이탈0.2m  위치 (  28.99,  -162.29,  12.43)
[velocity_path_follower.py-9] [INFO] [1787284505.619669598] [velocity_path_follower]: waypoint 271 / 5251 도달 (선 이탈 0.19 m)
[velocity_path_follower.py-9] [INFO] [1787284505.969549597] [velocity_path_follower]: waypoint 272 / 5251 도달 (선 이탈 0.19 m)
[velocity_path_follower.py-9] [INFO] [1787284506.321407393] [velocity_path_follower]: waypoint 273 / 5251 도달 (선 이탈 0.19 m)
[velocity_path_follower.py-9] [INFO] [1787284506.677726350] [velocity_path_follower]: waypoint 274 / 5251 도달 (선 이탈 0.18 m)
[velocity_path_follower.py-9] [INFO] [1787284507.027644451] [velocity_path_follower]: waypoint 275 / 5251 도달 (선 이탈 0.17 m)
[velocity_path_follower.py-9] [INFO] [1787284507.379510183] [velocity_path_follower]: waypoint 276 / 5251 도달 (선 이탈 0.16 m)
[velocity_path_follower.py-9] [INFO] [1787284507.729632441] [velocity_path_follower]: waypoint 277 / 5251 도달 (선 이탈 0.15 m)
[velocity_path_follower.py-9] [INFO] [1787284508.082700801] [velocity_path_follower]: waypoint 278 / 5251 도달 (선 이탈 0.14 m)
[velocity_path_follower.py-9] [INFO] [1787284508.432587880] [velocity_path_follower]: waypoint 279 / 5251 도달 (선 이탈 0.12 m)
[velocity_path_follower.py-9] [INFO] [1787284508.782609214] [velocity_path_follower]: waypoint 280 / 5251 도달 (선 이탈 0.10 m)
[velocity_path_follower.py-9] [INFO] [1787284509.132830964] [velocity_path_follower]: waypoint 281 / 5251 도달 (선 이탈 0.08 m)
[velocity_path_follower.py-9] [INFO] [1787284509.488272807] [velocity_path_follower]: waypoint 282 / 5251 도달 (선 이탈 0.06 m)
[velocity_path_follower.py-9] [INFO] [1787284509.844880106] [velocity_path_follower]: waypoint 283 / 5251 도달 (선 이탈 0.05 m)
[velocity_path_follower.py-9] [INFO] [1787284510.203635842] [velocity_path_follower]: waypoint 284 / 5251 도달 (선 이탈 0.03 m)
[velocity_path_follower.py-9] [INFO] [1787284510.555620559] [velocity_path_follower]: waypoint 285 / 5251 도달 (선 이탈 0.01 m)
[velocity_path_follower.py-9] [INFO] [1787284510.605639235] [velocity_path_follower]: 135.1s  wp 286/5251 이탈0.0m  위치 (  21.79,  -162.11,  12.03)
[velocity_path_follower.py-9] [INFO] [1787284510.905791630] [velocity_path_follower]: waypoint 286 / 5251 도달 (선 이탈 0.01 m)
[velocity_path_follower.py-9] [INFO] [1787284511.257694070] [velocity_path_follower]: waypoint 287 / 5251 도달 (선 이탈 0.03 m)
[velocity_path_follower.py-9] [INFO] [1787284511.607754457] [velocity_path_follower]: waypoint 288 / 5251 도달 (선 이탈 0.04 m)
[velocity_path_follower.py-9] [INFO] [1787284511.957605754] [velocity_path_follower]: waypoint 289 / 5251 도달 (선 이탈 0.05 m)
[velocity_path_follower.py-9] [INFO] [1787284512.310651165] [velocity_path_follower]: waypoint 290 / 5251 도달 (선 이탈 0.07 m)
[velocity_path_follower.py-9] [INFO] [1787284512.660410108] [velocity_path_follower]: waypoint 291 / 5251 도달 (선 이탈 0.08 m)
[velocity_path_follower.py-9] [INFO] [1787284513.025397271] [velocity_path_follower]: waypoint 292 / 5251 도달 (선 이탈 0.08 m)
[velocity_path_follower.py-9] [INFO] [1787284513.377611908] [velocity_path_follower]: waypoint 293 / 5251 도달 (선 이탈 0.09 m)
[velocity_path_follower.py-9] [INFO] [1787284513.727636799] [velocity_path_follower]: waypoint 294 / 5251 도달 (선 이탈 0.10 m)
[velocity_path_follower.py-9] [INFO] [1787284514.081650294] [velocity_path_follower]: waypoint 295 / 5251 도달 (선 이탈 0.10 m)
[velocity_path_follower.py-9] [INFO] [1787284514.434593769] [velocity_path_follower]: waypoint 296 / 5251 도달 (선 이탈 0.10 m)
[velocity_path_follower.py-9] [INFO] [1787284514.788792999] [velocity_path_follower]: waypoint 297 / 5251 도달 (선 이탈 0.10 m)
[velocity_path_follower.py-9] [INFO] [1787284515.144741451] [velocity_path_follower]: waypoint 298 / 5251 도달 (선 이탈 0.10 m)
[velocity_path_follower.py-9] [INFO] [1787284515.452548938] [velocity_path_follower]: waypoint 299 / 5251 도달 (선 이탈 0.09 m)
[velocity_path_follower.py-9] [INFO] [1787284515.602412407] [velocity_path_follower]: 140.0s  wp 300/5251 이탈0.1m  위치 (  14.69,  -162.01,   9.50)
[velocity_path_follower.py-9] [INFO] [1787284515.857594695] [velocity_path_follower]: waypoint 300 / 5251 도달 (선 이탈 0.09 m)
[velocity_path_follower.py-9] [INFO] [1787284516.159632551] [velocity_path_follower]: waypoint 301 / 5251 도달 (선 이탈 0.08 m)
[velocity_path_follower.py-9] [INFO] [1787284516.516084607] [velocity_path_follower]: waypoint 302 / 5251 도달 (선 이탈 0.07 m)
[velocity_path_follower.py-9] [INFO] [1787284516.869782727] [velocity_path_follower]: waypoint 303 / 5251 도달 (선 이탈 0.07 m)
[velocity_path_follower.py-9] [INFO] [1787284517.222699471] [velocity_path_follower]: waypoint 304 / 5251 도달 (선 이탈 0.06 m)
[velocity_path_follower.py-9] [INFO] [1787284517.575637824] [velocity_path_follower]: waypoint 305 / 5251 도달 (선 이탈 0.05 m)
[velocity_path_follower.py-9] [INFO] [1787284517.925576688] [velocity_path_follower]: waypoint 306 / 5251 도달 (선 이탈 0.04 m)
[velocity_path_follower.py-9] [INFO] [1787284518.275593192] [velocity_path_follower]: waypoint 307 / 5251 도달 (선 이탈 0.03 m)
[velocity_path_follower.py-9] [INFO] [1787284518.634133395] [velocity_path_follower]: waypoint 308 / 5251 도달 (선 이탈 0.02 m)
[velocity_path_follower.py-9] [INFO] [1787284518.986656116] [velocity_path_follower]: waypoint 309 / 5251 도달 (선 이탈 0.01 m)
[velocity_path_follower.py-9] [INFO] [1787284519.337229844] [velocity_path_follower]: waypoint 310 / 5251 도달 (선 이탈 0.00 m)
[velocity_path_follower.py-9] [INFO] [1787284519.689524354] [velocity_path_follower]: waypoint 311 / 5251 도달 (선 이탈 0.01 m)
[velocity_path_follower.py-9] [INFO] [1787284520.039927601] [velocity_path_follower]: waypoint 312 / 5251 도달 (선 이탈 0.02 m)
[velocity_path_follower.py-9] [INFO] [1787284520.395789839] [velocity_path_follower]: waypoint 313 / 5251 도달 (선 이탈 0.03 m)
[velocity_path_follower.py-9] [INFO] [1787284520.648431537] [velocity_path_follower]: 145.0s  wp 314/5251 이탈0.0m  위치 (   7.50,  -162.13,   7.65)
[velocity_path_follower.py-9] [INFO] [1787284520.748667042] [velocity_path_follower]: waypoint 314 / 5251 도달 (선 이탈 0.03 m)
[velocity_path_follower.py-9] [INFO] [1787284521.098604593] [velocity_path_follower]: waypoint 315 / 5251 도달 (선 이탈 0.04 m)
[velocity_path_follower.py-9] [INFO] [1787284521.450614554] [velocity_path_follower]: waypoint 316 / 5251 도달 (선 이탈 0.04 m)
[velocity_path_follower.py-9] [INFO] [1787284521.802749729] [velocity_path_follower]: waypoint 317 / 5251 도달 (선 이탈 0.05 m)
[velocity_path_follower.py-9] [INFO] [1787284522.105859241] [velocity_path_follower]: waypoint 318 / 5251 도달 (선 이탈 0.05 m)
[velocity_path_follower.py-9] [INFO] [1787284522.455019210] [velocity_path_follower]: waypoint 319 / 5251 도달 (선 이탈 0.05 m)
[velocity_path_follower.py-9] [INFO] [1787284522.813754816] [velocity_path_follower]: waypoint 320 / 5251 도달 (선 이탈 0.05 m)
[velocity_path_follower.py-9] [INFO] [1787284523.166614428] [velocity_path_follower]: waypoint 321 / 5251 도달 (선 이탈 0.05 m)
[velocity_path_follower.py-9] [INFO] [1787284523.522985478] [velocity_path_follower]: waypoint 322 / 5251 도달 (선 이탈 0.05 m)
[velocity_path_follower.py-9] [INFO] [1787284523.873099147] [velocity_path_follower]: waypoint 323 / 5251 도달 (선 이탈 0.05 m)
[velocity_path_follower.py-9] [INFO] [1787284524.228738312] [velocity_path_follower]: waypoint 324 / 5251 도달 (선 이탈 0.05 m)
[velocity_path_follower.py-9] [INFO] [1787284524.581655214] [velocity_path_follower]: waypoint 325 / 5251 도달 (선 이탈 0.04 m)
[velocity_path_follower.py-9] [INFO] [1787284524.936361607] [velocity_path_follower]: waypoint 326 / 5251 도달 (선 이탈 0.04 m)
[velocity_path_follower.py-9] [INFO] [1787284525.292404185] [velocity_path_follower]: waypoint 327 / 5251 도달 (선 이탈 0.04 m)
[velocity_path_follower.py-9] [INFO] [1787284525.655620467] [velocity_path_follower]: waypoint 328 / 5251 도달 (선 이탈 0.03 m)
[velocity_path_follower.py-9] [INFO] [1787284525.705396050] [velocity_path_follower]: 150.0s  wp 329/5251 이탈0.0m  위치 (   0.29,  -162.13,   8.76)
[velocity_path_follower.py-9] [INFO] [1787284526.007728662] [velocity_path_follower]: waypoint 329 / 5251 도달 (선 이탈 0.03 m)
[velocity_path_follower.py-9] [INFO] [1787284526.310793435] [velocity_path_follower]: waypoint 330 / 5251 도달 (선 이탈 0.02 m)
[velocity_path_follower.py-9] [INFO] [1787284526.710712095] [velocity_path_follower]: waypoint 331 / 5251 도달 (선 이탈 0.02 m)
[velocity_path_follower.py-9] [INFO] [1787284527.010944169] [velocity_path_follower]: waypoint 332 / 5251 도달 (선 이탈 0.01 m)
[velocity_path_follower.py-9] [INFO] [1787284527.365072588] [velocity_path_follower]: waypoint 333 / 5251 도달 (선 이탈 0.01 m)
[velocity_path_follower.py-9] [INFO] [1787284527.765605656] [velocity_path_follower]: waypoint 334 / 5251 도달 (선 이탈 0.00 m)
[velocity_path_follower.py-9] [INFO] [1787284528.068935933] [velocity_path_follower]: waypoint 335 / 5251 도달 (선 이탈 0.00 m)
[velocity_path_follower.py-9] [INFO] [1787284528.418739733] [velocity_path_follower]: waypoint 336 / 5251 도달 (선 이탈 0.01 m)
[velocity_path_follower.py-9] [INFO] [1787284528.768623453] [velocity_path_follower]: waypoint 337 / 5251 도달 (선 이탈 0.01 m)
[velocity_path_follower.py-9] [INFO] [1787284529.121814240] [velocity_path_follower]: waypoint 338 / 5251 도달 (선 이탈 0.02 m)
[velocity_path_follower.py-9] [INFO] [1787284529.476779536] [velocity_path_follower]: waypoint 339 / 5251 도달 (선 이탈 0.02 m)
[velocity_path_follower.py-9] [INFO] [1787284529.826862911] [velocity_path_follower]: waypoint 340 / 5251 도달 (선 이탈 0.02 m)
[velocity_path_follower.py-9] [INFO] [1787284530.176767309] [velocity_path_follower]: waypoint 341 / 5251 도달 (선 이탈 0.02 m)
[velocity_path_follower.py-9] [INFO] [1787284530.529663202] [velocity_path_follower]: waypoint 342 / 5251 도달 (선 이탈 0.03 m)
[velocity_path_follower.py-9] [INFO] [1787284530.731743089] [velocity_path_follower]: 155.0s  wp 343/5251 이탈0.0m  위치 (  -6.92,  -162.07,   8.86)
[velocity_path_follower.py-9] [INFO] [1787284530.886917454] [velocity_path_follower]: waypoint 343 / 5251 도달 (선 이탈 0.03 m)
[velocity_path_follower.py-9] [INFO] [1787284531.236898689] [velocity_path_follower]: waypoint 344 / 5251 도달 (선 이탈 0.03 m)
[velocity_path_follower.py-9] [INFO] [1787284531.588880977] [velocity_path_follower]: waypoint 345 / 5251 도달 (선 이탈 0.03 m)
[velocity_path_follower.py-9] [INFO] [1787284531.941178570] [velocity_path_follower]: waypoint 346 / 5251 도달 (선 이탈 0.03 m)
[velocity_path_follower.py-9] [INFO] [1787284532.290907082] [velocity_path_follower]: waypoint 347 / 5251 도달 (선 이탈 0.03 m)
[velocity_path_follower.py-9] [INFO] [1787284532.593248245] [velocity_path_follower]: waypoint 348 / 5251 도달 (선 이탈 0.02 m)
[velocity_path_follower.py-9] [INFO] [1787284532.948644326] [velocity_path_follower]: waypoint 349 / 5251 도달 (선 이탈 0.02 m)
[velocity_path_follower.py-9] [INFO] [1787284533.304979569] [velocity_path_follower]: waypoint 350 / 5251 도달 (선 이탈 0.02 m)
[velocity_path_follower.py-9] [INFO] [1787284533.655353188] [velocity_path_follower]: waypoint 351 / 5251 도달 (선 이탈 0.02 m)
[velocity_path_follower.py-9] [INFO] [1787284534.004788641] [velocity_path_follower]: waypoint 352 / 5251 도달 (선 이탈 0.02 m)
[velocity_path_follower.py-9] [INFO] [1787284534.357192821] [velocity_path_follower]: waypoint 353 / 5251 도달 (선 이탈 0.01 m)
[velocity_path_follower.py-9] [INFO] [1787284534.710800432] [velocity_path_follower]: waypoint 354 / 5251 도달 (선 이탈 0.01 m)
[velocity_path_follower.py-9] [INFO] [1787284535.079754396] [velocity_path_follower]: waypoint 355 / 5251 도달 (선 이탈 0.01 m)
[velocity_path_follower.py-9] [INFO] [1787284535.447881892] [velocity_path_follower]: waypoint 356 / 5251 도달 (선 이탈 0.01 m)
[velocity_path_follower.py-9] [INFO] [1787284535.805589408] [velocity_path_follower]: waypoint 357 / 5251 도달 (선 이탈 0.00 m)
[velocity_path_follower.py-9] [INFO] [1787284535.859197955] [velocity_path_follower]: 160.1s  wp 358/5251 이탈0.0m  위치 ( -14.22,  -162.10,   8.00)
[velocity_path_follower.py-9] [INFO] [1787284536.157995157] [velocity_path_follower]: waypoint 358 / 5251 도달 (선 이탈 0.00 m)
[velocity_path_follower.py-9] [INFO] [1787284536.512678877] [velocity_path_follower]: waypoint 359 / 5251 도달 (선 이탈 0.00 m)
[velocity_path_follower.py-9] [INFO] [1787284536.872880268] [velocity_path_follower]: waypoint 360 / 5251 도달 (선 이탈 0.00 m)
[velocity_path_follower.py-9] [INFO] [1787284537.222921688] [velocity_path_follower]: waypoint 361 / 5251 도달 (선 이탈 0.01 m)
[velocity_path_follower.py-9] [INFO] [1787284537.572950696] [velocity_path_follower]: waypoint 362 / 5251 도달 (선 이탈 0.01 m)
[velocity_path_follower.py-9] [INFO] [1787284537.878423124] [velocity_path_follower]: waypoint 363 / 5251 도달 (선 이탈 0.01 m)
[velocity_path_follower.py-9] [INFO] [1787284538.282835941] [velocity_path_follower]: waypoint 364 / 5251 도달 (선 이탈 0.01 m)
[velocity_path_follower.py-9] [INFO] [1787284538.585755318] [velocity_path_follower]: waypoint 365 / 5251 도달 (선 이탈 0.01 m)
[velocity_path_follower.py-9] [INFO] [1787284538.939955441] [velocity_path_follower]: waypoint 366 / 5251 도달 (선 이탈 0.01 m)
[velocity_path_follower.py-9] [INFO] [1787284539.295015002] [velocity_path_follower]: waypoint 367 / 5251 도달 (선 이탈 0.01 m)
[velocity_path_follower.py-9] [INFO] [1787284539.655695268] [velocity_path_follower]: waypoint 368 / 5251 도달 (선 이탈 0.02 m)
[velocity_path_follower.py-9] [INFO] [1787284540.007730668] [velocity_path_follower]: waypoint 369 / 5251 도달 (선 이탈 0.02 m)
[velocity_path_follower.py-9] [INFO] [1787284540.363591580] [velocity_path_follower]: waypoint 370 / 5251 도달 (선 이탈 0.02 m)
[velocity_path_follower.py-9] [INFO] [1787284540.743720819] [velocity_path_follower]: waypoint 371 / 5251 도달 (선 이탈 0.01 m)
[velocity_path_follower.py-9] [INFO] [1787284540.895455774] [velocity_path_follower]: 165.0s  wp 372/5251 이탈0.0m  위치 ( -21.37,  -162.11,   7.93)
[velocity_path_follower.py-9] [INFO] [1787284541.099040323] [velocity_path_follower]: waypoint 372 / 5251 도달 (선 이탈 0.01 m)
[velocity_path_follower.py-9] [INFO] [1787284541.452780007] [velocity_path_follower]: waypoint 373 / 5251 도달 (선 이탈 0.01 m)
[velocity_path_follower.py-9] [INFO] [1787284541.907767603] [velocity_path_follower]: waypoint 374 / 5251 도달 (선 이탈 0.01 m)
[velocity_path_follower.py-9] [INFO] [1787284542.295744160] [velocity_path_follower]: waypoint 375 / 5251 도달 (선 이탈 0.01 m)
[velocity_path_follower.py-9] [INFO] [1787284542.653649416] [velocity_path_follower]: waypoint 376 / 5251 도달 (선 이탈 0.01 m)
[velocity_path_follower.py-9] [INFO] [1787284543.005766394] [velocity_path_follower]: waypoint 377 / 5251 도달 (선 이탈 0.01 m)
[velocity_path_follower.py-9] [INFO] [1787284543.309836228] [velocity_path_follower]: waypoint 378 / 5251 도달 (선 이탈 0.01 m)
[velocity_path_follower.py-9] [INFO] [1787284543.709746571] [velocity_path_follower]: waypoint 379 / 5251 도달 (선 이탈 0.01 m)
[velocity_path_follower.py-9] [INFO] [1787284544.024716944] [velocity_path_follower]: waypoint 380 / 5251 도달 (선 이탈 0.00 m)
[velocity_path_follower.py-9] [INFO] [1787284544.377112961] [velocity_path_follower]: waypoint 381 / 5251 도달 (선 이탈 0.00 m)
[velocity_path_follower.py-9] [INFO] [1787284544.732324240] [velocity_path_follower]: waypoint 382 / 5251 도달 (선 이탈 0.00 m)
[velocity_path_follower.py-9] [INFO] [1787284545.084794121] [velocity_path_follower]: waypoint 383 / 5251 도달 (선 이탈 0.00 m)
[velocity_path_follower.py-9] [INFO] [1787284545.497015293] [velocity_path_follower]: waypoint 384 / 5251 도달 (선 이탈 0.00 m)
[velocity_path_follower.py-9] [INFO] [1787284545.893284552] [velocity_path_follower]: waypoint 385 / 5251 도달 (선 이탈 0.00 m)
[velocity_path_follower.py-9] [INFO] [1787284546.368391993] [velocity_path_follower]: 170.0s  wp 386/5251 이탈0.0m  위치 ( -28.50,  -162.10,   8.17)
[velocity_path_follower.py-9] [INFO] [1787284546.497104564] [velocity_path_follower]: waypoint 386 / 5251 도달 (선 이탈 0.00 m)
[velocity_path_follower.py-9] [INFO] [1787284547.200188030] [velocity_path_follower]: waypoint 387 / 5251 도달 (선 이탈 0.00 m)
[velocity_path_follower.py-9] [INFO] [1787284547.547990739] [velocity_path_follower]: waypoint 388 / 5251 도달 (선 이탈 0.01 m)
[velocity_path_follower.py-9] [INFO] [1787284547.899745937] [velocity_path_follower]: waypoint 389 / 5251 도달 (선 이탈 0.01 m)
[velocity_path_follower.py-9] [INFO] [1787284548.249747166] [velocity_path_follower]: waypoint 390 / 5251 도달 (선 이탈 0.01 m)
[velocity_path_follower.py-9] [INFO] [1787284548.601696567] [velocity_path_follower]: waypoint 391 / 5251 도달 (선 이탈 0.01 m)
[velocity_path_follower.py-9] [INFO] [1787284548.901846982] [velocity_path_follower]: waypoint 392 / 5251 도달 (선 이탈 0.01 m)
[velocity_path_follower.py-9] [INFO] [1787284549.255421917] [velocity_path_follower]: waypoint 393 / 5251 도달 (선 이탈 0.01 m)
[velocity_path_follower.py-9] [INFO] [1787284549.657528010] [velocity_path_follower]: waypoint 394 / 5251 도달 (선 이탈 0.01 m)
[velocity_path_follower.py-9] [INFO] [1787284549.963416141] [velocity_path_follower]: waypoint 395 / 5251 도달 (선 이탈 0.01 m)
[velocity_path_follower.py-9] [INFO] [1787284550.316995035] [velocity_path_follower]: waypoint 396 / 5251 도달 (선 이탈 0.01 m)
[velocity_path_follower.py-9] [INFO] [1787284550.675396770] [velocity_path_follower]: waypoint 397 / 5251 도달 (선 이탈 0.01 m)
[velocity_path_follower.py-9] [INFO] [1787284551.044114877] [velocity_path_follower]: waypoint 398 / 5251 도달 (선 이탈 0.01 m)
[velocity_path_follower.py-9] [INFO] [1787284551.410233197] [velocity_path_follower]: waypoint 399 / 5251 도달 (선 이탈 0.00 m)
[velocity_path_follower.py-9] [INFO] [1787284551.763793582] [velocity_path_follower]: waypoint 400 / 5251 도달 (선 이탈 0.00 m)
[velocity_path_follower.py-9] [INFO] [1787284551.863627161] [velocity_path_follower]: 175.0s  wp 401/5251 이탈0.0m  위치 ( -35.77,  -162.10,   8.13)
[velocity_path_follower.py-9] [INFO] [1787284552.113816317] [velocity_path_follower]: waypoint 401 / 5251 도달 (선 이탈 0.00 m)
[velocity_path_follower.py-9] [INFO] [1787284552.465789598] [velocity_path_follower]: waypoint 402 / 5251 도달 (선 이탈 0.00 m)
[velocity_path_follower.py-9] [INFO] [1787284552.819512011] [velocity_path_follower]: waypoint 403 / 5251 도달 (선 이탈 0.00 m)
[velocity_path_follower.py-9] [INFO] [1787284556.894694634] [velocity_path_follower]: 180.0s  wp 404/5251 이탈2.6m  위치 ( -41.24,  -160.34,   7.93)
[velocity_path_follower.py-9] [INFO] [1787284558.003644727] [velocity_path_follower]: waypoint 404 / 5251 도달 (선 이탈 2.94 m)
[velocity_path_follower.py-9] [INFO] [1787284561.931320290] [velocity_path_follower]: 185.0s  wp 406/5251 이탈1.1m  위치 ( -40.29,  -156.95,   7.76)
[velocity_path_follower.py-9] [INFO] [1787284562.895997158] [velocity_path_follower]: waypoint 406 / 5251 도달 (선 이탈 1.40 m)
[velocity_path_follower.py-9] [INFO] [1787284563.546152777] [velocity_path_follower]: waypoint 407 / 5251 도달 (선 이탈 1.48 m)
[ros2-8] [INFO] [1787284563.990072015] [rosbag2_cpp]: Writing remaining messages from cache to the bag. It may take a while
[velocity_path_follower.py-9] [INFO] [1787284564.150746226] [velocity_path_follower]: waypoint 408 / 5251 도달 (선 이탈 1.48 m)
[velocity_path_follower.py-9] [INFO] [1787284564.753315423] [velocity_path_follower]: waypoint 409 / 5251 도달 (선 이탈 1.42 m)
[velocity_path_follower.py-9] [INFO] [1787284565.308083076] [velocity_path_follower]: waypoint 410 / 5251 도달 (선 이탈 1.32 m)
[velocity_path_follower.py-9] [INFO] [1787284565.881663114] [velocity_path_follower]: waypoint 411 / 5251 도달 (선 이탈 1.19 m)
[velocity_path_follower.py-9] [INFO] [1787284566.439654439] [velocity_path_follower]: waypoint 412 / 5251 도달 (선 이탈 1.02 m)
[velocity_path_follower.py-9] [INFO] [1787284566.941821834] [velocity_path_follower]: waypoint 413 / 5251 도달 (선 이탈 0.85 m)
[velocity_path_follower.py-9] [INFO] [1787284566.992445671] [velocity_path_follower]: 190.0s  wp 414/5251 이탈0.8m  위치 ( -36.03,  -157.26,   7.88)
[velocity_path_follower.py-9] [INFO] [1787284567.442424912] [velocity_path_follower]: waypoint 414 / 5251 도달 (선 이탈 0.67 m)
[velocity_path_follower.py-9] [INFO] [1787284567.945595812] [velocity_path_follower]: waypoint 415 / 5251 도달 (선 이탈 0.48 m)
[velocity_path_follower.py-9] [INFO] [1787284568.400886856] [velocity_path_follower]: waypoint 416 / 5251 도달 (선 이탈 0.30 m)
[velocity_path_follower.py-9] [INFO] [1787284568.853491472] [velocity_path_follower]: waypoint 417 / 5251 도달 (선 이탈 0.14 m)
[velocity_path_follower.py-9] [INFO] [1787284569.306002525] [velocity_path_follower]: waypoint 418 / 5251 도달 (선 이탈 0.02 m)
[velocity_path_follower.py-9] [INFO] [1787284569.758647328] [velocity_path_follower]: waypoint 419 / 5251 도달 (선 이탈 0.18 m)
[velocity_path_follower.py-9] [INFO] [1787284570.218002302] [velocity_path_follower]: waypoint 420 / 5251 도달 (선 이탈 0.31 m)
[velocity_path_follower.py-9] [INFO] [1787284570.623032699] [velocity_path_follower]: waypoint 421 / 5251 도달 (선 이탈 0.42 m)
[velocity_path_follower.py-9] [INFO] [1787284571.046199497] [velocity_path_follower]: waypoint 422 / 5251 도달 (선 이탈 0.51 m)
[velocity_path_follower.py-9] [INFO] [1787284571.448082012] [velocity_path_follower]: waypoint 423 / 5251 도달 (선 이탈 0.59 m)
[velocity_path_follower.py-9] [INFO] [1787284571.898005692] [velocity_path_follower]: waypoint 424 / 5251 도달 (선 이탈 0.65 m)
[velocity_path_follower.py-9] [INFO] [1787284572.050661927] [velocity_path_follower]: 195.0s  wp 425/5251 이탈0.7m  위치 ( -30.34,  -158.77,   7.85)
[velocity_path_follower.py-9] [INFO] [1787284572.302594840] [velocity_path_follower]: waypoint 425 / 5251 도달 (선 이탈 0.69 m)
[velocity_path_follower.py-9] [INFO] [1787284572.703376670] [velocity_path_follower]: waypoint 426 / 5251 도달 (선 이탈 0.71 m)
[velocity_path_follower.py-9] [INFO] [1787284573.053098332] [velocity_path_follower]: waypoint 427 / 5251 도달 (선 이탈 0.71 m)
[velocity_path_follower.py-9] [INFO] [1787284573.513043645] [velocity_path_follower]: waypoint 428 / 5251 도달 (선 이탈 0.70 m)
[velocity_path_follower.py-9] [INFO] [1787284573.864812402] [velocity_path_follower]: waypoint 429 / 5251 도달 (선 이탈 0.68 m)
[velocity_path_follower.py-9] [INFO] [1787284574.266464420] [velocity_path_follower]: waypoint 430 / 5251 도달 (선 이탈 0.65 m)
[velocity_path_follower.py-9] [INFO] [1787284574.672930032] [velocity_path_follower]: waypoint 431 / 5251 도달 (선 이탈 0.60 m)
[velocity_path_follower.py-9] [INFO] [1787284575.082660722] [velocity_path_follower]: waypoint 432 / 5251 도달 (선 이탈 0.54 m)
[velocity_path_follower.py-9] [INFO] [1787284575.434759141] [velocity_path_follower]: waypoint 433 / 5251 도달 (선 이탈 0.48 m)
[velocity_path_follower.py-9] [INFO] [1787284575.843952117] [velocity_path_follower]: waypoint 434 / 5251 도달 (선 이탈 0.41 m)
[velocity_path_follower.py-9] [INFO] [1787284576.251435253] [velocity_path_follower]: waypoint 435 / 5251 도달 (선 이탈 0.34 m)
[velocity_path_follower.py-9] [INFO] [1787284576.656722086] [velocity_path_follower]: waypoint 436 / 5251 도달 (선 이탈 0.26 m)
[velocity_path_follower.py-9] [INFO] [1787284577.006847464] [velocity_path_follower]: waypoint 437 / 5251 도달 (선 이탈 0.19 m)
[velocity_path_follower.py-9] [INFO] [1787284577.107379876] [velocity_path_follower]: 200.0s  wp 438/5251 이탈0.2m  위치 ( -23.95,  -158.27,   7.71)
[velocity_path_follower.py-9] [INFO] [1787284577.358705343] [velocity_path_follower]: waypoint 438 / 5251 도달 (선 이탈 0.12 m)
[velocity_path_follower.py-9] [INFO] [1787284577.764638127] [velocity_path_follower]: waypoint 439 / 5251 도달 (선 이탈 0.04 m)
[velocity_path_follower.py-9] [INFO] [1787284578.167779865] [velocity_path_follower]: waypoint 440 / 5251 도달 (선 이탈 0.03 m)
[velocity_path_follower.py-9] [INFO] [1787284578.517942381] [velocity_path_follower]: waypoint 441 / 5251 도달 (선 이탈 0.09 m)
[velocity_path_follower.py-9] [INFO] [1787284578.878979192] [velocity_path_follower]: waypoint 442 / 5251 도달 (선 이탈 0.15 m)
[velocity_path_follower.py-9] [INFO] [1787284579.286799217] [velocity_path_follower]: waypoint 443 / 5251 도달 (선 이탈 0.21 m)
[velocity_path_follower.py-9] [INFO] [1787284579.641628445] [velocity_path_follower]: waypoint 444 / 5251 도달 (선 이탈 0.25 m)
[velocity_path_follower.py-9] [INFO] [1787284580.000963309] [velocity_path_follower]: waypoint 445 / 5251 도달 (선 이탈 0.29 m)
[velocity_path_follower.py-9] [INFO] [1787284580.400878142] [velocity_path_follower]: waypoint 446 / 5251 도달 (선 이탈 0.32 m)
[velocity_path_follower.py-9] [INFO] [1787284580.751143379] [velocity_path_follower]: waypoint 447 / 5251 도달 (선 이탈 0.34 m)
[velocity_path_follower.py-9] [INFO] [1787284581.112978727] [velocity_path_follower]: waypoint 448 / 5251 도달 (선 이탈 0.36 m)
[velocity_path_follower.py-9] [INFO] [1787284581.466041693] [velocity_path_follower]: waypoint 449 / 5251 도달 (선 이탈 0.36 m)
[velocity_path_follower.py-9] [INFO] [1787284581.816241325] [velocity_path_follower]: waypoint 450 / 5251 도달 (선 이탈 0.37 m)
[velocity_path_follower.py-9] [INFO] [1787284582.173287137] [velocity_path_follower]: waypoint 451 / 5251 도달 (선 이탈 0.36 m)
[velocity_path_follower.py-9] [INFO] [1787284582.222413928] [velocity_path_follower]: 205.1s  wp 452/5251 이탈0.4m  위치 ( -17.03,  -157.74,   7.76)
[velocity_path_follower.py-9] [INFO] [1787284582.574856880] [velocity_path_follower]: waypoint 452 / 5251 도달 (선 이탈 0.35 m)
[velocity_path_follower.py-9] [INFO] [1787284582.924837604] [velocity_path_follower]: waypoint 453 / 5251 도달 (선 이탈 0.33 m)
[velocity_path_follower.py-9] [INFO] [1787284583.281297466] [velocity_path_follower]: waypoint 454 / 5251 도달 (선 이탈 0.31 m)
[velocity_path_follower.py-9] [INFO] [1787284583.630452913] [velocity_path_follower]: waypoint 455 / 5251 도달 (선 이탈 0.28 m)
[velocity_path_follower.py-9] [INFO] [1787284584.035448143] [velocity_path_follower]: waypoint 456 / 5251 도달 (선 이탈 0.25 m)
[velocity_path_follower.py-9] [INFO] [1787284584.389973634] [velocity_path_follower]: waypoint 457 / 5251 도달 (선 이탈 0.22 m)
[velocity_path_follower.py-9] [INFO] [1787284584.744833978] [velocity_path_follower]: waypoint 458 / 5251 도달 (선 이탈 0.18 m)
[velocity_path_follower.py-9] [INFO] [1787284585.094904098] [velocity_path_follower]: waypoint 459 / 5251 도달 (선 이탈 0.15 m)
[velocity_path_follower.py-9] [INFO] [1787284585.447603293] [velocity_path_follower]: waypoint 460 / 5251 도달 (선 이탈 0.11 m)
[velocity_path_follower.py-9] [INFO] [1787284585.797585494] [velocity_path_follower]: waypoint 461 / 5251 도달 (선 이탈 0.08 m)
[velocity_path_follower.py-9] [INFO] [1787284586.154850818] [velocity_path_follower]: waypoint 462 / 5251 도달 (선 이탈 0.04 m)
[velocity_path_follower.py-9] [INFO] [1787284586.507058628] [velocity_path_follower]: waypoint 463 / 5251 도달 (선 이탈 0.01 m)
[velocity_path_follower.py-9] [INFO] [1787284586.878006547] [velocity_path_follower]: waypoint 464 / 5251 도달 (선 이탈 0.03 m)
[velocity_path_follower.py-9] [INFO] [1787284587.229611525] [velocity_path_follower]: 210.0s  wp 465/5251 이탈0.1m  위치 ( -10.10,  -158.16,   8.00)
[velocity_path_follower.py-9] [INFO] [1787284587.279683165] [velocity_path_follower]: waypoint 465 / 5251 도달 (선 이탈 0.06 m)
[velocity_path_follower.py-9] [INFO] [1787284587.579705852] [velocity_path_follower]: waypoint 466 / 5251 도달 (선 이탈 0.09 m)
[velocity_path_follower.py-9] [INFO] [1787284587.982024570] [velocity_path_follower]: waypoint 467 / 5251 도달 (선 이탈 0.12 m)
[velocity_path_follower.py-9] [INFO] [1787284588.286647994] [velocity_path_follower]: waypoint 468 / 5251 도달 (선 이탈 0.13 m)
[velocity_path_follower.py-9] [INFO] [1787284588.686844820] [velocity_path_follower]: waypoint 469 / 5251 도달 (선 이탈 0.15 m)
[velocity_path_follower.py-9] [INFO] [1787284589.039518489] [velocity_path_follower]: waypoint 470 / 5251 도달 (선 이탈 0.17 m)
[velocity_path_follower.py-9] [INFO] [1787284589.391655678] [velocity_path_follower]: waypoint 471 / 5251 도달 (선 이탈 0.18 m)
[velocity_path_follower.py-9] [INFO] [1787284589.741573358] [velocity_path_follower]: waypoint 472 / 5251 도달 (선 이탈 0.19 m)
[velocity_path_follower.py-9] [INFO] [1787284590.091660564] [velocity_path_follower]: waypoint 473 / 5251 도달 (선 이탈 0.19 m)
[velocity_path_follower.py-9] [INFO] [1787284590.444270545] [velocity_path_follower]: waypoint 474 / 5251 도달 (선 이탈 0.19 m)
[velocity_path_follower.py-9] [INFO] [1787284590.794365876] [velocity_path_follower]: waypoint 475 / 5251 도달 (선 이탈 0.19 m)
[velocity_path_follower.py-9] [INFO] [1787284591.149755839] [velocity_path_follower]: waypoint 476 / 5251 도달 (선 이탈 0.18 m)
[velocity_path_follower.py-9] [INFO] [1787284591.499866351] [velocity_path_follower]: waypoint 477 / 5251 도달 (선 이탈 0.17 m)
[velocity_path_follower.py-9] [INFO] [1787284591.852329754] [velocity_path_follower]: waypoint 478 / 5251 도달 (선 이탈 0.16 m)
[velocity_path_follower.py-9] [INFO] [1787284592.219170680] [velocity_path_follower]: waypoint 479 / 5251 도달 (선 이탈 0.15 m)
[velocity_path_follower.py-9] [INFO] [1787284592.269632049] [velocity_path_follower]: 215.0s  wp 480/5251 이탈0.1m  위치 (  -2.95,  -158.24,   8.22)
[velocity_path_follower.py-9] [INFO] [1787284592.574041574] [velocity_path_follower]: waypoint 480 / 5251 도달 (선 이탈 0.13 m)
[velocity_path_follower.py-9] [INFO] [1787284592.890807384] [velocity_path_follower]: waypoint 481 / 5251 도달 (선 이탈 0.12 m)
[velocity_path_follower.py-9] [INFO] [1787284593.289752017] [velocity_path_follower]: waypoint 482 / 5251 도달 (선 이탈 0.09 m)
[velocity_path_follower.py-9] [INFO] [1787284593.639418902] [velocity_path_follower]: waypoint 483 / 5251 도달 (선 이탈 0.08 m)
[velocity_path_follower.py-9] [INFO] [1787284593.991693027] [velocity_path_follower]: waypoint 484 / 5251 도달 (선 이탈 0.06 m)
[velocity_path_follower.py-9] [INFO] [1787284594.341807490] [velocity_path_follower]: waypoint 485 / 5251 도달 (선 이탈 0.04 m)
[velocity_path_follower.py-9] [INFO] [1787284594.781561126] [velocity_path_follower]: waypoint 486 / 5251 도달 (선 이탈 0.02 m)
[velocity_path_follower.py-9] [INFO] [1787284595.136828672] [velocity_path_follower]: waypoint 487 / 5251 도달 (선 이탈 0.00 m)
[velocity_path_follower.py-9] [INFO] [1787284595.442214436] [velocity_path_follower]: waypoint 488 / 5251 도달 (선 이탈 0.01 m)
[velocity_path_follower.py-9] [INFO] [1787284595.847577927] [velocity_path_follower]: waypoint 489 / 5251 도달 (선 이탈 0.03 m)
[velocity_path_follower.py-9] [INFO] [1787284596.147617096] [velocity_path_follower]: waypoint 490 / 5251 도달 (선 이탈 0.05 m)
[velocity_path_follower.py-9] [INFO] [1787284596.508098751] [velocity_path_follower]: waypoint 491 / 5251 도달 (선 이탈 0.06 m)
[velocity_path_follower.py-9] [INFO] [1787284596.862441201] [velocity_path_follower]: waypoint 492 / 5251 도달 (선 이탈 0.07 m)
[velocity_path_follower.py-9] [INFO] [1787284597.212842900] [velocity_path_follower]: waypoint 493 / 5251 도달 (선 이탈 0.08 m)
[velocity_path_follower.py-9] [INFO] [1787284597.415550414] [velocity_path_follower]: 220.0s  wp 494/5251 이탈0.1m  위치 (   4.22,  -158.02,   8.38)
[velocity_path_follower.py-9] [INFO] [1787284597.568667741] [velocity_path_follower]: waypoint 494 / 5251 도달 (선 이탈 0.09 m)
[velocity_path_follower.py-9] [INFO] [1787284597.918864322] [velocity_path_follower]: waypoint 495 / 5251 도달 (선 이탈 0.09 m)
[velocity_path_follower.py-9] [INFO] [1787284598.271614763] [velocity_path_follower]: waypoint 496 / 5251 도달 (선 이탈 0.10 m)
[velocity_path_follower.py-9] [INFO] [1787284598.622143331] [velocity_path_follower]: waypoint 497 / 5251 도달 (선 이탈 0.10 m)
[velocity_path_follower.py-9] [INFO] [1787284598.978216862] [velocity_path_follower]: waypoint 498 / 5251 도달 (선 이탈 0.10 m)
[velocity_path_follower.py-9] [INFO] [1787284599.336014629] [velocity_path_follower]: waypoint 499 / 5251 도달 (선 이탈 0.10 m)
[velocity_path_follower.py-9] [INFO] [1787284599.697899107] [velocity_path_follower]: waypoint 500 / 5251 도달 (선 이탈 0.10 m)
[velocity_path_follower.py-9] [INFO] [1787284600.051312573] [velocity_path_follower]: waypoint 501 / 5251 도달 (선 이탈 0.09 m)
[velocity_path_follower.py-9] [INFO] [1787284600.399610851] [velocity_path_follower]: waypoint 502 / 5251 도달 (선 이탈 0.09 m)
[velocity_path_follower.py-9] [INFO] [1787284600.749637943] [velocity_path_follower]: waypoint 503 / 5251 도달 (선 이탈 0.08 m)
[velocity_path_follower.py-9] [INFO] [1787284601.102285126] [velocity_path_follower]: waypoint 504 / 5251 도달 (선 이탈 0.07 m)
[velocity_path_follower.py-9] [INFO] [1787284601.451922074] [velocity_path_follower]: waypoint 505 / 5251 도달 (선 이탈 0.06 m)
[velocity_path_follower.py-9] [INFO] [1787284601.807622520] [velocity_path_follower]: waypoint 506 / 5251 도달 (선 이탈 0.05 m)
[velocity_path_follower.py-9] [INFO] [1787284602.160787374] [velocity_path_follower]: waypoint 507 / 5251 도달 (선 이탈 0.04 m)
[velocity_path_follower.py-9] [INFO] [1787284602.468911186] [velocity_path_follower]: waypoint 508 / 5251 도달 (선 이탈 0.03 m)
[velocity_path_follower.py-9] [INFO] [1787284602.518551452] [velocity_path_follower]: 225.1s  wp 509/5251 이탈0.0m  위치 (  11.47,  -158.07,  10.55)
[velocity_path_follower.py-9] [INFO] [1787284602.870908073] [velocity_path_follower]: waypoint 509 / 5251 도달 (선 이탈 0.02 m)
[velocity_path_follower.py-9] [INFO] [1787284603.223677040] [velocity_path_follower]: waypoint 510 / 5251 도달 (선 이탈 0.01 m)
[velocity_path_follower.py-9] [INFO] [1787284603.525791689] [velocity_path_follower]: waypoint 511 / 5251 도달 (선 이탈 0.00 m)
[velocity_path_follower.py-9] [INFO] [1787284603.880803228] [velocity_path_follower]: waypoint 512 / 5251 도달 (선 이탈 0.01 m)
[velocity_path_follower.py-9] [INFO] [1787284604.230748442] [velocity_path_follower]: waypoint 513 / 5251 도달 (선 이탈 0.02 m)
[velocity_path_follower.py-9] [INFO] [1787284604.584236974] [velocity_path_follower]: waypoint 514 / 5251 도달 (선 이탈 0.02 m)
[velocity_path_follower.py-9] [INFO] [1787284604.936954667] [velocity_path_follower]: waypoint 515 / 5251 도달 (선 이탈 0.03 m)
[velocity_path_follower.py-9] [INFO] [1787284605.289552347] [velocity_path_follower]: waypoint 516 / 5251 도달 (선 이탈 0.04 m)
[velocity_path_follower.py-9] [INFO] [1787284605.645677296] [velocity_path_follower]: waypoint 517 / 5251 도달 (선 이탈 0.04 m)
[velocity_path_follower.py-9] [INFO] [1787284606.002816516] [velocity_path_follower]: waypoint 518 / 5251 도달 (선 이탈 0.05 m)
[velocity_path_follower.py-9] [INFO] [1787284606.354627741] [velocity_path_follower]: waypoint 519 / 5251 도달 (선 이탈 0.05 m)
[velocity_path_follower.py-9] [INFO] [1787284606.704790364] [velocity_path_follower]: waypoint 520 / 5251 도달 (선 이탈 0.05 m)
[velocity_path_follower.py-9] [INFO] [1787284607.069803917] [velocity_path_follower]: waypoint 521 / 5251 도달 (선 이탈 0.05 m)
[velocity_path_follower.py-9] [INFO] [1787284607.428851011] [velocity_path_follower]: waypoint 522 / 5251 도달 (선 이탈 0.05 m)
[velocity_path_follower.py-9] [INFO] [1787284607.530991409] [velocity_path_follower]: 230.0s  wp 523/5251 이탈0.1m  위치 (  18.58,  -158.15,  12.77)
[velocity_path_follower.py-9] [INFO] [1787284607.787878395] [velocity_path_follower]: waypoint 523 / 5251 도달 (선 이탈 0.05 m)
[velocity_path_follower.py-9] [INFO] [1787284608.142698868] [velocity_path_follower]: waypoint 524 / 5251 도달 (선 이탈 0.05 m)
[velocity_path_follower.py-9] [INFO] [1787284608.497666417] [velocity_path_follower]: waypoint 525 / 5251 도달 (선 이탈 0.05 m)
[velocity_path_follower.py-9] [INFO] [1787284608.799841633] [velocity_path_follower]: waypoint 526 / 5251 도달 (선 이탈 0.05 m)
[velocity_path_follower.py-9] [INFO] [1787284609.206144241] [velocity_path_follower]: waypoint 527 / 5251 도달 (선 이탈 0.04 m)
[velocity_path_follower.py-9] [INFO] [1787284609.508666806] [velocity_path_follower]: waypoint 528 / 5251 도달 (선 이탈 0.04 m)
[velocity_path_follower.py-9] [INFO] [1787284609.916680378] [velocity_path_follower]: waypoint 529 / 5251 도달 (선 이탈 0.03 m)
[velocity_path_follower.py-9] [INFO] [1787284610.221453609] [velocity_path_follower]: waypoint 530 / 5251 도달 (선 이탈 0.03 m)
[velocity_path_follower.py-9] [INFO] [1787284610.569904459] [velocity_path_follower]: waypoint 531 / 5251 도달 (선 이탈 0.02 m)
[velocity_path_follower.py-9] [INFO] [1787284611.019139869] [velocity_path_follower]: waypoint 532 / 5251 도달 (선 이탈 0.02 m)
[velocity_path_follower.py-9] [INFO] [1787284611.370819504] [velocity_path_follower]: waypoint 533 / 5251 도달 (선 이탈 0.01 m)
[velocity_path_follower.py-9] [INFO] [1787284611.758786663] [velocity_path_follower]: waypoint 534 / 5251 도달 (선 이탈 0.01 m)
[velocity_path_follower.py-9] [INFO] [1787284612.113169397] [velocity_path_follower]: waypoint 535 / 5251 도달 (선 이탈 0.00 m)
[velocity_path_follower.py-9] [INFO] [1787284612.473929933] [velocity_path_follower]: waypoint 536 / 5251 도달 (선 이탈 0.00 m)
[velocity_path_follower.py-9] [INFO] [1787284612.873688669] [velocity_path_follower]: 235.0s  wp 537/5251 이탈0.0m  위치 (  25.79,  -158.09,  11.28)
[velocity_path_follower.py-9] [INFO] [1787284612.972144853] [velocity_path_follower]: waypoint 537 / 5251 도달 (선 이탈 0.01 m)
[velocity_path_follower.py-9] [INFO] [1787284613.332639452] [velocity_path_follower]: waypoint 538 / 5251 도달 (선 이탈 0.01 m)
[velocity_path_follower.py-9] [INFO] [1787284613.682609349] [velocity_path_follower]: waypoint 539 / 5251 도달 (선 이탈 0.02 m)
[velocity_path_follower.py-9] [INFO] [1787284614.037976424] [velocity_path_follower]: waypoint 540 / 5251 도달 (선 이탈 0.02 m)
[velocity_path_follower.py-9] [INFO] [1787284614.389945611] [velocity_path_follower]: waypoint 541 / 5251 도달 (선 이탈 0.02 m)
[velocity_path_follower.py-9] [INFO] [1787284614.690721779] [velocity_path_follower]: waypoint 542 / 5251 도달 (선 이탈 0.02 m)
[velocity_path_follower.py-9] [INFO] [1787284615.040200397] [velocity_path_follower]: waypoint 543 / 5251 도달 (선 이탈 0.03 m)
[velocity_path_follower.py-9] [INFO] [1787284615.444665895] [velocity_path_follower]: waypoint 544 / 5251 도달 (선 이탈 0.03 m)
[velocity_path_follower.py-9] [INFO] [1787284615.748282776] [velocity_path_follower]: waypoint 545 / 5251 도달 (선 이탈 0.03 m)
[velocity_path_follower.py-9] [INFO] [1787284616.120270069] [velocity_path_follower]: waypoint 546 / 5251 도달 (선 이탈 0.03 m)
[velocity_path_follower.py-9] [INFO] [1787284616.472867538] [velocity_path_follower]: waypoint 547 / 5251 도달 (선 이탈 0.03 m)
[velocity_path_follower.py-9] [INFO] [1787284616.830068172] [velocity_path_follower]: waypoint 548 / 5251 도달 (선 이탈 0.03 m)
[velocity_path_follower.py-9] [INFO] [1787284617.186589666] [velocity_path_follower]: waypoint 549 / 5251 도달 (선 이탈 0.03 m)
[velocity_path_follower.py-9] [INFO] [1787284617.541999887] [velocity_path_follower]: waypoint 550 / 5251 도달 (선 이탈 0.03 m)
[velocity_path_follower.py-9] [INFO] [1787284617.907980798] [velocity_path_follower]: waypoint 551 / 5251 도달 (선 이탈 0.02 m)
[velocity_path_follower.py-9] [INFO] [1787284617.958117519] [velocity_path_follower]: 240.0s  wp 552/5251 이탈0.0m  위치 (  33.03,  -158.08,  10.80)
[velocity_path_follower.py-9] [INFO] [1787284618.258131615] [velocity_path_follower]: waypoint 552 / 5251 도달 (선 이탈 0.02 m)
[velocity_path_follower.py-9] [INFO] [1787284618.607674782] [velocity_path_follower]: waypoint 553 / 5251 도달 (선 이탈 0.02 m)
[velocity_path_follower.py-9] [INFO] [1787284618.958795534] [velocity_path_follower]: waypoint 554 / 5251 도달 (선 이탈 0.02 m)
[velocity_path_follower.py-9] [INFO] [1787284619.259163035] [velocity_path_follower]: waypoint 555 / 5251 도달 (선 이탈 0.01 m)
[velocity_path_follower.py-9] [INFO] [1787284619.662797285] [velocity_path_follower]: waypoint 556 / 5251 도달 (선 이탈 0.01 m)
[velocity_path_follower.py-9] [INFO] [1787284620.017223299] [velocity_path_follower]: waypoint 557 / 5251 도달 (선 이탈 0.01 m)
[velocity_path_follower.py-9] [INFO] [1787284620.320140125] [velocity_path_follower]: waypoint 558 / 5251 도달 (선 이탈 0.01 m)
[velocity_path_follower.py-9] [INFO] [1787284620.720033569] [velocity_path_follower]: waypoint 559 / 5251 도달 (선 이탈 0.00 m)
[velocity_path_follower.py-9] [INFO] [1787284621.019936337] [velocity_path_follower]: waypoint 560 / 5251 도달 (선 이탈 0.00 m)
[velocity_path_follower.py-9] [INFO] [1787284621.369707609] [velocity_path_follower]: waypoint 561 / 5251 도달 (선 이탈 0.00 m)
[velocity_path_follower.py-9] [INFO] [1787284621.722915528] [velocity_path_follower]: waypoint 562 / 5251 도달 (선 이탈 0.00 m)
[velocity_path_follower.py-9] [INFO] [1787284622.072742106] [velocity_path_follower]: waypoint 563 / 5251 도달 (선 이탈 0.01 m)
[velocity_path_follower.py-9] [INFO] [1787284622.427639368] [velocity_path_follower]: waypoint 564 / 5251 도달 (선 이탈 0.01 m)
[velocity_path_follower.py-9] [INFO] [1787284622.783178753] [velocity_path_follower]: waypoint 565 / 5251 도달 (선 이탈 0.01 m)
[velocity_path_follower.py-9] [INFO] [1787284623.066125140] [velocity_path_follower]: 245.0s  wp 566/5251 이탈0.0m  위치 (  40.21,  -158.11,  10.27)
[velocity_path_follower.py-9] [INFO] [1787284623.224666896] [velocity_path_follower]: waypoint 566 / 5251 도달 (선 이탈 0.01 m)
[velocity_path_follower.py-9] [INFO] [1787284623.578756698] [velocity_path_follower]: waypoint 567 / 5251 도달 (선 이탈 0.01 m)
[velocity_path_follower.py-9] [INFO] [1787284623.934129580] [velocity_path_follower]: waypoint 568 / 5251 도달 (선 이탈 0.01 m)
[velocity_path_follower.py-9] [INFO] [1787284624.299401206] [velocity_path_follower]: waypoint 569 / 5251 도달 (선 이탈 0.01 m)
[velocity_path_follower.py-9] [INFO] [1787284624.808681053] [velocity_path_follower]: waypoint 570 / 5251 도달 (선 이탈 0.01 m)
[velocity_path_follower.py-9] [INFO] [1787284625.009074749] [velocity_path_follower]: waypoint 571 / 5251 도달 (선 이탈 0.01 m)
[velocity_path_follower.py-9] [INFO] [1787284625.359678030] [velocity_path_follower]: waypoint 572 / 5251 도달 (선 이탈 0.01 m)
[velocity_path_follower.py-9] [INFO] [1787284625.659835856] [velocity_path_follower]: waypoint 573 / 5251 도달 (선 이탈 0.01 m)
[velocity_path_follower.py-9] [INFO] [1787284626.061402295] [velocity_path_follower]: waypoint 574 / 5251 도달 (선 이탈 0.01 m)
[velocity_path_follower.py-9] [INFO] [1787284626.367100496] [velocity_path_follower]: waypoint 575 / 5251 도달 (선 이탈 0.01 m)
[velocity_path_follower.py-9] [INFO] [1787284626.722261519] [velocity_path_follower]: waypoint 576 / 5251 도달 (선 이탈 0.01 m)
[velocity_path_follower.py-9] [INFO] [1787284627.097827949] [velocity_path_follower]: waypoint 577 / 5251 도달 (선 이탈 0.01 m)
[velocity_path_follower.py-9] [INFO] [1787284627.558135362] [velocity_path_follower]: waypoint 578 / 5251 도달 (선 이탈 0.01 m)
[velocity_path_follower.py-9] [INFO] [1787284627.912887592] [velocity_path_follower]: waypoint 579 / 5251 도달 (선 이탈 0.01 m)
[velocity_path_follower.py-9] [INFO] [1787284628.262672176] [velocity_path_follower]: waypoint 580 / 5251 도달 (선 이탈 0.01 m)
[velocity_path_follower.py-9] [INFO] [1787284628.312608529] [velocity_path_follower]: 250.1s  wp 581/5251 이탈0.0m  위치 (  47.51,  -158.10,  10.74)
[velocity_path_follower.py-9] [INFO] [1787284628.615120241] [velocity_path_follower]: waypoint 581 / 5251 도달 (선 이탈 0.00 m)
[velocity_path_follower.py-9] [INFO] [1787284628.971231198] [velocity_path_follower]: waypoint 582 / 5251 도달 (선 이탈 0.00 m)
[velocity_path_follower.py-9] [INFO] [1787284629.322775729] [velocity_path_follower]: waypoint 583 / 5251 도달 (선 이탈 0.00 m)
[velocity_path_follower.py-9] [INFO] [1787284629.673332440] [velocity_path_follower]: waypoint 584 / 5251 도달 (선 이탈 0.00 m)
[velocity_path_follower.py-9] [INFO] [1787284630.022654219] [velocity_path_follower]: waypoint 585 / 5251 도달 (선 이탈 0.00 m)
[velocity_path_follower.py-9] [INFO] [1787284630.372690468] [velocity_path_follower]: waypoint 586 / 5251 도달 (선 이탈 0.00 m)
[velocity_path_follower.py-9] [INFO] [1787284630.723270007] [velocity_path_follower]: waypoint 587 / 5251 도달 (선 이탈 0.00 m)
[velocity_path_follower.py-9] [INFO] [1787284631.022759387] [velocity_path_follower]: waypoint 588 / 5251 도달 (선 이탈 0.01 m)
[velocity_path_follower.py-9] [INFO] [1787284631.375793878] [velocity_path_follower]: waypoint 589 / 5251 도달 (선 이탈 0.01 m)
[velocity_path_follower.py-9] [INFO] [1787284631.725588861] [velocity_path_follower]: waypoint 590 / 5251 도달 (선 이탈 0.01 m)
[velocity_path_follower.py-9] [INFO] [1787284632.075841354] [velocity_path_follower]: waypoint 591 / 5251 도달 (선 이탈 0.01 m)
[velocity_path_follower.py-9] [INFO] [1787284632.425710468] [velocity_path_follower]: waypoint 592 / 5251 도달 (선 이탈 0.01 m)
[velocity_path_follower.py-9] [INFO] [1787284632.775576957] [velocity_path_follower]: waypoint 593 / 5251 도달 (선 이탈 0.01 m)
[velocity_path_follower.py-9] [INFO] [1787284633.188953598] [velocity_path_follower]: waypoint 594 / 5251 도달 (선 이탈 0.01 m)
[velocity_path_follower.py-9] [INFO] [1787284633.338643309] [velocity_path_follower]: 255.0s  wp 595/5251 이탈0.0m  위치 (  54.64,  -158.09,  13.78)
[velocity_path_follower.py-9] [INFO] [1787284633.538817775] [velocity_path_follower]: waypoint 595 / 5251 도달 (선 이탈 0.01 m)
[velocity_path_follower.py-9] [INFO] [1787284633.888857358] [velocity_path_follower]: waypoint 596 / 5251 도달 (선 이탈 0.01 m)
[velocity_path_follower.py-9] [INFO] [1787284634.254395502] [velocity_path_follower]: waypoint 597 / 5251 도달 (선 이탈 0.01 m)
[velocity_path_follower.py-9] [INFO] [1787284634.602777428] [velocity_path_follower]: waypoint 598 / 5251 도달 (선 이탈 0.01 m)
[velocity_path_follower.py-9] [INFO] [1787284634.952818108] [velocity_path_follower]: waypoint 599 / 5251 도달 (선 이탈 0.01 m)
[velocity_path_follower.py-9] [INFO] [1787284635.311152550] [velocity_path_follower]: waypoint 600 / 5251 도달 (선 이탈 0.01 m)
[velocity_path_follower.py-9] [INFO] [1787284635.622897744] [velocity_path_follower]: waypoint 601 / 5251 도달 (선 이탈 0.01 m)
[velocity_path_follower.py-9] [INFO] [1787284636.026683041] [velocity_path_follower]: waypoint 602 / 5251 도달 (선 이탈 0.01 m)
[velocity_path_follower.py-9] [INFO] [1787284636.352180226] [velocity_path_follower]: waypoint 603 / 5251 도달 (선 이탈 0.00 m)
[velocity_path_follower.py-9] [INFO] [1787284636.705444926] [velocity_path_follower]: waypoint 604 / 5251 도달 (선 이탈 0.00 m)
[velocity_path_follower.py-9] [INFO] [1787284637.055621169] [velocity_path_follower]: waypoint 605 / 5251 도달 (선 이탈 0.00 m)
[velocity_path_follower.py-9] [INFO] [1787284638.411874938] [velocity_path_follower]: 260.0s  wp 606/5251 이탈0.4m  위치 (  61.80,  -157.91,  12.31)
[velocity_path_follower.py-9] [INFO] [1787284642.280107929] [velocity_path_follower]: waypoint 606 / 5251 도달 (선 이탈 2.98 m)
[velocity_path_follower.py-9] [INFO] [1787284643.482873046] [velocity_path_follower]: 265.0s  wp 608/5251 이탈0.5m  위치 (  64.38,  -154.63,   8.08)
[velocity_path_follower.py-9] [INFO] [1787284647.345856238] [velocity_path_follower]: waypoint 608 / 5251 도달 (선 이탈 1.37 m)
[velocity_path_follower.py-9] [INFO] [1787284647.944314452] [velocity_path_follower]: waypoint 609 / 5251 도달 (선 이탈 1.44 m)
[velocity_path_follower.py-9] [INFO] [1787284648.544254758] [velocity_path_follower]: waypoint 610 / 5251 도달 (선 이탈 1.44 m)
[velocity_path_follower.py-9] [INFO] [1787284648.644145822] [velocity_path_follower]: 270.0s  wp 611/5251 이탈1.4m  위치 (  61.30,  -152.66,   9.08)
[velocity_path_follower.py-9] [INFO] [1787284649.094283673] [velocity_path_follower]: waypoint 611 / 5251 도달 (선 이탈 1.39 m)
[velocity_path_follower.py-9] [INFO] [1787284649.694281196] [velocity_path_follower]: waypoint 612 / 5251 도달 (선 이탈 1.29 m)
[velocity_path_follower.py-9] [INFO] [1787284650.194582187] [velocity_path_follower]: waypoint 613 / 5251 도달 (선 이탈 1.18 m)
[velocity_path_follower.py-9] [INFO] [1787284650.744838682] [velocity_path_follower]: waypoint 614 / 5251 도달 (선 이탈 1.01 m)
[velocity_path_follower.py-9] [INFO] [1787284651.244290749] [velocity_path_follower]: waypoint 615 / 5251 도달 (선 이탈 0.86 m)
[velocity_path_follower.py-9] [INFO] [1787284651.744203682] [velocity_path_follower]: waypoint 616 / 5251 도달 (선 이탈 0.68 m)
[velocity_path_follower.py-9] [INFO] [1787284652.244326432] [velocity_path_follower]: waypoint 617 / 5251 도달 (선 이탈 0.49 m)
[velocity_path_follower.py-9] [INFO] [1787284652.694256604] [velocity_path_follower]: waypoint 618 / 5251 도달 (선 이탈 0.32 m)
[velocity_path_follower.py-9] [INFO] [1787284653.144869914] [velocity_path_follower]: waypoint 619 / 5251 도달 (선 이탈 0.15 m)
[velocity_path_follower.py-9] [INFO] [1787284653.594322233] [velocity_path_follower]: waypoint 620 / 5251 도달 (선 이탈 0.01 m)
[velocity_path_follower.py-9] [INFO] [1787284653.644264800] [velocity_path_follower]: 275.0s  wp 621/5251 이탈0.0m  위치 (  56.30,  -154.13,  10.67)
[velocity_path_follower.py-9] [INFO] [1787284654.044639343] [velocity_path_follower]: waypoint 621 / 5251 도달 (선 이탈 0.16 m)
[velocity_path_follower.py-9] [INFO] [1787284654.444339165] [velocity_path_follower]: waypoint 622 / 5251 도달 (선 이탈 0.28 m)
[velocity_path_follower.py-9] [INFO] [1787284654.894279546] [velocity_path_follower]: waypoint 623 / 5251 도달 (선 이탈 0.40 m)
[velocity_path_follower.py-9] [INFO] [1787284655.294155165] [velocity_path_follower]: waypoint 624 / 5251 도달 (선 이탈 0.49 m)
[velocity_path_follower.py-9] [INFO] [1787284655.694301611] [velocity_path_follower]: waypoint 625 / 5251 도달 (선 이탈 0.56 m)
[velocity_path_follower.py-9] [INFO] [1787284656.094195196] [velocity_path_follower]: waypoint 626 / 5251 도달 (선 이탈 0.62 m)
[velocity_path_follower.py-9] [INFO] [1787284656.494345330] [velocity_path_follower]: waypoint 627 / 5251 도달 (선 이탈 0.66 m)
[velocity_path_follower.py-9] [INFO] [1787284656.894338004] [velocity_path_follower]: waypoint 628 / 5251 도달 (선 이탈 0.68 m)
[velocity_path_follower.py-9] [INFO] [1787284657.294278394] [velocity_path_follower]: waypoint 629 / 5251 도달 (선 이탈 0.69 m)
[velocity_path_follower.py-9] [INFO] [1787284657.700098111] [velocity_path_follower]: waypoint 630 / 5251 도달 (선 이탈 0.68 m)
[velocity_path_follower.py-9] [INFO] [1787284658.111980698] [velocity_path_follower]: waypoint 631 / 5251 도달 (선 이탈 0.66 m)
[velocity_path_follower.py-9] [INFO] [1787284658.511973061] [velocity_path_follower]: waypoint 632 / 5251 도달 (선 이탈 0.63 m)
[velocity_path_follower.py-9] [INFO] [1787284658.662025642] [velocity_path_follower]: 280.0s  wp 633/5251 이탈0.6m  위치 (  50.13,  -154.71,  12.64)
[velocity_path_follower.py-9] [INFO] [1787284658.861925847] [velocity_path_follower]: waypoint 633 / 5251 도달 (선 이탈 0.59 m)
[velocity_path_follower.py-9] [INFO] [1787284659.262101920] [velocity_path_follower]: waypoint 634 / 5251 도달 (선 이탈 0.53 m)
[velocity_path_follower.py-9] [INFO] [1787284659.662191845] [velocity_path_follower]: waypoint 635 / 5251 도달 (선 이탈 0.47 m)
[velocity_path_follower.py-9] [INFO] [1787284660.012031705] [velocity_path_follower]: waypoint 636 / 5251 도달 (선 이탈 0.41 m)
[velocity_path_follower.py-9] [INFO] [1787284660.412168947] [velocity_path_follower]: waypoint 637 / 5251 도달 (선 이탈 0.34 m)
[velocity_path_follower.py-9] [INFO] [1787284660.812850226] [velocity_path_follower]: waypoint 638 / 5251 도달 (선 이탈 0.26 m)
[velocity_path_follower.py-9] [INFO] [1787284661.164241875] [velocity_path_follower]: waypoint 639 / 5251 도달 (선 이탈 0.19 m)
[velocity_path_follower.py-9] [INFO] [1787284661.565122555] [velocity_path_follower]: waypoint 640 / 5251 도달 (선 이탈 0.12 m)
[velocity_path_follower.py-9] [INFO] [1787284661.914149694] [velocity_path_follower]: waypoint 641 / 5251 도달 (선 이탈 0.05 m)
[velocity_path_follower.py-9] [INFO] [1787284662.314279565] [velocity_path_follower]: waypoint 642 / 5251 도달 (선 이탈 0.02 m)
[velocity_path_follower.py-9] [INFO] [1787284662.664058114] [velocity_path_follower]: waypoint 643 / 5251 도달 (선 이탈 0.08 m)
[velocity_path_follower.py-9] [INFO] [1787284663.014265382] [velocity_path_follower]: waypoint 644 / 5251 도달 (선 이탈 0.13 m)
[velocity_path_follower.py-9] [INFO] [1787284663.365146006] [velocity_path_follower]: waypoint 645 / 5251 도달 (선 이탈 0.19 m)
[velocity_path_follower.py-9] [INFO] [1787284663.663935143] [velocity_path_follower]: 285.0s  wp 646/5251 이탈0.2m  위치 (  43.51,  -153.88,  11.83)
[velocity_path_follower.py-9] [INFO] [1787284663.764135631] [velocity_path_follower]: waypoint 646 / 5251 도달 (선 이탈 0.23 m)
[velocity_path_follower.py-9] [INFO] [1787284664.114210338] [velocity_path_follower]: waypoint 647 / 5251 도달 (선 이탈 0.27 m)
[velocity_path_follower.py-9] [INFO] [1787284664.514052359] [velocity_path_follower]: waypoint 648 / 5251 도달 (선 이탈 0.31 m)
[velocity_path_follower.py-9] [INFO] [1787284664.864221686] [velocity_path_follower]: waypoint 649 / 5251 도달 (선 이탈 0.33 m)
[velocity_path_follower.py-9] [INFO] [1787284665.214042766] [velocity_path_follower]: waypoint 650 / 5251 도달 (선 이탈 0.35 m)
[velocity_path_follower.py-9] [INFO] [1787284665.566604243] [velocity_path_follower]: waypoint 651 / 5251 도달 (선 이탈 0.36 m)
[velocity_path_follower.py-9] [INFO] [1787284665.916361528] [velocity_path_follower]: waypoint 652 / 5251 도달 (선 이탈 0.36 m)
[velocity_path_follower.py-9] [INFO] [1787284666.268744782] [velocity_path_follower]: waypoint 653 / 5251 도달 (선 이탈 0.36 m)
[velocity_path_follower.py-9] [INFO] [1787284666.670798095] [velocity_path_follower]: waypoint 654 / 5251 도달 (선 이탈 0.35 m)
[velocity_path_follower.py-9] [INFO] [1787284667.020798098] [velocity_path_follower]: waypoint 655 / 5251 도달 (선 이탈 0.33 m)
[velocity_path_follower.py-9] [INFO] [1787284667.370638825] [velocity_path_follower]: waypoint 656 / 5251 도달 (선 이탈 0.31 m)
[velocity_path_follower.py-9] [INFO] [1787284667.720394446] [velocity_path_follower]: waypoint 657 / 5251 도달 (선 이탈 0.29 m)
[velocity_path_follower.py-9] [INFO] [1787284668.120709714] [velocity_path_follower]: waypoint 658 / 5251 도달 (선 이탈 0.26 m)
[velocity_path_follower.py-9] [INFO] [1787284668.470878882] [velocity_path_follower]: waypoint 659 / 5251 도달 (선 이탈 0.22 m)
[velocity_path_follower.py-9] [INFO] [1787284668.670400368] [velocity_path_follower]: 290.0s  wp 660/5251 이탈0.2m  위치 (  36.57,  -153.90,   8.05)
[velocity_path_follower.py-9] [INFO] [1787284668.822733548] [velocity_path_follower]: waypoint 660 / 5251 도달 (선 이탈 0.19 m)
[velocity_path_follower.py-9] [INFO] [1787284669.172737502] [velocity_path_follower]: waypoint 661 / 5251 도달 (선 이탈 0.15 m)
[velocity_path_follower.py-9] [INFO] [1787284669.522963000] [velocity_path_follower]: waypoint 662 / 5251 도달 (선 이탈 0.12 m)
[velocity_path_follower.py-9] [INFO] [1787284669.872723725] [velocity_path_follower]: waypoint 663 / 5251 도달 (선 이탈 0.08 m)
[velocity_path_follower.py-9] [INFO] [1787284670.224779996] [velocity_path_follower]: waypoint 664 / 5251 도달 (선 이탈 0.04 m)
[velocity_path_follower.py-9] [INFO] [1787284670.574741347] [velocity_path_follower]: waypoint 665 / 5251 도달 (선 이탈 0.01 m)
[velocity_path_follower.py-9] [INFO] [1787284670.924609760] [velocity_path_follower]: waypoint 666 / 5251 도달 (선 이탈 0.02 m)
[velocity_path_follower.py-9] [INFO] [1787284671.327610727] [velocity_path_follower]: waypoint 667 / 5251 도달 (선 이탈 0.06 m)
[velocity_path_follower.py-9] [INFO] [1787284671.629746222] [velocity_path_follower]: waypoint 668 / 5251 도달 (선 이탈 0.08 m)
[velocity_path_follower.py-9] [INFO] [1787284672.031660213] [velocity_path_follower]: waypoint 669 / 5251 도달 (선 이탈 0.11 m)
[velocity_path_follower.py-9] [INFO] [1787284672.336587718] [velocity_path_follower]: waypoint 670 / 5251 도달 (선 이탈 0.13 m)
[velocity_path_follower.py-9] [INFO] [1787284672.738634879] [velocity_path_follower]: waypoint 671 / 5251 도달 (선 이탈 0.15 m)
[velocity_path_follower.py-9] [INFO] [1787284673.088584931] [velocity_path_follower]: waypoint 672 / 5251 도달 (선 이탈 0.17 m)
[velocity_path_follower.py-9] [INFO] [1787284673.438663403] [velocity_path_follower]: waypoint 673 / 5251 도달 (선 이탈 0.18 m)
[velocity_path_follower.py-9] [INFO] [1787284673.688867084] [velocity_path_follower]: 295.0s  wp 674/5251 이탈0.2m  위치 (  29.49,  -154.28,  11.64)
[velocity_path_follower.py-9] [INFO] [1787284673.788693720] [velocity_path_follower]: waypoint 674 / 5251 도달 (선 이탈 0.19 m)
[velocity_path_follower.py-9] [INFO] [1787284674.138889755] [velocity_path_follower]: waypoint 675 / 5251 도달 (선 이탈 0.19 m)
[velocity_path_follower.py-9] [INFO] [1787284674.491434522] [velocity_path_follower]: waypoint 676 / 5251 도달 (선 이탈 0.19 m)
[velocity_path_follower.py-9] [INFO] [1787284674.848651216] [velocity_path_follower]: waypoint 677 / 5251 도달 (선 이탈 0.19 m)
[velocity_path_follower.py-9] [INFO] [1787284675.198739991] [velocity_path_follower]: waypoint 678 / 5251 도달 (선 이탈 0.18 m)
[velocity_path_follower.py-9] [INFO] [1787284675.553457909] [velocity_path_follower]: waypoint 679 / 5251 도달 (선 이탈 0.17 m)
[velocity_path_follower.py-9] [INFO] [1787284675.903864982] [velocity_path_follower]: waypoint 680 / 5251 도달 (선 이탈 0.16 m)
[velocity_path_follower.py-9] [INFO] [1787284676.206712496] [velocity_path_follower]: waypoint 681 / 5251 도달 (선 이탈 0.15 m)
[velocity_path_follower.py-9] [INFO] [1787284676.610673524] [velocity_path_follower]: waypoint 682 / 5251 도달 (선 이탈 0.13 m)
[velocity_path_follower.py-9] [INFO] [1787284676.960641912] [velocity_path_follower]: waypoint 683 / 5251 도달 (선 이탈 0.12 m)
[velocity_path_follower.py-9] [INFO] [1787284677.312906471] [velocity_path_follower]: waypoint 684 / 5251 도달 (선 이탈 0.10 m)
[velocity_path_follower.py-9] [INFO] [1787284677.662692073] [velocity_path_follower]: waypoint 685 / 5251 도달 (선 이탈 0.08 m)
[velocity_path_follower.py-9] [INFO] [1787284678.012623916] [velocity_path_follower]: waypoint 686 / 5251 도달 (선 이탈 0.06 m)
[velocity_path_follower.py-9] [INFO] [1787284678.362766532] [velocity_path_follower]: waypoint 687 / 5251 도달 (선 이탈 0.04 m)
[velocity_path_follower.py-9] [INFO] [1787284678.712694483] [velocity_path_follower]: waypoint 688 / 5251 도달 (선 이탈 0.03 m)
[velocity_path_follower.py-9] [INFO] [1787284678.762371618] [velocity_path_follower]: 300.1s  wp 689/5251 이탈0.0m  위치 (  22.26,  -154.12,  12.71)
[velocity_path_follower.py-9] [INFO] [1787284679.062629043] [velocity_path_follower]: waypoint 689 / 5251 도달 (선 이탈 0.01 m)
[velocity_path_follower.py-9] [INFO] [1787284679.364711983] [velocity_path_follower]: waypoint 690 / 5251 도달 (선 이탈 0.01 m)
[velocity_path_follower.py-9] [INFO] [1787284679.767650273] [velocity_path_follower]: waypoint 691 / 5251 도달 (선 이탈 0.03 m)
[velocity_path_follower.py-9] [INFO] [1787284680.073829261] [velocity_path_follower]: waypoint 692 / 5251 도달 (선 이탈 0.04 m)
[velocity_path_follower.py-9] [INFO] [1787284680.426776558] [velocity_path_follower]: waypoint 693 / 5251 도달 (선 이탈 0.05 m)
[velocity_path_follower.py-9] [INFO] [1787284680.781242509] [velocity_path_follower]: waypoint 694 / 5251 도달 (선 이탈 0.07 m)
[velocity_path_follower.py-9] [INFO] [1787284681.130769262] [velocity_path_follower]: waypoint 695 / 5251 도달 (선 이탈 0.08 m)
[velocity_path_follower.py-9] [INFO] [1787284681.488703312] [velocity_path_follower]: waypoint 696 / 5251 도달 (선 이탈 0.08 m)
[velocity_path_follower.py-9] [INFO] [1787284681.840612602] [velocity_path_follower]: waypoint 697 / 5251 도달 (선 이탈 0.09 m)
[velocity_path_follower.py-9] [INFO] [1787284682.193588892] [velocity_path_follower]: waypoint 698 / 5251 도달 (선 이탈 0.10 m)
[velocity_path_follower.py-9] [INFO] [1787284682.543762097] [velocity_path_follower]: waypoint 699 / 5251 도달 (선 이탈 0.10 m)
[velocity_path_follower.py-9] [INFO] [1787284682.897872609] [velocity_path_follower]: waypoint 700 / 5251 도달 (선 이탈 0.10 m)
[velocity_path_follower.py-9] [INFO] [1787284683.250706680] [velocity_path_follower]: waypoint 701 / 5251 도달 (선 이탈 0.10 m)
[velocity_path_follower.py-9] [INFO] [1787284683.600600962] [velocity_path_follower]: waypoint 702 / 5251 도달 (선 이탈 0.10 m)
[velocity_path_follower.py-9] [INFO] [1787284683.753735330] [velocity_path_follower]: 305.0s  wp 703/5251 이탈0.1m  위치 (  15.16,  -154.01,  10.80)
[velocity_path_follower.py-9] [INFO] [1787284683.955717597] [velocity_path_follower]: waypoint 703 / 5251 도달 (선 이탈 0.09 m)
[velocity_path_follower.py-9] [INFO] [1787284684.307629093] [velocity_path_follower]: waypoint 704 / 5251 도달 (선 이탈 0.09 m)
[velocity_path_follower.py-9] [INFO] [1787284684.662537211] [velocity_path_follower]: waypoint 705 / 5251 도달 (선 이탈 0.08 m)
[velocity_path_follower.py-9] [INFO] [1787284685.012428405] [velocity_path_follower]: waypoint 706 / 5251 도달 (선 이탈 0.07 m)
[velocity_path_follower.py-9] [INFO] [1787284685.364855646] [velocity_path_follower]: waypoint 707 / 5251 도달 (선 이탈 0.06 m)
[velocity_path_follower.py-9] [INFO] [1787284685.667861431] [velocity_path_follower]: waypoint 708 / 5251 도달 (선 이탈 0.05 m)
[velocity_path_follower.py-9] [INFO] [1787284686.070237851] [velocity_path_follower]: waypoint 709 / 5251 도달 (선 이탈 0.04 m)
[velocity_path_follower.py-9] [INFO] [1787284686.422544419] [velocity_path_follower]: waypoint 710 / 5251 도달 (선 이탈 0.03 m)
[velocity_path_follower.py-9] [INFO] [1787284686.774680395] [velocity_path_follower]: waypoint 711 / 5251 도달 (선 이탈 0.02 m)
[velocity_path_follower.py-9] [INFO] [1787284687.130430274] [velocity_path_follower]: waypoint 712 / 5251 도달 (선 이탈 0.01 m)
[velocity_path_follower.py-9] [INFO] [1787284687.433131511] [velocity_path_follower]: waypoint 713 / 5251 도달 (선 이탈 0.01 m)
[velocity_path_follower.py-9] [INFO] [1787284687.836189208] [velocity_path_follower]: waypoint 714 / 5251 도달 (선 이탈 0.01 m)
[velocity_path_follower.py-9] [INFO] [1787284688.136176766] [velocity_path_follower]: waypoint 715 / 5251 도달 (선 이탈 0.01 m)
[velocity_path_follower.py-9] [INFO] [1787284688.490406109] [velocity_path_follower]: waypoint 716 / 5251 도달 (선 이탈 0.02 m)
[velocity_path_follower.py-9] [INFO] [1787284688.795552058] [velocity_path_follower]: 310.0s  wp 717/5251 이탈0.0m  위치 (   7.94,  -154.13,  10.98)
[velocity_path_follower.py-9] [INFO] [1787284688.845434718] [velocity_path_follower]: waypoint 717 / 5251 도달 (선 이탈 0.03 m)
[velocity_path_follower.py-9] [INFO] [1787284689.195585020] [velocity_path_follower]: waypoint 718 / 5251 도달 (선 이탈 0.03 m)
[velocity_path_follower.py-9] [INFO] [1787284689.547652889] [velocity_path_follower]: waypoint 719 / 5251 도달 (선 이탈 0.04 m)
[velocity_path_follower.py-9] [INFO] [1787284689.903580959] [velocity_path_follower]: waypoint 720 / 5251 도달 (선 이탈 0.04 m)
[velocity_path_follower.py-9] [INFO] [1787284690.261638685] [velocity_path_follower]: waypoint 721 / 5251 도달 (선 이탈 0.05 m)
[velocity_path_follower.py-9] [INFO] [1787284690.620909931] [velocity_path_follower]: waypoint 722 / 5251 도달 (선 이탈 0.05 m)
[velocity_path_follower.py-9] [INFO] [1787284690.974461354] [velocity_path_follower]: waypoint 723 / 5251 도달 (선 이탈 0.05 m)
[velocity_path_follower.py-9] [INFO] [1787284691.436046111] [velocity_path_follower]: waypoint 724 / 5251 도달 (선 이탈 0.05 m)
[velocity_path_follower.py-9] [INFO] [1787284691.788934063] [velocity_path_follower]: waypoint 725 / 5251 도달 (선 이탈 0.05 m)
[velocity_path_follower.py-9] [INFO] [1787284692.141524088] [velocity_path_follower]: waypoint 726 / 5251 도달 (선 이탈 0.05 m)
[velocity_path_follower.py-9] [INFO] [1787284692.494761295] [velocity_path_follower]: waypoint 727 / 5251 도달 (선 이탈 0.05 m)
[velocity_path_follower.py-9] [INFO] [1787284692.847737050] [velocity_path_follower]: waypoint 728 / 5251 도달 (선 이탈 0.05 m)
[velocity_path_follower.py-9] [INFO] [1787284693.202403155] [velocity_path_follower]: waypoint 729 / 5251 도달 (선 이탈 0.04 m)
[velocity_path_follower.py-9] [INFO] [1787284693.503005521] [velocity_path_follower]: waypoint 730 / 5251 도달 (선 이탈 0.04 m)
[velocity_path_follower.py-9] [INFO] [1787284693.902240221] [velocity_path_follower]: waypoint 731 / 5251 도달 (선 이탈 0.03 m)
[velocity_path_follower.py-9] [INFO] [1787284693.952177902] [velocity_path_follower]: 315.0s  wp 732/5251 이탈0.0m  위치 (   0.76,  -154.13,  11.66)
[velocity_path_follower.py-9] [INFO] [1787284694.210190521] [velocity_path_follower]: waypoint 732 / 5251 도달 (선 이탈 0.03 m)
[velocity_path_follower.py-9] [INFO] [1787284694.569446368] [velocity_path_follower]: waypoint 733 / 5251 도달 (선 이탈 0.03 m)
[velocity_path_follower.py-9] [INFO] [1787284694.923531758] [velocity_path_follower]: waypoint 734 / 5251 도달 (선 이탈 0.02 m)
[velocity_path_follower.py-9] [INFO] [1787284695.276585390] [velocity_path_follower]: waypoint 735 / 5251 도달 (선 이탈 0.02 m)
[velocity_path_follower.py-9] [INFO] [1787284695.626711576] [velocity_path_follower]: waypoint 736 / 5251 도달 (선 이탈 0.01 m)
[velocity_path_follower.py-9] [INFO] [1787284695.980162010] [velocity_path_follower]: waypoint 737 / 5251 도달 (선 이탈 0.01 m)
[velocity_path_follower.py-9] [INFO] [1787284696.332545274] [velocity_path_follower]: waypoint 738 / 5251 도달 (선 이탈 0.00 m)
[velocity_path_follower.py-9] [INFO] [1787284696.682703002] [velocity_path_follower]: waypoint 739 / 5251 도달 (선 이탈 0.00 m)
[velocity_path_follower.py-9] [INFO] [1787284697.035330435] [velocity_path_follower]: waypoint 740 / 5251 도달 (선 이탈 0.01 m)
[velocity_path_follower.py-9] [INFO] [1787284697.389905900] [velocity_path_follower]: waypoint 741 / 5251 도달 (선 이탈 0.01 m)
[velocity_path_follower.py-9] [INFO] [1787284697.741612985] [velocity_path_follower]: waypoint 742 / 5251 도달 (선 이탈 0.02 m)
[velocity_path_follower.py-9] [INFO] [1787284698.093751056] [velocity_path_follower]: waypoint 743 / 5251 도달 (선 이탈 0.02 m)
[velocity_path_follower.py-9] [INFO] [1787284698.443687152] [velocity_path_follower]: waypoint 744 / 5251 도달 (선 이탈 0.02 m)
[velocity_path_follower.py-9] [INFO] [1787284698.743565532] [velocity_path_follower]: waypoint 745 / 5251 도달 (선 이탈 0.02 m)
[velocity_path_follower.py-9] [INFO] [1787284698.993595575] [velocity_path_follower]: 320.0s  wp 746/5251 이탈0.0m  위치 (  -6.45,  -154.08,   7.79)
[velocity_path_follower.py-9] [INFO] [1787284699.145752940] [velocity_path_follower]: waypoint 746 / 5251 도달 (선 이탈 0.03 m)
[velocity_path_follower.py-9] [INFO] [1787284699.448629268] [velocity_path_follower]: waypoint 747 / 5251 도달 (선 이탈 0.03 m)
[velocity_path_follower.py-9] [INFO] [1787284699.800699577] [velocity_path_follower]: waypoint 748 / 5251 도달 (선 이탈 0.03 m)
[velocity_path_follower.py-9] [INFO] [1787284700.156612927] [velocity_path_follower]: waypoint 749 / 5251 도달 (선 이탈 0.03 m)
[velocity_path_follower.py-9] [INFO] [1787284700.506625574] [velocity_path_follower]: waypoint 750 / 5251 도달 (선 이탈 0.03 m)
[velocity_path_follower.py-9] [INFO] [1787284703.913935063] [velocity_path_follower]: waypoint 751 / 5251 도달 (선 이탈 0.02 m)
[velocity_path_follower.py-9] [INFO] [1787284703.963429164] [velocity_path_follower]: waypoint 752 / 5251 도달 (선 이탈 0.02 m)
[velocity_path_follower.py-9] [INFO] [1787284704.013567346] [velocity_path_follower]: waypoint 753 / 5251 도달 (선 이탈 0.02 m)
[velocity_path_follower.py-9] [INFO] [1787284704.063588768] [velocity_path_follower]: waypoint 754 / 5251 도달 (선 이탈 0.02 m)
[velocity_path_follower.py-9] [INFO] [1787284704.113662723] [velocity_path_follower]: waypoint 755 / 5251 도달 (선 이탈 0.02 m)
[velocity_path_follower.py-9] [INFO] [1787284704.163865615] [velocity_path_follower]: waypoint 756 / 5251 도달 (선 이탈 0.02 m)
[velocity_path_follower.py-9] [INFO] [1787284704.213564089] [velocity_path_follower]: waypoint 757 / 5251 도달 (선 이탈 0.02 m)
[velocity_path_follower.py-9] [INFO] [1787284704.263499233] [velocity_path_follower]: waypoint 758 / 5251 도달 (선 이탈 0.02 m)
[velocity_path_follower.py-9] [INFO] [1787284704.313443418] [velocity_path_follower]: 325.3s  wp 759/5251 이탈0.0m  위치 ( -12.84,  -154.08,   6.65)
[velocity_path_follower.py-9] [INFO] [1787284704.667299726] [velocity_path_follower]: waypoint 759 / 5251 도달 (선 이탈 0.01 m)
[velocity_path_follower.py-9] [INFO] [1787284705.320759617] [velocity_path_follower]: waypoint 760 / 5251 도달 (선 이탈 0.01 m)
[velocity_path_follower.py-9] [INFO] [1787284705.920628656] [velocity_path_follower]: waypoint 761 / 5251 도달 (선 이탈 0.01 m)
[velocity_path_follower.py-9] [INFO] [1787284706.470743961] [velocity_path_follower]: waypoint 762 / 5251 도달 (선 이탈 0.01 m)
[velocity_path_follower.py-9] [INFO] [1787284706.970661092] [velocity_path_follower]: waypoint 763 / 5251 도달 (선 이탈 0.01 m)
[velocity_path_follower.py-9] [INFO] [1787284707.473435778] [velocity_path_follower]: waypoint 764 / 5251 도달 (선 이탈 0.00 m)
[velocity_path_follower.py-9] [INFO] [1787284707.925751230] [velocity_path_follower]: waypoint 765 / 5251 도달 (선 이탈 0.00 m)
[velocity_path_follower.py-9] [INFO] [1787284708.378421912] [velocity_path_follower]: waypoint 766 / 5251 도달 (선 이탈 0.00 m)
[velocity_path_follower.py-9] [INFO] [1787284708.883678926] [velocity_path_follower]: waypoint 767 / 5251 도달 (선 이탈 0.00 m)
[velocity_path_follower.py-9] [INFO] [1787284709.033653114] [velocity_path_follower]: 330.0s  wp 768/5251 이탈0.0m  위치 ( -17.35,  -154.10,   8.49)
[velocity_path_follower.py-9] [INFO] [1787284709.283604372] [velocity_path_follower]: waypoint 768 / 5251 도달 (선 이탈 0.00 m)
[velocity_path_follower.py-9] [INFO] [1787284709.733701824] [velocity_path_follower]: waypoint 769 / 5251 도달 (선 이탈 0.01 m)
[velocity_path_follower.py-9] [INFO] [1787284710.134110423] [velocity_path_follower]: waypoint 770 / 5251 도달 (선 이탈 0.01 m)
[velocity_path_follower.py-9] [INFO] [1787284710.583605722] [velocity_path_follower]: waypoint 771 / 5251 도달 (선 이탈 0.01 m)
[velocity_path_follower.py-9] [INFO] [1787284710.983626837] [velocity_path_follower]: waypoint 772 / 5251 도달 (선 이탈 0.01 m)
[velocity_path_follower.py-9] [INFO] [1787284711.383634737] [velocity_path_follower]: waypoint 773 / 5251 도달 (선 이탈 0.01 m)
[velocity_path_follower.py-9] [INFO] [1787284711.783645034] [velocity_path_follower]: waypoint 774 / 5251 도달 (선 이탈 0.01 m)
[velocity_path_follower.py-9] [INFO] [1787284712.183566764] [velocity_path_follower]: waypoint 775 / 5251 도달 (선 이탈 0.01 m)
[velocity_path_follower.py-9] [INFO] [1787284712.585587600] [velocity_path_follower]: waypoint 776 / 5251 도달 (선 이탈 0.01 m)
[velocity_path_follower.py-9] [INFO] [1787284712.935843045] [velocity_path_follower]: waypoint 777 / 5251 도달 (선 이탈 0.01 m)
[velocity_path_follower.py-9] [INFO] [1787284713.335942503] [velocity_path_follower]: waypoint 778 / 5251 도달 (선 이탈 0.01 m)
[velocity_path_follower.py-9] [INFO] [1787284713.738585671] [velocity_path_follower]: waypoint 779 / 5251 도달 (선 이탈 0.01 m)
[velocity_path_follower.py-9] [INFO] [1787284714.038923614] [velocity_path_follower]: 335.0s  wp 780/5251 이탈0.0m  위치 ( -23.54,  -154.11,   7.54)
[velocity_path_follower.py-9] [INFO] [1787284714.088716398] [velocity_path_follower]: waypoint 780 / 5251 도달 (선 이탈 0.01 m)
[velocity_path_follower.py-9] [INFO] [1787284714.488620893] [velocity_path_follower]: waypoint 781 / 5251 도달 (선 이탈 0.01 m)
[velocity_path_follower.py-9] [INFO] [1787284714.838836338] [velocity_path_follower]: waypoint 782 / 5251 도달 (선 이탈 0.01 m)
[velocity_path_follower.py-9] [INFO] [1787284715.243023482] [velocity_path_follower]: waypoint 783 / 5251 도달 (선 이탈 0.00 m)
[velocity_path_follower.py-9] [INFO] [1787284715.597103872] [velocity_path_follower]: waypoint 784 / 5251 도달 (선 이탈 0.00 m)
[velocity_path_follower.py-9] [INFO] [1787284716.001147798] [velocity_path_follower]: waypoint 785 / 5251 도달 (선 이탈 0.00 m)
[velocity_path_follower.py-9] [INFO] [1787284716.350768061] [velocity_path_follower]: waypoint 786 / 5251 도달 (선 이탈 0.00 m)
[velocity_path_follower.py-9] [INFO] [1787284716.701200747] [velocity_path_follower]: waypoint 787 / 5251 도달 (선 이탈 0.00 m)
[velocity_path_follower.py-9] [INFO] [1787284717.101256383] [velocity_path_follower]: waypoint 788 / 5251 도달 (선 이탈 0.00 m)
[velocity_path_follower.py-9] [INFO] [1787284717.450624187] [velocity_path_follower]: waypoint 789 / 5251 도달 (선 이탈 0.00 m)
[velocity_path_follower.py-9] [INFO] [1787284717.803427621] [velocity_path_follower]: waypoint 790 / 5251 도달 (선 이탈 0.00 m)
[velocity_path_follower.py-9] [INFO] [1787284718.153646045] [velocity_path_follower]: waypoint 791 / 5251 도달 (선 이탈 0.00 m)
[velocity_path_follower.py-9] [INFO] [1787284718.503567521] [velocity_path_follower]: waypoint 792 / 5251 도달 (선 이탈 0.00 m)
[velocity_path_follower.py-9] [INFO] [1787284718.855642397] [velocity_path_follower]: waypoint 793 / 5251 도달 (선 이탈 0.00 m)
[velocity_path_follower.py-9] [INFO] [1787284719.055318007] [velocity_path_follower]: 340.0s  wp 794/5251 이탈0.0m  위치 ( -30.36,  -154.10,   7.00)
[velocity_path_follower.py-9] [INFO] [1787284719.255575556] [velocity_path_follower]: waypoint 794 / 5251 도달 (선 이탈 0.00 m)
[velocity_path_follower.py-9] [INFO] [1787284719.605412042] [velocity_path_follower]: waypoint 795 / 5251 도달 (선 이탈 0.00 m)
[velocity_path_follower.py-9] [INFO] [1787284719.955804282] [velocity_path_follower]: waypoint 796 / 5251 도달 (선 이탈 0.00 m)
[velocity_path_follower.py-9] [INFO] [1787284720.305422067] [velocity_path_follower]: waypoint 797 / 5251 도달 (선 이탈 0.00 m)
[velocity_path_follower.py-9] [INFO] [1787284720.655650533] [velocity_path_follower]: waypoint 798 / 5251 도달 (선 이탈 0.00 m)
[velocity_path_follower.py-9] [INFO] [1787284721.005644996] [velocity_path_follower]: waypoint 799 / 5251 도달 (선 이탈 0.00 m)
[velocity_path_follower.py-9] [INFO] [1787284721.405689692] [velocity_path_follower]: waypoint 800 / 5251 도달 (선 이탈 0.00 m)
[velocity_path_follower.py-9] [INFO] [1787284721.705708925] [velocity_path_follower]: waypoint 801 / 5251 도달 (선 이탈 0.00 m)
[velocity_path_follower.py-9] [INFO] [1787284722.055778724] [velocity_path_follower]: waypoint 802 / 5251 도달 (선 이탈 0.00 m)
[velocity_path_follower.py-9] [INFO] [1787284722.463165418] [velocity_path_follower]: waypoint 803 / 5251 도달 (선 이탈 0.00 m)
[velocity_path_follower.py-9] [INFO] [1787284722.812572726] [velocity_path_follower]: waypoint 804 / 5251 도달 (선 이탈 0.00 m)
[velocity_path_follower.py-9] [INFO] [1787284723.162684184] [velocity_path_follower]: waypoint 805 / 5251 도달 (선 이탈 0.00 m)
[velocity_path_follower.py-9] [INFO] [1787284723.512466592] [velocity_path_follower]: waypoint 806 / 5251 도달 (선 이탈 0.00 m)
[velocity_path_follower.py-9] [INFO] [1787284723.862564872] [velocity_path_follower]: waypoint 807 / 5251 도달 (선 이탈 0.00 m)
[velocity_path_follower.py-9] [INFO] [1787284724.062511274] [velocity_path_follower]: 345.0s  wp 808/5251 이탈1.2m  위치 ( -37.42,  -154.10,   7.79)
[velocity_path_follower.py-9] [INFO] [1787284728.923936093] [velocity_path_follower]: waypoint 808 / 5251 도달 (선 이탈 2.89 m)
[velocity_path_follower.py-9] [INFO] [1787284729.073719695] [velocity_path_follower]: 350.0s  wp 810/5251 이탈1.4m  위치 ( -41.51,  -151.49,   7.55)
[velocity_path_follower.py-9] [INFO] [1787284733.823815353] [velocity_path_follower]: waypoint 810 / 5251 도달 (선 이탈 1.39 m)
[velocity_path_follower.py-9] [INFO] [1787284734.073704551] [velocity_path_follower]: 355.0s  wp 811/5251 이탈1.4m  위치 ( -39.40,  -148.67,   7.07)
[velocity_path_follower.py-9] [INFO] [1787284734.473730904] [velocity_path_follower]: waypoint 811 / 5251 도달 (선 이탈 1.47 m)
[velocity_path_follower.py-9] [INFO] [1787284735.123769703] [velocity_path_follower]: waypoint 812 / 5251 도달 (선 이탈 1.47 m)
[velocity_path_follower.py-9] [INFO] [1787284735.673920890] [velocity_path_follower]: waypoint 813 / 5251 도달 (선 이탈 1.42 m)
[velocity_path_follower.py-9] [INFO] [1787284736.223717707] [velocity_path_follower]: waypoint 814 / 5251 도달 (선 이탈 1.33 m)
[velocity_path_follower.py-9] [INFO] [1787284736.823943797] [velocity_path_follower]: waypoint 815 / 5251 도달 (선 이탈 1.18 m)
[velocity_path_follower.py-9] [INFO] [1787284737.323752068] [velocity_path_follower]: waypoint 816 / 5251 도달 (선 이탈 1.03 m)
[velocity_path_follower.py-9] [INFO] [1787284737.823774597] [velocity_path_follower]: waypoint 817 / 5251 도달 (선 이탈 0.87 m)
[velocity_path_follower.py-9] [INFO] [1787284738.323887770] [velocity_path_follower]: waypoint 818 / 5251 도달 (선 이탈 0.68 m)
[velocity_path_follower.py-9] [INFO] [1787284738.823707676] [velocity_path_follower]: waypoint 819 / 5251 도달 (선 이탈 0.49 m)
[velocity_path_follower.py-9] [INFO] [1787284739.073437941] [velocity_path_follower]: 360.0s  wp 820/5251 이탈0.4m  위치 ( -34.82,  -149.70,   7.33)
[velocity_path_follower.py-9] [INFO] [1787284739.323678050] [velocity_path_follower]: waypoint 820 / 5251 도달 (선 이탈 0.30 m)
[velocity_path_follower.py-9] [INFO] [1787284739.773915387] [velocity_path_follower]: waypoint 821 / 5251 도달 (선 이탈 0.13 m)
[velocity_path_follower.py-9] [INFO] [1787284740.223666278] [velocity_path_follower]: waypoint 822 / 5251 도달 (선 이탈 0.03 m)
[velocity_path_follower.py-9] [INFO] [1787284740.623697588] [velocity_path_follower]: waypoint 823 / 5251 도달 (선 이탈 0.16 m)
[velocity_path_follower.py-9] [INFO] [1787284741.082265500] [velocity_path_follower]: waypoint 824 / 5251 도달 (선 이탈 0.30 m)
[velocity_path_follower.py-9] [INFO] [1787284741.534656206] [velocity_path_follower]: waypoint 825 / 5251 도달 (선 이탈 0.42 m)
[velocity_path_follower.py-9] [INFO] [1787284741.934434858] [velocity_path_follower]: waypoint 826 / 5251 도달 (선 이탈 0.51 m)
[velocity_path_follower.py-9] [INFO] [1787284742.334581082] [velocity_path_follower]: waypoint 827 / 5251 도달 (선 이탈 0.58 m)
[velocity_path_follower.py-9] [INFO] [1787284742.734621223] [velocity_path_follower]: waypoint 828 / 5251 도달 (선 이탈 0.64 m)
[velocity_path_follower.py-9] [INFO] [1787284743.134689754] [velocity_path_follower]: waypoint 829 / 5251 도달 (선 이탈 0.68 m)
[velocity_path_follower.py-9] [INFO] [1787284743.534700872] [velocity_path_follower]: waypoint 830 / 5251 도달 (선 이탈 0.70 m)
[velocity_path_follower.py-9] [INFO] [1787284743.936391925] [velocity_path_follower]: waypoint 831 / 5251 도달 (선 이탈 0.71 m)
[velocity_path_follower.py-9] [INFO] [1787284744.086605423] [velocity_path_follower]: 365.0s  wp 832/5251 이탈0.7m  위치 ( -28.89,  -150.81,   7.38)
[velocity_path_follower.py-9] [INFO] [1787284744.336371156] [velocity_path_follower]: waypoint 832 / 5251 도달 (선 이탈 0.70 m)
[velocity_path_follower.py-9] [INFO] [1787284744.736455694] [velocity_path_follower]: waypoint 833 / 5251 도달 (선 이탈 0.68 m)
[velocity_path_follower.py-9] [INFO] [1787284745.086743701] [velocity_path_follower]: waypoint 834 / 5251 도달 (선 이탈 0.65 m)
[velocity_path_follower.py-9] [INFO] [1787284745.490113425] [velocity_path_follower]: waypoint 835 / 5251 도달 (선 이탈 0.60 m)
[velocity_path_follower.py-9] [INFO] [1787284745.889942959] [velocity_path_follower]: waypoint 836 / 5251 도달 (선 이탈 0.55 m)
[velocity_path_follower.py-9] [INFO] [1787284746.289989482] [velocity_path_follower]: waypoint 837 / 5251 도달 (선 이탈 0.48 m)
[velocity_path_follower.py-9] [INFO] [1787284746.693025751] [velocity_path_follower]: waypoint 838 / 5251 도달 (선 이탈 0.41 m)
[velocity_path_follower.py-9] [INFO] [1787284747.043138097] [velocity_path_follower]: waypoint 839 / 5251 도달 (선 이탈 0.34 m)
[velocity_path_follower.py-9] [INFO] [1787284747.442889771] [velocity_path_follower]: waypoint 840 / 5251 도달 (선 이탈 0.27 m)
[velocity_path_follower.py-9] [INFO] [1787284747.842944913] [velocity_path_follower]: waypoint 841 / 5251 도달 (선 이탈 0.19 m)
[velocity_path_follower.py-9] [INFO] [1787284748.192854220] [velocity_path_follower]: waypoint 842 / 5251 도달 (선 이탈 0.12 m)
[velocity_path_follower.py-9] [INFO] [1787284748.545814403] [velocity_path_follower]: waypoint 843 / 5251 도달 (선 이탈 0.05 m)
[velocity_path_follower.py-9] [INFO] [1787284748.948837640] [velocity_path_follower]: waypoint 844 / 5251 도달 (선 이탈 0.02 m)
[velocity_path_follower.py-9] [INFO] [1787284749.098678104] [velocity_path_follower]: 370.0s  wp 845/5251 이탈0.0m  위치 ( -22.37,  -150.05,   7.14)
[velocity_path_follower.py-9] [INFO] [1787284749.298812661] [velocity_path_follower]: waypoint 845 / 5251 도달 (선 이탈 0.08 m)
[velocity_path_follower.py-9] [INFO] [1787284749.698910584] [velocity_path_follower]: waypoint 846 / 5251 도달 (선 이탈 0.15 m)
[velocity_path_follower.py-9] [INFO] [1787284750.048757846] [velocity_path_follower]: waypoint 847 / 5251 도달 (선 이탈 0.20 m)
[velocity_path_follower.py-9] [INFO] [1787284750.448814224] [velocity_path_follower]: waypoint 848 / 5251 도달 (선 이탈 0.25 m)
[velocity_path_follower.py-9] [INFO] [1787284750.799081501] [velocity_path_follower]: waypoint 849 / 5251 도달 (선 이탈 0.29 m)
[velocity_path_follower.py-9] [INFO] [1787284751.148987216] [velocity_path_follower]: waypoint 850 / 5251 도달 (선 이탈 0.31 m)
[velocity_path_follower.py-9] [INFO] [1787284751.503636013] [velocity_path_follower]: waypoint 851 / 5251 도달 (선 이탈 0.34 m)
[velocity_path_follower.py-9] [INFO] [1787284751.853713414] [velocity_path_follower]: waypoint 852 / 5251 도달 (선 이탈 0.35 m)
[velocity_path_follower.py-9] [INFO] [1787284752.203590625] [velocity_path_follower]: waypoint 853 / 5251 도달 (선 이탈 0.36 m)
[velocity_path_follower.py-9] [INFO] [1787284752.603779214] [velocity_path_follower]: waypoint 854 / 5251 도달 (선 이탈 0.36 m)
[velocity_path_follower.py-9] [INFO] [1787284752.953677195] [velocity_path_follower]: waypoint 855 / 5251 도달 (선 이탈 0.36 m)
[velocity_path_follower.py-9] [INFO] [1787284753.303669676] [velocity_path_follower]: waypoint 856 / 5251 도달 (선 이탈 0.35 m)
[velocity_path_follower.py-9] [INFO] [1787284753.653580297] [velocity_path_follower]: waypoint 857 / 5251 도달 (선 이탈 0.33 m)
[velocity_path_follower.py-9] [INFO] [1787284754.003721729] [velocity_path_follower]: waypoint 858 / 5251 도달 (선 이탈 0.31 m)
[velocity_path_follower.py-9] [INFO] [1787284754.103391531] [velocity_path_follower]: 375.0s  wp 859/5251 이탈0.3m  위치 ( -15.48,  -149.79,   7.19)
[velocity_path_follower.py-9] [INFO] [1787284754.405863915] [velocity_path_follower]: waypoint 859 / 5251 도달 (선 이탈 0.28 m)
[velocity_path_follower.py-9] [INFO] [1787284754.755859791] [velocity_path_follower]: waypoint 860 / 5251 도달 (선 이탈 0.25 m)
[velocity_path_follower.py-9] [INFO] [1787284755.106159530] [velocity_path_follower]: waypoint 861 / 5251 도달 (선 이탈 0.22 m)
[velocity_path_follower.py-9] [INFO] [1787284755.455989266] [velocity_path_follower]: waypoint 862 / 5251 도달 (선 이탈 0.19 m)
[velocity_path_follower.py-9] [INFO] [1787284755.805651352] [velocity_path_follower]: waypoint 863 / 5251 도달 (선 이탈 0.15 m)
[ros2-8] [INFO] [1787284756.045236549] [rosbag2_cpp]: Writing remaining messages from cache to the bag. It may take a while
[velocity_path_follower.py-9] [INFO] [1787284756.155885615] [velocity_path_follower]: waypoint 864 / 5251 도달 (선 이탈 0.12 m)
[velocity_path_follower.py-9] [INFO] [1787284756.505883217] [velocity_path_follower]: waypoint 865 / 5251 도달 (선 이탈 0.08 m)
[velocity_path_follower.py-9] [INFO] [1787284756.915590476] [velocity_path_follower]: waypoint 866 / 5251 도달 (선 이탈 0.04 m)
[velocity_path_follower.py-9] [INFO] [1787284757.267929894] [velocity_path_follower]: waypoint 867 / 5251 도달 (선 이탈 0.00 m)
[velocity_path_follower.py-9] [INFO] [1787284757.629800577] [velocity_path_follower]: waypoint 868 / 5251 도달 (선 이탈 0.03 m)
[velocity_path_follower.py-9] [INFO] [1787284757.986682086] [velocity_path_follower]: waypoint 869 / 5251 도달 (선 이탈 0.06 m)
[velocity_path_follower.py-9] [INFO] [1787284758.338677987] [velocity_path_follower]: waypoint 870 / 5251 도달 (선 이탈 0.09 m)
[velocity_path_follower.py-9] [INFO] [1787284758.688693638] [velocity_path_follower]: waypoint 871 / 5251 도달 (선 이탈 0.11 m)
[velocity_path_follower.py-9] [INFO] [1787284759.038688868] [velocity_path_follower]: waypoint 872 / 5251 도달 (선 이탈 0.13 m)
[velocity_path_follower.py-9] [INFO] [1787284759.138443019] [velocity_path_follower]: 380.0s  wp 873/5251 이탈0.1m  위치 (  -8.43,  -150.24,   7.43)
[velocity_path_follower.py-9] [INFO] [1787284759.391412422] [velocity_path_follower]: waypoint 873 / 5251 도달 (선 이탈 0.15 m)
[velocity_path_follower.py-9] [INFO] [1787284759.741794162] [velocity_path_follower]: waypoint 874 / 5251 도달 (선 이탈 0.17 m)
[velocity_path_follower.py-9] [INFO] [1787284760.091442601] [velocity_path_follower]: waypoint 875 / 5251 도달 (선 이탈 0.18 m)
[velocity_path_follower.py-9] [INFO] [1787284760.441770177] [velocity_path_follower]: waypoint 876 / 5251 도달 (선 이탈 0.18 m)
[velocity_path_follower.py-9] [INFO] [1787284760.794660840] [velocity_path_follower]: waypoint 877 / 5251 도달 (선 이탈 0.19 m)
[velocity_path_follower.py-9] [INFO] [1787284761.144550135] [velocity_path_follower]: waypoint 878 / 5251 도달 (선 이탈 0.19 m)
[velocity_path_follower.py-9] [INFO] [1787284761.501756760] [velocity_path_follower]: waypoint 879 / 5251 도달 (선 이탈 0.19 m)
[velocity_path_follower.py-9] [INFO] [1787284761.858740990] [velocity_path_follower]: waypoint 880 / 5251 도달 (선 이탈 0.18 m)
[velocity_path_follower.py-9] [INFO] [1787284762.225439171] [velocity_path_follower]: waypoint 881 / 5251 도달 (선 이탈 0.17 m)
[velocity_path_follower.py-9] [INFO] [1787284762.839767477] [velocity_path_follower]: waypoint 882 / 5251 도달 (선 이탈 0.15 m)
[velocity_path_follower.py-9] [INFO] [1787284762.939762261] [velocity_path_follower]: waypoint 883 / 5251 도달 (선 이탈 0.15 m)
[velocity_path_follower.py-9] [INFO] [1787284763.292765341] [velocity_path_follower]: waypoint 884 / 5251 도달 (선 이탈 0.13 m)
[velocity_path_follower.py-9] [INFO] [1787284763.645622785] [velocity_path_follower]: waypoint 885 / 5251 도달 (선 이탈 0.11 m)
[velocity_path_follower.py-9] [INFO] [1787284763.999788897] [velocity_path_follower]: waypoint 886 / 5251 도달 (선 이탈 0.10 m)
[velocity_path_follower.py-9] [INFO] [1787284764.199644426] [velocity_path_follower]: 385.0s  wp 887/5251 이탈0.1m  위치 (  -1.30,  -150.19,   7.67)
[velocity_path_follower.py-9] [INFO] [1787284764.353307018] [velocity_path_follower]: waypoint 887 / 5251 도달 (선 이탈 0.08 m)
[velocity_path_follower.py-9] [INFO] [1787284764.707945703] [velocity_path_follower]: waypoint 888 / 5251 도달 (선 이탈 0.06 m)
[velocity_path_follower.py-9] [INFO] [1787284765.062830337] [velocity_path_follower]: waypoint 889 / 5251 도달 (선 이탈 0.04 m)
[velocity_path_follower.py-9] [INFO] [1787284765.416050266] [velocity_path_follower]: waypoint 890 / 5251 도달 (선 이탈 0.02 m)
[velocity_path_follower.py-9] [INFO] [1787284765.772816121] [velocity_path_follower]: waypoint 891 / 5251 도달 (선 이탈 0.00 m)
[velocity_path_follower.py-9] [INFO] [1787284766.126713975] [velocity_path_follower]: waypoint 892 / 5251 도달 (선 이탈 0.01 m)
[velocity_path_follower.py-9] [INFO] [1787284766.476608482] [velocity_path_follower]: waypoint 893 / 5251 도달 (선 이탈 0.03 m)
[velocity_path_follower.py-9] [INFO] [1787284766.826753425] [velocity_path_follower]: waypoint 894 / 5251 도달 (선 이탈 0.05 m)
[velocity_path_follower.py-9] [INFO] [1787284767.176649964] [velocity_path_follower]: waypoint 895 / 5251 도달 (선 이탈 0.06 m)
[velocity_path_follower.py-9] [INFO] [1787284767.526458458] [velocity_path_follower]: waypoint 896 / 5251 도달 (선 이탈 0.07 m)
[velocity_path_follower.py-9] [INFO] [1787284767.876812112] [velocity_path_follower]: waypoint 897 / 5251 도달 (선 이탈 0.08 m)
[velocity_path_follower.py-9] [INFO] [1787284768.229786359] [velocity_path_follower]: waypoint 898 / 5251 도달 (선 이탈 0.09 m)
[velocity_path_follower.py-9] [INFO] [1787284768.580010544] [velocity_path_follower]: waypoint 899 / 5251 도달 (선 이탈 0.09 m)
[velocity_path_follower.py-9] [INFO] [1787284768.932613601] [velocity_path_follower]: waypoint 900 / 5251 도달 (선 이탈 0.10 m)
[velocity_path_follower.py-9] [INFO] [1787284769.232283563] [velocity_path_follower]: 390.0s  wp 901/5251 이탈0.1m  위치 (   5.88,  -150.00,  11.23)
[velocity_path_follower.py-9] [INFO] [1787284769.282441777] [velocity_path_follower]: waypoint 901 / 5251 도달 (선 이탈 0.10 m)
[velocity_path_follower.py-9] [INFO] [1787284769.635933358] [velocity_path_follower]: waypoint 902 / 5251 도달 (선 이탈 0.10 m)
[velocity_path_follower.py-9] [INFO] [1787284769.985638939] [velocity_path_follower]: waypoint 903 / 5251 도달 (선 이탈 0.10 m)
[velocity_path_follower.py-9] [INFO] [1787284770.292095619] [velocity_path_follower]: waypoint 904 / 5251 도달 (선 이탈 0.09 m)
[velocity_path_follower.py-9] [INFO] [1787284770.697190807] [velocity_path_follower]: waypoint 905 / 5251 도달 (선 이탈 0.09 m)
[velocity_path_follower.py-9] [INFO] [1787284770.999660973] [velocity_path_follower]: waypoint 906 / 5251 도달 (선 이탈 0.08 m)
[velocity_path_follower.py-9] [INFO] [1787284771.349642054] [velocity_path_follower]: waypoint 907 / 5251 도달 (선 이탈 0.08 m)
[velocity_path_follower.py-9] [INFO] [1787284771.699714795] [velocity_path_follower]: waypoint 908 / 5251 도달 (선 이탈 0.07 m)
[velocity_path_follower.py-9] [INFO] [1787284772.049592262] [velocity_path_follower]: waypoint 909 / 5251 도달 (선 이탈 0.06 m)
[velocity_path_follower.py-9] [INFO] [1787284772.401806830] [velocity_path_follower]: waypoint 910 / 5251 도달 (선 이탈 0.05 m)
[velocity_path_follower.py-9] [INFO] [1787284772.751674806] [velocity_path_follower]: waypoint 911 / 5251 도달 (선 이탈 0.04 m)
[velocity_path_follower.py-9] [INFO] [1787284773.109097439] [velocity_path_follower]: waypoint 912 / 5251 도달 (선 이탈 0.03 m)
[velocity_path_follower.py-9] [INFO] [1787284773.459061789] [velocity_path_follower]: waypoint 913 / 5251 도달 (선 이탈 0.02 m)
[velocity_path_follower.py-9] [INFO] [1787284773.811781739] [velocity_path_follower]: waypoint 914 / 5251 도달 (선 이탈 0.01 m)
[velocity_path_follower.py-9] [INFO] [1787284774.165645149] [velocity_path_follower]: waypoint 915 / 5251 도달 (선 이탈 0.00 m)
[velocity_path_follower.py-9] [INFO] [1787284774.265574166] [velocity_path_follower]: 395.0s  wp 916/5251 이탈0.0m  위치 (  13.11,  -150.10,  12.95)
[velocity_path_follower.py-9] [INFO] [1787284774.515721953] [velocity_path_follower]: waypoint 916 / 5251 도달 (선 이탈 0.00 m)
[velocity_path_follower.py-9] [INFO] [1787284774.871590522] [velocity_path_follower]: waypoint 917 / 5251 도달 (선 이탈 0.01 m)
[velocity_path_follower.py-9] [INFO] [1787284775.221790168] [velocity_path_follower]: waypoint 918 / 5251 도달 (선 이탈 0.02 m)
[velocity_path_follower.py-9] [INFO] [1787284775.574698906] [velocity_path_follower]: waypoint 919 / 5251 도달 (선 이탈 0.03 m)
[velocity_path_follower.py-9] [INFO] [1787284775.927788005] [velocity_path_follower]: waypoint 920 / 5251 도달 (선 이탈 0.03 m)
[velocity_path_follower.py-9] [INFO] [1787284776.229792565] [velocity_path_follower]: waypoint 921 / 5251 도달 (선 이탈 0.04 m)
[velocity_path_follower.py-9] [INFO] [1787284776.582898665] [velocity_path_follower]: waypoint 922 / 5251 도달 (선 이탈 0.04 m)
[velocity_path_follower.py-9] [INFO] [1787284776.935673250] [velocity_path_follower]: waypoint 923 / 5251 도달 (선 이탈 0.05 m)
[velocity_path_follower.py-9] [INFO] [1787284777.338194953] [velocity_path_follower]: waypoint 924 / 5251 도달 (선 이탈 0.05 m)
[velocity_path_follower.py-9] [INFO] [1787284777.640435931] [velocity_path_follower]: waypoint 925 / 5251 도달 (선 이탈 0.05 m)
[velocity_path_follower.py-9] [INFO] [1787284777.990439949] [velocity_path_follower]: waypoint 926 / 5251 도달 (선 이탈 0.05 m)
[velocity_path_follower.py-9] [INFO] [1787284778.340621107] [velocity_path_follower]: waypoint 927 / 5251 도달 (선 이탈 0.05 m)
[velocity_path_follower.py-9] [INFO] [1787284778.692684414] [velocity_path_follower]: waypoint 928 / 5251 도달 (선 이탈 0.05 m)
[velocity_path_follower.py-9] [INFO] [1787284779.042727918] [velocity_path_follower]: waypoint 929 / 5251 도달 (선 이탈 0.05 m)
[velocity_path_follower.py-9] [INFO] [1787284779.294786879] [velocity_path_follower]: 400.0s  wp 930/5251 이탈0.0m  위치 (  20.31,  -150.15,  10.89)
[velocity_path_follower.py-9] [INFO] [1787284779.394751723] [velocity_path_follower]: waypoint 930 / 5251 도달 (선 이탈 0.04 m)
[velocity_path_follower.py-9] [INFO] [1787284779.749899864] [velocity_path_follower]: waypoint 931 / 5251 도달 (선 이탈 0.04 m)
[velocity_path_follower.py-9] [INFO] [1787284780.101903127] [velocity_path_follower]: waypoint 932 / 5251 도달 (선 이탈 0.04 m)
[velocity_path_follower.py-9] [INFO] [1787284780.557369952] [velocity_path_follower]: waypoint 933 / 5251 도달 (선 이탈 0.03 m)
[velocity_path_follower.py-9] [INFO] [1787284780.918137312] [velocity_path_follower]: waypoint 934 / 5251 도달 (선 이탈 0.03 m)
[velocity_path_follower.py-9] [INFO] [1787284781.271090087] [velocity_path_follower]: waypoint 935 / 5251 도달 (선 이탈 0.02 m)
[velocity_path_follower.py-9] [INFO] [1787284781.626060147] [velocity_path_follower]: waypoint 936 / 5251 도달 (선 이탈 0.02 m)
[velocity_path_follower.py-9] [INFO] [1787284781.925763219] [velocity_path_follower]: waypoint 937 / 5251 도달 (선 이탈 0.01 m)
[velocity_path_follower.py-9] [INFO] [1787284782.280790330] [velocity_path_follower]: waypoint 938 / 5251 도달 (선 이탈 0.01 m)
[velocity_path_follower.py-9] [INFO] [1787284782.633796198] [velocity_path_follower]: waypoint 939 / 5251 도달 (선 이탈 0.00 m)
[velocity_path_follower.py-9] [INFO] [1787284782.985726357] [velocity_path_follower]: waypoint 940 / 5251 도달 (선 이탈 0.00 m)
[velocity_path_follower.py-9] [INFO] [1787284783.338681871] [velocity_path_follower]: waypoint 941 / 5251 도달 (선 이탈 0.01 m)
[velocity_path_follower.py-9] [INFO] [1787284783.691712682] [velocity_path_follower]: waypoint 942 / 5251 도달 (선 이탈 0.01 m)
[velocity_path_follower.py-9] [INFO] [1787284784.041619431] [velocity_path_follower]: waypoint 943 / 5251 도달 (선 이탈 0.01 m)
[velocity_path_follower.py-9] [INFO] [1787284784.391707907] [velocity_path_follower]: waypoint 944 / 5251 도달 (선 이탈 0.02 m)
[velocity_path_follower.py-9] [INFO] [1787284784.441829455] [velocity_path_follower]: 405.0s  wp 945/5251 이탈0.0m  위치 (  27.52,  -150.08,  10.68)
[velocity_path_follower.py-9] [INFO] [1787284784.741624230] [velocity_path_follower]: waypoint 945 / 5251 도달 (선 이탈 0.02 m)
[velocity_path_follower.py-9] [INFO] [1787284785.091757775] [velocity_path_follower]: waypoint 946 / 5251 도달 (선 이탈 0.02 m)
[velocity_path_follower.py-9] [INFO] [1787284785.444120561] [velocity_path_follower]: waypoint 947 / 5251 도달 (선 이탈 0.03 m)
[velocity_path_follower.py-9] [INFO] [1787284785.804648946] [velocity_path_follower]: waypoint 948 / 5251 도달 (선 이탈 0.03 m)
[velocity_path_follower.py-9] [INFO] [1787284786.154907884] [velocity_path_follower]: waypoint 949 / 5251 도달 (선 이탈 0.03 m)
[velocity_path_follower.py-9] [INFO] [1787284786.504601057] [velocity_path_follower]: waypoint 950 / 5251 도달 (선 이탈 0.03 m)
[velocity_path_follower.py-9] [INFO] [1787284786.857842592] [velocity_path_follower]: waypoint 951 / 5251 도달 (선 이탈 0.03 m)
[velocity_path_follower.py-9] [INFO] [1787284787.209945121] [velocity_path_follower]: waypoint 952 / 5251 도달 (선 이탈 0.03 m)
[velocity_path_follower.py-9] [INFO] [1787284787.511887223] [velocity_path_follower]: waypoint 953 / 5251 도달 (선 이탈 0.03 m)
[velocity_path_follower.py-9] [INFO] [1787284787.911871690] [velocity_path_follower]: waypoint 954 / 5251 도달 (선 이탈 0.03 m)
[velocity_path_follower.py-9] [INFO] [1787284788.211904759] [velocity_path_follower]: waypoint 955 / 5251 도달 (선 이탈 0.02 m)
[velocity_path_follower.py-9] [INFO] [1787284788.561992019] [velocity_path_follower]: waypoint 956 / 5251 도달 (선 이탈 0.02 m)
[velocity_path_follower.py-9] [INFO] [1787284788.912147441] [velocity_path_follower]: waypoint 957 / 5251 도달 (선 이탈 0.02 m)
[velocity_path_follower.py-9] [INFO] [1787284789.261915087] [velocity_path_follower]: waypoint 958 / 5251 도달 (선 이탈 0.02 m)
[velocity_path_follower.py-9] [INFO] [1787284789.461798172] [velocity_path_follower]: 410.0s  wp 959/5251 이탈0.0m  위치 (  34.70,  -150.08,   8.75)
[velocity_path_follower.py-9] [INFO] [1787284789.611887869] [velocity_path_follower]: waypoint 959 / 5251 도달 (선 이탈 0.01 m)
[velocity_path_follower.py-9] [INFO] [1787284789.961955353] [velocity_path_follower]: waypoint 960 / 5251 도달 (선 이탈 0.01 m)
[velocity_path_follower.py-9] [INFO] [1787284790.311935616] [velocity_path_follower]: waypoint 961 / 5251 도달 (선 이탈 0.01 m)
[velocity_path_follower.py-9] [INFO] [1787284790.661947366] [velocity_path_follower]: waypoint 962 / 5251 도달 (선 이탈 0.01 m)
[velocity_path_follower.py-9] [INFO] [1787284791.015297638] [velocity_path_follower]: waypoint 963 / 5251 도달 (선 이탈 0.00 m)
[velocity_path_follower.py-9] [INFO] [1787284791.369686881] [velocity_path_follower]: waypoint 964 / 5251 도달 (선 이탈 0.00 m)
[velocity_path_follower.py-9] [INFO] [1787284791.674781001] [velocity_path_follower]: waypoint 965 / 5251 도달 (선 이탈 0.00 m)
[velocity_path_follower.py-9] [INFO] [1787284792.074661646] [velocity_path_follower]: waypoint 966 / 5251 도달 (선 이탈 0.00 m)
[velocity_path_follower.py-9] [INFO] [1787284792.424725533] [velocity_path_follower]: waypoint 967 / 5251 도달 (선 이탈 0.01 m)
[velocity_path_follower.py-9] [INFO] [1787284792.724854723] [velocity_path_follower]: waypoint 968 / 5251 도달 (선 이탈 0.01 m)
[velocity_path_follower.py-9] [INFO] [1787284793.124998305] [velocity_path_follower]: waypoint 969 / 5251 도달 (선 이탈 0.01 m)
[velocity_path_follower.py-9] [INFO] [1787284793.425653844] [velocity_path_follower]: waypoint 970 / 5251 도달 (선 이탈 0.01 m)
[velocity_path_follower.py-9] [INFO] [1787284793.774755470] [velocity_path_follower]: waypoint 971 / 5251 도달 (선 이탈 0.01 m)
[velocity_path_follower.py-9] [INFO] [1787284794.127341239] [velocity_path_follower]: waypoint 972 / 5251 도달 (선 이탈 0.01 m)
[velocity_path_follower.py-9] [INFO] [1787284794.477421634] [velocity_path_follower]: waypoint 973 / 5251 도달 (선 이탈 0.01 m)
[velocity_path_follower.py-9] [INFO] [1787284794.527343405] [velocity_path_follower]: 415.1s  wp 974/5251 이탈0.0m  위치 (  42.00,  -150.11,   8.44)
[velocity_path_follower.py-9] [INFO] [1787284794.827331707] [velocity_path_follower]: waypoint 974 / 5251 도달 (선 이탈 0.01 m)
[velocity_path_follower.py-9] [INFO] [1787284795.177240741] [velocity_path_follower]: waypoint 975 / 5251 도달 (선 이탈 0.01 m)
[velocity_path_follower.py-9] [INFO] [1787284795.527372134] [velocity_path_follower]: waypoint 976 / 5251 도달 (선 이탈 0.01 m)
[velocity_path_follower.py-9] [INFO] [1787284795.879711628] [velocity_path_follower]: waypoint 977 / 5251 도달 (선 이탈 0.01 m)
[velocity_path_follower.py-9] [INFO] [1787284796.229706361] [velocity_path_follower]: waypoint 978 / 5251 도달 (선 이탈 0.01 m)
[velocity_path_follower.py-9] [INFO] [1787284796.579432239] [velocity_path_follower]: waypoint 979 / 5251 도달 (선 이탈 0.01 m)
[velocity_path_follower.py-9] [INFO] [1787284796.931606745] [velocity_path_follower]: waypoint 980 / 5251 도달 (선 이탈 0.01 m)
[velocity_path_follower.py-9] [INFO] [1787284797.281700131] [velocity_path_follower]: waypoint 981 / 5251 도달 (선 이탈 0.01 m)
[velocity_path_follower.py-9] [INFO] [1787284797.631400841] [velocity_path_follower]: waypoint 982 / 5251 도달 (선 이탈 0.01 m)
[velocity_path_follower.py-9] [INFO] [1787284797.931788967] [velocity_path_follower]: waypoint 983 / 5251 도달 (선 이탈 0.01 m)
[velocity_path_follower.py-9] [INFO] [1787284798.331416328] [velocity_path_follower]: waypoint 984 / 5251 도달 (선 이탈 0.01 m)
[velocity_path_follower.py-9] [INFO] [1787284798.633763453] [velocity_path_follower]: waypoint 985 / 5251 도달 (선 이탈 0.00 m)
[velocity_path_follower.py-9] [INFO] [1787284798.983556528] [velocity_path_follower]: waypoint 986 / 5251 도달 (선 이탈 0.00 m)
[velocity_path_follower.py-9] [INFO] [1787284799.362651694] [velocity_path_follower]: waypoint 987 / 5251 도달 (선 이탈 0.00 m)
[velocity_path_follower.py-9] [INFO] [1787284799.543041312] [velocity_path_follower]: 420.0s  wp 988/5251 이탈0.0m  위치 (  49.15,  -150.10,  10.96)
[velocity_path_follower.py-9] [INFO] [1787284799.741699917] [velocity_path_follower]: waypoint 988 / 5251 도달 (선 이탈 0.00 m)
[velocity_path_follower.py-9] [INFO] [1787284800.093078156] [velocity_path_follower]: waypoint 989 / 5251 도달 (선 이탈 0.00 m)
[velocity_path_follower.py-9] [INFO] [1787284800.443085910] [velocity_path_follower]: waypoint 990 / 5251 도달 (선 이탈 0.00 m)
[velocity_path_follower.py-9] [INFO] [1787284800.805891472] [velocity_path_follower]: waypoint 991 / 5251 도달 (선 이탈 0.00 m)
[velocity_path_follower.py-9] [INFO] [1787284801.153590687] [velocity_path_follower]: waypoint 992 / 5251 도달 (선 이탈 0.01 m)
[velocity_path_follower.py-9] [INFO] [1787284801.503591431] [velocity_path_follower]: waypoint 993 / 5251 도달 (선 이탈 0.01 m)
[velocity_path_follower.py-9] [INFO] [1787284801.853764915] [velocity_path_follower]: waypoint 994 / 5251 도달 (선 이탈 0.01 m)
[velocity_path_follower.py-9] [INFO] [1787284802.204097234] [velocity_path_follower]: waypoint 995 / 5251 도달 (선 이탈 0.01 m)
[velocity_path_follower.py-9] [INFO] [1787284802.553614455] [velocity_path_follower]: waypoint 996 / 5251 도달 (선 이탈 0.01 m)
[velocity_path_follower.py-9] [INFO] [1787284802.853856044] [velocity_path_follower]: waypoint 997 / 5251 도달 (선 이탈 0.01 m)
[velocity_path_follower.py-9] [INFO] [1787284803.205721881] [velocity_path_follower]: waypoint 998 / 5251 도달 (선 이탈 0.01 m)
[velocity_path_follower.py-9] [INFO] [1787284803.605634392] [velocity_path_follower]: waypoint 999 / 5251 도달 (선 이탈 0.01 m)
[velocity_path_follower.py-9] [INFO] [1787284803.905794856] [velocity_path_follower]: waypoint 1000 / 5251 도달 (선 이탈 0.01 m)
[velocity_path_follower.py-9] [INFO] [1787284804.255658461] [velocity_path_follower]: waypoint 1001 / 5251 도달 (선 이탈 0.01 m)
[velocity_path_follower.py-9] [INFO] [1787284804.555983657] [velocity_path_follower]: 425.0s  wp 1002/5251 이탈0.0m  위치 (  56.34,  -150.09,  13.97)
[velocity_path_follower.py-9] [INFO] [1787284804.605707244] [velocity_path_follower]: waypoint 1002 / 5251 도달 (선 이탈 0.01 m)
[velocity_path_follower.py-9] [INFO] [1787284804.958749261] [velocity_path_follower]: waypoint 1003 / 5251 도달 (선 이탈 0.01 m)
[velocity_path_follower.py-9] [INFO] [1787284805.308888868] [velocity_path_follower]: waypoint 1004 / 5251 도달 (선 이탈 0.01 m)
[velocity_path_follower.py-9] [INFO] [1787284805.658745687] [velocity_path_follower]: waypoint 1005 / 5251 도달 (선 이탈 0.01 m)
[velocity_path_follower.py-9] [INFO] [1787284806.008874911] [velocity_path_follower]: waypoint 1006 / 5251 도달 (선 이탈 0.01 m)
[velocity_path_follower.py-9] [INFO] [1787284806.358830955] [velocity_path_follower]: waypoint 1007 / 5251 도달 (선 이탈 0.00 m)
[velocity_path_follower.py-9] [INFO] [1787284806.708756667] [velocity_path_follower]: waypoint 1008 / 5251 도달 (선 이탈 0.00 m)
[velocity_path_follower.py-9] [INFO] [1787284807.058792618] [velocity_path_follower]: waypoint 1009 / 5251 도달 (선 이탈 0.00 m)
[velocity_path_follower.py-9] [INFO] [1787284809.563388571] [velocity_path_follower]: 430.0s  wp 1010/5251 이탈1.7m  위치 (  63.06,  -149.38,  10.12)
[velocity_path_follower.py-9] [INFO] [1787284812.165429975] [velocity_path_follower]: waypoint 1010 / 5251 도달 (선 이탈 2.95 m)
[velocity_path_follower.py-9] [INFO] [1787284814.565368394] [velocity_path_follower]: 435.0s  wp 1012/5251 이탈0.3m  위치 (  63.95,  -145.78,   8.13)
[velocity_path_follower.py-9] [INFO] [1787284817.015638666] [velocity_path_follower]: waypoint 1012 / 5251 도달 (선 이탈 1.37 m)
[velocity_path_follower.py-9] [INFO] [1787284817.615642957] [velocity_path_follower]: waypoint 1013 / 5251 도달 (선 이탈 1.44 m)
[velocity_path_follower.py-9] [INFO] [1787284818.215690958] [velocity_path_follower]: waypoint 1014 / 5251 도달 (선 이탈 1.45 m)
[velocity_path_follower.py-9] [INFO] [1787284818.765826756] [velocity_path_follower]: waypoint 1015 / 5251 도달 (선 이탈 1.41 m)
[velocity_path_follower.py-9] [INFO] [1787284819.315666841] [velocity_path_follower]: waypoint 1016 / 5251 도달 (선 이탈 1.32 m)
[velocity_path_follower.py-9] [INFO] [1787284819.565649470] [velocity_path_follower]: 440.0s  wp 1017/5251 이탈1.3m  위치 (  60.16,  -144.83,  11.28)
[velocity_path_follower.py-9] [INFO] [1787284819.865610018] [velocity_path_follower]: waypoint 1017 / 5251 도달 (선 이탈 1.19 m)
[velocity_path_follower.py-9] [INFO] [1787284820.415598146] [velocity_path_follower]: waypoint 1018 / 5251 도달 (선 이탈 1.04 m)
[velocity_path_follower.py-9] [INFO] [1787284820.915721275] [velocity_path_follower]: waypoint 1019 / 5251 도달 (선 이탈 0.87 m)
[velocity_path_follower.py-9] [INFO] [1787284821.415722612] [velocity_path_follower]: waypoint 1020 / 5251 도달 (선 이탈 0.69 m)
[velocity_path_follower.py-9] [INFO] [1787284821.865715023] [velocity_path_follower]: waypoint 1021 / 5251 도달 (선 이탈 0.52 m)
[velocity_path_follower.py-9] [INFO] [1787284822.367568237] [velocity_path_follower]: waypoint 1022 / 5251 도달 (선 이탈 0.34 m)
[velocity_path_follower.py-9] [INFO] [1787284822.817572201] [velocity_path_follower]: waypoint 1023 / 5251 도달 (선 이탈 0.17 m)
[velocity_path_follower.py-9] [INFO] [1787284823.267727894] [velocity_path_follower]: waypoint 1024 / 5251 도달 (선 이탈 0.01 m)
[velocity_path_follower.py-9] [INFO] [1787284823.717432840] [velocity_path_follower]: waypoint 1025 / 5251 도달 (선 이탈 0.15 m)
[velocity_path_follower.py-9] [INFO] [1787284824.117682875] [velocity_path_follower]: waypoint 1026 / 5251 도달 (선 이탈 0.27 m)
[velocity_path_follower.py-9] [INFO] [1787284824.567681481] [velocity_path_follower]: waypoint 1027 / 5251 도달 (선 이탈 0.39 m)
[velocity_path_follower.py-9] [INFO] [1787284824.617336810] [velocity_path_follower]: 445.1s  wp 1028/5251 이탈0.4m  위치 (  54.79,  -146.51,  13.68)
[velocity_path_follower.py-9] [INFO] [1787284824.967970426] [velocity_path_follower]: waypoint 1028 / 5251 도달 (선 이탈 0.49 m)
[velocity_path_follower.py-9] [INFO] [1787284825.367580363] [velocity_path_follower]: waypoint 1029 / 5251 도달 (선 이탈 0.57 m)
[velocity_path_follower.py-9] [INFO] [1787284825.819788243] [velocity_path_follower]: waypoint 1030 / 5251 도달 (선 이탈 0.64 m)
[velocity_path_follower.py-9] [INFO] [1787284826.176121090] [velocity_path_follower]: waypoint 1031 / 5251 도달 (선 이탈 0.67 m)
[velocity_path_follower.py-9] [INFO] [1787284826.576059797] [velocity_path_follower]: waypoint 1032 / 5251 도달 (선 이탈 0.70 m)
[velocity_path_follower.py-9] [INFO] [1787284827.025951222] [velocity_path_follower]: waypoint 1033 / 5251 도달 (선 이탈 0.71 m)
[velocity_path_follower.py-9] [INFO] [1787284827.375966293] [velocity_path_follower]: waypoint 1034 / 5251 도달 (선 이탈 0.71 m)
[velocity_path_follower.py-9] [INFO] [1787284827.928694075] [velocity_path_follower]: waypoint 1035 / 5251 도달 (선 이탈 0.68 m)
[velocity_path_follower.py-9] [INFO] [1787284828.178415089] [velocity_path_follower]: waypoint 1036 / 5251 도달 (선 이탈 0.66 m)
[velocity_path_follower.py-9] [INFO] [1787284828.578642895] [velocity_path_follower]: waypoint 1037 / 5251 도달 (선 이탈 0.61 m)
[velocity_path_follower.py-9] [INFO] [1787284828.928700491] [velocity_path_follower]: waypoint 1038 / 5251 도달 (선 이탈 0.57 m)
[velocity_path_follower.py-9] [INFO] [1787284829.330572443] [velocity_path_follower]: waypoint 1039 / 5251 도달 (선 이탈 0.51 m)
[velocity_path_follower.py-9] [INFO] [1787284829.580595329] [velocity_path_follower]: 450.0s  wp 1040/5251 이탈0.5m  위치 (  48.57,  -146.56,  12.44)
[velocity_path_follower.py-9] [INFO] [1787284829.730706639] [velocity_path_follower]: waypoint 1040 / 5251 도달 (선 이탈 0.44 m)
[velocity_path_follower.py-9] [INFO] [1787284830.130881197] [velocity_path_follower]: waypoint 1041 / 5251 도달 (선 이탈 0.36 m)
[velocity_path_follower.py-9] [INFO] [1787284830.480823974] [velocity_path_follower]: waypoint 1042 / 5251 도달 (선 이탈 0.30 m)
[velocity_path_follower.py-9] [INFO] [1787284830.880696275] [velocity_path_follower]: waypoint 1043 / 5251 도달 (선 이탈 0.22 m)
[velocity_path_follower.py-9] [INFO] [1787284831.236765152] [velocity_path_follower]: waypoint 1044 / 5251 도달 (선 이탈 0.15 m)
[velocity_path_follower.py-9] [INFO] [1787284831.636685335] [velocity_path_follower]: waypoint 1045 / 5251 도달 (선 이탈 0.07 m)
[velocity_path_follower.py-9] [INFO] [1787284831.986861333] [velocity_path_follower]: waypoint 1046 / 5251 도달 (선 이탈 0.01 m)
[velocity_path_follower.py-9] [INFO] [1787284832.386620522] [velocity_path_follower]: waypoint 1047 / 5251 도달 (선 이탈 0.07 m)
[velocity_path_follower.py-9] [INFO] [1787284832.736788958] [velocity_path_follower]: waypoint 1048 / 5251 도달 (선 이탈 0.12 m)
[velocity_path_follower.py-9] [INFO] [1787284833.086811905] [velocity_path_follower]: waypoint 1049 / 5251 도달 (선 이탈 0.18 m)
[velocity_path_follower.py-9] [INFO] [1787284833.486752890] [velocity_path_follower]: waypoint 1050 / 5251 도달 (선 이탈 0.23 m)
[velocity_path_follower.py-9] [INFO] [1787284833.836666566] [velocity_path_follower]: waypoint 1051 / 5251 도달 (선 이탈 0.27 m)
[velocity_path_follower.py-9] [INFO] [1787284834.186742208] [velocity_path_follower]: waypoint 1052 / 5251 도달 (선 이탈 0.30 m)
[velocity_path_follower.py-9] [INFO] [1787284834.586607908] [velocity_path_follower]: waypoint 1053 / 5251 도달 (선 이탈 0.33 m)
[velocity_path_follower.py-9] [INFO] [1787284834.636386379] [velocity_path_follower]: 455.1s  wp 1054/5251 이탈0.3m  위치 (  41.77,  -145.77,   8.87)
[velocity_path_follower.py-9] [INFO] [1787284834.936640263] [velocity_path_follower]: waypoint 1054 / 5251 도달 (선 이탈 0.35 m)
[velocity_path_follower.py-9] [INFO] [1787284835.286930050] [velocity_path_follower]: waypoint 1055 / 5251 도달 (선 이탈 0.36 m)
[velocity_path_follower.py-9] [INFO] [1787284835.638788803] [velocity_path_follower]: waypoint 1056 / 5251 도달 (선 이탈 0.36 m)
[velocity_path_follower.py-9] [INFO] [1787284836.038905805] [velocity_path_follower]: waypoint 1057 / 5251 도달 (선 이탈 0.36 m)
[velocity_path_follower.py-9] [INFO] [1787284836.388702620] [velocity_path_follower]: waypoint 1058 / 5251 도달 (선 이탈 0.35 m)
[velocity_path_follower.py-9] [INFO] [1787284836.739047329] [velocity_path_follower]: waypoint 1059 / 5251 도달 (선 이탈 0.34 m)
[velocity_path_follower.py-9] [INFO] [1787284837.091719611] [velocity_path_follower]: waypoint 1060 / 5251 도달 (선 이탈 0.32 m)
[velocity_path_follower.py-9] [INFO] [1787284837.441894633] [velocity_path_follower]: waypoint 1061 / 5251 도달 (선 이탈 0.29 m)
[velocity_path_follower.py-9] [INFO] [1787284837.843885410] [velocity_path_follower]: waypoint 1062 / 5251 도달 (선 이탈 0.26 m)
[velocity_path_follower.py-9] [INFO] [1787284838.193725170] [velocity_path_follower]: waypoint 1063 / 5251 도달 (선 이탈 0.23 m)
[velocity_path_follower.py-9] [INFO] [1787284838.543871581] [velocity_path_follower]: waypoint 1064 / 5251 도달 (선 이탈 0.20 m)
[velocity_path_follower.py-9] [INFO] [1787284838.893815416] [velocity_path_follower]: waypoint 1065 / 5251 도달 (선 이탈 0.16 m)
[velocity_path_follower.py-9] [INFO] [1787284839.246016617] [velocity_path_follower]: waypoint 1066 / 5251 도달 (선 이탈 0.12 m)
[velocity_path_follower.py-9] [INFO] [1787284839.596175205] [velocity_path_follower]: waypoint 1067 / 5251 도달 (선 이탈 0.09 m)
[velocity_path_follower.py-9] [INFO] [1787284839.646021969] [velocity_path_follower]: 460.1s  wp 1068/5251 이탈0.1m  위치 (  34.80,  -146.02,   7.80)
[velocity_path_follower.py-9] [INFO] [1787284839.948617742] [velocity_path_follower]: waypoint 1068 / 5251 도달 (선 이탈 0.05 m)
[velocity_path_follower.py-9] [INFO] [1787284840.300779275] [velocity_path_follower]: waypoint 1069 / 5251 도달 (선 이탈 0.01 m)
[velocity_path_follower.py-9] [INFO] [1787284840.650637510] [velocity_path_follower]: waypoint 1070 / 5251 도달 (선 이탈 0.02 m)
[velocity_path_follower.py-9] [INFO] [1787284841.054438188] [velocity_path_follower]: waypoint 1071 / 5251 도달 (선 이탈 0.05 m)
[velocity_path_follower.py-9] [INFO] [1787284841.354556947] [velocity_path_follower]: waypoint 1072 / 5251 도달 (선 이탈 0.08 m)
[velocity_path_follower.py-9] [INFO] [1787284841.762719003] [velocity_path_follower]: waypoint 1073 / 5251 도달 (선 이탈 0.11 m)
[velocity_path_follower.py-9] [INFO] [1787284842.065540394] [velocity_path_follower]: waypoint 1074 / 5251 도달 (선 이탈 0.13 m)
[velocity_path_follower.py-9] [INFO] [1787284842.465897667] [velocity_path_follower]: waypoint 1075 / 5251 도달 (선 이탈 0.15 m)
[velocity_path_follower.py-9] [INFO] [1787284842.815994200] [velocity_path_follower]: waypoint 1076 / 5251 도달 (선 이탈 0.17 m)
[velocity_path_follower.py-9] [INFO] [1787284843.115757887] [velocity_path_follower]: waypoint 1077 / 5251 도달 (선 이탈 0.18 m)
[velocity_path_follower.py-9] [INFO] [1787284843.515604585] [velocity_path_follower]: waypoint 1078 / 5251 도달 (선 이탈 0.19 m)
[velocity_path_follower.py-9] [INFO] [1787284843.818628945] [velocity_path_follower]: waypoint 1079 / 5251 도달 (선 이탈 0.19 m)
[velocity_path_follower.py-9] [INFO] [1787284844.218611702] [velocity_path_follower]: waypoint 1080 / 5251 도달 (선 이탈 0.19 m)
[velocity_path_follower.py-9] [INFO] [1787284844.570677754] [velocity_path_follower]: waypoint 1081 / 5251 도달 (선 이탈 0.19 m)
[velocity_path_follower.py-9] [INFO] [1787284844.620436728] [velocity_path_follower]: 465.0s  wp 1082/5251 이탈0.2m  위치 (  27.78,  -146.29,   9.03)
[velocity_path_follower.py-9] [INFO] [1787284844.922672517] [velocity_path_follower]: waypoint 1082 / 5251 도달 (선 이탈 0.19 m)
[velocity_path_follower.py-9] [INFO] [1787284845.272735527] [velocity_path_follower]: waypoint 1083 / 5251 도달 (선 이탈 0.18 m)
[velocity_path_follower.py-9] [INFO] [1787284845.628715936] [velocity_path_follower]: waypoint 1084 / 5251 도달 (선 이탈 0.17 m)
[velocity_path_follower.py-9] [INFO] [1787284845.978620240] [velocity_path_follower]: waypoint 1085 / 5251 도달 (선 이탈 0.15 m)
[velocity_path_follower.py-9] [INFO] [1787284846.328542534] [velocity_path_follower]: waypoint 1086 / 5251 도달 (선 이탈 0.14 m)
[velocity_path_follower.py-9] [INFO] [1787284846.685402248] [velocity_path_follower]: waypoint 1087 / 5251 도달 (선 이탈 0.12 m)
[velocity_path_follower.py-9] [INFO] [1787284847.037626360] [velocity_path_follower]: waypoint 1088 / 5251 도달 (선 이탈 0.10 m)
[velocity_path_follower.py-9] [INFO] [1787284847.337821493] [velocity_path_follower]: waypoint 1089 / 5251 도달 (선 이탈 0.09 m)
[velocity_path_follower.py-9] [INFO] [1787284847.737946287] [velocity_path_follower]: waypoint 1090 / 5251 도달 (선 이탈 0.07 m)
[velocity_path_follower.py-9] [INFO] [1787284848.087733389] [velocity_path_follower]: waypoint 1091 / 5251 도달 (선 이탈 0.05 m)
[velocity_path_follower.py-9] [INFO] [1787284848.437590655] [velocity_path_follower]: waypoint 1092 / 5251 도달 (선 이탈 0.03 m)
[velocity_path_follower.py-9] [INFO] [1787284848.787774117] [velocity_path_follower]: waypoint 1093 / 5251 도달 (선 이탈 0.01 m)
[velocity_path_follower.py-9] [INFO] [1787284849.137732235] [velocity_path_follower]: waypoint 1094 / 5251 도달 (선 이탈 0.01 m)
[velocity_path_follower.py-9] [INFO] [1787284849.491820680] [velocity_path_follower]: waypoint 1095 / 5251 도달 (선 이탈 0.02 m)
[velocity_path_follower.py-9] [INFO] [1787284849.641894098] [velocity_path_follower]: 470.0s  wp 1096/5251 이탈0.0m  위치 (  20.60,  -146.07,   8.48)
[velocity_path_follower.py-9] [INFO] [1787284849.791731982] [velocity_path_follower]: waypoint 1096 / 5251 도달 (선 이탈 0.04 m)
[velocity_path_follower.py-9] [INFO] [1787284850.196544161] [velocity_path_follower]: waypoint 1097 / 5251 도달 (선 이탈 0.05 m)
[velocity_path_follower.py-9] [INFO] [1787284850.499625324] [velocity_path_follower]: waypoint 1098 / 5251 도달 (선 이탈 0.06 m)
[velocity_path_follower.py-9] [INFO] [1787284850.902667371] [velocity_path_follower]: waypoint 1099 / 5251 도달 (선 이탈 0.08 m)
[velocity_path_follower.py-9] [INFO] [1787284851.207703519] [velocity_path_follower]: waypoint 1100 / 5251 도달 (선 이탈 0.08 m)
[velocity_path_follower.py-9] [INFO] [1787284851.557541775] [velocity_path_follower]: waypoint 1101 / 5251 도달 (선 이탈 0.09 m)
[velocity_path_follower.py-9] [INFO] [1787284851.910817287] [velocity_path_follower]: waypoint 1102 / 5251 도달 (선 이탈 0.09 m)
[velocity_path_follower.py-9] [INFO] [1787284852.263709182] [velocity_path_follower]: waypoint 1103 / 5251 도달 (선 이탈 0.10 m)
[velocity_path_follower.py-9] [INFO] [1787284852.613564473] [velocity_path_follower]: waypoint 1104 / 5251 도달 (선 이탈 0.10 m)
[velocity_path_follower.py-9] [INFO] [1787284852.965877263] [velocity_path_follower]: waypoint 1105 / 5251 도달 (선 이탈 0.10 m)
[velocity_path_follower.py-9] [INFO] [1787284853.321814533] [velocity_path_follower]: waypoint 1106 / 5251 도달 (선 이탈 0.09 m)
[velocity_path_follower.py-9] [INFO] [1787284853.673794245] [velocity_path_follower]: waypoint 1107 / 5251 도달 (선 이탈 0.09 m)
[velocity_path_follower.py-9] [INFO] [1787284854.026457029] [velocity_path_follower]: waypoint 1108 / 5251 도달 (선 이탈 0.08 m)
[velocity_path_follower.py-9] [INFO] [1787284854.379620735] [velocity_path_follower]: waypoint 1109 / 5251 도달 (선 이탈 0.08 m)
[velocity_path_follower.py-9] [INFO] [1787284854.681740569] [velocity_path_follower]: 475.0s  wp 1110/5251 이탈0.1m  위치 (  13.44,  -146.03,  10.85)
[velocity_path_follower.py-9] [INFO] [1787284854.734707252] [velocity_path_follower]: waypoint 1110 / 5251 도달 (선 이탈 0.07 m)
[velocity_path_follower.py-9] [INFO] [1787284855.084689478] [velocity_path_follower]: waypoint 1111 / 5251 도달 (선 이탈 0.06 m)
[velocity_path_follower.py-9] [INFO] [1787284855.434812943] [velocity_path_follower]: waypoint 1112 / 5251 도달 (선 이탈 0.05 m)
[velocity_path_follower.py-9] [INFO] [1787284855.784878660] [velocity_path_follower]: waypoint 1113 / 5251 도달 (선 이탈 0.04 m)
[velocity_path_follower.py-9] [INFO] [1787284856.136948955] [velocity_path_follower]: waypoint 1114 / 5251 도달 (선 이탈 0.03 m)
[velocity_path_follower.py-9] [INFO] [1787284856.487073785] [velocity_path_follower]: waypoint 1115 / 5251 도달 (선 이탈 0.02 m)
[velocity_path_follower.py-9] [INFO] [1787284856.837048910] [velocity_path_follower]: waypoint 1116 / 5251 도달 (선 이탈 0.01 m)
[velocity_path_follower.py-9] [INFO] [1787284857.137394341] [velocity_path_follower]: waypoint 1117 / 5251 도달 (선 이탈 0.00 m)
[velocity_path_follower.py-9] [INFO] [1787284857.487153003] [velocity_path_follower]: waypoint 1118 / 5251 도달 (선 이탈 0.01 m)
[velocity_path_follower.py-9] [INFO] [1787284857.839169468] [velocity_path_follower]: waypoint 1119 / 5251 도달 (선 이탈 0.01 m)
[velocity_path_follower.py-9] [INFO] [1787284858.191579212] [velocity_path_follower]: waypoint 1120 / 5251 도달 (선 이탈 0.02 m)
[velocity_path_follower.py-9] [INFO] [1787284858.543678454] [velocity_path_follower]: waypoint 1121 / 5251 도달 (선 이탈 0.03 m)
[velocity_path_follower.py-9] [INFO] [1787284858.893709469] [velocity_path_follower]: waypoint 1122 / 5251 도달 (선 이탈 0.04 m)
[velocity_path_follower.py-9] [INFO] [1787284859.243918960] [velocity_path_follower]: waypoint 1123 / 5251 도달 (선 이탈 0.04 m)
[velocity_path_follower.py-9] [INFO] [1787284859.593725051] [velocity_path_follower]: waypoint 1124 / 5251 도달 (선 이탈 0.05 m)
[velocity_path_follower.py-9] [INFO] [1787284859.693611216] [velocity_path_follower]: 480.0s  wp 1125/5251 이탈0.0m  위치 (   6.24,  -146.15,  12.76)
[velocity_path_follower.py-9] [INFO] [1787284859.943740844] [velocity_path_follower]: waypoint 1125 / 5251 도달 (선 이탈 0.05 m)
[velocity_path_follower.py-9] [INFO] [1787284860.293701891] [velocity_path_follower]: waypoint 1126 / 5251 도달 (선 이탈 0.05 m)
[velocity_path_follower.py-9] [INFO] [1787284860.650196718] [velocity_path_follower]: waypoint 1127 / 5251 도달 (선 이탈 0.05 m)
[velocity_path_follower.py-9] [INFO] [1787284861.001595453] [velocity_path_follower]: waypoint 1128 / 5251 도달 (선 이탈 0.05 m)
[velocity_path_follower.py-9] [INFO] [1787284861.355770045] [velocity_path_follower]: waypoint 1129 / 5251 도달 (선 이탈 0.05 m)
[velocity_path_follower.py-9] [INFO] [1787284861.705633061] [velocity_path_follower]: waypoint 1130 / 5251 도달 (선 이탈 0.05 m)
[velocity_path_follower.py-9] [INFO] [1787284862.055591180] [velocity_path_follower]: waypoint 1131 / 5251 도달 (선 이탈 0.05 m)
[velocity_path_follower.py-9] [INFO] [1787284862.405900538] [velocity_path_follower]: waypoint 1132 / 5251 도달 (선 이탈 0.05 m)
[velocity_path_follower.py-9] [INFO] [1787284862.756130941] [velocity_path_follower]: waypoint 1133 / 5251 도달 (선 이탈 0.04 m)
[velocity_path_follower.py-9] [INFO] [1787284863.057758702] [velocity_path_follower]: waypoint 1134 / 5251 도달 (선 이탈 0.04 m)
[velocity_path_follower.py-9] [INFO] [1787284863.457738738] [velocity_path_follower]: waypoint 1135 / 5251 도달 (선 이탈 0.04 m)
[velocity_path_follower.py-9] [INFO] [1787284863.757710276] [velocity_path_follower]: waypoint 1136 / 5251 도달 (선 이탈 0.03 m)
[velocity_path_follower.py-9] [INFO] [1787284864.107670046] [velocity_path_follower]: waypoint 1137 / 5251 도달 (선 이탈 0.03 m)
[velocity_path_follower.py-9] [INFO] [1787284864.457723790] [velocity_path_follower]: waypoint 1138 / 5251 도달 (선 이탈 0.02 m)
[velocity_path_follower.py-9] [INFO] [1787284864.707685412] [velocity_path_follower]: 485.0s  wp 1139/5251 이탈0.0m  위치 (  -0.97,  -146.12,   8.70)
[velocity_path_follower.py-9] [INFO] [1787284864.809856597] [velocity_path_follower]: waypoint 1139 / 5251 도달 (선 이탈 0.02 m)
[velocity_path_follower.py-9] [INFO] [1787284865.160176983] [velocity_path_follower]: waypoint 1140 / 5251 도달 (선 이탈 0.01 m)
[velocity_path_follower.py-9] [INFO] [1787284865.509894423] [velocity_path_follower]: waypoint 1141 / 5251 도달 (선 이탈 0.01 m)
[velocity_path_follower.py-9] [INFO] [1787284865.859837606] [velocity_path_follower]: waypoint 1142 / 5251 도달 (선 이탈 0.00 m)
[velocity_path_follower.py-9] [INFO] [1787284866.217695985] [velocity_path_follower]: waypoint 1143 / 5251 도달 (선 이탈 0.00 m)
[velocity_path_follower.py-9] [INFO] [1787284866.570850472] [velocity_path_follower]: waypoint 1144 / 5251 도달 (선 이탈 0.01 m)
[velocity_path_follower.py-9] [INFO] [1787284866.921563361] [velocity_path_follower]: waypoint 1145 / 5251 도달 (선 이탈 0.01 m)
[velocity_path_follower.py-9] [INFO] [1787284867.271056145] [velocity_path_follower]: waypoint 1146 / 5251 도달 (선 이탈 0.02 m)
[velocity_path_follower.py-9] [INFO] [1787284867.621215693] [velocity_path_follower]: waypoint 1147 / 5251 도달 (선 이탈 0.02 m)
[velocity_path_follower.py-9] [INFO] [1787284867.971009501] [velocity_path_follower]: waypoint 1148 / 5251 도달 (선 이탈 0.02 m)
[velocity_path_follower.py-9] [INFO] [1787284868.321052473] [velocity_path_follower]: waypoint 1149 / 5251 도달 (선 이탈 0.02 m)
[velocity_path_follower.py-9] [INFO] [1787284868.621258372] [velocity_path_follower]: waypoint 1150 / 5251 도달 (선 이탈 0.02 m)
[velocity_path_follower.py-9] [INFO] [1787284868.973692916] [velocity_path_follower]: waypoint 1151 / 5251 도달 (선 이탈 0.03 m)
[velocity_path_follower.py-9] [INFO] [1787284869.373588302] [velocity_path_follower]: waypoint 1152 / 5251 도달 (선 이탈 0.03 m)
[velocity_path_follower.py-9] [INFO] [1787284869.673639534] [velocity_path_follower]: waypoint 1153 / 5251 도달 (선 이탈 0.03 m)
[velocity_path_follower.py-9] [INFO] [1787284869.723396600] [velocity_path_follower]: 490.0s  wp 1154/5251 이탈0.0m  위치 (  -8.18,  -146.07,   7.60)
[velocity_path_follower.py-9] [INFO] [1787284870.023597629] [velocity_path_follower]: waypoint 1154 / 5251 도달 (선 이탈 0.03 m)
[velocity_path_follower.py-9] [INFO] [1787284870.373730683] [velocity_path_follower]: waypoint 1155 / 5251 도달 (선 이탈 0.02 m)
[velocity_path_follower.py-9] [INFO] [1787284870.723744907] [velocity_path_follower]: waypoint 1156 / 5251 도달 (선 이탈 0.02 m)
[velocity_path_follower.py-9] [INFO] [1787284871.073730827] [velocity_path_follower]: waypoint 1157 / 5251 도달 (선 이탈 0.02 m)
[velocity_path_follower.py-9] [INFO] [1787284871.423942892] [velocity_path_follower]: waypoint 1158 / 5251 도달 (선 이탈 0.02 m)
[velocity_path_follower.py-9] [INFO] [1787284871.773599264] [velocity_path_follower]: waypoint 1159 / 5251 도달 (선 이탈 0.02 m)
[velocity_path_follower.py-9] [INFO] [1787284872.123746838] [velocity_path_follower]: waypoint 1160 / 5251 도달 (선 이탈 0.02 m)
[velocity_path_follower.py-9] [INFO] [1787284872.475700954] [velocity_path_follower]: waypoint 1161 / 5251 도달 (선 이탈 0.01 m)
[velocity_path_follower.py-9] [INFO] [1787284872.825658039] [velocity_path_follower]: waypoint 1162 / 5251 도달 (선 이탈 0.01 m)
[velocity_path_follower.py-9] [INFO] [1787284873.175634066] [velocity_path_follower]: waypoint 1163 / 5251 도달 (선 이탈 0.01 m)
[velocity_path_follower.py-9] [INFO] [1787284873.475543941] [velocity_path_follower]: waypoint 1164 / 5251 도달 (선 이탈 0.01 m)
[velocity_path_follower.py-9] [INFO] [1787284873.880902996] [velocity_path_follower]: waypoint 1165 / 5251 도달 (선 이탈 0.00 m)
[velocity_path_follower.py-9] [INFO] [1787284874.180631737] [velocity_path_follower]: waypoint 1166 / 5251 도달 (선 이탈 0.00 m)
[velocity_path_follower.py-9] [INFO] [1787284874.533556644] [velocity_path_follower]: waypoint 1167 / 5251 도달 (선 이탈 0.00 m)
[velocity_path_follower.py-9] [INFO] [1787284874.733130494] [velocity_path_follower]: 495.0s  wp 1168/5251 이탈0.0m  위치 ( -15.39,  -146.10,   9.86)
[velocity_path_follower.py-9] [INFO] [1787284874.883249757] [velocity_path_follower]: waypoint 1168 / 5251 도달 (선 이탈 0.00 m)
[velocity_path_follower.py-9] [INFO] [1787284875.233323157] [velocity_path_follower]: waypoint 1169 / 5251 도달 (선 이탈 0.01 m)
[velocity_path_follower.py-9] [INFO] [1787284875.585647464] [velocity_path_follower]: waypoint 1170 / 5251 도달 (선 이탈 0.01 m)
[velocity_path_follower.py-9] [INFO] [1787284875.937754401] [velocity_path_follower]: waypoint 1171 / 5251 도달 (선 이탈 0.01 m)
[velocity_path_follower.py-9] [INFO] [1787284876.287781582] [velocity_path_follower]: waypoint 1172 / 5251 도달 (선 이탈 0.01 m)
[velocity_path_follower.py-9] [INFO] [1787284876.637670124] [velocity_path_follower]: waypoint 1173 / 5251 도달 (선 이탈 0.01 m)
[velocity_path_follower.py-9] [INFO] [1787284876.989895734] [velocity_path_follower]: waypoint 1174 / 5251 도달 (선 이탈 0.01 m)
[velocity_path_follower.py-9] [INFO] [1787284877.339879402] [velocity_path_follower]: waypoint 1175 / 5251 도달 (선 이탈 0.01 m)
[velocity_path_follower.py-9] [INFO] [1787284877.689915530] [velocity_path_follower]: waypoint 1176 / 5251 도달 (선 이탈 0.01 m)
[velocity_path_follower.py-9] [INFO] [1787284878.039871634] [velocity_path_follower]: waypoint 1177 / 5251 도달 (선 이탈 0.02 m)
[velocity_path_follower.py-9] [INFO] [1787284878.392767160] [velocity_path_follower]: waypoint 1178 / 5251 도달 (선 이탈 0.01 m)
[velocity_path_follower.py-9] [INFO] [1787284878.694747390] [velocity_path_follower]: waypoint 1179 / 5251 도달 (선 이탈 0.01 m)
[velocity_path_follower.py-9] [INFO] [1787284879.094768127] [velocity_path_follower]: waypoint 1180 / 5251 도달 (선 이탈 0.01 m)
[velocity_path_follower.py-9] [INFO] [1787284879.396808801] [velocity_path_follower]: waypoint 1181 / 5251 도달 (선 이탈 0.01 m)
[velocity_path_follower.py-9] [INFO] [1787284879.746351620] [velocity_path_follower]: 500.0s  wp 1182/5251 이탈0.0m  위치 ( -22.60,  -146.11,   6.45)
[velocity_path_follower.py-9] [INFO] [1787284883.148779425] [velocity_path_follower]: waypoint 1182 / 5251 도달 (선 이탈 0.00 m)
[velocity_path_follower.py-9] [INFO] [1787284883.198738001] [velocity_path_follower]: waypoint 1183 / 5251 도달 (선 이탈 0.00 m)
[velocity_path_follower.py-9] [INFO] [1787284883.248563497] [velocity_path_follower]: waypoint 1184 / 5251 도달 (선 이탈 0.00 m)
[velocity_path_follower.py-9] [INFO] [1787284883.298630029] [velocity_path_follower]: waypoint 1185 / 5251 도달 (선 이탈 0.00 m)
[velocity_path_follower.py-9] [INFO] [1787284883.348641979] [velocity_path_follower]: waypoint 1186 / 5251 도달 (선 이탈 0.00 m)
[velocity_path_follower.py-9] [INFO] [1787284883.398880341] [velocity_path_follower]: waypoint 1187 / 5251 도달 (선 이탈 0.00 m)
[velocity_path_follower.py-9] [INFO] [1787284883.448620463] [velocity_path_follower]: waypoint 1188 / 5251 도달 (선 이탈 0.00 m)
[velocity_path_follower.py-9] [INFO] [1787284883.498851367] [velocity_path_follower]: waypoint 1189 / 5251 도달 (선 이탈 0.00 m)
[velocity_path_follower.py-9] [INFO] [1787284883.548630905] [velocity_path_follower]: waypoint 1190 / 5251 도달 (선 이탈 0.00 m)
[velocity_path_follower.py-9] [INFO] [1787284884.198750783] [velocity_path_follower]: waypoint 1191 / 5251 도달 (선 이탈 0.00 m)
[velocity_path_follower.py-9] [INFO] [1787284884.748438438] [velocity_path_follower]: 505.0s  wp 1192/5251 이탈0.0m  위치 ( -27.54,  -146.10,   7.33)
[velocity_path_follower.py-9] [INFO] [1787284884.848724202] [velocity_path_follower]: waypoint 1192 / 5251 도달 (선 이탈 0.00 m)
[velocity_path_follower.py-9] [INFO] [1787284885.398841530] [velocity_path_follower]: waypoint 1193 / 5251 도달 (선 이탈 0.00 m)
[velocity_path_follower.py-9] [INFO] [1787284885.998803152] [velocity_path_follower]: waypoint 1194 / 5251 도달 (선 이탈 0.00 m)
[velocity_path_follower.py-9] [INFO] [1787284886.498628229] [velocity_path_follower]: waypoint 1195 / 5251 도달 (선 이탈 0.00 m)
[velocity_path_follower.py-9] [INFO] [1787284886.998696678] [velocity_path_follower]: waypoint 1196 / 5251 도달 (선 이탈 0.00 m)
[velocity_path_follower.py-9] [INFO] [1787284887.448639491] [velocity_path_follower]: waypoint 1197 / 5251 도달 (선 이탈 0.00 m)
[velocity_path_follower.py-9] [INFO] [1787284887.898687552] [velocity_path_follower]: waypoint 1198 / 5251 도달 (선 이탈 0.00 m)
[velocity_path_follower.py-9] [INFO] [1787284888.398690731] [velocity_path_follower]: waypoint 1199 / 5251 도달 (선 이탈 0.00 m)
[velocity_path_follower.py-9] [INFO] [1787284888.798775659] [velocity_path_follower]: waypoint 1200 / 5251 도달 (선 이탈 0.00 m)
[velocity_path_follower.py-9] [INFO] [1787284889.248712880] [velocity_path_follower]: waypoint 1201 / 5251 도달 (선 이탈 0.00 m)
[velocity_path_follower.py-9] [INFO] [1787284889.698785085] [velocity_path_follower]: waypoint 1202 / 5251 도달 (선 이탈 0.00 m)
[velocity_path_follower.py-9] [INFO] [1787284889.748424314] [velocity_path_follower]: 510.0s  wp 1203/5251 이탈0.0m  위치 ( -32.71,  -146.10,   7.86)
[velocity_path_follower.py-9] [INFO] [1787284890.098656480] [velocity_path_follower]: waypoint 1203 / 5251 도달 (선 이탈 0.00 m)
[velocity_path_follower.py-9] [INFO] [1787284890.498681475] [velocity_path_follower]: waypoint 1204 / 5251 도달 (선 이탈 0.00 m)
[velocity_path_follower.py-9] [INFO] [1787284890.898673179] [velocity_path_follower]: waypoint 1205 / 5251 도달 (선 이탈 0.00 m)
[velocity_path_follower.py-9] [INFO] [1787284891.298564360] [velocity_path_follower]: waypoint 1206 / 5251 도달 (선 이탈 0.00 m)
[velocity_path_follower.py-9] [INFO] [1787284891.698607657] [velocity_path_follower]: waypoint 1207 / 5251 도달 (선 이탈 0.00 m)
[velocity_path_follower.py-9] [INFO] [1787284892.099012688] [velocity_path_follower]: waypoint 1208 / 5251 도달 (선 이탈 0.00 m)
[velocity_path_follower.py-9] [INFO] [1787284892.505010299] [velocity_path_follower]: waypoint 1209 / 5251 도달 (선 이탈 0.00 m)
[velocity_path_follower.py-9] [INFO] [1787284892.904667112] [velocity_path_follower]: waypoint 1210 / 5251 도달 (선 이탈 0.00 m)
[velocity_path_follower.py-9] [INFO] [1787284893.254931309] [velocity_path_follower]: waypoint 1211 / 5251 도달 (선 이탈 0.00 m)
[velocity_path_follower.py-9] [INFO] [1787284894.754588745] [velocity_path_follower]: 515.0s  wp 1212/5251 이탈0.4m  위치 ( -39.00,  -145.86,   6.65)
[velocity_path_follower.py-9] [INFO] [1787284898.261237123] [velocity_path_follower]: waypoint 1212 / 5251 도달 (선 이탈 2.59 m)
[velocity_path_follower.py-9] [INFO] [1787284899.760446789] [velocity_path_follower]: 520.0s  wp 1214/5251 이탈0.3m  위치 ( -41.15,  -142.41,   6.76)
[velocity_path_follower.py-9] [INFO] [1787284902.922873455] [velocity_path_follower]: waypoint 1214 / 5251 도달 (선 이탈 1.36 m)
[velocity_path_follower.py-9] [INFO] [1787284903.572869100] [velocity_path_follower]: waypoint 1215 / 5251 도달 (선 이탈 1.46 m)
[velocity_path_follower.py-9] [INFO] [1787284904.223081167] [velocity_path_follower]: waypoint 1216 / 5251 도달 (선 이탈 1.49 m)
[velocity_path_follower.py-9] [INFO] [1787284904.773233186] [velocity_path_follower]: 525.0s  wp 1217/5251 이탈1.5m  위치 ( -38.12,  -140.64,   7.18)
[velocity_path_follower.py-9] [INFO] [1787284904.822863239] [velocity_path_follower]: waypoint 1217 / 5251 도달 (선 이탈 1.46 m)
[velocity_path_follower.py-9] [INFO] [1787284905.422945644] [velocity_path_follower]: waypoint 1218 / 5251 도달 (선 이탈 1.37 m)
[velocity_path_follower.py-9] [INFO] [1787284905.972873751] [velocity_path_follower]: waypoint 1219 / 5251 도달 (선 이탈 1.25 m)
[velocity_path_follower.py-9] [INFO] [1787284906.525229730] [velocity_path_follower]: waypoint 1220 / 5251 도달 (선 이탈 1.09 m)
[velocity_path_follower.py-9] [INFO] [1787284907.075259689] [velocity_path_follower]: waypoint 1221 / 5251 도달 (선 이탈 0.92 m)
[velocity_path_follower.py-9] [INFO] [1787284907.575441029] [velocity_path_follower]: waypoint 1222 / 5251 도달 (선 이탈 0.74 m)
[velocity_path_follower.py-9] [INFO] [1787284908.075144106] [velocity_path_follower]: waypoint 1223 / 5251 도달 (선 이탈 0.55 m)
[velocity_path_follower.py-9] [INFO] [1787284908.525203447] [velocity_path_follower]: waypoint 1224 / 5251 도달 (선 이탈 0.37 m)
[velocity_path_follower.py-9] [INFO] [1787284909.025169320] [velocity_path_follower]: waypoint 1225 / 5251 도달 (선 이탈 0.18 m)
[velocity_path_follower.py-9] [INFO] [1787284909.475303000] [velocity_path_follower]: waypoint 1226 / 5251 도달 (선 이탈 0.01 m)
[velocity_path_follower.py-9] [INFO] [1787284909.775175734] [velocity_path_follower]: 530.0s  wp 1227/5251 이탈0.1m  위치 ( -33.24,  -142.19,   6.91)
[velocity_path_follower.py-9] [INFO] [1787284909.925272433] [velocity_path_follower]: waypoint 1227 / 5251 도달 (선 이탈 0.15 m)
[velocity_path_follower.py-9] [INFO] [1787284910.325135339] [velocity_path_follower]: waypoint 1228 / 5251 도달 (선 이탈 0.27 m)
[velocity_path_follower.py-9] [INFO] [1787284910.775306191] [velocity_path_follower]: waypoint 1229 / 5251 도달 (선 이탈 0.39 m)
[velocity_path_follower.py-9] [INFO] [1787284911.225231279] [velocity_path_follower]: waypoint 1230 / 5251 도달 (선 이탈 0.50 m)
[velocity_path_follower.py-9] [INFO] [1787284911.625364527] [velocity_path_follower]: waypoint 1231 / 5251 도달 (선 이탈 0.58 m)
[velocity_path_follower.py-9] [INFO] [1787284912.025123455] [velocity_path_follower]: waypoint 1232 / 5251 도달 (선 이탈 0.64 m)
[velocity_path_follower.py-9] [INFO] [1787284912.425150361] [velocity_path_follower]: waypoint 1233 / 5251 도달 (선 이탈 0.68 m)
[velocity_path_follower.py-9] [INFO] [1787284912.825282433] [velocity_path_follower]: waypoint 1234 / 5251 도달 (선 이탈 0.71 m)
[velocity_path_follower.py-9] [INFO] [1787284913.225152031] [velocity_path_follower]: waypoint 1235 / 5251 도달 (선 이탈 0.71 m)
[velocity_path_follower.py-9] [INFO] [1787284913.627628813] [velocity_path_follower]: waypoint 1236 / 5251 도달 (선 이탈 0.71 m)
[velocity_path_follower.py-9] [INFO] [1787284914.027705340] [velocity_path_follower]: waypoint 1237 / 5251 도달 (선 이탈 0.69 m)
[velocity_path_follower.py-9] [INFO] [1787284914.427660891] [velocity_path_follower]: waypoint 1238 / 5251 도달 (선 이탈 0.65 m)
[velocity_path_follower.py-9] [INFO] [1787284914.777401959] [velocity_path_follower]: 535.0s  wp 1239/5251 이탈0.6m  위치 ( -27.11,  -142.71,   6.68)
[velocity_path_follower.py-9] [INFO] [1787284914.827602567] [velocity_path_follower]: waypoint 1239 / 5251 도달 (선 이탈 0.61 m)
[velocity_path_follower.py-9] [INFO] [1787284915.227649764] [velocity_path_follower]: waypoint 1240 / 5251 도달 (선 이탈 0.55 m)
[velocity_path_follower.py-9] [INFO] [1787284915.579466530] [velocity_path_follower]: waypoint 1241 / 5251 도달 (선 이탈 0.49 m)
[velocity_path_follower.py-9] [INFO] [1787284915.982365992] [velocity_path_follower]: waypoint 1242 / 5251 도달 (선 이탈 0.42 m)
[velocity_path_follower.py-9] [INFO] [1787284916.332125209] [velocity_path_follower]: waypoint 1243 / 5251 도달 (선 이탈 0.36 m)
[velocity_path_follower.py-9] [INFO] [1787284916.732119816] [velocity_path_follower]: waypoint 1244 / 5251 도달 (선 이탈 0.28 m)
[velocity_path_follower.py-9] [INFO] [1787284917.132192583] [velocity_path_follower]: waypoint 1245 / 5251 도달 (선 이탈 0.20 m)
[velocity_path_follower.py-9] [INFO] [1787284917.482171774] [velocity_path_follower]: waypoint 1246 / 5251 도달 (선 이탈 0.13 m)
[velocity_path_follower.py-9] [INFO] [1787284917.882364905] [velocity_path_follower]: waypoint 1247 / 5251 도달 (선 이탈 0.05 m)
[velocity_path_follower.py-9] [INFO] [1787284918.234383679] [velocity_path_follower]: waypoint 1248 / 5251 도달 (선 이탈 0.02 m)
[velocity_path_follower.py-9] [INFO] [1787284918.634104675] [velocity_path_follower]: waypoint 1249 / 5251 도달 (선 이탈 0.09 m)
[velocity_path_follower.py-9] [INFO] [1787284918.984673705] [velocity_path_follower]: waypoint 1250 / 5251 도달 (선 이탈 0.14 m)
[velocity_path_follower.py-9] [INFO] [1787284919.334357085] [velocity_path_follower]: waypoint 1251 / 5251 도달 (선 이탈 0.19 m)
[velocity_path_follower.py-9] [INFO] [1787284919.734293855] [velocity_path_follower]: waypoint 1252 / 5251 도달 (선 이탈 0.24 m)
[velocity_path_follower.py-9] [INFO] [1787284919.784324909] [velocity_path_follower]: 540.0s  wp 1253/5251 이탈0.3m  위치 ( -20.46,  -141.85,   6.79)
[velocity_path_follower.py-9] [INFO] [1787284920.098826442] [velocity_path_follower]: waypoint 1253 / 5251 도달 (선 이탈 0.28 m)
[velocity_path_follower.py-9] [INFO] [1787284920.448415880] [velocity_path_follower]: waypoint 1254 / 5251 도달 (선 이탈 0.31 m)
[velocity_path_follower.py-9] [INFO] [1787284920.848983584] [velocity_path_follower]: waypoint 1255 / 5251 도달 (선 이탈 0.34 m)
[velocity_path_follower.py-9] [INFO] [1787284921.198465700] [velocity_path_follower]: waypoint 1256 / 5251 도달 (선 이탈 0.36 m)
[velocity_path_follower.py-9] [INFO] [1787284921.550697664] [velocity_path_follower]: waypoint 1257 / 5251 도달 (선 이탈 0.37 m)
[velocity_path_follower.py-9] [INFO] [1787284921.900701149] [velocity_path_follower]: waypoint 1258 / 5251 도달 (선 이탈 0.37 m)
[velocity_path_follower.py-9] [INFO] [1787284922.250629243] [velocity_path_follower]: waypoint 1259 / 5251 도달 (선 이탈 0.36 m)
[velocity_path_follower.py-9] [INFO] [1787284922.600759987] [velocity_path_follower]: waypoint 1260 / 5251 도달 (선 이탈 0.35 m)
[velocity_path_follower.py-9] [INFO] [1787284923.000528037] [velocity_path_follower]: waypoint 1261 / 5251 도달 (선 이탈 0.34 m)
[velocity_path_follower.py-9] [INFO] [1787284923.350432417] [velocity_path_follower]: waypoint 1262 / 5251 도달 (선 이탈 0.31 m)
[velocity_path_follower.py-9] [INFO] [1787284923.700542253] [velocity_path_follower]: waypoint 1263 / 5251 도달 (선 이탈 0.29 m)
[velocity_path_follower.py-9] [INFO] [1787284924.050814851] [velocity_path_follower]: waypoint 1264 / 5251 도달 (선 이탈 0.26 m)
[velocity_path_follower.py-9] [INFO] [1787284924.450456403] [velocity_path_follower]: waypoint 1265 / 5251 도달 (선 이탈 0.22 m)
[velocity_path_follower.py-9] [INFO] [1787284924.800464499] [velocity_path_follower]: waypoint 1266 / 5251 도달 (선 이탈 0.19 m)
[velocity_path_follower.py-9] [INFO] [1787284924.850379828] [velocity_path_follower]: 545.1s  wp 1267/5251 이탈0.2m  위치 ( -13.46,  -141.92,   7.86)
[velocity_path_follower.py-9] [INFO] [1787284925.150705839] [velocity_path_follower]: waypoint 1267 / 5251 도달 (선 이탈 0.15 m)
[velocity_path_follower.py-9] [INFO] [1787284925.500659067] [velocity_path_follower]: waypoint 1268 / 5251 도달 (선 이탈 0.11 m)
[velocity_path_follower.py-9] [INFO] [1787284925.850764918] [velocity_path_follower]: waypoint 1269 / 5251 도달 (선 이탈 0.08 m)
[velocity_path_follower.py-9] [INFO] [1787284926.202891303] [velocity_path_follower]: waypoint 1270 / 5251 도달 (선 이탈 0.04 m)
[velocity_path_follower.py-9] [INFO] [1787284926.552637956] [velocity_path_follower]: waypoint 1271 / 5251 도달 (선 이탈 0.01 m)
[velocity_path_follower.py-9] [INFO] [1787284926.902756065] [velocity_path_follower]: waypoint 1272 / 5251 도달 (선 이탈 0.03 m)
[velocity_path_follower.py-9] [INFO] [1787284927.257425740] [velocity_path_follower]: waypoint 1273 / 5251 도달 (선 이탈 0.06 m)
[velocity_path_follower.py-9] [INFO] [1787284927.607695769] [velocity_path_follower]: waypoint 1274 / 5251 도달 (선 이탈 0.09 m)
[velocity_path_follower.py-9] [INFO] [1787284927.957749467] [velocity_path_follower]: waypoint 1275 / 5251 도달 (선 이탈 0.11 m)
[velocity_path_follower.py-9] [INFO] [1787284928.357430043] [velocity_path_follower]: waypoint 1276 / 5251 도달 (선 이탈 0.14 m)
[velocity_path_follower.py-9] [INFO] [1787284928.659616348] [velocity_path_follower]: waypoint 1277 / 5251 도달 (선 이탈 0.15 m)
[velocity_path_follower.py-9] [INFO] [1787284929.061705805] [velocity_path_follower]: waypoint 1278 / 5251 도달 (선 이탈 0.17 m)
[velocity_path_follower.py-9] [INFO] [1787284929.361637496] [velocity_path_follower]: waypoint 1279 / 5251 도달 (선 이탈 0.18 m)
[velocity_path_follower.py-9] [INFO] [1787284929.711674621] [velocity_path_follower]: waypoint 1280 / 5251 도달 (선 이탈 0.19 m)
[velocity_path_follower.py-9] [INFO] [1787284929.813597683] [velocity_path_follower]: 550.0s  wp 1281/5251 이탈0.2m  위치 (  -6.47,  -142.29,  10.78)
[velocity_path_follower.py-9] [INFO] [1787284930.062824752] [velocity_path_follower]: waypoint 1281 / 5251 도달 (선 이탈 0.19 m)
[velocity_path_follower.py-9] [INFO] [1787284930.411883888] [velocity_path_follower]: waypoint 1282 / 5251 도달 (선 이탈 0.19 m)
[velocity_path_follower.py-9] [INFO] [1787284930.764788494] [velocity_path_follower]: waypoint 1283 / 5251 도달 (선 이탈 0.19 m)
[velocity_path_follower.py-9] [INFO] [1787284931.164645611] [velocity_path_follower]: waypoint 1284 / 5251 도달 (선 이탈 0.18 m)
[velocity_path_follower.py-9] [INFO] [1787284931.514432953] [velocity_path_follower]: waypoint 1285 / 5251 도달 (선 이탈 0.18 m)
[velocity_path_follower.py-9] [INFO] [1787284931.864652417] [velocity_path_follower]: waypoint 1286 / 5251 도달 (선 이탈 0.16 m)
[velocity_path_follower.py-9] [INFO] [1787284932.214440353] [velocity_path_follower]: waypoint 1287 / 5251 도달 (선 이탈 0.15 m)
[velocity_path_follower.py-9] [INFO] [1787284932.566521055] [velocity_path_follower]: waypoint 1288 / 5251 도달 (선 이탈 0.13 m)
[velocity_path_follower.py-9] [INFO] [1787284932.916614856] [velocity_path_follower]: waypoint 1289 / 5251 도달 (선 이탈 0.12 m)
[velocity_path_follower.py-9] [INFO] [1787284933.268727790] [velocity_path_follower]: waypoint 1290 / 5251 도달 (선 이탈 0.10 m)
[velocity_path_follower.py-9] [INFO] [1787284933.568525819] [velocity_path_follower]: waypoint 1291 / 5251 도달 (선 이탈 0.08 m)
[velocity_path_follower.py-9] [INFO] [1787284933.968541272] [velocity_path_follower]: waypoint 1292 / 5251 도달 (선 이탈 0.06 m)
[velocity_path_follower.py-9] [INFO] [1787284934.270773391] [velocity_path_follower]: waypoint 1293 / 5251 도달 (선 이탈 0.05 m)
[velocity_path_follower.py-9] [INFO] [1787284934.670796732] [velocity_path_follower]: waypoint 1294 / 5251 도달 (선 이탈 0.02 m)
[velocity_path_follower.py-9] [INFO] [1787284934.820424305] [velocity_path_follower]: 555.0s  wp 1295/5251 이탈0.0m  위치 (   0.68,  -142.12,   9.54)
[velocity_path_follower.py-9] [INFO] [1787284934.970461001] [velocity_path_follower]: waypoint 1295 / 5251 도달 (선 이탈 0.01 m)
[velocity_path_follower.py-9] [INFO] [1787284935.375245150] [velocity_path_follower]: waypoint 1296 / 5251 도달 (선 이탈 0.01 m)
[velocity_path_follower.py-9] [INFO] [1787284935.677519932] [velocity_path_follower]: waypoint 1297 / 5251 도달 (선 이탈 0.03 m)
[velocity_path_follower.py-9] [INFO] [1787284936.077897385] [velocity_path_follower]: waypoint 1298 / 5251 도달 (선 이탈 0.04 m)
[velocity_path_follower.py-9] [INFO] [1787284936.382608682] [velocity_path_follower]: waypoint 1299 / 5251 도달 (선 이탈 0.06 m)
[velocity_path_follower.py-9] [INFO] [1787284936.737629121] [velocity_path_follower]: waypoint 1300 / 5251 도달 (선 이탈 0.07 m)
[velocity_path_follower.py-9] [INFO] [1787284937.087661904] [velocity_path_follower]: waypoint 1301 / 5251 도달 (선 이탈 0.08 m)
[velocity_path_follower.py-9] [INFO] [1787284937.437674083] [velocity_path_follower]: waypoint 1302 / 5251 도달 (선 이탈 0.09 m)
[velocity_path_follower.py-9] [INFO] [1787284937.787657512] [velocity_path_follower]: waypoint 1303 / 5251 도달 (선 이탈 0.09 m)
[velocity_path_follower.py-9] [INFO] [1787284938.137855888] [velocity_path_follower]: waypoint 1304 / 5251 도달 (선 이탈 0.10 m)
[velocity_path_follower.py-9] [INFO] [1787284938.487795398] [velocity_path_follower]: waypoint 1305 / 5251 도달 (선 이탈 0.10 m)
[velocity_path_follower.py-9] [INFO] [1787284938.837763493] [velocity_path_follower]: waypoint 1306 / 5251 도달 (선 이탈 0.10 m)
[velocity_path_follower.py-9] [INFO] [1787284939.187706422] [velocity_path_follower]: waypoint 1307 / 5251 도달 (선 이탈 0.10 m)
[velocity_path_follower.py-9] [INFO] [1787284939.537536931] [velocity_path_follower]: waypoint 1308 / 5251 도달 (선 이탈 0.10 m)
[velocity_path_follower.py-9] [INFO] [1787284939.837422302] [velocity_path_follower]: 560.0s  wp 1309/5251 이탈0.1m  위치 (   7.86,  -142.01,   8.67)
[velocity_path_follower.py-9] [INFO] [1787284939.887672814] [velocity_path_follower]: waypoint 1309 / 5251 도달 (선 이탈 0.09 m)
[velocity_path_follower.py-9] [INFO] [1787284940.237796334] [velocity_path_follower]: waypoint 1310 / 5251 도달 (선 이탈 0.09 m)
[velocity_path_follower.py-9] [INFO] [1787284940.587803048] [velocity_path_follower]: waypoint 1311 / 5251 도달 (선 이탈 0.08 m)
[velocity_path_follower.py-9] [INFO] [1787284940.937710138] [velocity_path_follower]: waypoint 1312 / 5251 도달 (선 이탈 0.07 m)
[velocity_path_follower.py-9] [INFO] [1787284941.298176697] [velocity_path_follower]: waypoint 1313 / 5251 도달 (선 이탈 0.06 m)
[velocity_path_follower.py-9] [INFO] [1787284941.648346240] [velocity_path_follower]: waypoint 1314 / 5251 도달 (선 이탈 0.05 m)
[velocity_path_follower.py-9] [INFO] [1787284942.062926301] [velocity_path_follower]: waypoint 1315 / 5251 도달 (선 이탈 0.04 m)
[velocity_path_follower.py-9] [INFO] [1787284942.436623142] [velocity_path_follower]: waypoint 1316 / 5251 도달 (선 이탈 0.03 m)
[velocity_path_follower.py-9] [INFO] [1787284942.797864044] [velocity_path_follower]: waypoint 1317 / 5251 도달 (선 이탈 0.02 m)
[velocity_path_follower.py-9] [INFO] [1787284943.096997854] [velocity_path_follower]: waypoint 1318 / 5251 도달 (선 이탈 0.01 m)
[velocity_path_follower.py-9] [INFO] [1787284943.496895574] [velocity_path_follower]: waypoint 1319 / 5251 도달 (선 이탈 0.00 m)
[velocity_path_follower.py-9] [INFO] [1787284943.799742871] [velocity_path_follower]: waypoint 1320 / 5251 도달 (선 이탈 0.01 m)
[velocity_path_follower.py-9] [INFO] [1787284944.149624648] [velocity_path_follower]: waypoint 1321 / 5251 도달 (선 이탈 0.01 m)
[velocity_path_follower.py-9] [INFO] [1787284944.499614887] [velocity_path_follower]: waypoint 1322 / 5251 도달 (선 이탈 0.02 m)
[velocity_path_follower.py-9] [INFO] [1787284944.849382960] [velocity_path_follower]: waypoint 1323 / 5251 도달 (선 이탈 0.03 m)
[velocity_path_follower.py-9] [INFO] [1787284944.949384849] [velocity_path_follower]: 565.0s  wp 1324/5251 이탈0.0m  위치 (  15.06,  -142.13,  10.63)
[velocity_path_follower.py-9] [INFO] [1787284945.201608108] [velocity_path_follower]: waypoint 1324 / 5251 도달 (선 이탈 0.03 m)
[velocity_path_follower.py-9] [INFO] [1787284945.553742248] [velocity_path_follower]: waypoint 1325 / 5251 도달 (선 이탈 0.04 m)
[velocity_path_follower.py-9] [INFO] [1787284945.903776023] [velocity_path_follower]: waypoint 1326 / 5251 도달 (선 이탈 0.04 m)
[velocity_path_follower.py-9] [INFO] [1787284946.253860727] [velocity_path_follower]: waypoint 1327 / 5251 도달 (선 이탈 0.05 m)
[velocity_path_follower.py-9] [INFO] [1787284946.605653113] [velocity_path_follower]: waypoint 1328 / 5251 도달 (선 이탈 0.05 m)
[ros2-8] [INFO] [1787284946.795156647] [rosbag2_cpp]: Writing remaining messages from cache to the bag. It may take a while
[velocity_path_follower.py-9] [INFO] [1787284946.955670339] [velocity_path_follower]: waypoint 1329 / 5251 도달 (선 이탈 0.05 m)
[velocity_path_follower.py-9] [INFO] [1787284947.308150081] [velocity_path_follower]: waypoint 1330 / 5251 도달 (선 이탈 0.05 m)
[velocity_path_follower.py-9] [INFO] [1787284947.660709749] [velocity_path_follower]: waypoint 1331 / 5251 도달 (선 이탈 0.05 m)
[velocity_path_follower.py-9] [INFO] [1787284948.010580554] [velocity_path_follower]: waypoint 1332 / 5251 도달 (선 이탈 0.05 m)
[velocity_path_follower.py-9] [INFO] [1787284948.360589516] [velocity_path_follower]: waypoint 1333 / 5251 도달 (선 이탈 0.05 m)
[velocity_path_follower.py-9] [INFO] [1787284948.660848404] [velocity_path_follower]: waypoint 1334 / 5251 도달 (선 이탈 0.04 m)
[velocity_path_follower.py-9] [INFO] [1787284949.010538036] [velocity_path_follower]: waypoint 1335 / 5251 도달 (선 이탈 0.04 m)
[velocity_path_follower.py-9] [INFO] [1787284949.410433072] [velocity_path_follower]: waypoint 1336 / 5251 도달 (선 이탈 0.04 m)
[velocity_path_follower.py-9] [INFO] [1787284949.710415485] [velocity_path_follower]: waypoint 1337 / 5251 도달 (선 이탈 0.03 m)
[velocity_path_follower.py-9] [INFO] [1787284949.960384857] [velocity_path_follower]: 570.0s  wp 1338/5251 이탈0.0m  위치 (  22.26,  -142.13,  11.59)
[velocity_path_follower.py-9] [INFO] [1787284950.060605784] [velocity_path_follower]: waypoint 1338 / 5251 도달 (선 이탈 0.03 m)
[velocity_path_follower.py-9] [INFO] [1787284950.410455937] [velocity_path_follower]: waypoint 1339 / 5251 도달 (선 이탈 0.02 m)
[velocity_path_follower.py-9] [INFO] [1787284950.760910839] [velocity_path_follower]: waypoint 1340 / 5251 도달 (선 이탈 0.02 m)
[velocity_path_follower.py-9] [INFO] [1787284951.110407975] [velocity_path_follower]: waypoint 1341 / 5251 도달 (선 이탈 0.01 m)
[velocity_path_follower.py-9] [INFO] [1787284951.460693159] [velocity_path_follower]: waypoint 1342 / 5251 도달 (선 이탈 0.01 m)
[velocity_path_follower.py-9] [INFO] [1787284951.810813761] [velocity_path_follower]: waypoint 1343 / 5251 도달 (선 이탈 0.00 m)
[velocity_path_follower.py-9] [INFO] [1787284952.160460439] [velocity_path_follower]: waypoint 1344 / 5251 도달 (선 이탈 0.00 m)
[velocity_path_follower.py-9] [INFO] [1787284952.510452739] [velocity_path_follower]: waypoint 1345 / 5251 도달 (선 이탈 0.01 m)
[velocity_path_follower.py-9] [INFO] [1787284952.860666247] [velocity_path_follower]: waypoint 1346 / 5251 도달 (선 이탈 0.01 m)
[velocity_path_follower.py-9] [INFO] [1787284953.210707758] [velocity_path_follower]: waypoint 1347 / 5251 도달 (선 이탈 0.02 m)
[velocity_path_follower.py-9] [INFO] [1787284953.560718381] [velocity_path_follower]: waypoint 1348 / 5251 도달 (선 이탈 0.02 m)
[velocity_path_follower.py-9] [INFO] [1787284953.860595754] [velocity_path_follower]: waypoint 1349 / 5251 도달 (선 이탈 0.02 m)
[velocity_path_follower.py-9] [INFO] [1787284954.210593671] [velocity_path_follower]: waypoint 1350 / 5251 도달 (선 이탈 0.02 m)
[velocity_path_follower.py-9] [INFO] [1787284954.610928667] [velocity_path_follower]: waypoint 1351 / 5251 도달 (선 이탈 0.03 m)
[velocity_path_follower.py-9] [INFO] [1787284954.910648020] [velocity_path_follower]: waypoint 1352 / 5251 도달 (선 이탈 0.03 m)
[velocity_path_follower.py-9] [INFO] [1787284954.960341280] [velocity_path_follower]: 575.0s  wp 1353/5251 이탈0.0m  위치 (  29.47,  -142.07,  10.91)
[velocity_path_follower.py-9] [INFO] [1787284955.260759143] [velocity_path_follower]: waypoint 1353 / 5251 도달 (선 이탈 0.03 m)
[velocity_path_follower.py-9] [INFO] [1787284955.612684864] [velocity_path_follower]: waypoint 1354 / 5251 도달 (선 이탈 0.03 m)
[velocity_path_follower.py-9] [INFO] [1787284955.962702839] [velocity_path_follower]: waypoint 1355 / 5251 도달 (선 이탈 0.03 m)
[velocity_path_follower.py-9] [INFO] [1787284956.312835211] [velocity_path_follower]: waypoint 1356 / 5251 도달 (선 이탈 0.03 m)
[velocity_path_follower.py-9] [INFO] [1787284956.662556716] [velocity_path_follower]: waypoint 1357 / 5251 도달 (선 이탈 0.03 m)
[velocity_path_follower.py-9] [INFO] [1787284957.012820140] [velocity_path_follower]: waypoint 1358 / 5251 도달 (선 이탈 0.03 m)
[velocity_path_follower.py-9] [INFO] [1787284957.362706173] [velocity_path_follower]: waypoint 1359 / 5251 도달 (선 이탈 0.02 m)
[velocity_path_follower.py-9] [INFO] [1787284957.712908707] [velocity_path_follower]: waypoint 1360 / 5251 도달 (선 이탈 0.02 m)
[velocity_path_follower.py-9] [INFO] [1787284958.062918336] [velocity_path_follower]: waypoint 1361 / 5251 도달 (선 이탈 0.02 m)
[velocity_path_follower.py-9] [INFO] [1787284958.413026690] [velocity_path_follower]: waypoint 1362 / 5251 도달 (선 이탈 0.02 m)
[velocity_path_follower.py-9] [INFO] [1787284958.762452836] [velocity_path_follower]: waypoint 1363 / 5251 도달 (선 이탈 0.01 m)
[velocity_path_follower.py-9] [INFO] [1787284959.112432962] [velocity_path_follower]: waypoint 1364 / 5251 도달 (선 이탈 0.01 m)
[velocity_path_follower.py-9] [INFO] [1787284959.413138782] [velocity_path_follower]: waypoint 1365 / 5251 도달 (선 이탈 0.01 m)
[velocity_path_follower.py-9] [INFO] [1787284959.816202178] [velocity_path_follower]: waypoint 1366 / 5251 도달 (선 이탈 0.01 m)
[velocity_path_follower.py-9] [INFO] [1787284959.972669351] [velocity_path_follower]: 580.0s  wp 1367/5251 이탈0.0m  위치 (  36.68,  -142.10,   9.78)
[velocity_path_follower.py-9] [INFO] [1787284960.122737514] [velocity_path_follower]: waypoint 1367 / 5251 도달 (선 이탈 0.00 m)
[velocity_path_follower.py-9] [INFO] [1787284960.472691423] [velocity_path_follower]: waypoint 1368 / 5251 도달 (선 이탈 0.00 m)
[velocity_path_follower.py-9] [INFO] [1787284960.822740873] [velocity_path_follower]: waypoint 1369 / 5251 도달 (선 이탈 0.00 m)
[velocity_path_follower.py-9] [INFO] [1787284961.172716066] [velocity_path_follower]: waypoint 1370 / 5251 도달 (선 이탈 0.00 m)
[velocity_path_follower.py-9] [INFO] [1787284961.522731043] [velocity_path_follower]: waypoint 1371 / 5251 도달 (선 이탈 0.01 m)
[velocity_path_follower.py-9] [INFO] [1787284961.872631145] [velocity_path_follower]: waypoint 1372 / 5251 도달 (선 이탈 0.01 m)
[velocity_path_follower.py-9] [INFO] [1787284962.222721081] [velocity_path_follower]: waypoint 1373 / 5251 도달 (선 이탈 0.01 m)
[velocity_path_follower.py-9] [INFO] [1787284962.572876001] [velocity_path_follower]: waypoint 1374 / 5251 도달 (선 이탈 0.01 m)
[velocity_path_follower.py-9] [INFO] [1787284962.922742046] [velocity_path_follower]: waypoint 1375 / 5251 도달 (선 이탈 0.01 m)
[velocity_path_follower.py-9] [INFO] [1787284963.272746102] [velocity_path_follower]: waypoint 1376 / 5251 도달 (선 이탈 0.01 m)
[velocity_path_follower.py-9] [INFO] [1787284963.576193279] [velocity_path_follower]: waypoint 1377 / 5251 도달 (선 이탈 0.01 m)
[velocity_path_follower.py-9] [INFO] [1787284963.975809449] [velocity_path_follower]: waypoint 1378 / 5251 도달 (선 이탈 0.01 m)
[velocity_path_follower.py-9] [INFO] [1787284964.330785330] [velocity_path_follower]: waypoint 1379 / 5251 도달 (선 이탈 0.01 m)
[velocity_path_follower.py-9] [INFO] [1787284964.630705442] [velocity_path_follower]: waypoint 1380 / 5251 도달 (선 이탈 0.01 m)
[velocity_path_follower.py-9] [INFO] [1787284964.980808246] [velocity_path_follower]: waypoint 1381 / 5251 도달 (선 이탈 0.01 m)
[velocity_path_follower.py-9] [INFO] [1787284965.030582236] [velocity_path_follower]: 585.1s  wp 1382/5251 이탈0.0m  위치 (  43.98,  -142.11,   8.28)
[velocity_path_follower.py-9] [INFO] [1787284965.330863612] [velocity_path_follower]: waypoint 1382 / 5251 도달 (선 이탈 0.01 m)
[velocity_path_follower.py-9] [INFO] [1787284965.896835871] [velocity_path_follower]: waypoint 1383 / 5251 도달 (선 이탈 0.01 m)
[velocity_path_follower.py-9] [INFO] [1787284966.030746983] [velocity_path_follower]: waypoint 1384 / 5251 도달 (선 이탈 0.01 m)
[velocity_path_follower.py-9] [INFO] [1787284966.380591711] [velocity_path_follower]: waypoint 1385 / 5251 도달 (선 이탈 0.01 m)
[velocity_path_follower.py-9] [INFO] [1787284966.730632689] [velocity_path_follower]: waypoint 1386 / 5251 도달 (선 이탈 0.01 m)
[velocity_path_follower.py-9] [INFO] [1787284967.080811139] [velocity_path_follower]: waypoint 1387 / 5251 도달 (선 이탈 0.01 m)
[velocity_path_follower.py-9] [INFO] [1787284967.430654849] [velocity_path_follower]: waypoint 1388 / 5251 도달 (선 이탈 0.00 m)
[velocity_path_follower.py-9] [INFO] [1787284967.780607725] [velocity_path_follower]: waypoint 1389 / 5251 도달 (선 이탈 0.00 m)
[velocity_path_follower.py-9] [INFO] [1787284968.130912084] [velocity_path_follower]: waypoint 1390 / 5251 도달 (선 이탈 0.00 m)
[velocity_path_follower.py-9] [INFO] [1787284968.480660983] [velocity_path_follower]: waypoint 1391 / 5251 도달 (선 이탈 0.00 m)
[velocity_path_follower.py-9] [INFO] [1787284968.830704549] [velocity_path_follower]: waypoint 1392 / 5251 도달 (선 이탈 0.00 m)
[velocity_path_follower.py-9] [INFO] [1787284969.180822273] [velocity_path_follower]: waypoint 1393 / 5251 도달 (선 이탈 0.00 m)
[velocity_path_follower.py-9] [INFO] [1787284969.533998530] [velocity_path_follower]: waypoint 1394 / 5251 도달 (선 이탈 0.00 m)
[velocity_path_follower.py-9] [INFO] [1787284969.833940171] [velocity_path_follower]: waypoint 1395 / 5251 도달 (선 이탈 0.00 m)
[velocity_path_follower.py-9] [INFO] [1787284969.983638096] [velocity_path_follower]: 590.0s  wp 1396/5251 이탈0.0m  위치 (  51.14,  -142.10,  11.08)
[velocity_path_follower.py-9] [INFO] [1787284970.233409832] [velocity_path_follower]: waypoint 1396 / 5251 도달 (선 이탈 0.01 m)
[velocity_path_follower.py-9] [INFO] [1787284970.533796153] [velocity_path_follower]: waypoint 1397 / 5251 도달 (선 이탈 0.01 m)
[velocity_path_follower.py-9] [INFO] [1787284970.913210120] [velocity_path_follower]: waypoint 1398 / 5251 도달 (선 이탈 0.01 m)
[velocity_path_follower.py-9] [INFO] [1787284971.262359319] [velocity_path_follower]: waypoint 1399 / 5251 도달 (선 이탈 0.01 m)
[velocity_path_follower.py-9] [INFO] [1787284971.638445935] [velocity_path_follower]: waypoint 1400 / 5251 도달 (선 이탈 0.01 m)
[velocity_path_follower.py-9] [INFO] [1787284972.047042465] [velocity_path_follower]: waypoint 1401 / 5251 도달 (선 이탈 0.01 m)
[velocity_path_follower.py-9] [INFO] [1787284972.474683541] [velocity_path_follower]: waypoint 1402 / 5251 도달 (선 이탈 0.01 m)
[velocity_path_follower.py-9] [INFO] [1787284972.884627722] [velocity_path_follower]: waypoint 1403 / 5251 도달 (선 이탈 0.01 m)
[velocity_path_follower.py-9] [INFO] [1787284973.234663791] [velocity_path_follower]: waypoint 1404 / 5251 도달 (선 이탈 0.01 m)
[velocity_path_follower.py-9] [INFO] [1787284973.677163838] [velocity_path_follower]: waypoint 1405 / 5251 도달 (선 이탈 0.01 m)
[velocity_path_follower.py-9] [INFO] [1787284974.038858492] [velocity_path_follower]: waypoint 1406 / 5251 도달 (선 이탈 0.01 m)
[velocity_path_follower.py-9] [INFO] [1787284974.422221111] [velocity_path_follower]: waypoint 1407 / 5251 도달 (선 이탈 0.01 m)
[velocity_path_follower.py-9] [INFO] [1787284974.835338567] [velocity_path_follower]: waypoint 1408 / 5251 도달 (선 이탈 0.01 m)
[velocity_path_follower.py-9] [INFO] [1787284975.185736585] [velocity_path_follower]: waypoint 1409 / 5251 도달 (선 이탈 0.01 m)
[velocity_path_follower.py-9] [INFO] [1787284975.435125921] [velocity_path_follower]: 595.0s  wp 1410/5251 이탈0.0m  위치 (  58.32,  -142.09,  14.30)
[velocity_path_follower.py-9] [INFO] [1787284975.485201088] [velocity_path_follower]: waypoint 1410 / 5251 도달 (선 이탈 0.01 m)
[velocity_path_follower.py-9] [INFO] [1787284975.835219468] [velocity_path_follower]: waypoint 1411 / 5251 도달 (선 이탈 0.00 m)
[velocity_path_follower.py-9] [INFO] [1787284976.185186380] [velocity_path_follower]: waypoint 1412 / 5251 도달 (선 이탈 0.00 m)
[velocity_path_follower.py-9] [INFO] [1787284976.535230696] [velocity_path_follower]: waypoint 1413 / 5251 도달 (선 이탈 0.00 m)
[velocity_path_follower.py-9] [INFO] [1787284980.638041351] [velocity_path_follower]: 600.0s  wp 1414/5251 이탈2.6m  위치 (  64.00,  -140.50,  10.22)
[velocity_path_follower.py-9] [INFO] [1787284981.995542251] [velocity_path_follower]: waypoint 1414 / 5251 도달 (선 이탈 2.99 m)
[velocity_path_follower.py-9] [INFO] [1787284985.838734593] [velocity_path_follower]: 605.0s  wp 1416/5251 이탈1.0m  위치 (  63.23,  -137.07,   7.94)
[velocity_path_follower.py-9] [INFO] [1787284987.220175170] [velocity_path_follower]: waypoint 1416 / 5251 도달 (선 이탈 1.36 m)
[velocity_path_follower.py-9] [INFO] [1787284987.860342858] [velocity_path_follower]: waypoint 1417 / 5251 도달 (선 이탈 1.43 m)
[velocity_path_follower.py-9] [INFO] [1787284988.463136898] [velocity_path_follower]: waypoint 1418 / 5251 도달 (선 이탈 1.44 m)
[velocity_path_follower.py-9] [INFO] [1787284989.067097141] [velocity_path_follower]: waypoint 1419 / 5251 도달 (선 이탈 1.38 m)
[velocity_path_follower.py-9] [INFO] [1787284989.617373713] [velocity_path_follower]: waypoint 1420 / 5251 도달 (선 이탈 1.29 m)
[velocity_path_follower.py-9] [INFO] [1787284990.170628073] [velocity_path_follower]: waypoint 1421 / 5251 도달 (선 이탈 1.16 m)
[velocity_path_follower.py-9] [INFO] [1787284990.669279059] [velocity_path_follower]: waypoint 1422 / 5251 도달 (선 이탈 1.01 m)
[velocity_path_follower.py-9] [INFO] [1787284991.238006871] [velocity_path_follower]: 610.0s  wp 1423/5251 이탈0.9m  위치 (  58.93,  -137.23,  10.41)
[velocity_path_follower.py-9] [INFO] [1787284991.283307899] [velocity_path_follower]: waypoint 1423 / 5251 도달 (선 이탈 0.85 m)
[velocity_path_follower.py-9] [INFO] [1787284991.783268009] [velocity_path_follower]: waypoint 1424 / 5251 도달 (선 이탈 0.67 m)
[velocity_path_follower.py-9] [INFO] [1787284992.283256745] [velocity_path_follower]: waypoint 1425 / 5251 도달 (선 이탈 0.49 m)
[velocity_path_follower.py-9] [INFO] [1787284992.733269208] [velocity_path_follower]: waypoint 1426 / 5251 도달 (선 이탈 0.32 m)
[velocity_path_follower.py-9] [INFO] [1787284993.183183699] [velocity_path_follower]: waypoint 1427 / 5251 도달 (선 이탈 0.15 m)
[velocity_path_follower.py-9] [INFO] [1787284993.633155064] [velocity_path_follower]: waypoint 1428 / 5251 도달 (선 이탈 0.01 m)
[velocity_path_follower.py-9] [INFO] [1787284994.084206696] [velocity_path_follower]: waypoint 1429 / 5251 도달 (선 이탈 0.16 m)
[velocity_path_follower.py-9] [INFO] [1787284994.485433106] [velocity_path_follower]: waypoint 1430 / 5251 도달 (선 이탈 0.28 m)
[velocity_path_follower.py-9] [INFO] [1787284994.935407372] [velocity_path_follower]: waypoint 1431 / 5251 도달 (선 이탈 0.40 m)
[velocity_path_follower.py-9] [INFO] [1787284995.335662243] [velocity_path_follower]: waypoint 1432 / 5251 도달 (선 이탈 0.49 m)
[velocity_path_follower.py-9] [INFO] [1787284995.817376566] [velocity_path_follower]: waypoint 1433 / 5251 도달 (선 이탈 0.57 m)
[velocity_path_follower.py-9] [INFO] [1787284996.257704140] [velocity_path_follower]: waypoint 1434 / 5251 도달 (선 이탈 0.62 m)
[velocity_path_follower.py-9] [INFO] [1787284996.357723437] [velocity_path_follower]: 615.0s  wp 1435/5251 이탈0.6m  위치 (  53.26,  -138.74,  10.38)
[velocity_path_follower.py-9] [INFO] [1787284996.733882506] [velocity_path_follower]: waypoint 1435 / 5251 도달 (선 이탈 0.67 m)
[velocity_path_follower.py-9] [INFO] [1787284997.133934715] [velocity_path_follower]: waypoint 1436 / 5251 도달 (선 이탈 0.69 m)
[velocity_path_follower.py-9] [INFO] [1787284997.536522935] [velocity_path_follower]: waypoint 1437 / 5251 도달 (선 이탈 0.70 m)
[velocity_path_follower.py-9] [INFO] [1787284997.938570403] [velocity_path_follower]: waypoint 1438 / 5251 도달 (선 이탈 0.70 m)
[velocity_path_follower.py-9] [INFO] [1787284998.338459533] [velocity_path_follower]: waypoint 1439 / 5251 도달 (선 이탈 0.68 m)
[velocity_path_follower.py-9] [INFO] [1787284998.738753758] [velocity_path_follower]: waypoint 1440 / 5251 도달 (선 이탈 0.64 m)
[velocity_path_follower.py-9] [INFO] [1787284999.088579642] [velocity_path_follower]: waypoint 1441 / 5251 도달 (선 이탈 0.60 m)
[velocity_path_follower.py-9] [INFO] [1787284999.488430464] [velocity_path_follower]: waypoint 1442 / 5251 도달 (선 이탈 0.55 m)
[velocity_path_follower.py-9] [INFO] [1787284999.888706997] [velocity_path_follower]: waypoint 1443 / 5251 도달 (선 이탈 0.49 m)
[velocity_path_follower.py-9] [INFO] [1787285000.288609152] [velocity_path_follower]: waypoint 1444 / 5251 도달 (선 이탈 0.42 m)
[velocity_path_follower.py-9] [INFO] [1787285000.638676043] [velocity_path_follower]: waypoint 1445 / 5251 도달 (선 이탈 0.36 m)
[velocity_path_follower.py-9] [INFO] [1787285001.038413552] [velocity_path_follower]: waypoint 1446 / 5251 도달 (선 이탈 0.28 m)
[velocity_path_follower.py-9] [INFO] [1787285001.388711369] [velocity_path_follower]: waypoint 1447 / 5251 도달 (선 이탈 0.21 m)
[velocity_path_follower.py-9] [INFO] [1787285001.438329156] [velocity_path_follower]: 620.0s  wp 1448/5251 이탈0.2m  위치 (  46.84,  -138.30,   8.85)
[velocity_path_follower.py-9] [INFO] [1787285001.791794116] [velocity_path_follower]: waypoint 1448 / 5251 도달 (선 이탈 0.13 m)
[velocity_path_follower.py-9] [INFO] [1787285002.191646497] [velocity_path_follower]: waypoint 1449 / 5251 도달 (선 이탈 0.06 m)
[velocity_path_follower.py-9] [INFO] [1787285002.543662249] [velocity_path_follower]: waypoint 1450 / 5251 도달 (선 이탈 0.01 m)
[velocity_path_follower.py-9] [INFO] [1787285002.893824656] [velocity_path_follower]: waypoint 1451 / 5251 도달 (선 이탈 0.07 m)
[velocity_path_follower.py-9] [INFO] [1787285003.293626774] [velocity_path_follower]: waypoint 1452 / 5251 도달 (선 이탈 0.13 m)
[velocity_path_follower.py-9] [INFO] [1787285003.643729688] [velocity_path_follower]: waypoint 1453 / 5251 도달 (선 이탈 0.19 m)
[velocity_path_follower.py-9] [INFO] [1787285003.993704935] [velocity_path_follower]: waypoint 1454 / 5251 도달 (선 이탈 0.23 m)
[velocity_path_follower.py-9] [INFO] [1787285004.343733522] [velocity_path_follower]: waypoint 1455 / 5251 도달 (선 이탈 0.27 m)
[velocity_path_follower.py-9] [INFO] [1787285004.746326811] [velocity_path_follower]: waypoint 1456 / 5251 도달 (선 이탈 0.30 m)
[velocity_path_follower.py-9] [INFO] [1787285005.095686241] [velocity_path_follower]: waypoint 1457 / 5251 도달 (선 이탈 0.32 m)
[velocity_path_follower.py-9] [INFO] [1787285005.445680086] [velocity_path_follower]: waypoint 1458 / 5251 도달 (선 이탈 0.34 m)
[velocity_path_follower.py-9] [INFO] [1787285005.795593888] [velocity_path_follower]: waypoint 1459 / 5251 도달 (선 이탈 0.35 m)
[velocity_path_follower.py-9] [INFO] [1787285006.195618993] [velocity_path_follower]: waypoint 1460 / 5251 도달 (선 이탈 0.35 m)
[velocity_path_follower.py-9] [INFO] [1787285006.445396362] [velocity_path_follower]: 625.0s  wp 1461/5251 이탈0.4m  위치 (  40.00,  -137.75,  10.10)
[velocity_path_follower.py-9] [INFO] [1787285006.545768179] [velocity_path_follower]: waypoint 1461 / 5251 도달 (선 이탈 0.35 m)
[velocity_path_follower.py-9] [INFO] [1787285006.895621445] [velocity_path_follower]: waypoint 1462 / 5251 도달 (선 이탈 0.34 m)
[velocity_path_follower.py-9] [INFO] [1787285007.245651496] [velocity_path_follower]: waypoint 1463 / 5251 도달 (선 이탈 0.32 m)
[velocity_path_follower.py-9] [INFO] [1787285007.595613603] [velocity_path_follower]: waypoint 1464 / 5251 도달 (선 이탈 0.30 m)
[velocity_path_follower.py-9] [INFO] [1787285007.995779625] [velocity_path_follower]: waypoint 1465 / 5251 도달 (선 이탈 0.28 m)
[velocity_path_follower.py-9] [INFO] [1787285008.345724861] [velocity_path_follower]: waypoint 1466 / 5251 도달 (선 이탈 0.25 m)
[velocity_path_follower.py-9] [INFO] [1787285008.695727974] [velocity_path_follower]: waypoint 1467 / 5251 도달 (선 이탈 0.22 m)
[velocity_path_follower.py-9] [INFO] [1787285009.045852218] [velocity_path_follower]: waypoint 1468 / 5251 도달 (선 이탈 0.18 m)
[velocity_path_follower.py-9] [INFO] [1787285009.395815044] [velocity_path_follower]: waypoint 1469 / 5251 도달 (선 이탈 0.15 m)
[velocity_path_follower.py-9] [INFO] [1787285009.747852801] [velocity_path_follower]: waypoint 1470 / 5251 도달 (선 이탈 0.11 m)
[velocity_path_follower.py-9] [INFO] [1787285010.098103558] [velocity_path_follower]: waypoint 1471 / 5251 도달 (선 이탈 0.08 m)
[velocity_path_follower.py-9] [INFO] [1787285010.447855262] [velocity_path_follower]: waypoint 1472 / 5251 도달 (선 이탈 0.04 m)
[velocity_path_follower.py-9] [INFO] [1787285010.797813718] [velocity_path_follower]: waypoint 1473 / 5251 도달 (선 이탈 0.01 m)
[velocity_path_follower.py-9] [INFO] [1787285011.197865260] [velocity_path_follower]: waypoint 1474 / 5251 도달 (선 이탈 0.03 m)
[velocity_path_follower.py-9] [INFO] [1787285011.447827130] [velocity_path_follower]: 630.0s  wp 1475/5251 이탈0.0m  위치 (  32.98,  -138.15,  12.07)
[velocity_path_follower.py-9] [INFO] [1787285011.498206990] [velocity_path_follower]: waypoint 1475 / 5251 도달 (선 이탈 0.05 m)
[velocity_path_follower.py-9] [INFO] [1787285011.898147849] [velocity_path_follower]: waypoint 1476 / 5251 도달 (선 이탈 0.08 m)
[velocity_path_follower.py-9] [INFO] [1787285012.247987716] [velocity_path_follower]: waypoint 1477 / 5251 도달 (선 이탈 0.11 m)
[velocity_path_follower.py-9] [INFO] [1787285012.597945055] [velocity_path_follower]: waypoint 1478 / 5251 도달 (선 이탈 0.13 m)
[velocity_path_follower.py-9] [INFO] [1787285012.950408496] [velocity_path_follower]: waypoint 1479 / 5251 도달 (선 이탈 0.15 m)
[velocity_path_follower.py-9] [INFO] [1787285013.253282109] [velocity_path_follower]: waypoint 1480 / 5251 도달 (선 이탈 0.16 m)
[velocity_path_follower.py-9] [INFO] [1787285013.657760273] [velocity_path_follower]: waypoint 1481 / 5251 도달 (선 이탈 0.17 m)
[velocity_path_follower.py-9] [INFO] [1787285014.010750431] [velocity_path_follower]: waypoint 1482 / 5251 도달 (선 이탈 0.18 m)
[velocity_path_follower.py-9] [INFO] [1787285014.360438318] [velocity_path_follower]: waypoint 1483 / 5251 도달 (선 이탈 0.19 m)
[velocity_path_follower.py-9] [INFO] [1787285014.710673791] [velocity_path_follower]: waypoint 1484 / 5251 도달 (선 이탈 0.19 m)
[velocity_path_follower.py-9] [INFO] [1787285015.062818079] [velocity_path_follower]: waypoint 1485 / 5251 도달 (선 이탈 0.19 m)
[velocity_path_follower.py-9] [INFO] [1787285015.417855718] [velocity_path_follower]: waypoint 1486 / 5251 도달 (선 이탈 0.18 m)
[velocity_path_follower.py-9] [INFO] [1787285015.771812348] [velocity_path_follower]: waypoint 1487 / 5251 도달 (선 이탈 0.17 m)
[velocity_path_follower.py-9] [INFO] [1787285016.180166543] [velocity_path_follower]: waypoint 1488 / 5251 도달 (선 이탈 0.16 m)
[velocity_path_follower.py-9] [INFO] [1787285016.520408903] [velocity_path_follower]: waypoint 1489 / 5251 도달 (선 이탈 0.15 m)
[velocity_path_follower.py-9] [INFO] [1787285016.571432301] [velocity_path_follower]: 635.1s  wp 1490/5251 이탈0.1m  위치 (  25.77,  -138.25,  10.96)
[velocity_path_follower.py-9] [INFO] [1787285016.872679232] [velocity_path_follower]: waypoint 1490 / 5251 도달 (선 이탈 0.13 m)
[velocity_path_follower.py-9] [INFO] [1787285017.227801903] [velocity_path_follower]: waypoint 1491 / 5251 도달 (선 이탈 0.12 m)
[velocity_path_follower.py-9] [INFO] [1787285017.583934224] [velocity_path_follower]: waypoint 1492 / 5251 도달 (선 이탈 0.10 m)
[velocity_path_follower.py-9] [INFO] [1787285017.935708510] [velocity_path_follower]: waypoint 1493 / 5251 도달 (선 이탈 0.08 m)
[velocity_path_follower.py-9] [INFO] [1787285018.291729199] [velocity_path_follower]: waypoint 1494 / 5251 도달 (선 이탈 0.06 m)
[velocity_path_follower.py-9] [INFO] [1787285018.641815057] [velocity_path_follower]: waypoint 1495 / 5251 도달 (선 이탈 0.04 m)
[velocity_path_follower.py-9] [INFO] [1787285019.006278615] [velocity_path_follower]: waypoint 1496 / 5251 도달 (선 이탈 0.03 m)
[velocity_path_follower.py-9] [INFO] [1787285019.354667044] [velocity_path_follower]: waypoint 1497 / 5251 도달 (선 이탈 0.01 m)
[velocity_path_follower.py-9] [INFO] [1787285019.709777528] [velocity_path_follower]: waypoint 1498 / 5251 도달 (선 이탈 0.01 m)
[velocity_path_follower.py-9] [INFO] [1787285020.064455183] [velocity_path_follower]: waypoint 1499 / 5251 도달 (선 이탈 0.03 m)
[velocity_path_follower.py-9] [INFO] [1787285020.392794738] [velocity_path_follower]: waypoint 1500 / 5251 도달 (선 이탈 0.04 m)
[velocity_path_follower.py-9] [INFO] [1787285020.797064090] [velocity_path_follower]: waypoint 1501 / 5251 도달 (선 이탈 0.05 m)
[velocity_path_follower.py-9] [INFO] [1787285021.153885234] [velocity_path_follower]: waypoint 1502 / 5251 도달 (선 이탈 0.07 m)
[velocity_path_follower.py-9] [INFO] [1787285021.458959926] [velocity_path_follower]: waypoint 1503 / 5251 도달 (선 이탈 0.07 m)
[velocity_path_follower.py-9] [INFO] [1787285021.611686919] [velocity_path_follower]: 640.0s  wp 1504/5251 이탈0.1m  위치 (  18.69,  -138.02,  10.49)
[velocity_path_follower.py-9] [INFO] [1787285021.864741548] [velocity_path_follower]: waypoint 1504 / 5251 도달 (선 이탈 0.08 m)
[velocity_path_follower.py-9] [INFO] [1787285022.166847444] [velocity_path_follower]: waypoint 1505 / 5251 도달 (선 이탈 0.09 m)
[velocity_path_follower.py-9] [INFO] [1787285022.570749974] [velocity_path_follower]: waypoint 1506 / 5251 도달 (선 이탈 0.09 m)
[velocity_path_follower.py-9] [INFO] [1787285022.873904311] [velocity_path_follower]: waypoint 1507 / 5251 도달 (선 이탈 0.10 m)
[velocity_path_follower.py-9] [INFO] [1787285023.227023769] [velocity_path_follower]: waypoint 1508 / 5251 도달 (선 이탈 0.10 m)
[velocity_path_follower.py-9] [INFO] [1787285023.578816147] [velocity_path_follower]: waypoint 1509 / 5251 도달 (선 이탈 0.10 m)
[velocity_path_follower.py-9] [INFO] [1787285023.932632001] [velocity_path_follower]: waypoint 1510 / 5251 도달 (선 이탈 0.09 m)
[velocity_path_follower.py-9] [INFO] [1787285024.285663798] [velocity_path_follower]: waypoint 1511 / 5251 도달 (선 이탈 0.09 m)
[velocity_path_follower.py-9] [INFO] [1787285024.637707929] [velocity_path_follower]: waypoint 1512 / 5251 도달 (선 이탈 0.08 m)
[velocity_path_follower.py-9] [INFO] [1787285024.993358966] [velocity_path_follower]: waypoint 1513 / 5251 도달 (선 이탈 0.08 m)
[velocity_path_follower.py-9] [INFO] [1787285025.345026134] [velocity_path_follower]: waypoint 1514 / 5251 도달 (선 이탈 0.07 m)
[velocity_path_follower.py-9] [INFO] [1787285025.697754562] [velocity_path_follower]: waypoint 1515 / 5251 도달 (선 이탈 0.06 m)
[velocity_path_follower.py-9] [INFO] [1787285026.047708012] [velocity_path_follower]: waypoint 1516 / 5251 도달 (선 이탈 0.05 m)
[velocity_path_follower.py-9] [INFO] [1787285026.397837084] [velocity_path_follower]: waypoint 1517 / 5251 도달 (선 이탈 0.04 m)
[velocity_path_follower.py-9] [INFO] [1787285026.650759029] [velocity_path_follower]: 645.0s  wp 1518/5251 이탈0.0m  위치 (  11.50,  -138.06,  11.13)
[velocity_path_follower.py-9] [INFO] [1787285026.751621854] [velocity_path_follower]: waypoint 1518 / 5251 도달 (선 이탈 0.03 m)
[velocity_path_follower.py-9] [INFO] [1787285027.111209899] [velocity_path_follower]: waypoint 1519 / 5251 도달 (선 이탈 0.02 m)
[velocity_path_follower.py-9] [INFO] [1787285027.467856362] [velocity_path_follower]: waypoint 1520 / 5251 도달 (선 이탈 0.01 m)
[velocity_path_follower.py-9] [INFO] [1787285027.817821805] [velocity_path_follower]: waypoint 1521 / 5251 도달 (선 이탈 0.00 m)
[velocity_path_follower.py-9] [INFO] [1787285028.117815640] [velocity_path_follower]: waypoint 1522 / 5251 도달 (선 이탈 0.00 m)
[velocity_path_follower.py-9] [INFO] [1787285028.528775354] [velocity_path_follower]: waypoint 1523 / 5251 도달 (선 이탈 0.01 m)
[velocity_path_follower.py-9] [INFO] [1787285028.831181357] [velocity_path_follower]: waypoint 1524 / 5251 도달 (선 이탈 0.02 m)
[velocity_path_follower.py-9] [INFO] [1787285029.233762396] [velocity_path_follower]: waypoint 1525 / 5251 도달 (선 이탈 0.03 m)
[velocity_path_follower.py-9] [INFO] [1787285029.835446192] [velocity_path_follower]: waypoint 1526 / 5251 도달 (선 이탈 0.04 m)
[velocity_path_follower.py-9] [INFO] [1787285029.885426201] [velocity_path_follower]: waypoint 1527 / 5251 도달 (선 이탈 0.04 m)
[velocity_path_follower.py-9] [INFO] [1787285030.237660524] [velocity_path_follower]: waypoint 1528 / 5251 도달 (선 이탈 0.04 m)
[velocity_path_follower.py-9] [INFO] [1787285030.592688844] [velocity_path_follower]: waypoint 1529 / 5251 도달 (선 이탈 0.05 m)
[velocity_path_follower.py-9] [INFO] [1787285030.947694622] [velocity_path_follower]: waypoint 1530 / 5251 도달 (선 이탈 0.05 m)
[velocity_path_follower.py-9] [INFO] [1787285031.301728550] [velocity_path_follower]: waypoint 1531 / 5251 도달 (선 이탈 0.05 m)
[velocity_path_follower.py-9] [INFO] [1787285031.654702183] [velocity_path_follower]: waypoint 1532 / 5251 도달 (선 이탈 0.05 m)
[velocity_path_follower.py-9] [INFO] [1787285031.704720370] [velocity_path_follower]: 650.0s  wp 1533/5251 이탈0.1m  위치 (   4.27,  -138.15,   9.80)
[velocity_path_follower.py-9] [INFO] [1787285032.004440659] [velocity_path_follower]: waypoint 1533 / 5251 도달 (선 이탈 0.05 m)
[velocity_path_follower.py-9] [INFO] [1787285032.356826867] [velocity_path_follower]: waypoint 1534 / 5251 도달 (선 이탈 0.05 m)
[velocity_path_follower.py-9] [INFO] [1787285032.706608633] [velocity_path_follower]: waypoint 1535 / 5251 도달 (선 이탈 0.05 m)
[velocity_path_follower.py-9] [INFO] [1787285033.058442467] [velocity_path_follower]: waypoint 1536 / 5251 도달 (선 이탈 0.05 m)
[velocity_path_follower.py-9] [INFO] [1787285033.411662097] [velocity_path_follower]: waypoint 1537 / 5251 도달 (선 이탈 0.05 m)
[velocity_path_follower.py-9] [INFO] [1787285033.765653652] [velocity_path_follower]: waypoint 1538 / 5251 도달 (선 이탈 0.04 m)
[velocity_path_follower.py-9] [INFO] [1787285034.068557212] [velocity_path_follower]: waypoint 1539 / 5251 도달 (선 이탈 0.04 m)
[velocity_path_follower.py-9] [INFO] [1787285034.474450195] [velocity_path_follower]: waypoint 1540 / 5251 도달 (선 이탈 0.03 m)
[velocity_path_follower.py-9] [INFO] [1787285034.774578671] [velocity_path_follower]: waypoint 1541 / 5251 도달 (선 이탈 0.03 m)
[velocity_path_follower.py-9] [INFO] [1787285035.179092785] [velocity_path_follower]: waypoint 1542 / 5251 도달 (선 이탈 0.02 m)
[velocity_path_follower.py-9] [INFO] [1787285035.481640735] [velocity_path_follower]: waypoint 1543 / 5251 도달 (선 이탈 0.02 m)
[velocity_path_follower.py-9] [INFO] [1787285035.831812079] [velocity_path_follower]: waypoint 1544 / 5251 도달 (선 이탈 0.01 m)
[velocity_path_follower.py-9] [INFO] [1787285036.181748898] [velocity_path_follower]: waypoint 1545 / 5251 도달 (선 이탈 0.01 m)
[velocity_path_follower.py-9] [INFO] [1787285036.531786820] [velocity_path_follower]: waypoint 1546 / 5251 도달 (선 이탈 0.00 m)
[velocity_path_follower.py-9] [INFO] [1787285036.731459010] [velocity_path_follower]: 655.0s  wp 1547/5251 이탈0.0m  위치 (  -2.91,  -138.10,   7.42)
[velocity_path_follower.py-9] [INFO] [1787285036.884443269] [velocity_path_follower]: waypoint 1547 / 5251 도달 (선 이탈 0.00 m)
[velocity_path_follower.py-9] [INFO] [1787285037.237983627] [velocity_path_follower]: waypoint 1548 / 5251 도달 (선 이탈 0.01 m)
[velocity_path_follower.py-9] [INFO] [1787285037.587698291] [velocity_path_follower]: waypoint 1549 / 5251 도달 (선 이탈 0.01 m)
[velocity_path_follower.py-9] [INFO] [1787285037.937654250] [velocity_path_follower]: waypoint 1550 / 5251 도달 (선 이탈 0.02 m)
[velocity_path_follower.py-9] [INFO] [1787285038.287775367] [velocity_path_follower]: waypoint 1551 / 5251 도달 (선 이탈 0.02 m)
[velocity_path_follower.py-9] [INFO] [1787285038.637686237] [velocity_path_follower]: waypoint 1552 / 5251 도달 (선 이탈 0.02 m)
[velocity_path_follower.py-9] [INFO] [1787285038.990404346] [velocity_path_follower]: waypoint 1553 / 5251 도달 (선 이탈 0.02 m)
[velocity_path_follower.py-9] [INFO] [1787285039.343639204] [velocity_path_follower]: waypoint 1554 / 5251 도달 (선 이탈 0.02 m)
[velocity_path_follower.py-9] [INFO] [1787285039.693424944] [velocity_path_follower]: waypoint 1555 / 5251 도달 (선 이탈 0.03 m)
[velocity_path_follower.py-9] [INFO] [1787285039.995726395] [velocity_path_follower]: waypoint 1556 / 5251 도달 (선 이탈 0.03 m)
[velocity_path_follower.py-9] [INFO] [1787285040.395777911] [velocity_path_follower]: waypoint 1557 / 5251 도달 (선 이탈 0.03 m)
[velocity_path_follower.py-9] [INFO] [1787285040.695819829] [velocity_path_follower]: waypoint 1558 / 5251 도달 (선 이탈 0.03 m)
[velocity_path_follower.py-9] [INFO] [1787285041.046267992] [velocity_path_follower]: waypoint 1559 / 5251 도달 (선 이탈 0.03 m)
[velocity_path_follower.py-9] [INFO] [1787285041.395804178] [velocity_path_follower]: waypoint 1560 / 5251 도달 (선 이탈 0.02 m)
[velocity_path_follower.py-9] [INFO] [1787285041.745853160] [velocity_path_follower]: waypoint 1561 / 5251 도달 (선 이탈 0.02 m)
[velocity_path_follower.py-9] [INFO] [1787285041.796549576] [velocity_path_follower]: 660.1s  wp 1562/5251 이탈0.0m  위치 ( -10.20,  -138.08,  10.20)
[velocity_path_follower.py-9] [INFO] [1787285042.098012634] [velocity_path_follower]: waypoint 1562 / 5251 도달 (선 이탈 0.02 m)
[velocity_path_follower.py-9] [INFO] [1787285042.448046153] [velocity_path_follower]: waypoint 1563 / 5251 도달 (선 이탈 0.02 m)
[velocity_path_follower.py-9] [INFO] [1787285042.798304799] [velocity_path_follower]: waypoint 1564 / 5251 도달 (선 이탈 0.02 m)
[velocity_path_follower.py-9] [INFO] [1787285043.153795975] [velocity_path_follower]: waypoint 1565 / 5251 도달 (선 이탈 0.01 m)
[velocity_path_follower.py-9] [INFO] [1787285043.503691112] [velocity_path_follower]: waypoint 1566 / 5251 도달 (선 이탈 0.01 m)
[velocity_path_follower.py-9] [INFO] [1787285043.855774272] [velocity_path_follower]: waypoint 1567 / 5251 도달 (선 이탈 0.01 m)
[velocity_path_follower.py-9] [INFO] [1787285044.155746840] [velocity_path_follower]: waypoint 1568 / 5251 도달 (선 이탈 0.01 m)
[velocity_path_follower.py-9] [INFO] [1787285044.555729353] [velocity_path_follower]: waypoint 1569 / 5251 도달 (선 이탈 0.00 m)
[velocity_path_follower.py-9] [INFO] [1787285044.905631067] [velocity_path_follower]: waypoint 1570 / 5251 도달 (선 이탈 0.00 m)
[velocity_path_follower.py-9] [INFO] [1787285045.205665379] [velocity_path_follower]: waypoint 1571 / 5251 도달 (선 이탈 0.00 m)
[velocity_path_follower.py-9] [INFO] [1787285045.555710088] [velocity_path_follower]: waypoint 1572 / 5251 도달 (선 이탈 0.00 m)
[velocity_path_follower.py-9] [INFO] [1787285045.905593087] [velocity_path_follower]: waypoint 1573 / 5251 도달 (선 이탈 0.01 m)
[velocity_path_follower.py-9] [INFO] [1787285046.255860658] [velocity_path_follower]: waypoint 1574 / 5251 도달 (선 이탈 0.01 m)
[velocity_path_follower.py-9] [INFO] [1787285046.605612607] [velocity_path_follower]: waypoint 1575 / 5251 도달 (선 이탈 0.01 m)
[velocity_path_follower.py-9] [INFO] [1787285046.755401364] [velocity_path_follower]: 665.0s  wp 1576/5251 이탈0.0m  위치 ( -17.33,  -138.11,   9.92)
[velocity_path_follower.py-9] [INFO] [1787285046.955755311] [velocity_path_follower]: waypoint 1576 / 5251 도달 (선 이탈 0.01 m)
[velocity_path_follower.py-9] [INFO] [1787285047.305427165] [velocity_path_follower]: waypoint 1577 / 5251 도달 (선 이탈 0.01 m)
[velocity_path_follower.py-9] [INFO] [1787285047.655702780] [velocity_path_follower]: waypoint 1578 / 5251 도달 (선 이탈 0.01 m)
[velocity_path_follower.py-9] [INFO] [1787285048.009570061] [velocity_path_follower]: waypoint 1579 / 5251 도달 (선 이탈 0.01 m)
[velocity_path_follower.py-9] [INFO] [1787285048.359396372] [velocity_path_follower]: waypoint 1580 / 5251 도달 (선 이탈 0.02 m)
[velocity_path_follower.py-9] [INFO] [1787285048.709581646] [velocity_path_follower]: waypoint 1581 / 5251 도달 (선 이탈 0.02 m)
[velocity_path_follower.py-9] [INFO] [1787285049.061380527] [velocity_path_follower]: waypoint 1582 / 5251 도달 (선 이탈 0.02 m)
[velocity_path_follower.py-9] [INFO] [1787285049.411443458] [velocity_path_follower]: waypoint 1583 / 5251 도달 (선 이탈 0.02 m)
[velocity_path_follower.py-9] [INFO] [1787285049.761573265] [velocity_path_follower]: waypoint 1584 / 5251 도달 (선 이탈 0.01 m)
[velocity_path_follower.py-9] [INFO] [1787285050.111689833] [velocity_path_follower]: waypoint 1585 / 5251 도달 (선 이탈 0.01 m)
[velocity_path_follower.py-9] [INFO] [1787285051.766418587] [velocity_path_follower]: 670.0s  climb       위치 ( -24.31,  -138.11,   5.49)
[velocity_path_follower.py-9] [INFO] [1787285054.723615651] [velocity_path_follower]: waypoint 1586 / 5251 도달 (선 이탈 0.01 m)
[velocity_path_follower.py-9] [INFO] [1787285054.773387495] [velocity_path_follower]: waypoint 1587 / 5251 도달 (선 이탈 0.01 m)
[velocity_path_follower.py-9] [INFO] [1787285054.823591929] [velocity_path_follower]: waypoint 1588 / 5251 도달 (선 이탈 0.01 m)
[velocity_path_follower.py-9] [INFO] [1787285054.873686944] [velocity_path_follower]: waypoint 1589 / 5251 도달 (선 이탈 0.00 m)
[velocity_path_follower.py-9] [INFO] [1787285054.923556998] [velocity_path_follower]: waypoint 1590 / 5251 도달 (선 이탈 0.00 m)
[velocity_path_follower.py-9] [INFO] [1787285054.973440344] [velocity_path_follower]: waypoint 1591 / 5251 도달 (선 이탈 0.00 m)
[velocity_path_follower.py-9] [INFO] [1787285055.023762572] [velocity_path_follower]: waypoint 1592 / 5251 도달 (선 이탈 0.00 m)
[velocity_path_follower.py-9] [INFO] [1787285055.073643131] [velocity_path_follower]: waypoint 1593 / 5251 도달 (선 이탈 0.00 m)
[velocity_path_follower.py-9] [INFO] [1787285055.123403647] [velocity_path_follower]: waypoint 1594 / 5251 도달 (선 이탈 0.00 m)
[velocity_path_follower.py-9] [INFO] [1787285055.273780083] [velocity_path_follower]: waypoint 1595 / 5251 도달 (선 이탈 0.00 m)
[velocity_path_follower.py-9] [INFO] [1787285056.123681536] [velocity_path_follower]: waypoint 1596 / 5251 도달 (선 이탈 0.00 m)
[velocity_path_follower.py-9] [INFO] [1787285056.773393419] [velocity_path_follower]: 675.0s  wp 1597/5251 이탈0.0m  위치 ( -28.08,  -138.10,   7.86)
[velocity_path_follower.py-9] [INFO] [1787285056.823570236] [velocity_path_follower]: waypoint 1597 / 5251 도달 (선 이탈 0.00 m)
[velocity_path_follower.py-9] [INFO] [1787285057.423428845] [velocity_path_follower]: waypoint 1598 / 5251 도달 (선 이탈 0.00 m)
[velocity_path_follower.py-9] [INFO] [1787285058.023386265] [velocity_path_follower]: waypoint 1599 / 5251 도달 (선 이탈 0.00 m)
[velocity_path_follower.py-9] [INFO] [1787285058.573708793] [velocity_path_follower]: waypoint 1600 / 5251 도달 (선 이탈 0.00 m)
[velocity_path_follower.py-9] [INFO] [1787285059.073560248] [velocity_path_follower]: waypoint 1601 / 5251 도달 (선 이탈 0.00 m)
[velocity_path_follower.py-9] [INFO] [1787285059.576585614] [velocity_path_follower]: waypoint 1602 / 5251 도달 (선 이탈 0.00 m)
[velocity_path_follower.py-9] [INFO] [1787285060.076632117] [velocity_path_follower]: waypoint 1603 / 5251 도달 (선 이탈 0.00 m)
[velocity_path_follower.py-9] [INFO] [1787285060.526665032] [velocity_path_follower]: waypoint 1604 / 5251 도달 (선 이탈 0.00 m)
[velocity_path_follower.py-9] [INFO] [1787285060.976457320] [velocity_path_follower]: waypoint 1605 / 5251 도달 (선 이탈 0.00 m)
[velocity_path_follower.py-9] [INFO] [1787285061.426648442] [velocity_path_follower]: waypoint 1606 / 5251 도달 (선 이탈 0.00 m)
[velocity_path_follower.py-9] [INFO] [1787285061.779061045] [velocity_path_follower]: 680.0s  wp 1607/5251 이탈0.0m  위치 ( -33.05,  -138.10,   7.53)
[velocity_path_follower.py-9] [INFO] [1787285061.829044215] [velocity_path_follower]: waypoint 1607 / 5251 도달 (선 이탈 0.00 m)
[velocity_path_follower.py-9] [INFO] [1787285062.279138363] [velocity_path_follower]: waypoint 1608 / 5251 도달 (선 이탈 0.00 m)
[velocity_path_follower.py-9] [INFO] [1787285062.679113933] [velocity_path_follower]: waypoint 1609 / 5251 도달 (선 이탈 0.00 m)
[velocity_path_follower.py-9] [INFO] [1787285063.079001258] [velocity_path_follower]: waypoint 1610 / 5251 도달 (선 이탈 0.00 m)
[velocity_path_follower.py-9] [INFO] [1787285063.529137545] [velocity_path_follower]: waypoint 1611 / 5251 도달 (선 이탈 0.00 m)
[velocity_path_follower.py-9] [INFO] [1787285063.929020356] [velocity_path_follower]: waypoint 1612 / 5251 도달 (선 이탈 0.00 m)
[velocity_path_follower.py-9] [INFO] [1787285064.279088890] [velocity_path_follower]: waypoint 1613 / 5251 도달 (선 이탈 0.00 m)
[velocity_path_follower.py-9] [INFO] [1787285066.479217537] [velocity_path_follower]: waypoint 1614 / 5251 도달 (선 이탈 0.00 m)
[velocity_path_follower.py-9] [INFO] [1787285066.528972560] [velocity_path_follower]: waypoint 1615 / 5251 도달 (선 이탈 0.00 m)
[velocity_path_follower.py-9] [INFO] [1787285066.778898440] [velocity_path_follower]: 685.0s  wp 1616/5251 이탈0.3m  위치 ( -38.90,  -138.10,   6.54)
[velocity_path_follower.py-9] [INFO] [1787285071.696743113] [velocity_path_follower]: waypoint 1616 / 5251 도달 (선 이탈 1.85 m)
[velocity_path_follower.py-9] [INFO] [1787285071.795832612] [velocity_path_follower]: 690.0s  wp 1618/5251 이탈1.4m  위치 ( -40.43,  -135.50,   7.17)
[velocity_path_follower.py-9] [INFO] [1787285073.948394987] [velocity_path_follower]: waypoint 1618 / 5251 도달 (선 이탈 0.22 m)
[velocity_path_follower.py-9] [INFO] [1787285074.748608725] [velocity_path_follower]: waypoint 1619 / 5251 도달 (선 이탈 0.71 m)
[velocity_path_follower.py-9] [INFO] [1787285075.448518880] [velocity_path_follower]: waypoint 1620 / 5251 도달 (선 이탈 1.04 m)
[velocity_path_follower.py-9] [INFO] [1787285076.048413640] [velocity_path_follower]: waypoint 1621 / 5251 도달 (선 이탈 1.24 m)
[velocity_path_follower.py-9] [INFO] [1787285076.648409821] [velocity_path_follower]: waypoint 1622 / 5251 도달 (선 이탈 1.38 m)
[velocity_path_follower.py-9] [INFO] [1787285076.798670443] [velocity_path_follower]: 695.0s  wp 1623/5251 이탈1.4m  위치 ( -37.45,  -132.70,   6.52)
[velocity_path_follower.py-9] [INFO] [1787285077.198459201] [velocity_path_follower]: waypoint 1623 / 5251 도달 (선 이탈 1.44 m)
[velocity_path_follower.py-9] [INFO] [1787285078.248686507] [velocity_path_follower]: waypoint 1624 / 5251 도달 (선 이탈 1.44 m)
[velocity_path_follower.py-9] [INFO] [1787285078.298674499] [velocity_path_follower]: waypoint 1625 / 5251 도달 (선 이탈 1.44 m)
[velocity_path_follower.py-9] [INFO] [1787285078.948631806] [velocity_path_follower]: waypoint 1626 / 5251 도달 (선 이탈 1.40 m)
[velocity_path_follower.py-9] [INFO] [1787285079.548746000] [velocity_path_follower]: waypoint 1627 / 5251 도달 (선 이탈 1.32 m)
[velocity_path_follower.py-9] [INFO] [1787285080.100584984] [velocity_path_follower]: waypoint 1628 / 5251 도달 (선 이탈 1.21 m)
[velocity_path_follower.py-9] [INFO] [1787285080.650590561] [velocity_path_follower]: waypoint 1629 / 5251 도달 (선 이탈 1.06 m)
[velocity_path_follower.py-9] [INFO] [1787285081.200710029] [velocity_path_follower]: waypoint 1630 / 5251 도달 (선 이탈 0.89 m)
[velocity_path_follower.py-9] [INFO] [1787285081.700451265] [velocity_path_follower]: waypoint 1631 / 5251 도달 (선 이탈 0.72 m)
[velocity_path_follower.py-9] [INFO] [1787285081.800570523] [velocity_path_follower]: 700.0s  wp 1632/5251 이탈0.7m  위치 ( -33.00,  -133.42,   6.80)
[velocity_path_follower.py-9] [INFO] [1787285082.200350227] [velocity_path_follower]: waypoint 1632 / 5251 도달 (선 이탈 0.54 m)
[velocity_path_follower.py-9] [INFO] [1787285082.700654593] [velocity_path_follower]: waypoint 1633 / 5251 도달 (선 이탈 0.35 m)
[velocity_path_follower.py-9] [INFO] [1787285083.150369246] [velocity_path_follower]: waypoint 1634 / 5251 도달 (선 이탈 0.18 m)
[velocity_path_follower.py-9] [INFO] [1787285083.600618387] [velocity_path_follower]: waypoint 1635 / 5251 도달 (선 이탈 0.01 m)
[velocity_path_follower.py-9] [INFO] [1787285084.050566487] [velocity_path_follower]: waypoint 1636 / 5251 도달 (선 이탈 0.13 m)
[velocity_path_follower.py-9] [INFO] [1787285084.500892663] [velocity_path_follower]: waypoint 1637 / 5251 도달 (선 이탈 0.27 m)
[velocity_path_follower.py-9] [INFO] [1787285084.950425286] [velocity_path_follower]: waypoint 1638 / 5251 도달 (선 이탈 0.39 m)
[velocity_path_follower.py-9] [INFO] [1787285085.350417594] [velocity_path_follower]: waypoint 1639 / 5251 도달 (선 이탈 0.48 m)
[velocity_path_follower.py-9] [INFO] [1787285085.750746827] [velocity_path_follower]: waypoint 1640 / 5251 도달 (선 이탈 0.55 m)
[velocity_path_follower.py-9] [INFO] [1787285086.150356268] [velocity_path_follower]: waypoint 1641 / 5251 도달 (선 이탈 0.61 m)
[velocity_path_follower.py-9] [INFO] [1787285086.600405715] [velocity_path_follower]: waypoint 1642 / 5251 도달 (선 이탈 0.66 m)
[velocity_path_follower.py-9] [INFO] [1787285086.800380469] [velocity_path_follower]: 705.0s  wp 1643/5251 이탈0.7m  위치 ( -27.30,  -134.77,   6.56)
[velocity_path_follower.py-9] [INFO] [1787285087.000575684] [velocity_path_follower]: waypoint 1643 / 5251 도달 (선 이탈 0.68 m)
[velocity_path_follower.py-9] [INFO] [1787285087.403152633] [velocity_path_follower]: waypoint 1644 / 5251 도달 (선 이탈 0.69 m)
[velocity_path_follower.py-9] [INFO] [1787285087.803286505] [velocity_path_follower]: waypoint 1645 / 5251 도달 (선 이탈 0.68 m)
[velocity_path_follower.py-9] [INFO] [1787285088.155271306] [velocity_path_follower]: waypoint 1646 / 5251 도달 (선 이탈 0.66 m)
[velocity_path_follower.py-9] [INFO] [1787285088.907605985] [velocity_path_follower]: waypoint 1647 / 5251 도달 (선 이탈 0.60 m)
[velocity_path_follower.py-9] [INFO] [1787285088.957666515] [velocity_path_follower]: waypoint 1648 / 5251 도달 (선 이탈 0.59 m)
[velocity_path_follower.py-9] [INFO] [1787285089.407833849] [velocity_path_follower]: waypoint 1649 / 5251 도달 (선 이탈 0.55 m)
[velocity_path_follower.py-9] [INFO] [1787285089.857816809] [velocity_path_follower]: waypoint 1650 / 5251 도달 (선 이탈 0.50 m)
[velocity_path_follower.py-9] [INFO] [1787285090.307756665] [velocity_path_follower]: waypoint 1651 / 5251 도달 (선 이탈 0.44 m)
[velocity_path_follower.py-9] [INFO] [1787285090.707595202] [velocity_path_follower]: waypoint 1652 / 5251 도달 (선 이탈 0.38 m)
[velocity_path_follower.py-9] [INFO] [1787285091.159943907] [velocity_path_follower]: waypoint 1653 / 5251 도달 (선 이탈 0.31 m)
[velocity_path_follower.py-9] [INFO] [1787285091.510156937] [velocity_path_follower]: waypoint 1654 / 5251 도달 (선 이탈 0.25 m)
[velocity_path_follower.py-9] [INFO] [1787285091.812616504] [velocity_path_follower]: 710.0s  wp 1655/5251 이탈0.2m  위치 ( -21.25,  -134.30,   6.73)
[velocity_path_follower.py-9] [INFO] [1787285091.962455996] [velocity_path_follower]: waypoint 1655 / 5251 도달 (선 이탈 0.17 m)
[velocity_path_follower.py-9] [INFO] [1787285092.362463047] [velocity_path_follower]: waypoint 1656 / 5251 도달 (선 이탈 0.10 m)
[velocity_path_follower.py-9] [INFO] [1787285092.762385141] [velocity_path_follower]: waypoint 1657 / 5251 도달 (선 이탈 0.03 m)
[velocity_path_follower.py-9] [INFO] [1787285093.162463290] [velocity_path_follower]: waypoint 1658 / 5251 도달 (선 이탈 0.03 m)
[velocity_path_follower.py-9] [INFO] [1787285093.512616744] [velocity_path_follower]: waypoint 1659 / 5251 도달 (선 이탈 0.09 m)
[velocity_path_follower.py-9] [INFO] [1787285093.914575397] [velocity_path_follower]: waypoint 1660 / 5251 도달 (선 이탈 0.14 m)
[velocity_path_follower.py-9] [INFO] [1787285094.317427876] [velocity_path_follower]: waypoint 1661 / 5251 도달 (선 이탈 0.19 m)
[velocity_path_follower.py-9] [INFO] [1787285094.672247008] [velocity_path_follower]: waypoint 1662 / 5251 도달 (선 이탈 0.23 m)
[velocity_path_follower.py-9] [INFO] [1787285095.071661530] [velocity_path_follower]: waypoint 1663 / 5251 도달 (선 이탈 0.26 m)
[velocity_path_follower.py-9] [INFO] [1787285095.474035494] [velocity_path_follower]: waypoint 1664 / 5251 도달 (선 이탈 0.29 m)
[velocity_path_follower.py-9] [INFO] [1787285095.823867491] [velocity_path_follower]: waypoint 1665 / 5251 도달 (선 이탈 0.30 m)
[velocity_path_follower.py-9] [INFO] [1787285096.173850169] [velocity_path_follower]: waypoint 1666 / 5251 도달 (선 이탈 0.31 m)
[velocity_path_follower.py-9] [INFO] [1787285096.576386829] [velocity_path_follower]: waypoint 1667 / 5251 도달 (선 이탈 0.32 m)
[velocity_path_follower.py-9] [INFO] [1787285096.826274529] [velocity_path_follower]: 715.0s  wp 1668/5251 이탈0.3m  위치 ( -14.72,  -133.78,   8.66)
[velocity_path_follower.py-9] [INFO] [1787285096.926576064] [velocity_path_follower]: waypoint 1668 / 5251 도달 (선 이탈 0.31 m)
[velocity_path_follower.py-9] [INFO] [1787285097.276447520] [velocity_path_follower]: waypoint 1669 / 5251 도달 (선 이탈 0.31 m)
[velocity_path_follower.py-9] [INFO] [1787285097.678637119] [velocity_path_follower]: waypoint 1670 / 5251 도달 (선 이탈 0.29 m)
[velocity_path_follower.py-9] [INFO] [1787285098.028728586] [velocity_path_follower]: waypoint 1671 / 5251 도달 (선 이탈 0.27 m)
[velocity_path_follower.py-9] [INFO] [1787285098.383723775] [velocity_path_follower]: waypoint 1672 / 5251 도달 (선 이탈 0.25 m)
[velocity_path_follower.py-9] [INFO] [1787285098.787795096] [velocity_path_follower]: waypoint 1673 / 5251 도달 (선 이탈 0.22 m)
[velocity_path_follower.py-9] [INFO] [1787285099.138022429] [velocity_path_follower]: waypoint 1674 / 5251 도달 (선 이탈 0.20 m)
[velocity_path_follower.py-9] [INFO] [1787285099.487810810] [velocity_path_follower]: waypoint 1675 / 5251 도달 (선 이탈 0.17 m)
[velocity_path_follower.py-9] [INFO] [1787285099.837915822] [velocity_path_follower]: waypoint 1676 / 5251 도달 (선 이탈 0.14 m)
[velocity_path_follower.py-9] [INFO] [1787285100.191036559] [velocity_path_follower]: waypoint 1677 / 5251 도달 (선 이탈 0.11 m)
[velocity_path_follower.py-9] [INFO] [1787285100.592692438] [velocity_path_follower]: waypoint 1678 / 5251 도달 (선 이탈 0.07 m)
[velocity_path_follower.py-9] [INFO] [1787285100.961796602] [velocity_path_follower]: waypoint 1679 / 5251 도달 (선 이탈 0.04 m)
[velocity_path_follower.py-9] [INFO] [1787285101.311772738] [velocity_path_follower]: waypoint 1680 / 5251 도달 (선 이탈 0.01 m)
[velocity_path_follower.py-9] [INFO] [1787285101.661596499] [velocity_path_follower]: waypoint 1681 / 5251 도달 (선 이탈 0.02 m)
[velocity_path_follower.py-9] [INFO] [1787285101.861623252] [velocity_path_follower]: 720.0s  wp 1682/5251 이탈0.0m  위치 (  -7.77,  -134.14,  10.93)
[velocity_path_follower.py-9] [INFO] [1787285102.011753308] [velocity_path_follower]: waypoint 1682 / 5251 도달 (선 이탈 0.05 m)
[velocity_path_follower.py-9] [INFO] [1787285102.361666218] [velocity_path_follower]: waypoint 1683 / 5251 도달 (선 이탈 0.07 m)
[velocity_path_follower.py-9] [INFO] [1787285102.711699131] [velocity_path_follower]: waypoint 1684 / 5251 도달 (선 이탈 0.09 m)
[velocity_path_follower.py-9] [INFO] [1787285103.111941630] [velocity_path_follower]: waypoint 1685 / 5251 도달 (선 이탈 0.12 m)
[velocity_path_follower.py-9] [INFO] [1787285103.461862688] [velocity_path_follower]: waypoint 1686 / 5251 도달 (선 이탈 0.13 m)
[velocity_path_follower.py-9] [INFO] [1787285103.811605743] [velocity_path_follower]: waypoint 1687 / 5251 도달 (선 이탈 0.15 m)
[velocity_path_follower.py-9] [INFO] [1787285104.161751773] [velocity_path_follower]: waypoint 1688 / 5251 도달 (선 이탈 0.16 m)
[velocity_path_follower.py-9] [INFO] [1787285104.511741604] [velocity_path_follower]: waypoint 1689 / 5251 도달 (선 이탈 0.16 m)
[velocity_path_follower.py-9] [INFO] [1787285104.864179599] [velocity_path_follower]: waypoint 1690 / 5251 도달 (선 이탈 0.17 m)
[velocity_path_follower.py-9] [INFO] [1787285105.214114151] [velocity_path_follower]: waypoint 1691 / 5251 도달 (선 이탈 0.17 m)
[velocity_path_follower.py-9] [INFO] [1787285105.566654212] [velocity_path_follower]: waypoint 1692 / 5251 도달 (선 이탈 0.16 m)
[velocity_path_follower.py-9] [INFO] [1787285105.916663399] [velocity_path_follower]: waypoint 1693 / 5251 도달 (선 이탈 0.16 m)
[velocity_path_follower.py-9] [INFO] [1787285106.266623726] [velocity_path_follower]: waypoint 1694 / 5251 도달 (선 이탈 0.15 m)
[velocity_path_follower.py-9] [INFO] [1787285106.618914555] [velocity_path_follower]: waypoint 1695 / 5251 도달 (선 이탈 0.14 m)
[velocity_path_follower.py-9] [INFO] [1787285106.868911877] [velocity_path_follower]: 725.0s  wp 1696/5251 이탈0.1m  위치 (  -0.69,  -134.23,   9.57)
[velocity_path_follower.py-9] [INFO] [1787285106.969110350] [velocity_path_follower]: waypoint 1696 / 5251 도달 (선 이탈 0.13 m)
[velocity_path_follower.py-9] [INFO] [1787285107.318872450] [velocity_path_follower]: waypoint 1697 / 5251 도달 (선 이탈 0.12 m)
[velocity_path_follower.py-9] [INFO] [1787285107.668879139] [velocity_path_follower]: waypoint 1698 / 5251 도달 (선 이탈 0.10 m)
[velocity_path_follower.py-9] [INFO] [1787285108.022262216] [velocity_path_follower]: waypoint 1699 / 5251 도달 (선 이탈 0.09 m)
[velocity_path_follower.py-9] [INFO] [1787285108.375584147] [velocity_path_follower]: waypoint 1700 / 5251 도달 (선 이탈 0.07 m)
[velocity_path_follower.py-9] [INFO] [1787285108.725558149] [velocity_path_follower]: waypoint 1701 / 5251 도달 (선 이탈 0.05 m)
[velocity_path_follower.py-9] [INFO] [1787285109.075688282] [velocity_path_follower]: waypoint 1702 / 5251 도달 (선 이탈 0.04 m)
[velocity_path_follower.py-9] [INFO] [1787285109.428591728] [velocity_path_follower]: waypoint 1703 / 5251 도달 (선 이탈 0.02 m)
[velocity_path_follower.py-9] [INFO] [1787285109.780706660] [velocity_path_follower]: waypoint 1704 / 5251 도달 (선 이탈 0.00 m)
[velocity_path_follower.py-9] [INFO] [1787285110.130677900] [velocity_path_follower]: waypoint 1705 / 5251 도달 (선 이탈 0.01 m)
[velocity_path_follower.py-9] [INFO] [1787285110.480730653] [velocity_path_follower]: waypoint 1706 / 5251 도달 (선 이탈 0.02 m)
[velocity_path_follower.py-9] [INFO] [1787285110.833890041] [velocity_path_follower]: waypoint 1707 / 5251 도달 (선 이탈 0.04 m)
[velocity_path_follower.py-9] [INFO] [1787285111.186899521] [velocity_path_follower]: waypoint 1708 / 5251 도달 (선 이탈 0.05 m)
[velocity_path_follower.py-9] [INFO] [1787285111.538656782] [velocity_path_follower]: waypoint 1709 / 5251 도달 (선 이탈 0.06 m)
[velocity_path_follower.py-9] [INFO] [1787285111.892747039] [velocity_path_follower]: waypoint 1710 / 5251 도달 (선 이탈 0.07 m)
[velocity_path_follower.py-9] [INFO] [1787285111.944402796] [velocity_path_follower]: 730.1s  wp 1711/5251 이탈0.1m  위치 (   6.52,  -134.03,   7.58)
[velocity_path_follower.py-9] [INFO] [1787285112.247443654] [velocity_path_follower]: waypoint 1711 / 5251 도달 (선 이탈 0.08 m)
[velocity_path_follower.py-9] [INFO] [1787285112.597824706] [velocity_path_follower]: waypoint 1712 / 5251 도달 (선 이탈 0.08 m)
[velocity_path_follower.py-9] [INFO] [1787285112.952687788] [velocity_path_follower]: waypoint 1713 / 5251 도달 (선 이탈 0.09 m)
[velocity_path_follower.py-9] [INFO] [1787285113.302795311] [velocity_path_follower]: waypoint 1714 / 5251 도달 (선 이탈 0.09 m)
[velocity_path_follower.py-9] [INFO] [1787285113.656843944] [velocity_path_follower]: waypoint 1715 / 5251 도달 (선 이탈 0.09 m)
[velocity_path_follower.py-9] [INFO] [1787285114.006874719] [velocity_path_follower]: waypoint 1716 / 5251 도달 (선 이탈 0.09 m)
[velocity_path_follower.py-9] [INFO] [1787285114.356760136] [velocity_path_follower]: waypoint 1717 / 5251 도달 (선 이탈 0.08 m)
[velocity_path_follower.py-9] [INFO] [1787285114.709415933] [velocity_path_follower]: waypoint 1718 / 5251 도달 (선 이탈 0.08 m)
[velocity_path_follower.py-9] [INFO] [1787285115.059666110] [velocity_path_follower]: waypoint 1719 / 5251 도달 (선 이탈 0.07 m)
[velocity_path_follower.py-9] [INFO] [1787285115.359381221] [velocity_path_follower]: waypoint 1720 / 5251 도달 (선 이탈 0.07 m)
[velocity_path_follower.py-9] [INFO] [1787285115.767495745] [velocity_path_follower]: waypoint 1721 / 5251 도달 (선 이탈 0.06 m)
[velocity_path_follower.py-9] [INFO] [1787285116.069428480] [velocity_path_follower]: waypoint 1722 / 5251 도달 (선 이탈 0.05 m)
[velocity_path_follower.py-9] [INFO] [1787285116.419634943] [velocity_path_follower]: waypoint 1723 / 5251 도달 (선 이탈 0.05 m)
[velocity_path_follower.py-9] [INFO] [1787285116.774641403] [velocity_path_follower]: waypoint 1724 / 5251 도달 (선 이탈 0.04 m)
[velocity_path_follower.py-9] [INFO] [1787285116.924559593] [velocity_path_follower]: 735.0s  wp 1725/5251 이탈0.0m  위치 (  13.62,  -134.07,  10.27)
[velocity_path_follower.py-9] [INFO] [1787285117.124895958] [velocity_path_follower]: waypoint 1725 / 5251 도달 (선 이탈 0.03 m)
[velocity_path_follower.py-9] [INFO] [1787285117.478687877] [velocity_path_follower]: waypoint 1726 / 5251 도달 (선 이탈 0.02 m)
[velocity_path_follower.py-9] [INFO] [1787285117.828000346] [velocity_path_follower]: waypoint 1727 / 5251 도달 (선 이탈 0.01 m)
[velocity_path_follower.py-9] [INFO] [1787285118.183446094] [velocity_path_follower]: waypoint 1728 / 5251 도달 (선 이탈 0.00 m)
[velocity_path_follower.py-9] [INFO] [1787285118.536351352] [velocity_path_follower]: waypoint 1729 / 5251 도달 (선 이탈 0.01 m)
[velocity_path_follower.py-9] [INFO] [1787285118.891196933] [velocity_path_follower]: waypoint 1730 / 5251 도달 (선 이탈 0.01 m)
[velocity_path_follower.py-9] [INFO] [1787285119.245649105] [velocity_path_follower]: waypoint 1731 / 5251 도달 (선 이탈 0.02 m)
[velocity_path_follower.py-9] [INFO] [1787285119.597885371] [velocity_path_follower]: waypoint 1732 / 5251 도달 (선 이탈 0.03 m)
[velocity_path_follower.py-9] [INFO] [1787285119.947949642] [velocity_path_follower]: waypoint 1733 / 5251 도달 (선 이탈 0.03 m)
[velocity_path_follower.py-9] [INFO] [1787285120.300884853] [velocity_path_follower]: waypoint 1734 / 5251 도달 (선 이탈 0.04 m)
[velocity_path_follower.py-9] [INFO] [1787285120.650552971] [velocity_path_follower]: waypoint 1735 / 5251 도달 (선 이탈 0.04 m)
[velocity_path_follower.py-9] [INFO] [1787285121.000621429] [velocity_path_follower]: waypoint 1736 / 5251 도달 (선 이탈 0.04 m)
[velocity_path_follower.py-9] [INFO] [1787285121.300623855] [velocity_path_follower]: waypoint 1737 / 5251 도달 (선 이탈 0.04 m)
[velocity_path_follower.py-9] [INFO] [1787285121.652795326] [velocity_path_follower]: waypoint 1738 / 5251 도달 (선 이탈 0.05 m)
[velocity_path_follower.py-9] [INFO] [1787285121.954619116] [velocity_path_follower]: 740.0s  wp 1739/5251 이탈0.0m  위치 (  20.82,  -134.15,  12.65)
[velocity_path_follower.py-9] [INFO] [1787285122.004635375] [velocity_path_follower]: waypoint 1739 / 5251 도달 (선 이탈 0.05 m)
[velocity_path_follower.py-9] [INFO] [1787285122.354592495] [velocity_path_follower]: waypoint 1740 / 5251 도달 (선 이탈 0.05 m)
[velocity_path_follower.py-9] [INFO] [1787285122.706825778] [velocity_path_follower]: waypoint 1741 / 5251 도달 (선 이탈 0.04 m)
[velocity_path_follower.py-9] [INFO] [1787285123.056754900] [velocity_path_follower]: waypoint 1742 / 5251 도달 (선 이탈 0.04 m)
[velocity_path_follower.py-9] [INFO] [1787285123.409663422] [velocity_path_follower]: waypoint 1743 / 5251 도달 (선 이탈 0.04 m)
[velocity_path_follower.py-9] [INFO] [1787285123.762040019] [velocity_path_follower]: waypoint 1744 / 5251 도달 (선 이탈 0.04 m)
[velocity_path_follower.py-9] [INFO] [1787285124.114649876] [velocity_path_follower]: waypoint 1745 / 5251 도달 (선 이탈 0.03 m)
[velocity_path_follower.py-9] [INFO] [1787285124.464459406] [velocity_path_follower]: waypoint 1746 / 5251 도달 (선 이탈 0.03 m)
[velocity_path_follower.py-9] [INFO] [1787285124.823569595] [velocity_path_follower]: waypoint 1747 / 5251 도달 (선 이탈 0.02 m)
[velocity_path_follower.py-9] [INFO] [1787285125.173437844] [velocity_path_follower]: waypoint 1748 / 5251 도달 (선 이탈 0.02 m)
[velocity_path_follower.py-9] [INFO] [1787285125.526167693] [velocity_path_follower]: waypoint 1749 / 5251 도달 (선 이탈 0.02 m)
[velocity_path_follower.py-9] [INFO] [1787285125.876109328] [velocity_path_follower]: waypoint 1750 / 5251 도달 (선 이탈 0.01 m)
[velocity_path_follower.py-9] [INFO] [1787285126.176256290] [velocity_path_follower]: waypoint 1751 / 5251 도달 (선 이탈 0.01 m)
[velocity_path_follower.py-9] [INFO] [1787285126.580625041] [velocity_path_follower]: waypoint 1752 / 5251 도달 (선 이탈 0.00 m)
[velocity_path_follower.py-9] [INFO] [1787285126.930521111] [velocity_path_follower]: waypoint 1753 / 5251 도달 (선 이탈 0.00 m)
[velocity_path_follower.py-9] [INFO] [1787285126.980241545] [velocity_path_follower]: 745.0s  wp 1754/5251 이탈0.0m  위치 (  28.03,  -134.10,  10.71)
[velocity_path_follower.py-9] [INFO] [1787285127.234697494] [velocity_path_follower]: waypoint 1754 / 5251 도달 (선 이탈 0.01 m)
[velocity_path_follower.py-9] [INFO] [1787285127.639351438] [velocity_path_follower]: waypoint 1755 / 5251 도달 (선 이탈 0.01 m)
[velocity_path_follower.py-9] [INFO] [1787285127.939372629] [velocity_path_follower]: waypoint 1756 / 5251 도달 (선 이탈 0.01 m)
[velocity_path_follower.py-9] [INFO] [1787285128.291426727] [velocity_path_follower]: waypoint 1757 / 5251 도달 (선 이탈 0.02 m)
[velocity_path_follower.py-9] [INFO] [1787285128.641625673] [velocity_path_follower]: waypoint 1758 / 5251 도달 (선 이탈 0.02 m)
[velocity_path_follower.py-9] [INFO] [1787285128.992524921] [velocity_path_follower]: waypoint 1759 / 5251 도달 (선 이탈 0.02 m)
[velocity_path_follower.py-9] [INFO] [1787285129.341768576] [velocity_path_follower]: waypoint 1760 / 5251 도달 (선 이탈 0.02 m)
[velocity_path_follower.py-9] [INFO] [1787285129.691749270] [velocity_path_follower]: waypoint 1761 / 5251 도달 (선 이탈 0.02 m)
[velocity_path_follower.py-9] [INFO] [1787285130.041782594] [velocity_path_follower]: waypoint 1762 / 5251 도달 (선 이탈 0.02 m)
[velocity_path_follower.py-9] [INFO] [1787285130.391795163] [velocity_path_follower]: waypoint 1763 / 5251 도달 (선 이탈 0.03 m)
[velocity_path_follower.py-9] [INFO] [1787285130.745655569] [velocity_path_follower]: waypoint 1764 / 5251 도달 (선 이탈 0.02 m)
[velocity_path_follower.py-9] [INFO] [1787285131.095831852] [velocity_path_follower]: waypoint 1765 / 5251 도달 (선 이탈 0.02 m)
[velocity_path_follower.py-9] [INFO] [1787285131.397790613] [velocity_path_follower]: waypoint 1766 / 5251 도달 (선 이탈 0.02 m)
[velocity_path_follower.py-9] [INFO] [1787285131.797831001] [velocity_path_follower]: waypoint 1767 / 5251 도달 (선 이탈 0.02 m)
[velocity_path_follower.py-9] [INFO] [1787285131.997659296] [velocity_path_follower]: 750.0s  wp 1768/5251 이탈0.0m  위치 (  35.24,  -134.08,  10.33)
[velocity_path_follower.py-9] [INFO] [1787285132.147776798] [velocity_path_follower]: waypoint 1768 / 5251 도달 (선 이탈 0.02 m)
[velocity_path_follower.py-9] [INFO] [1787285132.447977676] [velocity_path_follower]: waypoint 1769 / 5251 도달 (선 이탈 0.02 m)
[velocity_path_follower.py-9] [INFO] [1787285132.847676701] [velocity_path_follower]: waypoint 1770 / 5251 도달 (선 이탈 0.02 m)
[velocity_path_follower.py-9] [INFO] [1787285133.147688249] [velocity_path_follower]: waypoint 1771 / 5251 도달 (선 이탈 0.01 m)
[velocity_path_follower.py-9] [INFO] [1787285133.497870322] [velocity_path_follower]: waypoint 1772 / 5251 도달 (선 이탈 0.01 m)
[velocity_path_follower.py-9] [INFO] [1787285133.850105211] [velocity_path_follower]: waypoint 1773 / 5251 도달 (선 이탈 0.01 m)
[velocity_path_follower.py-9] [INFO] [1787285134.200153124] [velocity_path_follower]: waypoint 1774 / 5251 도달 (선 이탈 0.01 m)
[velocity_path_follower.py-9] [INFO] [1787285134.550194793] [velocity_path_follower]: waypoint 1775 / 5251 도달 (선 이탈 0.00 m)
[velocity_path_follower.py-9] [INFO] [1787285134.899971167] [velocity_path_follower]: waypoint 1776 / 5251 도달 (선 이탈 0.00 m)
[velocity_path_follower.py-9] [INFO] [1787285135.250115139] [velocity_path_follower]: waypoint 1777 / 5251 도달 (선 이탈 0.00 m)
[velocity_path_follower.py-9] [INFO] [1787285135.600383825] [velocity_path_follower]: waypoint 1778 / 5251 도달 (선 이탈 0.00 m)
[velocity_path_follower.py-9] [INFO] [1787285135.950079338] [velocity_path_follower]: waypoint 1779 / 5251 도달 (선 이탈 0.00 m)
[velocity_path_follower.py-9] [INFO] [1787285136.300038574] [velocity_path_follower]: waypoint 1780 / 5251 도달 (선 이탈 0.01 m)
[velocity_path_follower.py-9] [INFO] [1787285136.650070897] [velocity_path_follower]: waypoint 1781 / 5251 도달 (선 이탈 0.01 m)
[velocity_path_follower.py-9] [INFO] [1787285137.000399973] [velocity_path_follower]: waypoint 1782 / 5251 도달 (선 이탈 0.01 m)
[velocity_path_follower.py-9] [INFO] [1787285137.049919908] [velocity_path_follower]: 755.1s  wp 1783/5251 이탈0.0m  위치 (  42.54,  -134.11,  11.30)
[velocity_path_follower.py-9] [INFO] [1787285137.300663372] [velocity_path_follower]: waypoint 1783 / 5251 도달 (선 이탈 0.01 m)
[velocity_path_follower.py-9] [INFO] [1787285137.650252079] [velocity_path_follower]: waypoint 1784 / 5251 도달 (선 이탈 0.01 m)
[velocity_path_follower.py-9] [INFO] [1787285138.050161607] [velocity_path_follower]: waypoint 1785 / 5251 도달 (선 이탈 0.01 m)
[velocity_path_follower.py-9] [INFO] [1787285138.350186932] [velocity_path_follower]: waypoint 1786 / 5251 도달 (선 이탈 0.01 m)
[velocity_path_follower.py-9] [INFO] [1787285138.700152074] [velocity_path_follower]: waypoint 1787 / 5251 도달 (선 이탈 0.01 m)
[ros2-8] [INFO] [1787285138.742035751] [rosbag2_cpp]: Writing remaining messages from cache to the bag. It may take a while
[velocity_path_follower.py-9] [INFO] [1787285139.052631165] [velocity_path_follower]: waypoint 1788 / 5251 도달 (선 이탈 0.01 m)
[velocity_path_follower.py-9] [INFO] [1787285139.402420569] [velocity_path_follower]: waypoint 1789 / 5251 도달 (선 이탈 0.01 m)
[velocity_path_follower.py-9] [INFO] [1787285139.752657854] [velocity_path_follower]: waypoint 1790 / 5251 도달 (선 이탈 0.01 m)
[velocity_path_follower.py-9] [INFO] [1787285140.102460429] [velocity_path_follower]: waypoint 1791 / 5251 도달 (선 이탈 0.01 m)
[velocity_path_follower.py-9] [INFO] [1787285140.452670727] [velocity_path_follower]: waypoint 1792 / 5251 도달 (선 이탈 0.01 m)
[velocity_path_follower.py-9] [INFO] [1787285140.802819067] [velocity_path_follower]: waypoint 1793 / 5251 도달 (선 이탈 0.01 m)
[velocity_path_follower.py-9] [INFO] [1787285141.152670450] [velocity_path_follower]: waypoint 1794 / 5251 도달 (선 이탈 0.01 m)
[velocity_path_follower.py-9] [INFO] [1787285141.502731636] [velocity_path_follower]: waypoint 1795 / 5251 도달 (선 이탈 0.01 m)
[velocity_path_follower.py-9] [INFO] [1787285141.852395275] [velocity_path_follower]: waypoint 1796 / 5251 도달 (선 이탈 0.01 m)
[velocity_path_follower.py-9] [INFO] [1787285142.002558124] [velocity_path_follower]: 760.0s  wp 1797/5251 이탈0.0m  위치 (  49.70,  -134.11,   9.72)
[velocity_path_follower.py-9] [INFO] [1787285142.202402176] [velocity_path_follower]: waypoint 1797 / 5251 도달 (선 이탈 0.00 m)
[velocity_path_follower.py-9] [INFO] [1787285142.552602086] [velocity_path_follower]: waypoint 1798 / 5251 도달 (선 이탈 0.00 m)
[velocity_path_follower.py-9] [INFO] [1787285142.852695293] [velocity_path_follower]: waypoint 1799 / 5251 도달 (선 이탈 0.00 m)
[velocity_path_follower.py-9] [INFO] [1787285143.252768746] [velocity_path_follower]: waypoint 1800 / 5251 도달 (선 이탈 0.00 m)
[velocity_path_follower.py-9] [INFO] [1787285143.552620629] [velocity_path_follower]: waypoint 1801 / 5251 도달 (선 이탈 0.00 m)
[velocity_path_follower.py-9] [INFO] [1787285143.902657676] [velocity_path_follower]: waypoint 1802 / 5251 도달 (선 이탈 0.00 m)
[velocity_path_follower.py-9] [INFO] [1787285144.252603523] [velocity_path_follower]: waypoint 1803 / 5251 도달 (선 이탈 0.00 m)
[velocity_path_follower.py-9] [INFO] [1787285144.602667167] [velocity_path_follower]: waypoint 1804 / 5251 도달 (선 이탈 0.00 m)
[velocity_path_follower.py-9] [INFO] [1787285144.952377890] [velocity_path_follower]: waypoint 1805 / 5251 도달 (선 이탈 0.00 m)
[velocity_path_follower.py-9] [INFO] [1787285145.302583423] [velocity_path_follower]: waypoint 1806 / 5251 도달 (선 이탈 0.01 m)
[velocity_path_follower.py-9] [INFO] [1787285145.652630664] [velocity_path_follower]: waypoint 1807 / 5251 도달 (선 이탈 0.01 m)
[velocity_path_follower.py-9] [INFO] [1787285146.002580238] [velocity_path_follower]: waypoint 1808 / 5251 도달 (선 이탈 0.01 m)
[velocity_path_follower.py-9] [INFO] [1787285146.352395157] [velocity_path_follower]: waypoint 1809 / 5251 도달 (선 이탈 0.01 m)
[velocity_path_follower.py-9] [INFO] [1787285146.702742624] [velocity_path_follower]: waypoint 1810 / 5251 도달 (선 이탈 0.01 m)
[velocity_path_follower.py-9] [INFO] [1787285147.002302247] [velocity_path_follower]: 765.0s  wp 1811/5251 이탈0.0m  위치 (  56.88,  -134.09,   8.80)
[velocity_path_follower.py-9] [INFO] [1787285147.052458377] [velocity_path_follower]: waypoint 1811 / 5251 도달 (선 이탈 0.01 m)
[velocity_path_follower.py-9] [INFO] [1787285147.402630564] [velocity_path_follower]: waypoint 1812 / 5251 도달 (선 이탈 0.01 m)
[velocity_path_follower.py-9] [INFO] [1787285147.752560206] [velocity_path_follower]: waypoint 1813 / 5251 도달 (선 이탈 0.01 m)
[velocity_path_follower.py-9] [INFO] [1787285148.052451722] [velocity_path_follower]: waypoint 1814 / 5251 도달 (선 이탈 0.01 m)
[velocity_path_follower.py-9] [INFO] [1787285148.452579219] [velocity_path_follower]: waypoint 1815 / 5251 도달 (선 이탈 0.01 m)
[velocity_path_follower.py-9] [INFO] [1787285148.753023960] [velocity_path_follower]: waypoint 1816 / 5251 도달 (선 이탈 0.01 m)
[velocity_path_follower.py-9] [INFO] [1787285149.102637366] [velocity_path_follower]: waypoint 1817 / 5251 도달 (선 이탈 0.01 m)
[velocity_path_follower.py-9] [INFO] [1787285152.004548259] [velocity_path_follower]: 770.0s  wp 1818/5251 이탈2.0m  위치 (  63.36,  -133.11,  10.36)
[velocity_path_follower.py-9] [INFO] [1787285154.154577964] [velocity_path_follower]: waypoint 1818 / 5251 도달 (선 이탈 2.92 m)
[velocity_path_follower.py-9] [INFO] [1787285157.004336245] [velocity_path_follower]: 775.0s  wp 1820/5251 이탈0.6m  위치 (  63.78,  -129.50,  10.43)
[velocity_path_follower.py-9] [INFO] [1787285159.154838906] [velocity_path_follower]: waypoint 1820 / 5251 도달 (선 이탈 1.42 m)
[velocity_path_follower.py-9] [INFO] [1787285159.754580418] [velocity_path_follower]: waypoint 1821 / 5251 도달 (선 이탈 1.48 m)
[velocity_path_follower.py-9] [INFO] [1787285160.406748169] [velocity_path_follower]: waypoint 1822 / 5251 도달 (선 이탈 1.48 m)
[velocity_path_follower.py-9] [INFO] [1787285160.956751013] [velocity_path_follower]: waypoint 1823 / 5251 도달 (선 이탈 1.42 m)
[velocity_path_follower.py-9] [INFO] [1787285161.561904097] [velocity_path_follower]: waypoint 1824 / 5251 도달 (선 이탈 1.31 m)
[velocity_path_follower.py-9] [INFO] [1787285162.011768901] [velocity_path_follower]: 780.0s  wp 1825/5251 이탈1.2m  위치 (  59.96,  -128.90,   9.73)
[velocity_path_follower.py-9] [INFO] [1787285162.112100260] [velocity_path_follower]: waypoint 1825 / 5251 도달 (선 이탈 1.18 m)
[velocity_path_follower.py-9] [INFO] [1787285162.612003737] [velocity_path_follower]: waypoint 1826 / 5251 도달 (선 이탈 1.03 m)
[velocity_path_follower.py-9] [INFO] [1787285163.112005677] [velocity_path_follower]: waypoint 1827 / 5251 도달 (선 이탈 0.85 m)
[velocity_path_follower.py-9] [INFO] [1787285163.612065050] [velocity_path_follower]: waypoint 1828 / 5251 도달 (선 이탈 0.66 m)
[velocity_path_follower.py-9] [INFO] [1787285164.112097926] [velocity_path_follower]: waypoint 1829 / 5251 도달 (선 이탈 0.47 m)
[velocity_path_follower.py-9] [INFO] [1787285164.611821729] [velocity_path_follower]: waypoint 1830 / 5251 도달 (선 이탈 0.29 m)
[velocity_path_follower.py-9] [INFO] [1787285165.061959714] [velocity_path_follower]: waypoint 1831 / 5251 도달 (선 이탈 0.11 m)
[velocity_path_follower.py-9] [INFO] [1787285165.512177963] [velocity_path_follower]: waypoint 1832 / 5251 도달 (선 이탈 0.05 m)
[velocity_path_follower.py-9] [INFO] [1787285165.967016441] [velocity_path_follower]: waypoint 1833 / 5251 도달 (선 이탈 0.20 m)
[velocity_path_follower.py-9] [INFO] [1787285166.366646326] [velocity_path_follower]: waypoint 1834 / 5251 도달 (선 이탈 0.32 m)
[velocity_path_follower.py-9] [INFO] [1787285166.766610300] [velocity_path_follower]: waypoint 1835 / 5251 도달 (선 이탈 0.43 m)
[velocity_path_follower.py-9] [INFO] [1787285167.016608827] [velocity_path_follower]: 785.0s  wp 1836/5251 이탈0.5m  위치 (  54.59,  -130.59,   9.71)
[velocity_path_follower.py-9] [INFO] [1787285167.216753615] [velocity_path_follower]: waypoint 1836 / 5251 도달 (선 이탈 0.52 m)
[velocity_path_follower.py-9] [INFO] [1787285167.820434273] [velocity_path_follower]: waypoint 1837 / 5251 도달 (선 이탈 0.60 m)
[velocity_path_follower.py-9] [INFO] [1787285168.019452338] [velocity_path_follower]: waypoint 1838 / 5251 도달 (선 이탈 0.65 m)
[velocity_path_follower.py-9] [INFO] [1787285168.419467009] [velocity_path_follower]: waypoint 1839 / 5251 도달 (선 이탈 0.69 m)
[velocity_path_follower.py-9] [INFO] [1787285168.820771196] [velocity_path_follower]: waypoint 1840 / 5251 도달 (선 이탈 0.71 m)
[velocity_path_follower.py-9] [INFO] [1787285169.219582692] [velocity_path_follower]: waypoint 1841 / 5251 도달 (선 이탈 0.72 m)
[velocity_path_follower.py-9] [INFO] [1787285169.619434500] [velocity_path_follower]: waypoint 1842 / 5251 도달 (선 이탈 0.71 m)
[velocity_path_follower.py-9] [INFO] [1787285170.019350476] [velocity_path_follower]: waypoint 1843 / 5251 도달 (선 이탈 0.68 m)
[velocity_path_follower.py-9] [INFO] [1787285170.419567053] [velocity_path_follower]: waypoint 1844 / 5251 도달 (선 이탈 0.64 m)
[velocity_path_follower.py-9] [INFO] [1787285170.820949437] [velocity_path_follower]: waypoint 1845 / 5251 도달 (선 이탈 0.60 m)
[velocity_path_follower.py-9] [INFO] [1787285171.171725899] [velocity_path_follower]: waypoint 1846 / 5251 도달 (선 이탈 0.54 m)
[velocity_path_follower.py-9] [INFO] [1787285171.571609444] [velocity_path_follower]: waypoint 1847 / 5251 도달 (선 이탈 0.48 m)
[velocity_path_follower.py-9] [INFO] [1787285171.971814910] [velocity_path_follower]: waypoint 1848 / 5251 도달 (선 이탈 0.40 m)
[velocity_path_follower.py-9] [INFO] [1787285172.021283785] [velocity_path_follower]: 790.0s  wp 1849/5251 이탈0.4m  위치 (  48.30,  -130.50,  10.11)
[velocity_path_follower.py-9] [INFO] [1787285172.371632926] [velocity_path_follower]: waypoint 1849 / 5251 도달 (선 이탈 0.33 m)
[velocity_path_follower.py-9] [INFO] [1787285172.721618980] [velocity_path_follower]: waypoint 1850 / 5251 도달 (선 이탈 0.25 m)
[velocity_path_follower.py-9] [INFO] [1787285173.071731995] [velocity_path_follower]: waypoint 1851 / 5251 도달 (선 이탈 0.18 m)
[velocity_path_follower.py-9] [INFO] [1787285173.471727862] [velocity_path_follower]: waypoint 1852 / 5251 도달 (선 이탈 0.10 m)
[velocity_path_follower.py-9] [INFO] [1787285173.871587185] [velocity_path_follower]: waypoint 1853 / 5251 도달 (선 이탈 0.03 m)
[velocity_path_follower.py-9] [INFO] [1787285174.221600551] [velocity_path_follower]: waypoint 1854 / 5251 도달 (선 이탈 0.04 m)
[velocity_path_follower.py-9] [INFO] [1787285174.571682255] [velocity_path_follower]: waypoint 1855 / 5251 도달 (선 이탈 0.10 m)
[velocity_path_follower.py-9] [INFO] [1787285174.971462842] [velocity_path_follower]: waypoint 1856 / 5251 도달 (선 이탈 0.16 m)
[velocity_path_follower.py-9] [INFO] [1787285175.321542516] [velocity_path_follower]: waypoint 1857 / 5251 도달 (선 이탈 0.21 m)
[velocity_path_follower.py-9] [INFO] [1787285175.671605774] [velocity_path_follower]: waypoint 1858 / 5251 도달 (선 이탈 0.26 m)
[velocity_path_follower.py-9] [INFO] [1787285176.134324651] [velocity_path_follower]: waypoint 1859 / 5251 도달 (선 이탈 0.30 m)
[velocity_path_follower.py-9] [INFO] [1787285176.488437685] [velocity_path_follower]: waypoint 1860 / 5251 도달 (선 이탈 0.33 m)
[velocity_path_follower.py-9] [INFO] [1787285176.838362370] [velocity_path_follower]: waypoint 1861 / 5251 도달 (선 이탈 0.35 m)
[velocity_path_follower.py-9] [INFO] [1787285177.088417989] [velocity_path_follower]: 795.0s  wp 1862/5251 이탈0.4m  위치 (  41.54,  -129.74,  11.99)
[velocity_path_follower.py-9] [INFO] [1787285177.238342120] [velocity_path_follower]: waypoint 1862 / 5251 도달 (선 이탈 0.37 m)
[velocity_path_follower.py-9] [INFO] [1787285177.588429612] [velocity_path_follower]: waypoint 1863 / 5251 도달 (선 이탈 0.37 m)
[velocity_path_follower.py-9] [INFO] [1787285177.938791982] [velocity_path_follower]: waypoint 1864 / 5251 도달 (선 이탈 0.37 m)
[velocity_path_follower.py-9] [INFO] [1787285178.288409268] [velocity_path_follower]: waypoint 1865 / 5251 도달 (선 이탈 0.37 m)
[velocity_path_follower.py-9] [INFO] [1787285178.638439229] [velocity_path_follower]: waypoint 1866 / 5251 도달 (선 이탈 0.36 m)
[velocity_path_follower.py-9] [INFO] [1787285179.038699254] [velocity_path_follower]: waypoint 1867 / 5251 도달 (선 이탈 0.34 m)
[velocity_path_follower.py-9] [INFO] [1787285179.388767436] [velocity_path_follower]: waypoint 1868 / 5251 도달 (선 이탈 0.32 m)
[velocity_path_follower.py-9] [INFO] [1787285179.738861618] [velocity_path_follower]: waypoint 1869 / 5251 도달 (선 이탈 0.29 m)
[velocity_path_follower.py-9] [INFO] [1787285180.088427630] [velocity_path_follower]: waypoint 1870 / 5251 도달 (선 이탈 0.26 m)
[velocity_path_follower.py-9] [INFO] [1787285180.440721938] [velocity_path_follower]: waypoint 1871 / 5251 도달 (선 이탈 0.23 m)
[velocity_path_follower.py-9] [INFO] [1787285180.790621963] [velocity_path_follower]: waypoint 1872 / 5251 도달 (선 이탈 0.19 m)
[velocity_path_follower.py-9] [INFO] [1787285181.140365866] [velocity_path_follower]: waypoint 1873 / 5251 도달 (선 이탈 0.15 m)
[velocity_path_follower.py-9] [INFO] [1787285181.540407011] [velocity_path_follower]: waypoint 1874 / 5251 도달 (선 이탈 0.11 m)
[velocity_path_follower.py-9] [INFO] [1787285181.890418467] [velocity_path_follower]: waypoint 1875 / 5251 도달 (선 이탈 0.08 m)
[velocity_path_follower.py-9] [INFO] [1787285182.090332312] [velocity_path_follower]: 800.0s  wp 1876/5251 이탈0.1m  위치 (  34.53,  -130.05,  10.68)
[velocity_path_follower.py-9] [INFO] [1787285182.240268595] [velocity_path_follower]: waypoint 1876 / 5251 도달 (선 이탈 0.04 m)
[velocity_path_follower.py-9] [INFO] [1787285182.590380938] [velocity_path_follower]: waypoint 1877 / 5251 도달 (선 이탈 0.00 m)
[velocity_path_follower.py-9] [INFO] [1787285182.942402267] [velocity_path_follower]: waypoint 1878 / 5251 도달 (선 이탈 0.03 m)
[velocity_path_follower.py-9] [INFO] [1787285183.292593205] [velocity_path_follower]: waypoint 1879 / 5251 도달 (선 이탈 0.06 m)
[velocity_path_follower.py-9] [INFO] [1787285183.642638184] [velocity_path_follower]: waypoint 1880 / 5251 도달 (선 이탈 0.09 m)
[velocity_path_follower.py-9] [INFO] [1787285183.995445202] [velocity_path_follower]: waypoint 1881 / 5251 도달 (선 이탈 0.12 m)
[velocity_path_follower.py-9] [INFO] [1787285184.345451652] [velocity_path_follower]: waypoint 1882 / 5251 도달 (선 이탈 0.14 m)
[velocity_path_follower.py-9] [INFO] [1787285184.697632631] [velocity_path_follower]: waypoint 1883 / 5251 도달 (선 이탈 0.16 m)
[velocity_path_follower.py-9] [INFO] [1787285185.049751528] [velocity_path_follower]: waypoint 1884 / 5251 도달 (선 이탈 0.17 m)
[velocity_path_follower.py-9] [INFO] [1787285185.399625279] [velocity_path_follower]: waypoint 1885 / 5251 도달 (선 이탈 0.18 m)
[velocity_path_follower.py-9] [INFO] [1787285185.749742367] [velocity_path_follower]: waypoint 1886 / 5251 도달 (선 이탈 0.19 m)
[velocity_path_follower.py-9] [INFO] [1787285186.099693248] [velocity_path_follower]: waypoint 1887 / 5251 도달 (선 이탈 0.19 m)
[velocity_path_follower.py-9] [INFO] [1787285186.452572386] [velocity_path_follower]: waypoint 1888 / 5251 도달 (선 이탈 0.19 m)
[velocity_path_follower.py-9] [INFO] [1787285186.803012615] [velocity_path_follower]: waypoint 1889 / 5251 도달 (선 이탈 0.19 m)
[velocity_path_follower.py-9] [INFO] [1787285187.102827223] [velocity_path_follower]: 805.0s  wp 1890/5251 이탈0.2m  위치 (  27.46,  -130.29,  10.62)
[velocity_path_follower.py-9] [INFO] [1787285187.153194012] [velocity_path_follower]: waypoint 1890 / 5251 도달 (선 이탈 0.19 m)
[velocity_path_follower.py-9] [INFO] [1787285187.505463445] [velocity_path_follower]: waypoint 1891 / 5251 도달 (선 이탈 0.18 m)
[velocity_path_follower.py-9] [INFO] [1787285187.857798963] [velocity_path_follower]: waypoint 1892 / 5251 도달 (선 이탈 0.16 m)
[velocity_path_follower.py-9] [INFO] [1787285188.207588826] [velocity_path_follower]: waypoint 1893 / 5251 도달 (선 이탈 0.15 m)
[velocity_path_follower.py-9] [INFO] [1787285188.557733908] [velocity_path_follower]: waypoint 1894 / 5251 도달 (선 이탈 0.13 m)
[velocity_path_follower.py-9] [INFO] [1787285188.907768405] [velocity_path_follower]: waypoint 1895 / 5251 도달 (선 이탈 0.12 m)
[velocity_path_follower.py-9] [INFO] [1787285189.260851412] [velocity_path_follower]: waypoint 1896 / 5251 도달 (선 이탈 0.10 m)
[velocity_path_follower.py-9] [INFO] [1787285189.611812308] [velocity_path_follower]: waypoint 1897 / 5251 도달 (선 이탈 0.08 m)
[velocity_path_follower.py-9] [INFO] [1787285189.963594508] [velocity_path_follower]: waypoint 1898 / 5251 도달 (선 이탈 0.06 m)
[velocity_path_follower.py-9] [INFO] [1787285190.313533151] [velocity_path_follower]: waypoint 1899 / 5251 도달 (선 이탈 0.04 m)
[velocity_path_follower.py-9] [INFO] [1787285190.663523129] [velocity_path_follower]: waypoint 1900 / 5251 도달 (선 이탈 0.02 m)
[velocity_path_follower.py-9] [INFO] [1787285191.015587845] [velocity_path_follower]: waypoint 1901 / 5251 도달 (선 이탈 0.00 m)
[velocity_path_follower.py-9] [INFO] [1787285191.368099953] [velocity_path_follower]: waypoint 1902 / 5251 도달 (선 이탈 0.01 m)
[velocity_path_follower.py-9] [INFO] [1787285191.720148722] [velocity_path_follower]: waypoint 1903 / 5251 도달 (선 이탈 0.03 m)
[velocity_path_follower.py-9] [INFO] [1787285192.072590998] [velocity_path_follower]: waypoint 1904 / 5251 도달 (선 이탈 0.05 m)
[velocity_path_follower.py-9] [INFO] [1787285192.122612624] [velocity_path_follower]: 810.0s  wp 1905/5251 이탈0.0m  위치 (  20.28,  -130.05,  11.21)
[velocity_path_follower.py-9] [INFO] [1787285192.422392955] [velocity_path_follower]: waypoint 1905 / 5251 도달 (선 이탈 0.06 m)
[velocity_path_follower.py-9] [INFO] [1787285192.773009465] [velocity_path_follower]: waypoint 1906 / 5251 도달 (선 이탈 0.07 m)
[velocity_path_follower.py-9] [INFO] [1787285193.125687800] [velocity_path_follower]: waypoint 1907 / 5251 도달 (선 이탈 0.08 m)
[velocity_path_follower.py-9] [INFO] [1787285193.483696634] [velocity_path_follower]: waypoint 1908 / 5251 도달 (선 이탈 0.09 m)
[velocity_path_follower.py-9] [INFO] [1787285193.833425935] [velocity_path_follower]: waypoint 1909 / 5251 도달 (선 이탈 0.10 m)
[velocity_path_follower.py-9] [INFO] [1787285194.183604289] [velocity_path_follower]: waypoint 1910 / 5251 도달 (선 이탈 0.10 m)
[velocity_path_follower.py-9] [INFO] [1787285194.533633564] [velocity_path_follower]: waypoint 1911 / 5251 도달 (선 이탈 0.10 m)
[velocity_path_follower.py-9] [INFO] [1787285194.888231320] [velocity_path_follower]: waypoint 1912 / 5251 도달 (선 이탈 0.10 m)
[velocity_path_follower.py-9] [INFO] [1787285195.240680053] [velocity_path_follower]: waypoint 1913 / 5251 도달 (선 이탈 0.10 m)
[velocity_path_follower.py-9] [INFO] [1787285195.595711869] [velocity_path_follower]: waypoint 1914 / 5251 도달 (선 이탈 0.10 m)
[velocity_path_follower.py-9] [INFO] [1787285195.945644862] [velocity_path_follower]: waypoint 1915 / 5251 도달 (선 이탈 0.09 m)
[velocity_path_follower.py-9] [INFO] [1787285196.297574935] [velocity_path_follower]: waypoint 1916 / 5251 도달 (선 이탈 0.09 m)
[velocity_path_follower.py-9] [INFO] [1787285196.597613392] [velocity_path_follower]: waypoint 1917 / 5251 도달 (선 이탈 0.08 m)
[velocity_path_follower.py-9] [INFO] [1787285196.999545556] [velocity_path_follower]: waypoint 1918 / 5251 도달 (선 이탈 0.07 m)
[velocity_path_follower.py-9] [INFO] [1787285197.149658833] [velocity_path_follower]: 815.0s  wp 1919/5251 이탈0.1m  위치 (  13.12,  -130.03,  11.04)
[velocity_path_follower.py-9] [INFO] [1787285197.299586940] [velocity_path_follower]: waypoint 1919 / 5251 도달 (선 이탈 0.06 m)
[velocity_path_follower.py-9] [INFO] [1787285197.649605665] [velocity_path_follower]: waypoint 1920 / 5251 도달 (선 이탈 0.05 m)
[velocity_path_follower.py-9] [INFO] [1787285197.999854102] [velocity_path_follower]: waypoint 1921 / 5251 도달 (선 이탈 0.04 m)
[velocity_path_follower.py-9] [INFO] [1787285198.349464874] [velocity_path_follower]: waypoint 1922 / 5251 도달 (선 이탈 0.03 m)
[velocity_path_follower.py-9] [INFO] [1787285198.699457443] [velocity_path_follower]: waypoint 1923 / 5251 도달 (선 이탈 0.02 m)
[velocity_path_follower.py-9] [INFO] [1787285199.052889355] [velocity_path_follower]: waypoint 1924 / 5251 도달 (선 이탈 0.01 m)
[velocity_path_follower.py-9] [INFO] [1787285199.402810351] [velocity_path_follower]: waypoint 1925 / 5251 도달 (선 이탈 0.00 m)
[velocity_path_follower.py-9] [INFO] [1787285199.753274439] [velocity_path_follower]: waypoint 1926 / 5251 도달 (선 이탈 0.01 m)
[velocity_path_follower.py-9] [INFO] [1787285200.102837100] [velocity_path_follower]: waypoint 1927 / 5251 도달 (선 이탈 0.02 m)
[velocity_path_follower.py-9] [INFO] [1787285200.452784982] [velocity_path_follower]: waypoint 1928 / 5251 도달 (선 이탈 0.02 m)
[velocity_path_follower.py-9] [INFO] [1787285200.802956827] [velocity_path_follower]: waypoint 1929 / 5251 도달 (선 이탈 0.03 m)
[velocity_path_follower.py-9] [INFO] [1787285201.152761504] [velocity_path_follower]: waypoint 1930 / 5251 도달 (선 이탈 0.04 m)
[velocity_path_follower.py-9] [INFO] [1787285201.515405831] [velocity_path_follower]: waypoint 1931 / 5251 도달 (선 이탈 0.04 m)
[velocity_path_follower.py-9] [INFO] [1787285201.867722051] [velocity_path_follower]: waypoint 1932 / 5251 도달 (선 이탈 0.05 m)
[velocity_path_follower.py-9] [INFO] [1787285202.167452432] [velocity_path_follower]: 820.0s  wp 1933/5251 이탈0.1m  위치 (   5.92,  -130.15,   8.57)
[velocity_path_follower.py-9] [INFO] [1787285202.217535450] [velocity_path_follower]: waypoint 1933 / 5251 도달 (선 이탈 0.05 m)
[velocity_path_follower.py-9] [INFO] [1787285202.571596914] [velocity_path_follower]: waypoint 1934 / 5251 도달 (선 이탈 0.05 m)
[velocity_path_follower.py-9] [INFO] [1787285202.921693071] [velocity_path_follower]: waypoint 1935 / 5251 도달 (선 이탈 0.06 m)
[velocity_path_follower.py-9] [INFO] [1787285203.221607258] [velocity_path_follower]: waypoint 1936 / 5251 도달 (선 이탈 0.06 m)
[velocity_path_follower.py-9] [INFO] [1787285203.621800904] [velocity_path_follower]: waypoint 1937 / 5251 도달 (선 이탈 0.06 m)
[velocity_path_follower.py-9] [INFO] [1787285203.921945263] [velocity_path_follower]: waypoint 1938 / 5251 도달 (선 이탈 0.05 m)
[velocity_path_follower.py-9] [INFO] [1787285204.271605683] [velocity_path_follower]: waypoint 1939 / 5251 도달 (선 이탈 0.05 m)
[velocity_path_follower.py-9] [INFO] [1787285207.187464611] [velocity_path_follower]: 825.0s  climb       위치 (  -0.46,  -130.13,   5.74)
[velocity_path_follower.py-9] [INFO] [1787285208.592177665] [velocity_path_follower]: waypoint 1940 / 5251 도달 (선 이탈 0.03 m)
[velocity_path_follower.py-9] [INFO] [1787285208.642176899] [velocity_path_follower]: waypoint 1941 / 5251 도달 (선 이탈 0.03 m)
[velocity_path_follower.py-9] [INFO] [1787285208.692148883] [velocity_path_follower]: waypoint 1942 / 5251 도달 (선 이탈 0.03 m)
[velocity_path_follower.py-9] [INFO] [1787285208.742228743] [velocity_path_follower]: waypoint 1943 / 5251 도달 (선 이탈 0.03 m)
[velocity_path_follower.py-9] [INFO] [1787285208.792407979] [velocity_path_follower]: waypoint 1944 / 5251 도달 (선 이탈 0.03 m)
[velocity_path_follower.py-9] [INFO] [1787285208.847100282] [velocity_path_follower]: waypoint 1945 / 5251 도달 (선 이탈 0.03 m)
[velocity_path_follower.py-9] [INFO] [1787285208.897189226] [velocity_path_follower]: waypoint 1946 / 5251 도달 (선 이탈 0.03 m)
[velocity_path_follower.py-9] [INFO] [1787285208.949614496] [velocity_path_follower]: waypoint 1947 / 5251 도달 (선 이탈 0.02 m)
[velocity_path_follower.py-9] [INFO] [1787285208.999743315] [velocity_path_follower]: waypoint 1948 / 5251 도달 (선 이탈 0.02 m)
[velocity_path_follower.py-9] [INFO] [1787285209.601773754] [velocity_path_follower]: waypoint 1949 / 5251 도달 (선 이탈 0.02 m)
[velocity_path_follower.py-9] [INFO] [1787285210.359034114] [velocity_path_follower]: waypoint 1950 / 5251 도달 (선 이탈 0.02 m)
[velocity_path_follower.py-9] [INFO] [1787285211.010930057] [velocity_path_follower]: waypoint 1951 / 5251 도달 (선 이탈 0.01 m)
[velocity_path_follower.py-9] [INFO] [1787285211.560894181] [velocity_path_follower]: waypoint 1952 / 5251 도달 (선 이탈 0.01 m)
[velocity_path_follower.py-9] [INFO] [1787285212.113712184] [velocity_path_follower]: waypoint 1953 / 5251 도달 (선 이탈 0.01 m)
[velocity_path_follower.py-9] [INFO] [1787285212.213407993] [velocity_path_follower]: 830.0s  wp 1954/5251 이탈0.0m  위치 (  -4.20,  -130.11,   9.70)
[velocity_path_follower.py-9] [INFO] [1787285212.663576782] [velocity_path_follower]: waypoint 1954 / 5251 도달 (선 이탈 0.00 m)
[velocity_path_follower.py-9] [INFO] [1787285213.113709282] [velocity_path_follower]: waypoint 1955 / 5251 도달 (선 이탈 0.00 m)
[velocity_path_follower.py-9] [INFO] [1787285213.613778032] [velocity_path_follower]: waypoint 1956 / 5251 도달 (선 이탈 0.00 m)
[velocity_path_follower.py-9] [INFO] [1787285214.066267579] [velocity_path_follower]: waypoint 1957 / 5251 도달 (선 이탈 0.01 m)
[velocity_path_follower.py-9] [INFO] [1787285214.565742836] [velocity_path_follower]: waypoint 1958 / 5251 도달 (선 이탈 0.01 m)
[velocity_path_follower.py-9] [INFO] [1787285214.965940701] [velocity_path_follower]: waypoint 1959 / 5251 도달 (선 이탈 0.01 m)
[velocity_path_follower.py-9] [INFO] [1787285215.425981552] [velocity_path_follower]: waypoint 1960 / 5251 도달 (선 이탈 0.01 m)
[velocity_path_follower.py-9] [INFO] [1787285215.851948604] [velocity_path_follower]: waypoint 1961 / 5251 도달 (선 이탈 0.01 m)
[velocity_path_follower.py-9] [INFO] [1787285216.361129323] [velocity_path_follower]: waypoint 1962 / 5251 도달 (선 이탈 0.01 m)
[velocity_path_follower.py-9] [INFO] [1787285216.763074280] [velocity_path_follower]: waypoint 1963 / 5251 도달 (선 이탈 0.01 m)
[velocity_path_follower.py-9] [INFO] [1787285217.175274061] [velocity_path_follower]: waypoint 1964 / 5251 도달 (선 이탈 0.01 m)
[velocity_path_follower.py-9] [INFO] [1787285217.325299554] [velocity_path_follower]: 835.0s  wp 1965/5251 이탈0.0m  위치 (  -9.83,  -130.09,  11.12)
[velocity_path_follower.py-9] [INFO] [1787285217.579664441] [velocity_path_follower]: waypoint 1965 / 5251 도달 (선 이탈 0.01 m)
[velocity_path_follower.py-9] [INFO] [1787285218.082945178] [velocity_path_follower]: waypoint 1966 / 5251 도달 (선 이탈 0.01 m)
[velocity_path_follower.py-9] [INFO] [1787285218.484953784] [velocity_path_follower]: waypoint 1967 / 5251 도달 (선 이탈 0.01 m)
[velocity_path_follower.py-9] [INFO] [1787285218.884901401] [velocity_path_follower]: waypoint 1968 / 5251 도달 (선 이탈 0.01 m)
[velocity_path_follower.py-9] [INFO] [1787285219.237596026] [velocity_path_follower]: waypoint 1969 / 5251 도달 (선 이탈 0.01 m)
[velocity_path_follower.py-9] [INFO] [1787285219.640382365] [velocity_path_follower]: waypoint 1970 / 5251 도달 (선 이탈 0.01 m)
[velocity_path_follower.py-9] [INFO] [1787285219.989708692] [velocity_path_follower]: waypoint 1971 / 5251 도달 (선 이탈 0.01 m)
[velocity_path_follower.py-9] [INFO] [1787285220.392703295] [velocity_path_follower]: waypoint 1972 / 5251 도달 (선 이탈 0.00 m)
[velocity_path_follower.py-9] [INFO] [1787285220.797614386] [velocity_path_follower]: waypoint 1973 / 5251 도달 (선 이탈 0.00 m)
[velocity_path_follower.py-9] [INFO] [1787285221.147697906] [velocity_path_follower]: waypoint 1974 / 5251 도달 (선 이탈 0.00 m)
[velocity_path_follower.py-9] [INFO] [1787285221.497694556] [velocity_path_follower]: waypoint 1975 / 5251 도달 (선 이탈 0.00 m)
[velocity_path_follower.py-9] [INFO] [1787285221.897799503] [velocity_path_follower]: waypoint 1976 / 5251 도달 (선 이탈 0.00 m)
[velocity_path_follower.py-9] [INFO] [1787285222.247707534] [velocity_path_follower]: waypoint 1977 / 5251 도달 (선 이탈 0.00 m)
[velocity_path_follower.py-9] [INFO] [1787285222.447713012] [velocity_path_follower]: 840.0s  wp 1978/5251 이탈0.0m  위치 ( -16.38,  -130.10,   8.82)
[velocity_path_follower.py-9] [INFO] [1787285222.597892863] [velocity_path_follower]: waypoint 1978 / 5251 도달 (선 이탈 0.00 m)
[velocity_path_follower.py-9] [INFO] [1787285222.997737860] [velocity_path_follower]: waypoint 1979 / 5251 도달 (선 이탈 0.00 m)
[velocity_path_follower.py-9] [INFO] [1787285223.353233030] [velocity_path_follower]: waypoint 1980 / 5251 도달 (선 이탈 0.01 m)
[velocity_path_follower.py-9] [INFO] [1787285223.702398729] [velocity_path_follower]: waypoint 1981 / 5251 도달 (선 이탈 0.01 m)
[velocity_path_follower.py-9] [INFO] [1787285224.053255706] [velocity_path_follower]: waypoint 1982 / 5251 도달 (선 이탈 0.01 m)
[velocity_path_follower.py-9] [INFO] [1787285224.456426692] [velocity_path_follower]: waypoint 1983 / 5251 도달 (선 이탈 0.01 m)
[velocity_path_follower.py-9] [INFO] [1787285224.806423915] [velocity_path_follower]: waypoint 1984 / 5251 도달 (선 이탈 0.01 m)
[velocity_path_follower.py-9] [INFO] [1787285225.156704104] [velocity_path_follower]: waypoint 1985 / 5251 도달 (선 이탈 0.01 m)
[velocity_path_follower.py-9] [INFO] [1787285225.508766659] [velocity_path_follower]: waypoint 1986 / 5251 도달 (선 이탈 0.01 m)
[velocity_path_follower.py-9] [INFO] [1787285225.908609190] [velocity_path_follower]: waypoint 1987 / 5251 도달 (선 이탈 0.01 m)
[velocity_path_follower.py-9] [INFO] [1787285226.208657879] [velocity_path_follower]: waypoint 1988 / 5251 도달 (선 이탈 0.01 m)
[velocity_path_follower.py-9] [INFO] [1787285226.621306033] [velocity_path_follower]: waypoint 1989 / 5251 도달 (선 이탈 0.01 m)
[velocity_path_follower.py-9] [INFO] [1787285227.023079147] [velocity_path_follower]: waypoint 1990 / 5251 도달 (선 이탈 0.01 m)
[velocity_path_follower.py-9] [INFO] [1787285227.383642894] [velocity_path_follower]: waypoint 1991 / 5251 도달 (선 이탈 0.01 m)
[velocity_path_follower.py-9] [INFO] [1787285227.565344831] [velocity_path_follower]: 845.1s  wp 1992/5251 이탈0.0m  위치 ( -23.38,  -130.11,   8.41)
[velocity_path_follower.py-9] [INFO] [1787285227.756197324] [velocity_path_follower]: waypoint 1992 / 5251 도달 (선 이탈 0.01 m)
[velocity_path_follower.py-9] [INFO] [1787285228.106084827] [velocity_path_follower]: waypoint 1993 / 5251 도달 (선 이탈 0.00 m)
[velocity_path_follower.py-9] [INFO] [1787285228.539381446] [velocity_path_follower]: waypoint 1994 / 5251 도달 (선 이탈 0.00 m)
[velocity_path_follower.py-9] [INFO] [1787285228.892836219] [velocity_path_follower]: waypoint 1995 / 5251 도달 (선 이탈 0.00 m)
[velocity_path_follower.py-9] [INFO] [1787285229.323070883] [velocity_path_follower]: waypoint 1996 / 5251 도달 (선 이탈 0.00 m)
[velocity_path_follower.py-9] [INFO] [1787285229.680961568] [velocity_path_follower]: waypoint 1997 / 5251 도달 (선 이탈 0.00 m)
[velocity_path_follower.py-9] [INFO] [1787285230.031205054] [velocity_path_follower]: waypoint 1998 / 5251 도달 (선 이탈 0.00 m)
[velocity_path_follower.py-9] [INFO] [1787285230.387104843] [velocity_path_follower]: waypoint 1999 / 5251 도달 (선 이탈 0.00 m)
[velocity_path_follower.py-9] [INFO] [1787285230.742908215] [velocity_path_follower]: waypoint 2000 / 5251 도달 (선 이탈 0.00 m)
[velocity_path_follower.py-9] [INFO] [1787285231.092295949] [velocity_path_follower]: waypoint 2001 / 5251 도달 (선 이탈 0.00 m)
[velocity_path_follower.py-9] [INFO] [1787285231.470144127] [velocity_path_follower]: waypoint 2002 / 5251 도달 (선 이탈 0.00 m)
[velocity_path_follower.py-9] [INFO] [1787285231.884415198] [velocity_path_follower]: waypoint 2003 / 5251 도달 (선 이탈 0.00 m)
[velocity_path_follower.py-9] [INFO] [1787285232.234061033] [velocity_path_follower]: waypoint 2004 / 5251 도달 (선 이탈 0.00 m)
[velocity_path_follower.py-9] [INFO] [1787285232.583654788] [velocity_path_follower]: waypoint 2005 / 5251 도달 (선 이탈 0.00 m)
[velocity_path_follower.py-9] [INFO] [1787285232.837844491] [velocity_path_follower]: 850.0s  wp 2006/5251 이탈0.0m  위치 ( -30.46,  -130.10,   8.36)
[velocity_path_follower.py-9] [INFO] [1787285232.936930349] [velocity_path_follower]: waypoint 2006 / 5251 도달 (선 이탈 0.00 m)
[velocity_path_follower.py-9] [INFO] [1787285233.290933471] [velocity_path_follower]: waypoint 2007 / 5251 도달 (선 이탈 0.00 m)
[velocity_path_follower.py-9] [INFO] [1787285233.643230277] [velocity_path_follower]: waypoint 2008 / 5251 도달 (선 이탈 0.00 m)
[velocity_path_follower.py-9] [INFO] [1787285233.992788957] [velocity_path_follower]: waypoint 2009 / 5251 도달 (선 이탈 0.00 m)
[velocity_path_follower.py-9] [INFO] [1787285234.353098604] [velocity_path_follower]: waypoint 2010 / 5251 도달 (선 이탈 0.00 m)
[velocity_path_follower.py-9] [INFO] [1787285234.711670934] [velocity_path_follower]: waypoint 2011 / 5251 도달 (선 이탈 0.00 m)
[velocity_path_follower.py-9] [INFO] [1787285235.064426425] [velocity_path_follower]: waypoint 2012 / 5251 도달 (선 이탈 0.00 m)
[velocity_path_follower.py-9] [INFO] [1787285235.413864623] [velocity_path_follower]: waypoint 2013 / 5251 도달 (선 이탈 0.00 m)
[velocity_path_follower.py-9] [INFO] [1787285237.866693938] [velocity_path_follower]: 855.0s  climb       위치 ( -37.17,  -130.10,   5.96)
[velocity_path_follower.py-9] [INFO] [1787285239.307286642] [velocity_path_follower]: waypoint 2014 / 5251 도달 (선 이탈 0.00 m)
[velocity_path_follower.py-9] [INFO] [1787285239.354832632] [velocity_path_follower]: waypoint 2015 / 5251 도달 (선 이탈 0.00 m)
[velocity_path_follower.py-9] [INFO] [1787285239.404589199] [velocity_path_follower]: waypoint 2016 / 5251 도달 (선 이탈 0.00 m)
[velocity_path_follower.py-9] [INFO] [1787285239.455389283] [velocity_path_follower]: waypoint 2017 / 5251 도달 (선 이탈 0.00 m)
[velocity_path_follower.py-9] [INFO] [1787285239.504556465] [velocity_path_follower]: waypoint 2018 / 5251 도달 (선 이탈 0.00 m)
[velocity_path_follower.py-9] [INFO] [1787285239.554939292] [velocity_path_follower]: waypoint 2019 / 5251 도달 (선 이탈 0.00 m)
[velocity_path_follower.py-9] [INFO] [1787285243.009686745] [velocity_path_follower]: 860.0s  wp 2020/5251 이탈1.4m  위치 ( -39.99,  -128.76,   8.20)
[velocity_path_follower.py-9] [INFO] [1787285244.586272206] [velocity_path_follower]: waypoint 2020 / 5251 도달 (선 이탈 1.37 m)
[velocity_path_follower.py-9] [INFO] [1787285246.105999582] [velocity_path_follower]: waypoint 2022 / 5251 도달 (선 이탈 0.23 m)
[velocity_path_follower.py-9] [INFO] [1787285247.191792544] [velocity_path_follower]: waypoint 2023 / 5251 도달 (선 이탈 0.50 m)
[velocity_path_follower.py-9] [INFO] [1787285247.992818323] [velocity_path_follower]: waypoint 2024 / 5251 도달 (선 이탈 0.96 m)
[velocity_path_follower.py-9] [INFO] [1787285248.141772554] [velocity_path_follower]: 865.0s  wp 2025/5251 이탈1.0m  위치 ( -38.48,  -125.07,   8.20)
[velocity_path_follower.py-9] [INFO] [1787285248.691706714] [velocity_path_follower]: waypoint 2025 / 5251 도달 (선 이탈 1.26 m)
[velocity_path_follower.py-9] [INFO] [1787285249.341895720] [velocity_path_follower]: waypoint 2026 / 5251 도달 (선 이탈 1.45 m)
[velocity_path_follower.py-9] [INFO] [1787285249.941964773] [velocity_path_follower]: waypoint 2027 / 5251 도달 (선 이탈 1.54 m)
[velocity_path_follower.py-9] [INFO] [1787285250.491782250] [velocity_path_follower]: waypoint 2028 / 5251 도달 (선 이탈 1.57 m)
[velocity_path_follower.py-9] [INFO] [1787285251.091884905] [velocity_path_follower]: waypoint 2029 / 5251 도달 (선 이탈 1.53 m)
[velocity_path_follower.py-9] [INFO] [1787285251.641789316] [velocity_path_follower]: waypoint 2030 / 5251 도달 (선 이탈 1.45 m)
[velocity_path_follower.py-9] [INFO] [1787285252.191663773] [velocity_path_follower]: waypoint 2031 / 5251 도달 (선 이탈 1.33 m)
[velocity_path_follower.py-9] [INFO] [1787285252.691809823] [velocity_path_follower]: waypoint 2032 / 5251 도달 (선 이탈 1.19 m)
[velocity_path_follower.py-9] [INFO] [1787285253.141764494] [velocity_path_follower]: 870.0s  wp 2033/5251 이탈1.0m  위치 ( -34.14,  -125.05,   9.06)
[velocity_path_follower.py-9] [INFO] [1787285253.191861876] [velocity_path_follower]: waypoint 2033 / 5251 도달 (선 이탈 1.03 m)
[velocity_path_follower.py-9] [INFO] [1787285253.691645392] [velocity_path_follower]: waypoint 2034 / 5251 도달 (선 이탈 0.85 m)
[velocity_path_follower.py-9] [INFO] [1787285254.191626082] [velocity_path_follower]: waypoint 2035 / 5251 도달 (선 이탈 0.65 m)
[velocity_path_follower.py-9] [INFO] [1787285254.691608322] [velocity_path_follower]: waypoint 2036 / 5251 도달 (선 이탈 0.45 m)
[velocity_path_follower.py-9] [INFO] [1787285255.141750018] [velocity_path_follower]: waypoint 2037 / 5251 도달 (선 이탈 0.27 m)
[velocity_path_follower.py-9] [INFO] [1787285255.591682595] [velocity_path_follower]: waypoint 2038 / 5251 도달 (선 이탈 0.09 m)
[velocity_path_follower.py-9] [INFO] [1787285256.041819176] [velocity_path_follower]: waypoint 2039 / 5251 도달 (선 이탈 0.08 m)
[velocity_path_follower.py-9] [INFO] [1787285256.444385213] [velocity_path_follower]: waypoint 2040 / 5251 도달 (선 이탈 0.21 m)
[velocity_path_follower.py-9] [INFO] [1787285256.894403094] [velocity_path_follower]: waypoint 2041 / 5251 도달 (선 이탈 0.35 m)
[velocity_path_follower.py-9] [INFO] [1787285257.294656268] [velocity_path_follower]: waypoint 2042 / 5251 도달 (선 이탈 0.46 m)
[velocity_path_follower.py-9] [INFO] [1787285257.694400562] [velocity_path_follower]: waypoint 2043 / 5251 도달 (선 이탈 0.55 m)
[velocity_path_follower.py-9] [INFO] [1787285258.094740576] [velocity_path_follower]: waypoint 2044 / 5251 도달 (선 이탈 0.63 m)
[velocity_path_follower.py-9] [INFO] [1787285258.144348332] [velocity_path_follower]: 875.0s  wp 2045/5251 이탈0.6m  위치 ( -28.55,  -126.73,   9.50)
[velocity_path_follower.py-9] [INFO] [1787285258.544629894] [velocity_path_follower]: waypoint 2045 / 5251 도달 (선 이탈 0.69 m)
[velocity_path_follower.py-9] [INFO] [1787285258.944517200] [velocity_path_follower]: waypoint 2046 / 5251 도달 (선 이탈 0.73 m)
[velocity_path_follower.py-9] [INFO] [1787285259.345190736] [velocity_path_follower]: waypoint 2047 / 5251 도달 (선 이탈 0.74 m)
[velocity_path_follower.py-9] [INFO] [1787285259.694653782] [velocity_path_follower]: waypoint 2048 / 5251 도달 (선 이탈 0.75 m)
[velocity_path_follower.py-9] [INFO] [1787285260.094644311] [velocity_path_follower]: waypoint 2049 / 5251 도달 (선 이탈 0.74 m)
[velocity_path_follower.py-9] [INFO] [1787285260.494409593] [velocity_path_follower]: waypoint 2050 / 5251 도달 (선 이탈 0.71 m)
[velocity_path_follower.py-9] [INFO] [1787285260.894564049] [velocity_path_follower]: waypoint 2051 / 5251 도달 (선 이탈 0.67 m)
[velocity_path_follower.py-9] [INFO] [1787285261.294657595] [velocity_path_follower]: waypoint 2052 / 5251 도달 (선 이탈 0.62 m)
[velocity_path_follower.py-9] [INFO] [1787285261.694769018] [velocity_path_follower]: waypoint 2053 / 5251 도달 (선 이탈 0.56 m)
[velocity_path_follower.py-9] [INFO] [1787285262.094710608] [velocity_path_follower]: waypoint 2054 / 5251 도달 (선 이탈 0.49 m)
[velocity_path_follower.py-9] [INFO] [1787285262.444587728] [velocity_path_follower]: waypoint 2055 / 5251 도달 (선 이탈 0.42 m)
[velocity_path_follower.py-9] [INFO] [1787285262.844456283] [velocity_path_follower]: waypoint 2056 / 5251 도달 (선 이탈 0.34 m)
[velocity_path_follower.py-9] [INFO] [1787285263.144378015] [velocity_path_follower]: 880.0s  wp 2057/5251 이탈0.3m  위치 ( -22.17,  -126.38,   8.99)
[velocity_path_follower.py-9] [INFO] [1787285263.194736956] [velocity_path_follower]: waypoint 2057 / 5251 도달 (선 이탈 0.27 m)
[velocity_path_follower.py-9] [INFO] [1787285263.712814645] [velocity_path_follower]: waypoint 2058 / 5251 도달 (선 이탈 0.19 m)
[velocity_path_follower.py-9] [INFO] [1787285264.130913883] [velocity_path_follower]: waypoint 2059 / 5251 도달 (선 이탈 0.10 m)
[velocity_path_follower.py-9] [INFO] [1787285264.501983782] [velocity_path_follower]: waypoint 2060 / 5251 도달 (선 이탈 0.04 m)
[velocity_path_follower.py-9] [INFO] [1787285264.851732709] [velocity_path_follower]: waypoint 2061 / 5251 도달 (선 이탈 0.03 m)
[velocity_path_follower.py-9] [INFO] [1787285265.251275201] [velocity_path_follower]: waypoint 2062 / 5251 도달 (선 이탈 0.11 m)
[velocity_path_follower.py-9] [INFO] [1787285265.601707190] [velocity_path_follower]: waypoint 2063 / 5251 도달 (선 이탈 0.16 m)
[velocity_path_follower.py-9] [INFO] [1787285265.951456168] [velocity_path_follower]: waypoint 2064 / 5251 도달 (선 이탈 0.22 m)
[velocity_path_follower.py-9] [INFO] [1787285266.351421054] [velocity_path_follower]: waypoint 2065 / 5251 도달 (선 이탈 0.27 m)
[velocity_path_follower.py-9] [INFO] [1787285266.701390419] [velocity_path_follower]: waypoint 2066 / 5251 도달 (선 이탈 0.30 m)
[velocity_path_follower.py-9] [INFO] [1787285267.053518820] [velocity_path_follower]: waypoint 2067 / 5251 도달 (선 이탈 0.33 m)
[velocity_path_follower.py-9] [INFO] [1787285267.403812491] [velocity_path_follower]: waypoint 2068 / 5251 도달 (선 이탈 0.36 m)
[velocity_path_follower.py-9] [INFO] [1787285267.805465624] [velocity_path_follower]: waypoint 2069 / 5251 도달 (선 이탈 0.37 m)
[velocity_path_follower.py-9] [INFO] [1787285268.155714506] [velocity_path_follower]: waypoint 2070 / 5251 도달 (선 이탈 0.38 m)
[velocity_path_follower.py-9] [INFO] [1787285268.305599495] [velocity_path_follower]: 885.0s  wp 2071/5251 이탈0.4m  위치 ( -15.35,  -125.72,   8.99)
[velocity_path_follower.py-9] [INFO] [1787285268.505965184] [velocity_path_follower]: waypoint 2071 / 5251 도달 (선 이탈 0.38 m)
[velocity_path_follower.py-9] [INFO] [1787285268.863625817] [velocity_path_follower]: waypoint 2072 / 5251 도달 (선 이탈 0.38 m)
[velocity_path_follower.py-9] [INFO] [1787285269.263794442] [velocity_path_follower]: waypoint 2073 / 5251 도달 (선 이탈 0.36 m)
[velocity_path_follower.py-9] [INFO] [1787285269.613663123] [velocity_path_follower]: waypoint 2074 / 5251 도달 (선 이탈 0.35 m)
[velocity_path_follower.py-9] [INFO] [1787285269.963455011] [velocity_path_follower]: waypoint 2075 / 5251 도달 (선 이탈 0.32 m)
[velocity_path_follower.py-9] [INFO] [1787285270.313853958] [velocity_path_follower]: waypoint 2076 / 5251 도달 (선 이탈 0.29 m)
[velocity_path_follower.py-9] [INFO] [1787285270.663438392] [velocity_path_follower]: waypoint 2077 / 5251 도달 (선 이탈 0.27 m)
[velocity_path_follower.py-9] [INFO] [1787285271.063597573] [velocity_path_follower]: waypoint 2078 / 5251 도달 (선 이탈 0.23 m)
[velocity_path_follower.py-9] [INFO] [1787285271.415447429] [velocity_path_follower]: waypoint 2079 / 5251 도달 (선 이탈 0.19 m)
[velocity_path_follower.py-9] [INFO] [1787285271.765427586] [velocity_path_follower]: waypoint 2080 / 5251 도달 (선 이탈 0.15 m)
[velocity_path_follower.py-9] [INFO] [1787285272.115672085] [velocity_path_follower]: waypoint 2081 / 5251 도달 (선 이탈 0.12 m)
[velocity_path_follower.py-9] [INFO] [1787285272.468062999] [velocity_path_follower]: waypoint 2082 / 5251 도달 (선 이탈 0.08 m)
[velocity_path_follower.py-9] [INFO] [1787285272.819971655] [velocity_path_follower]: waypoint 2083 / 5251 도달 (선 이탈 0.04 m)
[velocity_path_follower.py-9] [INFO] [1787285273.172254113] [velocity_path_follower]: waypoint 2084 / 5251 도달 (선 이탈 0.01 m)
[velocity_path_follower.py-9] [INFO] [1787285273.322015369] [velocity_path_follower]: 890.0s  wp 2085/5251 이탈0.0m  위치 (  -8.38,  -126.11,   7.12)
[velocity_path_follower.py-9] [INFO] [1787285273.574694734] [velocity_path_follower]: waypoint 2085 / 5251 도달 (선 이탈 0.03 m)
[velocity_path_follower.py-9] [INFO] [1787285273.874544876] [velocity_path_follower]: waypoint 2086 / 5251 도달 (선 이탈 0.06 m)
[velocity_path_follower.py-9] [INFO] [1787285274.279900010] [velocity_path_follower]: waypoint 2087 / 5251 도달 (선 이탈 0.09 m)
[velocity_path_follower.py-9] [INFO] [1787285277.928235758] [velocity_path_follower]: waypoint 2088 / 5251 도달 (선 이탈 0.28 m)
[velocity_path_follower.py-9] [INFO] [1787285277.976963648] [velocity_path_follower]: waypoint 2089 / 5251 도달 (선 이탈 0.28 m)
[velocity_path_follower.py-9] [INFO] [1787285278.026973768] [velocity_path_follower]: waypoint 2090 / 5251 도달 (선 이탈 0.29 m)
[velocity_path_follower.py-9] [INFO] [1787285278.076990972] [velocity_path_follower]: waypoint 2091 / 5251 도달 (선 이탈 0.29 m)
[velocity_path_follower.py-9] [INFO] [1787285278.127209387] [velocity_path_follower]: waypoint 2092 / 5251 도달 (선 이탈 0.29 m)
[velocity_path_follower.py-9] [INFO] [1787285278.176931253] [velocity_path_follower]: waypoint 2093 / 5251 도달 (선 이탈 0.29 m)
[velocity_path_follower.py-9] [INFO] [1787285278.230630851] [velocity_path_follower]: waypoint 2094 / 5251 도달 (선 이탈 0.29 m)
[velocity_path_follower.py-9] [INFO] [1787285278.285678721] [velocity_path_follower]: waypoint 2095 / 5251 도달 (선 이탈 0.29 m)
[velocity_path_follower.py-9] [INFO] [1787285278.434960528] [velocity_path_follower]: 895.0s  wp 2096/5251 이탈0.3m  위치 (  -2.84,  -126.40,   6.73)
[velocity_path_follower.py-9] [INFO] [1787285278.789652864] [velocity_path_follower]: waypoint 2096 / 5251 도달 (선 이탈 0.31 m)
[velocity_path_follower.py-9] [INFO] [1787285279.489764727] [velocity_path_follower]: waypoint 2097 / 5251 도달 (선 이탈 0.31 m)
[velocity_path_follower.py-9] [INFO] [1787285280.089654601] [velocity_path_follower]: waypoint 2098 / 5251 도달 (선 이탈 0.30 m)
[velocity_path_follower.py-9] [INFO] [1787285280.641809526] [velocity_path_follower]: waypoint 2099 / 5251 도달 (선 이탈 0.27 m)
[velocity_path_follower.py-9] [INFO] [1787285281.195253353] [velocity_path_follower]: waypoint 2100 / 5251 도달 (선 이탈 0.24 m)
[velocity_path_follower.py-9] [INFO] [1787285281.695390217] [velocity_path_follower]: waypoint 2101 / 5251 도달 (선 이탈 0.20 m)
[velocity_path_follower.py-9] [INFO] [1787285282.198685930] [velocity_path_follower]: waypoint 2102 / 5251 도달 (선 이탈 0.16 m)
[velocity_path_follower.py-9] [INFO] [1787285282.651431100] [velocity_path_follower]: waypoint 2103 / 5251 도달 (선 이탈 0.12 m)
[velocity_path_follower.py-9] [INFO] [1787285283.103663430] [velocity_path_follower]: waypoint 2104 / 5251 도달 (선 이탈 0.08 m)
[velocity_path_follower.py-9] [INFO] [1787285283.453336640] [velocity_path_follower]: 900.0s  wp 2105/5251 이탈0.1m  위치 (   1.79,  -126.15,   7.77)
[velocity_path_follower.py-9] [INFO] [1787285283.553592188] [velocity_path_follower]: waypoint 2105 / 5251 도달 (선 이탈 0.04 m)
[velocity_path_follower.py-9] [INFO] [1787285284.006592914] [velocity_path_follower]: waypoint 2106 / 5251 도달 (선 이탈 0.01 m)
[velocity_path_follower.py-9] [INFO] [1787285284.458809596] [velocity_path_follower]: waypoint 2107 / 5251 도달 (선 이탈 0.03 m)
[velocity_path_follower.py-9] [INFO] [1787285284.861724454] [velocity_path_follower]: waypoint 2108 / 5251 도달 (선 이탈 0.06 m)
[velocity_path_follower.py-9] [INFO] [1787285285.261784936] [velocity_path_follower]: waypoint 2109 / 5251 도달 (선 이탈 0.09 m)
[velocity_path_follower.py-9] [INFO] [1787285285.716646423] [velocity_path_follower]: waypoint 2110 / 5251 도달 (선 이탈 0.11 m)
[velocity_path_follower.py-9] [INFO] [1787285286.116652869] [velocity_path_follower]: waypoint 2111 / 5251 도달 (선 이탈 0.13 m)
[velocity_path_follower.py-9] [INFO] [1787285286.516662738] [velocity_path_follower]: waypoint 2112 / 5251 도달 (선 이탈 0.14 m)
[velocity_path_follower.py-9] [INFO] [1787285286.871112760] [velocity_path_follower]: waypoint 2113 / 5251 도달 (선 이탈 0.15 m)
[velocity_path_follower.py-9] [INFO] [1787285287.273772972] [velocity_path_follower]: waypoint 2114 / 5251 도달 (선 이탈 0.16 m)
[velocity_path_follower.py-9] [INFO] [1787285287.675559921] [velocity_path_follower]: waypoint 2115 / 5251 도달 (선 이탈 0.16 m)
[velocity_path_follower.py-9] [INFO] [1787285288.027556120] [velocity_path_follower]: waypoint 2116 / 5251 도달 (선 이탈 0.16 m)
[velocity_path_follower.py-9] [INFO] [1787285288.427453672] [velocity_path_follower]: waypoint 2117 / 5251 도달 (선 이탈 0.16 m)
[velocity_path_follower.py-9] [INFO] [1787285288.477926311] [velocity_path_follower]: 905.0s  wp 2118/5251 이탈0.2m  위치 (   8.01,  -125.94,   9.23)
[velocity_path_follower.py-9] [INFO] [1787285288.827404308] [velocity_path_follower]: waypoint 2118 / 5251 도달 (선 이탈 0.15 m)
[velocity_path_follower.py-9] [INFO] [1787285289.177798282] [velocity_path_follower]: waypoint 2119 / 5251 도달 (선 이탈 0.14 m)
[velocity_path_follower.py-9] [INFO] [1787285289.577707344] [velocity_path_follower]: waypoint 2120 / 5251 도달 (선 이탈 0.13 m)
[velocity_path_follower.py-9] [INFO] [1787285289.927433727] [velocity_path_follower]: waypoint 2121 / 5251 도달 (선 이탈 0.11 m)
[velocity_path_follower.py-9] [INFO] [1787285290.332975808] [velocity_path_follower]: waypoint 2122 / 5251 도달 (선 이탈 0.10 m)
[velocity_path_follower.py-9] [INFO] [1787285290.682961745] [velocity_path_follower]: waypoint 2123 / 5251 도달 (선 이탈 0.08 m)
[velocity_path_follower.py-9] [INFO] [1787285291.035664396] [velocity_path_follower]: waypoint 2124 / 5251 도달 (선 이탈 0.07 m)
[velocity_path_follower.py-9] [INFO] [1787285291.438648277] [velocity_path_follower]: waypoint 2125 / 5251 도달 (선 이탈 0.05 m)
[velocity_path_follower.py-9] [INFO] [1787285291.788587847] [velocity_path_follower]: waypoint 2126 / 5251 도달 (선 이탈 0.03 m)
[velocity_path_follower.py-9] [INFO] [1787285292.142648364] [velocity_path_follower]: waypoint 2127 / 5251 도달 (선 이탈 0.02 m)
[velocity_path_follower.py-9] [INFO] [1787285292.492550982] [velocity_path_follower]: waypoint 2128 / 5251 도달 (선 이탈 0.00 m)
[velocity_path_follower.py-9] [INFO] [1787285292.842605270] [velocity_path_follower]: waypoint 2129 / 5251 도달 (선 이탈 0.01 m)
[velocity_path_follower.py-9] [INFO] [1787285293.202872652] [velocity_path_follower]: waypoint 2130 / 5251 도달 (선 이탈 0.03 m)
[velocity_path_follower.py-9] [INFO] [1787285293.500075011] [velocity_path_follower]: 910.0s  wp 2131/5251 이탈0.0m  위치 (  14.80,  -126.14,  11.19)
[velocity_path_follower.py-9] [INFO] [1787285293.603021669] [velocity_path_follower]: waypoint 2131 / 5251 도달 (선 이탈 0.04 m)
[velocity_path_follower.py-9] [INFO] [1787285293.952676625] [velocity_path_follower]: waypoint 2132 / 5251 도달 (선 이탈 0.05 m)
[velocity_path_follower.py-9] [INFO] [1787285294.302673384] [velocity_path_follower]: waypoint 2133 / 5251 도달 (선 이탈 0.06 m)
[velocity_path_follower.py-9] [INFO] [1787285294.655749864] [velocity_path_follower]: waypoint 2134 / 5251 도달 (선 이탈 0.07 m)
[velocity_path_follower.py-9] [INFO] [1787285295.060423510] [velocity_path_follower]: waypoint 2135 / 5251 도달 (선 이탈 0.08 m)
[velocity_path_follower.py-9] [INFO] [1787285295.360619100] [velocity_path_follower]: waypoint 2136 / 5251 도달 (선 이탈 0.08 m)
[velocity_path_follower.py-9] [INFO] [1787285295.765463173] [velocity_path_follower]: waypoint 2137 / 5251 도달 (선 이탈 0.08 m)
[velocity_path_follower.py-9] [INFO] [1787285296.115650447] [velocity_path_follower]: waypoint 2138 / 5251 도달 (선 이탈 0.08 m)
[velocity_path_follower.py-9] [INFO] [1787285296.470605141] [velocity_path_follower]: waypoint 2139 / 5251 도달 (선 이탈 0.08 m)
[velocity_path_follower.py-9] [INFO] [1787285296.820571791] [velocity_path_follower]: waypoint 2140 / 5251 도달 (선 이탈 0.08 m)
[velocity_path_follower.py-9] [INFO] [1787285297.170666156] [velocity_path_follower]: waypoint 2141 / 5251 도달 (선 이탈 0.08 m)
[velocity_path_follower.py-9] [INFO] [1787285297.520721857] [velocity_path_follower]: waypoint 2142 / 5251 도달 (선 이탈 0.07 m)
[velocity_path_follower.py-9] [INFO] [1787285297.870729724] [velocity_path_follower]: waypoint 2143 / 5251 도달 (선 이탈 0.07 m)
[velocity_path_follower.py-9] [INFO] [1787285298.223096178] [velocity_path_follower]: waypoint 2144 / 5251 도달 (선 이탈 0.06 m)
[velocity_path_follower.py-9] [INFO] [1787285298.522392648] [velocity_path_follower]: 915.0s  wp 2145/5251 이탈0.1m  위치 (  21.85,  -126.16,  11.48)
[velocity_path_follower.py-9] [INFO] [1787285298.572654754] [velocity_path_follower]: waypoint 2145 / 5251 도달 (선 이탈 0.06 m)
[velocity_path_follower.py-9] [INFO] [1787285298.933965529] [velocity_path_follower]: waypoint 2146 / 5251 도달 (선 이탈 0.05 m)
[velocity_path_follower.py-9] [INFO] [1787285299.283713572] [velocity_path_follower]: waypoint 2147 / 5251 도달 (선 이탈 0.04 m)
[velocity_path_follower.py-9] [INFO] [1787285299.634178379] [velocity_path_follower]: waypoint 2148 / 5251 도달 (선 이탈 0.03 m)
[velocity_path_follower.py-9] [INFO] [1787285299.983908798] [velocity_path_follower]: waypoint 2149 / 5251 도달 (선 이탈 0.02 m)
[velocity_path_follower.py-9] [INFO] [1787285300.336415314] [velocity_path_follower]: waypoint 2150 / 5251 도달 (선 이탈 0.01 m)
[velocity_path_follower.py-9] [INFO] [1787285300.688720118] [velocity_path_follower]: waypoint 2151 / 5251 도달 (선 이탈 0.01 m)
[velocity_path_follower.py-9] [INFO] [1787285301.038652840] [velocity_path_follower]: waypoint 2152 / 5251 도달 (선 이탈 0.00 m)
[velocity_path_follower.py-9] [INFO] [1787285301.388676571] [velocity_path_follower]: waypoint 2153 / 5251 도달 (선 이탈 0.01 m)
[velocity_path_follower.py-9] [INFO] [1787285301.738686886] [velocity_path_follower]: waypoint 2154 / 5251 도달 (선 이탈 0.02 m)
[velocity_path_follower.py-9] [INFO] [1787285302.090691527] [velocity_path_follower]: waypoint 2155 / 5251 도달 (선 이탈 0.02 m)
[velocity_path_follower.py-9] [INFO] [1787285302.440458178] [velocity_path_follower]: waypoint 2156 / 5251 도달 (선 이탈 0.03 m)
[velocity_path_follower.py-9] [INFO] [1787285302.842778145] [velocity_path_follower]: waypoint 2157 / 5251 도달 (선 이탈 0.03 m)
[velocity_path_follower.py-9] [INFO] [1787285303.142665070] [velocity_path_follower]: waypoint 2158 / 5251 도달 (선 이탈 0.04 m)
[velocity_path_follower.py-9] [INFO] [1787285303.495415154] [velocity_path_follower]: waypoint 2159 / 5251 도달 (선 이탈 0.04 m)
[velocity_path_follower.py-9] [INFO] [1787285303.545633681] [velocity_path_follower]: 920.0s  wp 2160/5251 이탈0.0m  위치 (  29.03,  -126.06,  10.56)
[velocity_path_follower.py-9] [INFO] [1787285303.847660313] [velocity_path_follower]: waypoint 2160 / 5251 도달 (선 이탈 0.04 m)
[velocity_path_follower.py-9] [INFO] [1787285304.197424267] [velocity_path_follower]: waypoint 2161 / 5251 도달 (선 이탈 0.04 m)
[velocity_path_follower.py-9] [INFO] [1787285304.547583023] [velocity_path_follower]: waypoint 2162 / 5251 도달 (선 이탈 0.05 m)
[velocity_path_follower.py-9] [INFO] [1787285304.897666653] [velocity_path_follower]: waypoint 2163 / 5251 도달 (선 이탈 0.05 m)
[velocity_path_follower.py-9] [INFO] [1787285305.247643410] [velocity_path_follower]: waypoint 2164 / 5251 도달 (선 이탈 0.04 m)
[velocity_path_follower.py-9] [INFO] [1787285305.597443792] [velocity_path_follower]: waypoint 2165 / 5251 도달 (선 이탈 0.04 m)
[velocity_path_follower.py-9] [INFO] [1787285305.947412261] [velocity_path_follower]: waypoint 2166 / 5251 도달 (선 이탈 0.04 m)
[velocity_path_follower.py-9] [INFO] [1787285306.297681115] [velocity_path_follower]: waypoint 2167 / 5251 도달 (선 이탈 0.04 m)
[velocity_path_follower.py-9] [INFO] [1787285306.647582006] [velocity_path_follower]: waypoint 2168 / 5251 도달 (선 이탈 0.03 m)
[velocity_path_follower.py-9] [INFO] [1787285306.997734110] [velocity_path_follower]: waypoint 2169 / 5251 도달 (선 이탈 0.03 m)
[velocity_path_follower.py-9] [INFO] [1787285307.297603772] [velocity_path_follower]: waypoint 2170 / 5251 도달 (선 이탈 0.03 m)
[velocity_path_follower.py-9] [INFO] [1787285307.699624943] [velocity_path_follower]: waypoint 2171 / 5251 도달 (선 이탈 0.02 m)
[velocity_path_follower.py-9] [INFO] [1787285307.999517439] [velocity_path_follower]: waypoint 2172 / 5251 도달 (선 이탈 0.02 m)
[velocity_path_follower.py-9] [INFO] [1787285308.399536833] [velocity_path_follower]: waypoint 2173 / 5251 도달 (선 이탈 0.01 m)
[velocity_path_follower.py-9] [INFO] [1787285308.549446292] [velocity_path_follower]: 925.0s  wp 2174/5251 이탈0.0m  위치 (  36.19,  -126.09,  11.49)
[velocity_path_follower.py-9] [INFO] [1787285308.701704541] [velocity_path_follower]: waypoint 2174 / 5251 도달 (선 이탈 0.01 m)
[velocity_path_follower.py-9] [INFO] [1787285309.051843911] [velocity_path_follower]: waypoint 2175 / 5251 도달 (선 이탈 0.00 m)
[velocity_path_follower.py-9] [INFO] [1787285309.401779033] [velocity_path_follower]: waypoint 2176 / 5251 도달 (선 이탈 0.00 m)
[velocity_path_follower.py-9] [INFO] [1787285309.751588611] [velocity_path_follower]: waypoint 2177 / 5251 도달 (선 이탈 0.00 m)
[velocity_path_follower.py-9] [INFO] [1787285310.101642112] [velocity_path_follower]: waypoint 2178 / 5251 도달 (선 이탈 0.01 m)
[velocity_path_follower.py-9] [INFO] [1787285310.451648992] [velocity_path_follower]: waypoint 2179 / 5251 도달 (선 이탈 0.01 m)
[velocity_path_follower.py-9] [INFO] [1787285310.801457411] [velocity_path_follower]: waypoint 2180 / 5251 도달 (선 이탈 0.01 m)
[velocity_path_follower.py-9] [INFO] [1787285311.151598255] [velocity_path_follower]: waypoint 2181 / 5251 도달 (선 이탈 0.02 m)
[velocity_path_follower.py-9] [INFO] [1787285311.501585518] [velocity_path_follower]: waypoint 2182 / 5251 도달 (선 이탈 0.02 m)
[velocity_path_follower.py-9] [INFO] [1787285311.851862493] [velocity_path_follower]: waypoint 2183 / 5251 도달 (선 이탈 0.02 m)
[velocity_path_follower.py-9] [INFO] [1787285312.201595589] [velocity_path_follower]: waypoint 2184 / 5251 도달 (선 이탈 0.02 m)
[velocity_path_follower.py-9] [INFO] [1787285312.551848321] [velocity_path_follower]: waypoint 2185 / 5251 도달 (선 이탈 0.02 m)
[velocity_path_follower.py-9] [INFO] [1787285312.901453543] [velocity_path_follower]: waypoint 2186 / 5251 도달 (선 이탈 0.02 m)
[velocity_path_follower.py-9] [INFO] [1787285313.202226672] [velocity_path_follower]: waypoint 2187 / 5251 도달 (선 이탈 0.02 m)
[velocity_path_follower.py-9] [INFO] [1787285313.551587855] [velocity_path_follower]: 930.0s  wp 2188/5251 이탈0.0m  위치 (  43.39,  -126.12,  12.93)
[velocity_path_follower.py-9] [INFO] [1787285313.601610139] [velocity_path_follower]: waypoint 2188 / 5251 도달 (선 이탈 0.02 m)
[velocity_path_follower.py-9] [INFO] [1787285313.901534673] [velocity_path_follower]: waypoint 2189 / 5251 도달 (선 이탈 0.02 m)
[velocity_path_follower.py-9] [INFO] [1787285314.301583907] [velocity_path_follower]: waypoint 2190 / 5251 도달 (선 이탈 0.02 m)
[velocity_path_follower.py-9] [INFO] [1787285314.601653658] [velocity_path_follower]: waypoint 2191 / 5251 도달 (선 이탈 0.02 m)
[velocity_path_follower.py-9] [INFO] [1787285314.951576607] [velocity_path_follower]: waypoint 2192 / 5251 도달 (선 이탈 0.02 m)
[velocity_path_follower.py-9] [INFO] [1787285315.301721900] [velocity_path_follower]: waypoint 2193 / 5251 도달 (선 이탈 0.02 m)
[velocity_path_follower.py-9] [INFO] [1787285315.651760984] [velocity_path_follower]: waypoint 2194 / 5251 도달 (선 이탈 0.01 m)
[velocity_path_follower.py-9] [INFO] [1787285316.001676315] [velocity_path_follower]: waypoint 2195 / 5251 도달 (선 이탈 0.01 m)
[velocity_path_follower.py-9] [INFO] [1787285316.351572945] [velocity_path_follower]: waypoint 2196 / 5251 도달 (선 이탈 0.01 m)
[velocity_path_follower.py-9] [INFO] [1787285316.701375907] [velocity_path_follower]: waypoint 2197 / 5251 도달 (선 이탈 0.01 m)
[velocity_path_follower.py-9] [INFO] [1787285317.051638086] [velocity_path_follower]: waypoint 2198 / 5251 도달 (선 이탈 0.00 m)
[velocity_path_follower.py-9] [INFO] [1787285317.401764143] [velocity_path_follower]: waypoint 2199 / 5251 도달 (선 이탈 0.00 m)
[velocity_path_follower.py-9] [INFO] [1787285317.751735156] [velocity_path_follower]: waypoint 2200 / 5251 도달 (선 이탈 0.00 m)
[velocity_path_follower.py-9] [INFO] [1787285318.101640462] [velocity_path_follower]: waypoint 2201 / 5251 도달 (선 이탈 0.00 m)
[velocity_path_follower.py-9] [INFO] [1787285318.451604149] [velocity_path_follower]: waypoint 2202 / 5251 도달 (선 이탈 0.00 m)
[velocity_path_follower.py-9] [INFO] [1787285318.551647727] [velocity_path_follower]: 935.0s  wp 2203/5251 이탈0.0m  위치 (  50.63,  -126.10,  11.88)
[velocity_path_follower.py-9] [INFO] [1787285318.801687588] [velocity_path_follower]: waypoint 2203 / 5251 도달 (선 이탈 0.01 m)
[velocity_path_follower.py-9] [INFO] [1787285319.101659363] [velocity_path_follower]: waypoint 2204 / 5251 도달 (선 이탈 0.01 m)
[velocity_path_follower.py-9] [INFO] [1787285319.501736432] [velocity_path_follower]: waypoint 2205 / 5251 도달 (선 이탈 0.01 m)
[velocity_path_follower.py-9] [INFO] [1787285319.801647085] [velocity_path_follower]: waypoint 2206 / 5251 도달 (선 이탈 0.01 m)
[velocity_path_follower.py-9] [INFO] [1787285320.151452363] [velocity_path_follower]: waypoint 2207 / 5251 도달 (선 이탈 0.01 m)
[velocity_path_follower.py-9] [INFO] [1787285320.501783070] [velocity_path_follower]: waypoint 2208 / 5251 도달 (선 이탈 0.01 m)
[velocity_path_follower.py-9] [INFO] [1787285320.852841582] [velocity_path_follower]: waypoint 2209 / 5251 도달 (선 이탈 0.01 m)
[velocity_path_follower.py-9] [INFO] [1787285321.201637516] [velocity_path_follower]: waypoint 2210 / 5251 도달 (선 이탈 0.01 m)
[velocity_path_follower.py-9] [INFO] [1787285321.552123316] [velocity_path_follower]: waypoint 2211 / 5251 도달 (선 이탈 0.01 m)
[velocity_path_follower.py-9] [INFO] [1787285321.901741518] [velocity_path_follower]: waypoint 2212 / 5251 도달 (선 이탈 0.01 m)
[velocity_path_follower.py-9] [INFO] [1787285322.251827025] [velocity_path_follower]: waypoint 2213 / 5251 도달 (선 이탈 0.01 m)
[velocity_path_follower.py-9] [INFO] [1787285322.605269384] [velocity_path_follower]: waypoint 2214 / 5251 도달 (선 이탈 0.01 m)
[velocity_path_follower.py-9] [INFO] [1787285322.954541128] [velocity_path_follower]: waypoint 2215 / 5251 도달 (선 이탈 0.01 m)
[velocity_path_follower.py-9] [INFO] [1787285323.308181038] [velocity_path_follower]: waypoint 2216 / 5251 도달 (선 이탈 0.01 m)
[velocity_path_follower.py-9] [INFO] [1787285323.558117964] [velocity_path_follower]: 940.0s  wp 2217/5251 이탈0.0m  위치 (  57.81,  -126.09,   9.00)
[velocity_path_follower.py-9] [INFO] [1787285323.658141426] [velocity_path_follower]: waypoint 2217 / 5251 도달 (선 이탈 0.01 m)
[velocity_path_follower.py-9] [INFO] [1787285324.008151524] [velocity_path_follower]: waypoint 2218 / 5251 도달 (선 이탈 0.01 m)
[velocity_path_follower.py-9] [INFO] [1787285324.308204459] [velocity_path_follower]: waypoint 2219 / 5251 도달 (선 이탈 0.01 m)
[velocity_path_follower.py-9] [INFO] [1787285324.658060769] [velocity_path_follower]: waypoint 2220 / 5251 도달 (선 이탈 0.01 m)
[velocity_path_follower.py-9] [INFO] [1787285325.008214960] [velocity_path_follower]: waypoint 2221 / 5251 도달 (선 이탈 0.01 m)
[velocity_path_follower.py-9] [INFO] [1787285328.564994534] [velocity_path_follower]: 945.0s  wp 2222/5251 이탈2.4m  위치 (  63.76,  -124.67,   9.60)
[velocity_path_follower.py-9] [INFO] [1787285330.014069987] [velocity_path_follower]: waypoint 2222 / 5251 도달 (선 이탈 2.88 m)
[ros2-8] [INFO] [1787285330.203616379] [rosbag2_cpp]: Writing remaining messages from cache to the bag. It may take a while
[velocity_path_follower.py-9] [INFO] [1787285333.567732432] [velocity_path_follower]: 950.0s  wp 2224/5251 이탈1.0m  위치 (  63.36,  -121.13,  10.77)
[velocity_path_follower.py-9] [INFO] [1787285334.970866832] [velocity_path_follower]: waypoint 2224 / 5251 도달 (선 이탈 1.41 m)
[velocity_path_follower.py-9] [INFO] [1787285335.620299955] [velocity_path_follower]: waypoint 2225 / 5251 도달 (선 이탈 1.49 m)
[velocity_path_follower.py-9] [INFO] [1787285336.220326164] [velocity_path_follower]: waypoint 2226 / 5251 도달 (선 이탈 1.49 m)
[velocity_path_follower.py-9] [INFO] [1787285336.820174918] [velocity_path_follower]: waypoint 2227 / 5251 도달 (선 이탈 1.44 m)
[velocity_path_follower.py-9] [INFO] [1787285337.420722609] [velocity_path_follower]: waypoint 2228 / 5251 도달 (선 이탈 1.33 m)
[velocity_path_follower.py-9] [INFO] [1787285337.921233439] [velocity_path_follower]: waypoint 2229 / 5251 도달 (선 이탈 1.21 m)
[velocity_path_follower.py-9] [INFO] [1787285338.470419311] [velocity_path_follower]: waypoint 2230 / 5251 도달 (선 이탈 1.04 m)
[velocity_path_follower.py-9] [INFO] [1787285338.570117297] [velocity_path_follower]: 955.0s  wp 2231/5251 이탈1.0m  위치 (  59.30,  -121.08,  10.10)
[velocity_path_follower.py-9] [INFO] [1787285339.020117486] [velocity_path_follower]: waypoint 2231 / 5251 도달 (선 이탈 0.86 m)
[velocity_path_follower.py-9] [INFO] [1787285339.520210827] [velocity_path_follower]: waypoint 2232 / 5251 도달 (선 이탈 0.67 m)
[velocity_path_follower.py-9] [INFO] [1787285340.020573465] [velocity_path_follower]: waypoint 2233 / 5251 도달 (선 이탈 0.48 m)
[velocity_path_follower.py-9] [INFO] [1787285340.470279165] [velocity_path_follower]: waypoint 2234 / 5251 도달 (선 이탈 0.31 m)
[velocity_path_follower.py-9] [INFO] [1787285340.920796546] [velocity_path_follower]: waypoint 2235 / 5251 도달 (선 이탈 0.13 m)
[velocity_path_follower.py-9] [INFO] [1787285341.370283624] [velocity_path_follower]: waypoint 2236 / 5251 도달 (선 이탈 0.03 m)
[velocity_path_follower.py-9] [INFO] [1787285341.820166502] [velocity_path_follower]: waypoint 2237 / 5251 도달 (선 이탈 0.18 m)
[velocity_path_follower.py-9] [INFO] [1787285342.220260494] [velocity_path_follower]: waypoint 2238 / 5251 도달 (선 이탈 0.30 m)
[velocity_path_follower.py-9] [INFO] [1787285342.670197506] [velocity_path_follower]: waypoint 2239 / 5251 도달 (선 이탈 0.42 m)
[velocity_path_follower.py-9] [INFO] [1787285343.070286044] [velocity_path_follower]: waypoint 2240 / 5251 도달 (선 이탈 0.51 m)
[velocity_path_follower.py-9] [INFO] [1787285343.520237315] [velocity_path_follower]: waypoint 2241 / 5251 도달 (선 이탈 0.60 m)
[velocity_path_follower.py-9] [INFO] [1787285343.570049166] [velocity_path_follower]: 960.0s  wp 2242/5251 이탈0.6m  위치 (  53.78,  -122.70,   9.68)
[velocity_path_follower.py-9] [INFO] [1787285343.920126730] [velocity_path_follower]: waypoint 2242 / 5251 도달 (선 이탈 0.65 m)
[velocity_path_follower.py-9] [INFO] [1787285344.320345033] [velocity_path_follower]: waypoint 2243 / 5251 도달 (선 이탈 0.69 m)
[velocity_path_follower.py-9] [INFO] [1787285344.720301498] [velocity_path_follower]: waypoint 2244 / 5251 도달 (선 이탈 0.71 m)
[velocity_path_follower.py-9] [INFO] [1787285345.070379779] [velocity_path_follower]: waypoint 2245 / 5251 도달 (선 이탈 0.71 m)
[velocity_path_follower.py-9] [INFO] [1787285345.614211668] [velocity_path_follower]: waypoint 2246 / 5251 도달 (선 이탈 0.70 m)
[velocity_path_follower.py-9] [INFO] [1787285346.014190100] [velocity_path_follower]: waypoint 2247 / 5251 도달 (선 이탈 0.67 m)
[velocity_path_follower.py-9] [INFO] [1787285346.364229724] [velocity_path_follower]: waypoint 2248 / 5251 도달 (선 이탈 0.64 m)
[velocity_path_follower.py-9] [INFO] [1787285346.764137412] [velocity_path_follower]: waypoint 2249 / 5251 도달 (선 이탈 0.59 m)
[velocity_path_follower.py-9] [INFO] [1787285347.164272481] [velocity_path_follower]: waypoint 2250 / 5251 도달 (선 이탈 0.53 m)
[velocity_path_follower.py-9] [INFO] [1787285347.514244069] [velocity_path_follower]: waypoint 2251 / 5251 도달 (선 이탈 0.47 m)
[velocity_path_follower.py-9] [INFO] [1787285347.914343726] [velocity_path_follower]: waypoint 2252 / 5251 도달 (선 이탈 0.40 m)
[velocity_path_follower.py-9] [INFO] [1787285348.314377345] [velocity_path_follower]: waypoint 2253 / 5251 도달 (선 이탈 0.32 m)
[velocity_path_follower.py-9] [INFO] [1787285348.664298230] [velocity_path_follower]: waypoint 2254 / 5251 도달 (선 이탈 0.25 m)
[velocity_path_follower.py-9] [INFO] [1787285348.714146378] [velocity_path_follower]: 965.1s  wp 2255/5251 이탈0.2m  위치 (  47.33,  -122.34,  12.18)
[velocity_path_follower.py-9] [INFO] [1787285349.064220183] [velocity_path_follower]: waypoint 2255 / 5251 도달 (선 이탈 0.17 m)
[velocity_path_follower.py-9] [INFO] [1787285349.416449366] [velocity_path_follower]: waypoint 2256 / 5251 도달 (선 이탈 0.10 m)
[velocity_path_follower.py-9] [INFO] [1787285349.818386362] [velocity_path_follower]: waypoint 2257 / 5251 도달 (선 이탈 0.02 m)
[velocity_path_follower.py-9] [INFO] [1787285350.218575246] [velocity_path_follower]: waypoint 2258 / 5251 도달 (선 이탈 0.05 m)
[velocity_path_follower.py-9] [INFO] [1787285350.568878526] [velocity_path_follower]: waypoint 2259 / 5251 도달 (선 이탈 0.11 m)
[velocity_path_follower.py-9] [INFO] [1787285350.918362123] [velocity_path_follower]: waypoint 2260 / 5251 도달 (선 이탈 0.16 m)
[velocity_path_follower.py-9] [INFO] [1787285351.268594490] [velocity_path_follower]: waypoint 2261 / 5251 도달 (선 이탈 0.21 m)
[velocity_path_follower.py-9] [INFO] [1787285351.668503796] [velocity_path_follower]: waypoint 2262 / 5251 도달 (선 이탈 0.26 m)
[velocity_path_follower.py-9] [INFO] [1787285352.018386199] [velocity_path_follower]: waypoint 2263 / 5251 도달 (선 이탈 0.30 m)
[velocity_path_follower.py-9] [INFO] [1787285352.420852267] [velocity_path_follower]: waypoint 2264 / 5251 도달 (선 이탈 0.33 m)
[velocity_path_follower.py-9] [INFO] [1787285352.770410754] [velocity_path_follower]: waypoint 2265 / 5251 도달 (선 이탈 0.35 m)
[velocity_path_follower.py-9] [INFO] [1787285353.120426918] [velocity_path_follower]: waypoint 2266 / 5251 도달 (선 이탈 0.36 m)
[velocity_path_follower.py-9] [INFO] [1787285353.470661297] [velocity_path_follower]: waypoint 2267 / 5251 도달 (선 이탈 0.37 m)
[velocity_path_follower.py-9] [INFO] [1787285353.670336953] [velocity_path_follower]: 970.0s  wp 2268/5251 이탈0.4m  위치 (  40.60,  -121.73,  13.10)
[velocity_path_follower.py-9] [INFO] [1787285353.820444169] [velocity_path_follower]: waypoint 2268 / 5251 도달 (선 이탈 0.37 m)
[velocity_path_follower.py-9] [INFO] [1787285354.220451495] [velocity_path_follower]: waypoint 2269 / 5251 도달 (선 이탈 0.36 m)
[velocity_path_follower.py-9] [INFO] [1787285354.570438460] [velocity_path_follower]: waypoint 2270 / 5251 도달 (선 이탈 0.35 m)
[velocity_path_follower.py-9] [INFO] [1787285354.920709389] [velocity_path_follower]: waypoint 2271 / 5251 도달 (선 이탈 0.33 m)
[velocity_path_follower.py-9] [INFO] [1787285355.270626690] [velocity_path_follower]: waypoint 2272 / 5251 도달 (선 이탈 0.31 m)
[velocity_path_follower.py-9] [INFO] [1787285355.620618953] [velocity_path_follower]: waypoint 2273 / 5251 도달 (선 이탈 0.28 m)
[velocity_path_follower.py-9] [INFO] [1787285356.020701124] [velocity_path_follower]: waypoint 2274 / 5251 도달 (선 이탈 0.25 m)
[velocity_path_follower.py-9] [INFO] [1787285356.320448773] [velocity_path_follower]: waypoint 2275 / 5251 도달 (선 이탈 0.22 m)
[velocity_path_follower.py-9] [INFO] [1787285356.720378031] [velocity_path_follower]: waypoint 2276 / 5251 도달 (선 이탈 0.18 m)
[velocity_path_follower.py-9] [INFO] [1787285357.070520721] [velocity_path_follower]: waypoint 2277 / 5251 도달 (선 이탈 0.15 m)
[velocity_path_follower.py-9] [INFO] [1787285357.420453578] [velocity_path_follower]: waypoint 2278 / 5251 도달 (선 이탈 0.11 m)
[velocity_path_follower.py-9] [INFO] [1787285357.770375935] [velocity_path_follower]: waypoint 2279 / 5251 도달 (선 이탈 0.07 m)
[velocity_path_follower.py-9] [INFO] [1787285358.120456713] [velocity_path_follower]: waypoint 2280 / 5251 도달 (선 이탈 0.04 m)
[velocity_path_follower.py-9] [INFO] [1787285358.470606914] [velocity_path_follower]: waypoint 2281 / 5251 도달 (선 이탈 0.00 m)
[velocity_path_follower.py-9] [INFO] [1787285358.670319837] [velocity_path_follower]: 975.0s  wp 2282/5251 이탈0.0m  위치 (  33.61,  -122.12,  11.72)
[velocity_path_follower.py-9] [INFO] [1787285358.820400858] [velocity_path_follower]: waypoint 2282 / 5251 도달 (선 이탈 0.03 m)
[velocity_path_follower.py-9] [INFO] [1787285359.173050315] [velocity_path_follower]: waypoint 2283 / 5251 도달 (선 이탈 0.06 m)
[velocity_path_follower.py-9] [INFO] [1787285359.523070311] [velocity_path_follower]: waypoint 2284 / 5251 도달 (선 이탈 0.09 m)
[velocity_path_follower.py-9] [INFO] [1787285359.922873837] [velocity_path_follower]: waypoint 2285 / 5251 도달 (선 이탈 0.12 m)
[velocity_path_follower.py-9] [INFO] [1787285360.222829801] [velocity_path_follower]: waypoint 2286 / 5251 도달 (선 이탈 0.14 m)
[velocity_path_follower.py-9] [INFO] [1787285360.623609852] [velocity_path_follower]: waypoint 2287 / 5251 도달 (선 이탈 0.16 m)
[velocity_path_follower.py-9] [INFO] [1787285360.972799714] [velocity_path_follower]: waypoint 2288 / 5251 도달 (선 이탈 0.17 m)
[velocity_path_follower.py-9] [INFO] [1787285361.322957598] [velocity_path_follower]: waypoint 2289 / 5251 도달 (선 이탈 0.18 m)
[velocity_path_follower.py-9] [INFO] [1787285361.672727310] [velocity_path_follower]: waypoint 2290 / 5251 도달 (선 이탈 0.19 m)
[velocity_path_follower.py-9] [INFO] [1787285362.022999322] [velocity_path_follower]: waypoint 2291 / 5251 도달 (선 이탈 0.19 m)
[velocity_path_follower.py-9] [INFO] [1787285362.375782470] [velocity_path_follower]: waypoint 2292 / 5251 도달 (선 이탈 0.19 m)
[velocity_path_follower.py-9] [INFO] [1787285362.727616475] [velocity_path_follower]: waypoint 2293 / 5251 도달 (선 이탈 0.19 m)
[velocity_path_follower.py-9] [INFO] [1787285363.077558738] [velocity_path_follower]: waypoint 2294 / 5251 도달 (선 이탈 0.18 m)
[velocity_path_follower.py-9] [INFO] [1787285363.377682971] [velocity_path_follower]: waypoint 2295 / 5251 도달 (선 이탈 0.17 m)
[velocity_path_follower.py-9] [INFO] [1787285363.677620659] [velocity_path_follower]: 980.0s  wp 2296/5251 이탈0.2m  위치 (  26.49,  -122.27,  11.06)
[velocity_path_follower.py-9] [INFO] [1787285363.777655278] [velocity_path_follower]: waypoint 2296 / 5251 도달 (선 이탈 0.16 m)
[velocity_path_follower.py-9] [INFO] [1787285364.127764593] [velocity_path_follower]: waypoint 2297 / 5251 도달 (선 이탈 0.15 m)
[velocity_path_follower.py-9] [INFO] [1787285364.484851623] [velocity_path_follower]: waypoint 2298 / 5251 도달 (선 이탈 0.13 m)
[velocity_path_follower.py-9] [INFO] [1787285364.834728520] [velocity_path_follower]: waypoint 2299 / 5251 도달 (선 이탈 0.12 m)
[velocity_path_follower.py-9] [INFO] [1787285365.184431001] [velocity_path_follower]: waypoint 2300 / 5251 도달 (선 이탈 0.10 m)
[velocity_path_follower.py-9] [INFO] [1787285365.534732413] [velocity_path_follower]: waypoint 2301 / 5251 도달 (선 이탈 0.08 m)
[velocity_path_follower.py-9] [INFO] [1787285365.884796153] [velocity_path_follower]: waypoint 2302 / 5251 도달 (선 이탈 0.06 m)
[velocity_path_follower.py-9] [INFO] [1787285366.237693408] [velocity_path_follower]: waypoint 2303 / 5251 도달 (선 이탈 0.04 m)
[velocity_path_follower.py-9] [INFO] [1787285366.587453273] [velocity_path_follower]: waypoint 2304 / 5251 도달 (선 이탈 0.02 m)
[velocity_path_follower.py-9] [INFO] [1787285366.941566260] [velocity_path_follower]: waypoint 2305 / 5251 도달 (선 이탈 0.00 m)
[velocity_path_follower.py-9] [INFO] [1787285367.291669720] [velocity_path_follower]: waypoint 2306 / 5251 도달 (선 이탈 0.01 m)
[velocity_path_follower.py-9] [INFO] [1787285367.649671618] [velocity_path_follower]: waypoint 2307 / 5251 도달 (선 이탈 0.03 m)
[velocity_path_follower.py-9] [INFO] [1787285367.955713646] [velocity_path_follower]: waypoint 2308 / 5251 도달 (선 이탈 0.04 m)
[velocity_path_follower.py-9] [INFO] [1787285368.307849733] [velocity_path_follower]: waypoint 2309 / 5251 도달 (선 이탈 0.06 m)
[velocity_path_follower.py-9] [INFO] [1787285368.657940741] [velocity_path_follower]: waypoint 2310 / 5251 도달 (선 이탈 0.07 m)
[velocity_path_follower.py-9] [INFO] [1787285368.707772281] [velocity_path_follower]: 985.0s  wp 2311/5251 이탈0.1m  위치 (  19.34,  -122.03,   7.14)
[velocity_path_follower.py-9] [INFO] [1787285369.057814872] [velocity_path_follower]: waypoint 2311 / 5251 도달 (선 이탈 0.08 m)
[velocity_path_follower.py-9] [INFO] [1787285369.358016970] [velocity_path_follower]: waypoint 2312 / 5251 도달 (선 이탈 0.08 m)
[velocity_path_follower.py-9] [INFO] [1787285369.707809603] [velocity_path_follower]: waypoint 2313 / 5251 도달 (선 이탈 0.09 m)
[velocity_path_follower.py-9] [INFO] [1787285370.057742949] [velocity_path_follower]: waypoint 2314 / 5251 도달 (선 이탈 0.09 m)
[velocity_path_follower.py-9] [INFO] [1787285370.407657007] [velocity_path_follower]: waypoint 2315 / 5251 도달 (선 이탈 0.10 m)
[velocity_path_follower.py-9] [INFO] [1787285370.758112700] [velocity_path_follower]: waypoint 2316 / 5251 도달 (선 이탈 0.10 m)
[velocity_path_follower.py-9] [INFO] [1787285371.112580636] [velocity_path_follower]: waypoint 2317 / 5251 도달 (선 이탈 0.10 m)
[velocity_path_follower.py-9] [INFO] [1787285371.464419110] [velocity_path_follower]: waypoint 2318 / 5251 도달 (선 이탈 0.09 m)
[velocity_path_follower.py-9] [INFO] [1787285371.814398717] [velocity_path_follower]: waypoint 2319 / 5251 도달 (선 이탈 0.09 m)
[velocity_path_follower.py-9] [INFO] [1787285372.164691124] [velocity_path_follower]: waypoint 2320 / 5251 도달 (선 이탈 0.08 m)
[velocity_path_follower.py-9] [INFO] [1787285372.514402440] [velocity_path_follower]: waypoint 2321 / 5251 도달 (선 이탈 0.07 m)
[velocity_path_follower.py-9] [INFO] [1787285372.864682516] [velocity_path_follower]: waypoint 2322 / 5251 도달 (선 이탈 0.07 m)
[velocity_path_follower.py-9] [INFO] [1787285373.214570089] [velocity_path_follower]: waypoint 2323 / 5251 도달 (선 이탈 0.06 m)
[velocity_path_follower.py-9] [INFO] [1787285373.564867838] [velocity_path_follower]: waypoint 2324 / 5251 도달 (선 이탈 0.05 m)
[velocity_path_follower.py-9] [INFO] [1787285373.714367344] [velocity_path_follower]: 990.0s  wp 2325/5251 이탈0.0m  위치 (  12.15,  -122.06,   9.90)
[velocity_path_follower.py-9] [INFO] [1787285373.914373822] [velocity_path_follower]: waypoint 2325 / 5251 도달 (선 이탈 0.04 m)
[velocity_path_follower.py-9] [INFO] [1787285374.214876949] [velocity_path_follower]: waypoint 2326 / 5251 도달 (선 이탈 0.03 m)
[velocity_path_follower.py-9] [INFO] [1787285374.614587657] [velocity_path_follower]: waypoint 2327 / 5251 도달 (선 이탈 0.02 m)
[velocity_path_follower.py-9] [INFO] [1787285374.966641027] [velocity_path_follower]: waypoint 2328 / 5251 도달 (선 이탈 0.01 m)
[velocity_path_follower.py-9] [INFO] [1787285375.266793444] [velocity_path_follower]: waypoint 2329 / 5251 도달 (선 이탈 0.00 m)
[velocity_path_follower.py-9] [INFO] [1787285375.666589577] [velocity_path_follower]: waypoint 2330 / 5251 도달 (선 이탈 0.01 m)
[velocity_path_follower.py-9] [INFO] [1787285375.966672993] [velocity_path_follower]: waypoint 2331 / 5251 도달 (선 이탈 0.02 m)
[velocity_path_follower.py-9] [INFO] [1787285376.366682719] [velocity_path_follower]: waypoint 2332 / 5251 도달 (선 이탈 0.03 m)
[velocity_path_follower.py-9] [INFO] [1787285376.666646430] [velocity_path_follower]: waypoint 2333 / 5251 도달 (선 이탈 0.03 m)
[velocity_path_follower.py-9] [INFO] [1787285377.018992984] [velocity_path_follower]: waypoint 2334 / 5251 도달 (선 이탈 0.04 m)
[velocity_path_follower.py-9] [INFO] [1787285377.368804705] [velocity_path_follower]: waypoint 2335 / 5251 도달 (선 이탈 0.04 m)
[velocity_path_follower.py-9] [INFO] [1787285377.721030137] [velocity_path_follower]: waypoint 2336 / 5251 도달 (선 이탈 0.05 m)
[velocity_path_follower.py-9] [INFO] [1787285378.071300576] [velocity_path_follower]: waypoint 2337 / 5251 도달 (선 이탈 0.05 m)
[velocity_path_follower.py-9] [INFO] [1787285378.421145095] [velocity_path_follower]: waypoint 2338 / 5251 도달 (선 이탈 0.05 m)
[velocity_path_follower.py-9] [INFO] [1787285378.720838268] [velocity_path_follower]: 995.0s  wp 2339/5251 이탈0.1m  위치 (   4.94,  -122.15,  11.12)
[velocity_path_follower.py-9] [INFO] [1787285378.771093365] [velocity_path_follower]: waypoint 2339 / 5251 도달 (선 이탈 0.05 m)
[velocity_path_follower.py-9] [INFO] [1787285379.120941886] [velocity_path_follower]: waypoint 2340 / 5251 도달 (선 이탈 0.05 m)
[velocity_path_follower.py-9] [INFO] [1787285379.471210585] [velocity_path_follower]: waypoint 2341 / 5251 도달 (선 이탈 0.05 m)
[velocity_path_follower.py-9] [INFO] [1787285379.821236779] [velocity_path_follower]: waypoint 2342 / 5251 도달 (선 이탈 0.05 m)
[velocity_path_follower.py-9] [INFO] [1787285380.121135213] [velocity_path_follower]: waypoint 2343 / 5251 도달 (선 이탈 0.05 m)
[velocity_path_follower.py-9] [INFO] [1787285380.521191674] [velocity_path_follower]: waypoint 2344 / 5251 도달 (선 이탈 0.05 m)
[velocity_path_follower.py-9] [INFO] [1787285380.871129914] [velocity_path_follower]: waypoint 2345 / 5251 도달 (선 이탈 0.04 m)
[velocity_path_follower.py-9] [INFO] [1787285381.171048271] [velocity_path_follower]: waypoint 2346 / 5251 도달 (선 이탈 0.04 m)
[velocity_path_follower.py-9] [INFO] [1787285381.571216282] [velocity_path_follower]: waypoint 2347 / 5251 도달 (선 이탈 0.03 m)
[velocity_path_follower.py-9] [INFO] [1787285381.871010638] [velocity_path_follower]: waypoint 2348 / 5251 도달 (선 이탈 0.03 m)
[velocity_path_follower.py-9] [INFO] [1787285382.220935887] [velocity_path_follower]: waypoint 2349 / 5251 도달 (선 이탈 0.02 m)
[velocity_path_follower.py-9] [INFO] [1787285382.571283937] [velocity_path_follower]: waypoint 2350 / 5251 도달 (선 이탈 0.02 m)
[velocity_path_follower.py-9] [INFO] [1787285382.921035309] [velocity_path_follower]: waypoint 2351 / 5251 도달 (선 이탈 0.01 m)
[velocity_path_follower.py-9] [INFO] [1787285383.272972060] [velocity_path_follower]: waypoint 2352 / 5251 도달 (선 이탈 0.01 m)
[velocity_path_follower.py-9] [INFO] [1787285383.624240091] [velocity_path_follower]: waypoint 2353 / 5251 도달 (선 이탈 0.00 m)
[velocity_path_follower.py-9] [INFO] [1787285383.726687037] [velocity_path_follower]: 1000.0s  wp 2354/5251 이탈0.0m  위치 (  -2.29,  -122.10,   9.06)
[velocity_path_follower.py-9] [INFO] [1787285383.976783729] [velocity_path_follower]: waypoint 2354 / 5251 도달 (선 이탈 0.00 m)
[velocity_path_follower.py-9] [INFO] [1787285384.326436902] [velocity_path_follower]: waypoint 2355 / 5251 도달 (선 이탈 0.01 m)
[velocity_path_follower.py-9] [INFO] [1787285384.676465499] [velocity_path_follower]: waypoint 2356 / 5251 도달 (선 이탈 0.01 m)
[velocity_path_follower.py-9] [INFO] [1787285385.026647599] [velocity_path_follower]: waypoint 2357 / 5251 도달 (선 이탈 0.01 m)
[velocity_path_follower.py-9] [INFO] [1787285385.376433488] [velocity_path_follower]: waypoint 2358 / 5251 도달 (선 이탈 0.02 m)
[velocity_path_follower.py-9] [INFO] [1787285385.726457590] [velocity_path_follower]: waypoint 2359 / 5251 도달 (선 이탈 0.02 m)
[velocity_path_follower.py-9] [INFO] [1787285386.076574653] [velocity_path_follower]: waypoint 2360 / 5251 도달 (선 이탈 0.02 m)
[velocity_path_follower.py-9] [INFO] [1787285386.426455300] [velocity_path_follower]: waypoint 2361 / 5251 도달 (선 이탈 0.02 m)
[velocity_path_follower.py-9] [INFO] [1787285386.779395462] [velocity_path_follower]: waypoint 2362 / 5251 도달 (선 이탈 0.03 m)
[velocity_path_follower.py-9] [INFO] [1787285387.079639309] [velocity_path_follower]: waypoint 2363 / 5251 도달 (선 이탈 0.03 m)
[velocity_path_follower.py-9] [INFO] [1787285387.479372349] [velocity_path_follower]: waypoint 2364 / 5251 도달 (선 이탈 0.03 m)
[velocity_path_follower.py-9] [INFO] [1787285387.781450110] [velocity_path_follower]: waypoint 2365 / 5251 도달 (선 이탈 0.03 m)
[velocity_path_follower.py-9] [INFO] [1787285388.821047432] [velocity_path_follower]: 1005.0s  climb       위치 (  -9.45,  -122.08,   6.10)
[velocity_path_follower.py-9] [INFO] [1787285392.115422911] [velocity_path_follower]: waypoint 2366 / 5251 도달 (선 이탈 0.02 m)
[velocity_path_follower.py-9] [INFO] [1787285392.164067988] [velocity_path_follower]: waypoint 2367 / 5251 도달 (선 이탈 0.02 m)
[velocity_path_follower.py-9] [INFO] [1787285392.214065633] [velocity_path_follower]: waypoint 2368 / 5251 도달 (선 이탈 0.02 m)
[velocity_path_follower.py-9] [INFO] [1787285392.264185197] [velocity_path_follower]: waypoint 2369 / 5251 도달 (선 이탈 0.02 m)
[velocity_path_follower.py-9] [INFO] [1787285392.313987921] [velocity_path_follower]: waypoint 2370 / 5251 도달 (선 이탈 0.02 m)
[velocity_path_follower.py-9] [INFO] [1787285392.364069318] [velocity_path_follower]: waypoint 2371 / 5251 도달 (선 이탈 0.02 m)
[velocity_path_follower.py-9] [INFO] [1787285392.413846209] [velocity_path_follower]: waypoint 2372 / 5251 도달 (선 이탈 0.02 m)
[velocity_path_follower.py-9] [INFO] [1787285392.463762643] [velocity_path_follower]: waypoint 2373 / 5251 도달 (선 이탈 0.02 m)
[velocity_path_follower.py-9] [INFO] [1787285392.513993584] [velocity_path_follower]: waypoint 2374 / 5251 도달 (선 이탈 0.02 m)
[velocity_path_follower.py-9] [INFO] [1787285393.069213235] [velocity_path_follower]: waypoint 2375 / 5251 도달 (선 이탈 0.02 m)
[velocity_path_follower.py-9] [INFO] [1787285393.841167497] [velocity_path_follower]: waypoint 2376 / 5251 도달 (선 이탈 0.01 m)
[velocity_path_follower.py-9] [INFO] [1787285394.293764611] [velocity_path_follower]: 1010.0s  wp 2377/5251 이탈0.0m  위치 ( -13.96,  -122.09,   7.93)
[velocity_path_follower.py-9] [INFO] [1787285394.520028397] [velocity_path_follower]: waypoint 2377 / 5251 도달 (선 이탈 0.01 m)
[velocity_path_follower.py-9] [INFO] [1787285395.090736564] [velocity_path_follower]: waypoint 2378 / 5251 도달 (선 이탈 0.01 m)
[velocity_path_follower.py-9] [INFO] [1787285395.585963528] [velocity_path_follower]: waypoint 2379 / 5251 도달 (선 이탈 0.01 m)
[velocity_path_follower.py-9] [INFO] [1787285396.086046460] [velocity_path_follower]: waypoint 2380 / 5251 도달 (선 이탈 0.00 m)
[velocity_path_follower.py-9] [INFO] [1787285396.586072981] [velocity_path_follower]: waypoint 2381 / 5251 도달 (선 이탈 0.00 m)
[velocity_path_follower.py-9] [INFO] [1787285397.086043668] [velocity_path_follower]: waypoint 2382 / 5251 도달 (선 이탈 0.00 m)
[velocity_path_follower.py-9] [INFO] [1787285397.486019106] [velocity_path_follower]: waypoint 2383 / 5251 도달 (선 이탈 0.00 m)
[velocity_path_follower.py-9] [INFO] [1787285397.986128344] [velocity_path_follower]: waypoint 2384 / 5251 도달 (선 이탈 0.00 m)
[velocity_path_follower.py-9] [INFO] [1787285398.386183456] [velocity_path_follower]: waypoint 2385 / 5251 도달 (선 이탈 0.01 m)
[velocity_path_follower.py-9] [INFO] [1787285398.851434879] [velocity_path_follower]: waypoint 2386 / 5251 도달 (선 이탈 0.01 m)
[velocity_path_follower.py-9] [INFO] [1787285399.250813024] [velocity_path_follower]: waypoint 2387 / 5251 도달 (선 이탈 0.01 m)
[velocity_path_follower.py-9] [INFO] [1787285399.350654112] [velocity_path_follower]: 1015.0s  wp 2388/5251 이탈0.0m  위치 ( -19.24,  -122.11,  10.58)
[velocity_path_follower.py-9] [INFO] [1787285399.652779594] [velocity_path_follower]: waypoint 2388 / 5251 도달 (선 이탈 0.01 m)
[velocity_path_follower.py-9] [INFO] [1787285400.052941299] [velocity_path_follower]: waypoint 2389 / 5251 도달 (선 이탈 0.01 m)
[velocity_path_follower.py-9] [INFO] [1787285400.453104591] [velocity_path_follower]: waypoint 2390 / 5251 도달 (선 이탈 0.01 m)
[velocity_path_follower.py-9] [INFO] [1787285400.883729166] [velocity_path_follower]: waypoint 2391 / 5251 도달 (선 이탈 0.01 m)
[velocity_path_follower.py-9] [INFO] [1787285401.294943296] [velocity_path_follower]: waypoint 2392 / 5251 도달 (선 이탈 0.01 m)
[velocity_path_follower.py-9] [INFO] [1787285401.702272522] [velocity_path_follower]: waypoint 2393 / 5251 도달 (선 이탈 0.01 m)
[velocity_path_follower.py-9] [INFO] [1787285402.168100686] [velocity_path_follower]: waypoint 2394 / 5251 도달 (선 이탈 0.01 m)
[velocity_path_follower.py-9] [INFO] [1787285402.516432345] [velocity_path_follower]: waypoint 2395 / 5251 도달 (선 이탈 0.01 m)
[velocity_path_follower.py-9] [INFO] [1787285402.916770403] [velocity_path_follower]: waypoint 2396 / 5251 도달 (선 이탈 0.01 m)
[velocity_path_follower.py-9] [INFO] [1787285403.316675832] [velocity_path_follower]: waypoint 2397 / 5251 도달 (선 이탈 0.01 m)
[velocity_path_follower.py-9] [INFO] [1787285403.666640902] [velocity_path_follower]: waypoint 2398 / 5251 도달 (선 이탈 0.01 m)
[velocity_path_follower.py-9] [INFO] [1787285404.016714016] [velocity_path_follower]: waypoint 2399 / 5251 도달 (선 이탈 0.00 m)
[velocity_path_follower.py-9] [INFO] [1787285404.420550901] [velocity_path_follower]: waypoint 2400 / 5251 도달 (선 이탈 0.00 m)
[velocity_path_follower.py-9] [INFO] [1787285404.470225173] [velocity_path_follower]: 1020.0s  wp 2401/5251 이탈0.0m  위치 ( -25.69,  -122.10,   9.12)
[velocity_path_follower.py-9] [INFO] [1787285404.772723684] [velocity_path_follower]: waypoint 2401 / 5251 도달 (선 이탈 0.00 m)
[velocity_path_follower.py-9] [INFO] [1787285405.173084256] [velocity_path_follower]: waypoint 2402 / 5251 도달 (선 이탈 0.00 m)
[velocity_path_follower.py-9] [INFO] [1787285405.522674079] [velocity_path_follower]: waypoint 2403 / 5251 도달 (선 이탈 0.00 m)
[velocity_path_follower.py-9] [INFO] [1787285405.872900289] [velocity_path_follower]: waypoint 2404 / 5251 도달 (선 이탈 0.00 m)
[velocity_path_follower.py-9] [INFO] [1787285406.272410852] [velocity_path_follower]: waypoint 2405 / 5251 도달 (선 이탈 0.00 m)
[velocity_path_follower.py-9] [INFO] [1787285406.636109489] [velocity_path_follower]: waypoint 2406 / 5251 도달 (선 이탈 0.00 m)
[velocity_path_follower.py-9] [INFO] [1787285406.986125283] [velocity_path_follower]: waypoint 2407 / 5251 도달 (선 이탈 0.00 m)
[velocity_path_follower.py-9] [INFO] [1787285407.551852295] [velocity_path_follower]: waypoint 2408 / 5251 도달 (선 이탈 0.00 m)
[velocity_path_follower.py-9] [INFO] [1787285407.951011984] [velocity_path_follower]: waypoint 2409 / 5251 도달 (선 이탈 0.00 m)
[velocity_path_follower.py-9] [INFO] [1787285408.299795555] [velocity_path_follower]: waypoint 2410 / 5251 도달 (선 이탈 0.00 m)
[velocity_path_follower.py-9] [INFO] [1787285408.649852985] [velocity_path_follower]: waypoint 2411 / 5251 도달 (선 이탈 0.00 m)
[velocity_path_follower.py-9] [INFO] [1787285408.999807997] [velocity_path_follower]: waypoint 2412 / 5251 도달 (선 이탈 0.00 m)
[velocity_path_follower.py-9] [INFO] [1787285409.352164934] [velocity_path_follower]: waypoint 2413 / 5251 도달 (선 이탈 0.00 m)
[velocity_path_follower.py-9] [INFO] [1787285409.702165534] [velocity_path_follower]: waypoint 2414 / 5251 도달 (선 이탈 0.00 m)
[velocity_path_follower.py-9] [INFO] [1787285409.752106315] [velocity_path_follower]: 1025.1s  wp 2415/5251 이탈0.0m  위치 ( -32.69,  -122.10,   8.47)
[velocity_path_follower.py-9] [INFO] [1787285410.052359139] [velocity_path_follower]: waypoint 2415 / 5251 도달 (선 이탈 0.00 m)
[velocity_path_follower.py-9] [INFO] [1787285410.452345485] [velocity_path_follower]: waypoint 2416 / 5251 도달 (선 이탈 0.00 m)
[velocity_path_follower.py-9] [INFO] [1787285410.756705057] [velocity_path_follower]: waypoint 2417 / 5251 도달 (선 이탈 0.00 m)
[velocity_path_follower.py-9] [INFO] [1787285411.107529972] [velocity_path_follower]: waypoint 2418 / 5251 도달 (선 이탈 0.00 m)
[velocity_path_follower.py-9] [INFO] [1787285411.506670391] [velocity_path_follower]: waypoint 2419 / 5251 도달 (선 이탈 0.00 m)
[velocity_path_follower.py-9] [INFO] [1787285411.856760711] [velocity_path_follower]: waypoint 2420 / 5251 도달 (선 이탈 0.00 m)
[velocity_path_follower.py-9] [INFO] [1787285412.206675448] [velocity_path_follower]: waypoint 2421 / 5251 도달 (선 이탈 0.00 m)
[velocity_path_follower.py-9] [INFO] [1787285412.556585853] [velocity_path_follower]: waypoint 2422 / 5251 도달 (선 이탈 0.00 m)
[velocity_path_follower.py-9] [INFO] [1787285412.906780139] [velocity_path_follower]: waypoint 2423 / 5251 도달 (선 이탈 0.00 m)
[velocity_path_follower.py-9] [INFO] [1787285414.706570445] [velocity_path_follower]: 1030.0s  wp 2424/5251 이탈0.9m  위치 ( -39.53,  -121.74,   8.07)
[velocity_path_follower.py-9] [INFO] [1787285419.834155306] [velocity_path_follower]: 1035.0s  climb       위치 ( -41.92,  -118.66,   6.03)
[velocity_path_follower.py-9] [INFO] [1787285420.881149623] [velocity_path_follower]: waypoint 2424 / 5251 도달 (선 이탈 3.50 m)
[velocity_path_follower.py-9] [INFO] [1787285424.837871228] [velocity_path_follower]: 1040.0s  wp 2426/5251 이탈0.7m  위치 ( -40.68,  -117.36,   7.50)
[velocity_path_follower.py-9] [INFO] [1787285426.188180107] [velocity_path_follower]: waypoint 2426 / 5251 도달 (선 이탈 0.67 m)
[velocity_path_follower.py-9] [INFO] [1787285426.687957749] [velocity_path_follower]: waypoint 2427 / 5251 도달 (선 이탈 0.60 m)
[velocity_path_follower.py-9] [INFO] [1787285427.237899733] [velocity_path_follower]: waypoint 2428 / 5251 도달 (선 이탈 0.52 m)
[velocity_path_follower.py-9] [INFO] [1787285427.742837605] [velocity_path_follower]: waypoint 2429 / 5251 도달 (선 이탈 0.43 m)
[velocity_path_follower.py-9] [INFO] [1787285428.242358544] [velocity_path_follower]: waypoint 2430 / 5251 도달 (선 이탈 0.33 m)
[velocity_path_follower.py-9] [INFO] [1787285428.692409867] [velocity_path_follower]: waypoint 2431 / 5251 도달 (선 이탈 0.24 m)
[velocity_path_follower.py-9] [INFO] [1787285429.192592491] [velocity_path_follower]: waypoint 2432 / 5251 도달 (선 이탈 0.13 m)
[velocity_path_follower.py-9] [INFO] [1787285429.592418687] [velocity_path_follower]: waypoint 2433 / 5251 도달 (선 이탈 0.05 m)
[velocity_path_follower.py-9] [INFO] [1787285429.842242995] [velocity_path_follower]: 1045.0s  wp 2434/5251 이탈0.0m  위치 ( -35.81,  -118.09,   6.66)
[velocity_path_follower.py-9] [INFO] [1787285430.042295972] [velocity_path_follower]: waypoint 2434 / 5251 도달 (선 이탈 0.03 m)
[velocity_path_follower.py-9] [INFO] [1787285430.492382599] [velocity_path_follower]: waypoint 2435 / 5251 도달 (선 이탈 0.11 m)
[velocity_path_follower.py-9] [INFO] [1787285430.893635994] [velocity_path_follower]: waypoint 2436 / 5251 도달 (선 이탈 0.17 m)
[velocity_path_follower.py-9] [INFO] [1787285431.295991040] [velocity_path_follower]: waypoint 2437 / 5251 도달 (선 이탈 0.23 m)
[velocity_path_follower.py-9] [INFO] [1787285431.695802537] [velocity_path_follower]: waypoint 2438 / 5251 도달 (선 이탈 0.27 m)
[velocity_path_follower.py-9] [INFO] [1787285432.095973043] [velocity_path_follower]: waypoint 2439 / 5251 도달 (선 이탈 0.31 m)
[velocity_path_follower.py-9] [INFO] [1787285432.495738254] [velocity_path_follower]: waypoint 2440 / 5251 도달 (선 이탈 0.34 m)
[velocity_path_follower.py-9] [INFO] [1787285432.897792383] [velocity_path_follower]: waypoint 2441 / 5251 도달 (선 이탈 0.36 m)
[velocity_path_follower.py-9] [INFO] [1787285433.295707353] [velocity_path_follower]: waypoint 2442 / 5251 도달 (선 이탈 0.37 m)
[velocity_path_follower.py-9] [INFO] [1787285433.695887201] [velocity_path_follower]: waypoint 2443 / 5251 도달 (선 이탈 0.37 m)
[velocity_path_follower.py-9] [INFO] [1787285434.095923632] [velocity_path_follower]: waypoint 2444 / 5251 도달 (선 이탈 0.36 m)
[velocity_path_follower.py-9] [INFO] [1787285434.445809680] [velocity_path_follower]: waypoint 2445 / 5251 도달 (선 이탈 0.35 m)
[velocity_path_follower.py-9] [INFO] [1787285434.845773238] [velocity_path_follower]: waypoint 2446 / 5251 도달 (선 이탈 0.33 m)
[velocity_path_follower.py-9] [INFO] [1787285434.895719953] [velocity_path_follower]: 1050.1s  wp 2447/5251 이탈0.3m  위치 ( -29.48,  -118.42,   9.50)
[velocity_path_follower.py-9] [INFO] [1787285435.198249840] [velocity_path_follower]: waypoint 2447 / 5251 도달 (선 이탈 0.30 m)
[velocity_path_follower.py-9] [INFO] [1787285435.604454731] [velocity_path_follower]: waypoint 2448 / 5251 도달 (선 이탈 0.27 m)
[velocity_path_follower.py-9] [INFO] [1787285435.953996028] [velocity_path_follower]: waypoint 2449 / 5251 도달 (선 이탈 0.24 m)
[velocity_path_follower.py-9] [INFO] [1787285436.353917969] [velocity_path_follower]: waypoint 2450 / 5251 도달 (선 이탈 0.20 m)
[velocity_path_follower.py-9] [INFO] [1787285436.703952905] [velocity_path_follower]: waypoint 2451 / 5251 도달 (선 이탈 0.17 m)
[velocity_path_follower.py-9] [INFO] [1787285437.103929849] [velocity_path_follower]: waypoint 2452 / 5251 도달 (선 이탈 0.13 m)
[velocity_path_follower.py-9] [INFO] [1787285437.453842912] [velocity_path_follower]: waypoint 2453 / 5251 도달 (선 이탈 0.09 m)
[velocity_path_follower.py-9] [INFO] [1787285437.803891602] [velocity_path_follower]: waypoint 2454 / 5251 도달 (선 이탈 0.05 m)
[velocity_path_follower.py-9] [INFO] [1787285438.206189556] [velocity_path_follower]: waypoint 2455 / 5251 도달 (선 이탈 0.01 m)
[velocity_path_follower.py-9] [INFO] [1787285438.556192833] [velocity_path_follower]: waypoint 2456 / 5251 도달 (선 이탈 0.02 m)
[velocity_path_follower.py-9] [INFO] [1787285438.906379364] [velocity_path_follower]: waypoint 2457 / 5251 도달 (선 이탈 0.05 m)
[velocity_path_follower.py-9] [INFO] [1787285439.256357727] [velocity_path_follower]: waypoint 2458 / 5251 도달 (선 이탈 0.08 m)
[velocity_path_follower.py-9] [INFO] [1787285439.606258049] [velocity_path_follower]: waypoint 2459 / 5251 도달 (선 이탈 0.11 m)
[velocity_path_follower.py-9] [INFO] [1787285439.856232934] [velocity_path_follower]: 1055.0s  wp 2460/5251 이탈0.1m  위치 ( -22.73,  -117.97,  10.04)
[velocity_path_follower.py-9] [INFO] [1787285440.006159380] [velocity_path_follower]: waypoint 2460 / 5251 도달 (선 이탈 0.14 m)
[velocity_path_follower.py-9] [INFO] [1787285440.358741925] [velocity_path_follower]: waypoint 2461 / 5251 도달 (선 이탈 0.15 m)
[velocity_path_follower.py-9] [INFO] [1787285440.708670959] [velocity_path_follower]: waypoint 2462 / 5251 도달 (선 이탈 0.17 m)
[velocity_path_follower.py-9] [INFO] [1787285441.058774539] [velocity_path_follower]: waypoint 2463 / 5251 도달 (선 이탈 0.18 m)
[velocity_path_follower.py-9] [INFO] [1787285441.408552617] [velocity_path_follower]: waypoint 2464 / 5251 도달 (선 이탈 0.19 m)
[velocity_path_follower.py-9] [INFO] [1787285441.808613629] [velocity_path_follower]: waypoint 2465 / 5251 도달 (선 이탈 0.19 m)
[velocity_path_follower.py-9] [INFO] [1787285442.108683368] [velocity_path_follower]: waypoint 2466 / 5251 도달 (선 이탈 0.20 m)
[velocity_path_follower.py-9] [INFO] [1787285442.508608340] [velocity_path_follower]: waypoint 2467 / 5251 도달 (선 이탈 0.19 m)
[velocity_path_follower.py-9] [INFO] [1787285442.858407172] [velocity_path_follower]: waypoint 2468 / 5251 도달 (선 이탈 0.19 m)
[velocity_path_follower.py-9] [INFO] [1787285443.208395053] [velocity_path_follower]: waypoint 2469 / 5251 도달 (선 이탈 0.18 m)
[velocity_path_follower.py-9] [INFO] [1787285443.558798193] [velocity_path_follower]: waypoint 2470 / 5251 도달 (선 이탈 0.17 m)
[velocity_path_follower.py-9] [INFO] [1787285443.910694237] [velocity_path_follower]: waypoint 2471 / 5251 도달 (선 이탈 0.15 m)
[velocity_path_follower.py-9] [INFO] [1787285444.260593454] [velocity_path_follower]: waypoint 2472 / 5251 도달 (선 이탈 0.14 m)
[velocity_path_follower.py-9] [INFO] [1787285444.610467088] [velocity_path_follower]: waypoint 2473 / 5251 도달 (선 이탈 0.12 m)
[velocity_path_follower.py-9] [INFO] [1787285444.860497281] [velocity_path_follower]: 1060.0s  wp 2474/5251 이탈0.1m  위치 ( -15.73,  -117.99,   8.65)
[velocity_path_follower.py-9] [INFO] [1787285444.960617727] [velocity_path_follower]: waypoint 2474 / 5251 도달 (선 이탈 0.10 m)
[velocity_path_follower.py-9] [INFO] [1787285445.310438864] [velocity_path_follower]: waypoint 2475 / 5251 도달 (선 이탈 0.08 m)
[velocity_path_follower.py-9] [INFO] [1787285445.660697051] [velocity_path_follower]: waypoint 2476 / 5251 도달 (선 이탈 0.06 m)
[velocity_path_follower.py-9] [INFO] [1787285446.010625482] [velocity_path_follower]: waypoint 2477 / 5251 도달 (선 이탈 0.04 m)
[velocity_path_follower.py-9] [INFO] [1787285446.362551498] [velocity_path_follower]: waypoint 2478 / 5251 도달 (선 이탈 0.02 m)
[velocity_path_follower.py-9] [INFO] [1787285446.713412410] [velocity_path_follower]: waypoint 2479 / 5251 도달 (선 이탈 0.01 m)
[velocity_path_follower.py-9] [INFO] [1787285447.064829167] [velocity_path_follower]: waypoint 2480 / 5251 도달 (선 이탈 0.01 m)
[velocity_path_follower.py-9] [INFO] [1787285447.414823858] [velocity_path_follower]: waypoint 2481 / 5251 도달 (선 이탈 0.03 m)
[velocity_path_follower.py-9] [INFO] [1787285447.764883425] [velocity_path_follower]: waypoint 2482 / 5251 도달 (선 이탈 0.04 m)
[velocity_path_follower.py-9] [INFO] [1787285448.114876992] [velocity_path_follower]: waypoint 2483 / 5251 도달 (선 이탈 0.06 m)
[velocity_path_follower.py-9] [INFO] [1787285448.464720226] [velocity_path_follower]: waypoint 2484 / 5251 도달 (선 이탈 0.07 m)
[velocity_path_follower.py-9] [INFO] [1787285448.814843965] [velocity_path_follower]: waypoint 2485 / 5251 도달 (선 이탈 0.08 m)
[velocity_path_follower.py-9] [INFO] [1787285449.167236334] [velocity_path_follower]: waypoint 2486 / 5251 도달 (선 이탈 0.09 m)
[velocity_path_follower.py-9] [INFO] [1787285449.517192783] [velocity_path_follower]: waypoint 2487 / 5251 도달 (선 이탈 0.09 m)
[velocity_path_follower.py-9] [INFO] [1787285449.870019871] [velocity_path_follower]: waypoint 2488 / 5251 도달 (선 이탈 0.10 m)
[velocity_path_follower.py-9] [INFO] [1787285449.922129387] [velocity_path_follower]: 1065.1s  wp 2489/5251 이탈0.1m  위치 (  -8.51,  -118.20,   8.09)
[velocity_path_follower.py-9] [INFO] [1787285450.222244949] [velocity_path_follower]: waypoint 2489 / 5251 도달 (선 이탈 0.10 m)
[velocity_path_follower.py-9] [INFO] [1787285450.572374489] [velocity_path_follower]: waypoint 2490 / 5251 도달 (선 이탈 0.10 m)
[velocity_path_follower.py-9] [INFO] [1787285450.922161522] [velocity_path_follower]: waypoint 2491 / 5251 도달 (선 이탈 0.10 m)
[velocity_path_follower.py-9] [INFO] [1787285451.274648194] [velocity_path_follower]: waypoint 2492 / 5251 도달 (선 이탈 0.10 m)
[velocity_path_follower.py-9] [INFO] [1787285451.624334312] [velocity_path_follower]: waypoint 2493 / 5251 도달 (선 이탈 0.09 m)
[velocity_path_follower.py-9] [INFO] [1787285451.976649690] [velocity_path_follower]: waypoint 2494 / 5251 도달 (선 이탈 0.09 m)
[velocity_path_follower.py-9] [INFO] [1787285452.328837028] [velocity_path_follower]: waypoint 2495 / 5251 도달 (선 이탈 0.08 m)
[velocity_path_follower.py-9] [INFO] [1787285452.678557484] [velocity_path_follower]: waypoint 2496 / 5251 도달 (선 이탈 0.07 m)
[velocity_path_follower.py-9] [INFO] [1787285453.028628073] [velocity_path_follower]: waypoint 2497 / 5251 도달 (선 이탈 0.06 m)
[velocity_path_follower.py-9] [INFO] [1787285454.884743030] [velocity_path_follower]: 1070.0s  climb       위치 (  -1.72,  -118.12,   6.34)
[velocity_path_follower.py-9] [INFO] [1787285455.334761377] [velocity_path_follower]: waypoint 2498 / 5251 도달 (선 이탈 0.01 m)
[velocity_path_follower.py-9] [INFO] [1787285455.385902503] [velocity_path_follower]: waypoint 2499 / 5251 도달 (선 이탈 0.01 m)
[velocity_path_follower.py-9] [INFO] [1787285455.436921668] [velocity_path_follower]: waypoint 2500 / 5251 도달 (선 이탈 0.01 m)
[velocity_path_follower.py-9] [INFO] [1787285455.487050940] [velocity_path_follower]: waypoint 2501 / 5251 도달 (선 이탈 0.01 m)
[velocity_path_follower.py-9] [INFO] [1787285455.539213170] [velocity_path_follower]: waypoint 2502 / 5251 도달 (선 이탈 0.01 m)
[velocity_path_follower.py-9] [INFO] [1787285455.589131230] [velocity_path_follower]: waypoint 2503 / 5251 도달 (선 이탈 0.01 m)
[velocity_path_follower.py-9] [INFO] [1787285456.139190538] [velocity_path_follower]: waypoint 2504 / 5251 도달 (선 이탈 0.00 m)
[velocity_path_follower.py-9] [INFO] [1787285456.643839961] [velocity_path_follower]: waypoint 2505 / 5251 도달 (선 이탈 0.01 m)
[velocity_path_follower.py-9] [INFO] [1787285457.145721957] [velocity_path_follower]: waypoint 2506 / 5251 도달 (선 이탈 0.02 m)
[velocity_path_follower.py-9] [INFO] [1787285457.648815189] [velocity_path_follower]: waypoint 2507 / 5251 도달 (선 이탈 0.02 m)
[velocity_path_follower.py-9] [INFO] [1787285458.148293727] [velocity_path_follower]: waypoint 2508 / 5251 도달 (선 이탈 0.03 m)
[velocity_path_follower.py-9] [INFO] [1787285458.597946876] [velocity_path_follower]: waypoint 2509 / 5251 도달 (선 이탈 0.03 m)
[velocity_path_follower.py-9] [INFO] [1787285459.048135119] [velocity_path_follower]: waypoint 2510 / 5251 도달 (선 이탈 0.03 m)
[velocity_path_follower.py-9] [INFO] [1787285459.450407260] [velocity_path_follower]: waypoint 2511 / 5251 도달 (선 이탈 0.03 m)
[velocity_path_follower.py-9] [INFO] [1787285459.904672379] [velocity_path_follower]: waypoint 2512 / 5251 도달 (선 이탈 0.03 m)
[velocity_path_follower.py-9] [INFO] [1787285459.954651693] [velocity_path_follower]: 1075.1s  wp 2513/5251 이탈0.0m  위치 (   3.49,  -118.07,   9.96)
[velocity_path_follower.py-9] [INFO] [1787285460.375763874] [velocity_path_follower]: waypoint 2513 / 5251 도달 (선 이탈 0.03 m)
[velocity_path_follower.py-9] [INFO] [1787285460.781240000] [velocity_path_follower]: waypoint 2514 / 5251 도달 (선 이탈 0.03 m)
[velocity_path_follower.py-9] [INFO] [1787285461.181107809] [velocity_path_follower]: waypoint 2515 / 5251 도달 (선 이탈 0.03 m)
[velocity_path_follower.py-9] [INFO] [1787285461.583318708] [velocity_path_follower]: waypoint 2516 / 5251 도달 (선 이탈 0.03 m)
[velocity_path_follower.py-9] [INFO] [1787285461.983139352] [velocity_path_follower]: waypoint 2517 / 5251 도달 (선 이탈 0.02 m)
[velocity_path_follower.py-9] [INFO] [1787285462.383416092] [velocity_path_follower]: waypoint 2518 / 5251 도달 (선 이탈 0.02 m)
[velocity_path_follower.py-9] [INFO] [1787285462.785798499] [velocity_path_follower]: waypoint 2519 / 5251 도달 (선 이탈 0.02 m)
[velocity_path_follower.py-9] [INFO] [1787285463.138348929] [velocity_path_follower]: waypoint 2520 / 5251 도달 (선 이탈 0.01 m)
[velocity_path_follower.py-9] [INFO] [1787285463.537597737] [velocity_path_follower]: waypoint 2521 / 5251 도달 (선 이탈 0.01 m)
[velocity_path_follower.py-9] [INFO] [1787285463.887613911] [velocity_path_follower]: waypoint 2522 / 5251 도달 (선 이탈 0.01 m)
[velocity_path_follower.py-9] [INFO] [1787285464.289742613] [velocity_path_follower]: waypoint 2523 / 5251 도달 (선 이탈 0.00 m)
[velocity_path_follower.py-9] [INFO] [1787285464.689542145] [velocity_path_follower]: waypoint 2524 / 5251 도달 (선 이탈 0.00 m)
[velocity_path_follower.py-9] [INFO] [1787285464.939595106] [velocity_path_follower]: 1080.0s  wp 2525/5251 이탈0.0m  위치 (   9.81,  -118.10,  10.70)
[velocity_path_follower.py-9] [INFO] [1787285465.039464155] [velocity_path_follower]: waypoint 2525 / 5251 도달 (선 이탈 0.00 m)
[velocity_path_follower.py-9] [INFO] [1787285465.389701049] [velocity_path_follower]: waypoint 2526 / 5251 도달 (선 이탈 0.01 m)
[velocity_path_follower.py-9] [INFO] [1787285465.789591796] [velocity_path_follower]: waypoint 2527 / 5251 도달 (선 이탈 0.01 m)
[velocity_path_follower.py-9] [INFO] [1787285466.141635352] [velocity_path_follower]: waypoint 2528 / 5251 도달 (선 이탈 0.01 m)
[velocity_path_follower.py-9] [INFO] [1787285466.544751584] [velocity_path_follower]: waypoint 2529 / 5251 도달 (선 이탈 0.01 m)
[velocity_path_follower.py-9] [INFO] [1787285466.896559888] [velocity_path_follower]: waypoint 2530 / 5251 도달 (선 이탈 0.01 m)
[velocity_path_follower.py-9] [INFO] [1787285467.246606744] [velocity_path_follower]: waypoint 2531 / 5251 도달 (선 이탈 0.02 m)
[velocity_path_follower.py-9] [INFO] [1787285467.599763162] [velocity_path_follower]: waypoint 2532 / 5251 도달 (선 이탈 0.02 m)
[velocity_path_follower.py-9] [INFO] [1787285467.949738100] [velocity_path_follower]: waypoint 2533 / 5251 도달 (선 이탈 0.02 m)
[velocity_path_follower.py-9] [INFO] [1787285468.351693109] [velocity_path_follower]: waypoint 2534 / 5251 도달 (선 이탈 0.02 m)
[velocity_path_follower.py-9] [INFO] [1787285468.708825526] [velocity_path_follower]: waypoint 2535 / 5251 도달 (선 이탈 0.02 m)
[velocity_path_follower.py-9] [INFO] [1787285469.059998410] [velocity_path_follower]: waypoint 2536 / 5251 도달 (선 이탈 0.02 m)
[velocity_path_follower.py-9] [INFO] [1787285469.417705051] [velocity_path_follower]: waypoint 2537 / 5251 도달 (선 이탈 0.01 m)
[velocity_path_follower.py-9] [INFO] [1787285469.779998907] [velocity_path_follower]: waypoint 2538 / 5251 도달 (선 이탈 0.01 m)
[velocity_path_follower.py-9] [INFO] [1787285469.980078855] [velocity_path_follower]: 1085.0s  wp 2539/5251 이탈0.0m  위치 (  16.66,  -118.11,   8.59)
[velocity_path_follower.py-9] [INFO] [1787285470.221376284] [velocity_path_follower]: waypoint 2539 / 5251 도달 (선 이탈 0.01 m)
[velocity_path_follower.py-9] [INFO] [1787285470.575937617] [velocity_path_follower]: waypoint 2540 / 5251 도달 (선 이탈 0.01 m)
[velocity_path_follower.py-9] [INFO] [1787285470.933626928] [velocity_path_follower]: waypoint 2541 / 5251 도달 (선 이탈 0.01 m)
[velocity_path_follower.py-9] [INFO] [1787285471.287093284] [velocity_path_follower]: waypoint 2542 / 5251 도달 (선 이탈 0.01 m)
[velocity_path_follower.py-9] [INFO] [1787285471.637007654] [velocity_path_follower]: waypoint 2543 / 5251 도달 (선 이탈 0.01 m)
[velocity_path_follower.py-9] [INFO] [1787285471.989444698] [velocity_path_follower]: waypoint 2544 / 5251 도달 (선 이탈 0.00 m)
[velocity_path_follower.py-9] [INFO] [1787285472.341799120] [velocity_path_follower]: waypoint 2545 / 5251 도달 (선 이탈 0.00 m)
[velocity_path_follower.py-9] [INFO] [1787285472.693765784] [velocity_path_follower]: waypoint 2546 / 5251 도달 (선 이탈 0.00 m)
[velocity_path_follower.py-9] [INFO] [1787285473.093931152] [velocity_path_follower]: waypoint 2547 / 5251 도달 (선 이탈 0.00 m)
[velocity_path_follower.py-9] [INFO] [1787285473.397553948] [velocity_path_follower]: waypoint 2548 / 5251 도달 (선 이탈 0.00 m)
[velocity_path_follower.py-9] [INFO] [1787285473.799603356] [velocity_path_follower]: waypoint 2549 / 5251 도달 (선 이탈 0.00 m)
[velocity_path_follower.py-9] [INFO] [1787285474.099697249] [velocity_path_follower]: waypoint 2550 / 5251 도달 (선 이탈 0.01 m)
[velocity_path_follower.py-9] [INFO] [1787285474.449868469] [velocity_path_follower]: waypoint 2551 / 5251 도달 (선 이탈 0.01 m)
[velocity_path_follower.py-9] [INFO] [1787285474.799739391] [velocity_path_follower]: waypoint 2552 / 5251 도달 (선 이탈 0.01 m)
[velocity_path_follower.py-9] [INFO] [1787285475.049789797] [velocity_path_follower]: 1090.0s  wp 2553/5251 이탈0.0m  위치 (  23.74,  -118.09,  10.78)
[velocity_path_follower.py-9] [INFO] [1787285475.202050936] [velocity_path_follower]: waypoint 2553 / 5251 도달 (선 이탈 0.01 m)
[velocity_path_follower.py-9] [INFO] [1787285475.502745889] [velocity_path_follower]: waypoint 2554 / 5251 도달 (선 이탈 0.01 m)
[velocity_path_follower.py-9] [INFO] [1787285475.902240005] [velocity_path_follower]: waypoint 2555 / 5251 도달 (선 이탈 0.01 m)
[velocity_path_follower.py-9] [INFO] [1787285476.202232988] [velocity_path_follower]: waypoint 2556 / 5251 도달 (선 이탈 0.01 m)
[velocity_path_follower.py-9] [INFO] [1787285476.604124656] [velocity_path_follower]: waypoint 2557 / 5251 도달 (선 이탈 0.01 m)
[velocity_path_follower.py-9] [INFO] [1787285476.906408102] [velocity_path_follower]: waypoint 2558 / 5251 도달 (선 이탈 0.01 m)
[velocity_path_follower.py-9] [INFO] [1787285477.306264066] [velocity_path_follower]: waypoint 2559 / 5251 도달 (선 이탈 0.01 m)
[velocity_path_follower.py-9] [INFO] [1787285477.606327763] [velocity_path_follower]: waypoint 2560 / 5251 도달 (선 이탈 0.01 m)
[velocity_path_follower.py-9] [INFO] [1787285477.959037169] [velocity_path_follower]: waypoint 2561 / 5251 도달 (선 이탈 0.01 m)
[velocity_path_follower.py-9] [INFO] [1787285478.310712392] [velocity_path_follower]: waypoint 2562 / 5251 도달 (선 이탈 0.01 m)
[velocity_path_follower.py-9] [INFO] [1787285478.710895285] [velocity_path_follower]: waypoint 2563 / 5251 도달 (선 이탈 0.01 m)
[velocity_path_follower.py-9] [INFO] [1787285479.010924609] [velocity_path_follower]: waypoint 2564 / 5251 도달 (선 이탈 0.01 m)
[velocity_path_follower.py-9] [INFO] [1787285479.360720757] [velocity_path_follower]: waypoint 2565 / 5251 도달 (선 이탈 0.01 m)
[velocity_path_follower.py-9] [INFO] [1787285479.710581573] [velocity_path_follower]: waypoint 2566 / 5251 도달 (선 이탈 0.01 m)
[velocity_path_follower.py-9] [INFO] [1787285480.060832688] [velocity_path_follower]: waypoint 2567 / 5251 도달 (선 이탈 0.00 m)
[velocity_path_follower.py-9] [INFO] [1787285480.110809680] [velocity_path_follower]: 1095.1s  wp 2568/5251 이탈0.0m  위치 (  30.99,  -118.10,  11.91)
[velocity_path_follower.py-9] [INFO] [1787285480.410705508] [velocity_path_follower]: waypoint 2568 / 5251 도달 (선 이탈 0.00 m)
[velocity_path_follower.py-9] [INFO] [1787285480.760754457] [velocity_path_follower]: waypoint 2569 / 5251 도달 (선 이탈 0.00 m)
[velocity_path_follower.py-9] [INFO] [1787285481.110927908] [velocity_path_follower]: waypoint 2570 / 5251 도달 (선 이탈 0.00 m)
[velocity_path_follower.py-9] [INFO] [1787285481.460903151] [velocity_path_follower]: waypoint 2571 / 5251 도달 (선 이탈 0.00 m)
[velocity_path_follower.py-9] [INFO] [1787285481.810670139] [velocity_path_follower]: waypoint 2572 / 5251 도달 (선 이탈 0.00 m)
[velocity_path_follower.py-9] [INFO] [1787285482.160808177] [velocity_path_follower]: waypoint 2573 / 5251 도달 (선 이탈 0.00 m)
[velocity_path_follower.py-9] [INFO] [1787285482.511026970] [velocity_path_follower]: waypoint 2574 / 5251 도달 (선 이탈 0.00 m)
[velocity_path_follower.py-9] [INFO] [1787285482.860689126] [velocity_path_follower]: waypoint 2575 / 5251 도달 (선 이탈 0.00 m)
[velocity_path_follower.py-9] [INFO] [1787285483.210761043] [velocity_path_follower]: waypoint 2576 / 5251 도달 (선 이탈 0.00 m)
[velocity_path_follower.py-9] [INFO] [1787285483.560783085] [velocity_path_follower]: waypoint 2577 / 5251 도달 (선 이탈 0.00 m)
[velocity_path_follower.py-9] [INFO] [1787285483.860912719] [velocity_path_follower]: waypoint 2578 / 5251 도달 (선 이탈 0.00 m)
[velocity_path_follower.py-9] [INFO] [1787285484.260662002] [velocity_path_follower]: waypoint 2579 / 5251 도달 (선 이탈 0.00 m)
[velocity_path_follower.py-9] [INFO] [1787285484.560970184] [velocity_path_follower]: waypoint 2580 / 5251 도달 (선 이탈 0.00 m)
[velocity_path_follower.py-9] [INFO] [1787285484.910841685] [velocity_path_follower]: waypoint 2581 / 5251 도달 (선 이탈 0.00 m)
[velocity_path_follower.py-9] [INFO] [1787285485.060636874] [velocity_path_follower]: 1100.0s  wp 2582/5251 이탈0.0m  위치 (  38.10,  -118.10,  12.21)
[velocity_path_follower.py-9] [INFO] [1787285485.310720101] [velocity_path_follower]: waypoint 2582 / 5251 도달 (선 이탈 0.00 m)
[velocity_path_follower.py-9] [INFO] [1787285485.610811199] [velocity_path_follower]: waypoint 2583 / 5251 도달 (선 이탈 0.00 m)
[velocity_path_follower.py-9] [INFO] [1787285486.013752135] [velocity_path_follower]: waypoint 2584 / 5251 도달 (선 이탈 0.00 m)
[velocity_path_follower.py-9] [INFO] [1787285486.313659440] [velocity_path_follower]: waypoint 2585 / 5251 도달 (선 이탈 0.00 m)
[velocity_path_follower.py-9] [INFO] [1787285486.664189003] [velocity_path_follower]: waypoint 2586 / 5251 도달 (선 이탈 0.00 m)
[velocity_path_follower.py-9] [INFO] [1787285487.015952383] [velocity_path_follower]: waypoint 2587 / 5251 도달 (선 이탈 0.00 m)
[velocity_path_follower.py-9] [INFO] [1787285487.369089460] [velocity_path_follower]: waypoint 2588 / 5251 도달 (선 이탈 0.00 m)
[velocity_path_follower.py-9] [INFO] [1787285487.722777423] [velocity_path_follower]: waypoint 2589 / 5251 도달 (선 이탈 0.00 m)
[velocity_path_follower.py-9] [INFO] [1787285488.072699562] [velocity_path_follower]: waypoint 2590 / 5251 도달 (선 이탈 0.00 m)
[velocity_path_follower.py-9] [INFO] [1787285488.422839333] [velocity_path_follower]: waypoint 2591 / 5251 도달 (선 이탈 0.00 m)
[velocity_path_follower.py-9] [INFO] [1787285488.772664348] [velocity_path_follower]: waypoint 2592 / 5251 도달 (선 이탈 0.00 m)
[velocity_path_follower.py-9] [INFO] [1787285489.122570283] [velocity_path_follower]: waypoint 2593 / 5251 도달 (선 이탈 0.00 m)
[velocity_path_follower.py-9] [INFO] [1787285489.472674932] [velocity_path_follower]: waypoint 2594 / 5251 도달 (선 이탈 0.00 m)
[velocity_path_follower.py-9] [INFO] [1787285489.823002793] [velocity_path_follower]: waypoint 2595 / 5251 도달 (선 이탈 0.00 m)
[velocity_path_follower.py-9] [INFO] [1787285490.072772317] [velocity_path_follower]: 1105.0s  wp 2596/5251 이탈0.0m  위치 (  45.31,  -118.10,  12.13)
[velocity_path_follower.py-9] [INFO] [1787285490.172869856] [velocity_path_follower]: waypoint 2596 / 5251 도달 (선 이탈 0.00 m)
[velocity_path_follower.py-9] [INFO] [1787285490.522755171] [velocity_path_follower]: waypoint 2597 / 5251 도달 (선 이탈 0.00 m)
[velocity_path_follower.py-9] [INFO] [1787285490.822945328] [velocity_path_follower]: waypoint 2598 / 5251 도달 (선 이탈 0.00 m)
[velocity_path_follower.py-9] [INFO] [1787285491.222825851] [velocity_path_follower]: waypoint 2599 / 5251 도달 (선 이탈 0.00 m)
[velocity_path_follower.py-9] [INFO] [1787285491.522782339] [velocity_path_follower]: waypoint 2600 / 5251 도달 (선 이탈 0.00 m)
[velocity_path_follower.py-9] [INFO] [1787285491.872766493] [velocity_path_follower]: waypoint 2601 / 5251 도달 (선 이탈 0.00 m)
[velocity_path_follower.py-9] [INFO] [1787285492.222818650] [velocity_path_follower]: waypoint 2602 / 5251 도달 (선 이탈 0.00 m)
[velocity_path_follower.py-9] [INFO] [1787285492.573003395] [velocity_path_follower]: waypoint 2603 / 5251 도달 (선 이탈 0.00 m)
[velocity_path_follower.py-9] [INFO] [1787285492.922900426] [velocity_path_follower]: waypoint 2604 / 5251 도달 (선 이탈 0.00 m)
[velocity_path_follower.py-9] [INFO] [1787285493.272896669] [velocity_path_follower]: waypoint 2605 / 5251 도달 (선 이탈 0.00 m)
[velocity_path_follower.py-9] [INFO] [1787285493.622720535] [velocity_path_follower]: waypoint 2606 / 5251 도달 (선 이탈 0.00 m)
[velocity_path_follower.py-9] [INFO] [1787285493.972574569] [velocity_path_follower]: waypoint 2607 / 5251 도달 (선 이탈 0.00 m)
[velocity_path_follower.py-9] [INFO] [1787285494.323157786] [velocity_path_follower]: waypoint 2608 / 5251 도달 (선 이탈 0.00 m)
[velocity_path_follower.py-9] [INFO] [1787285494.672666566] [velocity_path_follower]: waypoint 2609 / 5251 도달 (선 이탈 0.00 m)
[velocity_path_follower.py-9] [INFO] [1787285494.972915320] [velocity_path_follower]: waypoint 2610 / 5251 도달 (선 이탈 0.00 m)
[velocity_path_follower.py-9] [INFO] [1787285495.072632522] [velocity_path_follower]: 1110.0s  wp 2611/5251 이탈0.0m  위치 (  52.52,  -118.10,  11.98)
[velocity_path_follower.py-9] [INFO] [1787285495.372683233] [velocity_path_follower]: waypoint 2611 / 5251 도달 (선 이탈 0.00 m)
[velocity_path_follower.py-9] [INFO] [1787285495.675299078] [velocity_path_follower]: waypoint 2612 / 5251 도달 (선 이탈 0.00 m)
[velocity_path_follower.py-9] [INFO] [1787285496.027607168] [velocity_path_follower]: waypoint 2613 / 5251 도달 (선 이탈 0.00 m)
[velocity_path_follower.py-9] [INFO] [1787285496.430779946] [velocity_path_follower]: waypoint 2614 / 5251 도달 (선 이탈 0.00 m)
[velocity_path_follower.py-9] [INFO] [1787285496.730726491] [velocity_path_follower]: waypoint 2615 / 5251 도달 (선 이탈 0.00 m)
[velocity_path_follower.py-9] [INFO] [1787285497.080968793] [velocity_path_follower]: waypoint 2616 / 5251 도달 (선 이탈 0.00 m)
[velocity_path_follower.py-9] [INFO] [1787285497.430928468] [velocity_path_follower]: waypoint 2617 / 5251 도달 (선 이탈 0.00 m)
[velocity_path_follower.py-9] [INFO] [1787285497.780626512] [velocity_path_follower]: waypoint 2618 / 5251 도달 (선 이탈 0.00 m)
[velocity_path_follower.py-9] [INFO] [1787285498.130877194] [velocity_path_follower]: waypoint 2619 / 5251 도달 (선 이탈 0.00 m)
[velocity_path_follower.py-9] [INFO] [1787285498.483564301] [velocity_path_follower]: waypoint 2620 / 5251 도달 (선 이탈 0.00 m)
[velocity_path_follower.py-9] [INFO] [1787285498.833352142] [velocity_path_follower]: waypoint 2621 / 5251 도달 (선 이탈 0.00 m)
[velocity_path_follower.py-9] [INFO] [1787285499.183190236] [velocity_path_follower]: waypoint 2622 / 5251 도달 (선 이탈 0.00 m)
[velocity_path_follower.py-9] [INFO] [1787285499.535868180] [velocity_path_follower]: waypoint 2623 / 5251 도달 (선 이탈 0.00 m)
[velocity_path_follower.py-9] [INFO] [1787285499.888020322] [velocity_path_follower]: waypoint 2624 / 5251 도달 (선 이탈 0.00 m)
[velocity_path_follower.py-9] [INFO] [1787285500.087930997] [velocity_path_follower]: 1115.0s  wp 2625/5251 이탈0.0m  위치 (  59.76,  -118.10,   9.86)
[velocity_path_follower.py-9] [INFO] [1787285500.240402138] [velocity_path_follower]: waypoint 2625 / 5251 도달 (선 이탈 0.00 m)
[velocity_path_follower.py-9] [INFO] [1787285505.289254460] [velocity_path_follower]: 1120.0s  wp 2626/5251 이탈2.9m  위치 (  64.27,  -115.71,   9.55)
[velocity_path_follower.py-9] [INFO] [1787285505.440779881] [velocity_path_follower]: waypoint 2626 / 5251 도달 (선 이탈 2.89 m)
[velocity_path_follower.py-9] [INFO] [1787285510.370889146] [velocity_path_follower]: 1125.0s  wp 2628/5251 이탈1.4m  위치 (  62.41,  -112.71,  10.68)
[velocity_path_follower.py-9] [INFO] [1787285510.420168598] [velocity_path_follower]: waypoint 2628 / 5251 도달 (선 이탈 1.40 m)
[velocity_path_follower.py-9] [INFO] [1787285511.069743688] [velocity_path_follower]: waypoint 2629 / 5251 도달 (선 이탈 1.48 m)
[velocity_path_follower.py-9] [INFO] [1787285511.669691325] [velocity_path_follower]: waypoint 2630 / 5251 도달 (선 이탈 1.49 m)
[velocity_path_follower.py-9] [INFO] [1787285512.269776884] [velocity_path_follower]: waypoint 2631 / 5251 도달 (선 이탈 1.44 m)
[velocity_path_follower.py-9] [INFO] [1787285512.821204214] [velocity_path_follower]: waypoint 2632 / 5251 도달 (선 이탈 1.34 m)
[velocity_path_follower.py-9] [INFO] [1787285513.369728323] [velocity_path_follower]: waypoint 2633 / 5251 도달 (선 이탈 1.22 m)
[velocity_path_follower.py-9] [INFO] [1787285513.932465262] [velocity_path_follower]: waypoint 2634 / 5251 도달 (선 이탈 1.06 m)
[velocity_path_follower.py-9] [INFO] [1787285514.432451522] [velocity_path_follower]: waypoint 2635 / 5251 도달 (선 이탈 0.89 m)
[velocity_path_follower.py-9] [INFO] [1787285514.932449533] [velocity_path_follower]: waypoint 2636 / 5251 도달 (선 이탈 0.71 m)
[velocity_path_follower.py-9] [INFO] [1787285515.382392411] [velocity_path_follower]: 1130.0s  wp 2637/5251 이탈0.5m  위치 (  57.94,  -113.56,  10.36)
[velocity_path_follower.py-9] [INFO] [1787285515.432334712] [velocity_path_follower]: waypoint 2637 / 5251 도달 (선 이탈 0.52 m)
[velocity_path_follower.py-9] [INFO] [1787285515.882690975] [velocity_path_follower]: waypoint 2638 / 5251 도달 (선 이탈 0.34 m)
[velocity_path_follower.py-9] [INFO] [1787285516.382551908] [velocity_path_follower]: waypoint 2639 / 5251 도달 (선 이탈 0.16 m)
[velocity_path_follower.py-9] [INFO] [1787285516.832361455] [velocity_path_follower]: waypoint 2640 / 5251 도달 (선 이탈 0.01 m)
[velocity_path_follower.py-9] [INFO] [1787285517.289419319] [velocity_path_follower]: waypoint 2641 / 5251 도달 (선 이탈 0.16 m)
[velocity_path_follower.py-9] [INFO] [1787285517.789849644] [velocity_path_follower]: waypoint 2642 / 5251 도달 (선 이탈 0.28 m)
[velocity_path_follower.py-9] [INFO] [1787285518.239747533] [velocity_path_follower]: waypoint 2643 / 5251 도달 (선 이탈 0.41 m)
[velocity_path_follower.py-9] [INFO] [1787285518.639138236] [velocity_path_follower]: waypoint 2644 / 5251 도달 (선 이탈 0.50 m)
[velocity_path_follower.py-9] [INFO] [1787285519.038869071] [velocity_path_follower]: waypoint 2645 / 5251 도달 (선 이탈 0.58 m)
[velocity_path_follower.py-9] [INFO] [1787285519.438990084] [velocity_path_follower]: waypoint 2646 / 5251 도달 (선 이탈 0.63 m)
[velocity_path_follower.py-9] [INFO] [1787285519.838896843] [velocity_path_follower]: waypoint 2647 / 5251 도달 (선 이탈 0.67 m)
[velocity_path_follower.py-9] [INFO] [1787285520.256290041] [velocity_path_follower]: waypoint 2648 / 5251 도달 (선 이탈 0.70 m)
[velocity_path_follower.py-9] [INFO] [1787285520.623929817] [velocity_path_follower]: 1135.0s  wp 2649/5251 이탈0.7m  위치 (  52.06,  -114.80,  11.24)
[velocity_path_follower.py-9] [INFO] [1787285520.823888864] [velocity_path_follower]: waypoint 2649 / 5251 도달 (선 이탈 0.70 m)
[velocity_path_follower.py-9] [INFO] [1787285521.227072737] [velocity_path_follower]: waypoint 2650 / 5251 도달 (선 이탈 0.69 m)
[velocity_path_follower.py-9] [INFO] [1787285521.629563847] [velocity_path_follower]: waypoint 2651 / 5251 도달 (선 이탈 0.67 m)
[velocity_path_follower.py-9] [INFO] [1787285522.030879058] [velocity_path_follower]: waypoint 2652 / 5251 도달 (선 이탈 0.64 m)
[ros2-8] [INFO] [1787285522.219035496] [rosbag2_cpp]: Writing remaining messages from cache to the bag. It may take a while
[velocity_path_follower.py-9] [INFO] [1787285522.429817516] [velocity_path_follower]: waypoint 2653 / 5251 도달 (선 이탈 0.59 m)
[velocity_path_follower.py-9] [INFO] [1787285522.829731286] [velocity_path_follower]: waypoint 2654 / 5251 도달 (선 이탈 0.53 m)
[velocity_path_follower.py-9] [INFO] [1787285523.179629252] [velocity_path_follower]: waypoint 2655 / 5251 도달 (선 이탈 0.48 m)
[velocity_path_follower.py-9] [INFO] [1787285523.579626277] [velocity_path_follower]: waypoint 2656 / 5251 도달 (선 이탈 0.41 m)
[velocity_path_follower.py-9] [INFO] [1787285523.932877480] [velocity_path_follower]: waypoint 2657 / 5251 도달 (선 이탈 0.34 m)
[velocity_path_follower.py-9] [INFO] [1787285524.332277746] [velocity_path_follower]: waypoint 2658 / 5251 도달 (선 이탈 0.26 m)
[velocity_path_follower.py-9] [INFO] [1787285524.683032692] [velocity_path_follower]: waypoint 2659 / 5251 도달 (선 이탈 0.19 m)
[velocity_path_follower.py-9] [INFO] [1787285525.082341874] [velocity_path_follower]: waypoint 2660 / 5251 도달 (선 이탈 0.12 m)
[velocity_path_follower.py-9] [INFO] [1787285525.432663523] [velocity_path_follower]: waypoint 2661 / 5251 도달 (선 이탈 0.05 m)
[velocity_path_follower.py-9] [INFO] [1787285525.682742097] [velocity_path_follower]: 1140.0s  wp 2662/5251 이탈0.0m  위치 (  45.55,  -114.10,  13.02)
[velocity_path_follower.py-9] [INFO] [1787285525.832310590] [velocity_path_follower]: waypoint 2662 / 5251 도달 (선 이탈 0.02 m)
[velocity_path_follower.py-9] [INFO] [1787285526.232402876] [velocity_path_follower]: waypoint 2663 / 5251 도달 (선 이탈 0.09 m)
[velocity_path_follower.py-9] [INFO] [1787285526.582420523] [velocity_path_follower]: waypoint 2664 / 5251 도달 (선 이탈 0.15 m)
[velocity_path_follower.py-9] [INFO] [1787285526.934710090] [velocity_path_follower]: waypoint 2665 / 5251 도달 (선 이탈 0.20 m)
[velocity_path_follower.py-9] [INFO] [1787285527.334432206] [velocity_path_follower]: waypoint 2666 / 5251 도달 (선 이탈 0.25 m)
[velocity_path_follower.py-9] [INFO] [1787285527.684454897] [velocity_path_follower]: waypoint 2667 / 5251 도달 (선 이탈 0.28 m)
[velocity_path_follower.py-9] [INFO] [1787285528.034585091] [velocity_path_follower]: waypoint 2668 / 5251 도달 (선 이탈 0.31 m)
[velocity_path_follower.py-9] [INFO] [1787285528.384418406] [velocity_path_follower]: waypoint 2669 / 5251 도달 (선 이탈 0.33 m)
[velocity_path_follower.py-9] [INFO] [1787285528.734619313] [velocity_path_follower]: waypoint 2670 / 5251 도달 (선 이탈 0.35 m)
[velocity_path_follower.py-9] [INFO] [1787285529.134401686] [velocity_path_follower]: waypoint 2671 / 5251 도달 (선 이탈 0.36 m)
[velocity_path_follower.py-9] [INFO] [1787285529.485222482] [velocity_path_follower]: waypoint 2672 / 5251 도달 (선 이탈 0.36 m)
[velocity_path_follower.py-9] [INFO] [1787285529.838610456] [velocity_path_follower]: waypoint 2673 / 5251 도달 (선 이탈 0.36 m)
[velocity_path_follower.py-9] [INFO] [1787285530.189163125] [velocity_path_follower]: waypoint 2674 / 5251 도달 (선 이탈 0.35 m)
[velocity_path_follower.py-9] [INFO] [1787285530.538552437] [velocity_path_follower]: waypoint 2675 / 5251 도달 (선 이탈 0.33 m)
[velocity_path_follower.py-9] [INFO] [1787285530.688690073] [velocity_path_follower]: 1145.0s  wp 2676/5251 이탈0.3m  위치 (  38.67,  -113.78,  12.14)
[velocity_path_follower.py-9] [INFO] [1787285530.938606696] [velocity_path_follower]: waypoint 2676 / 5251 도달 (선 이탈 0.31 m)
[velocity_path_follower.py-9] [INFO] [1787285531.288732735] [velocity_path_follower]: waypoint 2677 / 5251 도달 (선 이탈 0.28 m)
[velocity_path_follower.py-9] [INFO] [1787285531.638515142] [velocity_path_follower]: waypoint 2678 / 5251 도달 (선 이탈 0.25 m)
[velocity_path_follower.py-9] [INFO] [1787285531.988735349] [velocity_path_follower]: waypoint 2679 / 5251 도달 (선 이탈 0.22 m)
[velocity_path_follower.py-9] [INFO] [1787285532.338710971] [velocity_path_follower]: waypoint 2680 / 5251 도달 (선 이탈 0.19 m)
[velocity_path_follower.py-9] [INFO] [1787285532.691657570] [velocity_path_follower]: waypoint 2681 / 5251 도달 (선 이탈 0.15 m)
[velocity_path_follower.py-9] [INFO] [1787285533.040554254] [velocity_path_follower]: waypoint 2682 / 5251 도달 (선 이탈 0.12 m)
[velocity_path_follower.py-9] [INFO] [1787285533.440626108] [velocity_path_follower]: waypoint 2683 / 5251 도달 (선 이탈 0.08 m)
[velocity_path_follower.py-9] [INFO] [1787285533.790679318] [velocity_path_follower]: waypoint 2684 / 5251 도달 (선 이탈 0.04 m)
[velocity_path_follower.py-9] [INFO] [1787285534.140636652] [velocity_path_follower]: waypoint 2685 / 5251 도달 (선 이탈 0.01 m)
[velocity_path_follower.py-9] [INFO] [1787285534.490628323] [velocity_path_follower]: waypoint 2686 / 5251 도달 (선 이탈 0.03 m)
[velocity_path_follower.py-9] [INFO] [1787285534.840567242] [velocity_path_follower]: waypoint 2687 / 5251 도달 (선 이탈 0.06 m)
[velocity_path_follower.py-9] [INFO] [1787285535.190806294] [velocity_path_follower]: waypoint 2688 / 5251 도달 (선 이탈 0.09 m)
[velocity_path_follower.py-9] [INFO] [1787285535.545739984] [velocity_path_follower]: waypoint 2689 / 5251 도달 (선 이탈 0.11 m)
[velocity_path_follower.py-9] [INFO] [1787285535.695339074] [velocity_path_follower]: 1150.0s  wp 2690/5251 이탈0.1m  위치 (  31.66,  -114.22,  11.47)
[velocity_path_follower.py-9] [INFO] [1787285535.895652031] [velocity_path_follower]: waypoint 2690 / 5251 도달 (선 이탈 0.13 m)
[velocity_path_follower.py-9] [INFO] [1787285536.245412202] [velocity_path_follower]: waypoint 2691 / 5251 도달 (선 이탈 0.15 m)
[velocity_path_follower.py-9] [INFO] [1787285536.595697842] [velocity_path_follower]: waypoint 2692 / 5251 도달 (선 이탈 0.17 m)
[velocity_path_follower.py-9] [INFO] [1787285536.945441305] [velocity_path_follower]: waypoint 2693 / 5251 도달 (선 이탈 0.18 m)
[velocity_path_follower.py-9] [INFO] [1787285537.295783574] [velocity_path_follower]: waypoint 2694 / 5251 도달 (선 이탈 0.19 m)
[velocity_path_follower.py-9] [INFO] [1787285537.645579708] [velocity_path_follower]: waypoint 2695 / 5251 도달 (선 이탈 0.19 m)
[velocity_path_follower.py-9] [INFO] [1787285537.998101272] [velocity_path_follower]: waypoint 2696 / 5251 도달 (선 이탈 0.19 m)
[velocity_path_follower.py-9] [INFO] [1787285538.347958535] [velocity_path_follower]: waypoint 2697 / 5251 도달 (선 이탈 0.19 m)
[velocity_path_follower.py-9] [INFO] [1787285538.698130512] [velocity_path_follower]: waypoint 2698 / 5251 도달 (선 이탈 0.18 m)
[velocity_path_follower.py-9] [INFO] [1787285539.059133961] [velocity_path_follower]: waypoint 2699 / 5251 도달 (선 이탈 0.18 m)
[velocity_path_follower.py-9] [INFO] [1787285539.409460987] [velocity_path_follower]: waypoint 2700 / 5251 도달 (선 이탈 0.16 m)
[velocity_path_follower.py-9] [INFO] [1787285539.777677794] [velocity_path_follower]: waypoint 2701 / 5251 도달 (선 이탈 0.15 m)
[velocity_path_follower.py-9] [INFO] [1787285540.126346120] [velocity_path_follower]: waypoint 2702 / 5251 도달 (선 이탈 0.14 m)
[velocity_path_follower.py-9] [INFO] [1787285540.478505894] [velocity_path_follower]: waypoint 2703 / 5251 도달 (선 이탈 0.12 m)
[velocity_path_follower.py-9] [INFO] [1787285540.728831755] [velocity_path_follower]: 1155.0s  wp 2704/5251 이탈0.1m  위치 (  24.50,  -114.21,  10.37)
[velocity_path_follower.py-9] [INFO] [1787285540.828997217] [velocity_path_follower]: waypoint 2704 / 5251 도달 (선 이탈 0.10 m)
[velocity_path_follower.py-9] [INFO] [1787285541.178461729] [velocity_path_follower]: waypoint 2705 / 5251 도달 (선 이탈 0.08 m)
[velocity_path_follower.py-9] [INFO] [1787285541.530769718] [velocity_path_follower]: waypoint 2706 / 5251 도달 (선 이탈 0.06 m)
[velocity_path_follower.py-9] [INFO] [1787285541.880395735] [velocity_path_follower]: waypoint 2707 / 5251 도달 (선 이탈 0.04 m)
[velocity_path_follower.py-9] [INFO] [1787285542.235178651] [velocity_path_follower]: waypoint 2708 / 5251 도달 (선 이탈 0.03 m)
[velocity_path_follower.py-9] [INFO] [1787285542.585182803] [velocity_path_follower]: waypoint 2709 / 5251 도달 (선 이탈 0.01 m)
[velocity_path_follower.py-9] [INFO] [1787285542.935202081] [velocity_path_follower]: waypoint 2710 / 5251 도달 (선 이탈 0.01 m)
[velocity_path_follower.py-9] [INFO] [1787285543.285109109] [velocity_path_follower]: waypoint 2711 / 5251 도달 (선 이탈 0.03 m)
[velocity_path_follower.py-9] [INFO] [1787285543.635573399] [velocity_path_follower]: waypoint 2712 / 5251 도달 (선 이탈 0.04 m)
[velocity_path_follower.py-9] [INFO] [1787285543.985151254] [velocity_path_follower]: waypoint 2713 / 5251 도달 (선 이탈 0.06 m)
[velocity_path_follower.py-9] [INFO] [1787285544.335343125] [velocity_path_follower]: waypoint 2714 / 5251 도달 (선 이탈 0.07 m)
[velocity_path_follower.py-9] [INFO] [1787285544.685689915] [velocity_path_follower]: waypoint 2715 / 5251 도달 (선 이탈 0.08 m)
[velocity_path_follower.py-9] [INFO] [1787285545.035139063] [velocity_path_follower]: waypoint 2716 / 5251 도달 (선 이탈 0.09 m)
[velocity_path_follower.py-9] [INFO] [1787285545.391420519] [velocity_path_follower]: waypoint 2717 / 5251 도달 (선 이탈 0.09 m)
[velocity_path_follower.py-9] [INFO] [1787285545.741398138] [velocity_path_follower]: waypoint 2718 / 5251 도달 (선 이탈 0.10 m)
[velocity_path_follower.py-9] [INFO] [1787285545.791337535] [velocity_path_follower]: 1160.1s  wp 2719/5251 이탈0.1m  위치 (  17.27,  -114.00,  10.64)
[velocity_path_follower.py-9] [INFO] [1787285546.091393217] [velocity_path_follower]: waypoint 2719 / 5251 도달 (선 이탈 0.10 m)
[velocity_path_follower.py-9] [INFO] [1787285546.443441256] [velocity_path_follower]: waypoint 2720 / 5251 도달 (선 이탈 0.10 m)
[velocity_path_follower.py-9] [INFO] [1787285546.743793737] [velocity_path_follower]: waypoint 2721 / 5251 도달 (선 이탈 0.10 m)
[velocity_path_follower.py-9] [INFO] [1787285547.143742633] [velocity_path_follower]: waypoint 2722 / 5251 도달 (선 이탈 0.10 m)
[velocity_path_follower.py-9] [INFO] [1787285547.493459544] [velocity_path_follower]: waypoint 2723 / 5251 도달 (선 이탈 0.09 m)
[velocity_path_follower.py-9] [INFO] [1787285547.793462229] [velocity_path_follower]: waypoint 2724 / 5251 도달 (선 이탈 0.09 m)
[velocity_path_follower.py-9] [INFO] [1787285548.193625425] [velocity_path_follower]: waypoint 2725 / 5251 도달 (선 이탈 0.08 m)
[velocity_path_follower.py-9] [INFO] [1787285548.493583653] [velocity_path_follower]: waypoint 2726 / 5251 도달 (선 이탈 0.07 m)
[velocity_path_follower.py-9] [INFO] [1787285548.846599801] [velocity_path_follower]: waypoint 2727 / 5251 도달 (선 이탈 0.06 m)
[velocity_path_follower.py-9] [INFO] [1787285549.196538680] [velocity_path_follower]: waypoint 2728 / 5251 도달 (선 이탈 0.05 m)
[velocity_path_follower.py-9] [INFO] [1787285549.547241284] [velocity_path_follower]: waypoint 2729 / 5251 도달 (선 이탈 0.05 m)
[velocity_path_follower.py-9] [INFO] [1787285549.900903323] [velocity_path_follower]: waypoint 2730 / 5251 도달 (선 이탈 0.03 m)
[velocity_path_follower.py-9] [INFO] [1787285550.342878300] [velocity_path_follower]: waypoint 2731 / 5251 도달 (선 이탈 0.02 m)
[velocity_path_follower.py-9] [INFO] [1787285550.714652255] [velocity_path_follower]: waypoint 2732 / 5251 도달 (선 이탈 0.01 m)
[velocity_path_follower.py-9] [INFO] [1787285550.901091703] [velocity_path_follower]: 1165.0s  wp 2733/5251 이탈0.0m  위치 (  10.16,  -114.09,  10.00)
[velocity_path_follower.py-9] [INFO] [1787285551.100835674] [velocity_path_follower]: waypoint 2733 / 5251 도달 (선 이탈 0.01 m)
[velocity_path_follower.py-9] [INFO] [1787285551.454289131] [velocity_path_follower]: waypoint 2734 / 5251 도달 (선 이탈 0.00 m)
[velocity_path_follower.py-9] [INFO] [1787285551.804691984] [velocity_path_follower]: waypoint 2735 / 5251 도달 (선 이탈 0.01 m)
[velocity_path_follower.py-9] [INFO] [1787285552.173895641] [velocity_path_follower]: waypoint 2736 / 5251 도달 (선 이탈 0.02 m)
[velocity_path_follower.py-9] [INFO] [1787285552.539162219] [velocity_path_follower]: waypoint 2737 / 5251 도달 (선 이탈 0.03 m)
[velocity_path_follower.py-9] [INFO] [1787285552.923791361] [velocity_path_follower]: waypoint 2738 / 5251 도달 (선 이탈 0.03 m)
[velocity_path_follower.py-9] [INFO] [1787285553.276695812] [velocity_path_follower]: waypoint 2739 / 5251 도달 (선 이탈 0.04 m)
[velocity_path_follower.py-9] [INFO] [1787285553.630058774] [velocity_path_follower]: waypoint 2740 / 5251 도달 (선 이탈 0.04 m)
[velocity_path_follower.py-9] [INFO] [1787285553.980391173] [velocity_path_follower]: waypoint 2741 / 5251 도달 (선 이탈 0.05 m)
[velocity_path_follower.py-9] [INFO] [1787285554.280347790] [velocity_path_follower]: waypoint 2742 / 5251 도달 (선 이탈 0.05 m)
[velocity_path_follower.py-9] [INFO] [1787285554.633467124] [velocity_path_follower]: waypoint 2743 / 5251 도달 (선 이탈 0.05 m)
[velocity_path_follower.py-9] [INFO] [1787285554.987829151] [velocity_path_follower]: waypoint 2744 / 5251 도달 (선 이탈 0.05 m)
[velocity_path_follower.py-9] [INFO] [1787285555.337918384] [velocity_path_follower]: waypoint 2745 / 5251 도달 (선 이탈 0.05 m)
[velocity_path_follower.py-9] [INFO] [1787285555.689998033] [velocity_path_follower]: waypoint 2746 / 5251 도달 (선 이탈 0.05 m)
[velocity_path_follower.py-9] [INFO] [1787285555.989784524] [velocity_path_follower]: 1170.0s  wp 2747/5251 이탈0.1m  위치 (   2.96,  -114.15,   9.45)
[velocity_path_follower.py-9] [INFO] [1787285556.042798738] [velocity_path_follower]: waypoint 2747 / 5251 도달 (선 이탈 0.05 m)
[velocity_path_follower.py-9] [INFO] [1787285556.422181493] [velocity_path_follower]: waypoint 2748 / 5251 도달 (선 이탈 0.05 m)
[velocity_path_follower.py-9] [INFO] [1787285556.811726040] [velocity_path_follower]: waypoint 2749 / 5251 도달 (선 이탈 0.04 m)
[velocity_path_follower.py-9] [INFO] [1787285557.160815673] [velocity_path_follower]: waypoint 2750 / 5251 도달 (선 이탈 0.04 m)
[velocity_path_follower.py-9] [INFO] [1787285557.513761012] [velocity_path_follower]: waypoint 2751 / 5251 도달 (선 이탈 0.04 m)
[velocity_path_follower.py-9] [INFO] [1787285557.866076963] [velocity_path_follower]: waypoint 2752 / 5251 도달 (선 이탈 0.03 m)
[velocity_path_follower.py-9] [INFO] [1787285558.215717777] [velocity_path_follower]: waypoint 2753 / 5251 도달 (선 이탈 0.03 m)
[velocity_path_follower.py-9] [INFO] [1787285558.565752767] [velocity_path_follower]: waypoint 2754 / 5251 도달 (선 이탈 0.02 m)
[velocity_path_follower.py-9] [INFO] [1787285558.916116806] [velocity_path_follower]: waypoint 2755 / 5251 도달 (선 이탈 0.02 m)
[velocity_path_follower.py-9] [INFO] [1787285559.268457888] [velocity_path_follower]: waypoint 2756 / 5251 도달 (선 이탈 0.01 m)
[velocity_path_follower.py-9] [INFO] [1787285559.618706010] [velocity_path_follower]: waypoint 2757 / 5251 도달 (선 이탈 0.01 m)
[velocity_path_follower.py-9] [INFO] [1787285559.918780767] [velocity_path_follower]: waypoint 2758 / 5251 도달 (선 이탈 0.00 m)
[velocity_path_follower.py-9] [INFO] [1787285560.321293259] [velocity_path_follower]: waypoint 2759 / 5251 도달 (선 이탈 0.00 m)
[velocity_path_follower.py-9] [INFO] [1787285560.620662253] [velocity_path_follower]: waypoint 2760 / 5251 도달 (선 이탈 0.01 m)
[velocity_path_follower.py-9] [INFO] [1787285560.972881252] [velocity_path_follower]: waypoint 2761 / 5251 도달 (선 이탈 0.01 m)
[velocity_path_follower.py-9] [INFO] [1787285561.072721016] [velocity_path_follower]: 1175.0s  wp 2762/5251 이탈0.0m  위치 (  -4.25,  -114.09,   7.07)
[velocity_path_follower.py-9] [INFO] [1787285561.322896750] [velocity_path_follower]: waypoint 2762 / 5251 도달 (선 이탈 0.02 m)
[velocity_path_follower.py-9] [INFO] [1787285561.673011542] [velocity_path_follower]: waypoint 2763 / 5251 도달 (선 이탈 0.02 m)
[velocity_path_follower.py-9] [INFO] [1787285565.754613772] [velocity_path_follower]: waypoint 2764 / 5251 도달 (선 이탈 0.04 m)
[velocity_path_follower.py-9] [INFO] [1787285565.803693325] [velocity_path_follower]: waypoint 2765 / 5251 도달 (선 이탈 0.04 m)
[velocity_path_follower.py-9] [INFO] [1787285565.853391308] [velocity_path_follower]: waypoint 2766 / 5251 도달 (선 이탈 0.04 m)
[velocity_path_follower.py-9] [INFO] [1787285565.903449424] [velocity_path_follower]: waypoint 2767 / 5251 도달 (선 이탈 0.04 m)
[velocity_path_follower.py-9] [INFO] [1787285565.959078529] [velocity_path_follower]: waypoint 2768 / 5251 도달 (선 이탈 0.04 m)
[velocity_path_follower.py-9] [INFO] [1787285566.003653532] [velocity_path_follower]: waypoint 2769 / 5251 도달 (선 이탈 0.04 m)
[velocity_path_follower.py-9] [INFO] [1787285566.054419870] [velocity_path_follower]: waypoint 2770 / 5251 도달 (선 이탈 0.04 m)
[velocity_path_follower.py-9] [INFO] [1787285566.103821139] [velocity_path_follower]: waypoint 2771 / 5251 도달 (선 이탈 0.04 m)
[velocity_path_follower.py-9] [INFO] [1787285566.153981924] [velocity_path_follower]: waypoint 2772 / 5251 도달 (선 이탈 0.04 m)
[velocity_path_follower.py-9] [INFO] [1787285566.203356859] [velocity_path_follower]: 1180.1s  wp 2773/5251 이탈0.0m  위치 (  -9.75,  -114.06,   6.73)
[velocity_path_follower.py-9] [INFO] [1787285566.753462915] [velocity_path_follower]: waypoint 2773 / 5251 도달 (선 이탈 0.04 m)
[velocity_path_follower.py-9] [INFO] [1787285567.455437106] [velocity_path_follower]: waypoint 2774 / 5251 도달 (선 이탈 0.04 m)
[velocity_path_follower.py-9] [INFO] [1787285568.056273005] [velocity_path_follower]: waypoint 2775 / 5251 도달 (선 이탈 0.04 m)
[velocity_path_follower.py-9] [INFO] [1787285568.655629127] [velocity_path_follower]: waypoint 2776 / 5251 도달 (선 이탈 0.03 m)
[velocity_path_follower.py-9] [INFO] [1787285569.156384840] [velocity_path_follower]: waypoint 2777 / 5251 도달 (선 이탈 0.03 m)
[velocity_path_follower.py-9] [INFO] [1787285569.705973730] [velocity_path_follower]: waypoint 2778 / 5251 도달 (선 이탈 0.02 m)
[velocity_path_follower.py-9] [INFO] [1787285570.155367970] [velocity_path_follower]: waypoint 2779 / 5251 도달 (선 이탈 0.02 m)
[velocity_path_follower.py-9] [INFO] [1787285570.655656138] [velocity_path_follower]: waypoint 2780 / 5251 도달 (선 이탈 0.01 m)
[velocity_path_follower.py-9] [INFO] [1787285571.105775770] [velocity_path_follower]: waypoint 2781 / 5251 도달 (선 이탈 0.00 m)
[velocity_path_follower.py-9] [INFO] [1787285571.155582299] [velocity_path_follower]: 1185.1s  wp 2782/5251 이탈0.0m  위치 ( -14.19,  -114.10,  10.32)
[velocity_path_follower.py-9] [INFO] [1787285571.555372519] [velocity_path_follower]: waypoint 2782 / 5251 도달 (선 이탈 0.00 m)
[velocity_path_follower.py-9] [INFO] [1787285572.005766202] [velocity_path_follower]: waypoint 2783 / 5251 도달 (선 이탈 0.01 m)
[velocity_path_follower.py-9] [INFO] [1787285572.405715970] [velocity_path_follower]: waypoint 2784 / 5251 도달 (선 이탈 0.01 m)
[velocity_path_follower.py-9] [INFO] [1787285572.856617082] [velocity_path_follower]: waypoint 2785 / 5251 도달 (선 이탈 0.01 m)
[velocity_path_follower.py-9] [INFO] [1787285573.255663500] [velocity_path_follower]: waypoint 2786 / 5251 도달 (선 이탈 0.02 m)
[velocity_path_follower.py-9] [INFO] [1787285573.655378475] [velocity_path_follower]: waypoint 2787 / 5251 도달 (선 이탈 0.02 m)
[velocity_path_follower.py-9] [INFO] [1787285574.057590626] [velocity_path_follower]: waypoint 2788 / 5251 도달 (선 이탈 0.02 m)
[velocity_path_follower.py-9] [INFO] [1787285574.457566984] [velocity_path_follower]: waypoint 2789 / 5251 도달 (선 이탈 0.02 m)
[velocity_path_follower.py-9] [INFO] [1787285574.857658969] [velocity_path_follower]: waypoint 2790 / 5251 도달 (선 이탈 0.02 m)
[velocity_path_follower.py-9] [INFO] [1787285575.257600327] [velocity_path_follower]: waypoint 2791 / 5251 도달 (선 이탈 0.02 m)
[velocity_path_follower.py-9] [INFO] [1787285575.607654488] [velocity_path_follower]: waypoint 2792 / 5251 도달 (선 이탈 0.02 m)
[velocity_path_follower.py-9] [INFO] [1787285576.007750976] [velocity_path_follower]: waypoint 2793 / 5251 도달 (선 이탈 0.02 m)
[velocity_path_follower.py-9] [INFO] [1787285576.107350705] [velocity_path_follower]: 1190.0s  wp 2794/5251 이탈0.0m  위치 ( -20.24,  -114.12,   9.77)
[velocity_path_follower.py-9] [INFO] [1787285576.407843717] [velocity_path_follower]: waypoint 2794 / 5251 도달 (선 이탈 0.02 m)
[velocity_path_follower.py-9] [INFO] [1787285576.757689377] [velocity_path_follower]: waypoint 2795 / 5251 도달 (선 이탈 0.02 m)
[velocity_path_follower.py-9] [INFO] [1787285577.158205002] [velocity_path_follower]: waypoint 2796 / 5251 도달 (선 이탈 0.02 m)
[velocity_path_follower.py-9] [INFO] [1787285577.557647441] [velocity_path_follower]: waypoint 2797 / 5251 도달 (선 이탈 0.02 m)
[velocity_path_follower.py-9] [INFO] [1787285577.907648064] [velocity_path_follower]: waypoint 2798 / 5251 도달 (선 이탈 0.01 m)
[velocity_path_follower.py-9] [INFO] [1787285578.259660273] [velocity_path_follower]: waypoint 2799 / 5251 도달 (선 이탈 0.01 m)
[velocity_path_follower.py-9] [INFO] [1787285578.659689060] [velocity_path_follower]: waypoint 2800 / 5251 도달 (선 이탈 0.01 m)
[velocity_path_follower.py-9] [INFO] [1787285579.009824897] [velocity_path_follower]: waypoint 2801 / 5251 도달 (선 이탈 0.01 m)
[velocity_path_follower.py-9] [INFO] [1787285579.359459726] [velocity_path_follower]: waypoint 2802 / 5251 도달 (선 이탈 0.00 m)
[velocity_path_follower.py-9] [INFO] [1787285579.759706604] [velocity_path_follower]: waypoint 2803 / 5251 도달 (선 이탈 0.00 m)
[velocity_path_follower.py-9] [INFO] [1787285580.129622812] [velocity_path_follower]: waypoint 2804 / 5251 도달 (선 이탈 0.00 m)
[velocity_path_follower.py-9] [INFO] [1787285580.479523149] [velocity_path_follower]: waypoint 2805 / 5251 도달 (선 이탈 0.00 m)
[velocity_path_follower.py-9] [INFO] [1787285580.829728326] [velocity_path_follower]: waypoint 2806 / 5251 도달 (선 이탈 0.00 m)
[velocity_path_follower.py-9] [INFO] [1787285581.129434623] [velocity_path_follower]: 1195.0s  wp 2807/5251 이탈0.0m  위치 ( -27.02,  -114.10,   8.37)
[velocity_path_follower.py-9] [INFO] [1787285581.182836773] [velocity_path_follower]: waypoint 2807 / 5251 도달 (선 이탈 0.00 m)
[velocity_path_follower.py-9] [INFO] [1787285581.585086239] [velocity_path_follower]: waypoint 2808 / 5251 도달 (선 이탈 0.01 m)
[velocity_path_follower.py-9] [INFO] [1787285581.934918328] [velocity_path_follower]: waypoint 2809 / 5251 도달 (선 이탈 0.01 m)
[velocity_path_follower.py-9] [INFO] [1787285582.284911296] [velocity_path_follower]: waypoint 2810 / 5251 도달 (선 이탈 0.01 m)
[velocity_path_follower.py-9] [INFO] [1787285582.634936641] [velocity_path_follower]: waypoint 2811 / 5251 도달 (선 이탈 0.01 m)
[velocity_path_follower.py-9] [INFO] [1787285582.984930401] [velocity_path_follower]: waypoint 2812 / 5251 도달 (선 이탈 0.01 m)
[velocity_path_follower.py-9] [INFO] [1787285583.384921577] [velocity_path_follower]: waypoint 2813 / 5251 도달 (선 이탈 0.01 m)
[velocity_path_follower.py-9] [INFO] [1787285583.684967179] [velocity_path_follower]: waypoint 2814 / 5251 도달 (선 이탈 0.01 m)
[velocity_path_follower.py-9] [INFO] [1787285584.035130612] [velocity_path_follower]: waypoint 2815 / 5251 도달 (선 이탈 0.01 m)
[velocity_path_follower.py-9] [INFO] [1787285584.435285753] [velocity_path_follower]: waypoint 2816 / 5251 도달 (선 이탈 0.01 m)
[velocity_path_follower.py-9] [INFO] [1787285584.784961053] [velocity_path_follower]: waypoint 2817 / 5251 도달 (선 이탈 0.01 m)
[velocity_path_follower.py-9] [INFO] [1787285585.151549539] [velocity_path_follower]: waypoint 2818 / 5251 도달 (선 이탈 0.01 m)
[velocity_path_follower.py-9] [INFO] [1787285585.500319032] [velocity_path_follower]: waypoint 2819 / 5251 도달 (선 이탈 0.01 m)
[velocity_path_follower.py-9] [INFO] [1787285585.850939313] [velocity_path_follower]: waypoint 2820 / 5251 도달 (선 이탈 0.01 m)
[velocity_path_follower.py-9] [INFO] [1787285586.150130652] [velocity_path_follower]: 1200.0s  wp 2821/5251 이탈0.0m  위치 ( -34.06,  -114.09,   8.83)
[velocity_path_follower.py-9] [INFO] [1787285586.200416489] [velocity_path_follower]: waypoint 2821 / 5251 도달 (선 이탈 0.01 m)
[velocity_path_follower.py-9] [INFO] [1787285586.551115982] [velocity_path_follower]: waypoint 2822 / 5251 도달 (선 이탈 0.01 m)
[velocity_path_follower.py-9] [INFO] [1787285586.919544053] [velocity_path_follower]: waypoint 2823 / 5251 도달 (선 이탈 0.00 m)
[velocity_path_follower.py-9] [INFO] [1787285587.276171671] [velocity_path_follower]: waypoint 2824 / 5251 도달 (선 이탈 0.00 m)
[velocity_path_follower.py-9] [INFO] [1787285587.626112610] [velocity_path_follower]: waypoint 2825 / 5251 도달 (선 이탈 0.00 m)
[velocity_path_follower.py-9] [INFO] [1787285587.981343283] [velocity_path_follower]: waypoint 2826 / 5251 도달 (선 이탈 0.00 m)
[velocity_path_follower.py-9] [INFO] [1787285588.330296745] [velocity_path_follower]: waypoint 2827 / 5251 도달 (선 이탈 0.00 m)
[velocity_path_follower.py-9] [INFO] [1787285591.294023589] [velocity_path_follower]: 1205.0s  climb       위치 ( -40.52,  -113.19,   6.07)
[velocity_path_follower.py-9] [INFO] [1787285595.445610322] [velocity_path_follower]: waypoint 2828 / 5251 도달 (선 이탈 4.25 m)
[velocity_path_follower.py-9] [INFO] [1787285596.295444197] [velocity_path_follower]: 1210.0s  wp 2830/5251 이탈1.1m  위치 ( -42.92,  -111.20,   7.30)
[velocity_path_follower.py-9] [INFO] [1787285601.045619188] [velocity_path_follower]: waypoint 2830 / 5251 도달 (선 이탈 0.89 m)
[velocity_path_follower.py-9] [INFO] [1787285601.295276317] [velocity_path_follower]: 1215.0s  wp 2831/5251 이탈0.9m  위치 ( -39.29,  -109.18,   6.65)
[velocity_path_follower.py-9] [INFO] [1787285601.495645875] [velocity_path_follower]: waypoint 2831 / 5251 도달 (선 이탈 0.95 m)
[velocity_path_follower.py-9] [INFO] [1787285603.946738771] [velocity_path_follower]: waypoint 2832 / 5251 도달 (선 이탈 1.00 m)
[velocity_path_follower.py-9] [INFO] [1787285604.007868965] [velocity_path_follower]: waypoint 2833 / 5251 도달 (선 이탈 1.00 m)
[velocity_path_follower.py-9] [INFO] [1787285604.057839717] [velocity_path_follower]: waypoint 2834 / 5251 도달 (선 이탈 1.00 m)
[velocity_path_follower.py-9] [INFO] [1787285604.107783552] [velocity_path_follower]: waypoint 2835 / 5251 도달 (선 이탈 1.00 m)
[velocity_path_follower.py-9] [INFO] [1787285604.157557676] [velocity_path_follower]: waypoint 2836 / 5251 도달 (선 이탈 1.00 m)
[velocity_path_follower.py-9] [INFO] [1787285604.857750599] [velocity_path_follower]: waypoint 2837 / 5251 도달 (선 이탈 0.99 m)
[velocity_path_follower.py-9] [INFO] [1787285605.507695808] [velocity_path_follower]: waypoint 2838 / 5251 도달 (선 이탈 0.94 m)
[velocity_path_follower.py-9] [INFO] [1787285606.107788935] [velocity_path_follower]: waypoint 2839 / 5251 도달 (선 이탈 0.85 m)
[velocity_path_follower.py-9] [INFO] [1787285606.307763367] [velocity_path_follower]: 1220.0s  wp 2840/5251 이탈0.8m  위치 ( -34.92,  -109.28,   7.08)
[velocity_path_follower.py-9] [INFO] [1787285606.657713392] [velocity_path_follower]: waypoint 2840 / 5251 도달 (선 이탈 0.74 m)
[velocity_path_follower.py-9] [INFO] [1787285607.207834271] [velocity_path_follower]: waypoint 2841 / 5251 도달 (선 이탈 0.62 m)
[velocity_path_follower.py-9] [INFO] [1787285607.707836520] [velocity_path_follower]: waypoint 2842 / 5251 도달 (선 이탈 0.48 m)
[velocity_path_follower.py-9] [INFO] [1787285608.257827983] [velocity_path_follower]: waypoint 2843 / 5251 도달 (선 이탈 0.34 m)
[velocity_path_follower.py-9] [INFO] [1787285608.707905150] [velocity_path_follower]: waypoint 2844 / 5251 도달 (선 이탈 0.21 m)
[velocity_path_follower.py-9] [INFO] [1787285609.157731062] [velocity_path_follower]: waypoint 2845 / 5251 도달 (선 이탈 0.09 m)
[velocity_path_follower.py-9] [INFO] [1787285609.657593690] [velocity_path_follower]: waypoint 2846 / 5251 도달 (선 이탈 0.04 m)
[velocity_path_follower.py-9] [INFO] [1787285610.057809191] [velocity_path_follower]: waypoint 2847 / 5251 도달 (선 이탈 0.13 m)
[velocity_path_follower.py-9] [INFO] [1787285610.507756319] [velocity_path_follower]: waypoint 2848 / 5251 도달 (선 이탈 0.23 m)
[velocity_path_follower.py-9] [INFO] [1787285610.957739489] [velocity_path_follower]: waypoint 2849 / 5251 도달 (선 이탈 0.31 m)
[velocity_path_follower.py-9] [INFO] [1787285611.307619191] [velocity_path_follower]: 1225.0s  wp 2850/5251 이탈0.4m  위치 ( -29.62,  -110.46,   8.96)
[velocity_path_follower.py-9] [INFO] [1787285611.357671614] [velocity_path_follower]: waypoint 2850 / 5251 도달 (선 이탈 0.37 m)
[velocity_path_follower.py-9] [INFO] [1787285611.757727533] [velocity_path_follower]: waypoint 2851 / 5251 도달 (선 이탈 0.42 m)
[velocity_path_follower.py-9] [INFO] [1787285612.157722910] [velocity_path_follower]: waypoint 2852 / 5251 도달 (선 이탈 0.46 m)
[velocity_path_follower.py-9] [INFO] [1787285612.557800874] [velocity_path_follower]: waypoint 2853 / 5251 도달 (선 이탈 0.49 m)
[velocity_path_follower.py-9] [INFO] [1787285612.957697668] [velocity_path_follower]: waypoint 2854 / 5251 도달 (선 이탈 0.50 m)
[velocity_path_follower.py-9] [INFO] [1787285613.357706424] [velocity_path_follower]: waypoint 2855 / 5251 도달 (선 이탈 0.50 m)
[velocity_path_follower.py-9] [INFO] [1787285613.757628721] [velocity_path_follower]: waypoint 2856 / 5251 도달 (선 이탈 0.49 m)
[velocity_path_follower.py-9] [INFO] [1787285614.157765564] [velocity_path_follower]: waypoint 2857 / 5251 도달 (선 이탈 0.47 m)
[velocity_path_follower.py-9] [INFO] [1787285614.557749531] [velocity_path_follower]: waypoint 2858 / 5251 도달 (선 이탈 0.44 m)
[velocity_path_follower.py-9] [INFO] [1787285614.907650699] [velocity_path_follower]: waypoint 2859 / 5251 도달 (선 이탈 0.41 m)
[velocity_path_follower.py-9] [INFO] [1787285615.307992300] [velocity_path_follower]: waypoint 2860 / 5251 도달 (선 이탈 0.37 m)
[velocity_path_follower.py-9] [INFO] [1787285615.657710132] [velocity_path_follower]: waypoint 2861 / 5251 도달 (선 이탈 0.33 m)
[velocity_path_follower.py-9] [INFO] [1787285616.057821897] [velocity_path_follower]: waypoint 2862 / 5251 도달 (선 이탈 0.28 m)
[velocity_path_follower.py-9] [INFO] [1787285616.307741055] [velocity_path_follower]: 1230.0s  wp 2863/5251 이탈0.2m  위치 ( -23.24,  -110.35,   9.93)
[velocity_path_follower.py-9] [INFO] [1787285616.457724075] [velocity_path_follower]: waypoint 2863 / 5251 도달 (선 이탈 0.22 m)
[velocity_path_follower.py-9] [INFO] [1787285616.807690748] [velocity_path_follower]: waypoint 2864 / 5251 도달 (선 이탈 0.18 m)
[velocity_path_follower.py-9] [INFO] [1787285617.157575296] [velocity_path_follower]: waypoint 2865 / 5251 도달 (선 이탈 0.12 m)
[velocity_path_follower.py-9] [INFO] [1787285617.558004154] [velocity_path_follower]: waypoint 2866 / 5251 도달 (선 이탈 0.07 m)
[velocity_path_follower.py-9] [INFO] [1787285617.907774076] [velocity_path_follower]: waypoint 2867 / 5251 도달 (선 이탈 0.02 m)
[velocity_path_follower.py-9] [INFO] [1787285618.307729343] [velocity_path_follower]: waypoint 2868 / 5251 도달 (선 이탈 0.03 m)
[velocity_path_follower.py-9] [INFO] [1787285618.657787064] [velocity_path_follower]: waypoint 2869 / 5251 도달 (선 이탈 0.07 m)
[velocity_path_follower.py-9] [INFO] [1787285619.010871140] [velocity_path_follower]: waypoint 2870 / 5251 도달 (선 이탈 0.11 m)
[velocity_path_follower.py-9] [INFO] [1787285619.410626157] [velocity_path_follower]: waypoint 2871 / 5251 도달 (선 이탈 0.15 m)
[velocity_path_follower.py-9] [INFO] [1787285619.763446938] [velocity_path_follower]: waypoint 2872 / 5251 도달 (선 이탈 0.18 m)
[velocity_path_follower.py-9] [INFO] [1787285620.113653040] [velocity_path_follower]: waypoint 2873 / 5251 도달 (선 이탈 0.21 m)
[velocity_path_follower.py-9] [INFO] [1787285620.463433593] [velocity_path_follower]: waypoint 2874 / 5251 도달 (선 이탈 0.23 m)
[velocity_path_follower.py-9] [INFO] [1787285620.813614987] [velocity_path_follower]: waypoint 2875 / 5251 도달 (선 이탈 0.25 m)
[velocity_path_follower.py-9] [INFO] [1787285621.213645596] [velocity_path_follower]: waypoint 2876 / 5251 도달 (선 이탈 0.26 m)
[velocity_path_follower.py-9] [INFO] [1787285621.313352024] [velocity_path_follower]: 1235.0s  wp 2877/5251 이탈0.3m  위치 ( -16.41,  -109.84,   7.77)
[velocity_path_follower.py-9] [INFO] [1787285621.563535862] [velocity_path_follower]: waypoint 2877 / 5251 도달 (선 이탈 0.26 m)
[velocity_path_follower.py-9] [INFO] [1787285621.913541047] [velocity_path_follower]: waypoint 2878 / 5251 도달 (선 이탈 0.27 m)
[velocity_path_follower.py-9] [INFO] [1787285622.263782655] [velocity_path_follower]: waypoint 2879 / 5251 도달 (선 이탈 0.26 m)
[velocity_path_follower.py-9] [INFO] [1787285622.613696090] [velocity_path_follower]: waypoint 2880 / 5251 도달 (선 이탈 0.25 m)
[velocity_path_follower.py-9] [INFO] [1787285626.315251569] [velocity_path_follower]: 1240.0s  climb       위치 ( -10.59,  -109.96,   6.04)
[velocity_path_follower.py-9] [INFO] [1787285627.015606342] [velocity_path_follower]: waypoint 2881 / 5251 도달 (선 이탈 0.12 m)
[velocity_path_follower.py-9] [INFO] [1787285627.065608019] [velocity_path_follower]: waypoint 2882 / 5251 도달 (선 이탈 0.12 m)
[velocity_path_follower.py-9] [INFO] [1787285627.115430484] [velocity_path_follower]: waypoint 2883 / 5251 도달 (선 이탈 0.12 m)
[velocity_path_follower.py-9] [INFO] [1787285627.165452245] [velocity_path_follower]: waypoint 2884 / 5251 도달 (선 이탈 0.12 m)
[velocity_path_follower.py-9] [INFO] [1787285627.215572133] [velocity_path_follower]: waypoint 2885 / 5251 도달 (선 이탈 0.12 m)
[velocity_path_follower.py-9] [INFO] [1787285627.265441307] [velocity_path_follower]: waypoint 2886 / 5251 도달 (선 이탈 0.12 m)
[velocity_path_follower.py-9] [INFO] [1787285627.315412942] [velocity_path_follower]: waypoint 2887 / 5251 도달 (선 이탈 0.12 m)
[velocity_path_follower.py-9] [INFO] [1787285627.365580705] [velocity_path_follower]: waypoint 2888 / 5251 도달 (선 이탈 0.12 m)
[velocity_path_follower.py-9] [INFO] [1787285627.415727635] [velocity_path_follower]: waypoint 2889 / 5251 도달 (선 이탈 0.12 m)
[velocity_path_follower.py-9] [INFO] [1787285627.865596892] [velocity_path_follower]: waypoint 2890 / 5251 도달 (선 이탈 0.11 m)
[velocity_path_follower.py-9] [INFO] [1787285628.665593228] [velocity_path_follower]: waypoint 2891 / 5251 도달 (선 이탈 0.09 m)
[velocity_path_follower.py-9] [INFO] [1787285629.317695163] [velocity_path_follower]: waypoint 2892 / 5251 도달 (선 이탈 0.07 m)
[velocity_path_follower.py-9] [INFO] [1787285629.917839588] [velocity_path_follower]: waypoint 2893 / 5251 도달 (선 이탈 0.05 m)
[velocity_path_follower.py-9] [INFO] [1787285630.467753876] [velocity_path_follower]: waypoint 2894 / 5251 도달 (선 이탈 0.03 m)
[velocity_path_follower.py-9] [INFO] [1787285630.967691404] [velocity_path_follower]: waypoint 2895 / 5251 도달 (선 이탈 0.01 m)
[velocity_path_follower.py-9] [INFO] [1787285631.317451563] [velocity_path_follower]: 1245.0s  wp 2896/5251 이탈0.0m  위치 (  -6.76,  -110.10,   7.91)
[velocity_path_follower.py-9] [INFO] [1787285631.467733186] [velocity_path_follower]: waypoint 2896 / 5251 도달 (선 이탈 0.00 m)
[velocity_path_follower.py-9] [INFO] [1787285631.973564924] [velocity_path_follower]: waypoint 2897 / 5251 도달 (선 이탈 0.02 m)
[velocity_path_follower.py-9] [INFO] [1787285632.473443706] [velocity_path_follower]: waypoint 2898 / 5251 도달 (선 이탈 0.03 m)
[velocity_path_follower.py-9] [INFO] [1787285632.923586274] [velocity_path_follower]: waypoint 2899 / 5251 도달 (선 이탈 0.04 m)
[velocity_path_follower.py-9] [INFO] [1787285633.374201521] [velocity_path_follower]: waypoint 2900 / 5251 도달 (선 이탈 0.05 m)
[velocity_path_follower.py-9] [INFO] [1787285633.840008463] [velocity_path_follower]: waypoint 2901 / 5251 도달 (선 이탈 0.06 m)
[velocity_path_follower.py-9] [INFO] [1787285634.295028554] [velocity_path_follower]: waypoint 2902 / 5251 도달 (선 이탈 0.06 m)
[velocity_path_follower.py-9] [INFO] [1787285634.695078446] [velocity_path_follower]: waypoint 2903 / 5251 도달 (선 이탈 0.06 m)
[velocity_path_follower.py-9] [INFO] [1787285635.245138502] [velocity_path_follower]: waypoint 2904 / 5251 도달 (선 이탈 0.06 m)
[velocity_path_follower.py-9] [INFO] [1787285636.395176255] [velocity_path_follower]: 1250.0s  climb       위치 (  -1.02,  -110.16,   6.24)
[velocity_path_follower.py-9] [INFO] [1787285637.844984799] [velocity_path_follower]: waypoint 2905 / 5251 도달 (선 이탈 0.05 m)
[velocity_path_follower.py-9] [INFO] [1787285637.895038105] [velocity_path_follower]: waypoint 2906 / 5251 도달 (선 이탈 0.05 m)
[velocity_path_follower.py-9] [INFO] [1787285637.945063161] [velocity_path_follower]: waypoint 2907 / 5251 도달 (선 이탈 0.05 m)
[velocity_path_follower.py-9] [INFO] [1787285637.994933171] [velocity_path_follower]: waypoint 2908 / 5251 도달 (선 이탈 0.05 m)
[velocity_path_follower.py-9] [INFO] [1787285638.045022145] [velocity_path_follower]: waypoint 2909 / 5251 도달 (선 이탈 0.05 m)
[velocity_path_follower.py-9] [INFO] [1787285638.095317373] [velocity_path_follower]: waypoint 2910 / 5251 도달 (선 이탈 0.05 m)
[velocity_path_follower.py-9] [INFO] [1787285638.595009669] [velocity_path_follower]: waypoint 2911 / 5251 도달 (선 이탈 0.05 m)
[velocity_path_follower.py-9] [INFO] [1787285639.195411716] [velocity_path_follower]: waypoint 2912 / 5251 도달 (선 이탈 0.04 m)
[velocity_path_follower.py-9] [INFO] [1787285639.745007318] [velocity_path_follower]: waypoint 2913 / 5251 도달 (선 이탈 0.04 m)
[velocity_path_follower.py-9] [INFO] [1787285640.317742744] [velocity_path_follower]: waypoint 2914 / 5251 도달 (선 이탈 0.03 m)
[velocity_path_follower.py-9] [INFO] [1787285640.825196667] [velocity_path_follower]: waypoint 2915 / 5251 도달 (선 이탈 0.03 m)
[velocity_path_follower.py-9] [INFO] [1787285641.361275823] [velocity_path_follower]: waypoint 2916 / 5251 도달 (선 이탈 0.02 m)
[velocity_path_follower.py-9] [INFO] [1787285641.461902198] [velocity_path_follower]: 1255.0s  wp 2917/5251 이탈0.0m  위치 (   3.54,  -110.12,   8.99)
[velocity_path_follower.py-9] [INFO] [1787285641.811291994] [velocity_path_follower]: waypoint 2917 / 5251 도달 (선 이탈 0.01 m)
[velocity_path_follower.py-9] [INFO] [1787285642.261213790] [velocity_path_follower]: waypoint 2918 / 5251 도달 (선 이탈 0.01 m)
[velocity_path_follower.py-9] [INFO] [1787285642.711342634] [velocity_path_follower]: waypoint 2919 / 5251 도달 (선 이탈 0.00 m)
[velocity_path_follower.py-9] [INFO] [1787285643.161217556] [velocity_path_follower]: waypoint 2920 / 5251 도달 (선 이탈 0.01 m)
[velocity_path_follower.py-9] [INFO] [1787285643.561235509] [velocity_path_follower]: waypoint 2921 / 5251 도달 (선 이탈 0.01 m)
[velocity_path_follower.py-9] [INFO] [1787285644.011224811] [velocity_path_follower]: waypoint 2922 / 5251 도달 (선 이탈 0.02 m)
[velocity_path_follower.py-9] [INFO] [1787285644.411351894] [velocity_path_follower]: waypoint 2923 / 5251 도달 (선 이탈 0.02 m)
[velocity_path_follower.py-9] [INFO] [1787285644.811343224] [velocity_path_follower]: waypoint 2924 / 5251 도달 (선 이탈 0.02 m)
[velocity_path_follower.py-9] [INFO] [1787285645.211261721] [velocity_path_follower]: waypoint 2925 / 5251 도달 (선 이탈 0.03 m)
[velocity_path_follower.py-9] [INFO] [1787285645.611101300] [velocity_path_follower]: waypoint 2926 / 5251 도달 (선 이탈 0.03 m)
[velocity_path_follower.py-9] [INFO] [1787285646.011355680] [velocity_path_follower]: waypoint 2927 / 5251 도달 (선 이탈 0.03 m)
[velocity_path_follower.py-9] [INFO] [1787285646.411107384] [velocity_path_follower]: waypoint 2928 / 5251 도달 (선 이탈 0.03 m)
[velocity_path_follower.py-9] [INFO] [1787285646.461151526] [velocity_path_follower]: 1260.0s  wp 2929/5251 이탈0.0m  위치 (   9.51,  -110.07,  11.47)
[velocity_path_follower.py-9] [INFO] [1787285646.763643049] [velocity_path_follower]: waypoint 2929 / 5251 도달 (선 이탈 0.03 m)
[velocity_path_follower.py-9] [INFO] [1787285647.165642093] [velocity_path_follower]: waypoint 2930 / 5251 도달 (선 이탈 0.03 m)
[velocity_path_follower.py-9] [INFO] [1787285647.565361758] [velocity_path_follower]: waypoint 2931 / 5251 도달 (선 이탈 0.03 m)
[velocity_path_follower.py-9] [INFO] [1787285647.915615376] [velocity_path_follower]: waypoint 2932 / 5251 도달 (선 이탈 0.02 m)
[velocity_path_follower.py-9] [INFO] [1787285648.315438502] [velocity_path_follower]: waypoint 2933 / 5251 도달 (선 이탈 0.02 m)
[velocity_path_follower.py-9] [INFO] [1787285648.665449159] [velocity_path_follower]: waypoint 2934 / 5251 도달 (선 이탈 0.02 m)
[velocity_path_follower.py-9] [INFO] [1787285649.065379164] [velocity_path_follower]: waypoint 2935 / 5251 도달 (선 이탈 0.02 m)
[velocity_path_follower.py-9] [INFO] [1787285649.415869249] [velocity_path_follower]: waypoint 2936 / 5251 도달 (선 이탈 0.01 m)
[velocity_path_follower.py-9] [INFO] [1787285649.765691820] [velocity_path_follower]: waypoint 2937 / 5251 도달 (선 이탈 0.01 m)
[velocity_path_follower.py-9] [INFO] [1787285650.165712538] [velocity_path_follower]: waypoint 2938 / 5251 도달 (선 이탈 0.01 m)
[velocity_path_follower.py-9] [INFO] [1787285650.515745449] [velocity_path_follower]: waypoint 2939 / 5251 도달 (선 이탈 0.01 m)
[velocity_path_follower.py-9] [INFO] [1787285650.865616648] [velocity_path_follower]: waypoint 2940 / 5251 도달 (선 이탈 0.00 m)
[velocity_path_follower.py-9] [INFO] [1787285651.215678810] [velocity_path_follower]: waypoint 2941 / 5251 도달 (선 이탈 0.00 m)
[velocity_path_follower.py-9] [INFO] [1787285651.465340348] [velocity_path_follower]: 1265.0s  wp 2942/5251 이탈0.0m  위치 (  16.23,  -110.10,   9.65)
[velocity_path_follower.py-9] [INFO] [1787285651.615612655] [velocity_path_follower]: waypoint 2942 / 5251 도달 (선 이탈 0.00 m)
[velocity_path_follower.py-9] [INFO] [1787285651.967835156] [velocity_path_follower]: waypoint 2943 / 5251 도달 (선 이탈 0.00 m)
[velocity_path_follower.py-9] [INFO] [1787285652.318758631] [velocity_path_follower]: waypoint 2944 / 5251 도달 (선 이탈 0.01 m)
[velocity_path_follower.py-9] [INFO] [1787285652.668803379] [velocity_path_follower]: waypoint 2945 / 5251 도달 (선 이탈 0.01 m)
[velocity_path_follower.py-9] [INFO] [1787285653.018668748] [velocity_path_follower]: waypoint 2946 / 5251 도달 (선 이탈 0.01 m)
[velocity_path_follower.py-9] [INFO] [1787285653.418442219] [velocity_path_follower]: waypoint 2947 / 5251 도달 (선 이탈 0.01 m)
[velocity_path_follower.py-9] [INFO] [1787285653.768799350] [velocity_path_follower]: waypoint 2948 / 5251 도달 (선 이탈 0.01 m)
[velocity_path_follower.py-9] [INFO] [1787285654.118857601] [velocity_path_follower]: waypoint 2949 / 5251 도달 (선 이탈 0.01 m)
[velocity_path_follower.py-9] [INFO] [1787285654.468442885] [velocity_path_follower]: waypoint 2950 / 5251 도달 (선 이탈 0.01 m)
[velocity_path_follower.py-9] [INFO] [1787285654.818732684] [velocity_path_follower]: waypoint 2951 / 5251 도달 (선 이탈 0.01 m)
[velocity_path_follower.py-9] [INFO] [1787285655.171394409] [velocity_path_follower]: waypoint 2952 / 5251 도달 (선 이탈 0.01 m)
[velocity_path_follower.py-9] [INFO] [1787285655.520652896] [velocity_path_follower]: waypoint 2953 / 5251 도달 (선 이탈 0.01 m)
[velocity_path_follower.py-9] [INFO] [1787285655.870740818] [velocity_path_follower]: waypoint 2954 / 5251 도달 (선 이탈 0.01 m)
[velocity_path_follower.py-9] [INFO] [1787285656.220630861] [velocity_path_follower]: waypoint 2955 / 5251 도달 (선 이탈 0.01 m)
[velocity_path_follower.py-9] [INFO] [1787285656.470587078] [velocity_path_follower]: 1270.0s  wp 2956/5251 이탈0.0m  위치 (  23.25,  -110.11,   9.98)
[velocity_path_follower.py-9] [INFO] [1787285656.620807180] [velocity_path_follower]: waypoint 2956 / 5251 도달 (선 이탈 0.01 m)
[velocity_path_follower.py-9] [INFO] [1787285656.920604120] [velocity_path_follower]: waypoint 2957 / 5251 도달 (선 이탈 0.01 m)
[velocity_path_follower.py-9] [INFO] [1787285657.335141870] [velocity_path_follower]: waypoint 2958 / 5251 도달 (선 이탈 0.01 m)
[velocity_path_follower.py-9] [INFO] [1787285657.635022064] [velocity_path_follower]: waypoint 2959 / 5251 도달 (선 이탈 0.01 m)
[velocity_path_follower.py-9] [INFO] [1787285658.034961964] [velocity_path_follower]: waypoint 2960 / 5251 도달 (선 이탈 0.01 m)
[velocity_path_follower.py-9] [INFO] [1787285658.335082289] [velocity_path_follower]: waypoint 2961 / 5251 도달 (선 이탈 0.00 m)
[velocity_path_follower.py-9] [INFO] [1787285658.734999690] [velocity_path_follower]: waypoint 2962 / 5251 도달 (선 이탈 0.00 m)
[velocity_path_follower.py-9] [INFO] [1787285659.034939220] [velocity_path_follower]: waypoint 2963 / 5251 도달 (선 이탈 0.00 m)
[velocity_path_follower.py-9] [INFO] [1787285659.385291613] [velocity_path_follower]: waypoint 2964 / 5251 도달 (선 이탈 0.00 m)
[velocity_path_follower.py-9] [INFO] [1787285659.735067285] [velocity_path_follower]: waypoint 2965 / 5251 도달 (선 이탈 0.00 m)
[velocity_path_follower.py-9] [INFO] [1787285660.135045898] [velocity_path_follower]: waypoint 2966 / 5251 도달 (선 이탈 0.00 m)
[velocity_path_follower.py-9] [INFO] [1787285660.434980389] [velocity_path_follower]: waypoint 2967 / 5251 도달 (선 이탈 0.00 m)
[velocity_path_follower.py-9] [INFO] [1787285660.834929920] [velocity_path_follower]: waypoint 2968 / 5251 도달 (선 이탈 0.00 m)
[velocity_path_follower.py-9] [INFO] [1787285661.137585553] [velocity_path_follower]: waypoint 2969 / 5251 도달 (선 이탈 0.01 m)
[velocity_path_follower.py-9] [INFO] [1787285661.487599401] [velocity_path_follower]: 1275.0s  wp 2970/5251 이탈0.0m  위치 (  30.39,  -110.09,   8.44)
[velocity_path_follower.py-9] [INFO] [1787285661.537369874] [velocity_path_follower]: waypoint 2970 / 5251 도달 (선 이탈 0.01 m)
[velocity_path_follower.py-9] [INFO] [1787285661.837319492] [velocity_path_follower]: waypoint 2971 / 5251 도달 (선 이탈 0.01 m)
[velocity_path_follower.py-9] [INFO] [1787285662.242170714] [velocity_path_follower]: waypoint 2972 / 5251 도달 (선 이탈 0.01 m)
[velocity_path_follower.py-9] [INFO] [1787285662.541622365] [velocity_path_follower]: waypoint 2973 / 5251 도달 (선 이탈 0.01 m)
[velocity_path_follower.py-9] [INFO] [1787285662.941452814] [velocity_path_follower]: waypoint 2974 / 5251 도달 (선 이탈 0.01 m)
[velocity_path_follower.py-9] [INFO] [1787285663.241637857] [velocity_path_follower]: waypoint 2975 / 5251 도달 (선 이탈 0.01 m)
[velocity_path_follower.py-9] [INFO] [1787285663.591834462] [velocity_path_follower]: waypoint 2976 / 5251 도달 (선 이탈 0.01 m)
[velocity_path_follower.py-9] [INFO] [1787285663.945624477] [velocity_path_follower]: waypoint 2977 / 5251 도달 (선 이탈 0.01 m)
[velocity_path_follower.py-9] [INFO] [1787285664.295618704] [velocity_path_follower]: waypoint 2978 / 5251 도달 (선 이탈 0.01 m)
[velocity_path_follower.py-9] [INFO] [1787285664.645761643] [velocity_path_follower]: waypoint 2979 / 5251 도달 (선 이탈 0.01 m)
[velocity_path_follower.py-9] [INFO] [1787285664.995831206] [velocity_path_follower]: waypoint 2980 / 5251 도달 (선 이탈 0.01 m)
[velocity_path_follower.py-9] [INFO] [1787285665.348607745] [velocity_path_follower]: waypoint 2981 / 5251 도달 (선 이탈 0.01 m)
[velocity_path_follower.py-9] [INFO] [1787285665.698663851] [velocity_path_follower]: waypoint 2982 / 5251 도달 (선 이탈 0.01 m)
[velocity_path_follower.py-9] [INFO] [1787285666.048413200] [velocity_path_follower]: waypoint 2983 / 5251 도달 (선 이탈 0.00 m)
[velocity_path_follower.py-9] [INFO] [1787285666.398580685] [velocity_path_follower]: waypoint 2984 / 5251 도달 (선 이탈 0.00 m)
[velocity_path_follower.py-9] [INFO] [1787285666.498354764] [velocity_path_follower]: 1280.0s  wp 2985/5251 이탈0.0m  위치 (  37.58,  -110.10,   9.74)
[velocity_path_follower.py-9] [INFO] [1787285666.748562958] [velocity_path_follower]: waypoint 2985 / 5251 도달 (선 이탈 0.00 m)
[velocity_path_follower.py-9] [INFO] [1787285667.098739902] [velocity_path_follower]: waypoint 2986 / 5251 도달 (선 이탈 0.00 m)
[velocity_path_follower.py-9] [INFO] [1787285667.448734427] [velocity_path_follower]: waypoint 2987 / 5251 도달 (선 이탈 0.00 m)
[velocity_path_follower.py-9] [INFO] [1787285667.798735369] [velocity_path_follower]: waypoint 2988 / 5251 도달 (선 이탈 0.00 m)
[velocity_path_follower.py-9] [INFO] [1787285668.148650351] [velocity_path_follower]: waypoint 2989 / 5251 도달 (선 이탈 0.00 m)
[velocity_path_follower.py-9] [INFO] [1787285668.498638586] [velocity_path_follower]: waypoint 2990 / 5251 도달 (선 이탈 0.00 m)
[velocity_path_follower.py-9] [INFO] [1787285668.798696842] [velocity_path_follower]: waypoint 2991 / 5251 도달 (선 이탈 0.00 m)
[velocity_path_follower.py-9] [INFO] [1787285669.148633702] [velocity_path_follower]: waypoint 2992 / 5251 도달 (선 이탈 0.00 m)
[velocity_path_follower.py-9] [INFO] [1787285669.548376872] [velocity_path_follower]: waypoint 2993 / 5251 도달 (선 이탈 0.00 m)
[velocity_path_follower.py-9] [INFO] [1787285669.848433463] [velocity_path_follower]: waypoint 2994 / 5251 도달 (선 이탈 0.00 m)
[velocity_path_follower.py-9] [INFO] [1787285670.198783541] [velocity_path_follower]: waypoint 2995 / 5251 도달 (선 이탈 0.00 m)
[velocity_path_follower.py-9] [INFO] [1787285670.548521649] [velocity_path_follower]: waypoint 2996 / 5251 도달 (선 이탈 0.00 m)
[velocity_path_follower.py-9] [INFO] [1787285670.898609223] [velocity_path_follower]: waypoint 2997 / 5251 도달 (선 이탈 0.00 m)
[velocity_path_follower.py-9] [INFO] [1787285671.248593504] [velocity_path_follower]: waypoint 2998 / 5251 도달 (선 이탈 0.00 m)
[velocity_path_follower.py-9] [INFO] [1787285671.498387029] [velocity_path_follower]: 1285.0s  wp 2999/5251 이탈0.0m  위치 (  44.78,  -110.10,  13.96)
[velocity_path_follower.py-9] [INFO] [1787285671.598641579] [velocity_path_follower]: waypoint 2999 / 5251 도달 (선 이탈 0.00 m)
[velocity_path_follower.py-9] [INFO] [1787285671.948430648] [velocity_path_follower]: waypoint 3000 / 5251 도달 (선 이탈 0.00 m)
[velocity_path_follower.py-9] [INFO] [1787285672.298461058] [velocity_path_follower]: waypoint 3001 / 5251 도달 (선 이탈 0.00 m)
[velocity_path_follower.py-9] [INFO] [1787285672.648626595] [velocity_path_follower]: waypoint 3002 / 5251 도달 (선 이탈 0.00 m)
[velocity_path_follower.py-9] [INFO] [1787285672.998460209] [velocity_path_follower]: waypoint 3003 / 5251 도달 (선 이탈 0.00 m)
[velocity_path_follower.py-9] [INFO] [1787285673.348700999] [velocity_path_follower]: waypoint 3004 / 5251 도달 (선 이탈 0.00 m)
[velocity_path_follower.py-9] [INFO] [1787285673.698549323] [velocity_path_follower]: waypoint 3005 / 5251 도달 (선 이탈 0.00 m)
[velocity_path_follower.py-9] [INFO] [1787285674.051303793] [velocity_path_follower]: waypoint 3006 / 5251 도달 (선 이탈 0.00 m)
[velocity_path_follower.py-9] [INFO] [1787285674.351294349] [velocity_path_follower]: waypoint 3007 / 5251 도달 (선 이탈 0.00 m)
[velocity_path_follower.py-9] [INFO] [1787285674.751535831] [velocity_path_follower]: waypoint 3008 / 5251 도달 (선 이탈 0.00 m)
[velocity_path_follower.py-9] [INFO] [1787285675.051464385] [velocity_path_follower]: waypoint 3009 / 5251 도달 (선 이탈 0.00 m)
[velocity_path_follower.py-9] [INFO] [1787285675.401577760] [velocity_path_follower]: waypoint 3010 / 5251 도달 (선 이탈 0.00 m)
[velocity_path_follower.py-9] [INFO] [1787285675.751314419] [velocity_path_follower]: waypoint 3011 / 5251 도달 (선 이탈 0.00 m)
[velocity_path_follower.py-9] [INFO] [1787285676.101575714] [velocity_path_follower]: waypoint 3012 / 5251 도달 (선 이탈 0.00 m)
[velocity_path_follower.py-9] [INFO] [1787285676.451433668] [velocity_path_follower]: waypoint 3013 / 5251 도달 (선 이탈 0.00 m)
[velocity_path_follower.py-9] [INFO] [1787285676.501920202] [velocity_path_follower]: 1290.0s  wp 3014/5251 이탈0.0m  위치 (  51.99,  -110.10,  10.77)
[velocity_path_follower.py-9] [INFO] [1787285676.801376083] [velocity_path_follower]: waypoint 3014 / 5251 도달 (선 이탈 0.00 m)
[velocity_path_follower.py-9] [INFO] [1787285677.152188392] [velocity_path_follower]: waypoint 3015 / 5251 도달 (선 이탈 0.00 m)
[velocity_path_follower.py-9] [INFO] [1787285677.501467086] [velocity_path_follower]: waypoint 3016 / 5251 도달 (선 이탈 0.00 m)
[velocity_path_follower.py-9] [INFO] [1787285677.851446419] [velocity_path_follower]: waypoint 3017 / 5251 도달 (선 이탈 0.00 m)
[velocity_path_follower.py-9] [INFO] [1787285678.201291585] [velocity_path_follower]: waypoint 3018 / 5251 도달 (선 이탈 0.00 m)
[velocity_path_follower.py-9] [INFO] [1787285678.551593719] [velocity_path_follower]: waypoint 3019 / 5251 도달 (선 이탈 0.00 m)
[velocity_path_follower.py-9] [INFO] [1787285678.901665973] [velocity_path_follower]: waypoint 3020 / 5251 도달 (선 이탈 0.00 m)
[velocity_path_follower.py-9] [INFO] [1787285679.251390512] [velocity_path_follower]: waypoint 3021 / 5251 도달 (선 이탈 0.00 m)
[velocity_path_follower.py-9] [INFO] [1787285679.553692125] [velocity_path_follower]: waypoint 3022 / 5251 도달 (선 이탈 0.00 m)
[velocity_path_follower.py-9] [INFO] [1787285679.953576776] [velocity_path_follower]: waypoint 3023 / 5251 도달 (선 이탈 0.00 m)
[velocity_path_follower.py-9] [INFO] [1787285680.253466088] [velocity_path_follower]: waypoint 3024 / 5251 도달 (선 이탈 0.00 m)
[velocity_path_follower.py-9] [INFO] [1787285680.653613830] [velocity_path_follower]: waypoint 3025 / 5251 도달 (선 이탈 0.00 m)
[velocity_path_follower.py-9] [INFO] [1787285680.953668146] [velocity_path_follower]: waypoint 3026 / 5251 도달 (선 이탈 0.00 m)
[velocity_path_follower.py-9] [INFO] [1787285681.303461357] [velocity_path_follower]: waypoint 3027 / 5251 도달 (선 이탈 0.00 m)
[velocity_path_follower.py-9] [INFO] [1787285681.503368455] [velocity_path_follower]: 1295.0s  wp 3028/5251 이탈0.0m  위치 (  59.20,  -110.10,   8.23)
[velocity_path_follower.py-9] [INFO] [1787285681.653655703] [velocity_path_follower]: waypoint 3028 / 5251 도달 (선 이탈 0.00 m)
[velocity_path_follower.py-9] [INFO] [1787285682.003560083] [velocity_path_follower]: waypoint 3029 / 5251 도달 (선 이탈 0.00 m)
[velocity_path_follower.py-9] [INFO] [1787285686.503361923] [velocity_path_follower]: 1300.0s  wp 3030/5251 이탈2.8m  위치 (  64.17,  -107.97,  11.00)
[velocity_path_follower.py-9] [INFO] [1787285687.003454936] [velocity_path_follower]: waypoint 3030 / 5251 도달 (선 이탈 2.89 m)
[velocity_path_follower.py-9] [INFO] [1787285691.503327093] [velocity_path_follower]: 1305.0s  wp 3032/5251 이탈1.3m  위치 (  62.74,  -104.78,  11.39)
[velocity_path_follower.py-9] [INFO] [1787285692.003461535] [velocity_path_follower]: waypoint 3032 / 5251 도달 (선 이탈 1.43 m)
[velocity_path_follower.py-9] [INFO] [1787285692.653425726] [velocity_path_follower]: waypoint 3033 / 5251 도달 (선 이탈 1.50 m)
[velocity_path_follower.py-9] [INFO] [1787285693.284361469] [velocity_path_follower]: waypoint 3034 / 5251 도달 (선 이탈 1.50 m)
[velocity_path_follower.py-9] [INFO] [1787285693.924242113] [velocity_path_follower]: waypoint 3035 / 5251 도달 (선 이탈 1.44 m)
[velocity_path_follower.py-9] [INFO] [1787285694.473923372] [velocity_path_follower]: waypoint 3036 / 5251 도달 (선 이탈 1.34 m)
[velocity_path_follower.py-9] [INFO] [1787285695.023987223] [velocity_path_follower]: waypoint 3037 / 5251 도달 (선 이탈 1.20 m)
[velocity_path_follower.py-9] [INFO] [1787285695.573874739] [velocity_path_follower]: waypoint 3038 / 5251 도달 (선 이탈 1.04 m)
[velocity_path_follower.py-9] [INFO] [1787285696.123613045] [velocity_path_follower]: waypoint 3039 / 5251 도달 (선 이탈 0.86 m)
[velocity_path_follower.py-9] [INFO] [1787285696.623102277] [velocity_path_follower]: 1310.0s  wp 3040/5251 이탈0.7m  위치 (  58.40,  -105.42,  10.02)
[velocity_path_follower.py-9] [INFO] [1787285696.673137806] [velocity_path_follower]: waypoint 3040 / 5251 도달 (선 이탈 0.66 m)
[velocity_path_follower.py-9] [INFO] [1787285697.123465653] [velocity_path_follower]: waypoint 3041 / 5251 도달 (선 이탈 0.48 m)
[velocity_path_follower.py-9] [INFO] [1787285697.623147849] [velocity_path_follower]: waypoint 3042 / 5251 도달 (선 이탈 0.29 m)
[velocity_path_follower.py-9] [INFO] [1787285698.073158900] [velocity_path_follower]: waypoint 3043 / 5251 도달 (선 이탈 0.11 m)
[velocity_path_follower.py-9] [INFO] [1787285698.523563460] [velocity_path_follower]: waypoint 3044 / 5251 도달 (선 이탈 0.05 m)
[velocity_path_follower.py-9] [INFO] [1787285698.995236268] [velocity_path_follower]: waypoint 3045 / 5251 도달 (선 이탈 0.20 m)
[velocity_path_follower.py-9] [INFO] [1787285699.432608259] [velocity_path_follower]: waypoint 3046 / 5251 도달 (선 이탈 0.32 m)
[velocity_path_follower.py-9] [INFO] [1787285699.847292765] [velocity_path_follower]: waypoint 3047 / 5251 도달 (선 이탈 0.43 m)
[velocity_path_follower.py-9] [INFO] [1787285700.299724039] [velocity_path_follower]: waypoint 3048 / 5251 도달 (선 이탈 0.53 m)
[velocity_path_follower.py-9] [INFO] [1787285700.702658837] [velocity_path_follower]: waypoint 3049 / 5251 도달 (선 이탈 0.60 m)
[velocity_path_follower.py-9] [INFO] [1787285701.099777093] [velocity_path_follower]: waypoint 3050 / 5251 도달 (선 이탈 0.65 m)
[velocity_path_follower.py-9] [INFO] [1787285701.499690287] [velocity_path_follower]: waypoint 3051 / 5251 도달 (선 이탈 0.69 m)
[velocity_path_follower.py-9] [INFO] [1787285701.699418732] [velocity_path_follower]: 1315.0s  wp 3052/5251 이탈0.7m  위치 (  52.64,  -106.80,  12.44)
[velocity_path_follower.py-9] [INFO] [1787285701.899660106] [velocity_path_follower]: waypoint 3052 / 5251 도달 (선 이탈 0.70 m)
[velocity_path_follower.py-9] [INFO] [1787285702.299582717] [velocity_path_follower]: waypoint 3053 / 5251 도달 (선 이탈 0.71 m)
[velocity_path_follower.py-9] [INFO] [1787285702.699611498] [velocity_path_follower]: waypoint 3054 / 5251 도달 (선 이탈 0.70 m)
[velocity_path_follower.py-9] [INFO] [1787285703.099638487] [velocity_path_follower]: waypoint 3055 / 5251 도달 (선 이탈 0.67 m)
[velocity_path_follower.py-9] [INFO] [1787285703.499677520] [velocity_path_follower]: waypoint 3056 / 5251 도달 (선 이탈 0.63 m)
[velocity_path_follower.py-9] [INFO] [1787285704.062313080] [velocity_path_follower]: waypoint 3057 / 5251 도달 (선 이탈 0.56 m)
[velocity_path_follower.py-9] [INFO] [1787285704.264691293] [velocity_path_follower]: waypoint 3058 / 5251 도달 (선 이탈 0.53 m)
[velocity_path_follower.py-9] [INFO] [1787285704.666305237] [velocity_path_follower]: waypoint 3059 / 5251 도달 (선 이탈 0.46 m)
[velocity_path_follower.py-9] [INFO] [1787285705.016682248] [velocity_path_follower]: waypoint 3060 / 5251 도달 (선 이탈 0.40 m)
[velocity_path_follower.py-9] [INFO] [1787285705.416298400] [velocity_path_follower]: waypoint 3061 / 5251 도달 (선 이탈 0.32 m)
[velocity_path_follower.py-9] [INFO] [1787285705.816299727] [velocity_path_follower]: waypoint 3062 / 5251 도달 (선 이탈 0.25 m)
[velocity_path_follower.py-9] [INFO] [1787285706.166286024] [velocity_path_follower]: waypoint 3063 / 5251 도달 (선 이탈 0.18 m)
[velocity_path_follower.py-9] [INFO] [1787285706.586115279] [velocity_path_follower]: waypoint 3064 / 5251 도달 (선 이탈 0.10 m)
[velocity_path_follower.py-9] [INFO] [1787285706.734689173] [velocity_path_follower]: 1320.0s  wp 3065/5251 이탈0.1m  위치 (  46.17,  -106.17,  14.28)
[velocity_path_follower.py-9] [INFO] [1787285707.087605576] [velocity_path_follower]: waypoint 3065 / 5251 도달 (선 이탈 0.02 m)
[velocity_path_follower.py-9] [INFO] [1787285707.456956124] [velocity_path_follower]: waypoint 3066 / 5251 도달 (선 이탈 0.04 m)
[velocity_path_follower.py-9] [INFO] [1787285707.866975378] [velocity_path_follower]: waypoint 3067 / 5251 도달 (선 이탈 0.11 m)
[velocity_path_follower.py-9] [INFO] [1787285708.396733410] [velocity_path_follower]: waypoint 3068 / 5251 도달 (선 이탈 0.16 m)
[velocity_path_follower.py-9] [INFO] [1787285709.165246317] [velocity_path_follower]: waypoint 3069 / 5251 도달 (선 이탈 0.21 m)
[velocity_path_follower.py-9] [INFO] [1787285709.690087872] [velocity_path_follower]: waypoint 3070 / 5251 도달 (선 이탈 0.26 m)
[velocity_path_follower.py-9] [INFO] [1787285710.105513912] [velocity_path_follower]: waypoint 3071 / 5251 도달 (선 이탈 0.30 m)
[velocity_path_follower.py-9] [INFO] [1787285710.454833285] [velocity_path_follower]: waypoint 3072 / 5251 도달 (선 이탈 0.33 m)
[velocity_path_follower.py-9] [INFO] [1787285710.876511836] [velocity_path_follower]: waypoint 3073 / 5251 도달 (선 이탈 0.35 m)
[velocity_path_follower.py-9] [INFO] [1787285711.226796648] [velocity_path_follower]: waypoint 3074 / 5251 도달 (선 이탈 0.36 m)
[velocity_path_follower.py-9] [INFO] [1787285711.626358684] [velocity_path_follower]: waypoint 3075 / 5251 도달 (선 이탈 0.37 m)
[velocity_path_follower.py-9] [INFO] [1787285711.976431158] [velocity_path_follower]: waypoint 3076 / 5251 도달 (선 이탈 0.37 m)
[velocity_path_follower.py-9] [INFO] [1787285712.326546676] [velocity_path_follower]: waypoint 3077 / 5251 도달 (선 이탈 0.37 m)
[velocity_path_follower.py-9] [INFO] [1787285712.676618902] [velocity_path_follower]: waypoint 3078 / 5251 도달 (선 이탈 0.36 m)
[velocity_path_follower.py-9] [INFO] [1787285712.726435846] [velocity_path_follower]: 1325.0s  wp 3079/5251 이탈0.4m  위치 (  39.29,  -105.74,   8.56)
[velocity_path_follower.py-9] [INFO] [1787285713.090445538] [velocity_path_follower]: waypoint 3079 / 5251 도달 (선 이탈 0.34 m)
[velocity_path_follower.py-9] [INFO] [1787285713.439134485] [velocity_path_follower]: waypoint 3080 / 5251 도달 (선 이탈 0.31 m)
[velocity_path_follower.py-9] [INFO] [1787285713.789220629] [velocity_path_follower]: waypoint 3081 / 5251 도달 (선 이탈 0.29 m)
[velocity_path_follower.py-9] [INFO] [1787285714.141690742] [velocity_path_follower]: waypoint 3082 / 5251 도달 (선 이탈 0.26 m)
[ros2-8] [INFO] [1787285714.181246258] [rosbag2_cpp]: Writing remaining messages from cache to the bag. It may take a while
[velocity_path_follower.py-9] [INFO] [1787285714.493594135] [velocity_path_follower]: waypoint 3083 / 5251 도달 (선 이탈 0.23 m)
[velocity_path_follower.py-9] [INFO] [1787285714.843574444] [velocity_path_follower]: waypoint 3084 / 5251 도달 (선 이탈 0.19 m)
[velocity_path_follower.py-9] [INFO] [1787285715.194130143] [velocity_path_follower]: waypoint 3085 / 5251 도달 (선 이탈 0.15 m)
[velocity_path_follower.py-9] [INFO] [1787285715.593444639] [velocity_path_follower]: waypoint 3086 / 5251 도달 (선 이탈 0.11 m)
[velocity_path_follower.py-9] [INFO] [1787285715.943656122] [velocity_path_follower]: waypoint 3087 / 5251 도달 (선 이탈 0.07 m)
[velocity_path_follower.py-9] [INFO] [1787285716.295609893] [velocity_path_follower]: waypoint 3088 / 5251 도달 (선 이탈 0.03 m)
[velocity_path_follower.py-9] [INFO] [1787285716.645693000] [velocity_path_follower]: waypoint 3089 / 5251 도달 (선 이탈 0.00 m)
[velocity_path_follower.py-9] [INFO] [1787285716.995731856] [velocity_path_follower]: waypoint 3090 / 5251 도달 (선 이탈 0.03 m)
[velocity_path_follower.py-9] [INFO] [1787285717.348730985] [velocity_path_follower]: waypoint 3091 / 5251 도달 (선 이탈 0.07 m)
[velocity_path_follower.py-9] [INFO] [1787285717.698670548] [velocity_path_follower]: waypoint 3092 / 5251 도달 (선 이탈 0.09 m)
[velocity_path_follower.py-9] [INFO] [1787285717.748325241] [velocity_path_follower]: 1330.0s  wp 3093/5251 이탈0.1m  위치 (  32.30,  -106.20,   7.12)
[velocity_path_follower.py-9] [INFO] [1787285718.048414150] [velocity_path_follower]: waypoint 3093 / 5251 도달 (선 이탈 0.12 m)
[velocity_path_follower.py-9] [INFO] [1787285718.398602511] [velocity_path_follower]: waypoint 3094 / 5251 도달 (선 이탈 0.14 m)
[velocity_path_follower.py-9] [INFO] [1787285718.748690913] [velocity_path_follower]: waypoint 3095 / 5251 도달 (선 이탈 0.16 m)
[velocity_path_follower.py-9] [INFO] [1787285719.098707022] [velocity_path_follower]: waypoint 3096 / 5251 도달 (선 이탈 0.17 m)
[velocity_path_follower.py-9] [INFO] [1787285719.448681339] [velocity_path_follower]: waypoint 3097 / 5251 도달 (선 이탈 0.19 m)
[velocity_path_follower.py-9] [INFO] [1787285719.800957664] [velocity_path_follower]: waypoint 3098 / 5251 도달 (선 이탈 0.19 m)
[velocity_path_follower.py-9] [INFO] [1787285720.151029108] [velocity_path_follower]: waypoint 3099 / 5251 도달 (선 이탈 0.20 m)
[velocity_path_follower.py-9] [INFO] [1787285720.501054803] [velocity_path_follower]: waypoint 3100 / 5251 도달 (선 이탈 0.20 m)
[velocity_path_follower.py-9] [INFO] [1787285720.851038288] [velocity_path_follower]: waypoint 3101 / 5251 도달 (선 이탈 0.19 m)
[velocity_path_follower.py-9] [INFO] [1787285721.201017691] [velocity_path_follower]: waypoint 3102 / 5251 도달 (선 이탈 0.19 m)
[velocity_path_follower.py-9] [INFO] [1787285721.550860383] [velocity_path_follower]: waypoint 3103 / 5251 도달 (선 이탈 0.18 m)
[velocity_path_follower.py-9] [INFO] [1787285721.901014124] [velocity_path_follower]: waypoint 3104 / 5251 도달 (선 이탈 0.16 m)
[velocity_path_follower.py-9] [INFO] [1787285722.250930652] [velocity_path_follower]: waypoint 3105 / 5251 도달 (선 이탈 0.15 m)
[velocity_path_follower.py-9] [INFO] [1787285722.600919974] [velocity_path_follower]: waypoint 3106 / 5251 도달 (선 이탈 0.13 m)
[velocity_path_follower.py-9] [INFO] [1787285722.750928785] [velocity_path_follower]: 1335.0s  wp 3107/5251 이탈0.1m  위치 (  25.18,  -106.23,   9.10)
[velocity_path_follower.py-9] [INFO] [1787285722.950887212] [velocity_path_follower]: waypoint 3107 / 5251 도달 (선 이탈 0.12 m)
[velocity_path_follower.py-9] [INFO] [1787285723.300952953] [velocity_path_follower]: waypoint 3108 / 5251 도달 (선 이탈 0.10 m)
[velocity_path_follower.py-9] [INFO] [1787285723.651098363] [velocity_path_follower]: waypoint 3109 / 5251 도달 (선 이탈 0.08 m)
[velocity_path_follower.py-9] [INFO] [1787285724.001098603] [velocity_path_follower]: waypoint 3110 / 5251 도달 (선 이탈 0.06 m)
[velocity_path_follower.py-9] [INFO] [1787285724.351353725] [velocity_path_follower]: waypoint 3111 / 5251 도달 (선 이탈 0.04 m)
[velocity_path_follower.py-9] [INFO] [1787285724.703858646] [velocity_path_follower]: waypoint 3112 / 5251 도달 (선 이탈 0.02 m)
[velocity_path_follower.py-9] [INFO] [1787285725.053642300] [velocity_path_follower]: waypoint 3113 / 5251 도달 (선 이탈 0.00 m)
[velocity_path_follower.py-9] [INFO] [1787285725.498824383] [velocity_path_follower]: waypoint 3114 / 5251 도달 (선 이탈 0.02 m)
[velocity_path_follower.py-9] [INFO] [1787285725.849158092] [velocity_path_follower]: waypoint 3115 / 5251 도달 (선 이탈 0.03 m)
[velocity_path_follower.py-9] [INFO] [1787285726.198889163] [velocity_path_follower]: waypoint 3116 / 5251 도달 (선 이탈 0.05 m)
[velocity_path_follower.py-9] [INFO] [1787285726.548923158] [velocity_path_follower]: waypoint 3117 / 5251 도달 (선 이탈 0.06 m)
[velocity_path_follower.py-9] [INFO] [1787285726.906565359] [velocity_path_follower]: waypoint 3118 / 5251 도달 (선 이탈 0.07 m)
[velocity_path_follower.py-9] [INFO] [1787285727.258421228] [velocity_path_follower]: waypoint 3119 / 5251 도달 (선 이탈 0.08 m)
[velocity_path_follower.py-9] [INFO] [1787285727.608621436] [velocity_path_follower]: waypoint 3120 / 5251 도달 (선 이탈 0.09 m)
[velocity_path_follower.py-9] [INFO] [1787285727.858355565] [velocity_path_follower]: 1340.0s  wp 3121/5251 이탈0.1m  위치 (  18.01,  -106.01,   8.31)
[velocity_path_follower.py-9] [INFO] [1787285727.958767769] [velocity_path_follower]: waypoint 3121 / 5251 도달 (선 이탈 0.10 m)
[velocity_path_follower.py-9] [INFO] [1787285728.310685307] [velocity_path_follower]: waypoint 3122 / 5251 도달 (선 이탈 0.10 m)
[velocity_path_follower.py-9] [INFO] [1787285728.660774890] [velocity_path_follower]: waypoint 3123 / 5251 도달 (선 이탈 0.10 m)
[velocity_path_follower.py-9] [INFO] [1787285729.010605217] [velocity_path_follower]: waypoint 3124 / 5251 도달 (선 이탈 0.10 m)
[velocity_path_follower.py-9] [INFO] [1787285729.362757303] [velocity_path_follower]: waypoint 3125 / 5251 도달 (선 이탈 0.10 m)
[velocity_path_follower.py-9] [INFO] [1787285729.720045251] [velocity_path_follower]: waypoint 3126 / 5251 도달 (선 이탈 0.10 m)
[velocity_path_follower.py-9] [INFO] [1787285730.069121813] [velocity_path_follower]: waypoint 3127 / 5251 도달 (선 이탈 0.09 m)
[velocity_path_follower.py-9] [INFO] [1787285730.372812023] [velocity_path_follower]: waypoint 3128 / 5251 도달 (선 이탈 0.09 m)
[velocity_path_follower.py-9] [INFO] [1787285730.722712355] [velocity_path_follower]: waypoint 3129 / 5251 도달 (선 이탈 0.08 m)
[velocity_path_follower.py-9] [INFO] [1787285731.122707433] [velocity_path_follower]: waypoint 3130 / 5251 도달 (선 이탈 0.07 m)
[velocity_path_follower.py-9] [INFO] [1787285731.422860735] [velocity_path_follower]: waypoint 3131 / 5251 도달 (선 이탈 0.06 m)
[velocity_path_follower.py-9] [INFO] [1787285731.775264205] [velocity_path_follower]: waypoint 3132 / 5251 도달 (선 이탈 0.05 m)
[velocity_path_follower.py-9] [INFO] [1787285732.124892407] [velocity_path_follower]: waypoint 3133 / 5251 도달 (선 이탈 0.04 m)
[velocity_path_follower.py-9] [INFO] [1787285732.474661988] [velocity_path_follower]: waypoint 3134 / 5251 도달 (선 이탈 0.03 m)
[velocity_path_follower.py-9] [INFO] [1787285732.824882121] [velocity_path_follower]: waypoint 3135 / 5251 도달 (선 이탈 0.02 m)
[velocity_path_follower.py-9] [INFO] [1787285732.874865282] [velocity_path_follower]: 1345.0s  wp 3136/5251 이탈0.0m  위치 (  10.79,  -106.08,   9.78)
[velocity_path_follower.py-9] [INFO] [1787285733.174834540] [velocity_path_follower]: waypoint 3136 / 5251 도달 (선 이탈 0.01 m)
[velocity_path_follower.py-9] [INFO] [1787285733.524723625] [velocity_path_follower]: waypoint 3137 / 5251 도달 (선 이탈 0.00 m)
[velocity_path_follower.py-9] [INFO] [1787285733.874780006] [velocity_path_follower]: waypoint 3138 / 5251 도달 (선 이탈 0.01 m)
[velocity_path_follower.py-9] [INFO] [1787285734.260043063] [velocity_path_follower]: waypoint 3139 / 5251 도달 (선 이탈 0.02 m)
[velocity_path_follower.py-9] [INFO] [1787285734.610218364] [velocity_path_follower]: waypoint 3140 / 5251 도달 (선 이탈 0.03 m)
[velocity_path_follower.py-9] [INFO] [1787285734.960046574] [velocity_path_follower]: waypoint 3141 / 5251 도달 (선 이탈 0.03 m)
[velocity_path_follower.py-9] [INFO] [1787285735.310220126] [velocity_path_follower]: waypoint 3142 / 5251 도달 (선 이탈 0.04 m)
[velocity_path_follower.py-9] [INFO] [1787285735.660152549] [velocity_path_follower]: waypoint 3143 / 5251 도달 (선 이탈 0.04 m)
[velocity_path_follower.py-9] [INFO] [1787285736.012255018] [velocity_path_follower]: waypoint 3144 / 5251 도달 (선 이탈 0.05 m)
[velocity_path_follower.py-9] [INFO] [1787285736.362222900] [velocity_path_follower]: waypoint 3145 / 5251 도달 (선 이탈 0.05 m)
[velocity_path_follower.py-9] [INFO] [1787285736.712385287] [velocity_path_follower]: waypoint 3146 / 5251 도달 (선 이탈 0.05 m)
[velocity_path_follower.py-9] [INFO] [1787285737.062252626] [velocity_path_follower]: waypoint 3147 / 5251 도달 (선 이탈 0.05 m)
[velocity_path_follower.py-9] [INFO] [1787285737.377388884] [velocity_path_follower]: waypoint 3148 / 5251 도달 (선 이탈 0.05 m)
[velocity_path_follower.py-9] [INFO] [1787285737.776571497] [velocity_path_follower]: waypoint 3149 / 5251 도달 (선 이탈 0.05 m)
[velocity_path_follower.py-9] [INFO] [1787285737.926288352] [velocity_path_follower]: 1350.0s  wp 3150/5251 이탈0.1m  위치 (   3.61,  -106.15,  10.36)
[velocity_path_follower.py-9] [INFO] [1787285738.076417466] [velocity_path_follower]: waypoint 3150 / 5251 도달 (선 이탈 0.05 m)
[velocity_path_follower.py-9] [INFO] [1787285738.426329684] [velocity_path_follower]: waypoint 3151 / 5251 도달 (선 이탈 0.05 m)
[velocity_path_follower.py-9] [INFO] [1787285738.778583535] [velocity_path_follower]: waypoint 3152 / 5251 도달 (선 이탈 0.05 m)
[velocity_path_follower.py-9] [INFO] [1787285739.128784593] [velocity_path_follower]: waypoint 3153 / 5251 도달 (선 이탈 0.04 m)
[velocity_path_follower.py-9] [INFO] [1787285739.478455806] [velocity_path_follower]: waypoint 3154 / 5251 도달 (선 이탈 0.04 m)
[velocity_path_follower.py-9] [INFO] [1787285739.828639614] [velocity_path_follower]: waypoint 3155 / 5251 도달 (선 이탈 0.04 m)
[velocity_path_follower.py-9] [INFO] [1787285740.178444623] [velocity_path_follower]: waypoint 3156 / 5251 도달 (선 이탈 0.03 m)
[velocity_path_follower.py-9] [INFO] [1787285740.528678101] [velocity_path_follower]: waypoint 3157 / 5251 도달 (선 이탈 0.03 m)
[velocity_path_follower.py-9] [INFO] [1787285740.878612780] [velocity_path_follower]: waypoint 3158 / 5251 도달 (선 이탈 0.02 m)
[velocity_path_follower.py-9] [INFO] [1787285741.228711213] [velocity_path_follower]: waypoint 3159 / 5251 도달 (선 이탈 0.01 m)
[velocity_path_follower.py-9] [INFO] [1787285741.528547229] [velocity_path_follower]: waypoint 3160 / 5251 도달 (선 이탈 0.01 m)
[velocity_path_follower.py-9] [INFO] [1787285741.928623742] [velocity_path_follower]: waypoint 3161 / 5251 도달 (선 이탈 0.00 m)
[velocity_path_follower.py-9] [INFO] [1787285742.278700634] [velocity_path_follower]: waypoint 3162 / 5251 도달 (선 이탈 0.00 m)
[velocity_path_follower.py-9] [INFO] [1787285742.928309163] [velocity_path_follower]: 1355.0s  climb       위치 (  -3.58,  -106.09,   5.95)
[velocity_path_follower.py-9] [INFO] [1787285746.846456060] [velocity_path_follower]: waypoint 3163 / 5251 도달 (선 이탈 0.04 m)
[velocity_path_follower.py-9] [INFO] [1787285746.896936901] [velocity_path_follower]: waypoint 3164 / 5251 도달 (선 이탈 0.04 m)
[velocity_path_follower.py-9] [INFO] [1787285746.946467221] [velocity_path_follower]: waypoint 3165 / 5251 도달 (선 이탈 0.04 m)
[velocity_path_follower.py-9] [INFO] [1787285746.996514844] [velocity_path_follower]: waypoint 3166 / 5251 도달 (선 이탈 0.04 m)
[velocity_path_follower.py-9] [INFO] [1787285747.046414006] [velocity_path_follower]: waypoint 3167 / 5251 도달 (선 이탈 0.04 m)
[velocity_path_follower.py-9] [INFO] [1787285747.096391753] [velocity_path_follower]: waypoint 3168 / 5251 도달 (선 이탈 0.04 m)
[velocity_path_follower.py-9] [INFO] [1787285747.146568462] [velocity_path_follower]: waypoint 3169 / 5251 도달 (선 이탈 0.04 m)
[velocity_path_follower.py-9] [INFO] [1787285747.196722796] [velocity_path_follower]: waypoint 3170 / 5251 도달 (선 이탈 0.04 m)
[velocity_path_follower.py-9] [INFO] [1787285747.246423704] [velocity_path_follower]: waypoint 3171 / 5251 도달 (선 이탈 0.04 m)
[velocity_path_follower.py-9] [INFO] [1787285747.496577277] [velocity_path_follower]: waypoint 3172 / 5251 도달 (선 이탈 0.05 m)
[velocity_path_follower.py-9] [INFO] [1787285747.981760431] [velocity_path_follower]: 1360.0s  wp 3173/5251 이탈0.0m  위치 (  -7.89,  -106.05,   7.31)
[velocity_path_follower.py-9] [INFO] [1787285748.331993752] [velocity_path_follower]: waypoint 3173 / 5251 도달 (선 이탈 0.05 m)
[velocity_path_follower.py-9] [INFO] [1787285749.032331224] [velocity_path_follower]: waypoint 3174 / 5251 도달 (선 이탈 0.04 m)
[velocity_path_follower.py-9] [INFO] [1787285749.631573514] [velocity_path_follower]: waypoint 3175 / 5251 도달 (선 이탈 0.04 m)
[velocity_path_follower.py-9] [INFO] [1787285750.231706907] [velocity_path_follower]: waypoint 3176 / 5251 도달 (선 이탈 0.03 m)
[velocity_path_follower.py-9] [INFO] [1787285750.731819555] [velocity_path_follower]: waypoint 3177 / 5251 도달 (선 이탈 0.03 m)
[velocity_path_follower.py-9] [INFO] [1787285751.231853369] [velocity_path_follower]: waypoint 3178 / 5251 도달 (선 이탈 0.02 m)
[velocity_path_follower.py-9] [INFO] [1787285751.731633346] [velocity_path_follower]: waypoint 3179 / 5251 도달 (선 이탈 0.02 m)
[velocity_path_follower.py-9] [INFO] [1787285752.231837415] [velocity_path_follower]: waypoint 3180 / 5251 도달 (선 이탈 0.01 m)
[velocity_path_follower.py-9] [INFO] [1787285752.681880276] [velocity_path_follower]: waypoint 3181 / 5251 도달 (선 이탈 0.00 m)
[velocity_path_follower.py-9] [INFO] [1787285752.981583800] [velocity_path_follower]: 1365.0s  wp 3182/5251 이탈0.0m  위치 ( -12.47,  -106.10,  10.26)
[velocity_path_follower.py-9] [INFO] [1787285753.131756591] [velocity_path_follower]: waypoint 3182 / 5251 도달 (선 이탈 0.00 m)
[velocity_path_follower.py-9] [INFO] [1787285753.531892790] [velocity_path_follower]: waypoint 3183 / 5251 도달 (선 이탈 0.01 m)
[velocity_path_follower.py-9] [INFO] [1787285753.981702231] [velocity_path_follower]: waypoint 3184 / 5251 도달 (선 이탈 0.01 m)
[velocity_path_follower.py-9] [INFO] [1787285754.431858597] [velocity_path_follower]: waypoint 3185 / 5251 도달 (선 이탈 0.02 m)
[velocity_path_follower.py-9] [INFO] [1787285754.834215887] [velocity_path_follower]: waypoint 3186 / 5251 도달 (선 이탈 0.02 m)
[velocity_path_follower.py-9] [INFO] [1787285755.236133293] [velocity_path_follower]: waypoint 3187 / 5251 도달 (선 이탈 0.02 m)
[velocity_path_follower.py-9] [INFO] [1787285755.636127159] [velocity_path_follower]: waypoint 3188 / 5251 도달 (선 이탈 0.02 m)
[velocity_path_follower.py-9] [INFO] [1787285756.036304820] [velocity_path_follower]: waypoint 3189 / 5251 도달 (선 이탈 0.03 m)
[velocity_path_follower.py-9] [INFO] [1787285756.439091289] [velocity_path_follower]: waypoint 3190 / 5251 도달 (선 이탈 0.03 m)
[velocity_path_follower.py-9] [INFO] [1787285756.839090073] [velocity_path_follower]: waypoint 3191 / 5251 도달 (선 이탈 0.03 m)
[velocity_path_follower.py-9] [INFO] [1787285757.239084982] [velocity_path_follower]: waypoint 3192 / 5251 도달 (선 이탈 0.03 m)
[velocity_path_follower.py-9] [INFO] [1787285757.589069184] [velocity_path_follower]: waypoint 3193 / 5251 도달 (선 이탈 0.02 m)
[velocity_path_follower.py-9] [INFO] [1787285757.988991718] [velocity_path_follower]: waypoint 3194 / 5251 도달 (선 이탈 0.02 m)
[velocity_path_follower.py-9] [INFO] [1787285758.039038510] [velocity_path_follower]: 1370.1s  wp 3195/5251 이탈0.0m  위치 ( -18.72,  -106.12,   9.59)
[velocity_path_follower.py-9] [INFO] [1787285758.339059007] [velocity_path_follower]: waypoint 3195 / 5251 도달 (선 이탈 0.02 m)
[velocity_path_follower.py-9] [INFO] [1787285758.739116711] [velocity_path_follower]: waypoint 3196 / 5251 도달 (선 이탈 0.02 m)
[velocity_path_follower.py-9] [INFO] [1787285759.089390046] [velocity_path_follower]: waypoint 3197 / 5251 도달 (선 이탈 0.02 m)
[velocity_path_follower.py-9] [INFO] [1787285759.488988742] [velocity_path_follower]: waypoint 3198 / 5251 도달 (선 이탈 0.01 m)
[velocity_path_follower.py-9] [INFO] [1787285759.839151826] [velocity_path_follower]: waypoint 3199 / 5251 도달 (선 이탈 0.01 m)
[velocity_path_follower.py-9] [INFO] [1787285760.243804549] [velocity_path_follower]: waypoint 3200 / 5251 도달 (선 이탈 0.01 m)
[velocity_path_follower.py-9] [INFO] [1787285760.593412205] [velocity_path_follower]: waypoint 3201 / 5251 도달 (선 이탈 0.01 m)
[velocity_path_follower.py-9] [INFO] [1787285760.943202699] [velocity_path_follower]: waypoint 3202 / 5251 도달 (선 이탈 0.00 m)
[velocity_path_follower.py-9] [INFO] [1787285761.293359368] [velocity_path_follower]: waypoint 3203 / 5251 도달 (선 이탈 0.00 m)
[velocity_path_follower.py-9] [INFO] [1787285761.693081153] [velocity_path_follower]: waypoint 3204 / 5251 도달 (선 이탈 0.00 m)
[velocity_path_follower.py-9] [INFO] [1787285762.043169737] [velocity_path_follower]: waypoint 3205 / 5251 도달 (선 이탈 0.00 m)
[velocity_path_follower.py-9] [INFO] [1787285762.393602581] [velocity_path_follower]: waypoint 3206 / 5251 도달 (선 이탈 0.01 m)
[velocity_path_follower.py-9] [INFO] [1787285762.743312658] [velocity_path_follower]: waypoint 3207 / 5251 도달 (선 이탈 0.01 m)
[velocity_path_follower.py-9] [INFO] [1787285762.993115946] [velocity_path_follower]: 1375.0s  wp 3208/5251 이탈0.0m  위치 ( -25.44,  -106.09,   7.13)
[velocity_path_follower.py-9] [INFO] [1787285763.143285159] [velocity_path_follower]: waypoint 3208 / 5251 도달 (선 이탈 0.01 m)
[velocity_path_follower.py-9] [INFO] [1787285763.493129532] [velocity_path_follower]: waypoint 3209 / 5251 도달 (선 이탈 0.01 m)
[velocity_path_follower.py-9] [INFO] [1787285763.848885117] [velocity_path_follower]: waypoint 3210 / 5251 도달 (선 이탈 0.01 m)
[velocity_path_follower.py-9] [INFO] [1787285767.789698387] [velocity_path_follower]: waypoint 3211 / 5251 도달 (선 이탈 0.02 m)
[velocity_path_follower.py-9] [INFO] [1787285767.839093958] [velocity_path_follower]: waypoint 3212 / 5251 도달 (선 이탈 0.02 m)
[velocity_path_follower.py-9] [INFO] [1787285767.889035999] [velocity_path_follower]: waypoint 3213 / 5251 도달 (선 이탈 0.02 m)
[velocity_path_follower.py-9] [INFO] [1787285767.939163253] [velocity_path_follower]: waypoint 3214 / 5251 도달 (선 이탈 0.02 m)
[velocity_path_follower.py-9] [INFO] [1787285767.989183171] [velocity_path_follower]: waypoint 3215 / 5251 도달 (선 이탈 0.02 m)
[velocity_path_follower.py-9] [INFO] [1787285768.039203214] [velocity_path_follower]: waypoint 3216 / 5251 도달 (선 이탈 0.02 m)
[velocity_path_follower.py-9] [INFO] [1787285768.089204466] [velocity_path_follower]: waypoint 3217 / 5251 도달 (선 이탈 0.02 m)
[velocity_path_follower.py-9] [INFO] [1787285768.138863501] [velocity_path_follower]: waypoint 3218 / 5251 도달 (선 이탈 0.02 m)
[velocity_path_follower.py-9] [INFO] [1787285768.189173509] [velocity_path_follower]: 1380.1s  wp 3219/5251 이탈0.0m  위치 ( -30.91,  -106.08,   6.70)
[velocity_path_follower.py-9] [INFO] [1787285768.508769774] [velocity_path_follower]: waypoint 3219 / 5251 도달 (선 이탈 0.02 m)
[velocity_path_follower.py-9] [INFO] [1787285769.258331115] [velocity_path_follower]: waypoint 3220 / 5251 도달 (선 이탈 0.02 m)
[velocity_path_follower.py-9] [INFO] [1787285770.062273847] [velocity_path_follower]: waypoint 3221 / 5251 도달 (선 이탈 0.01 m)
[velocity_path_follower.py-9] [INFO] [1787285770.461683346] [velocity_path_follower]: waypoint 3222 / 5251 도달 (선 이탈 0.01 m)
[velocity_path_follower.py-9] [INFO] [1787285771.012228707] [velocity_path_follower]: waypoint 3223 / 5251 도달 (선 이탈 0.01 m)
[velocity_path_follower.py-9] [INFO] [1787285771.561438500] [velocity_path_follower]: waypoint 3224 / 5251 도달 (선 이탈 0.01 m)
[velocity_path_follower.py-9] [INFO] [1787285772.061707147] [velocity_path_follower]: waypoint 3225 / 5251 도달 (선 이탈 0.01 m)
[velocity_path_follower.py-9] [INFO] [1787285772.511815166] [velocity_path_follower]: waypoint 3226 / 5251 도달 (선 이탈 0.00 m)
[velocity_path_follower.py-9] [INFO] [1787285773.009942518] [velocity_path_follower]: waypoint 3227 / 5251 도달 (선 이탈 0.00 m)
[velocity_path_follower.py-9] [INFO] [1787285773.158370699] [velocity_path_follower]: 1385.0s  wp 3228/5251 이탈0.0m  위치 ( -35.26,  -106.10,   7.45)
[velocity_path_follower.py-9] [INFO] [1787285773.645139556] [velocity_path_follower]: waypoint 3228 / 5251 도달 (선 이탈 0.00 m)
[velocity_path_follower.py-9] [INFO] [1787285774.041593995] [velocity_path_follower]: waypoint 3229 / 5251 도달 (선 이탈 0.00 m)
[velocity_path_follower.py-9] [INFO] [1787285774.491576223] [velocity_path_follower]: waypoint 3230 / 5251 도달 (선 이탈 0.00 m)
[velocity_path_follower.py-9] [INFO] [1787285774.943981794] [velocity_path_follower]: waypoint 3231 / 5251 도달 (선 이탈 0.01 m)
[velocity_path_follower.py-9] [INFO] [1787285778.293745165] [velocity_path_follower]: 1390.0s  climb       위치 ( -40.49,  -105.39,   6.42)
[velocity_path_follower.py-9] [INFO] [1787285782.493928141] [velocity_path_follower]: waypoint 3232 / 5251 도달 (선 이탈 2.82 m)
[velocity_path_follower.py-9] [INFO] [1787285783.293338684] [velocity_path_follower]: 1395.0s  wp 3234/5251 이탈1.0m  위치 ( -41.21,  -103.05,   6.99)
[velocity_path_follower.py-9] [INFO] [1787285786.093617697] [velocity_path_follower]: waypoint 3234 / 5251 도달 (선 이탈 0.71 m)
[velocity_path_follower.py-9] [INFO] [1787285787.693444702] [velocity_path_follower]: waypoint 3235 / 5251 도달 (선 이탈 1.25 m)
[velocity_path_follower.py-9] [INFO] [1787285787.743446415] [velocity_path_follower]: waypoint 3236 / 5251 도달 (선 이탈 1.27 m)
[velocity_path_follower.py-9] [INFO] [1787285788.193663709] [velocity_path_follower]: waypoint 3237 / 5251 도달 (선 이탈 1.38 m)
[velocity_path_follower.py-9] [INFO] [1787285788.293329960] [velocity_path_follower]: 1400.0s  wp 3238/5251 이탈1.4m  위치 ( -38.01,  -100.69,   6.58)
[velocity_path_follower.py-9] [INFO] [1787285788.893632687] [velocity_path_follower]: waypoint 3238 / 5251 도달 (선 이탈 1.50 m)
[velocity_path_follower.py-9] [INFO] [1787285789.593405621] [velocity_path_follower]: waypoint 3239 / 5251 도달 (선 이탈 1.52 m)
[velocity_path_follower.py-9] [INFO] [1787285790.264373846] [velocity_path_follower]: waypoint 3240 / 5251 도달 (선 이탈 1.46 m)
[velocity_path_follower.py-9] [INFO] [1787285790.864308735] [velocity_path_follower]: waypoint 3241 / 5251 도달 (선 이탈 1.36 m)
[velocity_path_follower.py-9] [INFO] [1787285791.473430742] [velocity_path_follower]: waypoint 3242 / 5251 도달 (선 이탈 1.21 m)
[velocity_path_follower.py-9] [INFO] [1787285792.023545924] [velocity_path_follower]: waypoint 3243 / 5251 도달 (선 이탈 1.04 m)
[velocity_path_follower.py-9] [INFO] [1787285792.575622150] [velocity_path_follower]: waypoint 3244 / 5251 도달 (선 이탈 0.85 m)
[velocity_path_follower.py-9] [INFO] [1787285793.075905582] [velocity_path_follower]: waypoint 3245 / 5251 도달 (선 이탈 0.66 m)
[velocity_path_follower.py-9] [INFO] [1787285793.325879358] [velocity_path_follower]: 1405.0s  wp 3246/5251 이탈0.6m  위치 ( -33.86,  -101.53,   6.84)
[velocity_path_follower.py-9] [INFO] [1787285793.625587675] [velocity_path_follower]: waypoint 3246 / 5251 도달 (선 이탈 0.45 m)
[velocity_path_follower.py-9] [INFO] [1787285794.075752684] [velocity_path_follower]: waypoint 3247 / 5251 도달 (선 이탈 0.27 m)
[velocity_path_follower.py-9] [INFO] [1787285794.575762488] [velocity_path_follower]: waypoint 3248 / 5251 도달 (선 이탈 0.08 m)
[velocity_path_follower.py-9] [INFO] [1787285795.025913540] [velocity_path_follower]: waypoint 3249 / 5251 도달 (선 이탈 0.09 m)
[velocity_path_follower.py-9] [INFO] [1787285795.475665459] [velocity_path_follower]: waypoint 3250 / 5251 도달 (선 이탈 0.23 m)
[velocity_path_follower.py-9] [INFO] [1787285795.875921843] [velocity_path_follower]: waypoint 3251 / 5251 도달 (선 이탈 0.35 m)
[velocity_path_follower.py-9] [INFO] [1787285796.326666160] [velocity_path_follower]: waypoint 3252 / 5251 도달 (선 이탈 0.46 m)
[velocity_path_follower.py-9] [INFO] [1787285796.776284328] [velocity_path_follower]: waypoint 3253 / 5251 도달 (선 이탈 0.56 m)
[velocity_path_follower.py-9] [INFO] [1787285797.175860990] [velocity_path_follower]: waypoint 3254 / 5251 도달 (선 이탈 0.62 m)
[velocity_path_follower.py-9] [INFO] [1787285797.575936705] [velocity_path_follower]: waypoint 3255 / 5251 도달 (선 이탈 0.67 m)
[velocity_path_follower.py-9] [INFO] [1787285797.975787540] [velocity_path_follower]: waypoint 3256 / 5251 도달 (선 이탈 0.70 m)
[velocity_path_follower.py-9] [INFO] [1787285798.325693997] [velocity_path_follower]: 1410.0s  wp 3257/5251 이탈0.7m  위치 ( -28.14,  -102.81,   9.19)
[velocity_path_follower.py-9] [INFO] [1787285798.375582917] [velocity_path_follower]: waypoint 3257 / 5251 도달 (선 이탈 0.71 m)
[velocity_path_follower.py-9] [INFO] [1787285798.778435319] [velocity_path_follower]: waypoint 3258 / 5251 도달 (선 이탈 0.71 m)
[velocity_path_follower.py-9] [INFO] [1787285799.178379908] [velocity_path_follower]: waypoint 3259 / 5251 도달 (선 이탈 0.69 m)
[velocity_path_follower.py-9] [INFO] [1787285799.578412375] [velocity_path_follower]: waypoint 3260 / 5251 도달 (선 이탈 0.67 m)
[velocity_path_follower.py-9] [INFO] [1787285799.978333714] [velocity_path_follower]: waypoint 3261 / 5251 도달 (선 이탈 0.62 m)
[velocity_path_follower.py-9] [INFO] [1787285800.381388956] [velocity_path_follower]: waypoint 3262 / 5251 도달 (선 이탈 0.57 m)
[velocity_path_follower.py-9] [INFO] [1787285800.778555111] [velocity_path_follower]: waypoint 3263 / 5251 도달 (선 이탈 0.51 m)
[velocity_path_follower.py-9] [INFO] [1787285801.131028543] [velocity_path_follower]: waypoint 3264 / 5251 도달 (선 이탈 0.45 m)
[velocity_path_follower.py-9] [INFO] [1787285801.531141389] [velocity_path_follower]: waypoint 3265 / 5251 도달 (선 이탈 0.38 m)
[velocity_path_follower.py-9] [INFO] [1787285801.930867310] [velocity_path_follower]: waypoint 3266 / 5251 도달 (선 이탈 0.31 m)
[velocity_path_follower.py-9] [INFO] [1787285802.280915524] [velocity_path_follower]: waypoint 3267 / 5251 도달 (선 이탈 0.23 m)
[velocity_path_follower.py-9] [INFO] [1787285802.680893451] [velocity_path_follower]: waypoint 3268 / 5251 도달 (선 이탈 0.16 m)
[velocity_path_follower.py-9] [INFO] [1787285803.081064300] [velocity_path_follower]: waypoint 3269 / 5251 도달 (선 이탈 0.08 m)
[velocity_path_follower.py-9] [INFO] [1787285803.330713284] [velocity_path_follower]: 1415.0s  wp 3270/5251 이탈0.0m  위치 ( -21.70,  -102.13,   9.02)
[velocity_path_follower.py-9] [INFO] [1787285803.430866884] [velocity_path_follower]: waypoint 3270 / 5251 도달 (선 이탈 0.01 m)
[velocity_path_follower.py-9] [INFO] [1787285803.781032310] [velocity_path_follower]: waypoint 3271 / 5251 도달 (선 이탈 0.05 m)
[velocity_path_follower.py-9] [INFO] [1787285804.180930488] [velocity_path_follower]: waypoint 3272 / 5251 도달 (선 이탈 0.12 m)
[velocity_path_follower.py-9] [INFO] [1787285804.530919244] [velocity_path_follower]: waypoint 3273 / 5251 도달 (선 이탈 0.17 m)
[velocity_path_follower.py-9] [INFO] [1787285804.880915751] [velocity_path_follower]: waypoint 3274 / 5251 도달 (선 이탈 0.22 m)
[velocity_path_follower.py-9] [INFO] [1787285805.281001309] [velocity_path_follower]: waypoint 3275 / 5251 도달 (선 이탈 0.26 m)
[velocity_path_follower.py-9] [INFO] [1787285805.631062818] [velocity_path_follower]: waypoint 3276 / 5251 도달 (선 이탈 0.30 m)
[velocity_path_follower.py-9] [INFO] [1787285805.980958116] [velocity_path_follower]: waypoint 3277 / 5251 도달 (선 이탈 0.32 m)
[velocity_path_follower.py-9] [INFO] [1787285806.380921381] [velocity_path_follower]: waypoint 3278 / 5251 도달 (선 이탈 0.35 m)
[velocity_path_follower.py-9] [INFO] [1787285806.730880972] [velocity_path_follower]: waypoint 3279 / 5251 도달 (선 이탈 0.36 m)
[velocity_path_follower.py-9] [INFO] [1787285807.080876939] [velocity_path_follower]: waypoint 3280 / 5251 도달 (선 이탈 0.36 m)
[velocity_path_follower.py-9] [INFO] [1787285807.480932958] [velocity_path_follower]: waypoint 3281 / 5251 도달 (선 이탈 0.36 m)
[velocity_path_follower.py-9] [INFO] [1787285807.830797465] [velocity_path_follower]: waypoint 3282 / 5251 도달 (선 이탈 0.35 m)
[velocity_path_follower.py-9] [INFO] [1787285808.181134066] [velocity_path_follower]: waypoint 3283 / 5251 도달 (선 이탈 0.34 m)
[velocity_path_follower.py-9] [INFO] [1787285808.330798164] [velocity_path_follower]: 1420.0s  wp 3284/5251 이탈0.3m  위치 ( -14.82,  -101.77,   8.97)
[velocity_path_follower.py-9] [INFO] [1787285808.530838570] [velocity_path_follower]: waypoint 3284 / 5251 도달 (선 이탈 0.32 m)
[velocity_path_follower.py-9] [INFO] [1787285808.880918916] [velocity_path_follower]: waypoint 3285 / 5251 도달 (선 이탈 0.30 m)
[velocity_path_follower.py-9] [INFO] [1787285809.231009097] [velocity_path_follower]: waypoint 3286 / 5251 도달 (선 이탈 0.27 m)
[velocity_path_follower.py-9] [INFO] [1787285809.580963941] [velocity_path_follower]: waypoint 3287 / 5251 도달 (선 이탈 0.24 m)
[velocity_path_follower.py-9] [INFO] [1787285809.980933293] [velocity_path_follower]: waypoint 3288 / 5251 도달 (선 이탈 0.20 m)
[velocity_path_follower.py-9] [INFO] [1787285810.330886138] [velocity_path_follower]: waypoint 3289 / 5251 도달 (선 이탈 0.17 m)
[velocity_path_follower.py-9] [INFO] [1787285810.681052113] [velocity_path_follower]: waypoint 3290 / 5251 도달 (선 이탈 0.13 m)
[velocity_path_follower.py-9] [INFO] [1787285811.031004375] [velocity_path_follower]: waypoint 3291 / 5251 도달 (선 이탈 0.09 m)
[velocity_path_follower.py-9] [INFO] [1787285811.380975806] [velocity_path_follower]: waypoint 3292 / 5251 도달 (선 이탈 0.06 m)
[velocity_path_follower.py-9] [INFO] [1787285811.730981445] [velocity_path_follower]: waypoint 3293 / 5251 도달 (선 이탈 0.02 m)
[velocity_path_follower.py-9] [INFO] [1787285812.080889999] [velocity_path_follower]: waypoint 3294 / 5251 도달 (선 이탈 0.01 m)
[velocity_path_follower.py-9] [INFO] [1787285812.430957640] [velocity_path_follower]: waypoint 3295 / 5251 도달 (선 이탈 0.04 m)
[velocity_path_follower.py-9] [INFO] [1787285812.780917488] [velocity_path_follower]: waypoint 3296 / 5251 도달 (선 이탈 0.07 m)
[velocity_path_follower.py-9] [INFO] [1787285813.180990763] [velocity_path_follower]: waypoint 3297 / 5251 도달 (선 이탈 0.10 m)
[velocity_path_follower.py-9] [INFO] [1787285813.330863868] [velocity_path_follower]: 1425.0s  wp 3298/5251 이탈0.1m  위치 (  -7.82,  -102.21,   8.52)
[velocity_path_follower.py-9] [INFO] [1787285813.481098440] [velocity_path_follower]: waypoint 3298 / 5251 도달 (선 이탈 0.12 m)
[velocity_path_follower.py-9] [INFO] [1787285813.881091922] [velocity_path_follower]: waypoint 3299 / 5251 도달 (선 이탈 0.15 m)
[velocity_path_follower.py-9] [INFO] [1787285814.230858934] [velocity_path_follower]: waypoint 3300 / 5251 도달 (선 이탈 0.16 m)
[velocity_path_follower.py-9] [INFO] [1787285814.530953694] [velocity_path_follower]: waypoint 3301 / 5251 도달 (선 이탈 0.17 m)
[velocity_path_follower.py-9] [INFO] [1787285814.930855801] [velocity_path_follower]: waypoint 3302 / 5251 도달 (선 이탈 0.18 m)
[velocity_path_follower.py-9] [INFO] [1787285815.281051615] [velocity_path_follower]: waypoint 3303 / 5251 도달 (선 이탈 0.19 m)
[velocity_path_follower.py-9] [INFO] [1787285815.633888195] [velocity_path_follower]: waypoint 3304 / 5251 도달 (선 이탈 0.19 m)
[velocity_path_follower.py-9] [INFO] [1787285815.983868296] [velocity_path_follower]: waypoint 3305 / 5251 도달 (선 이탈 0.19 m)
[velocity_path_follower.py-9] [INFO] [1787285816.334073653] [velocity_path_follower]: waypoint 3306 / 5251 도달 (선 이탈 0.19 m)
[velocity_path_follower.py-9] [INFO] [1787285818.340440977] [velocity_path_follower]: 1430.0s  climb       위치 (  -1.08,  -102.25,   5.96)
[velocity_path_follower.py-9] [INFO] [1787285819.934014834] [velocity_path_follower]: waypoint 3307 / 5251 도달 (선 이탈 0.12 m)
[velocity_path_follower.py-9] [INFO] [1787285819.984905904] [velocity_path_follower]: waypoint 3308 / 5251 도달 (선 이탈 0.12 m)
[velocity_path_follower.py-9] [INFO] [1787285820.034860663] [velocity_path_follower]: waypoint 3309 / 5251 도달 (선 이탈 0.12 m)
[velocity_path_follower.py-9] [INFO] [1787285820.092748428] [velocity_path_follower]: waypoint 3310 / 5251 도달 (선 이탈 0.12 m)
[velocity_path_follower.py-9] [INFO] [1787285820.143380742] [velocity_path_follower]: waypoint 3311 / 5251 도달 (선 이탈 0.12 m)
[velocity_path_follower.py-9] [INFO] [1787285820.192424439] [velocity_path_follower]: waypoint 3312 / 5251 도달 (선 이탈 0.12 m)
[velocity_path_follower.py-9] [INFO] [1787285820.242462741] [velocity_path_follower]: waypoint 3313 / 5251 도달 (선 이탈 0.12 m)
[velocity_path_follower.py-9] [INFO] [1787285820.292416666] [velocity_path_follower]: waypoint 3314 / 5251 도달 (선 이탈 0.12 m)
[velocity_path_follower.py-9] [INFO] [1787285820.917626952] [velocity_path_follower]: waypoint 3315 / 5251 도달 (선 이탈 0.11 m)
[velocity_path_follower.py-9] [INFO] [1787285821.655964255] [velocity_path_follower]: waypoint 3316 / 5251 도달 (선 이탈 0.10 m)
[velocity_path_follower.py-9] [INFO] [1787285822.254670590] [velocity_path_follower]: waypoint 3317 / 5251 도달 (선 이탈 0.08 m)
[velocity_path_follower.py-9] [INFO] [1787285822.804911450] [velocity_path_follower]: waypoint 3318 / 5251 도달 (선 이탈 0.06 m)
[velocity_path_follower.py-9] [INFO] [1787285823.354735635] [velocity_path_follower]: waypoint 3319 / 5251 도달 (선 이탈 0.05 m)
[velocity_path_follower.py-9] [INFO] [1787285823.554431125] [velocity_path_follower]: 1435.0s  wp 3320/5251 이탈0.0m  위치 (   3.13,  -102.14,   8.08)
[velocity_path_follower.py-9] [INFO] [1787285823.854612771] [velocity_path_follower]: waypoint 3320 / 5251 도달 (선 이탈 0.03 m)
[velocity_path_follower.py-9] [INFO] [1787285824.304773112] [velocity_path_follower]: waypoint 3321 / 5251 도달 (선 이탈 0.01 m)
[velocity_path_follower.py-9] [INFO] [1787285824.804448495] [velocity_path_follower]: waypoint 3322 / 5251 도달 (선 이탈 0.00 m)
[velocity_path_follower.py-9] [INFO] [1787285825.256768343] [velocity_path_follower]: waypoint 3323 / 5251 도달 (선 이탈 0.02 m)
[velocity_path_follower.py-9] [INFO] [1787285825.706725848] [velocity_path_follower]: waypoint 3324 / 5251 도달 (선 이탈 0.03 m)
[velocity_path_follower.py-9] [INFO] [1787285826.106742386] [velocity_path_follower]: waypoint 3325 / 5251 도달 (선 이탈 0.04 m)
[velocity_path_follower.py-9] [INFO] [1787285826.556967149] [velocity_path_follower]: waypoint 3326 / 5251 도달 (선 이탈 0.05 m)
[velocity_path_follower.py-9] [INFO] [1787285826.956879311] [velocity_path_follower]: waypoint 3327 / 5251 도달 (선 이탈 0.05 m)
[velocity_path_follower.py-9] [INFO] [1787285827.382212363] [velocity_path_follower]: waypoint 3328 / 5251 도달 (선 이탈 0.06 m)
[velocity_path_follower.py-9] [INFO] [1787285827.784430118] [velocity_path_follower]: waypoint 3329 / 5251 도달 (선 이탈 0.06 m)
[velocity_path_follower.py-9] [INFO] [1787285828.264616413] [velocity_path_follower]: waypoint 3330 / 5251 도달 (선 이탈 0.06 m)
[velocity_path_follower.py-9] [INFO] [1787285828.663443511] [velocity_path_follower]: waypoint 3331 / 5251 도달 (선 이탈 0.06 m)
[velocity_path_follower.py-9] [INFO] [1787285828.713016596] [velocity_path_follower]: 1440.1s  wp 3332/5251 이탈0.1m  위치 (   8.99,  -102.04,  10.24)
[velocity_path_follower.py-9] [INFO] [1787285829.063242840] [velocity_path_follower]: waypoint 3332 / 5251 도달 (선 이탈 0.06 m)
[velocity_path_follower.py-9] [INFO] [1787285829.467637145] [velocity_path_follower]: waypoint 3333 / 5251 도달 (선 이탈 0.06 m)
[velocity_path_follower.py-9] [INFO] [1787285829.816761491] [velocity_path_follower]: waypoint 3334 / 5251 도달 (선 이탈 0.06 m)
[velocity_path_follower.py-9] [INFO] [1787285830.217121042] [velocity_path_follower]: waypoint 3335 / 5251 도달 (선 이탈 0.05 m)
[velocity_path_follower.py-9] [INFO] [1787285830.617284297] [velocity_path_follower]: waypoint 3336 / 5251 도달 (선 이탈 0.05 m)
[velocity_path_follower.py-9] [INFO] [1787285830.967110451] [velocity_path_follower]: waypoint 3337 / 5251 도달 (선 이탈 0.04 m)
[velocity_path_follower.py-9] [INFO] [1787285831.429144894] [velocity_path_follower]: waypoint 3338 / 5251 도달 (선 이탈 0.03 m)
[velocity_path_follower.py-9] [INFO] [1787285831.777679229] [velocity_path_follower]: waypoint 3339 / 5251 도달 (선 이탈 0.03 m)
[velocity_path_follower.py-9] [INFO] [1787285832.177726692] [velocity_path_follower]: waypoint 3340 / 5251 도달 (선 이탈 0.02 m)
[velocity_path_follower.py-9] [INFO] [1787285832.527621641] [velocity_path_follower]: waypoint 3341 / 5251 도달 (선 이탈 0.01 m)
[velocity_path_follower.py-9] [INFO] [1787285832.877780887] [velocity_path_follower]: waypoint 3342 / 5251 도달 (선 이탈 0.01 m)
[velocity_path_follower.py-9] [INFO] [1787285833.227807923] [velocity_path_follower]: waypoint 3343 / 5251 도달 (선 이탈 0.00 m)
[velocity_path_follower.py-9] [INFO] [1787285833.627658758] [velocity_path_follower]: waypoint 3344 / 5251 도달 (선 이탈 0.00 m)
[velocity_path_follower.py-9] [INFO] [1787285833.727661780] [velocity_path_follower]: 1445.0s  wp 3345/5251 이탈0.0m  위치 (  15.56,  -102.11,  10.45)
[velocity_path_follower.py-9] [INFO] [1787285833.977627834] [velocity_path_follower]: waypoint 3345 / 5251 도달 (선 이탈 0.01 m)
[velocity_path_follower.py-9] [INFO] [1787285834.377774010] [velocity_path_follower]: waypoint 3346 / 5251 도달 (선 이탈 0.01 m)
[velocity_path_follower.py-9] [INFO] [1787285834.727748504] [velocity_path_follower]: waypoint 3347 / 5251 도달 (선 이탈 0.02 m)
[velocity_path_follower.py-9] [INFO] [1787285835.077760083] [velocity_path_follower]: waypoint 3348 / 5251 도달 (선 이탈 0.02 m)
[velocity_path_follower.py-9] [INFO] [1787285835.427861372] [velocity_path_follower]: waypoint 3349 / 5251 도달 (선 이탈 0.03 m)
[velocity_path_follower.py-9] [INFO] [1787285835.784933190] [velocity_path_follower]: waypoint 3350 / 5251 도달 (선 이탈 0.03 m)
[velocity_path_follower.py-9] [INFO] [1787285836.137788207] [velocity_path_follower]: waypoint 3351 / 5251 도달 (선 이탈 0.03 m)
[velocity_path_follower.py-9] [INFO] [1787285836.540420897] [velocity_path_follower]: waypoint 3352 / 5251 도달 (선 이탈 0.03 m)
[velocity_path_follower.py-9] [INFO] [1787285836.892553857] [velocity_path_follower]: waypoint 3353 / 5251 도달 (선 이탈 0.03 m)
[velocity_path_follower.py-9] [INFO] [1787285837.244735527] [velocity_path_follower]: waypoint 3354 / 5251 도달 (선 이탈 0.03 m)
[velocity_path_follower.py-9] [INFO] [1787285837.596925656] [velocity_path_follower]: waypoint 3355 / 5251 도달 (선 이탈 0.03 m)
[velocity_path_follower.py-9] [INFO] [1787285837.946845027] [velocity_path_follower]: waypoint 3356 / 5251 도달 (선 이탈 0.03 m)
[velocity_path_follower.py-9] [INFO] [1787285838.297612167] [velocity_path_follower]: waypoint 3357 / 5251 도달 (선 이탈 0.03 m)
[velocity_path_follower.py-9] [INFO] [1787285838.646994110] [velocity_path_follower]: waypoint 3358 / 5251 도달 (선 이탈 0.03 m)
[velocity_path_follower.py-9] [INFO] [1787285839.068125709] [velocity_path_follower]: waypoint 3359 / 5251 도달 (선 이탈 0.02 m)
[velocity_path_follower.py-9] [INFO] [1787285839.069723827] [velocity_path_follower]: 1450.4s  wp 3360/5251 이탈0.0m  위치 (  23.01,  -102.12,   7.53)
[velocity_path_follower.py-9] [INFO] [1787285839.349605207] [velocity_path_follower]: waypoint 3360 / 5251 도달 (선 이탈 0.02 m)
[velocity_path_follower.py-9] [INFO] [1787285839.706728613] [velocity_path_follower]: waypoint 3361 / 5251 도달 (선 이탈 0.02 m)
[velocity_path_follower.py-9] [INFO] [1787285840.106660289] [velocity_path_follower]: waypoint 3362 / 5251 도달 (선 이탈 0.02 m)
[velocity_path_follower.py-9] [INFO] [1787285840.406733404] [velocity_path_follower]: waypoint 3363 / 5251 도달 (선 이탈 0.01 m)
[velocity_path_follower.py-9] [INFO] [1787285840.759301544] [velocity_path_follower]: waypoint 3364 / 5251 도달 (선 이탈 0.01 m)
[velocity_path_follower.py-9] [INFO] [1787285841.111576136] [velocity_path_follower]: waypoint 3365 / 5251 도달 (선 이탈 0.01 m)
[velocity_path_follower.py-9] [INFO] [1787285841.461910270] [velocity_path_follower]: waypoint 3366 / 5251 도달 (선 이탈 0.00 m)
[velocity_path_follower.py-9] [INFO] [1787285842.064935773] [velocity_path_follower]: waypoint 3367 / 5251 도달 (선 이탈 0.00 m)
[velocity_path_follower.py-9] [INFO] [1787285842.213891037] [velocity_path_follower]: waypoint 3368 / 5251 도달 (선 이탈 0.00 m)
[velocity_path_follower.py-9] [INFO] [1787285842.513934402] [velocity_path_follower]: waypoint 3369 / 5251 도달 (선 이탈 0.01 m)
[velocity_path_follower.py-9] [INFO] [1787285842.864102158] [velocity_path_follower]: waypoint 3370 / 5251 도달 (선 이탈 0.01 m)
[velocity_path_follower.py-9] [INFO] [1787285843.213914824] [velocity_path_follower]: waypoint 3371 / 5251 도달 (선 이탈 0.01 m)
[velocity_path_follower.py-9] [INFO] [1787285843.613833420] [velocity_path_follower]: waypoint 3372 / 5251 도달 (선 이탈 0.01 m)
[velocity_path_follower.py-9] [INFO] [1787285843.763940251] [velocity_path_follower]: 1455.0s  wp 3373/5251 이탈0.0m  위치 (  29.71,  -102.09,   7.57)
[velocity_path_follower.py-9] [INFO] [1787285843.914718472] [velocity_path_follower]: waypoint 3373 / 5251 도달 (선 이탈 0.02 m)
[velocity_path_follower.py-9] [INFO] [1787285844.366329994] [velocity_path_follower]: waypoint 3374 / 5251 도달 (선 이탈 0.02 m)
[velocity_path_follower.py-9] [INFO] [1787285844.665642721] [velocity_path_follower]: waypoint 3375 / 5251 도달 (선 이탈 0.02 m)
[velocity_path_follower.py-9] [INFO] [1787285845.102297208] [velocity_path_follower]: waypoint 3376 / 5251 도달 (선 이탈 0.02 m)
[velocity_path_follower.py-9] [INFO] [1787285845.402334076] [velocity_path_follower]: waypoint 3377 / 5251 도달 (선 이탈 0.02 m)
[velocity_path_follower.py-9] [INFO] [1787285845.754208788] [velocity_path_follower]: waypoint 3378 / 5251 도달 (선 이탈 0.02 m)
[velocity_path_follower.py-9] [INFO] [1787285846.106674681] [velocity_path_follower]: waypoint 3379 / 5251 도달 (선 이탈 0.02 m)
[velocity_path_follower.py-9] [INFO] [1787285846.456458223] [velocity_path_follower]: waypoint 3380 / 5251 도달 (선 이탈 0.02 m)
[velocity_path_follower.py-9] [INFO] [1787285846.806638191] [velocity_path_follower]: waypoint 3381 / 5251 도달 (선 이탈 0.02 m)
[velocity_path_follower.py-9] [INFO] [1787285847.156614947] [velocity_path_follower]: waypoint 3382 / 5251 도달 (선 이탈 0.02 m)
[velocity_path_follower.py-9] [INFO] [1787285847.508849961] [velocity_path_follower]: waypoint 3383 / 5251 도달 (선 이탈 0.01 m)
[velocity_path_follower.py-9] [INFO] [1787285847.858438208] [velocity_path_follower]: waypoint 3384 / 5251 도달 (선 이탈 0.01 m)
[velocity_path_follower.py-9] [INFO] [1787285848.208613803] [velocity_path_follower]: waypoint 3385 / 5251 도달 (선 이탈 0.01 m)
[velocity_path_follower.py-9] [INFO] [1787285848.558856482] [velocity_path_follower]: waypoint 3386 / 5251 도달 (선 이탈 0.01 m)
[velocity_path_follower.py-9] [INFO] [1787285848.858382966] [velocity_path_follower]: 1460.0s  wp 3387/5251 이탈0.0m  위치 (  36.86,  -102.09,  12.60)
[velocity_path_follower.py-9] [INFO] [1787285848.908462273] [velocity_path_follower]: waypoint 3387 / 5251 도달 (선 이탈 0.01 m)
[velocity_path_follower.py-9] [INFO] [1787285849.258626784] [velocity_path_follower]: waypoint 3388 / 5251 도달 (선 이탈 0.01 m)
[velocity_path_follower.py-9] [INFO] [1787285849.608554333] [velocity_path_follower]: waypoint 3389 / 5251 도달 (선 이탈 0.00 m)
[velocity_path_follower.py-9] [INFO] [1787285849.958797972] [velocity_path_follower]: waypoint 3390 / 5251 도달 (선 이탈 0.00 m)
[velocity_path_follower.py-9] [INFO] [1787285850.308693187] [velocity_path_follower]: waypoint 3391 / 5251 도달 (선 이탈 0.00 m)
[velocity_path_follower.py-9] [INFO] [1787285850.658728947] [velocity_path_follower]: waypoint 3392 / 5251 도달 (선 이탈 0.00 m)
[velocity_path_follower.py-9] [INFO] [1787285851.008611454] [velocity_path_follower]: waypoint 3393 / 5251 도달 (선 이탈 0.00 m)
[velocity_path_follower.py-9] [INFO] [1787285851.308458239] [velocity_path_follower]: waypoint 3394 / 5251 도달 (선 이탈 0.00 m)
[velocity_path_follower.py-9] [INFO] [1787285851.708596765] [velocity_path_follower]: waypoint 3395 / 5251 도달 (선 이탈 0.01 m)
[velocity_path_follower.py-9] [INFO] [1787285852.008605804] [velocity_path_follower]: waypoint 3396 / 5251 도달 (선 이탈 0.01 m)
[velocity_path_follower.py-9] [INFO] [1787285852.358684442] [velocity_path_follower]: waypoint 3397 / 5251 도달 (선 이탈 0.01 m)
[velocity_path_follower.py-9] [INFO] [1787285852.708364487] [velocity_path_follower]: waypoint 3398 / 5251 도달 (선 이탈 0.01 m)
[velocity_path_follower.py-9] [INFO] [1787285853.058600337] [velocity_path_follower]: waypoint 3399 / 5251 도달 (선 이탈 0.01 m)
[velocity_path_follower.py-9] [INFO] [1787285853.408657683] [velocity_path_follower]: waypoint 3400 / 5251 도달 (선 이탈 0.01 m)
[velocity_path_follower.py-9] [INFO] [1787285853.758726488] [velocity_path_follower]: waypoint 3401 / 5251 도달 (선 이탈 0.01 m)
[velocity_path_follower.py-9] [INFO] [1787285853.858294173] [velocity_path_follower]: 1465.0s  wp 3402/5251 이탈0.0m  위치 (  44.06,  -102.11,  14.72)
[velocity_path_follower.py-9] [INFO] [1787285854.108408494] [velocity_path_follower]: waypoint 3402 / 5251 도달 (선 이탈 0.01 m)
[velocity_path_follower.py-9] [INFO] [1787285854.464172549] [velocity_path_follower]: waypoint 3403 / 5251 도달 (선 이탈 0.01 m)
[velocity_path_follower.py-9] [INFO] [1787285854.816439445] [velocity_path_follower]: waypoint 3404 / 5251 도달 (선 이탈 0.01 m)
[velocity_path_follower.py-9] [INFO] [1787285855.166759382] [velocity_path_follower]: waypoint 3405 / 5251 도달 (선 이탈 0.01 m)
[velocity_path_follower.py-9] [INFO] [1787285855.516457014] [velocity_path_follower]: waypoint 3406 / 5251 도달 (선 이탈 0.01 m)
[velocity_path_follower.py-9] [INFO] [1787285855.866628740] [velocity_path_follower]: waypoint 3407 / 5251 도달 (선 이탈 0.01 m)
[velocity_path_follower.py-9] [INFO] [1787285856.216916968] [velocity_path_follower]: waypoint 3408 / 5251 도달 (선 이탈 0.01 m)
[velocity_path_follower.py-9] [INFO] [1787285856.566433097] [velocity_path_follower]: waypoint 3409 / 5251 도달 (선 이탈 0.01 m)
[velocity_path_follower.py-9] [INFO] [1787285856.916370860] [velocity_path_follower]: waypoint 3410 / 5251 도달 (선 이탈 0.00 m)
[velocity_path_follower.py-9] [INFO] [1787285857.216434113] [velocity_path_follower]: waypoint 3411 / 5251 도달 (선 이탈 0.00 m)
[velocity_path_follower.py-9] [INFO] [1787285857.566615924] [velocity_path_follower]: waypoint 3412 / 5251 도달 (선 이탈 0.00 m)
[velocity_path_follower.py-9] [INFO] [1787285857.918645900] [velocity_path_follower]: waypoint 3413 / 5251 도달 (선 이탈 0.00 m)
[velocity_path_follower.py-9] [INFO] [1787285858.268295825] [velocity_path_follower]: waypoint 3414 / 5251 도달 (선 이탈 0.00 m)
[velocity_path_follower.py-9] [INFO] [1787285858.618659808] [velocity_path_follower]: waypoint 3415 / 5251 도달 (선 이탈 0.00 m)
[velocity_path_follower.py-9] [INFO] [1787285858.868244411] [velocity_path_follower]: 1470.0s  wp 3416/5251 이탈0.0m  위치 (  51.27,  -102.10,  12.46)
[velocity_path_follower.py-9] [INFO] [1787285858.968420569] [velocity_path_follower]: waypoint 3416 / 5251 도달 (선 이탈 0.00 m)
[velocity_path_follower.py-9] [INFO] [1787285859.318406793] [velocity_path_follower]: waypoint 3417 / 5251 도달 (선 이탈 0.00 m)
[velocity_path_follower.py-9] [INFO] [1787285859.668372143] [velocity_path_follower]: waypoint 3418 / 5251 도달 (선 이탈 0.00 m)
[velocity_path_follower.py-9] [INFO] [1787285860.018365118] [velocity_path_follower]: waypoint 3419 / 5251 도달 (선 이탈 0.00 m)
[velocity_path_follower.py-9] [INFO] [1787285860.368708060] [velocity_path_follower]: waypoint 3420 / 5251 도달 (선 이탈 0.00 m)
[velocity_path_follower.py-9] [INFO] [1787285860.718398071] [velocity_path_follower]: waypoint 3421 / 5251 도달 (선 이탈 0.00 m)
[velocity_path_follower.py-9] [INFO] [1787285861.068585677] [velocity_path_follower]: waypoint 3422 / 5251 도달 (선 이탈 0.01 m)
[velocity_path_follower.py-9] [INFO] [1787285861.368570264] [velocity_path_follower]: waypoint 3423 / 5251 도달 (선 이탈 0.01 m)
[velocity_path_follower.py-9] [INFO] [1787285861.768411877] [velocity_path_follower]: waypoint 3424 / 5251 도달 (선 이탈 0.01 m)
[velocity_path_follower.py-9] [INFO] [1787285862.118614817] [velocity_path_follower]: waypoint 3425 / 5251 도달 (선 이탈 0.01 m)
[velocity_path_follower.py-9] [INFO] [1787285862.418623030] [velocity_path_follower]: waypoint 3426 / 5251 도달 (선 이탈 0.01 m)
[velocity_path_follower.py-9] [INFO] [1787285862.818444394] [velocity_path_follower]: waypoint 3427 / 5251 도달 (선 이탈 0.01 m)
[velocity_path_follower.py-9] [INFO] [1787285863.118461566] [velocity_path_follower]: waypoint 3428 / 5251 도달 (선 이탈 0.01 m)
[velocity_path_follower.py-9] [INFO] [1787285863.470820763] [velocity_path_follower]: waypoint 3429 / 5251 도달 (선 이탈 0.01 m)
[velocity_path_follower.py-9] [INFO] [1787285863.821065122] [velocity_path_follower]: waypoint 3430 / 5251 도달 (선 이탈 0.01 m)
[velocity_path_follower.py-9] [INFO] [1787285863.870799298] [velocity_path_follower]: 1475.0s  wp 3431/5251 이탈0.0m  위치 (  58.51,  -102.09,  12.15)
[velocity_path_follower.py-9] [INFO] [1787285864.170785512] [velocity_path_follower]: waypoint 3431 / 5251 도달 (선 이탈 0.00 m)
[velocity_path_follower.py-9] [INFO] [1787285864.520883202] [velocity_path_follower]: waypoint 3432 / 5251 도달 (선 이탈 0.00 m)
[velocity_path_follower.py-9] [INFO] [1787285864.870952600] [velocity_path_follower]: waypoint 3433 / 5251 도달 (선 이탈 0.00 m)
[velocity_path_follower.py-9] [INFO] [1787285868.872683355] [velocity_path_follower]: 1480.0s  wp 3434/5251 이탈2.6m  위치 (  64.01,  -100.37,  10.48)
[velocity_path_follower.py-9] [INFO] [1787285869.923015188] [velocity_path_follower]: waypoint 3434 / 5251 도달 (선 이탈 2.92 m)
[velocity_path_follower.py-9] [INFO] [1787285873.872833431] [velocity_path_follower]: 1485.0s  wp 3436/5251 이탈1.1m  위치 (  63.07,   -96.97,  10.61)
[velocity_path_follower.py-9] [INFO] [1787285874.822792028] [velocity_path_follower]: waypoint 3436 / 5251 도달 (선 이탈 1.39 m)
[velocity_path_follower.py-9] [INFO] [1787285875.472750987] [velocity_path_follower]: waypoint 3437 / 5251 도달 (선 이탈 1.46 m)
[velocity_path_follower.py-9] [INFO] [1787285876.072887101] [velocity_path_follower]: waypoint 3438 / 5251 도달 (선 이탈 1.47 m)
[velocity_path_follower.py-9] [INFO] [1787285876.672775295] [velocity_path_follower]: waypoint 3439 / 5251 도달 (선 이탈 1.42 m)
[velocity_path_follower.py-9] [INFO] [1787285877.222863852] [velocity_path_follower]: waypoint 3440 / 5251 도달 (선 이탈 1.32 m)
[velocity_path_follower.py-9] [INFO] [1787285877.772835282] [velocity_path_follower]: waypoint 3441 / 5251 도달 (선 이탈 1.19 m)
[velocity_path_follower.py-9] [INFO] [1787285878.322875548] [velocity_path_follower]: waypoint 3442 / 5251 도달 (선 이탈 1.03 m)
[velocity_path_follower.py-9] [INFO] [1787285878.822841962] [velocity_path_follower]: waypoint 3443 / 5251 도달 (선 이탈 0.86 m)
[velocity_path_follower.py-9] [INFO] [1787285878.872742893] [velocity_path_follower]: 1490.0s  wp 3444/5251 이탈0.8m  위치 (  58.80,   -97.26,  11.26)
[velocity_path_follower.py-9] [INFO] [1787285879.322870171] [velocity_path_follower]: waypoint 3444 / 5251 도달 (선 이탈 0.68 m)
[velocity_path_follower.py-9] [INFO] [1787285879.822940464] [velocity_path_follower]: waypoint 3445 / 5251 도달 (선 이탈 0.49 m)
[velocity_path_follower.py-9] [INFO] [1787285880.273020158] [velocity_path_follower]: waypoint 3446 / 5251 도달 (선 이탈 0.31 m)
[velocity_path_follower.py-9] [INFO] [1787285880.723049768] [velocity_path_follower]: waypoint 3447 / 5251 도달 (선 이탈 0.15 m)
[velocity_path_follower.py-9] [INFO] [1787285881.172872498] [velocity_path_follower]: waypoint 3448 / 5251 도달 (선 이탈 0.02 m)
[velocity_path_follower.py-9] [INFO] [1787285881.622946735] [velocity_path_follower]: waypoint 3449 / 5251 도달 (선 이탈 0.17 m)
[velocity_path_follower.py-9] [INFO] [1787285882.022850452] [velocity_path_follower]: waypoint 3450 / 5251 도달 (선 이탈 0.29 m)
[velocity_path_follower.py-9] [INFO] [1787285882.472906356] [velocity_path_follower]: waypoint 3451 / 5251 도달 (선 이탈 0.41 m)
[velocity_path_follower.py-9] [INFO] [1787285882.872866949] [velocity_path_follower]: waypoint 3452 / 5251 도달 (선 이탈 0.50 m)
[velocity_path_follower.py-9] [INFO] [1787285883.272814918] [velocity_path_follower]: waypoint 3453 / 5251 도달 (선 이탈 0.57 m)
[velocity_path_follower.py-9] [INFO] [1787285883.672771304] [velocity_path_follower]: waypoint 3454 / 5251 도달 (선 이탈 0.63 m)
[velocity_path_follower.py-9] [INFO] [1787285883.872785706] [velocity_path_follower]: 1495.0s  wp 3455/5251 이탈0.7m  위치 (  53.15,   -98.75,  12.65)
[velocity_path_follower.py-9] [INFO] [1787285884.072818442] [velocity_path_follower]: waypoint 3455 / 5251 도달 (선 이탈 0.67 m)
[velocity_path_follower.py-9] [INFO] [1787285884.472962916] [velocity_path_follower]: waypoint 3456 / 5251 도달 (선 이탈 0.69 m)
[velocity_path_follower.py-9] [INFO] [1787285884.872757091] [velocity_path_follower]: waypoint 3457 / 5251 도달 (선 이탈 0.70 m)
[velocity_path_follower.py-9] [INFO] [1787285885.273074569] [velocity_path_follower]: waypoint 3458 / 5251 도달 (선 이탈 0.69 m)
[velocity_path_follower.py-9] [INFO] [1787285885.672830369] [velocity_path_follower]: waypoint 3459 / 5251 도달 (선 이탈 0.67 m)
[velocity_path_follower.py-9] [INFO] [1787285886.072910343] [velocity_path_follower]: waypoint 3460 / 5251 도달 (선 이탈 0.64 m)
[velocity_path_follower.py-9] [INFO] [1787285886.472835106] [velocity_path_follower]: waypoint 3461 / 5251 도달 (선 이탈 0.59 m)
[velocity_path_follower.py-9] [INFO] [1787285886.822886604] [velocity_path_follower]: waypoint 3462 / 5251 도달 (선 이탈 0.54 m)
[velocity_path_follower.py-9] [INFO] [1787285887.223031747] [velocity_path_follower]: waypoint 3463 / 5251 도달 (선 이탈 0.48 m)
[velocity_path_follower.py-9] [INFO] [1787285887.622871384] [velocity_path_follower]: waypoint 3464 / 5251 도달 (선 이탈 0.41 m)
[velocity_path_follower.py-9] [INFO] [1787285887.972941925] [velocity_path_follower]: waypoint 3465 / 5251 도달 (선 이탈 0.34 m)
[velocity_path_follower.py-9] [INFO] [1787285888.372869898] [velocity_path_follower]: waypoint 3466 / 5251 도달 (선 이탈 0.27 m)
[velocity_path_follower.py-9] [INFO] [1787285888.722904314] [velocity_path_follower]: waypoint 3467 / 5251 도달 (선 이탈 0.20 m)
[velocity_path_follower.py-9] [INFO] [1787285888.872800614] [velocity_path_follower]: 1500.0s  wp 3468/5251 이탈0.2m  위치 (  46.71,   -98.27,  13.98)
[velocity_path_follower.py-9] [INFO] [1787285889.122865746] [velocity_path_follower]: waypoint 3468 / 5251 도달 (선 이탈 0.12 m)
[velocity_path_follower.py-9] [INFO] [1787285889.472949080] [velocity_path_follower]: waypoint 3469 / 5251 도달 (선 이탈 0.05 m)
[velocity_path_follower.py-9] [INFO] [1787285889.872842053] [velocity_path_follower]: waypoint 3470 / 5251 도달 (선 이탈 0.02 m)
[velocity_path_follower.py-9] [INFO] [1787285890.229629327] [velocity_path_follower]: waypoint 3471 / 5251 도달 (선 이탈 0.08 m)
[velocity_path_follower.py-9] [INFO] [1787285890.652766313] [velocity_path_follower]: waypoint 3472 / 5251 도달 (선 이탈 0.14 m)
[velocity_path_follower.py-9] [INFO] [1787285891.009716050] [velocity_path_follower]: waypoint 3473 / 5251 도달 (선 이탈 0.19 m)
[velocity_path_follower.py-9] [INFO] [1787285891.362404651] [velocity_path_follower]: waypoint 3474 / 5251 도달 (선 이탈 0.23 m)
[velocity_path_follower.py-9] [INFO] [1787285891.762583882] [velocity_path_follower]: waypoint 3475 / 5251 도달 (선 이탈 0.28 m)
[velocity_path_follower.py-9] [INFO] [1787285892.112564008] [velocity_path_follower]: waypoint 3476 / 5251 도달 (선 이탈 0.31 m)
[velocity_path_follower.py-9] [INFO] [1787285892.474188266] [velocity_path_follower]: waypoint 3477 / 5251 도달 (선 이탈 0.33 m)
[velocity_path_follower.py-9] [INFO] [1787285892.876437376] [velocity_path_follower]: waypoint 3478 / 5251 도달 (선 이탈 0.35 m)
[velocity_path_follower.py-9] [INFO] [1787285893.232905854] [velocity_path_follower]: waypoint 3479 / 5251 도달 (선 이탈 0.36 m)
[velocity_path_follower.py-9] [INFO] [1787285893.584724355] [velocity_path_follower]: waypoint 3480 / 5251 도달 (선 이탈 0.36 m)
[velocity_path_follower.py-9] [INFO] [1787285894.024588004] [velocity_path_follower]: waypoint 3481 / 5251 도달 (선 이탈 0.36 m)
[velocity_path_follower.py-9] [INFO] [1787285894.074375350] [velocity_path_follower]: 1505.1s  wp 3482/5251 이탈0.4m  위치 (  39.79,   -97.75,  12.43)
[velocity_path_follower.py-9] [INFO] [1787285894.374441212] [velocity_path_follower]: waypoint 3482 / 5251 도달 (선 이탈 0.35 m)
[velocity_path_follower.py-9] [INFO] [1787285894.774685572] [velocity_path_follower]: waypoint 3483 / 5251 도달 (선 이탈 0.33 m)
[velocity_path_follower.py-9] [INFO] [1787285895.077302656] [velocity_path_follower]: waypoint 3484 / 5251 도달 (선 이탈 0.31 m)
[velocity_path_follower.py-9] [INFO] [1787285895.497726211] [velocity_path_follower]: waypoint 3485 / 5251 도달 (선 이탈 0.28 m)
[velocity_path_follower.py-9] [INFO] [1787285895.850890701] [velocity_path_follower]: waypoint 3486 / 5251 도달 (선 이탈 0.25 m)
[velocity_path_follower.py-9] [INFO] [1787285896.201126919] [velocity_path_follower]: waypoint 3487 / 5251 도달 (선 이탈 0.22 m)
[velocity_path_follower.py-9] [INFO] [1787285896.550393824] [velocity_path_follower]: waypoint 3488 / 5251 도달 (선 이탈 0.19 m)
[velocity_path_follower.py-9] [INFO] [1787285896.905637444] [velocity_path_follower]: waypoint 3489 / 5251 도달 (선 이탈 0.15 m)
[velocity_path_follower.py-9] [INFO] [1787285897.256015124] [velocity_path_follower]: waypoint 3490 / 5251 도달 (선 이탈 0.12 m)
[velocity_path_follower.py-9] [INFO] [1787285897.605661080] [velocity_path_follower]: waypoint 3491 / 5251 도달 (선 이탈 0.08 m)
[velocity_path_follower.py-9] [INFO] [1787285898.005607019] [velocity_path_follower]: waypoint 3492 / 5251 도달 (선 이탈 0.04 m)
[velocity_path_follower.py-9] [INFO] [1787285898.355807363] [velocity_path_follower]: waypoint 3493 / 5251 도달 (선 이탈 0.01 m)
[velocity_path_follower.py-9] [INFO] [1787285898.655960478] [velocity_path_follower]: waypoint 3494 / 5251 도달 (선 이탈 0.02 m)
[velocity_path_follower.py-9] [INFO] [1787285899.057869170] [velocity_path_follower]: waypoint 3495 / 5251 도달 (선 이탈 0.06 m)
[velocity_path_follower.py-9] [INFO] [1787285899.108856627] [velocity_path_follower]: 1510.1s  wp 3496/5251 이탈0.1m  위치 (  32.78,   -98.16,  11.44)
[velocity_path_follower.py-9] [INFO] [1787285899.407837926] [velocity_path_follower]: waypoint 3496 / 5251 도달 (선 이탈 0.08 m)
[velocity_path_follower.py-9] [INFO] [1787285899.757799057] [velocity_path_follower]: waypoint 3497 / 5251 도달 (선 이탈 0.11 m)
[velocity_path_follower.py-9] [INFO] [1787285900.107900274] [velocity_path_follower]: waypoint 3498 / 5251 도달 (선 이탈 0.13 m)
[velocity_path_follower.py-9] [INFO] [1787285900.457858739] [velocity_path_follower]: waypoint 3499 / 5251 도달 (선 이탈 0.15 m)
[velocity_path_follower.py-9] [INFO] [1787285900.807748744] [velocity_path_follower]: waypoint 3500 / 5251 도달 (선 이탈 0.16 m)
[velocity_path_follower.py-9] [INFO] [1787285901.157797503] [velocity_path_follower]: waypoint 3501 / 5251 도달 (선 이탈 0.18 m)
[velocity_path_follower.py-9] [INFO] [1787285901.507695675] [velocity_path_follower]: waypoint 3502 / 5251 도달 (선 이탈 0.18 m)
[velocity_path_follower.py-9] [INFO] [1787285901.857588139] [velocity_path_follower]: waypoint 3503 / 5251 도달 (선 이탈 0.19 m)
[velocity_path_follower.py-9] [INFO] [1787285902.246455047] [velocity_path_follower]: waypoint 3504 / 5251 도달 (선 이탈 0.19 m)
[velocity_path_follower.py-9] [INFO] [1787285902.599119531] [velocity_path_follower]: waypoint 3505 / 5251 도달 (선 이탈 0.19 m)
[velocity_path_follower.py-9] [INFO] [1787285902.999394606] [velocity_path_follower]: waypoint 3506 / 5251 도달 (선 이탈 0.18 m)
[velocity_path_follower.py-9] [INFO] [1787285903.348876396] [velocity_path_follower]: waypoint 3507 / 5251 도달 (선 이탈 0.17 m)
[velocity_path_follower.py-9] [INFO] [1787285903.701642758] [velocity_path_follower]: waypoint 3508 / 5251 도달 (선 이탈 0.16 m)
[velocity_path_follower.py-9] [INFO] [1787285904.051626684] [velocity_path_follower]: waypoint 3509 / 5251 도달 (선 이탈 0.15 m)
[velocity_path_follower.py-9] [INFO] [1787285904.151563347] [velocity_path_follower]: 1515.0s  wp 3510/5251 이탈0.1m  위치 (  25.74,   -98.24,  11.45)
[velocity_path_follower.py-9] [INFO] [1787285904.401552485] [velocity_path_follower]: waypoint 3510 / 5251 도달 (선 이탈 0.13 m)
[velocity_path_follower.py-9] [INFO] [1787285904.751559078] [velocity_path_follower]: waypoint 3511 / 5251 도달 (선 이탈 0.12 m)
[velocity_path_follower.py-9] [INFO] [1787285905.101429878] [velocity_path_follower]: waypoint 3512 / 5251 도달 (선 이탈 0.10 m)
[velocity_path_follower.py-9] [INFO] [1787285905.453617395] [velocity_path_follower]: waypoint 3513 / 5251 도달 (선 이탈 0.08 m)
[ros2-8] [INFO] [1787285905.502990067] [rosbag2_cpp]: Writing remaining messages from cache to the bag. It may take a while
[velocity_path_follower.py-9] [INFO] [1787285905.803624781] [velocity_path_follower]: waypoint 3514 / 5251 도달 (선 이탈 0.06 m)
[velocity_path_follower.py-9] [INFO] [1787285906.153845006] [velocity_path_follower]: waypoint 3515 / 5251 도달 (선 이탈 0.04 m)
[velocity_path_follower.py-9] [INFO] [1787285906.503620137] [velocity_path_follower]: waypoint 3516 / 5251 도달 (선 이탈 0.02 m)
[velocity_path_follower.py-9] [INFO] [1787285906.853877196] [velocity_path_follower]: waypoint 3517 / 5251 도달 (선 이탈 0.01 m)
[velocity_path_follower.py-9] [INFO] [1787285907.211029241] [velocity_path_follower]: waypoint 3518 / 5251 도달 (선 이탈 0.01 m)
[velocity_path_follower.py-9] [INFO] [1787285907.560875083] [velocity_path_follower]: waypoint 3519 / 5251 도달 (선 이탈 0.03 m)
[velocity_path_follower.py-9] [INFO] [1787285907.911054683] [velocity_path_follower]: waypoint 3520 / 5251 도달 (선 이탈 0.04 m)
[velocity_path_follower.py-9] [INFO] [1787285908.260954402] [velocity_path_follower]: waypoint 3521 / 5251 도달 (선 이탈 0.06 m)
[velocity_path_follower.py-9] [INFO] [1787285908.860958639] [velocity_path_follower]: waypoint 3522 / 5251 도달 (선 이탈 0.07 m)
[velocity_path_follower.py-9] [INFO] [1787285908.960942261] [velocity_path_follower]: waypoint 3523 / 5251 도달 (선 이탈 0.08 m)
[velocity_path_follower.py-9] [INFO] [1787285909.160844963] [velocity_path_follower]: 1520.0s  wp 3524/5251 이탈0.1m  위치 (  18.57,   -98.02,  11.72)
[velocity_path_follower.py-9] [INFO] [1787285909.310884774] [velocity_path_follower]: waypoint 3524 / 5251 도달 (선 이탈 0.09 m)
[velocity_path_follower.py-9] [INFO] [1787285909.660938830] [velocity_path_follower]: waypoint 3525 / 5251 도달 (선 이탈 0.09 m)
[velocity_path_follower.py-9] [INFO] [1787285909.963353377] [velocity_path_follower]: waypoint 3526 / 5251 도달 (선 이탈 0.10 m)
[velocity_path_follower.py-9] [INFO] [1787285910.362849275] [velocity_path_follower]: waypoint 3527 / 5251 도달 (선 이탈 0.10 m)
[velocity_path_follower.py-9] [INFO] [1787285910.663096817] [velocity_path_follower]: waypoint 3528 / 5251 도달 (선 이탈 0.10 m)
[velocity_path_follower.py-9] [INFO] [1787285911.012845118] [velocity_path_follower]: waypoint 3529 / 5251 도달 (선 이탈 0.10 m)
[velocity_path_follower.py-9] [INFO] [1787285911.412843986] [velocity_path_follower]: waypoint 3530 / 5251 도달 (선 이탈 0.10 m)
[velocity_path_follower.py-9] [INFO] [1787285911.712952359] [velocity_path_follower]: waypoint 3531 / 5251 도달 (선 이탈 0.09 m)
[velocity_path_follower.py-9] [INFO] [1787285912.112852975] [velocity_path_follower]: waypoint 3532 / 5251 도달 (선 이탈 0.09 m)
[velocity_path_follower.py-9] [INFO] [1787285912.412860304] [velocity_path_follower]: waypoint 3533 / 5251 도달 (선 이탈 0.08 m)
[velocity_path_follower.py-9] [INFO] [1787285912.763179619] [velocity_path_follower]: waypoint 3534 / 5251 도달 (선 이탈 0.07 m)
[velocity_path_follower.py-9] [INFO] [1787285913.113291304] [velocity_path_follower]: waypoint 3535 / 5251 도달 (선 이탈 0.07 m)
[velocity_path_follower.py-9] [INFO] [1787285913.463079149] [velocity_path_follower]: waypoint 3536 / 5251 도달 (선 이탈 0.06 m)
[velocity_path_follower.py-9] [INFO] [1787285913.812964121] [velocity_path_follower]: waypoint 3537 / 5251 도달 (선 이탈 0.05 m)
[velocity_path_follower.py-9] [INFO] [1787285914.163006014] [velocity_path_follower]: waypoint 3538 / 5251 도달 (선 이탈 0.04 m)
[velocity_path_follower.py-9] [INFO] [1787285914.215544091] [velocity_path_follower]: 1525.1s  wp 3539/5251 이탈0.0m  위치 (  11.30,   -98.06,   6.98)
[velocity_path_follower.py-9] [INFO] [1787285914.515632548] [velocity_path_follower]: waypoint 3539 / 5251 도달 (선 이탈 0.03 m)
[velocity_path_follower.py-9] [INFO] [1787285919.182984966] [velocity_path_follower]: waypoint 3540 / 5251 도달 (선 이탈 0.06 m)
[velocity_path_follower.py-9] [INFO] [1787285919.234916488] [velocity_path_follower]: waypoint 3541 / 5251 도달 (선 이탈 0.07 m)
[velocity_path_follower.py-9] [INFO] [1787285919.284815798] [velocity_path_follower]: waypoint 3542 / 5251 도달 (선 이탈 0.07 m)
[velocity_path_follower.py-9] [INFO] [1787285919.334681149] [velocity_path_follower]: waypoint 3543 / 5251 도달 (선 이탈 0.07 m)
[velocity_path_follower.py-9] [INFO] [1787285919.384652919] [velocity_path_follower]: waypoint 3544 / 5251 도달 (선 이탈 0.07 m)
[velocity_path_follower.py-9] [INFO] [1787285919.434906237] [velocity_path_follower]: waypoint 3545 / 5251 도달 (선 이탈 0.07 m)
[velocity_path_follower.py-9] [INFO] [1787285919.485085887] [velocity_path_follower]: waypoint 3546 / 5251 도달 (선 이탈 0.07 m)
[velocity_path_follower.py-9] [INFO] [1787285919.535069407] [velocity_path_follower]: waypoint 3547 / 5251 도달 (선 이탈 0.07 m)
[velocity_path_follower.py-9] [INFO] [1787285919.584908966] [velocity_path_follower]: waypoint 3548 / 5251 도달 (선 이탈 0.07 m)
[velocity_path_follower.py-9] [INFO] [1787285919.634877945] [velocity_path_follower]: waypoint 3549 / 5251 도달 (선 이탈 0.07 m)
[velocity_path_follower.py-9] [INFO] [1787285919.684442581] [velocity_path_follower]: 1530.3s  wp 3550/5251 이탈0.1m  위치 (   5.84,   -98.17,   6.80)
[velocity_path_follower.py-9] [INFO] [1787285920.454855928] [velocity_path_follower]: waypoint 3550 / 5251 도달 (선 이탈 0.08 m)
[velocity_path_follower.py-9] [INFO] [1787285921.163571663] [velocity_path_follower]: waypoint 3551 / 5251 도달 (선 이탈 0.08 m)
[velocity_path_follower.py-9] [INFO] [1787285921.772860578] [velocity_path_follower]: waypoint 3552 / 5251 도달 (선 이탈 0.07 m)
[velocity_path_follower.py-9] [INFO] [1787285922.372760037] [velocity_path_follower]: waypoint 3553 / 5251 도달 (선 이탈 0.07 m)
[velocity_path_follower.py-9] [INFO] [1787285922.921205276] [velocity_path_follower]: waypoint 3554 / 5251 도달 (선 이탈 0.06 m)
[velocity_path_follower.py-9] [INFO] [1787285923.470751332] [velocity_path_follower]: waypoint 3555 / 5251 도달 (선 이탈 0.05 m)
[velocity_path_follower.py-9] [INFO] [1787285923.972871174] [velocity_path_follower]: waypoint 3556 / 5251 도달 (선 이탈 0.04 m)
[velocity_path_follower.py-9] [INFO] [1787285924.425104582] [velocity_path_follower]: waypoint 3557 / 5251 도달 (선 이탈 0.03 m)
[velocity_path_follower.py-9] [INFO] [1787285924.475152146] [velocity_path_follower]: 1535.0s  wp 3558/5251 이탈0.0m  위치 (   1.84,   -98.13,   8.29)
[velocity_path_follower.py-9] [INFO] [1787285924.925017542] [velocity_path_follower]: waypoint 3558 / 5251 도달 (선 이탈 0.02 m)
[velocity_path_follower.py-9] [INFO] [1787285925.330677963] [velocity_path_follower]: waypoint 3559 / 5251 도달 (선 이탈 0.01 m)
[velocity_path_follower.py-9] [INFO] [1787285925.779569214] [velocity_path_follower]: waypoint 3560 / 5251 도달 (선 이탈 0.00 m)
[velocity_path_follower.py-9] [INFO] [1787285926.229404903] [velocity_path_follower]: waypoint 3561 / 5251 도달 (선 이탈 0.01 m)
[velocity_path_follower.py-9] [INFO] [1787285926.629250905] [velocity_path_follower]: waypoint 3562 / 5251 도달 (선 이탈 0.02 m)
[velocity_path_follower.py-9] [INFO] [1787285927.081600900] [velocity_path_follower]: waypoint 3563 / 5251 도달 (선 이탈 0.02 m)
[velocity_path_follower.py-9] [INFO] [1787285927.481459778] [velocity_path_follower]: waypoint 3564 / 5251 도달 (선 이탈 0.03 m)
[velocity_path_follower.py-9] [INFO] [1787285927.881402032] [velocity_path_follower]: waypoint 3565 / 5251 도달 (선 이탈 0.03 m)
[velocity_path_follower.py-9] [INFO] [1787285928.281681628] [velocity_path_follower]: waypoint 3566 / 5251 도달 (선 이탈 0.04 m)
[velocity_path_follower.py-9] [INFO] [1787285928.683725721] [velocity_path_follower]: waypoint 3567 / 5251 도달 (선 이탈 0.04 m)
[velocity_path_follower.py-9] [INFO] [1787285929.085736022] [velocity_path_follower]: waypoint 3568 / 5251 도달 (선 이탈 0.04 m)
[velocity_path_follower.py-9] [INFO] [1787285929.435727091] [velocity_path_follower]: waypoint 3569 / 5251 도달 (선 이탈 0.04 m)
[velocity_path_follower.py-9] [INFO] [1787285929.485413647] [velocity_path_follower]: 1540.0s  wp 3570/5251 이탈0.0m  위치 (  -4.17,   -98.06,   6.70)
[velocity_path_follower.py-9] [INFO] [1787285929.835450425] [velocity_path_follower]: waypoint 3570 / 5251 도달 (선 이탈 0.04 m)
[velocity_path_follower.py-9] [INFO] [1787285930.235438766] [velocity_path_follower]: waypoint 3571 / 5251 도달 (선 이탈 0.04 m)
[velocity_path_follower.py-9] [INFO] [1787285930.595094340] [velocity_path_follower]: waypoint 3572 / 5251 도달 (선 이탈 0.04 m)
[velocity_path_follower.py-9] [INFO] [1787285930.994825634] [velocity_path_follower]: waypoint 3573 / 5251 도달 (선 이탈 0.03 m)
[velocity_path_follower.py-9] [INFO] [1787285931.346973876] [velocity_path_follower]: waypoint 3574 / 5251 도달 (선 이탈 0.03 m)
[velocity_path_follower.py-9] [INFO] [1787285931.749458607] [velocity_path_follower]: waypoint 3575 / 5251 도달 (선 이탈 0.03 m)
[velocity_path_follower.py-9] [INFO] [1787285932.099438426] [velocity_path_follower]: waypoint 3576 / 5251 도달 (선 이탈 0.02 m)
[velocity_path_follower.py-9] [INFO] [1787285932.451656755] [velocity_path_follower]: waypoint 3577 / 5251 도달 (선 이탈 0.02 m)
[velocity_path_follower.py-9] [INFO] [1787285932.851630305] [velocity_path_follower]: waypoint 3578 / 5251 도달 (선 이탈 0.01 m)
[velocity_path_follower.py-9] [INFO] [1787285933.201747629] [velocity_path_follower]: waypoint 3579 / 5251 도달 (선 이탈 0.01 m)
[velocity_path_follower.py-9] [INFO] [1787285933.551699116] [velocity_path_follower]: waypoint 3580 / 5251 도달 (선 이탈 0.01 m)
[velocity_path_follower.py-9] [INFO] [1787285933.951672250] [velocity_path_follower]: waypoint 3581 / 5251 도달 (선 이탈 0.00 m)
[velocity_path_follower.py-9] [INFO] [1787285934.301659405] [velocity_path_follower]: waypoint 3582 / 5251 도달 (선 이탈 0.00 m)
[velocity_path_follower.py-9] [INFO] [1787285934.501398321] [velocity_path_follower]: 1545.0s  wp 3583/5251 이탈0.0m  위치 ( -10.92,   -98.11,   9.92)
[velocity_path_follower.py-9] [INFO] [1787285934.651665102] [velocity_path_follower]: waypoint 3583 / 5251 도달 (선 이탈 0.01 m)
[velocity_path_follower.py-9] [INFO] [1787285935.049846448] [velocity_path_follower]: waypoint 3584 / 5251 도달 (선 이탈 0.01 m)
[velocity_path_follower.py-9] [INFO] [1787285935.406635170] [velocity_path_follower]: waypoint 3585 / 5251 도달 (선 이탈 0.01 m)
[velocity_path_follower.py-9] [INFO] [1787285935.856836125] [velocity_path_follower]: waypoint 3586 / 5251 도달 (선 이탈 0.02 m)
[velocity_path_follower.py-9] [INFO] [1787285936.212656452] [velocity_path_follower]: waypoint 3587 / 5251 도달 (선 이탈 0.02 m)
[velocity_path_follower.py-9] [INFO] [1787285936.564438606] [velocity_path_follower]: waypoint 3588 / 5251 도달 (선 이탈 0.02 m)
[velocity_path_follower.py-9] [INFO] [1787285936.914420013] [velocity_path_follower]: waypoint 3589 / 5251 도달 (선 이탈 0.02 m)
[velocity_path_follower.py-9] [INFO] [1787285937.264460920] [velocity_path_follower]: waypoint 3590 / 5251 도달 (선 이탈 0.02 m)
[velocity_path_follower.py-9] [INFO] [1787285937.614550371] [velocity_path_follower]: waypoint 3591 / 5251 도달 (선 이탈 0.02 m)
[velocity_path_follower.py-9] [INFO] [1787285937.964437901] [velocity_path_follower]: waypoint 3592 / 5251 도달 (선 이탈 0.02 m)
[velocity_path_follower.py-9] [INFO] [1787285938.314718648] [velocity_path_follower]: waypoint 3593 / 5251 도달 (선 이탈 0.02 m)
[velocity_path_follower.py-9] [INFO] [1787285938.664538469] [velocity_path_follower]: waypoint 3594 / 5251 도달 (선 이탈 0.02 m)
[velocity_path_follower.py-9] [INFO] [1787285939.014387290] [velocity_path_follower]: waypoint 3595 / 5251 도달 (선 이탈 0.02 m)
[velocity_path_follower.py-9] [INFO] [1787285939.364573244] [velocity_path_follower]: waypoint 3596 / 5251 도달 (선 이탈 0.02 m)
[velocity_path_follower.py-9] [INFO] [1787285939.614334769] [velocity_path_follower]: 1550.0s  wp 3597/5251 이탈0.0m  위치 ( -17.95,   -98.12,  11.04)
[velocity_path_follower.py-9] [INFO] [1787285939.764562050] [velocity_path_follower]: waypoint 3597 / 5251 도달 (선 이탈 0.02 m)
[velocity_path_follower.py-9] [INFO] [1787285940.066702525] [velocity_path_follower]: waypoint 3598 / 5251 도달 (선 이탈 0.02 m)
[velocity_path_follower.py-9] [INFO] [1787285940.466877210] [velocity_path_follower]: waypoint 3599 / 5251 도달 (선 이탈 0.01 m)
[velocity_path_follower.py-9] [INFO] [1787285940.801691659] [velocity_path_follower]: waypoint 3600 / 5251 도달 (선 이탈 0.01 m)
[velocity_path_follower.py-9] [INFO] [1787285941.229551499] [velocity_path_follower]: waypoint 3601 / 5251 도달 (선 이탈 0.01 m)
[velocity_path_follower.py-9] [INFO] [1787285941.529594762] [velocity_path_follower]: waypoint 3602 / 5251 도달 (선 이탈 0.01 m)
[velocity_path_follower.py-9] [INFO] [1787285941.929407565] [velocity_path_follower]: waypoint 3603 / 5251 도달 (선 이탈 0.01 m)
[velocity_path_follower.py-9] [INFO] [1787285942.378814424] [velocity_path_follower]: waypoint 3604 / 5251 도달 (선 이탈 0.00 m)
[velocity_path_follower.py-9] [INFO] [1787285942.727924190] [velocity_path_follower]: waypoint 3605 / 5251 도달 (선 이탈 0.00 m)
[velocity_path_follower.py-9] [INFO] [1787285943.077959976] [velocity_path_follower]: waypoint 3606 / 5251 도달 (선 이탈 0.00 m)
[velocity_path_follower.py-9] [INFO] [1787285943.427951845] [velocity_path_follower]: waypoint 3607 / 5251 도달 (선 이탈 0.00 m)
[velocity_path_follower.py-9] [INFO] [1787285943.727882190] [velocity_path_follower]: waypoint 3608 / 5251 도달 (선 이탈 0.00 m)
[velocity_path_follower.py-9] [INFO] [1787285944.778385685] [velocity_path_follower]: 1555.0s  climb       위치 ( -25.04,   -98.09,   5.80)
[velocity_path_follower.py-9] [INFO] [1787285948.676394705] [velocity_path_follower]: waypoint 3609 / 5251 도달 (선 이탈 0.02 m)
[velocity_path_follower.py-9] [INFO] [1787285948.725899343] [velocity_path_follower]: waypoint 3610 / 5251 도달 (선 이탈 0.02 m)
[velocity_path_follower.py-9] [INFO] [1787285948.775801239] [velocity_path_follower]: waypoint 3611 / 5251 도달 (선 이탈 0.02 m)
[velocity_path_follower.py-9] [INFO] [1787285948.825423504] [velocity_path_follower]: waypoint 3612 / 5251 도달 (선 이탈 0.02 m)
[velocity_path_follower.py-9] [INFO] [1787285948.875589156] [velocity_path_follower]: waypoint 3613 / 5251 도달 (선 이탈 0.02 m)
[velocity_path_follower.py-9] [INFO] [1787285948.925552845] [velocity_path_follower]: waypoint 3614 / 5251 도달 (선 이탈 0.02 m)
[velocity_path_follower.py-9] [INFO] [1787285948.975566786] [velocity_path_follower]: waypoint 3615 / 5251 도달 (선 이탈 0.02 m)
[velocity_path_follower.py-9] [INFO] [1787285949.025626811] [velocity_path_follower]: waypoint 3616 / 5251 도달 (선 이탈 0.02 m)
[velocity_path_follower.py-9] [INFO] [1787285949.075730003] [velocity_path_follower]: waypoint 3617 / 5251 도달 (선 이탈 0.02 m)
[velocity_path_follower.py-9] [INFO] [1787285949.125753444] [velocity_path_follower]: waypoint 3618 / 5251 도달 (선 이탈 0.02 m)
[velocity_path_follower.py-9] [INFO] [1787285949.877858593] [velocity_path_follower]: waypoint 3619 / 5251 도달 (선 이탈 0.02 m)
[velocity_path_follower.py-9] [INFO] [1787285949.927616778] [velocity_path_follower]: 1560.0s  wp 3620/5251 이탈0.0m  위치 ( -29.14,   -98.08,   7.53)
[velocity_path_follower.py-9] [INFO] [1787285950.627921948] [velocity_path_follower]: waypoint 3620 / 5251 도달 (선 이탈 0.02 m)
[velocity_path_follower.py-9] [INFO] [1787285951.277806044] [velocity_path_follower]: waypoint 3621 / 5251 도달 (선 이탈 0.02 m)
[velocity_path_follower.py-9] [INFO] [1787285951.877842329] [velocity_path_follower]: waypoint 3622 / 5251 도달 (선 이탈 0.01 m)
[velocity_path_follower.py-9] [INFO] [1787285952.427784130] [velocity_path_follower]: waypoint 3623 / 5251 도달 (선 이탈 0.01 m)
[velocity_path_follower.py-9] [INFO] [1787285952.928333713] [velocity_path_follower]: waypoint 3624 / 5251 도달 (선 이탈 0.01 m)
[velocity_path_follower.py-9] [INFO] [1787285953.427903650] [velocity_path_follower]: waypoint 3625 / 5251 도달 (선 이탈 0.01 m)
[velocity_path_follower.py-9] [INFO] [1787285953.927781678] [velocity_path_follower]: waypoint 3626 / 5251 도달 (선 이탈 0.00 m)
[velocity_path_follower.py-9] [INFO] [1787285954.377724766] [velocity_path_follower]: waypoint 3627 / 5251 도달 (선 이탈 0.00 m)
[velocity_path_follower.py-9] [INFO] [1787285954.827825276] [velocity_path_follower]: waypoint 3628 / 5251 도달 (선 이탈 0.00 m)
[velocity_path_follower.py-9] [INFO] [1787285954.927663903] [velocity_path_follower]: 1565.0s  wp 3629/5251 이탈0.0m  위치 ( -33.72,   -98.10,  11.35)
[velocity_path_follower.py-9] [INFO] [1787285955.277864242] [velocity_path_follower]: waypoint 3629 / 5251 도달 (선 이탈 0.00 m)
[velocity_path_follower.py-9] [INFO] [1787285955.727873625] [velocity_path_follower]: waypoint 3630 / 5251 도달 (선 이탈 0.01 m)
[velocity_path_follower.py-9] [INFO] [1787285956.127923027] [velocity_path_follower]: waypoint 3631 / 5251 도달 (선 이탈 0.01 m)
[velocity_path_follower.py-9] [INFO] [1787285956.527882010] [velocity_path_follower]: waypoint 3632 / 5251 도달 (선 이탈 0.01 m)
[velocity_path_follower.py-9] [INFO] [1787285956.977841351] [velocity_path_follower]: waypoint 3633 / 5251 도달 (선 이탈 0.01 m)
[velocity_path_follower.py-9] [INFO] [1787285957.377850253] [velocity_path_follower]: waypoint 3634 / 5251 도달 (선 이탈 0.01 m)
[velocity_path_follower.py-9] [INFO] [1787285957.777762278] [velocity_path_follower]: waypoint 3635 / 5251 도달 (선 이탈 0.01 m)
[velocity_path_follower.py-9] [INFO] [1787285959.927761946] [velocity_path_follower]: 1570.0s  wp 3636/5251 이탈1.0m  위치 ( -39.59,   -97.59,   8.52)
[velocity_path_follower.py-9] [INFO] [1787285964.927757320] [velocity_path_follower]: 1575.0s  climb       위치 ( -41.73,   -94.68,   5.39)
[velocity_path_follower.py-9] [INFO] [1787285966.527742406] [velocity_path_follower]: waypoint 3636 / 5251 도달 (선 이탈 3.42 m)
[velocity_path_follower.py-9] [INFO] [1787285969.927649231] [velocity_path_follower]: 1580.0s  wp 3638/5251 이탈0.6m  위치 ( -41.02,   -93.55,   8.29)
[velocity_path_follower.py-9] [INFO] [1787285971.734200452] [velocity_path_follower]: waypoint 3638 / 5251 도달 (선 이탈 0.50 m)
[velocity_path_follower.py-9] [INFO] [1787285972.284152604] [velocity_path_follower]: waypoint 3639 / 5251 도달 (선 이탈 0.44 m)
[velocity_path_follower.py-9] [INFO] [1787285972.834136508] [velocity_path_follower]: waypoint 3640 / 5251 도달 (선 이탈 0.37 m)
[velocity_path_follower.py-9] [INFO] [1787285973.334158304] [velocity_path_follower]: waypoint 3641 / 5251 도달 (선 이탈 0.30 m)
[velocity_path_follower.py-9] [INFO] [1787285973.834021639] [velocity_path_follower]: waypoint 3642 / 5251 도달 (선 이탈 0.23 m)
[velocity_path_follower.py-9] [INFO] [1787285974.284162496] [velocity_path_follower]: waypoint 3643 / 5251 도달 (선 이탈 0.15 m)
[velocity_path_follower.py-9] [INFO] [1787285974.734142809] [velocity_path_follower]: waypoint 3644 / 5251 도달 (선 이탈 0.08 m)
[velocity_path_follower.py-9] [INFO] [1787285974.934001158] [velocity_path_follower]: 1585.0s  wp 3645/5251 이탈0.1m  위치 ( -36.36,   -94.05,   7.42)
[velocity_path_follower.py-9] [INFO] [1787285975.184174206] [velocity_path_follower]: waypoint 3645 / 5251 도달 (선 이탈 0.01 m)
[velocity_path_follower.py-9] [INFO] [1787285975.634179770] [velocity_path_follower]: waypoint 3646 / 5251 도달 (선 이탈 0.05 m)
[velocity_path_follower.py-9] [INFO] [1787285976.034108598] [velocity_path_follower]: waypoint 3647 / 5251 도달 (선 이탈 0.10 m)
[velocity_path_follower.py-9] [INFO] [1787285976.484102538] [velocity_path_follower]: waypoint 3648 / 5251 도달 (선 이탈 0.15 m)
[velocity_path_follower.py-9] [INFO] [1787285976.884175203] [velocity_path_follower]: waypoint 3649 / 5251 도달 (선 이탈 0.19 m)
[velocity_path_follower.py-9] [INFO] [1787285977.284095657] [velocity_path_follower]: waypoint 3650 / 5251 도달 (선 이탈 0.22 m)
[velocity_path_follower.py-9] [INFO] [1787285977.684131489] [velocity_path_follower]: waypoint 3651 / 5251 도달 (선 이탈 0.25 m)
[velocity_path_follower.py-9] [INFO] [1787285978.084155571] [velocity_path_follower]: waypoint 3652 / 5251 도달 (선 이탈 0.27 m)
[velocity_path_follower.py-9] [INFO] [1787285978.484357448] [velocity_path_follower]: waypoint 3653 / 5251 도달 (선 이탈 0.28 m)
[velocity_path_follower.py-9] [INFO] [1787285978.834367171] [velocity_path_follower]: waypoint 3654 / 5251 도달 (선 이탈 0.28 m)
[velocity_path_follower.py-9] [INFO] [1787285979.234140540] [velocity_path_follower]: waypoint 3655 / 5251 도달 (선 이탈 0.28 m)
[velocity_path_follower.py-9] [INFO] [1787285979.634213707] [velocity_path_follower]: waypoint 3656 / 5251 도달 (선 이탈 0.27 m)
[velocity_path_follower.py-9] [INFO] [1787285979.934052650] [velocity_path_follower]: 1590.0s  wp 3657/5251 이탈0.3m  위치 ( -30.17,   -94.36,   9.75)
[velocity_path_follower.py-9] [INFO] [1787285979.984114553] [velocity_path_follower]: waypoint 3657 / 5251 도달 (선 이탈 0.26 m)
[velocity_path_follower.py-9] [INFO] [1787285980.384251888] [velocity_path_follower]: waypoint 3658 / 5251 도달 (선 이탈 0.24 m)
[velocity_path_follower.py-9] [INFO] [1787285980.784148886] [velocity_path_follower]: waypoint 3659 / 5251 도달 (선 이탈 0.22 m)
[velocity_path_follower.py-9] [INFO] [1787285981.134322572] [velocity_path_follower]: waypoint 3660 / 5251 도달 (선 이탈 0.20 m)
[velocity_path_follower.py-9] [INFO] [1787285981.484339004] [velocity_path_follower]: waypoint 3661 / 5251 도달 (선 이탈 0.17 m)
[velocity_path_follower.py-9] [INFO] [1787285981.884282253] [velocity_path_follower]: waypoint 3662 / 5251 도달 (선 이탈 0.14 m)
[velocity_path_follower.py-9] [INFO] [1787285982.234092723] [velocity_path_follower]: waypoint 3663 / 5251 도달 (선 이탈 0.12 m)
[velocity_path_follower.py-9] [INFO] [1787285982.634305854] [velocity_path_follower]: waypoint 3664 / 5251 도달 (선 이탈 0.08 m)
[velocity_path_follower.py-9] [INFO] [1787285982.984155825] [velocity_path_follower]: waypoint 3665 / 5251 도달 (선 이탈 0.06 m)
[velocity_path_follower.py-9] [INFO] [1787285983.334224177] [velocity_path_follower]: waypoint 3666 / 5251 도달 (선 이탈 0.03 m)
[velocity_path_follower.py-9] [INFO] [1787285983.684194568] [velocity_path_follower]: waypoint 3667 / 5251 도달 (선 이탈 0.00 m)
[velocity_path_follower.py-9] [INFO] [1787285984.084400074] [velocity_path_follower]: waypoint 3668 / 5251 도달 (선 이탈 0.03 m)
[velocity_path_follower.py-9] [INFO] [1787285984.436615723] [velocity_path_follower]: waypoint 3669 / 5251 도달 (선 이탈 0.05 m)
[velocity_path_follower.py-9] [INFO] [1787285984.786850121] [velocity_path_follower]: waypoint 3670 / 5251 도달 (선 이탈 0.07 m)
[velocity_path_follower.py-9] [INFO] [1787285984.936413773] [velocity_path_follower]: 1595.0s  wp 3671/5251 이탈0.1m  위치 ( -23.38,   -94.02,  10.05)
[velocity_path_follower.py-9] [INFO] [1787285985.186449197] [velocity_path_follower]: waypoint 3671 / 5251 도달 (선 이탈 0.10 m)
[velocity_path_follower.py-9] [INFO] [1787285985.536533175] [velocity_path_follower]: waypoint 3672 / 5251 도달 (선 이탈 0.11 m)
[velocity_path_follower.py-9] [INFO] [1787285985.886421274] [velocity_path_follower]: waypoint 3673 / 5251 도달 (선 이탈 0.13 m)
[velocity_path_follower.py-9] [INFO] [1787285986.236458876] [velocity_path_follower]: waypoint 3674 / 5251 도달 (선 이탈 0.14 m)
[velocity_path_follower.py-9] [INFO] [1787285986.587174286] [velocity_path_follower]: waypoint 3675 / 5251 도달 (선 이탈 0.14 m)
[velocity_path_follower.py-9] [INFO] [1787285986.936345285] [velocity_path_follower]: waypoint 3676 / 5251 도달 (선 이탈 0.15 m)
[velocity_path_follower.py-9] [INFO] [1787285987.286434681] [velocity_path_follower]: waypoint 3677 / 5251 도달 (선 이탈 0.15 m)
[velocity_path_follower.py-9] [INFO] [1787285987.686726358] [velocity_path_follower]: waypoint 3678 / 5251 도달 (선 이탈 0.15 m)
[velocity_path_follower.py-9] [INFO] [1787285987.986556305] [velocity_path_follower]: waypoint 3679 / 5251 도달 (선 이탈 0.15 m)
[velocity_path_follower.py-9] [INFO] [1787285988.336754287] [velocity_path_follower]: waypoint 3680 / 5251 도달 (선 이탈 0.14 m)
[velocity_path_follower.py-9] [INFO] [1787285988.736424409] [velocity_path_follower]: waypoint 3681 / 5251 도달 (선 이탈 0.14 m)
[velocity_path_follower.py-9] [INFO] [1787285989.938404550] [velocity_path_follower]: 1600.0s  climb       위치 ( -16.44,   -94.00,   6.12)
[velocity_path_follower.py-9] [INFO] [1787285991.841173003] [velocity_path_follower]: waypoint 3682 / 5251 도달 (선 이탈 0.06 m)
[velocity_path_follower.py-9] [INFO] [1787285991.891184447] [velocity_path_follower]: waypoint 3683 / 5251 도달 (선 이탈 0.06 m)
[velocity_path_follower.py-9] [INFO] [1787285991.941317018] [velocity_path_follower]: waypoint 3684 / 5251 도달 (선 이탈 0.06 m)
[velocity_path_follower.py-9] [INFO] [1787285991.991120416] [velocity_path_follower]: waypoint 3685 / 5251 도달 (선 이탈 0.06 m)
[velocity_path_follower.py-9] [INFO] [1787285992.041032815] [velocity_path_follower]: waypoint 3686 / 5251 도달 (선 이탈 0.06 m)
[velocity_path_follower.py-9] [INFO] [1787285992.091042551] [velocity_path_follower]: waypoint 3687 / 5251 도달 (선 이탈 0.06 m)
[velocity_path_follower.py-9] [INFO] [1787285992.141596465] [velocity_path_follower]: waypoint 3688 / 5251 도달 (선 이탈 0.06 m)
[velocity_path_follower.py-9] [INFO] [1787285992.443623463] [velocity_path_follower]: waypoint 3689 / 5251 도달 (선 이탈 0.05 m)
[velocity_path_follower.py-9] [INFO] [1787285993.049706795] [velocity_path_follower]: waypoint 3690 / 5251 도달 (선 이탈 0.04 m)
[velocity_path_follower.py-9] [INFO] [1787285993.649841080] [velocity_path_follower]: waypoint 3691 / 5251 도달 (선 이탈 0.03 m)
[velocity_path_follower.py-9] [INFO] [1787285994.201831712] [velocity_path_follower]: waypoint 3692 / 5251 도달 (선 이탈 0.02 m)
[velocity_path_follower.py-9] [INFO] [1787285994.703632522] [velocity_path_follower]: waypoint 3693 / 5251 도달 (선 이탈 0.01 m)
[velocity_path_follower.py-9] [INFO] [1787285994.953328900] [velocity_path_follower]: 1605.0s  wp 3694/5251 이탈0.0m  위치 ( -11.83,   -94.10,   8.92)
[velocity_path_follower.py-9] [INFO] [1787285995.203805671] [velocity_path_follower]: waypoint 3694 / 5251 도달 (선 이탈 0.00 m)
[velocity_path_follower.py-9] [INFO] [1787285995.718091676] [velocity_path_follower]: waypoint 3695 / 5251 도달 (선 이탈 0.01 m)
[velocity_path_follower.py-9] [INFO] [1787285996.170027421] [velocity_path_follower]: waypoint 3696 / 5251 도달 (선 이탈 0.02 m)
[velocity_path_follower.py-9] [INFO] [1787285996.619687325] [velocity_path_follower]: waypoint 3697 / 5251 도달 (선 이탈 0.02 m)
[velocity_path_follower.py-9] [INFO] [1787285997.023559753] [velocity_path_follower]: waypoint 3698 / 5251 도달 (선 이탈 0.03 m)
[velocity_path_follower.py-9] [INFO] [1787285997.480040558] [velocity_path_follower]: waypoint 3699 / 5251 도달 (선 이탈 0.03 m)
[velocity_path_follower.py-9] [INFO] [1787285997.882060571] [velocity_path_follower]: waypoint 3700 / 5251 도달 (선 이탈 0.03 m)
[velocity_path_follower.py-9] [INFO] [1787285998.335931111] [velocity_path_follower]: waypoint 3701 / 5251 도달 (선 이탈 0.04 m)
[velocity_path_follower.py-9] [INFO] [1787285998.737822413] [velocity_path_follower]: waypoint 3702 / 5251 도달 (선 이탈 0.04 m)
[velocity_path_follower.py-9] [INFO] [1787285999.137748005] [velocity_path_follower]: waypoint 3703 / 5251 도달 (선 이탈 0.04 m)
[velocity_path_follower.py-9] [INFO] [1787285999.537619137] [velocity_path_follower]: waypoint 3704 / 5251 도달 (선 이탈 0.03 m)
[velocity_path_follower.py-9] [INFO] [1787285999.937731150] [velocity_path_follower]: waypoint 3705 / 5251 도달 (선 이탈 0.03 m)
[velocity_path_follower.py-9] [INFO] [1787285999.987357503] [velocity_path_follower]: 1610.0s  wp 3706/5251 이탈0.0m  위치 (  -6.00,   -94.13,  11.62)
[velocity_path_follower.py-9] [INFO] [1787286000.337457655] [velocity_path_follower]: waypoint 3706 / 5251 도달 (선 이탈 0.03 m)
[velocity_path_follower.py-9] [INFO] [1787286000.688177488] [velocity_path_follower]: waypoint 3707 / 5251 도달 (선 이탈 0.03 m)
[velocity_path_follower.py-9] [INFO] [1787286001.089581447] [velocity_path_follower]: waypoint 3708 / 5251 도달 (선 이탈 0.03 m)
[velocity_path_follower.py-9] [INFO] [1787286001.492885241] [velocity_path_follower]: waypoint 3709 / 5251 도달 (선 이탈 0.02 m)
[velocity_path_follower.py-9] [INFO] [1787286001.842987685] [velocity_path_follower]: waypoint 3710 / 5251 도달 (선 이탈 0.02 m)
[velocity_path_follower.py-9] [INFO] [1787286002.242955530] [velocity_path_follower]: waypoint 3711 / 5251 도달 (선 이탈 0.01 m)
[velocity_path_follower.py-9] [INFO] [1787286002.592919264] [velocity_path_follower]: waypoint 3712 / 5251 도달 (선 이탈 0.01 m)
[velocity_path_follower.py-9] [INFO] [1787286002.992921526] [velocity_path_follower]: waypoint 3713 / 5251 도달 (선 이탈 0.01 m)
[velocity_path_follower.py-9] [INFO] [1787286003.345600112] [velocity_path_follower]: waypoint 3714 / 5251 도달 (선 이탈 0.00 m)
[velocity_path_follower.py-9] [INFO] [1787286003.748418604] [velocity_path_follower]: waypoint 3715 / 5251 도달 (선 이탈 0.00 m)
[velocity_path_follower.py-9] [INFO] [1787286004.098347921] [velocity_path_follower]: waypoint 3716 / 5251 도달 (선 이탈 0.00 m)
[velocity_path_follower.py-9] [INFO] [1787286004.448605579] [velocity_path_follower]: waypoint 3717 / 5251 도달 (선 이탈 0.01 m)
[velocity_path_follower.py-9] [INFO] [1787286004.848741387] [velocity_path_follower]: waypoint 3718 / 5251 도달 (선 이탈 0.01 m)
[velocity_path_follower.py-9] [INFO] [1787286004.998250209] [velocity_path_follower]: 1615.0s  wp 3719/5251 이탈0.0m  위치 (   0.66,   -94.09,   7.37)
[velocity_path_follower.py-9] [INFO] [1787286005.198286405] [velocity_path_follower]: waypoint 3719 / 5251 도달 (선 이탈 0.01 m)
[velocity_path_follower.py-9] [INFO] [1787286005.550770404] [velocity_path_follower]: waypoint 3720 / 5251 도달 (선 이탈 0.01 m)
[velocity_path_follower.py-9] [INFO] [1787286010.023441727] [velocity_path_follower]: 1620.0s  climb       위치 (   5.96,   -94.07,   6.19)
[velocity_path_follower.py-9] [INFO] [1787286010.423634164] [velocity_path_follower]: waypoint 3721 / 5251 도달 (선 이탈 0.03 m)
[velocity_path_follower.py-9] [INFO] [1787286010.473587858] [velocity_path_follower]: waypoint 3722 / 5251 도달 (선 이탈 0.03 m)
[velocity_path_follower.py-9] [INFO] [1787286010.523711722] [velocity_path_follower]: waypoint 3723 / 5251 도달 (선 이탈 0.03 m)
[velocity_path_follower.py-9] [INFO] [1787286010.573432286] [velocity_path_follower]: waypoint 3724 / 5251 도달 (선 이탈 0.03 m)
[velocity_path_follower.py-9] [INFO] [1787286010.623738987] [velocity_path_follower]: waypoint 3725 / 5251 도달 (선 이탈 0.03 m)
[velocity_path_follower.py-9] [INFO] [1787286010.673608137] [velocity_path_follower]: waypoint 3726 / 5251 도달 (선 이탈 0.03 m)
[velocity_path_follower.py-9] [INFO] [1787286010.723526205] [velocity_path_follower]: waypoint 3727 / 5251 도달 (선 이탈 0.03 m)
[velocity_path_follower.py-9] [INFO] [1787286010.774189165] [velocity_path_follower]: waypoint 3728 / 5251 도달 (선 이탈 0.03 m)
[velocity_path_follower.py-9] [INFO] [1787286010.823585221] [velocity_path_follower]: waypoint 3729 / 5251 도달 (선 이탈 0.03 m)
[velocity_path_follower.py-9] [INFO] [1787286010.873674168] [velocity_path_follower]: waypoint 3730 / 5251 도달 (선 이탈 0.03 m)
[velocity_path_follower.py-9] [INFO] [1787286011.673557408] [velocity_path_follower]: waypoint 3731 / 5251 도달 (선 이탈 0.03 m)
[velocity_path_follower.py-9] [INFO] [1787286012.423640208] [velocity_path_follower]: waypoint 3732 / 5251 도달 (선 이탈 0.03 m)
[velocity_path_follower.py-9] [INFO] [1787286013.073859163] [velocity_path_follower]: waypoint 3733 / 5251 도달 (선 이탈 0.03 m)
[velocity_path_follower.py-9] [INFO] [1787286013.673596455] [velocity_path_follower]: waypoint 3734 / 5251 도달 (선 이탈 0.02 m)
[velocity_path_follower.py-9] [INFO] [1787286014.223750187] [velocity_path_follower]: waypoint 3735 / 5251 도달 (선 이탈 0.02 m)
[velocity_path_follower.py-9] [INFO] [1787286014.779809425] [velocity_path_follower]: waypoint 3736 / 5251 도달 (선 이탈 0.01 m)
[velocity_path_follower.py-9] [INFO] [1787286015.029624147] [velocity_path_follower]: 1625.0s  wp 3737/5251 이탈0.0m  위치 (   9.68,   -94.09,   8.93)
[velocity_path_follower.py-9] [INFO] [1787286015.279819460] [velocity_path_follower]: waypoint 3737 / 5251 도달 (선 이탈 0.01 m)
[velocity_path_follower.py-9] [INFO] [1787286015.730451313] [velocity_path_follower]: waypoint 3738 / 5251 도달 (선 이탈 0.00 m)
[velocity_path_follower.py-9] [INFO] [1787286016.229838001] [velocity_path_follower]: waypoint 3739 / 5251 도달 (선 이탈 0.00 m)
[velocity_path_follower.py-9] [INFO] [1787286016.679803257] [velocity_path_follower]: waypoint 3740 / 5251 도달 (선 이탈 0.00 m)
[velocity_path_follower.py-9] [INFO] [1787286017.132665285] [velocity_path_follower]: waypoint 3741 / 5251 도달 (선 이탈 0.01 m)
[velocity_path_follower.py-9] [INFO] [1787286017.532795183] [velocity_path_follower]: waypoint 3742 / 5251 도달 (선 이탈 0.01 m)
[velocity_path_follower.py-9] [INFO] [1787286017.985664296] [velocity_path_follower]: waypoint 3743 / 5251 도달 (선 이탈 0.01 m)
[velocity_path_follower.py-9] [INFO] [1787286018.385461521] [velocity_path_follower]: waypoint 3744 / 5251 도달 (선 이탈 0.01 m)
[velocity_path_follower.py-9] [INFO] [1787286018.787846219] [velocity_path_follower]: waypoint 3745 / 5251 도달 (선 이탈 0.01 m)
[velocity_path_follower.py-9] [INFO] [1787286019.237748975] [velocity_path_follower]: waypoint 3746 / 5251 도달 (선 이탈 0.01 m)
[velocity_path_follower.py-9] [INFO] [1787286019.637665953] [velocity_path_follower]: waypoint 3747 / 5251 도달 (선 이탈 0.01 m)
[velocity_path_follower.py-9] [INFO] [1787286020.037743851] [velocity_path_follower]: waypoint 3748 / 5251 도달 (선 이탈 0.02 m)
[velocity_path_follower.py-9] [INFO] [1787286020.087604418] [velocity_path_follower]: 1630.1s  wp 3749/5251 이탈0.0m  위치 (  15.52,   -94.12,   7.81)
[velocity_path_follower.py-9] [INFO] [1787286020.390286109] [velocity_path_follower]: waypoint 3749 / 5251 도달 (선 이탈 0.01 m)
[velocity_path_follower.py-9] [INFO] [1787286020.790269089] [velocity_path_follower]: waypoint 3750 / 5251 도달 (선 이탈 0.01 m)
[velocity_path_follower.py-9] [INFO] [1787286021.190409697] [velocity_path_follower]: waypoint 3751 / 5251 도달 (선 이탈 0.01 m)
[velocity_path_follower.py-9] [INFO] [1787286021.540452858] [velocity_path_follower]: waypoint 3752 / 5251 도달 (선 이탈 0.01 m)
[velocity_path_follower.py-9] [INFO] [1787286021.944618432] [velocity_path_follower]: waypoint 3753 / 5251 도달 (선 이탈 0.01 m)
[velocity_path_follower.py-9] [INFO] [1787286022.344712081] [velocity_path_follower]: waypoint 3754 / 5251 도달 (선 이탈 0.01 m)
[velocity_path_follower.py-9] [INFO] [1787286022.694560614] [velocity_path_follower]: waypoint 3755 / 5251 도달 (선 이탈 0.01 m)
[velocity_path_follower.py-9] [INFO] [1787286023.096937981] [velocity_path_follower]: waypoint 3756 / 5251 도달 (선 이탈 0.01 m)
[velocity_path_follower.py-9] [INFO] [1787286023.446838265] [velocity_path_follower]: waypoint 3757 / 5251 도달 (선 이탈 0.00 m)
[velocity_path_follower.py-9] [INFO] [1787286023.799580570] [velocity_path_follower]: waypoint 3758 / 5251 도달 (선 이탈 0.00 m)
[velocity_path_follower.py-9] [INFO] [1787286024.199607261] [velocity_path_follower]: waypoint 3759 / 5251 도달 (선 이탈 0.00 m)
[velocity_path_follower.py-9] [INFO] [1787286024.551735303] [velocity_path_follower]: waypoint 3760 / 5251 도달 (선 이탈 0.00 m)
[velocity_path_follower.py-9] [INFO] [1787286024.901693172] [velocity_path_follower]: waypoint 3761 / 5251 도달 (선 이탈 0.00 m)
[velocity_path_follower.py-9] [INFO] [1787286025.051686009] [velocity_path_follower]: 1635.0s  wp 3762/5251 이탈0.0m  위치 (  22.13,   -94.10,   9.43)
[velocity_path_follower.py-9] [INFO] [1787286025.301563110] [velocity_path_follower]: waypoint 3762 / 5251 도달 (선 이탈 0.00 m)
[velocity_path_follower.py-9] [INFO] [1787286025.651871029] [velocity_path_follower]: waypoint 3763 / 5251 도달 (선 이탈 0.00 m)
[velocity_path_follower.py-9] [INFO] [1787286026.001607851] [velocity_path_follower]: waypoint 3764 / 5251 도달 (선 이탈 0.01 m)
[velocity_path_follower.py-9] [INFO] [1787286026.401744421] [velocity_path_follower]: waypoint 3765 / 5251 도달 (선 이탈 0.01 m)
[velocity_path_follower.py-9] [INFO] [1787286026.701907016] [velocity_path_follower]: waypoint 3766 / 5251 도달 (선 이탈 0.01 m)
[velocity_path_follower.py-9] [INFO] [1787286027.101654827] [velocity_path_follower]: waypoint 3767 / 5251 도달 (선 이탈 0.01 m)
[velocity_path_follower.py-9] [INFO] [1787286027.451617656] [velocity_path_follower]: waypoint 3768 / 5251 도달 (선 이탈 0.01 m)
[velocity_path_follower.py-9] [INFO] [1787286027.801604318] [velocity_path_follower]: waypoint 3769 / 5251 도달 (선 이탈 0.01 m)
[velocity_path_follower.py-9] [INFO] [1787286028.151744068] [velocity_path_follower]: waypoint 3770 / 5251 도달 (선 이탈 0.01 m)
[velocity_path_follower.py-9] [INFO] [1787286028.501881151] [velocity_path_follower]: waypoint 3771 / 5251 도달 (선 이탈 0.01 m)
[velocity_path_follower.py-9] [INFO] [1787286028.851725810] [velocity_path_follower]: waypoint 3772 / 5251 도달 (선 이탈 0.01 m)
[velocity_path_follower.py-9] [INFO] [1787286029.201667764] [velocity_path_follower]: waypoint 3773 / 5251 도달 (선 이탈 0.01 m)
[velocity_path_follower.py-9] [INFO] [1787286029.552093312] [velocity_path_follower]: waypoint 3774 / 5251 도달 (선 이탈 0.01 m)
[velocity_path_follower.py-9] [INFO] [1787286029.901668592] [velocity_path_follower]: waypoint 3775 / 5251 도달 (선 이탈 0.01 m)
[velocity_path_follower.py-9] [INFO] [1787286030.051741598] [velocity_path_follower]: 1640.0s  wp 3776/5251 이탈0.0m  위치 (  29.10,   -94.09,  13.71)
[velocity_path_follower.py-9] [INFO] [1787286030.251711632] [velocity_path_follower]: waypoint 3776 / 5251 도달 (선 이탈 0.01 m)
[velocity_path_follower.py-9] [INFO] [1787286030.651574405] [velocity_path_follower]: waypoint 3777 / 5251 도달 (선 이탈 0.01 m)
[velocity_path_follower.py-9] [INFO] [1787286031.001911869] [velocity_path_follower]: waypoint 3778 / 5251 도달 (선 이탈 0.01 m)
[velocity_path_follower.py-9] [INFO] [1787286031.351787989] [velocity_path_follower]: waypoint 3779 / 5251 도달 (선 이탈 0.00 m)
[velocity_path_follower.py-9] [INFO] [1787286031.707400028] [velocity_path_follower]: waypoint 3780 / 5251 도달 (선 이탈 0.00 m)
[velocity_path_follower.py-9] [INFO] [1787286032.057242189] [velocity_path_follower]: waypoint 3781 / 5251 도달 (선 이탈 0.00 m)
[velocity_path_follower.py-9] [INFO] [1787286032.407251313] [velocity_path_follower]: waypoint 3782 / 5251 도달 (선 이탈 0.00 m)
[velocity_path_follower.py-9] [INFO] [1787286032.757404190] [velocity_path_follower]: waypoint 3783 / 5251 도달 (선 이탈 0.00 m)
[velocity_path_follower.py-9] [INFO] [1787286033.107338311] [velocity_path_follower]: waypoint 3784 / 5251 도달 (선 이탈 0.00 m)
[velocity_path_follower.py-9] [INFO] [1787286033.457362644] [velocity_path_follower]: waypoint 3785 / 5251 도달 (선 이탈 0.00 m)
[velocity_path_follower.py-9] [INFO] [1787286033.807238723] [velocity_path_follower]: waypoint 3786 / 5251 도달 (선 이탈 0.00 m)
[velocity_path_follower.py-9] [INFO] [1787286034.157713400] [velocity_path_follower]: waypoint 3787 / 5251 도달 (선 이탈 0.00 m)
[velocity_path_follower.py-9] [INFO] [1787286034.511398814] [velocity_path_follower]: waypoint 3788 / 5251 도달 (선 이탈 0.00 m)
[velocity_path_follower.py-9] [INFO] [1787286034.861628402] [velocity_path_follower]: waypoint 3789 / 5251 도달 (선 이탈 0.00 m)
[velocity_path_follower.py-9] [INFO] [1787286035.061335097] [velocity_path_follower]: 1645.0s  wp 3790/5251 이탈0.0m  위치 (  36.23,   -94.10,  11.94)
[velocity_path_follower.py-9] [INFO] [1787286035.161827709] [velocity_path_follower]: waypoint 3790 / 5251 도달 (선 이탈 0.00 m)
[velocity_path_follower.py-9] [INFO] [1787286035.561840822] [velocity_path_follower]: waypoint 3791 / 5251 도달 (선 이탈 0.00 m)
[velocity_path_follower.py-9] [INFO] [1787286035.911390228] [velocity_path_follower]: waypoint 3792 / 5251 도달 (선 이탈 0.00 m)
[velocity_path_follower.py-9] [INFO] [1787286036.261414895] [velocity_path_follower]: waypoint 3793 / 5251 도달 (선 이탈 0.00 m)
[velocity_path_follower.py-9] [INFO] [1787286036.611444188] [velocity_path_follower]: waypoint 3794 / 5251 도달 (선 이탈 0.00 m)
[velocity_path_follower.py-9] [INFO] [1787286036.961597108] [velocity_path_follower]: waypoint 3795 / 5251 도달 (선 이탈 0.00 m)
[velocity_path_follower.py-9] [INFO] [1787286037.322255762] [velocity_path_follower]: waypoint 3796 / 5251 도달 (선 이탈 0.00 m)
[velocity_path_follower.py-9] [INFO] [1787286037.624048606] [velocity_path_follower]: waypoint 3797 / 5251 도달 (선 이탈 0.00 m)
[velocity_path_follower.py-9] [INFO] [1787286037.976013358] [velocity_path_follower]: waypoint 3798 / 5251 도달 (선 이탈 0.00 m)
[velocity_path_follower.py-9] [INFO] [1787286038.327868609] [velocity_path_follower]: waypoint 3799 / 5251 도달 (선 이탈 0.00 m)
[velocity_path_follower.py-9] [INFO] [1787286038.727806930] [velocity_path_follower]: waypoint 3800 / 5251 도달 (선 이탈 0.00 m)
[velocity_path_follower.py-9] [INFO] [1787286039.027587813] [velocity_path_follower]: waypoint 3801 / 5251 도달 (선 이탈 0.00 m)
[velocity_path_follower.py-9] [INFO] [1787286039.377382809] [velocity_path_follower]: waypoint 3802 / 5251 도달 (선 이탈 0.00 m)
[velocity_path_follower.py-9] [INFO] [1787286039.727623108] [velocity_path_follower]: waypoint 3803 / 5251 도달 (선 이탈 0.00 m)
[velocity_path_follower.py-9] [INFO] [1787286040.077761487] [velocity_path_follower]: waypoint 3804 / 5251 도달 (선 이탈 0.00 m)
[velocity_path_follower.py-9] [INFO] [1787286040.127641639] [velocity_path_follower]: 1650.1s  wp 3805/5251 이탈0.0m  위치 (  43.50,   -94.10,  11.67)
[velocity_path_follower.py-9] [INFO] [1787286040.427613860] [velocity_path_follower]: waypoint 3805 / 5251 도달 (선 이탈 0.00 m)
[velocity_path_follower.py-9] [INFO] [1787286040.777697531] [velocity_path_follower]: waypoint 3806 / 5251 도달 (선 이탈 0.00 m)
[velocity_path_follower.py-9] [INFO] [1787286041.130585805] [velocity_path_follower]: waypoint 3807 / 5251 도달 (선 이탈 0.00 m)
[velocity_path_follower.py-9] [INFO] [1787286041.482634728] [velocity_path_follower]: waypoint 3808 / 5251 도달 (선 이탈 0.00 m)
[velocity_path_follower.py-9] [INFO] [1787286041.834826779] [velocity_path_follower]: waypoint 3809 / 5251 도달 (선 이탈 0.00 m)
[velocity_path_follower.py-9] [INFO] [1787286042.184724570] [velocity_path_follower]: waypoint 3810 / 5251 도달 (선 이탈 0.00 m)
[velocity_path_follower.py-9] [INFO] [1787286042.534780824] [velocity_path_follower]: waypoint 3811 / 5251 도달 (선 이탈 0.00 m)
[velocity_path_follower.py-9] [INFO] [1787286042.884627532] [velocity_path_follower]: waypoint 3812 / 5251 도달 (선 이탈 0.00 m)
[velocity_path_follower.py-9] [INFO] [1787286043.234637493] [velocity_path_follower]: waypoint 3813 / 5251 도달 (선 이탈 0.00 m)
[velocity_path_follower.py-9] [INFO] [1787286043.853256895] [velocity_path_follower]: waypoint 3814 / 5251 도달 (선 이탈 0.00 m)
[velocity_path_follower.py-9] [INFO] [1787286043.934642374] [velocity_path_follower]: waypoint 3815 / 5251 도달 (선 이탈 0.00 m)
[velocity_path_follower.py-9] [INFO] [1787286044.284853549] [velocity_path_follower]: waypoint 3816 / 5251 도달 (선 이탈 0.00 m)
[velocity_path_follower.py-9] [INFO] [1787286044.634567837] [velocity_path_follower]: waypoint 3817 / 5251 도달 (선 이탈 0.00 m)
[velocity_path_follower.py-9] [INFO] [1787286044.934688021] [velocity_path_follower]: waypoint 3818 / 5251 도달 (선 이탈 0.00 m)
[velocity_path_follower.py-9] [INFO] [1787286045.084410481] [velocity_path_follower]: 1655.0s  wp 3819/5251 이탈0.0m  위치 (  50.61,   -94.10,  12.43)
[velocity_path_follower.py-9] [INFO] [1787286045.334623804] [velocity_path_follower]: waypoint 3819 / 5251 도달 (선 이탈 0.00 m)
[velocity_path_follower.py-9] [INFO] [1787286045.634781489] [velocity_path_follower]: waypoint 3820 / 5251 도달 (선 이탈 0.00 m)
[velocity_path_follower.py-9] [INFO] [1787286045.984810119] [velocity_path_follower]: waypoint 3821 / 5251 도달 (선 이탈 0.00 m)
[velocity_path_follower.py-9] [INFO] [1787286046.334709870] [velocity_path_follower]: waypoint 3822 / 5251 도달 (선 이탈 0.00 m)
[velocity_path_follower.py-9] [INFO] [1787286046.684866753] [velocity_path_follower]: waypoint 3823 / 5251 도달 (선 이탈 0.00 m)
[velocity_path_follower.py-9] [INFO] [1787286047.034627252] [velocity_path_follower]: waypoint 3824 / 5251 도달 (선 이탈 0.00 m)
[velocity_path_follower.py-9] [INFO] [1787286047.384465503] [velocity_path_follower]: waypoint 3825 / 5251 도달 (선 이탈 0.00 m)
[velocity_path_follower.py-9] [INFO] [1787286047.734701763] [velocity_path_follower]: waypoint 3826 / 5251 도달 (선 이탈 0.00 m)
[velocity_path_follower.py-9] [INFO] [1787286048.087638249] [velocity_path_follower]: waypoint 3827 / 5251 도달 (선 이탈 0.00 m)
[velocity_path_follower.py-9] [INFO] [1787286048.437377707] [velocity_path_follower]: waypoint 3828 / 5251 도달 (선 이탈 0.00 m)
[velocity_path_follower.py-9] [INFO] [1787286048.787655260] [velocity_path_follower]: waypoint 3829 / 5251 도달 (선 이탈 0.00 m)
[velocity_path_follower.py-9] [INFO] [1787286049.137694099] [velocity_path_follower]: waypoint 3830 / 5251 도달 (선 이탈 0.00 m)
[velocity_path_follower.py-9] [INFO] [1787286049.489667648] [velocity_path_follower]: waypoint 3831 / 5251 도달 (선 이탈 0.00 m)
[velocity_path_follower.py-9] [INFO] [1787286049.839790365] [velocity_path_follower]: waypoint 3832 / 5251 도달 (선 이탈 0.00 m)
[velocity_path_follower.py-9] [INFO] [1787286050.089363883] [velocity_path_follower]: 1660.0s  wp 3833/5251 이탈0.0m  위치 (  57.82,   -94.10,  10.14)
[velocity_path_follower.py-9] [INFO] [1787286050.139720088] [velocity_path_follower]: waypoint 3833 / 5251 도달 (선 이탈 0.00 m)
[velocity_path_follower.py-9] [INFO] [1787286050.542652315] [velocity_path_follower]: waypoint 3834 / 5251 도달 (선 이탈 0.00 m)
[velocity_path_follower.py-9] [INFO] [1787286050.842418660] [velocity_path_follower]: waypoint 3835 / 5251 도달 (선 이탈 0.00 m)
[velocity_path_follower.py-9] [INFO] [1787286051.192411707] [velocity_path_follower]: waypoint 3836 / 5251 도달 (선 이탈 0.00 m)
[velocity_path_follower.py-9] [INFO] [1787286051.542741846] [velocity_path_follower]: waypoint 3837 / 5251 도달 (선 이탈 0.00 m)
[velocity_path_follower.py-9] [INFO] [1787286055.095818181] [velocity_path_follower]: 1665.0s  wp 3838/5251 이탈2.4m  위치 (  63.78,   -92.65,  10.94)
[velocity_path_follower.py-9] [INFO] [1787286056.545586113] [velocity_path_follower]: waypoint 3838 / 5251 도달 (선 이탈 2.89 m)
[velocity_path_follower.py-9] [INFO] [1787286060.096532962] [velocity_path_follower]: 1670.0s  wp 3840/5251 이탈1.0m  위치 (  63.35,   -89.12,  11.92)
[velocity_path_follower.py-9] [INFO] [1787286061.499158643] [velocity_path_follower]: waypoint 3840 / 5251 도달 (선 이탈 1.42 m)
[velocity_path_follower.py-9] [INFO] [1787286062.148430533] [velocity_path_follower]: waypoint 3841 / 5251 도달 (선 이탈 1.49 m)
[velocity_path_follower.py-9] [INFO] [1787286062.748762748] [velocity_path_follower]: waypoint 3842 / 5251 도달 (선 이탈 1.49 m)
[velocity_path_follower.py-9] [INFO] [1787286063.348326531] [velocity_path_follower]: waypoint 3843 / 5251 도달 (선 이탈 1.44 m)
[velocity_path_follower.py-9] [INFO] [1787286063.948581787] [velocity_path_follower]: waypoint 3844 / 5251 도달 (선 이탈 1.33 m)
[velocity_path_follower.py-9] [INFO] [1787286064.498462754] [velocity_path_follower]: waypoint 3845 / 5251 도달 (선 이탈 1.20 m)
[velocity_path_follower.py-9] [INFO] [1787286064.999195626] [velocity_path_follower]: waypoint 3846 / 5251 도달 (선 이탈 1.05 m)
[velocity_path_follower.py-9] [INFO] [1787286065.100407466] [velocity_path_follower]: 1675.0s  wp 3847/5251 이탈1.0m  위치 (  59.30,   -89.09,  11.22)
[velocity_path_follower.py-9] [INFO] [1787286065.550596503] [velocity_path_follower]: waypoint 3847 / 5251 도달 (선 이탈 0.86 m)
[velocity_path_follower.py-9] [INFO] [1787286066.000799082] [velocity_path_follower]: waypoint 3848 / 5251 도달 (선 이탈 0.69 m)
[velocity_path_follower.py-9] [INFO] [1787286066.550756969] [velocity_path_follower]: waypoint 3849 / 5251 도달 (선 이탈 0.48 m)
[velocity_path_follower.py-9] [INFO] [1787286067.000706168] [velocity_path_follower]: waypoint 3850 / 5251 도달 (선 이탈 0.31 m)
[velocity_path_follower.py-9] [INFO] [1787286067.450640617] [velocity_path_follower]: waypoint 3851 / 5251 도달 (선 이탈 0.13 m)
[velocity_path_follower.py-9] [INFO] [1787286067.900738819] [velocity_path_follower]: waypoint 3852 / 5251 도달 (선 이탈 0.03 m)
[velocity_path_follower.py-9] [INFO] [1787286068.350839439] [velocity_path_follower]: waypoint 3853 / 5251 도달 (선 이탈 0.18 m)
[velocity_path_follower.py-9] [INFO] [1787286068.753437208] [velocity_path_follower]: waypoint 3854 / 5251 도달 (선 이탈 0.31 m)
[velocity_path_follower.py-9] [INFO] [1787286069.203200195] [velocity_path_follower]: waypoint 3855 / 5251 도달 (선 이탈 0.42 m)
[velocity_path_follower.py-9] [INFO] [1787286069.603159572] [velocity_path_follower]: waypoint 3856 / 5251 도달 (선 이탈 0.52 m)
[velocity_path_follower.py-9] [INFO] [1787286070.053285985] [velocity_path_follower]: waypoint 3857 / 5251 도달 (선 이탈 0.60 m)
[velocity_path_follower.py-9] [INFO] [1787286070.103135638] [velocity_path_follower]: 1680.0s  wp 3858/5251 이탈0.6m  위치 (  53.79,   -90.71,  10.72)
[velocity_path_follower.py-9] [INFO] [1787286070.453552036] [velocity_path_follower]: waypoint 3858 / 5251 도달 (선 이탈 0.65 m)
[velocity_path_follower.py-9] [INFO] [1787286070.853167948] [velocity_path_follower]: waypoint 3859 / 5251 도달 (선 이탈 0.69 m)
[velocity_path_follower.py-9] [INFO] [1787286071.253307371] [velocity_path_follower]: waypoint 3860 / 5251 도달 (선 이탈 0.71 m)
[velocity_path_follower.py-9] [INFO] [1787286071.603371761] [velocity_path_follower]: waypoint 3861 / 5251 도달 (선 이탈 0.72 m)
[velocity_path_follower.py-9] [INFO] [1787286072.053540593] [velocity_path_follower]: waypoint 3862 / 5251 도달 (선 이탈 0.71 m)
[velocity_path_follower.py-9] [INFO] [1787286072.453229382] [velocity_path_follower]: waypoint 3863 / 5251 도달 (선 이탈 0.68 m)
[velocity_path_follower.py-9] [INFO] [1787286072.853179468] [velocity_path_follower]: waypoint 3864 / 5251 도달 (선 이탈 0.64 m)
[velocity_path_follower.py-9] [INFO] [1787286073.203325319] [velocity_path_follower]: waypoint 3865 / 5251 도달 (선 이탈 0.60 m)
[velocity_path_follower.py-9] [INFO] [1787286073.603610997] [velocity_path_follower]: waypoint 3866 / 5251 도달 (선 이탈 0.54 m)
[velocity_path_follower.py-9] [INFO] [1787286074.003461957] [velocity_path_follower]: waypoint 3867 / 5251 도달 (선 이탈 0.47 m)
[velocity_path_follower.py-9] [INFO] [1787286074.353334344] [velocity_path_follower]: waypoint 3868 / 5251 도달 (선 이탈 0.41 m)
[velocity_path_follower.py-9] [INFO] [1787286074.756824260] [velocity_path_follower]: waypoint 3869 / 5251 도달 (선 이탈 0.33 m)
[velocity_path_follower.py-9] [INFO] [1787286075.106825525] [velocity_path_follower]: 1685.0s  wp 3870/5251 이탈0.3m  위치 (  47.42,   -90.36,  11.57)
[velocity_path_follower.py-9] [INFO] [1787286075.156685221] [velocity_path_follower]: waypoint 3870 / 5251 도달 (선 이탈 0.25 m)
[velocity_path_follower.py-9] [INFO] [1787286075.506569650] [velocity_path_follower]: waypoint 3871 / 5251 도달 (선 이탈 0.18 m)
[velocity_path_follower.py-9] [INFO] [1787286075.906635907] [velocity_path_follower]: waypoint 3872 / 5251 도달 (선 이탈 0.10 m)
[velocity_path_follower.py-9] [INFO] [1787286076.256713549] [velocity_path_follower]: waypoint 3873 / 5251 도달 (선 이탈 0.03 m)
[velocity_path_follower.py-9] [INFO] [1787286076.656745973] [velocity_path_follower]: waypoint 3874 / 5251 도달 (선 이탈 0.04 m)
[velocity_path_follower.py-9] [INFO] [1787286077.006717446] [velocity_path_follower]: waypoint 3875 / 5251 도달 (선 이탈 0.10 m)
[velocity_path_follower.py-9] [INFO] [1787286077.356804548] [velocity_path_follower]: waypoint 3876 / 5251 도달 (선 이탈 0.16 m)
[velocity_path_follower.py-9] [INFO] [1787286077.756564007] [velocity_path_follower]: waypoint 3877 / 5251 도달 (선 이탈 0.21 m)
[velocity_path_follower.py-9] [INFO] [1787286078.106713235] [velocity_path_follower]: waypoint 3878 / 5251 도달 (선 이탈 0.26 m)
[velocity_path_follower.py-9] [INFO] [1787286078.456790878] [velocity_path_follower]: waypoint 3879 / 5251 도달 (선 이탈 0.29 m)
[velocity_path_follower.py-9] [INFO] [1787286078.856921471] [velocity_path_follower]: waypoint 3880 / 5251 도달 (선 이탈 0.33 m)
[velocity_path_follower.py-9] [INFO] [1787286079.206695191] [velocity_path_follower]: waypoint 3881 / 5251 도달 (선 이탈 0.35 m)
[velocity_path_follower.py-9] [INFO] [1787286079.556668415] [velocity_path_follower]: waypoint 3882 / 5251 도달 (선 이탈 0.36 m)
[velocity_path_follower.py-9] [INFO] [1787286079.906694808] [velocity_path_follower]: waypoint 3883 / 5251 도달 (선 이탈 0.37 m)
[velocity_path_follower.py-9] [INFO] [1787286080.106418263] [velocity_path_follower]: 1690.0s  wp 3884/5251 이탈0.4m  위치 (  40.62,   -89.73,  13.62)
[velocity_path_follower.py-9] [INFO] [1787286080.256575114] [velocity_path_follower]: waypoint 3884 / 5251 도달 (선 이탈 0.37 m)
[velocity_path_follower.py-9] [INFO] [1787286080.607424858] [velocity_path_follower]: waypoint 3885 / 5251 도달 (선 이탈 0.37 m)
[velocity_path_follower.py-9] [INFO] [1787286081.006770059] [velocity_path_follower]: waypoint 3886 / 5251 도달 (선 이탈 0.35 m)
[velocity_path_follower.py-9] [INFO] [1787286081.356834203] [velocity_path_follower]: waypoint 3887 / 5251 도달 (선 이탈 0.34 m)
[velocity_path_follower.py-9] [INFO] [1787286081.706560965] [velocity_path_follower]: waypoint 3888 / 5251 도달 (선 이탈 0.31 m)
[velocity_path_follower.py-9] [INFO] [1787286082.056775154] [velocity_path_follower]: waypoint 3889 / 5251 도달 (선 이탈 0.29 m)
[velocity_path_follower.py-9] [INFO] [1787286082.406718378] [velocity_path_follower]: waypoint 3890 / 5251 도달 (선 이탈 0.26 m)
[velocity_path_follower.py-9] [INFO] [1787286082.806616093] [velocity_path_follower]: waypoint 3891 / 5251 도달 (선 이탈 0.22 m)
[velocity_path_follower.py-9] [INFO] [1787286083.156723863] [velocity_path_follower]: waypoint 3892 / 5251 도달 (선 이탈 0.19 m)
[velocity_path_follower.py-9] [INFO] [1787286083.506725590] [velocity_path_follower]: waypoint 3893 / 5251 도달 (선 이탈 0.15 m)
[velocity_path_follower.py-9] [INFO] [1787286083.856783776] [velocity_path_follower]: waypoint 3894 / 5251 도달 (선 이탈 0.12 m)
[velocity_path_follower.py-9] [INFO] [1787286084.206606415] [velocity_path_follower]: waypoint 3895 / 5251 도달 (선 이탈 0.08 m)
[velocity_path_follower.py-9] [INFO] [1787286084.556791771] [velocity_path_follower]: waypoint 3896 / 5251 도달 (선 이탈 0.04 m)
[velocity_path_follower.py-9] [INFO] [1787286084.956693862] [velocity_path_follower]: waypoint 3897 / 5251 도달 (선 이탈 0.00 m)
[velocity_path_follower.py-9] [INFO] [1787286085.106411244] [velocity_path_follower]: 1695.0s  wp 3898/5251 이탈0.0m  위치 (  33.62,   -90.11,  11.62)
[velocity_path_follower.py-9] [INFO] [1787286085.256600346] [velocity_path_follower]: waypoint 3898 / 5251 도달 (선 이탈 0.03 m)
[velocity_path_follower.py-9] [INFO] [1787286085.606682658] [velocity_path_follower]: waypoint 3899 / 5251 도달 (선 이탈 0.06 m)
[velocity_path_follower.py-9] [INFO] [1787286086.006731461] [velocity_path_follower]: waypoint 3900 / 5251 도달 (선 이탈 0.09 m)
[velocity_path_follower.py-9] [INFO] [1787286086.356953443] [velocity_path_follower]: waypoint 3901 / 5251 도달 (선 이탈 0.11 m)
[velocity_path_follower.py-9] [INFO] [1787286086.706579162] [velocity_path_follower]: waypoint 3902 / 5251 도달 (선 이탈 0.14 m)
[velocity_path_follower.py-9] [INFO] [1787286087.006861280] [velocity_path_follower]: waypoint 3903 / 5251 도달 (선 이탈 0.15 m)
[velocity_path_follower.py-9] [INFO] [1787286087.406756455] [velocity_path_follower]: waypoint 3904 / 5251 도달 (선 이탈 0.17 m)
[velocity_path_follower.py-9] [INFO] [1787286087.756590929] [velocity_path_follower]: waypoint 3905 / 5251 도달 (선 이탈 0.18 m)
[velocity_path_follower.py-9] [INFO] [1787286088.106710743] [velocity_path_follower]: waypoint 3906 / 5251 도달 (선 이탈 0.19 m)
[velocity_path_follower.py-9] [INFO] [1787286088.457033604] [velocity_path_follower]: waypoint 3907 / 5251 도달 (선 이탈 0.19 m)
[velocity_path_follower.py-9] [INFO] [1787286088.809371509] [velocity_path_follower]: waypoint 3908 / 5251 도달 (선 이탈 0.19 m)
[velocity_path_follower.py-9] [INFO] [1787286089.159334279] [velocity_path_follower]: waypoint 3909 / 5251 도달 (선 이탈 0.19 m)
[velocity_path_follower.py-9] [INFO] [1787286089.509445135] [velocity_path_follower]: waypoint 3910 / 5251 도달 (선 이탈 0.18 m)
[velocity_path_follower.py-9] [INFO] [1787286089.859440196] [velocity_path_follower]: waypoint 3911 / 5251 도달 (선 이탈 0.17 m)
[velocity_path_follower.py-9] [INFO] [1787286090.109242105] [velocity_path_follower]: 1700.0s  wp 3912/5251 이탈0.2m  위치 (  26.51,   -90.26,  10.92)
[velocity_path_follower.py-9] [INFO] [1787286090.209567761] [velocity_path_follower]: waypoint 3912 / 5251 도달 (선 이탈 0.16 m)
[velocity_path_follower.py-9] [INFO] [1787286090.559607450] [velocity_path_follower]: waypoint 3913 / 5251 도달 (선 이탈 0.15 m)
[velocity_path_follower.py-9] [INFO] [1787286090.909367173] [velocity_path_follower]: waypoint 3914 / 5251 도달 (선 이탈 0.13 m)
[velocity_path_follower.py-9] [INFO] [1787286091.259380111] [velocity_path_follower]: waypoint 3915 / 5251 도달 (선 이탈 0.11 m)
[velocity_path_follower.py-9] [INFO] [1787286091.609393840] [velocity_path_follower]: waypoint 3916 / 5251 도달 (선 이탈 0.10 m)
[velocity_path_follower.py-9] [INFO] [1787286091.959451696] [velocity_path_follower]: waypoint 3917 / 5251 도달 (선 이탈 0.08 m)
[velocity_path_follower.py-9] [INFO] [1787286092.309674181] [velocity_path_follower]: waypoint 3918 / 5251 도달 (선 이탈 0.06 m)
[velocity_path_follower.py-9] [INFO] [1787286092.659363445] [velocity_path_follower]: waypoint 3919 / 5251 도달 (선 이탈 0.04 m)
[velocity_path_follower.py-9] [INFO] [1787286093.009390258] [velocity_path_follower]: waypoint 3920 / 5251 도달 (선 이탈 0.02 m)
[velocity_path_follower.py-9] [INFO] [1787286093.359274569] [velocity_path_follower]: waypoint 3921 / 5251 도달 (선 이탈 0.00 m)
[velocity_path_follower.py-9] [INFO] [1787286093.709632807] [velocity_path_follower]: waypoint 3922 / 5251 도달 (선 이탈 0.01 m)
[velocity_path_follower.py-9] [INFO] [1787286094.009538210] [velocity_path_follower]: waypoint 3923 / 5251 도달 (선 이탈 0.03 m)
[velocity_path_follower.py-9] [INFO] [1787286094.409593683] [velocity_path_follower]: waypoint 3924 / 5251 도달 (선 이탈 0.05 m)
[velocity_path_follower.py-9] [INFO] [1787286094.709818177] [velocity_path_follower]: waypoint 3925 / 5251 도달 (선 이탈 0.06 m)
[velocity_path_follower.py-9] [INFO] [1787286095.109315179] [velocity_path_follower]: waypoint 3926 / 5251 도달 (선 이탈 0.07 m)
[velocity_path_follower.py-9] [INFO] [1787286095.159254919] [velocity_path_follower]: 1705.1s  wp 3927/5251 이탈0.1m  위치 (  19.26,   -90.03,  10.81)
[velocity_path_follower.py-9] [INFO] [1787286095.459388495] [velocity_path_follower]: waypoint 3927 / 5251 도달 (선 이탈 0.08 m)
[velocity_path_follower.py-9] [INFO] [1787286095.759774701] [velocity_path_follower]: waypoint 3928 / 5251 도달 (선 이탈 0.09 m)
[velocity_path_follower.py-9] [INFO] [1787286096.159421915] [velocity_path_follower]: waypoint 3929 / 5251 도달 (선 이탈 0.10 m)
[velocity_path_follower.py-9] [INFO] [1787286096.459359320] [velocity_path_follower]: waypoint 3930 / 5251 도달 (선 이탈 0.10 m)
[ros2-8] [INFO] [1787286096.648172244] [rosbag2_cpp]: Writing remaining messages from cache to the bag. It may take a while
[velocity_path_follower.py-9] [INFO] [1787286096.859365543] [velocity_path_follower]: waypoint 3931 / 5251 도달 (선 이탈 0.10 m)
[velocity_path_follower.py-9] [INFO] [1787286097.159858627] [velocity_path_follower]: waypoint 3932 / 5251 도달 (선 이탈 0.10 m)
[velocity_path_follower.py-9] [INFO] [1787286097.509314554] [velocity_path_follower]: waypoint 3933 / 5251 도달 (선 이탈 0.10 m)
[velocity_path_follower.py-9] [INFO] [1787286097.859648001] [velocity_path_follower]: waypoint 3934 / 5251 도달 (선 이탈 0.10 m)
[velocity_path_follower.py-9] [INFO] [1787286098.209887405] [velocity_path_follower]: waypoint 3935 / 5251 도달 (선 이탈 0.09 m)
[velocity_path_follower.py-9] [INFO] [1787286098.566929627] [velocity_path_follower]: waypoint 3936 / 5251 도달 (선 이탈 0.09 m)
[velocity_path_follower.py-9] [INFO] [1787286098.916809981] [velocity_path_follower]: waypoint 3937 / 5251 도달 (선 이탈 0.08 m)
[velocity_path_follower.py-9] [INFO] [1787286099.266903590] [velocity_path_follower]: waypoint 3938 / 5251 도달 (선 이탈 0.07 m)
[velocity_path_follower.py-9] [INFO] [1787286099.616889613] [velocity_path_follower]: waypoint 3939 / 5251 도달 (선 이탈 0.06 m)
[velocity_path_follower.py-9] [INFO] [1787286099.966985847] [velocity_path_follower]: waypoint 3940 / 5251 도달 (선 이탈 0.06 m)
[velocity_path_follower.py-9] [INFO] [1787286100.116779151] [velocity_path_follower]: 1710.0s  wp 3941/5251 이탈0.1m  위치 (  12.16,   -90.05,   6.61)
[velocity_path_follower.py-9] [INFO] [1787286100.316882744] [velocity_path_follower]: waypoint 3941 / 5251 도달 (선 이탈 0.05 m)
[velocity_path_follower.py-9] [INFO] [1787286103.321427007] [velocity_path_follower]: waypoint 3942 / 5251 도달 (선 이탈 0.03 m)
[velocity_path_follower.py-9] [INFO] [1787286103.371386123] [velocity_path_follower]: waypoint 3943 / 5251 도달 (선 이탈 0.03 m)
[velocity_path_follower.py-9] [INFO] [1787286103.421401323] [velocity_path_follower]: waypoint 3944 / 5251 도달 (선 이탈 0.03 m)
[velocity_path_follower.py-9] [INFO] [1787286103.471433482] [velocity_path_follower]: waypoint 3945 / 5251 도달 (선 이탈 0.03 m)
[velocity_path_follower.py-9] [INFO] [1787286103.521388598] [velocity_path_follower]: waypoint 3946 / 5251 도달 (선 이탈 0.03 m)
[velocity_path_follower.py-9] [INFO] [1787286103.573553346] [velocity_path_follower]: waypoint 3947 / 5251 도달 (선 이탈 0.03 m)
[velocity_path_follower.py-9] [INFO] [1787286103.622312227] [velocity_path_follower]: waypoint 3948 / 5251 도달 (선 이탈 0.03 m)
[velocity_path_follower.py-9] [INFO] [1787286103.924664354] [velocity_path_follower]: waypoint 3949 / 5251 도달 (선 이탈 0.04 m)
[velocity_path_follower.py-9] [INFO] [1787286104.524690047] [velocity_path_follower]: waypoint 3950 / 5251 도달 (선 이탈 0.05 m)
[velocity_path_follower.py-9] [INFO] [1787286105.126894746] [velocity_path_follower]: waypoint 3951 / 5251 도달 (선 이탈 0.05 m)
[velocity_path_follower.py-9] [INFO] [1787286105.176533730] [velocity_path_follower]: 1715.1s  wp 3952/5251 이탈0.1m  위치 (   6.83,   -90.15,   7.36)
[velocity_path_follower.py-9] [INFO] [1787286105.679693093] [velocity_path_follower]: waypoint 3952 / 5251 도달 (선 이탈 0.05 m)
[velocity_path_follower.py-9] [INFO] [1787286106.178740906] [velocity_path_follower]: waypoint 3953 / 5251 도달 (선 이탈 0.05 m)
[velocity_path_follower.py-9] [INFO] [1787286106.628921628] [velocity_path_follower]: waypoint 3954 / 5251 도달 (선 이탈 0.05 m)
[velocity_path_follower.py-9] [INFO] [1787286107.128795710] [velocity_path_follower]: waypoint 3955 / 5251 도달 (선 이탈 0.05 m)
[velocity_path_follower.py-9] [INFO] [1787286107.578743927] [velocity_path_follower]: waypoint 3956 / 5251 도달 (선 이탈 0.04 m)
[velocity_path_follower.py-9] [INFO] [1787286108.028646518] [velocity_path_follower]: waypoint 3957 / 5251 도달 (선 이탈 0.04 m)
[velocity_path_follower.py-9] [INFO] [1787286108.480839328] [velocity_path_follower]: waypoint 3958 / 5251 도달 (선 이탈 0.03 m)
[velocity_path_follower.py-9] [INFO] [1787286108.880841638] [velocity_path_follower]: waypoint 3959 / 5251 도달 (선 이탈 0.03 m)
[velocity_path_follower.py-9] [INFO] [1787286109.334216182] [velocity_path_follower]: waypoint 3960 / 5251 도달 (선 이탈 0.02 m)
[velocity_path_follower.py-9] [INFO] [1787286109.734083323] [velocity_path_follower]: waypoint 3961 / 5251 도달 (선 이탈 0.01 m)
[velocity_path_follower.py-9] [INFO] [1787286110.134005173] [velocity_path_follower]: waypoint 3962 / 5251 도달 (선 이탈 0.01 m)
[velocity_path_follower.py-9] [INFO] [1787286110.183823661] [velocity_path_follower]: 1720.1s  wp 3963/5251 이탈0.0m  위치 (   1.31,   -90.11,   8.07)
[velocity_path_follower.py-9] [INFO] [1787286110.534199655] [velocity_path_follower]: waypoint 3963 / 5251 도달 (선 이탈 0.00 m)
[velocity_path_follower.py-9] [INFO] [1787286110.934178091] [velocity_path_follower]: waypoint 3964 / 5251 도달 (선 이탈 0.00 m)
[velocity_path_follower.py-9] [INFO] [1787286111.334147984] [velocity_path_follower]: waypoint 3965 / 5251 도달 (선 이탈 0.01 m)
[velocity_path_follower.py-9] [INFO] [1787286111.734614223] [velocity_path_follower]: waypoint 3966 / 5251 도달 (선 이탈 0.01 m)
[velocity_path_follower.py-9] [INFO] [1787286112.134175607] [velocity_path_follower]: waypoint 3967 / 5251 도달 (선 이탈 0.02 m)
[velocity_path_follower.py-9] [INFO] [1787286112.483976672] [velocity_path_follower]: waypoint 3968 / 5251 도달 (선 이탈 0.02 m)
[velocity_path_follower.py-9] [INFO] [1787286112.883991068] [velocity_path_follower]: waypoint 3969 / 5251 도달 (선 이탈 0.02 m)
[velocity_path_follower.py-9] [INFO] [1787286113.284119632] [velocity_path_follower]: waypoint 3970 / 5251 도달 (선 이탈 0.02 m)
[velocity_path_follower.py-9] [INFO] [1787286113.634306123] [velocity_path_follower]: waypoint 3971 / 5251 도달 (선 이탈 0.03 m)
[velocity_path_follower.py-9] [INFO] [1787286113.983987477] [velocity_path_follower]: waypoint 3972 / 5251 도달 (선 이탈 0.03 m)
[velocity_path_follower.py-9] [INFO] [1787286114.384083792] [velocity_path_follower]: waypoint 3973 / 5251 도달 (선 이탈 0.03 m)
[velocity_path_follower.py-9] [INFO] [1787286114.734231282] [velocity_path_follower]: waypoint 3974 / 5251 도달 (선 이탈 0.03 m)
[velocity_path_follower.py-9] [INFO] [1787286115.134286429] [velocity_path_follower]: waypoint 3975 / 5251 도달 (선 이탈 0.02 m)
[velocity_path_follower.py-9] [INFO] [1787286115.184008373] [velocity_path_follower]: 1725.1s  wp 3976/5251 이탈0.0m  위치 (  -5.23,   -90.08,   8.64)
[velocity_path_follower.py-9] [INFO] [1787286115.484008493] [velocity_path_follower]: waypoint 3976 / 5251 도달 (선 이탈 0.02 m)
[velocity_path_follower.py-9] [INFO] [1787286115.834199234] [velocity_path_follower]: waypoint 3977 / 5251 도달 (선 이탈 0.02 m)
[velocity_path_follower.py-9] [INFO] [1787286116.183991592] [velocity_path_follower]: waypoint 3978 / 5251 도달 (선 이탈 0.02 m)
[velocity_path_follower.py-9] [INFO] [1787286116.584131033] [velocity_path_follower]: waypoint 3979 / 5251 도달 (선 이탈 0.02 m)
[velocity_path_follower.py-9] [INFO] [1787286116.934169105] [velocity_path_follower]: waypoint 3980 / 5251 도달 (선 이탈 0.01 m)
[velocity_path_follower.py-9] [INFO] [1787286117.284008089] [velocity_path_follower]: waypoint 3981 / 5251 도달 (선 이탈 0.01 m)
[velocity_path_follower.py-9] [INFO] [1787286117.634209914] [velocity_path_follower]: waypoint 3982 / 5251 도달 (선 이탈 0.01 m)
[velocity_path_follower.py-9] [INFO] [1787286117.984150025] [velocity_path_follower]: waypoint 3983 / 5251 도달 (선 이탈 0.01 m)
[velocity_path_follower.py-9] [INFO] [1787286118.384800520] [velocity_path_follower]: waypoint 3984 / 5251 도달 (선 이탈 0.00 m)
[velocity_path_follower.py-9] [INFO] [1787286118.734246246] [velocity_path_follower]: waypoint 3985 / 5251 도달 (선 이탈 0.00 m)
[velocity_path_follower.py-9] [INFO] [1787286119.120375125] [velocity_path_follower]: waypoint 3986 / 5251 도달 (선 이탈 0.00 m)
[velocity_path_follower.py-9] [INFO] [1787286119.494701323] [velocity_path_follower]: waypoint 3987 / 5251 도달 (선 이탈 0.00 m)
[velocity_path_follower.py-9] [INFO] [1787286119.844603351] [velocity_path_follower]: waypoint 3988 / 5251 도달 (선 이탈 0.01 m)
[velocity_path_follower.py-9] [INFO] [1787286120.196925308] [velocity_path_follower]: waypoint 3989 / 5251 도달 (선 이탈 0.01 m)
[velocity_path_follower.py-9] [INFO] [1787286120.246760130] [velocity_path_follower]: 1730.1s  wp 3990/5251 이탈0.0m  위치 ( -12.19,   -90.11,  10.91)
[velocity_path_follower.py-9] [INFO] [1787286120.547087842] [velocity_path_follower]: waypoint 3990 / 5251 도달 (선 이탈 0.01 m)
[velocity_path_follower.py-9] [INFO] [1787286120.946943737] [velocity_path_follower]: waypoint 3991 / 5251 도달 (선 이탈 0.01 m)
[velocity_path_follower.py-9] [INFO] [1787286121.246984234] [velocity_path_follower]: waypoint 3992 / 5251 도달 (선 이탈 0.01 m)
[velocity_path_follower.py-9] [INFO] [1787286121.646870379] [velocity_path_follower]: waypoint 3993 / 5251 도달 (선 이탈 0.01 m)
[velocity_path_follower.py-9] [INFO] [1787286121.946887210] [velocity_path_follower]: waypoint 3994 / 5251 도달 (선 이탈 0.01 m)
[velocity_path_follower.py-9] [INFO] [1787286122.346939609] [velocity_path_follower]: waypoint 3995 / 5251 도달 (선 이탈 0.01 m)
[velocity_path_follower.py-9] [INFO] [1787286122.696836096] [velocity_path_follower]: waypoint 3996 / 5251 도달 (선 이탈 0.02 m)
[velocity_path_follower.py-9] [INFO] [1787286123.046755875] [velocity_path_follower]: waypoint 3997 / 5251 도달 (선 이탈 0.02 m)
[velocity_path_follower.py-9] [INFO] [1787286123.396913493] [velocity_path_follower]: waypoint 3998 / 5251 도달 (선 이탈 0.01 m)
[velocity_path_follower.py-9] [INFO] [1787286123.746906441] [velocity_path_follower]: waypoint 3999 / 5251 도달 (선 이탈 0.01 m)
[velocity_path_follower.py-9] [INFO] [1787286124.096951765] [velocity_path_follower]: waypoint 4000 / 5251 도달 (선 이탈 0.01 m)
[velocity_path_follower.py-9] [INFO] [1787286124.447265762] [velocity_path_follower]: waypoint 4001 / 5251 도달 (선 이탈 0.01 m)
[velocity_path_follower.py-9] [INFO] [1787286124.796925744] [velocity_path_follower]: waypoint 4002 / 5251 도달 (선 이탈 0.01 m)
[velocity_path_follower.py-9] [INFO] [1787286125.097355709] [velocity_path_follower]: waypoint 4003 / 5251 도달 (선 이탈 0.01 m)
[velocity_path_follower.py-9] [INFO] [1787286125.196828891] [velocity_path_follower]: 1735.0s  wp 4004/5251 이탈0.0m  위치 ( -19.22,   -90.11,   8.23)
[velocity_path_follower.py-9] [INFO] [1787286125.496993642] [velocity_path_follower]: waypoint 4004 / 5251 도달 (선 이탈 0.01 m)
[velocity_path_follower.py-9] [INFO] [1787286125.846949465] [velocity_path_follower]: waypoint 4005 / 5251 도달 (선 이탈 0.01 m)
[velocity_path_follower.py-9] [INFO] [1787286126.196986081] [velocity_path_follower]: waypoint 4006 / 5251 도달 (선 이탈 0.01 m)
[velocity_path_follower.py-9] [INFO] [1787286126.546932195] [velocity_path_follower]: waypoint 4007 / 5251 도달 (선 이탈 0.01 m)
[velocity_path_follower.py-9] [INFO] [1787286126.901616290] [velocity_path_follower]: waypoint 4008 / 5251 도달 (선 이탈 0.00 m)
[velocity_path_follower.py-9] [INFO] [1787286130.203127347] [velocity_path_follower]: 1740.0s  climb       위치 ( -25.40,   -90.09,   6.32)
[velocity_path_follower.py-9] [INFO] [1787286130.453128311] [velocity_path_follower]: waypoint 4009 / 5251 도달 (선 이탈 0.01 m)
[velocity_path_follower.py-9] [INFO] [1787286130.503097136] [velocity_path_follower]: waypoint 4010 / 5251 도달 (선 이탈 0.01 m)
[velocity_path_follower.py-9] [INFO] [1787286130.553152922] [velocity_path_follower]: waypoint 4011 / 5251 도달 (선 이탈 0.01 m)
[velocity_path_follower.py-9] [INFO] [1787286130.603267042] [velocity_path_follower]: waypoint 4012 / 5251 도달 (선 이탈 0.01 m)
[velocity_path_follower.py-9] [INFO] [1787286130.653211492] [velocity_path_follower]: waypoint 4013 / 5251 도달 (선 이탈 0.01 m)
[velocity_path_follower.py-9] [INFO] [1787286130.703109316] [velocity_path_follower]: waypoint 4014 / 5251 도달 (선 이탈 0.01 m)
[velocity_path_follower.py-9] [INFO] [1787286130.753335981] [velocity_path_follower]: waypoint 4015 / 5251 도달 (선 이탈 0.01 m)
[velocity_path_follower.py-9] [INFO] [1787286130.803257180] [velocity_path_follower]: waypoint 4016 / 5251 도달 (선 이탈 0.01 m)
[velocity_path_follower.py-9] [INFO] [1787286131.265100714] [velocity_path_follower]: waypoint 4017 / 5251 도달 (선 이탈 0.01 m)
[velocity_path_follower.py-9] [INFO] [1787286131.964983570] [velocity_path_follower]: waypoint 4018 / 5251 도달 (선 이탈 0.01 m)
[velocity_path_follower.py-9] [INFO] [1787286132.565068779] [velocity_path_follower]: waypoint 4019 / 5251 도달 (선 이탈 0.01 m)
[velocity_path_follower.py-9] [INFO] [1787286133.115035534] [velocity_path_follower]: waypoint 4020 / 5251 도달 (선 이탈 0.01 m)
[velocity_path_follower.py-9] [INFO] [1787286133.615229426] [velocity_path_follower]: waypoint 4021 / 5251 도달 (선 이탈 0.01 m)
[velocity_path_follower.py-9] [INFO] [1787286134.115539113] [velocity_path_follower]: waypoint 4022 / 5251 도달 (선 이탈 0.01 m)
[velocity_path_follower.py-9] [INFO] [1787286134.615103909] [velocity_path_follower]: waypoint 4023 / 5251 도달 (선 이탈 0.01 m)
[velocity_path_follower.py-9] [INFO] [1787286135.064983843] [velocity_path_follower]: waypoint 4024 / 5251 도달 (선 이탈 0.00 m)
[velocity_path_follower.py-9] [INFO] [1787286135.315150104] [velocity_path_follower]: 1745.0s  wp 4025/5251 이탈0.0m  위치 ( -29.90,   -90.10,  10.31)
[velocity_path_follower.py-9] [INFO] [1787286135.515039824] [velocity_path_follower]: waypoint 4025 / 5251 도달 (선 이탈 0.00 m)
[velocity_path_follower.py-9] [INFO] [1787286135.965018302] [velocity_path_follower]: waypoint 4026 / 5251 도달 (선 이탈 0.00 m)
[velocity_path_follower.py-9] [INFO] [1787286136.415066741] [velocity_path_follower]: waypoint 4027 / 5251 도달 (선 이탈 0.00 m)
[velocity_path_follower.py-9] [INFO] [1787286136.815034435] [velocity_path_follower]: waypoint 4028 / 5251 도달 (선 이탈 0.00 m)
[velocity_path_follower.py-9] [INFO] [1787286137.265424132] [velocity_path_follower]: waypoint 4029 / 5251 도달 (선 이탈 0.00 m)
[velocity_path_follower.py-9] [INFO] [1787286137.665038610] [velocity_path_follower]: waypoint 4030 / 5251 도달 (선 이탈 0.00 m)
[velocity_path_follower.py-9] [INFO] [1787286138.065024347] [velocity_path_follower]: waypoint 4031 / 5251 도달 (선 이탈 0.00 m)
[velocity_path_follower.py-9] [INFO] [1787286138.465008583] [velocity_path_follower]: waypoint 4032 / 5251 도달 (선 이탈 0.00 m)
[velocity_path_follower.py-9] [INFO] [1787286138.865127823] [velocity_path_follower]: waypoint 4033 / 5251 도달 (선 이탈 0.00 m)
[velocity_path_follower.py-9] [INFO] [1787286139.264913014] [velocity_path_follower]: waypoint 4034 / 5251 도달 (선 이탈 0.00 m)
[velocity_path_follower.py-9] [INFO] [1787286139.665099047] [velocity_path_follower]: waypoint 4035 / 5251 도달 (선 이탈 0.01 m)
[velocity_path_follower.py-9] [INFO] [1787286140.064941656] [velocity_path_follower]: waypoint 4036 / 5251 도달 (선 이탈 0.01 m)
[velocity_path_follower.py-9] [INFO] [1787286140.314897830] [velocity_path_follower]: 1750.0s  wp 4037/5251 이탈0.0m  위치 ( -35.98,   -90.11,   9.93)
[velocity_path_follower.py-9] [INFO] [1787286140.415015527] [velocity_path_follower]: waypoint 4037 / 5251 도달 (선 이탈 0.01 m)
[velocity_path_follower.py-9] [INFO] [1787286140.815001056] [velocity_path_follower]: waypoint 4038 / 5251 도달 (선 이탈 0.01 m)
[velocity_path_follower.py-9] [INFO] [1787286141.165674358] [velocity_path_follower]: waypoint 4039 / 5251 도달 (선 이탈 0.01 m)
[velocity_path_follower.py-9] [INFO] [1787286145.315804727] [velocity_path_follower]: 1755.0s  climb       위치 ( -41.25,   -88.56,   5.30)
[velocity_path_follower.py-9] [INFO] [1787286148.415302105] [velocity_path_follower]: waypoint 4040 / 5251 도달 (선 이탈 4.10 m)
[velocity_path_follower.py-9] [INFO] [1787286150.315135067] [velocity_path_follower]: 1760.0s  wp 4042/5251 이탈0.8m  위치 ( -42.66,   -86.91,   7.87)
[velocity_path_follower.py-9] [INFO] [1787286154.215153516] [velocity_path_follower]: waypoint 4042 / 5251 도달 (선 이탈 0.67 m)
[velocity_path_follower.py-9] [INFO] [1787286154.714972370] [velocity_path_follower]: waypoint 4043 / 5251 도달 (선 이탈 0.76 m)
[velocity_path_follower.py-9] [INFO] [1787286155.165030095] [velocity_path_follower]: waypoint 4044 / 5251 도달 (선 이탈 0.81 m)
[velocity_path_follower.py-9] [INFO] [1787286155.314930768] [velocity_path_follower]: 1765.0s  wp 4045/5251 이탈0.8m  위치 ( -38.42,   -85.27,   7.43)
[velocity_path_follower.py-9] [INFO] [1787286155.614973269] [velocity_path_follower]: waypoint 4045 / 5251 도달 (선 이탈 0.84 m)
[velocity_path_follower.py-9] [INFO] [1787286156.065019705] [velocity_path_follower]: waypoint 4046 / 5251 도달 (선 이탈 0.85 m)
[velocity_path_follower.py-9] [INFO] [1787286156.515285386] [velocity_path_follower]: waypoint 4047 / 5251 도달 (선 이탈 0.83 m)
[velocity_path_follower.py-9] [INFO] [1787286156.965246687] [velocity_path_follower]: waypoint 4048 / 5251 도달 (선 이탈 0.79 m)
[velocity_path_follower.py-9] [INFO] [1787286157.415105698] [velocity_path_follower]: waypoint 4049 / 5251 도달 (선 이탈 0.73 m)
[velocity_path_follower.py-9] [INFO] [1787286157.817112810] [velocity_path_follower]: waypoint 4050 / 5251 도달 (선 이탈 0.68 m)
[velocity_path_follower.py-9] [INFO] [1787286159.217275782] [velocity_path_follower]: waypoint 4051 / 5251 도달 (선 이탈 0.41 m)
[velocity_path_follower.py-9] [INFO] [1787286159.267189320] [velocity_path_follower]: waypoint 4052 / 5251 도달 (선 이탈 0.40 m)
[velocity_path_follower.py-9] [INFO] [1787286159.317155914] [velocity_path_follower]: waypoint 4053 / 5251 도달 (선 이탈 0.39 m)
[velocity_path_follower.py-9] [INFO] [1787286159.667294808] [velocity_path_follower]: waypoint 4054 / 5251 도달 (선 이탈 0.33 m)
[velocity_path_follower.py-9] [INFO] [1787286160.167137692] [velocity_path_follower]: waypoint 4055 / 5251 도달 (선 이탈 0.25 m)
[velocity_path_follower.py-9] [INFO] [1787286160.316969944] [velocity_path_follower]: 1770.0s  wp 4056/5251 이탈0.2m  위치 ( -32.92,   -85.88,   6.80)
[velocity_path_follower.py-9] [INFO] [1787286160.667220797] [velocity_path_follower]: waypoint 4056 / 5251 도달 (선 이탈 0.16 m)
[velocity_path_follower.py-9] [INFO] [1787286161.165198815] [velocity_path_follower]: waypoint 4057 / 5251 도달 (선 이탈 0.08 m)
[velocity_path_follower.py-9] [INFO] [1787286161.676368592] [velocity_path_follower]: waypoint 4058 / 5251 도달 (선 이탈 0.01 m)
[velocity_path_follower.py-9] [INFO] [1787286162.126754156] [velocity_path_follower]: waypoint 4059 / 5251 도달 (선 이탈 0.07 m)
[velocity_path_follower.py-9] [INFO] [1787286162.718013931] [velocity_path_follower]: waypoint 4060 / 5251 도달 (선 이탈 0.13 m)
[velocity_path_follower.py-9] [INFO] [1787286163.129904481] [velocity_path_follower]: waypoint 4061 / 5251 도달 (선 이탈 0.18 m)
[velocity_path_follower.py-9] [INFO] [1787286163.579650076] [velocity_path_follower]: waypoint 4062 / 5251 도달 (선 이탈 0.22 m)
[velocity_path_follower.py-9] [INFO] [1787286163.979728135] [velocity_path_follower]: waypoint 4063 / 5251 도달 (선 이탈 0.26 m)
[velocity_path_follower.py-9] [INFO] [1787286164.379739750] [velocity_path_follower]: waypoint 4064 / 5251 도달 (선 이탈 0.28 m)
[velocity_path_follower.py-9] [INFO] [1787286164.780004542] [velocity_path_follower]: waypoint 4065 / 5251 도달 (선 이탈 0.30 m)
[velocity_path_follower.py-9] [INFO] [1787286165.179631867] [velocity_path_follower]: waypoint 4066 / 5251 도달 (선 이탈 0.31 m)
[velocity_path_follower.py-9] [INFO] [1787286165.580214596] [velocity_path_follower]: waypoint 4067 / 5251 도달 (선 이탈 0.32 m)
[velocity_path_follower.py-9] [INFO] [1787286165.629533860] [velocity_path_follower]: 1775.1s  wp 4068/5251 이탈0.3m  위치 ( -27.00,   -86.42,  10.62)
[velocity_path_follower.py-9] [INFO] [1787286165.979709435] [velocity_path_follower]: waypoint 4068 / 5251 도달 (선 이탈 0.31 m)
[velocity_path_follower.py-9] [INFO] [1787286166.345943652] [velocity_path_follower]: waypoint 4069 / 5251 도달 (선 이탈 0.30 m)
[velocity_path_follower.py-9] [INFO] [1787286166.822339409] [velocity_path_follower]: waypoint 4070 / 5251 도달 (선 이탈 0.29 m)
[velocity_path_follower.py-9] [INFO] [1787286167.249400679] [velocity_path_follower]: waypoint 4071 / 5251 도달 (선 이탈 0.27 m)
[velocity_path_follower.py-9] [INFO] [1787286167.673024157] [velocity_path_follower]: waypoint 4072 / 5251 도달 (선 이탈 0.24 m)
[velocity_path_follower.py-9] [INFO] [1787286168.052241544] [velocity_path_follower]: waypoint 4073 / 5251 도달 (선 이탈 0.22 m)
[velocity_path_follower.py-9] [INFO] [1787286168.515608681] [velocity_path_follower]: waypoint 4074 / 5251 도달 (선 이탈 0.18 m)
[velocity_path_follower.py-9] [INFO] [1787286168.864770366] [velocity_path_follower]: waypoint 4075 / 5251 도달 (선 이탈 0.15 m)
[velocity_path_follower.py-9] [INFO] [1787286169.264764830] [velocity_path_follower]: waypoint 4076 / 5251 도달 (선 이탈 0.12 m)
[velocity_path_follower.py-9] [INFO] [1787286169.614409048] [velocity_path_follower]: waypoint 4077 / 5251 도달 (선 이탈 0.09 m)
[velocity_path_follower.py-9] [INFO] [1787286169.966648240] [velocity_path_follower]: waypoint 4078 / 5251 도달 (선 이탈 0.06 m)
[velocity_path_follower.py-9] [INFO] [1787286170.366708821] [velocity_path_follower]: waypoint 4079 / 5251 도달 (선 이탈 0.02 m)
[velocity_path_follower.py-9] [INFO] [1787286170.718770569] [velocity_path_follower]: waypoint 4080 / 5251 도달 (선 이탈 0.01 m)
[velocity_path_follower.py-9] [INFO] [1787286170.818528052] [velocity_path_follower]: 1780.0s  wp 4081/5251 이탈0.0m  위치 ( -20.44,   -86.08,  10.05)
[velocity_path_follower.py-9] [INFO] [1787286171.068697915] [velocity_path_follower]: waypoint 4081 / 5251 도달 (선 이탈 0.04 m)
[velocity_path_follower.py-9] [INFO] [1787286171.468841677] [velocity_path_follower]: waypoint 4082 / 5251 도달 (선 이탈 0.07 m)
[velocity_path_follower.py-9] [INFO] [1787286171.818822080] [velocity_path_follower]: waypoint 4083 / 5251 도달 (선 이탈 0.09 m)
[velocity_path_follower.py-9] [INFO] [1787286172.168906073] [velocity_path_follower]: waypoint 4084 / 5251 도달 (선 이탈 0.11 m)
[velocity_path_follower.py-9] [INFO] [1787286172.518739837] [velocity_path_follower]: waypoint 4085 / 5251 도달 (선 이탈 0.13 m)
[velocity_path_follower.py-9] [INFO] [1787286172.871712218] [velocity_path_follower]: waypoint 4086 / 5251 도달 (선 이탈 0.14 m)
[velocity_path_follower.py-9] [INFO] [1787286173.271419397] [velocity_path_follower]: waypoint 4087 / 5251 도달 (선 이탈 0.15 m)
[velocity_path_follower.py-9] [INFO] [1787286173.621923082] [velocity_path_follower]: waypoint 4088 / 5251 도달 (선 이탈 0.16 m)
[velocity_path_follower.py-9] [INFO] [1787286173.971362765] [velocity_path_follower]: waypoint 4089 / 5251 도달 (선 이탈 0.17 m)
[velocity_path_follower.py-9] [INFO] [1787286175.824052973] [velocity_path_follower]: 1785.0s  climb       위치 ( -13.66,   -85.94,   5.82)
[velocity_path_follower.py-9] [INFO] [1787286178.131935518] [velocity_path_follower]: waypoint 4090 / 5251 도달 (선 이탈 0.15 m)
[velocity_path_follower.py-9] [INFO] [1787286178.181192452] [velocity_path_follower]: waypoint 4091 / 5251 도달 (선 이탈 0.15 m)
[velocity_path_follower.py-9] [INFO] [1787286178.231272276] [velocity_path_follower]: waypoint 4092 / 5251 도달 (선 이탈 0.15 m)
[velocity_path_follower.py-9] [INFO] [1787286178.281344515] [velocity_path_follower]: waypoint 4093 / 5251 도달 (선 이탈 0.15 m)
[velocity_path_follower.py-9] [INFO] [1787286178.331298639] [velocity_path_follower]: waypoint 4094 / 5251 도달 (선 이탈 0.15 m)
[velocity_path_follower.py-9] [INFO] [1787286178.381275810] [velocity_path_follower]: waypoint 4095 / 5251 도달 (선 이탈 0.15 m)
[velocity_path_follower.py-9] [INFO] [1787286178.431404731] [velocity_path_follower]: waypoint 4096 / 5251 도달 (선 이탈 0.15 m)
[velocity_path_follower.py-9] [INFO] [1787286178.482008031] [velocity_path_follower]: waypoint 4097 / 5251 도달 (선 이탈 0.15 m)
[velocity_path_follower.py-9] [INFO] [1787286178.862797578] [velocity_path_follower]: waypoint 4098 / 5251 도달 (선 이탈 0.15 m)
[velocity_path_follower.py-9] [INFO] [1787286179.031313146] [velocity_path_follower]: waypoint 4099 / 5251 도달 (선 이탈 0.15 m)
[velocity_path_follower.py-9] [INFO] [1787286179.831346022] [velocity_path_follower]: waypoint 4100 / 5251 도달 (선 이탈 0.14 m)
[velocity_path_follower.py-9] [INFO] [1787286180.485696040] [velocity_path_follower]: waypoint 4101 / 5251 도달 (선 이탈 0.13 m)
[velocity_path_follower.py-9] [INFO] [1787286180.835970844] [velocity_path_follower]: 1790.0s  wp 4102/5251 이탈0.1m  위치 (  -9.80,   -85.98,   8.72)
[velocity_path_follower.py-9] [INFO] [1787286181.091522601] [velocity_path_follower]: waypoint 4102 / 5251 도달 (선 이탈 0.11 m)
[velocity_path_follower.py-9] [INFO] [1787286181.641721831] [velocity_path_follower]: waypoint 4103 / 5251 도달 (선 이탈 0.09 m)
[velocity_path_follower.py-9] [INFO] [1787286182.191412764] [velocity_path_follower]: waypoint 4104 / 5251 도달 (선 이탈 0.06 m)
[velocity_path_follower.py-9] [INFO] [1787286182.691437934] [velocity_path_follower]: waypoint 4105 / 5251 도달 (선 이탈 0.04 m)
[velocity_path_follower.py-9] [INFO] [1787286183.191413347] [velocity_path_follower]: waypoint 4106 / 5251 도달 (선 이탈 0.02 m)
[velocity_path_follower.py-9] [INFO] [1787286183.691398919] [velocity_path_follower]: waypoint 4107 / 5251 도달 (선 이탈 0.00 m)
[velocity_path_follower.py-9] [INFO] [1787286184.141527362] [velocity_path_follower]: waypoint 4108 / 5251 도달 (선 이탈 0.02 m)
[velocity_path_follower.py-9] [INFO] [1787286184.591654714] [velocity_path_follower]: waypoint 4109 / 5251 도달 (선 이탈 0.03 m)
[velocity_path_follower.py-9] [INFO] [1787286184.991458096] [velocity_path_follower]: waypoint 4110 / 5251 도달 (선 이탈 0.04 m)
[velocity_path_follower.py-9] [INFO] [1787286185.441540693] [velocity_path_follower]: waypoint 4111 / 5251 도달 (선 이탈 0.06 m)
[velocity_path_follower.py-9] [INFO] [1787286185.841604520] [velocity_path_follower]: waypoint 4112 / 5251 도달 (선 이탈 0.07 m)
[velocity_path_follower.py-9] [INFO] [1787286185.891614113] [velocity_path_follower]: 1795.1s  wp 4113/5251 이탈0.1m  위치 (  -4.52,   -86.17,  11.65)
[velocity_path_follower.py-9] [INFO] [1787286186.293646303] [velocity_path_follower]: waypoint 4113 / 5251 도달 (선 이탈 0.07 m)
[velocity_path_follower.py-9] [INFO] [1787286186.643584632] [velocity_path_follower]: waypoint 4114 / 5251 도달 (선 이탈 0.08 m)
[velocity_path_follower.py-9] [INFO] [1787286187.044043569] [velocity_path_follower]: waypoint 4115 / 5251 도달 (선 이탈 0.08 m)
[velocity_path_follower.py-9] [INFO] [1787286187.443802528] [velocity_path_follower]: waypoint 4116 / 5251 도달 (선 이탈 0.08 m)
[velocity_path_follower.py-9] [INFO] [1787286187.894054749] [velocity_path_follower]: waypoint 4117 / 5251 도달 (선 이탈 0.08 m)
[velocity_path_follower.py-9] [INFO] [1787286188.243443068] [velocity_path_follower]: waypoint 4118 / 5251 도달 (선 이탈 0.08 m)
[velocity_path_follower.py-9] [INFO] [1787286188.643868497] [velocity_path_follower]: waypoint 4119 / 5251 도달 (선 이탈 0.07 m)
[velocity_path_follower.py-9] [INFO] [1787286189.043536610] [velocity_path_follower]: waypoint 4120 / 5251 도달 (선 이탈 0.07 m)
[velocity_path_follower.py-9] [INFO] [1787286189.393634991] [velocity_path_follower]: waypoint 4121 / 5251 도달 (선 이탈 0.06 m)
[velocity_path_follower.py-9] [INFO] [1787286189.793596053] [velocity_path_follower]: waypoint 4122 / 5251 도달 (선 이탈 0.05 m)
[velocity_path_follower.py-9] [INFO] [1787286190.143652890] [velocity_path_follower]: waypoint 4123 / 5251 도달 (선 이탈 0.05 m)
[velocity_path_follower.py-9] [INFO] [1787286190.543566738] [velocity_path_follower]: waypoint 4124 / 5251 도달 (선 이탈 0.04 m)
[velocity_path_follower.py-9] [INFO] [1787286190.843312481] [velocity_path_follower]: 1800.0s  wp 4125/5251 이탈0.0m  위치 (   1.83,   -86.13,   8.49)
[velocity_path_follower.py-9] [INFO] [1787286190.893424395] [velocity_path_follower]: waypoint 4125 / 5251 도달 (선 이탈 0.03 m)
[velocity_path_follower.py-9] [INFO] [1787286191.293677802] [velocity_path_follower]: waypoint 4126 / 5251 도달 (선 이탈 0.02 m)
[velocity_path_follower.py-9] [INFO] [1787286191.643653163] [velocity_path_follower]: waypoint 4127 / 5251 도달 (선 이탈 0.01 m)
[velocity_path_follower.py-9] [INFO] [1787286192.044065988] [velocity_path_follower]: waypoint 4128 / 5251 도달 (선 이탈 0.00 m)
[velocity_path_follower.py-9] [INFO] [1787286192.393683389] [velocity_path_follower]: waypoint 4129 / 5251 도달 (선 이탈 0.00 m)
[velocity_path_follower.py-9] [INFO] [1787286192.743569652] [velocity_path_follower]: waypoint 4130 / 5251 도달 (선 이탈 0.01 m)
[velocity_path_follower.py-9] [INFO] [1787286195.923418293] [velocity_path_follower]: 1805.0s  climb       위치 (   7.88,   -86.05,   6.00)
[velocity_path_follower.py-9] [INFO] [1787286197.022698382] [velocity_path_follower]: waypoint 4131 / 5251 도달 (선 이탈 0.06 m)
[velocity_path_follower.py-9] [INFO] [1787286197.072735203] [velocity_path_follower]: waypoint 4132 / 5251 도달 (선 이탈 0.06 m)
[velocity_path_follower.py-9] [INFO] [1787286197.122586644] [velocity_path_follower]: waypoint 4133 / 5251 도달 (선 이탈 0.06 m)
[velocity_path_follower.py-9] [INFO] [1787286197.172446670] [velocity_path_follower]: waypoint 4134 / 5251 도달 (선 이탈 0.06 m)
[velocity_path_follower.py-9] [INFO] [1787286197.222369628] [velocity_path_follower]: waypoint 4135 / 5251 도달 (선 이탈 0.06 m)
[velocity_path_follower.py-9] [INFO] [1787286197.272414701] [velocity_path_follower]: waypoint 4136 / 5251 도달 (선 이탈 0.06 m)
[velocity_path_follower.py-9] [INFO] [1787286197.322647656] [velocity_path_follower]: waypoint 4137 / 5251 도달 (선 이탈 0.07 m)
[velocity_path_follower.py-9] [INFO] [1787286197.372216607] [velocity_path_follower]: waypoint 4138 / 5251 도달 (선 이탈 0.07 m)
[velocity_path_follower.py-9] [INFO] [1787286197.522359078] [velocity_path_follower]: waypoint 4139 / 5251 도달 (선 이탈 0.07 m)
[velocity_path_follower.py-9] [INFO] [1787286198.274658039] [velocity_path_follower]: waypoint 4140 / 5251 도달 (선 이탈 0.07 m)
[velocity_path_follower.py-9] [INFO] [1787286198.929532483] [velocity_path_follower]: waypoint 4141 / 5251 도달 (선 이탈 0.07 m)
[velocity_path_follower.py-9] [INFO] [1787286199.529856828] [velocity_path_follower]: waypoint 4142 / 5251 도달 (선 이탈 0.06 m)
[velocity_path_follower.py-9] [INFO] [1787286200.131389780] [velocity_path_follower]: waypoint 4143 / 5251 도달 (선 이탈 0.06 m)
[velocity_path_follower.py-9] [INFO] [1787286200.631623397] [velocity_path_follower]: waypoint 4144 / 5251 도달 (선 이탈 0.05 m)
[velocity_path_follower.py-9] [INFO] [1787286201.083614659] [velocity_path_follower]: 1810.0s  wp 4145/5251 이탈0.0m  위치 (  11.87,   -86.06,   9.36)
[velocity_path_follower.py-9] [INFO] [1787286201.133391798] [velocity_path_follower]: waypoint 4145 / 5251 도달 (선 이탈 0.04 m)
[velocity_path_follower.py-9] [INFO] [1787286201.633507368] [velocity_path_follower]: waypoint 4146 / 5251 도달 (선 이탈 0.03 m)
[velocity_path_follower.py-9] [INFO] [1787286202.089151193] [velocity_path_follower]: waypoint 4147 / 5251 도달 (선 이탈 0.02 m)
[velocity_path_follower.py-9] [INFO] [1787286202.538974101] [velocity_path_follower]: waypoint 4148 / 5251 도달 (선 이탈 0.01 m)
[velocity_path_follower.py-9] [INFO] [1787286202.988968386] [velocity_path_follower]: waypoint 4149 / 5251 도달 (선 이탈 0.00 m)
[velocity_path_follower.py-9] [INFO] [1787286203.438928654] [velocity_path_follower]: waypoint 4150 / 5251 도달 (선 이탈 0.01 m)
[velocity_path_follower.py-9] [INFO] [1787286203.838971317] [velocity_path_follower]: waypoint 4151 / 5251 도달 (선 이탈 0.01 m)
[velocity_path_follower.py-9] [INFO] [1787286204.288983866] [velocity_path_follower]: waypoint 4152 / 5251 도달 (선 이탈 0.02 m)
[velocity_path_follower.py-9] [INFO] [1787286204.688997129] [velocity_path_follower]: waypoint 4153 / 5251 도달 (선 이탈 0.02 m)
[velocity_path_follower.py-9] [INFO] [1787286205.158081083] [velocity_path_follower]: waypoint 4154 / 5251 도달 (선 이탈 0.03 m)
[velocity_path_follower.py-9] [INFO] [1787286205.558094953] [velocity_path_follower]: waypoint 4155 / 5251 도달 (선 이탈 0.03 m)
[velocity_path_follower.py-9] [INFO] [1787286205.995006267] [velocity_path_follower]: waypoint 4156 / 5251 도달 (선 이탈 0.03 m)
[velocity_path_follower.py-9] [INFO] [1787286206.194717918] [velocity_path_follower]: 1815.0s  wp 4157/5251 이탈0.0m  위치 (  17.68,   -86.14,  12.45)
[velocity_path_follower.py-9] [INFO] [1787286206.394628488] [velocity_path_follower]: waypoint 4157 / 5251 도달 (선 이탈 0.04 m)
[velocity_path_follower.py-9] [INFO] [1787286206.794678644] [velocity_path_follower]: waypoint 4158 / 5251 도달 (선 이탈 0.04 m)
[velocity_path_follower.py-9] [INFO] [1787286207.144690512] [velocity_path_follower]: waypoint 4159 / 5251 도달 (선 이탈 0.04 m)
[velocity_path_follower.py-9] [INFO] [1787286207.544669427] [velocity_path_follower]: waypoint 4160 / 5251 도달 (선 이탈 0.04 m)
[velocity_path_follower.py-9] [INFO] [1787286207.944654344] [velocity_path_follower]: waypoint 4161 / 5251 도달 (선 이탈 0.03 m)
[velocity_path_follower.py-9] [INFO] [1787286208.294815326] [velocity_path_follower]: waypoint 4162 / 5251 도달 (선 이탈 0.03 m)
[velocity_path_follower.py-9] [INFO] [1787286208.694908132] [velocity_path_follower]: waypoint 4163 / 5251 도달 (선 이탈 0.03 m)
[velocity_path_follower.py-9] [INFO] [1787286209.044908289] [velocity_path_follower]: waypoint 4164 / 5251 도달 (선 이탈 0.03 m)
[velocity_path_follower.py-9] [INFO] [1787286209.394882083] [velocity_path_follower]: waypoint 4165 / 5251 도달 (선 이탈 0.02 m)
[velocity_path_follower.py-9] [INFO] [1787286209.820346079] [velocity_path_follower]: waypoint 4166 / 5251 도달 (선 이탈 0.02 m)
[velocity_path_follower.py-9] [INFO] [1787286210.170200507] [velocity_path_follower]: waypoint 4167 / 5251 도달 (선 이탈 0.02 m)
[velocity_path_follower.py-9] [INFO] [1787286210.569891358] [velocity_path_follower]: waypoint 4168 / 5251 도달 (선 이탈 0.01 m)
[velocity_path_follower.py-9] [INFO] [1787286210.920019591] [velocity_path_follower]: waypoint 4169 / 5251 도달 (선 이탈 0.01 m)
[velocity_path_follower.py-9] [INFO] [1787286211.219997689] [velocity_path_follower]: 1820.0s  wp 4170/5251 이탈0.0m  위치 (  24.37,   -86.10,  11.50)
[velocity_path_follower.py-9] [INFO] [1787286211.269890767] [velocity_path_follower]: waypoint 4170 / 5251 도달 (선 이탈 0.00 m)
[velocity_path_follower.py-9] [INFO] [1787286211.669931403] [velocity_path_follower]: waypoint 4171 / 5251 도달 (선 이탈 0.00 m)
[velocity_path_follower.py-9] [INFO] [1787286212.027224189] [velocity_path_follower]: waypoint 4172 / 5251 도달 (선 이탈 0.00 m)
[velocity_path_follower.py-9] [INFO] [1787286212.372674505] [velocity_path_follower]: waypoint 4173 / 5251 도달 (선 이탈 0.01 m)
[velocity_path_follower.py-9] [INFO] [1787286212.741118762] [velocity_path_follower]: waypoint 4174 / 5251 도달 (선 이탈 0.01 m)
[velocity_path_follower.py-9] [INFO] [1787286213.090884064] [velocity_path_follower]: waypoint 4175 / 5251 도달 (선 이탈 0.01 m)
[velocity_path_follower.py-9] [INFO] [1787286213.490883174] [velocity_path_follower]: waypoint 4176 / 5251 도달 (선 이탈 0.01 m)
[velocity_path_follower.py-9] [INFO] [1787286213.790770907] [velocity_path_follower]: waypoint 4177 / 5251 도달 (선 이탈 0.02 m)
[velocity_path_follower.py-9] [INFO] [1787286214.190721656] [velocity_path_follower]: waypoint 4178 / 5251 도달 (선 이탈 0.02 m)
[velocity_path_follower.py-9] [INFO] [1787286214.540837880] [velocity_path_follower]: waypoint 4179 / 5251 도달 (선 이탈 0.02 m)
[velocity_path_follower.py-9] [INFO] [1787286214.890728633] [velocity_path_follower]: waypoint 4180 / 5251 도달 (선 이탈 0.02 m)
[velocity_path_follower.py-9] [INFO] [1787286215.240665010] [velocity_path_follower]: waypoint 4181 / 5251 도달 (선 이탈 0.02 m)
[velocity_path_follower.py-9] [INFO] [1787286215.590618893] [velocity_path_follower]: waypoint 4182 / 5251 도달 (선 이탈 0.02 m)
[velocity_path_follower.py-9] [INFO] [1787286215.940891104] [velocity_path_follower]: waypoint 4183 / 5251 도달 (선 이탈 0.02 m)
[velocity_path_follower.py-9] [INFO] [1787286216.240452635] [velocity_path_follower]: 1825.0s  wp 4184/5251 이탈0.0m  위치 (  31.34,   -86.08,  11.23)
[velocity_path_follower.py-9] [INFO] [1787286216.290922250] [velocity_path_follower]: waypoint 4184 / 5251 도달 (선 이탈 0.02 m)
[velocity_path_follower.py-9] [INFO] [1787286216.640729131] [velocity_path_follower]: waypoint 4185 / 5251 도달 (선 이탈 0.02 m)
[velocity_path_follower.py-9] [INFO] [1787286216.990841837] [velocity_path_follower]: waypoint 4186 / 5251 도달 (선 이탈 0.02 m)
[velocity_path_follower.py-9] [INFO] [1787286217.340712734] [velocity_path_follower]: waypoint 4187 / 5251 도달 (선 이탈 0.02 m)
[velocity_path_follower.py-9] [INFO] [1787286217.691316800] [velocity_path_follower]: waypoint 4188 / 5251 도달 (선 이탈 0.01 m)
[velocity_path_follower.py-9] [INFO] [1787286218.090927318] [velocity_path_follower]: waypoint 4189 / 5251 도달 (선 이탈 0.01 m)
[velocity_path_follower.py-9] [INFO] [1787286218.390565259] [velocity_path_follower]: waypoint 4190 / 5251 도달 (선 이탈 0.01 m)
[velocity_path_follower.py-9] [INFO] [1787286218.790791405] [velocity_path_follower]: waypoint 4191 / 5251 도달 (선 이탈 0.01 m)
[velocity_path_follower.py-9] [INFO] [1787286219.090831752] [velocity_path_follower]: waypoint 4192 / 5251 도달 (선 이탈 0.01 m)
[velocity_path_follower.py-9] [INFO] [1787286219.490831135] [velocity_path_follower]: waypoint 4193 / 5251 도달 (선 이탈 0.00 m)
[velocity_path_follower.py-9] [INFO] [1787286219.790745507] [velocity_path_follower]: waypoint 4194 / 5251 도달 (선 이탈 0.00 m)
[velocity_path_follower.py-9] [INFO] [1787286220.140902059] [velocity_path_follower]: waypoint 4195 / 5251 도달 (선 이탈 0.00 m)
[velocity_path_follower.py-9] [INFO] [1787286220.490798022] [velocity_path_follower]: waypoint 4196 / 5251 도달 (선 이탈 0.00 m)
[velocity_path_follower.py-9] [INFO] [1787286220.840863526] [velocity_path_follower]: waypoint 4197 / 5251 도달 (선 이탈 0.00 m)
[velocity_path_follower.py-9] [INFO] [1787286221.190736263] [velocity_path_follower]: waypoint 4198 / 5251 도달 (선 이탈 0.00 m)
[velocity_path_follower.py-9] [INFO] [1787286221.240747877] [velocity_path_follower]: 1830.0s  wp 4199/5251 이탈0.0m  위치 (  38.50,   -86.10,  11.82)
[velocity_path_follower.py-9] [INFO] [1787286221.540659979] [velocity_path_follower]: waypoint 4199 / 5251 도달 (선 이탈 0.01 m)
[velocity_path_follower.py-9] [INFO] [1787286221.891001461] [velocity_path_follower]: waypoint 4200 / 5251 도달 (선 이탈 0.01 m)
[velocity_path_follower.py-9] [INFO] [1787286222.240662985] [velocity_path_follower]: waypoint 4201 / 5251 도달 (선 이탈 0.01 m)
[velocity_path_follower.py-9] [INFO] [1787286222.590663508] [velocity_path_follower]: waypoint 4202 / 5251 도달 (선 이탈 0.01 m)
[velocity_path_follower.py-9] [INFO] [1787286222.940832864] [velocity_path_follower]: waypoint 4203 / 5251 도달 (선 이탈 0.01 m)
[velocity_path_follower.py-9] [INFO] [1787286223.290706024] [velocity_path_follower]: waypoint 4204 / 5251 도달 (선 이탈 0.01 m)
[velocity_path_follower.py-9] [INFO] [1787286223.640686959] [velocity_path_follower]: waypoint 4205 / 5251 도달 (선 이탈 0.01 m)
[velocity_path_follower.py-9] [INFO] [1787286223.991168511] [velocity_path_follower]: waypoint 4206 / 5251 도달 (선 이탈 0.01 m)
[velocity_path_follower.py-9] [INFO] [1787286224.340796911] [velocity_path_follower]: waypoint 4207 / 5251 도달 (선 이탈 0.01 m)
[velocity_path_follower.py-9] [INFO] [1787286224.690663401] [velocity_path_follower]: waypoint 4208 / 5251 도달 (선 이탈 0.01 m)
[velocity_path_follower.py-9] [INFO] [1787286225.040774671] [velocity_path_follower]: waypoint 4209 / 5251 도달 (선 이탈 0.01 m)
[velocity_path_follower.py-9] [INFO] [1787286225.391000871] [velocity_path_follower]: waypoint 4210 / 5251 도달 (선 이탈 0.01 m)
[velocity_path_follower.py-9] [INFO] [1787286225.740951882] [velocity_path_follower]: waypoint 4211 / 5251 도달 (선 이탈 0.01 m)
[velocity_path_follower.py-9] [INFO] [1787286226.090662357] [velocity_path_follower]: waypoint 4212 / 5251 도달 (선 이탈 0.01 m)
[velocity_path_follower.py-9] [INFO] [1787286226.240599972] [velocity_path_follower]: 1835.0s  wp 4213/5251 이탈0.0m  위치 (  45.65,   -86.11,   9.70)
[velocity_path_follower.py-9] [INFO] [1787286226.440777908] [velocity_path_follower]: waypoint 4213 / 5251 도달 (선 이탈 0.01 m)
[velocity_path_follower.py-9] [INFO] [1787286226.790762636] [velocity_path_follower]: waypoint 4214 / 5251 도달 (선 이탈 0.00 m)
[velocity_path_follower.py-9] [INFO] [1787286227.140867461] [velocity_path_follower]: waypoint 4215 / 5251 도달 (선 이탈 0.00 m)
[velocity_path_follower.py-9] [INFO] [1787286227.491389900] [velocity_path_follower]: waypoint 4216 / 5251 도달 (선 이탈 0.00 m)
[velocity_path_follower.py-9] [INFO] [1787286227.841399012] [velocity_path_follower]: waypoint 4217 / 5251 도달 (선 이탈 0.00 m)
[velocity_path_follower.py-9] [INFO] [1787286228.215772189] [velocity_path_follower]: waypoint 4218 / 5251 도달 (선 이탈 0.00 m)
[velocity_path_follower.py-9] [INFO] [1787286228.516285102] [velocity_path_follower]: waypoint 4219 / 5251 도달 (선 이탈 0.00 m)
[velocity_path_follower.py-9] [INFO] [1787286228.992654979] [velocity_path_follower]: waypoint 4220 / 5251 도달 (선 이탈 0.00 m)
[velocity_path_follower.py-9] [INFO] [1787286229.294142037] [velocity_path_follower]: waypoint 4221 / 5251 도달 (선 이탈 0.00 m)
[velocity_path_follower.py-9] [INFO] [1787286229.644451268] [velocity_path_follower]: waypoint 4222 / 5251 도달 (선 이탈 0.00 m)
[velocity_path_follower.py-9] [INFO] [1787286229.994575331] [velocity_path_follower]: waypoint 4223 / 5251 도달 (선 이탈 0.00 m)
[velocity_path_follower.py-9] [INFO] [1787286230.347899851] [velocity_path_follower]: waypoint 4224 / 5251 도달 (선 이탈 0.00 m)
[velocity_path_follower.py-9] [INFO] [1787286230.698273769] [velocity_path_follower]: waypoint 4225 / 5251 도달 (선 이탈 0.01 m)
[velocity_path_follower.py-9] [INFO] [1787286231.047963413] [velocity_path_follower]: waypoint 4226 / 5251 도달 (선 이탈 0.01 m)
[velocity_path_follower.py-9] [INFO] [1787286231.350894669] [velocity_path_follower]: 1840.0s  wp 4227/5251 이탈0.0m  위치 (  52.85,   -86.09,  10.25)
[velocity_path_follower.py-9] [INFO] [1787286231.397928368] [velocity_path_follower]: waypoint 4227 / 5251 도달 (선 이탈 0.01 m)
[velocity_path_follower.py-9] [INFO] [1787286231.750861214] [velocity_path_follower]: waypoint 4228 / 5251 도달 (선 이탈 0.01 m)
[velocity_path_follower.py-9] [INFO] [1787286232.118217714] [velocity_path_follower]: waypoint 4229 / 5251 도달 (선 이탈 0.01 m)
[velocity_path_follower.py-9] [INFO] [1787286232.468319499] [velocity_path_follower]: waypoint 4230 / 5251 도달 (선 이탈 0.01 m)
[velocity_path_follower.py-9] [INFO] [1787286232.818556274] [velocity_path_follower]: waypoint 4231 / 5251 도달 (선 이탈 0.01 m)
[velocity_path_follower.py-9] [INFO] [1787286233.170316238] [velocity_path_follower]: waypoint 4232 / 5251 도달 (선 이탈 0.01 m)
[velocity_path_follower.py-9] [INFO] [1787286233.521340493] [velocity_path_follower]: waypoint 4233 / 5251 도달 (선 이탈 0.01 m)
[velocity_path_follower.py-9] [INFO] [1787286233.871297211] [velocity_path_follower]: waypoint 4234 / 5251 도달 (선 이탈 0.01 m)
[velocity_path_follower.py-9] [INFO] [1787286234.221346341] [velocity_path_follower]: waypoint 4235 / 5251 도달 (선 이탈 0.00 m)
[velocity_path_follower.py-9] [INFO] [1787286234.523688168] [velocity_path_follower]: waypoint 4236 / 5251 도달 (선 이탈 0.00 m)
[velocity_path_follower.py-9] [INFO] [1787286234.873747419] [velocity_path_follower]: waypoint 4237 / 5251 도달 (선 이탈 0.00 m)
[velocity_path_follower.py-9] [INFO] [1787286235.233977413] [velocity_path_follower]: waypoint 4238 / 5251 도달 (선 이탈 0.00 m)
[velocity_path_follower.py-9] [INFO] [1787286235.584565211] [velocity_path_follower]: waypoint 4239 / 5251 도달 (선 이탈 0.00 m)
[velocity_path_follower.py-9] [INFO] [1787286235.933948485] [velocity_path_follower]: waypoint 4240 / 5251 도달 (선 이탈 0.00 m)
[velocity_path_follower.py-9] [INFO] [1787286236.283929451] [velocity_path_follower]: waypoint 4241 / 5251 도달 (선 이탈 0.00 m)
[velocity_path_follower.py-9] [INFO] [1787286236.383687941] [velocity_path_follower]: 1845.0s  wp 4242/5251 이탈1.3m  위치 (  60.06,   -86.10,  11.96)
[velocity_path_follower.py-9] [INFO] [1787286241.363620517] [velocity_path_follower]: waypoint 4242 / 5251 도달 (선 이탈 2.94 m)
[velocity_path_follower.py-9] [INFO] [1787286241.460111232] [velocity_path_follower]: 1850.1s  wp 4244/5251 이탈1.4m  위치 (  64.35,   -83.52,  11.67)
[velocity_path_follower.py-9] [INFO] [1787286246.444202534] [velocity_path_follower]: waypoint 4244 / 5251 도달 (선 이탈 1.40 m)
[velocity_path_follower.py-9] [INFO] [1787286246.488979593] [velocity_path_follower]: 1855.0s  wp 4245/5251 이탈1.4m  위치 (  62.32,   -80.69,  11.08)
[velocity_path_follower.py-9] [INFO] [1787286247.035980457] [velocity_path_follower]: waypoint 4245 / 5251 도달 (선 이탈 1.47 m)
[velocity_path_follower.py-9] [INFO] [1787286247.639130928] [velocity_path_follower]: waypoint 4246 / 5251 도달 (선 이탈 1.47 m)
[velocity_path_follower.py-9] [INFO] [1787286248.244333024] [velocity_path_follower]: waypoint 4247 / 5251 도달 (선 이탈 1.41 m)
[velocity_path_follower.py-9] [INFO] [1787286248.794592202] [velocity_path_follower]: waypoint 4248 / 5251 도달 (선 이탈 1.31 m)
[velocity_path_follower.py-9] [INFO] [1787286249.345324634] [velocity_path_follower]: waypoint 4249 / 5251 도달 (선 이탈 1.17 m)
[velocity_path_follower.py-9] [INFO] [1787286249.893909922] [velocity_path_follower]: waypoint 4250 / 5251 도달 (선 이탈 1.01 m)
[velocity_path_follower.py-9] [INFO] [1787286250.393895901] [velocity_path_follower]: waypoint 4251 / 5251 도달 (선 이탈 0.84 m)
[velocity_path_follower.py-9] [INFO] [1787286250.893856847] [velocity_path_follower]: waypoint 4252 / 5251 도달 (선 이탈 0.65 m)
[velocity_path_follower.py-9] [INFO] [1787286251.343930101] [velocity_path_follower]: waypoint 4253 / 5251 도달 (선 이탈 0.48 m)
[velocity_path_follower.py-9] [INFO] [1787286251.493692606] [velocity_path_follower]: 1860.0s  wp 4254/5251 이탈0.4m  위치 (  57.75,   -81.68,  12.81)
[velocity_path_follower.py-9] [INFO] [1787286251.844127151] [velocity_path_follower]: waypoint 4254 / 5251 도달 (선 이탈 0.28 m)
[velocity_path_follower.py-9] [INFO] [1787286252.293838946] [velocity_path_follower]: waypoint 4255 / 5251 도달 (선 이탈 0.12 m)
[velocity_path_follower.py-9] [INFO] [1787286252.744004237] [velocity_path_follower]: waypoint 4256 / 5251 도달 (선 이탈 0.05 m)
[velocity_path_follower.py-9] [INFO] [1787286253.193957152] [velocity_path_follower]: waypoint 4257 / 5251 도달 (선 이탈 0.20 m)
[velocity_path_follower.py-9] [INFO] [1787286253.593809230] [velocity_path_follower]: waypoint 4258 / 5251 도달 (선 이탈 0.32 m)
[velocity_path_follower.py-9] [INFO] [1787286254.043809130] [velocity_path_follower]: waypoint 4259 / 5251 도달 (선 이탈 0.44 m)
[velocity_path_follower.py-9] [INFO] [1787286254.443863081] [velocity_path_follower]: waypoint 4260 / 5251 도달 (선 이탈 0.53 m)
[velocity_path_follower.py-9] [INFO] [1787286254.843869230] [velocity_path_follower]: waypoint 4261 / 5251 도달 (선 이탈 0.60 m)
[velocity_path_follower.py-9] [INFO] [1787286255.243851428] [velocity_path_follower]: waypoint 4262 / 5251 도달 (선 이탈 0.66 m)
[velocity_path_follower.py-9] [INFO] [1787286255.643838236] [velocity_path_follower]: waypoint 4263 / 5251 도달 (선 이탈 0.69 m)
[velocity_path_follower.py-9] [INFO] [1787286256.043792844] [velocity_path_follower]: waypoint 4264 / 5251 도달 (선 이탈 0.72 m)
[velocity_path_follower.py-9] [INFO] [1787286256.443863085] [velocity_path_follower]: waypoint 4265 / 5251 도달 (선 이탈 0.72 m)
[velocity_path_follower.py-9] [INFO] [1787286256.493745614] [velocity_path_follower]: 1865.0s  wp 4266/5251 이탈0.7m  위치 (  51.79,   -82.82,  14.93)
[velocity_path_follower.py-9] [INFO] [1787286256.843839388] [velocity_path_follower]: waypoint 4266 / 5251 도달 (선 이탈 0.71 m)
[velocity_path_follower.py-9] [INFO] [1787286257.243838461] [velocity_path_follower]: waypoint 4267 / 5251 도달 (선 이탈 0.69 m)
[velocity_path_follower.py-9] [INFO] [1787286257.644001386] [velocity_path_follower]: waypoint 4268 / 5251 도달 (선 이탈 0.65 m)
[velocity_path_follower.py-9] [INFO] [1787286257.993927404] [velocity_path_follower]: waypoint 4269 / 5251 도달 (선 이탈 0.61 m)
[velocity_path_follower.py-9] [INFO] [1787286258.393816942] [velocity_path_follower]: waypoint 4270 / 5251 도달 (선 이탈 0.56 m)
[velocity_path_follower.py-9] [INFO] [1787286258.793771489] [velocity_path_follower]: waypoint 4271 / 5251 도달 (선 이탈 0.50 m)
[velocity_path_follower.py-9] [INFO] [1787286259.193882990] [velocity_path_follower]: waypoint 4272 / 5251 도달 (선 이탈 0.43 m)
[velocity_path_follower.py-9] [INFO] [1787286259.546978617] [velocity_path_follower]: waypoint 4273 / 5251 도달 (선 이탈 0.36 m)
[velocity_path_follower.py-9] [INFO] [1787286259.946087277] [velocity_path_follower]: waypoint 4274 / 5251 도달 (선 이탈 0.28 m)
[velocity_path_follower.py-9] [INFO] [1787286260.345900746] [velocity_path_follower]: waypoint 4275 / 5251 도달 (선 이탈 0.20 m)
[velocity_path_follower.py-9] [INFO] [1787286260.696229528] [velocity_path_follower]: waypoint 4276 / 5251 도달 (선 이탈 0.14 m)
[velocity_path_follower.py-9] [INFO] [1787286261.114807438] [velocity_path_follower]: waypoint 4277 / 5251 도달 (선 이탈 0.06 m)
[velocity_path_follower.py-9] [INFO] [1787286261.533034334] [velocity_path_follower]: waypoint 4278 / 5251 도달 (선 이탈 0.01 m)
[velocity_path_follower.py-9] [INFO] [1787286261.582313206] [velocity_path_follower]: 1870.0s  wp 4279/5251 이탈0.0m  위치 (  45.31,   -82.09,  10.60)
[velocity_path_follower.py-9] [INFO] [1787286261.932261274] [velocity_path_follower]: waypoint 4279 / 5251 도달 (선 이탈 0.08 m)
[velocity_path_follower.py-9] [INFO] [1787286262.408879459] [velocity_path_follower]: waypoint 4280 / 5251 도달 (선 이탈 0.13 m)
[velocity_path_follower.py-9] [INFO] [1787286262.758450649] [velocity_path_follower]: waypoint 4281 / 5251 도달 (선 이탈 0.18 m)
[velocity_path_follower.py-9] [INFO] [1787286263.160435281] [velocity_path_follower]: waypoint 4282 / 5251 도달 (선 이탈 0.23 m)
[velocity_path_follower.py-9] [INFO] [1787286263.508629885] [velocity_path_follower]: waypoint 4283 / 5251 도달 (선 이탈 0.27 m)
[velocity_path_follower.py-9] [INFO] [1787286263.864080966] [velocity_path_follower]: waypoint 4284 / 5251 도달 (선 이탈 0.30 m)
[velocity_path_follower.py-9] [INFO] [1787286264.263792146] [velocity_path_follower]: waypoint 4285 / 5251 도달 (선 이탈 0.33 m)
[velocity_path_follower.py-9] [INFO] [1787286264.614256885] [velocity_path_follower]: waypoint 4286 / 5251 도달 (선 이탈 0.35 m)
[velocity_path_follower.py-9] [INFO] [1787286264.963743712] [velocity_path_follower]: waypoint 4287 / 5251 도달 (선 이탈 0.36 m)
[velocity_path_follower.py-9] [INFO] [1787286265.313368794] [velocity_path_follower]: waypoint 4288 / 5251 도달 (선 이탈 0.36 m)
[velocity_path_follower.py-9] [INFO] [1787286265.663357679] [velocity_path_follower]: waypoint 4289 / 5251 도달 (선 이탈 0.36 m)
[velocity_path_follower.py-9] [INFO] [1787286266.080415051] [velocity_path_follower]: waypoint 4290 / 5251 도달 (선 이탈 0.34 m)
[velocity_path_follower.py-9] [INFO] [1787286266.427114958] [velocity_path_follower]: waypoint 4291 / 5251 도달 (선 이탈 0.33 m)
[velocity_path_follower.py-9] [INFO] [1787286266.726673380] [velocity_path_follower]: 1875.0s  wp 4292/5251 이탈0.3m  위치 (  38.43,   -81.79,   7.99)
[velocity_path_follower.py-9] [INFO] [1787286266.779282791] [velocity_path_follower]: waypoint 4292 / 5251 도달 (선 이탈 0.31 m)
[velocity_path_follower.py-9] [INFO] [1787286267.128770325] [velocity_path_follower]: waypoint 4293 / 5251 도달 (선 이탈 0.28 m)
[velocity_path_follower.py-9] [INFO] [1787286267.478875435] [velocity_path_follower]: waypoint 4294 / 5251 도달 (선 이탈 0.25 m)
[velocity_path_follower.py-9] [INFO] [1787286267.828835557] [velocity_path_follower]: waypoint 4295 / 5251 도달 (선 이탈 0.22 m)
[velocity_path_follower.py-9] [INFO] [1787286268.179174441] [velocity_path_follower]: waypoint 4296 / 5251 도달 (선 이탈 0.19 m)
[velocity_path_follower.py-9] [INFO] [1787286268.581713986] [velocity_path_follower]: waypoint 4297 / 5251 도달 (선 이탈 0.15 m)
[velocity_path_follower.py-9] [INFO] [1787286268.931328950] [velocity_path_follower]: waypoint 4298 / 5251 도달 (선 이탈 0.11 m)
[velocity_path_follower.py-9] [INFO] [1787286269.281794714] [velocity_path_follower]: waypoint 4299 / 5251 도달 (선 이탈 0.07 m)
[velocity_path_follower.py-9] [INFO] [1787286269.645835310] [velocity_path_follower]: waypoint 4300 / 5251 도달 (선 이탈 0.04 m)
[velocity_path_follower.py-9] [INFO] [1787286270.003150688] [velocity_path_follower]: waypoint 4301 / 5251 도달 (선 이탈 0.00 m)
[velocity_path_follower.py-9] [INFO] [1787286270.350798289] [velocity_path_follower]: waypoint 4302 / 5251 도달 (선 이탈 0.03 m)
[velocity_path_follower.py-9] [INFO] [1787286270.702636291] [velocity_path_follower]: waypoint 4303 / 5251 도달 (선 이탈 0.06 m)
[velocity_path_follower.py-9] [INFO] [1787286271.052860807] [velocity_path_follower]: waypoint 4304 / 5251 도달 (선 이탈 0.09 m)
[velocity_path_follower.py-9] [INFO] [1787286271.402669142] [velocity_path_follower]: waypoint 4305 / 5251 도달 (선 이탈 0.11 m)
[velocity_path_follower.py-9] [INFO] [1787286271.752410881] [velocity_path_follower]: waypoint 4306 / 5251 도달 (선 이탈 0.13 m)
[velocity_path_follower.py-9] [INFO] [1787286271.802559549] [velocity_path_follower]: 1880.1s  wp 4307/5251 이탈0.1m  위치 (  31.30,   -82.24,  10.04)
[velocity_path_follower.py-9] [INFO] [1787286272.102766352] [velocity_path_follower]: waypoint 4307 / 5251 도달 (선 이탈 0.15 m)
[velocity_path_follower.py-9] [INFO] [1787286272.452640203] [velocity_path_follower]: waypoint 4308 / 5251 도달 (선 이탈 0.17 m)
[velocity_path_follower.py-9] [INFO] [1787286272.805727958] [velocity_path_follower]: waypoint 4309 / 5251 도달 (선 이탈 0.18 m)
[velocity_path_follower.py-9] [INFO] [1787286273.157663052] [velocity_path_follower]: waypoint 4310 / 5251 도달 (선 이탈 0.18 m)
[velocity_path_follower.py-9] [INFO] [1787286273.507734902] [velocity_path_follower]: waypoint 4311 / 5251 도달 (선 이탈 0.19 m)
[velocity_path_follower.py-9] [INFO] [1787286273.864758165] [velocity_path_follower]: waypoint 4312 / 5251 도달 (선 이탈 0.19 m)
[velocity_path_follower.py-9] [INFO] [1787286274.214713449] [velocity_path_follower]: waypoint 4313 / 5251 도달 (선 이탈 0.18 m)
[velocity_path_follower.py-9] [INFO] [1787286274.564628520] [velocity_path_follower]: waypoint 4314 / 5251 도달 (선 이탈 0.18 m)
[velocity_path_follower.py-9] [INFO] [1787286274.916608676] [velocity_path_follower]: waypoint 4315 / 5251 도달 (선 이탈 0.17 m)
[velocity_path_follower.py-9] [INFO] [1787286275.266708213] [velocity_path_follower]: waypoint 4316 / 5251 도달 (선 이탈 0.16 m)
[velocity_path_follower.py-9] [INFO] [1787286275.616536853] [velocity_path_follower]: waypoint 4317 / 5251 도달 (선 이탈 0.15 m)
[velocity_path_follower.py-9] [INFO] [1787286275.966580786] [velocity_path_follower]: waypoint 4318 / 5251 도달 (선 이탈 0.13 m)
[velocity_path_follower.py-9] [INFO] [1787286276.316448292] [velocity_path_follower]: waypoint 4319 / 5251 도달 (선 이탈 0.11 m)
[velocity_path_follower.py-9] [INFO] [1787286276.666678934] [velocity_path_follower]: waypoint 4320 / 5251 도달 (선 이탈 0.10 m)
[velocity_path_follower.py-9] [INFO] [1787286276.766637614] [velocity_path_follower]: 1885.0s  wp 4321/5251 이탈0.1m  위치 (  24.25,   -82.19,  12.64)
[velocity_path_follower.py-9] [INFO] [1787286277.016814173] [velocity_path_follower]: waypoint 4321 / 5251 도달 (선 이탈 0.08 m)
[velocity_path_follower.py-9] [INFO] [1787286277.366509670] [velocity_path_follower]: waypoint 4322 / 5251 도달 (선 이탈 0.06 m)
[velocity_path_follower.py-9] [INFO] [1787286277.716648465] [velocity_path_follower]: waypoint 4323 / 5251 도달 (선 이탈 0.04 m)
[velocity_path_follower.py-9] [INFO] [1787286278.066672365] [velocity_path_follower]: waypoint 4324 / 5251 도달 (선 이탈 0.02 m)
[velocity_path_follower.py-9] [INFO] [1787286278.416607208] [velocity_path_follower]: waypoint 4325 / 5251 도달 (선 이탈 0.00 m)
[velocity_path_follower.py-9] [INFO] [1787286278.766759636] [velocity_path_follower]: waypoint 4326 / 5251 도달 (선 이탈 0.01 m)
[velocity_path_follower.py-9] [INFO] [1787286279.119714556] [velocity_path_follower]: waypoint 4327 / 5251 도달 (선 이탈 0.03 m)
[velocity_path_follower.py-9] [INFO] [1787286279.469746383] [velocity_path_follower]: waypoint 4328 / 5251 도달 (선 이탈 0.04 m)
[velocity_path_follower.py-9] [INFO] [1787286279.827427571] [velocity_path_follower]: waypoint 4329 / 5251 도달 (선 이탈 0.06 m)
[velocity_path_follower.py-9] [INFO] [1787286280.175773420] [velocity_path_follower]: waypoint 4330 / 5251 도달 (선 이탈 0.07 m)
[velocity_path_follower.py-9] [INFO] [1787286280.526377993] [velocity_path_follower]: waypoint 4331 / 5251 도달 (선 이탈 0.08 m)
[velocity_path_follower.py-9] [INFO] [1787286280.875728608] [velocity_path_follower]: waypoint 4332 / 5251 도달 (선 이탈 0.08 m)
[velocity_path_follower.py-9] [INFO] [1787286281.230567601] [velocity_path_follower]: waypoint 4333 / 5251 도달 (선 이탈 0.09 m)
[velocity_path_follower.py-9] [INFO] [1787286281.579735605] [velocity_path_follower]: waypoint 4334 / 5251 도달 (선 이탈 0.10 m)
[velocity_path_follower.py-9] [INFO] [1787286281.808548542] [velocity_path_follower]: 1890.0s  wp 4335/5251 이탈0.1m  위치 (  17.08,   -82.00,  11.28)
[velocity_path_follower.py-9] [INFO] [1787286282.036397312] [velocity_path_follower]: waypoint 4335 / 5251 도달 (선 이탈 0.10 m)
[velocity_path_follower.py-9] [INFO] [1787286282.411755177] [velocity_path_follower]: waypoint 4336 / 5251 도달 (선 이탈 0.10 m)
[velocity_path_follower.py-9] [INFO] [1787286282.788941696] [velocity_path_follower]: waypoint 4337 / 5251 도달 (선 이탈 0.10 m)
[velocity_path_follower.py-9] [INFO] [1787286283.166244936] [velocity_path_follower]: waypoint 4338 / 5251 도달 (선 이탈 0.09 m)
[velocity_path_follower.py-9] [INFO] [1787286283.518143498] [velocity_path_follower]: waypoint 4339 / 5251 도달 (선 이탈 0.09 m)
[velocity_path_follower.py-9] [INFO] [1787286283.913204291] [velocity_path_follower]: waypoint 4340 / 5251 도달 (선 이탈 0.08 m)
[velocity_path_follower.py-9] [INFO] [1787286284.308207773] [velocity_path_follower]: waypoint 4341 / 5251 도달 (선 이탈 0.08 m)
[velocity_path_follower.py-9] [INFO] [1787286284.607882605] [velocity_path_follower]: waypoint 4342 / 5251 도달 (선 이탈 0.07 m)
[velocity_path_follower.py-9] [INFO] [1787286285.012124683] [velocity_path_follower]: waypoint 4343 / 5251 도달 (선 이탈 0.06 m)
[velocity_path_follower.py-9] [INFO] [1787286285.380294251] [velocity_path_follower]: waypoint 4344 / 5251 도달 (선 이탈 0.05 m)
[velocity_path_follower.py-9] [INFO] [1787286285.852242232] [velocity_path_follower]: waypoint 4345 / 5251 도달 (선 이탈 0.04 m)
[velocity_path_follower.py-9] [INFO] [1787286286.150293951] [velocity_path_follower]: waypoint 4346 / 5251 도달 (선 이탈 0.03 m)
[velocity_path_follower.py-9] [INFO] [1787286286.500894623] [velocity_path_follower]: waypoint 4347 / 5251 도달 (선 이탈 0.02 m)
[velocity_path_follower.py-9] [INFO] [1787286286.851112344] [velocity_path_follower]: waypoint 4348 / 5251 도달 (선 이탈 0.01 m)
[velocity_path_follower.py-9] [INFO] [1787286287.200425111] [velocity_path_follower]: waypoint 4349 / 5251 도달 (선 이탈 0.00 m)
[velocity_path_follower.py-9] [INFO] [1787286287.250216788] [velocity_path_follower]: 1895.1s  wp 4350/5251 이탈0.0m  위치 (   9.80,   -82.10,   9.89)
[velocity_path_follower.py-9] [INFO] [1787286287.550289984] [velocity_path_follower]: waypoint 4350 / 5251 도달 (선 이탈 0.01 m)
[velocity_path_follower.py-9] [INFO] [1787286287.900353480] [velocity_path_follower]: waypoint 4351 / 5251 도달 (선 이탈 0.01 m)
[velocity_path_follower.py-9] [INFO] [1787286288.250225424] [velocity_path_follower]: waypoint 4352 / 5251 도달 (선 이탈 0.02 m)
[ros2-8] [INFO] [1787286288.440329508] [rosbag2_cpp]: Writing remaining messages from cache to the bag. It may take a while
[velocity_path_follower.py-9] [INFO] [1787286288.600311312] [velocity_path_follower]: waypoint 4353 / 5251 도달 (선 이탈 0.03 m)
[velocity_path_follower.py-9] [INFO] [1787286288.950340023] [velocity_path_follower]: waypoint 4354 / 5251 도달 (선 이탈 0.04 m)
[velocity_path_follower.py-9] [INFO] [1787286289.303198824] [velocity_path_follower]: waypoint 4355 / 5251 도달 (선 이탈 0.04 m)
[velocity_path_follower.py-9] [INFO] [1787286289.652804300] [velocity_path_follower]: waypoint 4356 / 5251 도달 (선 이탈 0.04 m)
[velocity_path_follower.py-9] [INFO] [1787286290.006316156] [velocity_path_follower]: waypoint 4357 / 5251 도달 (선 이탈 0.05 m)
[velocity_path_follower.py-9] [INFO] [1787286290.353024378] [velocity_path_follower]: waypoint 4358 / 5251 도달 (선 이탈 0.05 m)
[velocity_path_follower.py-9] [INFO] [1787286290.702795859] [velocity_path_follower]: waypoint 4359 / 5251 도달 (선 이탈 0.05 m)
[velocity_path_follower.py-9] [INFO] [1787286291.052955054] [velocity_path_follower]: waypoint 4360 / 5251 도달 (선 이탈 0.05 m)
[velocity_path_follower.py-9] [INFO] [1787286291.352807085] [velocity_path_follower]: waypoint 4361 / 5251 도달 (선 이탈 0.05 m)
[velocity_path_follower.py-9] [INFO] [1787286291.753066533] [velocity_path_follower]: waypoint 4362 / 5251 도달 (선 이탈 0.05 m)
[velocity_path_follower.py-9] [INFO] [1787286292.052782634] [velocity_path_follower]: waypoint 4363 / 5251 도달 (선 이탈 0.05 m)
[velocity_path_follower.py-9] [INFO] [1787286292.202811087] [velocity_path_follower]: 1900.0s  wp 4364/5251 이탈0.0m  위치 (   2.68,   -82.15,  10.13)
[velocity_path_follower.py-9] [INFO] [1787286292.402963352] [velocity_path_follower]: waypoint 4364 / 5251 도달 (선 이탈 0.05 m)
[velocity_path_follower.py-9] [INFO] [1787286292.752794252] [velocity_path_follower]: waypoint 4365 / 5251 도달 (선 이탈 0.04 m)
[velocity_path_follower.py-9] [INFO] [1787286293.107626222] [velocity_path_follower]: waypoint 4366 / 5251 도달 (선 이탈 0.04 m)
[velocity_path_follower.py-9] [INFO] [1787286293.457567328] [velocity_path_follower]: waypoint 4367 / 5251 도달 (선 이탈 0.03 m)
[velocity_path_follower.py-9] [INFO] [1787286293.807928138] [velocity_path_follower]: waypoint 4368 / 5251 도달 (선 이탈 0.03 m)
[velocity_path_follower.py-9] [INFO] [1787286294.159685797] [velocity_path_follower]: waypoint 4369 / 5251 도달 (선 이탈 0.02 m)
[velocity_path_follower.py-9] [INFO] [1787286294.509784992] [velocity_path_follower]: waypoint 4370 / 5251 도달 (선 이탈 0.02 m)
[velocity_path_follower.py-9] [INFO] [1787286294.860032757] [velocity_path_follower]: waypoint 4371 / 5251 도달 (선 이탈 0.01 m)
[velocity_path_follower.py-9] [INFO] [1787286295.212896908] [velocity_path_follower]: waypoint 4372 / 5251 도달 (선 이탈 0.01 m)
[velocity_path_follower.py-9] [INFO] [1787286295.513235336] [velocity_path_follower]: waypoint 4373 / 5251 도달 (선 이탈 0.00 m)
[velocity_path_follower.py-9] [INFO] [1787286295.914384581] [velocity_path_follower]: waypoint 4374 / 5251 도달 (선 이탈 0.00 m)
[velocity_path_follower.py-9] [INFO] [1787286296.264640891] [velocity_path_follower]: waypoint 4375 / 5251 도달 (선 이탈 0.00 m)
[velocity_path_follower.py-9] [INFO] [1787286296.564829795] [velocity_path_follower]: waypoint 4376 / 5251 도달 (선 이탈 0.01 m)
[velocity_path_follower.py-9] [INFO] [1787286296.964575057] [velocity_path_follower]: waypoint 4377 / 5251 도달 (선 이탈 0.01 m)
[velocity_path_follower.py-9] [INFO] [1787286297.214407391] [velocity_path_follower]: 1905.0s  wp 4378/5251 이탈0.0m  위치 (  -4.53,   -82.08,   9.51)
[velocity_path_follower.py-9] [INFO] [1787286297.264754067] [velocity_path_follower]: waypoint 4378 / 5251 도달 (선 이탈 0.02 m)
[velocity_path_follower.py-9] [INFO] [1787286297.614749551] [velocity_path_follower]: waypoint 4379 / 5251 도달 (선 이탈 0.02 m)
[velocity_path_follower.py-9] [INFO] [1787286297.966522205] [velocity_path_follower]: waypoint 4380 / 5251 도달 (선 이탈 0.02 m)
[velocity_path_follower.py-9] [INFO] [1787286298.316814784] [velocity_path_follower]: waypoint 4381 / 5251 도달 (선 이탈 0.02 m)
[velocity_path_follower.py-9] [INFO] [1787286298.666864173] [velocity_path_follower]: waypoint 4382 / 5251 도달 (선 이탈 0.02 m)
[velocity_path_follower.py-9] [INFO] [1787286299.016892675] [velocity_path_follower]: waypoint 4383 / 5251 도달 (선 이탈 0.03 m)
[velocity_path_follower.py-9] [INFO] [1787286299.367201635] [velocity_path_follower]: waypoint 4384 / 5251 도달 (선 이탈 0.03 m)
[velocity_path_follower.py-9] [INFO] [1787286299.718798630] [velocity_path_follower]: waypoint 4385 / 5251 도달 (선 이탈 0.03 m)
[velocity_path_follower.py-9] [INFO] [1787286300.085661250] [velocity_path_follower]: waypoint 4386 / 5251 도달 (선 이탈 0.03 m)
[velocity_path_follower.py-9] [INFO] [1787286300.440557929] [velocity_path_follower]: waypoint 4387 / 5251 도달 (선 이탈 0.02 m)
[velocity_path_follower.py-9] [INFO] [1787286300.792666291] [velocity_path_follower]: waypoint 4388 / 5251 도달 (선 이탈 0.02 m)
[velocity_path_follower.py-9] [INFO] [1787286301.142762867] [velocity_path_follower]: waypoint 4389 / 5251 도달 (선 이탈 0.02 m)
[velocity_path_follower.py-9] [INFO] [1787286301.492610577] [velocity_path_follower]: waypoint 4390 / 5251 도달 (선 이탈 0.02 m)
[velocity_path_follower.py-9] [INFO] [1787286301.792583015] [velocity_path_follower]: waypoint 4391 / 5251 도달 (선 이탈 0.02 m)
[velocity_path_follower.py-9] [INFO] [1787286302.192800323] [velocity_path_follower]: waypoint 4392 / 5251 도달 (선 이탈 0.01 m)
[velocity_path_follower.py-9] [INFO] [1787286302.242445651] [velocity_path_follower]: 1910.0s  wp 4393/5251 이탈0.0m  위치 ( -11.74,   -82.09,   9.81)
[velocity_path_follower.py-9] [INFO] [1787286302.492727052] [velocity_path_follower]: waypoint 4393 / 5251 도달 (선 이탈 0.01 m)
[velocity_path_follower.py-9] [INFO] [1787286302.842600874] [velocity_path_follower]: waypoint 4394 / 5251 도달 (선 이탈 0.01 m)
[velocity_path_follower.py-9] [INFO] [1787286303.195616057] [velocity_path_follower]: waypoint 4395 / 5251 도달 (선 이탈 0.01 m)
[velocity_path_follower.py-9] [INFO] [1787286303.545425683] [velocity_path_follower]: waypoint 4396 / 5251 도달 (선 이탈 0.00 m)
[velocity_path_follower.py-9] [INFO] [1787286303.897844297] [velocity_path_follower]: waypoint 4397 / 5251 도달 (선 이탈 0.00 m)
[velocity_path_follower.py-9] [INFO] [1787286304.247972436] [velocity_path_follower]: waypoint 4398 / 5251 도달 (선 이탈 0.00 m)
[velocity_path_follower.py-9] [INFO] [1787286304.597735871] [velocity_path_follower]: waypoint 4399 / 5251 도달 (선 이탈 0.00 m)
[velocity_path_follower.py-9] [INFO] [1787286304.947838619] [velocity_path_follower]: waypoint 4400 / 5251 도달 (선 이탈 0.01 m)
[velocity_path_follower.py-9] [INFO] [1787286305.299908452] [velocity_path_follower]: waypoint 4401 / 5251 도달 (선 이탈 0.01 m)
[velocity_path_follower.py-9] [INFO] [1787286305.649819315] [velocity_path_follower]: waypoint 4402 / 5251 도달 (선 이탈 0.01 m)
[velocity_path_follower.py-9] [INFO] [1787286305.999845325] [velocity_path_follower]: waypoint 4403 / 5251 도달 (선 이탈 0.01 m)
[velocity_path_follower.py-9] [INFO] [1787286306.350132618] [velocity_path_follower]: waypoint 4404 / 5251 도달 (선 이탈 0.01 m)
[velocity_path_follower.py-9] [INFO] [1787286306.700165072] [velocity_path_follower]: waypoint 4405 / 5251 도달 (선 이탈 0.01 m)
[velocity_path_follower.py-9] [INFO] [1787286307.000626941] [velocity_path_follower]: waypoint 4406 / 5251 도달 (선 이탈 0.01 m)
[velocity_path_follower.py-9] [INFO] [1787286307.296718848] [velocity_path_follower]: 1915.0s  wp 4407/5251 이탈0.0m  위치 ( -18.98,   -82.11,   6.97)
[velocity_path_follower.py-9] [INFO] [1787286307.446795739] [velocity_path_follower]: waypoint 4407 / 5251 도달 (선 이탈 0.01 m)
[velocity_path_follower.py-9] [INFO] [1787286307.753917138] [velocity_path_follower]: waypoint 4408 / 5251 도달 (선 이탈 0.01 m)
[velocity_path_follower.py-9] [INFO] [1787286308.103889431] [velocity_path_follower]: waypoint 4409 / 5251 도달 (선 이탈 0.01 m)
[velocity_path_follower.py-9] [INFO] [1787286308.454102057] [velocity_path_follower]: waypoint 4410 / 5251 도달 (선 이탈 0.01 m)
[velocity_path_follower.py-9] [INFO] [1787286308.804052676] [velocity_path_follower]: waypoint 4411 / 5251 도달 (선 이탈 0.01 m)
[velocity_path_follower.py-9] [INFO] [1787286309.154270099] [velocity_path_follower]: waypoint 4412 / 5251 도달 (선 이탈 0.01 m)
[velocity_path_follower.py-9] [INFO] [1787286309.504076930] [velocity_path_follower]: waypoint 4413 / 5251 도달 (선 이탈 0.01 m)
[velocity_path_follower.py-9] [INFO] [1787286309.856162970] [velocity_path_follower]: waypoint 4414 / 5251 도달 (선 이탈 0.01 m)
[velocity_path_follower.py-9] [INFO] [1787286310.206091259] [velocity_path_follower]: waypoint 4415 / 5251 도달 (선 이탈 0.01 m)
[velocity_path_follower.py-9] [INFO] [1787286310.556102322] [velocity_path_follower]: waypoint 4416 / 5251 도달 (선 이탈 0.01 m)
[velocity_path_follower.py-9] [INFO] [1787286310.906069628] [velocity_path_follower]: waypoint 4417 / 5251 도달 (선 이탈 0.01 m)
[velocity_path_follower.py-9] [INFO] [1787286311.263911865] [velocity_path_follower]: waypoint 4418 / 5251 도달 (선 이탈 0.01 m)
[velocity_path_follower.py-9] [INFO] [1787286311.613858156] [velocity_path_follower]: waypoint 4419 / 5251 도달 (선 이탈 0.00 m)
[velocity_path_follower.py-9] [INFO] [1787286311.913908261] [velocity_path_follower]: waypoint 4420 / 5251 도달 (선 이탈 0.00 m)
[velocity_path_follower.py-9] [INFO] [1787286312.263708559] [velocity_path_follower]: waypoint 4421 / 5251 도달 (선 이탈 0.00 m)
[velocity_path_follower.py-9] [INFO] [1787286312.313831385] [velocity_path_follower]: 1920.0s  wp 4422/5251 이탈0.0m  위치 ( -26.16,   -82.10,   8.89)
[velocity_path_follower.py-9] [INFO] [1787286312.663951446] [velocity_path_follower]: waypoint 4422 / 5251 도달 (선 이탈 0.00 m)
[velocity_path_follower.py-9] [INFO] [1787286313.013951021] [velocity_path_follower]: waypoint 4423 / 5251 도달 (선 이탈 0.00 m)
[velocity_path_follower.py-9] [INFO] [1787286313.317609519] [velocity_path_follower]: waypoint 4424 / 5251 도달 (선 이탈 0.00 m)
[velocity_path_follower.py-9] [INFO] [1787286313.917637277] [velocity_path_follower]: waypoint 4425 / 5251 도달 (선 이탈 0.00 m)
[velocity_path_follower.py-9] [INFO] [1787286314.017683583] [velocity_path_follower]: waypoint 4426 / 5251 도달 (선 이탈 0.00 m)
[velocity_path_follower.py-9] [INFO] [1787286314.367930272] [velocity_path_follower]: waypoint 4427 / 5251 도달 (선 이탈 0.00 m)
[velocity_path_follower.py-9] [INFO] [1787286314.717659660] [velocity_path_follower]: waypoint 4428 / 5251 도달 (선 이탈 0.01 m)
[velocity_path_follower.py-9] [INFO] [1787286315.067566546] [velocity_path_follower]: waypoint 4429 / 5251 도달 (선 이탈 0.01 m)
[velocity_path_follower.py-9] [INFO] [1787286315.417565349] [velocity_path_follower]: waypoint 4430 / 5251 도달 (선 이탈 0.01 m)
[velocity_path_follower.py-9] [INFO] [1787286315.767603033] [velocity_path_follower]: waypoint 4431 / 5251 도달 (선 이탈 0.01 m)
[velocity_path_follower.py-9] [INFO] [1787286316.118180256] [velocity_path_follower]: waypoint 4432 / 5251 도달 (선 이탈 0.01 m)
[velocity_path_follower.py-9] [INFO] [1787286316.417914676] [velocity_path_follower]: waypoint 4433 / 5251 도달 (선 이탈 0.01 m)
[velocity_path_follower.py-9] [INFO] [1787286316.817567319] [velocity_path_follower]: waypoint 4434 / 5251 도달 (선 이탈 0.01 m)
[velocity_path_follower.py-9] [INFO] [1787286317.167425589] [velocity_path_follower]: waypoint 4435 / 5251 도달 (선 이탈 0.01 m)
[velocity_path_follower.py-9] [INFO] [1787286317.319794631] [velocity_path_follower]: 1925.0s  wp 4436/5251 이탈0.0m  위치 ( -33.40,   -82.09,  10.20)
[velocity_path_follower.py-9] [INFO] [1787286317.469626718] [velocity_path_follower]: waypoint 4436 / 5251 도달 (선 이탈 0.01 m)
[velocity_path_follower.py-9] [INFO] [1787286317.869772418] [velocity_path_follower]: waypoint 4437 / 5251 도달 (선 이탈 0.01 m)
[velocity_path_follower.py-9] [INFO] [1787286318.169858876] [velocity_path_follower]: waypoint 4438 / 5251 도달 (선 이탈 0.01 m)
[velocity_path_follower.py-9] [INFO] [1787286318.522869112] [velocity_path_follower]: waypoint 4439 / 5251 도달 (선 이탈 0.01 m)
[velocity_path_follower.py-9] [INFO] [1787286318.872686568] [velocity_path_follower]: waypoint 4440 / 5251 도달 (선 이탈 0.00 m)
[velocity_path_follower.py-9] [INFO] [1787286319.222995337] [velocity_path_follower]: waypoint 4441 / 5251 도달 (선 이탈 0.00 m)
[velocity_path_follower.py-9] [INFO] [1787286319.572795534] [velocity_path_follower]: waypoint 4442 / 5251 도달 (선 이탈 0.00 m)
[velocity_path_follower.py-9] [INFO] [1787286319.922837608] [velocity_path_follower]: waypoint 4443 / 5251 도달 (선 이탈 0.00 m)
[velocity_path_follower.py-9] [INFO] [1787286322.322364748] [velocity_path_follower]: 1930.0s  climb       위치 ( -40.17,   -81.57,   5.67)
[velocity_path_follower.py-9] [INFO] [1787286327.322565597] [velocity_path_follower]: 1935.0s  wp 4444/5251 이탈4.6m  위치 ( -43.21,   -80.41,   7.54)
[velocity_path_follower.py-9] [INFO] [1787286329.072688952] [velocity_path_follower]: waypoint 4444 / 5251 도달 (선 이탈 4.53 m)
[velocity_path_follower.py-9] [INFO] [1787286332.324885662] [velocity_path_follower]: 1940.0s  wp 4446/5251 이탈0.4m  위치 ( -41.09,   -77.69,   7.56)
[velocity_path_follower.py-9] [INFO] [1787286333.825162318] [velocity_path_follower]: waypoint 4446 / 5251 도달 (선 이탈 0.97 m)
[velocity_path_follower.py-9] [INFO] [1787286334.275144534] [velocity_path_follower]: waypoint 4447 / 5251 도달 (선 이탈 1.07 m)
[velocity_path_follower.py-9] [INFO] [1787286334.725108331] [velocity_path_follower]: waypoint 4448 / 5251 도달 (선 이탈 1.13 m)
[velocity_path_follower.py-9] [INFO] [1787286335.175099844] [velocity_path_follower]: waypoint 4449 / 5251 도달 (선 이탈 1.16 m)
[velocity_path_follower.py-9] [INFO] [1787286335.625121985] [velocity_path_follower]: waypoint 4450 / 5251 도달 (선 이탈 1.16 m)
[velocity_path_follower.py-9] [INFO] [1787286337.325167370] [velocity_path_follower]: waypoint 4451 / 5251 도달 (선 이탈 1.06 m)
[velocity_path_follower.py-9] [INFO] [1787286337.374973371] [velocity_path_follower]: waypoint 4452 / 5251 도달 (선 이탈 1.05 m)
[velocity_path_follower.py-9] [INFO] [1787286337.425350969] [velocity_path_follower]: waypoint 4453 / 5251 도달 (선 이탈 1.05 m)
[velocity_path_follower.py-9] [INFO] [1787286337.475116338] [velocity_path_follower]: 1945.2s  wp 4454/5251 이탈1.0m  위치 ( -35.75,   -77.05,   6.48)
[velocity_path_follower.py-9] [INFO] [1787286337.675071008] [velocity_path_follower]: waypoint 4454 / 5251 도달 (선 이탈 1.04 m)
[velocity_path_follower.py-9] [INFO] [1787286338.277578881] [velocity_path_follower]: waypoint 4455 / 5251 도달 (선 이탈 0.99 m)
[velocity_path_follower.py-9] [INFO] [1787286338.877421528] [velocity_path_follower]: waypoint 4456 / 5251 도달 (선 이탈 0.90 m)
[velocity_path_follower.py-9] [INFO] [1787286339.429425085] [velocity_path_follower]: waypoint 4457 / 5251 도달 (선 이탈 0.79 m)
[velocity_path_follower.py-9] [INFO] [1787286339.929599372] [velocity_path_follower]: waypoint 4458 / 5251 도달 (선 이탈 0.67 m)
[velocity_path_follower.py-9] [INFO] [1787286340.429647859] [velocity_path_follower]: waypoint 4459 / 5251 도달 (선 이탈 0.54 m)
[velocity_path_follower.py-9] [INFO] [1787286340.931961070] [velocity_path_follower]: waypoint 4460 / 5251 도달 (선 이탈 0.40 m)
[velocity_path_follower.py-9] [INFO] [1787286341.431735284] [velocity_path_follower]: waypoint 4461 / 5251 도달 (선 이탈 0.26 m)
[velocity_path_follower.py-9] [INFO] [1787286341.881918467] [velocity_path_follower]: waypoint 4462 / 5251 도달 (선 이탈 0.13 m)
[velocity_path_follower.py-9] [INFO] [1787286342.331852043] [velocity_path_follower]: waypoint 4463 / 5251 도달 (선 이탈 0.00 m)
[velocity_path_follower.py-9] [INFO] [1787286342.381768282] [velocity_path_follower]: 1950.1s  wp 4464/5251 이탈0.0m  위치 ( -31.00,   -78.11,   7.56)
[velocity_path_follower.py-9] [INFO] [1787286342.781676380] [velocity_path_follower]: waypoint 4464 / 5251 도달 (선 이탈 0.11 m)
[velocity_path_follower.py-9] [INFO] [1787286343.181928286] [velocity_path_follower]: waypoint 4465 / 5251 도달 (선 이탈 0.20 m)
[velocity_path_follower.py-9] [INFO] [1787286343.581682845] [velocity_path_follower]: waypoint 4466 / 5251 도달 (선 이탈 0.28 m)
[velocity_path_follower.py-9] [INFO] [1787286344.031567934] [velocity_path_follower]: waypoint 4467 / 5251 도달 (선 이탈 0.36 m)
[velocity_path_follower.py-9] [INFO] [1787286344.431599110] [velocity_path_follower]: waypoint 4468 / 5251 도달 (선 이탈 0.42 m)
[velocity_path_follower.py-9] [INFO] [1787286344.831595863] [velocity_path_follower]: waypoint 4469 / 5251 도달 (선 이탈 0.46 m)
[velocity_path_follower.py-9] [INFO] [1787286345.231683404] [velocity_path_follower]: waypoint 4470 / 5251 도달 (선 이탈 0.49 m)
[velocity_path_follower.py-9] [INFO] [1787286345.633696564] [velocity_path_follower]: waypoint 4471 / 5251 도달 (선 이탈 0.51 m)
[velocity_path_follower.py-9] [INFO] [1787286346.033859361] [velocity_path_follower]: waypoint 4472 / 5251 도달 (선 이탈 0.52 m)
[velocity_path_follower.py-9] [INFO] [1787286346.434905724] [velocity_path_follower]: waypoint 4473 / 5251 도달 (선 이탈 0.51 m)
[velocity_path_follower.py-9] [INFO] [1787286346.783792273] [velocity_path_follower]: waypoint 4474 / 5251 도달 (선 이탈 0.50 m)
[velocity_path_follower.py-9] [INFO] [1787286347.183673196] [velocity_path_follower]: waypoint 4475 / 5251 도달 (선 이탈 0.47 m)
[velocity_path_follower.py-9] [INFO] [1787286347.333752178] [velocity_path_follower]: 1955.0s  wp 4476/5251 이탈0.5m  위치 ( -24.86,   -78.56,  10.12)
[velocity_path_follower.py-9] [INFO] [1787286347.583731386] [velocity_path_follower]: waypoint 4476 / 5251 도달 (선 이탈 0.44 m)
[velocity_path_follower.py-9] [INFO] [1787286347.988013190] [velocity_path_follower]: waypoint 4477 / 5251 도달 (선 이탈 0.40 m)
[velocity_path_follower.py-9] [INFO] [1787286348.337916855] [velocity_path_follower]: waypoint 4478 / 5251 도달 (선 이탈 0.36 m)
[velocity_path_follower.py-9] [INFO] [1787286348.738012249] [velocity_path_follower]: waypoint 4479 / 5251 도달 (선 이탈 0.31 m)
[velocity_path_follower.py-9] [INFO] [1787286349.087712211] [velocity_path_follower]: waypoint 4480 / 5251 도달 (선 이탈 0.26 m)
[velocity_path_follower.py-9] [INFO] [1787286349.437863549] [velocity_path_follower]: waypoint 4481 / 5251 도달 (선 이탈 0.20 m)
[velocity_path_follower.py-9] [INFO] [1787286349.837813702] [velocity_path_follower]: waypoint 4482 / 5251 도달 (선 이탈 0.15 m)
[velocity_path_follower.py-9] [INFO] [1787286350.190730370] [velocity_path_follower]: waypoint 4483 / 5251 도달 (선 이탈 0.10 m)
[velocity_path_follower.py-9] [INFO] [1787286350.590596876] [velocity_path_follower]: waypoint 4484 / 5251 도달 (선 이탈 0.04 m)
[velocity_path_follower.py-9] [INFO] [1787286350.940635751] [velocity_path_follower]: waypoint 4485 / 5251 도달 (선 이탈 0.01 m)
[velocity_path_follower.py-9] [INFO] [1787286351.294830221] [velocity_path_follower]: waypoint 4486 / 5251 도달 (선 이탈 0.05 m)
[velocity_path_follower.py-9] [INFO] [1787286351.694662839] [velocity_path_follower]: waypoint 4487 / 5251 도달 (선 이탈 0.10 m)
[velocity_path_follower.py-9] [INFO] [1787286352.047029964] [velocity_path_follower]: waypoint 4488 / 5251 도달 (선 이탈 0.14 m)
[velocity_path_follower.py-9] [INFO] [1787286352.349914007] [velocity_path_follower]: 1960.0s  wp 4489/5251 이탈0.2m  위치 ( -18.17,   -77.93,   9.96)
[velocity_path_follower.py-9] [INFO] [1787286352.399194381] [velocity_path_follower]: waypoint 4489 / 5251 도달 (선 이탈 0.17 m)
[velocity_path_follower.py-9] [INFO] [1787286352.807103894] [velocity_path_follower]: waypoint 4490 / 5251 도달 (선 이탈 0.21 m)
[velocity_path_follower.py-9] [INFO] [1787286353.156979662] [velocity_path_follower]: waypoint 4491 / 5251 도달 (선 이탈 0.23 m)
[velocity_path_follower.py-9] [INFO] [1787286353.597421918] [velocity_path_follower]: waypoint 4492 / 5251 도달 (선 이탈 0.25 m)
[velocity_path_follower.py-9] [INFO] [1787286353.955797069] [velocity_path_follower]: waypoint 4493 / 5251 도달 (선 이탈 0.26 m)
[velocity_path_follower.py-9] [INFO] [1787286354.319778120] [velocity_path_follower]: waypoint 4494 / 5251 도달 (선 이탈 0.27 m)
[velocity_path_follower.py-9] [INFO] [1787286354.717682407] [velocity_path_follower]: waypoint 4495 / 5251 도달 (선 이탈 0.27 m)
[velocity_path_follower.py-9] [INFO] [1787286355.071147911] [velocity_path_follower]: waypoint 4496 / 5251 도달 (선 이탈 0.27 m)
[velocity_path_follower.py-9] [INFO] [1787286355.420036510] [velocity_path_follower]: waypoint 4497 / 5251 도달 (선 이탈 0.27 m)
[velocity_path_follower.py-9] [INFO] [1787286355.772768148] [velocity_path_follower]: waypoint 4498 / 5251 도달 (선 이탈 0.26 m)
[velocity_path_follower.py-9] [INFO] [1787286356.122299049] [velocity_path_follower]: waypoint 4499 / 5251 도달 (선 이탈 0.24 m)
[velocity_path_follower.py-9] [INFO] [1787286357.474384131] [velocity_path_follower]: 1965.0s  climb       위치 ( -11.28,   -77.93,   6.02)
[velocity_path_follower.py-9] [INFO] [1787286359.999346217] [velocity_path_follower]: waypoint 4500 / 5251 도달 (선 이탈 0.07 m)
[velocity_path_follower.py-9] [INFO] [1787286360.060738692] [velocity_path_follower]: waypoint 4501 / 5251 도달 (선 이탈 0.07 m)
[velocity_path_follower.py-9] [INFO] [1787286360.115001402] [velocity_path_follower]: waypoint 4502 / 5251 도달 (선 이탈 0.07 m)
[velocity_path_follower.py-9] [INFO] [1787286360.169988811] [velocity_path_follower]: waypoint 4503 / 5251 도달 (선 이탈 0.07 m)
[velocity_path_follower.py-9] [INFO] [1787286360.228832837] [velocity_path_follower]: waypoint 4504 / 5251 도달 (선 이탈 0.07 m)
[velocity_path_follower.py-9] [INFO] [1787286360.278631292] [velocity_path_follower]: waypoint 4505 / 5251 도달 (선 이탈 0.07 m)
[velocity_path_follower.py-9] [INFO] [1787286360.328179708] [velocity_path_follower]: waypoint 4506 / 5251 도달 (선 이탈 0.06 m)
[velocity_path_follower.py-9] [INFO] [1787286360.477185636] [velocity_path_follower]: waypoint 4507 / 5251 도달 (선 이탈 0.06 m)
[velocity_path_follower.py-9] [INFO] [1787286360.730448262] [velocity_path_follower]: waypoint 4508 / 5251 도달 (선 이탈 0.06 m)
[velocity_path_follower.py-9] [INFO] [1787286361.615256730] [velocity_path_follower]: waypoint 4509 / 5251 도달 (선 이탈 0.04 m)
[velocity_path_follower.py-9] [INFO] [1787286362.262013420] [velocity_path_follower]: waypoint 4510 / 5251 도달 (선 이탈 0.02 m)
[velocity_path_follower.py-9] [INFO] [1787286362.813937671] [velocity_path_follower]: waypoint 4511 / 5251 도달 (선 이탈 0.00 m)
[velocity_path_follower.py-9] [INFO] [1787286362.966747455] [velocity_path_follower]: 1970.0s  wp 4512/5251 이탈0.0m  위치 (  -6.94,   -78.10,   8.63)
[velocity_path_follower.py-9] [INFO] [1787286363.368716848] [velocity_path_follower]: waypoint 4512 / 5251 도달 (선 이탈 0.01 m)
[velocity_path_follower.py-9] [INFO] [1787286363.875427870] [velocity_path_follower]: waypoint 4513 / 5251 도달 (선 이탈 0.03 m)
[velocity_path_follower.py-9] [INFO] [1787286364.374452811] [velocity_path_follower]: waypoint 4514 / 5251 도달 (선 이탈 0.03 m)
[velocity_path_follower.py-9] [INFO] [1787286364.829743370] [velocity_path_follower]: waypoint 4515 / 5251 도달 (선 이탈 0.04 m)
[velocity_path_follower.py-9] [INFO] [1787286365.331768264] [velocity_path_follower]: waypoint 4516 / 5251 도달 (선 이탈 0.05 m)
[velocity_path_follower.py-9] [INFO] [1787286365.731841137] [velocity_path_follower]: waypoint 4517 / 5251 도달 (선 이탈 0.05 m)
[velocity_path_follower.py-9] [INFO] [1787286366.181971203] [velocity_path_follower]: waypoint 4518 / 5251 도달 (선 이탈 0.05 m)
[velocity_path_follower.py-9] [INFO] [1787286366.634285544] [velocity_path_follower]: waypoint 4519 / 5251 도달 (선 이탈 0.05 m)
[velocity_path_follower.py-9] [INFO] [1787286367.083844919] [velocity_path_follower]: waypoint 4520 / 5251 도달 (선 이탈 0.05 m)
[velocity_path_follower.py-9] [INFO] [1787286367.483461475] [velocity_path_follower]: waypoint 4521 / 5251 도달 (선 이탈 0.05 m)
[velocity_path_follower.py-9] [INFO] [1787286367.885932522] [velocity_path_follower]: waypoint 4522 / 5251 도달 (선 이탈 0.05 m)
[velocity_path_follower.py-9] [INFO] [1787286368.035851106] [velocity_path_follower]: 1975.0s  wp 4523/5251 이탈0.0m  위치 (  -1.42,   -78.15,  11.65)
[velocity_path_follower.py-9] [INFO] [1787286368.285752286] [velocity_path_follower]: waypoint 4523 / 5251 도달 (선 이탈 0.04 m)
[velocity_path_follower.py-9] [INFO] [1787286368.685910890] [velocity_path_follower]: waypoint 4524 / 5251 도달 (선 이탈 0.04 m)
[velocity_path_follower.py-9] [INFO] [1787286369.085750743] [velocity_path_follower]: waypoint 4525 / 5251 도달 (선 이탈 0.03 m)
[velocity_path_follower.py-9] [INFO] [1787286369.485846800] [velocity_path_follower]: waypoint 4526 / 5251 도달 (선 이탈 0.03 m)
[velocity_path_follower.py-9] [INFO] [1787286369.885793333] [velocity_path_follower]: waypoint 4527 / 5251 도달 (선 이탈 0.02 m)
[velocity_path_follower.py-9] [INFO] [1787286370.236278512] [velocity_path_follower]: waypoint 4528 / 5251 도달 (선 이탈 0.02 m)
[velocity_path_follower.py-9] [INFO] [1787286370.636063108] [velocity_path_follower]: waypoint 4529 / 5251 도달 (선 이탈 0.01 m)
[velocity_path_follower.py-9] [INFO] [1787286371.036672069] [velocity_path_follower]: waypoint 4530 / 5251 도달 (선 이탈 0.00 m)
[velocity_path_follower.py-9] [INFO] [1787286371.385751801] [velocity_path_follower]: waypoint 4531 / 5251 도달 (선 이탈 0.00 m)
[velocity_path_follower.py-9] [INFO] [1787286371.788725023] [velocity_path_follower]: waypoint 4532 / 5251 도달 (선 이탈 0.01 m)
[velocity_path_follower.py-9] [INFO] [1787286372.138717132] [velocity_path_follower]: waypoint 4533 / 5251 도달 (선 이탈 0.01 m)
[velocity_path_follower.py-9] [INFO] [1787286372.538871215] [velocity_path_follower]: waypoint 4534 / 5251 도달 (선 이탈 0.01 m)
[velocity_path_follower.py-9] [INFO] [1787286372.888641747] [velocity_path_follower]: waypoint 4535 / 5251 도달 (선 이탈 0.02 m)
[velocity_path_follower.py-9] [INFO] [1787286373.038585615] [velocity_path_follower]: 1980.0s  wp 4536/5251 이탈0.0m  위치 (   5.12,   -78.08,   9.31)
[velocity_path_follower.py-9] [INFO] [1787286373.288697241] [velocity_path_follower]: waypoint 4536 / 5251 도달 (선 이탈 0.02 m)
[velocity_path_follower.py-9] [INFO] [1787286373.638650286] [velocity_path_follower]: waypoint 4537 / 5251 도달 (선 이탈 0.02 m)
[velocity_path_follower.py-9] [INFO] [1787286373.988914837] [velocity_path_follower]: waypoint 4538 / 5251 도달 (선 이탈 0.03 m)
[velocity_path_follower.py-9] [INFO] [1787286374.341838664] [velocity_path_follower]: waypoint 4539 / 5251 도달 (선 이탈 0.03 m)
[velocity_path_follower.py-9] [INFO] [1787286374.704372383] [velocity_path_follower]: waypoint 4540 / 5251 도달 (선 이탈 0.03 m)
[velocity_path_follower.py-9] [INFO] [1787286375.106856088] [velocity_path_follower]: waypoint 4541 / 5251 도달 (선 이탈 0.03 m)
[velocity_path_follower.py-9] [INFO] [1787286375.458267871] [velocity_path_follower]: waypoint 4542 / 5251 도달 (선 이탈 0.03 m)
[velocity_path_follower.py-9] [INFO] [1787286375.979153401] [velocity_path_follower]: waypoint 4543 / 5251 도달 (선 이탈 0.03 m)
[velocity_path_follower.py-9] [INFO] [1787286376.177935038] [velocity_path_follower]: waypoint 4544 / 5251 도달 (선 이탈 0.03 m)
[velocity_path_follower.py-9] [INFO] [1787286376.528021438] [velocity_path_follower]: waypoint 4545 / 5251 도달 (선 이탈 0.02 m)
[velocity_path_follower.py-9] [INFO] [1787286376.928020569] [velocity_path_follower]: waypoint 4546 / 5251 도달 (선 이탈 0.02 m)
[velocity_path_follower.py-9] [INFO] [1787286377.277950252] [velocity_path_follower]: waypoint 4547 / 5251 도달 (선 이탈 0.02 m)
[velocity_path_follower.py-9] [INFO] [1787286377.627867780] [velocity_path_follower]: waypoint 4548 / 5251 도달 (선 이탈 0.02 m)
[velocity_path_follower.py-9] [INFO] [1787286377.977861569] [velocity_path_follower]: waypoint 4549 / 5251 도달 (선 이탈 0.01 m)
[velocity_path_follower.py-9] [INFO] [1787286378.078000304] [velocity_path_follower]: 1985.0s  wp 4550/5251 이탈0.0m  위치 (  12.07,   -78.09,   9.77)
[velocity_path_follower.py-9] [INFO] [1787286378.327832185] [velocity_path_follower]: waypoint 4550 / 5251 도달 (선 이탈 0.01 m)
[velocity_path_follower.py-9] [INFO] [1787286378.678039454] [velocity_path_follower]: waypoint 4551 / 5251 도달 (선 이탈 0.01 m)
[velocity_path_follower.py-9] [INFO] [1787286379.027983088] [velocity_path_follower]: waypoint 4552 / 5251 도달 (선 이탈 0.01 m)
[velocity_path_follower.py-9] [INFO] [1787286379.378199346] [velocity_path_follower]: waypoint 4553 / 5251 도달 (선 이탈 0.00 m)
[velocity_path_follower.py-9] [INFO] [1787286379.882841129] [velocity_path_follower]: waypoint 4554 / 5251 도달 (선 이탈 0.00 m)
[velocity_path_follower.py-9] [INFO] [1787286380.085216163] [velocity_path_follower]: waypoint 4555 / 5251 도달 (선 이탈 0.00 m)
[velocity_path_follower.py-9] [INFO] [1787286380.439566912] [velocity_path_follower]: waypoint 4556 / 5251 도달 (선 이탈 0.00 m)
[velocity_path_follower.py-9] [INFO] [1787286380.790165050] [velocity_path_follower]: waypoint 4557 / 5251 도달 (선 이탈 0.01 m)
[velocity_path_follower.py-9] [INFO] [1787286381.139419514] [velocity_path_follower]: waypoint 4558 / 5251 도달 (선 이탈 0.01 m)
[velocity_path_follower.py-9] [INFO] [1787286381.491973687] [velocity_path_follower]: waypoint 4559 / 5251 도달 (선 이탈 0.01 m)
[velocity_path_follower.py-9] [INFO] [1787286381.844388172] [velocity_path_follower]: waypoint 4560 / 5251 도달 (선 이탈 0.01 m)
[velocity_path_follower.py-9] [INFO] [1787286382.196658685] [velocity_path_follower]: waypoint 4561 / 5251 도달 (선 이탈 0.01 m)
[velocity_path_follower.py-9] [INFO] [1787286382.548789242] [velocity_path_follower]: waypoint 4562 / 5251 도달 (선 이탈 0.01 m)
[velocity_path_follower.py-9] [INFO] [1787286382.901443836] [velocity_path_follower]: waypoint 4563 / 5251 도달 (선 이탈 0.01 m)
[velocity_path_follower.py-9] [INFO] [1787286383.103408233] [velocity_path_follower]: 1990.0s  wp 4564/5251 이탈0.0m  위치 (  19.22,   -78.11,  11.60)
[velocity_path_follower.py-9] [INFO] [1787286383.253575838] [velocity_path_follower]: waypoint 4564 / 5251 도달 (선 이탈 0.01 m)
[velocity_path_follower.py-9] [INFO] [1787286383.603616861] [velocity_path_follower]: waypoint 4565 / 5251 도달 (선 이탈 0.01 m)
[velocity_path_follower.py-9] [INFO] [1787286383.957447288] [velocity_path_follower]: waypoint 4566 / 5251 도달 (선 이탈 0.01 m)
[velocity_path_follower.py-9] [INFO] [1787286384.307692309] [velocity_path_follower]: waypoint 4567 / 5251 도달 (선 이탈 0.01 m)
[velocity_path_follower.py-9] [INFO] [1787286384.657642602] [velocity_path_follower]: waypoint 4568 / 5251 도달 (선 이탈 0.01 m)
[velocity_path_follower.py-9] [INFO] [1787286385.020401185] [velocity_path_follower]: waypoint 4569 / 5251 도달 (선 이탈 0.01 m)
[velocity_path_follower.py-9] [INFO] [1787286385.372807296] [velocity_path_follower]: waypoint 4570 / 5251 도달 (선 이탈 0.01 m)
[velocity_path_follower.py-9] [INFO] [1787286385.723023620] [velocity_path_follower]: waypoint 4571 / 5251 도달 (선 이탈 0.01 m)
[velocity_path_follower.py-9] [INFO] [1787286386.072551897] [velocity_path_follower]: waypoint 4572 / 5251 도달 (선 이탈 0.01 m)
[velocity_path_follower.py-9] [INFO] [1787286386.423095304] [velocity_path_follower]: waypoint 4573 / 5251 도달 (선 이탈 0.01 m)
[velocity_path_follower.py-9] [INFO] [1787286386.772446574] [velocity_path_follower]: waypoint 4574 / 5251 도달 (선 이탈 0.01 m)
[velocity_path_follower.py-9] [INFO] [1787286387.123300315] [velocity_path_follower]: waypoint 4575 / 5251 도달 (선 이탈 0.00 m)
[velocity_path_follower.py-9] [INFO] [1787286387.472422419] [velocity_path_follower]: waypoint 4576 / 5251 도달 (선 이탈 0.00 m)
[velocity_path_follower.py-9] [INFO] [1787286387.822700862] [velocity_path_follower]: waypoint 4577 / 5251 도달 (선 이탈 0.00 m)
[velocity_path_follower.py-9] [INFO] [1787286388.124302297] [velocity_path_follower]: 1995.0s  wp 4578/5251 이탈0.0m  위치 (  26.36,   -78.10,   9.54)
[velocity_path_follower.py-9] [INFO] [1787286388.176931994] [velocity_path_follower]: waypoint 4578 / 5251 도달 (선 이탈 0.00 m)
[velocity_path_follower.py-9] [INFO] [1787286388.527696336] [velocity_path_follower]: waypoint 4579 / 5251 도달 (선 이탈 0.00 m)
[velocity_path_follower.py-9] [INFO] [1787286388.876857606] [velocity_path_follower]: waypoint 4580 / 5251 도달 (선 이탈 0.00 m)
[velocity_path_follower.py-9] [INFO] [1787286389.227774177] [velocity_path_follower]: waypoint 4581 / 5251 도달 (선 이탈 0.00 m)
[velocity_path_follower.py-9] [INFO] [1787286389.527775695] [velocity_path_follower]: waypoint 4582 / 5251 도달 (선 이탈 0.00 m)
[velocity_path_follower.py-9] [INFO] [1787286389.929466746] [velocity_path_follower]: waypoint 4583 / 5251 도달 (선 이탈 0.01 m)
[velocity_path_follower.py-9] [INFO] [1787286390.279582506] [velocity_path_follower]: waypoint 4584 / 5251 도달 (선 이탈 0.01 m)
[velocity_path_follower.py-9] [INFO] [1787286390.629715992] [velocity_path_follower]: waypoint 4585 / 5251 도달 (선 이탈 0.01 m)
[velocity_path_follower.py-9] [INFO] [1787286390.982626638] [velocity_path_follower]: waypoint 4586 / 5251 도달 (선 이탈 0.01 m)
[velocity_path_follower.py-9] [INFO] [1787286391.282587391] [velocity_path_follower]: waypoint 4587 / 5251 도달 (선 이탈 0.01 m)
[velocity_path_follower.py-9] [INFO] [1787286391.632774588] [velocity_path_follower]: waypoint 4588 / 5251 도달 (선 이탈 0.01 m)
[velocity_path_follower.py-9] [INFO] [1787286391.982449001] [velocity_path_follower]: waypoint 4589 / 5251 도달 (선 이탈 0.01 m)
[velocity_path_follower.py-9] [INFO] [1787286392.332592193] [velocity_path_follower]: waypoint 4590 / 5251 도달 (선 이탈 0.01 m)
[velocity_path_follower.py-9] [INFO] [1787286392.682626404] [velocity_path_follower]: waypoint 4591 / 5251 도달 (선 이탈 0.01 m)
[velocity_path_follower.py-9] [INFO] [1787286393.034646437] [velocity_path_follower]: waypoint 4592 / 5251 도달 (선 이탈 0.01 m)
[velocity_path_follower.py-9] [INFO] [1787286393.134354487] [velocity_path_follower]: 2000.0s  wp 4593/5251 이탈0.0m  위치 (  33.56,   -78.09,   7.79)
[velocity_path_follower.py-9] [INFO] [1787286393.384632178] [velocity_path_follower]: waypoint 4593 / 5251 도달 (선 이탈 0.01 m)
[velocity_path_follower.py-9] [INFO] [1787286393.734697306] [velocity_path_follower]: waypoint 4594 / 5251 도달 (선 이탈 0.01 m)
[velocity_path_follower.py-9] [INFO] [1787286394.084463359] [velocity_path_follower]: waypoint 4595 / 5251 도달 (선 이탈 0.01 m)
[velocity_path_follower.py-9] [INFO] [1787286394.434560196] [velocity_path_follower]: waypoint 4596 / 5251 도달 (선 이탈 0.01 m)
[velocity_path_follower.py-9] [INFO] [1787286394.784584565] [velocity_path_follower]: waypoint 4597 / 5251 도달 (선 이탈 0.00 m)
[velocity_path_follower.py-9] [INFO] [1787286395.134442859] [velocity_path_follower]: waypoint 4598 / 5251 도달 (선 이탈 0.00 m)
[velocity_path_follower.py-9] [INFO] [1787286395.434775551] [velocity_path_follower]: waypoint 4599 / 5251 도달 (선 이탈 0.00 m)
[velocity_path_follower.py-9] [INFO] [1787286395.834640069] [velocity_path_follower]: waypoint 4600 / 5251 도달 (선 이탈 0.00 m)
[velocity_path_follower.py-9] [INFO] [1787286396.184578938] [velocity_path_follower]: waypoint 4601 / 5251 도달 (선 이탈 0.00 m)
[velocity_path_follower.py-9] [INFO] [1787286396.484405654] [velocity_path_follower]: waypoint 4602 / 5251 도달 (선 이탈 0.00 m)
[velocity_path_follower.py-9] [INFO] [1787286396.884719467] [velocity_path_follower]: waypoint 4603 / 5251 도달 (선 이탈 0.00 m)
[velocity_path_follower.py-9] [INFO] [1787286397.184607334] [velocity_path_follower]: waypoint 4604 / 5251 도달 (선 이탈 0.00 m)
[velocity_path_follower.py-9] [INFO] [1787286397.584645669] [velocity_path_follower]: waypoint 4605 / 5251 도달 (선 이탈 0.00 m)
[velocity_path_follower.py-9] [INFO] [1787286397.887772090] [velocity_path_follower]: waypoint 4606 / 5251 도달 (선 이탈 0.00 m)
[velocity_path_follower.py-9] [INFO] [1787286398.137800662] [velocity_path_follower]: 2005.0s  wp 4607/5251 이탈0.0m  위치 (  40.77,   -78.10,  10.19)
[velocity_path_follower.py-9] [INFO] [1787286398.237798656] [velocity_path_follower]: waypoint 4607 / 5251 도달 (선 이탈 0.00 m)
[velocity_path_follower.py-9] [INFO] [1787286398.587458794] [velocity_path_follower]: waypoint 4608 / 5251 도달 (선 이탈 0.00 m)
[velocity_path_follower.py-9] [INFO] [1787286398.937452648] [velocity_path_follower]: waypoint 4609 / 5251 도달 (선 이탈 0.00 m)
[velocity_path_follower.py-9] [INFO] [1787286399.289688848] [velocity_path_follower]: waypoint 4610 / 5251 도달 (선 이탈 0.00 m)
[velocity_path_follower.py-9] [INFO] [1787286399.639626692] [velocity_path_follower]: waypoint 4611 / 5251 도달 (선 이탈 0.00 m)
[velocity_path_follower.py-9] [INFO] [1787286399.989943174] [velocity_path_follower]: waypoint 4612 / 5251 도달 (선 이탈 0.00 m)
[velocity_path_follower.py-9] [INFO] [1787286400.339622860] [velocity_path_follower]: waypoint 4613 / 5251 도달 (선 이탈 0.00 m)
[velocity_path_follower.py-9] [INFO] [1787286400.689578414] [velocity_path_follower]: waypoint 4614 / 5251 도달 (선 이탈 0.00 m)
[velocity_path_follower.py-9] [INFO] [1787286401.039559292] [velocity_path_follower]: waypoint 4615 / 5251 도달 (선 이탈 0.00 m)
[velocity_path_follower.py-9] [INFO] [1787286401.389568604] [velocity_path_follower]: waypoint 4616 / 5251 도달 (선 이탈 0.00 m)
[velocity_path_follower.py-9] [INFO] [1787286401.689435952] [velocity_path_follower]: waypoint 4617 / 5251 도달 (선 이탈 0.00 m)
[velocity_path_follower.py-9] [INFO] [1787286402.089435674] [velocity_path_follower]: waypoint 4618 / 5251 도달 (선 이탈 0.00 m)
[velocity_path_follower.py-9] [INFO] [1787286402.389828241] [velocity_path_follower]: waypoint 4619 / 5251 도달 (선 이탈 0.00 m)
[velocity_path_follower.py-9] [INFO] [1787286402.739591851] [velocity_path_follower]: waypoint 4620 / 5251 도달 (선 이탈 0.00 m)
[velocity_path_follower.py-9] [INFO] [1787286403.089622676] [velocity_path_follower]: waypoint 4621 / 5251 도달 (선 이탈 0.00 m)
[velocity_path_follower.py-9] [INFO] [1787286403.139331417] [velocity_path_follower]: 2010.0s  wp 4622/5251 이탈0.0m  위치 (  47.98,   -78.10,  13.44)
[velocity_path_follower.py-9] [INFO] [1787286403.439410582] [velocity_path_follower]: waypoint 4622 / 5251 도달 (선 이탈 0.00 m)
[velocity_path_follower.py-9] [INFO] [1787286403.789416561] [velocity_path_follower]: waypoint 4623 / 5251 도달 (선 이탈 0.00 m)
[velocity_path_follower.py-9] [INFO] [1787286404.139535757] [velocity_path_follower]: waypoint 4624 / 5251 도달 (선 이탈 0.00 m)
[velocity_path_follower.py-9] [INFO] [1787286404.489362670] [velocity_path_follower]: waypoint 4625 / 5251 도달 (선 이탈 0.00 m)
[velocity_path_follower.py-9] [INFO] [1787286404.839593849] [velocity_path_follower]: waypoint 4626 / 5251 도달 (선 이탈 0.00 m)
[velocity_path_follower.py-9] [INFO] [1787286405.191415230] [velocity_path_follower]: waypoint 4627 / 5251 도달 (선 이탈 0.00 m)
[velocity_path_follower.py-9] [INFO] [1787286405.541753217] [velocity_path_follower]: waypoint 4628 / 5251 도달 (선 이탈 0.00 m)
[velocity_path_follower.py-9] [INFO] [1787286405.891950268] [velocity_path_follower]: waypoint 4629 / 5251 도달 (선 이탈 0.00 m)
[velocity_path_follower.py-9] [INFO] [1787286406.241650955] [velocity_path_follower]: waypoint 4630 / 5251 도달 (선 이탈 0.00 m)
[velocity_path_follower.py-9] [INFO] [1787286406.591599139] [velocity_path_follower]: waypoint 4631 / 5251 도달 (선 이탈 0.00 m)
[velocity_path_follower.py-9] [INFO] [1787286406.891738537] [velocity_path_follower]: waypoint 4632 / 5251 도달 (선 이탈 0.00 m)
[velocity_path_follower.py-9] [INFO] [1787286407.291886170] [velocity_path_follower]: waypoint 4633 / 5251 도달 (선 이탈 0.00 m)
[velocity_path_follower.py-9] [INFO] [1787286407.591649034] [velocity_path_follower]: waypoint 4634 / 5251 도달 (선 이탈 0.00 m)
[velocity_path_follower.py-9] [INFO] [1787286407.941644936] [velocity_path_follower]: waypoint 4635 / 5251 도달 (선 이탈 0.00 m)
[velocity_path_follower.py-9] [INFO] [1787286408.141422996] [velocity_path_follower]: 2015.0s  wp 4636/5251 이탈0.0m  위치 (  55.19,   -78.10,  15.17)
[velocity_path_follower.py-9] [INFO] [1787286408.294720589] [velocity_path_follower]: waypoint 4636 / 5251 도달 (선 이탈 0.00 m)
[velocity_path_follower.py-9] [INFO] [1787286408.641695567] [velocity_path_follower]: waypoint 4637 / 5251 도달 (선 이탈 0.00 m)
[velocity_path_follower.py-9] [INFO] [1787286408.992072734] [velocity_path_follower]: waypoint 4638 / 5251 도달 (선 이탈 0.00 m)
[velocity_path_follower.py-9] [INFO] [1787286409.341701427] [velocity_path_follower]: waypoint 4639 / 5251 도달 (선 이탈 0.00 m)
[velocity_path_follower.py-9] [INFO] [1787286409.691722880] [velocity_path_follower]: waypoint 4640 / 5251 도달 (선 이탈 0.00 m)
[velocity_path_follower.py-9] [INFO] [1787286410.041577505] [velocity_path_follower]: waypoint 4641 / 5251 도달 (선 이탈 0.00 m)
[velocity_path_follower.py-9] [INFO] [1787286410.391716437] [velocity_path_follower]: waypoint 4642 / 5251 도달 (선 이탈 0.00 m)
[velocity_path_follower.py-9] [INFO] [1787286410.741631047] [velocity_path_follower]: waypoint 4643 / 5251 도달 (선 이탈 0.00 m)
[velocity_path_follower.py-9] [INFO] [1787286411.091639596] [velocity_path_follower]: waypoint 4644 / 5251 도달 (선 이탈 0.00 m)
[velocity_path_follower.py-9] [INFO] [1787286411.441720567] [velocity_path_follower]: waypoint 4645 / 5251 도달 (선 이탈 0.00 m)
[velocity_path_follower.py-9] [INFO] [1787286413.141650772] [velocity_path_follower]: 2020.0s  wp 4646/5251 이탈0.8m  위치 (  62.24,   -77.78,  12.56)
[velocity_path_follower.py-9] [INFO] [1787286416.548388701] [velocity_path_follower]: waypoint 4646 / 5251 도달 (선 이탈 2.96 m)
[velocity_path_follower.py-9] [INFO] [1787286418.148537765] [velocity_path_follower]: 2025.0s  wp 4648/5251 이탈0.2m  위치 (  64.26,   -74.33,   9.76)
[velocity_path_follower.py-9] [INFO] [1787286421.499985019] [velocity_path_follower]: waypoint 4648 / 5251 도달 (선 이탈 1.37 m)
[velocity_path_follower.py-9] [INFO] [1787286422.149308964] [velocity_path_follower]: waypoint 4649 / 5251 도달 (선 이탈 1.45 m)
[velocity_path_follower.py-9] [INFO] [1787286422.749307585] [velocity_path_follower]: waypoint 4650 / 5251 도달 (선 이탈 1.45 m)
[velocity_path_follower.py-9] [INFO] [1787286423.249124767] [velocity_path_follower]: 2030.0s  wp 4651/5251 이탈1.4m  위치 (  60.94,   -72.68,  11.29)
[velocity_path_follower.py-9] [INFO] [1787286423.299178966] [velocity_path_follower]: waypoint 4651 / 5251 도달 (선 이탈 1.41 m)
[velocity_path_follower.py-9] [INFO] [1787286423.849457112] [velocity_path_follower]: waypoint 4652 / 5251 도달 (선 이탈 1.32 m)
[velocity_path_follower.py-9] [INFO] [1787286424.399262230] [velocity_path_follower]: waypoint 4653 / 5251 도달 (선 이탈 1.19 m)
[velocity_path_follower.py-9] [INFO] [1787286424.949284661] [velocity_path_follower]: waypoint 4654 / 5251 도달 (선 이탈 1.04 m)
[velocity_path_follower.py-9] [INFO] [1787286425.449363153] [velocity_path_follower]: waypoint 4655 / 5251 도달 (선 이탈 0.87 m)
[velocity_path_follower.py-9] [INFO] [1787286425.949362451] [velocity_path_follower]: waypoint 4656 / 5251 도달 (선 이탈 0.70 m)
[velocity_path_follower.py-9] [INFO] [1787286426.449280634] [velocity_path_follower]: waypoint 4657 / 5251 도달 (선 이탈 0.51 m)
[velocity_path_follower.py-9] [INFO] [1787286426.899413312] [velocity_path_follower]: waypoint 4658 / 5251 도달 (선 이탈 0.34 m)
[velocity_path_follower.py-9] [INFO] [1787286427.349341350] [velocity_path_follower]: waypoint 4659 / 5251 도달 (선 이탈 0.17 m)
[velocity_path_follower.py-9] [INFO] [1787286427.799158048] [velocity_path_follower]: waypoint 4660 / 5251 도달 (선 이탈 0.00 m)
[velocity_path_follower.py-9] [INFO] [1787286428.251727745] [velocity_path_follower]: waypoint 4661 / 5251 도달 (선 이탈 0.15 m)
[velocity_path_follower.py-9] [INFO] [1787286428.301371516] [velocity_path_follower]: 2035.1s  wp 4662/5251 이탈0.2m  위치 (  55.81,   -74.26,  11.80)
[velocity_path_follower.py-9] [INFO] [1787286428.651683206] [velocity_path_follower]: waypoint 4662 / 5251 도달 (선 이탈 0.27 m)
[velocity_path_follower.py-9] [INFO] [1787286429.101607033] [velocity_path_follower]: waypoint 4663 / 5251 도달 (선 이탈 0.39 m)
[velocity_path_follower.py-9] [INFO] [1787286429.501444434] [velocity_path_follower]: waypoint 4664 / 5251 도달 (선 이탈 0.48 m)
[velocity_path_follower.py-9] [INFO] [1787286429.901379639] [velocity_path_follower]: waypoint 4665 / 5251 도달 (선 이탈 0.56 m)
[velocity_path_follower.py-9] [INFO] [1787286430.354394906] [velocity_path_follower]: waypoint 4666 / 5251 도달 (선 이탈 0.63 m)
[velocity_path_follower.py-9] [INFO] [1787286430.754447957] [velocity_path_follower]: waypoint 4667 / 5251 도달 (선 이탈 0.67 m)
[velocity_path_follower.py-9] [INFO] [1787286431.154544466] [velocity_path_follower]: waypoint 4668 / 5251 도달 (선 이탈 0.69 m)
[velocity_path_follower.py-9] [INFO] [1787286431.504349461] [velocity_path_follower]: waypoint 4669 / 5251 도달 (선 이탈 0.70 m)
[velocity_path_follower.py-9] [INFO] [1787286431.907754667] [velocity_path_follower]: waypoint 4670 / 5251 도달 (선 이탈 0.69 m)
[velocity_path_follower.py-9] [INFO] [1787286432.307723232] [velocity_path_follower]: waypoint 4671 / 5251 도달 (선 이탈 0.67 m)
[velocity_path_follower.py-9] [INFO] [1787286432.707601506] [velocity_path_follower]: waypoint 4672 / 5251 도달 (선 이탈 0.63 m)
[velocity_path_follower.py-9] [INFO] [1787286433.107716320] [velocity_path_follower]: waypoint 4673 / 5251 도달 (선 이탈 0.59 m)
[velocity_path_follower.py-9] [INFO] [1787286433.257261477] [velocity_path_follower]: 2040.0s  wp 4674/5251 이탈0.6m  위치 (  49.67,   -74.67,  12.76)
[velocity_path_follower.py-9] [INFO] [1787286433.507428070] [velocity_path_follower]: waypoint 4674 / 5251 도달 (선 이탈 0.53 m)
[velocity_path_follower.py-9] [INFO] [1787286433.857533426] [velocity_path_follower]: waypoint 4675 / 5251 도달 (선 이탈 0.48 m)
[velocity_path_follower.py-9] [INFO] [1787286434.257699614] [velocity_path_follower]: waypoint 4676 / 5251 도달 (선 이탈 0.41 m)
[velocity_path_follower.py-9] [INFO] [1787286434.657573511] [velocity_path_follower]: waypoint 4677 / 5251 도달 (선 이탈 0.33 m)
[velocity_path_follower.py-9] [INFO] [1787286435.007374964] [velocity_path_follower]: waypoint 4678 / 5251 도달 (선 이탈 0.26 m)
[velocity_path_follower.py-9] [INFO] [1787286435.407411465] [velocity_path_follower]: waypoint 4679 / 5251 도달 (선 이탈 0.18 m)
[velocity_path_follower.py-9] [INFO] [1787286435.759671969] [velocity_path_follower]: waypoint 4680 / 5251 도달 (선 이탈 0.12 m)
[velocity_path_follower.py-9] [INFO] [1787286436.160102473] [velocity_path_follower]: waypoint 4681 / 5251 도달 (선 이탈 0.04 m)
[velocity_path_follower.py-9] [INFO] [1787286436.509615171] [velocity_path_follower]: waypoint 4682 / 5251 도달 (선 이탈 0.02 m)
[velocity_path_follower.py-9] [INFO] [1787286436.909673758] [velocity_path_follower]: waypoint 4683 / 5251 도달 (선 이탈 0.09 m)
[velocity_path_follower.py-9] [INFO] [1787286437.259604014] [velocity_path_follower]: waypoint 4684 / 5251 도달 (선 이탈 0.15 m)
[velocity_path_follower.py-9] [INFO] [1787286437.609587207] [velocity_path_follower]: waypoint 4685 / 5251 도달 (선 이탈 0.20 m)
[velocity_path_follower.py-9] [INFO] [1787286437.959702918] [velocity_path_follower]: waypoint 4686 / 5251 도달 (선 이탈 0.24 m)
[velocity_path_follower.py-9] [INFO] [1787286438.259555420] [velocity_path_follower]: 2045.0s  wp 4687/5251 이탈0.3m  위치 (  43.00,   -73.83,  13.14)
[velocity_path_follower.py-9] [INFO] [1787286438.359697386] [velocity_path_follower]: waypoint 4687 / 5251 도달 (선 이탈 0.28 m)
[velocity_path_follower.py-9] [INFO] [1787286438.709432980] [velocity_path_follower]: waypoint 4688 / 5251 도달 (선 이탈 0.31 m)
[velocity_path_follower.py-9] [INFO] [1787286439.059612405] [velocity_path_follower]: waypoint 4689 / 5251 도달 (선 이탈 0.34 m)
[velocity_path_follower.py-9] [INFO] [1787286439.459615947] [velocity_path_follower]: waypoint 4690 / 5251 도달 (선 이탈 0.36 m)
[velocity_path_follower.py-9] [INFO] [1787286439.809761778] [velocity_path_follower]: waypoint 4691 / 5251 도달 (선 이탈 0.37 m)
[velocity_path_follower.py-9] [INFO] [1787286440.159589019] [velocity_path_follower]: waypoint 4692 / 5251 도달 (선 이탈 0.37 m)
[velocity_path_follower.py-9] [INFO] [1787286440.509704488] [velocity_path_follower]: waypoint 4693 / 5251 도달 (선 이탈 0.37 m)
[velocity_path_follower.py-9] [INFO] [1787286440.909543261] [velocity_path_follower]: waypoint 4694 / 5251 도달 (선 이탈 0.35 m)
[velocity_path_follower.py-9] [INFO] [1787286441.261572485] [velocity_path_follower]: waypoint 4695 / 5251 도달 (선 이탈 0.34 m)
[velocity_path_follower.py-9] [INFO] [1787286441.615931818] [velocity_path_follower]: waypoint 4696 / 5251 도달 (선 이탈 0.32 m)
[velocity_path_follower.py-9] [INFO] [1787286441.965763560] [velocity_path_follower]: waypoint 4697 / 5251 도달 (선 이탈 0.29 m)
[velocity_path_follower.py-9] [INFO] [1787286442.315705304] [velocity_path_follower]: waypoint 4698 / 5251 도달 (선 이탈 0.27 m)
[velocity_path_follower.py-9] [INFO] [1787286442.665712963] [velocity_path_follower]: waypoint 4699 / 5251 도달 (선 이탈 0.23 m)
[velocity_path_follower.py-9] [INFO] [1787286443.019155772] [velocity_path_follower]: waypoint 4700 / 5251 도달 (선 이탈 0.20 m)
[velocity_path_follower.py-9] [INFO] [1787286443.269310674] [velocity_path_follower]: 2050.0s  wp 4701/5251 이탈0.2m  위치 (  36.06,   -73.92,   8.16)
[velocity_path_follower.py-9] [INFO] [1787286443.419197496] [velocity_path_follower]: waypoint 4701 / 5251 도달 (선 이탈 0.16 m)
[velocity_path_follower.py-9] [INFO] [1787286443.769168002] [velocity_path_follower]: waypoint 4702 / 5251 도달 (선 이탈 0.12 m)
[velocity_path_follower.py-9] [INFO] [1787286444.119351833] [velocity_path_follower]: waypoint 4703 / 5251 도달 (선 이탈 0.09 m)
[velocity_path_follower.py-9] [INFO] [1787286444.471514517] [velocity_path_follower]: waypoint 4704 / 5251 도달 (선 이탈 0.05 m)
[velocity_path_follower.py-9] [INFO] [1787286444.825632830] [velocity_path_follower]: waypoint 4705 / 5251 도달 (선 이탈 0.01 m)
[velocity_path_follower.py-9] [INFO] [1787286445.175682479] [velocity_path_follower]: waypoint 4706 / 5251 도달 (선 이탈 0.02 m)
[velocity_path_follower.py-9] [INFO] [1787286445.525738618] [velocity_path_follower]: waypoint 4707 / 5251 도달 (선 이탈 0.05 m)
[velocity_path_follower.py-9] [INFO] [1787286445.878401761] [velocity_path_follower]: waypoint 4708 / 5251 도달 (선 이탈 0.08 m)
[velocity_path_follower.py-9] [INFO] [1787286446.227604179] [velocity_path_follower]: waypoint 4709 / 5251 도달 (선 이탈 0.11 m)
[velocity_path_follower.py-9] [INFO] [1787286446.577748807] [velocity_path_follower]: waypoint 4710 / 5251 도달 (선 이탈 0.13 m)
[velocity_path_follower.py-9] [INFO] [1787286446.930719634] [velocity_path_follower]: waypoint 4711 / 5251 도달 (선 이탈 0.15 m)
[velocity_path_follower.py-9] [INFO] [1787286447.280694157] [velocity_path_follower]: waypoint 4712 / 5251 도달 (선 이탈 0.17 m)
[velocity_path_follower.py-9] [INFO] [1787286447.632646663] [velocity_path_follower]: waypoint 4713 / 5251 도달 (선 이탈 0.18 m)
[velocity_path_follower.py-9] [INFO] [1787286448.032646517] [velocity_path_follower]: waypoint 4714 / 5251 도달 (선 이탈 0.19 m)
[velocity_path_follower.py-9] [INFO] [1787286448.282674485] [velocity_path_follower]: 2055.0s  wp 4715/5251 이탈0.2m  위치 (  28.95,   -74.29,   8.07)
[velocity_path_follower.py-9] [INFO] [1787286448.332680620] [velocity_path_follower]: waypoint 4715 / 5251 도달 (선 이탈 0.19 m)
[velocity_path_follower.py-9] [INFO] [1787286448.732733955] [velocity_path_follower]: waypoint 4716 / 5251 도달 (선 이탈 0.19 m)
[velocity_path_follower.py-9] [INFO] [1787286449.032757256] [velocity_path_follower]: waypoint 4717 / 5251 도달 (선 이탈 0.19 m)
[velocity_path_follower.py-9] [INFO] [1787286449.432807137] [velocity_path_follower]: waypoint 4718 / 5251 도달 (선 이탈 0.18 m)
[velocity_path_follower.py-9] [INFO] [1787286449.734975343] [velocity_path_follower]: waypoint 4719 / 5251 도달 (선 이탈 0.18 m)
[velocity_path_follower.py-9] [INFO] [1787286450.134963468] [velocity_path_follower]: waypoint 4720 / 5251 도달 (선 이탈 0.16 m)
[velocity_path_follower.py-9] [INFO] [1787286450.434805787] [velocity_path_follower]: waypoint 4721 / 5251 도달 (선 이탈 0.15 m)
[velocity_path_follower.py-9] [INFO] [1787286450.785051345] [velocity_path_follower]: waypoint 4722 / 5251 도달 (선 이탈 0.14 m)
[velocity_path_follower.py-9] [INFO] [1787286451.134805176] [velocity_path_follower]: waypoint 4723 / 5251 도달 (선 이탈 0.12 m)
[velocity_path_follower.py-9] [INFO] [1787286451.487611125] [velocity_path_follower]: waypoint 4724 / 5251 도달 (선 이탈 0.10 m)
[velocity_path_follower.py-9] [INFO] [1787286451.837592672] [velocity_path_follower]: waypoint 4725 / 5251 도달 (선 이탈 0.08 m)
[velocity_path_follower.py-9] [INFO] [1787286452.237588324] [velocity_path_follower]: waypoint 4726 / 5251 도달 (선 이탈 0.06 m)
[velocity_path_follower.py-9] [INFO] [1787286452.539720633] [velocity_path_follower]: waypoint 4727 / 5251 도달 (선 이탈 0.05 m)
[velocity_path_follower.py-9] [INFO] [1787286452.889646820] [velocity_path_follower]: waypoint 4728 / 5251 도달 (선 이탈 0.03 m)
[velocity_path_follower.py-9] [INFO] [1787286453.239398540] [velocity_path_follower]: waypoint 4729 / 5251 도달 (선 이탈 0.01 m)
[velocity_path_follower.py-9] [INFO] [1787286453.289368431] [velocity_path_follower]: 2060.0s  wp 4730/5251 이탈0.0m  위치 (  21.83,   -74.11,   9.26)
[velocity_path_follower.py-9] [INFO] [1787286453.589719967] [velocity_path_follower]: waypoint 4730 / 5251 도달 (선 이탈 0.01 m)
[velocity_path_follower.py-9] [INFO] [1787286453.943926470] [velocity_path_follower]: waypoint 4731 / 5251 도달 (선 이탈 0.03 m)
[velocity_path_follower.py-9] [INFO] [1787286454.293720494] [velocity_path_follower]: waypoint 4732 / 5251 도달 (선 이탈 0.04 m)
[velocity_path_follower.py-9] [INFO] [1787286454.643757533] [velocity_path_follower]: waypoint 4733 / 5251 도달 (선 이탈 0.05 m)
[velocity_path_follower.py-9] [INFO] [1787286454.995797826] [velocity_path_follower]: waypoint 4734 / 5251 도달 (선 이탈 0.07 m)
[velocity_path_follower.py-9] [INFO] [1787286455.345632280] [velocity_path_follower]: waypoint 4735 / 5251 도달 (선 이탈 0.08 m)
[velocity_path_follower.py-9] [INFO] [1787286455.698500200] [velocity_path_follower]: waypoint 4736 / 5251 도달 (선 이탈 0.09 m)
[velocity_path_follower.py-9] [INFO] [1787286456.053556590] [velocity_path_follower]: waypoint 4737 / 5251 도달 (선 이탈 0.09 m)
[velocity_path_follower.py-9] [INFO] [1787286456.403400944] [velocity_path_follower]: waypoint 4738 / 5251 도달 (선 이탈 0.10 m)
[velocity_path_follower.py-9] [INFO] [1787286456.755422572] [velocity_path_follower]: waypoint 4739 / 5251 도달 (선 이탈 0.10 m)
[velocity_path_follower.py-9] [INFO] [1787286457.105631400] [velocity_path_follower]: waypoint 4740 / 5251 도달 (선 이탈 0.10 m)
[velocity_path_follower.py-9] [INFO] [1787286457.457608880] [velocity_path_follower]: waypoint 4741 / 5251 도달 (선 이탈 0.10 m)
[velocity_path_follower.py-9] [INFO] [1787286457.807658200] [velocity_path_follower]: waypoint 4742 / 5251 도달 (선 이탈 0.10 m)
[velocity_path_follower.py-9] [INFO] [1787286458.157580168] [velocity_path_follower]: waypoint 4743 / 5251 도달 (선 이탈 0.09 m)
[velocity_path_follower.py-9] [INFO] [1787286458.307315685] [velocity_path_follower]: 2065.0s  wp 4744/5251 이탈0.1m  위치 (  14.64,   -74.01,   7.91)
[velocity_path_follower.py-9] [INFO] [1787286458.507960180] [velocity_path_follower]: waypoint 4744 / 5251 도달 (선 이탈 0.09 m)
[velocity_path_follower.py-9] [INFO] [1787286458.857571887] [velocity_path_follower]: waypoint 4745 / 5251 도달 (선 이탈 0.08 m)
[velocity_path_follower.py-9] [INFO] [1787286459.209625758] [velocity_path_follower]: waypoint 4746 / 5251 도달 (선 이탈 0.07 m)
[velocity_path_follower.py-9] [INFO] [1787286459.559401927] [velocity_path_follower]: waypoint 4747 / 5251 도달 (선 이탈 0.06 m)
[velocity_path_follower.py-9] [INFO] [1787286459.911705913] [velocity_path_follower]: waypoint 4748 / 5251 도달 (선 이탈 0.05 m)
[velocity_path_follower.py-9] [INFO] [1787286460.211913644] [velocity_path_follower]: waypoint 4749 / 5251 도달 (선 이탈 0.05 m)
[velocity_path_follower.py-9] [INFO] [1787286460.561639749] [velocity_path_follower]: waypoint 4750 / 5251 도달 (선 이탈 0.04 m)
[velocity_path_follower.py-9] [INFO] [1787286460.962327144] [velocity_path_follower]: waypoint 4751 / 5251 도달 (선 이탈 0.02 m)
[velocity_path_follower.py-9] [INFO] [1787286461.261828395] [velocity_path_follower]: waypoint 4752 / 5251 도달 (선 이탈 0.02 m)
[velocity_path_follower.py-9] [INFO] [1787286461.611711379] [velocity_path_follower]: waypoint 4753 / 5251 도달 (선 이탈 0.01 m)
[velocity_path_follower.py-9] [INFO] [1787286461.961620992] [velocity_path_follower]: waypoint 4754 / 5251 도달 (선 이탈 0.00 m)
[velocity_path_follower.py-9] [INFO] [1787286462.311676910] [velocity_path_follower]: waypoint 4755 / 5251 도달 (선 이탈 0.01 m)
[velocity_path_follower.py-9] [INFO] [1787286462.661642223] [velocity_path_follower]: waypoint 4756 / 5251 도달 (선 이탈 0.02 m)
[velocity_path_follower.py-9] [INFO] [1787286463.011617283] [velocity_path_follower]: waypoint 4757 / 5251 도달 (선 이탈 0.03 m)
[velocity_path_follower.py-9] [INFO] [1787286463.311467399] [velocity_path_follower]: 2070.0s  wp 4758/5251 이탈0.0m  위치 (   7.45,   -74.13,   8.66)
[velocity_path_follower.py-9] [INFO] [1787286463.361803567] [velocity_path_follower]: waypoint 4758 / 5251 도달 (선 이탈 0.03 m)
[velocity_path_follower.py-9] [INFO] [1787286463.711444657] [velocity_path_follower]: waypoint 4759 / 5251 도달 (선 이탈 0.04 m)
[velocity_path_follower.py-9] [INFO] [1787286464.061650093] [velocity_path_follower]: waypoint 4760 / 5251 도달 (선 이탈 0.04 m)
[velocity_path_follower.py-9] [INFO] [1787286464.411693761] [velocity_path_follower]: waypoint 4761 / 5251 도달 (선 이탈 0.05 m)
[velocity_path_follower.py-9] [INFO] [1787286464.711756110] [velocity_path_follower]: waypoint 4762 / 5251 도달 (선 이탈 0.05 m)
[velocity_path_follower.py-9] [INFO] [1787286465.111749520] [velocity_path_follower]: waypoint 4763 / 5251 도달 (선 이탈 0.05 m)
[velocity_path_follower.py-9] [INFO] [1787286465.461838304] [velocity_path_follower]: waypoint 4764 / 5251 도달 (선 이탈 0.05 m)
[velocity_path_follower.py-9] [INFO] [1787286465.811644720] [velocity_path_follower]: waypoint 4765 / 5251 도달 (선 이탈 0.05 m)
[velocity_path_follower.py-9] [INFO] [1787286466.161799176] [velocity_path_follower]: waypoint 4766 / 5251 도달 (선 이탈 0.05 m)
[velocity_path_follower.py-9] [INFO] [1787286466.461655583] [velocity_path_follower]: waypoint 4767 / 5251 도달 (선 이탈 0.05 m)
[velocity_path_follower.py-9] [INFO] [1787286466.861635008] [velocity_path_follower]: waypoint 4768 / 5251 도달 (선 이탈 0.05 m)
[velocity_path_follower.py-9] [INFO] [1787286467.161798242] [velocity_path_follower]: waypoint 4769 / 5251 도달 (선 이탈 0.04 m)
[velocity_path_follower.py-9] [INFO] [1787286467.511731938] [velocity_path_follower]: waypoint 4770 / 5251 도달 (선 이탈 0.04 m)
[velocity_path_follower.py-9] [INFO] [1787286467.864408346] [velocity_path_follower]: waypoint 4771 / 5251 도달 (선 이탈 0.04 m)
[velocity_path_follower.py-9] [INFO] [1787286468.214744450] [velocity_path_follower]: waypoint 4772 / 5251 도달 (선 이탈 0.03 m)
[velocity_path_follower.py-9] [INFO] [1787286468.314322179] [velocity_path_follower]: 2075.0s  wp 4773/5251 이탈0.0m  위치 (   0.24,   -74.13,  10.66)
[velocity_path_follower.py-9] [INFO] [1787286468.564600665] [velocity_path_follower]: waypoint 4773 / 5251 도달 (선 이탈 0.03 m)
[velocity_path_follower.py-9] [INFO] [1787286468.914574978] [velocity_path_follower]: waypoint 4774 / 5251 도달 (선 이탈 0.02 m)
[velocity_path_follower.py-9] [INFO] [1787286469.266818039] [velocity_path_follower]: waypoint 4775 / 5251 도달 (선 이탈 0.02 m)
[velocity_path_follower.py-9] [INFO] [1787286469.616682159] [velocity_path_follower]: waypoint 4776 / 5251 도달 (선 이탈 0.01 m)
[velocity_path_follower.py-9] [INFO] [1787286469.966656334] [velocity_path_follower]: waypoint 4777 / 5251 도달 (선 이탈 0.01 m)
[velocity_path_follower.py-9] [INFO] [1787286470.316674762] [velocity_path_follower]: waypoint 4778 / 5251 도달 (선 이탈 0.00 m)
[velocity_path_follower.py-9] [INFO] [1787286470.666413980] [velocity_path_follower]: waypoint 4779 / 5251 도달 (선 이탈 0.00 m)
[velocity_path_follower.py-9] [INFO] [1787286471.016399223] [velocity_path_follower]: waypoint 4780 / 5251 도달 (선 이탈 0.01 m)
[velocity_path_follower.py-9] [INFO] [1787286471.366575315] [velocity_path_follower]: waypoint 4781 / 5251 도달 (선 이탈 0.01 m)
[velocity_path_follower.py-9] [INFO] [1787286471.668975538] [velocity_path_follower]: waypoint 4782 / 5251 도달 (선 이탈 0.02 m)
[velocity_path_follower.py-9] [INFO] [1787286472.068687780] [velocity_path_follower]: waypoint 4783 / 5251 도달 (선 이탈 0.02 m)
[velocity_path_follower.py-9] [INFO] [1787286472.368595617] [velocity_path_follower]: waypoint 4784 / 5251 도달 (선 이탈 0.02 m)
[velocity_path_follower.py-9] [INFO] [1787286472.718757988] [velocity_path_follower]: waypoint 4785 / 5251 도달 (선 이탈 0.02 m)
[velocity_path_follower.py-9] [INFO] [1787286473.068630597] [velocity_path_follower]: waypoint 4786 / 5251 도달 (선 이탈 0.03 m)
[velocity_path_follower.py-9] [INFO] [1787286473.318401473] [velocity_path_follower]: 2080.0s  wp 4787/5251 이탈0.0m  위치 (  -6.97,   -74.07,  10.03)
[velocity_path_follower.py-9] [INFO] [1787286473.418607851] [velocity_path_follower]: waypoint 4787 / 5251 도달 (선 이탈 0.03 m)
[velocity_path_follower.py-9] [INFO] [1787286473.768720288] [velocity_path_follower]: waypoint 4788 / 5251 도달 (선 이탈 0.03 m)
[velocity_path_follower.py-9] [INFO] [1787286474.120420427] [velocity_path_follower]: waypoint 4789 / 5251 도달 (선 이탈 0.03 m)
[velocity_path_follower.py-9] [INFO] [1787286474.470617196] [velocity_path_follower]: waypoint 4790 / 5251 도달 (선 이탈 0.03 m)
[velocity_path_follower.py-9] [INFO] [1787286474.820437129] [velocity_path_follower]: waypoint 4791 / 5251 도달 (선 이탈 0.03 m)
[velocity_path_follower.py-9] [INFO] [1787286475.170628102] [velocity_path_follower]: waypoint 4792 / 5251 도달 (선 이탈 0.02 m)
[velocity_path_follower.py-9] [INFO] [1787286475.520962920] [velocity_path_follower]: waypoint 4793 / 5251 도달 (선 이탈 0.02 m)
[velocity_path_follower.py-9] [INFO] [1787286475.870595027] [velocity_path_follower]: waypoint 4794 / 5251 도달 (선 이탈 0.02 m)
[velocity_path_follower.py-9] [INFO] [1787286476.220712593] [velocity_path_follower]: waypoint 4795 / 5251 도달 (선 이탈 0.02 m)
[velocity_path_follower.py-9] [INFO] [1787286476.573718389] [velocity_path_follower]: waypoint 4796 / 5251 도달 (선 이탈 0.02 m)
[velocity_path_follower.py-9] [INFO] [1787286476.873672118] [velocity_path_follower]: waypoint 4797 / 5251 도달 (선 이탈 0.01 m)
[velocity_path_follower.py-9] [INFO] [1787286477.273669511] [velocity_path_follower]: waypoint 4798 / 5251 도달 (선 이탈 0.01 m)
[velocity_path_follower.py-9] [INFO] [1787286477.573431387] [velocity_path_follower]: waypoint 4799 / 5251 도달 (선 이탈 0.01 m)
[velocity_path_follower.py-9] [INFO] [1787286477.923403850] [velocity_path_follower]: waypoint 4800 / 5251 도달 (선 이탈 0.01 m)
[velocity_path_follower.py-9] [INFO] [1787286478.282634936] [velocity_path_follower]: waypoint 4801 / 5251 도달 (선 이탈 0.00 m)
[velocity_path_follower.py-9] [INFO] [1787286478.332816921] [velocity_path_follower]: 2085.0s  wp 4802/5251 이탈0.0m  위치 ( -14.21,   -74.10,   7.16)
[velocity_path_follower.py-9] [INFO] [1787286478.632956722] [velocity_path_follower]: waypoint 4802 / 5251 도달 (선 이탈 0.00 m)
[velocity_path_follower.py-9] [INFO] [1787286478.997834257] [velocity_path_follower]: waypoint 4803 / 5251 도달 (선 이탈 0.00 m)
[velocity_path_follower.py-9] [INFO] [1787286479.348626716] [velocity_path_follower]: waypoint 4804 / 5251 도달 (선 이탈 0.00 m)
[ros2-8] [INFO] [1787286479.478103651] [rosbag2_cpp]: Writing remaining messages from cache to the bag. It may take a while
[velocity_path_follower.py-9] [INFO] [1787286482.921972676] [velocity_path_follower]: waypoint 4805 / 5251 도달 (선 이탈 0.02 m)
[velocity_path_follower.py-9] [INFO] [1787286482.970708270] [velocity_path_follower]: waypoint 4806 / 5251 도달 (선 이탈 0.02 m)
[velocity_path_follower.py-9] [INFO] [1787286483.020453646] [velocity_path_follower]: waypoint 4807 / 5251 도달 (선 이탈 0.02 m)
[velocity_path_follower.py-9] [INFO] [1787286483.070575559] [velocity_path_follower]: waypoint 4808 / 5251 도달 (선 이탈 0.02 m)
[velocity_path_follower.py-9] [INFO] [1787286483.122725630] [velocity_path_follower]: waypoint 4809 / 5251 도달 (선 이탈 0.02 m)
[velocity_path_follower.py-9] [INFO] [1787286483.172572427] [velocity_path_follower]: waypoint 4810 / 5251 도달 (선 이탈 0.02 m)
[velocity_path_follower.py-9] [INFO] [1787286483.222835315] [velocity_path_follower]: waypoint 4811 / 5251 도달 (선 이탈 0.02 m)
[velocity_path_follower.py-9] [INFO] [1787286483.272676903] [velocity_path_follower]: waypoint 4812 / 5251 도달 (선 이탈 0.02 m)
[velocity_path_follower.py-9] [INFO] [1787286483.372932647] [velocity_path_follower]: 2090.0s  wp 4813/5251 이탈0.0m  위치 ( -19.83,   -74.12,   6.73)
[velocity_path_follower.py-9] [INFO] [1787286483.822802177] [velocity_path_follower]: waypoint 4813 / 5251 도달 (선 이탈 0.02 m)
[velocity_path_follower.py-9] [INFO] [1787286484.475622154] [velocity_path_follower]: waypoint 4814 / 5251 도달 (선 이탈 0.02 m)
[velocity_path_follower.py-9] [INFO] [1787286485.075714898] [velocity_path_follower]: waypoint 4815 / 5251 도달 (선 이탈 0.02 m)
[velocity_path_follower.py-9] [INFO] [1787286485.627967556] [velocity_path_follower]: waypoint 4816 / 5251 도달 (선 이탈 0.02 m)
[velocity_path_follower.py-9] [INFO] [1787286486.130395495] [velocity_path_follower]: waypoint 4817 / 5251 도달 (선 이탈 0.02 m)
[velocity_path_follower.py-9] [INFO] [1787286486.682648761] [velocity_path_follower]: waypoint 4818 / 5251 도달 (선 이탈 0.02 m)
[velocity_path_follower.py-9] [INFO] [1787286487.134887564] [velocity_path_follower]: waypoint 4819 / 5251 도달 (선 이탈 0.01 m)
[velocity_path_follower.py-9] [INFO] [1787286487.584960613] [velocity_path_follower]: waypoint 4820 / 5251 도달 (선 이탈 0.01 m)
[velocity_path_follower.py-9] [INFO] [1787286488.085323022] [velocity_path_follower]: waypoint 4821 / 5251 도달 (선 이탈 0.01 m)
[velocity_path_follower.py-9] [INFO] [1787286488.384954651] [velocity_path_follower]: 2095.0s  wp 4822/5251 이탈0.0m  위치 ( -24.50,   -74.11,   8.23)
[velocity_path_follower.py-9] [INFO] [1787286488.534949904] [velocity_path_follower]: waypoint 4822 / 5251 도달 (선 이탈 0.00 m)
[velocity_path_follower.py-9] [INFO] [1787286488.935002418] [velocity_path_follower]: waypoint 4823 / 5251 도달 (선 이탈 0.00 m)
[velocity_path_follower.py-9] [INFO] [1787286489.385013665] [velocity_path_follower]: waypoint 4824 / 5251 도달 (선 이탈 0.00 m)
[velocity_path_follower.py-9] [INFO] [1787286489.784990319] [velocity_path_follower]: waypoint 4825 / 5251 도달 (선 이탈 0.00 m)
[velocity_path_follower.py-9] [INFO] [1787286490.184974677] [velocity_path_follower]: waypoint 4826 / 5251 도달 (선 이탈 0.01 m)
[velocity_path_follower.py-9] [INFO] [1787286490.634943038] [velocity_path_follower]: waypoint 4827 / 5251 도달 (선 이탈 0.01 m)
[velocity_path_follower.py-9] [INFO] [1787286491.034961129] [velocity_path_follower]: waypoint 4828 / 5251 도달 (선 이탈 0.01 m)
[velocity_path_follower.py-9] [INFO] [1787286491.434944958] [velocity_path_follower]: waypoint 4829 / 5251 도달 (선 이탈 0.01 m)
[velocity_path_follower.py-9] [INFO] [1787286491.784913737] [velocity_path_follower]: waypoint 4830 / 5251 도달 (선 이탈 0.01 m)
[velocity_path_follower.py-9] [INFO] [1787286492.185026993] [velocity_path_follower]: waypoint 4831 / 5251 도달 (선 이탈 0.01 m)
[velocity_path_follower.py-9] [INFO] [1787286492.585009137] [velocity_path_follower]: waypoint 4832 / 5251 도달 (선 이탈 0.01 m)
[velocity_path_follower.py-9] [INFO] [1787286492.937700980] [velocity_path_follower]: waypoint 4833 / 5251 도달 (선 이탈 0.01 m)
[velocity_path_follower.py-9] [INFO] [1787286493.337647120] [velocity_path_follower]: waypoint 4834 / 5251 도달 (선 이탈 0.01 m)
[velocity_path_follower.py-9] [INFO] [1787286493.387290225] [velocity_path_follower]: 2100.0s  wp 4835/5251 이탈0.0m  위치 ( -30.69,   -74.09,   8.74)
[velocity_path_follower.py-9] [INFO] [1787286493.737666085] [velocity_path_follower]: waypoint 4835 / 5251 도달 (선 이탈 0.01 m)
[velocity_path_follower.py-9] [INFO] [1787286494.087756849] [velocity_path_follower]: waypoint 4836 / 5251 도달 (선 이탈 0.01 m)
[velocity_path_follower.py-9] [INFO] [1787286494.437405996] [velocity_path_follower]: waypoint 4837 / 5251 도달 (선 이탈 0.01 m)
[velocity_path_follower.py-9] [INFO] [1787286494.839818015] [velocity_path_follower]: waypoint 4838 / 5251 도달 (선 이탈 0.01 m)
[velocity_path_follower.py-9] [INFO] [1787286495.189681932] [velocity_path_follower]: waypoint 4839 / 5251 도달 (선 이탈 0.01 m)
[velocity_path_follower.py-9] [INFO] [1787286495.589544222] [velocity_path_follower]: waypoint 4840 / 5251 도달 (선 이탈 0.01 m)
[velocity_path_follower.py-9] [INFO] [1787286495.939625041] [velocity_path_follower]: waypoint 4841 / 5251 도달 (선 이탈 0.01 m)
[velocity_path_follower.py-9] [INFO] [1787286496.289629614] [velocity_path_follower]: waypoint 4842 / 5251 도달 (선 이탈 0.00 m)
[velocity_path_follower.py-9] [INFO] [1787286496.689419797] [velocity_path_follower]: waypoint 4843 / 5251 도달 (선 이탈 0.00 m)
[velocity_path_follower.py-9] [INFO] [1787286497.039684874] [velocity_path_follower]: waypoint 4844 / 5251 도달 (선 이탈 0.00 m)
[velocity_path_follower.py-9] [INFO] [1787286498.389723694] [velocity_path_follower]: 2105.0s  climb       위치 ( -37.41,   -74.10,   6.07)
[velocity_path_follower.py-9] [INFO] [1787286500.390176244] [velocity_path_follower]: waypoint 4845 / 5251 도달 (선 이탈 0.01 m)
[velocity_path_follower.py-9] [INFO] [1787286500.439441054] [velocity_path_follower]: waypoint 4846 / 5251 도달 (선 이탈 0.01 m)
[velocity_path_follower.py-9] [INFO] [1787286500.489801864] [velocity_path_follower]: waypoint 4847 / 5251 도달 (선 이탈 0.01 m)
[velocity_path_follower.py-9] [INFO] [1787286503.389678138] [velocity_path_follower]: 2110.0s  wp 4848/5251 이탈2.1m  위치 ( -40.66,   -73.22,   7.45)
[velocity_path_follower.py-9] [INFO] [1787286505.841681162] [velocity_path_follower]: waypoint 4848 / 5251 도달 (선 이탈 1.67 m)
[velocity_path_follower.py-9] [INFO] [1787286507.391659790] [velocity_path_follower]: waypoint 4850 / 5251 도달 (선 이탈 0.33 m)
[velocity_path_follower.py-9] [INFO] [1787286508.191687250] [velocity_path_follower]: waypoint 4851 / 5251 도달 (선 이탈 0.23 m)
[velocity_path_follower.py-9] [INFO] [1787286508.391301608] [velocity_path_follower]: 2115.0s  wp 4852/5251 이탈0.4m  위치 ( -38.94,   -69.75,   6.79)
[velocity_path_follower.py-9] [INFO] [1787286508.891648296] [velocity_path_follower]: waypoint 4852 / 5251 도달 (선 이탈 0.65 m)
[velocity_path_follower.py-9] [INFO] [1787286509.493707449] [velocity_path_follower]: waypoint 4853 / 5251 도달 (선 이탈 0.94 m)
[velocity_path_follower.py-9] [INFO] [1787286511.296591258] [velocity_path_follower]: waypoint 4854 / 5251 도달 (선 이탈 1.49 m)
[velocity_path_follower.py-9] [INFO] [1787286511.346821547] [velocity_path_follower]: waypoint 4855 / 5251 도달 (선 이탈 1.51 m)
[velocity_path_follower.py-9] [INFO] [1787286511.396654416] [velocity_path_follower]: waypoint 4856 / 5251 도달 (선 이탈 1.52 m)
[velocity_path_follower.py-9] [INFO] [1787286512.046755422] [velocity_path_follower]: waypoint 4857 / 5251 도달 (선 이탈 1.65 m)
[velocity_path_follower.py-9] [INFO] [1787286513.404379889] [velocity_path_follower]: 2120.0s  wp 4858/5251 이탈1.5m  위치 ( -35.65,   -68.56,   7.23)
[velocity_path_follower.py-9] [INFO] [1787286513.554380735] [velocity_path_follower]: waypoint 4858 / 5251 도달 (선 이탈 1.61 m)
[velocity_path_follower.py-9] [INFO] [1787286514.904432764] [velocity_path_follower]: waypoint 4859 / 5251 도달 (선 이탈 2.29 m)
[velocity_path_follower.py-9] [INFO] [1787286515.554683344] [velocity_path_follower]: waypoint 4860 / 5251 도달 (선 이탈 2.65 m)
[velocity_path_follower.py-9] [INFO] [1787286516.406610656] [velocity_path_follower]: waypoint 4861 / 5251 도달 (선 이탈 2.96 m)
[velocity_path_follower.py-9] [INFO] [1787286517.156751721] [velocity_path_follower]: waypoint 4862 / 5251 도달 (선 이탈 3.09 m)
[velocity_path_follower.py-9] [INFO] [1787286517.856417113] [velocity_path_follower]: waypoint 4863 / 5251 도달 (선 이탈 3.11 m)
[velocity_path_follower.py-9] [INFO] [1787286518.406389447] [velocity_path_follower]: 2125.0s  wp 4864/5251 이탈3.1m  위치 ( -32.69,   -67.03,  11.02)
[velocity_path_follower.py-9] [INFO] [1787286518.556585351] [velocity_path_follower]: waypoint 4864 / 5251 도달 (선 이탈 3.05 m)
[velocity_path_follower.py-9] [INFO] [1787286519.206560597] [velocity_path_follower]: waypoint 4865 / 5251 도달 (선 이탈 2.92 m)
[velocity_path_follower.py-9] [INFO] [1787286519.806527737] [velocity_path_follower]: waypoint 4866 / 5251 도달 (선 이탈 2.75 m)
[velocity_path_follower.py-9] [INFO] [1787286520.406668097] [velocity_path_follower]: waypoint 4867 / 5251 도달 (선 이탈 2.53 m)
[velocity_path_follower.py-9] [INFO] [1787286521.006645186] [velocity_path_follower]: waypoint 4868 / 5251 도달 (선 이탈 2.27 m)
[velocity_path_follower.py-9] [INFO] [1787286521.606424536] [velocity_path_follower]: waypoint 4869 / 5251 도달 (선 이탈 1.99 m)
[velocity_path_follower.py-9] [INFO] [1787286522.156728510] [velocity_path_follower]: waypoint 4870 / 5251 도달 (선 이탈 1.68 m)
[velocity_path_follower.py-9] [INFO] [1787286523.406398420] [velocity_path_follower]: 2130.0s  climb       위치 ( -28.54,   -69.11,   5.50)
[velocity_path_follower.py-9] [INFO] [1787286527.263335821] [velocity_path_follower]: waypoint 4871 / 5251 도달 (선 이탈 0.39 m)
[velocity_path_follower.py-9] [INFO] [1787286527.313035247] [velocity_path_follower]: waypoint 4872 / 5251 도달 (선 이탈 0.40 m)
[velocity_path_follower.py-9] [INFO] [1787286527.363154384] [velocity_path_follower]: waypoint 4873 / 5251 도달 (선 이탈 0.41 m)
[velocity_path_follower.py-9] [INFO] [1787286527.413118797] [velocity_path_follower]: waypoint 4874 / 5251 도달 (선 이탈 0.42 m)
[velocity_path_follower.py-9] [INFO] [1787286527.463136798] [velocity_path_follower]: waypoint 4875 / 5251 도달 (선 이탈 0.44 m)
[velocity_path_follower.py-9] [INFO] [1787286527.512971239] [velocity_path_follower]: waypoint 4876 / 5251 도달 (선 이탈 0.44 m)
[velocity_path_follower.py-9] [INFO] [1787286528.364036603] [velocity_path_follower]: waypoint 4877 / 5251 도달 (선 이탈 0.61 m)
[velocity_path_follower.py-9] [INFO] [1787286528.412861549] [velocity_path_follower]: 2135.0s  wp 4878/5251 이탈0.6m  위치 ( -26.07,   -70.72,   7.44)
[velocity_path_follower.py-9] [INFO] [1787286529.363955459] [velocity_path_follower]: waypoint 4878 / 5251 도달 (선 이탈 0.71 m)
[velocity_path_follower.py-9] [INFO] [1787286530.112961956] [velocity_path_follower]: waypoint 4879 / 5251 도달 (선 이탈 0.72 m)
[velocity_path_follower.py-9] [INFO] [1787286530.812894947] [velocity_path_follower]: waypoint 4880 / 5251 도달 (선 이탈 0.68 m)
[velocity_path_follower.py-9] [INFO] [1787286531.457095173] [velocity_path_follower]: waypoint 4881 / 5251 도달 (선 이탈 0.62 m)
[velocity_path_follower.py-9] [INFO] [1787286532.097758499] [velocity_path_follower]: waypoint 4882 / 5251 도달 (선 이탈 0.53 m)
[velocity_path_follower.py-9] [INFO] [1787286532.647629429] [velocity_path_follower]: waypoint 4883 / 5251 도달 (선 이탈 0.43 m)
[velocity_path_follower.py-9] [INFO] [1787286533.147462545] [velocity_path_follower]: waypoint 4884 / 5251 도달 (선 이탈 0.34 m)
[velocity_path_follower.py-9] [INFO] [1787286533.497334743] [velocity_path_follower]: 2140.0s  wp 4885/5251 이탈0.3m  위치 ( -22.25,   -70.37,   8.05)
[velocity_path_follower.py-9] [INFO] [1787286533.648102339] [velocity_path_follower]: waypoint 4885 / 5251 도달 (선 이탈 0.24 m)
[velocity_path_follower.py-9] [INFO] [1787286534.147364371] [velocity_path_follower]: waypoint 4886 / 5251 도달 (선 이탈 0.14 m)
[velocity_path_follower.py-9] [INFO] [1787286534.597589422] [velocity_path_follower]: waypoint 4887 / 5251 도달 (선 이탈 0.05 m)
[velocity_path_follower.py-9] [INFO] [1787286535.047444133] [velocity_path_follower]: waypoint 4888 / 5251 도달 (선 이탈 0.03 m)
[velocity_path_follower.py-9] [INFO] [1787286535.497434773] [velocity_path_follower]: waypoint 4889 / 5251 도달 (선 이탈 0.11 m)
[velocity_path_follower.py-9] [INFO] [1787286535.949744452] [velocity_path_follower]: waypoint 4890 / 5251 도달 (선 이탈 0.18 m)
[velocity_path_follower.py-9] [INFO] [1787286536.351690145] [velocity_path_follower]: waypoint 4891 / 5251 도달 (선 이탈 0.23 m)
[velocity_path_follower.py-9] [INFO] [1787286536.802147573] [velocity_path_follower]: waypoint 4892 / 5251 도달 (선 이탈 0.28 m)
[velocity_path_follower.py-9] [INFO] [1787286538.501658311] [velocity_path_follower]: 2145.0s  climb       위치 ( -16.64,   -69.71,   6.27)
[velocity_path_follower.py-9] [INFO] [1787286539.351717201] [velocity_path_follower]: waypoint 4893 / 5251 도달 (선 이탈 0.44 m)
[velocity_path_follower.py-9] [INFO] [1787286539.401872672] [velocity_path_follower]: waypoint 4894 / 5251 도달 (선 이탈 0.44 m)
[velocity_path_follower.py-9] [INFO] [1787286539.451681607] [velocity_path_follower]: waypoint 4895 / 5251 도달 (선 이탈 0.44 m)
[velocity_path_follower.py-9] [INFO] [1787286539.501691397] [velocity_path_follower]: waypoint 4896 / 5251 도달 (선 이탈 0.44 m)
[velocity_path_follower.py-9] [INFO] [1787286539.551716230] [velocity_path_follower]: waypoint 4897 / 5251 도달 (선 이탈 0.45 m)
[velocity_path_follower.py-9] [INFO] [1787286539.701676133] [velocity_path_follower]: waypoint 4898 / 5251 도달 (선 이탈 0.45 m)
[velocity_path_follower.py-9] [INFO] [1787286540.357704738] [velocity_path_follower]: waypoint 4899 / 5251 도달 (선 이탈 0.47 m)
[velocity_path_follower.py-9] [INFO] [1787286540.925680570] [velocity_path_follower]: waypoint 4900 / 5251 도달 (선 이탈 0.46 m)
[velocity_path_follower.py-9] [INFO] [1787286541.474697719] [velocity_path_follower]: waypoint 4901 / 5251 도달 (선 이탈 0.44 m)
[velocity_path_follower.py-9] [INFO] [1787286542.031190550] [velocity_path_follower]: waypoint 4902 / 5251 도달 (선 이탈 0.39 m)
[velocity_path_follower.py-9] [INFO] [1787286542.546032018] [velocity_path_follower]: waypoint 4903 / 5251 도달 (선 이탈 0.35 m)
[velocity_path_follower.py-9] [INFO] [1787286543.044398204] [velocity_path_follower]: waypoint 4904 / 5251 도달 (선 이탈 0.29 m)
[velocity_path_follower.py-9] [INFO] [1787286543.494331171] [velocity_path_follower]: waypoint 4905 / 5251 도달 (선 이탈 0.23 m)
[velocity_path_follower.py-9] [INFO] [1787286543.544241409] [velocity_path_follower]: 2150.0s  wp 4906/5251 이탈0.2m  위치 ( -12.03,   -69.87,   7.48)
[velocity_path_follower.py-9] [INFO] [1787286543.946746358] [velocity_path_follower]: waypoint 4906 / 5251 도달 (선 이탈 0.18 m)
[velocity_path_follower.py-9] [INFO] [1787286544.396856721] [velocity_path_follower]: waypoint 4907 / 5251 도달 (선 이탈 0.11 m)
[velocity_path_follower.py-9] [INFO] [1787286544.846691462] [velocity_path_follower]: waypoint 4908 / 5251 도달 (선 이탈 0.06 m)
[velocity_path_follower.py-9] [INFO] [1787286545.275902194] [velocity_path_follower]: waypoint 4909 / 5251 도달 (선 이탈 0.00 m)
[velocity_path_follower.py-9] [INFO] [1787286545.762207614] [velocity_path_follower]: waypoint 4910 / 5251 도달 (선 이탈 0.05 m)
[velocity_path_follower.py-9] [INFO] [1787286546.162293112] [velocity_path_follower]: waypoint 4911 / 5251 도달 (선 이탈 0.09 m)
[velocity_path_follower.py-9] [INFO] [1787286546.562212379] [velocity_path_follower]: waypoint 4912 / 5251 도달 (선 이탈 0.13 m)
[velocity_path_follower.py-9] [INFO] [1787286546.963125082] [velocity_path_follower]: waypoint 4913 / 5251 도달 (선 이탈 0.16 m)
[velocity_path_follower.py-9] [INFO] [1787286547.365718678] [velocity_path_follower]: waypoint 4914 / 5251 도달 (선 이탈 0.19 m)
[velocity_path_follower.py-9] [INFO] [1787286547.768466575] [velocity_path_follower]: waypoint 4915 / 5251 도달 (선 이탈 0.21 m)
[velocity_path_follower.py-9] [INFO] [1787286548.168461735] [velocity_path_follower]: waypoint 4916 / 5251 도달 (선 이탈 0.23 m)
[velocity_path_follower.py-9] [INFO] [1787286548.518457651] [velocity_path_follower]: waypoint 4917 / 5251 도달 (선 이탈 0.23 m)
[velocity_path_follower.py-9] [INFO] [1787286548.618429874] [velocity_path_follower]: 2155.0s  wp 4918/5251 이탈0.2m  위치 (  -5.97,   -70.34,   8.64)
[velocity_path_follower.py-9] [INFO] [1787286548.918763004] [velocity_path_follower]: waypoint 4918 / 5251 도달 (선 이탈 0.24 m)
[velocity_path_follower.py-9] [INFO] [1787286549.318602912] [velocity_path_follower]: waypoint 4919 / 5251 도달 (선 이탈 0.24 m)
[velocity_path_follower.py-9] [INFO] [1787286549.671038136] [velocity_path_follower]: waypoint 4920 / 5251 도달 (선 이탈 0.23 m)
[velocity_path_follower.py-9] [INFO] [1787286550.070880889] [velocity_path_follower]: waypoint 4921 / 5251 도달 (선 이탈 0.22 m)
[velocity_path_follower.py-9] [INFO] [1787286550.420881915] [velocity_path_follower]: waypoint 4922 / 5251 도달 (선 이탈 0.21 m)
[velocity_path_follower.py-9] [INFO] [1787286550.823563229] [velocity_path_follower]: waypoint 4923 / 5251 도달 (선 이탈 0.19 m)
[velocity_path_follower.py-9] [INFO] [1787286551.173612977] [velocity_path_follower]: waypoint 4924 / 5251 도달 (선 이탈 0.17 m)
[velocity_path_follower.py-9] [INFO] [1787286551.573540259] [velocity_path_follower]: waypoint 4925 / 5251 도달 (선 이탈 0.15 m)
[velocity_path_follower.py-9] [INFO] [1787286551.924776427] [velocity_path_follower]: waypoint 4926 / 5251 도달 (선 이탈 0.12 m)
[velocity_path_follower.py-9] [INFO] [1787286552.274513428] [velocity_path_follower]: waypoint 4927 / 5251 도달 (선 이탈 0.10 m)
[velocity_path_follower.py-9] [INFO] [1787286552.625709564] [velocity_path_follower]: waypoint 4928 / 5251 도달 (선 이탈 0.08 m)
[velocity_path_follower.py-9] [INFO] [1787286553.025784319] [velocity_path_follower]: waypoint 4929 / 5251 도달 (선 이탈 0.05 m)
[velocity_path_follower.py-9] [INFO] [1787286553.375674418] [velocity_path_follower]: waypoint 4930 / 5251 도달 (선 이탈 0.03 m)
[velocity_path_follower.py-9] [INFO] [1787286553.625630897] [velocity_path_follower]: 2160.0s  wp 4931/5251 이탈0.0m  위치 (   0.78,   -70.11,   8.94)
[velocity_path_follower.py-9] [INFO] [1787286553.728798600] [velocity_path_follower]: waypoint 4931 / 5251 도달 (선 이탈 0.00 m)
[velocity_path_follower.py-9] [INFO] [1787286554.080612131] [velocity_path_follower]: waypoint 4932 / 5251 도달 (선 이탈 0.02 m)
[velocity_path_follower.py-9] [INFO] [1787286554.481033019] [velocity_path_follower]: waypoint 4933 / 5251 도달 (선 이탈 0.04 m)
[velocity_path_follower.py-9] [INFO] [1787286554.830801245] [velocity_path_follower]: waypoint 4934 / 5251 도달 (선 이탈 0.06 m)
[velocity_path_follower.py-9] [INFO] [1787286555.180794625] [velocity_path_follower]: waypoint 4935 / 5251 도달 (선 이탈 0.07 m)
[velocity_path_follower.py-9] [INFO] [1787286555.530807766] [velocity_path_follower]: waypoint 4936 / 5251 도달 (선 이탈 0.09 m)
[velocity_path_follower.py-9] [INFO] [1787286555.880934002] [velocity_path_follower]: waypoint 4937 / 5251 도달 (선 이탈 0.10 m)
[velocity_path_follower.py-9] [INFO] [1787286556.230999936] [velocity_path_follower]: waypoint 4938 / 5251 도달 (선 이탈 0.11 m)
[velocity_path_follower.py-9] [INFO] [1787286556.585733658] [velocity_path_follower]: waypoint 4939 / 5251 도달 (선 이탈 0.12 m)
[velocity_path_follower.py-9] [INFO] [1787286556.990896709] [velocity_path_follower]: waypoint 4940 / 5251 도달 (선 이탈 0.12 m)
[velocity_path_follower.py-9] [INFO] [1787286557.343538984] [velocity_path_follower]: waypoint 4941 / 5251 도달 (선 이탈 0.12 m)
[velocity_path_follower.py-9] [INFO] [1787286558.730912065] [velocity_path_follower]: 2165.0s  climb       위치 (   7.72,   -69.98,   6.25)
[velocity_path_follower.py-9] [INFO] [1787286560.103164536] [velocity_path_follower]: waypoint 4942 / 5251 도달 (선 이탈 0.11 m)
[velocity_path_follower.py-9] [INFO] [1787286560.152862084] [velocity_path_follower]: waypoint 4943 / 5251 도달 (선 이탈 0.11 m)
[velocity_path_follower.py-9] [INFO] [1787286560.205422131] [velocity_path_follower]: waypoint 4944 / 5251 도달 (선 이탈 0.11 m)
[velocity_path_follower.py-9] [INFO] [1787286560.257043874] [velocity_path_follower]: waypoint 4945 / 5251 도달 (선 이탈 0.11 m)
[velocity_path_follower.py-9] [INFO] [1787286560.305671439] [velocity_path_follower]: waypoint 4946 / 5251 도달 (선 이탈 0.11 m)
[velocity_path_follower.py-9] [INFO] [1787286560.355656682] [velocity_path_follower]: waypoint 4947 / 5251 도달 (선 이탈 0.11 m)
[velocity_path_follower.py-9] [INFO] [1787286560.405673763] [velocity_path_follower]: waypoint 4948 / 5251 도달 (선 이탈 0.11 m)
[velocity_path_follower.py-9] [INFO] [1787286561.097368210] [velocity_path_follower]: waypoint 4949 / 5251 도달 (선 이탈 0.11 m)
[velocity_path_follower.py-9] [INFO] [1787286561.654938321] [velocity_path_follower]: waypoint 4950 / 5251 도달 (선 이탈 0.10 m)
[velocity_path_follower.py-9] [INFO] [1787286562.196140651] [velocity_path_follower]: waypoint 4951 / 5251 도달 (선 이탈 0.09 m)
[velocity_path_follower.py-9] [INFO] [1787286562.797001828] [velocity_path_follower]: waypoint 4952 / 5251 도달 (선 이탈 0.08 m)
[velocity_path_follower.py-9] [INFO] [1787286563.303937484] [velocity_path_follower]: waypoint 4953 / 5251 도달 (선 이탈 0.07 m)
[velocity_path_follower.py-9] [INFO] [1787286563.760913264] [velocity_path_follower]: waypoint 4954 / 5251 도달 (선 이탈 0.05 m)
[velocity_path_follower.py-9] [INFO] [1787286564.071076078] [velocity_path_follower]: 2170.0s  wp 4955/5251 이탈0.0m  위치 (  12.76,   -70.06,   8.02)
[velocity_path_follower.py-9] [INFO] [1787286564.223796224] [velocity_path_follower]: waypoint 4955 / 5251 도달 (선 이탈 0.04 m)
[velocity_path_follower.py-9] [INFO] [1787286564.674329518] [velocity_path_follower]: waypoint 4956 / 5251 도달 (선 이탈 0.02 m)
[velocity_path_follower.py-9] [INFO] [1787286565.127686614] [velocity_path_follower]: waypoint 4957 / 5251 도달 (선 이탈 0.01 m)
[velocity_path_follower.py-9] [INFO] [1787286565.529784033] [velocity_path_follower]: waypoint 4958 / 5251 도달 (선 이탈 0.00 m)
[velocity_path_follower.py-9] [INFO] [1787286565.982778948] [velocity_path_follower]: waypoint 4959 / 5251 도달 (선 이탈 0.01 m)
[velocity_path_follower.py-9] [INFO] [1787286566.386428826] [velocity_path_follower]: waypoint 4960 / 5251 도달 (선 이탈 0.02 m)
[velocity_path_follower.py-9] [INFO] [1787286566.906635532] [velocity_path_follower]: waypoint 4961 / 5251 도달 (선 이탈 0.03 m)
[velocity_path_follower.py-9] [INFO] [1787286567.389162922] [velocity_path_follower]: waypoint 4962 / 5251 도달 (선 이탈 0.04 m)
[velocity_path_follower.py-9] [INFO] [1787286567.804024929] [velocity_path_follower]: waypoint 4963 / 5251 도달 (선 이탈 0.05 m)
[velocity_path_follower.py-9] [INFO] [1787286568.206738595] [velocity_path_follower]: waypoint 4964 / 5251 도달 (선 이탈 0.05 m)
[velocity_path_follower.py-9] [INFO] [1787286568.556723740] [velocity_path_follower]: waypoint 4965 / 5251 도달 (선 이탈 0.05 m)
[velocity_path_follower.py-9] [INFO] [1787286568.963234625] [velocity_path_follower]: waypoint 4966 / 5251 도달 (선 이탈 0.06 m)
[velocity_path_follower.py-9] [INFO] [1787286569.313308138] [velocity_path_follower]: 2175.0s  wp 4967/5251 이탈0.1m  위치 (  18.90,   -70.16,   8.51)
[velocity_path_follower.py-9] [INFO] [1787286569.365589527] [velocity_path_follower]: waypoint 4967 / 5251 도달 (선 이탈 0.06 m)
[velocity_path_follower.py-9] [INFO] [1787286569.720441510] [velocity_path_follower]: waypoint 4968 / 5251 도달 (선 이탈 0.06 m)
[velocity_path_follower.py-9] [INFO] [1787286570.133831857] [velocity_path_follower]: waypoint 4969 / 5251 도달 (선 이탈 0.05 m)
[velocity_path_follower.py-9] [INFO] [1787286570.569119877] [velocity_path_follower]: waypoint 4970 / 5251 도달 (선 이탈 0.05 m)
[velocity_path_follower.py-9] [INFO] [1787286571.008127266] [velocity_path_follower]: waypoint 4971 / 5251 도달 (선 이탈 0.05 m)
[velocity_path_follower.py-9] [INFO] [1787286571.367856604] [velocity_path_follower]: waypoint 4972 / 5251 도달 (선 이탈 0.04 m)
[velocity_path_follower.py-9] [INFO] [1787286571.767772607] [velocity_path_follower]: waypoint 4973 / 5251 도달 (선 이탈 0.04 m)
[velocity_path_follower.py-9] [INFO] [1787286572.117991894] [velocity_path_follower]: waypoint 4974 / 5251 도달 (선 이탈 0.03 m)
[velocity_path_follower.py-9] [INFO] [1787286572.524739377] [velocity_path_follower]: waypoint 4975 / 5251 도달 (선 이탈 0.03 m)
[velocity_path_follower.py-9] [INFO] [1787286572.874596627] [velocity_path_follower]: waypoint 4976 / 5251 도달 (선 이탈 0.02 m)
[velocity_path_follower.py-9] [INFO] [1787286573.229108380] [velocity_path_follower]: waypoint 4977 / 5251 도달 (선 이탈 0.02 m)
[velocity_path_follower.py-9] [INFO] [1787286573.578958024] [velocity_path_follower]: waypoint 4978 / 5251 도달 (선 이탈 0.01 m)
[velocity_path_follower.py-9] [INFO] [1787286573.931854636] [velocity_path_follower]: waypoint 4979 / 5251 도달 (선 이탈 0.01 m)
[velocity_path_follower.py-9] [INFO] [1787286574.331721636] [velocity_path_follower]: waypoint 4980 / 5251 도달 (선 이탈 0.00 m)
[velocity_path_follower.py-9] [INFO] [1787286574.481713938] [velocity_path_follower]: 2180.0s  wp 4981/5251 이탈0.0m  위치 (  25.66,   -70.10,   8.19)
[velocity_path_follower.py-9] [INFO] [1787286574.684856333] [velocity_path_follower]: waypoint 4981 / 5251 도달 (선 이탈 0.01 m)
[velocity_path_follower.py-9] [INFO] [1787286575.036906123] [velocity_path_follower]: waypoint 4982 / 5251 도달 (선 이탈 0.01 m)
[velocity_path_follower.py-9] [INFO] [1787286575.386979287] [velocity_path_follower]: waypoint 4983 / 5251 도달 (선 이탈 0.02 m)
[velocity_path_follower.py-9] [INFO] [1787286575.746692111] [velocity_path_follower]: waypoint 4984 / 5251 도달 (선 이탈 0.02 m)
[velocity_path_follower.py-9] [INFO] [1787286576.102369768] [velocity_path_follower]: waypoint 4985 / 5251 도달 (선 이탈 0.02 m)
[velocity_path_follower.py-9] [INFO] [1787286576.465002606] [velocity_path_follower]: waypoint 4986 / 5251 도달 (선 이탈 0.03 m)
[velocity_path_follower.py-9] [INFO] [1787286576.864452033] [velocity_path_follower]: waypoint 4987 / 5251 도달 (선 이탈 0.03 m)
[velocity_path_follower.py-9] [INFO] [1787286577.305747116] [velocity_path_follower]: waypoint 4988 / 5251 도달 (선 이탈 0.03 m)
[velocity_path_follower.py-9] [INFO] [1787286577.655804735] [velocity_path_follower]: waypoint 4989 / 5251 도달 (선 이탈 0.03 m)
[velocity_path_follower.py-9] [INFO] [1787286578.043635189] [velocity_path_follower]: waypoint 4990 / 5251 도달 (선 이탈 0.03 m)
[velocity_path_follower.py-9] [INFO] [1787286578.393693746] [velocity_path_follower]: waypoint 4991 / 5251 도달 (선 이탈 0.03 m)
[velocity_path_follower.py-9] [INFO] [1787286578.745599942] [velocity_path_follower]: waypoint 4992 / 5251 도달 (선 이탈 0.03 m)
[velocity_path_follower.py-9] [INFO] [1787286579.099855143] [velocity_path_follower]: waypoint 4993 / 5251 도달 (선 이탈 0.03 m)
[velocity_path_follower.py-9] [INFO] [1787286579.449705658] [velocity_path_follower]: waypoint 4994 / 5251 도달 (선 이탈 0.03 m)
[velocity_path_follower.py-9] [INFO] [1787286579.649392698] [velocity_path_follower]: 2185.0s  wp 4995/5251 이탈0.0m  위치 (  32.71,   -70.07,   9.03)
[velocity_path_follower.py-9] [INFO] [1787286579.799751651] [velocity_path_follower]: waypoint 4995 / 5251 도달 (선 이탈 0.03 m)
[velocity_path_follower.py-9] [INFO] [1787286580.170537022] [velocity_path_follower]: waypoint 4996 / 5251 도달 (선 이탈 0.02 m)
[velocity_path_follower.py-9] [INFO] [1787286580.519061971] [velocity_path_follower]: waypoint 4997 / 5251 도달 (선 이탈 0.02 m)
[velocity_path_follower.py-9] [INFO] [1787286581.165868298] [velocity_path_follower]: waypoint 4998 / 5251 도달 (선 이탈 0.02 m)
[velocity_path_follower.py-9] [INFO] [1787286581.517011024] [velocity_path_follower]: waypoint 4999 / 5251 도달 (선 이탈 0.01 m)
[velocity_path_follower.py-9] [INFO] [1787286581.873218203] [velocity_path_follower]: waypoint 5000 / 5251 도달 (선 이탈 0.01 m)
[velocity_path_follower.py-9] [INFO] [1787286582.226627611] [velocity_path_follower]: waypoint 5001 / 5251 도달 (선 이탈 0.01 m)
[velocity_path_follower.py-9] [INFO] [1787286582.579044440] [velocity_path_follower]: waypoint 5002 / 5251 도달 (선 이탈 0.01 m)
[velocity_path_follower.py-9] [INFO] [1787286582.928889394] [velocity_path_follower]: waypoint 5003 / 5251 도달 (선 이탈 0.00 m)
[velocity_path_follower.py-9] [INFO] [1787286583.279627011] [velocity_path_follower]: waypoint 5004 / 5251 도달 (선 이탈 0.00 m)
[velocity_path_follower.py-9] [INFO] [1787286583.628874554] [velocity_path_follower]: waypoint 5005 / 5251 도달 (선 이탈 0.00 m)
[velocity_path_follower.py-9] [INFO] [1787286583.981665900] [velocity_path_follower]: waypoint 5006 / 5251 도달 (선 이탈 0.00 m)
[velocity_path_follower.py-9] [INFO] [1787286584.338367776] [velocity_path_follower]: waypoint 5007 / 5251 도달 (선 이탈 0.01 m)
[velocity_path_follower.py-9] [INFO] [1787286584.688776121] [velocity_path_follower]: waypoint 5008 / 5251 도달 (선 이탈 0.01 m)
[velocity_path_follower.py-9] [INFO] [1787286584.991035495] [velocity_path_follower]: 2190.0s  wp 5009/5251 이탈0.0m  위치 (  39.86,   -70.11,   9.87)
[velocity_path_follower.py-9] [INFO] [1787286585.040634391] [velocity_path_follower]: waypoint 5009 / 5251 도달 (선 이탈 0.01 m)
[velocity_path_follower.py-9] [INFO] [1787286585.390573921] [velocity_path_follower]: waypoint 5010 / 5251 도달 (선 이탈 0.01 m)
[velocity_path_follower.py-9] [INFO] [1787286585.740560622] [velocity_path_follower]: waypoint 5011 / 5251 도달 (선 이탈 0.01 m)
[velocity_path_follower.py-9] [INFO] [1787286586.090663568] [velocity_path_follower]: waypoint 5012 / 5251 도달 (선 이탈 0.01 m)
[velocity_path_follower.py-9] [INFO] [1787286586.440748509] [velocity_path_follower]: waypoint 5013 / 5251 도달 (선 이탈 0.01 m)
[velocity_path_follower.py-9] [INFO] [1787286586.790788488] [velocity_path_follower]: waypoint 5014 / 5251 도달 (선 이탈 0.02 m)
[velocity_path_follower.py-9] [INFO] [1787286587.092833845] [velocity_path_follower]: waypoint 5015 / 5251 도달 (선 이탈 0.02 m)
[velocity_path_follower.py-9] [INFO] [1787286587.492886847] [velocity_path_follower]: waypoint 5016 / 5251 도달 (선 이탈 0.01 m)
[velocity_path_follower.py-9] [INFO] [1787286587.842867343] [velocity_path_follower]: waypoint 5017 / 5251 도달 (선 이탈 0.01 m)
[velocity_path_follower.py-9] [INFO] [1787286588.192634785] [velocity_path_follower]: waypoint 5018 / 5251 도달 (선 이탈 0.01 m)
[velocity_path_follower.py-9] [INFO] [1787286588.492981182] [velocity_path_follower]: waypoint 5019 / 5251 도달 (선 이탈 0.01 m)
[velocity_path_follower.py-9] [INFO] [1787286588.842836355] [velocity_path_follower]: waypoint 5020 / 5251 도달 (선 이탈 0.01 m)
[velocity_path_follower.py-9] [INFO] [1787286589.242631347] [velocity_path_follower]: waypoint 5021 / 5251 도달 (선 이탈 0.01 m)
[velocity_path_follower.py-9] [INFO] [1787286589.542739669] [velocity_path_follower]: waypoint 5022 / 5251 도달 (선 이탈 0.01 m)
[velocity_path_follower.py-9] [INFO] [1787286589.892667081] [velocity_path_follower]: waypoint 5023 / 5251 도달 (선 이탈 0.01 m)
[velocity_path_follower.py-9] [INFO] [1787286589.992651377] [velocity_path_follower]: 2195.0s  wp 5024/5251 이탈0.0m  위치 (  47.04,   -70.11,  10.22)
[velocity_path_follower.py-9] [INFO] [1787286590.245714418] [velocity_path_follower]: waypoint 5024 / 5251 도달 (선 이탈 0.01 m)
[velocity_path_follower.py-9] [INFO] [1787286590.596019848] [velocity_path_follower]: waypoint 5025 / 5251 도달 (선 이탈 0.00 m)
[velocity_path_follower.py-9] [INFO] [1787286590.945850399] [velocity_path_follower]: waypoint 5026 / 5251 도달 (선 이탈 0.00 m)
[velocity_path_follower.py-9] [INFO] [1787286591.295717445] [velocity_path_follower]: waypoint 5027 / 5251 도달 (선 이탈 0.00 m)
[velocity_path_follower.py-9] [INFO] [1787286591.645677658] [velocity_path_follower]: waypoint 5028 / 5251 도달 (선 이탈 0.00 m)
[velocity_path_follower.py-9] [INFO] [1787286591.995619910] [velocity_path_follower]: waypoint 5029 / 5251 도달 (선 이탈 0.00 m)
[velocity_path_follower.py-9] [INFO] [1787286592.347828529] [velocity_path_follower]: waypoint 5030 / 5251 도달 (선 이탈 0.00 m)
[velocity_path_follower.py-9] [INFO] [1787286592.697910986] [velocity_path_follower]: waypoint 5031 / 5251 도달 (선 이탈 0.00 m)
[velocity_path_follower.py-9] [INFO] [1787286593.047704448] [velocity_path_follower]: waypoint 5032 / 5251 도달 (선 이탈 0.01 m)
[velocity_path_follower.py-9] [INFO] [1787286593.397668668] [velocity_path_follower]: waypoint 5033 / 5251 도달 (선 이탈 0.01 m)
[velocity_path_follower.py-9] [INFO] [1787286593.747810112] [velocity_path_follower]: waypoint 5034 / 5251 도달 (선 이탈 0.01 m)
[velocity_path_follower.py-9] [INFO] [1787286594.097912745] [velocity_path_follower]: waypoint 5035 / 5251 도달 (선 이탈 0.01 m)
[velocity_path_follower.py-9] [INFO] [1787286594.663160167] [velocity_path_follower]: waypoint 5036 / 5251 도달 (선 이탈 0.01 m)
[velocity_path_follower.py-9] [INFO] [1787286594.962942120] [velocity_path_follower]: waypoint 5037 / 5251 도달 (선 이탈 0.01 m)
[velocity_path_follower.py-9] [INFO] [1787286595.213420914] [velocity_path_follower]: 2200.0s  wp 5038/5251 이탈0.0m  위치 (  54.25,   -70.09,  10.75)
[velocity_path_follower.py-9] [INFO] [1787286595.363286071] [velocity_path_follower]: waypoint 5038 / 5251 도달 (선 이탈 0.01 m)
[velocity_path_follower.py-9] [INFO] [1787286595.662972048] [velocity_path_follower]: waypoint 5039 / 5251 도달 (선 이탈 0.01 m)
[velocity_path_follower.py-9] [INFO] [1787286596.012833263] [velocity_path_follower]: waypoint 5040 / 5251 도달 (선 이탈 0.01 m)
[velocity_path_follower.py-9] [INFO] [1787286596.362958322] [velocity_path_follower]: waypoint 5041 / 5251 도달 (선 이탈 0.01 m)
[velocity_path_follower.py-9] [INFO] [1787286596.713673854] [velocity_path_follower]: waypoint 5042 / 5251 도달 (선 이탈 0.01 m)
[velocity_path_follower.py-9] [INFO] [1787286597.062971615] [velocity_path_follower]: waypoint 5043 / 5251 도달 (선 이탈 0.01 m)
[velocity_path_follower.py-9] [INFO] [1787286597.412877095] [velocity_path_follower]: waypoint 5044 / 5251 도달 (선 이탈 0.01 m)
[velocity_path_follower.py-9] [INFO] [1787286597.762986719] [velocity_path_follower]: waypoint 5045 / 5251 도달 (선 이탈 0.01 m)
[velocity_path_follower.py-9] [INFO] [1787286598.112796130] [velocity_path_follower]: waypoint 5046 / 5251 도달 (선 이탈 0.01 m)
[velocity_path_follower.py-9] [INFO] [1787286598.462829105] [velocity_path_follower]: waypoint 5047 / 5251 도달 (선 이탈 0.00 m)
[velocity_path_follower.py-9] [INFO] [1787286598.812818160] [velocity_path_follower]: waypoint 5048 / 5251 도달 (선 이탈 0.00 m)
[velocity_path_follower.py-9] [INFO] [1787286599.162994956] [velocity_path_follower]: waypoint 5049 / 5251 도달 (선 이탈 0.00 m)
[velocity_path_follower.py-9] [INFO] [1787286600.212862652] [velocity_path_follower]: 2205.0s  wp 5050/5251 이탈0.0m  위치 (  61.42,   -70.00,  11.36)
[velocity_path_follower.py-9] [INFO] [1787286604.215607976] [velocity_path_follower]: waypoint 5050 / 5251 도달 (선 이탈 2.94 m)
[velocity_path_follower.py-9] [INFO] [1787286605.215448332] [velocity_path_follower]: 2210.0s  wp 5052/5251 이탈0.7m  위치 (  64.38,   -66.80,  11.15)
[velocity_path_follower.py-9] [INFO] [1787286609.167554549] [velocity_path_follower]: waypoint 5052 / 5251 도달 (선 이탈 1.40 m)
[velocity_path_follower.py-9] [INFO] [1787286609.818066270] [velocity_path_follower]: waypoint 5053 / 5251 도달 (선 이탈 1.47 m)
[velocity_path_follower.py-9] [INFO] [1787286610.217406716] [velocity_path_follower]: 2215.0s  wp 5054/5251 이탈1.5m  위치 (  61.55,   -64.62,  10.89)
[velocity_path_follower.py-9] [INFO] [1787286610.417698150] [velocity_path_follower]: waypoint 5054 / 5251 도달 (선 이탈 1.47 m)
[velocity_path_follower.py-9] [INFO] [1787286610.967582381] [velocity_path_follower]: waypoint 5055 / 5251 도달 (선 이탈 1.42 m)
[velocity_path_follower.py-9] [INFO] [1787286611.567866329] [velocity_path_follower]: waypoint 5056 / 5251 도달 (선 이탈 1.32 m)
[velocity_path_follower.py-9] [INFO] [1787286612.117682075] [velocity_path_follower]: waypoint 5057 / 5251 도달 (선 이탈 1.19 m)
[velocity_path_follower.py-9] [INFO] [1787286612.617610510] [velocity_path_follower]: waypoint 5058 / 5251 도달 (선 이탈 1.04 m)
[velocity_path_follower.py-9] [INFO] [1787286613.168209317] [velocity_path_follower]: waypoint 5059 / 5251 도달 (선 이탈 0.85 m)
[velocity_path_follower.py-9] [INFO] [1787286613.667661214] [velocity_path_follower]: waypoint 5060 / 5251 도달 (선 이탈 0.67 m)
[velocity_path_follower.py-9] [INFO] [1787286614.117884002] [velocity_path_follower]: waypoint 5061 / 5251 도달 (선 이탈 0.50 m)
[velocity_path_follower.py-9] [INFO] [1787286614.618992390] [velocity_path_follower]: waypoint 5062 / 5251 도달 (선 이탈 0.31 m)
[velocity_path_follower.py-9] [INFO] [1787286615.067873826] [velocity_path_follower]: waypoint 5063 / 5251 도달 (선 이탈 0.13 m)
[velocity_path_follower.py-9] [INFO] [1787286615.217839677] [velocity_path_follower]: 2220.0s  wp 5064/5251 이탈0.1m  위치 (  56.71,   -66.02,  10.89)
[velocity_path_follower.py-9] [INFO] [1787286615.518576579] [velocity_path_follower]: waypoint 5064 / 5251 도달 (선 이탈 0.03 m)
[velocity_path_follower.py-9] [INFO] [1787286615.967801487] [velocity_path_follower]: waypoint 5065 / 5251 도달 (선 이탈 0.18 m)
[velocity_path_follower.py-9] [INFO] [1787286616.370975473] [velocity_path_follower]: waypoint 5066 / 5251 도달 (선 이탈 0.30 m)
[velocity_path_follower.py-9] [INFO] [1787286616.820992426] [velocity_path_follower]: waypoint 5067 / 5251 도달 (선 이탈 0.42 m)
[velocity_path_follower.py-9] [INFO] [1787286617.222623022] [velocity_path_follower]: waypoint 5068 / 5251 도달 (선 이탈 0.51 m)
[velocity_path_follower.py-9] [INFO] [1787286617.622682905] [velocity_path_follower]: waypoint 5069 / 5251 도달 (선 이탈 0.58 m)
[velocity_path_follower.py-9] [INFO] [1787286618.022684029] [velocity_path_follower]: waypoint 5070 / 5251 도달 (선 이탈 0.64 m)
[velocity_path_follower.py-9] [INFO] [1787286618.422691179] [velocity_path_follower]: waypoint 5071 / 5251 도달 (선 이탈 0.68 m)
[velocity_path_follower.py-9] [INFO] [1787286618.825600094] [velocity_path_follower]: waypoint 5072 / 5251 도달 (선 이탈 0.70 m)
[velocity_path_follower.py-9] [INFO] [1787286619.225458238] [velocity_path_follower]: waypoint 5073 / 5251 도달 (선 이탈 0.71 m)
[velocity_path_follower.py-9] [INFO] [1787286619.626264942] [velocity_path_follower]: waypoint 5074 / 5251 도달 (선 이탈 0.70 m)
[velocity_path_follower.py-9] [INFO] [1787286620.026606182] [velocity_path_follower]: waypoint 5075 / 5251 도달 (선 이탈 0.68 m)
[velocity_path_follower.py-9] [INFO] [1787286620.225647567] [velocity_path_follower]: 2225.0s  wp 5076/5251 이탈0.7m  위치 (  50.60,   -66.76,  10.42)
[velocity_path_follower.py-9] [INFO] [1787286620.425836681] [velocity_path_follower]: waypoint 5076 / 5251 도달 (선 이탈 0.64 m)
[velocity_path_follower.py-9] [INFO] [1787286620.825407669] [velocity_path_follower]: waypoint 5077 / 5251 도달 (선 이탈 0.60 m)
[velocity_path_follower.py-9] [INFO] [1787286621.175391770] [velocity_path_follower]: waypoint 5078 / 5251 도달 (선 이탈 0.55 m)
[velocity_path_follower.py-9] [INFO] [1787286621.575626050] [velocity_path_follower]: waypoint 5079 / 5251 도달 (선 이탈 0.48 m)
[velocity_path_follower.py-9] [INFO] [1787286621.975452334] [velocity_path_follower]: waypoint 5080 / 5251 도달 (선 이탈 0.41 m)
[velocity_path_follower.py-9] [INFO] [1787286622.325851230] [velocity_path_follower]: waypoint 5081 / 5251 도달 (선 이탈 0.35 m)
[velocity_path_follower.py-9] [INFO] [1787286622.728053754] [velocity_path_follower]: waypoint 5082 / 5251 도달 (선 이탈 0.27 m)
[velocity_path_follower.py-9] [INFO] [1787286623.127693733] [velocity_path_follower]: waypoint 5083 / 5251 도달 (선 이탈 0.19 m)
[velocity_path_follower.py-9] [INFO] [1787286623.477863052] [velocity_path_follower]: waypoint 5084 / 5251 도달 (선 이탈 0.12 m)
[velocity_path_follower.py-9] [INFO] [1787286623.877925154] [velocity_path_follower]: waypoint 5085 / 5251 도달 (선 이탈 0.04 m)
[velocity_path_follower.py-9] [INFO] [1787286624.227693527] [velocity_path_follower]: waypoint 5086 / 5251 도달 (선 이탈 0.02 m)
[velocity_path_follower.py-9] [INFO] [1787286624.577460966] [velocity_path_follower]: waypoint 5087 / 5251 도달 (선 이탈 0.08 m)
[velocity_path_follower.py-9] [INFO] [1787286624.977440125] [velocity_path_follower]: waypoint 5088 / 5251 도달 (선 이탈 0.15 m)
[velocity_path_follower.py-9] [INFO] [1787286625.227643164] [velocity_path_follower]: 2230.0s  wp 5089/5251 이탈0.2m  위치 (  44.03,   -65.92,   9.75)
[velocity_path_follower.py-9] [INFO] [1787286625.327792485] [velocity_path_follower]: waypoint 5089 / 5251 도달 (선 이탈 0.20 m)
[velocity_path_follower.py-9] [INFO] [1787286625.677421066] [velocity_path_follower]: waypoint 5090 / 5251 도달 (선 이탈 0.24 m)
[velocity_path_follower.py-9] [INFO] [1787286626.077710558] [velocity_path_follower]: waypoint 5091 / 5251 도달 (선 이탈 0.28 m)
[velocity_path_follower.py-9] [INFO] [1787286626.427696662] [velocity_path_follower]: waypoint 5092 / 5251 도달 (선 이탈 0.31 m)
[velocity_path_follower.py-9] [INFO] [1787286626.779873631] [velocity_path_follower]: waypoint 5093 / 5251 도달 (선 이탈 0.34 m)
[velocity_path_follower.py-9] [INFO] [1787286627.179764679] [velocity_path_follower]: waypoint 5094 / 5251 도달 (선 이탈 0.35 m)
[velocity_path_follower.py-9] [INFO] [1787286627.529985961] [velocity_path_follower]: waypoint 5095 / 5251 도달 (선 이탈 0.36 m)
[velocity_path_follower.py-9] [INFO] [1787286627.879722532] [velocity_path_follower]: waypoint 5096 / 5251 도달 (선 이탈 0.36 m)
[velocity_path_follower.py-9] [INFO] [1787286628.229678965] [velocity_path_follower]: waypoint 5097 / 5251 도달 (선 이탈 0.36 m)
[velocity_path_follower.py-9] [INFO] [1787286628.579652464] [velocity_path_follower]: waypoint 5098 / 5251 도달 (선 이탈 0.35 m)
[velocity_path_follower.py-9] [INFO] [1787286628.979762607] [velocity_path_follower]: waypoint 5099 / 5251 도달 (선 이탈 0.33 m)
[velocity_path_follower.py-9] [INFO] [1787286629.329774812] [velocity_path_follower]: waypoint 5100 / 5251 도달 (선 이탈 0.31 m)
[velocity_path_follower.py-9] [INFO] [1787286629.679602789] [velocity_path_follower]: waypoint 5101 / 5251 도달 (선 이탈 0.28 m)
[velocity_path_follower.py-9] [INFO] [1787286630.029578441] [velocity_path_follower]: waypoint 5102 / 5251 도달 (선 이탈 0.26 m)
[velocity_path_follower.py-9] [INFO] [1787286630.229724962] [velocity_path_follower]: 2235.0s  wp 5103/5251 이탈0.2m  위치 (  37.10,   -65.86,   9.28)
[velocity_path_follower.py-9] [INFO] [1787286630.379913871] [velocity_path_follower]: waypoint 5103 / 5251 도달 (선 이탈 0.22 m)
[velocity_path_follower.py-9] [INFO] [1787286630.729784467] [velocity_path_follower]: waypoint 5104 / 5251 도달 (선 이탈 0.19 m)
[velocity_path_follower.py-9] [INFO] [1787286631.079870488] [velocity_path_follower]: waypoint 5105 / 5251 도달 (선 이탈 0.15 m)
[velocity_path_follower.py-9] [INFO] [1787286631.479708556] [velocity_path_follower]: waypoint 5106 / 5251 도달 (선 이탈 0.11 m)
[velocity_path_follower.py-9] [INFO] [1787286631.829596936] [velocity_path_follower]: waypoint 5107 / 5251 도달 (선 이탈 0.08 m)
[velocity_path_follower.py-9] [INFO] [1787286632.179647555] [velocity_path_follower]: waypoint 5108 / 5251 도달 (선 이탈 0.04 m)
[velocity_path_follower.py-9] [INFO] [1787286632.529740027] [velocity_path_follower]: waypoint 5109 / 5251 도달 (선 이탈 0.01 m)
[velocity_path_follower.py-9] [INFO] [1787286632.879716865] [velocity_path_follower]: waypoint 5110 / 5251 도달 (선 이탈 0.03 m)
[velocity_path_follower.py-9] [INFO] [1787286633.229581451] [velocity_path_follower]: waypoint 5111 / 5251 도달 (선 이탈 0.06 m)
[velocity_path_follower.py-9] [INFO] [1787286633.582366280] [velocity_path_follower]: waypoint 5112 / 5251 도달 (선 이탈 0.09 m)
[velocity_path_follower.py-9] [INFO] [1787286633.932243475] [velocity_path_follower]: waypoint 5113 / 5251 도달 (선 이탈 0.11 m)
[velocity_path_follower.py-9] [INFO] [1787286634.282315480] [velocity_path_follower]: waypoint 5114 / 5251 도달 (선 이탈 0.13 m)
[velocity_path_follower.py-9] [INFO] [1787286634.632309468] [velocity_path_follower]: waypoint 5115 / 5251 도달 (선 이탈 0.15 m)
[velocity_path_follower.py-9] [INFO] [1787286634.984777551] [velocity_path_follower]: waypoint 5116 / 5251 도달 (선 이탈 0.17 m)
[velocity_path_follower.py-9] [INFO] [1787286635.234738203] [velocity_path_follower]: 2240.0s  wp 5117/5251 이탈0.2m  위치 (  30.04,   -66.28,   8.88)
[velocity_path_follower.py-9] [INFO] [1787286635.334736488] [velocity_path_follower]: waypoint 5117 / 5251 도달 (선 이탈 0.18 m)
[velocity_path_follower.py-9] [INFO] [1787286635.684753553] [velocity_path_follower]: waypoint 5118 / 5251 도달 (선 이탈 0.19 m)
[velocity_path_follower.py-9] [INFO] [1787286636.034671605] [velocity_path_follower]: waypoint 5119 / 5251 도달 (선 이탈 0.19 m)
[velocity_path_follower.py-9] [INFO] [1787286636.384879053] [velocity_path_follower]: waypoint 5120 / 5251 도달 (선 이탈 0.19 m)
[velocity_path_follower.py-9] [INFO] [1787286636.737430752] [velocity_path_follower]: waypoint 5121 / 5251 도달 (선 이탈 0.19 m)
[velocity_path_follower.py-9] [INFO] [1787286637.089809048] [velocity_path_follower]: waypoint 5122 / 5251 도달 (선 이탈 0.18 m)
[velocity_path_follower.py-9] [INFO] [1787286637.489664856] [velocity_path_follower]: waypoint 5123 / 5251 도달 (선 이탈 0.17 m)
[velocity_path_follower.py-9] [INFO] [1787286637.789705466] [velocity_path_follower]: waypoint 5124 / 5251 도달 (선 이탈 0.16 m)
[velocity_path_follower.py-9] [INFO] [1787286638.189561665] [velocity_path_follower]: waypoint 5125 / 5251 도달 (선 이탈 0.15 m)
[velocity_path_follower.py-9] [INFO] [1787286638.489616400] [velocity_path_follower]: waypoint 5126 / 5251 도달 (선 이탈 0.14 m)
[velocity_path_follower.py-9] [INFO] [1787286638.839756951] [velocity_path_follower]: waypoint 5127 / 5251 도달 (선 이탈 0.12 m)
[velocity_path_follower.py-9] [INFO] [1787286639.189610659] [velocity_path_follower]: waypoint 5128 / 5251 도달 (선 이탈 0.10 m)
[velocity_path_follower.py-9] [INFO] [1787286639.544610842] [velocity_path_follower]: waypoint 5129 / 5251 도달 (선 이탈 0.08 m)
[velocity_path_follower.py-9] [INFO] [1787286639.898171522] [velocity_path_follower]: waypoint 5130 / 5251 도달 (선 이탈 0.06 m)
[velocity_path_follower.py-9] [INFO] [1787286640.250100939] [velocity_path_follower]: waypoint 5131 / 5251 도달 (선 이탈 0.04 m)
[velocity_path_follower.py-9] [INFO] [1787286640.300072232] [velocity_path_follower]: 2245.1s  wp 5132/5251 이탈0.0m  위치 (  22.81,   -66.14,   8.27)
[velocity_path_follower.py-9] [INFO] [1787286640.602428794] [velocity_path_follower]: waypoint 5132 / 5251 도달 (선 이탈 0.03 m)
[velocity_path_follower.py-9] [INFO] [1787286640.954606844] [velocity_path_follower]: waypoint 5133 / 5251 도달 (선 이탈 0.01 m)
[velocity_path_follower.py-9] [INFO] [1787286641.308717938] [velocity_path_follower]: waypoint 5134 / 5251 도달 (선 이탈 0.01 m)
[velocity_path_follower.py-9] [INFO] [1787286641.658678743] [velocity_path_follower]: waypoint 5135 / 5251 도달 (선 이탈 0.03 m)
[velocity_path_follower.py-9] [INFO] [1787286642.008816812] [velocity_path_follower]: waypoint 5136 / 5251 도달 (선 이탈 0.04 m)
[velocity_path_follower.py-9] [INFO] [1787286642.358530005] [velocity_path_follower]: waypoint 5137 / 5251 도달 (선 이탈 0.06 m)
[velocity_path_follower.py-9] [INFO] [1787286642.708754451] [velocity_path_follower]: waypoint 5138 / 5251 도달 (선 이탈 0.07 m)
[velocity_path_follower.py-9] [INFO] [1787286643.064450120] [velocity_path_follower]: waypoint 5139 / 5251 도달 (선 이탈 0.08 m)
[velocity_path_follower.py-9] [INFO] [1787286643.414122052] [velocity_path_follower]: waypoint 5140 / 5251 도달 (선 이탈 0.09 m)
[velocity_path_follower.py-9] [INFO] [1787286643.767649032] [velocity_path_follower]: waypoint 5141 / 5251 도달 (선 이탈 0.09 m)
[velocity_path_follower.py-9] [INFO] [1787286644.121803966] [velocity_path_follower]: waypoint 5142 / 5251 도달 (선 이탈 0.10 m)
[velocity_path_follower.py-9] [INFO] [1787286644.471736081] [velocity_path_follower]: waypoint 5143 / 5251 도달 (선 이탈 0.10 m)
[velocity_path_follower.py-9] [INFO] [1787286644.821858588] [velocity_path_follower]: waypoint 5144 / 5251 도달 (선 이탈 0.10 m)
[velocity_path_follower.py-9] [INFO] [1787286645.171886688] [velocity_path_follower]: waypoint 5145 / 5251 도달 (선 이탈 0.10 m)
[velocity_path_follower.py-9] [INFO] [1787286645.271430627] [velocity_path_follower]: 2250.0s  wp 5146/5251 이탈0.1m  위치 (  15.72,   -66.00,   7.67)
[velocity_path_follower.py-9] [INFO] [1787286645.521845007] [velocity_path_follower]: waypoint 5146 / 5251 도달 (선 이탈 0.10 m)
[velocity_path_follower.py-9] [INFO] [1787286645.871965006] [velocity_path_follower]: waypoint 5147 / 5251 도달 (선 이탈 0.09 m)
[velocity_path_follower.py-9] [INFO] [1787286646.171978296] [velocity_path_follower]: waypoint 5148 / 5251 도달 (선 이탈 0.09 m)
[velocity_path_follower.py-9] [INFO] [1787286646.572085917] [velocity_path_follower]: waypoint 5149 / 5251 도달 (선 이탈 0.08 m)
[velocity_path_follower.py-9] [INFO] [1787286646.921602149] [velocity_path_follower]: waypoint 5150 / 5251 도달 (선 이탈 0.07 m)
[velocity_path_follower.py-9] [INFO] [1787286647.221659520] [velocity_path_follower]: waypoint 5151 / 5251 도달 (선 이탈 0.06 m)
[velocity_path_follower.py-9] [INFO] [1787286647.621806840] [velocity_path_follower]: waypoint 5152 / 5251 도달 (선 이탈 0.05 m)
[velocity_path_follower.py-9] [INFO] [1787286647.921611053] [velocity_path_follower]: waypoint 5153 / 5251 도달 (선 이탈 0.04 m)
[velocity_path_follower.py-9] [INFO] [1787286648.271773174] [velocity_path_follower]: waypoint 5154 / 5251 도달 (선 이탈 0.03 m)
[velocity_path_follower.py-9] [INFO] [1787286648.627607237] [velocity_path_follower]: waypoint 5155 / 5251 도달 (선 이탈 0.02 m)
[velocity_path_follower.py-9] [INFO] [1787286648.977050118] [velocity_path_follower]: waypoint 5156 / 5251 도달 (선 이탈 0.01 m)
[velocity_path_follower.py-9] [INFO] [1787286649.329398874] [velocity_path_follower]: waypoint 5157 / 5251 도달 (선 이탈 0.00 m)
[velocity_path_follower.py-9] [INFO] [1787286649.679634401] [velocity_path_follower]: waypoint 5158 / 5251 도달 (선 이탈 0.00 m)
[velocity_path_follower.py-9] [INFO] [1787286650.037690313] [velocity_path_follower]: waypoint 5159 / 5251 도달 (선 이탈 0.01 m)
[velocity_path_follower.py-9] [INFO] [1787286650.287292619] [velocity_path_follower]: 2255.0s  wp 5160/5251 이탈0.0m  위치 (   8.52,   -66.12,   7.34)
[velocity_path_follower.py-9] [INFO] [1787286650.389602606] [velocity_path_follower]: waypoint 5160 / 5251 도달 (선 이탈 0.02 m)
[velocity_path_follower.py-9] [INFO] [1787286650.746569130] [velocity_path_follower]: waypoint 5161 / 5251 도달 (선 이탈 0.03 m)
[velocity_path_follower.py-9] [INFO] [1787286651.096713922] [velocity_path_follower]: waypoint 5162 / 5251 도달 (선 이탈 0.04 m)
[velocity_path_follower.py-9] [INFO] [1787286651.452573177] [velocity_path_follower]: waypoint 5163 / 5251 도달 (선 이탈 0.04 m)
[velocity_path_follower.py-9] [INFO] [1787286651.805557432] [velocity_path_follower]: waypoint 5164 / 5251 도달 (선 이탈 0.05 m)
[velocity_path_follower.py-9] [INFO] [1787286652.160026461] [velocity_path_follower]: waypoint 5165 / 5251 도달 (선 이탈 0.05 m)
[velocity_path_follower.py-9] [INFO] [1787286652.509758178] [velocity_path_follower]: waypoint 5166 / 5251 도달 (선 이탈 0.05 m)
[velocity_path_follower.py-9] [INFO] [1787286652.809858923] [velocity_path_follower]: waypoint 5167 / 5251 도달 (선 이탈 0.05 m)
[velocity_path_follower.py-9] [INFO] [1787286653.212861317] [velocity_path_follower]: waypoint 5168 / 5251 도달 (선 이탈 0.05 m)
[velocity_path_follower.py-9] [INFO] [1787286653.519884204] [velocity_path_follower]: waypoint 5169 / 5251 도달 (선 이탈 0.05 m)
[velocity_path_follower.py-9] [INFO] [1787286653.873699645] [velocity_path_follower]: waypoint 5170 / 5251 도달 (선 이탈 0.05 m)
[velocity_path_follower.py-9] [INFO] [1787286654.273526077] [velocity_path_follower]: waypoint 5171 / 5251 도달 (선 이탈 0.05 m)
[velocity_path_follower.py-9] [INFO] [1787286654.577654840] [velocity_path_follower]: waypoint 5172 / 5251 도달 (선 이탈 0.05 m)
[velocity_path_follower.py-9] [INFO] [1787286654.927438801] [velocity_path_follower]: waypoint 5173 / 5251 도달 (선 이탈 0.04 m)
[velocity_path_follower.py-9] [INFO] [1787286655.279575013] [velocity_path_follower]: waypoint 5174 / 5251 도달 (선 이탈 0.04 m)
[velocity_path_follower.py-9] [INFO] [1787286655.329460446] [velocity_path_follower]: 2260.0s  wp 5175/5251 이탈0.0m  위치 (   1.29,   -66.14,   7.05)
[velocity_path_follower.py-9] [INFO] [1787286655.629707875] [velocity_path_follower]: waypoint 5175 / 5251 도달 (선 이탈 0.04 m)
[velocity_path_follower.py-9] [INFO] [1787286655.985592526] [velocity_path_follower]: waypoint 5176 / 5251 도달 (선 이탈 0.03 m)
[velocity_path_follower.py-9] [INFO] [1787286656.337648968] [velocity_path_follower]: waypoint 5177 / 5251 도달 (선 이탈 0.03 m)
[velocity_path_follower.py-9] [INFO] [1787286656.689463470] [velocity_path_follower]: waypoint 5178 / 5251 도달 (선 이탈 0.02 m)
[velocity_path_follower.py-9] [INFO] [1787286657.039721375] [velocity_path_follower]: waypoint 5179 / 5251 도달 (선 이탈 0.02 m)
[velocity_path_follower.py-9] [INFO] [1787286657.394715981] [velocity_path_follower]: waypoint 5180 / 5251 도달 (선 이탈 0.01 m)
[velocity_path_follower.py-9] [INFO] [1787286657.747626073] [velocity_path_follower]: waypoint 5181 / 5251 도달 (선 이탈 0.00 m)
[velocity_path_follower.py-9] [INFO] [1787286658.097396424] [velocity_path_follower]: waypoint 5182 / 5251 도달 (선 이탈 0.00 m)
[velocity_path_follower.py-9] [INFO] [1787286658.447651325] [velocity_path_follower]: waypoint 5183 / 5251 도달 (선 이탈 0.00 m)
[velocity_path_follower.py-9] [INFO] [1787286658.747634530] [velocity_path_follower]: waypoint 5184 / 5251 도달 (선 이탈 0.01 m)
[velocity_path_follower.py-9] [INFO] [1787286659.097394376] [velocity_path_follower]: waypoint 5185 / 5251 도달 (선 이탈 0.01 m)
[velocity_path_follower.py-9] [INFO] [1787286659.497574475] [velocity_path_follower]: waypoint 5186 / 5251 도달 (선 이탈 0.02 m)
[velocity_path_follower.py-9] [INFO] [1787286659.797621105] [velocity_path_follower]: waypoint 5187 / 5251 도달 (선 이탈 0.02 m)
[velocity_path_follower.py-9] [INFO] [1787286660.149654343] [velocity_path_follower]: waypoint 5188 / 5251 도달 (선 이탈 0.02 m)
[velocity_path_follower.py-9] [INFO] [1787286660.349655776] [velocity_path_follower]: 2265.0s  wp 5189/5251 이탈0.0m  위치 (  -5.89,   -66.08,   6.81)
[velocity_path_follower.py-9] [INFO] [1787286660.499581375] [velocity_path_follower]: waypoint 5189 / 5251 도달 (선 이탈 0.02 m)
[velocity_path_follower.py-9] [INFO] [1787286660.849679755] [velocity_path_follower]: waypoint 5190 / 5251 도달 (선 이탈 0.03 m)
[velocity_path_follower.py-9] [INFO] [1787286661.199846866] [velocity_path_follower]: waypoint 5191 / 5251 도달 (선 이탈 0.03 m)
[velocity_path_follower.py-9] [INFO] [1787286661.549550500] [velocity_path_follower]: waypoint 5192 / 5251 도달 (선 이탈 0.03 m)
[velocity_path_follower.py-9] [INFO] [1787286661.901658090] [velocity_path_follower]: waypoint 5193 / 5251 도달 (선 이탈 0.03 m)
[velocity_path_follower.py-9] [INFO] [1787286662.251874027] [velocity_path_follower]: waypoint 5194 / 5251 도달 (선 이탈 0.03 m)
[velocity_path_follower.py-9] [INFO] [1787286662.601687751] [velocity_path_follower]: waypoint 5195 / 5251 도달 (선 이탈 0.03 m)
[velocity_path_follower.py-9] [INFO] [1787286662.951597858] [velocity_path_follower]: waypoint 5196 / 5251 도달 (선 이탈 0.02 m)
[velocity_path_follower.py-9] [INFO] [1787286663.301660606] [velocity_path_follower]: waypoint 5197 / 5251 도달 (선 이탈 0.02 m)
[velocity_path_follower.py-9] [INFO] [1787286663.651882319] [velocity_path_follower]: waypoint 5198 / 5251 도달 (선 이탈 0.02 m)
[velocity_path_follower.py-9] [INFO] [1787286664.001817842] [velocity_path_follower]: waypoint 5199 / 5251 도달 (선 이탈 0.02 m)
[velocity_path_follower.py-9] [INFO] [1787286664.301554668] [velocity_path_follower]: waypoint 5200 / 5251 도달 (선 이탈 0.02 m)
[velocity_path_follower.py-9] [INFO] [1787286664.701619624] [velocity_path_follower]: waypoint 5201 / 5251 도달 (선 이탈 0.01 m)
[velocity_path_follower.py-9] [INFO] [1787286665.001968753] [velocity_path_follower]: waypoint 5202 / 5251 도달 (선 이탈 0.01 m)
[velocity_path_follower.py-9] [INFO] [1787286665.351667666] [velocity_path_follower]: waypoint 5203 / 5251 도달 (선 이탈 0.01 m)
[velocity_path_follower.py-9] [INFO] [1787286665.401466527] [velocity_path_follower]: 2270.1s  wp 5204/5251 이탈0.0m  위치 ( -13.19,   -66.09,   6.68)
[velocity_path_follower.py-9] [INFO] [1787286665.701767071] [velocity_path_follower]: waypoint 5204 / 5251 도달 (선 이탈 0.00 m)
[velocity_path_follower.py-9] [INFO] [1787286666.054201877] [velocity_path_follower]: waypoint 5205 / 5251 도달 (선 이탈 0.00 m)
[velocity_path_follower.py-9] [INFO] [1787286666.403869618] [velocity_path_follower]: waypoint 5206 / 5251 도달 (선 이탈 0.00 m)
[velocity_path_follower.py-9] [INFO] [1787286666.753880346] [velocity_path_follower]: waypoint 5207 / 5251 도달 (선 이탈 0.00 m)
[velocity_path_follower.py-9] [INFO] [1787286667.103897062] [velocity_path_follower]: waypoint 5208 / 5251 도달 (선 이탈 0.01 m)
[velocity_path_follower.py-9] [INFO] [1787286667.453998670] [velocity_path_follower]: waypoint 5209 / 5251 도달 (선 이탈 0.01 m)
[velocity_path_follower.py-9] [INFO] [1787286667.803881802] [velocity_path_follower]: waypoint 5210 / 5251 도달 (선 이탈 0.01 m)
[velocity_path_follower.py-9] [INFO] [1787286668.153882216] [velocity_path_follower]: waypoint 5211 / 5251 도달 (선 이탈 0.01 m)
[velocity_path_follower.py-9] [INFO] [1787286668.509629425] [velocity_path_follower]: waypoint 5212 / 5251 도달 (선 이탈 0.01 m)
[velocity_path_follower.py-9] [INFO] [1787286668.862973931] [velocity_path_follower]: waypoint 5213 / 5251 도달 (선 이탈 0.01 m)
[velocity_path_follower.py-9] [INFO] [1787286669.212929998] [velocity_path_follower]: waypoint 5214 / 5251 도달 (선 이탈 0.01 m)
[velocity_path_follower.py-9] [INFO] [1787286669.512827440] [velocity_path_follower]: waypoint 5215 / 5251 도달 (선 이탈 0.01 m)
[velocity_path_follower.py-9] [INFO] [1787286669.912730297] [velocity_path_follower]: waypoint 5216 / 5251 도달 (선 이탈 0.02 m)
[velocity_path_follower.py-9] [INFO] [1787286670.212709386] [velocity_path_follower]: waypoint 5217 / 5251 도달 (선 이탈 0.02 m)
[velocity_path_follower.py-9] [INFO] [1787286670.362762305] [velocity_path_follower]: 2275.0s  wp 5218/5251 이탈0.0m  위치 ( -20.34,   -66.12,   6.66)
[velocity_path_follower.py-9] [INFO] [1787286670.565880664] [velocity_path_follower]: waypoint 5218 / 5251 도달 (선 이탈 0.02 m)
[velocity_path_follower.py-9] [INFO] [1787286670.915627110] [velocity_path_follower]: waypoint 5219 / 5251 도달 (선 이탈 0.01 m)
[velocity_path_follower.py-9] [INFO] [1787286671.267393319] [velocity_path_follower]: waypoint 5220 / 5251 도달 (선 이탈 0.01 m)
[ros2-8] [INFO] [1787286671.399117967] [rosbag2_cpp]: Writing remaining messages from cache to the bag. It may take a while
[velocity_path_follower.py-9] [INFO] [1787286671.621461295] [velocity_path_follower]: waypoint 5221 / 5251 도달 (선 이탈 0.01 m)
[velocity_path_follower.py-9] [INFO] [1787286671.971571438] [velocity_path_follower]: waypoint 5222 / 5251 도달 (선 이탈 0.01 m)
[velocity_path_follower.py-9] [INFO] [1787286672.324604953] [velocity_path_follower]: waypoint 5223 / 5251 도달 (선 이탈 0.01 m)
[velocity_path_follower.py-9] [INFO] [1787286672.674680424] [velocity_path_follower]: waypoint 5224 / 5251 도달 (선 이탈 0.01 m)
[velocity_path_follower.py-9] [INFO] [1787286673.024690470] [velocity_path_follower]: waypoint 5225 / 5251 도달 (선 이탈 0.01 m)
[velocity_path_follower.py-9] [INFO] [1787286673.374407868] [velocity_path_follower]: waypoint 5226 / 5251 도달 (선 이탈 0.01 m)
[velocity_path_follower.py-9] [INFO] [1787286673.674704569] [velocity_path_follower]: waypoint 5227 / 5251 도달 (선 이탈 0.01 m)
[velocity_path_follower.py-9] [INFO] [1787286674.074402868] [velocity_path_follower]: waypoint 5228 / 5251 도달 (선 이탈 0.00 m)
[velocity_path_follower.py-9] [INFO] [1787286674.424575844] [velocity_path_follower]: waypoint 5229 / 5251 도달 (선 이탈 0.00 m)
[velocity_path_follower.py-9] [INFO] [1787286674.726446891] [velocity_path_follower]: waypoint 5230 / 5251 도달 (선 이탈 0.00 m)
[velocity_path_follower.py-9] [INFO] [1787286675.126635008] [velocity_path_follower]: waypoint 5231 / 5251 도달 (선 이탈 0.00 m)
[velocity_path_follower.py-9] [INFO] [1787286675.376853356] [velocity_path_follower]: 2280.0s  wp 5232/5251 이탈0.0m  위치 ( -27.53,   -66.10,   6.71)
[velocity_path_follower.py-9] [INFO] [1787286675.426436428] [velocity_path_follower]: waypoint 5232 / 5251 도달 (선 이탈 0.00 m)
[velocity_path_follower.py-9] [INFO] [1787286675.776862841] [velocity_path_follower]: waypoint 5233 / 5251 도달 (선 이탈 0.00 m)
[velocity_path_follower.py-9] [INFO] [1787286676.127633392] [velocity_path_follower]: waypoint 5234 / 5251 도달 (선 이탈 0.00 m)
[velocity_path_follower.py-9] [INFO] [1787286676.476623017] [velocity_path_follower]: waypoint 5235 / 5251 도달 (선 이탈 0.00 m)
[velocity_path_follower.py-9] [INFO] [1787286676.829422711] [velocity_path_follower]: waypoint 5236 / 5251 도달 (선 이탈 0.01 m)
[velocity_path_follower.py-9] [INFO] [1787286677.179354101] [velocity_path_follower]: waypoint 5237 / 5251 도달 (선 이탈 0.01 m)
[velocity_path_follower.py-9] [INFO] [1787286677.529754343] [velocity_path_follower]: waypoint 5238 / 5251 도달 (선 이탈 0.01 m)
[velocity_path_follower.py-9] [INFO] [1787286680.384311945] [velocity_path_follower]: 2285.0s  wp 5239/5251 이탈0.1m  위치 ( -30.69,   -66.18,   6.72)
[velocity_path_follower.py-9] [INFO] [1787286685.392835115] [velocity_path_follower]: 2290.0s  wp 5239/5251 이탈0.1m  위치 ( -30.69,   -66.17,   6.72)
[velocity_path_follower.py-9] [INFO] [1787286690.459608488] [velocity_path_follower]: 2295.0s  wp 5239/5251 이탈0.1m  위치 ( -30.69,   -66.18,   6.72)
[velocity_path_follower.py-9] [INFO] [1787286695.461425150] [velocity_path_follower]: 2300.0s  wp 5239/5251 이탈0.1m  위치 ( -30.69,   -66.18,   6.72)
[velocity_path_follower.py-9] [INFO] [1787286700.464143516] [velocity_path_follower]: 2305.0s  wp 5239/5251 이탈0.1m  위치 ( -30.69,   -66.18,   6.72)
[velocity_path_follower.py-9] [INFO] [1787286705.470952726] [velocity_path_follower]: 2310.0s  wp 5239/5251 이탈0.1m  위치 ( -30.69,   -66.18,   6.72)
[velocity_path_follower.py-9] [INFO] [1787286710.477350762] [velocity_path_follower]: 2315.0s  wp 5239/5251 이탈0.1m  위치 ( -30.69,   -66.18,   6.72)
[velocity_path_follower.py-9] [INFO] [1787286715.491368021] [velocity_path_follower]: 2320.0s  wp 5239/5251 이탈0.1m  위치 ( -30.69,   -66.18,   6.72)
[velocity_path_follower.py-9] [INFO] [1787286720.504358570] [velocity_path_follower]: 2325.0s  wp 5239/5251 이탈0.1m  위치 ( -30.69,   -66.18,   6.72)
[velocity_path_follower.py-9] [INFO] [1787286725.506508486] [velocity_path_follower]: 2330.0s  wp 5239/5251 이탈0.1m  위치 ( -30.69,   -66.18,   6.72)
[velocity_path_follower.py-9] [INFO] [1787286730.506687567] [velocity_path_follower]: 2335.0s  wp 5239/5251 이탈0.1m  위치 ( -30.69,   -66.18,   6.72)
[velocity_path_follower.py-9] [INFO] [1787286735.506656542] [velocity_path_follower]: 2340.0s  wp 5239/5251 이탈0.1m  위치 ( -30.69,   -66.18,   6.72)
[velocity_path_follower.py-9] [INFO] [1787286740.509025451] [velocity_path_follower]: 2345.0s  wp 5239/5251 이탈0.1m  위치 ( -30.69,   -66.18,   6.72)
[velocity_path_follower.py-9] [INFO] [1787286745.512729506] [velocity_path_follower]: 2350.0s  wp 5239/5251 이탈0.1m  위치 ( -30.69,   -66.18,   6.72)
[velocity_path_follower.py-9] [INFO] [1787286750.512923927] [velocity_path_follower]: 2355.0s  wp 5239/5251 이탈0.1m  위치 ( -30.69,   -66.18,   6.72)
[velocity_path_follower.py-9] [INFO] [1787286755.519328577] [velocity_path_follower]: 2360.0s  wp 5239/5251 이탈0.1m  위치 ( -30.69,   -66.18,   6.72)
[velocity_path_follower.py-9] [INFO] [1787286760.519578193] [velocity_path_follower]: 2365.0s  wp 5239/5251 이탈0.1m  위치 ( -30.69,   -66.18,   6.72)
[velocity_path_follower.py-9] [INFO] [1787286765.521830599] [velocity_path_follower]: 2370.0s  wp 5239/5251 이탈0.1m  위치 ( -30.69,   -66.18,   6.72)
[velocity_path_follower.py-9] [INFO] [1787286770.528604523] [velocity_path_follower]: 2375.0s  wp 5239/5251 이탈0.1m  위치 ( -30.69,   -66.18,   6.72)
[velocity_path_follower.py-9] [INFO] [1787286775.533929353] [velocity_path_follower]: 2380.0s  wp 5239/5251 이탈0.1m  위치 ( -30.69,   -66.18,   6.72)
[velocity_path_follower.py-9] [INFO] [1787286780.546253374] [velocity_path_follower]: 2385.0s  wp 5239/5251 이탈0.1m  위치 ( -30.69,   -66.18,   6.72)
[velocity_path_follower.py-9] [INFO] [1787286785.559317246] [velocity_path_follower]: 2390.0s  wp 5239/5251 이탈0.1m  위치 ( -30.69,   -66.18,   6.72)
[velocity_path_follower.py-9] [INFO] [1787286790.564353164] [velocity_path_follower]: 2395.0s  wp 5239/5251 이탈0.1m  위치 ( -30.69,   -66.18,   6.72)
[velocity_path_follower.py-9] [INFO] [1787286795.563601796] [velocity_path_follower]: 2400.0s  wp 5239/5251 이탈0.1m  위치 ( -30.69,   -66.18,   6.72)
[velocity_path_follower.py-9] [INFO] [1787286800.563604114] [velocity_path_follower]: 2405.0s  wp 5239/5251 이탈0.1m  위치 ( -30.69,   -66.18,   6.72)
[velocity_path_follower.py-9] [INFO] [1787286805.569407305] [velocity_path_follower]: 2410.0s  wp 5239/5251 이탈0.1m  위치 ( -30.69,   -66.18,   6.72)
[velocity_path_follower.py-9] [INFO] [1787286810.576990823] [velocity_path_follower]: 2415.0s  wp 5239/5251 이탈0.1m  위치 ( -30.69,   -66.18,   6.72)
[velocity_path_follower.py-9] [INFO] [1787286815.578591611] [velocity_path_follower]: 2420.0s  wp 5239/5251 이탈0.1m  위치 ( -30.69,   -66.18,   6.72)
[velocity_path_follower.py-9] [INFO] [1787286820.580796091] [velocity_path_follower]: 2425.0s  wp 5239/5251 이탈0.1m  위치 ( -30.69,   -66.18,   6.72)
[velocity_path_follower.py-9] [INFO] [1787286825.587850259] [velocity_path_follower]: 2430.0s  wp 5239/5251 이탈0.1m  위치 ( -30.69,   -66.18,   6.72)
[velocity_path_follower.py-9] [INFO] [1787286830.588121168] [velocity_path_follower]: 2435.0s  wp 5239/5251 이탈0.1m  위치 ( -30.69,   -66.18,   6.72)
[velocity_path_follower.py-9] [INFO] [1787286835.587664152] [velocity_path_follower]: 2440.0s  wp 5239/5251 이탈0.1m  위치 ( -30.69,   -66.18,   6.72)
[velocity_path_follower.py-9] [INFO] [1787286840.587647908] [velocity_path_follower]: 2445.0s  wp 5239/5251 이탈0.1m  위치 ( -30.69,   -66.18,   6.72)
[velocity_path_follower.py-9] [INFO] [1787286845.717684572] [velocity_path_follower]: 2450.0s  wp 5239/5251 이탈0.1m  위치 ( -30.69,   -66.18,   6.72)
[velocity_path_follower.py-9] [INFO] [1787286850.746658805] [velocity_path_follower]: 2455.0s  wp 5239/5251 이탈0.1m  위치 ( -30.69,   -66.18,   6.72)
[velocity_path_follower.py-9] [INFO] [1787286855.837389555] [velocity_path_follower]: 2460.0s  wp 5239/5251 이탈0.1m  위치 ( -30.69,   -66.18,   6.72)
[velocity_path_follower.py-9] [INFO] [1787286860.859894455] [velocity_path_follower]: 2465.0s  wp 5239/5251 이탈0.1m  위치 ( -30.69,   -66.18,   6.72)
[ros2-8] [INFO] [1787286861.801370082] [rosbag2_cpp]: Writing remaining messages from cache to the bag. It may take a while
[velocity_path_follower.py-9] [INFO] [1787286865.974146339] [velocity_path_follower]: 2470.0s  wp 5239/5251 이탈0.1m  위치 ( -30.69,   -66.18,   6.72)
[velocity_path_follower.py-9] [INFO] [1787286871.061619322] [velocity_path_follower]: 2475.0s  wp 5239/5251 이탈0.1m  위치 ( -30.69,   -66.18,   6.72)
[velocity_path_follower.py-9] [INFO] [1787286876.060872689] [velocity_path_follower]: 2480.0s  wp 5239/5251 이탈0.1m  위치 ( -30.69,   -66.18,   6.72)
[velocity_path_follower.py-9] [INFO] [1787286881.080752826] [velocity_path_follower]: 2485.0s  wp 5239/5251 이탈0.1m  위치 ( -30.69,   -66.18,   6.72)
[velocity_path_follower.py-9] [INFO] [1787286886.084748532] [velocity_path_follower]: 2490.0s  wp 5239/5251 이탈0.1m  위치 ( -30.69,   -66.18,   6.72)
[velocity_path_follower.py-9] [INFO] [1787286891.089421732] [velocity_path_follower]: 2495.0s  wp 5239/5251 이탈0.1m  위치 ( -30.69,   -66.18,   6.72)
[velocity_path_follower.py-9] [INFO] [1787286896.095896191] [velocity_path_follower]: 2500.0s  wp 5239/5251 이탈0.1m  위치 ( -30.69,   -66.18,   6.72)
[velocity_path_follower.py-9] [INFO] [1787286901.128176423] [velocity_path_follower]: 2505.0s  wp 5239/5251 이탈0.1m  위치 ( -30.69,   -66.18,   6.72)
[velocity_path_follower.py-9] [INFO] [1787286906.149749218] [velocity_path_follower]: 2510.0s  wp 5239/5251 이탈0.1m  위치 ( -30.69,   -66.18,   6.72)
[velocity_path_follower.py-9] [INFO] [1787286911.157756006] [velocity_path_follower]: 2515.0s  wp 5239/5251 이탈0.1m  위치 ( -30.69,   -66.18,   6.72)
[velocity_path_follower.py-9] [INFO] [1787286916.163818574] [velocity_path_follower]: 2520.0s  wp 5239/5251 이탈0.1m  위치 ( -30.69,   -66.18,   6.72)
[velocity_path_follower.py-9] [INFO] [1787286921.173399758] [velocity_path_follower]: 2525.0s  wp 5239/5251 이탈0.1m  위치 ( -30.69,   -66.18,   6.72)
[velocity_path_follower.py-9] [INFO] [1787286926.175383697] [velocity_path_follower]: 2530.0s  wp 5239/5251 이탈0.1m  위치 ( -30.69,   -66.18,   6.72)
[velocity_path_follower.py-9] [INFO] [1787286931.178799997] [velocity_path_follower]: 2535.0s  wp 5239/5251 이탈0.1m  위치 ( -30.69,   -66.18,   6.72)
[velocity_path_follower.py-9] [INFO] [1787286936.177750429] [velocity_path_follower]: 2540.0s  wp 5239/5251 이탈0.1m  위치 ( -30.69,   -66.18,   6.72)
[velocity_path_follower.py-9] [INFO] [1787286941.187634539] [velocity_path_follower]: 2545.0s  wp 5239/5251 이탈0.1m  위치 ( -30.69,   -66.18,   6.72)
[velocity_path_follower.py-9] [INFO] [1787286946.195609150] [velocity_path_follower]: 2550.0s  wp 5239/5251 이탈0.1m  위치 ( -30.69,   -66.18,   6.72)
[velocity_path_follower.py-9] [INFO] [1787286951.195457936] [velocity_path_follower]: 2555.0s  wp 5239/5251 이탈0.1m  위치 ( -30.69,   -66.18,   6.72)
[velocity_path_follower.py-9] [INFO] [1787286956.202433631] [velocity_path_follower]: 2560.0s  wp 5239/5251 이탈0.1m  위치 ( -30.69,   -66.18,   6.72)
[velocity_path_follower.py-9] [INFO] [1787286961.209332466] [velocity_path_follower]: 2565.0s  wp 5239/5251 이탈0.1m  위치 ( -30.69,   -66.18,   6.72)
[velocity_path_follower.py-9] [INFO] [1787286966.210799709] [velocity_path_follower]: 2570.0s  wp 5239/5251 이탈0.1m  위치 ( -30.69,   -66.18,   6.72)
[velocity_path_follower.py-9] [INFO] [1787286971.210759670] [velocity_path_follower]: 2575.0s  wp 5239/5251 이탈0.1m  위치 ( -30.69,   -66.18,   6.72)
[velocity_path_follower.py-9] [INFO] [1787286976.210786425] [velocity_path_follower]: 2580.0s  wp 5239/5251 이탈0.1m  위치 ( -30.69,   -66.18,   6.72)
[velocity_path_follower.py-9] [INFO] [1787286981.228449455] [velocity_path_follower]: 2585.0s  wp 5239/5251 이탈0.1m  위치 ( -30.69,   -66.18,   6.72)
[velocity_path_follower.py-9] [INFO] [1787286986.237792875] [velocity_path_follower]: 2590.0s  wp 5239/5251 이탈0.1m  위치 ( -30.69,   -66.18,   6.72)
[velocity_path_follower.py-9] [INFO] [1787286991.248895076] [velocity_path_follower]: 2595.0s  wp 5239/5251 이탈0.1m  위치 ( -30.69,   -66.18,   6.72)
[velocity_path_follower.py-9] [INFO] [1787286996.248605561] [velocity_path_follower]: 2600.0s  wp 5239/5251 이탈0.1m  위치 ( -30.69,   -66.18,   6.72)
[velocity_path_follower.py-9] [INFO] [1787287001.250772741] [velocity_path_follower]: 2605.0s  wp 5239/5251 이탈0.1m  위치 ( -30.69,   -66.18,   6.72)
[velocity_path_follower.py-9] [INFO] [1787287006.253658819] [velocity_path_follower]: 2610.0s  wp 5239/5251 이탈0.1m  위치 ( -30.69,   -66.18,   6.72)
[velocity_path_follower.py-9] [INFO] [1787287011.255370612] [velocity_path_follower]: 2615.0s  wp 5239/5251 이탈0.1m  위치 ( -30.69,   -66.18,   6.72)
[velocity_path_follower.py-9] [INFO] [1787287016.267292953] [velocity_path_follower]: 2620.0s  wp 5239/5251 이탈0.1m  위치 ( -30.69,   -66.18,   6.72)
[velocity_path_follower.py-9] [INFO] [1787287021.274655918] [velocity_path_follower]: 2625.0s  wp 5239/5251 이탈0.1m  위치 ( -30.69,   -66.18,   6.72)
[velocity_path_follower.py-9] [INFO] [1787287026.278725640] [velocity_path_follower]: 2630.0s  wp 5239/5251 이탈0.1m  위치 ( -30.69,   -66.18,   6.72)
[velocity_path_follower.py-9] [INFO] [1787287031.284106333] [velocity_path_follower]: 2635.0s  wp 5239/5251 이탈0.1m  위치 ( -30.69,   -66.18,   6.72)
[velocity_path_follower.py-9] [INFO] [1787287036.299145513] [velocity_path_follower]: 2640.0s  wp 5239/5251 이탈0.1m  위치 ( -30.69,   -66.18,   6.72)
[velocity_path_follower.py-9] [INFO] [1787287041.305608387] [velocity_path_follower]: 2645.0s  wp 5239/5251 이탈0.1m  위치 ( -30.69,   -66.18,   6.72)
[velocity_path_follower.py-9] [INFO] [1787287046.305783027] [velocity_path_follower]: 2650.0s  wp 5239/5251 이탈0.1m  위치 ( -30.69,   -66.18,   6.72)
[velocity_path_follower.py-9] [INFO] [1787287051.322509857] [velocity_path_follower]: 2655.0s  wp 5239/5251 이탈0.1m  위치 ( -30.69,   -66.18,   6.72)
[ros2-8] [INFO] [1787287052.152285764] [rosbag2_cpp]: Writing remaining messages from cache to the bag. It may take a while
[velocity_path_follower.py-9] [INFO] [1787287056.339175309] [velocity_path_follower]: 2660.0s  wp 5239/5251 이탈0.1m  위치 ( -30.69,   -66.18,   6.72)
[velocity_path_follower.py-9] [INFO] [1787287061.340438319] [velocity_path_follower]: 2665.0s  wp 5239/5251 이탈0.1m  위치 ( -30.69,   -66.18,   6.72)
[velocity_path_follower.py-9] [INFO] [1787287066.342606999] [velocity_path_follower]: 2670.0s  wp 5239/5251 이탈0.1m  위치 ( -30.69,   -66.18,   6.72)
[velocity_path_follower.py-9] [INFO] [1787287071.345319215] [velocity_path_follower]: 2675.0s  wp 5239/5251 이탈0.1m  위치 ( -30.69,   -66.18,   6.72)
[velocity_path_follower.py-9] [INFO] [1787287076.492894007] [velocity_path_follower]: 2680.0s  wp 5239/5251 이탈0.1m  위치 ( -30.69,   -66.18,   6.72)
[velocity_path_follower.py-9] [INFO] [1787287081.555367357] [velocity_path_follower]: 2685.0s  wp 5239/5251 이탈0.1m  위치 ( -30.69,   -66.18,   6.72)
[velocity_path_follower.py-9] [INFO] [1787287086.567221090] [velocity_path_follower]: 2690.0s  wp 5239/5251 이탈0.1m  위치 ( -30.69,   -66.18,   6.72)
[velocity_path_follower.py-9] [INFO] [1787287091.569951048] [velocity_path_follower]: 2695.0s  wp 5239/5251 이탈0.1m  위치 ( -30.69,   -66.18,   6.72)
[velocity_path_follower.py-9] [INFO] [1787287096.569164366] [velocity_path_follower]: 2700.0s  wp 5239/5251 이탈0.1m  위치 ( -30.69,   -66.18,   6.72)
[velocity_path_follower.py-9] [INFO] [1787287101.797122888] [velocity_path_follower]: 2705.0s  wp 5239/5251 이탈0.1m  위치 ( -30.69,   -66.18,   6.72)
[velocity_path_follower.py-9] [INFO] [1787287106.798850912] [velocity_path_follower]: 2710.0s  wp 5239/5251 이탈0.1m  위치 ( -30.69,   -66.18,   6.72)
[velocity_path_follower.py-9] [INFO] [1787287111.852225670] [velocity_path_follower]: 2715.0s  wp 5239/5251 이탈0.1m  위치 ( -30.69,   -66.18,   6.72)
[velocity_path_follower.py-9] [INFO] [1787287116.852905299] [velocity_path_follower]: 2720.0s  wp 5239/5251 이탈0.1m  위치 ( -30.69,   -66.18,   6.72)
[velocity_path_follower.py-9] [INFO] [1787287121.857074003] [velocity_path_follower]: 2725.0s  wp 5239/5251 이탈0.1m  위치 ( -30.69,   -66.18,   6.72)
[velocity_path_follower.py-9] [INFO] [1787287126.858882162] [velocity_path_follower]: 2730.0s  wp 5239/5251 이탈0.1m  위치 ( -30.69,   -66.18,   6.72)
[velocity_path_follower.py-9] [INFO] [1787287131.861335252] [velocity_path_follower]: 2735.0s  wp 5239/5251 이탈0.1m  위치 ( -30.69,   -66.18,   6.72)
[velocity_path_follower.py-9] [INFO] [1787287136.861343772] [velocity_path_follower]: 2740.0s  wp 5239/5251 이탈0.1m  위치 ( -30.69,   -66.18,   6.72)
[velocity_path_follower.py-9] [INFO] [1787287141.895793190] [velocity_path_follower]: 2745.0s  wp 5239/5251 이탈0.1m  위치 ( -30.69,   -66.18,   6.72)
[velocity_path_follower.py-9] [INFO] [1787287146.897996671] [velocity_path_follower]: 2750.0s  wp 5239/5251 이탈0.1m  위치 ( -30.69,   -66.18,   6.72)
