[INFO] [launch]: All log files can be found below /home/hyunwoo-chae/.ros/log/2026-08-17-02-55-42-801004-hyunwoo-chae-QEMU-Virtual-Machine-17157
[INFO] [launch]: Default logging verbosity is set to INFO
[INFO] [gazebo-1]: process started with pid [17198]
[INFO] [parameter_bridge-2]: process started with pid [17199]
[INFO] [parameter_bridge-3]: process started with pid [17201]
[INFO] [parameter_bridge-4]: process started with pid [17202]
[INFO] [static_transform_publisher-5]: process started with pid [17203]
[INFO] [parameter_bridge-6]: process started with pid [17204]
[INFO] [wait_for_world-7]: process started with pid [17205]
[wait_for_world-7] [wait_for_world] 'Seongdong_gu' 로드 대기 (최대 180s, 10s 후부터 3s 간격 확인)
[parameter_bridge-3] [INFO] [1786902943.404802672] [exp_sensor_bridge]: Creating GZ->ROS Bridge: [/drone/points/points (gz.msgs.PointCloudPacked) -> /drone/points/points (sensor_msgs/msg/PointCloud2)] (Lazy 0)
[static_transform_publisher-5] [INFO] [1786902943.419451545] [drone_os1_lidar_static_tf]: Spinning until stopped - publishing transform
[static_transform_publisher-5] translation: ('0.000000', '0.000000', '-0.175406')
[static_transform_publisher-5] rotation: ('0.000000', '0.707108', '0.000000', '0.707105')
[static_transform_publisher-5] from 'drone/base_link' to 'drone/os1_lidar'
[parameter_bridge-2] [INFO] [1786902943.426016470] [exp_clock_bridge]: Creating GZ->ROS Bridge: [/clock (gz.msgs.Clock) -> /clock (rosgraph_msgs/msg/Clock)] (Lazy 0)
[parameter_bridge-3] [INFO] [1786902943.428282252] [exp_sensor_bridge]: Creating GZ->ROS Bridge: [/drone/imu (gz.msgs.IMU) -> /drone/imu (sensor_msgs/msg/Imu)] (Lazy 0)
[parameter_bridge-3] [INFO] [1786902943.430514325] [exp_sensor_bridge]: Creating GZ->ROS Bridge: [/drone/gps (gz.msgs.NavSat) -> /drone/gps (sensor_msgs/msg/NavSatFix)] (Lazy 0)
[parameter_bridge-4] [INFO] [1786902943.465633194] [exp_drone_tf_bridge]: Creating GZ->ROS Bridge: [/model/X3/pose (gz.msgs.Pose_V) -> /model/X3/pose (tf2_msgs/msg/TFMessage)] (Lazy 0)
[parameter_bridge-6] [INFO] [1786902943.476808226] [exp_cmd_bridge]: Creating ROS->GZ Bridge: [/X3/gazebo/command/twist (geometry_msgs/msg/Twist) -> /X3/gazebo/command/twist (gz.msgs.Twist)] (Lazy 0)
[parameter_bridge-6] [INFO] [1786902943.479888478] [exp_cmd_bridge]: Creating ROS->GZ Bridge: [/X3/enable (std_msgs/msg/Bool) -> /X3/enable (gz.msgs.Boolean)] (Lazy 0)
[gazebo-1] [1;33mWarning [Utils.cc:132][0m [/scale:/home/hyunwoo-chae/AG-CoNav-test_main/install/agconav_test_worlds/share/agconav_test_worlds/worlds/Seongdong_gu_100x100_dynamic/Seongdong_gu_100x100_dynamic.world:L389]: XML Element[scale], child of element[include], not defined in SDF. Copying[scale] as children of [include].
[gazebo-1] [1;33mWarning [Utils.cc:132][0m [/sdf/model[@name="x3"]/link[@name="X3/base_link"]/sensor[@name="drone_imu_sensor"]/gz_frame_id:/home/hyunwoo-chae/AG-CoNav-test_main/install/agconav_test_worlds/share/agconav_test_worlds/models/agconav_drone_dynamic/model.sdf:L44]: XML Element[gz_frame_id], child of element[sensor], not defined in SDF. Copying[gz_frame_id] as children of [sensor].
[gazebo-1] [1;33mWarning [Utils.cc:132][0m [/sdf/model[@name="x3"]/link[@name="os1_lidar"]/sensor[@name="os1_lidar"]/gz_frame_id:/home/hyunwoo-chae/AG-CoNav-test_main/install/agconav_test_worlds/share/agconav_test_worlds/models/agconav_drone_dynamic/model.sdf:L356]: XML Element[gz_frame_id], child of element[sensor], not defined in SDF. Copying[gz_frame_id] as children of [sensor].
[gazebo-1] [1;33mWarning [Utils.cc:132][0m [/sdf/model[@name="x3"]/link[@name="gps_link"]/sensor[@name="navsat_sensor"]/gz_frame_id:/home/hyunwoo-chae/AG-CoNav-test_main/install/agconav_test_worlds/share/agconav_test_worlds/models/agconav_drone_dynamic/model.sdf:L412]: XML Element[gz_frame_id], child of element[sensor], not defined in SDF. Copying[gz_frame_id] as children of [sensor].
[gazebo-1] [1;36mDbg[0m DART Bullet heightfield AABB: min = {-49.8054, -49.8054, -2.6248}, max = {49.8054, 49.8054, 2.6248} (will be translated by z=2.6248)
[gazebo-1] libEGL warning: egl: failed to create dri2 screen
[gazebo-1] libEGL warning: egl: failed to create dri2 screen
[gazebo-1] libEGL warning: NEEDS EXTENSION: falling back to kms_swrast
[wait_for_world-7] [wait_for_world] 'Seongdong_gu' 로드 완료 — spawn 시작
[INFO] [wait_for_world-7]: process has finished cleanly [pid 17205]
[INFO] [ros2-8]: process started with pid [17411]
[INFO] [velocity_path_follower.py-9]: process started with pid [17412]
[ros2-8] stdin is not a terminal device. Keyboard handling disabled.[INFO] [1786902956.115088659] [rosbag2_recorder]: Press SPACE for pausing/resuming
[ros2-8] [INFO] [1786902956.115567999] [rosbag2_recorder]: Event publisher thread: Started
[ros2-8] [INFO] [1786902956.130057367] [rosbag2_recorder]: Starting recording to '/home/hyunwoo-chae/AG-CoNav-test_main/bags/velocity_4m_5mps_gps_attempt1'
[ros2-8] [INFO] [1786902956.140426928] [rosbag2_recorder]: Listening for topics...
[ros2-8] [INFO] [1786902956.140459179] [rosbag2_recorder]: Recording...
[ros2-8] [INFO] [1786902956.140787142] [rosbag2_recorder]: Topics discovery started.
[ros2-8] [INFO] [1786902956.229403210] [rosbag2_recorder]: Subscribed to topic '/tf'
[ros2-8] [INFO] [1786902956.238821341] [rosbag2_recorder]: Subscribed to topic '/drone/gps'
[ros2-8] [INFO] [1786902956.240119151] [rosbag2_recorder]: Subscribed to topic '/drone/imu'
[ros2-8] [INFO] [1786902956.242900023] [rosbag2_recorder]: Subscribed to topic '/drone/points'
[ros2-8] [INFO] [1786902956.244307209] [rosbag2_recorder]: Subscribed to topic '/tf_static'
[ros2-8] [INFO] [1786902957.945249985] [rosbag2_recorder]: Subscribed to topic '/drone/path_status'
[velocity_path_follower.py-9] [INFO] [1786902957.960868327] [velocity_path_follower]: waypoint 5251개, 고도 8.4 m, 순항 5.0 m/s
[parameter_bridge-6] [INFO] [1786902959.422716081] [exp_cmd_bridge]: Passing message from ROS std_msgs/msg/Bool to Gazebo gz.msgs.Boolean (showing msg only once per type)
[velocity_path_follower.py-9] [INFO] [1786902962.488666129] [velocity_path_follower]: 아밍 완료 — 이륙
[parameter_bridge-6] [INFO] [1786902962.538215067] [exp_cmd_bridge]: Passing message from ROS geometry_msgs/msg/Twist to Gazebo gz.msgs.Twist (showing msg only once per type)
[velocity_path_follower.py-9] [INFO] [1786902963.645294131] [velocity_path_follower]: 설계 고도 도달 (3.5 m)
[velocity_path_follower.py-9] [INFO] [1786902964.497960950] [velocity_path_follower]:   5.0s  climb       위치 ( -31.59,  -158.92,   4.27)
[velocity_path_follower.py-9] [INFO] [1786902969.639163651] [velocity_path_follower]:  10.0s  wp 1/5251 이탈0.0m  위치 ( -34.12,  -161.29,  10.36)
[velocity_path_follower.py-9] [INFO] [1786902972.198477544] [velocity_path_follower]: waypoint 1 / 5251 도달 (선 이탈 0.00 m)
[velocity_path_follower.py-9] [INFO] [1786902972.247659722] [velocity_path_follower]: waypoint 2 / 5251 도달 (선 이탈 1.04 m)
[velocity_path_follower.py-9] [INFO] [1786902972.297844872] [velocity_path_follower]: waypoint 3 / 5251 도달 (선 이탈 0.98 m)
[velocity_path_follower.py-9] [INFO] [1786902972.354472819] [velocity_path_follower]: waypoint 4 / 5251 도달 (선 이탈 0.89 m)
[velocity_path_follower.py-9] [INFO] [1786902972.405065349] [velocity_path_follower]: waypoint 5 / 5251 도달 (선 이탈 0.81 m)
[velocity_path_follower.py-9] [INFO] [1786902974.710479599] [velocity_path_follower]:  15.0s  wp 6/5251 이탈1.9m  위치 ( -40.03,  -168.02,   9.41)
[velocity_path_follower.py-9] [INFO] [1786902979.747912799] [velocity_path_follower]:  20.0s  wp 6/5251 이탈2.3m  위치 ( -39.03,  -168.39,   7.14)
[velocity_path_follower.py-9] [INFO] [1786902981.810442649] [velocity_path_follower]: waypoint 6 / 5251 도달 (선 이탈 1.13 m)
[velocity_path_follower.py-9] [INFO] [1786902982.460232670] [velocity_path_follower]: waypoint 7 / 5251 도달 (선 이탈 0.73 m)
[velocity_path_follower.py-9] [INFO] [1786902983.014157002] [velocity_path_follower]: waypoint 8 / 5251 도달 (선 이탈 0.37 m)
[velocity_path_follower.py-9] [INFO] [1786902983.564334070] [velocity_path_follower]: waypoint 9 / 5251 도달 (선 이탈 0.03 m)
[velocity_path_follower.py-9] [INFO] [1786902984.119283494] [velocity_path_follower]: waypoint 10 / 5251 도달 (선 이탈 0.28 m)
[velocity_path_follower.py-9] [INFO] [1786902984.618670737] [velocity_path_follower]: waypoint 11 / 5251 도달 (선 이탈 0.53 m)
[velocity_path_follower.py-9] [INFO] [1786902984.768412159] [velocity_path_follower]:  25.0s  wp 12/5251 이탈0.6m  위치 ( -34.92,  -165.51,   8.35)
[velocity_path_follower.py-9] [INFO] [1786902985.121820614] [velocity_path_follower]: waypoint 12 / 5251 도달 (선 이탈 0.74 m)
[velocity_path_follower.py-9] [INFO] [1786902985.574513257] [velocity_path_follower]: waypoint 13 / 5251 도달 (선 이탈 0.90 m)
[velocity_path_follower.py-9] [INFO] [1786902986.028885630] [velocity_path_follower]: waypoint 14 / 5251 도달 (선 이탈 1.02 m)
[velocity_path_follower.py-9] [INFO] [1786902986.481669395] [velocity_path_follower]: waypoint 15 / 5251 도달 (선 이탈 1.11 m)
[velocity_path_follower.py-9] [INFO] [1786902986.931513494] [velocity_path_follower]: waypoint 16 / 5251 도달 (선 이탈 1.17 m)
[velocity_path_follower.py-9] [INFO] [1786902987.381619552] [velocity_path_follower]: waypoint 17 / 5251 도달 (선 이탈 1.20 m)
[velocity_path_follower.py-9] [INFO] [1786902987.831501481] [velocity_path_follower]: waypoint 18 / 5251 도달 (선 이탈 1.19 m)
[velocity_path_follower.py-9] [INFO] [1786902988.233858510] [velocity_path_follower]: waypoint 19 / 5251 도달 (선 이탈 1.16 m)
[velocity_path_follower.py-9] [INFO] [1786902988.686167302] [velocity_path_follower]: waypoint 20 / 5251 도달 (선 이탈 1.11 m)
[velocity_path_follower.py-9] [INFO] [1786902989.141482591] [velocity_path_follower]: waypoint 21 / 5251 도달 (선 이탈 1.03 m)
[velocity_path_follower.py-9] [INFO] [1786902989.541681252] [velocity_path_follower]: waypoint 22 / 5251 도달 (선 이탈 0.94 m)
[velocity_path_follower.py-9] [INFO] [1786902989.791511281] [velocity_path_follower]:  30.0s  wp 23/5251 이탈0.9m  위치 ( -29.29,  -165.22,   8.94)
[velocity_path_follower.py-9] [INFO] [1786902989.991774051] [velocity_path_follower]: waypoint 23 / 5251 도달 (선 이탈 0.83 m)
[velocity_path_follower.py-9] [INFO] [1786902990.399991443] [velocity_path_follower]: waypoint 24 / 5251 도달 (선 이탈 0.71 m)
[velocity_path_follower.py-9] [INFO] [1786902990.850224698] [velocity_path_follower]: waypoint 25 / 5251 도달 (선 이탈 0.58 m)
[velocity_path_follower.py-9] [INFO] [1786902991.251737412] [velocity_path_follower]: waypoint 26 / 5251 도달 (선 이탈 0.46 m)
[velocity_path_follower.py-9] [INFO] [1786902991.660729769] [velocity_path_follower]: waypoint 27 / 5251 도달 (선 이탈 0.33 m)
[velocity_path_follower.py-9] [INFO] [1786902992.115782709] [velocity_path_follower]: waypoint 28 / 5251 도달 (선 이탈 0.19 m)
[velocity_path_follower.py-9] [INFO] [1786902992.516469908] [velocity_path_follower]: waypoint 29 / 5251 도달 (선 이탈 0.06 m)
[velocity_path_follower.py-9] [INFO] [1786902992.865874825] [velocity_path_follower]: waypoint 30 / 5251 도달 (선 이탈 0.04 m)
[velocity_path_follower.py-9] [INFO] [1786902993.274641964] [velocity_path_follower]: waypoint 31 / 5251 도달 (선 이탈 0.15 m)
[velocity_path_follower.py-9] [INFO] [1786902993.686472352] [velocity_path_follower]: waypoint 32 / 5251 도달 (선 이탈 0.25 m)
[velocity_path_follower.py-9] [INFO] [1786902994.095879664] [velocity_path_follower]: waypoint 33 / 5251 도달 (선 이탈 0.34 m)
[velocity_path_follower.py-9] [INFO] [1786902994.505580519] [velocity_path_follower]: waypoint 34 / 5251 도달 (선 이탈 0.42 m)
[velocity_path_follower.py-9] [INFO] [1786902994.859132779] [velocity_path_follower]: waypoint 35 / 5251 도달 (선 이탈 0.48 m)
[velocity_path_follower.py-9] [INFO] [1786902994.907849440] [velocity_path_follower]:  35.1s  wp 36/5251 이탈0.5m  위치 ( -23.01,  -166.58,   8.22)
[velocity_path_follower.py-9] [INFO] [1786902995.260405142] [velocity_path_follower]: waypoint 36 / 5251 도달 (선 이탈 0.52 m)
[velocity_path_follower.py-9] [INFO] [1786902995.618801464] [velocity_path_follower]: waypoint 37 / 5251 도달 (선 이탈 0.56 m)
[velocity_path_follower.py-9] [INFO] [1786902996.018670890] [velocity_path_follower]: waypoint 38 / 5251 도달 (선 이탈 0.58 m)
[velocity_path_follower.py-9] [INFO] [1786902996.385085526] [velocity_path_follower]: waypoint 39 / 5251 도달 (선 이탈 0.59 m)
[velocity_path_follower.py-9] [INFO] [1786902996.793851569] [velocity_path_follower]: waypoint 40 / 5251 도달 (선 이탈 0.58 m)
[velocity_path_follower.py-9] [INFO] [1786902997.143869856] [velocity_path_follower]: waypoint 41 / 5251 도달 (선 이탈 0.57 m)
[velocity_path_follower.py-9] [INFO] [1786902997.545655260] [velocity_path_follower]: waypoint 42 / 5251 도달 (선 이탈 0.55 m)
[velocity_path_follower.py-9] [INFO] [1786902997.898704086] [velocity_path_follower]: waypoint 43 / 5251 도달 (선 이탈 0.52 m)
[velocity_path_follower.py-9] [INFO] [1786902998.302863686] [velocity_path_follower]: waypoint 44 / 5251 도달 (선 이탈 0.47 m)
[velocity_path_follower.py-9] [INFO] [1786902998.651029693] [velocity_path_follower]: waypoint 45 / 5251 도달 (선 이탈 0.43 m)
[velocity_path_follower.py-9] [INFO] [1786902999.008337074] [velocity_path_follower]: waypoint 46 / 5251 도달 (선 이탈 0.38 m)
[velocity_path_follower.py-9] [INFO] [1786902999.410639560] [velocity_path_follower]: waypoint 47 / 5251 도달 (선 이탈 0.32 m)
[velocity_path_follower.py-9] [INFO] [1786902999.759887287] [velocity_path_follower]: waypoint 48 / 5251 도달 (선 이탈 0.26 m)
[velocity_path_follower.py-9] [INFO] [1786902999.909560021] [velocity_path_follower]:  40.0s  wp 49/5251 이탈0.2m  위치 ( -16.38,  -166.34,   8.24)
[velocity_path_follower.py-9] [INFO] [1786903000.166858585] [velocity_path_follower]: waypoint 49 / 5251 도달 (선 이탈 0.20 m)
[velocity_path_follower.py-9] [INFO] [1786903000.516896320] [velocity_path_follower]: waypoint 50 / 5251 도달 (선 이탈 0.14 m)
[velocity_path_follower.py-9] [INFO] [1786903000.869507673] [velocity_path_follower]: waypoint 51 / 5251 도달 (선 이탈 0.08 m)
[velocity_path_follower.py-9] [INFO] [1786903001.222022439] [velocity_path_follower]: waypoint 52 / 5251 도달 (선 이탈 0.03 m)
[velocity_path_follower.py-9] [INFO] [1786903001.621849885] [velocity_path_follower]: waypoint 53 / 5251 도달 (선 이탈 0.03 m)
[velocity_path_follower.py-9] [INFO] [1786903001.976480886] [velocity_path_follower]: waypoint 54 / 5251 도달 (선 이탈 0.09 m)
[velocity_path_follower.py-9] [INFO] [1786903002.329292819] [velocity_path_follower]: waypoint 55 / 5251 도달 (선 이탈 0.13 m)
[velocity_path_follower.py-9] [INFO] [1786903002.683783816] [velocity_path_follower]: waypoint 56 / 5251 도달 (선 이탈 0.17 m)
[velocity_path_follower.py-9] [INFO] [1786903003.039973418] [velocity_path_follower]: waypoint 57 / 5251 도달 (선 이탈 0.21 m)
[velocity_path_follower.py-9] [INFO] [1786903003.396901737] [velocity_path_follower]: waypoint 58 / 5251 도달 (선 이탈 0.24 m)
[velocity_path_follower.py-9] [INFO] [1786903003.799010331] [velocity_path_follower]: waypoint 59 / 5251 도달 (선 이탈 0.27 m)
[velocity_path_follower.py-9] [INFO] [1786903004.153746910] [velocity_path_follower]: waypoint 60 / 5251 도달 (선 이탈 0.28 m)
[velocity_path_follower.py-9] [INFO] [1786903004.507314138] [velocity_path_follower]: waypoint 61 / 5251 도달 (선 이탈 0.30 m)
[velocity_path_follower.py-9] [INFO] [1786903004.861770420] [velocity_path_follower]: waypoint 62 / 5251 도달 (선 이탈 0.30 m)
[velocity_path_follower.py-9] [INFO] [1786903004.961590767] [velocity_path_follower]:  45.0s  wp 63/5251 이탈0.3m  위치 (  -9.43,  -165.80,   8.77)
[velocity_path_follower.py-9] [INFO] [1786903005.211655888] [velocity_path_follower]: waypoint 63 / 5251 도달 (선 이탈 0.30 m)
[velocity_path_follower.py-9] [INFO] [1786903005.564376810] [velocity_path_follower]: waypoint 64 / 5251 도달 (선 이탈 0.30 m)
[velocity_path_follower.py-9] [INFO] [1786903005.917518779] [velocity_path_follower]: waypoint 65 / 5251 도달 (선 이탈 0.29 m)
[velocity_path_follower.py-9] [INFO] [1786903006.268141545] [velocity_path_follower]: waypoint 66 / 5251 도달 (선 이탈 0.28 m)
[velocity_path_follower.py-9] [INFO] [1786903006.623694044] [velocity_path_follower]: waypoint 67 / 5251 도달 (선 이탈 0.26 m)
[velocity_path_follower.py-9] [INFO] [1786903007.029009879] [velocity_path_follower]: waypoint 68 / 5251 도달 (선 이탈 0.24 m)
[velocity_path_follower.py-9] [INFO] [1786903007.381054369] [velocity_path_follower]: waypoint 69 / 5251 도달 (선 이탈 0.21 m)
[velocity_path_follower.py-9] [INFO] [1786903007.737063162] [velocity_path_follower]: waypoint 70 / 5251 도달 (선 이탈 0.19 m)
[velocity_path_follower.py-9] [INFO] [1786903008.089895287] [velocity_path_follower]: waypoint 71 / 5251 도달 (선 이탈 0.16 m)
[velocity_path_follower.py-9] [INFO] [1786903008.447707435] [velocity_path_follower]: waypoint 72 / 5251 도달 (선 이탈 0.13 m)
[velocity_path_follower.py-9] [INFO] [1786903008.806766433] [velocity_path_follower]: waypoint 73 / 5251 도달 (선 이탈 0.10 m)
[velocity_path_follower.py-9] [INFO] [1786903009.162762638] [velocity_path_follower]: waypoint 74 / 5251 도달 (선 이탈 0.07 m)
[velocity_path_follower.py-9] [INFO] [1786903009.514731495] [velocity_path_follower]: waypoint 75 / 5251 도달 (선 이탈 0.04 m)
[velocity_path_follower.py-9] [INFO] [1786903009.863798522] [velocity_path_follower]: waypoint 76 / 5251 도달 (선 이탈 0.01 m)
[velocity_path_follower.py-9] [INFO] [1786903010.013730538] [velocity_path_follower]:  50.0s  wp 77/5251 이탈0.0m  위치 (  -2.36,  -166.10,   8.91)
[velocity_path_follower.py-9] [INFO] [1786903010.215877713] [velocity_path_follower]: waypoint 77 / 5251 도달 (선 이탈 0.02 m)
[velocity_path_follower.py-9] [INFO] [1786903010.571375948] [velocity_path_follower]: waypoint 78 / 5251 도달 (선 이탈 0.05 m)
[velocity_path_follower.py-9] [INFO] [1786903010.925835337] [velocity_path_follower]: waypoint 79 / 5251 도달 (선 이탈 0.07 m)
[velocity_path_follower.py-9] [INFO] [1786903011.276631423] [velocity_path_follower]: waypoint 80 / 5251 도달 (선 이탈 0.09 m)
[velocity_path_follower.py-9] [INFO] [1786903011.628906612] [velocity_path_follower]: waypoint 81 / 5251 도달 (선 이탈 0.11 m)
[velocity_path_follower.py-9] [INFO] [1786903011.980828171] [velocity_path_follower]: waypoint 82 / 5251 도달 (선 이탈 0.13 m)
[velocity_path_follower.py-9] [INFO] [1786903012.331230207] [velocity_path_follower]: waypoint 83 / 5251 도달 (선 이탈 0.14 m)
[velocity_path_follower.py-9] [INFO] [1786903012.688934258] [velocity_path_follower]: waypoint 84 / 5251 도달 (선 이탈 0.15 m)
[velocity_path_follower.py-9] [INFO] [1786903013.044358027] [velocity_path_follower]: waypoint 85 / 5251 도달 (선 이탈 0.15 m)
[velocity_path_follower.py-9] [INFO] [1786903013.397007673] [velocity_path_follower]: waypoint 86 / 5251 도달 (선 이탈 0.16 m)
[velocity_path_follower.py-9] [INFO] [1786903013.746788198] [velocity_path_follower]: waypoint 87 / 5251 도달 (선 이탈 0.16 m)
[velocity_path_follower.py-9] [INFO] [1786903014.101970544] [velocity_path_follower]: waypoint 88 / 5251 도달 (선 이탈 0.16 m)
[velocity_path_follower.py-9] [INFO] [1786903014.458816326] [velocity_path_follower]: waypoint 89 / 5251 도달 (선 이탈 0.15 m)
[velocity_path_follower.py-9] [INFO] [1786903014.809361525] [velocity_path_follower]: waypoint 90 / 5251 도달 (선 이탈 0.14 m)
[velocity_path_follower.py-9] [INFO] [1786903015.060437348] [velocity_path_follower]:  55.0s  wp 91/5251 이탈0.1m  위치 (   4.79,  -166.24,   8.96)
[velocity_path_follower.py-9] [INFO] [1786903015.161077279] [velocity_path_follower]: waypoint 91 / 5251 도달 (선 이탈 0.14 m)
[velocity_path_follower.py-9] [INFO] [1786903015.512705364] [velocity_path_follower]: waypoint 92 / 5251 도달 (선 이탈 0.12 m)
[velocity_path_follower.py-9] [INFO] [1786903015.867946580] [velocity_path_follower]: waypoint 93 / 5251 도달 (선 이탈 0.11 m)
[velocity_path_follower.py-9] [INFO] [1786903016.229071707] [velocity_path_follower]: waypoint 94 / 5251 도달 (선 이탈 0.10 m)
[velocity_path_follower.py-9] [INFO] [1786903016.586604659] [velocity_path_follower]: waypoint 95 / 5251 도달 (선 이탈 0.08 m)
[velocity_path_follower.py-9] [INFO] [1786903016.888177738] [velocity_path_follower]: waypoint 96 / 5251 도달 (선 이탈 0.07 m)
[velocity_path_follower.py-9] [INFO] [1786903017.298879066] [velocity_path_follower]: waypoint 97 / 5251 도달 (선 이탈 0.05 m)
[velocity_path_follower.py-9] [INFO] [1786903017.647819109] [velocity_path_follower]: waypoint 98 / 5251 도달 (선 이탈 0.03 m)
[velocity_path_follower.py-9] [INFO] [1786903018.008256680] [velocity_path_follower]: waypoint 99 / 5251 도달 (선 이탈 0.02 m)
[velocity_path_follower.py-9] [INFO] [1786903018.365465372] [velocity_path_follower]: waypoint 100 / 5251 도달 (선 이탈 0.00 m)
[velocity_path_follower.py-9] [INFO] [1786903018.669631897] [velocity_path_follower]: waypoint 101 / 5251 도달 (선 이탈 0.01 m)
[velocity_path_follower.py-9] [INFO] [1786903019.072484740] [velocity_path_follower]: waypoint 102 / 5251 도달 (선 이탈 0.02 m)
[velocity_path_follower.py-9] [INFO] [1786903019.382635592] [velocity_path_follower]: waypoint 103 / 5251 도달 (선 이탈 0.04 m)
[velocity_path_follower.py-9] [INFO] [1786903019.786755616] [velocity_path_follower]: waypoint 104 / 5251 도달 (선 이탈 0.05 m)
[velocity_path_follower.py-9] [INFO] [1786903020.093702424] [velocity_path_follower]: waypoint 105 / 5251 도달 (선 이탈 0.06 m)
[velocity_path_follower.py-9] [INFO] [1786903020.144636104] [velocity_path_follower]:  60.0s  wp 106/5251 이탈0.1m  위치 (  12.00,  -166.04,   9.11)
[velocity_path_follower.py-9] [INFO] [1786903020.448777165] [velocity_path_follower]: waypoint 106 / 5251 도달 (선 이탈 0.07 m)
[velocity_path_follower.py-9] [INFO] [1786903020.809718401] [velocity_path_follower]: waypoint 107 / 5251 도달 (선 이탈 0.07 m)
[velocity_path_follower.py-9] [INFO] [1786903021.163868544] [velocity_path_follower]: waypoint 108 / 5251 도달 (선 이탈 0.08 m)
[velocity_path_follower.py-9] [INFO] [1786903021.516659501] [velocity_path_follower]: waypoint 109 / 5251 도달 (선 이탈 0.08 m)
[velocity_path_follower.py-9] [INFO] [1786903021.868648156] [velocity_path_follower]: waypoint 110 / 5251 도달 (선 이탈 0.08 m)
[velocity_path_follower.py-9] [INFO] [1786903022.226332427] [velocity_path_follower]: waypoint 111 / 5251 도달 (선 이탈 0.08 m)
[velocity_path_follower.py-9] [INFO] [1786903022.578715709] [velocity_path_follower]: waypoint 112 / 5251 도달 (선 이탈 0.08 m)
[velocity_path_follower.py-9] [INFO] [1786903022.932513260] [velocity_path_follower]: waypoint 113 / 5251 도달 (선 이탈 0.08 m)
[velocity_path_follower.py-9] [INFO] [1786903023.288162083] [velocity_path_follower]: waypoint 114 / 5251 도달 (선 이탈 0.08 m)
[velocity_path_follower.py-9] [INFO] [1786903023.640921450] [velocity_path_follower]: waypoint 115 / 5251 도달 (선 이탈 0.07 m)
[velocity_path_follower.py-9] [INFO] [1786903023.997732163] [velocity_path_follower]: waypoint 116 / 5251 도달 (선 이탈 0.07 m)
[velocity_path_follower.py-9] [INFO] [1786903024.347825159] [velocity_path_follower]: waypoint 117 / 5251 도달 (선 이탈 0.06 m)
[velocity_path_follower.py-9] [INFO] [1786903024.705932803] [velocity_path_follower]: waypoint 118 / 5251 도달 (선 이탈 0.05 m)
[velocity_path_follower.py-9] [INFO] [1786903025.064372659] [velocity_path_follower]: waypoint 119 / 5251 도달 (선 이탈 0.05 m)
[velocity_path_follower.py-9] [INFO] [1786903025.214670909] [velocity_path_follower]:  65.0s  wp 120/5251 이탈0.0m  위치 (  19.17,  -166.06,   9.26)
[velocity_path_follower.py-9] [INFO] [1786903025.414936533] [velocity_path_follower]: waypoint 120 / 5251 도달 (선 이탈 0.04 m)
[velocity_path_follower.py-9] [INFO] [1786903025.769986092] [velocity_path_follower]: waypoint 121 / 5251 도달 (선 이탈 0.03 m)
[velocity_path_follower.py-9] [INFO] [1786903026.090710401] [velocity_path_follower]: waypoint 122 / 5251 도달 (선 이탈 0.02 m)
[velocity_path_follower.py-9] [INFO] [1786903026.440947309] [velocity_path_follower]: waypoint 123 / 5251 도달 (선 이탈 0.01 m)
[velocity_path_follower.py-9] [INFO] [1786903026.795845571] [velocity_path_follower]: waypoint 124 / 5251 도달 (선 이탈 0.01 m)
[velocity_path_follower.py-9] [INFO] [1786903027.145960310] [velocity_path_follower]: waypoint 125 / 5251 도달 (선 이탈 0.00 m)
[velocity_path_follower.py-9] [INFO] [1786903027.500847485] [velocity_path_follower]: waypoint 126 / 5251 도달 (선 이탈 0.01 m)
[velocity_path_follower.py-9] [INFO] [1786903027.852646286] [velocity_path_follower]: waypoint 127 / 5251 도달 (선 이탈 0.02 m)
[velocity_path_follower.py-9] [INFO] [1786903028.213183285] [velocity_path_follower]: waypoint 128 / 5251 도달 (선 이탈 0.02 m)
[velocity_path_follower.py-9] [INFO] [1786903028.565842469] [velocity_path_follower]: waypoint 129 / 5251 도달 (선 이탈 0.03 m)
[velocity_path_follower.py-9] [INFO] [1786903028.923185091] [velocity_path_follower]: waypoint 130 / 5251 도달 (선 이탈 0.03 m)
[velocity_path_follower.py-9] [INFO] [1786903029.275753106] [velocity_path_follower]: waypoint 131 / 5251 도달 (선 이탈 0.04 m)
[velocity_path_follower.py-9] [INFO] [1786903029.630773485] [velocity_path_follower]: waypoint 132 / 5251 도달 (선 이탈 0.04 m)
[velocity_path_follower.py-9] [INFO] [1786903029.983406000] [velocity_path_follower]: waypoint 133 / 5251 도달 (선 이탈 0.04 m)
[velocity_path_follower.py-9] [INFO] [1786903030.289932733] [velocity_path_follower]:  70.0s  wp 134/5251 이탈0.0m  위치 (  26.37,  -166.14,   9.38)
[velocity_path_follower.py-9] [INFO] [1786903030.342832643] [velocity_path_follower]: waypoint 134 / 5251 도달 (선 이탈 0.04 m)
[velocity_path_follower.py-9] [INFO] [1786903030.697057176] [velocity_path_follower]: waypoint 135 / 5251 도달 (선 이탈 0.04 m)
[velocity_path_follower.py-9] [INFO] [1786903031.007286666] [velocity_path_follower]: waypoint 136 / 5251 도달 (선 이탈 0.04 m)
[velocity_path_follower.py-9] [INFO] [1786903031.363986396] [velocity_path_follower]: waypoint 137 / 5251 도달 (선 이탈 0.04 m)
[velocity_path_follower.py-9] [INFO] [1786903031.769771234] [velocity_path_follower]: waypoint 138 / 5251 도달 (선 이탈 0.04 m)
[velocity_path_follower.py-9] [INFO] [1786903032.071695070] [velocity_path_follower]: waypoint 139 / 5251 도달 (선 이탈 0.04 m)
[velocity_path_follower.py-9] [INFO] [1786903032.424060863] [velocity_path_follower]: waypoint 140 / 5251 도달 (선 이탈 0.04 m)
[velocity_path_follower.py-9] [INFO] [1786903032.774177294] [velocity_path_follower]: waypoint 141 / 5251 도달 (선 이탈 0.03 m)
[velocity_path_follower.py-9] [INFO] [1786903033.126665547] [velocity_path_follower]: waypoint 142 / 5251 도달 (선 이탈 0.03 m)
[velocity_path_follower.py-9] [INFO] [1786903033.478921044] [velocity_path_follower]: waypoint 143 / 5251 도달 (선 이탈 0.02 m)
[velocity_path_follower.py-9] [INFO] [1786903033.830983206] [velocity_path_follower]: waypoint 144 / 5251 도달 (선 이탈 0.02 m)
[velocity_path_follower.py-9] [INFO] [1786903034.210826193] [velocity_path_follower]: waypoint 145 / 5251 도달 (선 이탈 0.02 m)
[velocity_path_follower.py-9] [INFO] [1786903034.582867657] [velocity_path_follower]: waypoint 146 / 5251 도달 (선 이탈 0.01 m)
[velocity_path_follower.py-9] [INFO] [1786903034.940120093] [velocity_path_follower]: waypoint 147 / 5251 도달 (선 이탈 0.01 m)
[velocity_path_follower.py-9] [INFO] [1786903035.292686590] [velocity_path_follower]: waypoint 148 / 5251 도달 (선 이탈 0.00 m)
[velocity_path_follower.py-9] [INFO] [1786903035.392375075] [velocity_path_follower]:  75.0s  wp 149/5251 이탈0.0m  위치 (  33.58,  -166.10,   9.49)
[velocity_path_follower.py-9] [INFO] [1786903035.645455714] [velocity_path_follower]: waypoint 149 / 5251 도달 (선 이탈 0.00 m)
[velocity_path_follower.py-9] [INFO] [1786903036.002560561] [velocity_path_follower]: waypoint 150 / 5251 도달 (선 이탈 0.01 m)
[velocity_path_follower.py-9] [INFO] [1786903036.356768034] [velocity_path_follower]: waypoint 151 / 5251 도달 (선 이탈 0.01 m)
[velocity_path_follower.py-9] [INFO] [1786903036.656496454] [velocity_path_follower]: waypoint 152 / 5251 도달 (선 이탈 0.01 m)
[velocity_path_follower.py-9] [INFO] [1786903037.065349274] [velocity_path_follower]: waypoint 153 / 5251 도달 (선 이탈 0.02 m)
[velocity_path_follower.py-9] [INFO] [1786903037.374892696] [velocity_path_follower]: waypoint 154 / 5251 도달 (선 이탈 0.02 m)
[velocity_path_follower.py-9] [INFO] [1786903037.725239531] [velocity_path_follower]: waypoint 155 / 5251 도달 (선 이탈 0.02 m)
[velocity_path_follower.py-9] [INFO] [1786903038.077886980] [velocity_path_follower]: waypoint 156 / 5251 도달 (선 이탈 0.02 m)
[velocity_path_follower.py-9] [INFO] [1786903038.431882403] [velocity_path_follower]: waypoint 157 / 5251 도달 (선 이탈 0.02 m)
[velocity_path_follower.py-9] [INFO] [1786903038.785225109] [velocity_path_follower]: waypoint 158 / 5251 도달 (선 이탈 0.02 m)
[velocity_path_follower.py-9] [INFO] [1786903039.144661769] [velocity_path_follower]: waypoint 159 / 5251 도달 (선 이탈 0.02 m)
[velocity_path_follower.py-9] [INFO] [1786903039.496832206] [velocity_path_follower]: waypoint 160 / 5251 도달 (선 이탈 0.02 m)
[velocity_path_follower.py-9] [INFO] [1786903039.848522221] [velocity_path_follower]: waypoint 161 / 5251 도달 (선 이탈 0.02 m)
[velocity_path_follower.py-9] [INFO] [1786903040.202281511] [velocity_path_follower]: waypoint 162 / 5251 도달 (선 이탈 0.02 m)
[velocity_path_follower.py-9] [INFO] [1786903040.457786296] [velocity_path_follower]:  80.0s  wp 163/5251 이탈0.0m  위치 (  40.82,  -166.08,   9.60)
[velocity_path_follower.py-9] [INFO] [1786903040.557854532] [velocity_path_follower]: waypoint 163 / 5251 도달 (선 이탈 0.02 m)
[velocity_path_follower.py-9] [INFO] [1786903040.862383797] [velocity_path_follower]: waypoint 164 / 5251 도달 (선 이탈 0.02 m)
[velocity_path_follower.py-9] [INFO] [1786903041.272850747] [velocity_path_follower]: waypoint 165 / 5251 도달 (선 이탈 0.02 m)
[velocity_path_follower.py-9] [INFO] [1786903041.628808104] [velocity_path_follower]: waypoint 166 / 5251 도달 (선 이탈 0.02 m)
[velocity_path_follower.py-9] [INFO] [1786903041.928805723] [velocity_path_follower]: waypoint 167 / 5251 도달 (선 이탈 0.01 m)
[velocity_path_follower.py-9] [INFO] [1786903042.339965971] [velocity_path_follower]: waypoint 168 / 5251 도달 (선 이탈 0.01 m)
[velocity_path_follower.py-9] [INFO] [1786903042.639758085] [velocity_path_follower]: waypoint 169 / 5251 도달 (선 이탈 0.01 m)
[velocity_path_follower.py-9] [INFO] [1786903042.992856401] [velocity_path_follower]: waypoint 170 / 5251 도달 (선 이탈 0.01 m)
[velocity_path_follower.py-9] [INFO] [1786903043.349445843] [velocity_path_follower]: waypoint 171 / 5251 도달 (선 이탈 0.01 m)
[velocity_path_follower.py-9] [INFO] [1786903043.704889854] [velocity_path_follower]: waypoint 172 / 5251 도달 (선 이탈 0.00 m)
[velocity_path_follower.py-9] [INFO] [1786903044.067284164] [velocity_path_follower]: waypoint 173 / 5251 도달 (선 이탈 0.00 m)
[velocity_path_follower.py-9] [INFO] [1786903044.416644050] [velocity_path_follower]: waypoint 174 / 5251 도달 (선 이탈 0.00 m)
[velocity_path_follower.py-9] [INFO] [1786903044.766906656] [velocity_path_follower]: waypoint 175 / 5251 도달 (선 이탈 0.00 m)
[velocity_path_follower.py-9] [INFO] [1786903045.117100594] [velocity_path_follower]: waypoint 176 / 5251 도달 (선 이탈 0.00 m)
[velocity_path_follower.py-9] [INFO] [1786903045.468398294] [velocity_path_follower]: waypoint 177 / 5251 도달 (선 이탈 0.01 m)
[velocity_path_follower.py-9] [INFO] [1786903045.516907431] [velocity_path_follower]:  85.0s  wp 178/5251 이탈0.0m  위치 (  48.01,  -166.11,   9.58)
[velocity_path_follower.py-9] [INFO] [1786903045.816825248] [velocity_path_follower]: waypoint 178 / 5251 도달 (선 이탈 0.01 m)
[velocity_path_follower.py-9] [INFO] [1786903046.119929731] [velocity_path_follower]: waypoint 179 / 5251 도달 (선 이탈 0.01 m)
[velocity_path_follower.py-9] [INFO] [1786903046.529010396] [velocity_path_follower]: waypoint 180 / 5251 도달 (선 이탈 0.01 m)
[velocity_path_follower.py-9] [INFO] [1786903046.886822012] [velocity_path_follower]: waypoint 181 / 5251 도달 (선 이탈 0.01 m)
[velocity_path_follower.py-9] [INFO] [1786903047.188759018] [velocity_path_follower]: waypoint 182 / 5251 도달 (선 이탈 0.01 m)
[velocity_path_follower.py-9] [INFO] [1786903047.591649890] [velocity_path_follower]: waypoint 183 / 5251 도달 (선 이탈 0.01 m)
[velocity_path_follower.py-9] [INFO] [1786903047.906038100] [velocity_path_follower]: waypoint 184 / 5251 도달 (선 이탈 0.01 m)
[velocity_path_follower.py-9] [INFO] [1786903048.255864315] [velocity_path_follower]: waypoint 185 / 5251 도달 (선 이탈 0.01 m)
[velocity_path_follower.py-9] [INFO] [1786903048.611647107] [velocity_path_follower]: waypoint 186 / 5251 도달 (선 이탈 0.01 m)
[velocity_path_follower.py-9] [INFO] [1786903048.961896743] [velocity_path_follower]: waypoint 187 / 5251 도달 (선 이탈 0.01 m)
[velocity_path_follower.py-9] [INFO] [1786903049.311680996] [velocity_path_follower]: waypoint 188 / 5251 도달 (선 이탈 0.01 m)
[velocity_path_follower.py-9] [INFO] [1786903049.665819097] [velocity_path_follower]: waypoint 189 / 5251 도달 (선 이탈 0.01 m)
[velocity_path_follower.py-9] [INFO] [1786903050.015752851] [velocity_path_follower]: waypoint 190 / 5251 도달 (선 이탈 0.01 m)
[velocity_path_follower.py-9] [INFO] [1786903050.365609519] [velocity_path_follower]: waypoint 191 / 5251 도달 (선 이탈 0.01 m)
[velocity_path_follower.py-9] [INFO] [1786903050.565435678] [velocity_path_follower]:  90.0s  wp 192/5251 이탈0.0m  위치 (  55.22,  -166.11,   9.60)
[velocity_path_follower.py-9] [INFO] [1786903050.718430058] [velocity_path_follower]: waypoint 192 / 5251 도달 (선 이탈 0.01 m)
[velocity_path_follower.py-9] [INFO] [1786903051.067511923] [velocity_path_follower]: waypoint 193 / 5251 도달 (선 이탈 0.00 m)
[velocity_path_follower.py-9] [INFO] [1786903051.417803426] [velocity_path_follower]: waypoint 194 / 5251 도달 (선 이탈 0.00 m)
[velocity_path_follower.py-9] [INFO] [1786903051.769931079] [velocity_path_follower]: waypoint 195 / 5251 도달 (선 이탈 0.00 m)
[velocity_path_follower.py-9] [INFO] [1786903052.119833076] [velocity_path_follower]: waypoint 196 / 5251 도달 (선 이탈 0.00 m)
[velocity_path_follower.py-9] [INFO] [1786903052.425048487] [velocity_path_follower]: waypoint 197 / 5251 도달 (선 이탈 0.00 m)
[velocity_path_follower.py-9] [INFO] [1786903052.825036471] [velocity_path_follower]: waypoint 198 / 5251 도달 (선 이탈 0.00 m)
[velocity_path_follower.py-9] [INFO] [1786903053.124977103] [velocity_path_follower]: waypoint 199 / 5251 도달 (선 이탈 0.00 m)
[velocity_path_follower.py-9] [INFO] [1786903053.487729139] [velocity_path_follower]: waypoint 200 / 5251 도달 (선 이탈 0.00 m)
[velocity_path_follower.py-9] [INFO] [1786903053.838398308] [velocity_path_follower]: waypoint 201 / 5251 도달 (선 이탈 0.00 m)
[velocity_path_follower.py-9] [INFO] [1786903055.594871554] [velocity_path_follower]:  95.0s  wp 202/5251 이탈0.9m  위치 (  62.25,  -165.75,   9.67)
[velocity_path_follower.py-9] [INFO] [1786903058.935120471] [velocity_path_follower]: waypoint 202 / 5251 도달 (선 이탈 2.91 m)
[velocity_path_follower.py-9] [INFO] [1786903060.644505615] [velocity_path_follower]: 100.0s  wp 204/5251 이탈0.2m  위치 (  64.22,  -162.25,  10.05)
[velocity_path_follower.py-9] [INFO] [1786903063.919133921] [velocity_path_follower]: waypoint 204 / 5251 도달 (선 이탈 1.41 m)
[velocity_path_follower.py-9] [INFO] [1786903064.586023835] [velocity_path_follower]: waypoint 205 / 5251 도달 (선 이탈 1.48 m)
[velocity_path_follower.py-9] [INFO] [1786903065.187976570] [velocity_path_follower]: waypoint 206 / 5251 도달 (선 이탈 1.48 m)
[velocity_path_follower.py-9] [INFO] [1786903065.744485837] [velocity_path_follower]: 105.0s  wp 207/5251 이탈1.4m  위치 (  60.93,  -160.67,  10.63)
[velocity_path_follower.py-9] [INFO] [1786903065.794510570] [velocity_path_follower]: waypoint 207 / 5251 도달 (선 이탈 1.42 m)
[velocity_path_follower.py-9] [INFO] [1786903066.346844113] [velocity_path_follower]: waypoint 208 / 5251 도달 (선 이탈 1.32 m)
[velocity_path_follower.py-9] [INFO] [1786903066.896996251] [velocity_path_follower]: waypoint 209 / 5251 도달 (선 이탈 1.19 m)
[velocity_path_follower.py-9] [INFO] [1786903067.453639304] [velocity_path_follower]: waypoint 210 / 5251 도달 (선 이탈 1.03 m)
[velocity_path_follower.py-9] [INFO] [1786903067.954796094] [velocity_path_follower]: waypoint 211 / 5251 도달 (선 이탈 0.85 m)
[velocity_path_follower.py-9] [INFO] [1786903068.455854921] [velocity_path_follower]: waypoint 212 / 5251 도달 (선 이탈 0.67 m)
[velocity_path_follower.py-9] [INFO] [1786903068.958729021] [velocity_path_follower]: waypoint 213 / 5251 도달 (선 이탈 0.48 m)
[velocity_path_follower.py-9] [INFO] [1786903069.411180423] [velocity_path_follower]: waypoint 214 / 5251 도달 (선 이탈 0.30 m)
[velocity_path_follower.py-9] [INFO] [1786903069.917413480] [velocity_path_follower]: waypoint 215 / 5251 도달 (선 이탈 0.11 m)
[velocity_path_follower.py-9] [INFO] [1786903070.320911912] [velocity_path_follower]: waypoint 216 / 5251 도달 (선 이탈 0.04 m)
[velocity_path_follower.py-9] [INFO] [1786903070.774713119] [velocity_path_follower]: waypoint 217 / 5251 도달 (선 이탈 0.19 m)
[velocity_path_follower.py-9] [INFO] [1786903070.824471680] [velocity_path_follower]: 110.1s  wp 218/5251 이탈0.2m  위치 (  55.82,  -162.31,  12.75)
[velocity_path_follower.py-9] [INFO] [1786903071.230897356] [velocity_path_follower]: waypoint 218 / 5251 도달 (선 이탈 0.33 m)
[velocity_path_follower.py-9] [INFO] [1786903071.632947098] [velocity_path_follower]: waypoint 219 / 5251 도달 (선 이탈 0.43 m)
[velocity_path_follower.py-9] [INFO] [1786903072.035787726] [velocity_path_follower]: waypoint 220 / 5251 도달 (선 이탈 0.52 m)
[velocity_path_follower.py-9] [INFO] [1786903072.487691360] [velocity_path_follower]: waypoint 221 / 5251 도달 (선 이탈 0.60 m)
[velocity_path_follower.py-9] [INFO] [1786903072.890068104] [velocity_path_follower]: waypoint 222 / 5251 도달 (선 이탈 0.66 m)
[velocity_path_follower.py-9] [INFO] [1786903073.289723852] [velocity_path_follower]: waypoint 223 / 5251 도달 (선 이탈 0.70 m)
[velocity_path_follower.py-9] [INFO] [1786903073.692698059] [velocity_path_follower]: waypoint 224 / 5251 도달 (선 이탈 0.72 m)
[velocity_path_follower.py-9] [INFO] [1786903074.102988651] [velocity_path_follower]: waypoint 225 / 5251 도달 (선 이탈 0.73 m)
[velocity_path_follower.py-9] [INFO] [1786903074.504982258] [velocity_path_follower]: waypoint 226 / 5251 도달 (선 이탈 0.72 m)
[velocity_path_follower.py-9] [INFO] [1786903074.906335691] [velocity_path_follower]: waypoint 227 / 5251 도달 (선 이탈 0.69 m)
[velocity_path_follower.py-9] [INFO] [1786903075.254639645] [velocity_path_follower]: waypoint 228 / 5251 도달 (선 이탈 0.66 m)
[velocity_path_follower.py-9] [INFO] [1786903075.667341596] [velocity_path_follower]: waypoint 229 / 5251 도달 (선 이탈 0.62 m)
[velocity_path_follower.py-9] [INFO] [1786903075.819250598] [velocity_path_follower]: 115.0s  wp 230/5251 이탈0.6m  위치 (  49.70,  -162.70,  11.81)
[velocity_path_follower.py-9] [INFO] [1786903076.073635006] [velocity_path_follower]: waypoint 230 / 5251 도달 (선 이탈 0.56 m)
[velocity_path_follower.py-9] [INFO] [1786903076.480140374] [velocity_path_follower]: waypoint 231 / 5251 도달 (선 이탈 0.50 m)
[velocity_path_follower.py-9] [INFO] [1786903076.887088414] [velocity_path_follower]: waypoint 232 / 5251 도달 (선 이탈 0.43 m)
[velocity_path_follower.py-9] [INFO] [1786903077.242777083] [velocity_path_follower]: waypoint 233 / 5251 도달 (선 이탈 0.37 m)
[velocity_path_follower.py-9] [INFO] [1786903077.645261563] [velocity_path_follower]: waypoint 234 / 5251 도달 (선 이탈 0.29 m)
[velocity_path_follower.py-9] [INFO] [1786903077.998117903] [velocity_path_follower]: waypoint 235 / 5251 도달 (선 이탈 0.21 m)
[velocity_path_follower.py-9] [INFO] [1786903078.398167890] [velocity_path_follower]: waypoint 236 / 5251 도달 (선 이탈 0.13 m)
[velocity_path_follower.py-9] [INFO] [1786903078.798213127] [velocity_path_follower]: waypoint 237 / 5251 도달 (선 이탈 0.06 m)
[velocity_path_follower.py-9] [INFO] [1786903079.157180333] [velocity_path_follower]: waypoint 238 / 5251 도달 (선 이탈 0.01 m)
[velocity_path_follower.py-9] [INFO] [1786903079.514856480] [velocity_path_follower]: waypoint 239 / 5251 도달 (선 이탈 0.07 m)
[velocity_path_follower.py-9] [INFO] [1786903079.929307107] [velocity_path_follower]: waypoint 240 / 5251 도달 (선 이탈 0.14 m)
[velocity_path_follower.py-9] [INFO] [1786903080.281766143] [velocity_path_follower]: waypoint 241 / 5251 도달 (선 이탈 0.19 m)
[velocity_path_follower.py-9] [INFO] [1786903080.639728874] [velocity_path_follower]: waypoint 242 / 5251 도달 (선 이탈 0.23 m)
[velocity_path_follower.py-9] [INFO] [1786903080.890263056] [velocity_path_follower]: 120.0s  wp 243/5251 이탈0.3m  위치 (  43.06,  -161.84,   7.91)
[velocity_path_follower.py-9] [INFO] [1786903081.041709546] [velocity_path_follower]: waypoint 243 / 5251 도달 (선 이탈 0.28 m)
[velocity_path_follower.py-9] [INFO] [1786903081.391750464] [velocity_path_follower]: waypoint 244 / 5251 도달 (선 이탈 0.31 m)
[velocity_path_follower.py-9] [INFO] [1786903081.743697032] [velocity_path_follower]: waypoint 245 / 5251 도달 (선 이탈 0.33 m)
[velocity_path_follower.py-9] [INFO] [1786903082.151581818] [velocity_path_follower]: waypoint 246 / 5251 도달 (선 이탈 0.35 m)
[velocity_path_follower.py-9] [INFO] [1786903082.502768789] [velocity_path_follower]: waypoint 247 / 5251 도달 (선 이탈 0.36 m)
[velocity_path_follower.py-9] [INFO] [1786903082.852835330] [velocity_path_follower]: waypoint 248 / 5251 도달 (선 이탈 0.36 m)
[velocity_path_follower.py-9] [INFO] [1786903083.203286208] [velocity_path_follower]: waypoint 249 / 5251 도달 (선 이탈 0.36 m)
[velocity_path_follower.py-9] [INFO] [1786903083.552627195] [velocity_path_follower]: waypoint 250 / 5251 도달 (선 이탈 0.35 m)
[velocity_path_follower.py-9] [INFO] [1786903083.952666250] [velocity_path_follower]: waypoint 251 / 5251 도달 (선 이탈 0.33 m)
[velocity_path_follower.py-9] [INFO] [1786903084.302957205] [velocity_path_follower]: waypoint 252 / 5251 도달 (선 이탈 0.31 m)
[velocity_path_follower.py-9] [INFO] [1786903084.666750083] [velocity_path_follower]: waypoint 253 / 5251 도달 (선 이탈 0.28 m)
[velocity_path_follower.py-9] [INFO] [1786903085.018765060] [velocity_path_follower]: waypoint 254 / 5251 도달 (선 이탈 0.25 m)
[velocity_path_follower.py-9] [INFO] [1786903085.368519131] [velocity_path_follower]: waypoint 255 / 5251 도달 (선 이탈 0.22 m)
[velocity_path_follower.py-9] [INFO] [1786903085.724039317] [velocity_path_follower]: waypoint 256 / 5251 도달 (선 이탈 0.19 m)
[velocity_path_follower.py-9] [INFO] [1786903085.924124092] [velocity_path_follower]: 125.0s  wp 257/5251 이탈0.2m  위치 (  36.12,  -161.93,   9.01)
[velocity_path_follower.py-9] [INFO] [1786903086.073973347] [velocity_path_follower]: waypoint 257 / 5251 도달 (선 이탈 0.15 m)
[velocity_path_follower.py-9] [INFO] [1786903086.426945290] [velocity_path_follower]: waypoint 258 / 5251 도달 (선 이탈 0.11 m)
[velocity_path_follower.py-9] [INFO] [1786903086.837760182] [velocity_path_follower]: waypoint 259 / 5251 도달 (선 이탈 0.07 m)
[velocity_path_follower.py-9] [INFO] [1786903087.196465447] [velocity_path_follower]: waypoint 260 / 5251 도달 (선 이탈 0.04 m)
[velocity_path_follower.py-9] [INFO] [1786903087.567085237] [velocity_path_follower]: waypoint 261 / 5251 도달 (선 이탈 0.00 m)
[velocity_path_follower.py-9] [INFO] [1786903087.926731763] [velocity_path_follower]: waypoint 262 / 5251 도달 (선 이탈 0.03 m)
[velocity_path_follower.py-9] [INFO] [1786903088.278827023] [velocity_path_follower]: waypoint 263 / 5251 도달 (선 이탈 0.06 m)
[velocity_path_follower.py-9] [INFO] [1786903088.630832906] [velocity_path_follower]: waypoint 264 / 5251 도달 (선 이탈 0.09 m)
[velocity_path_follower.py-9] [INFO] [1786903088.980785846] [velocity_path_follower]: waypoint 265 / 5251 도달 (선 이탈 0.11 m)
[velocity_path_follower.py-9] [INFO] [1786903089.330977245] [velocity_path_follower]: waypoint 266 / 5251 도달 (선 이탈 0.14 m)
[velocity_path_follower.py-9] [INFO] [1786903089.686892842] [velocity_path_follower]: waypoint 267 / 5251 도달 (선 이탈 0.15 m)
[velocity_path_follower.py-9] [INFO] [1786903090.039765692] [velocity_path_follower]: waypoint 268 / 5251 도달 (선 이탈 0.17 m)
[velocity_path_follower.py-9] [INFO] [1786903090.394648439] [velocity_path_follower]: waypoint 269 / 5251 도달 (선 이탈 0.18 m)
[velocity_path_follower.py-9] [INFO] [1786903090.751838092] [velocity_path_follower]: waypoint 270 / 5251 도달 (선 이탈 0.19 m)
[velocity_path_follower.py-9] [INFO] [1786903091.007066065] [velocity_path_follower]: 130.0s  wp 271/5251 이탈0.2m  위치 (  29.00,  -162.29,  12.43)
[velocity_path_follower.py-9] [INFO] [1786903091.107052968] [velocity_path_follower]: waypoint 271 / 5251 도달 (선 이탈 0.19 m)
[velocity_path_follower.py-9] [INFO] [1786903091.459653018] [velocity_path_follower]: waypoint 272 / 5251 도달 (선 이탈 0.19 m)
[velocity_path_follower.py-9] [INFO] [1786903091.811710519] [velocity_path_follower]: waypoint 273 / 5251 도달 (선 이탈 0.19 m)
[velocity_path_follower.py-9] [INFO] [1786903092.165635042] [velocity_path_follower]: waypoint 274 / 5251 도달 (선 이탈 0.18 m)
[velocity_path_follower.py-9] [INFO] [1786903092.515915226] [velocity_path_follower]: waypoint 275 / 5251 도달 (선 이탈 0.17 m)
[velocity_path_follower.py-9] [INFO] [1786903092.868488023] [velocity_path_follower]: waypoint 276 / 5251 도달 (선 이탈 0.16 m)
[velocity_path_follower.py-9] [INFO] [1786903093.229948389] [velocity_path_follower]: waypoint 277 / 5251 도달 (선 이탈 0.15 m)
[velocity_path_follower.py-9] [INFO] [1786903093.584664002] [velocity_path_follower]: waypoint 278 / 5251 도달 (선 이탈 0.13 m)
[velocity_path_follower.py-9] [INFO] [1786903093.937683468] [velocity_path_follower]: waypoint 279 / 5251 도달 (선 이탈 0.12 m)
[velocity_path_follower.py-9] [INFO] [1786903094.289666169] [velocity_path_follower]: waypoint 280 / 5251 도달 (선 이탈 0.10 m)
[velocity_path_follower.py-9] [INFO] [1786903094.648447998] [velocity_path_follower]: waypoint 281 / 5251 도달 (선 이탈 0.08 m)
[velocity_path_follower.py-9] [INFO] [1786903095.000491533] [velocity_path_follower]: waypoint 282 / 5251 도달 (선 이탈 0.06 m)
[velocity_path_follower.py-9] [INFO] [1786903095.361022756] [velocity_path_follower]: waypoint 283 / 5251 도달 (선 이탈 0.04 m)
[velocity_path_follower.py-9] [INFO] [1786903095.716094035] [velocity_path_follower]: waypoint 284 / 5251 도달 (선 이탈 0.03 m)
[velocity_path_follower.py-9] [INFO] [1786903096.069355624] [velocity_path_follower]: waypoint 285 / 5251 도달 (선 이탈 0.01 m)
[velocity_path_follower.py-9] [INFO] [1786903096.118916172] [velocity_path_follower]: 135.1s  wp 286/5251 이탈0.0m  위치 (  21.79,  -162.10,  12.02)
[velocity_path_follower.py-9] [INFO] [1786903096.426818889] [velocity_path_follower]: waypoint 286 / 5251 도달 (선 이탈 0.01 m)
[velocity_path_follower.py-9] [INFO] [1786903096.776654390] [velocity_path_follower]: waypoint 287 / 5251 도달 (선 이탈 0.03 m)
[velocity_path_follower.py-9] [INFO] [1786903097.128826086] [velocity_path_follower]: waypoint 288 / 5251 도달 (선 이탈 0.04 m)
[velocity_path_follower.py-9] [INFO] [1786903097.478517042] [velocity_path_follower]: waypoint 289 / 5251 도달 (선 이탈 0.05 m)
[velocity_path_follower.py-9] [INFO] [1786903097.837833203] [velocity_path_follower]: waypoint 290 / 5251 도달 (선 이탈 0.07 m)
[velocity_path_follower.py-9] [INFO] [1786903098.185668716] [velocity_path_follower]: waypoint 291 / 5251 도달 (선 이탈 0.08 m)
[velocity_path_follower.py-9] [INFO] [1786903098.557053653] [velocity_path_follower]: waypoint 292 / 5251 도달 (선 이탈 0.08 m)
[velocity_path_follower.py-9] [INFO] [1786903098.912505096] [velocity_path_follower]: waypoint 293 / 5251 도달 (선 이탈 0.09 m)
[velocity_path_follower.py-9] [INFO] [1786903099.259522054] [velocity_path_follower]: waypoint 294 / 5251 도달 (선 이탈 0.10 m)
[velocity_path_follower.py-9] [INFO] [1786903099.612111249] [velocity_path_follower]: waypoint 295 / 5251 도달 (선 이탈 0.10 m)
[velocity_path_follower.py-9] [INFO] [1786903099.961799741] [velocity_path_follower]: waypoint 296 / 5251 도달 (선 이탈 0.10 m)
[velocity_path_follower.py-9] [INFO] [1786903100.311644899] [velocity_path_follower]: waypoint 297 / 5251 도달 (선 이탈 0.10 m)
[velocity_path_follower.py-9] [INFO] [1786903100.665126811] [velocity_path_follower]: waypoint 298 / 5251 도달 (선 이탈 0.10 m)
[velocity_path_follower.py-9] [INFO] [1786903101.017023661] [velocity_path_follower]: waypoint 299 / 5251 도달 (선 이탈 0.09 m)
[velocity_path_follower.py-9] [INFO] [1786903101.116878597] [velocity_path_follower]: 140.0s  wp 300/5251 이탈0.1m  위치 (  14.70,  -162.01,   9.50)
[velocity_path_follower.py-9] [INFO] [1786903101.372789975] [velocity_path_follower]: waypoint 300 / 5251 도달 (선 이탈 0.09 m)
[velocity_path_follower.py-9] [INFO] [1786903101.679413289] [velocity_path_follower]: waypoint 301 / 5251 도달 (선 이탈 0.08 m)
[velocity_path_follower.py-9] [INFO] [1786903102.043087744] [velocity_path_follower]: waypoint 302 / 5251 도달 (선 이탈 0.07 m)
[velocity_path_follower.py-9] [INFO] [1786903102.398022212] [velocity_path_follower]: waypoint 303 / 5251 도달 (선 이탈 0.07 m)
[velocity_path_follower.py-9] [INFO] [1786903102.753911024] [velocity_path_follower]: waypoint 304 / 5251 도달 (선 이탈 0.06 m)
[velocity_path_follower.py-9] [INFO] [1786903103.106668922] [velocity_path_follower]: waypoint 305 / 5251 도달 (선 이탈 0.05 m)
[velocity_path_follower.py-9] [INFO] [1786903103.466844369] [velocity_path_follower]: waypoint 306 / 5251 도달 (선 이탈 0.04 m)
[velocity_path_follower.py-9] [INFO] [1786903103.825719259] [velocity_path_follower]: waypoint 307 / 5251 도달 (선 이탈 0.03 m)
[velocity_path_follower.py-9] [INFO] [1786903104.179722669] [velocity_path_follower]: waypoint 308 / 5251 도달 (선 이탈 0.02 m)
[velocity_path_follower.py-9] [INFO] [1786903104.530218950] [velocity_path_follower]: waypoint 309 / 5251 도달 (선 이탈 0.01 m)
[velocity_path_follower.py-9] [INFO] [1786903104.883669518] [velocity_path_follower]: waypoint 310 / 5251 도달 (선 이탈 0.00 m)
[velocity_path_follower.py-9] [INFO] [1786903105.233679916] [velocity_path_follower]: waypoint 311 / 5251 도달 (선 이탈 0.01 m)
[velocity_path_follower.py-9] [INFO] [1786903105.583850815] [velocity_path_follower]: waypoint 312 / 5251 도달 (선 이탈 0.02 m)
[velocity_path_follower.py-9] [INFO] [1786903105.946486955] [velocity_path_follower]: waypoint 313 / 5251 도달 (선 이탈 0.03 m)
[velocity_path_follower.py-9] [INFO] [1786903106.196597501] [velocity_path_follower]: 145.0s  wp 314/5251 이탈0.0m  위치 (   7.50,  -162.13,   7.65)
[velocity_path_follower.py-9] [INFO] [1786903106.298663586] [velocity_path_follower]: waypoint 314 / 5251 도달 (선 이탈 0.03 m)
[velocity_path_follower.py-9] [INFO] [1786903106.651641352] [velocity_path_follower]: waypoint 315 / 5251 도달 (선 이탈 0.04 m)
[velocity_path_follower.py-9] [INFO] [1786903107.003870774] [velocity_path_follower]: waypoint 316 / 5251 도달 (선 이탈 0.04 m)
[velocity_path_follower.py-9] [INFO] [1786903107.360724878] [velocity_path_follower]: waypoint 317 / 5251 도달 (선 이탈 0.05 m)
[velocity_path_follower.py-9] [INFO] [1786903107.712921131] [velocity_path_follower]: waypoint 318 / 5251 도달 (선 이탈 0.05 m)
[velocity_path_follower.py-9] [INFO] [1786903108.068626886] [velocity_path_follower]: waypoint 319 / 5251 도달 (선 이탈 0.05 m)
[velocity_path_follower.py-9] [INFO] [1786903108.373759541] [velocity_path_follower]: waypoint 320 / 5251 도달 (선 이탈 0.05 m)
[velocity_path_follower.py-9] [INFO] [1786903108.778934754] [velocity_path_follower]: waypoint 321 / 5251 도달 (선 이탈 0.05 m)
[velocity_path_follower.py-9] [INFO] [1786903109.086931736] [velocity_path_follower]: waypoint 322 / 5251 도달 (선 이탈 0.05 m)
[velocity_path_follower.py-9] [INFO] [1786903109.436904455] [velocity_path_follower]: waypoint 323 / 5251 도달 (선 이탈 0.05 m)
[velocity_path_follower.py-9] [INFO] [1786903109.788864534] [velocity_path_follower]: waypoint 324 / 5251 도달 (선 이탈 0.05 m)
[velocity_path_follower.py-9] [INFO] [1786903110.138919295] [velocity_path_follower]: waypoint 325 / 5251 도달 (선 이탈 0.04 m)
[velocity_path_follower.py-9] [INFO] [1786903110.491869759] [velocity_path_follower]: waypoint 326 / 5251 도달 (선 이탈 0.04 m)
[velocity_path_follower.py-9] [INFO] [1786903110.841490430] [velocity_path_follower]: waypoint 327 / 5251 도달 (선 이탈 0.04 m)
[velocity_path_follower.py-9] [INFO] [1786903111.200017379] [velocity_path_follower]: waypoint 328 / 5251 도달 (선 이탈 0.03 m)
[velocity_path_follower.py-9] [INFO] [1786903111.248277114] [velocity_path_follower]: 150.0s  wp 329/5251 이탈0.0m  위치 (   0.27,  -162.13,   8.76)
[velocity_path_follower.py-9] [INFO] [1786903111.554657903] [velocity_path_follower]: waypoint 329 / 5251 도달 (선 이탈 0.03 m)
[velocity_path_follower.py-9] [INFO] [1786903111.907042648] [velocity_path_follower]: waypoint 330 / 5251 도달 (선 이탈 0.02 m)
[velocity_path_follower.py-9] [INFO] [1786903112.256955402] [velocity_path_follower]: waypoint 331 / 5251 도달 (선 이탈 0.02 m)
[velocity_path_follower.py-9] [INFO] [1786903112.556902440] [velocity_path_follower]: waypoint 332 / 5251 도달 (선 이탈 0.01 m)
[velocity_path_follower.py-9] [INFO] [1786903112.959472025] [velocity_path_follower]: waypoint 333 / 5251 도달 (선 이탈 0.00 m)
[velocity_path_follower.py-9] [INFO] [1786903113.259488355] [velocity_path_follower]: waypoint 334 / 5251 도달 (선 이탈 0.00 m)
[velocity_path_follower.py-9] [INFO] [1786903113.612845566] [velocity_path_follower]: waypoint 335 / 5251 도달 (선 이탈 0.00 m)
[velocity_path_follower.py-9] [INFO] [1786903114.014649430] [velocity_path_follower]: waypoint 336 / 5251 도달 (선 이탈 0.01 m)
[velocity_path_follower.py-9] [INFO] [1786903114.317734795] [velocity_path_follower]: waypoint 337 / 5251 도달 (선 이탈 0.01 m)
[velocity_path_follower.py-9] [INFO] [1786903114.675110054] [velocity_path_follower]: waypoint 338 / 5251 도달 (선 이탈 0.02 m)
[velocity_path_follower.py-9] [INFO] [1786903115.024649589] [velocity_path_follower]: waypoint 339 / 5251 도달 (선 이탈 0.02 m)
[velocity_path_follower.py-9] [INFO] [1786903115.374724837] [velocity_path_follower]: waypoint 340 / 5251 도달 (선 이탈 0.02 m)
[velocity_path_follower.py-9] [INFO] [1786903115.724776876] [velocity_path_follower]: waypoint 341 / 5251 도달 (선 이탈 0.02 m)
[velocity_path_follower.py-9] [INFO] [1786903116.081609625] [velocity_path_follower]: waypoint 342 / 5251 도달 (선 이탈 0.03 m)
[velocity_path_follower.py-9] [INFO] [1786903116.281817190] [velocity_path_follower]: 155.0s  wp 343/5251 이탈0.0m  위치 (  -6.94,  -162.07,   8.86)
[velocity_path_follower.py-9] [INFO] [1786903116.431602203] [velocity_path_follower]: waypoint 343 / 5251 도달 (선 이탈 0.03 m)
[velocity_path_follower.py-9] [INFO] [1786903116.788617702] [velocity_path_follower]: waypoint 344 / 5251 도달 (선 이탈 0.03 m)
[velocity_path_follower.py-9] [INFO] [1786903117.144820899] [velocity_path_follower]: waypoint 345 / 5251 도달 (선 이탈 0.03 m)
[velocity_path_follower.py-9] [INFO] [1786903117.496863208] [velocity_path_follower]: waypoint 346 / 5251 도달 (선 이탈 0.03 m)
[velocity_path_follower.py-9] [INFO] [1786903117.804787712] [velocity_path_follower]: waypoint 347 / 5251 도달 (선 이탈 0.03 m)
[velocity_path_follower.py-9] [INFO] [1786903118.203677693] [velocity_path_follower]: waypoint 348 / 5251 도달 (선 이탈 0.02 m)
[velocity_path_follower.py-9] [INFO] [1786903118.507270473] [velocity_path_follower]: waypoint 349 / 5251 도달 (선 이탈 0.02 m)
[velocity_path_follower.py-9] [INFO] [1786903118.862730615] [velocity_path_follower]: waypoint 350 / 5251 도달 (선 이탈 0.02 m)
[velocity_path_follower.py-9] [INFO] [1786903119.264627589] [velocity_path_follower]: waypoint 351 / 5251 도달 (선 이탈 0.02 m)
[velocity_path_follower.py-9] [INFO] [1786903119.569760094] [velocity_path_follower]: waypoint 352 / 5251 도달 (선 이탈 0.02 m)
[velocity_path_follower.py-9] [INFO] [1786903119.924688602] [velocity_path_follower]: waypoint 353 / 5251 도달 (선 이탈 0.01 m)
[velocity_path_follower.py-9] [INFO] [1786903120.277723875] [velocity_path_follower]: waypoint 354 / 5251 도달 (선 이탈 0.01 m)
[velocity_path_follower.py-9] [INFO] [1786903120.628022405] [velocity_path_follower]: waypoint 355 / 5251 도달 (선 이탈 0.01 m)
[velocity_path_follower.py-9] [INFO] [1786903120.985866821] [velocity_path_follower]: waypoint 356 / 5251 도달 (선 이탈 0.01 m)
[velocity_path_follower.py-9] [INFO] [1786903121.336289559] [velocity_path_follower]: waypoint 357 / 5251 도달 (선 이탈 0.00 m)
[velocity_path_follower.py-9] [INFO] [1786903121.391759756] [velocity_path_follower]: 160.1s  wp 358/5251 이탈0.0m  위치 ( -14.21,  -162.10,   8.00)
[velocity_path_follower.py-9] [INFO] [1786903121.686272124] [velocity_path_follower]: waypoint 358 / 5251 도달 (선 이탈 0.00 m)
[velocity_path_follower.py-9] [INFO] [1786903122.046913697] [velocity_path_follower]: waypoint 359 / 5251 도달 (선 이탈 0.00 m)
[velocity_path_follower.py-9] [INFO] [1786903122.396937761] [velocity_path_follower]: waypoint 360 / 5251 도달 (선 이탈 0.00 m)
[velocity_path_follower.py-9] [INFO] [1786903122.749932694] [velocity_path_follower]: waypoint 361 / 5251 도달 (선 이탈 0.01 m)
[velocity_path_follower.py-9] [INFO] [1786903123.103880223] [velocity_path_follower]: waypoint 362 / 5251 도달 (선 이탈 0.01 m)
[velocity_path_follower.py-9] [INFO] [1786903123.457508704] [velocity_path_follower]: waypoint 363 / 5251 도달 (선 이탈 0.01 m)
[velocity_path_follower.py-9] [INFO] [1786903123.761393852] [velocity_path_follower]: waypoint 364 / 5251 도달 (선 이탈 0.01 m)
[velocity_path_follower.py-9] [INFO] [1786903124.118674670] [velocity_path_follower]: waypoint 365 / 5251 도달 (선 이탈 0.01 m)
[velocity_path_follower.py-9] [INFO] [1786903124.518908150] [velocity_path_follower]: waypoint 366 / 5251 도달 (선 이탈 0.01 m)
[velocity_path_follower.py-9] [INFO] [1786903124.818838621] [velocity_path_follower]: waypoint 367 / 5251 도달 (선 이탈 0.01 m)
[velocity_path_follower.py-9] [INFO] [1786903125.172728393] [velocity_path_follower]: waypoint 368 / 5251 도달 (선 이탈 0.02 m)
[velocity_path_follower.py-9] [INFO] [1786903125.522742657] [velocity_path_follower]: waypoint 369 / 5251 도달 (선 이탈 0.02 m)
[velocity_path_follower.py-9] [INFO] [1786903125.875765792] [velocity_path_follower]: waypoint 370 / 5251 도달 (선 이탈 0.02 m)
[velocity_path_follower.py-9] [INFO] [1786903126.225481801] [velocity_path_follower]: waypoint 371 / 5251 도달 (선 이탈 0.01 m)
[velocity_path_follower.py-9] [INFO] [1786903126.375691059] [velocity_path_follower]: 165.0s  wp 372/5251 이탈0.0m  위치 ( -21.36,  -162.11,   7.93)
[velocity_path_follower.py-9] [INFO] [1786903126.576461033] [velocity_path_follower]: waypoint 372 / 5251 도달 (선 이탈 0.01 m)
[velocity_path_follower.py-9] [INFO] [1786903126.925496199] [velocity_path_follower]: waypoint 373 / 5251 도달 (선 이탈 0.01 m)
[velocity_path_follower.py-9] [INFO] [1786903127.278461996] [velocity_path_follower]: waypoint 374 / 5251 도달 (선 이탈 0.01 m)
[velocity_path_follower.py-9] [INFO] [1786903127.628688758] [velocity_path_follower]: waypoint 375 / 5251 도달 (선 이탈 0.01 m)
[velocity_path_follower.py-9] [INFO] [1786903127.981476093] [velocity_path_follower]: waypoint 376 / 5251 도달 (선 이탈 0.01 m)
[velocity_path_follower.py-9] [INFO] [1786903128.333426750] [velocity_path_follower]: waypoint 377 / 5251 도달 (선 이탈 0.01 m)
[velocity_path_follower.py-9] [INFO] [1786903128.685581325] [velocity_path_follower]: waypoint 378 / 5251 도달 (선 이탈 0.01 m)
[velocity_path_follower.py-9] [INFO] [1786903129.035825251] [velocity_path_follower]: waypoint 379 / 5251 도달 (선 이탈 0.01 m)
[velocity_path_follower.py-9] [INFO] [1786903129.335674419] [velocity_path_follower]: waypoint 380 / 5251 도달 (선 이탈 0.00 m)
[velocity_path_follower.py-9] [INFO] [1786903129.686719145] [velocity_path_follower]: waypoint 381 / 5251 도달 (선 이탈 0.00 m)
[velocity_path_follower.py-9] [INFO] [1786903130.037878621] [velocity_path_follower]: waypoint 382 / 5251 도달 (선 이탈 0.00 m)
[velocity_path_follower.py-9] [INFO] [1786903130.387782747] [velocity_path_follower]: waypoint 383 / 5251 도달 (선 이탈 0.00 m)
[velocity_path_follower.py-9] [INFO] [1786903130.737823749] [velocity_path_follower]: waypoint 384 / 5251 도달 (선 이탈 0.00 m)
[velocity_path_follower.py-9] [INFO] [1786903131.092815104] [velocity_path_follower]: waypoint 385 / 5251 도달 (선 이탈 0.00 m)
[velocity_path_follower.py-9] [INFO] [1786903131.392477266] [velocity_path_follower]: 170.0s  wp 386/5251 이탈0.0m  위치 ( -28.55,  -162.10,   8.17)
[velocity_path_follower.py-9] [INFO] [1786903131.445245843] [velocity_path_follower]: waypoint 386 / 5251 도달 (선 이탈 0.00 m)
[velocity_path_follower.py-9] [INFO] [1786903131.795169966] [velocity_path_follower]: waypoint 387 / 5251 도달 (선 이탈 0.00 m)
[velocity_path_follower.py-9] [INFO] [1786903132.146566190] [velocity_path_follower]: waypoint 388 / 5251 도달 (선 이탈 0.01 m)
[velocity_path_follower.py-9] [INFO] [1786903132.497804577] [velocity_path_follower]: waypoint 389 / 5251 도달 (선 이탈 0.01 m)
[velocity_path_follower.py-9] [INFO] [1786903132.852714886] [velocity_path_follower]: waypoint 390 / 5251 도달 (선 이탈 0.01 m)
[velocity_path_follower.py-9] [INFO] [1786903133.205443040] [velocity_path_follower]: waypoint 391 / 5251 도달 (선 이탈 0.01 m)
[velocity_path_follower.py-9] [INFO] [1786903133.507883983] [velocity_path_follower]: waypoint 392 / 5251 도달 (선 이탈 0.01 m)
[velocity_path_follower.py-9] [INFO] [1786903133.911405895] [velocity_path_follower]: waypoint 393 / 5251 도달 (선 이탈 0.01 m)
[velocity_path_follower.py-9] [INFO] [1786903134.261011467] [velocity_path_follower]: waypoint 394 / 5251 도달 (선 이탈 0.01 m)
[velocity_path_follower.py-9] [INFO] [1786903134.560826916] [velocity_path_follower]: waypoint 395 / 5251 도달 (선 이탈 0.01 m)
[velocity_path_follower.py-9] [INFO] [1786903134.910963326] [velocity_path_follower]: waypoint 396 / 5251 도달 (선 이탈 0.01 m)
[velocity_path_follower.py-9] [INFO] [1786903135.263699518] [velocity_path_follower]: waypoint 397 / 5251 도달 (선 이탈 0.01 m)
[velocity_path_follower.py-9] [INFO] [1786903135.615848034] [velocity_path_follower]: waypoint 398 / 5251 도달 (선 이탈 0.01 m)
[velocity_path_follower.py-9] [INFO] [1786903135.965695022] [velocity_path_follower]: waypoint 399 / 5251 도달 (선 이탈 0.00 m)
[velocity_path_follower.py-9] [INFO] [1786903136.316033514] [velocity_path_follower]: waypoint 400 / 5251 도달 (선 이탈 0.00 m)
[velocity_path_follower.py-9] [INFO] [1786903136.415856675] [velocity_path_follower]: 175.0s  wp 401/5251 이탈0.0m  위치 ( -35.76,  -162.10,   8.13)
[velocity_path_follower.py-9] [INFO] [1786903136.665739122] [velocity_path_follower]: waypoint 401 / 5251 도달 (선 이탈 0.00 m)
[velocity_path_follower.py-9] [INFO] [1786903137.015755652] [velocity_path_follower]: waypoint 402 / 5251 도달 (선 이탈 0.00 m)
[velocity_path_follower.py-9] [INFO] [1786903137.367814370] [velocity_path_follower]: waypoint 403 / 5251 도달 (선 이탈 0.00 m)
[velocity_path_follower.py-9] [INFO] [1786903141.433517840] [velocity_path_follower]: 180.0s  wp 404/5251 이탈2.6m  위치 ( -41.25,  -160.33,   7.92)
[velocity_path_follower.py-9] [INFO] [1786903142.439374465] [velocity_path_follower]: waypoint 404 / 5251 도달 (선 이탈 2.93 m)
[velocity_path_follower.py-9] [INFO] [1786903146.507426532] [velocity_path_follower]: 185.0s  wp 406/5251 이탈1.1m  위치 ( -40.27,  -156.96,   7.76)
[velocity_path_follower.py-9] [INFO] [1786903147.479317994] [velocity_path_follower]: waypoint 406 / 5251 도달 (선 이탈 1.40 m)
[velocity_path_follower.py-9] [INFO] [1786903148.131974496] [velocity_path_follower]: waypoint 407 / 5251 도달 (선 이탈 1.47 m)
[ros2-8] [INFO] [1786903148.261157054] [rosbag2_cpp]: Writing remaining messages from cache to the bag. It may take a while
[velocity_path_follower.py-9] [INFO] [1786903148.731900049] [velocity_path_follower]: waypoint 408 / 5251 도달 (선 이탈 1.47 m)
[velocity_path_follower.py-9] [INFO] [1786903149.282127569] [velocity_path_follower]: waypoint 409 / 5251 도달 (선 이탈 1.42 m)
[velocity_path_follower.py-9] [INFO] [1786903149.883758974] [velocity_path_follower]: waypoint 410 / 5251 도달 (선 이탈 1.32 m)
[velocity_path_follower.py-9] [INFO] [1786903150.434247701] [velocity_path_follower]: waypoint 411 / 5251 도달 (선 이탈 1.18 m)
[velocity_path_follower.py-9] [INFO] [1786903150.933620586] [velocity_path_follower]: waypoint 412 / 5251 도달 (선 이탈 1.04 m)
[velocity_path_follower.py-9] [INFO] [1786903151.488428321] [velocity_path_follower]: waypoint 413 / 5251 도달 (선 이탈 0.85 m)
[velocity_path_follower.py-9] [INFO] [1786903151.538777360] [velocity_path_follower]: 190.0s  wp 414/5251 이탈0.8m  위치 ( -36.01,  -157.26,   7.88)
[velocity_path_follower.py-9] [INFO] [1786903151.990904658] [velocity_path_follower]: waypoint 414 / 5251 도달 (선 이탈 0.67 m)
[velocity_path_follower.py-9] [INFO] [1786903152.440878426] [velocity_path_follower]: waypoint 415 / 5251 도달 (선 이탈 0.50 m)
[velocity_path_follower.py-9] [INFO] [1786903152.942588917] [velocity_path_follower]: waypoint 416 / 5251 도달 (선 이탈 0.31 m)
[velocity_path_follower.py-9] [INFO] [1786903153.396500482] [velocity_path_follower]: waypoint 417 / 5251 도달 (선 이탈 0.13 m)
[velocity_path_follower.py-9] [INFO] [1786903153.846857419] [velocity_path_follower]: waypoint 418 / 5251 도달 (선 이탈 0.02 m)
[velocity_path_follower.py-9] [INFO] [1786903154.298938958] [velocity_path_follower]: waypoint 419 / 5251 도달 (선 이탈 0.18 m)
[velocity_path_follower.py-9] [INFO] [1786903154.698956313] [velocity_path_follower]: waypoint 420 / 5251 도달 (선 이탈 0.30 m)
[velocity_path_follower.py-9] [INFO] [1786903155.100128680] [velocity_path_follower]: waypoint 421 / 5251 도달 (선 이탈 0.41 m)
[velocity_path_follower.py-9] [INFO] [1786903155.551514374] [velocity_path_follower]: waypoint 422 / 5251 도달 (선 이탈 0.51 m)
[velocity_path_follower.py-9] [INFO] [1786903155.951652269] [velocity_path_follower]: waypoint 423 / 5251 도달 (선 이탈 0.58 m)
[velocity_path_follower.py-9] [INFO] [1786903156.351645784] [velocity_path_follower]: waypoint 424 / 5251 도달 (선 이탈 0.64 m)
[velocity_path_follower.py-9] [INFO] [1786903156.552247133] [velocity_path_follower]: 195.0s  wp 425/5251 이탈0.7m  위치 ( -30.34,  -158.76,   7.85)
[velocity_path_follower.py-9] [INFO] [1786903156.755768309] [velocity_path_follower]: waypoint 425 / 5251 도달 (선 이탈 0.68 m)
[velocity_path_follower.py-9] [INFO] [1786903157.155732198] [velocity_path_follower]: waypoint 426 / 5251 도달 (선 이탈 0.70 m)
[velocity_path_follower.py-9] [INFO] [1786903157.555734211] [velocity_path_follower]: waypoint 427 / 5251 도달 (선 이탈 0.71 m)
[velocity_path_follower.py-9] [INFO] [1786903157.958877221] [velocity_path_follower]: waypoint 428 / 5251 도달 (선 이탈 0.70 m)
[velocity_path_follower.py-9] [INFO] [1786903158.360518001] [velocity_path_follower]: waypoint 429 / 5251 도달 (선 이탈 0.68 m)
[velocity_path_follower.py-9] [INFO] [1786903158.762508786] [velocity_path_follower]: waypoint 430 / 5251 도달 (선 이탈 0.64 m)
[velocity_path_follower.py-9] [INFO] [1786903159.167834819] [velocity_path_follower]: waypoint 431 / 5251 도달 (선 이탈 0.60 m)
[velocity_path_follower.py-9] [INFO] [1786903159.518082756] [velocity_path_follower]: waypoint 432 / 5251 도달 (선 이탈 0.55 m)
[velocity_path_follower.py-9] [INFO] [1786903159.924808971] [velocity_path_follower]: waypoint 433 / 5251 도달 (선 이탈 0.48 m)
[velocity_path_follower.py-9] [INFO] [1786903160.325012729] [velocity_path_follower]: waypoint 434 / 5251 도달 (선 이탈 0.41 m)
[velocity_path_follower.py-9] [INFO] [1786903160.683001134] [velocity_path_follower]: waypoint 435 / 5251 도달 (선 이탈 0.34 m)
[velocity_path_follower.py-9] [INFO] [1786903161.084519615] [velocity_path_follower]: waypoint 436 / 5251 도달 (선 이탈 0.27 m)
[velocity_path_follower.py-9] [INFO] [1786903161.489342177] [velocity_path_follower]: waypoint 437 / 5251 도달 (선 이탈 0.18 m)
[velocity_path_follower.py-9] [INFO] [1786903161.587440550] [velocity_path_follower]: 200.0s  wp 438/5251 이탈0.2m  위치 ( -23.92,  -158.27,   7.71)
[velocity_path_follower.py-9] [INFO] [1786903161.840708415] [velocity_path_follower]: waypoint 438 / 5251 도달 (선 이탈 0.12 m)
[velocity_path_follower.py-9] [INFO] [1786903162.242801316] [velocity_path_follower]: waypoint 439 / 5251 도달 (선 이탈 0.04 m)
[velocity_path_follower.py-9] [INFO] [1786903162.596459913] [velocity_path_follower]: waypoint 440 / 5251 도달 (선 이탈 0.02 m)
[velocity_path_follower.py-9] [INFO] [1786903162.949219540] [velocity_path_follower]: waypoint 441 / 5251 도달 (선 이탈 0.09 m)
[velocity_path_follower.py-9] [INFO] [1786903163.350642597] [velocity_path_follower]: waypoint 442 / 5251 도달 (선 이탈 0.15 m)
[velocity_path_follower.py-9] [INFO] [1786903163.700633438] [velocity_path_follower]: waypoint 443 / 5251 도달 (선 이탈 0.20 m)
[velocity_path_follower.py-9] [INFO] [1786903164.054698246] [velocity_path_follower]: waypoint 444 / 5251 도달 (선 이탈 0.24 m)
[velocity_path_follower.py-9] [INFO] [1786903164.402863396] [velocity_path_follower]: waypoint 445 / 5251 도달 (선 이탈 0.28 m)
[velocity_path_follower.py-9] [INFO] [1786903164.805521506] [velocity_path_follower]: waypoint 446 / 5251 도달 (선 이탈 0.31 m)
[velocity_path_follower.py-9] [INFO] [1786903165.158324670] [velocity_path_follower]: waypoint 447 / 5251 도달 (선 이탈 0.34 m)
[velocity_path_follower.py-9] [INFO] [1786903165.505802643] [velocity_path_follower]: waypoint 448 / 5251 도달 (선 이탈 0.35 m)
[velocity_path_follower.py-9] [INFO] [1786903165.910745195] [velocity_path_follower]: waypoint 449 / 5251 도달 (선 이탈 0.36 m)
[velocity_path_follower.py-9] [INFO] [1786903166.260780406] [velocity_path_follower]: waypoint 450 / 5251 도달 (선 이탈 0.37 m)
[velocity_path_follower.py-9] [INFO] [1786903166.613117353] [velocity_path_follower]: waypoint 451 / 5251 도달 (선 이탈 0.36 m)
[velocity_path_follower.py-9] [INFO] [1786903166.662925255] [velocity_path_follower]: 205.1s  wp 452/5251 이탈0.4m  위치 ( -17.00,  -157.74,   7.76)
[velocity_path_follower.py-9] [INFO] [1786903166.962957310] [velocity_path_follower]: waypoint 452 / 5251 도달 (선 이탈 0.35 m)
[velocity_path_follower.py-9] [INFO] [1786903167.365703664] [velocity_path_follower]: waypoint 453 / 5251 도달 (선 이탈 0.33 m)
[velocity_path_follower.py-9] [INFO] [1786903167.715820373] [velocity_path_follower]: waypoint 454 / 5251 도달 (선 이탈 0.31 m)
[velocity_path_follower.py-9] [INFO] [1786903168.070781641] [velocity_path_follower]: waypoint 455 / 5251 도달 (선 이탈 0.28 m)
[velocity_path_follower.py-9] [INFO] [1786903168.418869822] [velocity_path_follower]: waypoint 456 / 5251 도달 (선 이탈 0.25 m)
[velocity_path_follower.py-9] [INFO] [1786903168.779094777] [velocity_path_follower]: waypoint 457 / 5251 도달 (선 이탈 0.22 m)
[velocity_path_follower.py-9] [INFO] [1786903169.136660158] [velocity_path_follower]: waypoint 458 / 5251 도달 (선 이탈 0.19 m)
[velocity_path_follower.py-9] [INFO] [1786903169.488841762] [velocity_path_follower]: waypoint 459 / 5251 도달 (선 이탈 0.15 m)
[velocity_path_follower.py-9] [INFO] [1786903169.862978677] [velocity_path_follower]: waypoint 460 / 5251 도달 (선 이탈 0.12 m)
[velocity_path_follower.py-9] [INFO] [1786903170.262794822] [velocity_path_follower]: waypoint 461 / 5251 도달 (선 이탈 0.08 m)
[velocity_path_follower.py-9] [INFO] [1786903170.612950483] [velocity_path_follower]: waypoint 462 / 5251 도달 (선 이탈 0.04 m)
[velocity_path_follower.py-9] [INFO] [1786903170.962865890] [velocity_path_follower]: waypoint 463 / 5251 도달 (선 이탈 0.01 m)
[velocity_path_follower.py-9] [INFO] [1786903171.313326636] [velocity_path_follower]: waypoint 464 / 5251 도달 (선 이탈 0.03 m)
[velocity_path_follower.py-9] [INFO] [1786903171.663004997] [velocity_path_follower]: waypoint 465 / 5251 도달 (선 이탈 0.06 m)
[velocity_path_follower.py-9] [INFO] [1786903171.712683188] [velocity_path_follower]: 210.1s  wp 466/5251 이탈0.1m  위치 (  -9.98,  -158.16,   8.00)
[velocity_path_follower.py-9] [INFO] [1786903172.012895194] [velocity_path_follower]: waypoint 466 / 5251 도달 (선 이탈 0.09 m)
[velocity_path_follower.py-9] [INFO] [1786903172.362885432] [velocity_path_follower]: waypoint 467 / 5251 도달 (선 이탈 0.11 m)
[velocity_path_follower.py-9] [INFO] [1786903172.718789075] [velocity_path_follower]: waypoint 468 / 5251 도달 (선 이탈 0.13 m)
[velocity_path_follower.py-9] [INFO] [1786903173.073907667] [velocity_path_follower]: waypoint 469 / 5251 도달 (선 이탈 0.15 m)
[velocity_path_follower.py-9] [INFO] [1786903173.423782484] [velocity_path_follower]: waypoint 470 / 5251 도달 (선 이탈 0.17 m)
[velocity_path_follower.py-9] [INFO] [1786903173.779154285] [velocity_path_follower]: waypoint 471 / 5251 도달 (선 이탈 0.18 m)
[velocity_path_follower.py-9] [INFO] [1786903174.126706157] [velocity_path_follower]: waypoint 472 / 5251 도달 (선 이탈 0.19 m)
[velocity_path_follower.py-9] [INFO] [1786903174.483717684] [velocity_path_follower]: waypoint 473 / 5251 도달 (선 이탈 0.19 m)
[velocity_path_follower.py-9] [INFO] [1786903174.833659583] [velocity_path_follower]: waypoint 474 / 5251 도달 (선 이탈 0.19 m)
[velocity_path_follower.py-9] [INFO] [1786903175.186803354] [velocity_path_follower]: waypoint 475 / 5251 도달 (선 이탈 0.19 m)
[velocity_path_follower.py-9] [INFO] [1786903175.542106983] [velocity_path_follower]: waypoint 476 / 5251 도달 (선 이탈 0.18 m)
[velocity_path_follower.py-9] [INFO] [1786903175.895621590] [velocity_path_follower]: waypoint 477 / 5251 도달 (선 이탈 0.17 m)
[velocity_path_follower.py-9] [INFO] [1786903176.248036350] [velocity_path_follower]: waypoint 478 / 5251 도달 (선 이탈 0.16 m)
[velocity_path_follower.py-9] [INFO] [1786903176.604667451] [velocity_path_follower]: waypoint 479 / 5251 도달 (선 이탈 0.15 m)
[velocity_path_follower.py-9] [INFO] [1786903176.704621587] [velocity_path_follower]: 215.0s  wp 480/5251 이탈0.1m  위치 (  -2.92,  -158.24,   8.23)
[velocity_path_follower.py-9] [INFO] [1786903176.958623687] [velocity_path_follower]: waypoint 480 / 5251 도달 (선 이탈 0.13 m)
[velocity_path_follower.py-9] [INFO] [1786903177.307903905] [velocity_path_follower]: waypoint 481 / 5251 도달 (선 이탈 0.11 m)
[velocity_path_follower.py-9] [INFO] [1786903177.657724129] [velocity_path_follower]: waypoint 482 / 5251 도달 (선 이탈 0.10 m)
[velocity_path_follower.py-9] [INFO] [1786903178.007670814] [velocity_path_follower]: waypoint 483 / 5251 도달 (선 이탈 0.08 m)
[velocity_path_follower.py-9] [INFO] [1786903178.360032150] [velocity_path_follower]: waypoint 484 / 5251 도달 (선 이탈 0.06 m)
[velocity_path_follower.py-9] [INFO] [1786903178.715570026] [velocity_path_follower]: waypoint 485 / 5251 도달 (선 이탈 0.04 m)
[velocity_path_follower.py-9] [INFO] [1786903179.070683520] [velocity_path_follower]: waypoint 486 / 5251 도달 (선 이탈 0.02 m)
[velocity_path_follower.py-9] [INFO] [1786903179.420809119] [velocity_path_follower]: waypoint 487 / 5251 도달 (선 이탈 0.00 m)
[velocity_path_follower.py-9] [INFO] [1786903179.772479820] [velocity_path_follower]: waypoint 488 / 5251 도달 (선 이탈 0.01 m)
[velocity_path_follower.py-9] [INFO] [1786903180.123230926] [velocity_path_follower]: waypoint 489 / 5251 도달 (선 이탈 0.03 m)
[velocity_path_follower.py-9] [INFO] [1786903180.472680639] [velocity_path_follower]: waypoint 490 / 5251 도달 (선 이탈 0.05 m)
[velocity_path_follower.py-9] [INFO] [1786903180.822649734] [velocity_path_follower]: waypoint 491 / 5251 도달 (선 이탈 0.06 m)
[velocity_path_follower.py-9] [INFO] [1786903181.172697037] [velocity_path_follower]: waypoint 492 / 5251 도달 (선 이탈 0.07 m)
[velocity_path_follower.py-9] [INFO] [1786903181.522609087] [velocity_path_follower]: waypoint 493 / 5251 도달 (선 이탈 0.08 m)
[velocity_path_follower.py-9] [INFO] [1786903181.724368793] [velocity_path_follower]: 220.0s  wp 494/5251 이탈0.1m  위치 (   4.22,  -158.02,   8.38)
[velocity_path_follower.py-9] [INFO] [1786903181.874706872] [velocity_path_follower]: waypoint 494 / 5251 도달 (선 이탈 0.09 m)
[velocity_path_follower.py-9] [INFO] [1786903182.224490003] [velocity_path_follower]: waypoint 495 / 5251 도달 (선 이탈 0.09 m)
[velocity_path_follower.py-9] [INFO] [1786903182.574519594] [velocity_path_follower]: waypoint 496 / 5251 도달 (선 이탈 0.10 m)
[velocity_path_follower.py-9] [INFO] [1786903182.924725979] [velocity_path_follower]: waypoint 497 / 5251 도달 (선 이탈 0.10 m)
[velocity_path_follower.py-9] [INFO] [1786903183.226998863] [velocity_path_follower]: waypoint 498 / 5251 도달 (선 이탈 0.10 m)
[velocity_path_follower.py-9] [INFO] [1786903183.630014762] [velocity_path_follower]: waypoint 499 / 5251 도달 (선 이탈 0.10 m)
[velocity_path_follower.py-9] [INFO] [1786903183.979499095] [velocity_path_follower]: waypoint 500 / 5251 도달 (선 이탈 0.10 m)
[velocity_path_follower.py-9] [INFO] [1786903184.281749101] [velocity_path_follower]: waypoint 501 / 5251 도달 (선 이탈 0.09 m)
[velocity_path_follower.py-9] [INFO] [1786903184.681835213] [velocity_path_follower]: waypoint 502 / 5251 도달 (선 이탈 0.09 m)
[velocity_path_follower.py-9] [INFO] [1786903184.981682565] [velocity_path_follower]: waypoint 503 / 5251 도달 (선 이탈 0.08 m)
[velocity_path_follower.py-9] [INFO] [1786903185.381810383] [velocity_path_follower]: waypoint 504 / 5251 도달 (선 이탈 0.07 m)
[velocity_path_follower.py-9] [INFO] [1786903185.681671192] [velocity_path_follower]: waypoint 505 / 5251 도달 (선 이탈 0.06 m)
[velocity_path_follower.py-9] [INFO] [1786903186.032026280] [velocity_path_follower]: waypoint 506 / 5251 도달 (선 이탈 0.05 m)
[velocity_path_follower.py-9] [INFO] [1786903186.381800026] [velocity_path_follower]: waypoint 507 / 5251 도달 (선 이탈 0.04 m)
[velocity_path_follower.py-9] [INFO] [1786903186.731752899] [velocity_path_follower]: waypoint 508 / 5251 도달 (선 이탈 0.03 m)
[velocity_path_follower.py-9] [INFO] [1786903186.781661505] [velocity_path_follower]: 225.1s  wp 509/5251 이탈0.0m  위치 (  11.50,  -158.07,  10.55)
[velocity_path_follower.py-9] [INFO] [1786903187.087653511] [velocity_path_follower]: waypoint 509 / 5251 도달 (선 이탈 0.02 m)
[velocity_path_follower.py-9] [INFO] [1786903187.439676740] [velocity_path_follower]: waypoint 510 / 5251 도달 (선 이탈 0.01 m)
[velocity_path_follower.py-9] [INFO] [1786903187.794405836] [velocity_path_follower]: waypoint 511 / 5251 도달 (선 이탈 0.00 m)
[velocity_path_follower.py-9] [INFO] [1786903188.147721538] [velocity_path_follower]: waypoint 512 / 5251 도달 (선 이탈 0.01 m)
[velocity_path_follower.py-9] [INFO] [1786903188.499813100] [velocity_path_follower]: waypoint 513 / 5251 도달 (선 이탈 0.02 m)
[velocity_path_follower.py-9] [INFO] [1786903188.850078722] [velocity_path_follower]: waypoint 514 / 5251 도달 (선 이탈 0.02 m)
[velocity_path_follower.py-9] [INFO] [1786903189.202801123] [velocity_path_follower]: waypoint 515 / 5251 도달 (선 이탈 0.03 m)
[velocity_path_follower.py-9] [INFO] [1786903189.552802366] [velocity_path_follower]: waypoint 516 / 5251 도달 (선 이탈 0.04 m)
[velocity_path_follower.py-9] [INFO] [1786903189.906238566] [velocity_path_follower]: waypoint 517 / 5251 도달 (선 이탈 0.04 m)
[velocity_path_follower.py-9] [INFO] [1786903190.255269504] [velocity_path_follower]: waypoint 518 / 5251 도달 (선 이탈 0.05 m)
[velocity_path_follower.py-9] [INFO] [1786903190.607765774] [velocity_path_follower]: waypoint 519 / 5251 도달 (선 이탈 0.05 m)
[velocity_path_follower.py-9] [INFO] [1786903190.910053686] [velocity_path_follower]: waypoint 520 / 5251 도달 (선 이탈 0.05 m)
[velocity_path_follower.py-9] [INFO] [1786903191.310375076] [velocity_path_follower]: waypoint 521 / 5251 도달 (선 이탈 0.05 m)
[velocity_path_follower.py-9] [INFO] [1786903191.610466459] [velocity_path_follower]: waypoint 522 / 5251 도달 (선 이탈 0.05 m)
[velocity_path_follower.py-9] [INFO] [1786903191.763731773] [velocity_path_follower]: 230.0s  wp 523/5251 이탈0.1m  위치 (  18.62,  -158.15,  12.77)
[velocity_path_follower.py-9] [INFO] [1786903191.964445870] [velocity_path_follower]: waypoint 523 / 5251 도달 (선 이탈 0.05 m)
[velocity_path_follower.py-9] [INFO] [1786903192.316088793] [velocity_path_follower]: waypoint 524 / 5251 도달 (선 이탈 0.05 m)
[velocity_path_follower.py-9] [INFO] [1786903192.666098196] [velocity_path_follower]: waypoint 525 / 5251 도달 (선 이탈 0.05 m)
[velocity_path_follower.py-9] [INFO] [1786903193.023486687] [velocity_path_follower]: waypoint 526 / 5251 도달 (선 이탈 0.05 m)
[velocity_path_follower.py-9] [INFO] [1786903193.375804407] [velocity_path_follower]: waypoint 527 / 5251 도달 (선 이탈 0.04 m)
[velocity_path_follower.py-9] [INFO] [1786903193.725488804] [velocity_path_follower]: waypoint 528 / 5251 도달 (선 이탈 0.04 m)
[velocity_path_follower.py-9] [INFO] [1786903194.075718332] [velocity_path_follower]: waypoint 529 / 5251 도달 (선 이탈 0.03 m)
[velocity_path_follower.py-9] [INFO] [1786903194.428464096] [velocity_path_follower]: waypoint 530 / 5251 도달 (선 이탈 0.03 m)
[velocity_path_follower.py-9] [INFO] [1786903194.781694867] [velocity_path_follower]: waypoint 531 / 5251 도달 (선 이탈 0.02 m)
[velocity_path_follower.py-9] [INFO] [1786903195.081874829] [velocity_path_follower]: waypoint 532 / 5251 도달 (선 이탈 0.02 m)
[velocity_path_follower.py-9] [INFO] [1786903195.481836121] [velocity_path_follower]: waypoint 533 / 5251 도달 (선 이탈 0.01 m)
[velocity_path_follower.py-9] [INFO] [1786903195.831502346] [velocity_path_follower]: waypoint 534 / 5251 도달 (선 이탈 0.01 m)
[velocity_path_follower.py-9] [INFO] [1786903196.131839224] [velocity_path_follower]: waypoint 535 / 5251 도달 (선 이탈 0.00 m)
[velocity_path_follower.py-9] [INFO] [1786903196.482001120] [velocity_path_follower]: waypoint 536 / 5251 도달 (선 이탈 0.00 m)
[velocity_path_follower.py-9] [INFO] [1786903196.781859992] [velocity_path_follower]: 235.0s  wp 537/5251 이탈0.0m  위치 (  25.83,  -158.09,  11.28)
[velocity_path_follower.py-9] [INFO] [1786903196.831651927] [velocity_path_follower]: waypoint 537 / 5251 도달 (선 이탈 0.01 m)
[velocity_path_follower.py-9] [INFO] [1786903197.182013282] [velocity_path_follower]: waypoint 538 / 5251 도달 (선 이탈 0.01 m)
[velocity_path_follower.py-9] [INFO] [1786903197.531927423] [velocity_path_follower]: waypoint 539 / 5251 도달 (선 이탈 0.01 m)
[velocity_path_follower.py-9] [INFO] [1786903197.881699937] [velocity_path_follower]: waypoint 540 / 5251 도달 (선 이탈 0.02 m)
[velocity_path_follower.py-9] [INFO] [1786903198.231764662] [velocity_path_follower]: waypoint 541 / 5251 도달 (선 이탈 0.02 m)
[velocity_path_follower.py-9] [INFO] [1786903198.586498525] [velocity_path_follower]: waypoint 542 / 5251 도달 (선 이탈 0.02 m)
[velocity_path_follower.py-9] [INFO] [1786903198.938905194] [velocity_path_follower]: waypoint 543 / 5251 도달 (선 이탈 0.03 m)
[velocity_path_follower.py-9] [INFO] [1786903199.288698705] [velocity_path_follower]: waypoint 544 / 5251 도달 (선 이탈 0.03 m)
[velocity_path_follower.py-9] [INFO] [1786903199.638504632] [velocity_path_follower]: waypoint 545 / 5251 도달 (선 이탈 0.03 m)
[velocity_path_follower.py-9] [INFO] [1786903199.988657480] [velocity_path_follower]: waypoint 546 / 5251 도달 (선 이탈 0.03 m)
[velocity_path_follower.py-9] [INFO] [1786903200.294476708] [velocity_path_follower]: waypoint 547 / 5251 도달 (선 이탈 0.03 m)
[velocity_path_follower.py-9] [INFO] [1786903200.693764896] [velocity_path_follower]: waypoint 548 / 5251 도달 (선 이탈 0.03 m)
[velocity_path_follower.py-9] [INFO] [1786903201.006244870] [velocity_path_follower]: waypoint 549 / 5251 도달 (선 이탈 0.03 m)
[velocity_path_follower.py-9] [INFO] [1786903201.356177378] [velocity_path_follower]: waypoint 550 / 5251 도달 (선 이탈 0.03 m)
[velocity_path_follower.py-9] [INFO] [1786903201.706176595] [velocity_path_follower]: waypoint 551 / 5251 도달 (선 이탈 0.02 m)
[velocity_path_follower.py-9] [INFO] [1786903201.805982964] [velocity_path_follower]: 240.0s  wp 552/5251 이탈0.0m  위치 (  33.04,  -158.08,  10.80)
[velocity_path_follower.py-9] [INFO] [1786903202.057081405] [velocity_path_follower]: waypoint 552 / 5251 도달 (선 이탈 0.02 m)
[velocity_path_follower.py-9] [INFO] [1786903202.405960732] [velocity_path_follower]: waypoint 553 / 5251 도달 (선 이탈 0.02 m)
[velocity_path_follower.py-9] [INFO] [1786903202.755951196] [velocity_path_follower]: waypoint 554 / 5251 도달 (선 이탈 0.02 m)
[velocity_path_follower.py-9] [INFO] [1786903203.105918285] [velocity_path_follower]: waypoint 555 / 5251 도달 (선 이탈 0.01 m)
[velocity_path_follower.py-9] [INFO] [1786903203.456165500] [velocity_path_follower]: waypoint 556 / 5251 도달 (선 이탈 0.01 m)
[velocity_path_follower.py-9] [INFO] [1786903203.806376424] [velocity_path_follower]: waypoint 557 / 5251 도달 (선 이탈 0.01 m)
[velocity_path_follower.py-9] [INFO] [1786903204.156075715] [velocity_path_follower]: waypoint 558 / 5251 도달 (선 이탈 0.01 m)
[velocity_path_follower.py-9] [INFO] [1786903204.508514205] [velocity_path_follower]: waypoint 559 / 5251 도달 (선 이탈 0.00 m)
[velocity_path_follower.py-9] [INFO] [1786903204.858513290] [velocity_path_follower]: waypoint 560 / 5251 도달 (선 이탈 0.00 m)
[velocity_path_follower.py-9] [INFO] [1786903205.208757878] [velocity_path_follower]: waypoint 561 / 5251 도달 (선 이탈 0.00 m)
[velocity_path_follower.py-9] [INFO] [1786903205.508883486] [velocity_path_follower]: waypoint 562 / 5251 도달 (선 이탈 0.00 m)
[velocity_path_follower.py-9] [INFO] [1786903205.908417499] [velocity_path_follower]: waypoint 563 / 5251 도달 (선 이탈 0.01 m)
[velocity_path_follower.py-9] [INFO] [1786903206.258672458] [velocity_path_follower]: waypoint 564 / 5251 도달 (선 이탈 0.01 m)
[velocity_path_follower.py-9] [INFO] [1786903206.558921859] [velocity_path_follower]: waypoint 565 / 5251 도달 (선 이탈 0.01 m)
[velocity_path_follower.py-9] [INFO] [1786903206.808346564] [velocity_path_follower]: 245.0s  wp 566/5251 이탈0.0m  위치 (  40.25,  -158.11,  10.25)
[velocity_path_follower.py-9] [INFO] [1786903206.958764247] [velocity_path_follower]: waypoint 566 / 5251 도달 (선 이탈 0.01 m)
[velocity_path_follower.py-9] [INFO] [1786903207.258789268] [velocity_path_follower]: waypoint 567 / 5251 도달 (선 이탈 0.01 m)
[velocity_path_follower.py-9] [INFO] [1786903207.608690346] [velocity_path_follower]: waypoint 568 / 5251 도달 (선 이탈 0.01 m)
[velocity_path_follower.py-9] [INFO] [1786903207.958675133] [velocity_path_follower]: waypoint 569 / 5251 도달 (선 이탈 0.01 m)
[velocity_path_follower.py-9] [INFO] [1786903208.308703336] [velocity_path_follower]: waypoint 570 / 5251 도달 (선 이탈 0.01 m)
[velocity_path_follower.py-9] [INFO] [1786903208.658393951] [velocity_path_follower]: waypoint 571 / 5251 도달 (선 이탈 0.01 m)
[velocity_path_follower.py-9] [INFO] [1786903209.008627531] [velocity_path_follower]: waypoint 572 / 5251 도달 (선 이탈 0.01 m)
[velocity_path_follower.py-9] [INFO] [1786903209.360724381] [velocity_path_follower]: waypoint 573 / 5251 도달 (선 이탈 0.01 m)
[velocity_path_follower.py-9] [INFO] [1786903209.710503329] [velocity_path_follower]: waypoint 574 / 5251 도달 (선 이탈 0.01 m)
[velocity_path_follower.py-9] [INFO] [1786903210.062881307] [velocity_path_follower]: waypoint 575 / 5251 도달 (선 이탈 0.01 m)
[velocity_path_follower.py-9] [INFO] [1786903210.417264891] [velocity_path_follower]: waypoint 576 / 5251 도달 (선 이탈 0.01 m)
[velocity_path_follower.py-9] [INFO] [1786903210.724991624] [velocity_path_follower]: waypoint 577 / 5251 도달 (선 이탈 0.01 m)
[velocity_path_follower.py-9] [INFO] [1786903211.125018421] [velocity_path_follower]: waypoint 578 / 5251 도달 (선 이탈 0.01 m)
[velocity_path_follower.py-9] [INFO] [1786903211.495816158] [velocity_path_follower]: waypoint 579 / 5251 도달 (선 이탈 0.01 m)
[velocity_path_follower.py-9] [INFO] [1786903211.793304308] [velocity_path_follower]: waypoint 580 / 5251 도달 (선 이탈 0.01 m)
[velocity_path_follower.py-9] [INFO] [1786903211.843852455] [velocity_path_follower]: 250.0s  wp 581/5251 이탈0.0m  위치 (  47.46,  -158.10,  10.75)
[velocity_path_follower.py-9] [INFO] [1786903212.193247435] [velocity_path_follower]: waypoint 581 / 5251 도달 (선 이탈 0.00 m)
[velocity_path_follower.py-9] [INFO] [1786903212.493365781] [velocity_path_follower]: waypoint 582 / 5251 도달 (선 이탈 0.00 m)
[velocity_path_follower.py-9] [INFO] [1786903212.843622394] [velocity_path_follower]: waypoint 583 / 5251 도달 (선 이탈 0.00 m)
[velocity_path_follower.py-9] [INFO] [1786903213.193222832] [velocity_path_follower]: waypoint 584 / 5251 도달 (선 이탈 0.00 m)
[velocity_path_follower.py-9] [INFO] [1786903213.543163107] [velocity_path_follower]: waypoint 585 / 5251 도달 (선 이탈 0.00 m)
[velocity_path_follower.py-9] [INFO] [1786903213.893374010] [velocity_path_follower]: waypoint 586 / 5251 도달 (선 이탈 0.00 m)
[velocity_path_follower.py-9] [INFO] [1786903214.243375658] [velocity_path_follower]: waypoint 587 / 5251 도달 (선 이탈 0.00 m)
[velocity_path_follower.py-9] [INFO] [1786903214.596136840] [velocity_path_follower]: waypoint 588 / 5251 도달 (선 이탈 0.01 m)
[velocity_path_follower.py-9] [INFO] [1786903214.949455277] [velocity_path_follower]: waypoint 589 / 5251 도달 (선 이탈 0.01 m)
[velocity_path_follower.py-9] [INFO] [1786903215.299327589] [velocity_path_follower]: waypoint 590 / 5251 도달 (선 이탈 0.01 m)
[velocity_path_follower.py-9] [INFO] [1786903215.649338568] [velocity_path_follower]: waypoint 591 / 5251 도달 (선 이탈 0.01 m)
[velocity_path_follower.py-9] [INFO] [1786903215.999340798] [velocity_path_follower]: waypoint 592 / 5251 도달 (선 이탈 0.01 m)
[velocity_path_follower.py-9] [INFO] [1786903216.349501235] [velocity_path_follower]: waypoint 593 / 5251 도달 (선 이탈 0.01 m)
[velocity_path_follower.py-9] [INFO] [1786903216.649595158] [velocity_path_follower]: waypoint 594 / 5251 도달 (선 이탈 0.01 m)
[velocity_path_follower.py-9] [INFO] [1786903216.849275337] [velocity_path_follower]: 255.0s  wp 595/5251 이탈0.0m  위치 (  54.67,  -158.09,  13.79)
[velocity_path_follower.py-9] [INFO] [1786903216.999389341] [velocity_path_follower]: waypoint 595 / 5251 도달 (선 이탈 0.01 m)
[velocity_path_follower.py-9] [INFO] [1786903217.349279023] [velocity_path_follower]: waypoint 596 / 5251 도달 (선 이탈 0.01 m)
[velocity_path_follower.py-9] [INFO] [1786903217.699305374] [velocity_path_follower]: waypoint 597 / 5251 도달 (선 이탈 0.01 m)
[velocity_path_follower.py-9] [INFO] [1786903218.049345016] [velocity_path_follower]: waypoint 598 / 5251 도달 (선 이탈 0.01 m)
[velocity_path_follower.py-9] [INFO] [1786903218.399234071] [velocity_path_follower]: waypoint 599 / 5251 도달 (선 이탈 0.01 m)
[velocity_path_follower.py-9] [INFO] [1786903218.749284170] [velocity_path_follower]: waypoint 600 / 5251 도달 (선 이탈 0.01 m)
[velocity_path_follower.py-9] [INFO] [1786903219.100841328] [velocity_path_follower]: waypoint 601 / 5251 도달 (선 이탈 0.01 m)
[velocity_path_follower.py-9] [INFO] [1786903219.451704310] [velocity_path_follower]: waypoint 602 / 5251 도달 (선 이탈 0.01 m)
[velocity_path_follower.py-9] [INFO] [1786903219.801513696] [velocity_path_follower]: waypoint 603 / 5251 도달 (선 이탈 0.00 m)
[velocity_path_follower.py-9] [INFO] [1786903220.151474165] [velocity_path_follower]: waypoint 604 / 5251 도달 (선 이탈 0.00 m)
[velocity_path_follower.py-9] [INFO] [1786903220.501739263] [velocity_path_follower]: waypoint 605 / 5251 도달 (선 이탈 0.00 m)
[velocity_path_follower.py-9] [INFO] [1786903221.851387492] [velocity_path_follower]: 260.0s  wp 606/5251 이탈0.4m  위치 (  61.80,  -157.92,  12.30)
[velocity_path_follower.py-9] [INFO] [1786903225.651699948] [velocity_path_follower]: waypoint 606 / 5251 도달 (선 이탈 2.99 m)
[velocity_path_follower.py-9] [INFO] [1786903226.851605230] [velocity_path_follower]: 265.0s  wp 608/5251 이탈0.5m  위치 (  64.38,  -154.63,   8.08)
[velocity_path_follower.py-9] [INFO] [1786903230.501479457] [velocity_path_follower]: waypoint 608 / 5251 도달 (선 이탈 1.36 m)
[velocity_path_follower.py-9] [INFO] [1786903231.151856848] [velocity_path_follower]: waypoint 609 / 5251 도달 (선 이탈 1.44 m)
[velocity_path_follower.py-9] [INFO] [1786903231.751443925] [velocity_path_follower]: waypoint 610 / 5251 도달 (선 이탈 1.44 m)
[velocity_path_follower.py-9] [INFO] [1786903231.851311778] [velocity_path_follower]: 270.0s  wp 611/5251 이탈1.4m  위치 (  61.29,  -152.66,   9.09)
[velocity_path_follower.py-9] [INFO] [1786903232.301667415] [velocity_path_follower]: waypoint 611 / 5251 도달 (선 이탈 1.39 m)
[velocity_path_follower.py-9] [INFO] [1786903232.851636358] [velocity_path_follower]: waypoint 612 / 5251 도달 (선 이탈 1.30 m)
[velocity_path_follower.py-9] [INFO] [1786903233.401667842] [velocity_path_follower]: waypoint 613 / 5251 도달 (선 이탈 1.18 m)
[velocity_path_follower.py-9] [INFO] [1786903233.901511021] [velocity_path_follower]: waypoint 614 / 5251 도달 (선 이탈 1.03 m)
[velocity_path_follower.py-9] [INFO] [1786903234.451745962] [velocity_path_follower]: waypoint 615 / 5251 도달 (선 이탈 0.85 m)
[velocity_path_follower.py-9] [INFO] [1786903234.951504470] [velocity_path_follower]: waypoint 616 / 5251 도달 (선 이탈 0.68 m)
[velocity_path_follower.py-9] [INFO] [1786903235.401517970] [velocity_path_follower]: waypoint 617 / 5251 도달 (선 이탈 0.51 m)
[velocity_path_follower.py-9] [INFO] [1786903235.901512145] [velocity_path_follower]: waypoint 618 / 5251 도달 (선 이탈 0.32 m)
[velocity_path_follower.py-9] [INFO] [1786903236.351608019] [velocity_path_follower]: waypoint 619 / 5251 도달 (선 이탈 0.15 m)
[velocity_path_follower.py-9] [INFO] [1786903236.801729933] [velocity_path_follower]: waypoint 620 / 5251 도달 (선 이탈 0.01 m)
[velocity_path_follower.py-9] [INFO] [1786903236.851702609] [velocity_path_follower]: 275.0s  wp 621/5251 이탈0.0m  위치 (  56.31,  -154.12,  10.66)
[velocity_path_follower.py-9] [INFO] [1786903237.201615377] [velocity_path_follower]: waypoint 621 / 5251 도달 (선 이탈 0.14 m)
[velocity_path_follower.py-9] [INFO] [1786903237.651675247] [velocity_path_follower]: waypoint 622 / 5251 도달 (선 이탈 0.28 m)
[velocity_path_follower.py-9] [INFO] [1786903238.051697150] [velocity_path_follower]: waypoint 623 / 5251 도달 (선 이탈 0.39 m)
[velocity_path_follower.py-9] [INFO] [1786903238.501597599] [velocity_path_follower]: waypoint 624 / 5251 도달 (선 이탈 0.49 m)
[velocity_path_follower.py-9] [INFO] [1786903238.901696708] [velocity_path_follower]: waypoint 625 / 5251 도달 (선 이탈 0.56 m)
[velocity_path_follower.py-9] [INFO] [1786903239.301628981] [velocity_path_follower]: waypoint 626 / 5251 도달 (선 이탈 0.62 m)
[velocity_path_follower.py-9] [INFO] [1786903239.701815756] [velocity_path_follower]: waypoint 627 / 5251 도달 (선 이탈 0.66 m)
[velocity_path_follower.py-9] [INFO] [1786903240.101451774] [velocity_path_follower]: waypoint 628 / 5251 도달 (선 이탈 0.68 m)
[velocity_path_follower.py-9] [INFO] [1786903240.501826174] [velocity_path_follower]: waypoint 629 / 5251 도달 (선 이탈 0.69 m)
[velocity_path_follower.py-9] [INFO] [1786903240.901485649] [velocity_path_follower]: waypoint 630 / 5251 도달 (선 이탈 0.68 m)
[velocity_path_follower.py-9] [INFO] [1786903241.301735713] [velocity_path_follower]: waypoint 631 / 5251 도달 (선 이탈 0.66 m)
[velocity_path_follower.py-9] [INFO] [1786903241.651453637] [velocity_path_follower]: waypoint 632 / 5251 도달 (선 이탈 0.63 m)
[velocity_path_follower.py-9] [INFO] [1786903241.851671086] [velocity_path_follower]: 280.0s  wp 633/5251 이탈0.6m  위치 (  50.14,  -154.71,  12.63)
[velocity_path_follower.py-9] [INFO] [1786903242.051472780] [velocity_path_follower]: waypoint 633 / 5251 도달 (선 이탈 0.59 m)
[velocity_path_follower.py-9] [INFO] [1786903242.451468380] [velocity_path_follower]: waypoint 634 / 5251 도달 (선 이탈 0.53 m)
[velocity_path_follower.py-9] [INFO] [1786903242.801642641] [velocity_path_follower]: waypoint 635 / 5251 도달 (선 이탈 0.48 m)
[velocity_path_follower.py-9] [INFO] [1786903243.201689407] [velocity_path_follower]: waypoint 636 / 5251 도달 (선 이탈 0.41 m)
[velocity_path_follower.py-9] [INFO] [1786903243.601699129] [velocity_path_follower]: waypoint 637 / 5251 도달 (선 이탈 0.34 m)
[velocity_path_follower.py-9] [INFO] [1786903243.951477884] [velocity_path_follower]: waypoint 638 / 5251 도달 (선 이탈 0.27 m)
[velocity_path_follower.py-9] [INFO] [1786903244.351710273] [velocity_path_follower]: waypoint 639 / 5251 도달 (선 이탈 0.20 m)
[velocity_path_follower.py-9] [INFO] [1786903244.701514860] [velocity_path_follower]: waypoint 640 / 5251 도달 (선 이탈 0.13 m)
[velocity_path_follower.py-9] [INFO] [1786903245.101606205] [velocity_path_follower]: waypoint 641 / 5251 도달 (선 이탈 0.05 m)
[velocity_path_follower.py-9] [INFO] [1786903245.451440998] [velocity_path_follower]: waypoint 642 / 5251 도달 (선 이탈 0.01 m)
[velocity_path_follower.py-9] [INFO] [1786903245.851452841] [velocity_path_follower]: waypoint 643 / 5251 도달 (선 이탈 0.08 m)
[velocity_path_follower.py-9] [INFO] [1786903246.201732930] [velocity_path_follower]: waypoint 644 / 5251 도달 (선 이탈 0.13 m)
[velocity_path_follower.py-9] [INFO] [1786903246.551575013] [velocity_path_follower]: waypoint 645 / 5251 도달 (선 이탈 0.18 m)
[velocity_path_follower.py-9] [INFO] [1786903246.851337047] [velocity_path_follower]: 285.0s  wp 646/5251 이탈0.2m  위치 (  43.49,  -153.88,  11.81)
[velocity_path_follower.py-9] [INFO] [1786903246.951495227] [velocity_path_follower]: waypoint 646 / 5251 도달 (선 이탈 0.23 m)
[velocity_path_follower.py-9] [INFO] [1786903247.301748522] [velocity_path_follower]: waypoint 647 / 5251 도달 (선 이탈 0.27 m)
[velocity_path_follower.py-9] [INFO] [1786903247.651421642] [velocity_path_follower]: waypoint 648 / 5251 도달 (선 이탈 0.30 m)
[velocity_path_follower.py-9] [INFO] [1786903248.001630227] [velocity_path_follower]: waypoint 649 / 5251 도달 (선 이탈 0.33 m)
[velocity_path_follower.py-9] [INFO] [1786903248.352065522] [velocity_path_follower]: waypoint 650 / 5251 도달 (선 이탈 0.35 m)
[velocity_path_follower.py-9] [INFO] [1786903248.751593061] [velocity_path_follower]: waypoint 651 / 5251 도달 (선 이탈 0.36 m)
[velocity_path_follower.py-9] [INFO] [1786903249.101467348] [velocity_path_follower]: waypoint 652 / 5251 도달 (선 이탈 0.36 m)
[velocity_path_follower.py-9] [INFO] [1786903249.451721930] [velocity_path_follower]: waypoint 653 / 5251 도달 (선 이탈 0.36 m)
[velocity_path_follower.py-9] [INFO] [1786903249.802477517] [velocity_path_follower]: waypoint 654 / 5251 도달 (선 이탈 0.35 m)
[velocity_path_follower.py-9] [INFO] [1786903250.202480850] [velocity_path_follower]: waypoint 655 / 5251 도달 (선 이탈 0.33 m)
[velocity_path_follower.py-9] [INFO] [1786903250.551950796] [velocity_path_follower]: waypoint 656 / 5251 도달 (선 이탈 0.31 m)
[velocity_path_follower.py-9] [INFO] [1786903250.901433242] [velocity_path_follower]: waypoint 657 / 5251 도달 (선 이탈 0.29 m)
[velocity_path_follower.py-9] [INFO] [1786903251.251650237] [velocity_path_follower]: waypoint 658 / 5251 도달 (선 이탈 0.26 m)
[velocity_path_follower.py-9] [INFO] [1786903251.601507102] [velocity_path_follower]: waypoint 659 / 5251 도달 (선 이탈 0.23 m)
[velocity_path_follower.py-9] [INFO] [1786903251.851353165] [velocity_path_follower]: 290.0s  wp 660/5251 이탈0.2m  위치 (  36.55,  -153.90,   8.05)
[velocity_path_follower.py-9] [INFO] [1786903252.001448264] [velocity_path_follower]: waypoint 660 / 5251 도달 (선 이탈 0.19 m)
[velocity_path_follower.py-9] [INFO] [1786903252.353633071] [velocity_path_follower]: waypoint 661 / 5251 도달 (선 이탈 0.15 m)
[velocity_path_follower.py-9] [INFO] [1786903252.703652520] [velocity_path_follower]: waypoint 662 / 5251 도달 (선 이탈 0.12 m)
[velocity_path_follower.py-9] [INFO] [1786903253.053726927] [velocity_path_follower]: waypoint 663 / 5251 도달 (선 이탈 0.08 m)
[velocity_path_follower.py-9] [INFO] [1786903253.405896774] [velocity_path_follower]: waypoint 664 / 5251 도달 (선 이탈 0.04 m)
[velocity_path_follower.py-9] [INFO] [1786903253.755756760] [velocity_path_follower]: waypoint 665 / 5251 도달 (선 이탈 0.01 m)
[velocity_path_follower.py-9] [INFO] [1786903254.105852373] [velocity_path_follower]: waypoint 666 / 5251 도달 (선 이탈 0.02 m)
[velocity_path_follower.py-9] [INFO] [1786903254.455621606] [velocity_path_follower]: waypoint 667 / 5251 도달 (선 이탈 0.06 m)
[velocity_path_follower.py-9] [INFO] [1786903254.805701927] [velocity_path_follower]: waypoint 668 / 5251 도달 (선 이탈 0.08 m)
[velocity_path_follower.py-9] [INFO] [1786903255.155658703] [velocity_path_follower]: waypoint 669 / 5251 도달 (선 이탈 0.11 m)
[velocity_path_follower.py-9] [INFO] [1786903255.505503519] [velocity_path_follower]: waypoint 670 / 5251 도달 (선 이탈 0.13 m)
[velocity_path_follower.py-9] [INFO] [1786903255.855724297] [velocity_path_follower]: waypoint 671 / 5251 도달 (선 이탈 0.15 m)
[velocity_path_follower.py-9] [INFO] [1786903256.205849282] [velocity_path_follower]: waypoint 672 / 5251 도달 (선 이탈 0.17 m)
[velocity_path_follower.py-9] [INFO] [1786903256.555783805] [velocity_path_follower]: waypoint 673 / 5251 도달 (선 이탈 0.18 m)
[velocity_path_follower.py-9] [INFO] [1786903256.855483697] [velocity_path_follower]: 295.0s  wp 674/5251 이탈0.2m  위치 (  29.47,  -154.28,  11.65)
[velocity_path_follower.py-9] [INFO] [1786903256.905588701] [velocity_path_follower]: waypoint 674 / 5251 도달 (선 이탈 0.19 m)
[velocity_path_follower.py-9] [INFO] [1786903257.255774601] [velocity_path_follower]: waypoint 675 / 5251 도달 (선 이탈 0.19 m)
[velocity_path_follower.py-9] [INFO] [1786903257.605717164] [velocity_path_follower]: waypoint 676 / 5251 도달 (선 이탈 0.19 m)
[velocity_path_follower.py-9] [INFO] [1786903257.955638685] [velocity_path_follower]: waypoint 677 / 5251 도달 (선 이탈 0.19 m)
[velocity_path_follower.py-9] [INFO] [1786903258.305623914] [velocity_path_follower]: waypoint 678 / 5251 도달 (선 이탈 0.18 m)
[velocity_path_follower.py-9] [INFO] [1786903258.705721146] [velocity_path_follower]: waypoint 679 / 5251 도달 (선 이탈 0.17 m)
[velocity_path_follower.py-9] [INFO] [1786903259.005820289] [velocity_path_follower]: waypoint 680 / 5251 도달 (선 이탈 0.16 m)
[velocity_path_follower.py-9] [INFO] [1786903259.355708140] [velocity_path_follower]: waypoint 681 / 5251 도달 (선 이탈 0.15 m)
[velocity_path_follower.py-9] [INFO] [1786903259.705632449] [velocity_path_follower]: waypoint 682 / 5251 도달 (선 이탈 0.14 m)
[velocity_path_follower.py-9] [INFO] [1786903260.056275599] [velocity_path_follower]: waypoint 683 / 5251 도달 (선 이탈 0.12 m)
[velocity_path_follower.py-9] [INFO] [1786903260.408053761] [velocity_path_follower]: waypoint 684 / 5251 도달 (선 이탈 0.10 m)
[velocity_path_follower.py-9] [INFO] [1786903260.758042028] [velocity_path_follower]: waypoint 685 / 5251 도달 (선 이탈 0.08 m)
[velocity_path_follower.py-9] [INFO] [1786903261.110724700] [velocity_path_follower]: waypoint 686 / 5251 도달 (선 이탈 0.06 m)
[velocity_path_follower.py-9] [INFO] [1786903261.460754881] [velocity_path_follower]: waypoint 687 / 5251 도달 (선 이탈 0.05 m)
[velocity_path_follower.py-9] [INFO] [1786903261.813983559] [velocity_path_follower]: waypoint 688 / 5251 도달 (선 이탈 0.03 m)
[velocity_path_follower.py-9] [INFO] [1786903261.863771767] [velocity_path_follower]: 300.0s  wp 689/5251 이탈0.0m  위치 (  22.29,  -154.12,  12.72)
[velocity_path_follower.py-9] [INFO] [1786903262.163793403] [velocity_path_follower]: waypoint 689 / 5251 도달 (선 이탈 0.01 m)
[velocity_path_follower.py-9] [INFO] [1786903262.513516621] [velocity_path_follower]: waypoint 690 / 5251 도달 (선 이탈 0.01 m)
[velocity_path_follower.py-9] [INFO] [1786903262.863695719] [velocity_path_follower]: waypoint 691 / 5251 도달 (선 이탈 0.02 m)
[velocity_path_follower.py-9] [INFO] [1786903263.213800565] [velocity_path_follower]: waypoint 692 / 5251 도달 (선 이탈 0.04 m)
[velocity_path_follower.py-9] [INFO] [1786903263.566916404] [velocity_path_follower]: waypoint 693 / 5251 도달 (선 이탈 0.05 m)
[velocity_path_follower.py-9] [INFO] [1786903263.916753496] [velocity_path_follower]: waypoint 694 / 5251 도달 (선 이탈 0.07 m)
[velocity_path_follower.py-9] [INFO] [1786903264.266742422] [velocity_path_follower]: waypoint 695 / 5251 도달 (선 이탈 0.08 m)
[velocity_path_follower.py-9] [INFO] [1786903264.618917790] [velocity_path_follower]: waypoint 696 / 5251 도달 (선 이탈 0.08 m)
[velocity_path_follower.py-9] [INFO] [1786903264.973774814] [velocity_path_follower]: waypoint 697 / 5251 도달 (선 이탈 0.09 m)
[velocity_path_follower.py-9] [INFO] [1786903265.323654403] [velocity_path_follower]: waypoint 698 / 5251 도달 (선 이탈 0.10 m)
[velocity_path_follower.py-9] [INFO] [1786903265.675647058] [velocity_path_follower]: waypoint 699 / 5251 도달 (선 이탈 0.10 m)
[velocity_path_follower.py-9] [INFO] [1786903266.027963634] [velocity_path_follower]: waypoint 700 / 5251 도달 (선 이탈 0.10 m)
[velocity_path_follower.py-9] [INFO] [1786903266.377781179] [velocity_path_follower]: waypoint 701 / 5251 도달 (선 이탈 0.10 m)
[velocity_path_follower.py-9] [INFO] [1786903266.727760517] [velocity_path_follower]: waypoint 702 / 5251 도달 (선 이탈 0.10 m)
[velocity_path_follower.py-9] [INFO] [1786903266.880206298] [velocity_path_follower]: 305.0s  wp 703/5251 이탈0.1m  위치 (  15.14,  -154.01,  10.80)
[velocity_path_follower.py-9] [INFO] [1786903267.082586495] [velocity_path_follower]: waypoint 703 / 5251 도달 (선 이탈 0.09 m)
[velocity_path_follower.py-9] [INFO] [1786903267.434659939] [velocity_path_follower]: waypoint 704 / 5251 도달 (선 이탈 0.09 m)
[velocity_path_follower.py-9] [INFO] [1786903267.791930944] [velocity_path_follower]: waypoint 705 / 5251 도달 (선 이탈 0.08 m)
[velocity_path_follower.py-9] [INFO] [1786903268.093901428] [velocity_path_follower]: waypoint 706 / 5251 도달 (선 이탈 0.07 m)
[velocity_path_follower.py-9] [INFO] [1786903268.446453917] [velocity_path_follower]: waypoint 707 / 5251 도달 (선 이탈 0.06 m)
[velocity_path_follower.py-9] [INFO] [1786903268.803013495] [velocity_path_follower]: waypoint 708 / 5251 도달 (선 이탈 0.05 m)
[velocity_path_follower.py-9] [INFO] [1786903269.157332880] [velocity_path_follower]: waypoint 709 / 5251 도달 (선 이탈 0.04 m)
[velocity_path_follower.py-9] [INFO] [1786903269.541022314] [velocity_path_follower]: waypoint 710 / 5251 도달 (선 이탈 0.03 m)
[velocity_path_follower.py-9] [INFO] [1786903269.893805846] [velocity_path_follower]: waypoint 711 / 5251 도달 (선 이탈 0.02 m)
[velocity_path_follower.py-9] [INFO] [1786903270.243568425] [velocity_path_follower]: waypoint 712 / 5251 도달 (선 이탈 0.02 m)
[velocity_path_follower.py-9] [INFO] [1786903270.593681508] [velocity_path_follower]: waypoint 713 / 5251 도달 (선 이탈 0.01 m)
[velocity_path_follower.py-9] [INFO] [1786903270.943791590] [velocity_path_follower]: waypoint 714 / 5251 도달 (선 이탈 0.00 m)
[velocity_path_follower.py-9] [INFO] [1786903271.299130815] [velocity_path_follower]: waypoint 715 / 5251 도달 (선 이탈 0.01 m)
[velocity_path_follower.py-9] [INFO] [1786903271.649302355] [velocity_path_follower]: waypoint 716 / 5251 도달 (선 이탈 0.02 m)
[velocity_path_follower.py-9] [INFO] [1786903271.948954306] [velocity_path_follower]: 310.0s  wp 717/5251 이탈0.0m  위치 (   7.94,  -154.13,  10.98)
[velocity_path_follower.py-9] [INFO] [1786903271.999123099] [velocity_path_follower]: waypoint 717 / 5251 도달 (선 이탈 0.03 m)
[velocity_path_follower.py-9] [INFO] [1786903272.349326721] [velocity_path_follower]: waypoint 718 / 5251 도달 (선 이탈 0.03 m)
[velocity_path_follower.py-9] [INFO] [1786903272.701861078] [velocity_path_follower]: waypoint 719 / 5251 도달 (선 이탈 0.04 m)
[velocity_path_follower.py-9] [INFO] [1786903273.054166765] [velocity_path_follower]: waypoint 720 / 5251 도달 (선 이탈 0.04 m)
[velocity_path_follower.py-9] [INFO] [1786903273.354349177] [velocity_path_follower]: waypoint 721 / 5251 도달 (선 이탈 0.05 m)
[velocity_path_follower.py-9] [INFO] [1786903273.754204750] [velocity_path_follower]: waypoint 722 / 5251 도달 (선 이탈 0.05 m)
[velocity_path_follower.py-9] [INFO] [1786903274.104285826] [velocity_path_follower]: waypoint 723 / 5251 도달 (선 이탈 0.05 m)
[velocity_path_follower.py-9] [INFO] [1786903274.404179525] [velocity_path_follower]: waypoint 724 / 5251 도달 (선 이탈 0.05 m)
[velocity_path_follower.py-9] [INFO] [1786903274.757000507] [velocity_path_follower]: waypoint 725 / 5251 도달 (선 이탈 0.05 m)
[velocity_path_follower.py-9] [INFO] [1786903275.109040229] [velocity_path_follower]: waypoint 726 / 5251 도달 (선 이탈 0.05 m)
[velocity_path_follower.py-9] [INFO] [1786903275.459049801] [velocity_path_follower]: waypoint 727 / 5251 도달 (선 이탈 0.05 m)
[velocity_path_follower.py-9] [INFO] [1786903275.811624403] [velocity_path_follower]: waypoint 728 / 5251 도달 (선 이탈 0.05 m)
[velocity_path_follower.py-9] [INFO] [1786903276.161817143] [velocity_path_follower]: waypoint 729 / 5251 도달 (선 이탈 0.04 m)
[velocity_path_follower.py-9] [INFO] [1786903276.514215283] [velocity_path_follower]: waypoint 730 / 5251 도달 (선 이탈 0.04 m)
[velocity_path_follower.py-9] [INFO] [1786903276.867204804] [velocity_path_follower]: waypoint 731 / 5251 도달 (선 이탈 0.04 m)
[velocity_path_follower.py-9] [INFO] [1786903276.969647037] [velocity_path_follower]: 315.0s  wp 732/5251 이탈0.0m  위치 (   0.71,  -154.13,  11.65)
[velocity_path_follower.py-9] [INFO] [1786903277.221945595] [velocity_path_follower]: waypoint 732 / 5251 도달 (선 이탈 0.03 m)
[velocity_path_follower.py-9] [INFO] [1786903277.571779662] [velocity_path_follower]: waypoint 733 / 5251 도달 (선 이탈 0.03 m)
[velocity_path_follower.py-9] [INFO] [1786903277.938394923] [velocity_path_follower]: waypoint 734 / 5251 도달 (선 이탈 0.02 m)
[velocity_path_follower.py-9] [INFO] [1786903278.292648206] [velocity_path_follower]: waypoint 735 / 5251 도달 (선 이탈 0.02 m)
[velocity_path_follower.py-9] [INFO] [1786903278.642485313] [velocity_path_follower]: waypoint 736 / 5251 도달 (선 이탈 0.01 m)
[velocity_path_follower.py-9] [INFO] [1786903278.992472754] [velocity_path_follower]: waypoint 737 / 5251 도달 (선 이탈 0.01 m)
[velocity_path_follower.py-9] [INFO] [1786903279.342422693] [velocity_path_follower]: waypoint 738 / 5251 도달 (선 이탈 0.00 m)
[velocity_path_follower.py-9] [INFO] [1786903279.692517259] [velocity_path_follower]: waypoint 739 / 5251 도달 (선 이탈 0.00 m)
[velocity_path_follower.py-9] [INFO] [1786903279.995874199] [velocity_path_follower]: waypoint 740 / 5251 도달 (선 이탈 0.01 m)
[velocity_path_follower.py-9] [INFO] [1786903280.348338499] [velocity_path_follower]: waypoint 741 / 5251 도달 (선 이탈 0.01 m)
[velocity_path_follower.py-9] [INFO] [1786903281.070812886] [velocity_path_follower]: waypoint 742 / 5251 도달 (선 이탈 0.02 m)
[velocity_path_follower.py-9] [INFO] [1786903281.107840440] [velocity_path_follower]: waypoint 743 / 5251 도달 (선 이탈 0.02 m)
[velocity_path_follower.py-9] [INFO] [1786903281.412943772] [velocity_path_follower]: waypoint 744 / 5251 도달 (선 이탈 0.02 m)
[velocity_path_follower.py-9] [INFO] [1786903281.769084030] [velocity_path_follower]: waypoint 745 / 5251 도달 (선 이탈 0.02 m)
[velocity_path_follower.py-9] [INFO] [1786903282.022878099] [velocity_path_follower]: 320.0s  wp 746/5251 이탈0.0m  위치 (  -6.47,  -154.08,   7.76)
[velocity_path_follower.py-9] [INFO] [1786903282.124919949] [velocity_path_follower]: waypoint 746 / 5251 도달 (선 이탈 0.03 m)
[velocity_path_follower.py-9] [INFO] [1786903282.480750410] [velocity_path_follower]: waypoint 747 / 5251 도달 (선 이탈 0.03 m)
[velocity_path_follower.py-9] [INFO] [1786903282.829791833] [velocity_path_follower]: waypoint 748 / 5251 도달 (선 이탈 0.03 m)
[velocity_path_follower.py-9] [INFO] [1786903283.179629556] [velocity_path_follower]: waypoint 749 / 5251 도달 (선 이탈 0.03 m)
[velocity_path_follower.py-9] [INFO] [1786903283.532347145] [velocity_path_follower]: waypoint 750 / 5251 도달 (선 이탈 0.03 m)
[velocity_path_follower.py-9] [INFO] [1786903286.944778510] [velocity_path_follower]: waypoint 751 / 5251 도달 (선 이탈 0.02 m)
[velocity_path_follower.py-9] [INFO] [1786903286.994753422] [velocity_path_follower]: waypoint 752 / 5251 도달 (선 이탈 0.02 m)
[velocity_path_follower.py-9] [INFO] [1786903287.044504789] [velocity_path_follower]: waypoint 753 / 5251 도달 (선 이탈 0.02 m)
[velocity_path_follower.py-9] [INFO] [1786903287.094461159] [velocity_path_follower]: waypoint 754 / 5251 도달 (선 이탈 0.02 m)
[velocity_path_follower.py-9] [INFO] [1786903287.144518488] [velocity_path_follower]: waypoint 755 / 5251 도달 (선 이탈 0.02 m)
[velocity_path_follower.py-9] [INFO] [1786903287.194593860] [velocity_path_follower]: waypoint 756 / 5251 도달 (선 이탈 0.02 m)
[velocity_path_follower.py-9] [INFO] [1786903287.244661147] [velocity_path_follower]: waypoint 757 / 5251 도달 (선 이탈 0.02 m)
[velocity_path_follower.py-9] [INFO] [1786903287.294712435] [velocity_path_follower]: waypoint 758 / 5251 도달 (선 이탈 0.02 m)
[velocity_path_follower.py-9] [INFO] [1786903287.344448510] [velocity_path_follower]: 325.3s  wp 759/5251 이탈0.0m  위치 ( -12.83,  -154.08,   6.66)
[velocity_path_follower.py-9] [INFO] [1786903287.744507057] [velocity_path_follower]: waypoint 759 / 5251 도달 (선 이탈 0.02 m)
[velocity_path_follower.py-9] [INFO] [1786903288.348060873] [velocity_path_follower]: waypoint 760 / 5251 도달 (선 이탈 0.01 m)
[velocity_path_follower.py-9] [INFO] [1786903288.949731125] [velocity_path_follower]: waypoint 761 / 5251 도달 (선 이탈 0.01 m)
[velocity_path_follower.py-9] [INFO] [1786903289.501850509] [velocity_path_follower]: waypoint 762 / 5251 도달 (선 이탈 0.01 m)
[velocity_path_follower.py-9] [INFO] [1786903290.001834707] [velocity_path_follower]: waypoint 763 / 5251 도달 (선 이탈 0.01 m)
[velocity_path_follower.py-9] [INFO] [1786903290.501988362] [velocity_path_follower]: waypoint 764 / 5251 도달 (선 이탈 0.00 m)
[velocity_path_follower.py-9] [INFO] [1786903291.001859015] [velocity_path_follower]: waypoint 765 / 5251 도달 (선 이탈 0.00 m)
[velocity_path_follower.py-9] [INFO] [1786903291.452026382] [velocity_path_follower]: waypoint 766 / 5251 도달 (선 이탈 0.00 m)
[velocity_path_follower.py-9] [INFO] [1786903291.901980205] [velocity_path_follower]: waypoint 767 / 5251 도달 (선 이탈 0.00 m)
[velocity_path_follower.py-9] [INFO] [1786903292.051697851] [velocity_path_follower]: 330.0s  wp 768/5251 이탈0.0m  위치 ( -17.29,  -154.10,   8.51)
[velocity_path_follower.py-9] [INFO] [1786903292.352082612] [velocity_path_follower]: waypoint 768 / 5251 도달 (선 이탈 0.00 m)
[velocity_path_follower.py-9] [INFO] [1786903292.801828763] [velocity_path_follower]: waypoint 769 / 5251 도달 (선 이탈 0.01 m)
[velocity_path_follower.py-9] [INFO] [1786903293.201853173] [velocity_path_follower]: waypoint 770 / 5251 도달 (선 이탈 0.01 m)
[velocity_path_follower.py-9] [INFO] [1786903293.601719414] [velocity_path_follower]: waypoint 771 / 5251 도달 (선 이탈 0.01 m)
[velocity_path_follower.py-9] [INFO] [1786903294.002111410] [velocity_path_follower]: waypoint 772 / 5251 도달 (선 이탈 0.01 m)
[velocity_path_follower.py-9] [INFO] [1786903294.402619406] [velocity_path_follower]: waypoint 773 / 5251 도달 (선 이탈 0.01 m)
[velocity_path_follower.py-9] [INFO] [1786903294.802109932] [velocity_path_follower]: waypoint 774 / 5251 도달 (선 이탈 0.01 m)
[velocity_path_follower.py-9] [INFO] [1786903295.201883377] [velocity_path_follower]: waypoint 775 / 5251 도달 (선 이탈 0.01 m)
[velocity_path_follower.py-9] [INFO] [1786903295.601973616] [velocity_path_follower]: waypoint 776 / 5251 도달 (선 이탈 0.01 m)
[velocity_path_follower.py-9] [INFO] [1786903296.001889478] [velocity_path_follower]: waypoint 777 / 5251 도달 (선 이탈 0.01 m)
[velocity_path_follower.py-9] [INFO] [1786903296.401988673] [velocity_path_follower]: waypoint 778 / 5251 도달 (선 이탈 0.01 m)
[velocity_path_follower.py-9] [INFO] [1786903296.801881658] [velocity_path_follower]: waypoint 779 / 5251 도달 (선 이탈 0.01 m)
[velocity_path_follower.py-9] [INFO] [1786903297.051782288] [velocity_path_follower]: 335.0s  wp 780/5251 이탈0.0m  위치 ( -23.49,  -154.11,   7.54)
[velocity_path_follower.py-9] [INFO] [1786903297.151900484] [velocity_path_follower]: waypoint 780 / 5251 도달 (선 이탈 0.01 m)
[velocity_path_follower.py-9] [INFO] [1786903297.501902392] [velocity_path_follower]: waypoint 781 / 5251 도달 (선 이탈 0.01 m)
[velocity_path_follower.py-9] [INFO] [1786903297.901864584] [velocity_path_follower]: waypoint 782 / 5251 도달 (선 이탈 0.01 m)
[velocity_path_follower.py-9] [INFO] [1786903298.251998200] [velocity_path_follower]: waypoint 783 / 5251 도달 (선 이탈 0.00 m)
[velocity_path_follower.py-9] [INFO] [1786903298.651913681] [velocity_path_follower]: waypoint 784 / 5251 도달 (선 이탈 0.00 m)
[velocity_path_follower.py-9] [INFO] [1786903299.001947421] [velocity_path_follower]: waypoint 785 / 5251 도달 (선 이탈 0.00 m)
[velocity_path_follower.py-9] [INFO] [1786903299.401903984] [velocity_path_follower]: waypoint 786 / 5251 도달 (선 이탈 0.00 m)
[velocity_path_follower.py-9] [INFO] [1786903299.751868971] [velocity_path_follower]: waypoint 787 / 5251 도달 (선 이탈 0.00 m)
[velocity_path_follower.py-9] [INFO] [1786903300.101793208] [velocity_path_follower]: waypoint 788 / 5251 도달 (선 이탈 0.00 m)
[velocity_path_follower.py-9] [INFO] [1786903300.502321900] [velocity_path_follower]: waypoint 789 / 5251 도달 (선 이탈 0.00 m)
[velocity_path_follower.py-9] [INFO] [1786903300.851874173] [velocity_path_follower]: waypoint 790 / 5251 도달 (선 이탈 0.00 m)
[velocity_path_follower.py-9] [INFO] [1786903301.202115744] [velocity_path_follower]: waypoint 791 / 5251 도달 (선 이탈 0.00 m)
[velocity_path_follower.py-9] [INFO] [1786903301.551859183] [velocity_path_follower]: waypoint 792 / 5251 도달 (선 이탈 0.00 m)
[velocity_path_follower.py-9] [INFO] [1786903301.902262756] [velocity_path_follower]: waypoint 793 / 5251 도달 (선 이탈 0.00 m)
[velocity_path_follower.py-9] [INFO] [1786903302.051963227] [velocity_path_follower]: 340.0s  wp 794/5251 이탈0.0m  위치 ( -30.31,  -154.10,   6.99)
[velocity_path_follower.py-9] [INFO] [1786903302.251967902] [velocity_path_follower]: waypoint 794 / 5251 도달 (선 이탈 0.00 m)
[velocity_path_follower.py-9] [INFO] [1786903302.651834583] [velocity_path_follower]: waypoint 795 / 5251 도달 (선 이탈 0.00 m)
[velocity_path_follower.py-9] [INFO] [1786903303.001946650] [velocity_path_follower]: waypoint 796 / 5251 도달 (선 이탈 0.00 m)
[velocity_path_follower.py-9] [INFO] [1786903303.351958131] [velocity_path_follower]: waypoint 797 / 5251 도달 (선 이탈 0.00 m)
[velocity_path_follower.py-9] [INFO] [1786903303.702005529] [velocity_path_follower]: waypoint 798 / 5251 도달 (선 이탈 0.00 m)
[velocity_path_follower.py-9] [INFO] [1786903304.051856300] [velocity_path_follower]: waypoint 799 / 5251 도달 (선 이탈 0.00 m)
[velocity_path_follower.py-9] [INFO] [1786903304.401920988] [velocity_path_follower]: waypoint 800 / 5251 도달 (선 이탈 0.00 m)
[velocity_path_follower.py-9] [INFO] [1786903304.772069323] [velocity_path_follower]: waypoint 801 / 5251 도달 (선 이탈 0.00 m)
[velocity_path_follower.py-9] [INFO] [1786903305.121920134] [velocity_path_follower]: waypoint 802 / 5251 도달 (선 이탈 0.00 m)
[velocity_path_follower.py-9] [INFO] [1786903305.472103780] [velocity_path_follower]: waypoint 803 / 5251 도달 (선 이탈 0.00 m)
[velocity_path_follower.py-9] [INFO] [1786903305.822036048] [velocity_path_follower]: waypoint 804 / 5251 도달 (선 이탈 0.00 m)
[velocity_path_follower.py-9] [INFO] [1786903306.172187985] [velocity_path_follower]: waypoint 805 / 5251 도달 (선 이탈 0.00 m)
[velocity_path_follower.py-9] [INFO] [1786903306.521950833] [velocity_path_follower]: waypoint 806 / 5251 도달 (선 이탈 0.00 m)
[velocity_path_follower.py-9] [INFO] [1786903306.922071717] [velocity_path_follower]: waypoint 807 / 5251 도달 (선 이탈 0.00 m)
[velocity_path_follower.py-9] [INFO] [1786903307.071771977] [velocity_path_follower]: 345.0s  wp 808/5251 이탈1.2m  위치 ( -37.37,  -154.10,   7.80)
[velocity_path_follower.py-9] [INFO] [1786903312.024777588] [velocity_path_follower]: waypoint 808 / 5251 도달 (선 이탈 2.91 m)
[velocity_path_follower.py-9] [INFO] [1786903312.124432979] [velocity_path_follower]: 350.1s  wp 810/5251 이탈1.4m  위치 ( -41.52,  -151.48,   7.55)
[velocity_path_follower.py-9] [INFO] [1786903316.933380615] [velocity_path_follower]: waypoint 810 / 5251 도달 (선 이탈 1.40 m)
[velocity_path_follower.py-9] [INFO] [1786903317.082612237] [velocity_path_follower]: 355.0s  wp 811/5251 이탈1.4m  위치 ( -39.44,  -148.68,   7.07)
[velocity_path_follower.py-9] [INFO] [1786903317.532669587] [velocity_path_follower]: waypoint 811 / 5251 도달 (선 이탈 1.47 m)
[velocity_path_follower.py-9] [INFO] [1786903318.132599774] [velocity_path_follower]: waypoint 812 / 5251 도달 (선 이탈 1.47 m)
[velocity_path_follower.py-9] [INFO] [1786903318.732729044] [velocity_path_follower]: waypoint 813 / 5251 도달 (선 이탈 1.42 m)
[velocity_path_follower.py-9] [INFO] [1786903319.332520392] [velocity_path_follower]: waypoint 814 / 5251 도달 (선 이탈 1.32 m)
[velocity_path_follower.py-9] [INFO] [1786903319.832752394] [velocity_path_follower]: waypoint 815 / 5251 도달 (선 이탈 1.20 m)
[velocity_path_follower.py-9] [INFO] [1786903320.384723943] [velocity_path_follower]: waypoint 816 / 5251 도달 (선 이탈 1.04 m)
[velocity_path_follower.py-9] [INFO] [1786903320.934615010] [velocity_path_follower]: waypoint 817 / 5251 도달 (선 이탈 0.85 m)
[velocity_path_follower.py-9] [INFO] [1786903321.434479295] [velocity_path_follower]: waypoint 818 / 5251 도달 (선 이탈 0.67 m)
[velocity_path_follower.py-9] [INFO] [1786903321.884583053] [velocity_path_follower]: waypoint 819 / 5251 도달 (선 이탈 0.50 m)
[velocity_path_follower.py-9] [INFO] [1786903322.085012089] [velocity_path_follower]: 360.0s  wp 820/5251 이탈0.4m  위치 ( -34.88,  -149.68,   7.33)
[velocity_path_follower.py-9] [INFO] [1786903322.384502087] [velocity_path_follower]: waypoint 820 / 5251 도달 (선 이탈 0.31 m)
[velocity_path_follower.py-9] [INFO] [1786903322.834639677] [velocity_path_follower]: waypoint 821 / 5251 도달 (선 이탈 0.13 m)
[velocity_path_follower.py-9] [INFO] [1786903323.284672307] [velocity_path_follower]: waypoint 822 / 5251 도달 (선 이탈 0.03 m)
[velocity_path_follower.py-9] [INFO] [1786903323.734633393] [velocity_path_follower]: waypoint 823 / 5251 도달 (선 이탈 0.18 m)
[velocity_path_follower.py-9] [INFO] [1786903324.134478366] [velocity_path_follower]: waypoint 824 / 5251 도달 (선 이탈 0.30 m)
[velocity_path_follower.py-9] [INFO] [1786903324.534636175] [velocity_path_follower]: waypoint 825 / 5251 도달 (선 이탈 0.41 m)
[velocity_path_follower.py-9] [INFO] [1786903324.984489132] [velocity_path_follower]: waypoint 826 / 5251 도달 (선 이탈 0.51 m)
[velocity_path_follower.py-9] [INFO] [1786903325.384688106] [velocity_path_follower]: waypoint 827 / 5251 도달 (선 이탈 0.58 m)
[velocity_path_follower.py-9] [INFO] [1786903325.784717536] [velocity_path_follower]: waypoint 828 / 5251 도달 (선 이탈 0.64 m)
[velocity_path_follower.py-9] [INFO] [1786903326.184641339] [velocity_path_follower]: waypoint 829 / 5251 도달 (선 이탈 0.68 m)
[velocity_path_follower.py-9] [INFO] [1786903326.584499099] [velocity_path_follower]: waypoint 830 / 5251 도달 (선 이탈 0.70 m)
[velocity_path_follower.py-9] [INFO] [1786903326.984804364] [velocity_path_follower]: waypoint 831 / 5251 도달 (선 이탈 0.71 m)
[velocity_path_follower.py-9] [INFO] [1786903327.084661167] [velocity_path_follower]: 365.0s  wp 832/5251 이탈0.7m  위치 ( -28.96,  -150.81,   7.38)
[velocity_path_follower.py-9] [INFO] [1786903327.384504203] [velocity_path_follower]: waypoint 832 / 5251 도달 (선 이탈 0.70 m)
[velocity_path_follower.py-9] [INFO] [1786903327.784450337] [velocity_path_follower]: waypoint 833 / 5251 도달 (선 이탈 0.68 m)
[velocity_path_follower.py-9] [INFO] [1786903328.184568472] [velocity_path_follower]: waypoint 834 / 5251 도달 (선 이탈 0.64 m)
[velocity_path_follower.py-9] [INFO] [1786903328.585595866] [velocity_path_follower]: waypoint 835 / 5251 도달 (선 이탈 0.60 m)
[velocity_path_follower.py-9] [INFO] [1786903328.939905062] [velocity_path_follower]: waypoint 836 / 5251 도달 (선 이탈 0.55 m)
[velocity_path_follower.py-9] [INFO] [1786903329.339663565] [velocity_path_follower]: waypoint 837 / 5251 도달 (선 이탈 0.48 m)
[velocity_path_follower.py-9] [INFO] [1786903329.739649779] [velocity_path_follower]: waypoint 838 / 5251 도달 (선 이탈 0.41 m)
[velocity_path_follower.py-9] [INFO] [1786903330.089899219] [velocity_path_follower]: waypoint 839 / 5251 도달 (선 이탈 0.34 m)
[velocity_path_follower.py-9] [INFO] [1786903330.489730179] [velocity_path_follower]: waypoint 840 / 5251 도달 (선 이탈 0.27 m)
[velocity_path_follower.py-9] [INFO] [1786903330.889932268] [velocity_path_follower]: waypoint 841 / 5251 도달 (선 이탈 0.19 m)
[velocity_path_follower.py-9] [INFO] [1786903331.239681658] [velocity_path_follower]: waypoint 842 / 5251 도달 (선 이탈 0.12 m)
[velocity_path_follower.py-9] [INFO] [1786903331.639800578] [velocity_path_follower]: waypoint 843 / 5251 도달 (선 이탈 0.04 m)
[velocity_path_follower.py-9] [INFO] [1786903331.989697053] [velocity_path_follower]: waypoint 844 / 5251 도달 (선 이탈 0.02 m)
[velocity_path_follower.py-9] [INFO] [1786903332.089988108] [velocity_path_follower]: 370.0s  wp 845/5251 이탈0.0m  위치 ( -22.42,  -150.06,   7.14)
[velocity_path_follower.py-9] [INFO] [1786903332.342647269] [velocity_path_follower]: waypoint 845 / 5251 도달 (선 이탈 0.09 m)
[velocity_path_follower.py-9] [INFO] [1786903332.742501392] [velocity_path_follower]: waypoint 846 / 5251 도달 (선 이탈 0.15 m)
[velocity_path_follower.py-9] [INFO] [1786903333.092497699] [velocity_path_follower]: waypoint 847 / 5251 도달 (선 이탈 0.20 m)
[velocity_path_follower.py-9] [INFO] [1786903333.444719405] [velocity_path_follower]: waypoint 848 / 5251 도달 (선 이탈 0.24 m)
[velocity_path_follower.py-9] [INFO] [1786903333.844445691] [velocity_path_follower]: waypoint 849 / 5251 도달 (선 이탈 0.29 m)
[velocity_path_follower.py-9] [INFO] [1786903334.196812731] [velocity_path_follower]: waypoint 850 / 5251 도달 (선 이탈 0.31 m)
[velocity_path_follower.py-9] [INFO] [1786903334.546748160] [velocity_path_follower]: waypoint 851 / 5251 도달 (선 이탈 0.34 m)
[velocity_path_follower.py-9] [INFO] [1786903334.897230761] [velocity_path_follower]: waypoint 852 / 5251 도달 (선 이탈 0.35 m)
[velocity_path_follower.py-9] [INFO] [1786903335.297256381] [velocity_path_follower]: waypoint 853 / 5251 도달 (선 이탈 0.36 m)
[velocity_path_follower.py-9] [INFO] [1786903335.646846012] [velocity_path_follower]: waypoint 854 / 5251 도달 (선 이탈 0.36 m)
[velocity_path_follower.py-9] [INFO] [1786903335.996821856] [velocity_path_follower]: waypoint 855 / 5251 도달 (선 이탈 0.36 m)
[velocity_path_follower.py-9] [INFO] [1786903336.346852782] [velocity_path_follower]: waypoint 856 / 5251 도달 (선 이탈 0.35 m)
[velocity_path_follower.py-9] [INFO] [1786903336.696915667] [velocity_path_follower]: waypoint 857 / 5251 도달 (선 이탈 0.33 m)
[velocity_path_follower.py-9] [INFO] [1786903337.096913118] [velocity_path_follower]: waypoint 858 / 5251 도달 (선 이탈 0.31 m)
[velocity_path_follower.py-9] [INFO] [1786903337.146861559] [velocity_path_follower]: 375.1s  wp 859/5251 이탈0.3m  위치 ( -15.47,  -149.79,   7.20)
[velocity_path_follower.py-9] [INFO] [1786903337.446942001] [velocity_path_follower]: waypoint 859 / 5251 도달 (선 이탈 0.28 m)
[velocity_path_follower.py-9] [INFO] [1786903337.796897716] [velocity_path_follower]: waypoint 860 / 5251 도달 (선 이탈 0.25 m)
[velocity_path_follower.py-9] [INFO] [1786903338.146838389] [velocity_path_follower]: waypoint 861 / 5251 도달 (선 이탈 0.22 m)
[velocity_path_follower.py-9] [INFO] [1786903338.499858471] [velocity_path_follower]: waypoint 862 / 5251 도달 (선 이탈 0.19 m)
[ros2-8] [INFO] [1786903338.739451143] [rosbag2_cpp]: Writing remaining messages from cache to the bag. It may take a while
[velocity_path_follower.py-9] [INFO] [1786903338.849960270] [velocity_path_follower]: waypoint 863 / 5251 도달 (선 이탈 0.15 m)
[velocity_path_follower.py-9] [INFO] [1786903339.200127360] [velocity_path_follower]: waypoint 864 / 5251 도달 (선 이탈 0.12 m)
[velocity_path_follower.py-9] [INFO] [1786903339.600180223] [velocity_path_follower]: waypoint 865 / 5251 도달 (선 이탈 0.07 m)
[velocity_path_follower.py-9] [INFO] [1786903339.949938016] [velocity_path_follower]: waypoint 866 / 5251 도달 (선 이탈 0.04 m)
[velocity_path_follower.py-9] [INFO] [1786903340.299959311] [velocity_path_follower]: waypoint 867 / 5251 도달 (선 이탈 0.01 m)
[velocity_path_follower.py-9] [INFO] [1786903340.650002522] [velocity_path_follower]: waypoint 868 / 5251 도달 (선 이탈 0.03 m)
[velocity_path_follower.py-9] [INFO] [1786903340.999977316] [velocity_path_follower]: waypoint 869 / 5251 도달 (선 이탈 0.06 m)
[velocity_path_follower.py-9] [INFO] [1786903341.349910108] [velocity_path_follower]: waypoint 870 / 5251 도달 (선 이탈 0.09 m)
[velocity_path_follower.py-9] [INFO] [1786903341.700145571] [velocity_path_follower]: waypoint 871 / 5251 도달 (선 이탈 0.11 m)
[velocity_path_follower.py-9] [INFO] [1786903342.050043237] [velocity_path_follower]: waypoint 872 / 5251 도달 (선 이탈 0.13 m)
[velocity_path_follower.py-9] [INFO] [1786903342.099923718] [velocity_path_follower]: 380.0s  wp 873/5251 이탈0.1m  위치 (  -8.48,  -150.24,   7.43)
[velocity_path_follower.py-9] [INFO] [1786903342.400028778] [velocity_path_follower]: waypoint 873 / 5251 도달 (선 이탈 0.15 m)
[velocity_path_follower.py-9] [INFO] [1786903342.752643682] [velocity_path_follower]: waypoint 874 / 5251 도달 (선 이탈 0.17 m)
[velocity_path_follower.py-9] [INFO] [1786903343.102415720] [velocity_path_follower]: waypoint 875 / 5251 도달 (선 이탈 0.18 m)
[velocity_path_follower.py-9] [INFO] [1786903343.457854446] [velocity_path_follower]: waypoint 876 / 5251 도달 (선 이탈 0.18 m)
[velocity_path_follower.py-9] [INFO] [1786903343.807350897] [velocity_path_follower]: waypoint 877 / 5251 도달 (선 이탈 0.19 m)
[velocity_path_follower.py-9] [INFO] [1786903344.159742380] [velocity_path_follower]: waypoint 878 / 5251 도달 (선 이탈 0.19 m)
[velocity_path_follower.py-9] [INFO] [1786903344.509619916] [velocity_path_follower]: waypoint 879 / 5251 도달 (선 이탈 0.19 m)
[velocity_path_follower.py-9] [INFO] [1786903344.861764395] [velocity_path_follower]: waypoint 880 / 5251 도달 (선 이탈 0.18 m)
[velocity_path_follower.py-9] [INFO] [1786903345.218646677] [velocity_path_follower]: waypoint 881 / 5251 도달 (선 이탈 0.17 m)
[velocity_path_follower.py-9] [INFO] [1786903345.577578314] [velocity_path_follower]: waypoint 882 / 5251 도달 (선 이탈 0.16 m)
[velocity_path_follower.py-9] [INFO] [1786903345.927680102] [velocity_path_follower]: waypoint 883 / 5251 도달 (선 이탈 0.15 m)
[velocity_path_follower.py-9] [INFO] [1786903346.277756888] [velocity_path_follower]: waypoint 884 / 5251 도달 (선 이탈 0.13 m)
[velocity_path_follower.py-9] [INFO] [1786903346.627795381] [velocity_path_follower]: waypoint 885 / 5251 도달 (선 이탈 0.12 m)
[velocity_path_follower.py-9] [INFO] [1786903346.977685582] [velocity_path_follower]: waypoint 886 / 5251 도달 (선 이탈 0.10 m)
[velocity_path_follower.py-9] [INFO] [1786903347.127590107] [velocity_path_follower]: 385.0s  wp 887/5251 이탈0.1m  위치 (  -1.37,  -150.19,   7.66)
[velocity_path_follower.py-9] [INFO] [1786903347.327715324] [velocity_path_follower]: waypoint 887 / 5251 도달 (선 이탈 0.08 m)
[velocity_path_follower.py-9] [INFO] [1786903347.679814047] [velocity_path_follower]: waypoint 888 / 5251 도달 (선 이탈 0.06 m)
[velocity_path_follower.py-9] [INFO] [1786903348.032603362] [velocity_path_follower]: waypoint 889 / 5251 도달 (선 이탈 0.04 m)
[velocity_path_follower.py-9] [INFO] [1786903348.382679311] [velocity_path_follower]: waypoint 890 / 5251 도달 (선 이탈 0.02 m)
[velocity_path_follower.py-9] [INFO] [1786903348.734995411] [velocity_path_follower]: waypoint 891 / 5251 도달 (선 이탈 0.00 m)
[velocity_path_follower.py-9] [INFO] [1786903349.085157486] [velocity_path_follower]: waypoint 892 / 5251 도달 (선 이탈 0.01 m)
[velocity_path_follower.py-9] [INFO] [1786903349.447075567] [velocity_path_follower]: waypoint 893 / 5251 도달 (선 이탈 0.03 m)
[velocity_path_follower.py-9] [INFO] [1786903349.796766385] [velocity_path_follower]: waypoint 894 / 5251 도달 (선 이탈 0.05 m)
[velocity_path_follower.py-9] [INFO] [1786903350.146897124] [velocity_path_follower]: waypoint 895 / 5251 도달 (선 이탈 0.06 m)
[velocity_path_follower.py-9] [INFO] [1786903350.496653442] [velocity_path_follower]: waypoint 896 / 5251 도달 (선 이탈 0.07 m)
[velocity_path_follower.py-9] [INFO] [1786903350.849444877] [velocity_path_follower]: waypoint 897 / 5251 도달 (선 이탈 0.08 m)
[velocity_path_follower.py-9] [INFO] [1786903351.199710741] [velocity_path_follower]: waypoint 898 / 5251 도달 (선 이탈 0.09 m)
[velocity_path_follower.py-9] [INFO] [1786903351.549499599] [velocity_path_follower]: waypoint 899 / 5251 도달 (선 이탈 0.09 m)
[velocity_path_follower.py-9] [INFO] [1786903351.899511209] [velocity_path_follower]: waypoint 900 / 5251 도달 (선 이탈 0.10 m)
[velocity_path_follower.py-9] [INFO] [1786903352.149163938] [velocity_path_follower]: 390.0s  wp 901/5251 이탈0.1m  위치 (   5.80,  -150.00,  11.19)
[velocity_path_follower.py-9] [INFO] [1786903352.251617092] [velocity_path_follower]: waypoint 901 / 5251 도달 (선 이탈 0.10 m)
[velocity_path_follower.py-9] [INFO] [1786903352.603482389] [velocity_path_follower]: waypoint 902 / 5251 도달 (선 이탈 0.10 m)
[velocity_path_follower.py-9] [INFO] [1786903352.953452039] [velocity_path_follower]: waypoint 903 / 5251 도달 (선 이탈 0.10 m)
[velocity_path_follower.py-9] [INFO] [1786903353.253717461] [velocity_path_follower]: waypoint 904 / 5251 도달 (선 이탈 0.09 m)
[velocity_path_follower.py-9] [INFO] [1786903353.603460441] [velocity_path_follower]: waypoint 905 / 5251 도달 (선 이탈 0.09 m)
[velocity_path_follower.py-9] [INFO] [1786903354.003460111] [velocity_path_follower]: waypoint 906 / 5251 도달 (선 이탈 0.08 m)
[velocity_path_follower.py-9] [INFO] [1786903354.305392675] [velocity_path_follower]: waypoint 907 / 5251 도달 (선 이탈 0.08 m)
[velocity_path_follower.py-9] [INFO] [1786903354.705675722] [velocity_path_follower]: waypoint 908 / 5251 도달 (선 이탈 0.07 m)
[velocity_path_follower.py-9] [INFO] [1786903355.005465887] [velocity_path_follower]: waypoint 909 / 5251 도달 (선 이탈 0.06 m)
[velocity_path_follower.py-9] [INFO] [1786903355.355621118] [velocity_path_follower]: waypoint 910 / 5251 도달 (선 이탈 0.05 m)
[velocity_path_follower.py-9] [INFO] [1786903355.705519804] [velocity_path_follower]: waypoint 911 / 5251 도달 (선 이탈 0.04 m)
[velocity_path_follower.py-9] [INFO] [1786903356.058234272] [velocity_path_follower]: waypoint 912 / 5251 도달 (선 이탈 0.03 m)
[velocity_path_follower.py-9] [INFO] [1786903356.410625818] [velocity_path_follower]: waypoint 913 / 5251 도달 (선 이탈 0.02 m)
[velocity_path_follower.py-9] [INFO] [1786903356.760691630] [velocity_path_follower]: waypoint 914 / 5251 도달 (선 이탈 0.01 m)
[velocity_path_follower.py-9] [INFO] [1786903357.113705307] [velocity_path_follower]: waypoint 915 / 5251 도달 (선 이탈 0.00 m)
[velocity_path_follower.py-9] [INFO] [1786903357.163513992] [velocity_path_follower]: 395.0s  wp 916/5251 이탈0.0m  위치 (  13.03,  -150.10,  12.96)
[velocity_path_follower.py-9] [INFO] [1786903357.463498489] [velocity_path_follower]: waypoint 916 / 5251 도달 (선 이탈 0.00 m)
[velocity_path_follower.py-9] [INFO] [1786903357.813642759] [velocity_path_follower]: waypoint 917 / 5251 도달 (선 이탈 0.01 m)
[velocity_path_follower.py-9] [INFO] [1786903358.163463399] [velocity_path_follower]: waypoint 918 / 5251 도달 (선 이탈 0.02 m)
[velocity_path_follower.py-9] [INFO] [1786903358.513860544] [velocity_path_follower]: waypoint 919 / 5251 도달 (선 이탈 0.03 m)
[velocity_path_follower.py-9] [INFO] [1786903358.863671683] [velocity_path_follower]: waypoint 920 / 5251 도달 (선 이탈 0.03 m)
[velocity_path_follower.py-9] [INFO] [1786903359.213501655] [velocity_path_follower]: waypoint 921 / 5251 도달 (선 이탈 0.04 m)
[velocity_path_follower.py-9] [INFO] [1786903359.565612860] [velocity_path_follower]: waypoint 922 / 5251 도달 (선 이탈 0.04 m)
[velocity_path_follower.py-9] [INFO] [1786903359.915847460] [velocity_path_follower]: waypoint 923 / 5251 도달 (선 이탈 0.05 m)
[velocity_path_follower.py-9] [INFO] [1786903360.215646202] [velocity_path_follower]: waypoint 924 / 5251 도달 (선 이탈 0.05 m)
[velocity_path_follower.py-9] [INFO] [1786903360.617892343] [velocity_path_follower]: waypoint 925 / 5251 도달 (선 이탈 0.05 m)
[velocity_path_follower.py-9] [INFO] [1786903360.920058777] [velocity_path_follower]: waypoint 926 / 5251 도달 (선 이탈 0.05 m)
[velocity_path_follower.py-9] [INFO] [1786903361.274068417] [velocity_path_follower]: waypoint 927 / 5251 도달 (선 이탈 0.05 m)
[velocity_path_follower.py-9] [INFO] [1786903361.626507331] [velocity_path_follower]: waypoint 928 / 5251 도달 (선 이탈 0.05 m)
[velocity_path_follower.py-9] [INFO] [1786903361.976805013] [velocity_path_follower]: waypoint 929 / 5251 도달 (선 이탈 0.05 m)
[velocity_path_follower.py-9] [INFO] [1786903362.180150002] [velocity_path_follower]: 400.0s  wp 930/5251 이탈0.0m  위치 (  20.20,  -150.15,  10.92)
[velocity_path_follower.py-9] [INFO] [1786903362.330304437] [velocity_path_follower]: waypoint 930 / 5251 도달 (선 이탈 0.04 m)
[velocity_path_follower.py-9] [INFO] [1786903362.680264447] [velocity_path_follower]: waypoint 931 / 5251 도달 (선 이탈 0.04 m)
[velocity_path_follower.py-9] [INFO] [1786903363.030359041] [velocity_path_follower]: waypoint 932 / 5251 도달 (선 이탈 0.04 m)
[velocity_path_follower.py-9] [INFO] [1786903363.384702848] [velocity_path_follower]: waypoint 933 / 5251 도달 (선 이탈 0.03 m)
[velocity_path_follower.py-9] [INFO] [1786903363.736506668] [velocity_path_follower]: waypoint 934 / 5251 도달 (선 이탈 0.03 m)
[velocity_path_follower.py-9] [INFO] [1786903364.095285150] [velocity_path_follower]: waypoint 935 / 5251 도달 (선 이탈 0.02 m)
[velocity_path_follower.py-9] [INFO] [1786903364.395154636] [velocity_path_follower]: waypoint 936 / 5251 도달 (선 이탈 0.02 m)
[velocity_path_follower.py-9] [INFO] [1786903364.795158662] [velocity_path_follower]: waypoint 937 / 5251 도달 (선 이탈 0.01 m)
[velocity_path_follower.py-9] [INFO] [1786903365.148165077] [velocity_path_follower]: waypoint 938 / 5251 도달 (선 이탈 0.01 m)
[velocity_path_follower.py-9] [INFO] [1786903365.449675622] [velocity_path_follower]: waypoint 939 / 5251 도달 (선 이탈 0.00 m)
[velocity_path_follower.py-9] [INFO] [1786903365.849470477] [velocity_path_follower]: waypoint 940 / 5251 도달 (선 이탈 0.00 m)
[velocity_path_follower.py-9] [INFO] [1786903366.151597362] [velocity_path_follower]: waypoint 941 / 5251 도달 (선 이탈 0.01 m)
[velocity_path_follower.py-9] [INFO] [1786903366.503902017] [velocity_path_follower]: waypoint 942 / 5251 도달 (선 이탈 0.01 m)
[velocity_path_follower.py-9] [INFO] [1786903366.856462008] [velocity_path_follower]: waypoint 943 / 5251 도달 (선 이탈 0.01 m)
[velocity_path_follower.py-9] [INFO] [1786903367.209087540] [velocity_path_follower]: waypoint 944 / 5251 도달 (선 이탈 0.02 m)
[velocity_path_follower.py-9] [INFO] [1786903367.259099850] [velocity_path_follower]: 405.1s  wp 945/5251 이탈0.0m  위치 (  27.50,  -150.08,  10.68)
[velocity_path_follower.py-9] [INFO] [1786903367.558946999] [velocity_path_follower]: waypoint 945 / 5251 도달 (선 이탈 0.02 m)
[velocity_path_follower.py-9] [INFO] [1786903367.908813083] [velocity_path_follower]: waypoint 946 / 5251 도달 (선 이탈 0.02 m)
[velocity_path_follower.py-9] [INFO] [1786903368.263504970] [velocity_path_follower]: waypoint 947 / 5251 도달 (선 이탈 0.03 m)
[velocity_path_follower.py-9] [INFO] [1786903368.613468554] [velocity_path_follower]: waypoint 948 / 5251 도달 (선 이탈 0.03 m)
[velocity_path_follower.py-9] [INFO] [1786903368.963673849] [velocity_path_follower]: waypoint 949 / 5251 도달 (선 이탈 0.03 m)
[velocity_path_follower.py-9] [INFO] [1786903369.313670973] [velocity_path_follower]: waypoint 950 / 5251 도달 (선 이탈 0.03 m)
[velocity_path_follower.py-9] [INFO] [1786903369.676752452] [velocity_path_follower]: waypoint 951 / 5251 도달 (선 이탈 0.03 m)
[velocity_path_follower.py-9] [INFO] [1786903370.021689645] [velocity_path_follower]: waypoint 952 / 5251 도달 (선 이탈 0.03 m)
[velocity_path_follower.py-9] [INFO] [1786903370.371861603] [velocity_path_follower]: waypoint 953 / 5251 도달 (선 이탈 0.03 m)
[velocity_path_follower.py-9] [INFO] [1786903370.671747665] [velocity_path_follower]: waypoint 954 / 5251 도달 (선 이탈 0.03 m)
[velocity_path_follower.py-9] [INFO] [1786903371.071722971] [velocity_path_follower]: waypoint 955 / 5251 도달 (선 이탈 0.02 m)
[velocity_path_follower.py-9] [INFO] [1786903371.371750159] [velocity_path_follower]: waypoint 956 / 5251 도달 (선 이탈 0.02 m)
[velocity_path_follower.py-9] [INFO] [1786903371.721860823] [velocity_path_follower]: waypoint 957 / 5251 도달 (선 이탈 0.02 m)
[velocity_path_follower.py-9] [INFO] [1786903372.073688173] [velocity_path_follower]: waypoint 958 / 5251 도달 (선 이탈 0.02 m)
[velocity_path_follower.py-9] [INFO] [1786903372.223389137] [velocity_path_follower]: 410.0s  wp 959/5251 이탈0.0m  위치 (  34.62,  -150.08,   8.77)
[velocity_path_follower.py-9] [INFO] [1786903372.423500124] [velocity_path_follower]: waypoint 959 / 5251 도달 (선 이탈 0.01 m)
[velocity_path_follower.py-9] [INFO] [1786903372.775758519] [velocity_path_follower]: waypoint 960 / 5251 도달 (선 이탈 0.01 m)
[velocity_path_follower.py-9] [INFO] [1786903373.125783305] [velocity_path_follower]: waypoint 961 / 5251 도달 (선 이탈 0.01 m)
[velocity_path_follower.py-9] [INFO] [1786903373.475689672] [velocity_path_follower]: waypoint 962 / 5251 도달 (선 이탈 0.01 m)
[velocity_path_follower.py-9] [INFO] [1786903373.825872626] [velocity_path_follower]: waypoint 963 / 5251 도달 (선 이탈 0.00 m)
[velocity_path_follower.py-9] [INFO] [1786903374.175728825] [velocity_path_follower]: waypoint 964 / 5251 도달 (선 이탈 0.00 m)
[velocity_path_follower.py-9] [INFO] [1786903374.525755234] [velocity_path_follower]: waypoint 965 / 5251 도달 (선 이탈 0.00 m)
[velocity_path_follower.py-9] [INFO] [1786903374.875698933] [velocity_path_follower]: waypoint 966 / 5251 도달 (선 이탈 0.00 m)
[velocity_path_follower.py-9] [INFO] [1786903375.225484213] [velocity_path_follower]: waypoint 967 / 5251 도달 (선 이탈 0.01 m)
[velocity_path_follower.py-9] [INFO] [1786903375.529780443] [velocity_path_follower]: waypoint 968 / 5251 도달 (선 이탈 0.01 m)
[velocity_path_follower.py-9] [INFO] [1786903375.929510322] [velocity_path_follower]: waypoint 969 / 5251 도달 (선 이탈 0.01 m)
[velocity_path_follower.py-9] [INFO] [1786903376.280316320] [velocity_path_follower]: waypoint 970 / 5251 도달 (선 이탈 0.01 m)
[velocity_path_follower.py-9] [INFO] [1786903376.579829829] [velocity_path_follower]: waypoint 971 / 5251 도달 (선 이탈 0.01 m)
[velocity_path_follower.py-9] [INFO] [1786903376.929518814] [velocity_path_follower]: waypoint 972 / 5251 도달 (선 이탈 0.01 m)
[velocity_path_follower.py-9] [INFO] [1786903377.229297283] [velocity_path_follower]: 415.0s  wp 973/5251 이탈0.0m  위치 (  41.83,  -150.11,   8.41)
[velocity_path_follower.py-9] [INFO] [1786903377.279414842] [velocity_path_follower]: waypoint 973 / 5251 도달 (선 이탈 0.01 m)
[velocity_path_follower.py-9] [INFO] [1786903377.629736333] [velocity_path_follower]: waypoint 974 / 5251 도달 (선 이탈 0.01 m)
[velocity_path_follower.py-9] [INFO] [1786903377.981485257] [velocity_path_follower]: waypoint 975 / 5251 도달 (선 이탈 0.01 m)
[velocity_path_follower.py-9] [INFO] [1786903378.331485117] [velocity_path_follower]: waypoint 976 / 5251 도달 (선 이탈 0.01 m)
[velocity_path_follower.py-9] [INFO] [1786903378.681474145] [velocity_path_follower]: waypoint 977 / 5251 도달 (선 이탈 0.01 m)
[velocity_path_follower.py-9] [INFO] [1786903379.031566881] [velocity_path_follower]: waypoint 978 / 5251 도달 (선 이탈 0.01 m)
[velocity_path_follower.py-9] [INFO] [1786903379.381739576] [velocity_path_follower]: waypoint 979 / 5251 도달 (선 이탈 0.01 m)
[velocity_path_follower.py-9] [INFO] [1786903379.731643393] [velocity_path_follower]: waypoint 980 / 5251 도달 (선 이탈 0.01 m)
[velocity_path_follower.py-9] [INFO] [1786903380.036176453] [velocity_path_follower]: waypoint 981 / 5251 도달 (선 이탈 0.01 m)
[velocity_path_follower.py-9] [INFO] [1786903380.437016461] [velocity_path_follower]: waypoint 982 / 5251 도달 (선 이탈 0.01 m)
[velocity_path_follower.py-9] [INFO] [1786903380.787055486] [velocity_path_follower]: waypoint 983 / 5251 도달 (선 이탈 0.01 m)
[velocity_path_follower.py-9] [INFO] [1786903381.087008452] [velocity_path_follower]: waypoint 984 / 5251 도달 (선 이탈 0.01 m)
[velocity_path_follower.py-9] [INFO] [1786903381.487083533] [velocity_path_follower]: waypoint 985 / 5251 도달 (선 이탈 0.00 m)
[velocity_path_follower.py-9] [INFO] [1786903381.789491943] [velocity_path_follower]: waypoint 986 / 5251 도달 (선 이탈 0.00 m)
[velocity_path_follower.py-9] [INFO] [1786903382.142164162] [velocity_path_follower]: waypoint 987 / 5251 도달 (선 이탈 0.00 m)
[velocity_path_follower.py-9] [INFO] [1786903382.242115441] [velocity_path_follower]: 420.0s  wp 988/5251 이탈0.0m  위치 (  49.08,  -150.10,  10.92)
[velocity_path_follower.py-9] [INFO] [1786903382.491924514] [velocity_path_follower]: waypoint 988 / 5251 도달 (선 이탈 0.00 m)
[velocity_path_follower.py-9] [INFO] [1786903382.842005036] [velocity_path_follower]: waypoint 989 / 5251 도달 (선 이탈 0.00 m)
[velocity_path_follower.py-9] [INFO] [1786903383.194713337] [velocity_path_follower]: waypoint 990 / 5251 도달 (선 이탈 0.00 m)
[velocity_path_follower.py-9] [INFO] [1786903383.544521730] [velocity_path_follower]: waypoint 991 / 5251 도달 (선 이탈 0.00 m)
[velocity_path_follower.py-9] [INFO] [1786903383.894683294] [velocity_path_follower]: waypoint 992 / 5251 도달 (선 이탈 0.01 m)
[velocity_path_follower.py-9] [INFO] [1786903384.246493166] [velocity_path_follower]: waypoint 993 / 5251 도달 (선 이탈 0.01 m)
[velocity_path_follower.py-9] [INFO] [1786903384.596793438] [velocity_path_follower]: waypoint 994 / 5251 도달 (선 이탈 0.01 m)
[velocity_path_follower.py-9] [INFO] [1786903384.946573704] [velocity_path_follower]: waypoint 995 / 5251 도달 (선 이탈 0.01 m)
[velocity_path_follower.py-9] [INFO] [1786903385.246719542] [velocity_path_follower]: waypoint 996 / 5251 도달 (선 이탈 0.01 m)
[velocity_path_follower.py-9] [INFO] [1786903385.646703823] [velocity_path_follower]: waypoint 997 / 5251 도달 (선 이탈 0.01 m)
[velocity_path_follower.py-9] [INFO] [1786903385.996648840] [velocity_path_follower]: waypoint 998 / 5251 도달 (선 이탈 0.01 m)
[velocity_path_follower.py-9] [INFO] [1786903386.296656716] [velocity_path_follower]: waypoint 999 / 5251 도달 (선 이탈 0.01 m)
[velocity_path_follower.py-9] [INFO] [1786903386.647312698] [velocity_path_follower]: waypoint 1000 / 5251 도달 (선 이탈 0.01 m)
[velocity_path_follower.py-9] [INFO] [1786903386.996681581] [velocity_path_follower]: waypoint 1001 / 5251 도달 (선 이탈 0.01 m)
[velocity_path_follower.py-9] [INFO] [1786903387.246696735] [velocity_path_follower]: 425.0s  wp 1002/5251 이탈0.0m  위치 (  56.26,  -150.09,  13.97)
[velocity_path_follower.py-9] [INFO] [1786903387.346947265] [velocity_path_follower]: waypoint 1002 / 5251 도달 (선 이탈 0.01 m)
[velocity_path_follower.py-9] [INFO] [1786903387.696600776] [velocity_path_follower]: waypoint 1003 / 5251 도달 (선 이탈 0.01 m)
[velocity_path_follower.py-9] [INFO] [1786903388.046765208] [velocity_path_follower]: waypoint 1004 / 5251 도달 (선 이탈 0.01 m)
[velocity_path_follower.py-9] [INFO] [1786903388.396590386] [velocity_path_follower]: waypoint 1005 / 5251 도달 (선 이탈 0.01 m)
[velocity_path_follower.py-9] [INFO] [1786903388.747013486] [velocity_path_follower]: waypoint 1006 / 5251 도달 (선 이탈 0.01 m)
[velocity_path_follower.py-9] [INFO] [1786903389.096630869] [velocity_path_follower]: waypoint 1007 / 5251 도달 (선 이탈 0.00 m)
[velocity_path_follower.py-9] [INFO] [1786903389.446890800] [velocity_path_follower]: waypoint 1008 / 5251 도달 (선 이탈 0.00 m)
[velocity_path_follower.py-9] [INFO] [1786903389.796758477] [velocity_path_follower]: waypoint 1009 / 5251 도달 (선 이탈 0.00 m)
[velocity_path_follower.py-9] [INFO] [1786903392.246495787] [velocity_path_follower]: 430.0s  wp 1010/5251 이탈1.6m  위치 (  63.01,  -149.41,  10.17)
[velocity_path_follower.py-9] [INFO] [1786903394.896680711] [velocity_path_follower]: waypoint 1010 / 5251 도달 (선 이탈 2.95 m)
[velocity_path_follower.py-9] [INFO] [1786903397.246732033] [velocity_path_follower]: 435.0s  wp 1012/5251 이탈0.3m  위치 (  63.97,  -145.81,   8.12)
[velocity_path_follower.py-9] [INFO] [1786903399.696693396] [velocity_path_follower]: waypoint 1012 / 5251 도달 (선 이탈 1.36 m)
[velocity_path_follower.py-9] [INFO] [1786903400.346727794] [velocity_path_follower]: waypoint 1013 / 5251 도달 (선 이탈 1.44 m)
[velocity_path_follower.py-9] [INFO] [1786903400.950918309] [velocity_path_follower]: waypoint 1014 / 5251 도달 (선 이탈 1.45 m)
[velocity_path_follower.py-9] [INFO] [1786903401.499347205] [velocity_path_follower]: waypoint 1015 / 5251 도달 (선 이탈 1.41 m)
[velocity_path_follower.py-9] [INFO] [1786903402.098784789] [velocity_path_follower]: waypoint 1016 / 5251 도달 (선 이탈 1.31 m)
[velocity_path_follower.py-9] [INFO] [1786903402.248664904] [velocity_path_follower]: 440.0s  wp 1017/5251 이탈1.3m  위치 (  60.22,  -144.82,  11.24)
[velocity_path_follower.py-9] [INFO] [1786903402.598680813] [velocity_path_follower]: waypoint 1017 / 5251 도달 (선 이탈 1.19 m)
[velocity_path_follower.py-9] [INFO] [1786903403.148778016] [velocity_path_follower]: waypoint 1018 / 5251 도달 (선 이탈 1.04 m)
[velocity_path_follower.py-9] [INFO] [1786903403.648996209] [velocity_path_follower]: waypoint 1019 / 5251 도달 (선 이탈 0.88 m)
[velocity_path_follower.py-9] [INFO] [1786903404.148905980] [velocity_path_follower]: waypoint 1020 / 5251 도달 (선 이탈 0.69 m)
[velocity_path_follower.py-9] [INFO] [1786903404.648868792] [velocity_path_follower]: waypoint 1021 / 5251 도달 (선 이탈 0.51 m)
[velocity_path_follower.py-9] [INFO] [1786903405.098827802] [velocity_path_follower]: waypoint 1022 / 5251 도달 (선 이탈 0.33 m)
[velocity_path_follower.py-9] [INFO] [1786903405.548788144] [velocity_path_follower]: waypoint 1023 / 5251 도달 (선 이탈 0.17 m)
[velocity_path_follower.py-9] [INFO] [1786903405.998774694] [velocity_path_follower]: waypoint 1024 / 5251 도달 (선 이탈 0.00 m)
[velocity_path_follower.py-9] [INFO] [1786903406.449013329] [velocity_path_follower]: waypoint 1025 / 5251 도달 (선 이탈 0.15 m)
[velocity_path_follower.py-9] [INFO] [1786903406.900931607] [velocity_path_follower]: waypoint 1026 / 5251 도달 (선 이탈 0.29 m)
[velocity_path_follower.py-9] [INFO] [1786903407.250871009] [velocity_path_follower]: 445.0s  wp 1027/5251 이탈0.4m  위치 (  54.93,  -146.48,  13.67)
[velocity_path_follower.py-9] [INFO] [1786903407.301046979] [velocity_path_follower]: waypoint 1027 / 5251 도달 (선 이탈 0.40 m)
[velocity_path_follower.py-9] [INFO] [1786903407.700848639] [velocity_path_follower]: waypoint 1028 / 5251 도달 (선 이탈 0.49 m)
[velocity_path_follower.py-9] [INFO] [1786903408.100852593] [velocity_path_follower]: waypoint 1029 / 5251 도달 (선 이탈 0.57 m)
[velocity_path_follower.py-9] [INFO] [1786903408.500915087] [velocity_path_follower]: waypoint 1030 / 5251 도달 (선 이탈 0.63 m)
[velocity_path_follower.py-9] [INFO] [1786903408.900770746] [velocity_path_follower]: waypoint 1031 / 5251 도달 (선 이탈 0.67 m)
[velocity_path_follower.py-9] [INFO] [1786903409.300891323] [velocity_path_follower]: waypoint 1032 / 5251 도달 (선 이탈 0.70 m)
[velocity_path_follower.py-9] [INFO] [1786903409.700848398] [velocity_path_follower]: waypoint 1033 / 5251 도달 (선 이탈 0.71 m)
[velocity_path_follower.py-9] [INFO] [1786903410.100861057] [velocity_path_follower]: waypoint 1034 / 5251 도달 (선 이탈 0.71 m)
[velocity_path_follower.py-9] [INFO] [1786903410.500902173] [velocity_path_follower]: waypoint 1035 / 5251 도달 (선 이탈 0.69 m)
[velocity_path_follower.py-9] [INFO] [1786903410.900821704] [velocity_path_follower]: waypoint 1036 / 5251 도달 (선 이탈 0.66 m)
[velocity_path_follower.py-9] [INFO] [1786903411.300945028] [velocity_path_follower]: waypoint 1037 / 5251 도달 (선 이탈 0.61 m)
[velocity_path_follower.py-9] [INFO] [1786903411.700922642] [velocity_path_follower]: waypoint 1038 / 5251 도달 (선 이탈 0.56 m)
[velocity_path_follower.py-9] [INFO] [1786903412.050834621] [velocity_path_follower]: waypoint 1039 / 5251 도달 (선 이탈 0.51 m)
[velocity_path_follower.py-9] [INFO] [1786903412.251015950] [velocity_path_follower]: 450.0s  wp 1040/5251 이탈0.5m  위치 (  48.64,  -146.57,  12.46)
[velocity_path_follower.py-9] [INFO] [1786903412.451061736] [velocity_path_follower]: waypoint 1040 / 5251 도달 (선 이탈 0.43 m)
[velocity_path_follower.py-9] [INFO] [1786903412.854676221] [velocity_path_follower]: waypoint 1041 / 5251 도달 (선 이탈 0.36 m)
[velocity_path_follower.py-9] [INFO] [1786903413.205070662] [velocity_path_follower]: waypoint 1042 / 5251 도달 (선 이탈 0.30 m)
[velocity_path_follower.py-9] [INFO] [1786903413.604615809] [velocity_path_follower]: waypoint 1043 / 5251 도달 (선 이탈 0.22 m)
[velocity_path_follower.py-9] [INFO] [1786903413.954802622] [velocity_path_follower]: waypoint 1044 / 5251 도달 (선 이탈 0.15 m)
[velocity_path_follower.py-9] [INFO] [1786903414.354812940] [velocity_path_follower]: waypoint 1045 / 5251 도달 (선 이탈 0.07 m)
[velocity_path_follower.py-9] [INFO] [1786903414.707324360] [velocity_path_follower]: waypoint 1046 / 5251 도달 (선 이탈 0.00 m)
[velocity_path_follower.py-9] [INFO] [1786903415.107296718] [velocity_path_follower]: waypoint 1047 / 5251 도달 (선 이탈 0.07 m)
[velocity_path_follower.py-9] [INFO] [1786903415.457278984] [velocity_path_follower]: waypoint 1048 / 5251 도달 (선 이탈 0.12 m)
[velocity_path_follower.py-9] [INFO] [1786903415.807285167] [velocity_path_follower]: waypoint 1049 / 5251 도달 (선 이탈 0.18 m)
[velocity_path_follower.py-9] [INFO] [1786903416.207350650] [velocity_path_follower]: waypoint 1050 / 5251 도달 (선 이탈 0.23 m)
[velocity_path_follower.py-9] [INFO] [1786903416.559485021] [velocity_path_follower]: waypoint 1051 / 5251 도달 (선 이탈 0.27 m)
[velocity_path_follower.py-9] [INFO] [1786903416.919462521] [velocity_path_follower]: waypoint 1052 / 5251 도달 (선 이탈 0.30 m)
[velocity_path_follower.py-9] [INFO] [1786903417.269428409] [velocity_path_follower]: 455.0s  wp 1053/5251 이탈0.3m  위치 (  41.92,  -145.77,   8.96)
[velocity_path_follower.py-9] [INFO] [1786903417.319498084] [velocity_path_follower]: waypoint 1053 / 5251 도달 (선 이탈 0.33 m)
[velocity_path_follower.py-9] [INFO] [1786903417.669761059] [velocity_path_follower]: waypoint 1054 / 5251 도달 (선 이탈 0.35 m)
[velocity_path_follower.py-9] [INFO] [1786903418.019467277] [velocity_path_follower]: waypoint 1055 / 5251 도달 (선 이탈 0.36 m)
[velocity_path_follower.py-9] [INFO] [1786903418.369472706] [velocity_path_follower]: waypoint 1056 / 5251 도달 (선 이탈 0.36 m)
[velocity_path_follower.py-9] [INFO] [1786903418.719665303] [velocity_path_follower]: waypoint 1057 / 5251 도달 (선 이탈 0.36 m)
[velocity_path_follower.py-9] [INFO] [1786903419.069682690] [velocity_path_follower]: waypoint 1058 / 5251 도달 (선 이탈 0.35 m)
[velocity_path_follower.py-9] [INFO] [1786903419.469642457] [velocity_path_follower]: waypoint 1059 / 5251 도달 (선 이탈 0.34 m)
[velocity_path_follower.py-9] [INFO] [1786903419.819498008] [velocity_path_follower]: waypoint 1060 / 5251 도달 (선 이탈 0.32 m)
[velocity_path_follower.py-9] [INFO] [1786903420.169787855] [velocity_path_follower]: waypoint 1061 / 5251 도달 (선 이탈 0.29 m)
[velocity_path_follower.py-9] [INFO] [1786903420.519467860] [velocity_path_follower]: waypoint 1062 / 5251 도달 (선 이탈 0.27 m)
[velocity_path_follower.py-9] [INFO] [1786903420.869880499] [velocity_path_follower]: waypoint 1063 / 5251 도달 (선 이탈 0.23 m)
[velocity_path_follower.py-9] [INFO] [1786903421.271598783] [velocity_path_follower]: waypoint 1064 / 5251 도달 (선 이탈 0.20 m)
[velocity_path_follower.py-9] [INFO] [1786903421.621776126] [velocity_path_follower]: waypoint 1065 / 5251 도달 (선 이탈 0.16 m)
[velocity_path_follower.py-9] [INFO] [1786903421.971620966] [velocity_path_follower]: waypoint 1066 / 5251 도달 (선 이탈 0.12 m)
[velocity_path_follower.py-9] [INFO] [1786903422.271626091] [velocity_path_follower]: 460.0s  wp 1067/5251 이탈0.1m  위치 (  34.95,  -146.01,   7.77)
[velocity_path_follower.py-9] [INFO] [1786903422.321766349] [velocity_path_follower]: waypoint 1067 / 5251 도달 (선 이탈 0.09 m)
[velocity_path_follower.py-9] [INFO] [1786903422.671785106] [velocity_path_follower]: waypoint 1068 / 5251 도달 (선 이탈 0.05 m)
[velocity_path_follower.py-9] [INFO] [1786903423.023811676] [velocity_path_follower]: waypoint 1069 / 5251 도달 (선 이탈 0.02 m)
[velocity_path_follower.py-9] [INFO] [1786903423.375726119] [velocity_path_follower]: waypoint 1070 / 5251 도달 (선 이탈 0.02 m)
[velocity_path_follower.py-9] [INFO] [1786903423.725817625] [velocity_path_follower]: waypoint 1071 / 5251 도달 (선 이탈 0.05 m)
[velocity_path_follower.py-9] [INFO] [1786903424.125731052] [velocity_path_follower]: waypoint 1072 / 5251 도달 (선 이탈 0.08 m)
[velocity_path_follower.py-9] [INFO] [1786903424.425781341] [velocity_path_follower]: waypoint 1073 / 5251 도달 (선 이탈 0.11 m)
[velocity_path_follower.py-9] [INFO] [1786903424.825828310] [velocity_path_follower]: waypoint 1074 / 5251 도달 (선 이탈 0.13 m)
[velocity_path_follower.py-9] [INFO] [1786903425.125809390] [velocity_path_follower]: waypoint 1075 / 5251 도달 (선 이탈 0.15 m)
[velocity_path_follower.py-9] [INFO] [1786903425.525788565] [velocity_path_follower]: waypoint 1076 / 5251 도달 (선 이탈 0.17 m)
[velocity_path_follower.py-9] [INFO] [1786903425.876078321] [velocity_path_follower]: waypoint 1077 / 5251 도달 (선 이탈 0.18 m)
[velocity_path_follower.py-9] [INFO] [1786903426.225816278] [velocity_path_follower]: waypoint 1078 / 5251 도달 (선 이탈 0.19 m)
[velocity_path_follower.py-9] [INFO] [1786903426.575696778] [velocity_path_follower]: waypoint 1079 / 5251 도달 (선 이탈 0.19 m)
[velocity_path_follower.py-9] [INFO] [1786903426.928493768] [velocity_path_follower]: waypoint 1080 / 5251 도달 (선 이탈 0.19 m)
[velocity_path_follower.py-9] [INFO] [1786903427.278472184] [velocity_path_follower]: waypoint 1081 / 5251 도달 (선 이탈 0.19 m)
[velocity_path_follower.py-9] [INFO] [1786903427.328408398] [velocity_path_follower]: 465.1s  wp 1082/5251 이탈0.2m  위치 (  27.77,  -146.29,   9.03)
[velocity_path_follower.py-9] [INFO] [1786903427.630662041] [velocity_path_follower]: waypoint 1082 / 5251 도달 (선 이탈 0.18 m)
[velocity_path_follower.py-9] [INFO] [1786903427.980681666] [velocity_path_follower]: waypoint 1083 / 5251 도달 (선 이탈 0.18 m)
[velocity_path_follower.py-9] [INFO] [1786903428.334590249] [velocity_path_follower]: waypoint 1084 / 5251 도달 (선 이탈 0.17 m)
[velocity_path_follower.py-9] [INFO] [1786903428.687887158] [velocity_path_follower]: waypoint 1085 / 5251 도달 (선 이탈 0.15 m)
[velocity_path_follower.py-9] [INFO] [1786903428.989747838] [velocity_path_follower]: waypoint 1086 / 5251 도달 (선 이탈 0.14 m)
[velocity_path_follower.py-9] [INFO] [1786903429.389692881] [velocity_path_follower]: waypoint 1087 / 5251 도달 (선 이탈 0.12 m)
[velocity_path_follower.py-9] [INFO] [1786903429.739742254] [velocity_path_follower]: waypoint 1088 / 5251 도달 (선 이탈 0.10 m)
[velocity_path_follower.py-9] [INFO] [1786903430.089796293] [velocity_path_follower]: waypoint 1089 / 5251 도달 (선 이탈 0.09 m)
[velocity_path_follower.py-9] [INFO] [1786903430.439907706] [velocity_path_follower]: waypoint 1090 / 5251 도달 (선 이탈 0.07 m)
[velocity_path_follower.py-9] [INFO] [1786903430.792501730] [velocity_path_follower]: waypoint 1091 / 5251 도달 (선 이탈 0.05 m)
[velocity_path_follower.py-9] [INFO] [1786903431.144819584] [velocity_path_follower]: waypoint 1092 / 5251 도달 (선 이탈 0.03 m)
[velocity_path_follower.py-9] [INFO] [1786903431.494766370] [velocity_path_follower]: waypoint 1093 / 5251 도달 (선 이탈 0.01 m)
[velocity_path_follower.py-9] [INFO] [1786903431.846642718] [velocity_path_follower]: waypoint 1094 / 5251 도달 (선 이탈 0.01 m)
[velocity_path_follower.py-9] [INFO] [1786903432.150759543] [velocity_path_follower]: waypoint 1095 / 5251 도달 (선 이탈 0.02 m)
[velocity_path_follower.py-9] [INFO] [1786903432.299717671] [velocity_path_follower]: 470.0s  wp 1096/5251 이탈0.0m  위치 (  20.67,  -146.07,   8.50)
[velocity_path_follower.py-9] [INFO] [1786903432.502171635] [velocity_path_follower]: waypoint 1096 / 5251 도달 (선 이탈 0.04 m)
[velocity_path_follower.py-9] [INFO] [1786903432.851931167] [velocity_path_follower]: waypoint 1097 / 5251 도달 (선 이탈 0.05 m)
[velocity_path_follower.py-9] [INFO] [1786903433.254430733] [velocity_path_follower]: waypoint 1098 / 5251 도달 (선 이탈 0.07 m)
[velocity_path_follower.py-9] [INFO] [1786903433.554793390] [velocity_path_follower]: waypoint 1099 / 5251 도달 (선 이탈 0.07 m)
[velocity_path_follower.py-9] [INFO] [1786903433.906660944] [velocity_path_follower]: waypoint 1100 / 5251 도달 (선 이탈 0.08 m)
[velocity_path_follower.py-9] [INFO] [1786903434.256661893] [velocity_path_follower]: waypoint 1101 / 5251 도달 (선 이탈 0.09 m)
[velocity_path_follower.py-9] [INFO] [1786903434.606488465] [velocity_path_follower]: waypoint 1102 / 5251 도달 (선 이탈 0.09 m)
[velocity_path_follower.py-9] [INFO] [1786903434.956477830] [velocity_path_follower]: waypoint 1103 / 5251 도달 (선 이탈 0.10 m)
[velocity_path_follower.py-9] [INFO] [1786903435.306734155] [velocity_path_follower]: waypoint 1104 / 5251 도달 (선 이탈 0.10 m)
[velocity_path_follower.py-9] [INFO] [1786903435.656623393] [velocity_path_follower]: waypoint 1105 / 5251 도달 (선 이탈 0.10 m)
[velocity_path_follower.py-9] [INFO] [1786903436.006830926] [velocity_path_follower]: waypoint 1106 / 5251 도달 (선 이탈 0.09 m)
[velocity_path_follower.py-9] [INFO] [1786903436.356667703] [velocity_path_follower]: waypoint 1107 / 5251 도달 (선 이탈 0.09 m)
[velocity_path_follower.py-9] [INFO] [1786903436.709603223] [velocity_path_follower]: waypoint 1108 / 5251 도달 (선 이탈 0.08 m)
[velocity_path_follower.py-9] [INFO] [1786903437.059723837] [velocity_path_follower]: waypoint 1109 / 5251 도달 (선 이탈 0.08 m)
[velocity_path_follower.py-9] [INFO] [1786903437.309500104] [velocity_path_follower]: 475.0s  wp 1110/5251 이탈0.1m  위치 (  13.51,  -146.03,  10.82)
[velocity_path_follower.py-9] [INFO] [1786903437.409512237] [velocity_path_follower]: waypoint 1110 / 5251 도달 (선 이탈 0.07 m)
[velocity_path_follower.py-9] [INFO] [1786903437.759641017] [velocity_path_follower]: waypoint 1111 / 5251 도달 (선 이탈 0.06 m)
[velocity_path_follower.py-9] [INFO] [1786903438.109424625] [velocity_path_follower]: waypoint 1112 / 5251 도달 (선 이탈 0.05 m)
[velocity_path_follower.py-9] [INFO] [1786903438.459458652] [velocity_path_follower]: waypoint 1113 / 5251 도달 (선 이탈 0.04 m)
[velocity_path_follower.py-9] [INFO] [1786903438.809648973] [velocity_path_follower]: waypoint 1114 / 5251 도달 (선 이탈 0.03 m)
[velocity_path_follower.py-9] [INFO] [1786903439.161791772] [velocity_path_follower]: waypoint 1115 / 5251 도달 (선 이탈 0.02 m)
[velocity_path_follower.py-9] [INFO] [1786903439.461647875] [velocity_path_follower]: waypoint 1116 / 5251 도달 (선 이탈 0.01 m)
[velocity_path_follower.py-9] [INFO] [1786903439.861612696] [velocity_path_follower]: waypoint 1117 / 5251 도달 (선 이탈 0.00 m)
[velocity_path_follower.py-9] [INFO] [1786903440.161736093] [velocity_path_follower]: waypoint 1118 / 5251 도달 (선 이탈 0.00 m)
[velocity_path_follower.py-9] [INFO] [1786903440.514415646] [velocity_path_follower]: waypoint 1119 / 5251 도달 (선 이탈 0.01 m)
[velocity_path_follower.py-9] [INFO] [1786903440.864679673] [velocity_path_follower]: waypoint 1120 / 5251 도달 (선 이탈 0.02 m)
[velocity_path_follower.py-9] [INFO] [1786903441.214260984] [velocity_path_follower]: waypoint 1121 / 5251 도달 (선 이탈 0.03 m)
[velocity_path_follower.py-9] [INFO] [1786903441.564456425] [velocity_path_follower]: waypoint 1122 / 5251 도달 (선 이탈 0.04 m)
[velocity_path_follower.py-9] [INFO] [1786903441.914349738] [velocity_path_follower]: waypoint 1123 / 5251 도달 (선 이탈 0.04 m)
[velocity_path_follower.py-9] [INFO] [1786903442.266446324] [velocity_path_follower]: waypoint 1124 / 5251 도달 (선 이탈 0.05 m)
[velocity_path_follower.py-9] [INFO] [1786903442.316386410] [velocity_path_follower]: 480.0s  wp 1125/5251 이탈0.0m  위치 (   6.31,  -146.15,  12.77)
[velocity_path_follower.py-9] [INFO] [1786903442.618515702] [velocity_path_follower]: waypoint 1125 / 5251 도달 (선 이탈 0.05 m)
[velocity_path_follower.py-9] [INFO] [1786903442.968582599] [velocity_path_follower]: waypoint 1126 / 5251 도달 (선 이탈 0.05 m)
[velocity_path_follower.py-9] [INFO] [1786903443.320969145] [velocity_path_follower]: waypoint 1127 / 5251 도달 (선 이탈 0.05 m)
[velocity_path_follower.py-9] [INFO] [1786903443.670473160] [velocity_path_follower]: waypoint 1128 / 5251 도달 (선 이탈 0.05 m)
[velocity_path_follower.py-9] [INFO] [1786903444.022805580] [velocity_path_follower]: waypoint 1129 / 5251 도달 (선 이탈 0.05 m)
[velocity_path_follower.py-9] [INFO] [1786903444.373093060] [velocity_path_follower]: waypoint 1130 / 5251 도달 (선 이탈 0.05 m)
[velocity_path_follower.py-9] [INFO] [1786903444.725904401] [velocity_path_follower]: waypoint 1131 / 5251 도달 (선 이탈 0.05 m)
[velocity_path_follower.py-9] [INFO] [1786903445.079676628] [velocity_path_follower]: waypoint 1132 / 5251 도달 (선 이탈 0.05 m)
[velocity_path_follower.py-9] [INFO] [1786903445.379581183] [velocity_path_follower]: waypoint 1133 / 5251 도달 (선 이탈 0.04 m)
[velocity_path_follower.py-9] [INFO] [1786903445.779653037] [velocity_path_follower]: waypoint 1134 / 5251 도달 (선 이탈 0.04 m)
[velocity_path_follower.py-9] [INFO] [1786903446.079473008] [velocity_path_follower]: waypoint 1135 / 5251 도달 (선 이탈 0.04 m)
[velocity_path_follower.py-9] [INFO] [1786903446.429704735] [velocity_path_follower]: waypoint 1136 / 5251 도달 (선 이탈 0.03 m)
[velocity_path_follower.py-9] [INFO] [1786903446.779780877] [velocity_path_follower]: waypoint 1137 / 5251 도달 (선 이탈 0.03 m)
[velocity_path_follower.py-9] [INFO] [1786903447.129610308] [velocity_path_follower]: waypoint 1138 / 5251 도달 (선 이탈 0.02 m)
[velocity_path_follower.py-9] [INFO] [1786903447.330096197] [velocity_path_follower]: 485.0s  wp 1139/5251 이탈0.0m  위치 (  -0.90,  -146.12,   8.75)
[velocity_path_follower.py-9] [INFO] [1786903447.479714740] [velocity_path_follower]: waypoint 1139 / 5251 도달 (선 이탈 0.02 m)
[velocity_path_follower.py-9] [INFO] [1786903447.832676996] [velocity_path_follower]: waypoint 1140 / 5251 도달 (선 이탈 0.01 m)
[velocity_path_follower.py-9] [INFO] [1786903448.184832784] [velocity_path_follower]: waypoint 1141 / 5251 도달 (선 이탈 0.01 m)
[velocity_path_follower.py-9] [INFO] [1786903448.537821121] [velocity_path_follower]: waypoint 1142 / 5251 도달 (선 이탈 0.00 m)
[velocity_path_follower.py-9] [INFO] [1786903448.887680092] [velocity_path_follower]: waypoint 1143 / 5251 도달 (선 이탈 0.00 m)
[velocity_path_follower.py-9] [INFO] [1786903449.237522353] [velocity_path_follower]: waypoint 1144 / 5251 도달 (선 이탈 0.01 m)
[velocity_path_follower.py-9] [INFO] [1786903449.587801243] [velocity_path_follower]: waypoint 1145 / 5251 도달 (선 이탈 0.01 m)
[velocity_path_follower.py-9] [INFO] [1786903449.937469335] [velocity_path_follower]: waypoint 1146 / 5251 도달 (선 이탈 0.01 m)
[velocity_path_follower.py-9] [INFO] [1786903450.287474596] [velocity_path_follower]: waypoint 1147 / 5251 도달 (선 이탈 0.02 m)
[velocity_path_follower.py-9] [INFO] [1786903450.641951947] [velocity_path_follower]: waypoint 1148 / 5251 도달 (선 이탈 0.02 m)
[velocity_path_follower.py-9] [INFO] [1786903450.991907750] [velocity_path_follower]: waypoint 1149 / 5251 도달 (선 이탈 0.02 m)
[velocity_path_follower.py-9] [INFO] [1786903451.291987634] [velocity_path_follower]: waypoint 1150 / 5251 도달 (선 이탈 0.02 m)
[velocity_path_follower.py-9] [INFO] [1786903451.644229001] [velocity_path_follower]: waypoint 1151 / 5251 도달 (선 이탈 0.03 m)
[velocity_path_follower.py-9] [INFO] [1786903451.994075217] [velocity_path_follower]: waypoint 1152 / 5251 도달 (선 이탈 0.03 m)
[velocity_path_follower.py-9] [INFO] [1786903452.343976558] [velocity_path_follower]: waypoint 1153 / 5251 도달 (선 이탈 0.03 m)
[velocity_path_follower.py-9] [INFO] [1786903452.394098061] [velocity_path_follower]: 490.1s  wp 1154/5251 이탈0.0m  위치 (  -8.19,  -146.07,   7.61)
[velocity_path_follower.py-9] [INFO] [1786903452.694049067] [velocity_path_follower]: waypoint 1154 / 5251 도달 (선 이탈 0.03 m)
[velocity_path_follower.py-9] [INFO] [1786903453.044075659] [velocity_path_follower]: waypoint 1155 / 5251 도달 (선 이탈 0.02 m)
[velocity_path_follower.py-9] [INFO] [1786903453.394097625] [velocity_path_follower]: waypoint 1156 / 5251 도달 (선 이탈 0.02 m)
[velocity_path_follower.py-9] [INFO] [1786903453.744026131] [velocity_path_follower]: waypoint 1157 / 5251 도달 (선 이탈 0.02 m)
[velocity_path_follower.py-9] [INFO] [1786903454.093951762] [velocity_path_follower]: waypoint 1158 / 5251 도달 (선 이탈 0.02 m)
[velocity_path_follower.py-9] [INFO] [1786903454.444088811] [velocity_path_follower]: waypoint 1159 / 5251 도달 (선 이탈 0.02 m)
[velocity_path_follower.py-9] [INFO] [1786903454.793916982] [velocity_path_follower]: waypoint 1160 / 5251 도달 (선 이탈 0.02 m)
[velocity_path_follower.py-9] [INFO] [1786903455.143981988] [velocity_path_follower]: waypoint 1161 / 5251 도달 (선 이탈 0.01 m)
[velocity_path_follower.py-9] [INFO] [1786903455.494195911] [velocity_path_follower]: waypoint 1162 / 5251 도달 (선 이탈 0.01 m)
[velocity_path_follower.py-9] [INFO] [1786903455.844166749] [velocity_path_follower]: waypoint 1163 / 5251 도달 (선 이탈 0.01 m)
[velocity_path_follower.py-9] [INFO] [1786903456.193960834] [velocity_path_follower]: waypoint 1164 / 5251 도달 (선 이탈 0.00 m)
[velocity_path_follower.py-9] [INFO] [1786903456.494032879] [velocity_path_follower]: waypoint 1165 / 5251 도달 (선 이탈 0.00 m)
[velocity_path_follower.py-9] [INFO] [1786903456.894012466] [velocity_path_follower]: waypoint 1166 / 5251 도달 (선 이탈 0.00 m)
[velocity_path_follower.py-9] [INFO] [1786903457.194040010] [velocity_path_follower]: waypoint 1167 / 5251 도달 (선 이탈 0.00 m)
[velocity_path_follower.py-9] [INFO] [1786903457.343801800] [velocity_path_follower]: 495.0s  wp 1168/5251 이탈0.0m  위치 ( -15.32,  -146.10,   9.88)
[velocity_path_follower.py-9] [INFO] [1786903457.543853093] [velocity_path_follower]: waypoint 1168 / 5251 도달 (선 이탈 0.00 m)
[velocity_path_follower.py-9] [INFO] [1786903457.896436998] [velocity_path_follower]: waypoint 1169 / 5251 도달 (선 이탈 0.01 m)
[velocity_path_follower.py-9] [INFO] [1786903458.246422249] [velocity_path_follower]: waypoint 1170 / 5251 도달 (선 이탈 0.01 m)
[velocity_path_follower.py-9] [INFO] [1786903458.596328082] [velocity_path_follower]: waypoint 1171 / 5251 도달 (선 이탈 0.01 m)
[velocity_path_follower.py-9] [INFO] [1786903458.946451626] [velocity_path_follower]: waypoint 1172 / 5251 도달 (선 이탈 0.01 m)
[velocity_path_follower.py-9] [INFO] [1786903459.298740567] [velocity_path_follower]: waypoint 1173 / 5251 도달 (선 이탈 0.01 m)
[velocity_path_follower.py-9] [INFO] [1786903459.648478522] [velocity_path_follower]: waypoint 1174 / 5251 도달 (선 이탈 0.01 m)
[velocity_path_follower.py-9] [INFO] [1786903460.001470721] [velocity_path_follower]: waypoint 1175 / 5251 도달 (선 이탈 0.01 m)
[velocity_path_follower.py-9] [INFO] [1786903460.351392676] [velocity_path_follower]: waypoint 1176 / 5251 도달 (선 이탈 0.01 m)
[velocity_path_follower.py-9] [INFO] [1786903460.701464884] [velocity_path_follower]: waypoint 1177 / 5251 도달 (선 이탈 0.02 m)
[velocity_path_follower.py-9] [INFO] [1786903461.051698634] [velocity_path_follower]: waypoint 1178 / 5251 도달 (선 이탈 0.01 m)
[velocity_path_follower.py-9] [INFO] [1786903461.401344669] [velocity_path_follower]: waypoint 1179 / 5251 도달 (선 이탈 0.01 m)
[velocity_path_follower.py-9] [INFO] [1786903461.701474959] [velocity_path_follower]: waypoint 1180 / 5251 도달 (선 이탈 0.01 m)
[velocity_path_follower.py-9] [INFO] [1786903462.051483748] [velocity_path_follower]: waypoint 1181 / 5251 도달 (선 이탈 0.01 m)
[velocity_path_follower.py-9] [INFO] [1786903462.351411660] [velocity_path_follower]: 500.0s  wp 1182/5251 이탈0.0m  위치 ( -22.56,  -146.11,   6.47)
[velocity_path_follower.py-9] [INFO] [1786903462.401393118] [velocity_path_follower]: waypoint 1182 / 5251 도달 (선 이탈 0.01 m)
[velocity_path_follower.py-9] [INFO] [1786903465.808230463] [velocity_path_follower]: waypoint 1183 / 5251 도달 (선 이탈 0.00 m)
[velocity_path_follower.py-9] [INFO] [1786903465.857844833] [velocity_path_follower]: waypoint 1184 / 5251 도달 (선 이탈 0.00 m)
[velocity_path_follower.py-9] [INFO] [1786903465.907879874] [velocity_path_follower]: waypoint 1185 / 5251 도달 (선 이탈 0.00 m)
[velocity_path_follower.py-9] [INFO] [1786903465.957495910] [velocity_path_follower]: waypoint 1186 / 5251 도달 (선 이탈 0.00 m)
[velocity_path_follower.py-9] [INFO] [1786903466.007631535] [velocity_path_follower]: waypoint 1187 / 5251 도달 (선 이탈 0.00 m)
[velocity_path_follower.py-9] [INFO] [1786903466.057787411] [velocity_path_follower]: waypoint 1188 / 5251 도달 (선 이탈 0.00 m)
[velocity_path_follower.py-9] [INFO] [1786903466.108098246] [velocity_path_follower]: waypoint 1189 / 5251 도달 (선 이탈 0.00 m)
[velocity_path_follower.py-9] [INFO] [1786903466.157934243] [velocity_path_follower]: waypoint 1190 / 5251 도달 (선 이탈 0.00 m)
[velocity_path_follower.py-9] [INFO] [1786903466.862265896] [velocity_path_follower]: waypoint 1191 / 5251 도달 (선 이탈 0.00 m)
[velocity_path_follower.py-9] [INFO] [1786903467.362218464] [velocity_path_follower]: 505.0s  wp 1192/5251 이탈0.0m  위치 ( -27.52,  -146.10,   7.30)
[velocity_path_follower.py-9] [INFO] [1786903467.512452129] [velocity_path_follower]: waypoint 1192 / 5251 도달 (선 이탈 0.00 m)
[velocity_path_follower.py-9] [INFO] [1786903468.062406487] [velocity_path_follower]: waypoint 1193 / 5251 도달 (선 이탈 0.00 m)
[velocity_path_follower.py-9] [INFO] [1786903468.612461177] [velocity_path_follower]: waypoint 1194 / 5251 도달 (선 이탈 0.00 m)
[velocity_path_follower.py-9] [INFO] [1786903469.114609183] [velocity_path_follower]: waypoint 1195 / 5251 도달 (선 이탈 0.00 m)
[velocity_path_follower.py-9] [INFO] [1786903469.614452746] [velocity_path_follower]: waypoint 1196 / 5251 도달 (선 이탈 0.00 m)
[velocity_path_follower.py-9] [INFO] [1786903470.114770855] [velocity_path_follower]: waypoint 1197 / 5251 도달 (선 이탈 0.00 m)
[velocity_path_follower.py-9] [INFO] [1786903470.567809203] [velocity_path_follower]: waypoint 1198 / 5251 도달 (선 이탈 0.00 m)
[velocity_path_follower.py-9] [INFO] [1786903471.017834976] [velocity_path_follower]: waypoint 1199 / 5251 도달 (선 이탈 0.00 m)
[velocity_path_follower.py-9] [INFO] [1786903471.467957541] [velocity_path_follower]: waypoint 1200 / 5251 도달 (선 이탈 0.00 m)
[velocity_path_follower.py-9] [INFO] [1786903471.870638010] [velocity_path_follower]: waypoint 1201 / 5251 도달 (선 이탈 0.00 m)
[velocity_path_follower.py-9] [INFO] [1786903472.270293613] [velocity_path_follower]: waypoint 1202 / 5251 도달 (선 이탈 0.00 m)
[velocity_path_follower.py-9] [INFO] [1786903472.370085481] [velocity_path_follower]: 510.0s  wp 1203/5251 이탈0.0m  위치 ( -32.70,  -146.10,   7.86)
[velocity_path_follower.py-9] [INFO] [1786903472.720170923] [velocity_path_follower]: waypoint 1203 / 5251 도달 (선 이탈 0.00 m)
[velocity_path_follower.py-9] [INFO] [1786903473.122518304] [velocity_path_follower]: waypoint 1204 / 5251 도달 (선 이탈 0.00 m)
[velocity_path_follower.py-9] [INFO] [1786903473.522614117] [velocity_path_follower]: waypoint 1205 / 5251 도달 (선 이탈 0.00 m)
[velocity_path_follower.py-9] [INFO] [1786903473.922754098] [velocity_path_follower]: waypoint 1206 / 5251 도달 (선 이탈 0.00 m)
[velocity_path_follower.py-9] [INFO] [1786903474.322647617] [velocity_path_follower]: waypoint 1207 / 5251 도달 (선 이탈 0.00 m)
[velocity_path_follower.py-9] [INFO] [1786903474.722497302] [velocity_path_follower]: waypoint 1208 / 5251 도달 (선 이탈 0.00 m)
[velocity_path_follower.py-9] [INFO] [1786903475.122733573] [velocity_path_follower]: waypoint 1209 / 5251 도달 (선 이탈 0.00 m)
[velocity_path_follower.py-9] [INFO] [1786903475.472672094] [velocity_path_follower]: waypoint 1210 / 5251 도달 (선 이탈 0.00 m)
[velocity_path_follower.py-9] [INFO] [1786903475.872522902] [velocity_path_follower]: waypoint 1211 / 5251 도달 (선 이탈 0.00 m)
[velocity_path_follower.py-9] [INFO] [1786903477.372687393] [velocity_path_follower]: 515.0s  wp 1212/5251 이탈0.4m  위치 ( -39.03,  -145.86,   6.66)
[velocity_path_follower.py-9] [INFO] [1786903480.874520122] [velocity_path_follower]: waypoint 1212 / 5251 도달 (선 이탈 2.59 m)
[velocity_path_follower.py-9] [INFO] [1786903482.374460584] [velocity_path_follower]: 520.0s  wp 1214/5251 이탈0.3m  위치 ( -41.15,  -142.41,   6.76)
[velocity_path_follower.py-9] [INFO] [1786903485.529835364] [velocity_path_follower]: waypoint 1214 / 5251 도달 (선 이탈 1.37 m)
[velocity_path_follower.py-9] [INFO] [1786903486.229490503] [velocity_path_follower]: waypoint 1215 / 5251 도달 (선 이탈 1.48 m)
[velocity_path_follower.py-9] [INFO] [1786903486.829416694] [velocity_path_follower]: waypoint 1216 / 5251 도달 (선 이탈 1.51 m)
[velocity_path_follower.py-9] [INFO] [1786903487.379452556] [velocity_path_follower]: 525.0s  wp 1217/5251 이탈1.5m  위치 ( -38.15,  -140.62,   7.18)
[velocity_path_follower.py-9] [INFO] [1786903487.429491927] [velocity_path_follower]: waypoint 1217 / 5251 도달 (선 이탈 1.47 m)
[velocity_path_follower.py-9] [INFO] [1786903488.029774453] [velocity_path_follower]: waypoint 1218 / 5251 도달 (선 이탈 1.38 m)
[velocity_path_follower.py-9] [INFO] [1786903488.629471512] [velocity_path_follower]: waypoint 1219 / 5251 도달 (선 이탈 1.25 m)
[velocity_path_follower.py-9] [INFO] [1786903489.129754130] [velocity_path_follower]: waypoint 1220 / 5251 도달 (선 이탈 1.11 m)
[velocity_path_follower.py-9] [INFO] [1786903489.679661237] [velocity_path_follower]: waypoint 1221 / 5251 도달 (선 이탈 0.93 m)
[velocity_path_follower.py-9] [INFO] [1786903490.180039770] [velocity_path_follower]: waypoint 1222 / 5251 도달 (선 이탈 0.75 m)
[velocity_path_follower.py-9] [INFO] [1786903490.679482250] [velocity_path_follower]: waypoint 1223 / 5251 도달 (선 이탈 0.56 m)
[velocity_path_follower.py-9] [INFO] [1786903491.179704155] [velocity_path_follower]: waypoint 1224 / 5251 도달 (선 이탈 0.36 m)
[velocity_path_follower.py-9] [INFO] [1786903491.629424642] [velocity_path_follower]: waypoint 1225 / 5251 도달 (선 이탈 0.18 m)
[velocity_path_follower.py-9] [INFO] [1786903492.079972138] [velocity_path_follower]: waypoint 1226 / 5251 도달 (선 이탈 0.01 m)
[velocity_path_follower.py-9] [INFO] [1786903492.379800518] [velocity_path_follower]: 530.0s  wp 1227/5251 이탈0.1m  위치 ( -33.26,  -142.19,   6.92)
[velocity_path_follower.py-9] [INFO] [1786903492.529418830] [velocity_path_follower]: waypoint 1227 / 5251 도달 (선 이탈 0.14 m)
[velocity_path_follower.py-9] [INFO] [1786903492.979698571] [velocity_path_follower]: waypoint 1228 / 5251 도달 (선 이탈 0.28 m)
[velocity_path_follower.py-9] [INFO] [1786903493.429504640] [velocity_path_follower]: waypoint 1229 / 5251 도달 (선 이탈 0.41 m)
[velocity_path_follower.py-9] [INFO] [1786903493.829860471] [velocity_path_follower]: waypoint 1230 / 5251 도달 (선 이탈 0.50 m)
[velocity_path_follower.py-9] [INFO] [1786903494.229458251] [velocity_path_follower]: waypoint 1231 / 5251 도달 (선 이탈 0.58 m)
[velocity_path_follower.py-9] [INFO] [1786903494.631214553] [velocity_path_follower]: waypoint 1232 / 5251 도달 (선 이탈 0.64 m)
[velocity_path_follower.py-9] [INFO] [1786903495.029469860] [velocity_path_follower]: waypoint 1233 / 5251 도달 (선 이탈 0.68 m)
[velocity_path_follower.py-9] [INFO] [1786903495.429621977] [velocity_path_follower]: waypoint 1234 / 5251 도달 (선 이탈 0.71 m)
[velocity_path_follower.py-9] [INFO] [1786903495.831928117] [velocity_path_follower]: waypoint 1235 / 5251 도달 (선 이탈 0.72 m)
[velocity_path_follower.py-9] [INFO] [1786903496.231778439] [velocity_path_follower]: waypoint 1236 / 5251 도달 (선 이탈 0.71 m)
[velocity_path_follower.py-9] [INFO] [1786903496.631836137] [velocity_path_follower]: waypoint 1237 / 5251 도달 (선 이탈 0.69 m)
[velocity_path_follower.py-9] [INFO] [1786903497.031891960] [velocity_path_follower]: waypoint 1238 / 5251 도달 (선 이탈 0.66 m)
[velocity_path_follower.py-9] [INFO] [1786903497.381396116] [velocity_path_follower]: 535.0s  wp 1239/5251 이탈0.6m  위치 ( -27.14,  -142.72,   6.68)
[velocity_path_follower.py-9] [INFO] [1786903497.431686696] [velocity_path_follower]: waypoint 1239 / 5251 도달 (선 이탈 0.61 m)
[velocity_path_follower.py-9] [INFO] [1786903497.831743726] [velocity_path_follower]: waypoint 1240 / 5251 도달 (선 이탈 0.56 m)
[velocity_path_follower.py-9] [INFO] [1786903498.231463669] [velocity_path_follower]: waypoint 1241 / 5251 도달 (선 이탈 0.49 m)
[velocity_path_follower.py-9] [INFO] [1786903498.581623581] [velocity_path_follower]: waypoint 1242 / 5251 도달 (선 이탈 0.43 m)
[velocity_path_follower.py-9] [INFO] [1786903498.981779819] [velocity_path_follower]: waypoint 1243 / 5251 도달 (선 이탈 0.35 m)
[velocity_path_follower.py-9] [INFO] [1786903499.381778096] [velocity_path_follower]: waypoint 1244 / 5251 도달 (선 이탈 0.27 m)
[velocity_path_follower.py-9] [INFO] [1786903499.734109446] [velocity_path_follower]: waypoint 1245 / 5251 도달 (선 이탈 0.20 m)
[velocity_path_follower.py-9] [INFO] [1786903500.134175849] [velocity_path_follower]: waypoint 1246 / 5251 도달 (선 이탈 0.12 m)
[velocity_path_follower.py-9] [INFO] [1786903500.484363050] [velocity_path_follower]: waypoint 1247 / 5251 도달 (선 이탈 0.05 m)
[velocity_path_follower.py-9] [INFO] [1786903500.884211866] [velocity_path_follower]: waypoint 1248 / 5251 도달 (선 이탈 0.02 m)
[velocity_path_follower.py-9] [INFO] [1786903501.234136689] [velocity_path_follower]: waypoint 1249 / 5251 도달 (선 이탈 0.08 m)
[velocity_path_follower.py-9] [INFO] [1786903501.584288680] [velocity_path_follower]: waypoint 1250 / 5251 도달 (선 이탈 0.14 m)
[velocity_path_follower.py-9] [INFO] [1786903501.986655105] [velocity_path_follower]: waypoint 1251 / 5251 도달 (선 이탈 0.20 m)
[velocity_path_follower.py-9] [INFO] [1786903502.336439758] [velocity_path_follower]: waypoint 1252 / 5251 도달 (선 이탈 0.24 m)
[velocity_path_follower.py-9] [INFO] [1786903502.386450792] [velocity_path_follower]: 540.0s  wp 1253/5251 이탈0.2m  위치 ( -20.52,  -141.85,   6.79)
[velocity_path_follower.py-9] [INFO] [1786903502.736510115] [velocity_path_follower]: waypoint 1253 / 5251 도달 (선 이탈 0.29 m)
[velocity_path_follower.py-9] [INFO] [1786903503.086434269] [velocity_path_follower]: waypoint 1254 / 5251 도달 (선 이탈 0.32 m)
[velocity_path_follower.py-9] [INFO] [1786903503.436640884] [velocity_path_follower]: waypoint 1255 / 5251 도달 (선 이탈 0.34 m)
[velocity_path_follower.py-9] [INFO] [1786903503.786477578] [velocity_path_follower]: waypoint 1256 / 5251 도달 (선 이탈 0.36 m)
[velocity_path_follower.py-9] [INFO] [1786903504.136435690] [velocity_path_follower]: waypoint 1257 / 5251 도달 (선 이탈 0.37 m)
[velocity_path_follower.py-9] [INFO] [1786903504.538719318] [velocity_path_follower]: waypoint 1258 / 5251 도달 (선 이탈 0.37 m)
[velocity_path_follower.py-9] [INFO] [1786903504.888794764] [velocity_path_follower]: waypoint 1259 / 5251 도달 (선 이탈 0.37 m)
[velocity_path_follower.py-9] [INFO] [1786903505.240731770] [velocity_path_follower]: waypoint 1260 / 5251 도달 (선 이탈 0.35 m)
[velocity_path_follower.py-9] [INFO] [1786903505.590803090] [velocity_path_follower]: waypoint 1261 / 5251 도달 (선 이탈 0.34 m)
[velocity_path_follower.py-9] [INFO] [1786903505.940639115] [velocity_path_follower]: waypoint 1262 / 5251 도달 (선 이탈 0.32 m)
[velocity_path_follower.py-9] [INFO] [1786903506.340519173] [velocity_path_follower]: waypoint 1263 / 5251 도달 (선 이탈 0.29 m)
[velocity_path_follower.py-9] [INFO] [1786903506.690623033] [velocity_path_follower]: waypoint 1264 / 5251 도달 (선 이탈 0.26 m)
[velocity_path_follower.py-9] [INFO] [1786903507.043503256] [velocity_path_follower]: waypoint 1265 / 5251 도달 (선 이탈 0.23 m)
[velocity_path_follower.py-9] [INFO] [1786903507.392760981] [velocity_path_follower]: waypoint 1266 / 5251 도달 (선 이탈 0.19 m)
[velocity_path_follower.py-9] [INFO] [1786903507.443444605] [velocity_path_follower]: 545.1s  wp 1267/5251 이탈0.2m  위치 ( -13.50,  -141.91,   7.85)
[velocity_path_follower.py-9] [INFO] [1786903507.743448555] [velocity_path_follower]: waypoint 1267 / 5251 도달 (선 이탈 0.15 m)
[velocity_path_follower.py-9] [INFO] [1786903508.092987033] [velocity_path_follower]: waypoint 1268 / 5251 도달 (선 이탈 0.12 m)
[velocity_path_follower.py-9] [INFO] [1786903508.443668105] [velocity_path_follower]: waypoint 1269 / 5251 도달 (선 이탈 0.08 m)
[velocity_path_follower.py-9] [INFO] [1786903508.792838828] [velocity_path_follower]: waypoint 1270 / 5251 도달 (선 이탈 0.04 m)
[velocity_path_follower.py-9] [INFO] [1786903509.192841593] [velocity_path_follower]: waypoint 1271 / 5251 도달 (선 이탈 0.00 m)
[velocity_path_follower.py-9] [INFO] [1786903509.543358079] [velocity_path_follower]: waypoint 1272 / 5251 도달 (선 이탈 0.03 m)
[velocity_path_follower.py-9] [INFO] [1786903509.892906971] [velocity_path_follower]: waypoint 1273 / 5251 도달 (선 이탈 0.06 m)
[velocity_path_follower.py-9] [INFO] [1786903510.246362072] [velocity_path_follower]: waypoint 1274 / 5251 도달 (선 이탈 0.09 m)
[velocity_path_follower.py-9] [INFO] [1786903510.596134715] [velocity_path_follower]: waypoint 1275 / 5251 도달 (선 이탈 0.12 m)
[velocity_path_follower.py-9] [INFO] [1786903510.946124861] [velocity_path_follower]: waypoint 1276 / 5251 도달 (선 이탈 0.14 m)
[velocity_path_follower.py-9] [INFO] [1786903511.296168299] [velocity_path_follower]: waypoint 1277 / 5251 도달 (선 이탈 0.16 m)
[velocity_path_follower.py-9] [INFO] [1786903511.646227903] [velocity_path_follower]: waypoint 1278 / 5251 도달 (선 이탈 0.17 m)
[velocity_path_follower.py-9] [INFO] [1786903511.998673241] [velocity_path_follower]: waypoint 1279 / 5251 도달 (선 이탈 0.18 m)
[velocity_path_follower.py-9] [INFO] [1786903512.351036493] [velocity_path_follower]: waypoint 1280 / 5251 도달 (선 이탈 0.19 m)
[velocity_path_follower.py-9] [INFO] [1786903512.400909816] [velocity_path_follower]: 550.0s  wp 1281/5251 이탈0.2m  위치 (  -6.50,  -142.29,  10.78)
[velocity_path_follower.py-9] [INFO] [1786903512.701069262] [velocity_path_follower]: waypoint 1281 / 5251 도달 (선 이탈 0.19 m)
[velocity_path_follower.py-9] [INFO] [1786903513.051038447] [velocity_path_follower]: waypoint 1282 / 5251 도달 (선 이탈 0.19 m)
[velocity_path_follower.py-9] [INFO] [1786903513.400880297] [velocity_path_follower]: waypoint 1283 / 5251 도달 (선 이탈 0.19 m)
[velocity_path_follower.py-9] [INFO] [1786903513.753347424] [velocity_path_follower]: waypoint 1284 / 5251 도달 (선 이탈 0.19 m)
[velocity_path_follower.py-9] [INFO] [1786903514.103434068] [velocity_path_follower]: waypoint 1285 / 5251 도달 (선 이탈 0.18 m)
[velocity_path_follower.py-9] [INFO] [1786903514.455994695] [velocity_path_follower]: waypoint 1286 / 5251 도달 (선 이탈 0.17 m)
[velocity_path_follower.py-9] [INFO] [1786903514.805749251] [velocity_path_follower]: waypoint 1287 / 5251 도달 (선 이탈 0.15 m)
[velocity_path_follower.py-9] [INFO] [1786903515.155585432] [velocity_path_follower]: waypoint 1288 / 5251 도달 (선 이탈 0.14 m)
[velocity_path_follower.py-9] [INFO] [1786903515.505514071] [velocity_path_follower]: waypoint 1289 / 5251 도달 (선 이탈 0.12 m)
[velocity_path_follower.py-9] [INFO] [1786903515.855807923] [velocity_path_follower]: waypoint 1290 / 5251 도달 (선 이탈 0.10 m)
[velocity_path_follower.py-9] [INFO] [1786903516.205627353] [velocity_path_follower]: waypoint 1291 / 5251 도달 (선 이탈 0.08 m)
[velocity_path_follower.py-9] [INFO] [1786903516.555482991] [velocity_path_follower]: waypoint 1292 / 5251 도달 (선 이탈 0.06 m)
[velocity_path_follower.py-9] [INFO] [1786903516.907818655] [velocity_path_follower]: waypoint 1293 / 5251 도달 (선 이탈 0.04 m)
[velocity_path_follower.py-9] [INFO] [1786903517.260092193] [velocity_path_follower]: waypoint 1294 / 5251 도달 (선 이탈 0.02 m)
[velocity_path_follower.py-9] [INFO] [1786903517.409430906] [velocity_path_follower]: 555.0s  wp 1295/5251 이탈0.0m  위치 (   0.64,  -142.12,   9.55)
[velocity_path_follower.py-9] [INFO] [1786903517.609687285] [velocity_path_follower]: waypoint 1295 / 5251 도달 (선 이탈 0.01 m)
[velocity_path_follower.py-9] [INFO] [1786903517.959859008] [velocity_path_follower]: waypoint 1296 / 5251 도달 (선 이탈 0.01 m)
[velocity_path_follower.py-9] [INFO] [1786903518.309682935] [velocity_path_follower]: waypoint 1297 / 5251 도달 (선 이탈 0.03 m)
[velocity_path_follower.py-9] [INFO] [1786903518.659902991] [velocity_path_follower]: waypoint 1298 / 5251 도달 (선 이탈 0.04 m)
[velocity_path_follower.py-9] [INFO] [1786903519.011832941] [velocity_path_follower]: waypoint 1299 / 5251 도달 (선 이탈 0.06 m)
[velocity_path_follower.py-9] [INFO] [1786903519.361817577] [velocity_path_follower]: waypoint 1300 / 5251 도달 (선 이탈 0.07 m)
[velocity_path_follower.py-9] [INFO] [1786903519.712006715] [velocity_path_follower]: waypoint 1301 / 5251 도달 (선 이탈 0.08 m)
[velocity_path_follower.py-9] [INFO] [1786903520.062057351] [velocity_path_follower]: waypoint 1302 / 5251 도달 (선 이탈 0.09 m)
[velocity_path_follower.py-9] [INFO] [1786903520.411856567] [velocity_path_follower]: waypoint 1303 / 5251 도달 (선 이탈 0.09 m)
[velocity_path_follower.py-9] [INFO] [1786903520.761954911] [velocity_path_follower]: waypoint 1304 / 5251 도달 (선 이탈 0.10 m)
[velocity_path_follower.py-9] [INFO] [1786903521.111942795] [velocity_path_follower]: waypoint 1305 / 5251 도달 (선 이탈 0.10 m)
[velocity_path_follower.py-9] [INFO] [1786903521.463904617] [velocity_path_follower]: waypoint 1306 / 5251 도달 (선 이탈 0.10 m)
[velocity_path_follower.py-9] [INFO] [1786903521.766844084] [velocity_path_follower]: waypoint 1307 / 5251 도달 (선 이탈 0.10 m)
[velocity_path_follower.py-9] [INFO] [1786903522.166890499] [velocity_path_follower]: waypoint 1308 / 5251 도달 (선 이탈 0.10 m)
[velocity_path_follower.py-9] [INFO] [1786903522.416624400] [velocity_path_follower]: 560.0s  wp 1309/5251 이탈0.1m  위치 (   7.82,  -142.01,   8.65)
[velocity_path_follower.py-9] [INFO] [1786903522.466873892] [velocity_path_follower]: waypoint 1309 / 5251 도달 (선 이탈 0.09 m)
[velocity_path_follower.py-9] [INFO] [1786903522.866669303] [velocity_path_follower]: waypoint 1310 / 5251 도달 (선 이탈 0.09 m)
[velocity_path_follower.py-9] [INFO] [1786903523.166920865] [velocity_path_follower]: waypoint 1311 / 5251 도달 (선 이탈 0.08 m)
[velocity_path_follower.py-9] [INFO] [1786903523.516946747] [velocity_path_follower]: waypoint 1312 / 5251 도달 (선 이탈 0.07 m)
[velocity_path_follower.py-9] [INFO] [1786903523.866831586] [velocity_path_follower]: waypoint 1313 / 5251 도달 (선 이탈 0.06 m)
[velocity_path_follower.py-9] [INFO] [1786903524.216721799] [velocity_path_follower]: waypoint 1314 / 5251 도달 (선 이탈 0.05 m)
[velocity_path_follower.py-9] [INFO] [1786903524.566765430] [velocity_path_follower]: waypoint 1315 / 5251 도달 (선 이탈 0.04 m)
[velocity_path_follower.py-9] [INFO] [1786903524.916896895] [velocity_path_follower]: waypoint 1316 / 5251 도달 (선 이탈 0.03 m)
[velocity_path_follower.py-9] [INFO] [1786903525.266788565] [velocity_path_follower]: waypoint 1317 / 5251 도달 (선 이탈 0.02 m)
[velocity_path_follower.py-9] [INFO] [1786903525.616730110] [velocity_path_follower]: waypoint 1318 / 5251 도달 (선 이탈 0.01 m)
[velocity_path_follower.py-9] [INFO] [1786903525.966966867] [velocity_path_follower]: waypoint 1319 / 5251 도달 (선 이탈 0.00 m)
[velocity_path_follower.py-9] [INFO] [1786903526.316870619] [velocity_path_follower]: waypoint 1320 / 5251 도달 (선 이탈 0.01 m)
[velocity_path_follower.py-9] [INFO] [1786903526.666824205] [velocity_path_follower]: waypoint 1321 / 5251 도달 (선 이탈 0.01 m)
[velocity_path_follower.py-9] [INFO] [1786903527.016796249] [velocity_path_follower]: waypoint 1322 / 5251 도달 (선 이탈 0.02 m)
[velocity_path_follower.py-9] [INFO] [1786903527.371666386] [velocity_path_follower]: waypoint 1323 / 5251 도달 (선 이탈 0.03 m)
[velocity_path_follower.py-9] [INFO] [1786903527.421351871] [velocity_path_follower]: 565.0s  wp 1324/5251 이탈0.0m  위치 (  15.02,  -142.13,  10.64)
[velocity_path_follower.py-9] [INFO] [1786903527.723477616] [velocity_path_follower]: waypoint 1324 / 5251 도달 (선 이탈 0.04 m)
[velocity_path_follower.py-9] [INFO] [1786903528.076317398] [velocity_path_follower]: waypoint 1325 / 5251 도달 (선 이탈 0.04 m)
[velocity_path_follower.py-9] [INFO] [1786903528.378515017] [velocity_path_follower]: waypoint 1326 / 5251 도달 (선 이탈 0.04 m)
[velocity_path_follower.py-9] [INFO] [1786903528.778749717] [velocity_path_follower]: waypoint 1327 / 5251 도달 (선 이탈 0.05 m)
[ros2-8] [INFO] [1786903528.968187308] [rosbag2_cpp]: Writing remaining messages from cache to the bag. It may take a while
[velocity_path_follower.py-9] [INFO] [1786903529.078453851] [velocity_path_follower]: waypoint 1328 / 5251 도달 (선 이탈 0.05 m)
[velocity_path_follower.py-9] [INFO] [1786903529.430801168] [velocity_path_follower]: waypoint 1329 / 5251 도달 (선 이탈 0.05 m)
[velocity_path_follower.py-9] [INFO] [1786903529.780723250] [velocity_path_follower]: waypoint 1330 / 5251 도달 (선 이탈 0.05 m)
[velocity_path_follower.py-9] [INFO] [1786903530.131364339] [velocity_path_follower]: waypoint 1331 / 5251 도달 (선 이탈 0.05 m)
[velocity_path_follower.py-9] [INFO] [1786903530.480697789] [velocity_path_follower]: waypoint 1332 / 5251 도달 (선 이탈 0.05 m)
[velocity_path_follower.py-9] [INFO] [1786903530.830495078] [velocity_path_follower]: waypoint 1333 / 5251 도달 (선 이탈 0.05 m)
[velocity_path_follower.py-9] [INFO] [1786903531.180560201] [velocity_path_follower]: waypoint 1334 / 5251 도달 (선 이탈 0.04 m)
[velocity_path_follower.py-9] [INFO] [1786903531.530457281] [velocity_path_follower]: waypoint 1335 / 5251 도달 (선 이탈 0.04 m)
[velocity_path_follower.py-9] [INFO] [1786903531.880751115] [velocity_path_follower]: waypoint 1336 / 5251 도달 (선 이탈 0.04 m)
[velocity_path_follower.py-9] [INFO] [1786903532.230586319] [velocity_path_follower]: waypoint 1337 / 5251 도달 (선 이탈 0.03 m)
[velocity_path_follower.py-9] [INFO] [1786903532.430461768] [velocity_path_follower]: 570.0s  wp 1338/5251 이탈0.0m  위치 (  22.23,  -142.13,  11.60)
[velocity_path_follower.py-9] [INFO] [1786903532.582468127] [velocity_path_follower]: waypoint 1338 / 5251 도달 (선 이탈 0.03 m)
[velocity_path_follower.py-9] [INFO] [1786903532.932736418] [velocity_path_follower]: waypoint 1339 / 5251 도달 (선 이탈 0.02 m)
[velocity_path_follower.py-9] [INFO] [1786903533.284635559] [velocity_path_follower]: waypoint 1340 / 5251 도달 (선 이탈 0.02 m)
[velocity_path_follower.py-9] [INFO] [1786903533.634674179] [velocity_path_follower]: waypoint 1341 / 5251 도달 (선 이탈 0.01 m)
[velocity_path_follower.py-9] [INFO] [1786903533.984518298] [velocity_path_follower]: waypoint 1342 / 5251 도달 (선 이탈 0.01 m)
[velocity_path_follower.py-9] [INFO] [1786903534.286425325] [velocity_path_follower]: waypoint 1343 / 5251 도달 (선 이탈 0.00 m)
[velocity_path_follower.py-9] [INFO] [1786903534.688946542] [velocity_path_follower]: waypoint 1344 / 5251 도달 (선 이탈 0.00 m)
[velocity_path_follower.py-9] [INFO] [1786903534.992001415] [velocity_path_follower]: waypoint 1345 / 5251 도달 (선 이탈 0.01 m)
[velocity_path_follower.py-9] [INFO] [1786903535.341940449] [velocity_path_follower]: waypoint 1346 / 5251 도달 (선 이탈 0.01 m)
[velocity_path_follower.py-9] [INFO] [1786903535.691973401] [velocity_path_follower]: waypoint 1347 / 5251 도달 (선 이탈 0.02 m)
[velocity_path_follower.py-9] [INFO] [1786903536.042214063] [velocity_path_follower]: waypoint 1348 / 5251 도달 (선 이탈 0.02 m)
[velocity_path_follower.py-9] [INFO] [1786903536.394058408] [velocity_path_follower]: waypoint 1349 / 5251 도달 (선 이탈 0.02 m)
[velocity_path_follower.py-9] [INFO] [1786903536.743956774] [velocity_path_follower]: waypoint 1350 / 5251 도달 (선 이탈 0.02 m)
[velocity_path_follower.py-9] [INFO] [1786903537.093958391] [velocity_path_follower]: waypoint 1351 / 5251 도달 (선 이탈 0.03 m)
[velocity_path_follower.py-9] [INFO] [1786903537.443994341] [velocity_path_follower]: waypoint 1352 / 5251 도달 (선 이탈 0.03 m)
[velocity_path_follower.py-9] [INFO] [1786903537.494113495] [velocity_path_follower]: 575.1s  wp 1353/5251 이탈0.0m  위치 (  29.52,  -142.07,  10.89)
[velocity_path_follower.py-9] [INFO] [1786903537.794051249] [velocity_path_follower]: waypoint 1353 / 5251 도달 (선 이탈 0.03 m)
[velocity_path_follower.py-9] [INFO] [1786903538.144012322] [velocity_path_follower]: waypoint 1354 / 5251 도달 (선 이탈 0.03 m)
[velocity_path_follower.py-9] [INFO] [1786903538.494030563] [velocity_path_follower]: waypoint 1355 / 5251 도달 (선 이탈 0.03 m)
[velocity_path_follower.py-9] [INFO] [1786903538.844288097] [velocity_path_follower]: waypoint 1356 / 5251 도달 (선 이탈 0.03 m)
[velocity_path_follower.py-9] [INFO] [1786903539.144108514] [velocity_path_follower]: waypoint 1357 / 5251 도달 (선 이탈 0.03 m)
[velocity_path_follower.py-9] [INFO] [1786903539.493958877] [velocity_path_follower]: waypoint 1358 / 5251 도달 (선 이탈 0.03 m)
[velocity_path_follower.py-9] [INFO] [1786903539.894004394] [velocity_path_follower]: waypoint 1359 / 5251 도달 (선 이탈 0.02 m)
[velocity_path_follower.py-9] [INFO] [1786903540.200386963] [velocity_path_follower]: waypoint 1360 / 5251 도달 (선 이탈 0.02 m)
[velocity_path_follower.py-9] [INFO] [1786903540.552622933] [velocity_path_follower]: waypoint 1361 / 5251 도달 (선 이탈 0.02 m)
[velocity_path_follower.py-9] [INFO] [1786903540.902086040] [velocity_path_follower]: waypoint 1362 / 5251 도달 (선 이탈 0.02 m)
[velocity_path_follower.py-9] [INFO] [1786903541.259666107] [velocity_path_follower]: waypoint 1363 / 5251 도달 (선 이탈 0.01 m)
[velocity_path_follower.py-9] [INFO] [1786903541.611622073] [velocity_path_follower]: waypoint 1364 / 5251 도달 (선 이탈 0.01 m)
[velocity_path_follower.py-9] [INFO] [1786903541.961518267] [velocity_path_follower]: waypoint 1365 / 5251 도달 (선 이탈 0.01 m)
[velocity_path_follower.py-9] [INFO] [1786903542.311802172] [velocity_path_follower]: waypoint 1366 / 5251 도달 (선 이탈 0.01 m)
[velocity_path_follower.py-9] [INFO] [1786903542.461755046] [velocity_path_follower]: 580.0s  wp 1367/5251 이탈0.0m  위치 (  36.68,  -142.10,   9.78)
[velocity_path_follower.py-9] [INFO] [1786903542.661657448] [velocity_path_follower]: waypoint 1367 / 5251 도달 (선 이탈 0.00 m)
[velocity_path_follower.py-9] [INFO] [1786903543.011722476] [velocity_path_follower]: waypoint 1368 / 5251 도달 (선 이탈 0.00 m)
[velocity_path_follower.py-9] [INFO] [1786903543.361516625] [velocity_path_follower]: waypoint 1369 / 5251 도달 (선 이탈 0.00 m)
[velocity_path_follower.py-9] [INFO] [1786903543.711826613] [velocity_path_follower]: waypoint 1370 / 5251 도달 (선 이탈 0.00 m)
[velocity_path_follower.py-9] [INFO] [1786903544.061682929] [velocity_path_follower]: waypoint 1371 / 5251 도달 (선 이탈 0.01 m)
[velocity_path_follower.py-9] [INFO] [1786903544.411605953] [velocity_path_follower]: waypoint 1372 / 5251 도달 (선 이탈 0.01 m)
[velocity_path_follower.py-9] [INFO] [1786903544.711811578] [velocity_path_follower]: waypoint 1373 / 5251 도달 (선 이탈 0.01 m)
[velocity_path_follower.py-9] [INFO] [1786903545.111893923] [velocity_path_follower]: waypoint 1374 / 5251 도달 (선 이탈 0.01 m)
[velocity_path_follower.py-9] [INFO] [1786903545.411904878] [velocity_path_follower]: waypoint 1375 / 5251 도달 (선 이탈 0.01 m)
[velocity_path_follower.py-9] [INFO] [1786903545.761853110] [velocity_path_follower]: waypoint 1376 / 5251 도달 (선 이탈 0.01 m)
[velocity_path_follower.py-9] [INFO] [1786903546.111610381] [velocity_path_follower]: waypoint 1377 / 5251 도달 (선 이탈 0.01 m)
[velocity_path_follower.py-9] [INFO] [1786903546.463621217] [velocity_path_follower]: waypoint 1378 / 5251 도달 (선 이탈 0.01 m)
[velocity_path_follower.py-9] [INFO] [1786903546.813750366] [velocity_path_follower]: waypoint 1379 / 5251 도달 (선 이탈 0.01 m)
[velocity_path_follower.py-9] [INFO] [1786903547.166745962] [velocity_path_follower]: waypoint 1380 / 5251 도달 (선 이탈 0.01 m)
[velocity_path_follower.py-9] [INFO] [1786903547.475606550] [velocity_path_follower]: 585.0s  wp 1381/5251 이탈0.0m  위치 (  43.86,  -142.11,   8.28)
[velocity_path_follower.py-9] [INFO] [1786903547.525746579] [velocity_path_follower]: waypoint 1381 / 5251 도달 (선 이탈 0.01 m)
[velocity_path_follower.py-9] [INFO] [1786903547.876154813] [velocity_path_follower]: waypoint 1382 / 5251 도달 (선 이탈 0.01 m)
[velocity_path_follower.py-9] [INFO] [1786903548.225757413] [velocity_path_follower]: waypoint 1383 / 5251 도달 (선 이탈 0.01 m)
[velocity_path_follower.py-9] [INFO] [1786903548.575712184] [velocity_path_follower]: waypoint 1384 / 5251 도달 (선 이탈 0.01 m)
[velocity_path_follower.py-9] [INFO] [1786903548.875660261] [velocity_path_follower]: waypoint 1385 / 5251 도달 (선 이탈 0.01 m)
[velocity_path_follower.py-9] [INFO] [1786903549.275500347] [velocity_path_follower]: waypoint 1386 / 5251 도달 (선 이탈 0.01 m)
[velocity_path_follower.py-9] [INFO] [1786903549.575700051] [velocity_path_follower]: waypoint 1387 / 5251 도달 (선 이탈 0.01 m)
[velocity_path_follower.py-9] [INFO] [1786903549.925433110] [velocity_path_follower]: waypoint 1388 / 5251 도달 (선 이탈 0.01 m)
[velocity_path_follower.py-9] [INFO] [1786903550.325495989] [velocity_path_follower]: waypoint 1389 / 5251 도달 (선 이탈 0.00 m)
[velocity_path_follower.py-9] [INFO] [1786903550.625453523] [velocity_path_follower]: waypoint 1390 / 5251 도달 (선 이탈 0.00 m)
[velocity_path_follower.py-9] [INFO] [1786903550.975680710] [velocity_path_follower]: waypoint 1391 / 5251 도달 (선 이탈 0.00 m)
[velocity_path_follower.py-9] [INFO] [1786903551.327492830] [velocity_path_follower]: waypoint 1392 / 5251 도달 (선 이탈 0.00 m)
[velocity_path_follower.py-9] [INFO] [1786903551.677847102] [velocity_path_follower]: waypoint 1393 / 5251 도달 (선 이탈 0.00 m)
[velocity_path_follower.py-9] [INFO] [1786903552.027607075] [velocity_path_follower]: waypoint 1394 / 5251 도달 (선 이탈 0.00 m)
[velocity_path_follower.py-9] [INFO] [1786903552.377999013] [velocity_path_follower]: waypoint 1395 / 5251 도달 (선 이탈 0.00 m)
[velocity_path_follower.py-9] [INFO] [1786903552.477483434] [velocity_path_follower]: 590.0s  wp 1396/5251 이탈0.0m  위치 (  51.07,  -142.10,  11.05)
[velocity_path_follower.py-9] [INFO] [1786903552.727811902] [velocity_path_follower]: waypoint 1396 / 5251 도달 (선 이탈 0.01 m)
[velocity_path_follower.py-9] [INFO] [1786903553.077673834] [velocity_path_follower]: waypoint 1397 / 5251 도달 (선 이탈 0.01 m)
[velocity_path_follower.py-9] [INFO] [1786903553.427757350] [velocity_path_follower]: waypoint 1398 / 5251 도달 (선 이탈 0.01 m)
[velocity_path_follower.py-9] [INFO] [1786903553.777602447] [velocity_path_follower]: waypoint 1399 / 5251 도달 (선 이탈 0.01 m)
[velocity_path_follower.py-9] [INFO] [1786903554.127698880] [velocity_path_follower]: waypoint 1400 / 5251 도달 (선 이탈 0.01 m)
[velocity_path_follower.py-9] [INFO] [1786903554.427476450] [velocity_path_follower]: waypoint 1401 / 5251 도달 (선 이탈 0.01 m)
[velocity_path_follower.py-9] [INFO] [1786903554.827637159] [velocity_path_follower]: waypoint 1402 / 5251 도달 (선 이탈 0.01 m)
[velocity_path_follower.py-9] [INFO] [1786903555.127697481] [velocity_path_follower]: waypoint 1403 / 5251 도달 (선 이탈 0.01 m)
[velocity_path_follower.py-9] [INFO] [1786903555.477513576] [velocity_path_follower]: waypoint 1404 / 5251 도달 (선 이탈 0.01 m)
[velocity_path_follower.py-9] [INFO] [1786903555.827718549] [velocity_path_follower]: waypoint 1405 / 5251 도달 (선 이탈 0.01 m)
[velocity_path_follower.py-9] [INFO] [1786903556.177745521] [velocity_path_follower]: waypoint 1406 / 5251 도달 (선 이탈 0.01 m)
[velocity_path_follower.py-9] [INFO] [1786903556.527849534] [velocity_path_follower]: waypoint 1407 / 5251 도달 (선 이탈 0.01 m)
[velocity_path_follower.py-9] [INFO] [1786903556.877733421] [velocity_path_follower]: waypoint 1408 / 5251 도달 (선 이탈 0.01 m)
[velocity_path_follower.py-9] [INFO] [1786903557.227782224] [velocity_path_follower]: waypoint 1409 / 5251 도달 (선 이탈 0.01 m)
[velocity_path_follower.py-9] [INFO] [1786903557.477718226] [velocity_path_follower]: 595.0s  wp 1410/5251 이탈0.0m  위치 (  58.32,  -142.09,  14.29)
[velocity_path_follower.py-9] [INFO] [1786903557.577701360] [velocity_path_follower]: waypoint 1410 / 5251 도달 (선 이탈 0.01 m)
[velocity_path_follower.py-9] [INFO] [1786903557.927596620] [velocity_path_follower]: waypoint 1411 / 5251 도달 (선 이탈 0.00 m)
[velocity_path_follower.py-9] [INFO] [1786903558.277637214] [velocity_path_follower]: waypoint 1412 / 5251 도달 (선 이탈 0.00 m)
[velocity_path_follower.py-9] [INFO] [1786903558.627990353] [velocity_path_follower]: waypoint 1413 / 5251 도달 (선 이탈 0.00 m)
[velocity_path_follower.py-9] [INFO] [1786903562.485776816] [velocity_path_follower]: 600.0s  wp 1414/5251 이탈2.6m  위치 (  63.99,  -140.53,  10.25)
[velocity_path_follower.py-9] [INFO] [1786903563.786696174] [velocity_path_follower]: waypoint 1414 / 5251 도달 (선 이탈 3.00 m)
[velocity_path_follower.py-9] [INFO] [1786903567.488417901] [velocity_path_follower]: 605.0s  wp 1416/5251 이탈1.0m  위치 (  63.26,  -137.09,   7.94)
[velocity_path_follower.py-9] [INFO] [1786903568.688478474] [velocity_path_follower]: waypoint 1416 / 5251 도달 (선 이탈 1.36 m)
[velocity_path_follower.py-9] [INFO] [1786903569.288493175] [velocity_path_follower]: waypoint 1417 / 5251 도달 (선 이탈 1.43 m)
[velocity_path_follower.py-9] [INFO] [1786903569.888609419] [velocity_path_follower]: waypoint 1418 / 5251 도달 (선 이탈 1.43 m)
[velocity_path_follower.py-9] [INFO] [1786903570.438680678] [velocity_path_follower]: waypoint 1419 / 5251 도달 (선 이탈 1.39 m)
[velocity_path_follower.py-9] [INFO] [1786903570.988694437] [velocity_path_follower]: waypoint 1420 / 5251 도달 (선 이탈 1.30 m)
[velocity_path_follower.py-9] [INFO] [1786903571.538739486] [velocity_path_follower]: waypoint 1421 / 5251 도달 (선 이탈 1.17 m)
[velocity_path_follower.py-9] [INFO] [1786903572.038473425] [velocity_path_follower]: waypoint 1422 / 5251 도달 (선 이탈 1.03 m)
[velocity_path_follower.py-9] [INFO] [1786903572.488380008] [velocity_path_follower]: 610.0s  wp 1423/5251 이탈0.9m  위치 (  58.96,  -137.21,  10.40)
[velocity_path_follower.py-9] [INFO] [1786903572.588493764] [velocity_path_follower]: waypoint 1423 / 5251 도달 (선 이탈 0.85 m)
[velocity_path_follower.py-9] [INFO] [1786903573.038437639] [velocity_path_follower]: waypoint 1424 / 5251 도달 (선 이탈 0.69 m)
[velocity_path_follower.py-9] [INFO] [1786903573.538505746] [velocity_path_follower]: waypoint 1425 / 5251 도달 (선 이탈 0.51 m)
[velocity_path_follower.py-9] [INFO] [1786903574.038478018] [velocity_path_follower]: waypoint 1426 / 5251 도달 (선 이탈 0.32 m)
[velocity_path_follower.py-9] [INFO] [1786903574.488741102] [velocity_path_follower]: waypoint 1427 / 5251 도달 (선 이탈 0.15 m)
[velocity_path_follower.py-9] [INFO] [1786903574.938791350] [velocity_path_follower]: waypoint 1428 / 5251 도달 (선 이탈 0.01 m)
[velocity_path_follower.py-9] [INFO] [1786903575.338436029] [velocity_path_follower]: waypoint 1429 / 5251 도달 (선 이탈 0.14 m)
[velocity_path_follower.py-9] [INFO] [1786903575.788480359] [velocity_path_follower]: waypoint 1430 / 5251 도달 (선 이탈 0.28 m)
[velocity_path_follower.py-9] [INFO] [1786903576.188858420] [velocity_path_follower]: waypoint 1431 / 5251 도달 (선 이탈 0.38 m)
[velocity_path_follower.py-9] [INFO] [1786903576.638438411] [velocity_path_follower]: waypoint 1432 / 5251 도달 (선 이탈 0.49 m)
[velocity_path_follower.py-9] [INFO] [1786903577.038484968] [velocity_path_follower]: waypoint 1433 / 5251 도달 (선 이탈 0.57 m)
[velocity_path_follower.py-9] [INFO] [1786903577.438634024] [velocity_path_follower]: waypoint 1434 / 5251 도달 (선 이탈 0.62 m)
[velocity_path_follower.py-9] [INFO] [1786903577.488338210] [velocity_path_follower]: 615.0s  wp 1435/5251 이탈0.6m  위치 (  53.30,  -138.73,  10.38)
[velocity_path_follower.py-9] [INFO] [1786903577.838432577] [velocity_path_follower]: waypoint 1435 / 5251 도달 (선 이탈 0.67 m)
[velocity_path_follower.py-9] [INFO] [1786903578.238679175] [velocity_path_follower]: waypoint 1436 / 5251 도달 (선 이탈 0.69 m)
[velocity_path_follower.py-9] [INFO] [1786903578.638679646] [velocity_path_follower]: waypoint 1437 / 5251 도달 (선 이탈 0.70 m)
[velocity_path_follower.py-9] [INFO] [1786903579.040802430] [velocity_path_follower]: waypoint 1438 / 5251 도달 (선 이탈 0.70 m)
[velocity_path_follower.py-9] [INFO] [1786903579.390827836] [velocity_path_follower]: waypoint 1439 / 5251 도달 (선 이탈 0.68 m)
[velocity_path_follower.py-9] [INFO] [1786903579.790657012] [velocity_path_follower]: waypoint 1440 / 5251 도달 (선 이탈 0.65 m)
[velocity_path_follower.py-9] [INFO] [1786903580.190846607] [velocity_path_follower]: waypoint 1441 / 5251 도달 (선 이탈 0.61 m)
[velocity_path_follower.py-9] [INFO] [1786903580.590691366] [velocity_path_follower]: waypoint 1442 / 5251 도달 (선 이탈 0.55 m)
[velocity_path_follower.py-9] [INFO] [1786903580.992903149] [velocity_path_follower]: waypoint 1443 / 5251 도달 (선 이탈 0.49 m)
[velocity_path_follower.py-9] [INFO] [1786903581.342713300] [velocity_path_follower]: waypoint 1444 / 5251 도달 (선 이탈 0.43 m)
[velocity_path_follower.py-9] [INFO] [1786903581.742664892] [velocity_path_follower]: waypoint 1445 / 5251 도달 (선 이탈 0.36 m)
[velocity_path_follower.py-9] [INFO] [1786903582.142685983] [velocity_path_follower]: waypoint 1446 / 5251 도달 (선 이탈 0.28 m)
[velocity_path_follower.py-9] [INFO] [1786903582.492701469] [velocity_path_follower]: waypoint 1447 / 5251 도달 (선 이탈 0.21 m)
[velocity_path_follower.py-9] [INFO] [1786903582.542456155] [velocity_path_follower]: 620.1s  wp 1448/5251 이탈0.2m  위치 (  46.80,  -138.30,   8.84)
[velocity_path_follower.py-9] [INFO] [1786903582.842754372] [velocity_path_follower]: waypoint 1448 / 5251 도달 (선 이탈 0.14 m)
[velocity_path_follower.py-9] [INFO] [1786903583.242908839] [velocity_path_follower]: waypoint 1449 / 5251 도달 (선 이탈 0.07 m)
[velocity_path_follower.py-9] [INFO] [1786903583.646760011] [velocity_path_follower]: waypoint 1450 / 5251 도달 (선 이탈 0.01 m)
[velocity_path_follower.py-9] [INFO] [1786903583.996766162] [velocity_path_follower]: waypoint 1451 / 5251 도달 (선 이탈 0.07 m)
[velocity_path_follower.py-9] [INFO] [1786903584.346717895] [velocity_path_follower]: waypoint 1452 / 5251 도달 (선 이탈 0.13 m)
[velocity_path_follower.py-9] [INFO] [1786903584.746832319] [velocity_path_follower]: waypoint 1453 / 5251 도달 (선 이탈 0.18 m)
[velocity_path_follower.py-9] [INFO] [1786903585.096515507] [velocity_path_follower]: waypoint 1454 / 5251 도달 (선 이탈 0.23 m)
[velocity_path_follower.py-9] [INFO] [1786903585.446669117] [velocity_path_follower]: waypoint 1455 / 5251 도달 (선 이탈 0.27 m)
[velocity_path_follower.py-9] [INFO] [1786903585.796833184] [velocity_path_follower]: waypoint 1456 / 5251 도달 (선 이탈 0.30 m)
[velocity_path_follower.py-9] [INFO] [1786903586.196732729] [velocity_path_follower]: waypoint 1457 / 5251 도달 (선 이탈 0.32 m)
[velocity_path_follower.py-9] [INFO] [1786903586.546775461] [velocity_path_follower]: waypoint 1458 / 5251 도달 (선 이탈 0.34 m)
[velocity_path_follower.py-9] [INFO] [1786903586.898949382] [velocity_path_follower]: waypoint 1459 / 5251 도달 (선 이탈 0.35 m)
[velocity_path_follower.py-9] [INFO] [1786903587.249358909] [velocity_path_follower]: waypoint 1460 / 5251 도달 (선 이탈 0.35 m)
[velocity_path_follower.py-9] [INFO] [1786903587.501493912] [velocity_path_follower]: 625.0s  wp 1461/5251 이탈0.4m  위치 (  40.02,  -137.75,  10.10)
[velocity_path_follower.py-9] [INFO] [1786903587.651451433] [velocity_path_follower]: waypoint 1461 / 5251 도달 (선 이탈 0.35 m)
[velocity_path_follower.py-9] [INFO] [1786903588.001391871] [velocity_path_follower]: waypoint 1462 / 5251 도달 (선 이탈 0.34 m)
[velocity_path_follower.py-9] [INFO] [1786903588.351497810] [velocity_path_follower]: waypoint 1463 / 5251 도달 (선 이탈 0.32 m)
[velocity_path_follower.py-9] [INFO] [1786903588.706800596] [velocity_path_follower]: waypoint 1464 / 5251 도달 (선 이탈 0.30 m)
[velocity_path_follower.py-9] [INFO] [1786903589.057024744] [velocity_path_follower]: waypoint 1465 / 5251 도달 (선 이탈 0.28 m)
[velocity_path_follower.py-9] [INFO] [1786903589.406703928] [velocity_path_follower]: waypoint 1466 / 5251 도달 (선 이탈 0.25 m)
[velocity_path_follower.py-9] [INFO] [1786903589.756680865] [velocity_path_follower]: waypoint 1467 / 5251 도달 (선 이탈 0.22 m)
[velocity_path_follower.py-9] [INFO] [1786903590.156656864] [velocity_path_follower]: waypoint 1468 / 5251 도달 (선 이탈 0.18 m)
[velocity_path_follower.py-9] [INFO] [1786903590.508947949] [velocity_path_follower]: waypoint 1469 / 5251 도달 (선 이탈 0.15 m)
[velocity_path_follower.py-9] [INFO] [1786903590.858907010] [velocity_path_follower]: waypoint 1470 / 5251 도달 (선 이탈 0.11 m)
[velocity_path_follower.py-9] [INFO] [1786903591.208961404] [velocity_path_follower]: waypoint 1471 / 5251 도달 (선 이탈 0.08 m)
[velocity_path_follower.py-9] [INFO] [1786903591.558886380] [velocity_path_follower]: waypoint 1472 / 5251 도달 (선 이탈 0.04 m)
[velocity_path_follower.py-9] [INFO] [1786903591.909038109] [velocity_path_follower]: waypoint 1473 / 5251 도달 (선 이탈 0.01 m)
[velocity_path_follower.py-9] [INFO] [1786903592.259019793] [velocity_path_follower]: waypoint 1474 / 5251 도달 (선 이탈 0.02 m)
[velocity_path_follower.py-9] [INFO] [1786903592.509099187] [velocity_path_follower]: 630.0s  wp 1475/5251 이탈0.0m  위치 (  33.00,  -138.15,  12.07)
[velocity_path_follower.py-9] [INFO] [1786903592.609033644] [velocity_path_follower]: waypoint 1475 / 5251 도달 (선 이탈 0.05 m)
[velocity_path_follower.py-9] [INFO] [1786903592.958876452] [velocity_path_follower]: waypoint 1476 / 5251 도달 (선 이탈 0.08 m)
[velocity_path_follower.py-9] [INFO] [1786903593.310062231] [velocity_path_follower]: waypoint 1477 / 5251 도달 (선 이탈 0.11 m)
[velocity_path_follower.py-9] [INFO] [1786903593.665879391] [velocity_path_follower]: waypoint 1478 / 5251 도달 (선 이탈 0.13 m)
[velocity_path_follower.py-9] [INFO] [1786903594.015672697] [velocity_path_follower]: waypoint 1479 / 5251 도달 (선 이탈 0.15 m)
[velocity_path_follower.py-9] [INFO] [1786903594.365839881] [velocity_path_follower]: waypoint 1480 / 5251 도달 (선 이탈 0.16 m)
[velocity_path_follower.py-9] [INFO] [1786903594.715855855] [velocity_path_follower]: waypoint 1481 / 5251 도달 (선 이탈 0.17 m)
[velocity_path_follower.py-9] [INFO] [1786903595.065795412] [velocity_path_follower]: waypoint 1482 / 5251 도달 (선 이탈 0.18 m)
[velocity_path_follower.py-9] [INFO] [1786903595.416134638] [velocity_path_follower]: waypoint 1483 / 5251 도달 (선 이탈 0.19 m)
[velocity_path_follower.py-9] [INFO] [1786903595.765878775] [velocity_path_follower]: waypoint 1484 / 5251 도달 (선 이탈 0.19 m)
[velocity_path_follower.py-9] [INFO] [1786903596.165834101] [velocity_path_follower]: waypoint 1485 / 5251 도달 (선 이탈 0.18 m)
[velocity_path_follower.py-9] [INFO] [1786903596.465752302] [velocity_path_follower]: waypoint 1486 / 5251 도달 (선 이탈 0.18 m)
[velocity_path_follower.py-9] [INFO] [1786903596.820955286] [velocity_path_follower]: waypoint 1487 / 5251 도달 (선 이탈 0.17 m)
[velocity_path_follower.py-9] [INFO] [1786903597.188100853] [velocity_path_follower]: waypoint 1488 / 5251 도달 (선 이탈 0.16 m)
[velocity_path_follower.py-9] [INFO] [1786903597.539725424] [velocity_path_follower]: 635.0s  wp 1489/5251 이탈0.2m  위치 (  25.91,  -138.25,  10.98)
[velocity_path_follower.py-9] [INFO] [1786903597.589784944] [velocity_path_follower]: waypoint 1489 / 5251 도달 (선 이탈 0.15 m)
[velocity_path_follower.py-9] [INFO] [1786903597.889714728] [velocity_path_follower]: waypoint 1490 / 5251 도달 (선 이탈 0.14 m)
[velocity_path_follower.py-9] [INFO] [1786903598.296188660] [velocity_path_follower]: waypoint 1491 / 5251 도달 (선 이탈 0.12 m)
[velocity_path_follower.py-9] [INFO] [1786903598.599088266] [velocity_path_follower]: waypoint 1492 / 5251 도달 (선 이탈 0.10 m)
[velocity_path_follower.py-9] [INFO] [1786903599.003989973] [velocity_path_follower]: waypoint 1493 / 5251 도달 (선 이탈 0.08 m)
[velocity_path_follower.py-9] [INFO] [1786903599.306374323] [velocity_path_follower]: waypoint 1494 / 5251 도달 (선 이탈 0.07 m)
[velocity_path_follower.py-9] [INFO] [1786903599.710222310] [velocity_path_follower]: waypoint 1495 / 5251 도달 (선 이탈 0.04 m)
[velocity_path_follower.py-9] [INFO] [1786903600.009717879] [velocity_path_follower]: waypoint 1496 / 5251 도달 (선 이탈 0.03 m)
[velocity_path_follower.py-9] [INFO] [1786903600.359727681] [velocity_path_follower]: waypoint 1497 / 5251 도달 (선 이탈 0.01 m)
[velocity_path_follower.py-9] [INFO] [1786903600.717933567] [velocity_path_follower]: waypoint 1498 / 5251 도달 (선 이탈 0.01 m)
[velocity_path_follower.py-9] [INFO] [1786903601.067678408] [velocity_path_follower]: waypoint 1499 / 5251 도달 (선 이탈 0.02 m)
[velocity_path_follower.py-9] [INFO] [1786903601.420480154] [velocity_path_follower]: waypoint 1500 / 5251 도달 (선 이탈 0.04 m)
[velocity_path_follower.py-9] [INFO] [1786903601.772868479] [velocity_path_follower]: waypoint 1501 / 5251 도달 (선 이탈 0.05 m)
[velocity_path_follower.py-9] [INFO] [1786903602.124619256] [velocity_path_follower]: waypoint 1502 / 5251 도달 (선 이탈 0.06 m)
[velocity_path_follower.py-9] [INFO] [1786903602.476832328] [velocity_path_follower]: waypoint 1503 / 5251 도달 (선 이탈 0.07 m)
[velocity_path_follower.py-9] [INFO] [1786903602.576834491] [velocity_path_follower]: 640.0s  wp 1504/5251 이탈0.1m  위치 (  18.71,  -138.02,  10.49)
[velocity_path_follower.py-9] [INFO] [1786903602.826725252] [velocity_path_follower]: waypoint 1504 / 5251 도달 (선 이탈 0.08 m)
[velocity_path_follower.py-9] [INFO] [1786903603.177218223] [velocity_path_follower]: waypoint 1505 / 5251 도달 (선 이탈 0.09 m)
[velocity_path_follower.py-9] [INFO] [1786903603.529437086] [velocity_path_follower]: waypoint 1506 / 5251 도달 (선 이탈 0.09 m)
[velocity_path_follower.py-9] [INFO] [1786903603.879408968] [velocity_path_follower]: waypoint 1507 / 5251 도달 (선 이탈 0.10 m)
[velocity_path_follower.py-9] [INFO] [1786903604.231849416] [velocity_path_follower]: waypoint 1508 / 5251 도달 (선 이탈 0.10 m)
[velocity_path_follower.py-9] [INFO] [1786903604.581805713] [velocity_path_follower]: waypoint 1509 / 5251 도달 (선 이탈 0.10 m)
[velocity_path_follower.py-9] [INFO] [1786903604.934509205] [velocity_path_follower]: waypoint 1510 / 5251 도달 (선 이탈 0.09 m)
[velocity_path_follower.py-9] [INFO] [1786903605.286725858] [velocity_path_follower]: waypoint 1511 / 5251 도달 (선 이탈 0.09 m)
[velocity_path_follower.py-9] [INFO] [1786903605.638660175] [velocity_path_follower]: waypoint 1512 / 5251 도달 (선 이탈 0.08 m)
[velocity_path_follower.py-9] [INFO] [1786903605.991114039] [velocity_path_follower]: waypoint 1513 / 5251 도달 (선 이탈 0.08 m)
[velocity_path_follower.py-9] [INFO] [1786903606.347507068] [velocity_path_follower]: waypoint 1514 / 5251 도달 (선 이탈 0.07 m)
[velocity_path_follower.py-9] [INFO] [1786903606.699642719] [velocity_path_follower]: waypoint 1515 / 5251 도달 (선 이탈 0.06 m)
[velocity_path_follower.py-9] [INFO] [1786903607.049708182] [velocity_path_follower]: waypoint 1516 / 5251 도달 (선 이탈 0.05 m)
[velocity_path_follower.py-9] [INFO] [1786903607.349678541] [velocity_path_follower]: waypoint 1517 / 5251 도달 (선 이탈 0.04 m)
[velocity_path_follower.py-9] [INFO] [1786903607.601668612] [velocity_path_follower]: 645.0s  wp 1518/5251 이탈0.0m  위치 (  11.52,  -138.06,  11.13)
[velocity_path_follower.py-9] [INFO] [1786903607.751885252] [velocity_path_follower]: waypoint 1518 / 5251 도달 (선 이탈 0.03 m)
[velocity_path_follower.py-9] [INFO] [1786903608.053615463] [velocity_path_follower]: waypoint 1519 / 5251 도달 (선 이탈 0.02 m)
[velocity_path_follower.py-9] [INFO] [1786903608.407296295] [velocity_path_follower]: waypoint 1520 / 5251 도달 (선 이탈 0.01 m)
[velocity_path_follower.py-9] [INFO] [1786903608.762612019] [velocity_path_follower]: waypoint 1521 / 5251 도달 (선 이탈 0.01 m)
[velocity_path_follower.py-9] [INFO] [1786903609.112477436] [velocity_path_follower]: waypoint 1522 / 5251 도달 (선 이탈 0.00 m)
[velocity_path_follower.py-9] [INFO] [1786903609.463245154] [velocity_path_follower]: waypoint 1523 / 5251 도달 (선 이탈 0.01 m)
[velocity_path_follower.py-9] [INFO] [1786903609.814677295] [velocity_path_follower]: waypoint 1524 / 5251 도달 (선 이탈 0.02 m)
[velocity_path_follower.py-9] [INFO] [1786903610.164493252] [velocity_path_follower]: waypoint 1525 / 5251 도달 (선 이탈 0.03 m)
[velocity_path_follower.py-9] [INFO] [1786903610.514645087] [velocity_path_follower]: waypoint 1526 / 5251 도달 (선 이탈 0.03 m)
[velocity_path_follower.py-9] [INFO] [1786903610.867738161] [velocity_path_follower]: waypoint 1527 / 5251 도달 (선 이탈 0.04 m)
[velocity_path_follower.py-9] [INFO] [1786903611.217735452] [velocity_path_follower]: waypoint 1528 / 5251 도달 (선 이탈 0.04 m)
[velocity_path_follower.py-9] [INFO] [1786903611.567588450] [velocity_path_follower]: waypoint 1529 / 5251 도달 (선 이탈 0.05 m)
[velocity_path_follower.py-9] [INFO] [1786903611.917724201] [velocity_path_follower]: waypoint 1530 / 5251 도달 (선 이탈 0.05 m)
[velocity_path_follower.py-9] [INFO] [1786903612.267742283] [velocity_path_follower]: waypoint 1531 / 5251 도달 (선 이탈 0.05 m)
[velocity_path_follower.py-9] [INFO] [1786903612.620376684] [velocity_path_follower]: waypoint 1532 / 5251 도달 (선 이탈 0.05 m)
[velocity_path_follower.py-9] [INFO] [1786903612.673776778] [velocity_path_follower]: 650.1s  wp 1533/5251 이탈0.1m  위치 (   4.26,  -138.15,   9.76)
[velocity_path_follower.py-9] [INFO] [1786903612.973625257] [velocity_path_follower]: waypoint 1533 / 5251 도달 (선 이탈 0.05 m)
[velocity_path_follower.py-9] [INFO] [1786903613.273800406] [velocity_path_follower]: waypoint 1534 / 5251 도달 (선 이탈 0.05 m)
[velocity_path_follower.py-9] [INFO] [1786903613.674277634] [velocity_path_follower]: waypoint 1535 / 5251 도달 (선 이탈 0.05 m)
[velocity_path_follower.py-9] [INFO] [1786903613.973851901] [velocity_path_follower]: waypoint 1536 / 5251 도달 (선 이탈 0.05 m)
[velocity_path_follower.py-9] [INFO] [1786903614.323926107] [velocity_path_follower]: waypoint 1537 / 5251 도달 (선 이탈 0.04 m)
[velocity_path_follower.py-9] [INFO] [1786903614.692475087] [velocity_path_follower]: waypoint 1538 / 5251 도달 (선 이탈 0.04 m)
[velocity_path_follower.py-9] [INFO] [1786903615.042217497] [velocity_path_follower]: waypoint 1539 / 5251 도달 (선 이탈 0.04 m)
[velocity_path_follower.py-9] [INFO] [1786903615.395386234] [velocity_path_follower]: waypoint 1540 / 5251 도달 (선 이탈 0.03 m)
[velocity_path_follower.py-9] [INFO] [1786903615.748774056] [velocity_path_follower]: waypoint 1541 / 5251 도달 (선 이탈 0.03 m)
[velocity_path_follower.py-9] [INFO] [1786903616.098615175] [velocity_path_follower]: waypoint 1542 / 5251 도달 (선 이탈 0.02 m)
[velocity_path_follower.py-9] [INFO] [1786903616.448853422] [velocity_path_follower]: waypoint 1543 / 5251 도달 (선 이탈 0.02 m)
[velocity_path_follower.py-9] [INFO] [1786903616.802495579] [velocity_path_follower]: waypoint 1544 / 5251 도달 (선 이탈 0.01 m)
[velocity_path_follower.py-9] [INFO] [1786903617.152616117] [velocity_path_follower]: waypoint 1545 / 5251 도달 (선 이탈 0.01 m)
[velocity_path_follower.py-9] [INFO] [1786903617.504834508] [velocity_path_follower]: waypoint 1546 / 5251 도달 (선 이탈 0.00 m)
[velocity_path_follower.py-9] [INFO] [1786903617.654791684] [velocity_path_follower]: 655.0s  wp 1547/5251 이탈0.0m  위치 (  -2.89,  -138.10,   7.41)
[velocity_path_follower.py-9] [INFO] [1786903617.854849127] [velocity_path_follower]: waypoint 1547 / 5251 도달 (선 이탈 0.00 m)
[velocity_path_follower.py-9] [INFO] [1786903618.207157269] [velocity_path_follower]: waypoint 1548 / 5251 도달 (선 이탈 0.01 m)
[velocity_path_follower.py-9] [INFO] [1786903618.513370559] [velocity_path_follower]: waypoint 1549 / 5251 도달 (선 이탈 0.01 m)
[velocity_path_follower.py-9] [INFO] [1786903618.867784056] [velocity_path_follower]: waypoint 1550 / 5251 도달 (선 이탈 0.02 m)
[velocity_path_follower.py-9] [INFO] [1786903619.222957518] [velocity_path_follower]: waypoint 1551 / 5251 도달 (선 이탈 0.02 m)
[velocity_path_follower.py-9] [INFO] [1786903619.572989844] [velocity_path_follower]: waypoint 1552 / 5251 도달 (선 이탈 0.02 m)
[velocity_path_follower.py-9] [INFO] [1786903619.923172171] [velocity_path_follower]: waypoint 1553 / 5251 도달 (선 이탈 0.02 m)
[velocity_path_follower.py-9] [INFO] [1786903620.272930243] [velocity_path_follower]: waypoint 1554 / 5251 도달 (선 이탈 0.02 m)
[velocity_path_follower.py-9] [INFO] [1786903620.625851806] [velocity_path_follower]: waypoint 1555 / 5251 도달 (선 이탈 0.03 m)
[velocity_path_follower.py-9] [INFO] [1786903620.975788046] [velocity_path_follower]: waypoint 1556 / 5251 도달 (선 이탈 0.03 m)
[velocity_path_follower.py-9] [INFO] [1786903621.327867016] [velocity_path_follower]: waypoint 1557 / 5251 도달 (선 이탈 0.03 m)
[velocity_path_follower.py-9] [INFO] [1786903621.683233936] [velocity_path_follower]: waypoint 1558 / 5251 도달 (선 이탈 0.03 m)
[velocity_path_follower.py-9] [INFO] [1786903622.033502387] [velocity_path_follower]: waypoint 1559 / 5251 도달 (선 이탈 0.03 m)
[velocity_path_follower.py-9] [INFO] [1786903622.385650898] [velocity_path_follower]: waypoint 1560 / 5251 도달 (선 이탈 0.02 m)
[velocity_path_follower.py-9] [INFO] [1786903622.691475765] [velocity_path_follower]: waypoint 1561 / 5251 도달 (선 이탈 0.02 m)
[velocity_path_follower.py-9] [INFO] [1786903622.739625512] [velocity_path_follower]: 660.1s  wp 1562/5251 이탈0.0m  위치 ( -10.16,  -138.08,  10.20)
[velocity_path_follower.py-9] [INFO] [1786903623.089508041] [velocity_path_follower]: waypoint 1562 / 5251 도달 (선 이탈 0.02 m)
[velocity_path_follower.py-9] [INFO] [1786903623.442505852] [velocity_path_follower]: waypoint 1563 / 5251 도달 (선 이탈 0.02 m)
[velocity_path_follower.py-9] [INFO] [1786903623.742764035] [velocity_path_follower]: waypoint 1564 / 5251 도달 (선 이탈 0.02 m)
[velocity_path_follower.py-9] [INFO] [1786903624.142813498] [velocity_path_follower]: waypoint 1565 / 5251 도달 (선 이탈 0.01 m)
[velocity_path_follower.py-9] [INFO] [1786903624.442745135] [velocity_path_follower]: waypoint 1566 / 5251 도달 (선 이탈 0.01 m)
[velocity_path_follower.py-9] [INFO] [1786903624.807513649] [velocity_path_follower]: waypoint 1567 / 5251 도달 (선 이탈 0.01 m)
[velocity_path_follower.py-9] [INFO] [1786903625.156785545] [velocity_path_follower]: waypoint 1568 / 5251 도달 (선 이탈 0.01 m)
[velocity_path_follower.py-9] [INFO] [1786903625.506795407] [velocity_path_follower]: waypoint 1569 / 5251 도달 (선 이탈 0.00 m)
[velocity_path_follower.py-9] [INFO] [1786903625.856849644] [velocity_path_follower]: waypoint 1570 / 5251 도달 (선 이탈 0.00 m)
[velocity_path_follower.py-9] [INFO] [1786903626.206902880] [velocity_path_follower]: waypoint 1571 / 5251 도달 (선 이탈 0.00 m)
[velocity_path_follower.py-9] [INFO] [1786903626.557101576] [velocity_path_follower]: waypoint 1572 / 5251 도달 (선 이탈 0.00 m)
[velocity_path_follower.py-9] [INFO] [1786903626.907179437] [velocity_path_follower]: waypoint 1573 / 5251 도달 (선 이탈 0.01 m)
[velocity_path_follower.py-9] [INFO] [1786903627.256986503] [velocity_path_follower]: waypoint 1574 / 5251 도달 (선 이탈 0.01 m)
[velocity_path_follower.py-9] [INFO] [1786903627.608816048] [velocity_path_follower]: waypoint 1575 / 5251 도달 (선 이탈 0.01 m)
[velocity_path_follower.py-9] [INFO] [1786903627.708846080] [velocity_path_follower]: 665.0s  wp 1576/5251 이탈0.0m  위치 ( -17.29,  -138.11,   9.94)
[velocity_path_follower.py-9] [INFO] [1786903627.959050743] [velocity_path_follower]: waypoint 1576 / 5251 도달 (선 이탈 0.01 m)
[velocity_path_follower.py-9] [INFO] [1786903628.309041102] [velocity_path_follower]: waypoint 1577 / 5251 도달 (선 이탈 0.01 m)
[velocity_path_follower.py-9] [INFO] [1786903628.609161863] [velocity_path_follower]: waypoint 1578 / 5251 도달 (선 이탈 0.01 m)
[velocity_path_follower.py-9] [INFO] [1786903628.958978178] [velocity_path_follower]: waypoint 1579 / 5251 도달 (선 이탈 0.01 m)
[velocity_path_follower.py-9] [INFO] [1786903629.359056260] [velocity_path_follower]: waypoint 1580 / 5251 도달 (선 이탈 0.02 m)
[velocity_path_follower.py-9] [INFO] [1786903629.659013977] [velocity_path_follower]: waypoint 1581 / 5251 도달 (선 이탈 0.02 m)
[velocity_path_follower.py-9] [INFO] [1786903630.009119627] [velocity_path_follower]: waypoint 1582 / 5251 도달 (선 이탈 0.02 m)
[velocity_path_follower.py-9] [INFO] [1786903630.359064900] [velocity_path_follower]: waypoint 1583 / 5251 도달 (선 이탈 0.01 m)
[velocity_path_follower.py-9] [INFO] [1786903630.708911047] [velocity_path_follower]: waypoint 1584 / 5251 도달 (선 이탈 0.01 m)
[velocity_path_follower.py-9] [INFO] [1786903631.058961321] [velocity_path_follower]: waypoint 1585 / 5251 도달 (선 이탈 0.01 m)
[velocity_path_follower.py-9] [INFO] [1786903632.708849192] [velocity_path_follower]: 670.0s  climb       위치 ( -24.28,  -138.11,   5.49)
[velocity_path_follower.py-9] [INFO] [1786903635.715612106] [velocity_path_follower]: waypoint 1586 / 5251 도달 (선 이탈 0.00 m)
[velocity_path_follower.py-9] [INFO] [1786903635.765788497] [velocity_path_follower]: waypoint 1587 / 5251 도달 (선 이탈 0.00 m)
[velocity_path_follower.py-9] [INFO] [1786903635.815754012] [velocity_path_follower]: waypoint 1588 / 5251 도달 (선 이탈 0.00 m)
[velocity_path_follower.py-9] [INFO] [1786903635.865577566] [velocity_path_follower]: waypoint 1589 / 5251 도달 (선 이탈 0.00 m)
[velocity_path_follower.py-9] [INFO] [1786903635.915585831] [velocity_path_follower]: waypoint 1590 / 5251 도달 (선 이탈 0.00 m)
[velocity_path_follower.py-9] [INFO] [1786903635.965771306] [velocity_path_follower]: waypoint 1591 / 5251 도달 (선 이탈 0.00 m)
[velocity_path_follower.py-9] [INFO] [1786903636.015519026] [velocity_path_follower]: waypoint 1592 / 5251 도달 (선 이탈 0.00 m)
[velocity_path_follower.py-9] [INFO] [1786903636.065662250] [velocity_path_follower]: waypoint 1593 / 5251 도달 (선 이탈 0.00 m)
[velocity_path_follower.py-9] [INFO] [1786903636.115450304] [velocity_path_follower]: waypoint 1594 / 5251 도달 (선 이탈 0.00 m)
[velocity_path_follower.py-9] [INFO] [1786903636.215655710] [velocity_path_follower]: waypoint 1595 / 5251 도달 (선 이탈 0.00 m)
[velocity_path_follower.py-9] [INFO] [1786903637.065852875] [velocity_path_follower]: waypoint 1596 / 5251 도달 (선 이탈 0.00 m)
[velocity_path_follower.py-9] [INFO] [1786903637.715730268] [velocity_path_follower]: 675.0s  wp 1597/5251 이탈0.0m  위치 ( -28.07,  -138.10,   7.85)
[velocity_path_follower.py-9] [INFO] [1786903637.765766200] [velocity_path_follower]: waypoint 1597 / 5251 도달 (선 이탈 0.00 m)
[velocity_path_follower.py-9] [INFO] [1786903638.416031638] [velocity_path_follower]: waypoint 1598 / 5251 도달 (선 이탈 0.00 m)
[velocity_path_follower.py-9] [INFO] [1786903638.965675874] [velocity_path_follower]: waypoint 1599 / 5251 도달 (선 이탈 0.00 m)
[velocity_path_follower.py-9] [INFO] [1786903639.515974657] [velocity_path_follower]: waypoint 1600 / 5251 도달 (선 이탈 0.00 m)
[velocity_path_follower.py-9] [INFO] [1786903640.015731129] [velocity_path_follower]: waypoint 1601 / 5251 도달 (선 이탈 0.00 m)
[velocity_path_follower.py-9] [INFO] [1786903640.565708991] [velocity_path_follower]: waypoint 1602 / 5251 도달 (선 이탈 0.00 m)
[velocity_path_follower.py-9] [INFO] [1786903641.015857201] [velocity_path_follower]: waypoint 1603 / 5251 도달 (선 이탈 0.00 m)
[velocity_path_follower.py-9] [INFO] [1786903641.465799075] [velocity_path_follower]: waypoint 1604 / 5251 도달 (선 이탈 0.00 m)
[velocity_path_follower.py-9] [INFO] [1786903641.965522961] [velocity_path_follower]: waypoint 1605 / 5251 도달 (선 이탈 0.00 m)
[velocity_path_follower.py-9] [INFO] [1786903642.365616446] [velocity_path_follower]: waypoint 1606 / 5251 도달 (선 이탈 0.00 m)
[velocity_path_follower.py-9] [INFO] [1786903642.715386957] [velocity_path_follower]: 680.0s  wp 1607/5251 이탈0.0m  위치 ( -33.01,  -138.10,   7.55)
[velocity_path_follower.py-9] [INFO] [1786903642.815676820] [velocity_path_follower]: waypoint 1607 / 5251 도달 (선 이탈 0.00 m)
[velocity_path_follower.py-9] [INFO] [1786903643.215801847] [velocity_path_follower]: waypoint 1608 / 5251 도달 (선 이탈 0.00 m)
[velocity_path_follower.py-9] [INFO] [1786903643.665670427] [velocity_path_follower]: waypoint 1609 / 5251 도달 (선 이탈 0.00 m)
[velocity_path_follower.py-9] [INFO] [1786903644.065636785] [velocity_path_follower]: waypoint 1610 / 5251 도달 (선 이탈 0.00 m)
[velocity_path_follower.py-9] [INFO] [1786903644.466074064] [velocity_path_follower]: waypoint 1611 / 5251 도달 (선 이탈 0.00 m)
[velocity_path_follower.py-9] [INFO] [1786903644.865661084] [velocity_path_follower]: waypoint 1612 / 5251 도달 (선 이탈 0.00 m)
[velocity_path_follower.py-9] [INFO] [1786903645.265755692] [velocity_path_follower]: waypoint 1613 / 5251 도달 (선 이탈 0.00 m)
[velocity_path_follower.py-9] [INFO] [1786903647.415754969] [velocity_path_follower]: waypoint 1614 / 5251 도달 (선 이탈 0.00 m)
[velocity_path_follower.py-9] [INFO] [1786903647.465826107] [velocity_path_follower]: waypoint 1615 / 5251 도달 (선 이탈 0.00 m)
[velocity_path_follower.py-9] [INFO] [1786903647.715815631] [velocity_path_follower]: 685.0s  wp 1616/5251 이탈0.3m  위치 ( -38.88,  -138.10,   6.54)
[velocity_path_follower.py-9] [INFO] [1786903652.565728408] [velocity_path_follower]: waypoint 1616 / 5251 도달 (선 이탈 1.84 m)
[velocity_path_follower.py-9] [INFO] [1786903652.715675820] [velocity_path_follower]: 690.0s  wp 1618/5251 이탈1.4m  위치 ( -40.41,  -135.48,   7.16)
[velocity_path_follower.py-9] [INFO] [1786903654.815819922] [velocity_path_follower]: waypoint 1618 / 5251 도달 (선 이탈 0.21 m)
[velocity_path_follower.py-9] [INFO] [1786903655.665502041] [velocity_path_follower]: waypoint 1619 / 5251 도달 (선 이탈 0.72 m)
[velocity_path_follower.py-9] [INFO] [1786903656.315852493] [velocity_path_follower]: waypoint 1620 / 5251 도달 (선 이탈 1.02 m)
[velocity_path_follower.py-9] [INFO] [1786903656.965477769] [velocity_path_follower]: waypoint 1621 / 5251 도달 (선 이탈 1.25 m)
[velocity_path_follower.py-9] [INFO] [1786903657.565831248] [velocity_path_follower]: waypoint 1622 / 5251 도달 (선 이탈 1.39 m)
[velocity_path_follower.py-9] [INFO] [1786903657.715488614] [velocity_path_follower]: 695.0s  wp 1623/5251 이탈1.4m  위치 ( -37.44,  -132.69,   6.53)
[velocity_path_follower.py-9] [INFO] [1786903658.115853837] [velocity_path_follower]: waypoint 1623 / 5251 도달 (선 이탈 1.45 m)
[velocity_path_follower.py-9] [INFO] [1786903659.215822677] [velocity_path_follower]: waypoint 1624 / 5251 도달 (선 이탈 1.43 m)
[velocity_path_follower.py-9] [INFO] [1786903659.265772313] [velocity_path_follower]: waypoint 1625 / 5251 도달 (선 이탈 1.43 m)
[velocity_path_follower.py-9] [INFO] [1786903659.865513283] [velocity_path_follower]: waypoint 1626 / 5251 도달 (선 이탈 1.40 m)
[velocity_path_follower.py-9] [INFO] [1786903660.465718340] [velocity_path_follower]: waypoint 1627 / 5251 도달 (선 이탈 1.31 m)
[velocity_path_follower.py-9] [INFO] [1786903661.015910301] [velocity_path_follower]: waypoint 1628 / 5251 도달 (선 이탈 1.20 m)
[velocity_path_follower.py-9] [INFO] [1786903661.565709340] [velocity_path_follower]: waypoint 1629 / 5251 도달 (선 이탈 1.05 m)
[velocity_path_follower.py-9] [INFO] [1786903662.115738715] [velocity_path_follower]: waypoint 1630 / 5251 도달 (선 이탈 0.88 m)
[velocity_path_follower.py-9] [INFO] [1786903662.665640338] [velocity_path_follower]: waypoint 1631 / 5251 도달 (선 이탈 0.69 m)
[velocity_path_follower.py-9] [INFO] [1786903662.715313429] [velocity_path_follower]: 700.0s  wp 1632/5251 이탈0.7m  위치 ( -33.00,  -133.43,   6.80)
[velocity_path_follower.py-9] [INFO] [1786903663.115811149] [velocity_path_follower]: waypoint 1632 / 5251 도달 (선 이탈 0.52 m)
[velocity_path_follower.py-9] [INFO] [1786903663.615509423] [velocity_path_follower]: waypoint 1633 / 5251 도달 (선 이탈 0.34 m)
[velocity_path_follower.py-9] [INFO] [1786903664.065760026] [velocity_path_follower]: waypoint 1634 / 5251 도달 (선 이탈 0.17 m)
[velocity_path_follower.py-9] [INFO] [1786903664.565788177] [velocity_path_follower]: waypoint 1635 / 5251 도달 (선 이탈 0.00 m)
[velocity_path_follower.py-9] [INFO] [1786903664.965552638] [velocity_path_follower]: waypoint 1636 / 5251 도달 (선 이탈 0.14 m)
[velocity_path_follower.py-9] [INFO] [1786903665.415810988] [velocity_path_follower]: waypoint 1637 / 5251 도달 (선 이탈 0.27 m)
[velocity_path_follower.py-9] [INFO] [1786903665.865822294] [velocity_path_follower]: waypoint 1638 / 5251 도달 (선 이탈 0.39 m)
[velocity_path_follower.py-9] [INFO] [1786903666.265812214] [velocity_path_follower]: waypoint 1639 / 5251 도달 (선 이탈 0.48 m)
[velocity_path_follower.py-9] [INFO] [1786903666.665748133] [velocity_path_follower]: waypoint 1640 / 5251 도달 (선 이탈 0.55 m)
[velocity_path_follower.py-9] [INFO] [1786903667.065761968] [velocity_path_follower]: waypoint 1641 / 5251 도달 (선 이탈 0.61 m)
[velocity_path_follower.py-9] [INFO] [1786903667.515722855] [velocity_path_follower]: waypoint 1642 / 5251 도달 (선 이탈 0.66 m)
[velocity_path_follower.py-9] [INFO] [1786903667.715394394] [velocity_path_follower]: 705.0s  wp 1643/5251 이탈0.7m  위치 ( -27.31,  -134.77,   6.57)
[velocity_path_follower.py-9] [INFO] [1786903667.915734982] [velocity_path_follower]: waypoint 1643 / 5251 도달 (선 이탈 0.68 m)
[velocity_path_follower.py-9] [INFO] [1786903668.315629940] [velocity_path_follower]: waypoint 1644 / 5251 도달 (선 이탈 0.69 m)
[velocity_path_follower.py-9] [INFO] [1786903668.715705692] [velocity_path_follower]: waypoint 1645 / 5251 도달 (선 이탈 0.68 m)
[velocity_path_follower.py-9] [INFO] [1786903669.065458846] [velocity_path_follower]: waypoint 1646 / 5251 도달 (선 이탈 0.66 m)
[velocity_path_follower.py-9] [INFO] [1786903669.815694295] [velocity_path_follower]: waypoint 1647 / 5251 도달 (선 이탈 0.59 m)
[velocity_path_follower.py-9] [INFO] [1786903669.865703973] [velocity_path_follower]: waypoint 1648 / 5251 도달 (선 이탈 0.59 m)
[velocity_path_follower.py-9] [INFO] [1786903670.315707565] [velocity_path_follower]: waypoint 1649 / 5251 도달 (선 이탈 0.55 m)
[velocity_path_follower.py-9] [INFO] [1786903670.765867243] [velocity_path_follower]: waypoint 1650 / 5251 도달 (선 이탈 0.50 m)
[velocity_path_follower.py-9] [INFO] [1786903671.215822167] [velocity_path_follower]: waypoint 1651 / 5251 도달 (선 이탈 0.44 m)
[velocity_path_follower.py-9] [INFO] [1786903671.615824623] [velocity_path_follower]: waypoint 1652 / 5251 도달 (선 이탈 0.37 m)
[velocity_path_follower.py-9] [INFO] [1786903672.015715870] [velocity_path_follower]: waypoint 1653 / 5251 도달 (선 이탈 0.31 m)
[velocity_path_follower.py-9] [INFO] [1786903672.465692752] [velocity_path_follower]: waypoint 1654 / 5251 도달 (선 이탈 0.23 m)
[velocity_path_follower.py-9] [INFO] [1786903672.715758469] [velocity_path_follower]: 710.0s  wp 1655/5251 이탈0.2m  위치 ( -21.23,  -134.29,   6.72)
[velocity_path_follower.py-9] [INFO] [1786903672.865716374] [velocity_path_follower]: waypoint 1655 / 5251 도달 (선 이탈 0.16 m)
[velocity_path_follower.py-9] [INFO] [1786903673.265670494] [velocity_path_follower]: waypoint 1656 / 5251 도달 (선 이탈 0.10 m)
[velocity_path_follower.py-9] [INFO] [1786903673.665567322] [velocity_path_follower]: waypoint 1657 / 5251 도달 (선 이탈 0.03 m)
[velocity_path_follower.py-9] [INFO] [1786903674.065914655] [velocity_path_follower]: waypoint 1658 / 5251 도달 (선 이탈 0.04 m)
[velocity_path_follower.py-9] [INFO] [1786903674.465584272] [velocity_path_follower]: waypoint 1659 / 5251 도달 (선 이탈 0.10 m)
[velocity_path_follower.py-9] [INFO] [1786903674.815667258] [velocity_path_follower]: waypoint 1660 / 5251 도달 (선 이탈 0.14 m)
[velocity_path_follower.py-9] [INFO] [1786903675.217664606] [velocity_path_follower]: waypoint 1661 / 5251 도달 (선 이탈 0.19 m)
[velocity_path_follower.py-9] [INFO] [1786903675.567716424] [velocity_path_follower]: waypoint 1662 / 5251 도달 (선 이탈 0.23 m)
[velocity_path_follower.py-9] [INFO] [1786903675.967773710] [velocity_path_follower]: waypoint 1663 / 5251 도달 (선 이탈 0.26 m)
[velocity_path_follower.py-9] [INFO] [1786903676.367787828] [velocity_path_follower]: waypoint 1664 / 5251 도달 (선 이탈 0.28 m)
[velocity_path_follower.py-9] [INFO] [1786903676.717921188] [velocity_path_follower]: waypoint 1665 / 5251 도달 (선 이탈 0.30 m)
[velocity_path_follower.py-9] [INFO] [1786903677.067773628] [velocity_path_follower]: waypoint 1666 / 5251 도달 (선 이탈 0.31 m)
[velocity_path_follower.py-9] [INFO] [1786903677.470741317] [velocity_path_follower]: waypoint 1667 / 5251 도달 (선 이탈 0.31 m)
[velocity_path_follower.py-9] [INFO] [1786903677.720362152] [velocity_path_follower]: 715.0s  wp 1668/5251 이탈0.3m  위치 ( -14.72,  -133.79,   8.65)
[velocity_path_follower.py-9] [INFO] [1786903677.820475047] [velocity_path_follower]: waypoint 1668 / 5251 도달 (선 이탈 0.31 m)
[velocity_path_follower.py-9] [INFO] [1786903678.170415612] [velocity_path_follower]: waypoint 1669 / 5251 도달 (선 이탈 0.30 m)
[velocity_path_follower.py-9] [INFO] [1786903678.572686501] [velocity_path_follower]: waypoint 1670 / 5251 도달 (선 이탈 0.29 m)
[velocity_path_follower.py-9] [INFO] [1786903678.922490064] [velocity_path_follower]: waypoint 1671 / 5251 도달 (선 이탈 0.27 m)
[velocity_path_follower.py-9] [INFO] [1786903679.272658381] [velocity_path_follower]: waypoint 1672 / 5251 도달 (선 이탈 0.25 m)
[velocity_path_follower.py-9] [INFO] [1786903679.624836134] [velocity_path_follower]: waypoint 1673 / 5251 도달 (선 이탈 0.22 m)
[velocity_path_follower.py-9] [INFO] [1786903680.025506464] [velocity_path_follower]: waypoint 1674 / 5251 도달 (선 이탈 0.20 m)
[velocity_path_follower.py-9] [INFO] [1786903680.374645477] [velocity_path_follower]: waypoint 1675 / 5251 도달 (선 이탈 0.17 m)
[velocity_path_follower.py-9] [INFO] [1786903680.724429038] [velocity_path_follower]: waypoint 1676 / 5251 도달 (선 이탈 0.14 m)
[velocity_path_follower.py-9] [INFO] [1786903681.075132859] [velocity_path_follower]: waypoint 1677 / 5251 도달 (선 이탈 0.10 m)
[velocity_path_follower.py-9] [INFO] [1786903681.424835210] [velocity_path_follower]: waypoint 1678 / 5251 도달 (선 이탈 0.07 m)
[velocity_path_follower.py-9] [INFO] [1786903681.827878354] [velocity_path_follower]: waypoint 1679 / 5251 도달 (선 이탈 0.04 m)
[velocity_path_follower.py-9] [INFO] [1786903682.182880843] [velocity_path_follower]: waypoint 1680 / 5251 도달 (선 이탈 0.01 m)
[velocity_path_follower.py-9] [INFO] [1786903682.532844821] [velocity_path_follower]: waypoint 1681 / 5251 도달 (선 이탈 0.02 m)
[velocity_path_follower.py-9] [INFO] [1786903682.732930982] [velocity_path_follower]: 720.0s  wp 1682/5251 이탈0.0m  위치 (  -7.77,  -134.14,  10.93)
[velocity_path_follower.py-9] [INFO] [1786903682.882871383] [velocity_path_follower]: waypoint 1682 / 5251 도달 (선 이탈 0.05 m)
[velocity_path_follower.py-9] [INFO] [1786903683.235855266] [velocity_path_follower]: waypoint 1683 / 5251 도달 (선 이탈 0.07 m)
[velocity_path_follower.py-9] [INFO] [1786903683.585813035] [velocity_path_follower]: waypoint 1684 / 5251 도달 (선 이탈 0.09 m)
[velocity_path_follower.py-9] [INFO] [1786903683.985666437] [velocity_path_follower]: waypoint 1685 / 5251 도달 (선 이탈 0.12 m)
[velocity_path_follower.py-9] [INFO] [1786903684.335865624] [velocity_path_follower]: waypoint 1686 / 5251 도달 (선 이탈 0.13 m)
[velocity_path_follower.py-9] [INFO] [1786903684.685701974] [velocity_path_follower]: waypoint 1687 / 5251 도달 (선 이탈 0.14 m)
[velocity_path_follower.py-9] [INFO] [1786903685.036034079] [velocity_path_follower]: waypoint 1688 / 5251 도달 (선 이탈 0.15 m)
[velocity_path_follower.py-9] [INFO] [1786903685.388029242] [velocity_path_follower]: waypoint 1689 / 5251 도달 (선 이탈 0.16 m)
[velocity_path_follower.py-9] [INFO] [1786903685.741681506] [velocity_path_follower]: waypoint 1690 / 5251 도달 (선 이탈 0.16 m)
[velocity_path_follower.py-9] [INFO] [1786903686.095893399] [velocity_path_follower]: waypoint 1691 / 5251 도달 (선 이탈 0.16 m)
[velocity_path_follower.py-9] [INFO] [1786903686.445674997] [velocity_path_follower]: waypoint 1692 / 5251 도달 (선 이탈 0.16 m)
[velocity_path_follower.py-9] [INFO] [1786903686.795721765] [velocity_path_follower]: waypoint 1693 / 5251 도달 (선 이탈 0.16 m)
[velocity_path_follower.py-9] [INFO] [1786903687.155992011] [velocity_path_follower]: waypoint 1694 / 5251 도달 (선 이탈 0.15 m)
[velocity_path_follower.py-9] [INFO] [1786903687.509650231] [velocity_path_follower]: waypoint 1695 / 5251 도달 (선 이탈 0.14 m)
[velocity_path_follower.py-9] [INFO] [1786903687.759927816] [velocity_path_follower]: 725.0s  wp 1696/5251 이탈0.1m  위치 (  -0.69,  -134.23,   9.57)
[velocity_path_follower.py-9] [INFO] [1786903687.859622246] [velocity_path_follower]: waypoint 1696 / 5251 도달 (선 이탈 0.13 m)
[velocity_path_follower.py-9] [INFO] [1786903688.212220288] [velocity_path_follower]: waypoint 1697 / 5251 도달 (선 이탈 0.12 m)
[velocity_path_follower.py-9] [INFO] [1786903688.564775038] [velocity_path_follower]: waypoint 1698 / 5251 도달 (선 이탈 0.10 m)
[velocity_path_follower.py-9] [INFO] [1786903688.914381008] [velocity_path_follower]: waypoint 1699 / 5251 도달 (선 이탈 0.09 m)
[velocity_path_follower.py-9] [INFO] [1786903689.264272354] [velocity_path_follower]: waypoint 1700 / 5251 도달 (선 이탈 0.07 m)
[velocity_path_follower.py-9] [INFO] [1786903689.614413704] [velocity_path_follower]: waypoint 1701 / 5251 도달 (선 이탈 0.05 m)
[velocity_path_follower.py-9] [INFO] [1786903689.964379635] [velocity_path_follower]: waypoint 1702 / 5251 도달 (선 이탈 0.04 m)
[velocity_path_follower.py-9] [INFO] [1786903690.318708359] [velocity_path_follower]: waypoint 1703 / 5251 도달 (선 이탈 0.02 m)
[velocity_path_follower.py-9] [INFO] [1786903690.668733581] [velocity_path_follower]: waypoint 1704 / 5251 도달 (선 이탈 0.00 m)
[velocity_path_follower.py-9] [INFO] [1786903691.018710220] [velocity_path_follower]: waypoint 1705 / 5251 도달 (선 이탈 0.01 m)
[velocity_path_follower.py-9] [INFO] [1786903691.368669690] [velocity_path_follower]: waypoint 1706 / 5251 도달 (선 이탈 0.03 m)
[velocity_path_follower.py-9] [INFO] [1786903691.718747246] [velocity_path_follower]: waypoint 1707 / 5251 도달 (선 이탈 0.04 m)
[velocity_path_follower.py-9] [INFO] [1786903692.071017448] [velocity_path_follower]: waypoint 1708 / 5251 도달 (선 이탈 0.05 m)
[velocity_path_follower.py-9] [INFO] [1786903692.421083169] [velocity_path_follower]: waypoint 1709 / 5251 도달 (선 이탈 0.06 m)
[velocity_path_follower.py-9] [INFO] [1786903692.770927930] [velocity_path_follower]: waypoint 1710 / 5251 도달 (선 이탈 0.07 m)
[velocity_path_follower.py-9] [INFO] [1786903692.823668798] [velocity_path_follower]: 730.1s  wp 1711/5251 이탈0.1m  위치 (   6.52,  -134.03,   7.58)
[velocity_path_follower.py-9] [INFO] [1786903693.123780429] [velocity_path_follower]: waypoint 1711 / 5251 도달 (선 이탈 0.08 m)
[velocity_path_follower.py-9] [INFO] [1786903693.475708668] [velocity_path_follower]: waypoint 1712 / 5251 도달 (선 이탈 0.08 m)
[velocity_path_follower.py-9] [INFO] [1786903693.828677376] [velocity_path_follower]: waypoint 1713 / 5251 도달 (선 이탈 0.08 m)
[velocity_path_follower.py-9] [INFO] [1786903694.178666887] [velocity_path_follower]: waypoint 1714 / 5251 도달 (선 이탈 0.09 m)
[velocity_path_follower.py-9] [INFO] [1786903694.478820725] [velocity_path_follower]: waypoint 1715 / 5251 도달 (선 이탈 0.09 m)
[velocity_path_follower.py-9] [INFO] [1786903694.879168829] [velocity_path_follower]: waypoint 1716 / 5251 도달 (선 이탈 0.09 m)
[velocity_path_follower.py-9] [INFO] [1786903695.230762314] [velocity_path_follower]: waypoint 1717 / 5251 도달 (선 이탈 0.08 m)
[velocity_path_follower.py-9] [INFO] [1786903695.583925439] [velocity_path_follower]: waypoint 1718 / 5251 도달 (선 이탈 0.08 m)
[velocity_path_follower.py-9] [INFO] [1786903695.933734863] [velocity_path_follower]: waypoint 1719 / 5251 도달 (선 이탈 0.07 m)
[velocity_path_follower.py-9] [INFO] [1786903696.233813116] [velocity_path_follower]: waypoint 1720 / 5251 도달 (선 이탈 0.07 m)
[velocity_path_follower.py-9] [INFO] [1786903696.584290838] [velocity_path_follower]: waypoint 1721 / 5251 도달 (선 이탈 0.06 m)
[velocity_path_follower.py-9] [INFO] [1786903696.936413618] [velocity_path_follower]: waypoint 1722 / 5251 도달 (선 이탈 0.05 m)
[velocity_path_follower.py-9] [INFO] [1786903697.290488418] [velocity_path_follower]: waypoint 1723 / 5251 도달 (선 이탈 0.04 m)
[velocity_path_follower.py-9] [INFO] [1786903697.642795574] [velocity_path_follower]: waypoint 1724 / 5251 도달 (선 이탈 0.04 m)
[velocity_path_follower.py-9] [INFO] [1786903697.792716428] [velocity_path_follower]: 735.0s  wp 1725/5251 이탈0.0m  위치 (  13.62,  -134.07,  10.27)
[velocity_path_follower.py-9] [INFO] [1786903697.992521538] [velocity_path_follower]: waypoint 1725 / 5251 도달 (선 이탈 0.03 m)
[velocity_path_follower.py-9] [INFO] [1786903698.342778381] [velocity_path_follower]: waypoint 1726 / 5251 도달 (선 이탈 0.02 m)
[velocity_path_follower.py-9] [INFO] [1786903698.692768180] [velocity_path_follower]: waypoint 1727 / 5251 도달 (선 이탈 0.01 m)
[velocity_path_follower.py-9] [INFO] [1786903699.042831479] [velocity_path_follower]: waypoint 1728 / 5251 도달 (선 이탈 0.00 m)
[velocity_path_follower.py-9] [INFO] [1786903699.392911903] [velocity_path_follower]: waypoint 1729 / 5251 도달 (선 이탈 0.01 m)
[velocity_path_follower.py-9] [INFO] [1786903699.742604157] [velocity_path_follower]: waypoint 1730 / 5251 도달 (선 이탈 0.01 m)
[velocity_path_follower.py-9] [INFO] [1786903700.092651038] [velocity_path_follower]: waypoint 1731 / 5251 도달 (선 이탈 0.02 m)
[velocity_path_follower.py-9] [INFO] [1786903700.442939005] [velocity_path_follower]: waypoint 1732 / 5251 도달 (선 이탈 0.03 m)
[velocity_path_follower.py-9] [INFO] [1786903700.795510495] [velocity_path_follower]: waypoint 1733 / 5251 도달 (선 이탈 0.03 m)
[velocity_path_follower.py-9] [INFO] [1786903701.149766877] [velocity_path_follower]: waypoint 1734 / 5251 도달 (선 이탈 0.04 m)
[velocity_path_follower.py-9] [INFO] [1786903701.499824966] [velocity_path_follower]: waypoint 1735 / 5251 도달 (선 이탈 0.04 m)
[velocity_path_follower.py-9] [INFO] [1786903701.853811511] [velocity_path_follower]: waypoint 1736 / 5251 도달 (선 이탈 0.04 m)
[velocity_path_follower.py-9] [INFO] [1786903702.156158741] [velocity_path_follower]: waypoint 1737 / 5251 도달 (선 이탈 0.04 m)
[velocity_path_follower.py-9] [INFO] [1786903702.556245044] [velocity_path_follower]: waypoint 1738 / 5251 도달 (선 이탈 0.05 m)
[velocity_path_follower.py-9] [INFO] [1786903702.811729841] [velocity_path_follower]: 740.0s  wp 1739/5251 이탈0.0m  위치 (  20.86,  -134.15,  12.64)
[velocity_path_follower.py-9] [INFO] [1786903702.861883474] [velocity_path_follower]: waypoint 1739 / 5251 도달 (선 이탈 0.05 m)
[velocity_path_follower.py-9] [INFO] [1786903703.211697517] [velocity_path_follower]: waypoint 1740 / 5251 도달 (선 이탈 0.05 m)
[velocity_path_follower.py-9] [INFO] [1786903703.561406309] [velocity_path_follower]: waypoint 1741 / 5251 도달 (선 이탈 0.04 m)
[velocity_path_follower.py-9] [INFO] [1786903703.913438375] [velocity_path_follower]: waypoint 1742 / 5251 도달 (선 이탈 0.04 m)
[velocity_path_follower.py-9] [INFO] [1786903704.263508045] [velocity_path_follower]: waypoint 1743 / 5251 도달 (선 이탈 0.04 m)
[velocity_path_follower.py-9] [INFO] [1786903704.613631174] [velocity_path_follower]: waypoint 1744 / 5251 도달 (선 이탈 0.04 m)
[velocity_path_follower.py-9] [INFO] [1786903704.970759832] [velocity_path_follower]: waypoint 1745 / 5251 도달 (선 이탈 0.03 m)
[velocity_path_follower.py-9] [INFO] [1786903705.320763875] [velocity_path_follower]: waypoint 1746 / 5251 도달 (선 이탈 0.03 m)
[velocity_path_follower.py-9] [INFO] [1786903705.670722460] [velocity_path_follower]: waypoint 1747 / 5251 도달 (선 이탈 0.02 m)
[velocity_path_follower.py-9] [INFO] [1786903706.020882005] [velocity_path_follower]: waypoint 1748 / 5251 도달 (선 이탈 0.02 m)
[velocity_path_follower.py-9] [INFO] [1786903706.370851797] [velocity_path_follower]: waypoint 1749 / 5251 도달 (선 이탈 0.02 m)
[velocity_path_follower.py-9] [INFO] [1786903706.720825631] [velocity_path_follower]: waypoint 1750 / 5251 도달 (선 이탈 0.01 m)
[velocity_path_follower.py-9] [INFO] [1786903707.070796382] [velocity_path_follower]: waypoint 1751 / 5251 도달 (선 이탈 0.01 m)
[velocity_path_follower.py-9] [INFO] [1786903707.420928675] [velocity_path_follower]: waypoint 1752 / 5251 도달 (선 이탈 0.00 m)
[velocity_path_follower.py-9] [INFO] [1786903707.770868925] [velocity_path_follower]: waypoint 1753 / 5251 도달 (선 이탈 0.00 m)
[velocity_path_follower.py-9] [INFO] [1786903707.820451093] [velocity_path_follower]: 745.0s  wp 1754/5251 이탈0.0m  위치 (  28.03,  -134.10,  10.71)
[velocity_path_follower.py-9] [INFO] [1786903708.070827502] [velocity_path_follower]: waypoint 1754 / 5251 도달 (선 이탈 0.01 m)
[velocity_path_follower.py-9] [INFO] [1786903708.420768917] [velocity_path_follower]: waypoint 1755 / 5251 도달 (선 이탈 0.01 m)
[velocity_path_follower.py-9] [INFO] [1786903708.770737999] [velocity_path_follower]: waypoint 1756 / 5251 도달 (선 이탈 0.01 m)
[velocity_path_follower.py-9] [INFO] [1786903709.120519871] [velocity_path_follower]: waypoint 1757 / 5251 도달 (선 이탈 0.02 m)
[velocity_path_follower.py-9] [INFO] [1786903709.470784414] [velocity_path_follower]: waypoint 1758 / 5251 도달 (선 이탈 0.02 m)
[velocity_path_follower.py-9] [INFO] [1786903709.820675037] [velocity_path_follower]: waypoint 1759 / 5251 도달 (선 이탈 0.02 m)
[velocity_path_follower.py-9] [INFO] [1786903710.170702369] [velocity_path_follower]: waypoint 1760 / 5251 도달 (선 이탈 0.02 m)
[velocity_path_follower.py-9] [INFO] [1786903710.522807846] [velocity_path_follower]: waypoint 1761 / 5251 도달 (선 이탈 0.02 m)
[velocity_path_follower.py-9] [INFO] [1786903710.872706926] [velocity_path_follower]: waypoint 1762 / 5251 도달 (선 이탈 0.02 m)
[velocity_path_follower.py-9] [INFO] [1786903711.222744757] [velocity_path_follower]: waypoint 1763 / 5251 도달 (선 이탈 0.02 m)
[velocity_path_follower.py-9] [INFO] [1786903711.572606586] [velocity_path_follower]: waypoint 1764 / 5251 도달 (선 이탈 0.02 m)
[velocity_path_follower.py-9] [INFO] [1786903711.922733418] [velocity_path_follower]: waypoint 1765 / 5251 도달 (선 이탈 0.02 m)
[velocity_path_follower.py-9] [INFO] [1786903712.272711331] [velocity_path_follower]: waypoint 1766 / 5251 도달 (선 이탈 0.02 m)
[velocity_path_follower.py-9] [INFO] [1786903712.622617451] [velocity_path_follower]: waypoint 1767 / 5251 도달 (선 이탈 0.02 m)
[velocity_path_follower.py-9] [INFO] [1786903712.822647640] [velocity_path_follower]: 750.0s  wp 1768/5251 이탈0.0m  위치 (  35.27,  -134.08,  10.33)
[velocity_path_follower.py-9] [INFO] [1786903712.922905487] [velocity_path_follower]: waypoint 1768 / 5251 도달 (선 이탈 0.02 m)
[velocity_path_follower.py-9] [INFO] [1786903713.275934680] [velocity_path_follower]: waypoint 1769 / 5251 도달 (선 이탈 0.02 m)
[velocity_path_follower.py-9] [INFO] [1786903713.676118516] [velocity_path_follower]: waypoint 1770 / 5251 도달 (선 이탈 0.02 m)
[velocity_path_follower.py-9] [INFO] [1786903713.975651418] [velocity_path_follower]: waypoint 1771 / 5251 도달 (선 이탈 0.01 m)
[velocity_path_follower.py-9] [INFO] [1786903714.325675871] [velocity_path_follower]: waypoint 1772 / 5251 도달 (선 이탈 0.01 m)
[velocity_path_follower.py-9] [INFO] [1786903714.675828909] [velocity_path_follower]: waypoint 1773 / 5251 도달 (선 이탈 0.01 m)
[velocity_path_follower.py-9] [INFO] [1786903715.025793570] [velocity_path_follower]: waypoint 1774 / 5251 도달 (선 이탈 0.01 m)
[velocity_path_follower.py-9] [INFO] [1786903715.375667146] [velocity_path_follower]: waypoint 1775 / 5251 도달 (선 이탈 0.00 m)
[velocity_path_follower.py-9] [INFO] [1786903715.725803933] [velocity_path_follower]: waypoint 1776 / 5251 도달 (선 이탈 0.00 m)
[velocity_path_follower.py-9] [INFO] [1786903716.075636217] [velocity_path_follower]: waypoint 1777 / 5251 도달 (선 이탈 0.00 m)
[velocity_path_follower.py-9] [INFO] [1786903716.425717794] [velocity_path_follower]: waypoint 1778 / 5251 도달 (선 이탈 0.00 m)
[velocity_path_follower.py-9] [INFO] [1786903716.775506327] [velocity_path_follower]: waypoint 1779 / 5251 도달 (선 이탈 0.00 m)
[velocity_path_follower.py-9] [INFO] [1786903717.128464391] [velocity_path_follower]: waypoint 1780 / 5251 도달 (선 이탈 0.01 m)
[velocity_path_follower.py-9] [INFO] [1786903717.478685678] [velocity_path_follower]: waypoint 1781 / 5251 도달 (선 이탈 0.01 m)
[velocity_path_follower.py-9] [INFO] [1786903717.828673170] [velocity_path_follower]: waypoint 1782 / 5251 도달 (선 이탈 0.01 m)
[velocity_path_follower.py-9] [INFO] [1786903717.878863427] [velocity_path_follower]: 755.1s  wp 1783/5251 이탈0.0m  위치 (  42.54,  -134.11,  11.30)
[velocity_path_follower.py-9] [INFO] [1786903718.178629120] [velocity_path_follower]: waypoint 1783 / 5251 도달 (선 이탈 0.01 m)
[velocity_path_follower.py-9] [INFO] [1786903718.481982766] [velocity_path_follower]: waypoint 1784 / 5251 도달 (선 이탈 0.01 m)
[velocity_path_follower.py-9] [INFO] [1786903718.881719218] [velocity_path_follower]: waypoint 1785 / 5251 도달 (선 이탈 0.01 m)
[velocity_path_follower.py-9] [INFO] [1786903719.181500660] [velocity_path_follower]: waypoint 1786 / 5251 도달 (선 이탈 0.01 m)
[ros2-8] [INFO] [1786903719.271022731] [rosbag2_cpp]: Writing remaining messages from cache to the bag. It may take a while
[velocity_path_follower.py-9] [INFO] [1786903719.531518485] [velocity_path_follower]: waypoint 1787 / 5251 도달 (선 이탈 0.01 m)
[velocity_path_follower.py-9] [INFO] [1786903719.881789770] [velocity_path_follower]: waypoint 1788 / 5251 도달 (선 이탈 0.01 m)
[velocity_path_follower.py-9] [INFO] [1786903720.231465507] [velocity_path_follower]: waypoint 1789 / 5251 도달 (선 이탈 0.01 m)
[velocity_path_follower.py-9] [INFO] [1786903720.581689541] [velocity_path_follower]: waypoint 1790 / 5251 도달 (선 이탈 0.01 m)
[velocity_path_follower.py-9] [INFO] [1786903720.931336986] [velocity_path_follower]: waypoint 1791 / 5251 도달 (선 이탈 0.01 m)
[velocity_path_follower.py-9] [INFO] [1786903721.281402060] [velocity_path_follower]: waypoint 1792 / 5251 도달 (선 이탈 0.01 m)
[velocity_path_follower.py-9] [INFO] [1786903721.631448550] [velocity_path_follower]: waypoint 1793 / 5251 도달 (선 이탈 0.01 m)
[velocity_path_follower.py-9] [INFO] [1786903721.981666958] [velocity_path_follower]: waypoint 1794 / 5251 도달 (선 이탈 0.01 m)
[velocity_path_follower.py-9] [INFO] [1786903722.331667821] [velocity_path_follower]: waypoint 1795 / 5251 도달 (선 이탈 0.01 m)
[velocity_path_follower.py-9] [INFO] [1786903722.683632955] [velocity_path_follower]: waypoint 1796 / 5251 도달 (선 이탈 0.01 m)
[velocity_path_follower.py-9] [INFO] [1786903722.833788303] [velocity_path_follower]: 760.0s  wp 1797/5251 이탈0.0m  위치 (  49.67,  -134.11,   9.73)
[velocity_path_follower.py-9] [INFO] [1786903723.033646569] [velocity_path_follower]: waypoint 1797 / 5251 도달 (선 이탈 0.00 m)
[velocity_path_follower.py-9] [INFO] [1786903723.383761891] [velocity_path_follower]: waypoint 1798 / 5251 도달 (선 이탈 0.00 m)
[velocity_path_follower.py-9] [INFO] [1786903723.683843375] [velocity_path_follower]: waypoint 1799 / 5251 도달 (선 이탈 0.00 m)
[velocity_path_follower.py-9] [INFO] [1786903724.083836117] [velocity_path_follower]: waypoint 1800 / 5251 도달 (선 이탈 0.00 m)
[velocity_path_follower.py-9] [INFO] [1786903724.383822225] [velocity_path_follower]: waypoint 1801 / 5251 도달 (선 이탈 0.00 m)
[velocity_path_follower.py-9] [INFO] [1786903724.733718920] [velocity_path_follower]: waypoint 1802 / 5251 도달 (선 이탈 0.00 m)
[velocity_path_follower.py-9] [INFO] [1786903725.083750907] [velocity_path_follower]: waypoint 1803 / 5251 도달 (선 이탈 0.00 m)
[velocity_path_follower.py-9] [INFO] [1786903725.433662351] [velocity_path_follower]: waypoint 1804 / 5251 도달 (선 이탈 0.00 m)
[velocity_path_follower.py-9] [INFO] [1786903725.783888339] [velocity_path_follower]: waypoint 1805 / 5251 도달 (선 이탈 0.00 m)
[velocity_path_follower.py-9] [INFO] [1786903726.133513946] [velocity_path_follower]: waypoint 1806 / 5251 도달 (선 이탈 0.01 m)
[velocity_path_follower.py-9] [INFO] [1786903726.483784060] [velocity_path_follower]: waypoint 1807 / 5251 도달 (선 이탈 0.01 m)
[velocity_path_follower.py-9] [INFO] [1786903726.833653586] [velocity_path_follower]: waypoint 1808 / 5251 도달 (선 이탈 0.01 m)
[velocity_path_follower.py-9] [INFO] [1786903727.183837406] [velocity_path_follower]: waypoint 1809 / 5251 도달 (선 이탈 0.01 m)
[velocity_path_follower.py-9] [INFO] [1786903727.533887433] [velocity_path_follower]: waypoint 1810 / 5251 도달 (선 이탈 0.01 m)
[velocity_path_follower.py-9] [INFO] [1786903727.833929623] [velocity_path_follower]: waypoint 1811 / 5251 도달 (선 이탈 0.01 m)
[velocity_path_follower.py-9] [INFO] [1786903727.883702541] [velocity_path_follower]: 765.1s  wp 1812/5251 이탈0.0m  위치 (  56.97,  -134.09,   8.81)
[velocity_path_follower.py-9] [INFO] [1786903728.233707817] [velocity_path_follower]: waypoint 1812 / 5251 도달 (선 이탈 0.01 m)
[velocity_path_follower.py-9] [INFO] [1786903728.583650634] [velocity_path_follower]: waypoint 1813 / 5251 도달 (선 이탈 0.01 m)
[velocity_path_follower.py-9] [INFO] [1786903728.883822325] [velocity_path_follower]: waypoint 1814 / 5251 도달 (선 이탈 0.01 m)
[velocity_path_follower.py-9] [INFO] [1786903729.233678557] [velocity_path_follower]: waypoint 1815 / 5251 도달 (선 이탈 0.01 m)
[velocity_path_follower.py-9] [INFO] [1786903729.583672873] [velocity_path_follower]: waypoint 1816 / 5251 도달 (선 이탈 0.01 m)
[velocity_path_follower.py-9] [INFO] [1786903729.933711190] [velocity_path_follower]: waypoint 1817 / 5251 도달 (선 이탈 0.01 m)
[velocity_path_follower.py-9] [INFO] [1786903732.833509801] [velocity_path_follower]: 770.0s  wp 1818/5251 이탈2.0m  위치 (  63.37,  -133.10,  10.36)
[velocity_path_follower.py-9] [INFO] [1786903734.983778020] [velocity_path_follower]: waypoint 1818 / 5251 도달 (선 이탈 2.92 m)
[velocity_path_follower.py-9] [INFO] [1786903737.833490762] [velocity_path_follower]: 775.0s  wp 1820/5251 이탈0.6m  위치 (  63.78,  -129.50,  10.43)
[velocity_path_follower.py-9] [INFO] [1786903739.983837293] [velocity_path_follower]: waypoint 1820 / 5251 도달 (선 이탈 1.42 m)
[velocity_path_follower.py-9] [INFO] [1786903740.583743155] [velocity_path_follower]: waypoint 1821 / 5251 도달 (선 이탈 1.48 m)
[velocity_path_follower.py-9] [INFO] [1786903741.183647724] [velocity_path_follower]: waypoint 1822 / 5251 도달 (선 이탈 1.48 m)
[velocity_path_follower.py-9] [INFO] [1786903741.786791117] [velocity_path_follower]: waypoint 1823 / 5251 도달 (선 이탈 1.42 m)
[velocity_path_follower.py-9] [INFO] [1786903742.390412055] [velocity_path_follower]: waypoint 1824 / 5251 도달 (선 이탈 1.31 m)
[velocity_path_follower.py-9] [INFO] [1786903742.840359699] [velocity_path_follower]: 780.0s  wp 1825/5251 이탈1.2m  위치 (  59.95,  -128.90,   9.73)
[velocity_path_follower.py-9] [INFO] [1786903742.890395618] [velocity_path_follower]: waypoint 1825 / 5251 도달 (선 이탈 1.19 m)
[velocity_path_follower.py-9] [INFO] [1786903743.440325558] [velocity_path_follower]: waypoint 1826 / 5251 도달 (선 이탈 1.03 m)
[velocity_path_follower.py-9] [INFO] [1786903743.990377081] [velocity_path_follower]: waypoint 1827 / 5251 도달 (선 이탈 0.83 m)
[velocity_path_follower.py-9] [INFO] [1786903744.490335767] [velocity_path_follower]: waypoint 1828 / 5251 도달 (선 이탈 0.65 m)
[velocity_path_follower.py-9] [INFO] [1786903744.940276576] [velocity_path_follower]: waypoint 1829 / 5251 도달 (선 이탈 0.48 m)
[velocity_path_follower.py-9] [INFO] [1786903745.440513848] [velocity_path_follower]: waypoint 1830 / 5251 도달 (선 이탈 0.28 m)
[velocity_path_follower.py-9] [INFO] [1786903745.890375572] [velocity_path_follower]: waypoint 1831 / 5251 도달 (선 이탈 0.11 m)
[velocity_path_follower.py-9] [INFO] [1786903746.340473547] [velocity_path_follower]: waypoint 1832 / 5251 도달 (선 이탈 0.05 m)
[velocity_path_follower.py-9] [INFO] [1786903746.790368479] [velocity_path_follower]: waypoint 1833 / 5251 도달 (선 이탈 0.20 m)
[velocity_path_follower.py-9] [INFO] [1786903747.190370951] [velocity_path_follower]: waypoint 1834 / 5251 도달 (선 이탈 0.32 m)
[velocity_path_follower.py-9] [INFO] [1786903747.590302839] [velocity_path_follower]: waypoint 1835 / 5251 도달 (선 이탈 0.42 m)
[velocity_path_follower.py-9] [INFO] [1786903747.840312014] [velocity_path_follower]: 785.0s  wp 1836/5251 이탈0.5m  위치 (  54.61,  -130.58,   9.71)
[velocity_path_follower.py-9] [INFO] [1786903748.040290896] [velocity_path_follower]: waypoint 1836 / 5251 도달 (선 이탈 0.52 m)
[velocity_path_follower.py-9] [INFO] [1786903748.440314200] [velocity_path_follower]: waypoint 1837 / 5251 도달 (선 이탈 0.60 m)
[velocity_path_follower.py-9] [INFO] [1786903748.840444297] [velocity_path_follower]: waypoint 1838 / 5251 도달 (선 이탈 0.65 m)
[velocity_path_follower.py-9] [INFO] [1786903749.243410673] [velocity_path_follower]: waypoint 1839 / 5251 도달 (선 이탈 0.69 m)
[velocity_path_follower.py-9] [INFO] [1786903749.653234283] [velocity_path_follower]: waypoint 1840 / 5251 도달 (선 이탈 0.71 m)
[velocity_path_follower.py-9] [INFO] [1786903750.048429205] [velocity_path_follower]: waypoint 1841 / 5251 도달 (선 이탈 0.71 m)
[velocity_path_follower.py-9] [INFO] [1786903750.448161880] [velocity_path_follower]: waypoint 1842 / 5251 도달 (선 이탈 0.70 m)
[velocity_path_follower.py-9] [INFO] [1786903750.850487622] [velocity_path_follower]: waypoint 1843 / 5251 도달 (선 이탈 0.68 m)
[velocity_path_follower.py-9] [INFO] [1786903751.250460049] [velocity_path_follower]: waypoint 1844 / 5251 도달 (선 이탈 0.64 m)
[velocity_path_follower.py-9] [INFO] [1786903751.600689686] [velocity_path_follower]: waypoint 1845 / 5251 도달 (선 이탈 0.60 m)
[velocity_path_follower.py-9] [INFO] [1786903752.000571695] [velocity_path_follower]: waypoint 1846 / 5251 도달 (선 이탈 0.54 m)
[velocity_path_follower.py-9] [INFO] [1786903752.400490953] [velocity_path_follower]: waypoint 1847 / 5251 도달 (선 이탈 0.47 m)
[velocity_path_follower.py-9] [INFO] [1786903752.800622630] [velocity_path_follower]: waypoint 1848 / 5251 도달 (선 이탈 0.40 m)
[velocity_path_follower.py-9] [INFO] [1786903752.850413255] [velocity_path_follower]: 790.0s  wp 1849/5251 이탈0.4m  위치 (  48.29,  -130.49,  10.12)
[velocity_path_follower.py-9] [INFO] [1786903753.200830808] [velocity_path_follower]: waypoint 1849 / 5251 도달 (선 이탈 0.32 m)
[velocity_path_follower.py-9] [INFO] [1786903753.550651355] [velocity_path_follower]: waypoint 1850 / 5251 도달 (선 이탈 0.26 m)
[velocity_path_follower.py-9] [INFO] [1786903753.900727864] [velocity_path_follower]: waypoint 1851 / 5251 도달 (선 이탈 0.18 m)
[velocity_path_follower.py-9] [INFO] [1786903754.300755497] [velocity_path_follower]: waypoint 1852 / 5251 도달 (선 이탈 0.10 m)
[velocity_path_follower.py-9] [INFO] [1786903754.700452627] [velocity_path_follower]: waypoint 1853 / 5251 도달 (선 이탈 0.03 m)
[velocity_path_follower.py-9] [INFO] [1786903755.050391841] [velocity_path_follower]: waypoint 1854 / 5251 도달 (선 이탈 0.04 m)
[velocity_path_follower.py-9] [INFO] [1786903755.400646641] [velocity_path_follower]: waypoint 1855 / 5251 도달 (선 이탈 0.10 m)
[velocity_path_follower.py-9] [INFO] [1786903755.750865774] [velocity_path_follower]: waypoint 1856 / 5251 도달 (선 이탈 0.16 m)
[velocity_path_follower.py-9] [INFO] [1786903756.152504797] [velocity_path_follower]: waypoint 1857 / 5251 도달 (선 이탈 0.21 m)
[velocity_path_follower.py-9] [INFO] [1786903756.502626721] [velocity_path_follower]: waypoint 1858 / 5251 도달 (선 이탈 0.26 m)
[velocity_path_follower.py-9] [INFO] [1786903756.853241566] [velocity_path_follower]: waypoint 1859 / 5251 도달 (선 이탈 0.29 m)
[velocity_path_follower.py-9] [INFO] [1786903757.252771191] [velocity_path_follower]: waypoint 1860 / 5251 도달 (선 이탈 0.33 m)
[velocity_path_follower.py-9] [INFO] [1786903757.602906364] [velocity_path_follower]: waypoint 1861 / 5251 도달 (선 이탈 0.35 m)
[velocity_path_follower.py-9] [INFO] [1786903757.852665573] [velocity_path_follower]: 795.0s  wp 1862/5251 이탈0.4m  위치 (  41.51,  -129.74,  11.99)
[velocity_path_follower.py-9] [INFO] [1786903757.952806743] [velocity_path_follower]: waypoint 1862 / 5251 도달 (선 이탈 0.36 m)
[velocity_path_follower.py-9] [INFO] [1786903758.352856164] [velocity_path_follower]: waypoint 1863 / 5251 도달 (선 이탈 0.37 m)
[velocity_path_follower.py-9] [INFO] [1786903758.702455831] [velocity_path_follower]: waypoint 1864 / 5251 도달 (선 이탈 0.37 m)
[velocity_path_follower.py-9] [INFO] [1786903759.052626503] [velocity_path_follower]: waypoint 1865 / 5251 도달 (선 이탈 0.37 m)
[velocity_path_follower.py-9] [INFO] [1786903759.402621340] [velocity_path_follower]: waypoint 1866 / 5251 도달 (선 이탈 0.36 m)
[velocity_path_follower.py-9] [INFO] [1786903759.802661760] [velocity_path_follower]: waypoint 1867 / 5251 도달 (선 이탈 0.34 m)
[velocity_path_follower.py-9] [INFO] [1786903760.102668846] [velocity_path_follower]: waypoint 1868 / 5251 도달 (선 이탈 0.32 m)
[velocity_path_follower.py-9] [INFO] [1786903760.452797767] [velocity_path_follower]: waypoint 1869 / 5251 도달 (선 이탈 0.29 m)
[velocity_path_follower.py-9] [INFO] [1786903760.853030147] [velocity_path_follower]: waypoint 1870 / 5251 도달 (선 이탈 0.26 m)
[velocity_path_follower.py-9] [INFO] [1786903761.202683271] [velocity_path_follower]: waypoint 1871 / 5251 도달 (선 이탈 0.23 m)
[velocity_path_follower.py-9] [INFO] [1786903761.552664356] [velocity_path_follower]: waypoint 1872 / 5251 도달 (선 이탈 0.19 m)
[velocity_path_follower.py-9] [INFO] [1786903761.902809234] [velocity_path_follower]: waypoint 1873 / 5251 도달 (선 이탈 0.15 m)
[velocity_path_follower.py-9] [INFO] [1786903762.255655347] [velocity_path_follower]: waypoint 1874 / 5251 도달 (선 이탈 0.12 m)
[velocity_path_follower.py-9] [INFO] [1786903762.607786744] [velocity_path_follower]: waypoint 1875 / 5251 도달 (선 이탈 0.08 m)
[velocity_path_follower.py-9] [INFO] [1786903762.857941580] [velocity_path_follower]: 800.0s  wp 1876/5251 이탈0.1m  위치 (  34.53,  -130.05,  10.68)
[velocity_path_follower.py-9] [INFO] [1786903762.957753745] [velocity_path_follower]: waypoint 1876 / 5251 도달 (선 이탈 0.04 m)
[velocity_path_follower.py-9] [INFO] [1786903763.357713745] [velocity_path_follower]: waypoint 1877 / 5251 도달 (선 이탈 0.00 m)
[velocity_path_follower.py-9] [INFO] [1786903763.707794913] [velocity_path_follower]: waypoint 1878 / 5251 도달 (선 이탈 0.03 m)
[velocity_path_follower.py-9] [INFO] [1786903764.057836164] [velocity_path_follower]: waypoint 1879 / 5251 도달 (선 이탈 0.06 m)
[velocity_path_follower.py-9] [INFO] [1786903764.407780913] [velocity_path_follower]: waypoint 1880 / 5251 도달 (선 이탈 0.09 m)
[velocity_path_follower.py-9] [INFO] [1786903764.757687620] [velocity_path_follower]: waypoint 1881 / 5251 도달 (선 이탈 0.12 m)
[velocity_path_follower.py-9] [INFO] [1786903765.107775079] [velocity_path_follower]: waypoint 1882 / 5251 도달 (선 이탈 0.14 m)
[velocity_path_follower.py-9] [INFO] [1786903765.457457950] [velocity_path_follower]: waypoint 1883 / 5251 도달 (선 이탈 0.16 m)
[velocity_path_follower.py-9] [INFO] [1786903765.807461574] [velocity_path_follower]: waypoint 1884 / 5251 도달 (선 이탈 0.17 m)
[velocity_path_follower.py-9] [INFO] [1786903766.157511906] [velocity_path_follower]: waypoint 1885 / 5251 도달 (선 이탈 0.18 m)
[velocity_path_follower.py-9] [INFO] [1786903766.507585030] [velocity_path_follower]: waypoint 1886 / 5251 도달 (선 이탈 0.19 m)
[velocity_path_follower.py-9] [INFO] [1786903766.859957677] [velocity_path_follower]: waypoint 1887 / 5251 도달 (선 이탈 0.19 m)
[velocity_path_follower.py-9] [INFO] [1786903767.209745465] [velocity_path_follower]: waypoint 1888 / 5251 도달 (선 이탈 0.19 m)
[velocity_path_follower.py-9] [INFO] [1786903767.559916631] [velocity_path_follower]: waypoint 1889 / 5251 도달 (선 이탈 0.19 m)
[velocity_path_follower.py-9] [INFO] [1786903767.862358278] [velocity_path_follower]: 805.0s  wp 1890/5251 이탈0.2m  위치 (  27.46,  -130.29,  10.62)
[velocity_path_follower.py-9] [INFO] [1786903767.912608738] [velocity_path_follower]: waypoint 1890 / 5251 도달 (선 이탈 0.19 m)
[velocity_path_follower.py-9] [INFO] [1786903768.262495193] [velocity_path_follower]: waypoint 1891 / 5251 도달 (선 이탈 0.18 m)
[velocity_path_follower.py-9] [INFO] [1786903768.617508865] [velocity_path_follower]: waypoint 1892 / 5251 도달 (선 이탈 0.16 m)
[velocity_path_follower.py-9] [INFO] [1786903768.969693758] [velocity_path_follower]: waypoint 1893 / 5251 도달 (선 이탈 0.15 m)
[velocity_path_follower.py-9] [INFO] [1786903769.324504761] [velocity_path_follower]: waypoint 1894 / 5251 도달 (선 이탈 0.13 m)
[velocity_path_follower.py-9] [INFO] [1786903769.674709926] [velocity_path_follower]: waypoint 1895 / 5251 도달 (선 이탈 0.12 m)
[velocity_path_follower.py-9] [INFO] [1786903770.026749859] [velocity_path_follower]: waypoint 1896 / 5251 도달 (선 이탈 0.10 m)
[velocity_path_follower.py-9] [INFO] [1786903770.377084817] [velocity_path_follower]: waypoint 1897 / 5251 도달 (선 이탈 0.08 m)
[velocity_path_follower.py-9] [INFO] [1786903770.726680141] [velocity_path_follower]: waypoint 1898 / 5251 도달 (선 이탈 0.06 m)
[velocity_path_follower.py-9] [INFO] [1786903771.076746637] [velocity_path_follower]: waypoint 1899 / 5251 도달 (선 이탈 0.04 m)
[velocity_path_follower.py-9] [INFO] [1786903771.433643743] [velocity_path_follower]: waypoint 1900 / 5251 도달 (선 이탈 0.02 m)
[velocity_path_follower.py-9] [INFO] [1786903771.783705155] [velocity_path_follower]: waypoint 1901 / 5251 도달 (선 이탈 0.00 m)
[velocity_path_follower.py-9] [INFO] [1786903772.191827438] [velocity_path_follower]: waypoint 1902 / 5251 도달 (선 이탈 0.01 m)
[velocity_path_follower.py-9] [INFO] [1786903772.595889930] [velocity_path_follower]: waypoint 1903 / 5251 도달 (선 이탈 0.03 m)
[velocity_path_follower.py-9] [INFO] [1786903772.947671151] [velocity_path_follower]: waypoint 1904 / 5251 도달 (선 이탈 0.05 m)
[velocity_path_follower.py-9] [INFO] [1786903772.997391564] [velocity_path_follower]: 810.0s  wp 1905/5251 이탈0.0m  위치 (  20.30,  -130.05,  11.21)
[velocity_path_follower.py-9] [INFO] [1786903773.297631269] [velocity_path_follower]: waypoint 1905 / 5251 도달 (선 이탈 0.06 m)
[velocity_path_follower.py-9] [INFO] [1786903773.649482781] [velocity_path_follower]: waypoint 1906 / 5251 도달 (선 이탈 0.07 m)
[velocity_path_follower.py-9] [INFO] [1786903774.000293366] [velocity_path_follower]: waypoint 1907 / 5251 도달 (선 이탈 0.08 m)
[velocity_path_follower.py-9] [INFO] [1786903774.349950813] [velocity_path_follower]: waypoint 1908 / 5251 도달 (선 이탈 0.09 m)
[velocity_path_follower.py-9] [INFO] [1786903774.699816721] [velocity_path_follower]: waypoint 1909 / 5251 도달 (선 이탈 0.10 m)
[velocity_path_follower.py-9] [INFO] [1786903775.052064403] [velocity_path_follower]: waypoint 1910 / 5251 도달 (선 이탈 0.10 m)
[velocity_path_follower.py-9] [INFO] [1786903775.425210584] [velocity_path_follower]: waypoint 1911 / 5251 도달 (선 이탈 0.10 m)
[velocity_path_follower.py-9] [INFO] [1786903775.856786474] [velocity_path_follower]: waypoint 1912 / 5251 도달 (선 이탈 0.10 m)
[velocity_path_follower.py-9] [INFO] [1786903776.226282868] [velocity_path_follower]: waypoint 1913 / 5251 도달 (선 이탈 0.10 m)
[velocity_path_follower.py-9] [INFO] [1786903776.575948565] [velocity_path_follower]: waypoint 1914 / 5251 도달 (선 이탈 0.10 m)
[velocity_path_follower.py-9] [INFO] [1786903776.880092140] [velocity_path_follower]: waypoint 1915 / 5251 도달 (선 이탈 0.09 m)
[velocity_path_follower.py-9] [INFO] [1786903777.233336789] [velocity_path_follower]: waypoint 1916 / 5251 도달 (선 이탈 0.09 m)
[velocity_path_follower.py-9] [INFO] [1786903777.584820294] [velocity_path_follower]: waypoint 1917 / 5251 도달 (선 이탈 0.08 m)
[velocity_path_follower.py-9] [INFO] [1786903777.986718678] [velocity_path_follower]: waypoint 1918 / 5251 도달 (선 이탈 0.07 m)
[velocity_path_follower.py-9] [INFO] [1786903778.136442421] [velocity_path_follower]: 815.0s  wp 1919/5251 이탈0.1m  위치 (  13.11,  -130.03,  11.04)
[velocity_path_follower.py-9] [INFO] [1786903778.286666335] [velocity_path_follower]: waypoint 1919 / 5251 도달 (선 이탈 0.06 m)
[velocity_path_follower.py-9] [INFO] [1786903778.636800243] [velocity_path_follower]: waypoint 1920 / 5251 도달 (선 이탈 0.05 m)
[velocity_path_follower.py-9] [INFO] [1786903778.989435676] [velocity_path_follower]: waypoint 1921 / 5251 도달 (선 이탈 0.04 m)
[velocity_path_follower.py-9] [INFO] [1786903779.339615792] [velocity_path_follower]: waypoint 1922 / 5251 도달 (선 이탈 0.03 m)
[velocity_path_follower.py-9] [INFO] [1786903779.689672824] [velocity_path_follower]: waypoint 1923 / 5251 도달 (선 이탈 0.02 m)
[velocity_path_follower.py-9] [INFO] [1786903780.039629313] [velocity_path_follower]: waypoint 1924 / 5251 도달 (선 이탈 0.01 m)
[velocity_path_follower.py-9] [INFO] [1786903780.392639332] [velocity_path_follower]: waypoint 1925 / 5251 도달 (선 이탈 0.00 m)
[velocity_path_follower.py-9] [INFO] [1786903780.744751050] [velocity_path_follower]: waypoint 1926 / 5251 도달 (선 이탈 0.01 m)
[velocity_path_follower.py-9] [INFO] [1786903781.122502481] [velocity_path_follower]: waypoint 1927 / 5251 도달 (선 이탈 0.02 m)
[velocity_path_follower.py-9] [INFO] [1786903781.471789212] [velocity_path_follower]: waypoint 1928 / 5251 도달 (선 이탈 0.02 m)
[velocity_path_follower.py-9] [INFO] [1786903781.821952535] [velocity_path_follower]: waypoint 1929 / 5251 도달 (선 이탈 0.03 m)
[velocity_path_follower.py-9] [INFO] [1786903782.216400091] [velocity_path_follower]: waypoint 1930 / 5251 도달 (선 이탈 0.04 m)
[velocity_path_follower.py-9] [INFO] [1786903782.594302731] [velocity_path_follower]: waypoint 1931 / 5251 도달 (선 이탈 0.04 m)
[velocity_path_follower.py-9] [INFO] [1786903783.042695407] [velocity_path_follower]: waypoint 1932 / 5251 도달 (선 이탈 0.05 m)
[velocity_path_follower.py-9] [INFO] [1786903783.452053902] [velocity_path_follower]: 820.0s  wp 1933/5251 이탈0.1m  위치 (   5.92,  -130.15,   8.57)
[velocity_path_follower.py-9] [INFO] [1786903783.501372101] [velocity_path_follower]: waypoint 1933 / 5251 도달 (선 이탈 0.05 m)
[velocity_path_follower.py-9] [INFO] [1786903783.803147649] [velocity_path_follower]: waypoint 1934 / 5251 도달 (선 이탈 0.05 m)
[velocity_path_follower.py-9] [INFO] [1786903784.208661605] [velocity_path_follower]: waypoint 1935 / 5251 도달 (선 이탈 0.06 m)
[velocity_path_follower.py-9] [INFO] [1786903784.535162441] [velocity_path_follower]: waypoint 1936 / 5251 도달 (선 이탈 0.06 m)
[velocity_path_follower.py-9] [INFO] [1786903784.886789443] [velocity_path_follower]: waypoint 1937 / 5251 도달 (선 이탈 0.06 m)
[velocity_path_follower.py-9] [INFO] [1786903785.242812072] [velocity_path_follower]: waypoint 1938 / 5251 도달 (선 이탈 0.05 m)
[velocity_path_follower.py-9] [INFO] [1786903785.599153245] [velocity_path_follower]: waypoint 1939 / 5251 도달 (선 이탈 0.05 m)
[velocity_path_follower.py-9] [INFO] [1786903788.528736618] [velocity_path_follower]: 825.0s  climb       위치 (  -0.47,  -130.13,   5.73)
[velocity_path_follower.py-9] [INFO] [1786903789.931434326] [velocity_path_follower]: waypoint 1940 / 5251 도달 (선 이탈 0.03 m)
[velocity_path_follower.py-9] [INFO] [1786903789.980782525] [velocity_path_follower]: waypoint 1941 / 5251 도달 (선 이탈 0.03 m)
[velocity_path_follower.py-9] [INFO] [1786903790.030779231] [velocity_path_follower]: waypoint 1942 / 5251 도달 (선 이탈 0.03 m)
[velocity_path_follower.py-9] [INFO] [1786903790.080824146] [velocity_path_follower]: waypoint 1943 / 5251 도달 (선 이탈 0.03 m)
[velocity_path_follower.py-9] [INFO] [1786903790.130875227] [velocity_path_follower]: waypoint 1944 / 5251 도달 (선 이탈 0.03 m)
[velocity_path_follower.py-9] [INFO] [1786903790.183310749] [velocity_path_follower]: waypoint 1945 / 5251 도달 (선 이탈 0.03 m)
[velocity_path_follower.py-9] [INFO] [1786903790.233301996] [velocity_path_follower]: waypoint 1946 / 5251 도달 (선 이탈 0.02 m)
[velocity_path_follower.py-9] [INFO] [1786903790.283236493] [velocity_path_follower]: waypoint 1947 / 5251 도달 (선 이탈 0.02 m)
[velocity_path_follower.py-9] [INFO] [1786903790.333507035] [velocity_path_follower]: waypoint 1948 / 5251 도달 (선 이탈 0.02 m)
[velocity_path_follower.py-9] [INFO] [1786903790.933303502] [velocity_path_follower]: waypoint 1949 / 5251 도달 (선 이탈 0.02 m)
[velocity_path_follower.py-9] [INFO] [1786903791.692648138] [velocity_path_follower]: waypoint 1950 / 5251 도달 (선 이탈 0.02 m)
[velocity_path_follower.py-9] [INFO] [1786903792.344679623] [velocity_path_follower]: waypoint 1951 / 5251 도달 (선 이탈 0.01 m)
[velocity_path_follower.py-9] [INFO] [1786903792.899713143] [velocity_path_follower]: waypoint 1952 / 5251 도달 (선 이탈 0.01 m)
[velocity_path_follower.py-9] [INFO] [1786903793.451825466] [velocity_path_follower]: waypoint 1953 / 5251 도달 (선 이탈 0.01 m)
[velocity_path_follower.py-9] [INFO] [1786903793.551428539] [velocity_path_follower]: 830.0s  wp 1954/5251 이탈0.0m  위치 (  -4.20,  -130.11,   9.70)
[velocity_path_follower.py-9] [INFO] [1786903794.003647036] [velocity_path_follower]: waypoint 1954 / 5251 도달 (선 이탈 0.00 m)
[velocity_path_follower.py-9] [INFO] [1786903794.503749757] [velocity_path_follower]: waypoint 1955 / 5251 도달 (선 이탈 0.00 m)
[velocity_path_follower.py-9] [INFO] [1786903794.953785273] [velocity_path_follower]: waypoint 1956 / 5251 도달 (선 이탈 0.00 m)
[velocity_path_follower.py-9] [INFO] [1786903795.403499409] [velocity_path_follower]: waypoint 1957 / 5251 도달 (선 이탈 0.01 m)
[velocity_path_follower.py-9] [INFO] [1786903795.853947678] [velocity_path_follower]: waypoint 1958 / 5251 도달 (선 이탈 0.01 m)
[velocity_path_follower.py-9] [INFO] [1786903796.303911399] [velocity_path_follower]: waypoint 1959 / 5251 도달 (선 이탈 0.01 m)
[velocity_path_follower.py-9] [INFO] [1786903796.753745161] [velocity_path_follower]: waypoint 1960 / 5251 도달 (선 이탈 0.01 m)
[velocity_path_follower.py-9] [INFO] [1786903797.153684927] [velocity_path_follower]: waypoint 1961 / 5251 도달 (선 이탈 0.01 m)
[velocity_path_follower.py-9] [INFO] [1786903797.603849733] [velocity_path_follower]: waypoint 1962 / 5251 도달 (선 이탈 0.01 m)
[velocity_path_follower.py-9] [INFO] [1786903798.003629788] [velocity_path_follower]: waypoint 1963 / 5251 도달 (선 이탈 0.01 m)
[velocity_path_follower.py-9] [INFO] [1786903798.406518832] [velocity_path_follower]: waypoint 1964 / 5251 도달 (선 이탈 0.01 m)
[velocity_path_follower.py-9] [INFO] [1786903798.556644948] [velocity_path_follower]: 835.0s  wp 1965/5251 이탈0.0m  위치 (  -9.81,  -130.09,  11.13)
[velocity_path_follower.py-9] [INFO] [1786903798.806701474] [velocity_path_follower]: waypoint 1965 / 5251 도달 (선 이탈 0.01 m)
[velocity_path_follower.py-9] [INFO] [1786903799.206577070] [velocity_path_follower]: waypoint 1966 / 5251 도달 (선 이탈 0.01 m)
[velocity_path_follower.py-9] [INFO] [1786903799.606630252] [velocity_path_follower]: waypoint 1967 / 5251 도달 (선 이탈 0.01 m)
[velocity_path_follower.py-9] [INFO] [1786903800.007707860] [velocity_path_follower]: waypoint 1968 / 5251 도달 (선 이탈 0.01 m)
[velocity_path_follower.py-9] [INFO] [1786903800.356693909] [velocity_path_follower]: waypoint 1969 / 5251 도달 (선 이탈 0.01 m)
[velocity_path_follower.py-9] [INFO] [1786903800.756498629] [velocity_path_follower]: waypoint 1970 / 5251 도달 (선 이탈 0.01 m)
[velocity_path_follower.py-9] [INFO] [1786903801.106749773] [velocity_path_follower]: waypoint 1971 / 5251 도달 (선 이탈 0.01 m)
[velocity_path_follower.py-9] [INFO] [1786903801.509138310] [velocity_path_follower]: waypoint 1972 / 5251 도달 (선 이탈 0.00 m)
[velocity_path_follower.py-9] [INFO] [1786903801.858722655] [velocity_path_follower]: waypoint 1973 / 5251 도달 (선 이탈 0.00 m)
[velocity_path_follower.py-9] [INFO] [1786903802.258796252] [velocity_path_follower]: waypoint 1974 / 5251 도달 (선 이탈 0.00 m)
[velocity_path_follower.py-9] [INFO] [1786903802.610696661] [velocity_path_follower]: waypoint 1975 / 5251 도달 (선 이탈 0.00 m)
[velocity_path_follower.py-9] [INFO] [1786903803.008503860] [velocity_path_follower]: waypoint 1976 / 5251 도달 (선 이탈 0.00 m)
[velocity_path_follower.py-9] [INFO] [1786903803.362276496] [velocity_path_follower]: waypoint 1977 / 5251 도달 (선 이탈 0.00 m)
[velocity_path_follower.py-9] [INFO] [1786903803.561835851] [velocity_path_follower]: 840.0s  wp 1978/5251 이탈0.0m  위치 ( -16.42,  -130.10,   8.81)
[velocity_path_follower.py-9] [INFO] [1786903803.711646005] [velocity_path_follower]: waypoint 1978 / 5251 도달 (선 이탈 0.00 m)
[velocity_path_follower.py-9] [INFO] [1786903804.111772059] [velocity_path_follower]: waypoint 1979 / 5251 도달 (선 이탈 0.00 m)
[velocity_path_follower.py-9] [INFO] [1786903804.462093327] [velocity_path_follower]: waypoint 1980 / 5251 도달 (선 이탈 0.01 m)
[velocity_path_follower.py-9] [INFO] [1786903804.811681295] [velocity_path_follower]: waypoint 1981 / 5251 도달 (선 이탈 0.01 m)
[velocity_path_follower.py-9] [INFO] [1786903805.215666345] [velocity_path_follower]: waypoint 1982 / 5251 도달 (선 이탈 0.01 m)
[velocity_path_follower.py-9] [INFO] [1786903805.565361898] [velocity_path_follower]: waypoint 1983 / 5251 도달 (선 이탈 0.01 m)
[velocity_path_follower.py-9] [INFO] [1786903805.915391912] [velocity_path_follower]: waypoint 1984 / 5251 도달 (선 이탈 0.01 m)
[velocity_path_follower.py-9] [INFO] [1786903806.265427717] [velocity_path_follower]: waypoint 1985 / 5251 도달 (선 이탈 0.01 m)
[velocity_path_follower.py-9] [INFO] [1786903806.617363333] [velocity_path_follower]: waypoint 1986 / 5251 도달 (선 이탈 0.01 m)
[velocity_path_follower.py-9] [INFO] [1786903806.968020019] [velocity_path_follower]: waypoint 1987 / 5251 도달 (선 이탈 0.01 m)
[velocity_path_follower.py-9] [INFO] [1786903807.317587361] [velocity_path_follower]: waypoint 1988 / 5251 도달 (선 이탈 0.01 m)
[velocity_path_follower.py-9] [INFO] [1786903807.667927543] [velocity_path_follower]: waypoint 1989 / 5251 도달 (선 이탈 0.01 m)
[velocity_path_follower.py-9] [INFO] [1786903808.067596840] [velocity_path_follower]: waypoint 1990 / 5251 도달 (선 이탈 0.01 m)
[velocity_path_follower.py-9] [INFO] [1786903808.417690478] [velocity_path_follower]: waypoint 1991 / 5251 도달 (선 이탈 0.01 m)
[velocity_path_follower.py-9] [INFO] [1786903808.567458463] [velocity_path_follower]: 845.0s  wp 1992/5251 이탈0.0m  위치 ( -23.35,  -130.11,   8.40)
[velocity_path_follower.py-9] [INFO] [1786903808.767484696] [velocity_path_follower]: waypoint 1992 / 5251 도달 (선 이탈 0.01 m)
[velocity_path_follower.py-9] [INFO] [1786903809.117473416] [velocity_path_follower]: waypoint 1993 / 5251 도달 (선 이탈 0.00 m)
[velocity_path_follower.py-9] [INFO] [1786903809.467807055] [velocity_path_follower]: waypoint 1994 / 5251 도달 (선 이탈 0.00 m)
[velocity_path_follower.py-9] [INFO] [1786903809.817685232] [velocity_path_follower]: waypoint 1995 / 5251 도달 (선 이탈 0.00 m)
[velocity_path_follower.py-9] [INFO] [1786903810.167629784] [velocity_path_follower]: waypoint 1996 / 5251 도달 (선 이탈 0.00 m)
[velocity_path_follower.py-9] [INFO] [1786903810.517685795] [velocity_path_follower]: waypoint 1997 / 5251 도달 (선 이탈 0.00 m)
[velocity_path_follower.py-9] [INFO] [1786903810.867449012] [velocity_path_follower]: waypoint 1998 / 5251 도달 (선 이탈 0.00 m)
[velocity_path_follower.py-9] [INFO] [1786903811.217767859] [velocity_path_follower]: waypoint 1999 / 5251 도달 (선 이탈 0.00 m)
[velocity_path_follower.py-9] [INFO] [1786903811.570908817] [velocity_path_follower]: waypoint 2000 / 5251 도달 (선 이탈 0.00 m)
[velocity_path_follower.py-9] [INFO] [1786903811.923818564] [velocity_path_follower]: waypoint 2001 / 5251 도달 (선 이탈 0.00 m)
[velocity_path_follower.py-9] [INFO] [1786903812.271097505] [velocity_path_follower]: waypoint 2002 / 5251 도달 (선 이탈 0.00 m)
[velocity_path_follower.py-9] [INFO] [1786903812.621189515] [velocity_path_follower]: waypoint 2003 / 5251 도달 (선 이탈 0.00 m)
[velocity_path_follower.py-9] [INFO] [1786903812.970988356] [velocity_path_follower]: waypoint 2004 / 5251 도달 (선 이탈 0.00 m)
[velocity_path_follower.py-9] [INFO] [1786903813.321105532] [velocity_path_follower]: waypoint 2005 / 5251 도달 (선 이탈 0.00 m)
[velocity_path_follower.py-9] [INFO] [1786903813.570763755] [velocity_path_follower]: 850.0s  wp 2006/5251 이탈0.0m  위치 ( -30.47,  -130.10,   8.36)
[velocity_path_follower.py-9] [INFO] [1786903813.670870830] [velocity_path_follower]: waypoint 2006 / 5251 도달 (선 이탈 0.00 m)
[velocity_path_follower.py-9] [INFO] [1786903814.020916298] [velocity_path_follower]: waypoint 2007 / 5251 도달 (선 이탈 0.00 m)
[velocity_path_follower.py-9] [INFO] [1786903814.370848263] [velocity_path_follower]: waypoint 2008 / 5251 도달 (선 이탈 0.00 m)
[velocity_path_follower.py-9] [INFO] [1786903814.720916814] [velocity_path_follower]: waypoint 2009 / 5251 도달 (선 이탈 0.00 m)
[velocity_path_follower.py-9] [INFO] [1786903815.070935030] [velocity_path_follower]: waypoint 2010 / 5251 도달 (선 이탈 0.00 m)
[velocity_path_follower.py-9] [INFO] [1786903815.421088456] [velocity_path_follower]: waypoint 2011 / 5251 도달 (선 이탈 0.00 m)
[velocity_path_follower.py-9] [INFO] [1786903815.770904587] [velocity_path_follower]: waypoint 2012 / 5251 도달 (선 이탈 0.00 m)
[velocity_path_follower.py-9] [INFO] [1786903816.120862343] [velocity_path_follower]: waypoint 2013 / 5251 도달 (선 이탈 0.00 m)
[velocity_path_follower.py-9] [INFO] [1786903818.672711687] [velocity_path_follower]: 855.0s  climb       위치 ( -37.17,  -130.10,   5.96)
[velocity_path_follower.py-9] [INFO] [1786903820.020470815] [velocity_path_follower]: waypoint 2014 / 5251 도달 (선 이탈 0.00 m)
[velocity_path_follower.py-9] [INFO] [1786903820.070459226] [velocity_path_follower]: waypoint 2015 / 5251 도달 (선 이탈 0.00 m)
[velocity_path_follower.py-9] [INFO] [1786903820.120679723] [velocity_path_follower]: waypoint 2016 / 5251 도달 (선 이탈 0.00 m)
[velocity_path_follower.py-9] [INFO] [1786903820.170673843] [velocity_path_follower]: waypoint 2017 / 5251 도달 (선 이탈 0.00 m)
[velocity_path_follower.py-9] [INFO] [1786903820.220385293] [velocity_path_follower]: waypoint 2018 / 5251 도달 (선 이탈 0.00 m)
[velocity_path_follower.py-9] [INFO] [1786903820.270436997] [velocity_path_follower]: waypoint 2019 / 5251 도달 (선 이탈 0.00 m)
[velocity_path_follower.py-9] [INFO] [1786903823.670238498] [velocity_path_follower]: 860.0s  wp 2020/5251 이탈1.4m  위치 ( -39.99,  -128.76,   8.20)
[velocity_path_follower.py-9] [INFO] [1786903825.220446698] [velocity_path_follower]: waypoint 2020 / 5251 도달 (선 이탈 1.37 m)
[velocity_path_follower.py-9] [INFO] [1786903826.720589192] [velocity_path_follower]: waypoint 2022 / 5251 도달 (선 이탈 0.23 m)
[velocity_path_follower.py-9] [INFO] [1786903827.720718241] [velocity_path_follower]: waypoint 2023 / 5251 도달 (선 이탈 0.50 m)
[velocity_path_follower.py-9] [INFO] [1786903828.522728373] [velocity_path_follower]: waypoint 2024 / 5251 도달 (선 이탈 0.96 m)
[velocity_path_follower.py-9] [INFO] [1786903828.672502269] [velocity_path_follower]: 865.0s  wp 2025/5251 이탈1.0m  위치 ( -38.48,  -125.07,   8.20)
[velocity_path_follower.py-9] [INFO] [1786903829.172962005] [velocity_path_follower]: waypoint 2025 / 5251 도달 (선 이탈 1.25 m)
[velocity_path_follower.py-9] [INFO] [1786903829.823189094] [velocity_path_follower]: waypoint 2026 / 5251 도달 (선 이탈 1.44 m)
[velocity_path_follower.py-9] [INFO] [1786903830.472881052] [velocity_path_follower]: waypoint 2027 / 5251 도달 (선 이탈 1.54 m)
[velocity_path_follower.py-9] [INFO] [1786903831.022793691] [velocity_path_follower]: waypoint 2028 / 5251 도달 (선 이탈 1.57 m)
[velocity_path_follower.py-9] [INFO] [1786903831.622736656] [velocity_path_follower]: waypoint 2029 / 5251 도달 (선 이탈 1.53 m)
[velocity_path_follower.py-9] [INFO] [1786903832.172792712] [velocity_path_follower]: waypoint 2030 / 5251 도달 (선 이탈 1.45 m)
[velocity_path_follower.py-9] [INFO] [1786903832.722776725] [velocity_path_follower]: waypoint 2031 / 5251 도달 (선 이탈 1.33 m)
[velocity_path_follower.py-9] [INFO] [1786903833.222785452] [velocity_path_follower]: waypoint 2032 / 5251 도달 (선 이탈 1.19 m)
[velocity_path_follower.py-9] [INFO] [1786903833.672637684] [velocity_path_follower]: 870.0s  wp 2033/5251 이탈1.0m  위치 ( -34.14,  -125.05,   9.06)
[velocity_path_follower.py-9] [INFO] [1786903833.722730428] [velocity_path_follower]: waypoint 2033 / 5251 도달 (선 이탈 1.03 m)
[velocity_path_follower.py-9] [INFO] [1786903834.222931865] [velocity_path_follower]: waypoint 2034 / 5251 도달 (선 이탈 0.85 m)
[velocity_path_follower.py-9] [INFO] [1786903834.722639171] [velocity_path_follower]: waypoint 2035 / 5251 도달 (선 이탈 0.65 m)
[velocity_path_follower.py-9] [INFO] [1786903835.222635730] [velocity_path_follower]: waypoint 2036 / 5251 도달 (선 이탈 0.45 m)
[velocity_path_follower.py-9] [INFO] [1786903835.672825464] [velocity_path_follower]: waypoint 2037 / 5251 도달 (선 이탈 0.26 m)
[velocity_path_follower.py-9] [INFO] [1786903836.168742773] [velocity_path_follower]: waypoint 2038 / 5251 도달 (선 이탈 0.09 m)
[velocity_path_follower.py-9] [INFO] [1786903836.612738570] [velocity_path_follower]: waypoint 2039 / 5251 도달 (선 이탈 0.07 m)
[velocity_path_follower.py-9] [INFO] [1786903837.012856351] [velocity_path_follower]: waypoint 2040 / 5251 도달 (선 이탈 0.21 m)
[velocity_path_follower.py-9] [INFO] [1786903837.463152084] [velocity_path_follower]: waypoint 2041 / 5251 도달 (선 이탈 0.35 m)
[velocity_path_follower.py-9] [INFO] [1786903837.862883735] [velocity_path_follower]: waypoint 2042 / 5251 도달 (선 이탈 0.46 m)
[velocity_path_follower.py-9] [INFO] [1786903838.262910138] [velocity_path_follower]: waypoint 2043 / 5251 도달 (선 이탈 0.55 m)
[velocity_path_follower.py-9] [INFO] [1786903838.664910186] [velocity_path_follower]: waypoint 2044 / 5251 도달 (선 이탈 0.63 m)
[velocity_path_follower.py-9] [INFO] [1786903838.715670520] [velocity_path_follower]: 875.0s  wp 2045/5251 이탈0.6m  위치 ( -28.54,  -126.73,   9.50)
[velocity_path_follower.py-9] [INFO] [1786903839.064947214] [velocity_path_follower]: waypoint 2045 / 5251 도달 (선 이탈 0.68 m)
[velocity_path_follower.py-9] [INFO] [1786903839.464990700] [velocity_path_follower]: waypoint 2046 / 5251 도달 (선 이탈 0.72 m)
[velocity_path_follower.py-9] [INFO] [1786903839.864817684] [velocity_path_follower]: waypoint 2047 / 5251 도달 (선 이탈 0.74 m)
[velocity_path_follower.py-9] [INFO] [1786903840.264921670] [velocity_path_follower]: waypoint 2048 / 5251 도달 (선 이탈 0.75 m)
[velocity_path_follower.py-9] [INFO] [1786903840.664826821] [velocity_path_follower]: waypoint 2049 / 5251 도달 (선 이탈 0.74 m)
[velocity_path_follower.py-9] [INFO] [1786903841.065054225] [velocity_path_follower]: waypoint 2050 / 5251 도달 (선 이탈 0.71 m)
[velocity_path_follower.py-9] [INFO] [1786903841.464968083] [velocity_path_follower]: waypoint 2051 / 5251 도달 (선 이탈 0.67 m)
[velocity_path_follower.py-9] [INFO] [1786903841.864876025] [velocity_path_follower]: waypoint 2052 / 5251 도달 (선 이탈 0.62 m)
[velocity_path_follower.py-9] [INFO] [1786903842.264915592] [velocity_path_follower]: waypoint 2053 / 5251 도달 (선 이탈 0.56 m)
[velocity_path_follower.py-9] [INFO] [1786903842.614960833] [velocity_path_follower]: waypoint 2054 / 5251 도달 (선 이탈 0.50 m)
[velocity_path_follower.py-9] [INFO] [1786903843.023751070] [velocity_path_follower]: waypoint 2055 / 5251 도달 (선 이탈 0.42 m)
[velocity_path_follower.py-9] [INFO] [1786903843.424748104] [velocity_path_follower]: waypoint 2056 / 5251 도달 (선 이탈 0.34 m)
[velocity_path_follower.py-9] [INFO] [1786903843.724364307] [velocity_path_follower]: 880.0s  wp 2057/5251 이탈0.3m  위치 ( -22.16,  -126.38,   8.99)
[velocity_path_follower.py-9] [INFO] [1786903843.774381758] [velocity_path_follower]: waypoint 2057 / 5251 도달 (선 이탈 0.27 m)
[velocity_path_follower.py-9] [INFO] [1786903844.174685243] [velocity_path_follower]: waypoint 2058 / 5251 도달 (선 이탈 0.19 m)
[velocity_path_follower.py-9] [INFO] [1786903844.574655017] [velocity_path_follower]: waypoint 2059 / 5251 도달 (선 이탈 0.10 m)
[velocity_path_follower.py-9] [INFO] [1786903844.924748091] [velocity_path_follower]: waypoint 2060 / 5251 도달 (선 이탈 0.03 m)
[velocity_path_follower.py-9] [INFO] [1786903845.274628162] [velocity_path_follower]: waypoint 2061 / 5251 도달 (선 이탈 0.03 m)
[velocity_path_follower.py-9] [INFO] [1786903845.624741527] [velocity_path_follower]: waypoint 2062 / 5251 도달 (선 이탈 0.10 m)
[velocity_path_follower.py-9] [INFO] [1786903846.024498090] [velocity_path_follower]: waypoint 2063 / 5251 도달 (선 이탈 0.16 m)
[velocity_path_follower.py-9] [INFO] [1786903846.374492078] [velocity_path_follower]: waypoint 2064 / 5251 도달 (선 이탈 0.21 m)
[velocity_path_follower.py-9] [INFO] [1786903846.774370766] [velocity_path_follower]: waypoint 2065 / 5251 도달 (선 이탈 0.27 m)
[velocity_path_follower.py-9] [INFO] [1786903847.124848009] [velocity_path_follower]: waypoint 2066 / 5251 도달 (선 이탈 0.30 m)
[velocity_path_follower.py-9] [INFO] [1786903847.474474618] [velocity_path_follower]: waypoint 2067 / 5251 도달 (선 이탈 0.33 m)
[velocity_path_follower.py-9] [INFO] [1786903847.826734961] [velocity_path_follower]: waypoint 2068 / 5251 도달 (선 이탈 0.36 m)
[velocity_path_follower.py-9] [INFO] [1786903848.226484355] [velocity_path_follower]: waypoint 2069 / 5251 도달 (선 이탈 0.37 m)
[velocity_path_follower.py-9] [INFO] [1786903848.576493259] [velocity_path_follower]: waypoint 2070 / 5251 도달 (선 이탈 0.38 m)
[velocity_path_follower.py-9] [INFO] [1786903848.728559465] [velocity_path_follower]: 885.0s  wp 2071/5251 이탈0.4m  위치 ( -15.37,  -125.72,   8.99)
[velocity_path_follower.py-9] [INFO] [1786903848.928506225] [velocity_path_follower]: waypoint 2071 / 5251 도달 (선 이탈 0.38 m)
[velocity_path_follower.py-9] [INFO] [1786903849.278697463] [velocity_path_follower]: waypoint 2072 / 5251 도달 (선 이탈 0.38 m)
[velocity_path_follower.py-9] [INFO] [1786903849.678643608] [velocity_path_follower]: waypoint 2073 / 5251 도달 (선 이탈 0.36 m)
[velocity_path_follower.py-9] [INFO] [1786903850.028717262] [velocity_path_follower]: waypoint 2074 / 5251 도달 (선 이탈 0.35 m)
[velocity_path_follower.py-9] [INFO] [1786903850.378757040] [velocity_path_follower]: waypoint 2075 / 5251 도달 (선 이탈 0.32 m)
[velocity_path_follower.py-9] [INFO] [1786903850.728506274] [velocity_path_follower]: waypoint 2076 / 5251 도달 (선 이탈 0.30 m)
[velocity_path_follower.py-9] [INFO] [1786903851.078471926] [velocity_path_follower]: waypoint 2077 / 5251 도달 (선 이탈 0.27 m)
[velocity_path_follower.py-9] [INFO] [1786903851.429074043] [velocity_path_follower]: waypoint 2078 / 5251 도달 (선 이탈 0.23 m)
[velocity_path_follower.py-9] [INFO] [1786903851.829910987] [velocity_path_follower]: waypoint 2079 / 5251 도달 (선 이탈 0.19 m)
[velocity_path_follower.py-9] [INFO] [1786903852.178664376] [velocity_path_follower]: waypoint 2080 / 5251 도달 (선 이탈 0.15 m)
[velocity_path_follower.py-9] [INFO] [1786903852.531724724] [velocity_path_follower]: waypoint 2081 / 5251 도달 (선 이탈 0.12 m)
[velocity_path_follower.py-9] [INFO] [1786903852.883608270] [velocity_path_follower]: waypoint 2082 / 5251 도달 (선 이탈 0.08 m)
