[INFO] [launch]: All log files can be found below /home/hyunwoo-chae/.ros/log/2026-08-16-05-46-27-891448-hyunwoo-chae-QEMU-Virtual-Machine-20769
[INFO] [launch]: Default logging verbosity is set to INFO
[INFO] [gazebo-1]: process started with pid [20810]
[INFO] [parameter_bridge-2]: process started with pid [20811]
[INFO] [parameter_bridge-3]: process started with pid [20813]
[INFO] [parameter_bridge-4]: process started with pid [20814]
[INFO] [static_transform_publisher-5]: process started with pid [20815]
[INFO] [parameter_bridge-6]: process started with pid [20816]
[INFO] [wait_for_world-7]: process started with pid [20817]
[wait_for_world-7] [wait_for_world] 'Seongdong_gu' 로드 대기 (최대 180s, 10s 후부터 3s 간격 확인)
[static_transform_publisher-5] [INFO] [1786826788.430495296] [drone_os1_lidar_static_tf]: Spinning until stopped - publishing transform
[static_transform_publisher-5] translation: ('0.000000', '0.000000', '-0.175406')
[static_transform_publisher-5] rotation: ('0.000000', '0.707108', '0.000000', '0.707105')
[static_transform_publisher-5] from 'drone/base_link' to 'drone/os1_lidar'
[parameter_bridge-6] [INFO] [1786826788.464669270] [exp_cmd_bridge]: Creating ROS->GZ Bridge: [/X3/gazebo/command/twist (geometry_msgs/msg/Twist) -> /X3/gazebo/command/twist (gz.msgs.Twist)] (Lazy 0)
[parameter_bridge-6] [INFO] [1786826788.467196007] [exp_cmd_bridge]: Creating ROS->GZ Bridge: [/X3/enable (std_msgs/msg/Bool) -> /X3/enable (gz.msgs.Boolean)] (Lazy 0)
[parameter_bridge-4] [INFO] [1786826788.485014422] [exp_drone_tf_bridge]: Creating GZ->ROS Bridge: [/model/X3/pose (gz.msgs.Pose_V) -> /model/X3/pose (tf2_msgs/msg/TFMessage)] (Lazy 0)
[parameter_bridge-3] [INFO] [1786826788.505793052] [exp_sensor_bridge]: Creating GZ->ROS Bridge: [/drone/points/points (gz.msgs.PointCloudPacked) -> /drone/points/points (sensor_msgs/msg/PointCloud2)] (Lazy 0)
[parameter_bridge-2] [INFO] [1786826788.506569961] [exp_clock_bridge]: Creating GZ->ROS Bridge: [/clock (gz.msgs.Clock) -> /clock (rosgraph_msgs/msg/Clock)] (Lazy 0)
[parameter_bridge-3] [INFO] [1786826788.510013989] [exp_sensor_bridge]: Creating GZ->ROS Bridge: [/drone/imu (gz.msgs.IMU) -> /drone/imu (sensor_msgs/msg/Imu)] (Lazy 0)
[gazebo-1] [1;33mWarning [Utils.cc:132][0m [/scale:/home/hyunwoo-chae/AG-CoNav-test_main/install/agconav_test_worlds/share/agconav_test_worlds/worlds/Seongdong_gu_100x100_dynamic/Seongdong_gu_100x100_dynamic.world:L389]: XML Element[scale], child of element[include], not defined in SDF. Copying[scale] as children of [include].
[gazebo-1] [1;33mWarning [Utils.cc:132][0m [/sdf/model[@name="x3"]/link[@name="X3/base_link"]/sensor[@name="drone_imu_sensor"]/gz_frame_id:/home/hyunwoo-chae/AG-CoNav-test_main/install/agconav_test_worlds/share/agconav_test_worlds/models/agconav_drone_dynamic/model.sdf:L44]: XML Element[gz_frame_id], child of element[sensor], not defined in SDF. Copying[gz_frame_id] as children of [sensor].
[gazebo-1] [1;33mWarning [Utils.cc:132][0m [/sdf/model[@name="x3"]/link[@name="os1_lidar"]/sensor[@name="os1_lidar"]/gz_frame_id:/home/hyunwoo-chae/AG-CoNav-test_main/install/agconav_test_worlds/share/agconav_test_worlds/models/agconav_drone_dynamic/model.sdf:L356]: XML Element[gz_frame_id], child of element[sensor], not defined in SDF. Copying[gz_frame_id] as children of [sensor].
[gazebo-1] [1;33mWarning [Utils.cc:132][0m [/sdf/model[@name="x3"]/link[@name="gps_link"]/sensor[@name="navsat_sensor"]/gz_frame_id:/home/hyunwoo-chae/AG-CoNav-test_main/install/agconav_test_worlds/share/agconav_test_worlds/models/agconav_drone_dynamic/model.sdf:L412]: XML Element[gz_frame_id], child of element[sensor], not defined in SDF. Copying[gz_frame_id] as children of [sensor].
[gazebo-1] [1;36mDbg[0m DART Bullet heightfield AABB: min = {-49.8054, -49.8054, -2.6248}, max = {49.8054, 49.8054, 2.6248} (will be translated by z=2.6248)
[gazebo-1] libEGL warning: egl: failed to create dri2 screen
[gazebo-1] libEGL warning: egl: failed to create dri2 screen
[gazebo-1] libEGL warning: NEEDS EXTENSION: falling back to kms_swrast
[wait_for_world-7] [wait_for_world] 'Seongdong_gu' 로드 완료 — spawn 시작
[INFO] [wait_for_world-7]: process has finished cleanly [pid 20817]
[INFO] [ros2-8]: process started with pid [20994]
[INFO] [velocity_path_follower.py-9]: process started with pid [20995]
[ros2-8] stdin is not a terminal device. Keyboard handling disabled.[INFO] [1786826801.062826087] [rosbag2_recorder]: Press SPACE for pausing/resuming
[ros2-8] [INFO] [1786826801.062843879] [rosbag2_recorder]: Event publisher thread: Started
[ros2-8] [INFO] [1786826801.066052646] [rosbag2_recorder]: Starting recording to '/home/hyunwoo-chae/AG-CoNav-test_main/bags/velocity_4m_5mps_attempt2'
[ros2-8] [INFO] [1786826801.069434087] [rosbag2_recorder]: Listening for topics...
[ros2-8] [INFO] [1786826801.069468172] [rosbag2_recorder]: Recording...
[ros2-8] [INFO] [1786826801.069449171] [rosbag2_recorder]: Topics discovery started.
[ros2-8] [INFO] [1786826802.666416714] [rosbag2_recorder]: Subscribed to topic '/drone/path_status'
[velocity_path_follower.py-9] [INFO] [1786826802.676193937] [velocity_path_follower]: waypoint 5251개, 고도 8.4 m, 순항 5.0 m/s
[ros2-8] [INFO] [1786826804.086117568] [rosbag2_recorder]: Subscribed to topic '/tf_static'
[ros2-8] [INFO] [1786826804.158266042] [rosbag2_recorder]: Subscribed to topic '/tf'
[parameter_bridge-6] [INFO] [1786826804.165594198] [exp_cmd_bridge]: Passing message from ROS std_msgs/msg/Bool to Gazebo gz.msgs.Boolean (showing msg only once per type)
[ros2-8] [INFO] [1786826804.168137727] [rosbag2_recorder]: Subscribed to topic '/drone/imu'
[ros2-8] [INFO] [1786826804.172446334] [rosbag2_recorder]: Subscribed to topic '/drone/points'
[velocity_path_follower.py-9] [INFO] [1786826807.207343520] [velocity_path_follower]: 아밍 완료 — 이륙
[parameter_bridge-6] [INFO] [1786826807.257167340] [exp_cmd_bridge]: Passing message from ROS geometry_msgs/msg/Twist to Gazebo gz.msgs.Twist (showing msg only once per type)
[velocity_path_follower.py-9] [INFO] [1786826808.358875798] [velocity_path_follower]: 설계 고도 도달 (3.5 m)
[velocity_path_follower.py-9] [INFO] [1786826809.208914655] [velocity_path_follower]:   5.0s  climb       위치 ( -31.59,  -158.92,   4.26)
[velocity_path_follower.py-9] [INFO] [1786826814.212053639] [velocity_path_follower]:  10.0s  wp 1/5251 이탈0.0m  위치 ( -34.04,  -161.22,  10.36)
[velocity_path_follower.py-9] [INFO] [1786826816.761801110] [velocity_path_follower]: waypoint 1 / 5251 도달 (선 이탈 0.00 m)
[velocity_path_follower.py-9] [INFO] [1786826816.811579381] [velocity_path_follower]: waypoint 2 / 5251 도달 (선 이탈 1.05 m)
[velocity_path_follower.py-9] [INFO] [1786826816.861549493] [velocity_path_follower]: waypoint 3 / 5251 도달 (선 이탈 0.97 m)
[velocity_path_follower.py-9] [INFO] [1786826816.911521480] [velocity_path_follower]: waypoint 4 / 5251 도달 (선 이탈 0.91 m)
[velocity_path_follower.py-9] [INFO] [1786826816.961523468] [velocity_path_follower]: waypoint 5 / 5251 도달 (선 이탈 0.82 m)
[velocity_path_follower.py-9] [INFO] [1786826819.213818240] [velocity_path_follower]:  15.0s  wp 6/5251 이탈1.9m  위치 ( -40.01,  -167.97,   9.42)
[velocity_path_follower.py-9] [INFO] [1786826824.250286918] [velocity_path_follower]:  20.0s  wp 6/5251 이탈2.3m  위치 ( -39.05,  -168.40,   7.14)
[velocity_path_follower.py-9] [INFO] [1786826826.349200031] [velocity_path_follower]: waypoint 6 / 5251 도달 (선 이탈 1.14 m)
[velocity_path_follower.py-9] [INFO] [1786826826.999144158] [velocity_path_follower]: waypoint 7 / 5251 도달 (선 이탈 0.72 m)
[velocity_path_follower.py-9] [INFO] [1786826827.599138798] [velocity_path_follower]: waypoint 8 / 5251 도달 (선 이탈 0.33 m)
[velocity_path_follower.py-9] [INFO] [1786826828.108945363] [velocity_path_follower]: waypoint 9 / 5251 도달 (선 이탈 0.03 m)
[velocity_path_follower.py-9] [INFO] [1786826828.658801634] [velocity_path_follower]: waypoint 10 / 5251 도달 (선 이탈 0.27 m)
[velocity_path_follower.py-9] [INFO] [1786826829.158900975] [velocity_path_follower]: waypoint 11 / 5251 도달 (선 이탈 0.53 m)
[velocity_path_follower.py-9] [INFO] [1786826829.258661589] [velocity_path_follower]:  25.0s  wp 12/5251 이탈0.6m  위치 ( -34.97,  -165.53,   8.35)
[velocity_path_follower.py-9] [INFO] [1786826829.608985831] [velocity_path_follower]: waypoint 12 / 5251 도달 (선 이탈 0.72 m)
[velocity_path_follower.py-9] [INFO] [1786826830.108863406] [velocity_path_follower]: waypoint 13 / 5251 도달 (선 이탈 0.90 m)
[velocity_path_follower.py-9] [INFO] [1786826830.558613909] [velocity_path_follower]: waypoint 14 / 5251 도달 (선 이탈 1.02 m)
[velocity_path_follower.py-9] [INFO] [1786826831.009199989] [velocity_path_follower]: waypoint 15 / 5251 도달 (선 이탈 1.12 m)
[velocity_path_follower.py-9] [INFO] [1786826831.459003904] [velocity_path_follower]: waypoint 16 / 5251 도달 (선 이탈 1.17 m)
[velocity_path_follower.py-9] [INFO] [1786826831.909109707] [velocity_path_follower]: waypoint 17 / 5251 도달 (선 이탈 1.20 m)
[velocity_path_follower.py-9] [INFO] [1786826832.358970828] [velocity_path_follower]: waypoint 18 / 5251 도달 (선 이탈 1.19 m)
[velocity_path_follower.py-9] [INFO] [1786826832.809659608] [velocity_path_follower]: waypoint 19 / 5251 도달 (선 이탈 1.16 m)
[velocity_path_follower.py-9] [INFO] [1786826833.208860261] [velocity_path_follower]: waypoint 20 / 5251 도달 (선 이탈 1.11 m)
[velocity_path_follower.py-9] [INFO] [1786826833.658686705] [velocity_path_follower]: waypoint 21 / 5251 도달 (선 이탈 1.03 m)
[velocity_path_follower.py-9] [INFO] [1786826834.108878248] [velocity_path_follower]: waypoint 22 / 5251 도달 (선 이탈 0.93 m)
[velocity_path_follower.py-9] [INFO] [1786826834.258867258] [velocity_path_follower]:  30.0s  wp 23/5251 이탈0.9m  위치 ( -29.38,  -165.20,   8.94)
[velocity_path_follower.py-9] [INFO] [1786826834.508919387] [velocity_path_follower]: waypoint 23 / 5251 도달 (선 이탈 0.83 m)
[velocity_path_follower.py-9] [INFO] [1786826834.959205221] [velocity_path_follower]: waypoint 24 / 5251 도달 (선 이탈 0.70 m)
[velocity_path_follower.py-9] [INFO] [1786826835.358618994] [velocity_path_follower]: waypoint 25 / 5251 도달 (선 이탈 0.59 m)
[velocity_path_follower.py-9] [INFO] [1786826835.759233278] [velocity_path_follower]: waypoint 26 / 5251 도달 (선 이탈 0.46 m)
[velocity_path_follower.py-9] [INFO] [1786826836.208983913] [velocity_path_follower]: waypoint 27 / 5251 도달 (선 이탈 0.31 m)
[velocity_path_follower.py-9] [INFO] [1786826836.608887326] [velocity_path_follower]: waypoint 28 / 5251 도달 (선 이탈 0.18 m)
[velocity_path_follower.py-9] [INFO] [1786826837.008641108] [velocity_path_follower]: waypoint 29 / 5251 도달 (선 이탈 0.06 m)
[velocity_path_follower.py-9] [INFO] [1786826837.408877198] [velocity_path_follower]: waypoint 30 / 5251 도달 (선 이탈 0.06 m)
[velocity_path_follower.py-9] [INFO] [1786826837.808860067] [velocity_path_follower]: waypoint 31 / 5251 도달 (선 이탈 0.17 m)
[velocity_path_follower.py-9] [INFO] [1786826838.158928215] [velocity_path_follower]: waypoint 32 / 5251 도달 (선 이탈 0.25 m)
[velocity_path_follower.py-9] [INFO] [1786826838.561689409] [velocity_path_follower]: waypoint 33 / 5251 도달 (선 이탈 0.34 m)
[velocity_path_follower.py-9] [INFO] [1786826838.961686524] [velocity_path_follower]: waypoint 34 / 5251 도달 (선 이탈 0.42 m)
[velocity_path_follower.py-9] [INFO] [1786826839.261826446] [velocity_path_follower]:  35.0s  wp 35/5251 이탈0.5m  위치 ( -23.16,  -166.57,   8.22)
[velocity_path_follower.py-9] [INFO] [1786826839.311964341] [velocity_path_follower]: waypoint 35 / 5251 도달 (선 이탈 0.47 m)
[velocity_path_follower.py-9] [INFO] [1786826839.711585642] [velocity_path_follower]: waypoint 36 / 5251 도달 (선 이탈 0.52 m)
[velocity_path_follower.py-9] [INFO] [1786826840.111666837] [velocity_path_follower]: waypoint 37 / 5251 도달 (선 이탈 0.56 m)
[velocity_path_follower.py-9] [INFO] [1786826840.461827519] [velocity_path_follower]: waypoint 38 / 5251 도달 (선 이탈 0.58 m)
[velocity_path_follower.py-9] [INFO] [1786826840.811835277] [velocity_path_follower]: waypoint 39 / 5251 도달 (선 이탈 0.59 m)
[velocity_path_follower.py-9] [INFO] [1786826841.211677704] [velocity_path_follower]: waypoint 40 / 5251 도달 (선 이탈 0.59 m)
[velocity_path_follower.py-9] [INFO] [1786826841.611961107] [velocity_path_follower]: waypoint 41 / 5251 도달 (선 이탈 0.57 m)
[velocity_path_follower.py-9] [INFO] [1786826841.961929733] [velocity_path_follower]: waypoint 42 / 5251 도달 (선 이탈 0.55 m)
[velocity_path_follower.py-9] [INFO] [1786826842.313899151] [velocity_path_follower]: waypoint 43 / 5251 도달 (선 이탈 0.52 m)
[velocity_path_follower.py-9] [INFO] [1786826842.713690777] [velocity_path_follower]: waypoint 44 / 5251 도달 (선 이탈 0.47 m)
[velocity_path_follower.py-9] [INFO] [1786826843.066820327] [velocity_path_follower]: waypoint 45 / 5251 도달 (선 이탈 0.43 m)
[velocity_path_follower.py-9] [INFO] [1786826843.418904827] [velocity_path_follower]: waypoint 46 / 5251 도달 (선 이탈 0.38 m)
[velocity_path_follower.py-9] [INFO] [1786826843.824829798] [velocity_path_follower]: waypoint 47 / 5251 도달 (선 이탈 0.32 m)
[velocity_path_follower.py-9] [INFO] [1786826844.174764203] [velocity_path_follower]: waypoint 48 / 5251 도달 (선 이탈 0.26 m)
[velocity_path_follower.py-9] [INFO] [1786826844.274838351] [velocity_path_follower]:  40.0s  wp 49/5251 이탈0.2m  위치 ( -16.46,  -166.35,   8.24)
[velocity_path_follower.py-9] [INFO] [1786826844.574946001] [velocity_path_follower]: waypoint 49 / 5251 도달 (선 이탈 0.20 m)
[velocity_path_follower.py-9] [INFO] [1786826844.924668311] [velocity_path_follower]: waypoint 50 / 5251 도달 (선 이탈 0.14 m)
[velocity_path_follower.py-9] [INFO] [1786826845.275089689] [velocity_path_follower]: waypoint 51 / 5251 도달 (선 이탈 0.08 m)
[velocity_path_follower.py-9] [INFO] [1786826845.627947172] [velocity_path_follower]: waypoint 52 / 5251 도달 (선 이탈 0.02 m)
[velocity_path_follower.py-9] [INFO] [1786826846.028067503] [velocity_path_follower]: waypoint 53 / 5251 도달 (선 이탈 0.04 m)
[velocity_path_follower.py-9] [INFO] [1786826846.378011813] [velocity_path_follower]: waypoint 54 / 5251 도달 (선 이탈 0.08 m)
[velocity_path_follower.py-9] [INFO] [1786826846.730668574] [velocity_path_follower]: waypoint 55 / 5251 도달 (선 이탈 0.13 m)
[velocity_path_follower.py-9] [INFO] [1786826847.080884269] [velocity_path_follower]: waypoint 56 / 5251 도달 (선 이탈 0.17 m)
[velocity_path_follower.py-9] [INFO] [1786826847.430678526] [velocity_path_follower]: waypoint 57 / 5251 도달 (선 이탈 0.21 m)
[velocity_path_follower.py-9] [INFO] [1786826847.830609297] [velocity_path_follower]: waypoint 58 / 5251 도달 (선 이탈 0.24 m)
[velocity_path_follower.py-9] [INFO] [1786826848.181021162] [velocity_path_follower]: waypoint 59 / 5251 도달 (선 이탈 0.27 m)
[velocity_path_follower.py-9] [INFO] [1786826848.532806500] [velocity_path_follower]: waypoint 60 / 5251 도달 (선 이탈 0.29 m)
[velocity_path_follower.py-9] [INFO] [1786826848.883079648] [velocity_path_follower]: waypoint 61 / 5251 도달 (선 이탈 0.30 m)
[velocity_path_follower.py-9] [INFO] [1786826849.232786935] [velocity_path_follower]: waypoint 62 / 5251 도달 (선 이탈 0.30 m)
[velocity_path_follower.py-9] [INFO] [1786826849.282671187] [velocity_path_follower]:  45.0s  wp 63/5251 이탈0.3m  위치 (  -9.51,  -165.79,   8.77)
[velocity_path_follower.py-9] [INFO] [1786826849.582883987] [velocity_path_follower]: waypoint 63 / 5251 도달 (선 이탈 0.31 m)
[velocity_path_follower.py-9] [INFO] [1786826849.932893327] [velocity_path_follower]: waypoint 64 / 5251 도달 (선 이탈 0.30 m)
[velocity_path_follower.py-9] [INFO] [1786826850.282862745] [velocity_path_follower]: waypoint 65 / 5251 도달 (선 이탈 0.29 m)
[velocity_path_follower.py-9] [INFO] [1786826850.638020970] [velocity_path_follower]: waypoint 66 / 5251 도달 (선 이탈 0.28 m)
[velocity_path_follower.py-9] [INFO] [1786826851.041339122] [velocity_path_follower]: waypoint 67 / 5251 도달 (선 이탈 0.26 m)
[velocity_path_follower.py-9] [INFO] [1786826851.392038774] [velocity_path_follower]: waypoint 68 / 5251 도달 (선 이탈 0.24 m)
[velocity_path_follower.py-9] [INFO] [1786826851.741138231] [velocity_path_follower]: waypoint 69 / 5251 도달 (선 이탈 0.21 m)
[velocity_path_follower.py-9] [INFO] [1786826852.093329072] [velocity_path_follower]: waypoint 70 / 5251 도달 (선 이탈 0.19 m)
[velocity_path_follower.py-9] [INFO] [1786826852.449545751] [velocity_path_follower]: waypoint 71 / 5251 도달 (선 이탈 0.16 m)
[velocity_path_follower.py-9] [INFO] [1786826852.811865569] [velocity_path_follower]: waypoint 72 / 5251 도달 (선 이탈 0.13 m)
[velocity_path_follower.py-9] [INFO] [1786826853.164113907] [velocity_path_follower]: waypoint 73 / 5251 도달 (선 이탈 0.10 m)
[velocity_path_follower.py-9] [INFO] [1786826853.521607761] [velocity_path_follower]: waypoint 74 / 5251 도달 (선 이탈 0.07 m)
[velocity_path_follower.py-9] [INFO] [1786826853.882493346] [velocity_path_follower]: waypoint 75 / 5251 도달 (선 이탈 0.04 m)
[velocity_path_follower.py-9] [INFO] [1786826854.233860681] [velocity_path_follower]: waypoint 76 / 5251 도달 (선 이탈 0.01 m)
[velocity_path_follower.py-9] [INFO] [1786826854.337999868] [velocity_path_follower]:  50.0s  wp 77/5251 이탈0.0m  위치 (  -2.43,  -166.10,   8.91)
[velocity_path_follower.py-9] [INFO] [1786826854.590047932] [velocity_path_follower]: waypoint 77 / 5251 도달 (선 이탈 0.02 m)
[velocity_path_follower.py-9] [INFO] [1786826854.940277008] [velocity_path_follower]: waypoint 78 / 5251 도달 (선 이탈 0.05 m)
[velocity_path_follower.py-9] [INFO] [1786826855.292209238] [velocity_path_follower]: waypoint 79 / 5251 도달 (선 이탈 0.07 m)
[velocity_path_follower.py-9] [INFO] [1786826855.642177714] [velocity_path_follower]: waypoint 80 / 5251 도달 (선 이탈 0.09 m)
[velocity_path_follower.py-9] [INFO] [1786826855.992399993] [velocity_path_follower]: waypoint 81 / 5251 도달 (선 이탈 0.11 m)
[velocity_path_follower.py-9] [INFO] [1786826856.342388674] [velocity_path_follower]: waypoint 82 / 5251 도달 (선 이탈 0.13 m)
[velocity_path_follower.py-9] [INFO] [1786826856.701874309] [velocity_path_follower]: waypoint 83 / 5251 도달 (선 이탈 0.14 m)
[velocity_path_follower.py-9] [INFO] [1786826857.053618066] [velocity_path_follower]: waypoint 84 / 5251 도달 (선 이탈 0.15 m)
[velocity_path_follower.py-9] [INFO] [1786826857.406202688] [velocity_path_follower]: waypoint 85 / 5251 도달 (선 이탈 0.15 m)
[velocity_path_follower.py-9] [INFO] [1786826857.756283618] [velocity_path_follower]: waypoint 86 / 5251 도달 (선 이탈 0.16 m)
[velocity_path_follower.py-9] [INFO] [1786826858.109423596] [velocity_path_follower]: waypoint 87 / 5251 도달 (선 이탈 0.16 m)
[velocity_path_follower.py-9] [INFO] [1786826858.459509522] [velocity_path_follower]: waypoint 88 / 5251 도달 (선 이탈 0.16 m)
[velocity_path_follower.py-9] [INFO] [1786826858.814916637] [velocity_path_follower]: waypoint 89 / 5251 도달 (선 이탈 0.15 m)
[velocity_path_follower.py-9] [INFO] [1786826859.164668130] [velocity_path_follower]: waypoint 90 / 5251 도달 (선 이탈 0.14 m)
[velocity_path_follower.py-9] [INFO] [1786826859.364646504] [velocity_path_follower]:  55.0s  wp 91/5251 이탈0.1m  위치 (   4.74,  -166.24,   8.96)
[velocity_path_follower.py-9] [INFO] [1786826859.519930109] [velocity_path_follower]: waypoint 91 / 5251 도달 (선 이탈 0.14 m)
[velocity_path_follower.py-9] [INFO] [1786826859.869571219] [velocity_path_follower]: waypoint 92 / 5251 도달 (선 이탈 0.12 m)
[velocity_path_follower.py-9] [INFO] [1786826860.224839820] [velocity_path_follower]: waypoint 93 / 5251 도달 (선 이탈 0.11 m)
[velocity_path_follower.py-9] [INFO] [1786826860.574810190] [velocity_path_follower]: waypoint 94 / 5251 도달 (선 이탈 0.10 m)
[velocity_path_follower.py-9] [INFO] [1786826860.924847355] [velocity_path_follower]: waypoint 95 / 5251 도달 (선 이탈 0.08 m)
[velocity_path_follower.py-9] [INFO] [1786826861.274831430] [velocity_path_follower]: waypoint 96 / 5251 도달 (선 이탈 0.07 m)
[velocity_path_follower.py-9] [INFO] [1786826861.624879673] [velocity_path_follower]: waypoint 97 / 5251 도달 (선 이탈 0.05 m)
[velocity_path_follower.py-9] [INFO] [1786826861.974682573] [velocity_path_follower]: waypoint 98 / 5251 도달 (선 이탈 0.04 m)
[velocity_path_follower.py-9] [INFO] [1786826862.330755698] [velocity_path_follower]: waypoint 99 / 5251 도달 (선 이탈 0.02 m)
[velocity_path_follower.py-9] [INFO] [1786826862.682814941] [velocity_path_follower]: waypoint 100 / 5251 도달 (선 이탈 0.00 m)
[velocity_path_follower.py-9] [INFO] [1786826863.037891814] [velocity_path_follower]: waypoint 101 / 5251 도달 (선 이탈 0.01 m)
[velocity_path_follower.py-9] [INFO] [1786826863.387973217] [velocity_path_follower]: waypoint 102 / 5251 도달 (선 이탈 0.02 m)
[velocity_path_follower.py-9] [INFO] [1786826863.690926621] [velocity_path_follower]: waypoint 103 / 5251 도달 (선 이탈 0.04 m)
[velocity_path_follower.py-9] [INFO] [1786826864.043179533] [velocity_path_follower]: waypoint 104 / 5251 도달 (선 이탈 0.05 m)
[velocity_path_follower.py-9] [INFO] [1786826864.399556370] [velocity_path_follower]:  60.0s  wp 105/5251 이탈0.1m  위치 (  11.89,  -166.04,   9.11)
[velocity_path_follower.py-9] [INFO] [1786826864.452082101] [velocity_path_follower]: waypoint 105 / 5251 도달 (선 이탈 0.06 m)
[velocity_path_follower.py-9] [INFO] [1786826864.756895791] [velocity_path_follower]: waypoint 106 / 5251 도달 (선 이탈 0.07 m)
[velocity_path_follower.py-9] [INFO] [1786826865.115804652] [velocity_path_follower]: waypoint 107 / 5251 도달 (선 이탈 0.07 m)
[velocity_path_follower.py-9] [INFO] [1786826865.469832258] [velocity_path_follower]: waypoint 108 / 5251 도달 (선 이탈 0.08 m)
[velocity_path_follower.py-9] [INFO] [1786826865.822805568] [velocity_path_follower]: waypoint 109 / 5251 도달 (선 이탈 0.08 m)
[velocity_path_follower.py-9] [INFO] [1786826866.173341770] [velocity_path_follower]: waypoint 110 / 5251 도달 (선 이탈 0.08 m)
[velocity_path_follower.py-9] [INFO] [1786826866.526011063] [velocity_path_follower]: waypoint 111 / 5251 도달 (선 이탈 0.08 m)
[velocity_path_follower.py-9] [INFO] [1786826866.877941739] [velocity_path_follower]: waypoint 112 / 5251 도달 (선 이탈 0.08 m)
[velocity_path_follower.py-9] [INFO] [1786826867.230454730] [velocity_path_follower]: waypoint 113 / 5251 도달 (선 이탈 0.08 m)
[velocity_path_follower.py-9] [INFO] [1786826867.582873257] [velocity_path_follower]: waypoint 114 / 5251 도달 (선 이탈 0.08 m)
[velocity_path_follower.py-9] [INFO] [1786826867.939739851] [velocity_path_follower]: waypoint 115 / 5251 도달 (선 이탈 0.07 m)
[velocity_path_follower.py-9] [INFO] [1786826868.298679573] [velocity_path_follower]: waypoint 116 / 5251 도달 (선 이탈 0.07 m)
[velocity_path_follower.py-9] [INFO] [1786826868.647956584] [velocity_path_follower]: waypoint 117 / 5251 도달 (선 이탈 0.06 m)
[velocity_path_follower.py-9] [INFO] [1786826868.999887502] [velocity_path_follower]: waypoint 118 / 5251 도달 (선 이탈 0.05 m)
[velocity_path_follower.py-9] [INFO] [1786826869.352074468] [velocity_path_follower]: waypoint 119 / 5251 도달 (선 이탈 0.05 m)
[velocity_path_follower.py-9] [INFO] [1786826869.452923366] [velocity_path_follower]:  65.0s  wp 120/5251 이탈0.0m  위치 (  19.12,  -166.06,   9.26)
[velocity_path_follower.py-9] [INFO] [1786826869.706907923] [velocity_path_follower]: waypoint 120 / 5251 도달 (선 이탈 0.04 m)
[velocity_path_follower.py-9] [INFO] [1786826870.059803919] [velocity_path_follower]: waypoint 121 / 5251 도달 (선 이탈 0.03 m)
[velocity_path_follower.py-9] [INFO] [1786826870.412109552] [velocity_path_follower]: waypoint 122 / 5251 도달 (선 이탈 0.02 m)
[velocity_path_follower.py-9] [INFO] [1786826870.714699454] [velocity_path_follower]: waypoint 123 / 5251 도달 (선 이탈 0.01 m)
[velocity_path_follower.py-9] [INFO] [1786826871.119865452] [velocity_path_follower]: waypoint 124 / 5251 도달 (선 이탈 0.00 m)
[velocity_path_follower.py-9] [INFO] [1786826871.419815653] [velocity_path_follower]: waypoint 125 / 5251 도달 (선 이탈 0.00 m)
[velocity_path_follower.py-9] [INFO] [1786826871.769670093] [velocity_path_follower]: waypoint 126 / 5251 도달 (선 이탈 0.01 m)
[velocity_path_follower.py-9] [INFO] [1786826872.123760255] [velocity_path_follower]: waypoint 127 / 5251 도달 (선 이탈 0.02 m)
[velocity_path_follower.py-9] [INFO] [1786826872.474128379] [velocity_path_follower]: waypoint 128 / 5251 도달 (선 이탈 0.02 m)
[velocity_path_follower.py-9] [INFO] [1786826872.824094693] [velocity_path_follower]: waypoint 129 / 5251 도달 (선 이탈 0.03 m)
[velocity_path_follower.py-9] [INFO] [1786826873.173881539] [velocity_path_follower]: waypoint 130 / 5251 도달 (선 이탈 0.03 m)
[velocity_path_follower.py-9] [INFO] [1786826873.523815640] [velocity_path_follower]: waypoint 131 / 5251 도달 (선 이탈 0.04 m)
[velocity_path_follower.py-9] [INFO] [1786826873.873922123] [velocity_path_follower]: waypoint 132 / 5251 도달 (선 이탈 0.04 m)
[velocity_path_follower.py-9] [INFO] [1786826874.223961933] [velocity_path_follower]: waypoint 133 / 5251 도달 (선 이탈 0.04 m)
[velocity_path_follower.py-9] [INFO] [1786826874.473872047] [velocity_path_follower]:  70.0s  wp 134/5251 이탈0.0m  위치 (  26.30,  -166.14,   9.38)
[velocity_path_follower.py-9] [INFO] [1786826874.573932405] [velocity_path_follower]: waypoint 134 / 5251 도달 (선 이탈 0.04 m)
[velocity_path_follower.py-9] [INFO] [1786826874.873942097] [velocity_path_follower]: waypoint 135 / 5251 도달 (선 이탈 0.04 m)
[velocity_path_follower.py-9] [INFO] [1786826875.277041317] [velocity_path_follower]: waypoint 136 / 5251 도달 (선 이탈 0.04 m)
[velocity_path_follower.py-9] [INFO] [1786826875.630631441] [velocity_path_follower]: waypoint 137 / 5251 도달 (선 이탈 0.04 m)
[velocity_path_follower.py-9] [INFO] [1786826875.930980143] [velocity_path_follower]: waypoint 138 / 5251 도달 (선 이탈 0.04 m)
[velocity_path_follower.py-9] [INFO] [1786826876.330923971] [velocity_path_follower]: waypoint 139 / 5251 도달 (선 이탈 0.04 m)
[velocity_path_follower.py-9] [INFO] [1786826876.630923030] [velocity_path_follower]: waypoint 140 / 5251 도달 (선 이탈 0.04 m)
[velocity_path_follower.py-9] [INFO] [1786826876.980827448] [velocity_path_follower]: waypoint 141 / 5251 도달 (선 이탈 0.03 m)
[velocity_path_follower.py-9] [INFO] [1786826877.332841704] [velocity_path_follower]: waypoint 142 / 5251 도달 (선 이탈 0.03 m)
[velocity_path_follower.py-9] [INFO] [1786826877.682977378] [velocity_path_follower]: waypoint 143 / 5251 도달 (선 이탈 0.02 m)
[velocity_path_follower.py-9] [INFO] [1786826878.033025548] [velocity_path_follower]: waypoint 144 / 5251 도달 (선 이탈 0.02 m)
[velocity_path_follower.py-9] [INFO] [1786826878.382934083] [velocity_path_follower]: waypoint 145 / 5251 도달 (선 이탈 0.02 m)
[velocity_path_follower.py-9] [INFO] [1786826878.732909746] [velocity_path_follower]: waypoint 146 / 5251 도달 (선 이탈 0.01 m)
[velocity_path_follower.py-9] [INFO] [1786826879.082944244] [velocity_path_follower]: waypoint 147 / 5251 도달 (선 이탈 0.01 m)
[velocity_path_follower.py-9] [INFO] [1786826879.432930820] [velocity_path_follower]: waypoint 148 / 5251 도달 (선 이탈 0.00 m)
[velocity_path_follower.py-9] [INFO] [1786826879.483298448] [velocity_path_follower]:  75.0s  wp 149/5251 이탈0.0m  위치 (  33.54,  -166.10,   9.49)
[velocity_path_follower.py-9] [INFO] [1786826879.782804099] [velocity_path_follower]: waypoint 149 / 5251 도달 (선 이탈 0.00 m)
[velocity_path_follower.py-9] [INFO] [1786826880.132669251] [velocity_path_follower]: waypoint 150 / 5251 도달 (선 이탈 0.01 m)
[velocity_path_follower.py-9] [INFO] [1786826880.486942798] [velocity_path_follower]: waypoint 151 / 5251 도달 (선 이탈 0.01 m)
[velocity_path_follower.py-9] [INFO] [1786826880.837074584] [velocity_path_follower]: waypoint 152 / 5251 도달 (선 이탈 0.01 m)
[velocity_path_follower.py-9] [INFO] [1786826881.145071345] [velocity_path_follower]: waypoint 153 / 5251 도달 (선 이탈 0.01 m)
[velocity_path_follower.py-9] [INFO] [1786826881.545060398] [velocity_path_follower]: waypoint 154 / 5251 도달 (선 이탈 0.02 m)
[velocity_path_follower.py-9] [INFO] [1786826881.847617381] [velocity_path_follower]: waypoint 155 / 5251 도달 (선 이탈 0.02 m)
[velocity_path_follower.py-9] [INFO] [1786826882.197653280] [velocity_path_follower]: waypoint 156 / 5251 도달 (선 이탈 0.02 m)
[velocity_path_follower.py-9] [INFO] [1786826882.547763014] [velocity_path_follower]: waypoint 157 / 5251 도달 (선 이탈 0.02 m)
[velocity_path_follower.py-9] [INFO] [1786826882.898034381] [velocity_path_follower]: waypoint 158 / 5251 도달 (선 이탈 0.02 m)
[velocity_path_follower.py-9] [INFO] [1786826883.248246866] [velocity_path_follower]: waypoint 159 / 5251 도달 (선 이탈 0.02 m)
[velocity_path_follower.py-9] [INFO] [1786826883.597807030] [velocity_path_follower]: waypoint 160 / 5251 도달 (선 이탈 0.02 m)
[velocity_path_follower.py-9] [INFO] [1786826883.947813547] [velocity_path_follower]: waypoint 161 / 5251 도달 (선 이탈 0.02 m)
[velocity_path_follower.py-9] [INFO] [1786826884.297650928] [velocity_path_follower]: waypoint 162 / 5251 도달 (선 이탈 0.02 m)
[velocity_path_follower.py-9] [INFO] [1786826884.497695449] [velocity_path_follower]:  80.0s  wp 163/5251 이탈0.0m  위치 (  40.72,  -166.08,   9.60)
[velocity_path_follower.py-9] [INFO] [1786826884.648683485] [velocity_path_follower]: waypoint 163 / 5251 도달 (선 이탈 0.02 m)
[velocity_path_follower.py-9] [INFO] [1786826884.997686704] [velocity_path_follower]: waypoint 164 / 5251 도달 (선 이탈 0.02 m)
[velocity_path_follower.py-9] [INFO] [1786826885.297954032] [velocity_path_follower]: waypoint 165 / 5251 도달 (선 이탈 0.02 m)
[velocity_path_follower.py-9] [INFO] [1786826885.697901729] [velocity_path_follower]: waypoint 166 / 5251 도달 (선 이탈 0.02 m)
[velocity_path_follower.py-9] [INFO] [1786826885.997987049] [velocity_path_follower]: waypoint 167 / 5251 도달 (선 이탈 0.01 m)
[velocity_path_follower.py-9] [INFO] [1786826886.347747542] [velocity_path_follower]: waypoint 168 / 5251 도달 (선 이탈 0.01 m)
[velocity_path_follower.py-9] [INFO] [1786826886.747999497] [velocity_path_follower]: waypoint 169 / 5251 도달 (선 이탈 0.01 m)
[velocity_path_follower.py-9] [INFO] [1786826887.050879974] [velocity_path_follower]: waypoint 170 / 5251 도달 (선 이탈 0.01 m)
[velocity_path_follower.py-9] [INFO] [1786826887.400879723] [velocity_path_follower]: waypoint 171 / 5251 도달 (선 이탈 0.01 m)
[velocity_path_follower.py-9] [INFO] [1786826887.750857346] [velocity_path_follower]: waypoint 172 / 5251 도달 (선 이탈 0.00 m)
[velocity_path_follower.py-9] [INFO] [1786826888.101199609] [velocity_path_follower]: waypoint 173 / 5251 도달 (선 이탈 0.00 m)
[velocity_path_follower.py-9] [INFO] [1786826888.453681293] [velocity_path_follower]: waypoint 174 / 5251 도달 (선 이탈 0.00 m)
[velocity_path_follower.py-9] [INFO] [1786826888.803825211] [velocity_path_follower]: waypoint 175 / 5251 도달 (선 이탈 0.00 m)
[velocity_path_follower.py-9] [INFO] [1786826889.153535691] [velocity_path_follower]: waypoint 176 / 5251 도달 (선 이탈 0.00 m)
[velocity_path_follower.py-9] [INFO] [1786826889.505002952] [velocity_path_follower]: waypoint 177 / 5251 도달 (선 이탈 0.01 m)
[velocity_path_follower.py-9] [INFO] [1786826889.554183773] [velocity_path_follower]:  85.1s  wp 178/5251 이탈0.0m  위치 (  48.02,  -166.11,   9.58)
[velocity_path_follower.py-9] [INFO] [1786826889.855827103] [velocity_path_follower]: waypoint 178 / 5251 도달 (선 이탈 0.01 m)
[velocity_path_follower.py-9] [INFO] [1786826890.207841010] [velocity_path_follower]: waypoint 179 / 5251 도달 (선 이탈 0.01 m)
[velocity_path_follower.py-9] [INFO] [1786826890.559653282] [velocity_path_follower]: waypoint 180 / 5251 도달 (선 이탈 0.01 m)
[velocity_path_follower.py-9] [INFO] [1786826890.909621850] [velocity_path_follower]: waypoint 181 / 5251 도달 (선 이탈 0.01 m)
[velocity_path_follower.py-9] [INFO] [1786826891.209941242] [velocity_path_follower]: waypoint 182 / 5251 도달 (선 이탈 0.01 m)
[velocity_path_follower.py-9] [INFO] [1786826891.559872637] [velocity_path_follower]: waypoint 183 / 5251 도달 (선 이탈 0.01 m)
[velocity_path_follower.py-9] [INFO] [1786826891.959812928] [velocity_path_follower]: waypoint 184 / 5251 도달 (선 이탈 0.01 m)
[velocity_path_follower.py-9] [INFO] [1786826892.259894347] [velocity_path_follower]: waypoint 185 / 5251 도달 (선 이탈 0.01 m)
[velocity_path_follower.py-9] [INFO] [1786826892.609655105] [velocity_path_follower]: waypoint 186 / 5251 도달 (선 이탈 0.01 m)
[velocity_path_follower.py-9] [INFO] [1786826892.966531044] [velocity_path_follower]: waypoint 187 / 5251 도달 (선 이탈 0.01 m)
[velocity_path_follower.py-9] [INFO] [1786826893.316664065] [velocity_path_follower]: waypoint 188 / 5251 도달 (선 이탈 0.01 m)
[velocity_path_follower.py-9] [INFO] [1786826893.666663371] [velocity_path_follower]: waypoint 189 / 5251 도달 (선 이탈 0.01 m)
[velocity_path_follower.py-9] [INFO] [1786826894.016873102] [velocity_path_follower]: waypoint 190 / 5251 도달 (선 이탈 0.01 m)
[velocity_path_follower.py-9] [INFO] [1786826894.367926032] [velocity_path_follower]: waypoint 191 / 5251 도달 (선 이탈 0.01 m)
[velocity_path_follower.py-9] [INFO] [1786826894.517092096] [velocity_path_follower]:  90.0s  wp 192/5251 이탈0.0m  위치 (  55.17,  -166.11,   9.60)
[velocity_path_follower.py-9] [INFO] [1786826894.716959917] [velocity_path_follower]: waypoint 192 / 5251 도달 (선 이탈 0.01 m)
[velocity_path_follower.py-9] [INFO] [1786826895.066942759] [velocity_path_follower]: waypoint 193 / 5251 도달 (선 이탈 0.00 m)
[velocity_path_follower.py-9] [INFO] [1786826895.416929056] [velocity_path_follower]: waypoint 194 / 5251 도달 (선 이탈 0.00 m)
[velocity_path_follower.py-9] [INFO] [1786826895.766559087] [velocity_path_follower]: waypoint 195 / 5251 도달 (선 이탈 0.00 m)
[velocity_path_follower.py-9] [INFO] [1786826896.116799685] [velocity_path_follower]: waypoint 196 / 5251 도달 (선 이탈 0.00 m)
[velocity_path_follower.py-9] [INFO] [1786826896.466872314] [velocity_path_follower]: waypoint 197 / 5251 도달 (선 이탈 0.00 m)
[velocity_path_follower.py-9] [INFO] [1786826896.766868339] [velocity_path_follower]: waypoint 198 / 5251 도달 (선 이탈 0.00 m)
[velocity_path_follower.py-9] [INFO] [1786826897.166618387] [velocity_path_follower]: waypoint 199 / 5251 도달 (선 이탈 0.00 m)
[velocity_path_follower.py-9] [INFO] [1786826897.466827126] [velocity_path_follower]: waypoint 200 / 5251 도달 (선 이탈 0.00 m)
[velocity_path_follower.py-9] [INFO] [1786826897.816786871] [velocity_path_follower]: waypoint 201 / 5251 도달 (선 이탈 0.00 m)
[velocity_path_follower.py-9] [INFO] [1786826899.518873819] [velocity_path_follower]:  95.0s  wp 202/5251 이탈0.8m  위치 (  62.19,  -165.77,   9.67)
[velocity_path_follower.py-9] [INFO] [1786826902.819161000] [velocity_path_follower]: waypoint 202 / 5251 도달 (선 이탈 2.90 m)
[velocity_path_follower.py-9] [INFO] [1786826904.518605689] [velocity_path_follower]: 100.0s  wp 204/5251 이탈0.2m  위치 (  64.23,  -162.29,  10.05)
[velocity_path_follower.py-9] [INFO] [1786826907.768662730] [velocity_path_follower]: waypoint 204 / 5251 도달 (선 이탈 1.40 m)
[velocity_path_follower.py-9] [INFO] [1786826908.418918174] [velocity_path_follower]: waypoint 205 / 5251 도달 (선 이탈 1.47 m)
[velocity_path_follower.py-9] [INFO] [1786826909.018948637] [velocity_path_follower]: waypoint 206 / 5251 도달 (선 이탈 1.48 m)
[velocity_path_follower.py-9] [INFO] [1786826909.518653142] [velocity_path_follower]: 105.0s  wp 207/5251 이탈1.4m  위치 (  60.97,  -160.67,  10.62)
[velocity_path_follower.py-9] [INFO] [1786826909.618849212] [velocity_path_follower]: waypoint 207 / 5251 도달 (선 이탈 1.42 m)
[velocity_path_follower.py-9] [INFO] [1786826910.168831321] [velocity_path_follower]: waypoint 208 / 5251 도달 (선 이탈 1.32 m)
[velocity_path_follower.py-9] [INFO] [1786826910.718839009] [velocity_path_follower]: waypoint 209 / 5251 도달 (선 이탈 1.19 m)
[velocity_path_follower.py-9] [INFO] [1786826911.269134039] [velocity_path_follower]: waypoint 210 / 5251 도달 (선 이탈 1.02 m)
[velocity_path_follower.py-9] [INFO] [1786826911.769088418] [velocity_path_follower]: waypoint 211 / 5251 도달 (선 이탈 0.85 m)
[velocity_path_follower.py-9] [INFO] [1786826912.269375099] [velocity_path_follower]: waypoint 212 / 5251 도달 (선 이탈 0.66 m)
[velocity_path_follower.py-9] [INFO] [1786826912.719028534] [velocity_path_follower]: waypoint 213 / 5251 도달 (선 이탈 0.49 m)
[velocity_path_follower.py-9] [INFO] [1786826913.218968653] [velocity_path_follower]: waypoint 214 / 5251 도달 (선 이탈 0.29 m)
[velocity_path_follower.py-9] [INFO] [1786826913.668878385] [velocity_path_follower]: waypoint 215 / 5251 도달 (선 이탈 0.13 m)
[velocity_path_follower.py-9] [INFO] [1786826914.119045043] [velocity_path_follower]: waypoint 216 / 5251 도달 (선 이탈 0.03 m)
[velocity_path_follower.py-9] [INFO] [1786826914.518597039] [velocity_path_follower]: 110.0s  wp 217/5251 이탈0.2m  위치 (  55.94,  -162.27,  12.71)
[velocity_path_follower.py-9] [INFO] [1786826914.568896268] [velocity_path_follower]: waypoint 217 / 5251 도달 (선 이탈 0.19 m)
[velocity_path_follower.py-9] [INFO] [1786826914.968673440] [velocity_path_follower]: waypoint 218 / 5251 도달 (선 이탈 0.31 m)
[velocity_path_follower.py-9] [INFO] [1786826915.418934760] [velocity_path_follower]: waypoint 219 / 5251 도달 (선 이탈 0.43 m)
[velocity_path_follower.py-9] [INFO] [1786826915.818655175] [velocity_path_follower]: waypoint 220 / 5251 도달 (선 이탈 0.52 m)
[velocity_path_follower.py-9] [INFO] [1786826916.268850988] [velocity_path_follower]: waypoint 221 / 5251 도달 (선 이탈 0.60 m)
[velocity_path_follower.py-9] [INFO] [1786826916.668877370] [velocity_path_follower]: waypoint 222 / 5251 도달 (선 이탈 0.66 m)
[velocity_path_follower.py-9] [INFO] [1786826917.018862035] [velocity_path_follower]: waypoint 223 / 5251 도달 (선 이탈 0.69 m)
[velocity_path_follower.py-9] [INFO] [1786826917.418990708] [velocity_path_follower]: waypoint 224 / 5251 도달 (선 이탈 0.72 m)
[velocity_path_follower.py-9] [INFO] [1786826917.868667659] [velocity_path_follower]: waypoint 225 / 5251 도달 (선 이탈 0.73 m)
[velocity_path_follower.py-9] [INFO] [1786826918.268934293] [velocity_path_follower]: waypoint 226 / 5251 도달 (선 이탈 0.72 m)
[velocity_path_follower.py-9] [INFO] [1786826918.668801825] [velocity_path_follower]: waypoint 227 / 5251 도달 (선 이탈 0.69 m)
[velocity_path_follower.py-9] [INFO] [1786826919.018647518] [velocity_path_follower]: waypoint 228 / 5251 도달 (선 이탈 0.66 m)
[velocity_path_follower.py-9] [INFO] [1786826919.419009358] [velocity_path_follower]: waypoint 229 / 5251 도달 (선 이탈 0.62 m)
[velocity_path_follower.py-9] [INFO] [1786826919.518978573] [velocity_path_follower]: 115.0s  wp 230/5251 이탈0.6m  위치 (  49.76,  -162.71,  11.84)
[velocity_path_follower.py-9] [INFO] [1786826919.818937471] [velocity_path_follower]: waypoint 230 / 5251 도달 (선 이탈 0.56 m)
[velocity_path_follower.py-9] [INFO] [1786826920.218883499] [velocity_path_follower]: waypoint 231 / 5251 도달 (선 이탈 0.50 m)
[velocity_path_follower.py-9] [INFO] [1786826920.570787563] [velocity_path_follower]: waypoint 232 / 5251 도달 (선 이탈 0.44 m)
[velocity_path_follower.py-9] [INFO] [1786826920.970986517] [velocity_path_follower]: waypoint 233 / 5251 도달 (선 이탈 0.36 m)
[velocity_path_follower.py-9] [INFO] [1786826921.371026167] [velocity_path_follower]: waypoint 234 / 5251 도달 (선 이탈 0.28 m)
[velocity_path_follower.py-9] [INFO] [1786826921.720919641] [velocity_path_follower]: waypoint 235 / 5251 도달 (선 이탈 0.22 m)
[velocity_path_follower.py-9] [INFO] [1786826922.121118547] [velocity_path_follower]: waypoint 236 / 5251 도달 (선 이탈 0.13 m)
[velocity_path_follower.py-9] [INFO] [1786826922.470691587] [velocity_path_follower]: waypoint 237 / 5251 도달 (선 이탈 0.07 m)
[velocity_path_follower.py-9] [INFO] [1786826922.870934991] [velocity_path_follower]: waypoint 238 / 5251 도달 (선 이탈 0.01 m)
[velocity_path_follower.py-9] [INFO] [1786826923.220899337] [velocity_path_follower]: waypoint 239 / 5251 도달 (선 이탈 0.07 m)
[velocity_path_follower.py-9] [INFO] [1786826923.571207987] [velocity_path_follower]: waypoint 240 / 5251 도달 (선 이탈 0.13 m)
[velocity_path_follower.py-9] [INFO] [1786826923.979683778] [velocity_path_follower]: waypoint 241 / 5251 도달 (선 이탈 0.19 m)
[velocity_path_follower.py-9] [INFO] [1786826924.335983221] [velocity_path_follower]: waypoint 242 / 5251 도달 (선 이탈 0.23 m)
[velocity_path_follower.py-9] [INFO] [1786826924.535872346] [velocity_path_follower]: 120.0s  wp 243/5251 이탈0.3m  위치 (  43.12,  -161.85,   7.92)
[velocity_path_follower.py-9] [INFO] [1786826924.686166571] [velocity_path_follower]: waypoint 243 / 5251 도달 (선 이탈 0.27 m)
[velocity_path_follower.py-9] [INFO] [1786826925.086051074] [velocity_path_follower]: waypoint 244 / 5251 도달 (선 이탈 0.31 m)
[velocity_path_follower.py-9] [INFO] [1786826925.435994368] [velocity_path_follower]: waypoint 245 / 5251 도달 (선 이탈 0.33 m)
[velocity_path_follower.py-9] [INFO] [1786826925.786109377] [velocity_path_follower]: waypoint 246 / 5251 도달 (선 이탈 0.35 m)
[velocity_path_follower.py-9] [INFO] [1786826926.185824325] [velocity_path_follower]: waypoint 247 / 5251 도달 (선 이탈 0.36 m)
[velocity_path_follower.py-9] [INFO] [1786826926.536200633] [velocity_path_follower]: waypoint 248 / 5251 도달 (선 이탈 0.36 m)
[velocity_path_follower.py-9] [INFO] [1786826926.885964415] [velocity_path_follower]: waypoint 249 / 5251 도달 (선 이탈 0.36 m)
[velocity_path_follower.py-9] [INFO] [1786826927.236170879] [velocity_path_follower]: waypoint 250 / 5251 도달 (선 이탈 0.35 m)
[velocity_path_follower.py-9] [INFO] [1786826927.586040328] [velocity_path_follower]: waypoint 251 / 5251 도달 (선 이탈 0.33 m)
[velocity_path_follower.py-9] [INFO] [1786826927.936169288] [velocity_path_follower]: waypoint 252 / 5251 도달 (선 이탈 0.31 m)
[velocity_path_follower.py-9] [INFO] [1786826928.335975437] [velocity_path_follower]: waypoint 253 / 5251 도달 (선 이탈 0.28 m)
[velocity_path_follower.py-9] [INFO] [1786826928.686087809] [velocity_path_follower]: waypoint 254 / 5251 도달 (선 이탈 0.25 m)
[velocity_path_follower.py-9] [INFO] [1786826929.036098301] [velocity_path_follower]: waypoint 255 / 5251 도달 (선 이탈 0.22 m)
[velocity_path_follower.py-9] [INFO] [1786826929.386010202] [velocity_path_follower]: waypoint 256 / 5251 도달 (선 이탈 0.19 m)
[velocity_path_follower.py-9] [INFO] [1786826929.536019364] [velocity_path_follower]: 125.0s  wp 257/5251 이탈0.2m  위치 (  36.14,  -161.93,   9.00)
[velocity_path_follower.py-9] [INFO] [1786826929.736164446] [velocity_path_follower]: waypoint 257 / 5251 도달 (선 이탈 0.15 m)
[velocity_path_follower.py-9] [INFO] [1786826930.086004218] [velocity_path_follower]: waypoint 258 / 5251 도달 (선 이탈 0.12 m)
[velocity_path_follower.py-9] [INFO] [1786826930.436077496] [velocity_path_follower]: waypoint 259 / 5251 도달 (선 이탈 0.08 m)
[velocity_path_follower.py-9] [INFO] [1786826930.786050062] [velocity_path_follower]: waypoint 260 / 5251 도달 (선 이탈 0.04 m)
[velocity_path_follower.py-9] [INFO] [1786826931.188131505] [velocity_path_follower]: waypoint 261 / 5251 도달 (선 이탈 0.00 m)
[velocity_path_follower.py-9] [INFO] [1786826931.538180112] [velocity_path_follower]: waypoint 262 / 5251 도달 (선 이탈 0.03 m)
[velocity_path_follower.py-9] [INFO] [1786826931.888288054] [velocity_path_follower]: waypoint 263 / 5251 도달 (선 이탈 0.06 m)
[velocity_path_follower.py-9] [INFO] [1786826932.238055730] [velocity_path_follower]: waypoint 264 / 5251 도달 (선 이탈 0.09 m)
[velocity_path_follower.py-9] [INFO] [1786826932.590292717] [velocity_path_follower]: waypoint 265 / 5251 도달 (선 이탈 0.11 m)
[velocity_path_follower.py-9] [INFO] [1786826932.940164395] [velocity_path_follower]: waypoint 266 / 5251 도달 (선 이탈 0.13 m)
[velocity_path_follower.py-9] [INFO] [1786826933.290278164] [velocity_path_follower]: waypoint 267 / 5251 도달 (선 이탈 0.15 m)
[velocity_path_follower.py-9] [INFO] [1786826933.643840204] [velocity_path_follower]: waypoint 268 / 5251 도달 (선 이탈 0.17 m)
[velocity_path_follower.py-9] [INFO] [1786826933.993750421] [velocity_path_follower]: waypoint 269 / 5251 도달 (선 이탈 0.18 m)
[velocity_path_follower.py-9] [INFO] [1786826934.344018442] [velocity_path_follower]: waypoint 270 / 5251 도달 (선 이탈 0.19 m)
[velocity_path_follower.py-9] [INFO] [1786826934.543689535] [velocity_path_follower]: 130.0s  wp 271/5251 이탈0.2m  위치 (  29.09,  -162.29,  12.40)
[velocity_path_follower.py-9] [INFO] [1786826934.694079454] [velocity_path_follower]: waypoint 271 / 5251 도달 (선 이탈 0.19 m)
[velocity_path_follower.py-9] [INFO] [1786826935.043860745] [velocity_path_follower]: waypoint 272 / 5251 도달 (선 이탈 0.19 m)
[velocity_path_follower.py-9] [INFO] [1786826935.396535572] [velocity_path_follower]: waypoint 273 / 5251 도달 (선 이탈 0.19 m)
[velocity_path_follower.py-9] [INFO] [1786826935.746998139] [velocity_path_follower]: waypoint 274 / 5251 도달 (선 이탈 0.18 m)
[velocity_path_follower.py-9] [INFO] [1786826936.096595126] [velocity_path_follower]: waypoint 275 / 5251 도달 (선 이탈 0.17 m)
[velocity_path_follower.py-9] [INFO] [1786826936.448600129] [velocity_path_follower]: waypoint 276 / 5251 도달 (선 이탈 0.16 m)
[velocity_path_follower.py-9] [INFO] [1786826936.798598255] [velocity_path_follower]: waypoint 277 / 5251 도달 (선 이탈 0.15 m)
[velocity_path_follower.py-9] [INFO] [1786826937.149112984] [velocity_path_follower]: waypoint 278 / 5251 도달 (선 이탈 0.13 m)
[velocity_path_follower.py-9] [INFO] [1786826937.505160113] [velocity_path_follower]: waypoint 279 / 5251 도달 (선 이탈 0.12 m)
[velocity_path_follower.py-9] [INFO] [1786826937.852057895] [velocity_path_follower]: waypoint 280 / 5251 도달 (선 이탈 0.10 m)
[velocity_path_follower.py-9] [INFO] [1786826938.204648333] [velocity_path_follower]: waypoint 281 / 5251 도달 (선 이탈 0.08 m)
[velocity_path_follower.py-9] [INFO] [1786826938.556963966] [velocity_path_follower]: waypoint 282 / 5251 도달 (선 이탈 0.06 m)
[velocity_path_follower.py-9] [INFO] [1786826938.906862372] [velocity_path_follower]: waypoint 283 / 5251 도달 (선 이탈 0.04 m)
[velocity_path_follower.py-9] [INFO] [1786826939.261792404] [velocity_path_follower]: waypoint 284 / 5251 도달 (선 이탈 0.03 m)
[velocity_path_follower.py-9] [INFO] [1786826939.562148416] [velocity_path_follower]: 135.0s  wp 285/5251 이탈0.0m  위치 (  21.94,  -162.11,  12.06)
[velocity_path_follower.py-9] [INFO] [1786826939.612928233] [velocity_path_follower]: waypoint 285 / 5251 도달 (선 이탈 0.01 m)
[velocity_path_follower.py-9] [INFO] [1786826939.966195819] [velocity_path_follower]: waypoint 286 / 5251 도달 (선 이탈 0.01 m)
[velocity_path_follower.py-9] [INFO] [1786826940.318858584] [velocity_path_follower]: waypoint 287 / 5251 도달 (선 이탈 0.03 m)
[velocity_path_follower.py-9] [INFO] [1786826940.669089996] [velocity_path_follower]: waypoint 288 / 5251 도달 (선 이탈 0.04 m)
[velocity_path_follower.py-9] [INFO] [1786826941.021495708] [velocity_path_follower]: waypoint 289 / 5251 도달 (선 이탈 0.05 m)
[velocity_path_follower.py-9] [INFO] [1786826941.371063671] [velocity_path_follower]: waypoint 290 / 5251 도달 (선 이탈 0.07 m)
[velocity_path_follower.py-9] [INFO] [1786826941.670936156] [velocity_path_follower]: waypoint 291 / 5251 도달 (선 이탈 0.08 m)
[velocity_path_follower.py-9] [INFO] [1786826942.070792080] [velocity_path_follower]: waypoint 292 / 5251 도달 (선 이탈 0.08 m)
[velocity_path_follower.py-9] [INFO] [1786826942.424351583] [velocity_path_follower]: waypoint 293 / 5251 도달 (선 이탈 0.09 m)
[velocity_path_follower.py-9] [INFO] [1786826942.774648489] [velocity_path_follower]: waypoint 294 / 5251 도달 (선 이탈 0.10 m)
[velocity_path_follower.py-9] [INFO] [1786826943.127393206] [velocity_path_follower]: waypoint 295 / 5251 도달 (선 이탈 0.10 m)
[velocity_path_follower.py-9] [INFO] [1786826943.426991881] [velocity_path_follower]: waypoint 296 / 5251 도달 (선 이탈 0.10 m)
[velocity_path_follower.py-9] [INFO] [1786826943.838847971] [velocity_path_follower]: waypoint 297 / 5251 도달 (선 이탈 0.10 m)
[velocity_path_follower.py-9] [INFO] [1786826944.138957457] [velocity_path_follower]: waypoint 298 / 5251 도달 (선 이탈 0.10 m)
[velocity_path_follower.py-9] [INFO] [1786826944.540689823] [velocity_path_follower]: waypoint 299 / 5251 도달 (선 이탈 0.09 m)
[velocity_path_follower.py-9] [INFO] [1786826944.590816068] [velocity_path_follower]: 140.0s  wp 300/5251 이탈0.1m  위치 (  14.76,  -162.01,   9.52)
[velocity_path_follower.py-9] [INFO] [1786826944.847025237] [velocity_path_follower]: waypoint 300 / 5251 도달 (선 이탈 0.09 m)
[velocity_path_follower.py-9] [INFO] [1786826945.200979622] [velocity_path_follower]: waypoint 301 / 5251 도달 (선 이탈 0.08 m)
[velocity_path_follower.py-9] [INFO] [1786826945.550685991] [velocity_path_follower]: waypoint 302 / 5251 도달 (선 이탈 0.07 m)
[velocity_path_follower.py-9] [INFO] [1786826945.901043389] [velocity_path_follower]: waypoint 303 / 5251 도달 (선 이탈 0.06 m)
[velocity_path_follower.py-9] [INFO] [1786826946.253079521] [velocity_path_follower]: waypoint 304 / 5251 도달 (선 이탈 0.06 m)
[velocity_path_follower.py-9] [INFO] [1786826946.603214196] [velocity_path_follower]: waypoint 305 / 5251 도달 (선 이탈 0.05 m)
[velocity_path_follower.py-9] [INFO] [1786826946.957960400] [velocity_path_follower]: waypoint 306 / 5251 도달 (선 이탈 0.04 m)
[velocity_path_follower.py-9] [INFO] [1786826947.310047196] [velocity_path_follower]: waypoint 307 / 5251 도달 (선 이탈 0.03 m)
[velocity_path_follower.py-9] [INFO] [1786826947.659637762] [velocity_path_follower]: waypoint 308 / 5251 도달 (선 이탈 0.02 m)
[velocity_path_follower.py-9] [INFO] [1786826948.010089572] [velocity_path_follower]: waypoint 309 / 5251 도달 (선 이탈 0.01 m)
[velocity_path_follower.py-9] [INFO] [1786826948.361861017] [velocity_path_follower]: waypoint 310 / 5251 도달 (선 이탈 0.00 m)
[velocity_path_follower.py-9] [INFO] [1786826948.711796301] [velocity_path_follower]: waypoint 311 / 5251 도달 (선 이탈 0.01 m)
[velocity_path_follower.py-9] [INFO] [1786826949.061696083] [velocity_path_follower]: waypoint 312 / 5251 도달 (선 이탈 0.02 m)
[velocity_path_follower.py-9] [INFO] [1786826949.417281477] [velocity_path_follower]: waypoint 313 / 5251 도달 (선 이탈 0.03 m)
[velocity_path_follower.py-9] [INFO] [1786826949.617404472] [velocity_path_follower]: 145.0s  wp 314/5251 이탈0.0m  위치 (   7.53,  -162.13,   7.65)
[velocity_path_follower.py-9] [INFO] [1786826949.769814909] [velocity_path_follower]: waypoint 314 / 5251 도달 (선 이탈 0.03 m)
[velocity_path_follower.py-9] [INFO] [1786826950.074607324] [velocity_path_follower]: waypoint 315 / 5251 도달 (선 이탈 0.04 m)
[velocity_path_follower.py-9] [INFO] [1786826950.478758848] [velocity_path_follower]: waypoint 316 / 5251 도달 (선 이탈 0.04 m)
[velocity_path_follower.py-9] [INFO] [1786826950.780853813] [velocity_path_follower]: waypoint 317 / 5251 도달 (선 이탈 0.05 m)
[velocity_path_follower.py-9] [INFO] [1786826951.183843286] [velocity_path_follower]: waypoint 318 / 5251 도달 (선 이탈 0.05 m)
[velocity_path_follower.py-9] [INFO] [1786826951.483676235] [velocity_path_follower]: waypoint 319 / 5251 도달 (선 이탈 0.05 m)
[velocity_path_follower.py-9] [INFO] [1786826951.833952439] [velocity_path_follower]: waypoint 320 / 5251 도달 (선 이탈 0.05 m)
[velocity_path_follower.py-9] [INFO] [1786826952.183667908] [velocity_path_follower]: waypoint 321 / 5251 도달 (선 이탈 0.05 m)
[velocity_path_follower.py-9] [INFO] [1786826952.533845854] [velocity_path_follower]: waypoint 322 / 5251 도달 (선 이탈 0.05 m)
[velocity_path_follower.py-9] [INFO] [1786826952.883692619] [velocity_path_follower]: waypoint 323 / 5251 도달 (선 이탈 0.05 m)
[velocity_path_follower.py-9] [INFO] [1786826953.238880190] [velocity_path_follower]: waypoint 324 / 5251 도달 (선 이탈 0.05 m)
[velocity_path_follower.py-9] [INFO] [1786826953.589083841] [velocity_path_follower]: waypoint 325 / 5251 도달 (선 이탈 0.04 m)
[velocity_path_follower.py-9] [INFO] [1786826953.938871891] [velocity_path_follower]: waypoint 326 / 5251 도달 (선 이탈 0.04 m)
[velocity_path_follower.py-9] [INFO] [1786826954.291596812] [velocity_path_follower]: waypoint 327 / 5251 도달 (선 이탈 0.04 m)
[velocity_path_follower.py-9] [INFO] [1786826954.641687622] [velocity_path_follower]: waypoint 328 / 5251 도달 (선 이탈 0.03 m)
[velocity_path_follower.py-9] [INFO] [1786826954.691562975] [velocity_path_follower]: 150.1s  wp 329/5251 이탈0.0m  위치 (   0.27,  -162.13,   8.76)
[velocity_path_follower.py-9] [INFO] [1786826954.995931731] [velocity_path_follower]: waypoint 329 / 5251 도달 (선 이탈 0.03 m)
[velocity_path_follower.py-9] [INFO] [1786826955.348509016] [velocity_path_follower]: waypoint 330 / 5251 도달 (선 이탈 0.02 m)
[velocity_path_follower.py-9] [INFO] [1786826955.650949770] [velocity_path_follower]: waypoint 331 / 5251 도달 (선 이탈 0.02 m)
[velocity_path_follower.py-9] [INFO] [1786826956.006860821] [velocity_path_follower]: waypoint 332 / 5251 도달 (선 이탈 0.01 m)
[velocity_path_follower.py-9] [INFO] [1786826956.359977583] [velocity_path_follower]: waypoint 333 / 5251 도달 (선 이탈 0.01 m)
[velocity_path_follower.py-9] [INFO] [1786826956.713872670] [velocity_path_follower]: waypoint 334 / 5251 도달 (선 이탈 0.00 m)
[velocity_path_follower.py-9] [INFO] [1786826957.066848218] [velocity_path_follower]: waypoint 335 / 5251 도달 (선 이탈 0.00 m)
[velocity_path_follower.py-9] [INFO] [1786826957.416672587] [velocity_path_follower]: waypoint 336 / 5251 도달 (선 이탈 0.01 m)
[velocity_path_follower.py-9] [INFO] [1786826957.766610212] [velocity_path_follower]: waypoint 337 / 5251 도달 (선 이탈 0.01 m)
[velocity_path_follower.py-9] [INFO] [1786826958.116657048] [velocity_path_follower]: waypoint 338 / 5251 도달 (선 이탈 0.02 m)
[velocity_path_follower.py-9] [INFO] [1786826958.466838387] [velocity_path_follower]: waypoint 339 / 5251 도달 (선 이탈 0.02 m)
[velocity_path_follower.py-9] [INFO] [1786826958.819846304] [velocity_path_follower]: waypoint 340 / 5251 도달 (선 이탈 0.02 m)
[velocity_path_follower.py-9] [INFO] [1786826959.171883845] [velocity_path_follower]: waypoint 341 / 5251 도달 (선 이탈 0.02 m)
[velocity_path_follower.py-9] [INFO] [1786826959.524020762] [velocity_path_follower]: waypoint 342 / 5251 도달 (선 이탈 0.03 m)
[velocity_path_follower.py-9] [INFO] [1786826959.673949495] [velocity_path_follower]: 155.0s  wp 343/5251 이탈0.0m  위치 (  -6.85,  -162.07,   8.87)
[velocity_path_follower.py-9] [INFO] [1786826959.874115928] [velocity_path_follower]: waypoint 343 / 5251 도달 (선 이탈 0.03 m)
[velocity_path_follower.py-9] [INFO] [1786826960.224029166] [velocity_path_follower]: waypoint 344 / 5251 도달 (선 이탈 0.03 m)
[velocity_path_follower.py-9] [INFO] [1786826960.574012781] [velocity_path_follower]: waypoint 345 / 5251 도달 (선 이탈 0.03 m)
[velocity_path_follower.py-9] [INFO] [1786826960.923856682] [velocity_path_follower]: waypoint 346 / 5251 도달 (선 이탈 0.03 m)
[velocity_path_follower.py-9] [INFO] [1786826961.223899607] [velocity_path_follower]: waypoint 347 / 5251 도달 (선 이탈 0.03 m)
[velocity_path_follower.py-9] [INFO] [1786826961.624052539] [velocity_path_follower]: waypoint 348 / 5251 도달 (선 이탈 0.02 m)
[velocity_path_follower.py-9] [INFO] [1786826961.924052962] [velocity_path_follower]: waypoint 349 / 5251 도달 (선 이탈 0.02 m)
[velocity_path_follower.py-9] [INFO] [1786826962.277898150] [velocity_path_follower]: waypoint 350 / 5251 도달 (선 이탈 0.02 m)
[velocity_path_follower.py-9] [INFO] [1786826962.627501783] [velocity_path_follower]: waypoint 351 / 5251 도달 (선 이탈 0.02 m)
[velocity_path_follower.py-9] [INFO] [1786826962.977412429] [velocity_path_follower]: waypoint 352 / 5251 도달 (선 이탈 0.02 m)
[velocity_path_follower.py-9] [INFO] [1786826963.329849094] [velocity_path_follower]: waypoint 353 / 5251 도달 (선 이탈 0.01 m)
[velocity_path_follower.py-9] [INFO] [1786826963.682293093] [velocity_path_follower]: waypoint 354 / 5251 도달 (선 이탈 0.01 m)
[velocity_path_follower.py-9] [INFO] [1786826964.032298780] [velocity_path_follower]: waypoint 355 / 5251 도달 (선 이탈 0.01 m)
[velocity_path_follower.py-9] [INFO] [1786826964.382258629] [velocity_path_follower]: waypoint 356 / 5251 도달 (선 이탈 0.01 m)
[velocity_path_follower.py-9] [INFO] [1786826964.682442133] [velocity_path_follower]: 160.0s  wp 357/5251 이탈0.0m  위치 ( -14.09,  -162.10,   8.01)
[velocity_path_follower.py-9] [INFO] [1786826964.732264354] [velocity_path_follower]: waypoint 357 / 5251 도달 (선 이탈 0.00 m)
[velocity_path_follower.py-9] [INFO] [1786826965.082275038] [velocity_path_follower]: waypoint 358 / 5251 도달 (선 이탈 0.00 m)
[velocity_path_follower.py-9] [INFO] [1786826965.432361471] [velocity_path_follower]: waypoint 359 / 5251 도달 (선 이탈 0.00 m)
[velocity_path_follower.py-9] [INFO] [1786826965.782274648] [velocity_path_follower]: waypoint 360 / 5251 도달 (선 이탈 0.00 m)
[velocity_path_follower.py-9] [INFO] [1786826966.082250722] [velocity_path_follower]: waypoint 361 / 5251 도달 (선 이탈 0.01 m)
[velocity_path_follower.py-9] [INFO] [1786826966.432232398] [velocity_path_follower]: waypoint 362 / 5251 도달 (선 이탈 0.01 m)
[velocity_path_follower.py-9] [INFO] [1786826966.782404373] [velocity_path_follower]: waypoint 363 / 5251 도달 (선 이탈 0.01 m)
[velocity_path_follower.py-9] [INFO] [1786826967.132333545] [velocity_path_follower]: waypoint 364 / 5251 도달 (선 이탈 0.01 m)
[velocity_path_follower.py-9] [INFO] [1786826967.482196295] [velocity_path_follower]: waypoint 365 / 5251 도달 (선 이탈 0.01 m)
[velocity_path_follower.py-9] [INFO] [1786826967.832261261] [velocity_path_follower]: waypoint 366 / 5251 도달 (선 이탈 0.01 m)
[velocity_path_follower.py-9] [INFO] [1786826968.182397729] [velocity_path_follower]: waypoint 367 / 5251 도달 (선 이탈 0.01 m)
[velocity_path_follower.py-9] [INFO] [1786826968.536768748] [velocity_path_follower]: waypoint 368 / 5251 도달 (선 이탈 0.02 m)
[velocity_path_follower.py-9] [INFO] [1786826968.886799668] [velocity_path_follower]: waypoint 369 / 5251 도달 (선 이탈 0.02 m)
[velocity_path_follower.py-9] [INFO] [1786826969.236852795] [velocity_path_follower]: waypoint 370 / 5251 도달 (선 이탈 0.02 m)
[velocity_path_follower.py-9] [INFO] [1786826969.586793207] [velocity_path_follower]: waypoint 371 / 5251 도달 (선 이탈 0.01 m)
[velocity_path_follower.py-9] [INFO] [1786826969.686648820] [velocity_path_follower]: 165.0s  wp 372/5251 이탈0.0m  위치 ( -21.28,  -162.11,   7.92)
[velocity_path_follower.py-9] [INFO] [1786826969.938774914] [velocity_path_follower]: waypoint 372 / 5251 도달 (선 이탈 0.01 m)
[velocity_path_follower.py-9] [INFO] [1786826970.288858495] [velocity_path_follower]: waypoint 373 / 5251 도달 (선 이탈 0.01 m)
[velocity_path_follower.py-9] [INFO] [1786826970.638840031] [velocity_path_follower]: waypoint 374 / 5251 도달 (선 이탈 0.01 m)
[velocity_path_follower.py-9] [INFO] [1786826970.988962989] [velocity_path_follower]: waypoint 375 / 5251 도달 (선 이탈 0.01 m)
[velocity_path_follower.py-9] [INFO] [1786826971.289018799] [velocity_path_follower]: waypoint 376 / 5251 도달 (선 이탈 0.01 m)
[velocity_path_follower.py-9] [INFO] [1786826971.638936078] [velocity_path_follower]: waypoint 377 / 5251 도달 (선 이탈 0.01 m)
[velocity_path_follower.py-9] [INFO] [1786826972.038870457] [velocity_path_follower]: waypoint 378 / 5251 도달 (선 이탈 0.01 m)
[velocity_path_follower.py-9] [INFO] [1786826972.338773798] [velocity_path_follower]: waypoint 379 / 5251 도달 (선 이탈 0.01 m)
[velocity_path_follower.py-9] [INFO] [1786826972.688838163] [velocity_path_follower]: waypoint 380 / 5251 도달 (선 이탈 0.00 m)
[velocity_path_follower.py-9] [INFO] [1786826973.038644183] [velocity_path_follower]: waypoint 381 / 5251 도달 (선 이탈 0.00 m)
[velocity_path_follower.py-9] [INFO] [1786826973.388944762] [velocity_path_follower]: waypoint 382 / 5251 도달 (선 이탈 0.00 m)
[velocity_path_follower.py-9] [INFO] [1786826973.738884285] [velocity_path_follower]: waypoint 383 / 5251 도달 (선 이탈 0.00 m)
[velocity_path_follower.py-9] [INFO] [1786826974.089002147] [velocity_path_follower]: waypoint 384 / 5251 도달 (선 이탈 0.00 m)
[velocity_path_follower.py-9] [INFO] [1786826974.438687072] [velocity_path_follower]: waypoint 385 / 5251 도달 (선 이탈 0.00 m)
[velocity_path_follower.py-9] [INFO] [1786826974.688652811] [velocity_path_follower]: 170.0s  wp 386/5251 이탈0.0m  위치 ( -28.49,  -162.10,   8.17)
[velocity_path_follower.py-9] [INFO] [1786826974.796264994] [velocity_path_follower]: waypoint 386 / 5251 도달 (선 이탈 0.00 m)
[velocity_path_follower.py-9] [INFO] [1786826975.148693240] [velocity_path_follower]: waypoint 387 / 5251 도달 (선 이탈 0.00 m)
[velocity_path_follower.py-9] [INFO] [1786826975.498366203] [velocity_path_follower]: waypoint 388 / 5251 도달 (선 이탈 0.00 m)
[velocity_path_follower.py-9] [INFO] [1786826975.848060415] [velocity_path_follower]: waypoint 389 / 5251 도달 (선 이탈 0.01 m)
[velocity_path_follower.py-9] [INFO] [1786826976.198253272] [velocity_path_follower]: waypoint 390 / 5251 도달 (선 이탈 0.01 m)
[velocity_path_follower.py-9] [INFO] [1786826976.498319233] [velocity_path_follower]: waypoint 391 / 5251 도달 (선 이탈 0.01 m)
[velocity_path_follower.py-9] [INFO] [1786826976.848262078] [velocity_path_follower]: waypoint 392 / 5251 도달 (선 이탈 0.01 m)
[velocity_path_follower.py-9] [INFO] [1786826977.248323105] [velocity_path_follower]: waypoint 393 / 5251 도달 (선 이탈 0.01 m)
[velocity_path_follower.py-9] [INFO] [1786826977.548256933] [velocity_path_follower]: waypoint 394 / 5251 도달 (선 이탈 0.01 m)
[velocity_path_follower.py-9] [INFO] [1786826977.898236775] [velocity_path_follower]: waypoint 395 / 5251 도달 (선 이탈 0.01 m)
[velocity_path_follower.py-9] [INFO] [1786826978.248143529] [velocity_path_follower]: waypoint 396 / 5251 도달 (선 이탈 0.01 m)
[velocity_path_follower.py-9] [INFO] [1786826978.598181828] [velocity_path_follower]: waypoint 397 / 5251 도달 (선 이탈 0.01 m)
[velocity_path_follower.py-9] [INFO] [1786826978.948075497] [velocity_path_follower]: waypoint 398 / 5251 도달 (선 이탈 0.01 m)
[velocity_path_follower.py-9] [INFO] [1786826979.298347136] [velocity_path_follower]: waypoint 399 / 5251 도달 (선 이탈 0.00 m)
[velocity_path_follower.py-9] [INFO] [1786826979.648174924] [velocity_path_follower]: waypoint 400 / 5251 도달 (선 이탈 0.00 m)
[velocity_path_follower.py-9] [INFO] [1786826979.698061681] [velocity_path_follower]: 175.0s  wp 401/5251 이탈0.0m  위치 ( -35.73,  -162.10,   8.13)
[velocity_path_follower.py-9] [INFO] [1786826979.998254888] [velocity_path_follower]: waypoint 401 / 5251 도달 (선 이탈 0.00 m)
[velocity_path_follower.py-9] [INFO] [1786826980.348178634] [velocity_path_follower]: waypoint 402 / 5251 도달 (선 이탈 0.00 m)
[velocity_path_follower.py-9] [INFO] [1786826980.698152465] [velocity_path_follower]: waypoint 403 / 5251 도달 (선 이탈 0.00 m)
[velocity_path_follower.py-9] [INFO] [1786826984.698097769] [velocity_path_follower]: 180.0s  wp 404/5251 이탈2.6m  위치 ( -41.23,  -160.36,   7.93)
[velocity_path_follower.py-9] [INFO] [1786826985.748081714] [velocity_path_follower]: waypoint 404 / 5251 도달 (선 이탈 2.93 m)
[velocity_path_follower.py-9] [INFO] [1786826989.700577241] [velocity_path_follower]: 185.0s  wp 406/5251 이탈1.1m  위치 ( -40.30,  -156.98,   7.76)
[velocity_path_follower.py-9] [INFO] [1786826990.700613919] [velocity_path_follower]: waypoint 406 / 5251 도달 (선 이탈 1.40 m)
[velocity_path_follower.py-9] [INFO] [1786826991.354690962] [velocity_path_follower]: waypoint 407 / 5251 도달 (선 이탈 1.47 m)
[velocity_path_follower.py-9] [INFO] [1786826991.905122047] [velocity_path_follower]: waypoint 408 / 5251 도달 (선 이탈 1.47 m)
[velocity_path_follower.py-9] [INFO] [1786826992.504862603] [velocity_path_follower]: waypoint 409 / 5251 도달 (선 이탈 1.42 m)
[velocity_path_follower.py-9] [INFO] [1786826993.054906915] [velocity_path_follower]: waypoint 410 / 5251 도달 (선 이탈 1.33 m)
[velocity_path_follower.py-9] [INFO] [1786826993.605169565] [velocity_path_follower]: waypoint 411 / 5251 도달 (선 이탈 1.19 m)
[velocity_path_follower.py-9] [INFO] [1786826994.157246955] [velocity_path_follower]: waypoint 412 / 5251 도달 (선 이탈 1.04 m)
[ros2-8] [INFO] [1786826994.546544544] [rosbag2_cpp]: Writing remaining messages from cache to the bag. It may take a while
[velocity_path_follower.py-9] [INFO] [1786826994.657193331] [velocity_path_follower]: waypoint 413 / 5251 도달 (선 이탈 0.87 m)
[velocity_path_follower.py-9] [INFO] [1786826994.707037913] [velocity_path_follower]: 190.0s  wp 414/5251 이탈0.9m  위치 ( -36.05,  -157.25,   7.88)
[velocity_path_follower.py-9] [INFO] [1786826995.157211084] [velocity_path_follower]: waypoint 414 / 5251 도달 (선 이탈 0.69 m)
[velocity_path_follower.py-9] [INFO] [1786826995.657154455] [velocity_path_follower]: waypoint 415 / 5251 도달 (선 이탈 0.50 m)
[velocity_path_follower.py-9] [INFO] [1786826996.159978569] [velocity_path_follower]: waypoint 416 / 5251 도달 (선 이탈 0.30 m)
[velocity_path_follower.py-9] [INFO] [1786826996.609994851] [velocity_path_follower]: waypoint 417 / 5251 도달 (선 이탈 0.13 m)
[velocity_path_follower.py-9] [INFO] [1786826997.059578781] [velocity_path_follower]: waypoint 418 / 5251 도달 (선 이탈 0.03 m)
[velocity_path_follower.py-9] [INFO] [1786826997.459569221] [velocity_path_follower]: waypoint 419 / 5251 도달 (선 이탈 0.16 m)
[velocity_path_follower.py-9] [INFO] [1786826997.909863260] [velocity_path_follower]: waypoint 420 / 5251 도달 (선 이탈 0.30 m)
[velocity_path_follower.py-9] [INFO] [1786826998.359994539] [velocity_path_follower]: waypoint 421 / 5251 도달 (선 이탈 0.42 m)
[velocity_path_follower.py-9] [INFO] [1786826998.760267987] [velocity_path_follower]: waypoint 422 / 5251 도달 (선 이탈 0.51 m)
[velocity_path_follower.py-9] [INFO] [1786826999.159839070] [velocity_path_follower]: waypoint 423 / 5251 도달 (선 이탈 0.58 m)
[velocity_path_follower.py-9] [INFO] [1786826999.560036428] [velocity_path_follower]: waypoint 424 / 5251 도달 (선 이탈 0.64 m)
[velocity_path_follower.py-9] [INFO] [1786826999.709586373] [velocity_path_follower]: 195.0s  wp 425/5251 이탈0.7m  위치 ( -30.39,  -158.76,   7.85)
[velocity_path_follower.py-9] [INFO] [1786826999.959685720] [velocity_path_follower]: waypoint 425 / 5251 도달 (선 이탈 0.68 m)
[velocity_path_follower.py-9] [INFO] [1786827000.359653106] [velocity_path_follower]: waypoint 426 / 5251 도달 (선 이탈 0.70 m)
[velocity_path_follower.py-9] [INFO] [1786827000.759677494] [velocity_path_follower]: waypoint 427 / 5251 도달 (선 이탈 0.71 m)
[velocity_path_follower.py-9] [INFO] [1786827001.159900680] [velocity_path_follower]: waypoint 428 / 5251 도달 (선 이탈 0.70 m)
[velocity_path_follower.py-9] [INFO] [1786827001.559659386] [velocity_path_follower]: waypoint 429 / 5251 도달 (선 이탈 0.68 m)
[velocity_path_follower.py-9] [INFO] [1786827001.959635767] [velocity_path_follower]: waypoint 430 / 5251 도달 (선 이탈 0.64 m)
[velocity_path_follower.py-9] [INFO] [1786827002.361884573] [velocity_path_follower]: waypoint 431 / 5251 도달 (선 이탈 0.60 m)
[velocity_path_follower.py-9] [INFO] [1786827002.711756321] [velocity_path_follower]: waypoint 432 / 5251 도달 (선 이탈 0.55 m)
[velocity_path_follower.py-9] [INFO] [1786827003.113893663] [velocity_path_follower]: waypoint 433 / 5251 도달 (선 이탈 0.48 m)
[velocity_path_follower.py-9] [INFO] [1786827003.513987416] [velocity_path_follower]: waypoint 434 / 5251 도달 (선 이탈 0.41 m)
[velocity_path_follower.py-9] [INFO] [1786827003.864136922] [velocity_path_follower]: waypoint 435 / 5251 도달 (선 이탈 0.34 m)
[velocity_path_follower.py-9] [INFO] [1786827004.263786738] [velocity_path_follower]: waypoint 436 / 5251 도달 (선 이탈 0.27 m)
[velocity_path_follower.py-9] [INFO] [1786827004.613914364] [velocity_path_follower]: waypoint 437 / 5251 도달 (선 이탈 0.19 m)
[velocity_path_follower.py-9] [INFO] [1786827004.713660019] [velocity_path_follower]: 200.0s  wp 438/5251 이탈0.2m  위치 ( -23.97,  -158.28,   7.71)
[velocity_path_follower.py-9] [INFO] [1786827005.013873774] [velocity_path_follower]: waypoint 438 / 5251 도달 (선 이탈 0.12 m)
[velocity_path_follower.py-9] [INFO] [1786827005.363861558] [velocity_path_follower]: waypoint 439 / 5251 도달 (선 이탈 0.05 m)
[velocity_path_follower.py-9] [INFO] [1786827005.763959054] [velocity_path_follower]: waypoint 440 / 5251 도달 (선 이탈 0.02 m)
[velocity_path_follower.py-9] [INFO] [1786827006.113677700] [velocity_path_follower]: waypoint 441 / 5251 도달 (선 이탈 0.08 m)
[velocity_path_follower.py-9] [INFO] [1786827006.514026494] [velocity_path_follower]: waypoint 442 / 5251 도달 (선 이탈 0.15 m)
[velocity_path_follower.py-9] [INFO] [1786827006.863876352] [velocity_path_follower]: waypoint 443 / 5251 도달 (선 이탈 0.20 m)
[velocity_path_follower.py-9] [INFO] [1786827007.213833295] [velocity_path_follower]: waypoint 444 / 5251 도달 (선 이탈 0.24 m)
[velocity_path_follower.py-9] [INFO] [1786827007.567002621] [velocity_path_follower]: waypoint 445 / 5251 도달 (선 이탈 0.28 m)
[velocity_path_follower.py-9] [INFO] [1786827007.967245990] [velocity_path_follower]: waypoint 446 / 5251 도달 (선 이탈 0.31 m)
[velocity_path_follower.py-9] [INFO] [1786827008.319455647] [velocity_path_follower]: waypoint 447 / 5251 도달 (선 이탈 0.34 m)
[velocity_path_follower.py-9] [INFO] [1786827008.669357667] [velocity_path_follower]: waypoint 448 / 5251 도달 (선 이탈 0.35 m)
[velocity_path_follower.py-9] [INFO] [1786827009.019538157] [velocity_path_follower]: waypoint 449 / 5251 도달 (선 이탈 0.36 m)
[velocity_path_follower.py-9] [INFO] [1786827009.419491380] [velocity_path_follower]: waypoint 450 / 5251 도달 (선 이탈 0.36 m)
[velocity_path_follower.py-9] [INFO] [1786827009.719272186] [velocity_path_follower]: 205.0s  wp 451/5251 이탈0.4m  위치 ( -17.14,  -157.74,   7.75)
[velocity_path_follower.py-9] [INFO] [1786827009.769430898] [velocity_path_follower]: waypoint 451 / 5251 도달 (선 이탈 0.36 m)
[velocity_path_follower.py-9] [INFO] [1786827010.119405458] [velocity_path_follower]: waypoint 452 / 5251 도달 (선 이탈 0.35 m)
[velocity_path_follower.py-9] [INFO] [1786827010.470035668] [velocity_path_follower]: waypoint 453 / 5251 도달 (선 이탈 0.33 m)
[velocity_path_follower.py-9] [INFO] [1786827010.869314609] [velocity_path_follower]: waypoint 454 / 5251 도달 (선 이탈 0.31 m)
[velocity_path_follower.py-9] [INFO] [1786827011.219398919] [velocity_path_follower]: waypoint 455 / 5251 도달 (선 이탈 0.28 m)
[velocity_path_follower.py-9] [INFO] [1786827011.569538855] [velocity_path_follower]: waypoint 456 / 5251 도달 (선 이탈 0.25 m)
[velocity_path_follower.py-9] [INFO] [1786827011.919354444] [velocity_path_follower]: waypoint 457 / 5251 도달 (선 이탈 0.22 m)
[velocity_path_follower.py-9] [INFO] [1786827012.269498669] [velocity_path_follower]: waypoint 458 / 5251 도달 (선 이탈 0.19 m)
[velocity_path_follower.py-9] [INFO] [1786827012.619495929] [velocity_path_follower]: waypoint 459 / 5251 도달 (선 이탈 0.15 m)
[velocity_path_follower.py-9] [INFO] [1786827012.976186009] [velocity_path_follower]: waypoint 460 / 5251 도달 (선 이탈 0.12 m)
[velocity_path_follower.py-9] [INFO] [1786827013.326325063] [velocity_path_follower]: waypoint 461 / 5251 도달 (선 이탈 0.08 m)
[velocity_path_follower.py-9] [INFO] [1786827013.676172979] [velocity_path_follower]: waypoint 462 / 5251 도달 (선 이탈 0.04 m)
[velocity_path_follower.py-9] [INFO] [1786827014.026325450] [velocity_path_follower]: waypoint 463 / 5251 도달 (선 이탈 0.01 m)
[velocity_path_follower.py-9] [INFO] [1786827014.426151482] [velocity_path_follower]: waypoint 464 / 5251 도달 (선 이탈 0.03 m)
[velocity_path_follower.py-9] [INFO] [1786827014.726246787] [velocity_path_follower]: 210.0s  wp 465/5251 이탈0.1m  위치 ( -10.13,  -158.15,   8.00)
[velocity_path_follower.py-9] [INFO] [1786827014.776317576] [velocity_path_follower]: waypoint 465 / 5251 도달 (선 이탈 0.06 m)
[velocity_path_follower.py-9] [INFO] [1786827015.128683134] [velocity_path_follower]: waypoint 466 / 5251 도달 (선 이탈 0.09 m)
[velocity_path_follower.py-9] [INFO] [1786827015.478851432] [velocity_path_follower]: waypoint 467 / 5251 도달 (선 이탈 0.11 m)
[velocity_path_follower.py-9] [INFO] [1786827015.833517167] [velocity_path_follower]: waypoint 468 / 5251 도달 (선 이탈 0.13 m)
[velocity_path_follower.py-9] [INFO] [1786827016.183614711] [velocity_path_follower]: waypoint 469 / 5251 도달 (선 이탈 0.15 m)
[velocity_path_follower.py-9] [INFO] [1786827016.542858133] [velocity_path_follower]: waypoint 470 / 5251 도달 (선 이탈 0.17 m)
[velocity_path_follower.py-9] [INFO] [1786827016.890976717] [velocity_path_follower]: waypoint 471 / 5251 도달 (선 이탈 0.18 m)
[velocity_path_follower.py-9] [INFO] [1786827017.243424146] [velocity_path_follower]: waypoint 472 / 5251 도달 (선 이탈 0.18 m)
[velocity_path_follower.py-9] [INFO] [1786827017.598437097] [velocity_path_follower]: waypoint 473 / 5251 도달 (선 이탈 0.19 m)
[velocity_path_follower.py-9] [INFO] [1786827017.948535135] [velocity_path_follower]: waypoint 474 / 5251 도달 (선 이탈 0.19 m)
[velocity_path_follower.py-9] [INFO] [1786827018.300852347] [velocity_path_follower]: waypoint 475 / 5251 도달 (선 이탈 0.19 m)
[velocity_path_follower.py-9] [INFO] [1786827018.650859294] [velocity_path_follower]: waypoint 476 / 5251 도달 (선 이탈 0.18 m)
[velocity_path_follower.py-9] [INFO] [1786827019.000827782] [velocity_path_follower]: waypoint 477 / 5251 도달 (선 이탈 0.17 m)
[velocity_path_follower.py-9] [INFO] [1786827019.352931606] [velocity_path_follower]: waypoint 478 / 5251 도달 (선 이탈 0.16 m)
[velocity_path_follower.py-9] [INFO] [1786827019.705520699] [velocity_path_follower]: waypoint 479 / 5251 도달 (선 이탈 0.15 m)
[velocity_path_follower.py-9] [INFO] [1786827019.755455105] [velocity_path_follower]: 215.0s  wp 480/5251 이탈0.1m  위치 (  -3.01,  -158.25,   8.22)
[velocity_path_follower.py-9] [INFO] [1786827020.057647106] [velocity_path_follower]: waypoint 480 / 5251 도달 (선 이탈 0.13 m)
[velocity_path_follower.py-9] [INFO] [1786827020.409635338] [velocity_path_follower]: waypoint 481 / 5251 도달 (선 이탈 0.12 m)
[velocity_path_follower.py-9] [INFO] [1786827020.759769534] [velocity_path_follower]: waypoint 482 / 5251 도달 (선 이탈 0.10 m)
[velocity_path_follower.py-9] [INFO] [1786827021.109913938] [velocity_path_follower]: waypoint 483 / 5251 도달 (선 이탈 0.08 m)
[velocity_path_follower.py-9] [INFO] [1786827021.462374978] [velocity_path_follower]: waypoint 484 / 5251 도달 (선 이탈 0.06 m)
[velocity_path_follower.py-9] [INFO] [1786827021.812469377] [velocity_path_follower]: waypoint 485 / 5251 도달 (선 이탈 0.04 m)
[velocity_path_follower.py-9] [INFO] [1786827022.162328932] [velocity_path_follower]: waypoint 486 / 5251 도달 (선 이탈 0.02 m)
[velocity_path_follower.py-9] [INFO] [1786827022.516637379] [velocity_path_follower]: waypoint 487 / 5251 도달 (선 이탈 0.00 m)
[velocity_path_follower.py-9] [INFO] [1786827022.868597936] [velocity_path_follower]: waypoint 488 / 5251 도달 (선 이탈 0.01 m)
[velocity_path_follower.py-9] [INFO] [1786827023.222342481] [velocity_path_follower]: waypoint 489 / 5251 도달 (선 이탈 0.03 m)
[velocity_path_follower.py-9] [INFO] [1786827023.577619714] [velocity_path_follower]: waypoint 490 / 5251 도달 (선 이탈 0.04 m)
[velocity_path_follower.py-9] [INFO] [1786827023.930194376] [velocity_path_follower]: waypoint 491 / 5251 도달 (선 이탈 0.06 m)
[velocity_path_follower.py-9] [INFO] [1786827024.284681907] [velocity_path_follower]: waypoint 492 / 5251 도달 (선 이탈 0.07 m)
[velocity_path_follower.py-9] [INFO] [1786827024.641630206] [velocity_path_follower]: waypoint 493 / 5251 도달 (선 이탈 0.08 m)
[velocity_path_follower.py-9] [INFO] [1786827024.791696511] [velocity_path_follower]: 220.0s  wp 494/5251 이탈0.1m  위치 (   4.16,  -158.02,   8.38)
[velocity_path_follower.py-9] [INFO] [1786827024.994845433] [velocity_path_follower]: waypoint 494 / 5251 도달 (선 이탈 0.09 m)
[velocity_path_follower.py-9] [INFO] [1786827025.347137535] [velocity_path_follower]: waypoint 495 / 5251 도달 (선 이탈 0.09 m)
[velocity_path_follower.py-9] [INFO] [1786827025.701874239] [velocity_path_follower]: waypoint 496 / 5251 도달 (선 이탈 0.10 m)
[velocity_path_follower.py-9] [INFO] [1786827026.001983345] [velocity_path_follower]: waypoint 497 / 5251 도달 (선 이탈 0.10 m)
[velocity_path_follower.py-9] [INFO] [1786827026.354039142] [velocity_path_follower]: waypoint 498 / 5251 도달 (선 이탈 0.10 m)
[velocity_path_follower.py-9] [INFO] [1786827026.755682620] [velocity_path_follower]: waypoint 499 / 5251 도달 (선 이탈 0.10 m)
[velocity_path_follower.py-9] [INFO] [1786827027.056060400] [velocity_path_follower]: waypoint 500 / 5251 도달 (선 이탈 0.10 m)
[velocity_path_follower.py-9] [INFO] [1786827027.458866963] [velocity_path_follower]: waypoint 501 / 5251 도달 (선 이탈 0.09 m)
[velocity_path_follower.py-9] [INFO] [1786827027.760877267] [velocity_path_follower]: waypoint 502 / 5251 도달 (선 이탈 0.09 m)
[velocity_path_follower.py-9] [INFO] [1786827028.110971896] [velocity_path_follower]: waypoint 503 / 5251 도달 (선 이탈 0.08 m)
[velocity_path_follower.py-9] [INFO] [1786827028.461052896] [velocity_path_follower]: waypoint 504 / 5251 도달 (선 이탈 0.07 m)
[velocity_path_follower.py-9] [INFO] [1786827028.810847635] [velocity_path_follower]: waypoint 505 / 5251 도달 (선 이탈 0.06 m)
[velocity_path_follower.py-9] [INFO] [1786827029.160897174] [velocity_path_follower]: waypoint 506 / 5251 도달 (선 이탈 0.05 m)
[velocity_path_follower.py-9] [INFO] [1786827029.511011923] [velocity_path_follower]: waypoint 507 / 5251 도달 (선 이탈 0.04 m)
[velocity_path_follower.py-9] [INFO] [1786827029.811046514] [velocity_path_follower]: 225.0s  wp 508/5251 이탈0.0m  위치 (  11.38,  -158.07,  10.49)
[velocity_path_follower.py-9] [INFO] [1786827029.860935122] [velocity_path_follower]: waypoint 508 / 5251 도달 (선 이탈 0.03 m)
[velocity_path_follower.py-9] [INFO] [1786827030.210969865] [velocity_path_follower]: waypoint 509 / 5251 도달 (선 이탈 0.02 m)
[velocity_path_follower.py-9] [INFO] [1786827030.563908811] [velocity_path_follower]: waypoint 510 / 5251 도달 (선 이탈 0.01 m)
[velocity_path_follower.py-9] [INFO] [1786827030.913993638] [velocity_path_follower]: waypoint 511 / 5251 도달 (선 이탈 0.00 m)
[velocity_path_follower.py-9] [INFO] [1786827031.266415060] [velocity_path_follower]: waypoint 512 / 5251 도달 (선 이탈 0.01 m)
[velocity_path_follower.py-9] [INFO] [1786827031.619352835] [velocity_path_follower]: waypoint 513 / 5251 도달 (선 이탈 0.02 m)
[velocity_path_follower.py-9] [INFO] [1786827031.922293583] [velocity_path_follower]: waypoint 514 / 5251 도달 (선 이탈 0.02 m)
[velocity_path_follower.py-9] [INFO] [1786827032.324909703] [velocity_path_follower]: waypoint 515 / 5251 도달 (선 이탈 0.03 m)
[velocity_path_follower.py-9] [INFO] [1786827032.627205296] [velocity_path_follower]: waypoint 516 / 5251 도달 (선 이탈 0.04 m)
[velocity_path_follower.py-9] [INFO] [1786827032.977021981] [velocity_path_follower]: waypoint 517 / 5251 도달 (선 이탈 0.04 m)
[velocity_path_follower.py-9] [INFO] [1786827033.376923734] [velocity_path_follower]: waypoint 518 / 5251 도달 (선 이탈 0.05 m)
[velocity_path_follower.py-9] [INFO] [1786827033.679647509] [velocity_path_follower]: waypoint 519 / 5251 도달 (선 이탈 0.05 m)
[velocity_path_follower.py-9] [INFO] [1786827034.034156759] [velocity_path_follower]: waypoint 520 / 5251 도달 (선 이탈 0.05 m)
[velocity_path_follower.py-9] [INFO] [1786827034.387215488] [velocity_path_follower]: waypoint 521 / 5251 도달 (선 이탈 0.05 m)
[velocity_path_follower.py-9] [INFO] [1786827034.739997622] [velocity_path_follower]: waypoint 522 / 5251 도달 (선 이탈 0.05 m)
[velocity_path_follower.py-9] [INFO] [1786827034.842953797] [velocity_path_follower]: 230.0s  wp 523/5251 이탈0.1m  위치 (  18.56,  -158.15,  12.77)
[velocity_path_follower.py-9] [INFO] [1786827035.092898760] [velocity_path_follower]: waypoint 523 / 5251 도달 (선 이탈 0.05 m)
[velocity_path_follower.py-9] [INFO] [1786827035.445700183] [velocity_path_follower]: waypoint 524 / 5251 도달 (선 이탈 0.05 m)
[velocity_path_follower.py-9] [INFO] [1786827035.802119172] [velocity_path_follower]: waypoint 525 / 5251 도달 (선 이탈 0.05 m)
[velocity_path_follower.py-9] [INFO] [1786827036.157299234] [velocity_path_follower]: waypoint 526 / 5251 도달 (선 이탈 0.05 m)
[velocity_path_follower.py-9] [INFO] [1786827036.506824185] [velocity_path_follower]: waypoint 527 / 5251 도달 (선 이탈 0.04 m)
[velocity_path_follower.py-9] [INFO] [1786827036.857033539] [velocity_path_follower]: waypoint 528 / 5251 도달 (선 이탈 0.04 m)
[velocity_path_follower.py-9] [INFO] [1786827037.211640657] [velocity_path_follower]: waypoint 529 / 5251 도달 (선 이탈 0.03 m)
[velocity_path_follower.py-9] [INFO] [1786827037.562008222] [velocity_path_follower]: waypoint 530 / 5251 도달 (선 이탈 0.03 m)
[velocity_path_follower.py-9] [INFO] [1786827037.866936160] [velocity_path_follower]: waypoint 531 / 5251 도달 (선 이탈 0.02 m)
[velocity_path_follower.py-9] [INFO] [1786827038.219039087] [velocity_path_follower]: waypoint 532 / 5251 도달 (선 이탈 0.02 m)
[velocity_path_follower.py-9] [INFO] [1786827038.621825024] [velocity_path_follower]: waypoint 533 / 5251 도달 (선 이탈 0.01 m)
[velocity_path_follower.py-9] [INFO] [1786827038.924859839] [velocity_path_follower]: waypoint 534 / 5251 도달 (선 이탈 0.01 m)
[velocity_path_follower.py-9] [INFO] [1786827039.274886552] [velocity_path_follower]: waypoint 535 / 5251 도달 (선 이탈 0.00 m)
[velocity_path_follower.py-9] [INFO] [1786827039.624781092] [velocity_path_follower]: waypoint 536 / 5251 도달 (선 이탈 0.00 m)
[velocity_path_follower.py-9] [INFO] [1786827039.877564161] [velocity_path_follower]: 235.0s  wp 537/5251 이탈0.0m  위치 (  25.77,  -158.09,  11.29)
[velocity_path_follower.py-9] [INFO] [1786827039.979786051] [velocity_path_follower]: waypoint 537 / 5251 도달 (선 이탈 0.01 m)
[velocity_path_follower.py-9] [INFO] [1786827040.332317071] [velocity_path_follower]: waypoint 538 / 5251 도달 (선 이탈 0.01 m)
[velocity_path_follower.py-9] [INFO] [1786827040.681929346] [velocity_path_follower]: waypoint 539 / 5251 도달 (선 이탈 0.01 m)
[velocity_path_follower.py-9] [INFO] [1786827041.032076601] [velocity_path_follower]: waypoint 540 / 5251 도달 (선 이탈 0.02 m)
[velocity_path_follower.py-9] [INFO] [1786827041.381902631] [velocity_path_follower]: waypoint 541 / 5251 도달 (선 이탈 0.02 m)
[velocity_path_follower.py-9] [INFO] [1786827041.731794039] [velocity_path_follower]: waypoint 542 / 5251 도달 (선 이탈 0.02 m)
[velocity_path_follower.py-9] [INFO] [1786827042.082077171] [velocity_path_follower]: waypoint 543 / 5251 도달 (선 이탈 0.03 m)
[velocity_path_follower.py-9] [INFO] [1786827042.434016202] [velocity_path_follower]: waypoint 544 / 5251 도달 (선 이탈 0.03 m)
[velocity_path_follower.py-9] [INFO] [1786827042.784165743] [velocity_path_follower]: waypoint 545 / 5251 도달 (선 이탈 0.03 m)
[velocity_path_follower.py-9] [INFO] [1786827043.086476349] [velocity_path_follower]: waypoint 546 / 5251 도달 (선 이탈 0.03 m)
[velocity_path_follower.py-9] [INFO] [1786827043.488618949] [velocity_path_follower]: waypoint 547 / 5251 도달 (선 이탈 0.03 m)
[velocity_path_follower.py-9] [INFO] [1786827043.788213399] [velocity_path_follower]: waypoint 548 / 5251 도달 (선 이탈 0.03 m)
[velocity_path_follower.py-9] [INFO] [1786827044.140775327] [velocity_path_follower]: waypoint 549 / 5251 도달 (선 이탈 0.03 m)
[velocity_path_follower.py-9] [INFO] [1786827044.541047179] [velocity_path_follower]: waypoint 550 / 5251 도달 (선 이탈 0.03 m)
[velocity_path_follower.py-9] [INFO] [1786827044.841131522] [velocity_path_follower]: waypoint 551 / 5251 도달 (선 이탈 0.02 m)
[velocity_path_follower.py-9] [INFO] [1786827044.891140002] [velocity_path_follower]: 240.0s  wp 552/5251 이탈0.0m  위치 (  33.00,  -158.08,  10.80)
[velocity_path_follower.py-9] [INFO] [1786827045.190692405] [velocity_path_follower]: waypoint 552 / 5251 도달 (선 이탈 0.02 m)
[velocity_path_follower.py-9] [INFO] [1786827045.540936231] [velocity_path_follower]: waypoint 553 / 5251 도달 (선 이탈 0.02 m)
[velocity_path_follower.py-9] [INFO] [1786827045.890855044] [velocity_path_follower]: waypoint 554 / 5251 도달 (선 이탈 0.02 m)
[velocity_path_follower.py-9] [INFO] [1786827046.243529677] [velocity_path_follower]: waypoint 555 / 5251 도달 (선 이탈 0.01 m)
[velocity_path_follower.py-9] [INFO] [1786827046.593865295] [velocity_path_follower]: waypoint 556 / 5251 도달 (선 이탈 0.01 m)
[velocity_path_follower.py-9] [INFO] [1786827046.943672267] [velocity_path_follower]: waypoint 557 / 5251 도달 (선 이탈 0.01 m)
[velocity_path_follower.py-9] [INFO] [1786827047.293466485] [velocity_path_follower]: waypoint 558 / 5251 도달 (선 이탈 0.01 m)
[velocity_path_follower.py-9] [INFO] [1786827047.643464461] [velocity_path_follower]: waypoint 559 / 5251 도달 (선 이탈 0.00 m)
[velocity_path_follower.py-9] [INFO] [1786827047.993486689] [velocity_path_follower]: waypoint 560 / 5251 도달 (선 이탈 0.00 m)
[velocity_path_follower.py-9] [INFO] [1786827048.343511871] [velocity_path_follower]: waypoint 561 / 5251 도달 (선 이탈 0.00 m)
[velocity_path_follower.py-9] [INFO] [1786827048.693607140] [velocity_path_follower]: waypoint 562 / 5251 도달 (선 이탈 0.00 m)
[velocity_path_follower.py-9] [INFO] [1786827048.993540966] [velocity_path_follower]: waypoint 563 / 5251 도달 (선 이탈 0.01 m)
[velocity_path_follower.py-9] [INFO] [1786827049.343580854] [velocity_path_follower]: waypoint 564 / 5251 도달 (선 이탈 0.01 m)
[velocity_path_follower.py-9] [INFO] [1786827049.696971381] [velocity_path_follower]: waypoint 565 / 5251 도달 (선 이탈 0.01 m)
[velocity_path_follower.py-9] [INFO] [1786827049.896689072] [velocity_path_follower]: 245.0s  wp 566/5251 이탈0.0m  위치 (  40.19,  -158.11,  10.28)
[velocity_path_follower.py-9] [INFO] [1786827050.046919181] [velocity_path_follower]: waypoint 566 / 5251 도달 (선 이탈 0.01 m)
[velocity_path_follower.py-9] [INFO] [1786827050.402787640] [velocity_path_follower]: waypoint 567 / 5251 도달 (선 이탈 0.01 m)
[velocity_path_follower.py-9] [INFO] [1786827050.752845401] [velocity_path_follower]: waypoint 568 / 5251 도달 (선 이탈 0.01 m)
[velocity_path_follower.py-9] [INFO] [1786827051.103092002] [velocity_path_follower]: waypoint 569 / 5251 도달 (선 이탈 0.01 m)
[velocity_path_follower.py-9] [INFO] [1786827051.452921500] [velocity_path_follower]: waypoint 570 / 5251 도달 (선 이탈 0.01 m)
[velocity_path_follower.py-9] [INFO] [1786827051.803004717] [velocity_path_follower]: waypoint 571 / 5251 도달 (선 이탈 0.01 m)
[velocity_path_follower.py-9] [INFO] [1786827052.152860673] [velocity_path_follower]: waypoint 572 / 5251 도달 (선 이탈 0.01 m)
[velocity_path_follower.py-9] [INFO] [1786827052.502675876] [velocity_path_follower]: waypoint 573 / 5251 도달 (선 이탈 0.01 m)
[velocity_path_follower.py-9] [INFO] [1786827052.852833343] [velocity_path_follower]: waypoint 574 / 5251 도달 (선 이탈 0.01 m)
[velocity_path_follower.py-9] [INFO] [1786827053.203082853] [velocity_path_follower]: waypoint 575 / 5251 도달 (선 이탈 0.01 m)
[velocity_path_follower.py-9] [INFO] [1786827053.552948972] [velocity_path_follower]: waypoint 576 / 5251 도달 (선 이탈 0.01 m)
[velocity_path_follower.py-9] [INFO] [1786827053.902659625] [velocity_path_follower]: waypoint 577 / 5251 도달 (선 이탈 0.01 m)
[velocity_path_follower.py-9] [INFO] [1786827054.252872506] [velocity_path_follower]: waypoint 578 / 5251 도달 (선 이탈 0.01 m)
[velocity_path_follower.py-9] [INFO] [1786827054.555872608] [velocity_path_follower]: waypoint 579 / 5251 도달 (선 이탈 0.01 m)
[velocity_path_follower.py-9] [INFO] [1786827054.905926480] [velocity_path_follower]: 250.0s  wp 580/5251 이탈0.0m  위치 (  47.40,  -158.11,  10.72)
[velocity_path_follower.py-9] [INFO] [1786827054.955857036] [velocity_path_follower]: waypoint 580 / 5251 도달 (선 이탈 0.00 m)
[velocity_path_follower.py-9] [INFO] [1786827055.261087395] [velocity_path_follower]: waypoint 581 / 5251 도달 (선 이탈 0.00 m)
[velocity_path_follower.py-9] [INFO] [1786827055.620562944] [velocity_path_follower]: waypoint 582 / 5251 도달 (선 이탈 0.00 m)
[velocity_path_follower.py-9] [INFO] [1786827055.970477266] [velocity_path_follower]: waypoint 583 / 5251 도달 (선 이탈 0.00 m)
[velocity_path_follower.py-9] [INFO] [1786827056.453299556] [velocity_path_follower]: waypoint 584 / 5251 도달 (선 이탈 0.00 m)
[velocity_path_follower.py-9] [INFO] [1786827056.672944263] [velocity_path_follower]: waypoint 585 / 5251 도달 (선 이탈 0.00 m)
[velocity_path_follower.py-9] [INFO] [1786827057.023034339] [velocity_path_follower]: waypoint 586 / 5251 도달 (선 이탈 0.00 m)
[velocity_path_follower.py-9] [INFO] [1786827057.372838484] [velocity_path_follower]: waypoint 587 / 5251 도달 (선 이탈 0.00 m)
[velocity_path_follower.py-9] [INFO] [1786827057.722901139] [velocity_path_follower]: waypoint 588 / 5251 도달 (선 이탈 0.01 m)
[velocity_path_follower.py-9] [INFO] [1786827058.072975128] [velocity_path_follower]: waypoint 589 / 5251 도달 (선 이탈 0.01 m)
[velocity_path_follower.py-9] [INFO] [1786827058.423005612] [velocity_path_follower]: waypoint 590 / 5251 도달 (선 이탈 0.01 m)
[velocity_path_follower.py-9] [INFO] [1786827058.730052161] [velocity_path_follower]: waypoint 591 / 5251 도달 (선 이탈 0.01 m)
[velocity_path_follower.py-9] [INFO] [1786827059.078833177] [velocity_path_follower]: waypoint 592 / 5251 도달 (선 이탈 0.01 m)
[velocity_path_follower.py-9] [INFO] [1786827059.478991512] [velocity_path_follower]: waypoint 593 / 5251 도달 (선 이탈 0.01 m)
[velocity_path_follower.py-9] [INFO] [1786827059.778779718] [velocity_path_follower]: waypoint 594 / 5251 도달 (선 이탈 0.01 m)
[velocity_path_follower.py-9] [INFO] [1786827059.928498209] [velocity_path_follower]: 255.0s  wp 595/5251 이탈0.0m  위치 (  54.61,  -158.09,  13.79)
[velocity_path_follower.py-9] [INFO] [1786827060.128910702] [velocity_path_follower]: waypoint 595 / 5251 도달 (선 이탈 0.01 m)
[velocity_path_follower.py-9] [INFO] [1786827060.479924095] [velocity_path_follower]: waypoint 596 / 5251 도달 (선 이탈 0.01 m)
[velocity_path_follower.py-9] [INFO] [1786827060.828876529] [velocity_path_follower]: waypoint 597 / 5251 도달 (선 이탈 0.01 m)
[velocity_path_follower.py-9] [INFO] [1786827061.178908088] [velocity_path_follower]: waypoint 598 / 5251 도달 (선 이탈 0.01 m)
[velocity_path_follower.py-9] [INFO] [1786827061.531082860] [velocity_path_follower]: waypoint 599 / 5251 도달 (선 이탈 0.01 m)
[velocity_path_follower.py-9] [INFO] [1786827061.881040665] [velocity_path_follower]: waypoint 600 / 5251 도달 (선 이탈 0.01 m)
[velocity_path_follower.py-9] [INFO] [1786827062.230993968] [velocity_path_follower]: waypoint 601 / 5251 도달 (선 이탈 0.01 m)
[velocity_path_follower.py-9] [INFO] [1786827062.581044857] [velocity_path_follower]: waypoint 602 / 5251 도달 (선 이탈 0.01 m)
[velocity_path_follower.py-9] [INFO] [1786827062.931104663] [velocity_path_follower]: waypoint 603 / 5251 도달 (선 이탈 0.00 m)
[velocity_path_follower.py-9] [INFO] [1786827063.280972959] [velocity_path_follower]: waypoint 604 / 5251 도달 (선 이탈 0.00 m)
[velocity_path_follower.py-9] [INFO] [1786827063.630863797] [velocity_path_follower]: waypoint 605 / 5251 도달 (선 이탈 0.00 m)
[velocity_path_follower.py-9] [INFO] [1786827064.931027471] [velocity_path_follower]: 260.0s  wp 606/5251 이탈0.4m  위치 (  61.78,  -157.93,  12.32)
[velocity_path_follower.py-9] [INFO] [1786827068.781238171] [velocity_path_follower]: waypoint 606 / 5251 도달 (선 이탈 2.99 m)
[velocity_path_follower.py-9] [INFO] [1786827069.930897568] [velocity_path_follower]: 265.0s  wp 608/5251 이탈0.6m  위치 (  64.40,  -154.68,   8.10)
[velocity_path_follower.py-9] [INFO] [1786827073.680971700] [velocity_path_follower]: waypoint 608 / 5251 도달 (선 이탈 1.37 m)
[velocity_path_follower.py-9] [INFO] [1786827074.281018013] [velocity_path_follower]: waypoint 609 / 5251 도달 (선 이탈 1.44 m)
[velocity_path_follower.py-9] [INFO] [1786827074.881048364] [velocity_path_follower]: waypoint 610 / 5251 도달 (선 이탈 1.44 m)
[velocity_path_follower.py-9] [INFO] [1786827074.930687607] [velocity_path_follower]: 270.0s  wp 611/5251 이탈1.4m  위치 (  61.33,  -152.66,   9.07)
[velocity_path_follower.py-9] [INFO] [1786827075.431104621] [velocity_path_follower]: waypoint 611 / 5251 도달 (선 이탈 1.39 m)
[velocity_path_follower.py-9] [INFO] [1786827075.981005787] [velocity_path_follower]: waypoint 612 / 5251 도달 (선 이탈 1.30 m)
[velocity_path_follower.py-9] [INFO] [1786827076.531574517] [velocity_path_follower]: waypoint 613 / 5251 도달 (선 이탈 1.17 m)
[velocity_path_follower.py-9] [INFO] [1786827077.031006818] [velocity_path_follower]: waypoint 614 / 5251 도달 (선 이탈 1.03 m)
[velocity_path_follower.py-9] [INFO] [1786827077.581080023] [velocity_path_follower]: waypoint 615 / 5251 도달 (선 이탈 0.85 m)
[velocity_path_follower.py-9] [INFO] [1786827078.081007131] [velocity_path_follower]: waypoint 616 / 5251 도달 (선 이탈 0.67 m)
[velocity_path_follower.py-9] [INFO] [1786827078.531173698] [velocity_path_follower]: waypoint 617 / 5251 도달 (선 이탈 0.50 m)
[velocity_path_follower.py-9] [INFO] [1786827078.980948873] [velocity_path_follower]: waypoint 618 / 5251 도달 (선 이탈 0.34 m)
[velocity_path_follower.py-9] [INFO] [1786827079.431076183] [velocity_path_follower]: waypoint 619 / 5251 도달 (선 이탈 0.17 m)
[velocity_path_follower.py-9] [INFO] [1786827079.930957073] [velocity_path_follower]: waypoint 620 / 5251 도달 (선 이탈 0.01 m)
[velocity_path_follower.py-9] [INFO] [1786827079.980880535] [velocity_path_follower]: 275.1s  wp 621/5251 이탈0.0m  위치 (  56.29,  -154.13,  10.67)
[velocity_path_follower.py-9] [INFO] [1786827080.331968244] [velocity_path_follower]: waypoint 621 / 5251 도달 (선 이탈 0.15 m)
[velocity_path_follower.py-9] [INFO] [1786827080.780967838] [velocity_path_follower]: waypoint 622 / 5251 도달 (선 이탈 0.28 m)
[velocity_path_follower.py-9] [INFO] [1786827081.183148430] [velocity_path_follower]: waypoint 623 / 5251 도달 (선 이탈 0.39 m)
[velocity_path_follower.py-9] [INFO] [1786827081.583037968] [velocity_path_follower]: waypoint 624 / 5251 도달 (선 이탈 0.48 m)
[velocity_path_follower.py-9] [INFO] [1786827082.032865800] [velocity_path_follower]: waypoint 625 / 5251 도달 (선 이탈 0.56 m)
[velocity_path_follower.py-9] [INFO] [1786827082.433173809] [velocity_path_follower]: waypoint 626 / 5251 도달 (선 이탈 0.62 m)
[velocity_path_follower.py-9] [INFO] [1786827082.833007966] [velocity_path_follower]: waypoint 627 / 5251 도달 (선 이탈 0.66 m)
[velocity_path_follower.py-9] [INFO] [1786827083.233132050] [velocity_path_follower]: waypoint 628 / 5251 도달 (선 이탈 0.68 m)
[velocity_path_follower.py-9] [INFO] [1786827083.632914368] [velocity_path_follower]: waypoint 629 / 5251 도달 (선 이탈 0.69 m)
[velocity_path_follower.py-9] [INFO] [1786827083.982971360] [velocity_path_follower]: waypoint 630 / 5251 도달 (선 이탈 0.68 m)
[velocity_path_follower.py-9] [INFO] [1786827084.383079188] [velocity_path_follower]: waypoint 631 / 5251 도달 (선 이탈 0.66 m)
[velocity_path_follower.py-9] [INFO] [1786827084.783028218] [velocity_path_follower]: waypoint 632 / 5251 도달 (선 이탈 0.63 m)
[velocity_path_follower.py-9] [INFO] [1786827084.932817513] [velocity_path_follower]: 280.0s  wp 633/5251 이탈0.6m  위치 (  50.19,  -154.72,  12.62)
[velocity_path_follower.py-9] [INFO] [1786827085.183160504] [velocity_path_follower]: waypoint 633 / 5251 도달 (선 이탈 0.59 m)
[velocity_path_follower.py-9] [INFO] [1786827085.533148736] [velocity_path_follower]: waypoint 634 / 5251 도달 (선 이탈 0.54 m)
[velocity_path_follower.py-9] [INFO] [1786827085.932919589] [velocity_path_follower]: waypoint 635 / 5251 도달 (선 이탈 0.48 m)
[velocity_path_follower.py-9] [INFO] [1786827086.332950199] [velocity_path_follower]: waypoint 636 / 5251 도달 (선 이탈 0.41 m)
[velocity_path_follower.py-9] [INFO] [1786827086.733507664] [velocity_path_follower]: waypoint 637 / 5251 도달 (선 이탈 0.34 m)
[velocity_path_follower.py-9] [INFO] [1786827087.083046375] [velocity_path_follower]: waypoint 638 / 5251 도달 (선 이탈 0.27 m)
[velocity_path_follower.py-9] [INFO] [1786827087.433151440] [velocity_path_follower]: waypoint 639 / 5251 도달 (선 이탈 0.20 m)
[velocity_path_follower.py-9] [INFO] [1786827087.832881700] [velocity_path_follower]: waypoint 640 / 5251 도달 (선 이탈 0.13 m)
[velocity_path_follower.py-9] [INFO] [1786827088.233041518] [velocity_path_follower]: waypoint 641 / 5251 도달 (선 이탈 0.05 m)
[velocity_path_follower.py-9] [INFO] [1786827088.583014116] [velocity_path_follower]: waypoint 642 / 5251 도달 (선 이탈 0.01 m)
[velocity_path_follower.py-9] [INFO] [1786827088.933056176] [velocity_path_follower]: waypoint 643 / 5251 도달 (선 이탈 0.07 m)
[velocity_path_follower.py-9] [INFO] [1786827089.332944895] [velocity_path_follower]: waypoint 644 / 5251 도달 (선 이탈 0.13 m)
[velocity_path_follower.py-9] [INFO] [1786827089.683104706] [velocity_path_follower]: waypoint 645 / 5251 도달 (선 이탈 0.18 m)
[velocity_path_follower.py-9] [INFO] [1786827089.933021962] [velocity_path_follower]: 285.0s  wp 646/5251 이탈0.2m  위치 (  43.52,  -153.88,  11.83)
[velocity_path_follower.py-9] [INFO] [1786827090.082970590] [velocity_path_follower]: waypoint 646 / 5251 도달 (선 이탈 0.23 m)
[velocity_path_follower.py-9] [INFO] [1786827090.432949516] [velocity_path_follower]: waypoint 647 / 5251 도달 (선 이탈 0.27 m)
[velocity_path_follower.py-9] [INFO] [1786827090.785136282] [velocity_path_follower]: waypoint 648 / 5251 도달 (선 이탈 0.30 m)
[velocity_path_follower.py-9] [INFO] [1786827091.135234628] [velocity_path_follower]: waypoint 649 / 5251 도달 (선 이탈 0.33 m)
[velocity_path_follower.py-9] [INFO] [1786827091.535111423] [velocity_path_follower]: waypoint 650 / 5251 도달 (선 이탈 0.35 m)
[velocity_path_follower.py-9] [INFO] [1786827091.885268395] [velocity_path_follower]: waypoint 651 / 5251 도달 (선 이탈 0.36 m)
[velocity_path_follower.py-9] [INFO] [1786827092.235056641] [velocity_path_follower]: waypoint 652 / 5251 도달 (선 이탈 0.36 m)
[velocity_path_follower.py-9] [INFO] [1786827092.587828050] [velocity_path_follower]: waypoint 653 / 5251 도달 (선 이탈 0.36 m)
[velocity_path_follower.py-9] [INFO] [1786827092.987699217] [velocity_path_follower]: waypoint 654 / 5251 도달 (선 이탈 0.35 m)
[velocity_path_follower.py-9] [INFO] [1786827093.337988771] [velocity_path_follower]: waypoint 655 / 5251 도달 (선 이탈 0.33 m)
[velocity_path_follower.py-9] [INFO] [1786827093.689949478] [velocity_path_follower]: waypoint 656 / 5251 도달 (선 이탈 0.31 m)
[velocity_path_follower.py-9] [INFO] [1786827094.039885559] [velocity_path_follower]: waypoint 657 / 5251 도달 (선 이탈 0.29 m)
[velocity_path_follower.py-9] [INFO] [1786827094.389697633] [velocity_path_follower]: waypoint 658 / 5251 도달 (선 이탈 0.26 m)
[velocity_path_follower.py-9] [INFO] [1786827094.739825928] [velocity_path_follower]: waypoint 659 / 5251 도달 (선 이탈 0.23 m)
[velocity_path_follower.py-9] [INFO] [1786827094.939664962] [velocity_path_follower]: 290.0s  wp 660/5251 이탈0.2m  위치 (  36.58,  -153.89,   8.04)
[velocity_path_follower.py-9] [INFO] [1786827095.089692920] [velocity_path_follower]: waypoint 660 / 5251 도달 (선 이탈 0.19 m)
[velocity_path_follower.py-9] [INFO] [1786827095.494588823] [velocity_path_follower]: waypoint 661 / 5251 도달 (선 이탈 0.15 m)
[velocity_path_follower.py-9] [INFO] [1786827095.844389352] [velocity_path_follower]: waypoint 662 / 5251 도달 (선 이탈 0.12 m)
[velocity_path_follower.py-9] [INFO] [1786827096.194402763] [velocity_path_follower]: waypoint 663 / 5251 도달 (선 이탈 0.08 m)
[velocity_path_follower.py-9] [INFO] [1786827096.544547970] [velocity_path_follower]: waypoint 664 / 5251 도달 (선 이탈 0.04 m)
[velocity_path_follower.py-9] [INFO] [1786827096.894591589] [velocity_path_follower]: waypoint 665 / 5251 도달 (선 이탈 0.01 m)
[velocity_path_follower.py-9] [INFO] [1786827097.247013386] [velocity_path_follower]: waypoint 666 / 5251 도달 (선 이탈 0.03 m)
[velocity_path_follower.py-9] [INFO] [1786827097.596956415] [velocity_path_follower]: waypoint 667 / 5251 도달 (선 이탈 0.06 m)
[velocity_path_follower.py-9] [INFO] [1786827097.946618474] [velocity_path_follower]: waypoint 668 / 5251 도달 (선 이탈 0.08 m)
[velocity_path_follower.py-9] [INFO] [1786827098.296746341] [velocity_path_follower]: waypoint 669 / 5251 도달 (선 이탈 0.11 m)
[velocity_path_follower.py-9] [INFO] [1786827098.646610697] [velocity_path_follower]: waypoint 670 / 5251 도달 (선 이탈 0.13 m)
[velocity_path_follower.py-9] [INFO] [1786827098.996829943] [velocity_path_follower]: waypoint 671 / 5251 도달 (선 이탈 0.15 m)
[velocity_path_follower.py-9] [INFO] [1786827099.348801590] [velocity_path_follower]: waypoint 672 / 5251 도달 (선 이탈 0.17 m)
[velocity_path_follower.py-9] [INFO] [1786827099.698819658] [velocity_path_follower]: waypoint 673 / 5251 도달 (선 이탈 0.18 m)
[velocity_path_follower.py-9] [INFO] [1786827099.948659223] [velocity_path_follower]: 295.0s  wp 674/5251 이탈0.2m  위치 (  29.53,  -154.28,  11.61)
[velocity_path_follower.py-9] [INFO] [1786827100.048600174] [velocity_path_follower]: waypoint 674 / 5251 도달 (선 이탈 0.19 m)
[velocity_path_follower.py-9] [INFO] [1786827100.398880291] [velocity_path_follower]: waypoint 675 / 5251 도달 (선 이탈 0.19 m)
[velocity_path_follower.py-9] [INFO] [1786827100.749963482] [velocity_path_follower]: waypoint 676 / 5251 도달 (선 이탈 0.19 m)
[velocity_path_follower.py-9] [INFO] [1786827101.102151843] [velocity_path_follower]: waypoint 677 / 5251 도달 (선 이탈 0.19 m)
[velocity_path_follower.py-9] [INFO] [1786827101.451953688] [velocity_path_follower]: waypoint 678 / 5251 도달 (선 이탈 0.18 m)
[velocity_path_follower.py-9] [INFO] [1786827101.804333263] [velocity_path_follower]: waypoint 679 / 5251 도달 (선 이탈 0.17 m)
[velocity_path_follower.py-9] [INFO] [1786827102.154475037] [velocity_path_follower]: waypoint 680 / 5251 도달 (선 이탈 0.16 m)
[velocity_path_follower.py-9] [INFO] [1786827102.507422840] [velocity_path_follower]: waypoint 681 / 5251 도달 (선 이탈 0.15 m)
[velocity_path_follower.py-9] [INFO] [1786827102.857273934] [velocity_path_follower]: waypoint 682 / 5251 도달 (선 이탈 0.14 m)
[velocity_path_follower.py-9] [INFO] [1786827103.209989101] [velocity_path_follower]: waypoint 683 / 5251 도달 (선 이탈 0.12 m)
[velocity_path_follower.py-9] [INFO] [1786827103.560137454] [velocity_path_follower]: waypoint 684 / 5251 도달 (선 이탈 0.10 m)
[velocity_path_follower.py-9] [INFO] [1786827103.909872374] [velocity_path_follower]: waypoint 685 / 5251 도달 (선 이탈 0.08 m)
[velocity_path_follower.py-9] [INFO] [1786827104.259858510] [velocity_path_follower]: waypoint 686 / 5251 도달 (선 이탈 0.07 m)
[velocity_path_follower.py-9] [INFO] [1786827104.610101947] [velocity_path_follower]: waypoint 687 / 5251 도달 (선 이탈 0.05 m)
[velocity_path_follower.py-9] [INFO] [1786827104.959983578] [velocity_path_follower]: waypoint 688 / 5251 도달 (선 이탈 0.03 m)
[velocity_path_follower.py-9] [INFO] [1786827105.009763440] [velocity_path_follower]: 300.1s  wp 689/5251 이탈0.0m  위치 (  22.30,  -154.12,  12.73)
[velocity_path_follower.py-9] [INFO] [1786827105.312876079] [velocity_path_follower]: waypoint 689 / 5251 도달 (선 이탈 0.01 m)
[velocity_path_follower.py-9] [INFO] [1786827105.662833460] [velocity_path_follower]: waypoint 690 / 5251 도달 (선 이탈 0.01 m)
[velocity_path_follower.py-9] [INFO] [1786827106.016003472] [velocity_path_follower]: waypoint 691 / 5251 도달 (선 이탈 0.02 m)
[velocity_path_follower.py-9] [INFO] [1786827106.368066603] [velocity_path_follower]: waypoint 692 / 5251 도달 (선 이탈 0.04 m)
[velocity_path_follower.py-9] [INFO] [1786827106.717839432] [velocity_path_follower]: waypoint 693 / 5251 도달 (선 이탈 0.05 m)
[velocity_path_follower.py-9] [INFO] [1786827107.072900809] [velocity_path_follower]: waypoint 694 / 5251 도달 (선 이탈 0.06 m)
[velocity_path_follower.py-9] [INFO] [1786827107.425631714] [velocity_path_follower]: waypoint 695 / 5251 도달 (선 이탈 0.08 m)
[velocity_path_follower.py-9] [INFO] [1786827107.778290783] [velocity_path_follower]: waypoint 696 / 5251 도달 (선 이탈 0.08 m)
[velocity_path_follower.py-9] [INFO] [1786827108.128254283] [velocity_path_follower]: waypoint 697 / 5251 도달 (선 이탈 0.09 m)
[velocity_path_follower.py-9] [INFO] [1786827108.480760259] [velocity_path_follower]: waypoint 698 / 5251 도달 (선 이탈 0.09 m)
[velocity_path_follower.py-9] [INFO] [1786827108.782942187] [velocity_path_follower]: waypoint 699 / 5251 도달 (선 이탈 0.10 m)
[velocity_path_follower.py-9] [INFO] [1786827109.184300484] [velocity_path_follower]: waypoint 700 / 5251 도달 (선 이탈 0.10 m)
[velocity_path_follower.py-9] [INFO] [1786827109.483040977] [velocity_path_follower]: waypoint 701 / 5251 도달 (선 이탈 0.10 m)
[velocity_path_follower.py-9] [INFO] [1786827109.884991005] [velocity_path_follower]: waypoint 702 / 5251 도달 (선 이탈 0.09 m)
[velocity_path_follower.py-9] [INFO] [1786827109.985038994] [velocity_path_follower]: 305.0s  wp 703/5251 이탈0.1m  위치 (  15.17,  -154.01,  10.80)
[velocity_path_follower.py-9] [INFO] [1786827110.185134095] [velocity_path_follower]: waypoint 703 / 5251 도달 (선 이탈 0.09 m)
[velocity_path_follower.py-9] [INFO] [1786827110.535041043] [velocity_path_follower]: waypoint 704 / 5251 도달 (선 이탈 0.09 m)
[velocity_path_follower.py-9] [INFO] [1786827110.884941449] [velocity_path_follower]: waypoint 705 / 5251 도달 (선 이탈 0.08 m)
[velocity_path_follower.py-9] [INFO] [1786827111.234870897] [velocity_path_follower]: waypoint 706 / 5251 도달 (선 이탈 0.07 m)
[velocity_path_follower.py-9] [INFO] [1786827111.585059145] [velocity_path_follower]: waypoint 707 / 5251 도달 (선 이탈 0.06 m)
[velocity_path_follower.py-9] [INFO] [1786827111.936849375] [velocity_path_follower]: waypoint 708 / 5251 도달 (선 이탈 0.05 m)
[velocity_path_follower.py-9] [INFO] [1786827112.289342590] [velocity_path_follower]: waypoint 709 / 5251 도달 (선 이탈 0.05 m)
[velocity_path_follower.py-9] [INFO] [1786827112.644089188] [velocity_path_follower]: waypoint 710 / 5251 도달 (선 이탈 0.04 m)
[velocity_path_follower.py-9] [INFO] [1786827112.993664825] [velocity_path_follower]: waypoint 711 / 5251 도달 (선 이탈 0.03 m)
[velocity_path_follower.py-9] [INFO] [1786827113.343914862] [velocity_path_follower]: waypoint 712 / 5251 도달 (선 이탈 0.02 m)
[velocity_path_follower.py-9] [INFO] [1786827113.693947015] [velocity_path_follower]: waypoint 713 / 5251 도달 (선 이탈 0.01 m)
[velocity_path_follower.py-9] [INFO] [1786827114.045833576] [velocity_path_follower]: waypoint 714 / 5251 도달 (선 이탈 0.00 m)
[velocity_path_follower.py-9] [INFO] [1786827114.395863351] [velocity_path_follower]: waypoint 715 / 5251 도달 (선 이탈 0.01 m)
[velocity_path_follower.py-9] [INFO] [1786827114.745822957] [velocity_path_follower]: waypoint 716 / 5251 도달 (선 이탈 0.02 m)
[velocity_path_follower.py-9] [INFO] [1786827114.995782163] [velocity_path_follower]: 310.0s  wp 717/5251 이탈0.0m  위치 (   8.01,  -154.13,  10.97)
[velocity_path_follower.py-9] [INFO] [1786827115.095632056] [velocity_path_follower]: waypoint 717 / 5251 도달 (선 이탈 0.03 m)
[velocity_path_follower.py-9] [INFO] [1786827115.446000258] [velocity_path_follower]: waypoint 718 / 5251 도달 (선 이탈 0.03 m)
[velocity_path_follower.py-9] [INFO] [1786827115.795841856] [velocity_path_follower]: waypoint 719 / 5251 도달 (선 이탈 0.04 m)
[velocity_path_follower.py-9] [INFO] [1786827116.148657407] [velocity_path_follower]: waypoint 720 / 5251 도달 (선 이탈 0.04 m)
[velocity_path_follower.py-9] [INFO] [1786827116.498778306] [velocity_path_follower]: waypoint 721 / 5251 도달 (선 이탈 0.05 m)
[velocity_path_follower.py-9] [INFO] [1786827116.848805658] [velocity_path_follower]: waypoint 722 / 5251 도달 (선 이탈 0.05 m)
[velocity_path_follower.py-9] [INFO] [1786827117.150824808] [velocity_path_follower]: waypoint 723 / 5251 도달 (선 이탈 0.05 m)
[velocity_path_follower.py-9] [INFO] [1786827117.550753228] [velocity_path_follower]: waypoint 724 / 5251 도달 (선 이탈 0.05 m)
[velocity_path_follower.py-9] [INFO] [1786827117.850955136] [velocity_path_follower]: waypoint 725 / 5251 도달 (선 이탈 0.05 m)
[velocity_path_follower.py-9] [INFO] [1786827118.200935566] [velocity_path_follower]: waypoint 726 / 5251 도달 (선 이탈 0.05 m)
[velocity_path_follower.py-9] [INFO] [1786827118.554547642] [velocity_path_follower]: waypoint 727 / 5251 도달 (선 이탈 0.05 m)
[velocity_path_follower.py-9] [INFO] [1786827118.904381314] [velocity_path_follower]: waypoint 728 / 5251 도달 (선 이탈 0.05 m)
[velocity_path_follower.py-9] [INFO] [1786827119.256675085] [velocity_path_follower]: waypoint 729 / 5251 도달 (선 이탈 0.04 m)
[velocity_path_follower.py-9] [INFO] [1786827119.608881809] [velocity_path_follower]: waypoint 730 / 5251 도달 (선 이탈 0.04 m)
[velocity_path_follower.py-9] [INFO] [1786827119.958766606] [velocity_path_follower]: waypoint 731 / 5251 도달 (선 이탈 0.04 m)
[velocity_path_follower.py-9] [INFO] [1786827120.009022856] [velocity_path_follower]: 315.0s  wp 732/5251 이탈0.0m  위치 (   0.80,  -154.14,  11.66)
[velocity_path_follower.py-9] [INFO] [1786827120.311623729] [velocity_path_follower]: waypoint 732 / 5251 도달 (선 이탈 0.03 m)
[velocity_path_follower.py-9] [INFO] [1786827120.661518232] [velocity_path_follower]: waypoint 733 / 5251 도달 (선 이탈 0.03 m)
[velocity_path_follower.py-9] [INFO] [1786827121.011873045] [velocity_path_follower]: waypoint 734 / 5251 도달 (선 이탈 0.02 m)
[velocity_path_follower.py-9] [INFO] [1786827121.367591365] [velocity_path_follower]: waypoint 735 / 5251 도달 (선 이탈 0.02 m)
[velocity_path_follower.py-9] [INFO] [1786827121.719989508] [velocity_path_follower]: waypoint 736 / 5251 도달 (선 이탈 0.01 m)
[velocity_path_follower.py-9] [INFO] [1786827122.075087677] [velocity_path_follower]: waypoint 737 / 5251 도달 (선 이탈 0.01 m)
[velocity_path_follower.py-9] [INFO] [1786827122.374852056] [velocity_path_follower]: waypoint 738 / 5251 도달 (선 이탈 0.00 m)
[velocity_path_follower.py-9] [INFO] [1786827122.728109231] [velocity_path_follower]: waypoint 739 / 5251 도달 (선 이탈 0.00 m)
[velocity_path_follower.py-9] [INFO] [1786827123.077864055] [velocity_path_follower]: waypoint 740 / 5251 도달 (선 이탈 0.01 m)
[velocity_path_follower.py-9] [INFO] [1786827123.427844386] [velocity_path_follower]: waypoint 741 / 5251 도달 (선 이탈 0.01 m)
[velocity_path_follower.py-9] [INFO] [1786827123.777978224] [velocity_path_follower]: waypoint 742 / 5251 도달 (선 이탈 0.02 m)
[velocity_path_follower.py-9] [INFO] [1786827124.130952759] [velocity_path_follower]: waypoint 743 / 5251 도달 (선 이탈 0.02 m)
[velocity_path_follower.py-9] [INFO] [1786827124.483190179] [velocity_path_follower]: waypoint 744 / 5251 도달 (선 이탈 0.02 m)
[velocity_path_follower.py-9] [INFO] [1786827124.833178383] [velocity_path_follower]: waypoint 745 / 5251 도달 (선 이탈 0.02 m)
[velocity_path_follower.py-9] [INFO] [1786827125.033156290] [velocity_path_follower]: 320.0s  wp 746/5251 이탈0.0m  위치 (  -6.44,  -154.08,   7.80)
[velocity_path_follower.py-9] [INFO] [1786827125.183331300] [velocity_path_follower]: waypoint 746 / 5251 도달 (선 이탈 0.03 m)
[velocity_path_follower.py-9] [INFO] [1786827125.533525634] [velocity_path_follower]: waypoint 747 / 5251 도달 (선 이탈 0.03 m)
[velocity_path_follower.py-9] [INFO] [1786827125.888821592] [velocity_path_follower]: waypoint 748 / 5251 도달 (선 이탈 0.03 m)
[velocity_path_follower.py-9] [INFO] [1786827126.250902199] [velocity_path_follower]: waypoint 749 / 5251 도달 (선 이탈 0.03 m)
[velocity_path_follower.py-9] [INFO] [1786827126.603516795] [velocity_path_follower]: waypoint 750 / 5251 도달 (선 이탈 0.03 m)
[velocity_path_follower.py-9] [INFO] [1786827130.014159150] [velocity_path_follower]: waypoint 751 / 5251 도달 (선 이탈 0.02 m)
[velocity_path_follower.py-9] [INFO] [1786827130.064304808] [velocity_path_follower]: waypoint 752 / 5251 도달 (선 이탈 0.02 m)
[velocity_path_follower.py-9] [INFO] [1786827130.114080826] [velocity_path_follower]: waypoint 753 / 5251 도달 (선 이탈 0.02 m)
[velocity_path_follower.py-9] [INFO] [1786827130.164052560] [velocity_path_follower]: waypoint 754 / 5251 도달 (선 이탈 0.02 m)
[velocity_path_follower.py-9] [INFO] [1786827130.214186801] [velocity_path_follower]: waypoint 755 / 5251 도달 (선 이탈 0.02 m)
[velocity_path_follower.py-9] [INFO] [1786827130.264171077] [velocity_path_follower]: waypoint 756 / 5251 도달 (선 이탈 0.02 m)
[velocity_path_follower.py-9] [INFO] [1786827130.317021302] [velocity_path_follower]: waypoint 757 / 5251 도달 (선 이탈 0.02 m)
[velocity_path_follower.py-9] [INFO] [1786827130.366874490] [velocity_path_follower]: waypoint 758 / 5251 도달 (선 이탈 0.02 m)
[velocity_path_follower.py-9] [INFO] [1786827130.416890809] [velocity_path_follower]: 325.4s  wp 759/5251 이탈0.0m  위치 ( -12.88,  -154.08,   6.67)
[velocity_path_follower.py-9] [INFO] [1786827130.716782257] [velocity_path_follower]: waypoint 759 / 5251 도달 (선 이탈 0.01 m)
[velocity_path_follower.py-9] [INFO] [1786827131.370013150] [velocity_path_follower]: waypoint 760 / 5251 도달 (선 이탈 0.01 m)
[velocity_path_follower.py-9] [INFO] [1786827131.970365898] [velocity_path_follower]: waypoint 761 / 5251 도달 (선 이탈 0.01 m)
[velocity_path_follower.py-9] [INFO] [1786827132.527454805] [velocity_path_follower]: waypoint 762 / 5251 도달 (선 이탈 0.01 m)
[velocity_path_follower.py-9] [INFO] [1786827133.027172137] [velocity_path_follower]: waypoint 763 / 5251 도달 (선 이탈 0.01 m)
[velocity_path_follower.py-9] [INFO] [1786827133.531675534] [velocity_path_follower]: waypoint 764 / 5251 도달 (선 이탈 0.00 m)
[velocity_path_follower.py-9] [INFO] [1786827134.032028930] [velocity_path_follower]: waypoint 765 / 5251 도달 (선 이탈 0.00 m)
[velocity_path_follower.py-9] [INFO] [1786827134.482024074] [velocity_path_follower]: waypoint 766 / 5251 도달 (선 이탈 0.00 m)
[velocity_path_follower.py-9] [INFO] [1786827134.936291224] [velocity_path_follower]: waypoint 767 / 5251 도달 (선 이탈 0.00 m)
[velocity_path_follower.py-9] [INFO] [1786827135.088762024] [velocity_path_follower]: 330.0s  wp 768/5251 이탈0.0m  위치 ( -17.32,  -154.10,   8.49)
[velocity_path_follower.py-9] [INFO] [1786827135.388657710] [velocity_path_follower]: waypoint 768 / 5251 도달 (선 이탈 0.00 m)
[velocity_path_follower.py-9] [INFO] [1786827135.788884960] [velocity_path_follower]: waypoint 769 / 5251 도달 (선 이탈 0.01 m)
[velocity_path_follower.py-9] [INFO] [1786827136.238801887] [velocity_path_follower]: waypoint 770 / 5251 도달 (선 이탈 0.01 m)
[velocity_path_follower.py-9] [INFO] [1786827136.638629034] [velocity_path_follower]: waypoint 771 / 5251 도달 (선 이탈 0.01 m)
[velocity_path_follower.py-9] [INFO] [1786827137.040892988] [velocity_path_follower]: waypoint 772 / 5251 도달 (선 이탈 0.01 m)
[velocity_path_follower.py-9] [INFO] [1786827137.440965892] [velocity_path_follower]: waypoint 773 / 5251 도달 (선 이탈 0.01 m)
[velocity_path_follower.py-9] [INFO] [1786827137.840809453] [velocity_path_follower]: waypoint 774 / 5251 도달 (선 이탈 0.01 m)
[velocity_path_follower.py-9] [INFO] [1786827138.240835853] [velocity_path_follower]: waypoint 775 / 5251 도달 (선 이탈 0.01 m)
[velocity_path_follower.py-9] [INFO] [1786827138.640824126] [velocity_path_follower]: waypoint 776 / 5251 도달 (선 이탈 0.01 m)
[velocity_path_follower.py-9] [INFO] [1786827139.040796731] [velocity_path_follower]: waypoint 777 / 5251 도달 (선 이탈 0.01 m)
[velocity_path_follower.py-9] [INFO] [1786827139.391024778] [velocity_path_follower]: waypoint 778 / 5251 도달 (선 이탈 0.01 m)
[velocity_path_follower.py-9] [INFO] [1786827139.790920210] [velocity_path_follower]: waypoint 779 / 5251 도달 (선 이탈 0.01 m)
[velocity_path_follower.py-9] [INFO] [1786827140.090778177] [velocity_path_follower]: 335.0s  wp 780/5251 이탈0.0m  위치 ( -23.50,  -154.11,   7.55)
[velocity_path_follower.py-9] [INFO] [1786827140.190896269] [velocity_path_follower]: waypoint 780 / 5251 도달 (선 이탈 0.01 m)
[velocity_path_follower.py-9] [INFO] [1786827140.540826010] [velocity_path_follower]: waypoint 781 / 5251 도달 (선 이탈 0.01 m)
[velocity_path_follower.py-9] [INFO] [1786827140.942030451] [velocity_path_follower]: waypoint 782 / 5251 도달 (선 이탈 0.01 m)
[velocity_path_follower.py-9] [INFO] [1786827141.290861729] [velocity_path_follower]: waypoint 783 / 5251 도달 (선 이탈 0.00 m)
[velocity_path_follower.py-9] [INFO] [1786827141.691024415] [velocity_path_follower]: waypoint 784 / 5251 도달 (선 이탈 0.00 m)
[velocity_path_follower.py-9] [INFO] [1786827142.040782813] [velocity_path_follower]: waypoint 785 / 5251 도달 (선 이탈 0.00 m)
[velocity_path_follower.py-9] [INFO] [1786827142.440846993] [velocity_path_follower]: waypoint 786 / 5251 도달 (선 이탈 0.00 m)
[velocity_path_follower.py-9] [INFO] [1786827142.790842315] [velocity_path_follower]: waypoint 787 / 5251 도달 (선 이탈 0.00 m)
[velocity_path_follower.py-9] [INFO] [1786827143.140808676] [velocity_path_follower]: waypoint 788 / 5251 도달 (선 이탈 0.00 m)
[velocity_path_follower.py-9] [INFO] [1786827143.490693449] [velocity_path_follower]: waypoint 789 / 5251 도달 (선 이탈 0.00 m)
[velocity_path_follower.py-9] [INFO] [1786827143.890879380] [velocity_path_follower]: waypoint 790 / 5251 도달 (선 이탈 0.00 m)
[velocity_path_follower.py-9] [INFO] [1786827144.240884448] [velocity_path_follower]: waypoint 791 / 5251 도달 (선 이탈 0.00 m)
[velocity_path_follower.py-9] [INFO] [1786827144.590949850] [velocity_path_follower]: waypoint 792 / 5251 도달 (선 이탈 0.00 m)
[velocity_path_follower.py-9] [INFO] [1786827144.940880831] [velocity_path_follower]: waypoint 793 / 5251 도달 (선 이탈 0.00 m)
[velocity_path_follower.py-9] [INFO] [1786827145.090683969] [velocity_path_follower]: 340.0s  wp 794/5251 이탈0.0m  위치 ( -30.32,  -154.10,   6.99)
[velocity_path_follower.py-9] [INFO] [1786827145.290969315] [velocity_path_follower]: waypoint 794 / 5251 도달 (선 이탈 0.00 m)
[velocity_path_follower.py-9] [INFO] [1786827145.640814831] [velocity_path_follower]: waypoint 795 / 5251 도달 (선 이탈 0.00 m)
[velocity_path_follower.py-9] [INFO] [1786827145.991068155] [velocity_path_follower]: waypoint 796 / 5251 도달 (선 이탈 0.00 m)
[velocity_path_follower.py-9] [INFO] [1786827146.390868229] [velocity_path_follower]: waypoint 797 / 5251 도달 (선 이탈 0.00 m)
[velocity_path_follower.py-9] [INFO] [1786827146.743531439] [velocity_path_follower]: waypoint 798 / 5251 도달 (선 이탈 0.00 m)
[velocity_path_follower.py-9] [INFO] [1786827147.090875351] [velocity_path_follower]: waypoint 799 / 5251 도달 (선 이탈 0.00 m)
[velocity_path_follower.py-9] [INFO] [1786827147.440660900] [velocity_path_follower]: waypoint 800 / 5251 도달 (선 이탈 0.00 m)
[velocity_path_follower.py-9] [INFO] [1786827147.791022515] [velocity_path_follower]: waypoint 801 / 5251 도달 (선 이탈 0.00 m)
[velocity_path_follower.py-9] [INFO] [1786827148.140857899] [velocity_path_follower]: waypoint 802 / 5251 도달 (선 이탈 0.00 m)
[velocity_path_follower.py-9] [INFO] [1786827148.490855872] [velocity_path_follower]: waypoint 803 / 5251 도달 (선 이탈 0.00 m)
[velocity_path_follower.py-9] [INFO] [1786827148.848896294] [velocity_path_follower]: waypoint 804 / 5251 도달 (선 이탈 0.00 m)
[velocity_path_follower.py-9] [INFO] [1786827149.196938977] [velocity_path_follower]: waypoint 805 / 5251 도달 (선 이탈 0.00 m)
[velocity_path_follower.py-9] [INFO] [1786827149.546847235] [velocity_path_follower]: waypoint 806 / 5251 도달 (선 이탈 0.00 m)
[velocity_path_follower.py-9] [INFO] [1786827149.947150529] [velocity_path_follower]: waypoint 807 / 5251 도달 (선 이탈 0.00 m)
[velocity_path_follower.py-9] [INFO] [1786827150.096914993] [velocity_path_follower]: 345.0s  wp 808/5251 이탈1.2m  위치 ( -37.41,  -154.10,   7.79)
[velocity_path_follower.py-9] [INFO] [1786827154.997131051] [velocity_path_follower]: waypoint 808 / 5251 도달 (선 이탈 2.90 m)
[velocity_path_follower.py-9] [INFO] [1786827155.096904827] [velocity_path_follower]: 350.0s  wp 810/5251 이탈1.4m  위치 ( -41.51,  -151.53,   7.56)
[velocity_path_follower.py-9] [INFO] [1786827159.896998499] [velocity_path_follower]: waypoint 810 / 5251 도달 (선 이탈 1.38 m)
[velocity_path_follower.py-9] [INFO] [1786827160.096906849] [velocity_path_follower]: 355.0s  wp 811/5251 이탈1.4m  위치 ( -39.43,  -148.68,   7.07)
[velocity_path_follower.py-9] [INFO] [1786827160.546994949] [velocity_path_follower]: waypoint 811 / 5251 도달 (선 이탈 1.47 m)
[velocity_path_follower.py-9] [INFO] [1786827161.146957923] [velocity_path_follower]: waypoint 812 / 5251 도달 (선 이탈 1.47 m)
[velocity_path_follower.py-9] [INFO] [1786827161.746965604] [velocity_path_follower]: waypoint 813 / 5251 도달 (선 이탈 1.42 m)
[velocity_path_follower.py-9] [INFO] [1786827162.297141691] [velocity_path_follower]: waypoint 814 / 5251 도달 (선 이탈 1.32 m)
[velocity_path_follower.py-9] [INFO] [1786827162.846995638] [velocity_path_follower]: waypoint 815 / 5251 도달 (선 이탈 1.19 m)
[velocity_path_follower.py-9] [INFO] [1786827163.397495149] [velocity_path_follower]: waypoint 816 / 5251 도달 (선 이탈 1.04 m)
[velocity_path_follower.py-9] [INFO] [1786827163.896965229] [velocity_path_follower]: waypoint 817 / 5251 도달 (선 이탈 0.86 m)
[velocity_path_follower.py-9] [INFO] [1786827164.397312758] [velocity_path_follower]: waypoint 818 / 5251 도달 (선 이탈 0.68 m)
[velocity_path_follower.py-9] [INFO] [1786827164.897565199] [velocity_path_follower]: waypoint 819 / 5251 도달 (선 이탈 0.49 m)
[velocity_path_follower.py-9] [INFO] [1786827165.096925478] [velocity_path_follower]: 360.0s  wp 820/5251 이탈0.4m  위치 ( -34.86,  -149.68,   7.33)
[velocity_path_follower.py-9] [INFO] [1786827165.347106803] [velocity_path_follower]: waypoint 820 / 5251 도달 (선 이탈 0.32 m)
[velocity_path_follower.py-9] [INFO] [1786827165.847006977] [velocity_path_follower]: waypoint 821 / 5251 도달 (선 이탈 0.13 m)
[velocity_path_follower.py-9] [INFO] [1786827166.247024376] [velocity_path_follower]: waypoint 822 / 5251 도달 (선 이탈 0.01 m)
[velocity_path_follower.py-9] [INFO] [1786827166.697886654] [velocity_path_follower]: waypoint 823 / 5251 도달 (선 이탈 0.17 m)
[velocity_path_follower.py-9] [INFO] [1786827167.146999194] [velocity_path_follower]: waypoint 824 / 5251 도달 (선 이탈 0.30 m)
[velocity_path_follower.py-9] [INFO] [1786827167.547072008] [velocity_path_follower]: waypoint 825 / 5251 도달 (선 이탈 0.41 m)
[velocity_path_follower.py-9] [INFO] [1786827167.946992608] [velocity_path_follower]: waypoint 826 / 5251 도달 (선 이탈 0.50 m)
[velocity_path_follower.py-9] [INFO] [1786827168.397152268] [velocity_path_follower]: waypoint 827 / 5251 도달 (선 이탈 0.59 m)
[velocity_path_follower.py-9] [INFO] [1786827168.797158827] [velocity_path_follower]: waypoint 828 / 5251 도달 (선 이탈 0.64 m)
[velocity_path_follower.py-9] [INFO] [1786827169.197118840] [velocity_path_follower]: waypoint 829 / 5251 도달 (선 이탈 0.68 m)
[velocity_path_follower.py-9] [INFO] [1786827169.599922216] [velocity_path_follower]: waypoint 830 / 5251 도달 (선 이탈 0.70 m)
[velocity_path_follower.py-9] [INFO] [1786827169.999837726] [velocity_path_follower]: waypoint 831 / 5251 도달 (선 이탈 0.71 m)
[velocity_path_follower.py-9] [INFO] [1786827170.100077259] [velocity_path_follower]: 365.0s  wp 832/5251 이탈0.7m  위치 ( -28.91,  -150.81,   7.38)
[velocity_path_follower.py-9] [INFO] [1786827170.399888572] [velocity_path_follower]: waypoint 832 / 5251 도달 (선 이탈 0.70 m)
[velocity_path_follower.py-9] [INFO] [1786827170.749691688] [velocity_path_follower]: waypoint 833 / 5251 도달 (선 이탈 0.68 m)
[velocity_path_follower.py-9] [INFO] [1786827171.149913123] [velocity_path_follower]: waypoint 834 / 5251 도달 (선 이탈 0.65 m)
[velocity_path_follower.py-9] [INFO] [1786827171.549583159] [velocity_path_follower]: waypoint 835 / 5251 도달 (선 이탈 0.60 m)
[velocity_path_follower.py-9] [INFO] [1786827171.949521289] [velocity_path_follower]: waypoint 836 / 5251 도달 (선 이탈 0.54 m)
[velocity_path_follower.py-9] [INFO] [1786827172.300267605] [velocity_path_follower]: waypoint 837 / 5251 도달 (선 이탈 0.49 m)
[velocity_path_follower.py-9] [INFO] [1786827172.699638335] [velocity_path_follower]: waypoint 838 / 5251 도달 (선 이탈 0.42 m)
[velocity_path_follower.py-9] [INFO] [1786827173.099749301] [velocity_path_follower]: waypoint 839 / 5251 도달 (선 이탈 0.35 m)
[velocity_path_follower.py-9] [INFO] [1786827173.499697009] [velocity_path_follower]: waypoint 840 / 5251 도달 (선 이탈 0.27 m)
[velocity_path_follower.py-9] [INFO] [1786827173.849917718] [velocity_path_follower]: waypoint 841 / 5251 도달 (선 이탈 0.20 m)
[velocity_path_follower.py-9] [INFO] [1786827174.249492659] [velocity_path_follower]: waypoint 842 / 5251 도달 (선 이탈 0.12 m)
[velocity_path_follower.py-9] [INFO] [1786827174.599632404] [velocity_path_follower]: waypoint 843 / 5251 도달 (선 이탈 0.05 m)
[velocity_path_follower.py-9] [INFO] [1786827175.000178175] [velocity_path_follower]: waypoint 844 / 5251 도달 (선 이탈 0.03 m)
[velocity_path_follower.py-9] [INFO] [1786827175.099524460] [velocity_path_follower]: 370.0s  wp 845/5251 이탈0.0m  위치 ( -22.42,  -150.06,   7.14)
[velocity_path_follower.py-9] [INFO] [1786827175.351630761] [velocity_path_follower]: waypoint 845 / 5251 도달 (선 이탈 0.09 m)
[velocity_path_follower.py-9] [INFO] [1786827175.751922602] [velocity_path_follower]: waypoint 846 / 5251 도달 (선 이탈 0.15 m)
[velocity_path_follower.py-9] [INFO] [1786827176.101613325] [velocity_path_follower]: waypoint 847 / 5251 도달 (선 이탈 0.20 m)
[velocity_path_follower.py-9] [INFO] [1786827176.451936863] [velocity_path_follower]: waypoint 848 / 5251 도달 (선 이탈 0.24 m)
[velocity_path_follower.py-9] [INFO] [1786827176.801693254] [velocity_path_follower]: waypoint 849 / 5251 도달 (선 이탈 0.28 m)
[velocity_path_follower.py-9] [INFO] [1786827177.201930630] [velocity_path_follower]: waypoint 850 / 5251 도달 (선 이탈 0.31 m)
[velocity_path_follower.py-9] [INFO] [1786827177.552067367] [velocity_path_follower]: waypoint 851 / 5251 도달 (선 이탈 0.34 m)
[velocity_path_follower.py-9] [INFO] [1786827177.901648123] [velocity_path_follower]: waypoint 852 / 5251 도달 (선 이탈 0.35 m)
[velocity_path_follower.py-9] [INFO] [1786827178.251610393] [velocity_path_follower]: waypoint 853 / 5251 도달 (선 이탈 0.36 m)
[velocity_path_follower.py-9] [INFO] [1786827178.651793929] [velocity_path_follower]: waypoint 854 / 5251 도달 (선 이탈 0.36 m)
[velocity_path_follower.py-9] [INFO] [1786827179.001793574] [velocity_path_follower]: waypoint 855 / 5251 도달 (선 이탈 0.36 m)
[velocity_path_follower.py-9] [INFO] [1786827179.351903722] [velocity_path_follower]: waypoint 856 / 5251 도달 (선 이탈 0.35 m)
[velocity_path_follower.py-9] [INFO] [1786827179.701628103] [velocity_path_follower]: waypoint 857 / 5251 도달 (선 이탈 0.33 m)
[velocity_path_follower.py-9] [INFO] [1786827180.051918258] [velocity_path_follower]: waypoint 858 / 5251 도달 (선 이탈 0.31 m)
[velocity_path_follower.py-9] [INFO] [1786827180.101635629] [velocity_path_follower]: 375.0s  wp 859/5251 이탈0.3m  위치 ( -15.50,  -149.79,   7.19)
[velocity_path_follower.py-9] [INFO] [1786827180.452005160] [velocity_path_follower]: waypoint 859 / 5251 도달 (선 이탈 0.28 m)
[velocity_path_follower.py-9] [INFO] [1786827180.801647494] [velocity_path_follower]: waypoint 860 / 5251 도달 (선 이탈 0.25 m)
[velocity_path_follower.py-9] [INFO] [1786827181.152012190] [velocity_path_follower]: waypoint 861 / 5251 도달 (선 이탈 0.22 m)
[velocity_path_follower.py-9] [INFO] [1786827181.504761813] [velocity_path_follower]: waypoint 862 / 5251 도달 (선 이탈 0.19 m)
[velocity_path_follower.py-9] [INFO] [1786827181.854861371] [velocity_path_follower]: waypoint 863 / 5251 도달 (선 이탈 0.15 m)
[velocity_path_follower.py-9] [INFO] [1786827182.204697793] [velocity_path_follower]: waypoint 864 / 5251 도달 (선 이탈 0.12 m)
[velocity_path_follower.py-9] [INFO] [1786827182.554857060] [velocity_path_follower]: waypoint 865 / 5251 도달 (선 이탈 0.08 m)
[velocity_path_follower.py-9] [INFO] [1786827182.907905943] [velocity_path_follower]: waypoint 866 / 5251 도달 (선 이탈 0.04 m)
[velocity_path_follower.py-9] [INFO] [1786827183.260308048] [velocity_path_follower]: waypoint 867 / 5251 도달 (선 이탈 0.01 m)
[velocity_path_follower.py-9] [INFO] [1786827183.660211350] [velocity_path_follower]: waypoint 868 / 5251 도달 (선 이탈 0.03 m)
[velocity_path_follower.py-9] [INFO] [1786827183.960168850] [velocity_path_follower]: waypoint 869 / 5251 도달 (선 이탈 0.05 m)
[velocity_path_follower.py-9] [INFO] [1786827184.310358988] [velocity_path_follower]: waypoint 870 / 5251 도달 (선 이탈 0.08 m)
[velocity_path_follower.py-9] [INFO] [1786827184.710244370] [velocity_path_follower]: waypoint 871 / 5251 도달 (선 이탈 0.11 m)
[ros2-8] [INFO] [1786827184.839653731] [rosbag2_cpp]: Writing remaining messages from cache to the bag. It may take a while
[velocity_path_follower.py-9] [INFO] [1786827185.010242119] [velocity_path_follower]: waypoint 872 / 5251 도달 (선 이탈 0.13 m)
[velocity_path_follower.py-9] [INFO] [1786827185.110215256] [velocity_path_follower]: 380.0s  wp 873/5251 이탈0.1m  위치 (  -8.48,  -150.24,   7.43)
[velocity_path_follower.py-9] [INFO] [1786827185.410458179] [velocity_path_follower]: waypoint 873 / 5251 도달 (선 이탈 0.15 m)
[velocity_path_follower.py-9] [INFO] [1786827185.762696022] [velocity_path_follower]: waypoint 874 / 5251 도달 (선 이탈 0.17 m)
[velocity_path_follower.py-9] [INFO] [1786827186.113031871] [velocity_path_follower]: waypoint 875 / 5251 도달 (선 이탈 0.18 m)
[velocity_path_follower.py-9] [INFO] [1786827186.470144823] [velocity_path_follower]: waypoint 876 / 5251 도달 (선 이탈 0.18 m)
[velocity_path_follower.py-9] [INFO] [1786827186.821896352] [velocity_path_follower]: waypoint 877 / 5251 도달 (선 이탈 0.19 m)
[velocity_path_follower.py-9] [INFO] [1786827187.171968730] [velocity_path_follower]: waypoint 878 / 5251 도달 (선 이탈 0.19 m)
[velocity_path_follower.py-9] [INFO] [1786827187.521958436] [velocity_path_follower]: waypoint 879 / 5251 도달 (선 이탈 0.19 m)
[velocity_path_follower.py-9] [INFO] [1786827187.871907598] [velocity_path_follower]: waypoint 880 / 5251 도달 (선 이탈 0.18 m)
[velocity_path_follower.py-9] [INFO] [1786827188.221969681] [velocity_path_follower]: waypoint 881 / 5251 도달 (선 이탈 0.17 m)
[velocity_path_follower.py-9] [INFO] [1786827188.576960126] [velocity_path_follower]: waypoint 882 / 5251 도달 (선 이탈 0.16 m)
[velocity_path_follower.py-9] [INFO] [1786827188.929276382] [velocity_path_follower]: waypoint 883 / 5251 도달 (선 이탈 0.15 m)
[velocity_path_follower.py-9] [INFO] [1786827189.290888424] [velocity_path_follower]: waypoint 884 / 5251 도달 (선 이탈 0.13 m)
[velocity_path_follower.py-9] [INFO] [1786827189.643835411] [velocity_path_follower]: waypoint 885 / 5251 도달 (선 이탈 0.12 m)
[velocity_path_follower.py-9] [INFO] [1786827189.996422382] [velocity_path_follower]: waypoint 886 / 5251 도달 (선 이탈 0.10 m)
[velocity_path_follower.py-9] [INFO] [1786827190.146207804] [velocity_path_follower]: 385.0s  wp 887/5251 이탈0.1m  위치 (  -1.35,  -150.19,   7.67)
[velocity_path_follower.py-9] [INFO] [1786827190.350269611] [velocity_path_follower]: waypoint 887 / 5251 도달 (선 이탈 0.08 m)
[velocity_path_follower.py-9] [INFO] [1786827190.704371974] [velocity_path_follower]: waypoint 888 / 5251 도달 (선 이탈 0.06 m)
[velocity_path_follower.py-9] [INFO] [1786827191.054427842] [velocity_path_follower]: waypoint 889 / 5251 도달 (선 이탈 0.04 m)
[velocity_path_follower.py-9] [INFO] [1786827191.354697128] [velocity_path_follower]: waypoint 890 / 5251 도달 (선 이탈 0.02 m)
[velocity_path_follower.py-9] [INFO] [1786827191.759935081] [velocity_path_follower]: waypoint 891 / 5251 도달 (선 이탈 0.00 m)
[velocity_path_follower.py-9] [INFO] [1786827192.109865607] [velocity_path_follower]: waypoint 892 / 5251 도달 (선 이탈 0.01 m)
[velocity_path_follower.py-9] [INFO] [1786827192.459917387] [velocity_path_follower]: waypoint 893 / 5251 도달 (선 이탈 0.03 m)
[velocity_path_follower.py-9] [INFO] [1786827192.814677064] [velocity_path_follower]: waypoint 894 / 5251 도달 (선 이탈 0.05 m)
[velocity_path_follower.py-9] [INFO] [1786827193.170793127] [velocity_path_follower]: waypoint 895 / 5251 도달 (선 이탈 0.06 m)
[velocity_path_follower.py-9] [INFO] [1786827193.523580930] [velocity_path_follower]: waypoint 896 / 5251 도달 (선 이탈 0.07 m)
[velocity_path_follower.py-9] [INFO] [1786827193.828781119] [velocity_path_follower]: waypoint 897 / 5251 도달 (선 이탈 0.08 m)
[velocity_path_follower.py-9] [INFO] [1786827194.229243414] [velocity_path_follower]: waypoint 898 / 5251 도달 (선 이탈 0.09 m)
[velocity_path_follower.py-9] [INFO] [1786827194.530995546] [velocity_path_follower]: waypoint 899 / 5251 도달 (선 이탈 0.09 m)
[velocity_path_follower.py-9] [INFO] [1786827194.880963525] [velocity_path_follower]: waypoint 900 / 5251 도달 (선 이탈 0.10 m)
[velocity_path_follower.py-9] [INFO] [1786827195.180686241] [velocity_path_follower]: 390.0s  wp 901/5251 이탈0.1m  위치 (   5.83,  -150.00,  11.19)
[velocity_path_follower.py-9] [INFO] [1786827195.234035586] [velocity_path_follower]: waypoint 901 / 5251 도달 (선 이탈 0.10 m)
[velocity_path_follower.py-9] [INFO] [1786827195.590209020] [velocity_path_follower]: waypoint 902 / 5251 도달 (선 이탈 0.10 m)
[velocity_path_follower.py-9] [INFO] [1786827195.939886611] [velocity_path_follower]: waypoint 903 / 5251 도달 (선 이탈 0.10 m)
[velocity_path_follower.py-9] [INFO] [1786827196.292819538] [velocity_path_follower]: waypoint 904 / 5251 도달 (선 이탈 0.09 m)
[velocity_path_follower.py-9] [INFO] [1786827196.642849849] [velocity_path_follower]: waypoint 905 / 5251 도달 (선 이탈 0.09 m)
[velocity_path_follower.py-9] [INFO] [1786827196.993110086] [velocity_path_follower]: waypoint 906 / 5251 도달 (선 이탈 0.08 m)
[velocity_path_follower.py-9] [INFO] [1786827197.342875967] [velocity_path_follower]: waypoint 907 / 5251 도달 (선 이탈 0.08 m)
[velocity_path_follower.py-9] [INFO] [1786827197.693156994] [velocity_path_follower]: waypoint 908 / 5251 도달 (선 이탈 0.07 m)
[velocity_path_follower.py-9] [INFO] [1786827198.042999253] [velocity_path_follower]: waypoint 909 / 5251 도달 (선 이탈 0.06 m)
[velocity_path_follower.py-9] [INFO] [1786827198.392916804] [velocity_path_follower]: waypoint 910 / 5251 도달 (선 이탈 0.05 m)
[velocity_path_follower.py-9] [INFO] [1786827198.742804229] [velocity_path_follower]: waypoint 911 / 5251 도달 (선 이탈 0.04 m)
[velocity_path_follower.py-9] [INFO] [1786827199.097803067] [velocity_path_follower]: waypoint 912 / 5251 도달 (선 이탈 0.03 m)
[velocity_path_follower.py-9] [INFO] [1786827199.447609236] [velocity_path_follower]: waypoint 913 / 5251 도달 (선 이탈 0.02 m)
[velocity_path_follower.py-9] [INFO] [1786827199.799862879] [velocity_path_follower]: waypoint 914 / 5251 도달 (선 이탈 0.01 m)
[velocity_path_follower.py-9] [INFO] [1786827200.151892553] [velocity_path_follower]: waypoint 915 / 5251 도달 (선 이탈 0.00 m)
[velocity_path_follower.py-9] [INFO] [1786827200.201617168] [velocity_path_follower]: 395.0s  wp 916/5251 이탈0.0m  위치 (  13.03,  -150.10,  12.97)
[velocity_path_follower.py-9] [INFO] [1786827200.451883810] [velocity_path_follower]: waypoint 916 / 5251 도달 (선 이탈 0.00 m)
[velocity_path_follower.py-9] [INFO] [1786827200.856845434] [velocity_path_follower]: waypoint 917 / 5251 도달 (선 이탈 0.01 m)
[velocity_path_follower.py-9] [INFO] [1786827201.156697518] [velocity_path_follower]: waypoint 918 / 5251 도달 (선 이탈 0.02 m)
[velocity_path_follower.py-9] [INFO] [1786827201.507038204] [velocity_path_follower]: waypoint 919 / 5251 도달 (선 이탈 0.03 m)
[velocity_path_follower.py-9] [INFO] [1786827201.858981621] [velocity_path_follower]: waypoint 920 / 5251 도달 (선 이탈 0.03 m)
[velocity_path_follower.py-9] [INFO] [1786827202.209082963] [velocity_path_follower]: waypoint 921 / 5251 도달 (선 이탈 0.04 m)
[velocity_path_follower.py-9] [INFO] [1786827202.558964378] [velocity_path_follower]: waypoint 922 / 5251 도달 (선 이탈 0.04 m)
[velocity_path_follower.py-9] [INFO] [1786827202.909026634] [velocity_path_follower]: waypoint 923 / 5251 도달 (선 이탈 0.05 m)
[velocity_path_follower.py-9] [INFO] [1786827203.260999965] [velocity_path_follower]: waypoint 924 / 5251 도달 (선 이탈 0.05 m)
[velocity_path_follower.py-9] [INFO] [1786827203.613658197] [velocity_path_follower]: waypoint 925 / 5251 도달 (선 이탈 0.05 m)
[velocity_path_follower.py-9] [INFO] [1786827203.963889708] [velocity_path_follower]: waypoint 926 / 5251 도달 (선 이탈 0.05 m)
[velocity_path_follower.py-9] [INFO] [1786827204.317202839] [velocity_path_follower]: waypoint 927 / 5251 도달 (선 이탈 0.05 m)
[velocity_path_follower.py-9] [INFO] [1786827204.665960622] [velocity_path_follower]: waypoint 928 / 5251 도달 (선 이탈 0.05 m)
[velocity_path_follower.py-9] [INFO] [1786827205.015689026] [velocity_path_follower]: waypoint 929 / 5251 도달 (선 이탈 0.05 m)
[velocity_path_follower.py-9] [INFO] [1786827205.217907571] [velocity_path_follower]: 400.0s  wp 930/5251 이탈0.0m  위치 (  20.23,  -150.15,  10.91)
[velocity_path_follower.py-9] [INFO] [1786827205.372640717] [velocity_path_follower]: waypoint 930 / 5251 도달 (선 이탈 0.04 m)
[velocity_path_follower.py-9] [INFO] [1786827205.725418283] [velocity_path_follower]: waypoint 931 / 5251 도달 (선 이탈 0.04 m)
[velocity_path_follower.py-9] [INFO] [1786827206.075422570] [velocity_path_follower]: waypoint 932 / 5251 도달 (선 이탈 0.04 m)
[velocity_path_follower.py-9] [INFO] [1786827206.379914453] [velocity_path_follower]: waypoint 933 / 5251 도달 (선 이탈 0.03 m)
[velocity_path_follower.py-9] [INFO] [1786827206.733561093] [velocity_path_follower]: waypoint 934 / 5251 도달 (선 이탈 0.03 m)
[velocity_path_follower.py-9] [INFO] [1786827207.087083561] [velocity_path_follower]: waypoint 935 / 5251 도달 (선 이탈 0.02 m)
[velocity_path_follower.py-9] [INFO] [1786827207.437054259] [velocity_path_follower]: waypoint 936 / 5251 도달 (선 이탈 0.02 m)
[velocity_path_follower.py-9] [INFO] [1786827207.791899111] [velocity_path_follower]: waypoint 937 / 5251 도달 (선 이탈 0.01 m)
[velocity_path_follower.py-9] [INFO] [1786827208.141603882] [velocity_path_follower]: waypoint 938 / 5251 도달 (선 이탈 0.01 m)
[velocity_path_follower.py-9] [INFO] [1786827208.491925634] [velocity_path_follower]: waypoint 939 / 5251 도달 (선 이탈 0.00 m)
[velocity_path_follower.py-9] [INFO] [1786827208.841764034] [velocity_path_follower]: waypoint 940 / 5251 도달 (선 이탈 0.00 m)
[velocity_path_follower.py-9] [INFO] [1786827209.194077697] [velocity_path_follower]: waypoint 941 / 5251 도달 (선 이탈 0.01 m)
[velocity_path_follower.py-9] [INFO] [1786827209.543939262] [velocity_path_follower]: waypoint 942 / 5251 도달 (선 이탈 0.01 m)
[velocity_path_follower.py-9] [INFO] [1786827209.893856121] [velocity_path_follower]: waypoint 943 / 5251 도달 (선 이탈 0.01 m)
[velocity_path_follower.py-9] [INFO] [1786827210.244019988] [velocity_path_follower]: waypoint 944 / 5251 도달 (선 이탈 0.02 m)
[velocity_path_follower.py-9] [INFO] [1786827210.295966021] [velocity_path_follower]: 405.1s  wp 945/5251 이탈0.0m  위치 (  27.53,  -150.08,  10.68)
[velocity_path_follower.py-9] [INFO] [1786827210.546366693] [velocity_path_follower]: waypoint 945 / 5251 도달 (선 이탈 0.02 m)
[velocity_path_follower.py-9] [INFO] [1786827210.946169626] [velocity_path_follower]: waypoint 946 / 5251 도달 (선 이탈 0.02 m)
[velocity_path_follower.py-9] [INFO] [1786827211.246180070] [velocity_path_follower]: waypoint 947 / 5251 도달 (선 이탈 0.03 m)
[velocity_path_follower.py-9] [INFO] [1786827211.596090340] [velocity_path_follower]: waypoint 948 / 5251 도달 (선 이탈 0.03 m)
[velocity_path_follower.py-9] [INFO] [1786827211.998141152] [velocity_path_follower]: waypoint 949 / 5251 도달 (선 이탈 0.03 m)
[velocity_path_follower.py-9] [INFO] [1786827212.300943538] [velocity_path_follower]: waypoint 950 / 5251 도달 (선 이탈 0.03 m)
[velocity_path_follower.py-9] [INFO] [1786827212.651046314] [velocity_path_follower]: waypoint 951 / 5251 도달 (선 이탈 0.03 m)
[velocity_path_follower.py-9] [INFO] [1786827213.000856661] [velocity_path_follower]: waypoint 952 / 5251 도달 (선 이탈 0.03 m)
[velocity_path_follower.py-9] [INFO] [1786827213.354839923] [velocity_path_follower]: waypoint 953 / 5251 도달 (선 이탈 0.03 m)
[velocity_path_follower.py-9] [INFO] [1786827213.706661348] [velocity_path_follower]: waypoint 954 / 5251 도달 (선 이탈 0.03 m)
[velocity_path_follower.py-9] [INFO] [1786827214.056956879] [velocity_path_follower]: waypoint 955 / 5251 도달 (선 이탈 0.02 m)
[velocity_path_follower.py-9] [INFO] [1786827214.406894935] [velocity_path_follower]: waypoint 956 / 5251 도달 (선 이탈 0.02 m)
[velocity_path_follower.py-9] [INFO] [1786827214.756912577] [velocity_path_follower]: waypoint 957 / 5251 도달 (선 이탈 0.02 m)
[velocity_path_follower.py-9] [INFO] [1786827215.109053054] [velocity_path_follower]: waypoint 958 / 5251 도달 (선 이탈 0.02 m)
[velocity_path_follower.py-9] [INFO] [1786827215.258600774] [velocity_path_follower]: 410.0s  wp 959/5251 이탈0.0m  위치 (  34.65,  -150.08,   8.77)
[velocity_path_follower.py-9] [INFO] [1786827215.459034068] [velocity_path_follower]: waypoint 959 / 5251 도달 (선 이탈 0.01 m)
[velocity_path_follower.py-9] [INFO] [1786827215.808872534] [velocity_path_follower]: waypoint 960 / 5251 도달 (선 이탈 0.01 m)
[velocity_path_follower.py-9] [INFO] [1786827216.158980969] [velocity_path_follower]: waypoint 961 / 5251 도달 (선 이탈 0.01 m)
[velocity_path_follower.py-9] [INFO] [1786827216.510903433] [velocity_path_follower]: waypoint 962 / 5251 도달 (선 이탈 0.01 m)
[velocity_path_follower.py-9] [INFO] [1786827216.810788236] [velocity_path_follower]: waypoint 963 / 5251 도달 (선 이탈 0.00 m)
[velocity_path_follower.py-9] [INFO] [1786827217.213910034] [velocity_path_follower]: waypoint 964 / 5251 도달 (선 이탈 0.00 m)
[velocity_path_follower.py-9] [INFO] [1786827217.513359485] [velocity_path_follower]: waypoint 965 / 5251 도달 (선 이탈 0.00 m)
[velocity_path_follower.py-9] [INFO] [1786827217.863308743] [velocity_path_follower]: waypoint 966 / 5251 도달 (선 이탈 0.00 m)
[velocity_path_follower.py-9] [INFO] [1786827218.213143870] [velocity_path_follower]: waypoint 967 / 5251 도달 (선 이탈 0.01 m)
[velocity_path_follower.py-9] [INFO] [1786827218.563279300] [velocity_path_follower]: waypoint 968 / 5251 도달 (선 이탈 0.01 m)
[velocity_path_follower.py-9] [INFO] [1786827218.915824242] [velocity_path_follower]: waypoint 969 / 5251 도달 (선 이탈 0.01 m)
[velocity_path_follower.py-9] [INFO] [1786827219.265883459] [velocity_path_follower]: waypoint 970 / 5251 도달 (선 이탈 0.01 m)
[velocity_path_follower.py-9] [INFO] [1786827219.615908840] [velocity_path_follower]: waypoint 971 / 5251 도달 (선 이탈 0.01 m)
[velocity_path_follower.py-9] [INFO] [1786827219.965662086] [velocity_path_follower]: waypoint 972 / 5251 도달 (선 이탈 0.01 m)
[velocity_path_follower.py-9] [INFO] [1786827220.265619259] [velocity_path_follower]: 415.0s  wp 973/5251 이탈0.0m  위치 (  41.86,  -150.11,   8.42)
[velocity_path_follower.py-9] [INFO] [1786827220.316146025] [velocity_path_follower]: waypoint 973 / 5251 도달 (선 이탈 0.01 m)
[velocity_path_follower.py-9] [INFO] [1786827220.665639091] [velocity_path_follower]: waypoint 974 / 5251 도달 (선 이탈 0.01 m)
[velocity_path_follower.py-9] [INFO] [1786827221.015905729] [velocity_path_follower]: waypoint 975 / 5251 도달 (선 이탈 0.01 m)
[velocity_path_follower.py-9] [INFO] [1786827221.365967316] [velocity_path_follower]: waypoint 976 / 5251 도달 (선 이탈 0.01 m)
[velocity_path_follower.py-9] [INFO] [1786827221.718855099] [velocity_path_follower]: waypoint 977 / 5251 도달 (선 이탈 0.01 m)
[velocity_path_follower.py-9] [INFO] [1786827222.018981027] [velocity_path_follower]: waypoint 978 / 5251 도달 (선 이탈 0.01 m)
[velocity_path_follower.py-9] [INFO] [1786827222.418650422] [velocity_path_follower]: waypoint 979 / 5251 도달 (선 이탈 0.01 m)
[velocity_path_follower.py-9] [INFO] [1786827222.718754015] [velocity_path_follower]: waypoint 980 / 5251 도달 (선 이탈 0.01 m)
[velocity_path_follower.py-9] [INFO] [1786827223.070659964] [velocity_path_follower]: waypoint 981 / 5251 도달 (선 이탈 0.01 m)
[velocity_path_follower.py-9] [INFO] [1786827223.420974222] [velocity_path_follower]: waypoint 982 / 5251 도달 (선 이탈 0.01 m)
[velocity_path_follower.py-9] [INFO] [1786827223.770653789] [velocity_path_follower]: waypoint 983 / 5251 도달 (선 이탈 0.01 m)
[velocity_path_follower.py-9] [INFO] [1786827224.120675243] [velocity_path_follower]: waypoint 984 / 5251 도달 (선 이탈 0.01 m)
[velocity_path_follower.py-9] [INFO] [1786827224.470992792] [velocity_path_follower]: waypoint 985 / 5251 도달 (선 이탈 0.00 m)
[velocity_path_follower.py-9] [INFO] [1786827224.820980702] [velocity_path_follower]: waypoint 986 / 5251 도달 (선 이탈 0.00 m)
[velocity_path_follower.py-9] [INFO] [1786827225.170832939] [velocity_path_follower]: waypoint 987 / 5251 도달 (선 이탈 0.00 m)
[velocity_path_follower.py-9] [INFO] [1786827225.270604457] [velocity_path_follower]: 420.0s  wp 988/5251 이탈0.0m  위치 (  49.08,  -150.10,  10.92)
[velocity_path_follower.py-9] [INFO] [1786827225.520607004] [velocity_path_follower]: waypoint 988 / 5251 도달 (선 이탈 0.00 m)
[velocity_path_follower.py-9] [INFO] [1786827225.870667457] [velocity_path_follower]: waypoint 989 / 5251 도달 (선 이탈 0.00 m)
[velocity_path_follower.py-9] [INFO] [1786827226.170909547] [velocity_path_follower]: waypoint 990 / 5251 도달 (선 이탈 0.00 m)
[velocity_path_follower.py-9] [INFO] [1786827226.570660936] [velocity_path_follower]: waypoint 991 / 5251 도달 (선 이탈 0.00 m)
[velocity_path_follower.py-9] [INFO] [1786827226.920870309] [velocity_path_follower]: waypoint 992 / 5251 도달 (선 이탈 0.01 m)
[velocity_path_follower.py-9] [INFO] [1786827227.222943470] [velocity_path_follower]: waypoint 993 / 5251 도달 (선 이탈 0.01 m)
[velocity_path_follower.py-9] [INFO] [1786827227.623104956] [velocity_path_follower]: waypoint 994 / 5251 도달 (선 이탈 0.01 m)
[velocity_path_follower.py-9] [INFO] [1786827227.922898109] [velocity_path_follower]: waypoint 995 / 5251 도달 (선 이탈 0.01 m)
[velocity_path_follower.py-9] [INFO] [1786827228.273045767] [velocity_path_follower]: waypoint 996 / 5251 도달 (선 이탈 0.01 m)
[velocity_path_follower.py-9] [INFO] [1786827228.622956831] [velocity_path_follower]: waypoint 997 / 5251 도달 (선 이탈 0.01 m)
[velocity_path_follower.py-9] [INFO] [1786827228.972891272] [velocity_path_follower]: waypoint 998 / 5251 도달 (선 이탈 0.01 m)
[velocity_path_follower.py-9] [INFO] [1786827229.325826246] [velocity_path_follower]: waypoint 999 / 5251 도달 (선 이탈 0.01 m)
[velocity_path_follower.py-9] [INFO] [1786827229.675684515] [velocity_path_follower]: waypoint 1000 / 5251 도달 (선 이탈 0.01 m)
[velocity_path_follower.py-9] [INFO] [1786827230.025655538] [velocity_path_follower]: waypoint 1001 / 5251 도달 (선 이탈 0.01 m)
[velocity_path_follower.py-9] [INFO] [1786827230.275815458] [velocity_path_follower]: 425.0s  wp 1002/5251 이탈0.0m  위치 (  56.29,  -150.09,  13.98)
[velocity_path_follower.py-9] [INFO] [1786827230.375634142] [velocity_path_follower]: waypoint 1002 / 5251 도달 (선 이탈 0.01 m)
[velocity_path_follower.py-9] [INFO] [1786827230.725700042] [velocity_path_follower]: waypoint 1003 / 5251 도달 (선 이탈 0.01 m)
[velocity_path_follower.py-9] [INFO] [1786827231.075794525] [velocity_path_follower]: waypoint 1004 / 5251 도달 (선 이탈 0.01 m)
[velocity_path_follower.py-9] [INFO] [1786827231.425686832] [velocity_path_follower]: waypoint 1005 / 5251 도달 (선 이탈 0.01 m)
[velocity_path_follower.py-9] [INFO] [1786827231.775601265] [velocity_path_follower]: waypoint 1006 / 5251 도달 (선 이탈 0.01 m)
[velocity_path_follower.py-9] [INFO] [1786827232.125820376] [velocity_path_follower]: waypoint 1007 / 5251 도달 (선 이탈 0.00 m)
[velocity_path_follower.py-9] [INFO] [1786827232.425761859] [velocity_path_follower]: waypoint 1008 / 5251 도달 (선 이탈 0.00 m)
[velocity_path_follower.py-9] [INFO] [1786827232.825690947] [velocity_path_follower]: waypoint 1009 / 5251 도달 (선 이탈 0.00 m)
[velocity_path_follower.py-9] [INFO] [1786827235.352163296] [velocity_path_follower]: 430.0s  wp 1010/5251 이탈1.6m  위치 (  63.03,  -149.41,  10.16)
[velocity_path_follower.py-9] [INFO] [1786827238.010131419] [velocity_path_follower]: waypoint 1010 / 5251 도달 (선 이탈 2.96 m)
[velocity_path_follower.py-9] [INFO] [1786827240.359641814] [velocity_path_follower]: 435.0s  wp 1012/5251 이탈0.3m  위치 (  63.97,  -145.81,   8.12)
[velocity_path_follower.py-9] [INFO] [1786827242.809814677] [velocity_path_follower]: waypoint 1012 / 5251 도달 (선 이탈 1.36 m)
[velocity_path_follower.py-9] [INFO] [1786827243.459801759] [velocity_path_follower]: waypoint 1013 / 5251 도달 (선 이탈 1.44 m)
[velocity_path_follower.py-9] [INFO] [1786827244.059805896] [velocity_path_follower]: waypoint 1014 / 5251 도달 (선 이탈 1.45 m)
[velocity_path_follower.py-9] [INFO] [1786827244.609742081] [velocity_path_follower]: waypoint 1015 / 5251 도달 (선 이탈 1.41 m)
[velocity_path_follower.py-9] [INFO] [1786827245.159974319] [velocity_path_follower]: waypoint 1016 / 5251 도달 (선 이탈 1.32 m)
[velocity_path_follower.py-9] [INFO] [1786827245.359774674] [velocity_path_follower]: 440.0s  wp 1017/5251 이탈1.3m  위치 (  60.19,  -144.82,  11.26)
[velocity_path_follower.py-9] [INFO] [1786827245.710004880] [velocity_path_follower]: waypoint 1017 / 5251 도달 (선 이탈 1.19 m)
[velocity_path_follower.py-9] [INFO] [1786827246.209891864] [velocity_path_follower]: waypoint 1018 / 5251 도달 (선 이탈 1.05 m)
[velocity_path_follower.py-9] [INFO] [1786827246.759700120] [velocity_path_follower]: waypoint 1019 / 5251 도달 (선 이탈 0.88 m)
[velocity_path_follower.py-9] [INFO] [1786827247.260467677] [velocity_path_follower]: waypoint 1020 / 5251 도달 (선 이탈 0.70 m)
[velocity_path_follower.py-9] [INFO] [1786827247.709958530] [velocity_path_follower]: waypoint 1021 / 5251 도달 (선 이탈 0.53 m)
[velocity_path_follower.py-9] [INFO] [1786827248.209957262] [velocity_path_follower]: waypoint 1022 / 5251 도달 (선 이탈 0.34 m)
[velocity_path_follower.py-9] [INFO] [1786827248.659664953] [velocity_path_follower]: waypoint 1023 / 5251 도달 (선 이탈 0.17 m)
[velocity_path_follower.py-9] [INFO] [1786827249.109890665] [velocity_path_follower]: waypoint 1024 / 5251 도달 (선 이탈 0.00 m)
[velocity_path_follower.py-9] [INFO] [1786827249.509891963] [velocity_path_follower]: waypoint 1025 / 5251 도달 (선 이탈 0.13 m)
[velocity_path_follower.py-9] [INFO] [1786827249.959918831] [velocity_path_follower]: waypoint 1026 / 5251 도달 (선 이탈 0.28 m)
[velocity_path_follower.py-9] [INFO] [1786827250.359864583] [velocity_path_follower]: 445.0s  wp 1027/5251 이탈0.4m  위치 (  54.91,  -146.48,  13.68)
[velocity_path_follower.py-9] [INFO] [1786827250.409678936] [velocity_path_follower]: waypoint 1027 / 5251 도달 (선 이탈 0.40 m)
[velocity_path_follower.py-9] [INFO] [1786827250.809794903] [velocity_path_follower]: waypoint 1028 / 5251 도달 (선 이탈 0.49 m)
[velocity_path_follower.py-9] [INFO] [1786827251.209973330] [velocity_path_follower]: waypoint 1029 / 5251 도달 (선 이탈 0.57 m)
[velocity_path_follower.py-9] [INFO] [1786827251.609799866] [velocity_path_follower]: waypoint 1030 / 5251 도달 (선 이탈 0.63 m)
[velocity_path_follower.py-9] [INFO] [1786827252.009841995] [velocity_path_follower]: waypoint 1031 / 5251 도달 (선 이탈 0.67 m)
[velocity_path_follower.py-9] [INFO] [1786827252.409797492] [velocity_path_follower]: waypoint 1032 / 5251 도달 (선 이탈 0.70 m)
[velocity_path_follower.py-9] [INFO] [1786827252.809622818] [velocity_path_follower]: waypoint 1033 / 5251 도달 (선 이탈 0.71 m)
[velocity_path_follower.py-9] [INFO] [1786827253.211640896] [velocity_path_follower]: waypoint 1034 / 5251 도달 (선 이탈 0.71 m)
[velocity_path_follower.py-9] [INFO] [1786827253.609922325] [velocity_path_follower]: waypoint 1035 / 5251 도달 (선 이탈 0.69 m)
[velocity_path_follower.py-9] [INFO] [1786827253.960159889] [velocity_path_follower]: waypoint 1036 / 5251 도달 (선 이탈 0.66 m)
[velocity_path_follower.py-9] [INFO] [1786827254.409853897] [velocity_path_follower]: waypoint 1037 / 5251 도달 (선 이탈 0.61 m)
[velocity_path_follower.py-9] [INFO] [1786827254.759956745] [velocity_path_follower]: waypoint 1038 / 5251 도달 (선 이탈 0.57 m)
[velocity_path_follower.py-9] [INFO] [1786827255.159640184] [velocity_path_follower]: waypoint 1039 / 5251 도달 (선 이탈 0.51 m)
[velocity_path_follower.py-9] [INFO] [1786827255.359664493] [velocity_path_follower]: 450.0s  wp 1040/5251 이탈0.5m  위치 (  48.62,  -146.57,  12.45)
[velocity_path_follower.py-9] [INFO] [1786827255.559975356] [velocity_path_follower]: waypoint 1040 / 5251 도달 (선 이탈 0.44 m)
[velocity_path_follower.py-9] [INFO] [1786827255.909948155] [velocity_path_follower]: waypoint 1041 / 5251 도달 (선 이탈 0.37 m)
[velocity_path_follower.py-9] [INFO] [1786827256.309681343] [velocity_path_follower]: waypoint 1042 / 5251 도달 (선 이탈 0.30 m)
[velocity_path_follower.py-9] [INFO] [1786827256.709817838] [velocity_path_follower]: waypoint 1043 / 5251 도달 (선 이탈 0.22 m)
[velocity_path_follower.py-9] [INFO] [1786827257.059943057] [velocity_path_follower]: waypoint 1044 / 5251 도달 (선 이탈 0.15 m)
[velocity_path_follower.py-9] [INFO] [1786827257.462522521] [velocity_path_follower]: waypoint 1045 / 5251 도달 (선 이탈 0.07 m)
[velocity_path_follower.py-9] [INFO] [1786827257.812508483] [velocity_path_follower]: waypoint 1046 / 5251 도달 (선 이탈 0.00 m)
[velocity_path_follower.py-9] [INFO] [1786827258.212670267] [velocity_path_follower]: waypoint 1047 / 5251 도달 (선 이탈 0.07 m)
[velocity_path_follower.py-9] [INFO] [1786827258.562787941] [velocity_path_follower]: waypoint 1048 / 5251 도달 (선 이탈 0.12 m)
[velocity_path_follower.py-9] [INFO] [1786827258.912846028] [velocity_path_follower]: waypoint 1049 / 5251 도달 (선 이탈 0.18 m)
[velocity_path_follower.py-9] [INFO] [1786827259.262833945] [velocity_path_follower]: waypoint 1050 / 5251 도달 (선 이탈 0.22 m)
[velocity_path_follower.py-9] [INFO] [1786827259.662475913] [velocity_path_follower]: waypoint 1051 / 5251 도달 (선 이탈 0.27 m)
[velocity_path_follower.py-9] [INFO] [1786827260.012547416] [velocity_path_follower]: waypoint 1052 / 5251 도달 (선 이탈 0.30 m)
[velocity_path_follower.py-9] [INFO] [1786827260.362525663] [velocity_path_follower]: 455.0s  wp 1053/5251 이탈0.3m  위치 (  41.90,  -145.77,   8.95)
[velocity_path_follower.py-9] [INFO] [1786827260.414804068] [velocity_path_follower]: waypoint 1053 / 5251 도달 (선 이탈 0.33 m)
[velocity_path_follower.py-9] [INFO] [1786827260.767129075] [velocity_path_follower]: waypoint 1054 / 5251 도달 (선 이탈 0.35 m)
[velocity_path_follower.py-9] [INFO] [1786827261.117287245] [velocity_path_follower]: waypoint 1055 / 5251 도달 (선 이탈 0.36 m)
[velocity_path_follower.py-9] [INFO] [1786827261.467236405] [velocity_path_follower]: waypoint 1056 / 5251 도달 (선 이탈 0.36 m)
[velocity_path_follower.py-9] [INFO] [1786827261.817146564] [velocity_path_follower]: waypoint 1057 / 5251 도달 (선 이탈 0.36 m)
[velocity_path_follower.py-9] [INFO] [1786827262.217665644] [velocity_path_follower]: waypoint 1058 / 5251 도달 (선 이탈 0.35 m)
[velocity_path_follower.py-9] [INFO] [1786827262.567125533] [velocity_path_follower]: waypoint 1059 / 5251 도달 (선 이탈 0.34 m)
[velocity_path_follower.py-9] [INFO] [1786827262.917178112] [velocity_path_follower]: waypoint 1060 / 5251 도달 (선 이탈 0.32 m)
[velocity_path_follower.py-9] [INFO] [1786827263.267182604] [velocity_path_follower]: waypoint 1061 / 5251 도달 (선 이탈 0.29 m)
[velocity_path_follower.py-9] [INFO] [1786827263.617078967] [velocity_path_follower]: waypoint 1062 / 5251 도달 (선 이탈 0.27 m)
[velocity_path_follower.py-9] [INFO] [1786827263.967048874] [velocity_path_follower]: waypoint 1063 / 5251 도달 (선 이탈 0.24 m)
[velocity_path_follower.py-9] [INFO] [1786827264.317223704] [velocity_path_follower]: waypoint 1064 / 5251 도달 (선 이탈 0.20 m)
[velocity_path_follower.py-9] [INFO] [1786827264.717016540] [velocity_path_follower]: waypoint 1065 / 5251 도달 (선 이탈 0.16 m)
[velocity_path_follower.py-9] [INFO] [1786827265.067113992] [velocity_path_follower]: waypoint 1066 / 5251 도달 (선 이탈 0.12 m)
[velocity_path_follower.py-9] [INFO] [1786827265.366896448] [velocity_path_follower]: 460.0s  wp 1067/5251 이탈0.1m  위치 (  34.93,  -146.01,   7.78)
[velocity_path_follower.py-9] [INFO] [1786827265.419892839] [velocity_path_follower]: waypoint 1067 / 5251 도달 (선 이탈 0.09 m)
[velocity_path_follower.py-9] [INFO] [1786827265.769660859] [velocity_path_follower]: waypoint 1068 / 5251 도달 (선 이탈 0.05 m)
[velocity_path_follower.py-9] [INFO] [1786827266.119658220] [velocity_path_follower]: waypoint 1069 / 5251 도달 (선 이탈 0.02 m)
[velocity_path_follower.py-9] [INFO] [1786827266.478693813] [velocity_path_follower]: waypoint 1070 / 5251 도달 (선 이탈 0.02 m)
[velocity_path_follower.py-9] [INFO] [1786827266.830755630] [velocity_path_follower]: waypoint 1071 / 5251 도달 (선 이탈 0.05 m)
[velocity_path_follower.py-9] [INFO] [1786827267.180501354] [velocity_path_follower]: waypoint 1072 / 5251 도달 (선 이탈 0.08 m)
[velocity_path_follower.py-9] [INFO] [1786827267.530472003] [velocity_path_follower]: waypoint 1073 / 5251 도달 (선 이탈 0.11 m)
[velocity_path_follower.py-9] [INFO] [1786827267.880418692] [velocity_path_follower]: waypoint 1074 / 5251 도달 (선 이탈 0.13 m)
[velocity_path_follower.py-9] [INFO] [1786827268.233119864] [velocity_path_follower]: waypoint 1075 / 5251 도달 (선 이탈 0.15 m)
[velocity_path_follower.py-9] [INFO] [1786827268.588366011] [velocity_path_follower]: waypoint 1076 / 5251 도달 (선 이탈 0.16 m)
[velocity_path_follower.py-9] [INFO] [1786827268.938199027] [velocity_path_follower]: waypoint 1077 / 5251 도달 (선 이탈 0.18 m)
[velocity_path_follower.py-9] [INFO] [1786827269.342913964] [velocity_path_follower]: waypoint 1078 / 5251 도달 (선 이탈 0.19 m)
[velocity_path_follower.py-9] [INFO] [1786827269.645443063] [velocity_path_follower]: waypoint 1079 / 5251 도달 (선 이탈 0.19 m)
[velocity_path_follower.py-9] [INFO] [1786827269.995666885] [velocity_path_follower]: waypoint 1080 / 5251 도달 (선 이탈 0.19 m)
[velocity_path_follower.py-9] [INFO] [1786827270.347828697] [velocity_path_follower]: waypoint 1081 / 5251 도달 (선 이탈 0.19 m)
[velocity_path_follower.py-9] [INFO] [1786827270.397533747] [velocity_path_follower]: 465.0s  wp 1082/5251 이탈0.2m  위치 (  27.83,  -146.29,   9.02)
[velocity_path_follower.py-9] [INFO] [1786827270.698184605] [velocity_path_follower]: waypoint 1082 / 5251 도달 (선 이탈 0.19 m)
[velocity_path_follower.py-9] [INFO] [1786827271.048184456] [velocity_path_follower]: waypoint 1083 / 5251 도달 (선 이탈 0.18 m)
[velocity_path_follower.py-9] [INFO] [1786827271.401303596] [velocity_path_follower]: waypoint 1084 / 5251 도달 (선 이탈 0.17 m)
[velocity_path_follower.py-9] [INFO] [1786827271.753168061] [velocity_path_follower]: waypoint 1085 / 5251 도달 (선 이탈 0.16 m)
[velocity_path_follower.py-9] [INFO] [1786827272.158655814] [velocity_path_follower]: waypoint 1086 / 5251 도달 (선 이탈 0.14 m)
[velocity_path_follower.py-9] [INFO] [1786827272.462677426] [velocity_path_follower]: waypoint 1087 / 5251 도달 (선 이탈 0.12 m)
[velocity_path_follower.py-9] [INFO] [1786827272.865033803] [velocity_path_follower]: waypoint 1088 / 5251 도달 (선 이탈 0.10 m)
[velocity_path_follower.py-9] [INFO] [1786827273.164925751] [velocity_path_follower]: waypoint 1089 / 5251 도달 (선 이탈 0.09 m)
[velocity_path_follower.py-9] [INFO] [1786827273.564915407] [velocity_path_follower]: waypoint 1090 / 5251 도달 (선 이탈 0.07 m)
[velocity_path_follower.py-9] [INFO] [1786827273.866927354] [velocity_path_follower]: waypoint 1091 / 5251 도달 (선 이탈 0.05 m)
[velocity_path_follower.py-9] [INFO] [1786827274.217284088] [velocity_path_follower]: waypoint 1092 / 5251 도달 (선 이탈 0.03 m)
[velocity_path_follower.py-9] [INFO] [1786827274.567108674] [velocity_path_follower]: waypoint 1093 / 5251 도달 (선 이탈 0.01 m)
[velocity_path_follower.py-9] [INFO] [1786827274.916987263] [velocity_path_follower]: waypoint 1094 / 5251 도달 (선 이탈 0.01 m)
[velocity_path_follower.py-9] [INFO] [1786827275.266997147] [velocity_path_follower]: waypoint 1095 / 5251 도달 (선 이탈 0.02 m)
[velocity_path_follower.py-9] [INFO] [1786827275.416970995] [velocity_path_follower]: 470.0s  wp 1096/5251 이탈0.0m  위치 (  20.68,  -146.07,   8.50)
[velocity_path_follower.py-9] [INFO] [1786827275.616917485] [velocity_path_follower]: waypoint 1096 / 5251 도달 (선 이탈 0.04 m)
[velocity_path_follower.py-9] [INFO] [1786827275.967495350] [velocity_path_follower]: waypoint 1097 / 5251 도달 (선 이탈 0.05 m)
[velocity_path_follower.py-9] [INFO] [1786827276.316861706] [velocity_path_follower]: waypoint 1098 / 5251 도달 (선 이탈 0.06 m)
[velocity_path_follower.py-9] [INFO] [1786827276.666907922] [velocity_path_follower]: waypoint 1099 / 5251 도달 (선 이탈 0.07 m)
[velocity_path_follower.py-9] [INFO] [1786827277.017153688] [velocity_path_follower]: waypoint 1100 / 5251 도달 (선 이탈 0.08 m)
[velocity_path_follower.py-9] [INFO] [1786827277.366936516] [velocity_path_follower]: waypoint 1101 / 5251 도달 (선 이탈 0.09 m)
[velocity_path_follower.py-9] [INFO] [1786827277.716892685] [velocity_path_follower]: waypoint 1102 / 5251 도달 (선 이탈 0.09 m)
[velocity_path_follower.py-9] [INFO] [1786827278.066844562] [velocity_path_follower]: waypoint 1103 / 5251 도달 (선 이탈 0.10 m)
[velocity_path_follower.py-9] [INFO] [1786827278.419635007] [velocity_path_follower]: waypoint 1104 / 5251 도달 (선 이탈 0.10 m)
[velocity_path_follower.py-9] [INFO] [1786827278.773529413] [velocity_path_follower]: waypoint 1105 / 5251 도달 (선 이탈 0.10 m)
[velocity_path_follower.py-9] [INFO] [1786827279.125905217] [velocity_path_follower]: waypoint 1106 / 5251 도달 (선 이탈 0.09 m)
[velocity_path_follower.py-9] [INFO] [1786827279.475901591] [velocity_path_follower]: waypoint 1107 / 5251 도달 (선 이탈 0.09 m)
[velocity_path_follower.py-9] [INFO] [1786827279.825943635] [velocity_path_follower]: waypoint 1108 / 5251 도달 (선 이탈 0.08 m)
[velocity_path_follower.py-9] [INFO] [1786827280.175932675] [velocity_path_follower]: waypoint 1109 / 5251 도달 (선 이탈 0.08 m)
[velocity_path_follower.py-9] [INFO] [1786827280.425800799] [velocity_path_follower]: 475.0s  wp 1110/5251 이탈0.1m  위치 (  13.49,  -146.03,  10.84)
[velocity_path_follower.py-9] [INFO] [1786827280.525943631] [velocity_path_follower]: waypoint 1110 / 5251 도달 (선 이탈 0.07 m)
[velocity_path_follower.py-9] [INFO] [1786827280.875953505] [velocity_path_follower]: waypoint 1111 / 5251 도달 (선 이탈 0.06 m)
[velocity_path_follower.py-9] [INFO] [1786827281.176113448] [velocity_path_follower]: waypoint 1112 / 5251 도달 (선 이탈 0.05 m)
[velocity_path_follower.py-9] [INFO] [1786827281.576097669] [velocity_path_follower]: waypoint 1113 / 5251 도달 (선 이탈 0.04 m)
[velocity_path_follower.py-9] [INFO] [1786827281.875929641] [velocity_path_follower]: waypoint 1114 / 5251 도달 (선 이탈 0.03 m)
[velocity_path_follower.py-9] [INFO] [1786827282.276004822] [velocity_path_follower]: waypoint 1115 / 5251 도달 (선 이탈 0.02 m)
[velocity_path_follower.py-9] [INFO] [1786827282.575954505] [velocity_path_follower]: waypoint 1116 / 5251 도달 (선 이탈 0.01 m)
[velocity_path_follower.py-9] [INFO] [1786827282.926024210] [velocity_path_follower]: waypoint 1117 / 5251 도달 (선 이탈 0.00 m)
[velocity_path_follower.py-9] [INFO] [1786827283.275990368] [velocity_path_follower]: waypoint 1118 / 5251 도달 (선 이탈 0.00 m)
[velocity_path_follower.py-9] [INFO] [1786827283.626027527] [velocity_path_follower]: waypoint 1119 / 5251 도달 (선 이탈 0.01 m)
[velocity_path_follower.py-9] [INFO] [1786827283.976282238] [velocity_path_follower]: waypoint 1120 / 5251 도달 (선 이탈 0.02 m)
[velocity_path_follower.py-9] [INFO] [1786827284.326052385] [velocity_path_follower]: waypoint 1121 / 5251 도달 (선 이탈 0.03 m)
[velocity_path_follower.py-9] [INFO] [1786827284.678593642] [velocity_path_follower]: waypoint 1122 / 5251 도달 (선 이탈 0.04 m)
[velocity_path_follower.py-9] [INFO] [1786827285.028620882] [velocity_path_follower]: waypoint 1123 / 5251 도달 (선 이탈 0.04 m)
[velocity_path_follower.py-9] [INFO] [1786827285.380897168] [velocity_path_follower]: waypoint 1124 / 5251 도달 (선 이탈 0.05 m)
[velocity_path_follower.py-9] [INFO] [1786827285.430931811] [velocity_path_follower]: 480.0s  wp 1125/5251 이탈0.0m  위치 (   6.26,  -146.15,  12.76)
[velocity_path_follower.py-9] [INFO] [1786827285.735153407] [velocity_path_follower]: waypoint 1125 / 5251 도달 (선 이탈 0.05 m)
[velocity_path_follower.py-9] [INFO] [1786827286.085304317] [velocity_path_follower]: waypoint 1126 / 5251 도달 (선 이탈 0.05 m)
[velocity_path_follower.py-9] [INFO] [1786827286.435269343] [velocity_path_follower]: waypoint 1127 / 5251 도달 (선 이탈 0.05 m)
[velocity_path_follower.py-9] [INFO] [1786827286.785326164] [velocity_path_follower]: waypoint 1128 / 5251 도달 (선 이탈 0.05 m)
[velocity_path_follower.py-9] [INFO] [1786827287.085306841] [velocity_path_follower]: waypoint 1129 / 5251 도달 (선 이탈 0.05 m)
[velocity_path_follower.py-9] [INFO] [1786827287.485148542] [velocity_path_follower]: waypoint 1130 / 5251 도달 (선 이탈 0.05 m)
[velocity_path_follower.py-9] [INFO] [1786827287.787910953] [velocity_path_follower]: waypoint 1131 / 5251 도달 (선 이탈 0.05 m)
[velocity_path_follower.py-9] [INFO] [1786827288.137955479] [velocity_path_follower]: waypoint 1132 / 5251 도달 (선 이탈 0.05 m)
[velocity_path_follower.py-9] [INFO] [1786827288.495352627] [velocity_path_follower]: waypoint 1133 / 5251 도달 (선 이탈 0.04 m)
[velocity_path_follower.py-9] [INFO] [1786827288.850842659] [velocity_path_follower]: waypoint 1134 / 5251 도달 (선 이탈 0.04 m)
[velocity_path_follower.py-9] [INFO] [1786827289.200822180] [velocity_path_follower]: waypoint 1135 / 5251 도달 (선 이탈 0.04 m)
[velocity_path_follower.py-9] [INFO] [1786827289.550693405] [velocity_path_follower]: waypoint 1136 / 5251 도달 (선 이탈 0.03 m)
[velocity_path_follower.py-9] [INFO] [1786827289.900962603] [velocity_path_follower]: waypoint 1137 / 5251 도달 (선 이탈 0.03 m)
[velocity_path_follower.py-9] [INFO] [1786827290.250674612] [velocity_path_follower]: waypoint 1138 / 5251 도달 (선 이탈 0.02 m)
[velocity_path_follower.py-9] [INFO] [1786827290.450540540] [velocity_path_follower]: 485.0s  wp 1139/5251 이탈0.0m  위치 (  -0.91,  -146.12,   8.73)
[velocity_path_follower.py-9] [INFO] [1786827290.600602337] [velocity_path_follower]: waypoint 1139 / 5251 도달 (선 이탈 0.02 m)
[velocity_path_follower.py-9] [INFO] [1786827290.950604398] [velocity_path_follower]: waypoint 1140 / 5251 도달 (선 이탈 0.01 m)
[velocity_path_follower.py-9] [INFO] [1786827291.300798089] [velocity_path_follower]: waypoint 1141 / 5251 도달 (선 이탈 0.01 m)
[velocity_path_follower.py-9] [INFO] [1786827291.652792727] [velocity_path_follower]: waypoint 1142 / 5251 도달 (선 이탈 0.00 m)
[velocity_path_follower.py-9] [INFO] [1786827292.005980537] [velocity_path_follower]: waypoint 1143 / 5251 도달 (선 이탈 0.00 m)
[velocity_path_follower.py-9] [INFO] [1786827292.356366942] [velocity_path_follower]: waypoint 1144 / 5251 도달 (선 이탈 0.01 m)
[velocity_path_follower.py-9] [INFO] [1786827292.705883022] [velocity_path_follower]: waypoint 1145 / 5251 도달 (선 이탈 0.01 m)
[velocity_path_follower.py-9] [INFO] [1786827293.011597248] [velocity_path_follower]: waypoint 1146 / 5251 도달 (선 이탈 0.01 m)
[velocity_path_follower.py-9] [INFO] [1786827293.413631855] [velocity_path_follower]: waypoint 1147 / 5251 도달 (선 이탈 0.02 m)
[velocity_path_follower.py-9] [INFO] [1786827293.716148204] [velocity_path_follower]: waypoint 1148 / 5251 도달 (선 이탈 0.02 m)
[velocity_path_follower.py-9] [INFO] [1786827294.065869581] [velocity_path_follower]: waypoint 1149 / 5251 도달 (선 이탈 0.02 m)
[velocity_path_follower.py-9] [INFO] [1786827294.417802335] [velocity_path_follower]: waypoint 1150 / 5251 도달 (선 이탈 0.02 m)
[velocity_path_follower.py-9] [INFO] [1786827294.767884183] [velocity_path_follower]: waypoint 1151 / 5251 도달 (선 이탈 0.03 m)
[velocity_path_follower.py-9] [INFO] [1786827295.117976072] [velocity_path_follower]: waypoint 1152 / 5251 도달 (선 이탈 0.03 m)
[velocity_path_follower.py-9] [INFO] [1786827295.467961247] [velocity_path_follower]: waypoint 1153 / 5251 도달 (선 이탈 0.03 m)
[velocity_path_follower.py-9] [INFO] [1786827295.517520743] [velocity_path_follower]: 490.1s  wp 1154/5251 이탈0.0m  위치 (  -8.21,  -146.07,   7.61)
[velocity_path_follower.py-9] [INFO] [1786827295.817632410] [velocity_path_follower]: waypoint 1154 / 5251 도달 (선 이탈 0.03 m)
[velocity_path_follower.py-9] [INFO] [1786827296.167839844] [velocity_path_follower]: waypoint 1155 / 5251 도달 (선 이탈 0.02 m)
[velocity_path_follower.py-9] [INFO] [1786827296.520118024] [velocity_path_follower]: waypoint 1156 / 5251 도달 (선 이탈 0.02 m)
[velocity_path_follower.py-9] [INFO] [1786827296.870313664] [velocity_path_follower]: waypoint 1157 / 5251 도달 (선 이탈 0.02 m)
[velocity_path_follower.py-9] [INFO] [1786827297.170258905] [velocity_path_follower]: waypoint 1158 / 5251 도달 (선 이탈 0.02 m)
[velocity_path_follower.py-9] [INFO] [1786827297.580561371] [velocity_path_follower]: waypoint 1159 / 5251 도달 (선 이탈 0.02 m)
[velocity_path_follower.py-9] [INFO] [1786827297.932045476] [velocity_path_follower]: waypoint 1160 / 5251 도달 (선 이탈 0.02 m)
[velocity_path_follower.py-9] [INFO] [1786827298.232127429] [velocity_path_follower]: waypoint 1161 / 5251 도달 (선 이탈 0.01 m)
[velocity_path_follower.py-9] [INFO] [1786827298.631937771] [velocity_path_follower]: waypoint 1162 / 5251 도달 (선 이탈 0.01 m)
[velocity_path_follower.py-9] [INFO] [1786827298.931843091] [velocity_path_follower]: waypoint 1163 / 5251 도달 (선 이탈 0.01 m)
[velocity_path_follower.py-9] [INFO] [1786827299.281862594] [velocity_path_follower]: waypoint 1164 / 5251 도달 (선 이탈 0.01 m)
[velocity_path_follower.py-9] [INFO] [1786827299.631874762] [velocity_path_follower]: waypoint 1165 / 5251 도달 (선 이탈 0.00 m)
[velocity_path_follower.py-9] [INFO] [1786827299.982082397] [velocity_path_follower]: waypoint 1166 / 5251 도달 (선 이탈 0.00 m)
[velocity_path_follower.py-9] [INFO] [1786827300.332006602] [velocity_path_follower]: waypoint 1167 / 5251 도달 (선 이탈 0.00 m)
[velocity_path_follower.py-9] [INFO] [1786827300.481887924] [velocity_path_follower]: 495.0s  wp 1168/5251 이탈0.0m  위치 ( -15.36,  -146.10,   9.86)
[velocity_path_follower.py-9] [INFO] [1786827300.682602125] [velocity_path_follower]: waypoint 1168 / 5251 도달 (선 이탈 0.00 m)
[velocity_path_follower.py-9] [INFO] [1786827301.031825385] [velocity_path_follower]: waypoint 1169 / 5251 도달 (선 이탈 0.01 m)
[velocity_path_follower.py-9] [INFO] [1786827301.381764255] [velocity_path_follower]: waypoint 1170 / 5251 도달 (선 이탈 0.01 m)
[velocity_path_follower.py-9] [INFO] [1786827301.731977844] [velocity_path_follower]: waypoint 1171 / 5251 도달 (선 이탈 0.01 m)
[velocity_path_follower.py-9] [INFO] [1786827302.081882171] [velocity_path_follower]: waypoint 1172 / 5251 도달 (선 이탈 0.01 m)
[velocity_path_follower.py-9] [INFO] [1786827302.432226430] [velocity_path_follower]: waypoint 1173 / 5251 도달 (선 이탈 0.01 m)
[velocity_path_follower.py-9] [INFO] [1786827302.781852994] [velocity_path_follower]: waypoint 1174 / 5251 도달 (선 이탈 0.01 m)
[velocity_path_follower.py-9] [INFO] [1786827303.082058985] [velocity_path_follower]: waypoint 1175 / 5251 도달 (선 이탈 0.01 m)
[velocity_path_follower.py-9] [INFO] [1786827303.431696423] [velocity_path_follower]: waypoint 1176 / 5251 도달 (선 이탈 0.01 m)
[velocity_path_follower.py-9] [INFO] [1786827303.832207906] [velocity_path_follower]: waypoint 1177 / 5251 도달 (선 이탈 0.02 m)
[velocity_path_follower.py-9] [INFO] [1786827304.131781246] [velocity_path_follower]: waypoint 1178 / 5251 도달 (선 이탈 0.01 m)
[velocity_path_follower.py-9] [INFO] [1786827304.481939077] [velocity_path_follower]: waypoint 1179 / 5251 도달 (선 이탈 0.01 m)
[velocity_path_follower.py-9] [INFO] [1786827304.831942152] [velocity_path_follower]: waypoint 1180 / 5251 도달 (선 이탈 0.01 m)
[velocity_path_follower.py-9] [INFO] [1786827305.183988556] [velocity_path_follower]: waypoint 1181 / 5251 도달 (선 이탈 0.01 m)
[velocity_path_follower.py-9] [INFO] [1786827305.483856905] [velocity_path_follower]: 500.0s  wp 1182/5251 이탈0.0m  위치 ( -22.55,  -146.11,   6.47)
[velocity_path_follower.py-9] [INFO] [1786827308.893823808] [velocity_path_follower]: waypoint 1182 / 5251 도달 (선 이탈 0.00 m)
[velocity_path_follower.py-9] [INFO] [1786827308.944022826] [velocity_path_follower]: waypoint 1183 / 5251 도달 (선 이탈 0.00 m)
[velocity_path_follower.py-9] [INFO] [1786827308.993933832] [velocity_path_follower]: waypoint 1184 / 5251 도달 (선 이탈 0.00 m)
[velocity_path_follower.py-9] [INFO] [1786827309.043943466] [velocity_path_follower]: waypoint 1185 / 5251 도달 (선 이탈 0.00 m)
[velocity_path_follower.py-9] [INFO] [1786827309.093801470] [velocity_path_follower]: waypoint 1186 / 5251 도달 (선 이탈 0.00 m)
[velocity_path_follower.py-9] [INFO] [1786827309.143853440] [velocity_path_follower]: waypoint 1187 / 5251 도달 (선 이탈 0.00 m)
[velocity_path_follower.py-9] [INFO] [1786827309.193945036] [velocity_path_follower]: waypoint 1188 / 5251 도달 (선 이탈 0.00 m)
[velocity_path_follower.py-9] [INFO] [1786827309.243935712] [velocity_path_follower]: waypoint 1189 / 5251 도달 (선 이탈 0.00 m)
[velocity_path_follower.py-9] [INFO] [1786827309.294027266] [velocity_path_follower]: waypoint 1190 / 5251 도달 (선 이탈 0.00 m)
[velocity_path_follower.py-9] [INFO] [1786827310.043668100] [velocity_path_follower]: waypoint 1191 / 5251 도달 (선 이탈 0.00 m)
[velocity_path_follower.py-9] [INFO] [1786827310.493644472] [velocity_path_follower]: 505.0s  wp 1192/5251 이탈0.0m  위치 ( -27.49,  -146.10,   7.32)
[velocity_path_follower.py-9] [INFO] [1786827310.643687376] [velocity_path_follower]: waypoint 1192 / 5251 도달 (선 이탈 0.00 m)
[velocity_path_follower.py-9] [INFO] [1786827311.243681399] [velocity_path_follower]: waypoint 1193 / 5251 도달 (선 이탈 0.00 m)
[velocity_path_follower.py-9] [INFO] [1786827311.743974248] [velocity_path_follower]: waypoint 1194 / 5251 도달 (선 이탈 0.00 m)
[velocity_path_follower.py-9] [INFO] [1786827312.293808253] [velocity_path_follower]: waypoint 1195 / 5251 도달 (선 이탈 0.00 m)
[velocity_path_follower.py-9] [INFO] [1786827312.794141309] [velocity_path_follower]: waypoint 1196 / 5251 도달 (선 이탈 0.00 m)
[velocity_path_follower.py-9] [INFO] [1786827313.243960502] [velocity_path_follower]: waypoint 1197 / 5251 도달 (선 이탈 0.00 m)
[velocity_path_follower.py-9] [INFO] [1786827313.743964084] [velocity_path_follower]: waypoint 1198 / 5251 도달 (선 이탈 0.00 m)
[velocity_path_follower.py-9] [INFO] [1786827314.143919814] [velocity_path_follower]: waypoint 1199 / 5251 도달 (선 이탈 0.00 m)
[velocity_path_follower.py-9] [INFO] [1786827314.593844008] [velocity_path_follower]: waypoint 1200 / 5251 도달 (선 이탈 0.00 m)
[velocity_path_follower.py-9] [INFO] [1786827315.043920624] [velocity_path_follower]: waypoint 1201 / 5251 도달 (선 이탈 0.00 m)
[velocity_path_follower.py-9] [INFO] [1786827315.443913185] [velocity_path_follower]: waypoint 1202 / 5251 도달 (선 이탈 0.00 m)
[velocity_path_follower.py-9] [INFO] [1786827315.493662182] [velocity_path_follower]: 510.0s  wp 1203/5251 이탈0.0m  위치 ( -32.66,  -146.10,   7.86)
[velocity_path_follower.py-9] [INFO] [1786827315.893901170] [velocity_path_follower]: waypoint 1203 / 5251 도달 (선 이탈 0.00 m)
[velocity_path_follower.py-9] [INFO] [1786827316.293682763] [velocity_path_follower]: waypoint 1204 / 5251 도달 (선 이탈 0.00 m)
[velocity_path_follower.py-9] [INFO] [1786827316.693961583] [velocity_path_follower]: waypoint 1205 / 5251 도달 (선 이탈 0.00 m)
[velocity_path_follower.py-9] [INFO] [1786827317.093799885] [velocity_path_follower]: waypoint 1206 / 5251 도달 (선 이탈 0.00 m)
[velocity_path_follower.py-9] [INFO] [1786827317.493819359] [velocity_path_follower]: waypoint 1207 / 5251 도달 (선 이탈 0.00 m)
[velocity_path_follower.py-9] [INFO] [1786827317.893946088] [velocity_path_follower]: waypoint 1208 / 5251 도달 (선 이탈 0.00 m)
[velocity_path_follower.py-9] [INFO] [1786827318.243694293] [velocity_path_follower]: waypoint 1209 / 5251 도달 (선 이탈 0.00 m)
[velocity_path_follower.py-9] [INFO] [1786827318.644062404] [velocity_path_follower]: waypoint 1210 / 5251 도달 (선 이탈 0.00 m)
[velocity_path_follower.py-9] [INFO] [1786827319.044015165] [velocity_path_follower]: waypoint 1211 / 5251 도달 (선 이탈 0.00 m)
[velocity_path_follower.py-9] [INFO] [1786827320.496121228] [velocity_path_follower]: 515.0s  wp 1212/5251 이탈0.4m  위치 ( -38.96,  -145.88,   6.65)
[velocity_path_follower.py-9] [INFO] [1786827324.050846077] [velocity_path_follower]: waypoint 1212 / 5251 도달 (선 이탈 2.60 m)
[velocity_path_follower.py-9] [INFO] [1786827325.503859303] [velocity_path_follower]: 520.0s  wp 1214/5251 이탈0.4m  위치 ( -41.16,  -142.45,   6.76)
[velocity_path_follower.py-9] [INFO] [1786827328.711265551] [velocity_path_follower]: waypoint 1214 / 5251 도달 (선 이탈 1.35 m)
[velocity_path_follower.py-9] [INFO] [1786827329.366053999] [velocity_path_follower]: waypoint 1215 / 5251 도달 (선 이탈 1.46 m)
[velocity_path_follower.py-9] [INFO] [1786827330.015322771] [velocity_path_follower]: waypoint 1216 / 5251 도달 (선 이탈 1.49 m)
[velocity_path_follower.py-9] [INFO] [1786827330.515416769] [velocity_path_follower]: 525.0s  wp 1217/5251 이탈1.5m  위치 ( -38.18,  -140.63,   7.18)
[velocity_path_follower.py-9] [INFO] [1786827330.615457903] [velocity_path_follower]: waypoint 1217 / 5251 도달 (선 이탈 1.46 m)
[velocity_path_follower.py-9] [INFO] [1786827331.218290515] [velocity_path_follower]: waypoint 1218 / 5251 도달 (선 이탈 1.37 m)
[velocity_path_follower.py-9] [INFO] [1786827331.768353513] [velocity_path_follower]: waypoint 1219 / 5251 도달 (선 이탈 1.25 m)
[velocity_path_follower.py-9] [INFO] [1786827332.318214043] [velocity_path_follower]: waypoint 1220 / 5251 도달 (선 이탈 1.10 m)
[velocity_path_follower.py-9] [INFO] [1786827332.818325703] [velocity_path_follower]: waypoint 1221 / 5251 도달 (선 이탈 0.93 m)
[velocity_path_follower.py-9] [INFO] [1786827333.368107018] [velocity_path_follower]: waypoint 1222 / 5251 도달 (선 이탈 0.73 m)
[velocity_path_follower.py-9] [INFO] [1786827333.868172049] [velocity_path_follower]: waypoint 1223 / 5251 도달 (선 이탈 0.54 m)
[velocity_path_follower.py-9] [INFO] [1786827334.368154700] [velocity_path_follower]: waypoint 1224 / 5251 도달 (선 이탈 0.35 m)
[velocity_path_follower.py-9] [INFO] [1786827334.818388899] [velocity_path_follower]: waypoint 1225 / 5251 도달 (선 이탈 0.17 m)
[velocity_path_follower.py-9] [INFO] [1786827335.268155786] [velocity_path_follower]: waypoint 1226 / 5251 도달 (선 이탈 0.01 m)
[velocity_path_follower.py-9] [INFO] [1786827335.518289553] [velocity_path_follower]: 530.0s  wp 1227/5251 이탈0.1m  위치 ( -33.27,  -142.18,   6.91)
[velocity_path_follower.py-9] [INFO] [1786827335.718078888] [velocity_path_follower]: waypoint 1227 / 5251 도달 (선 이탈 0.14 m)
[velocity_path_follower.py-9] [INFO] [1786827336.168241914] [velocity_path_follower]: waypoint 1228 / 5251 도달 (선 이탈 0.29 m)
[velocity_path_follower.py-9] [INFO] [1786827336.568148802] [velocity_path_follower]: waypoint 1229 / 5251 도달 (선 이탈 0.40 m)
[velocity_path_follower.py-9] [INFO] [1786827336.968267323] [velocity_path_follower]: waypoint 1230 / 5251 도달 (선 이탈 0.49 m)
[velocity_path_follower.py-9] [INFO] [1786827337.418370801] [velocity_path_follower]: waypoint 1231 / 5251 도달 (선 이탈 0.58 m)
[velocity_path_follower.py-9] [INFO] [1786827337.818166516] [velocity_path_follower]: waypoint 1232 / 5251 도달 (선 이탈 0.64 m)
[velocity_path_follower.py-9] [INFO] [1786827338.218156737] [velocity_path_follower]: waypoint 1233 / 5251 도달 (선 이탈 0.68 m)
[velocity_path_follower.py-9] [INFO] [1786827338.618091330] [velocity_path_follower]: waypoint 1234 / 5251 도달 (선 이탈 0.70 m)
[velocity_path_follower.py-9] [INFO] [1786827339.018224681] [velocity_path_follower]: waypoint 1235 / 5251 도달 (선 이탈 0.71 m)
[velocity_path_follower.py-9] [INFO] [1786827339.420475112] [velocity_path_follower]: waypoint 1236 / 5251 도달 (선 이탈 0.71 m)
[velocity_path_follower.py-9] [INFO] [1786827339.820446371] [velocity_path_follower]: waypoint 1237 / 5251 도달 (선 이탈 0.69 m)
[velocity_path_follower.py-9] [INFO] [1786827340.220591844] [velocity_path_follower]: waypoint 1238 / 5251 도달 (선 이탈 0.65 m)
[velocity_path_follower.py-9] [INFO] [1786827340.522877940] [velocity_path_follower]: 535.0s  wp 1239/5251 이탈0.6m  위치 ( -27.17,  -142.72,   6.69)
[velocity_path_follower.py-9] [INFO] [1786827340.572940485] [velocity_path_follower]: waypoint 1239 / 5251 도달 (선 이탈 0.61 m)
[velocity_path_follower.py-9] [INFO] [1786827340.973058956] [velocity_path_follower]: waypoint 1240 / 5251 도달 (선 이탈 0.56 m)
[velocity_path_follower.py-9] [INFO] [1786827341.375433305] [velocity_path_follower]: waypoint 1241 / 5251 도달 (선 이탈 0.49 m)
[velocity_path_follower.py-9] [INFO] [1786827341.775228803] [velocity_path_follower]: waypoint 1242 / 5251 도달 (선 이탈 0.42 m)
[velocity_path_follower.py-9] [INFO] [1786827342.175404982] [velocity_path_follower]: waypoint 1243 / 5251 도달 (선 이탈 0.35 m)
[velocity_path_follower.py-9] [INFO] [1786827342.527341269] [velocity_path_follower]: waypoint 1244 / 5251 도달 (선 이탈 0.28 m)
[velocity_path_follower.py-9] [INFO] [1786827342.927539156] [velocity_path_follower]: waypoint 1245 / 5251 도달 (선 이탈 0.20 m)
[velocity_path_follower.py-9] [INFO] [1786827343.277382277] [velocity_path_follower]: waypoint 1246 / 5251 도달 (선 이탈 0.13 m)
[velocity_path_follower.py-9] [INFO] [1786827343.627647747] [velocity_path_follower]: waypoint 1247 / 5251 도달 (선 이탈 0.06 m)
[velocity_path_follower.py-9] [INFO] [1786827344.030431150] [velocity_path_follower]: waypoint 1248 / 5251 도달 (선 이탈 0.01 m)
[velocity_path_follower.py-9] [INFO] [1786827344.380375314] [velocity_path_follower]: waypoint 1249 / 5251 도달 (선 이탈 0.08 m)
[velocity_path_follower.py-9] [INFO] [1786827344.780758704] [velocity_path_follower]: waypoint 1250 / 5251 도달 (선 이탈 0.14 m)
[velocity_path_follower.py-9] [INFO] [1786827345.132667444] [velocity_path_follower]: waypoint 1251 / 5251 도달 (선 이탈 0.19 m)
[velocity_path_follower.py-9] [INFO] [1786827345.532690943] [velocity_path_follower]: waypoint 1252 / 5251 도달 (선 이탈 0.24 m)
[velocity_path_follower.py-9] [INFO] [1786827345.582807864] [velocity_path_follower]: 540.1s  wp 1253/5251 이탈0.3m  위치 ( -20.46,  -141.85,   6.79)
[velocity_path_follower.py-9] [INFO] [1786827345.883059997] [velocity_path_follower]: waypoint 1253 / 5251 도달 (선 이탈 0.28 m)
[velocity_path_follower.py-9] [INFO] [1786827346.232956240] [velocity_path_follower]: waypoint 1254 / 5251 도달 (선 이탈 0.31 m)
[velocity_path_follower.py-9] [INFO] [1786827346.582771354] [velocity_path_follower]: waypoint 1255 / 5251 도달 (선 이탈 0.34 m)
[velocity_path_follower.py-9] [INFO] [1786827346.982913146] [velocity_path_follower]: waypoint 1256 / 5251 도달 (선 이탈 0.36 m)
[velocity_path_follower.py-9] [INFO] [1786827347.332808762] [velocity_path_follower]: waypoint 1257 / 5251 도달 (선 이탈 0.37 m)
[velocity_path_follower.py-9] [INFO] [1786827347.682633749] [velocity_path_follower]: waypoint 1258 / 5251 도달 (선 이탈 0.37 m)
[velocity_path_follower.py-9] [INFO] [1786827348.032960256] [velocity_path_follower]: waypoint 1259 / 5251 도달 (선 이탈 0.36 m)
[velocity_path_follower.py-9] [INFO] [1786827348.382666279] [velocity_path_follower]: waypoint 1260 / 5251 도달 (선 이탈 0.35 m)
[velocity_path_follower.py-9] [INFO] [1786827348.732939783] [velocity_path_follower]: waypoint 1261 / 5251 도달 (선 이탈 0.34 m)
[velocity_path_follower.py-9] [INFO] [1786827349.134671091] [velocity_path_follower]: waypoint 1262 / 5251 도달 (선 이탈 0.31 m)
[velocity_path_follower.py-9] [INFO] [1786827349.486830000] [velocity_path_follower]: waypoint 1263 / 5251 도달 (선 이탈 0.29 m)
[velocity_path_follower.py-9] [INFO] [1786827349.839064953] [velocity_path_follower]: waypoint 1264 / 5251 도달 (선 이탈 0.26 m)
[velocity_path_follower.py-9] [INFO] [1786827350.189129904] [velocity_path_follower]: waypoint 1265 / 5251 도달 (선 이탈 0.23 m)
[velocity_path_follower.py-9] [INFO] [1786827350.538848757] [velocity_path_follower]: 545.0s  wp 1266/5251 이탈0.2m  위치 ( -13.61,  -141.91,   7.79)
[velocity_path_follower.py-9] [INFO] [1786827350.589084056] [velocity_path_follower]: waypoint 1266 / 5251 도달 (선 이탈 0.19 m)
[velocity_path_follower.py-9] [INFO] [1786827350.938826493] [velocity_path_follower]: waypoint 1267 / 5251 도달 (선 이탈 0.15 m)
[velocity_path_follower.py-9] [INFO] [1786827351.291273285] [velocity_path_follower]: waypoint 1268 / 5251 도달 (선 이탈 0.11 m)
[velocity_path_follower.py-9] [INFO] [1786827351.641011054] [velocity_path_follower]: waypoint 1269 / 5251 도달 (선 이탈 0.08 m)
[velocity_path_follower.py-9] [INFO] [1786827351.990974498] [velocity_path_follower]: waypoint 1270 / 5251 도달 (선 이탈 0.04 m)
[velocity_path_follower.py-9] [INFO] [1786827352.341149574] [velocity_path_follower]: waypoint 1271 / 5251 도달 (선 이탈 0.01 m)
[velocity_path_follower.py-9] [INFO] [1786827352.691085348] [velocity_path_follower]: waypoint 1272 / 5251 도달 (선 이탈 0.03 m)
[velocity_path_follower.py-9] [INFO] [1786827353.040994288] [velocity_path_follower]: waypoint 1273 / 5251 도달 (선 이탈 0.06 m)
[velocity_path_follower.py-9] [INFO] [1786827353.391048524] [velocity_path_follower]: waypoint 1274 / 5251 도달 (선 이탈 0.09 m)
[velocity_path_follower.py-9] [INFO] [1786827353.741079092] [velocity_path_follower]: waypoint 1275 / 5251 도달 (선 이탈 0.11 m)
[velocity_path_follower.py-9] [INFO] [1786827354.092997692] [velocity_path_follower]: waypoint 1276 / 5251 도달 (선 이탈 0.14 m)
[velocity_path_follower.py-9] [INFO] [1786827354.443140055] [velocity_path_follower]: waypoint 1277 / 5251 도달 (선 이탈 0.16 m)
[velocity_path_follower.py-9] [INFO] [1786827354.793166538] [velocity_path_follower]: waypoint 1278 / 5251 도달 (선 이탈 0.17 m)
[velocity_path_follower.py-9] [INFO] [1786827355.193152474] [velocity_path_follower]: waypoint 1279 / 5251 도달 (선 이탈 0.18 m)
[velocity_path_follower.py-9] [INFO] [1786827355.493038911] [velocity_path_follower]: waypoint 1280 / 5251 도달 (선 이탈 0.19 m)
[velocity_path_follower.py-9] [INFO] [1786827355.543093285] [velocity_path_follower]: 550.0s  wp 1281/5251 이탈0.2m  위치 (  -6.53,  -142.29,  10.77)
[velocity_path_follower.py-9] [INFO] [1786827355.893123100] [velocity_path_follower]: waypoint 1281 / 5251 도달 (선 이탈 0.19 m)
[velocity_path_follower.py-9] [INFO] [1786827356.193136665] [velocity_path_follower]: waypoint 1282 / 5251 도달 (선 이탈 0.19 m)
[velocity_path_follower.py-9] [INFO] [1786827356.593208894] [velocity_path_follower]: waypoint 1283 / 5251 도달 (선 이탈 0.19 m)
[velocity_path_follower.py-9] [INFO] [1786827356.893082703] [velocity_path_follower]: waypoint 1284 / 5251 도달 (선 이탈 0.19 m)
[velocity_path_follower.py-9] [INFO] [1786827357.293120595] [velocity_path_follower]: waypoint 1285 / 5251 도달 (선 이탈 0.18 m)
[velocity_path_follower.py-9] [INFO] [1786827357.593098200] [velocity_path_follower]: waypoint 1286 / 5251 도달 (선 이탈 0.17 m)
[velocity_path_follower.py-9] [INFO] [1786827357.993134049] [velocity_path_follower]: waypoint 1287 / 5251 도달 (선 이탈 0.15 m)
[velocity_path_follower.py-9] [INFO] [1786827358.293132153] [velocity_path_follower]: waypoint 1288 / 5251 도달 (선 이탈 0.14 m)
[velocity_path_follower.py-9] [INFO] [1786827358.697768430] [velocity_path_follower]: waypoint 1289 / 5251 도달 (선 이탈 0.12 m)
[velocity_path_follower.py-9] [INFO] [1786827358.999972995] [velocity_path_follower]: waypoint 1290 / 5251 도달 (선 이탈 0.10 m)
[velocity_path_follower.py-9] [INFO] [1786827359.399612367] [velocity_path_follower]: waypoint 1291 / 5251 도달 (선 이탈 0.08 m)
[velocity_path_follower.py-9] [INFO] [1786827359.699700889] [velocity_path_follower]: waypoint 1292 / 5251 도달 (선 이탈 0.06 m)
[velocity_path_follower.py-9] [INFO] [1786827360.086490550] [velocity_path_follower]: waypoint 1293 / 5251 도달 (선 이탈 0.04 m)
[velocity_path_follower.py-9] [INFO] [1786827360.439110998] [velocity_path_follower]: waypoint 1294 / 5251 도달 (선 이탈 0.03 m)
[velocity_path_follower.py-9] [INFO] [1786827360.588466878] [velocity_path_follower]: 555.0s  wp 1295/5251 이탈0.0m  위치 (   0.61,  -142.12,   9.57)
[velocity_path_follower.py-9] [INFO] [1786827360.788640535] [velocity_path_follower]: waypoint 1295 / 5251 도달 (선 이탈 0.01 m)
[velocity_path_follower.py-9] [INFO] [1786827361.145901956] [velocity_path_follower]: waypoint 1296 / 5251 도달 (선 이탈 0.01 m)
[velocity_path_follower.py-9] [INFO] [1786827361.495884633] [velocity_path_follower]: waypoint 1297 / 5251 도달 (선 이탈 0.03 m)
[velocity_path_follower.py-9] [INFO] [1786827361.847875930] [velocity_path_follower]: waypoint 1298 / 5251 도달 (선 이탈 0.04 m)
[velocity_path_follower.py-9] [INFO] [1786827362.198059698] [velocity_path_follower]: waypoint 1299 / 5251 도달 (선 이탈 0.06 m)
[velocity_path_follower.py-9] [INFO] [1786827362.550093745] [velocity_path_follower]: waypoint 1300 / 5251 도달 (선 이탈 0.07 m)
[velocity_path_follower.py-9] [INFO] [1786827362.900010668] [velocity_path_follower]: waypoint 1301 / 5251 도달 (선 이탈 0.08 m)
[velocity_path_follower.py-9] [INFO] [1786827363.255423888] [velocity_path_follower]: waypoint 1302 / 5251 도달 (선 이탈 0.09 m)
[velocity_path_follower.py-9] [INFO] [1786827363.607838865] [velocity_path_follower]: waypoint 1303 / 5251 도달 (선 이탈 0.09 m)
[velocity_path_follower.py-9] [INFO] [1786827363.957790288] [velocity_path_follower]: waypoint 1304 / 5251 도달 (선 이탈 0.10 m)
[velocity_path_follower.py-9] [INFO] [1786827364.309874542] [velocity_path_follower]: waypoint 1305 / 5251 도달 (선 이탈 0.10 m)
[velocity_path_follower.py-9] [INFO] [1786827364.661990714] [velocity_path_follower]: waypoint 1306 / 5251 도달 (선 이탈 0.10 m)
[velocity_path_follower.py-9] [INFO] [1786827365.011990054] [velocity_path_follower]: waypoint 1307 / 5251 도달 (선 이탈 0.10 m)
[velocity_path_follower.py-9] [INFO] [1786827365.361833218] [velocity_path_follower]: waypoint 1308 / 5251 도달 (선 이탈 0.10 m)
[velocity_path_follower.py-9] [INFO] [1786827365.611843400] [velocity_path_follower]: 560.0s  wp 1309/5251 이탈0.1m  위치 (   7.79,  -142.01,   8.66)
[velocity_path_follower.py-9] [INFO] [1786827365.711871849] [velocity_path_follower]: waypoint 1309 / 5251 도달 (선 이탈 0.09 m)
[velocity_path_follower.py-9] [INFO] [1786827366.062053444] [velocity_path_follower]: waypoint 1310 / 5251 도달 (선 이탈 0.09 m)
[velocity_path_follower.py-9] [INFO] [1786827366.412000611] [velocity_path_follower]: waypoint 1311 / 5251 도달 (선 이탈 0.08 m)
[velocity_path_follower.py-9] [INFO] [1786827366.761771146] [velocity_path_follower]: waypoint 1312 / 5251 도달 (선 이탈 0.07 m)
[velocity_path_follower.py-9] [INFO] [1786827367.111891903] [velocity_path_follower]: waypoint 1313 / 5251 도달 (선 이탈 0.06 m)
[velocity_path_follower.py-9] [INFO] [1786827367.462051368] [velocity_path_follower]: waypoint 1314 / 5251 도달 (선 이탈 0.05 m)
[velocity_path_follower.py-9] [INFO] [1786827367.762159463] [velocity_path_follower]: waypoint 1315 / 5251 도달 (선 이탈 0.04 m)
[velocity_path_follower.py-9] [INFO] [1786827368.112084752] [velocity_path_follower]: waypoint 1316 / 5251 도달 (선 이탈 0.03 m)
[velocity_path_follower.py-9] [INFO] [1786827368.461912994] [velocity_path_follower]: waypoint 1317 / 5251 도달 (선 이탈 0.02 m)
[velocity_path_follower.py-9] [INFO] [1786827368.861929363] [velocity_path_follower]: waypoint 1318 / 5251 도달 (선 이탈 0.01 m)
[velocity_path_follower.py-9] [INFO] [1786827369.162042622] [velocity_path_follower]: waypoint 1319 / 5251 도달 (선 이탈 0.00 m)
[velocity_path_follower.py-9] [INFO] [1786827369.511694189] [velocity_path_follower]: waypoint 1320 / 5251 도달 (선 이탈 0.01 m)
[velocity_path_follower.py-9] [INFO] [1786827369.862017657] [velocity_path_follower]: waypoint 1321 / 5251 도달 (선 이탈 0.01 m)
[velocity_path_follower.py-9] [INFO] [1786827370.211913900] [velocity_path_follower]: waypoint 1322 / 5251 도달 (선 이탈 0.02 m)
[velocity_path_follower.py-9] [INFO] [1786827370.562096152] [velocity_path_follower]: waypoint 1323 / 5251 도달 (선 이탈 0.03 m)
[velocity_path_follower.py-9] [INFO] [1786827370.611564125] [velocity_path_follower]: 565.0s  wp 1324/5251 이탈0.0m  위치 (  14.99,  -142.13,  10.62)
[velocity_path_follower.py-9] [INFO] [1786827370.916035469] [velocity_path_follower]: waypoint 1324 / 5251 도달 (선 이탈 0.03 m)
[velocity_path_follower.py-9] [INFO] [1786827371.265845372] [velocity_path_follower]: waypoint 1325 / 5251 도달 (선 이탈 0.04 m)
[velocity_path_follower.py-9] [INFO] [1786827371.615929786] [velocity_path_follower]: waypoint 1326 / 5251 도달 (선 이탈 0.04 m)
[velocity_path_follower.py-9] [INFO] [1786827371.968815059] [velocity_path_follower]: waypoint 1327 / 5251 도달 (선 이탈 0.05 m)
[velocity_path_follower.py-9] [INFO] [1786827372.319018810] [velocity_path_follower]: waypoint 1328 / 5251 도달 (선 이탈 0.05 m)
[velocity_path_follower.py-9] [INFO] [1786827372.669150141] [velocity_path_follower]: waypoint 1329 / 5251 도달 (선 이탈 0.05 m)
[velocity_path_follower.py-9] [INFO] [1786827373.018851163] [velocity_path_follower]: waypoint 1330 / 5251 도달 (선 이탈 0.05 m)
[velocity_path_follower.py-9] [INFO] [1786827373.369239669] [velocity_path_follower]: waypoint 1331 / 5251 도달 (선 이탈 0.05 m)
[velocity_path_follower.py-9] [INFO] [1786827373.668901862] [velocity_path_follower]: waypoint 1332 / 5251 도달 (선 이탈 0.05 m)
[velocity_path_follower.py-9] [INFO] [1786827374.068985848] [velocity_path_follower]: waypoint 1333 / 5251 도달 (선 이탈 0.05 m)
[velocity_path_follower.py-9] [INFO] [1786827374.368882465] [velocity_path_follower]: waypoint 1334 / 5251 도달 (선 이탈 0.04 m)
[velocity_path_follower.py-9] [INFO] [1786827374.719111671] [velocity_path_follower]: waypoint 1335 / 5251 도달 (선 이탈 0.04 m)
[velocity_path_follower.py-9] [INFO] [1786827375.070977691] [velocity_path_follower]: waypoint 1336 / 5251 도달 (선 이탈 0.04 m)
[ros2-8] [INFO] [1786827375.260468958] [rosbag2_cpp]: Writing remaining messages from cache to the bag. It may take a while
[velocity_path_follower.py-9] [INFO] [1786827375.421007138] [velocity_path_follower]: waypoint 1337 / 5251 도달 (선 이탈 0.03 m)
[velocity_path_follower.py-9] [INFO] [1786827375.620833683] [velocity_path_follower]: 570.0s  wp 1338/5251 이탈0.0m  위치 (  22.20,  -142.13,  11.59)
[velocity_path_follower.py-9] [INFO] [1786827375.771104795] [velocity_path_follower]: waypoint 1338 / 5251 도달 (선 이탈 0.03 m)
[velocity_path_follower.py-9] [INFO] [1786827376.120986486] [velocity_path_follower]: waypoint 1339 / 5251 도달 (선 이탈 0.02 m)
[velocity_path_follower.py-9] [INFO] [1786827376.471158728] [velocity_path_follower]: waypoint 1340 / 5251 도달 (선 이탈 0.02 m)
[velocity_path_follower.py-9] [INFO] [1786827376.823600434] [velocity_path_follower]: waypoint 1341 / 5251 도달 (선 이탈 0.01 m)
[velocity_path_follower.py-9] [INFO] [1786827377.174065228] [velocity_path_follower]: waypoint 1342 / 5251 도달 (선 이탈 0.01 m)
[velocity_path_follower.py-9] [INFO] [1786827377.523939332] [velocity_path_follower]: waypoint 1343 / 5251 도달 (선 이탈 0.00 m)
[velocity_path_follower.py-9] [INFO] [1786827377.876145277] [velocity_path_follower]: waypoint 1344 / 5251 도달 (선 이탈 0.00 m)
[velocity_path_follower.py-9] [INFO] [1786827378.226132634] [velocity_path_follower]: waypoint 1345 / 5251 도달 (선 이탈 0.01 m)
[velocity_path_follower.py-9] [INFO] [1786827378.575682932] [velocity_path_follower]: waypoint 1346 / 5251 도달 (선 이탈 0.01 m)
[velocity_path_follower.py-9] [INFO] [1786827378.926008093] [velocity_path_follower]: waypoint 1347 / 5251 도달 (선 이탈 0.02 m)
[velocity_path_follower.py-9] [INFO] [1786827379.279900601] [velocity_path_follower]: waypoint 1348 / 5251 도달 (선 이탈 0.02 m)
[velocity_path_follower.py-9] [INFO] [1786827379.580013469] [velocity_path_follower]: waypoint 1349 / 5251 도달 (선 이탈 0.02 m)
[velocity_path_follower.py-9] [INFO] [1786827379.929978115] [velocity_path_follower]: waypoint 1350 / 5251 도달 (선 이탈 0.02 m)
[velocity_path_follower.py-9] [INFO] [1786827380.280087765] [velocity_path_follower]: waypoint 1351 / 5251 도달 (선 이탈 0.03 m)
[velocity_path_follower.py-9] [INFO] [1786827380.629793732] [velocity_path_follower]: waypoint 1352 / 5251 도달 (선 이탈 0.03 m)
[velocity_path_follower.py-9] [INFO] [1786827380.679895602] [velocity_path_follower]: 575.1s  wp 1353/5251 이탈0.0m  위치 (  29.49,  -142.07,  10.90)
[velocity_path_follower.py-9] [INFO] [1786827380.982022006] [velocity_path_follower]: waypoint 1353 / 5251 도달 (선 이탈 0.03 m)
[velocity_path_follower.py-9] [INFO] [1786827381.332111987] [velocity_path_follower]: waypoint 1354 / 5251 도달 (선 이탈 0.03 m)
[velocity_path_follower.py-9] [INFO] [1786827381.681967375] [velocity_path_follower]: waypoint 1355 / 5251 도달 (선 이탈 0.03 m)
[velocity_path_follower.py-9] [INFO] [1786827382.032189944] [velocity_path_follower]: waypoint 1356 / 5251 도달 (선 이탈 0.03 m)
[velocity_path_follower.py-9] [INFO] [1786827382.382125417] [velocity_path_follower]: waypoint 1357 / 5251 도달 (선 이탈 0.03 m)
[velocity_path_follower.py-9] [INFO] [1786827382.732080390] [velocity_path_follower]: waypoint 1358 / 5251 도달 (선 이탈 0.03 m)
[velocity_path_follower.py-9] [INFO] [1786827383.082075865] [velocity_path_follower]: waypoint 1359 / 5251 도달 (선 이탈 0.02 m)
[velocity_path_follower.py-9] [INFO] [1786827383.435044204] [velocity_path_follower]: waypoint 1360 / 5251 도달 (선 이탈 0.02 m)
[velocity_path_follower.py-9] [INFO] [1786827383.784797585] [velocity_path_follower]: waypoint 1361 / 5251 도달 (선 이탈 0.02 m)
[velocity_path_follower.py-9] [INFO] [1786827384.136952726] [velocity_path_follower]: waypoint 1362 / 5251 도달 (선 이탈 0.02 m)
[velocity_path_follower.py-9] [INFO] [1786827384.437086004] [velocity_path_follower]: waypoint 1363 / 5251 도달 (선 이탈 0.01 m)
[velocity_path_follower.py-9] [INFO] [1786827384.786667335] [velocity_path_follower]: waypoint 1364 / 5251 도달 (선 이탈 0.01 m)
[velocity_path_follower.py-9] [INFO] [1786827385.186809302] [velocity_path_follower]: waypoint 1365 / 5251 도달 (선 이탈 0.01 m)
[velocity_path_follower.py-9] [INFO] [1786827385.486905828] [velocity_path_follower]: waypoint 1366 / 5251 도달 (선 이탈 0.01 m)
[velocity_path_follower.py-9] [INFO] [1786827385.636569076] [velocity_path_follower]: 580.0s  wp 1367/5251 이탈0.0m  위치 (  36.62,  -142.10,   9.81)
[velocity_path_follower.py-9] [INFO] [1786827385.836802836] [velocity_path_follower]: waypoint 1367 / 5251 도달 (선 이탈 0.00 m)
[velocity_path_follower.py-9] [INFO] [1786827386.186672800] [velocity_path_follower]: waypoint 1368 / 5251 도달 (선 이탈 0.00 m)
[velocity_path_follower.py-9] [INFO] [1786827386.536792940] [velocity_path_follower]: waypoint 1369 / 5251 도달 (선 이탈 0.00 m)
[velocity_path_follower.py-9] [INFO] [1786827386.886861120] [velocity_path_follower]: waypoint 1370 / 5251 도달 (선 이탈 0.00 m)
[velocity_path_follower.py-9] [INFO] [1786827387.237315272] [velocity_path_follower]: waypoint 1371 / 5251 도달 (선 이탈 0.01 m)
[velocity_path_follower.py-9] [INFO] [1786827387.588771129] [velocity_path_follower]: waypoint 1372 / 5251 도달 (선 이탈 0.01 m)
[velocity_path_follower.py-9] [INFO] [1786827387.938916768] [velocity_path_follower]: waypoint 1373 / 5251 도달 (선 이탈 0.01 m)
[velocity_path_follower.py-9] [INFO] [1786827388.288661474] [velocity_path_follower]: waypoint 1374 / 5251 도달 (선 이탈 0.01 m)
[velocity_path_follower.py-9] [INFO] [1786827388.640909319] [velocity_path_follower]: waypoint 1375 / 5251 도달 (선 이탈 0.01 m)
[velocity_path_follower.py-9] [INFO] [1786827388.990925160] [velocity_path_follower]: waypoint 1376 / 5251 도달 (선 이탈 0.01 m)
[velocity_path_follower.py-9] [INFO] [1786827389.341001293] [velocity_path_follower]: waypoint 1377 / 5251 도달 (선 이탈 0.01 m)
[velocity_path_follower.py-9] [INFO] [1786827389.690956838] [velocity_path_follower]: waypoint 1378 / 5251 도달 (선 이탈 0.01 m)
[velocity_path_follower.py-9] [INFO] [1786827389.991031608] [velocity_path_follower]: waypoint 1379 / 5251 도달 (선 이탈 0.01 m)
[velocity_path_follower.py-9] [INFO] [1786827390.390872052] [velocity_path_follower]: waypoint 1380 / 5251 도달 (선 이탈 0.01 m)
[velocity_path_follower.py-9] [INFO] [1786827390.640688780] [velocity_path_follower]: 585.0s  wp 1381/5251 이탈0.0m  위치 (  43.83,  -142.11,   8.28)
[velocity_path_follower.py-9] [INFO] [1786827390.690938945] [velocity_path_follower]: waypoint 1381 / 5251 도달 (선 이탈 0.01 m)
[velocity_path_follower.py-9] [INFO] [1786827391.041403300] [velocity_path_follower]: waypoint 1382 / 5251 도달 (선 이탈 0.01 m)
[velocity_path_follower.py-9] [INFO] [1786827391.426309661] [velocity_path_follower]: waypoint 1383 / 5251 도달 (선 이탈 0.01 m)
[velocity_path_follower.py-9] [INFO] [1786827391.776234702] [velocity_path_follower]: waypoint 1384 / 5251 도달 (선 이탈 0.01 m)
[velocity_path_follower.py-9] [INFO] [1786827392.126205994] [velocity_path_follower]: waypoint 1385 / 5251 도달 (선 이탈 0.01 m)
[velocity_path_follower.py-9] [INFO] [1786827392.476164034] [velocity_path_follower]: waypoint 1386 / 5251 도달 (선 이탈 0.01 m)
[velocity_path_follower.py-9] [INFO] [1786827392.826154826] [velocity_path_follower]: waypoint 1387 / 5251 도달 (선 이탈 0.01 m)
[velocity_path_follower.py-9] [INFO] [1786827393.176302040] [velocity_path_follower]: waypoint 1388 / 5251 도달 (선 이탈 0.01 m)
[velocity_path_follower.py-9] [INFO] [1786827393.526206910] [velocity_path_follower]: waypoint 1389 / 5251 도달 (선 이탈 0.00 m)
[velocity_path_follower.py-9] [INFO] [1786827393.876096155] [velocity_path_follower]: waypoint 1390 / 5251 도달 (선 이탈 0.00 m)
[velocity_path_follower.py-9] [INFO] [1786827394.228747297] [velocity_path_follower]: waypoint 1391 / 5251 도달 (선 이탈 0.00 m)
[velocity_path_follower.py-9] [INFO] [1786827394.578671000] [velocity_path_follower]: waypoint 1392 / 5251 도달 (선 이탈 0.00 m)
[velocity_path_follower.py-9] [INFO] [1786827394.928872671] [velocity_path_follower]: waypoint 1393 / 5251 도달 (선 이탈 0.00 m)
[velocity_path_follower.py-9] [INFO] [1786827395.231185895] [velocity_path_follower]: waypoint 1394 / 5251 도달 (선 이탈 0.00 m)
[velocity_path_follower.py-9] [INFO] [1786827395.581081178] [velocity_path_follower]: waypoint 1395 / 5251 도달 (선 이탈 0.00 m)
[velocity_path_follower.py-9] [INFO] [1786827395.680821434] [velocity_path_follower]: 590.0s  wp 1396/5251 이탈0.0m  위치 (  51.04,  -142.10,  11.03)
[velocity_path_follower.py-9] [INFO] [1786827395.930965086] [velocity_path_follower]: waypoint 1396 / 5251 도달 (선 이탈 0.01 m)
[velocity_path_follower.py-9] [INFO] [1786827396.281042624] [velocity_path_follower]: waypoint 1397 / 5251 도달 (선 이탈 0.01 m)
[velocity_path_follower.py-9] [INFO] [1786827396.630860153] [velocity_path_follower]: waypoint 1398 / 5251 도달 (선 이탈 0.01 m)
[velocity_path_follower.py-9] [INFO] [1786827396.981007152] [velocity_path_follower]: waypoint 1399 / 5251 도달 (선 이탈 0.01 m)
[velocity_path_follower.py-9] [INFO] [1786827397.331003936] [velocity_path_follower]: waypoint 1400 / 5251 도달 (선 이탈 0.01 m)
[velocity_path_follower.py-9] [INFO] [1786827397.680962802] [velocity_path_follower]: waypoint 1401 / 5251 도달 (선 이탈 0.01 m)
[velocity_path_follower.py-9] [INFO] [1786827398.031238597] [velocity_path_follower]: waypoint 1402 / 5251 도달 (선 이탈 0.01 m)
[velocity_path_follower.py-9] [INFO] [1786827398.381006828] [velocity_path_follower]: waypoint 1403 / 5251 도달 (선 이탈 0.01 m)
[velocity_path_follower.py-9] [INFO] [1786827398.731253620] [velocity_path_follower]: waypoint 1404 / 5251 도달 (선 이탈 0.01 m)
[velocity_path_follower.py-9] [INFO] [1786827399.080999226] [velocity_path_follower]: waypoint 1405 / 5251 도달 (선 이탈 0.01 m)
[velocity_path_follower.py-9] [INFO] [1786827399.431145470] [velocity_path_follower]: waypoint 1406 / 5251 도달 (선 이탈 0.01 m)
[velocity_path_follower.py-9] [INFO] [1786827399.730983508] [velocity_path_follower]: waypoint 1407 / 5251 도달 (선 이탈 0.01 m)
[velocity_path_follower.py-9] [INFO] [1786827400.081143670] [velocity_path_follower]: waypoint 1408 / 5251 도달 (선 이탈 0.01 m)
[velocity_path_follower.py-9] [INFO] [1786827400.431003610] [velocity_path_follower]: waypoint 1409 / 5251 도달 (선 이탈 0.01 m)
[velocity_path_follower.py-9] [INFO] [1786827400.680873870] [velocity_path_follower]: 595.0s  wp 1410/5251 이탈0.0m  위치 (  58.26,  -142.09,  14.29)
[velocity_path_follower.py-9] [INFO] [1786827400.780907344] [velocity_path_follower]: waypoint 1410 / 5251 도달 (선 이탈 0.01 m)
[velocity_path_follower.py-9] [INFO] [1786827401.131045461] [velocity_path_follower]: waypoint 1411 / 5251 도달 (선 이탈 0.00 m)
[velocity_path_follower.py-9] [INFO] [1786827401.481007737] [velocity_path_follower]: waypoint 1412 / 5251 도달 (선 이탈 0.00 m)
[velocity_path_follower.py-9] [INFO] [1786827401.830993097] [velocity_path_follower]: waypoint 1413 / 5251 도달 (선 이탈 0.00 m)
[velocity_path_follower.py-9] [INFO] [1786827405.688368812] [velocity_path_follower]: 600.0s  wp 1414/5251 이탈2.6m  위치 (  63.99,  -140.52,  10.24)
[velocity_path_follower.py-9] [INFO] [1786827406.995144643] [velocity_path_follower]: waypoint 1414 / 5251 도달 (선 이탈 3.00 m)
[velocity_path_follower.py-9] [INFO] [1786827410.696859595] [velocity_path_follower]: 605.0s  wp 1416/5251 이탈1.0m  위치 (  63.26,  -137.09,   7.94)
[velocity_path_follower.py-9] [INFO] [1786827411.897021214] [velocity_path_follower]: waypoint 1416 / 5251 도달 (선 이탈 1.36 m)
[velocity_path_follower.py-9] [INFO] [1786827412.497118104] [velocity_path_follower]: waypoint 1417 / 5251 도달 (선 이탈 1.43 m)
[velocity_path_follower.py-9] [INFO] [1786827413.096982859] [velocity_path_follower]: waypoint 1418 / 5251 도달 (선 이탈 1.44 m)
[velocity_path_follower.py-9] [INFO] [1786827413.697049537] [velocity_path_follower]: waypoint 1419 / 5251 도달 (선 이탈 1.38 m)
[velocity_path_follower.py-9] [INFO] [1786827414.247122355] [velocity_path_follower]: waypoint 1420 / 5251 도달 (선 이탈 1.29 m)
[velocity_path_follower.py-9] [INFO] [1786827414.747018474] [velocity_path_follower]: waypoint 1421 / 5251 도달 (선 이탈 1.17 m)
[velocity_path_follower.py-9] [INFO] [1786827415.297076664] [velocity_path_follower]: waypoint 1422 / 5251 도달 (선 이탈 1.02 m)
[velocity_path_follower.py-9] [INFO] [1786827415.696992399] [velocity_path_follower]: 610.0s  wp 1423/5251 이탈0.9m  위치 (  58.98,  -137.21,  10.39)
[velocity_path_follower.py-9] [INFO] [1786827415.796998323] [velocity_path_follower]: waypoint 1423 / 5251 도달 (선 이탈 0.85 m)
[velocity_path_follower.py-9] [INFO] [1786827416.297018068] [velocity_path_follower]: waypoint 1424 / 5251 도달 (선 이탈 0.68 m)
[velocity_path_follower.py-9] [INFO] [1786827416.747135208] [velocity_path_follower]: waypoint 1425 / 5251 도달 (선 이탈 0.51 m)
[velocity_path_follower.py-9] [INFO] [1786827417.247019446] [velocity_path_follower]: waypoint 1426 / 5251 도달 (선 이탈 0.32 m)
[velocity_path_follower.py-9] [INFO] [1786827417.697104207] [velocity_path_follower]: waypoint 1427 / 5251 도달 (선 이탈 0.15 m)
[velocity_path_follower.py-9] [INFO] [1786827418.147084923] [velocity_path_follower]: waypoint 1428 / 5251 도달 (선 이탈 0.01 m)
[velocity_path_follower.py-9] [INFO] [1786827418.596962716] [velocity_path_follower]: waypoint 1429 / 5251 도달 (선 이탈 0.16 m)
[velocity_path_follower.py-9] [INFO] [1786827418.997138747] [velocity_path_follower]: waypoint 1430 / 5251 도달 (선 이탈 0.28 m)
[velocity_path_follower.py-9] [INFO] [1786827419.397168563] [velocity_path_follower]: waypoint 1431 / 5251 도달 (선 이탈 0.39 m)
[velocity_path_follower.py-9] [INFO] [1786827419.850130266] [velocity_path_follower]: waypoint 1432 / 5251 도달 (선 이탈 0.49 m)
[velocity_path_follower.py-9] [INFO] [1786827420.250222916] [velocity_path_follower]: waypoint 1433 / 5251 도달 (선 이탈 0.57 m)
[velocity_path_follower.py-9] [INFO] [1786827420.650200686] [velocity_path_follower]: waypoint 1434 / 5251 도달 (선 이탈 0.63 m)
[velocity_path_follower.py-9] [INFO] [1786827420.699967783] [velocity_path_follower]: 615.0s  wp 1435/5251 이탈0.6m  위치 (  53.30,  -138.73,  10.38)
[velocity_path_follower.py-9] [INFO] [1786827421.050459341] [velocity_path_follower]: waypoint 1435 / 5251 도달 (선 이탈 0.67 m)
[velocity_path_follower.py-9] [INFO] [1786827421.450078137] [velocity_path_follower]: waypoint 1436 / 5251 도달 (선 이탈 0.69 m)
[velocity_path_follower.py-9] [INFO] [1786827421.854021392] [velocity_path_follower]: waypoint 1437 / 5251 도달 (선 이탈 0.70 m)
[velocity_path_follower.py-9] [INFO] [1786827422.254057578] [velocity_path_follower]: waypoint 1438 / 5251 도달 (선 이탈 0.70 m)
[velocity_path_follower.py-9] [INFO] [1786827422.653966092] [velocity_path_follower]: waypoint 1439 / 5251 도달 (선 이탈 0.68 m)
[velocity_path_follower.py-9] [INFO] [1786827423.006083210] [velocity_path_follower]: waypoint 1440 / 5251 도달 (선 이탈 0.65 m)
[velocity_path_follower.py-9] [INFO] [1786827423.459129991] [velocity_path_follower]: waypoint 1441 / 5251 도달 (선 이탈 0.60 m)
[velocity_path_follower.py-9] [INFO] [1786827423.809083357] [velocity_path_follower]: waypoint 1442 / 5251 도달 (선 이탈 0.55 m)
[velocity_path_follower.py-9] [INFO] [1786827424.208922366] [velocity_path_follower]: waypoint 1443 / 5251 도달 (선 이탈 0.49 m)
[velocity_path_follower.py-9] [INFO] [1786827424.608969548] [velocity_path_follower]: waypoint 1444 / 5251 도달 (선 이탈 0.42 m)
[velocity_path_follower.py-9] [INFO] [1786827424.958908370] [velocity_path_follower]: waypoint 1445 / 5251 도달 (선 이탈 0.36 m)
[velocity_path_follower.py-9] [INFO] [1786827425.358940550] [velocity_path_follower]: waypoint 1446 / 5251 도달 (선 이탈 0.28 m)
[velocity_path_follower.py-9] [INFO] [1786827425.708897455] [velocity_path_follower]: waypoint 1447 / 5251 도달 (선 이탈 0.21 m)
[velocity_path_follower.py-9] [INFO] [1786827425.758692511] [velocity_path_follower]: 620.1s  wp 1448/5251 이탈0.2m  위치 (  46.82,  -138.30,   8.85)
[velocity_path_follower.py-9] [INFO] [1786827426.109168977] [velocity_path_follower]: waypoint 1448 / 5251 도달 (선 이탈 0.13 m)
[velocity_path_follower.py-9] [INFO] [1786827426.458965998] [velocity_path_follower]: waypoint 1449 / 5251 도달 (선 이탈 0.06 m)
[velocity_path_follower.py-9] [INFO] [1786827426.858849337] [velocity_path_follower]: waypoint 1450 / 5251 도달 (선 이탈 0.01 m)
[velocity_path_follower.py-9] [INFO] [1786827427.211011908] [velocity_path_follower]: waypoint 1451 / 5251 도달 (선 이탈 0.07 m)
[velocity_path_follower.py-9] [INFO] [1786827427.560935184] [velocity_path_follower]: waypoint 1452 / 5251 도달 (선 이탈 0.13 m)
[velocity_path_follower.py-9] [INFO] [1786827427.960962110] [velocity_path_follower]: waypoint 1453 / 5251 도달 (선 이탈 0.18 m)
[velocity_path_follower.py-9] [INFO] [1786827428.310881258] [velocity_path_follower]: waypoint 1454 / 5251 도달 (선 이탈 0.23 m)
[velocity_path_follower.py-9] [INFO] [1786827428.660935954] [velocity_path_follower]: waypoint 1455 / 5251 도달 (선 이탈 0.27 m)
[velocity_path_follower.py-9] [INFO] [1786827429.063125045] [velocity_path_follower]: waypoint 1456 / 5251 도달 (선 이탈 0.30 m)
[velocity_path_follower.py-9] [INFO] [1786827429.413105444] [velocity_path_follower]: waypoint 1457 / 5251 도달 (선 이탈 0.32 m)
[velocity_path_follower.py-9] [INFO] [1786827429.763107511] [velocity_path_follower]: waypoint 1458 / 5251 도달 (선 이탈 0.34 m)
[velocity_path_follower.py-9] [INFO] [1786827430.166032254] [velocity_path_follower]: waypoint 1459 / 5251 도달 (선 이탈 0.35 m)
[velocity_path_follower.py-9] [INFO] [1786827430.515685056] [velocity_path_follower]: waypoint 1460 / 5251 도달 (선 이탈 0.35 m)
[velocity_path_follower.py-9] [INFO] [1786827430.715517842] [velocity_path_follower]: 625.0s  wp 1461/5251 이탈0.4m  위치 (  40.07,  -137.75,  10.08)
[velocity_path_follower.py-9] [INFO] [1786827430.865581950] [velocity_path_follower]: waypoint 1461 / 5251 도달 (선 이탈 0.35 m)
[velocity_path_follower.py-9] [INFO] [1786827431.215886318] [velocity_path_follower]: waypoint 1462 / 5251 도달 (선 이탈 0.34 m)
[velocity_path_follower.py-9] [INFO] [1786827431.565618496] [velocity_path_follower]: waypoint 1463 / 5251 도달 (선 이탈 0.32 m)
[velocity_path_follower.py-9] [INFO] [1786827431.915837027] [velocity_path_follower]: waypoint 1464 / 5251 도달 (선 이탈 0.30 m)
[velocity_path_follower.py-9] [INFO] [1786827432.269881163] [velocity_path_follower]: waypoint 1465 / 5251 도달 (선 이탈 0.28 m)
[velocity_path_follower.py-9] [INFO] [1786827432.671846156] [velocity_path_follower]: waypoint 1466 / 5251 도달 (선 이탈 0.25 m)
[velocity_path_follower.py-9] [INFO] [1786827433.021671711] [velocity_path_follower]: waypoint 1467 / 5251 도달 (선 이탈 0.22 m)
[velocity_path_follower.py-9] [INFO] [1786827433.374275039] [velocity_path_follower]: waypoint 1468 / 5251 도달 (선 이탈 0.18 m)
[velocity_path_follower.py-9] [INFO] [1786827433.724447523] [velocity_path_follower]: waypoint 1469 / 5251 도달 (선 이탈 0.15 m)
[velocity_path_follower.py-9] [INFO] [1786827434.077038184] [velocity_path_follower]: waypoint 1470 / 5251 도달 (선 이탈 0.11 m)
[velocity_path_follower.py-9] [INFO] [1786827434.427136247] [velocity_path_follower]: waypoint 1471 / 5251 도달 (선 이탈 0.08 m)
[velocity_path_follower.py-9] [INFO] [1786827434.777272811] [velocity_path_follower]: waypoint 1472 / 5251 도달 (선 이탈 0.04 m)
[velocity_path_follower.py-9] [INFO] [1786827435.127076404] [velocity_path_follower]: waypoint 1473 / 5251 도달 (선 이탈 0.01 m)
[velocity_path_follower.py-9] [INFO] [1786827435.477019751] [velocity_path_follower]: waypoint 1474 / 5251 도달 (선 이탈 0.02 m)
[velocity_path_follower.py-9] [INFO] [1786827435.727027561] [velocity_path_follower]: 630.0s  wp 1475/5251 이탈0.0m  위치 (  33.05,  -138.14,  12.07)
[velocity_path_follower.py-9] [INFO] [1786827435.877145042] [velocity_path_follower]: waypoint 1475 / 5251 도달 (선 이탈 0.06 m)
[velocity_path_follower.py-9] [INFO] [1786827436.177039950] [velocity_path_follower]: waypoint 1476 / 5251 도달 (선 이탈 0.08 m)
[velocity_path_follower.py-9] [INFO] [1786827436.527179470] [velocity_path_follower]: waypoint 1477 / 5251 도달 (선 이탈 0.11 m)
[velocity_path_follower.py-9] [INFO] [1786827436.927032457] [velocity_path_follower]: waypoint 1478 / 5251 도달 (선 이탈 0.13 m)
[velocity_path_follower.py-9] [INFO] [1786827437.277240562] [velocity_path_follower]: waypoint 1479 / 5251 도달 (선 이탈 0.15 m)
[velocity_path_follower.py-9] [INFO] [1786827437.631923756] [velocity_path_follower]: waypoint 1480 / 5251 도달 (선 이탈 0.16 m)
[velocity_path_follower.py-9] [INFO] [1786827437.998831049] [velocity_path_follower]: waypoint 1481 / 5251 도달 (선 이탈 0.17 m)
[velocity_path_follower.py-9] [INFO] [1786827438.351976474] [velocity_path_follower]: waypoint 1482 / 5251 도달 (선 이탈 0.18 m)
[velocity_path_follower.py-9] [INFO] [1786827438.708275604] [velocity_path_follower]: waypoint 1483 / 5251 도달 (선 이탈 0.19 m)
[velocity_path_follower.py-9] [INFO] [1786827439.060669500] [velocity_path_follower]: waypoint 1484 / 5251 도달 (선 이탈 0.19 m)
[velocity_path_follower.py-9] [INFO] [1786827439.411074109] [velocity_path_follower]: waypoint 1485 / 5251 도달 (선 이탈 0.19 m)
[velocity_path_follower.py-9] [INFO] [1786827439.760807108] [velocity_path_follower]: waypoint 1486 / 5251 도달 (선 이탈 0.18 m)
[velocity_path_follower.py-9] [INFO] [1786827440.110977708] [velocity_path_follower]: waypoint 1487 / 5251 도달 (선 이탈 0.17 m)
[velocity_path_follower.py-9] [INFO] [1786827440.460856753] [velocity_path_follower]: waypoint 1488 / 5251 도달 (선 이탈 0.16 m)
[velocity_path_follower.py-9] [INFO] [1786827440.760619609] [velocity_path_follower]: 635.0s  wp 1489/5251 이탈0.2m  위치 (  25.93,  -138.25,  10.98)
[velocity_path_follower.py-9] [INFO] [1786827440.810805218] [velocity_path_follower]: waypoint 1489 / 5251 도달 (선 이탈 0.15 m)
[velocity_path_follower.py-9] [INFO] [1786827441.161077987] [velocity_path_follower]: waypoint 1490 / 5251 도달 (선 이탈 0.13 m)
[velocity_path_follower.py-9] [INFO] [1786827441.510898112] [velocity_path_follower]: waypoint 1491 / 5251 도달 (선 이탈 0.12 m)
[velocity_path_follower.py-9] [INFO] [1786827441.863814107] [velocity_path_follower]: waypoint 1492 / 5251 도달 (선 이탈 0.10 m)
[velocity_path_follower.py-9] [INFO] [1786827442.216313209] [velocity_path_follower]: waypoint 1493 / 5251 도달 (선 이탈 0.08 m)
[velocity_path_follower.py-9] [INFO] [1786827442.566510181] [velocity_path_follower]: waypoint 1494 / 5251 도달 (선 이탈 0.06 m)
[velocity_path_follower.py-9] [INFO] [1786827442.916396640] [velocity_path_follower]: waypoint 1495 / 5251 도달 (선 이탈 0.04 m)
[velocity_path_follower.py-9] [INFO] [1786827443.267066254] [velocity_path_follower]: waypoint 1496 / 5251 도달 (선 이탈 0.02 m)
[velocity_path_follower.py-9] [INFO] [1786827443.566670516] [velocity_path_follower]: waypoint 1497 / 5251 도달 (선 이탈 0.01 m)
[velocity_path_follower.py-9] [INFO] [1786827443.969398644] [velocity_path_follower]: waypoint 1498 / 5251 도달 (선 이탈 0.01 m)
[velocity_path_follower.py-9] [INFO] [1786827444.319553069] [velocity_path_follower]: waypoint 1499 / 5251 도달 (선 이탈 0.03 m)
[velocity_path_follower.py-9] [INFO] [1786827444.623087940] [velocity_path_follower]: waypoint 1500 / 5251 도달 (선 이탈 0.04 m)
[velocity_path_follower.py-9] [INFO] [1786827445.023176548] [velocity_path_follower]: waypoint 1501 / 5251 도달 (선 이탈 0.05 m)
[velocity_path_follower.py-9] [INFO] [1786827445.323039442] [velocity_path_follower]: waypoint 1502 / 5251 도달 (선 이탈 0.06 m)
[velocity_path_follower.py-9] [INFO] [1786827445.676618415] [velocity_path_follower]: waypoint 1503 / 5251 도달 (선 이탈 0.07 m)
[velocity_path_follower.py-9] [INFO] [1786827445.776441194] [velocity_path_follower]: 640.0s  wp 1504/5251 이탈0.1m  위치 (  18.76,  -138.02,  10.49)
[velocity_path_follower.py-9] [INFO] [1786827446.029016300] [velocity_path_follower]: waypoint 1504 / 5251 도달 (선 이탈 0.08 m)
[velocity_path_follower.py-9] [INFO] [1786827446.381070588] [velocity_path_follower]: waypoint 1505 / 5251 도달 (선 이탈 0.09 m)
[velocity_path_follower.py-9] [INFO] [1786827446.734816316] [velocity_path_follower]: waypoint 1506 / 5251 도달 (선 이탈 0.09 m)
[velocity_path_follower.py-9] [INFO] [1786827447.089151983] [velocity_path_follower]: waypoint 1507 / 5251 도달 (선 이탈 0.10 m)
[velocity_path_follower.py-9] [INFO] [1786827447.441590700] [velocity_path_follower]: waypoint 1508 / 5251 도달 (선 이탈 0.10 m)
[velocity_path_follower.py-9] [INFO] [1786827447.793661112] [velocity_path_follower]: waypoint 1509 / 5251 도달 (선 이탈 0.10 m)
[velocity_path_follower.py-9] [INFO] [1786827448.143980746] [velocity_path_follower]: waypoint 1510 / 5251 도달 (선 이탈 0.09 m)
[velocity_path_follower.py-9] [INFO] [1786827448.493841404] [velocity_path_follower]: waypoint 1511 / 5251 도달 (선 이탈 0.09 m)
[velocity_path_follower.py-9] [INFO] [1786827448.843994074] [velocity_path_follower]: waypoint 1512 / 5251 도달 (선 이탈 0.08 m)
[velocity_path_follower.py-9] [INFO] [1786827449.195701094] [velocity_path_follower]: waypoint 1513 / 5251 도달 (선 이탈 0.08 m)
[velocity_path_follower.py-9] [INFO] [1786827449.545859637] [velocity_path_follower]: waypoint 1514 / 5251 도달 (선 이탈 0.07 m)
[velocity_path_follower.py-9] [INFO] [1786827449.895958802] [velocity_path_follower]: waypoint 1515 / 5251 도달 (선 이탈 0.06 m)
[velocity_path_follower.py-9] [INFO] [1786827450.245924879] [velocity_path_follower]: waypoint 1516 / 5251 도달 (선 이탈 0.05 m)
[velocity_path_follower.py-9] [INFO] [1786827450.598937447] [velocity_path_follower]: waypoint 1517 / 5251 도달 (선 이탈 0.04 m)
[velocity_path_follower.py-9] [INFO] [1786827450.800982469] [velocity_path_follower]: 645.0s  wp 1518/5251 이탈0.0m  위치 (  11.57,  -138.06,  11.13)
[velocity_path_follower.py-9] [INFO] [1786827450.951176611] [velocity_path_follower]: waypoint 1518 / 5251 도달 (선 이탈 0.03 m)
[velocity_path_follower.py-9] [INFO] [1786827451.301203812] [velocity_path_follower]: waypoint 1519 / 5251 도달 (선 이탈 0.02 m)
[velocity_path_follower.py-9] [INFO] [1786827451.601225997] [velocity_path_follower]: waypoint 1520 / 5251 도달 (선 이탈 0.01 m)
[velocity_path_follower.py-9] [INFO] [1786827451.951130569] [velocity_path_follower]: waypoint 1521 / 5251 도달 (선 이탈 0.01 m)
[velocity_path_follower.py-9] [INFO] [1786827452.351174870] [velocity_path_follower]: waypoint 1522 / 5251 도달 (선 이탈 0.00 m)
[velocity_path_follower.py-9] [INFO] [1786827452.651172636] [velocity_path_follower]: waypoint 1523 / 5251 도달 (선 이탈 0.01 m)
[velocity_path_follower.py-9] [INFO] [1786827453.051047680] [velocity_path_follower]: waypoint 1524 / 5251 도달 (선 이탈 0.02 m)
[velocity_path_follower.py-9] [INFO] [1786827453.351088904] [velocity_path_follower]: waypoint 1525 / 5251 도달 (선 이탈 0.03 m)
[velocity_path_follower.py-9] [INFO] [1786827453.701092144] [velocity_path_follower]: waypoint 1526 / 5251 도달 (선 이탈 0.03 m)
[velocity_path_follower.py-9] [INFO] [1786827454.053892866] [velocity_path_follower]: waypoint 1527 / 5251 도달 (선 이탈 0.04 m)
[velocity_path_follower.py-9] [INFO] [1786827454.403562799] [velocity_path_follower]: waypoint 1528 / 5251 도달 (선 이탈 0.04 m)
[velocity_path_follower.py-9] [INFO] [1786827454.758087462] [velocity_path_follower]: waypoint 1529 / 5251 도달 (선 이탈 0.05 m)
[velocity_path_follower.py-9] [INFO] [1786827455.108038448] [velocity_path_follower]: waypoint 1530 / 5251 도달 (선 이탈 0.05 m)
[velocity_path_follower.py-9] [INFO] [1786827455.458118937] [velocity_path_follower]: waypoint 1531 / 5251 도달 (선 이탈 0.05 m)
[velocity_path_follower.py-9] [INFO] [1786827455.808108506] [velocity_path_follower]: waypoint 1532 / 5251 도달 (선 이탈 0.05 m)
[velocity_path_follower.py-9] [INFO] [1786827455.858009477] [velocity_path_follower]: 650.1s  wp 1533/5251 이탈0.1m  위치 (   4.28,  -138.15,   9.78)
[velocity_path_follower.py-9] [INFO] [1786827456.161136901] [velocity_path_follower]: waypoint 1533 / 5251 도달 (선 이탈 0.05 m)
[velocity_path_follower.py-9] [INFO] [1786827456.510998922] [velocity_path_follower]: waypoint 1534 / 5251 도달 (선 이탈 0.05 m)
[velocity_path_follower.py-9] [INFO] [1786827456.861005157] [velocity_path_follower]: waypoint 1535 / 5251 도달 (선 이탈 0.05 m)
[velocity_path_follower.py-9] [INFO] [1786827457.213849876] [velocity_path_follower]: waypoint 1536 / 5251 도달 (선 이탈 0.05 m)
[velocity_path_follower.py-9] [INFO] [1786827457.563574933] [velocity_path_follower]: waypoint 1537 / 5251 도달 (선 이탈 0.04 m)
[velocity_path_follower.py-9] [INFO] [1786827457.863609152] [velocity_path_follower]: waypoint 1538 / 5251 도달 (선 이탈 0.04 m)
[velocity_path_follower.py-9] [INFO] [1786827458.277330513] [velocity_path_follower]: waypoint 1539 / 5251 도달 (선 이탈 0.04 m)
[velocity_path_follower.py-9] [INFO] [1786827458.582150833] [velocity_path_follower]: waypoint 1540 / 5251 도달 (선 이탈 0.03 m)
[velocity_path_follower.py-9] [INFO] [1786827458.984696887] [velocity_path_follower]: waypoint 1541 / 5251 도달 (선 이탈 0.03 m)
[velocity_path_follower.py-9] [INFO] [1786827459.284785439] [velocity_path_follower]: waypoint 1542 / 5251 도달 (선 이탈 0.02 m)
[velocity_path_follower.py-9] [INFO] [1786827459.636827999] [velocity_path_follower]: waypoint 1543 / 5251 도달 (선 이탈 0.02 m)
[velocity_path_follower.py-9] [INFO] [1786827459.989296866] [velocity_path_follower]: waypoint 1544 / 5251 도달 (선 이탈 0.01 m)
[velocity_path_follower.py-9] [INFO] [1786827460.339219718] [velocity_path_follower]: waypoint 1545 / 5251 도달 (선 이탈 0.01 m)
[velocity_path_follower.py-9] [INFO] [1786827460.691636540] [velocity_path_follower]: waypoint 1546 / 5251 도달 (선 이탈 0.00 m)
[velocity_path_follower.py-9] [INFO] [1786827460.841617417] [velocity_path_follower]: 655.0s  wp 1547/5251 이탈0.0m  위치 (  -2.84,  -138.10,   7.39)
[velocity_path_follower.py-9] [INFO] [1786827461.044674053] [velocity_path_follower]: waypoint 1547 / 5251 도달 (선 이탈 0.00 m)
[velocity_path_follower.py-9] [INFO] [1786827461.397845195] [velocity_path_follower]: waypoint 1548 / 5251 도달 (선 이탈 0.01 m)
[velocity_path_follower.py-9] [INFO] [1786827461.749960588] [velocity_path_follower]: waypoint 1549 / 5251 도달 (선 이탈 0.01 m)
[velocity_path_follower.py-9] [INFO] [1786827462.102955764] [velocity_path_follower]: waypoint 1550 / 5251 도달 (선 이탈 0.02 m)
[velocity_path_follower.py-9] [INFO] [1786827462.457602837] [velocity_path_follower]: waypoint 1551 / 5251 도달 (선 이탈 0.02 m)
[velocity_path_follower.py-9] [INFO] [1786827462.828188525] [velocity_path_follower]: waypoint 1552 / 5251 도달 (선 이탈 0.02 m)
[velocity_path_follower.py-9] [INFO] [1786827463.177185795] [velocity_path_follower]: waypoint 1553 / 5251 도달 (선 이탈 0.02 m)
[velocity_path_follower.py-9] [INFO] [1786827463.526804630] [velocity_path_follower]: waypoint 1554 / 5251 도달 (선 이탈 0.02 m)
[velocity_path_follower.py-9] [INFO] [1786827463.826891719] [velocity_path_follower]: waypoint 1555 / 5251 도달 (선 이탈 0.03 m)
[velocity_path_follower.py-9] [INFO] [1786827464.228697068] [velocity_path_follower]: waypoint 1556 / 5251 도달 (선 이탈 0.03 m)
[velocity_path_follower.py-9] [INFO] [1786827464.530889404] [velocity_path_follower]: waypoint 1557 / 5251 도달 (선 이탈 0.03 m)
[velocity_path_follower.py-9] [INFO] [1786827464.880841959] [velocity_path_follower]: waypoint 1558 / 5251 도달 (선 이탈 0.03 m)
[velocity_path_follower.py-9] [INFO] [1786827465.230665925] [velocity_path_follower]: waypoint 1559 / 5251 도달 (선 이탈 0.03 m)
[velocity_path_follower.py-9] [INFO] [1786827465.583376168] [velocity_path_follower]: waypoint 1560 / 5251 도달 (선 이탈 0.02 m)
[velocity_path_follower.py-9] [INFO] [1786827465.883449587] [velocity_path_follower]: 660.0s  wp 1561/5251 이탈0.0m  위치 ( -10.08,  -138.08,  10.18)
[velocity_path_follower.py-9] [INFO] [1786827465.933372432] [velocity_path_follower]: waypoint 1561 / 5251 도달 (선 이탈 0.02 m)
[velocity_path_follower.py-9] [INFO] [1786827466.283394070] [velocity_path_follower]: waypoint 1562 / 5251 도달 (선 이탈 0.02 m)
[velocity_path_follower.py-9] [INFO] [1786827466.633414000] [velocity_path_follower]: waypoint 1563 / 5251 도달 (선 이탈 0.02 m)
[velocity_path_follower.py-9] [INFO] [1786827466.983382802] [velocity_path_follower]: waypoint 1564 / 5251 도달 (선 이탈 0.02 m)
[velocity_path_follower.py-9] [INFO] [1786827467.333315519] [velocity_path_follower]: waypoint 1565 / 5251 도달 (선 이탈 0.01 m)
[velocity_path_follower.py-9] [INFO] [1786827467.683380449] [velocity_path_follower]: waypoint 1566 / 5251 도달 (선 이탈 0.01 m)
[velocity_path_follower.py-9] [INFO] [1786827468.033282373] [velocity_path_follower]: waypoint 1567 / 5251 도달 (선 이탈 0.01 m)
[velocity_path_follower.py-9] [INFO] [1786827468.383284632] [velocity_path_follower]: waypoint 1568 / 5251 도달 (선 이탈 0.01 m)
[velocity_path_follower.py-9] [INFO] [1786827468.683543805] [velocity_path_follower]: waypoint 1569 / 5251 도달 (선 이탈 0.00 m)
[velocity_path_follower.py-9] [INFO] [1786827469.036164874] [velocity_path_follower]: waypoint 1570 / 5251 도달 (선 이탈 0.00 m)
[velocity_path_follower.py-9] [INFO] [1786827469.438932877] [velocity_path_follower]: waypoint 1571 / 5251 도달 (선 이탈 0.00 m)
[velocity_path_follower.py-9] [INFO] [1786827469.738155050] [velocity_path_follower]: waypoint 1572 / 5251 도달 (선 이탈 0.00 m)
[velocity_path_follower.py-9] [INFO] [1786827470.087629787] [velocity_path_follower]: waypoint 1573 / 5251 도달 (선 이탈 0.01 m)
[velocity_path_follower.py-9] [INFO] [1786827470.440990173] [velocity_path_follower]: waypoint 1574 / 5251 도달 (선 이탈 0.01 m)
[velocity_path_follower.py-9] [INFO] [1786827470.790941136] [velocity_path_follower]: waypoint 1575 / 5251 도달 (선 이탈 0.01 m)
[velocity_path_follower.py-9] [INFO] [1786827470.890860701] [velocity_path_follower]: 665.0s  wp 1576/5251 이탈0.0m  위치 ( -17.29,  -138.11,   9.95)
[velocity_path_follower.py-9] [INFO] [1786827471.140699050] [velocity_path_follower]: waypoint 1576 / 5251 도달 (선 이탈 0.01 m)
[velocity_path_follower.py-9] [INFO] [1786827471.490888104] [velocity_path_follower]: waypoint 1577 / 5251 도달 (선 이탈 0.01 m)
[velocity_path_follower.py-9] [INFO] [1786827471.840945278] [velocity_path_follower]: waypoint 1578 / 5251 도달 (선 이탈 0.01 m)
[velocity_path_follower.py-9] [INFO] [1786827472.193591218] [velocity_path_follower]: waypoint 1579 / 5251 도달 (선 이탈 0.01 m)
[velocity_path_follower.py-9] [INFO] [1786827472.543632598] [velocity_path_follower]: waypoint 1580 / 5251 도달 (선 이탈 0.02 m)
[velocity_path_follower.py-9] [INFO] [1786827472.893957031] [velocity_path_follower]: waypoint 1581 / 5251 도달 (선 이탈 0.02 m)
[velocity_path_follower.py-9] [INFO] [1786827473.193820808] [velocity_path_follower]: waypoint 1582 / 5251 도달 (선 이탈 0.02 m)
[velocity_path_follower.py-9] [INFO] [1786827473.594109292] [velocity_path_follower]: waypoint 1583 / 5251 도달 (선 이탈 0.01 m)
[velocity_path_follower.py-9] [INFO] [1786827473.943587691] [velocity_path_follower]: waypoint 1584 / 5251 도달 (선 이탈 0.01 m)
[velocity_path_follower.py-9] [INFO] [1786827474.243893400] [velocity_path_follower]: waypoint 1585 / 5251 도달 (선 이탈 0.01 m)
[velocity_path_follower.py-9] [INFO] [1786827475.895687030] [velocity_path_follower]: 670.0s  climb       위치 ( -24.28,  -138.11,   5.49)
[velocity_path_follower.py-9] [INFO] [1786827478.895954228] [velocity_path_follower]: waypoint 1586 / 5251 도달 (선 이탈 0.01 m)
[velocity_path_follower.py-9] [INFO] [1786827478.945871653] [velocity_path_follower]: waypoint 1587 / 5251 도달 (선 이탈 0.00 m)
[velocity_path_follower.py-9] [INFO] [1786827478.995873164] [velocity_path_follower]: waypoint 1588 / 5251 도달 (선 이탈 0.00 m)
[velocity_path_follower.py-9] [INFO] [1786827479.045977429] [velocity_path_follower]: waypoint 1589 / 5251 도달 (선 이탈 0.00 m)
[velocity_path_follower.py-9] [INFO] [1786827479.095909771] [velocity_path_follower]: waypoint 1590 / 5251 도달 (선 이탈 0.00 m)
[velocity_path_follower.py-9] [INFO] [1786827479.145914699] [velocity_path_follower]: waypoint 1591 / 5251 도달 (선 이탈 0.00 m)
[velocity_path_follower.py-9] [INFO] [1786827479.195826707] [velocity_path_follower]: waypoint 1592 / 5251 도달 (선 이탈 0.00 m)
[velocity_path_follower.py-9] [INFO] [1786827479.245830010] [velocity_path_follower]: waypoint 1593 / 5251 도달 (선 이탈 0.00 m)
[velocity_path_follower.py-9] [INFO] [1786827479.295829354] [velocity_path_follower]: waypoint 1594 / 5251 도달 (선 이탈 0.00 m)
[velocity_path_follower.py-9] [INFO] [1786827479.445812886] [velocity_path_follower]: waypoint 1595 / 5251 도달 (선 이탈 0.00 m)
[velocity_path_follower.py-9] [INFO] [1786827480.298530761] [velocity_path_follower]: waypoint 1596 / 5251 도달 (선 이탈 0.00 m)
[velocity_path_follower.py-9] [INFO] [1786827480.910841991] [velocity_path_follower]: 675.0s  wp 1597/5251 이탈0.0m  위치 ( -28.05,  -138.10,   7.84)
[velocity_path_follower.py-9] [INFO] [1786827481.008417461] [velocity_path_follower]: waypoint 1597 / 5251 도달 (선 이탈 0.00 m)
[velocity_path_follower.py-9] [INFO] [1786827481.610639841] [velocity_path_follower]: waypoint 1598 / 5251 도달 (선 이탈 0.00 m)
[velocity_path_follower.py-9] [INFO] [1786827482.210687053] [velocity_path_follower]: waypoint 1599 / 5251 도달 (선 이탈 0.00 m)
[velocity_path_follower.py-9] [INFO] [1786827482.764599569] [velocity_path_follower]: waypoint 1600 / 5251 도달 (선 이탈 0.00 m)
[velocity_path_follower.py-9] [INFO] [1786827483.267626289] [velocity_path_follower]: waypoint 1601 / 5251 도달 (선 이탈 0.00 m)
[velocity_path_follower.py-9] [INFO] [1786827483.767218918] [velocity_path_follower]: waypoint 1602 / 5251 도달 (선 이탈 0.00 m)
[velocity_path_follower.py-9] [INFO] [1786827484.216551150] [velocity_path_follower]: waypoint 1603 / 5251 도달 (선 이탈 0.00 m)
[velocity_path_follower.py-9] [INFO] [1786827484.716536250] [velocity_path_follower]: waypoint 1604 / 5251 도달 (선 이탈 0.00 m)
[velocity_path_follower.py-9] [INFO] [1786827485.166765057] [velocity_path_follower]: waypoint 1605 / 5251 도달 (선 이탈 0.00 m)
[velocity_path_follower.py-9] [INFO] [1786827485.618944772] [velocity_path_follower]: waypoint 1606 / 5251 도달 (선 이탈 0.00 m)
[velocity_path_follower.py-9] [INFO] [1786827485.918726906] [velocity_path_follower]: 680.0s  wp 1607/5251 이탈0.0m  위치 ( -32.99,  -138.10,   7.55)
[velocity_path_follower.py-9] [INFO] [1786827486.018664756] [velocity_path_follower]: waypoint 1607 / 5251 도달 (선 이탈 0.00 m)
[velocity_path_follower.py-9] [INFO] [1786827486.468821849] [velocity_path_follower]: waypoint 1608 / 5251 도달 (선 이탈 0.00 m)
[velocity_path_follower.py-9] [INFO] [1786827486.868932514] [velocity_path_follower]: waypoint 1609 / 5251 도달 (선 이탈 0.00 m)
[velocity_path_follower.py-9] [INFO] [1786827487.268867380] [velocity_path_follower]: waypoint 1610 / 5251 도달 (선 이탈 0.00 m)
[velocity_path_follower.py-9] [INFO] [1786827487.668976585] [velocity_path_follower]: waypoint 1611 / 5251 도달 (선 이탈 0.00 m)
[velocity_path_follower.py-9] [INFO] [1786827488.068897907] [velocity_path_follower]: waypoint 1612 / 5251 도달 (선 이탈 0.00 m)
[velocity_path_follower.py-9] [INFO] [1786827488.468647097] [velocity_path_follower]: waypoint 1613 / 5251 도달 (선 이탈 0.00 m)
[velocity_path_follower.py-9] [INFO] [1786827490.568975658] [velocity_path_follower]: waypoint 1614 / 5251 도달 (선 이탈 0.00 m)
[velocity_path_follower.py-9] [INFO] [1786827490.619066545] [velocity_path_follower]: waypoint 1615 / 5251 도달 (선 이탈 0.00 m)
[velocity_path_follower.py-9] [INFO] [1786827490.918862966] [velocity_path_follower]: 685.0s  wp 1616/5251 이탈0.2m  위치 ( -38.84,  -138.10,   6.54)
[velocity_path_follower.py-9] [INFO] [1786827495.722617286] [velocity_path_follower]: waypoint 1616 / 5251 도달 (선 이탈 1.85 m)
[velocity_path_follower.py-9] [INFO] [1786827495.922496938] [velocity_path_follower]: 690.0s  wp 1618/5251 이탈1.3m  위치 ( -40.41,  -135.43,   7.14)
[velocity_path_follower.py-9] [INFO] [1786827498.072940909] [velocity_path_follower]: waypoint 1618 / 5251 도달 (선 이탈 0.28 m)
[velocity_path_follower.py-9] [INFO] [1786827498.872691976] [velocity_path_follower]: waypoint 1619 / 5251 도달 (선 이탈 0.76 m)
[velocity_path_follower.py-9] [INFO] [1786827499.522669360] [velocity_path_follower]: waypoint 1620 / 5251 도달 (선 이탈 1.06 m)
[velocity_path_follower.py-9] [INFO] [1786827500.172676328] [velocity_path_follower]: waypoint 1621 / 5251 도달 (선 이탈 1.28 m)
[velocity_path_follower.py-9] [INFO] [1786827500.783481119] [velocity_path_follower]: waypoint 1622 / 5251 도달 (선 이탈 1.40 m)
[velocity_path_follower.py-9] [INFO] [1786827500.933047706] [velocity_path_follower]: 695.0s  wp 1623/5251 이탈1.4m  위치 ( -37.44,  -132.68,   6.53)
[velocity_path_follower.py-9] [INFO] [1786827501.333764080] [velocity_path_follower]: waypoint 1623 / 5251 도달 (선 이탈 1.46 m)
[velocity_path_follower.py-9] [INFO] [1786827502.483482265] [velocity_path_follower]: waypoint 1624 / 5251 도달 (선 이탈 1.42 m)
[velocity_path_follower.py-9] [INFO] [1786827502.533321807] [velocity_path_follower]: waypoint 1625 / 5251 도달 (선 이탈 1.42 m)
[velocity_path_follower.py-9] [INFO] [1786827503.083446801] [velocity_path_follower]: waypoint 1626 / 5251 도달 (선 이탈 1.37 m)
[velocity_path_follower.py-9] [INFO] [1786827503.633383577] [velocity_path_follower]: waypoint 1627 / 5251 도달 (선 이탈 1.29 m)
[velocity_path_follower.py-9] [INFO] [1786827504.233130602] [velocity_path_follower]: waypoint 1628 / 5251 도달 (선 이탈 1.16 m)
[velocity_path_follower.py-9] [INFO] [1786827504.783766403] [velocity_path_follower]: waypoint 1629 / 5251 도달 (선 이탈 1.01 m)
[velocity_path_follower.py-9] [INFO] [1786827505.283316280] [velocity_path_follower]: waypoint 1630 / 5251 도달 (선 이탈 0.85 m)
[velocity_path_follower.py-9] [INFO] [1786827505.833206259] [velocity_path_follower]: waypoint 1631 / 5251 도달 (선 이탈 0.66 m)
[velocity_path_follower.py-9] [INFO] [1786827505.933433071] [velocity_path_follower]: 700.0s  wp 1632/5251 이탈0.6m  위치 ( -32.97,  -133.47,   6.78)
[velocity_path_follower.py-9] [INFO] [1786827506.333320531] [velocity_path_follower]: waypoint 1632 / 5251 도달 (선 이탈 0.48 m)
[velocity_path_follower.py-9] [INFO] [1786827506.783381752] [velocity_path_follower]: waypoint 1633 / 5251 도달 (선 이탈 0.31 m)
[velocity_path_follower.py-9] [INFO] [1786827507.283153301] [velocity_path_follower]: waypoint 1634 / 5251 도달 (선 이탈 0.13 m)
[velocity_path_follower.py-9] [INFO] [1786827507.733398153] [velocity_path_follower]: waypoint 1635 / 5251 도달 (선 이탈 0.02 m)
[velocity_path_follower.py-9] [INFO] [1786827508.133331778] [velocity_path_follower]: waypoint 1636 / 5251 도달 (선 이탈 0.16 m)
[velocity_path_follower.py-9] [INFO] [1786827508.583174821] [velocity_path_follower]: waypoint 1637 / 5251 도달 (선 이탈 0.29 m)
[velocity_path_follower.py-9] [INFO] [1786827509.033317584] [velocity_path_follower]: waypoint 1638 / 5251 도달 (선 이탈 0.41 m)
[velocity_path_follower.py-9] [INFO] [1786827509.433102243] [velocity_path_follower]: waypoint 1639 / 5251 도달 (선 이탈 0.49 m)
[velocity_path_follower.py-9] [INFO] [1786827509.833238541] [velocity_path_follower]: waypoint 1640 / 5251 도달 (선 이탈 0.56 m)
[velocity_path_follower.py-9] [INFO] [1786827510.235968229] [velocity_path_follower]: waypoint 1641 / 5251 도달 (선 이탈 0.62 m)
[velocity_path_follower.py-9] [INFO] [1786827510.636019938] [velocity_path_follower]: waypoint 1642 / 5251 도달 (선 이탈 0.66 m)
[velocity_path_follower.py-9] [INFO] [1786827510.935515324] [velocity_path_follower]: 705.0s  wp 1643/5251 이탈0.7m  위치 ( -27.24,  -134.77,   6.57)
[velocity_path_follower.py-9] [INFO] [1786827511.085632052] [velocity_path_follower]: waypoint 1643 / 5251 도달 (선 이탈 0.68 m)
[velocity_path_follower.py-9] [INFO] [1786827511.487698754] [velocity_path_follower]: waypoint 1644 / 5251 도달 (선 이탈 0.68 m)
[velocity_path_follower.py-9] [INFO] [1786827511.838334938] [velocity_path_follower]: waypoint 1645 / 5251 도달 (선 이탈 0.67 m)
[velocity_path_follower.py-9] [INFO] [1786827512.292517058] [velocity_path_follower]: waypoint 1646 / 5251 도달 (선 이탈 0.65 m)
[velocity_path_follower.py-9] [INFO] [1786827513.142551014] [velocity_path_follower]: waypoint 1647 / 5251 도달 (선 이탈 0.56 m)
[velocity_path_follower.py-9] [INFO] [1786827513.192379054] [velocity_path_follower]: waypoint 1648 / 5251 도달 (선 이탈 0.56 m)
[velocity_path_follower.py-9] [INFO] [1786827513.492469001] [velocity_path_follower]: waypoint 1649 / 5251 도달 (선 이탈 0.53 m)
[velocity_path_follower.py-9] [INFO] [1786827513.942139154] [velocity_path_follower]: waypoint 1650 / 5251 도달 (선 이탈 0.48 m)
[velocity_path_follower.py-9] [INFO] [1786827514.342398158] [velocity_path_follower]: waypoint 1651 / 5251 도달 (선 이탈 0.42 m)
[velocity_path_follower.py-9] [INFO] [1786827514.792475908] [velocity_path_follower]: waypoint 1652 / 5251 도달 (선 이탈 0.35 m)
[velocity_path_follower.py-9] [INFO] [1786827515.192492484] [velocity_path_follower]: waypoint 1653 / 5251 도달 (선 이탈 0.29 m)
[velocity_path_follower.py-9] [INFO] [1786827515.593860404] [velocity_path_follower]: waypoint 1654 / 5251 도달 (선 이탈 0.22 m)
[velocity_path_follower.py-9] [INFO] [1786827515.942476796] [velocity_path_follower]: 710.0s  wp 1655/5251 이탈0.2m  위치 ( -21.14,  -134.26,   6.73)
[velocity_path_follower.py-9] [INFO] [1786827515.992285210] [velocity_path_follower]: waypoint 1655 / 5251 도달 (선 이탈 0.15 m)
[velocity_path_follower.py-9] [INFO] [1786827516.392208697] [velocity_path_follower]: waypoint 1656 / 5251 도달 (선 이탈 0.09 m)
[velocity_path_follower.py-9] [INFO] [1786827516.792428987] [velocity_path_follower]: waypoint 1657 / 5251 도달 (선 이탈 0.02 m)
[velocity_path_follower.py-9] [INFO] [1786827517.192497146] [velocity_path_follower]: waypoint 1658 / 5251 도달 (선 이탈 0.04 m)
[velocity_path_follower.py-9] [INFO] [1786827517.592313461] [velocity_path_follower]: waypoint 1659 / 5251 도달 (선 이탈 0.10 m)
[velocity_path_follower.py-9] [INFO] [1786827517.992369202] [velocity_path_follower]: waypoint 1660 / 5251 도달 (선 이탈 0.15 m)
[velocity_path_follower.py-9] [INFO] [1786827518.392443442] [velocity_path_follower]: waypoint 1661 / 5251 도달 (선 이탈 0.20 m)
[velocity_path_follower.py-9] [INFO] [1786827518.742373465] [velocity_path_follower]: waypoint 1662 / 5251 도달 (선 이탈 0.23 m)
[velocity_path_follower.py-9] [INFO] [1786827519.092264319] [velocity_path_follower]: waypoint 1663 / 5251 도달 (선 이탈 0.26 m)
[velocity_path_follower.py-9] [INFO] [1786827519.492538482] [velocity_path_follower]: waypoint 1664 / 5251 도달 (선 이탈 0.28 m)
[velocity_path_follower.py-9] [INFO] [1786827519.892276624] [velocity_path_follower]: waypoint 1665 / 5251 도달 (선 이탈 0.30 m)
[velocity_path_follower.py-9] [INFO] [1786827520.242284772] [velocity_path_follower]: waypoint 1666 / 5251 도달 (선 이탈 0.30 m)
[velocity_path_follower.py-9] [INFO] [1786827520.592327713] [velocity_path_follower]: waypoint 1667 / 5251 도달 (선 이탈 0.31 m)
[velocity_path_follower.py-9] [INFO] [1786827520.942579913] [velocity_path_follower]: 715.0s  wp 1668/5251 이탈0.3m  위치 ( -14.63,  -133.80,   8.73)
[velocity_path_follower.py-9] [INFO] [1786827520.992289988] [velocity_path_follower]: waypoint 1668 / 5251 도달 (선 이탈 0.30 m)
[velocity_path_follower.py-9] [INFO] [1786827521.342260342] [velocity_path_follower]: waypoint 1669 / 5251 도달 (선 이탈 0.29 m)
[velocity_path_follower.py-9] [INFO] [1786827521.693334071] [velocity_path_follower]: waypoint 1670 / 5251 도달 (선 이탈 0.28 m)
[velocity_path_follower.py-9] [INFO] [1786827522.045089660] [velocity_path_follower]: waypoint 1671 / 5251 도달 (선 이탈 0.26 m)
[velocity_path_follower.py-9] [INFO] [1786827522.445294232] [velocity_path_follower]: waypoint 1672 / 5251 도달 (선 이탈 0.24 m)
[velocity_path_follower.py-9] [INFO] [1786827522.794936947] [velocity_path_follower]: waypoint 1673 / 5251 도달 (선 이탈 0.21 m)
[velocity_path_follower.py-9] [INFO] [1786827523.145053763] [velocity_path_follower]: waypoint 1674 / 5251 도달 (선 이탈 0.19 m)
[velocity_path_follower.py-9] [INFO] [1786827523.545001824] [velocity_path_follower]: waypoint 1675 / 5251 도달 (선 이탈 0.15 m)
[velocity_path_follower.py-9] [INFO] [1786827523.895012593] [velocity_path_follower]: waypoint 1676 / 5251 도달 (선 이탈 0.12 m)
[velocity_path_follower.py-9] [INFO] [1786827524.245273788] [velocity_path_follower]: waypoint 1677 / 5251 도달 (선 이탈 0.09 m)
[velocity_path_follower.py-9] [INFO] [1786827524.595051172] [velocity_path_follower]: waypoint 1678 / 5251 도달 (선 이탈 0.06 m)
[velocity_path_follower.py-9] [INFO] [1786827524.995306077] [velocity_path_follower]: waypoint 1679 / 5251 도달 (선 이탈 0.03 m)
[velocity_path_follower.py-9] [INFO] [1786827525.349357416] [velocity_path_follower]: waypoint 1680 / 5251 도달 (선 이탈 0.00 m)
[velocity_path_follower.py-9] [INFO] [1786827525.701825985] [velocity_path_follower]: waypoint 1681 / 5251 도달 (선 이탈 0.03 m)
[velocity_path_follower.py-9] [INFO] [1786827525.960340365] [velocity_path_follower]: 720.0s  wp 1682/5251 이탈0.0m  위치 (  -7.71,  -134.15,  10.92)
[velocity_path_follower.py-9] [INFO] [1786827526.060380830] [velocity_path_follower]: waypoint 1682 / 5251 도달 (선 이탈 0.05 m)
[velocity_path_follower.py-9] [INFO] [1786827526.410375761] [velocity_path_follower]: waypoint 1683 / 5251 도달 (선 이탈 0.08 m)
[velocity_path_follower.py-9] [INFO] [1786827526.764098836] [velocity_path_follower]: waypoint 1684 / 5251 도달 (선 이탈 0.10 m)
[velocity_path_follower.py-9] [INFO] [1786827527.113977721] [velocity_path_follower]: waypoint 1685 / 5251 도달 (선 이탈 0.12 m)
[velocity_path_follower.py-9] [INFO] [1786827527.464398084] [velocity_path_follower]: waypoint 1686 / 5251 도달 (선 이탈 0.13 m)
[velocity_path_follower.py-9] [INFO] [1786827527.814328970] [velocity_path_follower]: waypoint 1687 / 5251 도달 (선 이탈 0.14 m)
[velocity_path_follower.py-9] [INFO] [1786827528.216832915] [velocity_path_follower]: waypoint 1688 / 5251 도달 (선 이탈 0.15 m)
[velocity_path_follower.py-9] [INFO] [1786827528.518679788] [velocity_path_follower]: waypoint 1689 / 5251 도달 (선 이탈 0.16 m)
[velocity_path_follower.py-9] [INFO] [1786827528.918820641] [velocity_path_follower]: waypoint 1690 / 5251 도달 (선 이탈 0.16 m)
[velocity_path_follower.py-9] [INFO] [1786827529.220699098] [velocity_path_follower]: waypoint 1691 / 5251 도달 (선 이탈 0.16 m)
[velocity_path_follower.py-9] [INFO] [1786827529.622969282] [velocity_path_follower]: waypoint 1692 / 5251 도달 (선 이탈 0.16 m)
[velocity_path_follower.py-9] [INFO] [1786827529.985985251] [velocity_path_follower]: waypoint 1693 / 5251 도달 (선 이탈 0.15 m)
[velocity_path_follower.py-9] [INFO] [1786827530.338857371] [velocity_path_follower]: waypoint 1694 / 5251 도달 (선 이탈 0.14 m)
[velocity_path_follower.py-9] [INFO] [1786827530.691030214] [velocity_path_follower]: waypoint 1695 / 5251 도달 (선 이탈 0.13 m)
[velocity_path_follower.py-9] [INFO] [1786827531.027460995] [velocity_path_follower]: 725.1s  wp 1696/5251 이탈0.1m  위치 (  -0.99,  -134.23,   9.63)
[velocity_path_follower.py-9] [INFO] [1786827531.044435063] [velocity_path_follower]: waypoint 1696 / 5251 도달 (선 이탈 0.12 m)
[velocity_path_follower.py-9] [INFO] [1786827531.394542618] [velocity_path_follower]: waypoint 1697 / 5251 도달 (선 이탈 0.11 m)
[velocity_path_follower.py-9] [INFO] [1786827531.777860655] [velocity_path_follower]: waypoint 1698 / 5251 도달 (선 이탈 0.10 m)
[velocity_path_follower.py-9] [INFO] [1786827532.196217493] [velocity_path_follower]: waypoint 1699 / 5251 도달 (선 이탈 0.08 m)
[velocity_path_follower.py-9] [INFO] [1786827532.548818767] [velocity_path_follower]: waypoint 1700 / 5251 도달 (선 이탈 0.06 m)
[velocity_path_follower.py-9] [INFO] [1786827532.903940721] [velocity_path_follower]: waypoint 1701 / 5251 도달 (선 이탈 0.05 m)
[velocity_path_follower.py-9] [INFO] [1786827533.256664457] [velocity_path_follower]: waypoint 1702 / 5251 도달 (선 이탈 0.03 m)
[velocity_path_follower.py-9] [INFO] [1786827533.609075348] [velocity_path_follower]: waypoint 1703 / 5251 도달 (선 이탈 0.01 m)
[velocity_path_follower.py-9] [INFO] [1786827533.908909305] [velocity_path_follower]: waypoint 1704 / 5251 도달 (선 이탈 0.00 m)
[velocity_path_follower.py-9] [INFO] [1786827534.309049775] [velocity_path_follower]: waypoint 1705 / 5251 도달 (선 이탈 0.02 m)
[velocity_path_follower.py-9] [INFO] [1786827534.660815556] [velocity_path_follower]: waypoint 1706 / 5251 도달 (선 이탈 0.03 m)
[velocity_path_follower.py-9] [INFO] [1786827535.010892272] [velocity_path_follower]: waypoint 1707 / 5251 도달 (선 이탈 0.04 m)
[velocity_path_follower.py-9] [INFO] [1786827535.361102034] [velocity_path_follower]: waypoint 1708 / 5251 도달 (선 이탈 0.05 m)
[velocity_path_follower.py-9] [INFO] [1786827535.713074155] [velocity_path_follower]: waypoint 1709 / 5251 도달 (선 이탈 0.06 m)
[velocity_path_follower.py-9] [INFO] [1786827536.065970978] [velocity_path_follower]: waypoint 1710 / 5251 도달 (선 이탈 0.07 m)
[velocity_path_follower.py-9] [INFO] [1786827536.115689843] [velocity_path_follower]: 730.0s  wp 1711/5251 이탈0.1m  위치 (   6.53,  -134.03,   7.58)
[velocity_path_follower.py-9] [INFO] [1786827536.365950771] [velocity_path_follower]: waypoint 1711 / 5251 도달 (선 이탈 0.08 m)
[velocity_path_follower.py-9] [INFO] [1786827536.765920773] [velocity_path_follower]: waypoint 1712 / 5251 도달 (선 이탈 0.08 m)
[velocity_path_follower.py-9] [INFO] [1786827537.067979646] [velocity_path_follower]: waypoint 1713 / 5251 도달 (선 이탈 0.08 m)
[velocity_path_follower.py-9] [INFO] [1786827537.467886060] [velocity_path_follower]: waypoint 1714 / 5251 도달 (선 이탈 0.09 m)
[velocity_path_follower.py-9] [INFO] [1786827537.775092254] [velocity_path_follower]: waypoint 1715 / 5251 도달 (선 이탈 0.09 m)
[velocity_path_follower.py-9] [INFO] [1786827538.126887949] [velocity_path_follower]: waypoint 1716 / 5251 도달 (선 이탈 0.08 m)
[velocity_path_follower.py-9] [INFO] [1786827538.476926701] [velocity_path_follower]: waypoint 1717 / 5251 도달 (선 이탈 0.08 m)
[velocity_path_follower.py-9] [INFO] [1786827538.834028848] [velocity_path_follower]: waypoint 1718 / 5251 도달 (선 이탈 0.08 m)
[velocity_path_follower.py-9] [INFO] [1786827539.183635082] [velocity_path_follower]: waypoint 1719 / 5251 도달 (선 이탈 0.07 m)
[velocity_path_follower.py-9] [INFO] [1786827539.534199769] [velocity_path_follower]: waypoint 1720 / 5251 도달 (선 이탈 0.06 m)
[velocity_path_follower.py-9] [INFO] [1786827539.887840533] [velocity_path_follower]: waypoint 1721 / 5251 도달 (선 이탈 0.06 m)
[velocity_path_follower.py-9] [INFO] [1786827540.239897901] [velocity_path_follower]: waypoint 1722 / 5251 도달 (선 이탈 0.05 m)
[velocity_path_follower.py-9] [INFO] [1786827540.594083309] [velocity_path_follower]: waypoint 1723 / 5251 도달 (선 이탈 0.04 m)
[velocity_path_follower.py-9] [INFO] [1786827540.944134767] [velocity_path_follower]: waypoint 1724 / 5251 도달 (선 이탈 0.03 m)
[velocity_path_follower.py-9] [INFO] [1786827541.144010802] [velocity_path_follower]: 735.0s  wp 1725/5251 이탈0.0m  위치 (  13.72,  -134.07,  10.33)
[velocity_path_follower.py-9] [INFO] [1786827541.297202132] [velocity_path_follower]: waypoint 1725 / 5251 도달 (선 이탈 0.02 m)
[velocity_path_follower.py-9] [INFO] [1786827541.647126083] [velocity_path_follower]: waypoint 1726 / 5251 도달 (선 이탈 0.02 m)
[velocity_path_follower.py-9] [INFO] [1786827541.997060994] [velocity_path_follower]: waypoint 1727 / 5251 도달 (선 이탈 0.01 m)
[velocity_path_follower.py-9] [INFO] [1786827542.347343750] [velocity_path_follower]: waypoint 1728 / 5251 도달 (선 이탈 0.00 m)
[velocity_path_follower.py-9] [INFO] [1786827542.649427992] [velocity_path_follower]: waypoint 1729 / 5251 도달 (선 이탈 0.01 m)
[velocity_path_follower.py-9] [INFO] [1786827543.054516848] [velocity_path_follower]: waypoint 1730 / 5251 도달 (선 이탈 0.02 m)
[velocity_path_follower.py-9] [INFO] [1786827543.403973071] [velocity_path_follower]: waypoint 1731 / 5251 도달 (선 이탈 0.02 m)
[velocity_path_follower.py-9] [INFO] [1786827543.703943398] [velocity_path_follower]: waypoint 1732 / 5251 도달 (선 이탈 0.03 m)
[velocity_path_follower.py-9] [INFO] [1786827544.105981511] [velocity_path_follower]: waypoint 1733 / 5251 도달 (선 이탈 0.03 m)
[velocity_path_follower.py-9] [INFO] [1786827544.406819953] [velocity_path_follower]: waypoint 1734 / 5251 도달 (선 이탈 0.04 m)
[velocity_path_follower.py-9] [INFO] [1786827544.755934996] [velocity_path_follower]: waypoint 1735 / 5251 도달 (선 이탈 0.04 m)
[velocity_path_follower.py-9] [INFO] [1786827545.109240865] [velocity_path_follower]: waypoint 1736 / 5251 도달 (선 이탈 0.04 m)
[velocity_path_follower.py-9] [INFO] [1786827545.461930251] [velocity_path_follower]: waypoint 1737 / 5251 도달 (선 이탈 0.04 m)
[velocity_path_follower.py-9] [INFO] [1786827545.815184617] [velocity_path_follower]: waypoint 1738 / 5251 도달 (선 이탈 0.05 m)
[velocity_path_follower.py-9] [INFO] [1786827546.167337815] [velocity_path_follower]: waypoint 1739 / 5251 도달 (선 이탈 0.05 m)
[velocity_path_follower.py-9] [INFO] [1786827546.219561774] [velocity_path_follower]: 740.1s  wp 1740/5251 이탈0.0m  위치 (  21.01,  -134.14,  12.63)
[velocity_path_follower.py-9] [INFO] [1786827546.521806310] [velocity_path_follower]: waypoint 1740 / 5251 도달 (선 이탈 0.04 m)
[velocity_path_follower.py-9] [INFO] [1786827546.871938389] [velocity_path_follower]: waypoint 1741 / 5251 도달 (선 이탈 0.04 m)
[velocity_path_follower.py-9] [INFO] [1786827547.221691036] [velocity_path_follower]: waypoint 1742 / 5251 도달 (선 이탈 0.04 m)
[velocity_path_follower.py-9] [INFO] [1786827547.571776486] [velocity_path_follower]: waypoint 1743 / 5251 도달 (선 이탈 0.04 m)
[velocity_path_follower.py-9] [INFO] [1786827547.871929441] [velocity_path_follower]: waypoint 1744 / 5251 도달 (선 이탈 0.04 m)
[velocity_path_follower.py-9] [INFO] [1786827548.271967388] [velocity_path_follower]: waypoint 1745 / 5251 도달 (선 이탈 0.03 m)
[velocity_path_follower.py-9] [INFO] [1786827548.621934457] [velocity_path_follower]: waypoint 1746 / 5251 도달 (선 이탈 0.03 m)
[velocity_path_follower.py-9] [INFO] [1786827548.921970282] [velocity_path_follower]: waypoint 1747 / 5251 도달 (선 이탈 0.02 m)
[velocity_path_follower.py-9] [INFO] [1786827549.324195852] [velocity_path_follower]: waypoint 1748 / 5251 도달 (선 이탈 0.02 m)
[velocity_path_follower.py-9] [INFO] [1786827549.629010733] [velocity_path_follower]: waypoint 1749 / 5251 도달 (선 이탈 0.01 m)
[velocity_path_follower.py-9] [INFO] [1786827549.978871798] [velocity_path_follower]: waypoint 1750 / 5251 도달 (선 이탈 0.01 m)
[velocity_path_follower.py-9] [INFO] [1786827550.331974777] [velocity_path_follower]: waypoint 1751 / 5251 도달 (선 이탈 0.01 m)
[velocity_path_follower.py-9] [INFO] [1786827550.681823257] [velocity_path_follower]: waypoint 1752 / 5251 도달 (선 이탈 0.00 m)
[velocity_path_follower.py-9] [INFO] [1786827551.032372305] [velocity_path_follower]: waypoint 1753 / 5251 도달 (선 이탈 0.00 m)
[velocity_path_follower.py-9] [INFO] [1786827551.181978367] [velocity_path_follower]: 745.0s  wp 1754/5251 이탈0.0m  위치 (  28.16,  -134.09,  10.68)
[velocity_path_follower.py-9] [INFO] [1786827551.381863728] [velocity_path_follower]: waypoint 1754 / 5251 도달 (선 이탈 0.01 m)
[velocity_path_follower.py-9] [INFO] [1786827551.737088704] [velocity_path_follower]: waypoint 1755 / 5251 도달 (선 이탈 0.01 m)
[velocity_path_follower.py-9] [INFO] [1786827552.087179900] [velocity_path_follower]: waypoint 1756 / 5251 도달 (선 이탈 0.01 m)
[velocity_path_follower.py-9] [INFO] [1786827552.439451095] [velocity_path_follower]: waypoint 1757 / 5251 도달 (선 이탈 0.02 m)
[velocity_path_follower.py-9] [INFO] [1786827552.795937451] [velocity_path_follower]: waypoint 1758 / 5251 도달 (선 이탈 0.02 m)
[velocity_path_follower.py-9] [INFO] [1786827553.148018013] [velocity_path_follower]: waypoint 1759 / 5251 도달 (선 이탈 0.02 m)
[velocity_path_follower.py-9] [INFO] [1786827553.498243754] [velocity_path_follower]: waypoint 1760 / 5251 도달 (선 이탈 0.02 m)
[velocity_path_follower.py-9] [INFO] [1786827553.798071982] [velocity_path_follower]: waypoint 1761 / 5251 도달 (선 이탈 0.02 m)
[velocity_path_follower.py-9] [INFO] [1786827554.198169506] [velocity_path_follower]: waypoint 1762 / 5251 도달 (선 이탈 0.02 m)
[velocity_path_follower.py-9] [INFO] [1786827554.548118401] [velocity_path_follower]: waypoint 1763 / 5251 도달 (선 이탈 0.02 m)
[velocity_path_follower.py-9] [INFO] [1786827554.848107801] [velocity_path_follower]: waypoint 1764 / 5251 도달 (선 이탈 0.02 m)
[velocity_path_follower.py-9] [INFO] [1786827555.198382083] [velocity_path_follower]: waypoint 1765 / 5251 도달 (선 이탈 0.02 m)
[velocity_path_follower.py-9] [INFO] [1786827555.548003256] [velocity_path_follower]: waypoint 1766 / 5251 도달 (선 이탈 0.02 m)
[velocity_path_follower.py-9] [INFO] [1786827555.898623968] [velocity_path_follower]: waypoint 1767 / 5251 도달 (선 이탈 0.02 m)
[velocity_path_follower.py-9] [INFO] [1786827556.197927423] [velocity_path_follower]: 750.0s  wp 1768/5251 이탈0.0m  위치 (  35.34,  -134.08,  10.34)
[velocity_path_follower.py-9] [INFO] [1786827556.248023590] [velocity_path_follower]: waypoint 1768 / 5251 도달 (선 이탈 0.02 m)
[velocity_path_follower.py-9] [INFO] [1786827556.598001609] [velocity_path_follower]: waypoint 1769 / 5251 도달 (선 이탈 0.02 m)
[velocity_path_follower.py-9] [INFO] [1786827556.948105758] [velocity_path_follower]: waypoint 1770 / 5251 도달 (선 이탈 0.02 m)
[velocity_path_follower.py-9] [INFO] [1786827557.300285027] [velocity_path_follower]: waypoint 1771 / 5251 도달 (선 이탈 0.01 m)
[velocity_path_follower.py-9] [INFO] [1786827557.650249669] [velocity_path_follower]: waypoint 1772 / 5251 도달 (선 이탈 0.01 m)
[velocity_path_follower.py-9] [INFO] [1786827558.000412569] [velocity_path_follower]: waypoint 1773 / 5251 도달 (선 이탈 0.01 m)
[velocity_path_follower.py-9] [INFO] [1786827558.350363252] [velocity_path_follower]: waypoint 1774 / 5251 도달 (선 이탈 0.01 m)
[velocity_path_follower.py-9] [INFO] [1786827558.700335685] [velocity_path_follower]: waypoint 1775 / 5251 도달 (선 이탈 0.00 m)
[velocity_path_follower.py-9] [INFO] [1786827559.000545755] [velocity_path_follower]: waypoint 1776 / 5251 도달 (선 이탈 0.00 m)
[velocity_path_follower.py-9] [INFO] [1786827559.350363140] [velocity_path_follower]: waypoint 1777 / 5251 도달 (선 이탈 0.00 m)
[velocity_path_follower.py-9] [INFO] [1786827559.750680040] [velocity_path_follower]: waypoint 1778 / 5251 도달 (선 이탈 0.00 m)
[velocity_path_follower.py-9] [INFO] [1786827560.050374881] [velocity_path_follower]: waypoint 1779 / 5251 도달 (선 이탈 0.00 m)
[velocity_path_follower.py-9] [INFO] [1786827560.400897041] [velocity_path_follower]: waypoint 1780 / 5251 도달 (선 이탈 0.01 m)
[velocity_path_follower.py-9] [INFO] [1786827560.750516625] [velocity_path_follower]: waypoint 1781 / 5251 도달 (선 이탈 0.01 m)
[velocity_path_follower.py-9] [INFO] [1786827561.100311007] [velocity_path_follower]: waypoint 1782 / 5251 도달 (선 이탈 0.01 m)
[velocity_path_follower.py-9] [INFO] [1786827561.200385752] [velocity_path_follower]: 755.0s  wp 1783/5251 이탈0.0m  위치 (  42.58,  -134.11,  11.31)
[velocity_path_follower.py-9] [INFO] [1786827561.450395899] [velocity_path_follower]: waypoint 1783 / 5251 도달 (선 이탈 0.01 m)
[velocity_path_follower.py-9] [INFO] [1786827561.801253238] [velocity_path_follower]: waypoint 1784 / 5251 도달 (선 이탈 0.01 m)
[velocity_path_follower.py-9] [INFO] [1786827562.150536807] [velocity_path_follower]: waypoint 1785 / 5251 도달 (선 이탈 0.01 m)
[velocity_path_follower.py-9] [INFO] [1786827562.500476651] [velocity_path_follower]: waypoint 1786 / 5251 도달 (선 이탈 0.01 m)
[velocity_path_follower.py-9] [INFO] [1786827562.881634897] [velocity_path_follower]: waypoint 1787 / 5251 도달 (선 이탈 0.01 m)
[velocity_path_follower.py-9] [INFO] [1786827563.240455872] [velocity_path_follower]: waypoint 1788 / 5251 도달 (선 이탈 0.01 m)
[velocity_path_follower.py-9] [INFO] [1786827563.611006920] [velocity_path_follower]: waypoint 1789 / 5251 도달 (선 이탈 0.01 m)
[velocity_path_follower.py-9] [INFO] [1786827563.960915386] [velocity_path_follower]: waypoint 1790 / 5251 도달 (선 이탈 0.01 m)
[velocity_path_follower.py-9] [INFO] [1786827564.310061281] [velocity_path_follower]: waypoint 1791 / 5251 도달 (선 이탈 0.01 m)
[velocity_path_follower.py-9] [INFO] [1786827564.610338514] [velocity_path_follower]: waypoint 1792 / 5251 도달 (선 이탈 0.01 m)
[velocity_path_follower.py-9] [INFO] [1786827565.013080459] [velocity_path_follower]: waypoint 1793 / 5251 도달 (선 이탈 0.01 m)
[velocity_path_follower.py-9] [INFO] [1786827565.314990837] [velocity_path_follower]: waypoint 1794 / 5251 도달 (선 이탈 0.01 m)
[velocity_path_follower.py-9] [INFO] [1786827565.665060974] [velocity_path_follower]: waypoint 1795 / 5251 도달 (선 이탈 0.01 m)
[ros2-8] [INFO] [1786827565.804315924] [rosbag2_cpp]: Writing remaining messages from cache to the bag. It may take a while
[velocity_path_follower.py-9] [INFO] [1786827566.014872851] [velocity_path_follower]: waypoint 1796 / 5251 도달 (선 이탈 0.01 m)
[velocity_path_follower.py-9] [INFO] [1786827566.264643277] [velocity_path_follower]: 760.0s  wp 1797/5251 이탈0.0m  위치 (  49.77,  -134.10,   9.69)
[velocity_path_follower.py-9] [INFO] [1786827566.364935903] [velocity_path_follower]: waypoint 1797 / 5251 도달 (선 이탈 0.00 m)
[velocity_path_follower.py-9] [INFO] [1786827566.714945537] [velocity_path_follower]: waypoint 1798 / 5251 도달 (선 이탈 0.00 m)
[velocity_path_follower.py-9] [INFO] [1786827567.064698535] [velocity_path_follower]: waypoint 1799 / 5251 도달 (선 이탈 0.00 m)
[velocity_path_follower.py-9] [INFO] [1786827567.414651749] [velocity_path_follower]: waypoint 1800 / 5251 도달 (선 이탈 0.00 m)
[velocity_path_follower.py-9] [INFO] [1786827567.764923975] [velocity_path_follower]: waypoint 1801 / 5251 도달 (선 이탈 0.00 m)
[velocity_path_follower.py-9] [INFO] [1786827568.117650794] [velocity_path_follower]: waypoint 1802 / 5251 도달 (선 이탈 0.00 m)
[velocity_path_follower.py-9] [INFO] [1786827568.467660716] [velocity_path_follower]: waypoint 1803 / 5251 도달 (선 이탈 0.00 m)
[velocity_path_follower.py-9] [INFO] [1786827568.823185475] [velocity_path_follower]: waypoint 1804 / 5251 도달 (선 이탈 0.00 m)
[velocity_path_follower.py-9] [INFO] [1786827569.180265918] [velocity_path_follower]: waypoint 1805 / 5251 도달 (선 이탈 0.00 m)
[velocity_path_follower.py-9] [INFO] [1786827569.530129084] [velocity_path_follower]: waypoint 1806 / 5251 도달 (선 이탈 0.01 m)
[velocity_path_follower.py-9] [INFO] [1786827569.830225139] [velocity_path_follower]: waypoint 1807 / 5251 도달 (선 이탈 0.01 m)
[velocity_path_follower.py-9] [INFO] [1786827570.180206392] [velocity_path_follower]: waypoint 1808 / 5251 도달 (선 이탈 0.01 m)
[velocity_path_follower.py-9] [INFO] [1786827570.530221605] [velocity_path_follower]: waypoint 1809 / 5251 도달 (선 이탈 0.01 m)
[velocity_path_follower.py-9] [INFO] [1786827570.880077311] [velocity_path_follower]: waypoint 1810 / 5251 도달 (선 이탈 0.01 m)
[velocity_path_follower.py-9] [INFO] [1786827571.230132607] [velocity_path_follower]: waypoint 1811 / 5251 도달 (선 이탈 0.01 m)
[velocity_path_follower.py-9] [INFO] [1786827571.280192604] [velocity_path_follower]: 765.0s  wp 1812/5251 이탈0.0m  위치 (  57.01,  -134.09,   8.82)
[velocity_path_follower.py-9] [INFO] [1786827571.580522750] [velocity_path_follower]: waypoint 1812 / 5251 도달 (선 이탈 0.01 m)
[velocity_path_follower.py-9] [INFO] [1786827571.930181739] [velocity_path_follower]: waypoint 1813 / 5251 도달 (선 이탈 0.01 m)
[velocity_path_follower.py-9] [INFO] [1786827572.280214116] [velocity_path_follower]: waypoint 1814 / 5251 도달 (선 이탈 0.01 m)
[velocity_path_follower.py-9] [INFO] [1786827572.630117239] [velocity_path_follower]: waypoint 1815 / 5251 도달 (선 이탈 0.01 m)
[velocity_path_follower.py-9] [INFO] [1786827572.980228203] [velocity_path_follower]: waypoint 1816 / 5251 도달 (선 이탈 0.01 m)
[velocity_path_follower.py-9] [INFO] [1786827573.330170867] [velocity_path_follower]: waypoint 1817 / 5251 도달 (선 이탈 0.01 m)
[velocity_path_follower.py-9] [INFO] [1786827576.280918740] [velocity_path_follower]: 770.0s  wp 1818/5251 이탈2.0m  위치 (  63.43,  -133.07,  10.38)
[velocity_path_follower.py-9] [INFO] [1786827578.380179977] [velocity_path_follower]: waypoint 1818 / 5251 도달 (선 이탈 2.93 m)
[velocity_path_follower.py-9] [INFO] [1786827581.279955063] [velocity_path_follower]: 775.0s  wp 1820/5251 이탈0.6m  위치 (  63.75,  -129.47,  10.42)
[velocity_path_follower.py-9] [INFO] [1786827583.330250229] [velocity_path_follower]: waypoint 1820 / 5251 도달 (선 이탈 1.41 m)
[velocity_path_follower.py-9] [INFO] [1786827583.980123959] [velocity_path_follower]: waypoint 1821 / 5251 도달 (선 이탈 1.48 m)
[velocity_path_follower.py-9] [INFO] [1786827584.630083274] [velocity_path_follower]: waypoint 1822 / 5251 도달 (선 이탈 1.48 m)
[velocity_path_follower.py-9] [INFO] [1786827585.180285071] [velocity_path_follower]: waypoint 1823 / 5251 도달 (선 이탈 1.42 m)
[velocity_path_follower.py-9] [INFO] [1786827585.730170229] [velocity_path_follower]: waypoint 1824 / 5251 도달 (선 이탈 1.32 m)
[velocity_path_follower.py-9] [INFO] [1786827586.280124640] [velocity_path_follower]: waypoint 1825 / 5251 도달 (선 이탈 1.19 m)
[velocity_path_follower.py-9] [INFO] [1786827586.330011086] [velocity_path_follower]: 780.1s  wp 1826/5251 이탈1.2m  위치 (  59.84,  -128.93,   9.72)
[velocity_path_follower.py-9] [INFO] [1786827586.830041464] [velocity_path_follower]: waypoint 1826 / 5251 도달 (선 이탈 1.02 m)
[velocity_path_follower.py-9] [INFO] [1786827587.330127386] [velocity_path_follower]: waypoint 1827 / 5251 도달 (선 이탈 0.85 m)
[velocity_path_follower.py-9] [INFO] [1786827587.830175555] [velocity_path_follower]: waypoint 1828 / 5251 도달 (선 이탈 0.67 m)
[velocity_path_follower.py-9] [INFO] [1786827588.330268267] [velocity_path_follower]: waypoint 1829 / 5251 도달 (선 이탈 0.48 m)
[velocity_path_follower.py-9] [INFO] [1786827588.830195514] [velocity_path_follower]: waypoint 1830 / 5251 도달 (선 이탈 0.28 m)
[velocity_path_follower.py-9] [INFO] [1786827589.280247065] [velocity_path_follower]: waypoint 1831 / 5251 도달 (선 이탈 0.12 m)
[velocity_path_follower.py-9] [INFO] [1786827589.730201277] [velocity_path_follower]: waypoint 1832 / 5251 도달 (선 이탈 0.05 m)
[velocity_path_follower.py-9] [INFO] [1786827590.130158499] [velocity_path_follower]: waypoint 1833 / 5251 도달 (선 이탈 0.18 m)
[velocity_path_follower.py-9] [INFO] [1786827590.580121419] [velocity_path_follower]: waypoint 1834 / 5251 도달 (선 이탈 0.32 m)
[velocity_path_follower.py-9] [INFO] [1786827590.980254938] [velocity_path_follower]: waypoint 1835 / 5251 도달 (선 이탈 0.43 m)
[velocity_path_follower.py-9] [INFO] [1786827591.280014834] [velocity_path_follower]: 785.0s  wp 1836/5251 이탈0.5m  위치 (  54.53,  -130.59,   9.71)
[velocity_path_follower.py-9] [INFO] [1786827591.430025599] [velocity_path_follower]: waypoint 1836 / 5251 도달 (선 이탈 0.53 m)
[velocity_path_follower.py-9] [INFO] [1786827591.830263287] [velocity_path_follower]: waypoint 1837 / 5251 도달 (선 이탈 0.60 m)
[velocity_path_follower.py-9] [INFO] [1786827592.230134044] [velocity_path_follower]: waypoint 1838 / 5251 도달 (선 이탈 0.65 m)
[velocity_path_follower.py-9] [INFO] [1786827592.632859159] [velocity_path_follower]: waypoint 1839 / 5251 도달 (선 이탈 0.69 m)
[velocity_path_follower.py-9] [INFO] [1786827593.035818158] [velocity_path_follower]: waypoint 1840 / 5251 도달 (선 이탈 0.71 m)
[velocity_path_follower.py-9] [INFO] [1786827593.435824293] [velocity_path_follower]: waypoint 1841 / 5251 도달 (선 이탈 0.71 m)
[velocity_path_follower.py-9] [INFO] [1786827593.838105932] [velocity_path_follower]: waypoint 1842 / 5251 도달 (선 이탈 0.70 m)
[velocity_path_follower.py-9] [INFO] [1786827594.188168911] [velocity_path_follower]: waypoint 1843 / 5251 도달 (선 이탈 0.68 m)
[velocity_path_follower.py-9] [INFO] [1786827594.592871265] [velocity_path_follower]: waypoint 1844 / 5251 도달 (선 이탈 0.65 m)
[velocity_path_follower.py-9] [INFO] [1786827594.990825863] [velocity_path_follower]: waypoint 1845 / 5251 도달 (선 이탈 0.60 m)
[velocity_path_follower.py-9] [INFO] [1786827595.390817828] [velocity_path_follower]: waypoint 1846 / 5251 도달 (선 이탈 0.54 m)
[velocity_path_follower.py-9] [INFO] [1786827595.790774000] [velocity_path_follower]: waypoint 1847 / 5251 도달 (선 이탈 0.48 m)
[velocity_path_follower.py-9] [INFO] [1786827596.140665221] [velocity_path_follower]: waypoint 1848 / 5251 도달 (선 이탈 0.41 m)
[velocity_path_follower.py-9] [INFO] [1786827596.290644233] [velocity_path_follower]: 790.0s  wp 1849/5251 이탈0.4m  위치 (  48.21,  -130.48,  10.15)
[velocity_path_follower.py-9] [INFO] [1786827596.540813024] [velocity_path_follower]: waypoint 1849 / 5251 도달 (선 이탈 0.33 m)
[velocity_path_follower.py-9] [INFO] [1786827596.940842323] [velocity_path_follower]: waypoint 1850 / 5251 도달 (선 이탈 0.25 m)
[velocity_path_follower.py-9] [INFO] [1786827597.294077545] [velocity_path_follower]: waypoint 1851 / 5251 도달 (선 이탈 0.18 m)
[velocity_path_follower.py-9] [INFO] [1786827597.697471262] [velocity_path_follower]: waypoint 1852 / 5251 도달 (선 이탈 0.10 m)
[velocity_path_follower.py-9] [INFO] [1786827598.046570367] [velocity_path_follower]: waypoint 1853 / 5251 도달 (선 이탈 0.03 m)
[velocity_path_follower.py-9] [INFO] [1786827598.446616914] [velocity_path_follower]: waypoint 1854 / 5251 도달 (선 이탈 0.04 m)
[velocity_path_follower.py-9] [INFO] [1786827598.799012811] [velocity_path_follower]: waypoint 1855 / 5251 도달 (선 이탈 0.10 m)
[velocity_path_follower.py-9] [INFO] [1786827599.155265271] [velocity_path_follower]: waypoint 1856 / 5251 도달 (선 이탈 0.16 m)
[velocity_path_follower.py-9] [INFO] [1786827599.570555939] [velocity_path_follower]: waypoint 1857 / 5251 도달 (선 이탈 0.21 m)
[velocity_path_follower.py-9] [INFO] [1786827599.919639792] [velocity_path_follower]: waypoint 1858 / 5251 도달 (선 이탈 0.25 m)
[velocity_path_follower.py-9] [INFO] [1786827600.270511836] [velocity_path_follower]: waypoint 1859 / 5251 도달 (선 이탈 0.29 m)
[velocity_path_follower.py-9] [INFO] [1786827600.669867813] [velocity_path_follower]: waypoint 1860 / 5251 도달 (선 이탈 0.33 m)
[velocity_path_follower.py-9] [INFO] [1786827601.019896409] [velocity_path_follower]: waypoint 1861 / 5251 도달 (선 이탈 0.35 m)
[velocity_path_follower.py-9] [INFO] [1786827601.319599335] [velocity_path_follower]: 795.0s  wp 1862/5251 이탈0.4m  위치 (  41.45,  -129.74,  11.98)
[velocity_path_follower.py-9] [INFO] [1786827601.369839708] [velocity_path_follower]: waypoint 1862 / 5251 도달 (선 이탈 0.36 m)
[velocity_path_follower.py-9] [INFO] [1786827601.719894304] [velocity_path_follower]: waypoint 1863 / 5251 도달 (선 이탈 0.37 m)
[velocity_path_follower.py-9] [INFO] [1786827602.119873386] [velocity_path_follower]: waypoint 1864 / 5251 도달 (선 이탈 0.37 m)
[velocity_path_follower.py-9] [INFO] [1786827602.469898729] [velocity_path_follower]: waypoint 1865 / 5251 도달 (선 이탈 0.37 m)
[velocity_path_follower.py-9] [INFO] [1786827602.819942032] [velocity_path_follower]: waypoint 1866 / 5251 도달 (선 이탈 0.36 m)
[velocity_path_follower.py-9] [INFO] [1786827603.170006126] [velocity_path_follower]: waypoint 1867 / 5251 도달 (선 이탈 0.34 m)
[velocity_path_follower.py-9] [INFO] [1786827603.519948174] [velocity_path_follower]: waypoint 1868 / 5251 도달 (선 이탈 0.32 m)
[velocity_path_follower.py-9] [INFO] [1786827603.869896763] [velocity_path_follower]: waypoint 1869 / 5251 도달 (선 이탈 0.29 m)
[velocity_path_follower.py-9] [INFO] [1786827604.269883009] [velocity_path_follower]: waypoint 1870 / 5251 도달 (선 이탈 0.26 m)
[velocity_path_follower.py-9] [INFO] [1786827604.619864640] [velocity_path_follower]: waypoint 1871 / 5251 도달 (선 이탈 0.23 m)
[velocity_path_follower.py-9] [INFO] [1786827604.970011278] [velocity_path_follower]: waypoint 1872 / 5251 도달 (선 이탈 0.19 m)
[velocity_path_follower.py-9] [INFO] [1786827605.320039493] [velocity_path_follower]: waypoint 1873 / 5251 도달 (선 이탈 0.16 m)
[velocity_path_follower.py-9] [INFO] [1786827605.669944621] [velocity_path_follower]: waypoint 1874 / 5251 도달 (선 이탈 0.12 m)
[velocity_path_follower.py-9] [INFO] [1786827606.020002712] [velocity_path_follower]: waypoint 1875 / 5251 도달 (선 이탈 0.08 m)
[velocity_path_follower.py-9] [INFO] [1786827606.319923475] [velocity_path_follower]: 800.0s  wp 1876/5251 이탈0.0m  위치 (  34.45,  -130.05,  10.66)
[velocity_path_follower.py-9] [INFO] [1786827606.369867128] [velocity_path_follower]: waypoint 1876 / 5251 도달 (선 이탈 0.04 m)
[velocity_path_follower.py-9] [INFO] [1786827606.772154376] [velocity_path_follower]: waypoint 1877 / 5251 도달 (선 이탈 0.00 m)
[velocity_path_follower.py-9] [INFO] [1786827607.122327470] [velocity_path_follower]: waypoint 1878 / 5251 도달 (선 이탈 0.03 m)
[velocity_path_follower.py-9] [INFO] [1786827607.472113757] [velocity_path_follower]: waypoint 1879 / 5251 도달 (선 이탈 0.06 m)
[velocity_path_follower.py-9] [INFO] [1786827607.822289518] [velocity_path_follower]: waypoint 1880 / 5251 도달 (선 이탈 0.09 m)
[velocity_path_follower.py-9] [INFO] [1786827608.172189559] [velocity_path_follower]: waypoint 1881 / 5251 도달 (선 이탈 0.12 m)
[velocity_path_follower.py-9] [INFO] [1786827608.525206426] [velocity_path_follower]: waypoint 1882 / 5251 도달 (선 이탈 0.14 m)
[velocity_path_follower.py-9] [INFO] [1786827608.874781496] [velocity_path_follower]: waypoint 1883 / 5251 도달 (선 이탈 0.16 m)
[velocity_path_follower.py-9] [INFO] [1786827609.224833583] [velocity_path_follower]: waypoint 1884 / 5251 도달 (선 이탈 0.17 m)
[velocity_path_follower.py-9] [INFO] [1786827609.574475571] [velocity_path_follower]: waypoint 1885 / 5251 도달 (선 이탈 0.18 m)
[velocity_path_follower.py-9] [INFO] [1786827609.924321234] [velocity_path_follower]: waypoint 1886 / 5251 도달 (선 이탈 0.19 m)
[velocity_path_follower.py-9] [INFO] [1786827610.275280312] [velocity_path_follower]: waypoint 1887 / 5251 도달 (선 이탈 0.19 m)
[velocity_path_follower.py-9] [INFO] [1786827610.624281317] [velocity_path_follower]: waypoint 1888 / 5251 도달 (선 이탈 0.19 m)
[velocity_path_follower.py-9] [INFO] [1786827610.977278140] [velocity_path_follower]: waypoint 1889 / 5251 도달 (선 이탈 0.19 m)
[velocity_path_follower.py-9] [INFO] [1786827611.327259097] [velocity_path_follower]: waypoint 1890 / 5251 도달 (선 이탈 0.19 m)
[velocity_path_follower.py-9] [INFO] [1786827611.377164248] [velocity_path_follower]: 805.1s  wp 1891/5251 이탈0.2m  위치 (  27.29,  -130.28,  10.64)
[velocity_path_follower.py-9] [INFO] [1786827611.677299139] [velocity_path_follower]: waypoint 1891 / 5251 도달 (선 이탈 0.18 m)
[velocity_path_follower.py-9] [INFO] [1786827612.027308806] [velocity_path_follower]: waypoint 1892 / 5251 도달 (선 이탈 0.16 m)
[velocity_path_follower.py-9] [INFO] [1786827612.377121130] [velocity_path_follower]: waypoint 1893 / 5251 도달 (선 이탈 0.15 m)
[velocity_path_follower.py-9] [INFO] [1786827612.727264134] [velocity_path_follower]: waypoint 1894 / 5251 도달 (선 이탈 0.13 m)
[velocity_path_follower.py-9] [INFO] [1786827613.079665640] [velocity_path_follower]: waypoint 1895 / 5251 도달 (선 이탈 0.12 m)
[velocity_path_follower.py-9] [INFO] [1786827613.431857554] [velocity_path_follower]: waypoint 1896 / 5251 도달 (선 이탈 0.10 m)
[velocity_path_follower.py-9] [INFO] [1786827613.781664419] [velocity_path_follower]: waypoint 1897 / 5251 도달 (선 이탈 0.08 m)
[velocity_path_follower.py-9] [INFO] [1786827614.132189228] [velocity_path_follower]: waypoint 1898 / 5251 도달 (선 이탈 0.06 m)
[velocity_path_follower.py-9] [INFO] [1786827614.483900747] [velocity_path_follower]: waypoint 1899 / 5251 도달 (선 이탈 0.04 m)
[velocity_path_follower.py-9] [INFO] [1786827614.833861492] [velocity_path_follower]: waypoint 1900 / 5251 도달 (선 이탈 0.02 m)
[velocity_path_follower.py-9] [INFO] [1786827615.183956575] [velocity_path_follower]: waypoint 1901 / 5251 도달 (선 이탈 0.00 m)
[velocity_path_follower.py-9] [INFO] [1786827615.536429581] [velocity_path_follower]: waypoint 1902 / 5251 도달 (선 이탈 0.01 m)
[velocity_path_follower.py-9] [INFO] [1786827615.886342948] [velocity_path_follower]: waypoint 1903 / 5251 도달 (선 이탈 0.03 m)
[velocity_path_follower.py-9] [INFO] [1786827616.236345317] [velocity_path_follower]: waypoint 1904 / 5251 도달 (선 이탈 0.05 m)
[velocity_path_follower.py-9] [INFO] [1786827616.336178910] [velocity_path_follower]: 810.0s  wp 1905/5251 이탈0.0m  위치 (  20.21,  -130.05,  11.21)
[velocity_path_follower.py-9] [INFO] [1786827616.587871994] [velocity_path_follower]: waypoint 1905 / 5251 도달 (선 이탈 0.06 m)
[velocity_path_follower.py-9] [INFO] [1786827616.936412391] [velocity_path_follower]: waypoint 1906 / 5251 도달 (선 이탈 0.07 m)
[velocity_path_follower.py-9] [INFO] [1786827617.295885995] [velocity_path_follower]: waypoint 1907 / 5251 도달 (선 이탈 0.08 m)
[velocity_path_follower.py-9] [INFO] [1786827617.645875863] [velocity_path_follower]: waypoint 1908 / 5251 도달 (선 이탈 0.09 m)
[velocity_path_follower.py-9] [INFO] [1786827617.997890349] [velocity_path_follower]: waypoint 1909 / 5251 도달 (선 이탈 0.10 m)
[velocity_path_follower.py-9] [INFO] [1786827618.301897590] [velocity_path_follower]: waypoint 1910 / 5251 도달 (선 이탈 0.10 m)
[velocity_path_follower.py-9] [INFO] [1786827618.702048950] [velocity_path_follower]: waypoint 1911 / 5251 도달 (선 이탈 0.10 m)
[velocity_path_follower.py-9] [INFO] [1786827619.004762141] [velocity_path_follower]: waypoint 1912 / 5251 도달 (선 이탈 0.10 m)
[velocity_path_follower.py-9] [INFO] [1786827619.354861303] [velocity_path_follower]: waypoint 1913 / 5251 도달 (선 이탈 0.10 m)
[velocity_path_follower.py-9] [INFO] [1786827619.708841237] [velocity_path_follower]: waypoint 1914 / 5251 도달 (선 이탈 0.10 m)
[velocity_path_follower.py-9] [INFO] [1786827620.058760849] [velocity_path_follower]: waypoint 1915 / 5251 도달 (선 이탈 0.09 m)
[velocity_path_follower.py-9] [INFO] [1786827620.408913303] [velocity_path_follower]: waypoint 1916 / 5251 도달 (선 이탈 0.09 m)
[velocity_path_follower.py-9] [INFO] [1786827620.758932711] [velocity_path_follower]: waypoint 1917 / 5251 도달 (선 이탈 0.08 m)
[velocity_path_follower.py-9] [INFO] [1786827621.110920526] [velocity_path_follower]: waypoint 1918 / 5251 도달 (선 이탈 0.07 m)
[velocity_path_follower.py-9] [INFO] [1786827621.360684033] [velocity_path_follower]: 815.0s  wp 1919/5251 이탈0.1m  위치 (  13.03,  -130.03,  11.03)
[velocity_path_follower.py-9] [INFO] [1786827621.461092021] [velocity_path_follower]: waypoint 1919 / 5251 도달 (선 이탈 0.06 m)
[velocity_path_follower.py-9] [INFO] [1786827621.813879283] [velocity_path_follower]: waypoint 1920 / 5251 도달 (선 이탈 0.05 m)
[velocity_path_follower.py-9] [INFO] [1786827622.167792753] [velocity_path_follower]: waypoint 1921 / 5251 도달 (선 이탈 0.04 m)
[velocity_path_follower.py-9] [INFO] [1786827622.518002124] [velocity_path_follower]: waypoint 1922 / 5251 도달 (선 이탈 0.03 m)
[velocity_path_follower.py-9] [INFO] [1786827622.868364709] [velocity_path_follower]: waypoint 1923 / 5251 도달 (선 이탈 0.02 m)
[velocity_path_follower.py-9] [INFO] [1786827623.218029392] [velocity_path_follower]: waypoint 1924 / 5251 도달 (선 이탈 0.01 m)
[velocity_path_follower.py-9] [INFO] [1786827623.568103590] [velocity_path_follower]: waypoint 1925 / 5251 도달 (선 이탈 0.00 m)
[velocity_path_follower.py-9] [INFO] [1786827623.917988072] [velocity_path_follower]: waypoint 1926 / 5251 도달 (선 이탈 0.01 m)
[velocity_path_follower.py-9] [INFO] [1786827624.267840969] [velocity_path_follower]: waypoint 1927 / 5251 도달 (선 이탈 0.02 m)
[velocity_path_follower.py-9] [INFO] [1786827624.618201343] [velocity_path_follower]: waypoint 1928 / 5251 도달 (선 이탈 0.02 m)
[velocity_path_follower.py-9] [INFO] [1786827624.968018114] [velocity_path_follower]: waypoint 1929 / 5251 도달 (선 이탈 0.03 m)
[velocity_path_follower.py-9] [INFO] [1786827625.318242274] [velocity_path_follower]: waypoint 1930 / 5251 도달 (선 이탈 0.04 m)
[velocity_path_follower.py-9] [INFO] [1786827625.621102548] [velocity_path_follower]: waypoint 1931 / 5251 도달 (선 이탈 0.04 m)
[velocity_path_follower.py-9] [INFO] [1786827626.020693878] [velocity_path_follower]: waypoint 1932 / 5251 도달 (선 이탈 0.05 m)
[velocity_path_follower.py-9] [INFO] [1786827626.320701084] [velocity_path_follower]: waypoint 1933 / 5251 도달 (선 이탈 0.05 m)
[velocity_path_follower.py-9] [INFO] [1786827626.370857201] [velocity_path_follower]: 820.0s  wp 1934/5251 이탈0.1m  위치 (   5.83,  -130.15,   8.52)
[velocity_path_follower.py-9] [INFO] [1786827626.670994329] [velocity_path_follower]: waypoint 1934 / 5251 도달 (선 이탈 0.05 m)
[velocity_path_follower.py-9] [INFO] [1786827627.023129894] [velocity_path_follower]: waypoint 1935 / 5251 도달 (선 이탈 0.06 m)
[velocity_path_follower.py-9] [INFO] [1786827627.377860806] [velocity_path_follower]: waypoint 1936 / 5251 도달 (선 이탈 0.06 m)
[velocity_path_follower.py-9] [INFO] [1786827627.729869740] [velocity_path_follower]: waypoint 1937 / 5251 도달 (선 이탈 0.06 m)
[velocity_path_follower.py-9] [INFO] [1786827628.079869431] [velocity_path_follower]: waypoint 1938 / 5251 도달 (선 이탈 0.05 m)
[velocity_path_follower.py-9] [INFO] [1786827628.432493887] [velocity_path_follower]: waypoint 1939 / 5251 도달 (선 이탈 0.05 m)
[velocity_path_follower.py-9] [INFO] [1786827631.409967228] [velocity_path_follower]: 825.0s  climb       위치 (  -0.52,  -130.13,   5.75)
[velocity_path_follower.py-9] [INFO] [1786827632.761023653] [velocity_path_follower]: waypoint 1940 / 5251 도달 (선 이탈 0.03 m)
[velocity_path_follower.py-9] [INFO] [1786827632.811014179] [velocity_path_follower]: waypoint 1941 / 5251 도달 (선 이탈 0.03 m)
[velocity_path_follower.py-9] [INFO] [1786827632.860944120] [velocity_path_follower]: waypoint 1942 / 5251 도달 (선 이탈 0.03 m)
[velocity_path_follower.py-9] [INFO] [1786827632.910873852] [velocity_path_follower]: waypoint 1943 / 5251 도달 (선 이탈 0.03 m)
[velocity_path_follower.py-9] [INFO] [1786827632.960946423] [velocity_path_follower]: waypoint 1944 / 5251 도달 (선 이탈 0.03 m)
[velocity_path_follower.py-9] [INFO] [1786827633.010939158] [velocity_path_follower]: waypoint 1945 / 5251 도달 (선 이탈 0.03 m)
[velocity_path_follower.py-9] [INFO] [1786827633.061004853] [velocity_path_follower]: waypoint 1946 / 5251 도달 (선 이탈 0.02 m)
[velocity_path_follower.py-9] [INFO] [1786827633.110953211] [velocity_path_follower]: waypoint 1947 / 5251 도달 (선 이탈 0.02 m)
[velocity_path_follower.py-9] [INFO] [1786827633.160897193] [velocity_path_follower]: waypoint 1948 / 5251 도달 (선 이탈 0.02 m)
[velocity_path_follower.py-9] [INFO] [1786827633.711085074] [velocity_path_follower]: waypoint 1949 / 5251 도달 (선 이탈 0.02 m)
[velocity_path_follower.py-9] [INFO] [1786827634.464462014] [velocity_path_follower]: waypoint 1950 / 5251 도달 (선 이탈 0.02 m)
[velocity_path_follower.py-9] [INFO] [1786827635.115789447] [velocity_path_follower]: waypoint 1951 / 5251 도달 (선 이탈 0.01 m)
[velocity_path_follower.py-9] [INFO] [1786827635.717888714] [velocity_path_follower]: waypoint 1952 / 5251 도달 (선 이탈 0.01 m)
[velocity_path_follower.py-9] [INFO] [1786827636.271029537] [velocity_path_follower]: waypoint 1953 / 5251 도달 (선 이탈 0.01 m)
[velocity_path_follower.py-9] [INFO] [1786827636.420638766] [velocity_path_follower]: 830.0s  wp 1954/5251 이탈0.0m  위치 (  -4.26,  -130.11,   9.75)
[velocity_path_follower.py-9] [INFO] [1786827636.771042213] [velocity_path_follower]: waypoint 1954 / 5251 도달 (선 이탈 0.00 m)
[velocity_path_follower.py-9] [INFO] [1786827637.270916259] [velocity_path_follower]: waypoint 1955 / 5251 도달 (선 이탈 0.00 m)
[velocity_path_follower.py-9] [INFO] [1786827637.770795554] [velocity_path_follower]: waypoint 1956 / 5251 도달 (선 이탈 0.00 m)
[velocity_path_follower.py-9] [INFO] [1786827638.220899456] [velocity_path_follower]: waypoint 1957 / 5251 도달 (선 이탈 0.01 m)
[velocity_path_follower.py-9] [INFO] [1786827638.671138988] [velocity_path_follower]: waypoint 1958 / 5251 도달 (선 이탈 0.01 m)
[velocity_path_follower.py-9] [INFO] [1786827639.122096296] [velocity_path_follower]: waypoint 1959 / 5251 도달 (선 이탈 0.01 m)
[velocity_path_follower.py-9] [INFO] [1786827639.571273036] [velocity_path_follower]: waypoint 1960 / 5251 도달 (선 이탈 0.01 m)
[velocity_path_follower.py-9] [INFO] [1786827639.970989563] [velocity_path_follower]: waypoint 1961 / 5251 도달 (선 이탈 0.01 m)
[velocity_path_follower.py-9] [INFO] [1786827640.370858053] [velocity_path_follower]: waypoint 1962 / 5251 도달 (선 이탈 0.01 m)
[velocity_path_follower.py-9] [INFO] [1786827640.820923325] [velocity_path_follower]: waypoint 1963 / 5251 도달 (선 이탈 0.01 m)
[velocity_path_follower.py-9] [INFO] [1786827641.222953480] [velocity_path_follower]: waypoint 1964 / 5251 도달 (선 이탈 0.01 m)
[velocity_path_follower.py-9] [INFO] [1786827641.422962789] [velocity_path_follower]: 835.0s  wp 1965/5251 이탈0.0m  위치 (  -9.92,  -130.09,  11.11)
[velocity_path_follower.py-9] [INFO] [1786827641.623282611] [velocity_path_follower]: waypoint 1965 / 5251 도달 (선 이탈 0.01 m)
[velocity_path_follower.py-9] [INFO] [1786827642.022885631] [velocity_path_follower]: waypoint 1966 / 5251 도달 (선 이탈 0.01 m)
[velocity_path_follower.py-9] [INFO] [1786827642.372937141] [velocity_path_follower]: waypoint 1967 / 5251 도달 (선 이탈 0.01 m)
[velocity_path_follower.py-9] [INFO] [1786827642.772805629] [velocity_path_follower]: waypoint 1968 / 5251 도달 (선 이탈 0.01 m)
[velocity_path_follower.py-9] [INFO] [1786827643.172977502] [velocity_path_follower]: waypoint 1969 / 5251 도달 (선 이탈 0.01 m)
[velocity_path_follower.py-9] [INFO] [1786827643.523067555] [velocity_path_follower]: waypoint 1970 / 5251 도달 (선 이탈 0.01 m)
[velocity_path_follower.py-9] [INFO] [1786827643.922973501] [velocity_path_follower]: waypoint 1971 / 5251 도달 (선 이탈 0.01 m)
[velocity_path_follower.py-9] [INFO] [1786827644.323079578] [velocity_path_follower]: waypoint 1972 / 5251 도달 (선 이탈 0.00 m)
[velocity_path_follower.py-9] [INFO] [1786827644.672854493] [velocity_path_follower]: waypoint 1973 / 5251 도달 (선 이탈 0.00 m)
[velocity_path_follower.py-9] [INFO] [1786827645.022927170] [velocity_path_follower]: waypoint 1974 / 5251 도달 (선 이탈 0.00 m)
[velocity_path_follower.py-9] [INFO] [1786827645.423001786] [velocity_path_follower]: waypoint 1975 / 5251 도달 (선 이탈 0.00 m)
[velocity_path_follower.py-9] [INFO] [1786827645.772887121] [velocity_path_follower]: waypoint 1976 / 5251 도달 (선 이탈 0.00 m)
[velocity_path_follower.py-9] [INFO] [1786827646.173111493] [velocity_path_follower]: waypoint 1977 / 5251 도달 (선 이탈 0.00 m)
[velocity_path_follower.py-9] [INFO] [1786827646.422962235] [velocity_path_follower]: 840.0s  wp 1978/5251 이탈0.0m  위치 ( -16.47,  -130.10,   8.80)
[velocity_path_follower.py-9] [INFO] [1786827646.522911407] [velocity_path_follower]: waypoint 1978 / 5251 도달 (선 이탈 0.00 m)
[velocity_path_follower.py-9] [INFO] [1786827646.872806074] [velocity_path_follower]: waypoint 1979 / 5251 도달 (선 이탈 0.00 m)
[velocity_path_follower.py-9] [INFO] [1786827647.272908399] [velocity_path_follower]: waypoint 1980 / 5251 도달 (선 이탈 0.01 m)
[velocity_path_follower.py-9] [INFO] [1786827647.623334127] [velocity_path_follower]: waypoint 1981 / 5251 도달 (선 이탈 0.01 m)
[velocity_path_follower.py-9] [INFO] [1786827647.975448711] [velocity_path_follower]: waypoint 1982 / 5251 도달 (선 이탈 0.01 m)
[velocity_path_follower.py-9] [INFO] [1786827648.325883189] [velocity_path_follower]: waypoint 1983 / 5251 도달 (선 이탈 0.01 m)
[velocity_path_follower.py-9] [INFO] [1786827648.725612497] [velocity_path_follower]: waypoint 1984 / 5251 도달 (선 이탈 0.01 m)
[velocity_path_follower.py-9] [INFO] [1786827649.075874635] [velocity_path_follower]: waypoint 1985 / 5251 도달 (선 이탈 0.01 m)
[velocity_path_follower.py-9] [INFO] [1786827649.425700547] [velocity_path_follower]: waypoint 1986 / 5251 도달 (선 이탈 0.01 m)
[velocity_path_follower.py-9] [INFO] [1786827649.778260063] [velocity_path_follower]: waypoint 1987 / 5251 도달 (선 이탈 0.01 m)
[velocity_path_follower.py-9] [INFO] [1786827650.128163102] [velocity_path_follower]: waypoint 1988 / 5251 도달 (선 이탈 0.01 m)
[velocity_path_follower.py-9] [INFO] [1786827650.478133268] [velocity_path_follower]: waypoint 1989 / 5251 도달 (선 이탈 0.01 m)
[velocity_path_follower.py-9] [INFO] [1786827650.880890606] [velocity_path_follower]: waypoint 1990 / 5251 도달 (선 이탈 0.01 m)
[velocity_path_follower.py-9] [INFO] [1786827651.230942275] [velocity_path_follower]: waypoint 1991 / 5251 도달 (선 이탈 0.01 m)
[velocity_path_follower.py-9] [INFO] [1786827651.430817782] [velocity_path_follower]: 845.0s  wp 1992/5251 이탈0.0m  위치 ( -23.47,  -130.11,   8.42)
[velocity_path_follower.py-9] [INFO] [1786827651.531328433] [velocity_path_follower]: waypoint 1992 / 5251 도달 (선 이탈 0.01 m)
[velocity_path_follower.py-9] [INFO] [1786827651.930728683] [velocity_path_follower]: waypoint 1993 / 5251 도달 (선 이탈 0.00 m)
[velocity_path_follower.py-9] [INFO] [1786827652.280821811] [velocity_path_follower]: waypoint 1994 / 5251 도달 (선 이탈 0.00 m)
[velocity_path_follower.py-9] [INFO] [1786827652.630759183] [velocity_path_follower]: waypoint 1995 / 5251 도달 (선 이탈 0.00 m)
[velocity_path_follower.py-9] [INFO] [1786827652.980623218] [velocity_path_follower]: waypoint 1996 / 5251 도달 (선 이탈 0.00 m)
[velocity_path_follower.py-9] [INFO] [1786827653.330779764] [velocity_path_follower]: waypoint 1997 / 5251 도달 (선 이탈 0.00 m)
[velocity_path_follower.py-9] [INFO] [1786827653.680814846] [velocity_path_follower]: waypoint 1998 / 5251 도달 (선 이탈 0.00 m)
[velocity_path_follower.py-9] [INFO] [1786827654.030699673] [velocity_path_follower]: waypoint 1999 / 5251 도달 (선 이탈 0.00 m)
[velocity_path_follower.py-9] [INFO] [1786827654.380618875] [velocity_path_follower]: waypoint 2000 / 5251 도달 (선 이탈 0.00 m)
[velocity_path_follower.py-9] [INFO] [1786827654.730822255] [velocity_path_follower]: waypoint 2001 / 5251 도달 (선 이탈 0.00 m)
[velocity_path_follower.py-9] [INFO] [1786827655.080623244] [velocity_path_follower]: waypoint 2002 / 5251 도달 (선 이탈 0.00 m)
[velocity_path_follower.py-9] [INFO] [1786827655.430685242] [velocity_path_follower]: waypoint 2003 / 5251 도달 (선 이탈 0.00 m)
[velocity_path_follower.py-9] [INFO] [1786827655.780879204] [velocity_path_follower]: waypoint 2004 / 5251 도달 (선 이탈 0.00 m)
[velocity_path_follower.py-9] [INFO] [1786827656.130659149] [velocity_path_follower]: waypoint 2005 / 5251 도달 (선 이탈 0.00 m)
[velocity_path_follower.py-9] [INFO] [1786827656.430601619] [velocity_path_follower]: 850.0s  wp 2006/5251 이탈0.0m  위치 ( -30.56,  -130.10,   8.33)
[velocity_path_follower.py-9] [INFO] [1786827656.480804942] [velocity_path_follower]: waypoint 2006 / 5251 도달 (선 이탈 0.00 m)
[velocity_path_follower.py-9] [INFO] [1786827656.830769310] [velocity_path_follower]: waypoint 2007 / 5251 도달 (선 이탈 0.00 m)
[velocity_path_follower.py-9] [INFO] [1786827657.180800847] [velocity_path_follower]: waypoint 2008 / 5251 도달 (선 이탈 0.00 m)
[velocity_path_follower.py-9] [INFO] [1786827657.535133631] [velocity_path_follower]: waypoint 2009 / 5251 도달 (선 이탈 0.00 m)
[velocity_path_follower.py-9] [INFO] [1786827657.880916673] [velocity_path_follower]: waypoint 2010 / 5251 도달 (선 이탈 0.00 m)
[velocity_path_follower.py-9] [INFO] [1786827658.230651240] [velocity_path_follower]: waypoint 2011 / 5251 도달 (선 이탈 0.00 m)
[velocity_path_follower.py-9] [INFO] [1786827658.580652149] [velocity_path_follower]: waypoint 2012 / 5251 도달 (선 이탈 0.00 m)
[velocity_path_follower.py-9] [INFO] [1786827658.930935486] [velocity_path_follower]: waypoint 2013 / 5251 도달 (선 이탈 0.00 m)
[velocity_path_follower.py-9] [INFO] [1786827661.431509928] [velocity_path_follower]: 855.0s  climb       위치 ( -37.23,  -130.10,   5.97)
[velocity_path_follower.py-9] [INFO] [1786827663.046554838] [velocity_path_follower]: waypoint 2014 / 5251 도달 (선 이탈 0.00 m)
[velocity_path_follower.py-9] [INFO] [1786827663.096563319] [velocity_path_follower]: waypoint 2015 / 5251 도달 (선 이탈 0.00 m)
[velocity_path_follower.py-9] [INFO] [1786827663.145870814] [velocity_path_follower]: waypoint 2016 / 5251 도달 (선 이탈 0.00 m)
[velocity_path_follower.py-9] [INFO] [1786827663.196056844] [velocity_path_follower]: waypoint 2017 / 5251 도달 (선 이탈 0.00 m)
[velocity_path_follower.py-9] [INFO] [1786827663.245874275] [velocity_path_follower]: waypoint 2018 / 5251 도달 (선 이탈 0.00 m)
[velocity_path_follower.py-9] [INFO] [1786827663.296082681] [velocity_path_follower]: waypoint 2019 / 5251 도달 (선 이탈 0.00 m)
[velocity_path_follower.py-9] [INFO] [1786827666.446397699] [velocity_path_follower]: 860.0s  wp 2020/5251 이탈1.4m  위치 ( -40.01,  -128.94,   8.32)
[velocity_path_follower.py-9] [INFO] [1786827668.295887686] [velocity_path_follower]: waypoint 2020 / 5251 도달 (선 이탈 1.31 m)
[velocity_path_follower.py-9] [INFO] [1786827669.446197981] [velocity_path_follower]: waypoint 2022 / 5251 도달 (선 이탈 0.51 m)
[velocity_path_follower.py-9] [INFO] [1786827670.545867519] [velocity_path_follower]: waypoint 2023 / 5251 도달 (선 이탈 0.31 m)
[velocity_path_follower.py-9] [INFO] [1786827671.346076740] [velocity_path_follower]: waypoint 2024 / 5251 도달 (선 이탈 0.81 m)
[velocity_path_follower.py-9] [INFO] [1786827671.445683433] [velocity_path_follower]: 865.0s  wp 2025/5251 이탈0.9m  위치 ( -38.52,  -125.23,   8.17)
[velocity_path_follower.py-9] [INFO] [1786827672.045936362] [velocity_path_follower]: waypoint 2025 / 5251 도달 (선 이탈 1.15 m)
[velocity_path_follower.py-9] [INFO] [1786827672.696101681] [velocity_path_follower]: waypoint 2026 / 5251 도달 (선 이탈 1.37 m)
[velocity_path_follower.py-9] [INFO] [1786827673.295956675] [velocity_path_follower]: waypoint 2027 / 5251 도달 (선 이탈 1.50 m)
[velocity_path_follower.py-9] [INFO] [1786827673.846531175] [velocity_path_follower]: waypoint 2028 / 5251 도달 (선 이탈 1.55 m)
[velocity_path_follower.py-9] [INFO] [1786827674.396043217] [velocity_path_follower]: waypoint 2029 / 5251 도달 (선 이탈 1.54 m)
[velocity_path_follower.py-9] [INFO] [1786827674.945928815] [velocity_path_follower]: waypoint 2030 / 5251 도달 (선 이탈 1.49 m)
[velocity_path_follower.py-9] [INFO] [1786827675.496040253] [velocity_path_follower]: waypoint 2031 / 5251 도달 (선 이탈 1.39 m)
[velocity_path_follower.py-9] [INFO] [1786827676.045768176] [velocity_path_follower]: waypoint 2032 / 5251 도달 (선 이탈 1.26 m)
[velocity_path_follower.py-9] [INFO] [1786827676.445874426] [velocity_path_follower]: 870.0s  wp 2033/5251 이탈1.1m  위치 ( -34.17,  -124.96,   9.00)
[velocity_path_follower.py-9] [INFO] [1786827676.546035889] [velocity_path_follower]: waypoint 2033 / 5251 도달 (선 이탈 1.11 m)
[velocity_path_follower.py-9] [INFO] [1786827677.045962048] [velocity_path_follower]: waypoint 2034 / 5251 도달 (선 이탈 0.93 m)
[velocity_path_follower.py-9] [INFO] [1786827677.546175217] [velocity_path_follower]: waypoint 2035 / 5251 도달 (선 이탈 0.75 m)
[velocity_path_follower.py-9] [INFO] [1786827677.995969974] [velocity_path_follower]: waypoint 2036 / 5251 도달 (선 이탈 0.57 m)
[velocity_path_follower.py-9] [INFO] [1786827678.496781289] [velocity_path_follower]: waypoint 2037 / 5251 도달 (선 이탈 0.36 m)
[velocity_path_follower.py-9] [INFO] [1786827678.945990690] [velocity_path_follower]: waypoint 2038 / 5251 도달 (선 이탈 0.19 m)
[velocity_path_follower.py-9] [INFO] [1786827679.396026204] [velocity_path_follower]: waypoint 2039 / 5251 도달 (선 이탈 0.01 m)
[velocity_path_follower.py-9] [INFO] [1786827679.796037905] [velocity_path_follower]: waypoint 2040 / 5251 도달 (선 이탈 0.13 m)
[velocity_path_follower.py-9] [INFO] [1786827680.245952623] [velocity_path_follower]: waypoint 2041 / 5251 도달 (선 이탈 0.27 m)
[velocity_path_follower.py-9] [INFO] [1786827680.645893195] [velocity_path_follower]: waypoint 2042 / 5251 도달 (선 이탈 0.39 m)
[velocity_path_follower.py-9] [INFO] [1786827681.046304328] [velocity_path_follower]: waypoint 2043 / 5251 도달 (선 이탈 0.50 m)
[velocity_path_follower.py-9] [INFO] [1786827681.445925429] [velocity_path_follower]: 875.0s  wp 2044/5251 이탈0.6m  위치 ( -28.61,  -126.68,   9.53)
[velocity_path_follower.py-9] [INFO] [1786827681.495912323] [velocity_path_follower]: waypoint 2044 / 5251 도달 (선 이탈 0.59 m)
[velocity_path_follower.py-9] [INFO] [1786827681.846126677] [velocity_path_follower]: waypoint 2045 / 5251 도달 (선 이탈 0.65 m)
[velocity_path_follower.py-9] [INFO] [1786827682.295922054] [velocity_path_follower]: waypoint 2046 / 5251 도달 (선 이탈 0.70 m)
[velocity_path_follower.py-9] [INFO] [1786827682.696119926] [velocity_path_follower]: waypoint 2047 / 5251 도달 (선 이탈 0.73 m)
[velocity_path_follower.py-9] [INFO] [1786827683.095895157] [velocity_path_follower]: waypoint 2048 / 5251 도달 (선 이탈 0.74 m)
[velocity_path_follower.py-9] [INFO] [1786827683.496072236] [velocity_path_follower]: waypoint 2049 / 5251 도달 (선 이탈 0.74 m)
[velocity_path_follower.py-9] [INFO] [1786827683.846259587] [velocity_path_follower]: waypoint 2050 / 5251 도달 (선 이탈 0.72 m)
[velocity_path_follower.py-9] [INFO] [1786827684.246323952] [velocity_path_follower]: waypoint 2051 / 5251 도달 (선 이탈 0.69 m)
[velocity_path_follower.py-9] [INFO] [1786827684.646094931] [velocity_path_follower]: waypoint 2052 / 5251 도달 (선 이탈 0.65 m)
[velocity_path_follower.py-9] [INFO] [1786827685.045862243] [velocity_path_follower]: waypoint 2053 / 5251 도달 (선 이탈 0.59 m)
[velocity_path_follower.py-9] [INFO] [1786827685.396089177] [velocity_path_follower]: waypoint 2054 / 5251 도달 (선 이탈 0.54 m)
[velocity_path_follower.py-9] [INFO] [1786827685.796303172] [velocity_path_follower]: waypoint 2055 / 5251 도달 (선 이탈 0.47 m)
[velocity_path_follower.py-9] [INFO] [1786827686.196042481] [velocity_path_follower]: waypoint 2056 / 5251 도달 (선 이탈 0.39 m)
[velocity_path_follower.py-9] [INFO] [1786827686.445985366] [velocity_path_follower]: 880.0s  wp 2057/5251 이탈0.3m  위치 ( -22.23,  -126.44,   9.01)
[velocity_path_follower.py-9] [INFO] [1786827686.546157077] [velocity_path_follower]: waypoint 2057 / 5251 도달 (선 이탈 0.32 m)
[velocity_path_follower.py-9] [INFO] [1786827686.946015224] [velocity_path_follower]: waypoint 2058 / 5251 도달 (선 이탈 0.24 m)
[velocity_path_follower.py-9] [INFO] [1786827687.298416364] [velocity_path_follower]: waypoint 2059 / 5251 도달 (선 이탈 0.16 m)
[velocity_path_follower.py-9] [INFO] [1786827687.698365513] [velocity_path_follower]: waypoint 2060 / 5251 도달 (선 이탈 0.08 m)
[velocity_path_follower.py-9] [INFO] [1786827688.101626037] [velocity_path_follower]: waypoint 2061 / 5251 도달 (선 이탈 0.00 m)
[velocity_path_follower.py-9] [INFO] [1786827688.451675087] [velocity_path_follower]: waypoint 2062 / 5251 도달 (선 이탈 0.06 m)
[velocity_path_follower.py-9] [INFO] [1786827688.801622049] [velocity_path_follower]: waypoint 2063 / 5251 도달 (선 이탈 0.12 m)
[velocity_path_follower.py-9] [INFO] [1786827689.203926828] [velocity_path_follower]: waypoint 2064 / 5251 도달 (선 이탈 0.19 m)
[velocity_path_follower.py-9] [INFO] [1786827689.555675441] [velocity_path_follower]: waypoint 2065 / 5251 도달 (선 이탈 0.23 m)
[velocity_path_follower.py-9] [INFO] [1786827689.905682071] [velocity_path_follower]: waypoint 2066 / 5251 도달 (선 이탈 0.28 m)
[velocity_path_follower.py-9] [INFO] [1786827690.305612508] [velocity_path_follower]: waypoint 2067 / 5251 도달 (선 이탈 0.32 m)
[velocity_path_follower.py-9] [INFO] [1786827690.656333915] [velocity_path_follower]: waypoint 2068 / 5251 도달 (선 이탈 0.34 m)
[velocity_path_follower.py-9] [INFO] [1786827691.005701312] [velocity_path_follower]: waypoint 2069 / 5251 도달 (선 이탈 0.36 m)
[velocity_path_follower.py-9] [INFO] [1786827691.355877947] [velocity_path_follower]: waypoint 2070 / 5251 도달 (선 이탈 0.37 m)
[velocity_path_follower.py-9] [INFO] [1786827691.455586890] [velocity_path_follower]: 885.0s  wp 2071/5251 이탈0.4m  위치 ( -15.45,  -125.72,   8.97)
[velocity_path_follower.py-9] [INFO] [1786827691.705695361] [velocity_path_follower]: waypoint 2071 / 5251 도달 (선 이탈 0.38 m)
[velocity_path_follower.py-9] [INFO] [1786827692.057948949] [velocity_path_follower]: waypoint 2072 / 5251 도달 (선 이탈 0.38 m)
[velocity_path_follower.py-9] [INFO] [1786827692.459861501] [velocity_path_follower]: waypoint 2073 / 5251 도달 (선 이탈 0.37 m)
[velocity_path_follower.py-9] [INFO] [1786827692.814812774] [velocity_path_follower]: waypoint 2074 / 5251 도달 (선 이탈 0.36 m)
[velocity_path_follower.py-9] [INFO] [1786827693.192897089] [velocity_path_follower]: waypoint 2075 / 5251 도달 (선 이탈 0.34 m)
[velocity_path_follower.py-9] [INFO] [1786827693.543344108] [velocity_path_follower]: waypoint 2076 / 5251 도달 (선 이탈 0.31 m)
[velocity_path_follower.py-9] [INFO] [1786827693.893204271] [velocity_path_follower]: waypoint 2077 / 5251 도달 (선 이탈 0.28 m)
[velocity_path_follower.py-9] [INFO] [1786827694.293223791] [velocity_path_follower]: waypoint 2078 / 5251 도달 (선 이탈 0.25 m)
[velocity_path_follower.py-9] [INFO] [1786827694.643190457] [velocity_path_follower]: waypoint 2079 / 5251 도달 (선 이탈 0.22 m)
[velocity_path_follower.py-9] [INFO] [1786827694.992876529] [velocity_path_follower]: waypoint 2080 / 5251 도달 (선 이탈 0.18 m)
[velocity_path_follower.py-9] [INFO] [1786827695.343159164] [velocity_path_follower]: waypoint 2081 / 5251 도달 (선 이탈 0.14 m)
[velocity_path_follower.py-9] [INFO] [1786827695.692911155] [velocity_path_follower]: waypoint 2082 / 5251 도달 (선 이탈 0.11 m)
[velocity_path_follower.py-9] [INFO] [1786827696.042966282] [velocity_path_follower]: waypoint 2083 / 5251 도달 (선 이탈 0.07 m)
[velocity_path_follower.py-9] [INFO] [1786827696.443079219] [velocity_path_follower]: waypoint 2084 / 5251 도달 (선 이탈 0.03 m)
[velocity_path_follower.py-9] [INFO] [1786827696.492934773] [velocity_path_follower]: 890.0s  wp 2085/5251 이탈0.0m  위치 (  -8.46,  -126.08,   7.15)
[velocity_path_follower.py-9] [INFO] [1786827696.742976488] [velocity_path_follower]: waypoint 2085 / 5251 도달 (선 이탈 0.00 m)
[velocity_path_follower.py-9] [INFO] [1786827697.146534056] [velocity_path_follower]: waypoint 2086 / 5251 도달 (선 이탈 0.04 m)
[velocity_path_follower.py-9] [INFO] [1786827697.496330671] [velocity_path_follower]: waypoint 2087 / 5251 도달 (선 이탈 0.07 m)
[velocity_path_follower.py-9] [INFO] [1786827701.060150134] [velocity_path_follower]: waypoint 2088 / 5251 도달 (선 이탈 0.28 m)
[velocity_path_follower.py-9] [INFO] [1786827701.110479705] [velocity_path_follower]: waypoint 2089 / 5251 도달 (선 이탈 0.28 m)
[velocity_path_follower.py-9] [INFO] [1786827701.160416261] [velocity_path_follower]: waypoint 2090 / 5251 도달 (선 이탈 0.28 m)
[velocity_path_follower.py-9] [INFO] [1786827701.210319275] [velocity_path_follower]: waypoint 2091 / 5251 도달 (선 이탈 0.28 m)
[velocity_path_follower.py-9] [INFO] [1786827701.260391378] [velocity_path_follower]: waypoint 2092 / 5251 도달 (선 이탈 0.29 m)
[velocity_path_follower.py-9] [INFO] [1786827701.310365560] [velocity_path_follower]: waypoint 2093 / 5251 도달 (선 이탈 0.29 m)
[velocity_path_follower.py-9] [INFO] [1786827701.360359286] [velocity_path_follower]: waypoint 2094 / 5251 도달 (선 이탈 0.29 m)
[velocity_path_follower.py-9] [INFO] [1786827701.410367886] [velocity_path_follower]: waypoint 2095 / 5251 도달 (선 이탈 0.29 m)
[velocity_path_follower.py-9] [INFO] [1786827701.510133662] [velocity_path_follower]: 895.0s  wp 2096/5251 이탈0.3m  위치 (  -2.89,  -126.39,   6.71)
[velocity_path_follower.py-9] [INFO] [1786827701.960640918] [velocity_path_follower]: waypoint 2096 / 5251 도달 (선 이탈 0.31 m)
[velocity_path_follower.py-9] [INFO] [1786827702.610427796] [velocity_path_follower]: waypoint 2097 / 5251 도달 (선 이탈 0.31 m)
[velocity_path_follower.py-9] [INFO] [1786827703.210358663] [velocity_path_follower]: waypoint 2098 / 5251 도달 (선 이탈 0.30 m)
[velocity_path_follower.py-9] [INFO] [1786827703.762494220] [velocity_path_follower]: waypoint 2099 / 5251 도달 (선 이탈 0.28 m)
[velocity_path_follower.py-9] [INFO] [1786827704.312492612] [velocity_path_follower]: waypoint 2100 / 5251 도달 (선 이탈 0.25 m)
[velocity_path_follower.py-9] [INFO] [1786827704.814972290] [velocity_path_follower]: waypoint 2101 / 5251 도달 (선 이탈 0.21 m)
[velocity_path_follower.py-9] [INFO] [1786827705.317075493] [velocity_path_follower]: waypoint 2102 / 5251 도달 (선 이탈 0.17 m)
[velocity_path_follower.py-9] [INFO] [1786827705.769004590] [velocity_path_follower]: waypoint 2103 / 5251 도달 (선 이탈 0.13 m)
[velocity_path_follower.py-9] [INFO] [1786827706.269011047] [velocity_path_follower]: waypoint 2104 / 5251 도달 (선 이탈 0.08 m)
[velocity_path_follower.py-9] [INFO] [1786827706.518839123] [velocity_path_follower]: 900.0s  wp 2105/5251 이탈0.1m  위치 (   1.72,  -126.16,   7.77)
[velocity_path_follower.py-9] [INFO] [1786827706.669007887] [velocity_path_follower]: waypoint 2105 / 5251 도달 (선 이탈 0.05 m)
[velocity_path_follower.py-9] [INFO] [1786827707.120986609] [velocity_path_follower]: waypoint 2106 / 5251 도달 (선 이탈 0.01 m)
[velocity_path_follower.py-9] [INFO] [1786827707.570957504] [velocity_path_follower]: waypoint 2107 / 5251 도달 (선 이탈 0.03 m)
[velocity_path_follower.py-9] [INFO] [1786827707.974701110] [velocity_path_follower]: waypoint 2108 / 5251 도달 (선 이탈 0.06 m)
[velocity_path_follower.py-9] [INFO] [1786827708.374917955] [velocity_path_follower]: waypoint 2109 / 5251 도달 (선 이탈 0.08 m)
[velocity_path_follower.py-9] [INFO] [1786827708.825154985] [velocity_path_follower]: waypoint 2110 / 5251 도달 (선 이탈 0.11 m)
[velocity_path_follower.py-9] [INFO] [1786827709.224840560] [velocity_path_follower]: waypoint 2111 / 5251 도달 (선 이탈 0.13 m)
[velocity_path_follower.py-9] [INFO] [1786827709.624936317] [velocity_path_follower]: waypoint 2112 / 5251 도달 (선 이탈 0.14 m)
[velocity_path_follower.py-9] [INFO] [1786827709.974924345] [velocity_path_follower]: waypoint 2113 / 5251 도달 (선 이탈 0.15 m)
[velocity_path_follower.py-9] [INFO] [1786827710.374900180] [velocity_path_follower]: waypoint 2114 / 5251 도달 (선 이탈 0.16 m)
[velocity_path_follower.py-9] [INFO] [1786827710.775791466] [velocity_path_follower]: waypoint 2115 / 5251 도달 (선 이탈 0.16 m)
[velocity_path_follower.py-9] [INFO] [1786827711.175053857] [velocity_path_follower]: waypoint 2116 / 5251 도달 (선 이탈 0.16 m)
[velocity_path_follower.py-9] [INFO] [1786827711.524960755] [velocity_path_follower]: waypoint 2117 / 5251 도달 (선 이탈 0.16 m)
[velocity_path_follower.py-9] [INFO] [1786827711.574861476] [velocity_path_follower]: 905.1s  wp 2118/5251 이탈0.2m  위치 (   7.98,  -125.94,   9.22)
[velocity_path_follower.py-9] [INFO] [1786827711.924888504] [velocity_path_follower]: waypoint 2118 / 5251 도달 (선 이탈 0.15 m)
[velocity_path_follower.py-9] [INFO] [1786827712.275011035] [velocity_path_follower]: waypoint 2119 / 5251 도달 (선 이탈 0.14 m)
[velocity_path_follower.py-9] [INFO] [1786827712.675118914] [velocity_path_follower]: waypoint 2120 / 5251 도달 (선 이탈 0.13 m)
[velocity_path_follower.py-9] [INFO] [1786827713.024927975] [velocity_path_follower]: waypoint 2121 / 5251 도달 (선 이탈 0.12 m)
[velocity_path_follower.py-9] [INFO] [1786827713.424967684] [velocity_path_follower]: waypoint 2122 / 5251 도달 (선 이탈 0.10 m)
[velocity_path_follower.py-9] [INFO] [1786827713.775217261] [velocity_path_follower]: waypoint 2123 / 5251 도달 (선 이탈 0.08 m)
[velocity_path_follower.py-9] [INFO] [1786827714.175123756] [velocity_path_follower]: waypoint 2124 / 5251 도달 (선 이탈 0.07 m)
[velocity_path_follower.py-9] [INFO] [1786827714.524944232] [velocity_path_follower]: waypoint 2125 / 5251 도달 (선 이탈 0.05 m)
[velocity_path_follower.py-9] [INFO] [1786827714.875048302] [velocity_path_follower]: waypoint 2126 / 5251 도달 (선 이탈 0.03 m)
[velocity_path_follower.py-9] [INFO] [1786827715.224915196] [velocity_path_follower]: waypoint 2127 / 5251 도달 (선 이탈 0.02 m)
[velocity_path_follower.py-9] [INFO] [1786827715.574828466] [velocity_path_follower]: waypoint 2128 / 5251 도달 (선 이탈 0.00 m)
[velocity_path_follower.py-9] [INFO] [1786827715.977754283] [velocity_path_follower]: waypoint 2129 / 5251 도달 (선 이탈 0.01 m)
[velocity_path_follower.py-9] [INFO] [1786827716.327748347] [velocity_path_follower]: waypoint 2130 / 5251 도달 (선 이탈 0.03 m)
[velocity_path_follower.py-9] [INFO] [1786827716.527593110] [velocity_path_follower]: 910.0s  wp 2131/5251 이탈0.0m  위치 (  14.71,  -126.13,  11.19)
[velocity_path_follower.py-9] [INFO] [1786827716.677765745] [velocity_path_follower]: waypoint 2131 / 5251 도달 (선 이탈 0.04 m)
[velocity_path_follower.py-9] [INFO] [1786827717.029651673] [velocity_path_follower]: waypoint 2132 / 5251 도달 (선 이탈 0.05 m)
[velocity_path_follower.py-9] [INFO] [1786827717.381890904] [velocity_path_follower]: waypoint 2133 / 5251 도달 (선 이탈 0.06 m)
[velocity_path_follower.py-9] [INFO] [1786827717.782033780] [velocity_path_follower]: waypoint 2134 / 5251 도달 (선 이탈 0.07 m)
[velocity_path_follower.py-9] [INFO] [1786827718.131893004] [velocity_path_follower]: waypoint 2135 / 5251 도달 (선 이탈 0.07 m)
[velocity_path_follower.py-9] [INFO] [1786827718.483777222] [velocity_path_follower]: waypoint 2136 / 5251 도달 (선 이탈 0.08 m)
[velocity_path_follower.py-9] [INFO] [1786827718.833855246] [velocity_path_follower]: waypoint 2137 / 5251 도달 (선 이탈 0.08 m)
[velocity_path_follower.py-9] [INFO] [1786827719.183761179] [velocity_path_follower]: waypoint 2138 / 5251 도달 (선 이탈 0.08 m)
[velocity_path_follower.py-9] [INFO] [1786827719.534147047] [velocity_path_follower]: waypoint 2139 / 5251 도달 (선 이탈 0.08 m)
[velocity_path_follower.py-9] [INFO] [1786827719.886051973] [velocity_path_follower]: waypoint 2140 / 5251 도달 (선 이탈 0.08 m)
[velocity_path_follower.py-9] [INFO] [1786827720.235933280] [velocity_path_follower]: waypoint 2141 / 5251 도달 (선 이탈 0.08 m)
[velocity_path_follower.py-9] [INFO] [1786827720.585977551] [velocity_path_follower]: waypoint 2142 / 5251 도달 (선 이탈 0.08 m)
[velocity_path_follower.py-9] [INFO] [1786827720.936743224] [velocity_path_follower]: waypoint 2143 / 5251 도달 (선 이탈 0.07 m)
[velocity_path_follower.py-9] [INFO] [1786827721.286114052] [velocity_path_follower]: waypoint 2144 / 5251 도달 (선 이탈 0.06 m)
[velocity_path_follower.py-9] [INFO] [1786827721.538514799] [velocity_path_follower]: 915.0s  wp 2145/5251 이탈0.1m  위치 (  21.77,  -126.16,  11.49)
[velocity_path_follower.py-9] [INFO] [1786827721.639466781] [velocity_path_follower]: waypoint 2145 / 5251 도달 (선 이탈 0.06 m)
[velocity_path_follower.py-9] [INFO] [1786827721.991439915] [velocity_path_follower]: waypoint 2146 / 5251 도달 (선 이탈 0.05 m)
[velocity_path_follower.py-9] [INFO] [1786827722.341123338] [velocity_path_follower]: waypoint 2147 / 5251 도달 (선 이탈 0.04 m)
[velocity_path_follower.py-9] [INFO] [1786827722.691007851] [velocity_path_follower]: waypoint 2148 / 5251 도달 (선 이탈 0.03 m)
[velocity_path_follower.py-9] [INFO] [1786827723.041058828] [velocity_path_follower]: waypoint 2149 / 5251 도달 (선 이탈 0.02 m)
[velocity_path_follower.py-9] [INFO] [1786827723.390982884] [velocity_path_follower]: waypoint 2150 / 5251 도달 (선 이탈 0.02 m)
[velocity_path_follower.py-9] [INFO] [1786827723.741071946] [velocity_path_follower]: waypoint 2151 / 5251 도달 (선 이탈 0.01 m)
[velocity_path_follower.py-9] [INFO] [1786827724.095497546] [velocity_path_follower]: waypoint 2152 / 5251 도달 (선 이탈 0.00 m)
[velocity_path_follower.py-9] [INFO] [1786827724.444365352] [velocity_path_follower]: waypoint 2153 / 5251 도달 (선 이탈 0.01 m)
[velocity_path_follower.py-9] [INFO] [1786827724.797181808] [velocity_path_follower]: waypoint 2154 / 5251 도달 (선 이탈 0.01 m)
[velocity_path_follower.py-9] [INFO] [1786827725.146881312] [velocity_path_follower]: waypoint 2155 / 5251 도달 (선 이탈 0.02 m)
[velocity_path_follower.py-9] [INFO] [1786827725.496872994] [velocity_path_follower]: waypoint 2156 / 5251 도달 (선 이탈 0.03 m)
[velocity_path_follower.py-9] [INFO] [1786827725.846829590] [velocity_path_follower]: waypoint 2157 / 5251 도달 (선 이탈 0.03 m)
[velocity_path_follower.py-9] [INFO] [1786827726.196689516] [velocity_path_follower]: waypoint 2158 / 5251 도달 (선 이탈 0.04 m)
[velocity_path_follower.py-9] [INFO] [1786827726.549653517] [velocity_path_follower]: waypoint 2159 / 5251 도달 (선 이탈 0.04 m)
[velocity_path_follower.py-9] [INFO] [1786827726.599767160] [velocity_path_follower]: 920.1s  wp 2160/5251 이탈0.0m  위치 (  29.00,  -126.06,  10.55)
[velocity_path_follower.py-9] [INFO] [1786827726.901617147] [velocity_path_follower]: waypoint 2160 / 5251 도달 (선 이탈 0.04 m)
[velocity_path_follower.py-9] [INFO] [1786827727.253965124] [velocity_path_follower]: waypoint 2161 / 5251 도달 (선 이탈 0.04 m)
[velocity_path_follower.py-9] [INFO] [1786827727.603837966] [velocity_path_follower]: waypoint 2162 / 5251 도달 (선 이탈 0.05 m)
[velocity_path_follower.py-9] [INFO] [1786827727.955900682] [velocity_path_follower]: waypoint 2163 / 5251 도달 (선 이탈 0.05 m)
[velocity_path_follower.py-9] [INFO] [1786827728.305634143] [velocity_path_follower]: waypoint 2164 / 5251 도달 (선 이탈 0.04 m)
[velocity_path_follower.py-9] [INFO] [1786827728.657994953] [velocity_path_follower]: waypoint 2165 / 5251 도달 (선 이탈 0.04 m)
[velocity_path_follower.py-9] [INFO] [1786827729.007895879] [velocity_path_follower]: waypoint 2166 / 5251 도달 (선 이탈 0.04 m)
[velocity_path_follower.py-9] [INFO] [1786827729.358235653] [velocity_path_follower]: waypoint 2167 / 5251 도달 (선 이탈 0.04 m)
[velocity_path_follower.py-9] [INFO] [1786827729.708023448] [velocity_path_follower]: waypoint 2168 / 5251 도달 (선 이탈 0.03 m)
[velocity_path_follower.py-9] [INFO] [1786827730.058009126] [velocity_path_follower]: waypoint 2169 / 5251 도달 (선 이탈 0.03 m)
[velocity_path_follower.py-9] [INFO] [1786827730.408002720] [velocity_path_follower]: waypoint 2170 / 5251 도달 (선 이탈 0.03 m)
[velocity_path_follower.py-9] [INFO] [1786827730.758061983] [velocity_path_follower]: waypoint 2171 / 5251 도달 (선 이탈 0.02 m)
[velocity_path_follower.py-9] [INFO] [1786827731.108021991] [velocity_path_follower]: waypoint 2172 / 5251 도달 (선 이탈 0.02 m)
[velocity_path_follower.py-9] [INFO] [1786827731.458049544] [velocity_path_follower]: waypoint 2173 / 5251 도달 (선 이탈 0.01 m)
[velocity_path_follower.py-9] [INFO] [1786827731.557690057] [velocity_path_follower]: 925.0s  wp 2174/5251 이탈0.0m  위치 (  36.10,  -126.09,  11.44)
[velocity_path_follower.py-9] [INFO] [1786827731.808177600] [velocity_path_follower]: waypoint 2174 / 5251 도달 (선 이탈 0.01 m)
[velocity_path_follower.py-9] [INFO] [1786827732.108119261] [velocity_path_follower]: waypoint 2175 / 5251 도달 (선 이탈 0.01 m)
[velocity_path_follower.py-9] [INFO] [1786827732.508103283] [velocity_path_follower]: waypoint 2176 / 5251 도달 (선 이탈 0.00 m)
[velocity_path_follower.py-9] [INFO] [1786827732.811817336] [velocity_path_follower]: waypoint 2177 / 5251 도달 (선 이탈 0.00 m)
[velocity_path_follower.py-9] [INFO] [1786827733.174789667] [velocity_path_follower]: waypoint 2178 / 5251 도달 (선 이탈 0.01 m)
[velocity_path_follower.py-9] [INFO] [1786827733.526556701] [velocity_path_follower]: waypoint 2179 / 5251 도달 (선 이탈 0.01 m)
[velocity_path_follower.py-9] [INFO] [1786827733.876910431] [velocity_path_follower]: waypoint 2180 / 5251 도달 (선 이탈 0.01 m)
[velocity_path_follower.py-9] [INFO] [1786827734.226950606] [velocity_path_follower]: waypoint 2181 / 5251 도달 (선 이탈 0.02 m)
[velocity_path_follower.py-9] [INFO] [1786827734.576633435] [velocity_path_follower]: waypoint 2182 / 5251 도달 (선 이탈 0.02 m)
[velocity_path_follower.py-9] [INFO] [1786827734.928640310] [velocity_path_follower]: waypoint 2183 / 5251 도달 (선 이탈 0.02 m)
[velocity_path_follower.py-9] [INFO] [1786827735.278791864] [velocity_path_follower]: waypoint 2184 / 5251 도달 (선 이탈 0.02 m)
[velocity_path_follower.py-9] [INFO] [1786827735.628869415] [velocity_path_follower]: waypoint 2185 / 5251 도달 (선 이탈 0.02 m)
[velocity_path_follower.py-9] [INFO] [1786827735.978698873] [velocity_path_follower]: waypoint 2186 / 5251 도달 (선 이탈 0.02 m)
[velocity_path_follower.py-9] [INFO] [1786827736.328661669] [velocity_path_follower]: waypoint 2187 / 5251 도달 (선 이탈 0.02 m)
[velocity_path_follower.py-9] [INFO] [1786827736.578525145] [velocity_path_follower]: 930.0s  wp 2188/5251 이탈0.0m  위치 (  43.30,  -126.12,  12.94)
[velocity_path_follower.py-9] [INFO] [1786827736.678824431] [velocity_path_follower]: waypoint 2188 / 5251 도달 (선 이탈 0.02 m)
[velocity_path_follower.py-9] [INFO] [1786827737.028919857] [velocity_path_follower]: waypoint 2189 / 5251 도달 (선 이탈 0.02 m)
[velocity_path_follower.py-9] [INFO] [1786827737.328819596] [velocity_path_follower]: waypoint 2190 / 5251 도달 (선 이탈 0.02 m)
[velocity_path_follower.py-9] [INFO] [1786827738.037046082] [velocity_path_follower]: waypoint 2191 / 5251 도달 (선 이탈 0.02 m)
[velocity_path_follower.py-9] [INFO] [1786827738.078791117] [velocity_path_follower]: waypoint 2192 / 5251 도달 (선 이탈 0.02 m)
[velocity_path_follower.py-9] [INFO] [1786827738.428637615] [velocity_path_follower]: waypoint 2193 / 5251 도달 (선 이탈 0.02 m)
[velocity_path_follower.py-9] [INFO] [1786827738.728820822] [velocity_path_follower]: waypoint 2194 / 5251 도달 (선 이탈 0.01 m)
[velocity_path_follower.py-9] [INFO] [1786827739.079111128] [velocity_path_follower]: waypoint 2195 / 5251 도달 (선 이탈 0.01 m)
[velocity_path_follower.py-9] [INFO] [1786827739.428636863] [velocity_path_follower]: waypoint 2196 / 5251 도달 (선 이탈 0.01 m)
[velocity_path_follower.py-9] [INFO] [1786827739.779023464] [velocity_path_follower]: waypoint 2197 / 5251 도달 (선 이탈 0.01 m)
[velocity_path_follower.py-9] [INFO] [1786827740.128580617] [velocity_path_follower]: waypoint 2198 / 5251 도달 (선 이탈 0.00 m)
[velocity_path_follower.py-9] [INFO] [1786827740.478856713] [velocity_path_follower]: waypoint 2199 / 5251 도달 (선 이탈 0.00 m)
[velocity_path_follower.py-9] [INFO] [1786827740.828605081] [velocity_path_follower]: waypoint 2200 / 5251 도달 (선 이탈 0.00 m)
[velocity_path_follower.py-9] [INFO] [1786827741.178805299] [velocity_path_follower]: waypoint 2201 / 5251 도달 (선 이탈 0.00 m)
[velocity_path_follower.py-9] [INFO] [1786827741.528618793] [velocity_path_follower]: waypoint 2202 / 5251 도달 (선 이탈 0.00 m)
[velocity_path_follower.py-9] [INFO] [1786827741.578637973] [velocity_path_follower]: 935.0s  wp 2203/5251 이탈0.0m  위치 (  50.54,  -126.10,  11.90)
[velocity_path_follower.py-9] [INFO] [1786827741.878902556] [velocity_path_follower]: waypoint 2203 / 5251 도달 (선 이탈 0.01 m)
[velocity_path_follower.py-9] [INFO] [1786827742.228862263] [velocity_path_follower]: waypoint 2204 / 5251 도달 (선 이탈 0.01 m)
[velocity_path_follower.py-9] [INFO] [1786827742.578840430] [velocity_path_follower]: waypoint 2205 / 5251 도달 (선 이탈 0.01 m)
[velocity_path_follower.py-9] [INFO] [1786827742.936404549] [velocity_path_follower]: waypoint 2206 / 5251 도달 (선 이탈 0.01 m)
[velocity_path_follower.py-9] [INFO] [1786827743.234923523] [velocity_path_follower]: waypoint 2207 / 5251 도달 (선 이탈 0.01 m)
[velocity_path_follower.py-9] [INFO] [1786827743.585038444] [velocity_path_follower]: waypoint 2208 / 5251 도달 (선 이탈 0.01 m)
[velocity_path_follower.py-9] [INFO] [1786827743.934921856] [velocity_path_follower]: waypoint 2209 / 5251 도달 (선 이탈 0.01 m)
[velocity_path_follower.py-9] [INFO] [1786827744.284979357] [velocity_path_follower]: waypoint 2210 / 5251 도달 (선 이탈 0.01 m)
[velocity_path_follower.py-9] [INFO] [1786827744.635062526] [velocity_path_follower]: waypoint 2211 / 5251 도달 (선 이탈 0.01 m)
[velocity_path_follower.py-9] [INFO] [1786827744.984750055] [velocity_path_follower]: waypoint 2212 / 5251 도달 (선 이탈 0.01 m)
[velocity_path_follower.py-9] [INFO] [1786827745.334937019] [velocity_path_follower]: waypoint 2213 / 5251 도달 (선 이탈 0.01 m)
[velocity_path_follower.py-9] [INFO] [1786827745.684887015] [velocity_path_follower]: waypoint 2214 / 5251 도달 (선 이탈 0.01 m)
[velocity_path_follower.py-9] [INFO] [1786827746.034851803] [velocity_path_follower]: waypoint 2215 / 5251 도달 (선 이탈 0.01 m)
[velocity_path_follower.py-9] [INFO] [1786827746.384858551] [velocity_path_follower]: waypoint 2216 / 5251 도달 (선 이탈 0.01 m)
[velocity_path_follower.py-9] [INFO] [1786827746.584855889] [velocity_path_follower]: 940.0s  wp 2217/5251 이탈0.0m  위치 (  57.72,  -126.09,   9.01)
[velocity_path_follower.py-9] [INFO] [1786827746.734935176] [velocity_path_follower]: waypoint 2217 / 5251 도달 (선 이탈 0.01 m)
[velocity_path_follower.py-9] [INFO] [1786827747.085021218] [velocity_path_follower]: waypoint 2218 / 5251 도달 (선 이탈 0.01 m)
[velocity_path_follower.py-9] [INFO] [1786827747.435064467] [velocity_path_follower]: waypoint 2219 / 5251 도달 (선 이탈 0.01 m)
[velocity_path_follower.py-9] [INFO] [1786827747.784945042] [velocity_path_follower]: waypoint 2220 / 5251 도달 (선 이탈 0.01 m)
[velocity_path_follower.py-9] [INFO] [1786827748.134809116] [velocity_path_follower]: waypoint 2221 / 5251 도달 (선 이탈 0.01 m)
[velocity_path_follower.py-9] [INFO] [1786827751.589623358] [velocity_path_follower]: 945.0s  wp 2222/5251 이탈2.3m  위치 (  63.74,  -124.74,   9.58)
[velocity_path_follower.py-9] [INFO] [1786827753.190263687] [velocity_path_follower]: waypoint 2222 / 5251 도달 (선 이탈 2.90 m)
[ros2-8] [INFO] [1786827756.021896348] [rosbag2_cpp]: Writing remaining messages from cache to the bag. It may take a while
[velocity_path_follower.py-9] [INFO] [1786827756.592224729] [velocity_path_follower]: 950.0s  wp 2224/5251 이탈0.9m  위치 (  63.41,  -121.18,  10.77)
[velocity_path_follower.py-9] [INFO] [1786827758.092534882] [velocity_path_follower]: waypoint 2224 / 5251 도달 (선 이탈 1.41 m)
[velocity_path_follower.py-9] [INFO] [1786827758.742390675] [velocity_path_follower]: waypoint 2225 / 5251 도달 (선 이탈 1.49 m)
[velocity_path_follower.py-9] [INFO] [1786827759.342370753] [velocity_path_follower]: waypoint 2226 / 5251 도달 (선 이탈 1.49 m)
[velocity_path_follower.py-9] [INFO] [1786827759.942331580] [velocity_path_follower]: waypoint 2227 / 5251 도달 (선 이탈 1.44 m)
[velocity_path_follower.py-9] [INFO] [1786827760.492412526] [velocity_path_follower]: waypoint 2228 / 5251 도달 (선 이탈 1.34 m)
[velocity_path_follower.py-9] [INFO] [1786827761.042302297] [velocity_path_follower]: waypoint 2229 / 5251 도달 (선 이탈 1.21 m)
[velocity_path_follower.py-9] [INFO] [1786827761.592400575] [velocity_path_follower]: waypoint 2230 / 5251 도달 (선 이탈 1.05 m)
[velocity_path_follower.py-9] [INFO] [1786827761.642350208] [velocity_path_follower]: 955.1s  wp 2231/5251 이탈1.0m  위치 (  59.32,  -121.07,  10.10)
[velocity_path_follower.py-9] [INFO] [1786827762.092391506] [velocity_path_follower]: waypoint 2231 / 5251 도달 (선 이탈 0.88 m)
[velocity_path_follower.py-9] [INFO] [1786827762.592319558] [velocity_path_follower]: waypoint 2232 / 5251 도달 (선 이탈 0.70 m)
[velocity_path_follower.py-9] [INFO] [1786827763.092483828] [velocity_path_follower]: waypoint 2233 / 5251 도달 (선 이탈 0.51 m)
[velocity_path_follower.py-9] [INFO] [1786827763.542455454] [velocity_path_follower]: waypoint 2234 / 5251 도달 (선 이탈 0.33 m)
[velocity_path_follower.py-9] [INFO] [1786827764.042575429] [velocity_path_follower]: waypoint 2235 / 5251 도달 (선 이탈 0.14 m)
[velocity_path_follower.py-9] [INFO] [1786827764.492438176] [velocity_path_follower]: waypoint 2236 / 5251 도달 (선 이탈 0.02 m)
[velocity_path_follower.py-9] [INFO] [1786827764.942506764] [velocity_path_follower]: waypoint 2237 / 5251 도달 (선 이탈 0.18 m)
[velocity_path_follower.py-9] [INFO] [1786827765.342584633] [velocity_path_follower]: waypoint 2238 / 5251 도달 (선 이탈 0.30 m)
[velocity_path_follower.py-9] [INFO] [1786827765.792434086] [velocity_path_follower]: waypoint 2239 / 5251 도달 (선 이탈 0.42 m)
[velocity_path_follower.py-9] [INFO] [1786827766.192454703] [velocity_path_follower]: waypoint 2240 / 5251 도달 (선 이탈 0.52 m)
[velocity_path_follower.py-9] [INFO] [1786827766.592377816] [velocity_path_follower]: waypoint 2241 / 5251 도달 (선 이탈 0.59 m)
[velocity_path_follower.py-9] [INFO] [1786827766.642313864] [velocity_path_follower]: 960.1s  wp 2242/5251 이탈0.6m  위치 (  53.81,  -122.70,   9.68)
[velocity_path_follower.py-9] [INFO] [1786827766.992435225] [velocity_path_follower]: waypoint 2242 / 5251 도달 (선 이탈 0.65 m)
[velocity_path_follower.py-9] [INFO] [1786827767.392319127] [velocity_path_follower]: waypoint 2243 / 5251 도달 (선 이탈 0.68 m)
[velocity_path_follower.py-9] [INFO] [1786827767.792592377] [velocity_path_follower]: waypoint 2244 / 5251 도달 (선 이탈 0.71 m)
[velocity_path_follower.py-9] [INFO] [1786827768.192470653] [velocity_path_follower]: waypoint 2245 / 5251 도달 (선 이탈 0.71 m)
[velocity_path_follower.py-9] [INFO] [1786827768.592432348] [velocity_path_follower]: waypoint 2246 / 5251 도달 (선 이탈 0.70 m)
[velocity_path_follower.py-9] [INFO] [1786827768.992389961] [velocity_path_follower]: waypoint 2247 / 5251 도달 (선 이탈 0.68 m)
[velocity_path_follower.py-9] [INFO] [1786827769.392410157] [velocity_path_follower]: waypoint 2248 / 5251 도달 (선 이탈 0.64 m)
[velocity_path_follower.py-9] [INFO] [1786827769.792446022] [velocity_path_follower]: waypoint 2249 / 5251 도달 (선 이탈 0.59 m)
[velocity_path_follower.py-9] [INFO] [1786827770.142612048] [velocity_path_follower]: waypoint 2250 / 5251 도달 (선 이탈 0.54 m)
[velocity_path_follower.py-9] [INFO] [1786827770.542403360] [velocity_path_follower]: waypoint 2251 / 5251 도달 (선 이탈 0.47 m)
[velocity_path_follower.py-9] [INFO] [1786827770.942448141] [velocity_path_follower]: waypoint 2252 / 5251 도달 (선 이탈 0.40 m)
[velocity_path_follower.py-9] [INFO] [1786827771.292459202] [velocity_path_follower]: waypoint 2253 / 5251 도달 (선 이탈 0.33 m)
[velocity_path_follower.py-9] [INFO] [1786827771.592357333] [velocity_path_follower]: 965.0s  wp 2254/5251 이탈0.3m  위치 (  47.52,  -122.37,  12.10)
[velocity_path_follower.py-9] [INFO] [1786827771.692652820] [velocity_path_follower]: waypoint 2254 / 5251 도달 (선 이탈 0.25 m)
[velocity_path_follower.py-9] [INFO] [1786827772.092534301] [velocity_path_follower]: waypoint 2255 / 5251 도달 (선 이탈 0.17 m)
[velocity_path_follower.py-9] [INFO] [1786827772.442287560] [velocity_path_follower]: waypoint 2256 / 5251 도달 (선 이탈 0.10 m)
[velocity_path_follower.py-9] [INFO] [1786827772.842437384] [velocity_path_follower]: waypoint 2257 / 5251 도달 (선 이탈 0.02 m)
[velocity_path_follower.py-9] [INFO] [1786827773.192482612] [velocity_path_follower]: waypoint 2258 / 5251 도달 (선 이탈 0.04 m)
[velocity_path_follower.py-9] [INFO] [1786827773.542449795] [velocity_path_follower]: waypoint 2259 / 5251 도달 (선 이탈 0.10 m)
[velocity_path_follower.py-9] [INFO] [1786827773.942372234] [velocity_path_follower]: waypoint 2260 / 5251 도달 (선 이탈 0.16 m)
[velocity_path_follower.py-9] [INFO] [1786827774.292541132] [velocity_path_follower]: waypoint 2261 / 5251 도달 (선 이탈 0.21 m)
[velocity_path_follower.py-9] [INFO] [1786827774.642479147] [velocity_path_follower]: waypoint 2262 / 5251 도달 (선 이탈 0.25 m)
[velocity_path_follower.py-9] [INFO] [1786827775.042621635] [velocity_path_follower]: waypoint 2263 / 5251 도달 (선 이탈 0.30 m)
[velocity_path_follower.py-9] [INFO] [1786827775.392351933] [velocity_path_follower]: waypoint 2264 / 5251 도달 (선 이탈 0.32 m)
[velocity_path_follower.py-9] [INFO] [1786827775.742393325] [velocity_path_follower]: waypoint 2265 / 5251 도달 (선 이탈 0.35 m)
[velocity_path_follower.py-9] [INFO] [1786827776.094895393] [velocity_path_follower]: waypoint 2266 / 5251 도달 (선 이탈 0.36 m)
[velocity_path_follower.py-9] [INFO] [1786827776.494686034] [velocity_path_follower]: waypoint 2267 / 5251 도달 (선 이탈 0.37 m)
[velocity_path_follower.py-9] [INFO] [1786827776.594605338] [velocity_path_follower]: 970.0s  wp 2268/5251 이탈0.4m  위치 (  40.72,  -121.73,  13.11)
[velocity_path_follower.py-9] [INFO] [1786827776.844553169] [velocity_path_follower]: waypoint 2268 / 5251 도달 (선 이탈 0.37 m)
[velocity_path_follower.py-9] [INFO] [1786827777.194636895] [velocity_path_follower]: waypoint 2269 / 5251 도달 (선 이탈 0.36 m)
[velocity_path_follower.py-9] [INFO] [1786827777.547866156] [velocity_path_follower]: waypoint 2270 / 5251 도달 (선 이탈 0.35 m)
[velocity_path_follower.py-9] [INFO] [1786827777.948658041] [velocity_path_follower]: waypoint 2271 / 5251 도달 (선 이탈 0.33 m)
[velocity_path_follower.py-9] [INFO] [1786827778.299016485] [velocity_path_follower]: waypoint 2272 / 5251 도달 (선 이탈 0.31 m)
[velocity_path_follower.py-9] [INFO] [1786827778.649278092] [velocity_path_follower]: waypoint 2273 / 5251 도달 (선 이탈 0.28 m)
[velocity_path_follower.py-9] [INFO] [1786827778.998804379] [velocity_path_follower]: waypoint 2274 / 5251 도달 (선 이탈 0.26 m)
[velocity_path_follower.py-9] [INFO] [1786827779.348952981] [velocity_path_follower]: waypoint 2275 / 5251 도달 (선 이탈 0.22 m)
[velocity_path_follower.py-9] [INFO] [1786827779.698838406] [velocity_path_follower]: waypoint 2276 / 5251 도달 (선 이탈 0.19 m)
[velocity_path_follower.py-9] [INFO] [1786827780.048836960] [velocity_path_follower]: waypoint 2277 / 5251 도달 (선 이탈 0.15 m)
[velocity_path_follower.py-9] [INFO] [1786827780.448927608] [velocity_path_follower]: waypoint 2278 / 5251 도달 (선 이탈 0.11 m)
[velocity_path_follower.py-9] [INFO] [1786827780.799067375] [velocity_path_follower]: waypoint 2279 / 5251 도달 (선 이탈 0.07 m)
[velocity_path_follower.py-9] [INFO] [1786827781.169127934] [velocity_path_follower]: waypoint 2280 / 5251 도달 (선 이탈 0.04 m)
[velocity_path_follower.py-9] [INFO] [1786827781.519023400] [velocity_path_follower]: waypoint 2281 / 5251 도달 (선 이탈 0.00 m)
[velocity_path_follower.py-9] [INFO] [1786827781.619254465] [velocity_path_follower]: 975.0s  wp 2282/5251 이탈0.0m  위치 (  33.70,  -122.11,  11.73)
[velocity_path_follower.py-9] [INFO] [1786827781.868954991] [velocity_path_follower]: waypoint 2282 / 5251 도달 (선 이탈 0.03 m)
[velocity_path_follower.py-9] [INFO] [1786827782.219160885] [velocity_path_follower]: waypoint 2283 / 5251 도달 (선 이탈 0.06 m)
[velocity_path_follower.py-9] [INFO] [1786827782.568967346] [velocity_path_follower]: waypoint 2284 / 5251 도달 (선 이탈 0.09 m)
[velocity_path_follower.py-9] [INFO] [1786827782.918998941] [velocity_path_follower]: waypoint 2285 / 5251 도달 (선 이탈 0.12 m)
[velocity_path_follower.py-9] [INFO] [1786827783.269059245] [velocity_path_follower]: waypoint 2286 / 5251 도달 (선 이탈 0.14 m)
[velocity_path_follower.py-9] [INFO] [1786827783.619222636] [velocity_path_follower]: waypoint 2287 / 5251 도달 (선 이탈 0.16 m)
[velocity_path_follower.py-9] [INFO] [1786827783.969034347] [velocity_path_follower]: waypoint 2288 / 5251 도달 (선 이탈 0.17 m)
[velocity_path_follower.py-9] [INFO] [1786827784.321598327] [velocity_path_follower]: waypoint 2289 / 5251 도달 (선 이탈 0.18 m)
[velocity_path_follower.py-9] [INFO] [1786827784.671591253] [velocity_path_follower]: waypoint 2290 / 5251 도달 (선 이탈 0.19 m)
[velocity_path_follower.py-9] [INFO] [1786827785.021779060] [velocity_path_follower]: waypoint 2291 / 5251 도달 (선 이탈 0.19 m)
[velocity_path_follower.py-9] [INFO] [1786827785.374225036] [velocity_path_follower]: waypoint 2292 / 5251 도달 (선 이탈 0.19 m)
[velocity_path_follower.py-9] [INFO] [1786827785.724183876] [velocity_path_follower]: waypoint 2293 / 5251 도달 (선 이탈 0.19 m)
[velocity_path_follower.py-9] [INFO] [1786827786.073938958] [velocity_path_follower]: waypoint 2294 / 5251 도달 (선 이탈 0.18 m)
[velocity_path_follower.py-9] [INFO] [1786827786.423964674] [velocity_path_follower]: waypoint 2295 / 5251 도달 (선 이탈 0.18 m)
[velocity_path_follower.py-9] [INFO] [1786827786.657856186] [velocity_path_follower]: 980.0s  wp 2296/5251 이탈0.2m  위치 (  26.58,  -122.27,  11.07)
[velocity_path_follower.py-9] [INFO] [1786827786.805479201] [velocity_path_follower]: waypoint 2296 / 5251 도달 (선 이탈 0.16 m)
[velocity_path_follower.py-9] [INFO] [1786827787.155691550] [velocity_path_follower]: waypoint 2297 / 5251 도달 (선 이탈 0.15 m)
[velocity_path_follower.py-9] [INFO] [1786827787.507964975] [velocity_path_follower]: waypoint 2298 / 5251 도달 (선 이탈 0.14 m)
[velocity_path_follower.py-9] [INFO] [1786827787.858106237] [velocity_path_follower]: waypoint 2299 / 5251 도달 (선 이탈 0.12 m)
[velocity_path_follower.py-9] [INFO] [1786827788.207666310] [velocity_path_follower]: waypoint 2300 / 5251 도달 (선 이탈 0.10 m)
[velocity_path_follower.py-9] [INFO] [1786827788.557830281] [velocity_path_follower]: waypoint 2301 / 5251 도달 (선 이탈 0.08 m)
[velocity_path_follower.py-9] [INFO] [1786827788.907850781] [velocity_path_follower]: waypoint 2302 / 5251 도달 (선 이탈 0.06 m)
[velocity_path_follower.py-9] [INFO] [1786827789.257848195] [velocity_path_follower]: waypoint 2303 / 5251 도달 (선 이탈 0.05 m)
[velocity_path_follower.py-9] [INFO] [1786827789.607849083] [velocity_path_follower]: waypoint 2304 / 5251 도달 (선 이탈 0.03 m)
[velocity_path_follower.py-9] [INFO] [1786827789.960222907] [velocity_path_follower]: waypoint 2305 / 5251 도달 (선 이탈 0.01 m)
[velocity_path_follower.py-9] [INFO] [1786827790.310127059] [velocity_path_follower]: waypoint 2306 / 5251 도달 (선 이탈 0.01 m)
[velocity_path_follower.py-9] [INFO] [1786827790.660546842] [velocity_path_follower]: waypoint 2307 / 5251 도달 (선 이탈 0.03 m)
[velocity_path_follower.py-9] [INFO] [1786827791.010003117] [velocity_path_follower]: waypoint 2308 / 5251 도달 (선 이탈 0.04 m)
[velocity_path_follower.py-9] [INFO] [1786827791.359902705] [velocity_path_follower]: waypoint 2309 / 5251 도달 (선 이탈 0.05 m)
[velocity_path_follower.py-9] [INFO] [1786827791.659952989] [velocity_path_follower]: 985.0s  wp 2310/5251 이탈0.1m  위치 (  19.45,  -122.04,   7.16)
[velocity_path_follower.py-9] [INFO] [1786827791.709984294] [velocity_path_follower]: waypoint 2310 / 5251 도달 (선 이탈 0.07 m)
[velocity_path_follower.py-9] [INFO] [1786827792.059992635] [velocity_path_follower]: waypoint 2311 / 5251 도달 (선 이탈 0.08 m)
[velocity_path_follower.py-9] [INFO] [1786827792.409994074] [velocity_path_follower]: waypoint 2312 / 5251 도달 (선 이탈 0.08 m)
[velocity_path_follower.py-9] [INFO] [1786827792.759978971] [velocity_path_follower]: waypoint 2313 / 5251 도달 (선 이탈 0.09 m)
[velocity_path_follower.py-9] [INFO] [1786827793.110114499] [velocity_path_follower]: waypoint 2314 / 5251 도달 (선 이탈 0.09 m)
[velocity_path_follower.py-9] [INFO] [1786827793.460157538] [velocity_path_follower]: waypoint 2315 / 5251 도달 (선 이탈 0.10 m)
[velocity_path_follower.py-9] [INFO] [1786827793.810089410] [velocity_path_follower]: waypoint 2316 / 5251 도달 (선 이탈 0.10 m)
[velocity_path_follower.py-9] [INFO] [1786827794.162227808] [velocity_path_follower]: waypoint 2317 / 5251 도달 (선 이탈 0.10 m)
[velocity_path_follower.py-9] [INFO] [1786827794.512161655] [velocity_path_follower]: waypoint 2318 / 5251 도달 (선 이탈 0.09 m)
[velocity_path_follower.py-9] [INFO] [1786827794.868891728] [velocity_path_follower]: waypoint 2319 / 5251 도달 (선 이탈 0.09 m)
[velocity_path_follower.py-9] [INFO] [1786827795.169129149] [velocity_path_follower]: waypoint 2320 / 5251 도달 (선 이탈 0.08 m)
[velocity_path_follower.py-9] [INFO] [1786827795.568576156] [velocity_path_follower]: waypoint 2321 / 5251 도달 (선 이탈 0.07 m)
[velocity_path_follower.py-9] [INFO] [1786827795.923898275] [velocity_path_follower]: waypoint 2322 / 5251 도달 (선 이탈 0.07 m)
[velocity_path_follower.py-9] [INFO] [1786827796.225571268] [velocity_path_follower]: waypoint 2323 / 5251 도달 (선 이탈 0.06 m)
[velocity_path_follower.py-9] [INFO] [1786827796.625839551] [velocity_path_follower]: waypoint 2324 / 5251 도달 (선 이탈 0.05 m)
[velocity_path_follower.py-9] [INFO] [1786827796.675604032] [velocity_path_follower]: 990.0s  wp 2325/5251 이탈0.0m  위치 (  12.27,  -122.05,   9.84)
[velocity_path_follower.py-9] [INFO] [1786827796.925658447] [velocity_path_follower]: waypoint 2325 / 5251 도달 (선 이탈 0.04 m)
[velocity_path_follower.py-9] [INFO] [1786827797.325821829] [velocity_path_follower]: waypoint 2326 / 5251 도달 (선 이탈 0.03 m)
[velocity_path_follower.py-9] [INFO] [1786827797.625660573] [velocity_path_follower]: waypoint 2327 / 5251 도달 (선 이탈 0.02 m)
[velocity_path_follower.py-9] [INFO] [1786827797.975815681] [velocity_path_follower]: waypoint 2328 / 5251 도달 (선 이탈 0.01 m)
[velocity_path_follower.py-9] [INFO] [1786827798.328419534] [velocity_path_follower]: waypoint 2329 / 5251 도달 (선 이탈 0.00 m)
[velocity_path_follower.py-9] [INFO] [1786827798.678110029] [velocity_path_follower]: waypoint 2330 / 5251 도달 (선 이탈 0.01 m)
[velocity_path_follower.py-9] [INFO] [1786827799.028747618] [velocity_path_follower]: waypoint 2331 / 5251 도달 (선 이탈 0.02 m)
[velocity_path_follower.py-9] [INFO] [1786827799.378065085] [velocity_path_follower]: waypoint 2332 / 5251 도달 (선 이탈 0.02 m)
[velocity_path_follower.py-9] [INFO] [1786827799.730303203] [velocity_path_follower]: waypoint 2333 / 5251 도달 (선 이탈 0.03 m)
[velocity_path_follower.py-9] [INFO] [1786827800.087842373] [velocity_path_follower]: waypoint 2334 / 5251 도달 (선 이탈 0.04 m)
[velocity_path_follower.py-9] [INFO] [1786827800.444929718] [velocity_path_follower]: waypoint 2335 / 5251 도달 (선 이탈 0.04 m)
[velocity_path_follower.py-9] [INFO] [1786827800.796923976] [velocity_path_follower]: waypoint 2336 / 5251 도달 (선 이탈 0.05 m)
[velocity_path_follower.py-9] [INFO] [1786827801.146884389] [velocity_path_follower]: waypoint 2337 / 5251 도달 (선 이탈 0.05 m)
[velocity_path_follower.py-9] [INFO] [1786827801.501949192] [velocity_path_follower]: waypoint 2338 / 5251 도달 (선 이탈 0.05 m)
[velocity_path_follower.py-9] [INFO] [1786827801.701587793] [velocity_path_follower]: 995.0s  wp 2339/5251 이탈0.1m  위치 (   5.06,  -122.15,  11.14)
[velocity_path_follower.py-9] [INFO] [1786827801.851648612] [velocity_path_follower]: waypoint 2339 / 5251 도달 (선 이탈 0.05 m)
[velocity_path_follower.py-9] [INFO] [1786827802.151849841] [velocity_path_follower]: waypoint 2340 / 5251 도달 (선 이탈 0.05 m)
[velocity_path_follower.py-9] [INFO] [1786827802.551844070] [velocity_path_follower]: waypoint 2341 / 5251 도달 (선 이탈 0.05 m)
[velocity_path_follower.py-9] [INFO] [1786827802.852129890] [velocity_path_follower]: waypoint 2342 / 5251 도달 (선 이탈 0.05 m)
[velocity_path_follower.py-9] [INFO] [1786827803.251833545] [velocity_path_follower]: waypoint 2343 / 5251 도달 (선 이탈 0.05 m)
[velocity_path_follower.py-9] [INFO] [1786827803.551679833] [velocity_path_follower]: waypoint 2344 / 5251 도달 (선 이탈 0.05 m)
[velocity_path_follower.py-9] [INFO] [1786827803.901785624] [velocity_path_follower]: waypoint 2345 / 5251 도달 (선 이탈 0.04 m)
[velocity_path_follower.py-9] [INFO] [1786827804.261339555] [velocity_path_follower]: waypoint 2346 / 5251 도달 (선 이탈 0.04 m)
[velocity_path_follower.py-9] [INFO] [1786827804.610847024] [velocity_path_follower]: waypoint 2347 / 5251 도달 (선 이탈 0.03 m)
[velocity_path_follower.py-9] [INFO] [1786827804.960586578] [velocity_path_follower]: waypoint 2348 / 5251 도달 (선 이탈 0.03 m)
[velocity_path_follower.py-9] [INFO] [1786827805.310828526] [velocity_path_follower]: waypoint 2349 / 5251 도달 (선 이탈 0.02 m)
[velocity_path_follower.py-9] [INFO] [1786827805.660885725] [velocity_path_follower]: waypoint 2350 / 5251 도달 (선 이탈 0.02 m)
[velocity_path_follower.py-9] [INFO] [1786827806.010946507] [velocity_path_follower]: waypoint 2351 / 5251 도달 (선 이탈 0.01 m)
[velocity_path_follower.py-9] [INFO] [1786827806.362757738] [velocity_path_follower]: waypoint 2352 / 5251 도달 (선 이탈 0.01 m)
[velocity_path_follower.py-9] [INFO] [1786827806.712662743] [velocity_path_follower]: waypoint 2353 / 5251 도달 (선 이탈 0.00 m)
[velocity_path_follower.py-9] [INFO] [1786827806.762854044] [velocity_path_follower]: 1000.1s  wp 2354/5251 이탈0.0m  위치 (  -2.23,  -122.10,   9.07)
[velocity_path_follower.py-9] [INFO] [1786827807.065041191] [velocity_path_follower]: waypoint 2354 / 5251 도달 (선 이탈 0.00 m)
[velocity_path_follower.py-9] [INFO] [1786827807.417059649] [velocity_path_follower]: waypoint 2355 / 5251 도달 (선 이탈 0.01 m)
[velocity_path_follower.py-9] [INFO] [1786827807.767235715] [velocity_path_follower]: waypoint 2356 / 5251 도달 (선 이탈 0.01 m)
[velocity_path_follower.py-9] [INFO] [1786827808.066882770] [velocity_path_follower]: waypoint 2357 / 5251 도달 (선 이탈 0.01 m)
[velocity_path_follower.py-9] [INFO] [1786827808.466905196] [velocity_path_follower]: waypoint 2358 / 5251 도달 (선 이탈 0.02 m)
[velocity_path_follower.py-9] [INFO] [1786827808.767108600] [velocity_path_follower]: waypoint 2359 / 5251 도달 (선 이탈 0.02 m)
[velocity_path_follower.py-9] [INFO] [1786827809.117250521] [velocity_path_follower]: waypoint 2360 / 5251 도달 (선 이탈 0.02 m)
[velocity_path_follower.py-9] [INFO] [1786827809.466953532] [velocity_path_follower]: waypoint 2361 / 5251 도달 (선 이탈 0.02 m)
[velocity_path_follower.py-9] [INFO] [1786827809.817255215] [velocity_path_follower]: waypoint 2362 / 5251 도달 (선 이탈 0.03 m)
[velocity_path_follower.py-9] [INFO] [1786827810.166970526] [velocity_path_follower]: waypoint 2363 / 5251 도달 (선 이탈 0.03 m)
[velocity_path_follower.py-9] [INFO] [1786827810.517013098] [velocity_path_follower]: waypoint 2364 / 5251 도달 (선 이탈 0.03 m)
[velocity_path_follower.py-9] [INFO] [1786827810.869809196] [velocity_path_follower]: waypoint 2365 / 5251 도달 (선 이탈 0.03 m)
[velocity_path_follower.py-9] [INFO] [1786827811.719581087] [velocity_path_follower]: 1005.0s  climb       위치 (  -9.34,  -122.07,   6.15)
[velocity_path_follower.py-9] [INFO] [1786827814.778671178] [velocity_path_follower]: waypoint 2366 / 5251 도달 (선 이탈 0.02 m)
[velocity_path_follower.py-9] [INFO] [1786827814.828992790] [velocity_path_follower]: waypoint 2367 / 5251 도달 (선 이탈 0.02 m)
[velocity_path_follower.py-9] [INFO] [1786827814.878967815] [velocity_path_follower]: waypoint 2368 / 5251 도달 (선 이탈 0.02 m)
[velocity_path_follower.py-9] [INFO] [1786827814.928854548] [velocity_path_follower]: waypoint 2369 / 5251 도달 (선 이탈 0.02 m)
[velocity_path_follower.py-9] [INFO] [1786827814.978640197] [velocity_path_follower]: waypoint 2370 / 5251 도달 (선 이탈 0.02 m)
[velocity_path_follower.py-9] [INFO] [1786827815.028839850] [velocity_path_follower]: waypoint 2371 / 5251 도달 (선 이탈 0.02 m)
[velocity_path_follower.py-9] [INFO] [1786827815.078644168] [velocity_path_follower]: waypoint 2372 / 5251 도달 (선 이탈 0.02 m)
[velocity_path_follower.py-9] [INFO] [1786827815.128879990] [velocity_path_follower]: waypoint 2373 / 5251 도달 (선 이탈 0.02 m)
[velocity_path_follower.py-9] [INFO] [1786827815.178638349] [velocity_path_follower]: waypoint 2374 / 5251 도달 (선 이탈 0.02 m)
[velocity_path_follower.py-9] [INFO] [1786827815.728914949] [velocity_path_follower]: waypoint 2375 / 5251 도달 (선 이탈 0.02 m)
[velocity_path_follower.py-9] [INFO] [1786827816.381031808] [velocity_path_follower]: waypoint 2376 / 5251 도달 (선 이탈 0.01 m)
[velocity_path_follower.py-9] [INFO] [1786827816.731092436] [velocity_path_follower]: 1010.0s  wp 2377/5251 이탈0.0m  위치 ( -13.90,  -122.09,   7.85)
[velocity_path_follower.py-9] [INFO] [1786827816.980987378] [velocity_path_follower]: waypoint 2377 / 5251 도달 (선 이탈 0.01 m)
[velocity_path_follower.py-9] [INFO] [1786827817.531140194] [velocity_path_follower]: waypoint 2378 / 5251 도달 (선 이탈 0.01 m)
[velocity_path_follower.py-9] [INFO] [1786827818.101463755] [velocity_path_follower]: waypoint 2379 / 5251 도달 (선 이탈 0.01 m)
[velocity_path_follower.py-9] [INFO] [1786827818.600320258] [velocity_path_follower]: waypoint 2380 / 5251 도달 (선 이탈 0.00 m)
[velocity_path_follower.py-9] [INFO] [1786827819.100455404] [velocity_path_follower]: waypoint 2381 / 5251 도달 (선 이탈 0.00 m)
[velocity_path_follower.py-9] [INFO] [1786827819.550240652] [velocity_path_follower]: waypoint 2382 / 5251 도달 (선 이탈 0.00 m)
[velocity_path_follower.py-9] [INFO] [1786827820.000369987] [velocity_path_follower]: waypoint 2383 / 5251 도달 (선 이탈 0.00 m)
[velocity_path_follower.py-9] [INFO] [1786827820.450267299] [velocity_path_follower]: waypoint 2384 / 5251 도달 (선 이탈 0.00 m)
[velocity_path_follower.py-9] [INFO] [1786827820.850227738] [velocity_path_follower]: waypoint 2385 / 5251 도달 (선 이탈 0.01 m)
[velocity_path_follower.py-9] [INFO] [1786827821.300237356] [velocity_path_follower]: waypoint 2386 / 5251 도달 (선 이탈 0.01 m)
[velocity_path_follower.py-9] [INFO] [1786827821.700334982] [velocity_path_follower]: waypoint 2387 / 5251 도달 (선 이탈 0.01 m)
[velocity_path_follower.py-9] [INFO] [1786827821.750191897] [velocity_path_follower]: 1015.0s  wp 2388/5251 이탈0.0m  위치 ( -19.15,  -122.11,  10.58)
[velocity_path_follower.py-9] [INFO] [1786827822.150264280] [velocity_path_follower]: waypoint 2388 / 5251 도달 (선 이탈 0.01 m)
[velocity_path_follower.py-9] [INFO] [1786827822.550298632] [velocity_path_follower]: waypoint 2389 / 5251 도달 (선 이탈 0.01 m)
[velocity_path_follower.py-9] [INFO] [1786827822.950211066] [velocity_path_follower]: waypoint 2390 / 5251 도달 (선 이탈 0.01 m)
[velocity_path_follower.py-9] [INFO] [1786827823.350237184] [velocity_path_follower]: waypoint 2391 / 5251 도달 (선 이탈 0.01 m)
[velocity_path_follower.py-9] [INFO] [1786827823.750252262] [velocity_path_follower]: waypoint 2392 / 5251 도달 (선 이탈 0.01 m)
[velocity_path_follower.py-9] [INFO] [1786827824.150215138] [velocity_path_follower]: waypoint 2393 / 5251 도달 (선 이탈 0.01 m)
[velocity_path_follower.py-9] [INFO] [1786827824.500108227] [velocity_path_follower]: waypoint 2394 / 5251 도달 (선 이탈 0.01 m)
[velocity_path_follower.py-9] [INFO] [1786827824.900385326] [velocity_path_follower]: waypoint 2395 / 5251 도달 (선 이탈 0.01 m)
[velocity_path_follower.py-9] [INFO] [1786827825.300180309] [velocity_path_follower]: waypoint 2396 / 5251 도달 (선 이탈 0.01 m)
[velocity_path_follower.py-9] [INFO] [1786827825.650193498] [velocity_path_follower]: waypoint 2397 / 5251 도달 (선 이탈 0.01 m)
[velocity_path_follower.py-9] [INFO] [1786827826.050404909] [velocity_path_follower]: waypoint 2398 / 5251 도달 (선 이탈 0.01 m)
[velocity_path_follower.py-9] [INFO] [1786827826.400316987] [velocity_path_follower]: waypoint 2399 / 5251 도달 (선 이탈 0.00 m)
[velocity_path_follower.py-9] [INFO] [1786827826.752735092] [velocity_path_follower]: 1020.0s  wp 2400/5251 이탈0.0m  위치 ( -25.58,  -122.10,   9.16)
[velocity_path_follower.py-9] [INFO] [1786827826.803031106] [velocity_path_follower]: waypoint 2400 / 5251 도달 (선 이탈 0.00 m)
[velocity_path_follower.py-9] [INFO] [1786827827.152667731] [velocity_path_follower]: waypoint 2401 / 5251 도달 (선 이탈 0.00 m)
[velocity_path_follower.py-9] [INFO] [1786827827.502898745] [velocity_path_follower]: waypoint 2402 / 5251 도달 (선 이탈 0.00 m)
[velocity_path_follower.py-9] [INFO] [1786827827.902850271] [velocity_path_follower]: waypoint 2403 / 5251 도달 (선 이탈 0.00 m)
[velocity_path_follower.py-9] [INFO] [1786827828.252866128] [velocity_path_follower]: waypoint 2404 / 5251 도달 (선 이탈 0.00 m)
[velocity_path_follower.py-9] [INFO] [1786827828.602893448] [velocity_path_follower]: waypoint 2405 / 5251 도달 (선 이탈 0.00 m)
[velocity_path_follower.py-9] [INFO] [1786827828.952986393] [velocity_path_follower]: waypoint 2406 / 5251 도달 (선 이탈 0.00 m)
[velocity_path_follower.py-9] [INFO] [1786827829.352905619] [velocity_path_follower]: waypoint 2407 / 5251 도달 (선 이탈 0.00 m)
[velocity_path_follower.py-9] [INFO] [1786827829.702908371] [velocity_path_follower]: waypoint 2408 / 5251 도달 (선 이탈 0.00 m)
[velocity_path_follower.py-9] [INFO] [1786827830.053077127] [velocity_path_follower]: waypoint 2409 / 5251 도달 (선 이탈 0.00 m)
[velocity_path_follower.py-9] [INFO] [1786827830.402682141] [velocity_path_follower]: waypoint 2410 / 5251 도달 (선 이탈 0.00 m)
[velocity_path_follower.py-9] [INFO] [1786827830.806313009] [velocity_path_follower]: waypoint 2411 / 5251 도달 (선 이탈 0.00 m)
[velocity_path_follower.py-9] [INFO] [1786827831.155148605] [velocity_path_follower]: waypoint 2412 / 5251 도달 (선 이탈 0.00 m)
[velocity_path_follower.py-9] [INFO] [1786827831.505324641] [velocity_path_follower]: waypoint 2413 / 5251 도달 (선 이탈 0.00 m)
[velocity_path_follower.py-9] [INFO] [1786827831.755244086] [velocity_path_follower]: 1025.0s  wp 2414/5251 이탈0.0m  위치 ( -32.52,  -122.10,   8.46)
[velocity_path_follower.py-9] [INFO] [1786827831.855233923] [velocity_path_follower]: waypoint 2414 / 5251 도달 (선 이탈 0.00 m)
[velocity_path_follower.py-9] [INFO] [1786827832.205206716] [velocity_path_follower]: waypoint 2415 / 5251 도달 (선 이탈 0.00 m)
[velocity_path_follower.py-9] [INFO] [1786827832.555265349] [velocity_path_follower]: waypoint 2416 / 5251 도달 (선 이탈 0.00 m)
[velocity_path_follower.py-9] [INFO] [1786827832.905198314] [velocity_path_follower]: waypoint 2417 / 5251 도달 (선 이탈 0.00 m)
[velocity_path_follower.py-9] [INFO] [1786827833.255350335] [velocity_path_follower]: waypoint 2418 / 5251 도달 (선 이탈 0.00 m)
[velocity_path_follower.py-9] [INFO] [1786827833.605375109] [velocity_path_follower]: waypoint 2419 / 5251 도달 (선 이탈 0.00 m)
[velocity_path_follower.py-9] [INFO] [1786827833.955311173] [velocity_path_follower]: waypoint 2420 / 5251 도달 (선 이탈 0.00 m)
[velocity_path_follower.py-9] [INFO] [1786827834.305239709] [velocity_path_follower]: waypoint 2421 / 5251 도달 (선 이탈 0.00 m)
[velocity_path_follower.py-9] [INFO] [1786827834.705231902] [velocity_path_follower]: waypoint 2422 / 5251 도달 (선 이탈 0.00 m)
[velocity_path_follower.py-9] [INFO] [1786827835.005301663] [velocity_path_follower]: waypoint 2423 / 5251 도달 (선 이탈 0.00 m)
[velocity_path_follower.py-9] [INFO] [1786827836.755322219] [velocity_path_follower]: 1030.0s  wp 2424/5251 이탈0.8m  위치 ( -39.41,  -121.77,   8.12)
[velocity_path_follower.py-9] [INFO] [1786827841.766859588] [velocity_path_follower]: 1035.0s  climb       위치 ( -41.91,  -118.68,   6.03)
[velocity_path_follower.py-9] [INFO] [1786827842.866111272] [velocity_path_follower]: waypoint 2424 / 5251 도달 (선 이탈 3.50 m)
[velocity_path_follower.py-9] [INFO] [1786827846.765784838] [velocity_path_follower]: 1040.0s  wp 2426/5251 이탈0.7m  위치 ( -40.72,  -117.36,   7.49)
[velocity_path_follower.py-9] [INFO] [1786827848.165973712] [velocity_path_follower]: waypoint 2426 / 5251 도달 (선 이탈 0.67 m)
[velocity_path_follower.py-9] [INFO] [1786827848.715910540] [velocity_path_follower]: waypoint 2427 / 5251 도달 (선 이탈 0.60 m)
[velocity_path_follower.py-9] [INFO] [1786827849.234879448] [velocity_path_follower]: waypoint 2428 / 5251 도달 (선 이탈 0.52 m)
[velocity_path_follower.py-9] [INFO] [1786827849.734229356] [velocity_path_follower]: waypoint 2429 / 5251 도달 (선 이탈 0.43 m)
[velocity_path_follower.py-9] [INFO] [1786827850.234194614] [velocity_path_follower]: waypoint 2430 / 5251 도달 (선 이탈 0.33 m)
[velocity_path_follower.py-9] [INFO] [1786827850.734248551] [velocity_path_follower]: waypoint 2431 / 5251 도달 (선 이탈 0.22 m)
[velocity_path_follower.py-9] [INFO] [1786827851.184231765] [velocity_path_follower]: waypoint 2432 / 5251 도달 (선 이탈 0.13 m)
[velocity_path_follower.py-9] [INFO] [1786827851.634177281] [velocity_path_follower]: waypoint 2433 / 5251 도달 (선 이탈 0.04 m)
[velocity_path_follower.py-9] [INFO] [1786827851.784328150] [velocity_path_follower]: 1045.0s  wp 2434/5251 이탈0.0m  위치 ( -35.86,  -118.09,   6.65)
[velocity_path_follower.py-9] [INFO] [1786827852.034180566] [velocity_path_follower]: waypoint 2434 / 5251 도달 (선 이탈 0.03 m)
[velocity_path_follower.py-9] [INFO] [1786827852.484157519] [velocity_path_follower]: waypoint 2435 / 5251 도달 (선 이탈 0.11 m)
[velocity_path_follower.py-9] [INFO] [1786827852.884127402] [velocity_path_follower]: waypoint 2436 / 5251 도달 (선 이탈 0.17 m)
[velocity_path_follower.py-9] [INFO] [1786827853.334112661] [velocity_path_follower]: waypoint 2437 / 5251 도달 (선 이탈 0.24 m)
[velocity_path_follower.py-9] [INFO] [1786827853.734251814] [velocity_path_follower]: waypoint 2438 / 5251 도달 (선 이탈 0.28 m)
[velocity_path_follower.py-9] [INFO] [1786827854.133981801] [velocity_path_follower]: waypoint 2439 / 5251 도달 (선 이탈 0.32 m)
[velocity_path_follower.py-9] [INFO] [1786827854.534078137] [velocity_path_follower]: waypoint 2440 / 5251 도달 (선 이탈 0.35 m)
[velocity_path_follower.py-9] [INFO] [1786827854.934113806] [velocity_path_follower]: waypoint 2441 / 5251 도달 (선 이탈 0.36 m)
[velocity_path_follower.py-9] [INFO] [1786827855.284191415] [velocity_path_follower]: waypoint 2442 / 5251 도달 (선 이탈 0.37 m)
[velocity_path_follower.py-9] [INFO] [1786827855.684569438] [velocity_path_follower]: waypoint 2443 / 5251 도달 (선 이탈 0.37 m)
[velocity_path_follower.py-9] [INFO] [1786827856.084948590] [velocity_path_follower]: waypoint 2444 / 5251 도달 (선 이탈 0.36 m)
[velocity_path_follower.py-9] [INFO] [1786827856.434029538] [velocity_path_follower]: waypoint 2445 / 5251 도달 (선 이탈 0.35 m)
[velocity_path_follower.py-9] [INFO] [1786827856.784200915] [velocity_path_follower]: 1050.0s  wp 2446/5251 이탈0.3m  위치 ( -29.64,  -118.43,   9.43)
[velocity_path_follower.py-9] [INFO] [1786827856.834239618] [velocity_path_follower]: waypoint 2446 / 5251 도달 (선 이탈 0.33 m)
[velocity_path_follower.py-9] [INFO] [1786827857.234233164] [velocity_path_follower]: waypoint 2447 / 5251 도달 (선 이탈 0.30 m)
[velocity_path_follower.py-9] [INFO] [1786827857.584140470] [velocity_path_follower]: waypoint 2448 / 5251 도달 (선 이탈 0.27 m)
[velocity_path_follower.py-9] [INFO] [1786827857.934018942] [velocity_path_follower]: waypoint 2449 / 5251 도달 (선 이탈 0.24 m)
[velocity_path_follower.py-9] [INFO] [1786827858.334258554] [velocity_path_follower]: waypoint 2450 / 5251 도달 (선 이탈 0.20 m)
[velocity_path_follower.py-9] [INFO] [1786827858.684865299] [velocity_path_follower]: waypoint 2451 / 5251 도달 (선 이탈 0.17 m)
[velocity_path_follower.py-9] [INFO] [1786827859.084122448] [velocity_path_follower]: waypoint 2452 / 5251 도달 (선 이탈 0.13 m)
[velocity_path_follower.py-9] [INFO] [1786827859.434084659] [velocity_path_follower]: waypoint 2453 / 5251 도달 (선 이탈 0.09 m)
[velocity_path_follower.py-9] [INFO] [1786827859.834101663] [velocity_path_follower]: waypoint 2454 / 5251 도달 (선 이탈 0.05 m)
[velocity_path_follower.py-9] [INFO] [1786827860.184274676] [velocity_path_follower]: waypoint 2455 / 5251 도달 (선 이탈 0.01 m)
[velocity_path_follower.py-9] [INFO] [1786827860.534458447] [velocity_path_follower]: waypoint 2456 / 5251 도달 (선 이탈 0.02 m)
[velocity_path_follower.py-9] [INFO] [1786827860.884217337] [velocity_path_follower]: waypoint 2457 / 5251 도달 (선 이탈 0.05 m)
[velocity_path_follower.py-9] [INFO] [1786827861.234188323] [velocity_path_follower]: waypoint 2458 / 5251 도달 (선 이탈 0.08 m)
[velocity_path_follower.py-9] [INFO] [1786827861.634222695] [velocity_path_follower]: waypoint 2459 / 5251 도달 (선 이탈 0.11 m)
[velocity_path_follower.py-9] [INFO] [1786827861.784042873] [velocity_path_follower]: 1055.0s  wp 2460/5251 이탈0.1m  위치 ( -22.85,  -117.98,  10.07)
[velocity_path_follower.py-9] [INFO] [1786827861.984141810] [velocity_path_follower]: waypoint 2460 / 5251 도달 (선 이탈 0.14 m)
[velocity_path_follower.py-9] [INFO] [1786827862.335065535] [velocity_path_follower]: waypoint 2461 / 5251 도달 (선 이탈 0.16 m)
[velocity_path_follower.py-9] [INFO] [1786827862.684178697] [velocity_path_follower]: waypoint 2462 / 5251 도달 (선 이탈 0.17 m)
[velocity_path_follower.py-9] [INFO] [1786827863.034153121] [velocity_path_follower]: waypoint 2463 / 5251 도달 (선 이탈 0.18 m)
[velocity_path_follower.py-9] [INFO] [1786827863.384448062] [velocity_path_follower]: waypoint 2464 / 5251 도달 (선 이탈 0.19 m)
[velocity_path_follower.py-9] [INFO] [1786827863.784122297] [velocity_path_follower]: waypoint 2465 / 5251 도달 (선 이탈 0.20 m)
[velocity_path_follower.py-9] [INFO] [1786827864.134135615] [velocity_path_follower]: waypoint 2466 / 5251 도달 (선 이탈 0.20 m)
[velocity_path_follower.py-9] [INFO] [1786827864.484324445] [velocity_path_follower]: waypoint 2467 / 5251 도달 (선 이탈 0.19 m)
[velocity_path_follower.py-9] [INFO] [1786827864.834194187] [velocity_path_follower]: waypoint 2468 / 5251 도달 (선 이탈 0.19 m)
[velocity_path_follower.py-9] [INFO] [1786827865.184136688] [velocity_path_follower]: waypoint 2469 / 5251 도달 (선 이탈 0.18 m)
[velocity_path_follower.py-9] [INFO] [1786827865.534223407] [velocity_path_follower]: waypoint 2470 / 5251 도달 (선 이탈 0.17 m)
[velocity_path_follower.py-9] [INFO] [1786827865.886384649] [velocity_path_follower]: waypoint 2471 / 5251 도달 (선 이탈 0.15 m)
[velocity_path_follower.py-9] [INFO] [1786827866.236294584] [velocity_path_follower]: waypoint 2472 / 5251 도달 (선 이탈 0.14 m)
[velocity_path_follower.py-9] [INFO] [1786827866.587123034] [velocity_path_follower]: waypoint 2473 / 5251 도달 (선 이탈 0.12 m)
[velocity_path_follower.py-9] [INFO] [1786827866.788633696] [velocity_path_follower]: 1060.0s  wp 2474/5251 이탈0.1m  위치 ( -15.82,  -117.99,   8.65)
[velocity_path_follower.py-9] [INFO] [1786827866.938570241] [velocity_path_follower]: waypoint 2474 / 5251 도달 (선 이탈 0.10 m)
[velocity_path_follower.py-9] [INFO] [1786827867.345016330] [velocity_path_follower]: waypoint 2475 / 5251 도달 (선 이탈 0.08 m)
[velocity_path_follower.py-9] [INFO] [1786827867.652350814] [velocity_path_follower]: waypoint 2476 / 5251 도달 (선 이탈 0.06 m)
[velocity_path_follower.py-9] [INFO] [1786827868.052240203] [velocity_path_follower]: waypoint 2477 / 5251 도달 (선 이탈 0.04 m)
[velocity_path_follower.py-9] [INFO] [1786827868.354895852] [velocity_path_follower]: waypoint 2478 / 5251 도달 (선 이탈 0.02 m)
[velocity_path_follower.py-9] [INFO] [1786827868.755068010] [velocity_path_follower]: waypoint 2479 / 5251 도달 (선 이탈 0.00 m)
[velocity_path_follower.py-9] [INFO] [1786827869.104690812] [velocity_path_follower]: waypoint 2480 / 5251 도달 (선 이탈 0.02 m)
[velocity_path_follower.py-9] [INFO] [1786827869.454649462] [velocity_path_follower]: waypoint 2481 / 5251 도달 (선 이탈 0.03 m)
[velocity_path_follower.py-9] [INFO] [1786827869.805073201] [velocity_path_follower]: waypoint 2482 / 5251 도달 (선 이탈 0.05 m)
[velocity_path_follower.py-9] [INFO] [1786827870.156854255] [velocity_path_follower]: waypoint 2483 / 5251 도달 (선 이탈 0.06 m)
[velocity_path_follower.py-9] [INFO] [1786827870.506627251] [velocity_path_follower]: waypoint 2484 / 5251 도달 (선 이탈 0.07 m)
[velocity_path_follower.py-9] [INFO] [1786827870.856931420] [velocity_path_follower]: waypoint 2485 / 5251 도달 (선 이탈 0.08 m)
[velocity_path_follower.py-9] [INFO] [1786827871.156882942] [velocity_path_follower]: waypoint 2486 / 5251 도달 (선 이탈 0.09 m)
[velocity_path_follower.py-9] [INFO] [1786827871.559599389] [velocity_path_follower]: waypoint 2487 / 5251 도달 (선 이탈 0.10 m)
[velocity_path_follower.py-9] [INFO] [1786827871.819018966] [velocity_path_follower]: 1065.0s  wp 2488/5251 이탈0.1m  위치 (  -8.68,  -118.20,   8.16)
[velocity_path_follower.py-9] [INFO] [1786827871.869081576] [velocity_path_follower]: waypoint 2488 / 5251 도달 (선 이탈 0.10 m)
[velocity_path_follower.py-9] [INFO] [1786827872.268956749] [velocity_path_follower]: waypoint 2489 / 5251 도달 (선 이탈 0.10 m)
[velocity_path_follower.py-9] [INFO] [1786827872.568813580] [velocity_path_follower]: waypoint 2490 / 5251 도달 (선 이탈 0.10 m)
[velocity_path_follower.py-9] [INFO] [1786827872.968989680] [velocity_path_follower]: waypoint 2491 / 5251 도달 (선 이탈 0.10 m)
[velocity_path_follower.py-9] [INFO] [1786827873.269015608] [velocity_path_follower]: waypoint 2492 / 5251 도달 (선 이탈 0.10 m)
[velocity_path_follower.py-9] [INFO] [1786827873.669300683] [velocity_path_follower]: waypoint 2493 / 5251 도달 (선 이탈 0.09 m)
[velocity_path_follower.py-9] [INFO] [1786827873.968892149] [velocity_path_follower]: waypoint 2494 / 5251 도달 (선 이탈 0.09 m)
[velocity_path_follower.py-9] [INFO] [1786827874.320897729] [velocity_path_follower]: waypoint 2495 / 5251 도달 (선 이탈 0.08 m)
[velocity_path_follower.py-9] [INFO] [1786827874.671979424] [velocity_path_follower]: waypoint 2496 / 5251 도달 (선 이탈 0.07 m)
[velocity_path_follower.py-9] [INFO] [1786827875.021644519] [velocity_path_follower]: waypoint 2497 / 5251 도달 (선 이탈 0.06 m)
[velocity_path_follower.py-9] [INFO] [1786827876.831066183] [velocity_path_follower]: 1070.0s  climb       위치 (  -1.79,  -118.12,   6.34)
[velocity_path_follower.py-9] [INFO] [1786827877.281026185] [velocity_path_follower]: waypoint 2498 / 5251 도달 (선 이탈 0.01 m)
[velocity_path_follower.py-9] [INFO] [1786827877.331347269] [velocity_path_follower]: waypoint 2499 / 5251 도달 (선 이탈 0.01 m)
[velocity_path_follower.py-9] [INFO] [1786827877.381020386] [velocity_path_follower]: waypoint 2500 / 5251 도달 (선 이탈 0.01 m)
[velocity_path_follower.py-9] [INFO] [1786827877.431397512] [velocity_path_follower]: waypoint 2501 / 5251 도달 (선 이탈 0.01 m)
[velocity_path_follower.py-9] [INFO] [1786827877.480992503] [velocity_path_follower]: waypoint 2502 / 5251 도달 (선 이탈 0.01 m)
[velocity_path_follower.py-9] [INFO] [1786827877.531330879] [velocity_path_follower]: waypoint 2503 / 5251 도달 (선 이탈 0.01 m)
[velocity_path_follower.py-9] [INFO] [1786827878.080980255] [velocity_path_follower]: waypoint 2504 / 5251 도달 (선 이탈 0.00 m)
[velocity_path_follower.py-9] [INFO] [1786827878.633669105] [velocity_path_follower]: waypoint 2505 / 5251 도달 (선 이탈 0.01 m)
[velocity_path_follower.py-9] [INFO] [1786827879.133803971] [velocity_path_follower]: waypoint 2506 / 5251 도달 (선 이탈 0.02 m)
[velocity_path_follower.py-9] [INFO] [1786827879.583692808] [velocity_path_follower]: waypoint 2507 / 5251 도달 (선 이탈 0.02 m)
[velocity_path_follower.py-9] [INFO] [1786827880.087085359] [velocity_path_follower]: waypoint 2508 / 5251 도달 (선 이탈 0.03 m)
[velocity_path_follower.py-9] [INFO] [1786827880.554060844] [velocity_path_follower]: waypoint 2509 / 5251 도달 (선 이탈 0.03 m)
[velocity_path_follower.py-9] [INFO] [1786827881.003847615] [velocity_path_follower]: waypoint 2510 / 5251 도달 (선 이탈 0.03 m)
[velocity_path_follower.py-9] [INFO] [1786827881.403793734] [velocity_path_follower]: waypoint 2511 / 5251 도달 (선 이탈 0.03 m)
[velocity_path_follower.py-9] [INFO] [1786827881.854091237] [velocity_path_follower]: waypoint 2512 / 5251 도달 (선 이탈 0.03 m)
[velocity_path_follower.py-9] [INFO] [1786827881.903570027] [velocity_path_follower]: 1075.1s  wp 2513/5251 이탈0.0m  위치 (   3.51,  -118.07,   9.92)
[velocity_path_follower.py-9] [INFO] [1786827882.253910240] [velocity_path_follower]: waypoint 2513 / 5251 도달 (선 이탈 0.03 m)
[velocity_path_follower.py-9] [INFO] [1786827882.654007419] [velocity_path_follower]: waypoint 2514 / 5251 도달 (선 이탈 0.03 m)
[velocity_path_follower.py-9] [INFO] [1786827883.054297394] [velocity_path_follower]: waypoint 2515 / 5251 도달 (선 이탈 0.03 m)
[velocity_path_follower.py-9] [INFO] [1786827883.503804633] [velocity_path_follower]: waypoint 2516 / 5251 도달 (선 이탈 0.03 m)
[velocity_path_follower.py-9] [INFO] [1786827883.853961570] [velocity_path_follower]: waypoint 2517 / 5251 도달 (선 이탈 0.02 m)
[velocity_path_follower.py-9] [INFO] [1786827884.254055942] [velocity_path_follower]: waypoint 2518 / 5251 도달 (선 이탈 0.02 m)
[velocity_path_follower.py-9] [INFO] [1786827884.654077653] [velocity_path_follower]: waypoint 2519 / 5251 도달 (선 이탈 0.02 m)
[velocity_path_follower.py-9] [INFO] [1786827885.053787070] [velocity_path_follower]: waypoint 2520 / 5251 도달 (선 이탈 0.01 m)
[velocity_path_follower.py-9] [INFO] [1786827885.404049787] [velocity_path_follower]: waypoint 2521 / 5251 도달 (선 이탈 0.01 m)
[velocity_path_follower.py-9] [INFO] [1786827885.803853094] [velocity_path_follower]: waypoint 2522 / 5251 도달 (선 이탈 0.01 m)
[velocity_path_follower.py-9] [INFO] [1786827886.153976607] [velocity_path_follower]: waypoint 2523 / 5251 도달 (선 이탈 0.00 m)
[velocity_path_follower.py-9] [INFO] [1786827886.553935933] [velocity_path_follower]: waypoint 2524 / 5251 도달 (선 이탈 0.00 m)
[velocity_path_follower.py-9] [INFO] [1786827886.853904812] [velocity_path_follower]: 1080.0s  wp 2525/5251 이탈0.0m  위치 (   9.83,  -118.10,  10.71)
[velocity_path_follower.py-9] [INFO] [1786827886.904078496] [velocity_path_follower]: waypoint 2525 / 5251 도달 (선 이탈 0.00 m)
[velocity_path_follower.py-9] [INFO] [1786827887.303657495] [velocity_path_follower]: waypoint 2526 / 5251 도달 (선 이탈 0.01 m)
[velocity_path_follower.py-9] [INFO] [1786827887.653860615] [velocity_path_follower]: waypoint 2527 / 5251 도달 (선 이탈 0.01 m)
[velocity_path_follower.py-9] [INFO] [1786827888.053795041] [velocity_path_follower]: waypoint 2528 / 5251 도달 (선 이탈 0.01 m)
[velocity_path_follower.py-9] [INFO] [1786827888.403844131] [velocity_path_follower]: waypoint 2529 / 5251 도달 (선 이탈 0.01 m)
[velocity_path_follower.py-9] [INFO] [1786827888.753984139] [velocity_path_follower]: waypoint 2530 / 5251 도달 (선 이탈 0.02 m)
[velocity_path_follower.py-9] [INFO] [1786827889.103908315] [velocity_path_follower]: waypoint 2531 / 5251 도달 (선 이탈 0.02 m)
[velocity_path_follower.py-9] [INFO] [1786827889.503833397] [velocity_path_follower]: waypoint 2532 / 5251 도달 (선 이탈 0.02 m)
[velocity_path_follower.py-9] [INFO] [1786827889.853924001] [velocity_path_follower]: waypoint 2533 / 5251 도달 (선 이탈 0.02 m)
[velocity_path_follower.py-9] [INFO] [1786827890.203992405] [velocity_path_follower]: waypoint 2534 / 5251 도달 (선 이탈 0.02 m)
[velocity_path_follower.py-9] [INFO] [1786827890.603700458] [velocity_path_follower]: waypoint 2535 / 5251 도달 (선 이탈 0.02 m)
[velocity_path_follower.py-9] [INFO] [1786827890.953865911] [velocity_path_follower]: waypoint 2536 / 5251 도달 (선 이탈 0.02 m)
[velocity_path_follower.py-9] [INFO] [1786827891.303781540] [velocity_path_follower]: waypoint 2537 / 5251 도달 (선 이탈 0.02 m)
[velocity_path_follower.py-9] [INFO] [1786827891.653817630] [velocity_path_follower]: waypoint 2538 / 5251 도달 (선 이탈 0.01 m)
[velocity_path_follower.py-9] [INFO] [1786827891.853526100] [velocity_path_follower]: 1085.0s  wp 2539/5251 이탈0.0m  위치 (  16.71,  -118.11,   8.60)
[velocity_path_follower.py-9] [INFO] [1786827892.003902263] [velocity_path_follower]: waypoint 2539 / 5251 도달 (선 이탈 0.01 m)
[velocity_path_follower.py-9] [INFO] [1786827892.353829074] [velocity_path_follower]: waypoint 2540 / 5251 도달 (선 이탈 0.01 m)
[velocity_path_follower.py-9] [INFO] [1786827892.703909387] [velocity_path_follower]: waypoint 2541 / 5251 도달 (선 이탈 0.01 m)
[velocity_path_follower.py-9] [INFO] [1786827893.053779283] [velocity_path_follower]: waypoint 2542 / 5251 도달 (선 이탈 0.01 m)
[velocity_path_follower.py-9] [INFO] [1786827893.404080821] [velocity_path_follower]: waypoint 2543 / 5251 도달 (선 이탈 0.01 m)
[velocity_path_follower.py-9] [INFO] [1786827893.803937090] [velocity_path_follower]: waypoint 2544 / 5251 도달 (선 이탈 0.00 m)
[velocity_path_follower.py-9] [INFO] [1786827894.104015434] [velocity_path_follower]: waypoint 2545 / 5251 도달 (선 이탈 0.00 m)
[velocity_path_follower.py-9] [INFO] [1786827894.503994805] [velocity_path_follower]: waypoint 2546 / 5251 도달 (선 이탈 0.00 m)
[velocity_path_follower.py-9] [INFO] [1786827894.853808392] [velocity_path_follower]: waypoint 2547 / 5251 도달 (선 이탈 0.00 m)
[velocity_path_follower.py-9] [INFO] [1786827895.203637446] [velocity_path_follower]: waypoint 2548 / 5251 도달 (선 이탈 0.00 m)
[velocity_path_follower.py-9] [INFO] [1786827895.553934804] [velocity_path_follower]: waypoint 2549 / 5251 도달 (선 이탈 0.00 m)
[velocity_path_follower.py-9] [INFO] [1786827895.903966283] [velocity_path_follower]: waypoint 2550 / 5251 도달 (선 이탈 0.01 m)
[velocity_path_follower.py-9] [INFO] [1786827896.253695101] [velocity_path_follower]: waypoint 2551 / 5251 도달 (선 이탈 0.01 m)
[velocity_path_follower.py-9] [INFO] [1786827896.554048272] [velocity_path_follower]: waypoint 2552 / 5251 도달 (선 이탈 0.01 m)
[velocity_path_follower.py-9] [INFO] [1786827896.853575641] [velocity_path_follower]: 1090.0s  wp 2553/5251 이탈0.0m  위치 (  23.80,  -118.09,  10.78)
[velocity_path_follower.py-9] [INFO] [1786827896.953888548] [velocity_path_follower]: waypoint 2553 / 5251 도달 (선 이탈 0.01 m)
[velocity_path_follower.py-9] [INFO] [1786827897.303997804] [velocity_path_follower]: waypoint 2554 / 5251 도달 (선 이탈 0.01 m)
[velocity_path_follower.py-9] [INFO] [1786827897.656329966] [velocity_path_follower]: waypoint 2555 / 5251 도달 (선 이탈 0.01 m)
[velocity_path_follower.py-9] [INFO] [1786827897.960692035] [velocity_path_follower]: waypoint 2556 / 5251 도달 (선 이탈 0.01 m)
[velocity_path_follower.py-9] [INFO] [1786827898.360528423] [velocity_path_follower]: waypoint 2557 / 5251 도달 (선 이탈 0.01 m)
[velocity_path_follower.py-9] [INFO] [1786827898.710437067] [velocity_path_follower]: waypoint 2558 / 5251 도달 (선 이탈 0.01 m)
[velocity_path_follower.py-9] [INFO] [1786827899.060611467] [velocity_path_follower]: waypoint 2559 / 5251 도달 (선 이탈 0.01 m)
[velocity_path_follower.py-9] [INFO] [1786827899.410305664] [velocity_path_follower]: waypoint 2560 / 5251 도달 (선 이탈 0.01 m)
[velocity_path_follower.py-9] [INFO] [1786827899.760331490] [velocity_path_follower]: waypoint 2561 / 5251 도달 (선 이탈 0.01 m)
[velocity_path_follower.py-9] [INFO] [1786827900.112445015] [velocity_path_follower]: waypoint 2562 / 5251 도달 (선 이탈 0.01 m)
[velocity_path_follower.py-9] [INFO] [1786827900.464693343] [velocity_path_follower]: waypoint 2563 / 5251 도달 (선 이탈 0.01 m)
[velocity_path_follower.py-9] [INFO] [1786827900.764989102] [velocity_path_follower]: waypoint 2564 / 5251 도달 (선 이탈 0.01 m)
[velocity_path_follower.py-9] [INFO] [1786827901.117436812] [velocity_path_follower]: waypoint 2565 / 5251 도달 (선 이탈 0.01 m)
[velocity_path_follower.py-9] [INFO] [1786827901.467102619] [velocity_path_follower]: waypoint 2566 / 5251 도달 (선 이탈 0.01 m)
[velocity_path_follower.py-9] [INFO] [1786827901.817151806] [velocity_path_follower]: waypoint 2567 / 5251 도달 (선 이탈 0.00 m)
[velocity_path_follower.py-9] [INFO] [1786827901.866885888] [velocity_path_follower]: 1095.0s  wp 2568/5251 이탈0.0m  위치 (  30.97,  -118.10,  11.91)
[velocity_path_follower.py-9] [INFO] [1786827902.169828285] [velocity_path_follower]: waypoint 2568 / 5251 도달 (선 이탈 0.00 m)
[velocity_path_follower.py-9] [INFO] [1786827902.521683510] [velocity_path_follower]: waypoint 2569 / 5251 도달 (선 이탈 0.00 m)
[velocity_path_follower.py-9] [INFO] [1786827902.876136686] [velocity_path_follower]: waypoint 2570 / 5251 도달 (선 이탈 0.00 m)
[velocity_path_follower.py-9] [INFO] [1786827903.226242188] [velocity_path_follower]: waypoint 2571 / 5251 도달 (선 이탈 0.00 m)
[velocity_path_follower.py-9] [INFO] [1786827903.576251777] [velocity_path_follower]: waypoint 2572 / 5251 도달 (선 이탈 0.00 m)
[velocity_path_follower.py-9] [INFO] [1786827903.928525855] [velocity_path_follower]: waypoint 2573 / 5251 도달 (선 이탈 0.00 m)
[velocity_path_follower.py-9] [INFO] [1786827904.278598747] [velocity_path_follower]: waypoint 2574 / 5251 도달 (선 이탈 0.00 m)
[velocity_path_follower.py-9] [INFO] [1786827904.628846270] [velocity_path_follower]: waypoint 2575 / 5251 도달 (선 이탈 0.00 m)
[velocity_path_follower.py-9] [INFO] [1786827904.978615119] [velocity_path_follower]: waypoint 2576 / 5251 도달 (선 이탈 0.00 m)
[velocity_path_follower.py-9] [INFO] [1786827905.328881946] [velocity_path_follower]: waypoint 2577 / 5251 도달 (선 이탈 0.00 m)
[velocity_path_follower.py-9] [INFO] [1786827905.678915938] [velocity_path_follower]: waypoint 2578 / 5251 도달 (선 이탈 0.00 m)
[velocity_path_follower.py-9] [INFO] [1786827906.028641885] [velocity_path_follower]: waypoint 2579 / 5251 도달 (선 이탈 0.00 m)
[velocity_path_follower.py-9] [INFO] [1786827906.378583888] [velocity_path_follower]: waypoint 2580 / 5251 도달 (선 이탈 0.00 m)
[velocity_path_follower.py-9] [INFO] [1786827906.731049135] [velocity_path_follower]: waypoint 2581 / 5251 도달 (선 이탈 0.00 m)
[velocity_path_follower.py-9] [INFO] [1786827906.880644375] [velocity_path_follower]: 1100.0s  wp 2582/5251 이탈0.0m  위치 (  38.16,  -118.10,  12.21)
[velocity_path_follower.py-9] [INFO] [1786827907.080887932] [velocity_path_follower]: waypoint 2582 / 5251 도달 (선 이탈 0.00 m)
[velocity_path_follower.py-9] [INFO] [1786827907.430881784] [velocity_path_follower]: waypoint 2583 / 5251 도달 (선 이탈 0.00 m)
[velocity_path_follower.py-9] [INFO] [1786827907.780697841] [velocity_path_follower]: waypoint 2584 / 5251 도달 (선 이탈 0.00 m)
[velocity_path_follower.py-9] [INFO] [1786827908.131064161] [velocity_path_follower]: waypoint 2585 / 5251 도달 (선 이탈 0.00 m)
[velocity_path_follower.py-9] [INFO] [1786827908.430829923] [velocity_path_follower]: waypoint 2586 / 5251 도달 (선 이탈 0.00 m)
[velocity_path_follower.py-9] [INFO] [1786827908.831000348] [velocity_path_follower]: waypoint 2587 / 5251 도달 (선 이탈 0.00 m)
[velocity_path_follower.py-9] [INFO] [1786827909.130813949] [velocity_path_follower]: waypoint 2588 / 5251 도달 (선 이탈 0.00 m)
[velocity_path_follower.py-9] [INFO] [1786827909.480967705] [velocity_path_follower]: waypoint 2589 / 5251 도달 (선 이탈 0.00 m)
[velocity_path_follower.py-9] [INFO] [1786827909.831177836] [velocity_path_follower]: waypoint 2590 / 5251 도달 (선 이탈 0.00 m)
[velocity_path_follower.py-9] [INFO] [1786827910.181138888] [velocity_path_follower]: waypoint 2591 / 5251 도달 (선 이탈 0.00 m)
[velocity_path_follower.py-9] [INFO] [1786827910.530915944] [velocity_path_follower]: waypoint 2592 / 5251 도달 (선 이탈 0.00 m)
[velocity_path_follower.py-9] [INFO] [1786827910.880663166] [velocity_path_follower]: waypoint 2593 / 5251 도달 (선 이탈 0.00 m)
[velocity_path_follower.py-9] [INFO] [1786827911.230699067] [velocity_path_follower]: waypoint 2594 / 5251 도달 (선 이탈 0.00 m)
[velocity_path_follower.py-9] [INFO] [1786827911.598568969] [velocity_path_follower]: waypoint 2595 / 5251 도달 (선 이탈 0.00 m)
[velocity_path_follower.py-9] [INFO] [1786827911.900316459] [velocity_path_follower]: 1105.0s  wp 2596/5251 이탈0.0m  위치 (  45.37,  -118.10,  12.13)
[velocity_path_follower.py-9] [INFO] [1786827911.950159354] [velocity_path_follower]: waypoint 2596 / 5251 도달 (선 이탈 0.00 m)
[velocity_path_follower.py-9] [INFO] [1786827912.300502484] [velocity_path_follower]: waypoint 2597 / 5251 도달 (선 이탈 0.00 m)
[velocity_path_follower.py-9] [INFO] [1786827912.650422652] [velocity_path_follower]: waypoint 2598 / 5251 도달 (선 이탈 0.00 m)
[velocity_path_follower.py-9] [INFO] [1786827913.000492239] [velocity_path_follower]: waypoint 2599 / 5251 도달 (선 이탈 0.00 m)
[velocity_path_follower.py-9] [INFO] [1786827913.350113207] [velocity_path_follower]: waypoint 2600 / 5251 도달 (선 이탈 0.00 m)
[velocity_path_follower.py-9] [INFO] [1786827913.650188615] [velocity_path_follower]: waypoint 2601 / 5251 도달 (선 이탈 0.00 m)
[velocity_path_follower.py-9] [INFO] [1786827914.000471218] [velocity_path_follower]: waypoint 2602 / 5251 도달 (선 이탈 0.00 m)
[velocity_path_follower.py-9] [INFO] [1786827914.350336661] [velocity_path_follower]: waypoint 2603 / 5251 도달 (선 이탈 0.00 m)
[velocity_path_follower.py-9] [INFO] [1786827914.700245731] [velocity_path_follower]: waypoint 2604 / 5251 도달 (선 이탈 0.00 m)
[velocity_path_follower.py-9] [INFO] [1786827915.050320221] [velocity_path_follower]: waypoint 2605 / 5251 도달 (선 이탈 0.00 m)
[velocity_path_follower.py-9] [INFO] [1786827915.400310972] [velocity_path_follower]: waypoint 2606 / 5251 도달 (선 이탈 0.00 m)
[velocity_path_follower.py-9] [INFO] [1786827915.750230888] [velocity_path_follower]: waypoint 2607 / 5251 도달 (선 이탈 0.00 m)
[velocity_path_follower.py-9] [INFO] [1786827916.100410853] [velocity_path_follower]: waypoint 2608 / 5251 도달 (선 이탈 0.00 m)
[velocity_path_follower.py-9] [INFO] [1786827916.450280907] [velocity_path_follower]: waypoint 2609 / 5251 도달 (선 이탈 0.00 m)
[velocity_path_follower.py-9] [INFO] [1786827916.800262546] [velocity_path_follower]: waypoint 2610 / 5251 도달 (선 이탈 0.00 m)
[velocity_path_follower.py-9] [INFO] [1786827916.900206650] [velocity_path_follower]: 1110.0s  wp 2611/5251 이탈0.0m  위치 (  52.58,  -118.10,  11.97)
[velocity_path_follower.py-9] [INFO] [1786827917.150285316] [velocity_path_follower]: waypoint 2611 / 5251 도달 (선 이탈 0.00 m)
[velocity_path_follower.py-9] [INFO] [1786827917.500175008] [velocity_path_follower]: waypoint 2612 / 5251 도달 (선 이탈 0.00 m)
[velocity_path_follower.py-9] [INFO] [1786827917.800288003] [velocity_path_follower]: waypoint 2613 / 5251 도달 (선 이탈 0.00 m)
[velocity_path_follower.py-9] [INFO] [1786827918.200354781] [velocity_path_follower]: waypoint 2614 / 5251 도달 (선 이탈 0.00 m)
[velocity_path_follower.py-9] [INFO] [1786827918.550160902] [velocity_path_follower]: waypoint 2615 / 5251 도달 (선 이탈 0.00 m)
[velocity_path_follower.py-9] [INFO] [1786827918.850587288] [velocity_path_follower]: waypoint 2616 / 5251 도달 (선 이탈 0.00 m)
[velocity_path_follower.py-9] [INFO] [1786827919.250138493] [velocity_path_follower]: waypoint 2617 / 5251 도달 (선 이탈 0.00 m)
[velocity_path_follower.py-9] [INFO] [1786827919.550112759] [velocity_path_follower]: waypoint 2618 / 5251 도달 (선 이탈 0.00 m)
[velocity_path_follower.py-9] [INFO] [1786827919.900133313] [velocity_path_follower]: waypoint 2619 / 5251 도달 (선 이탈 0.00 m)
[velocity_path_follower.py-9] [INFO] [1786827920.250108084] [velocity_path_follower]: waypoint 2620 / 5251 도달 (선 이탈 0.00 m)
[velocity_path_follower.py-9] [INFO] [1786827920.600222819] [velocity_path_follower]: waypoint 2621 / 5251 도달 (선 이탈 0.00 m)
[velocity_path_follower.py-9] [INFO] [1786827920.950224345] [velocity_path_follower]: waypoint 2622 / 5251 도달 (선 이탈 0.00 m)
[velocity_path_follower.py-9] [INFO] [1786827921.300133672] [velocity_path_follower]: waypoint 2623 / 5251 도달 (선 이탈 0.00 m)
[velocity_path_follower.py-9] [INFO] [1786827921.650150002] [velocity_path_follower]: waypoint 2624 / 5251 도달 (선 이탈 0.00 m)
[velocity_path_follower.py-9] [INFO] [1786827921.900060248] [velocity_path_follower]: 1115.0s  wp 2625/5251 이탈0.0m  위치 (  59.79,  -118.10,   9.85)
[velocity_path_follower.py-9] [INFO] [1786827922.000370294] [velocity_path_follower]: waypoint 2625 / 5251 도달 (선 이탈 0.00 m)
[velocity_path_follower.py-9] [INFO] [1786827926.900292793] [velocity_path_follower]: 1120.0s  wp 2626/5251 이탈2.9m  위치 (  64.27,  -115.67,   9.57)
[velocity_path_follower.py-9] [INFO] [1786827927.050272779] [velocity_path_follower]: waypoint 2626 / 5251 도달 (선 이탈 2.90 m)
[velocity_path_follower.py-9] [INFO] [1786827931.900176680] [velocity_path_follower]: 1125.0s  wp 2628/5251 이탈1.4m  위치 (  62.40,  -112.70,  10.68)
[velocity_path_follower.py-9] [INFO] [1786827931.950260116] [velocity_path_follower]: waypoint 2628 / 5251 도달 (선 이탈 1.41 m)
[velocity_path_follower.py-9] [INFO] [1786827932.550227729] [velocity_path_follower]: waypoint 2629 / 5251 도달 (선 이탈 1.48 m)
[velocity_path_follower.py-9] [INFO] [1786827933.150177891] [velocity_path_follower]: waypoint 2630 / 5251 도달 (선 이탈 1.49 m)
[velocity_path_follower.py-9] [INFO] [1786827933.750401031] [velocity_path_follower]: waypoint 2631 / 5251 도달 (선 이탈 1.44 m)
[velocity_path_follower.py-9] [INFO] [1786827934.352821217] [velocity_path_follower]: waypoint 2632 / 5251 도달 (선 이탈 1.34 m)
[velocity_path_follower.py-9] [INFO] [1786827934.910125002] [velocity_path_follower]: waypoint 2633 / 5251 도달 (선 이탈 1.20 m)
[velocity_path_follower.py-9] [INFO] [1786827935.408616398] [velocity_path_follower]: waypoint 2634 / 5251 도달 (선 이탈 1.06 m)
[velocity_path_follower.py-9] [INFO] [1786827935.958567470] [velocity_path_follower]: waypoint 2635 / 5251 도달 (선 이탈 0.87 m)
[velocity_path_follower.py-9] [INFO] [1786827936.458594993] [velocity_path_follower]: waypoint 2636 / 5251 도달 (선 이탈 0.69 m)
[velocity_path_follower.py-9] [INFO] [1786827936.908650449] [velocity_path_follower]: 1130.0s  wp 2637/5251 이탈0.5m  위치 (  57.91,  -113.58,  10.35)
[velocity_path_follower.py-9] [INFO] [1786827936.958854229] [velocity_path_follower]: waypoint 2637 / 5251 도달 (선 이탈 0.50 m)
[velocity_path_follower.py-9] [INFO] [1786827937.408686821] [velocity_path_follower]: waypoint 2638 / 5251 도달 (선 이탈 0.33 m)
[velocity_path_follower.py-9] [INFO] [1786827937.858611666] [velocity_path_follower]: waypoint 2639 / 5251 도달 (선 이탈 0.15 m)
[velocity_path_follower.py-9] [INFO] [1786827938.308650232] [velocity_path_follower]: waypoint 2640 / 5251 도달 (선 이탈 0.02 m)
[velocity_path_follower.py-9] [INFO] [1786827938.758583427] [velocity_path_follower]: waypoint 2641 / 5251 도달 (선 이탈 0.17 m)
[velocity_path_follower.py-9] [INFO] [1786827939.209043096] [velocity_path_follower]: waypoint 2642 / 5251 도달 (선 이탈 0.30 m)
[velocity_path_follower.py-9] [INFO] [1786827939.608541393] [velocity_path_follower]: waypoint 2643 / 5251 도달 (선 이탈 0.41 m)
[velocity_path_follower.py-9] [INFO] [1786827940.008832077] [velocity_path_follower]: waypoint 2644 / 5251 도달 (선 이탈 0.50 m)
[velocity_path_follower.py-9] [INFO] [1786827940.458607886] [velocity_path_follower]: waypoint 2645 / 5251 도달 (선 이탈 0.59 m)
[velocity_path_follower.py-9] [INFO] [1786827940.808910841] [velocity_path_follower]: waypoint 2646 / 5251 도달 (선 이탈 0.64 m)
[velocity_path_follower.py-9] [INFO] [1786827941.208903917] [velocity_path_follower]: waypoint 2647 / 5251 도달 (선 이탈 0.68 m)
[velocity_path_follower.py-9] [INFO] [1786827941.608820458] [velocity_path_follower]: waypoint 2648 / 5251 도달 (선 이탈 0.70 m)
[velocity_path_follower.py-9] [INFO] [1786827941.908523256] [velocity_path_follower]: 1135.0s  wp 2649/5251 이탈0.7m  위치 (  52.02,  -114.80,  11.25)
[velocity_path_follower.py-9] [INFO] [1786827942.058812205] [velocity_path_follower]: waypoint 2649 / 5251 도달 (선 이탈 0.70 m)
[velocity_path_follower.py-9] [INFO] [1786827942.458493173] [velocity_path_follower]: waypoint 2650 / 5251 도달 (선 이탈 0.69 m)
[velocity_path_follower.py-9] [INFO] [1786827942.870530534] [velocity_path_follower]: waypoint 2651 / 5251 도달 (선 이탈 0.67 m)
[velocity_path_follower.py-9] [INFO] [1786827943.219593587] [velocity_path_follower]: waypoint 2652 / 5251 도달 (선 이탈 0.64 m)
[velocity_path_follower.py-9] [INFO] [1786827943.619516240] [velocity_path_follower]: waypoint 2653 / 5251 도달 (선 이탈 0.59 m)
[velocity_path_follower.py-9] [INFO] [1786827944.019950860] [velocity_path_follower]: waypoint 2654 / 5251 도달 (선 이탈 0.53 m)
[velocity_path_follower.py-9] [INFO] [1786827944.369647815] [velocity_path_follower]: waypoint 2655 / 5251 도달 (선 이탈 0.48 m)
[velocity_path_follower.py-9] [INFO] [1786827944.769669776] [velocity_path_follower]: waypoint 2656 / 5251 도달 (선 이탈 0.41 m)
[velocity_path_follower.py-9] [INFO] [1786827945.169471155] [velocity_path_follower]: waypoint 2657 / 5251 도달 (선 이탈 0.33 m)
[velocity_path_follower.py-9] [INFO] [1786827945.569897220] [velocity_path_follower]: waypoint 2658 / 5251 도달 (선 이탈 0.25 m)
[velocity_path_follower.py-9] [INFO] [1786827945.919549770] [velocity_path_follower]: waypoint 2659 / 5251 도달 (선 이탈 0.19 m)
[ros2-8] [INFO] [1786827946.250053083] [rosbag2_cpp]: Writing remaining messages from cache to the bag. It may take a while
[velocity_path_follower.py-9] [INFO] [1786827946.269554294] [velocity_path_follower]: waypoint 2660 / 5251 도달 (선 이탈 0.11 m)
[velocity_path_follower.py-9] [INFO] [1786827946.669914413] [velocity_path_follower]: waypoint 2661 / 5251 도달 (선 이탈 0.04 m)
[velocity_path_follower.py-9] [INFO] [1786827946.919439842] [velocity_path_follower]: 1140.0s  wp 2662/5251 이탈0.0m  위치 (  45.54,  -114.09,  13.02)
[velocity_path_follower.py-9] [INFO] [1786827947.069825570] [velocity_path_follower]: waypoint 2662 / 5251 도달 (선 이탈 0.03 m)
[velocity_path_follower.py-9] [INFO] [1786827947.419812359] [velocity_path_follower]: waypoint 2663 / 5251 도달 (선 이탈 0.09 m)
[velocity_path_follower.py-9] [INFO] [1786827947.769649354] [velocity_path_follower]: waypoint 2664 / 5251 도달 (선 이탈 0.15 m)
[velocity_path_follower.py-9] [INFO] [1786827948.169865117] [velocity_path_follower]: waypoint 2665 / 5251 도달 (선 이탈 0.20 m)
[velocity_path_follower.py-9] [INFO] [1786827948.519821251] [velocity_path_follower]: waypoint 2666 / 5251 도달 (선 이탈 0.25 m)
[velocity_path_follower.py-9] [INFO] [1786827948.869928971] [velocity_path_follower]: waypoint 2667 / 5251 도달 (선 이탈 0.28 m)
[velocity_path_follower.py-9] [INFO] [1786827949.219561358] [velocity_path_follower]: waypoint 2668 / 5251 도달 (선 이탈 0.31 m)
[velocity_path_follower.py-9] [INFO] [1786827949.619655016] [velocity_path_follower]: waypoint 2669 / 5251 도달 (선 이탈 0.34 m)
[velocity_path_follower.py-9] [INFO] [1786827949.970088296] [velocity_path_follower]: waypoint 2670 / 5251 도달 (선 이탈 0.35 m)
[velocity_path_follower.py-9] [INFO] [1786827950.319571238] [velocity_path_follower]: waypoint 2671 / 5251 도달 (선 이탈 0.36 m)
[velocity_path_follower.py-9] [INFO] [1786827950.669628024] [velocity_path_follower]: waypoint 2672 / 5251 도달 (선 이탈 0.36 m)
[velocity_path_follower.py-9] [INFO] [1786827951.019682394] [velocity_path_follower]: waypoint 2673 / 5251 도달 (선 이탈 0.36 m)
[velocity_path_follower.py-9] [INFO] [1786827951.419603411] [velocity_path_follower]: waypoint 2674 / 5251 도달 (선 이탈 0.35 m)
[velocity_path_follower.py-9] [INFO] [1786827951.769826879] [velocity_path_follower]: waypoint 2675 / 5251 도달 (선 이탈 0.33 m)
[velocity_path_follower.py-9] [INFO] [1786827951.919342660] [velocity_path_follower]: 1145.0s  wp 2676/5251 이탈0.3m  위치 (  38.66,  -113.78,  12.14)
[velocity_path_follower.py-9] [INFO] [1786827952.119543801] [velocity_path_follower]: waypoint 2676 / 5251 도달 (선 이탈 0.31 m)
[velocity_path_follower.py-9] [INFO] [1786827952.469686405] [velocity_path_follower]: waypoint 2677 / 5251 도달 (선 이탈 0.28 m)
[velocity_path_follower.py-9] [INFO] [1786827952.819508920] [velocity_path_follower]: waypoint 2678 / 5251 도달 (선 이탈 0.26 m)
[velocity_path_follower.py-9] [INFO] [1786827953.169668155] [velocity_path_follower]: waypoint 2679 / 5251 도달 (선 이탈 0.22 m)
[velocity_path_follower.py-9] [INFO] [1786827953.569515491] [velocity_path_follower]: waypoint 2680 / 5251 도달 (선 이탈 0.18 m)
[velocity_path_follower.py-9] [INFO] [1786827953.919675774] [velocity_path_follower]: waypoint 2681 / 5251 도달 (선 이탈 0.15 m)
[velocity_path_follower.py-9] [INFO] [1786827954.269555979] [velocity_path_follower]: waypoint 2682 / 5251 도달 (선 이탈 0.11 m)
[velocity_path_follower.py-9] [INFO] [1786827954.619641232] [velocity_path_follower]: waypoint 2683 / 5251 도달 (선 이탈 0.08 m)
[velocity_path_follower.py-9] [INFO] [1786827954.969629233] [velocity_path_follower]: waypoint 2684 / 5251 도달 (선 이탈 0.04 m)
[velocity_path_follower.py-9] [INFO] [1786827955.319579578] [velocity_path_follower]: waypoint 2685 / 5251 도달 (선 이탈 0.01 m)
[velocity_path_follower.py-9] [INFO] [1786827955.669518174] [velocity_path_follower]: waypoint 2686 / 5251 도달 (선 이탈 0.03 m)
[velocity_path_follower.py-9] [INFO] [1786827956.019594023] [velocity_path_follower]: waypoint 2687 / 5251 도달 (선 이탈 0.06 m)
[velocity_path_follower.py-9] [INFO] [1786827956.369787594] [velocity_path_follower]: waypoint 2688 / 5251 도달 (선 이탈 0.09 m)
[velocity_path_follower.py-9] [INFO] [1786827956.719625450] [velocity_path_follower]: waypoint 2689 / 5251 도달 (선 이탈 0.11 m)
[velocity_path_follower.py-9] [INFO] [1786827956.919504826] [velocity_path_follower]: 1150.0s  wp 2690/5251 이탈0.1m  위치 (  31.62,  -114.22,  11.46)
[velocity_path_follower.py-9] [INFO] [1786827957.069905191] [velocity_path_follower]: waypoint 2690 / 5251 도달 (선 이탈 0.13 m)
[velocity_path_follower.py-9] [INFO] [1786827957.469827002] [velocity_path_follower]: waypoint 2691 / 5251 도달 (선 이탈 0.15 m)
[velocity_path_follower.py-9] [INFO] [1786827957.770322524] [velocity_path_follower]: waypoint 2692 / 5251 도달 (선 이탈 0.17 m)
[velocity_path_follower.py-9] [INFO] [1786827958.169667206] [velocity_path_follower]: waypoint 2693 / 5251 도달 (선 이탈 0.18 m)
[velocity_path_follower.py-9] [INFO] [1786827958.469611814] [velocity_path_follower]: waypoint 2694 / 5251 도달 (선 이탈 0.19 m)
[velocity_path_follower.py-9] [INFO] [1786827958.869674433] [velocity_path_follower]: waypoint 2695 / 5251 도달 (선 이탈 0.19 m)
[velocity_path_follower.py-9] [INFO] [1786827959.219689866] [velocity_path_follower]: waypoint 2696 / 5251 도달 (선 이탈 0.19 m)
[velocity_path_follower.py-9] [INFO] [1786827959.519630943] [velocity_path_follower]: waypoint 2697 / 5251 도달 (선 이탈 0.19 m)
[velocity_path_follower.py-9] [INFO] [1786827959.919608865] [velocity_path_follower]: waypoint 2698 / 5251 도달 (선 이탈 0.18 m)
[velocity_path_follower.py-9] [INFO] [1786827960.275905619] [velocity_path_follower]: waypoint 2699 / 5251 도달 (선 이탈 0.17 m)
[velocity_path_follower.py-9] [INFO] [1786827960.625894318] [velocity_path_follower]: waypoint 2700 / 5251 도달 (선 이탈 0.16 m)
[velocity_path_follower.py-9] [INFO] [1786827960.926616709] [velocity_path_follower]: waypoint 2701 / 5251 도달 (선 이탈 0.15 m)
[velocity_path_follower.py-9] [INFO] [1786827961.328482520] [velocity_path_follower]: waypoint 2702 / 5251 도달 (선 이탈 0.13 m)
[velocity_path_follower.py-9] [INFO] [1786827961.678305854] [velocity_path_follower]: waypoint 2703 / 5251 도달 (선 이탈 0.12 m)
[velocity_path_follower.py-9] [INFO] [1786827961.928297714] [velocity_path_follower]: 1155.0s  wp 2704/5251 이탈0.1m  위치 (  24.49,  -114.20,  10.36)
[velocity_path_follower.py-9] [INFO] [1786827962.028226316] [velocity_path_follower]: waypoint 2704 / 5251 도달 (선 이탈 0.10 m)
[velocity_path_follower.py-9] [INFO] [1786827962.378318667] [velocity_path_follower]: waypoint 2705 / 5251 도달 (선 이탈 0.08 m)
[velocity_path_follower.py-9] [INFO] [1786827962.680889233] [velocity_path_follower]: waypoint 2706 / 5251 도달 (선 이탈 0.06 m)
[velocity_path_follower.py-9] [INFO] [1786827963.080659238] [velocity_path_follower]: waypoint 2707 / 5251 도달 (선 이탈 0.04 m)
[velocity_path_follower.py-9] [INFO] [1786827963.380837527] [velocity_path_follower]: waypoint 2708 / 5251 도달 (선 이탈 0.02 m)
[velocity_path_follower.py-9] [INFO] [1786827963.780842339] [velocity_path_follower]: waypoint 2709 / 5251 도달 (선 이탈 0.00 m)
[velocity_path_follower.py-9] [INFO] [1786827964.082591364] [velocity_path_follower]: waypoint 2710 / 5251 도달 (선 이탈 0.01 m)
[velocity_path_follower.py-9] [INFO] [1786827964.482598606] [velocity_path_follower]: waypoint 2711 / 5251 도달 (선 이탈 0.03 m)
[velocity_path_follower.py-9] [INFO] [1786827964.785282987] [velocity_path_follower]: waypoint 2712 / 5251 도달 (선 이탈 0.04 m)
[velocity_path_follower.py-9] [INFO] [1786827965.185354778] [velocity_path_follower]: waypoint 2713 / 5251 도달 (선 이탈 0.06 m)
[velocity_path_follower.py-9] [INFO] [1786827965.485249458] [velocity_path_follower]: waypoint 2714 / 5251 도달 (선 이탈 0.07 m)
[velocity_path_follower.py-9] [INFO] [1786827965.835551099] [velocity_path_follower]: waypoint 2715 / 5251 도달 (선 이탈 0.08 m)
[velocity_path_follower.py-9] [INFO] [1786827966.185356696] [velocity_path_follower]: waypoint 2716 / 5251 도달 (선 이탈 0.09 m)
[velocity_path_follower.py-9] [INFO] [1786827966.535128174] [velocity_path_follower]: waypoint 2717 / 5251 도달 (선 이탈 0.09 m)
[velocity_path_follower.py-9] [INFO] [1786827966.885340700] [velocity_path_follower]: waypoint 2718 / 5251 도달 (선 이탈 0.10 m)
[velocity_path_follower.py-9] [INFO] [1786827966.935108944] [velocity_path_follower]: 1160.0s  wp 2719/5251 이탈0.1m  위치 (  17.31,  -114.00,  10.64)
[velocity_path_follower.py-9] [INFO] [1786827967.235296772] [velocity_path_follower]: waypoint 2719 / 5251 도달 (선 이탈 0.10 m)
[velocity_path_follower.py-9] [INFO] [1786827967.585186971] [velocity_path_follower]: waypoint 2720 / 5251 도달 (선 이탈 0.10 m)
[velocity_path_follower.py-9] [INFO] [1786827967.935323967] [velocity_path_follower]: waypoint 2721 / 5251 도달 (선 이탈 0.10 m)
[velocity_path_follower.py-9] [INFO] [1786827968.285330512] [velocity_path_follower]: waypoint 2722 / 5251 도달 (선 이탈 0.10 m)
[velocity_path_follower.py-9] [INFO] [1786827968.635218015] [velocity_path_follower]: waypoint 2723 / 5251 도달 (선 이탈 0.09 m)
[velocity_path_follower.py-9] [INFO] [1786827968.985354189] [velocity_path_follower]: waypoint 2724 / 5251 도달 (선 이탈 0.09 m)
[velocity_path_follower.py-9] [INFO] [1786827969.335294246] [velocity_path_follower]: waypoint 2725 / 5251 도달 (선 이탈 0.08 m)
[velocity_path_follower.py-9] [INFO] [1786827969.685271805] [velocity_path_follower]: waypoint 2726 / 5251 도달 (선 이탈 0.07 m)
[velocity_path_follower.py-9] [INFO] [1786827970.035237406] [velocity_path_follower]: waypoint 2727 / 5251 도달 (선 이탈 0.06 m)
[velocity_path_follower.py-9] [INFO] [1786827970.385476606] [velocity_path_follower]: waypoint 2728 / 5251 도달 (선 이탈 0.05 m)
[velocity_path_follower.py-9] [INFO] [1786827970.738060093] [velocity_path_follower]: waypoint 2729 / 5251 도달 (선 이탈 0.04 m)
[velocity_path_follower.py-9] [INFO] [1786827971.037979076] [velocity_path_follower]: waypoint 2730 / 5251 도달 (선 이탈 0.03 m)
[velocity_path_follower.py-9] [INFO] [1786827971.387862490] [velocity_path_follower]: waypoint 2731 / 5251 도달 (선 이탈 0.02 m)
[velocity_path_follower.py-9] [INFO] [1786827971.787895205] [velocity_path_follower]: waypoint 2732 / 5251 도달 (선 이탈 0.01 m)
[velocity_path_follower.py-9] [INFO] [1786827971.937629801] [velocity_path_follower]: 1165.0s  wp 2733/5251 이탈0.0m  위치 (  10.12,  -114.09,   9.99)
[velocity_path_follower.py-9] [INFO] [1786827972.087980244] [velocity_path_follower]: waypoint 2733 / 5251 도달 (선 이탈 0.01 m)
[velocity_path_follower.py-9] [INFO] [1786827972.488051556] [velocity_path_follower]: waypoint 2734 / 5251 도달 (선 이탈 0.01 m)
[velocity_path_follower.py-9] [INFO] [1786827972.787881182] [velocity_path_follower]: waypoint 2735 / 5251 도달 (선 이탈 0.01 m)
[velocity_path_follower.py-9] [INFO] [1786827973.137953533] [velocity_path_follower]: waypoint 2736 / 5251 도달 (선 이탈 0.02 m)
[velocity_path_follower.py-9] [INFO] [1786827973.487921222] [velocity_path_follower]: waypoint 2737 / 5251 도달 (선 이탈 0.03 m)
[velocity_path_follower.py-9] [INFO] [1786827973.837872078] [velocity_path_follower]: waypoint 2738 / 5251 도달 (선 이탈 0.03 m)
[velocity_path_follower.py-9] [INFO] [1786827974.187700897] [velocity_path_follower]: waypoint 2739 / 5251 도달 (선 이탈 0.04 m)
[velocity_path_follower.py-9] [INFO] [1786827974.537701599] [velocity_path_follower]: waypoint 2740 / 5251 도달 (선 이탈 0.04 m)
[velocity_path_follower.py-9] [INFO] [1786827974.888011597] [velocity_path_follower]: waypoint 2741 / 5251 도달 (선 이탈 0.05 m)
[velocity_path_follower.py-9] [INFO] [1786827975.238122476] [velocity_path_follower]: waypoint 2742 / 5251 도달 (선 이탈 0.05 m)
[velocity_path_follower.py-9] [INFO] [1786827975.588064647] [velocity_path_follower]: waypoint 2743 / 5251 도달 (선 이탈 0.05 m)
[velocity_path_follower.py-9] [INFO] [1786827975.937935733] [velocity_path_follower]: waypoint 2744 / 5251 도달 (선 이탈 0.05 m)
[velocity_path_follower.py-9] [INFO] [1786827976.287786580] [velocity_path_follower]: waypoint 2745 / 5251 도달 (선 이탈 0.05 m)
[velocity_path_follower.py-9] [INFO] [1786827976.637978975] [velocity_path_follower]: waypoint 2746 / 5251 도달 (선 이탈 0.05 m)
[velocity_path_follower.py-9] [INFO] [1786827976.937637347] [velocity_path_follower]: 1170.0s  wp 2747/5251 이탈0.0m  위치 (   2.92,  -114.15,   9.45)
[velocity_path_follower.py-9] [INFO] [1786827976.987933991] [velocity_path_follower]: waypoint 2747 / 5251 도달 (선 이탈 0.05 m)
[velocity_path_follower.py-9] [INFO] [1786827977.287800210] [velocity_path_follower]: waypoint 2748 / 5251 도달 (선 이탈 0.05 m)
[velocity_path_follower.py-9] [INFO] [1786827977.688459099] [velocity_path_follower]: waypoint 2749 / 5251 도달 (선 이탈 0.04 m)
[velocity_path_follower.py-9] [INFO] [1786827977.988004272] [velocity_path_follower]: waypoint 2750 / 5251 도달 (선 이탈 0.04 m)
[velocity_path_follower.py-9] [INFO] [1786827978.388018830] [velocity_path_follower]: waypoint 2751 / 5251 도달 (선 이탈 0.03 m)
[velocity_path_follower.py-9] [INFO] [1786827978.687996853] [velocity_path_follower]: waypoint 2752 / 5251 도달 (선 이탈 0.03 m)
[velocity_path_follower.py-9] [INFO] [1786827979.044374665] [velocity_path_follower]: waypoint 2753 / 5251 도달 (선 이탈 0.03 m)
[velocity_path_follower.py-9] [INFO] [1786827979.395208690] [velocity_path_follower]: waypoint 2754 / 5251 도달 (선 이탈 0.02 m)
[velocity_path_follower.py-9] [INFO] [1786827979.745262952] [velocity_path_follower]: waypoint 2755 / 5251 도달 (선 이탈 0.02 m)
[velocity_path_follower.py-9] [INFO] [1786827980.094995003] [velocity_path_follower]: waypoint 2756 / 5251 도달 (선 이탈 0.01 m)
[velocity_path_follower.py-9] [INFO] [1786827980.445198238] [velocity_path_follower]: waypoint 2757 / 5251 도달 (선 이탈 0.00 m)
[velocity_path_follower.py-9] [INFO] [1786827980.798148100] [velocity_path_follower]: waypoint 2758 / 5251 도달 (선 이탈 0.00 m)
[velocity_path_follower.py-9] [INFO] [1786827981.147569035] [velocity_path_follower]: waypoint 2759 / 5251 도달 (선 이탈 0.00 m)
[velocity_path_follower.py-9] [INFO] [1786827981.499654312] [velocity_path_follower]: waypoint 2760 / 5251 도달 (선 이탈 0.01 m)
[velocity_path_follower.py-9] [INFO] [1786827981.849878850] [velocity_path_follower]: waypoint 2761 / 5251 도달 (선 이탈 0.01 m)
[velocity_path_follower.py-9] [INFO] [1786827981.949603558] [velocity_path_follower]: 1175.0s  wp 2762/5251 이탈0.0m  위치 (  -4.29,  -114.09,   7.06)
[velocity_path_follower.py-9] [INFO] [1786827982.203618160] [velocity_path_follower]: waypoint 2762 / 5251 도달 (선 이탈 0.02 m)
[velocity_path_follower.py-9] [INFO] [1786827982.553680874] [velocity_path_follower]: waypoint 2763 / 5251 도달 (선 이탈 0.02 m)
[velocity_path_follower.py-9] [INFO] [1786827986.606018549] [velocity_path_follower]: waypoint 2764 / 5251 도달 (선 이탈 0.04 m)
[velocity_path_follower.py-9] [INFO] [1786827986.655858453] [velocity_path_follower]: waypoint 2765 / 5251 도달 (선 이탈 0.04 m)
[velocity_path_follower.py-9] [INFO] [1786827986.705680814] [velocity_path_follower]: waypoint 2766 / 5251 도달 (선 이탈 0.04 m)
[velocity_path_follower.py-9] [INFO] [1786827986.755773513] [velocity_path_follower]: waypoint 2767 / 5251 도달 (선 이탈 0.04 m)
[velocity_path_follower.py-9] [INFO] [1786827986.805916505] [velocity_path_follower]: waypoint 2768 / 5251 도달 (선 이탈 0.04 m)
[velocity_path_follower.py-9] [INFO] [1786827986.855997788] [velocity_path_follower]: waypoint 2769 / 5251 도달 (선 이탈 0.04 m)
[velocity_path_follower.py-9] [INFO] [1786827986.905684564] [velocity_path_follower]: waypoint 2770 / 5251 도달 (선 이탈 0.04 m)
[velocity_path_follower.py-9] [INFO] [1786827986.955851389] [velocity_path_follower]: waypoint 2771 / 5251 도달 (선 이탈 0.04 m)
[velocity_path_follower.py-9] [INFO] [1786827987.005978089] [velocity_path_follower]: waypoint 2772 / 5251 도달 (선 이탈 0.04 m)
[velocity_path_follower.py-9] [INFO] [1786827987.055613491] [velocity_path_follower]: 1180.1s  wp 2773/5251 이탈0.0m  위치 (  -9.80,  -114.06,   6.73)
[velocity_path_follower.py-9] [INFO] [1786827987.556218829] [velocity_path_follower]: waypoint 2773 / 5251 도달 (선 이탈 0.04 m)
[velocity_path_follower.py-9] [INFO] [1786827988.256179128] [velocity_path_follower]: waypoint 2774 / 5251 도달 (선 이탈 0.04 m)
[velocity_path_follower.py-9] [INFO] [1786827988.882074011] [velocity_path_follower]: waypoint 2775 / 5251 도달 (선 이탈 0.04 m)
[velocity_path_follower.py-9] [INFO] [1786827989.482094357] [velocity_path_follower]: waypoint 2776 / 5251 도달 (선 이탈 0.03 m)
[velocity_path_follower.py-9] [INFO] [1786827990.034199915] [velocity_path_follower]: waypoint 2777 / 5251 도달 (선 이탈 0.03 m)
[velocity_path_follower.py-9] [INFO] [1786827990.534041789] [velocity_path_follower]: waypoint 2778 / 5251 도달 (선 이탈 0.02 m)
[velocity_path_follower.py-9] [INFO] [1786827991.034362381] [velocity_path_follower]: waypoint 2779 / 5251 도달 (선 이탈 0.02 m)
[velocity_path_follower.py-9] [INFO] [1786827991.483977021] [velocity_path_follower]: waypoint 2780 / 5251 도달 (선 이탈 0.01 m)
[velocity_path_follower.py-9] [INFO] [1786827991.933987958] [velocity_path_follower]: waypoint 2781 / 5251 도달 (선 이탈 0.00 m)
[velocity_path_follower.py-9] [INFO] [1786827991.983945080] [velocity_path_follower]: 1185.0s  wp 2782/5251 이탈0.0m  위치 ( -14.19,  -114.10,  10.31)
[velocity_path_follower.py-9] [INFO] [1786827992.384053035] [velocity_path_follower]: waypoint 2782 / 5251 도달 (선 이탈 0.00 m)
[velocity_path_follower.py-9] [INFO] [1786827992.833994194] [velocity_path_follower]: waypoint 2783 / 5251 도달 (선 이탈 0.00 m)
[velocity_path_follower.py-9] [INFO] [1786827993.233997905] [velocity_path_follower]: waypoint 2784 / 5251 도달 (선 이탈 0.01 m)
[velocity_path_follower.py-9] [INFO] [1786827993.684048831] [velocity_path_follower]: waypoint 2785 / 5251 도달 (선 이탈 0.01 m)
[velocity_path_follower.py-9] [INFO] [1786827994.083947132] [velocity_path_follower]: waypoint 2786 / 5251 도달 (선 이탈 0.02 m)
[velocity_path_follower.py-9] [INFO] [1786827994.534019948] [velocity_path_follower]: waypoint 2787 / 5251 도달 (선 이탈 0.02 m)
[velocity_path_follower.py-9] [INFO] [1786827994.884178011] [velocity_path_follower]: waypoint 2788 / 5251 도달 (선 이탈 0.02 m)
[velocity_path_follower.py-9] [INFO] [1786827995.334054793] [velocity_path_follower]: waypoint 2789 / 5251 도달 (선 이탈 0.02 m)
[velocity_path_follower.py-9] [INFO] [1786827995.683950779] [velocity_path_follower]: waypoint 2790 / 5251 도달 (선 이탈 0.02 m)
[velocity_path_follower.py-9] [INFO] [1786827996.083915399] [velocity_path_follower]: waypoint 2791 / 5251 도달 (선 이탈 0.02 m)
[velocity_path_follower.py-9] [INFO] [1786827996.484223076] [velocity_path_follower]: waypoint 2792 / 5251 도달 (선 이탈 0.02 m)
[velocity_path_follower.py-9] [INFO] [1786827996.883988910] [velocity_path_follower]: waypoint 2793 / 5251 도달 (선 이탈 0.02 m)
[velocity_path_follower.py-9] [INFO] [1786827996.983775335] [velocity_path_follower]: 1190.0s  wp 2794/5251 이탈0.0m  위치 ( -20.28,  -114.12,   9.76)
[velocity_path_follower.py-9] [INFO] [1786827997.234017793] [velocity_path_follower]: waypoint 2794 / 5251 도달 (선 이탈 0.02 m)
[velocity_path_follower.py-9] [INFO] [1786827997.634004936] [velocity_path_follower]: waypoint 2795 / 5251 도달 (선 이탈 0.02 m)
[velocity_path_follower.py-9] [INFO] [1786827997.983927362] [velocity_path_follower]: waypoint 2796 / 5251 도달 (선 이탈 0.02 m)
[velocity_path_follower.py-9] [INFO] [1786827998.383891392] [velocity_path_follower]: waypoint 2797 / 5251 도달 (선 이탈 0.02 m)
[velocity_path_follower.py-9] [INFO] [1786827998.733976290] [velocity_path_follower]: waypoint 2798 / 5251 도달 (선 이탈 0.01 m)
[velocity_path_follower.py-9] [INFO] [1786827999.084565200] [velocity_path_follower]: waypoint 2799 / 5251 도달 (선 이탈 0.01 m)
[velocity_path_follower.py-9] [INFO] [1786827999.484620495] [velocity_path_follower]: waypoint 2800 / 5251 도달 (선 이탈 0.01 m)
[velocity_path_follower.py-9] [INFO] [1786827999.833955267] [velocity_path_follower]: waypoint 2801 / 5251 도달 (선 이탈 0.01 m)
[velocity_path_follower.py-9] [INFO] [1786828000.233914818] [velocity_path_follower]: waypoint 2802 / 5251 도달 (선 이탈 0.00 m)
[velocity_path_follower.py-9] [INFO] [1786828000.584176159] [velocity_path_follower]: waypoint 2803 / 5251 도달 (선 이탈 0.00 m)
[velocity_path_follower.py-9] [INFO] [1786828000.933964409] [velocity_path_follower]: waypoint 2804 / 5251 도달 (선 이탈 0.00 m)
[velocity_path_follower.py-9] [INFO] [1786828001.334113645] [velocity_path_follower]: waypoint 2805 / 5251 도달 (선 이탈 0.00 m)
[velocity_path_follower.py-9] [INFO] [1786828001.684125077] [velocity_path_follower]: waypoint 2806 / 5251 도달 (선 이탈 0.00 m)
[velocity_path_follower.py-9] [INFO] [1786828001.984396623] [velocity_path_follower]: 1195.0s  wp 2807/5251 이탈0.0m  위치 ( -27.09,  -114.10,   8.37)
[velocity_path_follower.py-9] [INFO] [1786828002.034007882] [velocity_path_follower]: waypoint 2807 / 5251 도달 (선 이탈 0.00 m)
[velocity_path_follower.py-9] [INFO] [1786828002.388882490] [velocity_path_follower]: waypoint 2808 / 5251 도달 (선 이탈 0.01 m)
[velocity_path_follower.py-9] [INFO] [1786828002.739217105] [velocity_path_follower]: waypoint 2809 / 5251 도달 (선 이탈 0.01 m)
[velocity_path_follower.py-9] [INFO] [1786828003.089132840] [velocity_path_follower]: waypoint 2810 / 5251 도달 (선 이탈 0.01 m)
[velocity_path_follower.py-9] [INFO] [1786828003.488958266] [velocity_path_follower]: waypoint 2811 / 5251 도달 (선 이탈 0.01 m)
[velocity_path_follower.py-9] [INFO] [1786828003.789080121] [velocity_path_follower]: waypoint 2812 / 5251 도달 (선 이탈 0.01 m)
[velocity_path_follower.py-9] [INFO] [1786828004.189070473] [velocity_path_follower]: waypoint 2813 / 5251 도달 (선 이탈 0.01 m)
[velocity_path_follower.py-9] [INFO] [1786828004.539455569] [velocity_path_follower]: waypoint 2814 / 5251 도달 (선 이탈 0.01 m)
[velocity_path_follower.py-9] [INFO] [1786828004.889118986] [velocity_path_follower]: waypoint 2815 / 5251 도달 (선 이탈 0.01 m)
[velocity_path_follower.py-9] [INFO] [1786828005.238934289] [velocity_path_follower]: waypoint 2816 / 5251 도달 (선 이탈 0.01 m)
[velocity_path_follower.py-9] [INFO] [1786828005.589055017] [velocity_path_follower]: waypoint 2817 / 5251 도달 (선 이탈 0.01 m)
[velocity_path_follower.py-9] [INFO] [1786828005.938850947] [velocity_path_follower]: waypoint 2818 / 5251 도달 (선 이탈 0.01 m)
[velocity_path_follower.py-9] [INFO] [1786828006.288979435] [velocity_path_follower]: waypoint 2819 / 5251 도달 (선 이탈 0.01 m)
[velocity_path_follower.py-9] [INFO] [1786828006.640895038] [velocity_path_follower]: waypoint 2820 / 5251 도달 (선 이탈 0.01 m)
[velocity_path_follower.py-9] [INFO] [1786828006.991062903] [velocity_path_follower]: waypoint 2821 / 5251 도달 (선 이탈 0.01 m)
[velocity_path_follower.py-9] [INFO] [1786828007.040883339] [velocity_path_follower]: 1200.1s  wp 2822/5251 이탈0.0m  위치 ( -34.19,  -114.09,   8.81)
[velocity_path_follower.py-9] [INFO] [1786828007.340989066] [velocity_path_follower]: waypoint 2822 / 5251 도달 (선 이탈 0.01 m)
[velocity_path_follower.py-9] [INFO] [1786828007.691080857] [velocity_path_follower]: waypoint 2823 / 5251 도달 (선 이탈 0.00 m)
[velocity_path_follower.py-9] [INFO] [1786828008.041024231] [velocity_path_follower]: waypoint 2824 / 5251 도달 (선 이탈 0.00 m)
[velocity_path_follower.py-9] [INFO] [1786828008.391127117] [velocity_path_follower]: waypoint 2825 / 5251 도달 (선 이탈 0.00 m)
[velocity_path_follower.py-9] [INFO] [1786828008.740850372] [velocity_path_follower]: waypoint 2826 / 5251 도달 (선 이탈 0.00 m)
[velocity_path_follower.py-9] [INFO] [1786828009.091090096] [velocity_path_follower]: waypoint 2827 / 5251 도달 (선 이탈 0.00 m)
[velocity_path_follower.py-9] [INFO] [1786828011.995985200] [velocity_path_follower]: 1205.0s  climb       위치 ( -40.54,  -113.16,   6.06)
[velocity_path_follower.py-9] [INFO] [1786828016.093210933] [velocity_path_follower]: waypoint 2828 / 5251 도달 (선 이탈 4.24 m)
[velocity_path_follower.py-9] [INFO] [1786828016.993046609] [velocity_path_follower]: 1210.0s  wp 2830/5251 이탈1.1m  위치 ( -42.91,  -111.18,   7.31)
[velocity_path_follower.py-9] [INFO] [1786828021.643245826] [velocity_path_follower]: waypoint 2830 / 5251 도달 (선 이탈 0.88 m)
[velocity_path_follower.py-9] [INFO] [1786828021.992949015] [velocity_path_follower]: 1215.0s  wp 2831/5251 이탈0.9m  위치 ( -39.24,  -109.17,   6.63)
[velocity_path_follower.py-9] [INFO] [1786828022.143171618] [velocity_path_follower]: waypoint 2831 / 5251 도달 (선 이탈 0.95 m)
[velocity_path_follower.py-9] [INFO] [1786828024.593206659] [velocity_path_follower]: waypoint 2832 / 5251 도달 (선 이탈 1.00 m)
[velocity_path_follower.py-9] [INFO] [1786828024.643215585] [velocity_path_follower]: waypoint 2833 / 5251 도달 (선 이탈 1.00 m)
[velocity_path_follower.py-9] [INFO] [1786828024.693258135] [velocity_path_follower]: waypoint 2834 / 5251 도달 (선 이탈 1.00 m)
[velocity_path_follower.py-9] [INFO] [1786828024.743111975] [velocity_path_follower]: waypoint 2835 / 5251 도달 (선 이탈 1.00 m)
[velocity_path_follower.py-9] [INFO] [1786828024.843247286] [velocity_path_follower]: waypoint 2836 / 5251 도달 (선 이탈 1.00 m)
[velocity_path_follower.py-9] [INFO] [1786828025.493068491] [velocity_path_follower]: waypoint 2837 / 5251 도달 (선 이탈 0.99 m)
[velocity_path_follower.py-9] [INFO] [1786828026.143240962] [velocity_path_follower]: waypoint 2838 / 5251 도달 (선 이탈 0.93 m)
[velocity_path_follower.py-9] [INFO] [1786828026.743132683] [velocity_path_follower]: waypoint 2839 / 5251 도달 (선 이탈 0.84 m)
[velocity_path_follower.py-9] [INFO] [1786828026.993240492] [velocity_path_follower]: 1220.0s  wp 2840/5251 이탈0.8m  위치 ( -34.84,  -109.31,   7.07)
[velocity_path_follower.py-9] [INFO] [1786828027.293205237] [velocity_path_follower]: waypoint 2840 / 5251 도달 (선 이탈 0.73 m)
[velocity_path_follower.py-9] [INFO] [1786828027.843176838] [velocity_path_follower]: waypoint 2841 / 5251 도달 (선 이탈 0.60 m)
[velocity_path_follower.py-9] [INFO] [1786828028.343206439] [velocity_path_follower]: waypoint 2842 / 5251 도달 (선 이탈 0.47 m)
[velocity_path_follower.py-9] [INFO] [1786828028.843221460] [velocity_path_follower]: waypoint 2843 / 5251 도달 (선 이탈 0.34 m)
[velocity_path_follower.py-9] [INFO] [1786828029.343230159] [velocity_path_follower]: waypoint 2844 / 5251 도달 (선 이탈 0.20 m)
[velocity_path_follower.py-9] [INFO] [1786828029.793397598] [velocity_path_follower]: waypoint 2845 / 5251 도달 (선 이탈 0.08 m)
[velocity_path_follower.py-9] [INFO] [1786828030.243460461] [velocity_path_follower]: waypoint 2846 / 5251 도달 (선 이탈 0.04 m)
[velocity_path_follower.py-9] [INFO] [1786828030.693434328] [velocity_path_follower]: waypoint 2847 / 5251 도달 (선 이탈 0.14 m)
[velocity_path_follower.py-9] [INFO] [1786828031.093330470] [velocity_path_follower]: waypoint 2848 / 5251 도달 (선 이탈 0.23 m)
[velocity_path_follower.py-9] [INFO] [1786828031.543469853] [velocity_path_follower]: waypoint 2849 / 5251 도달 (선 이탈 0.31 m)
[velocity_path_follower.py-9] [INFO] [1786828031.943232919] [velocity_path_follower]: waypoint 2850 / 5251 도달 (선 이탈 0.37 m)
[velocity_path_follower.py-9] [INFO] [1786828031.992942350] [velocity_path_follower]: 1225.0s  wp 2851/5251 이탈0.4m  위치 ( -29.52,  -110.48,   8.97)
[velocity_path_follower.py-9] [INFO] [1786828032.343196374] [velocity_path_follower]: waypoint 2851 / 5251 도달 (선 이탈 0.42 m)
[velocity_path_follower.py-9] [INFO] [1786828032.743140705] [velocity_path_follower]: waypoint 2852 / 5251 도달 (선 이탈 0.46 m)
[velocity_path_follower.py-9] [INFO] [1786828033.143407839] [velocity_path_follower]: waypoint 2853 / 5251 도달 (선 이탈 0.49 m)
[velocity_path_follower.py-9] [INFO] [1786828033.543176929] [velocity_path_follower]: waypoint 2854 / 5251 도달 (선 이탈 0.50 m)
[velocity_path_follower.py-9] [INFO] [1786828033.943156731] [velocity_path_follower]: waypoint 2855 / 5251 도달 (선 이탈 0.50 m)
[velocity_path_follower.py-9] [INFO] [1786828034.343176586] [velocity_path_follower]: waypoint 2856 / 5251 도달 (선 이탈 0.49 m)
[velocity_path_follower.py-9] [INFO] [1786828034.743088191] [velocity_path_follower]: waypoint 2857 / 5251 도달 (선 이탈 0.47 m)
[velocity_path_follower.py-9] [INFO] [1786828035.143150970] [velocity_path_follower]: waypoint 2858 / 5251 도달 (선 이탈 0.44 m)
[velocity_path_follower.py-9] [INFO] [1786828035.493252523] [velocity_path_follower]: waypoint 2859 / 5251 도달 (선 이탈 0.41 m)
[velocity_path_follower.py-9] [INFO] [1786828035.893162349] [velocity_path_follower]: waypoint 2860 / 5251 도달 (선 이탈 0.37 m)
[velocity_path_follower.py-9] [INFO] [1786828036.293277561] [velocity_path_follower]: waypoint 2861 / 5251 도달 (선 이탈 0.32 m)
[velocity_path_follower.py-9] [INFO] [1786828036.643193789] [velocity_path_follower]: waypoint 2862 / 5251 도달 (선 이탈 0.28 m)
[velocity_path_follower.py-9] [INFO] [1786828036.993055182] [velocity_path_follower]: 1230.0s  wp 2863/5251 이탈0.2m  위치 ( -23.12,  -110.33,   9.94)
[velocity_path_follower.py-9] [INFO] [1786828037.043383382] [velocity_path_follower]: waypoint 2863 / 5251 도달 (선 이탈 0.22 m)
[velocity_path_follower.py-9] [INFO] [1786828037.393309537] [velocity_path_follower]: waypoint 2864 / 5251 도달 (선 이탈 0.18 m)
[velocity_path_follower.py-9] [INFO] [1786828037.793330430] [velocity_path_follower]: waypoint 2865 / 5251 도달 (선 이탈 0.12 m)
[velocity_path_follower.py-9] [INFO] [1786828038.143225505] [velocity_path_follower]: waypoint 2866 / 5251 도달 (선 이탈 0.07 m)
[velocity_path_follower.py-9] [INFO] [1786828038.543205576] [velocity_path_follower]: waypoint 2867 / 5251 도달 (선 이탈 0.01 m)
[velocity_path_follower.py-9] [INFO] [1786828038.893124533] [velocity_path_follower]: waypoint 2868 / 5251 도달 (선 이탈 0.03 m)
[velocity_path_follower.py-9] [INFO] [1786828039.243193166] [velocity_path_follower]: waypoint 2869 / 5251 도달 (선 이탈 0.07 m)
[velocity_path_follower.py-9] [INFO] [1786828039.643300626] [velocity_path_follower]: waypoint 2870 / 5251 도달 (선 이탈 0.12 m)
[velocity_path_follower.py-9] [INFO] [1786828039.993202135] [velocity_path_follower]: waypoint 2871 / 5251 도달 (선 이탈 0.15 m)
[velocity_path_follower.py-9] [INFO] [1786828040.343203364] [velocity_path_follower]: waypoint 2872 / 5251 도달 (선 이탈 0.18 m)
[velocity_path_follower.py-9] [INFO] [1786828040.693182717] [velocity_path_follower]: waypoint 2873 / 5251 도달 (선 이탈 0.21 m)
[velocity_path_follower.py-9] [INFO] [1786828041.043265658] [velocity_path_follower]: waypoint 2874 / 5251 도달 (선 이탈 0.23 m)
[velocity_path_follower.py-9] [INFO] [1786828041.443370142] [velocity_path_follower]: waypoint 2875 / 5251 도달 (선 이탈 0.25 m)
[velocity_path_follower.py-9] [INFO] [1786828041.795891302] [velocity_path_follower]: waypoint 2876 / 5251 도달 (선 이탈 0.26 m)
[velocity_path_follower.py-9] [INFO] [1786828041.995559891] [velocity_path_follower]: 1235.0s  wp 2877/5251 이탈0.3m  위치 ( -16.29,  -109.84,   7.70)
[velocity_path_follower.py-9] [INFO] [1786828042.145478413] [velocity_path_follower]: waypoint 2877 / 5251 도달 (선 이탈 0.26 m)
[velocity_path_follower.py-9] [INFO] [1786828042.496256594] [velocity_path_follower]: waypoint 2878 / 5251 도달 (선 이탈 0.27 m)
[velocity_path_follower.py-9] [INFO] [1786828042.845533873] [velocity_path_follower]: waypoint 2879 / 5251 도달 (선 이탈 0.26 m)
[velocity_path_follower.py-9] [INFO] [1786828043.247849416] [velocity_path_follower]: waypoint 2880 / 5251 도달 (선 이탈 0.25 m)
[velocity_path_follower.py-9] [INFO] [1786828046.999879753] [velocity_path_follower]: 1240.0s  climb       위치 ( -10.52,  -109.96,   6.09)
[velocity_path_follower.py-9] [INFO] [1786828047.649928856] [velocity_path_follower]: waypoint 2881 / 5251 도달 (선 이탈 0.12 m)
[velocity_path_follower.py-9] [INFO] [1786828047.700003484] [velocity_path_follower]: waypoint 2882 / 5251 도달 (선 이탈 0.12 m)
[velocity_path_follower.py-9] [INFO] [1786828047.749783065] [velocity_path_follower]: waypoint 2883 / 5251 도달 (선 이탈 0.12 m)
[velocity_path_follower.py-9] [INFO] [1786828047.799950611] [velocity_path_follower]: waypoint 2884 / 5251 도달 (선 이탈 0.12 m)
[velocity_path_follower.py-9] [INFO] [1786828047.849861152] [velocity_path_follower]: waypoint 2885 / 5251 도달 (선 이탈 0.12 m)
[velocity_path_follower.py-9] [INFO] [1786828047.899962489] [velocity_path_follower]: waypoint 2886 / 5251 도달 (선 이탈 0.12 m)
[velocity_path_follower.py-9] [INFO] [1786828047.949963407] [velocity_path_follower]: waypoint 2887 / 5251 도달 (선 이탈 0.12 m)
[velocity_path_follower.py-9] [INFO] [1786828047.999938408] [velocity_path_follower]: waypoint 2888 / 5251 도달 (선 이탈 0.12 m)
[velocity_path_follower.py-9] [INFO] [1786828048.049943078] [velocity_path_follower]: waypoint 2889 / 5251 도달 (선 이탈 0.12 m)
[velocity_path_follower.py-9] [INFO] [1786828048.499946146] [velocity_path_follower]: waypoint 2890 / 5251 도달 (선 이탈 0.11 m)
[velocity_path_follower.py-9] [INFO] [1786828049.249856236] [velocity_path_follower]: waypoint 2891 / 5251 도달 (선 이탈 0.09 m)
[velocity_path_follower.py-9] [INFO] [1786828049.900059505] [velocity_path_follower]: waypoint 2892 / 5251 도달 (선 이탈 0.07 m)
[velocity_path_follower.py-9] [INFO] [1786828050.550022161] [velocity_path_follower]: waypoint 2893 / 5251 도달 (선 이탈 0.05 m)
[velocity_path_follower.py-9] [INFO] [1786828051.100118771] [velocity_path_follower]: waypoint 2894 / 5251 도달 (선 이탈 0.03 m)
[velocity_path_follower.py-9] [INFO] [1786828051.599990634] [velocity_path_follower]: waypoint 2895 / 5251 도달 (선 이탈 0.01 m)
[velocity_path_follower.py-9] [INFO] [1786828052.000046901] [velocity_path_follower]: 1245.0s  wp 2896/5251 이탈0.0m  위치 (  -6.68,  -110.10,   7.92)
[velocity_path_follower.py-9] [INFO] [1786828052.100142379] [velocity_path_follower]: waypoint 2896 / 5251 도달 (선 이탈 0.00 m)
[velocity_path_follower.py-9] [INFO] [1786828052.599958755] [velocity_path_follower]: waypoint 2897 / 5251 도달 (선 이탈 0.02 m)
[velocity_path_follower.py-9] [INFO] [1786828053.049942376] [velocity_path_follower]: waypoint 2898 / 5251 도달 (선 이탈 0.03 m)
[velocity_path_follower.py-9] [INFO] [1786828053.500070304] [velocity_path_follower]: waypoint 2899 / 5251 도달 (선 이탈 0.04 m)
[velocity_path_follower.py-9] [INFO] [1786828054.000074906] [velocity_path_follower]: waypoint 2900 / 5251 도달 (선 이탈 0.05 m)
[velocity_path_follower.py-9] [INFO] [1786828054.399954289] [velocity_path_follower]: waypoint 2901 / 5251 도달 (선 이탈 0.05 m)
[velocity_path_follower.py-9] [INFO] [1786828054.849955477] [velocity_path_follower]: waypoint 2902 / 5251 도달 (선 이탈 0.06 m)
[velocity_path_follower.py-9] [INFO] [1786828055.250330543] [velocity_path_follower]: waypoint 2903 / 5251 도달 (선 이탈 0.06 m)
[velocity_path_follower.py-9] [INFO] [1786828055.649918849] [velocity_path_follower]: waypoint 2904 / 5251 도달 (선 이탈 0.06 m)
[velocity_path_follower.py-9] [INFO] [1786828057.000048651] [velocity_path_follower]: 1250.0s  climb       위치 (  -1.01,  -110.16,   6.24)
[velocity_path_follower.py-9] [INFO] [1786828058.351983587] [velocity_path_follower]: waypoint 2905 / 5251 도달 (선 이탈 0.05 m)
[velocity_path_follower.py-9] [INFO] [1786828058.402135274] [velocity_path_follower]: waypoint 2906 / 5251 도달 (선 이탈 0.05 m)
[velocity_path_follower.py-9] [INFO] [1786828058.452087374] [velocity_path_follower]: waypoint 2907 / 5251 도달 (선 이탈 0.05 m)
[velocity_path_follower.py-9] [INFO] [1786828058.502029057] [velocity_path_follower]: waypoint 2908 / 5251 도달 (선 이탈 0.05 m)
[velocity_path_follower.py-9] [INFO] [1786828058.552115493] [velocity_path_follower]: waypoint 2909 / 5251 도달 (선 이탈 0.05 m)
[velocity_path_follower.py-9] [INFO] [1786828058.601928799] [velocity_path_follower]: waypoint 2910 / 5251 도달 (선 이탈 0.05 m)
[velocity_path_follower.py-9] [INFO] [1786828059.202054974] [velocity_path_follower]: waypoint 2911 / 5251 도달 (선 이탈 0.05 m)
[velocity_path_follower.py-9] [INFO] [1786828059.802060618] [velocity_path_follower]: waypoint 2912 / 5251 도달 (선 이탈 0.04 m)
[velocity_path_follower.py-9] [INFO] [1786828060.351941500] [velocity_path_follower]: waypoint 2913 / 5251 도달 (선 이탈 0.04 m)
[velocity_path_follower.py-9] [INFO] [1786828060.852175208] [velocity_path_follower]: waypoint 2914 / 5251 도달 (선 이탈 0.03 m)
[velocity_path_follower.py-9] [INFO] [1786828061.352023501] [velocity_path_follower]: waypoint 2915 / 5251 도달 (선 이탈 0.03 m)
[velocity_path_follower.py-9] [INFO] [1786828061.852151596] [velocity_path_follower]: waypoint 2916 / 5251 도달 (선 이탈 0.02 m)
[velocity_path_follower.py-9] [INFO] [1786828062.009967142] [velocity_path_follower]: 1255.0s  wp 2917/5251 이탈0.0m  위치 (   3.57,  -110.12,   9.05)
[velocity_path_follower.py-9] [INFO] [1786828062.310221411] [velocity_path_follower]: waypoint 2917 / 5251 도달 (선 이탈 0.01 m)
[velocity_path_follower.py-9] [INFO] [1786828062.760101284] [velocity_path_follower]: waypoint 2918 / 5251 도달 (선 이탈 0.00 m)
[velocity_path_follower.py-9] [INFO] [1786828063.260152565] [velocity_path_follower]: waypoint 2919 / 5251 도달 (선 이탈 0.00 m)
[velocity_path_follower.py-9] [INFO] [1786828063.660179180] [velocity_path_follower]: waypoint 2920 / 5251 도달 (선 이탈 0.01 m)
[velocity_path_follower.py-9] [INFO] [1786828064.060179336] [velocity_path_follower]: waypoint 2921 / 5251 도달 (선 이탈 0.01 m)
[velocity_path_follower.py-9] [INFO] [1786828064.510316698] [velocity_path_follower]: waypoint 2922 / 5251 도달 (선 이탈 0.02 m)
[velocity_path_follower.py-9] [INFO] [1786828064.910155779] [velocity_path_follower]: waypoint 2923 / 5251 도달 (선 이탈 0.02 m)
[velocity_path_follower.py-9] [INFO] [1786828065.311175848] [velocity_path_follower]: waypoint 2924 / 5251 도달 (선 이탈 0.02 m)
[velocity_path_follower.py-9] [INFO] [1786828065.710134840] [velocity_path_follower]: waypoint 2925 / 5251 도달 (선 이탈 0.03 m)
[velocity_path_follower.py-9] [INFO] [1786828066.110113021] [velocity_path_follower]: waypoint 2926 / 5251 도달 (선 이탈 0.03 m)
[velocity_path_follower.py-9] [INFO] [1786828066.510228045] [velocity_path_follower]: waypoint 2927 / 5251 도달 (선 이탈 0.03 m)
[velocity_path_follower.py-9] [INFO] [1786828066.910086357] [velocity_path_follower]: waypoint 2928 / 5251 도달 (선 이탈 0.03 m)
[velocity_path_follower.py-9] [INFO] [1786828067.010081165] [velocity_path_follower]: 1260.0s  wp 2929/5251 이탈0.0m  위치 (   9.56,  -110.07,  11.46)
[velocity_path_follower.py-9] [INFO] [1786828067.260160901] [velocity_path_follower]: waypoint 2929 / 5251 도달 (선 이탈 0.03 m)
[velocity_path_follower.py-9] [INFO] [1786828067.660023933] [velocity_path_follower]: waypoint 2930 / 5251 도달 (선 이탈 0.03 m)
[velocity_path_follower.py-9] [INFO] [1786828068.060168346] [velocity_path_follower]: waypoint 2931 / 5251 도달 (선 이탈 0.03 m)
[velocity_path_follower.py-9] [INFO] [1786828068.410130526] [velocity_path_follower]: waypoint 2932 / 5251 도달 (선 이탈 0.02 m)
[velocity_path_follower.py-9] [INFO] [1786828068.810535037] [velocity_path_follower]: waypoint 2933 / 5251 도달 (선 이탈 0.02 m)
[velocity_path_follower.py-9] [INFO] [1786828069.160114631] [velocity_path_follower]: waypoint 2934 / 5251 도달 (선 이탈 0.02 m)
[velocity_path_follower.py-9] [INFO] [1786828069.562334354] [velocity_path_follower]: waypoint 2935 / 5251 도달 (선 이탈 0.02 m)
[velocity_path_follower.py-9] [INFO] [1786828069.912478630] [velocity_path_follower]: waypoint 2936 / 5251 도달 (선 이탈 0.01 m)
[velocity_path_follower.py-9] [INFO] [1786828070.262267824] [velocity_path_follower]: waypoint 2937 / 5251 도달 (선 이탈 0.01 m)
[velocity_path_follower.py-9] [INFO] [1786828070.662191974] [velocity_path_follower]: waypoint 2938 / 5251 도달 (선 이탈 0.01 m)
[velocity_path_follower.py-9] [INFO] [1786828071.012330093] [velocity_path_follower]: waypoint 2939 / 5251 도달 (선 이탈 0.01 m)
[velocity_path_follower.py-9] [INFO] [1786828071.362289136] [velocity_path_follower]: waypoint 2940 / 5251 도달 (선 이탈 0.00 m)
[velocity_path_follower.py-9] [INFO] [1786828071.762441384] [velocity_path_follower]: waypoint 2941 / 5251 도달 (선 이탈 0.00 m)
[velocity_path_follower.py-9] [INFO] [1786828072.012275853] [velocity_path_follower]: 1265.0s  wp 2942/5251 이탈0.0m  위치 (  16.29,  -110.10,   9.63)
[velocity_path_follower.py-9] [INFO] [1786828072.112302428] [velocity_path_follower]: waypoint 2942 / 5251 도달 (선 이탈 0.00 m)
[velocity_path_follower.py-9] [INFO] [1786828072.471912706] [velocity_path_follower]: waypoint 2943 / 5251 도달 (선 이탈 0.00 m)
[velocity_path_follower.py-9] [INFO] [1786828072.837041423] [velocity_path_follower]: waypoint 2944 / 5251 도달 (선 이탈 0.01 m)
[velocity_path_follower.py-9] [INFO] [1786828073.198179985] [velocity_path_follower]: waypoint 2945 / 5251 도달 (선 이탈 0.01 m)
[velocity_path_follower.py-9] [INFO] [1786828073.602336375] [velocity_path_follower]: waypoint 2946 / 5251 도달 (선 이탈 0.01 m)
[velocity_path_follower.py-9] [INFO] [1786828073.955115282] [velocity_path_follower]: waypoint 2947 / 5251 도달 (선 이탈 0.01 m)
[velocity_path_follower.py-9] [INFO] [1786828074.304700470] [velocity_path_follower]: waypoint 2948 / 5251 도달 (선 이탈 0.01 m)
[velocity_path_follower.py-9] [INFO] [1786828074.654745919] [velocity_path_follower]: waypoint 2949 / 5251 도달 (선 이탈 0.01 m)
[velocity_path_follower.py-9] [INFO] [1786828075.004831910] [velocity_path_follower]: waypoint 2950 / 5251 도달 (선 이탈 0.01 m)
[velocity_path_follower.py-9] [INFO] [1786828075.354686781] [velocity_path_follower]: waypoint 2951 / 5251 도달 (선 이탈 0.01 m)
[velocity_path_follower.py-9] [INFO] [1786828075.704782990] [velocity_path_follower]: waypoint 2952 / 5251 도달 (선 이탈 0.01 m)
[velocity_path_follower.py-9] [INFO] [1786828076.104695657] [velocity_path_follower]: waypoint 2953 / 5251 도달 (선 이탈 0.01 m)
[velocity_path_follower.py-9] [INFO] [1786828076.405021296] [velocity_path_follower]: waypoint 2954 / 5251 도달 (선 이탈 0.01 m)
[velocity_path_follower.py-9] [INFO] [1786828076.806990343] [velocity_path_follower]: waypoint 2955 / 5251 도달 (선 이탈 0.01 m)
[velocity_path_follower.py-9] [INFO] [1786828077.056788847] [velocity_path_follower]: 1270.0s  wp 2956/5251 이탈0.0m  위치 (  23.32,  -110.11,   9.99)
[velocity_path_follower.py-9] [INFO] [1786828077.106848476] [velocity_path_follower]: waypoint 2956 / 5251 도달 (선 이탈 0.01 m)
[velocity_path_follower.py-9] [INFO] [1786828077.507040751] [velocity_path_follower]: waypoint 2957 / 5251 도달 (선 이탈 0.01 m)
[velocity_path_follower.py-9] [INFO] [1786828077.859691654] [velocity_path_follower]: waypoint 2958 / 5251 도달 (선 이탈 0.01 m)
[velocity_path_follower.py-9] [INFO] [1786828078.159139413] [velocity_path_follower]: waypoint 2959 / 5251 도달 (선 이탈 0.01 m)
[velocity_path_follower.py-9] [INFO] [1786828078.559157946] [velocity_path_follower]: waypoint 2960 / 5251 도달 (선 이탈 0.01 m)
[velocity_path_follower.py-9] [INFO] [1786828078.909223975] [velocity_path_follower]: waypoint 2961 / 5251 도달 (선 이탈 0.00 m)
[velocity_path_follower.py-9] [INFO] [1786828079.259162468] [velocity_path_follower]: waypoint 2962 / 5251 도달 (선 이탈 0.00 m)
[velocity_path_follower.py-9] [INFO] [1786828079.559134625] [velocity_path_follower]: waypoint 2963 / 5251 도달 (선 이탈 0.00 m)
[velocity_path_follower.py-9] [INFO] [1786828079.961967722] [velocity_path_follower]: waypoint 2964 / 5251 도달 (선 이탈 0.00 m)
[velocity_path_follower.py-9] [INFO] [1786828080.312084979] [velocity_path_follower]: waypoint 2965 / 5251 도달 (선 이탈 0.00 m)
[velocity_path_follower.py-9] [INFO] [1786828080.662189529] [velocity_path_follower]: waypoint 2966 / 5251 도달 (선 이탈 0.00 m)
[velocity_path_follower.py-9] [INFO] [1786828080.965445216] [velocity_path_follower]: waypoint 2967 / 5251 도달 (선 이탈 0.00 m)
[velocity_path_follower.py-9] [INFO] [1786828081.372164077] [velocity_path_follower]: waypoint 2968 / 5251 도달 (선 이탈 0.00 m)
[velocity_path_follower.py-9] [INFO] [1786828081.723579078] [velocity_path_follower]: waypoint 2969 / 5251 도달 (선 이탈 0.01 m)
[velocity_path_follower.py-9] [INFO] [1786828082.073492469] [velocity_path_follower]: waypoint 2970 / 5251 도달 (선 이탈 0.01 m)
[velocity_path_follower.py-9] [INFO] [1786828082.123331558] [velocity_path_follower]: 1275.1s  wp 2971/5251 이탈0.0m  위치 (  30.54,  -110.09,   8.41)
[velocity_path_follower.py-9] [INFO] [1786828082.425678369] [velocity_path_follower]: waypoint 2971 / 5251 도달 (선 이탈 0.01 m)
[velocity_path_follower.py-9] [INFO] [1786828082.725625301] [velocity_path_follower]: waypoint 2972 / 5251 도달 (선 이탈 0.01 m)
[velocity_path_follower.py-9] [INFO] [1786828083.077859954] [velocity_path_follower]: waypoint 2973 / 5251 도달 (선 이탈 0.01 m)
[velocity_path_follower.py-9] [INFO] [1786828083.427929907] [velocity_path_follower]: waypoint 2974 / 5251 도달 (선 이탈 0.01 m)
[velocity_path_follower.py-9] [INFO] [1786828083.827648697] [velocity_path_follower]: waypoint 2975 / 5251 도달 (선 이탈 0.01 m)
[velocity_path_follower.py-9] [INFO] [1786828084.127832312] [velocity_path_follower]: waypoint 2976 / 5251 도달 (선 이탈 0.01 m)
[velocity_path_follower.py-9] [INFO] [1786828084.528147499] [velocity_path_follower]: waypoint 2977 / 5251 도달 (선 이탈 0.01 m)
[velocity_path_follower.py-9] [INFO] [1786828084.827941527] [velocity_path_follower]: waypoint 2978 / 5251 도달 (선 이탈 0.01 m)
[velocity_path_follower.py-9] [INFO] [1786828085.179789737] [velocity_path_follower]: waypoint 2979 / 5251 도달 (선 이탈 0.01 m)
[velocity_path_follower.py-9] [INFO] [1786828085.530096797] [velocity_path_follower]: waypoint 2980 / 5251 도달 (선 이탈 0.01 m)
[velocity_path_follower.py-9] [INFO] [1786828085.880130477] [velocity_path_follower]: waypoint 2981 / 5251 도달 (선 이탈 0.01 m)
[velocity_path_follower.py-9] [INFO] [1786828086.230000659] [velocity_path_follower]: waypoint 2982 / 5251 도달 (선 이탈 0.01 m)
[velocity_path_follower.py-9] [INFO] [1786828086.580133684] [velocity_path_follower]: waypoint 2983 / 5251 도달 (선 이탈 0.00 m)
[velocity_path_follower.py-9] [INFO] [1786828086.930030787] [velocity_path_follower]: waypoint 2984 / 5251 도달 (선 이탈 0.00 m)
[velocity_path_follower.py-9] [INFO] [1786828087.079673077] [velocity_path_follower]: 1280.0s  wp 2985/5251 이탈0.0m  위치 (  37.64,  -110.10,   9.79)
[velocity_path_follower.py-9] [INFO] [1786828087.279848396] [velocity_path_follower]: waypoint 2985 / 5251 도달 (선 이탈 0.00 m)
[velocity_path_follower.py-9] [INFO] [1786828087.632921987] [velocity_path_follower]: waypoint 2986 / 5251 도달 (선 이탈 0.00 m)
[velocity_path_follower.py-9] [INFO] [1786828087.982857392] [velocity_path_follower]: waypoint 2987 / 5251 도달 (선 이탈 0.00 m)
[velocity_path_follower.py-9] [INFO] [1786828088.332963976] [velocity_path_follower]: waypoint 2988 / 5251 도달 (선 이탈 0.00 m)
[velocity_path_follower.py-9] [INFO] [1786828088.682630386] [velocity_path_follower]: waypoint 2989 / 5251 도달 (선 이탈 0.00 m)
[velocity_path_follower.py-9] [INFO] [1786828089.032660720] [velocity_path_follower]: waypoint 2990 / 5251 도달 (선 이탈 0.00 m)
[velocity_path_follower.py-9] [INFO] [1786828089.383093945] [velocity_path_follower]: waypoint 2991 / 5251 도달 (선 이탈 0.00 m)
[velocity_path_follower.py-9] [INFO] [1786828089.732860324] [velocity_path_follower]: waypoint 2992 / 5251 도달 (선 이탈 0.00 m)
[velocity_path_follower.py-9] [INFO] [1786828090.032642144] [velocity_path_follower]: waypoint 2993 / 5251 도달 (선 이탈 0.00 m)
[velocity_path_follower.py-9] [INFO] [1786828090.432675350] [velocity_path_follower]: waypoint 2994 / 5251 도달 (선 이탈 0.00 m)
[velocity_path_follower.py-9] [INFO] [1786828090.732941186] [velocity_path_follower]: waypoint 2995 / 5251 도달 (선 이탈 0.00 m)
[velocity_path_follower.py-9] [INFO] [1786828091.082807578] [velocity_path_follower]: waypoint 2996 / 5251 도달 (선 이탈 0.00 m)
[velocity_path_follower.py-9] [INFO] [1786828091.432689354] [velocity_path_follower]: waypoint 2997 / 5251 도달 (선 이탈 0.00 m)
[velocity_path_follower.py-9] [INFO] [1786828091.782868885] [velocity_path_follower]: waypoint 2998 / 5251 도달 (선 이탈 0.00 m)
[velocity_path_follower.py-9] [INFO] [1786828092.082651889] [velocity_path_follower]: 1285.0s  wp 2999/5251 이탈0.0m  위치 (  44.85,  -110.10,  13.96)
[velocity_path_follower.py-9] [INFO] [1786828092.132616453] [velocity_path_follower]: waypoint 2999 / 5251 도달 (선 이탈 0.00 m)
[velocity_path_follower.py-9] [INFO] [1786828092.482674533] [velocity_path_follower]: waypoint 3000 / 5251 도달 (선 이탈 0.00 m)
[velocity_path_follower.py-9] [INFO] [1786828092.832668319] [velocity_path_follower]: waypoint 3001 / 5251 도달 (선 이탈 0.00 m)
[velocity_path_follower.py-9] [INFO] [1786828093.182794864] [velocity_path_follower]: waypoint 3002 / 5251 도달 (선 이탈 0.00 m)
[velocity_path_follower.py-9] [INFO] [1786828093.532867870] [velocity_path_follower]: waypoint 3003 / 5251 도달 (선 이탈 0.00 m)
[velocity_path_follower.py-9] [INFO] [1786828093.882981044] [velocity_path_follower]: waypoint 3004 / 5251 도달 (선 이탈 0.00 m)
[velocity_path_follower.py-9] [INFO] [1786828094.232909345] [velocity_path_follower]: waypoint 3005 / 5251 도달 (선 이탈 0.00 m)
[velocity_path_follower.py-9] [INFO] [1786828094.582940235] [velocity_path_follower]: waypoint 3006 / 5251 도달 (선 이탈 0.00 m)
[velocity_path_follower.py-9] [INFO] [1786828094.932926832] [velocity_path_follower]: waypoint 3007 / 5251 도달 (선 이탈 0.00 m)
[velocity_path_follower.py-9] [INFO] [1786828095.232949494] [velocity_path_follower]: waypoint 3008 / 5251 도달 (선 이탈 0.00 m)
[velocity_path_follower.py-9] [INFO] [1786828095.632901294] [velocity_path_follower]: waypoint 3009 / 5251 도달 (선 이탈 0.00 m)
[velocity_path_follower.py-9] [INFO] [1786828095.932828955] [velocity_path_follower]: waypoint 3010 / 5251 도달 (선 이탈 0.00 m)
[velocity_path_follower.py-9] [INFO] [1786828096.332871099] [velocity_path_follower]: waypoint 3011 / 5251 도달 (선 이탈 0.00 m)
[velocity_path_follower.py-9] [INFO] [1786828096.632700100] [velocity_path_follower]: waypoint 3012 / 5251 도달 (선 이탈 0.00 m)
[velocity_path_follower.py-9] [INFO] [1786828096.982921721] [velocity_path_follower]: waypoint 3013 / 5251 도달 (선 이탈 0.00 m)
[velocity_path_follower.py-9] [INFO] [1786828097.082912196] [velocity_path_follower]: 1290.0s  wp 3014/5251 이탈0.0m  위치 (  52.05,  -110.10,  10.72)
[velocity_path_follower.py-9] [INFO] [1786828097.332685425] [velocity_path_follower]: waypoint 3014 / 5251 도달 (선 이탈 0.00 m)
[velocity_path_follower.py-9] [INFO] [1786828097.682865054] [velocity_path_follower]: waypoint 3015 / 5251 도달 (선 이탈 0.00 m)
[velocity_path_follower.py-9] [INFO] [1786828098.033069184] [velocity_path_follower]: waypoint 3016 / 5251 도달 (선 이탈 0.00 m)
[velocity_path_follower.py-9] [INFO] [1786828098.382657353] [velocity_path_follower]: waypoint 3017 / 5251 도달 (선 이탈 0.00 m)
[velocity_path_follower.py-9] [INFO] [1786828098.732895534] [velocity_path_follower]: waypoint 3018 / 5251 도달 (선 이탈 0.00 m)
[velocity_path_follower.py-9] [INFO] [1786828099.082585082] [velocity_path_follower]: waypoint 3019 / 5251 도달 (선 이탈 0.00 m)
[velocity_path_follower.py-9] [INFO] [1786828099.432876857] [velocity_path_follower]: waypoint 3020 / 5251 도달 (선 이탈 0.00 m)
[velocity_path_follower.py-9] [INFO] [1786828099.782853584] [velocity_path_follower]: waypoint 3021 / 5251 도달 (선 이탈 0.00 m)
[velocity_path_follower.py-9] [INFO] [1786828100.082837656] [velocity_path_follower]: waypoint 3022 / 5251 도달 (선 이탈 0.00 m)
[velocity_path_follower.py-9] [INFO] [1786828100.482872344] [velocity_path_follower]: waypoint 3023 / 5251 도달 (선 이탈 0.00 m)
[velocity_path_follower.py-9] [INFO] [1786828100.832861872] [velocity_path_follower]: waypoint 3024 / 5251 도달 (선 이탈 0.00 m)
[velocity_path_follower.py-9] [INFO] [1786828101.132687950] [velocity_path_follower]: waypoint 3025 / 5251 도달 (선 이탈 0.00 m)
[velocity_path_follower.py-9] [INFO] [1786828101.532811068] [velocity_path_follower]: waypoint 3026 / 5251 도달 (선 이탈 0.00 m)
[velocity_path_follower.py-9] [INFO] [1786828101.832795612] [velocity_path_follower]: waypoint 3027 / 5251 도달 (선 이탈 0.00 m)
[velocity_path_follower.py-9] [INFO] [1786828102.082602161] [velocity_path_follower]: 1295.0s  wp 3028/5251 이탈0.0m  위치 (  59.26,  -110.10,   8.24)
[velocity_path_follower.py-9] [INFO] [1786828102.182754862] [velocity_path_follower]: waypoint 3028 / 5251 도달 (선 이탈 0.00 m)
[velocity_path_follower.py-9] [INFO] [1786828102.532878411] [velocity_path_follower]: waypoint 3029 / 5251 도달 (선 이탈 0.00 m)
[velocity_path_follower.py-9] [INFO] [1786828107.090923459] [velocity_path_follower]: 1300.0s  wp 3030/5251 이탈2.8m  위치 (  64.18,  -107.94,  11.03)
[velocity_path_follower.py-9] [INFO] [1786828107.539852658] [velocity_path_follower]: waypoint 3030 / 5251 도달 (선 이탈 2.88 m)
[velocity_path_follower.py-9] [INFO] [1786828112.089575053] [velocity_path_follower]: 1305.0s  wp 3032/5251 이탈1.3m  위치 (  62.71,  -104.77,  11.37)
[velocity_path_follower.py-9] [INFO] [1786828112.539646542] [velocity_path_follower]: waypoint 3032 / 5251 도달 (선 이탈 1.43 m)
[velocity_path_follower.py-9] [INFO] [1786828113.189401186] [velocity_path_follower]: waypoint 3033 / 5251 도달 (선 이탈 1.50 m)
[velocity_path_follower.py-9] [INFO] [1786828113.789557925] [velocity_path_follower]: waypoint 3034 / 5251 도달 (선 이탈 1.50 m)
[velocity_path_follower.py-9] [INFO] [1786828114.389427626] [velocity_path_follower]: waypoint 3035 / 5251 도달 (선 이탈 1.44 m)
[velocity_path_follower.py-9] [INFO] [1786828114.939572369] [velocity_path_follower]: waypoint 3036 / 5251 도달 (선 이탈 1.34 m)
[velocity_path_follower.py-9] [INFO] [1786828115.489444495] [velocity_path_follower]: waypoint 3037 / 5251 도달 (선 이탈 1.20 m)
[velocity_path_follower.py-9] [INFO] [1786828116.041853883] [velocity_path_follower]: waypoint 3038 / 5251 도달 (선 이탈 1.03 m)
[velocity_path_follower.py-9] [INFO] [1786828116.541889097] [velocity_path_follower]: waypoint 3039 / 5251 도달 (선 이탈 0.86 m)
[velocity_path_follower.py-9] [INFO] [1786828117.041653599] [velocity_path_follower]: waypoint 3040 / 5251 도달 (선 이탈 0.67 m)
[velocity_path_follower.py-9] [INFO] [1786828117.091370941] [velocity_path_follower]: 1310.0s  wp 3041/5251 이탈0.7m  위치 (  58.35,  -105.44,  10.02)
[velocity_path_follower.py-9] [INFO] [1786828117.541956416] [velocity_path_follower]: waypoint 3041 / 5251 도달 (선 이탈 0.48 m)
[velocity_path_follower.py-9] [INFO] [1786828118.041796724] [velocity_path_follower]: waypoint 3042 / 5251 도달 (선 이탈 0.29 m)
[velocity_path_follower.py-9] [INFO] [1786828118.491953868] [velocity_path_follower]: waypoint 3043 / 5251 도달 (선 이탈 0.12 m)
[velocity_path_follower.py-9] [INFO] [1786828118.941683503] [velocity_path_follower]: waypoint 3044 / 5251 도달 (선 이탈 0.05 m)
[velocity_path_follower.py-9] [INFO] [1786828119.341683678] [velocity_path_follower]: waypoint 3045 / 5251 도달 (선 이탈 0.19 m)
[velocity_path_follower.py-9] [INFO] [1786828119.792133006] [velocity_path_follower]: waypoint 3046 / 5251 도달 (선 이탈 0.32 m)
[velocity_path_follower.py-9] [INFO] [1786828120.241804408] [velocity_path_follower]: waypoint 3047 / 5251 도달 (선 이탈 0.44 m)
[velocity_path_follower.py-9] [INFO] [1786828120.641867638] [velocity_path_follower]: waypoint 3048 / 5251 도달 (선 이탈 0.53 m)
[velocity_path_follower.py-9] [INFO] [1786828121.041869118] [velocity_path_follower]: waypoint 3049 / 5251 도달 (선 이탈 0.60 m)
[velocity_path_follower.py-9] [INFO] [1786828121.441662895] [velocity_path_follower]: waypoint 3050 / 5251 도달 (선 이탈 0.65 m)
[velocity_path_follower.py-9] [INFO] [1786828121.842611528] [velocity_path_follower]: waypoint 3051 / 5251 도달 (선 이탈 0.69 m)
[velocity_path_follower.py-9] [INFO] [1786828122.091541523] [velocity_path_follower]: 1315.0s  wp 3052/5251 이탈0.7m  위치 (  52.57,  -106.80,  12.49)
[velocity_path_follower.py-9] [INFO] [1786828122.241909592] [velocity_path_follower]: waypoint 3052 / 5251 도달 (선 이탈 0.70 m)
[velocity_path_follower.py-9] [INFO] [1786828122.642490603] [velocity_path_follower]: waypoint 3053 / 5251 도달 (선 이탈 0.71 m)
[velocity_path_follower.py-9] [INFO] [1786828123.042047011] [velocity_path_follower]: waypoint 3054 / 5251 도달 (선 이탈 0.69 m)
[velocity_path_follower.py-9] [INFO] [1786828123.441695930] [velocity_path_follower]: waypoint 3055 / 5251 도달 (선 이탈 0.67 m)
[velocity_path_follower.py-9] [INFO] [1786828123.842002821] [velocity_path_follower]: waypoint 3056 / 5251 도달 (선 이탈 0.63 m)
[velocity_path_follower.py-9] [INFO] [1786828124.241682663] [velocity_path_follower]: waypoint 3057 / 5251 도달 (선 이탈 0.58 m)
[velocity_path_follower.py-9] [INFO] [1786828124.591792537] [velocity_path_follower]: waypoint 3058 / 5251 도달 (선 이탈 0.53 m)
[velocity_path_follower.py-9] [INFO] [1786828124.991831224] [velocity_path_follower]: waypoint 3059 / 5251 도달 (선 이탈 0.46 m)
[velocity_path_follower.py-9] [INFO] [1786828125.391592707] [velocity_path_follower]: waypoint 3060 / 5251 도달 (선 이탈 0.39 m)
[velocity_path_follower.py-9] [INFO] [1786828125.741880468] [velocity_path_follower]: waypoint 3061 / 5251 도달 (선 이탈 0.33 m)
[velocity_path_follower.py-9] [INFO] [1786828126.141783665] [velocity_path_follower]: waypoint 3062 / 5251 도달 (선 이탈 0.25 m)
[velocity_path_follower.py-9] [INFO] [1786828126.541854998] [velocity_path_follower]: waypoint 3063 / 5251 도달 (선 이탈 0.17 m)
[velocity_path_follower.py-9] [INFO] [1786828126.891985682] [velocity_path_follower]: waypoint 3064 / 5251 도달 (선 이탈 0.10 m)
[velocity_path_follower.py-9] [INFO] [1786828127.091652614] [velocity_path_follower]: 1320.0s  wp 3065/5251 이탈0.1m  위치 (  46.10,  -106.16,  14.25)
[velocity_path_follower.py-9] [INFO] [1786828127.241888241] [velocity_path_follower]: waypoint 3065 / 5251 도달 (선 이탈 0.03 m)
[velocity_path_follower.py-9] [INFO] [1786828127.641921667] [velocity_path_follower]: waypoint 3066 / 5251 도달 (선 이탈 0.04 m)
[velocity_path_follower.py-9] [INFO] [1786828127.992293614] [velocity_path_follower]: waypoint 3067 / 5251 도달 (선 이탈 0.10 m)
[velocity_path_follower.py-9] [INFO] [1786828128.391984417] [velocity_path_follower]: waypoint 3068 / 5251 도달 (선 이탈 0.16 m)
[velocity_path_follower.py-9] [INFO] [1786828128.741822362] [velocity_path_follower]: waypoint 3069 / 5251 도달 (선 이탈 0.21 m)
[velocity_path_follower.py-9] [INFO] [1786828129.091678351] [velocity_path_follower]: waypoint 3070 / 5251 도달 (선 이탈 0.25 m)
[velocity_path_follower.py-9] [INFO] [1786828129.491770006] [velocity_path_follower]: waypoint 3071 / 5251 도달 (선 이탈 0.29 m)
[velocity_path_follower.py-9] [INFO] [1786828129.841809214] [velocity_path_follower]: waypoint 3072 / 5251 도달 (선 이탈 0.32 m)
[velocity_path_follower.py-9] [INFO] [1786828130.191571754] [velocity_path_follower]: waypoint 3073 / 5251 도달 (선 이탈 0.34 m)
[velocity_path_follower.py-9] [INFO] [1786828130.541856476] [velocity_path_follower]: waypoint 3074 / 5251 도달 (선 이탈 0.36 m)
[velocity_path_follower.py-9] [INFO] [1786828130.941669010] [velocity_path_follower]: waypoint 3075 / 5251 도달 (선 이탈 0.37 m)
[velocity_path_follower.py-9] [INFO] [1786828131.291926030] [velocity_path_follower]: waypoint 3076 / 5251 도달 (선 이탈 0.37 m)
[velocity_path_follower.py-9] [INFO] [1786828131.641632666] [velocity_path_follower]: waypoint 3077 / 5251 도달 (선 이탈 0.36 m)
[velocity_path_follower.py-9] [INFO] [1786828131.991842686] [velocity_path_follower]: waypoint 3078 / 5251 도달 (선 이탈 0.35 m)
[velocity_path_follower.py-9] [INFO] [1786828132.091635373] [velocity_path_follower]: 1325.0s  wp 3079/5251 이탈0.3m  위치 (  39.25,  -105.75,   8.54)
[velocity_path_follower.py-9] [INFO] [1786828132.341558330] [velocity_path_follower]: waypoint 3079 / 5251 도달 (선 이탈 0.34 m)
[velocity_path_follower.py-9] [INFO] [1786828132.741590389] [velocity_path_follower]: waypoint 3080 / 5251 도달 (선 이탈 0.31 m)
[velocity_path_follower.py-9] [INFO] [1786828133.091781378] [velocity_path_follower]: waypoint 3081 / 5251 도달 (선 이탈 0.29 m)
[velocity_path_follower.py-9] [INFO] [1786828133.441671701] [velocity_path_follower]: waypoint 3082 / 5251 도달 (선 이탈 0.26 m)
[velocity_path_follower.py-9] [INFO] [1786828133.791808279] [velocity_path_follower]: waypoint 3083 / 5251 도달 (선 이탈 0.22 m)
[velocity_path_follower.py-9] [INFO] [1786828134.142079322] [velocity_path_follower]: waypoint 3084 / 5251 도달 (선 이탈 0.19 m)
[velocity_path_follower.py-9] [INFO] [1786828134.541889271] [velocity_path_follower]: waypoint 3085 / 5251 도달 (선 이탈 0.15 m)
[velocity_path_follower.py-9] [INFO] [1786828134.841827985] [velocity_path_follower]: waypoint 3086 / 5251 도달 (선 이탈 0.11 m)
[velocity_path_follower.py-9] [INFO] [1786828135.242686587] [velocity_path_follower]: waypoint 3087 / 5251 도달 (선 이탈 0.07 m)
[velocity_path_follower.py-9] [INFO] [1786828135.591862204] [velocity_path_follower]: waypoint 3088 / 5251 도달 (선 이탈 0.04 m)
[velocity_path_follower.py-9] [INFO] [1786828135.941678418] [velocity_path_follower]: waypoint 3089 / 5251 도달 (선 이탈 0.00 m)
[velocity_path_follower.py-9] [INFO] [1786828136.291693143] [velocity_path_follower]: waypoint 3090 / 5251 도달 (선 이탈 0.03 m)
[ros2-8] [INFO] [1786828136.331273798] [rosbag2_cpp]: Writing remaining messages from cache to the bag. It may take a while
[velocity_path_follower.py-9] [INFO] [1786828136.649893540] [velocity_path_follower]: waypoint 3091 / 5251 도달 (선 이탈 0.06 m)
[velocity_path_follower.py-9] [INFO] [1786828137.008025435] [velocity_path_follower]: waypoint 3092 / 5251 도달 (선 이탈 0.09 m)
[velocity_path_follower.py-9] [INFO] [1786828137.110650527] [velocity_path_follower]: 1330.0s  wp 3093/5251 이탈0.1m  위치 (  32.23,  -106.20,   7.14)
[velocity_path_follower.py-9] [INFO] [1786828137.364527639] [velocity_path_follower]: waypoint 3093 / 5251 도달 (선 이탈 0.12 m)
[velocity_path_follower.py-9] [INFO] [1786828137.714636084] [velocity_path_follower]: waypoint 3094 / 5251 도달 (선 이탈 0.14 m)
[velocity_path_follower.py-9] [INFO] [1786828138.064645946] [velocity_path_follower]: waypoint 3095 / 5251 도달 (선 이탈 0.16 m)
[velocity_path_follower.py-9] [INFO] [1786828138.414759650] [velocity_path_follower]: waypoint 3096 / 5251 도달 (선 이탈 0.17 m)
[velocity_path_follower.py-9] [INFO] [1786828138.766639725] [velocity_path_follower]: waypoint 3097 / 5251 도달 (선 이탈 0.18 m)
[velocity_path_follower.py-9] [INFO] [1786828139.116750265] [velocity_path_follower]: waypoint 3098 / 5251 도달 (선 이탈 0.19 m)
[velocity_path_follower.py-9] [INFO] [1786828139.466642390] [velocity_path_follower]: waypoint 3099 / 5251 도달 (선 이탈 0.19 m)
[velocity_path_follower.py-9] [INFO] [1786828139.816622517] [velocity_path_follower]: waypoint 3100 / 5251 도달 (선 이탈 0.19 m)
[velocity_path_follower.py-9] [INFO] [1786828140.166852611] [velocity_path_follower]: waypoint 3101 / 5251 도달 (선 이탈 0.19 m)
[velocity_path_follower.py-9] [INFO] [1786828140.516778871] [velocity_path_follower]: waypoint 3102 / 5251 도달 (선 이탈 0.18 m)
[velocity_path_follower.py-9] [INFO] [1786828140.870822924] [velocity_path_follower]: waypoint 3103 / 5251 도달 (선 이탈 0.17 m)
[velocity_path_follower.py-9] [INFO] [1786828141.220254179] [velocity_path_follower]: waypoint 3104 / 5251 도달 (선 이탈 0.16 m)
[velocity_path_follower.py-9] [INFO] [1786828141.570313866] [velocity_path_follower]: waypoint 3105 / 5251 도달 (선 이탈 0.15 m)
[velocity_path_follower.py-9] [INFO] [1786828141.920223383] [velocity_path_follower]: waypoint 3106 / 5251 도달 (선 이탈 0.13 m)
[velocity_path_follower.py-9] [INFO] [1786828142.120030185] [velocity_path_follower]: 1335.0s  wp 3107/5251 이탈0.1m  위치 (  25.11,  -106.22,   9.10)
[velocity_path_follower.py-9] [INFO] [1786828142.270173158] [velocity_path_follower]: waypoint 3107 / 5251 도달 (선 이탈 0.12 m)
[velocity_path_follower.py-9] [INFO] [1786828142.620227521] [velocity_path_follower]: waypoint 3108 / 5251 도달 (선 이탈 0.10 m)
[velocity_path_follower.py-9] [INFO] [1786828143.070134265] [velocity_path_follower]: waypoint 3109 / 5251 도달 (선 이탈 0.07 m)
[velocity_path_follower.py-9] [INFO] [1786828143.320813263] [velocity_path_follower]: waypoint 3110 / 5251 도달 (선 이탈 0.06 m)
[velocity_path_follower.py-9] [INFO] [1786828143.670150453] [velocity_path_follower]: waypoint 3111 / 5251 도달 (선 이탈 0.04 m)
[velocity_path_follower.py-9] [INFO] [1786828144.020153781] [velocity_path_follower]: waypoint 3112 / 5251 도달 (선 이탈 0.02 m)
[velocity_path_follower.py-9] [INFO] [1786828144.370525501] [velocity_path_follower]: waypoint 3113 / 5251 도달 (선 이탈 0.00 m)
[velocity_path_follower.py-9] [INFO] [1786828144.720205956] [velocity_path_follower]: waypoint 3114 / 5251 도달 (선 이탈 0.02 m)
[velocity_path_follower.py-9] [INFO] [1786828145.070349256] [velocity_path_follower]: waypoint 3115 / 5251 도달 (선 이탈 0.03 m)
[velocity_path_follower.py-9] [INFO] [1786828145.420328559] [velocity_path_follower]: waypoint 3116 / 5251 도달 (선 이탈 0.05 m)
[velocity_path_follower.py-9] [INFO] [1786828145.770112191] [velocity_path_follower]: waypoint 3117 / 5251 도달 (선 이탈 0.06 m)
[velocity_path_follower.py-9] [INFO] [1786828146.120113081] [velocity_path_follower]: waypoint 3118 / 5251 도달 (선 이탈 0.07 m)
[velocity_path_follower.py-9] [INFO] [1786828146.470547694] [velocity_path_follower]: waypoint 3119 / 5251 도달 (선 이탈 0.08 m)
[velocity_path_follower.py-9] [INFO] [1786828146.820277875] [velocity_path_follower]: waypoint 3120 / 5251 도달 (선 이탈 0.09 m)
[velocity_path_follower.py-9] [INFO] [1786828147.120084094] [velocity_path_follower]: 1340.0s  wp 3121/5251 이탈0.1m  위치 (  17.91,  -106.01,   8.31)
[velocity_path_follower.py-9] [INFO] [1786828147.170195065] [velocity_path_follower]: waypoint 3121 / 5251 도달 (선 이탈 0.10 m)
[velocity_path_follower.py-9] [INFO] [1786828147.520226761] [velocity_path_follower]: waypoint 3122 / 5251 도달 (선 이탈 0.10 m)
[velocity_path_follower.py-9] [INFO] [1786828147.870317042] [velocity_path_follower]: waypoint 3123 / 5251 도달 (선 이탈 0.10 m)
[velocity_path_follower.py-9] [INFO] [1786828148.220357827] [velocity_path_follower]: waypoint 3124 / 5251 도달 (선 이탈 0.10 m)
[velocity_path_follower.py-9] [INFO] [1786828148.520332144] [velocity_path_follower]: waypoint 3125 / 5251 도달 (선 이탈 0.10 m)
[velocity_path_follower.py-9] [INFO] [1786828148.920178064] [velocity_path_follower]: waypoint 3126 / 5251 도달 (선 이탈 0.10 m)
[velocity_path_follower.py-9] [INFO] [1786828149.270164858] [velocity_path_follower]: waypoint 3127 / 5251 도달 (선 이탈 0.09 m)
[velocity_path_follower.py-9] [INFO] [1786828149.570256351] [velocity_path_follower]: waypoint 3128 / 5251 도달 (선 이탈 0.08 m)
[velocity_path_follower.py-9] [INFO] [1786828149.970130240] [velocity_path_follower]: waypoint 3129 / 5251 도달 (선 이탈 0.08 m)
[velocity_path_follower.py-9] [INFO] [1786828150.270225449] [velocity_path_follower]: waypoint 3130 / 5251 도달 (선 이탈 0.07 m)
[velocity_path_follower.py-9] [INFO] [1786828150.670282393] [velocity_path_follower]: waypoint 3131 / 5251 도달 (선 이탈 0.06 m)
[velocity_path_follower.py-9] [INFO] [1786828150.970189973] [velocity_path_follower]: waypoint 3132 / 5251 도달 (선 이탈 0.05 m)
[velocity_path_follower.py-9] [INFO] [1786828151.320367247] [velocity_path_follower]: waypoint 3133 / 5251 도달 (선 이탈 0.04 m)
[velocity_path_follower.py-9] [INFO] [1786828151.670167389] [velocity_path_follower]: waypoint 3134 / 5251 도달 (선 이탈 0.03 m)
[velocity_path_follower.py-9] [INFO] [1786828152.020344830] [velocity_path_follower]: waypoint 3135 / 5251 도달 (선 이탈 0.02 m)
[velocity_path_follower.py-9] [INFO] [1786828152.120052356] [velocity_path_follower]: 1345.0s  wp 3136/5251 이탈0.0m  위치 (  10.74,  -106.08,   9.79)
[velocity_path_follower.py-9] [INFO] [1786828152.370281442] [velocity_path_follower]: waypoint 3136 / 5251 도달 (선 이탈 0.01 m)
[velocity_path_follower.py-9] [INFO] [1786828152.720348556] [velocity_path_follower]: waypoint 3137 / 5251 도달 (선 이탈 0.00 m)
[velocity_path_follower.py-9] [INFO] [1786828153.070316169] [velocity_path_follower]: waypoint 3138 / 5251 도달 (선 이탈 0.01 m)
[velocity_path_follower.py-9] [INFO] [1786828153.420116245] [velocity_path_follower]: waypoint 3139 / 5251 도달 (선 이탈 0.02 m)
[velocity_path_follower.py-9] [INFO] [1786828153.770188409] [velocity_path_follower]: waypoint 3140 / 5251 도달 (선 이탈 0.03 m)
[velocity_path_follower.py-9] [INFO] [1786828154.120110948] [velocity_path_follower]: waypoint 3141 / 5251 도달 (선 이탈 0.03 m)
[velocity_path_follower.py-9] [INFO] [1786828154.470230788] [velocity_path_follower]: waypoint 3142 / 5251 도달 (선 이탈 0.04 m)
[velocity_path_follower.py-9] [INFO] [1786828154.820136207] [velocity_path_follower]: waypoint 3143 / 5251 도달 (선 이탈 0.04 m)
[velocity_path_follower.py-9] [INFO] [1786828155.170140549] [velocity_path_follower]: waypoint 3144 / 5251 도달 (선 이탈 0.05 m)
[velocity_path_follower.py-9] [INFO] [1786828155.520201146] [velocity_path_follower]: waypoint 3145 / 5251 도달 (선 이탈 0.05 m)
[velocity_path_follower.py-9] [INFO] [1786828155.870131616] [velocity_path_follower]: waypoint 3146 / 5251 도달 (선 이탈 0.05 m)
[velocity_path_follower.py-9] [INFO] [1786828156.170338451] [velocity_path_follower]: waypoint 3147 / 5251 도달 (선 이탈 0.05 m)
[velocity_path_follower.py-9] [INFO] [1786828156.570306367] [velocity_path_follower]: waypoint 3148 / 5251 도달 (선 이탈 0.05 m)
[velocity_path_follower.py-9] [INFO] [1786828156.870204115] [velocity_path_follower]: waypoint 3149 / 5251 도달 (선 이탈 0.05 m)
[velocity_path_follower.py-9] [INFO] [1786828157.120261974] [velocity_path_follower]: 1350.0s  wp 3150/5251 이탈0.1m  위치 (   3.54,  -106.15,  10.34)
[velocity_path_follower.py-9] [INFO] [1786828157.220157307] [velocity_path_follower]: waypoint 3150 / 5251 도달 (선 이탈 0.05 m)
[velocity_path_follower.py-9] [INFO] [1786828157.570099794] [velocity_path_follower]: waypoint 3151 / 5251 도달 (선 이탈 0.05 m)
[velocity_path_follower.py-9] [INFO] [1786828157.920259743] [velocity_path_follower]: waypoint 3152 / 5251 도달 (선 이탈 0.05 m)
[velocity_path_follower.py-9] [INFO] [1786828158.270338197] [velocity_path_follower]: waypoint 3153 / 5251 도달 (선 이탈 0.04 m)
[velocity_path_follower.py-9] [INFO] [1786828158.620279359] [velocity_path_follower]: waypoint 3154 / 5251 도달 (선 이탈 0.04 m)
[velocity_path_follower.py-9] [INFO] [1786828158.970314022] [velocity_path_follower]: waypoint 3155 / 5251 도달 (선 이탈 0.04 m)
[velocity_path_follower.py-9] [INFO] [1786828159.320312817] [velocity_path_follower]: waypoint 3156 / 5251 도달 (선 이탈 0.03 m)
[velocity_path_follower.py-9] [INFO] [1786828159.670225778] [velocity_path_follower]: waypoint 3157 / 5251 도달 (선 이탈 0.03 m)
[velocity_path_follower.py-9] [INFO] [1786828160.020381411] [velocity_path_follower]: waypoint 3158 / 5251 도달 (선 이탈 0.02 m)
[velocity_path_follower.py-9] [INFO] [1786828160.370836225] [velocity_path_follower]: waypoint 3159 / 5251 도달 (선 이탈 0.01 m)
[velocity_path_follower.py-9] [INFO] [1786828160.720195057] [velocity_path_follower]: waypoint 3160 / 5251 도달 (선 이탈 0.01 m)
[velocity_path_follower.py-9] [INFO] [1786828161.070326949] [velocity_path_follower]: waypoint 3161 / 5251 도달 (선 이탈 0.00 m)
[velocity_path_follower.py-9] [INFO] [1786828161.420125758] [velocity_path_follower]: waypoint 3162 / 5251 도달 (선 이탈 0.00 m)
[velocity_path_follower.py-9] [INFO] [1786828162.120138177] [velocity_path_follower]: 1355.0s  climb       위치 (  -3.64,  -106.09,   5.92)
[velocity_path_follower.py-9] [INFO] [1786828165.974098096] [velocity_path_follower]: waypoint 3163 / 5251 도달 (선 이탈 0.04 m)
[velocity_path_follower.py-9] [INFO] [1786828166.023843664] [velocity_path_follower]: waypoint 3164 / 5251 도달 (선 이탈 0.04 m)
[velocity_path_follower.py-9] [INFO] [1786828166.074092618] [velocity_path_follower]: waypoint 3165 / 5251 도달 (선 이탈 0.04 m)
[velocity_path_follower.py-9] [INFO] [1786828166.123986857] [velocity_path_follower]: waypoint 3166 / 5251 도달 (선 이탈 0.04 m)
[velocity_path_follower.py-9] [INFO] [1786828166.173850970] [velocity_path_follower]: waypoint 3167 / 5251 도달 (선 이탈 0.04 m)
[velocity_path_follower.py-9] [INFO] [1786828166.224058674] [velocity_path_follower]: waypoint 3168 / 5251 도달 (선 이탈 0.04 m)
[velocity_path_follower.py-9] [INFO] [1786828166.274011956] [velocity_path_follower]: waypoint 3169 / 5251 도달 (선 이탈 0.04 m)
[velocity_path_follower.py-9] [INFO] [1786828166.324048489] [velocity_path_follower]: waypoint 3170 / 5251 도달 (선 이탈 0.04 m)
[velocity_path_follower.py-9] [INFO] [1786828166.374223984] [velocity_path_follower]: waypoint 3171 / 5251 도달 (선 이탈 0.04 m)
[velocity_path_follower.py-9] [INFO] [1786828166.691378132] [velocity_path_follower]: waypoint 3172 / 5251 도달 (선 이탈 0.05 m)
[velocity_path_follower.py-9] [INFO] [1786828167.142757042] [velocity_path_follower]: 1360.0s  wp 3173/5251 이탈0.0m  위치 (  -7.88,  -106.05,   7.37)
[velocity_path_follower.py-9] [INFO] [1786828167.493210871] [velocity_path_follower]: waypoint 3173 / 5251 도달 (선 이탈 0.05 m)
[velocity_path_follower.py-9] [INFO] [1786828168.193325352] [velocity_path_follower]: waypoint 3174 / 5251 도달 (선 이탈 0.04 m)
[velocity_path_follower.py-9] [INFO] [1786828168.793414690] [velocity_path_follower]: waypoint 3175 / 5251 도달 (선 이탈 0.04 m)
[velocity_path_follower.py-9] [INFO] [1786828169.392892774] [velocity_path_follower]: waypoint 3176 / 5251 도달 (선 이탈 0.03 m)
[velocity_path_follower.py-9] [INFO] [1786828169.892969470] [velocity_path_follower]: waypoint 3177 / 5251 도달 (선 이탈 0.03 m)
[velocity_path_follower.py-9] [INFO] [1786828170.392924715] [velocity_path_follower]: waypoint 3178 / 5251 도달 (선 이탈 0.02 m)
[velocity_path_follower.py-9] [INFO] [1786828170.893170010] [velocity_path_follower]: waypoint 3179 / 5251 도달 (선 이탈 0.02 m)
[velocity_path_follower.py-9] [INFO] [1786828171.393047556] [velocity_path_follower]: waypoint 3180 / 5251 도달 (선 이탈 0.01 m)
[velocity_path_follower.py-9] [INFO] [1786828171.843056360] [velocity_path_follower]: waypoint 3181 / 5251 도달 (선 이탈 0.00 m)
[velocity_path_follower.py-9] [INFO] [1786828172.142941883] [velocity_path_follower]: 1365.0s  wp 3182/5251 이탈0.0m  위치 ( -12.48,  -106.10,  10.25)
[velocity_path_follower.py-9] [INFO] [1786828172.292922002] [velocity_path_follower]: waypoint 3182 / 5251 도달 (선 이탈 0.00 m)
[velocity_path_follower.py-9] [INFO] [1786828172.743019193] [velocity_path_follower]: waypoint 3183 / 5251 도달 (선 이탈 0.01 m)
[velocity_path_follower.py-9] [INFO] [1786828173.142899344] [velocity_path_follower]: waypoint 3184 / 5251 도달 (선 이탈 0.01 m)
[velocity_path_follower.py-9] [INFO] [1786828173.593119591] [velocity_path_follower]: waypoint 3185 / 5251 도달 (선 이탈 0.02 m)
[velocity_path_follower.py-9] [INFO] [1786828173.993003331] [velocity_path_follower]: waypoint 3186 / 5251 도달 (선 이탈 0.02 m)
[velocity_path_follower.py-9] [INFO] [1786828174.392930956] [velocity_path_follower]: waypoint 3187 / 5251 도달 (선 이탈 0.02 m)
[velocity_path_follower.py-9] [INFO] [1786828174.793006876] [velocity_path_follower]: waypoint 3188 / 5251 도달 (선 이탈 0.02 m)
[velocity_path_follower.py-9] [INFO] [1786828175.193095718] [velocity_path_follower]: waypoint 3189 / 5251 도달 (선 이탈 0.03 m)
[velocity_path_follower.py-9] [INFO] [1786828175.593155271] [velocity_path_follower]: waypoint 3190 / 5251 도달 (선 이탈 0.03 m)
[velocity_path_follower.py-9] [INFO] [1786828175.992947111] [velocity_path_follower]: waypoint 3191 / 5251 도달 (선 이탈 0.03 m)
[velocity_path_follower.py-9] [INFO] [1786828176.392839879] [velocity_path_follower]: waypoint 3192 / 5251 도달 (선 이탈 0.03 m)
[velocity_path_follower.py-9] [INFO] [1786828176.743136445] [velocity_path_follower]: waypoint 3193 / 5251 도달 (선 이탈 0.02 m)
[velocity_path_follower.py-9] [INFO] [1786828177.143031216] [velocity_path_follower]: waypoint 3194 / 5251 도달 (선 이탈 0.02 m)
[velocity_path_follower.py-9] [INFO] [1786828177.192684129] [velocity_path_follower]: 1370.1s  wp 3195/5251 이탈0.0m  위치 ( -18.72,  -106.12,   9.57)
[velocity_path_follower.py-9] [INFO] [1786828177.492978282] [velocity_path_follower]: waypoint 3195 / 5251 도달 (선 이탈 0.02 m)
[velocity_path_follower.py-9] [INFO] [1786828177.892985603] [velocity_path_follower]: waypoint 3196 / 5251 도달 (선 이탈 0.02 m)
[velocity_path_follower.py-9] [INFO] [1786828178.242947008] [velocity_path_follower]: waypoint 3197 / 5251 도달 (선 이탈 0.02 m)
[velocity_path_follower.py-9] [INFO] [1786828178.643132134] [velocity_path_follower]: waypoint 3198 / 5251 도달 (선 이탈 0.01 m)
[velocity_path_follower.py-9] [INFO] [1786828178.992958664] [velocity_path_follower]: waypoint 3199 / 5251 도달 (선 이탈 0.01 m)
[velocity_path_follower.py-9] [INFO] [1786828179.392840001] [velocity_path_follower]: waypoint 3200 / 5251 도달 (선 이탈 0.01 m)
[velocity_path_follower.py-9] [INFO] [1786828179.742829584] [velocity_path_follower]: waypoint 3201 / 5251 도달 (선 이탈 0.01 m)
[velocity_path_follower.py-9] [INFO] [1786828180.092944171] [velocity_path_follower]: waypoint 3202 / 5251 도달 (선 이탈 0.00 m)
[velocity_path_follower.py-9] [INFO] [1786828180.443059265] [velocity_path_follower]: waypoint 3203 / 5251 도달 (선 이탈 0.00 m)
[velocity_path_follower.py-9] [INFO] [1786828180.843381287] [velocity_path_follower]: waypoint 3204 / 5251 도달 (선 이탈 0.00 m)
[velocity_path_follower.py-9] [INFO] [1786828181.192875538] [velocity_path_follower]: waypoint 3205 / 5251 도달 (선 이탈 0.00 m)
[velocity_path_follower.py-9] [INFO] [1786828181.543185769] [velocity_path_follower]: waypoint 3206 / 5251 도달 (선 이탈 0.01 m)
[velocity_path_follower.py-9] [INFO] [1786828181.892940363] [velocity_path_follower]: waypoint 3207 / 5251 도달 (선 이탈 0.01 m)
[velocity_path_follower.py-9] [INFO] [1786828182.142905990] [velocity_path_follower]: 1375.0s  wp 3208/5251 이탈0.0m  위치 ( -25.44,  -106.09,   7.15)
[velocity_path_follower.py-9] [INFO] [1786828182.292962644] [velocity_path_follower]: waypoint 3208 / 5251 도달 (선 이탈 0.01 m)
[velocity_path_follower.py-9] [INFO] [1786828182.643046545] [velocity_path_follower]: waypoint 3209 / 5251 도달 (선 이탈 0.01 m)
[velocity_path_follower.py-9] [INFO] [1786828182.993036152] [velocity_path_follower]: waypoint 3210 / 5251 도달 (선 이탈 0.01 m)
[velocity_path_follower.py-9] [INFO] [1786828186.895101058] [velocity_path_follower]: waypoint 3211 / 5251 도달 (선 이탈 0.02 m)
[velocity_path_follower.py-9] [INFO] [1786828186.945174157] [velocity_path_follower]: waypoint 3212 / 5251 도달 (선 이탈 0.02 m)
[velocity_path_follower.py-9] [INFO] [1786828186.995084627] [velocity_path_follower]: waypoint 3213 / 5251 도달 (선 이탈 0.02 m)
[velocity_path_follower.py-9] [INFO] [1786828187.045255770] [velocity_path_follower]: waypoint 3214 / 5251 도달 (선 이탈 0.02 m)
[velocity_path_follower.py-9] [INFO] [1786828187.095126699] [velocity_path_follower]: waypoint 3215 / 5251 도달 (선 이탈 0.02 m)
[velocity_path_follower.py-9] [INFO] [1786828187.145128673] [velocity_path_follower]: waypoint 3216 / 5251 도달 (선 이탈 0.02 m)
[velocity_path_follower.py-9] [INFO] [1786828187.194966351] [velocity_path_follower]: waypoint 3217 / 5251 도달 (선 이탈 0.02 m)
[velocity_path_follower.py-9] [INFO] [1786828187.245164203] [velocity_path_follower]: waypoint 3218 / 5251 도달 (선 이탈 0.02 m)
[velocity_path_follower.py-9] [INFO] [1786828187.296478330] [velocity_path_follower]: 1380.2s  wp 3219/5251 이탈0.0m  위치 ( -30.99,  -106.08,   6.71)
[velocity_path_follower.py-9] [INFO] [1786828187.495080401] [velocity_path_follower]: waypoint 3219 / 5251 도달 (선 이탈 0.02 m)
[velocity_path_follower.py-9] [INFO] [1786828188.245078340] [velocity_path_follower]: waypoint 3220 / 5251 도달 (선 이탈 0.02 m)
[velocity_path_follower.py-9] [INFO] [1786828188.895192218] [velocity_path_follower]: waypoint 3221 / 5251 도달 (선 이탈 0.01 m)
[velocity_path_follower.py-9] [INFO] [1786828189.495176671] [velocity_path_follower]: waypoint 3222 / 5251 도달 (선 이탈 0.01 m)
[velocity_path_follower.py-9] [INFO] [1786828190.045099527] [velocity_path_follower]: waypoint 3223 / 5251 도달 (선 이탈 0.01 m)
[velocity_path_follower.py-9] [INFO] [1786828190.545165586] [velocity_path_follower]: waypoint 3224 / 5251 도달 (선 이탈 0.01 m)
[velocity_path_follower.py-9] [INFO] [1786828191.045136353] [velocity_path_follower]: waypoint 3225 / 5251 도달 (선 이탈 0.01 m)
[velocity_path_follower.py-9] [INFO] [1786828191.545124880] [velocity_path_follower]: waypoint 3226 / 5251 도달 (선 이탈 0.00 m)
[velocity_path_follower.py-9] [INFO] [1786828191.995205474] [velocity_path_follower]: waypoint 3227 / 5251 도달 (선 이탈 0.00 m)
[velocity_path_follower.py-9] [INFO] [1786828192.145098866] [velocity_path_follower]: 1385.0s  wp 3228/5251 이탈0.0m  위치 ( -35.29,  -106.10,   7.46)
[velocity_path_follower.py-9] [INFO] [1786828192.495116968] [velocity_path_follower]: waypoint 3228 / 5251 도달 (선 이탈 0.00 m)
[velocity_path_follower.py-9] [INFO] [1786828192.895125550] [velocity_path_follower]: waypoint 3229 / 5251 도달 (선 이탈 0.00 m)
[velocity_path_follower.py-9] [INFO] [1786828193.345203702] [velocity_path_follower]: waypoint 3230 / 5251 도달 (선 이탈 0.00 m)
[velocity_path_follower.py-9] [INFO] [1786828193.795192730] [velocity_path_follower]: waypoint 3231 / 5251 도달 (선 이탈 0.01 m)
[velocity_path_follower.py-9] [INFO] [1786828197.145395204] [velocity_path_follower]: 1390.0s  climb       위치 ( -40.49,  -105.36,   6.40)
[velocity_path_follower.py-9] [INFO] [1786828201.344979503] [velocity_path_follower]: waypoint 3232 / 5251 도달 (선 이탈 2.86 m)
[velocity_path_follower.py-9] [INFO] [1786828202.194494013] [velocity_path_follower]: 1395.0s  wp 3234/5251 이탈0.9m  위치 ( -41.23,  -103.01,   6.99)
[velocity_path_follower.py-9] [INFO] [1786828205.044951637] [velocity_path_follower]: waypoint 3234 / 5251 도달 (선 이탈 0.75 m)
[velocity_path_follower.py-9] [INFO] [1786828206.644439794] [velocity_path_follower]: waypoint 3235 / 5251 도달 (선 이탈 1.26 m)
[velocity_path_follower.py-9] [INFO] [1786828206.694494831] [velocity_path_follower]: waypoint 3236 / 5251 도달 (선 이탈 1.27 m)
[velocity_path_follower.py-9] [INFO] [1786828207.097130887] [velocity_path_follower]: waypoint 3237 / 5251 도달 (선 이탈 1.37 m)
[velocity_path_follower.py-9] [INFO] [1786828207.196858496] [velocity_path_follower]: 1400.0s  wp 3238/5251 이탈1.4m  위치 ( -38.02,  -100.70,   6.58)
[velocity_path_follower.py-9] [INFO] [1786828207.848439928] [velocity_path_follower]: waypoint 3238 / 5251 도달 (선 이탈 1.49 m)
[velocity_path_follower.py-9] [INFO] [1786828208.496991803] [velocity_path_follower]: waypoint 3239 / 5251 도달 (선 이탈 1.50 m)
[velocity_path_follower.py-9] [INFO] [1786828209.146907631] [velocity_path_follower]: waypoint 3240 / 5251 도달 (선 이탈 1.45 m)
[velocity_path_follower.py-9] [INFO] [1786828209.746916892] [velocity_path_follower]: waypoint 3241 / 5251 도달 (선 이탈 1.35 m)
[velocity_path_follower.py-9] [INFO] [1786828210.347046871] [velocity_path_follower]: waypoint 3242 / 5251 도달 (선 이탈 1.20 m)
[velocity_path_follower.py-9] [INFO] [1786828210.946912891] [velocity_path_follower]: waypoint 3243 / 5251 도달 (선 이탈 1.01 m)
[velocity_path_follower.py-9] [INFO] [1786828211.446861009] [velocity_path_follower]: waypoint 3244 / 5251 도달 (선 이탈 0.84 m)
[velocity_path_follower.py-9] [INFO] [1786828211.998759089] [velocity_path_follower]: waypoint 3245 / 5251 도달 (선 이탈 0.64 m)
[velocity_path_follower.py-9] [INFO] [1786828212.196639627] [velocity_path_follower]: 1405.0s  wp 3246/5251 이탈0.6m  위치 ( -33.87,  -101.54,   6.84)
[velocity_path_follower.py-9] [INFO] [1786828212.497084098] [velocity_path_follower]: waypoint 3246 / 5251 도달 (선 이탈 0.44 m)
[velocity_path_follower.py-9] [INFO] [1786828212.946890975] [velocity_path_follower]: waypoint 3247 / 5251 도달 (선 이탈 0.26 m)
[velocity_path_follower.py-9] [INFO] [1786828213.446784321] [velocity_path_follower]: waypoint 3248 / 5251 도달 (선 이탈 0.08 m)
[velocity_path_follower.py-9] [INFO] [1786828213.897040675] [velocity_path_follower]: waypoint 3249 / 5251 도달 (선 이탈 0.08 m)
[velocity_path_follower.py-9] [INFO] [1786828214.347105241] [velocity_path_follower]: waypoint 3250 / 5251 도달 (선 이탈 0.23 m)
[velocity_path_follower.py-9] [INFO] [1786828214.746883841] [velocity_path_follower]: waypoint 3251 / 5251 도달 (선 이탈 0.35 m)
[velocity_path_follower.py-9] [INFO] [1786828215.199849770] [velocity_path_follower]: waypoint 3252 / 5251 도달 (선 이탈 0.47 m)
[velocity_path_follower.py-9] [INFO] [1786828215.647425207] [velocity_path_follower]: waypoint 3253 / 5251 도달 (선 이탈 0.56 m)
[velocity_path_follower.py-9] [INFO] [1786828216.046956186] [velocity_path_follower]: waypoint 3254 / 5251 도달 (선 이탈 0.62 m)
[velocity_path_follower.py-9] [INFO] [1786828216.446678510] [velocity_path_follower]: waypoint 3255 / 5251 도달 (선 이탈 0.67 m)
[velocity_path_follower.py-9] [INFO] [1786828216.847066266] [velocity_path_follower]: waypoint 3256 / 5251 도달 (선 이탈 0.69 m)
[velocity_path_follower.py-9] [INFO] [1786828217.196823007] [velocity_path_follower]: 1410.0s  wp 3257/5251 이탈0.7m  위치 ( -28.14,  -102.81,   9.18)
[velocity_path_follower.py-9] [INFO] [1786828217.246969100] [velocity_path_follower]: waypoint 3257 / 5251 도달 (선 이탈 0.71 m)
[velocity_path_follower.py-9] [INFO] [1786828217.646933146] [velocity_path_follower]: waypoint 3258 / 5251 도달 (선 이탈 0.71 m)
[velocity_path_follower.py-9] [INFO] [1786828218.046940028] [velocity_path_follower]: waypoint 3259 / 5251 도달 (선 이탈 0.69 m)
[velocity_path_follower.py-9] [INFO] [1786828218.447235465] [velocity_path_follower]: waypoint 3260 / 5251 도달 (선 이탈 0.66 m)
[velocity_path_follower.py-9] [INFO] [1786828218.847922328] [velocity_path_follower]: waypoint 3261 / 5251 도달 (선 이탈 0.62 m)
[velocity_path_follower.py-9] [INFO] [1786828219.197029611] [velocity_path_follower]: waypoint 3262 / 5251 도달 (선 이탈 0.57 m)
[velocity_path_follower.py-9] [INFO] [1786828219.646976140] [velocity_path_follower]: waypoint 3263 / 5251 도달 (선 이탈 0.51 m)
[velocity_path_follower.py-9] [INFO] [1786828219.996698065] [velocity_path_follower]: waypoint 3264 / 5251 도달 (선 이탈 0.45 m)
[velocity_path_follower.py-9] [INFO] [1786828220.396968726] [velocity_path_follower]: waypoint 3265 / 5251 도달 (선 이탈 0.38 m)
[velocity_path_follower.py-9] [INFO] [1786828220.796850546] [velocity_path_follower]: waypoint 3266 / 5251 도달 (선 이탈 0.30 m)
[velocity_path_follower.py-9] [INFO] [1786828221.146887197] [velocity_path_follower]: waypoint 3267 / 5251 도달 (선 이탈 0.23 m)
[velocity_path_follower.py-9] [INFO] [1786828221.547036906] [velocity_path_follower]: waypoint 3268 / 5251 도달 (선 이탈 0.15 m)
[velocity_path_follower.py-9] [INFO] [1786828221.899139983] [velocity_path_follower]: waypoint 3269 / 5251 도달 (선 이탈 0.08 m)
[velocity_path_follower.py-9] [INFO] [1786828222.198754914] [velocity_path_follower]: 1415.0s  wp 3270/5251 이탈0.0m  위치 ( -21.70,  -102.13,   9.03)
[velocity_path_follower.py-9] [INFO] [1786828222.298943024] [velocity_path_follower]: waypoint 3270 / 5251 도달 (선 이탈 0.01 m)
[velocity_path_follower.py-9] [INFO] [1786828222.648978894] [velocity_path_follower]: waypoint 3271 / 5251 도달 (선 이탈 0.05 m)
[velocity_path_follower.py-9] [INFO] [1786828223.048777063] [velocity_path_follower]: waypoint 3272 / 5251 도달 (선 이탈 0.12 m)
[velocity_path_follower.py-9] [INFO] [1786828223.398828608] [velocity_path_follower]: waypoint 3273 / 5251 도달 (선 이탈 0.17 m)
[velocity_path_follower.py-9] [INFO] [1786828223.748830485] [velocity_path_follower]: waypoint 3274 / 5251 도달 (선 이탈 0.22 m)
[velocity_path_follower.py-9] [INFO] [1786828224.148989881] [velocity_path_follower]: waypoint 3275 / 5251 도달 (선 이탈 0.26 m)
[velocity_path_follower.py-9] [INFO] [1786828224.498799511] [velocity_path_follower]: waypoint 3276 / 5251 도달 (선 이탈 0.30 m)
[velocity_path_follower.py-9] [INFO] [1786828224.849643748] [velocity_path_follower]: waypoint 3277 / 5251 도달 (선 이탈 0.32 m)
[velocity_path_follower.py-9] [INFO] [1786828225.199129667] [velocity_path_follower]: waypoint 3278 / 5251 도달 (선 이탈 0.34 m)
[velocity_path_follower.py-9] [INFO] [1786828225.602322812] [velocity_path_follower]: waypoint 3279 / 5251 도달 (선 이탈 0.36 m)
[velocity_path_follower.py-9] [INFO] [1786828225.952039655] [velocity_path_follower]: waypoint 3280 / 5251 도달 (선 이탈 0.36 m)
[velocity_path_follower.py-9] [INFO] [1786828226.301681087] [velocity_path_follower]: waypoint 3281 / 5251 도달 (선 이탈 0.36 m)
[velocity_path_follower.py-9] [INFO] [1786828226.651638693] [velocity_path_follower]: waypoint 3282 / 5251 도달 (선 이탈 0.35 m)
[velocity_path_follower.py-9] [INFO] [1786828227.051897656] [velocity_path_follower]: waypoint 3283 / 5251 도달 (선 이탈 0.34 m)
[velocity_path_follower.py-9] [INFO] [1786828227.201563656] [velocity_path_follower]: 1420.0s  wp 3284/5251 이탈0.3m  위치 ( -14.84,  -101.77,   8.97)
[velocity_path_follower.py-9] [INFO] [1786828227.401591097] [velocity_path_follower]: waypoint 3284 / 5251 도달 (선 이탈 0.32 m)
[velocity_path_follower.py-9] [INFO] [1786828227.751579711] [velocity_path_follower]: waypoint 3285 / 5251 도달 (선 이탈 0.29 m)
[velocity_path_follower.py-9] [INFO] [1786828228.101609661] [velocity_path_follower]: waypoint 3286 / 5251 도달 (선 이탈 0.27 m)
[velocity_path_follower.py-9] [INFO] [1786828228.451778537] [velocity_path_follower]: waypoint 3287 / 5251 도달 (선 이탈 0.24 m)
[velocity_path_follower.py-9] [INFO] [1786828228.854881164] [velocity_path_follower]: waypoint 3288 / 5251 도달 (선 이탈 0.20 m)
[velocity_path_follower.py-9] [INFO] [1786828229.230332497] [velocity_path_follower]: waypoint 3289 / 5251 도달 (선 이탈 0.16 m)
[velocity_path_follower.py-9] [INFO] [1786828229.580267124] [velocity_path_follower]: waypoint 3290 / 5251 도달 (선 이탈 0.13 m)
[velocity_path_follower.py-9] [INFO] [1786828229.930251628] [velocity_path_follower]: waypoint 3291 / 5251 도달 (선 이탈 0.09 m)
[velocity_path_follower.py-9] [INFO] [1786828230.280956195] [velocity_path_follower]: waypoint 3292 / 5251 도달 (선 이탈 0.06 m)
[velocity_path_follower.py-9] [INFO] [1786828230.630140229] [velocity_path_follower]: waypoint 3293 / 5251 도달 (선 이탈 0.02 m)
[velocity_path_follower.py-9] [INFO] [1786828230.980500249] [velocity_path_follower]: waypoint 3294 / 5251 도달 (선 이탈 0.01 m)
[velocity_path_follower.py-9] [INFO] [1786828231.330183509] [velocity_path_follower]: waypoint 3295 / 5251 도달 (선 이탈 0.04 m)
[velocity_path_follower.py-9] [INFO] [1786828231.680164736] [velocity_path_follower]: waypoint 3296 / 5251 도달 (선 이탈 0.07 m)
[velocity_path_follower.py-9] [INFO] [1786828232.030331008] [velocity_path_follower]: waypoint 3297 / 5251 도달 (선 이탈 0.10 m)
[velocity_path_follower.py-9] [INFO] [1786828232.232243055] [velocity_path_follower]: 1425.0s  wp 3298/5251 이탈0.1m  위치 (  -7.81,  -102.21,   8.51)
[velocity_path_follower.py-9] [INFO] [1786828232.382499875] [velocity_path_follower]: waypoint 3298 / 5251 도달 (선 이탈 0.12 m)
[velocity_path_follower.py-9] [INFO] [1786828232.782429171] [velocity_path_follower]: waypoint 3299 / 5251 도달 (선 이탈 0.15 m)
[velocity_path_follower.py-9] [INFO] [1786828233.082378842] [velocity_path_follower]: waypoint 3300 / 5251 도달 (선 이탈 0.16 m)
[velocity_path_follower.py-9] [INFO] [1786828233.432598796] [velocity_path_follower]: waypoint 3301 / 5251 도달 (선 이탈 0.17 m)
[velocity_path_follower.py-9] [INFO] [1786828233.782578995] [velocity_path_follower]: waypoint 3302 / 5251 도달 (선 이탈 0.18 m)
[velocity_path_follower.py-9] [INFO] [1786828234.185426286] [velocity_path_follower]: waypoint 3303 / 5251 도달 (선 이탈 0.19 m)
[velocity_path_follower.py-9] [INFO] [1786828234.484807246] [velocity_path_follower]: waypoint 3304 / 5251 도달 (선 이탈 0.19 m)
[velocity_path_follower.py-9] [INFO] [1786828234.885158901] [velocity_path_follower]: waypoint 3305 / 5251 도달 (선 이탈 0.19 m)
[velocity_path_follower.py-9] [INFO] [1786828235.234807188] [velocity_path_follower]: waypoint 3306 / 5251 도달 (선 이탈 0.19 m)
[velocity_path_follower.py-9] [INFO] [1786828237.234940078] [velocity_path_follower]: 1430.0s  climb       위치 (  -1.05,  -102.24,   5.96)
[velocity_path_follower.py-9] [INFO] [1786828238.735112187] [velocity_path_follower]: waypoint 3307 / 5251 도달 (선 이탈 0.12 m)
[velocity_path_follower.py-9] [INFO] [1786828238.784679955] [velocity_path_follower]: waypoint 3308 / 5251 도달 (선 이탈 0.12 m)
[velocity_path_follower.py-9] [INFO] [1786828238.834963822] [velocity_path_follower]: waypoint 3309 / 5251 도달 (선 이탈 0.12 m)
[velocity_path_follower.py-9] [INFO] [1786828238.884988017] [velocity_path_follower]: waypoint 3310 / 5251 도달 (선 이탈 0.12 m)
[velocity_path_follower.py-9] [INFO] [1786828238.934916335] [velocity_path_follower]: waypoint 3311 / 5251 도달 (선 이탈 0.12 m)
[velocity_path_follower.py-9] [INFO] [1786828238.984869319] [velocity_path_follower]: waypoint 3312 / 5251 도달 (선 이탈 0.12 m)
[velocity_path_follower.py-9] [INFO] [1786828239.034857889] [velocity_path_follower]: waypoint 3313 / 5251 도달 (선 이탈 0.12 m)
[velocity_path_follower.py-9] [INFO] [1786828239.084864835] [velocity_path_follower]: waypoint 3314 / 5251 도달 (선 이탈 0.12 m)
[velocity_path_follower.py-9] [INFO] [1786828239.684999598] [velocity_path_follower]: waypoint 3315 / 5251 도달 (선 이탈 0.11 m)
[velocity_path_follower.py-9] [INFO] [1786828240.334937350] [velocity_path_follower]: waypoint 3316 / 5251 도달 (선 이탈 0.10 m)
[velocity_path_follower.py-9] [INFO] [1786828240.935126044] [velocity_path_follower]: waypoint 3317 / 5251 도달 (선 이탈 0.08 m)
[velocity_path_follower.py-9] [INFO] [1786828241.484921416] [velocity_path_follower]: waypoint 3318 / 5251 도달 (선 이탈 0.06 m)
[velocity_path_follower.py-9] [INFO] [1786828241.984665758] [velocity_path_follower]: waypoint 3319 / 5251 도달 (선 이탈 0.05 m)
[velocity_path_follower.py-9] [INFO] [1786828242.234891422] [velocity_path_follower]: 1435.0s  wp 3320/5251 이탈0.0m  위치 (   3.14,  -102.14,   8.09)
[velocity_path_follower.py-9] [INFO] [1786828242.484962540] [velocity_path_follower]: waypoint 3320 / 5251 도달 (선 이탈 0.03 m)
[velocity_path_follower.py-9] [INFO] [1786828242.984945856] [velocity_path_follower]: waypoint 3321 / 5251 도달 (선 이탈 0.01 m)
[velocity_path_follower.py-9] [INFO] [1786828243.434973067] [velocity_path_follower]: waypoint 3322 / 5251 도달 (선 이탈 0.00 m)
[velocity_path_follower.py-9] [INFO] [1786828243.884861608] [velocity_path_follower]: waypoint 3323 / 5251 도달 (선 이탈 0.02 m)
[velocity_path_follower.py-9] [INFO] [1786828244.334934660] [velocity_path_follower]: waypoint 3324 / 5251 도달 (선 이탈 0.03 m)
[velocity_path_follower.py-9] [INFO] [1786828244.784932380] [velocity_path_follower]: waypoint 3325 / 5251 도달 (선 이탈 0.04 m)
[velocity_path_follower.py-9] [INFO] [1786828245.185070489] [velocity_path_follower]: waypoint 3326 / 5251 도달 (선 이탈 0.05 m)
[velocity_path_follower.py-9] [INFO] [1786828245.634835588] [velocity_path_follower]: waypoint 3327 / 5251 도달 (선 이탈 0.05 m)
[velocity_path_follower.py-9] [INFO] [1786828246.035447380] [velocity_path_follower]: waypoint 3328 / 5251 도달 (선 이탈 0.06 m)
[velocity_path_follower.py-9] [INFO] [1786828246.434677855] [velocity_path_follower]: waypoint 3329 / 5251 도달 (선 이탈 0.06 m)
[velocity_path_follower.py-9] [INFO] [1786828246.834847978] [velocity_path_follower]: waypoint 3330 / 5251 도달 (선 이탈 0.06 m)
[velocity_path_follower.py-9] [INFO] [1786828247.234866977] [velocity_path_follower]: waypoint 3331 / 5251 도달 (선 이탈 0.06 m)
[velocity_path_follower.py-9] [INFO] [1786828247.284579006] [velocity_path_follower]: 1440.1s  wp 3332/5251 이탈0.1m  위치 (   9.00,  -102.04,  10.26)
[velocity_path_follower.py-9] [INFO] [1786828247.634968230] [velocity_path_follower]: waypoint 3332 / 5251 도달 (선 이탈 0.06 m)
[velocity_path_follower.py-9] [INFO] [1786828248.034918773] [velocity_path_follower]: waypoint 3333 / 5251 도달 (선 이탈 0.06 m)
[velocity_path_follower.py-9] [INFO] [1786828248.384858077] [velocity_path_follower]: waypoint 3334 / 5251 도달 (선 이탈 0.06 m)
[velocity_path_follower.py-9] [INFO] [1786828248.784827336] [velocity_path_follower]: waypoint 3335 / 5251 도달 (선 이탈 0.05 m)
[velocity_path_follower.py-9] [INFO] [1786828249.184842224] [velocity_path_follower]: waypoint 3336 / 5251 도달 (선 이탈 0.05 m)
[velocity_path_follower.py-9] [INFO] [1786828249.534974539] [velocity_path_follower]: waypoint 3337 / 5251 도달 (선 이탈 0.04 m)
[velocity_path_follower.py-9] [INFO] [1786828249.934673716] [velocity_path_follower]: waypoint 3338 / 5251 도달 (선 이탈 0.03 m)
[velocity_path_follower.py-9] [INFO] [1786828250.285037084] [velocity_path_follower]: waypoint 3339 / 5251 도달 (선 이탈 0.03 m)
[velocity_path_follower.py-9] [INFO] [1786828250.684816063] [velocity_path_follower]: waypoint 3340 / 5251 도달 (선 이탈 0.02 m)
[velocity_path_follower.py-9] [INFO] [1786828251.034896343] [velocity_path_follower]: waypoint 3341 / 5251 도달 (선 이탈 0.01 m)
[velocity_path_follower.py-9] [INFO] [1786828251.385056839] [velocity_path_follower]: waypoint 3342 / 5251 도달 (선 이탈 0.01 m)
[velocity_path_follower.py-9] [INFO] [1786828251.784697697] [velocity_path_follower]: waypoint 3343 / 5251 도달 (선 이탈 0.00 m)
[velocity_path_follower.py-9] [INFO] [1786828252.134828071] [velocity_path_follower]: waypoint 3344 / 5251 도달 (선 이탈 0.00 m)
[velocity_path_follower.py-9] [INFO] [1786828252.234685942] [velocity_path_follower]: 1445.0s  wp 3345/5251 이탈0.0m  위치 (  15.57,  -102.11,  10.45)
[velocity_path_follower.py-9] [INFO] [1786828252.485057826] [velocity_path_follower]: waypoint 3345 / 5251 도달 (선 이탈 0.01 m)
[velocity_path_follower.py-9] [INFO] [1786828252.834921405] [velocity_path_follower]: waypoint 3346 / 5251 도달 (선 이탈 0.01 m)
[velocity_path_follower.py-9] [INFO] [1786828253.234967035] [velocity_path_follower]: waypoint 3347 / 5251 도달 (선 이탈 0.02 m)
[velocity_path_follower.py-9] [INFO] [1786828253.584894373] [velocity_path_follower]: waypoint 3348 / 5251 도달 (선 이탈 0.02 m)
[velocity_path_follower.py-9] [INFO] [1786828253.934877296] [velocity_path_follower]: waypoint 3349 / 5251 도달 (선 이탈 0.03 m)
[velocity_path_follower.py-9] [INFO] [1786828254.284876058] [velocity_path_follower]: waypoint 3350 / 5251 도달 (선 이탈 0.03 m)
[velocity_path_follower.py-9] [INFO] [1786828254.634742277] [velocity_path_follower]: waypoint 3351 / 5251 도달 (선 이탈 0.03 m)
[velocity_path_follower.py-9] [INFO] [1786828254.985162925] [velocity_path_follower]: waypoint 3352 / 5251 도달 (선 이탈 0.03 m)
[velocity_path_follower.py-9] [INFO] [1786828255.335025566] [velocity_path_follower]: waypoint 3353 / 5251 도달 (선 이탈 0.03 m)
[velocity_path_follower.py-9] [INFO] [1786828255.735067632] [velocity_path_follower]: waypoint 3354 / 5251 도달 (선 이탈 0.03 m)
[velocity_path_follower.py-9] [INFO] [1786828256.084788272] [velocity_path_follower]: waypoint 3355 / 5251 도달 (선 이탈 0.03 m)
[velocity_path_follower.py-9] [INFO] [1786828256.434676422] [velocity_path_follower]: waypoint 3356 / 5251 도달 (선 이탈 0.03 m)
[velocity_path_follower.py-9] [INFO] [1786828256.784901663] [velocity_path_follower]: waypoint 3357 / 5251 도달 (선 이탈 0.03 m)
[velocity_path_follower.py-9] [INFO] [1786828257.135126114] [velocity_path_follower]: waypoint 3358 / 5251 도달 (선 이탈 0.03 m)
[velocity_path_follower.py-9] [INFO] [1786828257.234782199] [velocity_path_follower]: 1450.0s  wp 3359/5251 이탈0.0m  위치 (  22.59,  -102.13,   7.67)
[velocity_path_follower.py-9] [INFO] [1786828257.484668512] [velocity_path_follower]: waypoint 3359 / 5251 도달 (선 이탈 0.02 m)
[velocity_path_follower.py-9] [INFO] [1786828257.835515816] [velocity_path_follower]: waypoint 3360 / 5251 도달 (선 이탈 0.02 m)
[velocity_path_follower.py-9] [INFO] [1786828258.184833296] [velocity_path_follower]: waypoint 3361 / 5251 도달 (선 이탈 0.02 m)
[velocity_path_follower.py-9] [INFO] [1786828258.534831295] [velocity_path_follower]: waypoint 3362 / 5251 도달 (선 이탈 0.02 m)
[velocity_path_follower.py-9] [INFO] [1786828258.884845961] [velocity_path_follower]: waypoint 3363 / 5251 도달 (선 이탈 0.01 m)
[velocity_path_follower.py-9] [INFO] [1786828259.234972676] [velocity_path_follower]: waypoint 3364 / 5251 도달 (선 이탈 0.01 m)
[velocity_path_follower.py-9] [INFO] [1786828259.584882138] [velocity_path_follower]: waypoint 3365 / 5251 도달 (선 이탈 0.01 m)
[velocity_path_follower.py-9] [INFO] [1786828259.934828934] [velocity_path_follower]: waypoint 3366 / 5251 도달 (선 이탈 0.00 m)
[velocity_path_follower.py-9] [INFO] [1786828260.292071990] [velocity_path_follower]: waypoint 3367 / 5251 도달 (선 이탈 0.00 m)
[velocity_path_follower.py-9] [INFO] [1786828260.642448178] [velocity_path_follower]: waypoint 3368 / 5251 도달 (선 이탈 0.00 m)
[velocity_path_follower.py-9] [INFO] [1786828260.994149773] [velocity_path_follower]: waypoint 3369 / 5251 도달 (선 이탈 0.01 m)
[velocity_path_follower.py-9] [INFO] [1786828261.395801840] [velocity_path_follower]: waypoint 3370 / 5251 도달 (선 이탈 0.01 m)
[velocity_path_follower.py-9] [INFO] [1786828261.696092940] [velocity_path_follower]: waypoint 3371 / 5251 도달 (선 이탈 0.01 m)
[velocity_path_follower.py-9] [INFO] [1786828262.045748911] [velocity_path_follower]: waypoint 3372 / 5251 도달 (선 이탈 0.01 m)
[velocity_path_follower.py-9] [INFO] [1786828262.247825415] [velocity_path_follower]: 1455.0s  wp 3373/5251 이탈0.0m  위치 (  29.69,  -102.09,   7.57)
[velocity_path_follower.py-9] [INFO] [1786828262.397979073] [velocity_path_follower]: waypoint 3373 / 5251 도달 (선 이탈 0.01 m)
[velocity_path_follower.py-9] [INFO] [1786828262.748062684] [velocity_path_follower]: waypoint 3374 / 5251 도달 (선 이탈 0.02 m)
[velocity_path_follower.py-9] [INFO] [1786828263.099840213] [velocity_path_follower]: waypoint 3375 / 5251 도달 (선 이탈 0.02 m)
[velocity_path_follower.py-9] [INFO] [1786828263.449867455] [velocity_path_follower]: waypoint 3376 / 5251 도달 (선 이탈 0.02 m)
[velocity_path_follower.py-9] [INFO] [1786828263.800002949] [velocity_path_follower]: waypoint 3377 / 5251 도달 (선 이탈 0.02 m)
[velocity_path_follower.py-9] [INFO] [1786828264.149839523] [velocity_path_follower]: waypoint 3378 / 5251 도달 (선 이탈 0.02 m)
[velocity_path_follower.py-9] [INFO] [1786828264.499902064] [velocity_path_follower]: waypoint 3379 / 5251 도달 (선 이탈 0.02 m)
[velocity_path_follower.py-9] [INFO] [1786828264.849944188] [velocity_path_follower]: waypoint 3380 / 5251 도달 (선 이탈 0.02 m)
[velocity_path_follower.py-9] [INFO] [1786828265.199970024] [velocity_path_follower]: waypoint 3381 / 5251 도달 (선 이탈 0.02 m)
[velocity_path_follower.py-9] [INFO] [1786828265.549886568] [velocity_path_follower]: waypoint 3382 / 5251 도달 (선 이탈 0.01 m)
[velocity_path_follower.py-9] [INFO] [1786828265.899890656] [velocity_path_follower]: waypoint 3383 / 5251 도달 (선 이탈 0.01 m)
[velocity_path_follower.py-9] [INFO] [1786828266.250474638] [velocity_path_follower]: waypoint 3384 / 5251 도달 (선 이탈 0.01 m)
[velocity_path_follower.py-9] [INFO] [1786828266.599964846] [velocity_path_follower]: waypoint 3385 / 5251 도달 (선 이탈 0.01 m)
[velocity_path_follower.py-9] [INFO] [1786828266.951159177] [velocity_path_follower]: waypoint 3386 / 5251 도달 (선 이탈 0.01 m)
[velocity_path_follower.py-9] [INFO] [1786828267.249638727] [velocity_path_follower]: 1460.0s  wp 3387/5251 이탈0.0m  위치 (  36.87,  -102.09,  12.62)
[velocity_path_follower.py-9] [INFO] [1786828267.300036668] [velocity_path_follower]: waypoint 3387 / 5251 도달 (선 이탈 0.01 m)
[velocity_path_follower.py-9] [INFO] [1786828267.649816806] [velocity_path_follower]: waypoint 3388 / 5251 도달 (선 이탈 0.01 m)
[velocity_path_follower.py-9] [INFO] [1786828267.999972828] [velocity_path_follower]: waypoint 3389 / 5251 도달 (선 이탈 0.00 m)
[velocity_path_follower.py-9] [INFO] [1786828268.350002728] [velocity_path_follower]: waypoint 3390 / 5251 도달 (선 이탈 0.00 m)
[velocity_path_follower.py-9] [INFO] [1786828268.699802498] [velocity_path_follower]: waypoint 3391 / 5251 도달 (선 이탈 0.00 m)
[velocity_path_follower.py-9] [INFO] [1786828268.999917427] [velocity_path_follower]: waypoint 3392 / 5251 도달 (선 이탈 0.00 m)
[velocity_path_follower.py-9] [INFO] [1786828269.399856099] [velocity_path_follower]: waypoint 3393 / 5251 도달 (선 이탈 0.00 m)
[velocity_path_follower.py-9] [INFO] [1786828269.699845822] [velocity_path_follower]: waypoint 3394 / 5251 도달 (선 이탈 0.00 m)
[velocity_path_follower.py-9] [INFO] [1786828270.049820895] [velocity_path_follower]: waypoint 3395 / 5251 도달 (선 이탈 0.00 m)
[velocity_path_follower.py-9] [INFO] [1786828270.399924061] [velocity_path_follower]: waypoint 3396 / 5251 도달 (선 이탈 0.01 m)
[velocity_path_follower.py-9] [INFO] [1786828270.750227315] [velocity_path_follower]: waypoint 3397 / 5251 도달 (선 이탈 0.01 m)
[velocity_path_follower.py-9] [INFO] [1786828271.099849804] [velocity_path_follower]: waypoint 3398 / 5251 도달 (선 이탈 0.01 m)
[velocity_path_follower.py-9] [INFO] [1786828271.450011561] [velocity_path_follower]: waypoint 3399 / 5251 도달 (선 이탈 0.01 m)
[velocity_path_follower.py-9] [INFO] [1786828271.799780309] [velocity_path_follower]: waypoint 3400 / 5251 도달 (선 이탈 0.01 m)
[velocity_path_follower.py-9] [INFO] [1786828272.150234868] [velocity_path_follower]: waypoint 3401 / 5251 도달 (선 이탈 0.01 m)
[velocity_path_follower.py-9] [INFO] [1786828272.249844272] [velocity_path_follower]: 1465.0s  wp 3402/5251 이탈0.0m  위치 (  44.07,  -102.11,  14.71)
[velocity_path_follower.py-9] [INFO] [1786828272.499978205] [velocity_path_follower]: waypoint 3402 / 5251 도달 (선 이탈 0.01 m)
[velocity_path_follower.py-9] [INFO] [1786828272.850267888] [velocity_path_follower]: waypoint 3403 / 5251 도달 (선 이탈 0.01 m)
[velocity_path_follower.py-9] [INFO] [1786828273.199911101] [velocity_path_follower]: waypoint 3404 / 5251 도달 (선 이탈 0.01 m)
[velocity_path_follower.py-9] [INFO] [1786828273.550194083] [velocity_path_follower]: waypoint 3405 / 5251 도달 (선 이탈 0.01 m)
[velocity_path_follower.py-9] [INFO] [1786828273.899878509] [velocity_path_follower]: waypoint 3406 / 5251 도달 (선 이탈 0.01 m)
[velocity_path_follower.py-9] [INFO] [1786828274.250021075] [velocity_path_follower]: waypoint 3407 / 5251 도달 (선 이탈 0.01 m)
[velocity_path_follower.py-9] [INFO] [1786828274.599876053] [velocity_path_follower]: waypoint 3408 / 5251 도달 (선 이탈 0.01 m)
[velocity_path_follower.py-9] [INFO] [1786828274.900106519] [velocity_path_follower]: waypoint 3409 / 5251 도달 (선 이탈 0.00 m)
[velocity_path_follower.py-9] [INFO] [1786828275.299876688] [velocity_path_follower]: waypoint 3410 / 5251 도달 (선 이탈 0.00 m)
[velocity_path_follower.py-9] [INFO] [1786828275.600138993] [velocity_path_follower]: waypoint 3411 / 5251 도달 (선 이탈 0.00 m)
[velocity_path_follower.py-9] [INFO] [1786828275.950170232] [velocity_path_follower]: waypoint 3412 / 5251 도달 (선 이탈 0.00 m)
[velocity_path_follower.py-9] [INFO] [1786828276.299871469] [velocity_path_follower]: waypoint 3413 / 5251 도달 (선 이탈 0.00 m)
[velocity_path_follower.py-9] [INFO] [1786828276.649954590] [velocity_path_follower]: waypoint 3414 / 5251 도달 (선 이탈 0.00 m)
[velocity_path_follower.py-9] [INFO] [1786828276.999845541] [velocity_path_follower]: waypoint 3415 / 5251 도달 (선 이탈 0.00 m)
[velocity_path_follower.py-9] [INFO] [1786828277.250219420] [velocity_path_follower]: 1470.0s  wp 3416/5251 이탈0.0m  위치 (  51.31,  -102.10,  12.45)
[velocity_path_follower.py-9] [INFO] [1786828277.349918794] [velocity_path_follower]: waypoint 3416 / 5251 도달 (선 이탈 0.00 m)
[velocity_path_follower.py-9] [INFO] [1786828277.699937837] [velocity_path_follower]: waypoint 3417 / 5251 도달 (선 이탈 0.00 m)
[velocity_path_follower.py-9] [INFO] [1786828278.100357082] [velocity_path_follower]: waypoint 3418 / 5251 도달 (선 이탈 0.00 m)
[velocity_path_follower.py-9] [INFO] [1786828278.399810969] [velocity_path_follower]: waypoint 3419 / 5251 도달 (선 이탈 0.00 m)
[velocity_path_follower.py-9] [INFO] [1786828278.749899937] [velocity_path_follower]: waypoint 3420 / 5251 도달 (선 이탈 0.00 m)
[velocity_path_follower.py-9] [INFO] [1786828279.100051742] [velocity_path_follower]: waypoint 3421 / 5251 도달 (선 이탈 0.00 m)
[velocity_path_follower.py-9] [INFO] [1786828279.450112966] [velocity_path_follower]: waypoint 3422 / 5251 도달 (선 이탈 0.00 m)
[velocity_path_follower.py-9] [INFO] [1786828279.799815390] [velocity_path_follower]: waypoint 3423 / 5251 도달 (선 이탈 0.01 m)
[velocity_path_follower.py-9] [INFO] [1786828280.099793713] [velocity_path_follower]: waypoint 3424 / 5251 도달 (선 이탈 0.01 m)
[velocity_path_follower.py-9] [INFO] [1786828280.500116893] [velocity_path_follower]: waypoint 3425 / 5251 도달 (선 이탈 0.01 m)
[velocity_path_follower.py-9] [INFO] [1786828280.799909132] [velocity_path_follower]: waypoint 3426 / 5251 도달 (선 이탈 0.01 m)
[velocity_path_follower.py-9] [INFO] [1786828281.150033326] [velocity_path_follower]: waypoint 3427 / 5251 도달 (선 이탈 0.01 m)
[velocity_path_follower.py-9] [INFO] [1786828281.499884016] [velocity_path_follower]: waypoint 3428 / 5251 도달 (선 이탈 0.01 m)
[velocity_path_follower.py-9] [INFO] [1786828281.849928920] [velocity_path_follower]: waypoint 3429 / 5251 도달 (선 이탈 0.01 m)
[velocity_path_follower.py-9] [INFO] [1786828282.199949076] [velocity_path_follower]: waypoint 3430 / 5251 도달 (선 이탈 0.00 m)
[velocity_path_follower.py-9] [INFO] [1786828282.249600388] [velocity_path_follower]: 1475.0s  wp 3431/5251 이탈0.0m  위치 (  58.49,  -102.10,  12.15)
[velocity_path_follower.py-9] [INFO] [1786828282.549853233] [velocity_path_follower]: waypoint 3431 / 5251 도달 (선 이탈 0.00 m)
[velocity_path_follower.py-9] [INFO] [1786828282.899819599] [velocity_path_follower]: waypoint 3432 / 5251 도달 (선 이탈 0.00 m)
[velocity_path_follower.py-9] [INFO] [1786828283.249861514] [velocity_path_follower]: waypoint 3433 / 5251 도달 (선 이탈 0.00 m)
[velocity_path_follower.py-9] [INFO] [1786828287.249901052] [velocity_path_follower]: 1480.0s  wp 3434/5251 이탈2.6m  위치 (  64.03,  -100.36,  10.47)
[velocity_path_follower.py-9] [INFO] [1786828288.299993092] [velocity_path_follower]: waypoint 3434 / 5251 도달 (선 이탈 2.92 m)
[velocity_path_follower.py-9] [INFO] [1786828292.258430791] [velocity_path_follower]: 1485.0s  wp 3436/5251 이탈1.1m  위치 (  63.08,   -96.98,  10.61)
[velocity_path_follower.py-9] [INFO] [1786828293.207447157] [velocity_path_follower]: waypoint 3436 / 5251 도달 (선 이탈 1.39 m)
[velocity_path_follower.py-9] [INFO] [1786828293.857259031] [velocity_path_follower]: waypoint 3437 / 5251 도달 (선 이탈 1.47 m)
[velocity_path_follower.py-9] [INFO] [1786828294.457202961] [velocity_path_follower]: waypoint 3438 / 5251 도달 (선 이탈 1.47 m)
[velocity_path_follower.py-9] [INFO] [1786828295.007176397] [velocity_path_follower]: waypoint 3439 / 5251 도달 (선 이탈 1.42 m)
[velocity_path_follower.py-9] [INFO] [1786828295.607371306] [velocity_path_follower]: waypoint 3440 / 5251 도달 (선 이탈 1.32 m)
[velocity_path_follower.py-9] [INFO] [1786828296.157355088] [velocity_path_follower]: waypoint 3441 / 5251 도달 (선 이탈 1.19 m)
[velocity_path_follower.py-9] [INFO] [1786828296.657531340] [velocity_path_follower]: waypoint 3442 / 5251 도달 (선 이탈 1.04 m)
[velocity_path_follower.py-9] [INFO] [1786828297.207258752] [velocity_path_follower]: waypoint 3443 / 5251 도달 (선 이탈 0.86 m)
[velocity_path_follower.py-9] [INFO] [1786828297.257164334] [velocity_path_follower]: 1490.0s  wp 3444/5251 이탈0.8m  위치 (  58.81,   -97.25,  11.26)
[velocity_path_follower.py-9] [INFO] [1786828297.707090880] [velocity_path_follower]: waypoint 3444 / 5251 도달 (선 이탈 0.68 m)
[velocity_path_follower.py-9] [INFO] [1786828298.157185642] [velocity_path_follower]: waypoint 3445 / 5251 도달 (선 이탈 0.52 m)
[velocity_path_follower.py-9] [INFO] [1786828298.657260243] [velocity_path_follower]: waypoint 3446 / 5251 도달 (선 이탈 0.32 m)
[velocity_path_follower.py-9] [INFO] [1786828299.107209383] [velocity_path_follower]: waypoint 3447 / 5251 도달 (선 이탈 0.15 m)
[velocity_path_follower.py-9] [INFO] [1786828299.557286866] [velocity_path_follower]: waypoint 3448 / 5251 도달 (선 이탈 0.02 m)
[velocity_path_follower.py-9] [INFO] [1786828300.007318973] [velocity_path_follower]: waypoint 3449 / 5251 도달 (선 이탈 0.17 m)
[velocity_path_follower.py-9] [INFO] [1786828300.407172664] [velocity_path_follower]: waypoint 3450 / 5251 도달 (선 이탈 0.29 m)
[velocity_path_follower.py-9] [INFO] [1786828300.857311239] [velocity_path_follower]: waypoint 3451 / 5251 도달 (선 이탈 0.41 m)
[velocity_path_follower.py-9] [INFO] [1786828301.257146476] [velocity_path_follower]: waypoint 3452 / 5251 도달 (선 이탈 0.50 m)
[velocity_path_follower.py-9] [INFO] [1786828301.657281097] [velocity_path_follower]: waypoint 3453 / 5251 도달 (선 이탈 0.57 m)
[velocity_path_follower.py-9] [INFO] [1786828302.057080461] [velocity_path_follower]: waypoint 3454 / 5251 도달 (선 이탈 0.63 m)
[velocity_path_follower.py-9] [INFO] [1786828302.256990104] [velocity_path_follower]: 1495.0s  wp 3455/5251 이탈0.7m  위치 (  53.14,   -98.75,  12.66)
[velocity_path_follower.py-9] [INFO] [1786828302.457352426] [velocity_path_follower]: waypoint 3455 / 5251 도달 (선 이탈 0.67 m)
[velocity_path_follower.py-9] [INFO] [1786828302.857199589] [velocity_path_follower]: waypoint 3456 / 5251 도달 (선 이탈 0.69 m)
[velocity_path_follower.py-9] [INFO] [1786828303.257194926] [velocity_path_follower]: waypoint 3457 / 5251 도달 (선 이탈 0.70 m)
[velocity_path_follower.py-9] [INFO] [1786828303.657382271] [velocity_path_follower]: waypoint 3458 / 5251 도달 (선 이탈 0.69 m)
[velocity_path_follower.py-9] [INFO] [1786828304.057387196] [velocity_path_follower]: waypoint 3459 / 5251 도달 (선 이탈 0.67 m)
[velocity_path_follower.py-9] [INFO] [1786828304.457237832] [velocity_path_follower]: waypoint 3460 / 5251 도달 (선 이탈 0.64 m)
[velocity_path_follower.py-9] [INFO] [1786828304.807136670] [velocity_path_follower]: waypoint 3461 / 5251 도달 (선 이탈 0.60 m)
[velocity_path_follower.py-9] [INFO] [1786828305.212648114] [velocity_path_follower]: waypoint 3462 / 5251 도달 (선 이탈 0.54 m)
[velocity_path_follower.py-9] [INFO] [1786828305.612641760] [velocity_path_follower]: waypoint 3463 / 5251 도달 (선 이탈 0.48 m)
[velocity_path_follower.py-9] [INFO] [1786828305.964989372] [velocity_path_follower]: waypoint 3464 / 5251 도달 (선 이탈 0.42 m)
[velocity_path_follower.py-9] [INFO] [1786828306.364771062] [velocity_path_follower]: waypoint 3465 / 5251 도달 (선 이탈 0.35 m)
[velocity_path_follower.py-9] [INFO] [1786828306.764697463] [velocity_path_follower]: waypoint 3466 / 5251 도달 (선 이탈 0.27 m)
[velocity_path_follower.py-9] [INFO] [1786828307.115137954] [velocity_path_follower]: waypoint 3467 / 5251 도달 (선 이탈 0.20 m)
[velocity_path_follower.py-9] [INFO] [1786828307.264634471] [velocity_path_follower]: 1500.0s  wp 3468/5251 이탈0.2m  위치 (  46.68,   -98.27,  13.97)
[velocity_path_follower.py-9] [INFO] [1786828307.514644894] [velocity_path_follower]: waypoint 3468 / 5251 도달 (선 이탈 0.12 m)
[velocity_path_follower.py-9] [INFO] [1786828307.914807725] [velocity_path_follower]: waypoint 3469 / 5251 도달 (선 이탈 0.05 m)
[velocity_path_follower.py-9] [INFO] [1786828308.264914300] [velocity_path_follower]: waypoint 3470 / 5251 도달 (선 이탈 0.02 m)
[velocity_path_follower.py-9] [INFO] [1786828308.614913416] [velocity_path_follower]: waypoint 3471 / 5251 도달 (선 이탈 0.08 m)
[velocity_path_follower.py-9] [INFO] [1786828309.014846249] [velocity_path_follower]: waypoint 3472 / 5251 도달 (선 이탈 0.14 m)
[velocity_path_follower.py-9] [INFO] [1786828309.364697450] [velocity_path_follower]: waypoint 3473 / 5251 도달 (선 이탈 0.19 m)
[velocity_path_follower.py-9] [INFO] [1786828309.714662237] [velocity_path_follower]: waypoint 3474 / 5251 도달 (선 이탈 0.23 m)
[velocity_path_follower.py-9] [INFO] [1786828310.114868336] [velocity_path_follower]: waypoint 3475 / 5251 도달 (선 이탈 0.28 m)
[velocity_path_follower.py-9] [INFO] [1786828310.464975716] [velocity_path_follower]: waypoint 3476 / 5251 도달 (선 이탈 0.31 m)
[velocity_path_follower.py-9] [INFO] [1786828310.814852799] [velocity_path_follower]: waypoint 3477 / 5251 도달 (선 이탈 0.33 m)
[velocity_path_follower.py-9] [INFO] [1786828311.167647165] [velocity_path_follower]: waypoint 3478 / 5251 도달 (선 이탈 0.35 m)
[velocity_path_follower.py-9] [INFO] [1786828311.517939514] [velocity_path_follower]: waypoint 3479 / 5251 도달 (선 이탈 0.36 m)
[velocity_path_follower.py-9] [INFO] [1786828311.918517467] [velocity_path_follower]: waypoint 3480 / 5251 도달 (선 이탈 0.36 m)
[velocity_path_follower.py-9] [INFO] [1786828312.267829506] [velocity_path_follower]: waypoint 3481 / 5251 도달 (선 이탈 0.36 m)
[velocity_path_follower.py-9] [INFO] [1786828312.317651724] [velocity_path_follower]: 1505.1s  wp 3482/5251 이탈0.4m  위치 (  39.79,   -97.75,  12.43)
[velocity_path_follower.py-9] [INFO] [1786828312.617622641] [velocity_path_follower]: waypoint 3482 / 5251 도달 (선 이탈 0.35 m)
[velocity_path_follower.py-9] [INFO] [1786828312.968080750] [velocity_path_follower]: waypoint 3483 / 5251 도달 (선 이탈 0.33 m)
[velocity_path_follower.py-9] [INFO] [1786828313.317697095] [velocity_path_follower]: waypoint 3484 / 5251 도달 (선 이탈 0.31 m)
[velocity_path_follower.py-9] [INFO] [1786828313.717927512] [velocity_path_follower]: waypoint 3485 / 5251 도달 (선 이탈 0.28 m)
[velocity_path_follower.py-9] [INFO] [1786828314.067689153] [velocity_path_follower]: waypoint 3486 / 5251 도달 (선 이탈 0.25 m)
[velocity_path_follower.py-9] [INFO] [1786828314.417895977] [velocity_path_follower]: waypoint 3487 / 5251 도달 (선 이탈 0.22 m)
[velocity_path_follower.py-9] [INFO] [1786828314.767624831] [velocity_path_follower]: waypoint 3488 / 5251 도달 (선 이탈 0.19 m)
[velocity_path_follower.py-9] [INFO] [1786828315.117852075] [velocity_path_follower]: waypoint 3489 / 5251 도달 (선 이탈 0.15 m)
[velocity_path_follower.py-9] [INFO] [1786828315.467828649] [velocity_path_follower]: waypoint 3490 / 5251 도달 (선 이탈 0.12 m)
[velocity_path_follower.py-9] [INFO] [1786828315.817955436] [velocity_path_follower]: waypoint 3491 / 5251 도달 (선 이탈 0.08 m)
[velocity_path_follower.py-9] [INFO] [1786828316.217623065] [velocity_path_follower]: waypoint 3492 / 5251 도달 (선 이탈 0.04 m)
[velocity_path_follower.py-9] [INFO] [1786828316.567607312] [velocity_path_follower]: waypoint 3493 / 5251 도달 (선 이탈 0.01 m)
[velocity_path_follower.py-9] [INFO] [1786828316.917628311] [velocity_path_follower]: waypoint 3494 / 5251 도달 (선 이탈 0.03 m)
[velocity_path_follower.py-9] [INFO] [1786828317.267767983] [velocity_path_follower]: waypoint 3495 / 5251 도달 (선 이탈 0.06 m)
[velocity_path_follower.py-9] [INFO] [1786828317.317565830] [velocity_path_follower]: 1510.1s  wp 3496/5251 이탈0.1m  위치 (  32.77,   -98.16,  11.44)
[velocity_path_follower.py-9] [INFO] [1786828317.617963284] [velocity_path_follower]: waypoint 3496 / 5251 도달 (선 이탈 0.08 m)
[velocity_path_follower.py-9] [INFO] [1786828317.967901703] [velocity_path_follower]: waypoint 3497 / 5251 도달 (선 이탈 0.11 m)
[velocity_path_follower.py-9] [INFO] [1786828318.317941255] [velocity_path_follower]: waypoint 3498 / 5251 도달 (선 이탈 0.13 m)
[velocity_path_follower.py-9] [INFO] [1786828318.667653424] [velocity_path_follower]: waypoint 3499 / 5251 도달 (선 이탈 0.15 m)
[velocity_path_follower.py-9] [INFO] [1786828319.017882857] [velocity_path_follower]: waypoint 3500 / 5251 도달 (선 이탈 0.16 m)
[velocity_path_follower.py-9] [INFO] [1786828319.369651417] [velocity_path_follower]: waypoint 3501 / 5251 도달 (선 이탈 0.18 m)
[velocity_path_follower.py-9] [INFO] [1786828319.719982066] [velocity_path_follower]: waypoint 3502 / 5251 도달 (선 이탈 0.18 m)
[velocity_path_follower.py-9] [INFO] [1786828320.070381843] [velocity_path_follower]: waypoint 3503 / 5251 도달 (선 이탈 0.19 m)
[velocity_path_follower.py-9] [INFO] [1786828320.419909353] [velocity_path_follower]: waypoint 3504 / 5251 도달 (선 이탈 0.19 m)
[velocity_path_follower.py-9] [INFO] [1786828320.771787755] [velocity_path_follower]: waypoint 3505 / 5251 도달 (선 이탈 0.19 m)
[velocity_path_follower.py-9] [INFO] [1786828321.125134778] [velocity_path_follower]: waypoint 3506 / 5251 도달 (선 이탈 0.18 m)
[velocity_path_follower.py-9] [INFO] [1786828321.480336226] [velocity_path_follower]: waypoint 3507 / 5251 도달 (선 이탈 0.17 m)
[velocity_path_follower.py-9] [INFO] [1786828321.829527401] [velocity_path_follower]: waypoint 3508 / 5251 도달 (선 이탈 0.16 m)
[velocity_path_follower.py-9] [INFO] [1786828322.181688319] [velocity_path_follower]: waypoint 3509 / 5251 도달 (선 이탈 0.15 m)
[velocity_path_follower.py-9] [INFO] [1786828322.283960295] [velocity_path_follower]: 1515.0s  wp 3510/5251 이탈0.1m  위치 (  25.73,   -98.24,  11.45)
[velocity_path_follower.py-9] [INFO] [1786828322.535263483] [velocity_path_follower]: waypoint 3510 / 5251 도달 (선 이탈 0.13 m)
[velocity_path_follower.py-9] [INFO] [1786828322.902057847] [velocity_path_follower]: waypoint 3511 / 5251 도달 (선 이탈 0.12 m)
[velocity_path_follower.py-9] [INFO] [1786828323.251315867] [velocity_path_follower]: waypoint 3512 / 5251 도달 (선 이탈 0.10 m)
[velocity_path_follower.py-9] [INFO] [1786828323.602100260] [velocity_path_follower]: waypoint 3513 / 5251 도달 (선 이탈 0.08 m)
[velocity_path_follower.py-9] [INFO] [1786828323.951368240] [velocity_path_follower]: waypoint 3514 / 5251 도달 (선 이탈 0.06 m)
[velocity_path_follower.py-9] [INFO] [1786828324.301390745] [velocity_path_follower]: waypoint 3515 / 5251 도달 (선 이탈 0.04 m)
[velocity_path_follower.py-9] [INFO] [1786828324.651398666] [velocity_path_follower]: waypoint 3516 / 5251 도달 (선 이탈 0.02 m)
[velocity_path_follower.py-9] [INFO] [1786828325.001411129] [velocity_path_follower]: waypoint 3517 / 5251 도달 (선 이탈 0.01 m)
[velocity_path_follower.py-9] [INFO] [1786828325.351440224] [velocity_path_follower]: waypoint 3518 / 5251 도달 (선 이탈 0.01 m)
[velocity_path_follower.py-9] [INFO] [1786828325.701472985] [velocity_path_follower]: waypoint 3519 / 5251 도달 (선 이탈 0.03 m)
[velocity_path_follower.py-9] [INFO] [1786828326.051333576] [velocity_path_follower]: waypoint 3520 / 5251 도달 (선 이탈 0.04 m)
[velocity_path_follower.py-9] [INFO] [1786828326.401312634] [velocity_path_follower]: waypoint 3521 / 5251 도달 (선 이탈 0.06 m)
[velocity_path_follower.py-9] [INFO] [1786828326.701363834] [velocity_path_follower]: waypoint 3522 / 5251 도달 (선 이탈 0.07 m)
[ros2-8] [INFO] [1786828326.860796145] [rosbag2_cpp]: Writing remaining messages from cache to the bag. It may take a while
[velocity_path_follower.py-9] [INFO] [1786828327.101308335] [velocity_path_follower]: waypoint 3523 / 5251 도달 (선 이탈 0.08 m)
[velocity_path_follower.py-9] [INFO] [1786828327.301294443] [velocity_path_follower]: 1520.0s  wp 3524/5251 이탈0.1m  위치 (  18.54,   -98.02,  11.70)
[velocity_path_follower.py-9] [INFO] [1786828327.401328414] [velocity_path_follower]: waypoint 3524 / 5251 도달 (선 이탈 0.08 m)
[velocity_path_follower.py-9] [INFO] [1786828327.801400549] [velocity_path_follower]: waypoint 3525 / 5251 도달 (선 이탈 0.09 m)
[velocity_path_follower.py-9] [INFO] [1786828328.153855385] [velocity_path_follower]: waypoint 3526 / 5251 도달 (선 이탈 0.10 m)
[velocity_path_follower.py-9] [INFO] [1786828328.454053182] [velocity_path_follower]: waypoint 3527 / 5251 도달 (선 이탈 0.10 m)
[velocity_path_follower.py-9] [INFO] [1786828328.853774939] [velocity_path_follower]: waypoint 3528 / 5251 도달 (선 이탈 0.10 m)
[velocity_path_follower.py-9] [INFO] [1786828329.153875445] [velocity_path_follower]: waypoint 3529 / 5251 도달 (선 이탈 0.10 m)
[velocity_path_follower.py-9] [INFO] [1786828329.553952302] [velocity_path_follower]: waypoint 3530 / 5251 도달 (선 이탈 0.10 m)
[velocity_path_follower.py-9] [INFO] [1786828329.853611674] [velocity_path_follower]: waypoint 3531 / 5251 도달 (선 이탈 0.09 m)
[velocity_path_follower.py-9] [INFO] [1786828330.204483441] [velocity_path_follower]: waypoint 3532 / 5251 도달 (선 이탈 0.09 m)
[velocity_path_follower.py-9] [INFO] [1786828330.553926885] [velocity_path_follower]: waypoint 3533 / 5251 도달 (선 이탈 0.08 m)
[velocity_path_follower.py-9] [INFO] [1786828330.903806464] [velocity_path_follower]: waypoint 3534 / 5251 도달 (선 이탈 0.07 m)
[velocity_path_follower.py-9] [INFO] [1786828331.253769382] [velocity_path_follower]: waypoint 3535 / 5251 도달 (선 이탈 0.07 m)
[velocity_path_follower.py-9] [INFO] [1786828331.603875389] [velocity_path_follower]: waypoint 3536 / 5251 도달 (선 이탈 0.06 m)
[velocity_path_follower.py-9] [INFO] [1786828331.953820726] [velocity_path_follower]: waypoint 3537 / 5251 도달 (선 이탈 0.05 m)
[velocity_path_follower.py-9] [INFO] [1786828332.303880362] [velocity_path_follower]: waypoint 3538 / 5251 도달 (선 이탈 0.04 m)
[velocity_path_follower.py-9] [INFO] [1786828332.353576886] [velocity_path_follower]: 1525.1s  wp 3539/5251 이탈0.0m  위치 (  11.29,   -98.06,   6.95)
[velocity_path_follower.py-9] [INFO] [1786828332.653700618] [velocity_path_follower]: waypoint 3539 / 5251 도달 (선 이탈 0.03 m)
[velocity_path_follower.py-9] [INFO] [1786828337.054010090] [velocity_path_follower]: waypoint 3540 / 5251 도달 (선 이탈 0.06 m)
[velocity_path_follower.py-9] [INFO] [1786828337.103850538] [velocity_path_follower]: waypoint 3541 / 5251 도달 (선 이탈 0.06 m)
[velocity_path_follower.py-9] [INFO] [1786828337.153933909] [velocity_path_follower]: waypoint 3542 / 5251 도달 (선 이탈 0.06 m)
[velocity_path_follower.py-9] [INFO] [1786828337.204011654] [velocity_path_follower]: waypoint 3543 / 5251 도달 (선 이탈 0.07 m)
[velocity_path_follower.py-9] [INFO] [1786828337.253693640] [velocity_path_follower]: waypoint 3544 / 5251 도달 (선 이탈 0.07 m)
[velocity_path_follower.py-9] [INFO] [1786828337.303622674] [velocity_path_follower]: waypoint 3545 / 5251 도달 (선 이탈 0.07 m)
[velocity_path_follower.py-9] [INFO] [1786828337.353795880] [velocity_path_follower]: waypoint 3546 / 5251 도달 (선 이탈 0.07 m)
[velocity_path_follower.py-9] [INFO] [1786828337.403687496] [velocity_path_follower]: waypoint 3547 / 5251 도달 (선 이탈 0.07 m)
[velocity_path_follower.py-9] [INFO] [1786828337.453574029] [velocity_path_follower]: waypoint 3548 / 5251 도달 (선 이탈 0.07 m)
[velocity_path_follower.py-9] [INFO] [1786828337.503484895] [velocity_path_follower]: 1530.2s  wp 3549/5251 이탈0.1m  위치 (   5.94,   -98.17,   6.76)
[velocity_path_follower.py-9] [INFO] [1786828337.603827600] [velocity_path_follower]: waypoint 3549 / 5251 도달 (선 이탈 0.07 m)
[velocity_path_follower.py-9] [INFO] [1786828338.353808429] [velocity_path_follower]: waypoint 3550 / 5251 도달 (선 이탈 0.08 m)
[velocity_path_follower.py-9] [INFO] [1786828339.065108469] [velocity_path_follower]: waypoint 3551 / 5251 도달 (선 이탈 0.08 m)
[velocity_path_follower.py-9] [INFO] [1786828339.669432272] [velocity_path_follower]: waypoint 3552 / 5251 도달 (선 이탈 0.07 m)
[velocity_path_follower.py-9] [INFO] [1786828340.271834448] [velocity_path_follower]: waypoint 3553 / 5251 도달 (선 이탈 0.07 m)
[velocity_path_follower.py-9] [INFO] [1786828340.771943497] [velocity_path_follower]: waypoint 3554 / 5251 도달 (선 이탈 0.06 m)
[velocity_path_follower.py-9] [INFO] [1786828341.271850087] [velocity_path_follower]: waypoint 3555 / 5251 도달 (선 이탈 0.05 m)
[velocity_path_follower.py-9] [INFO] [1786828341.772039604] [velocity_path_follower]: waypoint 3556 / 5251 도달 (선 이탈 0.04 m)
[velocity_path_follower.py-9] [INFO] [1786828342.271954828] [velocity_path_follower]: waypoint 3557 / 5251 도달 (선 이탈 0.03 m)
[velocity_path_follower.py-9] [INFO] [1786828342.321649109] [velocity_path_follower]: 1535.0s  wp 3558/5251 이탈0.0m  위치 (   1.80,   -98.13,   8.26)
[velocity_path_follower.py-9] [INFO] [1786828342.722119855] [velocity_path_follower]: waypoint 3558 / 5251 도달 (선 이탈 0.02 m)
[velocity_path_follower.py-9] [INFO] [1786828343.130186083] [velocity_path_follower]: waypoint 3559 / 5251 도달 (선 이탈 0.01 m)
[velocity_path_follower.py-9] [INFO] [1786828343.582816929] [velocity_path_follower]: waypoint 3560 / 5251 도달 (선 이탈 0.00 m)
[velocity_path_follower.py-9] [INFO] [1786828344.033094759] [velocity_path_follower]: waypoint 3561 / 5251 도달 (선 이탈 0.01 m)
[velocity_path_follower.py-9] [INFO] [1786828344.487521324] [velocity_path_follower]: waypoint 3562 / 5251 도달 (선 이탈 0.02 m)
[velocity_path_follower.py-9] [INFO] [1786828344.887411651] [velocity_path_follower]: waypoint 3563 / 5251 도달 (선 이탈 0.02 m)
[velocity_path_follower.py-9] [INFO] [1786828345.287526447] [velocity_path_follower]: waypoint 3564 / 5251 도달 (선 이탈 0.03 m)
[velocity_path_follower.py-9] [INFO] [1786828345.697121565] [velocity_path_follower]: waypoint 3565 / 5251 도달 (선 이탈 0.03 m)
[velocity_path_follower.py-9] [INFO] [1786828346.096742561] [velocity_path_follower]: waypoint 3566 / 5251 도달 (선 이탈 0.04 m)
[velocity_path_follower.py-9] [INFO] [1786828346.499136339] [velocity_path_follower]: waypoint 3567 / 5251 도달 (선 이탈 0.04 m)
[velocity_path_follower.py-9] [INFO] [1786828346.849317560] [velocity_path_follower]: waypoint 3568 / 5251 도달 (선 이탈 0.04 m)
[velocity_path_follower.py-9] [INFO] [1786828347.301576841] [velocity_path_follower]: waypoint 3569 / 5251 도달 (선 이탈 0.04 m)
[velocity_path_follower.py-9] [INFO] [1786828347.351240376] [velocity_path_follower]: 1540.0s  wp 3570/5251 이탈0.0m  위치 (  -4.23,   -98.06,   6.72)
[velocity_path_follower.py-9] [INFO] [1786828347.651512062] [velocity_path_follower]: waypoint 3570 / 5251 도달 (선 이탈 0.04 m)
[velocity_path_follower.py-9] [INFO] [1786828348.054091144] [velocity_path_follower]: waypoint 3571 / 5251 도달 (선 이탈 0.04 m)
[velocity_path_follower.py-9] [INFO] [1786828348.405917959] [velocity_path_follower]: waypoint 3572 / 5251 도달 (선 이탈 0.04 m)
[velocity_path_follower.py-9] [INFO] [1786828348.806152905] [velocity_path_follower]: waypoint 3573 / 5251 도달 (선 이탈 0.03 m)
[velocity_path_follower.py-9] [INFO] [1786828349.155964631] [velocity_path_follower]: waypoint 3574 / 5251 도달 (선 이탈 0.03 m)
[velocity_path_follower.py-9] [INFO] [1786828349.555946952] [velocity_path_follower]: waypoint 3575 / 5251 도달 (선 이탈 0.03 m)
[velocity_path_follower.py-9] [INFO] [1786828349.908231368] [velocity_path_follower]: waypoint 3576 / 5251 도달 (선 이탈 0.02 m)
[velocity_path_follower.py-9] [INFO] [1786828350.260279116] [velocity_path_follower]: waypoint 3577 / 5251 도달 (선 이탈 0.02 m)
[velocity_path_follower.py-9] [INFO] [1786828350.662999762] [velocity_path_follower]: waypoint 3578 / 5251 도달 (선 이탈 0.01 m)
[velocity_path_follower.py-9] [INFO] [1786828351.012848164] [velocity_path_follower]: waypoint 3579 / 5251 도달 (선 이탈 0.01 m)
[velocity_path_follower.py-9] [INFO] [1786828351.364986589] [velocity_path_follower]: waypoint 3580 / 5251 도달 (선 이탈 0.00 m)
[velocity_path_follower.py-9] [INFO] [1786828351.714648326] [velocity_path_follower]: waypoint 3581 / 5251 도달 (선 이탈 0.00 m)
[velocity_path_follower.py-9] [INFO] [1786828352.114861125] [velocity_path_follower]: waypoint 3582 / 5251 도달 (선 이탈 0.00 m)
[velocity_path_follower.py-9] [INFO] [1786828352.364601066] [velocity_path_follower]: 1545.0s  wp 3583/5251 이탈0.0m  위치 ( -10.99,   -98.11,   9.97)
[velocity_path_follower.py-9] [INFO] [1786828352.464994505] [velocity_path_follower]: waypoint 3583 / 5251 도달 (선 이탈 0.01 m)
[velocity_path_follower.py-9] [INFO] [1786828352.814693707] [velocity_path_follower]: waypoint 3584 / 5251 도달 (선 이탈 0.01 m)
[velocity_path_follower.py-9] [INFO] [1786828353.165395561] [velocity_path_follower]: waypoint 3585 / 5251 도달 (선 이탈 0.01 m)
[velocity_path_follower.py-9] [INFO] [1786828353.514824762] [velocity_path_follower]: waypoint 3586 / 5251 도달 (선 이탈 0.02 m)
[velocity_path_follower.py-9] [INFO] [1786828353.915050198] [velocity_path_follower]: waypoint 3587 / 5251 도달 (선 이탈 0.02 m)
[velocity_path_follower.py-9] [INFO] [1786828354.264683617] [velocity_path_follower]: waypoint 3588 / 5251 도달 (선 이탈 0.02 m)
[velocity_path_follower.py-9] [INFO] [1786828354.614563001] [velocity_path_follower]: waypoint 3589 / 5251 도달 (선 이탈 0.02 m)
[velocity_path_follower.py-9] [INFO] [1786828354.964862479] [velocity_path_follower]: waypoint 3590 / 5251 도달 (선 이탈 0.02 m)
[velocity_path_follower.py-9] [INFO] [1786828355.314615366] [velocity_path_follower]: waypoint 3591 / 5251 도달 (선 이탈 0.02 m)
[velocity_path_follower.py-9] [INFO] [1786828355.665011810] [velocity_path_follower]: waypoint 3592 / 5251 도달 (선 이탈 0.02 m)
[velocity_path_follower.py-9] [INFO] [1786828356.014609569] [velocity_path_follower]: waypoint 3593 / 5251 도달 (선 이탈 0.02 m)
[velocity_path_follower.py-9] [INFO] [1786828356.364687636] [velocity_path_follower]: waypoint 3594 / 5251 도달 (선 이탈 0.02 m)
[velocity_path_follower.py-9] [INFO] [1786828356.714667534] [velocity_path_follower]: waypoint 3595 / 5251 도달 (선 이탈 0.02 m)
[velocity_path_follower.py-9] [INFO] [1786828357.065049819] [velocity_path_follower]: waypoint 3596 / 5251 도달 (선 이탈 0.02 m)
[velocity_path_follower.py-9] [INFO] [1786828357.364605785] [velocity_path_follower]: 1550.0s  wp 3597/5251 이탈0.0m  위치 ( -18.06,   -98.12,  10.99)
[velocity_path_follower.py-9] [INFO] [1786828357.414637087] [velocity_path_follower]: waypoint 3597 / 5251 도달 (선 이탈 0.02 m)
[velocity_path_follower.py-9] [INFO] [1786828357.764811955] [velocity_path_follower]: waypoint 3598 / 5251 도달 (선 이탈 0.02 m)
[velocity_path_follower.py-9] [INFO] [1786828358.114795610] [velocity_path_follower]: waypoint 3599 / 5251 도달 (선 이탈 0.01 m)
[velocity_path_follower.py-9] [INFO] [1786828358.514976744] [velocity_path_follower]: waypoint 3600 / 5251 도달 (선 이탈 0.01 m)
[velocity_path_follower.py-9] [INFO] [1786828358.814638760] [velocity_path_follower]: waypoint 3601 / 5251 도달 (선 이탈 0.01 m)
[velocity_path_follower.py-9] [INFO] [1786828359.174538547] [velocity_path_follower]: waypoint 3602 / 5251 도달 (선 이탈 0.01 m)
[velocity_path_follower.py-9] [INFO] [1786828359.524089451] [velocity_path_follower]: waypoint 3603 / 5251 도달 (선 이탈 0.01 m)
[velocity_path_follower.py-9] [INFO] [1786828359.924267258] [velocity_path_follower]: waypoint 3604 / 5251 도달 (선 이탈 0.00 m)
[velocity_path_follower.py-9] [INFO] [1786828360.224390919] [velocity_path_follower]: waypoint 3605 / 5251 도달 (선 이탈 0.00 m)
[velocity_path_follower.py-9] [INFO] [1786828360.624099678] [velocity_path_follower]: waypoint 3606 / 5251 도달 (선 이탈 0.00 m)
[velocity_path_follower.py-9] [INFO] [1786828360.924180464] [velocity_path_follower]: waypoint 3607 / 5251 도달 (선 이탈 0.00 m)
[velocity_path_follower.py-9] [INFO] [1786828361.324093484] [velocity_path_follower]: waypoint 3608 / 5251 도달 (선 이탈 0.00 m)
[velocity_path_follower.py-9] [INFO] [1786828362.374179147] [velocity_path_follower]: 1555.0s  climb       위치 ( -25.12,   -98.09,   5.77)
[velocity_path_follower.py-9] [INFO] [1786828366.074078791] [velocity_path_follower]: waypoint 3609 / 5251 도달 (선 이탈 0.02 m)
[velocity_path_follower.py-9] [INFO] [1786828366.124115434] [velocity_path_follower]: waypoint 3610 / 5251 도달 (선 이탈 0.02 m)
[velocity_path_follower.py-9] [INFO] [1786828366.174140452] [velocity_path_follower]: waypoint 3611 / 5251 도달 (선 이탈 0.02 m)
[velocity_path_follower.py-9] [INFO] [1786828366.224542729] [velocity_path_follower]: waypoint 3612 / 5251 도달 (선 이탈 0.02 m)
[velocity_path_follower.py-9] [INFO] [1786828366.274185446] [velocity_path_follower]: waypoint 3613 / 5251 도달 (선 이탈 0.02 m)
[velocity_path_follower.py-9] [INFO] [1786828366.324249548] [velocity_path_follower]: waypoint 3614 / 5251 도달 (선 이탈 0.02 m)
[velocity_path_follower.py-9] [INFO] [1786828366.374183564] [velocity_path_follower]: waypoint 3615 / 5251 도달 (선 이탈 0.02 m)
[velocity_path_follower.py-9] [INFO] [1786828366.424400128] [velocity_path_follower]: waypoint 3616 / 5251 도달 (선 이탈 0.02 m)
[velocity_path_follower.py-9] [INFO] [1786828366.474164390] [velocity_path_follower]: waypoint 3617 / 5251 도달 (선 이탈 0.02 m)
[velocity_path_follower.py-9] [INFO] [1786828366.524168407] [velocity_path_follower]: waypoint 3618 / 5251 도달 (선 이탈 0.02 m)
[velocity_path_follower.py-9] [INFO] [1786828367.274647183] [velocity_path_follower]: waypoint 3619 / 5251 도달 (선 이탈 0.02 m)
[velocity_path_follower.py-9] [INFO] [1786828367.374364754] [velocity_path_follower]: 1560.0s  wp 3620/5251 이탈0.0m  위치 ( -29.19,   -98.08,   7.60)
[velocity_path_follower.py-9] [INFO] [1786828368.024277029] [velocity_path_follower]: waypoint 3620 / 5251 도달 (선 이탈 0.02 m)
[velocity_path_follower.py-9] [INFO] [1786828368.674264149] [velocity_path_follower]: waypoint 3621 / 5251 도달 (선 이탈 0.02 m)
[velocity_path_follower.py-9] [INFO] [1786828369.224213817] [velocity_path_follower]: waypoint 3622 / 5251 도달 (선 이탈 0.01 m)
[velocity_path_follower.py-9] [INFO] [1786828369.824120509] [velocity_path_follower]: waypoint 3623 / 5251 도달 (선 이탈 0.01 m)
[velocity_path_follower.py-9] [INFO] [1786828370.324104669] [velocity_path_follower]: waypoint 3624 / 5251 도달 (선 이탈 0.01 m)
[velocity_path_follower.py-9] [INFO] [1786828370.824311128] [velocity_path_follower]: waypoint 3625 / 5251 도달 (선 이탈 0.01 m)
[velocity_path_follower.py-9] [INFO] [1786828371.324149875] [velocity_path_follower]: waypoint 3626 / 5251 도달 (선 이탈 0.00 m)
[velocity_path_follower.py-9] [INFO] [1786828371.774188276] [velocity_path_follower]: waypoint 3627 / 5251 도달 (선 이탈 0.00 m)
[velocity_path_follower.py-9] [INFO] [1786828372.224217554] [velocity_path_follower]: waypoint 3628 / 5251 도달 (선 이탈 0.00 m)
[velocity_path_follower.py-9] [INFO] [1786828372.374017824] [velocity_path_follower]: 1565.0s  wp 3629/5251 이탈0.0m  위치 ( -33.79,   -98.10,  11.35)
[velocity_path_follower.py-9] [INFO] [1786828372.674162168] [velocity_path_follower]: waypoint 3629 / 5251 도달 (선 이탈 0.00 m)
[velocity_path_follower.py-9] [INFO] [1786828373.124146909] [velocity_path_follower]: waypoint 3630 / 5251 도달 (선 이탈 0.01 m)
[velocity_path_follower.py-9] [INFO] [1786828373.524144175] [velocity_path_follower]: waypoint 3631 / 5251 도달 (선 이탈 0.01 m)
[velocity_path_follower.py-9] [INFO] [1786828373.924146857] [velocity_path_follower]: waypoint 3632 / 5251 도달 (선 이탈 0.01 m)
[velocity_path_follower.py-9] [INFO] [1786828374.374090358] [velocity_path_follower]: waypoint 3633 / 5251 도달 (선 이탈 0.01 m)
[velocity_path_follower.py-9] [INFO] [1786828374.774268176] [velocity_path_follower]: waypoint 3634 / 5251 도달 (선 이탈 0.01 m)
[velocity_path_follower.py-9] [INFO] [1786828375.174253617] [velocity_path_follower]: waypoint 3635 / 5251 도달 (선 이탈 0.01 m)
[velocity_path_follower.py-9] [INFO] [1786828377.374198880] [velocity_path_follower]: 1570.0s  wp 3636/5251 이탈1.1m  위치 ( -39.67,   -97.56,   8.43)
[velocity_path_follower.py-9] [INFO] [1786828382.386475966] [velocity_path_follower]: 1575.0s  climb       위치 ( -41.74,   -94.65,   5.42)
[velocity_path_follower.py-9] [INFO] [1786828383.936308272] [velocity_path_follower]: waypoint 3636 / 5251 도달 (선 이탈 3.41 m)
[velocity_path_follower.py-9] [INFO] [1786828387.386291824] [velocity_path_follower]: 1580.0s  wp 3638/5251 이탈0.6m  위치 ( -40.98,   -93.55,   8.30)
[velocity_path_follower.py-9] [INFO] [1786828389.136222473] [velocity_path_follower]: waypoint 3638 / 5251 도달 (선 이탈 0.50 m)
[velocity_path_follower.py-9] [INFO] [1786828389.686612910] [velocity_path_follower]: waypoint 3639 / 5251 도달 (선 이탈 0.44 m)
[velocity_path_follower.py-9] [INFO] [1786828390.244424042] [velocity_path_follower]: waypoint 3640 / 5251 도달 (선 이탈 0.37 m)
[velocity_path_follower.py-9] [INFO] [1786828390.754558077] [velocity_path_follower]: waypoint 3641 / 5251 도달 (선 이탈 0.30 m)
[velocity_path_follower.py-9] [INFO] [1786828391.255324125] [velocity_path_follower]: waypoint 3642 / 5251 도달 (선 이탈 0.22 m)
[velocity_path_follower.py-9] [INFO] [1786828391.704836650] [velocity_path_follower]: waypoint 3643 / 5251 도달 (선 이탈 0.16 m)
[velocity_path_follower.py-9] [INFO] [1786828392.154627226] [velocity_path_follower]: waypoint 3644 / 5251 도달 (선 이탈 0.08 m)
[velocity_path_follower.py-9] [INFO] [1786828392.404601286] [velocity_path_follower]: 1585.0s  wp 3645/5251 이탈0.0m  위치 ( -36.28,   -94.06,   7.43)
[velocity_path_follower.py-9] [INFO] [1786828392.604784149] [velocity_path_follower]: waypoint 3645 / 5251 도달 (선 이탈 0.02 m)
[velocity_path_follower.py-9] [INFO] [1786828393.054530937] [velocity_path_follower]: waypoint 3646 / 5251 도달 (선 이탈 0.05 m)
[velocity_path_follower.py-9] [INFO] [1786828393.454532866] [velocity_path_follower]: waypoint 3647 / 5251 도달 (선 이탈 0.10 m)
[velocity_path_follower.py-9] [INFO] [1786828393.854442002] [velocity_path_follower]: waypoint 3648 / 5251 도달 (선 이탈 0.15 m)
[velocity_path_follower.py-9] [INFO] [1786828394.304536309] [velocity_path_follower]: waypoint 3649 / 5251 도달 (선 이탈 0.19 m)
[velocity_path_follower.py-9] [INFO] [1786828394.704453534] [velocity_path_follower]: waypoint 3650 / 5251 도달 (선 이탈 0.22 m)
[velocity_path_follower.py-9] [INFO] [1786828395.104675435] [velocity_path_follower]: waypoint 3651 / 5251 도달 (선 이탈 0.25 m)
[velocity_path_follower.py-9] [INFO] [1786828395.504505830] [velocity_path_follower]: waypoint 3652 / 5251 도달 (선 이탈 0.27 m)
[velocity_path_follower.py-9] [INFO] [1786828395.904492855] [velocity_path_follower]: waypoint 3653 / 5251 도달 (선 이탈 0.28 m)
[velocity_path_follower.py-9] [INFO] [1786828396.254649389] [velocity_path_follower]: waypoint 3654 / 5251 도달 (선 이탈 0.28 m)
[velocity_path_follower.py-9] [INFO] [1786828396.654431248] [velocity_path_follower]: waypoint 3655 / 5251 도달 (선 이탈 0.28 m)
[velocity_path_follower.py-9] [INFO] [1786828397.054493572] [velocity_path_follower]: waypoint 3656 / 5251 도달 (선 이탈 0.27 m)
[velocity_path_follower.py-9] [INFO] [1786828397.404278854] [velocity_path_follower]: 1590.0s  wp 3657/5251 이탈0.3m  위치 ( -30.10,   -94.36,   9.78)
[velocity_path_follower.py-9] [INFO] [1786828397.454959788] [velocity_path_follower]: waypoint 3657 / 5251 도달 (선 이탈 0.26 m)
[velocity_path_follower.py-9] [INFO] [1786828397.804451728] [velocity_path_follower]: waypoint 3658 / 5251 도달 (선 이탈 0.24 m)
[velocity_path_follower.py-9] [INFO] [1786828398.154583188] [velocity_path_follower]: waypoint 3659 / 5251 도달 (선 이탈 0.22 m)
[velocity_path_follower.py-9] [INFO] [1786828398.554613189] [velocity_path_follower]: waypoint 3660 / 5251 도달 (선 이탈 0.20 m)
[velocity_path_follower.py-9] [INFO] [1786828398.904592190] [velocity_path_follower]: waypoint 3661 / 5251 도달 (선 이탈 0.17 m)
[velocity_path_follower.py-9] [INFO] [1786828399.304688947] [velocity_path_follower]: waypoint 3662 / 5251 도달 (선 이탈 0.14 m)
[velocity_path_follower.py-9] [INFO] [1786828399.654496282] [velocity_path_follower]: waypoint 3663 / 5251 도달 (선 이탈 0.12 m)
[velocity_path_follower.py-9] [INFO] [1786828400.055312185] [velocity_path_follower]: waypoint 3664 / 5251 도달 (선 이탈 0.08 m)
[velocity_path_follower.py-9] [INFO] [1786828400.404615678] [velocity_path_follower]: waypoint 3665 / 5251 도달 (선 이탈 0.06 m)
[velocity_path_follower.py-9] [INFO] [1786828400.754507936] [velocity_path_follower]: waypoint 3666 / 5251 도달 (선 이탈 0.03 m)
[velocity_path_follower.py-9] [INFO] [1786828401.154553286] [velocity_path_follower]: waypoint 3667 / 5251 도달 (선 이탈 0.00 m)
[velocity_path_follower.py-9] [INFO] [1786828401.504821767] [velocity_path_follower]: waypoint 3668 / 5251 도달 (선 이탈 0.03 m)
[velocity_path_follower.py-9] [INFO] [1786828401.854677905] [velocity_path_follower]: waypoint 3669 / 5251 도달 (선 이탈 0.05 m)
[velocity_path_follower.py-9] [INFO] [1786828402.204382041] [velocity_path_follower]: waypoint 3670 / 5251 도달 (선 이탈 0.07 m)
[velocity_path_follower.py-9] [INFO] [1786828402.404382720] [velocity_path_follower]: 1595.0s  wp 3671/5251 이탈0.1m  위치 ( -23.31,   -94.02,  10.02)
[velocity_path_follower.py-9] [INFO] [1786828402.554562317] [velocity_path_follower]: waypoint 3671 / 5251 도달 (선 이탈 0.09 m)
[velocity_path_follower.py-9] [INFO] [1786828402.954511924] [velocity_path_follower]: waypoint 3672 / 5251 도달 (선 이탈 0.11 m)
[velocity_path_follower.py-9] [INFO] [1786828403.304530575] [velocity_path_follower]: waypoint 3673 / 5251 도달 (선 이탈 0.12 m)
[velocity_path_follower.py-9] [INFO] [1786828403.654575936] [velocity_path_follower]: waypoint 3674 / 5251 도달 (선 이탈 0.14 m)
[velocity_path_follower.py-9] [INFO] [1786828404.004517545] [velocity_path_follower]: waypoint 3675 / 5251 도달 (선 이탈 0.14 m)
[velocity_path_follower.py-9] [INFO] [1786828404.354832834] [velocity_path_follower]: waypoint 3676 / 5251 도달 (선 이탈 0.15 m)
[velocity_path_follower.py-9] [INFO] [1786828404.707024006] [velocity_path_follower]: waypoint 3677 / 5251 도달 (선 이탈 0.15 m)
[velocity_path_follower.py-9] [INFO] [1786828405.056678113] [velocity_path_follower]: waypoint 3678 / 5251 도달 (선 이탈 0.15 m)
[velocity_path_follower.py-9] [INFO] [1786828405.456941328] [velocity_path_follower]: waypoint 3679 / 5251 도달 (선 이탈 0.15 m)
[velocity_path_follower.py-9] [INFO] [1786828405.806877405] [velocity_path_follower]: waypoint 3680 / 5251 도달 (선 이탈 0.14 m)
[velocity_path_follower.py-9] [INFO] [1786828406.158971957] [velocity_path_follower]: waypoint 3681 / 5251 도달 (선 이탈 0.14 m)
[velocity_path_follower.py-9] [INFO] [1786828407.409193118] [velocity_path_follower]: 1600.0s  climb       위치 ( -16.37,   -94.00,   6.12)
[velocity_path_follower.py-9] [INFO] [1786828409.263829717] [velocity_path_follower]: waypoint 3682 / 5251 도달 (선 이탈 0.06 m)
[velocity_path_follower.py-9] [INFO] [1786828409.313613095] [velocity_path_follower]: waypoint 3683 / 5251 도달 (선 이탈 0.06 m)
[velocity_path_follower.py-9] [INFO] [1786828409.363632437] [velocity_path_follower]: waypoint 3684 / 5251 도달 (선 이탈 0.06 m)
[velocity_path_follower.py-9] [INFO] [1786828409.413644612] [velocity_path_follower]: waypoint 3685 / 5251 도달 (선 이탈 0.06 m)
[velocity_path_follower.py-9] [INFO] [1786828409.463804666] [velocity_path_follower]: waypoint 3686 / 5251 도달 (선 이탈 0.06 m)
[velocity_path_follower.py-9] [INFO] [1786828409.513913844] [velocity_path_follower]: waypoint 3687 / 5251 도달 (선 이탈 0.05 m)
[velocity_path_follower.py-9] [INFO] [1786828409.563679929] [velocity_path_follower]: waypoint 3688 / 5251 도달 (선 이탈 0.05 m)
[velocity_path_follower.py-9] [INFO] [1786828409.813835265] [velocity_path_follower]: waypoint 3689 / 5251 도달 (선 이탈 0.05 m)
[velocity_path_follower.py-9] [INFO] [1786828410.473883223] [velocity_path_follower]: waypoint 3690 / 5251 도달 (선 이탈 0.04 m)
[velocity_path_follower.py-9] [INFO] [1786828411.023987615] [velocity_path_follower]: waypoint 3691 / 5251 도달 (선 이탈 0.03 m)
[velocity_path_follower.py-9] [INFO] [1786828411.574016805] [velocity_path_follower]: waypoint 3692 / 5251 도달 (선 이탈 0.02 m)
[velocity_path_follower.py-9] [INFO] [1786828412.073904233] [velocity_path_follower]: waypoint 3693 / 5251 도달 (선 이탈 0.01 m)
[velocity_path_follower.py-9] [INFO] [1786828412.423793136] [velocity_path_follower]: 1605.0s  wp 3694/5251 이탈0.0m  위치 ( -11.73,   -94.10,   8.97)
[velocity_path_follower.py-9] [INFO] [1786828412.573803500] [velocity_path_follower]: waypoint 3694 / 5251 도달 (선 이탈 0.00 m)
[velocity_path_follower.py-9] [INFO] [1786828413.073831897] [velocity_path_follower]: waypoint 3695 / 5251 도달 (선 이탈 0.01 m)
[velocity_path_follower.py-9] [INFO] [1786828413.526074055] [velocity_path_follower]: waypoint 3696 / 5251 도달 (선 이탈 0.02 m)
[velocity_path_follower.py-9] [INFO] [1786828413.926272607] [velocity_path_follower]: waypoint 3697 / 5251 도달 (선 이탈 0.02 m)
[velocity_path_follower.py-9] [INFO] [1786828414.376165000] [velocity_path_follower]: waypoint 3698 / 5251 도달 (선 이탈 0.03 m)
[velocity_path_follower.py-9] [INFO] [1786828414.826175440] [velocity_path_follower]: waypoint 3699 / 5251 도달 (선 이탈 0.03 m)
[velocity_path_follower.py-9] [INFO] [1786828415.226148120] [velocity_path_follower]: waypoint 3700 / 5251 도달 (선 이탈 0.03 m)
[velocity_path_follower.py-9] [INFO] [1786828415.676209692] [velocity_path_follower]: waypoint 3701 / 5251 도달 (선 이탈 0.04 m)
[velocity_path_follower.py-9] [INFO] [1786828416.076197126] [velocity_path_follower]: waypoint 3702 / 5251 도달 (선 이탈 0.04 m)
[velocity_path_follower.py-9] [INFO] [1786828416.476150939] [velocity_path_follower]: waypoint 3703 / 5251 도달 (선 이탈 0.04 m)
[velocity_path_follower.py-9] [INFO] [1786828416.876207088] [velocity_path_follower]: waypoint 3704 / 5251 도달 (선 이탈 0.03 m)
[velocity_path_follower.py-9] [INFO] [1786828417.276203114] [velocity_path_follower]: waypoint 3705 / 5251 도달 (선 이탈 0.03 m)
[velocity_path_follower.py-9] [INFO] [1786828417.425995358] [velocity_path_follower]: 1610.0s  wp 3706/5251 이탈0.0m  위치 (  -5.87,   -94.13,  11.61)
[velocity_path_follower.py-9] [INFO] [1786828417.676215684] [velocity_path_follower]: waypoint 3706 / 5251 도달 (선 이탈 0.03 m)
[velocity_path_follower.py-9] [INFO] [1786828418.026219990] [velocity_path_follower]: waypoint 3707 / 5251 도달 (선 이탈 0.03 m)
[velocity_path_follower.py-9] [INFO] [1786828418.426254233] [velocity_path_follower]: waypoint 3708 / 5251 도달 (선 이탈 0.02 m)
[velocity_path_follower.py-9] [INFO] [1786828418.826232016] [velocity_path_follower]: waypoint 3709 / 5251 도달 (선 이탈 0.02 m)
[velocity_path_follower.py-9] [INFO] [1786828419.176975057] [velocity_path_follower]: waypoint 3710 / 5251 도달 (선 이탈 0.02 m)
[velocity_path_follower.py-9] [INFO] [1786828419.576249869] [velocity_path_follower]: waypoint 3711 / 5251 도달 (선 이탈 0.01 m)
[velocity_path_follower.py-9] [INFO] [1786828419.926288519] [velocity_path_follower]: waypoint 3712 / 5251 도달 (선 이탈 0.01 m)
[velocity_path_follower.py-9] [INFO] [1786828420.326674282] [velocity_path_follower]: waypoint 3713 / 5251 도달 (선 이탈 0.01 m)
[velocity_path_follower.py-9] [INFO] [1786828420.676041877] [velocity_path_follower]: waypoint 3714 / 5251 도달 (선 이탈 0.00 m)
[velocity_path_follower.py-9] [INFO] [1786828421.076186094] [velocity_path_follower]: waypoint 3715 / 5251 도달 (선 이탈 0.00 m)
[velocity_path_follower.py-9] [INFO] [1786828421.433820411] [velocity_path_follower]: waypoint 3716 / 5251 도달 (선 이탈 0.01 m)
[velocity_path_follower.py-9] [INFO] [1786828421.788792117] [velocity_path_follower]: waypoint 3717 / 5251 도달 (선 이탈 0.01 m)
[velocity_path_follower.py-9] [INFO] [1786828422.141568850] [velocity_path_follower]: waypoint 3718 / 5251 도달 (선 이탈 0.01 m)
[velocity_path_follower.py-9] [INFO] [1786828422.440579013] [velocity_path_follower]: 1615.0s  wp 3719/5251 이탈0.0m  위치 (   0.80,   -94.09,   7.28)
[velocity_path_follower.py-9] [INFO] [1786828422.540595006] [velocity_path_follower]: waypoint 3719 / 5251 도달 (선 이탈 0.01 m)
[velocity_path_follower.py-9] [INFO] [1786828422.890956263] [velocity_path_follower]: waypoint 3720 / 5251 도달 (선 이탈 0.02 m)
[velocity_path_follower.py-9] [INFO] [1786828427.447804871] [velocity_path_follower]: 1620.0s  climb       위치 (   6.03,   -94.07,   6.25)
[velocity_path_follower.py-9] [INFO] [1786828427.748027878] [velocity_path_follower]: waypoint 3721 / 5251 도달 (선 이탈 0.03 m)
[velocity_path_follower.py-9] [INFO] [1786828427.797811185] [velocity_path_follower]: waypoint 3722 / 5251 도달 (선 이탈 0.03 m)
[velocity_path_follower.py-9] [INFO] [1786828427.847915875] [velocity_path_follower]: waypoint 3723 / 5251 도달 (선 이탈 0.03 m)
[velocity_path_follower.py-9] [INFO] [1786828427.897969814] [velocity_path_follower]: waypoint 3724 / 5251 도달 (선 이탈 0.03 m)
[velocity_path_follower.py-9] [INFO] [1786828427.947956543] [velocity_path_follower]: waypoint 3725 / 5251 도달 (선 이탈 0.03 m)
[velocity_path_follower.py-9] [INFO] [1786828427.997846228] [velocity_path_follower]: waypoint 3726 / 5251 도달 (선 이탈 0.03 m)
[velocity_path_follower.py-9] [INFO] [1786828428.048416764] [velocity_path_follower]: waypoint 3727 / 5251 도달 (선 이탈 0.03 m)
[velocity_path_follower.py-9] [INFO] [1786828428.097878022] [velocity_path_follower]: waypoint 3728 / 5251 도달 (선 이탈 0.03 m)
[velocity_path_follower.py-9] [INFO] [1786828428.147781333] [velocity_path_follower]: waypoint 3729 / 5251 도달 (선 이탈 0.03 m)
[velocity_path_follower.py-9] [INFO] [1786828428.197890066] [velocity_path_follower]: waypoint 3730 / 5251 도달 (선 이탈 0.03 m)
[velocity_path_follower.py-9] [INFO] [1786828428.997897079] [velocity_path_follower]: waypoint 3731 / 5251 도달 (선 이탈 0.03 m)
[velocity_path_follower.py-9] [INFO] [1786828429.749919760] [velocity_path_follower]: waypoint 3732 / 5251 도달 (선 이탈 0.03 m)
[velocity_path_follower.py-9] [INFO] [1786828430.399978641] [velocity_path_follower]: waypoint 3733 / 5251 도달 (선 이탈 0.02 m)
[velocity_path_follower.py-9] [INFO] [1786828431.000163298] [velocity_path_follower]: waypoint 3734 / 5251 도달 (선 이탈 0.02 m)
[velocity_path_follower.py-9] [INFO] [1786828431.549952637] [velocity_path_follower]: waypoint 3735 / 5251 도달 (선 이탈 0.02 m)
[velocity_path_follower.py-9] [INFO] [1786828432.099867523] [velocity_path_follower]: waypoint 3736 / 5251 도달 (선 이탈 0.01 m)
[velocity_path_follower.py-9] [INFO] [1786828432.449979281] [velocity_path_follower]: 1625.0s  wp 3737/5251 이탈0.0m  위치 (   9.81,   -94.09,   8.94)
[velocity_path_follower.py-9] [INFO] [1786828432.600036772] [velocity_path_follower]: waypoint 3737 / 5251 도달 (선 이탈 0.01 m)
[velocity_path_follower.py-9] [INFO] [1786828433.049987908] [velocity_path_follower]: waypoint 3738 / 5251 도달 (선 이탈 0.00 m)
[velocity_path_follower.py-9] [INFO] [1786828433.549835781] [velocity_path_follower]: waypoint 3739 / 5251 도달 (선 이탈 0.00 m)
[velocity_path_follower.py-9] [INFO] [1786828434.002161694] [velocity_path_follower]: waypoint 3740 / 5251 도달 (선 이탈 0.00 m)
[velocity_path_follower.py-9] [INFO] [1786828434.452055632] [velocity_path_follower]: waypoint 3741 / 5251 도달 (선 이탈 0.01 m)
[velocity_path_follower.py-9] [INFO] [1786828434.852152800] [velocity_path_follower]: waypoint 3742 / 5251 도달 (선 이탈 0.01 m)
[velocity_path_follower.py-9] [INFO] [1786828435.302270290] [velocity_path_follower]: waypoint 3743 / 5251 도달 (선 이탈 0.01 m)
[velocity_path_follower.py-9] [INFO] [1786828435.702072538] [velocity_path_follower]: waypoint 3744 / 5251 도달 (선 이탈 0.01 m)
[velocity_path_follower.py-9] [INFO] [1786828436.103869674] [velocity_path_follower]: waypoint 3745 / 5251 도달 (선 이탈 0.01 m)
[velocity_path_follower.py-9] [INFO] [1786828436.552001370] [velocity_path_follower]: waypoint 3746 / 5251 도달 (선 이탈 0.01 m)
[velocity_path_follower.py-9] [INFO] [1786828436.952001421] [velocity_path_follower]: waypoint 3747 / 5251 도달 (선 이탈 0.01 m)
[velocity_path_follower.py-9] [INFO] [1786828437.354420500] [velocity_path_follower]: waypoint 3748 / 5251 도달 (선 이탈 0.01 m)
[velocity_path_follower.py-9] [INFO] [1786828437.454270260] [velocity_path_follower]: 1630.0s  wp 3749/5251 이탈0.0m  위치 (  15.58,   -94.11,   7.80)
[velocity_path_follower.py-9] [INFO] [1786828437.707944246] [velocity_path_follower]: waypoint 3749 / 5251 도달 (선 이탈 0.01 m)
[velocity_path_follower.py-9] [INFO] [1786828438.110476746] [velocity_path_follower]: waypoint 3750 / 5251 도달 (선 이탈 0.01 m)
[velocity_path_follower.py-9] [INFO] [1786828438.509660579] [velocity_path_follower]: waypoint 3751 / 5251 도달 (선 이탈 0.01 m)
[velocity_path_follower.py-9] [INFO] [1786828438.859847075] [velocity_path_follower]: waypoint 3752 / 5251 도달 (선 이탈 0.01 m)
[velocity_path_follower.py-9] [INFO] [1786828439.261951697] [velocity_path_follower]: waypoint 3753 / 5251 도달 (선 이탈 0.01 m)
[velocity_path_follower.py-9] [INFO] [1786828439.661956681] [velocity_path_follower]: waypoint 3754 / 5251 도달 (선 이탈 0.01 m)
[velocity_path_follower.py-9] [INFO] [1786828440.012093098] [velocity_path_follower]: waypoint 3755 / 5251 도달 (선 이탈 0.01 m)
[velocity_path_follower.py-9] [INFO] [1786828440.411737454] [velocity_path_follower]: waypoint 3756 / 5251 도달 (선 이탈 0.01 m)
[velocity_path_follower.py-9] [INFO] [1786828440.761799165] [velocity_path_follower]: waypoint 3757 / 5251 도달 (선 이탈 0.00 m)
[velocity_path_follower.py-9] [INFO] [1786828441.111820793] [velocity_path_follower]: waypoint 3758 / 5251 도달 (선 이탈 0.00 m)
[velocity_path_follower.py-9] [INFO] [1786828441.514799951] [velocity_path_follower]: waypoint 3759 / 5251 도달 (선 이탈 0.00 m)
[velocity_path_follower.py-9] [INFO] [1786828441.864651286] [velocity_path_follower]: waypoint 3760 / 5251 도달 (선 이탈 0.00 m)
[velocity_path_follower.py-9] [INFO] [1786828442.214953845] [velocity_path_follower]: waypoint 3761 / 5251 도달 (선 이탈 0.00 m)
[velocity_path_follower.py-9] [INFO] [1786828442.464627118] [velocity_path_follower]: 1635.0s  wp 3762/5251 이탈0.0m  위치 (  22.27,   -94.10,   9.54)
[velocity_path_follower.py-9] [INFO] [1786828442.615045015] [velocity_path_follower]: waypoint 3762 / 5251 도달 (선 이탈 0.00 m)
[velocity_path_follower.py-9] [INFO] [1786828442.966668611] [velocity_path_follower]: waypoint 3763 / 5251 도달 (선 이탈 0.00 m)
[velocity_path_follower.py-9] [INFO] [1786828443.316886507] [velocity_path_follower]: waypoint 3764 / 5251 도달 (선 이탈 0.01 m)
[velocity_path_follower.py-9] [INFO] [1786828443.668918409] [velocity_path_follower]: waypoint 3765 / 5251 도달 (선 이탈 0.01 m)
[velocity_path_follower.py-9] [INFO] [1786828444.018841965] [velocity_path_follower]: waypoint 3766 / 5251 도달 (선 이탈 0.01 m)
[velocity_path_follower.py-9] [INFO] [1786828444.369091325] [velocity_path_follower]: waypoint 3767 / 5251 도달 (선 이탈 0.01 m)
[velocity_path_follower.py-9] [INFO] [1786828444.768939541] [velocity_path_follower]: waypoint 3768 / 5251 도달 (선 이탈 0.01 m)
[velocity_path_follower.py-9] [INFO] [1786828445.118797018] [velocity_path_follower]: waypoint 3769 / 5251 도달 (선 이탈 0.01 m)
[velocity_path_follower.py-9] [INFO] [1786828445.468835586] [velocity_path_follower]: waypoint 3770 / 5251 도달 (선 이탈 0.01 m)
[velocity_path_follower.py-9] [INFO] [1786828445.818997365] [velocity_path_follower]: waypoint 3771 / 5251 도달 (선 이탈 0.01 m)
[velocity_path_follower.py-9] [INFO] [1786828446.168890765] [velocity_path_follower]: waypoint 3772 / 5251 도달 (선 이탈 0.01 m)
[velocity_path_follower.py-9] [INFO] [1786828446.518806126] [velocity_path_follower]: waypoint 3773 / 5251 도달 (선 이탈 0.01 m)
[velocity_path_follower.py-9] [INFO] [1786828446.918896109] [velocity_path_follower]: waypoint 3774 / 5251 도달 (선 이탈 0.01 m)
[velocity_path_follower.py-9] [INFO] [1786828447.218893274] [velocity_path_follower]: waypoint 3775 / 5251 도달 (선 이탈 0.01 m)
[velocity_path_follower.py-9] [INFO] [1786828447.468647942] [velocity_path_follower]: 1640.0s  wp 3776/5251 이탈0.0m  위치 (  29.25,   -94.09,  13.73)
[velocity_path_follower.py-9] [INFO] [1786828447.568857767] [velocity_path_follower]: waypoint 3776 / 5251 도달 (선 이탈 0.01 m)
[velocity_path_follower.py-9] [INFO] [1786828447.969400517] [velocity_path_follower]: waypoint 3777 / 5251 도달 (선 이탈 0.01 m)
[velocity_path_follower.py-9] [INFO] [1786828448.269028677] [velocity_path_follower]: waypoint 3778 / 5251 도달 (선 이탈 0.01 m)
[velocity_path_follower.py-9] [INFO] [1786828448.671645071] [velocity_path_follower]: waypoint 3779 / 5251 도달 (선 이탈 0.00 m)
[velocity_path_follower.py-9] [INFO] [1786828449.022051830] [velocity_path_follower]: waypoint 3780 / 5251 도달 (선 이탈 0.00 m)
[velocity_path_follower.py-9] [INFO] [1786828449.373771837] [velocity_path_follower]: waypoint 3781 / 5251 도달 (선 이탈 0.00 m)
[velocity_path_follower.py-9] [INFO] [1786828449.723572042] [velocity_path_follower]: waypoint 3782 / 5251 도달 (선 이탈 0.00 m)
[velocity_path_follower.py-9] [INFO] [1786828450.073696465] [velocity_path_follower]: waypoint 3783 / 5251 도달 (선 이탈 0.00 m)
[velocity_path_follower.py-9] [INFO] [1786828450.423947229] [velocity_path_follower]: waypoint 3784 / 5251 도달 (선 이탈 0.00 m)
[velocity_path_follower.py-9] [INFO] [1786828450.773858817] [velocity_path_follower]: waypoint 3785 / 5251 도달 (선 이탈 0.00 m)
[velocity_path_follower.py-9] [INFO] [1786828451.123688071] [velocity_path_follower]: waypoint 3786 / 5251 도달 (선 이탈 0.00 m)
[velocity_path_follower.py-9] [INFO] [1786828451.473651124] [velocity_path_follower]: waypoint 3787 / 5251 도달 (선 이탈 0.00 m)
[velocity_path_follower.py-9] [INFO] [1786828451.826127826] [velocity_path_follower]: waypoint 3788 / 5251 도달 (선 이탈 0.00 m)
[velocity_path_follower.py-9] [INFO] [1786828452.175945294] [velocity_path_follower]: waypoint 3789 / 5251 도달 (선 이탈 0.00 m)
[velocity_path_follower.py-9] [INFO] [1786828452.476092610] [velocity_path_follower]: waypoint 3790 / 5251 도달 (선 이탈 0.00 m)
[velocity_path_follower.py-9] [INFO] [1786828452.525913393] [velocity_path_follower]: 1645.1s  wp 3791/5251 이탈0.0m  위치 (  36.46,   -94.10,  11.85)
[velocity_path_follower.py-9] [INFO] [1786828452.890112954] [velocity_path_follower]: waypoint 3791 / 5251 도달 (선 이탈 0.00 m)
[velocity_path_follower.py-9] [INFO] [1786828453.190434693] [velocity_path_follower]: waypoint 3792 / 5251 도달 (선 이탈 0.00 m)
[velocity_path_follower.py-9] [INFO] [1786828453.592240134] [velocity_path_follower]: waypoint 3793 / 5251 도달 (선 이탈 0.00 m)
[velocity_path_follower.py-9] [INFO] [1786828453.942567331] [velocity_path_follower]: waypoint 3794 / 5251 도달 (선 이탈 0.00 m)
[velocity_path_follower.py-9] [INFO] [1786828454.243242626] [velocity_path_follower]: waypoint 3795 / 5251 도달 (선 이탈 0.00 m)
[velocity_path_follower.py-9] [INFO] [1786828454.645216452] [velocity_path_follower]: waypoint 3796 / 5251 도달 (선 이탈 0.00 m)
[velocity_path_follower.py-9] [INFO] [1786828454.945171271] [velocity_path_follower]: waypoint 3797 / 5251 도달 (선 이탈 0.00 m)
[velocity_path_follower.py-9] [INFO] [1786828455.345465265] [velocity_path_follower]: waypoint 3798 / 5251 도달 (선 이탈 0.00 m)
[velocity_path_follower.py-9] [INFO] [1786828455.645365002] [velocity_path_follower]: waypoint 3799 / 5251 도달 (선 이탈 0.00 m)
[velocity_path_follower.py-9] [INFO] [1786828456.045214361] [velocity_path_follower]: waypoint 3800 / 5251 도달 (선 이탈 0.00 m)
[velocity_path_follower.py-9] [INFO] [1786828456.345195146] [velocity_path_follower]: waypoint 3801 / 5251 도달 (선 이탈 0.00 m)
[velocity_path_follower.py-9] [INFO] [1786828456.695137513] [velocity_path_follower]: waypoint 3802 / 5251 도달 (선 이탈 0.00 m)
[velocity_path_follower.py-9] [INFO] [1786828457.045207717] [velocity_path_follower]: waypoint 3803 / 5251 도달 (선 이탈 0.00 m)
[velocity_path_follower.py-9] [INFO] [1786828457.395226549] [velocity_path_follower]: waypoint 3804 / 5251 도달 (선 이탈 0.00 m)
[velocity_path_follower.py-9] [INFO] [1786828457.495175256] [velocity_path_follower]: 1650.0s  wp 3805/5251 이탈0.0m  위치 (  43.59,   -94.10,  11.69)
[velocity_path_follower.py-9] [INFO] [1786828457.745102752] [velocity_path_follower]: waypoint 3805 / 5251 도달 (선 이탈 0.00 m)
[velocity_path_follower.py-9] [INFO] [1786828458.095220005] [velocity_path_follower]: waypoint 3806 / 5251 도달 (선 이탈 0.00 m)
[velocity_path_follower.py-9] [INFO] [1786828458.445176048] [velocity_path_follower]: waypoint 3807 / 5251 도달 (선 이탈 0.00 m)
[velocity_path_follower.py-9] [INFO] [1786828458.795327971] [velocity_path_follower]: waypoint 3808 / 5251 도달 (선 이탈 0.00 m)
[velocity_path_follower.py-9] [INFO] [1786828459.148343889] [velocity_path_follower]: waypoint 3809 / 5251 도달 (선 이탈 0.00 m)
[velocity_path_follower.py-9] [INFO] [1786828459.498198351] [velocity_path_follower]: waypoint 3810 / 5251 도달 (선 이탈 0.00 m)
[velocity_path_follower.py-9] [INFO] [1786828459.850159536] [velocity_path_follower]: waypoint 3811 / 5251 도달 (선 이탈 0.00 m)
[velocity_path_follower.py-9] [INFO] [1786828460.200345217] [velocity_path_follower]: waypoint 3812 / 5251 도달 (선 이탈 0.00 m)
[velocity_path_follower.py-9] [INFO] [1786828460.550259601] [velocity_path_follower]: waypoint 3813 / 5251 도달 (선 이탈 0.00 m)
[velocity_path_follower.py-9] [INFO] [1786828460.900275322] [velocity_path_follower]: waypoint 3814 / 5251 도달 (선 이탈 0.00 m)
[velocity_path_follower.py-9] [INFO] [1786828461.200375462] [velocity_path_follower]: waypoint 3815 / 5251 도달 (선 이탈 0.00 m)
[velocity_path_follower.py-9] [INFO] [1786828461.550369270] [velocity_path_follower]: waypoint 3816 / 5251 도달 (선 이탈 0.00 m)
[velocity_path_follower.py-9] [INFO] [1786828461.953040777] [velocity_path_follower]: waypoint 3817 / 5251 도달 (선 이탈 0.00 m)
[velocity_path_follower.py-9] [INFO] [1786828462.252979043] [velocity_path_follower]: waypoint 3818 / 5251 도달 (선 이탈 0.00 m)
[velocity_path_follower.py-9] [INFO] [1786828462.502809887] [velocity_path_follower]: 1655.0s  wp 3819/5251 이탈0.0m  위치 (  50.76,   -94.10,  12.39)
[velocity_path_follower.py-9] [INFO] [1786828462.603044149] [velocity_path_follower]: waypoint 3819 / 5251 도달 (선 이탈 0.00 m)
[velocity_path_follower.py-9] [INFO] [1786828462.952979585] [velocity_path_follower]: waypoint 3820 / 5251 도달 (선 이탈 0.00 m)
[velocity_path_follower.py-9] [INFO] [1786828463.303172990] [velocity_path_follower]: waypoint 3821 / 5251 도달 (선 이탈 0.00 m)
[velocity_path_follower.py-9] [INFO] [1786828463.652923717] [velocity_path_follower]: waypoint 3822 / 5251 도달 (선 이탈 0.00 m)
[velocity_path_follower.py-9] [INFO] [1786828464.003051204] [velocity_path_follower]: waypoint 3823 / 5251 도달 (선 이탈 0.00 m)
[velocity_path_follower.py-9] [INFO] [1786828464.353240989] [velocity_path_follower]: waypoint 3824 / 5251 도달 (선 이탈 0.00 m)
[velocity_path_follower.py-9] [INFO] [1786828464.703086349] [velocity_path_follower]: waypoint 3825 / 5251 도달 (선 이탈 0.00 m)
[velocity_path_follower.py-9] [INFO] [1786828465.052926042] [velocity_path_follower]: waypoint 3826 / 5251 도달 (선 이탈 0.00 m)
[velocity_path_follower.py-9] [INFO] [1786828465.403021329] [velocity_path_follower]: waypoint 3827 / 5251 도달 (선 이탈 0.00 m)
[velocity_path_follower.py-9] [INFO] [1786828465.753015322] [velocity_path_follower]: waypoint 3828 / 5251 도달 (선 이탈 0.00 m)
[velocity_path_follower.py-9] [INFO] [1786828466.102937523] [velocity_path_follower]: waypoint 3829 / 5251 도달 (선 이탈 0.00 m)
[velocity_path_follower.py-9] [INFO] [1786828466.452936937] [velocity_path_follower]: waypoint 3830 / 5251 도달 (선 이탈 0.00 m)
[velocity_path_follower.py-9] [INFO] [1786828466.803121481] [velocity_path_follower]: waypoint 3831 / 5251 도달 (선 이탈 0.00 m)
[velocity_path_follower.py-9] [INFO] [1786828467.153050228] [velocity_path_follower]: waypoint 3832 / 5251 도달 (선 이탈 0.00 m)
[velocity_path_follower.py-9] [INFO] [1786828467.453198895] [velocity_path_follower]: waypoint 3833 / 5251 도달 (선 이탈 0.00 m)
[velocity_path_follower.py-9] [INFO] [1786828467.502931352] [velocity_path_follower]: 1660.0s  wp 3834/5251 이탈0.0m  위치 (  57.96,   -94.10,  10.12)
[velocity_path_follower.py-9] [INFO] [1786828467.803224356] [velocity_path_follower]: waypoint 3834 / 5251 도달 (선 이탈 0.00 m)
[velocity_path_follower.py-9] [INFO] [1786828468.153159942] [velocity_path_follower]: waypoint 3835 / 5251 도달 (선 이탈 0.00 m)
[velocity_path_follower.py-9] [INFO] [1786828468.503069612] [velocity_path_follower]: waypoint 3836 / 5251 도달 (선 이탈 0.00 m)
[velocity_path_follower.py-9] [INFO] [1786828468.853027410] [velocity_path_follower]: waypoint 3837 / 5251 도달 (선 이탈 0.00 m)
[velocity_path_follower.py-9] [INFO] [1786828472.503307774] [velocity_path_follower]: 1665.0s  wp 3838/5251 이탈2.4m  위치 (  63.83,   -92.60,  10.97)
[velocity_path_follower.py-9] [INFO] [1786828473.858655934] [velocity_path_follower]: waypoint 3838 / 5251 도달 (선 이탈 2.89 m)
[velocity_path_follower.py-9] [INFO] [1786828477.508382059] [velocity_path_follower]: 1670.0s  wp 3840/5251 이탈1.0m  위치 (  63.29,   -89.08,  11.91)
[velocity_path_follower.py-9] [INFO] [1786828478.810349743] [velocity_path_follower]: waypoint 3840 / 5251 도달 (선 이탈 1.41 m)
[velocity_path_follower.py-9] [INFO] [1786828479.460566677] [velocity_path_follower]: waypoint 3841 / 5251 도달 (선 이탈 1.49 m)
[velocity_path_follower.py-9] [INFO] [1786828480.061150277] [velocity_path_follower]: waypoint 3842 / 5251 도달 (선 이탈 1.49 m)
[velocity_path_follower.py-9] [INFO] [1786828480.660223552] [velocity_path_follower]: waypoint 3843 / 5251 도달 (선 이탈 1.44 m)
[velocity_path_follower.py-9] [INFO] [1786828481.260887831] [velocity_path_follower]: waypoint 3844 / 5251 도달 (선 이탈 1.33 m)
[velocity_path_follower.py-9] [INFO] [1786828481.760251466] [velocity_path_follower]: waypoint 3845 / 5251 도달 (선 이탈 1.21 m)
[velocity_path_follower.py-9] [INFO] [1786828482.310355223] [velocity_path_follower]: waypoint 3846 / 5251 도달 (선 이탈 1.04 m)
[velocity_path_follower.py-9] [INFO] [1786828482.510432538] [velocity_path_follower]: 1675.0s  wp 3847/5251 이탈1.0m  위치 (  59.18,   -89.13,  11.20)
[velocity_path_follower.py-9] [INFO] [1786828482.860423149] [velocity_path_follower]: waypoint 3847 / 5251 도달 (선 이탈 0.86 m)
[velocity_path_follower.py-9] [INFO] [1786828483.360288600] [velocity_path_follower]: waypoint 3848 / 5251 도달 (선 이탈 0.67 m)
[velocity_path_follower.py-9] [INFO] [1786828483.812696188] [velocity_path_follower]: waypoint 3849 / 5251 도달 (선 이탈 0.49 m)
[velocity_path_follower.py-9] [INFO] [1786828484.357592110] [velocity_path_follower]: waypoint 3850 / 5251 도달 (선 이탈 0.31 m)
[velocity_path_follower.py-9] [INFO] [1786828484.809137805] [velocity_path_follower]: waypoint 3851 / 5251 도달 (선 이탈 0.13 m)
[velocity_path_follower.py-9] [INFO] [1786828485.265015413] [velocity_path_follower]: waypoint 3852 / 5251 도달 (선 이탈 0.03 m)
[velocity_path_follower.py-9] [INFO] [1786828485.715038656] [velocity_path_follower]: waypoint 3853 / 5251 도달 (선 이탈 0.18 m)
[velocity_path_follower.py-9] [INFO] [1786828486.115184470] [velocity_path_follower]: waypoint 3854 / 5251 도달 (선 이탈 0.31 m)
[velocity_path_follower.py-9] [INFO] [1786828486.565148967] [velocity_path_follower]: waypoint 3855 / 5251 도달 (선 이탈 0.43 m)
[velocity_path_follower.py-9] [INFO] [1786828486.965167822] [velocity_path_follower]: waypoint 3856 / 5251 도달 (선 이탈 0.52 m)
[velocity_path_follower.py-9] [INFO] [1786828487.365270768] [velocity_path_follower]: waypoint 3857 / 5251 도달 (선 이탈 0.59 m)
[velocity_path_follower.py-9] [INFO] [1786828487.564914667] [velocity_path_follower]: 1680.0s  wp 3858/5251 이탈0.6m  위치 (  53.66,   -90.72,  10.72)
[velocity_path_follower.py-9] [INFO] [1786828487.765112707] [velocity_path_follower]: waypoint 3858 / 5251 도달 (선 이탈 0.65 m)
[velocity_path_follower.py-9] [INFO] [1786828488.215114672] [velocity_path_follower]: waypoint 3859 / 5251 도달 (선 이탈 0.69 m)
[velocity_path_follower.py-9] [INFO] [1786828488.565157726] [velocity_path_follower]: waypoint 3860 / 5251 도달 (선 이탈 0.71 m)
[velocity_path_follower.py-9] [INFO] [1786828489.015163070] [velocity_path_follower]: waypoint 3861 / 5251 도달 (선 이탈 0.72 m)
[velocity_path_follower.py-9] [INFO] [1786828489.415218274] [velocity_path_follower]: waypoint 3862 / 5251 도달 (선 이탈 0.71 m)
[velocity_path_follower.py-9] [INFO] [1786828489.814973262] [velocity_path_follower]: waypoint 3863 / 5251 도달 (선 이탈 0.68 m)
[velocity_path_follower.py-9] [INFO] [1786828490.165083242] [velocity_path_follower]: waypoint 3864 / 5251 도달 (선 이탈 0.65 m)
[velocity_path_follower.py-9] [INFO] [1786828490.565144452] [velocity_path_follower]: waypoint 3865 / 5251 도달 (선 이탈 0.60 m)
[velocity_path_follower.py-9] [INFO] [1786828490.965077450] [velocity_path_follower]: waypoint 3866 / 5251 도달 (선 이탈 0.54 m)
[velocity_path_follower.py-9] [INFO] [1786828491.365227041] [velocity_path_follower]: waypoint 3867 / 5251 도달 (선 이탈 0.47 m)
[velocity_path_follower.py-9] [INFO] [1786828491.715110272] [velocity_path_follower]: waypoint 3868 / 5251 도달 (선 이탈 0.41 m)
[velocity_path_follower.py-9] [INFO] [1786828492.115117153] [velocity_path_follower]: waypoint 3869 / 5251 도달 (선 이탈 0.33 m)
[velocity_path_follower.py-9] [INFO] [1786828492.515036785] [velocity_path_follower]: waypoint 3870 / 5251 도달 (선 이탈 0.25 m)
[velocity_path_follower.py-9] [INFO] [1786828492.565004807] [velocity_path_follower]: 1685.0s  wp 3871/5251 이탈0.2m  위치 (  47.28,   -90.34,  11.63)
[velocity_path_follower.py-9] [INFO] [1786828492.865104691] [velocity_path_follower]: waypoint 3871 / 5251 도달 (선 이탈 0.18 m)
[velocity_path_follower.py-9] [INFO] [1786828493.265100413] [velocity_path_follower]: waypoint 3872 / 5251 도달 (선 이탈 0.10 m)
[velocity_path_follower.py-9] [INFO] [1786828493.615215241] [velocity_path_follower]: waypoint 3873 / 5251 도달 (선 이탈 0.03 m)
[velocity_path_follower.py-9] [INFO] [1786828494.015105169] [velocity_path_follower]: waypoint 3874 / 5251 도달 (선 이탈 0.04 m)
[velocity_path_follower.py-9] [INFO] [1786828494.365260962] [velocity_path_follower]: waypoint 3875 / 5251 도달 (선 이탈 0.10 m)
[velocity_path_follower.py-9] [INFO] [1786828494.715073453] [velocity_path_follower]: waypoint 3876 / 5251 도달 (선 이탈 0.16 m)
[velocity_path_follower.py-9] [INFO] [1786828495.065282247] [velocity_path_follower]: waypoint 3877 / 5251 도달 (선 이탈 0.21 m)
[velocity_path_follower.py-9] [INFO] [1786828495.465110058] [velocity_path_follower]: waypoint 3878 / 5251 도달 (선 이탈 0.26 m)
[velocity_path_follower.py-9] [INFO] [1786828495.815093100] [velocity_path_follower]: waypoint 3879 / 5251 도달 (선 이탈 0.29 m)
[velocity_path_follower.py-9] [INFO] [1786828496.215132712] [velocity_path_follower]: waypoint 3880 / 5251 도달 (선 이탈 0.33 m)
[velocity_path_follower.py-9] [INFO] [1786828496.565075798] [velocity_path_follower]: waypoint 3881 / 5251 도달 (선 이탈 0.35 m)
[velocity_path_follower.py-9] [INFO] [1786828496.915165347] [velocity_path_follower]: waypoint 3882 / 5251 도달 (선 이탈 0.36 m)
[velocity_path_follower.py-9] [INFO] [1786828497.265334860] [velocity_path_follower]: waypoint 3883 / 5251 도달 (선 이탈 0.37 m)
[velocity_path_follower.py-9] [INFO] [1786828497.567699700] [velocity_path_follower]: 1690.0s  wp 3884/5251 이탈0.4m  위치 (  40.48,   -89.73,  13.63)
[velocity_path_follower.py-9] [INFO] [1786828497.617327131] [velocity_path_follower]: waypoint 3884 / 5251 도달 (선 이탈 0.37 m)
[velocity_path_follower.py-9] [INFO] [1786828498.017380084] [velocity_path_follower]: waypoint 3885 / 5251 도달 (선 이탈 0.36 m)
[velocity_path_follower.py-9] [INFO] [1786828498.367596728] [velocity_path_follower]: waypoint 3886 / 5251 도달 (선 이탈 0.35 m)
[velocity_path_follower.py-9] [INFO] [1786828498.717353901] [velocity_path_follower]: waypoint 3887 / 5251 도달 (선 이탈 0.34 m)
[velocity_path_follower.py-9] [INFO] [1786828499.067628798] [velocity_path_follower]: waypoint 3888 / 5251 도달 (선 이탈 0.32 m)
[velocity_path_follower.py-9] [INFO] [1786828499.417442477] [velocity_path_follower]: waypoint 3889 / 5251 도달 (선 이탈 0.29 m)
[velocity_path_follower.py-9] [INFO] [1786828499.767585415] [velocity_path_follower]: waypoint 3890 / 5251 도달 (선 이탈 0.26 m)
[velocity_path_follower.py-9] [INFO] [1786828500.168193645] [velocity_path_follower]: waypoint 3891 / 5251 도달 (선 이탈 0.22 m)
[velocity_path_follower.py-9] [INFO] [1786828500.517485564] [velocity_path_follower]: waypoint 3892 / 5251 도달 (선 이탈 0.19 m)
[velocity_path_follower.py-9] [INFO] [1786828500.867410250] [velocity_path_follower]: waypoint 3893 / 5251 도달 (선 이탈 0.15 m)
[velocity_path_follower.py-9] [INFO] [1786828501.217356815] [velocity_path_follower]: waypoint 3894 / 5251 도달 (선 이탈 0.12 m)
[velocity_path_follower.py-9] [INFO] [1786828501.567357050] [velocity_path_follower]: waypoint 3895 / 5251 도달 (선 이탈 0.08 m)
[velocity_path_follower.py-9] [INFO] [1786828501.917468787] [velocity_path_follower]: waypoint 3896 / 5251 도달 (선 이탈 0.04 m)
[velocity_path_follower.py-9] [INFO] [1786828502.317355550] [velocity_path_follower]: waypoint 3897 / 5251 도달 (선 이탈 0.00 m)
[velocity_path_follower.py-9] [INFO] [1786828502.567264521] [velocity_path_follower]: 1695.0s  wp 3898/5251 이탈0.0m  위치 (  33.48,   -90.12,  11.57)
[velocity_path_follower.py-9] [INFO] [1786828502.617533182] [velocity_path_follower]: waypoint 3898 / 5251 도달 (선 이탈 0.03 m)
[velocity_path_follower.py-9] [INFO] [1786828502.967629590] [velocity_path_follower]: waypoint 3899 / 5251 도달 (선 이탈 0.06 m)
[velocity_path_follower.py-9] [INFO] [1786828503.367431897] [velocity_path_follower]: waypoint 3900 / 5251 도달 (선 이탈 0.09 m)
[velocity_path_follower.py-9] [INFO] [1786828503.667697452] [velocity_path_follower]: waypoint 3901 / 5251 도달 (선 이탈 0.11 m)
[velocity_path_follower.py-9] [INFO] [1786828504.067407467] [velocity_path_follower]: waypoint 3902 / 5251 도달 (선 이탈 0.14 m)
[velocity_path_follower.py-9] [INFO] [1786828504.367594064] [velocity_path_follower]: waypoint 3903 / 5251 도달 (선 이탈 0.15 m)
[velocity_path_follower.py-9] [INFO] [1786828504.767451379] [velocity_path_follower]: waypoint 3904 / 5251 도달 (선 이탈 0.17 m)
[velocity_path_follower.py-9] [INFO] [1786828505.117570672] [velocity_path_follower]: waypoint 3905 / 5251 도달 (선 이탈 0.18 m)
[velocity_path_follower.py-9] [INFO] [1786828505.467596258] [velocity_path_follower]: waypoint 3906 / 5251 도달 (선 이탈 0.19 m)
[velocity_path_follower.py-9] [INFO] [1786828505.817531965] [velocity_path_follower]: waypoint 3907 / 5251 도달 (선 이탈 0.19 m)
[velocity_path_follower.py-9] [INFO] [1786828506.167386090] [velocity_path_follower]: waypoint 3908 / 5251 도달 (선 이탈 0.19 m)
[velocity_path_follower.py-9] [INFO] [1786828506.517481098] [velocity_path_follower]: waypoint 3909 / 5251 도달 (선 이탈 0.19 m)
[velocity_path_follower.py-9] [INFO] [1786828506.867367517] [velocity_path_follower]: waypoint 3910 / 5251 도달 (선 이탈 0.18 m)
[velocity_path_follower.py-9] [INFO] [1786828507.217563697] [velocity_path_follower]: waypoint 3911 / 5251 도달 (선 이탈 0.17 m)
[velocity_path_follower.py-9] [INFO] [1786828507.567445162] [velocity_path_follower]: waypoint 3912 / 5251 도달 (선 이탈 0.16 m)
[velocity_path_follower.py-9] [INFO] [1786828507.617548779] [velocity_path_follower]: 1700.1s  wp 3913/5251 이탈0.2m  위치 (  26.28,   -90.26,  10.95)
[velocity_path_follower.py-9] [INFO] [1786828507.917445172] [velocity_path_follower]: waypoint 3913 / 5251 도달 (선 이탈 0.15 m)
[velocity_path_follower.py-9] [INFO] [1786828508.267473227] [velocity_path_follower]: waypoint 3914 / 5251 도달 (선 이탈 0.13 m)
[velocity_path_follower.py-9] [INFO] [1786828508.617445115] [velocity_path_follower]: waypoint 3915 / 5251 도달 (선 이탈 0.11 m)
[velocity_path_follower.py-9] [INFO] [1786828508.967366669] [velocity_path_follower]: waypoint 3916 / 5251 도달 (선 이탈 0.10 m)
[velocity_path_follower.py-9] [INFO] [1786828509.317295351] [velocity_path_follower]: waypoint 3917 / 5251 도달 (선 이탈 0.08 m)
[velocity_path_follower.py-9] [INFO] [1786828509.667538043] [velocity_path_follower]: waypoint 3918 / 5251 도달 (선 이탈 0.06 m)
[velocity_path_follower.py-9] [INFO] [1786828510.018164661] [velocity_path_follower]: waypoint 3919 / 5251 도달 (선 이탈 0.04 m)
[velocity_path_follower.py-9] [INFO] [1786828510.367440080] [velocity_path_follower]: waypoint 3920 / 5251 도달 (선 이탈 0.02 m)
[velocity_path_follower.py-9] [INFO] [1786828510.667379318] [velocity_path_follower]: waypoint 3921 / 5251 도달 (선 이탈 0.00 m)
[velocity_path_follower.py-9] [INFO] [1786828511.067601005] [velocity_path_follower]: waypoint 3922 / 5251 도달 (선 이탈 0.01 m)
[velocity_path_follower.py-9] [INFO] [1786828511.367462119] [velocity_path_follower]: waypoint 3923 / 5251 도달 (선 이탈 0.03 m)
[velocity_path_follower.py-9] [INFO] [1786828511.767370927] [velocity_path_follower]: waypoint 3924 / 5251 도달 (선 이탈 0.05 m)
[velocity_path_follower.py-9] [INFO] [1786828512.117339787] [velocity_path_follower]: waypoint 3925 / 5251 도달 (선 이탈 0.06 m)
[velocity_path_follower.py-9] [INFO] [1786828512.467373902] [velocity_path_follower]: waypoint 3926 / 5251 도달 (선 이탈 0.07 m)
[velocity_path_follower.py-9] [INFO] [1786828512.567304968] [velocity_path_follower]: 1705.0s  wp 3927/5251 이탈0.1m  위치 (  19.20,   -90.03,  10.77)
[velocity_path_follower.py-9] [INFO] [1786828512.767528736] [velocity_path_follower]: waypoint 3927 / 5251 도달 (선 이탈 0.08 m)
[velocity_path_follower.py-9] [INFO] [1786828513.119535948] [velocity_path_follower]: waypoint 3928 / 5251 도달 (선 이탈 0.09 m)
[velocity_path_follower.py-9] [INFO] [1786828513.519502183] [velocity_path_follower]: waypoint 3929 / 5251 도달 (선 이탈 0.10 m)
[velocity_path_follower.py-9] [INFO] [1786828513.821642325] [velocity_path_follower]: waypoint 3930 / 5251 도달 (선 이탈 0.10 m)
[velocity_path_follower.py-9] [INFO] [1786828514.223677036] [velocity_path_follower]: waypoint 3931 / 5251 도달 (선 이탈 0.10 m)
[velocity_path_follower.py-9] [INFO] [1786828514.523802543] [velocity_path_follower]: waypoint 3932 / 5251 도달 (선 이탈 0.10 m)
[velocity_path_follower.py-9] [INFO] [1786828514.873954711] [velocity_path_follower]: waypoint 3933 / 5251 도달 (선 이탈 0.10 m)
[velocity_path_follower.py-9] [INFO] [1786828515.241922119] [velocity_path_follower]: waypoint 3934 / 5251 도달 (선 이탈 0.10 m)
[velocity_path_follower.py-9] [INFO] [1786828515.597428855] [velocity_path_follower]: waypoint 3935 / 5251 도달 (선 이탈 0.09 m)
[velocity_path_follower.py-9] [INFO] [1786828515.947199183] [velocity_path_follower]: waypoint 3936 / 5251 도달 (선 이탈 0.09 m)
[velocity_path_follower.py-9] [INFO] [1786828516.297148145] [velocity_path_follower]: waypoint 3937 / 5251 도달 (선 이탈 0.08 m)
[velocity_path_follower.py-9] [INFO] [1786828516.647403032] [velocity_path_follower]: waypoint 3938 / 5251 도달 (선 이탈 0.07 m)
[velocity_path_follower.py-9] [INFO] [1786828516.999627557] [velocity_path_follower]: waypoint 3939 / 5251 도달 (선 이탈 0.06 m)
[ros2-8] [INFO] [1786828517.262123293] [rosbag2_cpp]: Writing remaining messages from cache to the bag. It may take a while
[velocity_path_follower.py-9] [INFO] [1786828517.349651484] [velocity_path_follower]: waypoint 3940 / 5251 도달 (선 이탈 0.06 m)
[velocity_path_follower.py-9] [INFO] [1786828517.599686837] [velocity_path_follower]: 1710.0s  wp 3941/5251 이탈0.0m  위치 (  12.02,   -90.05,   6.55)
[velocity_path_follower.py-9] [INFO] [1786828517.700221426] [velocity_path_follower]: waypoint 3941 / 5251 도달 (선 이탈 0.04 m)
[velocity_path_follower.py-9] [INFO] [1786828520.702306143] [velocity_path_follower]: waypoint 3942 / 5251 도달 (선 이탈 0.03 m)
[velocity_path_follower.py-9] [INFO] [1786828520.752134260] [velocity_path_follower]: waypoint 3943 / 5251 도달 (선 이탈 0.03 m)
[velocity_path_follower.py-9] [INFO] [1786828520.802213843] [velocity_path_follower]: waypoint 3944 / 5251 도달 (선 이탈 0.03 m)
[velocity_path_follower.py-9] [INFO] [1786828520.852432221] [velocity_path_follower]: waypoint 3945 / 5251 도달 (선 이탈 0.03 m)
[velocity_path_follower.py-9] [INFO] [1786828520.902245880] [velocity_path_follower]: waypoint 3946 / 5251 도달 (선 이탈 0.03 m)
[velocity_path_follower.py-9] [INFO] [1786828520.952140124] [velocity_path_follower]: waypoint 3947 / 5251 도달 (선 이탈 0.03 m)
[velocity_path_follower.py-9] [INFO] [1786828521.002134204] [velocity_path_follower]: waypoint 3948 / 5251 도달 (선 이탈 0.03 m)
[velocity_path_follower.py-9] [INFO] [1786828521.352279984] [velocity_path_follower]: waypoint 3949 / 5251 도달 (선 이탈 0.04 m)
[velocity_path_follower.py-9] [INFO] [1786828521.954396307] [velocity_path_follower]: waypoint 3950 / 5251 도달 (선 이탈 0.05 m)
[velocity_path_follower.py-9] [INFO] [1786828522.504533084] [velocity_path_follower]: waypoint 3951 / 5251 도달 (선 이탈 0.05 m)
[velocity_path_follower.py-9] [INFO] [1786828522.604390243] [velocity_path_follower]: 1715.0s  wp 3952/5251 이탈0.1m  위치 (   6.77,   -90.15,   7.39)
[velocity_path_follower.py-9] [INFO] [1786828523.056359491] [velocity_path_follower]: waypoint 3952 / 5251 도달 (선 이탈 0.05 m)
[velocity_path_follower.py-9] [INFO] [1786828523.556455108] [velocity_path_follower]: waypoint 3953 / 5251 도달 (선 이탈 0.05 m)
[velocity_path_follower.py-9] [INFO] [1786828524.056340886] [velocity_path_follower]: waypoint 3954 / 5251 도달 (선 이탈 0.05 m)
[velocity_path_follower.py-9] [INFO] [1786828524.506518553] [velocity_path_follower]: waypoint 3955 / 5251 도달 (선 이탈 0.05 m)
[velocity_path_follower.py-9] [INFO] [1786828524.956512757] [velocity_path_follower]: waypoint 3956 / 5251 도달 (선 이탈 0.04 m)
[velocity_path_follower.py-9] [INFO] [1786828525.406506632] [velocity_path_follower]: waypoint 3957 / 5251 도달 (선 이탈 0.04 m)
[velocity_path_follower.py-9] [INFO] [1786828525.856366962] [velocity_path_follower]: waypoint 3958 / 5251 도달 (선 이탈 0.03 m)
[velocity_path_follower.py-9] [INFO] [1786828526.256539512] [velocity_path_follower]: waypoint 3959 / 5251 도달 (선 이탈 0.03 m)
[velocity_path_follower.py-9] [INFO] [1786828526.706517725] [velocity_path_follower]: waypoint 3960 / 5251 도달 (선 이탈 0.02 m)
[velocity_path_follower.py-9] [INFO] [1786828527.107599345] [velocity_path_follower]: waypoint 3961 / 5251 도달 (선 이탈 0.01 m)
[velocity_path_follower.py-9] [INFO] [1786828527.511583381] [velocity_path_follower]: waypoint 3962 / 5251 도달 (선 이탈 0.01 m)
[velocity_path_follower.py-9] [INFO] [1786828527.611878683] [velocity_path_follower]: 1720.0s  wp 3963/5251 이탈0.0m  위치 (   1.26,   -90.11,   8.07)
[velocity_path_follower.py-9] [INFO] [1786828527.912410414] [velocity_path_follower]: waypoint 3963 / 5251 도달 (선 이탈 0.00 m)
[velocity_path_follower.py-9] [INFO] [1786828528.311683407] [velocity_path_follower]: waypoint 3964 / 5251 도달 (선 이탈 0.00 m)
[velocity_path_follower.py-9] [INFO] [1786828528.711552168] [velocity_path_follower]: waypoint 3965 / 5251 도달 (선 이탈 0.01 m)
[velocity_path_follower.py-9] [INFO] [1786828529.111891276] [velocity_path_follower]: waypoint 3966 / 5251 도달 (선 이탈 0.01 m)
[velocity_path_follower.py-9] [INFO] [1786828529.511596995] [velocity_path_follower]: waypoint 3967 / 5251 도달 (선 이탈 0.02 m)
[velocity_path_follower.py-9] [INFO] [1786828529.861605762] [velocity_path_follower]: waypoint 3968 / 5251 도달 (선 이탈 0.02 m)
[velocity_path_follower.py-9] [INFO] [1786828530.261589492] [velocity_path_follower]: waypoint 3969 / 5251 도달 (선 이탈 0.02 m)
[velocity_path_follower.py-9] [INFO] [1786828530.661873440] [velocity_path_follower]: waypoint 3970 / 5251 도달 (선 이탈 0.02 m)
[velocity_path_follower.py-9] [INFO] [1786828531.011653497] [velocity_path_follower]: waypoint 3971 / 5251 도달 (선 이탈 0.03 m)
[velocity_path_follower.py-9] [INFO] [1786828531.361650063] [velocity_path_follower]: waypoint 3972 / 5251 도달 (선 이탈 0.03 m)
[velocity_path_follower.py-9] [INFO] [1786828531.761934849] [velocity_path_follower]: waypoint 3973 / 5251 도달 (선 이탈 0.03 m)
[velocity_path_follower.py-9] [INFO] [1786828532.111684743] [velocity_path_follower]: waypoint 3974 / 5251 도달 (선 이탈 0.03 m)
[velocity_path_follower.py-9] [INFO] [1786828532.511672442] [velocity_path_follower]: waypoint 3975 / 5251 도달 (선 이탈 0.02 m)
[velocity_path_follower.py-9] [INFO] [1786828532.611537613] [velocity_path_follower]: 1725.0s  wp 3976/5251 이탈0.0m  위치 (  -5.29,   -90.08,   8.66)
[velocity_path_follower.py-9] [INFO] [1786828532.861599344] [velocity_path_follower]: waypoint 3976 / 5251 도달 (선 이탈 0.02 m)
[velocity_path_follower.py-9] [INFO] [1786828533.211842131] [velocity_path_follower]: waypoint 3977 / 5251 도달 (선 이탈 0.02 m)
[velocity_path_follower.py-9] [INFO] [1786828533.561590490] [velocity_path_follower]: waypoint 3978 / 5251 도달 (선 이탈 0.02 m)
[velocity_path_follower.py-9] [INFO] [1786828533.961562610] [velocity_path_follower]: waypoint 3979 / 5251 도달 (선 이탈 0.02 m)
[velocity_path_follower.py-9] [INFO] [1786828534.311535979] [velocity_path_follower]: waypoint 3980 / 5251 도달 (선 이탈 0.01 m)
[velocity_path_follower.py-9] [INFO] [1786828534.661934901] [velocity_path_follower]: waypoint 3981 / 5251 도달 (선 이탈 0.01 m)
[velocity_path_follower.py-9] [INFO] [1786828535.011649055] [velocity_path_follower]: waypoint 3982 / 5251 도달 (선 이탈 0.01 m)
[velocity_path_follower.py-9] [INFO] [1786828535.361965313] [velocity_path_follower]: waypoint 3983 / 5251 도달 (선 이탈 0.01 m)
[velocity_path_follower.py-9] [INFO] [1786828535.761745062] [velocity_path_follower]: waypoint 3984 / 5251 도달 (선 이탈 0.00 m)
[velocity_path_follower.py-9] [INFO] [1786828536.111815355] [velocity_path_follower]: waypoint 3985 / 5251 도달 (선 이탈 0.00 m)
[velocity_path_follower.py-9] [INFO] [1786828536.461640187] [velocity_path_follower]: waypoint 3986 / 5251 도달 (선 이탈 0.00 m)
[velocity_path_follower.py-9] [INFO] [1786828536.812334167] [velocity_path_follower]: waypoint 3987 / 5251 도달 (선 이탈 0.00 m)
[velocity_path_follower.py-9] [INFO] [1786828537.161581234] [velocity_path_follower]: waypoint 3988 / 5251 도달 (선 이탈 0.01 m)
[velocity_path_follower.py-9] [INFO] [1786828537.511969168] [velocity_path_follower]: waypoint 3989 / 5251 도달 (선 이탈 0.01 m)
[velocity_path_follower.py-9] [INFO] [1786828537.611658590] [velocity_path_follower]: 1730.0s  wp 3990/5251 이탈0.0m  위치 ( -12.28,   -90.11,  10.91)
[velocity_path_follower.py-9] [INFO] [1786828537.861639625] [velocity_path_follower]: waypoint 3990 / 5251 도달 (선 이탈 0.01 m)
[velocity_path_follower.py-9] [INFO] [1786828538.211643342] [velocity_path_follower]: waypoint 3991 / 5251 도달 (선 이탈 0.01 m)
[velocity_path_follower.py-9] [INFO] [1786828538.563806496] [velocity_path_follower]: waypoint 3992 / 5251 도달 (선 이탈 0.01 m)
[velocity_path_follower.py-9] [INFO] [1786828538.961691414] [velocity_path_follower]: waypoint 3993 / 5251 도달 (선 이탈 0.01 m)
[velocity_path_follower.py-9] [INFO] [1786828539.262413190] [velocity_path_follower]: waypoint 3994 / 5251 도달 (선 이탈 0.01 m)
[velocity_path_follower.py-9] [INFO] [1786828539.661632025] [velocity_path_follower]: waypoint 3995 / 5251 도달 (선 이탈 0.01 m)
[velocity_path_follower.py-9] [INFO] [1786828540.011811211] [velocity_path_follower]: waypoint 3996 / 5251 도달 (선 이탈 0.02 m)
[velocity_path_follower.py-9] [INFO] [1786828540.362325202] [velocity_path_follower]: waypoint 3997 / 5251 도달 (선 이탈 0.02 m)
[velocity_path_follower.py-9] [INFO] [1786828540.712206093] [velocity_path_follower]: waypoint 3998 / 5251 도달 (선 이탈 0.01 m)
[velocity_path_follower.py-9] [INFO] [1786828541.072236765] [velocity_path_follower]: waypoint 3999 / 5251 도달 (선 이탈 0.01 m)
[velocity_path_follower.py-9] [INFO] [1786828541.422207120] [velocity_path_follower]: waypoint 4000 / 5251 도달 (선 이탈 0.01 m)
[velocity_path_follower.py-9] [INFO] [1786828541.772028763] [velocity_path_follower]: waypoint 4001 / 5251 도달 (선 이탈 0.01 m)
[velocity_path_follower.py-9] [INFO] [1786828542.121947743] [velocity_path_follower]: waypoint 4002 / 5251 도달 (선 이탈 0.01 m)
[velocity_path_follower.py-9] [INFO] [1786828542.471960686] [velocity_path_follower]: waypoint 4003 / 5251 도달 (선 이탈 0.01 m)
[velocity_path_follower.py-9] [INFO] [1786828542.621925839] [velocity_path_follower]: 1735.0s  wp 4004/5251 이탈0.0m  위치 ( -19.36,   -90.11,   8.12)
[velocity_path_follower.py-9] [INFO] [1786828542.822028256] [velocity_path_follower]: waypoint 4004 / 5251 도달 (선 이탈 0.01 m)
[velocity_path_follower.py-9] [INFO] [1786828543.172171330] [velocity_path_follower]: waypoint 4005 / 5251 도달 (선 이탈 0.01 m)
[velocity_path_follower.py-9] [INFO] [1786828543.521974772] [velocity_path_follower]: waypoint 4006 / 5251 도달 (선 이탈 0.01 m)
[velocity_path_follower.py-9] [INFO] [1786828543.871953885] [velocity_path_follower]: waypoint 4007 / 5251 도달 (선 이탈 0.01 m)
[velocity_path_follower.py-9] [INFO] [1786828544.222336637] [velocity_path_follower]: waypoint 4008 / 5251 도달 (선 이탈 0.00 m)
[velocity_path_follower.py-9] [INFO] [1786828547.621887208] [velocity_path_follower]: 1740.0s  climb       위치 ( -25.48,   -90.09,   6.36)
[velocity_path_follower.py-9] [INFO] [1786828547.821965135] [velocity_path_follower]: waypoint 4009 / 5251 도달 (선 이탈 0.01 m)
[velocity_path_follower.py-9] [INFO] [1786828547.872130069] [velocity_path_follower]: waypoint 4010 / 5251 도달 (선 이탈 0.01 m)
[velocity_path_follower.py-9] [INFO] [1786828547.921951076] [velocity_path_follower]: waypoint 4011 / 5251 도달 (선 이탈 0.01 m)
[velocity_path_follower.py-9] [INFO] [1786828547.972135552] [velocity_path_follower]: waypoint 4012 / 5251 도달 (선 이탈 0.01 m)
[velocity_path_follower.py-9] [INFO] [1786828548.021903975] [velocity_path_follower]: waypoint 4013 / 5251 도달 (선 이탈 0.01 m)
[velocity_path_follower.py-9] [INFO] [1786828548.072004199] [velocity_path_follower]: waypoint 4014 / 5251 도달 (선 이탈 0.01 m)
[velocity_path_follower.py-9] [INFO] [1786828548.122060464] [velocity_path_follower]: waypoint 4015 / 5251 도달 (선 이탈 0.01 m)
[velocity_path_follower.py-9] [INFO] [1786828548.172000559] [velocity_path_follower]: waypoint 4016 / 5251 도달 (선 이탈 0.01 m)
[velocity_path_follower.py-9] [INFO] [1786828548.472102140] [velocity_path_follower]: waypoint 4017 / 5251 도달 (선 이탈 0.01 m)
[velocity_path_follower.py-9] [INFO] [1786828549.173347610] [velocity_path_follower]: waypoint 4018 / 5251 도달 (선 이탈 0.01 m)
[velocity_path_follower.py-9] [INFO] [1786828549.772505666] [velocity_path_follower]: waypoint 4019 / 5251 도달 (선 이탈 0.01 m)
[velocity_path_follower.py-9] [INFO] [1786828550.322079224] [velocity_path_follower]: waypoint 4020 / 5251 도달 (선 이탈 0.01 m)
[velocity_path_follower.py-9] [INFO] [1786828550.872498892] [velocity_path_follower]: waypoint 4021 / 5251 도달 (선 이탈 0.01 m)
[velocity_path_follower.py-9] [INFO] [1786828551.371907605] [velocity_path_follower]: waypoint 4022 / 5251 도달 (선 이탈 0.01 m)
[velocity_path_follower.py-9] [INFO] [1786828551.919848668] [velocity_path_follower]: waypoint 4023 / 5251 도달 (선 이탈 0.01 m)
[velocity_path_follower.py-9] [INFO] [1786828552.369512212] [velocity_path_follower]: waypoint 4024 / 5251 도달 (선 이탈 0.00 m)
[velocity_path_follower.py-9] [INFO] [1786828552.669098542] [velocity_path_follower]: 1745.0s  wp 4025/5251 이탈0.0m  위치 ( -29.95,   -90.10,  10.36)
[velocity_path_follower.py-9] [INFO] [1786828552.818642492] [velocity_path_follower]: waypoint 4025 / 5251 도달 (선 이탈 0.00 m)
[velocity_path_follower.py-9] [INFO] [1786828553.273800067] [velocity_path_follower]: waypoint 4026 / 5251 도달 (선 이탈 0.00 m)
[velocity_path_follower.py-9] [INFO] [1786828553.718826946] [velocity_path_follower]: waypoint 4027 / 5251 도달 (선 이탈 0.00 m)
[velocity_path_follower.py-9] [INFO] [1786828554.118639110] [velocity_path_follower]: waypoint 4028 / 5251 도달 (선 이탈 0.00 m)
[velocity_path_follower.py-9] [INFO] [1786828554.518874123] [velocity_path_follower]: waypoint 4029 / 5251 도달 (선 이탈 0.00 m)
[velocity_path_follower.py-9] [INFO] [1786828554.969031900] [velocity_path_follower]: waypoint 4030 / 5251 도달 (선 이탈 0.00 m)
[velocity_path_follower.py-9] [INFO] [1786828555.368620940] [velocity_path_follower]: waypoint 4031 / 5251 도달 (선 이탈 0.00 m)
[velocity_path_follower.py-9] [INFO] [1786828555.768825081] [velocity_path_follower]: waypoint 4032 / 5251 도달 (선 이탈 0.00 m)
[velocity_path_follower.py-9] [INFO] [1786828556.168904262] [velocity_path_follower]: waypoint 4033 / 5251 도달 (선 이탈 0.00 m)
[velocity_path_follower.py-9] [INFO] [1786828556.568807690] [velocity_path_follower]: waypoint 4034 / 5251 도달 (선 이탈 0.00 m)
[velocity_path_follower.py-9] [INFO] [1786828556.968891666] [velocity_path_follower]: waypoint 4035 / 5251 도달 (선 이탈 0.01 m)
[velocity_path_follower.py-9] [INFO] [1786828557.318652243] [velocity_path_follower]: waypoint 4036 / 5251 도달 (선 이탈 0.01 m)
[velocity_path_follower.py-9] [INFO] [1786828557.668605118] [velocity_path_follower]: 1750.0s  wp 4037/5251 이탈0.0m  위치 ( -36.05,   -90.11,   9.86)
[velocity_path_follower.py-9] [INFO] [1786828557.718605636] [velocity_path_follower]: waypoint 4037 / 5251 도달 (선 이탈 0.01 m)
[velocity_path_follower.py-9] [INFO] [1786828558.070279642] [velocity_path_follower]: waypoint 4038 / 5251 도달 (선 이탈 0.01 m)
[velocity_path_follower.py-9] [INFO] [1786828558.468780749] [velocity_path_follower]: waypoint 4039 / 5251 도달 (선 이탈 0.01 m)
[velocity_path_follower.py-9] [INFO] [1786828562.671194384] [velocity_path_follower]: 1755.0s  climb       위치 ( -41.28,   -88.56,   5.31)
[velocity_path_follower.py-9] [INFO] [1786828565.874265980] [velocity_path_follower]: waypoint 4040 / 5251 도달 (선 이탈 4.16 m)
[velocity_path_follower.py-9] [INFO] [1786828567.674115387] [velocity_path_follower]: 1760.0s  wp 4042/5251 이탈0.8m  위치 ( -42.68,   -86.92,   7.90)
[velocity_path_follower.py-9] [INFO] [1786828571.574886653] [velocity_path_follower]: waypoint 4042 / 5251 도달 (선 이탈 0.70 m)
[velocity_path_follower.py-9] [INFO] [1786828572.074169431] [velocity_path_follower]: waypoint 4043 / 5251 도달 (선 이탈 0.78 m)
[velocity_path_follower.py-9] [INFO] [1786828572.524136497] [velocity_path_follower]: waypoint 4044 / 5251 도달 (선 이탈 0.83 m)
[velocity_path_follower.py-9] [INFO] [1786828572.674170118] [velocity_path_follower]: 1765.0s  wp 4045/5251 이탈0.8m  위치 ( -38.43,   -85.25,   7.40)
[velocity_path_follower.py-9] [INFO] [1786828572.974210692] [velocity_path_follower]: waypoint 4045 / 5251 도달 (선 이탈 0.86 m)
[velocity_path_follower.py-9] [INFO] [1786828573.424135387] [velocity_path_follower]: waypoint 4046 / 5251 도달 (선 이탈 0.87 m)
[velocity_path_follower.py-9] [INFO] [1786828573.924213904] [velocity_path_follower]: waypoint 4047 / 5251 도달 (선 이탈 0.84 m)
[velocity_path_follower.py-9] [INFO] [1786828574.324175119] [velocity_path_follower]: waypoint 4048 / 5251 도달 (선 이탈 0.81 m)
[velocity_path_follower.py-9] [INFO] [1786828574.774208864] [velocity_path_follower]: waypoint 4049 / 5251 도달 (선 이탈 0.75 m)
[velocity_path_follower.py-9] [INFO] [1786828575.224102857] [velocity_path_follower]: waypoint 4050 / 5251 도달 (선 이탈 0.68 m)
[velocity_path_follower.py-9] [INFO] [1786828576.624190722] [velocity_path_follower]: waypoint 4051 / 5251 도달 (선 이탈 0.41 m)
[velocity_path_follower.py-9] [INFO] [1786828576.674349588] [velocity_path_follower]: waypoint 4052 / 5251 도달 (선 이탈 0.40 m)
[velocity_path_follower.py-9] [INFO] [1786828576.724115401] [velocity_path_follower]: waypoint 4053 / 5251 도달 (선 이탈 0.40 m)
[velocity_path_follower.py-9] [INFO] [1786828577.024120237] [velocity_path_follower]: waypoint 4054 / 5251 도달 (선 이탈 0.35 m)
[velocity_path_follower.py-9] [INFO] [1786828577.574388268] [velocity_path_follower]: waypoint 4055 / 5251 도달 (선 이탈 0.25 m)
[velocity_path_follower.py-9] [INFO] [1786828577.674117442] [velocity_path_follower]: 1770.0s  wp 4056/5251 이탈0.2m  위치 ( -32.98,   -85.86,   6.80)
[velocity_path_follower.py-9] [INFO] [1786828578.074471557] [velocity_path_follower]: waypoint 4056 / 5251 도달 (선 이탈 0.17 m)
[velocity_path_follower.py-9] [INFO] [1786828578.574228050] [velocity_path_follower]: waypoint 4057 / 5251 도달 (선 이탈 0.09 m)
[velocity_path_follower.py-9] [INFO] [1786828579.024156853] [velocity_path_follower]: waypoint 4058 / 5251 도달 (선 이탈 0.01 m)
[velocity_path_follower.py-9] [INFO] [1786828579.474676718] [velocity_path_follower]: waypoint 4059 / 5251 도달 (선 이탈 0.06 m)
[velocity_path_follower.py-9] [INFO] [1786828579.924457979] [velocity_path_follower]: waypoint 4060 / 5251 도달 (선 이탈 0.12 m)
[velocity_path_follower.py-9] [INFO] [1786828580.324086751] [velocity_path_follower]: waypoint 4061 / 5251 도달 (선 이탈 0.17 m)
[velocity_path_follower.py-9] [INFO] [1786828580.774268111] [velocity_path_follower]: waypoint 4062 / 5251 도달 (선 이탈 0.22 m)
[velocity_path_follower.py-9] [INFO] [1786828581.174283397] [velocity_path_follower]: waypoint 4063 / 5251 도달 (선 이탈 0.25 m)
[velocity_path_follower.py-9] [INFO] [1786828581.624175879] [velocity_path_follower]: waypoint 4064 / 5251 도달 (선 이탈 0.28 m)
[velocity_path_follower.py-9] [INFO] [1786828582.024033621] [velocity_path_follower]: waypoint 4065 / 5251 도달 (선 이탈 0.30 m)
[velocity_path_follower.py-9] [INFO] [1786828582.424184958] [velocity_path_follower]: waypoint 4066 / 5251 도달 (선 이탈 0.31 m)
[velocity_path_follower.py-9] [INFO] [1786828582.677138864] [velocity_path_follower]: 1775.0s  wp 4067/5251 이탈0.3m  위치 ( -27.23,   -86.41,  10.60)
[velocity_path_follower.py-9] [INFO] [1786828582.840813259] [velocity_path_follower]: waypoint 4067 / 5251 도달 (선 이탈 0.31 m)
[velocity_path_follower.py-9] [INFO] [1786828583.185916426] [velocity_path_follower]: waypoint 4068 / 5251 도달 (선 이탈 0.31 m)
[velocity_path_follower.py-9] [INFO] [1786828583.592953836] [velocity_path_follower]: waypoint 4069 / 5251 도달 (선 이탈 0.30 m)
[velocity_path_follower.py-9] [INFO] [1786828583.992450409] [velocity_path_follower]: waypoint 4070 / 5251 도달 (선 이탈 0.28 m)
[velocity_path_follower.py-9] [INFO] [1786828584.392950973] [velocity_path_follower]: waypoint 4071 / 5251 도달 (선 이탈 0.26 m)
[velocity_path_follower.py-9] [INFO] [1786828584.742520729] [velocity_path_follower]: waypoint 4072 / 5251 도달 (선 이탈 0.24 m)
[velocity_path_follower.py-9] [INFO] [1786828585.142630575] [velocity_path_follower]: waypoint 4073 / 5251 도달 (선 이탈 0.21 m)
[velocity_path_follower.py-9] [INFO] [1786828585.492522260] [velocity_path_follower]: waypoint 4074 / 5251 도달 (선 이탈 0.18 m)
[velocity_path_follower.py-9] [INFO] [1786828585.892395602] [velocity_path_follower]: waypoint 4075 / 5251 도달 (선 이탈 0.15 m)
[velocity_path_follower.py-9] [INFO] [1786828586.242419376] [velocity_path_follower]: waypoint 4076 / 5251 도달 (선 이탈 0.12 m)
[velocity_path_follower.py-9] [INFO] [1786828586.642442310] [velocity_path_follower]: waypoint 4077 / 5251 도달 (선 이탈 0.08 m)
[velocity_path_follower.py-9] [INFO] [1786828586.992439459] [velocity_path_follower]: waypoint 4078 / 5251 도달 (선 이탈 0.05 m)
[velocity_path_follower.py-9] [INFO] [1786828587.342824707] [velocity_path_follower]: waypoint 4079 / 5251 도달 (선 이탈 0.02 m)
[velocity_path_follower.py-9] [INFO] [1786828587.692281928] [velocity_path_follower]: 1780.0s  wp 4080/5251 이탈0.0m  위치 ( -20.63,   -86.09,  10.10)
[velocity_path_follower.py-9] [INFO] [1786828587.742479843] [velocity_path_follower]: waypoint 4080 / 5251 도달 (선 이탈 0.01 m)
[velocity_path_follower.py-9] [INFO] [1786828588.092452330] [velocity_path_follower]: waypoint 4081 / 5251 도달 (선 이탈 0.04 m)
[velocity_path_follower.py-9] [INFO] [1786828588.442642534] [velocity_path_follower]: waypoint 4082 / 5251 도달 (선 이탈 0.06 m)
[velocity_path_follower.py-9] [INFO] [1786828588.842405676] [velocity_path_follower]: waypoint 4083 / 5251 도달 (선 이탈 0.09 m)
[velocity_path_follower.py-9] [INFO] [1786828589.192584882] [velocity_path_follower]: waypoint 4084 / 5251 도달 (선 이탈 0.11 m)
[velocity_path_follower.py-9] [INFO] [1786828589.542476123] [velocity_path_follower]: waypoint 4085 / 5251 도달 (선 이탈 0.13 m)
[velocity_path_follower.py-9] [INFO] [1786828589.942341314] [velocity_path_follower]: waypoint 4086 / 5251 도달 (선 이탈 0.14 m)
[velocity_path_follower.py-9] [INFO] [1786828590.292883827] [velocity_path_follower]: waypoint 4087 / 5251 도달 (선 이탈 0.15 m)
[velocity_path_follower.py-9] [INFO] [1786828590.642676860] [velocity_path_follower]: waypoint 4088 / 5251 도달 (선 이탈 0.16 m)
[velocity_path_follower.py-9] [INFO] [1786828590.992460393] [velocity_path_follower]: waypoint 4089 / 5251 도달 (선 이탈 0.16 m)
[velocity_path_follower.py-9] [INFO] [1786828592.699588695] [velocity_path_follower]: 1785.0s  climb       위치 ( -13.87,   -85.94,   5.81)
[velocity_path_follower.py-9] [INFO] [1786828595.149861144] [velocity_path_follower]: waypoint 4090 / 5251 도달 (선 이탈 0.15 m)
[velocity_path_follower.py-9] [INFO] [1786828595.199832973] [velocity_path_follower]: waypoint 4091 / 5251 도달 (선 이탈 0.15 m)
[velocity_path_follower.py-9] [INFO] [1786828595.249931139] [velocity_path_follower]: waypoint 4092 / 5251 도달 (선 이탈 0.15 m)
[velocity_path_follower.py-9] [INFO] [1786828595.299810132] [velocity_path_follower]: waypoint 4093 / 5251 도달 (선 이탈 0.15 m)
[velocity_path_follower.py-9] [INFO] [1786828595.349661040] [velocity_path_follower]: waypoint 4094 / 5251 도달 (선 이탈 0.15 m)
[velocity_path_follower.py-9] [INFO] [1786828595.399691162] [velocity_path_follower]: waypoint 4095 / 5251 도달 (선 이탈 0.15 m)
[velocity_path_follower.py-9] [INFO] [1786828595.449828662] [velocity_path_follower]: waypoint 4096 / 5251 도달 (선 이탈 0.15 m)
[velocity_path_follower.py-9] [INFO] [1786828595.499821783] [velocity_path_follower]: waypoint 4097 / 5251 도달 (선 이탈 0.15 m)
[velocity_path_follower.py-9] [INFO] [1786828595.549609315] [velocity_path_follower]: waypoint 4098 / 5251 도달 (선 이탈 0.15 m)
[velocity_path_follower.py-9] [INFO] [1786828596.149686857] [velocity_path_follower]: waypoint 4099 / 5251 도달 (선 이탈 0.15 m)
[velocity_path_follower.py-9] [INFO] [1786828596.849903484] [velocity_path_follower]: waypoint 4100 / 5251 도달 (선 이탈 0.14 m)
[velocity_path_follower.py-9] [INFO] [1786828597.449833989] [velocity_path_follower]: waypoint 4101 / 5251 도달 (선 이탈 0.12 m)
[velocity_path_follower.py-9] [INFO] [1786828597.701611567] [velocity_path_follower]: 1790.0s  wp 4102/5251 이탈0.1m  위치 (  -9.88,   -85.99,   8.66)
[velocity_path_follower.py-9] [INFO] [1786828598.052070477] [velocity_path_follower]: waypoint 4102 / 5251 도달 (선 이탈 0.10 m)
[velocity_path_follower.py-9] [INFO] [1786828598.552095497] [velocity_path_follower]: waypoint 4103 / 5251 도달 (선 이탈 0.08 m)
[velocity_path_follower.py-9] [INFO] [1786828599.101977344] [velocity_path_follower]: waypoint 4104 / 5251 도달 (선 이탈 0.06 m)
[velocity_path_follower.py-9] [INFO] [1786828599.602100413] [velocity_path_follower]: waypoint 4105 / 5251 도달 (선 이탈 0.03 m)
[velocity_path_follower.py-9] [INFO] [1786828600.057791184] [velocity_path_follower]: waypoint 4106 / 5251 도달 (선 이탈 0.02 m)
[velocity_path_follower.py-9] [INFO] [1786828600.505051720] [velocity_path_follower]: waypoint 4107 / 5251 도달 (선 이탈 0.00 m)
[velocity_path_follower.py-9] [INFO] [1786828600.954943289] [velocity_path_follower]: waypoint 4108 / 5251 도달 (선 이탈 0.02 m)
[velocity_path_follower.py-9] [INFO] [1786828601.404923697] [velocity_path_follower]: waypoint 4109 / 5251 도달 (선 이탈 0.04 m)
[velocity_path_follower.py-9] [INFO] [1786828601.854979900] [velocity_path_follower]: waypoint 4110 / 5251 도달 (선 이탈 0.05 m)
[velocity_path_follower.py-9] [INFO] [1786828602.254811267] [velocity_path_follower]: waypoint 4111 / 5251 도달 (선 이탈 0.06 m)
[velocity_path_follower.py-9] [INFO] [1786828602.654752179] [velocity_path_follower]: waypoint 4112 / 5251 도달 (선 이탈 0.07 m)
[velocity_path_follower.py-9] [INFO] [1786828602.704920434] [velocity_path_follower]: 1795.0s  wp 4113/5251 이탈0.1m  위치 (  -4.52,   -86.17,  11.69)
[velocity_path_follower.py-9] [INFO] [1786828603.105052978] [velocity_path_follower]: waypoint 4113 / 5251 도달 (선 이탈 0.07 m)
[velocity_path_follower.py-9] [INFO] [1786828603.504953894] [velocity_path_follower]: waypoint 4114 / 5251 도달 (선 이탈 0.08 m)
[velocity_path_follower.py-9] [INFO] [1786828603.905391908] [velocity_path_follower]: waypoint 4115 / 5251 도달 (선 이탈 0.08 m)
[velocity_path_follower.py-9] [INFO] [1786828604.305396996] [velocity_path_follower]: waypoint 4116 / 5251 도달 (선 이탈 0.08 m)
[velocity_path_follower.py-9] [INFO] [1786828604.654951155] [velocity_path_follower]: waypoint 4117 / 5251 도달 (선 이탈 0.08 m)
[velocity_path_follower.py-9] [INFO] [1786828605.054952286] [velocity_path_follower]: waypoint 4118 / 5251 도달 (선 이탈 0.08 m)
[velocity_path_follower.py-9] [INFO] [1786828605.454999214] [velocity_path_follower]: waypoint 4119 / 5251 도달 (선 이탈 0.07 m)
[velocity_path_follower.py-9] [INFO] [1786828605.855008182] [velocity_path_follower]: waypoint 4120 / 5251 도달 (선 이탈 0.07 m)
[velocity_path_follower.py-9] [INFO] [1786828606.204753268] [velocity_path_follower]: waypoint 4121 / 5251 도달 (선 이탈 0.06 m)
[velocity_path_follower.py-9] [INFO] [1786828606.605001997] [velocity_path_follower]: waypoint 4122 / 5251 도달 (선 이탈 0.05 m)
[velocity_path_follower.py-9] [INFO] [1786828606.957017983] [velocity_path_follower]: waypoint 4123 / 5251 도달 (선 이탈 0.05 m)
[velocity_path_follower.py-9] [INFO] [1786828607.357065168] [velocity_path_follower]: waypoint 4124 / 5251 도달 (선 이탈 0.04 m)
[velocity_path_follower.py-9] [INFO] [1786828607.706956097] [velocity_path_follower]: waypoint 4125 / 5251 도달 (선 이탈 0.03 m)
[velocity_path_follower.py-9] [INFO] [1786828607.756766427] [velocity_path_follower]: 1800.1s  wp 4126/5251 이탈0.0m  위치 (   2.00,   -86.13,   8.41)
[velocity_path_follower.py-9] [INFO] [1786828608.056842860] [velocity_path_follower]: waypoint 4126 / 5251 도달 (선 이탈 0.02 m)
[velocity_path_follower.py-9] [INFO] [1786828608.456843881] [velocity_path_follower]: waypoint 4127 / 5251 도달 (선 이탈 0.01 m)
[velocity_path_follower.py-9] [INFO] [1786828608.806926652] [velocity_path_follower]: waypoint 4128 / 5251 도달 (선 이탈 0.00 m)
[velocity_path_follower.py-9] [INFO] [1786828609.158843144] [velocity_path_follower]: waypoint 4129 / 5251 도달 (선 이탈 0.00 m)
[velocity_path_follower.py-9] [INFO] [1786828609.556913864] [velocity_path_follower]: waypoint 4130 / 5251 도달 (선 이탈 0.01 m)
[velocity_path_follower.py-9] [INFO] [1786828612.720336746] [velocity_path_follower]: 1805.0s  climb       위치 (   7.99,   -86.05,   5.97)
[velocity_path_follower.py-9] [INFO] [1786828613.720528726] [velocity_path_follower]: waypoint 4131 / 5251 도달 (선 이탈 0.06 m)
[velocity_path_follower.py-9] [INFO] [1786828614.104004673] [velocity_path_follower]: waypoint 4132 / 5251 도달 (선 이탈 0.06 m)
[velocity_path_follower.py-9] [INFO] [1786828614.115999514] [velocity_path_follower]: waypoint 4133 / 5251 도달 (선 이탈 0.07 m)
[velocity_path_follower.py-9] [INFO] [1786828614.168600469] [velocity_path_follower]: waypoint 4134 / 5251 도달 (선 이탈 0.07 m)
[velocity_path_follower.py-9] [INFO] [1786828614.219287744] [velocity_path_follower]: waypoint 4135 / 5251 도달 (선 이탈 0.07 m)
[velocity_path_follower.py-9] [INFO] [1786828614.268978991] [velocity_path_follower]: waypoint 4136 / 5251 도달 (선 이탈 0.07 m)
[velocity_path_follower.py-9] [INFO] [1786828614.319600931] [velocity_path_follower]: waypoint 4137 / 5251 도달 (선 이탈 0.07 m)
[velocity_path_follower.py-9] [INFO] [1786828614.369175508] [velocity_path_follower]: waypoint 4138 / 5251 도달 (선 이탈 0.07 m)
[velocity_path_follower.py-9] [INFO] [1786828614.418922089] [velocity_path_follower]: waypoint 4139 / 5251 도달 (선 이탈 0.07 m)
[velocity_path_follower.py-9] [INFO] [1786828614.919014607] [velocity_path_follower]: waypoint 4140 / 5251 도달 (선 이탈 0.07 m)
[velocity_path_follower.py-9] [INFO] [1786828615.675566509] [velocity_path_follower]: waypoint 4141 / 5251 도달 (선 이탈 0.07 m)
[velocity_path_follower.py-9] [INFO] [1786828616.325558007] [velocity_path_follower]: waypoint 4142 / 5251 도달 (선 이탈 0.07 m)
[velocity_path_follower.py-9] [INFO] [1786828616.928027490] [velocity_path_follower]: waypoint 4143 / 5251 도달 (선 이탈 0.06 m)
[velocity_path_follower.py-9] [INFO] [1786828617.477849354] [velocity_path_follower]: waypoint 4144 / 5251 도달 (선 이탈 0.05 m)
[velocity_path_follower.py-9] [INFO] [1786828617.836152890] [velocity_path_follower]: 1810.0s  wp 4145/5251 이탈0.0m  위치 (  11.76,   -86.05,   9.42)
[velocity_path_follower.py-9] [INFO] [1786828617.986370625] [velocity_path_follower]: waypoint 4145 / 5251 도달 (선 이탈 0.04 m)
[velocity_path_follower.py-9] [INFO] [1786828618.486344617] [velocity_path_follower]: waypoint 4146 / 5251 도달 (선 이탈 0.03 m)
[velocity_path_follower.py-9] [INFO] [1786828618.989024268] [velocity_path_follower]: waypoint 4147 / 5251 도달 (선 이탈 0.02 m)
[velocity_path_follower.py-9] [INFO] [1786828619.438697998] [velocity_path_follower]: waypoint 4148 / 5251 도달 (선 이탈 0.01 m)
[velocity_path_follower.py-9] [INFO] [1786828619.888655527] [velocity_path_follower]: waypoint 4149 / 5251 도달 (선 이탈 0.00 m)
[velocity_path_follower.py-9] [INFO] [1786828620.338992529] [velocity_path_follower]: waypoint 4150 / 5251 도달 (선 이탈 0.00 m)
[velocity_path_follower.py-9] [INFO] [1786828620.739045015] [velocity_path_follower]: waypoint 4151 / 5251 도달 (선 이탈 0.01 m)
[velocity_path_follower.py-9] [INFO] [1786828621.190650889] [velocity_path_follower]: waypoint 4152 / 5251 도달 (선 이탈 0.02 m)
[velocity_path_follower.py-9] [INFO] [1786828621.590823633] [velocity_path_follower]: waypoint 4153 / 5251 도달 (선 이탈 0.02 m)
[velocity_path_follower.py-9] [INFO] [1786828621.990687409] [velocity_path_follower]: waypoint 4154 / 5251 도달 (선 이탈 0.03 m)
[velocity_path_follower.py-9] [INFO] [1786828622.440883375] [velocity_path_follower]: waypoint 4155 / 5251 도달 (선 이탈 0.03 m)
[velocity_path_follower.py-9] [INFO] [1786828622.840861825] [velocity_path_follower]: waypoint 4156 / 5251 도달 (선 이탈 0.04 m)
[velocity_path_follower.py-9] [INFO] [1786828622.890533200] [velocity_path_follower]: 1815.1s  wp 4157/5251 이탈0.0m  위치 (  17.52,   -86.14,  12.44)
[velocity_path_follower.py-9] [INFO] [1786828623.190826767] [velocity_path_follower]: waypoint 4157 / 5251 도달 (선 이탈 0.04 m)
[velocity_path_follower.py-9] [INFO] [1786828623.590659467] [velocity_path_follower]: waypoint 4158 / 5251 도달 (선 이탈 0.04 m)
[velocity_path_follower.py-9] [INFO] [1786828623.990647879] [velocity_path_follower]: waypoint 4159 / 5251 도달 (선 이탈 0.04 m)
[velocity_path_follower.py-9] [INFO] [1786828624.390701381] [velocity_path_follower]: waypoint 4160 / 5251 도달 (선 이탈 0.04 m)
[velocity_path_follower.py-9] [INFO] [1786828624.791110393] [velocity_path_follower]: waypoint 4161 / 5251 도달 (선 이탈 0.03 m)
[velocity_path_follower.py-9] [INFO] [1786828625.140661371] [velocity_path_follower]: waypoint 4162 / 5251 도달 (선 이탈 0.03 m)
[velocity_path_follower.py-9] [INFO] [1786828625.540690167] [velocity_path_follower]: waypoint 4163 / 5251 도달 (선 이탈 0.03 m)
[velocity_path_follower.py-9] [INFO] [1786828625.890656826] [velocity_path_follower]: waypoint 4164 / 5251 도달 (선 이탈 0.03 m)
[velocity_path_follower.py-9] [INFO] [1786828626.291342352] [velocity_path_follower]: waypoint 4165 / 5251 도달 (선 이탈 0.02 m)
[velocity_path_follower.py-9] [INFO] [1786828626.640604035] [velocity_path_follower]: waypoint 4166 / 5251 도달 (선 이탈 0.02 m)
[velocity_path_follower.py-9] [INFO] [1786828626.990697951] [velocity_path_follower]: waypoint 4167 / 5251 도달 (선 이탈 0.02 m)
[velocity_path_follower.py-9] [INFO] [1786828627.390882176] [velocity_path_follower]: waypoint 4168 / 5251 도달 (선 이탈 0.01 m)
[velocity_path_follower.py-9] [INFO] [1786828627.740846883] [velocity_path_follower]: waypoint 4169 / 5251 도달 (선 이탈 0.01 m)
[velocity_path_follower.py-9] [INFO] [1786828627.841017411] [velocity_path_follower]: 1820.0s  wp 4170/5251 이탈0.0m  위치 (  24.08,   -86.11,  11.46)
[velocity_path_follower.py-9] [INFO] [1786828628.090608710] [velocity_path_follower]: waypoint 4170 / 5251 도달 (선 이탈 0.00 m)
[velocity_path_follower.py-9] [INFO] [1786828628.440894804] [velocity_path_follower]: waypoint 4171 / 5251 도달 (선 이탈 0.00 m)
[velocity_path_follower.py-9] [INFO] [1786828628.840885819] [velocity_path_follower]: waypoint 4172 / 5251 도달 (선 이탈 0.00 m)
[velocity_path_follower.py-9] [INFO] [1786828629.190609233] [velocity_path_follower]: waypoint 4173 / 5251 도달 (선 이탈 0.01 m)
[velocity_path_follower.py-9] [INFO] [1786828629.543035933] [velocity_path_follower]: waypoint 4174 / 5251 도달 (선 이탈 0.01 m)
[velocity_path_follower.py-9] [INFO] [1786828629.892929603] [velocity_path_follower]: waypoint 4175 / 5251 도달 (선 이탈 0.01 m)
[velocity_path_follower.py-9] [INFO] [1786828630.294994642] [velocity_path_follower]: waypoint 4176 / 5251 도달 (선 이탈 0.02 m)
[velocity_path_follower.py-9] [INFO] [1786828630.647003709] [velocity_path_follower]: waypoint 4177 / 5251 도달 (선 이탈 0.02 m)
[velocity_path_follower.py-9] [INFO] [1786828630.997439064] [velocity_path_follower]: waypoint 4178 / 5251 도달 (선 이탈 0.02 m)
[velocity_path_follower.py-9] [INFO] [1786828631.346961189] [velocity_path_follower]: waypoint 4179 / 5251 도달 (선 이탈 0.02 m)
[velocity_path_follower.py-9] [INFO] [1786828631.696913908] [velocity_path_follower]: waypoint 4180 / 5251 도달 (선 이탈 0.02 m)
[velocity_path_follower.py-9] [INFO] [1786828632.046854753] [velocity_path_follower]: waypoint 4181 / 5251 도달 (선 이탈 0.02 m)
[velocity_path_follower.py-9] [INFO] [1786828632.396825018] [velocity_path_follower]: waypoint 4182 / 5251 도달 (선 이탈 0.02 m)
[velocity_path_follower.py-9] [INFO] [1786828632.796806340] [velocity_path_follower]: waypoint 4183 / 5251 도달 (선 이탈 0.02 m)
[velocity_path_follower.py-9] [INFO] [1786828632.846659433] [velocity_path_follower]: 1825.0s  wp 4184/5251 이탈0.0m  위치 (  31.03,   -86.08,  11.23)
[velocity_path_follower.py-9] [INFO] [1786828633.146894735] [velocity_path_follower]: waypoint 4184 / 5251 도달 (선 이탈 0.02 m)
[velocity_path_follower.py-9] [INFO] [1786828633.499002023] [velocity_path_follower]: waypoint 4185 / 5251 도달 (선 이탈 0.02 m)
[velocity_path_follower.py-9] [INFO] [1786828633.848933207] [velocity_path_follower]: waypoint 4186 / 5251 도달 (선 이탈 0.02 m)
[velocity_path_follower.py-9] [INFO] [1786828634.198957270] [velocity_path_follower]: waypoint 4187 / 5251 도달 (선 이탈 0.02 m)
[velocity_path_follower.py-9] [INFO] [1786828634.548885291] [velocity_path_follower]: waypoint 4188 / 5251 도달 (선 이탈 0.01 m)
[velocity_path_follower.py-9] [INFO] [1786828634.898981775] [velocity_path_follower]: waypoint 4189 / 5251 도달 (선 이탈 0.01 m)
[velocity_path_follower.py-9] [INFO] [1786828635.248918756] [velocity_path_follower]: waypoint 4190 / 5251 도달 (선 이탈 0.01 m)
[velocity_path_follower.py-9] [INFO] [1786828635.599047411] [velocity_path_follower]: waypoint 4191 / 5251 도달 (선 이탈 0.01 m)
[velocity_path_follower.py-9] [INFO] [1786828635.948967434] [velocity_path_follower]: waypoint 4192 / 5251 도달 (선 이탈 0.01 m)
[velocity_path_follower.py-9] [INFO] [1786828636.299052799] [velocity_path_follower]: waypoint 4193 / 5251 도달 (선 이탈 0.00 m)
[velocity_path_follower.py-9] [INFO] [1786828636.648920282] [velocity_path_follower]: waypoint 4194 / 5251 도달 (선 이탈 0.00 m)
[velocity_path_follower.py-9] [INFO] [1786828636.999035315] [velocity_path_follower]: waypoint 4195 / 5251 도달 (선 이탈 0.00 m)
[velocity_path_follower.py-9] [INFO] [1786828637.348850009] [velocity_path_follower]: waypoint 4196 / 5251 도달 (선 이탈 0.00 m)
[velocity_path_follower.py-9] [INFO] [1786828637.698979753] [velocity_path_follower]: waypoint 4197 / 5251 도달 (선 이탈 0.00 m)
[velocity_path_follower.py-9] [INFO] [1786828637.848991303] [velocity_path_follower]: 1830.0s  wp 4198/5251 이탈0.0m  위치 (  38.15,   -86.10,  11.91)
[velocity_path_follower.py-9] [INFO] [1786828638.049163750] [velocity_path_follower]: waypoint 4198 / 5251 도달 (선 이탈 0.00 m)
[velocity_path_follower.py-9] [INFO] [1786828638.398950612] [velocity_path_follower]: waypoint 4199 / 5251 도달 (선 이탈 0.01 m)
[velocity_path_follower.py-9] [INFO] [1786828638.749110694] [velocity_path_follower]: waypoint 4200 / 5251 도달 (선 이탈 0.01 m)
[velocity_path_follower.py-9] [INFO] [1786828639.098838348] [velocity_path_follower]: waypoint 4201 / 5251 도달 (선 이탈 0.01 m)
[velocity_path_follower.py-9] [INFO] [1786828639.448927306] [velocity_path_follower]: waypoint 4202 / 5251 도달 (선 이탈 0.01 m)
[velocity_path_follower.py-9] [INFO] [1786828639.801594547] [velocity_path_follower]: waypoint 4203 / 5251 도달 (선 이탈 0.01 m)
[velocity_path_follower.py-9] [INFO] [1786828640.151430374] [velocity_path_follower]: waypoint 4204 / 5251 도달 (선 이탈 0.01 m)
[velocity_path_follower.py-9] [INFO] [1786828640.501601504] [velocity_path_follower]: waypoint 4205 / 5251 도달 (선 이탈 0.01 m)
[velocity_path_follower.py-9] [INFO] [1786828640.853686023] [velocity_path_follower]: waypoint 4206 / 5251 도달 (선 이탈 0.01 m)
[velocity_path_follower.py-9] [INFO] [1786828641.155897487] [velocity_path_follower]: waypoint 4207 / 5251 도달 (선 이탈 0.01 m)
[velocity_path_follower.py-9] [INFO] [1786828641.505875907] [velocity_path_follower]: waypoint 4208 / 5251 도달 (선 이탈 0.01 m)
[velocity_path_follower.py-9] [INFO] [1786828641.905933347] [velocity_path_follower]: waypoint 4209 / 5251 도달 (선 이탈 0.01 m)
[velocity_path_follower.py-9] [INFO] [1786828642.205686327] [velocity_path_follower]: waypoint 4210 / 5251 도달 (선 이탈 0.01 m)
[velocity_path_follower.py-9] [INFO] [1786828642.605938068] [velocity_path_follower]: waypoint 4211 / 5251 도달 (선 이탈 0.01 m)
[velocity_path_follower.py-9] [INFO] [1786828642.855945413] [velocity_path_follower]: 1835.0s  wp 4212/5251 이탈0.0m  위치 (  45.33,   -86.11,   9.74)
[velocity_path_follower.py-9] [INFO] [1786828642.905921973] [velocity_path_follower]: waypoint 4212 / 5251 도달 (선 이탈 0.01 m)
[velocity_path_follower.py-9] [INFO] [1786828643.255987775] [velocity_path_follower]: waypoint 4213 / 5251 도달 (선 이탈 0.01 m)
[velocity_path_follower.py-9] [INFO] [1786828643.605879657] [velocity_path_follower]: waypoint 4214 / 5251 도달 (선 이탈 0.00 m)
[velocity_path_follower.py-9] [INFO] [1786828643.955781748] [velocity_path_follower]: waypoint 4215 / 5251 도달 (선 이탈 0.00 m)
[velocity_path_follower.py-9] [INFO] [1786828644.305971016] [velocity_path_follower]: waypoint 4216 / 5251 도달 (선 이탈 0.00 m)
[velocity_path_follower.py-9] [INFO] [1786828644.656136909] [velocity_path_follower]: waypoint 4217 / 5251 도달 (선 이탈 0.00 m)
[velocity_path_follower.py-9] [INFO] [1786828645.005871457] [velocity_path_follower]: waypoint 4218 / 5251 도달 (선 이탈 0.00 m)
[velocity_path_follower.py-9] [INFO] [1786828645.408189769] [velocity_path_follower]: waypoint 4219 / 5251 도달 (선 이탈 0.00 m)
[velocity_path_follower.py-9] [INFO] [1786828645.758494877] [velocity_path_follower]: waypoint 4220 / 5251 도달 (선 이탈 0.00 m)
[velocity_path_follower.py-9] [INFO] [1786828646.109412921] [velocity_path_follower]: waypoint 4221 / 5251 도달 (선 이탈 0.00 m)
[velocity_path_follower.py-9] [INFO] [1786828646.459608696] [velocity_path_follower]: waypoint 4222 / 5251 도달 (선 이탈 0.00 m)
[velocity_path_follower.py-9] [INFO] [1786828646.810040645] [velocity_path_follower]: waypoint 4223 / 5251 도달 (선 이탈 0.00 m)
[velocity_path_follower.py-9] [INFO] [1786828647.159653655] [velocity_path_follower]: waypoint 4224 / 5251 도달 (선 이탈 0.00 m)
[velocity_path_follower.py-9] [INFO] [1786828647.509696929] [velocity_path_follower]: waypoint 4225 / 5251 도달 (선 이탈 0.01 m)
[velocity_path_follower.py-9] [INFO] [1786828647.810116860] [velocity_path_follower]: waypoint 4226 / 5251 도달 (선 이탈 0.01 m)
[velocity_path_follower.py-9] [INFO] [1786828647.909846478] [velocity_path_follower]: 1840.0s  wp 4227/5251 이탈0.0m  위치 (  52.53,   -86.09,  10.15)
[velocity_path_follower.py-9] [INFO] [1786828648.159571910] [velocity_path_follower]: waypoint 4227 / 5251 도달 (선 이탈 0.01 m)
[velocity_path_follower.py-9] [INFO] [1786828648.510045533] [velocity_path_follower]: waypoint 4228 / 5251 도달 (선 이탈 0.01 m)
[velocity_path_follower.py-9] [INFO] [1786828648.861618855] [velocity_path_follower]: waypoint 4229 / 5251 도달 (선 이탈 0.01 m)
[velocity_path_follower.py-9] [INFO] [1786828649.264510238] [velocity_path_follower]: waypoint 4230 / 5251 도달 (선 이탈 0.01 m)
[velocity_path_follower.py-9] [INFO] [1786828649.563690013] [velocity_path_follower]: waypoint 4231 / 5251 도달 (선 이탈 0.01 m)
[velocity_path_follower.py-9] [INFO] [1786828649.913682959] [velocity_path_follower]: waypoint 4232 / 5251 도달 (선 이탈 0.01 m)
[velocity_path_follower.py-9] [INFO] [1786828650.263695241] [velocity_path_follower]: waypoint 4233 / 5251 도달 (선 이탈 0.01 m)
[velocity_path_follower.py-9] [INFO] [1786828650.613862862] [velocity_path_follower]: waypoint 4234 / 5251 도달 (선 이탈 0.01 m)
[velocity_path_follower.py-9] [INFO] [1786828650.963935813] [velocity_path_follower]: waypoint 4235 / 5251 도달 (선 이탈 0.01 m)
[velocity_path_follower.py-9] [INFO] [1786828651.313636673] [velocity_path_follower]: waypoint 4236 / 5251 도달 (선 이탈 0.00 m)
[velocity_path_follower.py-9] [INFO] [1786828651.663890799] [velocity_path_follower]: waypoint 4237 / 5251 도달 (선 이탈 0.00 m)
[velocity_path_follower.py-9] [INFO] [1786828652.013671204] [velocity_path_follower]: waypoint 4238 / 5251 도달 (선 이탈 0.00 m)
[velocity_path_follower.py-9] [INFO] [1786828652.363857456] [velocity_path_follower]: waypoint 4239 / 5251 도달 (선 이탈 0.00 m)
[velocity_path_follower.py-9] [INFO] [1786828652.713938289] [velocity_path_follower]: waypoint 4240 / 5251 도달 (선 이탈 0.00 m)
[velocity_path_follower.py-9] [INFO] [1786828652.913665791] [velocity_path_follower]: 1845.0s  wp 4241/5251 이탈0.0m  위치 (  59.73,   -86.10,  11.93)
[velocity_path_follower.py-9] [INFO] [1786828653.064002872] [velocity_path_follower]: waypoint 4241 / 5251 도달 (선 이탈 0.00 m)
[velocity_path_follower.py-9] [INFO] [1786828657.913738305] [velocity_path_follower]: 1850.0s  wp 4242/5251 이탈2.9m  위치 (  64.31,   -83.76,  11.72)
[velocity_path_follower.py-9] [INFO] [1786828658.163825604] [velocity_path_follower]: waypoint 4242 / 5251 도달 (선 이탈 2.95 m)
[velocity_path_follower.py-9] [INFO] [1786828662.913642496] [velocity_path_follower]: 1855.0s  wp 4244/5251 이탈1.4m  위치 (  62.52,   -80.74,  11.08)
[velocity_path_follower.py-9] [INFO] [1786828663.113939492] [velocity_path_follower]: waypoint 4244 / 5251 도달 (선 이탈 1.40 m)
[velocity_path_follower.py-9] [INFO] [1786828663.713990083] [velocity_path_follower]: waypoint 4245 / 5251 도달 (선 이탈 1.47 m)
[velocity_path_follower.py-9] [INFO] [1786828664.313980800] [velocity_path_follower]: waypoint 4246 / 5251 도달 (선 이탈 1.47 m)
[velocity_path_follower.py-9] [INFO] [1786828664.913733930] [velocity_path_follower]: waypoint 4247 / 5251 도달 (선 이탈 1.41 m)
[velocity_path_follower.py-9] [INFO] [1786828665.463656665] [velocity_path_follower]: waypoint 4248 / 5251 도달 (선 이탈 1.31 m)
[velocity_path_follower.py-9] [INFO] [1786828666.013861617] [velocity_path_follower]: waypoint 4249 / 5251 도달 (선 이탈 1.18 m)
[velocity_path_follower.py-9] [INFO] [1786828666.563943236] [velocity_path_follower]: waypoint 4250 / 5251 도달 (선 이탈 1.01 m)
[velocity_path_follower.py-9] [INFO] [1786828667.063683026] [velocity_path_follower]: waypoint 4251 / 5251 도달 (선 이탈 0.84 m)
[velocity_path_follower.py-9] [INFO] [1786828667.563674076] [velocity_path_follower]: waypoint 4252 / 5251 도달 (선 이탈 0.65 m)
[velocity_path_follower.py-9] [INFO] [1786828667.913592742] [velocity_path_follower]: 1860.0s  wp 4253/5251 이탈0.5m  위치 (  58.01,   -81.58,  12.64)
[velocity_path_follower.py-9] [INFO] [1786828668.063650752] [velocity_path_follower]: waypoint 4253 / 5251 도달 (선 이탈 0.46 m)
[velocity_path_follower.py-9] [INFO] [1786828668.513837615] [velocity_path_follower]: waypoint 4254 / 5251 도달 (선 이탈 0.29 m)
[velocity_path_follower.py-9] [INFO] [1786828668.963558339] [velocity_path_follower]: waypoint 4255 / 5251 도달 (선 이탈 0.11 m)
[velocity_path_follower.py-9] [INFO] [1786828669.413843167] [velocity_path_follower]: waypoint 4256 / 5251 도달 (선 이탈 0.05 m)
[velocity_path_follower.py-9] [INFO] [1786828669.813938293] [velocity_path_follower]: waypoint 4257 / 5251 도달 (선 이탈 0.19 m)
[velocity_path_follower.py-9] [INFO] [1786828670.263834195] [velocity_path_follower]: waypoint 4258 / 5251 도달 (선 이탈 0.32 m)
[velocity_path_follower.py-9] [INFO] [1786828670.664209249] [velocity_path_follower]: waypoint 4259 / 5251 도달 (선 이탈 0.43 m)
[velocity_path_follower.py-9] [INFO] [1786828671.115889164] [velocity_path_follower]: waypoint 4260 / 5251 도달 (선 이탈 0.53 m)
[velocity_path_follower.py-9] [INFO] [1786828671.515624203] [velocity_path_follower]: waypoint 4261 / 5251 도달 (선 이탈 0.60 m)
[velocity_path_follower.py-9] [INFO] [1786828671.915675375] [velocity_path_follower]: waypoint 4262 / 5251 도달 (선 이탈 0.65 m)
[velocity_path_follower.py-9] [INFO] [1786828672.315830679] [velocity_path_follower]: waypoint 4263 / 5251 도달 (선 이탈 0.69 m)
[velocity_path_follower.py-9] [INFO] [1786828672.722421669] [velocity_path_follower]: waypoint 4264 / 5251 도달 (선 이탈 0.72 m)
[velocity_path_follower.py-9] [INFO] [1786828672.921512730] [velocity_path_follower]: 1865.0s  wp 4265/5251 이탈0.7m  위치 (  52.13,   -82.82,  14.95)
[velocity_path_follower.py-9] [INFO] [1786828673.121954706] [velocity_path_follower]: waypoint 4265 / 5251 도달 (선 이탈 0.72 m)
[velocity_path_follower.py-9] [INFO] [1786828673.521818339] [velocity_path_follower]: waypoint 4266 / 5251 도달 (선 이탈 0.71 m)
[velocity_path_follower.py-9] [INFO] [1786828673.921645595] [velocity_path_follower]: waypoint 4267 / 5251 도달 (선 이탈 0.69 m)
[velocity_path_follower.py-9] [INFO] [1786828674.323923884] [velocity_path_follower]: waypoint 4268 / 5251 도달 (선 이탈 0.66 m)
[velocity_path_follower.py-9] [INFO] [1786828674.674287834] [velocity_path_follower]: waypoint 4269 / 5251 도달 (선 이탈 0.61 m)
[velocity_path_follower.py-9] [INFO] [1786828675.073672665] [velocity_path_follower]: waypoint 4270 / 5251 도달 (선 이탈 0.56 m)
[velocity_path_follower.py-9] [INFO] [1786828675.478782373] [velocity_path_follower]: waypoint 4271 / 5251 도달 (선 이탈 0.50 m)
[velocity_path_follower.py-9] [INFO] [1786828675.884666729] [velocity_path_follower]: waypoint 4272 / 5251 도달 (선 이탈 0.43 m)
[velocity_path_follower.py-9] [INFO] [1786828676.234610297] [velocity_path_follower]: waypoint 4273 / 5251 도달 (선 이탈 0.36 m)
[velocity_path_follower.py-9] [INFO] [1786828676.677191138] [velocity_path_follower]: waypoint 4274 / 5251 도달 (선 이탈 0.29 m)
[velocity_path_follower.py-9] [INFO] [1786828677.027448092] [velocity_path_follower]: waypoint 4275 / 5251 도달 (선 이탈 0.22 m)
[velocity_path_follower.py-9] [INFO] [1786828677.427378031] [velocity_path_follower]: waypoint 4276 / 5251 도달 (선 이탈 0.14 m)
[velocity_path_follower.py-9] [INFO] [1786828677.827536061] [velocity_path_follower]: waypoint 4277 / 5251 도달 (선 이탈 0.06 m)
[velocity_path_follower.py-9] [INFO] [1786828677.977083151] [velocity_path_follower]: 1870.0s  wp 4278/5251 이탈0.0m  위치 (  45.64,   -82.13,  10.89)
[velocity_path_follower.py-9] [INFO] [1786828678.177174960] [velocity_path_follower]: waypoint 4278 / 5251 도달 (선 이탈 0.00 m)
[velocity_path_follower.py-9] [INFO] [1786828678.527210413] [velocity_path_follower]: waypoint 4279 / 5251 도달 (선 이탈 0.07 m)
[velocity_path_follower.py-9] [INFO] [1786828678.927176607] [velocity_path_follower]: waypoint 4280 / 5251 도달 (선 이탈 0.13 m)
[velocity_path_follower.py-9] [INFO] [1786828679.277217896] [velocity_path_follower]: waypoint 4281 / 5251 도달 (선 이탈 0.18 m)
[velocity_path_follower.py-9] [INFO] [1786828679.629844177] [velocity_path_follower]: waypoint 4282 / 5251 도달 (선 이탈 0.23 m)
[velocity_path_follower.py-9] [INFO] [1786828680.037960654] [velocity_path_follower]: waypoint 4283 / 5251 도달 (선 이탈 0.27 m)
[velocity_path_follower.py-9] [INFO] [1786828680.388364999] [velocity_path_follower]: waypoint 4284 / 5251 도달 (선 이탈 0.30 m)
[velocity_path_follower.py-9] [INFO] [1786828680.737911110] [velocity_path_follower]: waypoint 4285 / 5251 도달 (선 이탈 0.33 m)
[velocity_path_follower.py-9] [INFO] [1786828681.142279732] [velocity_path_follower]: waypoint 4286 / 5251 도달 (선 이탈 0.35 m)
[velocity_path_follower.py-9] [INFO] [1786828681.493677734] [velocity_path_follower]: waypoint 4287 / 5251 도달 (선 이탈 0.36 m)
[velocity_path_follower.py-9] [INFO] [1786828681.847032334] [velocity_path_follower]: waypoint 4288 / 5251 도달 (선 이탈 0.36 m)
[velocity_path_follower.py-9] [INFO] [1786828682.196943544] [velocity_path_follower]: waypoint 4289 / 5251 도달 (선 이탈 0.36 m)
[velocity_path_follower.py-9] [INFO] [1786828682.548906690] [velocity_path_follower]: waypoint 4290 / 5251 도달 (선 이탈 0.35 m)
[velocity_path_follower.py-9] [INFO] [1786828682.948937400] [velocity_path_follower]: waypoint 4291 / 5251 도달 (선 이탈 0.33 m)
[velocity_path_follower.py-9] [INFO] [1786828682.998827225] [velocity_path_follower]: 1875.0s  wp 4292/5251 이탈0.3m  위치 (  38.78,   -81.77,   7.96)
[velocity_path_follower.py-9] [INFO] [1786828683.299011577] [velocity_path_follower]: waypoint 4292 / 5251 도달 (선 이탈 0.31 m)
[velocity_path_follower.py-9] [INFO] [1786828683.649155382] [velocity_path_follower]: waypoint 4293 / 5251 도달 (선 이탈 0.28 m)
[velocity_path_follower.py-9] [INFO] [1786828683.998884132] [velocity_path_follower]: waypoint 4294 / 5251 도달 (선 이탈 0.25 m)
[velocity_path_follower.py-9] [INFO] [1786828684.348864894] [velocity_path_follower]: waypoint 4295 / 5251 도달 (선 이탈 0.22 m)
[velocity_path_follower.py-9] [INFO] [1786828684.698977158] [velocity_path_follower]: waypoint 4296 / 5251 도달 (선 이탈 0.19 m)
[velocity_path_follower.py-9] [INFO] [1786828685.049086840] [velocity_path_follower]: waypoint 4297 / 5251 도달 (선 이탈 0.15 m)
[velocity_path_follower.py-9] [INFO] [1786828685.448836094] [velocity_path_follower]: waypoint 4298 / 5251 도달 (선 이탈 0.11 m)
[velocity_path_follower.py-9] [INFO] [1786828685.798782565] [velocity_path_follower]: waypoint 4299 / 5251 도달 (선 이탈 0.08 m)
[velocity_path_follower.py-9] [INFO] [1786828686.148850333] [velocity_path_follower]: waypoint 4300 / 5251 도달 (선 이탈 0.04 m)
[velocity_path_follower.py-9] [INFO] [1786828686.498894144] [velocity_path_follower]: waypoint 4301 / 5251 도달 (선 이탈 0.00 m)
[velocity_path_follower.py-9] [INFO] [1786828686.848956580] [velocity_path_follower]: waypoint 4302 / 5251 도달 (선 이탈 0.03 m)
[velocity_path_follower.py-9] [INFO] [1786828687.198807511] [velocity_path_follower]: waypoint 4303 / 5251 도달 (선 이탈 0.06 m)
[velocity_path_follower.py-9] [INFO] [1786828687.548893034] [velocity_path_follower]: waypoint 4304 / 5251 도달 (선 이탈 0.09 m)
[velocity_path_follower.py-9] [INFO] [1786828687.899113936] [velocity_path_follower]: waypoint 4305 / 5251 도달 (선 이탈 0.11 m)
[velocity_path_follower.py-9] [INFO] [1786828687.998838339] [velocity_path_follower]: 1880.0s  wp 4306/5251 이탈0.1m  위치 (  31.74,   -82.22,   9.85)
[velocity_path_follower.py-9] [INFO] [1786828688.248896536] [velocity_path_follower]: waypoint 4306 / 5251 도달 (선 이탈 0.13 m)
[velocity_path_follower.py-9] [INFO] [1786828688.598841349] [velocity_path_follower]: waypoint 4307 / 5251 도달 (선 이탈 0.15 m)
[velocity_path_follower.py-9] [INFO] [1786828688.948865165] [velocity_path_follower]: waypoint 4308 / 5251 도달 (선 이탈 0.17 m)
[velocity_path_follower.py-9] [INFO] [1786828689.299490293] [velocity_path_follower]: waypoint 4309 / 5251 도달 (선 이탈 0.18 m)
[velocity_path_follower.py-9] [INFO] [1786828689.648951303] [velocity_path_follower]: waypoint 4310 / 5251 도달 (선 이탈 0.18 m)
[velocity_path_follower.py-9] [INFO] [1786828689.998815701] [velocity_path_follower]: waypoint 4311 / 5251 도달 (선 이탈 0.19 m)
[velocity_path_follower.py-9] [INFO] [1786828690.348936025] [velocity_path_follower]: waypoint 4312 / 5251 도달 (선 이탈 0.19 m)
[velocity_path_follower.py-9] [INFO] [1786828690.698660088] [velocity_path_follower]: waypoint 4313 / 5251 도달 (선 이탈 0.18 m)
[velocity_path_follower.py-9] [INFO] [1786828691.048903709] [velocity_path_follower]: waypoint 4314 / 5251 도달 (선 이탈 0.18 m)
[velocity_path_follower.py-9] [INFO] [1786828691.399029286] [velocity_path_follower]: waypoint 4315 / 5251 도달 (선 이탈 0.17 m)
[velocity_path_follower.py-9] [INFO] [1786828691.748846563] [velocity_path_follower]: waypoint 4316 / 5251 도달 (선 이탈 0.16 m)
[velocity_path_follower.py-9] [INFO] [1786828692.098779011] [velocity_path_follower]: waypoint 4317 / 5251 도달 (선 이탈 0.15 m)
[velocity_path_follower.py-9] [INFO] [1786828692.448789588] [velocity_path_follower]: waypoint 4318 / 5251 도달 (선 이탈 0.13 m)
[velocity_path_follower.py-9] [INFO] [1786828692.799089007] [velocity_path_follower]: waypoint 4319 / 5251 도달 (선 이탈 0.11 m)
[velocity_path_follower.py-9] [INFO] [1786828692.998640865] [velocity_path_follower]: 1885.0s  wp 4320/5251 이탈0.1m  위치 (  24.61,   -82.20,  12.61)
[velocity_path_follower.py-9] [INFO] [1786828693.148978457] [velocity_path_follower]: waypoint 4320 / 5251 도달 (선 이탈 0.10 m)
[velocity_path_follower.py-9] [INFO] [1786828693.498908035] [velocity_path_follower]: waypoint 4321 / 5251 도달 (선 이탈 0.08 m)
[velocity_path_follower.py-9] [INFO] [1786828693.849036951] [velocity_path_follower]: waypoint 4322 / 5251 도달 (선 이탈 0.06 m)
[velocity_path_follower.py-9] [INFO] [1786828694.198857903] [velocity_path_follower]: waypoint 4323 / 5251 도달 (선 이탈 0.04 m)
[velocity_path_follower.py-9] [INFO] [1786828694.548847360] [velocity_path_follower]: waypoint 4324 / 5251 도달 (선 이탈 0.02 m)
[velocity_path_follower.py-9] [INFO] [1786828694.899004656] [velocity_path_follower]: waypoint 4325 / 5251 도달 (선 이탈 0.00 m)
[velocity_path_follower.py-9] [INFO] [1786828695.248983115] [velocity_path_follower]: waypoint 4326 / 5251 도달 (선 이탈 0.01 m)
[velocity_path_follower.py-9] [INFO] [1786828695.598940699] [velocity_path_follower]: waypoint 4327 / 5251 도달 (선 이탈 0.03 m)
[velocity_path_follower.py-9] [INFO] [1786828695.948890033] [velocity_path_follower]: waypoint 4328 / 5251 도달 (선 이탈 0.04 m)
[velocity_path_follower.py-9] [INFO] [1786828696.298823244] [velocity_path_follower]: waypoint 4329 / 5251 도달 (선 이탈 0.06 m)
[velocity_path_follower.py-9] [INFO] [1786828696.648772998] [velocity_path_follower]: waypoint 4330 / 5251 도달 (선 이탈 0.07 m)
[velocity_path_follower.py-9] [INFO] [1786828696.998832172] [velocity_path_follower]: waypoint 4331 / 5251 도달 (선 이탈 0.08 m)
[velocity_path_follower.py-9] [INFO] [1786828697.348936308] [velocity_path_follower]: waypoint 4332 / 5251 도달 (선 이탈 0.08 m)
[velocity_path_follower.py-9] [INFO] [1786828697.701029293] [velocity_path_follower]: waypoint 4333 / 5251 도달 (선 이탈 0.09 m)
[velocity_path_follower.py-9] [INFO] [1786828698.000807711] [velocity_path_follower]: 1890.0s  wp 4334/5251 이탈0.1m  위치 (  17.44,   -82.01,  11.37)
[velocity_path_follower.py-9] [INFO] [1786828698.050799295] [velocity_path_follower]: waypoint 4334 / 5251 도달 (선 이탈 0.09 m)
[velocity_path_follower.py-9] [INFO] [1786828698.400981603] [velocity_path_follower]: waypoint 4335 / 5251 도달 (선 이탈 0.10 m)
[velocity_path_follower.py-9] [INFO] [1786828698.750902403] [velocity_path_follower]: waypoint 4336 / 5251 도달 (선 이탈 0.10 m)
[velocity_path_follower.py-9] [INFO] [1786828699.100997168] [velocity_path_follower]: waypoint 4337 / 5251 도달 (선 이탈 0.10 m)
[velocity_path_follower.py-9] [INFO] [1786828699.401624906] [velocity_path_follower]: waypoint 4338 / 5251 도달 (선 이탈 0.09 m)
[velocity_path_follower.py-9] [INFO] [1786828699.801066281] [velocity_path_follower]: waypoint 4339 / 5251 도달 (선 이탈 0.09 m)
[velocity_path_follower.py-9] [INFO] [1786828700.150873374] [velocity_path_follower]: waypoint 4340 / 5251 도달 (선 이탈 0.08 m)
[velocity_path_follower.py-9] [INFO] [1786828700.450829428] [velocity_path_follower]: waypoint 4341 / 5251 도달 (선 이탈 0.08 m)
[velocity_path_follower.py-9] [INFO] [1786828700.850919992] [velocity_path_follower]: waypoint 4342 / 5251 도달 (선 이탈 0.07 m)
[velocity_path_follower.py-9] [INFO] [1786828701.150783462] [velocity_path_follower]: waypoint 4343 / 5251 도달 (선 이탈 0.06 m)
[velocity_path_follower.py-9] [INFO] [1786828701.550894987] [velocity_path_follower]: waypoint 4344 / 5251 도달 (선 이탈 0.05 m)
[velocity_path_follower.py-9] [INFO] [1786828701.851042842] [velocity_path_follower]: waypoint 4345 / 5251 도달 (선 이탈 0.04 m)
[velocity_path_follower.py-9] [INFO] [1786828702.200920526] [velocity_path_follower]: waypoint 4346 / 5251 도달 (선 이탈 0.03 m)
[velocity_path_follower.py-9] [INFO] [1786828702.550896923] [velocity_path_follower]: waypoint 4347 / 5251 도달 (선 이탈 0.02 m)
[velocity_path_follower.py-9] [INFO] [1786828702.901104451] [velocity_path_follower]: waypoint 4348 / 5251 도달 (선 이탈 0.01 m)
[velocity_path_follower.py-9] [INFO] [1786828703.001102041] [velocity_path_follower]: 1895.0s  wp 4349/5251 이탈0.0m  위치 (  10.21,   -82.09,   9.92)
[velocity_path_follower.py-9] [INFO] [1786828703.251196395] [velocity_path_follower]: waypoint 4349 / 5251 도달 (선 이탈 0.00 m)
[velocity_path_follower.py-9] [INFO] [1786828703.600874828] [velocity_path_follower]: waypoint 4350 / 5251 도달 (선 이탈 0.01 m)
[velocity_path_follower.py-9] [INFO] [1786828703.951140652] [velocity_path_follower]: waypoint 4351 / 5251 도달 (선 이탈 0.01 m)
[velocity_path_follower.py-9] [INFO] [1786828704.301114804] [velocity_path_follower]: waypoint 4352 / 5251 도달 (선 이탈 0.02 m)
[velocity_path_follower.py-9] [INFO] [1786828704.650924994] [velocity_path_follower]: waypoint 4353 / 5251 도달 (선 이탈 0.03 m)
[velocity_path_follower.py-9] [INFO] [1786828705.001262490] [velocity_path_follower]: waypoint 4354 / 5251 도달 (선 이탈 0.03 m)
[velocity_path_follower.py-9] [INFO] [1786828705.350877218] [velocity_path_follower]: waypoint 4355 / 5251 도달 (선 이탈 0.04 m)
[velocity_path_follower.py-9] [INFO] [1786828705.700888666] [velocity_path_follower]: waypoint 4356 / 5251 도달 (선 이탈 0.04 m)
[velocity_path_follower.py-9] [INFO] [1786828706.050910698] [velocity_path_follower]: waypoint 4357 / 5251 도달 (선 이탈 0.05 m)
[velocity_path_follower.py-9] [INFO] [1786828706.401019027] [velocity_path_follower]: waypoint 4358 / 5251 도달 (선 이탈 0.05 m)
[velocity_path_follower.py-9] [INFO] [1786828706.751061312] [velocity_path_follower]: waypoint 4359 / 5251 도달 (선 이탈 0.05 m)
[velocity_path_follower.py-9] [INFO] [1786828707.051028340] [velocity_path_follower]: waypoint 4360 / 5251 도달 (선 이탈 0.05 m)
[velocity_path_follower.py-9] [INFO] [1786828707.451011215] [velocity_path_follower]: waypoint 4361 / 5251 도달 (선 이탈 0.05 m)
[velocity_path_follower.py-9] [INFO] [1786828707.763320523] [velocity_path_follower]: waypoint 4362 / 5251 도달 (선 이탈 0.05 m)
[velocity_path_follower.py-9] [INFO] [1786828708.010258835] [velocity_path_follower]: 1900.0s  wp 4363/5251 이탈0.0m  위치 (   3.01,   -82.15,  10.14)
[velocity_path_follower.py-9] [INFO] [1786828708.110076591] [velocity_path_follower]: waypoint 4363 / 5251 도달 (선 이탈 0.05 m)
[ros2-8] [INFO] [1786828708.354590417] [rosbag2_cpp]: Writing remaining messages from cache to the bag. It may take a while
[velocity_path_follower.py-9] [INFO] [1786828708.462930964] [velocity_path_follower]: waypoint 4364 / 5251 도달 (선 이탈 0.05 m)
[velocity_path_follower.py-9] [INFO] [1786828708.812481324] [velocity_path_follower]: waypoint 4365 / 5251 도달 (선 이탈 0.04 m)
[velocity_path_follower.py-9] [INFO] [1786828709.162287859] [velocity_path_follower]: waypoint 4366 / 5251 도달 (선 이탈 0.04 m)
[velocity_path_follower.py-9] [INFO] [1786828709.512413321] [velocity_path_follower]: waypoint 4367 / 5251 도달 (선 이탈 0.03 m)
[velocity_path_follower.py-9] [INFO] [1786828709.862539743] [velocity_path_follower]: waypoint 4368 / 5251 도달 (선 이탈 0.03 m)
[velocity_path_follower.py-9] [INFO] [1786828710.214448676] [velocity_path_follower]: waypoint 4369 / 5251 도달 (선 이탈 0.02 m)
[velocity_path_follower.py-9] [INFO] [1786828710.564442471] [velocity_path_follower]: waypoint 4370 / 5251 도달 (선 이탈 0.02 m)
[velocity_path_follower.py-9] [INFO] [1786828710.916528202] [velocity_path_follower]: waypoint 4371 / 5251 도달 (선 이탈 0.01 m)
[velocity_path_follower.py-9] [INFO] [1786828711.266429455] [velocity_path_follower]: waypoint 4372 / 5251 도달 (선 이탈 0.01 m)
[velocity_path_follower.py-9] [INFO] [1786828711.616439211] [velocity_path_follower]: waypoint 4373 / 5251 도달 (선 이탈 0.00 m)
[velocity_path_follower.py-9] [INFO] [1786828711.916620299] [velocity_path_follower]: waypoint 4374 / 5251 도달 (선 이탈 0.00 m)
[velocity_path_follower.py-9] [INFO] [1786828712.266432344] [velocity_path_follower]: waypoint 4375 / 5251 도달 (선 이탈 0.00 m)
[velocity_path_follower.py-9] [INFO] [1786828712.668652425] [velocity_path_follower]: waypoint 4376 / 5251 도달 (선 이탈 0.01 m)
[velocity_path_follower.py-9] [INFO] [1786828712.968641135] [velocity_path_follower]: waypoint 4377 / 5251 도달 (선 이탈 0.01 m)
[velocity_path_follower.py-9] [INFO] [1786828713.018577849] [velocity_path_follower]: 1905.0s  wp 4378/5251 이탈0.0m  위치 (  -4.17,   -82.09,   9.50)
[velocity_path_follower.py-9] [INFO] [1786828713.318779526] [velocity_path_follower]: waypoint 4378 / 5251 도달 (선 이탈 0.02 m)
[velocity_path_follower.py-9] [INFO] [1786828713.671398823] [velocity_path_follower]: waypoint 4379 / 5251 도달 (선 이탈 0.02 m)
[velocity_path_follower.py-9] [INFO] [1786828714.021192537] [velocity_path_follower]: waypoint 4380 / 5251 도달 (선 이탈 0.02 m)
[velocity_path_follower.py-9] [INFO] [1786828714.371189427] [velocity_path_follower]: waypoint 4381 / 5251 도달 (선 이탈 0.02 m)
[velocity_path_follower.py-9] [INFO] [1786828714.721387364] [velocity_path_follower]: waypoint 4382 / 5251 도달 (선 이탈 0.02 m)
[velocity_path_follower.py-9] [INFO] [1786828715.071367379] [velocity_path_follower]: waypoint 4383 / 5251 도달 (선 이탈 0.03 m)
[velocity_path_follower.py-9] [INFO] [1786828715.421266185] [velocity_path_follower]: waypoint 4384 / 5251 도달 (선 이탈 0.03 m)
[velocity_path_follower.py-9] [INFO] [1786828715.771313204] [velocity_path_follower]: waypoint 4385 / 5251 도달 (선 이탈 0.03 m)
[velocity_path_follower.py-9] [INFO] [1786828716.121338390] [velocity_path_follower]: waypoint 4386 / 5251 도달 (선 이탈 0.03 m)
[velocity_path_follower.py-9] [INFO] [1786828716.421386194] [velocity_path_follower]: waypoint 4387 / 5251 도달 (선 이탈 0.02 m)
[velocity_path_follower.py-9] [INFO] [1786828716.821300513] [velocity_path_follower]: waypoint 4388 / 5251 도달 (선 이탈 0.02 m)
[velocity_path_follower.py-9] [INFO] [1786828717.171307201] [velocity_path_follower]: waypoint 4389 / 5251 도달 (선 이탈 0.02 m)
[velocity_path_follower.py-9] [INFO] [1786828717.471296131] [velocity_path_follower]: waypoint 4390 / 5251 도달 (선 이탈 0.02 m)
[velocity_path_follower.py-9] [INFO] [1786828717.871325373] [velocity_path_follower]: waypoint 4391 / 5251 도달 (선 이탈 0.02 m)
[velocity_path_follower.py-9] [INFO] [1786828718.021172063] [velocity_path_follower]: 1910.0s  wp 4392/5251 이탈0.0m  위치 ( -11.38,   -82.08,   9.83)
[velocity_path_follower.py-9] [INFO] [1786828718.173251319] [velocity_path_follower]: waypoint 4392 / 5251 도달 (선 이탈 0.02 m)
[velocity_path_follower.py-9] [INFO] [1786828718.523327056] [velocity_path_follower]: waypoint 4393 / 5251 도달 (선 이탈 0.01 m)
[velocity_path_follower.py-9] [INFO] [1786828718.873387792] [velocity_path_follower]: waypoint 4394 / 5251 도달 (선 이탈 0.01 m)
[velocity_path_follower.py-9] [INFO] [1786828719.223899876] [velocity_path_follower]: waypoint 4395 / 5251 도달 (선 이탈 0.01 m)
[velocity_path_follower.py-9] [INFO] [1786828719.573323471] [velocity_path_follower]: waypoint 4396 / 5251 도달 (선 이탈 0.00 m)
[velocity_path_follower.py-9] [INFO] [1786828719.923599299] [velocity_path_follower]: waypoint 4397 / 5251 도달 (선 이탈 0.00 m)
[velocity_path_follower.py-9] [INFO] [1786828720.273231486] [velocity_path_follower]: waypoint 4398 / 5251 도달 (선 이탈 0.00 m)
[velocity_path_follower.py-9] [INFO] [1786828720.623243351] [velocity_path_follower]: waypoint 4399 / 5251 도달 (선 이탈 0.00 m)
[velocity_path_follower.py-9] [INFO] [1786828720.975517908] [velocity_path_follower]: waypoint 4400 / 5251 도달 (선 이탈 0.01 m)
[velocity_path_follower.py-9] [INFO] [1786828721.333870145] [velocity_path_follower]: waypoint 4401 / 5251 도달 (선 이탈 0.01 m)
[velocity_path_follower.py-9] [INFO] [1786828721.634056507] [velocity_path_follower]: waypoint 4402 / 5251 도달 (선 이탈 0.01 m)
[velocity_path_follower.py-9] [INFO] [1786828722.033863964] [velocity_path_follower]: waypoint 4403 / 5251 도달 (선 이탈 0.01 m)
[velocity_path_follower.py-9] [INFO] [1786828722.333858073] [velocity_path_follower]: waypoint 4404 / 5251 도달 (선 이탈 0.01 m)
[velocity_path_follower.py-9] [INFO] [1786828722.683570684] [velocity_path_follower]: waypoint 4405 / 5251 도달 (선 이탈 0.01 m)
[velocity_path_follower.py-9] [INFO] [1786828723.033588097] [velocity_path_follower]: 1915.0s  wp 4406/5251 이탈0.0m  위치 ( -18.59,   -82.11,   7.10)
[velocity_path_follower.py-9] [INFO] [1786828723.083872534] [velocity_path_follower]: waypoint 4406 / 5251 도달 (선 이탈 0.01 m)
[velocity_path_follower.py-9] [INFO] [1786828723.383660347] [velocity_path_follower]: waypoint 4407 / 5251 도달 (선 이탈 0.01 m)
[velocity_path_follower.py-9] [INFO] [1786828723.733934728] [velocity_path_follower]: waypoint 4408 / 5251 도달 (선 이탈 0.01 m)
[velocity_path_follower.py-9] [INFO] [1786828724.083695220] [velocity_path_follower]: waypoint 4409 / 5251 도달 (선 이탈 0.01 m)
[velocity_path_follower.py-9] [INFO] [1786828724.433960728] [velocity_path_follower]: waypoint 4410 / 5251 도달 (선 이탈 0.01 m)
[velocity_path_follower.py-9] [INFO] [1786828724.784022897] [velocity_path_follower]: waypoint 4411 / 5251 도달 (선 이탈 0.01 m)
[velocity_path_follower.py-9] [INFO] [1786828725.133876395] [velocity_path_follower]: waypoint 4412 / 5251 도달 (선 이탈 0.01 m)
[velocity_path_follower.py-9] [INFO] [1786828725.484036528] [velocity_path_follower]: waypoint 4413 / 5251 도달 (선 이탈 0.01 m)
[velocity_path_follower.py-9] [INFO] [1786828725.833876152] [velocity_path_follower]: waypoint 4414 / 5251 도달 (선 이탈 0.01 m)
[velocity_path_follower.py-9] [INFO] [1786828726.183922366] [velocity_path_follower]: waypoint 4415 / 5251 도달 (선 이탈 0.01 m)
[velocity_path_follower.py-9] [INFO] [1786828726.534140421] [velocity_path_follower]: waypoint 4416 / 5251 도달 (선 이탈 0.01 m)
[velocity_path_follower.py-9] [INFO] [1786828726.883828626] [velocity_path_follower]: waypoint 4417 / 5251 도달 (선 이탈 0.01 m)
[velocity_path_follower.py-9] [INFO] [1786828727.233787383] [velocity_path_follower]: waypoint 4418 / 5251 도달 (선 이탈 0.01 m)
[velocity_path_follower.py-9] [INFO] [1786828727.583914687] [velocity_path_follower]: waypoint 4419 / 5251 도달 (선 이탈 0.00 m)
[velocity_path_follower.py-9] [INFO] [1786828727.886349088] [velocity_path_follower]: waypoint 4420 / 5251 도달 (선 이탈 0.00 m)
[velocity_path_follower.py-9] [INFO] [1786828728.036149955] [velocity_path_follower]: 1920.0s  wp 4421/5251 이탈0.0m  위치 ( -25.80,   -82.10,   8.71)
[velocity_path_follower.py-9] [INFO] [1786828728.286375446] [velocity_path_follower]: waypoint 4421 / 5251 도달 (선 이탈 0.00 m)
[velocity_path_follower.py-9] [INFO] [1786828728.588459339] [velocity_path_follower]: waypoint 4422 / 5251 도달 (선 이탈 0.00 m)
[velocity_path_follower.py-9] [INFO] [1786828728.938612480] [velocity_path_follower]: waypoint 4423 / 5251 도달 (선 이탈 0.00 m)
[velocity_path_follower.py-9] [INFO] [1786828729.288776874] [velocity_path_follower]: waypoint 4424 / 5251 도달 (선 이탈 0.00 m)
[velocity_path_follower.py-9] [INFO] [1786828729.639137732] [velocity_path_follower]: waypoint 4425 / 5251 도달 (선 이탈 0.00 m)
[velocity_path_follower.py-9] [INFO] [1786828729.988814654] [velocity_path_follower]: waypoint 4426 / 5251 도달 (선 이탈 0.00 m)
[velocity_path_follower.py-9] [INFO] [1786828730.338549538] [velocity_path_follower]: waypoint 4427 / 5251 도달 (선 이탈 0.00 m)
[velocity_path_follower.py-9] [INFO] [1786828730.688615599] [velocity_path_follower]: waypoint 4428 / 5251 도달 (선 이탈 0.01 m)
[velocity_path_follower.py-9] [INFO] [1786828731.038532364] [velocity_path_follower]: waypoint 4429 / 5251 도달 (선 이탈 0.01 m)
[velocity_path_follower.py-9] [INFO] [1786828731.388483924] [velocity_path_follower]: waypoint 4430 / 5251 도달 (선 이탈 0.01 m)
[velocity_path_follower.py-9] [INFO] [1786828731.738540362] [velocity_path_follower]: waypoint 4431 / 5251 도달 (선 이탈 0.01 m)
[velocity_path_follower.py-9] [INFO] [1786828732.088458755] [velocity_path_follower]: waypoint 4432 / 5251 도달 (선 이탈 0.01 m)
[velocity_path_follower.py-9] [INFO] [1786828732.438885665] [velocity_path_follower]: waypoint 4433 / 5251 도달 (선 이탈 0.01 m)
[velocity_path_follower.py-9] [INFO] [1786828732.788544594] [velocity_path_follower]: waypoint 4434 / 5251 도달 (선 이탈 0.01 m)
[velocity_path_follower.py-9] [INFO] [1786828733.038368956] [velocity_path_follower]: 1925.0s  wp 4435/5251 이탈0.0m  위치 ( -33.02,   -82.09,  10.34)
[velocity_path_follower.py-9] [INFO] [1786828733.088582895] [velocity_path_follower]: waypoint 4435 / 5251 도달 (선 이탈 0.01 m)
[velocity_path_follower.py-9] [INFO] [1786828733.488674063] [velocity_path_follower]: waypoint 4436 / 5251 도달 (선 이탈 0.01 m)
[velocity_path_follower.py-9] [INFO] [1786828733.788530485] [velocity_path_follower]: waypoint 4437 / 5251 도달 (선 이탈 0.01 m)
[velocity_path_follower.py-9] [INFO] [1786828734.138559096] [velocity_path_follower]: waypoint 4438 / 5251 도달 (선 이탈 0.01 m)
[velocity_path_follower.py-9] [INFO] [1786828734.488687336] [velocity_path_follower]: waypoint 4439 / 5251 도달 (선 이탈 0.00 m)
[velocity_path_follower.py-9] [INFO] [1786828734.838518650] [velocity_path_follower]: waypoint 4440 / 5251 도달 (선 이탈 0.00 m)
[velocity_path_follower.py-9] [INFO] [1786828735.188422677] [velocity_path_follower]: waypoint 4441 / 5251 도달 (선 이탈 0.00 m)
[velocity_path_follower.py-9] [INFO] [1786828735.538514710] [velocity_path_follower]: waypoint 4442 / 5251 도달 (선 이탈 0.00 m)
[velocity_path_follower.py-9] [INFO] [1786828735.888485990] [velocity_path_follower]: waypoint 4443 / 5251 도달 (선 이탈 0.00 m)
[velocity_path_follower.py-9] [INFO] [1786828738.039012979] [velocity_path_follower]: 1930.0s  climb       위치 ( -39.92,   -81.65,   5.77)
[velocity_path_follower.py-9] [INFO] [1786828743.041504830] [velocity_path_follower]: 1935.0s  wp 4444/5251 이탈4.6m  위치 ( -43.17,   -80.50,   7.44)
[velocity_path_follower.py-9] [INFO] [1786828745.047521247] [velocity_path_follower]: waypoint 4444 / 5251 도달 (선 이탈 4.53 m)
[velocity_path_follower.py-9] [INFO] [1786828748.059841214] [velocity_path_follower]: 1940.0s  wp 4446/5251 이탈0.3m  위치 ( -41.33,   -77.82,   7.64)
[velocity_path_follower.py-9] [INFO] [1786828749.809700916] [velocity_path_follower]: waypoint 4446 / 5251 도달 (선 이탈 0.97 m)
[velocity_path_follower.py-9] [INFO] [1786828750.260208793] [velocity_path_follower]: waypoint 4447 / 5251 도달 (선 이탈 1.07 m)
[velocity_path_follower.py-9] [INFO] [1786828750.709775811] [velocity_path_follower]: waypoint 4448 / 5251 도달 (선 이탈 1.13 m)
[velocity_path_follower.py-9] [INFO] [1786828751.160087602] [velocity_path_follower]: waypoint 4449 / 5251 도달 (선 이탈 1.16 m)
[velocity_path_follower.py-9] [INFO] [1786828751.609928715] [velocity_path_follower]: waypoint 4450 / 5251 도달 (선 이탈 1.16 m)
[velocity_path_follower.py-9] [INFO] [1786828753.059650612] [velocity_path_follower]: 1945.0s  climb       위치 ( -36.11,   -77.02,   6.40)
[velocity_path_follower.py-9] [INFO] [1786828753.309917319] [velocity_path_follower]: waypoint 4451 / 5251 도달 (선 이탈 1.07 m)
[velocity_path_follower.py-9] [INFO] [1786828753.359680126] [velocity_path_follower]: waypoint 4452 / 5251 도달 (선 이탈 1.06 m)
[velocity_path_follower.py-9] [INFO] [1786828753.409941865] [velocity_path_follower]: waypoint 4453 / 5251 도달 (선 이탈 1.06 m)
[velocity_path_follower.py-9] [INFO] [1786828753.709885460] [velocity_path_follower]: waypoint 4454 / 5251 도달 (선 이탈 1.05 m)
[velocity_path_follower.py-9] [INFO] [1786828754.309887489] [velocity_path_follower]: waypoint 4455 / 5251 도달 (선 이탈 0.99 m)
[velocity_path_follower.py-9] [INFO] [1786828754.909968148] [velocity_path_follower]: waypoint 4456 / 5251 도달 (선 이탈 0.90 m)
[velocity_path_follower.py-9] [INFO] [1786828755.409872674] [velocity_path_follower]: waypoint 4457 / 5251 도달 (선 이탈 0.80 m)
[velocity_path_follower.py-9] [INFO] [1786828755.960069733] [velocity_path_follower]: waypoint 4458 / 5251 도달 (선 이탈 0.67 m)
[velocity_path_follower.py-9] [INFO] [1786828756.459651337] [velocity_path_follower]: waypoint 4459 / 5251 도달 (선 이탈 0.54 m)
[velocity_path_follower.py-9] [INFO] [1786828756.959993797] [velocity_path_follower]: waypoint 4460 / 5251 도달 (선 이탈 0.40 m)
[velocity_path_follower.py-9] [INFO] [1786828757.409908848] [velocity_path_follower]: waypoint 4461 / 5251 도달 (선 이탈 0.27 m)
[velocity_path_follower.py-9] [INFO] [1786828757.909934011] [velocity_path_follower]: waypoint 4462 / 5251 도달 (선 이탈 0.13 m)
[velocity_path_follower.py-9] [INFO] [1786828758.059601992] [velocity_path_follower]: 1950.0s  wp 4463/5251 이탈0.1m  위치 ( -31.39,   -78.01,   7.48)
[velocity_path_follower.py-9] [INFO] [1786828758.360329704] [velocity_path_follower]: waypoint 4463 / 5251 도달 (선 이탈 0.00 m)
[velocity_path_follower.py-9] [INFO] [1786828758.759669009] [velocity_path_follower]: waypoint 4464 / 5251 도달 (선 이탈 0.10 m)
[velocity_path_follower.py-9] [INFO] [1786828759.209868907] [velocity_path_follower]: waypoint 4465 / 5251 도달 (선 이탈 0.20 m)
[velocity_path_follower.py-9] [INFO] [1786828759.609841566] [velocity_path_follower]: waypoint 4466 / 5251 도달 (선 이탈 0.29 m)
[velocity_path_follower.py-9] [INFO] [1786828760.059906046] [velocity_path_follower]: waypoint 4467 / 5251 도달 (선 이탈 0.36 m)
[velocity_path_follower.py-9] [INFO] [1786828760.460126549] [velocity_path_follower]: waypoint 4468 / 5251 도달 (선 이탈 0.42 m)
[velocity_path_follower.py-9] [INFO] [1786828760.859941207] [velocity_path_follower]: waypoint 4469 / 5251 도달 (선 이탈 0.47 m)
[velocity_path_follower.py-9] [INFO] [1786828761.260118961] [velocity_path_follower]: waypoint 4470 / 5251 도달 (선 이탈 0.50 m)
[velocity_path_follower.py-9] [INFO] [1786828761.660071834] [velocity_path_follower]: waypoint 4471 / 5251 도달 (선 이탈 0.52 m)
[velocity_path_follower.py-9] [INFO] [1786828762.059877745] [velocity_path_follower]: waypoint 4472 / 5251 도달 (선 이탈 0.52 m)
[velocity_path_follower.py-9] [INFO] [1786828762.460282801] [velocity_path_follower]: waypoint 4473 / 5251 도달 (선 이탈 0.52 m)
[velocity_path_follower.py-9] [INFO] [1786828762.809700843] [velocity_path_follower]: waypoint 4474 / 5251 도달 (선 이탈 0.50 m)
[velocity_path_follower.py-9] [INFO] [1786828763.059660183] [velocity_path_follower]: 1955.0s  wp 4475/5251 이탈0.5m  위치 ( -25.28,   -78.59,   9.97)
[velocity_path_follower.py-9] [INFO] [1786828763.209620678] [velocity_path_follower]: waypoint 4475 / 5251 도달 (선 이탈 0.48 m)
[velocity_path_follower.py-9] [INFO] [1786828763.609693769] [velocity_path_follower]: waypoint 4476 / 5251 도달 (선 이탈 0.44 m)
[velocity_path_follower.py-9] [INFO] [1786828763.960079509] [velocity_path_follower]: waypoint 4477 / 5251 도달 (선 이탈 0.40 m)
[velocity_path_follower.py-9] [INFO] [1786828764.359879886] [velocity_path_follower]: waypoint 4478 / 5251 도달 (선 이탈 0.36 m)
[velocity_path_follower.py-9] [INFO] [1786828764.759931146] [velocity_path_follower]: waypoint 4479 / 5251 도달 (선 이탈 0.31 m)
[velocity_path_follower.py-9] [INFO] [1786828765.109902419] [velocity_path_follower]: waypoint 4480 / 5251 도달 (선 이탈 0.26 m)
[velocity_path_follower.py-9] [INFO] [1786828765.510061685] [velocity_path_follower]: waypoint 4481 / 5251 도달 (선 이탈 0.20 m)
[velocity_path_follower.py-9] [INFO] [1786828765.859657281] [velocity_path_follower]: waypoint 4482 / 5251 도달 (선 이탈 0.15 m)
[velocity_path_follower.py-9] [INFO] [1786828766.209838147] [velocity_path_follower]: waypoint 4483 / 5251 도달 (선 이탈 0.10 m)
[velocity_path_follower.py-9] [INFO] [1786828766.609687115] [velocity_path_follower]: waypoint 4484 / 5251 도달 (선 이탈 0.04 m)
[velocity_path_follower.py-9] [INFO] [1786828766.960146448] [velocity_path_follower]: waypoint 4485 / 5251 도달 (선 이탈 0.01 m)
[velocity_path_follower.py-9] [INFO] [1786828767.362072814] [velocity_path_follower]: waypoint 4486 / 5251 도달 (선 이탈 0.06 m)
[velocity_path_follower.py-9] [INFO] [1786828767.712166347] [velocity_path_follower]: waypoint 4487 / 5251 도달 (선 이탈 0.10 m)
[velocity_path_follower.py-9] [INFO] [1786828768.062173503] [velocity_path_follower]: waypoint 4488 / 5251 도달 (선 이탈 0.14 m)
[velocity_path_follower.py-9] [INFO] [1786828768.112068570] [velocity_path_follower]: 1960.1s  wp 4489/5251 이탈0.1m  위치 ( -18.51,   -77.95,  10.11)
[velocity_path_follower.py-9] [INFO] [1786828768.412152035] [velocity_path_follower]: waypoint 4489 / 5251 도달 (선 이탈 0.18 m)
[velocity_path_follower.py-9] [INFO] [1786828768.812119971] [velocity_path_follower]: waypoint 4490 / 5251 도달 (선 이탈 0.21 m)
[velocity_path_follower.py-9] [INFO] [1786828769.162175465] [velocity_path_follower]: waypoint 4491 / 5251 도달 (선 이탈 0.23 m)
[velocity_path_follower.py-9] [INFO] [1786828769.512328088] [velocity_path_follower]: waypoint 4492 / 5251 도달 (선 이탈 0.25 m)
[velocity_path_follower.py-9] [INFO] [1786828769.862141118] [velocity_path_follower]: waypoint 4493 / 5251 도달 (선 이탈 0.26 m)
[velocity_path_follower.py-9] [INFO] [1786828770.230369031] [velocity_path_follower]: waypoint 4494 / 5251 도달 (선 이탈 0.27 m)
[velocity_path_follower.py-9] [INFO] [1786828770.628847053] [velocity_path_follower]: waypoint 4495 / 5251 도달 (선 이탈 0.28 m)
[velocity_path_follower.py-9] [INFO] [1786828770.978904051] [velocity_path_follower]: waypoint 4496 / 5251 도달 (선 이탈 0.28 m)
[velocity_path_follower.py-9] [INFO] [1786828771.328809088] [velocity_path_follower]: waypoint 4497 / 5251 도달 (선 이탈 0.27 m)
[velocity_path_follower.py-9] [INFO] [1786828771.678843172] [velocity_path_follower]: waypoint 4498 / 5251 도달 (선 이탈 0.26 m)
[velocity_path_follower.py-9] [INFO] [1786828772.028794503] [velocity_path_follower]: waypoint 4499 / 5251 도달 (선 이탈 0.24 m)
[velocity_path_follower.py-9] [INFO] [1786828773.081316874] [velocity_path_follower]: 1965.0s  climb       위치 ( -11.63,   -77.92,   6.09)
[velocity_path_follower.py-9] [INFO] [1786828775.740155386] [velocity_path_follower]: waypoint 4500 / 5251 도달 (선 이탈 0.07 m)
[velocity_path_follower.py-9] [INFO] [1786828775.789932202] [velocity_path_follower]: waypoint 4501 / 5251 도달 (선 이탈 0.07 m)
[velocity_path_follower.py-9] [INFO] [1786828775.840047111] [velocity_path_follower]: waypoint 4502 / 5251 도달 (선 이탈 0.07 m)
[velocity_path_follower.py-9] [INFO] [1786828775.889948514] [velocity_path_follower]: waypoint 4503 / 5251 도달 (선 이탈 0.07 m)
[velocity_path_follower.py-9] [INFO] [1786828775.940004005] [velocity_path_follower]: waypoint 4504 / 5251 도달 (선 이탈 0.07 m)
[velocity_path_follower.py-9] [INFO] [1786828775.989983994] [velocity_path_follower]: waypoint 4505 / 5251 도달 (선 이탈 0.07 m)
[velocity_path_follower.py-9] [INFO] [1786828776.040063528] [velocity_path_follower]: waypoint 4506 / 5251 도달 (선 이탈 0.06 m)
[velocity_path_follower.py-9] [INFO] [1786828776.089921138] [velocity_path_follower]: waypoint 4507 / 5251 도달 (선 이탈 0.06 m)
[velocity_path_follower.py-9] [INFO] [1786828776.390002412] [velocity_path_follower]: waypoint 4508 / 5251 도달 (선 이탈 0.05 m)
[velocity_path_follower.py-9] [INFO] [1786828777.089927725] [velocity_path_follower]: waypoint 4509 / 5251 도달 (선 이탈 0.03 m)
[velocity_path_follower.py-9] [INFO] [1786828777.690034150] [velocity_path_follower]: waypoint 4510 / 5251 도달 (선 이탈 0.02 m)
[velocity_path_follower.py-9] [INFO] [1786828778.089660477] [velocity_path_follower]: 1970.0s  wp 4511/5251 이탈0.0m  위치 (  -7.24,   -78.09,   8.31)
[velocity_path_follower.py-9] [INFO] [1786828778.240004250] [velocity_path_follower]: waypoint 4511 / 5251 도달 (선 이탈 0.00 m)
[velocity_path_follower.py-9] [INFO] [1786828778.789999936] [velocity_path_follower]: waypoint 4512 / 5251 도달 (선 이탈 0.01 m)
[velocity_path_follower.py-9] [INFO] [1786828779.289826712] [velocity_path_follower]: waypoint 4513 / 5251 도달 (선 이탈 0.03 m)
[velocity_path_follower.py-9] [INFO] [1786828779.789940915] [velocity_path_follower]: waypoint 4514 / 5251 도달 (선 이탈 0.03 m)
[velocity_path_follower.py-9] [INFO] [1786828780.239953584] [velocity_path_follower]: waypoint 4515 / 5251 도달 (선 이탈 0.04 m)
[velocity_path_follower.py-9] [INFO] [1786828780.739956328] [velocity_path_follower]: waypoint 4516 / 5251 도달 (선 이탈 0.05 m)
[velocity_path_follower.py-9] [INFO] [1786828781.140136472] [velocity_path_follower]: waypoint 4517 / 5251 도달 (선 이탈 0.05 m)
[velocity_path_follower.py-9] [INFO] [1786828781.590001766] [velocity_path_follower]: waypoint 4518 / 5251 도달 (선 이탈 0.05 m)
[velocity_path_follower.py-9] [INFO] [1786828782.039924896] [velocity_path_follower]: waypoint 4519 / 5251 도달 (선 이탈 0.05 m)
[velocity_path_follower.py-9] [INFO] [1786828782.439993874] [velocity_path_follower]: waypoint 4520 / 5251 도달 (선 이탈 0.05 m)
[velocity_path_follower.py-9] [INFO] [1786828782.839901764] [velocity_path_follower]: waypoint 4521 / 5251 도달 (선 이탈 0.05 m)
[velocity_path_follower.py-9] [INFO] [1786828783.089891265] [velocity_path_follower]: 1975.0s  wp 4522/5251 이탈0.0m  위치 (  -1.80,   -78.15,  11.64)
[velocity_path_follower.py-9] [INFO] [1786828783.240018995] [velocity_path_follower]: waypoint 4522 / 5251 도달 (선 이탈 0.05 m)
[velocity_path_follower.py-9] [INFO] [1786828783.690062135] [velocity_path_follower]: waypoint 4523 / 5251 도달 (선 이탈 0.04 m)
[velocity_path_follower.py-9] [INFO] [1786828784.039806822] [velocity_path_follower]: waypoint 4524 / 5251 도달 (선 이탈 0.04 m)
[velocity_path_follower.py-9] [INFO] [1786828784.439982393] [velocity_path_follower]: waypoint 4525 / 5251 도달 (선 이탈 0.03 m)
[velocity_path_follower.py-9] [INFO] [1786828784.839962332] [velocity_path_follower]: waypoint 4526 / 5251 도달 (선 이탈 0.03 m)
[velocity_path_follower.py-9] [INFO] [1786828785.239899147] [velocity_path_follower]: waypoint 4527 / 5251 도달 (선 이탈 0.02 m)
[velocity_path_follower.py-9] [INFO] [1786828785.639871673] [velocity_path_follower]: waypoint 4528 / 5251 도달 (선 이탈 0.02 m)
[velocity_path_follower.py-9] [INFO] [1786828785.990141131] [velocity_path_follower]: waypoint 4529 / 5251 도달 (선 이탈 0.01 m)
[velocity_path_follower.py-9] [INFO] [1786828786.390060615] [velocity_path_follower]: waypoint 4530 / 5251 도달 (선 이탈 0.00 m)
[velocity_path_follower.py-9] [INFO] [1786828786.740009233] [velocity_path_follower]: waypoint 4531 / 5251 도달 (선 이탈 0.00 m)
[velocity_path_follower.py-9] [INFO] [1786828787.140013055] [velocity_path_follower]: waypoint 4532 / 5251 도달 (선 이탈 0.01 m)
[velocity_path_follower.py-9] [INFO] [1786828787.490070886] [velocity_path_follower]: waypoint 4533 / 5251 도달 (선 이탈 0.01 m)
[velocity_path_follower.py-9] [INFO] [1786828787.890071127] [velocity_path_follower]: waypoint 4534 / 5251 도달 (선 이탈 0.02 m)
[velocity_path_follower.py-9] [INFO] [1786828788.089850386] [velocity_path_follower]: 1980.0s  wp 4535/5251 이탈0.0m  위치 (   4.71,   -78.08,   9.44)
[velocity_path_follower.py-9] [INFO] [1786828788.239950079] [velocity_path_follower]: waypoint 4535 / 5251 도달 (선 이탈 0.02 m)
[velocity_path_follower.py-9] [INFO] [1786828788.639926738] [velocity_path_follower]: waypoint 4536 / 5251 도달 (선 이탈 0.02 m)
[velocity_path_follower.py-9] [INFO] [1786828788.990017948] [velocity_path_follower]: waypoint 4537 / 5251 도달 (선 이탈 0.02 m)
[velocity_path_follower.py-9] [INFO] [1786828789.340113911] [velocity_path_follower]: waypoint 4538 / 5251 도달 (선 이탈 0.03 m)
[velocity_path_follower.py-9] [INFO] [1786828789.689928365] [velocity_path_follower]: waypoint 4539 / 5251 도달 (선 이탈 0.03 m)
[velocity_path_follower.py-9] [INFO] [1786828790.089844567] [velocity_path_follower]: waypoint 4540 / 5251 도달 (선 이탈 0.03 m)
[velocity_path_follower.py-9] [INFO] [1786828790.439852029] [velocity_path_follower]: waypoint 4541 / 5251 도달 (선 이탈 0.03 m)
[velocity_path_follower.py-9] [INFO] [1786828790.797126209] [velocity_path_follower]: waypoint 4542 / 5251 도달 (선 이탈 0.03 m)
[velocity_path_follower.py-9] [INFO] [1786828791.149542286] [velocity_path_follower]: waypoint 4543 / 5251 도달 (선 이탈 0.03 m)
[velocity_path_follower.py-9] [INFO] [1786828791.499629003] [velocity_path_follower]: waypoint 4544 / 5251 도달 (선 이탈 0.03 m)
[velocity_path_follower.py-9] [INFO] [1786828791.851592443] [velocity_path_follower]: waypoint 4545 / 5251 도달 (선 이탈 0.02 m)
[velocity_path_follower.py-9] [INFO] [1786828792.251768535] [velocity_path_follower]: waypoint 4546 / 5251 도달 (선 이탈 0.02 m)
[velocity_path_follower.py-9] [INFO] [1786828792.603701143] [velocity_path_follower]: waypoint 4547 / 5251 도달 (선 이탈 0.02 m)
[velocity_path_follower.py-9] [INFO] [1786828792.953912574] [velocity_path_follower]: waypoint 4548 / 5251 도달 (선 이탈 0.02 m)
[velocity_path_follower.py-9] [INFO] [1786828793.103672345] [velocity_path_follower]: 1985.0s  wp 4549/5251 이탈0.0m  위치 (  11.65,   -78.08,   9.65)
[velocity_path_follower.py-9] [INFO] [1786828793.303665328] [velocity_path_follower]: waypoint 4549 / 5251 도달 (선 이탈 0.02 m)
[velocity_path_follower.py-9] [INFO] [1786828793.654035558] [velocity_path_follower]: waypoint 4550 / 5251 도달 (선 이탈 0.01 m)
[velocity_path_follower.py-9] [INFO] [1786828794.003818563] [velocity_path_follower]: waypoint 4551 / 5251 도달 (선 이탈 0.01 m)
[velocity_path_follower.py-9] [INFO] [1786828794.355916430] [velocity_path_follower]: waypoint 4552 / 5251 도달 (선 이탈 0.01 m)
[velocity_path_follower.py-9] [INFO] [1786828794.705874568] [velocity_path_follower]: waypoint 4553 / 5251 도달 (선 이탈 0.00 m)
[velocity_path_follower.py-9] [INFO] [1786828795.056034711] [velocity_path_follower]: waypoint 4554 / 5251 도달 (선 이탈 0.00 m)
[velocity_path_follower.py-9] [INFO] [1786828795.405961141] [velocity_path_follower]: waypoint 4555 / 5251 도달 (선 이탈 0.00 m)
[velocity_path_follower.py-9] [INFO] [1786828795.756063202] [velocity_path_follower]: waypoint 4556 / 5251 도달 (선 이탈 0.00 m)
[velocity_path_follower.py-9] [INFO] [1786828796.106195222] [velocity_path_follower]: waypoint 4557 / 5251 도달 (선 이탈 0.01 m)
[velocity_path_follower.py-9] [INFO] [1786828796.455960025] [velocity_path_follower]: waypoint 4558 / 5251 도달 (선 이탈 0.01 m)
[velocity_path_follower.py-9] [INFO] [1786828796.856127087] [velocity_path_follower]: waypoint 4559 / 5251 도달 (선 이탈 0.01 m)
[velocity_path_follower.py-9] [INFO] [1786828797.155826517] [velocity_path_follower]: waypoint 4560 / 5251 도달 (선 이탈 0.01 m)
[velocity_path_follower.py-9] [INFO] [1786828797.562055888] [velocity_path_follower]: waypoint 4561 / 5251 도달 (선 이탈 0.01 m)
[velocity_path_follower.py-9] [INFO] [1786828797.855949645] [velocity_path_follower]: waypoint 4562 / 5251 도달 (선 이탈 0.01 m)
[velocity_path_follower.py-9] [INFO] [1786828798.105684373] [velocity_path_follower]: 1990.0s  wp 4563/5251 이탈0.0m  위치 (  18.76,   -78.11,  11.53)
[velocity_path_follower.py-9] [INFO] [1786828798.255946039] [velocity_path_follower]: waypoint 4563 / 5251 도달 (선 이탈 0.01 m)
[velocity_path_follower.py-9] [INFO] [1786828798.555935273] [velocity_path_follower]: waypoint 4564 / 5251 도달 (선 이탈 0.01 m)
[velocity_path_follower.py-9] [INFO] [1786828798.906084884] [velocity_path_follower]: waypoint 4565 / 5251 도달 (선 이탈 0.01 m)
[velocity_path_follower.py-9] [INFO] [1786828799.255943154] [velocity_path_follower]: waypoint 4566 / 5251 도달 (선 이탈 0.01 m)
[velocity_path_follower.py-9] [INFO] [1786828799.605922054] [velocity_path_follower]: waypoint 4567 / 5251 도달 (선 이탈 0.01 m)
[velocity_path_follower.py-9] [INFO] [1786828799.956045291] [velocity_path_follower]: waypoint 4568 / 5251 도달 (선 이탈 0.01 m)
[velocity_path_follower.py-9] [INFO] [1786828800.306144030] [velocity_path_follower]: waypoint 4569 / 5251 도달 (선 이탈 0.01 m)
[velocity_path_follower.py-9] [INFO] [1786828800.656063138] [velocity_path_follower]: waypoint 4570 / 5251 도달 (선 이탈 0.01 m)
[velocity_path_follower.py-9] [INFO] [1786828801.006164919] [velocity_path_follower]: waypoint 4571 / 5251 도달 (선 이탈 0.01 m)
[velocity_path_follower.py-9] [INFO] [1786828801.392079525] [velocity_path_follower]: waypoint 4572 / 5251 도달 (선 이탈 0.01 m)
[velocity_path_follower.py-9] [INFO] [1786828801.731004682] [velocity_path_follower]: waypoint 4573 / 5251 도달 (선 이탈 0.01 m)
[velocity_path_follower.py-9] [INFO] [1786828802.080827957] [velocity_path_follower]: waypoint 4574 / 5251 도달 (선 이탈 0.01 m)
[velocity_path_follower.py-9] [INFO] [1786828802.430918825] [velocity_path_follower]: waypoint 4575 / 5251 도달 (선 이탈 0.00 m)
[velocity_path_follower.py-9] [INFO] [1786828802.780641683] [velocity_path_follower]: waypoint 4576 / 5251 도달 (선 이탈 0.00 m)
[velocity_path_follower.py-9] [INFO] [1786828803.130980018] [velocity_path_follower]: waypoint 4577 / 5251 도달 (선 이탈 0.00 m)
[velocity_path_follower.py-9] [INFO] [1786828803.180892764] [velocity_path_follower]: 1995.1s  wp 4578/5251 이탈0.0m  위치 (  26.01,   -78.10,   9.74)
[velocity_path_follower.py-9] [INFO] [1786828803.480940218] [velocity_path_follower]: waypoint 4578 / 5251 도달 (선 이탈 0.00 m)
[velocity_path_follower.py-9] [INFO] [1786828803.830696162] [velocity_path_follower]: waypoint 4579 / 5251 도달 (선 이탈 0.00 m)
[velocity_path_follower.py-9] [INFO] [1786828804.180813910] [velocity_path_follower]: waypoint 4580 / 5251 도달 (선 이탈 0.00 m)
[velocity_path_follower.py-9] [INFO] [1786828804.530841073] [velocity_path_follower]: waypoint 4581 / 5251 도달 (선 이탈 0.00 m)
[velocity_path_follower.py-9] [INFO] [1786828804.880663896] [velocity_path_follower]: waypoint 4582 / 5251 도달 (선 이탈 0.00 m)
[velocity_path_follower.py-9] [INFO] [1786828805.230852399] [velocity_path_follower]: waypoint 4583 / 5251 도달 (선 이탈 0.01 m)
[velocity_path_follower.py-9] [INFO] [1786828805.580626181] [velocity_path_follower]: waypoint 4584 / 5251 도달 (선 이탈 0.01 m)
[velocity_path_follower.py-9] [INFO] [1786828805.930984273] [velocity_path_follower]: waypoint 4585 / 5251 도달 (선 이탈 0.01 m)
[velocity_path_follower.py-9] [INFO] [1786828806.281389993] [velocity_path_follower]: waypoint 4586 / 5251 도달 (선 이탈 0.01 m)
[velocity_path_follower.py-9] [INFO] [1786828806.581002190] [velocity_path_follower]: waypoint 4587 / 5251 도달 (선 이탈 0.01 m)
[velocity_path_follower.py-9] [INFO] [1786828806.981001690] [velocity_path_follower]: waypoint 4588 / 5251 도달 (선 이탈 0.01 m)
[velocity_path_follower.py-9] [INFO] [1786828807.280950024] [velocity_path_follower]: waypoint 4589 / 5251 도달 (선 이탈 0.01 m)
[velocity_path_follower.py-9] [INFO] [1786828807.630816814] [velocity_path_follower]: waypoint 4590 / 5251 도달 (선 이탈 0.01 m)
[velocity_path_follower.py-9] [INFO] [1786828807.980652895] [velocity_path_follower]: waypoint 4591 / 5251 도달 (선 이탈 0.01 m)
[velocity_path_follower.py-9] [INFO] [1786828808.130986198] [velocity_path_follower]: 2000.0s  wp 4592/5251 이탈0.0m  위치 (  33.12,   -78.09,   7.72)
[velocity_path_follower.py-9] [INFO] [1786828808.330827988] [velocity_path_follower]: waypoint 4592 / 5251 도달 (선 이탈 0.01 m)
[velocity_path_follower.py-9] [INFO] [1786828808.680692530] [velocity_path_follower]: waypoint 4593 / 5251 도달 (선 이탈 0.01 m)
[velocity_path_follower.py-9] [INFO] [1786828809.030660409] [velocity_path_follower]: waypoint 4594 / 5251 도달 (선 이탈 0.01 m)
[velocity_path_follower.py-9] [INFO] [1786828809.381334978] [velocity_path_follower]: waypoint 4595 / 5251 도달 (선 이탈 0.01 m)
[velocity_path_follower.py-9] [INFO] [1786828809.730674757] [velocity_path_follower]: waypoint 4596 / 5251 도달 (선 이탈 0.01 m)
[velocity_path_follower.py-9] [INFO] [1786828810.081231573] [velocity_path_follower]: waypoint 4597 / 5251 도달 (선 이탈 0.00 m)
[velocity_path_follower.py-9] [INFO] [1786828810.446914345] [velocity_path_follower]: waypoint 4598 / 5251 도달 (선 이탈 0.00 m)
[velocity_path_follower.py-9] [INFO] [1786828810.800105242] [velocity_path_follower]: waypoint 4599 / 5251 도달 (선 이탈 0.00 m)
[velocity_path_follower.py-9] [INFO] [1786828811.153833073] [velocity_path_follower]: waypoint 4600 / 5251 도달 (선 이탈 0.00 m)
[velocity_path_follower.py-9] [INFO] [1786828811.503832210] [velocity_path_follower]: waypoint 4601 / 5251 도달 (선 이탈 0.00 m)
[velocity_path_follower.py-9] [INFO] [1786828811.854099313] [velocity_path_follower]: waypoint 4602 / 5251 도달 (선 이탈 0.00 m)
[velocity_path_follower.py-9] [INFO] [1786828812.154340206] [velocity_path_follower]: waypoint 4603 / 5251 도달 (선 이탈 0.00 m)
[velocity_path_follower.py-9] [INFO] [1786828812.503676325] [velocity_path_follower]: waypoint 4604 / 5251 도달 (선 이탈 0.00 m)
[velocity_path_follower.py-9] [INFO] [1786828812.903984434] [velocity_path_follower]: waypoint 4605 / 5251 도달 (선 이탈 0.00 m)
[velocity_path_follower.py-9] [INFO] [1786828813.153688977] [velocity_path_follower]: 2005.0s  wp 4606/5251 이탈0.0m  위치 (  40.33,   -78.10,  10.05)
[velocity_path_follower.py-9] [INFO] [1786828813.203868610] [velocity_path_follower]: waypoint 4606 / 5251 도달 (선 이탈 0.00 m)
[velocity_path_follower.py-9] [INFO] [1786828813.553825125] [velocity_path_follower]: waypoint 4607 / 5251 도달 (선 이탈 0.00 m)
[velocity_path_follower.py-9] [INFO] [1786828813.906326217] [velocity_path_follower]: waypoint 4608 / 5251 도달 (선 이탈 0.00 m)
[velocity_path_follower.py-9] [INFO] [1786828814.256385736] [velocity_path_follower]: waypoint 4609 / 5251 도달 (선 이탈 0.00 m)
[velocity_path_follower.py-9] [INFO] [1786828814.606091663] [velocity_path_follower]: waypoint 4610 / 5251 도달 (선 이탈 0.00 m)
[velocity_path_follower.py-9] [INFO] [1786828814.956126933] [velocity_path_follower]: waypoint 4611 / 5251 도달 (선 이탈 0.00 m)
[velocity_path_follower.py-9] [INFO] [1786828815.306381378] [velocity_path_follower]: waypoint 4612 / 5251 도달 (선 이탈 0.00 m)
[velocity_path_follower.py-9] [INFO] [1786828815.656120641] [velocity_path_follower]: waypoint 4613 / 5251 도달 (선 이탈 0.00 m)
[velocity_path_follower.py-9] [INFO] [1786828816.006123828] [velocity_path_follower]: waypoint 4614 / 5251 도달 (선 이탈 0.00 m)
[velocity_path_follower.py-9] [INFO] [1786828816.359843463] [velocity_path_follower]: waypoint 4615 / 5251 도달 (선 이탈 0.00 m)
[velocity_path_follower.py-9] [INFO] [1786828816.659924069] [velocity_path_follower]: waypoint 4616 / 5251 도달 (선 이탈 0.00 m)
[velocity_path_follower.py-9] [INFO] [1786828817.060179020] [velocity_path_follower]: waypoint 4617 / 5251 도달 (선 이탈 0.00 m)
[velocity_path_follower.py-9] [INFO] [1786828817.360223835] [velocity_path_follower]: waypoint 4618 / 5251 도달 (선 이탈 0.00 m)
[velocity_path_follower.py-9] [INFO] [1786828817.709922893] [velocity_path_follower]: waypoint 4619 / 5251 도달 (선 이탈 0.00 m)
[velocity_path_follower.py-9] [INFO] [1786828818.109810586] [velocity_path_follower]: waypoint 4620 / 5251 도달 (선 이탈 0.00 m)
[velocity_path_follower.py-9] [INFO] [1786828818.159942803] [velocity_path_follower]: 2010.0s  wp 4621/5251 이탈0.0m  위치 (  47.57,   -78.10,  13.22)
[velocity_path_follower.py-9] [INFO] [1786828818.409678023] [velocity_path_follower]: waypoint 4621 / 5251 도달 (선 이탈 0.00 m)
[velocity_path_follower.py-9] [INFO] [1786828818.760090938] [velocity_path_follower]: waypoint 4622 / 5251 도달 (선 이탈 0.00 m)
[velocity_path_follower.py-9] [INFO] [1786828819.109824834] [velocity_path_follower]: waypoint 4623 / 5251 도달 (선 이탈 0.00 m)
[velocity_path_follower.py-9] [INFO] [1786828819.464774763] [velocity_path_follower]: waypoint 4624 / 5251 도달 (선 이탈 0.00 m)
[velocity_path_follower.py-9] [INFO] [1786828819.814690082] [velocity_path_follower]: waypoint 4625 / 5251 도달 (선 이탈 0.00 m)
[velocity_path_follower.py-9] [INFO] [1786828820.164763282] [velocity_path_follower]: waypoint 4626 / 5251 도달 (선 이탈 0.00 m)
[velocity_path_follower.py-9] [INFO] [1786828820.515077782] [velocity_path_follower]: waypoint 4627 / 5251 도달 (선 이탈 0.00 m)
[velocity_path_follower.py-9] [INFO] [1786828820.864823265] [velocity_path_follower]: waypoint 4628 / 5251 도달 (선 이탈 0.00 m)
[velocity_path_follower.py-9] [INFO] [1786828821.214625834] [velocity_path_follower]: waypoint 4629 / 5251 도달 (선 이탈 0.00 m)
[velocity_path_follower.py-9] [INFO] [1786828821.564845667] [velocity_path_follower]: waypoint 4630 / 5251 도달 (선 이탈 0.00 m)
[velocity_path_follower.py-9] [INFO] [1786828821.914769533] [velocity_path_follower]: waypoint 4631 / 5251 도달 (선 이탈 0.00 m)
[velocity_path_follower.py-9] [INFO] [1786828822.214771064] [velocity_path_follower]: waypoint 4632 / 5251 도달 (선 이탈 0.00 m)
[velocity_path_follower.py-9] [INFO] [1786828822.614698479] [velocity_path_follower]: waypoint 4633 / 5251 도달 (선 이탈 0.00 m)
[velocity_path_follower.py-9] [INFO] [1786828822.914835557] [velocity_path_follower]: waypoint 4634 / 5251 도달 (선 이탈 0.00 m)
[velocity_path_follower.py-9] [INFO] [1786828823.164574159] [velocity_path_follower]: 2015.0s  wp 4635/5251 이탈0.0m  위치 (  54.76,   -78.10,  15.21)
[velocity_path_follower.py-9] [INFO] [1786828823.265013975] [velocity_path_follower]: waypoint 4635 / 5251 도달 (선 이탈 0.00 m)
[velocity_path_follower.py-9] [INFO] [1786828823.615058974] [velocity_path_follower]: waypoint 4636 / 5251 도달 (선 이탈 0.00 m)
[velocity_path_follower.py-9] [INFO] [1786828823.964628459] [velocity_path_follower]: waypoint 4637 / 5251 도달 (선 이탈 0.00 m)
[velocity_path_follower.py-9] [INFO] [1786828824.315092639] [velocity_path_follower]: waypoint 4638 / 5251 도달 (선 이탈 0.00 m)
[velocity_path_follower.py-9] [INFO] [1786828824.664958468] [velocity_path_follower]: waypoint 4639 / 5251 도달 (선 이탈 0.00 m)
[velocity_path_follower.py-9] [INFO] [1786828825.014912591] [velocity_path_follower]: waypoint 4640 / 5251 도달 (선 이탈 0.00 m)
[velocity_path_follower.py-9] [INFO] [1786828825.364887884] [velocity_path_follower]: waypoint 4641 / 5251 도달 (선 이탈 0.00 m)
[velocity_path_follower.py-9] [INFO] [1786828825.714696089] [velocity_path_follower]: waypoint 4642 / 5251 도달 (선 이탈 0.00 m)
[velocity_path_follower.py-9] [INFO] [1786828826.064909723] [velocity_path_follower]: waypoint 4643 / 5251 도달 (선 이탈 0.00 m)
[velocity_path_follower.py-9] [INFO] [1786828826.414850267] [velocity_path_follower]: waypoint 4644 / 5251 도달 (선 이탈 0.00 m)
[velocity_path_follower.py-9] [INFO] [1786828826.765065361] [velocity_path_follower]: waypoint 4645 / 5251 도달 (선 이탈 0.00 m)
[velocity_path_follower.py-9] [INFO] [1786828828.164812254] [velocity_path_follower]: 2020.0s  wp 4646/5251 이탈0.5m  위치 (  61.90,   -77.89,  12.81)
[velocity_path_follower.py-9] [INFO] [1786828831.864684276] [velocity_path_follower]: waypoint 4646 / 5251 도달 (선 이탈 2.95 m)
[velocity_path_follower.py-9] [INFO] [1786828833.171593622] [velocity_path_follower]: 2025.0s  wp 4648/5251 이탈0.5m  위치 (  64.34,   -74.57,   9.78)
[velocity_path_follower.py-9] [INFO] [1786828836.720964176] [velocity_path_follower]: waypoint 4648 / 5251 도달 (선 이탈 1.37 m)
[velocity_path_follower.py-9] [INFO] [1786828837.370948638] [velocity_path_follower]: waypoint 4649 / 5251 도달 (선 이탈 1.45 m)
[velocity_path_follower.py-9] [INFO] [1786828837.970945800] [velocity_path_follower]: waypoint 4650 / 5251 도달 (선 이탈 1.46 m)
[velocity_path_follower.py-9] [INFO] [1786828838.170935133] [velocity_path_follower]: 2030.0s  wp 4651/5251 이탈1.4m  위치 (  61.20,   -72.66,  11.18)
[velocity_path_follower.py-9] [INFO] [1786828838.521009082] [velocity_path_follower]: waypoint 4651 / 5251 도달 (선 이탈 1.41 m)
[velocity_path_follower.py-9] [INFO] [1786828839.071276538] [velocity_path_follower]: waypoint 4652 / 5251 도달 (선 이탈 1.32 m)
[velocity_path_follower.py-9] [INFO] [1786828839.621192653] [velocity_path_follower]: waypoint 4653 / 5251 도달 (선 이탈 1.19 m)
[velocity_path_follower.py-9] [INFO] [1786828840.170936431] [velocity_path_follower]: waypoint 4654 / 5251 도달 (선 이탈 1.04 m)
[velocity_path_follower.py-9] [INFO] [1786828840.670914748] [velocity_path_follower]: waypoint 4655 / 5251 도달 (선 이탈 0.88 m)
[velocity_path_follower.py-9] [INFO] [1786828841.170974028] [velocity_path_follower]: waypoint 4656 / 5251 도달 (선 이탈 0.70 m)
[velocity_path_follower.py-9] [INFO] [1786828841.670926472] [velocity_path_follower]: waypoint 4657 / 5251 도달 (선 이탈 0.51 m)
[velocity_path_follower.py-9] [INFO] [1786828842.120891615] [velocity_path_follower]: waypoint 4658 / 5251 도달 (선 이탈 0.34 m)
[velocity_path_follower.py-9] [INFO] [1786828842.570893512] [velocity_path_follower]: waypoint 4659 / 5251 도달 (선 이탈 0.17 m)
[velocity_path_follower.py-9] [INFO] [1786828843.021126373] [velocity_path_follower]: waypoint 4660 / 5251 도달 (선 이탈 0.01 m)
[velocity_path_follower.py-9] [INFO] [1786828843.171060324] [velocity_path_follower]: 2035.0s  wp 4661/5251 이탈0.1m  위치 (  56.20,   -74.15,  11.86)
[velocity_path_follower.py-9] [INFO] [1786828843.471074479] [velocity_path_follower]: waypoint 4661 / 5251 도달 (선 이탈 0.14 m)
[velocity_path_follower.py-9] [INFO] [1786828843.921114504] [velocity_path_follower]: waypoint 4662 / 5251 도달 (선 이탈 0.28 m)
[velocity_path_follower.py-9] [INFO] [1786828844.321017432] [velocity_path_follower]: waypoint 4663 / 5251 도달 (선 이탈 0.39 m)
[velocity_path_follower.py-9] [INFO] [1786828844.720868484] [velocity_path_follower]: waypoint 4664 / 5251 도달 (선 이탈 0.48 m)
[velocity_path_follower.py-9] [INFO] [1786828845.121057296] [velocity_path_follower]: waypoint 4665 / 5251 도달 (선 이탈 0.56 m)
[velocity_path_follower.py-9] [INFO] [1786828845.571013616] [velocity_path_follower]: waypoint 4666 / 5251 도달 (선 이탈 0.63 m)
[velocity_path_follower.py-9] [INFO] [1786828845.970988674] [velocity_path_follower]: waypoint 4667 / 5251 도달 (선 이탈 0.67 m)
[velocity_path_follower.py-9] [INFO] [1786828846.371163407] [velocity_path_follower]: waypoint 4668 / 5251 도달 (선 이탈 0.69 m)
[velocity_path_follower.py-9] [INFO] [1786828846.770979254] [velocity_path_follower]: waypoint 4669 / 5251 도달 (선 이탈 0.70 m)
[velocity_path_follower.py-9] [INFO] [1786828847.120884467] [velocity_path_follower]: waypoint 4670 / 5251 도달 (선 이탈 0.69 m)
[velocity_path_follower.py-9] [INFO] [1786828847.521038577] [velocity_path_follower]: waypoint 4671 / 5251 도달 (선 이탈 0.67 m)
[velocity_path_follower.py-9] [INFO] [1786828847.920986639] [velocity_path_follower]: waypoint 4672 / 5251 도달 (선 이탈 0.63 m)
[velocity_path_follower.py-9] [INFO] [1786828848.171060708] [velocity_path_follower]: 2040.0s  wp 4673/5251 이탈0.6m  위치 (  50.06,   -74.71,  12.58)
[velocity_path_follower.py-9] [INFO] [1786828848.321021372] [velocity_path_follower]: waypoint 4673 / 5251 도달 (선 이탈 0.59 m)
[velocity_path_follower.py-9] [INFO] [1786828848.721124400] [velocity_path_follower]: waypoint 4674 / 5251 도달 (선 이탈 0.53 m)
[velocity_path_follower.py-9] [INFO] [1786828849.071084243] [velocity_path_follower]: waypoint 4675 / 5251 도달 (선 이탈 0.48 m)
[velocity_path_follower.py-9] [INFO] [1786828849.470935974] [velocity_path_follower]: waypoint 4676 / 5251 도달 (선 이탈 0.41 m)
[velocity_path_follower.py-9] [INFO] [1786828849.870794746] [velocity_path_follower]: waypoint 4677 / 5251 도달 (선 이탈 0.33 m)
[velocity_path_follower.py-9] [INFO] [1786828850.220880513] [velocity_path_follower]: waypoint 4678 / 5251 도달 (선 이탈 0.26 m)
[velocity_path_follower.py-9] [INFO] [1786828850.621525146] [velocity_path_follower]: waypoint 4679 / 5251 도달 (선 이탈 0.18 m)
[velocity_path_follower.py-9] [INFO] [1786828850.971025479] [velocity_path_follower]: waypoint 4680 / 5251 도달 (선 이탈 0.11 m)
[velocity_path_follower.py-9] [INFO] [1786828851.370937175] [velocity_path_follower]: waypoint 4681 / 5251 도달 (선 이탈 0.04 m)
[velocity_path_follower.py-9] [INFO] [1786828851.721027903] [velocity_path_follower]: waypoint 4682 / 5251 도달 (선 이탈 0.02 m)
[velocity_path_follower.py-9] [INFO] [1786828852.120871556] [velocity_path_follower]: waypoint 4683 / 5251 도달 (선 이탈 0.09 m)
[velocity_path_follower.py-9] [INFO] [1786828852.470977537] [velocity_path_follower]: waypoint 4684 / 5251 도달 (선 이탈 0.15 m)
[velocity_path_follower.py-9] [INFO] [1786828852.821078601] [velocity_path_follower]: waypoint 4685 / 5251 도달 (선 이탈 0.20 m)
[velocity_path_follower.py-9] [INFO] [1786828853.171049329] [velocity_path_follower]: waypoint 4686 / 5251 도달 (선 이탈 0.24 m)
[velocity_path_follower.py-9] [INFO] [1786828853.220697708] [velocity_path_follower]: 2045.1s  wp 4687/5251 이탈0.2m  위치 (  43.33,   -73.85,  13.34)
[velocity_path_follower.py-9] [INFO] [1786828853.571660884] [velocity_path_follower]: waypoint 4687 / 5251 도달 (선 이탈 0.28 m)
[velocity_path_follower.py-9] [INFO] [1786828853.920911216] [velocity_path_follower]: waypoint 4688 / 5251 도달 (선 이탈 0.31 m)
[velocity_path_follower.py-9] [INFO] [1786828854.273812536] [velocity_path_follower]: waypoint 4689 / 5251 도달 (선 이탈 0.34 m)
[velocity_path_follower.py-9] [INFO] [1786828854.673697988] [velocity_path_follower]: waypoint 4690 / 5251 도달 (선 이탈 0.36 m)
[velocity_path_follower.py-9] [INFO] [1786828855.023803390] [velocity_path_follower]: waypoint 4691 / 5251 도달 (선 이탈 0.37 m)
[velocity_path_follower.py-9] [INFO] [1786828855.373682496] [velocity_path_follower]: waypoint 4692 / 5251 도달 (선 이탈 0.37 m)
[velocity_path_follower.py-9] [INFO] [1786828855.723626603] [velocity_path_follower]: waypoint 4693 / 5251 도달 (선 이탈 0.37 m)
[velocity_path_follower.py-9] [INFO] [1786828856.073860637] [velocity_path_follower]: waypoint 4694 / 5251 도달 (선 이탈 0.36 m)
[velocity_path_follower.py-9] [INFO] [1786828856.473800346] [velocity_path_follower]: waypoint 4695 / 5251 도달 (선 이탈 0.34 m)
[velocity_path_follower.py-9] [INFO] [1786828856.823568825] [velocity_path_follower]: waypoint 4696 / 5251 도달 (선 이탈 0.32 m)
[velocity_path_follower.py-9] [INFO] [1786828857.173932990] [velocity_path_follower]: waypoint 4697 / 5251 도달 (선 이탈 0.30 m)
[velocity_path_follower.py-9] [INFO] [1786828857.523829559] [velocity_path_follower]: waypoint 4698 / 5251 도달 (선 이탈 0.27 m)
[velocity_path_follower.py-9] [INFO] [1786828857.876588256] [velocity_path_follower]: waypoint 4699 / 5251 도달 (선 이탈 0.24 m)
[velocity_path_follower.py-9] [INFO] [1786828858.176466975] [velocity_path_follower]: 2050.0s  wp 4700/5251 이탈0.2m  위치 (  36.48,   -73.89,   8.37)
[velocity_path_follower.py-9] [INFO] [1786828858.226659539] [velocity_path_follower]: waypoint 4700 / 5251 도달 (선 이탈 0.20 m)
[velocity_path_follower.py-9] [INFO] [1786828858.626812134] [velocity_path_follower]: waypoint 4701 / 5251 도달 (선 이탈 0.16 m)
[velocity_path_follower.py-9] [INFO] [1786828858.977088675] [velocity_path_follower]: waypoint 4702 / 5251 도달 (선 이탈 0.12 m)
[velocity_path_follower.py-9] [INFO] [1786828859.331028495] [velocity_path_follower]: waypoint 4703 / 5251 도달 (선 이탈 0.09 m)
[velocity_path_follower.py-9] [INFO] [1786828859.680913110] [velocity_path_follower]: waypoint 4704 / 5251 도달 (선 이탈 0.05 m)
[velocity_path_follower.py-9] [INFO] [1786828860.032855411] [velocity_path_follower]: waypoint 4705 / 5251 도달 (선 이탈 0.01 m)
[velocity_path_follower.py-9] [INFO] [1786828860.384937719] [velocity_path_follower]: waypoint 4706 / 5251 도달 (선 이탈 0.02 m)
[velocity_path_follower.py-9] [INFO] [1786828860.735070051] [velocity_path_follower]: waypoint 4707 / 5251 도달 (선 이탈 0.05 m)
[velocity_path_follower.py-9] [INFO] [1786828861.087379075] [velocity_path_follower]: waypoint 4708 / 5251 도달 (선 이탈 0.08 m)
[velocity_path_follower.py-9] [INFO] [1786828861.436974976] [velocity_path_follower]: waypoint 4709 / 5251 도달 (선 이탈 0.11 m)
[velocity_path_follower.py-9] [INFO] [1786828861.789027369] [velocity_path_follower]: waypoint 4710 / 5251 도달 (선 이탈 0.13 m)
[velocity_path_follower.py-9] [INFO] [1786828862.139205205] [velocity_path_follower]: waypoint 4711 / 5251 도달 (선 이탈 0.15 m)
[velocity_path_follower.py-9] [INFO] [1786828862.541127239] [velocity_path_follower]: waypoint 4712 / 5251 도달 (선 이탈 0.17 m)
[velocity_path_follower.py-9] [INFO] [1786828862.841031842] [velocity_path_follower]: waypoint 4713 / 5251 도달 (선 이탈 0.18 m)
[velocity_path_follower.py-9] [INFO] [1786828863.191211931] [velocity_path_follower]: 2055.0s  wp 4714/5251 이탈0.2m  위치 (  29.41,   -74.29,   7.95)
[velocity_path_follower.py-9] [INFO] [1786828863.240952524] [velocity_path_follower]: waypoint 4714 / 5251 도달 (선 이탈 0.19 m)
[velocity_path_follower.py-9] [INFO] [1786828863.541268059] [velocity_path_follower]: waypoint 4715 / 5251 도달 (선 이탈 0.19 m)
[velocity_path_follower.py-9] [INFO] [1786828863.899304595] [velocity_path_follower]: waypoint 4716 / 5251 도달 (선 이탈 0.19 m)
[velocity_path_follower.py-9] [INFO] [1786828864.245907245] [velocity_path_follower]: waypoint 4717 / 5251 도달 (선 이탈 0.19 m)
[velocity_path_follower.py-9] [INFO] [1786828864.595975708] [velocity_path_follower]: waypoint 4718 / 5251 도달 (선 이탈 0.18 m)
[velocity_path_follower.py-9] [INFO] [1786828864.945682453] [velocity_path_follower]: waypoint 4719 / 5251 도달 (선 이탈 0.18 m)
[velocity_path_follower.py-9] [INFO] [1786828865.345881690] [velocity_path_follower]: waypoint 4720 / 5251 도달 (선 이탈 0.16 m)
[velocity_path_follower.py-9] [INFO] [1786828865.646442444] [velocity_path_follower]: waypoint 4721 / 5251 도달 (선 이탈 0.15 m)
[velocity_path_follower.py-9] [INFO] [1786828866.049235220] [velocity_path_follower]: waypoint 4722 / 5251 도달 (선 이탈 0.13 m)
[velocity_path_follower.py-9] [INFO] [1786828866.353774596] [velocity_path_follower]: waypoint 4723 / 5251 도달 (선 이탈 0.12 m)
[velocity_path_follower.py-9] [INFO] [1786828866.754045672] [velocity_path_follower]: waypoint 4724 / 5251 도달 (선 이탈 0.10 m)
[velocity_path_follower.py-9] [INFO] [1786828867.053953116] [velocity_path_follower]: waypoint 4725 / 5251 도달 (선 이탈 0.08 m)
[velocity_path_follower.py-9] [INFO] [1786828867.459217055] [velocity_path_follower]: waypoint 4726 / 5251 도달 (선 이탈 0.06 m)
[velocity_path_follower.py-9] [INFO] [1786828867.759027998] [velocity_path_follower]: waypoint 4727 / 5251 도달 (선 이탈 0.05 m)
[velocity_path_follower.py-9] [INFO] [1786828868.158866397] [velocity_path_follower]: waypoint 4728 / 5251 도달 (선 이탈 0.02 m)
[velocity_path_follower.py-9] [INFO] [1786828868.208642785] [velocity_path_follower]: 2060.0s  wp 4729/5251 이탈0.0m  위치 (  22.26,   -74.12,   9.27)
[velocity_path_follower.py-9] [INFO] [1786828868.458772928] [velocity_path_follower]: waypoint 4729 / 5251 도달 (선 이탈 0.01 m)
[velocity_path_follower.py-9] [INFO] [1786828868.808919361] [velocity_path_follower]: waypoint 4730 / 5251 도달 (선 이탈 0.01 m)
[velocity_path_follower.py-9] [INFO] [1786828869.159003751] [velocity_path_follower]: waypoint 4731 / 5251 도달 (선 이탈 0.03 m)
[velocity_path_follower.py-9] [INFO] [1786828869.508748298] [velocity_path_follower]: waypoint 4732 / 5251 도달 (선 이탈 0.04 m)
[velocity_path_follower.py-9] [INFO] [1786828869.858687351] [velocity_path_follower]: waypoint 4733 / 5251 도달 (선 이탈 0.05 m)
[velocity_path_follower.py-9] [INFO] [1786828870.208923707] [velocity_path_follower]: waypoint 4734 / 5251 도달 (선 이탈 0.07 m)
[velocity_path_follower.py-9] [INFO] [1786828870.561379172] [velocity_path_follower]: waypoint 4735 / 5251 도달 (선 이탈 0.08 m)
[velocity_path_follower.py-9] [INFO] [1786828870.911283018] [velocity_path_follower]: waypoint 4736 / 5251 도달 (선 이탈 0.09 m)
[velocity_path_follower.py-9] [INFO] [1786828871.261197574] [velocity_path_follower]: waypoint 4737 / 5251 도달 (선 이탈 0.09 m)
[velocity_path_follower.py-9] [INFO] [1786828871.611294470] [velocity_path_follower]: waypoint 4738 / 5251 도달 (선 이탈 0.10 m)
[velocity_path_follower.py-9] [INFO] [1786828871.961128399] [velocity_path_follower]: waypoint 4739 / 5251 도달 (선 이탈 0.10 m)
[velocity_path_follower.py-9] [INFO] [1786828872.311132710] [velocity_path_follower]: waypoint 4740 / 5251 도달 (선 이탈 0.10 m)
[velocity_path_follower.py-9] [INFO] [1786828872.661212066] [velocity_path_follower]: waypoint 4741 / 5251 도달 (선 이탈 0.10 m)
[velocity_path_follower.py-9] [INFO] [1786828873.011086040] [velocity_path_follower]: waypoint 4742 / 5251 도달 (선 이탈 0.10 m)
[velocity_path_follower.py-9] [INFO] [1786828873.211146167] [velocity_path_follower]: 2065.0s  wp 4743/5251 이탈0.1m  위치 (  15.08,   -74.01,   8.02)
[velocity_path_follower.py-9] [INFO] [1786828873.361317569] [velocity_path_follower]: waypoint 4743 / 5251 도달 (선 이탈 0.09 m)
[velocity_path_follower.py-9] [INFO] [1786828873.711128710] [velocity_path_follower]: waypoint 4744 / 5251 도달 (선 이탈 0.09 m)
[velocity_path_follower.py-9] [INFO] [1786828874.061278653] [velocity_path_follower]: waypoint 4745 / 5251 도달 (선 이탈 0.08 m)
[velocity_path_follower.py-9] [INFO] [1786828874.411163257] [velocity_path_follower]: waypoint 4746 / 5251 도달 (선 이탈 0.07 m)
[velocity_path_follower.py-9] [INFO] [1786828874.761349036] [velocity_path_follower]: waypoint 4747 / 5251 도달 (선 이탈 0.06 m)
[velocity_path_follower.py-9] [INFO] [1786828875.111345102] [velocity_path_follower]: waypoint 4748 / 5251 도달 (선 이탈 0.05 m)
[velocity_path_follower.py-9] [INFO] [1786828875.461155122] [velocity_path_follower]: waypoint 4749 / 5251 도달 (선 이탈 0.04 m)
[velocity_path_follower.py-9] [INFO] [1786828875.763869751] [velocity_path_follower]: waypoint 4750 / 5251 도달 (선 이탈 0.04 m)
[velocity_path_follower.py-9] [INFO] [1786828876.116318560] [velocity_path_follower]: waypoint 4751 / 5251 도달 (선 이탈 0.03 m)
[velocity_path_follower.py-9] [INFO] [1786828876.465900367] [velocity_path_follower]: waypoint 4752 / 5251 도달 (선 이탈 0.02 m)
[velocity_path_follower.py-9] [INFO] [1786828876.815960188] [velocity_path_follower]: waypoint 4753 / 5251 도달 (선 이탈 0.01 m)
[velocity_path_follower.py-9] [INFO] [1786828877.165907799] [velocity_path_follower]: waypoint 4754 / 5251 도달 (선 이탈 0.00 m)
[velocity_path_follower.py-9] [INFO] [1786828877.515676030] [velocity_path_follower]: waypoint 4755 / 5251 도달 (선 이탈 0.01 m)
[velocity_path_follower.py-9] [INFO] [1786828877.872071838] [velocity_path_follower]: waypoint 4756 / 5251 도달 (선 이탈 0.02 m)
[velocity_path_follower.py-9] [INFO] [1786828878.221972533] [velocity_path_follower]: waypoint 4757 / 5251 도달 (선 이탈 0.03 m)
[velocity_path_follower.py-9] [INFO] [1786828878.275509371] [velocity_path_follower]: 2070.1s  wp 4758/5251 이탈0.0m  위치 (   7.80,   -74.13,   8.48)
[velocity_path_follower.py-9] [INFO] [1786828878.576362282] [velocity_path_follower]: waypoint 4758 / 5251 도달 (선 이탈 0.03 m)
[velocity_path_follower.py-9] [INFO] [1786828878.928110617] [velocity_path_follower]: waypoint 4759 / 5251 도달 (선 이탈 0.04 m)
[velocity_path_follower.py-9] [INFO] [1786828879.279944998] [velocity_path_follower]: waypoint 4760 / 5251 도달 (선 이탈 0.04 m)
[velocity_path_follower.py-9] [INFO] [1786828879.632811036] [velocity_path_follower]: waypoint 4761 / 5251 도달 (선 이탈 0.05 m)
[velocity_path_follower.py-9] [INFO] [1786828879.982778985] [velocity_path_follower]: waypoint 4762 / 5251 도달 (선 이탈 0.05 m)
[velocity_path_follower.py-9] [INFO] [1786828880.336688390] [velocity_path_follower]: waypoint 4763 / 5251 도달 (선 이탈 0.05 m)
[velocity_path_follower.py-9] [INFO] [1786828880.639129686] [velocity_path_follower]: waypoint 4764 / 5251 도달 (선 이탈 0.05 m)
[velocity_path_follower.py-9] [INFO] [1786828881.039074244] [velocity_path_follower]: waypoint 4765 / 5251 도달 (선 이탈 0.05 m)
[velocity_path_follower.py-9] [INFO] [1786828881.339298932] [velocity_path_follower]: waypoint 4766 / 5251 도달 (선 이탈 0.05 m)
[velocity_path_follower.py-9] [INFO] [1786828881.692371147] [velocity_path_follower]: waypoint 4767 / 5251 도달 (선 이탈 0.05 m)
[velocity_path_follower.py-9] [INFO] [1786828882.104069982] [velocity_path_follower]: waypoint 4768 / 5251 도달 (선 이탈 0.05 m)
[velocity_path_follower.py-9] [INFO] [1786828882.403819949] [velocity_path_follower]: waypoint 4769 / 5251 도달 (선 이탈 0.04 m)
[velocity_path_follower.py-9] [INFO] [1786828882.757166424] [velocity_path_follower]: waypoint 4770 / 5251 도달 (선 이탈 0.04 m)
[velocity_path_follower.py-9] [INFO] [1786828883.107352804] [velocity_path_follower]: waypoint 4771 / 5251 도달 (선 이탈 0.04 m)
[velocity_path_follower.py-9] [INFO] [1786828883.256986031] [velocity_path_follower]: 2075.0s  wp 4772/5251 이탈0.0m  위치 (   0.67,   -74.13,  10.63)
[velocity_path_follower.py-9] [INFO] [1786828883.457010710] [velocity_path_follower]: waypoint 4772 / 5251 도달 (선 이탈 0.03 m)
[velocity_path_follower.py-9] [INFO] [1786828884.084041738] [velocity_path_follower]: waypoint 4773 / 5251 도달 (선 이탈 0.03 m)
[velocity_path_follower.py-9] [INFO] [1786828884.160641614] [velocity_path_follower]: waypoint 4774 / 5251 도달 (선 이탈 0.02 m)
[velocity_path_follower.py-9] [INFO] [1786828884.510878207] [velocity_path_follower]: waypoint 4775 / 5251 도달 (선 이탈 0.02 m)
[velocity_path_follower.py-9] [INFO] [1786828884.860879001] [velocity_path_follower]: waypoint 4776 / 5251 도달 (선 이탈 0.01 m)
[velocity_path_follower.py-9] [INFO] [1786828885.210976008] [velocity_path_follower]: waypoint 4777 / 5251 도달 (선 이탈 0.01 m)
[velocity_path_follower.py-9] [INFO] [1786828885.560693754] [velocity_path_follower]: waypoint 4778 / 5251 도달 (선 이탈 0.00 m)
[velocity_path_follower.py-9] [INFO] [1786828885.912957077] [velocity_path_follower]: waypoint 4779 / 5251 도달 (선 이탈 0.00 m)
[velocity_path_follower.py-9] [INFO] [1786828886.262856788] [velocity_path_follower]: waypoint 4780 / 5251 도달 (선 이탈 0.01 m)
[velocity_path_follower.py-9] [INFO] [1786828886.614830647] [velocity_path_follower]: waypoint 4781 / 5251 도달 (선 이탈 0.01 m)
[velocity_path_follower.py-9] [INFO] [1786828886.914915547] [velocity_path_follower]: waypoint 4782 / 5251 도달 (선 이탈 0.02 m)
[velocity_path_follower.py-9] [INFO] [1786828887.266074424] [velocity_path_follower]: waypoint 4783 / 5251 도달 (선 이탈 0.02 m)
[velocity_path_follower.py-9] [INFO] [1786828887.615091777] [velocity_path_follower]: waypoint 4784 / 5251 도달 (선 이탈 0.02 m)
[velocity_path_follower.py-9] [INFO] [1786828887.964775859] [velocity_path_follower]: waypoint 4785 / 5251 도달 (선 이탈 0.02 m)
[velocity_path_follower.py-9] [INFO] [1786828888.265267526] [velocity_path_follower]: 2080.0s  wp 4786/5251 이탈0.0m  위치 (  -6.54,   -74.07,  10.09)
[velocity_path_follower.py-9] [INFO] [1786828888.315026752] [velocity_path_follower]: waypoint 4786 / 5251 도달 (선 이탈 0.03 m)
[velocity_path_follower.py-9] [INFO] [1786828888.664827298] [velocity_path_follower]: waypoint 4787 / 5251 도달 (선 이탈 0.03 m)
[velocity_path_follower.py-9] [INFO] [1786828889.014895519] [velocity_path_follower]: waypoint 4788 / 5251 도달 (선 이탈 0.03 m)
[velocity_path_follower.py-9] [INFO] [1786828889.364850947] [velocity_path_follower]: waypoint 4789 / 5251 도달 (선 이탈 0.03 m)
[velocity_path_follower.py-9] [INFO] [1786828889.714993963] [velocity_path_follower]: waypoint 4790 / 5251 도달 (선 이탈 0.03 m)
[velocity_path_follower.py-9] [INFO] [1786828890.065063562] [velocity_path_follower]: waypoint 4791 / 5251 도달 (선 이탈 0.03 m)
[velocity_path_follower.py-9] [INFO] [1786828890.417934164] [velocity_path_follower]: waypoint 4792 / 5251 도달 (선 이탈 0.02 m)
[velocity_path_follower.py-9] [INFO] [1786828890.767863259] [velocity_path_follower]: waypoint 4793 / 5251 도달 (선 이탈 0.02 m)
[velocity_path_follower.py-9] [INFO] [1786828891.117805939] [velocity_path_follower]: waypoint 4794 / 5251 도달 (선 이탈 0.02 m)
[velocity_path_follower.py-9] [INFO] [1786828891.472810358] [velocity_path_follower]: waypoint 4795 / 5251 도달 (선 이탈 0.02 m)
[velocity_path_follower.py-9] [INFO] [1786828891.822880293] [velocity_path_follower]: waypoint 4796 / 5251 도달 (선 이탈 0.02 m)
[velocity_path_follower.py-9] [INFO] [1786828892.124654880] [velocity_path_follower]: waypoint 4797 / 5251 도달 (선 이탈 0.01 m)
[velocity_path_follower.py-9] [INFO] [1786828892.527886648] [velocity_path_follower]: waypoint 4798 / 5251 도달 (선 이탈 0.01 m)
[velocity_path_follower.py-9] [INFO] [1786828892.827993352] [velocity_path_follower]: waypoint 4799 / 5251 도달 (선 이탈 0.01 m)
[velocity_path_follower.py-9] [INFO] [1786828893.180990046] [velocity_path_follower]: waypoint 4800 / 5251 도달 (선 이탈 0.01 m)
[velocity_path_follower.py-9] [INFO] [1786828893.280942973] [velocity_path_follower]: 2085.0s  wp 4801/5251 이탈0.0m  위치 ( -13.75,   -74.09,   7.41)
[velocity_path_follower.py-9] [INFO] [1786828893.533683523] [velocity_path_follower]: waypoint 4801 / 5251 도달 (선 이탈 0.00 m)
[velocity_path_follower.py-9] [INFO] [1786828893.885669938] [velocity_path_follower]: waypoint 4802 / 5251 도달 (선 이탈 0.00 m)
[velocity_path_follower.py-9] [INFO] [1786828894.235680418] [velocity_path_follower]: waypoint 4803 / 5251 도달 (선 이탈 0.00 m)
[velocity_path_follower.py-9] [INFO] [1786828894.586035451] [velocity_path_follower]: waypoint 4804 / 5251 도달 (선 이탈 0.00 m)
[ros2-8] [INFO] [1786828897.828433503] [rosbag2_cpp]: Writing remaining messages from cache to the bag. It may take a while
[velocity_path_follower.py-9] [INFO] [1786828898.159613624] [velocity_path_follower]: waypoint 4805 / 5251 도달 (선 이탈 0.02 m)
[velocity_path_follower.py-9] [INFO] [1786828898.208687332] [velocity_path_follower]: waypoint 4806 / 5251 도달 (선 이탈 0.02 m)
[velocity_path_follower.py-9] [INFO] [1786828898.258956369] [velocity_path_follower]: waypoint 4807 / 5251 도달 (선 이탈 0.02 m)
[velocity_path_follower.py-9] [INFO] [1786828898.309057066] [velocity_path_follower]: waypoint 4808 / 5251 도달 (선 이탈 0.02 m)
[velocity_path_follower.py-9] [INFO] [1786828898.358876797] [velocity_path_follower]: waypoint 4809 / 5251 도달 (선 이탈 0.02 m)
[velocity_path_follower.py-9] [INFO] [1786828898.408595900] [velocity_path_follower]: waypoint 4810 / 5251 도달 (선 이탈 0.02 m)
[velocity_path_follower.py-9] [INFO] [1786828898.458809226] [velocity_path_follower]: waypoint 4811 / 5251 도달 (선 이탈 0.02 m)
[velocity_path_follower.py-9] [INFO] [1786828898.509002885] [velocity_path_follower]: waypoint 4812 / 5251 도달 (선 이탈 0.02 m)
[velocity_path_follower.py-9] [INFO] [1786828898.558673904] [velocity_path_follower]: 2090.3s  wp 4813/5251 이탈0.0m  위치 ( -19.79,   -74.12,   6.70)
[velocity_path_follower.py-9] [INFO] [1786828899.061995745] [velocity_path_follower]: waypoint 4813 / 5251 도달 (선 이탈 0.02 m)
[velocity_path_follower.py-9] [INFO] [1786828899.712024990] [velocity_path_follower]: waypoint 4814 / 5251 도달 (선 이탈 0.02 m)
[velocity_path_follower.py-9] [INFO] [1786828900.312288423] [velocity_path_follower]: waypoint 4815 / 5251 도달 (선 이탈 0.02 m)
[velocity_path_follower.py-9] [INFO] [1786828900.862087191] [velocity_path_follower]: waypoint 4816 / 5251 도달 (선 이탈 0.02 m)
[velocity_path_follower.py-9] [INFO] [1786828901.412082633] [velocity_path_follower]: waypoint 4817 / 5251 도달 (선 이탈 0.02 m)
[velocity_path_follower.py-9] [INFO] [1786828901.911874875] [velocity_path_follower]: waypoint 4818 / 5251 도달 (선 이탈 0.02 m)
[velocity_path_follower.py-9] [INFO] [1786828902.362114603] [velocity_path_follower]: waypoint 4819 / 5251 도달 (선 이탈 0.01 m)
[velocity_path_follower.py-9] [INFO] [1786828902.861954473] [velocity_path_follower]: waypoint 4820 / 5251 도달 (선 이탈 0.01 m)
[velocity_path_follower.py-9] [INFO] [1786828903.312042157] [velocity_path_follower]: waypoint 4821 / 5251 도달 (선 이탈 0.01 m)
[velocity_path_follower.py-9] [INFO] [1786828903.361838972] [velocity_path_follower]: 2095.1s  wp 4822/5251 이탈0.0m  위치 ( -24.20,   -74.11,   8.18)
[velocity_path_follower.py-9] [INFO] [1786828903.712359528] [velocity_path_follower]: waypoint 4822 / 5251 도달 (선 이탈 0.00 m)
[velocity_path_follower.py-9] [INFO] [1786828904.162108162] [velocity_path_follower]: waypoint 4823 / 5251 도달 (선 이탈 0.00 m)
[velocity_path_follower.py-9] [INFO] [1786828904.612085220] [velocity_path_follower]: waypoint 4824 / 5251 도달 (선 이탈 0.00 m)
[velocity_path_follower.py-9] [INFO] [1786828905.011893328] [velocity_path_follower]: waypoint 4825 / 5251 도달 (선 이탈 0.00 m)
[velocity_path_follower.py-9] [INFO] [1786828905.461968934] [velocity_path_follower]: waypoint 4826 / 5251 도달 (선 이탈 0.01 m)
[velocity_path_follower.py-9] [INFO] [1786828905.861960757] [velocity_path_follower]: waypoint 4827 / 5251 도달 (선 이탈 0.01 m)
[velocity_path_follower.py-9] [INFO] [1786828906.262088545] [velocity_path_follower]: waypoint 4828 / 5251 도달 (선 이탈 0.01 m)
[velocity_path_follower.py-9] [INFO] [1786828906.661957616] [velocity_path_follower]: waypoint 4829 / 5251 도달 (선 이탈 0.01 m)
[velocity_path_follower.py-9] [INFO] [1786828907.011942787] [velocity_path_follower]: waypoint 4830 / 5251 도달 (선 이탈 0.01 m)
[velocity_path_follower.py-9] [INFO] [1786828907.412071660] [velocity_path_follower]: waypoint 4831 / 5251 도달 (선 이탈 0.01 m)
[velocity_path_follower.py-9] [INFO] [1786828907.811889441] [velocity_path_follower]: waypoint 4832 / 5251 도달 (선 이탈 0.01 m)
[velocity_path_follower.py-9] [INFO] [1786828908.161949450] [velocity_path_follower]: waypoint 4833 / 5251 도달 (선 이탈 0.01 m)
[velocity_path_follower.py-9] [INFO] [1786828908.312046378] [velocity_path_follower]: 2100.0s  wp 4834/5251 이탈0.0m  위치 ( -30.32,   -74.09,   8.85)
[velocity_path_follower.py-9] [INFO] [1786828908.561855444] [velocity_path_follower]: waypoint 4834 / 5251 도달 (선 이탈 0.01 m)
[velocity_path_follower.py-9] [INFO] [1786828908.961881483] [velocity_path_follower]: waypoint 4835 / 5251 도달 (선 이탈 0.01 m)
[velocity_path_follower.py-9] [INFO] [1786828909.311872950] [velocity_path_follower]: waypoint 4836 / 5251 도달 (선 이탈 0.01 m)
[velocity_path_follower.py-9] [INFO] [1786828909.711854449] [velocity_path_follower]: waypoint 4837 / 5251 도달 (선 이탈 0.01 m)
[velocity_path_follower.py-9] [INFO] [1786828910.062086674] [velocity_path_follower]: waypoint 4838 / 5251 도달 (선 이탈 0.01 m)
[velocity_path_follower.py-9] [INFO] [1786828910.461915295] [velocity_path_follower]: waypoint 4839 / 5251 도달 (선 이탈 0.01 m)
[velocity_path_follower.py-9] [INFO] [1786828910.811814012] [velocity_path_follower]: waypoint 4840 / 5251 도달 (선 이탈 0.01 m)
[velocity_path_follower.py-9] [INFO] [1786828911.161858234] [velocity_path_follower]: waypoint 4841 / 5251 도달 (선 이탈 0.01 m)
[velocity_path_follower.py-9] [INFO] [1786828911.561883905] [velocity_path_follower]: waypoint 4842 / 5251 도달 (선 이탈 0.00 m)
[velocity_path_follower.py-9] [INFO] [1786828911.912188886] [velocity_path_follower]: waypoint 4843 / 5251 도달 (선 이탈 0.00 m)
[velocity_path_follower.py-9] [INFO] [1786828912.261910851] [velocity_path_follower]: waypoint 4844 / 5251 도달 (선 이탈 0.00 m)
[velocity_path_follower.py-9] [INFO] [1786828913.312426914] [velocity_path_follower]: 2105.0s  climb       위치 ( -37.06,   -74.10,   6.14)
[velocity_path_follower.py-9] [INFO] [1786828915.562041573] [velocity_path_follower]: waypoint 4845 / 5251 도달 (선 이탈 0.01 m)
[velocity_path_follower.py-9] [INFO] [1786828915.611887934] [velocity_path_follower]: waypoint 4846 / 5251 도달 (선 이탈 0.01 m)
[velocity_path_follower.py-9] [INFO] [1786828915.661926593] [velocity_path_follower]: waypoint 4847 / 5251 도달 (선 이탈 0.01 m)
[velocity_path_follower.py-9] [INFO] [1786828918.312340988] [velocity_path_follower]: 2110.0s  wp 4848/5251 이탈2.0m  위치 ( -40.58,   -73.35,   7.39)
[velocity_path_follower.py-9] [INFO] [1786828921.012135144] [velocity_path_follower]: waypoint 4848 / 5251 도달 (선 이탈 1.64 m)
[velocity_path_follower.py-9] [INFO] [1786828922.512009091] [velocity_path_follower]: waypoint 4850 / 5251 도달 (선 이탈 0.34 m)
[velocity_path_follower.py-9] [INFO] [1786828923.311896143] [velocity_path_follower]: 2115.0s  wp 4851/5251 이탈0.2m  위치 ( -39.10,   -69.88,   6.84)
[velocity_path_follower.py-9] [INFO] [1786828923.361906929] [velocity_path_follower]: waypoint 4851 / 5251 도달 (선 이탈 0.26 m)
[velocity_path_follower.py-9] [INFO] [1786828924.011981801] [velocity_path_follower]: waypoint 4852 / 5251 도달 (선 이탈 0.65 m)
[velocity_path_follower.py-9] [INFO] [1786828924.661979884] [velocity_path_follower]: waypoint 4853 / 5251 도달 (선 이탈 0.97 m)
[velocity_path_follower.py-9] [INFO] [1786828926.462107997] [velocity_path_follower]: waypoint 4854 / 5251 도달 (선 이탈 1.51 m)
[velocity_path_follower.py-9] [INFO] [1786828926.511993154] [velocity_path_follower]: waypoint 4855 / 5251 도달 (선 이탈 1.52 m)
[velocity_path_follower.py-9] [INFO] [1786828926.562069942] [velocity_path_follower]: waypoint 4856 / 5251 도달 (선 이탈 1.53 m)
[velocity_path_follower.py-9] [INFO] [1786828927.262139946] [velocity_path_follower]: waypoint 4857 / 5251 도달 (선 이탈 1.67 m)
[velocity_path_follower.py-9] [INFO] [1786828928.312806056] [velocity_path_follower]: 2120.0s  wp 4858/5251 이탈1.5m  위치 ( -35.75,   -68.57,   7.02)
[velocity_path_follower.py-9] [INFO] [1786828928.661946367] [velocity_path_follower]: waypoint 4858 / 5251 도달 (선 이탈 1.62 m)
[velocity_path_follower.py-9] [INFO] [1786828929.812154627] [velocity_path_follower]: waypoint 4859 / 5251 도달 (선 이탈 2.18 m)
[velocity_path_follower.py-9] [INFO] [1786828930.711882613] [velocity_path_follower]: waypoint 4860 / 5251 도달 (선 이탈 2.73 m)
[velocity_path_follower.py-9] [INFO] [1786828931.581442133] [velocity_path_follower]: waypoint 4861 / 5251 도달 (선 이탈 3.04 m)
[velocity_path_follower.py-9] [INFO] [1786828932.280185656] [velocity_path_follower]: waypoint 4862 / 5251 도달 (선 이탈 3.17 m)
[velocity_path_follower.py-9] [INFO] [1786828933.031880017] [velocity_path_follower]: waypoint 4863 / 5251 도달 (선 이탈 3.20 m)
[velocity_path_follower.py-9] [INFO] [1786828933.331641277] [velocity_path_follower]: 2125.0s  wp 4864/5251 이탈3.2m  위치 ( -32.85,   -66.92,  11.16)
[velocity_path_follower.py-9] [INFO] [1786828933.681764377] [velocity_path_follower]: waypoint 4864 / 5251 도달 (선 이탈 3.14 m)
[velocity_path_follower.py-9] [INFO] [1786828934.331823577] [velocity_path_follower]: waypoint 4865 / 5251 도달 (선 이탈 3.03 m)
[velocity_path_follower.py-9] [INFO] [1786828934.981594603] [velocity_path_follower]: waypoint 4866 / 5251 도달 (선 이탈 2.84 m)
[velocity_path_follower.py-9] [INFO] [1786828935.581555308] [velocity_path_follower]: waypoint 4867 / 5251 도달 (선 이탈 2.63 m)
[velocity_path_follower.py-9] [INFO] [1786828936.181685644] [velocity_path_follower]: waypoint 4868 / 5251 도달 (선 이탈 2.37 m)
[velocity_path_follower.py-9] [INFO] [1786828936.731555562] [velocity_path_follower]: waypoint 4869 / 5251 도달 (선 이탈 2.11 m)
[velocity_path_follower.py-9] [INFO] [1786828937.333686422] [velocity_path_follower]: waypoint 4870 / 5251 도달 (선 이탈 1.79 m)
[velocity_path_follower.py-9] [INFO] [1786828938.333576984] [velocity_path_follower]: 2130.0s  climb       위치 ( -28.71,   -68.88,   5.62)
[velocity_path_follower.py-9] [INFO] [1786828942.386811184] [velocity_path_follower]: waypoint 4871 / 5251 도달 (선 이탈 0.25 m)
[velocity_path_follower.py-9] [INFO] [1786828942.436931227] [velocity_path_follower]: waypoint 4872 / 5251 도달 (선 이탈 0.26 m)
[velocity_path_follower.py-9] [INFO] [1786828942.486681884] [velocity_path_follower]: waypoint 4873 / 5251 도달 (선 이탈 0.27 m)
[velocity_path_follower.py-9] [INFO] [1786828942.536626631] [velocity_path_follower]: waypoint 4874 / 5251 도달 (선 이탈 0.28 m)
[velocity_path_follower.py-9] [INFO] [1786828942.586653047] [velocity_path_follower]: waypoint 4875 / 5251 도달 (선 이탈 0.30 m)
[velocity_path_follower.py-9] [INFO] [1786828942.636842926] [velocity_path_follower]: waypoint 4876 / 5251 도달 (선 이탈 0.31 m)
[velocity_path_follower.py-9] [INFO] [1786828943.336595186] [velocity_path_follower]: 2135.0s  wp 4877/5251 이탈0.4m  위치 ( -26.18,   -70.55,   7.27)
[velocity_path_follower.py-9] [INFO] [1786828943.536581179] [velocity_path_follower]: waypoint 4877 / 5251 도달 (선 이탈 0.48 m)
[velocity_path_follower.py-9] [INFO] [1786828944.491220920] [velocity_path_follower]: waypoint 4878 / 5251 도달 (선 이탈 0.59 m)
[velocity_path_follower.py-9] [INFO] [1786828945.260657792] [velocity_path_follower]: waypoint 4879 / 5251 도달 (선 이탈 0.62 m)
[velocity_path_follower.py-9] [INFO] [1786828945.963201606] [velocity_path_follower]: waypoint 4880 / 5251 도달 (선 이탈 0.60 m)
[velocity_path_follower.py-9] [INFO] [1786828946.562934297] [velocity_path_follower]: waypoint 4881 / 5251 도달 (선 이탈 0.56 m)
[velocity_path_follower.py-9] [INFO] [1786828947.163010498] [velocity_path_follower]: waypoint 4882 / 5251 도달 (선 이탈 0.49 m)
[velocity_path_follower.py-9] [INFO] [1786828947.712988159] [velocity_path_follower]: waypoint 4883 / 5251 도달 (선 이탈 0.42 m)
[velocity_path_follower.py-9] [INFO] [1786828948.213005530] [velocity_path_follower]: waypoint 4884 / 5251 도달 (선 이탈 0.34 m)
[velocity_path_follower.py-9] [INFO] [1786828948.362876067] [velocity_path_follower]: 2140.0s  wp 4885/5251 이탈0.3m  위치 ( -22.42,   -70.42,   8.14)
[velocity_path_follower.py-9] [INFO] [1786828948.712838147] [velocity_path_follower]: waypoint 4885 / 5251 도달 (선 이탈 0.25 m)
[velocity_path_follower.py-9] [INFO] [1786828949.218047181] [velocity_path_follower]: waypoint 4886 / 5251 도달 (선 이탈 0.17 m)
[velocity_path_follower.py-9] [INFO] [1786828949.672464775] [velocity_path_follower]: waypoint 4887 / 5251 도달 (선 이탈 0.09 m)
[velocity_path_follower.py-9] [INFO] [1786828950.122371397] [velocity_path_follower]: waypoint 4888 / 5251 도달 (선 이탈 0.02 m)
[velocity_path_follower.py-9] [INFO] [1786828950.572334023] [velocity_path_follower]: waypoint 4889 / 5251 도달 (선 이탈 0.05 m)
[velocity_path_follower.py-9] [INFO] [1786828950.972431236] [velocity_path_follower]: waypoint 4890 / 5251 도달 (선 이탈 0.11 m)
[velocity_path_follower.py-9] [INFO] [1786828951.424677976] [velocity_path_follower]: waypoint 4891 / 5251 도달 (선 이탈 0.17 m)
[velocity_path_follower.py-9] [INFO] [1786828951.824854069] [velocity_path_follower]: waypoint 4892 / 5251 도달 (선 이탈 0.21 m)
[velocity_path_follower.py-9] [INFO] [1786828953.374746339] [velocity_path_follower]: 2145.0s  climb       위치 ( -16.78,   -69.77,   6.25)
[velocity_path_follower.py-9] [INFO] [1786828954.424957451] [velocity_path_follower]: waypoint 4893 / 5251 도달 (선 이탈 0.38 m)
[velocity_path_follower.py-9] [INFO] [1786828954.474686694] [velocity_path_follower]: waypoint 4894 / 5251 도달 (선 이탈 0.38 m)
[velocity_path_follower.py-9] [INFO] [1786828954.524630277] [velocity_path_follower]: waypoint 4895 / 5251 도달 (선 이탈 0.39 m)
[velocity_path_follower.py-9] [INFO] [1786828954.574814284] [velocity_path_follower]: waypoint 4896 / 5251 도달 (선 이탈 0.39 m)
[velocity_path_follower.py-9] [INFO] [1786828954.625174588] [velocity_path_follower]: waypoint 4897 / 5251 도달 (선 이탈 0.39 m)
[velocity_path_follower.py-9] [INFO] [1786828954.675048627] [velocity_path_follower]: waypoint 4898 / 5251 도달 (선 이탈 0.39 m)
[velocity_path_follower.py-9] [INFO] [1786828955.324961058] [velocity_path_follower]: waypoint 4899 / 5251 도달 (선 이탈 0.42 m)
[velocity_path_follower.py-9] [INFO] [1786828955.927206728] [velocity_path_follower]: waypoint 4900 / 5251 도달 (선 이탈 0.42 m)
[velocity_path_follower.py-9] [INFO] [1786828956.526851613] [velocity_path_follower]: waypoint 4901 / 5251 도달 (선 이탈 0.40 m)
[velocity_path_follower.py-9] [INFO] [1786828957.026996968] [velocity_path_follower]: waypoint 4902 / 5251 도달 (선 이탈 0.37 m)
[velocity_path_follower.py-9] [INFO] [1786828957.526671977] [velocity_path_follower]: waypoint 4903 / 5251 도달 (선 이탈 0.33 m)
[velocity_path_follower.py-9] [INFO] [1786828958.031643609] [velocity_path_follower]: waypoint 4904 / 5251 도달 (선 이탈 0.28 m)
[velocity_path_follower.py-9] [INFO] [1786828958.381521079] [velocity_path_follower]: 2150.0s  wp 4905/5251 이탈0.2m  위치 ( -12.20,   -69.86,   7.49)
[velocity_path_follower.py-9] [INFO] [1786828958.481618587] [velocity_path_follower]: waypoint 4905 / 5251 도달 (선 이탈 0.23 m)
[velocity_path_follower.py-9] [INFO] [1786828958.931768570] [velocity_path_follower]: waypoint 4906 / 5251 도달 (선 이탈 0.18 m)
[velocity_path_follower.py-9] [INFO] [1786828959.383652358] [velocity_path_follower]: waypoint 4907 / 5251 도달 (선 이탈 0.13 m)
[velocity_path_follower.py-9] [INFO] [1786828959.837771841] [velocity_path_follower]: waypoint 4908 / 5251 도달 (선 이탈 0.07 m)
[velocity_path_follower.py-9] [INFO] [1786828960.287628193] [velocity_path_follower]: waypoint 4909 / 5251 도달 (선 이탈 0.02 m)
[velocity_path_follower.py-9] [INFO] [1786828960.687627590] [velocity_path_follower]: waypoint 4910 / 5251 도달 (선 이탈 0.02 m)
[velocity_path_follower.py-9] [INFO] [1786828961.087993623] [velocity_path_follower]: waypoint 4911 / 5251 도달 (선 이탈 0.06 m)
[velocity_path_follower.py-9] [INFO] [1786828961.489960083] [velocity_path_follower]: waypoint 4912 / 5251 도달 (선 이탈 0.10 m)
[velocity_path_follower.py-9] [INFO] [1786828961.939945359] [velocity_path_follower]: waypoint 4913 / 5251 도달 (선 이탈 0.14 m)
[velocity_path_follower.py-9] [INFO] [1786828962.342902225] [velocity_path_follower]: waypoint 4914 / 5251 도달 (선 이탈 0.16 m)
[velocity_path_follower.py-9] [INFO] [1786828962.712869198] [velocity_path_follower]: waypoint 4915 / 5251 도달 (선 이탈 0.18 m)
[velocity_path_follower.py-9] [INFO] [1786828963.113192651] [velocity_path_follower]: waypoint 4916 / 5251 도달 (선 이탈 0.20 m)
[velocity_path_follower.py-9] [INFO] [1786828963.412967665] [velocity_path_follower]: 2155.0s  wp 4917/5251 이탈0.2m  위치 (  -6.17,   -70.31,   8.57)
[velocity_path_follower.py-9] [INFO] [1786828963.512892503] [velocity_path_follower]: waypoint 4917 / 5251 도달 (선 이탈 0.21 m)
[velocity_path_follower.py-9] [INFO] [1786828963.864909589] [velocity_path_follower]: waypoint 4918 / 5251 도달 (선 이탈 0.21 m)
[velocity_path_follower.py-9] [INFO] [1786828964.265081957] [velocity_path_follower]: waypoint 4919 / 5251 도달 (선 이탈 0.21 m)
[velocity_path_follower.py-9] [INFO] [1786828964.672348586] [velocity_path_follower]: waypoint 4920 / 5251 도달 (선 이탈 0.21 m)
[velocity_path_follower.py-9] [INFO] [1786828965.022348737] [velocity_path_follower]: waypoint 4921 / 5251 도달 (선 이탈 0.20 m)
[velocity_path_follower.py-9] [INFO] [1786828965.422620693] [velocity_path_follower]: waypoint 4922 / 5251 도달 (선 이탈 0.19 m)
[velocity_path_follower.py-9] [INFO] [1786828965.774605407] [velocity_path_follower]: waypoint 4923 / 5251 도달 (선 이탈 0.18 m)
[velocity_path_follower.py-9] [INFO] [1786828966.176830800] [velocity_path_follower]: waypoint 4924 / 5251 도달 (선 이탈 0.16 m)
[velocity_path_follower.py-9] [INFO] [1786828966.527413306] [velocity_path_follower]: waypoint 4925 / 5251 도달 (선 이탈 0.14 m)
[velocity_path_follower.py-9] [INFO] [1786828966.876670312] [velocity_path_follower]: waypoint 4926 / 5251 도달 (선 이탈 0.12 m)
[velocity_path_follower.py-9] [INFO] [1786828967.229100584] [velocity_path_follower]: waypoint 4927 / 5251 도달 (선 이탈 0.10 m)
[velocity_path_follower.py-9] [INFO] [1786828967.632268759] [velocity_path_follower]: waypoint 4928 / 5251 도달 (선 이탈 0.08 m)
[velocity_path_follower.py-9] [INFO] [1786828967.982314625] [velocity_path_follower]: waypoint 4929 / 5251 도달 (선 이탈 0.06 m)
[velocity_path_follower.py-9] [INFO] [1786828968.392030380] [velocity_path_follower]: waypoint 4930 / 5251 도달 (선 이탈 0.03 m)
[velocity_path_follower.py-9] [INFO] [1786828968.441976008] [velocity_path_follower]: 2160.0s  wp 4931/5251 이탈0.0m  위치 (   0.56,   -70.13,   9.02)
[velocity_path_follower.py-9] [INFO] [1786828968.741624483] [velocity_path_follower]: waypoint 4931 / 5251 도달 (선 이탈 0.01 m)
[velocity_path_follower.py-9] [INFO] [1786828969.093941796] [velocity_path_follower]: waypoint 4932 / 5251 도달 (선 이탈 0.01 m)
[velocity_path_follower.py-9] [INFO] [1786828969.445897891] [velocity_path_follower]: waypoint 4933 / 5251 도달 (선 이탈 0.03 m)
[velocity_path_follower.py-9] [INFO] [1786828969.798870184] [velocity_path_follower]: waypoint 4934 / 5251 도달 (선 이탈 0.04 m)
[velocity_path_follower.py-9] [INFO] [1786828970.148636379] [velocity_path_follower]: waypoint 4935 / 5251 도달 (선 이탈 0.06 m)
[velocity_path_follower.py-9] [INFO] [1786828970.500807274] [velocity_path_follower]: waypoint 4936 / 5251 도달 (선 이탈 0.07 m)
[velocity_path_follower.py-9] [INFO] [1786828970.900872817] [velocity_path_follower]: waypoint 4937 / 5251 도달 (선 이탈 0.09 m)
[velocity_path_follower.py-9] [INFO] [1786828971.250842395] [velocity_path_follower]: waypoint 4938 / 5251 도달 (선 이탈 0.10 m)
[velocity_path_follower.py-9] [INFO] [1786828971.603619018] [velocity_path_follower]: waypoint 4939 / 5251 도달 (선 이탈 0.10 m)
[velocity_path_follower.py-9] [INFO] [1786828971.953678641] [velocity_path_follower]: waypoint 4940 / 5251 도달 (선 이탈 0.11 m)
[velocity_path_follower.py-9] [INFO] [1786828972.303843269] [velocity_path_follower]: waypoint 4941 / 5251 도달 (선 이탈 0.11 m)
[velocity_path_follower.py-9] [INFO] [1786828972.653668762] [velocity_path_follower]: waypoint 4942 / 5251 도달 (선 이탈 0.11 m)
[velocity_path_follower.py-9] [INFO] [1786828973.455775294] [velocity_path_follower]: 2165.0s  climb       위치 (   7.51,   -69.99,   6.25)
[velocity_path_follower.py-9] [INFO] [1786828975.017826729] [velocity_path_follower]: waypoint 4943 / 5251 도달 (선 이탈 0.10 m)
[velocity_path_follower.py-9] [INFO] [1786828975.067943114] [velocity_path_follower]: waypoint 4944 / 5251 도달 (선 이탈 0.10 m)
[velocity_path_follower.py-9] [INFO] [1786828975.118003789] [velocity_path_follower]: waypoint 4945 / 5251 도달 (선 이탈 0.10 m)
[velocity_path_follower.py-9] [INFO] [1786828975.167860333] [velocity_path_follower]: waypoint 4946 / 5251 도달 (선 이탈 0.10 m)
[velocity_path_follower.py-9] [INFO] [1786828975.217648999] [velocity_path_follower]: waypoint 4947 / 5251 도달 (선 이탈 0.10 m)
[velocity_path_follower.py-9] [INFO] [1786828975.267620130] [velocity_path_follower]: waypoint 4948 / 5251 도달 (선 이탈 0.10 m)
[velocity_path_follower.py-9] [INFO] [1786828975.817780621] [velocity_path_follower]: waypoint 4949 / 5251 도달 (선 이탈 0.10 m)
[velocity_path_follower.py-9] [INFO] [1786828976.367648397] [velocity_path_follower]: waypoint 4950 / 5251 도달 (선 이탈 0.10 m)
[velocity_path_follower.py-9] [INFO] [1786828976.869928742] [velocity_path_follower]: waypoint 4951 / 5251 도달 (선 이탈 0.09 m)
[velocity_path_follower.py-9] [INFO] [1786828977.374681041] [velocity_path_follower]: waypoint 4952 / 5251 도달 (선 이탈 0.08 m)
[velocity_path_follower.py-9] [INFO] [1786828977.876646045] [velocity_path_follower]: waypoint 4953 / 5251 도달 (선 이탈 0.06 m)
[velocity_path_follower.py-9] [INFO] [1786828978.330847655] [velocity_path_follower]: waypoint 4954 / 5251 도달 (선 이탈 0.05 m)
[velocity_path_follower.py-9] [INFO] [1786828978.480576709] [velocity_path_follower]: 2170.0s  wp 4955/5251 이탈0.0m  위치 (  12.58,   -70.05,   7.95)
[velocity_path_follower.py-9] [INFO] [1786828978.780917554] [velocity_path_follower]: waypoint 4955 / 5251 도달 (선 이탈 0.04 m)
[velocity_path_follower.py-9] [INFO] [1786828979.230985204] [velocity_path_follower]: waypoint 4956 / 5251 도달 (선 이탈 0.03 m)
[velocity_path_follower.py-9] [INFO] [1786828979.630802632] [velocity_path_follower]: waypoint 4957 / 5251 도달 (선 이탈 0.01 m)
[velocity_path_follower.py-9] [INFO] [1786828980.081238378] [velocity_path_follower]: waypoint 4958 / 5251 도달 (선 이탈 0.00 m)
[velocity_path_follower.py-9] [INFO] [1786828980.480949180] [velocity_path_follower]: waypoint 4959 / 5251 도달 (선 이탈 0.01 m)
[velocity_path_follower.py-9] [INFO] [1786828980.881271417] [velocity_path_follower]: waypoint 4960 / 5251 도달 (선 이탈 0.02 m)
[velocity_path_follower.py-9] [INFO] [1786828981.341177585] [velocity_path_follower]: waypoint 4961 / 5251 도달 (선 이탈 0.03 m)
[velocity_path_follower.py-9] [INFO] [1786828981.743813729] [velocity_path_follower]: waypoint 4962 / 5251 도달 (선 이탈 0.04 m)
[velocity_path_follower.py-9] [INFO] [1786828982.093968581] [velocity_path_follower]: waypoint 4963 / 5251 도달 (선 이탈 0.04 m)
[velocity_path_follower.py-9] [INFO] [1786828982.493984437] [velocity_path_follower]: waypoint 4964 / 5251 도달 (선 이탈 0.05 m)
[velocity_path_follower.py-9] [INFO] [1786828982.897673866] [velocity_path_follower]: waypoint 4965 / 5251 도달 (선 이탈 0.05 m)
[velocity_path_follower.py-9] [INFO] [1786828983.303440902] [velocity_path_follower]: waypoint 4966 / 5251 도달 (선 이탈 0.05 m)
[velocity_path_follower.py-9] [INFO] [1786828983.502002098] [velocity_path_follower]: 2175.0s  wp 4967/5251 이탈0.1m  위치 (  18.70,   -70.15,   8.53)
[velocity_path_follower.py-9] [INFO] [1786828983.652120419] [velocity_path_follower]: waypoint 4967 / 5251 도달 (선 이탈 0.05 m)
[velocity_path_follower.py-9] [INFO] [1786828984.052205154] [velocity_path_follower]: waypoint 4968 / 5251 도달 (선 이탈 0.05 m)
[velocity_path_follower.py-9] [INFO] [1786828984.452491231] [velocity_path_follower]: waypoint 4969 / 5251 도달 (선 이탈 0.05 m)
[velocity_path_follower.py-9] [INFO] [1786828984.802216657] [velocity_path_follower]: waypoint 4970 / 5251 도달 (선 이탈 0.05 m)
[velocity_path_follower.py-9] [INFO] [1786828985.152174216] [velocity_path_follower]: waypoint 4971 / 5251 도달 (선 이탈 0.05 m)
[velocity_path_follower.py-9] [INFO] [1786828985.552264080] [velocity_path_follower]: waypoint 4972 / 5251 도달 (선 이탈 0.04 m)
[velocity_path_follower.py-9] [INFO] [1786828985.904540837] [velocity_path_follower]: waypoint 4973 / 5251 도달 (선 이탈 0.04 m)
[velocity_path_follower.py-9] [INFO] [1786828986.256800969] [velocity_path_follower]: waypoint 4974 / 5251 도달 (선 이탈 0.03 m)
[velocity_path_follower.py-9] [INFO] [1786828986.656873418] [velocity_path_follower]: waypoint 4975 / 5251 도달 (선 이탈 0.03 m)
[velocity_path_follower.py-9] [INFO] [1786828987.008110811] [velocity_path_follower]: waypoint 4976 / 5251 도달 (선 이탈 0.02 m)
[velocity_path_follower.py-9] [INFO] [1786828987.359009404] [velocity_path_follower]: waypoint 4977 / 5251 도달 (선 이탈 0.02 m)
[velocity_path_follower.py-9] [INFO] [1786828987.762539378] [velocity_path_follower]: waypoint 4978 / 5251 도달 (선 이탈 0.01 m)
[velocity_path_follower.py-9] [INFO] [1786828988.111501328] [velocity_path_follower]: waypoint 4979 / 5251 도달 (선 이탈 0.01 m)
[velocity_path_follower.py-9] [INFO] [1786828988.463843675] [velocity_path_follower]: waypoint 4980 / 5251 도달 (선 이탈 0.00 m)
[velocity_path_follower.py-9] [INFO] [1786828988.513617677] [velocity_path_follower]: 2180.0s  wp 4981/5251 이탈0.0m  위치 (  25.49,   -70.10,   8.19)
[velocity_path_follower.py-9] [INFO] [1786828988.813874159] [velocity_path_follower]: waypoint 4981 / 5251 도달 (선 이탈 0.00 m)
[velocity_path_follower.py-9] [INFO] [1786828989.172101356] [velocity_path_follower]: waypoint 4982 / 5251 도달 (선 이탈 0.01 m)
[velocity_path_follower.py-9] [INFO] [1786828989.572169352] [velocity_path_follower]: waypoint 4983 / 5251 도달 (선 이탈 0.01 m)
[velocity_path_follower.py-9] [INFO] [1786828989.922002623] [velocity_path_follower]: waypoint 4984 / 5251 도달 (선 이탈 0.02 m)
[velocity_path_follower.py-9] [INFO] [1786828990.274936491] [velocity_path_follower]: waypoint 4985 / 5251 도달 (선 이탈 0.02 m)
[velocity_path_follower.py-9] [INFO] [1786828990.627179588] [velocity_path_follower]: waypoint 4986 / 5251 도달 (선 이탈 0.02 m)
[velocity_path_follower.py-9] [INFO] [1786828990.979103842] [velocity_path_follower]: waypoint 4987 / 5251 도달 (선 이탈 0.03 m)
[velocity_path_follower.py-9] [INFO] [1786828991.329059703] [velocity_path_follower]: waypoint 4988 / 5251 도달 (선 이탈 0.03 m)
[velocity_path_follower.py-9] [INFO] [1786828991.679065525] [velocity_path_follower]: waypoint 4989 / 5251 도달 (선 이탈 0.03 m)
[velocity_path_follower.py-9] [INFO] [1786828992.028935175] [velocity_path_follower]: waypoint 4990 / 5251 도달 (선 이탈 0.03 m)
[velocity_path_follower.py-9] [INFO] [1786828992.379179964] [velocity_path_follower]: waypoint 4991 / 5251 도달 (선 이탈 0.03 m)
[velocity_path_follower.py-9] [INFO] [1786828992.779237965] [velocity_path_follower]: waypoint 4992 / 5251 도달 (선 이탈 0.03 m)
[velocity_path_follower.py-9] [INFO] [1786828993.078976686] [velocity_path_follower]: waypoint 4993 / 5251 도달 (선 이탈 0.03 m)
[velocity_path_follower.py-9] [INFO] [1786828993.429579779] [velocity_path_follower]: waypoint 4994 / 5251 도달 (선 이탈 0.03 m)
[velocity_path_follower.py-9] [INFO] [1786828993.529057034] [velocity_path_follower]: 2185.0s  wp 4995/5251 이탈0.0m  위치 (  32.53,   -70.07,   9.00)
[velocity_path_follower.py-9] [INFO] [1786828993.780799974] [velocity_path_follower]: waypoint 4995 / 5251 도달 (선 이탈 0.02 m)
[velocity_path_follower.py-9] [INFO] [1786828994.211029249] [velocity_path_follower]: waypoint 4996 / 5251 도달 (선 이탈 0.02 m)
[velocity_path_follower.py-9] [INFO] [1786828994.513356594] [velocity_path_follower]: waypoint 4997 / 5251 도달 (선 이탈 0.02 m)
[velocity_path_follower.py-9] [INFO] [1786828994.912700077] [velocity_path_follower]: waypoint 4998 / 5251 도달 (선 이탈 0.02 m)
[velocity_path_follower.py-9] [INFO] [1786828995.215024174] [velocity_path_follower]: waypoint 4999 / 5251 도달 (선 이탈 0.02 m)
[velocity_path_follower.py-9] [INFO] [1786828995.614925551] [velocity_path_follower]: waypoint 5000 / 5251 도달 (선 이탈 0.01 m)
[velocity_path_follower.py-9] [INFO] [1786828995.914827239] [velocity_path_follower]: waypoint 5001 / 5251 도달 (선 이탈 0.01 m)
[velocity_path_follower.py-9] [INFO] [1786828996.314827912] [velocity_path_follower]: waypoint 5002 / 5251 도달 (선 이탈 0.01 m)
[velocity_path_follower.py-9] [INFO] [1786828996.614698143] [velocity_path_follower]: waypoint 5003 / 5251 도달 (선 이탈 0.00 m)
[velocity_path_follower.py-9] [INFO] [1786828997.015025868] [velocity_path_follower]: waypoint 5004 / 5251 도달 (선 이탈 0.00 m)
[velocity_path_follower.py-9] [INFO] [1786828997.314845265] [velocity_path_follower]: waypoint 5005 / 5251 도달 (선 이탈 0.00 m)
[velocity_path_follower.py-9] [INFO] [1786828997.714669977] [velocity_path_follower]: waypoint 5006 / 5251 도달 (선 이탈 0.00 m)
[velocity_path_follower.py-9] [INFO] [1786828998.015015474] [velocity_path_follower]: waypoint 5007 / 5251 도달 (선 이탈 0.01 m)
[velocity_path_follower.py-9] [INFO] [1786828998.415128988] [velocity_path_follower]: waypoint 5008 / 5251 도달 (선 이탈 0.01 m)
[velocity_path_follower.py-9] [INFO] [1786828998.564576631] [velocity_path_follower]: 2190.0s  wp 5009/5251 이탈0.0m  위치 (  39.68,   -70.11,   9.86)
[velocity_path_follower.py-9] [INFO] [1786828998.714866009] [velocity_path_follower]: waypoint 5009 / 5251 도달 (선 이탈 0.01 m)
[velocity_path_follower.py-9] [INFO] [1786828999.064802714] [velocity_path_follower]: waypoint 5010 / 5251 도달 (선 이탈 0.01 m)
[velocity_path_follower.py-9] [INFO] [1786828999.414907218] [velocity_path_follower]: waypoint 5011 / 5251 도달 (선 이탈 0.01 m)
[velocity_path_follower.py-9] [INFO] [1786828999.764658711] [velocity_path_follower]: waypoint 5012 / 5251 도달 (선 이탈 0.01 m)
[velocity_path_follower.py-9] [INFO] [1786829000.114865843] [velocity_path_follower]: waypoint 5013 / 5251 도달 (선 이탈 0.01 m)
[velocity_path_follower.py-9] [INFO] [1786829000.465088102] [velocity_path_follower]: waypoint 5014 / 5251 도달 (선 이탈 0.01 m)
[velocity_path_follower.py-9] [INFO] [1786829000.814914724] [velocity_path_follower]: waypoint 5015 / 5251 도달 (선 이탈 0.01 m)
[velocity_path_follower.py-9] [INFO] [1786829001.165686459] [velocity_path_follower]: waypoint 5016 / 5251 도달 (선 이탈 0.01 m)
[velocity_path_follower.py-9] [INFO] [1786829001.514856145] [velocity_path_follower]: waypoint 5017 / 5251 도달 (선 이탈 0.01 m)
[velocity_path_follower.py-9] [INFO] [1786829001.864680019] [velocity_path_follower]: waypoint 5018 / 5251 도달 (선 이탈 0.01 m)
[velocity_path_follower.py-9] [INFO] [1786829002.214897239] [velocity_path_follower]: waypoint 5019 / 5251 도달 (선 이탈 0.01 m)
[velocity_path_follower.py-9] [INFO] [1786829002.567849002] [velocity_path_follower]: waypoint 5020 / 5251 도달 (선 이탈 0.01 m)
[velocity_path_follower.py-9] [INFO] [1786829002.917795173] [velocity_path_follower]: waypoint 5021 / 5251 도달 (선 이탈 0.01 m)
[velocity_path_follower.py-9] [INFO] [1786829003.269627403] [velocity_path_follower]: waypoint 5022 / 5251 도달 (선 이탈 0.01 m)
[velocity_path_follower.py-9] [INFO] [1786829003.569951990] [velocity_path_follower]: 2195.0s  wp 5023/5251 이탈0.0m  위치 (  46.90,   -70.11,  10.22)
[velocity_path_follower.py-9] [INFO] [1786829003.619680328] [velocity_path_follower]: waypoint 5023 / 5251 도달 (선 이탈 0.01 m)
[velocity_path_follower.py-9] [INFO] [1786829003.969752379] [velocity_path_follower]: waypoint 5024 / 5251 도달 (선 이탈 0.01 m)
[velocity_path_follower.py-9] [INFO] [1786829004.273462864] [velocity_path_follower]: waypoint 5025 / 5251 도달 (선 이탈 0.00 m)
[velocity_path_follower.py-9] [INFO] [1786829004.671910546] [velocity_path_follower]: waypoint 5026 / 5251 도달 (선 이탈 0.00 m)
[velocity_path_follower.py-9] [INFO] [1786829005.021965556] [velocity_path_follower]: waypoint 5027 / 5251 도달 (선 이탈 0.00 m)
[velocity_path_follower.py-9] [INFO] [1786829005.322057473] [velocity_path_follower]: waypoint 5028 / 5251 도달 (선 이탈 0.00 m)
[velocity_path_follower.py-9] [INFO] [1786829005.672034107] [velocity_path_follower]: waypoint 5029 / 5251 도달 (선 이탈 0.00 m)
[velocity_path_follower.py-9] [INFO] [1786829006.021888946] [velocity_path_follower]: waypoint 5030 / 5251 도달 (선 이탈 0.00 m)
[velocity_path_follower.py-9] [INFO] [1786829006.371950960] [velocity_path_follower]: waypoint 5031 / 5251 도달 (선 이탈 0.00 m)
[velocity_path_follower.py-9] [INFO] [1786829006.721937346] [velocity_path_follower]: waypoint 5032 / 5251 도달 (선 이탈 0.01 m)
[velocity_path_follower.py-9] [INFO] [1786829007.071963317] [velocity_path_follower]: waypoint 5033 / 5251 도달 (선 이탈 0.01 m)
[velocity_path_follower.py-9] [INFO] [1786829007.421860035] [velocity_path_follower]: waypoint 5034 / 5251 도달 (선 이탈 0.01 m)
[velocity_path_follower.py-9] [INFO] [1786829007.771948426] [velocity_path_follower]: waypoint 5035 / 5251 도달 (선 이탈 0.01 m)
[velocity_path_follower.py-9] [INFO] [1786829008.121854771] [velocity_path_follower]: waypoint 5036 / 5251 도달 (선 이탈 0.01 m)
[velocity_path_follower.py-9] [INFO] [1786829008.471938288] [velocity_path_follower]: waypoint 5037 / 5251 도달 (선 이탈 0.01 m)
[velocity_path_follower.py-9] [INFO] [1786829008.571862022] [velocity_path_follower]: 2200.0s  wp 5038/5251 이탈0.0m  위치 (  54.07,   -70.09,  10.73)
[velocity_path_follower.py-9] [INFO] [1786829008.822352107] [velocity_path_follower]: waypoint 5038 / 5251 도달 (선 이탈 0.01 m)
[velocity_path_follower.py-9] [INFO] [1786829009.172122283] [velocity_path_follower]: waypoint 5039 / 5251 도달 (선 이탈 0.01 m)
[velocity_path_follower.py-9] [INFO] [1786829009.522070464] [velocity_path_follower]: waypoint 5040 / 5251 도달 (선 이탈 0.01 m)
[velocity_path_follower.py-9] [INFO] [1786829009.871960935] [velocity_path_follower]: waypoint 5041 / 5251 도달 (선 이탈 0.01 m)
[velocity_path_follower.py-9] [INFO] [1786829010.172127527] [velocity_path_follower]: waypoint 5042 / 5251 도달 (선 이탈 0.01 m)
[velocity_path_follower.py-9] [INFO] [1786829010.571930220] [velocity_path_follower]: waypoint 5043 / 5251 도달 (선 이탈 0.01 m)
[velocity_path_follower.py-9] [INFO] [1786829010.922116118] [velocity_path_follower]: waypoint 5044 / 5251 도달 (선 이탈 0.01 m)
[velocity_path_follower.py-9] [INFO] [1786829011.221831197] [velocity_path_follower]: waypoint 5045 / 5251 도달 (선 이탈 0.01 m)
[velocity_path_follower.py-9] [INFO] [1786829011.622008529] [velocity_path_follower]: waypoint 5046 / 5251 도달 (선 이탈 0.01 m)
[velocity_path_follower.py-9] [INFO] [1786829011.921877738] [velocity_path_follower]: waypoint 5047 / 5251 도달 (선 이탈 0.01 m)
[velocity_path_follower.py-9] [INFO] [1786829012.271821049] [velocity_path_follower]: waypoint 5048 / 5251 도달 (선 이탈 0.00 m)
[velocity_path_follower.py-9] [INFO] [1786829012.624909416] [velocity_path_follower]: waypoint 5049 / 5251 도달 (선 이탈 0.00 m)
[velocity_path_follower.py-9] [INFO] [1786829013.577668954] [velocity_path_follower]: 2205.0s  wp 5050/5251 이탈0.1m  위치 (  61.25,   -70.03,  11.35)
[velocity_path_follower.py-9] [INFO] [1786829017.677687944] [velocity_path_follower]: waypoint 5050 / 5251 도달 (선 이탈 2.92 m)
[velocity_path_follower.py-9] [INFO] [1786829018.577676943] [velocity_path_follower]: 2210.0s  wp 5052/5251 이탈0.8m  위치 (  64.38,   -66.89,  11.16)
[velocity_path_follower.py-9] [INFO] [1786829022.631988097] [velocity_path_follower]: waypoint 5052 / 5251 도달 (선 이탈 1.40 m)
[velocity_path_follower.py-9] [INFO] [1786829023.281605601] [velocity_path_follower]: waypoint 5053 / 5251 도달 (선 이탈 1.47 m)
[velocity_path_follower.py-9] [INFO] [1786829023.581957049] [velocity_path_follower]: 2215.0s  wp 5054/5251 이탈1.5m  위치 (  61.64,   -64.62,  10.90)
[velocity_path_follower.py-9] [INFO] [1786829023.882055865] [velocity_path_follower]: waypoint 5054 / 5251 도달 (선 이탈 1.47 m)
[velocity_path_follower.py-9] [INFO] [1786829024.481805442] [velocity_path_follower]: waypoint 5055 / 5251 도달 (선 이탈 1.42 m)
[velocity_path_follower.py-9] [INFO] [1786829025.034649182] [velocity_path_follower]: waypoint 5056 / 5251 도달 (선 이탈 1.32 m)
[velocity_path_follower.py-9] [INFO] [1786829025.636396075] [velocity_path_follower]: waypoint 5057 / 5251 도달 (선 이탈 1.18 m)
[velocity_path_follower.py-9] [INFO] [1786829026.135028586] [velocity_path_follower]: waypoint 5058 / 5251 도달 (선 이탈 1.03 m)
[velocity_path_follower.py-9] [INFO] [1786829026.685388837] [velocity_path_follower]: waypoint 5059 / 5251 도달 (선 이탈 0.85 m)
[velocity_path_follower.py-9] [INFO] [1786829027.184875710] [velocity_path_follower]: waypoint 5060 / 5251 도달 (선 이탈 0.67 m)
[velocity_path_follower.py-9] [INFO] [1786829027.685136567] [velocity_path_follower]: waypoint 5061 / 5251 도달 (선 이탈 0.48 m)
[velocity_path_follower.py-9] [INFO] [1786829028.134768470] [velocity_path_follower]: waypoint 5062 / 5251 도달 (선 이탈 0.31 m)
[velocity_path_follower.py-9] [INFO] [1786829028.585037686] [velocity_path_follower]: waypoint 5063 / 5251 도달 (선 이탈 0.13 m)
[velocity_path_follower.py-9] [INFO] [1786829028.634744904] [velocity_path_follower]: 2220.0s  wp 5064/5251 이탈0.1m  위치 (  56.81,   -65.99,  10.90)
[velocity_path_follower.py-9] [INFO] [1786829029.034926140] [velocity_path_follower]: waypoint 5064 / 5251 도달 (선 이탈 0.03 m)
[velocity_path_follower.py-9] [INFO] [1786829029.484983476] [velocity_path_follower]: waypoint 5065 / 5251 도달 (선 이탈 0.18 m)
[velocity_path_follower.py-9] [INFO] [1786829029.884661491] [velocity_path_follower]: waypoint 5066 / 5251 도달 (선 이탈 0.30 m)
[velocity_path_follower.py-9] [INFO] [1786829030.334849791] [velocity_path_follower]: waypoint 5067 / 5251 도달 (선 이탈 0.42 m)
[velocity_path_follower.py-9] [INFO] [1786829030.734900527] [velocity_path_follower]: waypoint 5068 / 5251 도달 (선 이탈 0.51 m)
[velocity_path_follower.py-9] [INFO] [1786829031.184995200] [velocity_path_follower]: waypoint 5069 / 5251 도달 (선 이탈 0.59 m)
[velocity_path_follower.py-9] [INFO] [1786829031.584846765] [velocity_path_follower]: waypoint 5070 / 5251 도달 (선 이탈 0.65 m)
[velocity_path_follower.py-9] [INFO] [1786829031.935001070] [velocity_path_follower]: waypoint 5071 / 5251 도달 (선 이탈 0.68 m)
[velocity_path_follower.py-9] [INFO] [1786829032.334979306] [velocity_path_follower]: waypoint 5072 / 5251 도달 (선 이탈 0.71 m)
[velocity_path_follower.py-9] [INFO] [1786829032.735019337] [velocity_path_follower]: waypoint 5073 / 5251 도달 (선 이탈 0.71 m)
[velocity_path_follower.py-9] [INFO] [1786829033.184883841] [velocity_path_follower]: waypoint 5074 / 5251 도달 (선 이탈 0.70 m)
[velocity_path_follower.py-9] [INFO] [1786829033.534885977] [velocity_path_follower]: waypoint 5075 / 5251 도달 (선 이탈 0.68 m)
[velocity_path_follower.py-9] [INFO] [1786829033.634844515] [velocity_path_follower]: 2225.0s  wp 5076/5251 이탈0.7m  위치 (  50.74,   -66.77,  10.43)
[velocity_path_follower.py-9] [INFO] [1786829033.934892050] [velocity_path_follower]: waypoint 5076 / 5251 도달 (선 이탈 0.65 m)
[velocity_path_follower.py-9] [INFO] [1786829034.334940751] [velocity_path_follower]: waypoint 5077 / 5251 도달 (선 이탈 0.60 m)
[velocity_path_follower.py-9] [INFO] [1786829034.735267502] [velocity_path_follower]: waypoint 5078 / 5251 도달 (선 이탈 0.54 m)
[velocity_path_follower.py-9] [INFO] [1786829035.084865003] [velocity_path_follower]: waypoint 5079 / 5251 도달 (선 이탈 0.49 m)
[velocity_path_follower.py-9] [INFO] [1786829035.484803952] [velocity_path_follower]: waypoint 5080 / 5251 도달 (선 이탈 0.41 m)
[velocity_path_follower.py-9] [INFO] [1786829035.886662753] [velocity_path_follower]: waypoint 5081 / 5251 도달 (선 이탈 0.34 m)
[velocity_path_follower.py-9] [INFO] [1786829036.236913401] [velocity_path_follower]: waypoint 5082 / 5251 도달 (선 이탈 0.27 m)
[velocity_path_follower.py-9] [INFO] [1786829036.637053900] [velocity_path_follower]: waypoint 5083 / 5251 도달 (선 이탈 0.19 m)
[velocity_path_follower.py-9] [INFO] [1786829036.986876786] [velocity_path_follower]: waypoint 5084 / 5251 도달 (선 이탈 0.12 m)
[velocity_path_follower.py-9] [INFO] [1786829037.386830239] [velocity_path_follower]: waypoint 5085 / 5251 도달 (선 이탈 0.04 m)
[velocity_path_follower.py-9] [INFO] [1786829037.786856653] [velocity_path_follower]: waypoint 5086 / 5251 도달 (선 이탈 0.03 m)
[velocity_path_follower.py-9] [INFO] [1786829038.137041051] [velocity_path_follower]: waypoint 5087 / 5251 도달 (선 이탈 0.09 m)
[velocity_path_follower.py-9] [INFO] [1786829038.486912691] [velocity_path_follower]: waypoint 5088 / 5251 도달 (선 이탈 0.15 m)
[velocity_path_follower.py-9] [INFO] [1786829038.636579034] [velocity_path_follower]: 2230.0s  wp 5089/5251 이탈0.2m  위치 (  44.18,   -65.93,   9.76)
[velocity_path_follower.py-9] [INFO] [1786829038.886810228] [velocity_path_follower]: waypoint 5089 / 5251 도달 (선 이탈 0.20 m)
[velocity_path_follower.py-9] [INFO] [1786829039.236681660] [velocity_path_follower]: waypoint 5090 / 5251 도달 (선 이탈 0.24 m)
[velocity_path_follower.py-9] [INFO] [1786829039.586947856] [velocity_path_follower]: waypoint 5091 / 5251 도달 (선 이탈 0.28 m)
[velocity_path_follower.py-9] [INFO] [1786829039.936950043] [velocity_path_follower]: waypoint 5092 / 5251 도달 (선 이탈 0.31 m)
[velocity_path_follower.py-9] [INFO] [1786829040.336927835] [velocity_path_follower]: waypoint 5093 / 5251 도달 (선 이탈 0.34 m)
[velocity_path_follower.py-9] [INFO] [1786829040.686870564] [velocity_path_follower]: waypoint 5094 / 5251 도달 (선 이탈 0.35 m)
[velocity_path_follower.py-9] [INFO] [1786829041.037313975] [velocity_path_follower]: waypoint 5095 / 5251 도달 (선 이탈 0.36 m)
[velocity_path_follower.py-9] [INFO] [1786829041.386925028] [velocity_path_follower]: waypoint 5096 / 5251 도달 (선 이탈 0.36 m)
[velocity_path_follower.py-9] [INFO] [1786829041.786695273] [velocity_path_follower]: waypoint 5097 / 5251 도달 (선 이탈 0.36 m)
[velocity_path_follower.py-9] [INFO] [1786829042.137010016] [velocity_path_follower]: waypoint 5098 / 5251 도달 (선 이탈 0.35 m)
[velocity_path_follower.py-9] [INFO] [1786829042.487145753] [velocity_path_follower]: waypoint 5099 / 5251 도달 (선 이탈 0.33 m)
[velocity_path_follower.py-9] [INFO] [1786829042.836799517] [velocity_path_follower]: waypoint 5100 / 5251 도달 (선 이탈 0.31 m)
[velocity_path_follower.py-9] [INFO] [1786829043.186700290] [velocity_path_follower]: waypoint 5101 / 5251 도달 (선 이탈 0.28 m)
[velocity_path_follower.py-9] [INFO] [1786829043.537191956] [velocity_path_follower]: waypoint 5102 / 5251 도달 (선 이탈 0.25 m)
[velocity_path_follower.py-9] [INFO] [1786829043.636886615] [velocity_path_follower]: 2235.0s  wp 5103/5251 이탈0.2m  위치 (  37.26,   -65.85,   9.29)
[velocity_path_follower.py-9] [INFO] [1786829043.886824930] [velocity_path_follower]: waypoint 5103 / 5251 도달 (선 이탈 0.22 m)
[velocity_path_follower.py-9] [INFO] [1786829044.286943899] [velocity_path_follower]: waypoint 5104 / 5251 도달 (선 이탈 0.18 m)
[velocity_path_follower.py-9] [INFO] [1786829044.637045264] [velocity_path_follower]: waypoint 5105 / 5251 도달 (선 이탈 0.15 m)
[velocity_path_follower.py-9] [INFO] [1786829044.986943997] [velocity_path_follower]: waypoint 5106 / 5251 도달 (선 이탈 0.11 m)
[velocity_path_follower.py-9] [INFO] [1786829045.336841064] [velocity_path_follower]: waypoint 5107 / 5251 도달 (선 이탈 0.08 m)
[velocity_path_follower.py-9] [INFO] [1786829045.686977681] [velocity_path_follower]: waypoint 5108 / 5251 도달 (선 이탈 0.04 m)
[velocity_path_follower.py-9] [INFO] [1786829046.036963710] [velocity_path_follower]: waypoint 5109 / 5251 도달 (선 이탈 0.01 m)
[velocity_path_follower.py-9] [INFO] [1786829046.387012451] [velocity_path_follower]: waypoint 5110 / 5251 도달 (선 이탈 0.03 m)
[velocity_path_follower.py-9] [INFO] [1786829046.736823142] [velocity_path_follower]: waypoint 5111 / 5251 도달 (선 이탈 0.06 m)
[velocity_path_follower.py-9] [INFO] [1786829047.090015232] [velocity_path_follower]: waypoint 5112 / 5251 도달 (선 이탈 0.09 m)
[velocity_path_follower.py-9] [INFO] [1786829047.489645358] [velocity_path_follower]: waypoint 5113 / 5251 도달 (선 이탈 0.12 m)
[velocity_path_follower.py-9] [INFO] [1786829047.789775205] [velocity_path_follower]: waypoint 5114 / 5251 도달 (선 이탈 0.13 m)
[velocity_path_follower.py-9] [INFO] [1786829048.189985518] [velocity_path_follower]: waypoint 5115 / 5251 도달 (선 이탈 0.15 m)
[velocity_path_follower.py-9] [INFO] [1786829048.489911068] [velocity_path_follower]: waypoint 5116 / 5251 도달 (선 이탈 0.17 m)
[velocity_path_follower.py-9] [INFO] [1786829048.639845509] [velocity_path_follower]: 2240.0s  wp 5117/5251 이탈0.2m  위치 (  30.20,   -66.27,   8.89)
[velocity_path_follower.py-9] [INFO] [1786829048.889608198] [velocity_path_follower]: waypoint 5117 / 5251 도달 (선 이탈 0.18 m)
[velocity_path_follower.py-9] [INFO] [1786829049.239835448] [velocity_path_follower]: waypoint 5118 / 5251 도달 (선 이탈 0.19 m)
[velocity_path_follower.py-9] [INFO] [1786829049.589881151] [velocity_path_follower]: waypoint 5119 / 5251 도달 (선 이탈 0.19 m)
[velocity_path_follower.py-9] [INFO] [1786829049.939846811] [velocity_path_follower]: waypoint 5120 / 5251 도달 (선 이탈 0.19 m)
[velocity_path_follower.py-9] [INFO] [1786829050.239890992] [velocity_path_follower]: waypoint 5121 / 5251 도달 (선 이탈 0.19 m)
[velocity_path_follower.py-9] [INFO] [1786829050.641874947] [velocity_path_follower]: waypoint 5122 / 5251 도달 (선 이탈 0.18 m)
[velocity_path_follower.py-9] [INFO] [1786829050.992588964] [velocity_path_follower]: waypoint 5123 / 5251 도달 (선 이탈 0.17 m)
[velocity_path_follower.py-9] [INFO] [1786829051.347357902] [velocity_path_follower]: waypoint 5124 / 5251 도달 (선 이탈 0.16 m)
[velocity_path_follower.py-9] [INFO] [1786829051.704977553] [velocity_path_follower]: waypoint 5125 / 5251 도달 (선 이탈 0.15 m)
[velocity_path_follower.py-9] [INFO] [1786829052.054840712] [velocity_path_follower]: waypoint 5126 / 5251 도달 (선 이탈 0.13 m)
[velocity_path_follower.py-9] [INFO] [1786829052.407823053] [velocity_path_follower]: waypoint 5127 / 5251 도달 (선 이탈 0.12 m)
[velocity_path_follower.py-9] [INFO] [1786829052.762628702] [velocity_path_follower]: waypoint 5128 / 5251 도달 (선 이탈 0.10 m)
[velocity_path_follower.py-9] [INFO] [1786829053.113102673] [velocity_path_follower]: waypoint 5129 / 5251 도달 (선 이탈 0.08 m)
[velocity_path_follower.py-9] [INFO] [1786829053.462945584] [velocity_path_follower]: waypoint 5130 / 5251 도달 (선 이탈 0.06 m)
[velocity_path_follower.py-9] [INFO] [1786829053.664987326] [velocity_path_follower]: 2245.0s  wp 5131/5251 이탈0.1m  위치 (  23.06,   -66.15,   8.29)
[velocity_path_follower.py-9] [INFO] [1786829053.814898936] [velocity_path_follower]: waypoint 5131 / 5251 도달 (선 이탈 0.04 m)
[velocity_path_follower.py-9] [INFO] [1786829054.166908541] [velocity_path_follower]: waypoint 5132 / 5251 도달 (선 이탈 0.02 m)
[velocity_path_follower.py-9] [INFO] [1786829054.473037501] [velocity_path_follower]: waypoint 5133 / 5251 도달 (선 이탈 0.01 m)
[velocity_path_follower.py-9] [INFO] [1786829054.826992459] [velocity_path_follower]: waypoint 5134 / 5251 도달 (선 이탈 0.01 m)
[velocity_path_follower.py-9] [INFO] [1786829055.226940524] [velocity_path_follower]: waypoint 5135 / 5251 도달 (선 이탈 0.03 m)
[velocity_path_follower.py-9] [INFO] [1786829055.528789227] [velocity_path_follower]: waypoint 5136 / 5251 도달 (선 이탈 0.04 m)
[velocity_path_follower.py-9] [INFO] [1786829055.928817088] [velocity_path_follower]: waypoint 5137 / 5251 도달 (선 이탈 0.06 m)
[velocity_path_follower.py-9] [INFO] [1786829056.229133160] [velocity_path_follower]: waypoint 5138 / 5251 도달 (선 이탈 0.07 m)
[velocity_path_follower.py-9] [INFO] [1786829056.633516117] [velocity_path_follower]: waypoint 5139 / 5251 도달 (선 이탈 0.08 m)
[velocity_path_follower.py-9] [INFO] [1786829056.933538138] [velocity_path_follower]: waypoint 5140 / 5251 도달 (선 이탈 0.09 m)
[velocity_path_follower.py-9] [INFO] [1786829057.283215216] [velocity_path_follower]: waypoint 5141 / 5251 도달 (선 이탈 0.09 m)
[velocity_path_follower.py-9] [INFO] [1786829057.633091051] [velocity_path_follower]: waypoint 5142 / 5251 도달 (선 이탈 0.10 m)
[velocity_path_follower.py-9] [INFO] [1786829057.986047523] [velocity_path_follower]: waypoint 5143 / 5251 도달 (선 이탈 0.10 m)
[velocity_path_follower.py-9] [INFO] [1786829058.333438823] [velocity_path_follower]: waypoint 5144 / 5251 도달 (선 이탈 0.10 m)
[velocity_path_follower.py-9] [INFO] [1786829058.685804695] [velocity_path_follower]: waypoint 5145 / 5251 도달 (선 이탈 0.10 m)
[velocity_path_follower.py-9] [INFO] [1786829058.736957506] [velocity_path_follower]: 2250.1s  wp 5146/5251 이탈0.1m  위치 (  15.80,   -66.00,   7.68)
[velocity_path_follower.py-9] [INFO] [1786829059.036102794] [velocity_path_follower]: waypoint 5146 / 5251 도달 (선 이탈 0.10 m)
[velocity_path_follower.py-9] [INFO] [1786829059.385874670] [velocity_path_follower]: waypoint 5147 / 5251 도달 (선 이탈 0.09 m)
[velocity_path_follower.py-9] [INFO] [1786829059.735612836] [velocity_path_follower]: waypoint 5148 / 5251 도달 (선 이탈 0.09 m)
[velocity_path_follower.py-9] [INFO] [1786829060.085954355] [velocity_path_follower]: waypoint 5149 / 5251 도달 (선 이탈 0.08 m)
[velocity_path_follower.py-9] [INFO] [1786829060.440333210] [velocity_path_follower]: waypoint 5150 / 5251 도달 (선 이탈 0.07 m)
[velocity_path_follower.py-9] [INFO] [1786829060.792690543] [velocity_path_follower]: waypoint 5151 / 5251 도달 (선 이탈 0.06 m)
[velocity_path_follower.py-9] [INFO] [1786829061.142830558] [velocity_path_follower]: waypoint 5152 / 5251 도달 (선 이탈 0.05 m)
[velocity_path_follower.py-9] [INFO] [1786829061.492580185] [velocity_path_follower]: waypoint 5153 / 5251 도달 (선 이탈 0.04 m)
[velocity_path_follower.py-9] [INFO] [1786829061.843086504] [velocity_path_follower]: waypoint 5154 / 5251 도달 (선 이탈 0.03 m)
[velocity_path_follower.py-9] [INFO] [1786829062.192690669] [velocity_path_follower]: waypoint 5155 / 5251 도달 (선 이탈 0.02 m)
[velocity_path_follower.py-9] [INFO] [1786829062.542788685] [velocity_path_follower]: waypoint 5156 / 5251 도달 (선 이탈 0.01 m)
[velocity_path_follower.py-9] [INFO] [1786829062.844932322] [velocity_path_follower]: waypoint 5157 / 5251 도달 (선 이탈 0.00 m)
[velocity_path_follower.py-9] [INFO] [1786829063.244604725] [velocity_path_follower]: waypoint 5158 / 5251 도달 (선 이탈 0.01 m)
[velocity_path_follower.py-9] [INFO] [1786829063.544834053] [velocity_path_follower]: waypoint 5159 / 5251 도달 (선 이탈 0.01 m)
[velocity_path_follower.py-9] [INFO] [1786829063.694553622] [velocity_path_follower]: 2255.0s  wp 5160/5251 이탈0.0m  위치 (   8.69,   -66.12,   7.35)
[velocity_path_follower.py-9] [INFO] [1786829063.897078346] [velocity_path_follower]: waypoint 5160 / 5251 도달 (선 이탈 0.02 m)
[velocity_path_follower.py-9] [INFO] [1786829064.246829686] [velocity_path_follower]: waypoint 5161 / 5251 도달 (선 이탈 0.03 m)
[velocity_path_follower.py-9] [INFO] [1786829064.598875348] [velocity_path_follower]: waypoint 5162 / 5251 도달 (선 이탈 0.04 m)
[velocity_path_follower.py-9] [INFO] [1786829064.948997784] [velocity_path_follower]: waypoint 5163 / 5251 도달 (선 이탈 0.04 m)
[velocity_path_follower.py-9] [INFO] [1786829065.298805752] [velocity_path_follower]: waypoint 5164 / 5251 도달 (선 이탈 0.05 m)
[velocity_path_follower.py-9] [INFO] [1786829065.648929439] [velocity_path_follower]: waypoint 5165 / 5251 도달 (선 이탈 0.05 m)
[velocity_path_follower.py-9] [INFO] [1786829066.001089731] [velocity_path_follower]: waypoint 5166 / 5251 도달 (선 이탈 0.05 m)
[velocity_path_follower.py-9] [INFO] [1786829066.351139584] [velocity_path_follower]: waypoint 5167 / 5251 도달 (선 이탈 0.05 m)
[velocity_path_follower.py-9] [INFO] [1786829066.701169228] [velocity_path_follower]: waypoint 5168 / 5251 도달 (선 이탈 0.05 m)
[velocity_path_follower.py-9] [INFO] [1786829067.051122036] [velocity_path_follower]: waypoint 5169 / 5251 도달 (선 이탈 0.05 m)
[velocity_path_follower.py-9] [INFO] [1786829067.401238517] [velocity_path_follower]: waypoint 5170 / 5251 도달 (선 이탈 0.05 m)
[velocity_path_follower.py-9] [INFO] [1786829067.751158325] [velocity_path_follower]: waypoint 5171 / 5251 도달 (선 이탈 0.05 m)
[velocity_path_follower.py-9] [INFO] [1786829068.101369685] [velocity_path_follower]: waypoint 5172 / 5251 도달 (선 이탈 0.05 m)
[velocity_path_follower.py-9] [INFO] [1786829068.451172699] [velocity_path_follower]: waypoint 5173 / 5251 도달 (선 이탈 0.04 m)
[velocity_path_follower.py-9] [INFO] [1786829068.701279586] [velocity_path_follower]: 2260.0s  wp 5174/5251 이탈0.0m  위치 (   1.48,   -66.14,   7.06)
[velocity_path_follower.py-9] [INFO] [1786829068.751160984] [velocity_path_follower]: waypoint 5174 / 5251 도달 (선 이탈 0.04 m)
[velocity_path_follower.py-9] [INFO] [1786829069.156018268] [velocity_path_follower]: waypoint 5175 / 5251 도달 (선 이탈 0.03 m)
[velocity_path_follower.py-9] [INFO] [1786829069.460773371] [velocity_path_follower]: waypoint 5176 / 5251 도달 (선 이탈 0.03 m)
[velocity_path_follower.py-9] [INFO] [1786829069.813688317] [velocity_path_follower]: waypoint 5177 / 5251 도달 (선 이탈 0.03 m)
[velocity_path_follower.py-9] [INFO] [1786829070.163883554] [velocity_path_follower]: waypoint 5178 / 5251 도달 (선 이탈 0.02 m)
[velocity_path_follower.py-9] [INFO] [1786829070.516547786] [velocity_path_follower]: waypoint 5179 / 5251 도달 (선 이탈 0.02 m)
[velocity_path_follower.py-9] [INFO] [1786829070.866451390] [velocity_path_follower]: waypoint 5180 / 5251 도달 (선 이탈 0.01 m)
[velocity_path_follower.py-9] [INFO] [1786829071.219011703] [velocity_path_follower]: waypoint 5181 / 5251 도달 (선 이탈 0.00 m)
[velocity_path_follower.py-9] [INFO] [1786829071.569020270] [velocity_path_follower]: waypoint 5182 / 5251 도달 (선 이탈 0.00 m)
[velocity_path_follower.py-9] [INFO] [1786829071.919130131] [velocity_path_follower]: waypoint 5183 / 5251 도달 (선 이탈 0.01 m)
[velocity_path_follower.py-9] [INFO] [1786829072.269001611] [velocity_path_follower]: waypoint 5184 / 5251 도달 (선 이탈 0.01 m)
[velocity_path_follower.py-9] [INFO] [1786829072.618645918] [velocity_path_follower]: waypoint 5185 / 5251 도달 (선 이탈 0.01 m)
[velocity_path_follower.py-9] [INFO] [1786829072.968899702] [velocity_path_follower]: waypoint 5186 / 5251 도달 (선 이탈 0.02 m)
[velocity_path_follower.py-9] [INFO] [1786829073.318859687] [velocity_path_follower]: waypoint 5187 / 5251 도달 (선 이탈 0.02 m)
[velocity_path_follower.py-9] [INFO] [1786829073.668679167] [velocity_path_follower]: waypoint 5188 / 5251 도달 (선 이탈 0.02 m)
[velocity_path_follower.py-9] [INFO] [1786829073.718601275] [velocity_path_follower]: 2265.0s  wp 5189/5251 이탈0.0m  위치 (  -5.73,   -66.08,   6.81)
[velocity_path_follower.py-9] [INFO] [1786829073.970059877] [velocity_path_follower]: waypoint 5189 / 5251 도달 (선 이탈 0.02 m)
[velocity_path_follower.py-9] [INFO] [1786829074.368837478] [velocity_path_follower]: waypoint 5190 / 5251 도달 (선 이탈 0.03 m)
[velocity_path_follower.py-9] [INFO] [1786829074.668698516] [velocity_path_follower]: waypoint 5191 / 5251 도달 (선 이탈 0.03 m)
[velocity_path_follower.py-9] [INFO] [1786829075.018680670] [velocity_path_follower]: waypoint 5192 / 5251 도달 (선 이탈 0.03 m)
[velocity_path_follower.py-9] [INFO] [1786829075.371159570] [velocity_path_follower]: waypoint 5193 / 5251 도달 (선 이탈 0.03 m)
[velocity_path_follower.py-9] [INFO] [1786829075.721317022] [velocity_path_follower]: waypoint 5194 / 5251 도달 (선 이탈 0.03 m)
[velocity_path_follower.py-9] [INFO] [1786829076.071252342] [velocity_path_follower]: waypoint 5195 / 5251 도달 (선 이탈 0.03 m)
[velocity_path_follower.py-9] [INFO] [1786829076.421158454] [velocity_path_follower]: waypoint 5196 / 5251 도달 (선 이탈 0.02 m)
[velocity_path_follower.py-9] [INFO] [1786829076.773328637] [velocity_path_follower]: waypoint 5197 / 5251 도달 (선 이탈 0.02 m)
[velocity_path_follower.py-9] [INFO] [1786829077.123383588] [velocity_path_follower]: waypoint 5198 / 5251 도달 (선 이탈 0.02 m)
[velocity_path_follower.py-9] [INFO] [1786829077.473303868] [velocity_path_follower]: waypoint 5199 / 5251 도달 (선 이탈 0.02 m)
[velocity_path_follower.py-9] [INFO] [1786829077.823262983] [velocity_path_follower]: waypoint 5200 / 5251 도달 (선 이탈 0.02 m)
[velocity_path_follower.py-9] [INFO] [1786829078.173242225] [velocity_path_follower]: waypoint 5201 / 5251 도달 (선 이탈 0.01 m)
[velocity_path_follower.py-9] [INFO] [1786829078.525292573] [velocity_path_follower]: waypoint 5202 / 5251 도달 (선 이탈 0.01 m)
[velocity_path_follower.py-9] [INFO] [1786829078.725287313] [velocity_path_follower]: 2270.0s  wp 5203/5251 이탈0.0m  위치 ( -12.94,   -66.09,   6.68)
[velocity_path_follower.py-9] [INFO] [1786829078.825425875] [velocity_path_follower]: waypoint 5203 / 5251 도달 (선 이탈 0.01 m)
[velocity_path_follower.py-9] [INFO] [1786829079.175559914] [velocity_path_follower]: waypoint 5204 / 5251 도달 (선 이탈 0.01 m)
[velocity_path_follower.py-9] [INFO] [1786829079.578137018] [velocity_path_follower]: waypoint 5205 / 5251 도달 (선 이탈 0.00 m)
[velocity_path_follower.py-9] [INFO] [1786829079.882056565] [velocity_path_follower]: waypoint 5206 / 5251 도달 (선 이탈 0.00 m)
[velocity_path_follower.py-9] [INFO] [1786829080.232078936] [velocity_path_follower]: waypoint 5207 / 5251 도달 (선 이탈 0.00 m)
[velocity_path_follower.py-9] [INFO] [1786829080.581842090] [velocity_path_follower]: waypoint 5208 / 5251 도달 (선 이탈 0.01 m)
[velocity_path_follower.py-9] [INFO] [1786829080.932225806] [velocity_path_follower]: waypoint 5209 / 5251 도달 (선 이탈 0.01 m)
[velocity_path_follower.py-9] [INFO] [1786829081.282760611] [velocity_path_follower]: waypoint 5210 / 5251 도달 (선 이탈 0.01 m)
[velocity_path_follower.py-9] [INFO] [1786829081.631964625] [velocity_path_follower]: waypoint 5211 / 5251 도달 (선 이탈 0.01 m)
[velocity_path_follower.py-9] [INFO] [1786829081.981847868] [velocity_path_follower]: waypoint 5212 / 5251 도달 (선 이탈 0.01 m)
[velocity_path_follower.py-9] [INFO] [1786829082.331985537] [velocity_path_follower]: waypoint 5213 / 5251 도달 (선 이탈 0.01 m)
[velocity_path_follower.py-9] [INFO] [1786829082.682021287] [velocity_path_follower]: waypoint 5214 / 5251 도달 (선 이탈 0.01 m)
[velocity_path_follower.py-9] [INFO] [1786829083.032059495] [velocity_path_follower]: waypoint 5215 / 5251 도달 (선 이탈 0.01 m)
[velocity_path_follower.py-9] [INFO] [1786829083.381909031] [velocity_path_follower]: waypoint 5216 / 5251 도달 (선 이탈 0.02 m)
[velocity_path_follower.py-9] [INFO] [1786829083.735057671] [velocity_path_follower]: waypoint 5217 / 5251 도달 (선 이탈 0.02 m)
[velocity_path_follower.py-9] [INFO] [1786829083.784555352] [velocity_path_follower]: 2275.1s  wp 5218/5251 이탈0.0m  위치 ( -20.24,   -66.12,   6.66)
[velocity_path_follower.py-9] [INFO] [1786829084.037631514] [velocity_path_follower]: waypoint 5218 / 5251 도달 (선 이탈 0.02 m)
[velocity_path_follower.py-9] [INFO] [1786829084.391875148] [velocity_path_follower]: waypoint 5219 / 5251 도달 (선 이탈 0.01 m)
[velocity_path_follower.py-9] [INFO] [1786829084.791932889] [velocity_path_follower]: waypoint 5220 / 5251 도달 (선 이탈 0.01 m)
[velocity_path_follower.py-9] [INFO] [1786829085.091659019] [velocity_path_follower]: waypoint 5221 / 5251 도달 (선 이탈 0.01 m)
[velocity_path_follower.py-9] [INFO] [1786829085.441927321] [velocity_path_follower]: waypoint 5222 / 5251 도달 (선 이탈 0.01 m)
[velocity_path_follower.py-9] [INFO] [1786829085.791671315] [velocity_path_follower]: waypoint 5223 / 5251 도달 (선 이탈 0.01 m)
[velocity_path_follower.py-9] [INFO] [1786829086.145781739] [velocity_path_follower]: waypoint 5224 / 5251 도달 (선 이탈 0.01 m)
[velocity_path_follower.py-9] [INFO] [1786829086.495893079] [velocity_path_follower]: waypoint 5225 / 5251 도달 (선 이탈 0.01 m)
[velocity_path_follower.py-9] [INFO] [1786829086.845774621] [velocity_path_follower]: waypoint 5226 / 5251 도달 (선 이탈 0.01 m)
[velocity_path_follower.py-9] [INFO] [1786829087.195682164] [velocity_path_follower]: waypoint 5227 / 5251 도달 (선 이탈 0.01 m)
[velocity_path_follower.py-9] [INFO] [1786829087.549441537] [velocity_path_follower]: waypoint 5228 / 5251 도달 (선 이탈 0.00 m)
[velocity_path_follower.py-9] [INFO] [1786829087.899276079] [velocity_path_follower]: waypoint 5229 / 5251 도달 (선 이탈 0.00 m)
[ros2-8] [INFO] [1786829088.168407458] [rosbag2_cpp]: Writing remaining messages from cache to the bag. It may take a while
[velocity_path_follower.py-9] [INFO] [1786829088.249105496] [velocity_path_follower]: waypoint 5230 / 5251 도달 (선 이탈 0.00 m)
[velocity_path_follower.py-9] [INFO] [1786829088.599592935] [velocity_path_follower]: waypoint 5231 / 5251 도달 (선 이탈 0.00 m)
[velocity_path_follower.py-9] [INFO] [1786829088.748957382] [velocity_path_follower]: 2280.0s  wp 5232/5251 이탈0.0m  위치 ( -27.36,   -66.10,   6.71)
[velocity_path_follower.py-9] [INFO] [1786829088.949013506] [velocity_path_follower]: waypoint 5232 / 5251 도달 (선 이탈 0.00 m)
[velocity_path_follower.py-9] [INFO] [1786829089.298990679] [velocity_path_follower]: waypoint 5233 / 5251 도달 (선 이탈 0.00 m)
[velocity_path_follower.py-9] [INFO] [1786829089.598841610] [velocity_path_follower]: waypoint 5234 / 5251 도달 (선 이탈 0.00 m)
[velocity_path_follower.py-9] [INFO] [1786829089.999038363] [velocity_path_follower]: waypoint 5235 / 5251 도달 (선 이탈 0.00 m)
[velocity_path_follower.py-9] [INFO] [1786829090.299063467] [velocity_path_follower]: waypoint 5236 / 5251 도달 (선 이탈 0.01 m)
[velocity_path_follower.py-9] [INFO] [1786829090.648882303] [velocity_path_follower]: waypoint 5237 / 5251 도달 (선 이탈 0.01 m)
[velocity_path_follower.py-9] [INFO] [1786829090.998909772] [velocity_path_follower]: waypoint 5238 / 5251 도달 (선 이탈 0.01 m)
[velocity_path_follower.py-9] [INFO] [1786829093.748799704] [velocity_path_follower]: 2285.0s  wp 5239/5251 이탈0.1m  위치 ( -30.69,   -66.18,   6.72)
[velocity_path_follower.py-9] [INFO] [1786829098.748908881] [velocity_path_follower]: 2290.0s  wp 5239/5251 이탈0.1m  위치 ( -30.69,   -66.17,   6.72)
[velocity_path_follower.py-9] [INFO] [1786829103.749042236] [velocity_path_follower]: 2295.0s  wp 5239/5251 이탈0.1m  위치 ( -30.69,   -66.18,   6.72)
[velocity_path_follower.py-9] [INFO] [1786829108.748933676] [velocity_path_follower]: 2300.0s  wp 5239/5251 이탈0.1m  위치 ( -30.69,   -66.18,   6.72)
[velocity_path_follower.py-9] [INFO] [1786829113.751653465] [velocity_path_follower]: 2305.0s  wp 5239/5251 이탈0.1m  위치 ( -30.69,   -66.18,   6.72)
[velocity_path_follower.py-9] [INFO] [1786829118.762310887] [velocity_path_follower]: 2310.0s  wp 5239/5251 이탈0.1m  위치 ( -30.69,   -66.18,   6.72)
[velocity_path_follower.py-9] [INFO] [1786829123.780134418] [velocity_path_follower]: 2315.0s  wp 5239/5251 이탈0.1m  위치 ( -30.69,   -66.18,   6.72)
[velocity_path_follower.py-9] [INFO] [1786829128.779156196] [velocity_path_follower]: 2320.0s  wp 5239/5251 이탈0.1m  위치 ( -30.69,   -66.18,   6.72)
[velocity_path_follower.py-9] [INFO] [1786829133.782053393] [velocity_path_follower]: 2325.0s  wp 5239/5251 이탈0.1m  위치 ( -30.69,   -66.18,   6.72)
[velocity_path_follower.py-9] [INFO] [1786829138.782588812] [velocity_path_follower]: 2330.0s  wp 5239/5251 이탈0.1m  위치 ( -30.69,   -66.18,   6.72)
[velocity_path_follower.py-9] [INFO] [1786829143.782350211] [velocity_path_follower]: 2335.0s  wp 5239/5251 이탈0.1m  위치 ( -30.69,   -66.18,   6.72)
[velocity_path_follower.py-9] [INFO] [1786829148.786544002] [velocity_path_follower]: 2340.0s  wp 5239/5251 이탈0.1m  위치 ( -30.69,   -66.18,   6.72)
[velocity_path_follower.py-9] [INFO] [1786829153.827258203] [velocity_path_follower]: 2345.0s  wp 5239/5251 이탈0.1m  위치 ( -30.69,   -66.18,   6.72)
[velocity_path_follower.py-9] [INFO] [1786829158.838414886] [velocity_path_follower]: 2350.0s  wp 5239/5251 이탈0.1m  위치 ( -30.69,   -66.18,   6.72)
[velocity_path_follower.py-9] [INFO] [1786829163.844802336] [velocity_path_follower]: 2355.0s  wp 5239/5251 이탈0.1m  위치 ( -30.69,   -66.18,   6.72)
[velocity_path_follower.py-9] [INFO] [1786829168.844629202] [velocity_path_follower]: 2360.0s  wp 5239/5251 이탈0.1m  위치 ( -30.69,   -66.18,   6.72)
[velocity_path_follower.py-9] [INFO] [1786829173.845168464] [velocity_path_follower]: 2365.0s  wp 5239/5251 이탈0.1m  위치 ( -30.69,   -66.18,   6.72)
[velocity_path_follower.py-9] [INFO] [1786829178.846919680] [velocity_path_follower]: 2370.0s  wp 5239/5251 이탈0.1m  위치 ( -30.69,   -66.18,   6.72)
[velocity_path_follower.py-9] [INFO] [1786829183.853493963] [velocity_path_follower]: 2375.0s  wp 5239/5251 이탈0.1m  위치 ( -30.69,   -66.18,   6.72)
[velocity_path_follower.py-9] [INFO] [1786829188.854883161] [velocity_path_follower]: 2380.0s  wp 5239/5251 이탈0.1m  위치 ( -30.69,   -66.18,   6.72)
[velocity_path_follower.py-9] [INFO] [1786829193.854803100] [velocity_path_follower]: 2385.0s  wp 5239/5251 이탈0.1m  위치 ( -30.69,   -66.18,   6.72)
[velocity_path_follower.py-9] [INFO] [1786829198.854885955] [velocity_path_follower]: 2390.0s  wp 5239/5251 이탈0.1m  위치 ( -30.69,   -66.18,   6.72)
[velocity_path_follower.py-9] [INFO] [1786829203.856892616] [velocity_path_follower]: 2395.0s  wp 5239/5251 이탈0.1m  위치 ( -30.69,   -66.18,   6.72)
[velocity_path_follower.py-9] [INFO] [1786829208.858415755] [velocity_path_follower]: 2400.0s  wp 5239/5251 이탈0.1m  위치 ( -30.69,   -66.18,   6.72)
[velocity_path_follower.py-9] [INFO] [1786829213.898981714] [velocity_path_follower]: 2405.0s  wp 5239/5251 이탈0.1m  위치 ( -30.69,   -66.18,   6.72)
[velocity_path_follower.py-9] [INFO] [1786829218.911829658] [velocity_path_follower]: 2410.0s  wp 5239/5251 이탈0.1m  위치 ( -30.69,   -66.18,   6.72)
[velocity_path_follower.py-9] [INFO] [1786829223.933507041] [velocity_path_follower]: 2415.0s  wp 5239/5251 이탈0.1m  위치 ( -30.69,   -66.18,   6.72)
[velocity_path_follower.py-9] [INFO] [1786829228.932930497] [velocity_path_follower]: 2420.0s  wp 5239/5251 이탈0.1m  위치 ( -30.69,   -66.18,   6.72)
[velocity_path_follower.py-9] [INFO] [1786829233.932748080] [velocity_path_follower]: 2425.0s  wp 5239/5251 이탈0.1m  위치 ( -30.69,   -66.18,   6.72)
[velocity_path_follower.py-9] [INFO] [1786829238.932889829] [velocity_path_follower]: 2430.0s  wp 5239/5251 이탈0.1m  위치 ( -30.69,   -66.18,   6.72)
[velocity_path_follower.py-9] [INFO] [1786829243.941543047] [velocity_path_follower]: 2435.0s  wp 5239/5251 이탈0.1m  위치 ( -30.69,   -66.18,   6.72)
[velocity_path_follower.py-9] [INFO] [1786829248.947624045] [velocity_path_follower]: 2440.0s  wp 5239/5251 이탈0.1m  위치 ( -30.69,   -66.18,   6.72)
[velocity_path_follower.py-9] [INFO] [1786829253.949816365] [velocity_path_follower]: 2445.0s  wp 5239/5251 이탈0.1m  위치 ( -30.69,   -66.18,   6.72)
[velocity_path_follower.py-9] [INFO] [1786829258.952301555] [velocity_path_follower]: 2450.0s  wp 5239/5251 이탈0.1m  위치 ( -30.69,   -66.18,   6.72)
[velocity_path_follower.py-9] [INFO] [1786829263.951905555] [velocity_path_follower]: 2455.0s  wp 5239/5251 이탈0.1m  위치 ( -30.69,   -66.18,   6.72)
[velocity_path_follower.py-9] [INFO] [1786829268.957376644] [velocity_path_follower]: 2460.0s  wp 5239/5251 이탈0.1m  위치 ( -30.69,   -66.18,   6.72)
[velocity_path_follower.py-9] [INFO] [1786829273.957402293] [velocity_path_follower]: 2465.0s  wp 5239/5251 이탈0.1m  위치 ( -30.69,   -66.18,   6.72)
[ros2-8] [INFO] [1786829278.304362116] [rosbag2_cpp]: Writing remaining messages from cache to the bag. It may take a while
[velocity_path_follower.py-9] [INFO] [1786829278.974907278] [velocity_path_follower]: 2470.0s  wp 5239/5251 이탈0.1m  위치 ( -30.69,   -66.18,   6.72)
[velocity_path_follower.py-9] [INFO] [1786829283.989118474] [velocity_path_follower]: 2475.0s  wp 5239/5251 이탈0.1m  위치 ( -30.69,   -66.18,   6.72)
[velocity_path_follower.py-9] [INFO] [1786829288.990888837] [velocity_path_follower]: 2480.0s  wp 5239/5251 이탈0.1m  위치 ( -30.69,   -66.18,   6.72)
[velocity_path_follower.py-9] [INFO] [1786829293.990597824] [velocity_path_follower]: 2485.0s  wp 5239/5251 이탈0.1m  위치 ( -30.69,   -66.18,   6.72)
[velocity_path_follower.py-9] [INFO] [1786829298.993094839] [velocity_path_follower]: 2490.0s  wp 5239/5251 이탈0.1m  위치 ( -30.69,   -66.18,   6.72)
[velocity_path_follower.py-9] [INFO] [1786829303.996000057] [velocity_path_follower]: 2495.0s  wp 5239/5251 이탈0.1m  위치 ( -30.69,   -66.18,   6.72)
[velocity_path_follower.py-9] [INFO] [1786829308.996575012] [velocity_path_follower]: 2500.0s  wp 5239/5251 이탈0.1m  위치 ( -30.69,   -66.18,   6.72)
[velocity_path_follower.py-9] [INFO] [1786829314.002767294] [velocity_path_follower]: 2505.0s  wp 5239/5251 이탈0.1m  위치 ( -30.69,   -66.18,   6.72)
