[INFO] [launch]: All log files can be found below /home/hyunwoo-chae/.ros/log/2026-08-17-03-12-40-153322-hyunwoo-chae-QEMU-Virtual-Machine-18735
[INFO] [launch]: Default logging verbosity is set to INFO
[INFO] [gazebo-1]: process started with pid [18776]
[INFO] [parameter_bridge-2]: process started with pid [18777]
[INFO] [parameter_bridge-3]: process started with pid [18778]
[INFO] [parameter_bridge-4]: process started with pid [18779]
[INFO] [static_transform_publisher-5]: process started with pid [18780]
[INFO] [parameter_bridge-6]: process started with pid [18782]
[INFO] [wait_for_world-7]: process started with pid [18783]
[wait_for_world-7] [wait_for_world] 'Seongdong_gu' 로드 대기 (최대 180s, 10s 후부터 3s 간격 확인)
[static_transform_publisher-5] [INFO] [1786903960.745872792] [drone_os1_lidar_static_tf]: Spinning until stopped - publishing transform
[static_transform_publisher-5] translation: ('0.000000', '0.000000', '-0.175406')
[static_transform_publisher-5] rotation: ('0.000000', '0.707108', '0.000000', '0.707105')
[static_transform_publisher-5] from 'drone/base_link' to 'drone/os1_lidar'
[parameter_bridge-4] [INFO] [1786903960.788042640] [exp_drone_tf_bridge]: Creating GZ->ROS Bridge: [/model/X3/pose (gz.msgs.Pose_V) -> /model/X3/pose (tf2_msgs/msg/TFMessage)] (Lazy 0)
[parameter_bridge-6] [INFO] [1786903960.800842744] [exp_cmd_bridge]: Creating ROS->GZ Bridge: [/X3/gazebo/command/twist (geometry_msgs/msg/Twist) -> /X3/gazebo/command/twist (gz.msgs.Twist)] (Lazy 0)
[parameter_bridge-6] [INFO] [1786903960.804116628] [exp_cmd_bridge]: Creating ROS->GZ Bridge: [/X3/enable (std_msgs/msg/Bool) -> /X3/enable (gz.msgs.Boolean)] (Lazy 0)
[parameter_bridge-2] [INFO] [1786903960.807866704] [exp_clock_bridge]: Creating GZ->ROS Bridge: [/clock (gz.msgs.Clock) -> /clock (rosgraph_msgs/msg/Clock)] (Lazy 0)
[parameter_bridge-3] [INFO] [1786903960.808368940] [exp_sensor_bridge]: Creating GZ->ROS Bridge: [/drone/points/points (gz.msgs.PointCloudPacked) -> /drone/points/points (sensor_msgs/msg/PointCloud2)] (Lazy 0)
[parameter_bridge-3] [INFO] [1786903960.811964383] [exp_sensor_bridge]: Creating GZ->ROS Bridge: [/drone/imu (gz.msgs.IMU) -> /drone/imu (sensor_msgs/msg/Imu)] (Lazy 0)
[parameter_bridge-3] [INFO] [1786903960.814087247] [exp_sensor_bridge]: Creating GZ->ROS Bridge: [/drone/gps (gz.msgs.NavSat) -> /drone/gps (sensor_msgs/msg/NavSatFix)] (Lazy 0)
[gazebo-1] [1;33mWarning [Utils.cc:132][0m [/scale:/home/hyunwoo-chae/AG-CoNav-test_main/install/agconav_test_worlds/share/agconav_test_worlds/worlds/Seongdong_gu_100x100_dynamic/Seongdong_gu_100x100_dynamic.world:L389]: XML Element[scale], child of element[include], not defined in SDF. Copying[scale] as children of [include].
[gazebo-1] [1;33mWarning [Utils.cc:132][0m [/sdf/model[@name="x3"]/link[@name="X3/base_link"]/sensor[@name="drone_imu_sensor"]/gz_frame_id:/home/hyunwoo-chae/AG-CoNav-test_main/install/agconav_test_worlds/share/agconav_test_worlds/models/agconav_drone_dynamic/model.sdf:L44]: XML Element[gz_frame_id], child of element[sensor], not defined in SDF. Copying[gz_frame_id] as children of [sensor].
[gazebo-1] [1;33mWarning [Utils.cc:132][0m [/sdf/model[@name="x3"]/link[@name="os1_lidar"]/sensor[@name="os1_lidar"]/gz_frame_id:/home/hyunwoo-chae/AG-CoNav-test_main/install/agconav_test_worlds/share/agconav_test_worlds/models/agconav_drone_dynamic/model.sdf:L356]: XML Element[gz_frame_id], child of element[sensor], not defined in SDF. Copying[gz_frame_id] as children of [sensor].
[gazebo-1] [1;33mWarning [Utils.cc:132][0m [/sdf/model[@name="x3"]/link[@name="gps_link"]/sensor[@name="navsat_sensor"]/gz_frame_id:/home/hyunwoo-chae/AG-CoNav-test_main/install/agconav_test_worlds/share/agconav_test_worlds/models/agconav_drone_dynamic/model.sdf:L412]: XML Element[gz_frame_id], child of element[sensor], not defined in SDF. Copying[gz_frame_id] as children of [sensor].
[gazebo-1] [1;36mDbg[0m DART Bullet heightfield AABB: min = {-49.8054, -49.8054, -2.6248}, max = {49.8054, 49.8054, 2.6248} (will be translated by z=2.6248)
[gazebo-1] libEGL warning: egl: failed to create dri2 screen
[gazebo-1] libEGL warning: egl: failed to create dri2 screen
[gazebo-1] libEGL warning: NEEDS EXTENSION: falling back to kms_swrast
[wait_for_world-7] [wait_for_world] 'Seongdong_gu' 로드 완료 — spawn 시작
[INFO] [wait_for_world-7]: process has finished cleanly [pid 18783]
[INFO] [ros2-8]: process started with pid [18962]
[INFO] [velocity_path_follower.py-9]: process started with pid [18963]
[ros2-8] stdin is not a terminal device. Keyboard handling disabled.[INFO] [1786903973.488366834] [rosbag2_recorder]: Press SPACE for pausing/resuming
[ros2-8] [INFO] [1786903973.488913071] [rosbag2_recorder]: Event publisher thread: Started
[ros2-8] [INFO] [1786903973.492292624] [rosbag2_recorder]: Starting recording to '/home/hyunwoo-chae/AG-CoNav-test_main/bags/velocity_4m_5mps_gps_attempt2'
[ros2-8] [INFO] [1786903973.494711252] [rosbag2_recorder]: Listening for topics...
[ros2-8] [INFO] [1786903973.494734753] [rosbag2_recorder]: Recording...
[ros2-8] [INFO] [1786903973.494727294] [rosbag2_recorder]: Topics discovery started.
[ros2-8] [INFO] [1786903973.592886885] [rosbag2_recorder]: Subscribed to topic '/tf'
[ros2-8] [INFO] [1786903973.598435053] [rosbag2_recorder]: Subscribed to topic '/drone/gps'
[ros2-8] [INFO] [1786903973.600343820] [rosbag2_recorder]: Subscribed to topic '/drone/imu'
[ros2-8] [INFO] [1786903973.604328447] [rosbag2_recorder]: Subscribed to topic '/drone/points'
[ros2-8] [INFO] [1786903975.190023015] [rosbag2_recorder]: Subscribed to topic '/drone/path_status'
[velocity_path_follower.py-9] [INFO] [1786903975.204261097] [velocity_path_follower]: waypoint 5251개, 고도 8.4 m, 순항 5.0 m/s
[ros2-8] [INFO] [1786903976.395871246] [rosbag2_recorder]: Subscribed to topic '/tf_static'
[parameter_bridge-6] [INFO] [1786903976.475939866] [exp_cmd_bridge]: Passing message from ROS std_msgs/msg/Bool to Gazebo gz.msgs.Boolean (showing msg only once per type)
[velocity_path_follower.py-9] [INFO] [1786903979.475730834] [velocity_path_follower]: 아밍 완료 — 이륙
[parameter_bridge-6] [INFO] [1786903979.526014046] [exp_cmd_bridge]: Passing message from ROS geometry_msgs/msg/Twist to Gazebo gz.msgs.Twist (showing msg only once per type)
[velocity_path_follower.py-9] [INFO] [1786903980.631038134] [velocity_path_follower]: 설계 고도 도달 (3.5 m)
[velocity_path_follower.py-9] [INFO] [1786903981.480750576] [velocity_path_follower]:   5.0s  climb       위치 ( -31.59,  -158.92,   4.27)
[velocity_path_follower.py-9] [INFO] [1786903986.499448881] [velocity_path_follower]:  10.0s  wp 1/5251 이탈0.0m  위치 ( -34.12,  -161.30,  10.36)
[velocity_path_follower.py-9] [INFO] [1786903988.999679241] [velocity_path_follower]: waypoint 1 / 5251 도달 (선 이탈 0.00 m)
[velocity_path_follower.py-9] [INFO] [1786903989.049269047] [velocity_path_follower]: waypoint 2 / 5251 도달 (선 이탈 1.05 m)
[velocity_path_follower.py-9] [INFO] [1786903989.099171161] [velocity_path_follower]: waypoint 3 / 5251 도달 (선 이탈 0.97 m)
[velocity_path_follower.py-9] [INFO] [1786903989.149197239] [velocity_path_follower]: waypoint 4 / 5251 도달 (선 이탈 0.91 m)
[velocity_path_follower.py-9] [INFO] [1786903989.199506082] [velocity_path_follower]: waypoint 5 / 5251 도달 (선 이탈 0.82 m)
[velocity_path_follower.py-9] [INFO] [1786903991.499373355] [velocity_path_follower]:  15.0s  wp 6/5251 이탈1.9m  위치 ( -40.03,  -168.02,   9.41)
[velocity_path_follower.py-9] [INFO] [1786903996.499307869] [velocity_path_follower]:  20.0s  wp 6/5251 이탈2.3m  위치 ( -39.02,  -168.38,   7.14)
[velocity_path_follower.py-9] [INFO] [1786903998.549280313] [velocity_path_follower]: waypoint 6 / 5251 도달 (선 이탈 1.13 m)
[velocity_path_follower.py-9] [INFO] [1786903999.199279759] [velocity_path_follower]: waypoint 7 / 5251 도달 (선 이탈 0.72 m)
[velocity_path_follower.py-9] [INFO] [1786903999.799202544] [velocity_path_follower]: waypoint 8 / 5251 도달 (선 이탈 0.33 m)
[velocity_path_follower.py-9] [INFO] [1786904000.299465160] [velocity_path_follower]: waypoint 9 / 5251 도달 (선 이탈 0.03 m)
[velocity_path_follower.py-9] [INFO] [1786904000.849313111] [velocity_path_follower]: waypoint 10 / 5251 도달 (선 이탈 0.27 m)
[velocity_path_follower.py-9] [INFO] [1786904001.349247296] [velocity_path_follower]: waypoint 11 / 5251 도달 (선 이탈 0.53 m)
[velocity_path_follower.py-9] [INFO] [1786904001.499323153] [velocity_path_follower]:  25.0s  wp 12/5251 이탈0.6m  위치 ( -34.91,  -165.50,   8.35)
[velocity_path_follower.py-9] [INFO] [1786904001.799197686] [velocity_path_follower]: waypoint 12 / 5251 도달 (선 이탈 0.72 m)
[velocity_path_follower.py-9] [INFO] [1786904002.299496441] [velocity_path_follower]: waypoint 13 / 5251 도달 (선 이탈 0.90 m)
[velocity_path_follower.py-9] [INFO] [1786904002.749211621] [velocity_path_follower]: waypoint 14 / 5251 도달 (선 이탈 1.02 m)
[velocity_path_follower.py-9] [INFO] [1786904003.199203552] [velocity_path_follower]: waypoint 15 / 5251 도달 (선 이탈 1.12 m)
[velocity_path_follower.py-9] [INFO] [1786904003.649210590] [velocity_path_follower]: waypoint 16 / 5251 도달 (선 이탈 1.17 m)
[velocity_path_follower.py-9] [INFO] [1786904004.099257499] [velocity_path_follower]: waypoint 17 / 5251 도달 (선 이탈 1.20 m)
[velocity_path_follower.py-9] [INFO] [1786904004.549335426] [velocity_path_follower]: waypoint 18 / 5251 도달 (선 이탈 1.19 m)
[velocity_path_follower.py-9] [INFO] [1786904004.949413413] [velocity_path_follower]: waypoint 19 / 5251 도달 (선 이탈 1.16 m)
[velocity_path_follower.py-9] [INFO] [1786904005.399289969] [velocity_path_follower]: waypoint 20 / 5251 도달 (선 이탈 1.11 m)
[velocity_path_follower.py-9] [INFO] [1786904005.849284444] [velocity_path_follower]: waypoint 21 / 5251 도달 (선 이탈 1.03 m)
[velocity_path_follower.py-9] [INFO] [1786904006.252411456] [velocity_path_follower]: waypoint 22 / 5251 도달 (선 이탈 0.94 m)
[velocity_path_follower.py-9] [INFO] [1786904006.501519454] [velocity_path_follower]:  30.0s  wp 23/5251 이탈0.9m  위치 ( -29.31,  -165.22,   8.94)
[velocity_path_follower.py-9] [INFO] [1786904006.701635319] [velocity_path_follower]: waypoint 23 / 5251 도달 (선 이탈 0.83 m)
[velocity_path_follower.py-9] [INFO] [1786904007.152381248] [velocity_path_follower]: waypoint 24 / 5251 도달 (선 이탈 0.70 m)
[velocity_path_follower.py-9] [INFO] [1786904007.552654286] [velocity_path_follower]: waypoint 25 / 5251 도달 (선 이탈 0.58 m)
[velocity_path_follower.py-9] [INFO] [1786904007.952142576] [velocity_path_follower]: waypoint 26 / 5251 도달 (선 이탈 0.46 m)
[velocity_path_follower.py-9] [INFO] [1786904008.352785275] [velocity_path_follower]: waypoint 27 / 5251 도달 (선 이탈 0.32 m)
[velocity_path_follower.py-9] [INFO] [1786904008.801500425] [velocity_path_follower]: waypoint 28 / 5251 도달 (선 이탈 0.18 m)
[velocity_path_follower.py-9] [INFO] [1786904009.151803374] [velocity_path_follower]: waypoint 29 / 5251 도달 (선 이탈 0.07 m)
[velocity_path_follower.py-9] [INFO] [1786904009.552134609] [velocity_path_follower]: waypoint 30 / 5251 도달 (선 이탈 0.05 m)
[velocity_path_follower.py-9] [INFO] [1786904010.001465759] [velocity_path_follower]: waypoint 31 / 5251 도달 (선 이탈 0.17 m)
[velocity_path_follower.py-9] [INFO] [1786904010.351642456] [velocity_path_follower]: waypoint 32 / 5251 도달 (선 이탈 0.25 m)
[velocity_path_follower.py-9] [INFO] [1786904010.751850116] [velocity_path_follower]: waypoint 33 / 5251 도달 (선 이탈 0.34 m)
[velocity_path_follower.py-9] [INFO] [1786904011.151645036] [velocity_path_follower]: waypoint 34 / 5251 도달 (선 이탈 0.42 m)
[velocity_path_follower.py-9] [INFO] [1786904011.501458524] [velocity_path_follower]: waypoint 35 / 5251 도달 (선 이탈 0.47 m)
[velocity_path_follower.py-9] [INFO] [1786904011.551372727] [velocity_path_follower]:  35.1s  wp 36/5251 이탈0.5m  위치 ( -23.03,  -166.58,   8.22)
[velocity_path_follower.py-9] [INFO] [1786904011.903734259] [velocity_path_follower]: waypoint 36 / 5251 도달 (선 이탈 0.52 m)
[velocity_path_follower.py-9] [INFO] [1786904012.254065380] [velocity_path_follower]: waypoint 37 / 5251 도달 (선 이탈 0.56 m)
[velocity_path_follower.py-9] [INFO] [1786904012.653783585] [velocity_path_follower]: waypoint 38 / 5251 도달 (선 이탈 0.58 m)
[velocity_path_follower.py-9] [INFO] [1786904013.003857520] [velocity_path_follower]: waypoint 39 / 5251 도달 (선 이탈 0.59 m)
[velocity_path_follower.py-9] [INFO] [1786904013.403922631] [velocity_path_follower]: waypoint 40 / 5251 도달 (선 이탈 0.58 m)
[velocity_path_follower.py-9] [INFO] [1786904013.753827951] [velocity_path_follower]: waypoint 41 / 5251 도달 (선 이탈 0.57 m)
[velocity_path_follower.py-9] [INFO] [1786904014.154197192] [velocity_path_follower]: waypoint 42 / 5251 도달 (선 이탈 0.55 m)
[velocity_path_follower.py-9] [INFO] [1786904014.503510916] [velocity_path_follower]: waypoint 43 / 5251 도달 (선 이탈 0.52 m)
[velocity_path_follower.py-9] [INFO] [1786904014.853813481] [velocity_path_follower]: waypoint 44 / 5251 도달 (선 이탈 0.48 m)
[velocity_path_follower.py-9] [INFO] [1786904015.253662578] [velocity_path_follower]: waypoint 45 / 5251 도달 (선 이탈 0.43 m)
[velocity_path_follower.py-9] [INFO] [1786904015.603598934] [velocity_path_follower]: waypoint 46 / 5251 도달 (선 이탈 0.38 m)
[velocity_path_follower.py-9] [INFO] [1786904016.003761120] [velocity_path_follower]: waypoint 47 / 5251 도달 (선 이탈 0.32 m)
[velocity_path_follower.py-9] [INFO] [1786904016.354344901] [velocity_path_follower]: waypoint 48 / 5251 도달 (선 이탈 0.26 m)
[velocity_path_follower.py-9] [INFO] [1786904016.503471055] [velocity_path_follower]:  40.0s  wp 49/5251 이탈0.2m  위치 ( -16.37,  -166.34,   8.24)
[velocity_path_follower.py-9] [INFO] [1786904016.706155410] [velocity_path_follower]: waypoint 49 / 5251 도달 (선 이탈 0.20 m)
[velocity_path_follower.py-9] [INFO] [1786904017.108561215] [velocity_path_follower]: waypoint 50 / 5251 도달 (선 이탈 0.14 m)
[velocity_path_follower.py-9] [INFO] [1786904017.460952978] [velocity_path_follower]: waypoint 51 / 5251 도달 (선 이탈 0.08 m)
[velocity_path_follower.py-9] [INFO] [1786904017.810850076] [velocity_path_follower]: waypoint 52 / 5251 도달 (선 이탈 0.02 m)
[velocity_path_follower.py-9] [INFO] [1786904018.213605947] [velocity_path_follower]: waypoint 53 / 5251 도달 (선 이탈 0.04 m)
[velocity_path_follower.py-9] [INFO] [1786904018.566510295] [velocity_path_follower]: waypoint 54 / 5251 도달 (선 이탈 0.08 m)
[velocity_path_follower.py-9] [INFO] [1786904018.916742927] [velocity_path_follower]: waypoint 55 / 5251 도달 (선 이탈 0.13 m)
[velocity_path_follower.py-9] [INFO] [1786904019.266492684] [velocity_path_follower]: waypoint 56 / 5251 도달 (선 이탈 0.17 m)
[velocity_path_follower.py-9] [INFO] [1786904019.618734267] [velocity_path_follower]: waypoint 57 / 5251 도달 (선 이탈 0.21 m)
[velocity_path_follower.py-9] [INFO] [1786904019.968627567] [velocity_path_follower]: waypoint 58 / 5251 도달 (선 이탈 0.24 m)
[velocity_path_follower.py-9] [INFO] [1786904020.370883764] [velocity_path_follower]: waypoint 59 / 5251 도달 (선 이탈 0.27 m)
[velocity_path_follower.py-9] [INFO] [1786904020.670851367] [velocity_path_follower]: waypoint 60 / 5251 도달 (선 이탈 0.28 m)
[velocity_path_follower.py-9] [INFO] [1786904021.070736315] [velocity_path_follower]: waypoint 61 / 5251 도달 (선 이탈 0.30 m)
[velocity_path_follower.py-9] [INFO] [1786904021.423472458] [velocity_path_follower]: waypoint 62 / 5251 도달 (선 이탈 0.30 m)
[velocity_path_follower.py-9] [INFO] [1786904021.523444513] [velocity_path_follower]:  45.0s  wp 63/5251 이탈0.3m  위치 (  -9.42,  -165.80,   8.77)
[velocity_path_follower.py-9] [INFO] [1786904021.773678435] [velocity_path_follower]: waypoint 63 / 5251 도달 (선 이탈 0.30 m)
[velocity_path_follower.py-9] [INFO] [1786904022.123417505] [velocity_path_follower]: waypoint 64 / 5251 도달 (선 이탈 0.30 m)
[velocity_path_follower.py-9] [INFO] [1786904022.473673543] [velocity_path_follower]: waypoint 65 / 5251 도달 (선 이탈 0.29 m)
[velocity_path_follower.py-9] [INFO] [1786904022.825676376] [velocity_path_follower]: waypoint 66 / 5251 도달 (선 이탈 0.28 m)
[velocity_path_follower.py-9] [INFO] [1786904023.225708892] [velocity_path_follower]: waypoint 67 / 5251 도달 (선 이탈 0.26 m)
[velocity_path_follower.py-9] [INFO] [1786904023.525650683] [velocity_path_follower]: waypoint 68 / 5251 도달 (선 이탈 0.24 m)
[velocity_path_follower.py-9] [INFO] [1786904023.930486715] [velocity_path_follower]: waypoint 69 / 5251 도달 (선 이탈 0.21 m)
[velocity_path_follower.py-9] [INFO] [1786904024.280735586] [velocity_path_follower]: waypoint 70 / 5251 도달 (선 이탈 0.19 m)
[velocity_path_follower.py-9] [INFO] [1786904024.633863135] [velocity_path_follower]: waypoint 71 / 5251 도달 (선 이탈 0.16 m)
[velocity_path_follower.py-9] [INFO] [1786904024.993937150] [velocity_path_follower]: waypoint 72 / 5251 도달 (선 이탈 0.13 m)
[velocity_path_follower.py-9] [INFO] [1786904025.346289262] [velocity_path_follower]: waypoint 73 / 5251 도달 (선 이탈 0.10 m)
[velocity_path_follower.py-9] [INFO] [1786904025.698507910] [velocity_path_follower]: waypoint 74 / 5251 도달 (선 이탈 0.07 m)
[velocity_path_follower.py-9] [INFO] [1786904026.054065051] [velocity_path_follower]: waypoint 75 / 5251 도달 (선 이탈 0.04 m)
[velocity_path_follower.py-9] [INFO] [1786904026.403671171] [velocity_path_follower]: waypoint 76 / 5251 도달 (선 이탈 0.01 m)
[velocity_path_follower.py-9] [INFO] [1786904026.553489425] [velocity_path_follower]:  50.0s  wp 77/5251 이탈0.0m  위치 (  -2.34,  -166.10,   8.91)
[velocity_path_follower.py-9] [INFO] [1786904026.753851237] [velocity_path_follower]: waypoint 77 / 5251 도달 (선 이탈 0.02 m)
[velocity_path_follower.py-9] [INFO] [1786904027.103717322] [velocity_path_follower]: waypoint 78 / 5251 도달 (선 이탈 0.05 m)
[velocity_path_follower.py-9] [INFO] [1786904027.457485415] [velocity_path_follower]: waypoint 79 / 5251 도달 (선 이탈 0.07 m)
[velocity_path_follower.py-9] [INFO] [1786904027.807708167] [velocity_path_follower]: waypoint 80 / 5251 도달 (선 이탈 0.09 m)
[velocity_path_follower.py-9] [INFO] [1786904028.157474845] [velocity_path_follower]: waypoint 81 / 5251 도달 (선 이탈 0.11 m)
[velocity_path_follower.py-9] [INFO] [1786904028.507622029] [velocity_path_follower]: waypoint 82 / 5251 도달 (선 이탈 0.12 m)
[velocity_path_follower.py-9] [INFO] [1786904028.870822934] [velocity_path_follower]: waypoint 83 / 5251 도달 (선 이탈 0.14 m)
[velocity_path_follower.py-9] [INFO] [1786904029.227609260] [velocity_path_follower]: waypoint 84 / 5251 도달 (선 이탈 0.15 m)
[velocity_path_follower.py-9] [INFO] [1786904029.577710502] [velocity_path_follower]: waypoint 85 / 5251 도달 (선 이탈 0.15 m)
[velocity_path_follower.py-9] [INFO] [1786904029.929833425] [velocity_path_follower]: waypoint 86 / 5251 도달 (선 이탈 0.16 m)
[velocity_path_follower.py-9] [INFO] [1786904030.279510836] [velocity_path_follower]: waypoint 87 / 5251 도달 (선 이탈 0.16 m)
[velocity_path_follower.py-9] [INFO] [1786904030.631795202] [velocity_path_follower]: waypoint 88 / 5251 도달 (선 이탈 0.16 m)
[velocity_path_follower.py-9] [INFO] [1786904030.981647158] [velocity_path_follower]: waypoint 89 / 5251 도달 (선 이탈 0.15 m)
[velocity_path_follower.py-9] [INFO] [1786904031.331784064] [velocity_path_follower]: waypoint 90 / 5251 도달 (선 이탈 0.14 m)
[velocity_path_follower.py-9] [INFO] [1786904031.581666635] [velocity_path_follower]:  55.0s  wp 91/5251 이탈0.1m  위치 (   4.80,  -166.24,   8.96)
[velocity_path_follower.py-9] [INFO] [1786904031.681873301] [velocity_path_follower]: waypoint 91 / 5251 도달 (선 이탈 0.13 m)
[velocity_path_follower.py-9] [INFO] [1786904032.031690146] [velocity_path_follower]: waypoint 92 / 5251 도달 (선 이탈 0.12 m)
[velocity_path_follower.py-9] [INFO] [1786904032.381634311] [velocity_path_follower]: waypoint 93 / 5251 도달 (선 이탈 0.11 m)
[velocity_path_follower.py-9] [INFO] [1786904032.731487304] [velocity_path_follower]: waypoint 94 / 5251 도달 (선 이탈 0.10 m)
[velocity_path_follower.py-9] [INFO] [1786904033.081487924] [velocity_path_follower]: waypoint 95 / 5251 도달 (선 이탈 0.08 m)
[velocity_path_follower.py-9] [INFO] [1786904033.431753330] [velocity_path_follower]: waypoint 96 / 5251 도달 (선 이탈 0.07 m)
[velocity_path_follower.py-9] [INFO] [1786904033.782195787] [velocity_path_follower]: waypoint 97 / 5251 도달 (선 이탈 0.05 m)
[velocity_path_follower.py-9] [INFO] [1786904034.133769540] [velocity_path_follower]: waypoint 98 / 5251 도달 (선 이탈 0.03 m)
[velocity_path_follower.py-9] [INFO] [1786904034.483702491] [velocity_path_follower]: waypoint 99 / 5251 도달 (선 이탈 0.02 m)
[velocity_path_follower.py-9] [INFO] [1786904034.839570812] [velocity_path_follower]: waypoint 100 / 5251 도달 (선 이탈 0.00 m)
[velocity_path_follower.py-9] [INFO] [1786904035.191481471] [velocity_path_follower]: waypoint 101 / 5251 도달 (선 이탈 0.01 m)
[velocity_path_follower.py-9] [INFO] [1786904035.491501943] [velocity_path_follower]: waypoint 102 / 5251 도달 (선 이탈 0.02 m)
[velocity_path_follower.py-9] [INFO] [1786904035.896953306] [velocity_path_follower]: waypoint 103 / 5251 도달 (선 이탈 0.04 m)
[velocity_path_follower.py-9] [INFO] [1786904036.197039851] [velocity_path_follower]: waypoint 104 / 5251 도달 (선 이탈 0.05 m)
[velocity_path_follower.py-9] [INFO] [1786904036.549732889] [velocity_path_follower]: waypoint 105 / 5251 도달 (선 이탈 0.06 m)
[velocity_path_follower.py-9] [INFO] [1786904036.601601770] [velocity_path_follower]:  60.0s  wp 106/5251 이탈0.1m  위치 (  11.98,  -166.04,   9.11)
[velocity_path_follower.py-9] [INFO] [1786904036.906840515] [velocity_path_follower]: waypoint 106 / 5251 도달 (선 이탈 0.07 m)
[velocity_path_follower.py-9] [INFO] [1786904037.256685274] [velocity_path_follower]: waypoint 107 / 5251 도달 (선 이탈 0.07 m)
[velocity_path_follower.py-9] [INFO] [1786904037.612637654] [velocity_path_follower]: waypoint 108 / 5251 도달 (선 이탈 0.08 m)
[velocity_path_follower.py-9] [INFO] [1786904037.969665628] [velocity_path_follower]: waypoint 109 / 5251 도달 (선 이탈 0.08 m)
[velocity_path_follower.py-9] [INFO] [1786904038.322635552] [velocity_path_follower]: waypoint 110 / 5251 도달 (선 이탈 0.08 m)
[velocity_path_follower.py-9] [INFO] [1786904038.676816574] [velocity_path_follower]: waypoint 111 / 5251 도달 (선 이탈 0.08 m)
[velocity_path_follower.py-9] [INFO] [1786904039.031672001] [velocity_path_follower]: waypoint 112 / 5251 도달 (선 이탈 0.08 m)
[velocity_path_follower.py-9] [INFO] [1786904039.381713675] [velocity_path_follower]: waypoint 113 / 5251 도달 (선 이탈 0.08 m)
[velocity_path_follower.py-9] [INFO] [1786904039.731908274] [velocity_path_follower]: waypoint 114 / 5251 도달 (선 이탈 0.08 m)
[velocity_path_follower.py-9] [INFO] [1786904040.087210987] [velocity_path_follower]: waypoint 115 / 5251 도달 (선 이탈 0.07 m)
[velocity_path_follower.py-9] [INFO] [1786904040.436802076] [velocity_path_follower]: waypoint 116 / 5251 도달 (선 이탈 0.07 m)
[velocity_path_follower.py-9] [INFO] [1786904040.786718971] [velocity_path_follower]: waypoint 117 / 5251 도달 (선 이탈 0.06 m)
[velocity_path_follower.py-9] [INFO] [1786904041.091984757] [velocity_path_follower]: waypoint 118 / 5251 도달 (선 이탈 0.05 m)
[velocity_path_follower.py-9] [INFO] [1786904041.498491053] [velocity_path_follower]: waypoint 119 / 5251 도달 (선 이탈 0.05 m)
[velocity_path_follower.py-9] [INFO] [1786904041.654421494] [velocity_path_follower]:  65.0s  wp 120/5251 이탈0.0m  위치 (  19.18,  -166.06,   9.26)
[velocity_path_follower.py-9] [INFO] [1786904041.856855873] [velocity_path_follower]: waypoint 120 / 5251 도달 (선 이탈 0.04 m)
[velocity_path_follower.py-9] [INFO] [1786904042.166957533] [velocity_path_follower]: waypoint 121 / 5251 도달 (선 이탈 0.03 m)
[velocity_path_follower.py-9] [INFO] [1786904042.566727397] [velocity_path_follower]: waypoint 122 / 5251 도달 (선 이탈 0.02 m)
[velocity_path_follower.py-9] [INFO] [1786904042.866888363] [velocity_path_follower]: waypoint 123 / 5251 도달 (선 이탈 0.01 m)
[velocity_path_follower.py-9] [INFO] [1786904043.219661544] [velocity_path_follower]: waypoint 124 / 5251 도달 (선 이탈 0.01 m)
[velocity_path_follower.py-9] [INFO] [1786904043.569514035] [velocity_path_follower]: waypoint 125 / 5251 도달 (선 이탈 0.00 m)
[velocity_path_follower.py-9] [INFO] [1786904043.924174464] [velocity_path_follower]: waypoint 126 / 5251 도달 (선 이탈 0.01 m)
[velocity_path_follower.py-9] [INFO] [1786904044.276794070] [velocity_path_follower]: waypoint 127 / 5251 도달 (선 이탈 0.02 m)
[velocity_path_follower.py-9] [INFO] [1786904044.628611632] [velocity_path_follower]: waypoint 128 / 5251 도달 (선 이탈 0.02 m)
[velocity_path_follower.py-9] [INFO] [1786904044.980982887] [velocity_path_follower]: waypoint 129 / 5251 도달 (선 이탈 0.03 m)
[velocity_path_follower.py-9] [INFO] [1786904045.335669440] [velocity_path_follower]: waypoint 130 / 5251 도달 (선 이탈 0.03 m)
[velocity_path_follower.py-9] [INFO] [1786904045.692560846] [velocity_path_follower]: waypoint 131 / 5251 도달 (선 이탈 0.04 m)
[velocity_path_follower.py-9] [INFO] [1786904046.044698357] [velocity_path_follower]: waypoint 132 / 5251 도달 (선 이탈 0.04 m)
[velocity_path_follower.py-9] [INFO] [1786904046.398215621] [velocity_path_follower]: waypoint 133 / 5251 도달 (선 이탈 0.04 m)
[velocity_path_follower.py-9] [INFO] [1786904046.700469734] [velocity_path_follower]:  70.0s  wp 134/5251 이탈0.0m  위치 (  26.39,  -166.14,   9.38)
[velocity_path_follower.py-9] [INFO] [1786904046.750270941] [velocity_path_follower]: waypoint 134 / 5251 도달 (선 이탈 0.04 m)
[velocity_path_follower.py-9] [INFO] [1786904047.103675901] [velocity_path_follower]: waypoint 135 / 5251 도달 (선 이탈 0.04 m)
[velocity_path_follower.py-9] [INFO] [1786904047.457661457] [velocity_path_follower]: waypoint 136 / 5251 도달 (선 이탈 0.04 m)
[velocity_path_follower.py-9] [INFO] [1786904047.807842290] [velocity_path_follower]: waypoint 137 / 5251 도달 (선 이탈 0.04 m)
[velocity_path_follower.py-9] [INFO] [1786904048.107478460] [velocity_path_follower]: waypoint 138 / 5251 도달 (선 이탈 0.04 m)
[velocity_path_follower.py-9] [INFO] [1786904048.507605645] [velocity_path_follower]: waypoint 139 / 5251 도달 (선 이탈 0.04 m)
[velocity_path_follower.py-9] [INFO] [1786904048.807675032] [velocity_path_follower]: waypoint 140 / 5251 도달 (선 이탈 0.04 m)
[velocity_path_follower.py-9] [INFO] [1786904049.157698658] [velocity_path_follower]: waypoint 141 / 5251 도달 (선 이탈 0.03 m)
[velocity_path_follower.py-9] [INFO] [1786904049.507719146] [velocity_path_follower]: waypoint 142 / 5251 도달 (선 이탈 0.03 m)
[velocity_path_follower.py-9] [INFO] [1786904049.859690478] [velocity_path_follower]: waypoint 143 / 5251 도달 (선 이탈 0.02 m)
[velocity_path_follower.py-9] [INFO] [1786904050.211834220] [velocity_path_follower]: waypoint 144 / 5251 도달 (선 이탈 0.02 m)
[velocity_path_follower.py-9] [INFO] [1786904050.561494253] [velocity_path_follower]: waypoint 145 / 5251 도달 (선 이탈 0.02 m)
[velocity_path_follower.py-9] [INFO] [1786904050.915894177] [velocity_path_follower]: waypoint 146 / 5251 도달 (선 이탈 0.01 m)
[velocity_path_follower.py-9] [INFO] [1786904051.265725284] [velocity_path_follower]: waypoint 147 / 5251 도달 (선 이탈 0.01 m)
[velocity_path_follower.py-9] [INFO] [1786904051.615858441] [velocity_path_follower]: waypoint 148 / 5251 도달 (선 이탈 0.00 m)
[velocity_path_follower.py-9] [INFO] [1786904051.715438030] [velocity_path_follower]:  75.0s  wp 149/5251 이탈0.0m  위치 (  33.60,  -166.10,   9.49)
[velocity_path_follower.py-9] [INFO] [1786904051.965696460] [velocity_path_follower]: waypoint 149 / 5251 도달 (선 이탈 0.00 m)
[velocity_path_follower.py-9] [INFO] [1786904052.315889309] [velocity_path_follower]: waypoint 150 / 5251 도달 (선 이탈 0.01 m)
[velocity_path_follower.py-9] [INFO] [1786904052.665705012] [velocity_path_follower]: waypoint 151 / 5251 도달 (선 이탈 0.01 m)
[velocity_path_follower.py-9] [INFO] [1786904052.968811466] [velocity_path_follower]: waypoint 152 / 5251 도달 (선 이탈 0.01 m)
[velocity_path_follower.py-9] [INFO] [1786904053.318652442] [velocity_path_follower]: waypoint 153 / 5251 도달 (선 이탈 0.01 m)
[velocity_path_follower.py-9] [INFO] [1786904053.718669744] [velocity_path_follower]: waypoint 154 / 5251 도달 (선 이탈 0.02 m)
[velocity_path_follower.py-9] [INFO] [1786904054.018645488] [velocity_path_follower]: waypoint 155 / 5251 도달 (선 이탈 0.02 m)
[velocity_path_follower.py-9] [INFO] [1786904054.368414353] [velocity_path_follower]: waypoint 156 / 5251 도달 (선 이탈 0.02 m)
[velocity_path_follower.py-9] [INFO] [1786904054.718445730] [velocity_path_follower]: waypoint 157 / 5251 도달 (선 이탈 0.02 m)
[velocity_path_follower.py-9] [INFO] [1786904055.068397892] [velocity_path_follower]: waypoint 158 / 5251 도달 (선 이탈 0.02 m)
[velocity_path_follower.py-9] [INFO] [1786904055.420634393] [velocity_path_follower]: waypoint 159 / 5251 도달 (선 이탈 0.02 m)
[velocity_path_follower.py-9] [INFO] [1786904055.772810849] [velocity_path_follower]: waypoint 160 / 5251 도달 (선 이탈 0.02 m)
[velocity_path_follower.py-9] [INFO] [1786904056.122808945] [velocity_path_follower]: waypoint 161 / 5251 도달 (선 이탈 0.02 m)
[velocity_path_follower.py-9] [INFO] [1786904056.472504638] [velocity_path_follower]: waypoint 162 / 5251 도달 (선 이탈 0.02 m)
[velocity_path_follower.py-9] [INFO] [1786904056.722501226] [velocity_path_follower]:  80.0s  wp 163/5251 이탈0.0m  위치 (  40.81,  -166.08,   9.60)
[velocity_path_follower.py-9] [INFO] [1786904056.822839319] [velocity_path_follower]: waypoint 163 / 5251 도달 (선 이탈 0.02 m)
[velocity_path_follower.py-9] [INFO] [1786904057.172873391] [velocity_path_follower]: waypoint 164 / 5251 도달 (선 이탈 0.02 m)
[velocity_path_follower.py-9] [INFO] [1786904057.473130698] [velocity_path_follower]: waypoint 165 / 5251 도달 (선 이탈 0.02 m)
[velocity_path_follower.py-9] [INFO] [1786904057.872667126] [velocity_path_follower]: waypoint 166 / 5251 도달 (선 이탈 0.02 m)
[velocity_path_follower.py-9] [INFO] [1786904058.222827888] [velocity_path_follower]: waypoint 167 / 5251 도달 (선 이탈 0.01 m)
[velocity_path_follower.py-9] [INFO] [1786904058.522764994] [velocity_path_follower]: waypoint 168 / 5251 도달 (선 이탈 0.01 m)
[velocity_path_follower.py-9] [INFO] [1786904058.927816197] [velocity_path_follower]: waypoint 169 / 5251 도달 (선 이탈 0.01 m)
[velocity_path_follower.py-9] [INFO] [1786904059.227665285] [velocity_path_follower]: waypoint 170 / 5251 도달 (선 이탈 0.01 m)
[velocity_path_follower.py-9] [INFO] [1786904059.577680760] [velocity_path_follower]: waypoint 171 / 5251 도달 (선 이탈 0.01 m)
[velocity_path_follower.py-9] [INFO] [1786904059.963031139] [velocity_path_follower]: waypoint 172 / 5251 도달 (선 이탈 0.00 m)
[velocity_path_follower.py-9] [INFO] [1786904060.315870602] [velocity_path_follower]: waypoint 173 / 5251 도달 (선 이탈 0.00 m)
[velocity_path_follower.py-9] [INFO] [1786904060.665843594] [velocity_path_follower]: waypoint 174 / 5251 도달 (선 이탈 0.00 m)
[velocity_path_follower.py-9] [INFO] [1786904061.015759208] [velocity_path_follower]: waypoint 175 / 5251 도달 (선 이탈 0.00 m)
[velocity_path_follower.py-9] [INFO] [1786904061.368427804] [velocity_path_follower]: waypoint 176 / 5251 도달 (선 이탈 0.00 m)
[velocity_path_follower.py-9] [INFO] [1786904061.718700747] [velocity_path_follower]: waypoint 177 / 5251 도달 (선 이탈 0.01 m)
[velocity_path_follower.py-9] [INFO] [1786904061.768387068] [velocity_path_follower]:  85.0s  wp 178/5251 이탈0.0m  위치 (  48.02,  -166.11,   9.58)
[velocity_path_follower.py-9] [INFO] [1786904062.070939319] [velocity_path_follower]: waypoint 178 / 5251 도달 (선 이탈 0.01 m)
[velocity_path_follower.py-9] [INFO] [1786904062.420862307] [velocity_path_follower]: waypoint 179 / 5251 도달 (선 이탈 0.01 m)
[velocity_path_follower.py-9] [INFO] [1786904062.720849341] [velocity_path_follower]: waypoint 180 / 5251 도달 (선 이탈 0.01 m)
[velocity_path_follower.py-9] [INFO] [1786904063.120841157] [velocity_path_follower]: waypoint 181 / 5251 도달 (선 이탈 0.01 m)
[velocity_path_follower.py-9] [INFO] [1786904063.471099638] [velocity_path_follower]: waypoint 182 / 5251 도달 (선 이탈 0.01 m)
[velocity_path_follower.py-9] [INFO] [1786904063.770910062] [velocity_path_follower]: waypoint 183 / 5251 도달 (선 이탈 0.01 m)
[velocity_path_follower.py-9] [INFO] [1786904064.170801387] [velocity_path_follower]: waypoint 184 / 5251 도달 (선 이탈 0.01 m)
[velocity_path_follower.py-9] [INFO] [1786904064.470979600] [velocity_path_follower]: waypoint 185 / 5251 도달 (선 이탈 0.01 m)
[velocity_path_follower.py-9] [INFO] [1786904064.820958297] [velocity_path_follower]: waypoint 186 / 5251 도달 (선 이탈 0.01 m)
[velocity_path_follower.py-9] [INFO] [1786904065.170796394] [velocity_path_follower]: waypoint 187 / 5251 도달 (선 이탈 0.01 m)
[velocity_path_follower.py-9] [INFO] [1786904065.520787361] [velocity_path_follower]: waypoint 188 / 5251 도달 (선 이탈 0.01 m)
[velocity_path_follower.py-9] [INFO] [1786904065.870834623] [velocity_path_follower]: waypoint 189 / 5251 도달 (선 이탈 0.01 m)
[velocity_path_follower.py-9] [INFO] [1786904066.220767282] [velocity_path_follower]: waypoint 190 / 5251 도달 (선 이탈 0.01 m)
[velocity_path_follower.py-9] [INFO] [1786904066.570794730] [velocity_path_follower]: waypoint 191 / 5251 도달 (선 이탈 0.01 m)
[velocity_path_follower.py-9] [INFO] [1786904066.770723797] [velocity_path_follower]:  90.0s  wp 192/5251 이탈0.0m  위치 (  55.23,  -166.11,   9.60)
[velocity_path_follower.py-9] [INFO] [1786904066.920894556] [velocity_path_follower]: waypoint 192 / 5251 도달 (선 이탈 0.01 m)
[velocity_path_follower.py-9] [INFO] [1786904067.270859567] [velocity_path_follower]: waypoint 193 / 5251 도달 (선 이탈 0.00 m)
[velocity_path_follower.py-9] [INFO] [1786904067.620734194] [velocity_path_follower]: waypoint 194 / 5251 도달 (선 이탈 0.00 m)
[velocity_path_follower.py-9] [INFO] [1786904067.970897709] [velocity_path_follower]: waypoint 195 / 5251 도달 (선 이탈 0.00 m)
[velocity_path_follower.py-9] [INFO] [1786904068.320951950] [velocity_path_follower]: waypoint 196 / 5251 도달 (선 이탈 0.00 m)
[velocity_path_follower.py-9] [INFO] [1786904068.671110901] [velocity_path_follower]: waypoint 197 / 5251 도달 (선 이탈 0.00 m)
[velocity_path_follower.py-9] [INFO] [1786904068.970962984] [velocity_path_follower]: waypoint 198 / 5251 도달 (선 이탈 0.00 m)
[velocity_path_follower.py-9] [INFO] [1786904069.370777669] [velocity_path_follower]: waypoint 199 / 5251 도달 (선 이탈 0.00 m)
[velocity_path_follower.py-9] [INFO] [1786904069.670903954] [velocity_path_follower]: waypoint 200 / 5251 도달 (선 이탈 0.00 m)
[velocity_path_follower.py-9] [INFO] [1786904070.020989463] [velocity_path_follower]: waypoint 201 / 5251 도달 (선 이탈 0.00 m)
[velocity_path_follower.py-9] [INFO] [1786904071.770741661] [velocity_path_follower]:  95.0s  wp 202/5251 이탈0.9m  위치 (  62.26,  -165.75,   9.68)
[velocity_path_follower.py-9] [INFO] [1786904075.075249649] [velocity_path_follower]: waypoint 202 / 5251 도달 (선 이탈 2.91 m)
[velocity_path_follower.py-9] [INFO] [1786904076.815721801] [velocity_path_follower]: 100.0s  wp 204/5251 이탈0.1m  위치 (  64.22,  -162.25,  10.05)
[velocity_path_follower.py-9] [INFO] [1786904080.016104365] [velocity_path_follower]: waypoint 204 / 5251 도달 (선 이탈 1.40 m)
[velocity_path_follower.py-9] [INFO] [1786904080.665715697] [velocity_path_follower]: waypoint 205 / 5251 도달 (선 이탈 1.48 m)
[velocity_path_follower.py-9] [INFO] [1786904081.265839884] [velocity_path_follower]: waypoint 206 / 5251 도달 (선 이탈 1.48 m)
[velocity_path_follower.py-9] [INFO] [1786904081.815460963] [velocity_path_follower]: 105.0s  wp 207/5251 이탈1.4m  위치 (  60.92,  -160.67,  10.63)
[velocity_path_follower.py-9] [INFO] [1786904081.865722624] [velocity_path_follower]: waypoint 207 / 5251 도달 (선 이탈 1.42 m)
[velocity_path_follower.py-9] [INFO] [1786904082.416018500] [velocity_path_follower]: waypoint 208 / 5251 도달 (선 이탈 1.32 m)
[velocity_path_follower.py-9] [INFO] [1786904082.965789845] [velocity_path_follower]: waypoint 209 / 5251 도달 (선 이탈 1.18 m)
[velocity_path_follower.py-9] [INFO] [1786904083.515826545] [velocity_path_follower]: waypoint 210 / 5251 도달 (선 이탈 1.02 m)
[velocity_path_follower.py-9] [INFO] [1786904084.015809806] [velocity_path_follower]: waypoint 211 / 5251 도달 (선 이탈 0.85 m)
[velocity_path_follower.py-9] [INFO] [1786904084.515504649] [velocity_path_follower]: waypoint 212 / 5251 도달 (선 이탈 0.66 m)
[velocity_path_follower.py-9] [INFO] [1786904085.017511805] [velocity_path_follower]: waypoint 213 / 5251 도달 (선 이탈 0.47 m)
[velocity_path_follower.py-9] [INFO] [1786904085.465758291] [velocity_path_follower]: waypoint 214 / 5251 도달 (선 이탈 0.29 m)
[velocity_path_follower.py-9] [INFO] [1786904085.915745772] [velocity_path_follower]: waypoint 215 / 5251 도달 (선 이탈 0.13 m)
[velocity_path_follower.py-9] [INFO] [1786904086.415629403] [velocity_path_follower]: waypoint 216 / 5251 도달 (선 이탈 0.06 m)
[velocity_path_follower.py-9] [INFO] [1786904086.815736229] [velocity_path_follower]: waypoint 217 / 5251 도달 (선 이탈 0.19 m)
[velocity_path_follower.py-9] [INFO] [1786904086.865521770] [velocity_path_follower]: 110.1s  wp 218/5251 이탈0.2m  위치 (  55.83,  -162.30,  12.75)
[velocity_path_follower.py-9] [INFO] [1786904087.265876550] [velocity_path_follower]: waypoint 218 / 5251 도달 (선 이탈 0.33 m)
[velocity_path_follower.py-9] [INFO] [1786904087.665775676] [velocity_path_follower]: waypoint 219 / 5251 도달 (선 이탈 0.43 m)
[velocity_path_follower.py-9] [INFO] [1786904088.115891187] [velocity_path_follower]: waypoint 220 / 5251 도달 (선 이탈 0.53 m)
[velocity_path_follower.py-9] [INFO] [1786904088.515733995] [velocity_path_follower]: waypoint 221 / 5251 도달 (선 이탈 0.61 m)
[velocity_path_follower.py-9] [INFO] [1786904088.915681516] [velocity_path_follower]: waypoint 222 / 5251 도달 (선 이탈 0.66 m)
[velocity_path_follower.py-9] [INFO] [1786904089.315736982] [velocity_path_follower]: waypoint 223 / 5251 도달 (선 이탈 0.70 m)
[velocity_path_follower.py-9] [INFO] [1786904089.715830195] [velocity_path_follower]: waypoint 224 / 5251 도달 (선 이탈 0.72 m)
[velocity_path_follower.py-9] [INFO] [1786904090.115751226] [velocity_path_follower]: waypoint 225 / 5251 도달 (선 이탈 0.73 m)
[velocity_path_follower.py-9] [INFO] [1786904090.515826498] [velocity_path_follower]: waypoint 226 / 5251 도달 (선 이탈 0.72 m)
[velocity_path_follower.py-9] [INFO] [1786904090.915824599] [velocity_path_follower]: waypoint 227 / 5251 도달 (선 이탈 0.69 m)
[velocity_path_follower.py-9] [INFO] [1786904091.315462249] [velocity_path_follower]: waypoint 228 / 5251 도달 (선 이탈 0.66 m)
[velocity_path_follower.py-9] [INFO] [1786904091.665777805] [velocity_path_follower]: waypoint 229 / 5251 도달 (선 이탈 0.62 m)
[velocity_path_follower.py-9] [INFO] [1786904091.818791214] [velocity_path_follower]: 115.0s  wp 230/5251 이탈0.6m  위치 (  49.69,  -162.70,  11.81)
[velocity_path_follower.py-9] [INFO] [1786904092.073886409] [velocity_path_follower]: waypoint 230 / 5251 도달 (선 이탈 0.56 m)
[velocity_path_follower.py-9] [INFO] [1786904092.480248040] [velocity_path_follower]: waypoint 231 / 5251 도달 (선 이탈 0.50 m)
[velocity_path_follower.py-9] [INFO] [1786904092.830409444] [velocity_path_follower]: waypoint 232 / 5251 도달 (선 이탈 0.44 m)
[velocity_path_follower.py-9] [INFO] [1786904093.230037885] [velocity_path_follower]: waypoint 233 / 5251 도달 (선 이탈 0.36 m)
[velocity_path_follower.py-9] [INFO] [1786904093.630110002] [velocity_path_follower]: waypoint 234 / 5251 도달 (선 이탈 0.29 m)
[velocity_path_follower.py-9] [INFO] [1786904094.030149491] [velocity_path_follower]: waypoint 235 / 5251 도달 (선 이탈 0.21 m)
[velocity_path_follower.py-9] [INFO] [1786904094.380019757] [velocity_path_follower]: waypoint 236 / 5251 도달 (선 이탈 0.14 m)
[velocity_path_follower.py-9] [INFO] [1786904094.729901607] [velocity_path_follower]: waypoint 237 / 5251 도달 (선 이탈 0.07 m)
[velocity_path_follower.py-9] [INFO] [1786904095.130177661] [velocity_path_follower]: waypoint 238 / 5251 도달 (선 이탈 0.01 m)
[velocity_path_follower.py-9] [INFO] [1786904095.479949819] [velocity_path_follower]: waypoint 239 / 5251 도달 (선 이탈 0.07 m)
[velocity_path_follower.py-9] [INFO] [1786904095.882804972] [velocity_path_follower]: waypoint 240 / 5251 도달 (선 이탈 0.13 m)
[velocity_path_follower.py-9] [INFO] [1786904096.233104806] [velocity_path_follower]: waypoint 241 / 5251 도달 (선 이탈 0.19 m)
[velocity_path_follower.py-9] [INFO] [1786904096.639522719] [velocity_path_follower]: waypoint 242 / 5251 도달 (선 이탈 0.24 m)
[velocity_path_follower.py-9] [INFO] [1786904096.839772731] [velocity_path_follower]: 120.0s  wp 243/5251 이탈0.3m  위치 (  43.05,  -161.84,   7.90)
[velocity_path_follower.py-9] [INFO] [1786904096.989434905] [velocity_path_follower]: waypoint 243 / 5251 도달 (선 이탈 0.28 m)
[velocity_path_follower.py-9] [INFO] [1786904097.439611952] [velocity_path_follower]: waypoint 244 / 5251 도달 (선 이탈 0.31 m)
[velocity_path_follower.py-9] [INFO] [1786904097.689747424] [velocity_path_follower]: waypoint 245 / 5251 도달 (선 이탈 0.33 m)
[velocity_path_follower.py-9] [INFO] [1786904098.039499954] [velocity_path_follower]: waypoint 246 / 5251 도달 (선 이탈 0.35 m)
[velocity_path_follower.py-9] [INFO] [1786904098.389702320] [velocity_path_follower]: waypoint 247 / 5251 도달 (선 이탈 0.36 m)
[velocity_path_follower.py-9] [INFO] [1786904098.789440139] [velocity_path_follower]: waypoint 248 / 5251 도달 (선 이탈 0.36 m)
[velocity_path_follower.py-9] [INFO] [1786904099.144953649] [velocity_path_follower]: waypoint 249 / 5251 도달 (선 이탈 0.36 m)
[velocity_path_follower.py-9] [INFO] [1786904099.495013238] [velocity_path_follower]: waypoint 250 / 5251 도달 (선 이탈 0.35 m)
[velocity_path_follower.py-9] [INFO] [1786904099.847713736] [velocity_path_follower]: waypoint 251 / 5251 도달 (선 이탈 0.33 m)
[velocity_path_follower.py-9] [INFO] [1786904100.267807920] [velocity_path_follower]: waypoint 252 / 5251 도달 (선 이탈 0.31 m)
[velocity_path_follower.py-9] [INFO] [1786904100.617502514] [velocity_path_follower]: waypoint 253 / 5251 도달 (선 이탈 0.28 m)
[velocity_path_follower.py-9] [INFO] [1786904100.967848179] [velocity_path_follower]: waypoint 254 / 5251 도달 (선 이탈 0.25 m)
[velocity_path_follower.py-9] [INFO] [1786904101.317624884] [velocity_path_follower]: waypoint 255 / 5251 도달 (선 이탈 0.22 m)
[velocity_path_follower.py-9] [INFO] [1786904101.667513091] [velocity_path_follower]: waypoint 256 / 5251 도달 (선 이탈 0.19 m)
[velocity_path_follower.py-9] [INFO] [1786904101.867421739] [velocity_path_follower]: 125.0s  wp 257/5251 이탈0.2m  위치 (  36.10,  -161.93,   9.01)
[velocity_path_follower.py-9] [INFO] [1786904102.017766439] [velocity_path_follower]: waypoint 257 / 5251 도달 (선 이탈 0.15 m)
[velocity_path_follower.py-9] [INFO] [1786904102.377080293] [velocity_path_follower]: waypoint 258 / 5251 도달 (선 이탈 0.12 m)
[velocity_path_follower.py-9] [INFO] [1786904102.776869147] [velocity_path_follower]: waypoint 259 / 5251 도달 (선 이탈 0.08 m)
[velocity_path_follower.py-9] [INFO] [1786904103.126907500] [velocity_path_follower]: waypoint 260 / 5251 도달 (선 이탈 0.04 m)
[velocity_path_follower.py-9] [INFO] [1786904103.477027511] [velocity_path_follower]: waypoint 261 / 5251 도달 (선 이탈 0.00 m)
[velocity_path_follower.py-9] [INFO] [1786904103.826898469] [velocity_path_follower]: waypoint 262 / 5251 도달 (선 이탈 0.03 m)
[velocity_path_follower.py-9] [INFO] [1786904104.180487664] [velocity_path_follower]: waypoint 263 / 5251 도달 (선 이탈 0.06 m)
[velocity_path_follower.py-9] [INFO] [1786904104.530484649] [velocity_path_follower]: waypoint 264 / 5251 도달 (선 이탈 0.09 m)
[velocity_path_follower.py-9] [INFO] [1786904104.887503194] [velocity_path_follower]: waypoint 265 / 5251 도달 (선 이탈 0.11 m)
[velocity_path_follower.py-9] [INFO] [1786904105.239974191] [velocity_path_follower]: waypoint 266 / 5251 도달 (선 이탈 0.13 m)
[velocity_path_follower.py-9] [INFO] [1786904105.589846401] [velocity_path_follower]: waypoint 267 / 5251 도달 (선 이탈 0.15 m)
[velocity_path_follower.py-9] [INFO] [1786904105.939969038] [velocity_path_follower]: waypoint 268 / 5251 도달 (선 이탈 0.17 m)
[velocity_path_follower.py-9] [INFO] [1786904106.289740227] [velocity_path_follower]: waypoint 269 / 5251 도달 (선 이탈 0.18 m)
[velocity_path_follower.py-9] [INFO] [1786904106.639924638] [velocity_path_follower]: waypoint 270 / 5251 도달 (선 이탈 0.19 m)
[velocity_path_follower.py-9] [INFO] [1786904106.889846262] [velocity_path_follower]: 130.0s  wp 271/5251 이탈0.2m  위치 (  29.02,  -162.29,  12.42)
[velocity_path_follower.py-9] [INFO] [1786904106.989816370] [velocity_path_follower]: waypoint 271 / 5251 도달 (선 이탈 0.19 m)
[velocity_path_follower.py-9] [INFO] [1786904107.342235277] [velocity_path_follower]: waypoint 272 / 5251 도달 (선 이탈 0.19 m)
[velocity_path_follower.py-9] [INFO] [1786904107.694481634] [velocity_path_follower]: waypoint 273 / 5251 도달 (선 이탈 0.19 m)
[velocity_path_follower.py-9] [INFO] [1786904108.046650985] [velocity_path_follower]: waypoint 274 / 5251 도달 (선 이탈 0.18 m)
[velocity_path_follower.py-9] [INFO] [1786904108.396697851] [velocity_path_follower]: waypoint 275 / 5251 도달 (선 이탈 0.17 m)
[velocity_path_follower.py-9] [INFO] [1786904108.749468461] [velocity_path_follower]: waypoint 276 / 5251 도달 (선 이탈 0.16 m)
[velocity_path_follower.py-9] [INFO] [1786904109.105723676] [velocity_path_follower]: waypoint 277 / 5251 도달 (선 이탈 0.15 m)
[velocity_path_follower.py-9] [INFO] [1786904109.457691731] [velocity_path_follower]: waypoint 278 / 5251 도달 (선 이탈 0.14 m)
[velocity_path_follower.py-9] [INFO] [1786904109.810789752] [velocity_path_follower]: waypoint 279 / 5251 도달 (선 이탈 0.12 m)
[velocity_path_follower.py-9] [INFO] [1786904110.162745963] [velocity_path_follower]: waypoint 280 / 5251 도달 (선 이탈 0.10 m)
[velocity_path_follower.py-9] [INFO] [1786904110.512817998] [velocity_path_follower]: waypoint 281 / 5251 도달 (선 이탈 0.08 m)
[velocity_path_follower.py-9] [INFO] [1786904110.862923993] [velocity_path_follower]: waypoint 282 / 5251 도달 (선 이탈 0.06 m)
[velocity_path_follower.py-9] [INFO] [1786904111.215721010] [velocity_path_follower]: waypoint 283 / 5251 도달 (선 이탈 0.05 m)
[velocity_path_follower.py-9] [INFO] [1786904111.567869574] [velocity_path_follower]: waypoint 284 / 5251 도달 (선 이탈 0.03 m)
[velocity_path_follower.py-9] [INFO] [1786904111.924664092] [velocity_path_follower]: waypoint 285 / 5251 도달 (선 이탈 0.01 m)
[velocity_path_follower.py-9] [INFO] [1786904111.974431351] [velocity_path_follower]: 135.1s  wp 286/5251 이탈0.0m  위치 (  21.81,  -162.11,  12.03)
[velocity_path_follower.py-9] [INFO] [1786904112.274730341] [velocity_path_follower]: waypoint 286 / 5251 도달 (선 이탈 0.01 m)
[velocity_path_follower.py-9] [INFO] [1786904112.629659673] [velocity_path_follower]: waypoint 287 / 5251 도달 (선 이탈 0.03 m)
[velocity_path_follower.py-9] [INFO] [1786904112.983611755] [velocity_path_follower]: waypoint 288 / 5251 도달 (선 이탈 0.04 m)
[velocity_path_follower.py-9] [INFO] [1786904113.335750905] [velocity_path_follower]: waypoint 289 / 5251 도달 (선 이탈 0.05 m)
[velocity_path_follower.py-9] [INFO] [1786904113.687960515] [velocity_path_follower]: waypoint 290 / 5251 도달 (선 이탈 0.07 m)
[velocity_path_follower.py-9] [INFO] [1786904114.041640312] [velocity_path_follower]: waypoint 291 / 5251 도달 (선 이탈 0.08 m)
[velocity_path_follower.py-9] [INFO] [1786904114.391705226] [velocity_path_follower]: waypoint 292 / 5251 도달 (선 이탈 0.08 m)
[velocity_path_follower.py-9] [INFO] [1786904114.741653134] [velocity_path_follower]: waypoint 293 / 5251 도달 (선 이탈 0.09 m)
[velocity_path_follower.py-9] [INFO] [1786904115.091868091] [velocity_path_follower]: waypoint 294 / 5251 도달 (선 이탈 0.10 m)
[velocity_path_follower.py-9] [INFO] [1786904115.445424429] [velocity_path_follower]: waypoint 295 / 5251 도달 (선 이탈 0.10 m)
[velocity_path_follower.py-9] [INFO] [1786904115.796722418] [velocity_path_follower]: waypoint 296 / 5251 도달 (선 이탈 0.10 m)
[velocity_path_follower.py-9] [INFO] [1786904116.158909789] [velocity_path_follower]: waypoint 297 / 5251 도달 (선 이탈 0.10 m)
[velocity_path_follower.py-9] [INFO] [1786904116.508606105] [velocity_path_follower]: waypoint 298 / 5251 도달 (선 이탈 0.10 m)
[velocity_path_follower.py-9] [INFO] [1786904116.860746945] [velocity_path_follower]: waypoint 299 / 5251 도달 (선 이탈 0.09 m)
[velocity_path_follower.py-9] [INFO] [1786904116.960508529] [velocity_path_follower]: 140.0s  wp 300/5251 이탈0.1m  위치 (  14.69,  -162.01,   9.49)
[velocity_path_follower.py-9] [INFO] [1786904117.161001646] [velocity_path_follower]: waypoint 300 / 5251 도달 (선 이탈 0.09 m)
[velocity_path_follower.py-9] [INFO] [1786904117.515763205] [velocity_path_follower]: waypoint 301 / 5251 도달 (선 이탈 0.08 m)
[velocity_path_follower.py-9] [INFO] [1786904117.870864820] [velocity_path_follower]: waypoint 302 / 5251 도달 (선 이탈 0.07 m)
[velocity_path_follower.py-9] [INFO] [1786904118.273419061] [velocity_path_follower]: waypoint 303 / 5251 도달 (선 이탈 0.06 m)
[velocity_path_follower.py-9] [INFO] [1786904118.575639782] [velocity_path_follower]: waypoint 304 / 5251 도달 (선 이탈 0.06 m)
[velocity_path_follower.py-9] [INFO] [1786904118.925738035] [velocity_path_follower]: waypoint 305 / 5251 도달 (선 이탈 0.05 m)
[velocity_path_follower.py-9] [INFO] [1786904119.280677149] [velocity_path_follower]: waypoint 306 / 5251 도달 (선 이탈 0.04 m)
[velocity_path_follower.py-9] [INFO] [1786904119.630631501] [velocity_path_follower]: waypoint 307 / 5251 도달 (선 이탈 0.03 m)
[velocity_path_follower.py-9] [INFO] [1786904119.983720572] [velocity_path_follower]: waypoint 308 / 5251 도달 (선 이탈 0.02 m)
[velocity_path_follower.py-9] [INFO] [1786904120.339679499] [velocity_path_follower]: waypoint 309 / 5251 도달 (선 이탈 0.01 m)
[velocity_path_follower.py-9] [INFO] [1786904120.689485950] [velocity_path_follower]: waypoint 310 / 5251 도달 (선 이탈 0.00 m)
[velocity_path_follower.py-9] [INFO] [1786904121.041767256] [velocity_path_follower]: waypoint 311 / 5251 도달 (선 이탈 0.01 m)
[velocity_path_follower.py-9] [INFO] [1786904121.399476571] [velocity_path_follower]: waypoint 312 / 5251 도달 (선 이탈 0.02 m)
[velocity_path_follower.py-9] [INFO] [1786904121.752090458] [velocity_path_follower]: waypoint 313 / 5251 도달 (선 이탈 0.03 m)
[velocity_path_follower.py-9] [INFO] [1786904122.002091207] [velocity_path_follower]: 145.0s  wp 314/5251 이탈0.0m  위치 (   7.49,  -162.13,   7.65)
[velocity_path_follower.py-9] [INFO] [1786904122.102195230] [velocity_path_follower]: waypoint 314 / 5251 도달 (선 이탈 0.03 m)
[velocity_path_follower.py-9] [INFO] [1786904122.452112522] [velocity_path_follower]: waypoint 315 / 5251 도달 (선 이탈 0.04 m)
[velocity_path_follower.py-9] [INFO] [1786904122.805844437] [velocity_path_follower]: waypoint 316 / 5251 도달 (선 이탈 0.04 m)
[velocity_path_follower.py-9] [INFO] [1786904123.156039316] [velocity_path_follower]: waypoint 317 / 5251 도달 (선 이탈 0.05 m)
[velocity_path_follower.py-9] [INFO] [1786904123.462000114] [velocity_path_follower]: waypoint 318 / 5251 도달 (선 이탈 0.05 m)
[velocity_path_follower.py-9] [INFO] [1786904123.815699383] [velocity_path_follower]: waypoint 319 / 5251 도달 (선 이탈 0.05 m)
[velocity_path_follower.py-9] [INFO] [1786904124.167717195] [velocity_path_follower]: waypoint 320 / 5251 도달 (선 이탈 0.05 m)
[velocity_path_follower.py-9] [INFO] [1786904124.517712702] [velocity_path_follower]: waypoint 321 / 5251 도달 (선 이탈 0.05 m)
[velocity_path_follower.py-9] [INFO] [1786904124.867733751] [velocity_path_follower]: waypoint 322 / 5251 도달 (선 이탈 0.05 m)
[velocity_path_follower.py-9] [INFO] [1786904125.228872766] [velocity_path_follower]: waypoint 323 / 5251 도달 (선 이탈 0.05 m)
[velocity_path_follower.py-9] [INFO] [1786904125.578955716] [velocity_path_follower]: waypoint 324 / 5251 도달 (선 이탈 0.05 m)
[velocity_path_follower.py-9] [INFO] [1786904125.934817164] [velocity_path_follower]: waypoint 325 / 5251 도달 (선 이탈 0.04 m)
[velocity_path_follower.py-9] [INFO] [1786904126.284764592] [velocity_path_follower]: waypoint 326 / 5251 도달 (선 이탈 0.04 m)
[velocity_path_follower.py-9] [INFO] [1786904126.637639267] [velocity_path_follower]: waypoint 327 / 5251 도달 (선 이탈 0.04 m)
[velocity_path_follower.py-9] [INFO] [1786904126.989677573] [velocity_path_follower]: waypoint 328 / 5251 도달 (선 이탈 0.03 m)
[velocity_path_follower.py-9] [INFO] [1786904127.039368618] [velocity_path_follower]: 150.0s  wp 329/5251 이탈0.0m  위치 (   0.28,  -162.13,   8.76)
[velocity_path_follower.py-9] [INFO] [1786904127.342868534] [velocity_path_follower]: waypoint 329 / 5251 도달 (선 이탈 0.03 m)
[velocity_path_follower.py-9] [INFO] [1786904127.697676231] [velocity_path_follower]: waypoint 330 / 5251 도달 (선 이탈 0.02 m)
[velocity_path_follower.py-9] [INFO] [1786904128.054847484] [velocity_path_follower]: waypoint 331 / 5251 도달 (선 이탈 0.02 m)
[velocity_path_follower.py-9] [INFO] [1786904128.412204729] [velocity_path_follower]: waypoint 332 / 5251 도달 (선 이탈 0.01 m)
[velocity_path_follower.py-9] [INFO] [1786904128.765703683] [velocity_path_follower]: waypoint 333 / 5251 도달 (선 이탈 0.01 m)
[velocity_path_follower.py-9] [INFO] [1786904129.065505712] [velocity_path_follower]: waypoint 334 / 5251 도달 (선 이탈 0.00 m)
[velocity_path_follower.py-9] [INFO] [1786904129.465505634] [velocity_path_follower]: waypoint 335 / 5251 도달 (선 이탈 0.00 m)
[velocity_path_follower.py-9] [INFO] [1786904129.765492408] [velocity_path_follower]: waypoint 336 / 5251 도달 (선 이탈 0.01 m)
[velocity_path_follower.py-9] [INFO] [1786904130.115612651] [velocity_path_follower]: waypoint 337 / 5251 도달 (선 이탈 0.01 m)
[velocity_path_follower.py-9] [INFO] [1786904130.465647336] [velocity_path_follower]: waypoint 338 / 5251 도달 (선 이탈 0.02 m)
[velocity_path_follower.py-9] [INFO] [1786904130.817506723] [velocity_path_follower]: waypoint 339 / 5251 도달 (선 이탈 0.02 m)
[velocity_path_follower.py-9] [INFO] [1786904131.167642903] [velocity_path_follower]: waypoint 340 / 5251 도달 (선 이탈 0.02 m)
[velocity_path_follower.py-9] [INFO] [1786904131.522989003] [velocity_path_follower]: waypoint 341 / 5251 도달 (선 이탈 0.02 m)
[velocity_path_follower.py-9] [INFO] [1786904131.873080213] [velocity_path_follower]: waypoint 342 / 5251 도달 (선 이탈 0.03 m)
[velocity_path_follower.py-9] [INFO] [1786904132.077617091] [velocity_path_follower]: 155.0s  wp 343/5251 이탈0.0m  위치 (  -6.93,  -162.07,   8.86)
[velocity_path_follower.py-9] [INFO] [1786904132.227894903] [velocity_path_follower]: waypoint 343 / 5251 도달 (선 이탈 0.03 m)
[velocity_path_follower.py-9] [INFO] [1786904132.577822212] [velocity_path_follower]: waypoint 344 / 5251 도달 (선 이탈 0.03 m)
[velocity_path_follower.py-9] [INFO] [1786904132.930633060] [velocity_path_follower]: waypoint 345 / 5251 도달 (선 이탈 0.03 m)
[velocity_path_follower.py-9] [INFO] [1786904133.282662276] [velocity_path_follower]: waypoint 346 / 5251 도달 (선 이탈 0.03 m)
[velocity_path_follower.py-9] [INFO] [1786904133.635003626] [velocity_path_follower]: waypoint 347 / 5251 도달 (선 이탈 0.03 m)
[velocity_path_follower.py-9] [INFO] [1786904133.987982254] [velocity_path_follower]: waypoint 348 / 5251 도달 (선 이탈 0.02 m)
[velocity_path_follower.py-9] [INFO] [1786904134.339565512] [velocity_path_follower]: waypoint 349 / 5251 도달 (선 이탈 0.02 m)
[velocity_path_follower.py-9] [INFO] [1786904134.639783339] [velocity_path_follower]: waypoint 350 / 5251 도달 (선 이탈 0.02 m)
[velocity_path_follower.py-9] [INFO] [1786904134.989814322] [velocity_path_follower]: waypoint 351 / 5251 도달 (선 이탈 0.02 m)
[velocity_path_follower.py-9] [INFO] [1786904135.389696650] [velocity_path_follower]: waypoint 352 / 5251 도달 (선 이탈 0.02 m)
[velocity_path_follower.py-9] [INFO] [1786904135.689718411] [velocity_path_follower]: waypoint 353 / 5251 도달 (선 이탈 0.01 m)
[velocity_path_follower.py-9] [INFO] [1786904136.039794834] [velocity_path_follower]: waypoint 354 / 5251 도달 (선 이탈 0.01 m)
[velocity_path_follower.py-9] [INFO] [1786904136.391710067] [velocity_path_follower]: waypoint 355 / 5251 도달 (선 이탈 0.01 m)
[velocity_path_follower.py-9] [INFO] [1786904136.741689802] [velocity_path_follower]: waypoint 356 / 5251 도달 (선 이탈 0.01 m)
[velocity_path_follower.py-9] [INFO] [1786904137.091689991] [velocity_path_follower]: waypoint 357 / 5251 도달 (선 이탈 0.00 m)
[velocity_path_follower.py-9] [INFO] [1786904137.141724440] [velocity_path_follower]: 160.1s  wp 358/5251 이탈0.0m  위치 ( -14.22,  -162.10,   8.00)
[velocity_path_follower.py-9] [INFO] [1786904137.444066434] [velocity_path_follower]: waypoint 358 / 5251 도달 (선 이탈 0.00 m)
[velocity_path_follower.py-9] [INFO] [1786904137.794039899] [velocity_path_follower]: waypoint 359 / 5251 도달 (선 이탈 0.00 m)
[velocity_path_follower.py-9] [INFO] [1786904138.143924854] [velocity_path_follower]: waypoint 360 / 5251 도달 (선 이탈 0.00 m)
[velocity_path_follower.py-9] [INFO] [1786904138.493935052] [velocity_path_follower]: waypoint 361 / 5251 도달 (선 이탈 0.01 m)
[velocity_path_follower.py-9] [INFO] [1786904138.846706242] [velocity_path_follower]: waypoint 362 / 5251 도달 (선 이탈 0.01 m)
[velocity_path_follower.py-9] [INFO] [1786904139.196776182] [velocity_path_follower]: waypoint 363 / 5251 도달 (선 이탈 0.01 m)
[velocity_path_follower.py-9] [INFO] [1786904139.546794862] [velocity_path_follower]: waypoint 364 / 5251 도달 (선 이탈 0.01 m)
[velocity_path_follower.py-9] [INFO] [1786904139.896828501] [velocity_path_follower]: waypoint 365 / 5251 도달 (선 이탈 0.01 m)
[velocity_path_follower.py-9] [INFO] [1786904140.196751933] [velocity_path_follower]: waypoint 366 / 5251 도달 (선 이탈 0.01 m)
[velocity_path_follower.py-9] [INFO] [1786904140.546874098] [velocity_path_follower]: waypoint 367 / 5251 도달 (선 이탈 0.01 m)
[velocity_path_follower.py-9] [INFO] [1786904140.896797922] [velocity_path_follower]: waypoint 368 / 5251 도달 (선 이탈 0.02 m)
[velocity_path_follower.py-9] [INFO] [1786904141.246842238] [velocity_path_follower]: waypoint 369 / 5251 도달 (선 이탈 0.02 m)
[velocity_path_follower.py-9] [INFO] [1786904141.596693540] [velocity_path_follower]: waypoint 370 / 5251 도달 (선 이탈 0.02 m)
[velocity_path_follower.py-9] [INFO] [1786904141.946653721] [velocity_path_follower]: waypoint 371 / 5251 도달 (선 이탈 0.01 m)
[velocity_path_follower.py-9] [INFO] [1786904142.096706113] [velocity_path_follower]: 165.0s  wp 372/5251 이탈0.0m  위치 ( -21.35,  -162.11,   7.92)
[velocity_path_follower.py-9] [INFO] [1786904142.296747518] [velocity_path_follower]: waypoint 372 / 5251 도달 (선 이탈 0.01 m)
[velocity_path_follower.py-9] [INFO] [1786904142.646686305] [velocity_path_follower]: waypoint 373 / 5251 도달 (선 이탈 0.01 m)
[velocity_path_follower.py-9] [INFO] [1786904142.999254952] [velocity_path_follower]: waypoint 374 / 5251 도달 (선 이탈 0.01 m)
[velocity_path_follower.py-9] [INFO] [1786904143.349362728] [velocity_path_follower]: waypoint 375 / 5251 도달 (선 이탈 0.01 m)
[velocity_path_follower.py-9] [INFO] [1786904143.699237285] [velocity_path_follower]: waypoint 376 / 5251 도달 (선 이탈 0.01 m)
[velocity_path_follower.py-9] [INFO] [1786904144.049256971] [velocity_path_follower]: waypoint 377 / 5251 도달 (선 이탈 0.01 m)
[velocity_path_follower.py-9] [INFO] [1786904144.399172470] [velocity_path_follower]: waypoint 378 / 5251 도달 (선 이탈 0.01 m)
[velocity_path_follower.py-9] [INFO] [1786904144.699263589] [velocity_path_follower]: waypoint 379 / 5251 도달 (선 이탈 0.01 m)
[velocity_path_follower.py-9] [INFO] [1786904145.099386520] [velocity_path_follower]: waypoint 380 / 5251 도달 (선 이탈 0.00 m)
[velocity_path_follower.py-9] [INFO] [1786904145.399384035] [velocity_path_follower]: waypoint 381 / 5251 도달 (선 이탈 0.00 m)
[velocity_path_follower.py-9] [INFO] [1786904145.749277223] [velocity_path_follower]: waypoint 382 / 5251 도달 (선 이탈 0.00 m)
[velocity_path_follower.py-9] [INFO] [1786904146.101314787] [velocity_path_follower]: waypoint 383 / 5251 도달 (선 이탈 0.00 m)
[velocity_path_follower.py-9] [INFO] [1786904146.451402589] [velocity_path_follower]: waypoint 384 / 5251 도달 (선 이탈 0.00 m)
[velocity_path_follower.py-9] [INFO] [1786904146.801345551] [velocity_path_follower]: waypoint 385 / 5251 도달 (선 이탈 0.00 m)
[velocity_path_follower.py-9] [INFO] [1786904147.101119495] [velocity_path_follower]: 170.0s  wp 386/5251 이탈0.0m  위치 ( -28.56,  -162.10,   8.17)
[velocity_path_follower.py-9] [INFO] [1786904147.151497557] [velocity_path_follower]: waypoint 386 / 5251 도달 (선 이탈 0.00 m)
[velocity_path_follower.py-9] [INFO] [1786904147.501302037] [velocity_path_follower]: waypoint 387 / 5251 도달 (선 이탈 0.00 m)
[velocity_path_follower.py-9] [INFO] [1786904147.851364028] [velocity_path_follower]: waypoint 388 / 5251 도달 (선 이탈 0.00 m)
[velocity_path_follower.py-9] [INFO] [1786904148.201504594] [velocity_path_follower]: waypoint 389 / 5251 도달 (선 이탈 0.01 m)
[velocity_path_follower.py-9] [INFO] [1786904148.551311014] [velocity_path_follower]: waypoint 390 / 5251 도달 (선 이탈 0.01 m)
[velocity_path_follower.py-9] [INFO] [1786904148.901344319] [velocity_path_follower]: waypoint 391 / 5251 도달 (선 이탈 0.01 m)
[velocity_path_follower.py-9] [INFO] [1786904149.251305816] [velocity_path_follower]: waypoint 392 / 5251 도달 (선 이탈 0.01 m)
[velocity_path_follower.py-9] [INFO] [1786904149.601276682] [velocity_path_follower]: waypoint 393 / 5251 도달 (선 이탈 0.01 m)
[velocity_path_follower.py-9] [INFO] [1786904149.901332262] [velocity_path_follower]: waypoint 394 / 5251 도달 (선 이탈 0.01 m)
[velocity_path_follower.py-9] [INFO] [1786904150.301203566] [velocity_path_follower]: waypoint 395 / 5251 도달 (선 이탈 0.01 m)
[velocity_path_follower.py-9] [INFO] [1786904150.601376760] [velocity_path_follower]: waypoint 396 / 5251 도달 (선 이탈 0.01 m)
[velocity_path_follower.py-9] [INFO] [1786904150.951295356] [velocity_path_follower]: waypoint 397 / 5251 도달 (선 이탈 0.01 m)
[velocity_path_follower.py-9] [INFO] [1786904151.301265313] [velocity_path_follower]: waypoint 398 / 5251 도달 (선 이탈 0.01 m)
[velocity_path_follower.py-9] [INFO] [1786904151.651584908] [velocity_path_follower]: waypoint 399 / 5251 도달 (선 이탈 0.01 m)
[velocity_path_follower.py-9] [INFO] [1786904152.006321685] [velocity_path_follower]: waypoint 400 / 5251 도달 (선 이탈 0.00 m)
[velocity_path_follower.py-9] [INFO] [1786904152.106094367] [velocity_path_follower]: 175.0s  wp 401/5251 이탈0.0m  위치 ( -35.78,  -162.10,   8.13)
[velocity_path_follower.py-9] [INFO] [1786904152.356233120] [velocity_path_follower]: waypoint 401 / 5251 도달 (선 이탈 0.00 m)
[velocity_path_follower.py-9] [INFO] [1786904152.706337520] [velocity_path_follower]: waypoint 402 / 5251 도달 (선 이탈 0.00 m)
[velocity_path_follower.py-9] [INFO] [1786904153.058392582] [velocity_path_follower]: waypoint 403 / 5251 도달 (선 이탈 0.00 m)
[velocity_path_follower.py-9] [INFO] [1786904157.108793748] [velocity_path_follower]: 180.0s  wp 404/5251 이탈2.6m  위치 ( -41.24,  -160.33,   7.93)
[velocity_path_follower.py-9] [INFO] [1786904158.108402330] [velocity_path_follower]: waypoint 404 / 5251 도달 (선 이탈 2.93 m)
[velocity_path_follower.py-9] [INFO] [1786904162.123800210] [velocity_path_follower]: 185.0s  wp 406/5251 이탈1.1m  위치 ( -40.26,  -156.95,   7.76)
[velocity_path_follower.py-9] [INFO] [1786904163.070765087] [velocity_path_follower]: waypoint 406 / 5251 도달 (선 이탈 1.40 m)
[velocity_path_follower.py-9] [INFO] [1786904163.720852438] [velocity_path_follower]: waypoint 407 / 5251 도달 (선 이탈 1.47 m)
[ros2-8] [INFO] [1786904164.100073033] [rosbag2_cpp]: Writing remaining messages from cache to the bag. It may take a while
[velocity_path_follower.py-9] [INFO] [1786904164.320883932] [velocity_path_follower]: waypoint 408 / 5251 도달 (선 이탈 1.47 m)
[velocity_path_follower.py-9] [INFO] [1786904164.920433601] [velocity_path_follower]: waypoint 409 / 5251 도달 (선 이탈 1.42 m)
[velocity_path_follower.py-9] [INFO] [1786904165.470818779] [velocity_path_follower]: waypoint 410 / 5251 도달 (선 이탈 1.32 m)
[velocity_path_follower.py-9] [INFO] [1786904165.970782686] [velocity_path_follower]: waypoint 411 / 5251 도달 (선 이탈 1.20 m)
[velocity_path_follower.py-9] [INFO] [1786904166.520612351] [velocity_path_follower]: waypoint 412 / 5251 도달 (선 이탈 1.04 m)
[velocity_path_follower.py-9] [INFO] [1786904167.020726613] [velocity_path_follower]: waypoint 413 / 5251 도달 (선 이탈 0.87 m)
[velocity_path_follower.py-9] [INFO] [1786904167.120511259] [velocity_path_follower]: 190.0s  wp 414/5251 이탈0.8m  위치 ( -36.00,  -157.27,   7.88)
[velocity_path_follower.py-9] [INFO] [1786904167.520688510] [velocity_path_follower]: waypoint 414 / 5251 도달 (선 이탈 0.69 m)
[velocity_path_follower.py-9] [INFO] [1786904168.020684658] [velocity_path_follower]: waypoint 415 / 5251 도달 (선 이탈 0.50 m)
[velocity_path_follower.py-9] [INFO] [1786904168.520491316] [velocity_path_follower]: waypoint 416 / 5251 도달 (선 이탈 0.30 m)
[velocity_path_follower.py-9] [INFO] [1786904168.970431612] [velocity_path_follower]: waypoint 417 / 5251 도달 (선 이탈 0.14 m)
[velocity_path_follower.py-9] [INFO] [1786904169.420880283] [velocity_path_follower]: waypoint 418 / 5251 도달 (선 이탈 0.03 m)
[velocity_path_follower.py-9] [INFO] [1786904169.820573974] [velocity_path_follower]: waypoint 419 / 5251 도달 (선 이탈 0.16 m)
[velocity_path_follower.py-9] [INFO] [1786904170.270764244] [velocity_path_follower]: waypoint 420 / 5251 도달 (선 이탈 0.30 m)
[velocity_path_follower.py-9] [INFO] [1786904170.720492736] [velocity_path_follower]: waypoint 421 / 5251 도달 (선 이탈 0.42 m)
[velocity_path_follower.py-9] [INFO] [1786904171.120609002] [velocity_path_follower]: waypoint 422 / 5251 도달 (선 이탈 0.51 m)
[velocity_path_follower.py-9] [INFO] [1786904171.520619999] [velocity_path_follower]: waypoint 423 / 5251 도달 (선 이탈 0.58 m)
[velocity_path_follower.py-9] [INFO] [1786904171.920451988] [velocity_path_follower]: waypoint 424 / 5251 도달 (선 이탈 0.64 m)
[velocity_path_follower.py-9] [INFO] [1786904172.120335122] [velocity_path_follower]: 195.0s  wp 425/5251 이탈0.7m  위치 ( -30.33,  -158.76,   7.85)
[velocity_path_follower.py-9] [INFO] [1786904172.320427718] [velocity_path_follower]: waypoint 425 / 5251 도달 (선 이탈 0.68 m)
[velocity_path_follower.py-9] [INFO] [1786904172.720568575] [velocity_path_follower]: waypoint 426 / 5251 도달 (선 이탈 0.70 m)
[velocity_path_follower.py-9] [INFO] [1786904173.120673175] [velocity_path_follower]: waypoint 427 / 5251 도달 (선 이탈 0.71 m)
[velocity_path_follower.py-9] [INFO] [1786904173.520677839] [velocity_path_follower]: waypoint 428 / 5251 도달 (선 이탈 0.70 m)
[velocity_path_follower.py-9] [INFO] [1786904173.920795050] [velocity_path_follower]: waypoint 429 / 5251 도달 (선 이탈 0.68 m)
[velocity_path_follower.py-9] [INFO] [1786904174.320494978] [velocity_path_follower]: waypoint 430 / 5251 도달 (선 이탈 0.64 m)
[velocity_path_follower.py-9] [INFO] [1786904174.670811618] [velocity_path_follower]: waypoint 431 / 5251 도달 (선 이탈 0.60 m)
[velocity_path_follower.py-9] [INFO] [1786904175.072444324] [velocity_path_follower]: waypoint 432 / 5251 도달 (선 이탈 0.55 m)
[velocity_path_follower.py-9] [INFO] [1786904175.472756378] [velocity_path_follower]: waypoint 433 / 5251 도달 (선 이탈 0.48 m)
[velocity_path_follower.py-9] [INFO] [1786904175.872717417] [velocity_path_follower]: waypoint 434 / 5251 도달 (선 이탈 0.41 m)
[velocity_path_follower.py-9] [INFO] [1786904176.222673930] [velocity_path_follower]: waypoint 435 / 5251 도달 (선 이탈 0.34 m)
[velocity_path_follower.py-9] [INFO] [1786904176.622879793] [velocity_path_follower]: waypoint 436 / 5251 도달 (선 이탈 0.27 m)
[velocity_path_follower.py-9] [INFO] [1786904176.972902552] [velocity_path_follower]: waypoint 437 / 5251 도달 (선 이탈 0.19 m)
[velocity_path_follower.py-9] [INFO] [1786904177.122373272] [velocity_path_follower]: 200.0s  wp 438/5251 이탈0.2m  위치 ( -23.90,  -158.27,   7.71)
[velocity_path_follower.py-9] [INFO] [1786904177.372842719] [velocity_path_follower]: waypoint 438 / 5251 도달 (선 이탈 0.12 m)
[velocity_path_follower.py-9] [INFO] [1786904177.773271404] [velocity_path_follower]: waypoint 439 / 5251 도달 (선 이탈 0.04 m)
[velocity_path_follower.py-9] [INFO] [1786904178.122945000] [velocity_path_follower]: waypoint 440 / 5251 도달 (선 이탈 0.02 m)
[velocity_path_follower.py-9] [INFO] [1786904178.522438961] [velocity_path_follower]: waypoint 441 / 5251 도달 (선 이탈 0.09 m)
[velocity_path_follower.py-9] [INFO] [1786904178.872652109] [velocity_path_follower]: waypoint 442 / 5251 도달 (선 이탈 0.15 m)
[velocity_path_follower.py-9] [INFO] [1786904179.222682239] [velocity_path_follower]: waypoint 443 / 5251 도달 (선 이탈 0.20 m)
[velocity_path_follower.py-9] [INFO] [1786904179.622743703] [velocity_path_follower]: waypoint 444 / 5251 도달 (선 이탈 0.25 m)
[velocity_path_follower.py-9] [INFO] [1786904179.974697237] [velocity_path_follower]: waypoint 445 / 5251 도달 (선 이탈 0.28 m)
[velocity_path_follower.py-9] [INFO] [1786904180.324491502] [velocity_path_follower]: waypoint 446 / 5251 도달 (선 이탈 0.31 m)
[velocity_path_follower.py-9] [INFO] [1786904180.678709901] [velocity_path_follower]: waypoint 447 / 5251 도달 (선 이탈 0.34 m)
[velocity_path_follower.py-9] [INFO] [1786904181.030769920] [velocity_path_follower]: waypoint 448 / 5251 도달 (선 이탈 0.35 m)
[velocity_path_follower.py-9] [INFO] [1786904181.430820802] [velocity_path_follower]: waypoint 449 / 5251 도달 (선 이탈 0.36 m)
[velocity_path_follower.py-9] [INFO] [1786904181.780741387] [velocity_path_follower]: waypoint 450 / 5251 도달 (선 이탈 0.36 m)
[velocity_path_follower.py-9] [INFO] [1786904182.133705170] [velocity_path_follower]: waypoint 451 / 5251 도달 (선 이탈 0.36 m)
[velocity_path_follower.py-9] [INFO] [1786904182.183468950] [velocity_path_follower]: 205.1s  wp 452/5251 이탈0.4m  위치 ( -17.01,  -157.74,   7.76)
[velocity_path_follower.py-9] [INFO] [1786904182.483616278] [velocity_path_follower]: waypoint 452 / 5251 도달 (선 이탈 0.35 m)
[velocity_path_follower.py-9] [INFO] [1786904182.833750437] [velocity_path_follower]: waypoint 453 / 5251 도달 (선 이탈 0.33 m)
[velocity_path_follower.py-9] [INFO] [1786904183.234111592] [velocity_path_follower]: waypoint 454 / 5251 도달 (선 이탈 0.31 m)
[velocity_path_follower.py-9] [INFO] [1786904183.585620955] [velocity_path_follower]: waypoint 455 / 5251 도달 (선 이탈 0.28 m)
[velocity_path_follower.py-9] [INFO] [1786904183.935498170] [velocity_path_follower]: waypoint 456 / 5251 도달 (선 이탈 0.25 m)
[velocity_path_follower.py-9] [INFO] [1786904184.285657674] [velocity_path_follower]: waypoint 457 / 5251 도달 (선 이탈 0.22 m)
[velocity_path_follower.py-9] [INFO] [1786904184.635454993] [velocity_path_follower]: waypoint 458 / 5251 도달 (선 이탈 0.19 m)
[velocity_path_follower.py-9] [INFO] [1786904185.035513273] [velocity_path_follower]: waypoint 459 / 5251 도달 (선 이탈 0.15 m)
[velocity_path_follower.py-9] [INFO] [1786904185.335503925] [velocity_path_follower]: waypoint 460 / 5251 도달 (선 이탈 0.12 m)
[velocity_path_follower.py-9] [INFO] [1786904185.738747772] [velocity_path_follower]: waypoint 461 / 5251 도달 (선 이탈 0.08 m)
[velocity_path_follower.py-9] [INFO] [1786904186.088977046] [velocity_path_follower]: waypoint 462 / 5251 도달 (선 이탈 0.04 m)
[velocity_path_follower.py-9] [INFO] [1786904186.440825079] [velocity_path_follower]: waypoint 463 / 5251 도달 (선 이탈 0.01 m)
[velocity_path_follower.py-9] [INFO] [1786904186.792457979] [velocity_path_follower]: waypoint 464 / 5251 도달 (선 이탈 0.03 m)
[velocity_path_follower.py-9] [INFO] [1786904187.142503600] [velocity_path_follower]: waypoint 465 / 5251 도달 (선 이탈 0.06 m)
[velocity_path_follower.py-9] [INFO] [1786904187.192656426] [velocity_path_follower]: 210.1s  wp 466/5251 이탈0.1m  위치 (  -9.97,  -158.16,   8.00)
[velocity_path_follower.py-9] [INFO] [1786904187.492444582] [velocity_path_follower]: waypoint 466 / 5251 도달 (선 이탈 0.09 m)
[velocity_path_follower.py-9] [INFO] [1786904187.842711786] [velocity_path_follower]: waypoint 467 / 5251 도달 (선 이탈 0.11 m)
[velocity_path_follower.py-9] [INFO] [1786904188.196496369] [velocity_path_follower]: waypoint 468 / 5251 도달 (선 이탈 0.13 m)
[velocity_path_follower.py-9] [INFO] [1786904188.549282155] [velocity_path_follower]: waypoint 469 / 5251 도달 (선 이탈 0.15 m)
[velocity_path_follower.py-9] [INFO] [1786904188.899338125] [velocity_path_follower]: waypoint 470 / 5251 도달 (선 이탈 0.17 m)
[velocity_path_follower.py-9] [INFO] [1786904189.250266242] [velocity_path_follower]: waypoint 471 / 5251 도달 (선 이탈 0.18 m)
[velocity_path_follower.py-9] [INFO] [1786904189.599352072] [velocity_path_follower]: waypoint 472 / 5251 도달 (선 이탈 0.18 m)
[velocity_path_follower.py-9] [INFO] [1786904189.949271853] [velocity_path_follower]: waypoint 473 / 5251 도달 (선 이탈 0.19 m)
[velocity_path_follower.py-9] [INFO] [1786904190.301773221] [velocity_path_follower]: waypoint 474 / 5251 도달 (선 이탈 0.19 m)
[velocity_path_follower.py-9] [INFO] [1786904190.651635648] [velocity_path_follower]: waypoint 475 / 5251 도달 (선 이탈 0.19 m)
[velocity_path_follower.py-9] [INFO] [1786904191.001924926] [velocity_path_follower]: waypoint 476 / 5251 도달 (선 이탈 0.18 m)
[velocity_path_follower.py-9] [INFO] [1786904191.351919217] [velocity_path_follower]: waypoint 477 / 5251 도달 (선 이탈 0.17 m)
[velocity_path_follower.py-9] [INFO] [1786904191.704159389] [velocity_path_follower]: waypoint 478 / 5251 도달 (선 이탈 0.16 m)
[velocity_path_follower.py-9] [INFO] [1786904192.053817539] [velocity_path_follower]: waypoint 479 / 5251 도달 (선 이탈 0.15 m)
[velocity_path_follower.py-9] [INFO] [1786904192.153745442] [velocity_path_follower]: 215.0s  wp 480/5251 이탈0.1m  위치 (  -2.93,  -158.24,   8.22)
[velocity_path_follower.py-9] [INFO] [1786904192.404033446] [velocity_path_follower]: waypoint 480 / 5251 도달 (선 이탈 0.13 m)
[velocity_path_follower.py-9] [INFO] [1786904192.761684564] [velocity_path_follower]: waypoint 481 / 5251 도달 (선 이탈 0.12 m)
[velocity_path_follower.py-9] [INFO] [1786904193.111773295] [velocity_path_follower]: waypoint 482 / 5251 도달 (선 이탈 0.10 m)
[velocity_path_follower.py-9] [INFO] [1786904193.465095350] [velocity_path_follower]: waypoint 483 / 5251 도달 (선 이탈 0.08 m)
[velocity_path_follower.py-9] [INFO] [1786904193.815239738] [velocity_path_follower]: waypoint 484 / 5251 도달 (선 이탈 0.06 m)
[velocity_path_follower.py-9] [INFO] [1786904194.167676208] [velocity_path_follower]: waypoint 485 / 5251 도달 (선 이탈 0.04 m)
[velocity_path_follower.py-9] [INFO] [1786904194.523201041] [velocity_path_follower]: waypoint 486 / 5251 도달 (선 이탈 0.02 m)
[velocity_path_follower.py-9] [INFO] [1786904194.883862868] [velocity_path_follower]: waypoint 487 / 5251 도달 (선 이탈 0.00 m)
[velocity_path_follower.py-9] [INFO] [1786904195.233137777] [velocity_path_follower]: waypoint 488 / 5251 도달 (선 이탈 0.01 m)
[velocity_path_follower.py-9] [INFO] [1786904195.587505797] [velocity_path_follower]: waypoint 489 / 5251 도달 (선 이탈 0.03 m)
[velocity_path_follower.py-9] [INFO] [1786904195.937722071] [velocity_path_follower]: waypoint 490 / 5251 도달 (선 이탈 0.04 m)
[velocity_path_follower.py-9] [INFO] [1786904196.290827902] [velocity_path_follower]: waypoint 491 / 5251 도달 (선 이탈 0.06 m)
[velocity_path_follower.py-9] [INFO] [1786904196.642720767] [velocity_path_follower]: waypoint 492 / 5251 도달 (선 이탈 0.07 m)
[velocity_path_follower.py-9] [INFO] [1786904196.992752308] [velocity_path_follower]: waypoint 493 / 5251 도달 (선 이탈 0.08 m)
[velocity_path_follower.py-9] [INFO] [1786904197.192664985] [velocity_path_follower]: 220.0s  wp 494/5251 이탈0.1m  위치 (   4.24,  -158.02,   8.38)
[velocity_path_follower.py-9] [INFO] [1786904197.342832418] [velocity_path_follower]: waypoint 494 / 5251 도달 (선 이탈 0.09 m)
[velocity_path_follower.py-9] [INFO] [1786904197.697675548] [velocity_path_follower]: waypoint 495 / 5251 도달 (선 이탈 0.09 m)
[velocity_path_follower.py-9] [INFO] [1786904198.050683478] [velocity_path_follower]: waypoint 496 / 5251 도달 (선 이탈 0.10 m)
[velocity_path_follower.py-9] [INFO] [1786904198.350914118] [velocity_path_follower]: waypoint 497 / 5251 도달 (선 이탈 0.10 m)
[velocity_path_follower.py-9] [INFO] [1786904198.755917280] [velocity_path_follower]: waypoint 498 / 5251 도달 (선 이탈 0.10 m)
[velocity_path_follower.py-9] [INFO] [1786904199.108315792] [velocity_path_follower]: waypoint 499 / 5251 도달 (선 이탈 0.10 m)
[velocity_path_follower.py-9] [INFO] [1786904199.457995310] [velocity_path_follower]: waypoint 500 / 5251 도달 (선 이탈 0.10 m)
[velocity_path_follower.py-9] [INFO] [1786904199.757857921] [velocity_path_follower]: waypoint 501 / 5251 도달 (선 이탈 0.09 m)
[velocity_path_follower.py-9] [INFO] [1786904200.109750063] [velocity_path_follower]: waypoint 502 / 5251 도달 (선 이탈 0.09 m)
[velocity_path_follower.py-9] [INFO] [1786904200.511771569] [velocity_path_follower]: waypoint 503 / 5251 도달 (선 이탈 0.08 m)
[velocity_path_follower.py-9] [INFO] [1786904200.811943886] [velocity_path_follower]: waypoint 504 / 5251 도달 (선 이탈 0.07 m)
[velocity_path_follower.py-9] [INFO] [1786904201.161844139] [velocity_path_follower]: waypoint 505 / 5251 도달 (선 이탈 0.06 m)
[velocity_path_follower.py-9] [INFO] [1786904201.517722200] [velocity_path_follower]: waypoint 506 / 5251 도달 (선 이탈 0.05 m)
[velocity_path_follower.py-9] [INFO] [1786904201.867646279] [velocity_path_follower]: waypoint 507 / 5251 도달 (선 이탈 0.04 m)
[velocity_path_follower.py-9] [INFO] [1786904202.220745429] [velocity_path_follower]: waypoint 508 / 5251 도달 (선 이탈 0.03 m)
[velocity_path_follower.py-9] [INFO] [1786904202.270446367] [velocity_path_follower]: 225.1s  wp 509/5251 이탈0.0m  위치 (  11.51,  -158.07,  10.56)
[velocity_path_follower.py-9] [INFO] [1786904202.570779411] [velocity_path_follower]: waypoint 509 / 5251 도달 (선 이탈 0.02 m)
[velocity_path_follower.py-9] [INFO] [1786904202.924389200] [velocity_path_follower]: waypoint 510 / 5251 도달 (선 이탈 0.01 m)
[velocity_path_follower.py-9] [INFO] [1786904203.274658596] [velocity_path_follower]: waypoint 511 / 5251 도달 (선 이탈 0.00 m)
[velocity_path_follower.py-9] [INFO] [1786904203.626800310] [velocity_path_follower]: waypoint 512 / 5251 도달 (선 이탈 0.01 m)
[velocity_path_follower.py-9] [INFO] [1786904203.978792811] [velocity_path_follower]: waypoint 513 / 5251 도달 (선 이탈 0.01 m)
[velocity_path_follower.py-9] [INFO] [1786904204.328744633] [velocity_path_follower]: waypoint 514 / 5251 도달 (선 이탈 0.02 m)
[velocity_path_follower.py-9] [INFO] [1786904204.678870920] [velocity_path_follower]: waypoint 515 / 5251 도달 (선 이탈 0.03 m)
[velocity_path_follower.py-9] [INFO] [1786904204.981930208] [velocity_path_follower]: waypoint 516 / 5251 도달 (선 이탈 0.04 m)
[velocity_path_follower.py-9] [INFO] [1786904205.381686407] [velocity_path_follower]: waypoint 517 / 5251 도달 (선 이탈 0.04 m)
[velocity_path_follower.py-9] [INFO] [1786904205.733517743] [velocity_path_follower]: waypoint 518 / 5251 도달 (선 이탈 0.05 m)
[velocity_path_follower.py-9] [INFO] [1786904206.036949822] [velocity_path_follower]: waypoint 519 / 5251 도달 (선 이탈 0.05 m)
[velocity_path_follower.py-9] [INFO] [1786904206.436911426] [velocity_path_follower]: waypoint 520 / 5251 도달 (선 이탈 0.05 m)
[velocity_path_follower.py-9] [INFO] [1786904206.737106575] [velocity_path_follower]: waypoint 521 / 5251 도달 (선 이탈 0.05 m)
[velocity_path_follower.py-9] [INFO] [1786904207.087095819] [velocity_path_follower]: waypoint 522 / 5251 도달 (선 이탈 0.05 m)
[velocity_path_follower.py-9] [INFO] [1786904207.236809539] [velocity_path_follower]: 230.0s  wp 523/5251 이탈0.1m  위치 (  18.63,  -158.15,  12.77)
[velocity_path_follower.py-9] [INFO] [1786904207.437009173] [velocity_path_follower]: waypoint 523 / 5251 도달 (선 이탈 0.05 m)
[velocity_path_follower.py-9] [INFO] [1786904207.786985154] [velocity_path_follower]: waypoint 524 / 5251 도달 (선 이탈 0.05 m)
[velocity_path_follower.py-9] [INFO] [1786904208.137349977] [velocity_path_follower]: waypoint 525 / 5251 도달 (선 이탈 0.05 m)
[velocity_path_follower.py-9] [INFO] [1786904208.487181686] [velocity_path_follower]: waypoint 526 / 5251 도달 (선 이탈 0.05 m)
[velocity_path_follower.py-9] [INFO] [1786904208.839697332] [velocity_path_follower]: waypoint 527 / 5251 도달 (선 이탈 0.04 m)
[velocity_path_follower.py-9] [INFO] [1786904209.191704575] [velocity_path_follower]: waypoint 528 / 5251 도달 (선 이탈 0.04 m)
[velocity_path_follower.py-9] [INFO] [1786904209.546653965] [velocity_path_follower]: waypoint 529 / 5251 도달 (선 이탈 0.03 m)
[velocity_path_follower.py-9] [INFO] [1786904209.899460773] [velocity_path_follower]: waypoint 530 / 5251 도달 (선 이탈 0.03 m)
[velocity_path_follower.py-9] [INFO] [1786904210.203831615] [velocity_path_follower]: waypoint 531 / 5251 도달 (선 이탈 0.02 m)
[velocity_path_follower.py-9] [INFO] [1786904210.606032522] [velocity_path_follower]: waypoint 532 / 5251 도달 (선 이탈 0.02 m)
[velocity_path_follower.py-9] [INFO] [1786904210.960669383] [velocity_path_follower]: waypoint 533 / 5251 도달 (선 이탈 0.01 m)
[velocity_path_follower.py-9] [INFO] [1786904211.310434084] [velocity_path_follower]: waypoint 534 / 5251 도달 (선 이탈 0.01 m)
[velocity_path_follower.py-9] [INFO] [1786904211.665431735] [velocity_path_follower]: waypoint 535 / 5251 도달 (선 이탈 0.00 m)
[velocity_path_follower.py-9] [INFO] [1786904211.965281925] [velocity_path_follower]: waypoint 536 / 5251 도달 (선 이탈 0.00 m)
[velocity_path_follower.py-9] [INFO] [1786904212.270381722] [velocity_path_follower]: 235.0s  wp 537/5251 이탈0.0m  위치 (  25.84,  -158.09,  11.28)
[velocity_path_follower.py-9] [INFO] [1786904212.320714411] [velocity_path_follower]: waypoint 537 / 5251 도달 (선 이탈 0.01 m)
[velocity_path_follower.py-9] [INFO] [1786904212.672800850] [velocity_path_follower]: waypoint 538 / 5251 도달 (선 이탈 0.01 m)
[velocity_path_follower.py-9] [INFO] [1786904213.020826006] [velocity_path_follower]: waypoint 539 / 5251 도달 (선 이탈 0.01 m)
[velocity_path_follower.py-9] [INFO] [1786904213.372749589] [velocity_path_follower]: waypoint 540 / 5251 도달 (선 이탈 0.02 m)
[velocity_path_follower.py-9] [INFO] [1786904213.726011848] [velocity_path_follower]: waypoint 541 / 5251 도달 (선 이탈 0.02 m)
[velocity_path_follower.py-9] [INFO] [1786904214.081713906] [velocity_path_follower]: waypoint 542 / 5251 도달 (선 이탈 0.02 m)
[velocity_path_follower.py-9] [INFO] [1786904214.431631020] [velocity_path_follower]: waypoint 543 / 5251 도달 (선 이탈 0.03 m)
[velocity_path_follower.py-9] [INFO] [1786904214.786956384] [velocity_path_follower]: waypoint 544 / 5251 도달 (선 이탈 0.03 m)
[velocity_path_follower.py-9] [INFO] [1786904215.136984330] [velocity_path_follower]: waypoint 545 / 5251 도달 (선 이탈 0.03 m)
[velocity_path_follower.py-9] [INFO] [1786904215.487098727] [velocity_path_follower]: waypoint 546 / 5251 도달 (선 이탈 0.03 m)
[velocity_path_follower.py-9] [INFO] [1786904215.837091953] [velocity_path_follower]: waypoint 547 / 5251 도달 (선 이탈 0.03 m)
[velocity_path_follower.py-9] [INFO] [1786904216.137230968] [velocity_path_follower]: waypoint 548 / 5251 도달 (선 이탈 0.03 m)
[velocity_path_follower.py-9] [INFO] [1786904216.537020003] [velocity_path_follower]: waypoint 549 / 5251 도달 (선 이탈 0.03 m)
[velocity_path_follower.py-9] [INFO] [1786904216.889718692] [velocity_path_follower]: waypoint 550 / 5251 도달 (선 이탈 0.03 m)
[velocity_path_follower.py-9] [INFO] [1786904217.191467127] [velocity_path_follower]: waypoint 551 / 5251 도달 (선 이탈 0.02 m)
[velocity_path_follower.py-9] [INFO] [1786904217.291499499] [velocity_path_follower]: 240.0s  wp 552/5251 이탈0.0m  위치 (  33.05,  -158.08,  10.80)
[velocity_path_follower.py-9] [INFO] [1786904217.541848293] [velocity_path_follower]: waypoint 552 / 5251 도달 (선 이탈 0.02 m)
[velocity_path_follower.py-9] [INFO] [1786904217.891622854] [velocity_path_follower]: waypoint 553 / 5251 도달 (선 이탈 0.02 m)
[velocity_path_follower.py-9] [INFO] [1786904218.244307098] [velocity_path_follower]: waypoint 554 / 5251 도달 (선 이탈 0.02 m)
[velocity_path_follower.py-9] [INFO] [1786904218.598487060] [velocity_path_follower]: waypoint 555 / 5251 도달 (선 이탈 0.01 m)
[velocity_path_follower.py-9] [INFO] [1786904218.948505739] [velocity_path_follower]: waypoint 556 / 5251 도달 (선 이탈 0.01 m)
[velocity_path_follower.py-9] [INFO] [1786904219.298752329] [velocity_path_follower]: waypoint 557 / 5251 도달 (선 이탈 0.01 m)
[velocity_path_follower.py-9] [INFO] [1786904219.648859161] [velocity_path_follower]: waypoint 558 / 5251 도달 (선 이탈 0.01 m)
[velocity_path_follower.py-9] [INFO] [1786904219.998626356] [velocity_path_follower]: waypoint 559 / 5251 도달 (선 이탈 0.00 m)
[velocity_path_follower.py-9] [INFO] [1786904220.348639419] [velocity_path_follower]: waypoint 560 / 5251 도달 (선 이탈 0.00 m)
[velocity_path_follower.py-9] [INFO] [1786904220.698502476] [velocity_path_follower]: waypoint 561 / 5251 도달 (선 이탈 0.00 m)
[velocity_path_follower.py-9] [INFO] [1786904221.049028598] [velocity_path_follower]: waypoint 562 / 5251 도달 (선 이탈 0.00 m)
[velocity_path_follower.py-9] [INFO] [1786904221.398484415] [velocity_path_follower]: waypoint 563 / 5251 도달 (선 이탈 0.01 m)
[velocity_path_follower.py-9] [INFO] [1786904221.748683302] [velocity_path_follower]: waypoint 564 / 5251 도달 (선 이탈 0.01 m)
[velocity_path_follower.py-9] [INFO] [1786904222.048902491] [velocity_path_follower]: waypoint 565 / 5251 도달 (선 이탈 0.01 m)
[velocity_path_follower.py-9] [INFO] [1786904222.300642281] [velocity_path_follower]: 245.0s  wp 566/5251 이탈0.0m  위치 (  40.26,  -158.11,  10.25)
[velocity_path_follower.py-9] [INFO] [1786904222.400702381] [velocity_path_follower]: waypoint 566 / 5251 도달 (선 이탈 0.01 m)
[velocity_path_follower.py-9] [INFO] [1786904222.750918878] [velocity_path_follower]: waypoint 567 / 5251 도달 (선 이탈 0.01 m)
[velocity_path_follower.py-9] [INFO] [1786904223.103930477] [velocity_path_follower]: waypoint 568 / 5251 도달 (선 이탈 0.01 m)
[velocity_path_follower.py-9] [INFO] [1786904223.453644813] [velocity_path_follower]: waypoint 569 / 5251 도달 (선 이탈 0.01 m)
[velocity_path_follower.py-9] [INFO] [1786904223.806379890] [velocity_path_follower]: waypoint 570 / 5251 도달 (선 이탈 0.01 m)
[velocity_path_follower.py-9] [INFO] [1786904224.156255476] [velocity_path_follower]: waypoint 571 / 5251 도달 (선 이탈 0.01 m)
[velocity_path_follower.py-9] [INFO] [1786904224.506203556] [velocity_path_follower]: waypoint 572 / 5251 도달 (선 이탈 0.01 m)
[velocity_path_follower.py-9] [INFO] [1786904224.858485932] [velocity_path_follower]: waypoint 573 / 5251 도달 (선 이탈 0.01 m)
[velocity_path_follower.py-9] [INFO] [1786904225.208659594] [velocity_path_follower]: waypoint 574 / 5251 도달 (선 이탈 0.01 m)
[velocity_path_follower.py-9] [INFO] [1786904225.558457653] [velocity_path_follower]: waypoint 575 / 5251 도달 (선 이탈 0.01 m)
[velocity_path_follower.py-9] [INFO] [1786904225.908759688] [velocity_path_follower]: waypoint 576 / 5251 도달 (선 이탈 0.01 m)
[velocity_path_follower.py-9] [INFO] [1786904226.258645613] [velocity_path_follower]: waypoint 577 / 5251 도달 (선 이탈 0.01 m)
[velocity_path_follower.py-9] [INFO] [1786904226.611975497] [velocity_path_follower]: waypoint 578 / 5251 도달 (선 이탈 0.01 m)
[velocity_path_follower.py-9] [INFO] [1786904226.971639080] [velocity_path_follower]: waypoint 579 / 5251 도달 (선 이탈 0.01 m)
[velocity_path_follower.py-9] [INFO] [1786904227.321409648] [velocity_path_follower]: waypoint 580 / 5251 도달 (선 이탈 0.00 m)
[velocity_path_follower.py-9] [INFO] [1786904227.370838643] [velocity_path_follower]: 250.1s  wp 581/5251 이탈0.0m  위치 (  47.53,  -158.10,  10.79)
[velocity_path_follower.py-9] [INFO] [1786904227.621010484] [velocity_path_follower]: waypoint 581 / 5251 도달 (선 이탈 0.00 m)
[velocity_path_follower.py-9] [INFO] [1786904227.971119064] [velocity_path_follower]: waypoint 582 / 5251 도달 (선 이탈 0.00 m)
[velocity_path_follower.py-9] [INFO] [1786904228.321145376] [velocity_path_follower]: waypoint 583 / 5251 도달 (선 이탈 0.00 m)
[velocity_path_follower.py-9] [INFO] [1786904228.671186229] [velocity_path_follower]: waypoint 584 / 5251 도달 (선 이탈 0.00 m)
[velocity_path_follower.py-9] [INFO] [1786904229.021238998] [velocity_path_follower]: waypoint 585 / 5251 도달 (선 이탈 0.00 m)
[velocity_path_follower.py-9] [INFO] [1786904229.371031076] [velocity_path_follower]: waypoint 586 / 5251 도달 (선 이탈 0.00 m)
[velocity_path_follower.py-9] [INFO] [1786904229.720988452] [velocity_path_follower]: waypoint 587 / 5251 도달 (선 이탈 0.00 m)
[velocity_path_follower.py-9] [INFO] [1786904230.071277962] [velocity_path_follower]: waypoint 588 / 5251 도달 (선 이탈 0.01 m)
[velocity_path_follower.py-9] [INFO] [1786904230.420917977] [velocity_path_follower]: waypoint 589 / 5251 도달 (선 이탈 0.01 m)
[velocity_path_follower.py-9] [INFO] [1786904230.771026259] [velocity_path_follower]: waypoint 590 / 5251 도달 (선 이탈 0.01 m)
[velocity_path_follower.py-9] [INFO] [1786904231.122343290] [velocity_path_follower]: waypoint 591 / 5251 도달 (선 이탈 0.01 m)
[velocity_path_follower.py-9] [INFO] [1786904231.471045212] [velocity_path_follower]: waypoint 592 / 5251 도달 (선 이탈 0.01 m)
[velocity_path_follower.py-9] [INFO] [1786904231.820948388] [velocity_path_follower]: waypoint 593 / 5251 도달 (선 이탈 0.01 m)
[velocity_path_follower.py-9] [INFO] [1786904232.121354570] [velocity_path_follower]: waypoint 594 / 5251 도달 (선 이탈 0.01 m)
[velocity_path_follower.py-9] [INFO] [1786904232.321175918] [velocity_path_follower]: 255.0s  wp 595/5251 이탈0.0m  위치 (  54.69,  -158.09,  13.79)
[velocity_path_follower.py-9] [INFO] [1786904232.520877429] [velocity_path_follower]: waypoint 595 / 5251 도달 (선 이탈 0.01 m)
[velocity_path_follower.py-9] [INFO] [1786904232.821076761] [velocity_path_follower]: waypoint 596 / 5251 도달 (선 이탈 0.01 m)
[velocity_path_follower.py-9] [INFO] [1786904233.171108002] [velocity_path_follower]: waypoint 597 / 5251 도달 (선 이탈 0.01 m)
[velocity_path_follower.py-9] [INFO] [1786904233.520883475] [velocity_path_follower]: waypoint 598 / 5251 도달 (선 이탈 0.01 m)
[velocity_path_follower.py-9] [INFO] [1786904233.871138466] [velocity_path_follower]: waypoint 599 / 5251 도달 (선 이탈 0.01 m)
[velocity_path_follower.py-9] [INFO] [1786904234.220992640] [velocity_path_follower]: waypoint 600 / 5251 도달 (선 이탈 0.01 m)
[velocity_path_follower.py-9] [INFO] [1786904234.571354952] [velocity_path_follower]: waypoint 601 / 5251 도달 (선 이탈 0.01 m)
[velocity_path_follower.py-9] [INFO] [1786904234.920976154] [velocity_path_follower]: waypoint 602 / 5251 도달 (선 이탈 0.01 m)
[velocity_path_follower.py-9] [INFO] [1786904235.271118488] [velocity_path_follower]: waypoint 603 / 5251 도달 (선 이탈 0.00 m)
[velocity_path_follower.py-9] [INFO] [1786904235.621180107] [velocity_path_follower]: waypoint 604 / 5251 도달 (선 이탈 0.00 m)
[velocity_path_follower.py-9] [INFO] [1786904235.970856670] [velocity_path_follower]: waypoint 605 / 5251 도달 (선 이탈 0.00 m)
[velocity_path_follower.py-9] [INFO] [1786904237.320965486] [velocity_path_follower]: 260.0s  wp 606/5251 이탈0.4m  위치 (  61.82,  -157.92,  12.29)
[velocity_path_follower.py-9] [INFO] [1786904241.121450498] [velocity_path_follower]: waypoint 606 / 5251 도달 (선 이탈 2.99 m)
[velocity_path_follower.py-9] [INFO] [1786904242.320963160] [velocity_path_follower]: 265.0s  wp 608/5251 이탈0.5m  위치 (  64.38,  -154.63,   8.09)
[velocity_path_follower.py-9] [INFO] [1786904245.971064147] [velocity_path_follower]: waypoint 608 / 5251 도달 (선 이탈 1.36 m)
[velocity_path_follower.py-9] [INFO] [1786904246.620988940] [velocity_path_follower]: waypoint 609 / 5251 도달 (선 이탈 1.44 m)
[velocity_path_follower.py-9] [INFO] [1786904247.220984834] [velocity_path_follower]: waypoint 610 / 5251 도달 (선 이탈 1.44 m)
[velocity_path_follower.py-9] [INFO] [1786904247.320871108] [velocity_path_follower]: 270.0s  wp 611/5251 이탈1.4m  위치 (  61.28,  -152.66,   9.10)
[velocity_path_follower.py-9] [INFO] [1786904247.770989489] [velocity_path_follower]: waypoint 611 / 5251 도달 (선 이탈 1.40 m)
[velocity_path_follower.py-9] [INFO] [1786904248.321063133] [velocity_path_follower]: waypoint 612 / 5251 도달 (선 이탈 1.30 m)
[velocity_path_follower.py-9] [INFO] [1786904248.871071056] [velocity_path_follower]: waypoint 613 / 5251 도달 (선 이탈 1.18 m)
[velocity_path_follower.py-9] [INFO] [1786904249.420903079] [velocity_path_follower]: waypoint 614 / 5251 도달 (선 이탈 1.02 m)
[velocity_path_follower.py-9] [INFO] [1786904249.921151561] [velocity_path_follower]: waypoint 615 / 5251 도달 (선 이탈 0.85 m)
[velocity_path_follower.py-9] [INFO] [1786904250.421212725] [velocity_path_follower]: waypoint 616 / 5251 도달 (선 이탈 0.67 m)
[velocity_path_follower.py-9] [INFO] [1786904250.871067247] [velocity_path_follower]: waypoint 617 / 5251 도달 (선 이탈 0.51 m)
[velocity_path_follower.py-9] [INFO] [1786904251.370928093] [velocity_path_follower]: waypoint 618 / 5251 도달 (선 이탈 0.32 m)
[velocity_path_follower.py-9] [INFO] [1786904251.821084147] [velocity_path_follower]: waypoint 619 / 5251 도달 (선 이탈 0.15 m)
[velocity_path_follower.py-9] [INFO] [1786904252.270970597] [velocity_path_follower]: waypoint 620 / 5251 도달 (선 이탈 0.01 m)
[velocity_path_follower.py-9] [INFO] [1786904252.320969475] [velocity_path_follower]: 275.0s  wp 621/5251 이탈0.0m  위치 (  56.29,  -154.13,  10.66)
[velocity_path_follower.py-9] [INFO] [1786904252.671084044] [velocity_path_follower]: waypoint 621 / 5251 도달 (선 이탈 0.15 m)
[velocity_path_follower.py-9] [INFO] [1786904253.121003648] [velocity_path_follower]: waypoint 622 / 5251 도달 (선 이탈 0.28 m)
[velocity_path_follower.py-9] [INFO] [1786904253.520930446] [velocity_path_follower]: waypoint 623 / 5251 도달 (선 이탈 0.39 m)
[velocity_path_follower.py-9] [INFO] [1786904253.970995000] [velocity_path_follower]: waypoint 624 / 5251 도달 (선 이탈 0.49 m)
[velocity_path_follower.py-9] [INFO] [1786904254.370969867] [velocity_path_follower]: waypoint 625 / 5251 도달 (선 이탈 0.56 m)
[velocity_path_follower.py-9] [INFO] [1786904254.770961109] [velocity_path_follower]: waypoint 626 / 5251 도달 (선 이탈 0.62 m)
[velocity_path_follower.py-9] [INFO] [1786904255.171086264] [velocity_path_follower]: waypoint 627 / 5251 도달 (선 이탈 0.66 m)
[velocity_path_follower.py-9] [INFO] [1786904255.570989068] [velocity_path_follower]: waypoint 628 / 5251 도달 (선 이탈 0.68 m)
[velocity_path_follower.py-9] [INFO] [1786904255.970956792] [velocity_path_follower]: waypoint 629 / 5251 도달 (선 이탈 0.69 m)
[velocity_path_follower.py-9] [INFO] [1786904256.370939833] [velocity_path_follower]: waypoint 630 / 5251 도달 (선 이탈 0.68 m)
[velocity_path_follower.py-9] [INFO] [1786904256.721387979] [velocity_path_follower]: waypoint 631 / 5251 도달 (선 이탈 0.66 m)
[velocity_path_follower.py-9] [INFO] [1786904257.120906789] [velocity_path_follower]: waypoint 632 / 5251 도달 (선 이탈 0.63 m)
[velocity_path_follower.py-9] [INFO] [1786904257.321041889] [velocity_path_follower]: 280.0s  wp 633/5251 이탈0.6m  위치 (  50.12,  -154.71,  12.64)
[velocity_path_follower.py-9] [INFO] [1786904257.520997274] [velocity_path_follower]: waypoint 633 / 5251 도달 (선 이탈 0.59 m)
[velocity_path_follower.py-9] [INFO] [1786904257.921300975] [velocity_path_follower]: waypoint 634 / 5251 도달 (선 이탈 0.53 m)
[velocity_path_follower.py-9] [INFO] [1786904258.271084320] [velocity_path_follower]: waypoint 635 / 5251 도달 (선 이탈 0.48 m)
[velocity_path_follower.py-9] [INFO] [1786904258.673456289] [velocity_path_follower]: waypoint 636 / 5251 도달 (선 이탈 0.41 m)
[velocity_path_follower.py-9] [INFO] [1786904259.073469084] [velocity_path_follower]: waypoint 637 / 5251 도달 (선 이탈 0.33 m)
[velocity_path_follower.py-9] [INFO] [1786904259.423475794] [velocity_path_follower]: waypoint 638 / 5251 도달 (선 이탈 0.27 m)
[velocity_path_follower.py-9] [INFO] [1786904259.823459158] [velocity_path_follower]: waypoint 639 / 5251 도달 (선 이탈 0.19 m)
[velocity_path_follower.py-9] [INFO] [1786904260.173333523] [velocity_path_follower]: waypoint 640 / 5251 도달 (선 이탈 0.13 m)
[velocity_path_follower.py-9] [INFO] [1786904260.573323162] [velocity_path_follower]: waypoint 641 / 5251 도달 (선 이탈 0.05 m)
[velocity_path_follower.py-9] [INFO] [1786904260.923686203] [velocity_path_follower]: waypoint 642 / 5251 도달 (선 이탈 0.01 m)
[velocity_path_follower.py-9] [INFO] [1786904261.323363692] [velocity_path_follower]: waypoint 643 / 5251 도달 (선 이탈 0.08 m)
[velocity_path_follower.py-9] [INFO] [1786904261.673426332] [velocity_path_follower]: waypoint 644 / 5251 도달 (선 이탈 0.13 m)
[velocity_path_follower.py-9] [INFO] [1786904262.023394719] [velocity_path_follower]: waypoint 645 / 5251 도달 (선 이탈 0.18 m)
[velocity_path_follower.py-9] [INFO] [1786904262.323323816] [velocity_path_follower]: 285.0s  wp 646/5251 이탈0.2m  위치 (  43.47,  -153.88,  11.80)
[velocity_path_follower.py-9] [INFO] [1786904262.423476619] [velocity_path_follower]: waypoint 646 / 5251 도달 (선 이탈 0.23 m)
[velocity_path_follower.py-9] [INFO] [1786904262.773506743] [velocity_path_follower]: waypoint 647 / 5251 도달 (선 이탈 0.27 m)
[velocity_path_follower.py-9] [INFO] [1786904263.125780611] [velocity_path_follower]: waypoint 648 / 5251 도달 (선 이탈 0.30 m)
[velocity_path_follower.py-9] [INFO] [1786904263.475965726] [velocity_path_follower]: waypoint 649 / 5251 도달 (선 이탈 0.33 m)
[velocity_path_follower.py-9] [INFO] [1786904263.875828226] [velocity_path_follower]: waypoint 650 / 5251 도달 (선 이탈 0.35 m)
[velocity_path_follower.py-9] [INFO] [1786904264.228486547] [velocity_path_follower]: waypoint 651 / 5251 도달 (선 이탈 0.36 m)
[velocity_path_follower.py-9] [INFO] [1786904264.578794402] [velocity_path_follower]: waypoint 652 / 5251 도달 (선 이탈 0.36 m)
[velocity_path_follower.py-9] [INFO] [1786904264.928671950] [velocity_path_follower]: waypoint 653 / 5251 도달 (선 이탈 0.36 m)
[velocity_path_follower.py-9] [INFO] [1786904265.330873338] [velocity_path_follower]: waypoint 654 / 5251 도달 (선 이탈 0.35 m)
[velocity_path_follower.py-9] [INFO] [1786904265.680445860] [velocity_path_follower]: waypoint 655 / 5251 도달 (선 이탈 0.33 m)
[velocity_path_follower.py-9] [INFO] [1786904266.030514024] [velocity_path_follower]: waypoint 656 / 5251 도달 (선 이탈 0.31 m)
[velocity_path_follower.py-9] [INFO] [1786904266.380733680] [velocity_path_follower]: waypoint 657 / 5251 도달 (선 이탈 0.29 m)
[velocity_path_follower.py-9] [INFO] [1786904266.730642116] [velocity_path_follower]: waypoint 658 / 5251 도달 (선 이탈 0.26 m)
[velocity_path_follower.py-9] [INFO] [1786904267.080971314] [velocity_path_follower]: waypoint 659 / 5251 도달 (선 이탈 0.23 m)
[velocity_path_follower.py-9] [INFO] [1786904267.332872573] [velocity_path_follower]: 290.0s  wp 660/5251 이탈0.2m  위치 (  36.54,  -153.90,   8.04)
[velocity_path_follower.py-9] [INFO] [1786904267.432871141] [velocity_path_follower]: waypoint 660 / 5251 도달 (선 이탈 0.19 m)
[velocity_path_follower.py-9] [INFO] [1786904267.832763242] [velocity_path_follower]: waypoint 661 / 5251 도달 (선 이탈 0.15 m)
[velocity_path_follower.py-9] [INFO] [1786904268.188132853] [velocity_path_follower]: waypoint 662 / 5251 도달 (선 이탈 0.12 m)
[velocity_path_follower.py-9] [INFO] [1786904268.537885629] [velocity_path_follower]: waypoint 663 / 5251 도달 (선 이탈 0.08 m)
[velocity_path_follower.py-9] [INFO] [1786904268.893236941] [velocity_path_follower]: waypoint 664 / 5251 도달 (선 이탈 0.04 m)
[velocity_path_follower.py-9] [INFO] [1786904269.243024917] [velocity_path_follower]: waypoint 665 / 5251 도달 (선 이탈 0.01 m)
[velocity_path_follower.py-9] [INFO] [1786904269.592980519] [velocity_path_follower]: waypoint 666 / 5251 도달 (선 이탈 0.03 m)
[velocity_path_follower.py-9] [INFO] [1786904269.945617468] [velocity_path_follower]: waypoint 667 / 5251 도달 (선 이탈 0.06 m)
[velocity_path_follower.py-9] [INFO] [1786904270.297673717] [velocity_path_follower]: waypoint 668 / 5251 도달 (선 이탈 0.08 m)
[velocity_path_follower.py-9] [INFO] [1786904270.647821312] [velocity_path_follower]: waypoint 669 / 5251 도달 (선 이탈 0.11 m)
[velocity_path_follower.py-9] [INFO] [1786904270.997802193] [velocity_path_follower]: waypoint 670 / 5251 도달 (선 이탈 0.13 m)
[velocity_path_follower.py-9] [INFO] [1786904271.349776547] [velocity_path_follower]: waypoint 671 / 5251 도달 (선 이탈 0.15 m)
[velocity_path_follower.py-9] [INFO] [1786904271.699872709] [velocity_path_follower]: waypoint 672 / 5251 도달 (선 이탈 0.17 m)
[velocity_path_follower.py-9] [INFO] [1786904272.049882282] [velocity_path_follower]: waypoint 673 / 5251 도달 (선 이탈 0.18 m)
[velocity_path_follower.py-9] [INFO] [1786904272.349846964] [velocity_path_follower]: 295.0s  wp 674/5251 이탈0.2m  위치 (  29.46,  -154.28,  11.65)
[velocity_path_follower.py-9] [INFO] [1786904272.399731670] [velocity_path_follower]: waypoint 674 / 5251 도달 (선 이탈 0.19 m)
[velocity_path_follower.py-9] [INFO] [1786904272.749681896] [velocity_path_follower]: waypoint 675 / 5251 도달 (선 이탈 0.19 m)
[velocity_path_follower.py-9] [INFO] [1786904273.099728371] [velocity_path_follower]: waypoint 676 / 5251 도달 (선 이탈 0.19 m)
[velocity_path_follower.py-9] [INFO] [1786904273.449825337] [velocity_path_follower]: waypoint 677 / 5251 도달 (선 이탈 0.19 m)
[velocity_path_follower.py-9] [INFO] [1786904273.799946054] [velocity_path_follower]: waypoint 678 / 5251 도달 (선 이탈 0.18 m)
[velocity_path_follower.py-9] [INFO] [1786904274.149672750] [velocity_path_follower]: waypoint 679 / 5251 도달 (선 이탈 0.17 m)
[velocity_path_follower.py-9] [INFO] [1786904274.549684406] [velocity_path_follower]: waypoint 680 / 5251 도달 (선 이탈 0.16 m)
[velocity_path_follower.py-9] [INFO] [1786904274.849900571] [velocity_path_follower]: waypoint 681 / 5251 도달 (선 이탈 0.15 m)
[velocity_path_follower.py-9] [INFO] [1786904275.204181290] [velocity_path_follower]: waypoint 682 / 5251 도달 (선 이탈 0.14 m)
[velocity_path_follower.py-9] [INFO] [1786904275.554353605] [velocity_path_follower]: waypoint 683 / 5251 도달 (선 이탈 0.12 m)
[velocity_path_follower.py-9] [INFO] [1786904275.906847086] [velocity_path_follower]: waypoint 684 / 5251 도달 (선 이탈 0.10 m)
[velocity_path_follower.py-9] [INFO] [1786904276.258450066] [velocity_path_follower]: waypoint 685 / 5251 도달 (선 이탈 0.08 m)
[velocity_path_follower.py-9] [INFO] [1786904276.608674119] [velocity_path_follower]: waypoint 686 / 5251 도달 (선 이탈 0.07 m)
[velocity_path_follower.py-9] [INFO] [1786904276.958792292] [velocity_path_follower]: waypoint 687 / 5251 도달 (선 이탈 0.05 m)
[velocity_path_follower.py-9] [INFO] [1786904277.310820563] [velocity_path_follower]: waypoint 688 / 5251 도달 (선 이탈 0.03 m)
[velocity_path_follower.py-9] [INFO] [1786904277.363510193] [velocity_path_follower]: 300.0s  wp 689/5251 이탈0.0m  위치 (  22.31,  -154.12,  12.72)
[velocity_path_follower.py-9] [INFO] [1786904277.663845451] [velocity_path_follower]: waypoint 689 / 5251 도달 (선 이탈 0.01 m)
[velocity_path_follower.py-9] [INFO] [1786904278.013793145] [velocity_path_follower]: waypoint 690 / 5251 도달 (선 이탈 0.01 m)
[velocity_path_follower.py-9] [INFO] [1786904278.365776857] [velocity_path_follower]: waypoint 691 / 5251 도달 (선 이탈 0.02 m)
[velocity_path_follower.py-9] [INFO] [1786904278.715832082] [velocity_path_follower]: waypoint 692 / 5251 도달 (선 이탈 0.04 m)
[velocity_path_follower.py-9] [INFO] [1786904279.065995476] [velocity_path_follower]: waypoint 693 / 5251 도달 (선 이탈 0.05 m)
[velocity_path_follower.py-9] [INFO] [1786904279.420711895] [velocity_path_follower]: waypoint 694 / 5251 도달 (선 이탈 0.07 m)
[velocity_path_follower.py-9] [INFO] [1786904279.770482305] [velocity_path_follower]: waypoint 695 / 5251 도달 (선 이탈 0.08 m)
[velocity_path_follower.py-9] [INFO] [1786904280.120712060] [velocity_path_follower]: waypoint 696 / 5251 도달 (선 이탈 0.08 m)
[velocity_path_follower.py-9] [INFO] [1786904280.470902762] [velocity_path_follower]: waypoint 697 / 5251 도달 (선 이탈 0.09 m)
[velocity_path_follower.py-9] [INFO] [1786904280.820509610] [velocity_path_follower]: waypoint 698 / 5251 도달 (선 이탈 0.10 m)
[velocity_path_follower.py-9] [INFO] [1786904281.172938968] [velocity_path_follower]: waypoint 699 / 5251 도달 (선 이탈 0.10 m)
[velocity_path_follower.py-9] [INFO] [1786904281.522701433] [velocity_path_follower]: waypoint 700 / 5251 도달 (선 이탈 0.10 m)
[velocity_path_follower.py-9] [INFO] [1786904281.874964611] [velocity_path_follower]: waypoint 701 / 5251 도달 (선 이탈 0.10 m)
[velocity_path_follower.py-9] [INFO] [1786904282.229701992] [velocity_path_follower]: waypoint 702 / 5251 도달 (선 이탈 0.10 m)
[velocity_path_follower.py-9] [INFO] [1786904282.381990937] [velocity_path_follower]: 305.0s  wp 703/5251 이탈0.1m  위치 (  15.13,  -154.01,  10.80)
[velocity_path_follower.py-9] [INFO] [1786904282.584506413] [velocity_path_follower]: waypoint 703 / 5251 도달 (선 이탈 0.09 m)
[velocity_path_follower.py-9] [INFO] [1786904282.936690157] [velocity_path_follower]: waypoint 704 / 5251 도달 (선 이탈 0.09 m)
[velocity_path_follower.py-9] [INFO] [1786904283.286693313] [velocity_path_follower]: waypoint 705 / 5251 도달 (선 이탈 0.08 m)
[velocity_path_follower.py-9] [INFO] [1786904283.586845824] [velocity_path_follower]: waypoint 706 / 5251 도달 (선 이탈 0.07 m)
[velocity_path_follower.py-9] [INFO] [1786904283.939181143] [velocity_path_follower]: waypoint 707 / 5251 도달 (선 이탈 0.06 m)
[velocity_path_follower.py-9] [INFO] [1786904284.291628996] [velocity_path_follower]: waypoint 708 / 5251 도달 (선 이탈 0.05 m)
[velocity_path_follower.py-9] [INFO] [1786904284.699781067] [velocity_path_follower]: waypoint 709 / 5251 도달 (선 이탈 0.04 m)
[velocity_path_follower.py-9] [INFO] [1786904284.999853939] [velocity_path_follower]: waypoint 710 / 5251 도달 (선 이탈 0.04 m)
[velocity_path_follower.py-9] [INFO] [1786904285.349868022] [velocity_path_follower]: waypoint 711 / 5251 도달 (선 이탈 0.02 m)
[velocity_path_follower.py-9] [INFO] [1786904285.700072945] [velocity_path_follower]: waypoint 712 / 5251 도달 (선 이탈 0.02 m)
[velocity_path_follower.py-9] [INFO] [1786904286.052005719] [velocity_path_follower]: waypoint 713 / 5251 도달 (선 이탈 0.01 m)
[velocity_path_follower.py-9] [INFO] [1786904286.404694841] [velocity_path_follower]: waypoint 714 / 5251 도달 (선 이탈 0.00 m)
[velocity_path_follower.py-9] [INFO] [1786904286.754707118] [velocity_path_follower]: waypoint 715 / 5251 도달 (선 이탈 0.01 m)
[velocity_path_follower.py-9] [INFO] [1786904287.104719766] [velocity_path_follower]: waypoint 716 / 5251 도달 (선 이탈 0.02 m)
[velocity_path_follower.py-9] [INFO] [1786904287.404414671] [velocity_path_follower]: 310.0s  wp 717/5251 이탈0.0m  위치 (   7.93,  -154.13,  10.98)
[velocity_path_follower.py-9] [INFO] [1786904287.454497980] [velocity_path_follower]: waypoint 717 / 5251 도달 (선 이탈 0.03 m)
[velocity_path_follower.py-9] [INFO] [1786904287.804505618] [velocity_path_follower]: waypoint 718 / 5251 도달 (선 이탈 0.03 m)
[velocity_path_follower.py-9] [INFO] [1786904288.154757800] [velocity_path_follower]: waypoint 719 / 5251 도달 (선 이탈 0.04 m)
[velocity_path_follower.py-9] [INFO] [1786904288.507521396] [velocity_path_follower]: waypoint 720 / 5251 도달 (선 이탈 0.04 m)
[velocity_path_follower.py-9] [INFO] [1786904288.857672400] [velocity_path_follower]: waypoint 721 / 5251 도달 (선 이탈 0.05 m)
[velocity_path_follower.py-9] [INFO] [1786904289.162761643] [velocity_path_follower]: waypoint 722 / 5251 도달 (선 이탈 0.05 m)
[velocity_path_follower.py-9] [INFO] [1786904289.566604690] [velocity_path_follower]: waypoint 723 / 5251 도달 (선 이탈 0.05 m)
[velocity_path_follower.py-9] [INFO] [1786904289.916795473] [velocity_path_follower]: waypoint 724 / 5251 도달 (선 이탈 0.05 m)
[velocity_path_follower.py-9] [INFO] [1786904290.216712811] [velocity_path_follower]: waypoint 725 / 5251 도달 (선 이탈 0.05 m)
[velocity_path_follower.py-9] [INFO] [1786904290.566730866] [velocity_path_follower]: waypoint 726 / 5251 도달 (선 이탈 0.05 m)
[velocity_path_follower.py-9] [INFO] [1786904290.916788964] [velocity_path_follower]: waypoint 727 / 5251 도달 (선 이탈 0.05 m)
[velocity_path_follower.py-9] [INFO] [1786904291.266653252] [velocity_path_follower]: waypoint 728 / 5251 도달 (선 이탈 0.05 m)
[velocity_path_follower.py-9] [INFO] [1786904291.620573930] [velocity_path_follower]: waypoint 729 / 5251 도달 (선 이탈 0.04 m)
[velocity_path_follower.py-9] [INFO] [1786904291.972969304] [velocity_path_follower]: waypoint 730 / 5251 도달 (선 이탈 0.04 m)
[velocity_path_follower.py-9] [INFO] [1786904292.322793034] [velocity_path_follower]: waypoint 731 / 5251 도달 (선 이탈 0.04 m)
[velocity_path_follower.py-9] [INFO] [1786904292.422734622] [velocity_path_follower]: 315.0s  wp 732/5251 이탈0.0m  위치 (   0.72,  -154.13,  11.65)
[velocity_path_follower.py-9] [INFO] [1786904292.675286064] [velocity_path_follower]: waypoint 732 / 5251 도달 (선 이탈 0.03 m)
[velocity_path_follower.py-9] [INFO] [1786904293.032244624] [velocity_path_follower]: waypoint 733 / 5251 도달 (선 이탈 0.03 m)
[velocity_path_follower.py-9] [INFO] [1786904293.386993053] [velocity_path_follower]: waypoint 734 / 5251 도달 (선 이탈 0.02 m)
[velocity_path_follower.py-9] [INFO] [1786904293.737177613] [velocity_path_follower]: waypoint 735 / 5251 도달 (선 이탈 0.02 m)
[velocity_path_follower.py-9] [INFO] [1786904294.091903454] [velocity_path_follower]: waypoint 736 / 5251 도달 (선 이탈 0.01 m)
[velocity_path_follower.py-9] [INFO] [1786904294.455406300] [velocity_path_follower]: waypoint 737 / 5251 도달 (선 이탈 0.01 m)
[velocity_path_follower.py-9] [INFO] [1786904294.805765061] [velocity_path_follower]: waypoint 738 / 5251 도달 (선 이탈 0.00 m)
[velocity_path_follower.py-9] [INFO] [1786904295.155694842] [velocity_path_follower]: waypoint 739 / 5251 도달 (선 이탈 0.00 m)
[velocity_path_follower.py-9] [INFO] [1786904295.455634035] [velocity_path_follower]: waypoint 740 / 5251 도달 (선 이탈 0.01 m)
[velocity_path_follower.py-9] [INFO] [1786904295.857700298] [velocity_path_follower]: waypoint 741 / 5251 도달 (선 이탈 0.01 m)
[velocity_path_follower.py-9] [INFO] [1786904296.159760392] [velocity_path_follower]: waypoint 742 / 5251 도달 (선 이탈 0.02 m)
[velocity_path_follower.py-9] [INFO] [1786904296.515711820] [velocity_path_follower]: waypoint 743 / 5251 도달 (선 이탈 0.02 m)
[velocity_path_follower.py-9] [INFO] [1786904296.868118625] [velocity_path_follower]: waypoint 744 / 5251 도달 (선 이탈 0.02 m)
[velocity_path_follower.py-9] [INFO] [1786904297.217645820] [velocity_path_follower]: waypoint 745 / 5251 도달 (선 이탈 0.02 m)
[velocity_path_follower.py-9] [INFO] [1786904297.472927848] [velocity_path_follower]: 320.0s  wp 746/5251 이탈0.0m  위치 (  -6.48,  -154.08,   7.76)
[velocity_path_follower.py-9] [INFO] [1786904297.572802165] [velocity_path_follower]: waypoint 746 / 5251 도달 (선 이탈 0.03 m)
[velocity_path_follower.py-9] [INFO] [1786904297.930686272] [velocity_path_follower]: waypoint 747 / 5251 도달 (선 이탈 0.03 m)
[velocity_path_follower.py-9] [INFO] [1786904298.289412438] [velocity_path_follower]: waypoint 748 / 5251 도달 (선 이탈 0.03 m)
[velocity_path_follower.py-9] [INFO] [1786904298.644113211] [velocity_path_follower]: waypoint 749 / 5251 도달 (선 이탈 0.03 m)
[velocity_path_follower.py-9] [INFO] [1786904298.993907106] [velocity_path_follower]: waypoint 750 / 5251 도달 (선 이탈 0.03 m)
[velocity_path_follower.py-9] [INFO] [1786904302.350486207] [velocity_path_follower]: waypoint 751 / 5251 도달 (선 이탈 0.02 m)
[velocity_path_follower.py-9] [INFO] [1786904302.400699740] [velocity_path_follower]: waypoint 752 / 5251 도달 (선 이탈 0.02 m)
[velocity_path_follower.py-9] [INFO] [1786904302.450453923] [velocity_path_follower]: waypoint 753 / 5251 도달 (선 이탈 0.02 m)
[velocity_path_follower.py-9] [INFO] [1786904302.500645622] [velocity_path_follower]: waypoint 754 / 5251 도달 (선 이탈 0.02 m)
[velocity_path_follower.py-9] [INFO] [1786904302.550614480] [velocity_path_follower]: waypoint 755 / 5251 도달 (선 이탈 0.02 m)
[velocity_path_follower.py-9] [INFO] [1786904302.600641632] [velocity_path_follower]: waypoint 756 / 5251 도달 (선 이탈 0.02 m)
[velocity_path_follower.py-9] [INFO] [1786904302.650439776] [velocity_path_follower]: waypoint 757 / 5251 도달 (선 이탈 0.02 m)
[velocity_path_follower.py-9] [INFO] [1786904302.700832773] [velocity_path_follower]: waypoint 758 / 5251 도달 (선 이탈 0.02 m)
[velocity_path_follower.py-9] [INFO] [1786904302.750406576] [velocity_path_follower]: 325.3s  wp 759/5251 이탈0.0m  위치 ( -12.79,  -154.08,   6.65)
[velocity_path_follower.py-9] [INFO] [1786904303.200769687] [velocity_path_follower]: waypoint 759 / 5251 도달 (선 이탈 0.01 m)
[velocity_path_follower.py-9] [INFO] [1786904303.800833557] [velocity_path_follower]: waypoint 760 / 5251 도달 (선 이탈 0.01 m)
[velocity_path_follower.py-9] [INFO] [1786904304.400685362] [velocity_path_follower]: waypoint 761 / 5251 도달 (선 이탈 0.01 m)
[velocity_path_follower.py-9] [INFO] [1786904304.900712540] [velocity_path_follower]: waypoint 762 / 5251 도달 (선 이탈 0.01 m)
[velocity_path_follower.py-9] [INFO] [1786904305.453113553] [velocity_path_follower]: waypoint 763 / 5251 도달 (선 이탈 0.01 m)
[velocity_path_follower.py-9] [INFO] [1786904305.953081375] [velocity_path_follower]: waypoint 764 / 5251 도달 (선 이탈 0.00 m)
[velocity_path_follower.py-9] [INFO] [1786904306.402937575] [velocity_path_follower]: waypoint 765 / 5251 도달 (선 이탈 0.00 m)
[velocity_path_follower.py-9] [INFO] [1786904306.853455879] [velocity_path_follower]: waypoint 766 / 5251 도달 (선 이탈 0.00 m)
[velocity_path_follower.py-9] [INFO] [1786904307.303113933] [velocity_path_follower]: waypoint 767 / 5251 도달 (선 이탈 0.00 m)
[velocity_path_follower.py-9] [INFO] [1786904307.502842987] [velocity_path_follower]: 330.0s  wp 768/5251 이탈0.0m  위치 ( -17.34,  -154.10,   8.49)
[velocity_path_follower.py-9] [INFO] [1786904307.752918528] [velocity_path_follower]: waypoint 768 / 5251 도달 (선 이탈 0.00 m)
[velocity_path_follower.py-9] [INFO] [1786904308.202875371] [velocity_path_follower]: waypoint 769 / 5251 도달 (선 이탈 0.01 m)
[velocity_path_follower.py-9] [INFO] [1786904308.602895358] [velocity_path_follower]: waypoint 770 / 5251 도달 (선 이탈 0.01 m)
[velocity_path_follower.py-9] [INFO] [1786904309.003047351] [velocity_path_follower]: waypoint 771 / 5251 도달 (선 이탈 0.01 m)
[velocity_path_follower.py-9] [INFO] [1786904309.453024417] [velocity_path_follower]: waypoint 772 / 5251 도달 (선 이탈 0.01 m)
[velocity_path_follower.py-9] [INFO] [1786904309.852902551] [velocity_path_follower]: waypoint 773 / 5251 도달 (선 이탈 0.01 m)
[velocity_path_follower.py-9] [INFO] [1786904310.252970057] [velocity_path_follower]: waypoint 774 / 5251 도달 (선 이탈 0.01 m)
[velocity_path_follower.py-9] [INFO] [1786904310.652741006] [velocity_path_follower]: waypoint 775 / 5251 도달 (선 이탈 0.01 m)
[velocity_path_follower.py-9] [INFO] [1786904311.003666650] [velocity_path_follower]: waypoint 776 / 5251 도달 (선 이탈 0.01 m)
[velocity_path_follower.py-9] [INFO] [1786904311.402998318] [velocity_path_follower]: waypoint 777 / 5251 도달 (선 이탈 0.01 m)
[velocity_path_follower.py-9] [INFO] [1786904311.803041719] [velocity_path_follower]: waypoint 778 / 5251 도달 (선 이탈 0.01 m)
[velocity_path_follower.py-9] [INFO] [1786904312.205358482] [velocity_path_follower]: waypoint 779 / 5251 도달 (선 이탈 0.01 m)
[velocity_path_follower.py-9] [INFO] [1786904312.505280226] [velocity_path_follower]: 335.0s  wp 780/5251 이탈0.0m  위치 ( -23.57,  -154.11,   7.53)
[velocity_path_follower.py-9] [INFO] [1786904312.555481780] [velocity_path_follower]: waypoint 780 / 5251 도달 (선 이탈 0.01 m)
[velocity_path_follower.py-9] [INFO] [1786904312.955248073] [velocity_path_follower]: waypoint 781 / 5251 도달 (선 이탈 0.01 m)
[velocity_path_follower.py-9] [INFO] [1786904313.305405486] [velocity_path_follower]: waypoint 782 / 5251 도달 (선 이탈 0.01 m)
[velocity_path_follower.py-9] [INFO] [1786904313.705356061] [velocity_path_follower]: waypoint 783 / 5251 도달 (선 이탈 0.00 m)
[velocity_path_follower.py-9] [INFO] [1786904314.055413801] [velocity_path_follower]: waypoint 784 / 5251 도달 (선 이탈 0.00 m)
[velocity_path_follower.py-9] [INFO] [1786904314.405382817] [velocity_path_follower]: waypoint 785 / 5251 도달 (선 이탈 0.00 m)
[velocity_path_follower.py-9] [INFO] [1786904314.755341958] [velocity_path_follower]: waypoint 786 / 5251 도달 (선 이탈 0.00 m)
[velocity_path_follower.py-9] [INFO] [1786904315.155330680] [velocity_path_follower]: waypoint 787 / 5251 도달 (선 이탈 0.00 m)
[velocity_path_follower.py-9] [INFO] [1786904315.505222473] [velocity_path_follower]: waypoint 788 / 5251 도달 (선 이탈 0.00 m)
[velocity_path_follower.py-9] [INFO] [1786904315.855408900] [velocity_path_follower]: waypoint 789 / 5251 도달 (선 이탈 0.00 m)
[velocity_path_follower.py-9] [INFO] [1786904316.258628588] [velocity_path_follower]: waypoint 790 / 5251 도달 (선 이탈 0.00 m)
[velocity_path_follower.py-9] [INFO] [1786904316.608773501] [velocity_path_follower]: waypoint 791 / 5251 도달 (선 이탈 0.00 m)
[velocity_path_follower.py-9] [INFO] [1786904316.958806534] [velocity_path_follower]: waypoint 792 / 5251 도달 (선 이탈 0.00 m)
[velocity_path_follower.py-9] [INFO] [1786904317.308677468] [velocity_path_follower]: waypoint 793 / 5251 도달 (선 이탈 0.00 m)
[velocity_path_follower.py-9] [INFO] [1786904317.508697539] [velocity_path_follower]: 340.0s  wp 794/5251 이탈0.0m  위치 ( -30.40,  -154.10,   7.00)
[velocity_path_follower.py-9] [INFO] [1786904317.708762028] [velocity_path_follower]: waypoint 794 / 5251 도달 (선 이탈 0.00 m)
[velocity_path_follower.py-9] [INFO] [1786904318.059145558] [velocity_path_follower]: waypoint 795 / 5251 도달 (선 이탈 0.00 m)
[velocity_path_follower.py-9] [INFO] [1786904318.408743592] [velocity_path_follower]: waypoint 796 / 5251 도달 (선 이탈 0.00 m)
[velocity_path_follower.py-9] [INFO] [1786904318.758658345] [velocity_path_follower]: waypoint 797 / 5251 도달 (선 이탈 0.00 m)
[velocity_path_follower.py-9] [INFO] [1786904319.108714183] [velocity_path_follower]: waypoint 798 / 5251 도달 (선 이탈 0.00 m)
[velocity_path_follower.py-9] [INFO] [1786904319.458998810] [velocity_path_follower]: waypoint 799 / 5251 도달 (선 이탈 0.00 m)
[velocity_path_follower.py-9] [INFO] [1786904319.808834631] [velocity_path_follower]: waypoint 800 / 5251 도달 (선 이탈 0.00 m)
[velocity_path_follower.py-9] [INFO] [1786904320.158778490] [velocity_path_follower]: waypoint 801 / 5251 도달 (선 이탈 0.00 m)
[velocity_path_follower.py-9] [INFO] [1786904320.508708426] [velocity_path_follower]: waypoint 802 / 5251 도달 (선 이탈 0.00 m)
[velocity_path_follower.py-9] [INFO] [1786904320.908688646] [velocity_path_follower]: waypoint 803 / 5251 도달 (선 이탈 0.00 m)
[velocity_path_follower.py-9] [INFO] [1786904321.208671876] [velocity_path_follower]: waypoint 804 / 5251 도달 (선 이탈 0.00 m)
[velocity_path_follower.py-9] [INFO] [1786904321.608676082] [velocity_path_follower]: waypoint 805 / 5251 도달 (선 이탈 0.00 m)
[velocity_path_follower.py-9] [INFO] [1786904321.908966485] [velocity_path_follower]: waypoint 806 / 5251 도달 (선 이탈 0.00 m)
[velocity_path_follower.py-9] [INFO] [1786904322.308713004] [velocity_path_follower]: waypoint 807 / 5251 도달 (선 이탈 0.00 m)
[velocity_path_follower.py-9] [INFO] [1786904322.508499405] [velocity_path_follower]: 345.0s  wp 808/5251 이탈1.1m  위치 ( -37.46,  -154.10,   7.80)
[velocity_path_follower.py-9] [INFO] [1786904327.409757925] [velocity_path_follower]: waypoint 808 / 5251 도달 (선 이탈 2.91 m)
[velocity_path_follower.py-9] [INFO] [1786904327.508747638] [velocity_path_follower]: 350.0s  wp 810/5251 이탈1.4m  위치 ( -41.52,  -151.48,   7.55)
[velocity_path_follower.py-9] [INFO] [1786904332.258832468] [velocity_path_follower]: waypoint 810 / 5251 도달 (선 이탈 1.39 m)
[velocity_path_follower.py-9] [INFO] [1786904332.508792144] [velocity_path_follower]: 355.0s  wp 811/5251 이탈1.4m  위치 ( -39.41,  -148.67,   7.07)
[velocity_path_follower.py-9] [INFO] [1786904332.908728975] [velocity_path_follower]: waypoint 811 / 5251 도달 (선 이탈 1.47 m)
[velocity_path_follower.py-9] [INFO] [1786904333.508691080] [velocity_path_follower]: waypoint 812 / 5251 도달 (선 이탈 1.47 m)
[velocity_path_follower.py-9] [INFO] [1786904334.108801433] [velocity_path_follower]: waypoint 813 / 5251 도달 (선 이탈 1.42 m)
[velocity_path_follower.py-9] [INFO] [1786904334.708717720] [velocity_path_follower]: waypoint 814 / 5251 도달 (선 이탈 1.32 m)
[velocity_path_follower.py-9] [INFO] [1786904335.208817825] [velocity_path_follower]: waypoint 815 / 5251 도달 (선 이탈 1.20 m)
[velocity_path_follower.py-9] [INFO] [1786904335.759077929] [velocity_path_follower]: waypoint 816 / 5251 도달 (선 이탈 1.03 m)
[velocity_path_follower.py-9] [INFO] [1786904336.308919383] [velocity_path_follower]: waypoint 817 / 5251 도달 (선 이탈 0.85 m)
[velocity_path_follower.py-9] [INFO] [1786904336.758771573] [velocity_path_follower]: waypoint 818 / 5251 도달 (선 이탈 0.68 m)
[velocity_path_follower.py-9] [INFO] [1786904337.258767761] [velocity_path_follower]: waypoint 819 / 5251 도달 (선 이탈 0.49 m)
[velocity_path_follower.py-9] [INFO] [1786904337.508481675] [velocity_path_follower]: 360.0s  wp 820/5251 이탈0.4m  위치 ( -34.81,  -149.70,   7.33)
[velocity_path_follower.py-9] [INFO] [1786904337.758902028] [velocity_path_follower]: waypoint 820 / 5251 도달 (선 이탈 0.30 m)
[velocity_path_follower.py-9] [INFO] [1786904338.208774944] [velocity_path_follower]: waypoint 821 / 5251 도달 (선 이탈 0.13 m)
[velocity_path_follower.py-9] [INFO] [1786904338.658728688] [velocity_path_follower]: waypoint 822 / 5251 도달 (선 이탈 0.03 m)
[velocity_path_follower.py-9] [INFO] [1786904339.108887309] [velocity_path_follower]: waypoint 823 / 5251 도달 (선 이탈 0.18 m)
[velocity_path_follower.py-9] [INFO] [1786904339.508579072] [velocity_path_follower]: waypoint 824 / 5251 도달 (선 이탈 0.30 m)
[velocity_path_follower.py-9] [INFO] [1786904339.908890896] [velocity_path_follower]: waypoint 825 / 5251 도달 (선 이탈 0.41 m)
[velocity_path_follower.py-9] [INFO] [1786904340.358681522] [velocity_path_follower]: waypoint 826 / 5251 도달 (선 이탈 0.51 m)
[velocity_path_follower.py-9] [INFO] [1786904340.758709114] [velocity_path_follower]: waypoint 827 / 5251 도달 (선 이탈 0.58 m)
[velocity_path_follower.py-9] [INFO] [1786904341.159001793] [velocity_path_follower]: waypoint 828 / 5251 도달 (선 이탈 0.64 m)
[velocity_path_follower.py-9] [INFO] [1786904341.558683984] [velocity_path_follower]: waypoint 829 / 5251 도달 (선 이탈 0.68 m)
[velocity_path_follower.py-9] [INFO] [1786904341.958654602] [velocity_path_follower]: waypoint 830 / 5251 도달 (선 이탈 0.70 m)
[velocity_path_follower.py-9] [INFO] [1786904342.360778737] [velocity_path_follower]: waypoint 831 / 5251 도달 (선 이탈 0.71 m)
[velocity_path_follower.py-9] [INFO] [1786904342.510701836] [velocity_path_follower]: 365.0s  wp 832/5251 이탈0.7m  위치 ( -28.89,  -150.81,   7.38)
[velocity_path_follower.py-9] [INFO] [1786904342.760953555] [velocity_path_follower]: waypoint 832 / 5251 도달 (선 이탈 0.70 m)
[velocity_path_follower.py-9] [INFO] [1786904343.160683228] [velocity_path_follower]: waypoint 833 / 5251 도달 (선 이탈 0.68 m)
[velocity_path_follower.py-9] [INFO] [1786904343.564452567] [velocity_path_follower]: waypoint 834 / 5251 도달 (선 이탈 0.64 m)
[velocity_path_follower.py-9] [INFO] [1786904343.964422615] [velocity_path_follower]: waypoint 835 / 5251 도달 (선 이탈 0.59 m)
[velocity_path_follower.py-9] [INFO] [1786904344.314338617] [velocity_path_follower]: waypoint 836 / 5251 도달 (선 이탈 0.55 m)
[velocity_path_follower.py-9] [INFO] [1786904344.714372901] [velocity_path_follower]: waypoint 837 / 5251 도달 (선 이탈 0.48 m)
[velocity_path_follower.py-9] [INFO] [1786904345.116630422] [velocity_path_follower]: waypoint 838 / 5251 도달 (선 이탈 0.41 m)
[velocity_path_follower.py-9] [INFO] [1786904345.516800031] [velocity_path_follower]: waypoint 839 / 5251 도달 (선 이탈 0.33 m)
[velocity_path_follower.py-9] [INFO] [1786904345.866491136] [velocity_path_follower]: waypoint 840 / 5251 도달 (선 이탈 0.27 m)
[velocity_path_follower.py-9] [INFO] [1786904346.266716445] [velocity_path_follower]: waypoint 841 / 5251 도달 (선 이탈 0.19 m)
[velocity_path_follower.py-9] [INFO] [1786904346.616511625] [velocity_path_follower]: waypoint 842 / 5251 도달 (선 이탈 0.12 m)
[velocity_path_follower.py-9] [INFO] [1786904347.018677451] [velocity_path_follower]: waypoint 843 / 5251 도달 (선 이탈 0.04 m)
[velocity_path_follower.py-9] [INFO] [1786904347.371007035] [velocity_path_follower]: waypoint 844 / 5251 도달 (선 이탈 0.03 m)
[velocity_path_follower.py-9] [INFO] [1786904347.520820062] [velocity_path_follower]: 370.0s  wp 845/5251 이탈0.1m  위치 ( -22.36,  -150.05,   7.14)
[velocity_path_follower.py-9] [INFO] [1786904347.720928332] [velocity_path_follower]: waypoint 845 / 5251 도달 (선 이탈 0.09 m)
[velocity_path_follower.py-9] [INFO] [1786904348.120877566] [velocity_path_follower]: waypoint 846 / 5251 도달 (선 이탈 0.15 m)
[velocity_path_follower.py-9] [INFO] [1786904348.470952022] [velocity_path_follower]: waypoint 847 / 5251 도달 (선 이탈 0.20 m)
[velocity_path_follower.py-9] [INFO] [1786904348.820998727] [velocity_path_follower]: waypoint 848 / 5251 도달 (선 이탈 0.24 m)
[velocity_path_follower.py-9] [INFO] [1786904349.220962277] [velocity_path_follower]: waypoint 849 / 5251 도달 (선 이탈 0.29 m)
[velocity_path_follower.py-9] [INFO] [1786904349.570986677] [velocity_path_follower]: waypoint 850 / 5251 도달 (선 이탈 0.32 m)
[velocity_path_follower.py-9] [INFO] [1786904349.921016911] [velocity_path_follower]: waypoint 851 / 5251 도달 (선 이탈 0.34 m)
[velocity_path_follower.py-9] [INFO] [1786904350.320949734] [velocity_path_follower]: waypoint 852 / 5251 도달 (선 이탈 0.36 m)
[velocity_path_follower.py-9] [INFO] [1786904350.671127960] [velocity_path_follower]: waypoint 853 / 5251 도달 (선 이탈 0.36 m)
[velocity_path_follower.py-9] [INFO] [1786904351.021018842] [velocity_path_follower]: waypoint 854 / 5251 도달 (선 이탈 0.37 m)
[velocity_path_follower.py-9] [INFO] [1786904351.370885504] [velocity_path_follower]: waypoint 855 / 5251 도달 (선 이탈 0.36 m)
[velocity_path_follower.py-9] [INFO] [1786904351.723519090] [velocity_path_follower]: waypoint 856 / 5251 도달 (선 이탈 0.35 m)
[velocity_path_follower.py-9] [INFO] [1786904352.073773803] [velocity_path_follower]: waypoint 857 / 5251 도달 (선 이탈 0.33 m)
[velocity_path_follower.py-9] [INFO] [1786904352.473482380] [velocity_path_follower]: waypoint 858 / 5251 도달 (선 이탈 0.31 m)
[velocity_path_follower.py-9] [INFO] [1786904352.523387642] [velocity_path_follower]: 375.0s  wp 859/5251 이탈0.3m  위치 ( -15.47,  -149.79,   7.20)
[velocity_path_follower.py-9] [INFO] [1786904352.823890421] [velocity_path_follower]: waypoint 859 / 5251 도달 (선 이탈 0.28 m)
[velocity_path_follower.py-9] [INFO] [1786904353.173844317] [velocity_path_follower]: waypoint 860 / 5251 도달 (선 이탈 0.26 m)
[velocity_path_follower.py-9] [INFO] [1786904353.523662786] [velocity_path_follower]: waypoint 861 / 5251 도달 (선 이탈 0.22 m)
[velocity_path_follower.py-9] [INFO] [1786904353.873735888] [velocity_path_follower]: waypoint 862 / 5251 도달 (선 이탈 0.19 m)
[velocity_path_follower.py-9] [INFO] [1786904354.226793329] [velocity_path_follower]: waypoint 863 / 5251 도달 (선 이탈 0.15 m)
[ros2-8] [INFO] [1786904354.416046485] [rosbag2_cpp]: Writing remaining messages from cache to the bag. It may take a while
[velocity_path_follower.py-9] [INFO] [1786904354.576835293] [velocity_path_follower]: waypoint 864 / 5251 도달 (선 이탈 0.12 m)
[velocity_path_follower.py-9] [INFO] [1786904354.976691096] [velocity_path_follower]: waypoint 865 / 5251 도달 (선 이탈 0.07 m)
[velocity_path_follower.py-9] [INFO] [1786904355.326584835] [velocity_path_follower]: waypoint 866 / 5251 도달 (선 이탈 0.04 m)
[velocity_path_follower.py-9] [INFO] [1786904355.676445988] [velocity_path_follower]: waypoint 867 / 5251 도달 (선 이탈 0.01 m)
[velocity_path_follower.py-9] [INFO] [1786904356.026616442] [velocity_path_follower]: waypoint 868 / 5251 도달 (선 이탈 0.03 m)
[velocity_path_follower.py-9] [INFO] [1786904356.376410790] [velocity_path_follower]: waypoint 869 / 5251 도달 (선 이탈 0.06 m)
[velocity_path_follower.py-9] [INFO] [1786904356.726845116] [velocity_path_follower]: waypoint 870 / 5251 도달 (선 이탈 0.09 m)
[velocity_path_follower.py-9] [INFO] [1786904357.076504457] [velocity_path_follower]: waypoint 871 / 5251 도달 (선 이탈 0.11 m)
[velocity_path_follower.py-9] [INFO] [1786904357.426689971] [velocity_path_follower]: waypoint 872 / 5251 도달 (선 이탈 0.13 m)
[velocity_path_follower.py-9] [INFO] [1786904357.526419727] [velocity_path_follower]: 380.0s  wp 873/5251 이탈0.1m  위치 (  -8.42,  -150.24,   7.43)
[velocity_path_follower.py-9] [INFO] [1786904357.776458889] [velocity_path_follower]: waypoint 873 / 5251 도달 (선 이탈 0.15 m)
[velocity_path_follower.py-9] [INFO] [1786904358.126761486] [velocity_path_follower]: waypoint 874 / 5251 도달 (선 이탈 0.17 m)
[velocity_path_follower.py-9] [INFO] [1786904358.476627895] [velocity_path_follower]: waypoint 875 / 5251 도달 (선 이탈 0.18 m)
[velocity_path_follower.py-9] [INFO] [1786904358.829258768] [velocity_path_follower]: waypoint 876 / 5251 도달 (선 이탈 0.19 m)
[velocity_path_follower.py-9] [INFO] [1786904359.178545902] [velocity_path_follower]: waypoint 877 / 5251 도달 (선 이탈 0.19 m)
[velocity_path_follower.py-9] [INFO] [1786904359.528635138] [velocity_path_follower]: waypoint 878 / 5251 도달 (선 이탈 0.19 m)
[velocity_path_follower.py-9] [INFO] [1786904359.878944757] [velocity_path_follower]: waypoint 879 / 5251 도달 (선 이탈 0.19 m)
[velocity_path_follower.py-9] [INFO] [1786904360.228522053] [velocity_path_follower]: waypoint 880 / 5251 도달 (선 이탈 0.18 m)
[velocity_path_follower.py-9] [INFO] [1786904360.578793659] [velocity_path_follower]: waypoint 881 / 5251 도달 (선 이탈 0.17 m)
[velocity_path_follower.py-9] [INFO] [1786904360.930675525] [velocity_path_follower]: waypoint 882 / 5251 도달 (선 이탈 0.16 m)
[velocity_path_follower.py-9] [INFO] [1786904361.283650625] [velocity_path_follower]: waypoint 883 / 5251 도달 (선 이탈 0.15 m)
[velocity_path_follower.py-9] [INFO] [1786904361.641126119] [velocity_path_follower]: waypoint 884 / 5251 도달 (선 이탈 0.13 m)
[velocity_path_follower.py-9] [INFO] [1786904361.990703232] [velocity_path_follower]: waypoint 885 / 5251 도달 (선 이탈 0.12 m)
[velocity_path_follower.py-9] [INFO] [1786904362.340822267] [velocity_path_follower]: waypoint 886 / 5251 도달 (선 이탈 0.10 m)
[velocity_path_follower.py-9] [INFO] [1786904362.540738008] [velocity_path_follower]: 385.0s  wp 887/5251 이탈0.1m  위치 (  -1.29,  -150.19,   7.67)
[velocity_path_follower.py-9] [INFO] [1786904362.692717567] [velocity_path_follower]: waypoint 887 / 5251 도달 (선 이탈 0.08 m)
[velocity_path_follower.py-9] [INFO] [1786904363.042745056] [velocity_path_follower]: waypoint 888 / 5251 도달 (선 이탈 0.06 m)
[velocity_path_follower.py-9] [INFO] [1786904363.392975707] [velocity_path_follower]: waypoint 889 / 5251 도달 (선 이탈 0.04 m)
[velocity_path_follower.py-9] [INFO] [1786904363.745046168] [velocity_path_follower]: waypoint 890 / 5251 도달 (선 이탈 0.02 m)
[velocity_path_follower.py-9] [INFO] [1786904364.097485054] [velocity_path_follower]: waypoint 891 / 5251 도달 (선 이탈 0.00 m)
[velocity_path_follower.py-9] [INFO] [1786904364.447902032] [velocity_path_follower]: waypoint 892 / 5251 도달 (선 이탈 0.01 m)
[velocity_path_follower.py-9] [INFO] [1786904364.797464066] [velocity_path_follower]: waypoint 893 / 5251 도달 (선 이탈 0.03 m)
[velocity_path_follower.py-9] [INFO] [1786904365.147497110] [velocity_path_follower]: waypoint 894 / 5251 도달 (선 이탈 0.05 m)
[velocity_path_follower.py-9] [INFO] [1786904365.497461811] [velocity_path_follower]: waypoint 895 / 5251 도달 (선 이탈 0.06 m)
[velocity_path_follower.py-9] [INFO] [1786904365.850937210] [velocity_path_follower]: waypoint 896 / 5251 도달 (선 이탈 0.07 m)
[velocity_path_follower.py-9] [INFO] [1786904366.203627784] [velocity_path_follower]: waypoint 897 / 5251 도달 (선 이탈 0.08 m)
[velocity_path_follower.py-9] [INFO] [1786904366.555717001] [velocity_path_follower]: waypoint 898 / 5251 도달 (선 이탈 0.09 m)
[velocity_path_follower.py-9] [INFO] [1786904366.905465475] [velocity_path_follower]: waypoint 899 / 5251 도달 (선 이탈 0.09 m)
[velocity_path_follower.py-9] [INFO] [1786904367.205706008] [velocity_path_follower]: waypoint 900 / 5251 도달 (선 이탈 0.10 m)
[velocity_path_follower.py-9] [INFO] [1786904367.555720062] [velocity_path_follower]: 390.0s  wp 901/5251 이탈0.1m  위치 (   5.89,  -150.00,  11.24)
[velocity_path_follower.py-9] [INFO] [1786904367.605675050] [velocity_path_follower]: waypoint 901 / 5251 도달 (선 이탈 0.10 m)
[velocity_path_follower.py-9] [INFO] [1786904367.955605935] [velocity_path_follower]: waypoint 902 / 5251 도달 (선 이탈 0.10 m)
[velocity_path_follower.py-9] [INFO] [1786904368.305870112] [velocity_path_follower]: waypoint 903 / 5251 도달 (선 이탈 0.10 m)
[velocity_path_follower.py-9] [INFO] [1786904368.660482469] [velocity_path_follower]: waypoint 904 / 5251 도달 (선 이탈 0.09 m)
[velocity_path_follower.py-9] [INFO] [1786904368.960755072] [velocity_path_follower]: waypoint 905 / 5251 도달 (선 이탈 0.09 m)
[velocity_path_follower.py-9] [INFO] [1786904369.362512896] [velocity_path_follower]: waypoint 906 / 5251 도달 (선 이탈 0.08 m)
[velocity_path_follower.py-9] [INFO] [1786904369.662643110] [velocity_path_follower]: waypoint 907 / 5251 도달 (선 이탈 0.08 m)
[velocity_path_follower.py-9] [INFO] [1786904370.012656265] [velocity_path_follower]: waypoint 908 / 5251 도달 (선 이탈 0.07 m)
[velocity_path_follower.py-9] [INFO] [1786904370.362745077] [velocity_path_follower]: waypoint 909 / 5251 도달 (선 이탈 0.06 m)
[velocity_path_follower.py-9] [INFO] [1786904370.712684842] [velocity_path_follower]: waypoint 910 / 5251 도달 (선 이탈 0.05 m)
[velocity_path_follower.py-9] [INFO] [1786904371.062722609] [velocity_path_follower]: waypoint 911 / 5251 도달 (선 이탈 0.04 m)
[velocity_path_follower.py-9] [INFO] [1786904371.412875578] [velocity_path_follower]: waypoint 912 / 5251 도달 (선 이탈 0.03 m)
[velocity_path_follower.py-9] [INFO] [1786904371.762645909] [velocity_path_follower]: waypoint 913 / 5251 도달 (선 이탈 0.02 m)
[velocity_path_follower.py-9] [INFO] [1786904372.115431042] [velocity_path_follower]: waypoint 914 / 5251 도달 (선 이탈 0.01 m)
[velocity_path_follower.py-9] [INFO] [1786904372.467774569] [velocity_path_follower]: waypoint 915 / 5251 도달 (선 이탈 0.00 m)
[velocity_path_follower.py-9] [INFO] [1786904372.570260403] [velocity_path_follower]: 395.0s  wp 916/5251 이탈0.0m  위치 (  13.09,  -150.10,  12.95)
[velocity_path_follower.py-9] [INFO] [1786904372.820365021] [velocity_path_follower]: waypoint 916 / 5251 도달 (선 이탈 0.00 m)
[velocity_path_follower.py-9] [INFO] [1786904373.172887215] [velocity_path_follower]: waypoint 917 / 5251 도달 (선 이탈 0.01 m)
[velocity_path_follower.py-9] [INFO] [1786904373.522918239] [velocity_path_follower]: waypoint 918 / 5251 도달 (선 이탈 0.02 m)
[velocity_path_follower.py-9] [INFO] [1786904373.874864075] [velocity_path_follower]: waypoint 919 / 5251 도달 (선 이탈 0.03 m)
[velocity_path_follower.py-9] [INFO] [1786904374.224941260] [velocity_path_follower]: waypoint 920 / 5251 도달 (선 이탈 0.03 m)
[velocity_path_follower.py-9] [INFO] [1786904374.578673100] [velocity_path_follower]: waypoint 921 / 5251 도달 (선 이탈 0.04 m)
[velocity_path_follower.py-9] [INFO] [1786904374.930780345] [velocity_path_follower]: waypoint 922 / 5251 도달 (선 이탈 0.04 m)
[velocity_path_follower.py-9] [INFO] [1786904375.280515881] [velocity_path_follower]: waypoint 923 / 5251 도달 (선 이탈 0.05 m)
[velocity_path_follower.py-9] [INFO] [1786904375.580759620] [velocity_path_follower]: waypoint 924 / 5251 도달 (선 이탈 0.05 m)
[velocity_path_follower.py-9] [INFO] [1786904375.980906184] [velocity_path_follower]: waypoint 925 / 5251 도달 (선 이탈 0.05 m)
[velocity_path_follower.py-9] [INFO] [1786904376.280662065] [velocity_path_follower]: waypoint 926 / 5251 도달 (선 이탈 0.05 m)
[velocity_path_follower.py-9] [INFO] [1786904376.630821558] [velocity_path_follower]: waypoint 927 / 5251 도달 (선 이탈 0.05 m)
[velocity_path_follower.py-9] [INFO] [1786904376.983522799] [velocity_path_follower]: waypoint 928 / 5251 도달 (선 이탈 0.05 m)
[velocity_path_follower.py-9] [INFO] [1786904377.333503900] [velocity_path_follower]: waypoint 929 / 5251 도달 (선 이탈 0.05 m)
[velocity_path_follower.py-9] [INFO] [1786904377.583464929] [velocity_path_follower]: 400.0s  wp 930/5251 이탈0.0m  위치 (  20.29,  -150.15,  10.90)
[velocity_path_follower.py-9] [INFO] [1786904377.683514751] [velocity_path_follower]: waypoint 930 / 5251 도달 (선 이탈 0.04 m)
[velocity_path_follower.py-9] [INFO] [1786904378.033740775] [velocity_path_follower]: waypoint 931 / 5251 도달 (선 이탈 0.04 m)
[velocity_path_follower.py-9] [INFO] [1786904378.383636902] [velocity_path_follower]: waypoint 932 / 5251 도달 (선 이탈 0.04 m)
[velocity_path_follower.py-9] [INFO] [1786904378.733607741] [velocity_path_follower]: waypoint 933 / 5251 도달 (선 이탈 0.03 m)
[velocity_path_follower.py-9] [INFO] [1786904379.083958130] [velocity_path_follower]: waypoint 934 / 5251 도달 (선 이탈 0.03 m)
[velocity_path_follower.py-9] [INFO] [1786904379.433713824] [velocity_path_follower]: waypoint 935 / 5251 도달 (선 이탈 0.02 m)
[velocity_path_follower.py-9] [INFO] [1786904379.789857056] [velocity_path_follower]: waypoint 936 / 5251 도달 (선 이탈 0.02 m)
[velocity_path_follower.py-9] [INFO] [1786904380.139950215] [velocity_path_follower]: waypoint 937 / 5251 도달 (선 이탈 0.01 m)
[velocity_path_follower.py-9] [INFO] [1786904380.489883195] [velocity_path_follower]: waypoint 938 / 5251 도달 (선 이탈 0.01 m)
[velocity_path_follower.py-9] [INFO] [1786904380.792828220] [velocity_path_follower]: waypoint 939 / 5251 도달 (선 이탈 0.00 m)
[velocity_path_follower.py-9] [INFO] [1786904381.196422528] [velocity_path_follower]: waypoint 940 / 5251 도달 (선 이탈 0.00 m)
[velocity_path_follower.py-9] [INFO] [1786904381.496925757] [velocity_path_follower]: waypoint 941 / 5251 도달 (선 이탈 0.01 m)
[velocity_path_follower.py-9] [INFO] [1786904381.846643135] [velocity_path_follower]: waypoint 942 / 5251 도달 (선 이탈 0.01 m)
[velocity_path_follower.py-9] [INFO] [1786904382.196723894] [velocity_path_follower]: waypoint 943 / 5251 도달 (선 이탈 0.01 m)
[velocity_path_follower.py-9] [INFO] [1786904382.546626933] [velocity_path_follower]: waypoint 944 / 5251 도달 (선 이탈 0.02 m)
[velocity_path_follower.py-9] [INFO] [1786904382.596428391] [velocity_path_follower]: 405.0s  wp 945/5251 이탈0.0m  위치 (  27.50,  -150.08,  10.68)
[velocity_path_follower.py-9] [INFO] [1786904382.898646289] [velocity_path_follower]: waypoint 945 / 5251 도달 (선 이탈 0.02 m)
[velocity_path_follower.py-9] [INFO] [1786904383.248762244] [velocity_path_follower]: waypoint 946 / 5251 도달 (선 이탈 0.02 m)
[velocity_path_follower.py-9] [INFO] [1786904383.603171206] [velocity_path_follower]: waypoint 947 / 5251 도달 (선 이탈 0.03 m)
[velocity_path_follower.py-9] [INFO] [1786904383.957391995] [velocity_path_follower]: waypoint 948 / 5251 도달 (선 이탈 0.03 m)
[velocity_path_follower.py-9] [INFO] [1786904384.309741840] [velocity_path_follower]: waypoint 949 / 5251 도달 (선 이탈 0.03 m)
[velocity_path_follower.py-9] [INFO] [1786904384.661483914] [velocity_path_follower]: waypoint 950 / 5251 도달 (선 이탈 0.03 m)
[velocity_path_follower.py-9] [INFO] [1786904384.961830608] [velocity_path_follower]: waypoint 951 / 5251 도달 (선 이탈 0.03 m)
[velocity_path_follower.py-9] [INFO] [1786904385.361508066] [velocity_path_follower]: waypoint 952 / 5251 도달 (선 이탈 0.03 m)
[velocity_path_follower.py-9] [INFO] [1786904385.711444279] [velocity_path_follower]: waypoint 953 / 5251 도달 (선 이탈 0.03 m)
[velocity_path_follower.py-9] [INFO] [1786904386.011505496] [velocity_path_follower]: waypoint 954 / 5251 도달 (선 이탈 0.03 m)
[velocity_path_follower.py-9] [INFO] [1786904386.411626869] [velocity_path_follower]: waypoint 955 / 5251 도달 (선 이탈 0.02 m)
[velocity_path_follower.py-9] [INFO] [1786904386.711514487] [velocity_path_follower]: waypoint 956 / 5251 도달 (선 이탈 0.02 m)
[velocity_path_follower.py-9] [INFO] [1786904387.064198024] [velocity_path_follower]: waypoint 957 / 5251 도달 (선 이탈 0.02 m)
[velocity_path_follower.py-9] [INFO] [1786904387.413725826] [velocity_path_follower]: waypoint 958 / 5251 도달 (선 이탈 0.02 m)
[velocity_path_follower.py-9] [INFO] [1786904387.613682066] [velocity_path_follower]: 410.0s  wp 959/5251 이탈0.0m  위치 (  34.71,  -150.08,   8.75)
[velocity_path_follower.py-9] [INFO] [1786904387.763941651] [velocity_path_follower]: waypoint 959 / 5251 도달 (선 이탈 0.01 m)
[velocity_path_follower.py-9] [INFO] [1786904388.113755333] [velocity_path_follower]: waypoint 960 / 5251 도달 (선 이탈 0.01 m)
[velocity_path_follower.py-9] [INFO] [1786904388.463747556] [velocity_path_follower]: waypoint 961 / 5251 도달 (선 이탈 0.01 m)
[velocity_path_follower.py-9] [INFO] [1786904388.813697735] [velocity_path_follower]: waypoint 962 / 5251 도달 (선 이탈 0.01 m)
[velocity_path_follower.py-9] [INFO] [1786904389.163876833] [velocity_path_follower]: waypoint 963 / 5251 도달 (선 이탈 0.00 m)
[velocity_path_follower.py-9] [INFO] [1786904389.513796541] [velocity_path_follower]: waypoint 964 / 5251 도달 (선 이탈 0.00 m)
[velocity_path_follower.py-9] [INFO] [1786904389.863731333] [velocity_path_follower]: waypoint 965 / 5251 도달 (선 이탈 0.00 m)
[velocity_path_follower.py-9] [INFO] [1786904390.163809380] [velocity_path_follower]: waypoint 966 / 5251 도달 (선 이탈 0.00 m)
[velocity_path_follower.py-9] [INFO] [1786904390.566189314] [velocity_path_follower]: waypoint 967 / 5251 도달 (선 이탈 0.01 m)
[velocity_path_follower.py-9] [INFO] [1786904390.866307524] [velocity_path_follower]: waypoint 968 / 5251 도달 (선 이탈 0.01 m)
[velocity_path_follower.py-9] [INFO] [1786904391.215989665] [velocity_path_follower]: waypoint 969 / 5251 도달 (선 이탈 0.01 m)
[velocity_path_follower.py-9] [INFO] [1786904391.566186942] [velocity_path_follower]: waypoint 970 / 5251 도달 (선 이탈 0.01 m)
[velocity_path_follower.py-9] [INFO] [1786904391.916088044] [velocity_path_follower]: waypoint 971 / 5251 도달 (선 이탈 0.01 m)
[velocity_path_follower.py-9] [INFO] [1786904392.266194143] [velocity_path_follower]: waypoint 972 / 5251 도달 (선 이탈 0.01 m)
[velocity_path_follower.py-9] [INFO] [1786904392.616044440] [velocity_path_follower]: waypoint 973 / 5251 도달 (선 이탈 0.01 m)
[velocity_path_follower.py-9] [INFO] [1786904392.665961718] [velocity_path_follower]: 415.1s  wp 974/5251 이탈0.0m  위치 (  42.01,  -150.11,   8.44)
[velocity_path_follower.py-9] [INFO] [1786904392.966030908] [velocity_path_follower]: waypoint 974 / 5251 도달 (선 이탈 0.01 m)
[velocity_path_follower.py-9] [INFO] [1786904393.316072950] [velocity_path_follower]: waypoint 975 / 5251 도달 (선 이탈 0.01 m)
[velocity_path_follower.py-9] [INFO] [1786904393.666238370] [velocity_path_follower]: waypoint 976 / 5251 도달 (선 이탈 0.01 m)
[velocity_path_follower.py-9] [INFO] [1786904394.016049237] [velocity_path_follower]: waypoint 977 / 5251 도달 (선 이탈 0.01 m)
[velocity_path_follower.py-9] [INFO] [1786904394.365998306] [velocity_path_follower]: waypoint 978 / 5251 도달 (선 이탈 0.01 m)
[velocity_path_follower.py-9] [INFO] [1786904394.716270634] [velocity_path_follower]: waypoint 979 / 5251 도달 (선 이탈 0.01 m)
[velocity_path_follower.py-9] [INFO] [1786904395.066132865] [velocity_path_follower]: waypoint 980 / 5251 도달 (선 이탈 0.01 m)
[velocity_path_follower.py-9] [INFO] [1786904395.416002045] [velocity_path_follower]: waypoint 981 / 5251 도달 (선 이탈 0.01 m)
[velocity_path_follower.py-9] [INFO] [1786904395.766159858] [velocity_path_follower]: waypoint 982 / 5251 도달 (선 이탈 0.01 m)
[velocity_path_follower.py-9] [INFO] [1786904396.116715931] [velocity_path_follower]: waypoint 983 / 5251 도달 (선 이탈 0.01 m)
[velocity_path_follower.py-9] [INFO] [1786904396.416202646] [velocity_path_follower]: waypoint 984 / 5251 도달 (선 이탈 0.01 m)
[velocity_path_follower.py-9] [INFO] [1786904396.766227902] [velocity_path_follower]: waypoint 985 / 5251 도달 (선 이탈 0.00 m)
[velocity_path_follower.py-9] [INFO] [1786904397.116208946] [velocity_path_follower]: waypoint 986 / 5251 도달 (선 이탈 0.00 m)
[velocity_path_follower.py-9] [INFO] [1786904397.466099895] [velocity_path_follower]: waypoint 987 / 5251 도달 (선 이탈 0.00 m)
[velocity_path_follower.py-9] [INFO] [1786904397.615986960] [velocity_path_follower]: 420.0s  wp 988/5251 이탈0.0m  위치 (  49.13,  -150.10,  10.95)
[velocity_path_follower.py-9] [INFO] [1786904397.816072430] [velocity_path_follower]: waypoint 988 / 5251 도달 (선 이탈 0.00 m)
[velocity_path_follower.py-9] [INFO] [1786904398.166051168] [velocity_path_follower]: waypoint 989 / 5251 도달 (선 이탈 0.00 m)
[velocity_path_follower.py-9] [INFO] [1786904398.515943356] [velocity_path_follower]: waypoint 990 / 5251 도달 (선 이탈 0.00 m)
[velocity_path_follower.py-9] [INFO] [1786904398.866423104] [velocity_path_follower]: waypoint 991 / 5251 도달 (선 이탈 0.00 m)
[velocity_path_follower.py-9] [INFO] [1786904399.216119696] [velocity_path_follower]: waypoint 992 / 5251 도달 (선 이탈 0.01 m)
[velocity_path_follower.py-9] [INFO] [1786904399.566159002] [velocity_path_follower]: waypoint 993 / 5251 도달 (선 이탈 0.01 m)
[velocity_path_follower.py-9] [INFO] [1786904399.916165933] [velocity_path_follower]: waypoint 994 / 5251 도달 (선 이탈 0.01 m)
[velocity_path_follower.py-9] [INFO] [1786904400.266079810] [velocity_path_follower]: waypoint 995 / 5251 도달 (선 이탈 0.01 m)
[velocity_path_follower.py-9] [INFO] [1786904400.616015893] [velocity_path_follower]: waypoint 996 / 5251 도달 (선 이탈 0.01 m)
[velocity_path_follower.py-9] [INFO] [1786904400.966263195] [velocity_path_follower]: waypoint 997 / 5251 도달 (선 이탈 0.01 m)
[velocity_path_follower.py-9] [INFO] [1786904401.316070347] [velocity_path_follower]: waypoint 998 / 5251 도달 (선 이탈 0.01 m)
[velocity_path_follower.py-9] [INFO] [1786904401.615987569] [velocity_path_follower]: waypoint 999 / 5251 도달 (선 이탈 0.01 m)
[velocity_path_follower.py-9] [INFO] [1786904401.966199233] [velocity_path_follower]: waypoint 1000 / 5251 도달 (선 이탈 0.01 m)
[velocity_path_follower.py-9] [INFO] [1786904402.321113950] [velocity_path_follower]: waypoint 1001 / 5251 도달 (선 이탈 0.01 m)
[velocity_path_follower.py-9] [INFO] [1786904402.620883532] [velocity_path_follower]: 425.0s  wp 1002/5251 이탈0.0m  위치 (  56.35,  -150.09,  13.97)
[velocity_path_follower.py-9] [INFO] [1786904402.670962258] [velocity_path_follower]: waypoint 1002 / 5251 도달 (선 이탈 0.01 m)
[velocity_path_follower.py-9] [INFO] [1786904403.021028239] [velocity_path_follower]: waypoint 1003 / 5251 도달 (선 이탈 0.01 m)
[velocity_path_follower.py-9] [INFO] [1786904403.370947163] [velocity_path_follower]: waypoint 1004 / 5251 도달 (선 이탈 0.01 m)
[velocity_path_follower.py-9] [INFO] [1786904403.721322768] [velocity_path_follower]: waypoint 1005 / 5251 도달 (선 이탈 0.01 m)
[velocity_path_follower.py-9] [INFO] [1786904404.070948931] [velocity_path_follower]: waypoint 1006 / 5251 도달 (선 이탈 0.01 m)
[velocity_path_follower.py-9] [INFO] [1786904404.420934679] [velocity_path_follower]: waypoint 1007 / 5251 도달 (선 이탈 0.00 m)
[velocity_path_follower.py-9] [INFO] [1786904404.770990180] [velocity_path_follower]: waypoint 1008 / 5251 도달 (선 이탈 0.00 m)
[velocity_path_follower.py-9] [INFO] [1786904405.121237682] [velocity_path_follower]: waypoint 1009 / 5251 도달 (선 이탈 0.00 m)
[velocity_path_follower.py-9] [INFO] [1786904407.621218075] [velocity_path_follower]: 430.0s  wp 1010/5251 이탈1.7m  위치 (  63.06,  -149.37,  10.11)
[velocity_path_follower.py-9] [INFO] [1786904410.221146443] [velocity_path_follower]: waypoint 1010 / 5251 도달 (선 이탈 2.95 m)
[velocity_path_follower.py-9] [INFO] [1786904412.636937922] [velocity_path_follower]: 435.0s  wp 1012/5251 이탈0.3m  위치 (  63.95,  -145.77,   8.14)
[velocity_path_follower.py-9] [INFO] [1786904415.035931622] [velocity_path_follower]: waypoint 1012 / 5251 도달 (선 이탈 1.36 m)
[velocity_path_follower.py-9] [INFO] [1786904415.685863837] [velocity_path_follower]: waypoint 1013 / 5251 도달 (선 이탈 1.44 m)
[velocity_path_follower.py-9] [INFO] [1786904416.285836468] [velocity_path_follower]: waypoint 1014 / 5251 도달 (선 이탈 1.45 m)
[velocity_path_follower.py-9] [INFO] [1786904416.835729510] [velocity_path_follower]: waypoint 1015 / 5251 도달 (선 이탈 1.41 m)
[velocity_path_follower.py-9] [INFO] [1786904417.435978667] [velocity_path_follower]: waypoint 1016 / 5251 도달 (선 이탈 1.31 m)
[velocity_path_follower.py-9] [INFO] [1786904417.635486741] [velocity_path_follower]: 440.0s  wp 1017/5251 이탈1.3m  위치 (  60.17,  -144.83,  11.28)
[velocity_path_follower.py-9] [INFO] [1786904417.935898243] [velocity_path_follower]: waypoint 1017 / 5251 도달 (선 이탈 1.19 m)
[velocity_path_follower.py-9] [INFO] [1786904418.485952008] [velocity_path_follower]: waypoint 1018 / 5251 도달 (선 이탈 1.03 m)
[velocity_path_follower.py-9] [INFO] [1786904418.985614977] [velocity_path_follower]: waypoint 1019 / 5251 도달 (선 이탈 0.88 m)
[velocity_path_follower.py-9] [INFO] [1786904419.485836282] [velocity_path_follower]: waypoint 1020 / 5251 도달 (선 이탈 0.69 m)
[velocity_path_follower.py-9] [INFO] [1786904419.985851288] [velocity_path_follower]: waypoint 1021 / 5251 도달 (선 이탈 0.51 m)
[velocity_path_follower.py-9] [INFO] [1786904420.435793207] [velocity_path_follower]: waypoint 1022 / 5251 도달 (선 이탈 0.34 m)
[velocity_path_follower.py-9] [INFO] [1786904420.885784377] [velocity_path_follower]: waypoint 1023 / 5251 도달 (선 이탈 0.17 m)
[velocity_path_follower.py-9] [INFO] [1786904421.335838664] [velocity_path_follower]: waypoint 1024 / 5251 도달 (선 이탈 0.00 m)
[velocity_path_follower.py-9] [INFO] [1786904421.785842279] [velocity_path_follower]: waypoint 1025 / 5251 도달 (선 이탈 0.15 m)
[velocity_path_follower.py-9] [INFO] [1786904422.235815177] [velocity_path_follower]: waypoint 1026 / 5251 도달 (선 이탈 0.29 m)
[velocity_path_follower.py-9] [INFO] [1786904422.635729584] [velocity_path_follower]: waypoint 1027 / 5251 도달 (선 이탈 0.40 m)
[velocity_path_follower.py-9] [INFO] [1786904422.685430558] [velocity_path_follower]: 445.1s  wp 1028/5251 이탈0.4m  위치 (  54.81,  -146.51,  13.68)
[velocity_path_follower.py-9] [INFO] [1786904423.035725450] [velocity_path_follower]: waypoint 1028 / 5251 도달 (선 이탈 0.49 m)
[velocity_path_follower.py-9] [INFO] [1786904423.435734972] [velocity_path_follower]: waypoint 1029 / 5251 도달 (선 이탈 0.57 m)
[velocity_path_follower.py-9] [INFO] [1786904423.835510237] [velocity_path_follower]: waypoint 1030 / 5251 도달 (선 이탈 0.63 m)
[velocity_path_follower.py-9] [INFO] [1786904424.235724883] [velocity_path_follower]: waypoint 1031 / 5251 도달 (선 이탈 0.67 m)
[velocity_path_follower.py-9] [INFO] [1786904424.635948066] [velocity_path_follower]: waypoint 1032 / 5251 도달 (선 이탈 0.70 m)
[velocity_path_follower.py-9] [INFO] [1786904425.035758193] [velocity_path_follower]: waypoint 1033 / 5251 도달 (선 이탈 0.71 m)
[velocity_path_follower.py-9] [INFO] [1786904425.435744899] [velocity_path_follower]: waypoint 1034 / 5251 도달 (선 이탈 0.71 m)
[velocity_path_follower.py-9] [INFO] [1786904425.835812648] [velocity_path_follower]: waypoint 1035 / 5251 도달 (선 이탈 0.69 m)
[velocity_path_follower.py-9] [INFO] [1786904426.235790137] [velocity_path_follower]: waypoint 1036 / 5251 도달 (선 이탈 0.66 m)
[velocity_path_follower.py-9] [INFO] [1786904426.635675285] [velocity_path_follower]: waypoint 1037 / 5251 도달 (선 이탈 0.61 m)
[velocity_path_follower.py-9] [INFO] [1786904426.985942801] [velocity_path_follower]: waypoint 1038 / 5251 도달 (선 이탈 0.57 m)
[velocity_path_follower.py-9] [INFO] [1786904427.385789519] [velocity_path_follower]: waypoint 1039 / 5251 도달 (선 이탈 0.51 m)
[velocity_path_follower.py-9] [INFO] [1786904427.635618601] [velocity_path_follower]: 450.0s  wp 1040/5251 이탈0.5m  위치 (  48.56,  -146.56,  12.43)
[velocity_path_follower.py-9] [INFO] [1786904427.785699614] [velocity_path_follower]: waypoint 1040 / 5251 도달 (선 이탈 0.44 m)
[velocity_path_follower.py-9] [INFO] [1786904428.185680622] [velocity_path_follower]: waypoint 1041 / 5251 도달 (선 이탈 0.37 m)
[velocity_path_follower.py-9] [INFO] [1786904428.535862156] [velocity_path_follower]: waypoint 1042 / 5251 도달 (선 이탈 0.30 m)
[velocity_path_follower.py-9] [INFO] [1786904428.941924091] [velocity_path_follower]: waypoint 1043 / 5251 도달 (선 이탈 0.22 m)
[velocity_path_follower.py-9] [INFO] [1786904429.291622518] [velocity_path_follower]: waypoint 1044 / 5251 도달 (선 이탈 0.15 m)
[velocity_path_follower.py-9] [INFO] [1786904429.691692302] [velocity_path_follower]: waypoint 1045 / 5251 도달 (선 이탈 0.07 m)
[velocity_path_follower.py-9] [INFO] [1786904430.045661271] [velocity_path_follower]: waypoint 1046 / 5251 도달 (선 이탈 0.00 m)
[velocity_path_follower.py-9] [INFO] [1786904430.445840379] [velocity_path_follower]: waypoint 1047 / 5251 도달 (선 이탈 0.07 m)
[velocity_path_follower.py-9] [INFO] [1786904430.795736924] [velocity_path_follower]: waypoint 1048 / 5251 도달 (선 이탈 0.13 m)
[velocity_path_follower.py-9] [INFO] [1786904431.145520670] [velocity_path_follower]: waypoint 1049 / 5251 도달 (선 이탈 0.18 m)
[velocity_path_follower.py-9] [INFO] [1786904431.545500510] [velocity_path_follower]: waypoint 1050 / 5251 도달 (선 이탈 0.23 m)
[velocity_path_follower.py-9] [INFO] [1786904431.895653218] [velocity_path_follower]: waypoint 1051 / 5251 도달 (선 이탈 0.27 m)
[velocity_path_follower.py-9] [INFO] [1786904432.245632123] [velocity_path_follower]: waypoint 1052 / 5251 도달 (선 이탈 0.30 m)
[velocity_path_follower.py-9] [INFO] [1786904432.645432904] [velocity_path_follower]: waypoint 1053 / 5251 도달 (선 이탈 0.33 m)
[velocity_path_follower.py-9] [INFO] [1786904432.695584501] [velocity_path_follower]: 455.1s  wp 1054/5251 이탈0.3m  위치 (  41.75,  -145.77,   8.87)
[velocity_path_follower.py-9] [INFO] [1786904433.002027046] [velocity_path_follower]: waypoint 1054 / 5251 도달 (선 이탈 0.35 m)
[velocity_path_follower.py-9] [INFO] [1786904433.555292861] [velocity_path_follower]: waypoint 1055 / 5251 도달 (선 이탈 0.36 m)
[velocity_path_follower.py-9] [INFO] [1786904433.704467611] [velocity_path_follower]: waypoint 1056 / 5251 도달 (선 이탈 0.36 m)
[velocity_path_follower.py-9] [INFO] [1786904434.058683461] [velocity_path_follower]: waypoint 1057 / 5251 도달 (선 이탈 0.36 m)
[velocity_path_follower.py-9] [INFO] [1786904434.408857805] [velocity_path_follower]: waypoint 1058 / 5251 도달 (선 이탈 0.35 m)
[velocity_path_follower.py-9] [INFO] [1786904434.808806108] [velocity_path_follower]: waypoint 1059 / 5251 도달 (선 이탈 0.34 m)
[velocity_path_follower.py-9] [INFO] [1786904435.158651146] [velocity_path_follower]: waypoint 1060 / 5251 도달 (선 이탈 0.32 m)
[velocity_path_follower.py-9] [INFO] [1786904435.511632356] [velocity_path_follower]: waypoint 1061 / 5251 도달 (선 이탈 0.29 m)
[velocity_path_follower.py-9] [INFO] [1786904435.861504306] [velocity_path_follower]: waypoint 1062 / 5251 도달 (선 이탈 0.27 m)
[velocity_path_follower.py-9] [INFO] [1786904436.261464797] [velocity_path_follower]: waypoint 1063 / 5251 도달 (선 이탈 0.23 m)
[velocity_path_follower.py-9] [INFO] [1786904436.611481824] [velocity_path_follower]: waypoint 1064 / 5251 도달 (선 이탈 0.20 m)
[velocity_path_follower.py-9] [INFO] [1786904436.961726233] [velocity_path_follower]: waypoint 1065 / 5251 도달 (선 이탈 0.16 m)
[velocity_path_follower.py-9] [INFO] [1786904437.311655289] [velocity_path_follower]: waypoint 1066 / 5251 도달 (선 이탈 0.13 m)
[velocity_path_follower.py-9] [INFO] [1786904437.663665324] [velocity_path_follower]: waypoint 1067 / 5251 도달 (선 이탈 0.09 m)
[velocity_path_follower.py-9] [INFO] [1786904437.713514155] [velocity_path_follower]: 460.1s  wp 1068/5251 이탈0.1m  위치 (  34.78,  -146.02,   7.79)
[velocity_path_follower.py-9] [INFO] [1786904438.013709049] [velocity_path_follower]: waypoint 1068 / 5251 도달 (선 이탈 0.05 m)
[velocity_path_follower.py-9] [INFO] [1786904438.365833201] [velocity_path_follower]: waypoint 1069 / 5251 도달 (선 이탈 0.02 m)
[velocity_path_follower.py-9] [INFO] [1786904438.715698994] [velocity_path_follower]: waypoint 1070 / 5251 도달 (선 이탈 0.02 m)
[velocity_path_follower.py-9] [INFO] [1786904439.065806168] [velocity_path_follower]: waypoint 1071 / 5251 도달 (선 이탈 0.05 m)
[velocity_path_follower.py-9] [INFO] [1786904439.415923166] [velocity_path_follower]: waypoint 1072 / 5251 도달 (선 이탈 0.08 m)
[velocity_path_follower.py-9] [INFO] [1786904439.765741114] [velocity_path_follower]: waypoint 1073 / 5251 도달 (선 이탈 0.10 m)
[velocity_path_follower.py-9] [INFO] [1786904440.165702519] [velocity_path_follower]: waypoint 1074 / 5251 도달 (선 이탈 0.13 m)
[velocity_path_follower.py-9] [INFO] [1786904440.515968803] [velocity_path_follower]: waypoint 1075 / 5251 도달 (선 이탈 0.15 m)
[velocity_path_follower.py-9] [INFO] [1786904440.865788573] [velocity_path_follower]: waypoint 1076 / 5251 도달 (선 이탈 0.17 m)
[velocity_path_follower.py-9] [INFO] [1786904441.216195355] [velocity_path_follower]: waypoint 1077 / 5251 도달 (선 이탈 0.18 m)
[velocity_path_follower.py-9] [INFO] [1786904441.565736024] [velocity_path_follower]: waypoint 1078 / 5251 도달 (선 이탈 0.19 m)
[velocity_path_follower.py-9] [INFO] [1786904441.918879384] [velocity_path_follower]: waypoint 1079 / 5251 도달 (선 이탈 0.19 m)
[velocity_path_follower.py-9] [INFO] [1786904442.267818776] [velocity_path_follower]: waypoint 1080 / 5251 도달 (선 이탈 0.19 m)
[velocity_path_follower.py-9] [INFO] [1786904442.617876242] [velocity_path_follower]: waypoint 1081 / 5251 도달 (선 이탈 0.19 m)
[velocity_path_follower.py-9] [INFO] [1786904442.667500058] [velocity_path_follower]: 465.0s  wp 1082/5251 이탈0.2m  위치 (  27.77,  -146.29,   9.03)
[velocity_path_follower.py-9] [INFO] [1786904442.967908248] [velocity_path_follower]: waypoint 1082 / 5251 도달 (선 이탈 0.18 m)
[velocity_path_follower.py-9] [INFO] [1786904443.317929536] [velocity_path_follower]: waypoint 1083 / 5251 도달 (선 이탈 0.18 m)
[velocity_path_follower.py-9] [INFO] [1786904443.667787818] [velocity_path_follower]: waypoint 1084 / 5251 도달 (선 이탈 0.17 m)
[velocity_path_follower.py-9] [INFO] [1786904444.020105923] [velocity_path_follower]: waypoint 1085 / 5251 도달 (선 이탈 0.15 m)
[velocity_path_follower.py-9] [INFO] [1786904444.370181285] [velocity_path_follower]: waypoint 1086 / 5251 도달 (선 이탈 0.14 m)
[velocity_path_follower.py-9] [INFO] [1786904444.720210229] [velocity_path_follower]: waypoint 1087 / 5251 도달 (선 이탈 0.12 m)
[velocity_path_follower.py-9] [INFO] [1786904445.023408858] [velocity_path_follower]: waypoint 1088 / 5251 도달 (선 이탈 0.11 m)
[velocity_path_follower.py-9] [INFO] [1786904445.423362571] [velocity_path_follower]: waypoint 1089 / 5251 도달 (선 이탈 0.09 m)
[velocity_path_follower.py-9] [INFO] [1786904445.773415797] [velocity_path_follower]: waypoint 1090 / 5251 도달 (선 이탈 0.07 m)
[velocity_path_follower.py-9] [INFO] [1786904446.125769796] [velocity_path_follower]: waypoint 1091 / 5251 도달 (선 이탈 0.05 m)
[velocity_path_follower.py-9] [INFO] [1786904446.477704692] [velocity_path_follower]: waypoint 1092 / 5251 도달 (선 이탈 0.03 m)
[velocity_path_follower.py-9] [INFO] [1786904446.829669840] [velocity_path_follower]: waypoint 1093 / 5251 도달 (선 이탈 0.01 m)
[velocity_path_follower.py-9] [INFO] [1786904447.179854845] [velocity_path_follower]: waypoint 1094 / 5251 도달 (선 이탈 0.01 m)
[velocity_path_follower.py-9] [INFO] [1786904447.529830173] [velocity_path_follower]: waypoint 1095 / 5251 도달 (선 이탈 0.02 m)
[velocity_path_follower.py-9] [INFO] [1786904447.679465125] [velocity_path_follower]: 470.0s  wp 1096/5251 이탈0.0m  위치 (  20.61,  -146.07,   8.49)
[velocity_path_follower.py-9] [INFO] [1786904447.879727540] [velocity_path_follower]: waypoint 1096 / 5251 도달 (선 이탈 0.04 m)
[velocity_path_follower.py-9] [INFO] [1786904448.179670208] [velocity_path_follower]: waypoint 1097 / 5251 도달 (선 이탈 0.05 m)
[velocity_path_follower.py-9] [INFO] [1786904448.581832618] [velocity_path_follower]: waypoint 1098 / 5251 도달 (선 이탈 0.07 m)
[velocity_path_follower.py-9] [INFO] [1786904448.884914625] [velocity_path_follower]: waypoint 1099 / 5251 도달 (선 이탈 0.07 m)
[velocity_path_follower.py-9] [INFO] [1786904449.235114568] [velocity_path_follower]: waypoint 1100 / 5251 도달 (선 이탈 0.08 m)
[velocity_path_follower.py-9] [INFO] [1786904449.584925703] [velocity_path_follower]: waypoint 1101 / 5251 도달 (선 이탈 0.09 m)
[velocity_path_follower.py-9] [INFO] [1786904449.934608085] [velocity_path_follower]: waypoint 1102 / 5251 도달 (선 이탈 0.09 m)
[velocity_path_follower.py-9] [INFO] [1786904450.284851142] [velocity_path_follower]: waypoint 1103 / 5251 도달 (선 이탈 0.10 m)
[velocity_path_follower.py-9] [INFO] [1786904450.634737728] [velocity_path_follower]: waypoint 1104 / 5251 도달 (선 이탈 0.10 m)
[velocity_path_follower.py-9] [INFO] [1786904450.984765360] [velocity_path_follower]: waypoint 1105 / 5251 도달 (선 이탈 0.10 m)
[velocity_path_follower.py-9] [INFO] [1786904451.334943737] [velocity_path_follower]: waypoint 1106 / 5251 도달 (선 이탈 0.09 m)
[velocity_path_follower.py-9] [INFO] [1786904451.684689058] [velocity_path_follower]: waypoint 1107 / 5251 도달 (선 이탈 0.09 m)
[velocity_path_follower.py-9] [INFO] [1786904452.034701512] [velocity_path_follower]: waypoint 1108 / 5251 도달 (선 이탈 0.08 m)
[velocity_path_follower.py-9] [INFO] [1786904452.384741499] [velocity_path_follower]: waypoint 1109 / 5251 도달 (선 이탈 0.08 m)
[velocity_path_follower.py-9] [INFO] [1786904452.684699503] [velocity_path_follower]: 475.0s  wp 1110/5251 이탈0.1m  위치 (  13.43,  -146.03,  10.86)
[velocity_path_follower.py-9] [INFO] [1786904452.734651482] [velocity_path_follower]: waypoint 1110 / 5251 도달 (선 이탈 0.07 m)
[velocity_path_follower.py-9] [INFO] [1786904453.084801261] [velocity_path_follower]: waypoint 1111 / 5251 도달 (선 이탈 0.06 m)
[velocity_path_follower.py-9] [INFO] [1786904453.434925782] [velocity_path_follower]: waypoint 1112 / 5251 도달 (선 이탈 0.05 m)
[velocity_path_follower.py-9] [INFO] [1786904453.734958613] [velocity_path_follower]: waypoint 1113 / 5251 도달 (선 이탈 0.04 m)
[velocity_path_follower.py-9] [INFO] [1786904454.134510925] [velocity_path_follower]: waypoint 1114 / 5251 도달 (선 이탈 0.03 m)
[velocity_path_follower.py-9] [INFO] [1786904454.484768689] [velocity_path_follower]: waypoint 1115 / 5251 도달 (선 이탈 0.02 m)
[velocity_path_follower.py-9] [INFO] [1786904454.834813656] [velocity_path_follower]: waypoint 1116 / 5251 도달 (선 이탈 0.01 m)
[velocity_path_follower.py-9] [INFO] [1786904455.184752447] [velocity_path_follower]: waypoint 1117 / 5251 도달 (선 이탈 0.00 m)
[velocity_path_follower.py-9] [INFO] [1786904455.484642007] [velocity_path_follower]: waypoint 1118 / 5251 도달 (선 이탈 0.00 m)
[velocity_path_follower.py-9] [INFO] [1786904455.884516851] [velocity_path_follower]: waypoint 1119 / 5251 도달 (선 이탈 0.01 m)
[velocity_path_follower.py-9] [INFO] [1786904456.184799666] [velocity_path_follower]: waypoint 1120 / 5251 도달 (선 이탈 0.02 m)
[velocity_path_follower.py-9] [INFO] [1786904456.534802320] [velocity_path_follower]: waypoint 1121 / 5251 도달 (선 이탈 0.03 m)
[velocity_path_follower.py-9] [INFO] [1786904456.884953894] [velocity_path_follower]: waypoint 1122 / 5251 도달 (선 이탈 0.04 m)
[velocity_path_follower.py-9] [INFO] [1786904457.234619656] [velocity_path_follower]: waypoint 1123 / 5251 도달 (선 이탈 0.04 m)
[velocity_path_follower.py-9] [INFO] [1786904457.585246651] [velocity_path_follower]: waypoint 1124 / 5251 도달 (선 이탈 0.05 m)
[velocity_path_follower.py-9] [INFO] [1786904457.684717165] [velocity_path_follower]: 480.0s  wp 1125/5251 이탈0.0m  위치 (   6.22,  -146.15,  12.76)
[velocity_path_follower.py-9] [INFO] [1786904457.934834824] [velocity_path_follower]: waypoint 1125 / 5251 도달 (선 이탈 0.05 m)
[velocity_path_follower.py-9] [INFO] [1786904458.284684038] [velocity_path_follower]: waypoint 1126 / 5251 도달 (선 이탈 0.05 m)
[velocity_path_follower.py-9] [INFO] [1786904458.634789341] [velocity_path_follower]: waypoint 1127 / 5251 도달 (선 이탈 0.05 m)
[velocity_path_follower.py-9] [INFO] [1786904458.984673387] [velocity_path_follower]: waypoint 1128 / 5251 도달 (선 이탈 0.05 m)
[velocity_path_follower.py-9] [INFO] [1786904459.334657010] [velocity_path_follower]: waypoint 1129 / 5251 도달 (선 이탈 0.05 m)
[velocity_path_follower.py-9] [INFO] [1786904459.634799126] [velocity_path_follower]: waypoint 1130 / 5251 도달 (선 이탈 0.05 m)
[velocity_path_follower.py-9] [INFO] [1786904460.034946389] [velocity_path_follower]: waypoint 1131 / 5251 도달 (선 이탈 0.05 m)
[velocity_path_follower.py-9] [INFO] [1786904460.334754694] [velocity_path_follower]: waypoint 1132 / 5251 도달 (선 이탈 0.05 m)
[velocity_path_follower.py-9] [INFO] [1786904460.734813111] [velocity_path_follower]: waypoint 1133 / 5251 도달 (선 이탈 0.04 m)
[velocity_path_follower.py-9] [INFO] [1786904461.086923992] [velocity_path_follower]: waypoint 1134 / 5251 도달 (선 이탈 0.04 m)
[velocity_path_follower.py-9] [INFO] [1786904461.386829583] [velocity_path_follower]: waypoint 1135 / 5251 도달 (선 이탈 0.04 m)
[velocity_path_follower.py-9] [INFO] [1786904461.786899239] [velocity_path_follower]: waypoint 1136 / 5251 도달 (선 이탈 0.03 m)
[velocity_path_follower.py-9] [INFO] [1786904462.087926986] [velocity_path_follower]: waypoint 1137 / 5251 도달 (선 이탈 0.03 m)
[velocity_path_follower.py-9] [INFO] [1786904462.439277202] [velocity_path_follower]: waypoint 1138 / 5251 도달 (선 이탈 0.02 m)
[velocity_path_follower.py-9] [INFO] [1786904462.691194586] [velocity_path_follower]: 485.0s  wp 1139/5251 이탈0.0m  위치 (  -0.98,  -146.12,   8.68)
[velocity_path_follower.py-9] [INFO] [1786904462.791265228] [velocity_path_follower]: waypoint 1139 / 5251 도달 (선 이탈 0.02 m)
[velocity_path_follower.py-9] [INFO] [1786904463.141242566] [velocity_path_follower]: waypoint 1140 / 5251 도달 (선 이탈 0.01 m)
[velocity_path_follower.py-9] [INFO] [1786904463.491264983] [velocity_path_follower]: waypoint 1141 / 5251 도달 (선 이탈 0.01 m)
[velocity_path_follower.py-9] [INFO] [1786904463.841293984] [velocity_path_follower]: waypoint 1142 / 5251 도달 (선 이탈 0.00 m)
[velocity_path_follower.py-9] [INFO] [1786904464.195697732] [velocity_path_follower]: waypoint 1143 / 5251 도달 (선 이탈 0.00 m)
[velocity_path_follower.py-9] [INFO] [1786904464.545938187] [velocity_path_follower]: waypoint 1144 / 5251 도달 (선 이탈 0.01 m)
[velocity_path_follower.py-9] [INFO] [1786904464.895819923] [velocity_path_follower]: waypoint 1145 / 5251 도달 (선 이탈 0.01 m)
[velocity_path_follower.py-9] [INFO] [1786904465.248106681] [velocity_path_follower]: waypoint 1146 / 5251 도달 (선 이탈 0.01 m)
[velocity_path_follower.py-9] [INFO] [1786904465.598193830] [velocity_path_follower]: waypoint 1147 / 5251 도달 (선 이탈 0.02 m)
[velocity_path_follower.py-9] [INFO] [1786904465.948241978] [velocity_path_follower]: waypoint 1148 / 5251 도달 (선 이탈 0.02 m)
[velocity_path_follower.py-9] [INFO] [1786904466.248332992] [velocity_path_follower]: waypoint 1149 / 5251 도달 (선 이탈 0.02 m)
[velocity_path_follower.py-9] [INFO] [1786904466.600445523] [velocity_path_follower]: waypoint 1150 / 5251 도달 (선 이탈 0.02 m)
[velocity_path_follower.py-9] [INFO] [1786904466.950888714] [velocity_path_follower]: waypoint 1151 / 5251 도달 (선 이탈 0.03 m)
[velocity_path_follower.py-9] [INFO] [1786904467.300634960] [velocity_path_follower]: waypoint 1152 / 5251 도달 (선 이탈 0.03 m)
[velocity_path_follower.py-9] [INFO] [1786904467.650472873] [velocity_path_follower]: waypoint 1153 / 5251 도달 (선 이탈 0.03 m)
[velocity_path_follower.py-9] [INFO] [1786904467.700388579] [velocity_path_follower]: 490.0s  wp 1154/5251 이탈0.0m  위치 (  -8.19,  -146.07,   7.60)
[velocity_path_follower.py-9] [INFO] [1786904468.000522210] [velocity_path_follower]: waypoint 1154 / 5251 도달 (선 이탈 0.03 m)
[velocity_path_follower.py-9] [INFO] [1786904468.352671431] [velocity_path_follower]: waypoint 1155 / 5251 도달 (선 이탈 0.02 m)
[velocity_path_follower.py-9] [INFO] [1786904468.702498417] [velocity_path_follower]: waypoint 1156 / 5251 도달 (선 이탈 0.02 m)
[velocity_path_follower.py-9] [INFO] [1786904469.052728456] [velocity_path_follower]: waypoint 1157 / 5251 도달 (선 이탈 0.02 m)
[velocity_path_follower.py-9] [INFO] [1786904469.402761855] [velocity_path_follower]: waypoint 1158 / 5251 도달 (선 이탈 0.02 m)
[velocity_path_follower.py-9] [INFO] [1786904469.752759337] [velocity_path_follower]: waypoint 1159 / 5251 도달 (선 이탈 0.02 m)
[velocity_path_follower.py-9] [INFO] [1786904470.102747232] [velocity_path_follower]: waypoint 1160 / 5251 도달 (선 이탈 0.02 m)
[velocity_path_follower.py-9] [INFO] [1786904470.454881725] [velocity_path_follower]: waypoint 1161 / 5251 도달 (선 이탈 0.01 m)
[velocity_path_follower.py-9] [INFO] [1786904470.804700400] [velocity_path_follower]: waypoint 1162 / 5251 도달 (선 이탈 0.01 m)
[velocity_path_follower.py-9] [INFO] [1786904471.154656158] [velocity_path_follower]: waypoint 1163 / 5251 도달 (선 이탈 0.01 m)
[velocity_path_follower.py-9] [INFO] [1786904471.504740831] [velocity_path_follower]: waypoint 1164 / 5251 도달 (선 이탈 0.00 m)
[velocity_path_follower.py-9] [INFO] [1786904471.804771632] [velocity_path_follower]: waypoint 1165 / 5251 도달 (선 이탈 0.00 m)
[velocity_path_follower.py-9] [INFO] [1786904472.155384191] [velocity_path_follower]: waypoint 1166 / 5251 도달 (선 이탈 0.00 m)
[velocity_path_follower.py-9] [INFO] [1786904472.504862087] [velocity_path_follower]: waypoint 1167 / 5251 도달 (선 이탈 0.00 m)
[velocity_path_follower.py-9] [INFO] [1786904472.704503674] [velocity_path_follower]: 495.0s  wp 1168/5251 이탈0.0m  위치 ( -15.40,  -146.10,   9.86)
[velocity_path_follower.py-9] [INFO] [1786904472.854515071] [velocity_path_follower]: waypoint 1168 / 5251 도달 (선 이탈 0.00 m)
[velocity_path_follower.py-9] [INFO] [1786904473.204830110] [velocity_path_follower]: waypoint 1169 / 5251 도달 (선 이탈 0.01 m)
[velocity_path_follower.py-9] [INFO] [1786904473.554658464] [velocity_path_follower]: waypoint 1170 / 5251 도달 (선 이탈 0.01 m)
[velocity_path_follower.py-9] [INFO] [1786904473.904898455] [velocity_path_follower]: waypoint 1171 / 5251 도달 (선 이탈 0.01 m)
[velocity_path_follower.py-9] [INFO] [1786904474.257987522] [velocity_path_follower]: waypoint 1172 / 5251 도달 (선 이탈 0.01 m)
[velocity_path_follower.py-9] [INFO] [1786904474.609867550] [velocity_path_follower]: waypoint 1173 / 5251 도달 (선 이탈 0.01 m)
[velocity_path_follower.py-9] [INFO] [1786904474.959689478] [velocity_path_follower]: waypoint 1174 / 5251 도달 (선 이탈 0.01 m)
[velocity_path_follower.py-9] [INFO] [1786904475.309811906] [velocity_path_follower]: waypoint 1175 / 5251 도달 (선 이탈 0.01 m)
[velocity_path_follower.py-9] [INFO] [1786904475.659715367] [velocity_path_follower]: waypoint 1176 / 5251 도달 (선 이탈 0.01 m)
[velocity_path_follower.py-9] [INFO] [1786904476.009903504] [velocity_path_follower]: waypoint 1177 / 5251 도달 (선 이탈 0.02 m)
[velocity_path_follower.py-9] [INFO] [1786904476.359767788] [velocity_path_follower]: waypoint 1178 / 5251 도달 (선 이탈 0.01 m)
[velocity_path_follower.py-9] [INFO] [1786904476.712905334] [velocity_path_follower]: waypoint 1179 / 5251 도달 (선 이탈 0.01 m)
[velocity_path_follower.py-9] [INFO] [1786904477.012518165] [velocity_path_follower]: waypoint 1180 / 5251 도달 (선 이탈 0.01 m)
[velocity_path_follower.py-9] [INFO] [1786904477.412789520] [velocity_path_follower]: waypoint 1181 / 5251 도달 (선 이탈 0.01 m)
[velocity_path_follower.py-9] [INFO] [1786904477.712817647] [velocity_path_follower]: waypoint 1182 / 5251 도달 (선 이탈 0.01 m)
[velocity_path_follower.py-9] [INFO] [1786904477.762385079] [velocity_path_follower]: 500.1s  climb       위치 ( -22.67,  -146.11,   6.42)
[velocity_path_follower.py-9] [INFO] [1786904481.112666943] [velocity_path_follower]: waypoint 1183 / 5251 도달 (선 이탈 0.00 m)
[velocity_path_follower.py-9] [INFO] [1786904481.162745426] [velocity_path_follower]: waypoint 1184 / 5251 도달 (선 이탈 0.00 m)
[velocity_path_follower.py-9] [INFO] [1786904481.214863843] [velocity_path_follower]: waypoint 1185 / 5251 도달 (선 이탈 0.00 m)
[velocity_path_follower.py-9] [INFO] [1786904481.264753904] [velocity_path_follower]: waypoint 1186 / 5251 도달 (선 이탈 0.00 m)
[velocity_path_follower.py-9] [INFO] [1786904481.314545087] [velocity_path_follower]: waypoint 1187 / 5251 도달 (선 이탈 0.00 m)
[velocity_path_follower.py-9] [INFO] [1786904481.364731948] [velocity_path_follower]: waypoint 1188 / 5251 도달 (선 이탈 0.00 m)
[velocity_path_follower.py-9] [INFO] [1786904481.414475130] [velocity_path_follower]: waypoint 1189 / 5251 도달 (선 이탈 0.00 m)
[velocity_path_follower.py-9] [INFO] [1786904481.464485194] [velocity_path_follower]: waypoint 1190 / 5251 도달 (선 이탈 0.00 m)
[velocity_path_follower.py-9] [INFO] [1786904482.164817137] [velocity_path_follower]: waypoint 1191 / 5251 도달 (선 이탈 0.00 m)
[velocity_path_follower.py-9] [INFO] [1786904482.714378438] [velocity_path_follower]: 505.0s  wp 1192/5251 이탈0.0m  위치 ( -27.56,  -146.10,   7.32)
[velocity_path_follower.py-9] [INFO] [1786904482.764706760] [velocity_path_follower]: waypoint 1192 / 5251 도달 (선 이탈 0.00 m)
[velocity_path_follower.py-9] [INFO] [1786904483.364803422] [velocity_path_follower]: waypoint 1193 / 5251 도달 (선 이탈 0.00 m)
[velocity_path_follower.py-9] [INFO] [1786904483.914700218] [velocity_path_follower]: waypoint 1194 / 5251 도달 (선 이탈 0.00 m)
[velocity_path_follower.py-9] [INFO] [1786904484.414675985] [velocity_path_follower]: waypoint 1195 / 5251 도달 (선 이탈 0.00 m)
[velocity_path_follower.py-9] [INFO] [1786904484.914491537] [velocity_path_follower]: waypoint 1196 / 5251 도달 (선 이탈 0.00 m)
[velocity_path_follower.py-9] [INFO] [1786904485.414605253] [velocity_path_follower]: waypoint 1197 / 5251 도달 (선 이탈 0.00 m)
[velocity_path_follower.py-9] [INFO] [1786904485.864507027] [velocity_path_follower]: waypoint 1198 / 5251 도달 (선 이탈 0.00 m)
[velocity_path_follower.py-9] [INFO] [1786904486.320342171] [velocity_path_follower]: waypoint 1199 / 5251 도달 (선 이탈 0.00 m)
[velocity_path_follower.py-9] [INFO] [1786904486.772562249] [velocity_path_follower]: waypoint 1200 / 5251 도달 (선 이탈 0.00 m)
[velocity_path_follower.py-9] [INFO] [1786904487.172470907] [velocity_path_follower]: waypoint 1201 / 5251 도달 (선 이탈 0.00 m)
[velocity_path_follower.py-9] [INFO] [1786904487.572737653] [velocity_path_follower]: waypoint 1202 / 5251 도달 (선 이탈 0.00 m)
[velocity_path_follower.py-9] [INFO] [1786904487.722430062] [velocity_path_follower]: 510.0s  wp 1203/5251 이탈0.0m  위치 ( -32.77,  -146.10,   7.85)
[velocity_path_follower.py-9] [INFO] [1786904488.022688445] [velocity_path_follower]: waypoint 1203 / 5251 도달 (선 이탈 0.00 m)
[velocity_path_follower.py-9] [INFO] [1786904488.425918390] [velocity_path_follower]: waypoint 1204 / 5251 도달 (선 이탈 0.00 m)
[velocity_path_follower.py-9] [INFO] [1786904488.824912130] [velocity_path_follower]: waypoint 1205 / 5251 도달 (선 이탈 0.00 m)
[velocity_path_follower.py-9] [INFO] [1786904489.225061064] [velocity_path_follower]: waypoint 1206 / 5251 도달 (선 이탈 0.00 m)
[velocity_path_follower.py-9] [INFO] [1786904489.624921943] [velocity_path_follower]: waypoint 1207 / 5251 도달 (선 이탈 0.00 m)
[velocity_path_follower.py-9] [INFO] [1786904490.024952868] [velocity_path_follower]: waypoint 1208 / 5251 도달 (선 이탈 0.00 m)
[velocity_path_follower.py-9] [INFO] [1786904490.424966407] [velocity_path_follower]: waypoint 1209 / 5251 도달 (선 이탈 0.00 m)
[velocity_path_follower.py-9] [INFO] [1786904490.824819067] [velocity_path_follower]: waypoint 1210 / 5251 도달 (선 이탈 0.00 m)
[velocity_path_follower.py-9] [INFO] [1786904491.174899344] [velocity_path_follower]: waypoint 1211 / 5251 도달 (선 이탈 0.00 m)
[velocity_path_follower.py-9] [INFO] [1786904492.724917637] [velocity_path_follower]: 515.0s  wp 1212/5251 이탈0.5m  위치 ( -39.07,  -145.84,   6.66)
[velocity_path_follower.py-9] [INFO] [1786904496.178786575] [velocity_path_follower]: waypoint 1212 / 5251 도달 (선 이탈 2.59 m)
[velocity_path_follower.py-9] [INFO] [1786904497.730275535] [velocity_path_follower]: 520.0s  wp 1214/5251 이탈0.3m  위치 ( -41.14,  -142.37,   6.77)
[velocity_path_follower.py-9] [INFO] [1786904500.834040663] [velocity_path_follower]: waypoint 1214 / 5251 도달 (선 이탈 1.36 m)
[velocity_path_follower.py-9] [INFO] [1786904501.533846138] [velocity_path_follower]: waypoint 1215 / 5251 도달 (선 이탈 1.47 m)
[velocity_path_follower.py-9] [INFO] [1786904502.439441118] [velocity_path_follower]: waypoint 1216 / 5251 도달 (선 이탈 1.49 m)
[velocity_path_follower.py-9] [INFO] [1786904502.733777339] [velocity_path_follower]: waypoint 1217 / 5251 도달 (선 이탈 1.46 m)
[velocity_path_follower.py-9] [INFO] [1786904502.783649287] [velocity_path_follower]: 525.1s  wp 1218/5251 이탈1.5m  위치 ( -38.06,  -140.65,   7.18)
[velocity_path_follower.py-9] [INFO] [1786904503.333686964] [velocity_path_follower]: waypoint 1218 / 5251 도달 (선 이탈 1.37 m)
[velocity_path_follower.py-9] [INFO] [1786904503.883793387] [velocity_path_follower]: waypoint 1219 / 5251 도달 (선 이탈 1.25 m)
[velocity_path_follower.py-9] [INFO] [1786904504.439520165] [velocity_path_follower]: waypoint 1220 / 5251 도달 (선 이탈 1.09 m)
[velocity_path_follower.py-9] [INFO] [1786904504.989564030] [velocity_path_follower]: waypoint 1221 / 5251 도달 (선 이탈 0.92 m)
[velocity_path_follower.py-9] [INFO] [1786904505.489480304] [velocity_path_follower]: waypoint 1222 / 5251 도달 (선 이탈 0.73 m)
[velocity_path_follower.py-9] [INFO] [1786904505.989488455] [velocity_path_follower]: waypoint 1223 / 5251 도달 (선 이탈 0.54 m)
[velocity_path_follower.py-9] [INFO] [1786904506.489591262] [velocity_path_follower]: waypoint 1224 / 5251 도달 (선 이탈 0.35 m)
[velocity_path_follower.py-9] [INFO] [1786904506.939783083] [velocity_path_follower]: waypoint 1225 / 5251 도달 (선 이탈 0.17 m)
[velocity_path_follower.py-9] [INFO] [1786904507.389634301] [velocity_path_follower]: waypoint 1226 / 5251 도달 (선 이탈 0.01 m)
[velocity_path_follower.py-9] [INFO] [1786904507.739949389] [velocity_path_follower]: 530.0s  wp 1227/5251 이탈0.1m  위치 ( -33.18,  -142.21,   6.91)
[velocity_path_follower.py-9] [INFO] [1786904507.839417266] [velocity_path_follower]: waypoint 1227 / 5251 도달 (선 이탈 0.15 m)
[velocity_path_follower.py-9] [INFO] [1786904508.289791323] [velocity_path_follower]: waypoint 1228 / 5251 도달 (선 이탈 0.28 m)
[velocity_path_follower.py-9] [INFO] [1786904508.689701834] [velocity_path_follower]: waypoint 1229 / 5251 도달 (선 이탈 0.39 m)
[velocity_path_follower.py-9] [INFO] [1786904509.139491992] [velocity_path_follower]: waypoint 1230 / 5251 도달 (선 이탈 0.50 m)
[velocity_path_follower.py-9] [INFO] [1786904509.541616513] [velocity_path_follower]: waypoint 1231 / 5251 도달 (선 이탈 0.58 m)
[velocity_path_follower.py-9] [INFO] [1786904509.941484264] [velocity_path_follower]: waypoint 1232 / 5251 도달 (선 이탈 0.64 m)
[velocity_path_follower.py-9] [INFO] [1786904510.341429090] [velocity_path_follower]: waypoint 1233 / 5251 도달 (선 이탈 0.68 m)
[velocity_path_follower.py-9] [INFO] [1786904510.741876221] [velocity_path_follower]: waypoint 1234 / 5251 도달 (선 이탈 0.71 m)
[velocity_path_follower.py-9] [INFO] [1786904511.141690456] [velocity_path_follower]: waypoint 1235 / 5251 도달 (선 이탈 0.71 m)
[velocity_path_follower.py-9] [INFO] [1786904511.541643354] [velocity_path_follower]: waypoint 1236 / 5251 도달 (선 이탈 0.71 m)
[velocity_path_follower.py-9] [INFO] [1786904511.941628295] [velocity_path_follower]: waypoint 1237 / 5251 도달 (선 이탈 0.69 m)
[velocity_path_follower.py-9] [INFO] [1786904512.341761565] [velocity_path_follower]: waypoint 1238 / 5251 도달 (선 이탈 0.65 m)
[velocity_path_follower.py-9] [INFO] [1786904512.691633844] [velocity_path_follower]: waypoint 1239 / 5251 도달 (선 이탈 0.61 m)
[velocity_path_follower.py-9] [INFO] [1786904512.742990905] [velocity_path_follower]: 535.0s  wp 1240/5251 이탈0.6m  위치 ( -27.04,  -142.70,   6.68)
[velocity_path_follower.py-9] [INFO] [1786904513.091771027] [velocity_path_follower]: waypoint 1240 / 5251 도달 (선 이탈 0.55 m)
[velocity_path_follower.py-9] [INFO] [1786904513.491612110] [velocity_path_follower]: waypoint 1241 / 5251 도달 (선 이탈 0.49 m)
[velocity_path_follower.py-9] [INFO] [1786904513.891657323] [velocity_path_follower]: waypoint 1242 / 5251 도달 (선 이탈 0.42 m)
[velocity_path_follower.py-9] [INFO] [1786904514.293543581] [velocity_path_follower]: waypoint 1243 / 5251 도달 (선 이탈 0.35 m)
[velocity_path_follower.py-9] [INFO] [1786904514.645745449] [velocity_path_follower]: waypoint 1244 / 5251 도달 (선 이탈 0.28 m)
[velocity_path_follower.py-9] [INFO] [1786904515.045791526] [velocity_path_follower]: waypoint 1245 / 5251 도달 (선 이탈 0.20 m)
[velocity_path_follower.py-9] [INFO] [1786904515.397649876] [velocity_path_follower]: waypoint 1246 / 5251 도달 (선 이탈 0.13 m)
[velocity_path_follower.py-9] [INFO] [1786904515.798066871] [velocity_path_follower]: waypoint 1247 / 5251 도달 (선 이탈 0.05 m)
[velocity_path_follower.py-9] [INFO] [1786904516.148189210] [velocity_path_follower]: waypoint 1248 / 5251 도달 (선 이탈 0.02 m)
[velocity_path_follower.py-9] [INFO] [1786904516.547620959] [velocity_path_follower]: waypoint 1249 / 5251 도달 (선 이탈 0.09 m)
[velocity_path_follower.py-9] [INFO] [1786904516.897507203] [velocity_path_follower]: waypoint 1250 / 5251 도달 (선 이탈 0.14 m)
[velocity_path_follower.py-9] [INFO] [1786904517.247892537] [velocity_path_follower]: waypoint 1251 / 5251 도달 (선 이탈 0.19 m)
[velocity_path_follower.py-9] [INFO] [1786904517.651078214] [velocity_path_follower]: waypoint 1252 / 5251 도달 (선 이탈 0.24 m)
[velocity_path_follower.py-9] [INFO] [1786904517.751205041] [velocity_path_follower]: 540.0s  wp 1253/5251 이탈0.3m  위치 ( -20.41,  -141.84,   6.79)
[velocity_path_follower.py-9] [INFO] [1786904518.001138620] [velocity_path_follower]: waypoint 1253 / 5251 도달 (선 이탈 0.28 m)
[velocity_path_follower.py-9] [INFO] [1786904518.351217727] [velocity_path_follower]: waypoint 1254 / 5251 도달 (선 이탈 0.31 m)
[velocity_path_follower.py-9] [INFO] [1786904518.751131302] [velocity_path_follower]: waypoint 1255 / 5251 도달 (선 이탈 0.34 m)
[velocity_path_follower.py-9] [INFO] [1786904519.101183697] [velocity_path_follower]: waypoint 1256 / 5251 도달 (선 이탈 0.36 m)
[velocity_path_follower.py-9] [INFO] [1786904519.451189042] [velocity_path_follower]: waypoint 1257 / 5251 도달 (선 이탈 0.36 m)
[velocity_path_follower.py-9] [INFO] [1786904519.801046217] [velocity_path_follower]: waypoint 1258 / 5251 도달 (선 이탈 0.37 m)
[velocity_path_follower.py-9] [INFO] [1786904520.151107060] [velocity_path_follower]: waypoint 1259 / 5251 도달 (선 이탈 0.36 m)
[velocity_path_follower.py-9] [INFO] [1786904520.501192315] [velocity_path_follower]: waypoint 1260 / 5251 도달 (선 이탈 0.35 m)
[velocity_path_follower.py-9] [INFO] [1786904520.901915976] [velocity_path_follower]: waypoint 1261 / 5251 도달 (선 이탈 0.34 m)
[velocity_path_follower.py-9] [INFO] [1786904521.257411458] [velocity_path_follower]: waypoint 1262 / 5251 도달 (선 이탈 0.31 m)
[velocity_path_follower.py-9] [INFO] [1786904521.607511205] [velocity_path_follower]: waypoint 1263 / 5251 도달 (선 이탈 0.29 m)
[velocity_path_follower.py-9] [INFO] [1786904521.957723830] [velocity_path_follower]: waypoint 1264 / 5251 도달 (선 이탈 0.26 m)
[velocity_path_follower.py-9] [INFO] [1786904522.357679908] [velocity_path_follower]: waypoint 1265 / 5251 도달 (선 이탈 0.22 m)
[velocity_path_follower.py-9] [INFO] [1786904522.707473263] [velocity_path_follower]: waypoint 1266 / 5251 도달 (선 이탈 0.19 m)
[velocity_path_follower.py-9] [INFO] [1786904522.757372728] [velocity_path_follower]: 545.0s  wp 1267/5251 이탈0.2m  위치 ( -13.47,  -141.92,   7.86)
[velocity_path_follower.py-9] [INFO] [1786904523.057445204] [velocity_path_follower]: waypoint 1267 / 5251 도달 (선 이탈 0.15 m)
[velocity_path_follower.py-9] [INFO] [1786904523.407341386] [velocity_path_follower]: waypoint 1268 / 5251 도달 (선 이탈 0.11 m)
[velocity_path_follower.py-9] [INFO] [1786904523.757493283] [velocity_path_follower]: waypoint 1269 / 5251 도달 (선 이탈 0.08 m)
[velocity_path_follower.py-9] [INFO] [1786904524.107713513] [velocity_path_follower]: waypoint 1270 / 5251 도달 (선 이탈 0.04 m)
[velocity_path_follower.py-9] [INFO] [1786904524.457520266] [velocity_path_follower]: waypoint 1271 / 5251 도달 (선 이탈 0.00 m)
[velocity_path_follower.py-9] [INFO] [1786904524.807321353] [velocity_path_follower]: waypoint 1272 / 5251 도달 (선 이탈 0.03 m)
[velocity_path_follower.py-9] [INFO] [1786904525.157669618] [velocity_path_follower]: waypoint 1273 / 5251 도달 (선 이탈 0.06 m)
[velocity_path_follower.py-9] [INFO] [1786904525.560503369] [velocity_path_follower]: waypoint 1274 / 5251 도달 (선 이탈 0.09 m)
[velocity_path_follower.py-9] [INFO] [1786904525.860713828] [velocity_path_follower]: waypoint 1275 / 5251 도달 (선 이탈 0.11 m)
[velocity_path_follower.py-9] [INFO] [1786904526.263020225] [velocity_path_follower]: waypoint 1276 / 5251 도달 (선 이탈 0.14 m)
[velocity_path_follower.py-9] [INFO] [1786904526.563084046] [velocity_path_follower]: waypoint 1277 / 5251 도달 (선 이탈 0.15 m)
[velocity_path_follower.py-9] [INFO] [1786904526.912975701] [velocity_path_follower]: waypoint 1278 / 5251 도달 (선 이탈 0.17 m)
[velocity_path_follower.py-9] [INFO] [1786904527.262849891] [velocity_path_follower]: waypoint 1279 / 5251 도달 (선 이탈 0.18 m)
[velocity_path_follower.py-9] [INFO] [1786904527.615169479] [velocity_path_follower]: waypoint 1280 / 5251 도달 (선 이탈 0.19 m)
[velocity_path_follower.py-9] [INFO] [1786904527.764861565] [velocity_path_follower]: 550.0s  wp 1281/5251 이탈0.2m  위치 (  -6.39,  -142.29,  10.80)
[velocity_path_follower.py-9] [INFO] [1786904528.017390610] [velocity_path_follower]: waypoint 1281 / 5251 도달 (선 이탈 0.19 m)
[velocity_path_follower.py-9] [INFO] [1786904528.369717648] [velocity_path_follower]: waypoint 1282 / 5251 도달 (선 이탈 0.19 m)
[velocity_path_follower.py-9] [INFO] [1786904528.719750331] [velocity_path_follower]: waypoint 1283 / 5251 도달 (선 이탈 0.19 m)
[velocity_path_follower.py-9] [INFO] [1786904529.073625576] [velocity_path_follower]: waypoint 1284 / 5251 도달 (선 이탈 0.18 m)
[velocity_path_follower.py-9] [INFO] [1786904529.427442271] [velocity_path_follower]: waypoint 1285 / 5251 도달 (선 이탈 0.18 m)
[velocity_path_follower.py-9] [INFO] [1786904529.777412444] [velocity_path_follower]: waypoint 1286 / 5251 도달 (선 이탈 0.16 m)
[velocity_path_follower.py-9] [INFO] [1786904530.131722941] [velocity_path_follower]: waypoint 1287 / 5251 도달 (선 이탈 0.15 m)
[velocity_path_follower.py-9] [INFO] [1786904530.481599685] [velocity_path_follower]: waypoint 1288 / 5251 도달 (선 이탈 0.13 m)
[velocity_path_follower.py-9] [INFO] [1786904530.831712561] [velocity_path_follower]: waypoint 1289 / 5251 도달 (선 이탈 0.12 m)
[velocity_path_follower.py-9] [INFO] [1786904531.183881906] [velocity_path_follower]: waypoint 1290 / 5251 도달 (선 이탈 0.10 m)
[velocity_path_follower.py-9] [INFO] [1786904531.536368464] [velocity_path_follower]: waypoint 1291 / 5251 도달 (선 이탈 0.08 m)
[velocity_path_follower.py-9] [INFO] [1786904531.886145947] [velocity_path_follower]: waypoint 1292 / 5251 도달 (선 이탈 0.06 m)
[velocity_path_follower.py-9] [INFO] [1786904532.238595289] [velocity_path_follower]: waypoint 1293 / 5251 도달 (선 이탈 0.04 m)
[velocity_path_follower.py-9] [INFO] [1786904532.590596866] [velocity_path_follower]: waypoint 1294 / 5251 도달 (선 이탈 0.02 m)
[velocity_path_follower.py-9] [INFO] [1786904532.790450268] [velocity_path_follower]: 555.0s  wp 1295/5251 이탈0.0m  위치 (   0.76,  -142.11,   9.50)
[velocity_path_follower.py-9] [INFO] [1786904532.892760325] [velocity_path_follower]: waypoint 1295 / 5251 도달 (선 이탈 0.01 m)
[velocity_path_follower.py-9] [INFO] [1786904533.242796926] [velocity_path_follower]: waypoint 1296 / 5251 도달 (선 이탈 0.01 m)
[velocity_path_follower.py-9] [INFO] [1786904533.592729854] [velocity_path_follower]: waypoint 1297 / 5251 도달 (선 이탈 0.03 m)
[velocity_path_follower.py-9] [INFO] [1786904533.995061219] [velocity_path_follower]: waypoint 1298 / 5251 도달 (선 이탈 0.04 m)
[velocity_path_follower.py-9] [INFO] [1786904534.299742024] [velocity_path_follower]: waypoint 1299 / 5251 도달 (선 이탈 0.06 m)
[velocity_path_follower.py-9] [INFO] [1786904534.699814359] [velocity_path_follower]: waypoint 1300 / 5251 도달 (선 이탈 0.07 m)
[velocity_path_follower.py-9] [INFO] [1786904534.999740450] [velocity_path_follower]: waypoint 1301 / 5251 도달 (선 이탈 0.08 m)
[velocity_path_follower.py-9] [INFO] [1786904535.349762447] [velocity_path_follower]: waypoint 1302 / 5251 도달 (선 이탈 0.09 m)
[velocity_path_follower.py-9] [INFO] [1786904535.709168575] [velocity_path_follower]: waypoint 1303 / 5251 도달 (선 이탈 0.09 m)
[velocity_path_follower.py-9] [INFO] [1786904536.063045801] [velocity_path_follower]: waypoint 1304 / 5251 도달 (선 이탈 0.10 m)
[velocity_path_follower.py-9] [INFO] [1786904536.412686529] [velocity_path_follower]: waypoint 1305 / 5251 도달 (선 이탈 0.10 m)
[velocity_path_follower.py-9] [INFO] [1786904536.762935898] [velocity_path_follower]: waypoint 1306 / 5251 도달 (선 이탈 0.10 m)
[velocity_path_follower.py-9] [INFO] [1786904537.112780253] [velocity_path_follower]: waypoint 1307 / 5251 도달 (선 이탈 0.10 m)
[velocity_path_follower.py-9] [INFO] [1786904537.462668396] [velocity_path_follower]: waypoint 1308 / 5251 도달 (선 이탈 0.10 m)
[velocity_path_follower.py-9] [INFO] [1786904537.812673916] [velocity_path_follower]: waypoint 1309 / 5251 도달 (선 이탈 0.09 m)
[velocity_path_follower.py-9] [INFO] [1786904537.862670032] [velocity_path_follower]: 560.1s  wp 1310/5251 이탈0.1m  위치 (   8.00,  -142.01,   8.73)
[velocity_path_follower.py-9] [INFO] [1786904538.162821312] [velocity_path_follower]: waypoint 1310 / 5251 도달 (선 이탈 0.09 m)
[velocity_path_follower.py-9] [INFO] [1786904538.512760322] [velocity_path_follower]: waypoint 1311 / 5251 도달 (선 이탈 0.08 m)
[velocity_path_follower.py-9] [INFO] [1786904538.862708124] [velocity_path_follower]: waypoint 1312 / 5251 도달 (선 이탈 0.07 m)
[velocity_path_follower.py-9] [INFO] [1786904539.212909553] [velocity_path_follower]: waypoint 1313 / 5251 도달 (선 이탈 0.06 m)
[velocity_path_follower.py-9] [INFO] [1786904539.562671758] [velocity_path_follower]: waypoint 1314 / 5251 도달 (선 이탈 0.05 m)
[velocity_path_follower.py-9] [INFO] [1786904539.864846873] [velocity_path_follower]: waypoint 1315 / 5251 도달 (선 이탈 0.04 m)
[velocity_path_follower.py-9] [INFO] [1786904540.264825149] [velocity_path_follower]: waypoint 1316 / 5251 도달 (선 이탈 0.03 m)
[velocity_path_follower.py-9] [INFO] [1786904540.564760322] [velocity_path_follower]: waypoint 1317 / 5251 도달 (선 이탈 0.02 m)
[velocity_path_follower.py-9] [INFO] [1786904540.914886028] [velocity_path_follower]: waypoint 1318 / 5251 도달 (선 이탈 0.01 m)
[velocity_path_follower.py-9] [INFO] [1786904541.264751429] [velocity_path_follower]: waypoint 1319 / 5251 도달 (선 이탈 0.00 m)
[velocity_path_follower.py-9] [INFO] [1786904541.614721956] [velocity_path_follower]: waypoint 1320 / 5251 도달 (선 이탈 0.01 m)
[velocity_path_follower.py-9] [INFO] [1786904542.014957059] [velocity_path_follower]: waypoint 1321 / 5251 도달 (선 이탈 0.01 m)
[velocity_path_follower.py-9] [INFO] [1786904542.314759921] [velocity_path_follower]: waypoint 1322 / 5251 도달 (선 이탈 0.02 m)
[velocity_path_follower.py-9] [INFO] [1786904542.664854068] [velocity_path_follower]: waypoint 1323 / 5251 도달 (선 이탈 0.03 m)
[velocity_path_follower.py-9] [INFO] [1786904542.814732186] [velocity_path_follower]: 565.0s  wp 1324/5251 이탈0.0m  위치 (  15.14,  -142.13,  10.66)
[velocity_path_follower.py-9] [INFO] [1786904543.014719333] [velocity_path_follower]: waypoint 1324 / 5251 도달 (선 이탈 0.03 m)
[velocity_path_follower.py-9] [INFO] [1786904543.364618299] [velocity_path_follower]: waypoint 1325 / 5251 도달 (선 이탈 0.04 m)
[velocity_path_follower.py-9] [INFO] [1786904543.715129115] [velocity_path_follower]: waypoint 1326 / 5251 도달 (선 이탈 0.04 m)
[velocity_path_follower.py-9] [INFO] [1786904544.065176417] [velocity_path_follower]: waypoint 1327 / 5251 도달 (선 이탈 0.05 m)
[velocity_path_follower.py-9] [INFO] [1786904544.414847202] [velocity_path_follower]: waypoint 1328 / 5251 도달 (선 이탈 0.05 m)
[ros2-8] [INFO] [1786904544.604140175] [rosbag2_cpp]: Writing remaining messages from cache to the bag. It may take a while
[velocity_path_follower.py-9] [INFO] [1786904544.764669324] [velocity_path_follower]: waypoint 1329 / 5251 도달 (선 이탈 0.05 m)
[velocity_path_follower.py-9] [INFO] [1786904545.114877163] [velocity_path_follower]: waypoint 1330 / 5251 도달 (선 이탈 0.05 m)
[velocity_path_follower.py-9] [INFO] [1786904545.464733902] [velocity_path_follower]: waypoint 1331 / 5251 도달 (선 이탈 0.05 m)
[velocity_path_follower.py-9] [INFO] [1786904545.764869627] [velocity_path_follower]: waypoint 1332 / 5251 도달 (선 이탈 0.05 m)
[velocity_path_follower.py-9] [INFO] [1786904546.164965767] [velocity_path_follower]: waypoint 1333 / 5251 도달 (선 이탈 0.05 m)
[velocity_path_follower.py-9] [INFO] [1786904546.514601450] [velocity_path_follower]: waypoint 1334 / 5251 도달 (선 이탈 0.04 m)
[velocity_path_follower.py-9] [INFO] [1786904546.814797252] [velocity_path_follower]: waypoint 1335 / 5251 도달 (선 이탈 0.04 m)
[velocity_path_follower.py-9] [INFO] [1786904547.214736585] [velocity_path_follower]: waypoint 1336 / 5251 도달 (선 이탈 0.04 m)
[velocity_path_follower.py-9] [INFO] [1786904547.514717124] [velocity_path_follower]: waypoint 1337 / 5251 도달 (선 이탈 0.03 m)
[velocity_path_follower.py-9] [INFO] [1786904547.814487199] [velocity_path_follower]: 570.0s  wp 1338/5251 이탈0.0m  위치 (  22.34,  -142.13,  11.59)
[velocity_path_follower.py-9] [INFO] [1786904547.864840021] [velocity_path_follower]: waypoint 1338 / 5251 도달 (선 이탈 0.03 m)
[velocity_path_follower.py-9] [INFO] [1786904548.214800824] [velocity_path_follower]: waypoint 1339 / 5251 도달 (선 이탈 0.02 m)
[velocity_path_follower.py-9] [INFO] [1786904548.566741553] [velocity_path_follower]: waypoint 1340 / 5251 도달 (선 이탈 0.02 m)
[velocity_path_follower.py-9] [INFO] [1786904548.916742980] [velocity_path_follower]: waypoint 1341 / 5251 도달 (선 이탈 0.01 m)
[velocity_path_follower.py-9] [INFO] [1786904549.266891862] [velocity_path_follower]: waypoint 1342 / 5251 도달 (선 이탈 0.01 m)
[velocity_path_follower.py-9] [INFO] [1786904549.616685525] [velocity_path_follower]: waypoint 1343 / 5251 도달 (선 이탈 0.00 m)
[velocity_path_follower.py-9] [INFO] [1786904549.966767112] [velocity_path_follower]: waypoint 1344 / 5251 도달 (선 이탈 0.00 m)
[velocity_path_follower.py-9] [INFO] [1786904550.316926735] [velocity_path_follower]: waypoint 1345 / 5251 도달 (선 이탈 0.01 m)
[velocity_path_follower.py-9] [INFO] [1786904550.666922852] [velocity_path_follower]: waypoint 1346 / 5251 도달 (선 이탈 0.01 m)
[velocity_path_follower.py-9] [INFO] [1786904551.016789800] [velocity_path_follower]: waypoint 1347 / 5251 도달 (선 이탈 0.02 m)
[velocity_path_follower.py-9] [INFO] [1786904551.366635780] [velocity_path_follower]: waypoint 1348 / 5251 도달 (선 이탈 0.02 m)
[velocity_path_follower.py-9] [INFO] [1786904551.716748184] [velocity_path_follower]: waypoint 1349 / 5251 도달 (선 이탈 0.02 m)
[velocity_path_follower.py-9] [INFO] [1786904552.016650942] [velocity_path_follower]: waypoint 1350 / 5251 도달 (선 이탈 0.02 m)
[velocity_path_follower.py-9] [INFO] [1786904552.416732476] [velocity_path_follower]: waypoint 1351 / 5251 도달 (선 이탈 0.03 m)
[velocity_path_follower.py-9] [INFO] [1786904552.716828565] [velocity_path_follower]: waypoint 1352 / 5251 도달 (선 이탈 0.03 m)
[velocity_path_follower.py-9] [INFO] [1786904552.816819886] [velocity_path_follower]: 575.0s  wp 1353/5251 이탈0.0m  위치 (  29.55,  -142.07,  10.89)
[velocity_path_follower.py-9] [INFO] [1786904553.066960627] [velocity_path_follower]: waypoint 1353 / 5251 도달 (선 이탈 0.03 m)
[velocity_path_follower.py-9] [INFO] [1786904553.416684170] [velocity_path_follower]: waypoint 1354 / 5251 도달 (선 이탈 0.03 m)
[velocity_path_follower.py-9] [INFO] [1786904553.767013355] [velocity_path_follower]: waypoint 1355 / 5251 도달 (선 이탈 0.03 m)
[velocity_path_follower.py-9] [INFO] [1786904554.116702145] [velocity_path_follower]: waypoint 1356 / 5251 도달 (선 이탈 0.03 m)
[velocity_path_follower.py-9] [INFO] [1786904554.466815983] [velocity_path_follower]: waypoint 1357 / 5251 도달 (선 이탈 0.03 m)
[velocity_path_follower.py-9] [INFO] [1786904554.816807317] [velocity_path_follower]: waypoint 1358 / 5251 도달 (선 이탈 0.02 m)
[velocity_path_follower.py-9] [INFO] [1786904555.167000694] [velocity_path_follower]: waypoint 1359 / 5251 도달 (선 이탈 0.02 m)
[velocity_path_follower.py-9] [INFO] [1786904555.516616468] [velocity_path_follower]: waypoint 1360 / 5251 도달 (선 이탈 0.02 m)
[velocity_path_follower.py-9] [INFO] [1786904555.866669670] [velocity_path_follower]: waypoint 1361 / 5251 도달 (선 이탈 0.02 m)
[velocity_path_follower.py-9] [INFO] [1786904556.216739035] [velocity_path_follower]: waypoint 1362 / 5251 도달 (선 이탈 0.02 m)
[velocity_path_follower.py-9] [INFO] [1786904556.566748144] [velocity_path_follower]: waypoint 1363 / 5251 도달 (선 이탈 0.01 m)
[velocity_path_follower.py-9] [INFO] [1786904556.919778085] [velocity_path_follower]: waypoint 1364 / 5251 도달 (선 이탈 0.01 m)
[velocity_path_follower.py-9] [INFO] [1786904557.269461596] [velocity_path_follower]: waypoint 1365 / 5251 도달 (선 이탈 0.01 m)
[velocity_path_follower.py-9] [INFO] [1786904557.569735655] [velocity_path_follower]: waypoint 1366 / 5251 도달 (선 이탈 0.01 m)
[velocity_path_follower.py-9] [INFO] [1786904557.819627236] [velocity_path_follower]: 580.0s  wp 1367/5251 이탈0.0m  위치 (  36.77,  -142.10,   9.75)
[velocity_path_follower.py-9] [INFO] [1786904557.919745298] [velocity_path_follower]: waypoint 1367 / 5251 도달 (선 이탈 0.00 m)
[velocity_path_follower.py-9] [INFO] [1786904558.269784643] [velocity_path_follower]: waypoint 1368 / 5251 도달 (선 이탈 0.00 m)
[velocity_path_follower.py-9] [INFO] [1786904558.621719913] [velocity_path_follower]: waypoint 1369 / 5251 도달 (선 이탈 0.00 m)
[velocity_path_follower.py-9] [INFO] [1786904558.971594836] [velocity_path_follower]: waypoint 1370 / 5251 도달 (선 이탈 0.00 m)
[velocity_path_follower.py-9] [INFO] [1786904559.321599963] [velocity_path_follower]: waypoint 1371 / 5251 도달 (선 이탈 0.01 m)
[velocity_path_follower.py-9] [INFO] [1786904559.673445638] [velocity_path_follower]: waypoint 1372 / 5251 도달 (선 이탈 0.01 m)
[velocity_path_follower.py-9] [INFO] [1786904560.024051655] [velocity_path_follower]: waypoint 1373 / 5251 도달 (선 이탈 0.01 m)
[velocity_path_follower.py-9] [INFO] [1786904560.373722972] [velocity_path_follower]: waypoint 1374 / 5251 도달 (선 이탈 0.01 m)
[velocity_path_follower.py-9] [INFO] [1786904560.723795384] [velocity_path_follower]: waypoint 1375 / 5251 도달 (선 이탈 0.01 m)
[velocity_path_follower.py-9] [INFO] [1786904561.073820084] [velocity_path_follower]: waypoint 1376 / 5251 도달 (선 이탈 0.01 m)
[velocity_path_follower.py-9] [INFO] [1786904561.423391849] [velocity_path_follower]: waypoint 1377 / 5251 도달 (선 이탈 0.01 m)
[velocity_path_follower.py-9] [INFO] [1786904561.773717217] [velocity_path_follower]: waypoint 1378 / 5251 도달 (선 이탈 0.01 m)
[velocity_path_follower.py-9] [INFO] [1786904562.073705738] [velocity_path_follower]: waypoint 1379 / 5251 도달 (선 이탈 0.01 m)
[velocity_path_follower.py-9] [INFO] [1786904562.475915776] [velocity_path_follower]: waypoint 1380 / 5251 도달 (선 이탈 0.01 m)
[velocity_path_follower.py-9] [INFO] [1786904562.775848748] [velocity_path_follower]: waypoint 1381 / 5251 도달 (선 이탈 0.01 m)
[velocity_path_follower.py-9] [INFO] [1786904562.825451656] [velocity_path_follower]: 585.0s  wp 1382/5251 이탈0.0m  위치 (  43.98,  -142.11,   8.28)
[velocity_path_follower.py-9] [INFO] [1786904563.127943985] [velocity_path_follower]: waypoint 1382 / 5251 도달 (선 이탈 0.01 m)
[velocity_path_follower.py-9] [INFO] [1786904563.538311857] [velocity_path_follower]: waypoint 1383 / 5251 도달 (선 이탈 0.01 m)
[velocity_path_follower.py-9] [INFO] [1786904563.838029358] [velocity_path_follower]: waypoint 1384 / 5251 도달 (선 이탈 0.01 m)
[velocity_path_follower.py-9] [INFO] [1786904564.192983787] [velocity_path_follower]: waypoint 1385 / 5251 도달 (선 이탈 0.01 m)
[velocity_path_follower.py-9] [INFO] [1786904564.542800700] [velocity_path_follower]: waypoint 1386 / 5251 도달 (선 이탈 0.01 m)
[velocity_path_follower.py-9] [INFO] [1786904564.892496152] [velocity_path_follower]: waypoint 1387 / 5251 도달 (선 이탈 0.01 m)
[velocity_path_follower.py-9] [INFO] [1786904565.242676403] [velocity_path_follower]: waypoint 1388 / 5251 도달 (선 이탈 0.00 m)
[velocity_path_follower.py-9] [INFO] [1786904565.594432443] [velocity_path_follower]: waypoint 1389 / 5251 도달 (선 이탈 0.00 m)
[velocity_path_follower.py-9] [INFO] [1786904565.944700361] [velocity_path_follower]: waypoint 1390 / 5251 도달 (선 이탈 0.00 m)
[velocity_path_follower.py-9] [INFO] [1786904566.294504550] [velocity_path_follower]: waypoint 1391 / 5251 도달 (선 이탈 0.00 m)
[velocity_path_follower.py-9] [INFO] [1786904566.595025468] [velocity_path_follower]: waypoint 1392 / 5251 도달 (선 이탈 0.00 m)
[velocity_path_follower.py-9] [INFO] [1786904566.994699943] [velocity_path_follower]: waypoint 1393 / 5251 도달 (선 이탈 0.00 m)
[velocity_path_follower.py-9] [INFO] [1786904567.294986764] [velocity_path_follower]: waypoint 1394 / 5251 도달 (선 이탈 0.00 m)
[velocity_path_follower.py-9] [INFO] [1786904567.649146602] [velocity_path_follower]: waypoint 1395 / 5251 도달 (선 이탈 0.00 m)
[velocity_path_follower.py-9] [INFO] [1786904567.848933542] [velocity_path_follower]: 590.0s  wp 1396/5251 이탈0.0m  위치 (  51.19,  -142.10,  11.14)
[velocity_path_follower.py-9] [INFO] [1786904568.049102699] [velocity_path_follower]: waypoint 1396 / 5251 도달 (선 이탈 0.01 m)
[velocity_path_follower.py-9] [INFO] [1786904568.549094737] [velocity_path_follower]: waypoint 1397 / 5251 도달 (선 이탈 0.01 m)
[velocity_path_follower.py-9] [INFO] [1786904568.699482318] [velocity_path_follower]: waypoint 1398 / 5251 도달 (선 이탈 0.01 m)
[velocity_path_follower.py-9] [INFO] [1786904569.049123401] [velocity_path_follower]: waypoint 1399 / 5251 도달 (선 이탈 0.01 m)
[velocity_path_follower.py-9] [INFO] [1786904569.399346868] [velocity_path_follower]: waypoint 1400 / 5251 도달 (선 이탈 0.01 m)
[velocity_path_follower.py-9] [INFO] [1786904569.749171407] [velocity_path_follower]: waypoint 1401 / 5251 도달 (선 이탈 0.01 m)
[velocity_path_follower.py-9] [INFO] [1786904570.099123323] [velocity_path_follower]: waypoint 1402 / 5251 도달 (선 이탈 0.01 m)
[velocity_path_follower.py-9] [INFO] [1786904570.449734375] [velocity_path_follower]: waypoint 1403 / 5251 도달 (선 이탈 0.01 m)
[velocity_path_follower.py-9] [INFO] [1786904570.798922223] [velocity_path_follower]: waypoint 1404 / 5251 도달 (선 이탈 0.01 m)
[velocity_path_follower.py-9] [INFO] [1786904571.148976299] [velocity_path_follower]: waypoint 1405 / 5251 도달 (선 이탈 0.01 m)
[velocity_path_follower.py-9] [INFO] [1786904571.499155749] [velocity_path_follower]: waypoint 1406 / 5251 도달 (선 이탈 0.01 m)
[velocity_path_follower.py-9] [INFO] [1786904571.799479168] [velocity_path_follower]: waypoint 1407 / 5251 도달 (선 이탈 0.01 m)
[velocity_path_follower.py-9] [INFO] [1786904572.199591895] [velocity_path_follower]: waypoint 1408 / 5251 도달 (선 이탈 0.01 m)
[velocity_path_follower.py-9] [INFO] [1786904572.499588632] [velocity_path_follower]: waypoint 1409 / 5251 도달 (선 이탈 0.01 m)
[velocity_path_follower.py-9] [INFO] [1786904572.848919468] [velocity_path_follower]: waypoint 1410 / 5251 도달 (선 이탈 0.01 m)
[velocity_path_follower.py-9] [INFO] [1786904572.898871666] [velocity_path_follower]: 595.1s  wp 1411/5251 이탈0.0m  위치 (  58.46,  -142.09,  14.31)
[velocity_path_follower.py-9] [INFO] [1786904573.199756380] [velocity_path_follower]: waypoint 1411 / 5251 도달 (선 이탈 0.00 m)
[velocity_path_follower.py-9] [INFO] [1786904573.549064957] [velocity_path_follower]: waypoint 1412 / 5251 도달 (선 이탈 0.00 m)
[velocity_path_follower.py-9] [INFO] [1786904573.899515606] [velocity_path_follower]: waypoint 1413 / 5251 도달 (선 이탈 0.00 m)
[velocity_path_follower.py-9] [INFO] [1786904577.856772359] [velocity_path_follower]: 600.0s  wp 1414/5251 이탈2.6m  위치 (  64.03,  -140.45,  10.13)
[velocity_path_follower.py-9] [INFO] [1786904579.056901190] [velocity_path_follower]: waypoint 1414 / 5251 도달 (선 이탈 2.99 m)
[velocity_path_follower.py-9] [INFO] [1786904582.857112523] [velocity_path_follower]: 605.0s  wp 1416/5251 이탈1.1m  위치 (  63.19,  -137.04,   7.96)
[velocity_path_follower.py-9] [INFO] [1786904583.956762833] [velocity_path_follower]: waypoint 1416 / 5251 도달 (선 이탈 1.36 m)
[velocity_path_follower.py-9] [INFO] [1786904584.556857898] [velocity_path_follower]: waypoint 1417 / 5251 도달 (선 이탈 1.43 m)
[velocity_path_follower.py-9] [INFO] [1786904585.156745285] [velocity_path_follower]: waypoint 1418 / 5251 도달 (선 이탈 1.44 m)
[velocity_path_follower.py-9] [INFO] [1786904585.756906045] [velocity_path_follower]: waypoint 1419 / 5251 도달 (선 이탈 1.38 m)
[velocity_path_follower.py-9] [INFO] [1786904586.306850816] [velocity_path_follower]: waypoint 1420 / 5251 도달 (선 이탈 1.29 m)
[velocity_path_follower.py-9] [INFO] [1786904586.806853608] [velocity_path_follower]: waypoint 1421 / 5251 도달 (선 이탈 1.17 m)
[velocity_path_follower.py-9] [INFO] [1786904587.356736406] [velocity_path_follower]: waypoint 1422 / 5251 도달 (선 이탈 1.01 m)
[velocity_path_follower.py-9] [INFO] [1786904587.856745603] [velocity_path_follower]: waypoint 1423 / 5251 도달 (선 이탈 0.85 m)
[velocity_path_follower.py-9] [INFO] [1786904587.906707243] [velocity_path_follower]: 610.1s  wp 1424/5251 이탈0.8m  위치 (  58.81,  -137.27,  10.46)
[velocity_path_follower.py-9] [INFO] [1786904588.356831920] [velocity_path_follower]: waypoint 1424 / 5251 도달 (선 이탈 0.67 m)
[velocity_path_follower.py-9] [INFO] [1786904588.856862191] [velocity_path_follower]: waypoint 1425 / 5251 도달 (선 이탈 0.49 m)
[velocity_path_follower.py-9] [INFO] [1786904589.306808063] [velocity_path_follower]: waypoint 1426 / 5251 도달 (선 이탈 0.32 m)
[velocity_path_follower.py-9] [INFO] [1786904589.759363124] [velocity_path_follower]: waypoint 1427 / 5251 도달 (선 이탈 0.15 m)
[velocity_path_follower.py-9] [INFO] [1786904590.209370198] [velocity_path_follower]: waypoint 1428 / 5251 도달 (선 이탈 0.01 m)
[velocity_path_follower.py-9] [INFO] [1786904590.609658470] [velocity_path_follower]: waypoint 1429 / 5251 도달 (선 이탈 0.15 m)
[velocity_path_follower.py-9] [INFO] [1786904591.059444824] [velocity_path_follower]: waypoint 1430 / 5251 도달 (선 이탈 0.28 m)
[velocity_path_follower.py-9] [INFO] [1786904591.509282086] [velocity_path_follower]: waypoint 1431 / 5251 도달 (선 이탈 0.40 m)
[velocity_path_follower.py-9] [INFO] [1786904591.909340218] [velocity_path_follower]: waypoint 1432 / 5251 도달 (선 이탈 0.49 m)
[velocity_path_follower.py-9] [INFO] [1786904592.309343384] [velocity_path_follower]: waypoint 1433 / 5251 도달 (선 이탈 0.57 m)
[velocity_path_follower.py-9] [INFO] [1786904592.709429133] [velocity_path_follower]: waypoint 1434 / 5251 도달 (선 이탈 0.63 m)
[velocity_path_follower.py-9] [INFO] [1786904592.859165031] [velocity_path_follower]: 615.0s  wp 1435/5251 이탈0.6m  위치 (  53.19,  -138.74,  10.35)
[velocity_path_follower.py-9] [INFO] [1786904593.109398085] [velocity_path_follower]: waypoint 1435 / 5251 도달 (선 이탈 0.67 m)
[velocity_path_follower.py-9] [INFO] [1786904593.509619912] [velocity_path_follower]: waypoint 1436 / 5251 도달 (선 이탈 0.69 m)
[velocity_path_follower.py-9] [INFO] [1786904593.909312934] [velocity_path_follower]: waypoint 1437 / 5251 도달 (선 이탈 0.70 m)
[velocity_path_follower.py-9] [INFO] [1786904594.309416292] [velocity_path_follower]: waypoint 1438 / 5251 도달 (선 이탈 0.70 m)
[velocity_path_follower.py-9] [INFO] [1786904594.709484273] [velocity_path_follower]: waypoint 1439 / 5251 도달 (선 이탈 0.68 m)
[velocity_path_follower.py-9] [INFO] [1786904595.109413123] [velocity_path_follower]: waypoint 1440 / 5251 도달 (선 이탈 0.64 m)
[velocity_path_follower.py-9] [INFO] [1786904595.459407170] [velocity_path_follower]: waypoint 1441 / 5251 도달 (선 이탈 0.60 m)
[velocity_path_follower.py-9] [INFO] [1786904595.859357805] [velocity_path_follower]: waypoint 1442 / 5251 도달 (선 이탈 0.55 m)
[velocity_path_follower.py-9] [INFO] [1786904596.259706946] [velocity_path_follower]: waypoint 1443 / 5251 도달 (선 이탈 0.49 m)
[velocity_path_follower.py-9] [INFO] [1786904596.663721803] [velocity_path_follower]: waypoint 1444 / 5251 도달 (선 이탈 0.42 m)
[velocity_path_follower.py-9] [INFO] [1786904597.013685633] [velocity_path_follower]: waypoint 1445 / 5251 도달 (선 이탈 0.36 m)
[velocity_path_follower.py-9] [INFO] [1786904597.413689752] [velocity_path_follower]: waypoint 1446 / 5251 도달 (선 이탈 0.28 m)
[velocity_path_follower.py-9] [INFO] [1786904597.763633616] [velocity_path_follower]: waypoint 1447 / 5251 도달 (선 이탈 0.21 m)
[velocity_path_follower.py-9] [INFO] [1786904597.863646500] [velocity_path_follower]: 620.0s  wp 1448/5251 이탈0.2m  위치 (  46.76,  -138.29,   8.84)
[velocity_path_follower.py-9] [INFO] [1786904598.163713858] [velocity_path_follower]: waypoint 1448 / 5251 도달 (선 이탈 0.13 m)
[velocity_path_follower.py-9] [INFO] [1786904598.563668093] [velocity_path_follower]: waypoint 1449 / 5251 도달 (선 이탈 0.05 m)
[velocity_path_follower.py-9] [INFO] [1786904598.913770911] [velocity_path_follower]: waypoint 1450 / 5251 도달 (선 이탈 0.01 m)
[velocity_path_follower.py-9] [INFO] [1786904599.263715053] [velocity_path_follower]: waypoint 1451 / 5251 도달 (선 이탈 0.07 m)
[velocity_path_follower.py-9] [INFO] [1786904599.663650945] [velocity_path_follower]: waypoint 1452 / 5251 도달 (선 이탈 0.13 m)
[velocity_path_follower.py-9] [INFO] [1786904600.013596834] [velocity_path_follower]: waypoint 1453 / 5251 도달 (선 이탈 0.18 m)
[velocity_path_follower.py-9] [INFO] [1786904600.363670553] [velocity_path_follower]: waypoint 1454 / 5251 도달 (선 이탈 0.23 m)
[velocity_path_follower.py-9] [INFO] [1786904600.767828420] [velocity_path_follower]: waypoint 1455 / 5251 도달 (선 이탈 0.27 m)
[velocity_path_follower.py-9] [INFO] [1786904601.117632921] [velocity_path_follower]: waypoint 1456 / 5251 도달 (선 이탈 0.30 m)
[velocity_path_follower.py-9] [INFO] [1786904601.470476120] [velocity_path_follower]: waypoint 1457 / 5251 도달 (선 이탈 0.32 m)
[velocity_path_follower.py-9] [INFO] [1786904601.820672751] [velocity_path_follower]: waypoint 1458 / 5251 도달 (선 이탈 0.34 m)
[velocity_path_follower.py-9] [INFO] [1786904602.170763043] [velocity_path_follower]: waypoint 1459 / 5251 도달 (선 이탈 0.35 m)
[velocity_path_follower.py-9] [INFO] [1786904602.572476246] [velocity_path_follower]: waypoint 1460 / 5251 도달 (선 이탈 0.35 m)
[velocity_path_follower.py-9] [INFO] [1786904602.872433697] [velocity_path_follower]: 625.0s  wp 1461/5251 이탈0.3m  위치 (  39.92,  -137.75,  10.14)
[velocity_path_follower.py-9] [INFO] [1786904602.922711995] [velocity_path_follower]: waypoint 1461 / 5251 도달 (선 이탈 0.35 m)
[velocity_path_follower.py-9] [INFO] [1786904603.275622974] [velocity_path_follower]: waypoint 1462 / 5251 도달 (선 이탈 0.34 m)
[velocity_path_follower.py-9] [INFO] [1786904603.625503915] [velocity_path_follower]: waypoint 1463 / 5251 도달 (선 이탈 0.32 m)
[velocity_path_follower.py-9] [INFO] [1786904603.977730209] [velocity_path_follower]: waypoint 1464 / 5251 도달 (선 이탈 0.30 m)
[velocity_path_follower.py-9] [INFO] [1786904604.377442802] [velocity_path_follower]: waypoint 1465 / 5251 도달 (선 이탈 0.28 m)
[velocity_path_follower.py-9] [INFO] [1786904604.727479989] [velocity_path_follower]: waypoint 1466 / 5251 도달 (선 이탈 0.25 m)
[velocity_path_follower.py-9] [INFO] [1786904605.079707523] [velocity_path_follower]: waypoint 1467 / 5251 도달 (선 이탈 0.22 m)
[velocity_path_follower.py-9] [INFO] [1786904605.429696660] [velocity_path_follower]: waypoint 1468 / 5251 도달 (선 이탈 0.18 m)
[velocity_path_follower.py-9] [INFO] [1786904605.779520376] [velocity_path_follower]: waypoint 1469 / 5251 도달 (선 이탈 0.15 m)
[velocity_path_follower.py-9] [INFO] [1786904606.129594971] [velocity_path_follower]: waypoint 1470 / 5251 도달 (선 이탈 0.11 m)
[velocity_path_follower.py-9] [INFO] [1786904606.479842940] [velocity_path_follower]: waypoint 1471 / 5251 도달 (선 이탈 0.08 m)
[velocity_path_follower.py-9] [INFO] [1786904606.832062668] [velocity_path_follower]: waypoint 1472 / 5251 도달 (선 이탈 0.04 m)
[velocity_path_follower.py-9] [INFO] [1786904607.181878164] [velocity_path_follower]: waypoint 1473 / 5251 도달 (선 이탈 0.01 m)
[velocity_path_follower.py-9] [INFO] [1786904607.532010415] [velocity_path_follower]: waypoint 1474 / 5251 도달 (선 이탈 0.02 m)
[velocity_path_follower.py-9] [INFO] [1786904607.881861492] [velocity_path_follower]: waypoint 1475 / 5251 도달 (선 이탈 0.05 m)
[velocity_path_follower.py-9] [INFO] [1786904607.931721023] [velocity_path_follower]: 630.1s  wp 1476/5251 이탈0.1m  위치 (  32.84,  -138.16,  12.07)
[velocity_path_follower.py-9] [INFO] [1786904608.288320809] [velocity_path_follower]: waypoint 1476 / 5251 도달 (선 이탈 0.08 m)
[velocity_path_follower.py-9] [INFO] [1786904608.637853953] [velocity_path_follower]: waypoint 1477 / 5251 도달 (선 이탈 0.11 m)
[velocity_path_follower.py-9] [INFO] [1786904608.938013538] [velocity_path_follower]: waypoint 1478 / 5251 도달 (선 이탈 0.13 m)
[velocity_path_follower.py-9] [INFO] [1786904609.343250397] [velocity_path_follower]: waypoint 1479 / 5251 도달 (선 이탈 0.15 m)
[velocity_path_follower.py-9] [INFO] [1786904609.696173121] [velocity_path_follower]: waypoint 1480 / 5251 도달 (선 이탈 0.16 m)
[velocity_path_follower.py-9] [INFO] [1786904610.050519588] [velocity_path_follower]: waypoint 1481 / 5251 도달 (선 이탈 0.18 m)
[velocity_path_follower.py-9] [INFO] [1786904610.400413977] [velocity_path_follower]: waypoint 1482 / 5251 도달 (선 이탈 0.18 m)
[velocity_path_follower.py-9] [INFO] [1786904610.750344616] [velocity_path_follower]: waypoint 1483 / 5251 도달 (선 이탈 0.19 m)
[velocity_path_follower.py-9] [INFO] [1786904611.100626888] [velocity_path_follower]: waypoint 1484 / 5251 도달 (선 이탈 0.19 m)
[velocity_path_follower.py-9] [INFO] [1786904611.452991165] [velocity_path_follower]: waypoint 1485 / 5251 도달 (선 이탈 0.19 m)
[velocity_path_follower.py-9] [INFO] [1786904611.803035675] [velocity_path_follower]: waypoint 1486 / 5251 도달 (선 이탈 0.18 m)
[velocity_path_follower.py-9] [INFO] [1786904612.153013055] [velocity_path_follower]: waypoint 1487 / 5251 도달 (선 이탈 0.17 m)
[velocity_path_follower.py-9] [INFO] [1786904612.508753787] [velocity_path_follower]: waypoint 1488 / 5251 도달 (선 이탈 0.16 m)
[velocity_path_follower.py-9] [INFO] [1786904612.858500657] [velocity_path_follower]: waypoint 1489 / 5251 도달 (선 이탈 0.15 m)
[velocity_path_follower.py-9] [INFO] [1786904612.908431143] [velocity_path_follower]: 635.0s  wp 1490/5251 이탈0.1m  위치 (  25.78,  -138.25,  10.96)
[velocity_path_follower.py-9] [INFO] [1786904613.208473945] [velocity_path_follower]: waypoint 1490 / 5251 도달 (선 이탈 0.13 m)
[velocity_path_follower.py-9] [INFO] [1786904613.561688896] [velocity_path_follower]: waypoint 1491 / 5251 도달 (선 이탈 0.12 m)
[velocity_path_follower.py-9] [INFO] [1786904613.911584637] [velocity_path_follower]: waypoint 1492 / 5251 도달 (선 이탈 0.10 m)
[velocity_path_follower.py-9] [INFO] [1786904614.261623001] [velocity_path_follower]: waypoint 1493 / 5251 도달 (선 이탈 0.08 m)
[velocity_path_follower.py-9] [INFO] [1786904614.611647780] [velocity_path_follower]: waypoint 1494 / 5251 도달 (선 이탈 0.06 m)
[velocity_path_follower.py-9] [INFO] [1786904614.967160657] [velocity_path_follower]: waypoint 1495 / 5251 도달 (선 이탈 0.04 m)
[velocity_path_follower.py-9] [INFO] [1786904615.322734779] [velocity_path_follower]: waypoint 1496 / 5251 도달 (선 이탈 0.03 m)
[velocity_path_follower.py-9] [INFO] [1786904615.672944097] [velocity_path_follower]: waypoint 1497 / 5251 도달 (선 이탈 0.01 m)
[velocity_path_follower.py-9] [INFO] [1786904616.022893699] [velocity_path_follower]: waypoint 1498 / 5251 도달 (선 이탈 0.01 m)
[velocity_path_follower.py-9] [INFO] [1786904616.372950714] [velocity_path_follower]: waypoint 1499 / 5251 도달 (선 이탈 0.03 m)
[velocity_path_follower.py-9] [INFO] [1786904616.722816557] [velocity_path_follower]: waypoint 1500 / 5251 도달 (선 이탈 0.04 m)
[velocity_path_follower.py-9] [INFO] [1786904617.072927655] [velocity_path_follower]: waypoint 1501 / 5251 도달 (선 이탈 0.05 m)
[velocity_path_follower.py-9] [INFO] [1786904617.425488185] [velocity_path_follower]: waypoint 1502 / 5251 도달 (선 이탈 0.07 m)
[velocity_path_follower.py-9] [INFO] [1786904617.725646420] [velocity_path_follower]: waypoint 1503 / 5251 도달 (선 이탈 0.07 m)
[velocity_path_follower.py-9] [INFO] [1786904617.927429897] [velocity_path_follower]: 640.0s  wp 1504/5251 이탈0.1m  위치 (  18.61,  -138.02,  10.49)
[velocity_path_follower.py-9] [INFO] [1786904618.077842647] [velocity_path_follower]: waypoint 1504 / 5251 도달 (선 이탈 0.08 m)
[velocity_path_follower.py-9] [INFO] [1786904618.430454253] [velocity_path_follower]: waypoint 1505 / 5251 도달 (선 이탈 0.09 m)
[velocity_path_follower.py-9] [INFO] [1786904618.833597856] [velocity_path_follower]: waypoint 1506 / 5251 도달 (선 이탈 0.09 m)
[velocity_path_follower.py-9] [INFO] [1786904619.135446500] [velocity_path_follower]: waypoint 1507 / 5251 도달 (선 이탈 0.10 m)
[velocity_path_follower.py-9] [INFO] [1786904619.485664622] [velocity_path_follower]: waypoint 1508 / 5251 도달 (선 이탈 0.10 m)
[velocity_path_follower.py-9] [INFO] [1786904619.838989614] [velocity_path_follower]: waypoint 1509 / 5251 도달 (선 이탈 0.10 m)
[velocity_path_follower.py-9] [INFO] [1786904620.189231399] [velocity_path_follower]: waypoint 1510 / 5251 도달 (선 이탈 0.09 m)
[velocity_path_follower.py-9] [INFO] [1786904620.539234633] [velocity_path_follower]: waypoint 1511 / 5251 도달 (선 이탈 0.09 m)
[velocity_path_follower.py-9] [INFO] [1786904620.891472007] [velocity_path_follower]: waypoint 1512 / 5251 도달 (선 이탈 0.08 m)
[velocity_path_follower.py-9] [INFO] [1786904621.243762294] [velocity_path_follower]: waypoint 1513 / 5251 도달 (선 이탈 0.08 m)
[velocity_path_follower.py-9] [INFO] [1786904621.595581941] [velocity_path_follower]: waypoint 1514 / 5251 도달 (선 이탈 0.07 m)
[velocity_path_follower.py-9] [INFO] [1786904621.952423592] [velocity_path_follower]: waypoint 1515 / 5251 도달 (선 이탈 0.06 m)
[velocity_path_follower.py-9] [INFO] [1786904622.302451896] [velocity_path_follower]: waypoint 1516 / 5251 도달 (선 이탈 0.05 m)
[velocity_path_follower.py-9] [INFO] [1786904622.654893010] [velocity_path_follower]: waypoint 1517 / 5251 도달 (선 이탈 0.04 m)
[velocity_path_follower.py-9] [INFO] [1786904622.954627245] [velocity_path_follower]: 645.0s  wp 1518/5251 이탈0.0m  위치 (  11.42,  -138.07,  11.13)
[velocity_path_follower.py-9] [INFO] [1786904623.004750976] [velocity_path_follower]: waypoint 1518 / 5251 도달 (선 이탈 0.03 m)
[velocity_path_follower.py-9] [INFO] [1786904623.357518508] [velocity_path_follower]: waypoint 1519 / 5251 도달 (선 이탈 0.02 m)
[velocity_path_follower.py-9] [INFO] [1786904623.709428768] [velocity_path_follower]: waypoint 1520 / 5251 도달 (선 이탈 0.01 m)
[velocity_path_follower.py-9] [INFO] [1786904624.059651068] [velocity_path_follower]: waypoint 1521 / 5251 도달 (선 이탈 0.00 m)
[velocity_path_follower.py-9] [INFO] [1786904624.409500435] [velocity_path_follower]: waypoint 1522 / 5251 도달 (선 이탈 0.00 m)
[velocity_path_follower.py-9] [INFO] [1786904624.761703195] [velocity_path_follower]: waypoint 1523 / 5251 도달 (선 이탈 0.01 m)
[velocity_path_follower.py-9] [INFO] [1786904625.063684890] [velocity_path_follower]: waypoint 1524 / 5251 도달 (선 이탈 0.02 m)
[velocity_path_follower.py-9] [INFO] [1786904625.465483107] [velocity_path_follower]: waypoint 1525 / 5251 도달 (선 이탈 0.03 m)
[velocity_path_follower.py-9] [INFO] [1786904625.765815130] [velocity_path_follower]: waypoint 1526 / 5251 도달 (선 이탈 0.03 m)
[velocity_path_follower.py-9] [INFO] [1786904626.115795408] [velocity_path_follower]: waypoint 1527 / 5251 도달 (선 이탈 0.04 m)
[velocity_path_follower.py-9] [INFO] [1786904626.465699304] [velocity_path_follower]: waypoint 1528 / 5251 도달 (선 이탈 0.04 m)
[velocity_path_follower.py-9] [INFO] [1786904626.815628950] [velocity_path_follower]: waypoint 1529 / 5251 도달 (선 이탈 0.05 m)
[velocity_path_follower.py-9] [INFO] [1786904627.167694647] [velocity_path_follower]: waypoint 1530 / 5251 도달 (선 이탈 0.05 m)
[velocity_path_follower.py-9] [INFO] [1786904627.517721539] [velocity_path_follower]: waypoint 1531 / 5251 도달 (선 이탈 0.05 m)
[velocity_path_follower.py-9] [INFO] [1786904627.867685513] [velocity_path_follower]: waypoint 1532 / 5251 도달 (선 이탈 0.05 m)
[velocity_path_follower.py-9] [INFO] [1786904627.967833170] [velocity_path_follower]: 650.0s  wp 1533/5251 이탈0.1m  위치 (   4.21,  -138.15,   9.74)
[velocity_path_follower.py-9] [INFO] [1786904628.217677982] [velocity_path_follower]: waypoint 1533 / 5251 도달 (선 이탈 0.05 m)
[velocity_path_follower.py-9] [INFO] [1786904628.572688243] [velocity_path_follower]: waypoint 1534 / 5251 도달 (선 이탈 0.05 m)
[velocity_path_follower.py-9] [INFO] [1786904628.924726928] [velocity_path_follower]: waypoint 1535 / 5251 도달 (선 이탈 0.05 m)
[velocity_path_follower.py-9] [INFO] [1786904629.274586261] [velocity_path_follower]: waypoint 1536 / 5251 도달 (선 이탈 0.05 m)
[velocity_path_follower.py-9] [INFO] [1786904629.624713724] [velocity_path_follower]: waypoint 1537 / 5251 도달 (선 이탈 0.04 m)
[velocity_path_follower.py-9] [INFO] [1786904629.977667925] [velocity_path_follower]: waypoint 1538 / 5251 도달 (선 이탈 0.04 m)
[velocity_path_follower.py-9] [INFO] [1786904630.330189234] [velocity_path_follower]: waypoint 1539 / 5251 도달 (선 이탈 0.04 m)
[velocity_path_follower.py-9] [INFO] [1786904630.688831738] [velocity_path_follower]: waypoint 1540 / 5251 도달 (선 이탈 0.03 m)
[velocity_path_follower.py-9] [INFO] [1786904630.993661843] [velocity_path_follower]: waypoint 1541 / 5251 도달 (선 이탈 0.03 m)
[velocity_path_follower.py-9] [INFO] [1786904631.346884453] [velocity_path_follower]: waypoint 1542 / 5251 도달 (선 이탈 0.02 m)
[velocity_path_follower.py-9] [INFO] [1786904631.700694995] [velocity_path_follower]: waypoint 1543 / 5251 도달 (선 이탈 0.02 m)
[velocity_path_follower.py-9] [INFO] [1786904632.050725857] [velocity_path_follower]: waypoint 1544 / 5251 도달 (선 이탈 0.01 m)
[velocity_path_follower.py-9] [INFO] [1786904632.403226983] [velocity_path_follower]: waypoint 1545 / 5251 도달 (선 이탈 0.01 m)
[velocity_path_follower.py-9] [INFO] [1786904632.756112786] [velocity_path_follower]: waypoint 1546 / 5251 도달 (선 이탈 0.00 m)
[velocity_path_follower.py-9] [INFO] [1786904633.006043121] [velocity_path_follower]: 655.0s  wp 1547/5251 이탈0.0m  위치 (  -2.99,  -138.10,   7.42)
[velocity_path_follower.py-9] [INFO] [1786904633.106040720] [velocity_path_follower]: waypoint 1547 / 5251 도달 (선 이탈 0.00 m)
[velocity_path_follower.py-9] [INFO] [1786904633.458386127] [velocity_path_follower]: waypoint 1548 / 5251 도달 (선 이탈 0.01 m)
[velocity_path_follower.py-9] [INFO] [1786904633.808393142] [velocity_path_follower]: waypoint 1549 / 5251 도달 (선 이탈 0.01 m)
[velocity_path_follower.py-9] [INFO] [1786904634.158296276] [velocity_path_follower]: waypoint 1550 / 5251 도달 (선 이탈 0.02 m)
[velocity_path_follower.py-9] [INFO] [1786904634.508659917] [velocity_path_follower]: waypoint 1551 / 5251 도달 (선 이탈 0.02 m)
[velocity_path_follower.py-9] [INFO] [1786904634.863878681] [velocity_path_follower]: waypoint 1552 / 5251 도달 (선 이탈 0.02 m)
[velocity_path_follower.py-9] [INFO] [1786904635.222017763] [velocity_path_follower]: waypoint 1553 / 5251 도달 (선 이탈 0.02 m)
[velocity_path_follower.py-9] [INFO] [1786904635.571836551] [velocity_path_follower]: waypoint 1554 / 5251 도달 (선 이탈 0.02 m)
[velocity_path_follower.py-9] [INFO] [1786904635.924139234] [velocity_path_follower]: waypoint 1555 / 5251 도달 (선 이탈 0.03 m)
[velocity_path_follower.py-9] [INFO] [1786904636.226311778] [velocity_path_follower]: waypoint 1556 / 5251 도달 (선 이탈 0.03 m)
[velocity_path_follower.py-9] [INFO] [1786904636.626434696] [velocity_path_follower]: waypoint 1557 / 5251 도달 (선 이탈 0.03 m)
[velocity_path_follower.py-9] [INFO] [1786904636.926396267] [velocity_path_follower]: waypoint 1558 / 5251 도달 (선 이탈 0.03 m)
[velocity_path_follower.py-9] [INFO] [1786904637.276683345] [velocity_path_follower]: waypoint 1559 / 5251 도달 (선 이탈 0.03 m)
[velocity_path_follower.py-9] [INFO] [1786904637.626409949] [velocity_path_follower]: waypoint 1560 / 5251 도달 (선 이탈 0.02 m)
[velocity_path_follower.py-9] [INFO] [1786904637.976483270] [velocity_path_follower]: waypoint 1561 / 5251 도달 (선 이탈 0.02 m)
[velocity_path_follower.py-9] [INFO] [1786904638.027002953] [velocity_path_follower]: 660.0s  wp 1562/5251 이탈0.0m  위치 ( -10.20,  -138.08,  10.21)
[velocity_path_follower.py-9] [INFO] [1786904638.328513592] [velocity_path_follower]: waypoint 1562 / 5251 도달 (선 이탈 0.02 m)
[velocity_path_follower.py-9] [INFO] [1786904638.678729243] [velocity_path_follower]: waypoint 1563 / 5251 도달 (선 이탈 0.02 m)
[velocity_path_follower.py-9] [INFO] [1786904639.031247451] [velocity_path_follower]: waypoint 1564 / 5251 도달 (선 이탈 0.02 m)
[velocity_path_follower.py-9] [INFO] [1786904639.387152946] [velocity_path_follower]: waypoint 1565 / 5251 도달 (선 이탈 0.01 m)
[velocity_path_follower.py-9] [INFO] [1786904639.783711000] [velocity_path_follower]: waypoint 1566 / 5251 도달 (선 이탈 0.01 m)
[velocity_path_follower.py-9] [INFO] [1786904640.133674010] [velocity_path_follower]: waypoint 1567 / 5251 도달 (선 이탈 0.01 m)
[velocity_path_follower.py-9] [INFO] [1786904640.483745852] [velocity_path_follower]: waypoint 1568 / 5251 도달 (선 이탈 0.01 m)
[velocity_path_follower.py-9] [INFO] [1786904640.833582312] [velocity_path_follower]: waypoint 1569 / 5251 도달 (선 이탈 0.00 m)
[velocity_path_follower.py-9] [INFO] [1786904641.183670817] [velocity_path_follower]: waypoint 1570 / 5251 도달 (선 이탈 0.00 m)
[velocity_path_follower.py-9] [INFO] [1786904641.485728785] [velocity_path_follower]: waypoint 1571 / 5251 도달 (선 이탈 0.00 m)
[velocity_path_follower.py-9] [INFO] [1786904641.885602948] [velocity_path_follower]: waypoint 1572 / 5251 도달 (선 이탈 0.00 m)
[velocity_path_follower.py-9] [INFO] [1786904642.186016412] [velocity_path_follower]: waypoint 1573 / 5251 도달 (선 이탈 0.01 m)
[velocity_path_follower.py-9] [INFO] [1786904642.535506600] [velocity_path_follower]: waypoint 1574 / 5251 도달 (선 이탈 0.01 m)
[velocity_path_follower.py-9] [INFO] [1786904642.885498051] [velocity_path_follower]: waypoint 1575 / 5251 도달 (선 이탈 0.01 m)
[velocity_path_follower.py-9] [INFO] [1786904643.085463877] [velocity_path_follower]: 665.0s  wp 1576/5251 이탈0.0m  위치 ( -17.42,  -138.11,   9.89)
[velocity_path_follower.py-9] [INFO] [1786904643.235659626] [velocity_path_follower]: waypoint 1576 / 5251 도달 (선 이탈 0.01 m)
[velocity_path_follower.py-9] [INFO] [1786904643.585749571] [velocity_path_follower]: waypoint 1577 / 5251 도달 (선 이탈 0.01 m)
[velocity_path_follower.py-9] [INFO] [1786904643.935924645] [velocity_path_follower]: waypoint 1578 / 5251 도달 (선 이탈 0.01 m)
[velocity_path_follower.py-9] [INFO] [1786904644.285884581] [velocity_path_follower]: waypoint 1579 / 5251 도달 (선 이탈 0.01 m)
[velocity_path_follower.py-9] [INFO] [1786904644.635841850] [velocity_path_follower]: waypoint 1580 / 5251 도달 (선 이탈 0.02 m)
[velocity_path_follower.py-9] [INFO] [1786904644.985786952] [velocity_path_follower]: waypoint 1581 / 5251 도달 (선 이탈 0.02 m)
[velocity_path_follower.py-9] [INFO] [1786904645.335739423] [velocity_path_follower]: waypoint 1582 / 5251 도달 (선 이탈 0.02 m)
[velocity_path_follower.py-9] [INFO] [1786904645.635509767] [velocity_path_follower]: waypoint 1583 / 5251 도달 (선 이탈 0.01 m)
[velocity_path_follower.py-9] [INFO] [1786904646.035508567] [velocity_path_follower]: waypoint 1584 / 5251 도달 (선 이탈 0.01 m)
[velocity_path_follower.py-9] [INFO] [1786904646.385642868] [velocity_path_follower]: waypoint 1585 / 5251 도달 (선 이탈 0.01 m)
[velocity_path_follower.py-9] [INFO] [1786904648.085399749] [velocity_path_follower]: 670.0s  climb       위치 ( -24.37,  -138.11,   5.48)
[velocity_path_follower.py-9] [INFO] [1786904650.989791930] [velocity_path_follower]: waypoint 1586 / 5251 도달 (선 이탈 0.00 m)
[velocity_path_follower.py-9] [INFO] [1786904651.039492454] [velocity_path_follower]: waypoint 1587 / 5251 도달 (선 이탈 0.00 m)
[velocity_path_follower.py-9] [INFO] [1786904651.089644365] [velocity_path_follower]: waypoint 1588 / 5251 도달 (선 이탈 0.00 m)
[velocity_path_follower.py-9] [INFO] [1786904651.139447683] [velocity_path_follower]: waypoint 1589 / 5251 도달 (선 이탈 0.00 m)
[velocity_path_follower.py-9] [INFO] [1786904651.189673137] [velocity_path_follower]: waypoint 1590 / 5251 도달 (선 이탈 0.00 m)
[velocity_path_follower.py-9] [INFO] [1786904651.239873174] [velocity_path_follower]: waypoint 1591 / 5251 도달 (선 이탈 0.00 m)
[velocity_path_follower.py-9] [INFO] [1786904651.289487779] [velocity_path_follower]: waypoint 1592 / 5251 도달 (선 이탈 0.00 m)
[velocity_path_follower.py-9] [INFO] [1786904651.339546520] [velocity_path_follower]: waypoint 1593 / 5251 도달 (선 이탈 0.00 m)
[velocity_path_follower.py-9] [INFO] [1786904651.389615345] [velocity_path_follower]: waypoint 1594 / 5251 도달 (선 이탈 0.00 m)
[velocity_path_follower.py-9] [INFO] [1786904651.539502771] [velocity_path_follower]: waypoint 1595 / 5251 도달 (선 이탈 0.00 m)
[velocity_path_follower.py-9] [INFO] [1786904652.389679930] [velocity_path_follower]: waypoint 1596 / 5251 도달 (선 이탈 0.00 m)
[velocity_path_follower.py-9] [INFO] [1786904653.092655430] [velocity_path_follower]: waypoint 1597 / 5251 도달 (선 이탈 0.00 m)
[velocity_path_follower.py-9] [INFO] [1786904653.142317702] [velocity_path_follower]: 675.1s  wp 1598/5251 이탈0.0m  위치 ( -28.15,  -138.10,   7.90)
[velocity_path_follower.py-9] [INFO] [1786904653.692646994] [velocity_path_follower]: waypoint 1598 / 5251 도달 (선 이탈 0.00 m)
[velocity_path_follower.py-9] [INFO] [1786904654.292421255] [velocity_path_follower]: waypoint 1599 / 5251 도달 (선 이탈 0.00 m)
[velocity_path_follower.py-9] [INFO] [1786904654.842822580] [velocity_path_follower]: waypoint 1600 / 5251 도달 (선 이탈 0.00 m)
[velocity_path_follower.py-9] [INFO] [1786904655.342845319] [velocity_path_follower]: waypoint 1601 / 5251 도달 (선 이탈 0.00 m)
[velocity_path_follower.py-9] [INFO] [1786904655.842672300] [velocity_path_follower]: waypoint 1602 / 5251 도달 (선 이탈 0.00 m)
[velocity_path_follower.py-9] [INFO] [1786904656.342850325] [velocity_path_follower]: waypoint 1603 / 5251 도달 (선 이탈 0.00 m)
[velocity_path_follower.py-9] [INFO] [1786904656.792598850] [velocity_path_follower]: waypoint 1604 / 5251 도달 (선 이탈 0.00 m)
[velocity_path_follower.py-9] [INFO] [1786904657.242483416] [velocity_path_follower]: waypoint 1605 / 5251 도달 (선 이탈 0.00 m)
[velocity_path_follower.py-9] [INFO] [1786904657.643055511] [velocity_path_follower]: waypoint 1606 / 5251 도달 (선 이탈 0.00 m)
[velocity_path_follower.py-9] [INFO] [1786904658.092694857] [velocity_path_follower]: waypoint 1607 / 5251 도달 (선 이탈 0.00 m)
[velocity_path_follower.py-9] [INFO] [1786904658.142435792] [velocity_path_follower]: 680.1s  wp 1608/5251 이탈0.0m  위치 ( -33.16,  -138.10,   7.49)
[velocity_path_follower.py-9] [INFO] [1786904658.542519575] [velocity_path_follower]: waypoint 1608 / 5251 도달 (선 이탈 0.00 m)
[velocity_path_follower.py-9] [INFO] [1786904658.942461272] [velocity_path_follower]: waypoint 1609 / 5251 도달 (선 이탈 0.00 m)
[velocity_path_follower.py-9] [INFO] [1786904659.342722303] [velocity_path_follower]: waypoint 1610 / 5251 도달 (선 이탈 0.00 m)
[velocity_path_follower.py-9] [INFO] [1786904659.792622640] [velocity_path_follower]: waypoint 1611 / 5251 도달 (선 이탈 0.00 m)
[velocity_path_follower.py-9] [INFO] [1786904660.192825623] [velocity_path_follower]: waypoint 1612 / 5251 도달 (선 이탈 0.00 m)
[velocity_path_follower.py-9] [INFO] [1786904660.542427356] [velocity_path_follower]: waypoint 1613 / 5251 도달 (선 이탈 0.00 m)
[velocity_path_follower.py-9] [INFO] [1786904662.742572106] [velocity_path_follower]: waypoint 1614 / 5251 도달 (선 이탈 0.00 m)
[velocity_path_follower.py-9] [INFO] [1786904662.792463999] [velocity_path_follower]: waypoint 1615 / 5251 도달 (선 이탈 0.00 m)
[velocity_path_follower.py-9] [INFO] [1786904663.092517291] [velocity_path_follower]: 685.0s  wp 1616/5251 이탈0.4m  위치 ( -38.95,  -138.10,   6.56)
[velocity_path_follower.py-9] [INFO] [1786904667.942705622] [velocity_path_follower]: waypoint 1616 / 5251 도달 (선 이탈 1.84 m)
[velocity_path_follower.py-9] [INFO] [1786904668.092467870] [velocity_path_follower]: 690.0s  wp 1618/5251 이탈1.3m  위치 ( -40.41,  -135.45,   7.16)
[velocity_path_follower.py-9] [INFO] [1786904670.192629399] [velocity_path_follower]: waypoint 1618 / 5251 도달 (선 이탈 0.22 m)
[velocity_path_follower.py-9] [INFO] [1786904671.000596471] [velocity_path_follower]: waypoint 1619 / 5251 도달 (선 이탈 0.71 m)
[velocity_path_follower.py-9] [INFO] [1786904671.699775415] [velocity_path_follower]: waypoint 1620 / 5251 도달 (선 이탈 1.04 m)
[velocity_path_follower.py-9] [INFO] [1786904672.299493882] [velocity_path_follower]: waypoint 1621 / 5251 도달 (선 이탈 1.24 m)
[velocity_path_follower.py-9] [INFO] [1786904672.899503393] [velocity_path_follower]: waypoint 1622 / 5251 도달 (선 이탈 1.38 m)
[velocity_path_follower.py-9] [INFO] [1786904673.099433935] [velocity_path_follower]: 695.0s  wp 1623/5251 이탈1.4m  위치 ( -37.39,  -132.69,   6.52)
[velocity_path_follower.py-9] [INFO] [1786904673.449629429] [velocity_path_follower]: waypoint 1623 / 5251 도달 (선 이탈 1.45 m)
[velocity_path_follower.py-9] [INFO] [1786904674.499619636] [velocity_path_follower]: waypoint 1624 / 5251 도달 (선 이탈 1.44 m)
[velocity_path_follower.py-9] [INFO] [1786904674.599470527] [velocity_path_follower]: waypoint 1625 / 5251 도달 (선 이탈 1.44 m)
[velocity_path_follower.py-9] [INFO] [1786904675.199651224] [velocity_path_follower]: waypoint 1626 / 5251 도달 (선 이탈 1.40 m)
[velocity_path_follower.py-9] [INFO] [1786904675.749694693] [velocity_path_follower]: waypoint 1627 / 5251 도달 (선 이탈 1.32 m)
[velocity_path_follower.py-9] [INFO] [1786904676.349477741] [velocity_path_follower]: waypoint 1628 / 5251 도달 (선 이탈 1.20 m)
[velocity_path_follower.py-9] [INFO] [1786904676.899744913] [velocity_path_follower]: waypoint 1629 / 5251 도달 (선 이탈 1.05 m)
[velocity_path_follower.py-9] [INFO] [1786904677.399829150] [velocity_path_follower]: waypoint 1630 / 5251 도달 (선 이탈 0.89 m)
[velocity_path_follower.py-9] [INFO] [1786904677.949611509] [velocity_path_follower]: waypoint 1631 / 5251 도달 (선 이탈 0.70 m)
[velocity_path_follower.py-9] [INFO] [1786904678.099662319] [velocity_path_follower]: 700.0s  wp 1632/5251 이탈0.6m  위치 ( -32.91,  -133.46,   6.77)
[velocity_path_follower.py-9] [INFO] [1786904678.449503730] [velocity_path_follower]: waypoint 1632 / 5251 도달 (선 이탈 0.52 m)
[velocity_path_follower.py-9] [INFO] [1786904678.899837831] [velocity_path_follower]: waypoint 1633 / 5251 도달 (선 이탈 0.34 m)
[velocity_path_follower.py-9] [INFO] [1786904679.399694668] [velocity_path_follower]: waypoint 1634 / 5251 도달 (선 이탈 0.16 m)
[velocity_path_follower.py-9] [INFO] [1786904679.849714836] [velocity_path_follower]: waypoint 1635 / 5251 도달 (선 이탈 0.00 m)
[velocity_path_follower.py-9] [INFO] [1786904680.299647579] [velocity_path_follower]: waypoint 1636 / 5251 도달 (선 이탈 0.15 m)
[velocity_path_follower.py-9] [INFO] [1786904680.701514655] [velocity_path_follower]: waypoint 1637 / 5251 도달 (선 이탈 0.27 m)
[velocity_path_follower.py-9] [INFO] [1786904681.151471518] [velocity_path_follower]: waypoint 1638 / 5251 도달 (선 이탈 0.39 m)
[velocity_path_follower.py-9] [INFO] [1786904681.551520626] [velocity_path_follower]: waypoint 1639 / 5251 도달 (선 이탈 0.48 m)
[velocity_path_follower.py-9] [INFO] [1786904681.951694111] [velocity_path_follower]: waypoint 1640 / 5251 도달 (선 이탈 0.56 m)
[velocity_path_follower.py-9] [INFO] [1786904682.401508916] [velocity_path_follower]: waypoint 1641 / 5251 도달 (선 이탈 0.62 m)
[velocity_path_follower.py-9] [INFO] [1786904682.801598642] [velocity_path_follower]: waypoint 1642 / 5251 도달 (선 이탈 0.66 m)
[velocity_path_follower.py-9] [INFO] [1786904683.101462440] [velocity_path_follower]: 705.0s  wp 1643/5251 이탈0.7m  위치 ( -27.18,  -134.78,   6.56)
[velocity_path_follower.py-9] [INFO] [1786904683.201687531] [velocity_path_follower]: waypoint 1643 / 5251 도달 (선 이탈 0.68 m)
[velocity_path_follower.py-9] [INFO] [1786904683.601820167] [velocity_path_follower]: waypoint 1644 / 5251 도달 (선 이탈 0.69 m)
[velocity_path_follower.py-9] [INFO] [1786904684.001672380] [velocity_path_follower]: waypoint 1645 / 5251 도달 (선 이탈 0.68 m)
[velocity_path_follower.py-9] [INFO] [1786904684.401447208] [velocity_path_follower]: waypoint 1646 / 5251 도달 (선 이탈 0.66 m)
[velocity_path_follower.py-9] [INFO] [1786904685.203696093] [velocity_path_follower]: waypoint 1647 / 5251 도달 (선 이탈 0.59 m)
[velocity_path_follower.py-9] [INFO] [1786904685.253746052] [velocity_path_follower]: waypoint 1648 / 5251 도달 (선 이탈 0.58 m)
[velocity_path_follower.py-9] [INFO] [1786904685.603702545] [velocity_path_follower]: waypoint 1649 / 5251 도달 (선 이탈 0.54 m)
[velocity_path_follower.py-9] [INFO] [1786904686.053886040] [velocity_path_follower]: waypoint 1650 / 5251 도달 (선 이탈 0.49 m)
[velocity_path_follower.py-9] [INFO] [1786904686.453812691] [velocity_path_follower]: waypoint 1651 / 5251 도달 (선 이탈 0.44 m)
[velocity_path_follower.py-9] [INFO] [1786904686.853772259] [velocity_path_follower]: waypoint 1652 / 5251 도달 (선 이탈 0.38 m)
[velocity_path_follower.py-9] [INFO] [1786904687.303713111] [velocity_path_follower]: waypoint 1653 / 5251 도달 (선 이탈 0.30 m)
[velocity_path_follower.py-9] [INFO] [1786904687.703632296] [velocity_path_follower]: waypoint 1654 / 5251 도달 (선 이탈 0.23 m)
[velocity_path_follower.py-9] [INFO] [1786904688.103742566] [velocity_path_follower]: waypoint 1655 / 5251 도달 (선 이탈 0.17 m)
[velocity_path_follower.py-9] [INFO] [1786904688.153763272] [velocity_path_follower]: 710.1s  wp 1656/5251 이탈0.2m  위치 ( -21.00,  -134.25,   6.72)
[velocity_path_follower.py-9] [INFO] [1786904688.503501698] [velocity_path_follower]: waypoint 1656 / 5251 도달 (선 이탈 0.10 m)
[velocity_path_follower.py-9] [INFO] [1786904688.903887970] [velocity_path_follower]: waypoint 1657 / 5251 도달 (선 이탈 0.03 m)
[velocity_path_follower.py-9] [INFO] [1786904689.303717848] [velocity_path_follower]: waypoint 1658 / 5251 도달 (선 이탈 0.04 m)
[velocity_path_follower.py-9] [INFO] [1786904689.703689353] [velocity_path_follower]: waypoint 1659 / 5251 도달 (선 이탈 0.10 m)
[velocity_path_follower.py-9] [INFO] [1786904690.055643159] [velocity_path_follower]: waypoint 1660 / 5251 도달 (선 이탈 0.14 m)
[velocity_path_follower.py-9] [INFO] [1786904690.455619073] [velocity_path_follower]: waypoint 1661 / 5251 도달 (선 이탈 0.19 m)
[velocity_path_follower.py-9] [INFO] [1786904690.805628660] [velocity_path_follower]: waypoint 1662 / 5251 도달 (선 이탈 0.23 m)
[velocity_path_follower.py-9] [INFO] [1786904691.205834784] [velocity_path_follower]: waypoint 1663 / 5251 도달 (선 이탈 0.26 m)
[velocity_path_follower.py-9] [INFO] [1786904691.605651770] [velocity_path_follower]: waypoint 1664 / 5251 도달 (선 이탈 0.29 m)
[velocity_path_follower.py-9] [INFO] [1786904691.955500431] [velocity_path_follower]: waypoint 1665 / 5251 도달 (선 이탈 0.30 m)
[velocity_path_follower.py-9] [INFO] [1786904692.305792012] [velocity_path_follower]: waypoint 1666 / 5251 도달 (선 이탈 0.31 m)
[velocity_path_follower.py-9] [INFO] [1786904692.705881331] [velocity_path_follower]: waypoint 1667 / 5251 도달 (선 이탈 0.32 m)
[velocity_path_follower.py-9] [INFO] [1786904693.055638773] [velocity_path_follower]: waypoint 1668 / 5251 도달 (선 이탈 0.31 m)
[velocity_path_follower.py-9] [INFO] [1786904693.105689225] [velocity_path_follower]: 715.0s  wp 1669/5251 이탈0.3m  위치 ( -14.51,  -133.79,   8.78)
[velocity_path_follower.py-9] [INFO] [1786904693.405831429] [velocity_path_follower]: waypoint 1669 / 5251 도달 (선 이탈 0.30 m)
[velocity_path_follower.py-9] [INFO] [1786904693.805899115] [velocity_path_follower]: waypoint 1670 / 5251 도달 (선 이탈 0.29 m)
[velocity_path_follower.py-9] [INFO] [1786904694.155673549] [velocity_path_follower]: waypoint 1671 / 5251 도달 (선 이탈 0.27 m)
[velocity_path_follower.py-9] [INFO] [1786904694.508052834] [velocity_path_follower]: waypoint 1672 / 5251 도달 (선 이탈 0.25 m)
[velocity_path_follower.py-9] [INFO] [1786904694.910495445] [velocity_path_follower]: waypoint 1673 / 5251 도달 (선 이탈 0.22 m)
[velocity_path_follower.py-9] [INFO] [1786904695.260403375] [velocity_path_follower]: waypoint 1674 / 5251 도달 (선 이탈 0.20 m)
[velocity_path_follower.py-9] [INFO] [1786904695.610711770] [velocity_path_follower]: waypoint 1675 / 5251 도달 (선 이탈 0.17 m)
[velocity_path_follower.py-9] [INFO] [1786904696.010432017] [velocity_path_follower]: waypoint 1676 / 5251 도달 (선 이탈 0.13 m)
[velocity_path_follower.py-9] [INFO] [1786904696.310779293] [velocity_path_follower]: waypoint 1677 / 5251 도달 (선 이탈 0.10 m)
[velocity_path_follower.py-9] [INFO] [1786904696.710773830] [velocity_path_follower]: waypoint 1678 / 5251 도달 (선 이탈 0.07 m)
[velocity_path_follower.py-9] [INFO] [1786904697.060897131] [velocity_path_follower]: waypoint 1679 / 5251 도달 (선 이탈 0.04 m)
[velocity_path_follower.py-9] [INFO] [1786904697.410734252] [velocity_path_follower]: waypoint 1680 / 5251 도달 (선 이탈 0.01 m)
[velocity_path_follower.py-9] [INFO] [1786904697.762640382] [velocity_path_follower]: waypoint 1681 / 5251 도달 (선 이탈 0.02 m)
[velocity_path_follower.py-9] [INFO] [1786904698.120973580] [velocity_path_follower]: waypoint 1682 / 5251 도달 (선 이탈 0.05 m)
[velocity_path_follower.py-9] [INFO] [1786904698.172104927] [velocity_path_follower]: 720.1s  wp 1683/5251 이탈0.1m  위치 (  -7.50,  -134.15,  10.93)
[velocity_path_follower.py-9] [INFO] [1786904698.473657305] [velocity_path_follower]: waypoint 1683 / 5251 도달 (선 이탈 0.07 m)
[velocity_path_follower.py-9] [INFO] [1786904698.828921675] [velocity_path_follower]: waypoint 1684 / 5251 도달 (선 이탈 0.09 m)
[velocity_path_follower.py-9] [INFO] [1786904699.228895652] [velocity_path_follower]: waypoint 1685 / 5251 도달 (선 이탈 0.12 m)
[velocity_path_follower.py-9] [INFO] [1786904699.579223148] [velocity_path_follower]: waypoint 1686 / 5251 도달 (선 이탈 0.13 m)
[velocity_path_follower.py-9] [INFO] [1786904699.933726702] [velocity_path_follower]: waypoint 1687 / 5251 도달 (선 이탈 0.15 m)
[velocity_path_follower.py-9] [INFO] [1786904700.283626474] [velocity_path_follower]: waypoint 1688 / 5251 도달 (선 이탈 0.15 m)
[velocity_path_follower.py-9] [INFO] [1786904700.635839008] [velocity_path_follower]: waypoint 1689 / 5251 도달 (선 이탈 0.16 m)
[velocity_path_follower.py-9] [INFO] [1786904700.985793697] [velocity_path_follower]: waypoint 1690 / 5251 도달 (선 이탈 0.17 m)
[velocity_path_follower.py-9] [INFO] [1786904701.335501083] [velocity_path_follower]: waypoint 1691 / 5251 도달 (선 이탈 0.17 m)
[velocity_path_follower.py-9] [INFO] [1786904701.685650770] [velocity_path_follower]: waypoint 1692 / 5251 도달 (선 이탈 0.16 m)
[velocity_path_follower.py-9] [INFO] [1786904702.090457468] [velocity_path_follower]: waypoint 1693 / 5251 도달 (선 이탈 0.16 m)
[velocity_path_follower.py-9] [INFO] [1786904702.435080143] [velocity_path_follower]: waypoint 1694 / 5251 도달 (선 이탈 0.15 m)
[velocity_path_follower.py-9] [INFO] [1786904702.784989526] [velocity_path_follower]: waypoint 1695 / 5251 도달 (선 이탈 0.14 m)
[velocity_path_follower.py-9] [INFO] [1786904703.134904824] [velocity_path_follower]: waypoint 1696 / 5251 도달 (선 이탈 0.13 m)
[velocity_path_follower.py-9] [INFO] [1786904703.184858306] [velocity_path_follower]: 725.0s  wp 1697/5251 이탈0.1m  위치 (  -0.49,  -134.23,   9.52)
[velocity_path_follower.py-9] [INFO] [1786904703.484826119] [velocity_path_follower]: waypoint 1697 / 5251 도달 (선 이탈 0.12 m)
[velocity_path_follower.py-9] [INFO] [1786904703.834728371] [velocity_path_follower]: waypoint 1698 / 5251 도달 (선 이탈 0.10 m)
[velocity_path_follower.py-9] [INFO] [1786904704.184871417] [velocity_path_follower]: waypoint 1699 / 5251 도달 (선 이탈 0.09 m)
[velocity_path_follower.py-9] [INFO] [1786904704.535075171] [velocity_path_follower]: waypoint 1700 / 5251 도달 (선 이탈 0.07 m)
[velocity_path_follower.py-9] [INFO] [1786904704.884885331] [velocity_path_follower]: waypoint 1701 / 5251 도달 (선 이탈 0.05 m)
[velocity_path_follower.py-9] [INFO] [1786904705.234772656] [velocity_path_follower]: waypoint 1702 / 5251 도달 (선 이탈 0.04 m)
[velocity_path_follower.py-9] [INFO] [1786904705.587360335] [velocity_path_follower]: waypoint 1703 / 5251 도달 (선 이탈 0.02 m)
[velocity_path_follower.py-9] [INFO] [1786904705.939914637] [velocity_path_follower]: waypoint 1704 / 5251 도달 (선 이탈 0.00 m)
[velocity_path_follower.py-9] [INFO] [1786904706.292036967] [velocity_path_follower]: waypoint 1705 / 5251 도달 (선 이탈 0.01 m)
[velocity_path_follower.py-9] [INFO] [1786904706.642236291] [velocity_path_follower]: waypoint 1706 / 5251 도달 (선 이탈 0.03 m)
[velocity_path_follower.py-9] [INFO] [1786904706.996906013] [velocity_path_follower]: waypoint 1707 / 5251 도달 (선 이탈 0.04 m)
[velocity_path_follower.py-9] [INFO] [1786904707.346831782] [velocity_path_follower]: waypoint 1708 / 5251 도달 (선 이탈 0.05 m)
[velocity_path_follower.py-9] [INFO] [1786904707.696625257] [velocity_path_follower]: waypoint 1709 / 5251 도달 (선 이탈 0.06 m)
[velocity_path_follower.py-9] [INFO] [1786904708.048864497] [velocity_path_follower]: waypoint 1710 / 5251 도달 (선 이탈 0.07 m)
[velocity_path_follower.py-9] [INFO] [1786904708.198707845] [velocity_path_follower]: 730.0s  wp 1711/5251 이탈0.1m  위치 (   6.66,  -134.03,   7.55)
[velocity_path_follower.py-9] [INFO] [1786904708.398634882] [velocity_path_follower]: waypoint 1711 / 5251 도달 (선 이탈 0.08 m)
[velocity_path_follower.py-9] [INFO] [1786904708.751104414] [velocity_path_follower]: waypoint 1712 / 5251 도달 (선 이탈 0.08 m)
[velocity_path_follower.py-9] [INFO] [1786904709.101062635] [velocity_path_follower]: waypoint 1713 / 5251 도달 (선 이탈 0.09 m)
[velocity_path_follower.py-9] [INFO] [1786904709.451004393] [velocity_path_follower]: waypoint 1714 / 5251 도달 (선 이탈 0.09 m)
[velocity_path_follower.py-9] [INFO] [1786904709.800917900] [velocity_path_follower]: waypoint 1715 / 5251 도달 (선 이탈 0.09 m)
[velocity_path_follower.py-9] [INFO] [1786904710.151116452] [velocity_path_follower]: waypoint 1716 / 5251 도달 (선 이탈 0.09 m)
[velocity_path_follower.py-9] [INFO] [1786904710.451084186] [velocity_path_follower]: waypoint 1717 / 5251 도달 (선 이탈 0.08 m)
[velocity_path_follower.py-9] [INFO] [1786904710.851122167] [velocity_path_follower]: waypoint 1718 / 5251 도달 (선 이탈 0.08 m)
[velocity_path_follower.py-9] [INFO] [1786904711.153942590] [velocity_path_follower]: waypoint 1719 / 5251 도달 (선 이탈 0.07 m)
[velocity_path_follower.py-9] [INFO] [1786904711.503770375] [velocity_path_follower]: waypoint 1720 / 5251 도달 (선 이탈 0.07 m)
[velocity_path_follower.py-9] [INFO] [1786904711.905939065] [velocity_path_follower]: waypoint 1721 / 5251 도달 (선 이탈 0.06 m)
[velocity_path_follower.py-9] [INFO] [1786904712.205874956] [velocity_path_follower]: waypoint 1722 / 5251 도달 (선 이탈 0.05 m)
[velocity_path_follower.py-9] [INFO] [1786904712.555799736] [velocity_path_follower]: waypoint 1723 / 5251 도달 (선 이탈 0.04 m)
[velocity_path_follower.py-9] [INFO] [1786904712.906048233] [velocity_path_follower]: waypoint 1724 / 5251 도달 (선 이탈 0.04 m)
[velocity_path_follower.py-9] [INFO] [1786904713.205874991] [velocity_path_follower]: 735.0s  wp 1725/5251 이탈0.0m  위치 (  13.85,  -134.07,  10.42)
[velocity_path_follower.py-9] [INFO] [1786904713.255691127] [velocity_path_follower]: waypoint 1725 / 5251 도달 (선 이탈 0.03 m)
[velocity_path_follower.py-9] [INFO] [1786904713.605727779] [velocity_path_follower]: waypoint 1726 / 5251 도달 (선 이탈 0.02 m)
[velocity_path_follower.py-9] [INFO] [1786904713.958509371] [velocity_path_follower]: waypoint 1727 / 5251 도달 (선 이탈 0.01 m)
[velocity_path_follower.py-9] [INFO] [1786904714.311756427] [velocity_path_follower]: waypoint 1728 / 5251 도달 (선 이탈 0.00 m)
[velocity_path_follower.py-9] [INFO] [1786904714.661668611] [velocity_path_follower]: waypoint 1729 / 5251 도달 (선 이탈 0.01 m)
[velocity_path_follower.py-9] [INFO] [1786904715.011740925] [velocity_path_follower]: waypoint 1730 / 5251 도달 (선 이탈 0.01 m)
[velocity_path_follower.py-9] [INFO] [1786904715.361483391] [velocity_path_follower]: waypoint 1731 / 5251 도달 (선 이탈 0.02 m)
[velocity_path_follower.py-9] [INFO] [1786904715.713833918] [velocity_path_follower]: waypoint 1732 / 5251 도달 (선 이탈 0.03 m)
[velocity_path_follower.py-9] [INFO] [1786904716.063733554] [velocity_path_follower]: waypoint 1733 / 5251 도달 (선 이탈 0.03 m)
[velocity_path_follower.py-9] [INFO] [1786904716.416067242] [velocity_path_follower]: waypoint 1734 / 5251 도달 (선 이탈 0.04 m)
[velocity_path_follower.py-9] [INFO] [1786904716.766000331] [velocity_path_follower]: waypoint 1735 / 5251 도달 (선 이탈 0.04 m)
[velocity_path_follower.py-9] [INFO] [1786904717.122626493] [velocity_path_follower]: waypoint 1736 / 5251 도달 (선 이탈 0.04 m)
[velocity_path_follower.py-9] [INFO] [1786904717.422521730] [velocity_path_follower]: waypoint 1737 / 5251 도달 (선 이탈 0.04 m)
[velocity_path_follower.py-9] [INFO] [1786904717.826717385] [velocity_path_follower]: waypoint 1738 / 5251 도달 (선 이탈 0.05 m)
[velocity_path_follower.py-9] [INFO] [1786904718.126811583] [velocity_path_follower]: waypoint 1739 / 5251 도달 (선 이탈 0.05 m)
[velocity_path_follower.py-9] [INFO] [1786904718.226475764] [velocity_path_follower]: 740.0s  wp 1740/5251 이탈0.0m  위치 (  21.06,  -134.15,  12.62)
[velocity_path_follower.py-9] [INFO] [1786904718.478705207] [velocity_path_follower]: waypoint 1740 / 5251 도달 (선 이탈 0.05 m)
[velocity_path_follower.py-9] [INFO] [1786904718.831744482] [velocity_path_follower]: waypoint 1741 / 5251 도달 (선 이탈 0.04 m)
[velocity_path_follower.py-9] [INFO] [1786904719.181639680] [velocity_path_follower]: waypoint 1742 / 5251 도달 (선 이탈 0.04 m)
[velocity_path_follower.py-9] [INFO] [1786904719.531519417] [velocity_path_follower]: waypoint 1743 / 5251 도달 (선 이탈 0.04 m)
[velocity_path_follower.py-9] [INFO] [1786904719.881448322] [velocity_path_follower]: waypoint 1744 / 5251 도달 (선 이탈 0.04 m)
[velocity_path_follower.py-9] [INFO] [1786904720.232165908] [velocity_path_follower]: waypoint 1745 / 5251 도달 (선 이탈 0.03 m)
[velocity_path_follower.py-9] [INFO] [1786904720.581512418] [velocity_path_follower]: waypoint 1746 / 5251 도달 (선 이탈 0.03 m)
[velocity_path_follower.py-9] [INFO] [1786904720.931757198] [velocity_path_follower]: waypoint 1747 / 5251 도달 (선 이탈 0.02 m)
[velocity_path_follower.py-9] [INFO] [1786904721.281632341] [velocity_path_follower]: waypoint 1748 / 5251 도달 (선 이탈 0.02 m)
[velocity_path_follower.py-9] [INFO] [1786904721.631468065] [velocity_path_follower]: waypoint 1749 / 5251 도달 (선 이탈 0.02 m)
[velocity_path_follower.py-9] [INFO] [1786904721.981518335] [velocity_path_follower]: waypoint 1750 / 5251 도달 (선 이탈 0.01 m)
[velocity_path_follower.py-9] [INFO] [1786904722.336738054] [velocity_path_follower]: waypoint 1751 / 5251 도달 (선 이탈 0.01 m)
[velocity_path_follower.py-9] [INFO] [1786904722.686781444] [velocity_path_follower]: waypoint 1752 / 5251 도달 (선 이탈 0.00 m)
[velocity_path_follower.py-9] [INFO] [1786904722.987644469] [velocity_path_follower]: waypoint 1753 / 5251 도달 (선 이탈 0.00 m)
[velocity_path_follower.py-9] [INFO] [1786904723.236833527] [velocity_path_follower]: 745.0s  wp 1754/5251 이탈0.0m  위치 (  28.26,  -134.09,  10.65)
[velocity_path_follower.py-9] [INFO] [1786904723.339794194] [velocity_path_follower]: waypoint 1754 / 5251 도달 (선 이탈 0.01 m)
[velocity_path_follower.py-9] [INFO] [1786904723.739502868] [velocity_path_follower]: waypoint 1755 / 5251 도달 (선 이탈 0.01 m)
[velocity_path_follower.py-9] [INFO] [1786904724.039709664] [velocity_path_follower]: waypoint 1756 / 5251 도달 (선 이탈 0.01 m)
[velocity_path_follower.py-9] [INFO] [1786904724.392123138] [velocity_path_follower]: waypoint 1757 / 5251 도달 (선 이탈 0.02 m)
[velocity_path_follower.py-9] [INFO] [1786904724.744865745] [velocity_path_follower]: waypoint 1758 / 5251 도달 (선 이탈 0.02 m)
[velocity_path_follower.py-9] [INFO] [1786904725.094859953] [velocity_path_follower]: waypoint 1759 / 5251 도달 (선 이탈 0.02 m)
[velocity_path_follower.py-9] [INFO] [1786904725.444695403] [velocity_path_follower]: waypoint 1760 / 5251 도달 (선 이탈 0.02 m)
[velocity_path_follower.py-9] [INFO] [1786904725.794702106] [velocity_path_follower]: waypoint 1761 / 5251 도달 (선 이탈 0.02 m)
[velocity_path_follower.py-9] [INFO] [1786904726.146658145] [velocity_path_follower]: waypoint 1762 / 5251 도달 (선 이탈 0.02 m)
[velocity_path_follower.py-9] [INFO] [1786904726.496488755] [velocity_path_follower]: waypoint 1763 / 5251 도달 (선 이탈 0.02 m)
[velocity_path_follower.py-9] [INFO] [1786904726.846518370] [velocity_path_follower]: waypoint 1764 / 5251 도달 (선 이탈 0.02 m)
[velocity_path_follower.py-9] [INFO] [1786904727.196670901] [velocity_path_follower]: waypoint 1765 / 5251 도달 (선 이탈 0.02 m)
[velocity_path_follower.py-9] [INFO] [1786904727.546512589] [velocity_path_follower]: waypoint 1766 / 5251 도달 (선 이탈 0.02 m)
[velocity_path_follower.py-9] [INFO] [1786904727.896605991] [velocity_path_follower]: waypoint 1767 / 5251 도달 (선 이탈 0.02 m)
[velocity_path_follower.py-9] [INFO] [1786904728.246723306] [velocity_path_follower]: waypoint 1768 / 5251 도달 (선 이탈 0.02 m)
[velocity_path_follower.py-9] [INFO] [1786904728.296443427] [velocity_path_follower]: 750.1s  wp 1769/5251 이탈0.0m  위치 (  35.53,  -134.08,  10.37)
[velocity_path_follower.py-9] [INFO] [1786904728.546481108] [velocity_path_follower]: waypoint 1769 / 5251 도달 (선 이탈 0.02 m)
[velocity_path_follower.py-9] [INFO] [1786904728.946426837] [velocity_path_follower]: waypoint 1770 / 5251 도달 (선 이탈 0.02 m)
[velocity_path_follower.py-9] [INFO] [1786904729.246520518] [velocity_path_follower]: waypoint 1771 / 5251 도달 (선 이탈 0.01 m)
[velocity_path_follower.py-9] [INFO] [1786904729.596473572] [velocity_path_follower]: waypoint 1772 / 5251 도달 (선 이탈 0.01 m)
[velocity_path_follower.py-9] [INFO] [1786904729.946696715] [velocity_path_follower]: waypoint 1773 / 5251 도달 (선 이탈 0.01 m)
[velocity_path_follower.py-9] [INFO] [1786904730.296489510] [velocity_path_follower]: waypoint 1774 / 5251 도달 (선 이탈 0.01 m)
[velocity_path_follower.py-9] [INFO] [1786904730.646634395] [velocity_path_follower]: waypoint 1775 / 5251 도달 (선 이탈 0.00 m)
[velocity_path_follower.py-9] [INFO] [1786904730.996666528] [velocity_path_follower]: waypoint 1776 / 5251 도달 (선 이탈 0.00 m)
[velocity_path_follower.py-9] [INFO] [1786904731.346450191] [velocity_path_follower]: waypoint 1777 / 5251 도달 (선 이탈 0.00 m)
[velocity_path_follower.py-9] [INFO] [1786904731.697025581] [velocity_path_follower]: waypoint 1778 / 5251 도달 (선 이탈 0.00 m)
[velocity_path_follower.py-9] [INFO] [1786904732.046490652] [velocity_path_follower]: waypoint 1779 / 5251 도달 (선 이탈 0.00 m)
[velocity_path_follower.py-9] [INFO] [1786904732.396843739] [velocity_path_follower]: waypoint 1780 / 5251 도달 (선 이탈 0.01 m)
[velocity_path_follower.py-9] [INFO] [1786904732.746641021] [velocity_path_follower]: waypoint 1781 / 5251 도달 (선 이탈 0.01 m)
[velocity_path_follower.py-9] [INFO] [1786904733.111908454] [velocity_path_follower]: waypoint 1782 / 5251 도달 (선 이탈 0.01 m)
[velocity_path_follower.py-9] [INFO] [1786904733.260425581] [velocity_path_follower]: 755.0s  wp 1783/5251 이탈0.0m  위치 (  42.69,  -134.11,  11.31)
[velocity_path_follower.py-9] [INFO] [1786904733.460518619] [velocity_path_follower]: waypoint 1783 / 5251 도달 (선 이탈 0.01 m)
[velocity_path_follower.py-9] [INFO] [1786904733.760794825] [velocity_path_follower]: waypoint 1784 / 5251 도달 (선 이탈 0.01 m)
[velocity_path_follower.py-9] [INFO] [1786904734.162489433] [velocity_path_follower]: waypoint 1785 / 5251 도달 (선 이탈 0.01 m)
[velocity_path_follower.py-9] [INFO] [1786904734.462702298] [velocity_path_follower]: waypoint 1786 / 5251 도달 (선 이탈 0.01 m)
[velocity_path_follower.py-9] [INFO] [1786904734.812959955] [velocity_path_follower]: waypoint 1787 / 5251 도달 (선 이탈 0.01 m)
[ros2-8] [INFO] [1786904734.952144362] [rosbag2_cpp]: Writing remaining messages from cache to the bag. It may take a while
[velocity_path_follower.py-9] [INFO] [1786904735.162645303] [velocity_path_follower]: waypoint 1788 / 5251 도달 (선 이탈 0.01 m)
[velocity_path_follower.py-9] [INFO] [1786904735.512781575] [velocity_path_follower]: waypoint 1789 / 5251 도달 (선 이탈 0.01 m)
[velocity_path_follower.py-9] [INFO] [1786904735.862825804] [velocity_path_follower]: waypoint 1790 / 5251 도달 (선 이탈 0.01 m)
[velocity_path_follower.py-9] [INFO] [1786904736.212760568] [velocity_path_follower]: waypoint 1791 / 5251 도달 (선 이탈 0.01 m)
[velocity_path_follower.py-9] [INFO] [1786904736.562772790] [velocity_path_follower]: waypoint 1792 / 5251 도달 (선 이탈 0.01 m)
[velocity_path_follower.py-9] [INFO] [1786904736.912755428] [velocity_path_follower]: waypoint 1793 / 5251 도달 (선 이탈 0.01 m)
[velocity_path_follower.py-9] [INFO] [1786904737.262640185] [velocity_path_follower]: waypoint 1794 / 5251 도달 (선 이탈 0.01 m)
[velocity_path_follower.py-9] [INFO] [1786904737.612869531] [velocity_path_follower]: waypoint 1795 / 5251 도달 (선 이탈 0.01 m)
[velocity_path_follower.py-9] [INFO] [1786904737.913667895] [velocity_path_follower]: waypoint 1796 / 5251 도달 (선 이탈 0.01 m)
[velocity_path_follower.py-9] [INFO] [1786904738.262618916] [velocity_path_follower]: 760.0s  wp 1797/5251 이탈0.0m  위치 (  49.90,  -134.10,   9.65)
[velocity_path_follower.py-9] [INFO] [1786904738.312517658] [velocity_path_follower]: waypoint 1797 / 5251 도달 (선 이탈 0.00 m)
[velocity_path_follower.py-9] [INFO] [1786904738.662469283] [velocity_path_follower]: waypoint 1798 / 5251 도달 (선 이탈 0.00 m)
[velocity_path_follower.py-9] [INFO] [1786904738.962503042] [velocity_path_follower]: waypoint 1799 / 5251 도달 (선 이탈 0.00 m)
[velocity_path_follower.py-9] [INFO] [1786904739.362791580] [velocity_path_follower]: waypoint 1800 / 5251 도달 (선 이탈 0.00 m)
[velocity_path_follower.py-9] [INFO] [1786904739.662667746] [velocity_path_follower]: waypoint 1801 / 5251 도달 (선 이탈 0.00 m)
[velocity_path_follower.py-9] [INFO] [1786904740.012637783] [velocity_path_follower]: waypoint 1802 / 5251 도달 (선 이탈 0.00 m)
[velocity_path_follower.py-9] [INFO] [1786904740.362942780] [velocity_path_follower]: waypoint 1803 / 5251 도달 (선 이탈 0.00 m)
[velocity_path_follower.py-9] [INFO] [1786904740.712682431] [velocity_path_follower]: waypoint 1804 / 5251 도달 (선 이탈 0.00 m)
[velocity_path_follower.py-9] [INFO] [1786904741.062723129] [velocity_path_follower]: waypoint 1805 / 5251 도달 (선 이탈 0.00 m)
[velocity_path_follower.py-9] [INFO] [1786904741.412603528] [velocity_path_follower]: waypoint 1806 / 5251 도달 (선 이탈 0.01 m)
[velocity_path_follower.py-9] [INFO] [1786904741.762831017] [velocity_path_follower]: waypoint 1807 / 5251 도달 (선 이탈 0.01 m)
[velocity_path_follower.py-9] [INFO] [1786904742.112834083] [velocity_path_follower]: waypoint 1808 / 5251 도달 (선 이탈 0.01 m)
[velocity_path_follower.py-9] [INFO] [1786904742.463037650] [velocity_path_follower]: waypoint 1809 / 5251 도달 (선 이탈 0.01 m)
[velocity_path_follower.py-9] [INFO] [1786904742.812494199] [velocity_path_follower]: waypoint 1810 / 5251 도달 (선 이탈 0.01 m)
[velocity_path_follower.py-9] [INFO] [1786904743.162875433] [velocity_path_follower]: waypoint 1811 / 5251 도달 (선 이탈 0.01 m)
[velocity_path_follower.py-9] [INFO] [1786904743.262649534] [velocity_path_follower]: 765.0s  wp 1812/5251 이탈0.0m  위치 (  57.11,  -134.09,   8.83)
[velocity_path_follower.py-9] [INFO] [1786904743.462746330] [velocity_path_follower]: waypoint 1812 / 5251 도달 (선 이탈 0.01 m)
[velocity_path_follower.py-9] [INFO] [1786904743.812639675] [velocity_path_follower]: waypoint 1813 / 5251 도달 (선 이탈 0.01 m)
[velocity_path_follower.py-9] [INFO] [1786904744.162642978] [velocity_path_follower]: waypoint 1814 / 5251 도달 (선 이탈 0.01 m)
[velocity_path_follower.py-9] [INFO] [1786904744.512674238] [velocity_path_follower]: waypoint 1815 / 5251 도달 (선 이탈 0.01 m)
[velocity_path_follower.py-9] [INFO] [1786904744.862716622] [velocity_path_follower]: waypoint 1816 / 5251 도달 (선 이탈 0.01 m)
[velocity_path_follower.py-9] [INFO] [1786904745.212701002] [velocity_path_follower]: waypoint 1817 / 5251 도달 (선 이탈 0.01 m)
[velocity_path_follower.py-9] [INFO] [1786904748.262703073] [velocity_path_follower]: 770.0s  wp 1818/5251 이탈2.1m  위치 (  63.47,  -133.01,  10.39)
[velocity_path_follower.py-9] [INFO] [1786904750.263058706] [velocity_path_follower]: waypoint 1818 / 5251 도달 (선 이탈 2.92 m)
[velocity_path_follower.py-9] [INFO] [1786904753.262406028] [velocity_path_follower]: 775.0s  wp 1820/5251 이탈0.7m  위치 (  63.70,  -129.40,  10.41)
[velocity_path_follower.py-9] [INFO] [1786904755.212856355] [velocity_path_follower]: waypoint 1820 / 5251 도달 (선 이탈 1.41 m)
[velocity_path_follower.py-9] [INFO] [1786904755.862601677] [velocity_path_follower]: waypoint 1821 / 5251 도달 (선 이탈 1.48 m)
[velocity_path_follower.py-9] [INFO] [1786904756.462709645] [velocity_path_follower]: waypoint 1822 / 5251 도달 (선 이탈 1.48 m)
[velocity_path_follower.py-9] [INFO] [1786904757.062477185] [velocity_path_follower]: waypoint 1823 / 5251 도달 (선 이탈 1.42 m)
[velocity_path_follower.py-9] [INFO] [1786904757.662563099] [velocity_path_follower]: waypoint 1824 / 5251 도달 (선 이탈 1.31 m)
[velocity_path_follower.py-9] [INFO] [1786904758.162642719] [velocity_path_follower]: waypoint 1825 / 5251 도달 (선 이탈 1.19 m)
[velocity_path_follower.py-9] [INFO] [1786904758.262668842] [velocity_path_follower]: 780.0s  wp 1826/5251 이탈1.2m  위치 (  59.80,  -128.94,   9.72)
[velocity_path_follower.py-9] [INFO] [1786904758.712739562] [velocity_path_follower]: waypoint 1826 / 5251 도달 (선 이탈 1.03 m)
[velocity_path_follower.py-9] [INFO] [1786904759.262667106] [velocity_path_follower]: waypoint 1827 / 5251 도달 (선 이탈 0.83 m)
[velocity_path_follower.py-9] [INFO] [1786904759.712828737] [velocity_path_follower]: waypoint 1828 / 5251 도달 (선 이탈 0.66 m)
[velocity_path_follower.py-9] [INFO] [1786904760.212794088] [velocity_path_follower]: waypoint 1829 / 5251 도달 (선 이탈 0.48 m)
[velocity_path_follower.py-9] [INFO] [1786904760.712492428] [velocity_path_follower]: waypoint 1830 / 5251 도달 (선 이탈 0.29 m)
[velocity_path_follower.py-9] [INFO] [1786904761.162499629] [velocity_path_follower]: waypoint 1831 / 5251 도달 (선 이탈 0.11 m)
[velocity_path_follower.py-9] [INFO] [1786904761.612674455] [velocity_path_follower]: waypoint 1832 / 5251 도달 (선 이탈 0.05 m)
[velocity_path_follower.py-9] [INFO] [1786904762.062673359] [velocity_path_follower]: waypoint 1833 / 5251 도달 (선 이탈 0.20 m)
[velocity_path_follower.py-9] [INFO] [1786904762.462750784] [velocity_path_follower]: waypoint 1834 / 5251 도달 (선 이탈 0.32 m)
[velocity_path_follower.py-9] [INFO] [1786904762.862845126] [velocity_path_follower]: waypoint 1835 / 5251 도달 (선 이탈 0.43 m)
[velocity_path_follower.py-9] [INFO] [1786904763.262646707] [velocity_path_follower]: 785.0s  wp 1836/5251 이탈0.5m  위치 (  54.41,  -130.62,   9.71)
[velocity_path_follower.py-9] [INFO] [1786904763.312494886] [velocity_path_follower]: waypoint 1836 / 5251 도달 (선 이탈 0.52 m)
[velocity_path_follower.py-9] [INFO] [1786904763.712823936] [velocity_path_follower]: waypoint 1837 / 5251 도달 (선 이탈 0.60 m)
[velocity_path_follower.py-9] [INFO] [1786904764.112795267] [velocity_path_follower]: waypoint 1838 / 5251 도달 (선 이탈 0.65 m)
[velocity_path_follower.py-9] [INFO] [1786904764.512676216] [velocity_path_follower]: waypoint 1839 / 5251 도달 (선 이탈 0.69 m)
[velocity_path_follower.py-9] [INFO] [1786904764.913029426] [velocity_path_follower]: waypoint 1840 / 5251 도달 (선 이탈 0.71 m)
[velocity_path_follower.py-9] [INFO] [1786904765.312672240] [velocity_path_follower]: waypoint 1841 / 5251 도달 (선 이탈 0.71 m)
[velocity_path_follower.py-9] [INFO] [1786904765.712671103] [velocity_path_follower]: waypoint 1842 / 5251 도달 (선 이탈 0.70 m)
[velocity_path_follower.py-9] [INFO] [1786904766.112642588] [velocity_path_follower]: waypoint 1843 / 5251 도달 (선 이탈 0.68 m)
[velocity_path_follower.py-9] [INFO] [1786904766.512710904] [velocity_path_follower]: waypoint 1844 / 5251 도달 (선 이탈 0.64 m)
[velocity_path_follower.py-9] [INFO] [1786904766.862702330] [velocity_path_follower]: waypoint 1845 / 5251 도달 (선 이탈 0.60 m)
[velocity_path_follower.py-9] [INFO] [1786904767.262752683] [velocity_path_follower]: waypoint 1846 / 5251 도달 (선 이탈 0.54 m)
[velocity_path_follower.py-9] [INFO] [1786904767.662772909] [velocity_path_follower]: waypoint 1847 / 5251 도달 (선 이탈 0.47 m)
[velocity_path_follower.py-9] [INFO] [1786904768.062484418] [velocity_path_follower]: waypoint 1848 / 5251 도달 (선 이탈 0.40 m)
[velocity_path_follower.py-9] [INFO] [1786904768.262383796] [velocity_path_follower]: 790.0s  wp 1849/5251 이탈0.4m  위치 (  48.08,  -130.46,  10.19)
[velocity_path_follower.py-9] [INFO] [1786904768.412702713] [velocity_path_follower]: waypoint 1849 / 5251 도달 (선 이탈 0.33 m)
[velocity_path_follower.py-9] [INFO] [1786904768.812783725] [velocity_path_follower]: waypoint 1850 / 5251 도달 (선 이탈 0.25 m)
[velocity_path_follower.py-9] [INFO] [1786904769.162490089] [velocity_path_follower]: waypoint 1851 / 5251 도달 (선 이탈 0.18 m)
[velocity_path_follower.py-9] [INFO] [1786904769.565730459] [velocity_path_follower]: waypoint 1852 / 5251 도달 (선 이탈 0.10 m)
[velocity_path_follower.py-9] [INFO] [1786904769.965270369] [velocity_path_follower]: waypoint 1853 / 5251 도달 (선 이탈 0.02 m)
[velocity_path_follower.py-9] [INFO] [1786904770.315265899] [velocity_path_follower]: waypoint 1854 / 5251 도달 (선 이탈 0.04 m)
[velocity_path_follower.py-9] [INFO] [1786904770.671206479] [velocity_path_follower]: waypoint 1855 / 5251 도달 (선 이탈 0.10 m)
[velocity_path_follower.py-9] [INFO] [1786904771.020924377] [velocity_path_follower]: waypoint 1856 / 5251 도달 (선 이탈 0.16 m)
[velocity_path_follower.py-9] [INFO] [1786904771.423786433] [velocity_path_follower]: waypoint 1857 / 5251 도달 (선 이탈 0.21 m)
[velocity_path_follower.py-9] [INFO] [1786904771.773617703] [velocity_path_follower]: waypoint 1858 / 5251 도달 (선 이탈 0.26 m)
[velocity_path_follower.py-9] [INFO] [1786904772.124261740] [velocity_path_follower]: waypoint 1859 / 5251 도달 (선 이탈 0.29 m)
[velocity_path_follower.py-9] [INFO] [1786904772.523694379] [velocity_path_follower]: waypoint 1860 / 5251 도달 (선 이탈 0.33 m)
[velocity_path_follower.py-9] [INFO] [1786904772.875768152] [velocity_path_follower]: waypoint 1861 / 5251 도달 (선 이탈 0.35 m)
[velocity_path_follower.py-9] [INFO] [1786904773.228734401] [velocity_path_follower]: waypoint 1862 / 5251 도달 (선 이탈 0.36 m)
[velocity_path_follower.py-9] [INFO] [1786904773.278505987] [velocity_path_follower]: 795.0s  wp 1863/5251 이탈0.4m  위치 (  41.31,  -129.73,  11.96)
[velocity_path_follower.py-9] [INFO] [1786904773.578522201] [velocity_path_follower]: waypoint 1863 / 5251 도달 (선 이탈 0.37 m)
[velocity_path_follower.py-9] [INFO] [1786904773.978722643] [velocity_path_follower]: waypoint 1864 / 5251 도달 (선 이탈 0.37 m)
[velocity_path_follower.py-9] [INFO] [1786904774.328484562] [velocity_path_follower]: waypoint 1865 / 5251 도달 (선 이탈 0.37 m)
[velocity_path_follower.py-9] [INFO] [1786904774.678641781] [velocity_path_follower]: waypoint 1866 / 5251 도달 (선 이탈 0.36 m)
[velocity_path_follower.py-9] [INFO] [1786904775.030521872] [velocity_path_follower]: waypoint 1867 / 5251 도달 (선 이탈 0.34 m)
[velocity_path_follower.py-9] [INFO] [1786904775.380644085] [velocity_path_follower]: waypoint 1868 / 5251 도달 (선 이탈 0.32 m)
[velocity_path_follower.py-9] [INFO] [1786904775.780675219] [velocity_path_follower]: waypoint 1869 / 5251 도달 (선 이탈 0.29 m)
[velocity_path_follower.py-9] [INFO] [1786904776.130493882] [velocity_path_follower]: waypoint 1870 / 5251 도달 (선 이탈 0.26 m)
[velocity_path_follower.py-9] [INFO] [1786904776.480710092] [velocity_path_follower]: waypoint 1871 / 5251 도달 (선 이탈 0.23 m)
[velocity_path_follower.py-9] [INFO] [1786904776.830724547] [velocity_path_follower]: waypoint 1872 / 5251 도달 (선 이탈 0.19 m)
[velocity_path_follower.py-9] [INFO] [1786904777.180504869] [velocity_path_follower]: waypoint 1873 / 5251 도달 (선 이탈 0.15 m)
[velocity_path_follower.py-9] [INFO] [1786904777.582631413] [velocity_path_follower]: waypoint 1874 / 5251 도달 (선 이탈 0.11 m)
[velocity_path_follower.py-9] [INFO] [1786904777.882848613] [velocity_path_follower]: waypoint 1875 / 5251 도달 (선 이탈 0.08 m)
[velocity_path_follower.py-9] [INFO] [1786904778.282618807] [velocity_path_follower]: waypoint 1876 / 5251 도달 (선 이탈 0.04 m)
[velocity_path_follower.py-9] [INFO] [1786904778.332488392] [velocity_path_follower]: 800.1s  wp 1877/5251 이탈0.0m  위치 (  34.28,  -130.07,  10.64)
[velocity_path_follower.py-9] [INFO] [1786904778.632778839] [velocity_path_follower]: waypoint 1877 / 5251 도달 (선 이탈 0.00 m)
[velocity_path_follower.py-9] [INFO] [1786904778.982720156] [velocity_path_follower]: waypoint 1878 / 5251 도달 (선 이탈 0.03 m)
[velocity_path_follower.py-9] [INFO] [1786904779.332902599] [velocity_path_follower]: waypoint 1879 / 5251 도달 (선 이탈 0.06 m)
[velocity_path_follower.py-9] [INFO] [1786904779.682767535] [velocity_path_follower]: waypoint 1880 / 5251 도달 (선 이탈 0.09 m)
[velocity_path_follower.py-9] [INFO] [1786904780.032516093] [velocity_path_follower]: waypoint 1881 / 5251 도달 (선 이탈 0.12 m)
[velocity_path_follower.py-9] [INFO] [1786904780.385619513] [velocity_path_follower]: waypoint 1882 / 5251 도달 (선 이탈 0.14 m)
[velocity_path_follower.py-9] [INFO] [1786904780.737832329] [velocity_path_follower]: waypoint 1883 / 5251 도달 (선 이탈 0.16 m)
[velocity_path_follower.py-9] [INFO] [1786904781.087724259] [velocity_path_follower]: waypoint 1884 / 5251 도달 (선 이탈 0.17 m)
[velocity_path_follower.py-9] [INFO] [1786904781.440825090] [velocity_path_follower]: waypoint 1885 / 5251 도달 (선 이탈 0.18 m)
[velocity_path_follower.py-9] [INFO] [1786904781.790568179] [velocity_path_follower]: waypoint 1886 / 5251 도달 (선 이탈 0.19 m)
[velocity_path_follower.py-9] [INFO] [1786904782.145608260] [velocity_path_follower]: waypoint 1887 / 5251 도달 (선 이탈 0.19 m)
[velocity_path_follower.py-9] [INFO] [1786904782.495736227] [velocity_path_follower]: waypoint 1888 / 5251 도달 (선 이탈 0.19 m)
[velocity_path_follower.py-9] [INFO] [1786904782.845647773] [velocity_path_follower]: waypoint 1889 / 5251 도달 (선 이탈 0.19 m)
[velocity_path_follower.py-9] [INFO] [1786904783.195682193] [velocity_path_follower]: waypoint 1890 / 5251 도달 (선 이탈 0.18 m)
[velocity_path_follower.py-9] [INFO] [1786904783.295516065] [velocity_path_follower]: 805.0s  wp 1891/5251 이탈0.2m  위치 (  27.23,  -130.28,  10.64)
[velocity_path_follower.py-9] [INFO] [1786904783.545732278] [velocity_path_follower]: waypoint 1891 / 5251 도달 (선 이탈 0.18 m)
[velocity_path_follower.py-9] [INFO] [1786904783.895744071] [velocity_path_follower]: waypoint 1892 / 5251 도달 (선 이탈 0.16 m)
[velocity_path_follower.py-9] [INFO] [1786904784.245701525] [velocity_path_follower]: waypoint 1893 / 5251 도달 (선 이탈 0.15 m)
[velocity_path_follower.py-9] [INFO] [1786904784.595692187] [velocity_path_follower]: waypoint 1894 / 5251 도달 (선 이탈 0.13 m)
[velocity_path_follower.py-9] [INFO] [1786904784.945776267] [velocity_path_follower]: waypoint 1895 / 5251 도달 (선 이탈 0.12 m)
[velocity_path_follower.py-9] [INFO] [1786904785.295716632] [velocity_path_follower]: waypoint 1896 / 5251 도달 (선 이탈 0.10 m)
[velocity_path_follower.py-9] [INFO] [1786904785.645595702] [velocity_path_follower]: waypoint 1897 / 5251 도달 (선 이탈 0.08 m)
[velocity_path_follower.py-9] [INFO] [1786904785.995516066] [velocity_path_follower]: waypoint 1898 / 5251 도달 (선 이탈 0.06 m)
[velocity_path_follower.py-9] [INFO] [1786904786.345739805] [velocity_path_follower]: waypoint 1899 / 5251 도달 (선 이탈 0.04 m)
[velocity_path_follower.py-9] [INFO] [1786904786.697770836] [velocity_path_follower]: waypoint 1900 / 5251 도달 (선 이탈 0.02 m)
[velocity_path_follower.py-9] [INFO] [1786904787.047882947] [velocity_path_follower]: waypoint 1901 / 5251 도달 (선 이탈 0.00 m)
[velocity_path_follower.py-9] [INFO] [1786904787.397720173] [velocity_path_follower]: waypoint 1902 / 5251 도달 (선 이탈 0.01 m)
[velocity_path_follower.py-9] [INFO] [1786904787.750207166] [velocity_path_follower]: waypoint 1903 / 5251 도달 (선 이탈 0.03 m)
[velocity_path_follower.py-9] [INFO] [1786904788.102863204] [velocity_path_follower]: waypoint 1904 / 5251 도달 (선 이탈 0.05 m)
[velocity_path_follower.py-9] [INFO] [1786904788.304445224] [velocity_path_follower]: 810.0s  wp 1905/5251 이탈0.1m  위치 (  20.07,  -130.05,  11.22)
[velocity_path_follower.py-9] [INFO] [1786904788.454493006] [velocity_path_follower]: waypoint 1905 / 5251 도달 (선 이탈 0.06 m)
[velocity_path_follower.py-9] [INFO] [1786904788.804487063] [velocity_path_follower]: waypoint 1906 / 5251 도달 (선 이탈 0.07 m)
[velocity_path_follower.py-9] [INFO] [1786904789.155243260] [velocity_path_follower]: waypoint 1907 / 5251 도달 (선 이탈 0.08 m)
[velocity_path_follower.py-9] [INFO] [1786904789.506678886] [velocity_path_follower]: waypoint 1908 / 5251 도달 (선 이탈 0.09 m)
[velocity_path_follower.py-9] [INFO] [1786904789.856776149] [velocity_path_follower]: waypoint 1909 / 5251 도달 (선 이탈 0.09 m)
[velocity_path_follower.py-9] [INFO] [1786904790.211774060] [velocity_path_follower]: waypoint 1910 / 5251 도달 (선 이탈 0.10 m)
[velocity_path_follower.py-9] [INFO] [1786904790.561784648] [velocity_path_follower]: waypoint 1911 / 5251 도달 (선 이탈 0.10 m)
[velocity_path_follower.py-9] [INFO] [1786904790.911995075] [velocity_path_follower]: waypoint 1912 / 5251 도달 (선 이탈 0.10 m)
[velocity_path_follower.py-9] [INFO] [1786904791.261912366] [velocity_path_follower]: waypoint 1913 / 5251 도달 (선 이탈 0.10 m)
[velocity_path_follower.py-9] [INFO] [1786904791.561903913] [velocity_path_follower]: waypoint 1914 / 5251 도달 (선 이탈 0.10 m)
[velocity_path_follower.py-9] [INFO] [1786904791.912044250] [velocity_path_follower]: waypoint 1915 / 5251 도달 (선 이탈 0.09 m)
[velocity_path_follower.py-9] [INFO] [1786904792.311747024] [velocity_path_follower]: waypoint 1916 / 5251 도달 (선 이탈 0.09 m)
[velocity_path_follower.py-9] [INFO] [1786904792.611956655] [velocity_path_follower]: waypoint 1917 / 5251 도달 (선 이탈 0.08 m)
[velocity_path_follower.py-9] [INFO] [1786904793.013932145] [velocity_path_follower]: waypoint 1918 / 5251 도달 (선 이탈 0.07 m)
[velocity_path_follower.py-9] [INFO] [1786904793.314039811] [velocity_path_follower]: waypoint 1919 / 5251 도달 (선 이탈 0.06 m)
[velocity_path_follower.py-9] [INFO] [1786904793.363762798] [velocity_path_follower]: 815.1s  wp 1920/5251 이탈0.1m  위치 (  12.80,  -130.04,  11.02)
[velocity_path_follower.py-9] [INFO] [1786904793.664109844] [velocity_path_follower]: waypoint 1920 / 5251 도달 (선 이탈 0.05 m)
[velocity_path_follower.py-9] [INFO] [1786904794.018457389] [velocity_path_follower]: waypoint 1921 / 5251 도달 (선 이탈 0.04 m)
[velocity_path_follower.py-9] [INFO] [1786904794.368180533] [velocity_path_follower]: waypoint 1922 / 5251 도달 (선 이탈 0.03 m)
[velocity_path_follower.py-9] [INFO] [1786904794.718275270] [velocity_path_follower]: waypoint 1923 / 5251 도달 (선 이탈 0.02 m)
[velocity_path_follower.py-9] [INFO] [1786904795.068233835] [velocity_path_follower]: waypoint 1924 / 5251 도달 (선 이탈 0.01 m)
[velocity_path_follower.py-9] [INFO] [1786904795.420575908] [velocity_path_follower]: waypoint 1925 / 5251 도달 (선 이탈 0.00 m)
[velocity_path_follower.py-9] [INFO] [1786904795.772761978] [velocity_path_follower]: waypoint 1926 / 5251 도달 (선 이탈 0.01 m)
[velocity_path_follower.py-9] [INFO] [1786904796.127707523] [velocity_path_follower]: waypoint 1927 / 5251 도달 (선 이탈 0.02 m)
[velocity_path_follower.py-9] [INFO] [1786904796.477762248] [velocity_path_follower]: waypoint 1928 / 5251 도달 (선 이탈 0.02 m)
[velocity_path_follower.py-9] [INFO] [1786904796.827841807] [velocity_path_follower]: waypoint 1929 / 5251 도달 (선 이탈 0.03 m)
[velocity_path_follower.py-9] [INFO] [1786904797.177762193] [velocity_path_follower]: waypoint 1930 / 5251 도달 (선 이탈 0.04 m)
[velocity_path_follower.py-9] [INFO] [1786904797.527848581] [velocity_path_follower]: waypoint 1931 / 5251 도달 (선 이탈 0.04 m)
[velocity_path_follower.py-9] [INFO] [1786904797.877711504] [velocity_path_follower]: waypoint 1932 / 5251 도달 (선 이탈 0.05 m)
[velocity_path_follower.py-9] [INFO] [1786904798.227594925] [velocity_path_follower]: waypoint 1933 / 5251 도달 (선 이탈 0.05 m)
[velocity_path_follower.py-9] [INFO] [1786904798.327499067] [velocity_path_follower]: 820.0s  wp 1934/5251 이탈0.1m  위치 (   5.68,  -130.15,   8.41)
[velocity_path_follower.py-9] [INFO] [1786904798.527735611] [velocity_path_follower]: waypoint 1934 / 5251 도달 (선 이탈 0.05 m)
[velocity_path_follower.py-9] [INFO] [1786904798.927755356] [velocity_path_follower]: waypoint 1935 / 5251 도달 (선 이탈 0.06 m)
[velocity_path_follower.py-9] [INFO] [1786904799.227710201] [velocity_path_follower]: waypoint 1936 / 5251 도달 (선 이탈 0.06 m)
[velocity_path_follower.py-9] [INFO] [1786904799.577677825] [velocity_path_follower]: waypoint 1937 / 5251 도달 (선 이탈 0.06 m)
[velocity_path_follower.py-9] [INFO] [1786904799.932950776] [velocity_path_follower]: waypoint 1938 / 5251 도달 (선 이탈 0.05 m)
[velocity_path_follower.py-9] [INFO] [1786904800.284442679] [velocity_path_follower]: waypoint 1939 / 5251 도달 (선 이탈 0.05 m)
[velocity_path_follower.py-9] [INFO] [1786904803.353492938] [velocity_path_follower]: 825.0s  climb       위치 (  -0.59,  -130.13,   5.78)
[velocity_path_follower.py-9] [INFO] [1786904804.607513813] [velocity_path_follower]: waypoint 1940 / 5251 도달 (선 이탈 0.03 m)
[velocity_path_follower.py-9] [INFO] [1786904804.657863263] [velocity_path_follower]: waypoint 1941 / 5251 도달 (선 이탈 0.03 m)
[velocity_path_follower.py-9] [INFO] [1786904804.707490448] [velocity_path_follower]: waypoint 1942 / 5251 도달 (선 이탈 0.03 m)
[velocity_path_follower.py-9] [INFO] [1786904804.759697565] [velocity_path_follower]: waypoint 1943 / 5251 도달 (선 이탈 0.03 m)
[velocity_path_follower.py-9] [INFO] [1786904804.809606089] [velocity_path_follower]: waypoint 1944 / 5251 도달 (선 이탈 0.03 m)
[velocity_path_follower.py-9] [INFO] [1786904804.859464862] [velocity_path_follower]: waypoint 1945 / 5251 도달 (선 이탈 0.02 m)
[velocity_path_follower.py-9] [INFO] [1786904804.909444637] [velocity_path_follower]: waypoint 1946 / 5251 도달 (선 이탈 0.02 m)
[velocity_path_follower.py-9] [INFO] [1786904804.959642293] [velocity_path_follower]: waypoint 1947 / 5251 도달 (선 이탈 0.02 m)
[velocity_path_follower.py-9] [INFO] [1786904805.009631527] [velocity_path_follower]: waypoint 1948 / 5251 도달 (선 이탈 0.02 m)
[velocity_path_follower.py-9] [INFO] [1786904805.611703752] [velocity_path_follower]: waypoint 1949 / 5251 도달 (선 이탈 0.02 m)
[velocity_path_follower.py-9] [INFO] [1786904806.361593291] [velocity_path_follower]: waypoint 1950 / 5251 도달 (선 이탈 0.02 m)
[velocity_path_follower.py-9] [INFO] [1786904806.963690257] [velocity_path_follower]: waypoint 1951 / 5251 도달 (선 이탈 0.01 m)
[velocity_path_follower.py-9] [INFO] [1786904807.563506790] [velocity_path_follower]: waypoint 1952 / 5251 도달 (선 이탈 0.01 m)
[velocity_path_follower.py-9] [INFO] [1786904808.113714097] [velocity_path_follower]: waypoint 1953 / 5251 도달 (선 이탈 0.01 m)
[velocity_path_follower.py-9] [INFO] [1786904808.365750175] [velocity_path_follower]: 830.0s  wp 1954/5251 이탈0.0m  위치 (  -4.36,  -130.10,   9.84)
[velocity_path_follower.py-9] [INFO] [1786904808.615772250] [velocity_path_follower]: waypoint 1954 / 5251 도달 (선 이탈 0.00 m)
[velocity_path_follower.py-9] [INFO] [1786904809.165610665] [velocity_path_follower]: waypoint 1955 / 5251 도달 (선 이탈 0.00 m)
[velocity_path_follower.py-9] [INFO] [1786904809.615766537] [velocity_path_follower]: waypoint 1956 / 5251 도달 (선 이탈 0.00 m)
[velocity_path_follower.py-9] [INFO] [1786904810.065752279] [velocity_path_follower]: waypoint 1957 / 5251 도달 (선 이탈 0.01 m)
[velocity_path_follower.py-9] [INFO] [1786904810.515681139] [velocity_path_follower]: waypoint 1958 / 5251 도달 (선 이탈 0.01 m)
[velocity_path_follower.py-9] [INFO] [1786904810.965665418] [velocity_path_follower]: waypoint 1959 / 5251 도달 (선 이탈 0.01 m)
[velocity_path_follower.py-9] [INFO] [1786904811.415741109] [velocity_path_follower]: waypoint 1960 / 5251 도달 (선 이탈 0.01 m)
[velocity_path_follower.py-9] [INFO] [1786904811.815498729] [velocity_path_follower]: waypoint 1961 / 5251 도달 (선 이탈 0.01 m)
[velocity_path_follower.py-9] [INFO] [1786904812.265704086] [velocity_path_follower]: waypoint 1962 / 5251 도달 (선 이탈 0.01 m)
[velocity_path_follower.py-9] [INFO] [1786904812.665780583] [velocity_path_follower]: waypoint 1963 / 5251 도달 (선 이탈 0.01 m)
[velocity_path_follower.py-9] [INFO] [1786904813.065724784] [velocity_path_follower]: waypoint 1964 / 5251 도달 (선 이탈 0.01 m)
[velocity_path_follower.py-9] [INFO] [1786904813.367629818] [velocity_path_follower]: 835.0s  wp 1965/5251 이탈0.0m  위치 ( -10.01,  -130.09,  11.08)
[velocity_path_follower.py-9] [INFO] [1786904813.469933783] [velocity_path_follower]: waypoint 1965 / 5251 도달 (선 이탈 0.01 m)
[velocity_path_follower.py-9] [INFO] [1786904813.869910814] [velocity_path_follower]: waypoint 1966 / 5251 도달 (선 이탈 0.01 m)
[velocity_path_follower.py-9] [INFO] [1786904814.272701945] [velocity_path_follower]: waypoint 1967 / 5251 도달 (선 이탈 0.01 m)
[velocity_path_follower.py-9] [INFO] [1786904814.672446631] [velocity_path_follower]: waypoint 1968 / 5251 도달 (선 이탈 0.01 m)
[velocity_path_follower.py-9] [INFO] [1786904815.022418220] [velocity_path_follower]: waypoint 1969 / 5251 도달 (선 이탈 0.01 m)
[velocity_path_follower.py-9] [INFO] [1786904815.424432159] [velocity_path_follower]: waypoint 1970 / 5251 도달 (선 이탈 0.01 m)
[velocity_path_follower.py-9] [INFO] [1786904815.774710667] [velocity_path_follower]: waypoint 1971 / 5251 도달 (선 이탈 0.01 m)
[velocity_path_follower.py-9] [INFO] [1786904816.174748852] [velocity_path_follower]: waypoint 1972 / 5251 도달 (선 이탈 0.00 m)
[velocity_path_follower.py-9] [INFO] [1786904816.574395858] [velocity_path_follower]: waypoint 1973 / 5251 도달 (선 이탈 0.00 m)
[velocity_path_follower.py-9] [INFO] [1786904816.924665986] [velocity_path_follower]: waypoint 1974 / 5251 도달 (선 이탈 0.00 m)
[velocity_path_follower.py-9] [INFO] [1786904817.274498433] [velocity_path_follower]: waypoint 1975 / 5251 도달 (선 이탈 0.00 m)
[velocity_path_follower.py-9] [INFO] [1786904817.674648278] [velocity_path_follower]: waypoint 1976 / 5251 도달 (선 이탈 0.00 m)
[velocity_path_follower.py-9] [INFO] [1786904818.024449640] [velocity_path_follower]: waypoint 1977 / 5251 도달 (선 이탈 0.00 m)
[velocity_path_follower.py-9] [INFO] [1786904818.374494961] [velocity_path_follower]: waypoint 1978 / 5251 도달 (선 이탈 0.00 m)
[velocity_path_follower.py-9] [INFO] [1786904818.424462602] [velocity_path_follower]: 840.1s  wp 1979/5251 이탈0.0m  위치 ( -16.69,  -130.10,   8.73)
[velocity_path_follower.py-9] [INFO] [1786904818.724690744] [velocity_path_follower]: waypoint 1979 / 5251 도달 (선 이탈 0.00 m)
[velocity_path_follower.py-9] [INFO] [1786904819.124664203] [velocity_path_follower]: waypoint 1980 / 5251 도달 (선 이탈 0.01 m)
[velocity_path_follower.py-9] [INFO] [1786904819.476811565] [velocity_path_follower]: waypoint 1981 / 5251 도달 (선 이탈 0.01 m)
[velocity_path_follower.py-9] [INFO] [1786904819.876512639] [velocity_path_follower]: waypoint 1982 / 5251 도달 (선 이탈 0.01 m)
[velocity_path_follower.py-9] [INFO] [1786904820.228652789] [velocity_path_follower]: waypoint 1983 / 5251 도달 (선 이탈 0.01 m)
[velocity_path_follower.py-9] [INFO] [1786904820.578698767] [velocity_path_follower]: waypoint 1984 / 5251 도달 (선 이탈 0.01 m)
[velocity_path_follower.py-9] [INFO] [1786904820.928646618] [velocity_path_follower]: waypoint 1985 / 5251 도달 (선 이탈 0.01 m)
[velocity_path_follower.py-9] [INFO] [1786904821.280502089] [velocity_path_follower]: waypoint 1986 / 5251 도달 (선 이탈 0.01 m)
[velocity_path_follower.py-9] [INFO] [1786904821.630497436] [velocity_path_follower]: waypoint 1987 / 5251 도달 (선 이탈 0.01 m)
[velocity_path_follower.py-9] [INFO] [1786904821.982638830] [velocity_path_follower]: waypoint 1988 / 5251 도달 (선 이탈 0.01 m)
[velocity_path_follower.py-9] [INFO] [1786904822.382706062] [velocity_path_follower]: waypoint 1989 / 5251 도달 (선 이탈 0.01 m)
[velocity_path_follower.py-9] [INFO] [1786904822.732639319] [velocity_path_follower]: waypoint 1990 / 5251 도달 (선 이탈 0.01 m)
[velocity_path_follower.py-9] [INFO] [1786904823.082828580] [velocity_path_follower]: waypoint 1991 / 5251 도달 (선 이탈 0.01 m)
[velocity_path_follower.py-9] [INFO] [1786904823.382837155] [velocity_path_follower]: 845.0s  wp 1992/5251 이탈0.0m  위치 ( -23.58,  -130.11,   8.44)
[velocity_path_follower.py-9] [INFO] [1786904823.432506743] [velocity_path_follower]: waypoint 1992 / 5251 도달 (선 이탈 0.01 m)
[velocity_path_follower.py-9] [INFO] [1786904823.782651625] [velocity_path_follower]: waypoint 1993 / 5251 도달 (선 이탈 0.00 m)
[velocity_path_follower.py-9] [INFO] [1786904824.132703503] [velocity_path_follower]: waypoint 1994 / 5251 도달 (선 이탈 0.00 m)
[velocity_path_follower.py-9] [INFO] [1786904824.482745502] [velocity_path_follower]: waypoint 1995 / 5251 도달 (선 이탈 0.00 m)
[velocity_path_follower.py-9] [INFO] [1786904824.832562414] [velocity_path_follower]: waypoint 1996 / 5251 도달 (선 이탈 0.00 m)
[velocity_path_follower.py-9] [INFO] [1786904825.182598327] [velocity_path_follower]: waypoint 1997 / 5251 도달 (선 이탈 0.00 m)
[velocity_path_follower.py-9] [INFO] [1786904825.532813159] [velocity_path_follower]: waypoint 1998 / 5251 도달 (선 이탈 0.00 m)
[velocity_path_follower.py-9] [INFO] [1786904825.882776652] [velocity_path_follower]: waypoint 1999 / 5251 도달 (선 이탈 0.00 m)
[velocity_path_follower.py-9] [INFO] [1786904826.232724724] [velocity_path_follower]: waypoint 2000 / 5251 도달 (선 이탈 0.00 m)
[velocity_path_follower.py-9] [INFO] [1786904826.582730255] [velocity_path_follower]: waypoint 2001 / 5251 도달 (선 이탈 0.00 m)
[velocity_path_follower.py-9] [INFO] [1786904826.932683159] [velocity_path_follower]: waypoint 2002 / 5251 도달 (선 이탈 0.00 m)
[velocity_path_follower.py-9] [INFO] [1786904827.283048110] [velocity_path_follower]: waypoint 2003 / 5251 도달 (선 이탈 0.00 m)
[velocity_path_follower.py-9] [INFO] [1786904827.632572042] [velocity_path_follower]: waypoint 2004 / 5251 도달 (선 이탈 0.00 m)
[velocity_path_follower.py-9] [INFO] [1786904827.982796823] [velocity_path_follower]: waypoint 2005 / 5251 도달 (선 이탈 0.00 m)
[velocity_path_follower.py-9] [INFO] [1786904828.332514421] [velocity_path_follower]: waypoint 2006 / 5251 도달 (선 이탈 0.00 m)
[velocity_path_follower.py-9] [INFO] [1786904828.382474054] [velocity_path_follower]: 850.0s  wp 2007/5251 이탈0.0m  위치 ( -30.70,  -130.10,   8.26)
[velocity_path_follower.py-9] [INFO] [1786904828.682483607] [velocity_path_follower]: waypoint 2007 / 5251 도달 (선 이탈 0.00 m)
[velocity_path_follower.py-9] [INFO] [1786904829.032805426] [velocity_path_follower]: waypoint 2008 / 5251 도달 (선 이탈 0.00 m)
[velocity_path_follower.py-9] [INFO] [1786904829.382842985] [velocity_path_follower]: waypoint 2009 / 5251 도달 (선 이탈 0.00 m)
[velocity_path_follower.py-9] [INFO] [1786904829.732625579] [velocity_path_follower]: waypoint 2010 / 5251 도달 (선 이탈 0.00 m)
[velocity_path_follower.py-9] [INFO] [1786904830.082728304] [velocity_path_follower]: waypoint 2011 / 5251 도달 (선 이탈 0.00 m)
[velocity_path_follower.py-9] [INFO] [1786904830.432652022] [velocity_path_follower]: waypoint 2012 / 5251 도달 (선 이탈 0.00 m)
[velocity_path_follower.py-9] [INFO] [1786904830.782505279] [velocity_path_follower]: waypoint 2013 / 5251 도달 (선 이탈 0.00 m)
[velocity_path_follower.py-9] [INFO] [1786904833.383743639] [velocity_path_follower]: 855.0s  climb       위치 ( -37.33,  -130.10,   5.99)
[velocity_path_follower.py-9] [INFO] [1786904834.582663113] [velocity_path_follower]: waypoint 2014 / 5251 도달 (선 이탈 0.00 m)
[velocity_path_follower.py-9] [INFO] [1786904834.632751245] [velocity_path_follower]: waypoint 2015 / 5251 도달 (선 이탈 0.00 m)
[velocity_path_follower.py-9] [INFO] [1786904834.682621955] [velocity_path_follower]: waypoint 2016 / 5251 도달 (선 이탈 0.00 m)
[velocity_path_follower.py-9] [INFO] [1786904834.732793963] [velocity_path_follower]: waypoint 2017 / 5251 도달 (선 이탈 0.00 m)
[velocity_path_follower.py-9] [INFO] [1786904834.782627548] [velocity_path_follower]: waypoint 2018 / 5251 도달 (선 이탈 0.00 m)
[velocity_path_follower.py-9] [INFO] [1786904834.832791139] [velocity_path_follower]: waypoint 2019 / 5251 도달 (선 이탈 0.00 m)
[velocity_path_follower.py-9] [INFO] [1786904838.382457865] [velocity_path_follower]: 860.0s  wp 2020/5251 이탈1.4m  위치 ( -40.01,  -128.64,   8.24)
[velocity_path_follower.py-9] [INFO] [1786904839.782655747] [velocity_path_follower]: waypoint 2020 / 5251 도달 (선 이탈 1.37 m)
[velocity_path_follower.py-9] [INFO] [1786904841.232724600] [velocity_path_follower]: waypoint 2022 / 5251 도달 (선 이탈 0.27 m)
[velocity_path_follower.py-9] [INFO] [1786904842.282861389] [velocity_path_follower]: waypoint 2023 / 5251 도달 (선 이탈 0.50 m)
[velocity_path_follower.py-9] [INFO] [1786904843.082890794] [velocity_path_follower]: waypoint 2024 / 5251 도달 (선 이탈 0.96 m)
[velocity_path_follower.py-9] [INFO] [1786904843.382413316] [velocity_path_follower]: 865.0s  wp 2025/5251 이탈1.1m  위치 ( -38.37,  -125.00,   8.20)
[velocity_path_follower.py-9] [INFO] [1786904843.782727520] [velocity_path_follower]: waypoint 2025 / 5251 도달 (선 이탈 1.26 m)
[velocity_path_follower.py-9] [INFO] [1786904844.382782499] [velocity_path_follower]: waypoint 2026 / 5251 도달 (선 이탈 1.44 m)
[velocity_path_follower.py-9] [INFO] [1786904845.032650344] [velocity_path_follower]: waypoint 2027 / 5251 도달 (선 이탈 1.54 m)
[velocity_path_follower.py-9] [INFO] [1786904845.582665063] [velocity_path_follower]: waypoint 2028 / 5251 도달 (선 이탈 1.57 m)
[velocity_path_follower.py-9] [INFO] [1786904846.132812534] [velocity_path_follower]: waypoint 2029 / 5251 도달 (선 이탈 1.54 m)
[velocity_path_follower.py-9] [INFO] [1786904846.732763992] [velocity_path_follower]: waypoint 2030 / 5251 도달 (선 이탈 1.45 m)
[velocity_path_follower.py-9] [INFO] [1786904847.282867452] [velocity_path_follower]: waypoint 2031 / 5251 도달 (선 이탈 1.33 m)
[velocity_path_follower.py-9] [INFO] [1786904847.782803618] [velocity_path_follower]: waypoint 2032 / 5251 도달 (선 이탈 1.19 m)
[velocity_path_follower.py-9] [INFO] [1786904848.282700987] [velocity_path_follower]: waypoint 2033 / 5251 도달 (선 이탈 1.03 m)
[velocity_path_follower.py-9] [INFO] [1786904848.382886398] [velocity_path_follower]: 870.0s  wp 2034/5251 이탈1.0m  위치 ( -33.98,  -125.11,   9.10)
[velocity_path_follower.py-9] [INFO] [1786904848.782724857] [velocity_path_follower]: waypoint 2034 / 5251 도달 (선 이탈 0.85 m)
[velocity_path_follower.py-9] [INFO] [1786904849.282685679] [velocity_path_follower]: waypoint 2035 / 5251 도달 (선 이탈 0.65 m)
[velocity_path_follower.py-9] [INFO] [1786904849.782974630] [velocity_path_follower]: waypoint 2036 / 5251 도달 (선 이탈 0.45 m)
[velocity_path_follower.py-9] [INFO] [1786904850.232843909] [velocity_path_follower]: waypoint 2037 / 5251 도달 (선 이탈 0.26 m)
[velocity_path_follower.py-9] [INFO] [1786904850.682711476] [velocity_path_follower]: waypoint 2038 / 5251 도달 (선 이탈 0.09 m)
[velocity_path_follower.py-9] [INFO] [1786904851.132702543] [velocity_path_follower]: waypoint 2039 / 5251 도달 (선 이탈 0.07 m)
[velocity_path_follower.py-9] [INFO] [1786904851.532801241] [velocity_path_follower]: waypoint 2040 / 5251 도달 (선 이탈 0.22 m)
[velocity_path_follower.py-9] [INFO] [1786904851.982852014] [velocity_path_follower]: waypoint 2041 / 5251 도달 (선 이탈 0.35 m)
[velocity_path_follower.py-9] [INFO] [1786904852.382766370] [velocity_path_follower]: waypoint 2042 / 5251 도달 (선 이탈 0.46 m)
[velocity_path_follower.py-9] [INFO] [1786904852.782483179] [velocity_path_follower]: waypoint 2043 / 5251 도달 (선 이탈 0.55 m)
[velocity_path_follower.py-9] [INFO] [1786904853.182789415] [velocity_path_follower]: waypoint 2044 / 5251 도달 (선 이탈 0.63 m)
[velocity_path_follower.py-9] [INFO] [1786904853.382507084] [velocity_path_follower]: 875.0s  wp 2045/5251 이탈0.7m  위치 ( -28.34,  -126.76,   9.48)
[velocity_path_follower.py-9] [INFO] [1786904853.582653888] [velocity_path_follower]: waypoint 2045 / 5251 도달 (선 이탈 0.68 m)
[velocity_path_follower.py-9] [INFO] [1786904853.982743450] [velocity_path_follower]: waypoint 2046 / 5251 도달 (선 이탈 0.72 m)
[velocity_path_follower.py-9] [INFO] [1786904854.382736630] [velocity_path_follower]: waypoint 2047 / 5251 도달 (선 이탈 0.74 m)
[velocity_path_follower.py-9] [INFO] [1786904854.782618932] [velocity_path_follower]: waypoint 2048 / 5251 도달 (선 이탈 0.75 m)
[velocity_path_follower.py-9] [INFO] [1786904855.182801988] [velocity_path_follower]: waypoint 2049 / 5251 도달 (선 이탈 0.74 m)
[velocity_path_follower.py-9] [INFO] [1786904855.582664451] [velocity_path_follower]: waypoint 2050 / 5251 도달 (선 이탈 0.71 m)
[velocity_path_follower.py-9] [INFO] [1786904855.982820254] [velocity_path_follower]: waypoint 2051 / 5251 도달 (선 이탈 0.67 m)
[velocity_path_follower.py-9] [INFO] [1786904856.383364393] [velocity_path_follower]: waypoint 2052 / 5251 도달 (선 이탈 0.62 m)
[velocity_path_follower.py-9] [INFO] [1786904856.782874301] [velocity_path_follower]: waypoint 2053 / 5251 도달 (선 이탈 0.56 m)
[velocity_path_follower.py-9] [INFO] [1786904857.132508346] [velocity_path_follower]: waypoint 2054 / 5251 도달 (선 이탈 0.50 m)
[velocity_path_follower.py-9] [INFO] [1786904857.532706472] [velocity_path_follower]: waypoint 2055 / 5251 도달 (선 이탈 0.42 m)
[velocity_path_follower.py-9] [INFO] [1786904857.932696302] [velocity_path_follower]: waypoint 2056 / 5251 도달 (선 이탈 0.34 m)
[velocity_path_follower.py-9] [INFO] [1786904858.282652680] [velocity_path_follower]: waypoint 2057 / 5251 도달 (선 이탈 0.27 m)
[velocity_path_follower.py-9] [INFO] [1786904858.382496654] [velocity_path_follower]: 880.0s  wp 2058/5251 이탈0.2m  위치 ( -21.95,  -126.35,   8.98)
[velocity_path_follower.py-9] [INFO] [1786904858.682501419] [velocity_path_follower]: waypoint 2058 / 5251 도달 (선 이탈 0.19 m)
[velocity_path_follower.py-9] [INFO] [1786904859.032469088] [velocity_path_follower]: waypoint 2059 / 5251 도달 (선 이탈 0.12 m)
[velocity_path_follower.py-9] [INFO] [1786904859.432783998] [velocity_path_follower]: waypoint 2060 / 5251 도달 (선 이탈 0.03 m)
[velocity_path_follower.py-9] [INFO] [1786904859.782727328] [velocity_path_follower]: waypoint 2061 / 5251 도달 (선 이탈 0.03 m)
[velocity_path_follower.py-9] [INFO] [1786904860.182656603] [velocity_path_follower]: waypoint 2062 / 5251 도달 (선 이탈 0.11 m)
[velocity_path_follower.py-9] [INFO] [1786904860.532476926] [velocity_path_follower]: waypoint 2063 / 5251 도달 (선 이탈 0.16 m)
[velocity_path_follower.py-9] [INFO] [1786904860.882824761] [velocity_path_follower]: waypoint 2064 / 5251 도달 (선 이탈 0.21 m)
[velocity_path_follower.py-9] [INFO] [1786904861.282421105] [velocity_path_follower]: waypoint 2065 / 5251 도달 (선 이탈 0.27 m)
[velocity_path_follower.py-9] [INFO] [1786904861.633117401] [velocity_path_follower]: waypoint 2066 / 5251 도달 (선 이탈 0.30 m)
[velocity_path_follower.py-9] [INFO] [1786904861.982701423] [velocity_path_follower]: waypoint 2067 / 5251 도달 (선 이탈 0.33 m)
[velocity_path_follower.py-9] [INFO] [1786904862.382477889] [velocity_path_follower]: waypoint 2068 / 5251 도달 (선 이탈 0.36 m)
[velocity_path_follower.py-9] [INFO] [1786904862.732740421] [velocity_path_follower]: waypoint 2069 / 5251 도달 (선 이탈 0.37 m)
[velocity_path_follower.py-9] [INFO] [1786904863.085954474] [velocity_path_follower]: waypoint 2070 / 5251 도달 (선 이탈 0.38 m)
[velocity_path_follower.py-9] [INFO] [1786904863.387518627] [velocity_path_follower]: 885.0s  wp 2071/5251 이탈0.4m  위치 ( -15.14,  -125.72,   8.99)
[velocity_path_follower.py-9] [INFO] [1786904863.436722220] [velocity_path_follower]: waypoint 2071 / 5251 도달 (선 이탈 0.38 m)
[velocity_path_follower.py-9] [INFO] [1786904863.786820661] [velocity_path_follower]: waypoint 2072 / 5251 도달 (선 이탈 0.38 m)
[velocity_path_follower.py-9] [INFO] [1786904864.186790457] [velocity_path_follower]: waypoint 2073 / 5251 도달 (선 이탈 0.36 m)
[velocity_path_follower.py-9] [INFO] [1786904864.537008687] [velocity_path_follower]: waypoint 2074 / 5251 도달 (선 이탈 0.35 m)
[velocity_path_follower.py-9] [INFO] [1786904864.886808159] [velocity_path_follower]: waypoint 2075 / 5251 도달 (선 이탈 0.32 m)
[velocity_path_follower.py-9] [INFO] [1786904865.236862882] [velocity_path_follower]: waypoint 2076 / 5251 도달 (선 이탈 0.30 m)
[velocity_path_follower.py-9] [INFO] [1786904865.586911521] [velocity_path_follower]: waypoint 2077 / 5251 도달 (선 이탈 0.27 m)
[velocity_path_follower.py-9] [INFO] [1786904865.942935954] [velocity_path_follower]: waypoint 2078 / 5251 도달 (선 이탈 0.23 m)
[velocity_path_follower.py-9] [INFO] [1786904866.342783527] [velocity_path_follower]: waypoint 2079 / 5251 도달 (선 이탈 0.19 m)
[velocity_path_follower.py-9] [INFO] [1786904866.644981890] [velocity_path_follower]: waypoint 2080 / 5251 도달 (선 이탈 0.16 m)
[velocity_path_follower.py-9] [INFO] [1786904867.046983382] [velocity_path_follower]: waypoint 2081 / 5251 도달 (선 이탈 0.12 m)
[velocity_path_follower.py-9] [INFO] [1786904867.396926968] [velocity_path_follower]: waypoint 2082 / 5251 도달 (선 이탈 0.08 m)
[velocity_path_follower.py-9] [INFO] [1786904867.746911680] [velocity_path_follower]: waypoint 2083 / 5251 도달 (선 이탈 0.04 m)
[velocity_path_follower.py-9] [INFO] [1786904868.096906807] [velocity_path_follower]: waypoint 2084 / 5251 도달 (선 이탈 0.01 m)
[velocity_path_follower.py-9] [INFO] [1786904868.399250916] [velocity_path_follower]: 890.0s  wp 2085/5251 이탈0.0m  위치 (  -8.15,  -126.12,   7.01)
[velocity_path_follower.py-9] [INFO] [1786904868.449320275] [velocity_path_follower]: waypoint 2085 / 5251 도달 (선 이탈 0.03 m)
[velocity_path_follower.py-9] [INFO] [1786904868.801496362] [velocity_path_follower]: waypoint 2086 / 5251 도달 (선 이탈 0.06 m)
[velocity_path_follower.py-9] [INFO] [1786904869.155659614] [velocity_path_follower]: waypoint 2087 / 5251 도달 (선 이탈 0.09 m)
[velocity_path_follower.py-9] [INFO] [1786904872.770403978] [velocity_path_follower]: waypoint 2088 / 5251 도달 (선 이탈 0.28 m)
[velocity_path_follower.py-9] [INFO] [1786904872.820489959] [velocity_path_follower]: waypoint 2089 / 5251 도달 (선 이탈 0.28 m)
[velocity_path_follower.py-9] [INFO] [1786904872.870657026] [velocity_path_follower]: waypoint 2090 / 5251 도달 (선 이탈 0.28 m)
[velocity_path_follower.py-9] [INFO] [1786904872.920402833] [velocity_path_follower]: waypoint 2091 / 5251 도달 (선 이탈 0.29 m)
[velocity_path_follower.py-9] [INFO] [1786904872.970593442] [velocity_path_follower]: waypoint 2092 / 5251 도달 (선 이탈 0.29 m)
[velocity_path_follower.py-9] [INFO] [1786904873.020765716] [velocity_path_follower]: waypoint 2093 / 5251 도달 (선 이탈 0.29 m)
[velocity_path_follower.py-9] [INFO] [1786904873.070439938] [velocity_path_follower]: waypoint 2094 / 5251 도달 (선 이탈 0.29 m)
[velocity_path_follower.py-9] [INFO] [1786904873.120488126] [velocity_path_follower]: waypoint 2095 / 5251 도달 (선 이탈 0.29 m)
[velocity_path_follower.py-9] [INFO] [1786904873.420392455] [velocity_path_follower]: 895.0s  wp 2096/5251 이탈0.3m  위치 (  -2.73,  -126.40,   6.82)
[velocity_path_follower.py-9] [INFO] [1786904873.620452955] [velocity_path_follower]: waypoint 2096 / 5251 도달 (선 이탈 0.31 m)
[velocity_path_follower.py-9] [INFO] [1786904874.322689744] [velocity_path_follower]: waypoint 2097 / 5251 도달 (선 이탈 0.31 m)
[velocity_path_follower.py-9] [INFO] [1786904874.922777859] [velocity_path_follower]: waypoint 2098 / 5251 도달 (선 이탈 0.30 m)
[velocity_path_follower.py-9] [INFO] [1786904875.472583025] [velocity_path_follower]: waypoint 2099 / 5251 도달 (선 이탈 0.27 m)
[velocity_path_follower.py-9] [INFO] [1786904876.024875868] [velocity_path_follower]: waypoint 2100 / 5251 도달 (선 이탈 0.24 m)
[velocity_path_follower.py-9] [INFO] [1786904876.524505088] [velocity_path_follower]: waypoint 2101 / 5251 도달 (선 이탈 0.20 m)
[velocity_path_follower.py-9] [INFO] [1786904876.974750718] [velocity_path_follower]: waypoint 2102 / 5251 도달 (선 이탈 0.17 m)
[velocity_path_follower.py-9] [INFO] [1786904877.474892693] [velocity_path_follower]: waypoint 2103 / 5251 도달 (선 이탈 0.12 m)
[velocity_path_follower.py-9] [INFO] [1786904877.924669433] [velocity_path_follower]: waypoint 2104 / 5251 도달 (선 이탈 0.08 m)
[velocity_path_follower.py-9] [INFO] [1786904878.374641964] [velocity_path_follower]: waypoint 2105 / 5251 도달 (선 이탈 0.04 m)
[velocity_path_follower.py-9] [INFO] [1786904878.424358975] [velocity_path_follower]: 900.0s  wp 2106/5251 이탈0.0m  위치 (   1.98,  -126.14,   7.76)
[velocity_path_follower.py-9] [INFO] [1786904878.824717371] [velocity_path_follower]: waypoint 2106 / 5251 도달 (선 이탈 0.00 m)
[velocity_path_follower.py-9] [INFO] [1786904879.224599254] [velocity_path_follower]: waypoint 2107 / 5251 도달 (선 이탈 0.03 m)
[velocity_path_follower.py-9] [INFO] [1786904879.674788325] [velocity_path_follower]: waypoint 2108 / 5251 도달 (선 이탈 0.06 m)
[velocity_path_follower.py-9] [INFO] [1786904880.074507285] [velocity_path_follower]: waypoint 2109 / 5251 도달 (선 이탈 0.09 m)
[velocity_path_follower.py-9] [INFO] [1786904880.474654041] [velocity_path_follower]: waypoint 2110 / 5251 도달 (선 이탈 0.11 m)
[velocity_path_follower.py-9] [INFO] [1786904880.874614002] [velocity_path_follower]: waypoint 2111 / 5251 도달 (선 이탈 0.13 m)
[velocity_path_follower.py-9] [INFO] [1786904881.292760802] [velocity_path_follower]: waypoint 2112 / 5251 도달 (선 이탈 0.14 m)
[velocity_path_follower.py-9] [INFO] [1786904881.692617880] [velocity_path_follower]: waypoint 2113 / 5251 도달 (선 이탈 0.15 m)
[velocity_path_follower.py-9] [INFO] [1786904882.097424771] [velocity_path_follower]: waypoint 2114 / 5251 도달 (선 이탈 0.16 m)
[velocity_path_follower.py-9] [INFO] [1786904882.495597600] [velocity_path_follower]: waypoint 2115 / 5251 도달 (선 이탈 0.16 m)
[velocity_path_follower.py-9] [INFO] [1786904882.849734708] [velocity_path_follower]: waypoint 2116 / 5251 도달 (선 이탈 0.16 m)
[velocity_path_follower.py-9] [INFO] [1786904883.251804908] [velocity_path_follower]: waypoint 2117 / 5251 도달 (선 이탈 0.16 m)
[velocity_path_follower.py-9] [INFO] [1786904883.451738839] [velocity_path_follower]: 905.0s  wp 2118/5251 이탈0.2m  위치 (   8.20,  -125.95,   9.31)
[velocity_path_follower.py-9] [INFO] [1786904883.651494307] [velocity_path_follower]: waypoint 2118 / 5251 도달 (선 이탈 0.15 m)
[velocity_path_follower.py-9] [INFO] [1786904884.001644784] [velocity_path_follower]: waypoint 2119 / 5251 도달 (선 이탈 0.14 m)
[velocity_path_follower.py-9] [INFO] [1786904884.351751547] [velocity_path_follower]: waypoint 2120 / 5251 도달 (선 이탈 0.13 m)
[velocity_path_follower.py-9] [INFO] [1786904884.751617278] [velocity_path_follower]: waypoint 2121 / 5251 도달 (선 이탈 0.11 m)
[velocity_path_follower.py-9] [INFO] [1786904885.101757207] [velocity_path_follower]: waypoint 2122 / 5251 도달 (선 이탈 0.10 m)
[velocity_path_follower.py-9] [INFO] [1786904885.501640058] [velocity_path_follower]: waypoint 2123 / 5251 도달 (선 이탈 0.08 m)
[velocity_path_follower.py-9] [INFO] [1786904885.851694275] [velocity_path_follower]: waypoint 2124 / 5251 도달 (선 이탈 0.07 m)
[velocity_path_follower.py-9] [INFO] [1786904886.201643861] [velocity_path_follower]: waypoint 2125 / 5251 도달 (선 이탈 0.05 m)
[velocity_path_follower.py-9] [INFO] [1786904886.601743628] [velocity_path_follower]: waypoint 2126 / 5251 도달 (선 이탈 0.03 m)
[velocity_path_follower.py-9] [INFO] [1786904886.951665921] [velocity_path_follower]: waypoint 2127 / 5251 도달 (선 이탈 0.02 m)
[velocity_path_follower.py-9] [INFO] [1786904887.301692670] [velocity_path_follower]: waypoint 2128 / 5251 도달 (선 이탈 0.00 m)
[velocity_path_follower.py-9] [INFO] [1786904887.653719294] [velocity_path_follower]: waypoint 2129 / 5251 도달 (선 이탈 0.01 m)
[velocity_path_follower.py-9] [INFO] [1786904888.053799222] [velocity_path_follower]: waypoint 2130 / 5251 도달 (선 이탈 0.03 m)
[velocity_path_follower.py-9] [INFO] [1786904888.403638296] [velocity_path_follower]: waypoint 2131 / 5251 도달 (선 이탈 0.04 m)
[velocity_path_follower.py-9] [INFO] [1786904888.453454970] [velocity_path_follower]: 910.0s  wp 2132/5251 이탈0.0m  위치 (  15.03,  -126.14,  11.25)
[velocity_path_follower.py-9] [INFO] [1786904888.753607497] [velocity_path_follower]: waypoint 2132 / 5251 도달 (선 이탈 0.05 m)
[velocity_path_follower.py-9] [INFO] [1786904889.103515280] [velocity_path_follower]: waypoint 2133 / 5251 도달 (선 이탈 0.06 m)
[velocity_path_follower.py-9] [INFO] [1786904889.453683356] [velocity_path_follower]: waypoint 2134 / 5251 도달 (선 이탈 0.07 m)
[velocity_path_follower.py-9] [INFO] [1786904889.803464966] [velocity_path_follower]: waypoint 2135 / 5251 도달 (선 이탈 0.07 m)
[velocity_path_follower.py-9] [INFO] [1786904890.156919401] [velocity_path_follower]: waypoint 2136 / 5251 도달 (선 이탈 0.08 m)
[velocity_path_follower.py-9] [INFO] [1786904890.508520837] [velocity_path_follower]: waypoint 2137 / 5251 도달 (선 이탈 0.08 m)
[velocity_path_follower.py-9] [INFO] [1786904890.910717586] [velocity_path_follower]: waypoint 2138 / 5251 도달 (선 이탈 0.08 m)
[velocity_path_follower.py-9] [INFO] [1786904891.260488272] [velocity_path_follower]: waypoint 2139 / 5251 도달 (선 이탈 0.08 m)
[velocity_path_follower.py-9] [INFO] [1786904891.610483127] [velocity_path_follower]: waypoint 2140 / 5251 도달 (선 이탈 0.08 m)
[velocity_path_follower.py-9] [INFO] [1786904891.964941577] [velocity_path_follower]: waypoint 2141 / 5251 도달 (선 이탈 0.08 m)
[velocity_path_follower.py-9] [INFO] [1786904892.315042639] [velocity_path_follower]: waypoint 2142 / 5251 도달 (선 이탈 0.07 m)
[velocity_path_follower.py-9] [INFO] [1786904892.668761736] [velocity_path_follower]: waypoint 2143 / 5251 도달 (선 이탈 0.07 m)
[velocity_path_follower.py-9] [INFO] [1786904893.018750837] [velocity_path_follower]: waypoint 2144 / 5251 도달 (선 이탈 0.06 m)
[velocity_path_follower.py-9] [INFO] [1786904893.368823311] [velocity_path_follower]: waypoint 2145 / 5251 도달 (선 이탈 0.06 m)
[velocity_path_follower.py-9] [INFO] [1786904893.468727241] [velocity_path_follower]: 915.0s  wp 2146/5251 이탈0.1m  위치 (  22.09,  -126.15,  11.45)
[velocity_path_follower.py-9] [INFO] [1786904893.718494651] [velocity_path_follower]: waypoint 2146 / 5251 도달 (선 이탈 0.05 m)
[velocity_path_follower.py-9] [INFO] [1786904894.068614541] [velocity_path_follower]: waypoint 2147 / 5251 도달 (선 이탈 0.04 m)
[velocity_path_follower.py-9] [INFO] [1786904894.423980872] [velocity_path_follower]: waypoint 2148 / 5251 도달 (선 이탈 0.03 m)
[velocity_path_follower.py-9] [INFO] [1786904894.776960069] [velocity_path_follower]: waypoint 2149 / 5251 도달 (선 이탈 0.02 m)
[velocity_path_follower.py-9] [INFO] [1786904895.126679905] [velocity_path_follower]: waypoint 2150 / 5251 도달 (선 이탈 0.01 m)
[velocity_path_follower.py-9] [INFO] [1786904895.476656868] [velocity_path_follower]: waypoint 2151 / 5251 도달 (선 이탈 0.01 m)
[velocity_path_follower.py-9] [INFO] [1786904895.826706666] [velocity_path_follower]: waypoint 2152 / 5251 도달 (선 이탈 0.00 m)
[velocity_path_follower.py-9] [INFO] [1786904896.176823838] [velocity_path_follower]: waypoint 2153 / 5251 도달 (선 이탈 0.01 m)
[velocity_path_follower.py-9] [INFO] [1786904896.526882215] [velocity_path_follower]: waypoint 2154 / 5251 도달 (선 이탈 0.02 m)
[velocity_path_follower.py-9] [INFO] [1786904896.876793298] [velocity_path_follower]: waypoint 2155 / 5251 도달 (선 이탈 0.02 m)
[velocity_path_follower.py-9] [INFO] [1786904897.226866547] [velocity_path_follower]: waypoint 2156 / 5251 도달 (선 이탈 0.03 m)
[velocity_path_follower.py-9] [INFO] [1786904897.576766042] [velocity_path_follower]: waypoint 2157 / 5251 도달 (선 이탈 0.03 m)
[velocity_path_follower.py-9] [INFO] [1786904897.926909250] [velocity_path_follower]: waypoint 2158 / 5251 도달 (선 이탈 0.04 m)
[velocity_path_follower.py-9] [INFO] [1786904898.276746782] [velocity_path_follower]: waypoint 2159 / 5251 도달 (선 이탈 0.04 m)
[velocity_path_follower.py-9] [INFO] [1786904898.476655633] [velocity_path_follower]: 920.0s  wp 2160/5251 이탈0.0m  위치 (  29.24,  -126.06,  10.52)
[velocity_path_follower.py-9] [INFO] [1786904898.626909444] [velocity_path_follower]: waypoint 2160 / 5251 도달 (선 이탈 0.04 m)
[velocity_path_follower.py-9] [INFO] [1786904898.976680265] [velocity_path_follower]: waypoint 2161 / 5251 도달 (선 이탈 0.04 m)
[velocity_path_follower.py-9] [INFO] [1786904899.326650962] [velocity_path_follower]: waypoint 2162 / 5251 도달 (선 이탈 0.05 m)
[velocity_path_follower.py-9] [INFO] [1786904899.676726951] [velocity_path_follower]: waypoint 2163 / 5251 도달 (선 이탈 0.05 m)
[velocity_path_follower.py-9] [INFO] [1786904900.026726773] [velocity_path_follower]: waypoint 2164 / 5251 도달 (선 이탈 0.04 m)
[velocity_path_follower.py-9] [INFO] [1786904900.326925382] [velocity_path_follower]: waypoint 2165 / 5251 도달 (선 이탈 0.04 m)
[velocity_path_follower.py-9] [INFO] [1786904900.726786450] [velocity_path_follower]: waypoint 2166 / 5251 도달 (선 이탈 0.04 m)
[velocity_path_follower.py-9] [INFO] [1786904901.076933520] [velocity_path_follower]: waypoint 2167 / 5251 도달 (선 이탈 0.04 m)
[velocity_path_follower.py-9] [INFO] [1786904901.376857286] [velocity_path_follower]: waypoint 2168 / 5251 도달 (선 이탈 0.03 m)
[velocity_path_follower.py-9] [INFO] [1786904901.776786059] [velocity_path_follower]: waypoint 2169 / 5251 도달 (선 이탈 0.03 m)
[velocity_path_follower.py-9] [INFO] [1786904902.076752909] [velocity_path_follower]: waypoint 2170 / 5251 도달 (선 이탈 0.03 m)
[velocity_path_follower.py-9] [INFO] [1786904902.426751801] [velocity_path_follower]: waypoint 2171 / 5251 도달 (선 이탈 0.02 m)
[velocity_path_follower.py-9] [INFO] [1786904902.776681067] [velocity_path_follower]: waypoint 2172 / 5251 도달 (선 이탈 0.02 m)
[velocity_path_follower.py-9] [INFO] [1786904903.126935338] [velocity_path_follower]: waypoint 2173 / 5251 도달 (선 이탈 0.01 m)
[velocity_path_follower.py-9] [INFO] [1786904903.476929101] [velocity_path_follower]: waypoint 2174 / 5251 도달 (선 이탈 0.01 m)
[velocity_path_follower.py-9] [INFO] [1786904903.526826101] [velocity_path_follower]: 925.1s  wp 2175/5251 이탈0.0m  위치 (  36.48,  -126.09,  11.57)
[velocity_path_follower.py-9] [INFO] [1786904903.826793819] [velocity_path_follower]: waypoint 2175 / 5251 도달 (선 이탈 0.00 m)
[velocity_path_follower.py-9] [INFO] [1786904904.176641202] [velocity_path_follower]: waypoint 2176 / 5251 도달 (선 이탈 0.00 m)
[velocity_path_follower.py-9] [INFO] [1786904904.526836715] [velocity_path_follower]: waypoint 2177 / 5251 도달 (선 이탈 0.00 m)
[velocity_path_follower.py-9] [INFO] [1786904904.885831369] [velocity_path_follower]: waypoint 2178 / 5251 도달 (선 이탈 0.01 m)
[velocity_path_follower.py-9] [INFO] [1786904905.240022921] [velocity_path_follower]: waypoint 2179 / 5251 도달 (선 이탈 0.01 m)
[velocity_path_follower.py-9] [INFO] [1786904905.589452414] [velocity_path_follower]: waypoint 2180 / 5251 도달 (선 이탈 0.01 m)
[velocity_path_follower.py-9] [INFO] [1786904905.941731799] [velocity_path_follower]: waypoint 2181 / 5251 도달 (선 이탈 0.02 m)
[velocity_path_follower.py-9] [INFO] [1786904906.241697757] [velocity_path_follower]: waypoint 2182 / 5251 도달 (선 이탈 0.02 m)
[velocity_path_follower.py-9] [INFO] [1786904906.641672424] [velocity_path_follower]: waypoint 2183 / 5251 도달 (선 이탈 0.02 m)
[velocity_path_follower.py-9] [INFO] [1786904906.991596131] [velocity_path_follower]: waypoint 2184 / 5251 도달 (선 이탈 0.02 m)
[velocity_path_follower.py-9] [INFO] [1786904907.291736631] [velocity_path_follower]: waypoint 2185 / 5251 도달 (선 이탈 0.02 m)
[velocity_path_follower.py-9] [INFO] [1786904907.691673083] [velocity_path_follower]: waypoint 2186 / 5251 도달 (선 이탈 0.02 m)
[velocity_path_follower.py-9] [INFO] [1786904907.991716206] [velocity_path_follower]: waypoint 2187 / 5251 도달 (선 이탈 0.02 m)
[velocity_path_follower.py-9] [INFO] [1786904908.391726947] [velocity_path_follower]: waypoint 2188 / 5251 도달 (선 이탈 0.02 m)
[velocity_path_follower.py-9] [INFO] [1786904908.491594442] [velocity_path_follower]: 930.0s  wp 2189/5251 이탈0.0m  위치 (  43.63,  -126.12,  12.94)
[velocity_path_follower.py-9] [INFO] [1786904908.691663772] [velocity_path_follower]: waypoint 2189 / 5251 도달 (선 이탈 0.02 m)
[velocity_path_follower.py-9] [INFO] [1786904909.041869226] [velocity_path_follower]: waypoint 2190 / 5251 도달 (선 이탈 0.02 m)
[velocity_path_follower.py-9] [INFO] [1786904909.399674126] [velocity_path_follower]: waypoint 2191 / 5251 도달 (선 이탈 0.02 m)
[velocity_path_follower.py-9] [INFO] [1786904909.749784658] [velocity_path_follower]: waypoint 2192 / 5251 도달 (선 이탈 0.02 m)
[velocity_path_follower.py-9] [INFO] [1786904910.099513972] [velocity_path_follower]: waypoint 2193 / 5251 도달 (선 이탈 0.02 m)
[velocity_path_follower.py-9] [INFO] [1786904910.499817710] [velocity_path_follower]: waypoint 2194 / 5251 도달 (선 이탈 0.01 m)
[velocity_path_follower.py-9] [INFO] [1786904910.799501606] [velocity_path_follower]: waypoint 2195 / 5251 도달 (선 이탈 0.01 m)
[velocity_path_follower.py-9] [INFO] [1786904911.149896846] [velocity_path_follower]: waypoint 2196 / 5251 도달 (선 이탈 0.01 m)
[velocity_path_follower.py-9] [INFO] [1786904911.499725321] [velocity_path_follower]: waypoint 2197 / 5251 도달 (선 이탈 0.01 m)
[velocity_path_follower.py-9] [INFO] [1786904911.849509963] [velocity_path_follower]: waypoint 2198 / 5251 도달 (선 이탈 0.00 m)
[velocity_path_follower.py-9] [INFO] [1786904912.199735653] [velocity_path_follower]: waypoint 2199 / 5251 도달 (선 이탈 0.00 m)
[velocity_path_follower.py-9] [INFO] [1786904912.549716836] [velocity_path_follower]: waypoint 2200 / 5251 도달 (선 이탈 0.00 m)
[velocity_path_follower.py-9] [INFO] [1786904912.899784480] [velocity_path_follower]: waypoint 2201 / 5251 도달 (선 이탈 0.00 m)
[velocity_path_follower.py-9] [INFO] [1786904913.199667120] [velocity_path_follower]: waypoint 2202 / 5251 도달 (선 이탈 0.00 m)
[velocity_path_follower.py-9] [INFO] [1786904913.499590177] [velocity_path_follower]: 935.0s  wp 2203/5251 이탈0.0m  위치 (  50.84,  -126.09,  11.81)
[velocity_path_follower.py-9] [INFO] [1786904913.599504126] [velocity_path_follower]: waypoint 2203 / 5251 도달 (선 이탈 0.01 m)
[velocity_path_follower.py-9] [INFO] [1786904913.899742231] [velocity_path_follower]: waypoint 2204 / 5251 도달 (선 이탈 0.01 m)
[velocity_path_follower.py-9] [INFO] [1786904914.249511611] [velocity_path_follower]: waypoint 2205 / 5251 도달 (선 이탈 0.01 m)
[velocity_path_follower.py-9] [INFO] [1786904914.599569871] [velocity_path_follower]: waypoint 2206 / 5251 도달 (선 이탈 0.01 m)
[velocity_path_follower.py-9] [INFO] [1786904914.949496294] [velocity_path_follower]: waypoint 2207 / 5251 도달 (선 이탈 0.01 m)
[velocity_path_follower.py-9] [INFO] [1786904915.299748013] [velocity_path_follower]: waypoint 2208 / 5251 도달 (선 이탈 0.01 m)
[velocity_path_follower.py-9] [INFO] [1786904915.649488512] [velocity_path_follower]: waypoint 2209 / 5251 도달 (선 이탈 0.01 m)
[velocity_path_follower.py-9] [INFO] [1786904915.999734897] [velocity_path_follower]: waypoint 2210 / 5251 도달 (선 이탈 0.01 m)
[velocity_path_follower.py-9] [INFO] [1786904916.349584811] [velocity_path_follower]: waypoint 2211 / 5251 도달 (선 이탈 0.01 m)
[velocity_path_follower.py-9] [INFO] [1786904916.699509518] [velocity_path_follower]: waypoint 2212 / 5251 도달 (선 이탈 0.01 m)
[velocity_path_follower.py-9] [INFO] [1786904917.049858317] [velocity_path_follower]: waypoint 2213 / 5251 도달 (선 이탈 0.01 m)
[velocity_path_follower.py-9] [INFO] [1786904917.399445013] [velocity_path_follower]: waypoint 2214 / 5251 도달 (선 이탈 0.01 m)
[velocity_path_follower.py-9] [INFO] [1786904917.749652805] [velocity_path_follower]: waypoint 2215 / 5251 도달 (선 이탈 0.01 m)
[velocity_path_follower.py-9] [INFO] [1786904918.099812678] [velocity_path_follower]: waypoint 2216 / 5251 도달 (선 이탈 0.01 m)
[velocity_path_follower.py-9] [INFO] [1786904918.399705300] [velocity_path_follower]: waypoint 2217 / 5251 도달 (선 이탈 0.01 m)
[velocity_path_follower.py-9] [INFO] [1786904918.499950250] [velocity_path_follower]: 940.0s  wp 2218/5251 이탈0.0m  위치 (  58.05,  -126.09,   8.95)
[velocity_path_follower.py-9] [INFO] [1786904918.799504073] [velocity_path_follower]: waypoint 2218 / 5251 도달 (선 이탈 0.01 m)
[velocity_path_follower.py-9] [INFO] [1786904919.099776118] [velocity_path_follower]: waypoint 2219 / 5251 도달 (선 이탈 0.01 m)
[velocity_path_follower.py-9] [INFO] [1786904919.449603936] [velocity_path_follower]: waypoint 2220 / 5251 도달 (선 이탈 0.01 m)
[velocity_path_follower.py-9] [INFO] [1786904919.799629550] [velocity_path_follower]: waypoint 2221 / 5251 도달 (선 이탈 0.01 m)
[velocity_path_follower.py-9] [INFO] [1786904923.499520096] [velocity_path_follower]: 945.0s  wp 2222/5251 이탈2.5m  위치 (  63.85,  -124.56,   9.66)
[velocity_path_follower.py-9] [INFO] [1786904924.799489243] [velocity_path_follower]: waypoint 2222 / 5251 도달 (선 이탈 2.88 m)
[ros2-8] [INFO] [1786904925.079064966] [rosbag2_cpp]: Writing remaining messages from cache to the bag. It may take a while
[velocity_path_follower.py-9] [INFO] [1786904928.499363908] [velocity_path_follower]: 950.0s  wp 2224/5251 이탈1.0m  위치 (  63.26,  -121.06,  10.77)
[velocity_path_follower.py-9] [INFO] [1786904929.749687585] [velocity_path_follower]: waypoint 2224 / 5251 도달 (선 이탈 1.41 m)
[velocity_path_follower.py-9] [INFO] [1786904930.399644238] [velocity_path_follower]: waypoint 2225 / 5251 도달 (선 이탈 1.49 m)
[velocity_path_follower.py-9] [INFO] [1786904930.999649195] [velocity_path_follower]: waypoint 2226 / 5251 도달 (선 이탈 1.49 m)
[velocity_path_follower.py-9] [INFO] [1786904931.599753230] [velocity_path_follower]: waypoint 2227 / 5251 도달 (선 이탈 1.44 m)
[velocity_path_follower.py-9] [INFO] [1786904932.199653467] [velocity_path_follower]: waypoint 2228 / 5251 도달 (선 이탈 1.33 m)
[velocity_path_follower.py-9] [INFO] [1786904932.699769151] [velocity_path_follower]: waypoint 2229 / 5251 도달 (선 이탈 1.21 m)
[velocity_path_follower.py-9] [INFO] [1786904933.249741273] [velocity_path_follower]: waypoint 2230 / 5251 도달 (선 이탈 1.04 m)
[velocity_path_follower.py-9] [INFO] [1786904933.499503148] [velocity_path_follower]: 955.0s  wp 2231/5251 이탈1.0m  위치 (  59.14,  -121.14,  10.07)
[velocity_path_follower.py-9] [INFO] [1786904933.799458594] [velocity_path_follower]: waypoint 2231 / 5251 도달 (선 이탈 0.86 m)
[velocity_path_follower.py-9] [INFO] [1786904934.299613520] [velocity_path_follower]: waypoint 2232 / 5251 도달 (선 이탈 0.67 m)
[velocity_path_follower.py-9] [INFO] [1786904934.749617415] [velocity_path_follower]: waypoint 2233 / 5251 도달 (선 이탈 0.51 m)
[velocity_path_follower.py-9] [INFO] [1786904935.249795836] [velocity_path_follower]: waypoint 2234 / 5251 도달 (선 이탈 0.30 m)
[velocity_path_follower.py-9] [INFO] [1786904935.699715808] [velocity_path_follower]: waypoint 2235 / 5251 도달 (선 이탈 0.14 m)
[velocity_path_follower.py-9] [INFO] [1786904936.149600569] [velocity_path_follower]: waypoint 2236 / 5251 도달 (선 이탈 0.03 m)
[velocity_path_follower.py-9] [INFO] [1786904936.599802499] [velocity_path_follower]: waypoint 2237 / 5251 도달 (선 이탈 0.18 m)
[velocity_path_follower.py-9] [INFO] [1786904936.999677732] [velocity_path_follower]: waypoint 2238 / 5251 도달 (선 이탈 0.30 m)
[velocity_path_follower.py-9] [INFO] [1786904937.449821948] [velocity_path_follower]: waypoint 2239 / 5251 도달 (선 이탈 0.42 m)
[velocity_path_follower.py-9] [INFO] [1786904937.849419171] [velocity_path_follower]: waypoint 2240 / 5251 도달 (선 이탈 0.51 m)
[velocity_path_follower.py-9] [INFO] [1786904938.299778513] [velocity_path_follower]: waypoint 2241 / 5251 도달 (선 이탈 0.60 m)
[velocity_path_follower.py-9] [INFO] [1786904938.499632811] [velocity_path_follower]: 960.0s  wp 2242/5251 이탈0.6m  위치 (  53.58,  -122.73,   9.70)
[velocity_path_follower.py-9] [INFO] [1786904938.699708488] [velocity_path_follower]: waypoint 2242 / 5251 도달 (선 이탈 0.65 m)
[velocity_path_follower.py-9] [INFO] [1786904939.099708922] [velocity_path_follower]: waypoint 2243 / 5251 도달 (선 이탈 0.69 m)
[velocity_path_follower.py-9] [INFO] [1786904939.499684143] [velocity_path_follower]: waypoint 2244 / 5251 도달 (선 이탈 0.71 m)
[velocity_path_follower.py-9] [INFO] [1786904939.900007705] [velocity_path_follower]: waypoint 2245 / 5251 도달 (선 이탈 0.71 m)
[velocity_path_follower.py-9] [INFO] [1786904940.250338950] [velocity_path_follower]: waypoint 2246 / 5251 도달 (선 이탈 0.70 m)
[velocity_path_follower.py-9] [INFO] [1786904940.649852283] [velocity_path_follower]: waypoint 2247 / 5251 도달 (선 이탈 0.68 m)
[velocity_path_follower.py-9] [INFO] [1786904941.049485826] [velocity_path_follower]: waypoint 2248 / 5251 도달 (선 이탈 0.64 m)
[velocity_path_follower.py-9] [INFO] [1786904941.449471330] [velocity_path_follower]: waypoint 2249 / 5251 도달 (선 이탈 0.59 m)
[velocity_path_follower.py-9] [INFO] [1786904941.849825759] [velocity_path_follower]: waypoint 2250 / 5251 도달 (선 이탈 0.53 m)
[velocity_path_follower.py-9] [INFO] [1786904942.199864907] [velocity_path_follower]: waypoint 2251 / 5251 도달 (선 이탈 0.47 m)
[velocity_path_follower.py-9] [INFO] [1786904942.599636320] [velocity_path_follower]: waypoint 2252 / 5251 도달 (선 이탈 0.40 m)
[velocity_path_follower.py-9] [INFO] [1786904942.999857866] [velocity_path_follower]: waypoint 2253 / 5251 도달 (선 이탈 0.32 m)
[velocity_path_follower.py-9] [INFO] [1786904943.349885884] [velocity_path_follower]: waypoint 2254 / 5251 도달 (선 이탈 0.25 m)
[velocity_path_follower.py-9] [INFO] [1786904943.499449977] [velocity_path_follower]: 965.0s  wp 2255/5251 이탈0.2m  위치 (  47.19,  -122.32,  12.24)
[velocity_path_follower.py-9] [INFO] [1786904943.749587248] [velocity_path_follower]: waypoint 2255 / 5251 도달 (선 이탈 0.17 m)
[velocity_path_follower.py-9] [INFO] [1786904944.099784227] [velocity_path_follower]: waypoint 2256 / 5251 도달 (선 이탈 0.10 m)
[velocity_path_follower.py-9] [INFO] [1786904944.499732217] [velocity_path_follower]: waypoint 2257 / 5251 도달 (선 이탈 0.02 m)
[velocity_path_follower.py-9] [INFO] [1786904944.849884233] [velocity_path_follower]: waypoint 2258 / 5251 도달 (선 이탈 0.04 m)
[velocity_path_follower.py-9] [INFO] [1786904945.249599133] [velocity_path_follower]: waypoint 2259 / 5251 도달 (선 이탈 0.11 m)
[velocity_path_follower.py-9] [INFO] [1786904945.599699144] [velocity_path_follower]: waypoint 2260 / 5251 도달 (선 이탈 0.16 m)
[velocity_path_follower.py-9] [INFO] [1786904945.999649213] [velocity_path_follower]: waypoint 2261 / 5251 도달 (선 이탈 0.22 m)
[velocity_path_follower.py-9] [INFO] [1786904946.349618802] [velocity_path_follower]: waypoint 2262 / 5251 도달 (선 이탈 0.26 m)
[velocity_path_follower.py-9] [INFO] [1786904946.699618932] [velocity_path_follower]: waypoint 2263 / 5251 도달 (선 이탈 0.30 m)
[velocity_path_follower.py-9] [INFO] [1786904947.049960986] [velocity_path_follower]: waypoint 2264 / 5251 도달 (선 이탈 0.32 m)
[velocity_path_follower.py-9] [INFO] [1786904947.399706232] [velocity_path_follower]: waypoint 2265 / 5251 도달 (선 이탈 0.35 m)
[velocity_path_follower.py-9] [INFO] [1786904947.799513123] [velocity_path_follower]: waypoint 2266 / 5251 도달 (선 이탈 0.36 m)
[velocity_path_follower.py-9] [INFO] [1786904948.149736336] [velocity_path_follower]: waypoint 2267 / 5251 도달 (선 이탈 0.37 m)
[velocity_path_follower.py-9] [INFO] [1786904948.499853252] [velocity_path_follower]: waypoint 2268 / 5251 도달 (선 이탈 0.37 m)
[velocity_path_follower.py-9] [INFO] [1786904948.549666641] [velocity_path_follower]: 970.1s  wp 2269/5251 이탈0.4m  위치 (  40.29,  -121.73,  13.05)
[velocity_path_follower.py-9] [INFO] [1786904948.849750456] [velocity_path_follower]: waypoint 2269 / 5251 도달 (선 이탈 0.36 m)
[velocity_path_follower.py-9] [INFO] [1786904949.249638425] [velocity_path_follower]: waypoint 2270 / 5251 도달 (선 이탈 0.35 m)
[velocity_path_follower.py-9] [INFO] [1786904949.599645127] [velocity_path_follower]: waypoint 2271 / 5251 도달 (선 이탈 0.33 m)
[velocity_path_follower.py-9] [INFO] [1786904949.949697789] [velocity_path_follower]: waypoint 2272 / 5251 도달 (선 이탈 0.31 m)
[velocity_path_follower.py-9] [INFO] [1786904950.299681529] [velocity_path_follower]: waypoint 2273 / 5251 도달 (선 이탈 0.28 m)
[velocity_path_follower.py-9] [INFO] [1786904950.649503182] [velocity_path_follower]: waypoint 2274 / 5251 도달 (선 이탈 0.26 m)
[velocity_path_follower.py-9] [INFO] [1786904950.999570382] [velocity_path_follower]: waypoint 2275 / 5251 도달 (선 이탈 0.22 m)
[velocity_path_follower.py-9] [INFO] [1786904951.399784721] [velocity_path_follower]: waypoint 2276 / 5251 도달 (선 이탈 0.18 m)
[velocity_path_follower.py-9] [INFO] [1786904951.749502118] [velocity_path_follower]: waypoint 2277 / 5251 도달 (선 이탈 0.15 m)
[velocity_path_follower.py-9] [INFO] [1786904952.099939362] [velocity_path_follower]: waypoint 2278 / 5251 도달 (선 이탈 0.11 m)
[velocity_path_follower.py-9] [INFO] [1786904952.449621255] [velocity_path_follower]: waypoint 2279 / 5251 도달 (선 이탈 0.07 m)
[velocity_path_follower.py-9] [INFO] [1786904952.799703780] [velocity_path_follower]: waypoint 2280 / 5251 도달 (선 이탈 0.04 m)
[velocity_path_follower.py-9] [INFO] [1786904953.149755637] [velocity_path_follower]: waypoint 2281 / 5251 도달 (선 이탈 0.00 m)
[velocity_path_follower.py-9] [INFO] [1786904953.499776824] [velocity_path_follower]: waypoint 2282 / 5251 도달 (선 이탈 0.03 m)
[velocity_path_follower.py-9] [INFO] [1786904953.549481792] [velocity_path_follower]: 975.1s  wp 2283/5251 이탈0.0m  위치 (  33.32,  -122.14,  11.69)
[velocity_path_follower.py-9] [INFO] [1786904953.849692301] [velocity_path_follower]: waypoint 2283 / 5251 도달 (선 이탈 0.06 m)
[velocity_path_follower.py-9] [INFO] [1786904954.199813822] [velocity_path_follower]: waypoint 2284 / 5251 도달 (선 이탈 0.09 m)
[velocity_path_follower.py-9] [INFO] [1786904954.599683975] [velocity_path_follower]: waypoint 2285 / 5251 도달 (선 이탈 0.12 m)
[velocity_path_follower.py-9] [INFO] [1786904954.899694852] [velocity_path_follower]: waypoint 2286 / 5251 도달 (선 이탈 0.14 m)
[velocity_path_follower.py-9] [INFO] [1786904955.299769256] [velocity_path_follower]: waypoint 2287 / 5251 도달 (선 이탈 0.16 m)
[velocity_path_follower.py-9] [INFO] [1786904955.599751587] [velocity_path_follower]: waypoint 2288 / 5251 도달 (선 이탈 0.17 m)
[velocity_path_follower.py-9] [INFO] [1786904955.949957396] [velocity_path_follower]: waypoint 2289 / 5251 도달 (선 이탈 0.18 m)
[velocity_path_follower.py-9] [INFO] [1786904956.299766734] [velocity_path_follower]: waypoint 2290 / 5251 도달 (선 이탈 0.19 m)
[velocity_path_follower.py-9] [INFO] [1786904956.699926718] [velocity_path_follower]: waypoint 2291 / 5251 도달 (선 이탈 0.19 m)
[velocity_path_follower.py-9] [INFO] [1786904957.003384908] [velocity_path_follower]: waypoint 2292 / 5251 도달 (선 이탈 0.19 m)
[velocity_path_follower.py-9] [INFO] [1786904957.402404698] [velocity_path_follower]: waypoint 2293 / 5251 도달 (선 이탈 0.19 m)
[velocity_path_follower.py-9] [INFO] [1786904957.752338285] [velocity_path_follower]: waypoint 2294 / 5251 도달 (선 이탈 0.18 m)
[velocity_path_follower.py-9] [INFO] [1786904958.052455362] [velocity_path_follower]: waypoint 2295 / 5251 도달 (선 이탈 0.17 m)
[velocity_path_follower.py-9] [INFO] [1786904958.455442852] [velocity_path_follower]: waypoint 2296 / 5251 도달 (선 이탈 0.16 m)
[velocity_path_follower.py-9] [INFO] [1786904958.507998958] [velocity_path_follower]: 980.0s  wp 2297/5251 이탈0.2m  위치 (  26.26,  -122.26,  10.96)
[velocity_path_follower.py-9] [INFO] [1786904958.807516437] [velocity_path_follower]: waypoint 2297 / 5251 도달 (선 이탈 0.15 m)
[velocity_path_follower.py-9] [INFO] [1786904959.157452935] [velocity_path_follower]: waypoint 2298 / 5251 도달 (선 이탈 0.13 m)
[velocity_path_follower.py-9] [INFO] [1786904959.459792010] [velocity_path_follower]: waypoint 2299 / 5251 도달 (선 이탈 0.12 m)
[velocity_path_follower.py-9] [INFO] [1786904959.862628784] [velocity_path_follower]: waypoint 2300 / 5251 도달 (선 이탈 0.10 m)
[velocity_path_follower.py-9] [INFO] [1786904960.213694593] [velocity_path_follower]: waypoint 2301 / 5251 도달 (선 이탈 0.08 m)
[velocity_path_follower.py-9] [INFO] [1786904960.513825661] [velocity_path_follower]: waypoint 2302 / 5251 도달 (선 이탈 0.06 m)
[velocity_path_follower.py-9] [INFO] [1786904960.918513885] [velocity_path_follower]: waypoint 2303 / 5251 도달 (선 이탈 0.04 m)
[velocity_path_follower.py-9] [INFO] [1786904961.220491697] [velocity_path_follower]: waypoint 2304 / 5251 도달 (선 이탈 0.03 m)
[velocity_path_follower.py-9] [INFO] [1786904961.570890903] [velocity_path_follower]: waypoint 2305 / 5251 도달 (선 이탈 0.01 m)
[velocity_path_follower.py-9] [INFO] [1786904961.920723223] [velocity_path_follower]: waypoint 2306 / 5251 도달 (선 이탈 0.01 m)
[velocity_path_follower.py-9] [INFO] [1786904962.322608050] [velocity_path_follower]: waypoint 2307 / 5251 도달 (선 이탈 0.03 m)
[velocity_path_follower.py-9] [INFO] [1786904962.622595025] [velocity_path_follower]: waypoint 2308 / 5251 도달 (선 이탈 0.04 m)
[velocity_path_follower.py-9] [INFO] [1786904963.022703523] [velocity_path_follower]: waypoint 2309 / 5251 도달 (선 이탈 0.06 m)
[velocity_path_follower.py-9] [INFO] [1786904963.322701413] [velocity_path_follower]: waypoint 2310 / 5251 도달 (선 이탈 0.07 m)
[velocity_path_follower.py-9] [INFO] [1786904963.523010165] [velocity_path_follower]: 985.0s  wp 2311/5251 이탈0.1m  위치 (  19.10,  -122.03,   7.07)
[velocity_path_follower.py-9] [INFO] [1786904963.672837481] [velocity_path_follower]: waypoint 2311 / 5251 도달 (선 이탈 0.08 m)
[velocity_path_follower.py-9] [INFO] [1786904964.022811629] [velocity_path_follower]: waypoint 2312 / 5251 도달 (선 이탈 0.08 m)
[velocity_path_follower.py-9] [INFO] [1786904964.372643812] [velocity_path_follower]: waypoint 2313 / 5251 도달 (선 이탈 0.09 m)
[velocity_path_follower.py-9] [INFO] [1786904964.722672916] [velocity_path_follower]: waypoint 2314 / 5251 도달 (선 이탈 0.09 m)
[velocity_path_follower.py-9] [INFO] [1786904965.072647102] [velocity_path_follower]: waypoint 2315 / 5251 도달 (선 이탈 0.10 m)
[velocity_path_follower.py-9] [INFO] [1786904965.425521635] [velocity_path_follower]: waypoint 2316 / 5251 도달 (선 이탈 0.10 m)
[velocity_path_follower.py-9] [INFO] [1786904965.775459025] [velocity_path_follower]: waypoint 2317 / 5251 도달 (선 이탈 0.10 m)
[velocity_path_follower.py-9] [INFO] [1786904966.127740128] [velocity_path_follower]: waypoint 2318 / 5251 도달 (선 이탈 0.09 m)
[velocity_path_follower.py-9] [INFO] [1786904966.477652597] [velocity_path_follower]: waypoint 2319 / 5251 도달 (선 이탈 0.09 m)
[velocity_path_follower.py-9] [INFO] [1786904966.827505648] [velocity_path_follower]: waypoint 2320 / 5251 도달 (선 이탈 0.08 m)
[velocity_path_follower.py-9] [INFO] [1786904967.179793413] [velocity_path_follower]: waypoint 2321 / 5251 도달 (선 이탈 0.07 m)
[velocity_path_follower.py-9] [INFO] [1786904967.529684420] [velocity_path_follower]: waypoint 2322 / 5251 도달 (선 이탈 0.07 m)
[velocity_path_follower.py-9] [INFO] [1786904967.879841890] [velocity_path_follower]: waypoint 2323 / 5251 도달 (선 이탈 0.06 m)
[velocity_path_follower.py-9] [INFO] [1786904968.231800186] [velocity_path_follower]: waypoint 2324 / 5251 도달 (선 이탈 0.05 m)
[velocity_path_follower.py-9] [INFO] [1786904968.531502179] [velocity_path_follower]: 990.0s  wp 2325/5251 이탈0.0m  위치 (  11.91,  -122.06,  10.04)
[velocity_path_follower.py-9] [INFO] [1786904968.581669439] [velocity_path_follower]: waypoint 2325 / 5251 도달 (선 이탈 0.04 m)
[velocity_path_follower.py-9] [INFO] [1786904968.931617610] [velocity_path_follower]: waypoint 2326 / 5251 도달 (선 이탈 0.03 m)
[velocity_path_follower.py-9] [INFO] [1786904969.281458484] [velocity_path_follower]: waypoint 2327 / 5251 도달 (선 이탈 0.02 m)
[velocity_path_follower.py-9] [INFO] [1786904969.631703240] [velocity_path_follower]: waypoint 2328 / 5251 도달 (선 이탈 0.01 m)
[velocity_path_follower.py-9] [INFO] [1786904969.931620317] [velocity_path_follower]: waypoint 2329 / 5251 도달 (선 이탈 0.00 m)
[velocity_path_follower.py-9] [INFO] [1786904970.281729901] [velocity_path_follower]: waypoint 2330 / 5251 도달 (선 이탈 0.01 m)
[velocity_path_follower.py-9] [INFO] [1786904970.631672898] [velocity_path_follower]: waypoint 2331 / 5251 도달 (선 이탈 0.02 m)
[velocity_path_follower.py-9] [INFO] [1786904970.982006194] [velocity_path_follower]: waypoint 2332 / 5251 도달 (선 이탈 0.02 m)
[velocity_path_follower.py-9] [INFO] [1786904971.331798392] [velocity_path_follower]: waypoint 2333 / 5251 도달 (선 이탈 0.03 m)
[velocity_path_follower.py-9] [INFO] [1786904971.681834720] [velocity_path_follower]: waypoint 2334 / 5251 도달 (선 이탈 0.04 m)
[velocity_path_follower.py-9] [INFO] [1786904972.032034302] [velocity_path_follower]: waypoint 2335 / 5251 도달 (선 이탈 0.04 m)
[velocity_path_follower.py-9] [INFO] [1786904972.387698781] [velocity_path_follower]: waypoint 2336 / 5251 도달 (선 이탈 0.05 m)
[velocity_path_follower.py-9] [INFO] [1786904972.737038341] [velocity_path_follower]: waypoint 2337 / 5251 도달 (선 이탈 0.05 m)
[velocity_path_follower.py-9] [INFO] [1786904973.092686069] [velocity_path_follower]: waypoint 2338 / 5251 도달 (선 이탈 0.05 m)
[velocity_path_follower.py-9] [INFO] [1786904973.442809808] [velocity_path_follower]: waypoint 2339 / 5251 도달 (선 이탈 0.05 m)
[velocity_path_follower.py-9] [INFO] [1786904973.542563770] [velocity_path_follower]: 995.0s  wp 2340/5251 이탈0.1m  위치 (   4.70,  -122.15,  11.06)
[velocity_path_follower.py-9] [INFO] [1786904973.792809670] [velocity_path_follower]: waypoint 2340 / 5251 도달 (선 이탈 0.05 m)
[velocity_path_follower.py-9] [INFO] [1786904974.142908782] [velocity_path_follower]: waypoint 2341 / 5251 도달 (선 이탈 0.05 m)
[velocity_path_follower.py-9] [INFO] [1786904974.492728345] [velocity_path_follower]: waypoint 2342 / 5251 도달 (선 이탈 0.05 m)
[velocity_path_follower.py-9] [INFO] [1786904974.842697202] [velocity_path_follower]: waypoint 2343 / 5251 도달 (선 이탈 0.05 m)
[velocity_path_follower.py-9] [INFO] [1786904975.142642887] [velocity_path_follower]: waypoint 2344 / 5251 도달 (선 이탈 0.05 m)
[velocity_path_follower.py-9] [INFO] [1786904975.542753080] [velocity_path_follower]: waypoint 2345 / 5251 도달 (선 이탈 0.04 m)
[velocity_path_follower.py-9] [INFO] [1786904975.842832558] [velocity_path_follower]: waypoint 2346 / 5251 도달 (선 이탈 0.04 m)
[velocity_path_follower.py-9] [INFO] [1786904976.192853953] [velocity_path_follower]: waypoint 2347 / 5251 도달 (선 이탈 0.03 m)
[velocity_path_follower.py-9] [INFO] [1786904976.542620965] [velocity_path_follower]: waypoint 2348 / 5251 도달 (선 이탈 0.03 m)
[velocity_path_follower.py-9] [INFO] [1786904976.892920739] [velocity_path_follower]: waypoint 2349 / 5251 도달 (선 이탈 0.02 m)
[velocity_path_follower.py-9] [INFO] [1786904977.242713833] [velocity_path_follower]: waypoint 2350 / 5251 도달 (선 이탈 0.02 m)
[velocity_path_follower.py-9] [INFO] [1786904977.592760556] [velocity_path_follower]: waypoint 2351 / 5251 도달 (선 이탈 0.01 m)
[velocity_path_follower.py-9] [INFO] [1786904977.942798570] [velocity_path_follower]: waypoint 2352 / 5251 도달 (선 이탈 0.01 m)
[velocity_path_follower.py-9] [INFO] [1786904978.292690245] [velocity_path_follower]: waypoint 2353 / 5251 도달 (선 이탈 0.00 m)
[velocity_path_follower.py-9] [INFO] [1786904978.542798171] [velocity_path_follower]: 1000.0s  wp 2354/5251 이탈0.0m  위치 (  -2.50,  -122.10,   9.00)
[velocity_path_follower.py-9] [INFO] [1786904978.642622254] [velocity_path_follower]: waypoint 2354 / 5251 도달 (선 이탈 0.00 m)
[velocity_path_follower.py-9] [INFO] [1786904978.992790601] [velocity_path_follower]: waypoint 2355 / 5251 도달 (선 이탈 0.01 m)
[velocity_path_follower.py-9] [INFO] [1786904979.342898359] [velocity_path_follower]: waypoint 2356 / 5251 도달 (선 이탈 0.01 m)
[velocity_path_follower.py-9] [INFO] [1786904979.693714299] [velocity_path_follower]: waypoint 2357 / 5251 도달 (선 이탈 0.01 m)
[velocity_path_follower.py-9] [INFO] [1786904980.042785369] [velocity_path_follower]: waypoint 2358 / 5251 도달 (선 이탈 0.02 m)
[velocity_path_follower.py-9] [INFO] [1786904980.392749913] [velocity_path_follower]: waypoint 2359 / 5251 도달 (선 이탈 0.02 m)
[velocity_path_follower.py-9] [INFO] [1786904980.742794167] [velocity_path_follower]: waypoint 2360 / 5251 도달 (선 이탈 0.02 m)
[velocity_path_follower.py-9] [INFO] [1786904981.042816503] [velocity_path_follower]: waypoint 2361 / 5251 도달 (선 이탈 0.02 m)
[velocity_path_follower.py-9] [INFO] [1786904981.442798751] [velocity_path_follower]: waypoint 2362 / 5251 도달 (선 이탈 0.03 m)
[velocity_path_follower.py-9] [INFO] [1786904981.742650247] [velocity_path_follower]: waypoint 2363 / 5251 도달 (선 이탈 0.03 m)
[velocity_path_follower.py-9] [INFO] [1786904982.092844708] [velocity_path_follower]: waypoint 2364 / 5251 도달 (선 이탈 0.03 m)
[velocity_path_follower.py-9] [INFO] [1786904982.442678450] [velocity_path_follower]: waypoint 2365 / 5251 도달 (선 이탈 0.03 m)
[velocity_path_follower.py-9] [INFO] [1786904983.542735848] [velocity_path_follower]: 1005.0s  climb       위치 (  -9.67,  -122.08,   6.05)
[velocity_path_follower.py-9] [INFO] [1786904986.342684866] [velocity_path_follower]: waypoint 2366 / 5251 도달 (선 이탈 0.02 m)
[velocity_path_follower.py-9] [INFO] [1786904986.392692947] [velocity_path_follower]: waypoint 2367 / 5251 도달 (선 이탈 0.02 m)
[velocity_path_follower.py-9] [INFO] [1786904986.442794654] [velocity_path_follower]: waypoint 2368 / 5251 도달 (선 이탈 0.02 m)
[velocity_path_follower.py-9] [INFO] [1786904986.492739817] [velocity_path_follower]: waypoint 2369 / 5251 도달 (선 이탈 0.02 m)
[velocity_path_follower.py-9] [INFO] [1786904986.542940819] [velocity_path_follower]: waypoint 2370 / 5251 도달 (선 이탈 0.02 m)
[velocity_path_follower.py-9] [INFO] [1786904986.592470473] [velocity_path_follower]: waypoint 2371 / 5251 도달 (선 이탈 0.02 m)
[velocity_path_follower.py-9] [INFO] [1786904986.642652474] [velocity_path_follower]: waypoint 2372 / 5251 도달 (선 이탈 0.02 m)
[velocity_path_follower.py-9] [INFO] [1786904986.692801516] [velocity_path_follower]: waypoint 2373 / 5251 도달 (선 이탈 0.02 m)
[velocity_path_follower.py-9] [INFO] [1786904986.742595717] [velocity_path_follower]: waypoint 2374 / 5251 도달 (선 이탈 0.02 m)
[velocity_path_follower.py-9] [INFO] [1786904987.292655269] [velocity_path_follower]: waypoint 2375 / 5251 도달 (선 이탈 0.02 m)
[velocity_path_follower.py-9] [INFO] [1786904987.942693353] [velocity_path_follower]: waypoint 2376 / 5251 도달 (선 이탈 0.01 m)
[velocity_path_follower.py-9] [INFO] [1786904988.550953140] [velocity_path_follower]: waypoint 2377 / 5251 도달 (선 이탈 0.01 m)
[velocity_path_follower.py-9] [INFO] [1786904988.599788072] [velocity_path_follower]: 1010.1s  wp 2378/5251 이탈0.0m  위치 ( -14.14,  -122.09,   8.10)
[velocity_path_follower.py-9] [INFO] [1786904989.150183079] [velocity_path_follower]: waypoint 2378 / 5251 도달 (선 이탈 0.01 m)
[velocity_path_follower.py-9] [INFO] [1786904989.649838488] [velocity_path_follower]: waypoint 2379 / 5251 도달 (선 이탈 0.01 m)
[velocity_path_follower.py-9] [INFO] [1786904990.150230244] [velocity_path_follower]: waypoint 2380 / 5251 도달 (선 이탈 0.00 m)
[velocity_path_follower.py-9] [INFO] [1786904990.650019442] [velocity_path_follower]: waypoint 2381 / 5251 도달 (선 이탈 0.00 m)
[velocity_path_follower.py-9] [INFO] [1786904991.099967564] [velocity_path_follower]: waypoint 2382 / 5251 도달 (선 이탈 0.00 m)
[velocity_path_follower.py-9] [INFO] [1786904991.549894849] [velocity_path_follower]: waypoint 2383 / 5251 도달 (선 이탈 0.00 m)
[velocity_path_follower.py-9] [INFO] [1786904991.999936552] [velocity_path_follower]: waypoint 2384 / 5251 도달 (선 이탈 0.00 m)
[velocity_path_follower.py-9] [INFO] [1786904992.449872832] [velocity_path_follower]: waypoint 2385 / 5251 도달 (선 이탈 0.01 m)
[velocity_path_follower.py-9] [INFO] [1786904992.849959830] [velocity_path_follower]: waypoint 2386 / 5251 도달 (선 이탈 0.01 m)
[velocity_path_follower.py-9] [INFO] [1786904993.300310698] [velocity_path_follower]: waypoint 2387 / 5251 도달 (선 이탈 0.01 m)
[velocity_path_follower.py-9] [INFO] [1786904993.549842824] [velocity_path_follower]: 1015.0s  wp 2388/5251 이탈0.0m  위치 ( -19.45,  -122.11,  10.59)
[velocity_path_follower.py-9] [INFO] [1786904993.699915724] [velocity_path_follower]: waypoint 2388 / 5251 도달 (선 이탈 0.01 m)
[velocity_path_follower.py-9] [INFO] [1786904994.099755878] [velocity_path_follower]: waypoint 2389 / 5251 도달 (선 이탈 0.01 m)
[velocity_path_follower.py-9] [INFO] [1786904994.499811741] [velocity_path_follower]: waypoint 2390 / 5251 도달 (선 이탈 0.01 m)
[velocity_path_follower.py-9] [INFO] [1786904994.899953898] [velocity_path_follower]: waypoint 2391 / 5251 도달 (선 이탈 0.01 m)
[velocity_path_follower.py-9] [INFO] [1786904995.299975717] [velocity_path_follower]: waypoint 2392 / 5251 도달 (선 이탈 0.01 m)
[velocity_path_follower.py-9] [INFO] [1786904995.699942408] [velocity_path_follower]: waypoint 2393 / 5251 도달 (선 이탈 0.01 m)
[velocity_path_follower.py-9] [INFO] [1786904996.099926640] [velocity_path_follower]: waypoint 2394 / 5251 도달 (선 이탈 0.01 m)
[velocity_path_follower.py-9] [INFO] [1786904996.449975295] [velocity_path_follower]: waypoint 2395 / 5251 도달 (선 이탈 0.01 m)
[velocity_path_follower.py-9] [INFO] [1786904996.849977316] [velocity_path_follower]: waypoint 2396 / 5251 도달 (선 이탈 0.01 m)
[velocity_path_follower.py-9] [INFO] [1786904997.252485134] [velocity_path_follower]: waypoint 2397 / 5251 도달 (선 이탈 0.01 m)
[velocity_path_follower.py-9] [INFO] [1786904997.602393283] [velocity_path_follower]: waypoint 2398 / 5251 도달 (선 이탈 0.01 m)
[velocity_path_follower.py-9] [INFO] [1786904997.952658772] [velocity_path_follower]: waypoint 2399 / 5251 도달 (선 이탈 0.00 m)
[velocity_path_follower.py-9] [INFO] [1786904998.352621535] [velocity_path_follower]: waypoint 2400 / 5251 도달 (선 이탈 0.00 m)
[velocity_path_follower.py-9] [INFO] [1786904998.552272784] [velocity_path_follower]: 1020.0s  wp 2401/5251 이탈0.0m  위치 ( -25.92,  -122.10,   9.06)
[velocity_path_follower.py-9] [INFO] [1786904998.702421803] [velocity_path_follower]: waypoint 2401 / 5251 도달 (선 이탈 0.00 m)
[velocity_path_follower.py-9] [INFO] [1786904999.102456940] [velocity_path_follower]: waypoint 2402 / 5251 도달 (선 이탈 0.00 m)
[velocity_path_follower.py-9] [INFO] [1786904999.452416708] [velocity_path_follower]: waypoint 2403 / 5251 도달 (선 이탈 0.00 m)
[velocity_path_follower.py-9] [INFO] [1786904999.802328474] [velocity_path_follower]: waypoint 2404 / 5251 도달 (선 이탈 0.00 m)
[velocity_path_follower.py-9] [INFO] [1786905000.152673165] [velocity_path_follower]: waypoint 2405 / 5251 도달 (선 이탈 0.00 m)
[velocity_path_follower.py-9] [INFO] [1786905000.552374164] [velocity_path_follower]: waypoint 2406 / 5251 도달 (선 이탈 0.00 m)
[velocity_path_follower.py-9] [INFO] [1786905000.903102027] [velocity_path_follower]: waypoint 2407 / 5251 도달 (선 이탈 0.00 m)
[velocity_path_follower.py-9] [INFO] [1786905001.252427567] [velocity_path_follower]: waypoint 2408 / 5251 도달 (선 이탈 0.00 m)
[velocity_path_follower.py-9] [INFO] [1786905001.652407485] [velocity_path_follower]: waypoint 2409 / 5251 도달 (선 이탈 0.00 m)
[velocity_path_follower.py-9] [INFO] [1786905002.002387829] [velocity_path_follower]: waypoint 2410 / 5251 도달 (선 이탈 0.00 m)
[velocity_path_follower.py-9] [INFO] [1786905002.353042433] [velocity_path_follower]: waypoint 2411 / 5251 도달 (선 이탈 0.00 m)
[velocity_path_follower.py-9] [INFO] [1786905002.702477680] [velocity_path_follower]: waypoint 2412 / 5251 도달 (선 이탈 0.00 m)
[velocity_path_follower.py-9] [INFO] [1786905003.052387602] [velocity_path_follower]: waypoint 2413 / 5251 도달 (선 이탈 0.00 m)
[velocity_path_follower.py-9] [INFO] [1786905003.402436732] [velocity_path_follower]: waypoint 2414 / 5251 도달 (선 이탈 0.00 m)
[velocity_path_follower.py-9] [INFO] [1786905003.552246403] [velocity_path_follower]: 1025.0s  wp 2415/5251 이탈0.0m  위치 ( -32.84,  -122.10,   8.48)
[velocity_path_follower.py-9] [INFO] [1786905003.752727326] [velocity_path_follower]: waypoint 2415 / 5251 도달 (선 이탈 0.00 m)
[velocity_path_follower.py-9] [INFO] [1786905004.102871665] [velocity_path_follower]: waypoint 2416 / 5251 도달 (선 이탈 0.00 m)
[velocity_path_follower.py-9] [INFO] [1786905004.452667454] [velocity_path_follower]: waypoint 2417 / 5251 도달 (선 이탈 0.00 m)
[velocity_path_follower.py-9] [INFO] [1786905004.852477189] [velocity_path_follower]: waypoint 2418 / 5251 도달 (선 이탈 0.00 m)
[velocity_path_follower.py-9] [INFO] [1786905005.152515576] [velocity_path_follower]: waypoint 2419 / 5251 도달 (선 이탈 0.00 m)
[velocity_path_follower.py-9] [INFO] [1786905005.552472352] [velocity_path_follower]: waypoint 2420 / 5251 도달 (선 이탈 0.00 m)
[velocity_path_follower.py-9] [INFO] [1786905005.902347472] [velocity_path_follower]: waypoint 2421 / 5251 도달 (선 이탈 0.00 m)
[velocity_path_follower.py-9] [INFO] [1786905006.202510358] [velocity_path_follower]: waypoint 2422 / 5251 도달 (선 이탈 0.00 m)
[velocity_path_follower.py-9] [INFO] [1786905006.602346128] [velocity_path_follower]: waypoint 2423 / 5251 도달 (선 이탈 0.00 m)
[velocity_path_follower.py-9] [INFO] [1786905008.552348360] [velocity_path_follower]: 1030.0s  wp 2424/5251 이탈1.1m  위치 ( -39.69,  -121.67,   7.98)
[velocity_path_follower.py-9] [INFO] [1786905013.552656325] [velocity_path_follower]: 1035.0s  climb       위치 ( -41.95,  -118.58,   6.08)
[velocity_path_follower.py-9] [INFO] [1786905014.452429316] [velocity_path_follower]: waypoint 2424 / 5251 도달 (선 이탈 3.50 m)
[velocity_path_follower.py-9] [INFO] [1786905018.552307367] [velocity_path_follower]: 1040.0s  wp 2426/5251 이탈0.7m  위치 ( -40.55,  -117.36,   7.48)
[velocity_path_follower.py-9] [INFO] [1786905019.757643518] [velocity_path_follower]: waypoint 2426 / 5251 도달 (선 이탈 0.67 m)
[velocity_path_follower.py-9] [INFO] [1786905020.256885768] [velocity_path_follower]: waypoint 2427 / 5251 도달 (선 이탈 0.60 m)
[velocity_path_follower.py-9] [INFO] [1786905020.806969763] [velocity_path_follower]: waypoint 2428 / 5251 도달 (선 이탈 0.52 m)
[velocity_path_follower.py-9] [INFO] [1786905021.307097608] [velocity_path_follower]: waypoint 2429 / 5251 도달 (선 이탈 0.42 m)
[velocity_path_follower.py-9] [INFO] [1786905021.806851486] [velocity_path_follower]: waypoint 2430 / 5251 도달 (선 이탈 0.33 m)
[velocity_path_follower.py-9] [INFO] [1786905022.256911971] [velocity_path_follower]: waypoint 2431 / 5251 도달 (선 이탈 0.24 m)
[velocity_path_follower.py-9] [INFO] [1786905022.707102624] [velocity_path_follower]: waypoint 2432 / 5251 도달 (선 이탈 0.14 m)
[velocity_path_follower.py-9] [INFO] [1786905023.159687946] [velocity_path_follower]: waypoint 2433 / 5251 도달 (선 이탈 0.05 m)
[velocity_path_follower.py-9] [INFO] [1786905023.559362564] [velocity_path_follower]: 1045.0s  wp 2434/5251 이탈0.0m  위치 ( -35.63,  -118.12,   6.70)
[velocity_path_follower.py-9] [INFO] [1786905023.609494795] [velocity_path_follower]: waypoint 2434 / 5251 도달 (선 이탈 0.03 m)
[velocity_path_follower.py-9] [INFO] [1786905024.059687401] [velocity_path_follower]: waypoint 2435 / 5251 도달 (선 이탈 0.11 m)
[velocity_path_follower.py-9] [INFO] [1786905024.459408640] [velocity_path_follower]: waypoint 2436 / 5251 도달 (선 이탈 0.17 m)
[velocity_path_follower.py-9] [INFO] [1786905024.859727100] [velocity_path_follower]: waypoint 2437 / 5251 도달 (선 이탈 0.23 m)
[velocity_path_follower.py-9] [INFO] [1786905025.259503963] [velocity_path_follower]: waypoint 2438 / 5251 도달 (선 이탈 0.27 m)
[velocity_path_follower.py-9] [INFO] [1786905025.659657623] [velocity_path_follower]: waypoint 2439 / 5251 도달 (선 이탈 0.31 m)
[velocity_path_follower.py-9] [INFO] [1786905026.059409776] [velocity_path_follower]: waypoint 2440 / 5251 도달 (선 이탈 0.34 m)
[velocity_path_follower.py-9] [INFO] [1786905026.459643726] [velocity_path_follower]: waypoint 2441 / 5251 도달 (선 이탈 0.36 m)
[velocity_path_follower.py-9] [INFO] [1786905026.859455293] [velocity_path_follower]: waypoint 2442 / 5251 도달 (선 이탈 0.37 m)
[velocity_path_follower.py-9] [INFO] [1786905027.259459736] [velocity_path_follower]: waypoint 2443 / 5251 도달 (선 이탈 0.37 m)
[velocity_path_follower.py-9] [INFO] [1786905027.609569244] [velocity_path_follower]: waypoint 2444 / 5251 도달 (선 이탈 0.36 m)
[velocity_path_follower.py-9] [INFO] [1786905028.009602937] [velocity_path_follower]: waypoint 2445 / 5251 도달 (선 이탈 0.35 m)
[velocity_path_follower.py-9] [INFO] [1786905028.409435746] [velocity_path_follower]: waypoint 2446 / 5251 도달 (선 이탈 0.33 m)
[velocity_path_follower.py-9] [INFO] [1786905028.559458968] [velocity_path_follower]: 1050.0s  wp 2447/5251 이탈0.3m  위치 ( -29.34,  -118.42,   9.55)
[velocity_path_follower.py-9] [INFO] [1786905028.759821090] [velocity_path_follower]: waypoint 2447 / 5251 도달 (선 이탈 0.30 m)
[velocity_path_follower.py-9] [INFO] [1786905029.159754567] [velocity_path_follower]: waypoint 2448 / 5251 도달 (선 이탈 0.27 m)
[velocity_path_follower.py-9] [INFO] [1786905029.509733358] [velocity_path_follower]: waypoint 2449 / 5251 도달 (선 이탈 0.24 m)
[velocity_path_follower.py-9] [INFO] [1786905029.909642999] [velocity_path_follower]: waypoint 2450 / 5251 도달 (선 이탈 0.20 m)
[velocity_path_follower.py-9] [INFO] [1786905030.259630121] [velocity_path_follower]: waypoint 2451 / 5251 도달 (선 이탈 0.17 m)
[velocity_path_follower.py-9] [INFO] [1786905030.659494882] [velocity_path_follower]: waypoint 2452 / 5251 도달 (선 이탈 0.13 m)
[velocity_path_follower.py-9] [INFO] [1786905031.009735800] [velocity_path_follower]: waypoint 2453 / 5251 도달 (선 이탈 0.09 m)
[velocity_path_follower.py-9] [INFO] [1786905031.359520247] [velocity_path_follower]: waypoint 2454 / 5251 도달 (선 이탈 0.05 m)
[velocity_path_follower.py-9] [INFO] [1786905031.759683385] [velocity_path_follower]: waypoint 2455 / 5251 도달 (선 이탈 0.01 m)
[velocity_path_follower.py-9] [INFO] [1786905032.109623543] [velocity_path_follower]: waypoint 2456 / 5251 도달 (선 이탈 0.02 m)
[velocity_path_follower.py-9] [INFO] [1786905032.459573865] [velocity_path_follower]: waypoint 2457 / 5251 도달 (선 이탈 0.05 m)
[velocity_path_follower.py-9] [INFO] [1786905032.809515812] [velocity_path_follower]: waypoint 2458 / 5251 도달 (선 이탈 0.08 m)
[velocity_path_follower.py-9] [INFO] [1786905033.159593968] [velocity_path_follower]: waypoint 2459 / 5251 도달 (선 이탈 0.11 m)
[velocity_path_follower.py-9] [INFO] [1786905033.559769183] [velocity_path_follower]: waypoint 2460 / 5251 도달 (선 이탈 0.14 m)
[velocity_path_follower.py-9] [INFO] [1786905033.609462276] [velocity_path_follower]: 1055.1s  wp 2461/5251 이탈0.1m  위치 ( -22.45,  -117.96,   9.99)
[velocity_path_follower.py-9] [INFO] [1786905033.909762294] [velocity_path_follower]: waypoint 2461 / 5251 도달 (선 이탈 0.15 m)
[velocity_path_follower.py-9] [INFO] [1786905034.261644107] [velocity_path_follower]: waypoint 2462 / 5251 도달 (선 이탈 0.17 m)
[velocity_path_follower.py-9] [INFO] [1786905034.611566838] [velocity_path_follower]: waypoint 2463 / 5251 도달 (선 이탈 0.18 m)
[velocity_path_follower.py-9] [INFO] [1786905034.961744033] [velocity_path_follower]: waypoint 2464 / 5251 도달 (선 이탈 0.19 m)
[velocity_path_follower.py-9] [INFO] [1786905035.361488857] [velocity_path_follower]: waypoint 2465 / 5251 도달 (선 이탈 0.19 m)
[velocity_path_follower.py-9] [INFO] [1786905035.661739494] [velocity_path_follower]: waypoint 2466 / 5251 도달 (선 이탈 0.20 m)
[velocity_path_follower.py-9] [INFO] [1786905036.011773141] [velocity_path_follower]: waypoint 2467 / 5251 도달 (선 이탈 0.19 m)
[velocity_path_follower.py-9] [INFO] [1786905036.411519169] [velocity_path_follower]: waypoint 2468 / 5251 도달 (선 이탈 0.19 m)
[velocity_path_follower.py-9] [INFO] [1786905036.761642231] [velocity_path_follower]: waypoint 2469 / 5251 도달 (선 이탈 0.18 m)
[velocity_path_follower.py-9] [INFO] [1786905037.111505163] [velocity_path_follower]: waypoint 2470 / 5251 도달 (선 이탈 0.17 m)
[velocity_path_follower.py-9] [INFO] [1786905037.461692932] [velocity_path_follower]: waypoint 2471 / 5251 도달 (선 이탈 0.15 m)
[velocity_path_follower.py-9] [INFO] [1786905037.811559694] [velocity_path_follower]: waypoint 2472 / 5251 도달 (선 이탈 0.14 m)
[velocity_path_follower.py-9] [INFO] [1786905038.162683980] [velocity_path_follower]: waypoint 2473 / 5251 도달 (선 이탈 0.12 m)
[velocity_path_follower.py-9] [INFO] [1786905038.511637555] [velocity_path_follower]: waypoint 2474 / 5251 도달 (선 이탈 0.10 m)
[velocity_path_follower.py-9] [INFO] [1786905038.561478107] [velocity_path_follower]: 1060.0s  wp 2475/5251 이탈0.1m  위치 ( -15.50,  -118.00,   8.62)
[velocity_path_follower.py-9] [INFO] [1786905038.861670484] [velocity_path_follower]: waypoint 2475 / 5251 도달 (선 이탈 0.08 m)
[velocity_path_follower.py-9] [INFO] [1786905039.211692786] [velocity_path_follower]: waypoint 2476 / 5251 도달 (선 이탈 0.06 m)
[velocity_path_follower.py-9] [INFO] [1786905039.564518225] [velocity_path_follower]: waypoint 2477 / 5251 도달 (선 이탈 0.04 m)
[velocity_path_follower.py-9] [INFO] [1786905039.919365744] [velocity_path_follower]: waypoint 2478 / 5251 도달 (선 이탈 0.02 m)
[velocity_path_follower.py-9] [INFO] [1786905040.271518667] [velocity_path_follower]: waypoint 2479 / 5251 도달 (선 이탈 0.01 m)
[velocity_path_follower.py-9] [INFO] [1786905040.627355078] [velocity_path_follower]: waypoint 2480 / 5251 도달 (선 이탈 0.01 m)
[velocity_path_follower.py-9] [INFO] [1786905040.977337499] [velocity_path_follower]: waypoint 2481 / 5251 도달 (선 이탈 0.03 m)
[velocity_path_follower.py-9] [INFO] [1786905041.327461213] [velocity_path_follower]: waypoint 2482 / 5251 도달 (선 이탈 0.04 m)
[velocity_path_follower.py-9] [INFO] [1786905041.677408214] [velocity_path_follower]: waypoint 2483 / 5251 도달 (선 이탈 0.06 m)
[velocity_path_follower.py-9] [INFO] [1786905042.027350756] [velocity_path_follower]: waypoint 2484 / 5251 도달 (선 이탈 0.07 m)
[velocity_path_follower.py-9] [INFO] [1786905042.377444341] [velocity_path_follower]: waypoint 2485 / 5251 도달 (선 이탈 0.08 m)
[velocity_path_follower.py-9] [INFO] [1786905042.729661174] [velocity_path_follower]: waypoint 2486 / 5251 도달 (선 이탈 0.09 m)
[velocity_path_follower.py-9] [INFO] [1786905043.079616963] [velocity_path_follower]: waypoint 2487 / 5251 도달 (선 이탈 0.09 m)
[velocity_path_follower.py-9] [INFO] [1786905043.429656502] [velocity_path_follower]: waypoint 2488 / 5251 도달 (선 이탈 0.10 m)
[velocity_path_follower.py-9] [INFO] [1786905043.579447865] [velocity_path_follower]: 1065.0s  wp 2489/5251 이탈0.1m  위치 (  -8.36,  -118.20,   8.05)
[velocity_path_follower.py-9] [INFO] [1786905043.787019140] [velocity_path_follower]: waypoint 2489 / 5251 도달 (선 이탈 0.10 m)
[velocity_path_follower.py-9] [INFO] [1786905044.136967217] [velocity_path_follower]: waypoint 2490 / 5251 도달 (선 이탈 0.10 m)
[velocity_path_follower.py-9] [INFO] [1786905044.491759052] [velocity_path_follower]: waypoint 2491 / 5251 도달 (선 이탈 0.10 m)
[velocity_path_follower.py-9] [INFO] [1786905044.843411577] [velocity_path_follower]: waypoint 2492 / 5251 도달 (선 이탈 0.10 m)
[velocity_path_follower.py-9] [INFO] [1786905045.195575735] [velocity_path_follower]: waypoint 2493 / 5251 도달 (선 이탈 0.09 m)
[velocity_path_follower.py-9] [INFO] [1786905045.545805062] [velocity_path_follower]: waypoint 2494 / 5251 도달 (선 이탈 0.09 m)
[velocity_path_follower.py-9] [INFO] [1786905045.899656918] [velocity_path_follower]: waypoint 2495 / 5251 도달 (선 이탈 0.08 m)
[velocity_path_follower.py-9] [INFO] [1786905046.253778318] [velocity_path_follower]: waypoint 2496 / 5251 도달 (선 이탈 0.07 m)
[velocity_path_follower.py-9] [INFO] [1786905046.605661174] [velocity_path_follower]: waypoint 2497 / 5251 도달 (선 이탈 0.06 m)
[velocity_path_follower.py-9] [INFO] [1786905048.605634634] [velocity_path_follower]: 1070.0s  climb       위치 (  -1.57,  -118.12,   6.37)
[velocity_path_follower.py-9] [INFO] [1786905048.905517394] [velocity_path_follower]: waypoint 2498 / 5251 도달 (선 이탈 0.01 m)
[velocity_path_follower.py-9] [INFO] [1786905048.955429318] [velocity_path_follower]: waypoint 2499 / 5251 도달 (선 이탈 0.01 m)
[velocity_path_follower.py-9] [INFO] [1786905049.005806001] [velocity_path_follower]: waypoint 2500 / 5251 도달 (선 이탈 0.01 m)
[velocity_path_follower.py-9] [INFO] [1786905049.055469003] [velocity_path_follower]: waypoint 2501 / 5251 도달 (선 이탈 0.01 m)
[velocity_path_follower.py-9] [INFO] [1786905049.105671266] [velocity_path_follower]: waypoint 2502 / 5251 도달 (선 이탈 0.01 m)
[velocity_path_follower.py-9] [INFO] [1786905049.155560189] [velocity_path_follower]: waypoint 2503 / 5251 도달 (선 이탈 0.01 m)
[velocity_path_follower.py-9] [INFO] [1786905049.705696869] [velocity_path_follower]: waypoint 2504 / 5251 도달 (선 이탈 0.00 m)
[velocity_path_follower.py-9] [INFO] [1786905050.205727203] [velocity_path_follower]: waypoint 2505 / 5251 도달 (선 이탈 0.01 m)
[velocity_path_follower.py-9] [INFO] [1786905050.706861890] [velocity_path_follower]: waypoint 2506 / 5251 도달 (선 이탈 0.02 m)
[velocity_path_follower.py-9] [INFO] [1786905051.207923740] [velocity_path_follower]: waypoint 2507 / 5251 도달 (선 이탈 0.02 m)
[velocity_path_follower.py-9] [INFO] [1786905051.707826148] [velocity_path_follower]: waypoint 2508 / 5251 도달 (선 이탈 0.03 m)
[velocity_path_follower.py-9] [INFO] [1786905052.157979676] [velocity_path_follower]: waypoint 2509 / 5251 도달 (선 이탈 0.03 m)
[velocity_path_follower.py-9] [INFO] [1786905052.607996408] [velocity_path_follower]: waypoint 2510 / 5251 도달 (선 이탈 0.03 m)
[velocity_path_follower.py-9] [INFO] [1786905053.007745919] [velocity_path_follower]: waypoint 2511 / 5251 도달 (선 이탈 0.03 m)
[velocity_path_follower.py-9] [INFO] [1786905053.460500784] [velocity_path_follower]: waypoint 2512 / 5251 도달 (선 이탈 0.03 m)
[velocity_path_follower.py-9] [INFO] [1786905053.610849394] [velocity_path_follower]: 1075.0s  wp 2513/5251 이탈0.0m  위치 (   3.61,  -118.07,  10.03)
[velocity_path_follower.py-9] [INFO] [1786905053.910639680] [velocity_path_follower]: waypoint 2513 / 5251 도달 (선 이탈 0.03 m)
[velocity_path_follower.py-9] [INFO] [1786905054.260640392] [velocity_path_follower]: waypoint 2514 / 5251 도달 (선 이탈 0.03 m)
[velocity_path_follower.py-9] [INFO] [1786905054.710495404] [velocity_path_follower]: waypoint 2515 / 5251 도달 (선 이탈 0.03 m)
[velocity_path_follower.py-9] [INFO] [1786905055.110616415] [velocity_path_follower]: waypoint 2516 / 5251 도달 (선 이탈 0.03 m)
[velocity_path_follower.py-9] [INFO] [1786905055.512634459] [velocity_path_follower]: waypoint 2517 / 5251 도달 (선 이탈 0.02 m)
[velocity_path_follower.py-9] [INFO] [1786905055.912498003] [velocity_path_follower]: waypoint 2518 / 5251 도달 (선 이탈 0.02 m)
[velocity_path_follower.py-9] [INFO] [1786905056.314925511] [velocity_path_follower]: waypoint 2519 / 5251 도달 (선 이탈 0.02 m)
[velocity_path_follower.py-9] [INFO] [1786905056.664802713] [velocity_path_follower]: waypoint 2520 / 5251 도달 (선 이탈 0.01 m)
[velocity_path_follower.py-9] [INFO] [1786905057.064829506] [velocity_path_follower]: waypoint 2521 / 5251 도달 (선 이탈 0.01 m)
[velocity_path_follower.py-9] [INFO] [1786905057.414984586] [velocity_path_follower]: waypoint 2522 / 5251 도달 (선 이탈 0.01 m)
[velocity_path_follower.py-9] [INFO] [1786905057.815014209] [velocity_path_follower]: waypoint 2523 / 5251 도달 (선 이탈 0.00 m)
[velocity_path_follower.py-9] [INFO] [1786905058.214923037] [velocity_path_follower]: waypoint 2524 / 5251 도달 (선 이탈 0.00 m)
[velocity_path_follower.py-9] [INFO] [1786905058.564979153] [velocity_path_follower]: waypoint 2525 / 5251 도달 (선 이탈 0.00 m)
[velocity_path_follower.py-9] [INFO] [1786905058.614689569] [velocity_path_follower]: 1080.0s  wp 2526/5251 이탈0.0m  위치 (  10.00,  -118.10,  10.64)
[velocity_path_follower.py-9] [INFO] [1786905058.916874680] [velocity_path_follower]: waypoint 2526 / 5251 도달 (선 이탈 0.01 m)
[velocity_path_follower.py-9] [INFO] [1786905059.317137593] [velocity_path_follower]: waypoint 2527 / 5251 도달 (선 이탈 0.01 m)
[velocity_path_follower.py-9] [INFO] [1786905059.666846491] [velocity_path_follower]: waypoint 2528 / 5251 도달 (선 이탈 0.01 m)
[velocity_path_follower.py-9] [INFO] [1786905060.066788480] [velocity_path_follower]: waypoint 2529 / 5251 도달 (선 이탈 0.01 m)
[velocity_path_follower.py-9] [INFO] [1786905060.420034693] [velocity_path_follower]: waypoint 2530 / 5251 도달 (선 이탈 0.01 m)
[velocity_path_follower.py-9] [INFO] [1786905060.769968134] [velocity_path_follower]: waypoint 2531 / 5251 도달 (선 이탈 0.02 m)
[velocity_path_follower.py-9] [INFO] [1786905061.119859323] [velocity_path_follower]: waypoint 2532 / 5251 도달 (선 이탈 0.02 m)
[velocity_path_follower.py-9] [INFO] [1786905061.473022739] [velocity_path_follower]: waypoint 2533 / 5251 도달 (선 이탈 0.02 m)
[velocity_path_follower.py-9] [INFO] [1786905061.874621212] [velocity_path_follower]: waypoint 2534 / 5251 도달 (선 이탈 0.02 m)
[velocity_path_follower.py-9] [INFO] [1786905062.224679067] [velocity_path_follower]: waypoint 2535 / 5251 도달 (선 이탈 0.02 m)
[velocity_path_follower.py-9] [INFO] [1786905062.574787505] [velocity_path_follower]: waypoint 2536 / 5251 도달 (선 이탈 0.02 m)
[velocity_path_follower.py-9] [INFO] [1786905062.924606021] [velocity_path_follower]: waypoint 2537 / 5251 도달 (선 이탈 0.01 m)
[velocity_path_follower.py-9] [INFO] [1786905063.326437408] [velocity_path_follower]: waypoint 2538 / 5251 도달 (선 이탈 0.01 m)
[velocity_path_follower.py-9] [INFO] [1786905063.628622839] [velocity_path_follower]: 1085.0s  wp 2539/5251 이탈0.0m  위치 (  16.89,  -118.11,   8.59)
[velocity_path_follower.py-9] [INFO] [1786905063.678673968] [velocity_path_follower]: waypoint 2539 / 5251 도달 (선 이탈 0.01 m)
[velocity_path_follower.py-9] [INFO] [1786905064.030462851] [velocity_path_follower]: waypoint 2540 / 5251 도달 (선 이탈 0.01 m)
[velocity_path_follower.py-9] [INFO] [1786905064.380503532] [velocity_path_follower]: waypoint 2541 / 5251 도달 (선 이탈 0.01 m)
[velocity_path_follower.py-9] [INFO] [1786905064.730511378] [velocity_path_follower]: waypoint 2542 / 5251 도달 (선 이탈 0.01 m)
[velocity_path_follower.py-9] [INFO] [1786905065.080675685] [velocity_path_follower]: waypoint 2543 / 5251 도달 (선 이탈 0.01 m)
[velocity_path_follower.py-9] [INFO] [1786905065.430461233] [velocity_path_follower]: waypoint 2544 / 5251 도달 (선 이탈 0.00 m)
[velocity_path_follower.py-9] [INFO] [1786905065.780477743] [velocity_path_follower]: waypoint 2545 / 5251 도달 (선 이탈 0.00 m)
[velocity_path_follower.py-9] [INFO] [1786905066.130815759] [velocity_path_follower]: waypoint 2546 / 5251 도달 (선 이탈 0.00 m)
[velocity_path_follower.py-9] [INFO] [1786905066.480709555] [velocity_path_follower]: waypoint 2547 / 5251 도달 (선 이탈 0.00 m)
[velocity_path_follower.py-9] [INFO] [1786905066.830737021] [velocity_path_follower]: waypoint 2548 / 5251 도달 (선 이탈 0.00 m)
[velocity_path_follower.py-9] [INFO] [1786905067.230825153] [velocity_path_follower]: waypoint 2549 / 5251 도달 (선 이탈 0.00 m)
[velocity_path_follower.py-9] [INFO] [1786905067.530701946] [velocity_path_follower]: waypoint 2550 / 5251 도달 (선 이탈 0.01 m)
[velocity_path_follower.py-9] [INFO] [1786905067.930520947] [velocity_path_follower]: waypoint 2551 / 5251 도달 (선 이탈 0.01 m)
[velocity_path_follower.py-9] [INFO] [1786905068.232769075] [velocity_path_follower]: waypoint 2552 / 5251 도달 (선 이탈 0.01 m)
[velocity_path_follower.py-9] [INFO] [1786905068.634835532] [velocity_path_follower]: waypoint 2553 / 5251 도달 (선 이탈 0.01 m)
[velocity_path_follower.py-9] [INFO] [1786905068.684719363] [velocity_path_follower]: 1090.1s  wp 2554/5251 이탈0.0m  위치 (  24.03,  -118.09,  10.89)
[velocity_path_follower.py-9] [INFO] [1786905068.935043953] [velocity_path_follower]: waypoint 2554 / 5251 도달 (선 이탈 0.01 m)
[velocity_path_follower.py-9] [INFO] [1786905069.334834155] [velocity_path_follower]: waypoint 2555 / 5251 도달 (선 이탈 0.01 m)
[velocity_path_follower.py-9] [INFO] [1786905069.638382430] [velocity_path_follower]: waypoint 2556 / 5251 도달 (선 이탈 0.01 m)
[velocity_path_follower.py-9] [INFO] [1786905069.992883889] [velocity_path_follower]: waypoint 2557 / 5251 도달 (선 이탈 0.01 m)
[velocity_path_follower.py-9] [INFO] [1786905070.343804693] [velocity_path_follower]: waypoint 2558 / 5251 도달 (선 이탈 0.01 m)
[velocity_path_follower.py-9] [INFO] [1786905070.746005312] [velocity_path_follower]: waypoint 2559 / 5251 도달 (선 이탈 0.01 m)
[velocity_path_follower.py-9] [INFO] [1786905071.046029683] [velocity_path_follower]: waypoint 2560 / 5251 도달 (선 이탈 0.01 m)
[velocity_path_follower.py-9] [INFO] [1786905071.445909379] [velocity_path_follower]: waypoint 2561 / 5251 도달 (선 이탈 0.01 m)
[velocity_path_follower.py-9] [INFO] [1786905071.748201374] [velocity_path_follower]: waypoint 2562 / 5251 도달 (선 이탈 0.01 m)
[velocity_path_follower.py-9] [INFO] [1786905072.098093030] [velocity_path_follower]: waypoint 2563 / 5251 도달 (선 이탈 0.01 m)
[velocity_path_follower.py-9] [INFO] [1786905072.448032517] [velocity_path_follower]: waypoint 2564 / 5251 도달 (선 이탈 0.01 m)
[velocity_path_follower.py-9] [INFO] [1786905072.798104507] [velocity_path_follower]: waypoint 2565 / 5251 도달 (선 이탈 0.01 m)
[velocity_path_follower.py-9] [INFO] [1786905073.148055952] [velocity_path_follower]: waypoint 2566 / 5251 도달 (선 이탈 0.00 m)
[velocity_path_follower.py-9] [INFO] [1786905073.498079479] [velocity_path_follower]: waypoint 2567 / 5251 도달 (선 이탈 0.00 m)
[velocity_path_follower.py-9] [INFO] [1786905073.650513936] [velocity_path_follower]: 1095.0s  wp 2568/5251 이탈0.0m  위치 (  31.14,  -118.10,  11.92)
[velocity_path_follower.py-9] [INFO] [1786905073.850758308] [velocity_path_follower]: waypoint 2568 / 5251 도달 (선 이탈 0.00 m)
[velocity_path_follower.py-9] [INFO] [1786905074.200483953] [velocity_path_follower]: waypoint 2569 / 5251 도달 (선 이탈 0.00 m)
[velocity_path_follower.py-9] [INFO] [1786905074.550800567] [velocity_path_follower]: waypoint 2570 / 5251 도달 (선 이탈 0.00 m)
[velocity_path_follower.py-9] [INFO] [1786905074.900494752] [velocity_path_follower]: waypoint 2571 / 5251 도달 (선 이탈 0.00 m)
[velocity_path_follower.py-9] [INFO] [1786905075.253158950] [velocity_path_follower]: waypoint 2572 / 5251 도달 (선 이탈 0.00 m)
[velocity_path_follower.py-9] [INFO] [1786905075.602744380] [velocity_path_follower]: waypoint 2573 / 5251 도달 (선 이탈 0.00 m)
[velocity_path_follower.py-9] [INFO] [1786905075.952687483] [velocity_path_follower]: waypoint 2574 / 5251 도달 (선 이탈 0.00 m)
[velocity_path_follower.py-9] [INFO] [1786905076.302748794] [velocity_path_follower]: waypoint 2575 / 5251 도달 (선 이탈 0.00 m)
[velocity_path_follower.py-9] [INFO] [1786905076.652726812] [velocity_path_follower]: waypoint 2576 / 5251 도달 (선 이탈 0.00 m)
[velocity_path_follower.py-9] [INFO] [1786905077.002651704] [velocity_path_follower]: waypoint 2577 / 5251 도달 (선 이탈 0.00 m)
[velocity_path_follower.py-9] [INFO] [1786905077.353415900] [velocity_path_follower]: waypoint 2578 / 5251 도달 (선 이탈 0.00 m)
[velocity_path_follower.py-9] [INFO] [1786905077.702749903] [velocity_path_follower]: waypoint 2579 / 5251 도달 (선 이탈 0.00 m)
[velocity_path_follower.py-9] [INFO] [1786905078.052740376] [velocity_path_follower]: waypoint 2580 / 5251 도달 (선 이탈 0.00 m)
[velocity_path_follower.py-9] [INFO] [1786905078.352883561] [velocity_path_follower]: waypoint 2581 / 5251 도달 (선 이탈 0.00 m)
[velocity_path_follower.py-9] [INFO] [1786905078.652479112] [velocity_path_follower]: 1100.0s  wp 2582/5251 이탈0.0m  위치 (  38.33,  -118.10,  12.21)
[velocity_path_follower.py-9] [INFO] [1786905078.702930325] [velocity_path_follower]: waypoint 2582 / 5251 도달 (선 이탈 0.00 m)
[velocity_path_follower.py-9] [INFO] [1786905079.052884210] [velocity_path_follower]: waypoint 2583 / 5251 도달 (선 이탈 0.00 m)
[velocity_path_follower.py-9] [INFO] [1786905079.402803593] [velocity_path_follower]: waypoint 2584 / 5251 도달 (선 이탈 0.00 m)
[velocity_path_follower.py-9] [INFO] [1786905079.752852853] [velocity_path_follower]: waypoint 2585 / 5251 도달 (선 이탈 0.00 m)
[velocity_path_follower.py-9] [INFO] [1786905080.102867612] [velocity_path_follower]: waypoint 2586 / 5251 도달 (선 이탈 0.00 m)
[velocity_path_follower.py-9] [INFO] [1786905080.452925911] [velocity_path_follower]: waypoint 2587 / 5251 도달 (선 이탈 0.00 m)
[velocity_path_follower.py-9] [INFO] [1786905080.802868499] [velocity_path_follower]: waypoint 2588 / 5251 도달 (선 이탈 0.00 m)
[velocity_path_follower.py-9] [INFO] [1786905081.152729585] [velocity_path_follower]: waypoint 2589 / 5251 도달 (선 이탈 0.00 m)
[velocity_path_follower.py-9] [INFO] [1786905081.502853173] [velocity_path_follower]: waypoint 2590 / 5251 도달 (선 이탈 0.00 m)
[velocity_path_follower.py-9] [INFO] [1786905081.852802092] [velocity_path_follower]: waypoint 2591 / 5251 도달 (선 이탈 0.00 m)
[velocity_path_follower.py-9] [INFO] [1786905082.202737426] [velocity_path_follower]: waypoint 2592 / 5251 도달 (선 이탈 0.00 m)
[velocity_path_follower.py-9] [INFO] [1786905082.552867262] [velocity_path_follower]: waypoint 2593 / 5251 도달 (선 이탈 0.00 m)
[velocity_path_follower.py-9] [INFO] [1786905082.902737968] [velocity_path_follower]: waypoint 2594 / 5251 도달 (선 이탈 0.00 m)
[velocity_path_follower.py-9] [INFO] [1786905083.252899511] [velocity_path_follower]: waypoint 2595 / 5251 도달 (선 이탈 0.00 m)
[velocity_path_follower.py-9] [INFO] [1786905083.602739297] [velocity_path_follower]: waypoint 2596 / 5251 도달 (선 이탈 0.00 m)
[velocity_path_follower.py-9] [INFO] [1786905083.652711165] [velocity_path_follower]: 1105.0s  wp 2597/5251 이탈0.0m  위치 (  45.54,  -118.10,  12.12)
[velocity_path_follower.py-9] [INFO] [1786905083.953044966] [velocity_path_follower]: waypoint 2597 / 5251 도달 (선 이탈 0.00 m)
[velocity_path_follower.py-9] [INFO] [1786905084.252893007] [velocity_path_follower]: waypoint 2598 / 5251 도달 (선 이탈 0.00 m)
[velocity_path_follower.py-9] [INFO] [1786905084.602927335] [velocity_path_follower]: waypoint 2599 / 5251 도달 (선 이탈 0.00 m)
[velocity_path_follower.py-9] [INFO] [1786905084.952726325] [velocity_path_follower]: waypoint 2600 / 5251 도달 (선 이탈 0.00 m)
[velocity_path_follower.py-9] [INFO] [1786905085.302716942] [velocity_path_follower]: waypoint 2601 / 5251 도달 (선 이탈 0.00 m)
[velocity_path_follower.py-9] [INFO] [1786905085.652691099] [velocity_path_follower]: waypoint 2602 / 5251 도달 (선 이탈 0.00 m)
[velocity_path_follower.py-9] [INFO] [1786905086.002762259] [velocity_path_follower]: waypoint 2603 / 5251 도달 (선 이탈 0.00 m)
[velocity_path_follower.py-9] [INFO] [1786905086.352787706] [velocity_path_follower]: waypoint 2604 / 5251 도달 (선 이탈 0.00 m)
[velocity_path_follower.py-9] [INFO] [1786905086.702907655] [velocity_path_follower]: waypoint 2605 / 5251 도달 (선 이탈 0.00 m)
[velocity_path_follower.py-9] [INFO] [1786905087.052809183] [velocity_path_follower]: waypoint 2606 / 5251 도달 (선 이탈 0.00 m)
[velocity_path_follower.py-9] [INFO] [1786905087.402801876] [velocity_path_follower]: waypoint 2607 / 5251 도달 (선 이탈 0.00 m)
[velocity_path_follower.py-9] [INFO] [1786905087.752668817] [velocity_path_follower]: waypoint 2608 / 5251 도달 (선 이탈 0.00 m)
[velocity_path_follower.py-9] [INFO] [1786905088.102655802] [velocity_path_follower]: waypoint 2609 / 5251 도달 (선 이탈 0.00 m)
[velocity_path_follower.py-9] [INFO] [1786905088.452704410] [velocity_path_follower]: waypoint 2610 / 5251 도달 (선 이탈 0.00 m)
[velocity_path_follower.py-9] [INFO] [1786905088.652640625] [velocity_path_follower]: 1110.0s  wp 2611/5251 이탈0.0m  위치 (  52.75,  -118.10,  11.96)
[velocity_path_follower.py-9] [INFO] [1786905088.802743685] [velocity_path_follower]: waypoint 2611 / 5251 도달 (선 이탈 0.00 m)
[velocity_path_follower.py-9] [INFO] [1786905089.152918336] [velocity_path_follower]: waypoint 2612 / 5251 도달 (선 이탈 0.00 m)
[velocity_path_follower.py-9] [INFO] [1786905089.452728488] [velocity_path_follower]: waypoint 2613 / 5251 도달 (선 이탈 0.00 m)
[velocity_path_follower.py-9] [INFO] [1786905089.852747750] [velocity_path_follower]: waypoint 2614 / 5251 도달 (선 이탈 0.00 m)
[velocity_path_follower.py-9] [INFO] [1786905090.152848656] [velocity_path_follower]: waypoint 2615 / 5251 도달 (선 이탈 0.00 m)
[velocity_path_follower.py-9] [INFO] [1786905090.502650920] [velocity_path_follower]: waypoint 2616 / 5251 도달 (선 이탈 0.00 m)
[velocity_path_follower.py-9] [INFO] [1786905090.852808192] [velocity_path_follower]: waypoint 2617 / 5251 도달 (선 이탈 0.00 m)
[velocity_path_follower.py-9] [INFO] [1786905091.202742790] [velocity_path_follower]: waypoint 2618 / 5251 도달 (선 이탈 0.00 m)
[velocity_path_follower.py-9] [INFO] [1786905091.552800390] [velocity_path_follower]: waypoint 2619 / 5251 도달 (선 이탈 0.00 m)
[velocity_path_follower.py-9] [INFO] [1786905091.902958158] [velocity_path_follower]: waypoint 2620 / 5251 도달 (선 이탈 0.00 m)
[velocity_path_follower.py-9] [INFO] [1786905092.253129425] [velocity_path_follower]: waypoint 2621 / 5251 도달 (선 이탈 0.00 m)
[velocity_path_follower.py-9] [INFO] [1786905092.602785389] [velocity_path_follower]: waypoint 2622 / 5251 도달 (선 이탈 0.00 m)
[velocity_path_follower.py-9] [INFO] [1786905092.952878112] [velocity_path_follower]: waypoint 2623 / 5251 도달 (선 이탈 0.00 m)
[velocity_path_follower.py-9] [INFO] [1786905093.302815329] [velocity_path_follower]: waypoint 2624 / 5251 도달 (선 이탈 0.00 m)
[velocity_path_follower.py-9] [INFO] [1786905093.652864339] [velocity_path_follower]: waypoint 2625 / 5251 도달 (선 이탈 0.00 m)
[velocity_path_follower.py-9] [INFO] [1786905093.702623574] [velocity_path_follower]: 1115.1s  wp 2626/5251 이탈1.4m  위치 (  60.02,  -118.10,   9.79)
[velocity_path_follower.py-9] [INFO] [1786905098.652740672] [velocity_path_follower]: waypoint 2626 / 5251 도달 (선 이탈 2.89 m)
[velocity_path_follower.py-9] [INFO] [1786905098.752634353] [velocity_path_follower]: 1120.1s  wp 2628/5251 이탈1.4m  위치 (  64.31,  -115.52,   9.61)
[velocity_path_follower.py-9] [INFO] [1786905103.553024753] [velocity_path_follower]: waypoint 2628 / 5251 도달 (선 이탈 1.40 m)
[velocity_path_follower.py-9] [INFO] [1786905103.652502213] [velocity_path_follower]: 1125.0s  wp 2629/5251 이탈1.4m  위치 (  62.31,  -112.68,  10.69)
[velocity_path_follower.py-9] [INFO] [1786905104.202598886] [velocity_path_follower]: waypoint 2629 / 5251 도달 (선 이탈 1.48 m)
[velocity_path_follower.py-9] [INFO] [1786905104.802665248] [velocity_path_follower]: waypoint 2630 / 5251 도달 (선 이탈 1.49 m)
[velocity_path_follower.py-9] [INFO] [1786905105.402738023] [velocity_path_follower]: waypoint 2631 / 5251 도달 (선 이탈 1.44 m)
[velocity_path_follower.py-9] [INFO] [1786905105.952683519] [velocity_path_follower]: waypoint 2632 / 5251 도달 (선 이탈 1.34 m)
[velocity_path_follower.py-9] [INFO] [1786905106.504098496] [velocity_path_follower]: waypoint 2633 / 5251 도달 (선 이탈 1.22 m)
[velocity_path_follower.py-9] [INFO] [1786905107.059272043] [velocity_path_follower]: waypoint 2634 / 5251 도달 (선 이탈 1.05 m)
[velocity_path_follower.py-9] [INFO] [1786905107.563502252] [velocity_path_follower]: waypoint 2635 / 5251 도달 (선 이탈 0.89 m)
[velocity_path_follower.py-9] [INFO] [1786905108.062814575] [velocity_path_follower]: waypoint 2636 / 5251 도달 (선 이탈 0.71 m)
[velocity_path_follower.py-9] [INFO] [1786905108.562772241] [velocity_path_follower]: waypoint 2637 / 5251 도달 (선 이탈 0.52 m)
[velocity_path_follower.py-9] [INFO] [1786905108.662710414] [velocity_path_follower]: 1130.0s  wp 2638/5251 이탈0.5m  위치 (  57.77,  -113.62,  10.33)
[velocity_path_follower.py-9] [INFO] [1786905109.062755781] [velocity_path_follower]: waypoint 2638 / 5251 도달 (선 이탈 0.32 m)
[velocity_path_follower.py-9] [INFO] [1786905109.512708710] [velocity_path_follower]: waypoint 2639 / 5251 도달 (선 이탈 0.15 m)
[velocity_path_follower.py-9] [INFO] [1786905109.962831933] [velocity_path_follower]: waypoint 2640 / 5251 도달 (선 이탈 0.01 m)
[velocity_path_follower.py-9] [INFO] [1786905110.362721500] [velocity_path_follower]: waypoint 2641 / 5251 도달 (선 이탈 0.15 m)
[velocity_path_follower.py-9] [INFO] [1786905110.812789760] [velocity_path_follower]: waypoint 2642 / 5251 도달 (선 이탈 0.29 m)
[velocity_path_follower.py-9] [INFO] [1786905111.262893144] [velocity_path_follower]: waypoint 2643 / 5251 도달 (선 이탈 0.41 m)
[velocity_path_follower.py-9] [INFO] [1786905111.662801457] [velocity_path_follower]: waypoint 2644 / 5251 도달 (선 이탈 0.50 m)
[velocity_path_follower.py-9] [INFO] [1786905112.062820397] [velocity_path_follower]: waypoint 2645 / 5251 도달 (선 이탈 0.58 m)
[velocity_path_follower.py-9] [INFO] [1786905112.463031963] [velocity_path_follower]: waypoint 2646 / 5251 도달 (선 이탈 0.63 m)
[velocity_path_follower.py-9] [INFO] [1786905112.862945899] [velocity_path_follower]: waypoint 2647 / 5251 도달 (선 이탈 0.67 m)
[velocity_path_follower.py-9] [INFO] [1786905113.262854123] [velocity_path_follower]: waypoint 2648 / 5251 도달 (선 이탈 0.70 m)
[velocity_path_follower.py-9] [INFO] [1786905113.663110853] [velocity_path_follower]: waypoint 2649 / 5251 도달 (선 이탈 0.70 m)
[velocity_path_follower.py-9] [INFO] [1786905113.712654993] [velocity_path_follower]: 1135.1s  wp 2650/5251 이탈0.7m  위치 (  51.83,  -114.80,  11.33)
[velocity_path_follower.py-9] [INFO] [1786905114.062996576] [velocity_path_follower]: waypoint 2650 / 5251 도달 (선 이탈 0.69 m)
[velocity_path_follower.py-9] [INFO] [1786905114.462752169] [velocity_path_follower]: waypoint 2651 / 5251 도달 (선 이탈 0.67 m)
[velocity_path_follower.py-9] [INFO] [1786905114.862985437] [velocity_path_follower]: waypoint 2652 / 5251 도달 (선 이탈 0.64 m)
[ros2-8] [INFO] [1786905115.243700003] [rosbag2_cpp]: Writing remaining messages from cache to the bag. It may take a while
[velocity_path_follower.py-9] [INFO] [1786905115.263016491] [velocity_path_follower]: waypoint 2653 / 5251 도달 (선 이탈 0.59 m)
[velocity_path_follower.py-9] [INFO] [1786905115.612817726] [velocity_path_follower]: waypoint 2654 / 5251 도달 (선 이탈 0.54 m)
[velocity_path_follower.py-9] [INFO] [1786905116.012955489] [velocity_path_follower]: waypoint 2655 / 5251 도달 (선 이탈 0.47 m)
[velocity_path_follower.py-9] [INFO] [1786905116.412666324] [velocity_path_follower]: waypoint 2656 / 5251 도달 (선 이탈 0.41 m)
[velocity_path_follower.py-9] [INFO] [1786905116.762767187] [velocity_path_follower]: waypoint 2657 / 5251 도달 (선 이탈 0.34 m)
[velocity_path_follower.py-9] [INFO] [1786905117.162754026] [velocity_path_follower]: waypoint 2658 / 5251 도달 (선 이탈 0.26 m)
[velocity_path_follower.py-9] [INFO] [1786905117.512929595] [velocity_path_follower]: waypoint 2659 / 5251 도달 (선 이탈 0.19 m)
[velocity_path_follower.py-9] [INFO] [1786905117.912969309] [velocity_path_follower]: waypoint 2660 / 5251 도달 (선 이탈 0.11 m)
[velocity_path_follower.py-9] [INFO] [1786905118.262946456] [velocity_path_follower]: waypoint 2661 / 5251 도달 (선 이탈 0.05 m)
[velocity_path_follower.py-9] [INFO] [1786905118.662888497] [velocity_path_follower]: waypoint 2662 / 5251 도달 (선 이탈 0.03 m)
[velocity_path_follower.py-9] [INFO] [1786905118.712644930] [velocity_path_follower]: 1140.1s  wp 2663/5251 이탈0.0m  위치 (  45.30,  -114.07,  13.02)
[velocity_path_follower.py-9] [INFO] [1786905119.012761850] [velocity_path_follower]: waypoint 2663 / 5251 도달 (선 이탈 0.08 m)
[velocity_path_follower.py-9] [INFO] [1786905119.412996852] [velocity_path_follower]: waypoint 2664 / 5251 도달 (선 이탈 0.15 m)
[velocity_path_follower.py-9] [INFO] [1786905119.762862535] [velocity_path_follower]: waypoint 2665 / 5251 도달 (선 이탈 0.20 m)
[velocity_path_follower.py-9] [INFO] [1786905120.113400689] [velocity_path_follower]: waypoint 2666 / 5251 도달 (선 이탈 0.24 m)
[velocity_path_follower.py-9] [INFO] [1786905120.512755505] [velocity_path_follower]: waypoint 2667 / 5251 도달 (선 이탈 0.28 m)
[velocity_path_follower.py-9] [INFO] [1786905120.862937149] [velocity_path_follower]: waypoint 2668 / 5251 도달 (선 이탈 0.31 m)
[velocity_path_follower.py-9] [INFO] [1786905121.212982831] [velocity_path_follower]: waypoint 2669 / 5251 도달 (선 이탈 0.33 m)
[velocity_path_follower.py-9] [INFO] [1786905121.562962636] [velocity_path_follower]: waypoint 2670 / 5251 도달 (선 이탈 0.35 m)
[velocity_path_follower.py-9] [INFO] [1786905121.962796083] [velocity_path_follower]: waypoint 2671 / 5251 도달 (선 이탈 0.36 m)
[velocity_path_follower.py-9] [INFO] [1786905122.312733468] [velocity_path_follower]: waypoint 2672 / 5251 도달 (선 이탈 0.36 m)
[velocity_path_follower.py-9] [INFO] [1786905122.662864814] [velocity_path_follower]: waypoint 2673 / 5251 도달 (선 이탈 0.36 m)
[velocity_path_follower.py-9] [INFO] [1786905123.012788615] [velocity_path_follower]: waypoint 2674 / 5251 도달 (선 이탈 0.35 m)
[velocity_path_follower.py-9] [INFO] [1786905123.362769456] [velocity_path_follower]: waypoint 2675 / 5251 도달 (선 이탈 0.33 m)
[velocity_path_follower.py-9] [INFO] [1786905123.662772154] [velocity_path_follower]: 1145.0s  wp 2676/5251 이탈0.3m  위치 (  38.47,  -113.79,  12.11)
[velocity_path_follower.py-9] [INFO] [1786905123.762729816] [velocity_path_follower]: waypoint 2676 / 5251 도달 (선 이탈 0.31 m)
[velocity_path_follower.py-9] [INFO] [1786905124.112742906] [velocity_path_follower]: waypoint 2677 / 5251 도달 (선 이탈 0.28 m)
[velocity_path_follower.py-9] [INFO] [1786905124.462983291] [velocity_path_follower]: waypoint 2678 / 5251 도달 (선 이탈 0.25 m)
[velocity_path_follower.py-9] [INFO] [1786905124.812918587] [velocity_path_follower]: waypoint 2679 / 5251 도달 (선 이탈 0.22 m)
[velocity_path_follower.py-9] [INFO] [1786905125.162736337] [velocity_path_follower]: waypoint 2680 / 5251 도달 (선 이탈 0.19 m)
[velocity_path_follower.py-9] [INFO] [1786905125.512892301] [velocity_path_follower]: waypoint 2681 / 5251 도달 (선 이탈 0.15 m)
[velocity_path_follower.py-9] [INFO] [1786905125.862953555] [velocity_path_follower]: waypoint 2682 / 5251 도달 (선 이탈 0.12 m)
[velocity_path_follower.py-9] [INFO] [1786905126.212879138] [velocity_path_follower]: waypoint 2683 / 5251 도달 (선 이탈 0.08 m)
[velocity_path_follower.py-9] [INFO] [1786905126.612983615] [velocity_path_follower]: waypoint 2684 / 5251 도달 (선 이탈 0.04 m)
[velocity_path_follower.py-9] [INFO] [1786905126.962996115] [velocity_path_follower]: waypoint 2685 / 5251 도달 (선 이탈 0.01 m)
[velocity_path_follower.py-9] [INFO] [1786905127.312951362] [velocity_path_follower]: waypoint 2686 / 5251 도달 (선 이탈 0.03 m)
[velocity_path_follower.py-9] [INFO] [1786905127.662806440] [velocity_path_follower]: waypoint 2687 / 5251 도달 (선 이탈 0.06 m)
[velocity_path_follower.py-9] [INFO] [1786905128.012774186] [velocity_path_follower]: waypoint 2688 / 5251 도달 (선 이탈 0.09 m)
[velocity_path_follower.py-9] [INFO] [1786905128.362969934] [velocity_path_follower]: waypoint 2689 / 5251 도달 (선 이탈 0.11 m)
[velocity_path_follower.py-9] [INFO] [1786905128.662864909] [velocity_path_follower]: 1150.0s  wp 2690/5251 이탈0.1m  위치 (  31.43,  -114.23,  11.43)
[velocity_path_follower.py-9] [INFO] [1786905128.712768591] [velocity_path_follower]: waypoint 2690 / 5251 도달 (선 이탈 0.13 m)
[velocity_path_follower.py-9] [INFO] [1786905129.062914921] [velocity_path_follower]: waypoint 2691 / 5251 도달 (선 이탈 0.15 m)
[velocity_path_follower.py-9] [INFO] [1786905129.412769452] [velocity_path_follower]: waypoint 2692 / 5251 도달 (선 이탈 0.17 m)
[velocity_path_follower.py-9] [INFO] [1786905129.762907237] [velocity_path_follower]: waypoint 2693 / 5251 도달 (선 이탈 0.18 m)
[velocity_path_follower.py-9] [INFO] [1786905130.114938683] [velocity_path_follower]: waypoint 2694 / 5251 도달 (선 이탈 0.19 m)
[velocity_path_follower.py-9] [INFO] [1786905130.464991464] [velocity_path_follower]: waypoint 2695 / 5251 도달 (선 이탈 0.19 m)
[velocity_path_follower.py-9] [INFO] [1786905130.814968119] [velocity_path_follower]: waypoint 2696 / 5251 도달 (선 이탈 0.19 m)
[velocity_path_follower.py-9] [INFO] [1786905131.164837063] [velocity_path_follower]: waypoint 2697 / 5251 도달 (선 이탈 0.19 m)
[velocity_path_follower.py-9] [INFO] [1786905131.515033969] [velocity_path_follower]: waypoint 2698 / 5251 도달 (선 이탈 0.18 m)
[velocity_path_follower.py-9] [INFO] [1786905131.864956496] [velocity_path_follower]: waypoint 2699 / 5251 도달 (선 이탈 0.17 m)
[velocity_path_follower.py-9] [INFO] [1786905132.214774727] [velocity_path_follower]: waypoint 2700 / 5251 도달 (선 이탈 0.16 m)
[velocity_path_follower.py-9] [INFO] [1786905132.569410297] [velocity_path_follower]: waypoint 2701 / 5251 도달 (선 이탈 0.15 m)
[velocity_path_follower.py-9] [INFO] [1786905132.919607784] [velocity_path_follower]: waypoint 2702 / 5251 도달 (선 이탈 0.14 m)
[velocity_path_follower.py-9] [INFO] [1786905133.269682183] [velocity_path_follower]: waypoint 2703 / 5251 도달 (선 이탈 0.12 m)
[velocity_path_follower.py-9] [INFO] [1786905133.619617080] [velocity_path_follower]: waypoint 2704 / 5251 도달 (선 이탈 0.10 m)
[velocity_path_follower.py-9] [INFO] [1786905133.669382882] [velocity_path_follower]: 1155.0s  wp 2705/5251 이탈0.1m  위치 (  24.30,  -114.20,  10.36)
[velocity_path_follower.py-9] [INFO] [1786905133.969785314] [velocity_path_follower]: waypoint 2705 / 5251 도달 (선 이탈 0.08 m)
[velocity_path_follower.py-9] [INFO] [1786905134.321703744] [velocity_path_follower]: waypoint 2706 / 5251 도달 (선 이탈 0.06 m)
[velocity_path_follower.py-9] [INFO] [1786905134.673952348] [velocity_path_follower]: waypoint 2707 / 5251 도달 (선 이탈 0.04 m)
[velocity_path_follower.py-9] [INFO] [1786905135.023794489] [velocity_path_follower]: waypoint 2708 / 5251 도달 (선 이탈 0.03 m)
[velocity_path_follower.py-9] [INFO] [1786905135.373980635] [velocity_path_follower]: waypoint 2709 / 5251 도달 (선 이탈 0.01 m)
[velocity_path_follower.py-9] [INFO] [1786905135.723920984] [velocity_path_follower]: waypoint 2710 / 5251 도달 (선 이탈 0.01 m)
[velocity_path_follower.py-9] [INFO] [1786905136.073872041] [velocity_path_follower]: waypoint 2711 / 5251 도달 (선 이탈 0.03 m)
[velocity_path_follower.py-9] [INFO] [1786905136.424037809] [velocity_path_follower]: waypoint 2712 / 5251 도달 (선 이탈 0.04 m)
[velocity_path_follower.py-9] [INFO] [1786905136.773799819] [velocity_path_follower]: waypoint 2713 / 5251 도달 (선 이탈 0.06 m)
[velocity_path_follower.py-9] [INFO] [1786905137.123862250] [velocity_path_follower]: waypoint 2714 / 5251 도달 (선 이탈 0.07 m)
[velocity_path_follower.py-9] [INFO] [1786905137.474100474] [velocity_path_follower]: waypoint 2715 / 5251 도달 (선 이탈 0.08 m)
[velocity_path_follower.py-9] [INFO] [1786905137.828249522] [velocity_path_follower]: waypoint 2716 / 5251 도달 (선 이탈 0.09 m)
[velocity_path_follower.py-9] [INFO] [1786905138.178609205] [velocity_path_follower]: waypoint 2717 / 5251 도달 (선 이탈 0.09 m)
[velocity_path_follower.py-9] [INFO] [1786905138.528289042] [velocity_path_follower]: waypoint 2718 / 5251 도달 (선 이탈 0.10 m)
[velocity_path_follower.py-9] [INFO] [1786905138.678238581] [velocity_path_follower]: 1160.0s  wp 2719/5251 이탈0.1m  위치 (  17.13,  -114.00,  10.65)
[velocity_path_follower.py-9] [INFO] [1786905138.878702725] [velocity_path_follower]: waypoint 2719 / 5251 도달 (선 이탈 0.10 m)
[velocity_path_follower.py-9] [INFO] [1786905139.228422352] [velocity_path_follower]: waypoint 2720 / 5251 도달 (선 이탈 0.10 m)
[velocity_path_follower.py-9] [INFO] [1786905139.578213397] [velocity_path_follower]: waypoint 2721 / 5251 도달 (선 이탈 0.10 m)
[velocity_path_follower.py-9] [INFO] [1786905139.878229765] [velocity_path_follower]: waypoint 2722 / 5251 도달 (선 이탈 0.10 m)
[velocity_path_follower.py-9] [INFO] [1786905140.278638082] [velocity_path_follower]: waypoint 2723 / 5251 도달 (선 이탈 0.09 m)
[velocity_path_follower.py-9] [INFO] [1786905140.578271400] [velocity_path_follower]: waypoint 2724 / 5251 도달 (선 이탈 0.09 m)
[velocity_path_follower.py-9] [INFO] [1786905140.978425585] [velocity_path_follower]: waypoint 2725 / 5251 도달 (선 이탈 0.08 m)
[velocity_path_follower.py-9] [INFO] [1786905141.278336948] [velocity_path_follower]: waypoint 2726 / 5251 도달 (선 이탈 0.07 m)
[velocity_path_follower.py-9] [INFO] [1786905141.628131737] [velocity_path_follower]: waypoint 2727 / 5251 도달 (선 이탈 0.06 m)
[velocity_path_follower.py-9] [INFO] [1786905141.978389993] [velocity_path_follower]: waypoint 2728 / 5251 도달 (선 이탈 0.05 m)
[velocity_path_follower.py-9] [INFO] [1786905142.328270697] [velocity_path_follower]: waypoint 2729 / 5251 도달 (선 이탈 0.04 m)
[velocity_path_follower.py-9] [INFO] [1786905142.680331984] [velocity_path_follower]: waypoint 2730 / 5251 도달 (선 이탈 0.03 m)
[velocity_path_follower.py-9] [INFO] [1786905143.030251939] [velocity_path_follower]: waypoint 2731 / 5251 도달 (선 이탈 0.03 m)
[velocity_path_follower.py-9] [INFO] [1786905143.380495273] [velocity_path_follower]: waypoint 2732 / 5251 도달 (선 이탈 0.01 m)
[velocity_path_follower.py-9] [INFO] [1786905143.680166251] [velocity_path_follower]: 1165.0s  wp 2733/5251 이탈0.0m  위치 (   9.93,  -114.09,   9.96)
[velocity_path_follower.py-9] [INFO] [1786905143.730687480] [velocity_path_follower]: waypoint 2733 / 5251 도달 (선 이탈 0.00 m)
[velocity_path_follower.py-9] [INFO] [1786905144.080276468] [velocity_path_follower]: waypoint 2734 / 5251 도달 (선 이탈 0.00 m)
[velocity_path_follower.py-9] [INFO] [1786905144.430245252] [velocity_path_follower]: waypoint 2735 / 5251 도달 (선 이탈 0.01 m)
[velocity_path_follower.py-9] [INFO] [1786905144.780322163] [velocity_path_follower]: waypoint 2736 / 5251 도달 (선 이탈 0.02 m)
[velocity_path_follower.py-9] [INFO] [1786905145.137942464] [velocity_path_follower]: waypoint 2737 / 5251 도달 (선 이탈 0.03 m)
[velocity_path_follower.py-9] [INFO] [1786905145.488014247] [velocity_path_follower]: waypoint 2738 / 5251 도달 (선 이탈 0.03 m)
[velocity_path_follower.py-9] [INFO] [1786905145.837952736] [velocity_path_follower]: waypoint 2739 / 5251 도달 (선 이탈 0.04 m)
[velocity_path_follower.py-9] [INFO] [1786905146.137897756] [velocity_path_follower]: waypoint 2740 / 5251 도달 (선 이탈 0.04 m)
[velocity_path_follower.py-9] [INFO] [1786905146.488152290] [velocity_path_follower]: waypoint 2741 / 5251 도달 (선 이탈 0.05 m)
[velocity_path_follower.py-9] [INFO] [1786905146.837975816] [velocity_path_follower]: waypoint 2742 / 5251 도달 (선 이탈 0.05 m)
[velocity_path_follower.py-9] [INFO] [1786905147.187970636] [velocity_path_follower]: waypoint 2743 / 5251 도달 (선 이탈 0.05 m)
[velocity_path_follower.py-9] [INFO] [1786905147.588001298] [velocity_path_follower]: waypoint 2744 / 5251 도달 (선 이탈 0.05 m)
[velocity_path_follower.py-9] [INFO] [1786905147.887889522] [velocity_path_follower]: waypoint 2745 / 5251 도달 (선 이탈 0.05 m)
[velocity_path_follower.py-9] [INFO] [1786905148.237870797] [velocity_path_follower]: waypoint 2746 / 5251 도달 (선 이탈 0.05 m)
[velocity_path_follower.py-9] [INFO] [1786905148.588777088] [velocity_path_follower]: waypoint 2747 / 5251 도달 (선 이탈 0.05 m)
[velocity_path_follower.py-9] [INFO] [1786905148.687782088] [velocity_path_follower]: 1170.0s  wp 2748/5251 이탈0.0m  위치 (   2.73,  -114.15,   9.45)
[velocity_path_follower.py-9] [INFO] [1786905148.937903179] [velocity_path_follower]: waypoint 2748 / 5251 도달 (선 이탈 0.05 m)
[velocity_path_follower.py-9] [INFO] [1786905149.287862992] [velocity_path_follower]: waypoint 2749 / 5251 도달 (선 이탈 0.04 m)
[velocity_path_follower.py-9] [INFO] [1786905149.637932807] [velocity_path_follower]: waypoint 2750 / 5251 도달 (선 이탈 0.04 m)
[velocity_path_follower.py-9] [INFO] [1786905149.987836369] [velocity_path_follower]: waypoint 2751 / 5251 도달 (선 이탈 0.04 m)
[velocity_path_follower.py-9] [INFO] [1786905150.340001553] [velocity_path_follower]: waypoint 2752 / 5251 도달 (선 이탈 0.03 m)
[velocity_path_follower.py-9] [INFO] [1786905150.690141824] [velocity_path_follower]: waypoint 2753 / 5251 도달 (선 이탈 0.03 m)
[velocity_path_follower.py-9] [INFO] [1786905151.039938923] [velocity_path_follower]: waypoint 2754 / 5251 도달 (선 이탈 0.02 m)
[velocity_path_follower.py-9] [INFO] [1786905151.389844229] [velocity_path_follower]: waypoint 2755 / 5251 도달 (선 이탈 0.02 m)
[velocity_path_follower.py-9] [INFO] [1786905151.742008286] [velocity_path_follower]: waypoint 2756 / 5251 도달 (선 이탈 0.01 m)
[velocity_path_follower.py-9] [INFO] [1786905152.092216347] [velocity_path_follower]: waypoint 2757 / 5251 도달 (선 이탈 0.01 m)
[velocity_path_follower.py-9] [INFO] [1786905152.392165227] [velocity_path_follower]: waypoint 2758 / 5251 도달 (선 이탈 0.00 m)
[velocity_path_follower.py-9] [INFO] [1786905152.742172241] [velocity_path_follower]: waypoint 2759 / 5251 도달 (선 이탈 0.00 m)
[velocity_path_follower.py-9] [INFO] [1786905153.092025043] [velocity_path_follower]: waypoint 2760 / 5251 도달 (선 이탈 0.01 m)
[velocity_path_follower.py-9] [INFO] [1786905153.442135015] [velocity_path_follower]: waypoint 2761 / 5251 도달 (선 이탈 0.01 m)
[velocity_path_follower.py-9] [INFO] [1786905153.692079385] [velocity_path_follower]: 1175.0s  wp 2762/5251 이탈0.0m  위치 (  -4.48,  -114.09,   6.95)
[velocity_path_follower.py-9] [INFO] [1786905153.792110734] [velocity_path_follower]: waypoint 2762 / 5251 도달 (선 이탈 0.02 m)
[velocity_path_follower.py-9] [INFO] [1786905154.142237372] [velocity_path_follower]: waypoint 2763 / 5251 도달 (선 이탈 0.02 m)
[velocity_path_follower.py-9] [INFO] [1786905158.196811697] [velocity_path_follower]: waypoint 2764 / 5251 도달 (선 이탈 0.04 m)
[velocity_path_follower.py-9] [INFO] [1786905158.246464822] [velocity_path_follower]: waypoint 2765 / 5251 도달 (선 이탈 0.04 m)
[velocity_path_follower.py-9] [INFO] [1786905158.296744583] [velocity_path_follower]: waypoint 2766 / 5251 도달 (선 이탈 0.04 m)
[velocity_path_follower.py-9] [INFO] [1786905158.346735672] [velocity_path_follower]: waypoint 2767 / 5251 도달 (선 이탈 0.04 m)
[velocity_path_follower.py-9] [INFO] [1786905158.396616508] [velocity_path_follower]: waypoint 2768 / 5251 도달 (선 이탈 0.04 m)
[velocity_path_follower.py-9] [INFO] [1786905158.446693432] [velocity_path_follower]: waypoint 2769 / 5251 도달 (선 이탈 0.04 m)
[velocity_path_follower.py-9] [INFO] [1786905158.498022046] [velocity_path_follower]: waypoint 2770 / 5251 도달 (선 이탈 0.04 m)
[velocity_path_follower.py-9] [INFO] [1786905158.546723319] [velocity_path_follower]: waypoint 2771 / 5251 도달 (선 이탈 0.04 m)
[velocity_path_follower.py-9] [INFO] [1786905158.596469862] [velocity_path_follower]: waypoint 2772 / 5251 도달 (선 이탈 0.04 m)
[velocity_path_follower.py-9] [INFO] [1786905158.696598709] [velocity_path_follower]: 1180.0s  wp 2773/5251 이탈0.0m  위치 (  -9.80,  -114.06,   6.77)
[velocity_path_follower.py-9] [INFO] [1786905159.196616265] [velocity_path_follower]: waypoint 2773 / 5251 도달 (선 이탈 0.04 m)
[velocity_path_follower.py-9] [INFO] [1786905159.901217342] [velocity_path_follower]: waypoint 2774 / 5251 도달 (선 이탈 0.04 m)
[velocity_path_follower.py-9] [INFO] [1786905160.501169026] [velocity_path_follower]: waypoint 2775 / 5251 도달 (선 이탈 0.04 m)
[velocity_path_follower.py-9] [INFO] [1786905161.101326089] [velocity_path_follower]: waypoint 2776 / 5251 도달 (선 이탈 0.03 m)
[velocity_path_follower.py-9] [INFO] [1786905161.601277509] [velocity_path_follower]: waypoint 2777 / 5251 도달 (선 이탈 0.03 m)
[velocity_path_follower.py-9] [INFO] [1786905162.101232429] [velocity_path_follower]: waypoint 2778 / 5251 도달 (선 이탈 0.02 m)
[velocity_path_follower.py-9] [INFO] [1786905162.601291597] [velocity_path_follower]: waypoint 2779 / 5251 도달 (선 이탈 0.02 m)
[velocity_path_follower.py-9] [INFO] [1786905163.053515676] [velocity_path_follower]: waypoint 2780 / 5251 도달 (선 이탈 0.01 m)
[velocity_path_follower.py-9] [INFO] [1786905163.553459339] [velocity_path_follower]: waypoint 2781 / 5251 도달 (선 이탈 0.00 m)
[velocity_path_follower.py-9] [INFO] [1786905163.703371516] [velocity_path_follower]: 1185.0s  wp 2782/5251 이탈0.0m  위치 ( -14.30,  -114.10,  10.35)
[velocity_path_follower.py-9] [INFO] [1786905164.003753880] [velocity_path_follower]: waypoint 2782 / 5251 도달 (선 이탈 0.00 m)
[velocity_path_follower.py-9] [INFO] [1786905164.453663410] [velocity_path_follower]: waypoint 2783 / 5251 도달 (선 이탈 0.01 m)
[velocity_path_follower.py-9] [INFO] [1786905164.853458018] [velocity_path_follower]: waypoint 2784 / 5251 도달 (선 이탈 0.01 m)
[velocity_path_follower.py-9] [INFO] [1786905165.303650759] [velocity_path_follower]: waypoint 2785 / 5251 도달 (선 이탈 0.01 m)
[velocity_path_follower.py-9] [INFO] [1786905165.703491449] [velocity_path_follower]: waypoint 2786 / 5251 도달 (선 이탈 0.02 m)
[velocity_path_follower.py-9] [INFO] [1786905166.103482265] [velocity_path_follower]: waypoint 2787 / 5251 도달 (선 이탈 0.02 m)
[velocity_path_follower.py-9] [INFO] [1786905166.503461245] [velocity_path_follower]: waypoint 2788 / 5251 도달 (선 이탈 0.02 m)
[velocity_path_follower.py-9] [INFO] [1786905166.903751981] [velocity_path_follower]: waypoint 2789 / 5251 도달 (선 이탈 0.02 m)
[velocity_path_follower.py-9] [INFO] [1786905167.303799836] [velocity_path_follower]: waypoint 2790 / 5251 도달 (선 이탈 0.02 m)
[velocity_path_follower.py-9] [INFO] [1786905167.703657728] [velocity_path_follower]: waypoint 2791 / 5251 도달 (선 이탈 0.02 m)
[velocity_path_follower.py-9] [INFO] [1786905168.103502744] [velocity_path_follower]: waypoint 2792 / 5251 도달 (선 이탈 0.02 m)
[velocity_path_follower.py-9] [INFO] [1786905168.453699262] [velocity_path_follower]: waypoint 2793 / 5251 도달 (선 이탈 0.02 m)
[velocity_path_follower.py-9] [INFO] [1786905168.703382059] [velocity_path_follower]: 1190.0s  wp 2794/5251 이탈0.0m  위치 ( -20.45,  -114.12,   9.70)
[velocity_path_follower.py-9] [INFO] [1786905168.853691071] [velocity_path_follower]: waypoint 2794 / 5251 도달 (선 이탈 0.02 m)
[velocity_path_follower.py-9] [INFO] [1786905169.203602999] [velocity_path_follower]: waypoint 2795 / 5251 도달 (선 이탈 0.02 m)
[velocity_path_follower.py-9] [INFO] [1786905169.603648805] [velocity_path_follower]: waypoint 2796 / 5251 도달 (선 이탈 0.02 m)
[velocity_path_follower.py-9] [INFO] [1786905170.003663153] [velocity_path_follower]: waypoint 2797 / 5251 도달 (선 이탈 0.02 m)
[velocity_path_follower.py-9] [INFO] [1786905170.353501535] [velocity_path_follower]: waypoint 2798 / 5251 도달 (선 이탈 0.01 m)
[velocity_path_follower.py-9] [INFO] [1786905170.703632047] [velocity_path_follower]: waypoint 2799 / 5251 도달 (선 이탈 0.01 m)
[velocity_path_follower.py-9] [INFO] [1786905171.103475512] [velocity_path_follower]: waypoint 2800 / 5251 도달 (선 이탈 0.01 m)
[velocity_path_follower.py-9] [INFO] [1786905171.453657315] [velocity_path_follower]: waypoint 2801 / 5251 도달 (선 이탈 0.01 m)
[velocity_path_follower.py-9] [INFO] [1786905171.803466818] [velocity_path_follower]: waypoint 2802 / 5251 도달 (선 이탈 0.00 m)
[velocity_path_follower.py-9] [INFO] [1786905172.153515575] [velocity_path_follower]: waypoint 2803 / 5251 도달 (선 이탈 0.00 m)
[velocity_path_follower.py-9] [INFO] [1786905172.553493997] [velocity_path_follower]: waypoint 2804 / 5251 도달 (선 이탈 0.00 m)
[velocity_path_follower.py-9] [INFO] [1786905172.903445750] [velocity_path_follower]: waypoint 2805 / 5251 도달 (선 이탈 0.00 m)
[velocity_path_follower.py-9] [INFO] [1786905173.253837511] [velocity_path_follower]: waypoint 2806 / 5251 도달 (선 이탈 0.00 m)
[velocity_path_follower.py-9] [INFO] [1786905173.603449714] [velocity_path_follower]: waypoint 2807 / 5251 도달 (선 이탈 0.00 m)
[velocity_path_follower.py-9] [INFO] [1786905173.703348046] [velocity_path_follower]: 1195.0s  wp 2808/5251 이탈0.0m  위치 ( -27.24,  -114.09,   8.37)
[velocity_path_follower.py-9] [INFO] [1786905174.005441753] [velocity_path_follower]: waypoint 2808 / 5251 도달 (선 이탈 0.01 m)
[velocity_path_follower.py-9] [INFO] [1786905174.357749212] [velocity_path_follower]: waypoint 2809 / 5251 도달 (선 이탈 0.01 m)
[velocity_path_follower.py-9] [INFO] [1786905174.707491248] [velocity_path_follower]: waypoint 2810 / 5251 도달 (선 이탈 0.01 m)
[velocity_path_follower.py-9] [INFO] [1786905175.061943454] [velocity_path_follower]: waypoint 2811 / 5251 도달 (선 이탈 0.01 m)
[velocity_path_follower.py-9] [INFO] [1786905175.411977993] [velocity_path_follower]: waypoint 2812 / 5251 도달 (선 이탈 0.01 m)
[velocity_path_follower.py-9] [INFO] [1786905175.761908073] [velocity_path_follower]: waypoint 2813 / 5251 도달 (선 이탈 0.01 m)
[velocity_path_follower.py-9] [INFO] [1786905176.111860610] [velocity_path_follower]: waypoint 2814 / 5251 도달 (선 이탈 0.01 m)
[velocity_path_follower.py-9] [INFO] [1786905176.511976689] [velocity_path_follower]: waypoint 2815 / 5251 도달 (선 이탈 0.01 m)
[velocity_path_follower.py-9] [INFO] [1786905176.862213605] [velocity_path_follower]: waypoint 2816 / 5251 도달 (선 이탈 0.01 m)
[velocity_path_follower.py-9] [INFO] [1786905177.464389591] [velocity_path_follower]: waypoint 2817 / 5251 도달 (선 이탈 0.01 m)
[velocity_path_follower.py-9] [INFO] [1786905177.561795958] [velocity_path_follower]: waypoint 2818 / 5251 도달 (선 이탈 0.01 m)
[velocity_path_follower.py-9] [INFO] [1786905177.911911577] [velocity_path_follower]: waypoint 2819 / 5251 도달 (선 이탈 0.01 m)
[velocity_path_follower.py-9] [INFO] [1786905178.262100946] [velocity_path_follower]: waypoint 2820 / 5251 도달 (선 이탈 0.01 m)
[velocity_path_follower.py-9] [INFO] [1786905178.611984642] [velocity_path_follower]: waypoint 2821 / 5251 도달 (선 이탈 0.01 m)
[velocity_path_follower.py-9] [INFO] [1786905178.711851803] [velocity_path_follower]: 1200.0s  wp 2822/5251 이탈0.0m  위치 ( -34.29,  -114.09,   8.83)
[velocity_path_follower.py-9] [INFO] [1786905178.962026799] [velocity_path_follower]: waypoint 2822 / 5251 도달 (선 이탈 0.01 m)
[velocity_path_follower.py-9] [INFO] [1786905179.311955494] [velocity_path_follower]: waypoint 2823 / 5251 도달 (선 이탈 0.00 m)
[velocity_path_follower.py-9] [INFO] [1786905179.662284612] [velocity_path_follower]: waypoint 2824 / 5251 도달 (선 이탈 0.00 m)
[velocity_path_follower.py-9] [INFO] [1786905180.012914319] [velocity_path_follower]: waypoint 2825 / 5251 도달 (선 이탈 0.00 m)
[velocity_path_follower.py-9] [INFO] [1786905180.361838326] [velocity_path_follower]: waypoint 2826 / 5251 도달 (선 이탈 0.00 m)
[velocity_path_follower.py-9] [INFO] [1786905180.711931438] [velocity_path_follower]: waypoint 2827 / 5251 도달 (선 이탈 0.00 m)
[velocity_path_follower.py-9] [INFO] [1786905183.711790811] [velocity_path_follower]: 1205.0s  climb       위치 ( -40.65,  -113.09,   6.03)
[velocity_path_follower.py-9] [INFO] [1786905187.611894753] [velocity_path_follower]: waypoint 2828 / 5251 도달 (선 이탈 4.22 m)
[velocity_path_follower.py-9] [INFO] [1786905188.711822771] [velocity_path_follower]: 1210.0s  wp 2830/5251 이탈1.0m  위치 ( -42.89,  -111.11,   7.35)
[velocity_path_follower.py-9] [INFO] [1786905193.262118539] [velocity_path_follower]: waypoint 2830 / 5251 도달 (선 이탈 0.86 m)
[velocity_path_follower.py-9] [INFO] [1786905193.711885975] [velocity_path_follower]: 1215.0s  wp 2831/5251 이탈0.9m  위치 ( -39.10,  -109.18,   6.63)
[velocity_path_follower.py-9] [INFO] [1786905193.761803967] [velocity_path_follower]: waypoint 2831 / 5251 도달 (선 이탈 0.93 m)
[velocity_path_follower.py-9] [INFO] [1786905194.211917116] [velocity_path_follower]: waypoint 2832 / 5251 도달 (선 이탈 0.96 m)
[velocity_path_follower.py-9] [INFO] [1786905196.361961970] [velocity_path_follower]: waypoint 2833 / 5251 도달 (선 이탈 0.96 m)
[velocity_path_follower.py-9] [INFO] [1786905196.411941795] [velocity_path_follower]: waypoint 2834 / 5251 도달 (선 이탈 0.96 m)
[velocity_path_follower.py-9] [INFO] [1786905196.461961288] [velocity_path_follower]: waypoint 2835 / 5251 도달 (선 이탈 0.96 m)
[velocity_path_follower.py-9] [INFO] [1786905196.512065782] [velocity_path_follower]: waypoint 2836 / 5251 도달 (선 이탈 0.96 m)
[velocity_path_follower.py-9] [INFO] [1786905197.011909869] [velocity_path_follower]: waypoint 2837 / 5251 도달 (선 이탈 0.96 m)
[velocity_path_follower.py-9] [INFO] [1786905197.661932598] [velocity_path_follower]: waypoint 2838 / 5251 도달 (선 이탈 0.92 m)
[velocity_path_follower.py-9] [INFO] [1786905198.261984918] [velocity_path_follower]: waypoint 2839 / 5251 도달 (선 이탈 0.84 m)
[velocity_path_follower.py-9] [INFO] [1786905198.711726421] [velocity_path_follower]: 1220.0s  wp 2840/5251 이탈0.8m  위치 ( -34.71,  -109.34,   7.10)
[velocity_path_follower.py-9] [INFO] [1786905198.861961775] [velocity_path_follower]: waypoint 2840 / 5251 도달 (선 이탈 0.73 m)
[velocity_path_follower.py-9] [INFO] [1786905199.412056432] [velocity_path_follower]: waypoint 2841 / 5251 도달 (선 이탈 0.61 m)
[velocity_path_follower.py-9] [INFO] [1786905199.911774840] [velocity_path_follower]: waypoint 2842 / 5251 도달 (선 이탈 0.49 m)
[velocity_path_follower.py-9] [INFO] [1786905200.411837668] [velocity_path_follower]: waypoint 2843 / 5251 도달 (선 이탈 0.36 m)
[velocity_path_follower.py-9] [INFO] [1786905200.911987080] [velocity_path_follower]: waypoint 2844 / 5251 도달 (선 이탈 0.22 m)
[velocity_path_follower.py-9] [INFO] [1786905201.361951370] [velocity_path_follower]: waypoint 2845 / 5251 도달 (선 이탈 0.11 m)
[velocity_path_follower.py-9] [INFO] [1786905201.811986828] [velocity_path_follower]: waypoint 2846 / 5251 도달 (선 이탈 0.01 m)
[velocity_path_follower.py-9] [INFO] [1786905202.261816864] [velocity_path_follower]: waypoint 2847 / 5251 도달 (선 이탈 0.11 m)
[velocity_path_follower.py-9] [INFO] [1786905202.712150616] [velocity_path_follower]: waypoint 2848 / 5251 도달 (선 이탈 0.21 m)
[velocity_path_follower.py-9] [INFO] [1786905203.111991951] [velocity_path_follower]: waypoint 2849 / 5251 도달 (선 이탈 0.28 m)
[velocity_path_follower.py-9] [INFO] [1786905203.561990569] [velocity_path_follower]: waypoint 2850 / 5251 도달 (선 이탈 0.35 m)
[velocity_path_follower.py-9] [INFO] [1786905203.711856494] [velocity_path_follower]: 1225.0s  wp 2851/5251 이탈0.4m  위치 ( -29.37,  -110.47,   9.11)
[velocity_path_follower.py-9] [INFO] [1786905203.961868653] [velocity_path_follower]: waypoint 2851 / 5251 도달 (선 이탈 0.40 m)
[velocity_path_follower.py-9] [INFO] [1786905204.361814819] [velocity_path_follower]: waypoint 2852 / 5251 도달 (선 이탈 0.44 m)
[velocity_path_follower.py-9] [INFO] [1786905204.761777818] [velocity_path_follower]: waypoint 2853 / 5251 도달 (선 이탈 0.47 m)
[velocity_path_follower.py-9] [INFO] [1786905205.161865861] [velocity_path_follower]: waypoint 2854 / 5251 도달 (선 이탈 0.48 m)
[velocity_path_follower.py-9] [INFO] [1786905205.561833399] [velocity_path_follower]: waypoint 2855 / 5251 도달 (선 이탈 0.48 m)
[velocity_path_follower.py-9] [INFO] [1786905205.961957357] [velocity_path_follower]: waypoint 2856 / 5251 도달 (선 이탈 0.48 m)
[velocity_path_follower.py-9] [INFO] [1786905206.362028187] [velocity_path_follower]: waypoint 2857 / 5251 도달 (선 이탈 0.46 m)
[velocity_path_follower.py-9] [INFO] [1786905206.711868065] [velocity_path_follower]: waypoint 2858 / 5251 도달 (선 이탈 0.44 m)
[velocity_path_follower.py-9] [INFO] [1786905207.111944269] [velocity_path_follower]: waypoint 2859 / 5251 도달 (선 이탈 0.41 m)
[velocity_path_follower.py-9] [INFO] [1786905207.511901052] [velocity_path_follower]: waypoint 2860 / 5251 도달 (선 이탈 0.37 m)
[velocity_path_follower.py-9] [INFO] [1786905207.911874919] [velocity_path_follower]: waypoint 2861 / 5251 도달 (선 이탈 0.32 m)
[velocity_path_follower.py-9] [INFO] [1786905208.261950547] [velocity_path_follower]: waypoint 2862 / 5251 도달 (선 이탈 0.28 m)
[velocity_path_follower.py-9] [INFO] [1786905208.611909214] [velocity_path_follower]: waypoint 2863 / 5251 도달 (선 이탈 0.23 m)
[velocity_path_follower.py-9] [INFO] [1786905208.711805647] [velocity_path_follower]: 1230.0s  wp 2864/5251 이탈0.2m  위치 ( -22.97,  -110.32,   9.89)
[velocity_path_follower.py-9] [INFO] [1786905209.011917995] [velocity_path_follower]: waypoint 2864 / 5251 도달 (선 이탈 0.18 m)
[velocity_path_follower.py-9] [INFO] [1786905209.361993954] [velocity_path_follower]: waypoint 2865 / 5251 도달 (선 이탈 0.13 m)
[velocity_path_follower.py-9] [INFO] [1786905209.761816229] [velocity_path_follower]: waypoint 2866 / 5251 도달 (선 이탈 0.08 m)
[velocity_path_follower.py-9] [INFO] [1786905210.112018523] [velocity_path_follower]: waypoint 2867 / 5251 도달 (선 이탈 0.03 m)
[velocity_path_follower.py-9] [INFO] [1786905210.511892755] [velocity_path_follower]: waypoint 2868 / 5251 도달 (선 이탈 0.02 m)
[velocity_path_follower.py-9] [INFO] [1786905210.865420398] [velocity_path_follower]: waypoint 2869 / 5251 도달 (선 이탈 0.06 m)
[velocity_path_follower.py-9] [INFO] [1786905211.216196658] [velocity_path_follower]: waypoint 2870 / 5251 도달 (선 이탈 0.10 m)
[velocity_path_follower.py-9] [INFO] [1786905211.565950564] [velocity_path_follower]: waypoint 2871 / 5251 도달 (선 이탈 0.14 m)
[velocity_path_follower.py-9] [INFO] [1786905211.965637790] [velocity_path_follower]: waypoint 2872 / 5251 도달 (선 이탈 0.17 m)
[velocity_path_follower.py-9] [INFO] [1786905212.315655408] [velocity_path_follower]: waypoint 2873 / 5251 도달 (선 이탈 0.20 m)
[velocity_path_follower.py-9] [INFO] [1786905212.665637649] [velocity_path_follower]: waypoint 2874 / 5251 도달 (선 이탈 0.22 m)
[velocity_path_follower.py-9] [INFO] [1786905213.015521889] [velocity_path_follower]: waypoint 2875 / 5251 도달 (선 이탈 0.24 m)
[velocity_path_follower.py-9] [INFO] [1786905213.415446822] [velocity_path_follower]: waypoint 2876 / 5251 도달 (선 이탈 0.25 m)
[velocity_path_follower.py-9] [INFO] [1786905213.715458409] [velocity_path_follower]: 1235.0s  wp 2877/5251 이탈0.3m  위치 ( -16.12,  -109.85,   7.56)
[velocity_path_follower.py-9] [INFO] [1786905213.765515438] [velocity_path_follower]: waypoint 2877 / 5251 도달 (선 이탈 0.25 m)
[velocity_path_follower.py-9] [INFO] [1786905214.115508844] [velocity_path_follower]: waypoint 2878 / 5251 도달 (선 이탈 0.26 m)
[velocity_path_follower.py-9] [INFO] [1786905214.465496331] [velocity_path_follower]: waypoint 2879 / 5251 도달 (선 이탈 0.25 m)
[velocity_path_follower.py-9] [INFO] [1786905214.815431484] [velocity_path_follower]: waypoint 2880 / 5251 도달 (선 이탈 0.25 m)
[velocity_path_follower.py-9] [INFO] [1786905218.715323021] [velocity_path_follower]: 1240.0s  climb       위치 ( -10.47,  -109.96,   6.19)
[velocity_path_follower.py-9] [INFO] [1786905219.165508263] [velocity_path_follower]: waypoint 2881 / 5251 도달 (선 이탈 0.13 m)
[velocity_path_follower.py-9] [INFO] [1786905219.215562290] [velocity_path_follower]: waypoint 2882 / 5251 도달 (선 이탈 0.13 m)
[velocity_path_follower.py-9] [INFO] [1786905219.265672819] [velocity_path_follower]: waypoint 2883 / 5251 도달 (선 이탈 0.13 m)
[velocity_path_follower.py-9] [INFO] [1786905219.315438424] [velocity_path_follower]: waypoint 2884 / 5251 도달 (선 이탈 0.13 m)
[velocity_path_follower.py-9] [INFO] [1786905219.365449076] [velocity_path_follower]: waypoint 2885 / 5251 도달 (선 이탈 0.13 m)
[velocity_path_follower.py-9] [INFO] [1786905219.415590646] [velocity_path_follower]: waypoint 2886 / 5251 도달 (선 이탈 0.13 m)
[velocity_path_follower.py-9] [INFO] [1786905219.465473129] [velocity_path_follower]: waypoint 2887 / 5251 도달 (선 이탈 0.13 m)
[velocity_path_follower.py-9] [INFO] [1786905219.515688076] [velocity_path_follower]: waypoint 2888 / 5251 도달 (선 이탈 0.13 m)
[velocity_path_follower.py-9] [INFO] [1786905219.565371221] [velocity_path_follower]: waypoint 2889 / 5251 도달 (선 이탈 0.13 m)
[velocity_path_follower.py-9] [INFO] [1786905220.115468262] [velocity_path_follower]: waypoint 2890 / 5251 도달 (선 이탈 0.12 m)
[velocity_path_follower.py-9] [INFO] [1786905220.865425776] [velocity_path_follower]: waypoint 2891 / 5251 도달 (선 이탈 0.10 m)
[velocity_path_follower.py-9] [INFO] [1786905221.515396152] [velocity_path_follower]: waypoint 2892 / 5251 도달 (선 이탈 0.08 m)
[velocity_path_follower.py-9] [INFO] [1786905222.115412168] [velocity_path_follower]: waypoint 2893 / 5251 도달 (선 이탈 0.06 m)
[velocity_path_follower.py-9] [INFO] [1786905222.665565158] [velocity_path_follower]: waypoint 2894 / 5251 도달 (선 이탈 0.04 m)
[velocity_path_follower.py-9] [INFO] [1786905223.215632603] [velocity_path_follower]: waypoint 2895 / 5251 도달 (선 이탈 0.02 m)
[velocity_path_follower.py-9] [INFO] [1786905223.715430975] [velocity_path_follower]: waypoint 2896 / 5251 도달 (선 이탈 0.00 m)
[velocity_path_follower.py-9] [INFO] [1786905223.765439333] [velocity_path_follower]: 1245.1s  wp 2897/5251 이탈0.0m  위치 (  -6.52,  -110.10,   7.85)
[velocity_path_follower.py-9] [INFO] [1786905224.165660703] [velocity_path_follower]: waypoint 2897 / 5251 도달 (선 이탈 0.01 m)
[velocity_path_follower.py-9] [INFO] [1786905224.665586574] [velocity_path_follower]: waypoint 2898 / 5251 도달 (선 이탈 0.03 m)
[velocity_path_follower.py-9] [INFO] [1786905225.115379291] [velocity_path_follower]: waypoint 2899 / 5251 도달 (선 이탈 0.04 m)
[velocity_path_follower.py-9] [INFO] [1786905225.565442720] [velocity_path_follower]: waypoint 2900 / 5251 도달 (선 이탈 0.05 m)
[velocity_path_follower.py-9] [INFO] [1786905226.015445690] [velocity_path_follower]: waypoint 2901 / 5251 도달 (선 이탈 0.06 m)
[velocity_path_follower.py-9] [INFO] [1786905226.415423299] [velocity_path_follower]: waypoint 2902 / 5251 도달 (선 이탈 0.06 m)
[velocity_path_follower.py-9] [INFO] [1786905226.815477700] [velocity_path_follower]: waypoint 2903 / 5251 도달 (선 이탈 0.07 m)
[velocity_path_follower.py-9] [INFO] [1786905227.265441165] [velocity_path_follower]: waypoint 2904 / 5251 도달 (선 이탈 0.07 m)
[velocity_path_follower.py-9] [INFO] [1786905228.717300215] [velocity_path_follower]: 1250.0s  climb       위치 (  -0.83,  -110.16,   6.24)
[velocity_path_follower.py-9] [INFO] [1786905229.917615027] [velocity_path_follower]: waypoint 2905 / 5251 도달 (선 이탈 0.06 m)
[velocity_path_follower.py-9] [INFO] [1786905229.967581800] [velocity_path_follower]: waypoint 2906 / 5251 도달 (선 이탈 0.06 m)
[velocity_path_follower.py-9] [INFO] [1786905230.017765159] [velocity_path_follower]: waypoint 2907 / 5251 도달 (선 이탈 0.06 m)
[velocity_path_follower.py-9] [INFO] [1786905230.067753057] [velocity_path_follower]: waypoint 2908 / 5251 도달 (선 이탈 0.06 m)
[velocity_path_follower.py-9] [INFO] [1786905230.117763746] [velocity_path_follower]: waypoint 2909 / 5251 도달 (선 이탈 0.06 m)
[velocity_path_follower.py-9] [INFO] [1786905230.167510556] [velocity_path_follower]: waypoint 2910 / 5251 도달 (선 이탈 0.06 m)
[velocity_path_follower.py-9] [INFO] [1786905230.717706561] [velocity_path_follower]: waypoint 2911 / 5251 도달 (선 이탈 0.06 m)
[velocity_path_follower.py-9] [INFO] [1786905231.367843315] [velocity_path_follower]: waypoint 2912 / 5251 도달 (선 이탈 0.05 m)
[velocity_path_follower.py-9] [INFO] [1786905231.917444847] [velocity_path_follower]: waypoint 2913 / 5251 도달 (선 이탈 0.05 m)
[velocity_path_follower.py-9] [INFO] [1786905232.417856743] [velocity_path_follower]: waypoint 2914 / 5251 도달 (선 이탈 0.04 m)
[velocity_path_follower.py-9] [INFO] [1786905232.917678753] [velocity_path_follower]: waypoint 2915 / 5251 도달 (선 이탈 0.03 m)
[velocity_path_follower.py-9] [INFO] [1786905233.417445759] [velocity_path_follower]: waypoint 2916 / 5251 도달 (선 이탈 0.02 m)
[velocity_path_follower.py-9] [INFO] [1786905233.717369055] [velocity_path_follower]: 1255.0s  wp 2917/5251 이탈0.0m  위치 (   3.75,  -110.12,   9.22)
[velocity_path_follower.py-9] [INFO] [1786905233.867495665] [velocity_path_follower]: waypoint 2917 / 5251 도달 (선 이탈 0.01 m)
[velocity_path_follower.py-9] [INFO] [1786905234.321357929] [velocity_path_follower]: waypoint 2918 / 5251 도달 (선 이탈 0.01 m)
[velocity_path_follower.py-9] [INFO] [1786905234.769790552] [velocity_path_follower]: waypoint 2919 / 5251 도달 (선 이탈 0.00 m)
[velocity_path_follower.py-9] [INFO] [1786905235.219757077] [velocity_path_follower]: waypoint 2920 / 5251 도달 (선 이탈 0.01 m)
[velocity_path_follower.py-9] [INFO] [1786905235.619746705] [velocity_path_follower]: waypoint 2921 / 5251 도달 (선 이탈 0.01 m)
[velocity_path_follower.py-9] [INFO] [1786905236.069515058] [velocity_path_follower]: waypoint 2922 / 5251 도달 (선 이탈 0.02 m)
[velocity_path_follower.py-9] [INFO] [1786905236.469948275] [velocity_path_follower]: waypoint 2923 / 5251 도달 (선 이탈 0.02 m)
[velocity_path_follower.py-9] [INFO] [1786905236.869819731] [velocity_path_follower]: waypoint 2924 / 5251 도달 (선 이탈 0.03 m)
[velocity_path_follower.py-9] [INFO] [1786905237.269740020] [velocity_path_follower]: waypoint 2925 / 5251 도달 (선 이탈 0.03 m)
[velocity_path_follower.py-9] [INFO] [1786905237.669743851] [velocity_path_follower]: waypoint 2926 / 5251 도달 (선 이탈 0.03 m)
[velocity_path_follower.py-9] [INFO] [1786905238.069728307] [velocity_path_follower]: waypoint 2927 / 5251 도달 (선 이탈 0.03 m)
[velocity_path_follower.py-9] [INFO] [1786905238.469774595] [velocity_path_follower]: waypoint 2928 / 5251 도달 (선 이탈 0.03 m)
[velocity_path_follower.py-9] [INFO] [1786905238.719459607] [velocity_path_follower]: 1260.0s  wp 2929/5251 이탈0.0m  위치 (   9.78,  -110.07,  11.44)
[velocity_path_follower.py-9] [INFO] [1786905238.819652109] [velocity_path_follower]: waypoint 2929 / 5251 도달 (선 이탈 0.03 m)
[velocity_path_follower.py-9] [INFO] [1786905239.219622061] [velocity_path_follower]: waypoint 2930 / 5251 도달 (선 이탈 0.03 m)
[velocity_path_follower.py-9] [INFO] [1786905239.619628304] [velocity_path_follower]: waypoint 2931 / 5251 도달 (선 이탈 0.03 m)
[velocity_path_follower.py-9] [INFO] [1786905239.969511108] [velocity_path_follower]: waypoint 2932 / 5251 도달 (선 이탈 0.03 m)
[velocity_path_follower.py-9] [INFO] [1786905240.369776270] [velocity_path_follower]: waypoint 2933 / 5251 도달 (선 이탈 0.03 m)
[velocity_path_follower.py-9] [INFO] [1786905240.719621030] [velocity_path_follower]: waypoint 2934 / 5251 도달 (선 이탈 0.02 m)
[velocity_path_follower.py-9] [INFO] [1786905241.086652555] [velocity_path_follower]: waypoint 2935 / 5251 도달 (선 이탈 0.02 m)
[velocity_path_follower.py-9] [INFO] [1786905241.486507040] [velocity_path_follower]: waypoint 2936 / 5251 도달 (선 이탈 0.02 m)
[velocity_path_follower.py-9] [INFO] [1786905241.842951582] [velocity_path_follower]: waypoint 2937 / 5251 도달 (선 이탈 0.01 m)
[velocity_path_follower.py-9] [INFO] [1786905242.198803071] [velocity_path_follower]: waypoint 2938 / 5251 도달 (선 이탈 0.01 m)
[velocity_path_follower.py-9] [INFO] [1786905242.594872403] [velocity_path_follower]: waypoint 2939 / 5251 도달 (선 이탈 0.01 m)
[velocity_path_follower.py-9] [INFO] [1786905242.945036122] [velocity_path_follower]: waypoint 2940 / 5251 도달 (선 이탈 0.00 m)
[velocity_path_follower.py-9] [INFO] [1786905243.295625347] [velocity_path_follower]: waypoint 2941 / 5251 도달 (선 이탈 0.00 m)
[velocity_path_follower.py-9] [INFO] [1786905243.695386243] [velocity_path_follower]: waypoint 2942 / 5251 도달 (선 이탈 0.00 m)
[velocity_path_follower.py-9] [INFO] [1786905243.745101798] [velocity_path_follower]: 1265.0s  wp 2943/5251 이탈0.0m  위치 (  16.53,  -110.10,   9.57)
[velocity_path_follower.py-9] [INFO] [1786905244.045221704] [velocity_path_follower]: waypoint 2943 / 5251 도달 (선 이탈 0.00 m)
[velocity_path_follower.py-9] [INFO] [1786905244.405153218] [velocity_path_follower]: waypoint 2944 / 5251 도달 (선 이탈 0.01 m)
[velocity_path_follower.py-9] [INFO] [1786905244.754821091] [velocity_path_follower]: waypoint 2945 / 5251 도달 (선 이탈 0.01 m)
[velocity_path_follower.py-9] [INFO] [1786905245.154693026] [velocity_path_follower]: waypoint 2946 / 5251 도달 (선 이탈 0.01 m)
[velocity_path_follower.py-9] [INFO] [1786905245.507435785] [velocity_path_follower]: waypoint 2947 / 5251 도달 (선 이탈 0.01 m)
[velocity_path_follower.py-9] [INFO] [1786905245.861670404] [velocity_path_follower]: waypoint 2948 / 5251 도달 (선 이탈 0.01 m)
[velocity_path_follower.py-9] [INFO] [1786905246.213824110] [velocity_path_follower]: waypoint 2949 / 5251 도달 (선 이탈 0.01 m)
[velocity_path_follower.py-9] [INFO] [1786905246.563816150] [velocity_path_follower]: waypoint 2950 / 5251 도달 (선 이탈 0.02 m)
[velocity_path_follower.py-9] [INFO] [1786905246.914122239] [velocity_path_follower]: waypoint 2951 / 5251 도달 (선 이탈 0.02 m)
[velocity_path_follower.py-9] [INFO] [1786905247.264030818] [velocity_path_follower]: waypoint 2952 / 5251 도달 (선 이탈 0.02 m)
[velocity_path_follower.py-9] [INFO] [1786905247.613863604] [velocity_path_follower]: waypoint 2953 / 5251 도달 (선 이탈 0.01 m)
[velocity_path_follower.py-9] [INFO] [1786905247.964066022] [velocity_path_follower]: waypoint 2954 / 5251 도달 (선 이탈 0.01 m)
[velocity_path_follower.py-9] [INFO] [1786905248.313768720] [velocity_path_follower]: waypoint 2955 / 5251 도달 (선 이탈 0.01 m)
[velocity_path_follower.py-9] [INFO] [1786905248.663938426] [velocity_path_follower]: waypoint 2956 / 5251 도달 (선 이탈 0.01 m)
[velocity_path_follower.py-9] [INFO] [1786905248.763637289] [velocity_path_follower]: 1270.0s  wp 2957/5251 이탈0.0m  위치 (  23.56,  -110.11,  10.01)
[velocity_path_follower.py-9] [INFO] [1786905249.063778519] [velocity_path_follower]: waypoint 2957 / 5251 도달 (선 이탈 0.01 m)
[velocity_path_follower.py-9] [INFO] [1786905249.363753036] [velocity_path_follower]: waypoint 2958 / 5251 도달 (선 이탈 0.01 m)
[velocity_path_follower.py-9] [INFO] [1786905249.714181328] [velocity_path_follower]: waypoint 2959 / 5251 도달 (선 이탈 0.01 m)
[velocity_path_follower.py-9] [INFO] [1786905250.063822148] [velocity_path_follower]: waypoint 2960 / 5251 도달 (선 이탈 0.01 m)
[velocity_path_follower.py-9] [INFO] [1786905250.463853781] [velocity_path_follower]: waypoint 2961 / 5251 도달 (선 이탈 0.01 m)
[velocity_path_follower.py-9] [INFO] [1786905250.763972090] [velocity_path_follower]: waypoint 2962 / 5251 도달 (선 이탈 0.00 m)
[velocity_path_follower.py-9] [INFO] [1786905251.163911095] [velocity_path_follower]: waypoint 2963 / 5251 도달 (선 이탈 0.00 m)
[velocity_path_follower.py-9] [INFO] [1786905251.463743982] [velocity_path_follower]: waypoint 2964 / 5251 도달 (선 이탈 0.00 m)
[velocity_path_follower.py-9] [INFO] [1786905251.863946448] [velocity_path_follower]: waypoint 2965 / 5251 도달 (선 이탈 0.00 m)
[velocity_path_follower.py-9] [INFO] [1786905252.163879127] [velocity_path_follower]: waypoint 2966 / 5251 도달 (선 이탈 0.00 m)
[velocity_path_follower.py-9] [INFO] [1786905252.514172202] [velocity_path_follower]: waypoint 2967 / 5251 도달 (선 이탈 0.00 m)
[velocity_path_follower.py-9] [INFO] [1786905252.866195558] [velocity_path_follower]: waypoint 2968 / 5251 도달 (선 이탈 0.00 m)
[velocity_path_follower.py-9] [INFO] [1786905253.266376187] [velocity_path_follower]: waypoint 2969 / 5251 도달 (선 이탈 0.01 m)
[velocity_path_follower.py-9] [INFO] [1786905253.566247528] [velocity_path_follower]: waypoint 2970 / 5251 도달 (선 이탈 0.01 m)
[velocity_path_follower.py-9] [INFO] [1786905253.766090921] [velocity_path_follower]: 1275.0s  wp 2971/5251 이탈0.0m  위치 (  30.70,  -110.09,   8.37)
[velocity_path_follower.py-9] [INFO] [1786905253.916169220] [velocity_path_follower]: waypoint 2971 / 5251 도달 (선 이탈 0.01 m)
[velocity_path_follower.py-9] [INFO] [1786905254.266123202] [velocity_path_follower]: waypoint 2972 / 5251 도달 (선 이탈 0.01 m)
[velocity_path_follower.py-9] [INFO] [1786905254.616175143] [velocity_path_follower]: waypoint 2973 / 5251 도달 (선 이탈 0.01 m)
[velocity_path_follower.py-9] [INFO] [1786905254.966038040] [velocity_path_follower]: waypoint 2974 / 5251 도달 (선 이탈 0.01 m)
[velocity_path_follower.py-9] [INFO] [1786905255.316301775] [velocity_path_follower]: waypoint 2975 / 5251 도달 (선 이탈 0.01 m)
[velocity_path_follower.py-9] [INFO] [1786905255.666058250] [velocity_path_follower]: waypoint 2976 / 5251 도달 (선 이탈 0.01 m)
[velocity_path_follower.py-9] [INFO] [1786905256.016289651] [velocity_path_follower]: waypoint 2977 / 5251 도달 (선 이탈 0.01 m)
[velocity_path_follower.py-9] [INFO] [1786905256.366100418] [velocity_path_follower]: waypoint 2978 / 5251 도달 (선 이탈 0.01 m)
[velocity_path_follower.py-9] [INFO] [1786905256.716136855] [velocity_path_follower]: waypoint 2979 / 5251 도달 (선 이탈 0.01 m)
[velocity_path_follower.py-9] [INFO] [1786905257.066283918] [velocity_path_follower]: waypoint 2980 / 5251 도달 (선 이탈 0.01 m)
[velocity_path_follower.py-9] [INFO] [1786905257.416093474] [velocity_path_follower]: waypoint 2981 / 5251 도달 (선 이탈 0.01 m)
[velocity_path_follower.py-9] [INFO] [1786905257.766223744] [velocity_path_follower]: waypoint 2982 / 5251 도달 (선 이탈 0.01 m)
[velocity_path_follower.py-9] [INFO] [1786905258.116308554] [velocity_path_follower]: waypoint 2983 / 5251 도달 (선 이탈 0.01 m)
[velocity_path_follower.py-9] [INFO] [1786905258.466655950] [velocity_path_follower]: waypoint 2984 / 5251 도달 (선 이탈 0.00 m)
[velocity_path_follower.py-9] [INFO] [1786905258.766118234] [velocity_path_follower]: 1280.0s  wp 2985/5251 이탈0.0m  위치 (  37.88,  -110.10,   9.97)
[velocity_path_follower.py-9] [INFO] [1786905258.816083206] [velocity_path_follower]: waypoint 2985 / 5251 도달 (선 이탈 0.00 m)
[velocity_path_follower.py-9] [INFO] [1786905259.166153013] [velocity_path_follower]: waypoint 2986 / 5251 도달 (선 이탈 0.00 m)
[velocity_path_follower.py-9] [INFO] [1786905259.516245320] [velocity_path_follower]: waypoint 2987 / 5251 도달 (선 이탈 0.00 m)
[velocity_path_follower.py-9] [INFO] [1786905259.866148665] [velocity_path_follower]: waypoint 2988 / 5251 도달 (선 이탈 0.00 m)
[velocity_path_follower.py-9] [INFO] [1786905260.166270749] [velocity_path_follower]: waypoint 2989 / 5251 도달 (선 이탈 0.00 m)
[velocity_path_follower.py-9] [INFO] [1786905260.566192272] [velocity_path_follower]: waypoint 2990 / 5251 도달 (선 이탈 0.00 m)
[velocity_path_follower.py-9] [INFO] [1786905260.866043642] [velocity_path_follower]: waypoint 2991 / 5251 도달 (선 이탈 0.00 m)
[velocity_path_follower.py-9] [INFO] [1786905261.216043527] [velocity_path_follower]: waypoint 2992 / 5251 도달 (선 이탈 0.00 m)
[velocity_path_follower.py-9] [INFO] [1786905261.566219331] [velocity_path_follower]: waypoint 2993 / 5251 도달 (선 이탈 0.00 m)
[velocity_path_follower.py-9] [INFO] [1786905261.916043295] [velocity_path_follower]: waypoint 2994 / 5251 도달 (선 이탈 0.00 m)
[velocity_path_follower.py-9] [INFO] [1786905262.266045220] [velocity_path_follower]: waypoint 2995 / 5251 도달 (선 이탈 0.00 m)
[velocity_path_follower.py-9] [INFO] [1786905262.616124728] [velocity_path_follower]: waypoint 2996 / 5251 도달 (선 이탈 0.00 m)
[velocity_path_follower.py-9] [INFO] [1786905262.966379031] [velocity_path_follower]: waypoint 2997 / 5251 도달 (선 이탈 0.00 m)
[velocity_path_follower.py-9] [INFO] [1786905263.316084198] [velocity_path_follower]: waypoint 2998 / 5251 도달 (선 이탈 0.00 m)
[velocity_path_follower.py-9] [INFO] [1786905263.666196413] [velocity_path_follower]: waypoint 2999 / 5251 도달 (선 이탈 0.00 m)
[velocity_path_follower.py-9] [INFO] [1786905263.766112854] [velocity_path_follower]: 1285.0s  wp 3000/5251 이탈0.0m  위치 (  45.09,  -110.10,  14.00)
[velocity_path_follower.py-9] [INFO] [1786905264.016111625] [velocity_path_follower]: waypoint 3000 / 5251 도달 (선 이탈 0.00 m)
[velocity_path_follower.py-9] [INFO] [1786905264.366215546] [velocity_path_follower]: waypoint 3001 / 5251 도달 (선 이탈 0.00 m)
[velocity_path_follower.py-9] [INFO] [1786905264.716333718] [velocity_path_follower]: waypoint 3002 / 5251 도달 (선 이탈 0.00 m)
[velocity_path_follower.py-9] [INFO] [1786905265.066123717] [velocity_path_follower]: waypoint 3003 / 5251 도달 (선 이탈 0.00 m)
[velocity_path_follower.py-9] [INFO] [1786905265.416228553] [velocity_path_follower]: waypoint 3004 / 5251 도달 (선 이탈 0.00 m)
[velocity_path_follower.py-9] [INFO] [1786905265.766138969] [velocity_path_follower]: waypoint 3005 / 5251 도달 (선 이탈 0.00 m)
[velocity_path_follower.py-9] [INFO] [1786905266.066102831] [velocity_path_follower]: waypoint 3006 / 5251 도달 (선 이탈 0.00 m)
[velocity_path_follower.py-9] [INFO] [1786905266.466196177] [velocity_path_follower]: waypoint 3007 / 5251 도달 (선 이탈 0.00 m)
[velocity_path_follower.py-9] [INFO] [1786905266.766216581] [velocity_path_follower]: waypoint 3008 / 5251 도달 (선 이탈 0.00 m)
[velocity_path_follower.py-9] [INFO] [1786905267.116104660] [velocity_path_follower]: waypoint 3009 / 5251 도달 (선 이탈 0.00 m)
[velocity_path_follower.py-9] [INFO] [1786905267.466158908] [velocity_path_follower]: waypoint 3010 / 5251 도달 (선 이탈 0.00 m)
[velocity_path_follower.py-9] [INFO] [1786905267.816148446] [velocity_path_follower]: waypoint 3011 / 5251 도달 (선 이탈 0.00 m)
[velocity_path_follower.py-9] [INFO] [1786905268.166150483] [velocity_path_follower]: waypoint 3012 / 5251 도달 (선 이탈 0.00 m)
[velocity_path_follower.py-9] [INFO] [1786905268.516165270] [velocity_path_follower]: waypoint 3013 / 5251 도달 (선 이탈 0.00 m)
[velocity_path_follower.py-9] [INFO] [1786905268.766091824] [velocity_path_follower]: 1290.0s  wp 3014/5251 이탈0.0m  위치 (  52.30,  -110.10,  10.54)
[velocity_path_follower.py-9] [INFO] [1786905268.866177389] [velocity_path_follower]: waypoint 3014 / 5251 도달 (선 이탈 0.00 m)
[velocity_path_follower.py-9] [INFO] [1786905269.216271884] [velocity_path_follower]: waypoint 3015 / 5251 도달 (선 이탈 0.00 m)
[velocity_path_follower.py-9] [INFO] [1786905269.566108124] [velocity_path_follower]: waypoint 3016 / 5251 도달 (선 이탈 0.00 m)
[velocity_path_follower.py-9] [INFO] [1786905269.916053449] [velocity_path_follower]: waypoint 3017 / 5251 도달 (선 이탈 0.00 m)
[velocity_path_follower.py-9] [INFO] [1786905270.267899597] [velocity_path_follower]: waypoint 3018 / 5251 도달 (선 이탈 0.00 m)
[velocity_path_follower.py-9] [INFO] [1786905270.616352519] [velocity_path_follower]: waypoint 3019 / 5251 도달 (선 이탈 0.00 m)
[velocity_path_follower.py-9] [INFO] [1786905270.916225330] [velocity_path_follower]: waypoint 3020 / 5251 도달 (선 이탈 0.00 m)
[velocity_path_follower.py-9] [INFO] [1786905271.266060149] [velocity_path_follower]: waypoint 3021 / 5251 도달 (선 이탈 0.00 m)
[velocity_path_follower.py-9] [INFO] [1786905271.616403102] [velocity_path_follower]: waypoint 3022 / 5251 도달 (선 이탈 0.00 m)
[velocity_path_follower.py-9] [INFO] [1786905271.966054001] [velocity_path_follower]: waypoint 3023 / 5251 도달 (선 이탈 0.00 m)
[velocity_path_follower.py-9] [INFO] [1786905272.316049195] [velocity_path_follower]: waypoint 3024 / 5251 도달 (선 이탈 0.00 m)
[velocity_path_follower.py-9] [INFO] [1786905272.666103933] [velocity_path_follower]: waypoint 3025 / 5251 도달 (선 이탈 0.00 m)
[velocity_path_follower.py-9] [INFO] [1786905273.016149670] [velocity_path_follower]: waypoint 3026 / 5251 도달 (선 이탈 0.00 m)
[velocity_path_follower.py-9] [INFO] [1786905273.368945329] [velocity_path_follower]: waypoint 3027 / 5251 도달 (선 이탈 0.00 m)
[velocity_path_follower.py-9] [INFO] [1786905273.716900985] [velocity_path_follower]: waypoint 3028 / 5251 도달 (선 이탈 0.00 m)
[velocity_path_follower.py-9] [INFO] [1786905273.766153273] [velocity_path_follower]: 1295.0s  wp 3029/5251 이탈0.0m  위치 (  59.51,  -110.10,   8.29)
[velocity_path_follower.py-9] [INFO] [1786905274.066180706] [velocity_path_follower]: waypoint 3029 / 5251 도달 (선 이탈 0.00 m)
[velocity_path_follower.py-9] [INFO] [1786905278.766115907] [velocity_path_follower]: 1300.0s  wp 3030/5251 이탈2.8m  위치 (  64.23,  -107.82,  11.10)
[velocity_path_follower.py-9] [INFO] [1786905279.066005163] [velocity_path_follower]: waypoint 3030 / 5251 도달 (선 이탈 2.89 m)
[velocity_path_follower.py-9] [INFO] [1786905283.766271692] [velocity_path_follower]: 1305.0s  wp 3032/5251 이탈1.4m  위치 (  62.59,  -104.73,  11.33)
[velocity_path_follower.py-9] [INFO] [1786905284.066237565] [velocity_path_follower]: waypoint 3032 / 5251 도달 (선 이탈 1.43 m)
[velocity_path_follower.py-9] [INFO] [1786905284.666362478] [velocity_path_follower]: waypoint 3033 / 5251 도달 (선 이탈 1.50 m)
[velocity_path_follower.py-9] [INFO] [1786905285.316225850] [velocity_path_follower]: waypoint 3034 / 5251 도달 (선 이탈 1.50 m)
[velocity_path_follower.py-9] [INFO] [1786905285.916195132] [velocity_path_follower]: waypoint 3035 / 5251 도달 (선 이탈 1.44 m)
[velocity_path_follower.py-9] [INFO] [1786905286.466375117] [velocity_path_follower]: waypoint 3036 / 5251 도달 (선 이탈 1.34 m)
[velocity_path_follower.py-9] [INFO] [1786905287.016206971] [velocity_path_follower]: waypoint 3037 / 5251 도달 (선 이탈 1.20 m)
[velocity_path_follower.py-9] [INFO] [1786905287.569223794] [velocity_path_follower]: waypoint 3038 / 5251 도달 (선 이탈 1.03 m)
[velocity_path_follower.py-9] [INFO] [1786905288.068322917] [velocity_path_follower]: waypoint 3039 / 5251 도달 (선 이탈 0.86 m)
[velocity_path_follower.py-9] [INFO] [1786905288.568467556] [velocity_path_follower]: waypoint 3040 / 5251 도달 (선 이탈 0.67 m)
[velocity_path_follower.py-9] [INFO] [1786905288.768230907] [velocity_path_follower]: 1310.0s  wp 3041/5251 이탈0.6m  위치 (  58.18,  -105.50,  10.00)
[velocity_path_follower.py-9] [INFO] [1786905289.068118145] [velocity_path_follower]: waypoint 3041 / 5251 도달 (선 이탈 0.48 m)
[velocity_path_follower.py-9] [INFO] [1786905289.518227651] [velocity_path_follower]: waypoint 3042 / 5251 도달 (선 이탈 0.30 m)
[velocity_path_follower.py-9] [INFO] [1786905290.018213826] [velocity_path_follower]: waypoint 3043 / 5251 도달 (선 이탈 0.12 m)
[velocity_path_follower.py-9] [INFO] [1786905290.418464035] [velocity_path_follower]: waypoint 3044 / 5251 도달 (선 이탈 0.04 m)
[velocity_path_follower.py-9] [INFO] [1786905290.868313617] [velocity_path_follower]: waypoint 3045 / 5251 도달 (선 이탈 0.19 m)
[velocity_path_follower.py-9] [INFO] [1786905291.318129280] [velocity_path_follower]: waypoint 3046 / 5251 도달 (선 이탈 0.32 m)
[velocity_path_follower.py-9] [INFO] [1786905291.768250864] [velocity_path_follower]: waypoint 3047 / 5251 도달 (선 이탈 0.44 m)
[velocity_path_follower.py-9] [INFO] [1786905292.168232982] [velocity_path_follower]: waypoint 3048 / 5251 도달 (선 이탈 0.53 m)
[velocity_path_follower.py-9] [INFO] [1786905292.568341559] [velocity_path_follower]: waypoint 3049 / 5251 도달 (선 이탈 0.60 m)
[velocity_path_follower.py-9] [INFO] [1786905292.968110797] [velocity_path_follower]: waypoint 3050 / 5251 도달 (선 이탈 0.65 m)
[velocity_path_follower.py-9] [INFO] [1786905293.368117412] [velocity_path_follower]: waypoint 3051 / 5251 도달 (선 이탈 0.69 m)
[velocity_path_follower.py-9] [INFO] [1786905293.768318280] [velocity_path_follower]: waypoint 3052 / 5251 도달 (선 이탈 0.70 m)
[velocity_path_follower.py-9] [INFO] [1786905293.818107947] [velocity_path_follower]: 1315.1s  wp 3053/5251 이탈0.7m  위치 (  52.32,  -106.81,  12.67)
[velocity_path_follower.py-9] [INFO] [1786905294.168236517] [velocity_path_follower]: waypoint 3053 / 5251 도달 (선 이탈 0.71 m)
[velocity_path_follower.py-9] [INFO] [1786905294.568290172] [velocity_path_follower]: waypoint 3054 / 5251 도달 (선 이탈 0.69 m)
[velocity_path_follower.py-9] [INFO] [1786905294.968177408] [velocity_path_follower]: waypoint 3055 / 5251 도달 (선 이탈 0.67 m)
[velocity_path_follower.py-9] [INFO] [1786905295.368139017] [velocity_path_follower]: waypoint 3056 / 5251 도달 (선 이탈 0.63 m)
[velocity_path_follower.py-9] [INFO] [1786905295.718059414] [velocity_path_follower]: waypoint 3057 / 5251 도달 (선 이탈 0.59 m)
[velocity_path_follower.py-9] [INFO] [1786905296.118220568] [velocity_path_follower]: waypoint 3058 / 5251 도달 (선 이탈 0.53 m)
[velocity_path_follower.py-9] [INFO] [1786905296.518166967] [velocity_path_follower]: waypoint 3059 / 5251 도달 (선 이탈 0.46 m)
[velocity_path_follower.py-9] [INFO] [1786905296.868226281] [velocity_path_follower]: waypoint 3060 / 5251 도달 (선 이탈 0.40 m)
[velocity_path_follower.py-9] [INFO] [1786905297.268238305] [velocity_path_follower]: waypoint 3061 / 5251 도달 (선 이탈 0.32 m)
[velocity_path_follower.py-9] [INFO] [1786905297.668126242] [velocity_path_follower]: waypoint 3062 / 5251 도달 (선 이탈 0.25 m)
[velocity_path_follower.py-9] [INFO] [1786905298.018193012] [velocity_path_follower]: waypoint 3063 / 5251 도달 (선 이탈 0.18 m)
[velocity_path_follower.py-9] [INFO] [1786905298.418504913] [velocity_path_follower]: waypoint 3064 / 5251 도달 (선 이탈 0.10 m)
[velocity_path_follower.py-9] [INFO] [1786905298.770785096] [velocity_path_follower]: waypoint 3065 / 5251 도달 (선 이탈 0.03 m)
[velocity_path_follower.py-9] [INFO] [1786905298.820515969] [velocity_path_follower]: 1320.1s  wp 3066/5251 이탈0.0m  위치 (  45.80,  -106.12,  14.12)
[velocity_path_follower.py-9] [INFO] [1786905299.170792615] [velocity_path_follower]: waypoint 3066 / 5251 도달 (선 이탈 0.04 m)
[velocity_path_follower.py-9] [INFO] [1786905299.520720796] [velocity_path_follower]: waypoint 3067 / 5251 도달 (선 이탈 0.10 m)
[velocity_path_follower.py-9] [INFO] [1786905299.870822814] [velocity_path_follower]: waypoint 3068 / 5251 도달 (선 이탈 0.15 m)
[velocity_path_follower.py-9] [INFO] [1786905300.270783496] [velocity_path_follower]: waypoint 3069 / 5251 도달 (선 이탈 0.21 m)
[velocity_path_follower.py-9] [INFO] [1786905300.620849303] [velocity_path_follower]: waypoint 3070 / 5251 도달 (선 이탈 0.25 m)
[velocity_path_follower.py-9] [INFO] [1786905300.970785857] [velocity_path_follower]: waypoint 3071 / 5251 도달 (선 이탈 0.29 m)
[velocity_path_follower.py-9] [INFO] [1786905301.371401756] [velocity_path_follower]: waypoint 3072 / 5251 도달 (선 이탈 0.32 m)
[velocity_path_follower.py-9] [INFO] [1786905301.720777424] [velocity_path_follower]: waypoint 3073 / 5251 도달 (선 이탈 0.34 m)
[velocity_path_follower.py-9] [INFO] [1786905302.070647266] [velocity_path_follower]: waypoint 3074 / 5251 도달 (선 이탈 0.36 m)
[velocity_path_follower.py-9] [INFO] [1786905302.470893532] [velocity_path_follower]: waypoint 3075 / 5251 도달 (선 이탈 0.37 m)
[velocity_path_follower.py-9] [INFO] [1786905302.820668079] [velocity_path_follower]: waypoint 3076 / 5251 도달 (선 이탈 0.37 m)
[velocity_path_follower.py-9] [INFO] [1786905303.170676380] [velocity_path_follower]: waypoint 3077 / 5251 도달 (선 이탈 0.36 m)
[velocity_path_follower.py-9] [INFO] [1786905303.521199189] [velocity_path_follower]: waypoint 3078 / 5251 도달 (선 이탈 0.35 m)
[velocity_path_follower.py-9] [INFO] [1786905303.770629768] [velocity_path_follower]: 1325.0s  wp 3079/5251 이탈0.3m  위치 (  39.02,  -105.76,   8.37)
[velocity_path_follower.py-9] [INFO] [1786905303.870881025] [velocity_path_follower]: waypoint 3079 / 5251 도달 (선 이탈 0.34 m)
[velocity_path_follower.py-9] [INFO] [1786905304.270673862] [velocity_path_follower]: waypoint 3080 / 5251 도달 (선 이탈 0.31 m)
[velocity_path_follower.py-9] [INFO] [1786905304.620725244] [velocity_path_follower]: waypoint 3081 / 5251 도달 (선 이탈 0.29 m)
[velocity_path_follower.py-9] [INFO] [1786905304.970778251] [velocity_path_follower]: waypoint 3082 / 5251 도달 (선 이탈 0.25 m)
[velocity_path_follower.py-9] [INFO] [1786905305.321359682] [velocity_path_follower]: waypoint 3083 / 5251 도달 (선 이탈 0.22 m)
[velocity_path_follower.py-9] [INFO] [1786905305.670813551] [velocity_path_follower]: waypoint 3084 / 5251 도달 (선 이탈 0.19 m)
[velocity_path_follower.py-9] [INFO] [1786905306.020641927] [velocity_path_follower]: waypoint 3085 / 5251 도달 (선 이탈 0.15 m)
[ros2-8] [INFO] [1786905306.155260534] [rosbag2_cpp]: Writing remaining messages from cache to the bag. It may take a while
[velocity_path_follower.py-9] [INFO] [1786905306.370520135] [velocity_path_follower]: waypoint 3086 / 5251 도달 (선 이탈 0.11 m)
[velocity_path_follower.py-9] [INFO] [1786905306.720792559] [velocity_path_follower]: waypoint 3087 / 5251 도달 (선 이탈 0.08 m)
[velocity_path_follower.py-9] [INFO] [1786905307.120889271] [velocity_path_follower]: waypoint 3088 / 5251 도달 (선 이탈 0.03 m)
[velocity_path_follower.py-9] [INFO] [1786905307.423235687] [velocity_path_follower]: waypoint 3089 / 5251 도달 (선 이탈 0.00 m)
[velocity_path_follower.py-9] [INFO] [1786905307.823198228] [velocity_path_follower]: waypoint 3090 / 5251 도달 (선 이탈 0.03 m)
[velocity_path_follower.py-9] [INFO] [1786905308.173171477] [velocity_path_follower]: waypoint 3091 / 5251 도달 (선 이탈 0.06 m)
[velocity_path_follower.py-9] [INFO] [1786905308.523364187] [velocity_path_follower]: waypoint 3092 / 5251 도달 (선 이탈 0.09 m)
[velocity_path_follower.py-9] [INFO] [1786905308.773100931] [velocity_path_follower]: 1330.0s  wp 3093/5251 이탈0.1m  위치 (  31.99,  -106.21,   7.21)
[velocity_path_follower.py-9] [INFO] [1786905308.873185432] [velocity_path_follower]: waypoint 3093 / 5251 도달 (선 이탈 0.12 m)
[velocity_path_follower.py-9] [INFO] [1786905309.230012132] [velocity_path_follower]: waypoint 3094 / 5251 도달 (선 이탈 0.14 m)
[velocity_path_follower.py-9] [INFO] [1786905309.593183317] [velocity_path_follower]: waypoint 3095 / 5251 도달 (선 이탈 0.16 m)
[velocity_path_follower.py-9] [INFO] [1786905309.945487271] [velocity_path_follower]: waypoint 3096 / 5251 도달 (선 이탈 0.17 m)
[velocity_path_follower.py-9] [INFO] [1786905310.296327780] [velocity_path_follower]: waypoint 3097 / 5251 도달 (선 이탈 0.18 m)
[velocity_path_follower.py-9] [INFO] [1786905310.645401508] [velocity_path_follower]: waypoint 3098 / 5251 도달 (선 이탈 0.19 m)
[velocity_path_follower.py-9] [INFO] [1786905310.995360044] [velocity_path_follower]: waypoint 3099 / 5251 도달 (선 이탈 0.19 m)
[velocity_path_follower.py-9] [INFO] [1786905311.345278160] [velocity_path_follower]: waypoint 3100 / 5251 도달 (선 이탈 0.19 m)
[velocity_path_follower.py-9] [INFO] [1786905311.695721869] [velocity_path_follower]: waypoint 3101 / 5251 도달 (선 이탈 0.19 m)
[velocity_path_follower.py-9] [INFO] [1786905312.045417272] [velocity_path_follower]: waypoint 3102 / 5251 도달 (선 이탈 0.18 m)
[velocity_path_follower.py-9] [INFO] [1786905312.395298261] [velocity_path_follower]: waypoint 3103 / 5251 도달 (선 이탈 0.17 m)
[velocity_path_follower.py-9] [INFO] [1786905312.745489130] [velocity_path_follower]: waypoint 3104 / 5251 도달 (선 이탈 0.16 m)
[velocity_path_follower.py-9] [INFO] [1786905313.098688884] [velocity_path_follower]: waypoint 3105 / 5251 도달 (선 이탈 0.15 m)
[velocity_path_follower.py-9] [INFO] [1786905313.448671623] [velocity_path_follower]: waypoint 3106 / 5251 도달 (선 이탈 0.13 m)
[velocity_path_follower.py-9] [INFO] [1786905313.798734196] [velocity_path_follower]: waypoint 3107 / 5251 도달 (선 이탈 0.11 m)
[velocity_path_follower.py-9] [INFO] [1786905313.848503857] [velocity_path_follower]: 1335.1s  wp 3108/5251 이탈0.1m  위치 (  24.81,  -106.21,   9.13)
[velocity_path_follower.py-9] [INFO] [1786905314.148726559] [velocity_path_follower]: waypoint 3108 / 5251 도달 (선 이탈 0.10 m)
[velocity_path_follower.py-9] [INFO] [1786905314.498887799] [velocity_path_follower]: waypoint 3109 / 5251 도달 (선 이탈 0.08 m)
[velocity_path_follower.py-9] [INFO] [1786905314.854759055] [velocity_path_follower]: waypoint 3110 / 5251 도달 (선 이탈 0.06 m)
[velocity_path_follower.py-9] [INFO] [1786905315.473347313] [velocity_path_follower]: waypoint 3111 / 5251 도달 (선 이탈 0.04 m)
[velocity_path_follower.py-9] [INFO] [1786905315.556044423] [velocity_path_follower]: waypoint 3112 / 5251 도달 (선 이탈 0.02 m)
[velocity_path_follower.py-9] [INFO] [1786905315.906213911] [velocity_path_follower]: waypoint 3113 / 5251 도달 (선 이탈 0.00 m)
[velocity_path_follower.py-9] [INFO] [1786905316.255961057] [velocity_path_follower]: waypoint 3114 / 5251 도달 (선 이탈 0.01 m)
[velocity_path_follower.py-9] [INFO] [1786905316.609704147] [velocity_path_follower]: waypoint 3115 / 5251 도달 (선 이탈 0.03 m)
[velocity_path_follower.py-9] [INFO] [1786905316.959770006] [velocity_path_follower]: waypoint 3116 / 5251 도달 (선 이탈 0.05 m)
[velocity_path_follower.py-9] [INFO] [1786905317.309735070] [velocity_path_follower]: waypoint 3117 / 5251 도달 (선 이탈 0.06 m)
[velocity_path_follower.py-9] [INFO] [1786905317.659492714] [velocity_path_follower]: waypoint 3118 / 5251 도달 (선 이탈 0.07 m)
[velocity_path_follower.py-9] [INFO] [1786905318.009648448] [velocity_path_follower]: waypoint 3119 / 5251 도달 (선 이탈 0.08 m)
[velocity_path_follower.py-9] [INFO] [1786905318.359980141] [velocity_path_follower]: waypoint 3120 / 5251 도달 (선 이탈 0.09 m)
[velocity_path_follower.py-9] [INFO] [1786905318.709498654] [velocity_path_follower]: waypoint 3121 / 5251 도달 (선 이탈 0.09 m)
[velocity_path_follower.py-9] [INFO] [1786905318.809398646] [velocity_path_follower]: 1340.0s  wp 3122/5251 이탈0.1m  위치 (  17.70,  -106.00,   8.30)
[velocity_path_follower.py-9] [INFO] [1786905319.059915057] [velocity_path_follower]: waypoint 3122 / 5251 도달 (선 이탈 0.10 m)
[velocity_path_follower.py-9] [INFO] [1786905319.409421151] [velocity_path_follower]: waypoint 3123 / 5251 도달 (선 이탈 0.10 m)
[velocity_path_follower.py-9] [INFO] [1786905319.759479255] [velocity_path_follower]: waypoint 3124 / 5251 도달 (선 이탈 0.10 m)
[velocity_path_follower.py-9] [INFO] [1786905320.109727111] [velocity_path_follower]: waypoint 3125 / 5251 도달 (선 이탈 0.10 m)
[velocity_path_follower.py-9] [INFO] [1786905320.409401709] [velocity_path_follower]: waypoint 3126 / 5251 도달 (선 이탈 0.10 m)
[velocity_path_follower.py-9] [INFO] [1786905320.809473766] [velocity_path_follower]: waypoint 3127 / 5251 도달 (선 이탈 0.09 m)
[velocity_path_follower.py-9] [INFO] [1786905321.109654331] [velocity_path_follower]: waypoint 3128 / 5251 도달 (선 이탈 0.08 m)
[velocity_path_follower.py-9] [INFO] [1786905321.459654388] [velocity_path_follower]: waypoint 3129 / 5251 도달 (선 이탈 0.08 m)
[velocity_path_follower.py-9] [INFO] [1786905321.809638986] [velocity_path_follower]: waypoint 3130 / 5251 도달 (선 이탈 0.07 m)
[velocity_path_follower.py-9] [INFO] [1786905322.159471456] [velocity_path_follower]: waypoint 3131 / 5251 도달 (선 이탈 0.06 m)
[velocity_path_follower.py-9] [INFO] [1786905322.510063022] [velocity_path_follower]: waypoint 3132 / 5251 도달 (선 이탈 0.05 m)
[velocity_path_follower.py-9] [INFO] [1786905322.859916783] [velocity_path_follower]: waypoint 3133 / 5251 도달 (선 이탈 0.04 m)
[velocity_path_follower.py-9] [INFO] [1786905323.209460246] [velocity_path_follower]: waypoint 3134 / 5251 도달 (선 이탈 0.03 m)
[velocity_path_follower.py-9] [INFO] [1786905323.559408007] [velocity_path_follower]: waypoint 3135 / 5251 도달 (선 이탈 0.02 m)
[velocity_path_follower.py-9] [INFO] [1786905323.809373943] [velocity_path_follower]: 1345.0s  wp 3136/5251 이탈0.0m  위치 (  10.50,  -106.09,   9.85)
[velocity_path_follower.py-9] [INFO] [1786905323.909519645] [velocity_path_follower]: waypoint 3136 / 5251 도달 (선 이탈 0.01 m)
[velocity_path_follower.py-9] [INFO] [1786905324.259663658] [velocity_path_follower]: waypoint 3137 / 5251 도달 (선 이탈 0.00 m)
[velocity_path_follower.py-9] [INFO] [1786905324.609750878] [velocity_path_follower]: waypoint 3138 / 5251 도달 (선 이탈 0.01 m)
[velocity_path_follower.py-9] [INFO] [1786905324.959659719] [velocity_path_follower]: waypoint 3139 / 5251 도달 (선 이탈 0.02 m)
[velocity_path_follower.py-9] [INFO] [1786905325.259717442] [velocity_path_follower]: waypoint 3140 / 5251 도달 (선 이탈 0.02 m)
[velocity_path_follower.py-9] [INFO] [1786905325.659780738] [velocity_path_follower]: waypoint 3141 / 5251 도달 (선 이탈 0.03 m)
[velocity_path_follower.py-9] [INFO] [1786905326.009484407] [velocity_path_follower]: waypoint 3142 / 5251 도달 (선 이탈 0.04 m)
[velocity_path_follower.py-9] [INFO] [1786905326.359777710] [velocity_path_follower]: waypoint 3143 / 5251 도달 (선 이탈 0.04 m)
[velocity_path_follower.py-9] [INFO] [1786905326.709471003] [velocity_path_follower]: waypoint 3144 / 5251 도달 (선 이탈 0.05 m)
[velocity_path_follower.py-9] [INFO] [1786905327.009654934] [velocity_path_follower]: waypoint 3145 / 5251 도달 (선 이탈 0.05 m)
[velocity_path_follower.py-9] [INFO] [1786905327.359602145] [velocity_path_follower]: waypoint 3146 / 5251 도달 (선 이탈 0.05 m)
[velocity_path_follower.py-9] [INFO] [1786905327.709433522] [velocity_path_follower]: waypoint 3147 / 5251 도달 (선 이탈 0.05 m)
[velocity_path_follower.py-9] [INFO] [1786905328.059503360] [velocity_path_follower]: waypoint 3148 / 5251 도달 (선 이탈 0.05 m)
[velocity_path_follower.py-9] [INFO] [1786905328.409788368] [velocity_path_follower]: waypoint 3149 / 5251 도달 (선 이탈 0.05 m)
[velocity_path_follower.py-9] [INFO] [1786905328.759455656] [velocity_path_follower]: waypoint 3150 / 5251 도달 (선 이탈 0.05 m)
[velocity_path_follower.py-9] [INFO] [1786905328.809613903] [velocity_path_follower]: 1350.0s  wp 3151/5251 이탈0.1m  위치 (   3.30,  -106.15,  10.26)
[velocity_path_follower.py-9] [INFO] [1786905329.109910416] [velocity_path_follower]: waypoint 3151 / 5251 도달 (선 이탈 0.05 m)
[velocity_path_follower.py-9] [INFO] [1786905329.459506493] [velocity_path_follower]: waypoint 3152 / 5251 도달 (선 이탈 0.05 m)
[velocity_path_follower.py-9] [INFO] [1786905329.809491243] [velocity_path_follower]: waypoint 3153 / 5251 도달 (선 이탈 0.04 m)
[velocity_path_follower.py-9] [INFO] [1786905330.159752997] [velocity_path_follower]: waypoint 3154 / 5251 도달 (선 이탈 0.04 m)
[velocity_path_follower.py-9] [INFO] [1786905330.509703620] [velocity_path_follower]: waypoint 3155 / 5251 도달 (선 이탈 0.04 m)
[velocity_path_follower.py-9] [INFO] [1786905330.859650952] [velocity_path_follower]: waypoint 3156 / 5251 도달 (선 이탈 0.03 m)
[velocity_path_follower.py-9] [INFO] [1786905331.209514238] [velocity_path_follower]: waypoint 3157 / 5251 도달 (선 이탈 0.03 m)
[velocity_path_follower.py-9] [INFO] [1786905331.559496193] [velocity_path_follower]: waypoint 3158 / 5251 도달 (선 이탈 0.02 m)
[velocity_path_follower.py-9] [INFO] [1786905331.909461440] [velocity_path_follower]: waypoint 3159 / 5251 도달 (선 이탈 0.01 m)
[velocity_path_follower.py-9] [INFO] [1786905332.209452025] [velocity_path_follower]: waypoint 3160 / 5251 도달 (선 이탈 0.01 m)
[velocity_path_follower.py-9] [INFO] [1786905332.609691560] [velocity_path_follower]: waypoint 3161 / 5251 도달 (선 이탈 0.00 m)
[velocity_path_follower.py-9] [INFO] [1786905332.909450307] [velocity_path_follower]: waypoint 3162 / 5251 도달 (선 이탈 0.00 m)
[velocity_path_follower.py-9] [INFO] [1786905333.809578685] [velocity_path_follower]: 1355.0s  climb       위치 (  -3.86,  -106.09,   5.81)
[velocity_path_follower.py-9] [INFO] [1786905337.509707093] [velocity_path_follower]: waypoint 3163 / 5251 도달 (선 이탈 0.04 m)
[velocity_path_follower.py-9] [INFO] [1786905337.559668376] [velocity_path_follower]: waypoint 3164 / 5251 도달 (선 이탈 0.04 m)
[velocity_path_follower.py-9] [INFO] [1786905337.609736953] [velocity_path_follower]: waypoint 3165 / 5251 도달 (선 이탈 0.04 m)
[velocity_path_follower.py-9] [INFO] [1786905337.659646735] [velocity_path_follower]: waypoint 3166 / 5251 도달 (선 이탈 0.04 m)
[velocity_path_follower.py-9] [INFO] [1786905337.709548642] [velocity_path_follower]: waypoint 3167 / 5251 도달 (선 이탈 0.04 m)
[velocity_path_follower.py-9] [INFO] [1786905337.759467674] [velocity_path_follower]: waypoint 3168 / 5251 도달 (선 이탈 0.04 m)
[velocity_path_follower.py-9] [INFO] [1786905337.809512250] [velocity_path_follower]: waypoint 3169 / 5251 도달 (선 이탈 0.04 m)
[velocity_path_follower.py-9] [INFO] [1786905337.859508284] [velocity_path_follower]: waypoint 3170 / 5251 도달 (선 이탈 0.04 m)
[velocity_path_follower.py-9] [INFO] [1786905337.909782656] [velocity_path_follower]: waypoint 3171 / 5251 도달 (선 이탈 0.04 m)
[velocity_path_follower.py-9] [INFO] [1786905338.159770407] [velocity_path_follower]: waypoint 3172 / 5251 도달 (선 이탈 0.05 m)
[velocity_path_follower.py-9] [INFO] [1786905338.809406002] [velocity_path_follower]: 1360.0s  wp 3173/5251 이탈0.0m  위치 (  -7.99,  -106.05,   7.50)
[velocity_path_follower.py-9] [INFO] [1786905339.009570222] [velocity_path_follower]: waypoint 3173 / 5251 도달 (선 이탈 0.05 m)
[velocity_path_follower.py-9] [INFO] [1786905339.710356076] [velocity_path_follower]: waypoint 3174 / 5251 도달 (선 이탈 0.04 m)
[velocity_path_follower.py-9] [INFO] [1786905340.309459124] [velocity_path_follower]: waypoint 3175 / 5251 도달 (선 이탈 0.04 m)
[velocity_path_follower.py-9] [INFO] [1786905340.859511445] [velocity_path_follower]: waypoint 3176 / 5251 도달 (선 이탈 0.03 m)
[velocity_path_follower.py-9] [INFO] [1786905341.409486847] [velocity_path_follower]: waypoint 3177 / 5251 도달 (선 이탈 0.03 m)
[velocity_path_follower.py-9] [INFO] [1786905341.909495591] [velocity_path_follower]: waypoint 3178 / 5251 도달 (선 이탈 0.02 m)
[velocity_path_follower.py-9] [INFO] [1786905342.409593250] [velocity_path_follower]: waypoint 3179 / 5251 도달 (선 이탈 0.01 m)
[velocity_path_follower.py-9] [INFO] [1786905342.909420822] [velocity_path_follower]: waypoint 3180 / 5251 도달 (선 이탈 0.01 m)
[velocity_path_follower.py-9] [INFO] [1786905343.361628983] [velocity_path_follower]: waypoint 3181 / 5251 도달 (선 이탈 0.00 m)
[velocity_path_follower.py-9] [INFO] [1786905343.809940286] [velocity_path_follower]: waypoint 3182 / 5251 도달 (선 이탈 0.00 m)
[velocity_path_follower.py-9] [INFO] [1786905343.859730106] [velocity_path_follower]: 1365.1s  wp 3183/5251 이탈0.0m  위치 ( -12.72,  -106.10,  10.30)
[velocity_path_follower.py-9] [INFO] [1786905344.210369883] [velocity_path_follower]: waypoint 3183 / 5251 도달 (선 이탈 0.01 m)
[velocity_path_follower.py-9] [INFO] [1786905344.661988198] [velocity_path_follower]: waypoint 3184 / 5251 도달 (선 이탈 0.01 m)
[velocity_path_follower.py-9] [INFO] [1786905345.062161289] [velocity_path_follower]: waypoint 3185 / 5251 도달 (선 이탈 0.02 m)
[velocity_path_follower.py-9] [INFO] [1786905345.511967863] [velocity_path_follower]: waypoint 3186 / 5251 도달 (선 이탈 0.02 m)
[velocity_path_follower.py-9] [INFO] [1786905345.912854090] [velocity_path_follower]: waypoint 3187 / 5251 도달 (선 이탈 0.02 m)
[velocity_path_follower.py-9] [INFO] [1786905346.360597834] [velocity_path_follower]: waypoint 3188 / 5251 도달 (선 이탈 0.02 m)
[velocity_path_follower.py-9] [INFO] [1786905346.760681587] [velocity_path_follower]: waypoint 3189 / 5251 도달 (선 이탈 0.03 m)
[velocity_path_follower.py-9] [INFO] [1786905347.160809548] [velocity_path_follower]: waypoint 3190 / 5251 도달 (선 이탈 0.03 m)
[velocity_path_follower.py-9] [INFO] [1786905347.566350185] [velocity_path_follower]: waypoint 3191 / 5251 도달 (선 이탈 0.03 m)
[velocity_path_follower.py-9] [INFO] [1786905347.916679158] [velocity_path_follower]: waypoint 3192 / 5251 도달 (선 이탈 0.03 m)
[velocity_path_follower.py-9] [INFO] [1786905348.319143365] [velocity_path_follower]: waypoint 3193 / 5251 도달 (선 이탈 0.02 m)
[velocity_path_follower.py-9] [INFO] [1786905348.669017788] [velocity_path_follower]: waypoint 3194 / 5251 도달 (선 이탈 0.02 m)
[velocity_path_follower.py-9] [INFO] [1786905348.868442485] [velocity_path_follower]: 1370.0s  wp 3195/5251 이탈0.0m  위치 ( -18.86,  -106.12,   9.54)
[velocity_path_follower.py-9] [INFO] [1786905349.068440692] [velocity_path_follower]: waypoint 3195 / 5251 도달 (선 이탈 0.02 m)
[velocity_path_follower.py-9] [INFO] [1786905349.468803610] [velocity_path_follower]: waypoint 3196 / 5251 도달 (선 이탈 0.02 m)
[velocity_path_follower.py-9] [INFO] [1786905349.818599196] [velocity_path_follower]: waypoint 3197 / 5251 도달 (선 이탈 0.02 m)
[velocity_path_follower.py-9] [INFO] [1786905350.218804444] [velocity_path_follower]: waypoint 3198 / 5251 도달 (선 이탈 0.01 m)
[velocity_path_follower.py-9] [INFO] [1786905350.568751364] [velocity_path_follower]: waypoint 3199 / 5251 도달 (선 이탈 0.01 m)
[velocity_path_follower.py-9] [INFO] [1786905350.918619908] [velocity_path_follower]: waypoint 3200 / 5251 도달 (선 이탈 0.01 m)
[velocity_path_follower.py-9] [INFO] [1786905351.318500647] [velocity_path_follower]: waypoint 3201 / 5251 도달 (선 이탈 0.01 m)
[velocity_path_follower.py-9] [INFO] [1786905351.668649653] [velocity_path_follower]: waypoint 3202 / 5251 도달 (선 이탈 0.00 m)
[velocity_path_follower.py-9] [INFO] [1786905352.018496986] [velocity_path_follower]: waypoint 3203 / 5251 도달 (선 이탈 0.00 m)
[velocity_path_follower.py-9] [INFO] [1786905352.368489654] [velocity_path_follower]: waypoint 3204 / 5251 도달 (선 이탈 0.00 m)
[velocity_path_follower.py-9] [INFO] [1786905352.768589145] [velocity_path_follower]: waypoint 3205 / 5251 도달 (선 이탈 0.00 m)
[velocity_path_follower.py-9] [INFO] [1786905353.118561561] [velocity_path_follower]: waypoint 3206 / 5251 도달 (선 이탈 0.01 m)
[velocity_path_follower.py-9] [INFO] [1786905353.468499018] [velocity_path_follower]: waypoint 3207 / 5251 도달 (선 이탈 0.01 m)
[velocity_path_follower.py-9] [INFO] [1786905353.868619882] [velocity_path_follower]: waypoint 3208 / 5251 도달 (선 이탈 0.01 m)
[velocity_path_follower.py-9] [INFO] [1786905353.918648704] [velocity_path_follower]: 1375.1s  wp 3209/5251 이탈0.0m  위치 ( -25.76,  -106.09,   6.98)
[velocity_path_follower.py-9] [INFO] [1786905354.218642547] [velocity_path_follower]: waypoint 3209 / 5251 도달 (선 이탈 0.01 m)
[velocity_path_follower.py-9] [INFO] [1786905354.568577835] [velocity_path_follower]: waypoint 3210 / 5251 도달 (선 이탈 0.01 m)
[velocity_path_follower.py-9] [INFO] [1786905358.370039266] [velocity_path_follower]: waypoint 3211 / 5251 도달 (선 이탈 0.02 m)
[velocity_path_follower.py-9] [INFO] [1786905358.418597270] [velocity_path_follower]: waypoint 3212 / 5251 도달 (선 이탈 0.02 m)
[velocity_path_follower.py-9] [INFO] [1786905358.468747092] [velocity_path_follower]: waypoint 3213 / 5251 도달 (선 이탈 0.02 m)
[velocity_path_follower.py-9] [INFO] [1786905358.518812622] [velocity_path_follower]: waypoint 3214 / 5251 도달 (선 이탈 0.02 m)
[velocity_path_follower.py-9] [INFO] [1786905358.568693648] [velocity_path_follower]: waypoint 3215 / 5251 도달 (선 이탈 0.02 m)
[velocity_path_follower.py-9] [INFO] [1786905358.618725261] [velocity_path_follower]: waypoint 3216 / 5251 도달 (선 이탈 0.02 m)
[velocity_path_follower.py-9] [INFO] [1786905358.668590412] [velocity_path_follower]: waypoint 3217 / 5251 도달 (선 이탈 0.02 m)
[velocity_path_follower.py-9] [INFO] [1786905358.718638358] [velocity_path_follower]: waypoint 3218 / 5251 도달 (선 이탈 0.02 m)
[velocity_path_follower.py-9] [INFO] [1786905358.868650901] [velocity_path_follower]: 1380.0s  wp 3219/5251 이탈0.0m  위치 ( -30.96,  -106.08,   6.75)
[velocity_path_follower.py-9] [INFO] [1786905359.118724752] [velocity_path_follower]: waypoint 3219 / 5251 도달 (선 이탈 0.02 m)
[velocity_path_follower.py-9] [INFO] [1786905359.819233655] [velocity_path_follower]: waypoint 3220 / 5251 도달 (선 이탈 0.02 m)
[velocity_path_follower.py-9] [INFO] [1786905360.468488340] [velocity_path_follower]: waypoint 3221 / 5251 도달 (선 이탈 0.01 m)
[velocity_path_follower.py-9] [INFO] [1786905361.068693678] [velocity_path_follower]: waypoint 3222 / 5251 도달 (선 이탈 0.01 m)
[velocity_path_follower.py-9] [INFO] [1786905361.568457242] [velocity_path_follower]: waypoint 3223 / 5251 도달 (선 이탈 0.01 m)
[velocity_path_follower.py-9] [INFO] [1786905362.118669008] [velocity_path_follower]: waypoint 3224 / 5251 도달 (선 이탈 0.01 m)
[velocity_path_follower.py-9] [INFO] [1786905362.618693199] [velocity_path_follower]: waypoint 3225 / 5251 도달 (선 이탈 0.01 m)
[velocity_path_follower.py-9] [INFO] [1786905363.068755238] [velocity_path_follower]: waypoint 3226 / 5251 도달 (선 이탈 0.00 m)
[velocity_path_follower.py-9] [INFO] [1786905363.568812803] [velocity_path_follower]: waypoint 3227 / 5251 도달 (선 이탈 0.00 m)
[velocity_path_follower.py-9] [INFO] [1786905363.868794299] [velocity_path_follower]: 1385.0s  wp 3228/5251 이탈0.0m  위치 ( -35.49,  -106.10,   7.36)
[velocity_path_follower.py-9] [INFO] [1786905363.968722977] [velocity_path_follower]: waypoint 3228 / 5251 도달 (선 이탈 0.00 m)
[velocity_path_follower.py-9] [INFO] [1786905364.420893757] [velocity_path_follower]: waypoint 3229 / 5251 도달 (선 이탈 0.00 m)
[velocity_path_follower.py-9] [INFO] [1786905364.870744372] [velocity_path_follower]: waypoint 3230 / 5251 도달 (선 이탈 0.00 m)
[velocity_path_follower.py-9] [INFO] [1786905365.270778128] [velocity_path_follower]: waypoint 3231 / 5251 도달 (선 이탈 0.01 m)
[velocity_path_follower.py-9] [INFO] [1786905368.870796606] [velocity_path_follower]: 1390.0s  wp 3232/5251 이탈2.0m  위치 ( -40.64,  -105.30,   6.51)
[velocity_path_follower.py-9] [INFO] [1786905372.721214277] [velocity_path_follower]: waypoint 3232 / 5251 도달 (선 이탈 2.83 m)
[velocity_path_follower.py-9] [INFO] [1786905373.870835965] [velocity_path_follower]: 1395.0s  wp 3234/5251 이탈0.7m  위치 ( -41.09,  -102.82,   6.94)
[velocity_path_follower.py-9] [INFO] [1786905376.420824915] [velocity_path_follower]: waypoint 3234 / 5251 도달 (선 이탈 0.74 m)
[velocity_path_follower.py-9] [INFO] [1786905377.928131423] [velocity_path_follower]: waypoint 3235 / 5251 도달 (선 이탈 1.24 m)
[velocity_path_follower.py-9] [INFO] [1786905377.976946510] [velocity_path_follower]: waypoint 3236 / 5251 도달 (선 이탈 1.26 m)
[velocity_path_follower.py-9] [INFO] [1786905378.477201000] [velocity_path_follower]: waypoint 3237 / 5251 도달 (선 이탈 1.38 m)
[velocity_path_follower.py-9] [INFO] [1786905378.876937351] [velocity_path_follower]: 1400.0s  wp 3238/5251 이탈1.5m  위치 ( -37.82,  -100.65,   6.65)
[velocity_path_follower.py-9] [INFO] [1786905379.226912639] [velocity_path_follower]: waypoint 3238 / 5251 도달 (선 이탈 1.49 m)
[velocity_path_follower.py-9] [INFO] [1786905379.877120612] [velocity_path_follower]: waypoint 3239 / 5251 도달 (선 이탈 1.50 m)
[velocity_path_follower.py-9] [INFO] [1786905380.529173281] [velocity_path_follower]: waypoint 3240 / 5251 도달 (선 이탈 1.44 m)
[velocity_path_follower.py-9] [INFO] [1786905381.131581890] [velocity_path_follower]: waypoint 3241 / 5251 도달 (선 이탈 1.34 m)
[velocity_path_follower.py-9] [INFO] [1786905381.731751292] [velocity_path_follower]: waypoint 3242 / 5251 도달 (선 이탈 1.18 m)
[velocity_path_follower.py-9] [INFO] [1786905382.281558289] [velocity_path_follower]: waypoint 3243 / 5251 도달 (선 이탈 1.02 m)
[velocity_path_follower.py-9] [INFO] [1786905382.831799417] [velocity_path_follower]: waypoint 3244 / 5251 도달 (선 이탈 0.82 m)
[velocity_path_follower.py-9] [INFO] [1786905383.331785391] [velocity_path_follower]: waypoint 3245 / 5251 도달 (선 이탈 0.64 m)
[velocity_path_follower.py-9] [INFO] [1786905383.831783489] [velocity_path_follower]: waypoint 3246 / 5251 도달 (선 이탈 0.44 m)
[velocity_path_follower.py-9] [INFO] [1786905383.881729594] [velocity_path_follower]: 1405.0s  wp 3247/5251 이탈0.4m  위치 ( -33.53,  -101.68,   6.85)
[velocity_path_follower.py-9] [INFO] [1786905384.331699877] [velocity_path_follower]: waypoint 3247 / 5251 도달 (선 이탈 0.25 m)
[velocity_path_follower.py-9] [INFO] [1786905384.781495531] [velocity_path_follower]: waypoint 3248 / 5251 도달 (선 이탈 0.08 m)
[velocity_path_follower.py-9] [INFO] [1786905385.231482645] [velocity_path_follower]: waypoint 3249 / 5251 도달 (선 이탈 0.08 m)
[velocity_path_follower.py-9] [INFO] [1786905385.681503884] [velocity_path_follower]: waypoint 3250 / 5251 도달 (선 이탈 0.23 m)
[velocity_path_follower.py-9] [INFO] [1786905386.131747710] [velocity_path_follower]: waypoint 3251 / 5251 도달 (선 이탈 0.36 m)
[velocity_path_follower.py-9] [INFO] [1786905386.531502546] [velocity_path_follower]: waypoint 3252 / 5251 도달 (선 이탈 0.46 m)
[velocity_path_follower.py-9] [INFO] [1786905386.981628201] [velocity_path_follower]: waypoint 3253 / 5251 도달 (선 이탈 0.55 m)
[velocity_path_follower.py-9] [INFO] [1786905387.381822542] [velocity_path_follower]: waypoint 3254 / 5251 도달 (선 이탈 0.62 m)
[velocity_path_follower.py-9] [INFO] [1786905387.781658086] [velocity_path_follower]: waypoint 3255 / 5251 도달 (선 이탈 0.66 m)
[velocity_path_follower.py-9] [INFO] [1786905388.181504504] [velocity_path_follower]: waypoint 3256 / 5251 도달 (선 이탈 0.69 m)
[velocity_path_follower.py-9] [INFO] [1786905388.581780261] [velocity_path_follower]: waypoint 3257 / 5251 도달 (선 이탈 0.71 m)
[velocity_path_follower.py-9] [INFO] [1786905388.881403424] [velocity_path_follower]: 1410.0s  wp 3258/5251 이탈0.7m  위치 ( -27.71,  -102.81,   9.35)
[velocity_path_follower.py-9] [INFO] [1786905388.981495551] [velocity_path_follower]: waypoint 3258 / 5251 도달 (선 이탈 0.70 m)
[velocity_path_follower.py-9] [INFO] [1786905389.381417759] [velocity_path_follower]: waypoint 3259 / 5251 도달 (선 이탈 0.69 m)
[velocity_path_follower.py-9] [INFO] [1786905389.781495845] [velocity_path_follower]: waypoint 3260 / 5251 도달 (선 이탈 0.66 m)
[velocity_path_follower.py-9] [INFO] [1786905390.181411468] [velocity_path_follower]: waypoint 3261 / 5251 도달 (선 이탈 0.62 m)
[velocity_path_follower.py-9] [INFO] [1786905390.581503261] [velocity_path_follower]: waypoint 3262 / 5251 도달 (선 이탈 0.57 m)
[velocity_path_follower.py-9] [INFO] [1786905390.981747097] [velocity_path_follower]: waypoint 3263 / 5251 도달 (선 이탈 0.51 m)
[velocity_path_follower.py-9] [INFO] [1786905391.381402005] [velocity_path_follower]: waypoint 3264 / 5251 도달 (선 이탈 0.44 m)
[velocity_path_follower.py-9] [INFO] [1786905391.731803656] [velocity_path_follower]: waypoint 3265 / 5251 도달 (선 이탈 0.37 m)
[velocity_path_follower.py-9] [INFO] [1786905392.131468230] [velocity_path_follower]: waypoint 3266 / 5251 도달 (선 이탈 0.30 m)
[velocity_path_follower.py-9] [INFO] [1786905392.481476455] [velocity_path_follower]: waypoint 3267 / 5251 도달 (선 이탈 0.23 m)
[velocity_path_follower.py-9] [INFO] [1786905392.881459242] [velocity_path_follower]: waypoint 3268 / 5251 도달 (선 이탈 0.15 m)
[velocity_path_follower.py-9] [INFO] [1786905393.281522571] [velocity_path_follower]: waypoint 3269 / 5251 도달 (선 이탈 0.07 m)
[velocity_path_follower.py-9] [INFO] [1786905393.631818424] [velocity_path_follower]: waypoint 3270 / 5251 도달 (선 이탈 0.01 m)
[velocity_path_follower.py-9] [INFO] [1786905393.881399475] [velocity_path_follower]: 1415.0s  wp 3271/5251 이탈0.0m  위치 ( -21.23,  -102.06,   8.98)
[velocity_path_follower.py-9] [INFO] [1786905393.981622519] [velocity_path_follower]: waypoint 3271 / 5251 도달 (선 이탈 0.05 m)
[velocity_path_follower.py-9] [INFO] [1786905394.381813764] [velocity_path_follower]: waypoint 3272 / 5251 도달 (선 이탈 0.12 m)
[velocity_path_follower.py-9] [INFO] [1786905394.731944572] [velocity_path_follower]: waypoint 3273 / 5251 도달 (선 이탈 0.17 m)
[velocity_path_follower.py-9] [INFO] [1786905395.081509244] [velocity_path_follower]: waypoint 3274 / 5251 도달 (선 이탈 0.22 m)
[velocity_path_follower.py-9] [INFO] [1786905395.481430441] [velocity_path_follower]: waypoint 3275 / 5251 도달 (선 이탈 0.26 m)
[velocity_path_follower.py-9] [INFO] [1786905395.831441578] [velocity_path_follower]: waypoint 3276 / 5251 도달 (선 이탈 0.30 m)
[velocity_path_follower.py-9] [INFO] [1786905396.181724927] [velocity_path_follower]: waypoint 3277 / 5251 도달 (선 이탈 0.32 m)
[velocity_path_follower.py-9] [INFO] [1786905396.581894335] [velocity_path_follower]: waypoint 3278 / 5251 도달 (선 이탈 0.34 m)
[velocity_path_follower.py-9] [INFO] [1786905396.931569715] [velocity_path_follower]: waypoint 3279 / 5251 도달 (선 이탈 0.36 m)
[velocity_path_follower.py-9] [INFO] [1786905397.281649933] [velocity_path_follower]: waypoint 3280 / 5251 도달 (선 이탈 0.36 m)
[velocity_path_follower.py-9] [INFO] [1786905397.681484500] [velocity_path_follower]: waypoint 3281 / 5251 도달 (선 이탈 0.36 m)
[velocity_path_follower.py-9] [INFO] [1786905398.031462758] [velocity_path_follower]: waypoint 3282 / 5251 도달 (선 이탈 0.35 m)
[velocity_path_follower.py-9] [INFO] [1786905398.381485141] [velocity_path_follower]: waypoint 3283 / 5251 도달 (선 이탈 0.34 m)
[velocity_path_follower.py-9] [INFO] [1786905398.731763861] [velocity_path_follower]: waypoint 3284 / 5251 도달 (선 이탈 0.32 m)
[velocity_path_follower.py-9] [INFO] [1786905398.881513455] [velocity_path_follower]: 1420.0s  wp 3285/5251 이탈0.3m  위치 ( -14.35,  -101.79,   9.00)
[velocity_path_follower.py-9] [INFO] [1786905399.081701825] [velocity_path_follower]: waypoint 3285 / 5251 도달 (선 이탈 0.29 m)
[velocity_path_follower.py-9] [INFO] [1786905399.431638621] [velocity_path_follower]: waypoint 3286 / 5251 도달 (선 이탈 0.27 m)
[velocity_path_follower.py-9] [INFO] [1786905399.781843547] [velocity_path_follower]: waypoint 3287 / 5251 도달 (선 이탈 0.24 m)
[velocity_path_follower.py-9] [INFO] [1786905400.131510629] [velocity_path_follower]: waypoint 3288 / 5251 도달 (선 이탈 0.20 m)
[velocity_path_follower.py-9] [INFO] [1786905400.531730155] [velocity_path_follower]: waypoint 3289 / 5251 도달 (선 이탈 0.16 m)
[velocity_path_follower.py-9] [INFO] [1786905400.883472147] [velocity_path_follower]: waypoint 3290 / 5251 도달 (선 이탈 0.13 m)
[velocity_path_follower.py-9] [INFO] [1786905401.233761989] [velocity_path_follower]: waypoint 3291 / 5251 도달 (선 이탈 0.09 m)
[velocity_path_follower.py-9] [INFO] [1786905401.583503736] [velocity_path_follower]: waypoint 3292 / 5251 도달 (선 이탈 0.06 m)
[velocity_path_follower.py-9] [INFO] [1786905401.933731951] [velocity_path_follower]: waypoint 3293 / 5251 도달 (선 이탈 0.02 m)
[velocity_path_follower.py-9] [INFO] [1786905402.283646242] [velocity_path_follower]: waypoint 3294 / 5251 도달 (선 이탈 0.01 m)
[velocity_path_follower.py-9] [INFO] [1786905402.633508241] [velocity_path_follower]: waypoint 3295 / 5251 도달 (선 이탈 0.04 m)
[velocity_path_follower.py-9] [INFO] [1786905402.983500283] [velocity_path_follower]: waypoint 3296 / 5251 도달 (선 이탈 0.07 m)
[velocity_path_follower.py-9] [INFO] [1786905403.383479924] [velocity_path_follower]: waypoint 3297 / 5251 도달 (선 이탈 0.10 m)
[velocity_path_follower.py-9] [INFO] [1786905403.683807786] [velocity_path_follower]: waypoint 3298 / 5251 도달 (선 이탈 0.12 m)
[velocity_path_follower.py-9] [INFO] [1786905403.883374808] [velocity_path_follower]: 1425.0s  wp 3299/5251 이탈0.1m  위치 (  -7.31,  -102.23,   8.29)
[velocity_path_follower.py-9] [INFO] [1786905404.083774052] [velocity_path_follower]: waypoint 3299 / 5251 도달 (선 이탈 0.15 m)
[velocity_path_follower.py-9] [INFO] [1786905404.433656506] [velocity_path_follower]: waypoint 3300 / 5251 도달 (선 이탈 0.16 m)
[velocity_path_follower.py-9] [INFO] [1786905404.783467917] [velocity_path_follower]: waypoint 3301 / 5251 도달 (선 이탈 0.17 m)
[velocity_path_follower.py-9] [INFO] [1786905405.133438414] [velocity_path_follower]: waypoint 3302 / 5251 도달 (선 이탈 0.18 m)
[velocity_path_follower.py-9] [INFO] [1786905405.483986002] [velocity_path_follower]: waypoint 3303 / 5251 도달 (선 이탈 0.19 m)
[velocity_path_follower.py-9] [INFO] [1786905405.835636860] [velocity_path_follower]: waypoint 3304 / 5251 도달 (선 이탈 0.19 m)
[velocity_path_follower.py-9] [INFO] [1786905406.185719231] [velocity_path_follower]: waypoint 3305 / 5251 도달 (선 이탈 0.19 m)
[velocity_path_follower.py-9] [INFO] [1786905406.535492638] [velocity_path_follower]: waypoint 3306 / 5251 도달 (선 이탈 0.18 m)
[velocity_path_follower.py-9] [INFO] [1786905408.888052388] [velocity_path_follower]: 1430.0s  climb       위치 (  -0.73,  -102.24,   6.02)
[velocity_path_follower.py-9] [INFO] [1786905410.038130724] [velocity_path_follower]: waypoint 3307 / 5251 도달 (선 이탈 0.12 m)
[velocity_path_follower.py-9] [INFO] [1786905410.088111657] [velocity_path_follower]: waypoint 3308 / 5251 도달 (선 이탈 0.12 m)
[velocity_path_follower.py-9] [INFO] [1786905410.138110465] [velocity_path_follower]: waypoint 3309 / 5251 도달 (선 이탈 0.12 m)
[velocity_path_follower.py-9] [INFO] [1786905410.188000979] [velocity_path_follower]: waypoint 3310 / 5251 도달 (선 이탈 0.12 m)
[velocity_path_follower.py-9] [INFO] [1786905410.238074288] [velocity_path_follower]: waypoint 3311 / 5251 도달 (선 이탈 0.12 m)
[velocity_path_follower.py-9] [INFO] [1786905410.288618813] [velocity_path_follower]: waypoint 3312 / 5251 도달 (선 이탈 0.12 m)
[velocity_path_follower.py-9] [INFO] [1786905410.338102112] [velocity_path_follower]: waypoint 3313 / 5251 도달 (선 이탈 0.12 m)
[velocity_path_follower.py-9] [INFO] [1786905410.388018252] [velocity_path_follower]: waypoint 3314 / 5251 도달 (선 이탈 0.12 m)
[velocity_path_follower.py-9] [INFO] [1786905410.987993737] [velocity_path_follower]: waypoint 3315 / 5251 도달 (선 이탈 0.11 m)
[velocity_path_follower.py-9] [INFO] [1786905411.638018862] [velocity_path_follower]: waypoint 3316 / 5251 도달 (선 이탈 0.10 m)
[velocity_path_follower.py-9] [INFO] [1786905412.237989885] [velocity_path_follower]: waypoint 3317 / 5251 도달 (선 이탈 0.08 m)
[velocity_path_follower.py-9] [INFO] [1786905412.788264229] [velocity_path_follower]: waypoint 3318 / 5251 도달 (선 이탈 0.06 m)
[velocity_path_follower.py-9] [INFO] [1786905413.338092814] [velocity_path_follower]: waypoint 3319 / 5251 도달 (선 이탈 0.05 m)
[velocity_path_follower.py-9] [INFO] [1786905413.840921142] [velocity_path_follower]: waypoint 3320 / 5251 도달 (선 이탈 0.03 m)
[velocity_path_follower.py-9] [INFO] [1786905413.890742446] [velocity_path_follower]: 1435.0s  wp 3321/5251 이탈0.0m  위치 (   3.50,  -102.13,   8.22)
[velocity_path_follower.py-9] [INFO] [1786905414.291013323] [velocity_path_follower]: waypoint 3321 / 5251 도달 (선 이탈 0.01 m)
[velocity_path_follower.py-9] [INFO] [1786905414.792988426] [velocity_path_follower]: waypoint 3322 / 5251 도달 (선 이탈 0.00 m)
[velocity_path_follower.py-9] [INFO] [1786905415.242979020] [velocity_path_follower]: waypoint 3323 / 5251 도달 (선 이탈 0.02 m)
[velocity_path_follower.py-9] [INFO] [1786905415.692956155] [velocity_path_follower]: waypoint 3324 / 5251 도달 (선 이탈 0.03 m)
[velocity_path_follower.py-9] [INFO] [1786905416.092986567] [velocity_path_follower]: waypoint 3325 / 5251 도달 (선 이탈 0.04 m)
[velocity_path_follower.py-9] [INFO] [1786905416.542745072] [velocity_path_follower]: waypoint 3326 / 5251 도달 (선 이탈 0.05 m)
[velocity_path_follower.py-9] [INFO] [1786905416.942895901] [velocity_path_follower]: waypoint 3327 / 5251 도달 (선 이탈 0.05 m)
[velocity_path_follower.py-9] [INFO] [1786905417.342949477] [velocity_path_follower]: waypoint 3328 / 5251 도달 (선 이탈 0.06 m)
[velocity_path_follower.py-9] [INFO] [1786905417.742961969] [velocity_path_follower]: waypoint 3329 / 5251 도달 (선 이탈 0.06 m)
[velocity_path_follower.py-9] [INFO] [1786905418.142814541] [velocity_path_follower]: waypoint 3330 / 5251 도달 (선 이탈 0.06 m)
[velocity_path_follower.py-9] [INFO] [1786905418.543121787] [velocity_path_follower]: waypoint 3331 / 5251 도달 (선 이탈 0.06 m)
[velocity_path_follower.py-9] [INFO] [1786905418.894985710] [velocity_path_follower]: 1440.0s  wp 3332/5251 이탈0.1m  위치 (   9.37,  -102.04,  10.34)
[velocity_path_follower.py-9] [INFO] [1786905418.945007684] [velocity_path_follower]: waypoint 3332 / 5251 도달 (선 이탈 0.06 m)
[velocity_path_follower.py-9] [INFO] [1786905419.344882378] [velocity_path_follower]: waypoint 3333 / 5251 도달 (선 이탈 0.06 m)
[velocity_path_follower.py-9] [INFO] [1786905419.695183857] [velocity_path_follower]: waypoint 3334 / 5251 도달 (선 이탈 0.06 m)
[velocity_path_follower.py-9] [INFO] [1786905420.095919733] [velocity_path_follower]: waypoint 3335 / 5251 도달 (선 이탈 0.05 m)
[velocity_path_follower.py-9] [INFO] [1786905420.495147248] [velocity_path_follower]: waypoint 3336 / 5251 도달 (선 이탈 0.05 m)
[velocity_path_follower.py-9] [INFO] [1786905420.845231305] [velocity_path_follower]: waypoint 3337 / 5251 도달 (선 이탈 0.04 m)
[velocity_path_follower.py-9] [INFO] [1786905421.245377668] [velocity_path_follower]: waypoint 3338 / 5251 도달 (선 이탈 0.03 m)
[velocity_path_follower.py-9] [INFO] [1786905421.594859755] [velocity_path_follower]: waypoint 3339 / 5251 도달 (선 이탈 0.03 m)
[velocity_path_follower.py-9] [INFO] [1786905421.995030785] [velocity_path_follower]: waypoint 3340 / 5251 도달 (선 이탈 0.02 m)
[velocity_path_follower.py-9] [INFO] [1786905422.345165131] [velocity_path_follower]: waypoint 3341 / 5251 도달 (선 이탈 0.01 m)
[velocity_path_follower.py-9] [INFO] [1786905422.694880471] [velocity_path_follower]: waypoint 3342 / 5251 도달 (선 이탈 0.01 m)
[velocity_path_follower.py-9] [INFO] [1786905423.094954413] [velocity_path_follower]: waypoint 3343 / 5251 도달 (선 이탈 0.00 m)
[velocity_path_follower.py-9] [INFO] [1786905423.445089550] [velocity_path_follower]: waypoint 3344 / 5251 도달 (선 이탈 0.00 m)
[velocity_path_follower.py-9] [INFO] [1786905423.794859639] [velocity_path_follower]: waypoint 3345 / 5251 도달 (선 이탈 0.01 m)
[velocity_path_follower.py-9] [INFO] [1786905423.894754997] [velocity_path_follower]: 1445.0s  wp 3346/5251 이탈0.0m  위치 (  16.06,  -102.11,  10.36)
[velocity_path_follower.py-9] [INFO] [1786905424.145242655] [velocity_path_follower]: waypoint 3346 / 5251 도달 (선 이탈 0.01 m)
[velocity_path_follower.py-9] [INFO] [1786905424.547033415] [velocity_path_follower]: waypoint 3347 / 5251 도달 (선 이탈 0.02 m)
[velocity_path_follower.py-9] [INFO] [1786905424.897070715] [velocity_path_follower]: waypoint 3348 / 5251 도달 (선 이탈 0.02 m)
[velocity_path_follower.py-9] [INFO] [1786905425.247147723] [velocity_path_follower]: waypoint 3349 / 5251 도달 (선 이탈 0.03 m)
[velocity_path_follower.py-9] [INFO] [1786905425.597140730] [velocity_path_follower]: waypoint 3350 / 5251 도달 (선 이탈 0.03 m)
[velocity_path_follower.py-9] [INFO] [1786905425.997059915] [velocity_path_follower]: waypoint 3351 / 5251 도달 (선 이탈 0.03 m)
[velocity_path_follower.py-9] [INFO] [1786905426.347121546] [velocity_path_follower]: waypoint 3352 / 5251 도달 (선 이탈 0.03 m)
[velocity_path_follower.py-9] [INFO] [1786905426.697298845] [velocity_path_follower]: waypoint 3353 / 5251 도달 (선 이탈 0.03 m)
[velocity_path_follower.py-9] [INFO] [1786905427.046970053] [velocity_path_follower]: waypoint 3354 / 5251 도달 (선 이탈 0.03 m)
[velocity_path_follower.py-9] [INFO] [1786905427.399410765] [velocity_path_follower]: waypoint 3355 / 5251 도달 (선 이탈 0.03 m)
[velocity_path_follower.py-9] [INFO] [1786905427.749751107] [velocity_path_follower]: waypoint 3356 / 5251 도달 (선 이탈 0.03 m)
[velocity_path_follower.py-9] [INFO] [1786905428.101707352] [velocity_path_follower]: waypoint 3357 / 5251 도달 (선 이탈 0.03 m)
[velocity_path_follower.py-9] [INFO] [1786905428.451803522] [velocity_path_follower]: waypoint 3358 / 5251 도달 (선 이탈 0.03 m)
[velocity_path_follower.py-9] [INFO] [1786905428.801780107] [velocity_path_follower]: waypoint 3359 / 5251 도달 (선 이탈 0.02 m)
[velocity_path_follower.py-9] [INFO] [1786905428.901514085] [velocity_path_follower]: 1450.0s  wp 3360/5251 이탈0.0m  위치 (  23.06,  -102.12,   7.51)
[velocity_path_follower.py-9] [INFO] [1786905429.153434511] [velocity_path_follower]: waypoint 3360 / 5251 도달 (선 이탈 0.02 m)
[velocity_path_follower.py-9] [INFO] [1786905429.503517680] [velocity_path_follower]: waypoint 3361 / 5251 도달 (선 이탈 0.02 m)
[velocity_path_follower.py-9] [INFO] [1786905429.906264197] [velocity_path_follower]: waypoint 3362 / 5251 도달 (선 이탈 0.02 m)
[velocity_path_follower.py-9] [INFO] [1786905430.206282102] [velocity_path_follower]: waypoint 3363 / 5251 도달 (선 이탈 0.01 m)
[velocity_path_follower.py-9] [INFO] [1786905430.606332905] [velocity_path_follower]: waypoint 3364 / 5251 도달 (선 이탈 0.01 m)
[velocity_path_follower.py-9] [INFO] [1786905430.905976012] [velocity_path_follower]: waypoint 3365 / 5251 도달 (선 이탈 0.01 m)
[velocity_path_follower.py-9] [INFO] [1786905431.306229400] [velocity_path_follower]: waypoint 3366 / 5251 도달 (선 이탈 0.00 m)
[velocity_path_follower.py-9] [INFO] [1786905431.606690811] [velocity_path_follower]: waypoint 3367 / 5251 도달 (선 이탈 0.00 m)
[velocity_path_follower.py-9] [INFO] [1786905432.006266479] [velocity_path_follower]: waypoint 3368 / 5251 도달 (선 이탈 0.00 m)
[velocity_path_follower.py-9] [INFO] [1786905432.306086294] [velocity_path_follower]: waypoint 3369 / 5251 도달 (선 이탈 0.01 m)
[velocity_path_follower.py-9] [INFO] [1786905432.706119677] [velocity_path_follower]: waypoint 3370 / 5251 도달 (선 이탈 0.01 m)
[velocity_path_follower.py-9] [INFO] [1786905433.008449784] [velocity_path_follower]: waypoint 3371 / 5251 도달 (선 이탈 0.01 m)
[velocity_path_follower.py-9] [INFO] [1786905433.408470540] [velocity_path_follower]: waypoint 3372 / 5251 도달 (선 이탈 0.01 m)
[velocity_path_follower.py-9] [INFO] [1786905433.708396148] [velocity_path_follower]: waypoint 3373 / 5251 도달 (선 이탈 0.01 m)
[velocity_path_follower.py-9] [INFO] [1786905433.910606604] [velocity_path_follower]: 1455.0s  wp 3374/5251 이탈0.0m  위치 (  30.19,  -102.08,   7.75)
[velocity_path_follower.py-9] [INFO] [1786905434.110675191] [velocity_path_follower]: waypoint 3374 / 5251 도달 (선 이탈 0.02 m)
[velocity_path_follower.py-9] [INFO] [1786905434.410806217] [velocity_path_follower]: waypoint 3375 / 5251 도달 (선 이탈 0.02 m)
[velocity_path_follower.py-9] [INFO] [1786905434.812737379] [velocity_path_follower]: waypoint 3376 / 5251 도달 (선 이탈 0.02 m)
[velocity_path_follower.py-9] [INFO] [1786905435.112713610] [velocity_path_follower]: waypoint 3377 / 5251 도달 (선 이탈 0.02 m)
[velocity_path_follower.py-9] [INFO] [1786905435.462759144] [velocity_path_follower]: waypoint 3378 / 5251 도달 (선 이탈 0.02 m)
[velocity_path_follower.py-9] [INFO] [1786905435.812696634] [velocity_path_follower]: waypoint 3379 / 5251 도달 (선 이탈 0.02 m)
[velocity_path_follower.py-9] [INFO] [1786905436.162656833] [velocity_path_follower]: waypoint 3380 / 5251 도달 (선 이탈 0.02 m)
[velocity_path_follower.py-9] [INFO] [1786905436.512798784] [velocity_path_follower]: waypoint 3381 / 5251 도달 (선 이탈 0.02 m)
[velocity_path_follower.py-9] [INFO] [1786905436.869253091] [velocity_path_follower]: waypoint 3382 / 5251 도달 (선 이탈 0.01 m)
[velocity_path_follower.py-9] [INFO] [1786905437.219304998] [velocity_path_follower]: waypoint 3383 / 5251 도달 (선 이탈 0.01 m)
[velocity_path_follower.py-9] [INFO] [1786905437.569141358] [velocity_path_follower]: waypoint 3384 / 5251 도달 (선 이탈 0.01 m)
[velocity_path_follower.py-9] [INFO] [1786905437.919106805] [velocity_path_follower]: waypoint 3385 / 5251 도달 (선 이탈 0.01 m)
[velocity_path_follower.py-9] [INFO] [1786905438.269351213] [velocity_path_follower]: waypoint 3386 / 5251 도달 (선 이탈 0.01 m)
[velocity_path_follower.py-9] [INFO] [1786905438.619257615] [velocity_path_follower]: waypoint 3387 / 5251 도달 (선 이탈 0.01 m)
[velocity_path_follower.py-9] [INFO] [1786905438.919193008] [velocity_path_follower]: 1460.0s  wp 3388/5251 이탈0.0m  위치 (  37.38,  -102.09,  13.01)
[velocity_path_follower.py-9] [INFO] [1786905438.969025557] [velocity_path_follower]: waypoint 3388 / 5251 도달 (선 이탈 0.01 m)
[velocity_path_follower.py-9] [INFO] [1786905439.321440375] [velocity_path_follower]: waypoint 3389 / 5251 도달 (선 이탈 0.00 m)
[velocity_path_follower.py-9] [INFO] [1786905439.673492020] [velocity_path_follower]: waypoint 3390 / 5251 도달 (선 이탈 0.00 m)
[velocity_path_follower.py-9] [INFO] [1786905440.023740593] [velocity_path_follower]: waypoint 3391 / 5251 도달 (선 이탈 0.00 m)
[velocity_path_follower.py-9] [INFO] [1786905440.373520031] [velocity_path_follower]: waypoint 3392 / 5251 도달 (선 이탈 0.00 m)
[velocity_path_follower.py-9] [INFO] [1786905440.723522224] [velocity_path_follower]: waypoint 3393 / 5251 도달 (선 이탈 0.00 m)
[velocity_path_follower.py-9] [INFO] [1786905441.023498948] [velocity_path_follower]: waypoint 3394 / 5251 도달 (선 이탈 0.00 m)
[velocity_path_follower.py-9] [INFO] [1786905441.373645475] [velocity_path_follower]: waypoint 3395 / 5251 도달 (선 이탈 0.01 m)
[velocity_path_follower.py-9] [INFO] [1786905441.724089131] [velocity_path_follower]: waypoint 3396 / 5251 도달 (선 이탈 0.01 m)
[velocity_path_follower.py-9] [INFO] [1786905442.073480937] [velocity_path_follower]: waypoint 3397 / 5251 도달 (선 이탈 0.01 m)
[velocity_path_follower.py-9] [INFO] [1786905442.423778048] [velocity_path_follower]: waypoint 3398 / 5251 도달 (선 이탈 0.01 m)
[velocity_path_follower.py-9] [INFO] [1786905442.773708361] [velocity_path_follower]: waypoint 3399 / 5251 도달 (선 이탈 0.01 m)
[velocity_path_follower.py-9] [INFO] [1786905443.123449254] [velocity_path_follower]: waypoint 3400 / 5251 도달 (선 이탈 0.01 m)
[velocity_path_follower.py-9] [INFO] [1786905443.473689488] [velocity_path_follower]: waypoint 3401 / 5251 도달 (선 이탈 0.01 m)
[velocity_path_follower.py-9] [INFO] [1786905443.831771812] [velocity_path_follower]: waypoint 3402 / 5251 도달 (선 이탈 0.01 m)
[velocity_path_follower.py-9] [INFO] [1786905443.933346357] [velocity_path_follower]: 1465.0s  wp 3403/5251 이탈0.0m  위치 (  44.58,  -102.11,  14.57)
[velocity_path_follower.py-9] [INFO] [1786905444.183743158] [velocity_path_follower]: waypoint 3403 / 5251 도달 (선 이탈 0.01 m)
[velocity_path_follower.py-9] [INFO] [1786905444.533611009] [velocity_path_follower]: waypoint 3404 / 5251 도달 (선 이탈 0.01 m)
[velocity_path_follower.py-9] [INFO] [1786905444.883958868] [velocity_path_follower]: waypoint 3405 / 5251 도달 (선 이탈 0.01 m)
[velocity_path_follower.py-9] [INFO] [1786905445.233605881] [velocity_path_follower]: waypoint 3406 / 5251 도달 (선 이탈 0.01 m)
[velocity_path_follower.py-9] [INFO] [1786905445.583455271] [velocity_path_follower]: waypoint 3407 / 5251 도달 (선 이탈 0.01 m)
[velocity_path_follower.py-9] [INFO] [1786905445.884048250] [velocity_path_follower]: waypoint 3408 / 5251 도달 (선 이탈 0.01 m)
[velocity_path_follower.py-9] [INFO] [1786905446.283731353] [velocity_path_follower]: waypoint 3409 / 5251 도달 (선 이탈 0.00 m)
[velocity_path_follower.py-9] [INFO] [1786905446.633900790] [velocity_path_follower]: waypoint 3410 / 5251 도달 (선 이탈 0.00 m)
[velocity_path_follower.py-9] [INFO] [1786905446.933582043] [velocity_path_follower]: waypoint 3411 / 5251 도달 (선 이탈 0.00 m)
[velocity_path_follower.py-9] [INFO] [1786905447.333437398] [velocity_path_follower]: waypoint 3412 / 5251 도달 (선 이탈 0.00 m)
[velocity_path_follower.py-9] [INFO] [1786905447.633570282] [velocity_path_follower]: waypoint 3413 / 5251 도달 (선 이탈 0.00 m)
[velocity_path_follower.py-9] [INFO] [1786905447.989486564] [velocity_path_follower]: waypoint 3414 / 5251 도달 (선 이탈 0.00 m)
[velocity_path_follower.py-9] [INFO] [1786905448.341489362] [velocity_path_follower]: waypoint 3415 / 5251 도달 (선 이탈 0.00 m)
[velocity_path_follower.py-9] [INFO] [1786905448.691663004] [velocity_path_follower]: waypoint 3416 / 5251 도달 (선 이탈 0.00 m)
[velocity_path_follower.py-9] [INFO] [1786905448.941426790] [velocity_path_follower]: 1470.0s  wp 3417/5251 이탈0.0m  위치 (  51.79,  -102.10,  12.37)
[velocity_path_follower.py-9] [INFO] [1786905449.041725352] [velocity_path_follower]: waypoint 3417 / 5251 도달 (선 이탈 0.00 m)
[velocity_path_follower.py-9] [INFO] [1786905449.391475486] [velocity_path_follower]: waypoint 3418 / 5251 도달 (선 이탈 0.00 m)
[velocity_path_follower.py-9] [INFO] [1786905449.741729752] [velocity_path_follower]: waypoint 3419 / 5251 도달 (선 이탈 0.00 m)
[velocity_path_follower.py-9] [INFO] [1786905450.091626805] [velocity_path_follower]: waypoint 3420 / 5251 도달 (선 이탈 0.00 m)
[velocity_path_follower.py-9] [INFO] [1786905450.491728200] [velocity_path_follower]: waypoint 3421 / 5251 도달 (선 이탈 0.00 m)
[velocity_path_follower.py-9] [INFO] [1786905450.791827247] [velocity_path_follower]: waypoint 3422 / 5251 도달 (선 이탈 0.00 m)
[velocity_path_follower.py-9] [INFO] [1786905451.141847091] [velocity_path_follower]: waypoint 3423 / 5251 도달 (선 이탈 0.01 m)
[velocity_path_follower.py-9] [INFO] [1786905451.491685556] [velocity_path_follower]: waypoint 3424 / 5251 도달 (선 이탈 0.01 m)
[velocity_path_follower.py-9] [INFO] [1786905451.841670399] [velocity_path_follower]: waypoint 3425 / 5251 도달 (선 이탈 0.01 m)
[velocity_path_follower.py-9] [INFO] [1786905452.141806112] [velocity_path_follower]: waypoint 3426 / 5251 도달 (선 이탈 0.01 m)
[velocity_path_follower.py-9] [INFO] [1786905452.541512789] [velocity_path_follower]: waypoint 3427 / 5251 도달 (선 이탈 0.01 m)
[velocity_path_follower.py-9] [INFO] [1786905452.841458414] [velocity_path_follower]: waypoint 3428 / 5251 도달 (선 이탈 0.01 m)
[velocity_path_follower.py-9] [INFO] [1786905453.191639716] [velocity_path_follower]: waypoint 3429 / 5251 도달 (선 이탈 0.01 m)
[velocity_path_follower.py-9] [INFO] [1786905453.541739141] [velocity_path_follower]: waypoint 3430 / 5251 도달 (선 이탈 0.00 m)
[velocity_path_follower.py-9] [INFO] [1786905453.891718606] [velocity_path_follower]: waypoint 3431 / 5251 도달 (선 이탈 0.00 m)
[velocity_path_follower.py-9] [INFO] [1786905453.941366940] [velocity_path_follower]: 1475.0s  wp 3432/5251 이탈0.0m  위치 (  59.00,  -102.10,  12.06)
[velocity_path_follower.py-9] [INFO] [1786905454.241476441] [velocity_path_follower]: waypoint 3432 / 5251 도달 (선 이탈 0.00 m)
[velocity_path_follower.py-9] [INFO] [1786905454.591461029] [velocity_path_follower]: waypoint 3433 / 5251 도달 (선 이탈 0.00 m)
[velocity_path_follower.py-9] [INFO] [1786905458.941568867] [velocity_path_follower]: 1480.0s  wp 3434/5251 이탈2.8m  위치 (  64.15,  -100.11,  10.41)
[velocity_path_follower.py-9] [INFO] [1786905459.641453029] [velocity_path_follower]: waypoint 3434 / 5251 도달 (선 이탈 2.92 m)
[velocity_path_follower.py-9] [INFO] [1786905463.943698183] [velocity_path_follower]: 1485.0s  wp 3436/5251 이탈1.2m  위치 (  62.83,   -96.85,  10.68)
[velocity_path_follower.py-9] [INFO] [1786905464.543630947] [velocity_path_follower]: waypoint 3436 / 5251 도달 (선 이탈 1.39 m)
[velocity_path_follower.py-9] [INFO] [1786905465.193765134] [velocity_path_follower]: waypoint 3437 / 5251 도달 (선 이탈 1.47 m)
[velocity_path_follower.py-9] [INFO] [1786905465.793686062] [velocity_path_follower]: waypoint 3438 / 5251 도달 (선 이탈 1.47 m)
[velocity_path_follower.py-9] [INFO] [1786905466.393658030] [velocity_path_follower]: waypoint 3439 / 5251 도달 (선 이탈 1.42 m)
[velocity_path_follower.py-9] [INFO] [1786905466.943402156] [velocity_path_follower]: waypoint 3440 / 5251 도달 (선 이탈 1.32 m)
[velocity_path_follower.py-9] [INFO] [1786905467.493715540] [velocity_path_follower]: waypoint 3441 / 5251 도달 (선 이탈 1.19 m)
[velocity_path_follower.py-9] [INFO] [1786905468.052588400] [velocity_path_follower]: waypoint 3442 / 5251 도달 (선 이탈 1.03 m)
[velocity_path_follower.py-9] [INFO] [1786905468.551142456] [velocity_path_follower]: waypoint 3443 / 5251 도달 (선 이탈 0.86 m)
[velocity_path_follower.py-9] [INFO] [1786905468.951176863] [velocity_path_follower]: 1490.0s  wp 3444/5251 이탈0.7m  위치 (  58.46,   -97.38,  11.26)
[velocity_path_follower.py-9] [INFO] [1786905469.051264497] [velocity_path_follower]: waypoint 3444 / 5251 도달 (선 이탈 0.68 m)
[velocity_path_follower.py-9] [INFO] [1786905469.501356948] [velocity_path_follower]: waypoint 3445 / 5251 도달 (선 이탈 0.51 m)
[velocity_path_follower.py-9] [INFO] [1786905470.001187565] [velocity_path_follower]: waypoint 3446 / 5251 도달 (선 이탈 0.32 m)
[velocity_path_follower.py-9] [INFO] [1786905470.451285515] [velocity_path_follower]: waypoint 3447 / 5251 도달 (선 이탈 0.15 m)
[velocity_path_follower.py-9] [INFO] [1786905470.901237212] [velocity_path_follower]: waypoint 3448 / 5251 도달 (선 이탈 0.01 m)
[velocity_path_follower.py-9] [INFO] [1786905471.351252367] [velocity_path_follower]: waypoint 3449 / 5251 도달 (선 이탈 0.17 m)
[velocity_path_follower.py-9] [INFO] [1786905471.751162517] [velocity_path_follower]: waypoint 3450 / 5251 도달 (선 이탈 0.29 m)
[velocity_path_follower.py-9] [INFO] [1786905472.201282006] [velocity_path_follower]: waypoint 3451 / 5251 도달 (선 이탈 0.41 m)
[velocity_path_follower.py-9] [INFO] [1786905472.601216071] [velocity_path_follower]: waypoint 3452 / 5251 도달 (선 이탈 0.50 m)
[velocity_path_follower.py-9] [INFO] [1786905473.001180054] [velocity_path_follower]: waypoint 3453 / 5251 도달 (선 이탈 0.57 m)
[velocity_path_follower.py-9] [INFO] [1786905473.401230994] [velocity_path_follower]: waypoint 3454 / 5251 도달 (선 이탈 0.63 m)
[velocity_path_follower.py-9] [INFO] [1786905473.801259393] [velocity_path_follower]: waypoint 3455 / 5251 도달 (선 이탈 0.67 m)
[velocity_path_follower.py-9] [INFO] [1786905473.951097732] [velocity_path_follower]: 1495.0s  wp 3456/5251 이탈0.7m  위치 (  52.70,   -98.78,  12.84)
[velocity_path_follower.py-9] [INFO] [1786905474.203367117] [velocity_path_follower]: waypoint 3456 / 5251 도달 (선 이탈 0.69 m)
[velocity_path_follower.py-9] [INFO] [1786905474.607829130] [velocity_path_follower]: waypoint 3457 / 5251 도달 (선 이탈 0.70 m)
[velocity_path_follower.py-9] [INFO] [1786905475.007683691] [velocity_path_follower]: waypoint 3458 / 5251 도달 (선 이탈 0.69 m)
[velocity_path_follower.py-9] [INFO] [1786905475.407690211] [velocity_path_follower]: waypoint 3459 / 5251 도달 (선 이탈 0.67 m)
[velocity_path_follower.py-9] [INFO] [1786905475.807818483] [velocity_path_follower]: waypoint 3460 / 5251 도달 (선 이탈 0.64 m)
[velocity_path_follower.py-9] [INFO] [1786905476.157601788] [velocity_path_follower]: waypoint 3461 / 5251 도달 (선 이탈 0.60 m)
[velocity_path_follower.py-9] [INFO] [1786905476.557614056] [velocity_path_follower]: waypoint 3462 / 5251 도달 (선 이탈 0.54 m)
[velocity_path_follower.py-9] [INFO] [1786905476.957803703] [velocity_path_follower]: waypoint 3463 / 5251 도달 (선 이탈 0.48 m)
[velocity_path_follower.py-9] [INFO] [1786905477.357682884] [velocity_path_follower]: waypoint 3464 / 5251 도달 (선 이탈 0.41 m)
[velocity_path_follower.py-9] [INFO] [1786905477.707763525] [velocity_path_follower]: waypoint 3465 / 5251 도달 (선 이탈 0.35 m)
[velocity_path_follower.py-9] [INFO] [1786905478.107787250] [velocity_path_follower]: waypoint 3466 / 5251 도달 (선 이탈 0.27 m)
[velocity_path_follower.py-9] [INFO] [1786905478.457816098] [velocity_path_follower]: waypoint 3467 / 5251 도달 (선 이탈 0.20 m)
[velocity_path_follower.py-9] [INFO] [1786905478.857719445] [velocity_path_follower]: waypoint 3468 / 5251 도달 (선 이탈 0.12 m)
[velocity_path_follower.py-9] [INFO] [1786905478.957510362] [velocity_path_follower]: 1500.0s  wp 3469/5251 이탈0.1m  위치 (  46.23,   -98.20,  13.93)
[velocity_path_follower.py-9] [INFO] [1786905479.257520872] [velocity_path_follower]: waypoint 3469 / 5251 도달 (선 이탈 0.05 m)
[velocity_path_follower.py-9] [INFO] [1786905479.607503092] [velocity_path_follower]: waypoint 3470 / 5251 도달 (선 이탈 0.02 m)
[velocity_path_follower.py-9] [INFO] [1786905479.957763567] [velocity_path_follower]: waypoint 3471 / 5251 도달 (선 이탈 0.08 m)
[velocity_path_follower.py-9] [INFO] [1786905480.307775578] [velocity_path_follower]: waypoint 3472 / 5251 도달 (선 이탈 0.13 m)
[velocity_path_follower.py-9] [INFO] [1786905480.707513752] [velocity_path_follower]: waypoint 3473 / 5251 도달 (선 이탈 0.19 m)
[velocity_path_follower.py-9] [INFO] [1786905481.065071764] [velocity_path_follower]: waypoint 3474 / 5251 도달 (선 이탈 0.23 m)
[velocity_path_follower.py-9] [INFO] [1786905481.465197818] [velocity_path_follower]: waypoint 3475 / 5251 도달 (선 이탈 0.28 m)
[velocity_path_follower.py-9] [INFO] [1786905481.815015907] [velocity_path_follower]: waypoint 3476 / 5251 도달 (선 이탈 0.31 m)
[velocity_path_follower.py-9] [INFO] [1786905482.165789054] [velocity_path_follower]: waypoint 3477 / 5251 도달 (선 이탈 0.33 m)
[velocity_path_follower.py-9] [INFO] [1786905482.514942506] [velocity_path_follower]: waypoint 3478 / 5251 도달 (선 이탈 0.35 m)
[velocity_path_follower.py-9] [INFO] [1786905482.915408481] [velocity_path_follower]: waypoint 3479 / 5251 도달 (선 이탈 0.36 m)
[velocity_path_follower.py-9] [INFO] [1786905483.264936646] [velocity_path_follower]: waypoint 3480 / 5251 도달 (선 이탈 0.36 m)
[velocity_path_follower.py-9] [INFO] [1786905483.614976820] [velocity_path_follower]: waypoint 3481 / 5251 도달 (선 이탈 0.36 m)
[velocity_path_follower.py-9] [INFO] [1786905483.965130454] [velocity_path_follower]: waypoint 3482 / 5251 도달 (선 이탈 0.35 m)
[velocity_path_follower.py-9] [INFO] [1786905484.014868826] [velocity_path_follower]: 1505.1s  wp 3483/5251 이탈0.3m  위치 (  39.32,   -97.76,  12.34)
[velocity_path_follower.py-9] [INFO] [1786905484.314983582] [velocity_path_follower]: waypoint 3483 / 5251 도달 (선 이탈 0.33 m)
[velocity_path_follower.py-9] [INFO] [1786905484.665089381] [velocity_path_follower]: waypoint 3484 / 5251 도달 (선 이탈 0.31 m)
[velocity_path_follower.py-9] [INFO] [1786905485.064989468] [velocity_path_follower]: waypoint 3485 / 5251 도달 (선 이탈 0.28 m)
[velocity_path_follower.py-9] [INFO] [1786905485.415049348] [velocity_path_follower]: waypoint 3486 / 5251 도달 (선 이탈 0.25 m)
[velocity_path_follower.py-9] [INFO] [1786905485.764966642] [velocity_path_follower]: waypoint 3487 / 5251 도달 (선 이탈 0.22 m)
[velocity_path_follower.py-9] [INFO] [1786905486.115051063] [velocity_path_follower]: waypoint 3488 / 5251 도달 (선 이탈 0.19 m)
[velocity_path_follower.py-9] [INFO] [1786905486.465198901] [velocity_path_follower]: waypoint 3489 / 5251 도달 (선 이탈 0.15 m)
[velocity_path_follower.py-9] [INFO] [1786905486.817516151] [velocity_path_follower]: waypoint 3490 / 5251 도달 (선 이탈 0.12 m)
[velocity_path_follower.py-9] [INFO] [1786905487.167602946] [velocity_path_follower]: waypoint 3491 / 5251 도달 (선 이탈 0.08 m)
[velocity_path_follower.py-9] [INFO] [1786905487.517646031] [velocity_path_follower]: waypoint 3492 / 5251 도달 (선 이탈 0.05 m)
[velocity_path_follower.py-9] [INFO] [1786905487.917417153] [velocity_path_follower]: waypoint 3493 / 5251 도달 (선 이탈 0.01 m)
[velocity_path_follower.py-9] [INFO] [1786905488.267765034] [velocity_path_follower]: waypoint 3494 / 5251 도달 (선 이탈 0.03 m)
[velocity_path_follower.py-9] [INFO] [1786905488.617343777] [velocity_path_follower]: waypoint 3495 / 5251 도달 (선 이탈 0.06 m)
[velocity_path_follower.py-9] [INFO] [1786905488.967836576] [velocity_path_follower]: waypoint 3496 / 5251 도달 (선 이탈 0.08 m)
[velocity_path_follower.py-9] [INFO] [1786905489.017351277] [velocity_path_follower]: 1510.1s  wp 3497/5251 이탈0.1m  위치 (  32.29,   -98.19,  11.38)
[velocity_path_follower.py-9] [INFO] [1786905489.317632197] [velocity_path_follower]: waypoint 3497 / 5251 도달 (선 이탈 0.11 m)
[velocity_path_follower.py-9] [INFO] [1786905489.667638112] [velocity_path_follower]: waypoint 3498 / 5251 도달 (선 이탈 0.13 m)
[velocity_path_follower.py-9] [INFO] [1786905490.017726820] [velocity_path_follower]: waypoint 3499 / 5251 도달 (선 이탈 0.15 m)
[velocity_path_follower.py-9] [INFO] [1786905490.367668358] [velocity_path_follower]: waypoint 3500 / 5251 도달 (선 이탈 0.16 m)
[velocity_path_follower.py-9] [INFO] [1786905490.717644479] [velocity_path_follower]: waypoint 3501 / 5251 도달 (선 이탈 0.18 m)
[velocity_path_follower.py-9] [INFO] [1786905491.067382513] [velocity_path_follower]: waypoint 3502 / 5251 도달 (선 이탈 0.18 m)
[velocity_path_follower.py-9] [INFO] [1786905491.417351008] [velocity_path_follower]: waypoint 3503 / 5251 도달 (선 이탈 0.19 m)
[velocity_path_follower.py-9] [INFO] [1786905491.767417380] [velocity_path_follower]: waypoint 3504 / 5251 도달 (선 이탈 0.19 m)
[velocity_path_follower.py-9] [INFO] [1786905492.117460626] [velocity_path_follower]: waypoint 3505 / 5251 도달 (선 이탈 0.19 m)
[velocity_path_follower.py-9] [INFO] [1786905492.469497863] [velocity_path_follower]: waypoint 3506 / 5251 도달 (선 이탈 0.18 m)
[velocity_path_follower.py-9] [INFO] [1786905492.819697652] [velocity_path_follower]: waypoint 3507 / 5251 도달 (선 이탈 0.17 m)
[velocity_path_follower.py-9] [INFO] [1786905493.169505184] [velocity_path_follower]: waypoint 3508 / 5251 도달 (선 이탈 0.16 m)
[velocity_path_follower.py-9] [INFO] [1786905493.519736181] [velocity_path_follower]: waypoint 3509 / 5251 도달 (선 이탈 0.15 m)
[velocity_path_follower.py-9] [INFO] [1786905493.869434961] [velocity_path_follower]: waypoint 3510 / 5251 도달 (선 이탈 0.13 m)
[velocity_path_follower.py-9] [INFO] [1786905493.969507877] [velocity_path_follower]: 1515.0s  wp 3511/5251 이탈0.1m  위치 (  25.22,   -98.23,  11.51)
[velocity_path_follower.py-9] [INFO] [1786905494.219446995] [velocity_path_follower]: waypoint 3511 / 5251 도달 (선 이탈 0.12 m)
[velocity_path_follower.py-9] [INFO] [1786905494.569462820] [velocity_path_follower]: waypoint 3512 / 5251 도달 (선 이탈 0.10 m)
[velocity_path_follower.py-9] [INFO] [1786905494.922033646] [velocity_path_follower]: waypoint 3513 / 5251 도달 (선 이탈 0.08 m)
[velocity_path_follower.py-9] [INFO] [1786905495.272027637] [velocity_path_follower]: waypoint 3514 / 5251 도달 (선 이탈 0.06 m)
[velocity_path_follower.py-9] [INFO] [1786905495.621998419] [velocity_path_follower]: waypoint 3515 / 5251 도달 (선 이탈 0.04 m)
[velocity_path_follower.py-9] [INFO] [1786905495.972032576] [velocity_path_follower]: waypoint 3516 / 5251 도달 (선 이탈 0.02 m)
[velocity_path_follower.py-9] [INFO] [1786905496.322173401] [velocity_path_follower]: waypoint 3517 / 5251 도달 (선 이탈 0.01 m)
[ros2-8] [INFO] [1786905496.365984463] [rosbag2_cpp]: Writing remaining messages from cache to the bag. It may take a while
[velocity_path_follower.py-9] [INFO] [1786905496.671950553] [velocity_path_follower]: waypoint 3518 / 5251 도달 (선 이탈 0.01 m)
[velocity_path_follower.py-9] [INFO] [1786905497.022119753] [velocity_path_follower]: waypoint 3519 / 5251 도달 (선 이탈 0.03 m)
[velocity_path_follower.py-9] [INFO] [1786905497.372019406] [velocity_path_follower]: waypoint 3520 / 5251 도달 (선 이탈 0.04 m)
[velocity_path_follower.py-9] [INFO] [1786905497.722127895] [velocity_path_follower]: waypoint 3521 / 5251 도달 (선 이탈 0.06 m)
[velocity_path_follower.py-9] [INFO] [1786905498.072015506] [velocity_path_follower]: waypoint 3522 / 5251 도달 (선 이탈 0.07 m)
[velocity_path_follower.py-9] [INFO] [1786905498.422159745] [velocity_path_follower]: waypoint 3523 / 5251 도달 (선 이탈 0.08 m)
[velocity_path_follower.py-9] [INFO] [1786905498.722057856] [velocity_path_follower]: waypoint 3524 / 5251 도달 (선 이탈 0.08 m)
[velocity_path_follower.py-9] [INFO] [1786905498.972914861] [velocity_path_follower]: 1520.0s  wp 3525/5251 이탈0.1m  위치 (  18.05,   -98.01,  11.56)
[velocity_path_follower.py-9] [INFO] [1786905499.146736959] [velocity_path_follower]: waypoint 3525 / 5251 도달 (선 이탈 0.09 m)
[velocity_path_follower.py-9] [INFO] [1786905499.493915355] [velocity_path_follower]: waypoint 3526 / 5251 도달 (선 이탈 0.10 m)
[velocity_path_follower.py-9] [INFO] [1786905499.844677187] [velocity_path_follower]: waypoint 3527 / 5251 도달 (선 이탈 0.10 m)
[velocity_path_follower.py-9] [INFO] [1786905500.193962992] [velocity_path_follower]: waypoint 3528 / 5251 도달 (선 이탈 0.10 m)
[velocity_path_follower.py-9] [INFO] [1786905500.493849560] [velocity_path_follower]: waypoint 3529 / 5251 도달 (선 이탈 0.10 m)
[velocity_path_follower.py-9] [INFO] [1786905500.893850375] [velocity_path_follower]: waypoint 3530 / 5251 도달 (선 이탈 0.10 m)
[velocity_path_follower.py-9] [INFO] [1786905501.193939445] [velocity_path_follower]: waypoint 3531 / 5251 도달 (선 이탈 0.09 m)
[velocity_path_follower.py-9] [INFO] [1786905501.543758424] [velocity_path_follower]: waypoint 3532 / 5251 도달 (선 이탈 0.09 m)
[velocity_path_follower.py-9] [INFO] [1786905501.893863742] [velocity_path_follower]: waypoint 3533 / 5251 도달 (선 이탈 0.08 m)
[velocity_path_follower.py-9] [INFO] [1786905502.243697012] [velocity_path_follower]: waypoint 3534 / 5251 도달 (선 이탈 0.07 m)
[velocity_path_follower.py-9] [INFO] [1786905502.593777203] [velocity_path_follower]: waypoint 3535 / 5251 도달 (선 이탈 0.07 m)
[velocity_path_follower.py-9] [INFO] [1786905502.944086981] [velocity_path_follower]: waypoint 3536 / 5251 도달 (선 이탈 0.06 m)
[velocity_path_follower.py-9] [INFO] [1786905503.293678538] [velocity_path_follower]: waypoint 3537 / 5251 도달 (선 이탈 0.05 m)
[velocity_path_follower.py-9] [INFO] [1786905503.643741102] [velocity_path_follower]: waypoint 3538 / 5251 도달 (선 이탈 0.04 m)
[velocity_path_follower.py-9] [INFO] [1786905503.993783291] [velocity_path_follower]: waypoint 3539 / 5251 도달 (선 이탈 0.03 m)
[velocity_path_follower.py-9] [INFO] [1786905504.043454366] [velocity_path_follower]: 1525.1s  wp 3540/5251 이탈0.0m  위치 (  10.80,   -98.07,   6.65)
[velocity_path_follower.py-9] [INFO] [1786905508.393763492] [velocity_path_follower]: waypoint 3540 / 5251 도달 (선 이탈 0.06 m)
[velocity_path_follower.py-9] [INFO] [1786905508.443873157] [velocity_path_follower]: waypoint 3541 / 5251 도달 (선 이탈 0.06 m)
[velocity_path_follower.py-9] [INFO] [1786905508.493762110] [velocity_path_follower]: waypoint 3542 / 5251 도달 (선 이탈 0.06 m)
[velocity_path_follower.py-9] [INFO] [1786905508.543860441] [velocity_path_follower]: waypoint 3543 / 5251 도달 (선 이탈 0.07 m)
[velocity_path_follower.py-9] [INFO] [1786905508.593895771] [velocity_path_follower]: waypoint 3544 / 5251 도달 (선 이탈 0.07 m)
[velocity_path_follower.py-9] [INFO] [1786905508.643722223] [velocity_path_follower]: waypoint 3545 / 5251 도달 (선 이탈 0.07 m)
[velocity_path_follower.py-9] [INFO] [1786905508.693757469] [velocity_path_follower]: waypoint 3546 / 5251 도달 (선 이탈 0.07 m)
[velocity_path_follower.py-9] [INFO] [1786905508.743691840] [velocity_path_follower]: waypoint 3547 / 5251 도달 (선 이탈 0.07 m)
[velocity_path_follower.py-9] [INFO] [1786905508.793966924] [velocity_path_follower]: waypoint 3548 / 5251 도달 (선 이탈 0.07 m)
[velocity_path_follower.py-9] [INFO] [1786905508.943983621] [velocity_path_follower]: waypoint 3549 / 5251 도달 (선 이탈 0.07 m)
[velocity_path_follower.py-9] [INFO] [1786905508.993628986] [velocity_path_follower]: 1530.0s  wp 3550/5251 이탈0.1m  위치 (   5.84,   -98.17,   6.87)
[velocity_path_follower.py-9] [INFO] [1786905509.693837684] [velocity_path_follower]: waypoint 3550 / 5251 도달 (선 이탈 0.08 m)
[velocity_path_follower.py-9] [INFO] [1786905510.393737125] [velocity_path_follower]: waypoint 3551 / 5251 도달 (선 이탈 0.08 m)
[velocity_path_follower.py-9] [INFO] [1786905510.996864085] [velocity_path_follower]: waypoint 3552 / 5251 도달 (선 이탈 0.07 m)
[velocity_path_follower.py-9] [INFO] [1786905511.601281147] [velocity_path_follower]: waypoint 3553 / 5251 도달 (선 이탈 0.07 m)
[velocity_path_follower.py-9] [INFO] [1786905512.103691893] [velocity_path_follower]: waypoint 3554 / 5251 도달 (선 이탈 0.06 m)
[velocity_path_follower.py-9] [INFO] [1786905512.603766307] [velocity_path_follower]: waypoint 3555 / 5251 도달 (선 이탈 0.05 m)
[velocity_path_follower.py-9] [INFO] [1786905513.105667001] [velocity_path_follower]: waypoint 3556 / 5251 도달 (선 이탈 0.04 m)
[velocity_path_follower.py-9] [INFO] [1786905513.555685334] [velocity_path_follower]: waypoint 3557 / 5251 도달 (선 이탈 0.03 m)
[velocity_path_follower.py-9] [INFO] [1786905514.005372536] [velocity_path_follower]: 1535.0s  wp 3558/5251 이탈0.0m  위치 (   1.42,   -98.12,   8.18)
[velocity_path_follower.py-9] [INFO] [1786905514.055656453] [velocity_path_follower]: waypoint 3558 / 5251 도달 (선 이탈 0.02 m)
[velocity_path_follower.py-9] [INFO] [1786905514.505515448] [velocity_path_follower]: waypoint 3559 / 5251 도달 (선 이탈 0.01 m)
[velocity_path_follower.py-9] [INFO] [1786905514.905521242] [velocity_path_follower]: waypoint 3560 / 5251 도달 (선 이탈 0.00 m)
[velocity_path_follower.py-9] [INFO] [1786905515.359929936] [velocity_path_follower]: waypoint 3561 / 5251 도달 (선 이탈 0.01 m)
[velocity_path_follower.py-9] [INFO] [1786905515.809920682] [velocity_path_follower]: waypoint 3562 / 5251 도달 (선 이탈 0.02 m)
[velocity_path_follower.py-9] [INFO] [1786905516.509931067] [velocity_path_follower]: waypoint 3563 / 5251 도달 (선 이탈 0.03 m)
[velocity_path_follower.py-9] [INFO] [1786905516.609879972] [velocity_path_follower]: waypoint 3564 / 5251 도달 (선 이탈 0.03 m)
[velocity_path_follower.py-9] [INFO] [1786905517.012845938] [velocity_path_follower]: waypoint 3565 / 5251 도달 (선 이탈 0.03 m)
[velocity_path_follower.py-9] [INFO] [1786905517.412201675] [velocity_path_follower]: waypoint 3566 / 5251 도달 (선 이탈 0.04 m)
[velocity_path_follower.py-9] [INFO] [1786905517.812163381] [velocity_path_follower]: waypoint 3567 / 5251 도달 (선 이탈 0.04 m)
[velocity_path_follower.py-9] [INFO] [1786905518.212203254] [velocity_path_follower]: waypoint 3568 / 5251 도달 (선 이탈 0.04 m)
[velocity_path_follower.py-9] [INFO] [1786905518.614186616] [velocity_path_follower]: waypoint 3569 / 5251 도달 (선 이탈 0.04 m)
[velocity_path_follower.py-9] [INFO] [1786905518.964375455] [velocity_path_follower]: waypoint 3570 / 5251 도달 (선 이탈 0.04 m)
[velocity_path_follower.py-9] [INFO] [1786905519.014123570] [velocity_path_follower]: 1540.0s  wp 3571/5251 이탈0.0m  위치 (  -4.70,   -98.06,   6.72)
[velocity_path_follower.py-9] [INFO] [1786905519.364171905] [velocity_path_follower]: waypoint 3571 / 5251 도달 (선 이탈 0.04 m)
[velocity_path_follower.py-9] [INFO] [1786905519.718754190] [velocity_path_follower]: waypoint 3572 / 5251 도달 (선 이탈 0.04 m)
[velocity_path_follower.py-9] [INFO] [1786905520.118515889] [velocity_path_follower]: waypoint 3573 / 5251 도달 (선 이탈 0.03 m)
[velocity_path_follower.py-9] [INFO] [1786905520.469027856] [velocity_path_follower]: waypoint 3574 / 5251 도달 (선 이탈 0.03 m)
[velocity_path_follower.py-9] [INFO] [1786905520.868794637] [velocity_path_follower]: waypoint 3575 / 5251 도달 (선 이탈 0.03 m)
[velocity_path_follower.py-9] [INFO] [1786905521.218495090] [velocity_path_follower]: waypoint 3576 / 5251 도달 (선 이탈 0.02 m)
[velocity_path_follower.py-9] [INFO] [1786905521.618465956] [velocity_path_follower]: waypoint 3577 / 5251 도달 (선 이탈 0.02 m)
[velocity_path_follower.py-9] [INFO] [1786905521.968681792] [velocity_path_follower]: waypoint 3578 / 5251 도달 (선 이탈 0.01 m)
[velocity_path_follower.py-9] [INFO] [1786905522.318719748] [velocity_path_follower]: waypoint 3579 / 5251 도달 (선 이탈 0.01 m)
[velocity_path_follower.py-9] [INFO] [1786905522.671165285] [velocity_path_follower]: waypoint 3580 / 5251 도달 (선 이탈 0.01 m)
[velocity_path_follower.py-9] [INFO] [1786905523.023302693] [velocity_path_follower]: waypoint 3581 / 5251 도달 (선 이탈 0.00 m)
[velocity_path_follower.py-9] [INFO] [1786905523.423507185] [velocity_path_follower]: waypoint 3582 / 5251 도달 (선 이탈 0.00 m)
[velocity_path_follower.py-9] [INFO] [1786905523.773462597] [velocity_path_follower]: waypoint 3583 / 5251 도달 (선 이탈 0.01 m)
[velocity_path_follower.py-9] [INFO] [1786905524.023278228] [velocity_path_follower]: 1545.0s  wp 3584/5251 이탈0.0m  위치 ( -11.49,   -98.11,  10.23)
[velocity_path_follower.py-9] [INFO] [1786905524.123387466] [velocity_path_follower]: waypoint 3584 / 5251 도달 (선 이탈 0.01 m)
[velocity_path_follower.py-9] [INFO] [1786905524.473364794] [velocity_path_follower]: waypoint 3585 / 5251 도달 (선 이탈 0.01 m)
[velocity_path_follower.py-9] [INFO] [1786905524.823404706] [velocity_path_follower]: waypoint 3586 / 5251 도달 (선 이탈 0.02 m)
[velocity_path_follower.py-9] [INFO] [1786905525.223391735] [velocity_path_follower]: waypoint 3587 / 5251 도달 (선 이탈 0.02 m)
[velocity_path_follower.py-9] [INFO] [1786905525.573419103] [velocity_path_follower]: waypoint 3588 / 5251 도달 (선 이탈 0.02 m)
[velocity_path_follower.py-9] [INFO] [1786905525.923413722] [velocity_path_follower]: waypoint 3589 / 5251 도달 (선 이탈 0.02 m)
[velocity_path_follower.py-9] [INFO] [1786905526.273268795] [velocity_path_follower]: waypoint 3590 / 5251 도달 (선 이탈 0.02 m)
[velocity_path_follower.py-9] [INFO] [1786905526.623499833] [velocity_path_follower]: waypoint 3591 / 5251 도달 (선 이탈 0.02 m)
[velocity_path_follower.py-9] [INFO] [1786905526.973396823] [velocity_path_follower]: waypoint 3592 / 5251 도달 (선 이탈 0.02 m)
[velocity_path_follower.py-9] [INFO] [1786905527.323350688] [velocity_path_follower]: waypoint 3593 / 5251 도달 (선 이탈 0.02 m)
[velocity_path_follower.py-9] [INFO] [1786905527.673387388] [velocity_path_follower]: waypoint 3594 / 5251 도달 (선 이탈 0.02 m)
[velocity_path_follower.py-9] [INFO] [1786905528.023302711] [velocity_path_follower]: waypoint 3595 / 5251 도달 (선 이탈 0.02 m)
[velocity_path_follower.py-9] [INFO] [1786905528.373368410] [velocity_path_follower]: waypoint 3596 / 5251 도달 (선 이탈 0.02 m)
[velocity_path_follower.py-9] [INFO] [1786905528.723455609] [velocity_path_follower]: waypoint 3597 / 5251 도달 (선 이탈 0.02 m)
[velocity_path_follower.py-9] [INFO] [1786905529.023408772] [velocity_path_follower]: 1550.0s  wp 3598/5251 이탈0.0m  위치 ( -18.54,   -98.12,  10.78)
[velocity_path_follower.py-9] [INFO] [1786905529.073387097] [velocity_path_follower]: waypoint 3598 / 5251 도달 (선 이탈 0.02 m)
[velocity_path_follower.py-9] [INFO] [1786905529.423421753] [velocity_path_follower]: waypoint 3599 / 5251 도달 (선 이탈 0.01 m)
[velocity_path_follower.py-9] [INFO] [1786905529.823418192] [velocity_path_follower]: waypoint 3600 / 5251 도달 (선 이탈 0.01 m)
[velocity_path_follower.py-9] [INFO] [1786905530.123378562] [velocity_path_follower]: waypoint 3601 / 5251 도달 (선 이탈 0.01 m)
[velocity_path_follower.py-9] [INFO] [1786905530.490054491] [velocity_path_follower]: waypoint 3602 / 5251 도달 (선 이탈 0.01 m)
[velocity_path_follower.py-9] [INFO] [1786905530.838979460] [velocity_path_follower]: waypoint 3603 / 5251 도달 (선 이탈 0.01 m)
[velocity_path_follower.py-9] [INFO] [1786905531.238823186] [velocity_path_follower]: waypoint 3604 / 5251 도달 (선 이탈 0.00 m)
[velocity_path_follower.py-9] [INFO] [1786905531.539646319] [velocity_path_follower]: waypoint 3605 / 5251 도달 (선 이탈 0.00 m)
[velocity_path_follower.py-9] [INFO] [1786905531.938933743] [velocity_path_follower]: waypoint 3606 / 5251 도달 (선 이탈 0.00 m)
[velocity_path_follower.py-9] [INFO] [1786905532.238967404] [velocity_path_follower]: waypoint 3607 / 5251 도달 (선 이탈 0.00 m)
[velocity_path_follower.py-9] [INFO] [1786905532.588970638] [velocity_path_follower]: waypoint 3608 / 5251 도달 (선 이탈 0.00 m)
[velocity_path_follower.py-9] [INFO] [1786905534.038603476] [velocity_path_follower]: 1555.0s  climb       위치 ( -25.55,   -98.09,   5.60)
[velocity_path_follower.py-9] [INFO] [1786905537.388819729] [velocity_path_follower]: waypoint 3609 / 5251 도달 (선 이탈 0.02 m)
[velocity_path_follower.py-9] [INFO] [1786905537.438815095] [velocity_path_follower]: waypoint 3610 / 5251 도달 (선 이탈 0.02 m)
[velocity_path_follower.py-9] [INFO] [1786905537.488885212] [velocity_path_follower]: waypoint 3611 / 5251 도달 (선 이탈 0.02 m)
[velocity_path_follower.py-9] [INFO] [1786905537.538820285] [velocity_path_follower]: waypoint 3612 / 5251 도달 (선 이탈 0.02 m)
[velocity_path_follower.py-9] [INFO] [1786905537.588870694] [velocity_path_follower]: waypoint 3613 / 5251 도달 (선 이탈 0.02 m)
[velocity_path_follower.py-9] [INFO] [1786905537.638866143] [velocity_path_follower]: waypoint 3614 / 5251 도달 (선 이탈 0.02 m)
[velocity_path_follower.py-9] [INFO] [1786905537.688732007] [velocity_path_follower]: waypoint 3615 / 5251 도달 (선 이탈 0.02 m)
[velocity_path_follower.py-9] [INFO] [1786905537.738924042] [velocity_path_follower]: waypoint 3616 / 5251 도달 (선 이탈 0.02 m)
[velocity_path_follower.py-9] [INFO] [1786905537.788905991] [velocity_path_follower]: waypoint 3617 / 5251 도달 (선 이탈 0.02 m)
[velocity_path_follower.py-9] [INFO] [1786905537.838884940] [velocity_path_follower]: waypoint 3618 / 5251 도달 (선 이탈 0.02 m)
[velocity_path_follower.py-9] [INFO] [1786905538.588773885] [velocity_path_follower]: waypoint 3619 / 5251 도달 (선 이탈 0.02 m)
[velocity_path_follower.py-9] [INFO] [1786905539.038602716] [velocity_path_follower]: 1560.0s  wp 3620/5251 이탈0.0m  위치 ( -29.41,   -98.08,   7.94)
[velocity_path_follower.py-9] [INFO] [1786905539.339112293] [velocity_path_follower]: waypoint 3620 / 5251 도달 (선 이탈 0.02 m)
[velocity_path_follower.py-9] [INFO] [1786905539.988814583] [velocity_path_follower]: waypoint 3621 / 5251 도달 (선 이탈 0.02 m)
[velocity_path_follower.py-9] [INFO] [1786905540.589140390] [velocity_path_follower]: waypoint 3622 / 5251 도달 (선 이탈 0.01 m)
[velocity_path_follower.py-9] [INFO] [1786905541.089025959] [velocity_path_follower]: waypoint 3623 / 5251 도달 (선 이탈 0.01 m)
[velocity_path_follower.py-9] [INFO] [1786905541.638759140] [velocity_path_follower]: waypoint 3624 / 5251 도달 (선 이탈 0.01 m)
[velocity_path_follower.py-9] [INFO] [1786905542.141365710] [velocity_path_follower]: waypoint 3625 / 5251 도달 (선 이탈 0.01 m)
[velocity_path_follower.py-9] [INFO] [1786905542.641644074] [velocity_path_follower]: waypoint 3626 / 5251 도달 (선 이탈 0.00 m)
[velocity_path_follower.py-9] [INFO] [1786905543.091754528] [velocity_path_follower]: waypoint 3627 / 5251 도달 (선 이탈 0.00 m)
[velocity_path_follower.py-9] [INFO] [1786905543.541333097] [velocity_path_follower]: waypoint 3628 / 5251 도달 (선 이탈 0.00 m)
[velocity_path_follower.py-9] [INFO] [1786905543.991497426] [velocity_path_follower]: waypoint 3629 / 5251 도달 (선 이탈 0.00 m)
[velocity_path_follower.py-9] [INFO] [1786905544.041350164] [velocity_path_follower]: 1565.0s  wp 3630/5251 이탈0.0m  위치 ( -34.19,   -98.10,  11.40)
[velocity_path_follower.py-9] [INFO] [1786905544.392154355] [velocity_path_follower]: waypoint 3630 / 5251 도달 (선 이탈 0.01 m)
[velocity_path_follower.py-9] [INFO] [1786905544.841336750] [velocity_path_follower]: waypoint 3631 / 5251 도달 (선 이탈 0.01 m)
[velocity_path_follower.py-9] [INFO] [1786905545.241336917] [velocity_path_follower]: waypoint 3632 / 5251 도달 (선 이탈 0.01 m)
[velocity_path_follower.py-9] [INFO] [1786905545.691361240] [velocity_path_follower]: waypoint 3633 / 5251 도달 (선 이탈 0.01 m)
[velocity_path_follower.py-9] [INFO] [1786905546.091452200] [velocity_path_follower]: waypoint 3634 / 5251 도달 (선 이탈 0.01 m)
[velocity_path_follower.py-9] [INFO] [1786905546.491776287] [velocity_path_follower]: waypoint 3635 / 5251 도달 (선 이탈 0.01 m)
[velocity_path_follower.py-9] [INFO] [1786905549.041299271] [velocity_path_follower]: 1570.0s  wp 3636/5251 이탈1.4m  위치 ( -39.96,   -97.36,   7.99)
[velocity_path_follower.py-9] [INFO] [1786905554.041951596] [velocity_path_follower]: 1575.0s  climb       위치 ( -41.81,   -94.52,   5.60)
[velocity_path_follower.py-9] [INFO] [1786905555.241441092] [velocity_path_follower]: waypoint 3636 / 5251 도달 (선 이탈 3.42 m)
[velocity_path_follower.py-9] [INFO] [1786905559.041308065] [velocity_path_follower]: 1580.0s  wp 3638/5251 이탈0.6m  위치 ( -40.73,   -93.54,   8.32)
[velocity_path_follower.py-9] [INFO] [1786905560.441334706] [velocity_path_follower]: waypoint 3638 / 5251 도달 (선 이탈 0.50 m)
[velocity_path_follower.py-9] [INFO] [1786905561.041350760] [velocity_path_follower]: waypoint 3639 / 5251 도달 (선 이탈 0.44 m)
[velocity_path_follower.py-9] [INFO] [1786905561.557084886] [velocity_path_follower]: waypoint 3640 / 5251 도달 (선 이탈 0.37 m)
[velocity_path_follower.py-9] [INFO] [1786905562.055522396] [velocity_path_follower]: waypoint 3641 / 5251 도달 (선 이탈 0.30 m)
[velocity_path_follower.py-9] [INFO] [1786905562.505630528] [velocity_path_follower]: waypoint 3642 / 5251 도달 (선 이탈 0.23 m)
[velocity_path_follower.py-9] [INFO] [1786905563.005483143] [velocity_path_follower]: waypoint 3643 / 5251 도달 (선 이탈 0.16 m)
[velocity_path_follower.py-9] [INFO] [1786905563.455480397] [velocity_path_follower]: waypoint 3644 / 5251 도달 (선 이탈 0.08 m)
[velocity_path_follower.py-9] [INFO] [1786905563.905564277] [velocity_path_follower]: waypoint 3645 / 5251 도달 (선 이탈 0.02 m)
[velocity_path_follower.py-9] [INFO] [1786905564.055360650] [velocity_path_follower]: 1585.0s  wp 3646/5251 이탈0.0m  위치 ( -35.89,   -94.11,   7.46)
[velocity_path_follower.py-9] [INFO] [1786905564.305613253] [velocity_path_follower]: waypoint 3646 / 5251 도달 (선 이탈 0.04 m)
[velocity_path_follower.py-9] [INFO] [1786905564.755421127] [velocity_path_follower]: waypoint 3647 / 5251 도달 (선 이탈 0.10 m)
[velocity_path_follower.py-9] [INFO] [1786905565.155457602] [velocity_path_follower]: waypoint 3648 / 5251 도달 (선 이탈 0.15 m)
[velocity_path_follower.py-9] [INFO] [1786905565.605312350] [velocity_path_follower]: waypoint 3649 / 5251 도달 (선 이탈 0.19 m)
[velocity_path_follower.py-9] [INFO] [1786905566.005379116] [velocity_path_follower]: waypoint 3650 / 5251 도달 (선 이탈 0.22 m)
[velocity_path_follower.py-9] [INFO] [1786905566.405410339] [velocity_path_follower]: waypoint 3651 / 5251 도달 (선 이탈 0.25 m)
[velocity_path_follower.py-9] [INFO] [1786905566.805363726] [velocity_path_follower]: waypoint 3652 / 5251 도달 (선 이탈 0.27 m)
[velocity_path_follower.py-9] [INFO] [1786905567.205446699] [velocity_path_follower]: waypoint 3653 / 5251 도달 (선 이탈 0.28 m)
[velocity_path_follower.py-9] [INFO] [1786905567.557635969] [velocity_path_follower]: waypoint 3654 / 5251 도달 (선 이탈 0.28 m)
[velocity_path_follower.py-9] [INFO] [1786905567.957433061] [velocity_path_follower]: waypoint 3655 / 5251 도달 (선 이탈 0.28 m)
[velocity_path_follower.py-9] [INFO] [1786905568.357502282] [velocity_path_follower]: waypoint 3656 / 5251 도달 (선 이탈 0.27 m)
[velocity_path_follower.py-9] [INFO] [1786905568.707806104] [velocity_path_follower]: waypoint 3657 / 5251 도달 (선 이탈 0.26 m)
[velocity_path_follower.py-9] [INFO] [1786905569.057415580] [velocity_path_follower]: 1590.0s  wp 3658/5251 이탈0.2m  위치 ( -29.63,   -94.35,   9.96)
[velocity_path_follower.py-9] [INFO] [1786905569.107652861] [velocity_path_follower]: waypoint 3658 / 5251 도달 (선 이탈 0.24 m)
[velocity_path_follower.py-9] [INFO] [1786905569.457569217] [velocity_path_follower]: waypoint 3659 / 5251 도달 (선 이탈 0.22 m)
[velocity_path_follower.py-9] [INFO] [1786905569.857847523] [velocity_path_follower]: waypoint 3660 / 5251 도달 (선 이탈 0.20 m)
[velocity_path_follower.py-9] [INFO] [1786905570.257471151] [velocity_path_follower]: waypoint 3661 / 5251 도달 (선 이탈 0.17 m)
[velocity_path_follower.py-9] [INFO] [1786905570.607642885] [velocity_path_follower]: waypoint 3662 / 5251 도달 (선 이탈 0.14 m)
[velocity_path_follower.py-9] [INFO] [1786905570.957992913] [velocity_path_follower]: waypoint 3663 / 5251 도달 (선 이탈 0.12 m)
[velocity_path_follower.py-9] [INFO] [1786905571.307893100] [velocity_path_follower]: waypoint 3664 / 5251 도달 (선 이탈 0.09 m)
[velocity_path_follower.py-9] [INFO] [1786905571.707676395] [velocity_path_follower]: waypoint 3665 / 5251 도달 (선 이탈 0.06 m)
[velocity_path_follower.py-9] [INFO] [1786905572.057787793] [velocity_path_follower]: waypoint 3666 / 5251 도달 (선 이탈 0.03 m)
[velocity_path_follower.py-9] [INFO] [1786905572.457467085] [velocity_path_follower]: waypoint 3667 / 5251 도달 (선 이탈 0.00 m)
[velocity_path_follower.py-9] [INFO] [1786905572.807424147] [velocity_path_follower]: waypoint 3668 / 5251 도달 (선 이탈 0.03 m)
[velocity_path_follower.py-9] [INFO] [1786905573.157583586] [velocity_path_follower]: waypoint 3669 / 5251 도달 (선 이탈 0.05 m)
[velocity_path_follower.py-9] [INFO] [1786905573.507808151] [velocity_path_follower]: waypoint 3670 / 5251 도달 (선 이탈 0.07 m)
[velocity_path_follower.py-9] [INFO] [1786905573.857437831] [velocity_path_follower]: waypoint 3671 / 5251 도달 (선 이탈 0.09 m)
[velocity_path_follower.py-9] [INFO] [1786905574.059463511] [velocity_path_follower]: 1595.0s  wp 3672/5251 이탈0.1m  위치 ( -22.81,   -94.00,   9.74)
[velocity_path_follower.py-9] [INFO] [1786905574.259644620] [velocity_path_follower]: waypoint 3672 / 5251 도달 (선 이탈 0.11 m)
[velocity_path_follower.py-9] [INFO] [1786905574.609865767] [velocity_path_follower]: waypoint 3673 / 5251 도달 (선 이탈 0.12 m)
[velocity_path_follower.py-9] [INFO] [1786905574.959700449] [velocity_path_follower]: waypoint 3674 / 5251 도달 (선 이탈 0.14 m)
[velocity_path_follower.py-9] [INFO] [1786905575.311657873] [velocity_path_follower]: waypoint 3675 / 5251 도달 (선 이탈 0.14 m)
[velocity_path_follower.py-9] [INFO] [1786905575.661412345] [velocity_path_follower]: waypoint 3676 / 5251 도달 (선 이탈 0.15 m)
[velocity_path_follower.py-9] [INFO] [1786905576.011684450] [velocity_path_follower]: waypoint 3677 / 5251 도달 (선 이탈 0.15 m)
[velocity_path_follower.py-9] [INFO] [1786905576.361431711] [velocity_path_follower]: waypoint 3678 / 5251 도달 (선 이탈 0.15 m)
[velocity_path_follower.py-9] [INFO] [1786905576.761476171] [velocity_path_follower]: waypoint 3679 / 5251 도달 (선 이탈 0.15 m)
[velocity_path_follower.py-9] [INFO] [1786905577.111479770] [velocity_path_follower]: waypoint 3680 / 5251 도달 (선 이탈 0.14 m)
[velocity_path_follower.py-9] [INFO] [1786905577.463688112] [velocity_path_follower]: waypoint 3681 / 5251 도달 (선 이탈 0.14 m)
[velocity_path_follower.py-9] [INFO] [1786905579.069023359] [velocity_path_follower]: 1600.0s  climb       위치 ( -15.96,   -94.01,   6.10)
[velocity_path_follower.py-9] [INFO] [1786905580.571260245] [velocity_path_follower]: waypoint 3682 / 5251 도달 (선 이탈 0.06 m)
[velocity_path_follower.py-9] [INFO] [1786905580.621165019] [velocity_path_follower]: waypoint 3683 / 5251 도달 (선 이탈 0.06 m)
[velocity_path_follower.py-9] [INFO] [1786905580.671199712] [velocity_path_follower]: waypoint 3684 / 5251 도달 (선 이탈 0.06 m)
[velocity_path_follower.py-9] [INFO] [1786905580.721148195] [velocity_path_follower]: waypoint 3685 / 5251 도달 (선 이탈 0.06 m)
[velocity_path_follower.py-9] [INFO] [1786905580.771112261] [velocity_path_follower]: waypoint 3686 / 5251 도달 (선 이탈 0.06 m)
[velocity_path_follower.py-9] [INFO] [1786905580.821177621] [velocity_path_follower]: waypoint 3687 / 5251 도달 (선 이탈 0.05 m)
[velocity_path_follower.py-9] [INFO] [1786905580.871080770] [velocity_path_follower]: waypoint 3688 / 5251 도달 (선 이탈 0.05 m)
[velocity_path_follower.py-9] [INFO] [1786905581.121318359] [velocity_path_follower]: waypoint 3689 / 5251 도달 (선 이탈 0.05 m)
[velocity_path_follower.py-9] [INFO] [1786905581.771173769] [velocity_path_follower]: waypoint 3690 / 5251 도달 (선 이탈 0.04 m)
[velocity_path_follower.py-9] [INFO] [1786905582.321155545] [velocity_path_follower]: waypoint 3691 / 5251 도달 (선 이탈 0.03 m)
[velocity_path_follower.py-9] [INFO] [1786905582.875745688] [velocity_path_follower]: waypoint 3692 / 5251 도달 (선 이탈 0.02 m)
[velocity_path_follower.py-9] [INFO] [1786905583.378077310] [velocity_path_follower]: waypoint 3693 / 5251 도달 (선 이탈 0.01 m)
[velocity_path_follower.py-9] [INFO] [1786905583.878040351] [velocity_path_follower]: waypoint 3694 / 5251 도달 (선 이탈 0.00 m)
[velocity_path_follower.py-9] [INFO] [1786905584.077802280] [velocity_path_follower]: 1605.0s  wp 3695/5251 이탈0.0m  위치 ( -11.36,   -94.11,   9.32)
[velocity_path_follower.py-9] [INFO] [1786905584.377985265] [velocity_path_follower]: waypoint 3695 / 5251 도달 (선 이탈 0.01 m)
[velocity_path_follower.py-9] [INFO] [1786905584.828208492] [velocity_path_follower]: waypoint 3696 / 5251 도달 (선 이탈 0.02 m)
[velocity_path_follower.py-9] [INFO] [1786905585.278164380] [velocity_path_follower]: waypoint 3697 / 5251 도달 (선 이탈 0.02 m)
[velocity_path_follower.py-9] [INFO] [1786905585.678014658] [velocity_path_follower]: waypoint 3698 / 5251 도달 (선 이탈 0.03 m)
[velocity_path_follower.py-9] [INFO] [1786905586.128033046] [velocity_path_follower]: waypoint 3699 / 5251 도달 (선 이탈 0.03 m)
[velocity_path_follower.py-9] [INFO] [1786905586.527889115] [velocity_path_follower]: waypoint 3700 / 5251 도달 (선 이탈 0.03 m)
[velocity_path_follower.py-9] [INFO] [1786905586.977938544] [velocity_path_follower]: waypoint 3701 / 5251 도달 (선 이탈 0.04 m)
[velocity_path_follower.py-9] [INFO] [1786905587.378264119] [velocity_path_follower]: waypoint 3702 / 5251 도달 (선 이탈 0.04 m)
[velocity_path_follower.py-9] [INFO] [1786905587.778001101] [velocity_path_follower]: waypoint 3703 / 5251 도달 (선 이탈 0.04 m)
[velocity_path_follower.py-9] [INFO] [1786905588.178020337] [velocity_path_follower]: waypoint 3704 / 5251 도달 (선 이탈 0.03 m)
[velocity_path_follower.py-9] [INFO] [1786905588.578211909] [velocity_path_follower]: waypoint 3705 / 5251 도달 (선 이탈 0.03 m)
[velocity_path_follower.py-9] [INFO] [1786905588.978079392] [velocity_path_follower]: waypoint 3706 / 5251 도달 (선 이탈 0.03 m)
[velocity_path_follower.py-9] [INFO] [1786905589.077811102] [velocity_path_follower]: 1610.0s  wp 3707/5251 이탈0.0m  위치 (  -5.41,   -94.13,  11.54)
[velocity_path_follower.py-9] [INFO] [1786905589.328196354] [velocity_path_follower]: waypoint 3707 / 5251 도달 (선 이탈 0.03 m)
[velocity_path_follower.py-9] [INFO] [1786905589.727942875] [velocity_path_follower]: waypoint 3708 / 5251 도달 (선 이탈 0.02 m)
[velocity_path_follower.py-9] [INFO] [1786905590.127974484] [velocity_path_follower]: waypoint 3709 / 5251 도달 (선 이탈 0.02 m)
[velocity_path_follower.py-9] [INFO] [1786905590.477962567] [velocity_path_follower]: waypoint 3710 / 5251 도달 (선 이탈 0.02 m)
[velocity_path_follower.py-9] [INFO] [1786905590.878002884] [velocity_path_follower]: waypoint 3711 / 5251 도달 (선 이탈 0.01 m)
[velocity_path_follower.py-9] [INFO] [1786905591.228396015] [velocity_path_follower]: waypoint 3712 / 5251 도달 (선 이탈 0.01 m)
[velocity_path_follower.py-9] [INFO] [1786905591.627932822] [velocity_path_follower]: waypoint 3713 / 5251 도달 (선 이탈 0.01 m)
[velocity_path_follower.py-9] [INFO] [1786905591.980023188] [velocity_path_follower]: waypoint 3714 / 5251 도달 (선 이탈 0.00 m)
[velocity_path_follower.py-9] [INFO] [1786905592.380421217] [velocity_path_follower]: waypoint 3715 / 5251 도달 (선 이탈 0.00 m)
[velocity_path_follower.py-9] [INFO] [1786905592.731787195] [velocity_path_follower]: waypoint 3716 / 5251 도달 (선 이탈 0.01 m)
[velocity_path_follower.py-9] [INFO] [1786905593.095957049] [velocity_path_follower]: waypoint 3717 / 5251 도달 (선 이탈 0.01 m)
[velocity_path_follower.py-9] [INFO] [1786905593.495955153] [velocity_path_follower]: waypoint 3718 / 5251 도달 (선 이탈 0.01 m)
[velocity_path_follower.py-9] [INFO] [1786905593.845780314] [velocity_path_follower]: waypoint 3719 / 5251 도달 (선 이탈 0.01 m)
[velocity_path_follower.py-9] [INFO] [1786905594.095844056] [velocity_path_follower]: 1615.0s  wp 3720/5251 이탈0.0m  위치 (   1.30,   -94.09,   6.88)
[velocity_path_follower.py-9] [INFO] [1786905594.195966855] [velocity_path_follower]: waypoint 3720 / 5251 도달 (선 이탈 0.02 m)
[velocity_path_follower.py-9] [INFO] [1786905599.057655266] [velocity_path_follower]: waypoint 3721 / 5251 도달 (선 이탈 0.03 m)
[velocity_path_follower.py-9] [INFO] [1786905599.107651122] [velocity_path_follower]: waypoint 3722 / 5251 도달 (선 이탈 0.03 m)
[velocity_path_follower.py-9] [INFO] [1786905599.157494142] [velocity_path_follower]: waypoint 3723 / 5251 도달 (선 이탈 0.03 m)
[velocity_path_follower.py-9] [INFO] [1786905599.207634416] [velocity_path_follower]: waypoint 3724 / 5251 도달 (선 이탈 0.03 m)
[velocity_path_follower.py-9] [INFO] [1786905599.257503603] [velocity_path_follower]: waypoint 3725 / 5251 도달 (선 이탈 0.03 m)
[velocity_path_follower.py-9] [INFO] [1786905599.307509959] [velocity_path_follower]: waypoint 3726 / 5251 도달 (선 이탈 0.03 m)
[velocity_path_follower.py-9] [INFO] [1786905599.357499065] [velocity_path_follower]: waypoint 3727 / 5251 도달 (선 이탈 0.03 m)
[velocity_path_follower.py-9] [INFO] [1786905599.407801467] [velocity_path_follower]: waypoint 3728 / 5251 도달 (선 이탈 0.03 m)
[velocity_path_follower.py-9] [INFO] [1786905599.457586070] [velocity_path_follower]: waypoint 3729 / 5251 도달 (선 이탈 0.03 m)
[velocity_path_follower.py-9] [INFO] [1786905599.507676510] [velocity_path_follower]: waypoint 3730 / 5251 도달 (선 이탈 0.03 m)
[velocity_path_follower.py-9] [INFO] [1786905599.557343944] [velocity_path_follower]: 1620.5s  wp 3731/5251 이탈0.0m  위치 (   6.50,   -94.07,   6.85)
[velocity_path_follower.py-9] [INFO] [1786905600.307842079] [velocity_path_follower]: waypoint 3731 / 5251 도달 (선 이탈 0.03 m)
[velocity_path_follower.py-9] [INFO] [1786905601.057766496] [velocity_path_follower]: waypoint 3732 / 5251 도달 (선 이탈 0.03 m)
[velocity_path_follower.py-9] [INFO] [1786905601.707790242] [velocity_path_follower]: waypoint 3733 / 5251 도달 (선 이탈 0.02 m)
[velocity_path_follower.py-9] [INFO] [1786905602.308332474] [velocity_path_follower]: waypoint 3734 / 5251 도달 (선 이탈 0.02 m)
[velocity_path_follower.py-9] [INFO] [1786905602.857785666] [velocity_path_follower]: waypoint 3735 / 5251 도달 (선 이탈 0.02 m)
[velocity_path_follower.py-9] [INFO] [1786905603.407763447] [velocity_path_follower]: waypoint 3736 / 5251 도달 (선 이탈 0.01 m)
[velocity_path_follower.py-9] [INFO] [1786905603.859824261] [velocity_path_follower]: waypoint 3737 / 5251 도달 (선 이탈 0.01 m)
[velocity_path_follower.py-9] [INFO] [1786905604.109657075] [velocity_path_follower]: 1625.0s  wp 3738/5251 이탈0.0m  위치 (  10.15,   -94.09,   8.95)
[velocity_path_follower.py-9] [INFO] [1786905604.359960855] [velocity_path_follower]: waypoint 3738 / 5251 도달 (선 이탈 0.00 m)
[velocity_path_follower.py-9] [INFO] [1786905604.859726735] [velocity_path_follower]: waypoint 3739 / 5251 도달 (선 이탈 0.00 m)
[velocity_path_follower.py-9] [INFO] [1786905605.309911599] [velocity_path_follower]: waypoint 3740 / 5251 도달 (선 이탈 0.00 m)
[velocity_path_follower.py-9] [INFO] [1786905605.759690164] [velocity_path_follower]: waypoint 3741 / 5251 도달 (선 이탈 0.01 m)
[velocity_path_follower.py-9] [INFO] [1786905606.159933590] [velocity_path_follower]: waypoint 3742 / 5251 도달 (선 이탈 0.01 m)
[velocity_path_follower.py-9] [INFO] [1786905606.609818822] [velocity_path_follower]: waypoint 3743 / 5251 도달 (선 이탈 0.01 m)
[velocity_path_follower.py-9] [INFO] [1786905607.009830201] [velocity_path_follower]: waypoint 3744 / 5251 도달 (선 이탈 0.01 m)
[velocity_path_follower.py-9] [INFO] [1786905607.409852830] [velocity_path_follower]: waypoint 3745 / 5251 도달 (선 이탈 0.01 m)
[velocity_path_follower.py-9] [INFO] [1786905607.859671851] [velocity_path_follower]: waypoint 3746 / 5251 도달 (선 이탈 0.01 m)
[velocity_path_follower.py-9] [INFO] [1786905608.259889274] [velocity_path_follower]: waypoint 3747 / 5251 도달 (선 이탈 0.01 m)
[velocity_path_follower.py-9] [INFO] [1786905608.659718648] [velocity_path_follower]: waypoint 3748 / 5251 도달 (선 이탈 0.01 m)
[velocity_path_follower.py-9] [INFO] [1786905609.009746421] [velocity_path_follower]: waypoint 3749 / 5251 도달 (선 이탈 0.01 m)
[velocity_path_follower.py-9] [INFO] [1786905609.112372505] [velocity_path_follower]: 1630.0s  wp 3750/5251 이탈0.0m  위치 (  16.03,   -94.11,   7.70)
[velocity_path_follower.py-9] [INFO] [1786905609.412591884] [velocity_path_follower]: waypoint 3750 / 5251 도달 (선 이탈 0.01 m)
[velocity_path_follower.py-9] [INFO] [1786905609.812722054] [velocity_path_follower]: waypoint 3751 / 5251 도달 (선 이탈 0.01 m)
[velocity_path_follower.py-9] [INFO] [1786905610.214478165] [velocity_path_follower]: waypoint 3752 / 5251 도달 (선 이탈 0.01 m)
[velocity_path_follower.py-9] [INFO] [1786905610.566493010] [velocity_path_follower]: waypoint 3753 / 5251 도달 (선 이탈 0.01 m)
[velocity_path_follower.py-9] [INFO] [1786905610.966460426] [velocity_path_follower]: waypoint 3754 / 5251 도달 (선 이탈 0.01 m)
[velocity_path_follower.py-9] [INFO] [1786905611.316618864] [velocity_path_follower]: waypoint 3755 / 5251 도달 (선 이탈 0.01 m)
[velocity_path_follower.py-9] [INFO] [1786905611.718924984] [velocity_path_follower]: waypoint 3756 / 5251 도달 (선 이탈 0.01 m)
[velocity_path_follower.py-9] [INFO] [1786905612.068670207] [velocity_path_follower]: waypoint 3757 / 5251 도달 (선 이탈 0.00 m)
[velocity_path_follower.py-9] [INFO] [1786905612.418665725] [velocity_path_follower]: waypoint 3758 / 5251 도달 (선 이탈 0.00 m)
[velocity_path_follower.py-9] [INFO] [1786905612.818742515] [velocity_path_follower]: waypoint 3759 / 5251 도달 (선 이탈 0.00 m)
[velocity_path_follower.py-9] [INFO] [1786905613.168572863] [velocity_path_follower]: waypoint 3760 / 5251 도달 (선 이탈 0.00 m)
[velocity_path_follower.py-9] [INFO] [1786905613.518520421] [velocity_path_follower]: waypoint 3761 / 5251 도달 (선 이탈 0.00 m)
[velocity_path_follower.py-9] [INFO] [1786905613.918438957] [velocity_path_follower]: waypoint 3762 / 5251 도달 (선 이탈 0.00 m)
[velocity_path_follower.py-9] [INFO] [1786905614.118496956] [velocity_path_follower]: 1635.0s  wp 3763/5251 이탈0.0m  위치 (  22.73,   -94.10,   9.91)
[velocity_path_follower.py-9] [INFO] [1786905614.268789688] [velocity_path_follower]: waypoint 3763 / 5251 도달 (선 이탈 0.00 m)
[velocity_path_follower.py-9] [INFO] [1786905614.620920030] [velocity_path_follower]: waypoint 3764 / 5251 도달 (선 이탈 0.01 m)
[velocity_path_follower.py-9] [INFO] [1786905614.970758585] [velocity_path_follower]: waypoint 3765 / 5251 도달 (선 이탈 0.01 m)
[velocity_path_follower.py-9] [INFO] [1786905615.320511513] [velocity_path_follower]: waypoint 3766 / 5251 도달 (선 이탈 0.01 m)
[velocity_path_follower.py-9] [INFO] [1786905615.720780761] [velocity_path_follower]: waypoint 3767 / 5251 도달 (선 이탈 0.01 m)
[velocity_path_follower.py-9] [INFO] [1786905616.070697441] [velocity_path_follower]: waypoint 3768 / 5251 도달 (선 이탈 0.01 m)
[velocity_path_follower.py-9] [INFO] [1786905616.420658663] [velocity_path_follower]: waypoint 3769 / 5251 도달 (선 이탈 0.01 m)
[velocity_path_follower.py-9] [INFO] [1786905616.770749929] [velocity_path_follower]: waypoint 3770 / 5251 도달 (선 이탈 0.01 m)
[velocity_path_follower.py-9] [INFO] [1786905617.120727483] [velocity_path_follower]: waypoint 3771 / 5251 도달 (선 이탈 0.01 m)
[velocity_path_follower.py-9] [INFO] [1786905617.470816956] [velocity_path_follower]: waypoint 3772 / 5251 도달 (선 이탈 0.01 m)
[velocity_path_follower.py-9] [INFO] [1786905617.820773719] [velocity_path_follower]: waypoint 3773 / 5251 도달 (선 이탈 0.01 m)
[velocity_path_follower.py-9] [INFO] [1786905618.223497670] [velocity_path_follower]: waypoint 3774 / 5251 도달 (선 이탈 0.01 m)
[velocity_path_follower.py-9] [INFO] [1786905618.523512621] [velocity_path_follower]: waypoint 3775 / 5251 도달 (선 이탈 0.01 m)
[velocity_path_follower.py-9] [INFO] [1786905618.925394933] [velocity_path_follower]: waypoint 3776 / 5251 도달 (선 이탈 0.01 m)
[velocity_path_follower.py-9] [INFO] [1786905619.125478012] [velocity_path_follower]: 1640.0s  wp 3777/5251 이탈0.0m  위치 (  29.76,   -94.09,  13.79)
[velocity_path_follower.py-9] [INFO] [1786905619.275879118] [velocity_path_follower]: waypoint 3777 / 5251 도달 (선 이탈 0.01 m)
[velocity_path_follower.py-9] [INFO] [1786905619.625736877] [velocity_path_follower]: waypoint 3778 / 5251 도달 (선 이탈 0.01 m)
[velocity_path_follower.py-9] [INFO] [1786905619.975883057] [velocity_path_follower]: waypoint 3779 / 5251 도달 (선 이탈 0.00 m)
[velocity_path_follower.py-9] [INFO] [1786905620.328212521] [velocity_path_follower]: waypoint 3780 / 5251 도달 (선 이탈 0.00 m)
[velocity_path_follower.py-9] [INFO] [1786905620.678278491] [velocity_path_follower]: waypoint 3781 / 5251 도달 (선 이탈 0.00 m)
[velocity_path_follower.py-9] [INFO] [1786905621.028290959] [velocity_path_follower]: waypoint 3782 / 5251 도달 (선 이탈 0.00 m)
[velocity_path_follower.py-9] [INFO] [1786905621.378308926] [velocity_path_follower]: waypoint 3783 / 5251 도달 (선 이탈 0.00 m)
[velocity_path_follower.py-9] [INFO] [1786905621.678398042] [velocity_path_follower]: waypoint 3784 / 5251 도달 (선 이탈 0.00 m)
[velocity_path_follower.py-9] [INFO] [1786905622.080308393] [velocity_path_follower]: waypoint 3785 / 5251 도달 (선 이탈 0.00 m)
[velocity_path_follower.py-9] [INFO] [1786905622.430578988] [velocity_path_follower]: waypoint 3786 / 5251 도달 (선 이탈 0.00 m)
[velocity_path_follower.py-9] [INFO] [1786905622.780389826] [velocity_path_follower]: waypoint 3787 / 5251 도달 (선 이탈 0.00 m)
[velocity_path_follower.py-9] [INFO] [1786905623.130408834] [velocity_path_follower]: waypoint 3788 / 5251 도달 (선 이탈 0.00 m)
[velocity_path_follower.py-9] [INFO] [1786905623.480506051] [velocity_path_follower]: waypoint 3789 / 5251 도달 (선 이탈 0.00 m)
[velocity_path_follower.py-9] [INFO] [1786905623.830408723] [velocity_path_follower]: waypoint 3790 / 5251 도달 (선 이탈 0.00 m)
[velocity_path_follower.py-9] [INFO] [1786905624.139019933] [velocity_path_follower]: 1645.0s  wp 3791/5251 이탈0.0m  위치 (  36.89,   -94.10,  11.68)
[velocity_path_follower.py-9] [INFO] [1786905624.188266773] [velocity_path_follower]: waypoint 3791 / 5251 도달 (선 이탈 0.00 m)
[velocity_path_follower.py-9] [INFO] [1786905624.538182444] [velocity_path_follower]: waypoint 3792 / 5251 도달 (선 이탈 0.00 m)
[velocity_path_follower.py-9] [INFO] [1786905624.888030655] [velocity_path_follower]: waypoint 3793 / 5251 도달 (선 이탈 0.00 m)
[velocity_path_follower.py-9] [INFO] [1786905625.238180788] [velocity_path_follower]: waypoint 3794 / 5251 도달 (선 이탈 0.00 m)
[velocity_path_follower.py-9] [INFO] [1786905625.588117542] [velocity_path_follower]: waypoint 3795 / 5251 도달 (선 이탈 0.00 m)
[velocity_path_follower.py-9] [INFO] [1786905625.938180422] [velocity_path_follower]: waypoint 3796 / 5251 도달 (선 이탈 0.00 m)
[velocity_path_follower.py-9] [INFO] [1786905626.240638906] [velocity_path_follower]: waypoint 3797 / 5251 도달 (선 이탈 0.00 m)
[velocity_path_follower.py-9] [INFO] [1786905626.640464175] [velocity_path_follower]: waypoint 3798 / 5251 도달 (선 이탈 0.00 m)
[velocity_path_follower.py-9] [INFO] [1786905626.940473244] [velocity_path_follower]: waypoint 3799 / 5251 도달 (선 이탈 0.00 m)
[velocity_path_follower.py-9] [INFO] [1786905627.290490789] [velocity_path_follower]: waypoint 3800 / 5251 도달 (선 이탈 0.00 m)
[velocity_path_follower.py-9] [INFO] [1786905627.641172511] [velocity_path_follower]: waypoint 3801 / 5251 도달 (선 이탈 0.00 m)
[velocity_path_follower.py-9] [INFO] [1786905627.990608296] [velocity_path_follower]: waypoint 3802 / 5251 도달 (선 이탈 0.00 m)
[velocity_path_follower.py-9] [INFO] [1786905628.340449337] [velocity_path_follower]: waypoint 3803 / 5251 도달 (선 이탈 0.00 m)
[velocity_path_follower.py-9] [INFO] [1786905628.690603591] [velocity_path_follower]: waypoint 3804 / 5251 도달 (선 이탈 0.00 m)
[velocity_path_follower.py-9] [INFO] [1786905629.040760761] [velocity_path_follower]: waypoint 3805 / 5251 도달 (선 이탈 0.00 m)
[velocity_path_follower.py-9] [INFO] [1786905629.140678504] [velocity_path_follower]: 1650.0s  wp 3806/5251 이탈0.0m  위치 (  44.07,   -94.10,  11.82)
[velocity_path_follower.py-9] [INFO] [1786905629.390644052] [velocity_path_follower]: waypoint 3806 / 5251 도달 (선 이탈 0.00 m)
[velocity_path_follower.py-9] [INFO] [1786905629.740346756] [velocity_path_follower]: waypoint 3807 / 5251 도달 (선 이탈 0.00 m)
[velocity_path_follower.py-9] [INFO] [1786905630.090436966] [velocity_path_follower]: waypoint 3808 / 5251 도달 (선 이탈 0.00 m)
[velocity_path_follower.py-9] [INFO] [1786905630.440761346] [velocity_path_follower]: waypoint 3809 / 5251 도달 (선 이탈 0.00 m)
[velocity_path_follower.py-9] [INFO] [1786905630.792689543] [velocity_path_follower]: waypoint 3810 / 5251 도달 (선 이탈 0.00 m)
[velocity_path_follower.py-9] [INFO] [1786905631.142503248] [velocity_path_follower]: waypoint 3811 / 5251 도달 (선 이탈 0.00 m)
[velocity_path_follower.py-9] [INFO] [1786905631.492688124] [velocity_path_follower]: waypoint 3812 / 5251 도달 (선 이탈 0.00 m)
[velocity_path_follower.py-9] [INFO] [1786905631.792808899] [velocity_path_follower]: waypoint 3813 / 5251 도달 (선 이탈 0.00 m)
[velocity_path_follower.py-9] [INFO] [1786905632.192448034] [velocity_path_follower]: waypoint 3814 / 5251 도달 (선 이탈 0.00 m)
[velocity_path_follower.py-9] [INFO] [1786905632.542681577] [velocity_path_follower]: waypoint 3815 / 5251 도달 (선 이탈 0.00 m)
[velocity_path_follower.py-9] [INFO] [1786905632.842934144] [velocity_path_follower]: waypoint 3816 / 5251 도달 (선 이탈 0.00 m)
[velocity_path_follower.py-9] [INFO] [1786905633.242448359] [velocity_path_follower]: waypoint 3817 / 5251 도달 (선 이탈 0.00 m)
[velocity_path_follower.py-9] [INFO] [1786905633.542685675] [velocity_path_follower]: waypoint 3818 / 5251 도달 (선 이탈 0.00 m)
[velocity_path_follower.py-9] [INFO] [1786905633.892635046] [velocity_path_follower]: waypoint 3819 / 5251 도달 (선 이탈 0.00 m)
[velocity_path_follower.py-9] [INFO] [1786905634.142378962] [velocity_path_follower]: 1655.0s  wp 3820/5251 이탈0.0m  위치 (  51.28,   -94.10,  12.23)
[velocity_path_follower.py-9] [INFO] [1786905634.242741210] [velocity_path_follower]: waypoint 3820 / 5251 도달 (선 이탈 0.00 m)
[velocity_path_follower.py-9] [INFO] [1786905634.592426242] [velocity_path_follower]: waypoint 3821 / 5251 도달 (선 이탈 0.00 m)
[velocity_path_follower.py-9] [INFO] [1786905634.942492030] [velocity_path_follower]: waypoint 3822 / 5251 도달 (선 이탈 0.00 m)
[velocity_path_follower.py-9] [INFO] [1786905635.292447483] [velocity_path_follower]: waypoint 3823 / 5251 도달 (선 이탈 0.00 m)
[velocity_path_follower.py-9] [INFO] [1786905635.642790691] [velocity_path_follower]: waypoint 3824 / 5251 도달 (선 이탈 0.00 m)
[velocity_path_follower.py-9] [INFO] [1786905635.992521556] [velocity_path_follower]: waypoint 3825 / 5251 도달 (선 이탈 0.00 m)
[velocity_path_follower.py-9] [INFO] [1786905636.342500424] [velocity_path_follower]: waypoint 3826 / 5251 도달 (선 이탈 0.00 m)
[velocity_path_follower.py-9] [INFO] [1786905636.693114511] [velocity_path_follower]: waypoint 3827 / 5251 도달 (선 이탈 0.00 m)
[velocity_path_follower.py-9] [INFO] [1786905637.042491245] [velocity_path_follower]: waypoint 3828 / 5251 도달 (선 이탈 0.00 m)
[velocity_path_follower.py-9] [INFO] [1786905637.392663281] [velocity_path_follower]: waypoint 3829 / 5251 도달 (선 이탈 0.00 m)
[velocity_path_follower.py-9] [INFO] [1786905637.742656149] [velocity_path_follower]: waypoint 3830 / 5251 도달 (선 이탈 0.00 m)
[velocity_path_follower.py-9] [INFO] [1786905638.092726976] [velocity_path_follower]: waypoint 3831 / 5251 도달 (선 이탈 0.00 m)
[velocity_path_follower.py-9] [INFO] [1786905638.392844619] [velocity_path_follower]: waypoint 3832 / 5251 도달 (선 이탈 0.00 m)
[velocity_path_follower.py-9] [INFO] [1786905638.742769901] [velocity_path_follower]: waypoint 3833 / 5251 도달 (선 이탈 0.00 m)
[velocity_path_follower.py-9] [INFO] [1786905639.092921686] [velocity_path_follower]: waypoint 3834 / 5251 도달 (선 이탈 0.00 m)
[velocity_path_follower.py-9] [INFO] [1786905639.142389402] [velocity_path_follower]: 1660.0s  wp 3835/5251 이탈0.0m  위치 (  58.48,   -94.10,  10.07)
[velocity_path_follower.py-9] [INFO] [1786905639.442685840] [velocity_path_follower]: waypoint 3835 / 5251 도달 (선 이탈 0.00 m)
[velocity_path_follower.py-9] [INFO] [1786905639.792935834] [velocity_path_follower]: waypoint 3836 / 5251 도달 (선 이탈 0.00 m)
[velocity_path_follower.py-9] [INFO] [1786905640.144705769] [velocity_path_follower]: waypoint 3837 / 5251 도달 (선 이탈 0.00 m)
[velocity_path_follower.py-9] [INFO] [1786905644.144477430] [velocity_path_follower]: 1665.0s  wp 3838/5251 이탈2.6m  위치 (  63.99,   -92.34,  11.09)
[velocity_path_follower.py-9] [INFO] [1786905645.144780417] [velocity_path_follower]: waypoint 3838 / 5251 도달 (선 이탈 2.89 m)
[velocity_path_follower.py-9] [INFO] [1786905649.144669732] [velocity_path_follower]: 1670.0s  wp 3840/5251 이탈1.2m  위치 (  63.06,   -88.94,  11.90)
[velocity_path_follower.py-9] [INFO] [1786905650.096957930] [velocity_path_follower]: waypoint 3840 / 5251 도달 (선 이탈 1.42 m)
[velocity_path_follower.py-9] [INFO] [1786905650.846857444] [velocity_path_follower]: waypoint 3841 / 5251 도달 (선 이탈 1.50 m)
[velocity_path_follower.py-9] [INFO] [1786905651.346901593] [velocity_path_follower]: waypoint 3842 / 5251 도달 (선 이탈 1.50 m)
[velocity_path_follower.py-9] [INFO] [1786905651.946930104] [velocity_path_follower]: waypoint 3843 / 5251 도달 (선 이탈 1.45 m)
[velocity_path_follower.py-9] [INFO] [1786905652.547010532] [velocity_path_follower]: waypoint 3844 / 5251 도달 (선 이탈 1.34 m)
[velocity_path_follower.py-9] [INFO] [1786905653.046976719] [velocity_path_follower]: waypoint 3845 / 5251 도달 (선 이탈 1.22 m)
[velocity_path_follower.py-9] [INFO] [1786905653.597128548] [velocity_path_follower]: waypoint 3846 / 5251 도달 (선 이탈 1.05 m)
[velocity_path_follower.py-9] [INFO] [1786905654.147091332] [velocity_path_follower]: waypoint 3847 / 5251 도달 (선 이탈 0.87 m)
[velocity_path_follower.py-9] [INFO] [1786905654.196681173] [velocity_path_follower]: 1675.1s  wp 3848/5251 이탈0.9m  위치 (  58.81,   -89.25,  11.14)
[velocity_path_follower.py-9] [INFO] [1786905654.646884347] [velocity_path_follower]: waypoint 3848 / 5251 도달 (선 이탈 0.68 m)
[velocity_path_follower.py-9] [INFO] [1786905655.148786105] [velocity_path_follower]: waypoint 3849 / 5251 도달 (선 이탈 0.49 m)
[velocity_path_follower.py-9] [INFO] [1786905655.603168929] [velocity_path_follower]: waypoint 3850 / 5251 도달 (선 이탈 0.32 m)
[velocity_path_follower.py-9] [INFO] [1786905656.052940220] [velocity_path_follower]: waypoint 3851 / 5251 도달 (선 이탈 0.14 m)
[velocity_path_follower.py-9] [INFO] [1786905656.502789094] [velocity_path_follower]: waypoint 3852 / 5251 도달 (선 이탈 0.02 m)
[velocity_path_follower.py-9] [INFO] [1786905656.952812722] [velocity_path_follower]: waypoint 3853 / 5251 도달 (선 이탈 0.18 m)
[velocity_path_follower.py-9] [INFO] [1786905657.352749166] [velocity_path_follower]: waypoint 3854 / 5251 도달 (선 이탈 0.30 m)
[velocity_path_follower.py-9] [INFO] [1786905657.802818501] [velocity_path_follower]: waypoint 3855 / 5251 도달 (선 이탈 0.43 m)
[velocity_path_follower.py-9] [INFO] [1786905658.202731152] [velocity_path_follower]: waypoint 3856 / 5251 도달 (선 이탈 0.51 m)
[velocity_path_follower.py-9] [INFO] [1786905658.652939988] [velocity_path_follower]: waypoint 3857 / 5251 도달 (선 이탈 0.60 m)
[velocity_path_follower.py-9] [INFO] [1786905659.052776346] [velocity_path_follower]: waypoint 3858 / 5251 도달 (선 이탈 0.65 m)
[velocity_path_follower.py-9] [INFO] [1786905659.152808082] [velocity_path_follower]: 1680.0s  wp 3859/5251 이탈0.7m  위치 (  53.22,   -90.77,  10.70)
[velocity_path_follower.py-9] [INFO] [1786905659.452901624] [velocity_path_follower]: waypoint 3859 / 5251 도달 (선 이탈 0.69 m)
[velocity_path_follower.py-9] [INFO] [1786905659.802826302] [velocity_path_follower]: waypoint 3860 / 5251 도달 (선 이탈 0.71 m)
[velocity_path_follower.py-9] [INFO] [1786905660.252651172] [velocity_path_follower]: waypoint 3861 / 5251 도달 (선 이탈 0.72 m)
[velocity_path_follower.py-9] [INFO] [1786905660.652743490] [velocity_path_follower]: waypoint 3862 / 5251 도달 (선 이탈 0.71 m)
[velocity_path_follower.py-9] [INFO] [1786905661.002864796] [velocity_path_follower]: waypoint 3863 / 5251 도달 (선 이탈 0.69 m)
[velocity_path_follower.py-9] [INFO] [1786905661.402699275] [velocity_path_follower]: waypoint 3864 / 5251 도달 (선 이탈 0.65 m)
[velocity_path_follower.py-9] [INFO] [1786905661.802992429] [velocity_path_follower]: waypoint 3865 / 5251 도달 (선 이탈 0.61 m)
[velocity_path_follower.py-9] [INFO] [1786905662.202977494] [velocity_path_follower]: waypoint 3866 / 5251 도달 (선 이탈 0.54 m)
[velocity_path_follower.py-9] [INFO] [1786905662.602798180] [velocity_path_follower]: waypoint 3867 / 5251 도달 (선 이탈 0.48 m)
[velocity_path_follower.py-9] [INFO] [1786905662.955018351] [velocity_path_follower]: waypoint 3868 / 5251 도달 (선 이탈 0.42 m)
[velocity_path_follower.py-9] [INFO] [1786905663.354646408] [velocity_path_follower]: waypoint 3869 / 5251 도달 (선 이탈 0.34 m)
[velocity_path_follower.py-9] [INFO] [1786905663.754945768] [velocity_path_follower]: waypoint 3870 / 5251 도달 (선 이탈 0.26 m)
[velocity_path_follower.py-9] [INFO] [1786905664.104825233] [velocity_path_follower]: waypoint 3871 / 5251 도달 (선 이탈 0.18 m)
[velocity_path_follower.py-9] [INFO] [1786905664.154699952] [velocity_path_follower]: 1685.0s  wp 3872/5251 이탈0.2m  위치 (  46.81,   -90.28,  11.82)
[velocity_path_follower.py-9] [INFO] [1786905664.504751461] [velocity_path_follower]: waypoint 3872 / 5251 도달 (선 이탈 0.11 m)
[velocity_path_follower.py-9] [INFO] [1786905664.854850720] [velocity_path_follower]: waypoint 3873 / 5251 도달 (선 이탈 0.04 m)
[velocity_path_follower.py-9] [INFO] [1786905665.254843574] [velocity_path_follower]: waypoint 3874 / 5251 도달 (선 이탈 0.04 m)
[velocity_path_follower.py-9] [INFO] [1786905665.604851122] [velocity_path_follower]: waypoint 3875 / 5251 도달 (선 이탈 0.10 m)
[velocity_path_follower.py-9] [INFO] [1786905665.954793961] [velocity_path_follower]: waypoint 3876 / 5251 도달 (선 이탈 0.16 m)
[velocity_path_follower.py-9] [INFO] [1786905666.354780813] [velocity_path_follower]: waypoint 3877 / 5251 도달 (선 이탈 0.21 m)
[velocity_path_follower.py-9] [INFO] [1786905666.704706568] [velocity_path_follower]: waypoint 3878 / 5251 도달 (선 이탈 0.25 m)
[velocity_path_follower.py-9] [INFO] [1786905667.054694865] [velocity_path_follower]: waypoint 3879 / 5251 도달 (선 이탈 0.29 m)
[velocity_path_follower.py-9] [INFO] [1786905667.404902665] [velocity_path_follower]: waypoint 3880 / 5251 도달 (선 이탈 0.32 m)
[velocity_path_follower.py-9] [INFO] [1786905667.804645470] [velocity_path_follower]: waypoint 3881 / 5251 도달 (선 이탈 0.35 m)
[velocity_path_follower.py-9] [INFO] [1786905668.154761601] [velocity_path_follower]: waypoint 3882 / 5251 도달 (선 이탈 0.36 m)
[velocity_path_follower.py-9] [INFO] [1786905668.504613561] [velocity_path_follower]: waypoint 3883 / 5251 도달 (선 이탈 0.37 m)
[velocity_path_follower.py-9] [INFO] [1786905668.854744859] [velocity_path_follower]: waypoint 3884 / 5251 도달 (선 이탈 0.37 m)
[velocity_path_follower.py-9] [INFO] [1786905669.154625556] [velocity_path_follower]: 1690.0s  wp 3885/5251 이탈0.4m  위치 (  39.98,   -89.73,  13.64)
[velocity_path_follower.py-9] [INFO] [1786905669.254746958] [velocity_path_follower]: waypoint 3885 / 5251 도달 (선 이탈 0.37 m)
[velocity_path_follower.py-9] [INFO] [1786905669.604709293] [velocity_path_follower]: waypoint 3886 / 5251 도달 (선 이탈 0.36 m)
[velocity_path_follower.py-9] [INFO] [1786905669.954839715] [velocity_path_follower]: waypoint 3887 / 5251 도달 (선 이탈 0.34 m)
[velocity_path_follower.py-9] [INFO] [1786905670.304709048] [velocity_path_follower]: waypoint 3888 / 5251 도달 (선 이탈 0.32 m)
[velocity_path_follower.py-9] [INFO] [1786905670.654689050] [velocity_path_follower]: waypoint 3889 / 5251 도달 (선 이탈 0.29 m)
[velocity_path_follower.py-9] [INFO] [1786905671.054732190] [velocity_path_follower]: waypoint 3890 / 5251 도달 (선 이탈 0.26 m)
[velocity_path_follower.py-9] [INFO] [1786905671.404765566] [velocity_path_follower]: waypoint 3891 / 5251 도달 (선 이탈 0.23 m)
[velocity_path_follower.py-9] [INFO] [1786905671.755318285] [velocity_path_follower]: waypoint 3892 / 5251 도달 (선 이탈 0.19 m)
[velocity_path_follower.py-9] [INFO] [1786905672.104844820] [velocity_path_follower]: waypoint 3893 / 5251 도달 (선 이탈 0.16 m)
[velocity_path_follower.py-9] [INFO] [1786905672.454774152] [velocity_path_follower]: waypoint 3894 / 5251 도달 (선 이탈 0.12 m)
[velocity_path_follower.py-9] [INFO] [1786905672.804995406] [velocity_path_follower]: waypoint 3895 / 5251 도달 (선 이탈 0.08 m)
[velocity_path_follower.py-9] [INFO] [1786905673.154766318] [velocity_path_follower]: waypoint 3896 / 5251 도달 (선 이탈 0.05 m)
[velocity_path_follower.py-9] [INFO] [1786905673.554758996] [velocity_path_follower]: waypoint 3897 / 5251 도달 (선 이탈 0.01 m)
[velocity_path_follower.py-9] [INFO] [1786905673.854816651] [velocity_path_follower]: waypoint 3898 / 5251 도달 (선 이탈 0.02 m)
[velocity_path_follower.py-9] [INFO] [1786905674.154828471] [velocity_path_follower]: 1695.0s  wp 3899/5251 이탈0.1m  위치 (  32.97,   -90.15,  11.39)
[velocity_path_follower.py-9] [INFO] [1786905674.254973497] [velocity_path_follower]: waypoint 3899 / 5251 도달 (선 이탈 0.06 m)
[velocity_path_follower.py-9] [INFO] [1786905674.604685657] [velocity_path_follower]: waypoint 3900 / 5251 도달 (선 이탈 0.09 m)
[velocity_path_follower.py-9] [INFO] [1786905674.904934398] [velocity_path_follower]: waypoint 3901 / 5251 도달 (선 이탈 0.11 m)
[velocity_path_follower.py-9] [INFO] [1786905675.305427373] [velocity_path_follower]: waypoint 3902 / 5251 도달 (선 이탈 0.13 m)
[velocity_path_follower.py-9] [INFO] [1786905675.654628983] [velocity_path_follower]: waypoint 3903 / 5251 도달 (선 이탈 0.15 m)
[velocity_path_follower.py-9] [INFO] [1786905676.004816358] [velocity_path_follower]: waypoint 3904 / 5251 도달 (선 이탈 0.17 m)
[velocity_path_follower.py-9] [INFO] [1786905676.355107318] [velocity_path_follower]: waypoint 3905 / 5251 도달 (선 이탈 0.18 m)
[velocity_path_follower.py-9] [INFO] [1786905676.704758142] [velocity_path_follower]: waypoint 3906 / 5251 도달 (선 이탈 0.19 m)
[velocity_path_follower.py-9] [INFO] [1786905677.054641844] [velocity_path_follower]: waypoint 3907 / 5251 도달 (선 이탈 0.19 m)
[velocity_path_follower.py-9] [INFO] [1786905677.404692257] [velocity_path_follower]: waypoint 3908 / 5251 도달 (선 이탈 0.19 m)
[velocity_path_follower.py-9] [INFO] [1786905677.754744545] [velocity_path_follower]: waypoint 3909 / 5251 도달 (선 이탈 0.19 m)
[velocity_path_follower.py-9] [INFO] [1786905678.104770416] [velocity_path_follower]: waypoint 3910 / 5251 도달 (선 이탈 0.18 m)
[velocity_path_follower.py-9] [INFO] [1786905678.454727118] [velocity_path_follower]: waypoint 3911 / 5251 도달 (선 이탈 0.17 m)
[velocity_path_follower.py-9] [INFO] [1786905678.804939949] [velocity_path_follower]: waypoint 3912 / 5251 도달 (선 이탈 0.16 m)
[velocity_path_follower.py-9] [INFO] [1786905679.154739565] [velocity_path_follower]: waypoint 3913 / 5251 도달 (선 이탈 0.15 m)
[velocity_path_follower.py-9] [INFO] [1786905679.205000872] [velocity_path_follower]: 1700.1s  wp 3914/5251 이탈0.1m  위치 (  25.80,   -90.25,  11.03)
[velocity_path_follower.py-9] [INFO] [1786905679.504795060] [velocity_path_follower]: waypoint 3914 / 5251 도달 (선 이탈 0.13 m)
[velocity_path_follower.py-9] [INFO] [1786905679.854783636] [velocity_path_follower]: waypoint 3915 / 5251 도달 (선 이탈 0.12 m)
[velocity_path_follower.py-9] [INFO] [1786905680.204755254] [velocity_path_follower]: waypoint 3916 / 5251 도달 (선 이탈 0.10 m)
[velocity_path_follower.py-9] [INFO] [1786905680.554814581] [velocity_path_follower]: waypoint 3917 / 5251 도달 (선 이탈 0.08 m)
[velocity_path_follower.py-9] [INFO] [1786905680.904939659] [velocity_path_follower]: waypoint 3918 / 5251 도달 (선 이탈 0.06 m)
[velocity_path_follower.py-9] [INFO] [1786905681.254926234] [velocity_path_follower]: waypoint 3919 / 5251 도달 (선 이탈 0.04 m)
[velocity_path_follower.py-9] [INFO] [1786905681.604855767] [velocity_path_follower]: waypoint 3920 / 5251 도달 (선 이탈 0.02 m)
[velocity_path_follower.py-9] [INFO] [1786905681.954823299] [velocity_path_follower]: waypoint 3921 / 5251 도달 (선 이탈 0.00 m)
[velocity_path_follower.py-9] [INFO] [1786905682.305086628] [velocity_path_follower]: waypoint 3922 / 5251 도달 (선 이탈 0.01 m)
[velocity_path_follower.py-9] [INFO] [1786905682.654839990] [velocity_path_follower]: waypoint 3923 / 5251 도달 (선 이탈 0.03 m)
[velocity_path_follower.py-9] [INFO] [1786905683.005511700] [velocity_path_follower]: waypoint 3924 / 5251 도달 (선 이탈 0.05 m)
[velocity_path_follower.py-9] [INFO] [1786905683.354789678] [velocity_path_follower]: waypoint 3925 / 5251 도달 (선 이탈 0.06 m)
[velocity_path_follower.py-9] [INFO] [1786905683.704761834] [velocity_path_follower]: waypoint 3926 / 5251 도달 (선 이탈 0.07 m)
[velocity_path_follower.py-9] [INFO] [1786905684.054727782] [velocity_path_follower]: waypoint 3927 / 5251 도달 (선 이탈 0.08 m)
[velocity_path_follower.py-9] [INFO] [1786905684.154692427] [velocity_path_follower]: 1705.0s  wp 3928/5251 이탈0.1m  위치 (  18.69,   -90.02,  10.51)
[velocity_path_follower.py-9] [INFO] [1786905684.404879148] [velocity_path_follower]: waypoint 3928 / 5251 도달 (선 이탈 0.09 m)
[velocity_path_follower.py-9] [INFO] [1786905684.754770094] [velocity_path_follower]: waypoint 3929 / 5251 도달 (선 이탈 0.10 m)
[velocity_path_follower.py-9] [INFO] [1786905685.054736364] [velocity_path_follower]: waypoint 3930 / 5251 도달 (선 이탈 0.10 m)
[velocity_path_follower.py-9] [INFO] [1786905685.405724992] [velocity_path_follower]: waypoint 3931 / 5251 도달 (선 이탈 0.10 m)
[velocity_path_follower.py-9] [INFO] [1786905685.754929634] [velocity_path_follower]: waypoint 3932 / 5251 도달 (선 이탈 0.10 m)
[ros2-8] [INFO] [1786905685.854326604] [rosbag2_cpp]: Writing remaining messages from cache to the bag. It may take a while
[velocity_path_follower.py-9] [INFO] [1786905686.154687545] [velocity_path_follower]: waypoint 3933 / 5251 도달 (선 이탈 0.10 m)
[velocity_path_follower.py-9] [INFO] [1786905686.478784034] [velocity_path_follower]: waypoint 3934 / 5251 도달 (선 이탈 0.10 m)
[velocity_path_follower.py-9] [INFO] [1786905686.828288346] [velocity_path_follower]: waypoint 3935 / 5251 도달 (선 이탈 0.10 m)
[velocity_path_follower.py-9] [INFO] [1786905687.177967411] [velocity_path_follower]: waypoint 3936 / 5251 도달 (선 이탈 0.09 m)
[velocity_path_follower.py-9] [INFO] [1786905687.527844937] [velocity_path_follower]: waypoint 3937 / 5251 도달 (선 이탈 0.08 m)
[velocity_path_follower.py-9] [INFO] [1786905687.877963384] [velocity_path_follower]: waypoint 3938 / 5251 도달 (선 이탈 0.07 m)
[velocity_path_follower.py-9] [INFO] [1786905688.227777158] [velocity_path_follower]: waypoint 3939 / 5251 도달 (선 이탈 0.07 m)
[velocity_path_follower.py-9] [INFO] [1786905688.577695600] [velocity_path_follower]: waypoint 3940 / 5251 도달 (선 이탈 0.06 m)
[velocity_path_follower.py-9] [INFO] [1786905688.928007049] [velocity_path_follower]: waypoint 3941 / 5251 도달 (선 이탈 0.05 m)
[velocity_path_follower.py-9] [INFO] [1786905689.177830261] [velocity_path_follower]: 1710.0s  climb       위치 (  11.50,   -90.06,   6.37)
[velocity_path_follower.py-9] [INFO] [1786905691.933071412] [velocity_path_follower]: waypoint 3942 / 5251 도달 (선 이탈 0.03 m)
[velocity_path_follower.py-9] [INFO] [1786905691.982441203] [velocity_path_follower]: waypoint 3943 / 5251 도달 (선 이탈 0.03 m)
[velocity_path_follower.py-9] [INFO] [1786905692.032716342] [velocity_path_follower]: waypoint 3944 / 5251 도달 (선 이탈 0.03 m)
[velocity_path_follower.py-9] [INFO] [1786905692.082236135] [velocity_path_follower]: waypoint 3945 / 5251 도달 (선 이탈 0.03 m)
[velocity_path_follower.py-9] [INFO] [1786905692.132314062] [velocity_path_follower]: waypoint 3946 / 5251 도달 (선 이탈 0.03 m)
[velocity_path_follower.py-9] [INFO] [1786905692.182344530] [velocity_path_follower]: waypoint 3947 / 5251 도달 (선 이탈 0.03 m)
[velocity_path_follower.py-9] [INFO] [1786905692.232315789] [velocity_path_follower]: waypoint 3948 / 5251 도달 (선 이탈 0.03 m)
[velocity_path_follower.py-9] [INFO] [1786905692.582336896] [velocity_path_follower]: waypoint 3949 / 5251 도달 (선 이탈 0.04 m)
[velocity_path_follower.py-9] [INFO] [1786905693.182317090] [velocity_path_follower]: waypoint 3950 / 5251 도달 (선 이탈 0.05 m)
[velocity_path_follower.py-9] [INFO] [1786905693.732284482] [velocity_path_follower]: waypoint 3951 / 5251 도달 (선 이탈 0.05 m)
[velocity_path_follower.py-9] [INFO] [1786905694.182496818] [velocity_path_follower]: 1715.0s  wp 3952/5251 이탈0.1m  위치 (   6.46,   -90.15,   7.54)
[velocity_path_follower.py-9] [INFO] [1786905694.282360542] [velocity_path_follower]: waypoint 3952 / 5251 도달 (선 이탈 0.05 m)
[velocity_path_follower.py-9] [INFO] [1786905694.782356424] [velocity_path_follower]: waypoint 3953 / 5251 도달 (선 이탈 0.05 m)
[velocity_path_follower.py-9] [INFO] [1786905695.284783927] [velocity_path_follower]: waypoint 3954 / 5251 도달 (선 이탈 0.05 m)
[velocity_path_follower.py-9] [INFO] [1786905695.734398668] [velocity_path_follower]: waypoint 3955 / 5251 도달 (선 이탈 0.05 m)
[velocity_path_follower.py-9] [INFO] [1786905696.184430165] [velocity_path_follower]: waypoint 3956 / 5251 도달 (선 이탈 0.04 m)
[velocity_path_follower.py-9] [INFO] [1786905696.634671081] [velocity_path_follower]: waypoint 3957 / 5251 도달 (선 이탈 0.04 m)
[velocity_path_follower.py-9] [INFO] [1786905697.086753318] [velocity_path_follower]: waypoint 3958 / 5251 도달 (선 이탈 0.03 m)
[velocity_path_follower.py-9] [INFO] [1786905697.486447008] [velocity_path_follower]: waypoint 3959 / 5251 도달 (선 이탈 0.03 m)
[velocity_path_follower.py-9] [INFO] [1786905697.938680413] [velocity_path_follower]: waypoint 3960 / 5251 도달 (선 이탈 0.02 m)
[velocity_path_follower.py-9] [INFO] [1786905698.338486687] [velocity_path_follower]: waypoint 3961 / 5251 도달 (선 이탈 0.01 m)
[velocity_path_follower.py-9] [INFO] [1786905698.738819093] [velocity_path_follower]: waypoint 3962 / 5251 도달 (선 이탈 0.01 m)
[velocity_path_follower.py-9] [INFO] [1786905699.138851828] [velocity_path_follower]: waypoint 3963 / 5251 도달 (선 이탈 0.00 m)
[velocity_path_follower.py-9] [INFO] [1786905699.188431663] [velocity_path_follower]: 1720.0s  wp 3964/5251 이탈0.0m  위치 (   0.82,   -90.10,   7.99)
[velocity_path_follower.py-9] [INFO] [1786905699.538501098] [velocity_path_follower]: waypoint 3964 / 5251 도달 (선 이탈 0.00 m)
[velocity_path_follower.py-9] [INFO] [1786905699.938621667] [velocity_path_follower]: waypoint 3965 / 5251 도달 (선 이탈 0.01 m)
[velocity_path_follower.py-9] [INFO] [1786905700.338932030] [velocity_path_follower]: waypoint 3966 / 5251 도달 (선 이탈 0.01 m)
[velocity_path_follower.py-9] [INFO] [1786905700.738781177] [velocity_path_follower]: waypoint 3967 / 5251 도달 (선 이탈 0.02 m)
[velocity_path_follower.py-9] [INFO] [1786905701.088655858] [velocity_path_follower]: waypoint 3968 / 5251 도달 (선 이탈 0.02 m)
[velocity_path_follower.py-9] [INFO] [1786905701.488854843] [velocity_path_follower]: waypoint 3969 / 5251 도달 (선 이탈 0.02 m)
[velocity_path_follower.py-9] [INFO] [1786905701.890722021] [velocity_path_follower]: waypoint 3970 / 5251 도달 (선 이탈 0.02 m)
[velocity_path_follower.py-9] [INFO] [1786905702.240871289] [velocity_path_follower]: waypoint 3971 / 5251 도달 (선 이탈 0.03 m)
[velocity_path_follower.py-9] [INFO] [1786905702.590768218] [velocity_path_follower]: waypoint 3972 / 5251 도달 (선 이탈 0.03 m)
[velocity_path_follower.py-9] [INFO] [1786905702.990705198] [velocity_path_follower]: waypoint 3973 / 5251 도달 (선 이탈 0.03 m)
[velocity_path_follower.py-9] [INFO] [1786905703.340945465] [velocity_path_follower]: waypoint 3974 / 5251 도달 (선 이탈 0.03 m)
[velocity_path_follower.py-9] [INFO] [1786905703.740729692] [velocity_path_follower]: waypoint 3975 / 5251 도달 (선 이탈 0.02 m)
[velocity_path_follower.py-9] [INFO] [1786905704.090807873] [velocity_path_follower]: waypoint 3976 / 5251 도달 (선 이탈 0.02 m)
[velocity_path_follower.py-9] [INFO] [1786905704.190881223] [velocity_path_follower]: 1725.0s  wp 3977/5251 이탈0.0m  위치 (  -5.78,   -90.08,   8.87)
[velocity_path_follower.py-9] [INFO] [1786905704.440811552] [velocity_path_follower]: waypoint 3977 / 5251 도달 (선 이탈 0.02 m)
[velocity_path_follower.py-9] [INFO] [1786905704.840785072] [velocity_path_follower]: waypoint 3978 / 5251 도달 (선 이탈 0.02 m)
[velocity_path_follower.py-9] [INFO] [1786905705.190778376] [velocity_path_follower]: waypoint 3979 / 5251 도달 (선 이탈 0.02 m)
[velocity_path_follower.py-9] [INFO] [1786905705.540810638] [velocity_path_follower]: waypoint 3980 / 5251 도달 (선 이탈 0.01 m)
[velocity_path_follower.py-9] [INFO] [1786905705.890829609] [velocity_path_follower]: waypoint 3981 / 5251 도달 (선 이탈 0.01 m)
[velocity_path_follower.py-9] [INFO] [1786905706.290773877] [velocity_path_follower]: waypoint 3982 / 5251 도달 (선 이탈 0.01 m)
[velocity_path_follower.py-9] [INFO] [1786905706.640800680] [velocity_path_follower]: waypoint 3983 / 5251 도달 (선 이탈 0.01 m)
[velocity_path_follower.py-9] [INFO] [1786905706.940948227] [velocity_path_follower]: waypoint 3984 / 5251 도달 (선 이탈 0.00 m)
[velocity_path_follower.py-9] [INFO] [1786905707.340922703] [velocity_path_follower]: waypoint 3985 / 5251 도달 (선 이탈 0.00 m)
[velocity_path_follower.py-9] [INFO] [1786905707.690781419] [velocity_path_follower]: waypoint 3986 / 5251 도달 (선 이탈 0.00 m)
[velocity_path_follower.py-9] [INFO] [1786905708.040901097] [velocity_path_follower]: waypoint 3987 / 5251 도달 (선 이탈 0.00 m)
[velocity_path_follower.py-9] [INFO] [1786905708.390736562] [velocity_path_follower]: waypoint 3988 / 5251 도달 (선 이탈 0.01 m)
[velocity_path_follower.py-9] [INFO] [1786905708.740726904] [velocity_path_follower]: waypoint 3989 / 5251 도달 (선 이탈 0.01 m)
[velocity_path_follower.py-9] [INFO] [1786905709.090817873] [velocity_path_follower]: waypoint 3990 / 5251 도달 (선 이탈 0.01 m)
[velocity_path_follower.py-9] [INFO] [1786905709.190776845] [velocity_path_follower]: 1730.0s  wp 3991/5251 이탈0.0m  위치 ( -12.75,   -90.11,  10.94)
[velocity_path_follower.py-9] [INFO] [1786905709.490687887] [velocity_path_follower]: waypoint 3991 / 5251 도달 (선 이탈 0.01 m)
[velocity_path_follower.py-9] [INFO] [1786905709.790720972] [velocity_path_follower]: waypoint 3992 / 5251 도달 (선 이탈 0.01 m)
[velocity_path_follower.py-9] [INFO] [1786905710.190760112] [velocity_path_follower]: waypoint 3993 / 5251 도달 (선 이탈 0.01 m)
[velocity_path_follower.py-9] [INFO] [1786905710.541422755] [velocity_path_follower]: waypoint 3994 / 5251 도달 (선 이탈 0.01 m)
[velocity_path_follower.py-9] [INFO] [1786905710.890716835] [velocity_path_follower]: waypoint 3995 / 5251 도달 (선 이탈 0.01 m)
[velocity_path_follower.py-9] [INFO] [1786905711.240877386] [velocity_path_follower]: waypoint 3996 / 5251 도달 (선 이탈 0.02 m)
[velocity_path_follower.py-9] [INFO] [1786905711.540790842] [velocity_path_follower]: waypoint 3997 / 5251 도달 (선 이탈 0.02 m)
[velocity_path_follower.py-9] [INFO] [1786905711.941024109] [velocity_path_follower]: waypoint 3998 / 5251 도달 (선 이탈 0.01 m)
[velocity_path_follower.py-9] [INFO] [1786905712.290838821] [velocity_path_follower]: waypoint 3999 / 5251 도달 (선 이탈 0.01 m)
[velocity_path_follower.py-9] [INFO] [1786905712.640777617] [velocity_path_follower]: waypoint 4000 / 5251 도달 (선 이탈 0.01 m)
[velocity_path_follower.py-9] [INFO] [1786905712.990928333] [velocity_path_follower]: waypoint 4001 / 5251 도달 (선 이탈 0.01 m)
[velocity_path_follower.py-9] [INFO] [1786905713.342786993] [velocity_path_follower]: waypoint 4002 / 5251 도달 (선 이탈 0.01 m)
[velocity_path_follower.py-9] [INFO] [1786905713.699828277] [velocity_path_follower]: waypoint 4003 / 5251 도달 (선 이탈 0.01 m)
[velocity_path_follower.py-9] [INFO] [1786905714.048205756] [velocity_path_follower]: waypoint 4004 / 5251 도달 (선 이탈 0.01 m)
[velocity_path_follower.py-9] [INFO] [1786905714.197777893] [velocity_path_follower]: 1735.0s  wp 4005/5251 이탈0.0m  위치 ( -19.87,   -90.11,   7.73)
[velocity_path_follower.py-9] [INFO] [1786905714.398241468] [velocity_path_follower]: waypoint 4005 / 5251 도달 (선 이탈 0.01 m)
[velocity_path_follower.py-9] [INFO] [1786905714.747767507] [velocity_path_follower]: waypoint 4006 / 5251 도달 (선 이탈 0.01 m)
[velocity_path_follower.py-9] [INFO] [1786905715.048074675] [velocity_path_follower]: waypoint 4007 / 5251 도달 (선 이탈 0.01 m)
[velocity_path_follower.py-9] [INFO] [1786905715.447818014] [velocity_path_follower]: waypoint 4008 / 5251 도달 (선 이탈 0.00 m)
[velocity_path_follower.py-9] [INFO] [1786905719.008848046] [velocity_path_follower]: waypoint 4009 / 5251 도달 (선 이탈 0.01 m)
[velocity_path_follower.py-9] [INFO] [1786905719.058029914] [velocity_path_follower]: waypoint 4010 / 5251 도달 (선 이탈 0.01 m)
[velocity_path_follower.py-9] [INFO] [1786905719.108312424] [velocity_path_follower]: waypoint 4011 / 5251 도달 (선 이탈 0.01 m)
[velocity_path_follower.py-9] [INFO] [1786905719.158046426] [velocity_path_follower]: waypoint 4012 / 5251 도달 (선 이탈 0.01 m)
[velocity_path_follower.py-9] [INFO] [1786905719.208073057] [velocity_path_follower]: waypoint 4013 / 5251 도달 (선 이탈 0.01 m)
[velocity_path_follower.py-9] [INFO] [1786905719.257985728] [velocity_path_follower]: waypoint 4014 / 5251 도달 (선 이탈 0.01 m)
[velocity_path_follower.py-9] [INFO] [1786905719.308228530] [velocity_path_follower]: waypoint 4015 / 5251 도달 (선 이탈 0.01 m)
[velocity_path_follower.py-9] [INFO] [1786905719.357973740] [velocity_path_follower]: waypoint 4016 / 5251 도달 (선 이탈 0.01 m)
[velocity_path_follower.py-9] [INFO] [1786905719.407849494] [velocity_path_follower]: 1740.2s  wp 4017/5251 이탈0.0m  위치 ( -25.90,   -90.09,   6.66)
[velocity_path_follower.py-9] [INFO] [1786905719.708082033] [velocity_path_follower]: waypoint 4017 / 5251 도달 (선 이탈 0.01 m)
[velocity_path_follower.py-9] [INFO] [1786905720.358186777] [velocity_path_follower]: waypoint 4018 / 5251 도달 (선 이탈 0.01 m)
[velocity_path_follower.py-9] [INFO] [1786905721.007989474] [velocity_path_follower]: waypoint 4019 / 5251 도달 (선 이탈 0.01 m)
[velocity_path_follower.py-9] [INFO] [1786905721.558075163] [velocity_path_follower]: waypoint 4020 / 5251 도달 (선 이탈 0.01 m)
[velocity_path_follower.py-9] [INFO] [1786905722.058279139] [velocity_path_follower]: waypoint 4021 / 5251 도달 (선 이탈 0.01 m)
[velocity_path_follower.py-9] [INFO] [1786905722.608056863] [velocity_path_follower]: waypoint 4022 / 5251 도달 (선 이탈 0.01 m)
[velocity_path_follower.py-9] [INFO] [1786905723.057942244] [velocity_path_follower]: waypoint 4023 / 5251 도달 (선 이탈 0.01 m)
[velocity_path_follower.py-9] [INFO] [1786905723.507817249] [velocity_path_follower]: waypoint 4024 / 5251 도달 (선 이탈 0.00 m)
[velocity_path_follower.py-9] [INFO] [1786905724.008002931] [velocity_path_follower]: waypoint 4025 / 5251 도달 (선 이탈 0.00 m)
[velocity_path_follower.py-9] [INFO] [1786905724.207793741] [velocity_path_follower]: 1745.0s  wp 4026/5251 이탈0.0m  위치 ( -30.39,   -90.10,  10.59)
[velocity_path_follower.py-9] [INFO] [1786905724.407957681] [velocity_path_follower]: waypoint 4026 / 5251 도달 (선 이탈 0.00 m)
[velocity_path_follower.py-9] [INFO] [1786905724.858031605] [velocity_path_follower]: waypoint 4027 / 5251 도달 (선 이탈 0.00 m)
[velocity_path_follower.py-9] [INFO] [1786905725.308096695] [velocity_path_follower]: waypoint 4028 / 5251 도달 (선 이탈 0.00 m)
[velocity_path_follower.py-9] [INFO] [1786905725.707949775] [velocity_path_follower]: waypoint 4029 / 5251 도달 (선 이탈 0.00 m)
[velocity_path_follower.py-9] [INFO] [1786905726.107966067] [velocity_path_follower]: waypoint 4030 / 5251 도달 (선 이탈 0.00 m)
[velocity_path_follower.py-9] [INFO] [1786905726.507903106] [velocity_path_follower]: waypoint 4031 / 5251 도달 (선 이탈 0.00 m)
[velocity_path_follower.py-9] [INFO] [1786905726.908003440] [velocity_path_follower]: waypoint 4032 / 5251 도달 (선 이탈 0.00 m)
[velocity_path_follower.py-9] [INFO] [1786905727.308034022] [velocity_path_follower]: waypoint 4033 / 5251 도달 (선 이탈 0.00 m)
[velocity_path_follower.py-9] [INFO] [1786905727.707976019] [velocity_path_follower]: waypoint 4034 / 5251 도달 (선 이탈 0.00 m)
[velocity_path_follower.py-9] [INFO] [1786905728.107939015] [velocity_path_follower]: waypoint 4035 / 5251 도달 (선 이탈 0.01 m)
[velocity_path_follower.py-9] [INFO] [1786905728.507929220] [velocity_path_follower]: waypoint 4036 / 5251 도달 (선 이탈 0.01 m)
[velocity_path_follower.py-9] [INFO] [1786905728.857842044] [velocity_path_follower]: waypoint 4037 / 5251 도달 (선 이탈 0.01 m)
[velocity_path_follower.py-9] [INFO] [1786905729.207747868] [velocity_path_follower]: 1750.0s  wp 4038/5251 이탈0.0m  위치 ( -36.58,   -90.11,   9.45)
[velocity_path_follower.py-9] [INFO] [1786905729.258166546] [velocity_path_follower]: waypoint 4038 / 5251 도달 (선 이탈 0.01 m)
[velocity_path_follower.py-9] [INFO] [1786905729.607977909] [velocity_path_follower]: waypoint 4039 / 5251 도달 (선 이탈 0.01 m)
[velocity_path_follower.py-9] [INFO] [1786905734.208332403] [velocity_path_follower]: 1755.0s  climb       위치 ( -41.51,   -88.38,   5.30)
[velocity_path_follower.py-9] [INFO] [1786905736.858060776] [velocity_path_follower]: waypoint 4040 / 5251 도달 (선 이탈 4.10 m)
[velocity_path_follower.py-9] [INFO] [1786905739.207980322] [velocity_path_follower]: 1760.0s  wp 4042/5251 이탈0.6m  위치 ( -42.46,   -86.70,   8.03)
[velocity_path_follower.py-9] [INFO] [1786905742.657953677] [velocity_path_follower]: waypoint 4042 / 5251 도달 (선 이탈 0.68 m)
[velocity_path_follower.py-9] [INFO] [1786905743.157963416] [velocity_path_follower]: waypoint 4043 / 5251 도달 (선 이탈 0.76 m)
[velocity_path_follower.py-9] [INFO] [1786905743.608051403] [velocity_path_follower]: waypoint 4044 / 5251 도달 (선 이탈 0.81 m)
[velocity_path_follower.py-9] [INFO] [1786905744.058011388] [velocity_path_follower]: waypoint 4045 / 5251 도달 (선 이탈 0.84 m)
[velocity_path_follower.py-9] [INFO] [1786905744.207990730] [velocity_path_follower]: 1765.0s  wp 4046/5251 이탈0.8m  위치 ( -37.92,   -85.25,   7.25)
[velocity_path_follower.py-9] [INFO] [1786905744.508284627] [velocity_path_follower]: waypoint 4046 / 5251 도달 (선 이탈 0.85 m)
[velocity_path_follower.py-9] [INFO] [1786905744.958159693] [velocity_path_follower]: waypoint 4047 / 5251 도달 (선 이탈 0.83 m)
[velocity_path_follower.py-9] [INFO] [1786905745.407945007] [velocity_path_follower]: waypoint 4048 / 5251 도달 (선 이탈 0.79 m)
[velocity_path_follower.py-9] [INFO] [1786905745.857947615] [velocity_path_follower]: waypoint 4049 / 5251 도달 (선 이탈 0.74 m)
[velocity_path_follower.py-9] [INFO] [1786905746.307993432] [velocity_path_follower]: waypoint 4050 / 5251 도달 (선 이탈 0.67 m)
[velocity_path_follower.py-9] [INFO] [1786905747.707947421] [velocity_path_follower]: waypoint 4051 / 5251 도달 (선 이탈 0.40 m)
[velocity_path_follower.py-9] [INFO] [1786905747.758073634] [velocity_path_follower]: waypoint 4052 / 5251 도달 (선 이탈 0.39 m)
[velocity_path_follower.py-9] [INFO] [1786905747.808057303] [velocity_path_follower]: waypoint 4053 / 5251 도달 (선 이탈 0.38 m)
[velocity_path_follower.py-9] [INFO] [1786905748.107915441] [velocity_path_follower]: waypoint 4054 / 5251 도달 (선 이탈 0.33 m)
[velocity_path_follower.py-9] [INFO] [1786905748.607888757] [velocity_path_follower]: waypoint 4055 / 5251 도달 (선 이탈 0.25 m)
[velocity_path_follower.py-9] [INFO] [1786905749.108323413] [velocity_path_follower]: waypoint 4056 / 5251 도달 (선 이탈 0.16 m)
[velocity_path_follower.py-9] [INFO] [1786905749.208078831] [velocity_path_follower]: 1770.0s  wp 4057/5251 이탈0.1m  위치 ( -32.46,   -85.95,   7.05)
[velocity_path_follower.py-9] [INFO] [1786905749.557973345] [velocity_path_follower]: waypoint 4057 / 5251 도달 (선 이탈 0.09 m)
[velocity_path_follower.py-9] [INFO] [1786905750.058372625] [velocity_path_follower]: waypoint 4058 / 5251 도달 (선 이탈 0.00 m)
[velocity_path_follower.py-9] [INFO] [1786905750.508035431] [velocity_path_follower]: waypoint 4059 / 5251 도달 (선 이탈 0.07 m)
[velocity_path_follower.py-9] [INFO] [1786905750.907959948] [velocity_path_follower]: waypoint 4060 / 5251 도달 (선 이탈 0.12 m)
[velocity_path_follower.py-9] [INFO] [1786905751.358152428] [velocity_path_follower]: waypoint 4061 / 5251 도달 (선 이탈 0.18 m)
[velocity_path_follower.py-9] [INFO] [1786905751.757920025] [velocity_path_follower]: waypoint 4062 / 5251 도달 (선 이탈 0.22 m)
[velocity_path_follower.py-9] [INFO] [1786905752.208674764] [velocity_path_follower]: waypoint 4063 / 5251 도달 (선 이탈 0.26 m)
[velocity_path_follower.py-9] [INFO] [1786905752.608145354] [velocity_path_follower]: waypoint 4064 / 5251 도달 (선 이탈 0.28 m)
[velocity_path_follower.py-9] [INFO] [1786905753.008024910] [velocity_path_follower]: waypoint 4065 / 5251 도달 (선 이탈 0.30 m)
[velocity_path_follower.py-9] [INFO] [1786905753.407991758] [velocity_path_follower]: waypoint 4066 / 5251 도달 (선 이탈 0.31 m)
[velocity_path_follower.py-9] [INFO] [1786905753.808068816] [velocity_path_follower]: waypoint 4067 / 5251 도달 (선 이탈 0.31 m)
[velocity_path_follower.py-9] [INFO] [1786905754.158163163] [velocity_path_follower]: waypoint 4068 / 5251 도달 (선 이탈 0.31 m)
[velocity_path_follower.py-9] [INFO] [1786905754.207760951] [velocity_path_follower]: 1775.0s  wp 4069/5251 이탈0.3m  위치 ( -26.54,   -86.41,  10.80)
[velocity_path_follower.py-9] [INFO] [1786905754.557865590] [velocity_path_follower]: waypoint 4069 / 5251 도달 (선 이탈 0.30 m)
[velocity_path_follower.py-9] [INFO] [1786905754.958040231] [velocity_path_follower]: waypoint 4070 / 5251 도달 (선 이탈 0.28 m)
[velocity_path_follower.py-9] [INFO] [1786905755.357895451] [velocity_path_follower]: waypoint 4071 / 5251 도달 (선 이탈 0.26 m)
[velocity_path_follower.py-9] [INFO] [1786905755.708301635] [velocity_path_follower]: waypoint 4072 / 5251 도달 (선 이탈 0.24 m)
[velocity_path_follower.py-9] [INFO] [1786905756.110049301] [velocity_path_follower]: waypoint 4073 / 5251 도달 (선 이탈 0.21 m)
[velocity_path_follower.py-9] [INFO] [1786905756.510155732] [velocity_path_follower]: waypoint 4074 / 5251 도달 (선 이탈 0.18 m)
[velocity_path_follower.py-9] [INFO] [1786905756.860088366] [velocity_path_follower]: waypoint 4075 / 5251 도달 (선 이탈 0.15 m)
[velocity_path_follower.py-9] [INFO] [1786905757.210147294] [velocity_path_follower]: waypoint 4076 / 5251 도달 (선 이탈 0.12 m)
[velocity_path_follower.py-9] [INFO] [1786905757.610010928] [velocity_path_follower]: waypoint 4077 / 5251 도달 (선 이탈 0.08 m)
[velocity_path_follower.py-9] [INFO] [1786905757.960068564] [velocity_path_follower]: waypoint 4078 / 5251 도달 (선 이탈 0.05 m)
[velocity_path_follower.py-9] [INFO] [1786905758.310497497] [velocity_path_follower]: waypoint 4079 / 5251 도달 (선 이탈 0.02 m)
[velocity_path_follower.py-9] [INFO] [1786905758.710095043] [velocity_path_follower]: waypoint 4080 / 5251 도달 (선 이탈 0.01 m)
[velocity_path_follower.py-9] [INFO] [1786905759.060030509] [velocity_path_follower]: waypoint 4081 / 5251 도달 (선 이탈 0.04 m)
[velocity_path_follower.py-9] [INFO] [1786905759.210037471] [velocity_path_follower]: 1780.0s  wp 4082/5251 이탈0.0m  위치 ( -19.87,   -86.05,   9.64)
[velocity_path_follower.py-9] [INFO] [1786905759.410141394] [velocity_path_follower]: waypoint 4082 / 5251 도달 (선 이탈 0.06 m)
[velocity_path_follower.py-9] [INFO] [1786905759.809973818] [velocity_path_follower]: waypoint 4083 / 5251 도달 (선 이탈 0.09 m)
[velocity_path_follower.py-9] [INFO] [1786905760.159978826] [velocity_path_follower]: waypoint 4084 / 5251 도달 (선 이탈 0.11 m)
[velocity_path_follower.py-9] [INFO] [1786905760.510180337] [velocity_path_follower]: waypoint 4085 / 5251 도달 (선 이탈 0.13 m)
[velocity_path_follower.py-9] [INFO] [1786905760.860332013] [velocity_path_follower]: waypoint 4086 / 5251 도달 (선 이탈 0.14 m)
[velocity_path_follower.py-9] [INFO] [1786905761.210077141] [velocity_path_follower]: waypoint 4087 / 5251 도달 (선 이탈 0.15 m)
[velocity_path_follower.py-9] [INFO] [1786905761.610187026] [velocity_path_follower]: waypoint 4088 / 5251 도달 (선 이탈 0.16 m)
[velocity_path_follower.py-9] [INFO] [1786905761.960003488] [velocity_path_follower]: waypoint 4089 / 5251 도달 (선 이탈 0.17 m)
[velocity_path_follower.py-9] [INFO] [1786905764.210145776] [velocity_path_follower]: 1785.0s  climb       위치 ( -13.25,   -85.94,   5.81)
[velocity_path_follower.py-9] [INFO] [1786905766.110105004] [velocity_path_follower]: waypoint 4090 / 5251 도달 (선 이탈 0.15 m)
[velocity_path_follower.py-9] [INFO] [1786905766.159945627] [velocity_path_follower]: waypoint 4091 / 5251 도달 (선 이탈 0.15 m)
[velocity_path_follower.py-9] [INFO] [1786905766.210147839] [velocity_path_follower]: waypoint 4092 / 5251 도달 (선 이탈 0.15 m)
[velocity_path_follower.py-9] [INFO] [1786905766.259995546] [velocity_path_follower]: waypoint 4093 / 5251 도달 (선 이탈 0.15 m)
[velocity_path_follower.py-9] [INFO] [1786905766.310003171] [velocity_path_follower]: waypoint 4094 / 5251 도달 (선 이탈 0.15 m)
[velocity_path_follower.py-9] [INFO] [1786905766.360142632] [velocity_path_follower]: waypoint 4095 / 5251 도달 (선 이탈 0.15 m)
[velocity_path_follower.py-9] [INFO] [1786905766.410089965] [velocity_path_follower]: waypoint 4096 / 5251 도달 (선 이탈 0.15 m)
[velocity_path_follower.py-9] [INFO] [1786905766.460167967] [velocity_path_follower]: waypoint 4097 / 5251 도달 (선 이탈 0.15 m)
[velocity_path_follower.py-9] [INFO] [1786905766.510217593] [velocity_path_follower]: waypoint 4098 / 5251 도달 (선 이탈 0.15 m)
[velocity_path_follower.py-9] [INFO] [1786905767.010105470] [velocity_path_follower]: waypoint 4099 / 5251 도달 (선 이탈 0.15 m)
[velocity_path_follower.py-9] [INFO] [1786905767.710017098] [velocity_path_follower]: waypoint 4100 / 5251 도달 (선 이탈 0.14 m)
[velocity_path_follower.py-9] [INFO] [1786905768.360078477] [velocity_path_follower]: waypoint 4101 / 5251 도달 (선 이탈 0.12 m)
[velocity_path_follower.py-9] [INFO] [1786905768.910095813] [velocity_path_follower]: waypoint 4102 / 5251 도달 (선 이탈 0.10 m)
[velocity_path_follower.py-9] [INFO] [1786905769.210026104] [velocity_path_follower]: 1790.0s  wp 4103/5251 이탈0.1m  위치 (  -9.32,   -86.01,   9.20)
[velocity_path_follower.py-9] [INFO] [1786905769.460185607] [velocity_path_follower]: waypoint 4103 / 5251 도달 (선 이탈 0.08 m)
[velocity_path_follower.py-9] [INFO] [1786905770.009947854] [velocity_path_follower]: waypoint 4104 / 5251 도달 (선 이탈 0.06 m)
[velocity_path_follower.py-9] [INFO] [1786905770.510037896] [velocity_path_follower]: waypoint 4105 / 5251 도달 (선 이탈 0.04 m)
[velocity_path_follower.py-9] [INFO] [1786905770.962170596] [velocity_path_follower]: waypoint 4106 / 5251 도달 (선 이탈 0.02 m)
[velocity_path_follower.py-9] [INFO] [1786905771.412142678] [velocity_path_follower]: waypoint 4107 / 5251 도달 (선 이탈 0.00 m)
[velocity_path_follower.py-9] [INFO] [1786905771.862134552] [velocity_path_follower]: waypoint 4108 / 5251 도달 (선 이탈 0.02 m)
[velocity_path_follower.py-9] [INFO] [1786905772.312280719] [velocity_path_follower]: waypoint 4109 / 5251 도달 (선 이탈 0.03 m)
[velocity_path_follower.py-9] [INFO] [1786905772.712091672] [velocity_path_follower]: waypoint 4110 / 5251 도달 (선 이탈 0.05 m)
[velocity_path_follower.py-9] [INFO] [1786905773.162201629] [velocity_path_follower]: waypoint 4111 / 5251 도달 (선 이탈 0.06 m)
[velocity_path_follower.py-9] [INFO] [1786905773.562049874] [velocity_path_follower]: waypoint 4112 / 5251 도달 (선 이탈 0.07 m)
[velocity_path_follower.py-9] [INFO] [1786905774.012287541] [velocity_path_follower]: waypoint 4113 / 5251 도달 (선 이탈 0.07 m)
[velocity_path_follower.py-9] [INFO] [1786905774.212159954] [velocity_path_follower]: 1795.0s  wp 4114/5251 이탈0.1m  위치 (  -3.78,   -86.17,  11.64)
[velocity_path_follower.py-9] [INFO] [1786905774.412223911] [velocity_path_follower]: waypoint 4114 / 5251 도달 (선 이탈 0.08 m)
[velocity_path_follower.py-9] [INFO] [1786905774.812050155] [velocity_path_follower]: waypoint 4115 / 5251 도달 (선 이탈 0.08 m)
[velocity_path_follower.py-9] [INFO] [1786905775.162338864] [velocity_path_follower]: waypoint 4116 / 5251 도달 (선 이탈 0.08 m)
[velocity_path_follower.py-9] [INFO] [1786905775.562188148] [velocity_path_follower]: waypoint 4117 / 5251 도달 (선 이탈 0.08 m)
[velocity_path_follower.py-9] [INFO] [1786905775.962257936] [velocity_path_follower]: waypoint 4118 / 5251 도달 (선 이탈 0.07 m)
[velocity_path_follower.py-9] [INFO] [1786905776.362232055] [velocity_path_follower]: waypoint 4119 / 5251 도달 (선 이탈 0.07 m)
[velocity_path_follower.py-9] [INFO] [1786905776.712124549] [velocity_path_follower]: waypoint 4120 / 5251 도달 (선 이탈 0.07 m)
[velocity_path_follower.py-9] [INFO] [1786905777.112270170] [velocity_path_follower]: waypoint 4121 / 5251 도달 (선 이탈 0.06 m)
[velocity_path_follower.py-9] [INFO] [1786905777.512287123] [velocity_path_follower]: waypoint 4122 / 5251 도달 (선 이탈 0.05 m)
[velocity_path_follower.py-9] [INFO] [1786905777.862071530] [velocity_path_follower]: waypoint 4123 / 5251 도달 (선 이탈 0.04 m)
[velocity_path_follower.py-9] [INFO] [1786905778.212074357] [velocity_path_follower]: waypoint 4124 / 5251 도달 (선 이탈 0.04 m)
[velocity_path_follower.py-9] [INFO] [1786905778.612060975] [velocity_path_follower]: waypoint 4125 / 5251 도달 (선 이탈 0.03 m)
[velocity_path_follower.py-9] [INFO] [1786905778.962156762] [velocity_path_follower]: waypoint 4126 / 5251 도달 (선 이탈 0.02 m)
[velocity_path_follower.py-9] [INFO] [1786905779.211948962] [velocity_path_follower]: 1800.0s  wp 4127/5251 이탈0.0m  위치 (   2.76,   -86.11,   7.84)
[velocity_path_follower.py-9] [INFO] [1786905779.362261963] [velocity_path_follower]: waypoint 4127 / 5251 도달 (선 이탈 0.01 m)
[velocity_path_follower.py-9] [INFO] [1786905779.712174955] [velocity_path_follower]: waypoint 4128 / 5251 도달 (선 이탈 0.00 m)
[velocity_path_follower.py-9] [INFO] [1786905780.062169656] [velocity_path_follower]: waypoint 4129 / 5251 도달 (선 이탈 0.00 m)
[velocity_path_follower.py-9] [INFO] [1786905780.480774108] [velocity_path_follower]: waypoint 4130 / 5251 도달 (선 이탈 0.01 m)
[velocity_path_follower.py-9] [INFO] [1786905784.251492793] [velocity_path_follower]: 1805.0s  climb       위치 (   8.48,   -86.04,   6.23)
[velocity_path_follower.py-9] [INFO] [1786905784.664603696] [velocity_path_follower]: waypoint 4131 / 5251 도달 (선 이탈 0.06 m)
[velocity_path_follower.py-9] [INFO] [1786905784.714451901] [velocity_path_follower]: waypoint 4132 / 5251 도달 (선 이탈 0.06 m)
[velocity_path_follower.py-9] [INFO] [1786905784.768980054] [velocity_path_follower]: waypoint 4133 / 5251 도달 (선 이탈 0.06 m)
[velocity_path_follower.py-9] [INFO] [1786905784.818954844] [velocity_path_follower]: waypoint 4134 / 5251 도달 (선 이탈 0.06 m)
[velocity_path_follower.py-9] [INFO] [1786905784.869089678] [velocity_path_follower]: waypoint 4135 / 5251 도달 (선 이탈 0.06 m)
[velocity_path_follower.py-9] [INFO] [1786905784.918973132] [velocity_path_follower]: waypoint 4136 / 5251 도달 (선 이탈 0.06 m)
[velocity_path_follower.py-9] [INFO] [1786905784.971864843] [velocity_path_follower]: waypoint 4137 / 5251 도달 (선 이탈 0.06 m)
[velocity_path_follower.py-9] [INFO] [1786905785.021257332] [velocity_path_follower]: waypoint 4138 / 5251 도달 (선 이탈 0.07 m)
[velocity_path_follower.py-9] [INFO] [1786905785.071336082] [velocity_path_follower]: waypoint 4139 / 5251 도달 (선 이탈 0.07 m)
[velocity_path_follower.py-9] [INFO] [1786905785.721286267] [velocity_path_follower]: waypoint 4140 / 5251 도달 (선 이탈 0.07 m)
[velocity_path_follower.py-9] [INFO] [1786905786.523475357] [velocity_path_follower]: waypoint 4141 / 5251 도달 (선 이탈 0.07 m)
[velocity_path_follower.py-9] [INFO] [1786905787.073716675] [velocity_path_follower]: waypoint 4142 / 5251 도달 (선 이탈 0.06 m)
[velocity_path_follower.py-9] [INFO] [1786905787.625490474] [velocity_path_follower]: waypoint 4143 / 5251 도달 (선 이탈 0.06 m)
[velocity_path_follower.py-9] [INFO] [1786905788.175502494] [velocity_path_follower]: waypoint 4144 / 5251 도달 (선 이탈 0.05 m)
[velocity_path_follower.py-9] [INFO] [1786905788.675722145] [velocity_path_follower]: waypoint 4145 / 5251 도달 (선 이탈 0.04 m)
[velocity_path_follower.py-9] [INFO] [1786905789.175814042] [velocity_path_follower]: waypoint 4146 / 5251 도달 (선 이탈 0.03 m)
[velocity_path_follower.py-9] [INFO] [1786905789.275303447] [velocity_path_follower]: 1810.0s  wp 4147/5251 이탈0.0m  위치 (  12.53,   -86.07,   9.90)
[velocity_path_follower.py-9] [INFO] [1786905789.675746770] [velocity_path_follower]: waypoint 4147 / 5251 도달 (선 이탈 0.02 m)
[velocity_path_follower.py-9] [INFO] [1786905790.125803002] [velocity_path_follower]: waypoint 4148 / 5251 도달 (선 이탈 0.01 m)
[velocity_path_follower.py-9] [INFO] [1786905790.575686814] [velocity_path_follower]: waypoint 4149 / 5251 도달 (선 이탈 0.00 m)
[velocity_path_follower.py-9] [INFO] [1786905790.975514335] [velocity_path_follower]: waypoint 4150 / 5251 도달 (선 이탈 0.00 m)
[velocity_path_follower.py-9] [INFO] [1786905791.427661848] [velocity_path_follower]: waypoint 4151 / 5251 도달 (선 이탈 0.01 m)
[velocity_path_follower.py-9] [INFO] [1786905791.830062951] [velocity_path_follower]: waypoint 4152 / 5251 도달 (선 이탈 0.02 m)
[velocity_path_follower.py-9] [INFO] [1786905792.230258310] [velocity_path_follower]: waypoint 4153 / 5251 도달 (선 이탈 0.02 m)
[velocity_path_follower.py-9] [INFO] [1786905792.682404863] [velocity_path_follower]: waypoint 4154 / 5251 도달 (선 이탈 0.03 m)
[velocity_path_follower.py-9] [INFO] [1786905793.082777641] [velocity_path_follower]: waypoint 4155 / 5251 도달 (선 이탈 0.03 m)
[velocity_path_follower.py-9] [INFO] [1786905793.482508742] [velocity_path_follower]: waypoint 4156 / 5251 도달 (선 이탈 0.03 m)
[velocity_path_follower.py-9] [INFO] [1786905793.882671183] [velocity_path_follower]: waypoint 4157 / 5251 도달 (선 이탈 0.04 m)
[velocity_path_follower.py-9] [INFO] [1786905794.282603161] [velocity_path_follower]: waypoint 4158 / 5251 도달 (선 이탈 0.04 m)
[velocity_path_follower.py-9] [INFO] [1786905794.332356404] [velocity_path_follower]: 1815.1s  wp 4159/5251 이탈0.0m  위치 (  18.52,   -86.14,  12.58)
[velocity_path_follower.py-9] [INFO] [1786905794.632744686] [velocity_path_follower]: waypoint 4159 / 5251 도달 (선 이탈 0.04 m)
[velocity_path_follower.py-9] [INFO] [1786905795.032513078] [velocity_path_follower]: waypoint 4160 / 5251 도달 (선 이탈 0.04 m)
[velocity_path_follower.py-9] [INFO] [1786905795.382497059] [velocity_path_follower]: waypoint 4161 / 5251 도달 (선 이탈 0.03 m)
[velocity_path_follower.py-9] [INFO] [1786905795.782496703] [velocity_path_follower]: waypoint 4162 / 5251 도달 (선 이탈 0.03 m)
[velocity_path_follower.py-9] [INFO] [1786905796.182677517] [velocity_path_follower]: waypoint 4163 / 5251 도달 (선 이탈 0.03 m)
[velocity_path_follower.py-9] [INFO] [1786905796.532673706] [velocity_path_follower]: waypoint 4164 / 5251 도달 (선 이탈 0.03 m)
[velocity_path_follower.py-9] [INFO] [1786905796.932501763] [velocity_path_follower]: waypoint 4165 / 5251 도달 (선 이탈 0.02 m)
[velocity_path_follower.py-9] [INFO] [1786905797.282464576] [velocity_path_follower]: waypoint 4166 / 5251 도달 (선 이탈 0.02 m)
[velocity_path_follower.py-9] [INFO] [1786905797.632385220] [velocity_path_follower]: waypoint 4167 / 5251 도달 (선 이탈 0.02 m)
[velocity_path_follower.py-9] [INFO] [1786905798.034429687] [velocity_path_follower]: waypoint 4168 / 5251 도달 (선 이탈 0.01 m)
[velocity_path_follower.py-9] [INFO] [1786905798.384498875] [velocity_path_follower]: waypoint 4169 / 5251 도달 (선 이탈 0.01 m)
[velocity_path_follower.py-9] [INFO] [1786905798.734570564] [velocity_path_follower]: waypoint 4170 / 5251 도달 (선 이탈 0.00 m)
[velocity_path_follower.py-9] [INFO] [1786905799.134717041] [velocity_path_follower]: waypoint 4171 / 5251 도달 (선 이탈 0.00 m)
[velocity_path_follower.py-9] [INFO] [1786905799.284366276] [velocity_path_follower]: 1820.0s  wp 4172/5251 이탈0.0m  위치 (  25.18,   -86.10,  11.28)
[velocity_path_follower.py-9] [INFO] [1786905799.484484474] [velocity_path_follower]: waypoint 4172 / 5251 도달 (선 이탈 0.00 m)
[velocity_path_follower.py-9] [INFO] [1786905799.834756956] [velocity_path_follower]: waypoint 4173 / 5251 도달 (선 이탈 0.01 m)
[velocity_path_follower.py-9] [INFO] [1786905800.184447012] [velocity_path_follower]: waypoint 4174 / 5251 도달 (선 이탈 0.01 m)
[velocity_path_follower.py-9] [INFO] [1786905800.534826203] [velocity_path_follower]: waypoint 4175 / 5251 도달 (선 이탈 0.01 m)
[velocity_path_follower.py-9] [INFO] [1786905800.935210392] [velocity_path_follower]: waypoint 4176 / 5251 도달 (선 이탈 0.01 m)
[velocity_path_follower.py-9] [INFO] [1786905801.284443606] [velocity_path_follower]: waypoint 4177 / 5251 도달 (선 이탈 0.02 m)
[velocity_path_follower.py-9] [INFO] [1786905801.634660461] [velocity_path_follower]: waypoint 4178 / 5251 도달 (선 이탈 0.02 m)
[velocity_path_follower.py-9] [INFO] [1786905801.984687896] [velocity_path_follower]: waypoint 4179 / 5251 도달 (선 이탈 0.02 m)
[velocity_path_follower.py-9] [INFO] [1786905802.334436284] [velocity_path_follower]: waypoint 4180 / 5251 도달 (선 이탈 0.02 m)
[velocity_path_follower.py-9] [INFO] [1786905802.684641847] [velocity_path_follower]: waypoint 4181 / 5251 도달 (선 이탈 0.02 m)
[velocity_path_follower.py-9] [INFO] [1786905803.034692031] [velocity_path_follower]: waypoint 4182 / 5251 도달 (선 이탈 0.02 m)
[velocity_path_follower.py-9] [INFO] [1786905803.384450294] [velocity_path_follower]: waypoint 4183 / 5251 도달 (선 이탈 0.02 m)
[velocity_path_follower.py-9] [INFO] [1786905803.734626230] [velocity_path_follower]: waypoint 4184 / 5251 도달 (선 이탈 0.02 m)
[velocity_path_follower.py-9] [INFO] [1786905804.093412177] [velocity_path_follower]: waypoint 4185 / 5251 도달 (선 이탈 0.02 m)
[velocity_path_follower.py-9] [INFO] [1786905804.293316202] [velocity_path_follower]: 1825.0s  wp 4186/5251 이탈0.0m  위치 (  32.19,   -86.08,  11.34)
[velocity_path_follower.py-9] [INFO] [1786905804.443406568] [velocity_path_follower]: waypoint 4186 / 5251 도달 (선 이탈 0.02 m)
[velocity_path_follower.py-9] [INFO] [1786905804.793341958] [velocity_path_follower]: waypoint 4187 / 5251 도달 (선 이탈 0.02 m)
[velocity_path_follower.py-9] [INFO] [1786905805.193387928] [velocity_path_follower]: waypoint 4188 / 5251 도달 (선 이탈 0.01 m)
[velocity_path_follower.py-9] [INFO] [1786905805.543229816] [velocity_path_follower]: waypoint 4189 / 5251 도달 (선 이탈 0.01 m)
[velocity_path_follower.py-9] [INFO] [1786905805.843481464] [velocity_path_follower]: waypoint 4190 / 5251 도달 (선 이탈 0.01 m)
[velocity_path_follower.py-9] [INFO] [1786905806.243291555] [velocity_path_follower]: waypoint 4191 / 5251 도달 (선 이탈 0.01 m)
[velocity_path_follower.py-9] [INFO] [1786905806.593331820] [velocity_path_follower]: waypoint 4192 / 5251 도달 (선 이탈 0.01 m)
[velocity_path_follower.py-9] [INFO] [1786905806.943353169] [velocity_path_follower]: waypoint 4193 / 5251 도달 (선 이탈 0.00 m)
[velocity_path_follower.py-9] [INFO] [1786905807.243510856] [velocity_path_follower]: waypoint 4194 / 5251 도달 (선 이탈 0.00 m)
[velocity_path_follower.py-9] [INFO] [1786905807.643397447] [velocity_path_follower]: waypoint 4195 / 5251 도달 (선 이탈 0.00 m)
[velocity_path_follower.py-9] [INFO] [1786905807.943519591] [velocity_path_follower]: waypoint 4196 / 5251 도달 (선 이탈 0.00 m)
[velocity_path_follower.py-9] [INFO] [1786905808.343285013] [velocity_path_follower]: waypoint 4197 / 5251 도달 (선 이탈 0.00 m)
[velocity_path_follower.py-9] [INFO] [1786905808.693260943] [velocity_path_follower]: waypoint 4198 / 5251 도달 (선 이탈 0.00 m)
[velocity_path_follower.py-9] [INFO] [1786905809.043270914] [velocity_path_follower]: waypoint 4199 / 5251 도달 (선 이탈 0.01 m)
[velocity_path_follower.py-9] [INFO] [1786905809.295502345] [velocity_path_follower]: 1830.0s  wp 4200/5251 이탈0.0m  위치 (  39.33,   -86.11,  11.67)
[velocity_path_follower.py-9] [INFO] [1786905809.395607088] [velocity_path_follower]: waypoint 4200 / 5251 도달 (선 이탈 0.01 m)
[velocity_path_follower.py-9] [INFO] [1786905809.695942235] [velocity_path_follower]: waypoint 4201 / 5251 도달 (선 이탈 0.01 m)
[velocity_path_follower.py-9] [INFO] [1786905810.095493028] [velocity_path_follower]: waypoint 4202 / 5251 도달 (선 이탈 0.01 m)
[velocity_path_follower.py-9] [INFO] [1786905810.395514794] [velocity_path_follower]: waypoint 4203 / 5251 도달 (선 이탈 0.01 m)
[velocity_path_follower.py-9] [INFO] [1786905810.795405508] [velocity_path_follower]: waypoint 4204 / 5251 도달 (선 이탈 0.01 m)
[velocity_path_follower.py-9] [INFO] [1786905811.095506775] [velocity_path_follower]: waypoint 4205 / 5251 도달 (선 이탈 0.01 m)
[velocity_path_follower.py-9] [INFO] [1786905811.495466572] [velocity_path_follower]: waypoint 4206 / 5251 도달 (선 이탈 0.01 m)
[velocity_path_follower.py-9] [INFO] [1786905811.795499005] [velocity_path_follower]: waypoint 4207 / 5251 도달 (선 이탈 0.01 m)
[velocity_path_follower.py-9] [INFO] [1786905812.145505682] [velocity_path_follower]: waypoint 4208 / 5251 도달 (선 이탈 0.01 m)
[velocity_path_follower.py-9] [INFO] [1786905812.495714154] [velocity_path_follower]: waypoint 4209 / 5251 도달 (선 이탈 0.01 m)
[velocity_path_follower.py-9] [INFO] [1786905812.845400034] [velocity_path_follower]: waypoint 4210 / 5251 도달 (선 이탈 0.01 m)
[velocity_path_follower.py-9] [INFO] [1786905813.195744799] [velocity_path_follower]: waypoint 4211 / 5251 도달 (선 이탈 0.01 m)
[velocity_path_follower.py-9] [INFO] [1786905813.545621932] [velocity_path_follower]: waypoint 4212 / 5251 도달 (선 이탈 0.01 m)
[velocity_path_follower.py-9] [INFO] [1786905813.895480981] [velocity_path_follower]: waypoint 4213 / 5251 도달 (선 이탈 0.01 m)
[velocity_path_follower.py-9] [INFO] [1786905814.245487031] [velocity_path_follower]: waypoint 4214 / 5251 도달 (선 이탈 0.00 m)
[velocity_path_follower.py-9] [INFO] [1786905814.295341441] [velocity_path_follower]: 1835.0s  wp 4215/5251 이탈0.0m  위치 (  46.51,   -86.10,   9.55)
[velocity_path_follower.py-9] [INFO] [1786905814.595513541] [velocity_path_follower]: waypoint 4215 / 5251 도달 (선 이탈 0.00 m)
[velocity_path_follower.py-9] [INFO] [1786905814.945433590] [velocity_path_follower]: waypoint 4216 / 5251 도달 (선 이탈 0.00 m)
[velocity_path_follower.py-9] [INFO] [1786905815.295900063] [velocity_path_follower]: waypoint 4217 / 5251 도달 (선 이탈 0.00 m)
[velocity_path_follower.py-9] [INFO] [1786905815.645432106] [velocity_path_follower]: waypoint 4218 / 5251 도달 (선 이탈 0.00 m)
[velocity_path_follower.py-9] [INFO] [1786905815.995629992] [velocity_path_follower]: waypoint 4219 / 5251 도달 (선 이탈 0.00 m)
[velocity_path_follower.py-9] [INFO] [1786905816.345518872] [velocity_path_follower]: waypoint 4220 / 5251 도달 (선 이탈 0.00 m)
[velocity_path_follower.py-9] [INFO] [1786905816.695451504] [velocity_path_follower]: waypoint 4221 / 5251 도달 (선 이탈 0.00 m)
[velocity_path_follower.py-9] [INFO] [1786905817.045478011] [velocity_path_follower]: waypoint 4222 / 5251 도달 (선 이탈 0.00 m)
[velocity_path_follower.py-9] [INFO] [1786905817.395767439] [velocity_path_follower]: waypoint 4223 / 5251 도달 (선 이탈 0.00 m)
[velocity_path_follower.py-9] [INFO] [1786905817.695408737] [velocity_path_follower]: waypoint 4224 / 5251 도달 (선 이탈 0.00 m)
[velocity_path_follower.py-9] [INFO] [1786905818.095745410] [velocity_path_follower]: waypoint 4225 / 5251 도달 (선 이탈 0.01 m)
[velocity_path_follower.py-9] [INFO] [1786905818.395645961] [velocity_path_follower]: waypoint 4226 / 5251 도달 (선 이탈 0.01 m)
[velocity_path_follower.py-9] [INFO] [1786905818.745517632] [velocity_path_follower]: waypoint 4227 / 5251 도달 (선 이탈 0.01 m)
[velocity_path_follower.py-9] [INFO] [1786905819.095454095] [velocity_path_follower]: waypoint 4228 / 5251 도달 (선 이탈 0.01 m)
[velocity_path_follower.py-9] [INFO] [1786905819.295292405] [velocity_path_follower]: 1840.0s  wp 4229/5251 이탈0.0m  위치 (  53.71,   -86.09,  10.48)
[velocity_path_follower.py-9] [INFO] [1786905819.445609477] [velocity_path_follower]: waypoint 4229 / 5251 도달 (선 이탈 0.01 m)
[velocity_path_follower.py-9] [INFO] [1786905819.795478897] [velocity_path_follower]: waypoint 4230 / 5251 도달 (선 이탈 0.01 m)
[velocity_path_follower.py-9] [INFO] [1786905820.145728364] [velocity_path_follower]: waypoint 4231 / 5251 도달 (선 이탈 0.01 m)
[velocity_path_follower.py-9] [INFO] [1786905820.495444323] [velocity_path_follower]: waypoint 4232 / 5251 도달 (선 이탈 0.01 m)
[velocity_path_follower.py-9] [INFO] [1786905820.845701373] [velocity_path_follower]: waypoint 4233 / 5251 도달 (선 이탈 0.01 m)
[velocity_path_follower.py-9] [INFO] [1786905821.195491040] [velocity_path_follower]: waypoint 4234 / 5251 도달 (선 이탈 0.01 m)
[velocity_path_follower.py-9] [INFO] [1786905821.545656088] [velocity_path_follower]: waypoint 4235 / 5251 도달 (선 이탈 0.00 m)
[velocity_path_follower.py-9] [INFO] [1786905821.895626467] [velocity_path_follower]: waypoint 4236 / 5251 도달 (선 이탈 0.00 m)
[velocity_path_follower.py-9] [INFO] [1786905822.245486926] [velocity_path_follower]: waypoint 4237 / 5251 도달 (선 이탈 0.00 m)
[velocity_path_follower.py-9] [INFO] [1786905822.545669813] [velocity_path_follower]: waypoint 4238 / 5251 도달 (선 이탈 0.00 m)
[velocity_path_follower.py-9] [INFO] [1786905822.895509938] [velocity_path_follower]: waypoint 4239 / 5251 도달 (선 이탈 0.00 m)
[velocity_path_follower.py-9] [INFO] [1786905823.295789273] [velocity_path_follower]: waypoint 4240 / 5251 도달 (선 이탈 0.00 m)
[velocity_path_follower.py-9] [INFO] [1786905823.595702571] [velocity_path_follower]: waypoint 4241 / 5251 도달 (선 이탈 0.00 m)
[velocity_path_follower.py-9] [INFO] [1786905824.295422988] [velocity_path_follower]: 1845.0s  wp 4242/5251 이탈0.5m  위치 (  60.91,   -86.07,  12.05)
[velocity_path_follower.py-9] [INFO] [1786905828.645683478] [velocity_path_follower]: waypoint 4242 / 5251 도달 (선 이탈 2.93 m)
[velocity_path_follower.py-9] [INFO] [1786905829.295650605] [velocity_path_follower]: 1850.0s  wp 4244/5251 이탈1.0m  위치 (  64.40,   -83.09,  11.57)
[velocity_path_follower.py-9] [INFO] [1786905833.645767967] [velocity_path_follower]: waypoint 4244 / 5251 도달 (선 이탈 1.40 m)
[velocity_path_follower.py-9] [INFO] [1786905834.295389291] [velocity_path_follower]: waypoint 4245 / 5251 도달 (선 이탈 1.47 m)
[velocity_path_follower.py-9] [INFO] [1786905834.345466827] [velocity_path_follower]: 1855.1s  wp 4246/5251 이탈1.5m  위치 (  61.80,   -80.63,  11.09)
[velocity_path_follower.py-9] [INFO] [1786905834.895431211] [velocity_path_follower]: waypoint 4246 / 5251 도달 (선 이탈 1.46 m)
[velocity_path_follower.py-9] [INFO] [1786905835.446067230] [velocity_path_follower]: waypoint 4247 / 5251 도달 (선 이탈 1.41 m)
[velocity_path_follower.py-9] [INFO] [1786905835.995441062] [velocity_path_follower]: waypoint 4248 / 5251 도달 (선 이탈 1.31 m)
[velocity_path_follower.py-9] [INFO] [1786905836.545508196] [velocity_path_follower]: waypoint 4249 / 5251 도달 (선 이탈 1.18 m)
[velocity_path_follower.py-9] [INFO] [1786905837.095723415] [velocity_path_follower]: waypoint 4250 / 5251 도달 (선 이탈 1.01 m)
[velocity_path_follower.py-9] [INFO] [1786905837.595774012] [velocity_path_follower]: waypoint 4251 / 5251 도달 (선 이탈 0.84 m)
[velocity_path_follower.py-9] [INFO] [1786905838.095403728] [velocity_path_follower]: waypoint 4252 / 5251 도달 (선 이탈 0.65 m)
[velocity_path_follower.py-9] [INFO] [1786905838.595633744] [velocity_path_follower]: waypoint 4253 / 5251 도달 (선 이탈 0.46 m)
[velocity_path_follower.py-9] [INFO] [1786905839.045480136] [velocity_path_follower]: waypoint 4254 / 5251 도달 (선 이탈 0.29 m)
[velocity_path_follower.py-9] [INFO] [1786905839.295519059] [velocity_path_follower]: 1860.0s  wp 4255/5251 이탈0.2m  위치 (  57.10,   -81.91,  13.21)
[velocity_path_follower.py-9] [INFO] [1786905839.495609782] [velocity_path_follower]: waypoint 4255 / 5251 도달 (선 이탈 0.11 m)
[velocity_path_follower.py-9] [INFO] [1786905839.945671385] [velocity_path_follower]: waypoint 4256 / 5251 도달 (선 이탈 0.05 m)
[velocity_path_follower.py-9] [INFO] [1786905840.395692778] [velocity_path_follower]: waypoint 4257 / 5251 도달 (선 이탈 0.20 m)
[velocity_path_follower.py-9] [INFO] [1786905840.795477883] [velocity_path_follower]: waypoint 4258 / 5251 도달 (선 이탈 0.32 m)
[velocity_path_follower.py-9] [INFO] [1786905841.250048139] [velocity_path_follower]: waypoint 4259 / 5251 도달 (선 이탈 0.44 m)
[velocity_path_follower.py-9] [INFO] [1786905841.649738075] [velocity_path_follower]: waypoint 4260 / 5251 도달 (선 이탈 0.53 m)
[velocity_path_follower.py-9] [INFO] [1786905842.049662431] [velocity_path_follower]: waypoint 4261 / 5251 도달 (선 이탈 0.60 m)
[velocity_path_follower.py-9] [INFO] [1786905842.449747998] [velocity_path_follower]: waypoint 4262 / 5251 도달 (선 이탈 0.65 m)
[velocity_path_follower.py-9] [INFO] [1786905842.849665645] [velocity_path_follower]: waypoint 4263 / 5251 도달 (선 이탈 0.69 m)
[velocity_path_follower.py-9] [INFO] [1786905843.249740586] [velocity_path_follower]: waypoint 4264 / 5251 도달 (선 이탈 0.71 m)
[velocity_path_follower.py-9] [INFO] [1786905843.649860444] [velocity_path_follower]: waypoint 4265 / 5251 도달 (선 이탈 0.72 m)
[velocity_path_follower.py-9] [INFO] [1786905844.049691214] [velocity_path_follower]: waypoint 4266 / 5251 도달 (선 이탈 0.71 m)
[velocity_path_follower.py-9] [INFO] [1786905844.299749885] [velocity_path_follower]: 1865.0s  wp 4267/5251 이탈0.7m  위치 (  51.06,   -82.80,  14.81)
[velocity_path_follower.py-9] [INFO] [1786905844.449657819] [velocity_path_follower]: waypoint 4267 / 5251 도달 (선 이탈 0.69 m)
[velocity_path_follower.py-9] [INFO] [1786905844.849826510] [velocity_path_follower]: waypoint 4268 / 5251 도달 (선 이탈 0.65 m)
[velocity_path_follower.py-9] [INFO] [1786905845.249773739] [velocity_path_follower]: waypoint 4269 / 5251 도달 (선 이탈 0.61 m)
[velocity_path_follower.py-9] [INFO] [1786905845.599794268] [velocity_path_follower]: waypoint 4270 / 5251 도달 (선 이탈 0.56 m)
[velocity_path_follower.py-9] [INFO] [1786905845.999847290] [velocity_path_follower]: waypoint 4271 / 5251 도달 (선 이탈 0.50 m)
[velocity_path_follower.py-9] [INFO] [1786905846.400685157] [velocity_path_follower]: waypoint 4272 / 5251 도달 (선 이탈 0.43 m)
[velocity_path_follower.py-9] [INFO] [1786905846.801927531] [velocity_path_follower]: waypoint 4273 / 5251 도달 (선 이탈 0.35 m)
[velocity_path_follower.py-9] [INFO] [1786905847.151919850] [velocity_path_follower]: waypoint 4274 / 5251 도달 (선 이탈 0.29 m)
[velocity_path_follower.py-9] [INFO] [1786905847.552086248] [velocity_path_follower]: waypoint 4275 / 5251 도달 (선 이탈 0.20 m)
[velocity_path_follower.py-9] [INFO] [1786905847.910636909] [velocity_path_follower]: waypoint 4276 / 5251 도달 (선 이탈 0.14 m)
[velocity_path_follower.py-9] [INFO] [1786905848.310149754] [velocity_path_follower]: waypoint 4277 / 5251 도달 (선 이탈 0.06 m)
[velocity_path_follower.py-9] [INFO] [1786905848.660205199] [velocity_path_follower]: waypoint 4278 / 5251 도달 (선 이탈 0.00 m)
[velocity_path_follower.py-9] [INFO] [1786905849.060050340] [velocity_path_follower]: waypoint 4279 / 5251 도달 (선 이탈 0.07 m)
[velocity_path_follower.py-9] [INFO] [1786905849.494212227] [velocity_path_follower]: 1870.2s  wp 4280/5251 이탈0.1m  위치 (  44.61,   -82.00,  10.03)
[velocity_path_follower.py-9] [INFO] [1786905849.510046475] [velocity_path_follower]: waypoint 4280 / 5251 도달 (선 이탈 0.15 m)
[velocity_path_follower.py-9] [INFO] [1786905849.810141094] [velocity_path_follower]: waypoint 4281 / 5251 도달 (선 이탈 0.19 m)
[velocity_path_follower.py-9] [INFO] [1786905850.162333238] [velocity_path_follower]: waypoint 4282 / 5251 도달 (선 이탈 0.23 m)
[velocity_path_follower.py-9] [INFO] [1786905850.515179683] [velocity_path_follower]: waypoint 4283 / 5251 도달 (선 이탈 0.27 m)
[velocity_path_follower.py-9] [INFO] [1786905850.864496781] [velocity_path_follower]: waypoint 4284 / 5251 도달 (선 이탈 0.31 m)
[velocity_path_follower.py-9] [INFO] [1786905851.264504840] [velocity_path_follower]: waypoint 4285 / 5251 도달 (선 이탈 0.33 m)
[velocity_path_follower.py-9] [INFO] [1786905851.614638034] [velocity_path_follower]: waypoint 4286 / 5251 도달 (선 이탈 0.35 m)
[velocity_path_follower.py-9] [INFO] [1786905851.969786515] [velocity_path_follower]: waypoint 4287 / 5251 도달 (선 이탈 0.36 m)
[velocity_path_follower.py-9] [INFO] [1786905852.323132966] [velocity_path_follower]: waypoint 4288 / 5251 도달 (선 이탈 0.36 m)
[velocity_path_follower.py-9] [INFO] [1786905852.723188942] [velocity_path_follower]: waypoint 4289 / 5251 도달 (선 이탈 0.36 m)
[velocity_path_follower.py-9] [INFO] [1786905853.073142215] [velocity_path_follower]: waypoint 4290 / 5251 도달 (선 이탈 0.35 m)
[velocity_path_follower.py-9] [INFO] [1786905853.423179364] [velocity_path_follower]: waypoint 4291 / 5251 도달 (선 이탈 0.33 m)
[velocity_path_follower.py-9] [INFO] [1786905853.773100678] [velocity_path_follower]: waypoint 4292 / 5251 도달 (선 이탈 0.31 m)
[velocity_path_follower.py-9] [INFO] [1786905854.123087952] [velocity_path_follower]: waypoint 4293 / 5251 도달 (선 이탈 0.29 m)
[velocity_path_follower.py-9] [INFO] [1786905854.322972415] [velocity_path_follower]: 1875.0s  wp 4294/5251 이탈0.3m  위치 (  37.60,   -81.83,   8.10)
[velocity_path_follower.py-9] [INFO] [1786905854.473077808] [velocity_path_follower]: waypoint 4294 / 5251 도달 (선 이탈 0.26 m)
[velocity_path_follower.py-9] [INFO] [1786905854.823197124] [velocity_path_follower]: waypoint 4295 / 5251 도달 (선 이탈 0.22 m)
[velocity_path_follower.py-9] [INFO] [1786905855.223143846] [velocity_path_follower]: waypoint 4296 / 5251 도달 (선 이탈 0.19 m)
[velocity_path_follower.py-9] [INFO] [1786905855.572989157] [velocity_path_follower]: waypoint 4297 / 5251 도달 (선 이탈 0.15 m)
[velocity_path_follower.py-9] [INFO] [1786905855.922975055] [velocity_path_follower]: waypoint 4298 / 5251 도달 (선 이탈 0.11 m)
[velocity_path_follower.py-9] [INFO] [1786905856.273091370] [velocity_path_follower]: waypoint 4299 / 5251 도달 (선 이탈 0.08 m)
[velocity_path_follower.py-9] [INFO] [1786905856.622969390] [velocity_path_follower]: waypoint 4300 / 5251 도달 (선 이탈 0.04 m)
[velocity_path_follower.py-9] [INFO] [1786905856.973000829] [velocity_path_follower]: waypoint 4301 / 5251 도달 (선 이탈 0.01 m)
[velocity_path_follower.py-9] [INFO] [1786905857.322924515] [velocity_path_follower]: waypoint 4302 / 5251 도달 (선 이탈 0.03 m)
[velocity_path_follower.py-9] [INFO] [1786905857.673005996] [velocity_path_follower]: waypoint 4303 / 5251 도달 (선 이탈 0.06 m)
[velocity_path_follower.py-9] [INFO] [1786905858.023005475] [velocity_path_follower]: waypoint 4304 / 5251 도달 (선 이탈 0.09 m)
[velocity_path_follower.py-9] [INFO] [1786905858.422984528] [velocity_path_follower]: waypoint 4305 / 5251 도달 (선 이탈 0.12 m)
[velocity_path_follower.py-9] [INFO] [1786905858.722998349] [velocity_path_follower]: waypoint 4306 / 5251 도달 (선 이탈 0.13 m)
[velocity_path_follower.py-9] [INFO] [1786905859.123033528] [velocity_path_follower]: waypoint 4307 / 5251 도달 (선 이탈 0.15 m)
[velocity_path_follower.py-9] [INFO] [1786905859.322901198] [velocity_path_follower]: 1880.0s  wp 4308/5251 이탈0.2m  위치 (  30.54,   -82.26,  10.39)
[velocity_path_follower.py-9] [INFO] [1786905859.423179309] [velocity_path_follower]: waypoint 4308 / 5251 도달 (선 이탈 0.17 m)
[velocity_path_follower.py-9] [INFO] [1786905859.823042026] [velocity_path_follower]: waypoint 4309 / 5251 도달 (선 이탈 0.18 m)
[velocity_path_follower.py-9] [INFO] [1786905860.125602553] [velocity_path_follower]: waypoint 4310 / 5251 도달 (선 이탈 0.19 m)
[velocity_path_follower.py-9] [INFO] [1786905860.527976058] [velocity_path_follower]: waypoint 4311 / 5251 도달 (선 이탈 0.19 m)
[velocity_path_follower.py-9] [INFO] [1786905860.827853543] [velocity_path_follower]: waypoint 4312 / 5251 도달 (선 이탈 0.19 m)
[velocity_path_follower.py-9] [INFO] [1786905861.228043305] [velocity_path_follower]: waypoint 4313 / 5251 도달 (선 이탈 0.19 m)
[velocity_path_follower.py-9] [INFO] [1786905861.527985290] [velocity_path_follower]: waypoint 4314 / 5251 도달 (선 이탈 0.18 m)
[velocity_path_follower.py-9] [INFO] [1786905861.878400815] [velocity_path_follower]: waypoint 4315 / 5251 도달 (선 이탈 0.17 m)
[velocity_path_follower.py-9] [INFO] [1786905862.227957785] [velocity_path_follower]: waypoint 4316 / 5251 도달 (선 이탈 0.16 m)
[velocity_path_follower.py-9] [INFO] [1786905862.628047336] [velocity_path_follower]: waypoint 4317 / 5251 도달 (선 이탈 0.14 m)
[velocity_path_follower.py-9] [INFO] [1786905862.927965487] [velocity_path_follower]: waypoint 4318 / 5251 도달 (선 이탈 0.13 m)
[velocity_path_follower.py-9] [INFO] [1786905863.278820601] [velocity_path_follower]: waypoint 4319 / 5251 도달 (선 이탈 0.11 m)
[velocity_path_follower.py-9] [INFO] [1786905863.628122441] [velocity_path_follower]: waypoint 4320 / 5251 도달 (선 이탈 0.10 m)
[velocity_path_follower.py-9] [INFO] [1786905863.978275002] [velocity_path_follower]: waypoint 4321 / 5251 도달 (선 이탈 0.08 m)
[velocity_path_follower.py-9] [INFO] [1786905864.328041806] [velocity_path_follower]: waypoint 4322 / 5251 도달 (선 이탈 0.06 m)
[velocity_path_follower.py-9] [INFO] [1786905864.377802460] [velocity_path_follower]: 1885.1s  wp 4323/5251 이탈0.1m  위치 (  23.34,   -82.16,  12.65)
[velocity_path_follower.py-9] [INFO] [1786905864.728069439] [velocity_path_follower]: waypoint 4323 / 5251 도달 (선 이탈 0.04 m)
[velocity_path_follower.py-9] [INFO] [1786905865.028016922] [velocity_path_follower]: waypoint 4324 / 5251 도달 (선 이탈 0.02 m)
[velocity_path_follower.py-9] [INFO] [1786905865.430305673] [velocity_path_follower]: waypoint 4325 / 5251 도달 (선 이탈 0.00 m)
[velocity_path_follower.py-9] [INFO] [1786905865.730426325] [velocity_path_follower]: waypoint 4326 / 5251 도달 (선 이탈 0.01 m)
[velocity_path_follower.py-9] [INFO] [1786905866.130341830] [velocity_path_follower]: waypoint 4327 / 5251 도달 (선 이탈 0.03 m)
[velocity_path_follower.py-9] [INFO] [1786905866.430479773] [velocity_path_follower]: waypoint 4328 / 5251 도달 (선 이탈 0.04 m)
[velocity_path_follower.py-9] [INFO] [1786905866.780266577] [velocity_path_follower]: waypoint 4329 / 5251 도달 (선 이탈 0.06 m)
[velocity_path_follower.py-9] [INFO] [1786905867.130304676] [velocity_path_follower]: waypoint 4330 / 5251 도달 (선 이탈 0.07 m)
[velocity_path_follower.py-9] [INFO] [1786905867.480383650] [velocity_path_follower]: waypoint 4331 / 5251 도달 (선 이탈 0.08 m)
[velocity_path_follower.py-9] [INFO] [1786905867.830285663] [velocity_path_follower]: waypoint 4332 / 5251 도달 (선 이탈 0.09 m)
[velocity_path_follower.py-9] [INFO] [1786905868.180334803] [velocity_path_follower]: waypoint 4333 / 5251 도달 (선 이탈 0.09 m)
[velocity_path_follower.py-9] [INFO] [1786905868.532504601] [velocity_path_follower]: waypoint 4334 / 5251 도달 (선 이탈 0.10 m)
[velocity_path_follower.py-9] [INFO] [1786905868.882663617] [velocity_path_follower]: waypoint 4335 / 5251 도달 (선 이탈 0.10 m)
[velocity_path_follower.py-9] [INFO] [1786905869.232635922] [velocity_path_follower]: waypoint 4336 / 5251 도달 (선 이탈 0.10 m)
[velocity_path_follower.py-9] [INFO] [1786905869.332354523] [velocity_path_follower]: 1890.0s  wp 4337/5251 이탈0.1m  위치 (  16.22,   -82.00,  11.05)
[velocity_path_follower.py-9] [INFO] [1786905869.582444557] [velocity_path_follower]: waypoint 4337 / 5251 도달 (선 이탈 0.10 m)
[velocity_path_follower.py-9] [INFO] [1786905869.932708158] [velocity_path_follower]: waypoint 4338 / 5251 도달 (선 이탈 0.09 m)
[velocity_path_follower.py-9] [INFO] [1786905870.282877924] [velocity_path_follower]: waypoint 4339 / 5251 도달 (선 이탈 0.09 m)
[velocity_path_follower.py-9] [INFO] [1786905870.632970063] [velocity_path_follower]: waypoint 4340 / 5251 도달 (선 이탈 0.08 m)
[velocity_path_follower.py-9] [INFO] [1786905870.982502360] [velocity_path_follower]: waypoint 4341 / 5251 도달 (선 이탈 0.08 m)
[velocity_path_follower.py-9] [INFO] [1786905871.332654249] [velocity_path_follower]: waypoint 4342 / 5251 도달 (선 이탈 0.07 m)
[velocity_path_follower.py-9] [INFO] [1786905871.682385007] [velocity_path_follower]: waypoint 4343 / 5251 도달 (선 이탈 0.06 m)
[velocity_path_follower.py-9] [INFO] [1786905871.982656867] [velocity_path_follower]: waypoint 4344 / 5251 도달 (선 이탈 0.05 m)
[velocity_path_follower.py-9] [INFO] [1786905872.382610700] [velocity_path_follower]: waypoint 4345 / 5251 도달 (선 이탈 0.04 m)
[velocity_path_follower.py-9] [INFO] [1786905872.682812767] [velocity_path_follower]: waypoint 4346 / 5251 도달 (선 이탈 0.03 m)
[velocity_path_follower.py-9] [INFO] [1786905873.032765528] [velocity_path_follower]: waypoint 4347 / 5251 도달 (선 이탈 0.02 m)
[velocity_path_follower.py-9] [INFO] [1786905873.382631120] [velocity_path_follower]: waypoint 4348 / 5251 도달 (선 이탈 0.01 m)
[velocity_path_follower.py-9] [INFO] [1786905873.733123721] [velocity_path_follower]: waypoint 4349 / 5251 도달 (선 이탈 0.00 m)
[velocity_path_follower.py-9] [INFO] [1786905874.089705168] [velocity_path_follower]: waypoint 4350 / 5251 도달 (선 이탈 0.00 m)
[velocity_path_follower.py-9] [INFO] [1786905874.337692918] [velocity_path_follower]: 1895.0s  wp 4351/5251 이탈0.0m  위치 (   9.02,   -82.11,   9.85)
[velocity_path_follower.py-9] [INFO] [1786905874.437488227] [velocity_path_follower]: waypoint 4351 / 5251 도달 (선 이탈 0.01 m)
[velocity_path_follower.py-9] [INFO] [1786905874.787736283] [velocity_path_follower]: waypoint 4352 / 5251 도달 (선 이탈 0.02 m)
[velocity_path_follower.py-9] [INFO] [1786905875.137651708] [velocity_path_follower]: waypoint 4353 / 5251 도달 (선 이탈 0.03 m)
[velocity_path_follower.py-9] [INFO] [1786905875.487750302] [velocity_path_follower]: waypoint 4354 / 5251 도달 (선 이탈 0.04 m)
[velocity_path_follower.py-9] [INFO] [1786905875.837916064] [velocity_path_follower]: waypoint 4355 / 5251 도달 (선 이탈 0.04 m)
[ros2-8] [INFO] [1786905875.978229173] [rosbag2_cpp]: Writing remaining messages from cache to the bag. It may take a while
[velocity_path_follower.py-9] [INFO] [1786905876.187855822] [velocity_path_follower]: waypoint 4356 / 5251 도달 (선 이탈 0.04 m)
[velocity_path_follower.py-9] [INFO] [1786905876.539509440] [velocity_path_follower]: waypoint 4357 / 5251 도달 (선 이탈 0.05 m)
[velocity_path_follower.py-9] [INFO] [1786905876.889560367] [velocity_path_follower]: waypoint 4358 / 5251 도달 (선 이탈 0.05 m)
[velocity_path_follower.py-9] [INFO] [1786905877.239766670] [velocity_path_follower]: waypoint 4359 / 5251 도달 (선 이탈 0.05 m)
[velocity_path_follower.py-9] [INFO] [1786905877.593879034] [velocity_path_follower]: waypoint 4360 / 5251 도달 (선 이탈 0.05 m)
[velocity_path_follower.py-9] [INFO] [1786905877.943909960] [velocity_path_follower]: waypoint 4361 / 5251 도달 (선 이탈 0.05 m)
[velocity_path_follower.py-9] [INFO] [1786905878.293812382] [velocity_path_follower]: waypoint 4362 / 5251 도달 (선 이탈 0.05 m)
[velocity_path_follower.py-9] [INFO] [1786905878.643796306] [velocity_path_follower]: waypoint 4363 / 5251 도달 (선 이탈 0.05 m)
[velocity_path_follower.py-9] [INFO] [1786905878.943843117] [velocity_path_follower]: waypoint 4364 / 5251 도달 (선 이탈 0.05 m)
[velocity_path_follower.py-9] [INFO] [1786905879.293856499] [velocity_path_follower]: waypoint 4365 / 5251 도달 (선 이탈 0.04 m)
[velocity_path_follower.py-9] [INFO] [1786905879.343764404] [velocity_path_follower]: 1900.0s  wp 4366/5251 이탈0.0m  위치 (   1.82,   -82.14,  10.04)
[velocity_path_follower.py-9] [INFO] [1786905879.643882382] [velocity_path_follower]: waypoint 4366 / 5251 도달 (선 이탈 0.04 m)
[velocity_path_follower.py-9] [INFO] [1786905879.993728470] [velocity_path_follower]: waypoint 4367 / 5251 도달 (선 이탈 0.03 m)
[velocity_path_follower.py-9] [INFO] [1786905880.343766310] [velocity_path_follower]: waypoint 4368 / 5251 도달 (선 이탈 0.03 m)
[velocity_path_follower.py-9] [INFO] [1786905880.693697649] [velocity_path_follower]: waypoint 4369 / 5251 도달 (선 이탈 0.03 m)
[velocity_path_follower.py-9] [INFO] [1786905881.046690952] [velocity_path_follower]: waypoint 4370 / 5251 도달 (선 이탈 0.02 m)
[velocity_path_follower.py-9] [INFO] [1786905881.396774959] [velocity_path_follower]: waypoint 4371 / 5251 도달 (선 이탈 0.01 m)
[velocity_path_follower.py-9] [INFO] [1786905881.746671838] [velocity_path_follower]: waypoint 4372 / 5251 도달 (선 이탈 0.01 m)
[velocity_path_follower.py-9] [INFO] [1786905882.096846888] [velocity_path_follower]: waypoint 4373 / 5251 도달 (선 이탈 0.00 m)
[velocity_path_follower.py-9] [INFO] [1786905882.446608931] [velocity_path_follower]: waypoint 4374 / 5251 도달 (선 이탈 0.00 m)
[velocity_path_follower.py-9] [INFO] [1786905882.798969014] [velocity_path_follower]: waypoint 4375 / 5251 도달 (선 이탈 0.00 m)
[velocity_path_follower.py-9] [INFO] [1786905883.099380620] [velocity_path_follower]: waypoint 4376 / 5251 도달 (선 이탈 0.01 m)
[velocity_path_follower.py-9] [INFO] [1786905883.499152610] [velocity_path_follower]: waypoint 4377 / 5251 도달 (선 이탈 0.01 m)
[velocity_path_follower.py-9] [INFO] [1786905883.848998195] [velocity_path_follower]: waypoint 4378 / 5251 도달 (선 이탈 0.02 m)
[velocity_path_follower.py-9] [INFO] [1786905884.148953043] [velocity_path_follower]: waypoint 4379 / 5251 도달 (선 이탈 0.02 m)
[velocity_path_follower.py-9] [INFO] [1786905884.348978665] [velocity_path_follower]: 1905.0s  wp 4380/5251 이탈0.0m  위치 (  -5.39,   -82.08,   9.52)
[velocity_path_follower.py-9] [INFO] [1786905884.499147175] [velocity_path_follower]: waypoint 4380 / 5251 도달 (선 이탈 0.02 m)
[velocity_path_follower.py-9] [INFO] [1786905884.849055761] [velocity_path_follower]: waypoint 4381 / 5251 도달 (선 이탈 0.02 m)
[velocity_path_follower.py-9] [INFO] [1786905885.199022889] [velocity_path_follower]: waypoint 4382 / 5251 도달 (선 이탈 0.02 m)
[velocity_path_follower.py-9] [INFO] [1786905885.549213437] [velocity_path_follower]: waypoint 4383 / 5251 도달 (선 이탈 0.03 m)
[velocity_path_follower.py-9] [INFO] [1786905885.898935019] [velocity_path_follower]: waypoint 4384 / 5251 도달 (선 이탈 0.03 m)
[velocity_path_follower.py-9] [INFO] [1786905886.249096358] [velocity_path_follower]: waypoint 4385 / 5251 도달 (선 이탈 0.03 m)
[velocity_path_follower.py-9] [INFO] [1786905886.598850773] [velocity_path_follower]: waypoint 4386 / 5251 도달 (선 이탈 0.03 m)
[velocity_path_follower.py-9] [INFO] [1786905886.951338231] [velocity_path_follower]: waypoint 4387 / 5251 도달 (선 이탈 0.02 m)
[velocity_path_follower.py-9] [INFO] [1786905887.301386192] [velocity_path_follower]: waypoint 4388 / 5251 도달 (선 이탈 0.02 m)
[velocity_path_follower.py-9] [INFO] [1786905887.651694824] [velocity_path_follower]: waypoint 4389 / 5251 도달 (선 이탈 0.02 m)
[velocity_path_follower.py-9] [INFO] [1786905888.001152693] [velocity_path_follower]: waypoint 4390 / 5251 도달 (선 이탈 0.02 m)
[velocity_path_follower.py-9] [INFO] [1786905888.351270029] [velocity_path_follower]: waypoint 4391 / 5251 도달 (선 이탈 0.02 m)
[velocity_path_follower.py-9] [INFO] [1786905888.701266864] [velocity_path_follower]: waypoint 4392 / 5251 도달 (선 이탈 0.02 m)
[velocity_path_follower.py-9] [INFO] [1786905889.051248907] [velocity_path_follower]: waypoint 4393 / 5251 도달 (선 이탈 0.01 m)
[velocity_path_follower.py-9] [INFO] [1786905889.351315879] [velocity_path_follower]: waypoint 4394 / 5251 도달 (선 이탈 0.01 m)
[velocity_path_follower.py-9] [INFO] [1786905889.401225782] [velocity_path_follower]: 1910.1s  wp 4395/5251 이탈0.0m  위치 ( -12.66,   -82.09,   9.70)
[velocity_path_follower.py-9] [INFO] [1786905889.701317129] [velocity_path_follower]: waypoint 4395 / 5251 도달 (선 이탈 0.01 m)
[velocity_path_follower.py-9] [INFO] [1786905890.051244046] [velocity_path_follower]: waypoint 4396 / 5251 도달 (선 이탈 0.00 m)
[velocity_path_follower.py-9] [INFO] [1786905890.403470164] [velocity_path_follower]: waypoint 4397 / 5251 도달 (선 이탈 0.00 m)
[velocity_path_follower.py-9] [INFO] [1786905890.753392996] [velocity_path_follower]: waypoint 4398 / 5251 도달 (선 이탈 0.00 m)
[velocity_path_follower.py-9] [INFO] [1786905891.103717084] [velocity_path_follower]: waypoint 4399 / 5251 도달 (선 이탈 0.00 m)
[velocity_path_follower.py-9] [INFO] [1786905891.453490122] [velocity_path_follower]: waypoint 4400 / 5251 도달 (선 이탈 0.01 m)
[velocity_path_follower.py-9] [INFO] [1786905891.803339578] [velocity_path_follower]: waypoint 4401 / 5251 도달 (선 이탈 0.01 m)
[velocity_path_follower.py-9] [INFO] [1786905892.157510600] [velocity_path_follower]: waypoint 4402 / 5251 도달 (선 이탈 0.01 m)
[velocity_path_follower.py-9] [INFO] [1786905892.507984898] [velocity_path_follower]: waypoint 4403 / 5251 도달 (선 이탈 0.01 m)
[velocity_path_follower.py-9] [INFO] [1786905892.860483645] [velocity_path_follower]: waypoint 4404 / 5251 도달 (선 이탈 0.01 m)
[velocity_path_follower.py-9] [INFO] [1786905893.210726147] [velocity_path_follower]: waypoint 4405 / 5251 도달 (선 이탈 0.01 m)
[velocity_path_follower.py-9] [INFO] [1786905893.560601810] [velocity_path_follower]: waypoint 4406 / 5251 도달 (선 이탈 0.01 m)
[velocity_path_follower.py-9] [INFO] [1786905893.910520307] [velocity_path_follower]: waypoint 4407 / 5251 도달 (선 이탈 0.01 m)
[velocity_path_follower.py-9] [INFO] [1786905894.260583014] [velocity_path_follower]: waypoint 4408 / 5251 도달 (선 이탈 0.01 m)
[velocity_path_follower.py-9] [INFO] [1786905894.360376903] [velocity_path_follower]: 1915.0s  wp 4409/5251 이탈0.0m  위치 ( -19.81,   -82.11,   6.79)
[velocity_path_follower.py-9] [INFO] [1786905894.560472106] [velocity_path_follower]: waypoint 4409 / 5251 도달 (선 이탈 0.01 m)
[velocity_path_follower.py-9] [INFO] [1786905894.960721678] [velocity_path_follower]: waypoint 4410 / 5251 도달 (선 이탈 0.01 m)
[velocity_path_follower.py-9] [INFO] [1786905895.260557977] [velocity_path_follower]: waypoint 4411 / 5251 도달 (선 이탈 0.01 m)
[velocity_path_follower.py-9] [INFO] [1786905895.610452472] [velocity_path_follower]: waypoint 4412 / 5251 도달 (선 이탈 0.01 m)
[velocity_path_follower.py-9] [INFO] [1786905895.960618680] [velocity_path_follower]: waypoint 4413 / 5251 도달 (선 이탈 0.01 m)
[velocity_path_follower.py-9] [INFO] [1786905896.310912057] [velocity_path_follower]: waypoint 4414 / 5251 도달 (선 이탈 0.01 m)
[velocity_path_follower.py-9] [INFO] [1786905896.660510755] [velocity_path_follower]: waypoint 4415 / 5251 도달 (선 이탈 0.01 m)
[velocity_path_follower.py-9] [INFO] [1786905897.010587628] [velocity_path_follower]: waypoint 4416 / 5251 도달 (선 이탈 0.01 m)
[velocity_path_follower.py-9] [INFO] [1786905897.360474997] [velocity_path_follower]: waypoint 4417 / 5251 도달 (선 이탈 0.01 m)
[velocity_path_follower.py-9] [INFO] [1786905897.710634954] [velocity_path_follower]: waypoint 4418 / 5251 도달 (선 이탈 0.01 m)
[velocity_path_follower.py-9] [INFO] [1786905898.060489697] [velocity_path_follower]: waypoint 4419 / 5251 도달 (선 이탈 0.01 m)
[velocity_path_follower.py-9] [INFO] [1786905898.410735655] [velocity_path_follower]: waypoint 4420 / 5251 도달 (선 이탈 0.00 m)
[velocity_path_follower.py-9] [INFO] [1786905898.760458937] [velocity_path_follower]: waypoint 4421 / 5251 도달 (선 이탈 0.00 m)
[velocity_path_follower.py-9] [INFO] [1786905899.110522017] [velocity_path_follower]: waypoint 4422 / 5251 도달 (선 이탈 0.00 m)
[velocity_path_follower.py-9] [INFO] [1786905899.360566787] [velocity_path_follower]: 1920.0s  wp 4423/5251 이탈0.0m  위치 ( -27.03,   -82.10,   9.36)
[velocity_path_follower.py-9] [INFO] [1786905899.460501553] [velocity_path_follower]: waypoint 4423 / 5251 도달 (선 이탈 0.00 m)
[velocity_path_follower.py-9] [INFO] [1786905899.760622854] [velocity_path_follower]: waypoint 4424 / 5251 도달 (선 이탈 0.00 m)
[velocity_path_follower.py-9] [INFO] [1786905900.168056535] [velocity_path_follower]: waypoint 4425 / 5251 도달 (선 이탈 0.00 m)
[velocity_path_follower.py-9] [INFO] [1786905900.467958707] [velocity_path_follower]: waypoint 4426 / 5251 도달 (선 이탈 0.00 m)
[velocity_path_follower.py-9] [INFO] [1786905900.818131162] [velocity_path_follower]: waypoint 4427 / 5251 도달 (선 이탈 0.00 m)
[velocity_path_follower.py-9] [INFO] [1786905901.168721290] [velocity_path_follower]: waypoint 4428 / 5251 도달 (선 이탈 0.01 m)
[velocity_path_follower.py-9] [INFO] [1786905901.517919229] [velocity_path_follower]: waypoint 4429 / 5251 도달 (선 이탈 0.01 m)
[velocity_path_follower.py-9] [INFO] [1786905901.867994474] [velocity_path_follower]: waypoint 4430 / 5251 도달 (선 이탈 0.01 m)
[velocity_path_follower.py-9] [INFO] [1786905902.217890423] [velocity_path_follower]: waypoint 4431 / 5251 도달 (선 이탈 0.01 m)
[velocity_path_follower.py-9] [INFO] [1786905902.568031877] [velocity_path_follower]: waypoint 4432 / 5251 도달 (선 이탈 0.01 m)
[velocity_path_follower.py-9] [INFO] [1786905902.917939410] [velocity_path_follower]: waypoint 4433 / 5251 도달 (선 이탈 0.01 m)
[velocity_path_follower.py-9] [INFO] [1786905903.268003487] [velocity_path_follower]: waypoint 4434 / 5251 도달 (선 이탈 0.01 m)
[velocity_path_follower.py-9] [INFO] [1786905903.617973479] [velocity_path_follower]: waypoint 4435 / 5251 도달 (선 이탈 0.01 m)
[velocity_path_follower.py-9] [INFO] [1786905903.968193433] [velocity_path_follower]: waypoint 4436 / 5251 도달 (선 이탈 0.01 m)
[velocity_path_follower.py-9] [INFO] [1786905904.318250967] [velocity_path_follower]: waypoint 4437 / 5251 도달 (선 이탈 0.01 m)
[velocity_path_follower.py-9] [INFO] [1786905904.367968324] [velocity_path_follower]: 1925.0s  wp 4438/5251 이탈0.0m  위치 ( -34.24,   -82.09,   9.70)
[velocity_path_follower.py-9] [INFO] [1786905904.667967871] [velocity_path_follower]: waypoint 4438 / 5251 도달 (선 이탈 0.01 m)
[velocity_path_follower.py-9] [INFO] [1786905904.968049627] [velocity_path_follower]: waypoint 4439 / 5251 도달 (선 이탈 0.00 m)
[velocity_path_follower.py-9] [INFO] [1786905905.318108452] [velocity_path_follower]: waypoint 4440 / 5251 도달 (선 이탈 0.00 m)
[velocity_path_follower.py-9] [INFO] [1786905905.667941232] [velocity_path_follower]: waypoint 4441 / 5251 도달 (선 이탈 0.00 m)
[velocity_path_follower.py-9] [INFO] [1786905906.018252978] [velocity_path_follower]: waypoint 4442 / 5251 도달 (선 이탈 0.00 m)
[velocity_path_follower.py-9] [INFO] [1786905906.368124008] [velocity_path_follower]: waypoint 4443 / 5251 도달 (선 이탈 0.00 m)
[velocity_path_follower.py-9] [INFO] [1786905909.368012996] [velocity_path_follower]: 1930.0s  climb       위치 ( -40.75,   -81.40,   5.53)
[velocity_path_follower.py-9] [INFO] [1786905914.388731238] [velocity_path_follower]: 1935.0s  wp 4444/5251 이탈4.6m  위치 ( -43.24,   -80.16,   7.80)
[velocity_path_follower.py-9] [INFO] [1786905915.539068005] [velocity_path_follower]: waypoint 4444 / 5251 도달 (선 이탈 4.52 m)
[velocity_path_follower.py-9] [INFO] [1786905919.392488591] [velocity_path_follower]: 1940.0s  wp 4446/5251 이탈0.7m  위치 ( -40.49,   -77.42,   7.34)
[velocity_path_follower.py-9] [INFO] [1786905920.292841005] [velocity_path_follower]: waypoint 4446 / 5251 도달 (선 이탈 0.97 m)
[velocity_path_follower.py-9] [INFO] [1786905920.742764873] [velocity_path_follower]: waypoint 4447 / 5251 도달 (선 이탈 1.07 m)
[velocity_path_follower.py-9] [INFO] [1786905921.192673408] [velocity_path_follower]: waypoint 4448 / 5251 도달 (선 이탈 1.13 m)
[velocity_path_follower.py-9] [INFO] [1786905921.642759821] [velocity_path_follower]: waypoint 4449 / 5251 도달 (선 이탈 1.16 m)
[velocity_path_follower.py-9] [INFO] [1786905922.092726315] [velocity_path_follower]: waypoint 4450 / 5251 도달 (선 이탈 1.16 m)
[velocity_path_follower.py-9] [INFO] [1786905923.742739790] [velocity_path_follower]: waypoint 4451 / 5251 도달 (선 이탈 1.07 m)
[velocity_path_follower.py-9] [INFO] [1786905923.792951195] [velocity_path_follower]: waypoint 4452 / 5251 도달 (선 이탈 1.07 m)
[velocity_path_follower.py-9] [INFO] [1786905923.842825679] [velocity_path_follower]: waypoint 4453 / 5251 도달 (선 이탈 1.07 m)
[velocity_path_follower.py-9] [INFO] [1786905924.193021745] [velocity_path_follower]: waypoint 4454 / 5251 도달 (선 이탈 1.05 m)
[velocity_path_follower.py-9] [INFO] [1786905924.392706098] [velocity_path_follower]: 1945.0s  wp 4455/5251 이탈1.0m  위치 ( -35.40,   -77.07,   6.62)
[velocity_path_follower.py-9] [INFO] [1786905924.743014791] [velocity_path_follower]: waypoint 4455 / 5251 도달 (선 이탈 1.00 m)
[velocity_path_follower.py-9] [INFO] [1786905925.342494230] [velocity_path_follower]: waypoint 4456 / 5251 도달 (선 이탈 0.91 m)
[velocity_path_follower.py-9] [INFO] [1786905925.892667236] [velocity_path_follower]: waypoint 4457 / 5251 도달 (선 이탈 0.79 m)
[velocity_path_follower.py-9] [INFO] [1786905926.392659504] [velocity_path_follower]: waypoint 4458 / 5251 도달 (선 이탈 0.67 m)
[velocity_path_follower.py-9] [INFO] [1786905926.942687060] [velocity_path_follower]: waypoint 4459 / 5251 도달 (선 이탈 0.53 m)
[velocity_path_follower.py-9] [INFO] [1786905927.392616262] [velocity_path_follower]: waypoint 4460 / 5251 도달 (선 이탈 0.40 m)
[velocity_path_follower.py-9] [INFO] [1786905927.892963626] [velocity_path_follower]: waypoint 4461 / 5251 도달 (선 이탈 0.26 m)
[velocity_path_follower.py-9] [INFO] [1786905928.342708536] [velocity_path_follower]: waypoint 4462 / 5251 도달 (선 이탈 0.13 m)
[velocity_path_follower.py-9] [INFO] [1786905928.792865893] [velocity_path_follower]: waypoint 4463 / 5251 도달 (선 이탈 0.00 m)
[velocity_path_follower.py-9] [INFO] [1786905929.242800350] [velocity_path_follower]: waypoint 4464 / 5251 도달 (선 이탈 0.11 m)
[velocity_path_follower.py-9] [INFO] [1786905929.392757724] [velocity_path_follower]: 1950.0s  wp 4465/5251 이탈0.1m  위치 ( -30.38,   -78.25,   7.74)
[velocity_path_follower.py-9] [INFO] [1786905929.642670665] [velocity_path_follower]: waypoint 4465 / 5251 도달 (선 이탈 0.20 m)
[velocity_path_follower.py-9] [INFO] [1786905930.092720126] [velocity_path_follower]: waypoint 4466 / 5251 도달 (선 이탈 0.30 m)
[velocity_path_follower.py-9] [INFO] [1786905930.492814150] [velocity_path_follower]: waypoint 4467 / 5251 도달 (선 이탈 0.36 m)
[velocity_path_follower.py-9] [INFO] [1786905930.892902839] [velocity_path_follower]: waypoint 4468 / 5251 도달 (선 이탈 0.42 m)
[velocity_path_follower.py-9] [INFO] [1786905931.292841295] [velocity_path_follower]: waypoint 4469 / 5251 도달 (선 이탈 0.47 m)
[velocity_path_follower.py-9] [INFO] [1786905931.692775024] [velocity_path_follower]: waypoint 4470 / 5251 도달 (선 이탈 0.50 m)
[velocity_path_follower.py-9] [INFO] [1786905932.092756743] [velocity_path_follower]: waypoint 4471 / 5251 도달 (선 이탈 0.52 m)
[velocity_path_follower.py-9] [INFO] [1786905932.492712032] [velocity_path_follower]: waypoint 4472 / 5251 도달 (선 이탈 0.52 m)
[velocity_path_follower.py-9] [INFO] [1786905932.892854218] [velocity_path_follower]: waypoint 4473 / 5251 도달 (선 이탈 0.52 m)
[velocity_path_follower.py-9] [INFO] [1786905933.292724947] [velocity_path_follower]: waypoint 4474 / 5251 도달 (선 이탈 0.50 m)
[velocity_path_follower.py-9] [INFO] [1786905933.642705649] [velocity_path_follower]: waypoint 4475 / 5251 도달 (선 이탈 0.48 m)
[velocity_path_follower.py-9] [INFO] [1786905934.042921435] [velocity_path_follower]: waypoint 4476 / 5251 도달 (선 이탈 0.44 m)
[velocity_path_follower.py-9] [INFO] [1786905934.392713597] [velocity_path_follower]: 1955.0s  wp 4477/5251 이탈0.4m  위치 ( -24.10,   -78.51,  10.34)
[velocity_path_follower.py-9] [INFO] [1786905934.442764410] [velocity_path_follower]: waypoint 4477 / 5251 도달 (선 이탈 0.40 m)
[velocity_path_follower.py-9] [INFO] [1786905934.792684962] [velocity_path_follower]: waypoint 4478 / 5251 도달 (선 이탈 0.36 m)
[velocity_path_follower.py-9] [INFO] [1786905935.192667087] [velocity_path_follower]: waypoint 4479 / 5251 도달 (선 이탈 0.31 m)
[velocity_path_follower.py-9] [INFO] [1786905935.542809773] [velocity_path_follower]: waypoint 4480 / 5251 도달 (선 이탈 0.26 m)
[velocity_path_follower.py-9] [INFO] [1786905935.942514622] [velocity_path_follower]: waypoint 4481 / 5251 도달 (선 이탈 0.20 m)
[velocity_path_follower.py-9] [INFO] [1786905936.292757688] [velocity_path_follower]: waypoint 4482 / 5251 도달 (선 이탈 0.15 m)
[velocity_path_follower.py-9] [INFO] [1786905936.642850809] [velocity_path_follower]: waypoint 4483 / 5251 도달 (선 이탈 0.10 m)
[velocity_path_follower.py-9] [INFO] [1786905937.042729230] [velocity_path_follower]: waypoint 4484 / 5251 도달 (선 이탈 0.04 m)
[velocity_path_follower.py-9] [INFO] [1786905937.392769162] [velocity_path_follower]: waypoint 4485 / 5251 도달 (선 이탈 0.01 m)
[velocity_path_follower.py-9] [INFO] [1786905937.742961695] [velocity_path_follower]: waypoint 4486 / 5251 도달 (선 이탈 0.06 m)
[velocity_path_follower.py-9] [INFO] [1786905938.142656761] [velocity_path_follower]: waypoint 4487 / 5251 도달 (선 이탈 0.10 m)
[velocity_path_follower.py-9] [INFO] [1786905938.492763601] [velocity_path_follower]: waypoint 4488 / 5251 도달 (선 이탈 0.14 m)
[velocity_path_follower.py-9] [INFO] [1786905938.892676357] [velocity_path_follower]: waypoint 4489 / 5251 도달 (선 이탈 0.18 m)
[velocity_path_follower.py-9] [INFO] [1786905939.242690438] [velocity_path_follower]: waypoint 4490 / 5251 도달 (선 이탈 0.21 m)
[velocity_path_follower.py-9] [INFO] [1786905939.392669729] [velocity_path_follower]: 1960.0s  wp 4491/5251 이탈0.2m  위치 ( -17.34,   -77.88,   9.50)
[velocity_path_follower.py-9] [INFO] [1786905939.592765965] [velocity_path_follower]: waypoint 4491 / 5251 도달 (선 이탈 0.23 m)
[velocity_path_follower.py-9] [INFO] [1786905939.942702477] [velocity_path_follower]: waypoint 4492 / 5251 도달 (선 이탈 0.25 m)
[velocity_path_follower.py-9] [INFO] [1786905940.297496253] [velocity_path_follower]: waypoint 4493 / 5251 도달 (선 이탈 0.27 m)
[velocity_path_follower.py-9] [INFO] [1786905940.699505369] [velocity_path_follower]: waypoint 4494 / 5251 도달 (선 이탈 0.27 m)
[velocity_path_follower.py-9] [INFO] [1786905941.049486445] [velocity_path_follower]: waypoint 4495 / 5251 도달 (선 이탈 0.28 m)
[velocity_path_follower.py-9] [INFO] [1786905941.399703248] [velocity_path_follower]: waypoint 4496 / 5251 도달 (선 이탈 0.28 m)
[velocity_path_follower.py-9] [INFO] [1786905941.749894631] [velocity_path_follower]: waypoint 4497 / 5251 도달 (선 이탈 0.27 m)
[velocity_path_follower.py-9] [INFO] [1786905942.099700119] [velocity_path_follower]: waypoint 4498 / 5251 도달 (선 이탈 0.26 m)
[velocity_path_follower.py-9] [INFO] [1786905942.449962078] [velocity_path_follower]: waypoint 4499 / 5251 도달 (선 이탈 0.24 m)
[velocity_path_follower.py-9] [INFO] [1786905944.399442278] [velocity_path_follower]: 1965.0s  climb       위치 ( -10.61,   -77.96,   5.96)
[velocity_path_follower.py-9] [INFO] [1786905946.149502009] [velocity_path_follower]: waypoint 4500 / 5251 도달 (선 이탈 0.07 m)
[velocity_path_follower.py-9] [INFO] [1786905946.199676736] [velocity_path_follower]: waypoint 4501 / 5251 도달 (선 이탈 0.07 m)
[velocity_path_follower.py-9] [INFO] [1786905946.249782914] [velocity_path_follower]: waypoint 4502 / 5251 도달 (선 이탈 0.07 m)
[velocity_path_follower.py-9] [INFO] [1786905946.299715363] [velocity_path_follower]: waypoint 4503 / 5251 도달 (선 이탈 0.07 m)
[velocity_path_follower.py-9] [INFO] [1786905946.349726237] [velocity_path_follower]: waypoint 4504 / 5251 도달 (선 이탈 0.07 m)
[velocity_path_follower.py-9] [INFO] [1786905946.399886087] [velocity_path_follower]: waypoint 4505 / 5251 도달 (선 이탈 0.07 m)
[velocity_path_follower.py-9] [INFO] [1786905946.449907380] [velocity_path_follower]: waypoint 4506 / 5251 도달 (선 이탈 0.06 m)
[velocity_path_follower.py-9] [INFO] [1786905946.499714190] [velocity_path_follower]: waypoint 4507 / 5251 도달 (선 이탈 0.06 m)
[velocity_path_follower.py-9] [INFO] [1786905946.799703762] [velocity_path_follower]: waypoint 4508 / 5251 도달 (선 이탈 0.05 m)
[velocity_path_follower.py-9] [INFO] [1786905947.501869116] [velocity_path_follower]: waypoint 4509 / 5251 도달 (선 이탈 0.03 m)
[velocity_path_follower.py-9] [INFO] [1786905948.101719673] [velocity_path_follower]: waypoint 4510 / 5251 도달 (선 이탈 0.02 m)
[velocity_path_follower.py-9] [INFO] [1786905948.703857412] [velocity_path_follower]: waypoint 4511 / 5251 도달 (선 이탈 0.00 m)
[velocity_path_follower.py-9] [INFO] [1786905949.203753437] [velocity_path_follower]: waypoint 4512 / 5251 도달 (선 이탈 0.01 m)
[velocity_path_follower.py-9] [INFO] [1786905949.403503763] [velocity_path_follower]: 1970.0s  wp 4513/5251 이탈0.0m  위치 (  -6.39,   -78.12,   9.21)
[velocity_path_follower.py-9] [INFO] [1786905949.703829435] [velocity_path_follower]: waypoint 4513 / 5251 도달 (선 이탈 0.03 m)
[velocity_path_follower.py-9] [INFO] [1786905950.203848851] [velocity_path_follower]: waypoint 4514 / 5251 도달 (선 이탈 0.03 m)
[velocity_path_follower.py-9] [INFO] [1786905950.703877762] [velocity_path_follower]: waypoint 4515 / 5251 도달 (선 이탈 0.04 m)
[velocity_path_follower.py-9] [INFO] [1786905951.153768916] [velocity_path_follower]: waypoint 4516 / 5251 도달 (선 이탈 0.05 m)
[velocity_path_follower.py-9] [INFO] [1786905951.603752200] [velocity_path_follower]: waypoint 4517 / 5251 도달 (선 이탈 0.05 m)
[velocity_path_follower.py-9] [INFO] [1786905952.003855455] [velocity_path_follower]: waypoint 4518 / 5251 도달 (선 이탈 0.05 m)
[velocity_path_follower.py-9] [INFO] [1786905952.453690815] [velocity_path_follower]: waypoint 4519 / 5251 도달 (선 이탈 0.05 m)
[velocity_path_follower.py-9] [INFO] [1786905952.853714831] [velocity_path_follower]: waypoint 4520 / 5251 도달 (선 이탈 0.05 m)
[velocity_path_follower.py-9] [INFO] [1786905953.303765125] [velocity_path_follower]: waypoint 4521 / 5251 도달 (선 이탈 0.05 m)
[velocity_path_follower.py-9] [INFO] [1786905953.653944193] [velocity_path_follower]: waypoint 4522 / 5251 도달 (선 이탈 0.05 m)
[velocity_path_follower.py-9] [INFO] [1786905954.056221933] [velocity_path_follower]: waypoint 4523 / 5251 도달 (선 이탈 0.04 m)
[velocity_path_follower.py-9] [INFO] [1786905954.405993774] [velocity_path_follower]: 1975.0s  wp 4524/5251 이탈0.0m  위치 (  -0.67,   -78.14,  11.61)
[velocity_path_follower.py-9] [INFO] [1786905954.506069649] [velocity_path_follower]: waypoint 4524 / 5251 도달 (선 이탈 0.04 m)
[velocity_path_follower.py-9] [INFO] [1786905954.905988648] [velocity_path_follower]: waypoint 4525 / 5251 도달 (선 이탈 0.03 m)
[velocity_path_follower.py-9] [INFO] [1786905955.306192130] [velocity_path_follower]: waypoint 4526 / 5251 도달 (선 이탈 0.03 m)
[velocity_path_follower.py-9] [INFO] [1786905955.656094054] [velocity_path_follower]: waypoint 4527 / 5251 도달 (선 이탈 0.02 m)
[velocity_path_follower.py-9] [INFO] [1786905956.058379415] [velocity_path_follower]: waypoint 4528 / 5251 도달 (선 이탈 0.02 m)
[velocity_path_follower.py-9] [INFO] [1786905956.408645740] [velocity_path_follower]: waypoint 4529 / 5251 도달 (선 이탈 0.01 m)
[velocity_path_follower.py-9] [INFO] [1786905956.808507646] [velocity_path_follower]: waypoint 4530 / 5251 도달 (선 이탈 0.00 m)
[velocity_path_follower.py-9] [INFO] [1786905957.210762080] [velocity_path_follower]: waypoint 4531 / 5251 도달 (선 이탈 0.00 m)
[velocity_path_follower.py-9] [INFO] [1786905957.563425912] [velocity_path_follower]: waypoint 4532 / 5251 도달 (선 이탈 0.01 m)
[velocity_path_follower.py-9] [INFO] [1786905957.915948270] [velocity_path_follower]: waypoint 4533 / 5251 도달 (선 이탈 0.01 m)
[velocity_path_follower.py-9] [INFO] [1786905958.315923198] [velocity_path_follower]: waypoint 4534 / 5251 도달 (선 이탈 0.02 m)
[velocity_path_follower.py-9] [INFO] [1786905958.665629723] [velocity_path_follower]: waypoint 4535 / 5251 도달 (선 이탈 0.02 m)
[velocity_path_follower.py-9] [INFO] [1786905959.065614503] [velocity_path_follower]: waypoint 4536 / 5251 도달 (선 이탈 0.02 m)
[velocity_path_follower.py-9] [INFO] [1786905959.415699848] [velocity_path_follower]: waypoint 4537 / 5251 도달 (선 이탈 0.02 m)
[velocity_path_follower.py-9] [INFO] [1786905959.465436212] [velocity_path_follower]: 1980.1s  wp 4538/5251 이탈0.0m  위치 (   6.00,   -78.08,   9.09)
[velocity_path_follower.py-9] [INFO] [1786905959.765650386] [velocity_path_follower]: waypoint 4538 / 5251 도달 (선 이탈 0.03 m)
[velocity_path_follower.py-9] [INFO] [1786905960.117860786] [velocity_path_follower]: waypoint 4539 / 5251 도달 (선 이탈 0.03 m)
[velocity_path_follower.py-9] [INFO] [1786905960.517878160] [velocity_path_follower]: waypoint 4540 / 5251 도달 (선 이탈 0.03 m)
[velocity_path_follower.py-9] [INFO] [1786905960.867760926] [velocity_path_follower]: waypoint 4541 / 5251 도달 (선 이탈 0.03 m)
[velocity_path_follower.py-9] [INFO] [1786905961.217679328] [velocity_path_follower]: waypoint 4542 / 5251 도달 (선 이탈 0.03 m)
[velocity_path_follower.py-9] [INFO] [1786905961.567639798] [velocity_path_follower]: waypoint 4543 / 5251 도달 (선 이탈 0.03 m)
[velocity_path_follower.py-9] [INFO] [1786905961.917763618] [velocity_path_follower]: waypoint 4544 / 5251 도달 (선 이탈 0.03 m)
[velocity_path_follower.py-9] [INFO] [1786905962.270172403] [velocity_path_follower]: waypoint 4545 / 5251 도달 (선 이탈 0.02 m)
[velocity_path_follower.py-9] [INFO] [1786905962.670092181] [velocity_path_follower]: waypoint 4546 / 5251 도달 (선 이탈 0.02 m)
[velocity_path_follower.py-9] [INFO] [1786905963.023161357] [velocity_path_follower]: waypoint 4547 / 5251 도달 (선 이탈 0.02 m)
[velocity_path_follower.py-9] [INFO] [1786905963.372688125] [velocity_path_follower]: waypoint 4548 / 5251 도달 (선 이탈 0.02 m)
[velocity_path_follower.py-9] [INFO] [1786905963.722663192] [velocity_path_follower]: waypoint 4549 / 5251 도달 (선 이탈 0.02 m)
[velocity_path_follower.py-9] [INFO] [1786905964.077463373] [velocity_path_follower]: waypoint 4550 / 5251 도달 (선 이탈 0.01 m)
[velocity_path_follower.py-9] [INFO] [1786905964.427570316] [velocity_path_follower]: waypoint 4551 / 5251 도달 (선 이탈 0.01 m)
[velocity_path_follower.py-9] [INFO] [1786905964.477731855] [velocity_path_follower]: 1985.1s  wp 4552/5251 이탈0.0m  위치 (  12.98,   -78.09,  10.03)
[velocity_path_follower.py-9] [INFO] [1786905964.777465695] [velocity_path_follower]: waypoint 4552 / 5251 도달 (선 이탈 0.01 m)
[velocity_path_follower.py-9] [INFO] [1786905965.127912698] [velocity_path_follower]: waypoint 4553 / 5251 도달 (선 이탈 0.00 m)
[velocity_path_follower.py-9] [INFO] [1786905965.479522046] [velocity_path_follower]: waypoint 4554 / 5251 도달 (선 이탈 0.00 m)
[velocity_path_follower.py-9] [INFO] [1786905965.829756657] [velocity_path_follower]: waypoint 4555 / 5251 도달 (선 이탈 0.00 m)
[velocity_path_follower.py-9] [INFO] [1786905966.179796510] [velocity_path_follower]: waypoint 4556 / 5251 도달 (선 이탈 0.00 m)
[velocity_path_follower.py-9] [INFO] [1786905966.529795497] [velocity_path_follower]: waypoint 4557 / 5251 도달 (선 이탈 0.01 m)
[velocity_path_follower.py-9] [INFO] [1786905966.929741108] [velocity_path_follower]: waypoint 4558 / 5251 도달 (선 이탈 0.01 m)
[velocity_path_follower.py-9] [INFO] [1786905967.230010502] [velocity_path_follower]: waypoint 4559 / 5251 도달 (선 이탈 0.01 m)
[velocity_path_follower.py-9] [INFO] [1786905967.579900214] [velocity_path_follower]: waypoint 4560 / 5251 도달 (선 이탈 0.01 m)
[velocity_path_follower.py-9] [INFO] [1786905967.929978655] [velocity_path_follower]: waypoint 4561 / 5251 도달 (선 이탈 0.01 m)
[velocity_path_follower.py-9] [INFO] [1786905968.329862894] [velocity_path_follower]: waypoint 4562 / 5251 도달 (선 이탈 0.01 m)
[velocity_path_follower.py-9] [INFO] [1786905968.629856782] [velocity_path_follower]: waypoint 4563 / 5251 도달 (선 이탈 0.01 m)
[velocity_path_follower.py-9] [INFO] [1786905969.029633744] [velocity_path_follower]: waypoint 4564 / 5251 도달 (선 이탈 0.01 m)
[velocity_path_follower.py-9] [INFO] [1786905969.329780519] [velocity_path_follower]: waypoint 4565 / 5251 도달 (선 이탈 0.01 m)
[velocity_path_follower.py-9] [INFO] [1786905969.429491114] [velocity_path_follower]: 1990.0s  wp 4566/5251 이탈0.0m  위치 (  20.05,   -78.11,  11.71)
[velocity_path_follower.py-9] [INFO] [1786905969.729648599] [velocity_path_follower]: waypoint 4566 / 5251 도달 (선 이탈 0.01 m)
[velocity_path_follower.py-9] [INFO] [1786905970.029967430] [velocity_path_follower]: waypoint 4567 / 5251 도달 (선 이탈 0.01 m)
[velocity_path_follower.py-9] [INFO] [1786905970.429788484] [velocity_path_follower]: waypoint 4568 / 5251 도달 (선 이탈 0.01 m)
[velocity_path_follower.py-9] [INFO] [1786905970.729812114] [velocity_path_follower]: waypoint 4569 / 5251 도달 (선 이탈 0.01 m)
[velocity_path_follower.py-9] [INFO] [1786905971.079841581] [velocity_path_follower]: waypoint 4570 / 5251 도달 (선 이탈 0.01 m)
[velocity_path_follower.py-9] [INFO] [1786905971.429873131] [velocity_path_follower]: waypoint 4571 / 5251 도달 (선 이탈 0.01 m)
[velocity_path_follower.py-9] [INFO] [1786905971.779737120] [velocity_path_follower]: waypoint 4572 / 5251 도달 (선 이탈 0.01 m)
[velocity_path_follower.py-9] [INFO] [1786905972.129923334] [velocity_path_follower]: waypoint 4573 / 5251 도달 (선 이탈 0.01 m)
[velocity_path_follower.py-9] [INFO] [1786905972.479730512] [velocity_path_follower]: waypoint 4574 / 5251 도달 (선 이탈 0.01 m)
[velocity_path_follower.py-9] [INFO] [1786905972.829815972] [velocity_path_follower]: waypoint 4575 / 5251 도달 (선 이탈 0.00 m)
[velocity_path_follower.py-9] [INFO] [1786905973.179807434] [velocity_path_follower]: waypoint 4576 / 5251 도달 (선 이탈 0.00 m)
[velocity_path_follower.py-9] [INFO] [1786905973.534329038] [velocity_path_follower]: waypoint 4577 / 5251 도달 (선 이탈 0.00 m)
[velocity_path_follower.py-9] [INFO] [1786905973.884164374] [velocity_path_follower]: waypoint 4578 / 5251 도달 (선 이탈 0.00 m)
[velocity_path_follower.py-9] [INFO] [1786905974.234232991] [velocity_path_follower]: waypoint 4579 / 5251 도달 (선 이탈 0.00 m)
[velocity_path_follower.py-9] [INFO] [1786905974.439718446] [velocity_path_follower]: 1995.0s  wp 4580/5251 이탈0.0m  위치 (  27.23,   -78.10,   9.09)
[velocity_path_follower.py-9] [INFO] [1786905974.588362871] [velocity_path_follower]: waypoint 4580 / 5251 도달 (선 이탈 0.00 m)
[velocity_path_follower.py-9] [INFO] [1786905974.938935067] [velocity_path_follower]: waypoint 4581 / 5251 도달 (선 이탈 0.00 m)
[velocity_path_follower.py-9] [INFO] [1786905975.288482439] [velocity_path_follower]: waypoint 4582 / 5251 도달 (선 이탈 0.00 m)
[velocity_path_follower.py-9] [INFO] [1786905975.638513104] [velocity_path_follower]: waypoint 4583 / 5251 도달 (선 이탈 0.01 m)
[velocity_path_follower.py-9] [INFO] [1786905975.988198272] [velocity_path_follower]: waypoint 4584 / 5251 도달 (선 이탈 0.01 m)
[velocity_path_follower.py-9] [INFO] [1786905976.290780657] [velocity_path_follower]: waypoint 4585 / 5251 도달 (선 이탈 0.01 m)
[velocity_path_follower.py-9] [INFO] [1786905976.692731155] [velocity_path_follower]: waypoint 4586 / 5251 도달 (선 이탈 0.01 m)
[velocity_path_follower.py-9] [INFO] [1786905976.992720502] [velocity_path_follower]: waypoint 4587 / 5251 도달 (선 이탈 0.01 m)
[velocity_path_follower.py-9] [INFO] [1786905977.342813733] [velocity_path_follower]: waypoint 4588 / 5251 도달 (선 이탈 0.01 m)
[velocity_path_follower.py-9] [INFO] [1786905977.744921145] [velocity_path_follower]: waypoint 4589 / 5251 도달 (선 이탈 0.01 m)
[velocity_path_follower.py-9] [INFO] [1786905978.046503447] [velocity_path_follower]: waypoint 4590 / 5251 도달 (선 이탈 0.01 m)
[velocity_path_follower.py-9] [INFO] [1786905978.446654832] [velocity_path_follower]: waypoint 4591 / 5251 도달 (선 이탈 0.01 m)
[velocity_path_follower.py-9] [INFO] [1786905978.746560369] [velocity_path_follower]: waypoint 4592 / 5251 도달 (선 이탈 0.01 m)
[velocity_path_follower.py-9] [INFO] [1786905979.096873804] [velocity_path_follower]: waypoint 4593 / 5251 도달 (선 이탈 0.01 m)
[velocity_path_follower.py-9] [INFO] [1786905979.446521461] [velocity_path_follower]: waypoint 4594 / 5251 도달 (선 이탈 0.01 m)
[velocity_path_follower.py-9] [INFO] [1786905979.496349970] [velocity_path_follower]: 2000.1s  wp 4595/5251 이탈0.0m  위치 (  34.48,   -78.09,   7.97)
[velocity_path_follower.py-9] [INFO] [1786905979.796485527] [velocity_path_follower]: waypoint 4595 / 5251 도달 (선 이탈 0.01 m)
[velocity_path_follower.py-9] [INFO] [1786905980.146711975] [velocity_path_follower]: waypoint 4596 / 5251 도달 (선 이탈 0.01 m)
[velocity_path_follower.py-9] [INFO] [1786905980.496516095] [velocity_path_follower]: waypoint 4597 / 5251 도달 (선 이탈 0.00 m)
[velocity_path_follower.py-9] [INFO] [1786905980.846513987] [velocity_path_follower]: waypoint 4598 / 5251 도달 (선 이탈 0.00 m)
[velocity_path_follower.py-9] [INFO] [1786905981.196491513] [velocity_path_follower]: waypoint 4599 / 5251 도달 (선 이탈 0.00 m)
[velocity_path_follower.py-9] [INFO] [1786905981.546639283] [velocity_path_follower]: waypoint 4600 / 5251 도달 (선 이탈 0.00 m)
[velocity_path_follower.py-9] [INFO] [1786905981.896666874] [velocity_path_follower]: waypoint 4601 / 5251 도달 (선 이탈 0.00 m)
[velocity_path_follower.py-9] [INFO] [1786905982.246851070] [velocity_path_follower]: waypoint 4602 / 5251 도달 (선 이탈 0.00 m)
[velocity_path_follower.py-9] [INFO] [1786905982.599871726] [velocity_path_follower]: waypoint 4603 / 5251 도달 (선 이탈 0.00 m)
[velocity_path_follower.py-9] [INFO] [1786905982.948909905] [velocity_path_follower]: waypoint 4604 / 5251 도달 (선 이탈 0.00 m)
[velocity_path_follower.py-9] [INFO] [1786905983.248921773] [velocity_path_follower]: waypoint 4605 / 5251 도달 (선 이탈 0.00 m)
[velocity_path_follower.py-9] [INFO] [1786905983.648956380] [velocity_path_follower]: waypoint 4606 / 5251 도달 (선 이탈 0.00 m)
[velocity_path_follower.py-9] [INFO] [1786905983.948873438] [velocity_path_follower]: waypoint 4607 / 5251 도달 (선 이탈 0.00 m)
[velocity_path_follower.py-9] [INFO] [1786905984.493953463] [velocity_path_follower]: 2005.0s  wp 4608/5251 이탈0.0m  위치 (  41.23,   -78.10,  10.34)
[velocity_path_follower.py-9] [INFO] [1786905984.499069312] [velocity_path_follower]: waypoint 4608 / 5251 도달 (선 이탈 0.00 m)
[velocity_path_follower.py-9] [INFO] [1786905984.648865925] [velocity_path_follower]: waypoint 4609 / 5251 도달 (선 이탈 0.00 m)
[velocity_path_follower.py-9] [INFO] [1786905984.998877604] [velocity_path_follower]: waypoint 4610 / 5251 도달 (선 이탈 0.00 m)
[velocity_path_follower.py-9] [INFO] [1786905985.348726337] [velocity_path_follower]: waypoint 4611 / 5251 도달 (선 이탈 0.00 m)
[velocity_path_follower.py-9] [INFO] [1786905985.698909731] [velocity_path_follower]: waypoint 4612 / 5251 도달 (선 이탈 0.00 m)
[velocity_path_follower.py-9] [INFO] [1786905986.048831839] [velocity_path_follower]: waypoint 4613 / 5251 도달 (선 이탈 0.00 m)
[velocity_path_follower.py-9] [INFO] [1786905986.401308305] [velocity_path_follower]: waypoint 4614 / 5251 도달 (선 이탈 0.00 m)
[velocity_path_follower.py-9] [INFO] [1786905986.753081110] [velocity_path_follower]: waypoint 4615 / 5251 도달 (선 이탈 0.00 m)
[velocity_path_follower.py-9] [INFO] [1786905987.103264894] [velocity_path_follower]: waypoint 4616 / 5251 도달 (선 이탈 0.00 m)
[velocity_path_follower.py-9] [INFO] [1786905987.453301416] [velocity_path_follower]: waypoint 4617 / 5251 도달 (선 이탈 0.00 m)
[velocity_path_follower.py-9] [INFO] [1786905987.803189255] [velocity_path_follower]: waypoint 4618 / 5251 도달 (선 이탈 0.00 m)
[velocity_path_follower.py-9] [INFO] [1786905988.103302386] [velocity_path_follower]: waypoint 4619 / 5251 도달 (선 이탈 0.00 m)
[velocity_path_follower.py-9] [INFO] [1786905988.453442991] [velocity_path_follower]: waypoint 4620 / 5251 도달 (선 이탈 0.00 m)
[velocity_path_follower.py-9] [INFO] [1786905988.803284731] [velocity_path_follower]: waypoint 4621 / 5251 도달 (선 이탈 0.00 m)
[velocity_path_follower.py-9] [INFO] [1786905989.153333637] [velocity_path_follower]: waypoint 4622 / 5251 도달 (선 이탈 0.00 m)
[velocity_path_follower.py-9] [INFO] [1786905989.453015104] [velocity_path_follower]: 2010.0s  wp 4623/5251 이탈0.0m  위치 (  48.85,   -78.10,  13.90)
[velocity_path_follower.py-9] [INFO] [1786905989.502968884] [velocity_path_follower]: waypoint 4623 / 5251 도달 (선 이탈 0.00 m)
[velocity_path_follower.py-9] [INFO] [1786905989.853146983] [velocity_path_follower]: waypoint 4624 / 5251 도달 (선 이탈 0.00 m)
[velocity_path_follower.py-9] [INFO] [1786905990.203160908] [velocity_path_follower]: waypoint 4625 / 5251 도달 (선 이탈 0.00 m)
[velocity_path_follower.py-9] [INFO] [1786905990.553144849] [velocity_path_follower]: waypoint 4626 / 5251 도달 (선 이탈 0.00 m)
[velocity_path_follower.py-9] [INFO] [1786905990.903239343] [velocity_path_follower]: waypoint 4627 / 5251 도달 (선 이탈 0.00 m)
[velocity_path_follower.py-9] [INFO] [1786905991.253186993] [velocity_path_follower]: waypoint 4628 / 5251 도달 (선 이탈 0.00 m)
[velocity_path_follower.py-9] [INFO] [1786905991.603193675] [velocity_path_follower]: waypoint 4629 / 5251 도달 (선 이탈 0.00 m)
[velocity_path_follower.py-9] [INFO] [1786905991.953216568] [velocity_path_follower]: waypoint 4630 / 5251 도달 (선 이탈 0.00 m)
[velocity_path_follower.py-9] [INFO] [1786905992.303217913] [velocity_path_follower]: waypoint 4631 / 5251 도달 (선 이탈 0.00 m)
[velocity_path_follower.py-9] [INFO] [1786905992.653240503] [velocity_path_follower]: waypoint 4632 / 5251 도달 (선 이탈 0.00 m)
[velocity_path_follower.py-9] [INFO] [1786905993.003170166] [velocity_path_follower]: waypoint 4633 / 5251 도달 (선 이탈 0.00 m)
[velocity_path_follower.py-9] [INFO] [1786905993.353362513] [velocity_path_follower]: waypoint 4634 / 5251 도달 (선 이탈 0.00 m)
[velocity_path_follower.py-9] [INFO] [1786905993.653168648] [velocity_path_follower]: waypoint 4635 / 5251 도달 (선 이탈 0.00 m)
[velocity_path_follower.py-9] [INFO] [1786905994.053091213] [velocity_path_follower]: waypoint 4636 / 5251 도달 (선 이탈 0.00 m)
[velocity_path_follower.py-9] [INFO] [1786905994.353118660] [velocity_path_follower]: waypoint 4637 / 5251 도달 (선 이탈 0.00 m)
[velocity_path_follower.py-9] [INFO] [1786905994.453190788] [velocity_path_follower]: 2015.0s  wp 4638/5251 이탈0.0m  위치 (  56.06,   -78.10,  15.04)
[velocity_path_follower.py-9] [INFO] [1786905994.703175524] [velocity_path_follower]: waypoint 4638 / 5251 도달 (선 이탈 0.00 m)
[velocity_path_follower.py-9] [INFO] [1786905995.053241173] [velocity_path_follower]: waypoint 4639 / 5251 도달 (선 이탈 0.00 m)
[velocity_path_follower.py-9] [INFO] [1786905995.403033831] [velocity_path_follower]: waypoint 4640 / 5251 도달 (선 이탈 0.00 m)
[velocity_path_follower.py-9] [INFO] [1786905995.753241742] [velocity_path_follower]: waypoint 4641 / 5251 도달 (선 이탈 0.00 m)
[velocity_path_follower.py-9] [INFO] [1786905996.103047303] [velocity_path_follower]: waypoint 4642 / 5251 도달 (선 이탈 0.00 m)
[velocity_path_follower.py-9] [INFO] [1786905996.453356215] [velocity_path_follower]: waypoint 4643 / 5251 도달 (선 이탈 0.00 m)
[velocity_path_follower.py-9] [INFO] [1786905996.803216370] [velocity_path_follower]: waypoint 4644 / 5251 도달 (선 이탈 0.00 m)
[velocity_path_follower.py-9] [INFO] [1786905997.153048166] [velocity_path_follower]: waypoint 4645 / 5251 도달 (선 이탈 0.00 m)
[velocity_path_follower.py-9] [INFO] [1786905999.453230763] [velocity_path_follower]: 2020.0s  wp 4646/5251 이탈1.5m  위치 (  62.88,   -77.48,  12.03)
[velocity_path_follower.py-9] [INFO] [1786906002.253187151] [velocity_path_follower]: waypoint 4646 / 5251 도달 (선 이탈 2.96 m)
[velocity_path_follower.py-9] [INFO] [1786906004.459113616] [velocity_path_follower]: 2025.0s  wp 4648/5251 이탈0.2m  위치 (  64.06,   -73.90,   9.78)
[velocity_path_follower.py-9] [INFO] [1786906007.105285509] [velocity_path_follower]: waypoint 4648 / 5251 도달 (선 이탈 1.37 m)
[velocity_path_follower.py-9] [INFO] [1786906007.755306816] [velocity_path_follower]: waypoint 4649 / 5251 도달 (선 이탈 1.45 m)
[velocity_path_follower.py-9] [INFO] [1786906008.355334129] [velocity_path_follower]: waypoint 4650 / 5251 도달 (선 이탈 1.45 m)
[velocity_path_follower.py-9] [INFO] [1786906008.905212371] [velocity_path_follower]: waypoint 4651 / 5251 도달 (선 이탈 1.41 m)
[velocity_path_follower.py-9] [INFO] [1786906009.455345824] [velocity_path_follower]: waypoint 4652 / 5251 도달 (선 이탈 1.32 m)
[velocity_path_follower.py-9] [INFO] [1786906009.505086934] [velocity_path_follower]: 2030.1s  wp 4653/5251 이탈1.3m  위치 (  60.36,   -72.79,  11.53)
[velocity_path_follower.py-9] [INFO] [1786906010.005138811] [velocity_path_follower]: waypoint 4653 / 5251 도달 (선 이탈 1.20 m)
[velocity_path_follower.py-9] [INFO] [1786906010.555260794] [velocity_path_follower]: waypoint 4654 / 5251 도달 (선 이탈 1.04 m)
[velocity_path_follower.py-9] [INFO] [1786906011.055277753] [velocity_path_follower]: waypoint 4655 / 5251 도달 (선 이탈 0.87 m)
[velocity_path_follower.py-9] [INFO] [1786906011.555330485] [velocity_path_follower]: waypoint 4656 / 5251 도달 (선 이탈 0.69 m)
[velocity_path_follower.py-9] [INFO] [1786906012.055110473] [velocity_path_follower]: waypoint 4657 / 5251 도달 (선 이탈 0.51 m)
[velocity_path_follower.py-9] [INFO] [1786906012.505795833] [velocity_path_follower]: waypoint 4658 / 5251 도달 (선 이탈 0.34 m)
[velocity_path_follower.py-9] [INFO] [1786906012.955323406] [velocity_path_follower]: waypoint 4659 / 5251 도달 (선 이탈 0.17 m)
[velocity_path_follower.py-9] [INFO] [1786906013.405224960] [velocity_path_follower]: waypoint 4660 / 5251 도달 (선 이탈 0.01 m)
[velocity_path_follower.py-9] [INFO] [1786906013.855131549] [velocity_path_follower]: waypoint 4661 / 5251 도달 (선 이탈 0.15 m)
[velocity_path_follower.py-9] [INFO] [1786906014.305103435] [velocity_path_follower]: waypoint 4662 / 5251 도달 (선 이탈 0.28 m)
[velocity_path_follower.py-9] [INFO] [1786906014.455103530] [velocity_path_follower]: 2035.0s  wp 4663/5251 이탈0.3m  위치 (  55.17,   -74.43,  11.71)
[velocity_path_follower.py-9] [INFO] [1786906014.705199670] [velocity_path_follower]: waypoint 4663 / 5251 도달 (선 이탈 0.39 m)
[velocity_path_follower.py-9] [INFO] [1786906015.155261522] [velocity_path_follower]: waypoint 4664 / 5251 도달 (선 이탈 0.50 m)
[velocity_path_follower.py-9] [INFO] [1786906015.555199225] [velocity_path_follower]: waypoint 4665 / 5251 도달 (선 이탈 0.57 m)
[velocity_path_follower.py-9] [INFO] [1786906015.955118009] [velocity_path_follower]: waypoint 4666 / 5251 도달 (선 이탈 0.63 m)
[velocity_path_follower.py-9] [INFO] [1786906016.355641972] [velocity_path_follower]: waypoint 4667 / 5251 도달 (선 이탈 0.67 m)
[velocity_path_follower.py-9] [INFO] [1786906016.755727299] [velocity_path_follower]: waypoint 4668 / 5251 도달 (선 이탈 0.69 m)
[velocity_path_follower.py-9] [INFO] [1786906017.155138909] [velocity_path_follower]: waypoint 4669 / 5251 도달 (선 이탈 0.70 m)
[velocity_path_follower.py-9] [INFO] [1786906017.507714609] [velocity_path_follower]: waypoint 4670 / 5251 도달 (선 이탈 0.69 m)
[velocity_path_follower.py-9] [INFO] [1786906017.957686697] [velocity_path_follower]: waypoint 4671 / 5251 도달 (선 이탈 0.66 m)
[velocity_path_follower.py-9] [INFO] [1786906018.308047123] [velocity_path_follower]: waypoint 4672 / 5251 도달 (선 이탈 0.63 m)
[velocity_path_follower.py-9] [INFO] [1786906018.707510730] [velocity_path_follower]: waypoint 4673 / 5251 도달 (선 이탈 0.59 m)
[velocity_path_follower.py-9] [INFO] [1786906019.107517087] [velocity_path_follower]: waypoint 4674 / 5251 도달 (선 이탈 0.53 m)
[velocity_path_follower.py-9] [INFO] [1786906019.457517044] [velocity_path_follower]: waypoint 4675 / 5251 도달 (선 이탈 0.47 m)
[velocity_path_follower.py-9] [INFO] [1786906019.507501774] [velocity_path_follower]: 2040.1s  wp 4676/5251 이탈0.5m  위치 (  48.81,   -74.56,  13.14)
[velocity_path_follower.py-9] [INFO] [1786906019.857785469] [velocity_path_follower]: waypoint 4676 / 5251 도달 (선 이탈 0.40 m)
[velocity_path_follower.py-9] [INFO] [1786906020.257668651] [velocity_path_follower]: waypoint 4677 / 5251 도달 (선 이탈 0.33 m)
[velocity_path_follower.py-9] [INFO] [1786906020.607466038] [velocity_path_follower]: waypoint 4678 / 5251 도달 (선 이탈 0.26 m)
[velocity_path_follower.py-9] [INFO] [1786906021.007723196] [velocity_path_follower]: waypoint 4679 / 5251 도달 (선 이탈 0.18 m)
[velocity_path_follower.py-9] [INFO] [1786906021.357609791] [velocity_path_follower]: waypoint 4680 / 5251 도달 (선 이탈 0.12 m)
[velocity_path_follower.py-9] [INFO] [1786906021.757375051] [velocity_path_follower]: waypoint 4681 / 5251 도달 (선 이탈 0.04 m)
[velocity_path_follower.py-9] [INFO] [1786906022.110378287] [velocity_path_follower]: waypoint 4682 / 5251 도달 (선 이탈 0.02 m)
[velocity_path_follower.py-9] [INFO] [1786906022.507732324] [velocity_path_follower]: waypoint 4683 / 5251 도달 (선 이탈 0.09 m)
[velocity_path_follower.py-9] [INFO] [1786906022.857484357] [velocity_path_follower]: waypoint 4684 / 5251 도달 (선 이탈 0.15 m)
[velocity_path_follower.py-9] [INFO] [1786906023.207602148] [velocity_path_follower]: waypoint 4685 / 5251 도달 (선 이탈 0.20 m)
[velocity_path_follower.py-9] [INFO] [1786906023.607659574] [velocity_path_follower]: waypoint 4686 / 5251 도달 (선 이탈 0.25 m)
[velocity_path_follower.py-9] [INFO] [1786906023.957722048] [velocity_path_follower]: waypoint 4687 / 5251 도달 (선 이탈 0.28 m)
[velocity_path_follower.py-9] [INFO] [1786906024.307417274] [velocity_path_follower]: waypoint 4688 / 5251 도달 (선 이탈 0.31 m)
[velocity_path_follower.py-9] [INFO] [1786906024.457424281] [velocity_path_follower]: 2045.0s  wp 4689/5251 이탈0.3m  위치 (  42.17,   -73.77,  12.58)
[velocity_path_follower.py-9] [INFO] [1786906024.657607003] [velocity_path_follower]: waypoint 4689 / 5251 도달 (선 이탈 0.34 m)
[velocity_path_follower.py-9] [INFO] [1786906025.057491555] [velocity_path_follower]: waypoint 4690 / 5251 도달 (선 이탈 0.36 m)
[velocity_path_follower.py-9] [INFO] [1786906025.407693194] [velocity_path_follower]: waypoint 4691 / 5251 도달 (선 이탈 0.37 m)
[velocity_path_follower.py-9] [INFO] [1786906025.757855121] [velocity_path_follower]: waypoint 4692 / 5251 도달 (선 이탈 0.37 m)
[velocity_path_follower.py-9] [INFO] [1786906026.107614200] [velocity_path_follower]: waypoint 4693 / 5251 도달 (선 이탈 0.37 m)
[velocity_path_follower.py-9] [INFO] [1786906026.457816081] [velocity_path_follower]: waypoint 4694 / 5251 도달 (선 이탈 0.36 m)
[velocity_path_follower.py-9] [INFO] [1786906026.857471173] [velocity_path_follower]: waypoint 4695 / 5251 도달 (선 이탈 0.34 m)
[velocity_path_follower.py-9] [INFO] [1786906027.208262503] [velocity_path_follower]: waypoint 4696 / 5251 도달 (선 이탈 0.32 m)
[velocity_path_follower.py-9] [INFO] [1786906027.557744553] [velocity_path_follower]: waypoint 4697 / 5251 도달 (선 이탈 0.29 m)
[velocity_path_follower.py-9] [INFO] [1786906027.907403997] [velocity_path_follower]: waypoint 4698 / 5251 도달 (선 이탈 0.27 m)
[velocity_path_follower.py-9] [INFO] [1786906028.257661591] [velocity_path_follower]: waypoint 4699 / 5251 도달 (선 이탈 0.23 m)
[velocity_path_follower.py-9] [INFO] [1786906028.657825039] [velocity_path_follower]: waypoint 4700 / 5251 도달 (선 이탈 0.20 m)
[velocity_path_follower.py-9] [INFO] [1786906029.007709456] [velocity_path_follower]: waypoint 4701 / 5251 도달 (선 이탈 0.16 m)
[velocity_path_follower.py-9] [INFO] [1786906029.359794258] [velocity_path_follower]: waypoint 4702 / 5251 도달 (선 이탈 0.12 m)
[velocity_path_follower.py-9] [INFO] [1786906029.459578851] [velocity_path_follower]: 2050.0s  wp 4703/5251 이탈0.1m  위치 (  35.21,   -73.99,   7.83)
[velocity_path_follower.py-9] [INFO] [1786906029.709699421] [velocity_path_follower]: waypoint 4703 / 5251 도달 (선 이탈 0.09 m)
[velocity_path_follower.py-9] [INFO] [1786906030.061628657] [velocity_path_follower]: waypoint 4704 / 5251 도달 (선 이탈 0.05 m)
[velocity_path_follower.py-9] [INFO] [1786906030.411675077] [velocity_path_follower]: waypoint 4705 / 5251 도달 (선 이탈 0.01 m)
[velocity_path_follower.py-9] [INFO] [1786906030.761491265] [velocity_path_follower]: waypoint 4706 / 5251 도달 (선 이탈 0.02 m)
[velocity_path_follower.py-9] [INFO] [1786906031.111933169] [velocity_path_follower]: waypoint 4707 / 5251 도달 (선 이탈 0.05 m)
[velocity_path_follower.py-9] [INFO] [1786906031.461758017] [velocity_path_follower]: waypoint 4708 / 5251 도달 (선 이탈 0.08 m)
[velocity_path_follower.py-9] [INFO] [1786906031.813669037] [velocity_path_follower]: waypoint 4709 / 5251 도달 (선 이탈 0.11 m)
[velocity_path_follower.py-9] [INFO] [1786906032.163847149] [velocity_path_follower]: waypoint 4710 / 5251 도달 (선 이탈 0.13 m)
[velocity_path_follower.py-9] [INFO] [1786906032.515892676] [velocity_path_follower]: waypoint 4711 / 5251 도달 (선 이탈 0.15 m)
[velocity_path_follower.py-9] [INFO] [1786906032.865714517] [velocity_path_follower]: waypoint 4712 / 5251 도달 (선 이탈 0.17 m)
[velocity_path_follower.py-9] [INFO] [1786906033.215749768] [velocity_path_follower]: waypoint 4713 / 5251 도달 (선 이탈 0.18 m)
[velocity_path_follower.py-9] [INFO] [1786906033.565758455] [velocity_path_follower]: waypoint 4714 / 5251 도달 (선 이탈 0.19 m)
[velocity_path_follower.py-9] [INFO] [1786906033.965631261] [velocity_path_follower]: waypoint 4715 / 5251 도달 (선 이탈 0.19 m)
[velocity_path_follower.py-9] [INFO] [1786906034.268522780] [velocity_path_follower]: waypoint 4716 / 5251 도달 (선 이탈 0.19 m)
[velocity_path_follower.py-9] [INFO] [1786906034.470376934] [velocity_path_follower]: 2055.0s  wp 4717/5251 이탈0.2m  위치 (  28.11,   -74.29,   8.30)
[velocity_path_follower.py-9] [INFO] [1786906034.620817817] [velocity_path_follower]: waypoint 4717 / 5251 도달 (선 이탈 0.19 m)
[velocity_path_follower.py-9] [INFO] [1786906034.970744573] [velocity_path_follower]: waypoint 4718 / 5251 도달 (선 이탈 0.18 m)
[velocity_path_follower.py-9] [INFO] [1786906035.370486260] [velocity_path_follower]: waypoint 4719 / 5251 도달 (선 이탈 0.17 m)
[velocity_path_follower.py-9] [INFO] [1786906035.670696042] [velocity_path_follower]: waypoint 4720 / 5251 도달 (선 이탈 0.16 m)
[velocity_path_follower.py-9] [INFO] [1786906036.070823880] [velocity_path_follower]: waypoint 4721 / 5251 도달 (선 이탈 0.15 m)
[velocity_path_follower.py-9] [INFO] [1786906036.370501775] [velocity_path_follower]: waypoint 4722 / 5251 도달 (선 이탈 0.14 m)
[velocity_path_follower.py-9] [INFO] [1786906036.770603398] [velocity_path_follower]: waypoint 4723 / 5251 도달 (선 이탈 0.12 m)
[velocity_path_follower.py-9] [INFO] [1786906037.073848354] [velocity_path_follower]: waypoint 4724 / 5251 도달 (선 이탈 0.10 m)
[velocity_path_follower.py-9] [INFO] [1786906037.473513211] [velocity_path_follower]: waypoint 4725 / 5251 도달 (선 이탈 0.08 m)
[velocity_path_follower.py-9] [INFO] [1786906037.774818230] [velocity_path_follower]: waypoint 4726 / 5251 도달 (선 이탈 0.06 m)
[velocity_path_follower.py-9] [INFO] [1786906038.123655380] [velocity_path_follower]: waypoint 4727 / 5251 도달 (선 이탈 0.04 m)
[velocity_path_follower.py-9] [INFO] [1786906038.476484861] [velocity_path_follower]: waypoint 4728 / 5251 도달 (선 이탈 0.03 m)
[velocity_path_follower.py-9] [INFO] [1786906038.878852020] [velocity_path_follower]: waypoint 4729 / 5251 도달 (선 이탈 0.01 m)
[velocity_path_follower.py-9] [INFO] [1786906039.178806920] [velocity_path_follower]: waypoint 4730 / 5251 도달 (선 이탈 0.01 m)
[velocity_path_follower.py-9] [INFO] [1786906039.482994773] [velocity_path_follower]: 2060.0s  wp 4731/5251 이탈0.0m  위치 (  20.96,   -74.08,   9.21)
[velocity_path_follower.py-9] [INFO] [1786906039.582963913] [velocity_path_follower]: waypoint 4731 / 5251 도달 (선 이탈 0.03 m)
[velocity_path_follower.py-9] [INFO] [1786906039.883041684] [velocity_path_follower]: waypoint 4732 / 5251 도달 (선 이탈 0.04 m)
[velocity_path_follower.py-9] [INFO] [1786906040.233188023] [velocity_path_follower]: waypoint 4733 / 5251 도달 (선 이탈 0.06 m)
[velocity_path_follower.py-9] [INFO] [1786906040.583205332] [velocity_path_follower]: waypoint 4734 / 5251 도달 (선 이탈 0.07 m)
[velocity_path_follower.py-9] [INFO] [1786906040.936128685] [velocity_path_follower]: waypoint 4735 / 5251 도달 (선 이탈 0.08 m)
[velocity_path_follower.py-9] [INFO] [1786906041.289370072] [velocity_path_follower]: waypoint 4736 / 5251 도달 (선 이탈 0.09 m)
[velocity_path_follower.py-9] [INFO] [1786906041.639300949] [velocity_path_follower]: waypoint 4737 / 5251 도달 (선 이탈 0.09 m)
[velocity_path_follower.py-9] [INFO] [1786906041.989433139] [velocity_path_follower]: waypoint 4738 / 5251 도달 (선 이탈 0.10 m)
[velocity_path_follower.py-9] [INFO] [1786906042.341483393] [velocity_path_follower]: waypoint 4739 / 5251 도달 (선 이탈 0.10 m)
[velocity_path_follower.py-9] [INFO] [1786906042.691458102] [velocity_path_follower]: waypoint 4740 / 5251 도달 (선 이탈 0.10 m)
[velocity_path_follower.py-9] [INFO] [1786906043.041654995] [velocity_path_follower]: waypoint 4741 / 5251 도달 (선 이탈 0.10 m)
[velocity_path_follower.py-9] [INFO] [1786906043.394727302] [velocity_path_follower]: waypoint 4742 / 5251 도달 (선 이탈 0.10 m)
[velocity_path_follower.py-9] [INFO] [1786906043.744725592] [velocity_path_follower]: waypoint 4743 / 5251 도달 (선 이탈 0.09 m)
[velocity_path_follower.py-9] [INFO] [1786906044.094707658] [velocity_path_follower]: waypoint 4744 / 5251 도달 (선 이탈 0.09 m)
[velocity_path_follower.py-9] [INFO] [1786906044.444862166] [velocity_path_follower]: waypoint 4745 / 5251 도달 (선 이탈 0.08 m)
[velocity_path_follower.py-9] [INFO] [1786906044.494655870] [velocity_path_follower]: 2065.0s  wp 4746/5251 이탈0.1m  위치 (  13.77,   -74.02,   7.72)
[velocity_path_follower.py-9] [INFO] [1786906044.794788193] [velocity_path_follower]: waypoint 4746 / 5251 도달 (선 이탈 0.07 m)
[velocity_path_follower.py-9] [INFO] [1786906045.144831420] [velocity_path_follower]: waypoint 4747 / 5251 도달 (선 이탈 0.06 m)
[velocity_path_follower.py-9] [INFO] [1786906045.494754940] [velocity_path_follower]: waypoint 4748 / 5251 도달 (선 이탈 0.05 m)
[velocity_path_follower.py-9] [INFO] [1786906045.844844644] [velocity_path_follower]: waypoint 4749 / 5251 도달 (선 이탈 0.05 m)
[velocity_path_follower.py-9] [INFO] [1786906046.194855605] [velocity_path_follower]: waypoint 4750 / 5251 도달 (선 이탈 0.03 m)
[velocity_path_follower.py-9] [INFO] [1786906046.494722028] [velocity_path_follower]: waypoint 4751 / 5251 도달 (선 이탈 0.03 m)
[velocity_path_follower.py-9] [INFO] [1786906046.894727179] [velocity_path_follower]: waypoint 4752 / 5251 도달 (선 이탈 0.01 m)
[velocity_path_follower.py-9] [INFO] [1786906047.197080408] [velocity_path_follower]: waypoint 4753 / 5251 도달 (선 이탈 0.01 m)
[velocity_path_follower.py-9] [INFO] [1786906047.549956170] [velocity_path_follower]: waypoint 4754 / 5251 도달 (선 이탈 0.00 m)
[velocity_path_follower.py-9] [INFO] [1786906047.899983440] [velocity_path_follower]: waypoint 4755 / 5251 도달 (선 이탈 0.01 m)
[velocity_path_follower.py-9] [INFO] [1786906048.252504967] [velocity_path_follower]: waypoint 4756 / 5251 도달 (선 이탈 0.02 m)
[velocity_path_follower.py-9] [INFO] [1786906048.604638442] [velocity_path_follower]: waypoint 4757 / 5251 도달 (선 이탈 0.03 m)
[velocity_path_follower.py-9] [INFO] [1786906048.954838348] [velocity_path_follower]: waypoint 4758 / 5251 도달 (선 이탈 0.03 m)
[velocity_path_follower.py-9] [INFO] [1786906049.307129631] [velocity_path_follower]: waypoint 4759 / 5251 도달 (선 이탈 0.04 m)
[velocity_path_follower.py-9] [INFO] [1786906049.508889655] [velocity_path_follower]: 2070.0s  wp 4760/5251 이탈0.0m  위치 (   6.58,   -74.14,   9.09)
[velocity_path_follower.py-9] [INFO] [1786906049.658988197] [velocity_path_follower]: waypoint 4760 / 5251 도달 (선 이탈 0.04 m)
[velocity_path_follower.py-9] [INFO] [1786906050.020963394] [velocity_path_follower]: waypoint 4761 / 5251 도달 (선 이탈 0.05 m)
[velocity_path_follower.py-9] [INFO] [1786906050.370717162] [velocity_path_follower]: waypoint 4762 / 5251 도달 (선 이탈 0.05 m)
[velocity_path_follower.py-9] [INFO] [1786906050.720669575] [velocity_path_follower]: waypoint 4763 / 5251 도달 (선 이탈 0.05 m)
[velocity_path_follower.py-9] [INFO] [1786906051.070720114] [velocity_path_follower]: waypoint 4764 / 5251 도달 (선 이탈 0.05 m)
[velocity_path_follower.py-9] [INFO] [1786906051.420734778] [velocity_path_follower]: waypoint 4765 / 5251 도달 (선 이탈 0.05 m)
[velocity_path_follower.py-9] [INFO] [1786906051.770723398] [velocity_path_follower]: waypoint 4766 / 5251 도달 (선 이탈 0.05 m)
[velocity_path_follower.py-9] [INFO] [1786906052.122835795] [velocity_path_follower]: waypoint 4767 / 5251 도달 (선 이탈 0.05 m)
[velocity_path_follower.py-9] [INFO] [1786906052.422832573] [velocity_path_follower]: waypoint 4768 / 5251 도달 (선 이탈 0.05 m)
[velocity_path_follower.py-9] [INFO] [1786906052.822669469] [velocity_path_follower]: waypoint 4769 / 5251 도달 (선 이탈 0.04 m)
[velocity_path_follower.py-9] [INFO] [1786906053.123254497] [velocity_path_follower]: waypoint 4770 / 5251 도달 (선 이탈 0.04 m)
[velocity_path_follower.py-9] [INFO] [1786906053.472910365] [velocity_path_follower]: waypoint 4771 / 5251 도달 (선 이탈 0.04 m)
[velocity_path_follower.py-9] [INFO] [1786906053.823760269] [velocity_path_follower]: waypoint 4772 / 5251 도달 (선 이탈 0.03 m)
[velocity_path_follower.py-9] [INFO] [1786906054.179692860] [velocity_path_follower]: waypoint 4773 / 5251 도달 (선 이탈 0.03 m)
[velocity_path_follower.py-9] [INFO] [1786906054.534490608] [velocity_path_follower]: waypoint 4774 / 5251 도달 (선 이탈 0.02 m)
[velocity_path_follower.py-9] [INFO] [1786906054.584470806] [velocity_path_follower]: 2075.1s  wp 4775/5251 이탈0.0m  위치 (  -0.69,   -74.12,  10.68)
[velocity_path_follower.py-9] [INFO] [1786906054.884702318] [velocity_path_follower]: waypoint 4775 / 5251 도달 (선 이탈 0.02 m)
[velocity_path_follower.py-9] [INFO] [1786906055.236792850] [velocity_path_follower]: waypoint 4776 / 5251 도달 (선 이탈 0.01 m)
[velocity_path_follower.py-9] [INFO] [1786906055.588814234] [velocity_path_follower]: waypoint 4777 / 5251 도달 (선 이탈 0.01 m)
[velocity_path_follower.py-9] [INFO] [1786906055.938661070] [velocity_path_follower]: waypoint 4778 / 5251 도달 (선 이탈 0.00 m)
[velocity_path_follower.py-9] [INFO] [1786906056.288773811] [velocity_path_follower]: waypoint 4779 / 5251 도달 (선 이탈 0.00 m)
[velocity_path_follower.py-9] [INFO] [1786906056.638670272] [velocity_path_follower]: waypoint 4780 / 5251 도달 (선 이탈 0.01 m)
[velocity_path_follower.py-9] [INFO] [1786906056.989045781] [velocity_path_follower]: waypoint 4781 / 5251 도달 (선 이탈 0.01 m)
[velocity_path_follower.py-9] [INFO] [1786906057.338730718] [velocity_path_follower]: waypoint 4782 / 5251 도달 (선 이탈 0.02 m)
[velocity_path_follower.py-9] [INFO] [1786906057.638739548] [velocity_path_follower]: waypoint 4783 / 5251 도달 (선 이탈 0.02 m)
[velocity_path_follower.py-9] [INFO] [1786906058.041477918] [velocity_path_follower]: waypoint 4784 / 5251 도달 (선 이탈 0.02 m)
[velocity_path_follower.py-9] [INFO] [1786906058.349969001] [velocity_path_follower]: waypoint 4785 / 5251 도달 (선 이탈 0.02 m)
[velocity_path_follower.py-9] [INFO] [1786906058.701153455] [velocity_path_follower]: waypoint 4786 / 5251 도달 (선 이탈 0.03 m)
[velocity_path_follower.py-9] [INFO] [1786906059.050921596] [velocity_path_follower]: waypoint 4787 / 5251 도달 (선 이탈 0.03 m)
[velocity_path_follower.py-9] [INFO] [1786906059.401330720] [velocity_path_follower]: waypoint 4788 / 5251 도달 (선 이탈 0.03 m)
[velocity_path_follower.py-9] [INFO] [1786906059.550842338] [velocity_path_follower]: 2080.0s  wp 4789/5251 이탈0.0m  위치 (  -7.84,   -74.07,   9.88)
[velocity_path_follower.py-9] [INFO] [1786906059.750869049] [velocity_path_follower]: waypoint 4789 / 5251 도달 (선 이탈 0.03 m)
[velocity_path_follower.py-9] [INFO] [1786906060.100891996] [velocity_path_follower]: waypoint 4790 / 5251 도달 (선 이탈 0.03 m)
[velocity_path_follower.py-9] [INFO] [1786906060.451070342] [velocity_path_follower]: waypoint 4791 / 5251 도달 (선 이탈 0.03 m)
[velocity_path_follower.py-9] [INFO] [1786906060.800870484] [velocity_path_follower]: waypoint 4792 / 5251 도달 (선 이탈 0.02 m)
[velocity_path_follower.py-9] [INFO] [1786906061.150752615] [velocity_path_follower]: waypoint 4793 / 5251 도달 (선 이탈 0.02 m)
[velocity_path_follower.py-9] [INFO] [1786906061.501975643] [velocity_path_follower]: waypoint 4794 / 5251 도달 (선 이탈 0.02 m)
[velocity_path_follower.py-9] [INFO] [1786906061.851087005] [velocity_path_follower]: waypoint 4795 / 5251 도달 (선 이탈 0.02 m)
[velocity_path_follower.py-9] [INFO] [1786906062.200797108] [velocity_path_follower]: waypoint 4796 / 5251 도달 (선 이탈 0.02 m)
[velocity_path_follower.py-9] [INFO] [1786906062.553633414] [velocity_path_follower]: waypoint 4797 / 5251 도달 (선 이탈 0.01 m)
[velocity_path_follower.py-9] [INFO] [1786906062.853610544] [velocity_path_follower]: waypoint 4798 / 5251 도달 (선 이탈 0.01 m)
[velocity_path_follower.py-9] [INFO] [1786906063.253464172] [velocity_path_follower]: waypoint 4799 / 5251 도달 (선 이탈 0.01 m)
[velocity_path_follower.py-9] [INFO] [1786906063.553683577] [velocity_path_follower]: waypoint 4800 / 5251 도달 (선 이탈 0.01 m)
[velocity_path_follower.py-9] [INFO] [1786906063.905442274] [velocity_path_follower]: waypoint 4801 / 5251 도달 (선 이탈 0.00 m)
[velocity_path_follower.py-9] [INFO] [1786906064.255815510] [velocity_path_follower]: waypoint 4802 / 5251 도달 (선 이탈 0.00 m)
[velocity_path_follower.py-9] [INFO] [1786906064.555644463] [velocity_path_follower]: 2085.0s  wp 4803/5251 이탈0.0m  위치 ( -15.05,   -74.10,   6.74)
[velocity_path_follower.py-9] [INFO] [1786906064.605640763] [velocity_path_follower]: waypoint 4803 / 5251 도달 (선 이탈 0.00 m)
[velocity_path_follower.py-9] [INFO] [1786906064.955651910] [velocity_path_follower]: waypoint 4804 / 5251 도달 (선 이탈 0.00 m)
[ros2-8] [INFO] [1786906066.025147364] [rosbag2_cpp]: Writing remaining messages from cache to the bag. It may take a while
[velocity_path_follower.py-9] [INFO] [1786906068.508605368] [velocity_path_follower]: waypoint 4805 / 5251 도달 (선 이탈 0.02 m)
[velocity_path_follower.py-9] [INFO] [1786906068.558479964] [velocity_path_follower]: waypoint 4806 / 5251 도달 (선 이탈 0.02 m)
[velocity_path_follower.py-9] [INFO] [1786906068.608492948] [velocity_path_follower]: waypoint 4807 / 5251 도달 (선 이탈 0.02 m)
[velocity_path_follower.py-9] [INFO] [1786906068.658810295] [velocity_path_follower]: waypoint 4808 / 5251 도달 (선 이탈 0.02 m)
[velocity_path_follower.py-9] [INFO] [1786906068.708373069] [velocity_path_follower]: waypoint 4809 / 5251 도달 (선 이탈 0.02 m)
[velocity_path_follower.py-9] [INFO] [1786906068.758517441] [velocity_path_follower]: waypoint 4810 / 5251 도달 (선 이탈 0.02 m)
[velocity_path_follower.py-9] [INFO] [1786906068.808668814] [velocity_path_follower]: waypoint 4811 / 5251 도달 (선 이탈 0.02 m)
[velocity_path_follower.py-9] [INFO] [1786906068.858486862] [velocity_path_follower]: waypoint 4812 / 5251 도달 (선 이탈 0.02 m)
[velocity_path_follower.py-9] [INFO] [1786906069.358671288] [velocity_path_follower]: waypoint 4813 / 5251 도달 (선 이탈 0.02 m)
[velocity_path_follower.py-9] [INFO] [1786906069.558391917] [velocity_path_follower]: 2090.0s  wp 4814/5251 이탈0.0m  위치 ( -20.28,   -74.12,   7.05)
[velocity_path_follower.py-9] [INFO] [1786906070.008440209] [velocity_path_follower]: waypoint 4814 / 5251 도달 (선 이탈 0.02 m)
[velocity_path_follower.py-9] [INFO] [1786906070.608411263] [velocity_path_follower]: waypoint 4815 / 5251 도달 (선 이탈 0.02 m)
[velocity_path_follower.py-9] [INFO] [1786906071.158481878] [velocity_path_follower]: waypoint 4816 / 5251 도달 (선 이탈 0.02 m)
[velocity_path_follower.py-9] [INFO] [1786906071.710469087] [velocity_path_follower]: waypoint 4817 / 5251 도달 (선 이탈 0.02 m)
[velocity_path_follower.py-9] [INFO] [1786906072.210454236] [velocity_path_follower]: waypoint 4818 / 5251 도달 (선 이탈 0.02 m)
[velocity_path_follower.py-9] [INFO] [1786906072.660457934] [velocity_path_follower]: waypoint 4819 / 5251 도달 (선 이탈 0.01 m)
[velocity_path_follower.py-9] [INFO] [1786906073.160851023] [velocity_path_follower]: waypoint 4820 / 5251 도달 (선 이탈 0.01 m)
[velocity_path_follower.py-9] [INFO] [1786906073.610631684] [velocity_path_follower]: waypoint 4821 / 5251 도달 (선 이탈 0.01 m)
[velocity_path_follower.py-9] [INFO] [1786906074.060488595] [velocity_path_follower]: waypoint 4822 / 5251 도달 (선 이탈 0.00 m)
[velocity_path_follower.py-9] [INFO] [1786906074.460614870] [velocity_path_follower]: waypoint 4823 / 5251 도달 (선 이탈 0.00 m)
[velocity_path_follower.py-9] [INFO] [1786906074.560568629] [velocity_path_follower]: 2095.0s  wp 4824/5251 이탈0.0m  위치 ( -25.23,   -74.10,   8.38)
[velocity_path_follower.py-9] [INFO] [1786906074.910708170] [velocity_path_follower]: waypoint 4824 / 5251 도달 (선 이탈 0.00 m)
[velocity_path_follower.py-9] [INFO] [1786906075.310497165] [velocity_path_follower]: waypoint 4825 / 5251 도달 (선 이탈 0.00 m)
[velocity_path_follower.py-9] [INFO] [1786906075.710697271] [velocity_path_follower]: waypoint 4826 / 5251 도달 (선 이탈 0.01 m)
[velocity_path_follower.py-9] [INFO] [1786906076.163642268] [velocity_path_follower]: waypoint 4827 / 5251 도달 (선 이탈 0.01 m)
[velocity_path_follower.py-9] [INFO] [1786906076.563379654] [velocity_path_follower]: waypoint 4828 / 5251 도달 (선 이탈 0.01 m)
[velocity_path_follower.py-9] [INFO] [1786906076.963316892] [velocity_path_follower]: waypoint 4829 / 5251 도달 (선 이탈 0.01 m)
[velocity_path_follower.py-9] [INFO] [1786906077.313905347] [velocity_path_follower]: waypoint 4830 / 5251 도달 (선 이탈 0.01 m)
[velocity_path_follower.py-9] [INFO] [1786906077.713336111] [velocity_path_follower]: waypoint 4831 / 5251 도달 (선 이탈 0.01 m)
[velocity_path_follower.py-9] [INFO] [1786906078.113583564] [velocity_path_follower]: waypoint 4832 / 5251 도달 (선 이탈 0.01 m)
[velocity_path_follower.py-9] [INFO] [1786906078.463382311] [velocity_path_follower]: waypoint 4833 / 5251 도달 (선 이탈 0.01 m)
[velocity_path_follower.py-9] [INFO] [1786906078.864161320] [velocity_path_follower]: waypoint 4834 / 5251 도달 (선 이탈 0.01 m)
[velocity_path_follower.py-9] [INFO] [1786906079.263392940] [velocity_path_follower]: waypoint 4835 / 5251 도달 (선 이탈 0.01 m)
[velocity_path_follower.py-9] [INFO] [1786906079.563686527] [velocity_path_follower]: 2100.0s  wp 4836/5251 이탈0.0m  위치 ( -31.56,   -74.09,   8.44)
[velocity_path_follower.py-9] [INFO] [1786906079.613328238] [velocity_path_follower]: waypoint 4836 / 5251 도달 (선 이탈 0.01 m)
[velocity_path_follower.py-9] [INFO] [1786906080.013753661] [velocity_path_follower]: waypoint 4837 / 5251 도달 (선 이탈 0.01 m)
[velocity_path_follower.py-9] [INFO] [1786906080.363407014] [velocity_path_follower]: waypoint 4838 / 5251 도달 (선 이탈 0.01 m)
[velocity_path_follower.py-9] [INFO] [1786906080.713617669] [velocity_path_follower]: waypoint 4839 / 5251 도달 (선 이탈 0.01 m)
[velocity_path_follower.py-9] [INFO] [1786906081.113422387] [velocity_path_follower]: waypoint 4840 / 5251 도달 (선 이탈 0.01 m)
[velocity_path_follower.py-9] [INFO] [1786906081.463699046] [velocity_path_follower]: waypoint 4841 / 5251 도달 (선 이탈 0.01 m)
[velocity_path_follower.py-9] [INFO] [1786906081.867728756] [velocity_path_follower]: waypoint 4842 / 5251 도달 (선 이탈 0.00 m)
[velocity_path_follower.py-9] [INFO] [1786906082.217486213] [velocity_path_follower]: waypoint 4843 / 5251 도달 (선 이탈 0.00 m)
[velocity_path_follower.py-9] [INFO] [1786906082.567715908] [velocity_path_follower]: waypoint 4844 / 5251 도달 (선 이탈 0.00 m)
[velocity_path_follower.py-9] [INFO] [1786906084.567404023] [velocity_path_follower]: 2105.0s  climb       위치 ( -38.13,   -74.10,   6.05)
[velocity_path_follower.py-9] [INFO] [1786906085.967508124] [velocity_path_follower]: waypoint 4845 / 5251 도달 (선 이탈 0.01 m)
[velocity_path_follower.py-9] [INFO] [1786906086.017801983] [velocity_path_follower]: waypoint 4846 / 5251 도달 (선 이탈 0.01 m)
[velocity_path_follower.py-9] [INFO] [1786906086.067486447] [velocity_path_follower]: waypoint 4847 / 5251 도달 (선 이탈 0.01 m)
[velocity_path_follower.py-9] [INFO] [1786906089.572015217] [velocity_path_follower]: 2110.0s  wp 4848/5251 이탈2.1m  위치 ( -40.66,   -72.86,   7.52)
[velocity_path_follower.py-9] [INFO] [1786906091.467869842] [velocity_path_follower]: waypoint 4848 / 5251 도달 (선 이탈 1.64 m)
[velocity_path_follower.py-9] [INFO] [1786906092.918154170] [velocity_path_follower]: waypoint 4850 / 5251 도달 (선 이탈 0.38 m)
[velocity_path_follower.py-9] [INFO] [1786906093.767626659] [velocity_path_follower]: waypoint 4851 / 5251 도달 (선 이탈 0.23 m)
[velocity_path_follower.py-9] [INFO] [1786906094.417515200] [velocity_path_follower]: waypoint 4852 / 5251 도달 (선 이탈 0.62 m)
[velocity_path_follower.py-9] [INFO] [1786906094.567831020] [velocity_path_follower]: 2115.0s  wp 4853/5251 이탈0.7m  위치 ( -38.47,   -69.40,   6.63)
[velocity_path_follower.py-9] [INFO] [1786906095.067660937] [velocity_path_follower]: waypoint 4853 / 5251 도달 (선 이탈 0.94 m)
[velocity_path_follower.py-9] [INFO] [1786906096.867603841] [velocity_path_follower]: waypoint 4854 / 5251 도달 (선 이탈 1.50 m)
[velocity_path_follower.py-9] [INFO] [1786906096.917645068] [velocity_path_follower]: waypoint 4855 / 5251 도달 (선 이탈 1.51 m)
[velocity_path_follower.py-9] [INFO] [1786906096.967485527] [velocity_path_follower]: waypoint 4856 / 5251 도달 (선 이탈 1.53 m)
[velocity_path_follower.py-9] [INFO] [1786906097.667923240] [velocity_path_follower]: waypoint 4857 / 5251 도달 (선 이탈 1.67 m)
[velocity_path_follower.py-9] [INFO] [1786906099.167681117] [velocity_path_follower]: waypoint 4858 / 5251 도달 (선 이탈 1.49 m)
[velocity_path_follower.py-9] [INFO] [1786906099.571423815] [velocity_path_follower]: 2120.0s  wp 4859/5251 이탈1.5m  위치 ( -35.41,   -68.60,   7.41)
[velocity_path_follower.py-9] [INFO] [1786906100.178848573] [velocity_path_follower]: waypoint 4859 / 5251 도달 (선 이탈 1.45 m)
[velocity_path_follower.py-9] [ERROR] [1786906103.278407204] [velocity_path_follower]: 고도 -21.8 m — 설계 8.4 m에서 30 m 넘게 벗어났다. 비행 중단.
[velocity_path_follower.py-9] [INFO] [1786906103.278908000] [velocity_path_follower]: 경로 완료 — /drone/path_status=True
