[INFO] [launch]: All log files can be found below /home/hyunwoo-chae/.ros/log/2026-08-16-04-20-43-990226-hyunwoo-chae-QEMU-Virtual-Machine-16789
[INFO] [launch]: Default logging verbosity is set to INFO
[INFO] [gazebo-1]: process started with pid [16830]
[INFO] [parameter_bridge-2]: process started with pid [16831]
[INFO] [parameter_bridge-3]: process started with pid [16833]
[INFO] [parameter_bridge-4]: process started with pid [16834]
[INFO] [static_transform_publisher-5]: process started with pid [16835]
[INFO] [parameter_bridge-6]: process started with pid [16836]
[INFO] [wait_for_world-7]: process started with pid [16837]
[wait_for_world-7] [wait_for_world] 'Seongdong_gu' 로드 대기 (최대 180s, 10s 후부터 3s 간격 확인)
[parameter_bridge-3] [INFO] [1786821644.485130538] [exp_sensor_bridge]: Creating GZ->ROS Bridge: [/drone/points/points (gz.msgs.PointCloudPacked) -> /drone/points/points (sensor_msgs/msg/PointCloud2)] (Lazy 0)
[static_transform_publisher-5] [INFO] [1786821644.485357118] [drone_os1_lidar_static_tf]: Spinning until stopped - publishing transform
[static_transform_publisher-5] translation: ('0.000000', '0.000000', '-0.175406')
[static_transform_publisher-5] rotation: ('0.000000', '0.707108', '0.000000', '0.707105')
[static_transform_publisher-5] from 'drone/base_link' to 'drone/os1_lidar'
[parameter_bridge-3] [INFO] [1786821644.488466565] [exp_sensor_bridge]: Creating GZ->ROS Bridge: [/drone/imu (gz.msgs.IMU) -> /drone/imu (sensor_msgs/msg/Imu)] (Lazy 0)
[parameter_bridge-2] [INFO] [1786821644.505491566] [exp_clock_bridge]: Creating GZ->ROS Bridge: [/clock (gz.msgs.Clock) -> /clock (rosgraph_msgs/msg/Clock)] (Lazy 0)
[parameter_bridge-6] [INFO] [1786821644.507437033] [exp_cmd_bridge]: Creating ROS->GZ Bridge: [/X3/gazebo/command/twist (geometry_msgs/msg/Twist) -> /X3/gazebo/command/twist (gz.msgs.Twist)] (Lazy 0)
[parameter_bridge-6] [INFO] [1786821644.510993472] [exp_cmd_bridge]: Creating ROS->GZ Bridge: [/X3/enable (std_msgs/msg/Bool) -> /X3/enable (gz.msgs.Boolean)] (Lazy 0)
[parameter_bridge-4] [INFO] [1786821644.511866415] [exp_drone_tf_bridge]: Creating GZ->ROS Bridge: [/model/X3/pose (gz.msgs.Pose_V) -> /model/X3/pose (tf2_msgs/msg/TFMessage)] (Lazy 0)
[gazebo-1] [1;33mWarning [Utils.cc:132][0m [/scale:/home/hyunwoo-chae/AG-CoNav-test_main/install/agconav_test_worlds/share/agconav_test_worlds/worlds/Seongdong_gu_100x100_dynamic/Seongdong_gu_100x100_dynamic.world:L389]: XML Element[scale], child of element[include], not defined in SDF. Copying[scale] as children of [include].
[gazebo-1] [1;33mWarning [Utils.cc:132][0m [/sdf/model[@name="x3"]/link[@name="X3/base_link"]/sensor[@name="drone_imu_sensor"]/gz_frame_id:/home/hyunwoo-chae/AG-CoNav-test_main/install/agconav_test_worlds/share/agconav_test_worlds/models/agconav_drone_dynamic/model.sdf:L44]: XML Element[gz_frame_id], child of element[sensor], not defined in SDF. Copying[gz_frame_id] as children of [sensor].
[gazebo-1] [1;33mWarning [Utils.cc:132][0m [/sdf/model[@name="x3"]/link[@name="os1_lidar"]/sensor[@name="os1_lidar"]/gz_frame_id:/home/hyunwoo-chae/AG-CoNav-test_main/install/agconav_test_worlds/share/agconav_test_worlds/models/agconav_drone_dynamic/model.sdf:L356]: XML Element[gz_frame_id], child of element[sensor], not defined in SDF. Copying[gz_frame_id] as children of [sensor].
[gazebo-1] [1;33mWarning [Utils.cc:132][0m [/sdf/model[@name="x3"]/link[@name="gps_link"]/sensor[@name="navsat_sensor"]/gz_frame_id:/home/hyunwoo-chae/AG-CoNav-test_main/install/agconav_test_worlds/share/agconav_test_worlds/models/agconav_drone_dynamic/model.sdf:L412]: XML Element[gz_frame_id], child of element[sensor], not defined in SDF. Copying[gz_frame_id] as children of [sensor].
[gazebo-1] [1;36mDbg[0m DART Bullet heightfield AABB: min = {-49.8054, -49.8054, -2.6248}, max = {49.8054, 49.8054, 2.6248} (will be translated by z=2.6248)
[gazebo-1] libEGL warning: egl: failed to create dri2 screen
[gazebo-1] libEGL warning: egl: failed to create dri2 screen
[gazebo-1] libEGL warning: NEEDS EXTENSION: falling back to kms_swrast
[wait_for_world-7] [wait_for_world] 'Seongdong_gu' 로드 완료 — spawn 시작
[INFO] [wait_for_world-7]: process has finished cleanly [pid 16837]
[INFO] [ros2-8]: process started with pid [17013]
[INFO] [velocity_path_follower.py-9]: process started with pid [17014]
[ros2-8] stdin is not a terminal device. Keyboard handling disabled.[INFO] [1786821657.158844964] [rosbag2_recorder]: Event publisher thread: Started
[ros2-8] [INFO] [1786821657.158882713] [rosbag2_recorder]: Press SPACE for pausing/resuming
[ros2-8] [INFO] [1786821657.162868861] [rosbag2_recorder]: Starting recording to '/home/hyunwoo-chae/AG-CoNav-test_main/bags/velocity_4m_5mps_attempt1'
[ros2-8] [INFO] [1786821657.164689541] [rosbag2_recorder]: Listening for topics...
[ros2-8] [INFO] [1786821657.164770665] [rosbag2_recorder]: Recording...
[ros2-8] [INFO] [1786821657.164750832] [rosbag2_recorder]: Topics discovery started.
[ros2-8] [INFO] [1786821657.268992569] [rosbag2_recorder]: Subscribed to topic '/tf'
[ros2-8] [INFO] [1786821658.771689831] [rosbag2_recorder]: Subscribed to topic '/drone/path_status'
[velocity_path_follower.py-9] [INFO] [1786821658.782036841] [velocity_path_follower]: waypoint 5251개, 고도 8.4 m, 순항 5.0 m/s
[ros2-8] [INFO] [1786821660.137156985] [rosbag2_recorder]: Subscribed to topic '/tf_static'
[ros2-8] [INFO] [1786821660.157896925] [rosbag2_recorder]: Subscribed to topic '/drone/imu'
[ros2-8] [INFO] [1786821660.161082378] [rosbag2_recorder]: Subscribed to topic '/drone/points'
[parameter_bridge-6] [INFO] [1786821660.204493314] [exp_cmd_bridge]: Passing message from ROS std_msgs/msg/Bool to Gazebo gz.msgs.Boolean (showing msg only once per type)
[velocity_path_follower.py-9] [INFO] [1786821663.205899413] [velocity_path_follower]: 아밍 완료 — 이륙
[parameter_bridge-6] [INFO] [1786821663.257527414] [exp_cmd_bridge]: Passing message from ROS geometry_msgs/msg/Twist to Gazebo gz.msgs.Twist (showing msg only once per type)
[velocity_path_follower.py-9] [INFO] [1786821664.355959059] [velocity_path_follower]: 설계 고도 도달 (3.5 m)
[velocity_path_follower.py-9] [INFO] [1786821665.205900528] [velocity_path_follower]:   5.0s  climb       위치 ( -31.59,  -158.92,   4.28)
[velocity_path_follower.py-9] [INFO] [1786821670.205699138] [velocity_path_follower]:  10.0s  wp 1/5251 이탈0.0m  위치 ( -34.13,  -161.30,  10.37)
[velocity_path_follower.py-9] [INFO] [1786821672.705918623] [velocity_path_follower]: waypoint 1 / 5251 도달 (선 이탈 0.00 m)
[velocity_path_follower.py-9] [INFO] [1786821672.755875332] [velocity_path_follower]: waypoint 2 / 5251 도달 (선 이탈 1.02 m)
[velocity_path_follower.py-9] [INFO] [1786821672.805923914] [velocity_path_follower]: waypoint 3 / 5251 도달 (선 이탈 0.97 m)
[velocity_path_follower.py-9] [INFO] [1786821672.855876415] [velocity_path_follower]: waypoint 4 / 5251 도달 (선 이탈 0.91 m)
[velocity_path_follower.py-9] [INFO] [1786821672.905937372] [velocity_path_follower]: waypoint 5 / 5251 도달 (선 이탈 0.82 m)
[velocity_path_follower.py-9] [INFO] [1786821675.205979373] [velocity_path_follower]:  15.0s  wp 6/5251 이탈1.9m  위치 ( -40.04,  -168.02,   9.41)
[velocity_path_follower.py-9] [INFO] [1786821680.206061127] [velocity_path_follower]:  20.0s  wp 6/5251 이탈2.3m  위치 ( -39.02,  -168.38,   7.14)
[velocity_path_follower.py-9] [INFO] [1786821682.255895341] [velocity_path_follower]: waypoint 6 / 5251 도달 (선 이탈 1.14 m)
[velocity_path_follower.py-9] [INFO] [1786821682.906637122] [velocity_path_follower]: waypoint 7 / 5251 도달 (선 이탈 0.72 m)
[velocity_path_follower.py-9] [INFO] [1786821683.505889464] [velocity_path_follower]: waypoint 8 / 5251 도달 (선 이탈 0.33 m)
[velocity_path_follower.py-9] [INFO] [1786821684.005986084] [velocity_path_follower]: waypoint 9 / 5251 도달 (선 이탈 0.03 m)
[velocity_path_follower.py-9] [INFO] [1786821684.555938261] [velocity_path_follower]: waypoint 10 / 5251 도달 (선 이탈 0.27 m)
[velocity_path_follower.py-9] [INFO] [1786821685.056012910] [velocity_path_follower]: waypoint 11 / 5251 도달 (선 이탈 0.53 m)
[velocity_path_follower.py-9] [INFO] [1786821685.205589830] [velocity_path_follower]:  25.0s  wp 12/5251 이탈0.6m  위치 ( -34.91,  -165.50,   8.35)
[velocity_path_follower.py-9] [INFO] [1786821685.505988532] [velocity_path_follower]: waypoint 12 / 5251 도달 (선 이탈 0.72 m)
[velocity_path_follower.py-9] [INFO] [1786821686.006000738] [velocity_path_follower]: waypoint 13 / 5251 도달 (선 이탈 0.90 m)
[velocity_path_follower.py-9] [INFO] [1786821686.455811628] [velocity_path_follower]: waypoint 14 / 5251 도달 (선 이탈 1.02 m)
[velocity_path_follower.py-9] [INFO] [1786821686.905654767] [velocity_path_follower]: waypoint 15 / 5251 도달 (선 이탈 1.12 m)
[velocity_path_follower.py-9] [INFO] [1786821687.356054195] [velocity_path_follower]: waypoint 16 / 5251 도달 (선 이탈 1.17 m)
[velocity_path_follower.py-9] [INFO] [1786821687.805947974] [velocity_path_follower]: waypoint 17 / 5251 도달 (선 이탈 1.20 m)
[velocity_path_follower.py-9] [INFO] [1786821688.258872001] [velocity_path_follower]: waypoint 18 / 5251 도달 (선 이탈 1.19 m)
[velocity_path_follower.py-9] [INFO] [1786821688.708810835] [velocity_path_follower]: waypoint 19 / 5251 도달 (선 이탈 1.16 m)
[velocity_path_follower.py-9] [INFO] [1786821689.108741207] [velocity_path_follower]: waypoint 20 / 5251 도달 (선 이탈 1.11 m)
[velocity_path_follower.py-9] [INFO] [1786821689.558688015] [velocity_path_follower]: waypoint 21 / 5251 도달 (선 이탈 1.03 m)
[velocity_path_follower.py-9] [INFO] [1786821690.008609699] [velocity_path_follower]: waypoint 22 / 5251 도달 (선 이탈 0.93 m)
[velocity_path_follower.py-9] [INFO] [1786821690.210921340] [velocity_path_follower]:  30.0s  wp 23/5251 이탈0.9m  위치 ( -29.30,  -165.22,   8.94)
[velocity_path_follower.py-9] [INFO] [1786821690.410815091] [velocity_path_follower]: waypoint 23 / 5251 도달 (선 이탈 0.83 m)
[velocity_path_follower.py-9] [INFO] [1786821690.810740632] [velocity_path_follower]: waypoint 24 / 5251 도달 (선 이탈 0.72 m)
[velocity_path_follower.py-9] [INFO] [1786821691.261491854] [velocity_path_follower]: waypoint 25 / 5251 도달 (선 이탈 0.58 m)
[velocity_path_follower.py-9] [INFO] [1786821691.660845743] [velocity_path_follower]: waypoint 26 / 5251 도달 (선 이탈 0.45 m)
[velocity_path_follower.py-9] [INFO] [1786821692.061456502] [velocity_path_follower]: waypoint 27 / 5251 도달 (선 이탈 0.32 m)
[velocity_path_follower.py-9] [INFO] [1786821692.510921151] [velocity_path_follower]: waypoint 28 / 5251 도달 (선 이탈 0.18 m)
[velocity_path_follower.py-9] [INFO] [1786821692.861406493] [velocity_path_follower]: waypoint 29 / 5251 도달 (선 이탈 0.07 m)
[velocity_path_follower.py-9] [INFO] [1786821693.261216918] [velocity_path_follower]: waypoint 30 / 5251 도달 (선 이탈 0.05 m)
[velocity_path_follower.py-9] [INFO] [1786821693.710615290] [velocity_path_follower]: waypoint 31 / 5251 도달 (선 이탈 0.17 m)
[velocity_path_follower.py-9] [INFO] [1786821694.061616844] [velocity_path_follower]: waypoint 32 / 5251 도달 (선 이탈 0.26 m)
[velocity_path_follower.py-9] [INFO] [1786821694.461692751] [velocity_path_follower]: waypoint 33 / 5251 도달 (선 이탈 0.34 m)
[velocity_path_follower.py-9] [INFO] [1786821694.812955963] [velocity_path_follower]: waypoint 34 / 5251 도달 (선 이탈 0.41 m)
[velocity_path_follower.py-9] [INFO] [1786821695.212886731] [velocity_path_follower]: waypoint 35 / 5251 도달 (선 이탈 0.47 m)
[velocity_path_follower.py-9] [INFO] [1786821695.262689045] [velocity_path_follower]:  35.1s  wp 36/5251 이탈0.5m  위치 ( -22.99,  -166.58,   8.22)
[velocity_path_follower.py-9] [INFO] [1786821695.612836105] [velocity_path_follower]: waypoint 36 / 5251 도달 (선 이탈 0.52 m)
[velocity_path_follower.py-9] [INFO] [1786821695.964746396] [velocity_path_follower]: waypoint 37 / 5251 도달 (선 이탈 0.55 m)
[velocity_path_follower.py-9] [INFO] [1786821696.364844522] [velocity_path_follower]: waypoint 38 / 5251 도달 (선 이탈 0.58 m)
[velocity_path_follower.py-9] [INFO] [1786821696.714947208] [velocity_path_follower]: waypoint 39 / 5251 도달 (선 이탈 0.59 m)
[velocity_path_follower.py-9] [INFO] [1786821697.114868021] [velocity_path_follower]: waypoint 40 / 5251 도달 (선 이탈 0.58 m)
[velocity_path_follower.py-9] [INFO] [1786821697.464997542] [velocity_path_follower]: waypoint 41 / 5251 도달 (선 이탈 0.57 m)
[velocity_path_follower.py-9] [INFO] [1786821697.864916724] [velocity_path_follower]: waypoint 42 / 5251 도달 (선 이탈 0.55 m)
[velocity_path_follower.py-9] [INFO] [1786821698.214944856] [velocity_path_follower]: waypoint 43 / 5251 도달 (선 이탈 0.52 m)
[velocity_path_follower.py-9] [INFO] [1786821698.614874254] [velocity_path_follower]: waypoint 44 / 5251 도달 (선 이탈 0.47 m)
[velocity_path_follower.py-9] [INFO] [1786821698.964941944] [velocity_path_follower]: waypoint 45 / 5251 도달 (선 이탈 0.43 m)
[velocity_path_follower.py-9] [INFO] [1786821699.314858632] [velocity_path_follower]: waypoint 46 / 5251 도달 (선 이탈 0.38 m)
[velocity_path_follower.py-9] [INFO] [1786821699.714999452] [velocity_path_follower]: waypoint 47 / 5251 도달 (선 이탈 0.32 m)
[velocity_path_follower.py-9] [INFO] [1786821700.064868987] [velocity_path_follower]: waypoint 48 / 5251 도달 (선 이탈 0.26 m)
[velocity_path_follower.py-9] [INFO] [1786821700.214864266] [velocity_path_follower]:  40.0s  wp 49/5251 이탈0.2m  위치 ( -16.37,  -166.34,   8.24)
[velocity_path_follower.py-9] [INFO] [1786821700.414968679] [velocity_path_follower]: waypoint 49 / 5251 도달 (선 이탈 0.20 m)
[velocity_path_follower.py-9] [INFO] [1786821700.814813093] [velocity_path_follower]: waypoint 50 / 5251 도달 (선 이탈 0.14 m)
[velocity_path_follower.py-9] [INFO] [1786821701.164950055] [velocity_path_follower]: waypoint 51 / 5251 도달 (선 이탈 0.08 m)
[velocity_path_follower.py-9] [INFO] [1786821701.514859876] [velocity_path_follower]: waypoint 52 / 5251 도달 (선 이탈 0.02 m)
[velocity_path_follower.py-9] [INFO] [1786821701.864933237] [velocity_path_follower]: waypoint 53 / 5251 도달 (선 이탈 0.03 m)
[velocity_path_follower.py-9] [INFO] [1786821702.265031896] [velocity_path_follower]: waypoint 54 / 5251 도달 (선 이탈 0.09 m)
[velocity_path_follower.py-9] [INFO] [1786821702.615080675] [velocity_path_follower]: waypoint 55 / 5251 도달 (선 이탈 0.13 m)
[velocity_path_follower.py-9] [INFO] [1786821702.967957176] [velocity_path_follower]: waypoint 56 / 5251 도달 (선 이탈 0.17 m)
[velocity_path_follower.py-9] [INFO] [1786821703.317854412] [velocity_path_follower]: waypoint 57 / 5251 도달 (선 이탈 0.21 m)
[velocity_path_follower.py-9] [INFO] [1786821703.717853471] [velocity_path_follower]: waypoint 58 / 5251 도달 (선 이탈 0.24 m)
[velocity_path_follower.py-9] [INFO] [1786821704.017865017] [velocity_path_follower]: waypoint 59 / 5251 도달 (선 이탈 0.26 m)
[velocity_path_follower.py-9] [INFO] [1786821704.367931298] [velocity_path_follower]: waypoint 60 / 5251 도달 (선 이탈 0.28 m)
[velocity_path_follower.py-9] [INFO] [1786821704.767634950] [velocity_path_follower]: waypoint 61 / 5251 도달 (선 이탈 0.30 m)
[velocity_path_follower.py-9] [INFO] [1786821705.117959576] [velocity_path_follower]: waypoint 62 / 5251 도달 (선 이탈 0.30 m)
[velocity_path_follower.py-9] [INFO] [1786821705.217564618] [velocity_path_follower]:  45.0s  wp 63/5251 이탈0.3m  위치 (  -9.41,  -165.80,   8.77)
[velocity_path_follower.py-9] [INFO] [1786821705.468120398] [velocity_path_follower]: waypoint 63 / 5251 도달 (선 이탈 0.30 m)
[velocity_path_follower.py-9] [INFO] [1786821705.818035723] [velocity_path_follower]: waypoint 64 / 5251 도달 (선 이탈 0.30 m)
[velocity_path_follower.py-9] [INFO] [1786821706.168254107] [velocity_path_follower]: waypoint 65 / 5251 도달 (선 이탈 0.29 m)
[velocity_path_follower.py-9] [INFO] [1786821706.518154600] [velocity_path_follower]: waypoint 66 / 5251 도달 (선 이탈 0.28 m)
[velocity_path_follower.py-9] [INFO] [1786821706.867896010] [velocity_path_follower]: waypoint 67 / 5251 도달 (선 이탈 0.26 m)
[velocity_path_follower.py-9] [INFO] [1786821707.217808571] [velocity_path_follower]: waypoint 68 / 5251 도달 (선 이탈 0.24 m)
[velocity_path_follower.py-9] [INFO] [1786821707.567913812] [velocity_path_follower]: waypoint 69 / 5251 도달 (선 이탈 0.21 m)
[velocity_path_follower.py-9] [INFO] [1786821707.967761025] [velocity_path_follower]: waypoint 70 / 5251 도달 (선 이탈 0.19 m)
[velocity_path_follower.py-9] [INFO] [1786821708.318294176] [velocity_path_follower]: waypoint 71 / 5251 도달 (선 이탈 0.16 m)
[velocity_path_follower.py-9] [INFO] [1786821708.677419796] [velocity_path_follower]: waypoint 72 / 5251 도달 (선 이탈 0.13 m)
[velocity_path_follower.py-9] [INFO] [1786821709.038179074] [velocity_path_follower]: waypoint 73 / 5251 도달 (선 이탈 0.10 m)
[velocity_path_follower.py-9] [INFO] [1786821709.393823185] [velocity_path_follower]: waypoint 74 / 5251 도달 (선 이탈 0.07 m)
[velocity_path_follower.py-9] [INFO] [1786821709.743784346] [velocity_path_follower]: waypoint 75 / 5251 도달 (선 이탈 0.04 m)
[velocity_path_follower.py-9] [INFO] [1786821710.093669351] [velocity_path_follower]: waypoint 76 / 5251 도달 (선 이탈 0.01 m)
[velocity_path_follower.py-9] [INFO] [1786821710.243630314] [velocity_path_follower]:  50.0s  wp 77/5251 이탈0.0m  위치 (  -2.34,  -166.10,   8.91)
[velocity_path_follower.py-9] [INFO] [1786821710.445816702] [velocity_path_follower]: waypoint 77 / 5251 도달 (선 이탈 0.02 m)
[velocity_path_follower.py-9] [INFO] [1786821710.795958862] [velocity_path_follower]: waypoint 78 / 5251 도달 (선 이탈 0.05 m)
[velocity_path_follower.py-9] [INFO] [1786821711.145593251] [velocity_path_follower]: waypoint 79 / 5251 도달 (선 이탈 0.07 m)
[velocity_path_follower.py-9] [INFO] [1786821711.495821494] [velocity_path_follower]: waypoint 80 / 5251 도달 (선 이탈 0.09 m)
[velocity_path_follower.py-9] [INFO] [1786821711.847883804] [velocity_path_follower]: waypoint 81 / 5251 도달 (선 이탈 0.11 m)
[velocity_path_follower.py-9] [INFO] [1786821712.197638408] [velocity_path_follower]: waypoint 82 / 5251 도달 (선 이탈 0.12 m)
[velocity_path_follower.py-9] [INFO] [1786821712.552690111] [velocity_path_follower]: waypoint 83 / 5251 도달 (선 이탈 0.14 m)
[velocity_path_follower.py-9] [INFO] [1786821712.917639772] [velocity_path_follower]: waypoint 84 / 5251 도달 (선 이탈 0.15 m)
[velocity_path_follower.py-9] [INFO] [1786821713.267868672] [velocity_path_follower]: waypoint 85 / 5251 도달 (선 이탈 0.15 m)
[velocity_path_follower.py-9] [INFO] [1786821713.617698419] [velocity_path_follower]: waypoint 86 / 5251 도달 (선 이탈 0.16 m)
[velocity_path_follower.py-9] [INFO] [1786821713.967947245] [velocity_path_follower]: waypoint 87 / 5251 도달 (선 이탈 0.16 m)
[velocity_path_follower.py-9] [INFO] [1786821714.317822529] [velocity_path_follower]: waypoint 88 / 5251 도달 (선 이탈 0.16 m)
[velocity_path_follower.py-9] [INFO] [1786821714.673353396] [velocity_path_follower]: waypoint 89 / 5251 도달 (선 이탈 0.15 m)
[velocity_path_follower.py-9] [INFO] [1786821715.023212271] [velocity_path_follower]: waypoint 90 / 5251 도달 (선 이탈 0.14 m)
[velocity_path_follower.py-9] [INFO] [1786821715.275146841] [velocity_path_follower]:  55.0s  wp 91/5251 이탈0.1m  위치 (   4.81,  -166.24,   8.96)
[velocity_path_follower.py-9] [INFO] [1786821715.377497815] [velocity_path_follower]: waypoint 91 / 5251 도달 (선 이탈 0.13 m)
[velocity_path_follower.py-9] [INFO] [1786821715.727408269] [velocity_path_follower]: waypoint 92 / 5251 도달 (선 이탈 0.12 m)
[velocity_path_follower.py-9] [INFO] [1786821716.077390399] [velocity_path_follower]: waypoint 93 / 5251 도달 (선 이탈 0.11 m)
[velocity_path_follower.py-9] [INFO] [1786821716.427620184] [velocity_path_follower]: waypoint 94 / 5251 도달 (선 이탈 0.10 m)
[velocity_path_follower.py-9] [INFO] [1786821716.781694064] [velocity_path_follower]: waypoint 95 / 5251 도달 (선 이탈 0.08 m)
[velocity_path_follower.py-9] [INFO] [1786821717.133838809] [velocity_path_follower]: waypoint 96 / 5251 도달 (선 이탈 0.07 m)
[velocity_path_follower.py-9] [INFO] [1786821717.433972691] [velocity_path_follower]: waypoint 97 / 5251 도달 (선 이탈 0.05 m)
[velocity_path_follower.py-9] [INFO] [1786821717.836028574] [velocity_path_follower]: waypoint 98 / 5251 도달 (선 이탈 0.04 m)
[velocity_path_follower.py-9] [INFO] [1786821718.136043806] [velocity_path_follower]: waypoint 99 / 5251 도달 (선 이탈 0.02 m)
[velocity_path_follower.py-9] [INFO] [1786821718.486139926] [velocity_path_follower]: waypoint 100 / 5251 도달 (선 이탈 0.01 m)
[velocity_path_follower.py-9] [INFO] [1786821718.885877000] [velocity_path_follower]: waypoint 101 / 5251 도달 (선 이탈 0.01 m)
[velocity_path_follower.py-9] [INFO] [1786821719.185981189] [velocity_path_follower]: waypoint 102 / 5251 도달 (선 이탈 0.02 m)
[velocity_path_follower.py-9] [INFO] [1786821719.590833730] [velocity_path_follower]: waypoint 103 / 5251 도달 (선 이탈 0.04 m)
[velocity_path_follower.py-9] [INFO] [1786821719.890989517] [velocity_path_follower]: waypoint 104 / 5251 도달 (선 이탈 0.05 m)
[velocity_path_follower.py-9] [INFO] [1786821720.249996432] [velocity_path_follower]: waypoint 105 / 5251 도달 (선 이탈 0.06 m)
[velocity_path_follower.py-9] [INFO] [1786821720.301635091] [velocity_path_follower]:  60.0s  wp 106/5251 이탈0.1m  위치 (  11.99,  -166.04,   9.11)
[velocity_path_follower.py-9] [INFO] [1786821720.603820190] [velocity_path_follower]: waypoint 106 / 5251 도달 (선 이탈 0.07 m)
[velocity_path_follower.py-9] [INFO] [1786821720.963227240] [velocity_path_follower]: waypoint 107 / 5251 도달 (선 이탈 0.07 m)
[velocity_path_follower.py-9] [INFO] [1786821721.319646433] [velocity_path_follower]: waypoint 108 / 5251 도달 (선 이탈 0.08 m)
[velocity_path_follower.py-9] [INFO] [1786821721.675353636] [velocity_path_follower]: waypoint 109 / 5251 도달 (선 이탈 0.08 m)
[velocity_path_follower.py-9] [INFO] [1786821722.028218946] [velocity_path_follower]: waypoint 110 / 5251 도달 (선 이탈 0.08 m)
[velocity_path_follower.py-9] [INFO] [1786821722.383874107] [velocity_path_follower]: waypoint 111 / 5251 도달 (선 이탈 0.08 m)
[velocity_path_follower.py-9] [INFO] [1786821722.733963226] [velocity_path_follower]: waypoint 112 / 5251 도달 (선 이탈 0.08 m)
[velocity_path_follower.py-9] [INFO] [1786821723.084045812] [velocity_path_follower]: waypoint 113 / 5251 도달 (선 이탈 0.08 m)
[velocity_path_follower.py-9] [INFO] [1786821723.437836903] [velocity_path_follower]: waypoint 114 / 5251 도달 (선 이탈 0.08 m)
[velocity_path_follower.py-9] [INFO] [1786821723.791217164] [velocity_path_follower]: waypoint 115 / 5251 도달 (선 이탈 0.07 m)
[velocity_path_follower.py-9] [INFO] [1786821724.140833802] [velocity_path_follower]: waypoint 116 / 5251 도달 (선 이탈 0.07 m)
[velocity_path_follower.py-9] [INFO] [1786821724.491066251] [velocity_path_follower]: waypoint 117 / 5251 도달 (선 이탈 0.06 m)
[velocity_path_follower.py-9] [INFO] [1786821724.794938980] [velocity_path_follower]: waypoint 118 / 5251 도달 (선 이탈 0.05 m)
[velocity_path_follower.py-9] [INFO] [1786821725.194682901] [velocity_path_follower]: waypoint 119 / 5251 도달 (선 이탈 0.05 m)
[velocity_path_follower.py-9] [INFO] [1786821725.344782295] [velocity_path_follower]:  65.0s  wp 120/5251 이탈0.0m  위치 (  19.19,  -166.06,   9.26)
[velocity_path_follower.py-9] [INFO] [1786821725.548017162] [velocity_path_follower]: waypoint 120 / 5251 도달 (선 이탈 0.04 m)
[velocity_path_follower.py-9] [INFO] [1786821725.854813531] [velocity_path_follower]: waypoint 121 / 5251 도달 (선 이탈 0.03 m)
[velocity_path_follower.py-9] [INFO] [1786821726.256913115] [velocity_path_follower]: waypoint 122 / 5251 도달 (선 이탈 0.02 m)
[velocity_path_follower.py-9] [INFO] [1786821726.564016518] [velocity_path_follower]: waypoint 123 / 5251 도달 (선 이탈 0.01 m)
[velocity_path_follower.py-9] [INFO] [1786821726.916406118] [velocity_path_follower]: waypoint 124 / 5251 도달 (선 이탈 0.01 m)
[velocity_path_follower.py-9] [INFO] [1786821727.266336266] [velocity_path_follower]: waypoint 125 / 5251 도달 (선 이탈 0.00 m)
[velocity_path_follower.py-9] [INFO] [1786821727.616262423] [velocity_path_follower]: waypoint 126 / 5251 도달 (선 이탈 0.01 m)
[velocity_path_follower.py-9] [INFO] [1786821727.966266122] [velocity_path_follower]: waypoint 127 / 5251 도달 (선 이탈 0.02 m)
[velocity_path_follower.py-9] [INFO] [1786821728.320804828] [velocity_path_follower]: waypoint 128 / 5251 도달 (선 이탈 0.02 m)
[velocity_path_follower.py-9] [INFO] [1786821728.674974707] [velocity_path_follower]: waypoint 129 / 5251 도달 (선 이탈 0.03 m)
[velocity_path_follower.py-9] [INFO] [1786821729.024868908] [velocity_path_follower]: waypoint 130 / 5251 도달 (선 이탈 0.03 m)
[velocity_path_follower.py-9] [INFO] [1786821729.378963703] [velocity_path_follower]: waypoint 131 / 5251 도달 (선 이탈 0.04 m)
[velocity_path_follower.py-9] [INFO] [1786821729.731840715] [velocity_path_follower]: waypoint 132 / 5251 도달 (선 이탈 0.04 m)
[velocity_path_follower.py-9] [INFO] [1786821730.034078718] [velocity_path_follower]: waypoint 133 / 5251 도달 (선 이탈 0.04 m)
[velocity_path_follower.py-9] [INFO] [1786821730.386392274] [velocity_path_follower]:  70.0s  wp 134/5251 이탈0.0m  위치 (  26.39,  -166.14,   9.38)
[velocity_path_follower.py-9] [INFO] [1786821730.435786425] [velocity_path_follower]: waypoint 134 / 5251 도달 (선 이탈 0.04 m)
[velocity_path_follower.py-9] [INFO] [1786821730.785937286] [velocity_path_follower]: waypoint 135 / 5251 도달 (선 이탈 0.04 m)
[velocity_path_follower.py-9] [INFO] [1786821731.085894345] [velocity_path_follower]: waypoint 136 / 5251 도달 (선 이탈 0.04 m)
[velocity_path_follower.py-9] [INFO] [1786821731.488894132] [velocity_path_follower]: waypoint 137 / 5251 도달 (선 이탈 0.04 m)
[velocity_path_follower.py-9] [INFO] [1786821731.790893495] [velocity_path_follower]: waypoint 138 / 5251 도달 (선 이탈 0.04 m)
[velocity_path_follower.py-9] [INFO] [1786821732.140823664] [velocity_path_follower]: waypoint 139 / 5251 도달 (선 이탈 0.04 m)
[velocity_path_follower.py-9] [INFO] [1786821732.492971511] [velocity_path_follower]: waypoint 140 / 5251 도달 (선 이탈 0.04 m)
[velocity_path_follower.py-9] [INFO] [1786821732.843038953] [velocity_path_follower]: waypoint 141 / 5251 도달 (선 이탈 0.03 m)
[velocity_path_follower.py-9] [INFO] [1786821733.193091210] [velocity_path_follower]: waypoint 142 / 5251 도달 (선 이탈 0.03 m)
[velocity_path_follower.py-9] [INFO] [1786821733.542996569] [velocity_path_follower]: waypoint 143 / 5251 도달 (선 이탈 0.02 m)
[velocity_path_follower.py-9] [INFO] [1786821733.892993260] [velocity_path_follower]: waypoint 144 / 5251 도달 (선 이탈 0.02 m)
[velocity_path_follower.py-9] [INFO] [1786821734.243084229] [velocity_path_follower]: waypoint 145 / 5251 도달 (선 이탈 0.02 m)
[velocity_path_follower.py-9] [INFO] [1786821734.593017670] [velocity_path_follower]: waypoint 146 / 5251 도달 (선 이탈 0.01 m)
[velocity_path_follower.py-9] [INFO] [1786821734.943174609] [velocity_path_follower]: waypoint 147 / 5251 도달 (선 이탈 0.01 m)
[velocity_path_follower.py-9] [INFO] [1786821735.292960293] [velocity_path_follower]: waypoint 148 / 5251 도달 (선 이탈 0.00 m)
[velocity_path_follower.py-9] [INFO] [1786821735.392907311] [velocity_path_follower]:  75.0s  wp 149/5251 이탈0.0m  위치 (  33.60,  -166.10,   9.49)
[velocity_path_follower.py-9] [INFO] [1786821735.642965065] [velocity_path_follower]: waypoint 149 / 5251 도달 (선 이탈 0.00 m)
[velocity_path_follower.py-9] [INFO] [1786821735.995853696] [velocity_path_follower]: waypoint 150 / 5251 도달 (선 이탈 0.01 m)
[velocity_path_follower.py-9] [INFO] [1786821736.295895075] [velocity_path_follower]: waypoint 151 / 5251 도달 (선 이탈 0.01 m)
[velocity_path_follower.py-9] [INFO] [1786821736.646133845] [velocity_path_follower]: waypoint 152 / 5251 도달 (선 이탈 0.01 m)
[velocity_path_follower.py-9] [INFO] [1786821736.995930991] [velocity_path_follower]: waypoint 153 / 5251 도달 (선 이탈 0.01 m)
[velocity_path_follower.py-9] [INFO] [1786821737.345864968] [velocity_path_follower]: waypoint 154 / 5251 도달 (선 이탈 0.02 m)
[velocity_path_follower.py-9] [INFO] [1786821737.695698696] [velocity_path_follower]: waypoint 155 / 5251 도달 (선 이탈 0.02 m)
[velocity_path_follower.py-9] [INFO] [1786821738.045693095] [velocity_path_follower]: waypoint 156 / 5251 도달 (선 이탈 0.02 m)
[velocity_path_follower.py-9] [INFO] [1786821738.395650238] [velocity_path_follower]: waypoint 157 / 5251 도달 (선 이탈 0.02 m)
[velocity_path_follower.py-9] [INFO] [1786821738.745786379] [velocity_path_follower]: waypoint 158 / 5251 도달 (선 이탈 0.02 m)
[velocity_path_follower.py-9] [INFO] [1786821739.095670699] [velocity_path_follower]: waypoint 159 / 5251 도달 (선 이탈 0.02 m)
[velocity_path_follower.py-9] [INFO] [1786821739.445959713] [velocity_path_follower]: waypoint 160 / 5251 도달 (선 이탈 0.02 m)
[velocity_path_follower.py-9] [INFO] [1786821739.796024186] [velocity_path_follower]: waypoint 161 / 5251 도달 (선 이탈 0.02 m)
[velocity_path_follower.py-9] [INFO] [1786821740.145944052] [velocity_path_follower]: waypoint 162 / 5251 도달 (선 이탈 0.02 m)
[velocity_path_follower.py-9] [INFO] [1786821740.395870615] [velocity_path_follower]:  80.0s  wp 163/5251 이탈0.0m  위치 (  40.81,  -166.08,   9.60)
[velocity_path_follower.py-9] [INFO] [1786821740.495911149] [velocity_path_follower]: waypoint 163 / 5251 도달 (선 이탈 0.02 m)
[velocity_path_follower.py-9] [INFO] [1786821740.845926412] [velocity_path_follower]: waypoint 164 / 5251 도달 (선 이탈 0.02 m)
[velocity_path_follower.py-9] [INFO] [1786821741.195895906] [velocity_path_follower]: waypoint 165 / 5251 도달 (선 이탈 0.02 m)
[velocity_path_follower.py-9] [INFO] [1786821741.498077530] [velocity_path_follower]: waypoint 166 / 5251 도달 (선 이탈 0.02 m)
[velocity_path_follower.py-9] [INFO] [1786821741.904887467] [velocity_path_follower]: waypoint 167 / 5251 도달 (선 이탈 0.01 m)
[velocity_path_follower.py-9] [INFO] [1786821742.207178447] [velocity_path_follower]: waypoint 168 / 5251 도달 (선 이탈 0.01 m)
[velocity_path_follower.py-9] [INFO] [1786821742.557099499] [velocity_path_follower]: waypoint 169 / 5251 도달 (선 이탈 0.01 m)
[velocity_path_follower.py-9] [INFO] [1786821742.907007009] [velocity_path_follower]: waypoint 170 / 5251 도달 (선 이탈 0.01 m)
[velocity_path_follower.py-9] [INFO] [1786821743.257104713] [velocity_path_follower]: waypoint 171 / 5251 도달 (선 이탈 0.01 m)
[velocity_path_follower.py-9] [INFO] [1786821743.606910096] [velocity_path_follower]: waypoint 172 / 5251 도달 (선 이탈 0.00 m)
[velocity_path_follower.py-9] [INFO] [1786821743.957161769] [velocity_path_follower]: waypoint 173 / 5251 도달 (선 이탈 0.00 m)
[velocity_path_follower.py-9] [INFO] [1786821744.309775382] [velocity_path_follower]: waypoint 174 / 5251 도달 (선 이탈 0.00 m)
[velocity_path_follower.py-9] [INFO] [1786821744.659963220] [velocity_path_follower]: waypoint 175 / 5251 도달 (선 이탈 0.00 m)
[velocity_path_follower.py-9] [INFO] [1786821745.010042767] [velocity_path_follower]: waypoint 176 / 5251 도달 (선 이탈 0.00 m)
[velocity_path_follower.py-9] [INFO] [1786821745.359846395] [velocity_path_follower]: waypoint 177 / 5251 도달 (선 이탈 0.01 m)
[velocity_path_follower.py-9] [INFO] [1786821745.409663629] [velocity_path_follower]:  85.0s  wp 178/5251 이탈0.0m  위치 (  48.03,  -166.11,   9.58)
[velocity_path_follower.py-9] [INFO] [1786821745.709701066] [velocity_path_follower]: waypoint 178 / 5251 도달 (선 이탈 0.01 m)
[velocity_path_follower.py-9] [INFO] [1786821746.059682200] [velocity_path_follower]: waypoint 179 / 5251 도달 (선 이탈 0.01 m)
[velocity_path_follower.py-9] [INFO] [1786821746.409801700] [velocity_path_follower]: waypoint 180 / 5251 도달 (선 이탈 0.01 m)
[velocity_path_follower.py-9] [INFO] [1786821746.709655129] [velocity_path_follower]: waypoint 181 / 5251 도달 (선 이탈 0.01 m)
[velocity_path_follower.py-9] [INFO] [1786821747.111851287] [velocity_path_follower]: waypoint 182 / 5251 도달 (선 이탈 0.01 m)
[velocity_path_follower.py-9] [INFO] [1786821747.411981291] [velocity_path_follower]: waypoint 183 / 5251 도달 (선 이탈 0.01 m)
[velocity_path_follower.py-9] [INFO] [1786821747.762132497] [velocity_path_follower]: waypoint 184 / 5251 도달 (선 이탈 0.01 m)
[velocity_path_follower.py-9] [INFO] [1786821748.114907454] [velocity_path_follower]: waypoint 185 / 5251 도달 (선 이탈 0.01 m)
[velocity_path_follower.py-9] [INFO] [1786821748.465420072] [velocity_path_follower]: waypoint 186 / 5251 도달 (선 이탈 0.01 m)
[velocity_path_follower.py-9] [INFO] [1786821748.814958361] [velocity_path_follower]: waypoint 187 / 5251 도달 (선 이탈 0.01 m)
[velocity_path_follower.py-9] [INFO] [1786821749.165450123] [velocity_path_follower]: waypoint 188 / 5251 도달 (선 이탈 0.01 m)
[velocity_path_follower.py-9] [INFO] [1786821749.514852118] [velocity_path_follower]: waypoint 189 / 5251 도달 (선 이탈 0.01 m)
[velocity_path_follower.py-9] [INFO] [1786821749.865049860] [velocity_path_follower]: waypoint 190 / 5251 도달 (선 이탈 0.01 m)
[velocity_path_follower.py-9] [INFO] [1786821750.214908919] [velocity_path_follower]: waypoint 191 / 5251 도달 (선 이탈 0.01 m)
[velocity_path_follower.py-9] [INFO] [1786821750.414633754] [velocity_path_follower]:  90.0s  wp 192/5251 이탈0.0m  위치 (  55.24,  -166.11,   9.60)
[velocity_path_follower.py-9] [INFO] [1786821750.564783243] [velocity_path_follower]: waypoint 192 / 5251 도달 (선 이탈 0.01 m)
[velocity_path_follower.py-9] [INFO] [1786821750.914820650] [velocity_path_follower]: waypoint 193 / 5251 도달 (선 이탈 0.00 m)
[velocity_path_follower.py-9] [INFO] [1786821751.264891711] [velocity_path_follower]: waypoint 194 / 5251 도달 (선 이탈 0.00 m)
[velocity_path_follower.py-9] [INFO] [1786821751.614895990] [velocity_path_follower]: waypoint 195 / 5251 도달 (선 이탈 0.00 m)
[velocity_path_follower.py-9] [INFO] [1786821751.915136044] [velocity_path_follower]: waypoint 196 / 5251 도달 (선 이탈 0.00 m)
[velocity_path_follower.py-9] [INFO] [1786821752.315043207] [velocity_path_follower]: waypoint 197 / 5251 도달 (선 이탈 0.00 m)
[velocity_path_follower.py-9] [INFO] [1786821752.614809296] [velocity_path_follower]: waypoint 198 / 5251 도달 (선 이탈 0.00 m)
[velocity_path_follower.py-9] [INFO] [1786821752.964813489] [velocity_path_follower]: waypoint 199 / 5251 도달 (선 이탈 0.00 m)
[velocity_path_follower.py-9] [INFO] [1786821753.314866592] [velocity_path_follower]: waypoint 200 / 5251 도달 (선 이탈 0.00 m)
[velocity_path_follower.py-9] [INFO] [1786821753.665008490] [velocity_path_follower]: waypoint 201 / 5251 도달 (선 이탈 0.00 m)
[velocity_path_follower.py-9] [INFO] [1786821755.414756518] [velocity_path_follower]:  95.0s  wp 202/5251 이탈0.9m  위치 (  62.27,  -165.75,   9.68)
[velocity_path_follower.py-9] [INFO] [1786821758.723324661] [velocity_path_follower]: waypoint 202 / 5251 도달 (선 이탈 2.91 m)
[velocity_path_follower.py-9] [INFO] [1786821760.425014759] [velocity_path_follower]: 100.0s  wp 204/5251 이탈0.1m  위치 (  64.22,  -162.25,  10.05)
[velocity_path_follower.py-9] [INFO] [1786821763.625181364] [velocity_path_follower]: waypoint 204 / 5251 도달 (선 이탈 1.40 m)
[velocity_path_follower.py-9] [INFO] [1786821764.275293501] [velocity_path_follower]: waypoint 205 / 5251 도달 (선 이탈 1.48 m)
[velocity_path_follower.py-9] [INFO] [1786821764.875434466] [velocity_path_follower]: waypoint 206 / 5251 도달 (선 이탈 1.48 m)
[velocity_path_follower.py-9] [INFO] [1786821765.425102473] [velocity_path_follower]: 105.0s  wp 207/5251 이탈1.4m  위치 (  60.92,  -160.67,  10.63)
[velocity_path_follower.py-9] [INFO] [1786821765.474945108] [velocity_path_follower]: waypoint 207 / 5251 도달 (선 이탈 1.42 m)
[velocity_path_follower.py-9] [INFO] [1786821766.025202464] [velocity_path_follower]: waypoint 208 / 5251 도달 (선 이탈 1.32 m)
[velocity_path_follower.py-9] [INFO] [1786821766.575179336] [velocity_path_follower]: waypoint 209 / 5251 도달 (선 이탈 1.19 m)
[velocity_path_follower.py-9] [INFO] [1786821767.125053763] [velocity_path_follower]: waypoint 210 / 5251 도달 (선 이탈 1.02 m)
[velocity_path_follower.py-9] [INFO] [1786821767.625154548] [velocity_path_follower]: waypoint 211 / 5251 도달 (선 이탈 0.85 m)
[velocity_path_follower.py-9] [INFO] [1786821768.125140972] [velocity_path_follower]: waypoint 212 / 5251 도달 (선 이탈 0.66 m)
[velocity_path_follower.py-9] [INFO] [1786821768.625079187] [velocity_path_follower]: waypoint 213 / 5251 도달 (선 이탈 0.47 m)
[velocity_path_follower.py-9] [INFO] [1786821769.075145009] [velocity_path_follower]: waypoint 214 / 5251 도달 (선 이탈 0.30 m)
[velocity_path_follower.py-9] [INFO] [1786821769.525220412] [velocity_path_follower]: waypoint 215 / 5251 도달 (선 이탈 0.12 m)
[velocity_path_follower.py-9] [INFO] [1786821770.025142017] [velocity_path_follower]: waypoint 216 / 5251 도달 (선 이탈 0.06 m)
[velocity_path_follower.py-9] [INFO] [1786821770.425391932] [velocity_path_follower]: waypoint 217 / 5251 도달 (선 이탈 0.19 m)
[velocity_path_follower.py-9] [INFO] [1786821770.474940469] [velocity_path_follower]: 110.1s  wp 218/5251 이탈0.2m  위치 (  55.83,  -162.30,  12.75)
[velocity_path_follower.py-9] [INFO] [1786821770.875209968] [velocity_path_follower]: waypoint 218 / 5251 도달 (선 이탈 0.32 m)
[velocity_path_follower.py-9] [INFO] [1786821771.275318371] [velocity_path_follower]: waypoint 219 / 5251 도달 (선 이탈 0.44 m)
[velocity_path_follower.py-9] [INFO] [1786821771.675419954] [velocity_path_follower]: waypoint 220 / 5251 도달 (선 이탈 0.53 m)
[velocity_path_follower.py-9] [INFO] [1786821772.125175885] [velocity_path_follower]: waypoint 221 / 5251 도달 (선 이탈 0.61 m)
[velocity_path_follower.py-9] [INFO] [1786821772.475286047] [velocity_path_follower]: waypoint 222 / 5251 도달 (선 이탈 0.66 m)
[velocity_path_follower.py-9] [INFO] [1786821772.925179179] [velocity_path_follower]: waypoint 223 / 5251 도달 (선 이탈 0.70 m)
[velocity_path_follower.py-9] [INFO] [1786821773.325222131] [velocity_path_follower]: waypoint 224 / 5251 도달 (선 이탈 0.72 m)
[velocity_path_follower.py-9] [INFO] [1786821773.725941841] [velocity_path_follower]: waypoint 225 / 5251 도달 (선 이탈 0.73 m)
[velocity_path_follower.py-9] [INFO] [1786821774.125133732] [velocity_path_follower]: waypoint 226 / 5251 도달 (선 이탈 0.72 m)
[velocity_path_follower.py-9] [INFO] [1786821774.527192274] [velocity_path_follower]: waypoint 227 / 5251 도달 (선 이탈 0.69 m)
[velocity_path_follower.py-9] [INFO] [1786821774.927415569] [velocity_path_follower]: waypoint 228 / 5251 도달 (선 이탈 0.66 m)
[velocity_path_follower.py-9] [INFO] [1786821775.277172002] [velocity_path_follower]: waypoint 229 / 5251 도달 (선 이탈 0.62 m)
[velocity_path_follower.py-9] [INFO] [1786821775.427214399] [velocity_path_follower]: 115.0s  wp 230/5251 이탈0.6m  위치 (  49.69,  -162.70,  11.80)
[velocity_path_follower.py-9] [INFO] [1786821775.677933421] [velocity_path_follower]: waypoint 230 / 5251 도달 (선 이탈 0.57 m)
[velocity_path_follower.py-9] [INFO] [1786821776.087696006] [velocity_path_follower]: waypoint 231 / 5251 도달 (선 이탈 0.50 m)
[velocity_path_follower.py-9] [INFO] [1786821776.440317189] [velocity_path_follower]: waypoint 232 / 5251 도달 (선 이탈 0.44 m)
[velocity_path_follower.py-9] [INFO] [1786821776.840541651] [velocity_path_follower]: waypoint 233 / 5251 도달 (선 이탈 0.36 m)
[velocity_path_follower.py-9] [INFO] [1786821777.240486098] [velocity_path_follower]: waypoint 234 / 5251 도달 (선 이탈 0.28 m)
[velocity_path_follower.py-9] [INFO] [1786821777.640829603] [velocity_path_follower]: waypoint 235 / 5251 도달 (선 이탈 0.20 m)
[velocity_path_follower.py-9] [INFO] [1786821777.990507493] [velocity_path_follower]: waypoint 236 / 5251 도달 (선 이탈 0.13 m)
[velocity_path_follower.py-9] [INFO] [1786821778.340435627] [velocity_path_follower]: waypoint 237 / 5251 도달 (선 이탈 0.07 m)
[velocity_path_follower.py-9] [INFO] [1786821778.740464008] [velocity_path_follower]: waypoint 238 / 5251 도달 (선 이탈 0.01 m)
[velocity_path_follower.py-9] [INFO] [1786821779.090437861] [velocity_path_follower]: waypoint 239 / 5251 도달 (선 이탈 0.07 m)
[velocity_path_follower.py-9] [INFO] [1786821779.490381075] [velocity_path_follower]: waypoint 240 / 5251 도달 (선 이탈 0.13 m)
[velocity_path_follower.py-9] [INFO] [1786821779.840353997] [velocity_path_follower]: waypoint 241 / 5251 도달 (선 이탈 0.19 m)
[velocity_path_follower.py-9] [INFO] [1786821780.256840017] [velocity_path_follower]: waypoint 242 / 5251 도달 (선 이탈 0.24 m)
[velocity_path_follower.py-9] [INFO] [1786821780.456685832] [velocity_path_follower]: 120.0s  wp 243/5251 이탈0.3m  위치 (  43.04,  -161.84,   7.90)
[velocity_path_follower.py-9] [INFO] [1786821780.606877600] [velocity_path_follower]: waypoint 243 / 5251 도달 (선 이탈 0.28 m)
[velocity_path_follower.py-9] [INFO] [1786821780.957220892] [velocity_path_follower]: waypoint 244 / 5251 도달 (선 이탈 0.31 m)
[velocity_path_follower.py-9] [INFO] [1786821781.307035675] [velocity_path_follower]: waypoint 245 / 5251 도달 (선 이탈 0.33 m)
[velocity_path_follower.py-9] [INFO] [1786821781.657051420] [velocity_path_follower]: waypoint 246 / 5251 도달 (선 이탈 0.35 m)
[velocity_path_follower.py-9] [INFO] [1786821782.007156541] [velocity_path_follower]: waypoint 247 / 5251 도달 (선 이탈 0.36 m)
[velocity_path_follower.py-9] [INFO] [1786821782.411042838] [velocity_path_follower]: waypoint 248 / 5251 도달 (선 이탈 0.36 m)
[velocity_path_follower.py-9] [INFO] [1786821782.760865370] [velocity_path_follower]: waypoint 249 / 5251 도달 (선 이탈 0.36 m)
[velocity_path_follower.py-9] [INFO] [1786821783.111197664] [velocity_path_follower]: waypoint 250 / 5251 도달 (선 이탈 0.35 m)
[velocity_path_follower.py-9] [INFO] [1786821783.460910732] [velocity_path_follower]: waypoint 251 / 5251 도달 (선 이탈 0.33 m)
[velocity_path_follower.py-9] [INFO] [1786821783.811175134] [velocity_path_follower]: waypoint 252 / 5251 도달 (선 이탈 0.31 m)
[velocity_path_follower.py-9] [INFO] [1786821784.210777163] [velocity_path_follower]: waypoint 253 / 5251 도달 (선 이탈 0.28 m)
[velocity_path_follower.py-9] [INFO] [1786821784.561182477] [velocity_path_follower]: waypoint 254 / 5251 도달 (선 이탈 0.25 m)
[velocity_path_follower.py-9] [INFO] [1786821784.910948499] [velocity_path_follower]: waypoint 255 / 5251 도달 (선 이탈 0.22 m)
[velocity_path_follower.py-9] [INFO] [1786821785.261588214] [velocity_path_follower]: waypoint 256 / 5251 도달 (선 이탈 0.19 m)
[velocity_path_follower.py-9] [INFO] [1786821785.460627593] [velocity_path_follower]: 125.0s  wp 257/5251 이탈0.2m  위치 (  36.10,  -161.93,   9.02)
[velocity_path_follower.py-9] [INFO] [1786821785.663013846] [velocity_path_follower]: waypoint 257 / 5251 도달 (선 이탈 0.15 m)
[velocity_path_follower.py-9] [INFO] [1786821785.963155664] [velocity_path_follower]: waypoint 258 / 5251 도달 (선 이탈 0.12 m)
[velocity_path_follower.py-9] [INFO] [1786821786.362985542] [velocity_path_follower]: waypoint 259 / 5251 도달 (선 이탈 0.07 m)
[velocity_path_follower.py-9] [INFO] [1786821786.713145595] [velocity_path_follower]: waypoint 260 / 5251 도달 (선 이탈 0.04 m)
[velocity_path_follower.py-9] [INFO] [1786821787.063007071] [velocity_path_follower]: waypoint 261 / 5251 도달 (선 이탈 0.00 m)
[velocity_path_follower.py-9] [INFO] [1786821787.415037368] [velocity_path_follower]: waypoint 262 / 5251 도달 (선 이탈 0.03 m)
[velocity_path_follower.py-9] [INFO] [1786821787.765409416] [velocity_path_follower]: waypoint 263 / 5251 도달 (선 이탈 0.06 m)
[velocity_path_follower.py-9] [INFO] [1786821788.125647727] [velocity_path_follower]: waypoint 264 / 5251 도달 (선 이탈 0.09 m)
[velocity_path_follower.py-9] [INFO] [1786821788.474458435] [velocity_path_follower]: waypoint 265 / 5251 도달 (선 이탈 0.11 m)
[velocity_path_follower.py-9] [INFO] [1786821788.824918519] [velocity_path_follower]: waypoint 266 / 5251 도달 (선 이탈 0.13 m)
[velocity_path_follower.py-9] [INFO] [1786821789.174459537] [velocity_path_follower]: waypoint 267 / 5251 도달 (선 이탈 0.15 m)
[velocity_path_follower.py-9] [INFO] [1786821789.524388699] [velocity_path_follower]: waypoint 268 / 5251 도달 (선 이탈 0.17 m)
[velocity_path_follower.py-9] [INFO] [1786821789.876501569] [velocity_path_follower]: waypoint 269 / 5251 도달 (선 이탈 0.18 m)
[velocity_path_follower.py-9] [INFO] [1786821790.229126172] [velocity_path_follower]: waypoint 270 / 5251 도달 (선 이탈 0.19 m)
[velocity_path_follower.py-9] [INFO] [1786821790.479215170] [velocity_path_follower]: 130.0s  wp 271/5251 이탈0.2m  위치 (  29.01,  -162.29,  12.41)
[velocity_path_follower.py-9] [INFO] [1786821790.579285411] [velocity_path_follower]: waypoint 271 / 5251 도달 (선 이탈 0.19 m)
[velocity_path_follower.py-9] [INFO] [1786821790.929236400] [velocity_path_follower]: waypoint 272 / 5251 도달 (선 이탈 0.19 m)
[velocity_path_follower.py-9] [INFO] [1786821791.279115960] [velocity_path_follower]: waypoint 273 / 5251 도달 (선 이탈 0.19 m)
[velocity_path_follower.py-9] [INFO] [1786821791.629205277] [velocity_path_follower]: waypoint 274 / 5251 도달 (선 이탈 0.18 m)
[velocity_path_follower.py-9] [INFO] [1786821791.981832095] [velocity_path_follower]: waypoint 275 / 5251 도달 (선 이탈 0.17 m)
[velocity_path_follower.py-9] [INFO] [1786821792.336000740] [velocity_path_follower]: waypoint 276 / 5251 도달 (선 이탈 0.16 m)
[velocity_path_follower.py-9] [INFO] [1786821792.688021885] [velocity_path_follower]: waypoint 277 / 5251 도달 (선 이탈 0.15 m)
[velocity_path_follower.py-9] [INFO] [1786821793.038059825] [velocity_path_follower]: waypoint 278 / 5251 도달 (선 이탈 0.14 m)
[velocity_path_follower.py-9] [INFO] [1786821793.395034260] [velocity_path_follower]: waypoint 279 / 5251 도달 (선 이탈 0.12 m)
[velocity_path_follower.py-9] [INFO] [1786821793.747898776] [velocity_path_follower]: waypoint 280 / 5251 도달 (선 이탈 0.10 m)
[velocity_path_follower.py-9] [INFO] [1786821794.097186132] [velocity_path_follower]: waypoint 281 / 5251 도달 (선 이탈 0.08 m)
[velocity_path_follower.py-9] [INFO] [1786821794.447133140] [velocity_path_follower]: waypoint 282 / 5251 도달 (선 이탈 0.06 m)
[velocity_path_follower.py-9] [INFO] [1786821794.797335523] [velocity_path_follower]: waypoint 283 / 5251 도달 (선 이탈 0.04 m)
[velocity_path_follower.py-9] [INFO] [1786821795.147341254] [velocity_path_follower]: waypoint 284 / 5251 도달 (선 이탈 0.03 m)
[velocity_path_follower.py-9] [INFO] [1786821795.500647134] [velocity_path_follower]: waypoint 285 / 5251 도달 (선 이탈 0.01 m)
[velocity_path_follower.py-9] [INFO] [1786821795.550633426] [velocity_path_follower]: 135.1s  wp 286/5251 이탈0.0m  위치 (  21.78,  -162.10,  12.02)
[velocity_path_follower.py-9] [INFO] [1786821795.852965888] [velocity_path_follower]: waypoint 286 / 5251 도달 (선 이탈 0.01 m)
[velocity_path_follower.py-9] [INFO] [1786821796.207860581] [velocity_path_follower]: waypoint 287 / 5251 도달 (선 이탈 0.03 m)
[velocity_path_follower.py-9] [INFO] [1786821796.560897414] [velocity_path_follower]: waypoint 288 / 5251 도달 (선 이탈 0.04 m)
[velocity_path_follower.py-9] [INFO] [1786821796.917038957] [velocity_path_follower]: waypoint 289 / 5251 도달 (선 이탈 0.05 m)
[velocity_path_follower.py-9] [INFO] [1786821797.266845688] [velocity_path_follower]: waypoint 290 / 5251 도달 (선 이탈 0.07 m)
[velocity_path_follower.py-9] [INFO] [1786821797.616689719] [velocity_path_follower]: waypoint 291 / 5251 도달 (선 이탈 0.08 m)
[velocity_path_follower.py-9] [INFO] [1786821797.969437295] [velocity_path_follower]: waypoint 292 / 5251 도달 (선 이탈 0.08 m)
[velocity_path_follower.py-9] [INFO] [1786821798.323555280] [velocity_path_follower]: waypoint 293 / 5251 도달 (선 이탈 0.09 m)
[velocity_path_follower.py-9] [INFO] [1786821798.675774142] [velocity_path_follower]: waypoint 294 / 5251 도달 (선 이탈 0.10 m)
[velocity_path_follower.py-9] [INFO] [1786821799.030439217] [velocity_path_follower]: waypoint 295 / 5251 도달 (선 이탈 0.10 m)
[velocity_path_follower.py-9] [INFO] [1786821799.380658861] [velocity_path_follower]: waypoint 296 / 5251 도달 (선 이탈 0.10 m)
[velocity_path_follower.py-9] [INFO] [1786821799.735950845] [velocity_path_follower]: waypoint 297 / 5251 도달 (선 이탈 0.10 m)
[velocity_path_follower.py-9] [INFO] [1786821800.088616293] [velocity_path_follower]: waypoint 298 / 5251 도달 (선 이탈 0.10 m)
[velocity_path_follower.py-9] [INFO] [1786821800.394538538] [velocity_path_follower]: waypoint 299 / 5251 도달 (선 이탈 0.09 m)
[velocity_path_follower.py-9] [INFO] [1786821800.545646533] [velocity_path_follower]: 140.0s  wp 300/5251 이탈0.1m  위치 (  14.68,  -162.01,   9.49)
[velocity_path_follower.py-9] [INFO] [1786821800.748290931] [velocity_path_follower]: waypoint 300 / 5251 도달 (선 이탈 0.09 m)
[velocity_path_follower.py-9] [INFO] [1786821801.105038380] [velocity_path_follower]: waypoint 301 / 5251 도달 (선 이탈 0.08 m)
[velocity_path_follower.py-9] [INFO] [1786821801.454981303] [velocity_path_follower]: waypoint 302 / 5251 도달 (선 이탈 0.07 m)
[velocity_path_follower.py-9] [INFO] [1786821801.804853601] [velocity_path_follower]: waypoint 303 / 5251 도달 (선 이탈 0.07 m)
[velocity_path_follower.py-9] [INFO] [1786821802.154792873] [velocity_path_follower]: waypoint 304 / 5251 도달 (선 이탈 0.06 m)
[velocity_path_follower.py-9] [INFO] [1786821802.505012165] [velocity_path_follower]: waypoint 305 / 5251 도달 (선 이탈 0.05 m)
[velocity_path_follower.py-9] [INFO] [1786821802.854926498] [velocity_path_follower]: waypoint 306 / 5251 도달 (선 이탈 0.04 m)
[velocity_path_follower.py-9] [INFO] [1786821803.205093352] [velocity_path_follower]: waypoint 307 / 5251 도달 (선 이탈 0.03 m)
[velocity_path_follower.py-9] [INFO] [1786821803.554922220] [velocity_path_follower]: waypoint 308 / 5251 도달 (선 이탈 0.02 m)
[velocity_path_follower.py-9] [INFO] [1786821803.904811505] [velocity_path_follower]: waypoint 309 / 5251 도달 (선 이탈 0.01 m)
[velocity_path_follower.py-9] [INFO] [1786821804.255049150] [velocity_path_follower]: waypoint 310 / 5251 도달 (선 이탈 0.00 m)
[velocity_path_follower.py-9] [INFO] [1786821804.604905011] [velocity_path_follower]: waypoint 311 / 5251 도달 (선 이탈 0.01 m)
[velocity_path_follower.py-9] [INFO] [1786821804.954851373] [velocity_path_follower]: waypoint 312 / 5251 도달 (선 이탈 0.02 m)
[velocity_path_follower.py-9] [INFO] [1786821805.307962146] [velocity_path_follower]: waypoint 313 / 5251 도달 (선 이탈 0.03 m)
[velocity_path_follower.py-9] [INFO] [1786821805.560848239] [velocity_path_follower]: 145.0s  wp 314/5251 이탈0.0m  위치 (   7.49,  -162.13,   7.65)
[velocity_path_follower.py-9] [INFO] [1786821805.610902123] [velocity_path_follower]: waypoint 314 / 5251 도달 (선 이탈 0.03 m)
[velocity_path_follower.py-9] [INFO] [1786821806.010949946] [velocity_path_follower]: waypoint 315 / 5251 도달 (선 이탈 0.04 m)
[velocity_path_follower.py-9] [INFO] [1786821806.360874295] [velocity_path_follower]: waypoint 316 / 5251 도달 (선 이탈 0.04 m)
[velocity_path_follower.py-9] [INFO] [1786821806.715943945] [velocity_path_follower]: waypoint 317 / 5251 도달 (선 이탈 0.05 m)
[velocity_path_follower.py-9] [INFO] [1786821807.067810345] [velocity_path_follower]: waypoint 318 / 5251 도달 (선 이탈 0.05 m)
[velocity_path_follower.py-9] [INFO] [1786821807.371429842] [velocity_path_follower]: waypoint 319 / 5251 도달 (선 이탈 0.05 m)
[velocity_path_follower.py-9] [INFO] [1786821807.775005002] [velocity_path_follower]: waypoint 320 / 5251 도달 (선 이탈 0.05 m)
[velocity_path_follower.py-9] [INFO] [1786821808.074698165] [velocity_path_follower]: waypoint 321 / 5251 도달 (선 이탈 0.05 m)
[velocity_path_follower.py-9] [INFO] [1786821808.425022000] [velocity_path_follower]: waypoint 322 / 5251 도달 (선 이탈 0.05 m)
[velocity_path_follower.py-9] [INFO] [1786821808.777808633] [velocity_path_follower]: waypoint 323 / 5251 도달 (선 이탈 0.05 m)
[velocity_path_follower.py-9] [INFO] [1786821809.130685904] [velocity_path_follower]: waypoint 324 / 5251 도달 (선 이탈 0.05 m)
[velocity_path_follower.py-9] [INFO] [1786821809.484018322] [velocity_path_follower]: waypoint 325 / 5251 도달 (선 이탈 0.04 m)
[velocity_path_follower.py-9] [INFO] [1786821809.834263526] [velocity_path_follower]: waypoint 326 / 5251 도달 (선 이탈 0.04 m)
[velocity_path_follower.py-9] [INFO] [1786821810.186170002] [velocity_path_follower]: waypoint 327 / 5251 도달 (선 이탈 0.04 m)
[velocity_path_follower.py-9] [INFO] [1786821810.538847287] [velocity_path_follower]: waypoint 328 / 5251 도달 (선 이탈 0.03 m)
[velocity_path_follower.py-9] [INFO] [1786821810.588591946] [velocity_path_follower]: 150.0s  wp 329/5251 이탈0.0m  위치 (   0.28,  -162.13,   8.76)
[velocity_path_follower.py-9] [INFO] [1786821810.891533031] [velocity_path_follower]: waypoint 329 / 5251 도달 (선 이탈 0.03 m)
[velocity_path_follower.py-9] [INFO] [1786821811.241612668] [velocity_path_follower]: waypoint 330 / 5251 도달 (선 이탈 0.02 m)
[velocity_path_follower.py-9] [INFO] [1786821811.593922738] [velocity_path_follower]: waypoint 331 / 5251 도달 (선 이탈 0.02 m)
[velocity_path_follower.py-9] [INFO] [1786821811.945895390] [velocity_path_follower]: waypoint 332 / 5251 도달 (선 이탈 0.01 m)
[velocity_path_follower.py-9] [INFO] [1786821812.301018829] [velocity_path_follower]: waypoint 333 / 5251 도달 (선 이탈 0.01 m)
[velocity_path_follower.py-9] [INFO] [1786821812.600650300] [velocity_path_follower]: waypoint 334 / 5251 도달 (선 이탈 0.00 m)
[velocity_path_follower.py-9] [INFO] [1786821813.000684650] [velocity_path_follower]: waypoint 335 / 5251 도달 (선 이탈 0.00 m)
[velocity_path_follower.py-9] [INFO] [1786821813.300937235] [velocity_path_follower]: waypoint 336 / 5251 도달 (선 이탈 0.01 m)
[velocity_path_follower.py-9] [INFO] [1786821813.650779326] [velocity_path_follower]: waypoint 337 / 5251 도달 (선 이탈 0.01 m)
[velocity_path_follower.py-9] [INFO] [1786821814.000848501] [velocity_path_follower]: waypoint 338 / 5251 도달 (선 이탈 0.02 m)
[velocity_path_follower.py-9] [INFO] [1786821814.350912419] [velocity_path_follower]: waypoint 339 / 5251 도달 (선 이탈 0.02 m)
[velocity_path_follower.py-9] [INFO] [1786821814.704208053] [velocity_path_follower]: waypoint 340 / 5251 도달 (선 이탈 0.02 m)
[velocity_path_follower.py-9] [INFO] [1786821815.054032767] [velocity_path_follower]: waypoint 341 / 5251 도달 (선 이탈 0.02 m)
[velocity_path_follower.py-9] [INFO] [1786821815.406019308] [velocity_path_follower]: waypoint 342 / 5251 도달 (선 이탈 0.03 m)
[velocity_path_follower.py-9] [INFO] [1786821815.605897084] [velocity_path_follower]: 155.0s  wp 343/5251 이탈0.0m  위치 (  -6.93,  -162.07,   8.86)
[velocity_path_follower.py-9] [INFO] [1786821815.755901801] [velocity_path_follower]: waypoint 343 / 5251 도달 (선 이탈 0.03 m)
[velocity_path_follower.py-9] [INFO] [1786821816.108957105] [velocity_path_follower]: waypoint 344 / 5251 도달 (선 이탈 0.03 m)
[velocity_path_follower.py-9] [INFO] [1786821816.458987175] [velocity_path_follower]: waypoint 345 / 5251 도달 (선 이탈 0.03 m)
[velocity_path_follower.py-9] [INFO] [1786821816.762130232] [velocity_path_follower]: waypoint 346 / 5251 도달 (선 이탈 0.03 m)
[velocity_path_follower.py-9] [INFO] [1786821817.164875555] [velocity_path_follower]: waypoint 347 / 5251 도달 (선 이탈 0.03 m)
[velocity_path_follower.py-9] [INFO] [1786821817.464898216] [velocity_path_follower]: waypoint 348 / 5251 도달 (선 이탈 0.02 m)
[velocity_path_follower.py-9] [INFO] [1786821817.814789402] [velocity_path_follower]: waypoint 349 / 5251 도달 (선 이탈 0.02 m)
[velocity_path_follower.py-9] [INFO] [1786821818.165013064] [velocity_path_follower]: waypoint 350 / 5251 도달 (선 이탈 0.02 m)
[velocity_path_follower.py-9] [INFO] [1786821818.515205744] [velocity_path_follower]: waypoint 351 / 5251 도달 (선 이탈 0.02 m)
[velocity_path_follower.py-9] [INFO] [1786821818.864983173] [velocity_path_follower]: waypoint 352 / 5251 도달 (선 이탈 0.02 m)
[velocity_path_follower.py-9] [INFO] [1786821819.214828539] [velocity_path_follower]: waypoint 353 / 5251 도달 (선 이탈 0.01 m)
[velocity_path_follower.py-9] [INFO] [1786821819.564656710] [velocity_path_follower]: waypoint 354 / 5251 도달 (선 이탈 0.01 m)
[velocity_path_follower.py-9] [INFO] [1786821819.919693523] [velocity_path_follower]: waypoint 355 / 5251 도달 (선 이탈 0.01 m)
[velocity_path_follower.py-9] [INFO] [1786821820.272693815] [velocity_path_follower]: waypoint 356 / 5251 도달 (선 이탈 0.01 m)
[velocity_path_follower.py-9] [INFO] [1786821820.622822229] [velocity_path_follower]: waypoint 357 / 5251 도달 (선 이탈 0.00 m)
[velocity_path_follower.py-9] [INFO] [1786821820.672644145] [velocity_path_follower]: 160.1s  wp 358/5251 이탈0.0m  위치 ( -14.20,  -162.10,   8.00)
[velocity_path_follower.py-9] [INFO] [1786821820.972825393] [velocity_path_follower]: waypoint 358 / 5251 도달 (선 이탈 0.00 m)
[velocity_path_follower.py-9] [INFO] [1786821821.322805005] [velocity_path_follower]: waypoint 359 / 5251 도달 (선 이탈 0.00 m)
[velocity_path_follower.py-9] [INFO] [1786821821.672817745] [velocity_path_follower]: waypoint 360 / 5251 도달 (선 이탈 0.00 m)
[velocity_path_follower.py-9] [INFO] [1786821822.025048120] [velocity_path_follower]: waypoint 361 / 5251 도달 (선 이탈 0.01 m)
[velocity_path_follower.py-9] [INFO] [1786821822.374993685] [velocity_path_follower]: waypoint 362 / 5251 도달 (선 이탈 0.01 m)
[velocity_path_follower.py-9] [INFO] [1786821822.675105116] [velocity_path_follower]: waypoint 363 / 5251 도달 (선 이탈 0.01 m)
[velocity_path_follower.py-9] [INFO] [1786821823.024956975] [velocity_path_follower]: waypoint 364 / 5251 도달 (선 이탈 0.01 m)
[velocity_path_follower.py-9] [INFO] [1786821823.424926922] [velocity_path_follower]: waypoint 365 / 5251 도달 (선 이탈 0.01 m)
[velocity_path_follower.py-9] [INFO] [1786821823.727687725] [velocity_path_follower]: waypoint 366 / 5251 도달 (선 이탈 0.01 m)
[velocity_path_follower.py-9] [INFO] [1786821824.075098614] [velocity_path_follower]: waypoint 367 / 5251 도달 (선 이탈 0.01 m)
[velocity_path_follower.py-9] [INFO] [1786821824.424793870] [velocity_path_follower]: waypoint 368 / 5251 도달 (선 이탈 0.02 m)
[velocity_path_follower.py-9] [INFO] [1786821824.774818003] [velocity_path_follower]: waypoint 369 / 5251 도달 (선 이탈 0.02 m)
[velocity_path_follower.py-9] [INFO] [1786821825.124919649] [velocity_path_follower]: waypoint 370 / 5251 도달 (선 이탈 0.01 m)
[velocity_path_follower.py-9] [INFO] [1786821825.474862690] [velocity_path_follower]: waypoint 371 / 5251 도달 (선 이탈 0.01 m)
[velocity_path_follower.py-9] [INFO] [1786821825.624824386] [velocity_path_follower]: 165.0s  wp 372/5251 이탈0.0m  위치 ( -21.35,  -162.11,   7.92)
[velocity_path_follower.py-9] [INFO] [1786821825.824858356] [velocity_path_follower]: waypoint 372 / 5251 도달 (선 이탈 0.01 m)
[velocity_path_follower.py-9] [INFO] [1786821826.174872831] [velocity_path_follower]: waypoint 373 / 5251 도달 (선 이탈 0.01 m)
[velocity_path_follower.py-9] [INFO] [1786821826.524666322] [velocity_path_follower]: waypoint 374 / 5251 도달 (선 이탈 0.01 m)
[velocity_path_follower.py-9] [INFO] [1786821826.875145274] [velocity_path_follower]: waypoint 375 / 5251 도달 (선 이탈 0.01 m)
[velocity_path_follower.py-9] [INFO] [1786821827.174966045] [velocity_path_follower]: waypoint 376 / 5251 도달 (선 이탈 0.01 m)
[velocity_path_follower.py-9] [INFO] [1786821827.574688353] [velocity_path_follower]: waypoint 377 / 5251 도달 (선 이탈 0.01 m)
[velocity_path_follower.py-9] [INFO] [1786821827.924813421] [velocity_path_follower]: waypoint 378 / 5251 도달 (선 이탈 0.01 m)
[velocity_path_follower.py-9] [INFO] [1786821828.224937643] [velocity_path_follower]: waypoint 379 / 5251 도달 (선 이탈 0.01 m)
[velocity_path_follower.py-9] [INFO] [1786821828.625036865] [velocity_path_follower]: waypoint 380 / 5251 도달 (선 이탈 0.00 m)
[velocity_path_follower.py-9] [INFO] [1786821828.924915969] [velocity_path_follower]: waypoint 381 / 5251 도달 (선 이탈 0.00 m)
[velocity_path_follower.py-9] [INFO] [1786821829.274959304] [velocity_path_follower]: waypoint 382 / 5251 도달 (선 이탈 0.00 m)
[velocity_path_follower.py-9] [INFO] [1786821829.624984063] [velocity_path_follower]: waypoint 383 / 5251 도달 (선 이탈 0.00 m)
[velocity_path_follower.py-9] [INFO] [1786821829.974642571] [velocity_path_follower]: waypoint 384 / 5251 도달 (선 이탈 0.00 m)
[velocity_path_follower.py-9] [INFO] [1786821830.325062446] [velocity_path_follower]: waypoint 385 / 5251 도달 (선 이탈 0.00 m)
[velocity_path_follower.py-9] [INFO] [1786821830.624952731] [velocity_path_follower]: 170.0s  wp 386/5251 이탈0.0m  위치 ( -28.57,  -162.10,   8.17)
[velocity_path_follower.py-9] [INFO] [1786821830.674801028] [velocity_path_follower]: waypoint 386 / 5251 도달 (선 이탈 0.00 m)
[velocity_path_follower.py-9] [INFO] [1786821831.024990157] [velocity_path_follower]: waypoint 387 / 5251 도달 (선 이탈 0.00 m)
[velocity_path_follower.py-9] [INFO] [1786821831.374948358] [velocity_path_follower]: waypoint 388 / 5251 도달 (선 이탈 0.01 m)
[velocity_path_follower.py-9] [INFO] [1786821831.724895100] [velocity_path_follower]: waypoint 389 / 5251 도달 (선 이탈 0.01 m)
[velocity_path_follower.py-9] [INFO] [1786821832.074784307] [velocity_path_follower]: waypoint 390 / 5251 도달 (선 이탈 0.01 m)
[velocity_path_follower.py-9] [INFO] [1786821832.424987000] [velocity_path_follower]: waypoint 391 / 5251 도달 (선 이탈 0.01 m)
[velocity_path_follower.py-9] [INFO] [1786821832.774823066] [velocity_path_follower]: waypoint 392 / 5251 도달 (선 이탈 0.01 m)
[velocity_path_follower.py-9] [INFO] [1786821833.126831904] [velocity_path_follower]: waypoint 393 / 5251 도달 (선 이탈 0.01 m)
[velocity_path_follower.py-9] [INFO] [1786821833.426856026] [velocity_path_follower]: waypoint 394 / 5251 도달 (선 이탈 0.01 m)
[velocity_path_follower.py-9] [INFO] [1786821833.827078773] [velocity_path_follower]: waypoint 395 / 5251 도달 (선 이탈 0.01 m)
[velocity_path_follower.py-9] [INFO] [1786821834.126922906] [velocity_path_follower]: waypoint 396 / 5251 도달 (선 이탈 0.01 m)
[velocity_path_follower.py-9] [INFO] [1786821834.477092915] [velocity_path_follower]: waypoint 397 / 5251 도달 (선 이탈 0.01 m)
[velocity_path_follower.py-9] [INFO] [1786821834.826962464] [velocity_path_follower]: waypoint 398 / 5251 도달 (선 이탈 0.01 m)
[velocity_path_follower.py-9] [INFO] [1786821835.176977031] [velocity_path_follower]: waypoint 399 / 5251 도달 (선 이탈 0.00 m)
[velocity_path_follower.py-9] [INFO] [1786821835.526820363] [velocity_path_follower]: waypoint 400 / 5251 도달 (선 이탈 0.00 m)
[velocity_path_follower.py-9] [INFO] [1786821835.626678380] [velocity_path_follower]: 175.0s  wp 401/5251 이탈0.0m  위치 ( -35.78,  -162.10,   8.13)
[velocity_path_follower.py-9] [INFO] [1786821835.877043948] [velocity_path_follower]: waypoint 401 / 5251 도달 (선 이탈 0.00 m)
[velocity_path_follower.py-9] [INFO] [1786821836.226894343] [velocity_path_follower]: waypoint 402 / 5251 도달 (선 이탈 0.00 m)
[velocity_path_follower.py-9] [INFO] [1786821836.577174294] [velocity_path_follower]: waypoint 403 / 5251 도달 (선 이탈 0.00 m)
[velocity_path_follower.py-9] [INFO] [1786821840.627367424] [velocity_path_follower]: 180.0s  wp 404/5251 이탈2.6m  위치 ( -41.24,  -160.33,   7.92)
[velocity_path_follower.py-9] [INFO] [1786821841.626940794] [velocity_path_follower]: waypoint 404 / 5251 도달 (선 이탈 2.93 m)
[velocity_path_follower.py-9] [INFO] [1786821845.636985644] [velocity_path_follower]: 185.0s  wp 406/5251 이탈1.1m  위치 ( -40.26,  -156.95,   7.76)
[velocity_path_follower.py-9] [INFO] [1786821846.586938858] [velocity_path_follower]: waypoint 406 / 5251 도달 (선 이탈 1.40 m)
[velocity_path_follower.py-9] [INFO] [1786821847.236828849] [velocity_path_follower]: waypoint 407 / 5251 도달 (선 이탈 1.47 m)
[velocity_path_follower.py-9] [INFO] [1786821847.842697994] [velocity_path_follower]: waypoint 408 / 5251 도달 (선 이탈 1.47 m)
[velocity_path_follower.py-9] [INFO] [1786821848.391050921] [velocity_path_follower]: waypoint 409 / 5251 도달 (선 이탈 1.42 m)
[velocity_path_follower.py-9] [INFO] [1786821848.990868253] [velocity_path_follower]: waypoint 410 / 5251 도달 (선 이탈 1.32 m)
[velocity_path_follower.py-9] [INFO] [1786821849.541019087] [velocity_path_follower]: waypoint 411 / 5251 도달 (선 이탈 1.18 m)
[velocity_path_follower.py-9] [INFO] [1786821850.040936539] [velocity_path_follower]: waypoint 412 / 5251 도달 (선 이탈 1.04 m)
[ros2-8] [INFO] [1786821850.430437269] [rosbag2_cpp]: Writing remaining messages from cache to the bag. It may take a while
[velocity_path_follower.py-9] [INFO] [1786821850.541485870] [velocity_path_follower]: waypoint 413 / 5251 도달 (선 이탈 0.87 m)
[velocity_path_follower.py-9] [INFO] [1786821850.640936898] [velocity_path_follower]: 190.0s  wp 414/5251 이탈0.8m  위치 ( -35.99,  -157.27,   7.88)
[velocity_path_follower.py-9] [INFO] [1786821851.040846905] [velocity_path_follower]: waypoint 414 / 5251 도달 (선 이탈 0.69 m)
[velocity_path_follower.py-9] [INFO] [1786821851.541018946] [velocity_path_follower]: waypoint 415 / 5251 도달 (선 이탈 0.50 m)
[velocity_path_follower.py-9] [INFO] [1786821852.040923989] [velocity_path_follower]: waypoint 416 / 5251 도달 (선 이탈 0.30 m)
[velocity_path_follower.py-9] [INFO] [1786821852.490971966] [velocity_path_follower]: waypoint 417 / 5251 도달 (선 이탈 0.14 m)
[velocity_path_follower.py-9] [INFO] [1786821852.940920693] [velocity_path_follower]: waypoint 418 / 5251 도달 (선 이탈 0.03 m)
[velocity_path_follower.py-9] [INFO] [1786821853.341024801] [velocity_path_follower]: waypoint 419 / 5251 도달 (선 이탈 0.16 m)
[velocity_path_follower.py-9] [INFO] [1786821853.791136278] [velocity_path_follower]: waypoint 420 / 5251 도달 (선 이탈 0.30 m)
[velocity_path_follower.py-9] [INFO] [1786821854.191023658] [velocity_path_follower]: waypoint 421 / 5251 도달 (선 이탈 0.41 m)
[velocity_path_follower.py-9] [INFO] [1786821854.666894094] [velocity_path_follower]: waypoint 422 / 5251 도달 (선 이탈 0.51 m)
[velocity_path_follower.py-9] [INFO] [1786821855.065865284] [velocity_path_follower]: waypoint 423 / 5251 도달 (선 이탈 0.58 m)
[velocity_path_follower.py-9] [INFO] [1786821855.465905928] [velocity_path_follower]: waypoint 424 / 5251 도달 (선 이탈 0.64 m)
[velocity_path_follower.py-9] [INFO] [1786821855.665699791] [velocity_path_follower]: 195.0s  wp 425/5251 이탈0.7m  위치 ( -30.33,  -158.76,   7.85)
[velocity_path_follower.py-9] [INFO] [1786821855.865834114] [velocity_path_follower]: waypoint 425 / 5251 도달 (선 이탈 0.68 m)
[velocity_path_follower.py-9] [INFO] [1786821856.265814657] [velocity_path_follower]: waypoint 426 / 5251 도달 (선 이탈 0.70 m)
[velocity_path_follower.py-9] [INFO] [1786821856.665856754] [velocity_path_follower]: waypoint 427 / 5251 도달 (선 이탈 0.71 m)
[velocity_path_follower.py-9] [INFO] [1786821857.065855774] [velocity_path_follower]: waypoint 428 / 5251 도달 (선 이탈 0.70 m)
[velocity_path_follower.py-9] [INFO] [1786821857.465659655] [velocity_path_follower]: waypoint 429 / 5251 도달 (선 이탈 0.68 m)
[velocity_path_follower.py-9] [INFO] [1786821857.817075875] [velocity_path_follower]: waypoint 430 / 5251 도달 (선 이탈 0.65 m)
[velocity_path_follower.py-9] [INFO] [1786821858.265634737] [velocity_path_follower]: waypoint 431 / 5251 도달 (선 이탈 0.60 m)
[velocity_path_follower.py-9] [INFO] [1786821858.615872064] [velocity_path_follower]: waypoint 432 / 5251 도달 (선 이탈 0.55 m)
[velocity_path_follower.py-9] [INFO] [1786821859.015819193] [velocity_path_follower]: waypoint 433 / 5251 도달 (선 이탈 0.48 m)
[velocity_path_follower.py-9] [INFO] [1786821859.415616230] [velocity_path_follower]: waypoint 434 / 5251 도달 (선 이탈 0.41 m)
[velocity_path_follower.py-9] [INFO] [1786821859.765835672] [velocity_path_follower]: waypoint 435 / 5251 도달 (선 이탈 0.34 m)
[velocity_path_follower.py-9] [INFO] [1786821860.165663932] [velocity_path_follower]: waypoint 436 / 5251 도달 (선 이탈 0.27 m)
[velocity_path_follower.py-9] [INFO] [1786821860.567690063] [velocity_path_follower]: waypoint 437 / 5251 도달 (선 이탈 0.19 m)
[velocity_path_follower.py-9] [INFO] [1786821860.667539059] [velocity_path_follower]: 200.0s  wp 438/5251 이탈0.2m  위치 ( -23.90,  -158.27,   7.71)
[velocity_path_follower.py-9] [INFO] [1786821860.917878411] [velocity_path_follower]: waypoint 438 / 5251 도달 (선 이탈 0.12 m)
[velocity_path_follower.py-9] [INFO] [1786821861.269654752] [velocity_path_follower]: waypoint 439 / 5251 도달 (선 이탈 0.05 m)
[velocity_path_follower.py-9] [INFO] [1786821861.669937656] [velocity_path_follower]: waypoint 440 / 5251 도달 (선 이탈 0.02 m)
[velocity_path_follower.py-9] [INFO] [1786821862.020073828] [velocity_path_follower]: waypoint 441 / 5251 도달 (선 이탈 0.09 m)
[velocity_path_follower.py-9] [INFO] [1786821862.420071808] [velocity_path_follower]: waypoint 442 / 5251 도달 (선 이탈 0.15 m)
[velocity_path_follower.py-9] [INFO] [1786821862.769947966] [velocity_path_follower]: waypoint 443 / 5251 도달 (선 이탈 0.20 m)
[velocity_path_follower.py-9] [INFO] [1786821863.119916386] [velocity_path_follower]: waypoint 444 / 5251 도달 (선 이탈 0.24 m)
[velocity_path_follower.py-9] [INFO] [1786821863.519813234] [velocity_path_follower]: waypoint 445 / 5251 도달 (선 이탈 0.28 m)
[velocity_path_follower.py-9] [INFO] [1786821863.871681355] [velocity_path_follower]: waypoint 446 / 5251 도달 (선 이탈 0.32 m)
[velocity_path_follower.py-9] [INFO] [1786821864.221847275] [velocity_path_follower]: waypoint 447 / 5251 도달 (선 이탈 0.34 m)
[velocity_path_follower.py-9] [INFO] [1786821864.571823538] [velocity_path_follower]: waypoint 448 / 5251 도달 (선 이탈 0.35 m)
[velocity_path_follower.py-9] [INFO] [1786821864.922224221] [velocity_path_follower]: waypoint 449 / 5251 도달 (선 이탈 0.36 m)
[velocity_path_follower.py-9] [INFO] [1786821865.321896298] [velocity_path_follower]: waypoint 450 / 5251 도달 (선 이탈 0.37 m)
[velocity_path_follower.py-9] [INFO] [1786821865.671903843] [velocity_path_follower]: waypoint 451 / 5251 도달 (선 이탈 0.36 m)
[velocity_path_follower.py-9] [INFO] [1786821865.721571507] [velocity_path_follower]: 205.1s  wp 452/5251 이탈0.4m  위치 ( -17.01,  -157.74,   7.76)
[velocity_path_follower.py-9] [INFO] [1786821866.021802847] [velocity_path_follower]: waypoint 452 / 5251 도달 (선 이탈 0.35 m)
[velocity_path_follower.py-9] [INFO] [1786821866.371915048] [velocity_path_follower]: waypoint 453 / 5251 도달 (선 이탈 0.33 m)
[velocity_path_follower.py-9] [INFO] [1786821866.721920499] [velocity_path_follower]: waypoint 454 / 5251 도달 (선 이탈 0.31 m)
[velocity_path_follower.py-9] [INFO] [1786821867.121798672] [velocity_path_follower]: waypoint 455 / 5251 도달 (선 이탈 0.28 m)
[velocity_path_follower.py-9] [INFO] [1786821867.471952030] [velocity_path_follower]: waypoint 456 / 5251 도달 (선 이탈 0.25 m)
[velocity_path_follower.py-9] [INFO] [1786821867.821813719] [velocity_path_follower]: waypoint 457 / 5251 도달 (선 이탈 0.22 m)
[velocity_path_follower.py-9] [INFO] [1786821868.172004884] [velocity_path_follower]: waypoint 458 / 5251 도달 (선 이탈 0.19 m)
[velocity_path_follower.py-9] [INFO] [1786821868.521996855] [velocity_path_follower]: waypoint 459 / 5251 도달 (선 이탈 0.15 m)
[velocity_path_follower.py-9] [INFO] [1786821868.871845200] [velocity_path_follower]: waypoint 460 / 5251 도달 (선 이탈 0.12 m)
[velocity_path_follower.py-9] [INFO] [1786821869.276552870] [velocity_path_follower]: waypoint 461 / 5251 도달 (선 이탈 0.08 m)
[velocity_path_follower.py-9] [INFO] [1786821869.626658331] [velocity_path_follower]: waypoint 462 / 5251 도달 (선 이탈 0.04 m)
[velocity_path_follower.py-9] [INFO] [1786821869.976641666] [velocity_path_follower]: waypoint 463 / 5251 도달 (선 이탈 0.01 m)
[velocity_path_follower.py-9] [INFO] [1786821870.326647988] [velocity_path_follower]: waypoint 464 / 5251 도달 (선 이탈 0.03 m)
[velocity_path_follower.py-9] [INFO] [1786821870.679884172] [velocity_path_follower]: waypoint 465 / 5251 도달 (선 이탈 0.06 m)
[velocity_path_follower.py-9] [INFO] [1786821870.729443399] [velocity_path_follower]: 210.1s  wp 466/5251 이탈0.1m  위치 (  -9.99,  -158.16,   8.00)
[velocity_path_follower.py-9] [INFO] [1786821871.030243502] [velocity_path_follower]: waypoint 466 / 5251 도달 (선 이탈 0.09 m)
[velocity_path_follower.py-9] [INFO] [1786821871.379923563] [velocity_path_follower]: waypoint 467 / 5251 도달 (선 이탈 0.11 m)
[velocity_path_follower.py-9] [INFO] [1786821871.729876251] [velocity_path_follower]: waypoint 468 / 5251 도달 (선 이탈 0.13 m)
[velocity_path_follower.py-9] [INFO] [1786821872.085818244] [velocity_path_follower]: waypoint 469 / 5251 도달 (선 이탈 0.15 m)
[velocity_path_follower.py-9] [INFO] [1786821872.435669921] [velocity_path_follower]: waypoint 470 / 5251 도달 (선 이탈 0.17 m)
[velocity_path_follower.py-9] [INFO] [1786821872.785550056] [velocity_path_follower]: waypoint 471 / 5251 도달 (선 이탈 0.18 m)
[velocity_path_follower.py-9] [INFO] [1786821873.137892473] [velocity_path_follower]: waypoint 472 / 5251 도달 (선 이탈 0.19 m)
[velocity_path_follower.py-9] [INFO] [1786821873.487988681] [velocity_path_follower]: waypoint 473 / 5251 도달 (선 이탈 0.19 m)
[velocity_path_follower.py-9] [INFO] [1786821873.839883530] [velocity_path_follower]: waypoint 474 / 5251 도달 (선 이탈 0.19 m)
[velocity_path_follower.py-9] [INFO] [1786821874.190009798] [velocity_path_follower]: waypoint 475 / 5251 도달 (선 이탈 0.19 m)
[velocity_path_follower.py-9] [INFO] [1786821874.540286330] [velocity_path_follower]: waypoint 476 / 5251 도달 (선 이탈 0.18 m)
[velocity_path_follower.py-9] [INFO] [1786821874.892931300] [velocity_path_follower]: waypoint 477 / 5251 도달 (선 이탈 0.17 m)
[velocity_path_follower.py-9] [INFO] [1786821875.242690057] [velocity_path_follower]: waypoint 478 / 5251 도달 (선 이탈 0.16 m)
[velocity_path_follower.py-9] [INFO] [1786821875.597906954] [velocity_path_follower]: waypoint 479 / 5251 도달 (선 이탈 0.15 m)
[velocity_path_follower.py-9] [INFO] [1786821875.697866251] [velocity_path_follower]: 215.0s  wp 480/5251 이탈0.1m  위치 (  -2.93,  -158.24,   8.22)
[velocity_path_follower.py-9] [INFO] [1786821875.952587054] [velocity_path_follower]: waypoint 480 / 5251 도달 (선 이탈 0.13 m)
[velocity_path_follower.py-9] [INFO] [1786821876.302569850] [velocity_path_follower]: waypoint 481 / 5251 도달 (선 이탈 0.12 m)
[velocity_path_follower.py-9] [INFO] [1786821876.652840193] [velocity_path_follower]: waypoint 482 / 5251 도달 (선 이탈 0.10 m)
[velocity_path_follower.py-9] [INFO] [1786821877.002687659] [velocity_path_follower]: waypoint 483 / 5251 도달 (선 이탈 0.08 m)
[velocity_path_follower.py-9] [INFO] [1786821877.355629223] [velocity_path_follower]: waypoint 484 / 5251 도달 (선 이탈 0.06 m)
[velocity_path_follower.py-9] [INFO] [1786821877.710700471] [velocity_path_follower]: waypoint 485 / 5251 도달 (선 이탈 0.04 m)
[velocity_path_follower.py-9] [INFO] [1786821878.063659791] [velocity_path_follower]: waypoint 486 / 5251 도달 (선 이탈 0.02 m)
[velocity_path_follower.py-9] [INFO] [1786821878.413688901] [velocity_path_follower]: waypoint 487 / 5251 도달 (선 이탈 0.00 m)
[velocity_path_follower.py-9] [INFO] [1786821878.763834388] [velocity_path_follower]: waypoint 488 / 5251 도달 (선 이탈 0.01 m)
[velocity_path_follower.py-9] [INFO] [1786821879.118823636] [velocity_path_follower]: waypoint 489 / 5251 도달 (선 이탈 0.03 m)
[velocity_path_follower.py-9] [INFO] [1786821879.471218881] [velocity_path_follower]: waypoint 490 / 5251 도달 (선 이탈 0.04 m)
[velocity_path_follower.py-9] [INFO] [1786821879.823955921] [velocity_path_follower]: waypoint 491 / 5251 도달 (선 이탈 0.06 m)
[velocity_path_follower.py-9] [INFO] [1786821880.174037327] [velocity_path_follower]: waypoint 492 / 5251 도달 (선 이탈 0.07 m)
[velocity_path_follower.py-9] [INFO] [1786821880.523847830] [velocity_path_follower]: waypoint 493 / 5251 도달 (선 이탈 0.08 m)
[velocity_path_follower.py-9] [INFO] [1786821880.726699661] [velocity_path_follower]: 220.0s  wp 494/5251 이탈0.1m  위치 (   4.24,  -158.02,   8.38)
[velocity_path_follower.py-9] [INFO] [1786821880.876916445] [velocity_path_follower]: waypoint 494 / 5251 도달 (선 이탈 0.09 m)
[velocity_path_follower.py-9] [INFO] [1786821881.226893761] [velocity_path_follower]: waypoint 495 / 5251 도달 (선 이탈 0.09 m)
[velocity_path_follower.py-9] [INFO] [1786821881.578698020] [velocity_path_follower]: waypoint 496 / 5251 도달 (선 이탈 0.10 m)
[velocity_path_follower.py-9] [INFO] [1786821881.935219112] [velocity_path_follower]: waypoint 497 / 5251 도달 (선 이탈 0.10 m)
[velocity_path_follower.py-9] [INFO] [1786821882.285305256] [velocity_path_follower]: waypoint 498 / 5251 도달 (선 이탈 0.10 m)
[velocity_path_follower.py-9] [INFO] [1786821882.635203236] [velocity_path_follower]: waypoint 499 / 5251 도달 (선 이탈 0.10 m)
[velocity_path_follower.py-9] [INFO] [1786821882.937588414] [velocity_path_follower]: waypoint 500 / 5251 도달 (선 이탈 0.10 m)
[velocity_path_follower.py-9] [INFO] [1786821883.290035443] [velocity_path_follower]: waypoint 501 / 5251 도달 (선 이탈 0.09 m)
[velocity_path_follower.py-9] [INFO] [1786821883.639692910] [velocity_path_follower]: waypoint 502 / 5251 도달 (선 이탈 0.09 m)
[velocity_path_follower.py-9] [INFO] [1786821884.043470746] [velocity_path_follower]: waypoint 503 / 5251 도달 (선 이탈 0.08 m)
[velocity_path_follower.py-9] [INFO] [1786821884.346945987] [velocity_path_follower]: waypoint 504 / 5251 도달 (선 이탈 0.07 m)
[velocity_path_follower.py-9] [INFO] [1786821884.699700637] [velocity_path_follower]: waypoint 505 / 5251 도달 (선 이탈 0.06 m)
[velocity_path_follower.py-9] [INFO] [1786821885.052187289] [velocity_path_follower]: waypoint 506 / 5251 도달 (선 이탈 0.05 m)
[velocity_path_follower.py-9] [INFO] [1786821885.404369756] [velocity_path_follower]: waypoint 507 / 5251 도달 (선 이탈 0.04 m)
[velocity_path_follower.py-9] [INFO] [1786821885.754481161] [velocity_path_follower]: waypoint 508 / 5251 도달 (선 이탈 0.03 m)
[velocity_path_follower.py-9] [INFO] [1786821885.804275664] [velocity_path_follower]: 225.1s  wp 509/5251 이탈0.0m  위치 (  11.49,  -158.07,  10.54)
[velocity_path_follower.py-9] [INFO] [1786821886.104325990] [velocity_path_follower]: waypoint 509 / 5251 도달 (선 이탈 0.02 m)
[velocity_path_follower.py-9] [INFO] [1786821886.463349551] [velocity_path_follower]: waypoint 510 / 5251 도달 (선 이탈 0.01 m)
[velocity_path_follower.py-9] [INFO] [1786821886.814901042] [velocity_path_follower]: waypoint 511 / 5251 도달 (선 이탈 0.00 m)
[velocity_path_follower.py-9] [INFO] [1786821887.170462585] [velocity_path_follower]: waypoint 512 / 5251 도달 (선 이탈 0.01 m)
[velocity_path_follower.py-9] [INFO] [1786821887.521906396] [velocity_path_follower]: waypoint 513 / 5251 도달 (선 이탈 0.01 m)
[velocity_path_follower.py-9] [INFO] [1786821887.874006214] [velocity_path_follower]: waypoint 514 / 5251 도달 (선 이탈 0.02 m)
[velocity_path_follower.py-9] [INFO] [1786821888.224031864] [velocity_path_follower]: waypoint 515 / 5251 도달 (선 이탈 0.03 m)
[velocity_path_follower.py-9] [INFO] [1786821888.573937941] [velocity_path_follower]: waypoint 516 / 5251 도달 (선 이탈 0.04 m)
[velocity_path_follower.py-9] [INFO] [1786821888.930196203] [velocity_path_follower]: waypoint 517 / 5251 도달 (선 이탈 0.04 m)
[velocity_path_follower.py-9] [INFO] [1786821889.280000511] [velocity_path_follower]: waypoint 518 / 5251 도달 (선 이탈 0.05 m)
[velocity_path_follower.py-9] [INFO] [1786821889.579847096] [velocity_path_follower]: waypoint 519 / 5251 도달 (선 이탈 0.05 m)
[velocity_path_follower.py-9] [INFO] [1786821889.979791016] [velocity_path_follower]: waypoint 520 / 5251 도달 (선 이탈 0.05 m)
[velocity_path_follower.py-9] [INFO] [1786821890.279848793] [velocity_path_follower]: waypoint 521 / 5251 도달 (선 이탈 0.05 m)
[velocity_path_follower.py-9] [INFO] [1786821890.632168619] [velocity_path_follower]: waypoint 522 / 5251 도달 (선 이탈 0.05 m)
[velocity_path_follower.py-9] [INFO] [1786821890.781908526] [velocity_path_follower]: 230.0s  wp 523/5251 이탈0.1m  위치 (  18.64,  -158.15,  12.77)
[velocity_path_follower.py-9] [INFO] [1786821890.981900837] [velocity_path_follower]: waypoint 523 / 5251 도달 (선 이탈 0.05 m)
[velocity_path_follower.py-9] [INFO] [1786821891.334833447] [velocity_path_follower]: waypoint 524 / 5251 도달 (선 이탈 0.05 m)
[velocity_path_follower.py-9] [INFO] [1786821891.688810069] [velocity_path_follower]: waypoint 525 / 5251 도달 (선 이탈 0.05 m)
[velocity_path_follower.py-9] [INFO] [1786821892.040963552] [velocity_path_follower]: waypoint 526 / 5251 도달 (선 이탈 0.05 m)
[velocity_path_follower.py-9] [INFO] [1786821892.393871277] [velocity_path_follower]: waypoint 527 / 5251 도달 (선 이탈 0.04 m)
[velocity_path_follower.py-9] [INFO] [1786821892.748160557] [velocity_path_follower]: waypoint 528 / 5251 도달 (선 이탈 0.04 m)
[velocity_path_follower.py-9] [INFO] [1786821893.097875675] [velocity_path_follower]: waypoint 529 / 5251 도달 (선 이탈 0.03 m)
[velocity_path_follower.py-9] [INFO] [1786821893.451283852] [velocity_path_follower]: waypoint 530 / 5251 도달 (선 이탈 0.03 m)
[velocity_path_follower.py-9] [INFO] [1786821893.800674738] [velocity_path_follower]: waypoint 531 / 5251 도달 (선 이탈 0.02 m)
[velocity_path_follower.py-9] [INFO] [1786821894.152820373] [velocity_path_follower]: waypoint 532 / 5251 도달 (선 이탈 0.02 m)
[velocity_path_follower.py-9] [INFO] [1786821894.502908087] [velocity_path_follower]: waypoint 533 / 5251 도달 (선 이탈 0.01 m)
[velocity_path_follower.py-9] [INFO] [1786821894.807950309] [velocity_path_follower]: waypoint 534 / 5251 도달 (선 이탈 0.01 m)
[velocity_path_follower.py-9] [INFO] [1786821895.209680099] [velocity_path_follower]: waypoint 535 / 5251 도달 (선 이탈 0.00 m)
[velocity_path_follower.py-9] [INFO] [1786821895.509809422] [velocity_path_follower]: waypoint 536 / 5251 도달 (선 이탈 0.00 m)
[velocity_path_follower.py-9] [INFO] [1786821895.809872536] [velocity_path_follower]: 235.0s  wp 537/5251 이탈0.0m  위치 (  25.84,  -158.09,  11.28)
[velocity_path_follower.py-9] [INFO] [1786821895.859886499] [velocity_path_follower]: waypoint 537 / 5251 도달 (선 이탈 0.01 m)
[velocity_path_follower.py-9] [INFO] [1786821896.211937239] [velocity_path_follower]: waypoint 538 / 5251 도달 (선 이탈 0.01 m)
[velocity_path_follower.py-9] [INFO] [1786821896.563966198] [velocity_path_follower]: waypoint 539 / 5251 도달 (선 이탈 0.01 m)
[velocity_path_follower.py-9] [INFO] [1786821896.915922115] [velocity_path_follower]: waypoint 540 / 5251 도달 (선 이탈 0.02 m)
[velocity_path_follower.py-9] [INFO] [1786821897.268229683] [velocity_path_follower]: waypoint 541 / 5251 도달 (선 이탈 0.02 m)
[velocity_path_follower.py-9] [INFO] [1786821897.620899679] [velocity_path_follower]: waypoint 542 / 5251 도달 (선 이탈 0.02 m)
[velocity_path_follower.py-9] [INFO] [1786821897.975953407] [velocity_path_follower]: waypoint 543 / 5251 도달 (선 이탈 0.03 m)
[velocity_path_follower.py-9] [INFO] [1786821898.327834922] [velocity_path_follower]: waypoint 544 / 5251 도달 (선 이탈 0.03 m)
[velocity_path_follower.py-9] [INFO] [1786821898.677696793] [velocity_path_follower]: waypoint 545 / 5251 도달 (선 이탈 0.03 m)
[velocity_path_follower.py-9] [INFO] [1786821899.027798501] [velocity_path_follower]: waypoint 546 / 5251 도달 (선 이탈 0.03 m)
[velocity_path_follower.py-9] [INFO] [1786821899.379876633] [velocity_path_follower]: waypoint 547 / 5251 도달 (선 이탈 0.03 m)
[velocity_path_follower.py-9] [INFO] [1786821899.732219267] [velocity_path_follower]: waypoint 548 / 5251 도달 (선 이탈 0.03 m)
[velocity_path_follower.py-9] [INFO] [1786821900.081913172] [velocity_path_follower]: waypoint 549 / 5251 도달 (선 이탈 0.03 m)
[velocity_path_follower.py-9] [INFO] [1786821900.431886102] [velocity_path_follower]: waypoint 550 / 5251 도달 (선 이탈 0.03 m)
[velocity_path_follower.py-9] [INFO] [1786821900.731975550] [velocity_path_follower]: waypoint 551 / 5251 도달 (선 이탈 0.02 m)
[velocity_path_follower.py-9] [INFO] [1786821900.831614681] [velocity_path_follower]: 240.0s  wp 552/5251 이탈0.0m  위치 (  33.05,  -158.08,  10.80)
[velocity_path_follower.py-9] [INFO] [1786821901.131861307] [velocity_path_follower]: waypoint 552 / 5251 도달 (선 이탈 0.02 m)
[velocity_path_follower.py-9] [INFO] [1786821901.431681068] [velocity_path_follower]: waypoint 553 / 5251 도달 (선 이탈 0.02 m)
[velocity_path_follower.py-9] [INFO] [1786821901.782051449] [velocity_path_follower]: waypoint 554 / 5251 도달 (선 이탈 0.02 m)
[velocity_path_follower.py-9] [INFO] [1786821902.131933251] [velocity_path_follower]: waypoint 555 / 5251 도달 (선 이탈 0.01 m)
[velocity_path_follower.py-9] [INFO] [1786821902.481665028] [velocity_path_follower]: waypoint 556 / 5251 도달 (선 이탈 0.01 m)
[velocity_path_follower.py-9] [INFO] [1786821902.831964937] [velocity_path_follower]: waypoint 557 / 5251 도달 (선 이탈 0.01 m)
[velocity_path_follower.py-9] [INFO] [1786821903.183884878] [velocity_path_follower]: waypoint 558 / 5251 도달 (선 이탈 0.01 m)
[velocity_path_follower.py-9] [INFO] [1786821903.536700800] [velocity_path_follower]: waypoint 559 / 5251 도달 (선 이탈 0.00 m)
[velocity_path_follower.py-9] [INFO] [1786821903.886932779] [velocity_path_follower]: waypoint 560 / 5251 도달 (선 이탈 0.00 m)
[velocity_path_follower.py-9] [INFO] [1786821904.187035274] [velocity_path_follower]: waypoint 561 / 5251 도달 (선 이탈 0.00 m)
[velocity_path_follower.py-9] [INFO] [1786821904.588998176] [velocity_path_follower]: waypoint 562 / 5251 도달 (선 이탈 0.00 m)
[velocity_path_follower.py-9] [INFO] [1786821904.938911638] [velocity_path_follower]: waypoint 563 / 5251 도달 (선 이탈 0.01 m)
[velocity_path_follower.py-9] [INFO] [1786821905.289012917] [velocity_path_follower]: waypoint 564 / 5251 도달 (선 이탈 0.01 m)
[velocity_path_follower.py-9] [INFO] [1786821905.639080368] [velocity_path_follower]: waypoint 565 / 5251 도달 (선 이탈 0.01 m)
[velocity_path_follower.py-9] [INFO] [1786821905.838676091] [velocity_path_follower]: 245.0s  wp 566/5251 이탈0.0m  위치 (  40.27,  -158.11,  10.25)
[velocity_path_follower.py-9] [INFO] [1786821905.938956187] [velocity_path_follower]: waypoint 566 / 5251 도달 (선 이탈 0.01 m)
[velocity_path_follower.py-9] [INFO] [1786821906.338855502] [velocity_path_follower]: waypoint 567 / 5251 도달 (선 이탈 0.01 m)
[velocity_path_follower.py-9] [INFO] [1786821906.638976890] [velocity_path_follower]: waypoint 568 / 5251 도달 (선 이탈 0.01 m)
[velocity_path_follower.py-9] [INFO] [1786821906.991574398] [velocity_path_follower]: waypoint 569 / 5251 도달 (선 이탈 0.01 m)
[velocity_path_follower.py-9] [INFO] [1786821907.340841563] [velocity_path_follower]: waypoint 570 / 5251 도달 (선 이탈 0.01 m)
[velocity_path_follower.py-9] [INFO] [1786821907.691001531] [velocity_path_follower]: waypoint 571 / 5251 도달 (선 이탈 0.01 m)
[velocity_path_follower.py-9] [INFO] [1786821908.040961499] [velocity_path_follower]: waypoint 572 / 5251 도달 (선 이탈 0.01 m)
[velocity_path_follower.py-9] [INFO] [1786821908.391051078] [velocity_path_follower]: waypoint 573 / 5251 도달 (선 이탈 0.01 m)
[velocity_path_follower.py-9] [INFO] [1786821908.743416849] [velocity_path_follower]: waypoint 574 / 5251 도달 (선 이탈 0.01 m)
[velocity_path_follower.py-9] [INFO] [1786821909.093490894] [velocity_path_follower]: waypoint 575 / 5251 도달 (선 이탈 0.01 m)
[velocity_path_follower.py-9] [INFO] [1786821909.443436124] [velocity_path_follower]: waypoint 576 / 5251 도달 (선 이탈 0.01 m)
[velocity_path_follower.py-9] [INFO] [1786821909.793353022] [velocity_path_follower]: waypoint 577 / 5251 도달 (선 이탈 0.01 m)
[velocity_path_follower.py-9] [INFO] [1786821910.143361181] [velocity_path_follower]: waypoint 578 / 5251 도달 (선 이탈 0.01 m)
[velocity_path_follower.py-9] [INFO] [1786821910.443413750] [velocity_path_follower]: waypoint 579 / 5251 도달 (선 이탈 0.01 m)
[velocity_path_follower.py-9] [INFO] [1786821910.795297240] [velocity_path_follower]: waypoint 580 / 5251 도달 (선 이탈 0.01 m)
[velocity_path_follower.py-9] [INFO] [1786821910.846003523] [velocity_path_follower]: 250.0s  wp 581/5251 이탈0.0m  위치 (  47.48,  -158.10,  10.75)
[velocity_path_follower.py-9] [INFO] [1786821911.146052978] [velocity_path_follower]: waypoint 581 / 5251 도달 (선 이탈 0.00 m)
[velocity_path_follower.py-9] [INFO] [1786821911.496135559] [velocity_path_follower]: waypoint 582 / 5251 도달 (선 이탈 0.00 m)
[velocity_path_follower.py-9] [INFO] [1786821911.846069805] [velocity_path_follower]: waypoint 583 / 5251 도달 (선 이탈 0.00 m)
[velocity_path_follower.py-9] [INFO] [1786821912.196201653] [velocity_path_follower]: waypoint 584 / 5251 도달 (선 이탈 0.00 m)
[velocity_path_follower.py-9] [INFO] [1786821912.546076760] [velocity_path_follower]: waypoint 585 / 5251 도달 (선 이탈 0.00 m)
[velocity_path_follower.py-9] [INFO] [1786821912.896139161] [velocity_path_follower]: waypoint 586 / 5251 도달 (선 이탈 0.00 m)
[velocity_path_follower.py-9] [INFO] [1786821913.246077080] [velocity_path_follower]: waypoint 587 / 5251 도달 (선 이탈 0.00 m)
[velocity_path_follower.py-9] [INFO] [1786821913.596143093] [velocity_path_follower]: waypoint 588 / 5251 도달 (선 이탈 0.01 m)
[velocity_path_follower.py-9] [INFO] [1786821913.945974394] [velocity_path_follower]: waypoint 589 / 5251 도달 (선 이탈 0.01 m)
[velocity_path_follower.py-9] [INFO] [1786821914.295988638] [velocity_path_follower]: waypoint 590 / 5251 도달 (선 이탈 0.01 m)
[velocity_path_follower.py-9] [INFO] [1786821914.646137722] [velocity_path_follower]: waypoint 591 / 5251 도달 (선 이탈 0.01 m)
[velocity_path_follower.py-9] [INFO] [1786821915.000762941] [velocity_path_follower]: waypoint 592 / 5251 도달 (선 이탈 0.01 m)
[velocity_path_follower.py-9] [INFO] [1786821915.350698342] [velocity_path_follower]: waypoint 593 / 5251 도달 (선 이탈 0.01 m)
[velocity_path_follower.py-9] [INFO] [1786821915.650698740] [velocity_path_follower]: waypoint 594 / 5251 도달 (선 이탈 0.01 m)
[velocity_path_follower.py-9] [INFO] [1786821915.850815923] [velocity_path_follower]: 255.0s  wp 595/5251 이탈0.0m  위치 (  54.69,  -158.09,  13.79)
[velocity_path_follower.py-9] [INFO] [1786821916.000791518] [velocity_path_follower]: waypoint 595 / 5251 도달 (선 이탈 0.01 m)
[velocity_path_follower.py-9] [INFO] [1786821916.350606362] [velocity_path_follower]: waypoint 596 / 5251 도달 (선 이탈 0.01 m)
[velocity_path_follower.py-9] [INFO] [1786821916.700697085] [velocity_path_follower]: waypoint 597 / 5251 도달 (선 이탈 0.01 m)
[velocity_path_follower.py-9] [INFO] [1786821917.052660875] [velocity_path_follower]: waypoint 598 / 5251 도달 (선 이탈 0.01 m)
[velocity_path_follower.py-9] [INFO] [1786821917.402614958] [velocity_path_follower]: waypoint 599 / 5251 도달 (선 이탈 0.01 m)
[velocity_path_follower.py-9] [INFO] [1786821917.752670458] [velocity_path_follower]: waypoint 600 / 5251 도달 (선 이탈 0.01 m)
[velocity_path_follower.py-9] [INFO] [1786821918.102789176] [velocity_path_follower]: waypoint 601 / 5251 도달 (선 이탈 0.01 m)
[velocity_path_follower.py-9] [INFO] [1786821918.452590118] [velocity_path_follower]: waypoint 602 / 5251 도달 (선 이탈 0.01 m)
[velocity_path_follower.py-9] [INFO] [1786821918.802951025] [velocity_path_follower]: waypoint 603 / 5251 도달 (선 이탈 0.00 m)
[velocity_path_follower.py-9] [INFO] [1786821919.152625061] [velocity_path_follower]: waypoint 604 / 5251 도달 (선 이탈 0.00 m)
[velocity_path_follower.py-9] [INFO] [1786821919.502782410] [velocity_path_follower]: waypoint 605 / 5251 도달 (선 이탈 0.00 m)
[velocity_path_follower.py-9] [INFO] [1786821920.853093394] [velocity_path_follower]: 260.0s  wp 606/5251 이탈0.4m  위치 (  61.82,  -157.92,  12.29)
[velocity_path_follower.py-9] [INFO] [1786821924.652862933] [velocity_path_follower]: waypoint 606 / 5251 도달 (선 이탈 2.99 m)
[velocity_path_follower.py-9] [INFO] [1786821925.852625535] [velocity_path_follower]: 265.0s  wp 608/5251 이탈0.5m  위치 (  64.38,  -154.63,   8.08)
[velocity_path_follower.py-9] [INFO] [1786821929.505011724] [velocity_path_follower]: waypoint 608 / 5251 도달 (선 이탈 1.36 m)
[velocity_path_follower.py-9] [INFO] [1786821930.154963342] [velocity_path_follower]: waypoint 609 / 5251 도달 (선 이탈 1.44 m)
[velocity_path_follower.py-9] [INFO] [1786821930.754680974] [velocity_path_follower]: waypoint 610 / 5251 도달 (선 이탈 1.44 m)
[velocity_path_follower.py-9] [INFO] [1786821930.857439553] [velocity_path_follower]: 270.0s  wp 611/5251 이탈1.4m  위치 (  61.28,  -152.66,   9.10)
[velocity_path_follower.py-9] [INFO] [1786821931.307447190] [velocity_path_follower]: waypoint 611 / 5251 도달 (선 이탈 1.39 m)
[velocity_path_follower.py-9] [INFO] [1786821931.857426597] [velocity_path_follower]: waypoint 612 / 5251 도달 (선 이탈 1.30 m)
[velocity_path_follower.py-9] [INFO] [1786821932.407492036] [velocity_path_follower]: waypoint 613 / 5251 도달 (선 이탈 1.17 m)
[velocity_path_follower.py-9] [INFO] [1786821932.957494570] [velocity_path_follower]: waypoint 614 / 5251 도달 (선 이탈 1.02 m)
[velocity_path_follower.py-9] [INFO] [1786821933.457269690] [velocity_path_follower]: waypoint 615 / 5251 도달 (선 이탈 0.85 m)
[velocity_path_follower.py-9] [INFO] [1786821933.959661431] [velocity_path_follower]: waypoint 616 / 5251 도달 (선 이탈 0.68 m)
[velocity_path_follower.py-9] [INFO] [1786821934.409769890] [velocity_path_follower]: waypoint 617 / 5251 도달 (선 이탈 0.51 m)
[velocity_path_follower.py-9] [INFO] [1786821934.909919265] [velocity_path_follower]: waypoint 618 / 5251 도달 (선 이탈 0.31 m)
[velocity_path_follower.py-9] [INFO] [1786821935.359884796] [velocity_path_follower]: waypoint 619 / 5251 도달 (선 이탈 0.15 m)
[velocity_path_follower.py-9] [INFO] [1786821935.809985085] [velocity_path_follower]: waypoint 620 / 5251 도달 (선 이탈 0.01 m)
[velocity_path_follower.py-9] [INFO] [1786821935.859996501] [velocity_path_follower]: 275.0s  wp 621/5251 이탈0.0m  위치 (  56.29,  -154.13,  10.66)
[velocity_path_follower.py-9] [INFO] [1786821936.259810473] [velocity_path_follower]: waypoint 621 / 5251 도달 (선 이탈 0.16 m)
[velocity_path_follower.py-9] [INFO] [1786821936.659950836] [velocity_path_follower]: waypoint 622 / 5251 도달 (선 이탈 0.28 m)
[velocity_path_follower.py-9] [INFO] [1786821937.059828408] [velocity_path_follower]: waypoint 623 / 5251 도달 (선 이탈 0.39 m)
[velocity_path_follower.py-9] [INFO] [1786821937.509914142] [velocity_path_follower]: waypoint 624 / 5251 도달 (선 이탈 0.49 m)
[velocity_path_follower.py-9] [INFO] [1786821937.909865741] [velocity_path_follower]: waypoint 625 / 5251 도달 (선 이탈 0.56 m)
[velocity_path_follower.py-9] [INFO] [1786821938.309760530] [velocity_path_follower]: waypoint 626 / 5251 도달 (선 이탈 0.62 m)
[velocity_path_follower.py-9] [INFO] [1786821938.709666201] [velocity_path_follower]: waypoint 627 / 5251 도달 (선 이탈 0.66 m)
[velocity_path_follower.py-9] [INFO] [1786821939.109969595] [velocity_path_follower]: waypoint 628 / 5251 도달 (선 이탈 0.68 m)
[velocity_path_follower.py-9] [INFO] [1786821939.509775004] [velocity_path_follower]: waypoint 629 / 5251 도달 (선 이탈 0.69 m)
[velocity_path_follower.py-9] [INFO] [1786821939.909749207] [velocity_path_follower]: waypoint 630 / 5251 도달 (선 이탈 0.68 m)
[velocity_path_follower.py-9] [INFO] [1786821940.259933959] [velocity_path_follower]: waypoint 631 / 5251 도달 (선 이탈 0.66 m)
[velocity_path_follower.py-9] [INFO] [1786821940.659862067] [velocity_path_follower]: waypoint 632 / 5251 도달 (선 이탈 0.63 m)
[velocity_path_follower.py-9] [INFO] [1786821940.859940019] [velocity_path_follower]: 280.0s  wp 633/5251 이탈0.6m  위치 (  50.12,  -154.71,  12.63)
[velocity_path_follower.py-9] [INFO] [1786821941.060055059] [velocity_path_follower]: waypoint 633 / 5251 도달 (선 이탈 0.59 m)
[velocity_path_follower.py-9] [INFO] [1786821941.409904965] [velocity_path_follower]: waypoint 634 / 5251 도달 (선 이탈 0.54 m)
[velocity_path_follower.py-9] [INFO] [1786821941.860232841] [velocity_path_follower]: waypoint 635 / 5251 도달 (선 이탈 0.47 m)
[velocity_path_follower.py-9] [INFO] [1786821942.209742634] [velocity_path_follower]: waypoint 636 / 5251 도달 (선 이탈 0.41 m)
[velocity_path_follower.py-9] [INFO] [1786821942.610004849] [velocity_path_follower]: waypoint 637 / 5251 도달 (선 이탈 0.34 m)
[velocity_path_follower.py-9] [INFO] [1786821942.959802115] [velocity_path_follower]: waypoint 638 / 5251 도달 (선 이탈 0.27 m)
[velocity_path_follower.py-9] [INFO] [1786821943.359930357] [velocity_path_follower]: waypoint 639 / 5251 도달 (선 이탈 0.19 m)
[velocity_path_follower.py-9] [INFO] [1786821943.709940319] [velocity_path_follower]: waypoint 640 / 5251 도달 (선 이탈 0.13 m)
[velocity_path_follower.py-9] [INFO] [1786821944.109956862] [velocity_path_follower]: waypoint 641 / 5251 도달 (선 이탈 0.05 m)
[velocity_path_follower.py-9] [INFO] [1786821944.459918767] [velocity_path_follower]: waypoint 642 / 5251 도달 (선 이탈 0.01 m)
[velocity_path_follower.py-9] [INFO] [1786821944.859829289] [velocity_path_follower]: waypoint 643 / 5251 도달 (선 이탈 0.08 m)
[velocity_path_follower.py-9] [INFO] [1786821945.209677250] [velocity_path_follower]: waypoint 644 / 5251 도달 (선 이탈 0.13 m)
[velocity_path_follower.py-9] [INFO] [1786821945.559921936] [velocity_path_follower]: waypoint 645 / 5251 도달 (선 이탈 0.18 m)
[velocity_path_follower.py-9] [INFO] [1786821945.859877246] [velocity_path_follower]: 285.0s  wp 646/5251 이탈0.2m  위치 (  43.47,  -153.88,  11.81)
[velocity_path_follower.py-9] [INFO] [1786821945.959973657] [velocity_path_follower]: waypoint 646 / 5251 도달 (선 이탈 0.24 m)
[velocity_path_follower.py-9] [INFO] [1786821946.309975196] [velocity_path_follower]: waypoint 647 / 5251 도달 (선 이탈 0.27 m)
[velocity_path_follower.py-9] [INFO] [1786821946.659618483] [velocity_path_follower]: waypoint 648 / 5251 도달 (선 이탈 0.30 m)
[velocity_path_follower.py-9] [INFO] [1786821947.010050032] [velocity_path_follower]: waypoint 649 / 5251 도달 (선 이탈 0.33 m)
[velocity_path_follower.py-9] [INFO] [1786821947.409997604] [velocity_path_follower]: waypoint 650 / 5251 도달 (선 이탈 0.35 m)
[velocity_path_follower.py-9] [INFO] [1786821947.759786295] [velocity_path_follower]: waypoint 651 / 5251 도달 (선 이탈 0.36 m)
[velocity_path_follower.py-9] [INFO] [1786821948.110094043] [velocity_path_follower]: waypoint 652 / 5251 도달 (선 이탈 0.36 m)
[velocity_path_follower.py-9] [INFO] [1786821948.459848676] [velocity_path_follower]: waypoint 653 / 5251 도달 (선 이탈 0.36 m)
[velocity_path_follower.py-9] [INFO] [1786821948.809936898] [velocity_path_follower]: waypoint 654 / 5251 도달 (선 이탈 0.35 m)
[velocity_path_follower.py-9] [INFO] [1786821949.209984767] [velocity_path_follower]: waypoint 655 / 5251 도달 (선 이탈 0.33 m)
[velocity_path_follower.py-9] [INFO] [1786821949.559867304] [velocity_path_follower]: waypoint 656 / 5251 도달 (선 이탈 0.31 m)
[velocity_path_follower.py-9] [INFO] [1786821949.909939676] [velocity_path_follower]: waypoint 657 / 5251 도달 (선 이탈 0.29 m)
[velocity_path_follower.py-9] [INFO] [1786821950.259843025] [velocity_path_follower]: waypoint 658 / 5251 도달 (선 이탈 0.26 m)
[velocity_path_follower.py-9] [INFO] [1786821950.611918828] [velocity_path_follower]: waypoint 659 / 5251 도달 (선 이탈 0.23 m)
[velocity_path_follower.py-9] [INFO] [1786821950.862221450] [velocity_path_follower]: 290.0s  wp 660/5251 이탈0.2m  위치 (  36.53,  -153.90,   8.05)
[velocity_path_follower.py-9] [INFO] [1786821950.962123354] [velocity_path_follower]: waypoint 660 / 5251 도달 (선 이탈 0.19 m)
[velocity_path_follower.py-9] [INFO] [1786821951.361905708] [velocity_path_follower]: waypoint 661 / 5251 도달 (선 이탈 0.15 m)
[velocity_path_follower.py-9] [INFO] [1786821951.712069593] [velocity_path_follower]: waypoint 662 / 5251 도달 (선 이탈 0.12 m)
[velocity_path_follower.py-9] [INFO] [1786821952.061862727] [velocity_path_follower]: waypoint 663 / 5251 도달 (선 이탈 0.08 m)
[velocity_path_follower.py-9] [INFO] [1786821952.411973554] [velocity_path_follower]: waypoint 664 / 5251 도달 (선 이탈 0.04 m)
[velocity_path_follower.py-9] [INFO] [1786821952.762102257] [velocity_path_follower]: waypoint 665 / 5251 도달 (선 이탈 0.01 m)
[velocity_path_follower.py-9] [INFO] [1786821953.112072799] [velocity_path_follower]: waypoint 666 / 5251 도달 (선 이탈 0.02 m)
[velocity_path_follower.py-9] [INFO] [1786821953.461856314] [velocity_path_follower]: waypoint 667 / 5251 도달 (선 이탈 0.06 m)
[velocity_path_follower.py-9] [INFO] [1786821953.812118753] [velocity_path_follower]: waypoint 668 / 5251 도달 (선 이탈 0.09 m)
[velocity_path_follower.py-9] [INFO] [1786821954.162155909] [velocity_path_follower]: waypoint 669 / 5251 도달 (선 이탈 0.11 m)
[velocity_path_follower.py-9] [INFO] [1786821954.511969909] [velocity_path_follower]: waypoint 670 / 5251 도달 (선 이탈 0.13 m)
[velocity_path_follower.py-9] [INFO] [1786821954.862550629] [velocity_path_follower]: waypoint 671 / 5251 도달 (선 이탈 0.15 m)
[velocity_path_follower.py-9] [INFO] [1786821955.214889225] [velocity_path_follower]: waypoint 672 / 5251 도달 (선 이탈 0.17 m)
[velocity_path_follower.py-9] [INFO] [1786821955.566871283] [velocity_path_follower]: waypoint 673 / 5251 도달 (선 이탈 0.18 m)
[velocity_path_follower.py-9] [INFO] [1786821955.866691276] [velocity_path_follower]: 295.0s  wp 674/5251 이탈0.2m  위치 (  29.45,  -154.28,  11.65)
[velocity_path_follower.py-9] [INFO] [1786821955.917057523] [velocity_path_follower]: waypoint 674 / 5251 도달 (선 이탈 0.19 m)
[velocity_path_follower.py-9] [INFO] [1786821956.266933529] [velocity_path_follower]: waypoint 675 / 5251 도달 (선 이탈 0.19 m)
[velocity_path_follower.py-9] [INFO] [1786821956.617060961] [velocity_path_follower]: waypoint 676 / 5251 도달 (선 이탈 0.19 m)
[velocity_path_follower.py-9] [INFO] [1786821956.966684886] [velocity_path_follower]: waypoint 677 / 5251 도달 (선 이탈 0.19 m)
[velocity_path_follower.py-9] [INFO] [1786821957.317021553] [velocity_path_follower]: waypoint 678 / 5251 도달 (선 이탈 0.18 m)
[velocity_path_follower.py-9] [INFO] [1786821957.669129166] [velocity_path_follower]: waypoint 679 / 5251 도달 (선 이탈 0.17 m)
[velocity_path_follower.py-9] [INFO] [1786821958.022552550] [velocity_path_follower]: waypoint 680 / 5251 도달 (선 이탈 0.16 m)
[velocity_path_follower.py-9] [INFO] [1786821958.372528365] [velocity_path_follower]: waypoint 681 / 5251 도달 (선 이탈 0.15 m)
[velocity_path_follower.py-9] [INFO] [1786821958.722523430] [velocity_path_follower]: waypoint 682 / 5251 도달 (선 이탈 0.14 m)
[velocity_path_follower.py-9] [INFO] [1786821959.072566335] [velocity_path_follower]: waypoint 683 / 5251 도달 (선 이탈 0.12 m)
[velocity_path_follower.py-9] [INFO] [1786821959.425069256] [velocity_path_follower]: waypoint 684 / 5251 도달 (선 이탈 0.10 m)
[velocity_path_follower.py-9] [INFO] [1786821959.777567177] [velocity_path_follower]: waypoint 685 / 5251 도달 (선 이탈 0.08 m)
[velocity_path_follower.py-9] [INFO] [1786821960.132901984] [velocity_path_follower]: waypoint 686 / 5251 도달 (선 이탈 0.06 m)
[velocity_path_follower.py-9] [INFO] [1786821960.482601555] [velocity_path_follower]: waypoint 687 / 5251 도달 (선 이탈 0.05 m)
[velocity_path_follower.py-9] [INFO] [1786821960.842942830] [velocity_path_follower]: waypoint 688 / 5251 도달 (선 이탈 0.03 m)
[velocity_path_follower.py-9] [INFO] [1786821960.892955716] [velocity_path_follower]: 300.0s  wp 689/5251 이탈0.0m  위치 (  22.31,  -154.12,  12.72)
[velocity_path_follower.py-9] [INFO] [1786821961.193049922] [velocity_path_follower]: waypoint 689 / 5251 도달 (선 이탈 0.01 m)
[velocity_path_follower.py-9] [INFO] [1786821961.545699855] [velocity_path_follower]: waypoint 690 / 5251 도달 (선 이탈 0.01 m)
[velocity_path_follower.py-9] [INFO] [1786821961.896161589] [velocity_path_follower]: waypoint 691 / 5251 도달 (선 이탈 0.02 m)
[velocity_path_follower.py-9] [INFO] [1786821962.249023044] [velocity_path_follower]: waypoint 692 / 5251 도달 (선 이탈 0.04 m)
[velocity_path_follower.py-9] [INFO] [1786821962.598849502] [velocity_path_follower]: waypoint 693 / 5251 도달 (선 이탈 0.05 m)
[velocity_path_follower.py-9] [INFO] [1786821962.949538098] [velocity_path_follower]: waypoint 694 / 5251 도달 (선 이탈 0.07 m)
[velocity_path_follower.py-9] [INFO] [1786821963.298881737] [velocity_path_follower]: waypoint 695 / 5251 도달 (선 이탈 0.08 m)
[velocity_path_follower.py-9] [INFO] [1786821963.648901515] [velocity_path_follower]: waypoint 696 / 5251 도달 (선 이탈 0.08 m)
[velocity_path_follower.py-9] [INFO] [1786821964.001906381] [velocity_path_follower]: waypoint 697 / 5251 도달 (선 이탈 0.09 m)
[velocity_path_follower.py-9] [INFO] [1786821964.353614420] [velocity_path_follower]: waypoint 698 / 5251 도달 (선 이탈 0.10 m)
[velocity_path_follower.py-9] [INFO] [1786821964.703879061] [velocity_path_follower]: waypoint 699 / 5251 도달 (선 이탈 0.10 m)
[velocity_path_follower.py-9] [INFO] [1786821965.053816826] [velocity_path_follower]: waypoint 700 / 5251 도달 (선 이탈 0.10 m)
[velocity_path_follower.py-9] [INFO] [1786821965.403920532] [velocity_path_follower]: waypoint 701 / 5251 도달 (선 이탈 0.10 m)
[velocity_path_follower.py-9] [INFO] [1786821965.755815766] [velocity_path_follower]: waypoint 702 / 5251 도달 (선 이탈 0.10 m)
[velocity_path_follower.py-9] [INFO] [1786821965.907559714] [velocity_path_follower]: 305.0s  wp 703/5251 이탈0.1m  위치 (  15.12,  -154.01,  10.80)
[velocity_path_follower.py-9] [INFO] [1786821966.107900843] [velocity_path_follower]: waypoint 703 / 5251 도달 (선 이탈 0.09 m)
[velocity_path_follower.py-9] [INFO] [1786821966.460347028] [velocity_path_follower]: waypoint 704 / 5251 도달 (선 이탈 0.09 m)
[velocity_path_follower.py-9] [INFO] [1786821966.812812338] [velocity_path_follower]: waypoint 705 / 5251 도달 (선 이탈 0.08 m)
[velocity_path_follower.py-9] [INFO] [1786821967.115406501] [velocity_path_follower]: waypoint 706 / 5251 도달 (선 이탈 0.07 m)
[velocity_path_follower.py-9] [INFO] [1786821967.515596129] [velocity_path_follower]: waypoint 707 / 5251 도달 (선 이탈 0.06 m)
[velocity_path_follower.py-9] [INFO] [1786821967.815546472] [velocity_path_follower]: waypoint 708 / 5251 도달 (선 이탈 0.05 m)
[velocity_path_follower.py-9] [INFO] [1786821968.217804524] [velocity_path_follower]: waypoint 709 / 5251 도달 (선 이탈 0.04 m)
[velocity_path_follower.py-9] [INFO] [1786821968.518068477] [velocity_path_follower]: waypoint 710 / 5251 도달 (선 이탈 0.04 m)
[velocity_path_follower.py-9] [INFO] [1786821968.870390419] [velocity_path_follower]: waypoint 711 / 5251 도달 (선 이탈 0.03 m)
[velocity_path_follower.py-9] [INFO] [1786821969.220110795] [velocity_path_follower]: waypoint 712 / 5251 도달 (선 이탈 0.02 m)
[velocity_path_follower.py-9] [INFO] [1786821969.570331813] [velocity_path_follower]: waypoint 713 / 5251 도달 (선 이탈 0.01 m)
[velocity_path_follower.py-9] [INFO] [1786821969.920363328] [velocity_path_follower]: waypoint 714 / 5251 도달 (선 이탈 0.00 m)
[velocity_path_follower.py-9] [INFO] [1786821970.270973497] [velocity_path_follower]: waypoint 715 / 5251 도달 (선 이탈 0.01 m)
[velocity_path_follower.py-9] [INFO] [1786821970.620665448] [velocity_path_follower]: waypoint 716 / 5251 도달 (선 이탈 0.02 m)
[velocity_path_follower.py-9] [INFO] [1786821970.920111266] [velocity_path_follower]: 310.0s  wp 717/5251 이탈0.0m  위치 (   7.93,  -154.13,  10.98)
[velocity_path_follower.py-9] [INFO] [1786821970.970226231] [velocity_path_follower]: waypoint 717 / 5251 도달 (선 이탈 0.03 m)
[velocity_path_follower.py-9] [INFO] [1786821971.322618374] [velocity_path_follower]: waypoint 718 / 5251 도달 (선 이탈 0.03 m)
[velocity_path_follower.py-9] [INFO] [1786821971.672528313] [velocity_path_follower]: waypoint 719 / 5251 도달 (선 이탈 0.04 m)
[velocity_path_follower.py-9] [INFO] [1786821972.026678697] [velocity_path_follower]: waypoint 720 / 5251 도달 (선 이탈 0.04 m)
[velocity_path_follower.py-9] [INFO] [1786821972.376897082] [velocity_path_follower]: waypoint 721 / 5251 도달 (선 이탈 0.05 m)
[velocity_path_follower.py-9] [INFO] [1786821972.676893202] [velocity_path_follower]: waypoint 722 / 5251 도달 (선 이탈 0.05 m)
[velocity_path_follower.py-9] [INFO] [1786821973.076830560] [velocity_path_follower]: waypoint 723 / 5251 도달 (선 이탈 0.05 m)
[velocity_path_follower.py-9] [INFO] [1786821973.426623339] [velocity_path_follower]: waypoint 724 / 5251 도달 (선 이탈 0.05 m)
[velocity_path_follower.py-9] [INFO] [1786821973.726809899] [velocity_path_follower]: waypoint 725 / 5251 도달 (선 이탈 0.05 m)
[velocity_path_follower.py-9] [INFO] [1786821974.126856000] [velocity_path_follower]: waypoint 726 / 5251 도달 (선 이탈 0.05 m)
[velocity_path_follower.py-9] [INFO] [1786821974.426850662] [velocity_path_follower]: waypoint 727 / 5251 도달 (선 이탈 0.05 m)
[velocity_path_follower.py-9] [INFO] [1786821974.778825335] [velocity_path_follower]: waypoint 728 / 5251 도달 (선 이탈 0.05 m)
[velocity_path_follower.py-9] [INFO] [1786821975.136513694] [velocity_path_follower]: waypoint 729 / 5251 도달 (선 이탈 0.04 m)
[velocity_path_follower.py-9] [INFO] [1786821975.486700863] [velocity_path_follower]: waypoint 730 / 5251 도달 (선 이탈 0.04 m)
[velocity_path_follower.py-9] [INFO] [1786821975.839038358] [velocity_path_follower]: waypoint 731 / 5251 도달 (선 이탈 0.04 m)
[velocity_path_follower.py-9] [INFO] [1786821975.938507897] [velocity_path_follower]: 315.0s  wp 732/5251 이탈0.0m  위치 (   0.72,  -154.13,  11.65)
[velocity_path_follower.py-9] [INFO] [1786821976.190686023] [velocity_path_follower]: waypoint 732 / 5251 도달 (선 이탈 0.03 m)
[velocity_path_follower.py-9] [INFO] [1786821976.540670422] [velocity_path_follower]: waypoint 733 / 5251 도달 (선 이탈 0.03 m)
[velocity_path_follower.py-9] [INFO] [1786821976.893908000] [velocity_path_follower]: waypoint 734 / 5251 도달 (선 이탈 0.02 m)
[velocity_path_follower.py-9] [INFO] [1786821977.243628037] [velocity_path_follower]: waypoint 735 / 5251 도달 (선 이탈 0.02 m)
[velocity_path_follower.py-9] [INFO] [1786821977.593814298] [velocity_path_follower]: waypoint 736 / 5251 도달 (선 이탈 0.01 m)
[velocity_path_follower.py-9] [INFO] [1786821977.893925693] [velocity_path_follower]: waypoint 737 / 5251 도달 (선 이탈 0.01 m)
[velocity_path_follower.py-9] [INFO] [1786821978.304052420] [velocity_path_follower]: waypoint 738 / 5251 도달 (선 이탈 0.00 m)
[velocity_path_follower.py-9] [INFO] [1786821978.654071370] [velocity_path_follower]: waypoint 739 / 5251 도달 (선 이탈 0.00 m)
[velocity_path_follower.py-9] [INFO] [1786821978.954236871] [velocity_path_follower]: waypoint 740 / 5251 도달 (선 이탈 0.01 m)
[velocity_path_follower.py-9] [INFO] [1786821979.354075086] [velocity_path_follower]: waypoint 741 / 5251 도달 (선 이탈 0.01 m)
[velocity_path_follower.py-9] [INFO] [1786821979.654187815] [velocity_path_follower]: waypoint 742 / 5251 도달 (선 이탈 0.02 m)
[velocity_path_follower.py-9] [INFO] [1786821980.007898727] [velocity_path_follower]: waypoint 743 / 5251 도달 (선 이탈 0.02 m)
[velocity_path_follower.py-9] [INFO] [1786821980.360931027] [velocity_path_follower]: waypoint 744 / 5251 도달 (선 이탈 0.02 m)
[velocity_path_follower.py-9] [INFO] [1786821980.710855358] [velocity_path_follower]: waypoint 745 / 5251 도달 (선 이탈 0.02 m)
[velocity_path_follower.py-9] [INFO] [1786821980.960661771] [velocity_path_follower]: 320.0s  wp 746/5251 이탈0.0m  위치 (  -6.49,  -154.08,   7.76)
[velocity_path_follower.py-9] [INFO] [1786821981.060690567] [velocity_path_follower]: waypoint 746 / 5251 도달 (선 이탈 0.03 m)
[velocity_path_follower.py-9] [INFO] [1786821981.412917253] [velocity_path_follower]: waypoint 747 / 5251 도달 (선 이탈 0.03 m)
[velocity_path_follower.py-9] [INFO] [1786821981.766803342] [velocity_path_follower]: waypoint 748 / 5251 도달 (선 이탈 0.03 m)
[velocity_path_follower.py-9] [INFO] [1786821982.119135455] [velocity_path_follower]: waypoint 749 / 5251 도달 (선 이탈 0.03 m)
[velocity_path_follower.py-9] [INFO] [1786821982.471086953] [velocity_path_follower]: waypoint 750 / 5251 도달 (선 이탈 0.03 m)
[velocity_path_follower.py-9] [INFO] [1786821985.885354816] [velocity_path_follower]: waypoint 751 / 5251 도달 (선 이탈 0.02 m)
[velocity_path_follower.py-9] [INFO] [1786821985.935272457] [velocity_path_follower]: waypoint 752 / 5251 도달 (선 이탈 0.02 m)
[velocity_path_follower.py-9] [INFO] [1786821985.985215391] [velocity_path_follower]: waypoint 753 / 5251 도달 (선 이탈 0.02 m)
[velocity_path_follower.py-9] [INFO] [1786821986.035301245] [velocity_path_follower]: waypoint 754 / 5251 도달 (선 이탈 0.02 m)
[velocity_path_follower.py-9] [INFO] [1786821986.085413893] [velocity_path_follower]: waypoint 755 / 5251 도달 (선 이탈 0.02 m)
[velocity_path_follower.py-9] [INFO] [1786821986.135268204] [velocity_path_follower]: waypoint 756 / 5251 도달 (선 이탈 0.02 m)
[velocity_path_follower.py-9] [INFO] [1786821986.185271766] [velocity_path_follower]: waypoint 757 / 5251 도달 (선 이탈 0.02 m)
[velocity_path_follower.py-9] [INFO] [1786821986.235258287] [velocity_path_follower]: waypoint 758 / 5251 도달 (선 이탈 0.02 m)
[velocity_path_follower.py-9] [INFO] [1786821986.285167557] [velocity_path_follower]: 325.3s  wp 759/5251 이탈0.0m  위치 ( -12.87,  -154.08,   6.67)
[velocity_path_follower.py-9] [INFO] [1786821986.635412792] [velocity_path_follower]: waypoint 759 / 5251 도달 (선 이탈 0.01 m)
[velocity_path_follower.py-9] [INFO] [1786821987.285223582] [velocity_path_follower]: waypoint 760 / 5251 도달 (선 이탈 0.01 m)
[velocity_path_follower.py-9] [INFO] [1786821987.835370813] [velocity_path_follower]: waypoint 761 / 5251 도달 (선 이탈 0.01 m)
[velocity_path_follower.py-9] [INFO] [1786821988.385498237] [velocity_path_follower]: waypoint 762 / 5251 도달 (선 이탈 0.01 m)
[velocity_path_follower.py-9] [INFO] [1786821988.885432184] [velocity_path_follower]: waypoint 763 / 5251 도달 (선 이탈 0.01 m)
[velocity_path_follower.py-9] [INFO] [1786821989.385319614] [velocity_path_follower]: waypoint 764 / 5251 도달 (선 이탈 0.00 m)
[velocity_path_follower.py-9] [INFO] [1786821989.885554309] [velocity_path_follower]: waypoint 765 / 5251 도달 (선 이탈 0.00 m)
[velocity_path_follower.py-9] [INFO] [1786821990.335250611] [velocity_path_follower]: waypoint 766 / 5251 도달 (선 이탈 0.00 m)
[velocity_path_follower.py-9] [INFO] [1786821990.785291594] [velocity_path_follower]: waypoint 767 / 5251 도달 (선 이탈 0.00 m)
[velocity_path_follower.py-9] [INFO] [1786821990.985363068] [velocity_path_follower]: 330.0s  wp 768/5251 이탈0.0m  위치 ( -17.36,  -154.10,   8.50)
[velocity_path_follower.py-9] [INFO] [1786821991.235485345] [velocity_path_follower]: waypoint 768 / 5251 도달 (선 이탈 0.00 m)
[velocity_path_follower.py-9] [INFO] [1786821991.685340689] [velocity_path_follower]: waypoint 769 / 5251 도달 (선 이탈 0.01 m)
[velocity_path_follower.py-9] [INFO] [1786821992.085272461] [velocity_path_follower]: waypoint 770 / 5251 도달 (선 이탈 0.01 m)
[velocity_path_follower.py-9] [INFO] [1786821992.485257213] [velocity_path_follower]: waypoint 771 / 5251 도달 (선 이탈 0.01 m)
[velocity_path_follower.py-9] [INFO] [1786821992.885423677] [velocity_path_follower]: waypoint 772 / 5251 도달 (선 이탈 0.01 m)
[velocity_path_follower.py-9] [INFO] [1786821993.287644113] [velocity_path_follower]: waypoint 773 / 5251 도달 (선 이탈 0.01 m)
[velocity_path_follower.py-9] [INFO] [1786821993.689627137] [velocity_path_follower]: waypoint 774 / 5251 도달 (선 이탈 0.01 m)
[velocity_path_follower.py-9] [INFO] [1786821994.089815093] [velocity_path_follower]: waypoint 775 / 5251 도달 (선 이탈 0.01 m)
[velocity_path_follower.py-9] [INFO] [1786821994.489659107] [velocity_path_follower]: waypoint 776 / 5251 도달 (선 이탈 0.01 m)
[velocity_path_follower.py-9] [INFO] [1786821994.889693040] [velocity_path_follower]: waypoint 777 / 5251 도달 (선 이탈 0.01 m)
[velocity_path_follower.py-9] [INFO] [1786821995.289600408] [velocity_path_follower]: waypoint 778 / 5251 도달 (선 이탈 0.01 m)
[velocity_path_follower.py-9] [INFO] [1786821995.639961073] [velocity_path_follower]: waypoint 779 / 5251 도달 (선 이탈 0.01 m)
[velocity_path_follower.py-9] [INFO] [1786821995.989585683] [velocity_path_follower]: 335.0s  wp 780/5251 이탈0.0m  위치 ( -23.57,  -154.11,   7.53)
[velocity_path_follower.py-9] [INFO] [1786821996.039606821] [velocity_path_follower]: waypoint 780 / 5251 도달 (선 이탈 0.01 m)
[velocity_path_follower.py-9] [INFO] [1786821996.389666588] [velocity_path_follower]: waypoint 781 / 5251 도달 (선 이탈 0.01 m)
[velocity_path_follower.py-9] [INFO] [1786821996.789659659] [velocity_path_follower]: waypoint 782 / 5251 도달 (선 이탈 0.01 m)
[velocity_path_follower.py-9] [INFO] [1786821997.140068733] [velocity_path_follower]: waypoint 783 / 5251 도달 (선 이탈 0.00 m)
[velocity_path_follower.py-9] [INFO] [1786821997.539697659] [velocity_path_follower]: waypoint 784 / 5251 도달 (선 이탈 0.00 m)
[velocity_path_follower.py-9] [INFO] [1786821997.889695866] [velocity_path_follower]: waypoint 785 / 5251 도달 (선 이탈 0.00 m)
[velocity_path_follower.py-9] [INFO] [1786821998.289918488] [velocity_path_follower]: waypoint 786 / 5251 도달 (선 이탈 0.00 m)
[velocity_path_follower.py-9] [INFO] [1786821998.639669798] [velocity_path_follower]: waypoint 787 / 5251 도달 (선 이탈 0.00 m)
[velocity_path_follower.py-9] [INFO] [1786821998.989915991] [velocity_path_follower]: waypoint 788 / 5251 도달 (선 이탈 0.00 m)
[velocity_path_follower.py-9] [INFO] [1786821999.389951853] [velocity_path_follower]: waypoint 789 / 5251 도달 (선 이탈 0.00 m)
[velocity_path_follower.py-9] [INFO] [1786821999.739809896] [velocity_path_follower]: waypoint 790 / 5251 도달 (선 이탈 0.00 m)
[velocity_path_follower.py-9] [INFO] [1786822000.089879283] [velocity_path_follower]: waypoint 791 / 5251 도달 (선 이탈 0.00 m)
[velocity_path_follower.py-9] [INFO] [1786822000.439651016] [velocity_path_follower]: waypoint 792 / 5251 도달 (선 이탈 0.00 m)
[velocity_path_follower.py-9] [INFO] [1786822000.789802130] [velocity_path_follower]: waypoint 793 / 5251 도달 (선 이탈 0.00 m)
[velocity_path_follower.py-9] [INFO] [1786822000.989813367] [velocity_path_follower]: 340.0s  wp 794/5251 이탈0.0m  위치 ( -30.40,  -154.10,   7.00)
[velocity_path_follower.py-9] [INFO] [1786822001.189846200] [velocity_path_follower]: waypoint 794 / 5251 도달 (선 이탈 0.00 m)
[velocity_path_follower.py-9] [INFO] [1786822001.539676749] [velocity_path_follower]: waypoint 795 / 5251 도달 (선 이탈 0.00 m)
[velocity_path_follower.py-9] [INFO] [1786822001.889666426] [velocity_path_follower]: waypoint 796 / 5251 도달 (선 이탈 0.00 m)
[velocity_path_follower.py-9] [INFO] [1786822002.239793288] [velocity_path_follower]: waypoint 797 / 5251 도달 (선 이탈 0.00 m)
[velocity_path_follower.py-9] [INFO] [1786822002.589884741] [velocity_path_follower]: waypoint 798 / 5251 도달 (선 이탈 0.00 m)
[velocity_path_follower.py-9] [INFO] [1786822002.939916859] [velocity_path_follower]: waypoint 799 / 5251 도달 (선 이탈 0.00 m)
[velocity_path_follower.py-9] [INFO] [1786822003.289845329] [velocity_path_follower]: waypoint 800 / 5251 도달 (선 이탈 0.00 m)
[velocity_path_follower.py-9] [INFO] [1786822003.639910346] [velocity_path_follower]: waypoint 801 / 5251 도달 (선 이탈 0.00 m)
[velocity_path_follower.py-9] [INFO] [1786822003.989823403] [velocity_path_follower]: waypoint 802 / 5251 도달 (선 이탈 0.00 m)
[velocity_path_follower.py-9] [INFO] [1786822004.339664564] [velocity_path_follower]: waypoint 803 / 5251 도달 (선 이탈 0.00 m)
[velocity_path_follower.py-9] [INFO] [1786822004.689660479] [velocity_path_follower]: waypoint 804 / 5251 도달 (선 이탈 0.00 m)
[velocity_path_follower.py-9] [INFO] [1786822005.089775527] [velocity_path_follower]: waypoint 805 / 5251 도달 (선 이탈 0.00 m)
[velocity_path_follower.py-9] [INFO] [1786822005.389809922] [velocity_path_follower]: waypoint 806 / 5251 도달 (선 이탈 0.00 m)
[velocity_path_follower.py-9] [INFO] [1786822005.789662987] [velocity_path_follower]: waypoint 807 / 5251 도달 (선 이탈 0.00 m)
[velocity_path_follower.py-9] [INFO] [1786822005.989613832] [velocity_path_follower]: 345.0s  wp 808/5251 이탈1.1m  위치 ( -37.46,  -154.10,   7.80)
[velocity_path_follower.py-9] [INFO] [1786822010.889840537] [velocity_path_follower]: waypoint 808 / 5251 도달 (선 이탈 2.91 m)
[velocity_path_follower.py-9] [INFO] [1786822010.989696282] [velocity_path_follower]: 350.0s  wp 810/5251 이탈1.4m  위치 ( -41.52,  -151.48,   7.55)
[velocity_path_follower.py-9] [INFO] [1786822015.792928194] [velocity_path_follower]: waypoint 810 / 5251 도달 (선 이탈 1.40 m)
[velocity_path_follower.py-9] [INFO] [1786822015.992554417] [velocity_path_follower]: 355.0s  wp 811/5251 이탈1.4m  위치 ( -39.41,  -148.67,   7.07)
[velocity_path_follower.py-9] [INFO] [1786822016.392674072] [velocity_path_follower]: waypoint 811 / 5251 도달 (선 이탈 1.47 m)
[velocity_path_follower.py-9] [INFO] [1786822016.992837471] [velocity_path_follower]: waypoint 812 / 5251 도달 (선 이탈 1.47 m)
[velocity_path_follower.py-9] [INFO] [1786822017.593004243] [velocity_path_follower]: waypoint 813 / 5251 도달 (선 이탈 1.42 m)
[velocity_path_follower.py-9] [INFO] [1786822018.192956482] [velocity_path_follower]: waypoint 814 / 5251 도달 (선 이탈 1.32 m)
[velocity_path_follower.py-9] [INFO] [1786822018.692796778] [velocity_path_follower]: waypoint 815 / 5251 도달 (선 이탈 1.20 m)
[velocity_path_follower.py-9] [INFO] [1786822019.243196856] [velocity_path_follower]: waypoint 816 / 5251 도달 (선 이탈 1.04 m)
[velocity_path_follower.py-9] [INFO] [1786822019.792902232] [velocity_path_follower]: waypoint 817 / 5251 도달 (선 이탈 0.85 m)
[velocity_path_follower.py-9] [INFO] [1786822020.292902666] [velocity_path_follower]: waypoint 818 / 5251 도달 (선 이탈 0.67 m)
[velocity_path_follower.py-9] [INFO] [1786822020.744916559] [velocity_path_follower]: waypoint 819 / 5251 도달 (선 이탈 0.50 m)
[velocity_path_follower.py-9] [INFO] [1786822020.994538109] [velocity_path_follower]: 360.0s  wp 820/5251 이탈0.4m  위치 ( -34.81,  -149.70,   7.33)
[velocity_path_follower.py-9] [INFO] [1786822021.244701269] [velocity_path_follower]: waypoint 820 / 5251 도달 (선 이탈 0.31 m)
[velocity_path_follower.py-9] [INFO] [1786822021.694834613] [velocity_path_follower]: waypoint 821 / 5251 도달 (선 이탈 0.13 m)
[velocity_path_follower.py-9] [INFO] [1786822022.147695727] [velocity_path_follower]: waypoint 822 / 5251 도달 (선 이탈 0.03 m)
[velocity_path_follower.py-9] [INFO] [1786822022.598077356] [velocity_path_follower]: waypoint 823 / 5251 도달 (선 이탈 0.18 m)
[velocity_path_follower.py-9] [INFO] [1786822022.997693617] [velocity_path_follower]: waypoint 824 / 5251 도달 (선 이탈 0.30 m)
[velocity_path_follower.py-9] [INFO] [1786822023.397830207] [velocity_path_follower]: waypoint 825 / 5251 도달 (선 이탈 0.41 m)
[velocity_path_follower.py-9] [INFO] [1786822023.847828065] [velocity_path_follower]: waypoint 826 / 5251 도달 (선 이탈 0.51 m)
[velocity_path_follower.py-9] [INFO] [1786822024.248204092] [velocity_path_follower]: waypoint 827 / 5251 도달 (선 이탈 0.59 m)
[velocity_path_follower.py-9] [INFO] [1786822024.648121329] [velocity_path_follower]: waypoint 828 / 5251 도달 (선 이탈 0.64 m)
[velocity_path_follower.py-9] [INFO] [1786822025.047964484] [velocity_path_follower]: waypoint 829 / 5251 도달 (선 이탈 0.68 m)
[velocity_path_follower.py-9] [INFO] [1786822025.447845662] [velocity_path_follower]: waypoint 830 / 5251 도달 (선 이탈 0.70 m)
[velocity_path_follower.py-9] [INFO] [1786822025.847640339] [velocity_path_follower]: waypoint 831 / 5251 도달 (선 이탈 0.71 m)
[velocity_path_follower.py-9] [INFO] [1786822025.997599880] [velocity_path_follower]: 365.0s  wp 832/5251 이탈0.7m  위치 ( -28.88,  -150.81,   7.38)
[velocity_path_follower.py-9] [INFO] [1786822026.247695954] [velocity_path_follower]: waypoint 832 / 5251 도달 (선 이탈 0.70 m)
[velocity_path_follower.py-9] [INFO] [1786822026.647924790] [velocity_path_follower]: waypoint 833 / 5251 도달 (선 이탈 0.68 m)
[velocity_path_follower.py-9] [INFO] [1786822027.047755747] [velocity_path_follower]: waypoint 834 / 5251 도달 (선 이탈 0.64 m)
[velocity_path_follower.py-9] [INFO] [1786822027.450207528] [velocity_path_follower]: waypoint 835 / 5251 도달 (선 이탈 0.60 m)
[velocity_path_follower.py-9] [INFO] [1786822027.800102600] [velocity_path_follower]: waypoint 836 / 5251 도달 (선 이탈 0.55 m)
[velocity_path_follower.py-9] [INFO] [1786822028.202646604] [velocity_path_follower]: waypoint 837 / 5251 도달 (선 이탈 0.48 m)
[velocity_path_follower.py-9] [INFO] [1786822028.602649905] [velocity_path_follower]: waypoint 838 / 5251 도달 (선 이탈 0.41 m)
[velocity_path_follower.py-9] [INFO] [1786822029.002545620] [velocity_path_follower]: waypoint 839 / 5251 도달 (선 이탈 0.33 m)
[velocity_path_follower.py-9] [INFO] [1786822029.352565072] [velocity_path_follower]: waypoint 840 / 5251 도달 (선 이탈 0.27 m)
[velocity_path_follower.py-9] [INFO] [1786822029.704958572] [velocity_path_follower]: waypoint 841 / 5251 도달 (선 이탈 0.20 m)
[velocity_path_follower.py-9] [INFO] [1786822030.104987072] [velocity_path_follower]: waypoint 842 / 5251 도달 (선 이탈 0.12 m)
[velocity_path_follower.py-9] [INFO] [1786822030.507669103] [velocity_path_follower]: waypoint 843 / 5251 도달 (선 이탈 0.04 m)
[velocity_path_follower.py-9] [INFO] [1786822030.857683120] [velocity_path_follower]: waypoint 844 / 5251 도달 (선 이탈 0.03 m)
[velocity_path_follower.py-9] [INFO] [1786822031.007574292] [velocity_path_follower]: 370.0s  wp 845/5251 이탈0.1m  위치 ( -22.36,  -150.05,   7.14)
[velocity_path_follower.py-9] [INFO] [1786822031.207660149] [velocity_path_follower]: waypoint 845 / 5251 도달 (선 이탈 0.09 m)
[velocity_path_follower.py-9] [INFO] [1786822031.607810654] [velocity_path_follower]: waypoint 846 / 5251 도달 (선 이탈 0.15 m)
[velocity_path_follower.py-9] [INFO] [1786822031.957640565] [velocity_path_follower]: waypoint 847 / 5251 도달 (선 이탈 0.20 m)
[velocity_path_follower.py-9] [INFO] [1786822032.309692165] [velocity_path_follower]: waypoint 848 / 5251 도달 (선 이탈 0.24 m)
[velocity_path_follower.py-9] [INFO] [1786822032.709839863] [velocity_path_follower]: waypoint 849 / 5251 도달 (선 이탈 0.29 m)
[velocity_path_follower.py-9] [INFO] [1786822033.059852053] [velocity_path_follower]: waypoint 850 / 5251 도달 (선 이탈 0.32 m)
[velocity_path_follower.py-9] [INFO] [1786822033.411967596] [velocity_path_follower]: waypoint 851 / 5251 도달 (선 이탈 0.34 m)
[velocity_path_follower.py-9] [INFO] [1786822033.811657436] [velocity_path_follower]: waypoint 852 / 5251 도달 (선 이탈 0.36 m)
[velocity_path_follower.py-9] [INFO] [1786822034.162100997] [velocity_path_follower]: waypoint 853 / 5251 도달 (선 이탈 0.36 m)
[velocity_path_follower.py-9] [INFO] [1786822034.511812347] [velocity_path_follower]: waypoint 854 / 5251 도달 (선 이탈 0.36 m)
[velocity_path_follower.py-9] [INFO] [1786822034.861698326] [velocity_path_follower]: waypoint 855 / 5251 도달 (선 이탈 0.36 m)
[velocity_path_follower.py-9] [INFO] [1786822035.211840615] [velocity_path_follower]: waypoint 856 / 5251 도달 (선 이탈 0.35 m)
[velocity_path_follower.py-9] [INFO] [1786822035.612011099] [velocity_path_follower]: waypoint 857 / 5251 도달 (선 이탈 0.33 m)
[velocity_path_follower.py-9] [INFO] [1786822035.961817223] [velocity_path_follower]: waypoint 858 / 5251 도달 (선 이탈 0.31 m)
[velocity_path_follower.py-9] [INFO] [1786822036.011637947] [velocity_path_follower]: 375.0s  wp 859/5251 이탈0.3m  위치 ( -15.47,  -149.79,   7.20)
[velocity_path_follower.py-9] [INFO] [1786822036.313920164] [velocity_path_follower]: waypoint 859 / 5251 도달 (선 이탈 0.28 m)
[velocity_path_follower.py-9] [INFO] [1786822036.663690727] [velocity_path_follower]: waypoint 860 / 5251 도달 (선 이탈 0.26 m)
[velocity_path_follower.py-9] [INFO] [1786822037.013763797] [velocity_path_follower]: waypoint 861 / 5251 도달 (선 이탈 0.22 m)
[velocity_path_follower.py-9] [INFO] [1786822037.363761928] [velocity_path_follower]: waypoint 862 / 5251 도달 (선 이탈 0.19 m)
[velocity_path_follower.py-9] [INFO] [1786822037.713635390] [velocity_path_follower]: waypoint 863 / 5251 도달 (선 이탈 0.15 m)
[velocity_path_follower.py-9] [INFO] [1786822038.114019186] [velocity_path_follower]: waypoint 864 / 5251 도달 (선 이탈 0.11 m)
[velocity_path_follower.py-9] [INFO] [1786822038.463754292] [velocity_path_follower]: waypoint 865 / 5251 도달 (선 이탈 0.08 m)
[velocity_path_follower.py-9] [INFO] [1786822038.813766363] [velocity_path_follower]: waypoint 866 / 5251 도달 (선 이탈 0.04 m)
[velocity_path_follower.py-9] [INFO] [1786822039.163650816] [velocity_path_follower]: waypoint 867 / 5251 도달 (선 이탈 0.01 m)
[velocity_path_follower.py-9] [INFO] [1786822039.515923663] [velocity_path_follower]: waypoint 868 / 5251 도달 (선 이탈 0.03 m)
[velocity_path_follower.py-9] [INFO] [1786822039.866036591] [velocity_path_follower]: waypoint 869 / 5251 도달 (선 이탈 0.06 m)
[velocity_path_follower.py-9] [INFO] [1786822040.215836651] [velocity_path_follower]: waypoint 870 / 5251 도달 (선 이탈 0.09 m)
[velocity_path_follower.py-9] [INFO] [1786822040.566108022] [velocity_path_follower]: waypoint 871 / 5251 도달 (선 이탈 0.11 m)
[ros2-8] [INFO] [1786822040.705314151] [rosbag2_cpp]: Writing remaining messages from cache to the bag. It may take a while
[velocity_path_follower.py-9] [INFO] [1786822040.918188971] [velocity_path_follower]: waypoint 872 / 5251 도달 (선 이탈 0.13 m)
[velocity_path_follower.py-9] [INFO] [1786822041.017958452] [velocity_path_follower]: 380.0s  wp 873/5251 이탈0.1m  위치 (  -8.42,  -150.24,   7.43)
[velocity_path_follower.py-9] [INFO] [1786822041.267912346] [velocity_path_follower]: waypoint 873 / 5251 도달 (선 이탈 0.15 m)
[velocity_path_follower.py-9] [INFO] [1786822041.620660498] [velocity_path_follower]: waypoint 874 / 5251 도달 (선 이탈 0.17 m)
[velocity_path_follower.py-9] [INFO] [1786822041.970542674] [velocity_path_follower]: waypoint 875 / 5251 도달 (선 이탈 0.18 m)
[velocity_path_follower.py-9] [INFO] [1786822042.323383723] [velocity_path_follower]: waypoint 876 / 5251 도달 (선 이탈 0.19 m)
[velocity_path_follower.py-9] [INFO] [1786822042.673291046] [velocity_path_follower]: waypoint 877 / 5251 도달 (선 이탈 0.19 m)
[velocity_path_follower.py-9] [INFO] [1786822043.025433501] [velocity_path_follower]: waypoint 878 / 5251 도달 (선 이탈 0.19 m)
[velocity_path_follower.py-9] [INFO] [1786822043.378290200] [velocity_path_follower]: waypoint 879 / 5251 도달 (선 이탈 0.19 m)
[velocity_path_follower.py-9] [INFO] [1786822043.732872518] [velocity_path_follower]: waypoint 880 / 5251 도달 (선 이탈 0.18 m)
[velocity_path_follower.py-9] [INFO] [1786822044.082871370] [velocity_path_follower]: waypoint 881 / 5251 도달 (선 이탈 0.17 m)
[velocity_path_follower.py-9] [INFO] [1786822044.432892614] [velocity_path_follower]: waypoint 882 / 5251 도달 (선 이탈 0.16 m)
[velocity_path_follower.py-9] [INFO] [1786822044.782659062] [velocity_path_follower]: waypoint 883 / 5251 도달 (선 이탈 0.15 m)
[velocity_path_follower.py-9] [INFO] [1786822045.136553188] [velocity_path_follower]: waypoint 884 / 5251 도달 (선 이탈 0.13 m)
[velocity_path_follower.py-9] [INFO] [1786822045.491503558] [velocity_path_follower]: waypoint 885 / 5251 도달 (선 이탈 0.12 m)
[velocity_path_follower.py-9] [INFO] [1786822045.851197236] [velocity_path_follower]: waypoint 886 / 5251 도달 (선 이탈 0.10 m)
[velocity_path_follower.py-9] [INFO] [1786822046.055743826] [velocity_path_follower]: 385.0s  wp 887/5251 이탈0.1m  위치 (  -1.29,  -150.19,   7.67)
[velocity_path_follower.py-9] [INFO] [1786822046.206004866] [velocity_path_follower]: waypoint 887 / 5251 도달 (선 이탈 0.08 m)
[velocity_path_follower.py-9] [INFO] [1786822046.555879484] [velocity_path_follower]: waypoint 888 / 5251 도달 (선 이탈 0.06 m)
[velocity_path_follower.py-9] [INFO] [1786822046.908050943] [velocity_path_follower]: waypoint 889 / 5251 도달 (선 이탈 0.04 m)
[velocity_path_follower.py-9] [INFO] [1786822047.257916369] [velocity_path_follower]: waypoint 890 / 5251 도달 (선 이탈 0.02 m)
[velocity_path_follower.py-9] [INFO] [1786822047.608217769] [velocity_path_follower]: waypoint 891 / 5251 도달 (선 이탈 0.00 m)
[velocity_path_follower.py-9] [INFO] [1786822047.960928719] [velocity_path_follower]: waypoint 892 / 5251 도달 (선 이탈 0.01 m)
[velocity_path_follower.py-9] [INFO] [1786822048.312931174] [velocity_path_follower]: waypoint 893 / 5251 도달 (선 이탈 0.03 m)
[velocity_path_follower.py-9] [INFO] [1786822048.662687625] [velocity_path_follower]: waypoint 894 / 5251 도달 (선 이탈 0.05 m)
[velocity_path_follower.py-9] [INFO] [1786822049.012813585] [velocity_path_follower]: waypoint 895 / 5251 도달 (선 이탈 0.06 m)
[velocity_path_follower.py-9] [INFO] [1786822049.372700940] [velocity_path_follower]: waypoint 896 / 5251 도달 (선 이탈 0.07 m)
[velocity_path_follower.py-9] [INFO] [1786822049.726843132] [velocity_path_follower]: waypoint 897 / 5251 도달 (선 이탈 0.08 m)
[velocity_path_follower.py-9] [INFO] [1786822050.076827739] [velocity_path_follower]: waypoint 898 / 5251 도달 (선 이탈 0.09 m)
[velocity_path_follower.py-9] [INFO] [1786822050.426843073] [velocity_path_follower]: waypoint 899 / 5251 도달 (선 이탈 0.09 m)
[velocity_path_follower.py-9] [INFO] [1786822050.777126829] [velocity_path_follower]: waypoint 900 / 5251 도달 (선 이탈 0.10 m)
[velocity_path_follower.py-9] [INFO] [1786822051.076623216] [velocity_path_follower]: 390.0s  wp 901/5251 이탈0.1m  위치 (   5.89,  -150.00,  11.24)
[velocity_path_follower.py-9] [INFO] [1786822051.126668535] [velocity_path_follower]: waypoint 901 / 5251 도달 (선 이탈 0.10 m)
[velocity_path_follower.py-9] [INFO] [1786822051.476795851] [velocity_path_follower]: waypoint 902 / 5251 도달 (선 이탈 0.10 m)
[velocity_path_follower.py-9] [INFO] [1786822051.828679455] [velocity_path_follower]: waypoint 903 / 5251 도달 (선 이탈 0.10 m)
[velocity_path_follower.py-9] [INFO] [1786822052.179320376] [velocity_path_follower]: waypoint 904 / 5251 도달 (선 이탈 0.09 m)
[velocity_path_follower.py-9] [INFO] [1786822052.478976299] [velocity_path_follower]: waypoint 905 / 5251 도달 (선 이탈 0.09 m)
[velocity_path_follower.py-9] [INFO] [1786822052.829081428] [velocity_path_follower]: waypoint 906 / 5251 도달 (선 이탈 0.08 m)
[velocity_path_follower.py-9] [INFO] [1786822053.178818685] [velocity_path_follower]: waypoint 907 / 5251 도달 (선 이탈 0.08 m)
[velocity_path_follower.py-9] [INFO] [1786822053.528755415] [velocity_path_follower]: waypoint 908 / 5251 도달 (선 이탈 0.07 m)
[velocity_path_follower.py-9] [INFO] [1786822053.878805606] [velocity_path_follower]: waypoint 909 / 5251 도달 (선 이탈 0.06 m)
[velocity_path_follower.py-9] [INFO] [1786822054.228974063] [velocity_path_follower]: waypoint 910 / 5251 도달 (선 이탈 0.05 m)
[velocity_path_follower.py-9] [INFO] [1786822054.581586164] [velocity_path_follower]: waypoint 911 / 5251 도달 (선 이탈 0.04 m)
[velocity_path_follower.py-9] [INFO] [1786822054.931665877] [velocity_path_follower]: waypoint 912 / 5251 도달 (선 이탈 0.03 m)
[velocity_path_follower.py-9] [INFO] [1786822055.283806902] [velocity_path_follower]: waypoint 913 / 5251 도달 (선 이탈 0.02 m)
[velocity_path_follower.py-9] [INFO] [1786822055.636616779] [velocity_path_follower]: waypoint 914 / 5251 도달 (선 이탈 0.01 m)
[velocity_path_follower.py-9] [INFO] [1786822055.986516718] [velocity_path_follower]: waypoint 915 / 5251 도달 (선 이탈 0.00 m)
[velocity_path_follower.py-9] [INFO] [1786822056.086177836] [velocity_path_follower]: 395.0s  wp 916/5251 이탈0.0m  위치 (  13.09,  -150.10,  12.95)
[velocity_path_follower.py-9] [INFO] [1786822056.336071212] [velocity_path_follower]: waypoint 916 / 5251 도달 (선 이탈 0.00 m)
[velocity_path_follower.py-9] [INFO] [1786822056.686304180] [velocity_path_follower]: waypoint 917 / 5251 도달 (선 이탈 0.01 m)
[velocity_path_follower.py-9] [INFO] [1786822057.038993994] [velocity_path_follower]: waypoint 918 / 5251 도달 (선 이탈 0.02 m)
[velocity_path_follower.py-9] [INFO] [1786822057.388995770] [velocity_path_follower]: waypoint 919 / 5251 도달 (선 이탈 0.03 m)
[velocity_path_follower.py-9] [INFO] [1786822057.739063214] [velocity_path_follower]: waypoint 920 / 5251 도달 (선 이탈 0.03 m)
[velocity_path_follower.py-9] [INFO] [1786822058.038949152] [velocity_path_follower]: waypoint 921 / 5251 도달 (선 이탈 0.04 m)
[velocity_path_follower.py-9] [INFO] [1786822058.388908865] [velocity_path_follower]: waypoint 922 / 5251 도달 (선 이탈 0.04 m)
[velocity_path_follower.py-9] [INFO] [1786822058.738992456] [velocity_path_follower]: waypoint 923 / 5251 도달 (선 이탈 0.05 m)
[velocity_path_follower.py-9] [INFO] [1786822059.088912756] [velocity_path_follower]: waypoint 924 / 5251 도달 (선 이탈 0.05 m)
[velocity_path_follower.py-9] [INFO] [1786822059.491037839] [velocity_path_follower]: waypoint 925 / 5251 도달 (선 이탈 0.05 m)
[velocity_path_follower.py-9] [INFO] [1786822059.791210152] [velocity_path_follower]: waypoint 926 / 5251 도달 (선 이탈 0.05 m)
[velocity_path_follower.py-9] [INFO] [1786822060.141136102] [velocity_path_follower]: waypoint 927 / 5251 도달 (선 이탈 0.05 m)
[velocity_path_follower.py-9] [INFO] [1786822060.491178109] [velocity_path_follower]: waypoint 928 / 5251 도달 (선 이탈 0.05 m)
[velocity_path_follower.py-9] [INFO] [1786822060.841026279] [velocity_path_follower]: waypoint 929 / 5251 도달 (선 이탈 0.05 m)
[velocity_path_follower.py-9] [INFO] [1786822061.090976014] [velocity_path_follower]: 400.0s  wp 930/5251 이탈0.0m  위치 (  20.29,  -150.15,  10.90)
[velocity_path_follower.py-9] [INFO] [1786822061.191120132] [velocity_path_follower]: waypoint 930 / 5251 도달 (선 이탈 0.04 m)
[velocity_path_follower.py-9] [INFO] [1786822061.541115201] [velocity_path_follower]: waypoint 931 / 5251 도달 (선 이탈 0.04 m)
[velocity_path_follower.py-9] [INFO] [1786822061.891206189] [velocity_path_follower]: waypoint 932 / 5251 도달 (선 이탈 0.04 m)
[velocity_path_follower.py-9] [INFO] [1786822062.241060103] [velocity_path_follower]: waypoint 933 / 5251 도달 (선 이탈 0.03 m)
[velocity_path_follower.py-9] [INFO] [1786822062.591121611] [velocity_path_follower]: waypoint 934 / 5251 도달 (선 이탈 0.03 m)
[velocity_path_follower.py-9] [INFO] [1786822062.941126285] [velocity_path_follower]: waypoint 935 / 5251 도달 (선 이탈 0.02 m)
[velocity_path_follower.py-9] [INFO] [1786822063.291084767] [velocity_path_follower]: waypoint 936 / 5251 도달 (선 이탈 0.02 m)
[velocity_path_follower.py-9] [INFO] [1786822063.641158797] [velocity_path_follower]: waypoint 937 / 5251 도달 (선 이탈 0.01 m)
[velocity_path_follower.py-9] [INFO] [1786822063.991051364] [velocity_path_follower]: waypoint 938 / 5251 도달 (선 이탈 0.01 m)
[velocity_path_follower.py-9] [INFO] [1786822064.291080097] [velocity_path_follower]: waypoint 939 / 5251 도달 (선 이탈 0.00 m)
[velocity_path_follower.py-9] [INFO] [1786822064.693819315] [velocity_path_follower]: waypoint 940 / 5251 도달 (선 이탈 0.00 m)
[velocity_path_follower.py-9] [INFO] [1786822064.995805759] [velocity_path_follower]: waypoint 941 / 5251 도달 (선 이탈 0.01 m)
[velocity_path_follower.py-9] [INFO] [1786822065.348282842] [velocity_path_follower]: waypoint 942 / 5251 도달 (선 이탈 0.01 m)
[velocity_path_follower.py-9] [INFO] [1786822065.698357914] [velocity_path_follower]: waypoint 943 / 5251 도달 (선 이탈 0.01 m)
[velocity_path_follower.py-9] [INFO] [1786822066.048455615] [velocity_path_follower]: waypoint 944 / 5251 도달 (선 이탈 0.02 m)
[velocity_path_follower.py-9] [INFO] [1786822066.098388519] [velocity_path_follower]: 405.0s  wp 945/5251 이탈0.0m  위치 (  27.50,  -150.08,  10.68)
[velocity_path_follower.py-9] [INFO] [1786822066.404120249] [velocity_path_follower]: waypoint 945 / 5251 도달 (선 이탈 0.02 m)
[velocity_path_follower.py-9] [INFO] [1786822066.756672647] [velocity_path_follower]: waypoint 946 / 5251 도달 (선 이탈 0.02 m)
[velocity_path_follower.py-9] [INFO] [1786822067.106878416] [velocity_path_follower]: waypoint 947 / 5251 도달 (선 이탈 0.03 m)
[velocity_path_follower.py-9] [INFO] [1786822067.456672066] [velocity_path_follower]: waypoint 948 / 5251 도달 (선 이탈 0.03 m)
[velocity_path_follower.py-9] [INFO] [1786822067.808913770] [velocity_path_follower]: waypoint 949 / 5251 도달 (선 이탈 0.03 m)
[velocity_path_follower.py-9] [INFO] [1786822068.158974060] [velocity_path_follower]: waypoint 950 / 5251 도달 (선 이탈 0.03 m)
[velocity_path_follower.py-9] [INFO] [1786822068.511544292] [velocity_path_follower]: waypoint 951 / 5251 도달 (선 이탈 0.03 m)
[velocity_path_follower.py-9] [INFO] [1786822068.861533342] [velocity_path_follower]: waypoint 952 / 5251 도달 (선 이탈 0.03 m)
[velocity_path_follower.py-9] [INFO] [1786822069.211512821] [velocity_path_follower]: waypoint 953 / 5251 도달 (선 이탈 0.03 m)
[velocity_path_follower.py-9] [INFO] [1786822069.513910489] [velocity_path_follower]: waypoint 954 / 5251 도달 (선 이탈 0.03 m)
[velocity_path_follower.py-9] [INFO] [1786822069.913571425] [velocity_path_follower]: waypoint 955 / 5251 도달 (선 이탈 0.02 m)
[velocity_path_follower.py-9] [INFO] [1786822070.213617303] [velocity_path_follower]: waypoint 956 / 5251 도달 (선 이탈 0.02 m)
[velocity_path_follower.py-9] [INFO] [1786822070.563640271] [velocity_path_follower]: waypoint 957 / 5251 도달 (선 이탈 0.02 m)
[velocity_path_follower.py-9] [INFO] [1786822070.913927744] [velocity_path_follower]: waypoint 958 / 5251 도달 (선 이탈 0.02 m)
[velocity_path_follower.py-9] [INFO] [1786822071.113532122] [velocity_path_follower]: 410.0s  wp 959/5251 이탈0.0m  위치 (  34.71,  -150.08,   8.75)
[velocity_path_follower.py-9] [INFO] [1786822071.264280193] [velocity_path_follower]: waypoint 959 / 5251 도달 (선 이탈 0.01 m)
[velocity_path_follower.py-9] [INFO] [1786822071.615965760] [velocity_path_follower]: waypoint 960 / 5251 도달 (선 이탈 0.01 m)
[velocity_path_follower.py-9] [INFO] [1786822071.965673949] [velocity_path_follower]: waypoint 961 / 5251 도달 (선 이탈 0.01 m)
[velocity_path_follower.py-9] [INFO] [1786822072.315684289] [velocity_path_follower]: waypoint 962 / 5251 도달 (선 이탈 0.01 m)
[velocity_path_follower.py-9] [INFO] [1786822072.666053972] [velocity_path_follower]: waypoint 963 / 5251 도달 (선 이탈 0.00 m)
[velocity_path_follower.py-9] [INFO] [1786822073.015930812] [velocity_path_follower]: waypoint 964 / 5251 도달 (선 이탈 0.00 m)
[velocity_path_follower.py-9] [INFO] [1786822073.365932925] [velocity_path_follower]: waypoint 965 / 5251 도달 (선 이탈 0.00 m)
[velocity_path_follower.py-9] [INFO] [1786822073.666109281] [velocity_path_follower]: waypoint 966 / 5251 도달 (선 이탈 0.00 m)
[velocity_path_follower.py-9] [INFO] [1786822074.070934559] [velocity_path_follower]: waypoint 967 / 5251 도달 (선 이탈 0.01 m)
[velocity_path_follower.py-9] [INFO] [1786822074.422929029] [velocity_path_follower]: waypoint 968 / 5251 도달 (선 이탈 0.01 m)
[velocity_path_follower.py-9] [INFO] [1786822074.722849231] [velocity_path_follower]: waypoint 969 / 5251 도달 (선 이탈 0.01 m)
[velocity_path_follower.py-9] [INFO] [1786822075.073373797] [velocity_path_follower]: waypoint 970 / 5251 도달 (선 이탈 0.01 m)
[velocity_path_follower.py-9] [INFO] [1786822075.422925274] [velocity_path_follower]: waypoint 971 / 5251 도달 (선 이탈 0.01 m)
[velocity_path_follower.py-9] [INFO] [1786822075.772676047] [velocity_path_follower]: waypoint 972 / 5251 도달 (선 이탈 0.01 m)
[velocity_path_follower.py-9] [INFO] [1786822076.125407478] [velocity_path_follower]: waypoint 973 / 5251 도달 (선 이탈 0.01 m)
[velocity_path_follower.py-9] [INFO] [1786822076.175139491] [velocity_path_follower]: 415.1s  wp 974/5251 이탈0.0m  위치 (  42.01,  -150.11,   8.44)
[velocity_path_follower.py-9] [INFO] [1786822076.477947461] [velocity_path_follower]: waypoint 974 / 5251 도달 (선 이탈 0.01 m)
[velocity_path_follower.py-9] [INFO] [1786822076.828147057] [velocity_path_follower]: waypoint 975 / 5251 도달 (선 이탈 0.01 m)
[velocity_path_follower.py-9] [INFO] [1786822077.177851651] [velocity_path_follower]: waypoint 976 / 5251 도달 (선 이탈 0.01 m)
[velocity_path_follower.py-9] [INFO] [1786822077.528092602] [velocity_path_follower]: waypoint 977 / 5251 도달 (선 이탈 0.01 m)
[velocity_path_follower.py-9] [INFO] [1786822077.877700954] [velocity_path_follower]: waypoint 978 / 5251 도달 (선 이탈 0.01 m)
[velocity_path_follower.py-9] [INFO] [1786822078.227649328] [velocity_path_follower]: waypoint 979 / 5251 도달 (선 이탈 0.01 m)
[velocity_path_follower.py-9] [INFO] [1786822078.578035344] [velocity_path_follower]: waypoint 980 / 5251 도달 (선 이탈 0.01 m)
[velocity_path_follower.py-9] [INFO] [1786822078.929663014] [velocity_path_follower]: waypoint 981 / 5251 도달 (선 이탈 0.01 m)
[velocity_path_follower.py-9] [INFO] [1786822079.279878792] [velocity_path_follower]: waypoint 982 / 5251 도달 (선 이탈 0.01 m)
[velocity_path_follower.py-9] [INFO] [1786822079.629646565] [velocity_path_follower]: waypoint 983 / 5251 도달 (선 이탈 0.01 m)
[velocity_path_follower.py-9] [INFO] [1786822079.929632856] [velocity_path_follower]: waypoint 984 / 5251 도달 (선 이탈 0.01 m)
[velocity_path_follower.py-9] [INFO] [1786822080.331640269] [velocity_path_follower]: waypoint 985 / 5251 도달 (선 이탈 0.00 m)
[velocity_path_follower.py-9] [INFO] [1786822080.631878375] [velocity_path_follower]: waypoint 986 / 5251 도달 (선 이탈 0.00 m)
[velocity_path_follower.py-9] [INFO] [1786822080.983956388] [velocity_path_follower]: waypoint 987 / 5251 도달 (선 이탈 0.00 m)
[velocity_path_follower.py-9] [INFO] [1786822081.133958321] [velocity_path_follower]: 420.0s  wp 988/5251 이탈0.0m  위치 (  49.14,  -150.10,  10.95)
[velocity_path_follower.py-9] [INFO] [1786822081.334012623] [velocity_path_follower]: waypoint 988 / 5251 도달 (선 이탈 0.00 m)
[velocity_path_follower.py-9] [INFO] [1786822081.684168695] [velocity_path_follower]: waypoint 989 / 5251 도달 (선 이탈 0.00 m)
[velocity_path_follower.py-9] [INFO] [1786822082.034004262] [velocity_path_follower]: waypoint 990 / 5251 도달 (선 이탈 0.00 m)
[velocity_path_follower.py-9] [INFO] [1786822082.384298066] [velocity_path_follower]: waypoint 991 / 5251 도달 (선 이탈 0.00 m)
[velocity_path_follower.py-9] [INFO] [1786822082.734112442] [velocity_path_follower]: waypoint 992 / 5251 도달 (선 이탈 0.01 m)
[velocity_path_follower.py-9] [INFO] [1786822083.084057993] [velocity_path_follower]: waypoint 993 / 5251 도달 (선 이탈 0.01 m)
[velocity_path_follower.py-9] [INFO] [1786822083.433934683] [velocity_path_follower]: waypoint 994 / 5251 도달 (선 이탈 0.01 m)
[velocity_path_follower.py-9] [INFO] [1786822083.784096213] [velocity_path_follower]: waypoint 995 / 5251 도달 (선 이탈 0.01 m)
[velocity_path_follower.py-9] [INFO] [1786822084.134433463] [velocity_path_follower]: waypoint 996 / 5251 도달 (선 이탈 0.01 m)
[velocity_path_follower.py-9] [INFO] [1786822084.484101043] [velocity_path_follower]: waypoint 997 / 5251 도달 (선 이탈 0.01 m)
[velocity_path_follower.py-9] [INFO] [1786822084.834076213] [velocity_path_follower]: waypoint 998 / 5251 도달 (선 이탈 0.01 m)
[velocity_path_follower.py-9] [INFO] [1786822085.134013765] [velocity_path_follower]: waypoint 999 / 5251 도달 (선 이탈 0.01 m)
[velocity_path_follower.py-9] [INFO] [1786822085.534011252] [velocity_path_follower]: waypoint 1000 / 5251 도달 (선 이탈 0.01 m)
[velocity_path_follower.py-9] [INFO] [1786822085.833911312] [velocity_path_follower]: waypoint 1001 / 5251 도달 (선 이탈 0.01 m)
[velocity_path_follower.py-9] [INFO] [1786822086.134054345] [velocity_path_follower]: 425.0s  wp 1002/5251 이탈0.0m  위치 (  56.35,  -150.09,  13.97)
[velocity_path_follower.py-9] [INFO] [1786822086.184075185] [velocity_path_follower]: waypoint 1002 / 5251 도달 (선 이탈 0.01 m)
[velocity_path_follower.py-9] [INFO] [1786822086.534021145] [velocity_path_follower]: waypoint 1003 / 5251 도달 (선 이탈 0.01 m)
[velocity_path_follower.py-9] [INFO] [1786822086.884123068] [velocity_path_follower]: waypoint 1004 / 5251 도달 (선 이탈 0.01 m)
[velocity_path_follower.py-9] [INFO] [1786822087.233983415] [velocity_path_follower]: waypoint 1005 / 5251 도달 (선 이탈 0.01 m)
[velocity_path_follower.py-9] [INFO] [1786822087.584091274] [velocity_path_follower]: waypoint 1006 / 5251 도달 (선 이탈 0.01 m)
[velocity_path_follower.py-9] [INFO] [1786822087.933988254] [velocity_path_follower]: waypoint 1007 / 5251 도달 (선 이탈 0.00 m)
[velocity_path_follower.py-9] [INFO] [1786822088.284047586] [velocity_path_follower]: waypoint 1008 / 5251 도달 (선 이탈 0.00 m)
[velocity_path_follower.py-9] [INFO] [1786822088.634107340] [velocity_path_follower]: waypoint 1009 / 5251 도달 (선 이탈 0.00 m)
[velocity_path_follower.py-9] [INFO] [1786822091.134019684] [velocity_path_follower]: 430.0s  wp 1010/5251 이탈1.7m  위치 (  63.06,  -149.37,  10.12)
[velocity_path_follower.py-9] [INFO] [1786822093.733999614] [velocity_path_follower]: waypoint 1010 / 5251 도달 (선 이탈 2.95 m)
[velocity_path_follower.py-9] [INFO] [1786822096.138695984] [velocity_path_follower]: 435.0s  wp 1012/5251 이탈0.3m  위치 (  63.95,  -145.77,   8.14)
[velocity_path_follower.py-9] [INFO] [1786822098.537070742] [velocity_path_follower]: waypoint 1012 / 5251 도달 (선 이탈 1.36 m)
[velocity_path_follower.py-9] [INFO] [1786822099.186826734] [velocity_path_follower]: waypoint 1013 / 5251 도달 (선 이탈 1.44 m)
[velocity_path_follower.py-9] [INFO] [1786822099.786992343] [velocity_path_follower]: waypoint 1014 / 5251 도달 (선 이탈 1.45 m)
[velocity_path_follower.py-9] [INFO] [1786822100.336961714] [velocity_path_follower]: waypoint 1015 / 5251 도달 (선 이탈 1.41 m)
[velocity_path_follower.py-9] [INFO] [1786822100.936929936] [velocity_path_follower]: waypoint 1016 / 5251 도달 (선 이탈 1.31 m)
[velocity_path_follower.py-9] [INFO] [1786822101.136826251] [velocity_path_follower]: 440.0s  wp 1017/5251 이탈1.3m  위치 (  60.17,  -144.83,  11.28)
[velocity_path_follower.py-9] [INFO] [1786822101.436938465] [velocity_path_follower]: waypoint 1017 / 5251 도달 (선 이탈 1.19 m)
[velocity_path_follower.py-9] [INFO] [1786822101.986688874] [velocity_path_follower]: waypoint 1018 / 5251 도달 (선 이탈 1.04 m)
[velocity_path_follower.py-9] [INFO] [1786822102.486840020] [velocity_path_follower]: waypoint 1019 / 5251 도달 (선 이탈 0.88 m)
[velocity_path_follower.py-9] [INFO] [1786822102.986804705] [velocity_path_follower]: waypoint 1020 / 5251 도달 (선 이탈 0.70 m)
[velocity_path_follower.py-9] [INFO] [1786822103.486899254] [velocity_path_follower]: waypoint 1021 / 5251 도달 (선 이탈 0.50 m)
[velocity_path_follower.py-9] [INFO] [1786822103.936816910] [velocity_path_follower]: waypoint 1022 / 5251 도달 (선 이탈 0.34 m)
[velocity_path_follower.py-9] [INFO] [1786822104.386879134] [velocity_path_follower]: waypoint 1023 / 5251 도달 (선 이탈 0.17 m)
[velocity_path_follower.py-9] [INFO] [1786822104.836990946] [velocity_path_follower]: waypoint 1024 / 5251 도달 (선 이탈 0.00 m)
[velocity_path_follower.py-9] [INFO] [1786822105.286680596] [velocity_path_follower]: waypoint 1025 / 5251 도달 (선 이탈 0.15 m)
[velocity_path_follower.py-9] [INFO] [1786822105.686923626] [velocity_path_follower]: waypoint 1026 / 5251 도달 (선 이탈 0.28 m)
[velocity_path_follower.py-9] [INFO] [1786822106.136901509] [velocity_path_follower]: waypoint 1027 / 5251 도달 (선 이탈 0.40 m)
[velocity_path_follower.py-9] [INFO] [1786822106.186681108] [velocity_path_follower]: 445.1s  wp 1028/5251 이탈0.4m  위치 (  54.81,  -146.51,  13.68)
[velocity_path_follower.py-9] [INFO] [1786822106.536789093] [velocity_path_follower]: waypoint 1028 / 5251 도달 (선 이탈 0.49 m)
[velocity_path_follower.py-9] [INFO] [1786822106.936816057] [velocity_path_follower]: waypoint 1029 / 5251 도달 (선 이탈 0.57 m)
[velocity_path_follower.py-9] [INFO] [1786822107.336870664] [velocity_path_follower]: waypoint 1030 / 5251 도달 (선 이탈 0.63 m)
[velocity_path_follower.py-9] [INFO] [1786822107.736903983] [velocity_path_follower]: waypoint 1031 / 5251 도달 (선 이탈 0.67 m)
[velocity_path_follower.py-9] [INFO] [1786822108.136991228] [velocity_path_follower]: waypoint 1032 / 5251 도달 (선 이탈 0.70 m)
[velocity_path_follower.py-9] [INFO] [1786822108.536643101] [velocity_path_follower]: waypoint 1033 / 5251 도달 (선 이탈 0.71 m)
[velocity_path_follower.py-9] [INFO] [1786822108.937059618] [velocity_path_follower]: waypoint 1034 / 5251 도달 (선 이탈 0.71 m)
[velocity_path_follower.py-9] [INFO] [1786822109.336909473] [velocity_path_follower]: waypoint 1035 / 5251 도달 (선 이탈 0.69 m)
[velocity_path_follower.py-9] [INFO] [1786822109.736806166] [velocity_path_follower]: waypoint 1036 / 5251 도달 (선 이탈 0.66 m)
[velocity_path_follower.py-9] [INFO] [1786822110.137095668] [velocity_path_follower]: waypoint 1037 / 5251 도달 (선 이탈 0.61 m)
[velocity_path_follower.py-9] [INFO] [1786822110.536808087] [velocity_path_follower]: waypoint 1038 / 5251 도달 (선 이탈 0.56 m)
[velocity_path_follower.py-9] [INFO] [1786822110.886866399] [velocity_path_follower]: waypoint 1039 / 5251 도달 (선 이탈 0.51 m)
[velocity_path_follower.py-9] [INFO] [1786822111.136897778] [velocity_path_follower]: 450.0s  wp 1040/5251 이탈0.5m  위치 (  48.56,  -146.56,  12.44)
[velocity_path_follower.py-9] [INFO] [1786822111.286612543] [velocity_path_follower]: waypoint 1040 / 5251 도달 (선 이탈 0.44 m)
[velocity_path_follower.py-9] [INFO] [1786822111.686921957] [velocity_path_follower]: waypoint 1041 / 5251 도달 (선 이탈 0.37 m)
[velocity_path_follower.py-9] [INFO] [1786822112.036928164] [velocity_path_follower]: waypoint 1042 / 5251 도달 (선 이탈 0.30 m)
[velocity_path_follower.py-9] [INFO] [1786822112.442049720] [velocity_path_follower]: waypoint 1043 / 5251 도달 (선 이탈 0.22 m)
[velocity_path_follower.py-9] [INFO] [1786822112.798918281] [velocity_path_follower]: waypoint 1044 / 5251 도달 (선 이탈 0.15 m)
[velocity_path_follower.py-9] [INFO] [1786822113.198691548] [velocity_path_follower]: waypoint 1045 / 5251 도달 (선 이탈 0.07 m)
[velocity_path_follower.py-9] [INFO] [1786822113.548646582] [velocity_path_follower]: waypoint 1046 / 5251 도달 (선 이탈 0.00 m)
[velocity_path_follower.py-9] [INFO] [1786822113.899163546] [velocity_path_follower]: waypoint 1047 / 5251 도달 (선 이탈 0.06 m)
[velocity_path_follower.py-9] [INFO] [1786822114.298981675] [velocity_path_follower]: waypoint 1048 / 5251 도달 (선 이탈 0.13 m)
[velocity_path_follower.py-9] [INFO] [1786822114.648629845] [velocity_path_follower]: waypoint 1049 / 5251 도달 (선 이탈 0.18 m)
[velocity_path_follower.py-9] [INFO] [1786822115.049062039] [velocity_path_follower]: waypoint 1050 / 5251 도달 (선 이탈 0.23 m)
[velocity_path_follower.py-9] [INFO] [1786822115.399163281] [velocity_path_follower]: waypoint 1051 / 5251 도달 (선 이탈 0.27 m)
[velocity_path_follower.py-9] [INFO] [1786822115.748916056] [velocity_path_follower]: waypoint 1052 / 5251 도달 (선 이탈 0.30 m)
[velocity_path_follower.py-9] [INFO] [1786822116.148848306] [velocity_path_follower]: waypoint 1053 / 5251 도달 (선 이탈 0.33 m)
[velocity_path_follower.py-9] [INFO] [1786822116.198698059] [velocity_path_follower]: 455.1s  wp 1054/5251 이탈0.3m  위치 (  41.78,  -145.77,   8.89)
[velocity_path_follower.py-9] [INFO] [1786822116.498997610] [velocity_path_follower]: waypoint 1054 / 5251 도달 (선 이탈 0.35 m)
[velocity_path_follower.py-9] [INFO] [1786822116.851260592] [velocity_path_follower]: waypoint 1055 / 5251 도달 (선 이탈 0.36 m)
[velocity_path_follower.py-9] [INFO] [1786822117.201219736] [velocity_path_follower]: waypoint 1056 / 5251 도달 (선 이탈 0.36 m)
[velocity_path_follower.py-9] [INFO] [1786822117.553903831] [velocity_path_follower]: waypoint 1057 / 5251 도달 (선 이탈 0.36 m)
[velocity_path_follower.py-9] [INFO] [1786822117.953696780] [velocity_path_follower]: waypoint 1058 / 5251 도달 (선 이탈 0.35 m)
[velocity_path_follower.py-9] [INFO] [1786822118.303832119] [velocity_path_follower]: waypoint 1059 / 5251 도달 (선 이탈 0.34 m)
[velocity_path_follower.py-9] [INFO] [1786822118.653839541] [velocity_path_follower]: waypoint 1060 / 5251 도달 (선 이탈 0.32 m)
[velocity_path_follower.py-9] [INFO] [1786822119.003905298] [velocity_path_follower]: waypoint 1061 / 5251 도달 (선 이탈 0.29 m)
[velocity_path_follower.py-9] [INFO] [1786822119.355816037] [velocity_path_follower]: waypoint 1062 / 5251 도달 (선 이탈 0.27 m)
[velocity_path_follower.py-9] [INFO] [1786822119.758548020] [velocity_path_follower]: waypoint 1063 / 5251 도달 (선 이탈 0.23 m)
[velocity_path_follower.py-9] [INFO] [1786822120.108601676] [velocity_path_follower]: waypoint 1064 / 5251 도달 (선 이탈 0.20 m)
[velocity_path_follower.py-9] [INFO] [1786822120.460988946] [velocity_path_follower]: waypoint 1065 / 5251 도달 (선 이탈 0.16 m)
[velocity_path_follower.py-9] [INFO] [1786822120.811001489] [velocity_path_follower]: waypoint 1066 / 5251 도달 (선 이탈 0.12 m)
[velocity_path_follower.py-9] [INFO] [1786822121.160658157] [velocity_path_follower]: waypoint 1067 / 5251 도달 (선 이탈 0.09 m)
[velocity_path_follower.py-9] [INFO] [1786822121.210524549] [velocity_path_follower]: 460.1s  wp 1068/5251 이탈0.1m  위치 (  34.81,  -146.02,   7.79)
[velocity_path_follower.py-9] [INFO] [1786822121.510991311] [velocity_path_follower]: waypoint 1068 / 5251 도달 (선 이탈 0.05 m)
[velocity_path_follower.py-9] [INFO] [1786822121.864209621] [velocity_path_follower]: waypoint 1069 / 5251 도달 (선 이탈 0.02 m)
[velocity_path_follower.py-9] [INFO] [1786822122.213821059] [velocity_path_follower]: waypoint 1070 / 5251 도달 (선 이탈 0.02 m)
[velocity_path_follower.py-9] [INFO] [1786822122.563839348] [velocity_path_follower]: waypoint 1071 / 5251 도달 (선 이탈 0.05 m)
[velocity_path_follower.py-9] [INFO] [1786822122.914034892] [velocity_path_follower]: waypoint 1072 / 5251 도달 (선 이탈 0.08 m)
[velocity_path_follower.py-9] [INFO] [1786822123.263676603] [velocity_path_follower]: waypoint 1073 / 5251 도달 (선 이탈 0.11 m)
[velocity_path_follower.py-9] [INFO] [1786822123.663840691] [velocity_path_follower]: waypoint 1074 / 5251 도달 (선 이탈 0.13 m)
[velocity_path_follower.py-9] [INFO] [1786822124.013699454] [velocity_path_follower]: waypoint 1075 / 5251 도달 (선 이탈 0.15 m)
[velocity_path_follower.py-9] [INFO] [1786822124.365869628] [velocity_path_follower]: waypoint 1076 / 5251 도달 (선 이탈 0.17 m)
[velocity_path_follower.py-9] [INFO] [1786822124.716080376] [velocity_path_follower]: waypoint 1077 / 5251 도달 (선 이탈 0.18 m)
[velocity_path_follower.py-9] [INFO] [1786822125.016118301] [velocity_path_follower]: waypoint 1078 / 5251 도달 (선 이탈 0.19 m)
[velocity_path_follower.py-9] [INFO] [1786822125.415948589] [velocity_path_follower]: waypoint 1079 / 5251 도달 (선 이탈 0.19 m)
[velocity_path_follower.py-9] [INFO] [1786822125.765845265] [velocity_path_follower]: waypoint 1080 / 5251 도달 (선 이탈 0.19 m)
[velocity_path_follower.py-9] [INFO] [1786822126.115818949] [velocity_path_follower]: waypoint 1081 / 5251 도달 (선 이탈 0.19 m)
[velocity_path_follower.py-9] [INFO] [1786822126.165616312] [velocity_path_follower]: 465.0s  wp 1082/5251 이탈0.2m  위치 (  27.77,  -146.29,   9.03)
[velocity_path_follower.py-9] [INFO] [1786822126.465696518] [velocity_path_follower]: waypoint 1082 / 5251 도달 (선 이탈 0.19 m)
[velocity_path_follower.py-9] [INFO] [1786822126.816010432] [velocity_path_follower]: waypoint 1083 / 5251 도달 (선 이탈 0.18 m)
[velocity_path_follower.py-9] [INFO] [1786822127.165987596] [velocity_path_follower]: waypoint 1084 / 5251 도달 (선 이탈 0.17 m)
[velocity_path_follower.py-9] [INFO] [1786822127.515863725] [velocity_path_follower]: waypoint 1085 / 5251 도달 (선 이탈 0.15 m)
[velocity_path_follower.py-9] [INFO] [1786822127.865873650] [velocity_path_follower]: waypoint 1086 / 5251 도달 (선 이탈 0.14 m)
[velocity_path_follower.py-9] [INFO] [1786822128.215924337] [velocity_path_follower]: waypoint 1087 / 5251 도달 (선 이탈 0.12 m)
[velocity_path_follower.py-9] [INFO] [1786822128.565812943] [velocity_path_follower]: waypoint 1088 / 5251 도달 (선 이탈 0.10 m)
[velocity_path_follower.py-9] [INFO] [1786822128.915928556] [velocity_path_follower]: waypoint 1089 / 5251 도달 (선 이탈 0.09 m)
[velocity_path_follower.py-9] [INFO] [1786822129.276602788] [velocity_path_follower]: waypoint 1090 / 5251 도달 (선 이탈 0.07 m)
[velocity_path_follower.py-9] [INFO] [1786822129.626823464] [velocity_path_follower]: waypoint 1091 / 5251 도달 (선 이탈 0.05 m)
[velocity_path_follower.py-9] [INFO] [1786822129.984773547] [velocity_path_follower]: waypoint 1092 / 5251 도달 (선 이탈 0.03 m)
[velocity_path_follower.py-9] [INFO] [1786822130.334782152] [velocity_path_follower]: waypoint 1093 / 5251 도달 (선 이탈 0.01 m)
[velocity_path_follower.py-9] [INFO] [1786822130.684782423] [velocity_path_follower]: waypoint 1094 / 5251 도달 (선 이탈 0.01 m)
[velocity_path_follower.py-9] [INFO] [1786822130.984801317] [velocity_path_follower]: waypoint 1095 / 5251 도달 (선 이탈 0.02 m)
[velocity_path_follower.py-9] [INFO] [1786822131.189687008] [velocity_path_follower]: 470.0s  wp 1096/5251 이탈0.0m  위치 (  20.61,  -146.07,   8.49)
[velocity_path_follower.py-9] [INFO] [1786822131.339873488] [velocity_path_follower]: waypoint 1096 / 5251 도달 (선 이탈 0.04 m)
[velocity_path_follower.py-9] [INFO] [1786822131.692928149] [velocity_path_follower]: waypoint 1097 / 5251 도달 (선 이탈 0.05 m)
[velocity_path_follower.py-9] [INFO] [1786822132.097660032] [velocity_path_follower]: waypoint 1098 / 5251 도달 (선 이탈 0.07 m)
[velocity_path_follower.py-9] [INFO] [1786822132.397833836] [velocity_path_follower]: waypoint 1099 / 5251 도달 (선 이탈 0.07 m)
[velocity_path_follower.py-9] [INFO] [1786822132.797936989] [velocity_path_follower]: waypoint 1100 / 5251 도달 (선 이탈 0.08 m)
[velocity_path_follower.py-9] [INFO] [1786822133.097966671] [velocity_path_follower]: waypoint 1101 / 5251 도달 (선 이탈 0.09 m)
[velocity_path_follower.py-9] [INFO] [1786822133.447929705] [velocity_path_follower]: waypoint 1102 / 5251 도달 (선 이탈 0.09 m)
[velocity_path_follower.py-9] [INFO] [1786822133.797874364] [velocity_path_follower]: waypoint 1103 / 5251 도달 (선 이탈 0.10 m)
[velocity_path_follower.py-9] [INFO] [1786822134.147998244] [velocity_path_follower]: waypoint 1104 / 5251 도달 (선 이탈 0.10 m)
[velocity_path_follower.py-9] [INFO] [1786822134.499622673] [velocity_path_follower]: waypoint 1105 / 5251 도달 (선 이탈 0.10 m)
[velocity_path_follower.py-9] [INFO] [1786822134.849848317] [velocity_path_follower]: waypoint 1106 / 5251 도달 (선 이탈 0.09 m)
[velocity_path_follower.py-9] [INFO] [1786822135.199699835] [velocity_path_follower]: waypoint 1107 / 5251 도달 (선 이탈 0.09 m)
[velocity_path_follower.py-9] [INFO] [1786822135.550082876] [velocity_path_follower]: waypoint 1108 / 5251 도달 (선 이탈 0.08 m)
[velocity_path_follower.py-9] [INFO] [1786822135.902056875] [velocity_path_follower]: waypoint 1109 / 5251 도달 (선 이탈 0.08 m)
[velocity_path_follower.py-9] [INFO] [1786822136.206614852] [velocity_path_follower]: 475.0s  wp 1110/5251 이탈0.1m  위치 (  13.42,  -146.03,  10.87)
[velocity_path_follower.py-9] [INFO] [1786822136.256868045] [velocity_path_follower]: waypoint 1110 / 5251 도달 (선 이탈 0.07 m)
[velocity_path_follower.py-9] [INFO] [1786822136.606699547] [velocity_path_follower]: waypoint 1111 / 5251 도달 (선 이탈 0.06 m)
[velocity_path_follower.py-9] [INFO] [1786822136.956939228] [velocity_path_follower]: waypoint 1112 / 5251 도달 (선 이탈 0.05 m)
[velocity_path_follower.py-9] [INFO] [1786822137.309025014] [velocity_path_follower]: waypoint 1113 / 5251 도달 (선 이탈 0.04 m)
[velocity_path_follower.py-9] [INFO] [1786822137.659002247] [velocity_path_follower]: waypoint 1114 / 5251 도달 (선 이탈 0.03 m)
[velocity_path_follower.py-9] [INFO] [1786822138.009132943] [velocity_path_follower]: waypoint 1115 / 5251 도달 (선 이탈 0.02 m)
[velocity_path_follower.py-9] [INFO] [1786822138.358967274] [velocity_path_follower]: waypoint 1116 / 5251 도달 (선 이탈 0.01 m)
[velocity_path_follower.py-9] [INFO] [1786822138.709073488] [velocity_path_follower]: waypoint 1117 / 5251 도달 (선 이탈 0.00 m)
[velocity_path_follower.py-9] [INFO] [1786822139.009115134] [velocity_path_follower]: waypoint 1118 / 5251 도달 (선 이탈 0.00 m)
[velocity_path_follower.py-9] [INFO] [1786822139.409021262] [velocity_path_follower]: waypoint 1119 / 5251 도달 (선 이탈 0.01 m)
[velocity_path_follower.py-9] [INFO] [1786822139.711196188] [velocity_path_follower]: waypoint 1120 / 5251 도달 (선 이탈 0.02 m)
[velocity_path_follower.py-9] [INFO] [1786822140.061284880] [velocity_path_follower]: waypoint 1121 / 5251 도달 (선 이탈 0.03 m)
[velocity_path_follower.py-9] [INFO] [1786822140.411250251] [velocity_path_follower]: waypoint 1122 / 5251 도달 (선 이탈 0.04 m)
[velocity_path_follower.py-9] [INFO] [1786822140.761856347] [velocity_path_follower]: waypoint 1123 / 5251 도달 (선 이탈 0.04 m)
[velocity_path_follower.py-9] [INFO] [1786822141.113874903] [velocity_path_follower]: waypoint 1124 / 5251 도달 (선 이탈 0.05 m)
[velocity_path_follower.py-9] [INFO] [1786822141.213520041] [velocity_path_follower]: 480.0s  wp 1125/5251 이탈0.0m  위치 (   6.22,  -146.15,  12.76)
[velocity_path_follower.py-9] [INFO] [1786822141.463901253] [velocity_path_follower]: waypoint 1125 / 5251 도달 (선 이탈 0.05 m)
[velocity_path_follower.py-9] [INFO] [1786822141.813837099] [velocity_path_follower]: waypoint 1126 / 5251 도달 (선 이탈 0.05 m)
[velocity_path_follower.py-9] [INFO] [1786822142.163875749] [velocity_path_follower]: waypoint 1127 / 5251 도달 (선 이탈 0.05 m)
[velocity_path_follower.py-9] [INFO] [1786822142.516776567] [velocity_path_follower]: waypoint 1128 / 5251 도달 (선 이탈 0.05 m)
[velocity_path_follower.py-9] [INFO] [1786822142.867053941] [velocity_path_follower]: waypoint 1129 / 5251 도달 (선 이탈 0.05 m)
[velocity_path_follower.py-9] [INFO] [1786822143.166968113] [velocity_path_follower]: waypoint 1130 / 5251 도달 (선 이탈 0.05 m)
[velocity_path_follower.py-9] [INFO] [1786822143.569770734] [velocity_path_follower]: waypoint 1131 / 5251 도달 (선 이탈 0.05 m)
[velocity_path_follower.py-9] [INFO] [1786822143.924794669] [velocity_path_follower]: waypoint 1132 / 5251 도달 (선 이탈 0.05 m)
[velocity_path_follower.py-9] [INFO] [1786822144.224844987] [velocity_path_follower]: waypoint 1133 / 5251 도달 (선 이탈 0.04 m)
[velocity_path_follower.py-9] [INFO] [1786822144.624970350] [velocity_path_follower]: waypoint 1134 / 5251 도달 (선 이탈 0.04 m)
[velocity_path_follower.py-9] [INFO] [1786822144.924681205] [velocity_path_follower]: waypoint 1135 / 5251 도달 (선 이탈 0.04 m)
[velocity_path_follower.py-9] [INFO] [1786822145.275092133] [velocity_path_follower]: waypoint 1136 / 5251 도달 (선 이탈 0.03 m)
[velocity_path_follower.py-9] [INFO] [1786822145.624883589] [velocity_path_follower]: waypoint 1137 / 5251 도달 (선 이탈 0.03 m)
[velocity_path_follower.py-9] [INFO] [1786822145.974988346] [velocity_path_follower]: waypoint 1138 / 5251 도달 (선 이탈 0.02 m)
[velocity_path_follower.py-9] [INFO] [1786822146.229634985] [velocity_path_follower]: 485.0s  wp 1139/5251 이탈0.0m  위치 (  -0.98,  -146.12,   8.68)
[velocity_path_follower.py-9] [INFO] [1786822146.329686576] [velocity_path_follower]: waypoint 1139 / 5251 도달 (선 이탈 0.02 m)
[velocity_path_follower.py-9] [INFO] [1786822146.681801321] [velocity_path_follower]: waypoint 1140 / 5251 도달 (선 이탈 0.01 m)
[velocity_path_follower.py-9] [INFO] [1786822147.031789552] [velocity_path_follower]: waypoint 1141 / 5251 도달 (선 이탈 0.01 m)
[velocity_path_follower.py-9] [INFO] [1786822147.382112976] [velocity_path_follower]: waypoint 1142 / 5251 도달 (선 이탈 0.00 m)
[velocity_path_follower.py-9] [INFO] [1786822147.731962179] [velocity_path_follower]: waypoint 1143 / 5251 도달 (선 이탈 0.00 m)
[velocity_path_follower.py-9] [INFO] [1786822148.081961598] [velocity_path_follower]: waypoint 1144 / 5251 도달 (선 이탈 0.01 m)
[velocity_path_follower.py-9] [INFO] [1786822148.431675939] [velocity_path_follower]: waypoint 1145 / 5251 도달 (선 이탈 0.01 m)
[velocity_path_follower.py-9] [INFO] [1786822148.781895920] [velocity_path_follower]: waypoint 1146 / 5251 도달 (선 이탈 0.01 m)
[velocity_path_follower.py-9] [INFO] [1786822149.132073656] [velocity_path_follower]: waypoint 1147 / 5251 도달 (선 이탈 0.02 m)
[velocity_path_follower.py-9] [INFO] [1786822149.481983437] [velocity_path_follower]: waypoint 1148 / 5251 도달 (선 이탈 0.02 m)
[velocity_path_follower.py-9] [INFO] [1786822149.831855051] [velocity_path_follower]: waypoint 1149 / 5251 도달 (선 이탈 0.02 m)
[velocity_path_follower.py-9] [INFO] [1786822150.131695827] [velocity_path_follower]: waypoint 1150 / 5251 도달 (선 이탈 0.02 m)
[velocity_path_follower.py-9] [INFO] [1786822150.531910065] [velocity_path_follower]: waypoint 1151 / 5251 도달 (선 이탈 0.03 m)
[velocity_path_follower.py-9] [INFO] [1786822150.831814017] [velocity_path_follower]: waypoint 1152 / 5251 도달 (선 이탈 0.03 m)
[velocity_path_follower.py-9] [INFO] [1786822151.181637907] [velocity_path_follower]: waypoint 1153 / 5251 도달 (선 이탈 0.03 m)
[velocity_path_follower.py-9] [INFO] [1786822151.231646923] [velocity_path_follower]: 490.0s  wp 1154/5251 이탈0.0m  위치 (  -8.19,  -146.07,   7.61)
[velocity_path_follower.py-9] [INFO] [1786822151.531912817] [velocity_path_follower]: waypoint 1154 / 5251 도달 (선 이탈 0.03 m)
[velocity_path_follower.py-9] [INFO] [1786822151.881800259] [velocity_path_follower]: waypoint 1155 / 5251 도달 (선 이탈 0.02 m)
[velocity_path_follower.py-9] [INFO] [1786822152.231968511] [velocity_path_follower]: waypoint 1156 / 5251 도달 (선 이탈 0.02 m)
[velocity_path_follower.py-9] [INFO] [1786822152.581733343] [velocity_path_follower]: waypoint 1157 / 5251 도달 (선 이탈 0.02 m)
[velocity_path_follower.py-9] [INFO] [1786822152.932027438] [velocity_path_follower]: waypoint 1158 / 5251 도달 (선 이탈 0.02 m)
[velocity_path_follower.py-9] [INFO] [1786822153.281874911] [velocity_path_follower]: waypoint 1159 / 5251 도달 (선 이탈 0.02 m)
[velocity_path_follower.py-9] [INFO] [1786822153.631949434] [velocity_path_follower]: waypoint 1160 / 5251 도달 (선 이탈 0.02 m)
[velocity_path_follower.py-9] [INFO] [1786822153.981756701] [velocity_path_follower]: waypoint 1161 / 5251 도달 (선 이탈 0.01 m)
[velocity_path_follower.py-9] [INFO] [1786822154.331905535] [velocity_path_follower]: waypoint 1162 / 5251 도달 (선 이탈 0.01 m)
[velocity_path_follower.py-9] [INFO] [1786822154.681939326] [velocity_path_follower]: waypoint 1163 / 5251 도달 (선 이탈 0.01 m)
[velocity_path_follower.py-9] [INFO] [1786822155.031809863] [velocity_path_follower]: waypoint 1164 / 5251 도달 (선 이탈 0.00 m)
[velocity_path_follower.py-9] [INFO] [1786822155.331966857] [velocity_path_follower]: waypoint 1165 / 5251 도달 (선 이탈 0.00 m)
[velocity_path_follower.py-9] [INFO] [1786822155.732067027] [velocity_path_follower]: waypoint 1166 / 5251 도달 (선 이탈 0.00 m)
[velocity_path_follower.py-9] [INFO] [1786822156.031854304] [velocity_path_follower]: waypoint 1167 / 5251 도달 (선 이탈 0.00 m)
[velocity_path_follower.py-9] [INFO] [1786822156.231611119] [velocity_path_follower]: 495.0s  wp 1168/5251 이탈0.0m  위치 ( -15.40,  -146.10,   9.86)
[velocity_path_follower.py-9] [INFO] [1786822156.381699082] [velocity_path_follower]: waypoint 1168 / 5251 도달 (선 이탈 0.00 m)
[velocity_path_follower.py-9] [INFO] [1786822156.731988332] [velocity_path_follower]: waypoint 1169 / 5251 도달 (선 이탈 0.01 m)
[velocity_path_follower.py-9] [INFO] [1786822157.081871116] [velocity_path_follower]: waypoint 1170 / 5251 도달 (선 이탈 0.01 m)
[velocity_path_follower.py-9] [INFO] [1786822157.431926710] [velocity_path_follower]: waypoint 1171 / 5251 도달 (선 이탈 0.01 m)
[velocity_path_follower.py-9] [INFO] [1786822157.781958303] [velocity_path_follower]: waypoint 1172 / 5251 도달 (선 이탈 0.01 m)
[velocity_path_follower.py-9] [INFO] [1786822158.132140949] [velocity_path_follower]: waypoint 1173 / 5251 도달 (선 이탈 0.01 m)
[velocity_path_follower.py-9] [INFO] [1786822158.481921386] [velocity_path_follower]: waypoint 1174 / 5251 도달 (선 이탈 0.01 m)
[velocity_path_follower.py-9] [INFO] [1786822158.831802993] [velocity_path_follower]: waypoint 1175 / 5251 도달 (선 이탈 0.01 m)
[velocity_path_follower.py-9] [INFO] [1786822159.182072286] [velocity_path_follower]: waypoint 1176 / 5251 도달 (선 이탈 0.01 m)
[velocity_path_follower.py-9] [INFO] [1786822159.482029085] [velocity_path_follower]: waypoint 1177 / 5251 도달 (선 이탈 0.02 m)
[velocity_path_follower.py-9] [INFO] [1786822159.881937746] [velocity_path_follower]: waypoint 1178 / 5251 도달 (선 이탈 0.01 m)
[velocity_path_follower.py-9] [INFO] [1786822160.232024596] [velocity_path_follower]: waypoint 1179 / 5251 도달 (선 이탈 0.01 m)
[velocity_path_follower.py-9] [INFO] [1786822160.532013244] [velocity_path_follower]: waypoint 1180 / 5251 도달 (선 이탈 0.01 m)
[velocity_path_follower.py-9] [INFO] [1786822160.931670834] [velocity_path_follower]: waypoint 1181 / 5251 도달 (선 이탈 0.01 m)
[velocity_path_follower.py-9] [INFO] [1786822161.231696703] [velocity_path_follower]: 500.0s  climb       위치 ( -22.61,  -146.11,   6.44)
[velocity_path_follower.py-9] [INFO] [1786822164.631768366] [velocity_path_follower]: waypoint 1182 / 5251 도달 (선 이탈 0.00 m)
[velocity_path_follower.py-9] [INFO] [1786822164.681903419] [velocity_path_follower]: waypoint 1183 / 5251 도달 (선 이탈 0.00 m)
[velocity_path_follower.py-9] [INFO] [1786822164.731890717] [velocity_path_follower]: waypoint 1184 / 5251 도달 (선 이탈 0.00 m)
[velocity_path_follower.py-9] [INFO] [1786822164.781677593] [velocity_path_follower]: waypoint 1185 / 5251 도달 (선 이탈 0.00 m)
[velocity_path_follower.py-9] [INFO] [1786822164.832122320] [velocity_path_follower]: waypoint 1186 / 5251 도달 (선 이탈 0.00 m)
[velocity_path_follower.py-9] [INFO] [1786822164.881699940] [velocity_path_follower]: waypoint 1187 / 5251 도달 (선 이탈 0.00 m)
[velocity_path_follower.py-9] [INFO] [1786822164.932020039] [velocity_path_follower]: waypoint 1188 / 5251 도달 (선 이탈 0.00 m)
[velocity_path_follower.py-9] [INFO] [1786822164.981919710] [velocity_path_follower]: waypoint 1189 / 5251 도달 (선 이탈 0.00 m)
[velocity_path_follower.py-9] [INFO] [1786822165.031815007] [velocity_path_follower]: waypoint 1190 / 5251 도달 (선 이탈 0.00 m)
[velocity_path_follower.py-9] [INFO] [1786822165.731889515] [velocity_path_follower]: waypoint 1191 / 5251 도달 (선 이탈 0.00 m)
[velocity_path_follower.py-9] [INFO] [1786822166.231882495] [velocity_path_follower]: 505.0s  wp 1192/5251 이탈0.0m  위치 ( -27.51,  -146.10,   7.36)
[velocity_path_follower.py-9] [INFO] [1786822166.381940073] [velocity_path_follower]: waypoint 1192 / 5251 도달 (선 이탈 0.00 m)
[velocity_path_follower.py-9] [INFO] [1786822166.931848159] [velocity_path_follower]: waypoint 1193 / 5251 도달 (선 이탈 0.00 m)
[velocity_path_follower.py-9] [INFO] [1786822167.484067207] [velocity_path_follower]: waypoint 1194 / 5251 도달 (선 이탈 0.00 m)
[velocity_path_follower.py-9] [INFO] [1786822168.036910070] [velocity_path_follower]: waypoint 1195 / 5251 도달 (선 이탈 0.00 m)
[velocity_path_follower.py-9] [INFO] [1786822168.487010807] [velocity_path_follower]: waypoint 1196 / 5251 도달 (선 이탈 0.00 m)
[velocity_path_follower.py-9] [INFO] [1786822168.986614463] [velocity_path_follower]: waypoint 1197 / 5251 도달 (선 이탈 0.00 m)
[velocity_path_follower.py-9] [INFO] [1786822169.486795409] [velocity_path_follower]: waypoint 1198 / 5251 도달 (선 이탈 0.00 m)
[velocity_path_follower.py-9] [INFO] [1786822169.936965295] [velocity_path_follower]: waypoint 1199 / 5251 도달 (선 이탈 0.00 m)
[velocity_path_follower.py-9] [INFO] [1786822170.336668957] [velocity_path_follower]: waypoint 1200 / 5251 도달 (선 이탈 0.00 m)
[velocity_path_follower.py-9] [INFO] [1786822170.786905825] [velocity_path_follower]: waypoint 1201 / 5251 도달 (선 이탈 0.00 m)
[velocity_path_follower.py-9] [INFO] [1786822171.236694067] [velocity_path_follower]: waypoint 1202 / 5251 도달 (선 이탈 0.00 m)
[velocity_path_follower.py-9] [INFO] [1786822171.286500710] [velocity_path_follower]: 510.1s  wp 1203/5251 이탈0.0m  위치 ( -32.71,  -146.10,   7.85)
[velocity_path_follower.py-9] [INFO] [1786822171.636813846] [velocity_path_follower]: waypoint 1203 / 5251 도달 (선 이탈 0.00 m)
[velocity_path_follower.py-9] [INFO] [1786822172.036827833] [velocity_path_follower]: waypoint 1204 / 5251 도달 (선 이탈 0.00 m)
[velocity_path_follower.py-9] [INFO] [1786822172.436767126] [velocity_path_follower]: waypoint 1205 / 5251 도달 (선 이탈 0.00 m)
[velocity_path_follower.py-9] [INFO] [1786822172.836611793] [velocity_path_follower]: waypoint 1206 / 5251 도달 (선 이탈 0.00 m)
[velocity_path_follower.py-9] [INFO] [1786822173.236810647] [velocity_path_follower]: waypoint 1207 / 5251 도달 (선 이탈 0.00 m)
[velocity_path_follower.py-9] [INFO] [1786822173.636650332] [velocity_path_follower]: waypoint 1208 / 5251 도달 (선 이탈 0.00 m)
[velocity_path_follower.py-9] [INFO] [1786822173.986915043] [velocity_path_follower]: waypoint 1209 / 5251 도달 (선 이탈 0.00 m)
[velocity_path_follower.py-9] [INFO] [1786822174.386695870] [velocity_path_follower]: waypoint 1210 / 5251 도달 (선 이탈 0.00 m)
[velocity_path_follower.py-9] [INFO] [1786822174.786810541] [velocity_path_follower]: waypoint 1211 / 5251 도달 (선 이탈 0.00 m)
[velocity_path_follower.py-9] [INFO] [1786822176.237104823] [velocity_path_follower]: 515.0s  wp 1212/5251 이탈0.4m  위치 ( -38.96,  -145.88,   6.64)
[velocity_path_follower.py-9] [INFO] [1786822179.788853497] [velocity_path_follower]: waypoint 1212 / 5251 도달 (선 이탈 2.59 m)
[velocity_path_follower.py-9] [INFO] [1786822181.238580862] [velocity_path_follower]: 520.0s  wp 1214/5251 이탈0.3m  위치 ( -41.16,  -142.44,   6.77)
[velocity_path_follower.py-9] [INFO] [1786822184.440933726] [velocity_path_follower]: waypoint 1214 / 5251 도달 (선 이탈 1.36 m)
[velocity_path_follower.py-9] [INFO] [1786822185.091036288] [velocity_path_follower]: waypoint 1215 / 5251 도달 (선 이탈 1.47 m)
[velocity_path_follower.py-9] [INFO] [1786822185.740686030] [velocity_path_follower]: waypoint 1216 / 5251 도달 (선 이탈 1.49 m)
[velocity_path_follower.py-9] [INFO] [1786822186.240581866] [velocity_path_follower]: 525.0s  wp 1217/5251 이탈1.5m  위치 ( -38.17,  -140.63,   7.19)
[velocity_path_follower.py-9] [INFO] [1786822186.340774284] [velocity_path_follower]: waypoint 1217 / 5251 도달 (선 이탈 1.46 m)
[velocity_path_follower.py-9] [INFO] [1786822186.940776257] [velocity_path_follower]: waypoint 1218 / 5251 도달 (선 이탈 1.37 m)
[velocity_path_follower.py-9] [INFO] [1786822187.490877112] [velocity_path_follower]: waypoint 1219 / 5251 도달 (선 이탈 1.25 m)
[velocity_path_follower.py-9] [INFO] [1786822188.040764257] [velocity_path_follower]: waypoint 1220 / 5251 도달 (선 이탈 1.09 m)
[velocity_path_follower.py-9] [INFO] [1786822188.590880225] [velocity_path_follower]: waypoint 1221 / 5251 도달 (선 이탈 0.92 m)
[velocity_path_follower.py-9] [INFO] [1786822189.090825210] [velocity_path_follower]: waypoint 1222 / 5251 도달 (선 이탈 0.74 m)
[velocity_path_follower.py-9] [INFO] [1786822189.590662087] [velocity_path_follower]: waypoint 1223 / 5251 도달 (선 이탈 0.55 m)
[velocity_path_follower.py-9] [INFO] [1786822190.040648819] [velocity_path_follower]: waypoint 1224 / 5251 도달 (선 이탈 0.37 m)
[velocity_path_follower.py-9] [INFO] [1786822190.540935066] [velocity_path_follower]: waypoint 1225 / 5251 도달 (선 이탈 0.18 m)
[velocity_path_follower.py-9] [INFO] [1786822190.990866732] [velocity_path_follower]: waypoint 1226 / 5251 도달 (선 이탈 0.01 m)
[velocity_path_follower.py-9] [INFO] [1786822191.240608501] [velocity_path_follower]: 530.0s  wp 1227/5251 이탈0.1m  위치 ( -33.29,  -142.18,   6.91)
[velocity_path_follower.py-9] [INFO] [1786822191.440865922] [velocity_path_follower]: waypoint 1227 / 5251 도달 (선 이탈 0.15 m)
[velocity_path_follower.py-9] [INFO] [1786822191.840663575] [velocity_path_follower]: waypoint 1228 / 5251 도달 (선 이탈 0.27 m)
[velocity_path_follower.py-9] [INFO] [1786822192.290737489] [velocity_path_follower]: waypoint 1229 / 5251 도달 (선 이탈 0.39 m)
[velocity_path_follower.py-9] [INFO] [1786822192.740662823] [velocity_path_follower]: waypoint 1230 / 5251 도달 (선 이탈 0.50 m)
[velocity_path_follower.py-9] [INFO] [1786822193.140791345] [velocity_path_follower]: waypoint 1231 / 5251 도달 (선 이탈 0.58 m)
[velocity_path_follower.py-9] [INFO] [1786822193.540934296] [velocity_path_follower]: waypoint 1232 / 5251 도달 (선 이탈 0.64 m)
[velocity_path_follower.py-9] [INFO] [1786822193.940817281] [velocity_path_follower]: waypoint 1233 / 5251 도달 (선 이탈 0.68 m)
[velocity_path_follower.py-9] [INFO] [1786822194.340828745] [velocity_path_follower]: waypoint 1234 / 5251 도달 (선 이탈 0.71 m)
[velocity_path_follower.py-9] [INFO] [1786822194.740801585] [velocity_path_follower]: waypoint 1235 / 5251 도달 (선 이탈 0.71 m)
[velocity_path_follower.py-9] [INFO] [1786822195.140929269] [velocity_path_follower]: waypoint 1236 / 5251 도달 (선 이탈 0.71 m)
[velocity_path_follower.py-9] [INFO] [1786822195.540850209] [velocity_path_follower]: waypoint 1237 / 5251 도달 (선 이탈 0.69 m)
[velocity_path_follower.py-9] [INFO] [1786822195.940628521] [velocity_path_follower]: waypoint 1238 / 5251 도달 (선 이탈 0.65 m)
[velocity_path_follower.py-9] [INFO] [1786822196.240558018] [velocity_path_follower]: 535.0s  wp 1239/5251 이탈0.6m  위치 ( -27.17,  -142.72,   6.69)
[velocity_path_follower.py-9] [INFO] [1786822196.290827609] [velocity_path_follower]: waypoint 1239 / 5251 도달 (선 이탈 0.61 m)
[velocity_path_follower.py-9] [INFO] [1786822196.740772611] [velocity_path_follower]: waypoint 1240 / 5251 도달 (선 이탈 0.55 m)
[velocity_path_follower.py-9] [INFO] [1786822197.090639448] [velocity_path_follower]: waypoint 1241 / 5251 도달 (선 이탈 0.49 m)
[velocity_path_follower.py-9] [INFO] [1786822197.490636802] [velocity_path_follower]: waypoint 1242 / 5251 도달 (선 이탈 0.42 m)
[velocity_path_follower.py-9] [INFO] [1786822197.841006249] [velocity_path_follower]: waypoint 1243 / 5251 도달 (선 이탈 0.36 m)
[velocity_path_follower.py-9] [INFO] [1786822198.240974239] [velocity_path_follower]: waypoint 1244 / 5251 도달 (선 이탈 0.28 m)
[velocity_path_follower.py-9] [INFO] [1786822198.640956029] [velocity_path_follower]: waypoint 1245 / 5251 도달 (선 이탈 0.20 m)
[velocity_path_follower.py-9] [INFO] [1786822198.990658013] [velocity_path_follower]: waypoint 1246 / 5251 도달 (선 이탈 0.13 m)
[velocity_path_follower.py-9] [INFO] [1786822199.390867036] [velocity_path_follower]: waypoint 1247 / 5251 도달 (선 이탈 0.05 m)
[velocity_path_follower.py-9] [INFO] [1786822199.740876171] [velocity_path_follower]: waypoint 1248 / 5251 도달 (선 이탈 0.02 m)
[velocity_path_follower.py-9] [INFO] [1786822200.140823360] [velocity_path_follower]: waypoint 1249 / 5251 도달 (선 이탈 0.09 m)
[velocity_path_follower.py-9] [INFO] [1786822200.490930097] [velocity_path_follower]: waypoint 1250 / 5251 도달 (선 이탈 0.14 m)
[velocity_path_follower.py-9] [INFO] [1786822200.841005583] [velocity_path_follower]: waypoint 1251 / 5251 도달 (선 이탈 0.19 m)
[velocity_path_follower.py-9] [INFO] [1786822201.240671495] [velocity_path_follower]: waypoint 1252 / 5251 도달 (선 이탈 0.24 m)
[velocity_path_follower.py-9] [INFO] [1786822201.290547587] [velocity_path_follower]: 540.1s  wp 1253/5251 이탈0.2m  위치 ( -20.49,  -141.85,   6.79)
[velocity_path_follower.py-9] [INFO] [1786822201.590926045] [velocity_path_follower]: waypoint 1253 / 5251 도달 (선 이탈 0.28 m)
[velocity_path_follower.py-9] [INFO] [1786822201.940994089] [velocity_path_follower]: waypoint 1254 / 5251 도달 (선 이탈 0.31 m)
[velocity_path_follower.py-9] [INFO] [1786822202.340871571] [velocity_path_follower]: waypoint 1255 / 5251 도달 (선 이탈 0.34 m)
[velocity_path_follower.py-9] [INFO] [1786822202.690626414] [velocity_path_follower]: waypoint 1256 / 5251 도달 (선 이탈 0.36 m)
[velocity_path_follower.py-9] [INFO] [1786822203.040879773] [velocity_path_follower]: waypoint 1257 / 5251 도달 (선 이탈 0.37 m)
[velocity_path_follower.py-9] [INFO] [1786822203.390681300] [velocity_path_follower]: waypoint 1258 / 5251 도달 (선 이탈 0.37 m)
[velocity_path_follower.py-9] [INFO] [1786822203.740657915] [velocity_path_follower]: waypoint 1259 / 5251 도달 (선 이탈 0.36 m)
[velocity_path_follower.py-9] [INFO] [1786822204.090946918] [velocity_path_follower]: waypoint 1260 / 5251 도달 (선 이탈 0.35 m)
[velocity_path_follower.py-9] [INFO] [1786822204.491062198] [velocity_path_follower]: waypoint 1261 / 5251 도달 (선 이탈 0.34 m)
[velocity_path_follower.py-9] [INFO] [1786822204.840827281] [velocity_path_follower]: waypoint 1262 / 5251 도달 (선 이탈 0.31 m)
[velocity_path_follower.py-9] [INFO] [1786822205.190786837] [velocity_path_follower]: waypoint 1263 / 5251 도달 (선 이탈 0.29 m)
[velocity_path_follower.py-9] [INFO] [1786822205.540695399] [velocity_path_follower]: waypoint 1264 / 5251 도달 (선 이탈 0.26 m)
[velocity_path_follower.py-9] [INFO] [1786822205.940995452] [velocity_path_follower]: waypoint 1265 / 5251 도달 (선 이탈 0.22 m)
[velocity_path_follower.py-9] [INFO] [1786822206.240599786] [velocity_path_follower]: 545.0s  wp 1266/5251 이탈0.2m  위치 ( -13.61,  -141.91,   7.80)
[velocity_path_follower.py-9] [INFO] [1786822206.290671354] [velocity_path_follower]: waypoint 1266 / 5251 도달 (선 이탈 0.19 m)
[velocity_path_follower.py-9] [INFO] [1786822206.642775747] [velocity_path_follower]: waypoint 1267 / 5251 도달 (선 이탈 0.15 m)
[velocity_path_follower.py-9] [INFO] [1786822206.994867348] [velocity_path_follower]: waypoint 1268 / 5251 도달 (선 이탈 0.11 m)
[velocity_path_follower.py-9] [INFO] [1786822207.345004365] [velocity_path_follower]: waypoint 1269 / 5251 도달 (선 이탈 0.08 m)
[velocity_path_follower.py-9] [INFO] [1786822207.694833040] [velocity_path_follower]: waypoint 1270 / 5251 도달 (선 이탈 0.04 m)
[velocity_path_follower.py-9] [INFO] [1786822208.044786803] [velocity_path_follower]: waypoint 1271 / 5251 도달 (선 이탈 0.01 m)
[velocity_path_follower.py-9] [INFO] [1786822208.394943587] [velocity_path_follower]: waypoint 1272 / 5251 도달 (선 이탈 0.03 m)
[velocity_path_follower.py-9] [INFO] [1786822208.744882906] [velocity_path_follower]: waypoint 1273 / 5251 도달 (선 이탈 0.06 m)
[velocity_path_follower.py-9] [INFO] [1786822209.095089029] [velocity_path_follower]: waypoint 1274 / 5251 도달 (선 이탈 0.09 m)
[velocity_path_follower.py-9] [INFO] [1786822209.445033406] [velocity_path_follower]: waypoint 1275 / 5251 도달 (선 이탈 0.11 m)
[velocity_path_follower.py-9] [INFO] [1786822209.844890269] [velocity_path_follower]: waypoint 1276 / 5251 도달 (선 이탈 0.14 m)
[velocity_path_follower.py-9] [INFO] [1786822210.145010460] [velocity_path_follower]: waypoint 1277 / 5251 도달 (선 이탈 0.15 m)
[velocity_path_follower.py-9] [INFO] [1786822210.545297896] [velocity_path_follower]: waypoint 1278 / 5251 도달 (선 이탈 0.17 m)
[velocity_path_follower.py-9] [INFO] [1786822210.845002290] [velocity_path_follower]: waypoint 1279 / 5251 도달 (선 이탈 0.18 m)
[velocity_path_follower.py-9] [INFO] [1786822211.247437301] [velocity_path_follower]: waypoint 1280 / 5251 도달 (선 이탈 0.19 m)
[velocity_path_follower.py-9] [INFO] [1786822211.297287956] [velocity_path_follower]: 550.1s  wp 1281/5251 이탈0.2m  위치 (  -6.44,  -142.29,  10.78)
[velocity_path_follower.py-9] [INFO] [1786822211.597431294] [velocity_path_follower]: waypoint 1281 / 5251 도달 (선 이탈 0.19 m)
[velocity_path_follower.py-9] [INFO] [1786822211.899839450] [velocity_path_follower]: waypoint 1282 / 5251 도달 (선 이탈 0.19 m)
[velocity_path_follower.py-9] [INFO] [1786822212.301659463] [velocity_path_follower]: waypoint 1283 / 5251 도달 (선 이탈 0.19 m)
[velocity_path_follower.py-9] [INFO] [1786822212.604840447] [velocity_path_follower]: waypoint 1284 / 5251 도달 (선 이탈 0.19 m)
[velocity_path_follower.py-9] [INFO] [1786822213.004604944] [velocity_path_follower]: waypoint 1285 / 5251 도달 (선 이탈 0.18 m)
[velocity_path_follower.py-9] [INFO] [1786822213.354799017] [velocity_path_follower]: waypoint 1286 / 5251 도달 (선 이탈 0.16 m)
[velocity_path_follower.py-9] [INFO] [1786822213.704939838] [velocity_path_follower]: waypoint 1287 / 5251 도달 (선 이탈 0.15 m)
[velocity_path_follower.py-9] [INFO] [1786822214.004866905] [velocity_path_follower]: waypoint 1288 / 5251 도달 (선 이탈 0.14 m)
[velocity_path_follower.py-9] [INFO] [1786822214.405343126] [velocity_path_follower]: waypoint 1289 / 5251 도달 (선 이탈 0.12 m)
[velocity_path_follower.py-9] [INFO] [1786822214.756911173] [velocity_path_follower]: waypoint 1290 / 5251 도달 (선 이탈 0.10 m)
[velocity_path_follower.py-9] [INFO] [1786822215.106830466] [velocity_path_follower]: waypoint 1291 / 5251 도달 (선 이탈 0.08 m)
[velocity_path_follower.py-9] [INFO] [1786822215.456681976] [velocity_path_follower]: waypoint 1292 / 5251 도달 (선 이탈 0.06 m)
[velocity_path_follower.py-9] [INFO] [1786822215.756962622] [velocity_path_follower]: waypoint 1293 / 5251 도달 (선 이탈 0.05 m)
[velocity_path_follower.py-9] [INFO] [1786822216.107073478] [velocity_path_follower]: waypoint 1294 / 5251 도달 (선 이탈 0.03 m)
[velocity_path_follower.py-9] [INFO] [1786822216.256638645] [velocity_path_follower]: 555.0s  wp 1295/5251 이탈0.0m  위치 (   0.62,  -142.12,   9.57)
[velocity_path_follower.py-9] [INFO] [1786822216.456862003] [velocity_path_follower]: waypoint 1295 / 5251 도달 (선 이탈 0.01 m)
[velocity_path_follower.py-9] [INFO] [1786822216.806901826] [velocity_path_follower]: waypoint 1296 / 5251 도달 (선 이탈 0.01 m)
[velocity_path_follower.py-9] [INFO] [1786822217.159883662] [velocity_path_follower]: waypoint 1297 / 5251 도달 (선 이탈 0.03 m)
[velocity_path_follower.py-9] [INFO] [1786822217.510192134] [velocity_path_follower]: waypoint 1298 / 5251 도달 (선 이탈 0.04 m)
[velocity_path_follower.py-9] [INFO] [1786822217.861871772] [velocity_path_follower]: waypoint 1299 / 5251 도달 (선 이탈 0.06 m)
[velocity_path_follower.py-9] [INFO] [1786822218.212028374] [velocity_path_follower]: waypoint 1300 / 5251 도달 (선 이탈 0.07 m)
[velocity_path_follower.py-9] [INFO] [1786822218.561827305] [velocity_path_follower]: waypoint 1301 / 5251 도달 (선 이탈 0.08 m)
[velocity_path_follower.py-9] [INFO] [1786822218.911686904] [velocity_path_follower]: waypoint 1302 / 5251 도달 (선 이탈 0.09 m)
[velocity_path_follower.py-9] [INFO] [1786822219.261635893] [velocity_path_follower]: waypoint 1303 / 5251 도달 (선 이탈 0.09 m)
[velocity_path_follower.py-9] [INFO] [1786822219.611867644] [velocity_path_follower]: waypoint 1304 / 5251 도달 (선 이탈 0.10 m)
[velocity_path_follower.py-9] [INFO] [1786822219.961785302] [velocity_path_follower]: waypoint 1305 / 5251 도달 (선 이탈 0.10 m)
[velocity_path_follower.py-9] [INFO] [1786822220.311692015] [velocity_path_follower]: waypoint 1306 / 5251 도달 (선 이탈 0.10 m)
[velocity_path_follower.py-9] [INFO] [1786822220.661609814] [velocity_path_follower]: waypoint 1307 / 5251 도달 (선 이탈 0.10 m)
[velocity_path_follower.py-9] [INFO] [1786822221.011649492] [velocity_path_follower]: waypoint 1308 / 5251 도달 (선 이탈 0.10 m)
[velocity_path_follower.py-9] [INFO] [1786822221.263987765] [velocity_path_follower]: 560.0s  wp 1309/5251 이탈0.1m  위치 (   7.80,  -142.01,   8.67)
[velocity_path_follower.py-9] [INFO] [1786822221.363917669] [velocity_path_follower]: waypoint 1309 / 5251 도달 (선 이탈 0.09 m)
[velocity_path_follower.py-9] [INFO] [1786822221.713823650] [velocity_path_follower]: waypoint 1310 / 5251 도달 (선 이탈 0.09 m)
[velocity_path_follower.py-9] [INFO] [1786822222.063842803] [velocity_path_follower]: waypoint 1311 / 5251 도달 (선 이탈 0.08 m)
[velocity_path_follower.py-9] [INFO] [1786822222.414038725] [velocity_path_follower]: waypoint 1312 / 5251 도달 (선 이탈 0.07 m)
[velocity_path_follower.py-9] [INFO] [1786822222.766055410] [velocity_path_follower]: waypoint 1313 / 5251 도달 (선 이탈 0.06 m)
[velocity_path_follower.py-9] [INFO] [1786822223.115951494] [velocity_path_follower]: waypoint 1314 / 5251 도달 (선 이탈 0.05 m)
[velocity_path_follower.py-9] [INFO] [1786822223.416072909] [velocity_path_follower]: waypoint 1315 / 5251 도달 (선 이탈 0.04 m)
[velocity_path_follower.py-9] [INFO] [1786822223.815832228] [velocity_path_follower]: waypoint 1316 / 5251 도달 (선 이탈 0.03 m)
[velocity_path_follower.py-9] [INFO] [1786822224.166086382] [velocity_path_follower]: waypoint 1317 / 5251 도달 (선 이탈 0.02 m)
[velocity_path_follower.py-9] [INFO] [1786822224.466006679] [velocity_path_follower]: waypoint 1318 / 5251 도달 (선 이탈 0.01 m)
[velocity_path_follower.py-9] [INFO] [1786822224.816240966] [velocity_path_follower]: waypoint 1319 / 5251 도달 (선 이탈 0.00 m)
[velocity_path_follower.py-9] [INFO] [1786822225.169099257] [velocity_path_follower]: waypoint 1320 / 5251 도달 (선 이탈 0.01 m)
[velocity_path_follower.py-9] [INFO] [1786822225.521841594] [velocity_path_follower]: waypoint 1321 / 5251 도달 (선 이탈 0.01 m)
[velocity_path_follower.py-9] [INFO] [1786822225.873916744] [velocity_path_follower]: waypoint 1322 / 5251 도달 (선 이탈 0.02 m)
[velocity_path_follower.py-9] [INFO] [1786822226.223820422] [velocity_path_follower]: waypoint 1323 / 5251 도달 (선 이탈 0.03 m)
[velocity_path_follower.py-9] [INFO] [1786822226.274485010] [velocity_path_follower]: 565.0s  wp 1324/5251 이탈0.0m  위치 (  15.00,  -142.13,  10.62)
[velocity_path_follower.py-9] [INFO] [1786822226.573873525] [velocity_path_follower]: waypoint 1324 / 5251 도달 (선 이탈 0.03 m)
[velocity_path_follower.py-9] [INFO] [1786822226.923865753] [velocity_path_follower]: waypoint 1325 / 5251 도달 (선 이탈 0.04 m)
[velocity_path_follower.py-9] [INFO] [1786822227.273673069] [velocity_path_follower]: waypoint 1326 / 5251 도달 (선 이탈 0.04 m)
[velocity_path_follower.py-9] [INFO] [1786822227.623829442] [velocity_path_follower]: waypoint 1327 / 5251 도달 (선 이탈 0.05 m)
[velocity_path_follower.py-9] [INFO] [1786822227.973746265] [velocity_path_follower]: waypoint 1328 / 5251 도달 (선 이탈 0.05 m)
[velocity_path_follower.py-9] [INFO] [1786822228.323962404] [velocity_path_follower]: waypoint 1329 / 5251 도달 (선 이탈 0.05 m)
[velocity_path_follower.py-9] [INFO] [1786822228.673812240] [velocity_path_follower]: waypoint 1330 / 5251 도달 (선 이탈 0.05 m)
[velocity_path_follower.py-9] [INFO] [1786822229.024192219] [velocity_path_follower]: waypoint 1331 / 5251 도달 (선 이탈 0.05 m)
[velocity_path_follower.py-9] [INFO] [1786822229.323860991] [velocity_path_follower]: waypoint 1332 / 5251 도달 (선 이탈 0.05 m)
[velocity_path_follower.py-9] [INFO] [1786822229.723867047] [velocity_path_follower]: waypoint 1333 / 5251 도달 (선 이탈 0.05 m)
[velocity_path_follower.py-9] [INFO] [1786822230.073820781] [velocity_path_follower]: waypoint 1334 / 5251 도달 (선 이탈 0.04 m)
[velocity_path_follower.py-9] [INFO] [1786822230.373995248] [velocity_path_follower]: waypoint 1335 / 5251 도달 (선 이탈 0.04 m)
[velocity_path_follower.py-9] [INFO] [1786822230.774121950] [velocity_path_follower]: waypoint 1336 / 5251 도달 (선 이탈 0.04 m)
[ros2-8] [INFO] [1786822230.853334258] [rosbag2_cpp]: Writing remaining messages from cache to the bag. It may take a while
[velocity_path_follower.py-9] [INFO] [1786822231.074230918] [velocity_path_follower]: waypoint 1337 / 5251 도달 (선 이탈 0.03 m)
[velocity_path_follower.py-9] [INFO] [1786822231.273796805] [velocity_path_follower]: 570.0s  wp 1338/5251 이탈0.0m  위치 (  22.20,  -142.13,  11.59)
[velocity_path_follower.py-9] [INFO] [1786822231.423985215] [velocity_path_follower]: waypoint 1338 / 5251 도달 (선 이탈 0.03 m)
[velocity_path_follower.py-9] [INFO] [1786822231.774000352] [velocity_path_follower]: waypoint 1339 / 5251 도달 (선 이탈 0.02 m)
[velocity_path_follower.py-9] [INFO] [1786822232.123811614] [velocity_path_follower]: waypoint 1340 / 5251 도달 (선 이탈 0.02 m)
[velocity_path_follower.py-9] [INFO] [1786822232.473984230] [velocity_path_follower]: waypoint 1341 / 5251 도달 (선 이탈 0.01 m)
[velocity_path_follower.py-9] [INFO] [1786822232.823699748] [velocity_path_follower]: waypoint 1342 / 5251 도달 (선 이탈 0.01 m)
[velocity_path_follower.py-9] [INFO] [1786822233.174034793] [velocity_path_follower]: waypoint 1343 / 5251 도달 (선 이탈 0.00 m)
[velocity_path_follower.py-9] [INFO] [1786822233.523869247] [velocity_path_follower]: waypoint 1344 / 5251 도달 (선 이탈 0.00 m)
[velocity_path_follower.py-9] [INFO] [1786822233.874330721] [velocity_path_follower]: waypoint 1345 / 5251 도달 (선 이탈 0.01 m)
[velocity_path_follower.py-9] [INFO] [1786822234.224130308] [velocity_path_follower]: waypoint 1346 / 5251 도달 (선 이탈 0.01 m)
[velocity_path_follower.py-9] [INFO] [1786822234.573894358] [velocity_path_follower]: waypoint 1347 / 5251 도달 (선 이탈 0.02 m)
[velocity_path_follower.py-9] [INFO] [1786822234.924121756] [velocity_path_follower]: waypoint 1348 / 5251 도달 (선 이탈 0.02 m)
[velocity_path_follower.py-9] [INFO] [1786822235.224006609] [velocity_path_follower]: waypoint 1349 / 5251 도달 (선 이탈 0.02 m)
[velocity_path_follower.py-9] [INFO] [1786822235.573807801] [velocity_path_follower]: waypoint 1350 / 5251 도달 (선 이탈 0.02 m)
[velocity_path_follower.py-9] [INFO] [1786822235.974036135] [velocity_path_follower]: waypoint 1351 / 5251 도달 (선 이탈 0.03 m)
[velocity_path_follower.py-9] [INFO] [1786822236.273881627] [velocity_path_follower]: waypoint 1352 / 5251 도달 (선 이탈 0.03 m)
[velocity_path_follower.py-9] [INFO] [1786822236.323946719] [velocity_path_follower]: 575.1s  wp 1353/5251 이탈0.0m  위치 (  29.50,  -142.07,  10.90)
[velocity_path_follower.py-9] [INFO] [1786822236.632342560] [velocity_path_follower]: waypoint 1353 / 5251 도달 (선 이탈 0.03 m)
[velocity_path_follower.py-9] [INFO] [1786822236.982370357] [velocity_path_follower]: waypoint 1354 / 5251 도달 (선 이탈 0.03 m)
[velocity_path_follower.py-9] [INFO] [1786822237.332025323] [velocity_path_follower]: waypoint 1355 / 5251 도달 (선 이탈 0.03 m)
[velocity_path_follower.py-9] [INFO] [1786822237.682200932] [velocity_path_follower]: waypoint 1356 / 5251 도달 (선 이탈 0.03 m)
[velocity_path_follower.py-9] [INFO] [1786822238.031968820] [velocity_path_follower]: waypoint 1357 / 5251 도달 (선 이탈 0.03 m)
[velocity_path_follower.py-9] [INFO] [1786822238.382110609] [velocity_path_follower]: waypoint 1358 / 5251 도달 (선 이탈 0.03 m)
[velocity_path_follower.py-9] [INFO] [1786822238.731861594] [velocity_path_follower]: waypoint 1359 / 5251 도달 (선 이탈 0.02 m)
[velocity_path_follower.py-9] [INFO] [1786822239.082456984] [velocity_path_follower]: waypoint 1360 / 5251 도달 (선 이탈 0.02 m)
[velocity_path_follower.py-9] [INFO] [1786822239.432087897] [velocity_path_follower]: waypoint 1361 / 5251 도달 (선 이탈 0.02 m)
[velocity_path_follower.py-9] [INFO] [1786822239.732148644] [velocity_path_follower]: waypoint 1362 / 5251 도달 (선 이탈 0.02 m)
[velocity_path_follower.py-9] [INFO] [1786822240.132140378] [velocity_path_follower]: waypoint 1363 / 5251 도달 (선 이탈 0.01 m)
[velocity_path_follower.py-9] [INFO] [1786822240.481934061] [velocity_path_follower]: waypoint 1364 / 5251 도달 (선 이탈 0.01 m)
[velocity_path_follower.py-9] [INFO] [1786822240.782080949] [velocity_path_follower]: waypoint 1365 / 5251 도달 (선 이탈 0.01 m)
[velocity_path_follower.py-9] [INFO] [1786822241.132053726] [velocity_path_follower]: waypoint 1366 / 5251 도달 (선 이탈 0.01 m)
[velocity_path_follower.py-9] [INFO] [1786822241.281870731] [velocity_path_follower]: 580.0s  wp 1367/5251 이탈0.0m  위치 (  36.62,  -142.10,   9.80)
[velocity_path_follower.py-9] [INFO] [1786822241.482001679] [velocity_path_follower]: waypoint 1367 / 5251 도달 (선 이탈 0.00 m)
[velocity_path_follower.py-9] [INFO] [1786822241.831938631] [velocity_path_follower]: waypoint 1368 / 5251 도달 (선 이탈 0.00 m)
[velocity_path_follower.py-9] [INFO] [1786822242.181993804] [velocity_path_follower]: waypoint 1369 / 5251 도달 (선 이탈 0.00 m)
[velocity_path_follower.py-9] [INFO] [1786822242.532980220] [velocity_path_follower]: waypoint 1370 / 5251 도달 (선 이탈 0.00 m)
[velocity_path_follower.py-9] [INFO] [1786822242.882032243] [velocity_path_follower]: waypoint 1371 / 5251 도달 (선 이탈 0.01 m)
[velocity_path_follower.py-9] [INFO] [1786822243.232123475] [velocity_path_follower]: waypoint 1372 / 5251 도달 (선 이탈 0.01 m)
[velocity_path_follower.py-9] [INFO] [1786822243.582116126] [velocity_path_follower]: waypoint 1373 / 5251 도달 (선 이탈 0.01 m)
[velocity_path_follower.py-9] [INFO] [1786822243.934842029] [velocity_path_follower]: waypoint 1374 / 5251 도달 (선 이탈 0.01 m)
[velocity_path_follower.py-9] [INFO] [1786822244.284649269] [velocity_path_follower]: waypoint 1375 / 5251 도달 (선 이탈 0.01 m)
[velocity_path_follower.py-9] [INFO] [1786822244.634683852] [velocity_path_follower]: waypoint 1376 / 5251 도달 (선 이탈 0.01 m)
[velocity_path_follower.py-9] [INFO] [1786822244.935052423] [velocity_path_follower]: waypoint 1377 / 5251 도달 (선 이탈 0.01 m)
[velocity_path_follower.py-9] [INFO] [1786822245.334810535] [velocity_path_follower]: waypoint 1378 / 5251 도달 (선 이탈 0.01 m)
[velocity_path_follower.py-9] [INFO] [1786822245.684635919] [velocity_path_follower]: waypoint 1379 / 5251 도달 (선 이탈 0.01 m)
[velocity_path_follower.py-9] [INFO] [1786822245.984974084] [velocity_path_follower]: waypoint 1380 / 5251 도달 (선 이탈 0.01 m)
[velocity_path_follower.py-9] [INFO] [1786822246.284550404] [velocity_path_follower]: 585.0s  wp 1381/5251 이탈0.0m  위치 (  43.83,  -142.11,   8.28)
[velocity_path_follower.py-9] [INFO] [1786822246.384928972] [velocity_path_follower]: waypoint 1381 / 5251 도달 (선 이탈 0.01 m)
[velocity_path_follower.py-9] [INFO] [1786822246.684839970] [velocity_path_follower]: waypoint 1382 / 5251 도달 (선 이탈 0.01 m)
[velocity_path_follower.py-9] [INFO] [1786822247.034784998] [velocity_path_follower]: waypoint 1383 / 5251 도달 (선 이탈 0.01 m)
[velocity_path_follower.py-9] [INFO] [1786822247.388027768] [velocity_path_follower]: waypoint 1384 / 5251 도달 (선 이탈 0.01 m)
[velocity_path_follower.py-9] [INFO] [1786822247.737821888] [velocity_path_follower]: waypoint 1385 / 5251 도달 (선 이탈 0.01 m)
[velocity_path_follower.py-9] [INFO] [1786822248.088048234] [velocity_path_follower]: waypoint 1386 / 5251 도달 (선 이탈 0.01 m)
[velocity_path_follower.py-9] [INFO] [1786822248.437857870] [velocity_path_follower]: waypoint 1387 / 5251 도달 (선 이탈 0.01 m)
[velocity_path_follower.py-9] [INFO] [1786822248.787960973] [velocity_path_follower]: waypoint 1388 / 5251 도달 (선 이탈 0.01 m)
[velocity_path_follower.py-9] [INFO] [1786822249.140209358] [velocity_path_follower]: waypoint 1389 / 5251 도달 (선 이탈 0.00 m)
[velocity_path_follower.py-9] [INFO] [1786822249.490341060] [velocity_path_follower]: waypoint 1390 / 5251 도달 (선 이탈 0.00 m)
[velocity_path_follower.py-9] [INFO] [1786822249.840145168] [velocity_path_follower]: waypoint 1391 / 5251 도달 (선 이탈 0.00 m)
[velocity_path_follower.py-9] [INFO] [1786822250.140461389] [velocity_path_follower]: waypoint 1392 / 5251 도달 (선 이탈 0.00 m)
[velocity_path_follower.py-9] [INFO] [1786822250.540335134] [velocity_path_follower]: waypoint 1393 / 5251 도달 (선 이탈 0.00 m)
[velocity_path_follower.py-9] [INFO] [1786822250.840647195] [velocity_path_follower]: waypoint 1394 / 5251 도달 (선 이탈 0.00 m)
[velocity_path_follower.py-9] [INFO] [1786822251.190250569] [velocity_path_follower]: waypoint 1395 / 5251 도달 (선 이탈 0.00 m)
[velocity_path_follower.py-9] [INFO] [1786822251.290044140] [velocity_path_follower]: 590.0s  wp 1396/5251 이탈0.0m  위치 (  51.05,  -142.10,  11.04)
[velocity_path_follower.py-9] [INFO] [1786822251.590300836] [velocity_path_follower]: waypoint 1396 / 5251 도달 (선 이탈 0.01 m)
[velocity_path_follower.py-9] [INFO] [1786822251.890251524] [velocity_path_follower]: waypoint 1397 / 5251 도달 (선 이탈 0.01 m)
[velocity_path_follower.py-9] [INFO] [1786822252.240352389] [velocity_path_follower]: waypoint 1398 / 5251 도달 (선 이탈 0.01 m)
[velocity_path_follower.py-9] [INFO] [1786822252.605254227] [velocity_path_follower]: waypoint 1399 / 5251 도달 (선 이탈 0.01 m)
[velocity_path_follower.py-9] [INFO] [1786822252.951222133] [velocity_path_follower]: waypoint 1400 / 5251 도달 (선 이탈 0.01 m)
[velocity_path_follower.py-9] [INFO] [1786822253.301085175] [velocity_path_follower]: waypoint 1401 / 5251 도달 (선 이탈 0.01 m)
[velocity_path_follower.py-9] [INFO] [1786822253.651151016] [velocity_path_follower]: waypoint 1402 / 5251 도달 (선 이탈 0.01 m)
[velocity_path_follower.py-9] [INFO] [1786822254.000953142] [velocity_path_follower]: waypoint 1403 / 5251 도달 (선 이탈 0.01 m)
[velocity_path_follower.py-9] [INFO] [1786822254.351145627] [velocity_path_follower]: waypoint 1404 / 5251 도달 (선 이탈 0.01 m)
[velocity_path_follower.py-9] [INFO] [1786822254.701220483] [velocity_path_follower]: waypoint 1405 / 5251 도달 (선 이탈 0.01 m)
[velocity_path_follower.py-9] [INFO] [1786822255.051026625] [velocity_path_follower]: waypoint 1406 / 5251 도달 (선 이탈 0.01 m)
[velocity_path_follower.py-9] [INFO] [1786822255.351084116] [velocity_path_follower]: waypoint 1407 / 5251 도달 (선 이탈 0.01 m)
[velocity_path_follower.py-9] [INFO] [1786822255.751075406] [velocity_path_follower]: waypoint 1408 / 5251 도달 (선 이탈 0.01 m)
[velocity_path_follower.py-9] [INFO] [1786822256.101045070] [velocity_path_follower]: waypoint 1409 / 5251 도달 (선 이탈 0.01 m)
[velocity_path_follower.py-9] [INFO] [1786822256.300875259] [velocity_path_follower]: 595.0s  wp 1410/5251 이탈0.0m  위치 (  58.26,  -142.09,  14.30)
[velocity_path_follower.py-9] [INFO] [1786822256.401073863] [velocity_path_follower]: waypoint 1410 / 5251 도달 (선 이탈 0.01 m)
[velocity_path_follower.py-9] [INFO] [1786822256.751167125] [velocity_path_follower]: waypoint 1411 / 5251 도달 (선 이탈 0.00 m)
[velocity_path_follower.py-9] [INFO] [1786822257.101383769] [velocity_path_follower]: waypoint 1412 / 5251 도달 (선 이탈 0.00 m)
[velocity_path_follower.py-9] [INFO] [1786822257.450930611] [velocity_path_follower]: waypoint 1413 / 5251 도달 (선 이탈 0.00 m)
[velocity_path_follower.py-9] [INFO] [1786822261.313485101] [velocity_path_follower]: 600.0s  wp 1414/5251 이탈2.6m  위치 (  63.98,  -140.52,  10.25)
[velocity_path_follower.py-9] [INFO] [1786822262.613186945] [velocity_path_follower]: waypoint 1414 / 5251 도달 (선 이탈 2.99 m)
[velocity_path_follower.py-9] [INFO] [1786822266.313185557] [velocity_path_follower]: 605.0s  wp 1416/5251 이탈1.0m  위치 (  63.26,  -137.08,   7.94)
[velocity_path_follower.py-9] [INFO] [1786822267.513174448] [velocity_path_follower]: waypoint 1416 / 5251 도달 (선 이탈 1.36 m)
[velocity_path_follower.py-9] [INFO] [1786822268.113129391] [velocity_path_follower]: waypoint 1417 / 5251 도달 (선 이탈 1.43 m)
[velocity_path_follower.py-9] [INFO] [1786822268.713149480] [velocity_path_follower]: waypoint 1418 / 5251 도달 (선 이탈 1.44 m)
[velocity_path_follower.py-9] [INFO] [1786822269.313301169] [velocity_path_follower]: waypoint 1419 / 5251 도달 (선 이탈 1.38 m)
[velocity_path_follower.py-9] [INFO] [1786822269.863203578] [velocity_path_follower]: waypoint 1420 / 5251 도달 (선 이탈 1.29 m)
[velocity_path_follower.py-9] [INFO] [1786822270.413111254] [velocity_path_follower]: waypoint 1421 / 5251 도달 (선 이탈 1.16 m)
[velocity_path_follower.py-9] [INFO] [1786822270.913188489] [velocity_path_follower]: waypoint 1422 / 5251 도달 (선 이탈 1.01 m)
[velocity_path_follower.py-9] [INFO] [1786822271.313163703] [velocity_path_follower]: 610.0s  wp 1423/5251 이탈0.9m  위치 (  58.97,  -137.22,  10.40)
[velocity_path_follower.py-9] [INFO] [1786822271.413377494] [velocity_path_follower]: waypoint 1423 / 5251 도달 (선 이탈 0.85 m)
[velocity_path_follower.py-9] [INFO] [1786822271.913293827] [velocity_path_follower]: waypoint 1424 / 5251 도달 (선 이탈 0.67 m)
[velocity_path_follower.py-9] [INFO] [1786822272.413159633] [velocity_path_follower]: waypoint 1425 / 5251 도달 (선 이탈 0.49 m)
[velocity_path_follower.py-9] [INFO] [1786822272.865394188] [velocity_path_follower]: waypoint 1426 / 5251 도달 (선 이탈 0.32 m)
[velocity_path_follower.py-9] [INFO] [1786822273.315179676] [velocity_path_follower]: waypoint 1427 / 5251 도달 (선 이탈 0.15 m)
[velocity_path_follower.py-9] [INFO] [1786822273.765411018] [velocity_path_follower]: waypoint 1428 / 5251 도달 (선 이탈 0.01 m)
[velocity_path_follower.py-9] [INFO] [1786822274.215295065] [velocity_path_follower]: waypoint 1429 / 5251 도달 (선 이탈 0.16 m)
[velocity_path_follower.py-9] [INFO] [1786822274.615276289] [velocity_path_follower]: waypoint 1430 / 5251 도달 (선 이탈 0.28 m)
[velocity_path_follower.py-9] [INFO] [1786822275.065187558] [velocity_path_follower]: waypoint 1431 / 5251 도달 (선 이탈 0.40 m)
[velocity_path_follower.py-9] [INFO] [1786822275.465206716] [velocity_path_follower]: waypoint 1432 / 5251 도달 (선 이탈 0.49 m)
[velocity_path_follower.py-9] [INFO] [1786822275.865290668] [velocity_path_follower]: waypoint 1433 / 5251 도달 (선 이탈 0.57 m)
[velocity_path_follower.py-9] [INFO] [1786822276.265391631] [velocity_path_follower]: waypoint 1434 / 5251 도달 (선 이탈 0.63 m)
[velocity_path_follower.py-9] [INFO] [1786822276.315040000] [velocity_path_follower]: 615.0s  wp 1435/5251 이탈0.6m  위치 (  53.31,  -138.73,  10.38)
[velocity_path_follower.py-9] [INFO] [1786822276.665926030] [velocity_path_follower]: waypoint 1435 / 5251 도달 (선 이탈 0.67 m)
[velocity_path_follower.py-9] [INFO] [1786822277.065422523] [velocity_path_follower]: waypoint 1436 / 5251 도달 (선 이탈 0.69 m)
[velocity_path_follower.py-9] [INFO] [1786822277.465362252] [velocity_path_follower]: waypoint 1437 / 5251 도달 (선 이탈 0.70 m)
[velocity_path_follower.py-9] [INFO] [1786822277.865297856] [velocity_path_follower]: waypoint 1438 / 5251 도달 (선 이탈 0.70 m)
[velocity_path_follower.py-9] [INFO] [1786822278.267831389] [velocity_path_follower]: waypoint 1439 / 5251 도달 (선 이탈 0.68 m)
[velocity_path_follower.py-9] [INFO] [1786822278.667861303] [velocity_path_follower]: waypoint 1440 / 5251 도달 (선 이탈 0.64 m)
[velocity_path_follower.py-9] [INFO] [1786822279.017628575] [velocity_path_follower]: waypoint 1441 / 5251 도달 (선 이탈 0.60 m)
[velocity_path_follower.py-9] [INFO] [1786822279.417953682] [velocity_path_follower]: waypoint 1442 / 5251 도달 (선 이탈 0.55 m)
[velocity_path_follower.py-9] [INFO] [1786822279.817646226] [velocity_path_follower]: waypoint 1443 / 5251 도달 (선 이탈 0.49 m)
[velocity_path_follower.py-9] [INFO] [1786822280.219682689] [velocity_path_follower]: waypoint 1444 / 5251 도달 (선 이탈 0.42 m)
[velocity_path_follower.py-9] [INFO] [1786822280.569963171] [velocity_path_follower]: waypoint 1445 / 5251 도달 (선 이탈 0.36 m)
[velocity_path_follower.py-9] [INFO] [1786822280.969909865] [velocity_path_follower]: waypoint 1446 / 5251 도달 (선 이탈 0.28 m)
[velocity_path_follower.py-9] [INFO] [1786822281.319916851] [velocity_path_follower]: waypoint 1447 / 5251 도달 (선 이탈 0.21 m)
[velocity_path_follower.py-9] [INFO] [1786822281.369820447] [velocity_path_follower]: 620.1s  wp 1448/5251 이탈0.2m  위치 (  46.81,  -138.30,   8.84)
[velocity_path_follower.py-9] [INFO] [1786822281.721680119] [velocity_path_follower]: waypoint 1448 / 5251 도달 (선 이탈 0.13 m)
[velocity_path_follower.py-9] [INFO] [1786822282.121868550] [velocity_path_follower]: waypoint 1449 / 5251 도달 (선 이탈 0.06 m)
[velocity_path_follower.py-9] [INFO] [1786822282.471623459] [velocity_path_follower]: waypoint 1450 / 5251 도달 (선 이탈 0.01 m)
[velocity_path_follower.py-9] [INFO] [1786822282.821908385] [velocity_path_follower]: waypoint 1451 / 5251 도달 (선 이탈 0.07 m)
[velocity_path_follower.py-9] [INFO] [1786822283.221699072] [velocity_path_follower]: waypoint 1452 / 5251 도달 (선 이탈 0.13 m)
[velocity_path_follower.py-9] [INFO] [1786822283.572022972] [velocity_path_follower]: waypoint 1453 / 5251 도달 (선 이탈 0.18 m)
[velocity_path_follower.py-9] [INFO] [1786822283.924382398] [velocity_path_follower]: waypoint 1454 / 5251 도달 (선 이탈 0.23 m)
[velocity_path_follower.py-9] [INFO] [1786822284.323939805] [velocity_path_follower]: waypoint 1455 / 5251 도달 (선 이탈 0.27 m)
[velocity_path_follower.py-9] [INFO] [1786822284.673889748] [velocity_path_follower]: waypoint 1456 / 5251 도달 (선 이탈 0.30 m)
[velocity_path_follower.py-9] [INFO] [1786822285.023874735] [velocity_path_follower]: waypoint 1457 / 5251 도달 (선 이탈 0.32 m)
[velocity_path_follower.py-9] [INFO] [1786822285.373873943] [velocity_path_follower]: waypoint 1458 / 5251 도달 (선 이탈 0.34 m)
[velocity_path_follower.py-9] [INFO] [1786822285.723916903] [velocity_path_follower]: waypoint 1459 / 5251 도달 (선 이탈 0.35 m)
[velocity_path_follower.py-9] [INFO] [1786822286.123903431] [velocity_path_follower]: waypoint 1460 / 5251 도달 (선 이탈 0.35 m)
[velocity_path_follower.py-9] [INFO] [1786822286.323678027] [velocity_path_follower]: 625.0s  wp 1461/5251 이탈0.4m  위치 (  40.06,  -137.75,  10.08)
[velocity_path_follower.py-9] [INFO] [1786822286.473836693] [velocity_path_follower]: waypoint 1461 / 5251 도달 (선 이탈 0.35 m)
[velocity_path_follower.py-9] [INFO] [1786822286.823898375] [velocity_path_follower]: waypoint 1462 / 5251 도달 (선 이탈 0.34 m)
[velocity_path_follower.py-9] [INFO] [1786822287.173867769] [velocity_path_follower]: waypoint 1463 / 5251 도달 (선 이탈 0.32 m)
[velocity_path_follower.py-9] [INFO] [1786822287.523911132] [velocity_path_follower]: waypoint 1464 / 5251 도달 (선 이탈 0.30 m)
[velocity_path_follower.py-9] [INFO] [1786822287.923829184] [velocity_path_follower]: waypoint 1465 / 5251 도달 (선 이탈 0.28 m)
[velocity_path_follower.py-9] [INFO] [1786822288.273828180] [velocity_path_follower]: waypoint 1466 / 5251 도달 (선 이탈 0.25 m)
[velocity_path_follower.py-9] [INFO] [1786822288.623853264] [velocity_path_follower]: waypoint 1467 / 5251 도달 (선 이탈 0.22 m)
[velocity_path_follower.py-9] [INFO] [1786822288.973910640] [velocity_path_follower]: waypoint 1468 / 5251 도달 (선 이탈 0.18 m)
[velocity_path_follower.py-9] [INFO] [1786822289.323954528] [velocity_path_follower]: waypoint 1469 / 5251 도달 (선 이탈 0.15 m)
[velocity_path_follower.py-9] [INFO] [1786822289.673990334] [velocity_path_follower]: waypoint 1470 / 5251 도달 (선 이탈 0.11 m)
[velocity_path_follower.py-9] [INFO] [1786822290.023902262] [velocity_path_follower]: waypoint 1471 / 5251 도달 (선 이탈 0.08 m)
[velocity_path_follower.py-9] [INFO] [1786822290.374038084] [velocity_path_follower]: waypoint 1472 / 5251 도달 (선 이탈 0.04 m)
[velocity_path_follower.py-9] [INFO] [1786822290.724057111] [velocity_path_follower]: waypoint 1473 / 5251 도달 (선 이탈 0.01 m)
[velocity_path_follower.py-9] [INFO] [1786822291.124014133] [velocity_path_follower]: waypoint 1474 / 5251 도달 (선 이탈 0.03 m)
[velocity_path_follower.py-9] [INFO] [1786822291.323684722] [velocity_path_follower]: 630.0s  wp 1475/5251 이탈0.0m  위치 (  33.04,  -138.14,  12.07)
[velocity_path_follower.py-9] [INFO] [1786822291.423856299] [velocity_path_follower]: waypoint 1475 / 5251 도달 (선 이탈 0.05 m)
[velocity_path_follower.py-9] [INFO] [1786822291.774202184] [velocity_path_follower]: waypoint 1476 / 5251 도달 (선 이탈 0.08 m)
[velocity_path_follower.py-9] [INFO] [1786822292.173864213] [velocity_path_follower]: waypoint 1477 / 5251 도달 (선 이탈 0.11 m)
[velocity_path_follower.py-9] [INFO] [1786822292.477516434] [velocity_path_follower]: waypoint 1478 / 5251 도달 (선 이탈 0.13 m)
[velocity_path_follower.py-9] [INFO] [1786822292.877070260] [velocity_path_follower]: waypoint 1479 / 5251 도달 (선 이탈 0.15 m)
[velocity_path_follower.py-9] [INFO] [1786822293.230453852] [velocity_path_follower]: waypoint 1480 / 5251 도달 (선 이탈 0.16 m)
[velocity_path_follower.py-9] [INFO] [1786822293.580632550] [velocity_path_follower]: waypoint 1481 / 5251 도달 (선 이탈 0.17 m)
[velocity_path_follower.py-9] [INFO] [1786822293.930698994] [velocity_path_follower]: waypoint 1482 / 5251 도달 (선 이탈 0.18 m)
[velocity_path_follower.py-9] [INFO] [1786822294.280535275] [velocity_path_follower]: waypoint 1483 / 5251 도달 (선 이탈 0.19 m)
[velocity_path_follower.py-9] [INFO] [1786822294.630594399] [velocity_path_follower]: waypoint 1484 / 5251 도달 (선 이탈 0.19 m)
[velocity_path_follower.py-9] [INFO] [1786822294.982998684] [velocity_path_follower]: waypoint 1485 / 5251 도달 (선 이탈 0.19 m)
[velocity_path_follower.py-9] [INFO] [1786822295.332673683] [velocity_path_follower]: waypoint 1486 / 5251 도달 (선 이탈 0.18 m)
[velocity_path_follower.py-9] [INFO] [1786822295.685764297] [velocity_path_follower]: waypoint 1487 / 5251 도달 (선 이탈 0.17 m)
[velocity_path_follower.py-9] [INFO] [1786822296.036071944] [velocity_path_follower]: waypoint 1488 / 5251 도달 (선 이탈 0.16 m)
[velocity_path_follower.py-9] [INFO] [1786822296.340950211] [velocity_path_follower]: 635.0s  wp 1489/5251 이탈0.1m  위치 (  25.92,  -138.25,  10.98)
[velocity_path_follower.py-9] [INFO] [1786822296.390905421] [velocity_path_follower]: waypoint 1489 / 5251 도달 (선 이탈 0.15 m)
[velocity_path_follower.py-9] [INFO] [1786822296.741065367] [velocity_path_follower]: waypoint 1490 / 5251 도달 (선 이탈 0.13 m)
[velocity_path_follower.py-9] [INFO] [1786822297.090663006] [velocity_path_follower]: waypoint 1491 / 5251 도달 (선 이탈 0.12 m)
[velocity_path_follower.py-9] [INFO] [1786822297.443250089] [velocity_path_follower]: waypoint 1492 / 5251 도달 (선 이탈 0.10 m)
[velocity_path_follower.py-9] [INFO] [1786822297.792905948] [velocity_path_follower]: waypoint 1493 / 5251 도달 (선 이탈 0.08 m)
[velocity_path_follower.py-9] [INFO] [1786822298.142978660] [velocity_path_follower]: waypoint 1494 / 5251 도달 (선 이탈 0.06 m)
[velocity_path_follower.py-9] [INFO] [1786822298.494983986] [velocity_path_follower]: waypoint 1495 / 5251 도달 (선 이탈 0.04 m)
[velocity_path_follower.py-9] [INFO] [1786822298.844868741] [velocity_path_follower]: waypoint 1496 / 5251 도달 (선 이탈 0.03 m)
[velocity_path_follower.py-9] [INFO] [1786822299.198261580] [velocity_path_follower]: waypoint 1497 / 5251 도달 (선 이탈 0.01 m)
[velocity_path_follower.py-9] [INFO] [1786822299.548250893] [velocity_path_follower]: waypoint 1498 / 5251 도달 (선 이탈 0.01 m)
[velocity_path_follower.py-9] [INFO] [1786822299.898102703] [velocity_path_follower]: waypoint 1499 / 5251 도달 (선 이탈 0.03 m)
[velocity_path_follower.py-9] [INFO] [1786822300.198614615] [velocity_path_follower]: waypoint 1500 / 5251 도달 (선 이탈 0.04 m)
[velocity_path_follower.py-9] [INFO] [1786822300.603014518] [velocity_path_follower]: waypoint 1501 / 5251 도달 (선 이탈 0.05 m)
[velocity_path_follower.py-9] [INFO] [1786822300.952775171] [velocity_path_follower]: waypoint 1502 / 5251 도달 (선 이탈 0.07 m)
[velocity_path_follower.py-9] [INFO] [1786822301.253040964] [velocity_path_follower]: waypoint 1503 / 5251 도달 (선 이탈 0.07 m)
[velocity_path_follower.py-9] [INFO] [1786822301.352621726] [velocity_path_follower]: 640.0s  wp 1504/5251 이탈0.1m  위치 (  18.75,  -138.02,  10.49)
[velocity_path_follower.py-9] [INFO] [1786822301.655379021] [velocity_path_follower]: waypoint 1504 / 5251 도달 (선 이탈 0.08 m)
[velocity_path_follower.py-9] [INFO] [1786822301.955062755] [velocity_path_follower]: waypoint 1505 / 5251 도달 (선 이탈 0.09 m)
[velocity_path_follower.py-9] [INFO] [1786822302.354979578] [velocity_path_follower]: waypoint 1506 / 5251 도달 (선 이탈 0.09 m)
[velocity_path_follower.py-9] [INFO] [1786822302.659660116] [velocity_path_follower]: waypoint 1507 / 5251 도달 (선 이탈 0.10 m)
[velocity_path_follower.py-9] [INFO] [1786822303.009902728] [velocity_path_follower]: waypoint 1508 / 5251 도달 (선 이탈 0.10 m)
[velocity_path_follower.py-9] [INFO] [1786822303.359929221] [velocity_path_follower]: waypoint 1509 / 5251 도달 (선 이탈 0.10 m)
[velocity_path_follower.py-9] [INFO] [1786822303.712026159] [velocity_path_follower]: waypoint 1510 / 5251 도달 (선 이탈 0.09 m)
[velocity_path_follower.py-9] [INFO] [1786822304.063957094] [velocity_path_follower]: waypoint 1511 / 5251 도달 (선 이탈 0.09 m)
[velocity_path_follower.py-9] [INFO] [1786822304.413753259] [velocity_path_follower]: waypoint 1512 / 5251 도달 (선 이탈 0.08 m)
[velocity_path_follower.py-9] [INFO] [1786822304.768944356] [velocity_path_follower]: waypoint 1513 / 5251 도달 (선 이탈 0.08 m)
[velocity_path_follower.py-9] [INFO] [1786822305.118876197] [velocity_path_follower]: waypoint 1514 / 5251 도달 (선 이탈 0.07 m)
[velocity_path_follower.py-9] [INFO] [1786822305.468633957] [velocity_path_follower]: waypoint 1515 / 5251 도달 (선 이탈 0.06 m)
[velocity_path_follower.py-9] [INFO] [1786822305.818890276] [velocity_path_follower]: waypoint 1516 / 5251 도달 (선 이탈 0.05 m)
[velocity_path_follower.py-9] [INFO] [1786822306.168969678] [velocity_path_follower]: waypoint 1517 / 5251 도달 (선 이탈 0.04 m)
[velocity_path_follower.py-9] [INFO] [1786822306.373592007] [velocity_path_follower]: 645.0s  wp 1518/5251 이탈0.0m  위치 (  11.56,  -138.06,  11.12)
[velocity_path_follower.py-9] [INFO] [1786822306.523657368] [velocity_path_follower]: waypoint 1518 / 5251 도달 (선 이탈 0.03 m)
[velocity_path_follower.py-9] [INFO] [1786822306.828076819] [velocity_path_follower]: waypoint 1519 / 5251 도달 (선 이탈 0.02 m)
[velocity_path_follower.py-9] [INFO] [1786822307.227688576] [velocity_path_follower]: waypoint 1520 / 5251 도달 (선 이탈 0.01 m)
[velocity_path_follower.py-9] [INFO] [1786822307.577853710] [velocity_path_follower]: waypoint 1521 / 5251 도달 (선 이탈 0.00 m)
[velocity_path_follower.py-9] [INFO] [1786822307.877947276] [velocity_path_follower]: waypoint 1522 / 5251 도달 (선 이탈 0.00 m)
[velocity_path_follower.py-9] [INFO] [1786822308.228222922] [velocity_path_follower]: waypoint 1523 / 5251 도달 (선 이탈 0.01 m)
[velocity_path_follower.py-9] [INFO] [1786822308.577996680] [velocity_path_follower]: waypoint 1524 / 5251 도달 (선 이탈 0.02 m)
[velocity_path_follower.py-9] [INFO] [1786822308.978020848] [velocity_path_follower]: waypoint 1525 / 5251 도달 (선 이탈 0.03 m)
[velocity_path_follower.py-9] [INFO] [1786822309.277928346] [velocity_path_follower]: waypoint 1526 / 5251 도달 (선 이탈 0.03 m)
[velocity_path_follower.py-9] [INFO] [1786822309.628062421] [velocity_path_follower]: waypoint 1527 / 5251 도달 (선 이탈 0.04 m)
[velocity_path_follower.py-9] [INFO] [1786822309.980665039] [velocity_path_follower]: waypoint 1528 / 5251 도달 (선 이탈 0.04 m)
[velocity_path_follower.py-9] [INFO] [1786822310.330899172] [velocity_path_follower]: waypoint 1529 / 5251 도달 (선 이탈 0.05 m)
[velocity_path_follower.py-9] [INFO] [1786822310.680673581] [velocity_path_follower]: waypoint 1530 / 5251 도달 (선 이탈 0.05 m)
[velocity_path_follower.py-9] [INFO] [1786822311.032684568] [velocity_path_follower]: waypoint 1531 / 5251 도달 (선 이탈 0.05 m)
[velocity_path_follower.py-9] [INFO] [1786822311.388904627] [velocity_path_follower]: waypoint 1532 / 5251 도달 (선 이탈 0.05 m)
[velocity_path_follower.py-9] [INFO] [1786822311.438911617] [velocity_path_follower]: 650.1s  wp 1533/5251 이탈0.1m  위치 (   4.30,  -138.15,   9.79)
[velocity_path_follower.py-9] [INFO] [1786822311.738890848] [velocity_path_follower]: waypoint 1533 / 5251 도달 (선 이탈 0.05 m)
[velocity_path_follower.py-9] [INFO] [1786822312.089088872] [velocity_path_follower]: waypoint 1534 / 5251 도달 (선 이탈 0.05 m)
[velocity_path_follower.py-9] [INFO] [1786822312.441679403] [velocity_path_follower]: waypoint 1535 / 5251 도달 (선 이탈 0.05 m)
[velocity_path_follower.py-9] [INFO] [1786822312.741890154] [velocity_path_follower]: waypoint 1536 / 5251 도달 (선 이탈 0.05 m)
[velocity_path_follower.py-9] [INFO] [1786822313.141863593] [velocity_path_follower]: waypoint 1537 / 5251 도달 (선 이탈 0.04 m)
[velocity_path_follower.py-9] [INFO] [1786822313.491698711] [velocity_path_follower]: waypoint 1538 / 5251 도달 (선 이탈 0.04 m)
[velocity_path_follower.py-9] [INFO] [1786822313.794454892] [velocity_path_follower]: waypoint 1539 / 5251 도달 (선 이탈 0.04 m)
[velocity_path_follower.py-9] [INFO] [1786822314.147079152] [velocity_path_follower]: waypoint 1540 / 5251 도달 (선 이탈 0.03 m)
[velocity_path_follower.py-9] [INFO] [1786822314.506761909] [velocity_path_follower]: waypoint 1541 / 5251 도달 (선 이탈 0.03 m)
[velocity_path_follower.py-9] [INFO] [1786822314.917008182] [velocity_path_follower]: waypoint 1542 / 5251 도달 (선 이탈 0.02 m)
[velocity_path_follower.py-9] [INFO] [1786822315.217000413] [velocity_path_follower]: waypoint 1543 / 5251 도달 (선 이탈 0.02 m)
[velocity_path_follower.py-9] [INFO] [1786822315.569858451] [velocity_path_follower]: waypoint 1544 / 5251 도달 (선 이탈 0.01 m)
[velocity_path_follower.py-9] [INFO] [1786822315.919784598] [velocity_path_follower]: waypoint 1545 / 5251 도달 (선 이탈 0.01 m)
[velocity_path_follower.py-9] [INFO] [1786822316.272278800] [velocity_path_follower]: waypoint 1546 / 5251 도달 (선 이탈 0.00 m)
[velocity_path_follower.py-9] [INFO] [1786822316.421870492] [velocity_path_follower]: 655.0s  wp 1547/5251 이탈0.0m  위치 (  -2.85,  -138.10,   7.40)
[velocity_path_follower.py-9] [INFO] [1786822316.621883031] [velocity_path_follower]: waypoint 1547 / 5251 도달 (선 이탈 0.00 m)
[velocity_path_follower.py-9] [INFO] [1786822316.971982822] [velocity_path_follower]: waypoint 1548 / 5251 도달 (선 이탈 0.01 m)
[velocity_path_follower.py-9] [INFO] [1786822317.322093957] [velocity_path_follower]: waypoint 1549 / 5251 도달 (선 이탈 0.01 m)
[velocity_path_follower.py-9] [INFO] [1786822317.671998712] [velocity_path_follower]: waypoint 1550 / 5251 도달 (선 이탈 0.02 m)
[velocity_path_follower.py-9] [INFO] [1786822318.024782150] [velocity_path_follower]: waypoint 1551 / 5251 도달 (선 이탈 0.02 m)
[velocity_path_follower.py-9] [INFO] [1786822318.374975344] [velocity_path_follower]: waypoint 1552 / 5251 도달 (선 이탈 0.02 m)
[velocity_path_follower.py-9] [INFO] [1786822318.680101620] [velocity_path_follower]: waypoint 1553 / 5251 도달 (선 이탈 0.02 m)
[velocity_path_follower.py-9] [INFO] [1786822319.092154060] [velocity_path_follower]: waypoint 1554 / 5251 도달 (선 이탈 0.02 m)
[velocity_path_follower.py-9] [INFO] [1786822319.447619781] [velocity_path_follower]: waypoint 1555 / 5251 도달 (선 이탈 0.03 m)
[velocity_path_follower.py-9] [INFO] [1786822319.747680729] [velocity_path_follower]: waypoint 1556 / 5251 도달 (선 이탈 0.03 m)
[velocity_path_follower.py-9] [INFO] [1786822320.150316738] [velocity_path_follower]: waypoint 1557 / 5251 도달 (선 이탈 0.03 m)
[velocity_path_follower.py-9] [INFO] [1786822320.450138438] [velocity_path_follower]: waypoint 1558 / 5251 도달 (선 이탈 0.03 m)
[velocity_path_follower.py-9] [INFO] [1786822320.800290282] [velocity_path_follower]: waypoint 1559 / 5251 도달 (선 이탈 0.03 m)
[velocity_path_follower.py-9] [INFO] [1786822321.150136703] [velocity_path_follower]: waypoint 1560 / 5251 도달 (선 이탈 0.02 m)
[velocity_path_follower.py-9] [INFO] [1786822321.450339011] [velocity_path_follower]: 660.0s  wp 1561/5251 이탈0.0m  위치 ( -10.06,  -138.08,  10.17)
[velocity_path_follower.py-9] [INFO] [1786822321.500281434] [velocity_path_follower]: waypoint 1561 / 5251 도달 (선 이탈 0.02 m)
[velocity_path_follower.py-9] [INFO] [1786822321.850247242] [velocity_path_follower]: waypoint 1562 / 5251 도달 (선 이탈 0.02 m)
[velocity_path_follower.py-9] [INFO] [1786822322.200114096] [velocity_path_follower]: waypoint 1563 / 5251 도달 (선 이탈 0.02 m)
[velocity_path_follower.py-9] [INFO] [1786822322.550097750] [velocity_path_follower]: waypoint 1564 / 5251 도달 (선 이탈 0.02 m)
[velocity_path_follower.py-9] [INFO] [1786822322.900261495] [velocity_path_follower]: waypoint 1565 / 5251 도달 (선 이탈 0.01 m)
[velocity_path_follower.py-9] [INFO] [1786822323.250391247] [velocity_path_follower]: waypoint 1566 / 5251 도달 (선 이탈 0.01 m)
[velocity_path_follower.py-9] [INFO] [1786822323.600323871] [velocity_path_follower]: waypoint 1567 / 5251 도달 (선 이탈 0.01 m)
[velocity_path_follower.py-9] [INFO] [1786822323.900291192] [velocity_path_follower]: waypoint 1568 / 5251 도달 (선 이탈 0.01 m)
[velocity_path_follower.py-9] [INFO] [1786822324.300305676] [velocity_path_follower]: waypoint 1569 / 5251 도달 (선 이탈 0.00 m)
[velocity_path_follower.py-9] [INFO] [1786822324.650179935] [velocity_path_follower]: waypoint 1570 / 5251 도달 (선 이탈 0.00 m)
[velocity_path_follower.py-9] [INFO] [1786822324.950048848] [velocity_path_follower]: waypoint 1571 / 5251 도달 (선 이탈 0.00 m)
[velocity_path_follower.py-9] [INFO] [1786822325.300300173] [velocity_path_follower]: waypoint 1572 / 5251 도달 (선 이탈 0.00 m)
[velocity_path_follower.py-9] [INFO] [1786822325.650180487] [velocity_path_follower]: waypoint 1573 / 5251 도달 (선 이탈 0.01 m)
[velocity_path_follower.py-9] [INFO] [1786822326.000126595] [velocity_path_follower]: waypoint 1574 / 5251 도달 (선 이탈 0.01 m)
[velocity_path_follower.py-9] [INFO] [1786822326.352890897] [velocity_path_follower]: waypoint 1575 / 5251 도달 (선 이탈 0.01 m)
[velocity_path_follower.py-9] [INFO] [1786822326.452798512] [velocity_path_follower]: 665.0s  wp 1576/5251 이탈0.0m  위치 ( -17.27,  -138.11,   9.95)
[velocity_path_follower.py-9] [INFO] [1786822326.702665220] [velocity_path_follower]: waypoint 1576 / 5251 도달 (선 이탈 0.01 m)
[velocity_path_follower.py-9] [INFO] [1786822327.055838829] [velocity_path_follower]: waypoint 1577 / 5251 도달 (선 이탈 0.01 m)
[velocity_path_follower.py-9] [INFO] [1786822327.405915551] [velocity_path_follower]: waypoint 1578 / 5251 도달 (선 이탈 0.01 m)
[velocity_path_follower.py-9] [INFO] [1786822327.755875018] [velocity_path_follower]: waypoint 1579 / 5251 도달 (선 이탈 0.01 m)
[velocity_path_follower.py-9] [INFO] [1786822328.105783779] [velocity_path_follower]: waypoint 1580 / 5251 도달 (선 이탈 0.02 m)
[velocity_path_follower.py-9] [INFO] [1786822328.455652380] [velocity_path_follower]: waypoint 1581 / 5251 도달 (선 이탈 0.02 m)
[velocity_path_follower.py-9] [INFO] [1786822328.805869286] [velocity_path_follower]: waypoint 1582 / 5251 도달 (선 이탈 0.02 m)
[velocity_path_follower.py-9] [INFO] [1786822329.155683016] [velocity_path_follower]: waypoint 1583 / 5251 도달 (선 이탈 0.01 m)
[velocity_path_follower.py-9] [INFO] [1786822329.505577423] [velocity_path_follower]: waypoint 1584 / 5251 도달 (선 이탈 0.01 m)
[velocity_path_follower.py-9] [INFO] [1786822329.805898238] [velocity_path_follower]: waypoint 1585 / 5251 도달 (선 이탈 0.01 m)
[velocity_path_follower.py-9] [INFO] [1786822331.457697084] [velocity_path_follower]: 670.0s  climb       위치 ( -24.26,  -138.11,   5.50)
[velocity_path_follower.py-9] [INFO] [1786822334.457799001] [velocity_path_follower]: waypoint 1586 / 5251 도달 (선 이탈 0.00 m)
[velocity_path_follower.py-9] [INFO] [1786822334.507837451] [velocity_path_follower]: waypoint 1587 / 5251 도달 (선 이탈 0.00 m)
[velocity_path_follower.py-9] [INFO] [1786822334.557876818] [velocity_path_follower]: waypoint 1588 / 5251 도달 (선 이탈 0.00 m)
[velocity_path_follower.py-9] [INFO] [1786822334.607871808] [velocity_path_follower]: waypoint 1589 / 5251 도달 (선 이탈 0.00 m)
[velocity_path_follower.py-9] [INFO] [1786822334.657765294] [velocity_path_follower]: waypoint 1590 / 5251 도달 (선 이탈 0.00 m)
[velocity_path_follower.py-9] [INFO] [1786822334.707832120] [velocity_path_follower]: waypoint 1591 / 5251 도달 (선 이탈 0.00 m)
[velocity_path_follower.py-9] [INFO] [1786822334.757626770] [velocity_path_follower]: waypoint 1592 / 5251 도달 (선 이탈 0.00 m)
[velocity_path_follower.py-9] [INFO] [1786822334.807670928] [velocity_path_follower]: waypoint 1593 / 5251 도달 (선 이탈 0.00 m)
[velocity_path_follower.py-9] [INFO] [1786822334.857973012] [velocity_path_follower]: waypoint 1594 / 5251 도달 (선 이탈 0.00 m)
[velocity_path_follower.py-9] [INFO] [1786822335.007694598] [velocity_path_follower]: waypoint 1595 / 5251 도달 (선 이탈 0.00 m)
[velocity_path_follower.py-9] [INFO] [1786822335.857919136] [velocity_path_follower]: waypoint 1596 / 5251 도달 (선 이탈 0.00 m)
[velocity_path_follower.py-9] [INFO] [1786822336.457684131] [velocity_path_follower]: 675.0s  wp 1597/5251 이탈0.0m  위치 ( -28.05,  -138.10,   7.84)
[velocity_path_follower.py-9] [INFO] [1786822336.557827457] [velocity_path_follower]: waypoint 1597 / 5251 도달 (선 이탈 0.00 m)
[velocity_path_follower.py-9] [INFO] [1786822337.157630297] [velocity_path_follower]: waypoint 1598 / 5251 도달 (선 이탈 0.00 m)
[velocity_path_follower.py-9] [INFO] [1786822337.757699996] [velocity_path_follower]: waypoint 1599 / 5251 도달 (선 이탈 0.00 m)
[velocity_path_follower.py-9] [INFO] [1786822338.308071928] [velocity_path_follower]: waypoint 1600 / 5251 도달 (선 이탈 0.00 m)
[velocity_path_follower.py-9] [INFO] [1786822338.807863602] [velocity_path_follower]: waypoint 1601 / 5251 도달 (선 이탈 0.00 m)
[velocity_path_follower.py-9] [INFO] [1786822339.307857961] [velocity_path_follower]: waypoint 1602 / 5251 도달 (선 이탈 0.00 m)
[velocity_path_follower.py-9] [INFO] [1786822339.807612734] [velocity_path_follower]: waypoint 1603 / 5251 도달 (선 이탈 0.00 m)
[velocity_path_follower.py-9] [INFO] [1786822340.257893786] [velocity_path_follower]: waypoint 1604 / 5251 도달 (선 이탈 0.00 m)
[velocity_path_follower.py-9] [INFO] [1786822340.707791456] [velocity_path_follower]: waypoint 1605 / 5251 도달 (선 이탈 0.00 m)
[velocity_path_follower.py-9] [INFO] [1786822341.157629088] [velocity_path_follower]: waypoint 1606 / 5251 도달 (선 이탈 0.00 m)
[velocity_path_follower.py-9] [INFO] [1786822341.457813526] [velocity_path_follower]: 680.0s  wp 1607/5251 이탈0.0m  위치 ( -33.00,  -138.10,   7.54)
[velocity_path_follower.py-9] [INFO] [1786822341.557960162] [velocity_path_follower]: waypoint 1607 / 5251 도달 (선 이탈 0.00 m)
[velocity_path_follower.py-9] [INFO] [1786822342.007701634] [velocity_path_follower]: waypoint 1608 / 5251 도달 (선 이탈 0.00 m)
[velocity_path_follower.py-9] [INFO] [1786822342.407904801] [velocity_path_follower]: waypoint 1609 / 5251 도달 (선 이탈 0.00 m)
[velocity_path_follower.py-9] [INFO] [1786822342.807901418] [velocity_path_follower]: waypoint 1610 / 5251 도달 (선 이탈 0.00 m)
[velocity_path_follower.py-9] [INFO] [1786822343.257969426] [velocity_path_follower]: waypoint 1611 / 5251 도달 (선 이탈 0.00 m)
[velocity_path_follower.py-9] [INFO] [1786822343.607929717] [velocity_path_follower]: waypoint 1612 / 5251 도달 (선 이탈 0.00 m)
[velocity_path_follower.py-9] [INFO] [1786822344.008244694] [velocity_path_follower]: waypoint 1613 / 5251 도달 (선 이탈 0.00 m)
[velocity_path_follower.py-9] [INFO] [1786822346.158048151] [velocity_path_follower]: waypoint 1614 / 5251 도달 (선 이탈 0.00 m)
[velocity_path_follower.py-9] [INFO] [1786822346.207645648] [velocity_path_follower]: waypoint 1615 / 5251 도달 (선 이탈 0.00 m)
[velocity_path_follower.py-9] [INFO] [1786822346.457843753] [velocity_path_follower]: 685.0s  wp 1616/5251 이탈0.2m  위치 ( -38.84,  -138.10,   6.54)
[velocity_path_follower.py-9] [INFO] [1786822351.308003709] [velocity_path_follower]: waypoint 1616 / 5251 도달 (선 이탈 1.83 m)
[velocity_path_follower.py-9] [INFO] [1786822351.457920099] [velocity_path_follower]: 690.0s  wp 1618/5251 이탈1.4m  위치 ( -40.40,  -135.47,   7.16)
[velocity_path_follower.py-9] [INFO] [1786822353.608066744] [velocity_path_follower]: waypoint 1618 / 5251 도달 (선 이탈 0.25 m)
[velocity_path_follower.py-9] [INFO] [1786822354.407828623] [velocity_path_follower]: waypoint 1619 / 5251 도달 (선 이탈 0.72 m)
[velocity_path_follower.py-9] [INFO] [1786822355.057908495] [velocity_path_follower]: waypoint 1620 / 5251 도달 (선 이탈 1.03 m)
[velocity_path_follower.py-9] [INFO] [1786822355.707848049] [velocity_path_follower]: waypoint 1621 / 5251 도달 (선 이탈 1.26 m)
[velocity_path_follower.py-9] [INFO] [1786822356.307658332] [velocity_path_follower]: waypoint 1622 / 5251 도달 (선 이탈 1.39 m)
[velocity_path_follower.py-9] [INFO] [1786822356.457684418] [velocity_path_follower]: 695.0s  wp 1623/5251 이탈1.4m  위치 ( -37.44,  -132.69,   6.52)
[velocity_path_follower.py-9] [INFO] [1786822356.857811942] [velocity_path_follower]: waypoint 1623 / 5251 도달 (선 이탈 1.45 m)
[velocity_path_follower.py-9] [INFO] [1786822357.957921313] [velocity_path_follower]: waypoint 1624 / 5251 도달 (선 이탈 1.44 m)
[velocity_path_follower.py-9] [INFO] [1786822358.007614499] [velocity_path_follower]: waypoint 1625 / 5251 도달 (선 이탈 1.43 m)
[velocity_path_follower.py-9] [INFO] [1786822358.607995228] [velocity_path_follower]: waypoint 1626 / 5251 도달 (선 이탈 1.40 m)
[velocity_path_follower.py-9] [INFO] [1786822359.212581239] [velocity_path_follower]: waypoint 1627 / 5251 도달 (선 이탈 1.31 m)
[velocity_path_follower.py-9] [INFO] [1786822359.812425428] [velocity_path_follower]: waypoint 1628 / 5251 도달 (선 이탈 1.19 m)
[velocity_path_follower.py-9] [INFO] [1786822360.312516652] [velocity_path_follower]: waypoint 1629 / 5251 도달 (선 이탈 1.05 m)
[velocity_path_follower.py-9] [INFO] [1786822360.862485080] [velocity_path_follower]: waypoint 1630 / 5251 도달 (선 이탈 0.88 m)
[velocity_path_follower.py-9] [INFO] [1786822361.412532317] [velocity_path_follower]: waypoint 1631 / 5251 도달 (선 이탈 0.68 m)
[velocity_path_follower.py-9] [INFO] [1786822361.462300054] [velocity_path_follower]: 700.0s  wp 1632/5251 이탈0.7m  위치 ( -33.01,  -133.43,   6.80)
[velocity_path_follower.py-9] [INFO] [1786822361.912423391] [velocity_path_follower]: waypoint 1632 / 5251 도달 (선 이탈 0.51 m)
[velocity_path_follower.py-9] [INFO] [1786822362.362454445] [velocity_path_follower]: waypoint 1633 / 5251 도달 (선 이탈 0.33 m)
[velocity_path_follower.py-9] [INFO] [1786822362.862449914] [velocity_path_follower]: waypoint 1634 / 5251 도달 (선 이탈 0.15 m)
[velocity_path_follower.py-9] [INFO] [1786822363.312524899] [velocity_path_follower]: waypoint 1635 / 5251 도달 (선 이탈 0.00 m)
[velocity_path_follower.py-9] [INFO] [1786822363.712553931] [velocity_path_follower]: waypoint 1636 / 5251 도달 (선 이탈 0.14 m)
[velocity_path_follower.py-9] [INFO] [1786822364.162386335] [velocity_path_follower]: waypoint 1637 / 5251 도달 (선 이탈 0.28 m)
[velocity_path_follower.py-9] [INFO] [1786822364.612338211] [velocity_path_follower]: waypoint 1638 / 5251 도달 (선 이탈 0.39 m)
[velocity_path_follower.py-9] [INFO] [1786822365.012650558] [velocity_path_follower]: waypoint 1639 / 5251 도달 (선 이탈 0.49 m)
[velocity_path_follower.py-9] [INFO] [1786822365.412798996] [velocity_path_follower]: waypoint 1640 / 5251 도달 (선 이탈 0.56 m)
[velocity_path_follower.py-9] [INFO] [1786822365.862429375] [velocity_path_follower]: waypoint 1641 / 5251 도달 (선 이탈 0.62 m)
[velocity_path_follower.py-9] [INFO] [1786822366.262465776] [velocity_path_follower]: waypoint 1642 / 5251 도달 (선 이탈 0.66 m)
[velocity_path_follower.py-9] [INFO] [1786822366.462447082] [velocity_path_follower]: 705.0s  wp 1643/5251 이탈0.7m  위치 ( -27.31,  -134.77,   6.57)
[velocity_path_follower.py-9] [INFO] [1786822366.662591226] [velocity_path_follower]: waypoint 1643 / 5251 도달 (선 이탈 0.68 m)
[velocity_path_follower.py-9] [INFO] [1786822367.062619842] [velocity_path_follower]: waypoint 1644 / 5251 도달 (선 이탈 0.69 m)
[velocity_path_follower.py-9] [INFO] [1786822367.462484421] [velocity_path_follower]: waypoint 1645 / 5251 도달 (선 이탈 0.68 m)
[velocity_path_follower.py-9] [INFO] [1786822367.862532549] [velocity_path_follower]: waypoint 1646 / 5251 도달 (선 이탈 0.66 m)
[velocity_path_follower.py-9] [INFO] [1786822368.565135236] [velocity_path_follower]: waypoint 1647 / 5251 도달 (선 이탈 0.59 m)
[velocity_path_follower.py-9] [INFO] [1786822368.665271171] [velocity_path_follower]: waypoint 1648 / 5251 도달 (선 이탈 0.58 m)
[velocity_path_follower.py-9] [INFO] [1786822369.115303406] [velocity_path_follower]: waypoint 1649 / 5251 도달 (선 이탈 0.54 m)
[velocity_path_follower.py-9] [INFO] [1786822369.515633320] [velocity_path_follower]: waypoint 1650 / 5251 도달 (선 이탈 0.50 m)
[velocity_path_follower.py-9] [INFO] [1786822369.967747515] [velocity_path_follower]: waypoint 1651 / 5251 도달 (선 이탈 0.43 m)
[velocity_path_follower.py-9] [INFO] [1786822370.367791348] [velocity_path_follower]: waypoint 1652 / 5251 도달 (선 이탈 0.37 m)
[velocity_path_follower.py-9] [INFO] [1786822370.767885017] [velocity_path_follower]: waypoint 1653 / 5251 도달 (선 이탈 0.30 m)
[velocity_path_follower.py-9] [INFO] [1786822371.219660723] [velocity_path_follower]: waypoint 1654 / 5251 도달 (선 이탈 0.23 m)
[velocity_path_follower.py-9] [INFO] [1786822371.471930239] [velocity_path_follower]: 710.0s  wp 1655/5251 이탈0.2m  위치 ( -21.23,  -134.28,   6.70)
[velocity_path_follower.py-9] [INFO] [1786822371.621649640] [velocity_path_follower]: waypoint 1655 / 5251 도달 (선 이탈 0.16 m)
[velocity_path_follower.py-9] [INFO] [1786822372.021825701] [velocity_path_follower]: waypoint 1656 / 5251 도달 (선 이탈 0.09 m)
[velocity_path_follower.py-9] [INFO] [1786822372.371932425] [velocity_path_follower]: waypoint 1657 / 5251 도달 (선 이탈 0.03 m)
[velocity_path_follower.py-9] [INFO] [1786822372.771835280] [velocity_path_follower]: waypoint 1658 / 5251 도달 (선 이탈 0.04 m)
[velocity_path_follower.py-9] [INFO] [1786822373.171840853] [velocity_path_follower]: waypoint 1659 / 5251 도달 (선 이탈 0.10 m)
[velocity_path_follower.py-9] [INFO] [1786822373.571967105] [velocity_path_follower]: waypoint 1660 / 5251 도달 (선 이탈 0.15 m)
[velocity_path_follower.py-9] [INFO] [1786822373.971960185] [velocity_path_follower]: waypoint 1661 / 5251 도달 (선 이탈 0.20 m)
[velocity_path_follower.py-9] [INFO] [1786822374.321779546] [velocity_path_follower]: waypoint 1662 / 5251 도달 (선 이탈 0.23 m)
[velocity_path_follower.py-9] [INFO] [1786822374.671862542] [velocity_path_follower]: waypoint 1663 / 5251 도달 (선 이탈 0.26 m)
[velocity_path_follower.py-9] [INFO] [1786822375.071693298] [velocity_path_follower]: waypoint 1664 / 5251 도달 (선 이탈 0.29 m)
[velocity_path_follower.py-9] [INFO] [1786822375.471838910] [velocity_path_follower]: waypoint 1665 / 5251 도달 (선 이탈 0.31 m)
[velocity_path_follower.py-9] [INFO] [1786822375.821678534] [velocity_path_follower]: waypoint 1666 / 5251 도달 (선 이탈 0.31 m)
[velocity_path_follower.py-9] [INFO] [1786822376.171939429] [velocity_path_follower]: waypoint 1667 / 5251 도달 (선 이탈 0.32 m)
[velocity_path_follower.py-9] [INFO] [1786822376.471557578] [velocity_path_follower]: 715.0s  wp 1668/5251 이탈0.3m  위치 ( -14.67,  -133.78,   8.67)
[velocity_path_follower.py-9] [INFO] [1786822376.521955904] [velocity_path_follower]: waypoint 1668 / 5251 도달 (선 이탈 0.31 m)
[velocity_path_follower.py-9] [INFO] [1786822376.921752142] [velocity_path_follower]: waypoint 1669 / 5251 도달 (선 이탈 0.31 m)
[velocity_path_follower.py-9] [INFO] [1786822377.271625620] [velocity_path_follower]: waypoint 1670 / 5251 도달 (선 이탈 0.29 m)
[velocity_path_follower.py-9] [INFO] [1786822377.672052310] [velocity_path_follower]: waypoint 1671 / 5251 도달 (선 이탈 0.27 m)
[velocity_path_follower.py-9] [INFO] [1786822378.021795704] [velocity_path_follower]: waypoint 1672 / 5251 도달 (선 이탈 0.25 m)
[velocity_path_follower.py-9] [INFO] [1786822378.371870288] [velocity_path_follower]: waypoint 1673 / 5251 도달 (선 이탈 0.22 m)
[velocity_path_follower.py-9] [INFO] [1786822378.721840076] [velocity_path_follower]: waypoint 1674 / 5251 도달 (선 이탈 0.20 m)
[velocity_path_follower.py-9] [INFO] [1786822379.071607192] [velocity_path_follower]: waypoint 1675 / 5251 도달 (선 이탈 0.17 m)
[velocity_path_follower.py-9] [INFO] [1786822379.421963589] [velocity_path_follower]: waypoint 1676 / 5251 도달 (선 이탈 0.13 m)
[velocity_path_follower.py-9] [INFO] [1786822379.821673862] [velocity_path_follower]: waypoint 1677 / 5251 도달 (선 이탈 0.10 m)
[velocity_path_follower.py-9] [INFO] [1786822380.173871498] [velocity_path_follower]: waypoint 1678 / 5251 도달 (선 이탈 0.07 m)
[velocity_path_follower.py-9] [INFO] [1786822380.524030274] [velocity_path_follower]: waypoint 1679 / 5251 도달 (선 이탈 0.04 m)
[velocity_path_follower.py-9] [INFO] [1786822380.873938416] [velocity_path_follower]: waypoint 1680 / 5251 도달 (선 이탈 0.01 m)
[velocity_path_follower.py-9] [INFO] [1786822381.273930805] [velocity_path_follower]: waypoint 1681 / 5251 도달 (선 이탈 0.03 m)
[velocity_path_follower.py-9] [INFO] [1786822381.474125467] [velocity_path_follower]: 720.0s  wp 1682/5251 이탈0.0m  위치 (  -7.74,  -134.14,  10.95)
[velocity_path_follower.py-9] [INFO] [1786822381.626326965] [velocity_path_follower]: waypoint 1682 / 5251 도달 (선 이탈 0.05 m)
[velocity_path_follower.py-9] [INFO] [1786822381.982483054] [velocity_path_follower]: waypoint 1683 / 5251 도달 (선 이탈 0.08 m)
[velocity_path_follower.py-9] [INFO] [1786822382.337374233] [velocity_path_follower]: waypoint 1684 / 5251 도달 (선 이탈 0.10 m)
[velocity_path_follower.py-9] [INFO] [1786822382.686868132] [velocity_path_follower]: waypoint 1685 / 5251 도달 (선 이탈 0.12 m)
[velocity_path_follower.py-9] [INFO] [1786822383.037083351] [velocity_path_follower]: waypoint 1686 / 5251 도달 (선 이탈 0.13 m)
[velocity_path_follower.py-9] [INFO] [1786822383.389437949] [velocity_path_follower]: waypoint 1687 / 5251 도달 (선 이탈 0.15 m)
[velocity_path_follower.py-9] [INFO] [1786822383.739283873] [velocity_path_follower]: waypoint 1688 / 5251 도달 (선 이탈 0.16 m)
[velocity_path_follower.py-9] [INFO] [1786822384.089192968] [velocity_path_follower]: waypoint 1689 / 5251 도달 (선 이탈 0.16 m)
[velocity_path_follower.py-9] [INFO] [1786822384.439389208] [velocity_path_follower]: waypoint 1690 / 5251 도달 (선 이탈 0.17 m)
[velocity_path_follower.py-9] [INFO] [1786822384.791683148] [velocity_path_follower]: waypoint 1691 / 5251 도달 (선 이탈 0.17 m)
[velocity_path_follower.py-9] [INFO] [1786822385.141598924] [velocity_path_follower]: waypoint 1692 / 5251 도달 (선 이탈 0.16 m)
[velocity_path_follower.py-9] [INFO] [1786822385.492041308] [velocity_path_follower]: waypoint 1693 / 5251 도달 (선 이탈 0.16 m)
[velocity_path_follower.py-9] [INFO] [1786822385.844051875] [velocity_path_follower]: waypoint 1694 / 5251 도달 (선 이탈 0.15 m)
[velocity_path_follower.py-9] [INFO] [1786822386.200823539] [velocity_path_follower]: waypoint 1695 / 5251 도달 (선 이탈 0.14 m)
[velocity_path_follower.py-9] [INFO] [1786822386.500554706] [velocity_path_follower]: 725.0s  wp 1696/5251 이탈0.1m  위치 (  -0.66,  -134.23,   9.57)
[velocity_path_follower.py-9] [INFO] [1786822386.550657163] [velocity_path_follower]: waypoint 1696 / 5251 도달 (선 이탈 0.13 m)
[velocity_path_follower.py-9] [INFO] [1786822386.900905926] [velocity_path_follower]: waypoint 1697 / 5251 도달 (선 이탈 0.12 m)
[velocity_path_follower.py-9] [INFO] [1786822387.253014808] [velocity_path_follower]: waypoint 1698 / 5251 도달 (선 이탈 0.10 m)
[velocity_path_follower.py-9] [INFO] [1786822387.603020532] [velocity_path_follower]: waypoint 1699 / 5251 도달 (선 이탈 0.09 m)
[velocity_path_follower.py-9] [INFO] [1786822388.002815829] [velocity_path_follower]: waypoint 1700 / 5251 도달 (선 이탈 0.07 m)
[velocity_path_follower.py-9] [INFO] [1786822388.302820817] [velocity_path_follower]: waypoint 1701 / 5251 도달 (선 이탈 0.05 m)
[velocity_path_follower.py-9] [INFO] [1786822388.656963704] [velocity_path_follower]: waypoint 1702 / 5251 도달 (선 이탈 0.04 m)
[velocity_path_follower.py-9] [INFO] [1786822389.009647621] [velocity_path_follower]: waypoint 1703 / 5251 도달 (선 이탈 0.02 m)
[velocity_path_follower.py-9] [INFO] [1786822389.361842865] [velocity_path_follower]: waypoint 1704 / 5251 도달 (선 이탈 0.00 m)
[velocity_path_follower.py-9] [INFO] [1786822389.716893547] [velocity_path_follower]: waypoint 1705 / 5251 도달 (선 이탈 0.01 m)
[velocity_path_follower.py-9] [INFO] [1786822390.068864868] [velocity_path_follower]: waypoint 1706 / 5251 도달 (선 이탈 0.03 m)
[velocity_path_follower.py-9] [INFO] [1786822390.423926728] [velocity_path_follower]: waypoint 1707 / 5251 도달 (선 이탈 0.04 m)
[velocity_path_follower.py-9] [INFO] [1786822390.776093940] [velocity_path_follower]: waypoint 1708 / 5251 도달 (선 이탈 0.05 m)
[velocity_path_follower.py-9] [INFO] [1786822391.128677297] [velocity_path_follower]: waypoint 1709 / 5251 도달 (선 이탈 0.06 m)
[velocity_path_follower.py-9] [INFO] [1786822391.481135614] [velocity_path_follower]: waypoint 1710 / 5251 도달 (선 이탈 0.07 m)
[velocity_path_follower.py-9] [INFO] [1786822391.530917734] [velocity_path_follower]: 730.0s  wp 1711/5251 이탈0.1m  위치 (   6.50,  -134.03,   7.58)
[velocity_path_follower.py-9] [INFO] [1786822391.834102201] [velocity_path_follower]: waypoint 1711 / 5251 도달 (선 이탈 0.08 m)
[velocity_path_follower.py-9] [INFO] [1786822392.183766088] [velocity_path_follower]: waypoint 1712 / 5251 도달 (선 이탈 0.08 m)
[velocity_path_follower.py-9] [INFO] [1786822392.533688157] [velocity_path_follower]: waypoint 1713 / 5251 도달 (선 이탈 0.09 m)
[velocity_path_follower.py-9] [INFO] [1786822392.885944353] [velocity_path_follower]: waypoint 1714 / 5251 도달 (선 이탈 0.09 m)
[velocity_path_follower.py-9] [INFO] [1786822393.237823335] [velocity_path_follower]: waypoint 1715 / 5251 도달 (선 이탈 0.09 m)
[velocity_path_follower.py-9] [INFO] [1786822393.588012549] [velocity_path_follower]: waypoint 1716 / 5251 도달 (선 이탈 0.09 m)
[velocity_path_follower.py-9] [INFO] [1786822393.937864668] [velocity_path_follower]: waypoint 1717 / 5251 도달 (선 이탈 0.08 m)
[velocity_path_follower.py-9] [INFO] [1786822394.288104894] [velocity_path_follower]: waypoint 1718 / 5251 도달 (선 이탈 0.08 m)
[velocity_path_follower.py-9] [INFO] [1786822394.638087404] [velocity_path_follower]: waypoint 1719 / 5251 도달 (선 이탈 0.07 m)
[velocity_path_follower.py-9] [INFO] [1786822394.987964743] [velocity_path_follower]: waypoint 1720 / 5251 도달 (선 이탈 0.07 m)
[velocity_path_follower.py-9] [INFO] [1786822395.342656271] [velocity_path_follower]: waypoint 1721 / 5251 도달 (선 이탈 0.06 m)
[velocity_path_follower.py-9] [INFO] [1786822395.692973512] [velocity_path_follower]: waypoint 1722 / 5251 도달 (선 이탈 0.05 m)
[velocity_path_follower.py-9] [INFO] [1786822396.042624064] [velocity_path_follower]: waypoint 1723 / 5251 도달 (선 이탈 0.04 m)
[velocity_path_follower.py-9] [INFO] [1786822396.394908931] [velocity_path_follower]: waypoint 1724 / 5251 도달 (선 이탈 0.03 m)
[velocity_path_follower.py-9] [INFO] [1786822396.544833960] [velocity_path_follower]: 735.0s  wp 1725/5251 이탈0.0m  위치 (  13.69,  -134.07,  10.32)
[velocity_path_follower.py-9] [INFO] [1786822396.744694789] [velocity_path_follower]: waypoint 1725 / 5251 도달 (선 이탈 0.03 m)
[velocity_path_follower.py-9] [INFO] [1786822397.044878153] [velocity_path_follower]: waypoint 1726 / 5251 도달 (선 이탈 0.02 m)
[velocity_path_follower.py-9] [INFO] [1786822397.446974327] [velocity_path_follower]: waypoint 1727 / 5251 도달 (선 이탈 0.01 m)
[velocity_path_follower.py-9] [INFO] [1786822397.748911264] [velocity_path_follower]: waypoint 1728 / 5251 도달 (선 이탈 0.00 m)
[velocity_path_follower.py-9] [INFO] [1786822398.098945645] [velocity_path_follower]: waypoint 1729 / 5251 도달 (선 이탈 0.01 m)
[velocity_path_follower.py-9] [INFO] [1786822398.449061162] [velocity_path_follower]: waypoint 1730 / 5251 도달 (선 이탈 0.01 m)
[velocity_path_follower.py-9] [INFO] [1786822398.801259131] [velocity_path_follower]: waypoint 1731 / 5251 도달 (선 이탈 0.02 m)
[velocity_path_follower.py-9] [INFO] [1786822399.151271941] [velocity_path_follower]: waypoint 1732 / 5251 도달 (선 이탈 0.03 m)
[velocity_path_follower.py-9] [INFO] [1786822399.504089403] [velocity_path_follower]: waypoint 1733 / 5251 도달 (선 이탈 0.03 m)
[velocity_path_follower.py-9] [INFO] [1786822399.854276142] [velocity_path_follower]: waypoint 1734 / 5251 도달 (선 이탈 0.04 m)
[velocity_path_follower.py-9] [INFO] [1786822400.209769125] [velocity_path_follower]: waypoint 1735 / 5251 도달 (선 이탈 0.04 m)
[velocity_path_follower.py-9] [INFO] [1786822400.559672615] [velocity_path_follower]: waypoint 1736 / 5251 도달 (선 이탈 0.04 m)
[velocity_path_follower.py-9] [INFO] [1786822400.911997819] [velocity_path_follower]: waypoint 1737 / 5251 도달 (선 이탈 0.05 m)
[velocity_path_follower.py-9] [INFO] [1786822401.262033447] [velocity_path_follower]: waypoint 1738 / 5251 도달 (선 이탈 0.05 m)
[velocity_path_follower.py-9] [INFO] [1786822401.562100351] [velocity_path_follower]: 740.0s  wp 1739/5251 이탈0.0m  위치 (  20.89,  -134.15,  12.64)
[velocity_path_follower.py-9] [INFO] [1786822401.612302377] [velocity_path_follower]: waypoint 1739 / 5251 도달 (선 이탈 0.05 m)
[velocity_path_follower.py-9] [INFO] [1786822401.912123815] [velocity_path_follower]: waypoint 1740 / 5251 도달 (선 이탈 0.05 m)
[velocity_path_follower.py-9] [INFO] [1786822402.262098159] [velocity_path_follower]: waypoint 1741 / 5251 도달 (선 이탈 0.04 m)
[velocity_path_follower.py-9] [INFO] [1786822402.612323849] [velocity_path_follower]: waypoint 1742 / 5251 도달 (선 이탈 0.04 m)
[velocity_path_follower.py-9] [INFO] [1786822402.961948434] [velocity_path_follower]: waypoint 1743 / 5251 도달 (선 이탈 0.04 m)
[velocity_path_follower.py-9] [INFO] [1786822403.361981356] [velocity_path_follower]: waypoint 1744 / 5251 도달 (선 이탈 0.04 m)
[velocity_path_follower.py-9] [INFO] [1786822403.662107615] [velocity_path_follower]: waypoint 1745 / 5251 도달 (선 이탈 0.03 m)
[velocity_path_follower.py-9] [INFO] [1786822404.012064098] [velocity_path_follower]: waypoint 1746 / 5251 도달 (선 이탈 0.03 m)
[velocity_path_follower.py-9] [INFO] [1786822404.362050551] [velocity_path_follower]: waypoint 1747 / 5251 도달 (선 이탈 0.02 m)
[velocity_path_follower.py-9] [INFO] [1786822404.712052338] [velocity_path_follower]: waypoint 1748 / 5251 도달 (선 이탈 0.02 m)
[velocity_path_follower.py-9] [INFO] [1786822405.062133005] [velocity_path_follower]: waypoint 1749 / 5251 도달 (선 이탈 0.02 m)
[velocity_path_follower.py-9] [INFO] [1786822405.412107551] [velocity_path_follower]: waypoint 1750 / 5251 도달 (선 이탈 0.01 m)
[velocity_path_follower.py-9] [INFO] [1786822405.761984636] [velocity_path_follower]: waypoint 1751 / 5251 도달 (선 이탈 0.01 m)
[velocity_path_follower.py-9] [INFO] [1786822406.112143485] [velocity_path_follower]: waypoint 1752 / 5251 도달 (선 이탈 0.00 m)
[velocity_path_follower.py-9] [INFO] [1786822406.462403969] [velocity_path_follower]: waypoint 1753 / 5251 도달 (선 이탈 0.00 m)
[velocity_path_follower.py-9] [INFO] [1786822406.561929296] [velocity_path_follower]: 745.0s  wp 1754/5251 이탈0.0m  위치 (  28.10,  -134.10,  10.69)
[velocity_path_follower.py-9] [INFO] [1786822406.812047556] [velocity_path_follower]: waypoint 1754 / 5251 도달 (선 이탈 0.01 m)
[velocity_path_follower.py-9] [INFO] [1786822407.162118705] [velocity_path_follower]: waypoint 1755 / 5251 도달 (선 이탈 0.01 m)
[velocity_path_follower.py-9] [INFO] [1786822407.518686811] [velocity_path_follower]: waypoint 1756 / 5251 도달 (선 이탈 0.01 m)
[velocity_path_follower.py-9] [INFO] [1786822407.870904337] [velocity_path_follower]: waypoint 1757 / 5251 도달 (선 이탈 0.02 m)
[velocity_path_follower.py-9] [INFO] [1786822408.171032639] [velocity_path_follower]: waypoint 1758 / 5251 도달 (선 이탈 0.02 m)
[velocity_path_follower.py-9] [INFO] [1786822408.570829907] [velocity_path_follower]: waypoint 1759 / 5251 도달 (선 이탈 0.02 m)
[velocity_path_follower.py-9] [INFO] [1786822408.870945337] [velocity_path_follower]: waypoint 1760 / 5251 도달 (선 이탈 0.02 m)
[velocity_path_follower.py-9] [INFO] [1786822409.220790668] [velocity_path_follower]: waypoint 1761 / 5251 도달 (선 이탈 0.02 m)
[velocity_path_follower.py-9] [INFO] [1786822409.570889554] [velocity_path_follower]: waypoint 1762 / 5251 도달 (선 이탈 0.02 m)
[velocity_path_follower.py-9] [INFO] [1786822409.920754932] [velocity_path_follower]: waypoint 1763 / 5251 도달 (선 이탈 0.03 m)
[velocity_path_follower.py-9] [INFO] [1786822410.270834367] [velocity_path_follower]: waypoint 1764 / 5251 도달 (선 이탈 0.03 m)
[velocity_path_follower.py-9] [INFO] [1786822410.620864344] [velocity_path_follower]: waypoint 1765 / 5251 도달 (선 이탈 0.02 m)
[velocity_path_follower.py-9] [INFO] [1786822410.970919615] [velocity_path_follower]: waypoint 1766 / 5251 도달 (선 이탈 0.02 m)
[velocity_path_follower.py-9] [INFO] [1786822411.320790929] [velocity_path_follower]: waypoint 1767 / 5251 도달 (선 이탈 0.02 m)
[velocity_path_follower.py-9] [INFO] [1786822411.570827850] [velocity_path_follower]: 750.0s  wp 1768/5251 이탈0.0m  위치 (  35.31,  -134.08,  10.34)
[velocity_path_follower.py-9] [INFO] [1786822411.671039051] [velocity_path_follower]: waypoint 1768 / 5251 도달 (선 이탈 0.02 m)
[velocity_path_follower.py-9] [INFO] [1786822412.020762278] [velocity_path_follower]: waypoint 1769 / 5251 도달 (선 이탈 0.02 m)
[velocity_path_follower.py-9] [INFO] [1786822412.371025286] [velocity_path_follower]: waypoint 1770 / 5251 도달 (선 이탈 0.02 m)
[velocity_path_follower.py-9] [INFO] [1786822412.720776774] [velocity_path_follower]: waypoint 1771 / 5251 도달 (선 이탈 0.01 m)
[velocity_path_follower.py-9] [INFO] [1786822413.021139084] [velocity_path_follower]: waypoint 1772 / 5251 도달 (선 이탈 0.01 m)
[velocity_path_follower.py-9] [INFO] [1786822413.370920501] [velocity_path_follower]: waypoint 1773 / 5251 도달 (선 이탈 0.01 m)
[velocity_path_follower.py-9] [INFO] [1786822413.770644828] [velocity_path_follower]: waypoint 1774 / 5251 도달 (선 이탈 0.01 m)
[velocity_path_follower.py-9] [INFO] [1786822414.070781099] [velocity_path_follower]: waypoint 1775 / 5251 도달 (선 이탈 0.00 m)
[velocity_path_follower.py-9] [INFO] [1786822414.421012085] [velocity_path_follower]: waypoint 1776 / 5251 도달 (선 이탈 0.00 m)
[velocity_path_follower.py-9] [INFO] [1786822414.770956310] [velocity_path_follower]: waypoint 1777 / 5251 도달 (선 이탈 0.00 m)
[velocity_path_follower.py-9] [INFO] [1786822415.121095755] [velocity_path_follower]: waypoint 1778 / 5251 도달 (선 이탈 0.00 m)
[velocity_path_follower.py-9] [INFO] [1786822415.471086118] [velocity_path_follower]: waypoint 1779 / 5251 도달 (선 이탈 0.00 m)
[velocity_path_follower.py-9] [INFO] [1786822415.820933267] [velocity_path_follower]: waypoint 1780 / 5251 도달 (선 이탈 0.01 m)
[velocity_path_follower.py-9] [INFO] [1786822416.170676625] [velocity_path_follower]: waypoint 1781 / 5251 도달 (선 이탈 0.01 m)
[velocity_path_follower.py-9] [INFO] [1786822416.520931092] [velocity_path_follower]: waypoint 1782 / 5251 도달 (선 이탈 0.01 m)
[velocity_path_follower.py-9] [INFO] [1786822416.570822129] [velocity_path_follower]: 755.0s  wp 1783/5251 이탈0.0m  위치 (  42.52,  -134.11,  11.30)
[velocity_path_follower.py-9] [INFO] [1786822416.870698832] [velocity_path_follower]: waypoint 1783 / 5251 도달 (선 이탈 0.01 m)
[velocity_path_follower.py-9] [INFO] [1786822417.221248400] [velocity_path_follower]: waypoint 1784 / 5251 도달 (선 이탈 0.01 m)
[velocity_path_follower.py-9] [INFO] [1786822417.570826768] [velocity_path_follower]: waypoint 1785 / 5251 도달 (선 이탈 0.01 m)
[velocity_path_follower.py-9] [INFO] [1786822417.920993034] [velocity_path_follower]: waypoint 1786 / 5251 도달 (선 이탈 0.01 m)
[velocity_path_follower.py-9] [INFO] [1786822418.270865130] [velocity_path_follower]: waypoint 1787 / 5251 도달 (선 이탈 0.01 m)
[velocity_path_follower.py-9] [INFO] [1786822418.570857897] [velocity_path_follower]: waypoint 1788 / 5251 도달 (선 이탈 0.01 m)
[velocity_path_follower.py-9] [INFO] [1786822418.920919960] [velocity_path_follower]: waypoint 1789 / 5251 도달 (선 이탈 0.01 m)
[velocity_path_follower.py-9] [INFO] [1786822419.270978657] [velocity_path_follower]: waypoint 1790 / 5251 도달 (선 이탈 0.01 m)
[velocity_path_follower.py-9] [INFO] [1786822419.620827099] [velocity_path_follower]: waypoint 1791 / 5251 도달 (선 이탈 0.01 m)
[velocity_path_follower.py-9] [INFO] [1786822419.970742209] [velocity_path_follower]: waypoint 1792 / 5251 도달 (선 이탈 0.01 m)
[velocity_path_follower.py-9] [INFO] [1786822420.320643871] [velocity_path_follower]: waypoint 1793 / 5251 도달 (선 이탈 0.01 m)
[velocity_path_follower.py-9] [INFO] [1786822420.670865295] [velocity_path_follower]: waypoint 1794 / 5251 도달 (선 이탈 0.01 m)
[velocity_path_follower.py-9] [INFO] [1786822421.020946048] [velocity_path_follower]: waypoint 1795 / 5251 도달 (선 이탈 0.01 m)
[ros2-8] [INFO] [1786822421.060193817] [rosbag2_cpp]: Writing remaining messages from cache to the bag. It may take a while
[velocity_path_follower.py-9] [INFO] [1786822421.370914931] [velocity_path_follower]: waypoint 1796 / 5251 도달 (선 이탈 0.01 m)
[velocity_path_follower.py-9] [INFO] [1786822421.570832791] [velocity_path_follower]: 760.0s  wp 1797/5251 이탈0.0m  위치 (  49.73,  -134.11,   9.71)
[velocity_path_follower.py-9] [INFO] [1786822421.720983902] [velocity_path_follower]: waypoint 1797 / 5251 도달 (선 이탈 0.00 m)
[velocity_path_follower.py-9] [INFO] [1786822422.070946663] [velocity_path_follower]: waypoint 1798 / 5251 도달 (선 이탈 0.00 m)
[velocity_path_follower.py-9] [INFO] [1786822422.420865972] [velocity_path_follower]: waypoint 1799 / 5251 도달 (선 이탈 0.00 m)
[velocity_path_follower.py-9] [INFO] [1786822422.770918452] [velocity_path_follower]: waypoint 1800 / 5251 도달 (선 이탈 0.00 m)
[velocity_path_follower.py-9] [INFO] [1786822423.121016563] [velocity_path_follower]: waypoint 1801 / 5251 도달 (선 이탈 0.00 m)
[velocity_path_follower.py-9] [INFO] [1786822423.470932674] [velocity_path_follower]: waypoint 1802 / 5251 도달 (선 이탈 0.00 m)
[velocity_path_follower.py-9] [INFO] [1786822423.771050782] [velocity_path_follower]: waypoint 1803 / 5251 도달 (선 이탈 0.00 m)
[velocity_path_follower.py-9] [INFO] [1786822424.171232918] [velocity_path_follower]: waypoint 1804 / 5251 도달 (선 이탈 0.00 m)
[velocity_path_follower.py-9] [INFO] [1786822424.470817140] [velocity_path_follower]: waypoint 1805 / 5251 도달 (선 이탈 0.00 m)
[velocity_path_follower.py-9] [INFO] [1786822424.825778285] [velocity_path_follower]: waypoint 1806 / 5251 도달 (선 이탈 0.01 m)
[velocity_path_follower.py-9] [INFO] [1786822425.216229026] [velocity_path_follower]: waypoint 1807 / 5251 도달 (선 이탈 0.01 m)
[velocity_path_follower.py-9] [INFO] [1786822425.565970068] [velocity_path_follower]: waypoint 1808 / 5251 도달 (선 이탈 0.01 m)
[velocity_path_follower.py-9] [INFO] [1786822425.916133251] [velocity_path_follower]: waypoint 1809 / 5251 도달 (선 이탈 0.01 m)
[velocity_path_follower.py-9] [INFO] [1786822426.266098309] [velocity_path_follower]: waypoint 1810 / 5251 도달 (선 이탈 0.01 m)
[velocity_path_follower.py-9] [INFO] [1786822426.616229001] [velocity_path_follower]: waypoint 1811 / 5251 도달 (선 이탈 0.01 m)
[velocity_path_follower.py-9] [INFO] [1786822426.666027925] [velocity_path_follower]: 765.1s  wp 1812/5251 이탈0.0m  위치 (  57.00,  -134.09,   8.82)
[velocity_path_follower.py-9] [INFO] [1786822426.966337067] [velocity_path_follower]: waypoint 1812 / 5251 도달 (선 이탈 0.01 m)
[velocity_path_follower.py-9] [INFO] [1786822427.316180549] [velocity_path_follower]: waypoint 1813 / 5251 도달 (선 이탈 0.01 m)
[velocity_path_follower.py-9] [INFO] [1786822427.666388713] [velocity_path_follower]: waypoint 1814 / 5251 도달 (선 이탈 0.01 m)
[velocity_path_follower.py-9] [INFO] [1786822428.016309491] [velocity_path_follower]: waypoint 1815 / 5251 도달 (선 이탈 0.01 m)
[velocity_path_follower.py-9] [INFO] [1786822428.365980644] [velocity_path_follower]: waypoint 1816 / 5251 도달 (선 이탈 0.01 m)
[velocity_path_follower.py-9] [INFO] [1786822428.716052563] [velocity_path_follower]: waypoint 1817 / 5251 도달 (선 이탈 0.01 m)
[velocity_path_follower.py-9] [INFO] [1786822431.616043153] [velocity_path_follower]: 770.0s  wp 1818/5251 이탈2.0m  위치 (  63.40,  -133.11,  10.37)
[velocity_path_follower.py-9] [INFO] [1786822433.766245356] [velocity_path_follower]: waypoint 1818 / 5251 도달 (선 이탈 2.93 m)
[velocity_path_follower.py-9] [INFO] [1786822436.616118842] [velocity_path_follower]: 775.0s  wp 1820/5251 이탈0.6m  위치 (  63.77,  -129.49,  10.42)
[velocity_path_follower.py-9] [INFO] [1786822438.716103318] [velocity_path_follower]: waypoint 1820 / 5251 도달 (선 이탈 1.41 m)
[velocity_path_follower.py-9] [INFO] [1786822439.366023164] [velocity_path_follower]: waypoint 1821 / 5251 도달 (선 이탈 1.48 m)
[velocity_path_follower.py-9] [INFO] [1786822439.966092323] [velocity_path_follower]: waypoint 1822 / 5251 도달 (선 이탈 1.48 m)
[velocity_path_follower.py-9] [INFO] [1786822440.566138205] [velocity_path_follower]: waypoint 1823 / 5251 도달 (선 이탈 1.42 m)
[velocity_path_follower.py-9] [INFO] [1786822441.116095345] [velocity_path_follower]: waypoint 1824 / 5251 도달 (선 이탈 1.32 m)
[velocity_path_follower.py-9] [INFO] [1786822441.616014210] [velocity_path_follower]: 780.0s  wp 1825/5251 이탈1.2m  위치 (  59.92,  -128.90,   9.72)
[velocity_path_follower.py-9] [INFO] [1786822441.665985329] [velocity_path_follower]: waypoint 1825 / 5251 도달 (선 이탈 1.19 m)
[velocity_path_follower.py-9] [INFO] [1786822442.216093910] [velocity_path_follower]: waypoint 1826 / 5251 도달 (선 이탈 1.02 m)
[velocity_path_follower.py-9] [INFO] [1786822442.716181129] [velocity_path_follower]: waypoint 1827 / 5251 도달 (선 이탈 0.85 m)
[velocity_path_follower.py-9] [INFO] [1786822443.216176225] [velocity_path_follower]: waypoint 1828 / 5251 도달 (선 이탈 0.67 m)
[velocity_path_follower.py-9] [INFO] [1786822443.716110994] [velocity_path_follower]: waypoint 1829 / 5251 도달 (선 이탈 0.48 m)
[velocity_path_follower.py-9] [INFO] [1786822444.165998059] [velocity_path_follower]: waypoint 1830 / 5251 도달 (선 이탈 0.31 m)
[velocity_path_follower.py-9] [INFO] [1786822444.616234813] [velocity_path_follower]: waypoint 1831 / 5251 도달 (선 이탈 0.13 m)
[velocity_path_follower.py-9] [INFO] [1786822445.066104263] [velocity_path_follower]: waypoint 1832 / 5251 도달 (선 이탈 0.03 m)
[velocity_path_follower.py-9] [INFO] [1786822445.516045309] [velocity_path_follower]: waypoint 1833 / 5251 도달 (선 이탈 0.18 m)
[velocity_path_follower.py-9] [INFO] [1786822445.966131653] [velocity_path_follower]: waypoint 1834 / 5251 도달 (선 이탈 0.32 m)
[velocity_path_follower.py-9] [INFO] [1786822446.366100919] [velocity_path_follower]: waypoint 1835 / 5251 도달 (선 이탈 0.42 m)
[velocity_path_follower.py-9] [INFO] [1786822446.615932132] [velocity_path_follower]: 785.0s  wp 1836/5251 이탈0.5m  위치 (  54.57,  -130.58,   9.71)
[velocity_path_follower.py-9] [INFO] [1786822446.766094479] [velocity_path_follower]: waypoint 1836 / 5251 도달 (선 이탈 0.51 m)
[velocity_path_follower.py-9] [INFO] [1786822447.216315889] [velocity_path_follower]: waypoint 1837 / 5251 도달 (선 이탈 0.60 m)
[velocity_path_follower.py-9] [INFO] [1786822447.616462507] [velocity_path_follower]: waypoint 1838 / 5251 도달 (선 이탈 0.65 m)
[velocity_path_follower.py-9] [INFO] [1786822448.016124399] [velocity_path_follower]: waypoint 1839 / 5251 도달 (선 이탈 0.69 m)
[velocity_path_follower.py-9] [INFO] [1786822448.366224147] [velocity_path_follower]: waypoint 1840 / 5251 도달 (선 이탈 0.71 m)
[velocity_path_follower.py-9] [INFO] [1786822448.816215234] [velocity_path_follower]: waypoint 1841 / 5251 도달 (선 이탈 0.71 m)
[velocity_path_follower.py-9] [INFO] [1786822449.171227426] [velocity_path_follower]: waypoint 1842 / 5251 도달 (선 이탈 0.70 m)
[velocity_path_follower.py-9] [INFO] [1786822449.625821703] [velocity_path_follower]: waypoint 1843 / 5251 도달 (선 이탈 0.68 m)
[velocity_path_follower.py-9] [INFO] [1786822449.978139046] [velocity_path_follower]: waypoint 1844 / 5251 도달 (선 이탈 0.64 m)
[velocity_path_follower.py-9] [INFO] [1786822450.377982853] [velocity_path_follower]: waypoint 1845 / 5251 도달 (선 이탈 0.60 m)
[velocity_path_follower.py-9] [INFO] [1786822450.777899788] [velocity_path_follower]: waypoint 1846 / 5251 도달 (선 이탈 0.54 m)
[velocity_path_follower.py-9] [INFO] [1786822451.178468129] [velocity_path_follower]: waypoint 1847 / 5251 도달 (선 이탈 0.48 m)
[velocity_path_follower.py-9] [INFO] [1786822451.529240724] [velocity_path_follower]: waypoint 1848 / 5251 도달 (선 이탈 0.41 m)
[velocity_path_follower.py-9] [INFO] [1786822451.627840106] [velocity_path_follower]: 790.0s  wp 1849/5251 이탈0.4m  위치 (  48.25,  -130.49,  10.13)
[velocity_path_follower.py-9] [INFO] [1786822451.927926373] [velocity_path_follower]: waypoint 1849 / 5251 도달 (선 이탈 0.33 m)
[velocity_path_follower.py-9] [INFO] [1786822452.278080161] [velocity_path_follower]: waypoint 1850 / 5251 도달 (선 이탈 0.26 m)
[velocity_path_follower.py-9] [INFO] [1786822452.677974618] [velocity_path_follower]: waypoint 1851 / 5251 도달 (선 이탈 0.18 m)
[velocity_path_follower.py-9] [INFO] [1786822453.077902620] [velocity_path_follower]: waypoint 1852 / 5251 도달 (선 이탈 0.10 m)
[velocity_path_follower.py-9] [INFO] [1786822453.432632888] [velocity_path_follower]: waypoint 1853 / 5251 도달 (선 이탈 0.03 m)
[velocity_path_follower.py-9] [INFO] [1786822453.783502674] [velocity_path_follower]: waypoint 1854 / 5251 도달 (선 이탈 0.03 m)
[velocity_path_follower.py-9] [INFO] [1786822454.182848459] [velocity_path_follower]: waypoint 1855 / 5251 도달 (선 이탈 0.10 m)
[velocity_path_follower.py-9] [INFO] [1786822454.532656047] [velocity_path_follower]: waypoint 1856 / 5251 도달 (선 이탈 0.16 m)
[velocity_path_follower.py-9] [INFO] [1786822454.937014907] [velocity_path_follower]: waypoint 1857 / 5251 도달 (선 이탈 0.21 m)
[velocity_path_follower.py-9] [INFO] [1786822455.286959383] [velocity_path_follower]: waypoint 1858 / 5251 도달 (선 이탈 0.25 m)
[velocity_path_follower.py-9] [INFO] [1786822455.637030741] [velocity_path_follower]: waypoint 1859 / 5251 도달 (선 이탈 0.29 m)
[velocity_path_follower.py-9] [INFO] [1786822455.987235312] [velocity_path_follower]: waypoint 1860 / 5251 도달 (선 이탈 0.32 m)
[velocity_path_follower.py-9] [INFO] [1786822456.386937473] [velocity_path_follower]: waypoint 1861 / 5251 도달 (선 이탈 0.35 m)
[velocity_path_follower.py-9] [INFO] [1786822456.639681203] [velocity_path_follower]: 795.0s  wp 1862/5251 이탈0.4m  위치 (  41.49,  -129.74,  11.98)
[velocity_path_follower.py-9] [INFO] [1786822456.739969788] [velocity_path_follower]: waypoint 1862 / 5251 도달 (선 이탈 0.36 m)
[velocity_path_follower.py-9] [INFO] [1786822457.089557306] [velocity_path_follower]: waypoint 1863 / 5251 도달 (선 이탈 0.37 m)
[velocity_path_follower.py-9] [INFO] [1786822457.439699728] [velocity_path_follower]: waypoint 1864 / 5251 도달 (선 이탈 0.37 m)
[velocity_path_follower.py-9] [INFO] [1786822457.789970780] [velocity_path_follower]: waypoint 1865 / 5251 도달 (선 이탈 0.37 m)
[velocity_path_follower.py-9] [INFO] [1786822458.189686541] [velocity_path_follower]: waypoint 1866 / 5251 도달 (선 이탈 0.36 m)
[velocity_path_follower.py-9] [INFO] [1786822458.539604256] [velocity_path_follower]: waypoint 1867 / 5251 도달 (선 이탈 0.34 m)
[velocity_path_follower.py-9] [INFO] [1786822458.889907277] [velocity_path_follower]: waypoint 1868 / 5251 도달 (선 이탈 0.32 m)
[velocity_path_follower.py-9] [INFO] [1786822459.239636282] [velocity_path_follower]: waypoint 1869 / 5251 도달 (선 이탈 0.29 m)
[velocity_path_follower.py-9] [INFO] [1786822459.639670990] [velocity_path_follower]: waypoint 1870 / 5251 도달 (선 이탈 0.26 m)
[velocity_path_follower.py-9] [INFO] [1786822459.989754929] [velocity_path_follower]: waypoint 1871 / 5251 도달 (선 이탈 0.23 m)
[velocity_path_follower.py-9] [INFO] [1786822460.339833794] [velocity_path_follower]: waypoint 1872 / 5251 도달 (선 이탈 0.19 m)
[velocity_path_follower.py-9] [INFO] [1786822460.692614555] [velocity_path_follower]: waypoint 1873 / 5251 도달 (선 이탈 0.16 m)
[velocity_path_follower.py-9] [INFO] [1786822461.045691580] [velocity_path_follower]: waypoint 1874 / 5251 도달 (선 이탈 0.12 m)
[velocity_path_follower.py-9] [INFO] [1786822461.395616907] [velocity_path_follower]: waypoint 1875 / 5251 도달 (선 이탈 0.08 m)
[velocity_path_follower.py-9] [INFO] [1786822461.645553938] [velocity_path_follower]: 800.0s  wp 1876/5251 이탈0.1m  위치 (  34.51,  -130.05,  10.68)
[velocity_path_follower.py-9] [INFO] [1786822461.745675281] [velocity_path_follower]: waypoint 1876 / 5251 도달 (선 이탈 0.04 m)
[velocity_path_follower.py-9] [INFO] [1786822462.095697865] [velocity_path_follower]: waypoint 1877 / 5251 도달 (선 이탈 0.01 m)
[velocity_path_follower.py-9] [INFO] [1786822462.447569194] [velocity_path_follower]: waypoint 1878 / 5251 도달 (선 이탈 0.03 m)
[velocity_path_follower.py-9] [INFO] [1786822462.797895963] [velocity_path_follower]: waypoint 1879 / 5251 도달 (선 이탈 0.06 m)
[velocity_path_follower.py-9] [INFO] [1786822463.147624338] [velocity_path_follower]: waypoint 1880 / 5251 도달 (선 이탈 0.09 m)
[velocity_path_follower.py-9] [INFO] [1786822463.547685466] [velocity_path_follower]: waypoint 1881 / 5251 도달 (선 이탈 0.12 m)
[velocity_path_follower.py-9] [INFO] [1786822463.847595745] [velocity_path_follower]: waypoint 1882 / 5251 도달 (선 이탈 0.14 m)
[velocity_path_follower.py-9] [INFO] [1786822464.247867263] [velocity_path_follower]: waypoint 1883 / 5251 도달 (선 이탈 0.16 m)
[velocity_path_follower.py-9] [INFO] [1786822464.597880622] [velocity_path_follower]: waypoint 1884 / 5251 도달 (선 이탈 0.17 m)
[velocity_path_follower.py-9] [INFO] [1786822464.947671432] [velocity_path_follower]: waypoint 1885 / 5251 도달 (선 이탈 0.18 m)
[velocity_path_follower.py-9] [INFO] [1786822465.299807507] [velocity_path_follower]: waypoint 1886 / 5251 도달 (선 이탈 0.19 m)
[velocity_path_follower.py-9] [INFO] [1786822465.649920339] [velocity_path_follower]: waypoint 1887 / 5251 도달 (선 이탈 0.19 m)
[velocity_path_follower.py-9] [INFO] [1786822465.999669489] [velocity_path_follower]: waypoint 1888 / 5251 도달 (선 이탈 0.19 m)
[velocity_path_follower.py-9] [INFO] [1786822466.349864167] [velocity_path_follower]: waypoint 1889 / 5251 도달 (선 이탈 0.19 m)
[velocity_path_follower.py-9] [INFO] [1786822466.649530044] [velocity_path_follower]: 805.0s  wp 1890/5251 이탈0.2m  위치 (  27.41,  -130.29,  10.63)
[velocity_path_follower.py-9] [INFO] [1786822466.700028760] [velocity_path_follower]: waypoint 1890 / 5251 도달 (선 이탈 0.18 m)
[velocity_path_follower.py-9] [INFO] [1786822467.053817454] [velocity_path_follower]: waypoint 1891 / 5251 도달 (선 이탈 0.18 m)
[velocity_path_follower.py-9] [INFO] [1786822467.406966799] [velocity_path_follower]: waypoint 1892 / 5251 도달 (선 이탈 0.16 m)
[velocity_path_follower.py-9] [INFO] [1786822467.756561379] [velocity_path_follower]: waypoint 1893 / 5251 도달 (선 이탈 0.15 m)
[velocity_path_follower.py-9] [INFO] [1786822468.113659047] [velocity_path_follower]: waypoint 1894 / 5251 도달 (선 이탈 0.13 m)
[velocity_path_follower.py-9] [INFO] [1786822468.413880295] [velocity_path_follower]: waypoint 1895 / 5251 도달 (선 이탈 0.12 m)
[velocity_path_follower.py-9] [INFO] [1786822468.813669717] [velocity_path_follower]: waypoint 1896 / 5251 도달 (선 이탈 0.10 m)
[velocity_path_follower.py-9] [INFO] [1786822469.165819037] [velocity_path_follower]: waypoint 1897 / 5251 도달 (선 이탈 0.08 m)
[velocity_path_follower.py-9] [INFO] [1786822469.515686730] [velocity_path_follower]: waypoint 1898 / 5251 도달 (선 이탈 0.06 m)
[velocity_path_follower.py-9] [INFO] [1786822469.865814309] [velocity_path_follower]: waypoint 1899 / 5251 도달 (선 이탈 0.04 m)
[velocity_path_follower.py-9] [INFO] [1786822470.217835426] [velocity_path_follower]: waypoint 1900 / 5251 도달 (선 이탈 0.02 m)
[velocity_path_follower.py-9] [INFO] [1786822470.517952104] [velocity_path_follower]: waypoint 1901 / 5251 도달 (선 이탈 0.01 m)
[velocity_path_follower.py-9] [INFO] [1786822470.918044101] [velocity_path_follower]: waypoint 1902 / 5251 도달 (선 이탈 0.02 m)
[velocity_path_follower.py-9] [INFO] [1786822471.217888065] [velocity_path_follower]: waypoint 1903 / 5251 도달 (선 이탈 0.03 m)
[velocity_path_follower.py-9] [INFO] [1786822471.567793613] [velocity_path_follower]: waypoint 1904 / 5251 도달 (선 이탈 0.04 m)
[velocity_path_follower.py-9] [INFO] [1786822471.667757144] [velocity_path_follower]: 810.0s  wp 1905/5251 이탈0.0m  위치 (  20.25,  -130.05,  11.21)
[velocity_path_follower.py-9] [INFO] [1786822471.967859912] [velocity_path_follower]: waypoint 1905 / 5251 도달 (선 이탈 0.06 m)
[velocity_path_follower.py-9] [INFO] [1786822472.270111855] [velocity_path_follower]: waypoint 1906 / 5251 도달 (선 이탈 0.07 m)
[velocity_path_follower.py-9] [INFO] [1786822472.673371123] [velocity_path_follower]: waypoint 1907 / 5251 도달 (선 이탈 0.08 m)
[velocity_path_follower.py-9] [INFO] [1786822472.975804574] [velocity_path_follower]: waypoint 1908 / 5251 도달 (선 이탈 0.09 m)
[velocity_path_follower.py-9] [INFO] [1786822473.327971020] [velocity_path_follower]: waypoint 1909 / 5251 도달 (선 이탈 0.09 m)
[velocity_path_follower.py-9] [INFO] [1786822473.678015134] [velocity_path_follower]: waypoint 1910 / 5251 도달 (선 이탈 0.10 m)
[velocity_path_follower.py-9] [INFO] [1786822474.028134001] [velocity_path_follower]: waypoint 1911 / 5251 도달 (선 이탈 0.10 m)
[velocity_path_follower.py-9] [INFO] [1786822474.378108038] [velocity_path_follower]: waypoint 1912 / 5251 도달 (선 이탈 0.10 m)
[velocity_path_follower.py-9] [INFO] [1786822474.728095201] [velocity_path_follower]: waypoint 1913 / 5251 도달 (선 이탈 0.10 m)
[velocity_path_follower.py-9] [INFO] [1786822475.078063865] [velocity_path_follower]: waypoint 1914 / 5251 도달 (선 이탈 0.10 m)
[velocity_path_follower.py-9] [INFO] [1786822475.428083746] [velocity_path_follower]: waypoint 1915 / 5251 도달 (선 이탈 0.09 m)
[velocity_path_follower.py-9] [INFO] [1786822475.778295177] [velocity_path_follower]: waypoint 1916 / 5251 도달 (선 이탈 0.09 m)
[velocity_path_follower.py-9] [INFO] [1786822476.128054010] [velocity_path_follower]: waypoint 1917 / 5251 도달 (선 이탈 0.08 m)
[velocity_path_follower.py-9] [INFO] [1786822476.480861052] [velocity_path_follower]: waypoint 1918 / 5251 도달 (선 이탈 0.07 m)
[velocity_path_follower.py-9] [INFO] [1786822476.680953065] [velocity_path_follower]: 815.0s  wp 1919/5251 이탈0.1m  위치 (  13.07,  -130.03,  11.04)
[velocity_path_follower.py-9] [INFO] [1786822476.830930695] [velocity_path_follower]: waypoint 1919 / 5251 도달 (선 이탈 0.06 m)
[velocity_path_follower.py-9] [INFO] [1786822477.185031793] [velocity_path_follower]: waypoint 1920 / 5251 도달 (선 이탈 0.05 m)
[velocity_path_follower.py-9] [INFO] [1786822477.534935981] [velocity_path_follower]: waypoint 1921 / 5251 도달 (선 이탈 0.04 m)
[velocity_path_follower.py-9] [INFO] [1786822477.885114721] [velocity_path_follower]: waypoint 1922 / 5251 도달 (선 이탈 0.03 m)
[velocity_path_follower.py-9] [INFO] [1786822478.235056916] [velocity_path_follower]: waypoint 1923 / 5251 도달 (선 이탈 0.02 m)
[velocity_path_follower.py-9] [INFO] [1786822478.535122281] [velocity_path_follower]: waypoint 1924 / 5251 도달 (선 이탈 0.01 m)
[velocity_path_follower.py-9] [INFO] [1786822478.937515664] [velocity_path_follower]: waypoint 1925 / 5251 도달 (선 이탈 0.00 m)
[velocity_path_follower.py-9] [INFO] [1786822479.289888174] [velocity_path_follower]: waypoint 1926 / 5251 도달 (선 이탈 0.01 m)
[velocity_path_follower.py-9] [INFO] [1786822479.592030337] [velocity_path_follower]: waypoint 1927 / 5251 도달 (선 이탈 0.01 m)
[velocity_path_follower.py-9] [INFO] [1786822479.991798294] [velocity_path_follower]: waypoint 1928 / 5251 도달 (선 이탈 0.02 m)
[velocity_path_follower.py-9] [INFO] [1786822480.291817257] [velocity_path_follower]: waypoint 1929 / 5251 도달 (선 이탈 0.03 m)
[velocity_path_follower.py-9] [INFO] [1786822480.642475377] [velocity_path_follower]: waypoint 1930 / 5251 도달 (선 이탈 0.04 m)
[velocity_path_follower.py-9] [INFO] [1786822480.997973521] [velocity_path_follower]: waypoint 1931 / 5251 도달 (선 이탈 0.04 m)
[velocity_path_follower.py-9] [INFO] [1786822481.349670484] [velocity_path_follower]: waypoint 1932 / 5251 도달 (선 이탈 0.05 m)
[velocity_path_follower.py-9] [INFO] [1786822481.702948758] [velocity_path_follower]: waypoint 1933 / 5251 도달 (선 이탈 0.05 m)
[velocity_path_follower.py-9] [INFO] [1786822481.752514125] [velocity_path_follower]: 820.1s  wp 1934/5251 이탈0.1m  위치 (   5.81,  -130.15,   8.51)
[velocity_path_follower.py-9] [INFO] [1786822482.052878777] [velocity_path_follower]: waypoint 1934 / 5251 도달 (선 이탈 0.05 m)
[velocity_path_follower.py-9] [INFO] [1786822482.403107399] [velocity_path_follower]: waypoint 1935 / 5251 도달 (선 이탈 0.05 m)
[velocity_path_follower.py-9] [INFO] [1786822482.753039676] [velocity_path_follower]: waypoint 1936 / 5251 도달 (선 이탈 0.06 m)
[velocity_path_follower.py-9] [INFO] [1786822483.102978998] [velocity_path_follower]: waypoint 1937 / 5251 도달 (선 이탈 0.06 m)
[velocity_path_follower.py-9] [INFO] [1786822483.453032081] [velocity_path_follower]: waypoint 1938 / 5251 도달 (선 이탈 0.05 m)
[velocity_path_follower.py-9] [INFO] [1786822483.802889323] [velocity_path_follower]: waypoint 1939 / 5251 도달 (선 이탈 0.05 m)
[velocity_path_follower.py-9] [INFO] [1786822486.713059571] [velocity_path_follower]: 825.0s  climb       위치 (  -0.49,  -130.13,   5.73)
[velocity_path_follower.py-9] [INFO] [1786822488.112682564] [velocity_path_follower]: waypoint 1940 / 5251 도달 (선 이탈 0.03 m)
[velocity_path_follower.py-9] [INFO] [1786822488.162697625] [velocity_path_follower]: waypoint 1941 / 5251 도달 (선 이탈 0.03 m)
[velocity_path_follower.py-9] [INFO] [1786822488.215500920] [velocity_path_follower]: waypoint 1942 / 5251 도달 (선 이탈 0.03 m)
[velocity_path_follower.py-9] [INFO] [1786822488.265433477] [velocity_path_follower]: waypoint 1943 / 5251 도달 (선 이탈 0.03 m)
[velocity_path_follower.py-9] [INFO] [1786822488.315559417] [velocity_path_follower]: waypoint 1944 / 5251 도달 (선 이탈 0.03 m)
[velocity_path_follower.py-9] [INFO] [1786822488.365399471] [velocity_path_follower]: waypoint 1945 / 5251 도달 (선 이탈 0.03 m)
[velocity_path_follower.py-9] [INFO] [1786822488.415616706] [velocity_path_follower]: waypoint 1946 / 5251 도달 (선 이탈 0.02 m)
[velocity_path_follower.py-9] [INFO] [1786822488.465405841] [velocity_path_follower]: waypoint 1947 / 5251 도달 (선 이탈 0.02 m)
[velocity_path_follower.py-9] [INFO] [1786822488.515416067] [velocity_path_follower]: waypoint 1948 / 5251 도달 (선 이탈 0.02 m)
[velocity_path_follower.py-9] [INFO] [1786822489.065585025] [velocity_path_follower]: waypoint 1949 / 5251 도달 (선 이탈 0.02 m)
[velocity_path_follower.py-9] [INFO] [1786822489.815382476] [velocity_path_follower]: waypoint 1950 / 5251 도달 (선 이탈 0.02 m)
[velocity_path_follower.py-9] [INFO] [1786822490.467674749] [velocity_path_follower]: waypoint 1951 / 5251 도달 (선 이탈 0.01 m)
[velocity_path_follower.py-9] [INFO] [1786822491.070484194] [velocity_path_follower]: waypoint 1952 / 5251 도달 (선 이탈 0.01 m)
[velocity_path_follower.py-9] [INFO] [1786822491.635201478] [velocity_path_follower]: waypoint 1953 / 5251 도달 (선 이탈 0.01 m)
[velocity_path_follower.py-9] [INFO] [1786822491.734983972] [velocity_path_follower]: 830.0s  wp 1954/5251 이탈0.0m  위치 (  -4.24,  -130.11,   9.72)
[velocity_path_follower.py-9] [INFO] [1786822492.135022112] [velocity_path_follower]: waypoint 1954 / 5251 도달 (선 이탈 0.00 m)
[velocity_path_follower.py-9] [INFO] [1786822492.635077348] [velocity_path_follower]: waypoint 1955 / 5251 도달 (선 이탈 0.00 m)
[velocity_path_follower.py-9] [INFO] [1786822493.138938614] [velocity_path_follower]: waypoint 1956 / 5251 도달 (선 이탈 0.00 m)
[velocity_path_follower.py-9] [INFO] [1786822493.588944336] [velocity_path_follower]: waypoint 1957 / 5251 도달 (선 이탈 0.01 m)
[velocity_path_follower.py-9] [INFO] [1786822494.039099732] [velocity_path_follower]: waypoint 1958 / 5251 도달 (선 이탈 0.01 m)
[velocity_path_follower.py-9] [INFO] [1786822494.488697325] [velocity_path_follower]: waypoint 1959 / 5251 도달 (선 이탈 0.01 m)
[velocity_path_follower.py-9] [INFO] [1786822494.890846785] [velocity_path_follower]: waypoint 1960 / 5251 도달 (선 이탈 0.01 m)
[velocity_path_follower.py-9] [INFO] [1786822495.340919364] [velocity_path_follower]: waypoint 1961 / 5251 도달 (선 이탈 0.01 m)
[velocity_path_follower.py-9] [INFO] [1786822495.740606945] [velocity_path_follower]: waypoint 1962 / 5251 도달 (선 이탈 0.01 m)
[velocity_path_follower.py-9] [INFO] [1786822496.142662665] [velocity_path_follower]: waypoint 1963 / 5251 도달 (선 이탈 0.01 m)
[velocity_path_follower.py-9] [INFO] [1786822496.543817857] [velocity_path_follower]: waypoint 1964 / 5251 도달 (선 이탈 0.01 m)
[velocity_path_follower.py-9] [INFO] [1786822496.742597631] [velocity_path_follower]: 835.0s  wp 1965/5251 이탈0.0m  위치 (  -9.86,  -130.09,  11.12)
[velocity_path_follower.py-9] [INFO] [1786822496.942762002] [velocity_path_follower]: waypoint 1965 / 5251 도달 (선 이탈 0.01 m)
[velocity_path_follower.py-9] [INFO] [1786822497.342646818] [velocity_path_follower]: waypoint 1966 / 5251 도달 (선 이탈 0.01 m)
[velocity_path_follower.py-9] [INFO] [1786822497.742653099] [velocity_path_follower]: waypoint 1967 / 5251 도달 (선 이탈 0.01 m)
[velocity_path_follower.py-9] [INFO] [1786822498.142642008] [velocity_path_follower]: waypoint 1968 / 5251 도달 (선 이탈 0.01 m)
[velocity_path_follower.py-9] [INFO] [1786822498.492892111] [velocity_path_follower]: waypoint 1969 / 5251 도달 (선 이탈 0.01 m)
[velocity_path_follower.py-9] [INFO] [1786822498.942786221] [velocity_path_follower]: waypoint 1970 / 5251 도달 (선 이탈 0.01 m)
[velocity_path_follower.py-9] [INFO] [1786822499.292885200] [velocity_path_follower]: waypoint 1971 / 5251 도달 (선 이탈 0.01 m)
[velocity_path_follower.py-9] [INFO] [1786822499.642624417] [velocity_path_follower]: waypoint 1972 / 5251 도달 (선 이탈 0.00 m)
[velocity_path_follower.py-9] [INFO] [1786822500.046032689] [velocity_path_follower]: waypoint 1973 / 5251 도달 (선 이탈 0.00 m)
[velocity_path_follower.py-9] [INFO] [1786822500.445929580] [velocity_path_follower]: waypoint 1974 / 5251 도달 (선 이탈 0.00 m)
[velocity_path_follower.py-9] [INFO] [1786822500.796160158] [velocity_path_follower]: waypoint 1975 / 5251 도달 (선 이탈 0.00 m)
[velocity_path_follower.py-9] [INFO] [1786822501.145948473] [velocity_path_follower]: waypoint 1976 / 5251 도달 (선 이탈 0.00 m)
[velocity_path_follower.py-9] [INFO] [1786822501.496219271] [velocity_path_follower]: waypoint 1977 / 5251 도달 (선 이탈 0.00 m)
[velocity_path_follower.py-9] [INFO] [1786822501.746210279] [velocity_path_follower]: 840.0s  wp 1978/5251 이탈0.0m  위치 ( -16.43,  -130.10,   8.82)
[velocity_path_follower.py-9] [INFO] [1786822501.896318222] [velocity_path_follower]: waypoint 1978 / 5251 도달 (선 이탈 0.00 m)
[velocity_path_follower.py-9] [INFO] [1786822502.248764362] [velocity_path_follower]: waypoint 1979 / 5251 도달 (선 이탈 0.00 m)
[velocity_path_follower.py-9] [INFO] [1786822502.598903289] [velocity_path_follower]: waypoint 1980 / 5251 도달 (선 이탈 0.01 m)
[velocity_path_follower.py-9] [INFO] [1786822502.998851577] [velocity_path_follower]: waypoint 1981 / 5251 도달 (선 이탈 0.01 m)
[velocity_path_follower.py-9] [INFO] [1786822503.348599872] [velocity_path_follower]: waypoint 1982 / 5251 도달 (선 이탈 0.01 m)
[velocity_path_follower.py-9] [INFO] [1786822503.698813768] [velocity_path_follower]: waypoint 1983 / 5251 도달 (선 이탈 0.01 m)
[velocity_path_follower.py-9] [INFO] [1786822504.048830742] [velocity_path_follower]: waypoint 1984 / 5251 도달 (선 이탈 0.01 m)
[velocity_path_follower.py-9] [INFO] [1786822504.398987187] [velocity_path_follower]: waypoint 1985 / 5251 도달 (선 이탈 0.01 m)
[velocity_path_follower.py-9] [INFO] [1786822504.798645776] [velocity_path_follower]: waypoint 1986 / 5251 도달 (선 이탈 0.01 m)
[velocity_path_follower.py-9] [INFO] [1786822505.148808350] [velocity_path_follower]: waypoint 1987 / 5251 도달 (선 이탈 0.01 m)
[velocity_path_follower.py-9] [INFO] [1786822505.498805130] [velocity_path_follower]: waypoint 1988 / 5251 도달 (선 이탈 0.01 m)
[velocity_path_follower.py-9] [INFO] [1786822505.848662156] [velocity_path_follower]: waypoint 1989 / 5251 도달 (선 이탈 0.01 m)
[velocity_path_follower.py-9] [INFO] [1786822506.198609981] [velocity_path_follower]: waypoint 1990 / 5251 도달 (선 이탈 0.01 m)
[velocity_path_follower.py-9] [INFO] [1786822506.548670274] [velocity_path_follower]: waypoint 1991 / 5251 도달 (선 이탈 0.01 m)
[velocity_path_follower.py-9] [INFO] [1786822506.748642521] [velocity_path_follower]: 845.0s  wp 1992/5251 이탈0.0m  위치 ( -23.40,  -130.11,   8.41)
[velocity_path_follower.py-9] [INFO] [1786822506.948598394] [velocity_path_follower]: waypoint 1992 / 5251 도달 (선 이탈 0.01 m)
[velocity_path_follower.py-9] [INFO] [1786822507.250613979] [velocity_path_follower]: waypoint 1993 / 5251 도달 (선 이탈 0.01 m)
[velocity_path_follower.py-9] [INFO] [1786822507.650650697] [velocity_path_follower]: waypoint 1994 / 5251 도달 (선 이탈 0.00 m)
[velocity_path_follower.py-9] [INFO] [1786822508.000801502] [velocity_path_follower]: waypoint 1995 / 5251 도달 (선 이탈 0.00 m)
[velocity_path_follower.py-9] [INFO] [1786822508.350817976] [velocity_path_follower]: waypoint 1996 / 5251 도달 (선 이탈 0.00 m)
[velocity_path_follower.py-9] [INFO] [1786822508.700627193] [velocity_path_follower]: waypoint 1997 / 5251 도달 (선 이탈 0.00 m)
[velocity_path_follower.py-9] [INFO] [1786822509.050799300] [velocity_path_follower]: waypoint 1998 / 5251 도달 (선 이탈 0.00 m)
[velocity_path_follower.py-9] [INFO] [1786822509.400590400] [velocity_path_follower]: waypoint 1999 / 5251 도달 (선 이탈 0.00 m)
[velocity_path_follower.py-9] [INFO] [1786822509.750663136] [velocity_path_follower]: waypoint 2000 / 5251 도달 (선 이탈 0.00 m)
[velocity_path_follower.py-9] [INFO] [1786822510.100789335] [velocity_path_follower]: waypoint 2001 / 5251 도달 (선 이탈 0.00 m)
[velocity_path_follower.py-9] [INFO] [1786822510.450954917] [velocity_path_follower]: waypoint 2002 / 5251 도달 (선 이탈 0.00 m)
[velocity_path_follower.py-9] [INFO] [1786822510.800649480] [velocity_path_follower]: waypoint 2003 / 5251 도달 (선 이탈 0.00 m)
[velocity_path_follower.py-9] [INFO] [1786822511.150699644] [velocity_path_follower]: waypoint 2004 / 5251 도달 (선 이탈 0.00 m)
[velocity_path_follower.py-9] [INFO] [1786822511.500821108] [velocity_path_follower]: waypoint 2005 / 5251 도달 (선 이탈 0.00 m)
[velocity_path_follower.py-9] [INFO] [1786822511.751043731] [velocity_path_follower]: 850.0s  wp 2006/5251 이탈0.0m  위치 ( -30.51,  -130.10,   8.35)
[velocity_path_follower.py-9] [INFO] [1786822511.800683264] [velocity_path_follower]: waypoint 2006 / 5251 도달 (선 이탈 0.00 m)
[velocity_path_follower.py-9] [INFO] [1786822512.200676151] [velocity_path_follower]: waypoint 2007 / 5251 도달 (선 이탈 0.00 m)
[velocity_path_follower.py-9] [INFO] [1786822512.550660910] [velocity_path_follower]: waypoint 2008 / 5251 도달 (선 이탈 0.00 m)
[velocity_path_follower.py-9] [INFO] [1786822512.900659669] [velocity_path_follower]: waypoint 2009 / 5251 도달 (선 이탈 0.00 m)
[velocity_path_follower.py-9] [INFO] [1786822513.251001032] [velocity_path_follower]: waypoint 2010 / 5251 도달 (선 이탈 0.00 m)
[velocity_path_follower.py-9] [INFO] [1786822513.600631619] [velocity_path_follower]: waypoint 2011 / 5251 도달 (선 이탈 0.00 m)
[velocity_path_follower.py-9] [INFO] [1786822513.950828436] [velocity_path_follower]: waypoint 2012 / 5251 도달 (선 이탈 0.00 m)
[velocity_path_follower.py-9] [INFO] [1786822514.300638621] [velocity_path_follower]: waypoint 2013 / 5251 도달 (선 이탈 0.00 m)
[velocity_path_follower.py-9] [INFO] [1786822516.755575947] [velocity_path_follower]: 855.0s  climb       위치 ( -37.21,  -130.10,   5.96)
[velocity_path_follower.py-9] [INFO] [1786822518.105405552] [velocity_path_follower]: waypoint 2014 / 5251 도달 (선 이탈 0.00 m)
[velocity_path_follower.py-9] [INFO] [1786822518.155238185] [velocity_path_follower]: waypoint 2015 / 5251 도달 (선 이탈 0.00 m)
[velocity_path_follower.py-9] [INFO] [1786822518.205394665] [velocity_path_follower]: waypoint 2016 / 5251 도달 (선 이탈 0.00 m)
[velocity_path_follower.py-9] [INFO] [1786822518.255186713] [velocity_path_follower]: waypoint 2017 / 5251 도달 (선 이탈 0.00 m)
[velocity_path_follower.py-9] [INFO] [1786822518.305312733] [velocity_path_follower]: waypoint 2018 / 5251 도달 (선 이탈 0.00 m)
[velocity_path_follower.py-9] [INFO] [1786822518.355420544] [velocity_path_follower]: waypoint 2019 / 5251 도달 (선 이탈 0.00 m)
[velocity_path_follower.py-9] [INFO] [1786822521.755382512] [velocity_path_follower]: 860.0s  wp 2020/5251 이탈1.4m  위치 ( -40.01,  -128.75,   8.20)
[velocity_path_follower.py-9] [INFO] [1786822523.305497463] [velocity_path_follower]: waypoint 2020 / 5251 도달 (선 이탈 1.37 m)
[velocity_path_follower.py-9] [INFO] [1786822524.755385668] [velocity_path_follower]: waypoint 2022 / 5251 도달 (선 이탈 0.28 m)
[velocity_path_follower.py-9] [INFO] [1786822525.805236190] [velocity_path_follower]: waypoint 2023 / 5251 도달 (선 이탈 0.48 m)
[velocity_path_follower.py-9] [INFO] [1786822526.605351334] [velocity_path_follower]: waypoint 2024 / 5251 도달 (선 이탈 0.95 m)
[velocity_path_follower.py-9] [INFO] [1786822526.755211485] [velocity_path_follower]: 865.0s  wp 2025/5251 이탈1.0m  위치 ( -38.46,  -125.07,   8.20)
[velocity_path_follower.py-9] [INFO] [1786822527.255230864] [velocity_path_follower]: waypoint 2025 / 5251 도달 (선 이탈 1.24 m)
[velocity_path_follower.py-9] [INFO] [1786822527.905302369] [velocity_path_follower]: waypoint 2026 / 5251 도달 (선 이탈 1.43 m)
[velocity_path_follower.py-9] [INFO] [1786822528.505236189] [velocity_path_follower]: waypoint 2027 / 5251 도달 (선 이탈 1.53 m)
[velocity_path_follower.py-9] [INFO] [1786822529.105474693] [velocity_path_follower]: waypoint 2028 / 5251 도달 (선 이탈 1.56 m)
[velocity_path_follower.py-9] [INFO] [1786822529.655297372] [velocity_path_follower]: waypoint 2029 / 5251 도달 (선 이탈 1.53 m)
[velocity_path_follower.py-9] [INFO] [1786822530.205329148] [velocity_path_follower]: waypoint 2030 / 5251 도달 (선 이탈 1.46 m)
[velocity_path_follower.py-9] [INFO] [1786822530.755371057] [velocity_path_follower]: waypoint 2031 / 5251 도달 (선 이탈 1.34 m)
[velocity_path_follower.py-9] [INFO] [1786822531.255459904] [velocity_path_follower]: waypoint 2032 / 5251 도달 (선 이탈 1.21 m)
[velocity_path_follower.py-9] [INFO] [1786822531.755257036] [velocity_path_follower]: 870.0s  wp 2033/5251 이탈1.0m  위치 ( -34.11,  -125.05,   9.06)
[velocity_path_follower.py-9] [INFO] [1786822531.805172813] [velocity_path_follower]: waypoint 2033 / 5251 도달 (선 이탈 1.03 m)
[velocity_path_follower.py-9] [INFO] [1786822532.305203088] [velocity_path_follower]: waypoint 2034 / 5251 도달 (선 이탈 0.85 m)
[velocity_path_follower.py-9] [INFO] [1786822532.755381257] [velocity_path_follower]: waypoint 2035 / 5251 도달 (선 이탈 0.67 m)
[velocity_path_follower.py-9] [INFO] [1786822533.255266078] [velocity_path_follower]: waypoint 2036 / 5251 도달 (선 이탈 0.47 m)
[velocity_path_follower.py-9] [INFO] [1786822533.705222332] [velocity_path_follower]: waypoint 2037 / 5251 도달 (선 이탈 0.30 m)
[velocity_path_follower.py-9] [INFO] [1786822534.155196800] [velocity_path_follower]: waypoint 2038 / 5251 도달 (선 이탈 0.11 m)
[velocity_path_follower.py-9] [INFO] [1786822534.606363698] [velocity_path_follower]: waypoint 2039 / 5251 도달 (선 이탈 0.06 m)
[velocity_path_follower.py-9] [INFO] [1786822535.005444977] [velocity_path_follower]: waypoint 2040 / 5251 도달 (선 이탈 0.20 m)
[velocity_path_follower.py-9] [INFO] [1786822535.455452464] [velocity_path_follower]: waypoint 2041 / 5251 도달 (선 이탈 0.34 m)
[velocity_path_follower.py-9] [INFO] [1786822535.905645625] [velocity_path_follower]: waypoint 2042 / 5251 도달 (선 이탈 0.46 m)
[velocity_path_follower.py-9] [INFO] [1786822536.305224066] [velocity_path_follower]: waypoint 2043 / 5251 도달 (선 이탈 0.55 m)
[velocity_path_follower.py-9] [INFO] [1786822536.705387908] [velocity_path_follower]: waypoint 2044 / 5251 도달 (선 이탈 0.62 m)
[velocity_path_follower.py-9] [INFO] [1786822536.755327859] [velocity_path_follower]: 875.0s  wp 2045/5251 이탈0.6m  위치 ( -28.50,  -126.73,   9.49)
[velocity_path_follower.py-9] [INFO] [1786822537.105343119] [velocity_path_follower]: waypoint 2045 / 5251 도달 (선 이탈 0.68 m)
[velocity_path_follower.py-9] [INFO] [1786822537.505360006] [velocity_path_follower]: waypoint 2046 / 5251 도달 (선 이탈 0.72 m)
[velocity_path_follower.py-9] [INFO] [1786822537.905410395] [velocity_path_follower]: waypoint 2047 / 5251 도달 (선 이탈 0.74 m)
[velocity_path_follower.py-9] [INFO] [1786822538.305407747] [velocity_path_follower]: waypoint 2048 / 5251 도달 (선 이탈 0.75 m)
[velocity_path_follower.py-9] [INFO] [1786822538.705328099] [velocity_path_follower]: waypoint 2049 / 5251 도달 (선 이탈 0.73 m)
[velocity_path_follower.py-9] [INFO] [1786822539.105379291] [velocity_path_follower]: waypoint 2050 / 5251 도달 (선 이탈 0.71 m)
[velocity_path_follower.py-9] [INFO] [1786822539.455376490] [velocity_path_follower]: waypoint 2051 / 5251 도달 (선 이탈 0.68 m)
[velocity_path_follower.py-9] [INFO] [1786822539.857621237] [velocity_path_follower]: waypoint 2052 / 5251 도달 (선 이탈 0.63 m)
[velocity_path_follower.py-9] [INFO] [1786822540.259862907] [velocity_path_follower]: waypoint 2053 / 5251 도달 (선 이탈 0.57 m)
[velocity_path_follower.py-9] [INFO] [1786822540.659904241] [velocity_path_follower]: waypoint 2054 / 5251 도달 (선 이탈 0.50 m)
[velocity_path_follower.py-9] [INFO] [1786822541.059656648] [velocity_path_follower]: waypoint 2055 / 5251 도달 (선 이탈 0.42 m)
[velocity_path_follower.py-9] [INFO] [1786822541.409580610] [velocity_path_follower]: waypoint 2056 / 5251 도달 (선 이탈 0.36 m)
[velocity_path_follower.py-9] [INFO] [1786822541.759491114] [velocity_path_follower]: 880.0s  wp 2057/5251 이탈0.3m  위치 ( -22.11,  -126.38,   8.99)
[velocity_path_follower.py-9] [INFO] [1786822541.809644038] [velocity_path_follower]: waypoint 2057 / 5251 도달 (선 이탈 0.27 m)
[velocity_path_follower.py-9] [INFO] [1786822542.159667508] [velocity_path_follower]: waypoint 2058 / 5251 도달 (선 이탈 0.20 m)
[velocity_path_follower.py-9] [INFO] [1786822542.559897618] [velocity_path_follower]: waypoint 2059 / 5251 도달 (선 이탈 0.12 m)
[velocity_path_follower.py-9] [INFO] [1786822542.909839464] [velocity_path_follower]: waypoint 2060 / 5251 도달 (선 이탈 0.05 m)
[velocity_path_follower.py-9] [INFO] [1786822543.309973412] [velocity_path_follower]: waypoint 2061 / 5251 도달 (선 이탈 0.03 m)
[velocity_path_follower.py-9] [INFO] [1786822543.659668256] [velocity_path_follower]: waypoint 2062 / 5251 도달 (선 이탈 0.10 m)
[velocity_path_follower.py-9] [INFO] [1786822544.010046337] [velocity_path_follower]: waypoint 2063 / 5251 도달 (선 이탈 0.16 m)
[velocity_path_follower.py-9] [INFO] [1786822544.409683359] [velocity_path_follower]: waypoint 2064 / 5251 도달 (선 이탈 0.21 m)
[velocity_path_follower.py-9] [INFO] [1786822544.759680682] [velocity_path_follower]: waypoint 2065 / 5251 도달 (선 이탈 0.26 m)
[velocity_path_follower.py-9] [INFO] [1786822545.159836104] [velocity_path_follower]: waypoint 2066 / 5251 도달 (선 이탈 0.30 m)
[velocity_path_follower.py-9] [INFO] [1786822545.509922731] [velocity_path_follower]: waypoint 2067 / 5251 도달 (선 이탈 0.33 m)
[velocity_path_follower.py-9] [INFO] [1786822545.859672636] [velocity_path_follower]: waypoint 2068 / 5251 도달 (선 이탈 0.36 m)
[velocity_path_follower.py-9] [INFO] [1786822546.210098073] [velocity_path_follower]: waypoint 2069 / 5251 도달 (선 이탈 0.37 m)
[velocity_path_follower.py-9] [INFO] [1786822546.559660187] [velocity_path_follower]: waypoint 2070 / 5251 도달 (선 이탈 0.38 m)
[velocity_path_follower.py-9] [INFO] [1786822546.759527376] [velocity_path_follower]: 885.0s  wp 2071/5251 이탈0.4m  위치 ( -15.32,  -125.72,   8.99)
[velocity_path_follower.py-9] [INFO] [1786822546.959624824] [velocity_path_follower]: waypoint 2071 / 5251 도달 (선 이탈 0.38 m)
[velocity_path_follower.py-9] [INFO] [1786822547.309593629] [velocity_path_follower]: waypoint 2072 / 5251 도달 (선 이탈 0.38 m)
[velocity_path_follower.py-9] [INFO] [1786822547.659690356] [velocity_path_follower]: waypoint 2073 / 5251 도달 (선 이탈 0.36 m)
[velocity_path_follower.py-9] [INFO] [1786822548.009866170] [velocity_path_follower]: waypoint 2074 / 5251 도달 (선 이탈 0.35 m)
[velocity_path_follower.py-9] [INFO] [1786822548.359810233] [velocity_path_follower]: waypoint 2075 / 5251 도달 (선 이탈 0.33 m)
[velocity_path_follower.py-9] [INFO] [1786822548.710038057] [velocity_path_follower]: waypoint 2076 / 5251 도달 (선 이탈 0.30 m)
[velocity_path_follower.py-9] [INFO] [1786822549.111664200] [velocity_path_follower]: waypoint 2077 / 5251 도달 (선 이탈 0.27 m)
[velocity_path_follower.py-9] [INFO] [1786822549.462004329] [velocity_path_follower]: waypoint 2078 / 5251 도달 (선 이탈 0.23 m)
[velocity_path_follower.py-9] [INFO] [1786822549.812207494] [velocity_path_follower]: waypoint 2079 / 5251 도달 (선 이탈 0.20 m)
[velocity_path_follower.py-9] [INFO] [1786822550.161627963] [velocity_path_follower]: waypoint 2080 / 5251 도달 (선 이탈 0.16 m)
[velocity_path_follower.py-9] [INFO] [1786822550.561820105] [velocity_path_follower]: waypoint 2081 / 5251 도달 (선 이탈 0.12 m)
[velocity_path_follower.py-9] [INFO] [1786822550.861868510] [velocity_path_follower]: waypoint 2082 / 5251 도달 (선 이탈 0.09 m)
[velocity_path_follower.py-9] [INFO] [1786822551.214133439] [velocity_path_follower]: waypoint 2083 / 5251 도달 (선 이탈 0.05 m)
[velocity_path_follower.py-9] [INFO] [1786822551.616332465] [velocity_path_follower]: waypoint 2084 / 5251 도달 (선 이탈 0.01 m)
[velocity_path_follower.py-9] [INFO] [1786822551.766358421] [velocity_path_follower]: 890.0s  wp 2085/5251 이탈0.0m  위치 (  -8.33,  -126.11,   7.09)
[velocity_path_follower.py-9] [INFO] [1786822551.966406016] [velocity_path_follower]: waypoint 2085 / 5251 도달 (선 이탈 0.03 m)
[velocity_path_follower.py-9] [INFO] [1786822552.316371694] [velocity_path_follower]: waypoint 2086 / 5251 도달 (선 이탈 0.06 m)
[velocity_path_follower.py-9] [INFO] [1786822552.668619301] [velocity_path_follower]: waypoint 2087 / 5251 도달 (선 이탈 0.09 m)
[velocity_path_follower.py-9] [INFO] [1786822556.229509980] [velocity_path_follower]: waypoint 2088 / 5251 도달 (선 이탈 0.28 m)
[velocity_path_follower.py-9] [INFO] [1786822556.278927808] [velocity_path_follower]: waypoint 2089 / 5251 도달 (선 이탈 0.28 m)
[velocity_path_follower.py-9] [INFO] [1786822556.328781029] [velocity_path_follower]: waypoint 2090 / 5251 도달 (선 이탈 0.28 m)
[velocity_path_follower.py-9] [INFO] [1786822556.378653001] [velocity_path_follower]: waypoint 2091 / 5251 도달 (선 이탈 0.29 m)
[velocity_path_follower.py-9] [INFO] [1786822556.428693521] [velocity_path_follower]: waypoint 2092 / 5251 도달 (선 이탈 0.29 m)
[velocity_path_follower.py-9] [INFO] [1786822556.478655288] [velocity_path_follower]: waypoint 2093 / 5251 도달 (선 이탈 0.29 m)
[velocity_path_follower.py-9] [INFO] [1786822556.528579928] [velocity_path_follower]: waypoint 2094 / 5251 도달 (선 이탈 0.29 m)
[velocity_path_follower.py-9] [INFO] [1786822556.578813206] [velocity_path_follower]: waypoint 2095 / 5251 도달 (선 이탈 0.29 m)
[velocity_path_follower.py-9] [INFO] [1786822556.780559103] [velocity_path_follower]: 895.0s  wp 2096/5251 이탈0.3m  위치 (  -2.83,  -126.40,   6.76)
[velocity_path_follower.py-9] [INFO] [1786822557.132770035] [velocity_path_follower]: waypoint 2096 / 5251 도달 (선 이탈 0.31 m)
[velocity_path_follower.py-9] [INFO] [1786822557.782854086] [velocity_path_follower]: waypoint 2097 / 5251 도달 (선 이탈 0.31 m)
[velocity_path_follower.py-9] [INFO] [1786822558.432659802] [velocity_path_follower]: waypoint 2098 / 5251 도달 (선 이탈 0.30 m)
[velocity_path_follower.py-9] [INFO] [1786822558.984836371] [velocity_path_follower]: waypoint 2099 / 5251 도달 (선 이탈 0.27 m)
[velocity_path_follower.py-9] [INFO] [1786822559.487933969] [velocity_path_follower]: waypoint 2100 / 5251 도달 (선 이탈 0.24 m)
[velocity_path_follower.py-9] [INFO] [1786822560.037960796] [velocity_path_follower]: waypoint 2101 / 5251 도달 (선 이탈 0.20 m)
[velocity_path_follower.py-9] [INFO] [1786822560.487894209] [velocity_path_follower]: waypoint 2102 / 5251 도달 (선 이탈 0.16 m)
[velocity_path_follower.py-9] [INFO] [1786822560.995897521] [velocity_path_follower]: waypoint 2103 / 5251 도달 (선 이탈 0.12 m)
[velocity_path_follower.py-9] [INFO] [1786822561.445975784] [velocity_path_follower]: waypoint 2104 / 5251 도달 (선 이탈 0.08 m)
[velocity_path_follower.py-9] [INFO] [1786822561.798742360] [velocity_path_follower]: 900.0s  wp 2105/5251 이탈0.0m  위치 (   1.83,  -126.15,   7.76)
[velocity_path_follower.py-9] [INFO] [1786822561.898656572] [velocity_path_follower]: waypoint 2105 / 5251 도달 (선 이탈 0.04 m)
[velocity_path_follower.py-9] [INFO] [1786822562.299167461] [velocity_path_follower]: waypoint 2106 / 5251 도달 (선 이탈 0.01 m)
[velocity_path_follower.py-9] [INFO] [1786822562.749286361] [velocity_path_follower]: waypoint 2107 / 5251 도달 (선 이탈 0.03 m)
[velocity_path_follower.py-9] [INFO] [1786822563.220697396] [velocity_path_follower]: waypoint 2108 / 5251 도달 (선 이탈 0.06 m)
[velocity_path_follower.py-9] [INFO] [1786822563.619843323] [velocity_path_follower]: waypoint 2109 / 5251 도달 (선 이탈 0.09 m)
[velocity_path_follower.py-9] [INFO] [1786822564.020081088] [velocity_path_follower]: waypoint 2110 / 5251 도달 (선 이탈 0.11 m)
[velocity_path_follower.py-9] [INFO] [1786822564.419940262] [velocity_path_follower]: waypoint 2111 / 5251 도달 (선 이탈 0.13 m)
[velocity_path_follower.py-9] [INFO] [1786822564.822695222] [velocity_path_follower]: waypoint 2112 / 5251 도달 (선 이탈 0.14 m)
[velocity_path_follower.py-9] [INFO] [1786822565.222796870] [velocity_path_follower]: waypoint 2113 / 5251 도달 (선 이탈 0.15 m)
[velocity_path_follower.py-9] [INFO] [1786822565.575977286] [velocity_path_follower]: waypoint 2114 / 5251 도달 (선 이탈 0.16 m)
[velocity_path_follower.py-9] [INFO] [1786822565.975939432] [velocity_path_follower]: waypoint 2115 / 5251 도달 (선 이탈 0.16 m)
[velocity_path_follower.py-9] [INFO] [1786822566.375568530] [velocity_path_follower]: waypoint 2116 / 5251 도달 (선 이탈 0.16 m)
[velocity_path_follower.py-9] [INFO] [1786822566.727665619] [velocity_path_follower]: waypoint 2117 / 5251 도달 (선 이탈 0.16 m)
[velocity_path_follower.py-9] [INFO] [1786822566.827896688] [velocity_path_follower]: 905.0s  wp 2118/5251 이탈0.2m  위치 (   8.04,  -125.95,   9.24)
[velocity_path_follower.py-9] [INFO] [1786822567.127662111] [velocity_path_follower]: waypoint 2118 / 5251 도달 (선 이탈 0.15 m)
[velocity_path_follower.py-9] [INFO] [1786822567.527865868] [velocity_path_follower]: waypoint 2119 / 5251 도달 (선 이탈 0.14 m)
[velocity_path_follower.py-9] [INFO] [1786822567.879917254] [velocity_path_follower]: waypoint 2120 / 5251 도달 (선 이탈 0.13 m)
[velocity_path_follower.py-9] [INFO] [1786822568.231947769] [velocity_path_follower]: waypoint 2121 / 5251 도달 (선 이탈 0.11 m)
[velocity_path_follower.py-9] [INFO] [1786822568.631874524] [velocity_path_follower]: waypoint 2122 / 5251 도달 (선 이탈 0.10 m)
[velocity_path_follower.py-9] [INFO] [1786822568.982853123] [velocity_path_follower]: waypoint 2123 / 5251 도달 (선 이탈 0.08 m)
[velocity_path_follower.py-9] [INFO] [1786822569.381998228] [velocity_path_follower]: waypoint 2124 / 5251 도달 (선 이탈 0.07 m)
[velocity_path_follower.py-9] [INFO] [1786822569.732133342] [velocity_path_follower]: waypoint 2125 / 5251 도달 (선 이탈 0.05 m)
[velocity_path_follower.py-9] [INFO] [1786822570.081984321] [velocity_path_follower]: waypoint 2126 / 5251 도달 (선 이탈 0.03 m)
[velocity_path_follower.py-9] [INFO] [1786822570.431893684] [velocity_path_follower]: waypoint 2127 / 5251 도달 (선 이탈 0.02 m)
[velocity_path_follower.py-9] [INFO] [1786822570.832321477] [velocity_path_follower]: waypoint 2128 / 5251 도달 (선 이탈 0.00 m)
[velocity_path_follower.py-9] [INFO] [1786822571.185192300] [velocity_path_follower]: waypoint 2129 / 5251 도달 (선 이탈 0.01 m)
[velocity_path_follower.py-9] [INFO] [1786822571.534605899] [velocity_path_follower]: waypoint 2130 / 5251 도달 (선 이탈 0.03 m)
[velocity_path_follower.py-9] [INFO] [1786822571.834483774] [velocity_path_follower]: 910.0s  wp 2131/5251 이탈0.0m  위치 (  14.85,  -126.14,  11.22)
[velocity_path_follower.py-9] [INFO] [1786822571.884481768] [velocity_path_follower]: waypoint 2131 / 5251 도달 (선 이탈 0.04 m)
[velocity_path_follower.py-9] [INFO] [1786822572.234609819] [velocity_path_follower]: waypoint 2132 / 5251 도달 (선 이탈 0.05 m)
[velocity_path_follower.py-9] [INFO] [1786822572.634616946] [velocity_path_follower]: waypoint 2133 / 5251 도달 (선 이탈 0.06 m)
[velocity_path_follower.py-9] [INFO] [1786822572.984521074] [velocity_path_follower]: waypoint 2134 / 5251 도달 (선 이탈 0.07 m)
[velocity_path_follower.py-9] [INFO] [1786822573.338006441] [velocity_path_follower]: waypoint 2135 / 5251 도달 (선 이탈 0.08 m)
[velocity_path_follower.py-9] [INFO] [1786822573.687805239] [velocity_path_follower]: waypoint 2136 / 5251 도달 (선 이탈 0.08 m)
[velocity_path_follower.py-9] [INFO] [1786822574.037932218] [velocity_path_follower]: waypoint 2137 / 5251 도달 (선 이탈 0.08 m)
[velocity_path_follower.py-9] [INFO] [1786822574.391235628] [velocity_path_follower]: waypoint 2138 / 5251 도달 (선 이탈 0.08 m)
[velocity_path_follower.py-9] [INFO] [1786822574.740913887] [velocity_path_follower]: waypoint 2139 / 5251 도달 (선 이탈 0.08 m)
[velocity_path_follower.py-9] [INFO] [1786822575.093406140] [velocity_path_follower]: waypoint 2140 / 5251 도달 (선 이탈 0.08 m)
[velocity_path_follower.py-9] [INFO] [1786822575.443354585] [velocity_path_follower]: waypoint 2141 / 5251 도달 (선 이탈 0.08 m)
[velocity_path_follower.py-9] [INFO] [1786822575.793332655] [velocity_path_follower]: waypoint 2142 / 5251 도달 (선 이탈 0.07 m)
[velocity_path_follower.py-9] [INFO] [1786822576.143620617] [velocity_path_follower]: waypoint 2143 / 5251 도달 (선 이탈 0.07 m)
[velocity_path_follower.py-9] [INFO] [1786822576.493588696] [velocity_path_follower]: waypoint 2144 / 5251 도달 (선 이탈 0.06 m)
[velocity_path_follower.py-9] [INFO] [1786822576.843480937] [velocity_path_follower]: waypoint 2145 / 5251 도달 (선 이탈 0.06 m)
[velocity_path_follower.py-9] [INFO] [1786822576.893268886] [velocity_path_follower]: 915.1s  wp 2146/5251 이탈0.1m  위치 (  21.96,  -126.16,  11.47)
[velocity_path_follower.py-9] [INFO] [1786822577.243410310] [velocity_path_follower]: waypoint 2146 / 5251 도달 (선 이탈 0.05 m)
[velocity_path_follower.py-9] [INFO] [1786822577.545915626] [velocity_path_follower]: waypoint 2147 / 5251 도달 (선 이탈 0.04 m)
[velocity_path_follower.py-9] [INFO] [1786822577.895688913] [velocity_path_follower]: waypoint 2148 / 5251 도달 (선 이탈 0.03 m)
[velocity_path_follower.py-9] [INFO] [1786822578.245638420] [velocity_path_follower]: waypoint 2149 / 5251 도달 (선 이탈 0.02 m)
[velocity_path_follower.py-9] [INFO] [1786822578.645694644] [velocity_path_follower]: waypoint 2150 / 5251 도달 (선 이탈 0.01 m)
[velocity_path_follower.py-9] [INFO] [1786822578.946040168] [velocity_path_follower]: waypoint 2151 / 5251 도달 (선 이탈 0.01 m)
[velocity_path_follower.py-9] [INFO] [1786822579.347685008] [velocity_path_follower]: waypoint 2152 / 5251 도달 (선 이탈 0.00 m)
[velocity_path_follower.py-9] [INFO] [1786822579.647610896] [velocity_path_follower]: waypoint 2153 / 5251 도달 (선 이탈 0.01 m)
[velocity_path_follower.py-9] [INFO] [1786822580.049781844] [velocity_path_follower]: waypoint 2154 / 5251 도달 (선 이탈 0.02 m)
[velocity_path_follower.py-9] [INFO] [1786822580.352612485] [velocity_path_follower]: waypoint 2155 / 5251 도달 (선 이탈 0.02 m)
[velocity_path_follower.py-9] [INFO] [1786822580.754687894] [velocity_path_follower]: waypoint 2156 / 5251 도달 (선 이탈 0.03 m)
[velocity_path_follower.py-9] [INFO] [1786822581.054882385] [velocity_path_follower]: waypoint 2157 / 5251 도달 (선 이탈 0.03 m)
[velocity_path_follower.py-9] [INFO] [1786822581.454869382] [velocity_path_follower]: waypoint 2158 / 5251 도달 (선 이탈 0.04 m)
[velocity_path_follower.py-9] [INFO] [1786822581.758282263] [velocity_path_follower]: waypoint 2159 / 5251 도달 (선 이탈 0.04 m)
[velocity_path_follower.py-9] [INFO] [1786822581.856570868] [velocity_path_follower]: 920.0s  wp 2160/5251 이탈0.0m  위치 (  29.06,  -126.06,  10.54)
[velocity_path_follower.py-9] [INFO] [1786822582.106980496] [velocity_path_follower]: waypoint 2160 / 5251 도달 (선 이탈 0.04 m)
[velocity_path_follower.py-9] [INFO] [1786822582.456860283] [velocity_path_follower]: waypoint 2161 / 5251 도달 (선 이탈 0.04 m)
[velocity_path_follower.py-9] [INFO] [1786822582.806675776] [velocity_path_follower]: waypoint 2162 / 5251 도달 (선 이탈 0.05 m)
[velocity_path_follower.py-9] [INFO] [1786822583.156804036] [velocity_path_follower]: waypoint 2163 / 5251 도달 (선 이탈 0.05 m)
[velocity_path_follower.py-9] [INFO] [1786822583.506850838] [velocity_path_follower]: waypoint 2164 / 5251 도달 (선 이탈 0.04 m)
[velocity_path_follower.py-9] [INFO] [1786822583.862750885] [velocity_path_follower]: waypoint 2165 / 5251 도달 (선 이탈 0.04 m)
[velocity_path_follower.py-9] [INFO] [1786822584.212845527] [velocity_path_follower]: waypoint 2166 / 5251 도달 (선 이탈 0.04 m)
[velocity_path_follower.py-9] [INFO] [1786822584.562826375] [velocity_path_follower]: waypoint 2167 / 5251 도달 (선 이탈 0.04 m)
[velocity_path_follower.py-9] [INFO] [1786822584.915114237] [velocity_path_follower]: waypoint 2168 / 5251 도달 (선 이탈 0.03 m)
[velocity_path_follower.py-9] [INFO] [1786822585.264700200] [velocity_path_follower]: waypoint 2169 / 5251 도달 (선 이탈 0.03 m)
[velocity_path_follower.py-9] [INFO] [1786822585.614965776] [velocity_path_follower]: waypoint 2170 / 5251 도달 (선 이탈 0.03 m)
[velocity_path_follower.py-9] [INFO] [1786822585.965128807] [velocity_path_follower]: waypoint 2171 / 5251 도달 (선 이탈 0.02 m)
[velocity_path_follower.py-9] [INFO] [1786822586.314781739] [velocity_path_follower]: waypoint 2172 / 5251 도달 (선 이탈 0.02 m)
[velocity_path_follower.py-9] [INFO] [1786822586.664668724] [velocity_path_follower]: waypoint 2173 / 5251 도달 (선 이탈 0.01 m)
[velocity_path_follower.py-9] [INFO] [1786822586.865009238] [velocity_path_follower]: 925.0s  wp 2174/5251 이탈0.0m  위치 (  36.24,  -126.09,  11.50)
[velocity_path_follower.py-9] [INFO] [1786822587.014816803] [velocity_path_follower]: waypoint 2174 / 5251 도달 (선 이탈 0.01 m)
[velocity_path_follower.py-9] [INFO] [1786822587.364916222] [velocity_path_follower]: waypoint 2175 / 5251 도달 (선 이탈 0.00 m)
[velocity_path_follower.py-9] [INFO] [1786822587.714671333] [velocity_path_follower]: waypoint 2176 / 5251 도달 (선 이탈 0.00 m)
[velocity_path_follower.py-9] [INFO] [1786822588.070569246] [velocity_path_follower]: waypoint 2177 / 5251 도달 (선 이탈 0.00 m)
[velocity_path_follower.py-9] [INFO] [1786822588.369507777] [velocity_path_follower]: waypoint 2178 / 5251 도달 (선 이탈 0.01 m)
[velocity_path_follower.py-9] [INFO] [1786822588.769521628] [velocity_path_follower]: waypoint 2179 / 5251 도달 (선 이탈 0.01 m)
[velocity_path_follower.py-9] [INFO] [1786822589.069577416] [velocity_path_follower]: waypoint 2180 / 5251 도달 (선 이탈 0.01 m)
[velocity_path_follower.py-9] [INFO] [1786822589.419569928] [velocity_path_follower]: waypoint 2181 / 5251 도달 (선 이탈 0.02 m)
[velocity_path_follower.py-9] [INFO] [1786822589.769931955] [velocity_path_follower]: waypoint 2182 / 5251 도달 (선 이탈 0.02 m)
[velocity_path_follower.py-9] [INFO] [1786822590.119642167] [velocity_path_follower]: waypoint 2183 / 5251 도달 (선 이탈 0.02 m)
[velocity_path_follower.py-9] [INFO] [1786822590.473368259] [velocity_path_follower]: waypoint 2184 / 5251 도달 (선 이탈 0.02 m)
[velocity_path_follower.py-9] [INFO] [1786822590.823234315] [velocity_path_follower]: waypoint 2185 / 5251 도달 (선 이탈 0.02 m)
[velocity_path_follower.py-9] [INFO] [1786822591.175485975] [velocity_path_follower]: waypoint 2186 / 5251 도달 (선 이탈 0.02 m)
[velocity_path_follower.py-9] [INFO] [1786822591.525527838] [velocity_path_follower]: waypoint 2187 / 5251 도달 (선 이탈 0.02 m)
[velocity_path_follower.py-9] [INFO] [1786822591.875520781] [velocity_path_follower]: waypoint 2188 / 5251 도달 (선 이탈 0.02 m)
[velocity_path_follower.py-9] [INFO] [1786822591.925339248] [velocity_path_follower]: 930.1s  wp 2189/5251 이탈0.0m  위치 (  43.51,  -126.12,  12.94)
[velocity_path_follower.py-9] [INFO] [1786822592.225588192] [velocity_path_follower]: waypoint 2189 / 5251 도달 (선 이탈 0.02 m)
[velocity_path_follower.py-9] [INFO] [1786822592.579644480] [velocity_path_follower]: waypoint 2190 / 5251 도달 (선 이탈 0.02 m)
[velocity_path_follower.py-9] [INFO] [1786822592.929837315] [velocity_path_follower]: waypoint 2191 / 5251 도달 (선 이탈 0.02 m)
[velocity_path_follower.py-9] [INFO] [1786822593.279664765] [velocity_path_follower]: waypoint 2192 / 5251 도달 (선 이탈 0.02 m)
[velocity_path_follower.py-9] [INFO] [1786822593.629686017] [velocity_path_follower]: waypoint 2193 / 5251 도달 (선 이탈 0.02 m)
[velocity_path_follower.py-9] [INFO] [1786822594.024798706] [velocity_path_follower]: waypoint 2194 / 5251 도달 (선 이탈 0.01 m)
[velocity_path_follower.py-9] [INFO] [1786822594.322911407] [velocity_path_follower]: waypoint 2195 / 5251 도달 (선 이탈 0.01 m)
[velocity_path_follower.py-9] [INFO] [1786822594.722983271] [velocity_path_follower]: waypoint 2196 / 5251 도달 (선 이탈 0.01 m)
[velocity_path_follower.py-9] [INFO] [1786822595.023100391] [velocity_path_follower]: waypoint 2197 / 5251 도달 (선 이탈 0.01 m)
[velocity_path_follower.py-9] [INFO] [1786822595.372949150] [velocity_path_follower]: waypoint 2198 / 5251 도달 (선 이탈 0.00 m)
[velocity_path_follower.py-9] [INFO] [1786822595.722973833] [velocity_path_follower]: waypoint 2199 / 5251 도달 (선 이탈 0.00 m)
[velocity_path_follower.py-9] [INFO] [1786822596.073342866] [velocity_path_follower]: waypoint 2200 / 5251 도달 (선 이탈 0.00 m)
[velocity_path_follower.py-9] [INFO] [1786822596.423028376] [velocity_path_follower]: waypoint 2201 / 5251 도달 (선 이탈 0.00 m)
[velocity_path_follower.py-9] [INFO] [1786822596.773084860] [velocity_path_follower]: waypoint 2202 / 5251 도달 (선 이탈 0.00 m)
[velocity_path_follower.py-9] [INFO] [1786822596.922955835] [velocity_path_follower]: 935.0s  wp 2203/5251 이탈0.0m  위치 (  50.66,  -126.09,  11.86)
[velocity_path_follower.py-9] [INFO] [1786822597.122889628] [velocity_path_follower]: waypoint 2203 / 5251 도달 (선 이탈 0.01 m)
[velocity_path_follower.py-9] [INFO] [1786822597.472959536] [velocity_path_follower]: waypoint 2204 / 5251 도달 (선 이탈 0.01 m)
[velocity_path_follower.py-9] [INFO] [1786822597.822917148] [velocity_path_follower]: waypoint 2205 / 5251 도달 (선 이탈 0.01 m)
[velocity_path_follower.py-9] [INFO] [1786822598.173001603] [velocity_path_follower]: waypoint 2206 / 5251 도달 (선 이탈 0.01 m)
[velocity_path_follower.py-9] [INFO] [1786822598.522913304] [velocity_path_follower]: waypoint 2207 / 5251 도달 (선 이탈 0.01 m)
[velocity_path_follower.py-9] [INFO] [1786822598.872883799] [velocity_path_follower]: waypoint 2208 / 5251 도달 (선 이탈 0.01 m)
[velocity_path_follower.py-9] [INFO] [1786822599.173258208] [velocity_path_follower]: waypoint 2209 / 5251 도달 (선 이탈 0.01 m)
[velocity_path_follower.py-9] [INFO] [1786822599.522971075] [velocity_path_follower]: waypoint 2210 / 5251 도달 (선 이탈 0.01 m)
[velocity_path_follower.py-9] [INFO] [1786822599.923037731] [velocity_path_follower]: waypoint 2211 / 5251 도달 (선 이탈 0.01 m)
[velocity_path_follower.py-9] [INFO] [1786822600.222986380] [velocity_path_follower]: waypoint 2212 / 5251 도달 (선 이탈 0.01 m)
[velocity_path_follower.py-9] [INFO] [1786822600.572936931] [velocity_path_follower]: waypoint 2213 / 5251 도달 (선 이탈 0.01 m)
[velocity_path_follower.py-9] [INFO] [1786822600.923028112] [velocity_path_follower]: waypoint 2214 / 5251 도달 (선 이탈 0.01 m)
[velocity_path_follower.py-9] [INFO] [1786822601.272983336] [velocity_path_follower]: waypoint 2215 / 5251 도달 (선 이탈 0.01 m)
[velocity_path_follower.py-9] [INFO] [1786822601.622968770] [velocity_path_follower]: waypoint 2216 / 5251 도달 (선 이탈 0.01 m)
[velocity_path_follower.py-9] [INFO] [1786822601.922682709] [velocity_path_follower]: 940.0s  wp 2217/5251 이탈0.0m  위치 (  57.87,  -126.09,   8.98)
[velocity_path_follower.py-9] [INFO] [1786822601.972776406] [velocity_path_follower]: waypoint 2217 / 5251 도달 (선 이탈 0.01 m)
[velocity_path_follower.py-9] [INFO] [1786822602.322957356] [velocity_path_follower]: waypoint 2218 / 5251 도달 (선 이탈 0.01 m)
[velocity_path_follower.py-9] [INFO] [1786822602.672929089] [velocity_path_follower]: waypoint 2219 / 5251 도달 (선 이탈 0.01 m)
[velocity_path_follower.py-9] [INFO] [1786822603.022977659] [velocity_path_follower]: waypoint 2220 / 5251 도달 (선 이탈 0.01 m)
[velocity_path_follower.py-9] [INFO] [1786822603.372897856] [velocity_path_follower]: waypoint 2221 / 5251 도달 (선 이탈 0.01 m)
[velocity_path_follower.py-9] [INFO] [1786822606.922664829] [velocity_path_follower]: 945.0s  wp 2222/5251 이탈2.4m  위치 (  63.79,  -124.66,   9.62)
[velocity_path_follower.py-9] [INFO] [1786822608.425625485] [velocity_path_follower]: waypoint 2222 / 5251 도달 (선 이탈 2.90 m)
[ros2-8] [INFO] [1786822611.305287916] [rosbag2_cpp]: Writing remaining messages from cache to the bag. It may take a while
[velocity_path_follower.py-9] [INFO] [1786822611.925623513] [velocity_path_follower]: 950.0s  wp 2224/5251 이탈1.0m  위치 (  63.35,  -121.13,  10.77)
[velocity_path_follower.py-9] [INFO] [1786822613.325590412] [velocity_path_follower]: waypoint 2224 / 5251 도달 (선 이탈 1.41 m)
[velocity_path_follower.py-9] [INFO] [1786822613.975539833] [velocity_path_follower]: waypoint 2225 / 5251 도달 (선 이탈 1.49 m)
[velocity_path_follower.py-9] [INFO] [1786822614.575803782] [velocity_path_follower]: waypoint 2226 / 5251 도달 (선 이탈 1.49 m)
[velocity_path_follower.py-9] [INFO] [1786822615.175700637] [velocity_path_follower]: waypoint 2227 / 5251 도달 (선 이탈 1.44 m)
[velocity_path_follower.py-9] [INFO] [1786822615.725543665] [velocity_path_follower]: waypoint 2228 / 5251 도달 (선 이탈 1.34 m)
[velocity_path_follower.py-9] [INFO] [1786822616.325852677] [velocity_path_follower]: waypoint 2229 / 5251 도달 (선 이탈 1.20 m)
[velocity_path_follower.py-9] [INFO] [1786822616.827804722] [velocity_path_follower]: waypoint 2230 / 5251 도달 (선 이탈 1.05 m)
[velocity_path_follower.py-9] [INFO] [1786822616.927609214] [velocity_path_follower]: 955.0s  wp 2231/5251 이탈1.0m  위치 (  59.28,  -121.09,  10.09)
[velocity_path_follower.py-9] [INFO] [1786822617.327821233] [velocity_path_follower]: waypoint 2231 / 5251 도달 (선 이탈 0.88 m)
[velocity_path_follower.py-9] [INFO] [1786822617.828064549] [velocity_path_follower]: waypoint 2232 / 5251 도달 (선 이탈 0.69 m)
[velocity_path_follower.py-9] [INFO] [1786822618.328262787] [velocity_path_follower]: waypoint 2233 / 5251 도달 (선 이탈 0.50 m)
[velocity_path_follower.py-9] [INFO] [1786822618.778159929] [velocity_path_follower]: waypoint 2234 / 5251 도달 (선 이탈 0.32 m)
[velocity_path_follower.py-9] [INFO] [1786822619.277673063] [velocity_path_follower]: waypoint 2235 / 5251 도달 (선 이탈 0.14 m)
[velocity_path_follower.py-9] [INFO] [1786822619.727630593] [velocity_path_follower]: waypoint 2236 / 5251 도달 (선 이탈 0.03 m)
[velocity_path_follower.py-9] [INFO] [1786822620.181249406] [velocity_path_follower]: waypoint 2237 / 5251 도달 (선 이탈 0.18 m)
[velocity_path_follower.py-9] [INFO] [1786822620.581359822] [velocity_path_follower]: waypoint 2238 / 5251 도달 (선 이탈 0.31 m)
[velocity_path_follower.py-9] [INFO] [1786822621.031336570] [velocity_path_follower]: waypoint 2239 / 5251 도달 (선 이탈 0.43 m)
[velocity_path_follower.py-9] [INFO] [1786822621.431408492] [velocity_path_follower]: waypoint 2240 / 5251 도달 (선 이탈 0.52 m)
[velocity_path_follower.py-9] [INFO] [1786822621.831498415] [velocity_path_follower]: waypoint 2241 / 5251 도달 (선 이탈 0.59 m)
[velocity_path_follower.py-9] [INFO] [1786822621.931349169] [velocity_path_follower]: 960.0s  wp 2242/5251 이탈0.6m  위치 (  53.76,  -122.71,   9.68)
[velocity_path_follower.py-9] [INFO] [1786822622.231296246] [velocity_path_follower]: waypoint 2242 / 5251 도달 (선 이탈 0.65 m)
[velocity_path_follower.py-9] [INFO] [1786822622.631246796] [velocity_path_follower]: waypoint 2243 / 5251 도달 (선 이탈 0.69 m)
[velocity_path_follower.py-9] [INFO] [1786822623.031273683] [velocity_path_follower]: waypoint 2244 / 5251 도달 (선 이탈 0.71 m)
[velocity_path_follower.py-9] [INFO] [1786822623.431201490] [velocity_path_follower]: waypoint 2245 / 5251 도달 (선 이탈 0.71 m)
[velocity_path_follower.py-9] [INFO] [1786822623.831272636] [velocity_path_follower]: waypoint 2246 / 5251 도달 (선 이탈 0.70 m)
[velocity_path_follower.py-9] [INFO] [1786822624.231393706] [velocity_path_follower]: waypoint 2247 / 5251 도달 (선 이탈 0.68 m)
[velocity_path_follower.py-9] [INFO] [1786822624.631247893] [velocity_path_follower]: waypoint 2248 / 5251 도달 (선 이탈 0.64 m)
[velocity_path_follower.py-9] [INFO] [1786822625.031245045] [velocity_path_follower]: waypoint 2249 / 5251 도달 (선 이탈 0.59 m)
[velocity_path_follower.py-9] [INFO] [1786822625.431333292] [velocity_path_follower]: waypoint 2250 / 5251 도달 (선 이탈 0.53 m)
[velocity_path_follower.py-9] [INFO] [1786822625.781495740] [velocity_path_follower]: waypoint 2251 / 5251 도달 (선 이탈 0.47 m)
[velocity_path_follower.py-9] [INFO] [1786822626.181220017] [velocity_path_follower]: waypoint 2252 / 5251 도달 (선 이탈 0.40 m)
[velocity_path_follower.py-9] [INFO] [1786822626.581400692] [velocity_path_follower]: waypoint 2253 / 5251 도달 (선 이탈 0.32 m)
[velocity_path_follower.py-9] [INFO] [1786822626.931244509] [velocity_path_follower]: waypoint 2254 / 5251 도달 (선 이탈 0.25 m)
[velocity_path_follower.py-9] [INFO] [1786822626.981240978] [velocity_path_follower]: 965.1s  wp 2255/5251 이탈0.2m  위치 (  47.33,  -122.34,  12.19)
[velocity_path_follower.py-9] [INFO] [1786822627.331223099] [velocity_path_follower]: waypoint 2255 / 5251 도달 (선 이탈 0.17 m)
[velocity_path_follower.py-9] [INFO] [1786822627.731264984] [velocity_path_follower]: waypoint 2256 / 5251 도달 (선 이탈 0.09 m)
[velocity_path_follower.py-9] [INFO] [1786822628.081253858] [velocity_path_follower]: waypoint 2257 / 5251 도달 (선 이탈 0.03 m)
[velocity_path_follower.py-9] [INFO] [1786822628.431420453] [velocity_path_follower]: waypoint 2258 / 5251 도달 (선 이탈 0.04 m)
[velocity_path_follower.py-9] [INFO] [1786822628.831314382] [velocity_path_follower]: waypoint 2259 / 5251 도달 (선 이탈 0.11 m)
[velocity_path_follower.py-9] [INFO] [1786822629.181472522] [velocity_path_follower]: waypoint 2260 / 5251 도달 (선 이탈 0.16 m)
[velocity_path_follower.py-9] [INFO] [1786822629.531384988] [velocity_path_follower]: waypoint 2261 / 5251 도달 (선 이탈 0.21 m)
[velocity_path_follower.py-9] [INFO] [1786822629.936008918] [velocity_path_follower]: waypoint 2262 / 5251 도달 (선 이탈 0.26 m)
[velocity_path_follower.py-9] [INFO] [1786822630.284041560] [velocity_path_follower]: waypoint 2263 / 5251 도달 (선 이탈 0.30 m)
[velocity_path_follower.py-9] [INFO] [1786822630.633790609] [velocity_path_follower]: waypoint 2264 / 5251 도달 (선 이탈 0.33 m)
[velocity_path_follower.py-9] [INFO] [1786822631.033838895] [velocity_path_follower]: waypoint 2265 / 5251 도달 (선 이탈 0.35 m)
[velocity_path_follower.py-9] [INFO] [1786822631.383643828] [velocity_path_follower]: waypoint 2266 / 5251 도달 (선 이탈 0.36 m)
[velocity_path_follower.py-9] [INFO] [1786822631.734082122] [velocity_path_follower]: waypoint 2267 / 5251 도달 (선 이탈 0.37 m)
[velocity_path_follower.py-9] [INFO] [1786822631.933670125] [velocity_path_follower]: 970.0s  wp 2268/5251 이탈0.4m  위치 (  40.58,  -121.73,  13.09)
[velocity_path_follower.py-9] [INFO] [1786822632.083592253] [velocity_path_follower]: waypoint 2268 / 5251 도달 (선 이탈 0.37 m)
[velocity_path_follower.py-9] [INFO] [1786822632.434045472] [velocity_path_follower]: waypoint 2269 / 5251 도달 (선 이탈 0.37 m)
[velocity_path_follower.py-9] [INFO] [1786822632.784062296] [velocity_path_follower]: waypoint 2270 / 5251 도달 (선 이탈 0.35 m)
[velocity_path_follower.py-9] [INFO] [1786822633.183772961] [velocity_path_follower]: waypoint 2271 / 5251 도달 (선 이탈 0.33 m)
[velocity_path_follower.py-9] [INFO] [1786822633.534014261] [velocity_path_follower]: waypoint 2272 / 5251 도달 (선 이탈 0.31 m)
[velocity_path_follower.py-9] [INFO] [1786822633.883814708] [velocity_path_follower]: waypoint 2273 / 5251 도달 (선 이탈 0.29 m)
[velocity_path_follower.py-9] [INFO] [1786822634.233841628] [velocity_path_follower]: waypoint 2274 / 5251 도달 (선 이탈 0.26 m)
[velocity_path_follower.py-9] [INFO] [1786822634.633635267] [velocity_path_follower]: waypoint 2275 / 5251 도달 (선 이탈 0.22 m)
[velocity_path_follower.py-9] [INFO] [1786822634.933615336] [velocity_path_follower]: waypoint 2276 / 5251 도달 (선 이탈 0.19 m)
[velocity_path_follower.py-9] [INFO] [1786822635.333798998] [velocity_path_follower]: waypoint 2277 / 5251 도달 (선 이탈 0.15 m)
[velocity_path_follower.py-9] [INFO] [1786822635.685850139] [velocity_path_follower]: waypoint 2278 / 5251 도달 (선 이탈 0.11 m)
[velocity_path_follower.py-9] [INFO] [1786822636.035858526] [velocity_path_follower]: waypoint 2279 / 5251 도달 (선 이탈 0.07 m)
[velocity_path_follower.py-9] [INFO] [1786822636.387846088] [velocity_path_follower]: waypoint 2280 / 5251 도달 (선 이탈 0.04 m)
[velocity_path_follower.py-9] [INFO] [1786822636.738128869] [velocity_path_follower]: waypoint 2281 / 5251 도달 (선 이탈 0.00 m)
[velocity_path_follower.py-9] [INFO] [1786822636.937625721] [velocity_path_follower]: 975.0s  wp 2282/5251 이탈0.0m  위치 (  33.58,  -122.12,  11.71)
[velocity_path_follower.py-9] [INFO] [1786822637.088026634] [velocity_path_follower]: waypoint 2282 / 5251 도달 (선 이탈 0.03 m)
[velocity_path_follower.py-9] [INFO] [1786822637.438006742] [velocity_path_follower]: waypoint 2283 / 5251 도달 (선 이탈 0.06 m)
[velocity_path_follower.py-9] [INFO] [1786822637.787884095] [velocity_path_follower]: waypoint 2284 / 5251 도달 (선 이탈 0.09 m)
[velocity_path_follower.py-9] [INFO] [1786822638.140189889] [velocity_path_follower]: waypoint 2285 / 5251 도달 (선 이탈 0.12 m)
[velocity_path_follower.py-9] [INFO] [1786822638.539920265] [velocity_path_follower]: waypoint 2286 / 5251 도달 (선 이탈 0.14 m)
[velocity_path_follower.py-9] [INFO] [1786822638.840020654] [velocity_path_follower]: waypoint 2287 / 5251 도달 (선 이탈 0.16 m)
[velocity_path_follower.py-9] [INFO] [1786822639.190207614] [velocity_path_follower]: waypoint 2288 / 5251 도달 (선 이탈 0.17 m)
[velocity_path_follower.py-9] [INFO] [1786822639.540057313] [velocity_path_follower]: waypoint 2289 / 5251 도달 (선 이탈 0.18 m)
[velocity_path_follower.py-9] [INFO] [1786822639.940060376] [velocity_path_follower]: waypoint 2290 / 5251 도달 (선 이탈 0.19 m)
[velocity_path_follower.py-9] [INFO] [1786822640.242775054] [velocity_path_follower]: waypoint 2291 / 5251 도달 (선 이탈 0.19 m)
[velocity_path_follower.py-9] [INFO] [1786822640.642857378] [velocity_path_follower]: waypoint 2292 / 5251 도달 (선 이탈 0.19 m)
[velocity_path_follower.py-9] [INFO] [1786822640.942852107] [velocity_path_follower]: waypoint 2293 / 5251 도달 (선 이탈 0.19 m)
[velocity_path_follower.py-9] [INFO] [1786822641.344661970] [velocity_path_follower]: waypoint 2294 / 5251 도달 (선 이탈 0.18 m)
[velocity_path_follower.py-9] [INFO] [1786822641.644911842] [velocity_path_follower]: waypoint 2295 / 5251 도달 (선 이탈 0.18 m)
[velocity_path_follower.py-9] [INFO] [1786822641.946684778] [velocity_path_follower]: 980.0s  wp 2296/5251 이탈0.2m  위치 (  26.47,  -122.27,  11.04)
[velocity_path_follower.py-9] [INFO] [1786822642.046854837] [velocity_path_follower]: waypoint 2296 / 5251 도달 (선 이탈 0.16 m)
[velocity_path_follower.py-9] [INFO] [1786822642.346856871] [velocity_path_follower]: waypoint 2297 / 5251 도달 (선 이탈 0.15 m)
[velocity_path_follower.py-9] [INFO] [1786822642.698897101] [velocity_path_follower]: waypoint 2298 / 5251 도달 (선 이탈 0.14 m)
[velocity_path_follower.py-9] [INFO] [1786822643.048629942] [velocity_path_follower]: waypoint 2299 / 5251 도달 (선 이탈 0.12 m)
[velocity_path_follower.py-9] [INFO] [1786822643.448756457] [velocity_path_follower]: waypoint 2300 / 5251 도달 (선 이탈 0.10 m)
[velocity_path_follower.py-9] [INFO] [1786822643.748991714] [velocity_path_follower]: waypoint 2301 / 5251 도달 (선 이탈 0.08 m)
[velocity_path_follower.py-9] [INFO] [1786822644.099030909] [velocity_path_follower]: waypoint 2302 / 5251 도달 (선 이탈 0.06 m)
[velocity_path_follower.py-9] [INFO] [1786822644.450815226] [velocity_path_follower]: waypoint 2303 / 5251 도달 (선 이탈 0.04 m)
[velocity_path_follower.py-9] [INFO] [1786822644.802998726] [velocity_path_follower]: waypoint 2304 / 5251 도달 (선 이탈 0.03 m)
[velocity_path_follower.py-9] [INFO] [1786822645.153010053] [velocity_path_follower]: waypoint 2305 / 5251 도달 (선 이탈 0.01 m)
[velocity_path_follower.py-9] [INFO] [1786822645.503188057] [velocity_path_follower]: waypoint 2306 / 5251 도달 (선 이탈 0.01 m)
[velocity_path_follower.py-9] [INFO] [1786822645.855114803] [velocity_path_follower]: waypoint 2307 / 5251 도달 (선 이탈 0.03 m)
[velocity_path_follower.py-9] [INFO] [1786822646.254975577] [velocity_path_follower]: waypoint 2308 / 5251 도달 (선 이탈 0.04 m)
[velocity_path_follower.py-9] [INFO] [1786822646.557674000] [velocity_path_follower]: waypoint 2309 / 5251 도달 (선 이탈 0.05 m)
[velocity_path_follower.py-9] [INFO] [1786822646.911979980] [velocity_path_follower]: waypoint 2310 / 5251 도달 (선 이탈 0.07 m)
[velocity_path_follower.py-9] [INFO] [1786822646.961781460] [velocity_path_follower]: 985.0s  wp 2311/5251 이탈0.1m  위치 (  19.31,  -122.03,   7.13)
[velocity_path_follower.py-9] [INFO] [1786822647.264188876] [velocity_path_follower]: waypoint 2311 / 5251 도달 (선 이탈 0.08 m)
[velocity_path_follower.py-9] [INFO] [1786822647.616817082] [velocity_path_follower]: waypoint 2312 / 5251 도달 (선 이탈 0.08 m)
[velocity_path_follower.py-9] [INFO] [1786822647.968692631] [velocity_path_follower]: waypoint 2313 / 5251 도달 (선 이탈 0.09 m)
[velocity_path_follower.py-9] [INFO] [1786822648.318660896] [velocity_path_follower]: waypoint 2314 / 5251 도달 (선 이탈 0.09 m)
[velocity_path_follower.py-9] [INFO] [1786822648.668673872] [velocity_path_follower]: waypoint 2315 / 5251 도달 (선 이탈 0.10 m)
[velocity_path_follower.py-9] [INFO] [1786822649.018869439] [velocity_path_follower]: waypoint 2316 / 5251 도달 (선 이탈 0.10 m)
[velocity_path_follower.py-9] [INFO] [1786822649.370857631] [velocity_path_follower]: waypoint 2317 / 5251 도달 (선 이탈 0.10 m)
[velocity_path_follower.py-9] [INFO] [1786822649.721001119] [velocity_path_follower]: waypoint 2318 / 5251 도달 (선 이탈 0.09 m)
[velocity_path_follower.py-9] [INFO] [1786822650.076474255] [velocity_path_follower]: waypoint 2319 / 5251 도달 (선 이탈 0.09 m)
[velocity_path_follower.py-9] [INFO] [1786822650.428834346] [velocity_path_follower]: waypoint 2320 / 5251 도달 (선 이탈 0.08 m)
[velocity_path_follower.py-9] [INFO] [1786822650.778911379] [velocity_path_follower]: waypoint 2321 / 5251 도달 (선 이탈 0.07 m)
[velocity_path_follower.py-9] [INFO] [1786822651.134095594] [velocity_path_follower]: waypoint 2322 / 5251 도달 (선 이탈 0.07 m)
[velocity_path_follower.py-9] [INFO] [1786822651.495684465] [velocity_path_follower]: waypoint 2323 / 5251 도달 (선 이탈 0.06 m)
[velocity_path_follower.py-9] [INFO] [1786822651.848570626] [velocity_path_follower]: waypoint 2324 / 5251 도달 (선 이탈 0.05 m)
[velocity_path_follower.py-9] [INFO] [1786822651.998381098] [velocity_path_follower]: 990.0s  wp 2325/5251 이탈0.0m  위치 (  12.12,  -122.06,   9.93)
[velocity_path_follower.py-9] [INFO] [1786822652.148583673] [velocity_path_follower]: waypoint 2325 / 5251 도달 (선 이탈 0.04 m)
[velocity_path_follower.py-9] [INFO] [1786822652.551045067] [velocity_path_follower]: waypoint 2326 / 5251 도달 (선 이탈 0.03 m)
[velocity_path_follower.py-9] [INFO] [1786822652.901337040] [velocity_path_follower]: waypoint 2327 / 5251 도달 (선 이탈 0.02 m)
[velocity_path_follower.py-9] [INFO] [1786822653.203205716] [velocity_path_follower]: waypoint 2328 / 5251 도달 (선 이탈 0.01 m)
[velocity_path_follower.py-9] [INFO] [1786822653.603638696] [velocity_path_follower]: waypoint 2329 / 5251 도달 (선 이탈 0.00 m)
[velocity_path_follower.py-9] [INFO] [1786822653.903430742] [velocity_path_follower]: waypoint 2330 / 5251 도달 (선 이탈 0.01 m)
[velocity_path_follower.py-9] [INFO] [1786822654.253230039] [velocity_path_follower]: waypoint 2331 / 5251 도달 (선 이탈 0.02 m)
[velocity_path_follower.py-9] [INFO] [1786822654.610636499] [velocity_path_follower]: waypoint 2332 / 5251 도달 (선 이탈 0.02 m)
[velocity_path_follower.py-9] [INFO] [1786822654.959478214] [velocity_path_follower]: waypoint 2333 / 5251 도달 (선 이탈 0.03 m)
[velocity_path_follower.py-9] [INFO] [1786822655.317125191] [velocity_path_follower]: waypoint 2334 / 5251 도달 (선 이탈 0.04 m)
[velocity_path_follower.py-9] [INFO] [1786822655.671363771] [velocity_path_follower]: waypoint 2335 / 5251 도달 (선 이탈 0.04 m)
[velocity_path_follower.py-9] [INFO] [1786822656.023505845] [velocity_path_follower]: waypoint 2336 / 5251 도달 (선 이탈 0.05 m)
[velocity_path_follower.py-9] [INFO] [1786822656.373435745] [velocity_path_follower]: waypoint 2337 / 5251 도달 (선 이탈 0.05 m)
[velocity_path_follower.py-9] [INFO] [1786822656.725867421] [velocity_path_follower]: waypoint 2338 / 5251 도달 (선 이탈 0.05 m)
[velocity_path_follower.py-9] [INFO] [1786822657.025577855] [velocity_path_follower]: 995.0s  wp 2339/5251 이탈0.1m  위치 (   4.92,  -122.15,  11.11)
[velocity_path_follower.py-9] [INFO] [1786822657.075612273] [velocity_path_follower]: waypoint 2339 / 5251 도달 (선 이탈 0.05 m)
[velocity_path_follower.py-9] [INFO] [1786822657.425661560] [velocity_path_follower]: waypoint 2340 / 5251 도달 (선 이탈 0.05 m)
[velocity_path_follower.py-9] [INFO] [1786822657.775782850] [velocity_path_follower]: waypoint 2341 / 5251 도달 (선 이탈 0.05 m)
[velocity_path_follower.py-9] [INFO] [1786822658.127917230] [velocity_path_follower]: waypoint 2342 / 5251 도달 (선 이탈 0.05 m)
[velocity_path_follower.py-9] [INFO] [1786822658.477843227] [velocity_path_follower]: waypoint 2343 / 5251 도달 (선 이탈 0.05 m)
[velocity_path_follower.py-9] [INFO] [1786822658.827767724] [velocity_path_follower]: waypoint 2344 / 5251 도달 (선 이탈 0.05 m)
[velocity_path_follower.py-9] [INFO] [1786822659.127925983] [velocity_path_follower]: waypoint 2345 / 5251 도달 (선 이탈 0.04 m)
[velocity_path_follower.py-9] [INFO] [1786822659.477912281] [velocity_path_follower]: waypoint 2346 / 5251 도달 (선 이탈 0.04 m)
[velocity_path_follower.py-9] [INFO] [1786822659.828889330] [velocity_path_follower]: waypoint 2347 / 5251 도달 (선 이탈 0.03 m)
[velocity_path_follower.py-9] [INFO] [1786822660.177843086] [velocity_path_follower]: waypoint 2348 / 5251 도달 (선 이탈 0.03 m)
[velocity_path_follower.py-9] [INFO] [1786822660.527928811] [velocity_path_follower]: waypoint 2349 / 5251 도달 (선 이탈 0.02 m)
[velocity_path_follower.py-9] [INFO] [1786822660.879932078] [velocity_path_follower]: waypoint 2350 / 5251 도달 (선 이탈 0.02 m)
[velocity_path_follower.py-9] [INFO] [1786822661.229698377] [velocity_path_follower]: waypoint 2351 / 5251 도달 (선 이탈 0.01 m)
[velocity_path_follower.py-9] [INFO] [1786822661.580025286] [velocity_path_follower]: waypoint 2352 / 5251 도달 (선 이탈 0.01 m)
[velocity_path_follower.py-9] [INFO] [1786822661.929680124] [velocity_path_follower]: waypoint 2353 / 5251 도달 (선 이탈 0.00 m)
[velocity_path_follower.py-9] [INFO] [1786822662.029557958] [velocity_path_follower]: 1000.0s  wp 2354/5251 이탈0.0m  위치 (  -2.29,  -122.10,   9.05)
[velocity_path_follower.py-9] [INFO] [1786822662.279991204] [velocity_path_follower]: waypoint 2354 / 5251 도달 (선 이탈 0.00 m)
[velocity_path_follower.py-9] [INFO] [1786822662.629697884] [velocity_path_follower]: waypoint 2355 / 5251 도달 (선 이탈 0.01 m)
[velocity_path_follower.py-9] [INFO] [1786822662.979651659] [velocity_path_follower]: waypoint 2356 / 5251 도달 (선 이탈 0.01 m)
[velocity_path_follower.py-9] [INFO] [1786822663.329805781] [velocity_path_follower]: waypoint 2357 / 5251 도달 (선 이탈 0.01 m)
[velocity_path_follower.py-9] [INFO] [1786822663.679829440] [velocity_path_follower]: waypoint 2358 / 5251 도달 (선 이탈 0.02 m)
[velocity_path_follower.py-9] [INFO] [1786822664.032605261] [velocity_path_follower]: waypoint 2359 / 5251 도달 (선 이탈 0.02 m)
[velocity_path_follower.py-9] [INFO] [1786822664.334833933] [velocity_path_follower]: waypoint 2360 / 5251 도달 (선 이탈 0.02 m)
[velocity_path_follower.py-9] [INFO] [1786822664.734947650] [velocity_path_follower]: waypoint 2361 / 5251 도달 (선 이탈 0.02 m)
[velocity_path_follower.py-9] [INFO] [1786822665.045927786] [velocity_path_follower]: waypoint 2362 / 5251 도달 (선 이탈 0.03 m)
[velocity_path_follower.py-9] [INFO] [1786822665.395934374] [velocity_path_follower]: waypoint 2363 / 5251 도달 (선 이탈 0.03 m)
[velocity_path_follower.py-9] [INFO] [1786822665.745803039] [velocity_path_follower]: waypoint 2364 / 5251 도달 (선 이탈 0.03 m)
[velocity_path_follower.py-9] [INFO] [1786822666.096097308] [velocity_path_follower]: waypoint 2365 / 5251 도달 (선 이탈 0.03 m)
[velocity_path_follower.py-9] [INFO] [1786822667.045599138] [velocity_path_follower]: 1005.0s  climb       위치 (  -9.47,  -122.08,   6.10)
[velocity_path_follower.py-9] [INFO] [1786822669.995868035] [velocity_path_follower]: waypoint 2366 / 5251 도달 (선 이탈 0.02 m)
[velocity_path_follower.py-9] [INFO] [1786822670.046192143] [velocity_path_follower]: waypoint 2367 / 5251 도달 (선 이탈 0.02 m)
[velocity_path_follower.py-9] [INFO] [1786822670.095882474] [velocity_path_follower]: waypoint 2368 / 5251 도달 (선 이탈 0.02 m)
[velocity_path_follower.py-9] [INFO] [1786822670.145739688] [velocity_path_follower]: waypoint 2369 / 5251 도달 (선 이탈 0.02 m)
[velocity_path_follower.py-9] [INFO] [1786822670.195852870] [velocity_path_follower]: waypoint 2370 / 5251 도달 (선 이탈 0.02 m)
[velocity_path_follower.py-9] [INFO] [1786822670.245958678] [velocity_path_follower]: waypoint 2371 / 5251 도달 (선 이탈 0.02 m)
[velocity_path_follower.py-9] [INFO] [1786822670.295933188] [velocity_path_follower]: waypoint 2372 / 5251 도달 (선 이탈 0.02 m)
[velocity_path_follower.py-9] [INFO] [1786822670.345856946] [velocity_path_follower]: waypoint 2373 / 5251 도달 (선 이탈 0.02 m)
[velocity_path_follower.py-9] [INFO] [1786822670.395889000] [velocity_path_follower]: waypoint 2374 / 5251 도달 (선 이탈 0.02 m)
[velocity_path_follower.py-9] [INFO] [1786822670.945846080] [velocity_path_follower]: waypoint 2375 / 5251 도달 (선 이탈 0.02 m)
[velocity_path_follower.py-9] [INFO] [1786822671.645947711] [velocity_path_follower]: waypoint 2376 / 5251 도달 (선 이탈 0.01 m)
[velocity_path_follower.py-9] [INFO] [1786822672.045749133] [velocity_path_follower]: 1010.0s  wp 2377/5251 이탈0.0m  위치 ( -13.98,  -122.09,   7.94)
[velocity_path_follower.py-9] [INFO] [1786822672.245902359] [velocity_path_follower]: waypoint 2377 / 5251 도달 (선 이탈 0.01 m)
[velocity_path_follower.py-9] [INFO] [1786822672.796035008] [velocity_path_follower]: waypoint 2378 / 5251 도달 (선 이탈 0.01 m)
[velocity_path_follower.py-9] [INFO] [1786822673.295897929] [velocity_path_follower]: waypoint 2379 / 5251 도달 (선 이탈 0.01 m)
[velocity_path_follower.py-9] [INFO] [1786822673.795859984] [velocity_path_follower]: waypoint 2380 / 5251 도달 (선 이탈 0.00 m)
[velocity_path_follower.py-9] [INFO] [1786822674.295959925] [velocity_path_follower]: waypoint 2381 / 5251 도달 (선 이탈 0.00 m)
[velocity_path_follower.py-9] [INFO] [1786822674.746071230] [velocity_path_follower]: waypoint 2382 / 5251 도달 (선 이탈 0.00 m)
[velocity_path_follower.py-9] [INFO] [1786822675.195825565] [velocity_path_follower]: waypoint 2383 / 5251 도달 (선 이탈 0.00 m)
[velocity_path_follower.py-9] [INFO] [1786822675.645905210] [velocity_path_follower]: waypoint 2384 / 5251 도달 (선 이탈 0.00 m)
[velocity_path_follower.py-9] [INFO] [1786822676.095934355] [velocity_path_follower]: waypoint 2385 / 5251 도달 (선 이탈 0.01 m)
[velocity_path_follower.py-9] [INFO] [1786822676.545999675] [velocity_path_follower]: waypoint 2386 / 5251 도달 (선 이탈 0.01 m)
[velocity_path_follower.py-9] [INFO] [1786822676.945838218] [velocity_path_follower]: waypoint 2387 / 5251 도달 (선 이탈 0.01 m)
[velocity_path_follower.py-9] [INFO] [1786822677.045897130] [velocity_path_follower]: 1015.0s  wp 2388/5251 이탈0.0m  위치 ( -19.27,  -122.11,  10.58)
[velocity_path_follower.py-9] [INFO] [1786822677.345697935] [velocity_path_follower]: waypoint 2388 / 5251 도달 (선 이탈 0.01 m)
[velocity_path_follower.py-9] [INFO] [1786822677.746000255] [velocity_path_follower]: waypoint 2389 / 5251 도달 (선 이탈 0.01 m)
[velocity_path_follower.py-9] [INFO] [1786822678.146014566] [velocity_path_follower]: waypoint 2390 / 5251 도달 (선 이탈 0.01 m)
[velocity_path_follower.py-9] [INFO] [1786822678.545864916] [velocity_path_follower]: waypoint 2391 / 5251 도달 (선 이탈 0.01 m)
[velocity_path_follower.py-9] [INFO] [1786822678.945944567] [velocity_path_follower]: waypoint 2392 / 5251 도달 (선 이탈 0.01 m)
[velocity_path_follower.py-9] [INFO] [1786822679.345890719] [velocity_path_follower]: waypoint 2393 / 5251 도달 (선 이탈 0.01 m)
[velocity_path_follower.py-9] [INFO] [1786822679.696135866] [velocity_path_follower]: waypoint 2394 / 5251 도달 (선 이탈 0.01 m)
[velocity_path_follower.py-9] [INFO] [1786822680.100698806] [velocity_path_follower]: waypoint 2395 / 5251 도달 (선 이탈 0.01 m)
[velocity_path_follower.py-9] [INFO] [1786822680.500369204] [velocity_path_follower]: waypoint 2396 / 5251 도달 (선 이탈 0.01 m)
[velocity_path_follower.py-9] [INFO] [1786822680.851154922] [velocity_path_follower]: waypoint 2397 / 5251 도달 (선 이탈 0.01 m)
[velocity_path_follower.py-9] [INFO] [1786822681.250431557] [velocity_path_follower]: waypoint 2398 / 5251 도달 (선 이탈 0.01 m)
[velocity_path_follower.py-9] [INFO] [1786822681.650442144] [velocity_path_follower]: waypoint 2399 / 5251 도달 (선 이탈 0.00 m)
[velocity_path_follower.py-9] [INFO] [1786822682.000508420] [velocity_path_follower]: waypoint 2400 / 5251 도달 (선 이탈 0.00 m)
[velocity_path_follower.py-9] [INFO] [1786822682.050318434] [velocity_path_follower]: 1020.0s  wp 2401/5251 이탈0.0m  위치 ( -25.72,  -122.10,   9.12)
[velocity_path_follower.py-9] [INFO] [1786822682.350514159] [velocity_path_follower]: waypoint 2401 / 5251 도달 (선 이탈 0.00 m)
[velocity_path_follower.py-9] [INFO] [1786822682.700632610] [velocity_path_follower]: waypoint 2402 / 5251 도달 (선 이탈 0.00 m)
[velocity_path_follower.py-9] [INFO] [1786822683.100442448] [velocity_path_follower]: waypoint 2403 / 5251 도달 (선 이탈 0.00 m)
[velocity_path_follower.py-9] [INFO] [1786822683.450562906] [velocity_path_follower]: waypoint 2404 / 5251 도달 (선 이탈 0.00 m)
[velocity_path_follower.py-9] [INFO] [1786822683.800944500] [velocity_path_follower]: waypoint 2405 / 5251 도달 (선 이탈 0.00 m)
[velocity_path_follower.py-9] [INFO] [1786822684.200410998] [velocity_path_follower]: waypoint 2406 / 5251 도달 (선 이탈 0.00 m)
[velocity_path_follower.py-9] [INFO] [1786822684.550573422] [velocity_path_follower]: waypoint 2407 / 5251 도달 (선 이탈 0.00 m)
[velocity_path_follower.py-9] [INFO] [1786822684.900619342] [velocity_path_follower]: waypoint 2408 / 5251 도달 (선 이탈 0.00 m)
[velocity_path_follower.py-9] [INFO] [1786822685.250397170] [velocity_path_follower]: waypoint 2409 / 5251 도달 (선 이탈 0.00 m)
[velocity_path_follower.py-9] [INFO] [1786822685.600621270] [velocity_path_follower]: waypoint 2410 / 5251 도달 (선 이탈 0.00 m)
[velocity_path_follower.py-9] [INFO] [1786822686.000383458] [velocity_path_follower]: waypoint 2411 / 5251 도달 (선 이탈 0.00 m)
[velocity_path_follower.py-9] [INFO] [1786822686.350370596] [velocity_path_follower]: waypoint 2412 / 5251 도달 (선 이탈 0.00 m)
[velocity_path_follower.py-9] [INFO] [1786822686.700408528] [velocity_path_follower]: waypoint 2413 / 5251 도달 (선 이탈 0.00 m)
[velocity_path_follower.py-9] [INFO] [1786822687.050467378] [velocity_path_follower]: waypoint 2414 / 5251 도달 (선 이탈 0.00 m)
[velocity_path_follower.py-9] [INFO] [1786822687.100305439] [velocity_path_follower]: 1025.1s  wp 2415/5251 이탈0.0m  위치 ( -32.69,  -122.10,   8.47)
[velocity_path_follower.py-9] [INFO] [1786822687.400353892] [velocity_path_follower]: waypoint 2415 / 5251 도달 (선 이탈 0.00 m)
[velocity_path_follower.py-9] [INFO] [1786822687.750421540] [velocity_path_follower]: waypoint 2416 / 5251 도달 (선 이탈 0.00 m)
[velocity_path_follower.py-9] [INFO] [1786822688.150502467] [velocity_path_follower]: waypoint 2417 / 5251 도달 (선 이탈 0.00 m)
[velocity_path_follower.py-9] [INFO] [1786822688.450397669] [velocity_path_follower]: waypoint 2418 / 5251 도달 (선 이탈 0.00 m)
[velocity_path_follower.py-9] [INFO] [1786822688.850531145] [velocity_path_follower]: waypoint 2419 / 5251 도달 (선 이탈 0.00 m)
[velocity_path_follower.py-9] [INFO] [1786822689.200406835] [velocity_path_follower]: waypoint 2420 / 5251 도달 (선 이탈 0.00 m)
[velocity_path_follower.py-9] [INFO] [1786822689.500605889] [velocity_path_follower]: waypoint 2421 / 5251 도달 (선 이탈 0.00 m)
[velocity_path_follower.py-9] [INFO] [1786822689.900609533] [velocity_path_follower]: waypoint 2422 / 5251 도달 (선 이탈 0.00 m)
[velocity_path_follower.py-9] [INFO] [1786822690.250535983] [velocity_path_follower]: waypoint 2423 / 5251 도달 (선 이탈 0.00 m)
[velocity_path_follower.py-9] [INFO] [1786822692.058463862] [velocity_path_follower]: 1030.0s  wp 2424/5251 이탈0.9m  위치 ( -39.53,  -121.74,   8.08)
[velocity_path_follower.py-9] [INFO] [1786822697.057797033] [velocity_path_follower]: 1035.0s  climb       위치 ( -41.93,  -118.65,   6.03)
[velocity_path_follower.py-9] [INFO] [1786822698.107981453] [velocity_path_follower]: waypoint 2424 / 5251 도달 (선 이탈 3.50 m)
[velocity_path_follower.py-9] [INFO] [1786822702.057944635] [velocity_path_follower]: 1040.0s  wp 2426/5251 이탈0.7m  위치 ( -40.67,  -117.36,   7.50)
[velocity_path_follower.py-9] [INFO] [1786822703.358799505] [velocity_path_follower]: waypoint 2426 / 5251 도달 (선 이탈 0.67 m)
[velocity_path_follower.py-9] [INFO] [1786822703.957958247] [velocity_path_follower]: waypoint 2427 / 5251 도달 (선 이탈 0.60 m)
[velocity_path_follower.py-9] [INFO] [1786822704.458043248] [velocity_path_follower]: waypoint 2428 / 5251 도달 (선 이탈 0.52 m)
[velocity_path_follower.py-9] [INFO] [1786822704.958035829] [velocity_path_follower]: waypoint 2429 / 5251 도달 (선 이탈 0.43 m)
[velocity_path_follower.py-9] [INFO] [1786822705.458122964] [velocity_path_follower]: waypoint 2430 / 5251 도달 (선 이탈 0.33 m)
[velocity_path_follower.py-9] [INFO] [1786822705.907884918] [velocity_path_follower]: waypoint 2431 / 5251 도달 (선 이탈 0.24 m)
[velocity_path_follower.py-9] [INFO] [1786822706.358039062] [velocity_path_follower]: waypoint 2432 / 5251 도달 (선 이탈 0.14 m)
[velocity_path_follower.py-9] [INFO] [1786822706.808085537] [velocity_path_follower]: waypoint 2433 / 5251 도달 (선 이탈 0.05 m)
[velocity_path_follower.py-9] [INFO] [1786822707.058070045] [velocity_path_follower]: 1045.0s  wp 2434/5251 이탈0.0m  위치 ( -35.80,  -118.09,   6.66)
[velocity_path_follower.py-9] [INFO] [1786822707.257967800] [velocity_path_follower]: waypoint 2434 / 5251 도달 (선 이탈 0.03 m)
[velocity_path_follower.py-9] [INFO] [1786822707.658003029] [velocity_path_follower]: waypoint 2435 / 5251 도달 (선 이탈 0.10 m)
[velocity_path_follower.py-9] [INFO] [1786822708.108150392] [velocity_path_follower]: waypoint 2436 / 5251 도달 (선 이탈 0.17 m)
[velocity_path_follower.py-9] [INFO] [1786822708.507920825] [velocity_path_follower]: waypoint 2437 / 5251 도달 (선 이탈 0.23 m)
[velocity_path_follower.py-9] [INFO] [1786822708.907985520] [velocity_path_follower]: waypoint 2438 / 5251 도달 (선 이탈 0.27 m)
[velocity_path_follower.py-9] [INFO] [1786822709.308034762] [velocity_path_follower]: waypoint 2439 / 5251 도달 (선 이탈 0.31 m)
[velocity_path_follower.py-9] [INFO] [1786822709.708041129] [velocity_path_follower]: waypoint 2440 / 5251 도달 (선 이탈 0.34 m)
[velocity_path_follower.py-9] [INFO] [1786822710.108039622] [velocity_path_follower]: waypoint 2441 / 5251 도달 (선 이탈 0.36 m)
[velocity_path_follower.py-9] [INFO] [1786822710.508018494] [velocity_path_follower]: waypoint 2442 / 5251 도달 (선 이탈 0.37 m)
[velocity_path_follower.py-9] [INFO] [1786822710.908050993] [velocity_path_follower]: waypoint 2443 / 5251 도달 (선 이탈 0.37 m)
[velocity_path_follower.py-9] [INFO] [1786822711.257974196] [velocity_path_follower]: waypoint 2444 / 5251 도달 (선 이탈 0.36 m)
[velocity_path_follower.py-9] [INFO] [1786822711.660049501] [velocity_path_follower]: waypoint 2445 / 5251 도달 (선 이탈 0.35 m)
[velocity_path_follower.py-9] [INFO] [1786822712.010099502] [velocity_path_follower]: waypoint 2446 / 5251 도달 (선 이탈 0.33 m)
[velocity_path_follower.py-9] [INFO] [1786822712.059908542] [velocity_path_follower]: 1050.0s  wp 2447/5251 이탈0.3m  위치 ( -29.54,  -118.43,   9.47)
[velocity_path_follower.py-9] [INFO] [1786822712.410081305] [velocity_path_follower]: waypoint 2447 / 5251 도달 (선 이탈 0.30 m)
[velocity_path_follower.py-9] [INFO] [1786822712.809943977] [velocity_path_follower]: waypoint 2448 / 5251 도달 (선 이탈 0.27 m)
[velocity_path_follower.py-9] [INFO] [1786822713.159993195] [velocity_path_follower]: waypoint 2449 / 5251 도달 (선 이탈 0.24 m)
[velocity_path_follower.py-9] [INFO] [1786822713.510181840] [velocity_path_follower]: waypoint 2450 / 5251 도달 (선 이탈 0.21 m)
[velocity_path_follower.py-9] [INFO] [1786822713.910150482] [velocity_path_follower]: waypoint 2451 / 5251 도달 (선 이탈 0.17 m)
[velocity_path_follower.py-9] [INFO] [1786822714.260242543] [velocity_path_follower]: waypoint 2452 / 5251 도달 (선 이탈 0.13 m)
[velocity_path_follower.py-9] [INFO] [1786822714.660251277] [velocity_path_follower]: waypoint 2453 / 5251 도달 (선 이탈 0.09 m)
[velocity_path_follower.py-9] [INFO] [1786822715.010001408] [velocity_path_follower]: waypoint 2454 / 5251 도달 (선 이탈 0.05 m)
[velocity_path_follower.py-9] [INFO] [1786822715.360207023] [velocity_path_follower]: waypoint 2455 / 5251 도달 (선 이탈 0.02 m)
[velocity_path_follower.py-9] [INFO] [1786822715.760097050] [velocity_path_follower]: waypoint 2456 / 5251 도달 (선 이탈 0.02 m)
[velocity_path_follower.py-9] [INFO] [1786822716.110016863] [velocity_path_follower]: waypoint 2457 / 5251 도달 (선 이탈 0.05 m)
[velocity_path_follower.py-9] [INFO] [1786822716.459885552] [velocity_path_follower]: waypoint 2458 / 5251 도달 (선 이탈 0.08 m)
[velocity_path_follower.py-9] [INFO] [1786822716.859969678] [velocity_path_follower]: waypoint 2459 / 5251 도달 (선 이탈 0.11 m)
[velocity_path_follower.py-9] [INFO] [1786822717.059828713] [velocity_path_follower]: 1055.0s  wp 2460/5251 이탈0.1m  위치 ( -22.74,  -117.97,  10.05)
[velocity_path_follower.py-9] [INFO] [1786822717.210044672] [velocity_path_follower]: waypoint 2460 / 5251 도달 (선 이탈 0.13 m)
[velocity_path_follower.py-9] [INFO] [1786822717.559997871] [velocity_path_follower]: waypoint 2461 / 5251 도달 (선 이탈 0.15 m)
[velocity_path_follower.py-9] [INFO] [1786822717.910092743] [velocity_path_follower]: waypoint 2462 / 5251 도달 (선 이탈 0.17 m)
[velocity_path_follower.py-9] [INFO] [1786822718.260184661] [velocity_path_follower]: waypoint 2463 / 5251 도달 (선 이탈 0.18 m)
[velocity_path_follower.py-9] [INFO] [1786822718.614107876] [velocity_path_follower]: waypoint 2464 / 5251 도달 (선 이탈 0.19 m)
[velocity_path_follower.py-9] [INFO] [1786822718.966363600] [velocity_path_follower]: waypoint 2465 / 5251 도달 (선 이탈 0.19 m)
[velocity_path_follower.py-9] [INFO] [1786822719.368976732] [velocity_path_follower]: waypoint 2466 / 5251 도달 (선 이탈 0.19 m)
[velocity_path_follower.py-9] [INFO] [1786822719.718060738] [velocity_path_follower]: waypoint 2467 / 5251 도달 (선 이탈 0.19 m)
[velocity_path_follower.py-9] [INFO] [1786822720.068101496] [velocity_path_follower]: waypoint 2468 / 5251 도달 (선 이탈 0.19 m)
[velocity_path_follower.py-9] [INFO] [1786822720.418330308] [velocity_path_follower]: waypoint 2469 / 5251 도달 (선 이탈 0.18 m)
[velocity_path_follower.py-9] [INFO] [1786822720.768157603] [velocity_path_follower]: waypoint 2470 / 5251 도달 (선 이탈 0.17 m)
[velocity_path_follower.py-9] [INFO] [1786822721.118202409] [velocity_path_follower]: waypoint 2471 / 5251 도달 (선 이탈 0.15 m)
[velocity_path_follower.py-9] [INFO] [1786822721.468214300] [velocity_path_follower]: waypoint 2472 / 5251 도달 (선 이탈 0.14 m)
[velocity_path_follower.py-9] [INFO] [1786822721.818091311] [velocity_path_follower]: waypoint 2473 / 5251 도달 (선 이탈 0.12 m)
[velocity_path_follower.py-9] [INFO] [1786822722.067956669] [velocity_path_follower]: 1060.0s  wp 2474/5251 이탈0.1m  위치 ( -15.71,  -117.99,   8.64)
[velocity_path_follower.py-9] [INFO] [1786822722.168164042] [velocity_path_follower]: waypoint 2474 / 5251 도달 (선 이탈 0.10 m)
[velocity_path_follower.py-9] [INFO] [1786822722.517993848] [velocity_path_follower]: waypoint 2475 / 5251 도달 (선 이탈 0.08 m)
[velocity_path_follower.py-9] [INFO] [1786822722.872118596] [velocity_path_follower]: waypoint 2476 / 5251 도달 (선 이탈 0.06 m)
[velocity_path_follower.py-9] [INFO] [1786822723.222208042] [velocity_path_follower]: waypoint 2477 / 5251 도달 (선 이탈 0.04 m)
[velocity_path_follower.py-9] [INFO] [1786822723.574303413] [velocity_path_follower]: waypoint 2478 / 5251 도달 (선 이탈 0.02 m)
[velocity_path_follower.py-9] [INFO] [1786822723.924391820] [velocity_path_follower]: waypoint 2479 / 5251 도달 (선 이탈 0.01 m)
[velocity_path_follower.py-9] [INFO] [1786822724.274390811] [velocity_path_follower]: waypoint 2480 / 5251 도달 (선 이탈 0.01 m)
[velocity_path_follower.py-9] [INFO] [1786822724.626372516] [velocity_path_follower]: waypoint 2481 / 5251 도달 (선 이탈 0.03 m)
[velocity_path_follower.py-9] [INFO] [1786822724.976553391] [velocity_path_follower]: waypoint 2482 / 5251 도달 (선 이탈 0.04 m)
[velocity_path_follower.py-9] [INFO] [1786822725.329055167] [velocity_path_follower]: waypoint 2483 / 5251 도달 (선 이탈 0.06 m)
[velocity_path_follower.py-9] [INFO] [1786822725.678894574] [velocity_path_follower]: waypoint 2484 / 5251 도달 (선 이탈 0.07 m)
[velocity_path_follower.py-9] [INFO] [1786822726.028993577] [velocity_path_follower]: waypoint 2485 / 5251 도달 (선 이탈 0.08 m)
[velocity_path_follower.py-9] [INFO] [1786822726.378591771] [velocity_path_follower]: waypoint 2486 / 5251 도달 (선 이탈 0.09 m)
[velocity_path_follower.py-9] [INFO] [1786822726.730927712] [velocity_path_follower]: waypoint 2487 / 5251 도달 (선 이탈 0.09 m)
[velocity_path_follower.py-9] [INFO] [1786822727.080672081] [velocity_path_follower]: waypoint 2488 / 5251 도달 (선 이탈 0.10 m)
[velocity_path_follower.py-9] [INFO] [1786822727.130657141] [velocity_path_follower]: 1065.1s  wp 2489/5251 이탈0.1m  위치 (  -8.52,  -118.20,   8.10)
[velocity_path_follower.py-9] [INFO] [1786822727.430872308] [velocity_path_follower]: waypoint 2489 / 5251 도달 (선 이탈 0.10 m)
[velocity_path_follower.py-9] [INFO] [1786822727.780680892] [velocity_path_follower]: waypoint 2490 / 5251 도달 (선 이탈 0.10 m)
[velocity_path_follower.py-9] [INFO] [1786822728.130654569] [velocity_path_follower]: waypoint 2491 / 5251 도달 (선 이탈 0.10 m)
[velocity_path_follower.py-9] [INFO] [1786822728.480927763] [velocity_path_follower]: waypoint 2492 / 5251 도달 (선 이탈 0.10 m)
[velocity_path_follower.py-9] [INFO] [1786822728.830671267] [velocity_path_follower]: waypoint 2493 / 5251 도달 (선 이탈 0.09 m)
[velocity_path_follower.py-9] [INFO] [1786822729.182877634] [velocity_path_follower]: waypoint 2494 / 5251 도달 (선 이탈 0.09 m)
[velocity_path_follower.py-9] [INFO] [1786822729.537775123] [velocity_path_follower]: waypoint 2495 / 5251 도달 (선 이탈 0.08 m)
[velocity_path_follower.py-9] [INFO] [1786822729.889627810] [velocity_path_follower]: waypoint 2496 / 5251 도달 (선 이탈 0.07 m)
[velocity_path_follower.py-9] [INFO] [1786822730.239634335] [velocity_path_follower]: waypoint 2497 / 5251 도달 (선 이탈 0.06 m)
[velocity_path_follower.py-9] [INFO] [1786822732.096551757] [velocity_path_follower]: 1070.0s  climb       위치 (  -1.73,  -118.12,   6.34)
[velocity_path_follower.py-9] [INFO] [1786822732.496911043] [velocity_path_follower]: waypoint 2498 / 5251 도달 (선 이탈 0.01 m)
[velocity_path_follower.py-9] [INFO] [1786822732.546776143] [velocity_path_follower]: waypoint 2499 / 5251 도달 (선 이탈 0.01 m)
[velocity_path_follower.py-9] [INFO] [1786822732.596848628] [velocity_path_follower]: waypoint 2500 / 5251 도달 (선 이탈 0.01 m)
[velocity_path_follower.py-9] [INFO] [1786822732.646671644] [velocity_path_follower]: waypoint 2501 / 5251 도달 (선 이탈 0.01 m)
[velocity_path_follower.py-9] [INFO] [1786822732.696794172] [velocity_path_follower]: waypoint 2502 / 5251 도달 (선 이탈 0.01 m)
[velocity_path_follower.py-9] [INFO] [1786822732.746894992] [velocity_path_follower]: waypoint 2503 / 5251 도달 (선 이탈 0.01 m)
[velocity_path_follower.py-9] [INFO] [1786822733.296775664] [velocity_path_follower]: waypoint 2504 / 5251 도달 (선 이탈 0.00 m)
[velocity_path_follower.py-9] [INFO] [1786822733.846684676] [velocity_path_follower]: waypoint 2505 / 5251 도달 (선 이탈 0.01 m)
[velocity_path_follower.py-9] [INFO] [1786822734.346852847] [velocity_path_follower]: waypoint 2506 / 5251 도달 (선 이탈 0.02 m)
[velocity_path_follower.py-9] [INFO] [1786822734.846815720] [velocity_path_follower]: waypoint 2507 / 5251 도달 (선 이탈 0.02 m)
[velocity_path_follower.py-9] [INFO] [1786822735.296831325] [velocity_path_follower]: waypoint 2508 / 5251 도달 (선 이탈 0.03 m)
[velocity_path_follower.py-9] [INFO] [1786822735.751200960] [velocity_path_follower]: waypoint 2509 / 5251 도달 (선 이탈 0.03 m)
[velocity_path_follower.py-9] [INFO] [1786822736.203387501] [velocity_path_follower]: waypoint 2510 / 5251 도달 (선 이탈 0.03 m)
[velocity_path_follower.py-9] [INFO] [1786822736.653453160] [velocity_path_follower]: waypoint 2511 / 5251 도달 (선 이탈 0.03 m)
[velocity_path_follower.py-9] [INFO] [1786822737.053294866] [velocity_path_follower]: waypoint 2512 / 5251 도달 (선 이탈 0.03 m)
[velocity_path_follower.py-9] [INFO] [1786822737.103433191] [velocity_path_follower]: 1075.0s  wp 2513/5251 이탈0.0m  위치 (   3.47,  -118.07,   9.93)
[velocity_path_follower.py-9] [INFO] [1786822737.503369657] [velocity_path_follower]: waypoint 2513 / 5251 도달 (선 이탈 0.03 m)
[velocity_path_follower.py-9] [INFO] [1786822737.905940200] [velocity_path_follower]: waypoint 2514 / 5251 도달 (선 이탈 0.03 m)
[velocity_path_follower.py-9] [INFO] [1786822738.305701288] [velocity_path_follower]: waypoint 2515 / 5251 도달 (선 이탈 0.03 m)
[velocity_path_follower.py-9] [INFO] [1786822738.705914106] [velocity_path_follower]: waypoint 2516 / 5251 도달 (선 이탈 0.03 m)
[velocity_path_follower.py-9] [INFO] [1786822739.105982253] [velocity_path_follower]: waypoint 2517 / 5251 도달 (선 이탈 0.02 m)
[velocity_path_follower.py-9] [INFO] [1786822739.505775809] [velocity_path_follower]: waypoint 2518 / 5251 도달 (선 이탈 0.02 m)
[velocity_path_follower.py-9] [INFO] [1786822739.905827877] [velocity_path_follower]: waypoint 2519 / 5251 도달 (선 이탈 0.02 m)
[velocity_path_follower.py-9] [INFO] [1786822740.255821500] [velocity_path_follower]: waypoint 2520 / 5251 도달 (선 이탈 0.01 m)
[velocity_path_follower.py-9] [INFO] [1786822740.655753694] [velocity_path_follower]: waypoint 2521 / 5251 도달 (선 이탈 0.01 m)
[velocity_path_follower.py-9] [INFO] [1786822741.056141950] [velocity_path_follower]: waypoint 2522 / 5251 도달 (선 이탈 0.01 m)
[velocity_path_follower.py-9] [INFO] [1786822741.405956364] [velocity_path_follower]: waypoint 2523 / 5251 도달 (선 이탈 0.00 m)
[velocity_path_follower.py-9] [INFO] [1786822741.807858944] [velocity_path_follower]: waypoint 2524 / 5251 도달 (선 이탈 0.00 m)
[velocity_path_follower.py-9] [INFO] [1786822742.108087973] [velocity_path_follower]: 1080.0s  wp 2525/5251 이탈0.0m  위치 (   9.86,  -118.10,  10.69)
[velocity_path_follower.py-9] [INFO] [1786822742.157873787] [velocity_path_follower]: waypoint 2525 / 5251 도달 (선 이탈 0.00 m)
[velocity_path_follower.py-9] [INFO] [1786822742.557683029] [velocity_path_follower]: waypoint 2526 / 5251 도달 (선 이탈 0.01 m)
[velocity_path_follower.py-9] [INFO] [1786822742.907683749] [velocity_path_follower]: waypoint 2527 / 5251 도달 (선 이탈 0.01 m)
[velocity_path_follower.py-9] [INFO] [1786822743.257877607] [velocity_path_follower]: waypoint 2528 / 5251 도달 (선 이탈 0.01 m)
[velocity_path_follower.py-9] [INFO] [1786822743.657975035] [velocity_path_follower]: waypoint 2529 / 5251 도달 (선 이탈 0.01 m)
[velocity_path_follower.py-9] [INFO] [1786822744.007636412] [velocity_path_follower]: waypoint 2530 / 5251 도달 (선 이탈 0.01 m)
[velocity_path_follower.py-9] [INFO] [1786822744.358232545] [velocity_path_follower]: waypoint 2531 / 5251 도달 (선 이탈 0.02 m)
[velocity_path_follower.py-9] [INFO] [1786822744.707969681] [velocity_path_follower]: waypoint 2532 / 5251 도달 (선 이탈 0.02 m)
[velocity_path_follower.py-9] [INFO] [1786822745.058421641] [velocity_path_follower]: waypoint 2533 / 5251 도달 (선 이탈 0.02 m)
[velocity_path_follower.py-9] [INFO] [1786822745.459861434] [velocity_path_follower]: waypoint 2534 / 5251 도달 (선 이탈 0.02 m)
[velocity_path_follower.py-9] [INFO] [1786822745.809878380] [velocity_path_follower]: waypoint 2535 / 5251 도달 (선 이탈 0.02 m)
[velocity_path_follower.py-9] [INFO] [1786822746.162119344] [velocity_path_follower]: waypoint 2536 / 5251 도달 (선 이탈 0.02 m)
[velocity_path_follower.py-9] [INFO] [1786822746.511977747] [velocity_path_follower]: waypoint 2537 / 5251 도달 (선 이탈 0.01 m)
[velocity_path_follower.py-9] [INFO] [1786822746.912023775] [velocity_path_follower]: waypoint 2538 / 5251 도달 (선 이탈 0.01 m)
[velocity_path_follower.py-9] [INFO] [1786822747.111938953] [velocity_path_follower]: 1085.0s  wp 2539/5251 이탈0.0m  위치 (  16.75,  -118.11,   8.60)
[velocity_path_follower.py-9] [INFO] [1786822747.262209363] [velocity_path_follower]: waypoint 2539 / 5251 도달 (선 이탈 0.01 m)
[velocity_path_follower.py-9] [INFO] [1786822747.612101439] [velocity_path_follower]: waypoint 2540 / 5251 도달 (선 이탈 0.01 m)
[velocity_path_follower.py-9] [INFO] [1786822747.962348365] [velocity_path_follower]: waypoint 2541 / 5251 도달 (선 이탈 0.01 m)
[velocity_path_follower.py-9] [INFO] [1786822748.314663221] [velocity_path_follower]: waypoint 2542 / 5251 도달 (선 이탈 0.01 m)
[velocity_path_follower.py-9] [INFO] [1786822748.666913409] [velocity_path_follower]: waypoint 2543 / 5251 도달 (선 이탈 0.01 m)
[velocity_path_follower.py-9] [INFO] [1786822749.018908918] [velocity_path_follower]: waypoint 2544 / 5251 도달 (선 이탈 0.00 m)
[velocity_path_follower.py-9] [INFO] [1786822749.377545148] [velocity_path_follower]: waypoint 2545 / 5251 도달 (선 이탈 0.00 m)
[velocity_path_follower.py-9] [INFO] [1786822749.725833497] [velocity_path_follower]: waypoint 2546 / 5251 도달 (선 이탈 0.00 m)
[velocity_path_follower.py-9] [INFO] [1786822750.125991677] [velocity_path_follower]: waypoint 2547 / 5251 도달 (선 이탈 0.00 m)
[velocity_path_follower.py-9] [INFO] [1786822750.425928692] [velocity_path_follower]: waypoint 2548 / 5251 도달 (선 이탈 0.00 m)
[velocity_path_follower.py-9] [INFO] [1786822750.826749239] [velocity_path_follower]: waypoint 2549 / 5251 도달 (선 이탈 0.00 m)
[velocity_path_follower.py-9] [INFO] [1786822751.126133107] [velocity_path_follower]: waypoint 2550 / 5251 도달 (선 이탈 0.01 m)
[velocity_path_follower.py-9] [INFO] [1786822751.525645935] [velocity_path_follower]: waypoint 2551 / 5251 도달 (선 이탈 0.01 m)
[velocity_path_follower.py-9] [INFO] [1786822751.825810173] [velocity_path_follower]: waypoint 2552 / 5251 도달 (선 이탈 0.01 m)
[velocity_path_follower.py-9] [INFO] [1786822752.146488169] [velocity_path_follower]: 1090.0s  wp 2553/5251 이탈0.0m  위치 (  23.83,  -118.09,  10.81)
[velocity_path_follower.py-9] [INFO] [1786822752.246619462] [velocity_path_follower]: waypoint 2553 / 5251 도달 (선 이탈 0.01 m)
[velocity_path_follower.py-9] [INFO] [1786822752.551181736] [velocity_path_follower]: waypoint 2554 / 5251 도달 (선 이탈 0.01 m)
[velocity_path_follower.py-9] [INFO] [1786822752.950903372] [velocity_path_follower]: waypoint 2555 / 5251 도달 (선 이탈 0.01 m)
[velocity_path_follower.py-9] [INFO] [1786822753.250917529] [velocity_path_follower]: waypoint 2556 / 5251 도달 (선 이탈 0.01 m)
[velocity_path_follower.py-9] [INFO] [1786822753.653317208] [velocity_path_follower]: waypoint 2557 / 5251 도달 (선 이탈 0.01 m)
[velocity_path_follower.py-9] [INFO] [1786822753.952920264] [velocity_path_follower]: waypoint 2558 / 5251 도달 (선 이탈 0.01 m)
[velocity_path_follower.py-9] [INFO] [1786822754.303066347] [velocity_path_follower]: waypoint 2559 / 5251 도달 (선 이탈 0.01 m)
[velocity_path_follower.py-9] [INFO] [1786822754.655814591] [velocity_path_follower]: waypoint 2560 / 5251 도달 (선 이탈 0.01 m)
[velocity_path_follower.py-9] [INFO] [1786822755.057782132] [velocity_path_follower]: waypoint 2561 / 5251 도달 (선 이탈 0.01 m)
[velocity_path_follower.py-9] [INFO] [1786822755.357776715] [velocity_path_follower]: waypoint 2562 / 5251 도달 (선 이탈 0.01 m)
[velocity_path_follower.py-9] [INFO] [1786822755.709800973] [velocity_path_follower]: waypoint 2563 / 5251 도달 (선 이탈 0.01 m)
[velocity_path_follower.py-9] [INFO] [1786822756.059697969] [velocity_path_follower]: waypoint 2564 / 5251 도달 (선 이탈 0.01 m)
[velocity_path_follower.py-9] [INFO] [1786822756.412274132] [velocity_path_follower]: waypoint 2565 / 5251 도달 (선 이탈 0.01 m)
[velocity_path_follower.py-9] [INFO] [1786822756.761859661] [velocity_path_follower]: waypoint 2566 / 5251 도달 (선 이탈 0.01 m)
[velocity_path_follower.py-9] [INFO] [1786822757.111946963] [velocity_path_follower]: waypoint 2567 / 5251 도달 (선 이탈 0.00 m)
[velocity_path_follower.py-9] [INFO] [1786822757.161683287] [velocity_path_follower]: 1095.0s  wp 2568/5251 이탈0.0m  위치 (  31.00,  -118.10,  11.91)
[velocity_path_follower.py-9] [INFO] [1786822757.461906764] [velocity_path_follower]: waypoint 2568 / 5251 도달 (선 이탈 0.00 m)
[velocity_path_follower.py-9] [INFO] [1786822757.811667973] [velocity_path_follower]: waypoint 2569 / 5251 도달 (선 이탈 0.00 m)
[velocity_path_follower.py-9] [INFO] [1786822758.161955291] [velocity_path_follower]: waypoint 2570 / 5251 도달 (선 이탈 0.00 m)
[velocity_path_follower.py-9] [INFO] [1786822758.513931771] [velocity_path_follower]: waypoint 2571 / 5251 도달 (선 이탈 0.00 m)
[velocity_path_follower.py-9] [INFO] [1786822758.864015500] [velocity_path_follower]: waypoint 2572 / 5251 도달 (선 이탈 0.00 m)
[velocity_path_follower.py-9] [INFO] [1786822759.213675337] [velocity_path_follower]: waypoint 2573 / 5251 도달 (선 이탈 0.00 m)
[velocity_path_follower.py-9] [INFO] [1786822759.564123087] [velocity_path_follower]: waypoint 2574 / 5251 도달 (선 이탈 0.00 m)
[velocity_path_follower.py-9] [INFO] [1786822759.913960560] [velocity_path_follower]: waypoint 2575 / 5251 도달 (선 이탈 0.00 m)
[velocity_path_follower.py-9] [INFO] [1786822760.264097717] [velocity_path_follower]: waypoint 2576 / 5251 도달 (선 이탈 0.00 m)
[velocity_path_follower.py-9] [INFO] [1786822760.613676934] [velocity_path_follower]: waypoint 2577 / 5251 도달 (선 이탈 0.00 m)
[velocity_path_follower.py-9] [INFO] [1786822760.963782299] [velocity_path_follower]: waypoint 2578 / 5251 도달 (선 이탈 0.00 m)
[velocity_path_follower.py-9] [INFO] [1786822761.314032717] [velocity_path_follower]: waypoint 2579 / 5251 도달 (선 이탈 0.00 m)
[velocity_path_follower.py-9] [INFO] [1786822761.663836533] [velocity_path_follower]: waypoint 2580 / 5251 도달 (선 이탈 0.00 m)
[velocity_path_follower.py-9] [INFO] [1786822761.963807059] [velocity_path_follower]: waypoint 2581 / 5251 도달 (선 이탈 0.00 m)
[velocity_path_follower.py-9] [INFO] [1786822762.164028049] [velocity_path_follower]: 1100.0s  wp 2582/5251 이탈0.0m  위치 (  38.19,  -118.10,  12.21)
[velocity_path_follower.py-9] [INFO] [1786822762.363668221] [velocity_path_follower]: waypoint 2582 / 5251 도달 (선 이탈 0.00 m)
[velocity_path_follower.py-9] [INFO] [1786822762.663776342] [velocity_path_follower]: waypoint 2583 / 5251 도달 (선 이탈 0.00 m)
[velocity_path_follower.py-9] [INFO] [1786822763.013816923] [velocity_path_follower]: waypoint 2584 / 5251 도달 (선 이탈 0.00 m)
[velocity_path_follower.py-9] [INFO] [1786822763.363912429] [velocity_path_follower]: waypoint 2585 / 5251 도달 (선 이탈 0.00 m)
[velocity_path_follower.py-9] [INFO] [1786822763.713967350] [velocity_path_follower]: waypoint 2586 / 5251 도달 (선 이탈 0.00 m)
[velocity_path_follower.py-9] [INFO] [1786822764.063848389] [velocity_path_follower]: waypoint 2587 / 5251 도달 (선 이탈 0.00 m)
[velocity_path_follower.py-9] [INFO] [1786822764.413873356] [velocity_path_follower]: waypoint 2588 / 5251 도달 (선 이탈 0.00 m)
[velocity_path_follower.py-9] [INFO] [1786822764.763800901] [velocity_path_follower]: waypoint 2589 / 5251 도달 (선 이탈 0.00 m)
[velocity_path_follower.py-9] [INFO] [1786822765.113937749] [velocity_path_follower]: waypoint 2590 / 5251 도달 (선 이탈 0.00 m)
[velocity_path_follower.py-9] [INFO] [1786822765.464061142] [velocity_path_follower]: waypoint 2591 / 5251 도달 (선 이탈 0.00 m)
[velocity_path_follower.py-9] [INFO] [1786822765.813817935] [velocity_path_follower]: waypoint 2592 / 5251 도달 (선 이탈 0.00 m)
[velocity_path_follower.py-9] [INFO] [1786822766.163913538] [velocity_path_follower]: waypoint 2593 / 5251 도달 (선 이탈 0.00 m)
[velocity_path_follower.py-9] [INFO] [1786822766.513701088] [velocity_path_follower]: waypoint 2594 / 5251 도달 (선 이탈 0.00 m)
[velocity_path_follower.py-9] [INFO] [1786822766.863841237] [velocity_path_follower]: waypoint 2595 / 5251 도달 (선 이탈 0.00 m)
[velocity_path_follower.py-9] [INFO] [1786822767.163617822] [velocity_path_follower]: 1105.0s  wp 2596/5251 이탈0.0m  위치 (  45.40,  -118.10,  12.12)
[velocity_path_follower.py-9] [INFO] [1786822767.213698793] [velocity_path_follower]: waypoint 2596 / 5251 도달 (선 이탈 0.00 m)
[velocity_path_follower.py-9] [INFO] [1786822767.514060115] [velocity_path_follower]: waypoint 2597 / 5251 도달 (선 이탈 0.00 m)
[velocity_path_follower.py-9] [INFO] [1786822767.863973217] [velocity_path_follower]: waypoint 2598 / 5251 도달 (선 이탈 0.00 m)
[velocity_path_follower.py-9] [INFO] [1786822768.214057081] [velocity_path_follower]: waypoint 2599 / 5251 도달 (선 이탈 0.00 m)
[velocity_path_follower.py-9] [INFO] [1786822768.563914145] [velocity_path_follower]: waypoint 2600 / 5251 도달 (선 이탈 0.00 m)
[velocity_path_follower.py-9] [INFO] [1786822768.913770375] [velocity_path_follower]: waypoint 2601 / 5251 도달 (선 이탈 0.00 m)
[velocity_path_follower.py-9] [INFO] [1786822769.263784325] [velocity_path_follower]: waypoint 2602 / 5251 도달 (선 이탈 0.00 m)
[velocity_path_follower.py-9] [INFO] [1786822769.613698188] [velocity_path_follower]: waypoint 2603 / 5251 도달 (선 이탈 0.00 m)
[velocity_path_follower.py-9] [INFO] [1786822769.963857604] [velocity_path_follower]: waypoint 2604 / 5251 도달 (선 이탈 0.00 m)
[velocity_path_follower.py-9] [INFO] [1786822770.313960563] [velocity_path_follower]: waypoint 2605 / 5251 도달 (선 이탈 0.00 m)
[velocity_path_follower.py-9] [INFO] [1786822770.663931185] [velocity_path_follower]: waypoint 2606 / 5251 도달 (선 이탈 0.00 m)
[velocity_path_follower.py-9] [INFO] [1786822771.013966184] [velocity_path_follower]: waypoint 2607 / 5251 도달 (선 이탈 0.00 m)
[velocity_path_follower.py-9] [INFO] [1786822771.363878516] [velocity_path_follower]: waypoint 2608 / 5251 도달 (선 이탈 0.00 m)
[velocity_path_follower.py-9] [INFO] [1786822771.713828266] [velocity_path_follower]: waypoint 2609 / 5251 도달 (선 이탈 0.00 m)
[velocity_path_follower.py-9] [INFO] [1786822772.064004778] [velocity_path_follower]: waypoint 2610 / 5251 도달 (선 이탈 0.00 m)
[velocity_path_follower.py-9] [INFO] [1786822772.163648871] [velocity_path_follower]: 1110.0s  wp 2611/5251 이탈0.0m  위치 (  52.61,  -118.10,  11.97)
[velocity_path_follower.py-9] [INFO] [1786822772.414067997] [velocity_path_follower]: waypoint 2611 / 5251 도달 (선 이탈 0.00 m)
[velocity_path_follower.py-9] [INFO] [1786822772.763692155] [velocity_path_follower]: waypoint 2612 / 5251 도달 (선 이탈 0.00 m)
[velocity_path_follower.py-9] [INFO] [1786822773.063998498] [velocity_path_follower]: waypoint 2613 / 5251 도달 (선 이탈 0.00 m)
[velocity_path_follower.py-9] [INFO] [1786822773.413995511] [velocity_path_follower]: waypoint 2614 / 5251 도달 (선 이탈 0.00 m)
[velocity_path_follower.py-9] [INFO] [1786822773.763971815] [velocity_path_follower]: waypoint 2615 / 5251 도달 (선 이탈 0.00 m)
[velocity_path_follower.py-9] [INFO] [1786822774.113748570] [velocity_path_follower]: waypoint 2616 / 5251 도달 (선 이탈 0.00 m)
[velocity_path_follower.py-9] [INFO] [1786822774.463991474] [velocity_path_follower]: waypoint 2617 / 5251 도달 (선 이탈 0.00 m)
[velocity_path_follower.py-9] [INFO] [1786822774.813677353] [velocity_path_follower]: waypoint 2618 / 5251 도달 (선 이탈 0.00 m)
[velocity_path_follower.py-9] [INFO] [1786822775.163943845] [velocity_path_follower]: waypoint 2619 / 5251 도달 (선 이탈 0.00 m)
[velocity_path_follower.py-9] [INFO] [1786822775.513866865] [velocity_path_follower]: waypoint 2620 / 5251 도달 (선 이탈 0.00 m)
[velocity_path_follower.py-9] [INFO] [1786822775.863932100] [velocity_path_follower]: waypoint 2621 / 5251 도달 (선 이탈 0.00 m)
[velocity_path_follower.py-9] [INFO] [1786822776.213862999] [velocity_path_follower]: waypoint 2622 / 5251 도달 (선 이탈 0.00 m)
[velocity_path_follower.py-9] [INFO] [1786822776.563945115] [velocity_path_follower]: waypoint 2623 / 5251 도달 (선 이탈 0.00 m)
[velocity_path_follower.py-9] [INFO] [1786822776.913791595] [velocity_path_follower]: waypoint 2624 / 5251 도달 (선 이탈 0.00 m)
[velocity_path_follower.py-9] [INFO] [1786822777.163672548] [velocity_path_follower]: 1115.0s  wp 2625/5251 이탈0.0m  위치 (  59.82,  -118.10,   9.85)
[velocity_path_follower.py-9] [INFO] [1786822777.213977203] [velocity_path_follower]: waypoint 2625 / 5251 도달 (선 이탈 0.00 m)
[velocity_path_follower.py-9] [INFO] [1786822782.175353628] [velocity_path_follower]: 1120.0s  wp 2626/5251 이탈2.9m  위치 (  64.27,  -115.64,   9.56)
[velocity_path_follower.py-9] [INFO] [1786822782.273552295] [velocity_path_follower]: waypoint 2626 / 5251 도달 (선 이탈 2.88 m)
[velocity_path_follower.py-9] [INFO] [1786822787.176022120] [velocity_path_follower]: waypoint 2628 / 5251 도달 (선 이탈 1.41 m)
[velocity_path_follower.py-9] [INFO] [1786822787.225633544] [velocity_path_follower]: 1125.1s  wp 2629/5251 이탈1.4m  위치 (  62.34,  -112.68,  10.68)
[velocity_path_follower.py-9] [INFO] [1786822787.826026102] [velocity_path_follower]: waypoint 2629 / 5251 도달 (선 이탈 1.49 m)
[velocity_path_follower.py-9] [INFO] [1786822788.433938425] [velocity_path_follower]: waypoint 2630 / 5251 도달 (선 이탈 1.49 m)
[velocity_path_follower.py-9] [INFO] [1786822789.033962351] [velocity_path_follower]: waypoint 2631 / 5251 도달 (선 이탈 1.43 m)
[velocity_path_follower.py-9] [INFO] [1786822789.584051929] [velocity_path_follower]: waypoint 2632 / 5251 도달 (선 이탈 1.34 m)
[velocity_path_follower.py-9] [INFO] [1786822790.136491407] [velocity_path_follower]: waypoint 2633 / 5251 도달 (선 이탈 1.21 m)
[velocity_path_follower.py-9] [INFO] [1786822790.686659955] [velocity_path_follower]: waypoint 2634 / 5251 도달 (선 이탈 1.04 m)
[velocity_path_follower.py-9] [INFO] [1786822791.186530758] [velocity_path_follower]: waypoint 2635 / 5251 도달 (선 이탈 0.87 m)
[velocity_path_follower.py-9] [INFO] [1786822791.686457026] [velocity_path_follower]: waypoint 2636 / 5251 도달 (선 이탈 0.69 m)
[velocity_path_follower.py-9] [INFO] [1786822792.186576097] [velocity_path_follower]: waypoint 2637 / 5251 도달 (선 이탈 0.50 m)
[velocity_path_follower.py-9] [INFO] [1786822792.236333947] [velocity_path_follower]: 1130.1s  wp 2638/5251 이탈0.5m  위치 (  57.83,  -113.62,  10.34)
[velocity_path_follower.py-9] [INFO] [1786822792.686529915] [velocity_path_follower]: waypoint 2638 / 5251 도달 (선 이탈 0.30 m)
[velocity_path_follower.py-9] [INFO] [1786822793.136409370] [velocity_path_follower]: waypoint 2639 / 5251 도달 (선 이탈 0.13 m)
[velocity_path_follower.py-9] [INFO] [1786822793.586880982] [velocity_path_follower]: waypoint 2640 / 5251 도달 (선 이탈 0.03 m)
[velocity_path_follower.py-9] [INFO] [1786822793.986601448] [velocity_path_follower]: waypoint 2641 / 5251 도달 (선 이탈 0.17 m)
[velocity_path_follower.py-9] [INFO] [1786822794.436417161] [velocity_path_follower]: waypoint 2642 / 5251 도달 (선 이탈 0.30 m)
[velocity_path_follower.py-9] [INFO] [1786822794.886509179] [velocity_path_follower]: waypoint 2643 / 5251 도달 (선 이탈 0.42 m)
[velocity_path_follower.py-9] [INFO] [1786822795.286623131] [velocity_path_follower]: waypoint 2644 / 5251 도달 (선 이탈 0.51 m)
[velocity_path_follower.py-9] [INFO] [1786822795.686474448] [velocity_path_follower]: waypoint 2645 / 5251 도달 (선 이탈 0.59 m)
[velocity_path_follower.py-9] [INFO] [1786822796.086501982] [velocity_path_follower]: waypoint 2646 / 5251 도달 (선 이탈 0.64 m)
[velocity_path_follower.py-9] [INFO] [1786822796.486470102] [velocity_path_follower]: waypoint 2647 / 5251 도달 (선 이탈 0.68 m)
[velocity_path_follower.py-9] [INFO] [1786822796.886536851] [velocity_path_follower]: waypoint 2648 / 5251 도달 (선 이탈 0.70 m)
[velocity_path_follower.py-9] [INFO] [1786822797.186415657] [velocity_path_follower]: 1135.0s  wp 2649/5251 이탈0.7m  위치 (  52.00,  -114.81,  11.26)
[velocity_path_follower.py-9] [INFO] [1786822797.286452305] [velocity_path_follower]: waypoint 2649 / 5251 도달 (선 이탈 0.70 m)
[velocity_path_follower.py-9] [INFO] [1786822797.686536811] [velocity_path_follower]: waypoint 2650 / 5251 도달 (선 이탈 0.69 m)
[velocity_path_follower.py-9] [INFO] [1786822798.086578857] [velocity_path_follower]: waypoint 2651 / 5251 도달 (선 이탈 0.67 m)
[velocity_path_follower.py-9] [INFO] [1786822798.436670337] [velocity_path_follower]: waypoint 2652 / 5251 도달 (선 이탈 0.64 m)
[velocity_path_follower.py-9] [INFO] [1786822798.886474076] [velocity_path_follower]: waypoint 2653 / 5251 도달 (선 이탈 0.58 m)
[velocity_path_follower.py-9] [INFO] [1786822799.236422635] [velocity_path_follower]: waypoint 2654 / 5251 도달 (선 이탈 0.53 m)
[velocity_path_follower.py-9] [INFO] [1786822799.636397105] [velocity_path_follower]: waypoint 2655 / 5251 도달 (선 이탈 0.47 m)
[velocity_path_follower.py-9] [INFO] [1786822800.036846681] [velocity_path_follower]: waypoint 2656 / 5251 도달 (선 이탈 0.39 m)
[velocity_path_follower.py-9] [INFO] [1786822800.386543153] [velocity_path_follower]: waypoint 2657 / 5251 도달 (선 이탈 0.33 m)
[velocity_path_follower.py-9] [INFO] [1786822800.789448054] [velocity_path_follower]: waypoint 2658 / 5251 도달 (선 이탈 0.25 m)
[velocity_path_follower.py-9] [INFO] [1786822801.186947545] [velocity_path_follower]: waypoint 2659 / 5251 도달 (선 이탈 0.17 m)
[ros2-8] [INFO] [1786822801.475984958] [rosbag2_cpp]: Writing remaining messages from cache to the bag. It may take a while
[velocity_path_follower.py-9] [INFO] [1786822801.536491181] [velocity_path_follower]: waypoint 2660 / 5251 도달 (선 이탈 0.11 m)
[velocity_path_follower.py-9] [INFO] [1786822801.886457503] [velocity_path_follower]: waypoint 2661 / 5251 도달 (선 이탈 0.04 m)
[velocity_path_follower.py-9] [INFO] [1786822802.186497838] [velocity_path_follower]: 1140.0s  wp 2662/5251 이탈0.0m  위치 (  45.49,  -114.08,  13.02)
[velocity_path_follower.py-9] [INFO] [1786822802.286612955] [velocity_path_follower]: waypoint 2662 / 5251 도달 (선 이탈 0.03 m)
[velocity_path_follower.py-9] [INFO] [1786822802.636465902] [velocity_path_follower]: waypoint 2663 / 5251 도달 (선 이탈 0.09 m)
[velocity_path_follower.py-9] [INFO] [1786822803.036433848] [velocity_path_follower]: waypoint 2664 / 5251 도달 (선 이탈 0.15 m)
[velocity_path_follower.py-9] [INFO] [1786822803.386478809] [velocity_path_follower]: waypoint 2665 / 5251 도달 (선 이탈 0.21 m)
[velocity_path_follower.py-9] [INFO] [1786822803.736613440] [velocity_path_follower]: waypoint 2666 / 5251 도달 (선 이탈 0.25 m)
[velocity_path_follower.py-9] [INFO] [1786822804.136612436] [velocity_path_follower]: waypoint 2667 / 5251 도달 (선 이탈 0.29 m)
[velocity_path_follower.py-9] [INFO] [1786822804.486620734] [velocity_path_follower]: waypoint 2668 / 5251 도달 (선 이탈 0.32 m)
[velocity_path_follower.py-9] [INFO] [1786822804.836595946] [velocity_path_follower]: waypoint 2669 / 5251 도달 (선 이탈 0.34 m)
[velocity_path_follower.py-9] [INFO] [1786822805.186669499] [velocity_path_follower]: waypoint 2670 / 5251 도달 (선 이탈 0.35 m)
[velocity_path_follower.py-9] [INFO] [1786822805.586635378] [velocity_path_follower]: waypoint 2671 / 5251 도달 (선 이탈 0.36 m)
[velocity_path_follower.py-9] [INFO] [1786822805.936585303] [velocity_path_follower]: waypoint 2672 / 5251 도달 (선 이탈 0.36 m)
[velocity_path_follower.py-9] [INFO] [1786822806.286443810] [velocity_path_follower]: waypoint 2673 / 5251 도달 (선 이탈 0.36 m)
[velocity_path_follower.py-9] [INFO] [1786822806.636631834] [velocity_path_follower]: waypoint 2674 / 5251 도달 (선 이탈 0.35 m)
[velocity_path_follower.py-9] [INFO] [1786822806.986476342] [velocity_path_follower]: waypoint 2675 / 5251 도달 (선 이탈 0.33 m)
[velocity_path_follower.py-9] [INFO] [1786822807.186506331] [velocity_path_follower]: 1145.0s  wp 2676/5251 이탈0.3m  위치 (  38.61,  -113.78,  12.13)
[velocity_path_follower.py-9] [INFO] [1786822807.386648242] [velocity_path_follower]: waypoint 2676 / 5251 도달 (선 이탈 0.31 m)
[velocity_path_follower.py-9] [INFO] [1786822807.736571008] [velocity_path_follower]: waypoint 2677 / 5251 도달 (선 이탈 0.28 m)
[velocity_path_follower.py-9] [INFO] [1786822808.086617406] [velocity_path_follower]: waypoint 2678 / 5251 도달 (선 이탈 0.25 m)
[velocity_path_follower.py-9] [INFO] [1786822808.436771855] [velocity_path_follower]: waypoint 2679 / 5251 도달 (선 이탈 0.22 m)
[velocity_path_follower.py-9] [INFO] [1786822808.786587288] [velocity_path_follower]: waypoint 2680 / 5251 도달 (선 이탈 0.18 m)
[velocity_path_follower.py-9] [INFO] [1786822809.136905871] [velocity_path_follower]: waypoint 2681 / 5251 도달 (선 이탈 0.15 m)
[velocity_path_follower.py-9] [INFO] [1786822809.486496257] [velocity_path_follower]: waypoint 2682 / 5251 도달 (선 이탈 0.11 m)
[velocity_path_follower.py-9] [INFO] [1786822809.886431699] [velocity_path_follower]: waypoint 2683 / 5251 도달 (선 이탈 0.07 m)
[velocity_path_follower.py-9] [INFO] [1786822810.187314066] [velocity_path_follower]: waypoint 2684 / 5251 도달 (선 이탈 0.04 m)
[velocity_path_follower.py-9] [INFO] [1786822810.586504104] [velocity_path_follower]: waypoint 2685 / 5251 도달 (선 이탈 0.00 m)
[velocity_path_follower.py-9] [INFO] [1786822810.943139776] [velocity_path_follower]: waypoint 2686 / 5251 도달 (선 이탈 0.03 m)
[velocity_path_follower.py-9] [INFO] [1786822811.293857890] [velocity_path_follower]: waypoint 2687 / 5251 도달 (선 이탈 0.06 m)
[velocity_path_follower.py-9] [INFO] [1786822811.643240609] [velocity_path_follower]: waypoint 2688 / 5251 도달 (선 이탈 0.09 m)
[velocity_path_follower.py-9] [INFO] [1786822811.993203772] [velocity_path_follower]: waypoint 2689 / 5251 도달 (선 이탈 0.12 m)
[velocity_path_follower.py-9] [INFO] [1786822812.193040183] [velocity_path_follower]: 1150.0s  wp 2690/5251 이탈0.1m  위치 (  31.57,  -114.23,  11.45)
[velocity_path_follower.py-9] [INFO] [1786822812.343309363] [velocity_path_follower]: waypoint 2690 / 5251 도달 (선 이탈 0.14 m)
[velocity_path_follower.py-9] [INFO] [1786822812.692928557] [velocity_path_follower]: waypoint 2691 / 5251 도달 (선 이탈 0.16 m)
[velocity_path_follower.py-9] [INFO] [1786822813.043197156] [velocity_path_follower]: waypoint 2692 / 5251 도달 (선 이탈 0.17 m)
[velocity_path_follower.py-9] [INFO] [1786822813.393011530] [velocity_path_follower]: waypoint 2693 / 5251 도달 (선 이탈 0.18 m)
[velocity_path_follower.py-9] [INFO] [1786822813.742938993] [velocity_path_follower]: waypoint 2694 / 5251 도달 (선 이탈 0.19 m)
[velocity_path_follower.py-9] [INFO] [1786822814.092951920] [velocity_path_follower]: waypoint 2695 / 5251 도달 (선 이탈 0.19 m)
[velocity_path_follower.py-9] [INFO] [1786822814.443244362] [velocity_path_follower]: waypoint 2696 / 5251 도달 (선 이탈 0.19 m)
[velocity_path_follower.py-9] [INFO] [1786822814.793112077] [velocity_path_follower]: waypoint 2697 / 5251 도달 (선 이탈 0.19 m)
[velocity_path_follower.py-9] [INFO] [1786822815.142989628] [velocity_path_follower]: waypoint 2698 / 5251 도달 (선 이탈 0.18 m)
[velocity_path_follower.py-9] [INFO] [1786822815.493030106] [velocity_path_follower]: waypoint 2699 / 5251 도달 (선 이탈 0.17 m)
[velocity_path_follower.py-9] [INFO] [1786822815.843033165] [velocity_path_follower]: waypoint 2700 / 5251 도달 (선 이탈 0.16 m)
[velocity_path_follower.py-9] [INFO] [1786822816.192977766] [velocity_path_follower]: waypoint 2701 / 5251 도달 (선 이탈 0.15 m)
[velocity_path_follower.py-9] [INFO] [1786822816.543087793] [velocity_path_follower]: waypoint 2702 / 5251 도달 (선 이탈 0.13 m)
[velocity_path_follower.py-9] [INFO] [1786822816.893074815] [velocity_path_follower]: waypoint 2703 / 5251 도달 (선 이탈 0.12 m)
[velocity_path_follower.py-9] [INFO] [1786822817.192894787] [velocity_path_follower]: 1155.0s  wp 2704/5251 이탈0.1m  위치 (  24.44,  -114.20,  10.36)
[velocity_path_follower.py-9] [INFO] [1786822817.243159678] [velocity_path_follower]: waypoint 2704 / 5251 도달 (선 이탈 0.10 m)
[velocity_path_follower.py-9] [INFO] [1786822817.593205082] [velocity_path_follower]: waypoint 2705 / 5251 도달 (선 이탈 0.08 m)
[velocity_path_follower.py-9] [INFO] [1786822817.943216110] [velocity_path_follower]: waypoint 2706 / 5251 도달 (선 이탈 0.06 m)
[velocity_path_follower.py-9] [INFO] [1786822818.293001507] [velocity_path_follower]: waypoint 2707 / 5251 도달 (선 이탈 0.04 m)
[velocity_path_follower.py-9] [INFO] [1786822818.643179797] [velocity_path_follower]: waypoint 2708 / 5251 도달 (선 이탈 0.02 m)
[velocity_path_follower.py-9] [INFO] [1786822818.993073366] [velocity_path_follower]: waypoint 2709 / 5251 도달 (선 이탈 0.00 m)
[velocity_path_follower.py-9] [INFO] [1786822819.342879143] [velocity_path_follower]: waypoint 2710 / 5251 도달 (선 이탈 0.01 m)
[velocity_path_follower.py-9] [INFO] [1786822819.692932099] [velocity_path_follower]: waypoint 2711 / 5251 도달 (선 이탈 0.03 m)
[velocity_path_follower.py-9] [INFO] [1786822820.043184190] [velocity_path_follower]: waypoint 2712 / 5251 도달 (선 이탈 0.04 m)
[velocity_path_follower.py-9] [INFO] [1786822820.392999890] [velocity_path_follower]: waypoint 2713 / 5251 도달 (선 이탈 0.06 m)
[velocity_path_follower.py-9] [INFO] [1786822820.742987806] [velocity_path_follower]: waypoint 2714 / 5251 도달 (선 이탈 0.07 m)
[velocity_path_follower.py-9] [INFO] [1786822821.092933013] [velocity_path_follower]: waypoint 2715 / 5251 도달 (선 이탈 0.08 m)
[velocity_path_follower.py-9] [INFO] [1786822821.443178279] [velocity_path_follower]: waypoint 2716 / 5251 도달 (선 이탈 0.09 m)
[velocity_path_follower.py-9] [INFO] [1786822821.793061737] [velocity_path_follower]: waypoint 2717 / 5251 도달 (선 이탈 0.09 m)
[velocity_path_follower.py-9] [INFO] [1786822822.143228668] [velocity_path_follower]: waypoint 2718 / 5251 도달 (선 이탈 0.10 m)
[velocity_path_follower.py-9] [INFO] [1786822822.194532736] [velocity_path_follower]: 1160.0s  wp 2719/5251 이탈0.1m  위치 (  17.26,  -114.00,  10.64)
[velocity_path_follower.py-9] [INFO] [1786822822.493056337] [velocity_path_follower]: waypoint 2719 / 5251 도달 (선 이탈 0.10 m)
[velocity_path_follower.py-9] [INFO] [1786822822.842946425] [velocity_path_follower]: waypoint 2720 / 5251 도달 (선 이탈 0.10 m)
[velocity_path_follower.py-9] [INFO] [1786822823.142996431] [velocity_path_follower]: waypoint 2721 / 5251 도달 (선 이탈 0.10 m)
[velocity_path_follower.py-9] [INFO] [1786822823.492998279] [velocity_path_follower]: waypoint 2722 / 5251 도달 (선 이탈 0.10 m)
[velocity_path_follower.py-9] [INFO] [1786822823.843761745] [velocity_path_follower]: waypoint 2723 / 5251 도달 (선 이탈 0.09 m)
[velocity_path_follower.py-9] [INFO] [1786822824.195470924] [velocity_path_follower]: waypoint 2724 / 5251 도달 (선 이탈 0.09 m)
[velocity_path_follower.py-9] [INFO] [1786822824.545269642] [velocity_path_follower]: waypoint 2725 / 5251 도달 (선 이탈 0.08 m)
[velocity_path_follower.py-9] [INFO] [1786822824.895063235] [velocity_path_follower]: waypoint 2726 / 5251 도달 (선 이탈 0.07 m)
[velocity_path_follower.py-9] [INFO] [1786822825.245318645] [velocity_path_follower]: waypoint 2727 / 5251 도달 (선 이탈 0.06 m)
[velocity_path_follower.py-9] [INFO] [1786822825.595157661] [velocity_path_follower]: waypoint 2728 / 5251 도달 (선 이탈 0.05 m)
[velocity_path_follower.py-9] [INFO] [1786822825.945196187] [velocity_path_follower]: waypoint 2729 / 5251 도달 (선 이탈 0.04 m)
[velocity_path_follower.py-9] [INFO] [1786822826.295211007] [velocity_path_follower]: waypoint 2730 / 5251 도달 (선 이탈 0.03 m)
[velocity_path_follower.py-9] [INFO] [1786822826.645225162] [velocity_path_follower]: waypoint 2731 / 5251 도달 (선 이탈 0.02 m)
[velocity_path_follower.py-9] [INFO] [1786822826.995241233] [velocity_path_follower]: waypoint 2732 / 5251 도달 (선 이탈 0.01 m)
[velocity_path_follower.py-9] [INFO] [1786822827.195129645] [velocity_path_follower]: 1165.0s  wp 2733/5251 이탈0.0m  위치 (  10.07,  -114.09,   9.99)
[velocity_path_follower.py-9] [INFO] [1786822827.345174305] [velocity_path_follower]: waypoint 2733 / 5251 도달 (선 이탈 0.00 m)
[velocity_path_follower.py-9] [INFO] [1786822827.695149587] [velocity_path_follower]: waypoint 2734 / 5251 도달 (선 이탈 0.01 m)
[velocity_path_follower.py-9] [INFO] [1786822828.045207999] [velocity_path_follower]: waypoint 2735 / 5251 도달 (선 이탈 0.01 m)
[velocity_path_follower.py-9] [INFO] [1786822828.395147034] [velocity_path_follower]: waypoint 2736 / 5251 도달 (선 이탈 0.02 m)
[velocity_path_follower.py-9] [INFO] [1786822828.745246619] [velocity_path_follower]: waypoint 2737 / 5251 도달 (선 이탈 0.03 m)
[velocity_path_follower.py-9] [INFO] [1786822829.095196281] [velocity_path_follower]: waypoint 2738 / 5251 도달 (선 이탈 0.04 m)
[velocity_path_follower.py-9] [INFO] [1786822829.445488379] [velocity_path_follower]: waypoint 2739 / 5251 도달 (선 이탈 0.04 m)
[velocity_path_follower.py-9] [INFO] [1786822829.795137072] [velocity_path_follower]: waypoint 2740 / 5251 도달 (선 이탈 0.05 m)
[velocity_path_follower.py-9] [INFO] [1786822830.095239776] [velocity_path_follower]: waypoint 2741 / 5251 도달 (선 이탈 0.05 m)
[velocity_path_follower.py-9] [INFO] [1786822830.495322715] [velocity_path_follower]: waypoint 2742 / 5251 도달 (선 이탈 0.05 m)
[velocity_path_follower.py-9] [INFO] [1786822830.795116199] [velocity_path_follower]: waypoint 2743 / 5251 도달 (선 이탈 0.05 m)
[velocity_path_follower.py-9] [INFO] [1786822831.145488515] [velocity_path_follower]: waypoint 2744 / 5251 도달 (선 이탈 0.05 m)
[velocity_path_follower.py-9] [INFO] [1786822831.495117134] [velocity_path_follower]: waypoint 2745 / 5251 도달 (선 이탈 0.05 m)
[velocity_path_follower.py-9] [INFO] [1786822831.845251276] [velocity_path_follower]: waypoint 2746 / 5251 도달 (선 이탈 0.05 m)
[velocity_path_follower.py-9] [INFO] [1786822832.203023981] [velocity_path_follower]: waypoint 2747 / 5251 도달 (선 이탈 0.05 m)
[velocity_path_follower.py-9] [INFO] [1786822832.252919240] [velocity_path_follower]: 1170.1s  wp 2748/5251 이탈0.0m  위치 (   2.81,  -114.15,   9.45)
[velocity_path_follower.py-9] [INFO] [1786822832.552978786] [velocity_path_follower]: waypoint 2748 / 5251 도달 (선 이탈 0.05 m)
[velocity_path_follower.py-9] [INFO] [1786822832.902937049] [velocity_path_follower]: waypoint 2749 / 5251 도달 (선 이탈 0.04 m)
[velocity_path_follower.py-9] [INFO] [1786822833.253116035] [velocity_path_follower]: waypoint 2750 / 5251 도달 (선 이탈 0.04 m)
[velocity_path_follower.py-9] [INFO] [1786822833.602962048] [velocity_path_follower]: waypoint 2751 / 5251 도달 (선 이탈 0.03 m)
[velocity_path_follower.py-9] [INFO] [1786822833.953124825] [velocity_path_follower]: waypoint 2752 / 5251 도달 (선 이탈 0.03 m)
[velocity_path_follower.py-9] [INFO] [1786822834.302933591] [velocity_path_follower]: waypoint 2753 / 5251 도달 (선 이탈 0.02 m)
[velocity_path_follower.py-9] [INFO] [1786822834.652946074] [velocity_path_follower]: waypoint 2754 / 5251 도달 (선 이탈 0.02 m)
[velocity_path_follower.py-9] [INFO] [1786822835.002993935] [velocity_path_follower]: waypoint 2755 / 5251 도달 (선 이탈 0.01 m)
[velocity_path_follower.py-9] [INFO] [1786822835.303129996] [velocity_path_follower]: waypoint 2756 / 5251 도달 (선 이탈 0.01 m)
[velocity_path_follower.py-9] [INFO] [1786822835.703022787] [velocity_path_follower]: waypoint 2757 / 5251 도달 (선 이탈 0.00 m)
[velocity_path_follower.py-9] [INFO] [1786822836.003045551] [velocity_path_follower]: waypoint 2758 / 5251 도달 (선 이탈 0.00 m)
[velocity_path_follower.py-9] [INFO] [1786822836.352966456] [velocity_path_follower]: waypoint 2759 / 5251 도달 (선 이탈 0.00 m)
[velocity_path_follower.py-9] [INFO] [1786822836.703133623] [velocity_path_follower]: waypoint 2760 / 5251 도달 (선 이탈 0.01 m)
[velocity_path_follower.py-9] [INFO] [1786822837.055115333] [velocity_path_follower]: waypoint 2761 / 5251 도달 (선 이탈 0.01 m)
[velocity_path_follower.py-9] [INFO] [1786822837.204941544] [velocity_path_follower]: 1175.0s  wp 2762/5251 이탈0.0m  위치 (  -4.34,  -114.09,   7.02)
[velocity_path_follower.py-9] [INFO] [1786822837.405127331] [velocity_path_follower]: waypoint 2762 / 5251 도달 (선 이탈 0.02 m)
[velocity_path_follower.py-9] [INFO] [1786822837.757534147] [velocity_path_follower]: waypoint 2763 / 5251 도달 (선 이탈 0.02 m)
[velocity_path_follower.py-9] [INFO] [1786822841.861660477] [velocity_path_follower]: waypoint 2764 / 5251 도달 (선 이탈 0.04 m)
[velocity_path_follower.py-9] [INFO] [1786822841.911987095] [velocity_path_follower]: waypoint 2765 / 5251 도달 (선 이탈 0.04 m)
[velocity_path_follower.py-9] [INFO] [1786822841.961896653] [velocity_path_follower]: waypoint 2766 / 5251 도달 (선 이탈 0.04 m)
[velocity_path_follower.py-9] [INFO] [1786822842.011791710] [velocity_path_follower]: waypoint 2767 / 5251 도달 (선 이탈 0.04 m)
[velocity_path_follower.py-9] [INFO] [1786822842.061681767] [velocity_path_follower]: waypoint 2768 / 5251 도달 (선 이탈 0.04 m)
[velocity_path_follower.py-9] [INFO] [1786822842.111871505] [velocity_path_follower]: waypoint 2769 / 5251 도달 (선 이탈 0.04 m)
[velocity_path_follower.py-9] [INFO] [1786822842.161658683] [velocity_path_follower]: waypoint 2770 / 5251 도달 (선 이탈 0.04 m)
[velocity_path_follower.py-9] [INFO] [1786822842.211701164] [velocity_path_follower]: waypoint 2771 / 5251 도달 (선 이탈 0.04 m)
[velocity_path_follower.py-9] [INFO] [1786822842.261833816] [velocity_path_follower]: waypoint 2772 / 5251 도달 (선 이탈 0.04 m)
[velocity_path_follower.py-9] [INFO] [1786822842.311639077] [velocity_path_follower]: 1180.1s  wp 2773/5251 이탈0.0m  위치 (  -9.84,  -114.06,   6.75)
[velocity_path_follower.py-9] [INFO] [1786822842.761655723] [velocity_path_follower]: waypoint 2773 / 5251 도달 (선 이탈 0.04 m)
[velocity_path_follower.py-9] [INFO] [1786822843.461918615] [velocity_path_follower]: waypoint 2774 / 5251 도달 (선 이탈 0.04 m)
[velocity_path_follower.py-9] [INFO] [1786822844.111827891] [velocity_path_follower]: waypoint 2775 / 5251 도달 (선 이탈 0.04 m)
[velocity_path_follower.py-9] [INFO] [1786822844.661972765] [velocity_path_follower]: waypoint 2776 / 5251 도달 (선 이탈 0.03 m)
[velocity_path_follower.py-9] [INFO] [1786822845.161960237] [velocity_path_follower]: waypoint 2777 / 5251 도달 (선 이탈 0.03 m)
[velocity_path_follower.py-9] [INFO] [1786822845.711690392] [velocity_path_follower]: waypoint 2778 / 5251 도달 (선 이탈 0.02 m)
[velocity_path_follower.py-9] [INFO] [1786822846.211924674] [velocity_path_follower]: waypoint 2779 / 5251 도달 (선 이탈 0.02 m)
[velocity_path_follower.py-9] [INFO] [1786822846.661883007] [velocity_path_follower]: waypoint 2780 / 5251 도달 (선 이탈 0.01 m)
[velocity_path_follower.py-9] [INFO] [1786822847.111758547] [velocity_path_follower]: waypoint 2781 / 5251 도달 (선 이탈 0.01 m)
[velocity_path_follower.py-9] [INFO] [1786822847.211551127] [velocity_path_follower]: 1185.0s  wp 2782/5251 이탈0.0m  위치 ( -14.21,  -114.10,  10.32)
[velocity_path_follower.py-9] [INFO] [1786822847.561975023] [velocity_path_follower]: waypoint 2782 / 5251 도달 (선 이탈 0.00 m)
[velocity_path_follower.py-9] [INFO] [1786822848.011660141] [velocity_path_follower]: waypoint 2783 / 5251 도달 (선 이탈 0.00 m)
[velocity_path_follower.py-9] [INFO] [1786822848.462149678] [velocity_path_follower]: waypoint 2784 / 5251 도달 (선 이탈 0.01 m)
[velocity_path_follower.py-9] [INFO] [1786822848.861888905] [velocity_path_follower]: waypoint 2785 / 5251 도달 (선 이탈 0.01 m)
[velocity_path_follower.py-9] [INFO] [1786822849.261832145] [velocity_path_follower]: waypoint 2786 / 5251 도달 (선 이탈 0.02 m)
[velocity_path_follower.py-9] [INFO] [1786822849.711892709] [velocity_path_follower]: waypoint 2787 / 5251 도달 (선 이탈 0.02 m)
[velocity_path_follower.py-9] [INFO] [1786822850.112410520] [velocity_path_follower]: waypoint 2788 / 5251 도달 (선 이탈 0.02 m)
[velocity_path_follower.py-9] [INFO] [1786822850.511830576] [velocity_path_follower]: waypoint 2789 / 5251 도달 (선 이탈 0.02 m)
[velocity_path_follower.py-9] [INFO] [1786822850.911676569] [velocity_path_follower]: waypoint 2790 / 5251 도달 (선 이탈 0.02 m)
[velocity_path_follower.py-9] [INFO] [1786822851.312097342] [velocity_path_follower]: waypoint 2791 / 5251 도달 (선 이탈 0.02 m)
[velocity_path_follower.py-9] [INFO] [1786822851.661899269] [velocity_path_follower]: waypoint 2792 / 5251 도달 (선 이탈 0.02 m)
[velocity_path_follower.py-9] [INFO] [1786822852.061815895] [velocity_path_follower]: waypoint 2793 / 5251 도달 (선 이탈 0.02 m)
[velocity_path_follower.py-9] [INFO] [1786822852.211697638] [velocity_path_follower]: 1190.0s  wp 2794/5251 이탈0.0m  위치 ( -20.33,  -114.12,   9.75)
[velocity_path_follower.py-9] [INFO] [1786822852.461854532] [velocity_path_follower]: waypoint 2794 / 5251 도달 (선 이탈 0.02 m)
[velocity_path_follower.py-9] [INFO] [1786822852.811819054] [velocity_path_follower]: waypoint 2795 / 5251 도달 (선 이탈 0.02 m)
[velocity_path_follower.py-9] [INFO] [1786822853.214235846] [velocity_path_follower]: waypoint 2796 / 5251 도달 (선 이탈 0.02 m)
[velocity_path_follower.py-9] [INFO] [1786822853.566024457] [velocity_path_follower]: waypoint 2797 / 5251 도달 (선 이탈 0.02 m)
[velocity_path_follower.py-9] [INFO] [1786822853.966156479] [velocity_path_follower]: waypoint 2798 / 5251 도달 (선 이탈 0.01 m)
[velocity_path_follower.py-9] [INFO] [1786822854.316020630] [velocity_path_follower]: waypoint 2799 / 5251 도달 (선 이탈 0.01 m)
[velocity_path_follower.py-9] [INFO] [1786822854.715973148] [velocity_path_follower]: waypoint 2800 / 5251 도달 (선 이탈 0.01 m)
[velocity_path_follower.py-9] [INFO] [1786822855.066206485] [velocity_path_follower]: waypoint 2801 / 5251 도달 (선 이탈 0.01 m)
[velocity_path_follower.py-9] [INFO] [1786822855.416119018] [velocity_path_follower]: waypoint 2802 / 5251 도달 (선 이탈 0.00 m)
[velocity_path_follower.py-9] [INFO] [1786822855.816141295] [velocity_path_follower]: waypoint 2803 / 5251 도달 (선 이탈 0.00 m)
[velocity_path_follower.py-9] [INFO] [1786822856.165984077] [velocity_path_follower]: waypoint 2804 / 5251 도달 (선 이탈 0.00 m)
[velocity_path_follower.py-9] [INFO] [1786822856.516026246] [velocity_path_follower]: waypoint 2805 / 5251 도달 (선 이탈 0.00 m)
[velocity_path_follower.py-9] [INFO] [1786822856.866106125] [velocity_path_follower]: waypoint 2806 / 5251 도달 (선 이탈 0.00 m)
[velocity_path_follower.py-9] [INFO] [1786822857.218927260] [velocity_path_follower]: waypoint 2807 / 5251 도달 (선 이탈 0.00 m)
[velocity_path_follower.py-9] [INFO] [1786822857.268797159] [velocity_path_follower]: 1195.1s  wp 2808/5251 이탈0.0m  위치 ( -27.17,  -114.10,   8.37)
[velocity_path_follower.py-9] [INFO] [1786822857.576673250] [velocity_path_follower]: waypoint 2808 / 5251 도달 (선 이탈 0.01 m)
[velocity_path_follower.py-9] [INFO] [1786822857.976384188] [velocity_path_follower]: waypoint 2809 / 5251 도달 (선 이탈 0.01 m)
[velocity_path_follower.py-9] [INFO] [1786822858.326456201] [velocity_path_follower]: waypoint 2810 / 5251 도달 (선 이탈 0.01 m)
[velocity_path_follower.py-9] [INFO] [1786822858.676662262] [velocity_path_follower]: waypoint 2811 / 5251 도달 (선 이탈 0.01 m)
[velocity_path_follower.py-9] [INFO] [1786822859.026607019] [velocity_path_follower]: waypoint 2812 / 5251 도달 (선 이탈 0.01 m)
[velocity_path_follower.py-9] [INFO] [1786822859.376395315] [velocity_path_follower]: waypoint 2813 / 5251 도달 (선 이탈 0.01 m)
[velocity_path_follower.py-9] [INFO] [1786822859.726641257] [velocity_path_follower]: waypoint 2814 / 5251 도달 (선 이탈 0.01 m)
[velocity_path_follower.py-9] [INFO] [1786822860.126335331] [velocity_path_follower]: waypoint 2815 / 5251 도달 (선 이탈 0.01 m)
[velocity_path_follower.py-9] [INFO] [1786822860.426396779] [velocity_path_follower]: waypoint 2816 / 5251 도달 (선 이탈 0.01 m)
[velocity_path_follower.py-9] [INFO] [1786822860.778003413] [velocity_path_follower]: waypoint 2817 / 5251 도달 (선 이탈 0.01 m)
[velocity_path_follower.py-9] [INFO] [1786822861.185100796] [velocity_path_follower]: waypoint 2818 / 5251 도달 (선 이탈 0.01 m)
[velocity_path_follower.py-9] [INFO] [1786822861.535230075] [velocity_path_follower]: waypoint 2819 / 5251 도달 (선 이탈 0.01 m)
[velocity_path_follower.py-9] [INFO] [1786822861.885371771] [velocity_path_follower]: waypoint 2820 / 5251 도달 (선 이탈 0.01 m)
[velocity_path_follower.py-9] [INFO] [1786822862.235412757] [velocity_path_follower]: waypoint 2821 / 5251 도달 (선 이탈 0.01 m)
[velocity_path_follower.py-9] [INFO] [1786822862.285227783] [velocity_path_follower]: 1200.1s  wp 2822/5251 이탈0.0m  위치 ( -34.24,  -114.09,   8.80)
[velocity_path_follower.py-9] [INFO] [1786822862.585203317] [velocity_path_follower]: waypoint 2822 / 5251 도달 (선 이탈 0.01 m)
[velocity_path_follower.py-9] [INFO] [1786822862.935246304] [velocity_path_follower]: waypoint 2823 / 5251 도달 (선 이탈 0.00 m)
[velocity_path_follower.py-9] [INFO] [1786822863.285227043] [velocity_path_follower]: waypoint 2824 / 5251 도달 (선 이탈 0.00 m)
[velocity_path_follower.py-9] [INFO] [1786822863.635254284] [velocity_path_follower]: waypoint 2825 / 5251 도달 (선 이탈 0.00 m)
[velocity_path_follower.py-9] [INFO] [1786822863.985368863] [velocity_path_follower]: waypoint 2826 / 5251 도달 (선 이탈 0.00 m)
[velocity_path_follower.py-9] [INFO] [1786822864.335197474] [velocity_path_follower]: waypoint 2827 / 5251 도달 (선 이탈 0.00 m)
[velocity_path_follower.py-9] [INFO] [1786822867.235174837] [velocity_path_follower]: 1205.0s  climb       위치 ( -40.58,  -113.15,   6.05)
[velocity_path_follower.py-9] [INFO] [1786822871.338287759] [velocity_path_follower]: waypoint 2828 / 5251 도달 (선 이탈 4.25 m)
[velocity_path_follower.py-9] [INFO] [1786822872.237487890] [velocity_path_follower]: 1210.0s  wp 2830/5251 이탈1.1m  위치 ( -42.91,  -111.17,   7.32)
[velocity_path_follower.py-9] [INFO] [1786822876.887534182] [velocity_path_follower]: waypoint 2830 / 5251 도달 (선 이탈 0.88 m)
[velocity_path_follower.py-9] [INFO] [1786822877.239841923] [velocity_path_follower]: 1215.0s  wp 2831/5251 이탈0.9m  위치 ( -39.23,  -109.17,   6.63)
[velocity_path_follower.py-9] [INFO] [1786822877.389514787] [velocity_path_follower]: waypoint 2831 / 5251 도달 (선 이탈 0.95 m)
[velocity_path_follower.py-9] [INFO] [1786822879.839775106] [velocity_path_follower]: waypoint 2832 / 5251 도달 (선 이탈 1.00 m)
[velocity_path_follower.py-9] [INFO] [1786822879.889546515] [velocity_path_follower]: waypoint 2833 / 5251 도달 (선 이탈 1.00 m)
[velocity_path_follower.py-9] [INFO] [1786822879.939645397] [velocity_path_follower]: waypoint 2834 / 5251 도달 (선 이탈 1.00 m)
[velocity_path_follower.py-9] [INFO] [1786822879.989603106] [velocity_path_follower]: waypoint 2835 / 5251 도달 (선 이탈 1.00 m)
[velocity_path_follower.py-9] [INFO] [1786822880.039681279] [velocity_path_follower]: waypoint 2836 / 5251 도달 (선 이탈 1.00 m)
[velocity_path_follower.py-9] [INFO] [1786822880.739633280] [velocity_path_follower]: waypoint 2837 / 5251 도달 (선 이탈 0.99 m)
[velocity_path_follower.py-9] [INFO] [1786822881.389562614] [velocity_path_follower]: waypoint 2838 / 5251 도달 (선 이탈 0.94 m)
[velocity_path_follower.py-9] [INFO] [1786822881.989903634] [velocity_path_follower]: waypoint 2839 / 5251 도달 (선 이탈 0.85 m)
[velocity_path_follower.py-9] [INFO] [1786822882.240477808] [velocity_path_follower]: 1220.0s  wp 2840/5251 이탈0.8m  위치 ( -34.86,  -109.30,   7.09)
[velocity_path_follower.py-9] [INFO] [1786822882.539930601] [velocity_path_follower]: waypoint 2840 / 5251 도달 (선 이탈 0.74 m)
[velocity_path_follower.py-9] [INFO] [1786822883.089636345] [velocity_path_follower]: waypoint 2841 / 5251 도달 (선 이탈 0.62 m)
[velocity_path_follower.py-9] [INFO] [1786822883.639484059] [velocity_path_follower]: waypoint 2842 / 5251 도달 (선 이탈 0.47 m)
[velocity_path_follower.py-9] [INFO] [1786822884.139738623] [velocity_path_follower]: waypoint 2843 / 5251 도달 (선 이탈 0.34 m)
[velocity_path_follower.py-9] [INFO] [1786822884.589586750] [velocity_path_follower]: waypoint 2844 / 5251 도달 (선 이탈 0.21 m)
[velocity_path_follower.py-9] [INFO] [1786822885.039627261] [velocity_path_follower]: waypoint 2845 / 5251 도달 (선 이탈 0.09 m)
[velocity_path_follower.py-9] [INFO] [1786822885.539648283] [velocity_path_follower]: waypoint 2846 / 5251 도달 (선 이탈 0.04 m)
[velocity_path_follower.py-9] [INFO] [1786822885.939620498] [velocity_path_follower]: waypoint 2847 / 5251 도달 (선 이탈 0.13 m)
[velocity_path_follower.py-9] [INFO] [1786822886.389582765] [velocity_path_follower]: waypoint 2848 / 5251 도달 (선 이탈 0.23 m)
[velocity_path_follower.py-9] [INFO] [1786822886.789614780] [velocity_path_follower]: waypoint 2849 / 5251 도달 (선 이탈 0.30 m)
[velocity_path_follower.py-9] [INFO] [1786822887.239480171] [velocity_path_follower]: waypoint 2850 / 5251 도달 (선 이탈 0.37 m)
[velocity_path_follower.py-9] [INFO] [1786822887.289591392] [velocity_path_follower]: 1225.1s  wp 2851/5251 이탈0.4m  위치 ( -29.48,  -110.48,   9.01)
[velocity_path_follower.py-9] [INFO] [1786822887.640314062] [velocity_path_follower]: waypoint 2851 / 5251 도달 (선 이탈 0.42 m)
[velocity_path_follower.py-9] [INFO] [1786822888.039622297] [velocity_path_follower]: waypoint 2852 / 5251 도달 (선 이탈 0.46 m)
[velocity_path_follower.py-9] [INFO] [1786822888.439686781] [velocity_path_follower]: waypoint 2853 / 5251 도달 (선 이탈 0.49 m)
[velocity_path_follower.py-9] [INFO] [1786822888.839595008] [velocity_path_follower]: waypoint 2854 / 5251 도달 (선 이탈 0.50 m)
[velocity_path_follower.py-9] [INFO] [1786822889.239492529] [velocity_path_follower]: waypoint 2855 / 5251 도달 (선 이탈 0.50 m)
[velocity_path_follower.py-9] [INFO] [1786822889.639603937] [velocity_path_follower]: waypoint 2856 / 5251 도달 (선 이탈 0.49 m)
[velocity_path_follower.py-9] [INFO] [1786822889.989825382] [velocity_path_follower]: waypoint 2857 / 5251 도달 (선 이탈 0.48 m)
[velocity_path_follower.py-9] [INFO] [1786822890.441818975] [velocity_path_follower]: waypoint 2858 / 5251 도달 (선 이탈 0.44 m)
[velocity_path_follower.py-9] [INFO] [1786822890.792032758] [velocity_path_follower]: waypoint 2859 / 5251 도달 (선 이탈 0.41 m)
[velocity_path_follower.py-9] [INFO] [1786822891.191672026] [velocity_path_follower]: waypoint 2860 / 5251 도달 (선 이탈 0.37 m)
[velocity_path_follower.py-9] [INFO] [1786822891.542498467] [velocity_path_follower]: waypoint 2861 / 5251 도달 (선 이탈 0.33 m)
[velocity_path_follower.py-9] [INFO] [1786822891.941916643] [velocity_path_follower]: waypoint 2862 / 5251 도달 (선 이탈 0.28 m)
[velocity_path_follower.py-9] [INFO] [1786822892.241608149] [velocity_path_follower]: 1230.0s  wp 2863/5251 이탈0.2m  위치 ( -23.16,  -110.34,   9.92)
[velocity_path_follower.py-9] [INFO] [1786822892.341864432] [velocity_path_follower]: waypoint 2863 / 5251 도달 (선 이탈 0.22 m)
[velocity_path_follower.py-9] [INFO] [1786822892.691626244] [velocity_path_follower]: waypoint 2864 / 5251 도달 (선 이탈 0.18 m)
[velocity_path_follower.py-9] [INFO] [1786822893.041690446] [velocity_path_follower]: waypoint 2865 / 5251 도달 (선 이탈 0.12 m)
[velocity_path_follower.py-9] [INFO] [1786822893.441841833] [velocity_path_follower]: waypoint 2866 / 5251 도달 (선 이탈 0.07 m)
[velocity_path_follower.py-9] [INFO] [1786822893.792358976] [velocity_path_follower]: waypoint 2867 / 5251 도달 (선 이탈 0.02 m)
[velocity_path_follower.py-9] [INFO] [1786822894.192134431] [velocity_path_follower]: waypoint 2868 / 5251 도달 (선 이탈 0.03 m)
[velocity_path_follower.py-9] [INFO] [1786822894.542047883] [velocity_path_follower]: waypoint 2869 / 5251 도달 (선 이탈 0.07 m)
[velocity_path_follower.py-9] [INFO] [1786822894.891661655] [velocity_path_follower]: waypoint 2870 / 5251 도달 (선 이탈 0.11 m)
[velocity_path_follower.py-9] [INFO] [1786822895.291586206] [velocity_path_follower]: waypoint 2871 / 5251 도달 (선 이탈 0.15 m)
[velocity_path_follower.py-9] [INFO] [1786822895.642145443] [velocity_path_follower]: waypoint 2872 / 5251 도달 (선 이탈 0.18 m)
[velocity_path_follower.py-9] [INFO] [1786822895.991619837] [velocity_path_follower]: waypoint 2873 / 5251 도달 (선 이탈 0.21 m)
[velocity_path_follower.py-9] [INFO] [1786822896.341874897] [velocity_path_follower]: waypoint 2874 / 5251 도달 (선 이탈 0.23 m)
[velocity_path_follower.py-9] [INFO] [1786822896.742099510] [velocity_path_follower]: waypoint 2875 / 5251 도달 (선 이탈 0.25 m)
[velocity_path_follower.py-9] [INFO] [1786822897.091931551] [velocity_path_follower]: waypoint 2876 / 5251 도달 (선 이탈 0.26 m)
[velocity_path_follower.py-9] [INFO] [1786822897.241539698] [velocity_path_follower]: 1235.0s  wp 2877/5251 이탈0.3m  위치 ( -16.33,  -109.84,   7.72)
[velocity_path_follower.py-9] [INFO] [1786822897.441613797] [velocity_path_follower]: waypoint 2877 / 5251 도달 (선 이탈 0.26 m)
[velocity_path_follower.py-9] [INFO] [1786822897.791826984] [velocity_path_follower]: waypoint 2878 / 5251 도달 (선 이탈 0.27 m)
[velocity_path_follower.py-9] [INFO] [1786822898.141623236] [velocity_path_follower]: waypoint 2879 / 5251 도달 (선 이탈 0.26 m)
[velocity_path_follower.py-9] [INFO] [1786822898.492611339] [velocity_path_follower]: waypoint 2880 / 5251 도달 (선 이탈 0.25 m)
[velocity_path_follower.py-9] [INFO] [1786822902.248344407] [velocity_path_follower]: 1240.0s  climb       위치 ( -10.55,  -109.96,   6.07)
[velocity_path_follower.py-9] [INFO] [1786822902.909327885] [velocity_path_follower]: waypoint 2881 / 5251 도달 (선 이탈 0.12 m)
[velocity_path_follower.py-9] [INFO] [1786822902.959247398] [velocity_path_follower]: waypoint 2882 / 5251 도달 (선 이탈 0.12 m)
[velocity_path_follower.py-9] [INFO] [1786822903.009516844] [velocity_path_follower]: waypoint 2883 / 5251 도달 (선 이탈 0.12 m)
[velocity_path_follower.py-9] [INFO] [1786822903.060351150] [velocity_path_follower]: waypoint 2884 / 5251 도달 (선 이탈 0.12 m)
[velocity_path_follower.py-9] [INFO] [1786822903.109294951] [velocity_path_follower]: waypoint 2885 / 5251 도달 (선 이탈 0.12 m)
[velocity_path_follower.py-9] [INFO] [1786822903.159327302] [velocity_path_follower]: waypoint 2886 / 5251 도달 (선 이탈 0.12 m)
[velocity_path_follower.py-9] [INFO] [1786822903.209241690] [velocity_path_follower]: waypoint 2887 / 5251 도달 (선 이탈 0.12 m)
[velocity_path_follower.py-9] [INFO] [1786822903.259368005] [velocity_path_follower]: waypoint 2888 / 5251 도달 (선 이탈 0.12 m)
[velocity_path_follower.py-9] [INFO] [1786822903.309335687] [velocity_path_follower]: waypoint 2889 / 5251 도달 (선 이탈 0.12 m)
[velocity_path_follower.py-9] [INFO] [1786822903.759192499] [velocity_path_follower]: waypoint 2890 / 5251 도달 (선 이탈 0.11 m)
[velocity_path_follower.py-9] [INFO] [1786822904.560014774] [velocity_path_follower]: waypoint 2891 / 5251 도달 (선 이탈 0.09 m)
[velocity_path_follower.py-9] [INFO] [1786822905.209254635] [velocity_path_follower]: waypoint 2892 / 5251 도달 (선 이탈 0.07 m)
[velocity_path_follower.py-9] [INFO] [1786822905.809291437] [velocity_path_follower]: waypoint 2893 / 5251 도달 (선 이탈 0.05 m)
[velocity_path_follower.py-9] [INFO] [1786822906.359237679] [velocity_path_follower]: waypoint 2894 / 5251 도달 (선 이탈 0.03 m)
[velocity_path_follower.py-9] [INFO] [1786822906.859240866] [velocity_path_follower]: waypoint 2895 / 5251 도달 (선 이탈 0.01 m)
[velocity_path_follower.py-9] [INFO] [1786822907.259327106] [velocity_path_follower]: 1245.0s  wp 2896/5251 이탈0.0m  위치 (  -6.70,  -110.10,   7.90)
[velocity_path_follower.py-9] [INFO] [1786822907.361525206] [velocity_path_follower]: waypoint 2896 / 5251 도달 (선 이탈 0.00 m)
[velocity_path_follower.py-9] [INFO] [1786822907.861555525] [velocity_path_follower]: waypoint 2897 / 5251 도달 (선 이탈 0.02 m)
[velocity_path_follower.py-9] [INFO] [1786822908.362327300] [velocity_path_follower]: waypoint 2898 / 5251 도달 (선 이탈 0.03 m)
[velocity_path_follower.py-9] [INFO] [1786822908.813656583] [velocity_path_follower]: waypoint 2899 / 5251 도달 (선 이탈 0.04 m)
[velocity_path_follower.py-9] [INFO] [1786822909.213859128] [velocity_path_follower]: waypoint 2900 / 5251 도달 (선 이탈 0.05 m)
[velocity_path_follower.py-9] [INFO] [1786822909.663645052] [velocity_path_follower]: waypoint 2901 / 5251 도달 (선 이탈 0.06 m)
[velocity_path_follower.py-9] [INFO] [1786822910.113935167] [velocity_path_follower]: waypoint 2902 / 5251 도달 (선 이탈 0.06 m)
[velocity_path_follower.py-9] [INFO] [1786822910.514057550] [velocity_path_follower]: waypoint 2903 / 5251 도달 (선 이탈 0.06 m)
[velocity_path_follower.py-9] [INFO] [1786822910.963682804] [velocity_path_follower]: waypoint 2904 / 5251 도달 (선 이탈 0.06 m)
[velocity_path_follower.py-9] [INFO] [1786822912.263694368] [velocity_path_follower]: 1250.0s  climb       위치 (  -0.98,  -110.16,   6.25)
[velocity_path_follower.py-9] [INFO] [1786822913.663690037] [velocity_path_follower]: waypoint 2905 / 5251 도달 (선 이탈 0.05 m)
[velocity_path_follower.py-9] [INFO] [1786822913.713833942] [velocity_path_follower]: waypoint 2906 / 5251 도달 (선 이탈 0.05 m)
[velocity_path_follower.py-9] [INFO] [1786822913.763538867] [velocity_path_follower]: waypoint 2907 / 5251 도달 (선 이탈 0.05 m)
[velocity_path_follower.py-9] [INFO] [1786822913.813585684] [velocity_path_follower]: waypoint 2908 / 5251 도달 (선 이탈 0.05 m)
[velocity_path_follower.py-9] [INFO] [1786822913.863664252] [velocity_path_follower]: waypoint 2909 / 5251 도달 (선 이탈 0.05 m)
[velocity_path_follower.py-9] [INFO] [1786822913.913475349] [velocity_path_follower]: waypoint 2910 / 5251 도달 (선 이탈 0.05 m)
[velocity_path_follower.py-9] [INFO] [1786822914.413950478] [velocity_path_follower]: waypoint 2911 / 5251 도달 (선 이탈 0.05 m)
[velocity_path_follower.py-9] [INFO] [1786822915.013684412] [velocity_path_follower]: waypoint 2912 / 5251 도달 (선 이탈 0.04 m)
[velocity_path_follower.py-9] [INFO] [1786822915.563619588] [velocity_path_follower]: waypoint 2913 / 5251 도달 (선 이탈 0.04 m)
[velocity_path_follower.py-9] [INFO] [1786822916.113777609] [velocity_path_follower]: waypoint 2914 / 5251 도달 (선 이탈 0.03 m)
[velocity_path_follower.py-9] [INFO] [1786822916.614509930] [velocity_path_follower]: waypoint 2915 / 5251 도달 (선 이탈 0.03 m)
[velocity_path_follower.py-9] [INFO] [1786822917.113632384] [velocity_path_follower]: waypoint 2916 / 5251 도달 (선 이탈 0.02 m)
[velocity_path_follower.py-9] [INFO] [1786822917.263586998] [velocity_path_follower]: 1255.0s  wp 2917/5251 이탈0.0m  위치 (   3.61,  -110.12,   9.05)
[velocity_path_follower.py-9] [INFO] [1786822917.563656402] [velocity_path_follower]: waypoint 2917 / 5251 도달 (선 이탈 0.01 m)
[velocity_path_follower.py-9] [INFO] [1786822918.013616083] [velocity_path_follower]: waypoint 2918 / 5251 도달 (선 이탈 0.00 m)
[velocity_path_follower.py-9] [INFO] [1786822918.463841491] [velocity_path_follower]: waypoint 2919 / 5251 도달 (선 이탈 0.00 m)
[velocity_path_follower.py-9] [INFO] [1786822918.913965310] [velocity_path_follower]: waypoint 2920 / 5251 도달 (선 이탈 0.01 m)
[velocity_path_follower.py-9] [INFO] [1786822919.313914057] [velocity_path_follower]: waypoint 2921 / 5251 도달 (선 이탈 0.01 m)
[velocity_path_follower.py-9] [INFO] [1786822919.763626570] [velocity_path_follower]: waypoint 2922 / 5251 도달 (선 이탈 0.02 m)
[velocity_path_follower.py-9] [INFO] [1786822920.163650449] [velocity_path_follower]: waypoint 2923 / 5251 도달 (선 이탈 0.02 m)
[velocity_path_follower.py-9] [INFO] [1786822920.570278934] [velocity_path_follower]: waypoint 2924 / 5251 도달 (선 이탈 0.02 m)
[velocity_path_follower.py-9] [INFO] [1786822921.066681865] [velocity_path_follower]: waypoint 2925 / 5251 도달 (선 이탈 0.03 m)
[velocity_path_follower.py-9] [INFO] [1786822921.366010747] [velocity_path_follower]: waypoint 2926 / 5251 도달 (선 이탈 0.03 m)
[velocity_path_follower.py-9] [INFO] [1786822921.766053217] [velocity_path_follower]: waypoint 2927 / 5251 도달 (선 이탈 0.03 m)
[velocity_path_follower.py-9] [INFO] [1786822922.166074355] [velocity_path_follower]: waypoint 2928 / 5251 도달 (선 이탈 0.03 m)
[velocity_path_follower.py-9] [INFO] [1786822922.265911153] [velocity_path_follower]: 1260.0s  wp 2929/5251 이탈0.0m  위치 (   9.59,  -110.07,  11.47)
[velocity_path_follower.py-9] [INFO] [1786822922.515974211] [velocity_path_follower]: waypoint 2929 / 5251 도달 (선 이탈 0.03 m)
[velocity_path_follower.py-9] [INFO] [1786822922.916125108] [velocity_path_follower]: waypoint 2930 / 5251 도달 (선 이탈 0.03 m)
[velocity_path_follower.py-9] [INFO] [1786822923.266077220] [velocity_path_follower]: waypoint 2931 / 5251 도달 (선 이탈 0.03 m)
[velocity_path_follower.py-9] [INFO] [1786822923.666213037] [velocity_path_follower]: waypoint 2932 / 5251 도달 (선 이탈 0.02 m)
[velocity_path_follower.py-9] [INFO] [1786822924.066003005] [velocity_path_follower]: waypoint 2933 / 5251 도달 (선 이탈 0.02 m)
[velocity_path_follower.py-9] [INFO] [1786822924.415939580] [velocity_path_follower]: waypoint 2934 / 5251 도달 (선 이탈 0.02 m)
[velocity_path_follower.py-9] [INFO] [1786822924.771411832] [velocity_path_follower]: waypoint 2935 / 5251 도달 (선 이탈 0.02 m)
[velocity_path_follower.py-9] [INFO] [1786822925.171429442] [velocity_path_follower]: waypoint 2936 / 5251 도달 (선 이탈 0.01 m)
[velocity_path_follower.py-9] [INFO] [1786822925.521521736] [velocity_path_follower]: waypoint 2937 / 5251 도달 (선 이탈 0.01 m)
[velocity_path_follower.py-9] [INFO] [1786822925.921429259] [velocity_path_follower]: waypoint 2938 / 5251 도달 (선 이탈 0.01 m)
[velocity_path_follower.py-9] [INFO] [1786822926.271180332] [velocity_path_follower]: waypoint 2939 / 5251 도달 (선 이탈 0.01 m)
[velocity_path_follower.py-9] [INFO] [1786822926.621434180] [velocity_path_follower]: waypoint 2940 / 5251 도달 (선 이탈 0.00 m)
[velocity_path_follower.py-9] [INFO] [1786822926.971255090] [velocity_path_follower]: waypoint 2941 / 5251 도달 (선 이탈 0.00 m)
[velocity_path_follower.py-9] [INFO] [1786822927.271240898] [velocity_path_follower]: 1265.0s  wp 2942/5251 이탈0.0m  위치 (  16.32,  -110.10,   9.64)
[velocity_path_follower.py-9] [INFO] [1786822927.371499096] [velocity_path_follower]: waypoint 2942 / 5251 도달 (선 이탈 0.00 m)
[velocity_path_follower.py-9] [INFO] [1786822927.721463309] [velocity_path_follower]: waypoint 2943 / 5251 도달 (선 이탈 0.00 m)
[velocity_path_follower.py-9] [INFO] [1786822928.071589155] [velocity_path_follower]: waypoint 2944 / 5251 도달 (선 이탈 0.01 m)
[velocity_path_follower.py-9] [INFO] [1786822928.421250357] [velocity_path_follower]: waypoint 2945 / 5251 도달 (선 이탈 0.01 m)
[velocity_path_follower.py-9] [INFO] [1786822928.771271077] [velocity_path_follower]: waypoint 2946 / 5251 도달 (선 이탈 0.01 m)
[velocity_path_follower.py-9] [INFO] [1786822929.172813484] [velocity_path_follower]: waypoint 2947 / 5251 도달 (선 이탈 0.01 m)
[velocity_path_follower.py-9] [INFO] [1786822929.521309760] [velocity_path_follower]: waypoint 2948 / 5251 도달 (선 이탈 0.01 m)
[velocity_path_follower.py-9] [INFO] [1786822929.871197852] [velocity_path_follower]: waypoint 2949 / 5251 도달 (선 이탈 0.01 m)
[velocity_path_follower.py-9] [INFO] [1786822930.221468006] [velocity_path_follower]: waypoint 2950 / 5251 도달 (선 이탈 0.01 m)
[velocity_path_follower.py-9] [INFO] [1786822930.571365352] [velocity_path_follower]: waypoint 2951 / 5251 도달 (선 이탈 0.01 m)
[velocity_path_follower.py-9] [INFO] [1786822930.921335619] [velocity_path_follower]: waypoint 2952 / 5251 도달 (선 이탈 0.01 m)
[velocity_path_follower.py-9] [INFO] [1786822931.271273512] [velocity_path_follower]: waypoint 2953 / 5251 도달 (선 이탈 0.01 m)
[velocity_path_follower.py-9] [INFO] [1786822931.621314993] [velocity_path_follower]: waypoint 2954 / 5251 도달 (선 이탈 0.01 m)
[velocity_path_follower.py-9] [INFO] [1786822931.971400394] [velocity_path_follower]: waypoint 2955 / 5251 도달 (선 이탈 0.01 m)
[velocity_path_follower.py-9] [INFO] [1786822932.271217127] [velocity_path_follower]: 1270.0s  wp 2956/5251 이탈0.0m  위치 (  23.34,  -110.11,   9.98)
[velocity_path_follower.py-9] [INFO] [1786822932.321411378] [velocity_path_follower]: waypoint 2956 / 5251 도달 (선 이탈 0.01 m)
[velocity_path_follower.py-9] [INFO] [1786822932.671298565] [velocity_path_follower]: waypoint 2957 / 5251 도달 (선 이탈 0.01 m)
[velocity_path_follower.py-9] [INFO] [1786822933.071391129] [velocity_path_follower]: waypoint 2958 / 5251 도달 (선 이탈 0.01 m)
[velocity_path_follower.py-9] [INFO] [1786822933.395980122] [velocity_path_follower]: waypoint 2959 / 5251 도달 (선 이탈 0.01 m)
[velocity_path_follower.py-9] [INFO] [1786822933.787301649] [velocity_path_follower]: waypoint 2960 / 5251 도달 (선 이탈 0.01 m)
[velocity_path_follower.py-9] [INFO] [1786822934.087485404] [velocity_path_follower]: waypoint 2961 / 5251 도달 (선 이탈 0.00 m)
[velocity_path_follower.py-9] [INFO] [1786822934.487487514] [velocity_path_follower]: waypoint 2962 / 5251 도달 (선 이탈 0.00 m)
[velocity_path_follower.py-9] [INFO] [1786822934.787404717] [velocity_path_follower]: waypoint 2963 / 5251 도달 (선 이탈 0.00 m)
[velocity_path_follower.py-9] [INFO] [1786822935.187405328] [velocity_path_follower]: waypoint 2964 / 5251 도달 (선 이탈 0.00 m)
[velocity_path_follower.py-9] [INFO] [1786822935.487335369] [velocity_path_follower]: waypoint 2965 / 5251 도달 (선 이탈 0.00 m)
[velocity_path_follower.py-9] [INFO] [1786822935.837462287] [velocity_path_follower]: waypoint 2966 / 5251 도달 (선 이탈 0.00 m)
[velocity_path_follower.py-9] [INFO] [1786822936.187393614] [velocity_path_follower]: waypoint 2967 / 5251 도달 (선 이탈 0.00 m)
[velocity_path_follower.py-9] [INFO] [1786822936.587444360] [velocity_path_follower]: waypoint 2968 / 5251 도달 (선 이탈 0.00 m)
[velocity_path_follower.py-9] [INFO] [1786822936.887321026] [velocity_path_follower]: waypoint 2969 / 5251 도달 (선 이탈 0.01 m)
[velocity_path_follower.py-9] [INFO] [1786822937.237508453] [velocity_path_follower]: waypoint 2970 / 5251 도달 (선 이탈 0.01 m)
[velocity_path_follower.py-9] [INFO] [1786822937.287419985] [velocity_path_follower]: 1275.0s  wp 2971/5251 이탈0.0m  위치 (  30.48,  -110.09,   8.42)
[velocity_path_follower.py-9] [INFO] [1786822937.587433244] [velocity_path_follower]: waypoint 2971 / 5251 도달 (선 이탈 0.01 m)
[velocity_path_follower.py-9] [INFO] [1786822937.937457790] [velocity_path_follower]: waypoint 2972 / 5251 도달 (선 이탈 0.01 m)
[velocity_path_follower.py-9] [INFO] [1786822938.287344874] [velocity_path_follower]: waypoint 2973 / 5251 도달 (선 이탈 0.01 m)
[velocity_path_follower.py-9] [INFO] [1786822938.637480221] [velocity_path_follower]: waypoint 2974 / 5251 도달 (선 이탈 0.01 m)
[velocity_path_follower.py-9] [INFO] [1786822938.987366181] [velocity_path_follower]: waypoint 2975 / 5251 도달 (선 이탈 0.01 m)
[velocity_path_follower.py-9] [INFO] [1786822939.337365441] [velocity_path_follower]: waypoint 2976 / 5251 도달 (선 이탈 0.01 m)
[velocity_path_follower.py-9] [INFO] [1786822939.687314324] [velocity_path_follower]: waypoint 2977 / 5251 도달 (선 이탈 0.01 m)
[velocity_path_follower.py-9] [INFO] [1786822940.037369963] [velocity_path_follower]: waypoint 2978 / 5251 도달 (선 이탈 0.01 m)
[velocity_path_follower.py-9] [INFO] [1786822940.387314225] [velocity_path_follower]: waypoint 2979 / 5251 도달 (선 이탈 0.01 m)
[velocity_path_follower.py-9] [INFO] [1786822940.739472592] [velocity_path_follower]: waypoint 2980 / 5251 도달 (선 이탈 0.01 m)
[velocity_path_follower.py-9] [INFO] [1786822941.089440272] [velocity_path_follower]: waypoint 2981 / 5251 도달 (선 이탈 0.01 m)
[velocity_path_follower.py-9] [INFO] [1786822941.439418956] [velocity_path_follower]: waypoint 2982 / 5251 도달 (선 이탈 0.01 m)
[velocity_path_follower.py-9] [INFO] [1786822941.789340304] [velocity_path_follower]: waypoint 2983 / 5251 도달 (선 이탈 0.00 m)
[velocity_path_follower.py-9] [INFO] [1786822942.139421661] [velocity_path_follower]: waypoint 2984 / 5251 도달 (선 이탈 0.00 m)
[velocity_path_follower.py-9] [INFO] [1786822942.289316856] [velocity_path_follower]: 1280.0s  wp 2985/5251 이탈0.0m  위치 (  37.67,  -110.10,   9.82)
[velocity_path_follower.py-9] [INFO] [1786822942.489458185] [velocity_path_follower]: waypoint 2985 / 5251 도달 (선 이탈 0.00 m)
[velocity_path_follower.py-9] [INFO] [1786822942.839405454] [velocity_path_follower]: waypoint 2986 / 5251 도달 (선 이탈 0.00 m)
[velocity_path_follower.py-9] [INFO] [1786822943.189441272] [velocity_path_follower]: waypoint 2987 / 5251 도달 (선 이탈 0.00 m)
[velocity_path_follower.py-9] [INFO] [1786822943.539454423] [velocity_path_follower]: waypoint 2988 / 5251 도달 (선 이탈 0.00 m)
[velocity_path_follower.py-9] [INFO] [1786822943.889354903] [velocity_path_follower]: waypoint 2989 / 5251 도달 (선 이탈 0.00 m)
[velocity_path_follower.py-9] [INFO] [1786822944.189565359] [velocity_path_follower]: waypoint 2990 / 5251 도달 (선 이탈 0.00 m)
[velocity_path_follower.py-9] [INFO] [1786822944.589411880] [velocity_path_follower]: waypoint 2991 / 5251 도달 (선 이탈 0.00 m)
[velocity_path_follower.py-9] [INFO] [1786822944.889427245] [velocity_path_follower]: waypoint 2992 / 5251 도달 (선 이탈 0.00 m)
[velocity_path_follower.py-9] [INFO] [1786822945.239376817] [velocity_path_follower]: waypoint 2993 / 5251 도달 (선 이탈 0.00 m)
[velocity_path_follower.py-9] [INFO] [1786822945.589445770] [velocity_path_follower]: waypoint 2994 / 5251 도달 (선 이탈 0.00 m)
[velocity_path_follower.py-9] [INFO] [1786822945.939467471] [velocity_path_follower]: waypoint 2995 / 5251 도달 (선 이탈 0.00 m)
[velocity_path_follower.py-9] [INFO] [1786822946.289371878] [velocity_path_follower]: waypoint 2996 / 5251 도달 (선 이탈 0.00 m)
[velocity_path_follower.py-9] [INFO] [1786822946.639651012] [velocity_path_follower]: waypoint 2997 / 5251 도달 (선 이탈 0.00 m)
[velocity_path_follower.py-9] [INFO] [1786822946.989395037] [velocity_path_follower]: waypoint 2998 / 5251 도달 (선 이탈 0.00 m)
[velocity_path_follower.py-9] [INFO] [1786822947.289701468] [velocity_path_follower]: 1285.0s  wp 2999/5251 이탈0.0m  위치 (  44.87,  -110.10,  13.97)
[velocity_path_follower.py-9] [INFO] [1786822947.339453289] [velocity_path_follower]: waypoint 2999 / 5251 도달 (선 이탈 0.00 m)
[velocity_path_follower.py-9] [INFO] [1786822947.689320657] [velocity_path_follower]: waypoint 3000 / 5251 도달 (선 이탈 0.00 m)
[velocity_path_follower.py-9] [INFO] [1786822948.039517041] [velocity_path_follower]: waypoint 3001 / 5251 도달 (선 이탈 0.00 m)
[velocity_path_follower.py-9] [INFO] [1786822948.389444666] [velocity_path_follower]: waypoint 3002 / 5251 도달 (선 이탈 0.00 m)
[velocity_path_follower.py-9] [INFO] [1786822948.739416709] [velocity_path_follower]: waypoint 3003 / 5251 도달 (선 이탈 0.00 m)
[velocity_path_follower.py-9] [INFO] [1786822949.089432422] [velocity_path_follower]: waypoint 3004 / 5251 도달 (선 이탈 0.00 m)
[velocity_path_follower.py-9] [INFO] [1786822949.439495973] [velocity_path_follower]: waypoint 3005 / 5251 도달 (선 이탈 0.00 m)
[velocity_path_follower.py-9] [INFO] [1786822949.789582192] [velocity_path_follower]: waypoint 3006 / 5251 도달 (선 이탈 0.00 m)
[velocity_path_follower.py-9] [INFO] [1786822950.089437234] [velocity_path_follower]: waypoint 3007 / 5251 도달 (선 이탈 0.00 m)
[velocity_path_follower.py-9] [INFO] [1786822950.489401286] [velocity_path_follower]: waypoint 3008 / 5251 도달 (선 이탈 0.00 m)
[velocity_path_follower.py-9] [INFO] [1786822950.789383669] [velocity_path_follower]: waypoint 3009 / 5251 도달 (선 이탈 0.00 m)
[velocity_path_follower.py-9] [INFO] [1786822951.139402682] [velocity_path_follower]: waypoint 3010 / 5251 도달 (선 이탈 0.00 m)
[velocity_path_follower.py-9] [INFO] [1786822951.489520202] [velocity_path_follower]: waypoint 3011 / 5251 도달 (선 이탈 0.00 m)
[velocity_path_follower.py-9] [INFO] [1786822951.839482047] [velocity_path_follower]: waypoint 3012 / 5251 도달 (선 이탈 0.00 m)
[velocity_path_follower.py-9] [INFO] [1786822952.189411727] [velocity_path_follower]: waypoint 3013 / 5251 도달 (선 이탈 0.00 m)
[velocity_path_follower.py-9] [INFO] [1786822952.289218431] [velocity_path_follower]: 1290.0s  wp 3014/5251 이탈0.0m  위치 (  52.08,  -110.10,  10.70)
[velocity_path_follower.py-9] [INFO] [1786822952.539625338] [velocity_path_follower]: waypoint 3014 / 5251 도달 (선 이탈 0.00 m)
[velocity_path_follower.py-9] [INFO] [1786822952.889388387] [velocity_path_follower]: waypoint 3015 / 5251 도달 (선 이탈 0.00 m)
[velocity_path_follower.py-9] [INFO] [1786822953.239263235] [velocity_path_follower]: waypoint 3016 / 5251 도달 (선 이탈 0.00 m)
[velocity_path_follower.py-9] [INFO] [1786822953.590094754] [velocity_path_follower]: waypoint 3017 / 5251 도달 (선 이탈 0.00 m)
[velocity_path_follower.py-9] [INFO] [1786822953.939524832] [velocity_path_follower]: waypoint 3018 / 5251 도달 (선 이탈 0.00 m)
[velocity_path_follower.py-9] [INFO] [1786822954.289551191] [velocity_path_follower]: waypoint 3019 / 5251 도달 (선 이탈 0.00 m)
[velocity_path_follower.py-9] [INFO] [1786822954.639320289] [velocity_path_follower]: waypoint 3020 / 5251 도달 (선 이탈 0.00 m)
[velocity_path_follower.py-9] [INFO] [1786822954.989473030] [velocity_path_follower]: waypoint 3021 / 5251 도달 (선 이탈 0.00 m)
[velocity_path_follower.py-9] [INFO] [1786822955.289458637] [velocity_path_follower]: waypoint 3022 / 5251 도달 (선 이탈 0.00 m)
[velocity_path_follower.py-9] [INFO] [1786822955.639678052] [velocity_path_follower]: waypoint 3023 / 5251 도달 (선 이탈 0.00 m)
[velocity_path_follower.py-9] [INFO] [1786822955.989432402] [velocity_path_follower]: waypoint 3024 / 5251 도달 (선 이탈 0.00 m)
[velocity_path_follower.py-9] [INFO] [1786822956.339322638] [velocity_path_follower]: waypoint 3025 / 5251 도달 (선 이탈 0.00 m)
[velocity_path_follower.py-9] [INFO] [1786822956.689474136] [velocity_path_follower]: waypoint 3026 / 5251 도달 (선 이탈 0.00 m)
[velocity_path_follower.py-9] [INFO] [1786822957.039452252] [velocity_path_follower]: waypoint 3027 / 5251 도달 (선 이탈 0.00 m)
[velocity_path_follower.py-9] [INFO] [1786822957.289428777] [velocity_path_follower]: 1295.0s  wp 3028/5251 이탈0.0m  위치 (  59.29,  -110.10,   8.25)
[velocity_path_follower.py-9] [INFO] [1786822957.389406744] [velocity_path_follower]: waypoint 3028 / 5251 도달 (선 이탈 0.00 m)
[velocity_path_follower.py-9] [INFO] [1786822957.739377946] [velocity_path_follower]: waypoint 3029 / 5251 도달 (선 이탈 0.00 m)
[velocity_path_follower.py-9] [INFO] [1786822962.292089210] [velocity_path_follower]: 1300.0s  wp 3030/5251 이탈2.8m  위치 (  64.19,  -107.93,  11.04)
[velocity_path_follower.py-9] [INFO] [1786822962.741479876] [velocity_path_follower]: waypoint 3030 / 5251 도달 (선 이탈 2.89 m)
[velocity_path_follower.py-9] [INFO] [1786822967.291409870] [velocity_path_follower]: 1305.0s  wp 3032/5251 이탈1.3m  위치 (  62.70,  -104.76,  11.37)
[velocity_path_follower.py-9] [INFO] [1786822967.741544678] [velocity_path_follower]: waypoint 3032 / 5251 도달 (선 이탈 1.43 m)
[velocity_path_follower.py-9] [INFO] [1786822968.341656062] [velocity_path_follower]: waypoint 3033 / 5251 도달 (선 이탈 1.50 m)
[velocity_path_follower.py-9] [INFO] [1786822968.991510989] [velocity_path_follower]: waypoint 3034 / 5251 도달 (선 이탈 1.50 m)
[velocity_path_follower.py-9] [INFO] [1786822969.591492000] [velocity_path_follower]: waypoint 3035 / 5251 도달 (선 이탈 1.44 m)
[velocity_path_follower.py-9] [INFO] [1786822970.141585673] [velocity_path_follower]: waypoint 3036 / 5251 도달 (선 이탈 1.34 m)
[velocity_path_follower.py-9] [INFO] [1786822970.691558303] [velocity_path_follower]: waypoint 3037 / 5251 도달 (선 이탈 1.20 m)
[velocity_path_follower.py-9] [INFO] [1786822971.241584564] [velocity_path_follower]: waypoint 3038 / 5251 도달 (선 이탈 1.03 m)
[velocity_path_follower.py-9] [INFO] [1786822971.741665984] [velocity_path_follower]: waypoint 3039 / 5251 도달 (선 이탈 0.86 m)
[velocity_path_follower.py-9] [INFO] [1786822972.241568731] [velocity_path_follower]: waypoint 3040 / 5251 도달 (선 이탈 0.68 m)
[velocity_path_follower.py-9] [INFO] [1786822972.291567744] [velocity_path_follower]: 1310.0s  wp 3041/5251 이탈0.7m  위치 (  58.34,  -105.44,  10.01)
[velocity_path_follower.py-9] [INFO] [1786822972.741409520] [velocity_path_follower]: waypoint 3041 / 5251 도달 (선 이탈 0.48 m)
[velocity_path_follower.py-9] [INFO] [1786822973.241615579] [velocity_path_follower]: waypoint 3042 / 5251 도달 (선 이탈 0.29 m)
[velocity_path_follower.py-9] [INFO] [1786822973.691611741] [velocity_path_follower]: waypoint 3043 / 5251 도달 (선 이탈 0.11 m)
[velocity_path_follower.py-9] [INFO] [1786822974.141585988] [velocity_path_follower]: waypoint 3044 / 5251 도달 (선 이탈 0.05 m)
[velocity_path_follower.py-9] [INFO] [1786822974.591488526] [velocity_path_follower]: waypoint 3045 / 5251 도달 (선 이탈 0.20 m)
[velocity_path_follower.py-9] [INFO] [1786822974.991528640] [velocity_path_follower]: waypoint 3046 / 5251 도달 (선 이탈 0.32 m)
[velocity_path_follower.py-9] [INFO] [1786822975.391578341] [velocity_path_follower]: waypoint 3047 / 5251 도달 (선 이탈 0.43 m)
[velocity_path_follower.py-9] [INFO] [1786822975.841594264] [velocity_path_follower]: waypoint 3048 / 5251 도달 (선 이탈 0.53 m)
[velocity_path_follower.py-9] [INFO] [1786822976.241584424] [velocity_path_follower]: waypoint 3049 / 5251 도달 (선 이탈 0.60 m)
[velocity_path_follower.py-9] [INFO] [1786822976.641536583] [velocity_path_follower]: waypoint 3050 / 5251 도달 (선 이탈 0.65 m)
[velocity_path_follower.py-9] [INFO] [1786822977.041782215] [velocity_path_follower]: waypoint 3051 / 5251 도달 (선 이탈 0.69 m)
[velocity_path_follower.py-9] [INFO] [1786822977.291495321] [velocity_path_follower]: 1315.0s  wp 3052/5251 이탈0.7m  위치 (  52.56,  -106.80,  12.50)
[velocity_path_follower.py-9] [INFO] [1786822977.441625290] [velocity_path_follower]: waypoint 3052 / 5251 도달 (선 이탈 0.70 m)
[velocity_path_follower.py-9] [INFO] [1786822977.841947722] [velocity_path_follower]: waypoint 3053 / 5251 도달 (선 이탈 0.71 m)
[velocity_path_follower.py-9] [INFO] [1786822978.241937723] [velocity_path_follower]: waypoint 3054 / 5251 도달 (선 이탈 0.69 m)
[velocity_path_follower.py-9] [INFO] [1786822978.641527289] [velocity_path_follower]: waypoint 3055 / 5251 도달 (선 이탈 0.67 m)
[velocity_path_follower.py-9] [INFO] [1786822979.041662091] [velocity_path_follower]: waypoint 3056 / 5251 도달 (선 이탈 0.63 m)
[velocity_path_follower.py-9] [INFO] [1786822979.391608121] [velocity_path_follower]: waypoint 3057 / 5251 도달 (선 이탈 0.59 m)
[velocity_path_follower.py-9] [INFO] [1786822979.791552750] [velocity_path_follower]: waypoint 3058 / 5251 도달 (선 이탈 0.53 m)
[velocity_path_follower.py-9] [INFO] [1786822980.191531550] [velocity_path_follower]: waypoint 3059 / 5251 도달 (선 이탈 0.46 m)
[velocity_path_follower.py-9] [INFO] [1786822980.591644317] [velocity_path_follower]: waypoint 3060 / 5251 도달 (선 이탈 0.39 m)
[velocity_path_follower.py-9] [INFO] [1786822980.941465594] [velocity_path_follower]: waypoint 3061 / 5251 도달 (선 이탈 0.33 m)
[velocity_path_follower.py-9] [INFO] [1786822981.341669618] [velocity_path_follower]: waypoint 3062 / 5251 도달 (선 이탈 0.25 m)
[velocity_path_follower.py-9] [INFO] [1786822981.693228191] [velocity_path_follower]: waypoint 3063 / 5251 도달 (선 이탈 0.18 m)
[velocity_path_follower.py-9] [INFO] [1786822982.091640589] [velocity_path_follower]: waypoint 3064 / 5251 도달 (선 이탈 0.10 m)
[velocity_path_follower.py-9] [INFO] [1786822982.291337063] [velocity_path_follower]: 1320.0s  wp 3065/5251 이탈0.1m  위치 (  46.08,  -106.16,  14.24)
[velocity_path_follower.py-9] [INFO] [1786822982.441700051] [velocity_path_follower]: waypoint 3065 / 5251 도달 (선 이탈 0.04 m)
[velocity_path_follower.py-9] [INFO] [1786822982.841541230] [velocity_path_follower]: waypoint 3066 / 5251 도달 (선 이탈 0.04 m)
[velocity_path_follower.py-9] [INFO] [1786822983.191525232] [velocity_path_follower]: waypoint 3067 / 5251 도달 (선 이탈 0.10 m)
[velocity_path_follower.py-9] [INFO] [1786822983.542005801] [velocity_path_follower]: waypoint 3068 / 5251 도달 (선 이탈 0.15 m)
[velocity_path_follower.py-9] [INFO] [1786822983.941652933] [velocity_path_follower]: waypoint 3069 / 5251 도달 (선 이탈 0.21 m)
[velocity_path_follower.py-9] [INFO] [1786822984.291698484] [velocity_path_follower]: waypoint 3070 / 5251 도달 (선 이탈 0.25 m)
[velocity_path_follower.py-9] [INFO] [1786822984.691920022] [velocity_path_follower]: waypoint 3071 / 5251 도달 (선 이탈 0.29 m)
[velocity_path_follower.py-9] [INFO] [1786822985.041549096] [velocity_path_follower]: waypoint 3072 / 5251 도달 (선 이탈 0.32 m)
[velocity_path_follower.py-9] [INFO] [1786822985.391629487] [velocity_path_follower]: waypoint 3073 / 5251 도달 (선 이탈 0.34 m)
[velocity_path_follower.py-9] [INFO] [1786822985.741579621] [velocity_path_follower]: waypoint 3074 / 5251 도달 (선 이탈 0.36 m)
[velocity_path_follower.py-9] [INFO] [1786822986.092638601] [velocity_path_follower]: waypoint 3075 / 5251 도달 (선 이탈 0.37 m)
[velocity_path_follower.py-9] [INFO] [1786822986.491552501] [velocity_path_follower]: waypoint 3076 / 5251 도달 (선 이탈 0.37 m)
[velocity_path_follower.py-9] [INFO] [1786822986.841616519] [velocity_path_follower]: waypoint 3077 / 5251 도달 (선 이탈 0.36 m)
[velocity_path_follower.py-9] [INFO] [1786822987.191558783] [velocity_path_follower]: waypoint 3078 / 5251 도달 (선 이탈 0.35 m)
[velocity_path_follower.py-9] [INFO] [1786822987.291641828] [velocity_path_follower]: 1325.0s  wp 3079/5251 이탈0.3m  위치 (  39.23,  -105.75,   8.53)
[velocity_path_follower.py-9] [INFO] [1786822987.542514181] [velocity_path_follower]: waypoint 3079 / 5251 도달 (선 이탈 0.34 m)
[velocity_path_follower.py-9] [INFO] [1786822987.893758009] [velocity_path_follower]: waypoint 3080 / 5251 도달 (선 이탈 0.32 m)
[velocity_path_follower.py-9] [INFO] [1786822988.293880307] [velocity_path_follower]: waypoint 3081 / 5251 도달 (선 이탈 0.29 m)
[velocity_path_follower.py-9] [INFO] [1786822988.643924414] [velocity_path_follower]: waypoint 3082 / 5251 도달 (선 이탈 0.25 m)
[velocity_path_follower.py-9] [INFO] [1786822988.993652465] [velocity_path_follower]: waypoint 3083 / 5251 도달 (선 이탈 0.22 m)
[velocity_path_follower.py-9] [INFO] [1786822989.343629281] [velocity_path_follower]: waypoint 3084 / 5251 도달 (선 이탈 0.19 m)
[velocity_path_follower.py-9] [INFO] [1786822989.694279921] [velocity_path_follower]: waypoint 3085 / 5251 도달 (선 이탈 0.15 m)
[velocity_path_follower.py-9] [INFO] [1786822990.093677940] [velocity_path_follower]: waypoint 3086 / 5251 도달 (선 이탈 0.11 m)
[velocity_path_follower.py-9] [INFO] [1786822990.393845997] [velocity_path_follower]: waypoint 3087 / 5251 도달 (선 이탈 0.08 m)
[velocity_path_follower.py-9] [INFO] [1786822990.793667206] [velocity_path_follower]: waypoint 3088 / 5251 도달 (선 이탈 0.03 m)
[velocity_path_follower.py-9] [INFO] [1786822991.143995919] [velocity_path_follower]: waypoint 3089 / 5251 도달 (선 이탈 0.00 m)
[velocity_path_follower.py-9] [INFO] [1786822991.493866612] [velocity_path_follower]: waypoint 3090 / 5251 도달 (선 이탈 0.03 m)
[ros2-8] [INFO] [1786822991.783239154] [rosbag2_cpp]: Writing remaining messages from cache to the bag. It may take a while
[velocity_path_follower.py-9] [INFO] [1786822991.843986983] [velocity_path_follower]: waypoint 3091 / 5251 도달 (선 이탈 0.06 m)
[velocity_path_follower.py-9] [INFO] [1786822992.193655002] [velocity_path_follower]: waypoint 3092 / 5251 도달 (선 이탈 0.09 m)
[velocity_path_follower.py-9] [INFO] [1786822992.293652464] [velocity_path_follower]: 1330.0s  wp 3093/5251 이탈0.1m  위치 (  32.21,  -106.20,   7.14)
[velocity_path_follower.py-9] [INFO] [1786822992.543815962] [velocity_path_follower]: waypoint 3093 / 5251 도달 (선 이탈 0.12 m)
[velocity_path_follower.py-9] [INFO] [1786822992.893841499] [velocity_path_follower]: waypoint 3094 / 5251 도달 (선 이탈 0.14 m)
[velocity_path_follower.py-9] [INFO] [1786822993.243974252] [velocity_path_follower]: waypoint 3095 / 5251 도달 (선 이탈 0.16 m)
[velocity_path_follower.py-9] [INFO] [1786822993.593814992] [velocity_path_follower]: waypoint 3096 / 5251 도달 (선 이탈 0.17 m)
[velocity_path_follower.py-9] [INFO] [1786822993.943570895] [velocity_path_follower]: waypoint 3097 / 5251 도달 (선 이탈 0.18 m)
[velocity_path_follower.py-9] [INFO] [1786822994.293865076] [velocity_path_follower]: waypoint 3098 / 5251 도달 (선 이탈 0.19 m)
[velocity_path_follower.py-9] [INFO] [1786822994.643787990] [velocity_path_follower]: waypoint 3099 / 5251 도달 (선 이탈 0.19 m)
[velocity_path_follower.py-9] [INFO] [1786822994.993572523] [velocity_path_follower]: waypoint 3100 / 5251 도달 (선 이탈 0.19 m)
[velocity_path_follower.py-9] [INFO] [1786822995.344082468] [velocity_path_follower]: waypoint 3101 / 5251 도달 (선 이탈 0.19 m)
[velocity_path_follower.py-9] [INFO] [1786822995.693661911] [velocity_path_follower]: waypoint 3102 / 5251 도달 (선 이탈 0.18 m)
[velocity_path_follower.py-9] [INFO] [1786822996.043800339] [velocity_path_follower]: waypoint 3103 / 5251 도달 (선 이탈 0.17 m)
[velocity_path_follower.py-9] [INFO] [1786822996.393607463] [velocity_path_follower]: waypoint 3104 / 5251 도달 (선 이탈 0.16 m)
[velocity_path_follower.py-9] [INFO] [1786822996.743665765] [velocity_path_follower]: waypoint 3105 / 5251 도달 (선 이탈 0.15 m)
[velocity_path_follower.py-9] [INFO] [1786822997.093882951] [velocity_path_follower]: waypoint 3106 / 5251 도달 (선 이탈 0.13 m)
[velocity_path_follower.py-9] [INFO] [1786822997.293609665] [velocity_path_follower]: 1335.0s  wp 3107/5251 이탈0.1m  위치 (  25.09,  -106.22,   9.10)
[velocity_path_follower.py-9] [INFO] [1786822997.443659368] [velocity_path_follower]: waypoint 3107 / 5251 도달 (선 이탈 0.12 m)
[velocity_path_follower.py-9] [INFO] [1786822997.793585543] [velocity_path_follower]: waypoint 3108 / 5251 도달 (선 이탈 0.10 m)
[velocity_path_follower.py-9] [INFO] [1786822998.143661351] [velocity_path_follower]: waypoint 3109 / 5251 도달 (선 이탈 0.08 m)
[velocity_path_follower.py-9] [INFO] [1786822998.493746994] [velocity_path_follower]: waypoint 3110 / 5251 도달 (선 이탈 0.06 m)
[velocity_path_follower.py-9] [INFO] [1786822998.843759718] [velocity_path_follower]: waypoint 3111 / 5251 도달 (선 이탈 0.04 m)
[velocity_path_follower.py-9] [INFO] [1786822999.194659486] [velocity_path_follower]: waypoint 3112 / 5251 도달 (선 이탈 0.02 m)
[velocity_path_follower.py-9] [INFO] [1786822999.543751836] [velocity_path_follower]: waypoint 3113 / 5251 도달 (선 이탈 0.00 m)
[velocity_path_follower.py-9] [INFO] [1786822999.893621389] [velocity_path_follower]: waypoint 3114 / 5251 도달 (선 이탈 0.02 m)
[velocity_path_follower.py-9] [INFO] [1786823000.243666787] [velocity_path_follower]: waypoint 3115 / 5251 도달 (선 이탈 0.03 m)
[velocity_path_follower.py-9] [INFO] [1786823000.594072995] [velocity_path_follower]: waypoint 3116 / 5251 도달 (선 이탈 0.05 m)
[velocity_path_follower.py-9] [INFO] [1786823000.943826546] [velocity_path_follower]: waypoint 3117 / 5251 도달 (선 이탈 0.06 m)
[velocity_path_follower.py-9] [INFO] [1786823001.296229561] [velocity_path_follower]: waypoint 3118 / 5251 도달 (선 이탈 0.07 m)
[velocity_path_follower.py-9] [INFO] [1786823001.646294047] [velocity_path_follower]: waypoint 3119 / 5251 도달 (선 이탈 0.08 m)
[velocity_path_follower.py-9] [INFO] [1786823001.996251945] [velocity_path_follower]: waypoint 3120 / 5251 도달 (선 이탈 0.09 m)
[velocity_path_follower.py-9] [INFO] [1786823002.295961765] [velocity_path_follower]: 1340.0s  wp 3121/5251 이탈0.1m  위치 (  17.92,  -106.01,   8.31)
[velocity_path_follower.py-9] [INFO] [1786823002.346077506] [velocity_path_follower]: waypoint 3121 / 5251 도달 (선 이탈 0.09 m)
[velocity_path_follower.py-9] [INFO] [1786823002.696246459] [velocity_path_follower]: waypoint 3122 / 5251 도달 (선 이탈 0.10 m)
[velocity_path_follower.py-9] [INFO] [1786823003.046063896] [velocity_path_follower]: waypoint 3123 / 5251 도달 (선 이탈 0.10 m)
[velocity_path_follower.py-9] [INFO] [1786823003.396132931] [velocity_path_follower]: waypoint 3124 / 5251 도달 (선 이탈 0.10 m)
[velocity_path_follower.py-9] [INFO] [1786823003.746184632] [velocity_path_follower]: waypoint 3125 / 5251 도달 (선 이탈 0.10 m)
[velocity_path_follower.py-9] [INFO] [1786823004.046188385] [velocity_path_follower]: waypoint 3126 / 5251 도달 (선 이탈 0.09 m)
[velocity_path_follower.py-9] [INFO] [1786823004.398429445] [velocity_path_follower]: waypoint 3127 / 5251 도달 (선 이탈 0.09 m)
[velocity_path_follower.py-9] [INFO] [1786823004.796176567] [velocity_path_follower]: waypoint 3128 / 5251 도달 (선 이탈 0.08 m)
[velocity_path_follower.py-9] [INFO] [1786823005.096297705] [velocity_path_follower]: waypoint 3129 / 5251 도달 (선 이탈 0.08 m)
[velocity_path_follower.py-9] [INFO] [1786823005.496268229] [velocity_path_follower]: waypoint 3130 / 5251 도달 (선 이탈 0.07 m)
[velocity_path_follower.py-9] [INFO] [1786823005.796132232] [velocity_path_follower]: waypoint 3131 / 5251 도달 (선 이탈 0.06 m)
[velocity_path_follower.py-9] [INFO] [1786823006.146188191] [velocity_path_follower]: waypoint 3132 / 5251 도달 (선 이탈 0.05 m)
[velocity_path_follower.py-9] [INFO] [1786823006.496049226] [velocity_path_follower]: waypoint 3133 / 5251 도달 (선 이탈 0.04 m)
[velocity_path_follower.py-9] [INFO] [1786823006.846143897] [velocity_path_follower]: waypoint 3134 / 5251 도달 (선 이탈 0.03 m)
[velocity_path_follower.py-9] [INFO] [1786823007.196019726] [velocity_path_follower]: waypoint 3135 / 5251 도달 (선 이탈 0.02 m)
[velocity_path_follower.py-9] [INFO] [1786823007.296622774] [velocity_path_follower]: 1345.0s  wp 3136/5251 이탈0.0m  위치 (  10.72,  -106.08,   9.79)
[velocity_path_follower.py-9] [INFO] [1786823007.546212281] [velocity_path_follower]: waypoint 3136 / 5251 도달 (선 이탈 0.01 m)
[velocity_path_follower.py-9] [INFO] [1786823007.898427474] [velocity_path_follower]: waypoint 3137 / 5251 도달 (선 이탈 0.00 m)
[velocity_path_follower.py-9] [INFO] [1786823008.248372685] [velocity_path_follower]: waypoint 3138 / 5251 도달 (선 이탈 0.01 m)
[velocity_path_follower.py-9] [INFO] [1786823008.598480989] [velocity_path_follower]: waypoint 3139 / 5251 도달 (선 이탈 0.02 m)
[velocity_path_follower.py-9] [INFO] [1786823008.948514455] [velocity_path_follower]: waypoint 3140 / 5251 도달 (선 이탈 0.03 m)
[velocity_path_follower.py-9] [INFO] [1786823009.298442337] [velocity_path_follower]: waypoint 3141 / 5251 도달 (선 이탈 0.03 m)
[velocity_path_follower.py-9] [INFO] [1786823009.648489265] [velocity_path_follower]: waypoint 3142 / 5251 도달 (선 이탈 0.04 m)
[velocity_path_follower.py-9] [INFO] [1786823009.948879596] [velocity_path_follower]: waypoint 3143 / 5251 도달 (선 이탈 0.04 m)
[velocity_path_follower.py-9] [INFO] [1786823010.348353282] [velocity_path_follower]: waypoint 3144 / 5251 도달 (선 이탈 0.05 m)
[velocity_path_follower.py-9] [INFO] [1786823010.698489552] [velocity_path_follower]: waypoint 3145 / 5251 도달 (선 이탈 0.05 m)
[velocity_path_follower.py-9] [INFO] [1786823010.998527911] [velocity_path_follower]: waypoint 3146 / 5251 도달 (선 이탈 0.05 m)
[velocity_path_follower.py-9] [INFO] [1786823011.348601722] [velocity_path_follower]: waypoint 3147 / 5251 도달 (선 이탈 0.05 m)
[velocity_path_follower.py-9] [INFO] [1786823011.698429147] [velocity_path_follower]: waypoint 3148 / 5251 도달 (선 이탈 0.05 m)
[velocity_path_follower.py-9] [INFO] [1786823012.048549129] [velocity_path_follower]: waypoint 3149 / 5251 도달 (선 이탈 0.05 m)
[velocity_path_follower.py-9] [INFO] [1786823012.298204858] [velocity_path_follower]: 1350.0s  wp 3150/5251 이탈0.1m  위치 (   3.52,  -106.15,  10.33)
[velocity_path_follower.py-9] [INFO] [1786823012.398402767] [velocity_path_follower]: waypoint 3150 / 5251 도달 (선 이탈 0.05 m)
[velocity_path_follower.py-9] [INFO] [1786823012.748580045] [velocity_path_follower]: waypoint 3151 / 5251 도달 (선 이탈 0.05 m)
[velocity_path_follower.py-9] [INFO] [1786823013.098509604] [velocity_path_follower]: waypoint 3152 / 5251 도달 (선 이탈 0.05 m)
[velocity_path_follower.py-9] [INFO] [1786823013.448426040] [velocity_path_follower]: waypoint 3153 / 5251 도달 (선 이탈 0.04 m)
[velocity_path_follower.py-9] [INFO] [1786823013.798461357] [velocity_path_follower]: waypoint 3154 / 5251 도달 (선 이탈 0.04 m)
[velocity_path_follower.py-9] [INFO] [1786823014.148521926] [velocity_path_follower]: waypoint 3155 / 5251 도달 (선 이탈 0.03 m)
[velocity_path_follower.py-9] [INFO] [1786823014.498926930] [velocity_path_follower]: waypoint 3156 / 5251 도달 (선 이탈 0.03 m)
[velocity_path_follower.py-9] [INFO] [1786823014.848330761] [velocity_path_follower]: waypoint 3157 / 5251 도달 (선 이탈 0.03 m)
[velocity_path_follower.py-9] [INFO] [1786823015.198401627] [velocity_path_follower]: waypoint 3158 / 5251 도달 (선 이탈 0.02 m)
[velocity_path_follower.py-9] [INFO] [1786823015.548518412] [velocity_path_follower]: waypoint 3159 / 5251 도달 (선 이탈 0.01 m)
[velocity_path_follower.py-9] [INFO] [1786823015.898582028] [velocity_path_follower]: waypoint 3160 / 5251 도달 (선 이탈 0.01 m)
[velocity_path_follower.py-9] [INFO] [1786823016.198337806] [velocity_path_follower]: waypoint 3161 / 5251 도달 (선 이탈 0.00 m)
[velocity_path_follower.py-9] [INFO] [1786823016.598390293] [velocity_path_follower]: waypoint 3162 / 5251 도달 (선 이탈 0.00 m)
[velocity_path_follower.py-9] [INFO] [1786823017.298288315] [velocity_path_follower]: 1355.0s  climb       위치 (  -3.66,  -106.09,   5.90)
[velocity_path_follower.py-9] [INFO] [1786823021.098337117] [velocity_path_follower]: waypoint 3163 / 5251 도달 (선 이탈 0.04 m)
[velocity_path_follower.py-9] [INFO] [1786823021.148401782] [velocity_path_follower]: waypoint 3164 / 5251 도달 (선 이탈 0.04 m)
[velocity_path_follower.py-9] [INFO] [1786823021.198456447] [velocity_path_follower]: waypoint 3165 / 5251 도달 (선 이탈 0.04 m)
[velocity_path_follower.py-9] [INFO] [1786823021.248338478] [velocity_path_follower]: waypoint 3166 / 5251 도달 (선 이탈 0.04 m)
[velocity_path_follower.py-9] [INFO] [1786823021.298372350] [velocity_path_follower]: waypoint 3167 / 5251 도달 (선 이탈 0.04 m)
[velocity_path_follower.py-9] [INFO] [1786823021.348277465] [velocity_path_follower]: waypoint 3168 / 5251 도달 (선 이탈 0.04 m)
[velocity_path_follower.py-9] [INFO] [1786823021.398397799] [velocity_path_follower]: waypoint 3169 / 5251 도달 (선 이탈 0.04 m)
[velocity_path_follower.py-9] [INFO] [1786823021.448338833] [velocity_path_follower]: waypoint 3170 / 5251 도달 (선 이탈 0.04 m)
[velocity_path_follower.py-9] [INFO] [1786823021.498375872] [velocity_path_follower]: waypoint 3171 / 5251 도달 (선 이탈 0.04 m)
[velocity_path_follower.py-9] [INFO] [1786823021.848380047] [velocity_path_follower]: waypoint 3172 / 5251 도달 (선 이탈 0.04 m)
[velocity_path_follower.py-9] [INFO] [1786823022.298449884] [velocity_path_follower]: 1360.0s  wp 3173/5251 이탈0.0m  위치 (  -7.90,  -106.05,   7.38)
[velocity_path_follower.py-9] [INFO] [1786823022.648498273] [velocity_path_follower]: waypoint 3173 / 5251 도달 (선 이탈 0.05 m)
[velocity_path_follower.py-9] [INFO] [1786823023.298493551] [velocity_path_follower]: waypoint 3174 / 5251 도달 (선 이탈 0.04 m)
[velocity_path_follower.py-9] [INFO] [1786823023.898494838] [velocity_path_follower]: waypoint 3175 / 5251 도달 (선 이탈 0.04 m)
[velocity_path_follower.py-9] [INFO] [1786823024.498530839] [velocity_path_follower]: waypoint 3176 / 5251 도달 (선 이탈 0.03 m)
[velocity_path_follower.py-9] [INFO] [1786823024.998438508] [velocity_path_follower]: waypoint 3177 / 5251 도달 (선 이탈 0.03 m)
[velocity_path_follower.py-9] [INFO] [1786823025.548492519] [velocity_path_follower]: waypoint 3178 / 5251 도달 (선 이탈 0.02 m)
[velocity_path_follower.py-9] [INFO] [1786823025.998396988] [velocity_path_follower]: waypoint 3179 / 5251 도달 (선 이탈 0.01 m)
[velocity_path_follower.py-9] [INFO] [1786823026.498427756] [velocity_path_follower]: waypoint 3180 / 5251 도달 (선 이탈 0.01 m)
[velocity_path_follower.py-9] [INFO] [1786823026.948380480] [velocity_path_follower]: waypoint 3181 / 5251 도달 (선 이탈 0.00 m)
[velocity_path_follower.py-9] [INFO] [1786823027.298525514] [velocity_path_follower]: 1365.0s  wp 3182/5251 이탈0.0m  위치 ( -12.53,  -106.10,  10.25)
[velocity_path_follower.py-9] [INFO] [1786823027.398466840] [velocity_path_follower]: waypoint 3182 / 5251 도달 (선 이탈 0.00 m)
[velocity_path_follower.py-9] [INFO] [1786823027.798482283] [velocity_path_follower]: waypoint 3183 / 5251 도달 (선 이탈 0.01 m)
[velocity_path_follower.py-9] [INFO] [1786823028.248390262] [velocity_path_follower]: waypoint 3184 / 5251 도달 (선 이탈 0.01 m)
[velocity_path_follower.py-9] [INFO] [1786823028.698635926] [velocity_path_follower]: waypoint 3185 / 5251 도달 (선 이탈 0.02 m)
[velocity_path_follower.py-9] [INFO] [1786823029.098371318] [velocity_path_follower]: waypoint 3186 / 5251 도달 (선 이탈 0.02 m)
[velocity_path_follower.py-9] [INFO] [1786823029.498400018] [velocity_path_follower]: waypoint 3187 / 5251 도달 (선 이탈 0.02 m)
[velocity_path_follower.py-9] [INFO] [1786823029.898476846] [velocity_path_follower]: waypoint 3188 / 5251 도달 (선 이탈 0.02 m)
[velocity_path_follower.py-9] [INFO] [1786823030.298442171] [velocity_path_follower]: waypoint 3189 / 5251 도달 (선 이탈 0.02 m)
[velocity_path_follower.py-9] [INFO] [1786823030.698456166] [velocity_path_follower]: waypoint 3190 / 5251 도달 (선 이탈 0.03 m)
[velocity_path_follower.py-9] [INFO] [1786823031.098339072] [velocity_path_follower]: waypoint 3191 / 5251 도달 (선 이탈 0.03 m)
[velocity_path_follower.py-9] [INFO] [1786823031.448403574] [velocity_path_follower]: waypoint 3192 / 5251 도달 (선 이탈 0.02 m)
[velocity_path_follower.py-9] [INFO] [1786823031.848437032] [velocity_path_follower]: waypoint 3193 / 5251 도달 (선 이탈 0.02 m)
[velocity_path_follower.py-9] [INFO] [1786823032.248374987] [velocity_path_follower]: waypoint 3194 / 5251 도달 (선 이탈 0.02 m)
[velocity_path_follower.py-9] [INFO] [1786823032.298263149] [velocity_path_follower]: 1370.0s  wp 3195/5251 이탈0.0m  위치 ( -18.73,  -106.12,   9.59)
[velocity_path_follower.py-9] [INFO] [1786823032.598401698] [velocity_path_follower]: waypoint 3195 / 5251 도달 (선 이탈 0.02 m)
[velocity_path_follower.py-9] [INFO] [1786823032.948599168] [velocity_path_follower]: waypoint 3196 / 5251 도달 (선 이탈 0.02 m)
[velocity_path_follower.py-9] [INFO] [1786823033.348454874] [velocity_path_follower]: waypoint 3197 / 5251 도달 (선 이탈 0.02 m)
[velocity_path_follower.py-9] [INFO] [1786823033.748375750] [velocity_path_follower]: waypoint 3198 / 5251 도달 (선 이탈 0.01 m)
[velocity_path_follower.py-9] [INFO] [1786823034.098406257] [velocity_path_follower]: waypoint 3199 / 5251 도달 (선 이탈 0.01 m)
[velocity_path_follower.py-9] [INFO] [1786823034.498421850] [velocity_path_follower]: waypoint 3200 / 5251 도달 (선 이탈 0.01 m)
[velocity_path_follower.py-9] [INFO] [1786823034.848360688] [velocity_path_follower]: waypoint 3201 / 5251 도달 (선 이탈 0.01 m)
[velocity_path_follower.py-9] [INFO] [1786823035.198369990] [velocity_path_follower]: waypoint 3202 / 5251 도달 (선 이탈 0.00 m)
[velocity_path_follower.py-9] [INFO] [1786823035.598399795] [velocity_path_follower]: waypoint 3203 / 5251 도달 (선 이탈 0.00 m)
[velocity_path_follower.py-9] [INFO] [1786823035.948553606] [velocity_path_follower]: waypoint 3204 / 5251 도달 (선 이탈 0.00 m)
[velocity_path_follower.py-9] [INFO] [1786823036.298434863] [velocity_path_follower]: waypoint 3205 / 5251 도달 (선 이탈 0.00 m)
[velocity_path_follower.py-9] [INFO] [1786823036.648405209] [velocity_path_follower]: waypoint 3206 / 5251 도달 (선 이탈 0.01 m)
[velocity_path_follower.py-9] [INFO] [1786823036.998446850] [velocity_path_follower]: waypoint 3207 / 5251 도달 (선 이탈 0.01 m)
[velocity_path_follower.py-9] [INFO] [1786823037.298265981] [velocity_path_follower]: 1375.0s  wp 3208/5251 이탈0.0m  위치 ( -25.54,  -106.09,   7.09)
[velocity_path_follower.py-9] [INFO] [1786823037.398315197] [velocity_path_follower]: waypoint 3208 / 5251 도달 (선 이탈 0.01 m)
[velocity_path_follower.py-9] [INFO] [1786823037.748471805] [velocity_path_follower]: waypoint 3209 / 5251 도달 (선 이탈 0.01 m)
[velocity_path_follower.py-9] [INFO] [1786823038.098394778] [velocity_path_follower]: waypoint 3210 / 5251 도달 (선 이탈 0.01 m)
[velocity_path_follower.py-9] [INFO] [1786823041.948503976] [velocity_path_follower]: waypoint 3211 / 5251 도달 (선 이탈 0.02 m)
[velocity_path_follower.py-9] [INFO] [1786823041.998428394] [velocity_path_follower]: waypoint 3212 / 5251 도달 (선 이탈 0.02 m)
[velocity_path_follower.py-9] [INFO] [1786823042.049125599] [velocity_path_follower]: waypoint 3213 / 5251 도달 (선 이탈 0.02 m)
[velocity_path_follower.py-9] [INFO] [1786823042.098474197] [velocity_path_follower]: waypoint 3214 / 5251 도달 (선 이탈 0.02 m)
[velocity_path_follower.py-9] [INFO] [1786823042.148395573] [velocity_path_follower]: waypoint 3215 / 5251 도달 (선 이탈 0.02 m)
[velocity_path_follower.py-9] [INFO] [1786823042.198662132] [velocity_path_follower]: waypoint 3216 / 5251 도달 (선 이탈 0.02 m)
[velocity_path_follower.py-9] [INFO] [1786823042.248747183] [velocity_path_follower]: waypoint 3217 / 5251 도달 (선 이탈 0.02 m)
[velocity_path_follower.py-9] [INFO] [1786823042.298423880] [velocity_path_follower]: waypoint 3218 / 5251 도달 (선 이탈 0.02 m)
[velocity_path_follower.py-9] [INFO] [1786823042.348451553] [velocity_path_follower]: 1380.1s  wp 3219/5251 이탈0.0m  위치 ( -30.92,  -106.08,   6.70)
[velocity_path_follower.py-9] [INFO] [1786823042.648612630] [velocity_path_follower]: waypoint 3219 / 5251 도달 (선 이탈 0.02 m)
[velocity_path_follower.py-9] [INFO] [1786823043.398332191] [velocity_path_follower]: waypoint 3220 / 5251 도달 (선 이탈 0.02 m)
[velocity_path_follower.py-9] [INFO] [1786823043.998394839] [velocity_path_follower]: waypoint 3221 / 5251 도달 (선 이탈 0.01 m)
[velocity_path_follower.py-9] [INFO] [1786823044.598477243] [velocity_path_follower]: waypoint 3222 / 5251 도달 (선 이탈 0.01 m)
[velocity_path_follower.py-9] [INFO] [1786823045.148420303] [velocity_path_follower]: waypoint 3223 / 5251 도달 (선 이탈 0.01 m)
[velocity_path_follower.py-9] [INFO] [1786823045.698446787] [velocity_path_follower]: waypoint 3224 / 5251 도달 (선 이탈 0.01 m)
[velocity_path_follower.py-9] [INFO] [1786823046.198355428] [velocity_path_follower]: waypoint 3225 / 5251 도달 (선 이탈 0.01 m)
[velocity_path_follower.py-9] [INFO] [1786823046.648468617] [velocity_path_follower]: waypoint 3226 / 5251 도달 (선 이탈 0.00 m)
[velocity_path_follower.py-9] [INFO] [1786823047.098420757] [velocity_path_follower]: waypoint 3227 / 5251 도달 (선 이탈 0.00 m)
[velocity_path_follower.py-9] [INFO] [1786823047.298355282] [velocity_path_follower]: 1385.0s  wp 3228/5251 이탈0.0m  위치 ( -35.33,  -106.10,   7.42)
[velocity_path_follower.py-9] [INFO] [1786823047.548572577] [velocity_path_follower]: waypoint 3228 / 5251 도달 (선 이탈 0.00 m)
[velocity_path_follower.py-9] [INFO] [1786823047.998990701] [velocity_path_follower]: waypoint 3229 / 5251 도달 (선 이탈 0.00 m)
[velocity_path_follower.py-9] [INFO] [1786823048.448667752] [velocity_path_follower]: waypoint 3230 / 5251 도달 (선 이탈 0.00 m)
[velocity_path_follower.py-9] [INFO] [1786823048.848558805] [velocity_path_follower]: waypoint 3231 / 5251 도달 (선 이탈 0.01 m)
[velocity_path_follower.py-9] [INFO] [1786823052.298281779] [velocity_path_follower]: 1390.0s  wp 3232/5251 이탈1.9m  위치 ( -40.53,  -105.34,   6.44)
[velocity_path_follower.py-9] [INFO] [1786823056.298447578] [velocity_path_follower]: waypoint 3232 / 5251 도달 (선 이탈 2.82 m)
[velocity_path_follower.py-9] [INFO] [1786823057.298404962] [velocity_path_follower]: 1395.0s  wp 3234/5251 이탈0.8m  위치 ( -41.14,  -102.92,   6.96)
[velocity_path_follower.py-9] [INFO] [1786823059.998411723] [velocity_path_follower]: waypoint 3234 / 5251 도달 (선 이탈 0.75 m)
[velocity_path_follower.py-9] [INFO] [1786823061.548544915] [velocity_path_follower]: waypoint 3235 / 5251 도달 (선 이탈 1.25 m)
[velocity_path_follower.py-9] [INFO] [1786823061.598434798] [velocity_path_follower]: waypoint 3236 / 5251 도달 (선 이탈 1.26 m)
[velocity_path_follower.py-9] [INFO] [1786823061.998455653] [velocity_path_follower]: waypoint 3237 / 5251 도달 (선 이탈 1.37 m)
[velocity_path_follower.py-9] [INFO] [1786823062.298251348] [velocity_path_follower]: 1400.0s  wp 3238/5251 이탈1.4m  위치 ( -37.90,  -100.67,   6.61)
[velocity_path_follower.py-9] [INFO] [1786823062.748513274] [velocity_path_follower]: waypoint 3238 / 5251 도달 (선 이탈 1.48 m)
[velocity_path_follower.py-9] [INFO] [1786823063.448280038] [velocity_path_follower]: waypoint 3239 / 5251 도달 (선 이탈 1.50 m)
[velocity_path_follower.py-9] [INFO] [1786823064.098492645] [velocity_path_follower]: waypoint 3240 / 5251 도달 (선 이탈 1.44 m)
[velocity_path_follower.py-9] [INFO] [1786823064.698230096] [velocity_path_follower]: waypoint 3241 / 5251 도달 (선 이탈 1.33 m)
[velocity_path_follower.py-9] [INFO] [1786823065.320482519] [velocity_path_follower]: waypoint 3242 / 5251 도달 (선 이탈 1.19 m)
[velocity_path_follower.py-9] [INFO] [1786823065.887743895] [velocity_path_follower]: waypoint 3243 / 5251 도달 (선 이탈 1.02 m)
[velocity_path_follower.py-9] [INFO] [1786823066.437182450] [velocity_path_follower]: waypoint 3244 / 5251 도달 (선 이탈 0.83 m)
[velocity_path_follower.py-9] [INFO] [1786823066.937095222] [velocity_path_follower]: waypoint 3245 / 5251 도달 (선 이탈 0.64 m)
[velocity_path_follower.py-9] [INFO] [1786823067.337258062] [velocity_path_follower]: 1405.0s  wp 3246/5251 이탈0.5m  위치 ( -33.66,  -101.61,   6.84)
[velocity_path_follower.py-9] [INFO] [1786823067.437218966] [velocity_path_follower]: waypoint 3246 / 5251 도달 (선 이탈 0.45 m)
[velocity_path_follower.py-9] [INFO] [1786823067.937366296] [velocity_path_follower]: waypoint 3247 / 5251 도달 (선 이탈 0.25 m)
[velocity_path_follower.py-9] [INFO] [1786823068.387242516] [velocity_path_follower]: waypoint 3248 / 5251 도달 (선 이탈 0.09 m)
[velocity_path_follower.py-9] [INFO] [1786823068.837097028] [velocity_path_follower]: waypoint 3249 / 5251 도달 (선 이탈 0.08 m)
[velocity_path_follower.py-9] [INFO] [1786823069.287390105] [velocity_path_follower]: waypoint 3250 / 5251 도달 (선 이탈 0.23 m)
[velocity_path_follower.py-9] [INFO] [1786823069.737051903] [velocity_path_follower]: waypoint 3251 / 5251 도달 (선 이탈 0.36 m)
[velocity_path_follower.py-9] [INFO] [1786823070.137265129] [velocity_path_follower]: waypoint 3252 / 5251 도달 (선 이탈 0.46 m)
[velocity_path_follower.py-9] [INFO] [1786823070.537081421] [velocity_path_follower]: waypoint 3253 / 5251 도달 (선 이탈 0.54 m)
[velocity_path_follower.py-9] [INFO] [1786823070.987104616] [velocity_path_follower]: waypoint 3254 / 5251 도달 (선 이탈 0.61 m)
[velocity_path_follower.py-9] [INFO] [1786823071.387048668] [velocity_path_follower]: waypoint 3255 / 5251 도달 (선 이탈 0.66 m)
[velocity_path_follower.py-9] [INFO] [1786823071.787234690] [velocity_path_follower]: waypoint 3256 / 5251 도달 (선 이탈 0.69 m)
[velocity_path_follower.py-9] [INFO] [1786823072.187080197] [velocity_path_follower]: waypoint 3257 / 5251 도달 (선 이탈 0.71 m)
[velocity_path_follower.py-9] [INFO] [1786823072.337390181] [velocity_path_follower]: 1410.0s  wp 3258/5251 이탈0.7m  위치 ( -27.89,  -102.81,   9.28)
[velocity_path_follower.py-9] [INFO] [1786823072.587079088] [velocity_path_follower]: waypoint 3258 / 5251 도달 (선 이탈 0.70 m)
[velocity_path_follower.py-9] [INFO] [1786823072.987148233] [velocity_path_follower]: waypoint 3259 / 5251 도달 (선 이탈 0.69 m)
[velocity_path_follower.py-9] [INFO] [1786823073.387325094] [velocity_path_follower]: waypoint 3260 / 5251 도달 (선 이탈 0.66 m)
[velocity_path_follower.py-9] [INFO] [1786823073.787100270] [velocity_path_follower]: waypoint 3261 / 5251 도달 (선 이탈 0.62 m)
[velocity_path_follower.py-9] [INFO] [1786823074.187094832] [velocity_path_follower]: waypoint 3262 / 5251 도달 (선 이탈 0.57 m)
[velocity_path_follower.py-9] [INFO] [1786823074.536994707] [velocity_path_follower]: waypoint 3263 / 5251 도달 (선 이탈 0.52 m)
[velocity_path_follower.py-9] [INFO] [1786823074.937254118] [velocity_path_follower]: waypoint 3264 / 5251 도달 (선 이탈 0.45 m)
[velocity_path_follower.py-9] [INFO] [1786823075.337120387] [velocity_path_follower]: waypoint 3265 / 5251 도달 (선 이탈 0.38 m)
[velocity_path_follower.py-9] [INFO] [1786823075.737129331] [velocity_path_follower]: waypoint 3266 / 5251 도달 (선 이탈 0.30 m)
[velocity_path_follower.py-9] [INFO] [1786823076.087115963] [velocity_path_follower]: waypoint 3267 / 5251 도달 (선 이탈 0.23 m)
[velocity_path_follower.py-9] [INFO] [1786823076.487013030] [velocity_path_follower]: waypoint 3268 / 5251 도달 (선 이탈 0.16 m)
[velocity_path_follower.py-9] [INFO] [1786823076.837262469] [velocity_path_follower]: waypoint 3269 / 5251 도달 (선 이탈 0.09 m)
[velocity_path_follower.py-9] [INFO] [1786823077.237155079] [velocity_path_follower]: waypoint 3270 / 5251 도달 (선 이탈 0.01 m)
[velocity_path_follower.py-9] [INFO] [1786823077.337070614] [velocity_path_follower]: 1415.0s  wp 3271/5251 이탈0.0m  위치 ( -21.42,  -102.09,   9.00)
[velocity_path_follower.py-9] [INFO] [1786823077.587322892] [velocity_path_follower]: waypoint 3271 / 5251 도달 (선 이탈 0.05 m)
[velocity_path_follower.py-9] [INFO] [1786823077.987164750] [velocity_path_follower]: waypoint 3272 / 5251 도달 (선 이탈 0.12 m)
[velocity_path_follower.py-9] [INFO] [1786823078.337081054] [velocity_path_follower]: waypoint 3273 / 5251 도달 (선 이탈 0.17 m)
[velocity_path_follower.py-9] [INFO] [1786823078.737154427] [velocity_path_follower]: waypoint 3274 / 5251 도달 (선 이탈 0.22 m)
[velocity_path_follower.py-9] [INFO] [1786823079.087076607] [velocity_path_follower]: waypoint 3275 / 5251 도달 (선 이탈 0.26 m)
[velocity_path_follower.py-9] [INFO] [1786823079.437260344] [velocity_path_follower]: waypoint 3276 / 5251 도달 (선 이탈 0.30 m)
[velocity_path_follower.py-9] [INFO] [1786823079.787156899] [velocity_path_follower]: waypoint 3277 / 5251 도달 (선 이탈 0.32 m)
[velocity_path_follower.py-9] [INFO] [1786823080.187168441] [velocity_path_follower]: waypoint 3278 / 5251 도달 (선 이탈 0.34 m)
[velocity_path_follower.py-9] [INFO] [1786823080.537301053] [velocity_path_follower]: waypoint 3279 / 5251 도달 (선 이탈 0.35 m)
[velocity_path_follower.py-9] [INFO] [1786823080.887310992] [velocity_path_follower]: waypoint 3280 / 5251 도달 (선 이탈 0.36 m)
[velocity_path_follower.py-9] [INFO] [1786823081.237202344] [velocity_path_follower]: waypoint 3281 / 5251 도달 (선 이탈 0.36 m)
[velocity_path_follower.py-9] [INFO] [1786823081.637157430] [velocity_path_follower]: waypoint 3282 / 5251 도달 (선 이탈 0.35 m)
[velocity_path_follower.py-9] [INFO] [1786823081.987292420] [velocity_path_follower]: waypoint 3283 / 5251 도달 (선 이탈 0.33 m)
[velocity_path_follower.py-9] [INFO] [1786823082.337068895] [velocity_path_follower]: waypoint 3284 / 5251 도달 (선 이탈 0.32 m)
[velocity_path_follower.py-9] [INFO] [1786823082.387002163] [velocity_path_follower]: 1420.1s  wp 3285/5251 이탈0.3m  위치 ( -14.50,  -101.79,   9.00)
[velocity_path_follower.py-9] [INFO] [1786823082.687108425] [velocity_path_follower]: waypoint 3285 / 5251 도달 (선 이탈 0.29 m)
[velocity_path_follower.py-9] [INFO] [1786823083.037188873] [velocity_path_follower]: waypoint 3286 / 5251 도달 (선 이탈 0.27 m)
[velocity_path_follower.py-9] [INFO] [1786823083.387186820] [velocity_path_follower]: waypoint 3287 / 5251 도달 (선 이탈 0.24 m)
[velocity_path_follower.py-9] [INFO] [1786823083.737124223] [velocity_path_follower]: waypoint 3288 / 5251 도달 (선 이탈 0.20 m)
[velocity_path_follower.py-9] [INFO] [1786823084.137035439] [velocity_path_follower]: waypoint 3289 / 5251 도달 (선 이탈 0.16 m)
[velocity_path_follower.py-9] [INFO] [1786823084.487120560] [velocity_path_follower]: waypoint 3290 / 5251 도달 (선 이탈 0.13 m)
[velocity_path_follower.py-9] [INFO] [1786823084.837080717] [velocity_path_follower]: waypoint 3291 / 5251 도달 (선 이탈 0.09 m)
[velocity_path_follower.py-9] [INFO] [1786823085.187183757] [velocity_path_follower]: waypoint 3292 / 5251 도달 (선 이탈 0.06 m)
[velocity_path_follower.py-9] [INFO] [1786823085.537283507] [velocity_path_follower]: waypoint 3293 / 5251 도달 (선 이탈 0.02 m)
[velocity_path_follower.py-9] [INFO] [1786823085.887021822] [velocity_path_follower]: waypoint 3294 / 5251 도달 (선 이탈 0.01 m)
[velocity_path_follower.py-9] [INFO] [1786823086.237190452] [velocity_path_follower]: waypoint 3295 / 5251 도달 (선 이탈 0.04 m)
[velocity_path_follower.py-9] [INFO] [1786823086.587398085] [velocity_path_follower]: waypoint 3296 / 5251 도달 (선 이탈 0.07 m)
[velocity_path_follower.py-9] [INFO] [1786823086.937142778] [velocity_path_follower]: waypoint 3297 / 5251 도달 (선 이탈 0.10 m)
[velocity_path_follower.py-9] [INFO] [1786823087.337116717] [velocity_path_follower]: waypoint 3298 / 5251 도달 (선 이탈 0.12 m)
[velocity_path_follower.py-9] [INFO] [1786823087.387058947] [velocity_path_follower]: 1425.1s  wp 3299/5251 이탈0.1m  위치 (  -7.46,  -102.23,   8.35)
[velocity_path_follower.py-9] [INFO] [1786823087.637128111] [velocity_path_follower]: waypoint 3299 / 5251 도달 (선 이탈 0.14 m)
[velocity_path_follower.py-9] [INFO] [1786823088.039244739] [velocity_path_follower]: waypoint 3300 / 5251 도달 (선 이탈 0.16 m)
[velocity_path_follower.py-9] [INFO] [1786823088.339279845] [velocity_path_follower]: waypoint 3301 / 5251 도달 (선 이탈 0.17 m)
[velocity_path_follower.py-9] [INFO] [1786823088.739246079] [velocity_path_follower]: waypoint 3302 / 5251 도달 (선 이탈 0.18 m)
[velocity_path_follower.py-9] [INFO] [1786823089.039219099] [velocity_path_follower]: waypoint 3303 / 5251 도달 (선 이탈 0.19 m)
[velocity_path_follower.py-9] [INFO] [1786823089.439150543] [velocity_path_follower]: waypoint 3304 / 5251 도달 (선 이탈 0.19 m)
[velocity_path_follower.py-9] [INFO] [1786823089.789095588] [velocity_path_follower]: waypoint 3305 / 5251 도달 (선 이탈 0.19 m)
[velocity_path_follower.py-9] [INFO] [1786823090.141637636] [velocity_path_follower]: waypoint 3306 / 5251 도달 (선 이탈 0.18 m)
[velocity_path_follower.py-9] [INFO] [1786823092.345604698] [velocity_path_follower]: 1430.0s  climb       위치 (  -0.86,  -102.24,   5.99)
[velocity_path_follower.py-9] [INFO] [1786823093.595994994] [velocity_path_follower]: waypoint 3307 / 5251 도달 (선 이탈 0.12 m)
[velocity_path_follower.py-9] [INFO] [1786823093.645866223] [velocity_path_follower]: waypoint 3308 / 5251 도달 (선 이탈 0.12 m)
[velocity_path_follower.py-9] [INFO] [1786823093.695605486] [velocity_path_follower]: waypoint 3309 / 5251 도달 (선 이탈 0.12 m)
[velocity_path_follower.py-9] [INFO] [1786823093.745937654] [velocity_path_follower]: waypoint 3310 / 5251 도달 (선 이탈 0.12 m)
[velocity_path_follower.py-9] [INFO] [1786823093.795605706] [velocity_path_follower]: waypoint 3311 / 5251 도달 (선 이탈 0.12 m)
[velocity_path_follower.py-9] [INFO] [1786823093.845667818] [velocity_path_follower]: waypoint 3312 / 5251 도달 (선 이탈 0.12 m)
[velocity_path_follower.py-9] [INFO] [1786823093.895642885] [velocity_path_follower]: waypoint 3313 / 5251 도달 (선 이탈 0.12 m)
[velocity_path_follower.py-9] [INFO] [1786823093.946095017] [velocity_path_follower]: waypoint 3314 / 5251 도달 (선 이탈 0.12 m)
[velocity_path_follower.py-9] [INFO] [1786823094.595881478] [velocity_path_follower]: waypoint 3315 / 5251 도달 (선 이탈 0.11 m)
[velocity_path_follower.py-9] [INFO] [1786823095.247565451] [velocity_path_follower]: waypoint 3316 / 5251 도달 (선 이탈 0.10 m)
[velocity_path_follower.py-9] [INFO] [1786823095.848425235] [velocity_path_follower]: waypoint 3317 / 5251 도달 (선 이탈 0.08 m)
[velocity_path_follower.py-9] [INFO] [1786823096.347640596] [velocity_path_follower]: waypoint 3318 / 5251 도달 (선 이탈 0.06 m)
[velocity_path_follower.py-9] [INFO] [1786823096.897697818] [velocity_path_follower]: waypoint 3319 / 5251 도달 (선 이탈 0.05 m)
[velocity_path_follower.py-9] [INFO] [1786823097.349653622] [velocity_path_follower]: 1435.0s  wp 3320/5251 이탈0.0m  위치 (   3.38,  -102.13,   8.15)
[velocity_path_follower.py-9] [INFO] [1786823097.399505268] [velocity_path_follower]: waypoint 3320 / 5251 도달 (선 이탈 0.03 m)
[velocity_path_follower.py-9] [INFO] [1786823097.854115870] [velocity_path_follower]: waypoint 3321 / 5251 도달 (선 이탈 0.01 m)
[velocity_path_follower.py-9] [INFO] [1786823098.354252700] [velocity_path_follower]: waypoint 3322 / 5251 도달 (선 이탈 0.00 m)
[velocity_path_follower.py-9] [INFO] [1786823098.804211828] [velocity_path_follower]: waypoint 3323 / 5251 도달 (선 이탈 0.02 m)
[velocity_path_follower.py-9] [INFO] [1786823099.254166332] [velocity_path_follower]: waypoint 3324 / 5251 도달 (선 이탈 0.03 m)
[velocity_path_follower.py-9] [INFO] [1786823099.654267817] [velocity_path_follower]: waypoint 3325 / 5251 도달 (선 이탈 0.04 m)
[velocity_path_follower.py-9] [INFO] [1786823100.104699306] [velocity_path_follower]: waypoint 3326 / 5251 도달 (선 이탈 0.05 m)
[velocity_path_follower.py-9] [INFO] [1786823100.504116052] [velocity_path_follower]: waypoint 3327 / 5251 도달 (선 이탈 0.05 m)
[velocity_path_follower.py-9] [INFO] [1786823100.904352796] [velocity_path_follower]: waypoint 3328 / 5251 도달 (선 이탈 0.06 m)
[velocity_path_follower.py-9] [INFO] [1786823101.304132437] [velocity_path_follower]: waypoint 3329 / 5251 도달 (선 이탈 0.06 m)
[velocity_path_follower.py-9] [INFO] [1786823101.704119756] [velocity_path_follower]: waypoint 3330 / 5251 도달 (선 이탈 0.06 m)
[velocity_path_follower.py-9] [INFO] [1786823102.104760732] [velocity_path_follower]: waypoint 3331 / 5251 도달 (선 이탈 0.06 m)
[velocity_path_follower.py-9] [INFO] [1786823102.356609806] [velocity_path_follower]: 1440.0s  wp 3332/5251 이탈0.1m  위치 (   9.24,  -102.04,  10.32)
[velocity_path_follower.py-9] [INFO] [1786823102.506770487] [velocity_path_follower]: waypoint 3332 / 5251 도달 (선 이탈 0.06 m)
[velocity_path_follower.py-9] [INFO] [1786823102.906821770] [velocity_path_follower]: waypoint 3333 / 5251 도달 (선 이탈 0.06 m)
[velocity_path_follower.py-9] [INFO] [1786823103.256623930] [velocity_path_follower]: waypoint 3334 / 5251 도달 (선 이탈 0.06 m)
[velocity_path_follower.py-9] [INFO] [1786823103.656622589] [velocity_path_follower]: waypoint 3335 / 5251 도달 (선 이탈 0.05 m)
[velocity_path_follower.py-9] [INFO] [1786823104.058690766] [velocity_path_follower]: waypoint 3336 / 5251 도달 (선 이탈 0.05 m)
[velocity_path_follower.py-9] [INFO] [1786823104.408677231] [velocity_path_follower]: waypoint 3337 / 5251 도달 (선 이탈 0.04 m)
[velocity_path_follower.py-9] [INFO] [1786823104.808851401] [velocity_path_follower]: waypoint 3338 / 5251 도달 (선 이탈 0.03 m)
[velocity_path_follower.py-9] [INFO] [1786823105.158894370] [velocity_path_follower]: waypoint 3339 / 5251 도달 (선 이탈 0.03 m)
[velocity_path_follower.py-9] [INFO] [1786823105.558843824] [velocity_path_follower]: waypoint 3340 / 5251 도달 (선 이탈 0.02 m)
[velocity_path_follower.py-9] [INFO] [1786823105.908941463] [velocity_path_follower]: waypoint 3341 / 5251 도달 (선 이탈 0.01 m)
[velocity_path_follower.py-9] [INFO] [1786823106.258664919] [velocity_path_follower]: waypoint 3342 / 5251 도달 (선 이탈 0.01 m)
[velocity_path_follower.py-9] [INFO] [1786823106.608871108] [velocity_path_follower]: waypoint 3343 / 5251 도달 (선 이탈 0.00 m)
[velocity_path_follower.py-9] [INFO] [1786823107.008696018] [velocity_path_follower]: waypoint 3344 / 5251 도달 (선 이탈 0.00 m)
[velocity_path_follower.py-9] [INFO] [1786823107.358896876] [velocity_path_follower]: waypoint 3345 / 5251 도달 (선 이탈 0.01 m)
[velocity_path_follower.py-9] [INFO] [1786823107.408609352] [velocity_path_follower]: 1445.1s  wp 3346/5251 이탈0.0m  위치 (  16.01,  -102.11,  10.39)
[velocity_path_follower.py-9] [INFO] [1786823107.758678745] [velocity_path_follower]: waypoint 3346 / 5251 도달 (선 이탈 0.01 m)
[velocity_path_follower.py-9] [INFO] [1786823108.108799850] [velocity_path_follower]: waypoint 3347 / 5251 도달 (선 이탈 0.02 m)
[velocity_path_follower.py-9] [INFO] [1786823108.458686654] [velocity_path_follower]: waypoint 3348 / 5251 도달 (선 이탈 0.02 m)
[velocity_path_follower.py-9] [INFO] [1786823108.808637502] [velocity_path_follower]: waypoint 3349 / 5251 도달 (선 이탈 0.03 m)
[velocity_path_follower.py-9] [INFO] [1786823109.158866449] [velocity_path_follower]: waypoint 3350 / 5251 도달 (선 이탈 0.03 m)
[velocity_path_follower.py-9] [INFO] [1786823109.511000365] [velocity_path_follower]: waypoint 3351 / 5251 도달 (선 이탈 0.03 m)
[velocity_path_follower.py-9] [INFO] [1786823109.863588262] [velocity_path_follower]: waypoint 3352 / 5251 도달 (선 이탈 0.03 m)
[velocity_path_follower.py-9] [INFO] [1786823110.263892874] [velocity_path_follower]: waypoint 3353 / 5251 도달 (선 이탈 0.03 m)
[velocity_path_follower.py-9] [INFO] [1786823110.615752988] [velocity_path_follower]: waypoint 3354 / 5251 도달 (선 이탈 0.03 m)
[velocity_path_follower.py-9] [INFO] [1786823110.965827223] [velocity_path_follower]: waypoint 3355 / 5251 도달 (선 이탈 0.03 m)
[velocity_path_follower.py-9] [INFO] [1786823111.315782413] [velocity_path_follower]: waypoint 3356 / 5251 도달 (선 이탈 0.03 m)
[velocity_path_follower.py-9] [INFO] [1786823111.667959087] [velocity_path_follower]: waypoint 3357 / 5251 도달 (선 이탈 0.03 m)
[velocity_path_follower.py-9] [INFO] [1786823112.017644180] [velocity_path_follower]: waypoint 3358 / 5251 도달 (선 이탈 0.03 m)
[velocity_path_follower.py-9] [INFO] [1786823112.367632375] [velocity_path_follower]: waypoint 3359 / 5251 도달 (선 이탈 0.02 m)
[velocity_path_follower.py-9] [INFO] [1786823112.417530237] [velocity_path_follower]: 1450.1s  wp 3360/5251 이탈0.0m  위치 (  22.99,  -102.12,   7.53)
[velocity_path_follower.py-9] [INFO] [1786823112.717685739] [velocity_path_follower]: waypoint 3360 / 5251 도달 (선 이탈 0.02 m)
[velocity_path_follower.py-9] [INFO] [1786823113.067835526] [velocity_path_follower]: waypoint 3361 / 5251 도달 (선 이탈 0.02 m)
[velocity_path_follower.py-9] [INFO] [1786823113.417898102] [velocity_path_follower]: waypoint 3362 / 5251 도달 (선 이탈 0.02 m)
[velocity_path_follower.py-9] [INFO] [1786823113.767877798] [velocity_path_follower]: waypoint 3363 / 5251 도달 (선 이탈 0.01 m)
[velocity_path_follower.py-9] [INFO] [1786823114.118071131] [velocity_path_follower]: waypoint 3364 / 5251 도달 (선 이탈 0.01 m)
[velocity_path_follower.py-9] [INFO] [1786823114.468098667] [velocity_path_follower]: waypoint 3365 / 5251 도달 (선 이탈 0.01 m)
[velocity_path_follower.py-9] [INFO] [1786823114.868027482] [velocity_path_follower]: waypoint 3366 / 5251 도달 (선 이탈 0.00 m)
[velocity_path_follower.py-9] [INFO] [1786823115.167618420] [velocity_path_follower]: waypoint 3367 / 5251 도달 (선 이탈 0.00 m)
[velocity_path_follower.py-9] [INFO] [1786823115.567633243] [velocity_path_follower]: waypoint 3368 / 5251 도달 (선 이탈 0.00 m)
[velocity_path_follower.py-9] [INFO] [1786823115.867604285] [velocity_path_follower]: waypoint 3369 / 5251 도달 (선 이탈 0.01 m)
[velocity_path_follower.py-9] [INFO] [1786823116.267686404] [velocity_path_follower]: waypoint 3370 / 5251 도달 (선 이탈 0.01 m)
[velocity_path_follower.py-9] [INFO] [1786823116.570050524] [velocity_path_follower]: waypoint 3371 / 5251 도달 (선 이탈 0.01 m)
[velocity_path_follower.py-9] [INFO] [1786823116.920258323] [velocity_path_follower]: waypoint 3372 / 5251 도달 (선 이탈 0.01 m)
[velocity_path_follower.py-9] [INFO] [1786823117.270052771] [velocity_path_follower]: waypoint 3373 / 5251 도달 (선 이탈 0.01 m)
[velocity_path_follower.py-9] [INFO] [1786823117.369978964] [velocity_path_follower]: 1455.0s  wp 3374/5251 이탈0.0m  위치 (  30.06,  -102.08,   7.69)
[velocity_path_follower.py-9] [INFO] [1786823117.620188236] [velocity_path_follower]: waypoint 3374 / 5251 도달 (선 이탈 0.02 m)
[velocity_path_follower.py-9] [INFO] [1786823117.970176611] [velocity_path_follower]: waypoint 3375 / 5251 도달 (선 이탈 0.02 m)
[velocity_path_follower.py-9] [INFO] [1786823118.320228075] [velocity_path_follower]: waypoint 3376 / 5251 도달 (선 이탈 0.02 m)
[velocity_path_follower.py-9] [INFO] [1786823118.670363793] [velocity_path_follower]: waypoint 3377 / 5251 도달 (선 이탈 0.02 m)
[velocity_path_follower.py-9] [INFO] [1786823119.020198704] [velocity_path_follower]: waypoint 3378 / 5251 도달 (선 이탈 0.02 m)
[velocity_path_follower.py-9] [INFO] [1786823119.370210794] [velocity_path_follower]: waypoint 3379 / 5251 도달 (선 이탈 0.02 m)
[velocity_path_follower.py-9] [INFO] [1786823119.720320721] [velocity_path_follower]: waypoint 3380 / 5251 도달 (선 이탈 0.02 m)
[velocity_path_follower.py-9] [INFO] [1786823120.070189763] [velocity_path_follower]: waypoint 3381 / 5251 도달 (선 이탈 0.02 m)
[velocity_path_follower.py-9] [INFO] [1786823120.420205272] [velocity_path_follower]: waypoint 3382 / 5251 도달 (선 이탈 0.01 m)
[velocity_path_follower.py-9] [INFO] [1786823120.770298160] [velocity_path_follower]: waypoint 3383 / 5251 도달 (선 이탈 0.01 m)
[velocity_path_follower.py-9] [INFO] [1786823121.120141703] [velocity_path_follower]: waypoint 3384 / 5251 도달 (선 이탈 0.01 m)
[velocity_path_follower.py-9] [INFO] [1786823121.470183799] [velocity_path_follower]: waypoint 3385 / 5251 도달 (선 이탈 0.01 m)
[velocity_path_follower.py-9] [INFO] [1786823121.820142058] [velocity_path_follower]: waypoint 3386 / 5251 도달 (선 이탈 0.01 m)
[velocity_path_follower.py-9] [INFO] [1786823122.170980029] [velocity_path_follower]: waypoint 3387 / 5251 도달 (선 이탈 0.01 m)
[velocity_path_follower.py-9] [INFO] [1786823122.370320730] [velocity_path_follower]: 1460.0s  wp 3388/5251 이탈0.0m  위치 (  37.24,  -102.09,  12.92)
[velocity_path_follower.py-9] [INFO] [1786823122.520072331] [velocity_path_follower]: waypoint 3388 / 5251 도달 (선 이탈 0.01 m)
[velocity_path_follower.py-9] [INFO] [1786823122.872344414] [velocity_path_follower]: waypoint 3389 / 5251 도달 (선 이탈 0.00 m)
[velocity_path_follower.py-9] [INFO] [1786823123.222299469] [velocity_path_follower]: waypoint 3390 / 5251 도달 (선 이탈 0.00 m)
[velocity_path_follower.py-9] [INFO] [1786823123.522436413] [velocity_path_follower]: waypoint 3391 / 5251 도달 (선 이탈 0.00 m)
[velocity_path_follower.py-9] [INFO] [1786823123.872454305] [velocity_path_follower]: waypoint 3392 / 5251 도달 (선 이탈 0.00 m)
[velocity_path_follower.py-9] [INFO] [1786823124.272539824] [velocity_path_follower]: waypoint 3393 / 5251 도달 (선 이탈 0.00 m)
[velocity_path_follower.py-9] [INFO] [1786823124.572284584] [velocity_path_follower]: waypoint 3394 / 5251 도달 (선 이탈 0.00 m)
[velocity_path_follower.py-9] [INFO] [1786823124.922523198] [velocity_path_follower]: waypoint 3395 / 5251 도달 (선 이탈 0.01 m)
[velocity_path_follower.py-9] [INFO] [1786823125.272331834] [velocity_path_follower]: waypoint 3396 / 5251 도달 (선 이탈 0.01 m)
[velocity_path_follower.py-9] [INFO] [1786823125.622387234] [velocity_path_follower]: waypoint 3397 / 5251 도달 (선 이탈 0.01 m)
[velocity_path_follower.py-9] [INFO] [1786823125.972287959] [velocity_path_follower]: waypoint 3398 / 5251 도달 (선 이탈 0.01 m)
[velocity_path_follower.py-9] [INFO] [1786823126.322316317] [velocity_path_follower]: waypoint 3399 / 5251 도달 (선 이탈 0.01 m)
[velocity_path_follower.py-9] [INFO] [1786823126.672419263] [velocity_path_follower]: waypoint 3400 / 5251 도달 (선 이탈 0.01 m)
[velocity_path_follower.py-9] [INFO] [1786823127.022358243] [velocity_path_follower]: waypoint 3401 / 5251 도달 (선 이탈 0.01 m)
[velocity_path_follower.py-9] [INFO] [1786823127.372361979] [velocity_path_follower]: waypoint 3402 / 5251 도달 (선 이탈 0.01 m)
[velocity_path_follower.py-9] [INFO] [1786823127.422430563] [velocity_path_follower]: 1465.1s  wp 3403/5251 이탈0.0m  위치 (  44.53,  -102.11,  14.58)
[velocity_path_follower.py-9] [INFO] [1786823127.722357047] [velocity_path_follower]: waypoint 3403 / 5251 도달 (선 이탈 0.01 m)
[velocity_path_follower.py-9] [INFO] [1786823128.072243319] [velocity_path_follower]: waypoint 3404 / 5251 도달 (선 이탈 0.01 m)
[velocity_path_follower.py-9] [INFO] [1786823128.422409023] [velocity_path_follower]: waypoint 3405 / 5251 도달 (선 이탈 0.01 m)
[velocity_path_follower.py-9] [INFO] [1786823128.772462264] [velocity_path_follower]: waypoint 3406 / 5251 도달 (선 이탈 0.01 m)
[velocity_path_follower.py-9] [INFO] [1786823129.122511380] [velocity_path_follower]: waypoint 3407 / 5251 도달 (선 이탈 0.01 m)
[velocity_path_follower.py-9] [INFO] [1786823129.422421659] [velocity_path_follower]: waypoint 3408 / 5251 도달 (선 이탈 0.01 m)
[velocity_path_follower.py-9] [INFO] [1786823129.772222682] [velocity_path_follower]: waypoint 3409 / 5251 도달 (선 이탈 0.01 m)
[velocity_path_follower.py-9] [INFO] [1786823130.122535188] [velocity_path_follower]: waypoint 3410 / 5251 도달 (선 이탈 0.00 m)
[velocity_path_follower.py-9] [INFO] [1786823130.472412634] [velocity_path_follower]: waypoint 3411 / 5251 도달 (선 이탈 0.00 m)
[velocity_path_follower.py-9] [INFO] [1786823130.824408017] [velocity_path_follower]: waypoint 3412 / 5251 도달 (선 이탈 0.00 m)
[velocity_path_follower.py-9] [INFO] [1786823131.174337591] [velocity_path_follower]: waypoint 3413 / 5251 도달 (선 이탈 0.00 m)
[velocity_path_follower.py-9] [INFO] [1786823131.524308752] [velocity_path_follower]: waypoint 3414 / 5251 도달 (선 이탈 0.00 m)
[velocity_path_follower.py-9] [INFO] [1786823131.874431212] [velocity_path_follower]: waypoint 3415 / 5251 도달 (선 이탈 0.00 m)
[velocity_path_follower.py-9] [INFO] [1786823132.224441752] [velocity_path_follower]: waypoint 3416 / 5251 도달 (선 이탈 0.00 m)
[velocity_path_follower.py-9] [INFO] [1786823132.374293494] [velocity_path_follower]: 1470.0s  wp 3417/5251 이탈0.0m  위치 (  51.66,  -102.10,  12.39)
[velocity_path_follower.py-9] [INFO] [1786823132.574431833] [velocity_path_follower]: waypoint 3417 / 5251 도달 (선 이탈 0.00 m)
[velocity_path_follower.py-9] [INFO] [1786823132.924451124] [velocity_path_follower]: waypoint 3418 / 5251 도달 (선 이탈 0.00 m)
[velocity_path_follower.py-9] [INFO] [1786823133.274385871] [velocity_path_follower]: waypoint 3419 / 5251 도달 (선 이탈 0.00 m)
[velocity_path_follower.py-9] [INFO] [1786823133.624421041] [velocity_path_follower]: waypoint 3420 / 5251 도달 (선 이탈 0.00 m)
[velocity_path_follower.py-9] [INFO] [1786823133.974376456] [velocity_path_follower]: waypoint 3421 / 5251 도달 (선 이탈 0.00 m)
[velocity_path_follower.py-9] [INFO] [1786823134.324320123] [velocity_path_follower]: waypoint 3422 / 5251 도달 (선 이탈 0.00 m)
[velocity_path_follower.py-9] [INFO] [1786823134.674400381] [velocity_path_follower]: waypoint 3423 / 5251 도달 (선 이탈 0.01 m)
[velocity_path_follower.py-9] [INFO] [1786823134.974461887] [velocity_path_follower]: waypoint 3424 / 5251 도달 (선 이탈 0.01 m)
[velocity_path_follower.py-9] [INFO] [1786823135.374378557] [velocity_path_follower]: waypoint 3425 / 5251 도달 (선 이탈 0.01 m)
[velocity_path_follower.py-9] [INFO] [1786823135.674408980] [velocity_path_follower]: waypoint 3426 / 5251 도달 (선 이탈 0.01 m)
[velocity_path_follower.py-9] [INFO] [1786823136.024454489] [velocity_path_follower]: waypoint 3427 / 5251 도달 (선 이탈 0.01 m)
[velocity_path_follower.py-9] [INFO] [1786823136.374384036] [velocity_path_follower]: waypoint 3428 / 5251 도달 (선 이탈 0.01 m)
[velocity_path_follower.py-9] [INFO] [1786823136.724357252] [velocity_path_follower]: waypoint 3429 / 5251 도달 (선 이탈 0.01 m)
[velocity_path_follower.py-9] [INFO] [1786823137.074393679] [velocity_path_follower]: waypoint 3430 / 5251 도달 (선 이탈 0.01 m)
[velocity_path_follower.py-9] [INFO] [1786823137.374516654] [velocity_path_follower]: 1475.0s  wp 3431/5251 이탈0.0m  위치 (  58.87,  -102.10,  12.09)
[velocity_path_follower.py-9] [INFO] [1786823137.424378065] [velocity_path_follower]: waypoint 3431 / 5251 도달 (선 이탈 0.00 m)
[velocity_path_follower.py-9] [INFO] [1786823137.774289155] [velocity_path_follower]: waypoint 3432 / 5251 도달 (선 이탈 0.00 m)
[velocity_path_follower.py-9] [INFO] [1786823138.124389298] [velocity_path_follower]: waypoint 3433 / 5251 도달 (선 이탈 0.00 m)
[velocity_path_follower.py-9] [INFO] [1786823142.374343812] [velocity_path_follower]: 1480.0s  wp 3434/5251 이탈2.7m  위치 (  64.12,  -100.19,  10.43)
[velocity_path_follower.py-9] [INFO] [1786823143.174414039] [velocity_path_follower]: waypoint 3434 / 5251 도달 (선 이탈 2.92 m)
[velocity_path_follower.py-9] [INFO] [1786823147.374951192] [velocity_path_follower]: 1485.0s  wp 3436/5251 이탈1.2m  위치 (  62.90,   -96.89,  10.66)
[velocity_path_follower.py-9] [INFO] [1786823148.074448742] [velocity_path_follower]: waypoint 3436 / 5251 도달 (선 이탈 1.39 m)
[velocity_path_follower.py-9] [INFO] [1786823148.724309267] [velocity_path_follower]: waypoint 3437 / 5251 도달 (선 이탈 1.46 m)
[velocity_path_follower.py-9] [INFO] [1786823149.324293544] [velocity_path_follower]: waypoint 3438 / 5251 도달 (선 이탈 1.47 m)
[velocity_path_follower.py-9] [INFO] [1786823149.874355280] [velocity_path_follower]: waypoint 3439 / 5251 도달 (선 이탈 1.42 m)
[velocity_path_follower.py-9] [INFO] [1786823150.476625926] [velocity_path_follower]: waypoint 3440 / 5251 도달 (선 이탈 1.32 m)
[velocity_path_follower.py-9] [INFO] [1786823151.026505824] [velocity_path_follower]: waypoint 3441 / 5251 도달 (선 이탈 1.19 m)
[velocity_path_follower.py-9] [INFO] [1786823151.526531017] [velocity_path_follower]: waypoint 3442 / 5251 도달 (선 이탈 1.05 m)
[velocity_path_follower.py-9] [INFO] [1786823152.026695635] [velocity_path_follower]: waypoint 3443 / 5251 도달 (선 이탈 0.88 m)
[velocity_path_follower.py-9] [INFO] [1786823152.376485924] [velocity_path_follower]: 1490.0s  wp 3444/5251 이탈0.8m  위치 (  58.55,   -97.34,  11.26)
[velocity_path_follower.py-9] [INFO] [1786823152.576541455] [velocity_path_follower]: waypoint 3444 / 5251 도달 (선 이탈 0.68 m)
[velocity_path_follower.py-9] [INFO] [1786823153.026444056] [velocity_path_follower]: waypoint 3445 / 5251 도달 (선 이탈 0.51 m)
[velocity_path_follower.py-9] [INFO] [1786823153.526595305] [velocity_path_follower]: waypoint 3446 / 5251 도달 (선 이탈 0.31 m)
[velocity_path_follower.py-9] [INFO] [1786823153.976466949] [velocity_path_follower]: waypoint 3447 / 5251 도달 (선 이탈 0.15 m)
[velocity_path_follower.py-9] [INFO] [1786823154.426507854] [velocity_path_follower]: waypoint 3448 / 5251 도달 (선 이탈 0.01 m)
[velocity_path_follower.py-9] [INFO] [1786823154.876477339] [velocity_path_follower]: waypoint 3449 / 5251 도달 (선 이탈 0.17 m)
[velocity_path_follower.py-9] [INFO] [1786823155.276523990] [velocity_path_follower]: waypoint 3450 / 5251 도달 (선 이탈 0.29 m)
[velocity_path_follower.py-9] [INFO] [1786823155.726437892] [velocity_path_follower]: waypoint 3451 / 5251 도달 (선 이탈 0.41 m)
[velocity_path_follower.py-9] [INFO] [1786823156.126633676] [velocity_path_follower]: waypoint 3452 / 5251 도달 (선 이탈 0.50 m)
[velocity_path_follower.py-9] [INFO] [1786823156.526518781] [velocity_path_follower]: waypoint 3453 / 5251 도달 (선 이탈 0.57 m)
[velocity_path_follower.py-9] [INFO] [1786823156.926440428] [velocity_path_follower]: waypoint 3454 / 5251 도달 (선 이탈 0.63 m)
[velocity_path_follower.py-9] [INFO] [1786823157.326748014] [velocity_path_follower]: waypoint 3455 / 5251 도달 (선 이탈 0.67 m)
[velocity_path_follower.py-9] [INFO] [1786823157.376417048] [velocity_path_follower]: 1495.0s  wp 3456/5251 이탈0.7m  위치 (  52.82,   -98.77,  12.79)
[velocity_path_follower.py-9] [INFO] [1786823157.726457446] [velocity_path_follower]: waypoint 3456 / 5251 도달 (선 이탈 0.69 m)
[velocity_path_follower.py-9] [INFO] [1786823158.126402890] [velocity_path_follower]: waypoint 3457 / 5251 도달 (선 이탈 0.70 m)
[velocity_path_follower.py-9] [INFO] [1786823158.526486968] [velocity_path_follower]: waypoint 3458 / 5251 도달 (선 이탈 0.69 m)
[velocity_path_follower.py-9] [INFO] [1786823158.926506084] [velocity_path_follower]: waypoint 3459 / 5251 도달 (선 이탈 0.67 m)
[velocity_path_follower.py-9] [INFO] [1786823159.326690420] [velocity_path_follower]: waypoint 3460 / 5251 도달 (선 이탈 0.64 m)
[velocity_path_follower.py-9] [INFO] [1786823159.676456892] [velocity_path_follower]: waypoint 3461 / 5251 도달 (선 이탈 0.60 m)
[velocity_path_follower.py-9] [INFO] [1786823160.076501430] [velocity_path_follower]: waypoint 3462 / 5251 도달 (선 이탈 0.54 m)
[velocity_path_follower.py-9] [INFO] [1786823160.476617057] [velocity_path_follower]: waypoint 3463 / 5251 도달 (선 이탈 0.48 m)
[velocity_path_follower.py-9] [INFO] [1786823160.884413604] [velocity_path_follower]: waypoint 3464 / 5251 도달 (선 이탈 0.41 m)
[velocity_path_follower.py-9] [INFO] [1786823161.234491513] [velocity_path_follower]: waypoint 3465 / 5251 도달 (선 이탈 0.35 m)
[velocity_path_follower.py-9] [INFO] [1786823161.634482011] [velocity_path_follower]: waypoint 3466 / 5251 도달 (선 이탈 0.27 m)
[velocity_path_follower.py-9] [INFO] [1786823161.984500876] [velocity_path_follower]: waypoint 3467 / 5251 도달 (선 이탈 0.20 m)
[velocity_path_follower.py-9] [INFO] [1786823162.384522379] [velocity_path_follower]: waypoint 3468 / 5251 도달 (선 이탈 0.12 m)
[velocity_path_follower.py-9] [INFO] [1786823162.434539974] [velocity_path_follower]: 1500.1s  wp 3469/5251 이탈0.1m  위치 (  46.27,   -98.21,  13.93)
[velocity_path_follower.py-9] [INFO] [1786823162.784640928] [velocity_path_follower]: waypoint 3469 / 5251 도달 (선 이탈 0.05 m)
[velocity_path_follower.py-9] [INFO] [1786823163.134431868] [velocity_path_follower]: waypoint 3470 / 5251 도달 (선 이탈 0.02 m)
[velocity_path_follower.py-9] [INFO] [1786823163.484581494] [velocity_path_follower]: waypoint 3471 / 5251 도달 (선 이탈 0.08 m)
[velocity_path_follower.py-9] [INFO] [1786823163.884645752] [velocity_path_follower]: waypoint 3472 / 5251 도달 (선 이탈 0.14 m)
[velocity_path_follower.py-9] [INFO] [1786823164.234574619] [velocity_path_follower]: waypoint 3473 / 5251 도달 (선 이탈 0.19 m)
[velocity_path_follower.py-9] [INFO] [1786823164.586771724] [velocity_path_follower]: waypoint 3474 / 5251 도달 (선 이탈 0.23 m)
[velocity_path_follower.py-9] [INFO] [1786823164.986663517] [velocity_path_follower]: waypoint 3475 / 5251 도달 (선 이탈 0.28 m)
[velocity_path_follower.py-9] [INFO] [1786823165.337067369] [velocity_path_follower]: waypoint 3476 / 5251 도달 (선 이탈 0.31 m)
[velocity_path_follower.py-9] [INFO] [1786823165.686626013] [velocity_path_follower]: waypoint 3477 / 5251 도달 (선 이탈 0.33 m)
[velocity_path_follower.py-9] [INFO] [1786823166.036879357] [velocity_path_follower]: waypoint 3478 / 5251 도달 (선 이탈 0.35 m)
[velocity_path_follower.py-9] [INFO] [1786823166.386774311] [velocity_path_follower]: waypoint 3479 / 5251 도달 (선 이탈 0.36 m)
[velocity_path_follower.py-9] [INFO] [1786823166.786789742] [velocity_path_follower]: waypoint 3480 / 5251 도달 (선 이탈 0.36 m)
[velocity_path_follower.py-9] [INFO] [1786823167.136893707] [velocity_path_follower]: waypoint 3481 / 5251 도달 (선 이탈 0.36 m)
[velocity_path_follower.py-9] [INFO] [1786823167.386549544] [velocity_path_follower]: 1505.0s  wp 3482/5251 이탈0.3m  위치 (  39.51,   -97.75,  12.38)
[velocity_path_follower.py-9] [INFO] [1786823167.486834583] [velocity_path_follower]: waypoint 3482 / 5251 도달 (선 이탈 0.35 m)
[velocity_path_follower.py-9] [INFO] [1786823167.837066015] [velocity_path_follower]: waypoint 3483 / 5251 도달 (선 이탈 0.33 m)
[velocity_path_follower.py-9] [INFO] [1786823168.186629248] [velocity_path_follower]: waypoint 3484 / 5251 도달 (선 이탈 0.31 m)
[velocity_path_follower.py-9] [INFO] [1786823168.589565078] [velocity_path_follower]: waypoint 3485 / 5251 도달 (선 이탈 0.28 m)
[velocity_path_follower.py-9] [INFO] [1786823168.939562417] [velocity_path_follower]: waypoint 3486 / 5251 도달 (선 이탈 0.25 m)
[velocity_path_follower.py-9] [INFO] [1786823169.290205790] [velocity_path_follower]: waypoint 3487 / 5251 도달 (선 이탈 0.22 m)
[velocity_path_follower.py-9] [INFO] [1786823169.639974412] [velocity_path_follower]: waypoint 3488 / 5251 도달 (선 이탈 0.19 m)
[velocity_path_follower.py-9] [INFO] [1786823169.989969045] [velocity_path_follower]: waypoint 3489 / 5251 도달 (선 이탈 0.15 m)
[velocity_path_follower.py-9] [INFO] [1786823170.339690042] [velocity_path_follower]: waypoint 3490 / 5251 도달 (선 이탈 0.12 m)
[velocity_path_follower.py-9] [INFO] [1786823170.689695845] [velocity_path_follower]: waypoint 3491 / 5251 도달 (선 이탈 0.08 m)
[velocity_path_follower.py-9] [INFO] [1786823171.091669134] [velocity_path_follower]: waypoint 3492 / 5251 도달 (선 이탈 0.04 m)
[velocity_path_follower.py-9] [INFO] [1786823171.391896645] [velocity_path_follower]: waypoint 3493 / 5251 도달 (선 이탈 0.01 m)
[velocity_path_follower.py-9] [INFO] [1786823171.791674577] [velocity_path_follower]: waypoint 3494 / 5251 도달 (선 이탈 0.03 m)
[velocity_path_follower.py-9] [INFO] [1786823172.141638131] [velocity_path_follower]: waypoint 3495 / 5251 도달 (선 이탈 0.06 m)
[velocity_path_follower.py-9] [INFO] [1786823172.391504029] [velocity_path_follower]: 1510.0s  wp 3496/5251 이탈0.1m  위치 (  32.48,   -98.18,  11.40)
[velocity_path_follower.py-9] [INFO] [1786823172.491952579] [velocity_path_follower]: waypoint 3496 / 5251 도달 (선 이탈 0.08 m)
[velocity_path_follower.py-9] [INFO] [1786823172.841800087] [velocity_path_follower]: waypoint 3497 / 5251 도달 (선 이탈 0.11 m)
[velocity_path_follower.py-9] [INFO] [1786823173.191778645] [velocity_path_follower]: waypoint 3498 / 5251 도달 (선 이탈 0.13 m)
[velocity_path_follower.py-9] [INFO] [1786823173.541842249] [velocity_path_follower]: waypoint 3499 / 5251 도달 (선 이탈 0.15 m)
[velocity_path_follower.py-9] [INFO] [1786823173.891694927] [velocity_path_follower]: waypoint 3500 / 5251 도달 (선 이탈 0.16 m)
[velocity_path_follower.py-9] [INFO] [1786823174.241875039] [velocity_path_follower]: waypoint 3501 / 5251 도달 (선 이탈 0.18 m)
[velocity_path_follower.py-9] [INFO] [1786823174.591620921] [velocity_path_follower]: waypoint 3502 / 5251 도달 (선 이탈 0.18 m)
[velocity_path_follower.py-9] [INFO] [1786823174.944073146] [velocity_path_follower]: waypoint 3503 / 5251 도달 (선 이탈 0.19 m)
[velocity_path_follower.py-9] [INFO] [1786823175.293795989] [velocity_path_follower]: waypoint 3504 / 5251 도달 (선 이탈 0.19 m)
[velocity_path_follower.py-9] [INFO] [1786823175.643966978] [velocity_path_follower]: waypoint 3505 / 5251 도달 (선 이탈 0.18 m)
[velocity_path_follower.py-9] [INFO] [1786823175.993741907] [velocity_path_follower]: waypoint 3506 / 5251 도달 (선 이탈 0.18 m)
[velocity_path_follower.py-9] [INFO] [1786823176.343897314] [velocity_path_follower]: waypoint 3507 / 5251 도달 (선 이탈 0.17 m)
[velocity_path_follower.py-9] [INFO] [1786823176.693975260] [velocity_path_follower]: waypoint 3508 / 5251 도달 (선 이탈 0.16 m)
[velocity_path_follower.py-9] [INFO] [1786823177.043947159] [velocity_path_follower]: waypoint 3509 / 5251 도달 (선 이탈 0.15 m)
[velocity_path_follower.py-9] [INFO] [1786823177.393675590] [velocity_path_follower]: waypoint 3510 / 5251 도달 (선 이탈 0.13 m)
[velocity_path_follower.py-9] [INFO] [1786823177.443926243] [velocity_path_follower]: 1515.1s  wp 3511/5251 이탈0.1m  위치 (  25.27,   -98.23,  11.50)
[velocity_path_follower.py-9] [INFO] [1786823177.743842501] [velocity_path_follower]: waypoint 3511 / 5251 도달 (선 이탈 0.12 m)
[velocity_path_follower.py-9] [INFO] [1786823178.093818861] [velocity_path_follower]: waypoint 3512 / 5251 도달 (선 이탈 0.10 m)
[velocity_path_follower.py-9] [INFO] [1786823178.443889520] [velocity_path_follower]: waypoint 3513 / 5251 도달 (선 이탈 0.08 m)
[velocity_path_follower.py-9] [INFO] [1786823178.793797045] [velocity_path_follower]: waypoint 3514 / 5251 도달 (선 이탈 0.06 m)
[velocity_path_follower.py-9] [INFO] [1786823179.143817827] [velocity_path_follower]: waypoint 3515 / 5251 도달 (선 이탈 0.04 m)
[velocity_path_follower.py-9] [INFO] [1786823179.493851528] [velocity_path_follower]: waypoint 3516 / 5251 도달 (선 이탈 0.02 m)
[velocity_path_follower.py-9] [INFO] [1786823179.844491967] [velocity_path_follower]: waypoint 3517 / 5251 도달 (선 이탈 0.01 m)
[velocity_path_follower.py-9] [INFO] [1786823180.193974767] [velocity_path_follower]: waypoint 3518 / 5251 도달 (선 이탈 0.01 m)
[velocity_path_follower.py-9] [INFO] [1786823180.543619534] [velocity_path_follower]: waypoint 3519 / 5251 도달 (선 이탈 0.03 m)
[velocity_path_follower.py-9] [INFO] [1786823180.893994838] [velocity_path_follower]: waypoint 3520 / 5251 도달 (선 이탈 0.04 m)
[velocity_path_follower.py-9] [INFO] [1786823181.243695318] [velocity_path_follower]: waypoint 3521 / 5251 도달 (선 이탈 0.06 m)
[velocity_path_follower.py-9] [INFO] [1786823181.593833278] [velocity_path_follower]: waypoint 3522 / 5251 도달 (선 이탈 0.07 m)
[velocity_path_follower.py-9] [INFO] [1786823181.946194974] [velocity_path_follower]: waypoint 3523 / 5251 도달 (선 이탈 0.08 m)
[velocity_path_follower.py-9] [INFO] [1786823182.296126218] [velocity_path_follower]: waypoint 3524 / 5251 도달 (선 이탈 0.09 m)
[velocity_path_follower.py-9] [INFO] [1786823182.396017165] [velocity_path_follower]: 1520.0s  wp 3525/5251 이탈0.1m  위치 (  18.19,   -98.01,  11.60)
[ros2-8] [INFO] [1786823182.587917500] [rosbag2_cpp]: Writing remaining messages from cache to the bag. It may take a while
[velocity_path_follower.py-9] [INFO] [1786823182.646321017] [velocity_path_follower]: waypoint 3525 / 5251 도달 (선 이탈 0.09 m)
[velocity_path_follower.py-9] [INFO] [1786823182.996079128] [velocity_path_follower]: waypoint 3526 / 5251 도달 (선 이탈 0.10 m)
[velocity_path_follower.py-9] [INFO] [1786823183.295971647] [velocity_path_follower]: waypoint 3527 / 5251 도달 (선 이탈 0.10 m)
[velocity_path_follower.py-9] [INFO] [1786823183.696190509] [velocity_path_follower]: waypoint 3528 / 5251 도달 (선 이탈 0.10 m)
[velocity_path_follower.py-9] [INFO] [1786823183.996120196] [velocity_path_follower]: waypoint 3529 / 5251 도달 (선 이탈 0.10 m)
[velocity_path_follower.py-9] [INFO] [1786823184.396046380] [velocity_path_follower]: waypoint 3530 / 5251 도달 (선 이탈 0.10 m)
[velocity_path_follower.py-9] [INFO] [1786823184.696108243] [velocity_path_follower]: waypoint 3531 / 5251 도달 (선 이탈 0.09 m)
[velocity_path_follower.py-9] [INFO] [1786823185.050685139] [velocity_path_follower]: waypoint 3532 / 5251 도달 (선 이탈 0.09 m)
[velocity_path_follower.py-9] [INFO] [1786823185.400696436] [velocity_path_follower]: waypoint 3533 / 5251 도달 (선 이탈 0.08 m)
[velocity_path_follower.py-9] [INFO] [1786823185.750680857] [velocity_path_follower]: waypoint 3534 / 5251 도달 (선 이탈 0.07 m)
[velocity_path_follower.py-9] [INFO] [1786823186.100676071] [velocity_path_follower]: waypoint 3535 / 5251 도달 (선 이탈 0.07 m)
[velocity_path_follower.py-9] [INFO] [1786823186.452668802] [velocity_path_follower]: waypoint 3536 / 5251 도달 (선 이탈 0.06 m)
[velocity_path_follower.py-9] [INFO] [1786823186.802602598] [velocity_path_follower]: waypoint 3537 / 5251 도달 (선 이탈 0.05 m)
[velocity_path_follower.py-9] [INFO] [1786823187.154830008] [velocity_path_follower]: waypoint 3538 / 5251 도달 (선 이탈 0.04 m)
[velocity_path_follower.py-9] [INFO] [1786823187.404919442] [velocity_path_follower]: 1525.0s  wp 3539/5251 이탈0.0m  위치 (  11.00,   -98.07,   6.78)
[velocity_path_follower.py-9] [INFO] [1786823187.504598381] [velocity_path_follower]: waypoint 3539 / 5251 도달 (선 이탈 0.03 m)
[velocity_path_follower.py-9] [INFO] [1786823191.926786697] [velocity_path_follower]: waypoint 3540 / 5251 도달 (선 이탈 0.06 m)
[velocity_path_follower.py-9] [INFO] [1786823191.976771550] [velocity_path_follower]: waypoint 3541 / 5251 도달 (선 이탈 0.06 m)
[velocity_path_follower.py-9] [INFO] [1786823192.026968830] [velocity_path_follower]: waypoint 3542 / 5251 도달 (선 이탈 0.06 m)
[velocity_path_follower.py-9] [INFO] [1786823192.076868888] [velocity_path_follower]: waypoint 3543 / 5251 도달 (선 이탈 0.07 m)
[velocity_path_follower.py-9] [INFO] [1786823192.126733027] [velocity_path_follower]: waypoint 3544 / 5251 도달 (선 이탈 0.07 m)
[velocity_path_follower.py-9] [INFO] [1786823192.176639669] [velocity_path_follower]: waypoint 3545 / 5251 도달 (선 이탈 0.07 m)
[velocity_path_follower.py-9] [INFO] [1786823192.226625439] [velocity_path_follower]: waypoint 3546 / 5251 도달 (선 이탈 0.07 m)
[velocity_path_follower.py-9] [INFO] [1786823192.277036980] [velocity_path_follower]: waypoint 3547 / 5251 도달 (선 이탈 0.07 m)
[velocity_path_follower.py-9] [INFO] [1786823192.326960664] [velocity_path_follower]: waypoint 3548 / 5251 도달 (선 이탈 0.07 m)
[velocity_path_follower.py-9] [INFO] [1786823192.426700068] [velocity_path_follower]: waypoint 3549 / 5251 도달 (선 이탈 0.07 m)
[velocity_path_follower.py-9] [INFO] [1786823192.476698630] [velocity_path_follower]: 1530.1s  wp 3550/5251 이탈0.1m  위치 (   5.87,   -98.17,   6.83)
[velocity_path_follower.py-9] [INFO] [1786823193.229110273] [velocity_path_follower]: waypoint 3550 / 5251 도달 (선 이탈 0.08 m)
[velocity_path_follower.py-9] [INFO] [1786823193.939495252] [velocity_path_follower]: waypoint 3551 / 5251 도달 (선 이탈 0.08 m)
[velocity_path_follower.py-9] [INFO] [1786823194.543889020] [velocity_path_follower]: waypoint 3552 / 5251 도달 (선 이탈 0.07 m)
[velocity_path_follower.py-9] [INFO] [1786823195.095158071] [velocity_path_follower]: waypoint 3553 / 5251 도달 (선 이탈 0.07 m)
[velocity_path_follower.py-9] [INFO] [1786823195.643820871] [velocity_path_follower]: waypoint 3554 / 5251 도달 (선 이탈 0.06 m)
[velocity_path_follower.py-9] [INFO] [1786823196.146048659] [velocity_path_follower]: waypoint 3555 / 5251 도달 (선 이탈 0.05 m)
[velocity_path_follower.py-9] [INFO] [1786823196.645902791] [velocity_path_follower]: waypoint 3556 / 5251 도달 (선 이탈 0.04 m)
[velocity_path_follower.py-9] [INFO] [1786823197.096077459] [velocity_path_follower]: waypoint 3557 / 5251 도달 (선 이탈 0.03 m)
[velocity_path_follower.py-9] [INFO] [1786823197.445645970] [velocity_path_follower]: 1535.0s  wp 3558/5251 이탈0.0m  위치 (   1.52,   -98.12,   8.21)
[velocity_path_follower.py-9] [INFO] [1786823197.595890800] [velocity_path_follower]: waypoint 3558 / 5251 도달 (선 이탈 0.02 m)
[velocity_path_follower.py-9] [INFO] [1786823198.045986467] [velocity_path_follower]: waypoint 3559 / 5251 도달 (선 이탈 0.01 m)
[velocity_path_follower.py-9] [INFO] [1786823198.446087696] [velocity_path_follower]: waypoint 3560 / 5251 도달 (선 이탈 0.00 m)
[velocity_path_follower.py-9] [INFO] [1786823198.896111029] [velocity_path_follower]: waypoint 3561 / 5251 도달 (선 이탈 0.01 m)
[velocity_path_follower.py-9] [INFO] [1786823199.345886476] [velocity_path_follower]: waypoint 3562 / 5251 도달 (선 이탈 0.02 m)
[velocity_path_follower.py-9] [INFO] [1786823199.745984291] [velocity_path_follower]: waypoint 3563 / 5251 도달 (선 이탈 0.02 m)
[velocity_path_follower.py-9] [INFO] [1786823200.145850430] [velocity_path_follower]: waypoint 3564 / 5251 도달 (선 이탈 0.03 m)
[velocity_path_follower.py-9] [INFO] [1786823200.545892995] [velocity_path_follower]: waypoint 3565 / 5251 도달 (선 이탈 0.03 m)
[velocity_path_follower.py-9] [INFO] [1786823200.945843723] [velocity_path_follower]: waypoint 3566 / 5251 도달 (선 이탈 0.04 m)
[velocity_path_follower.py-9] [INFO] [1786823201.346184263] [velocity_path_follower]: waypoint 3567 / 5251 도달 (선 이탈 0.04 m)
[velocity_path_follower.py-9] [INFO] [1786823201.745858897] [velocity_path_follower]: waypoint 3568 / 5251 도달 (선 이탈 0.04 m)
[velocity_path_follower.py-9] [INFO] [1786823202.095959111] [velocity_path_follower]: waypoint 3569 / 5251 도달 (선 이탈 0.04 m)
[velocity_path_follower.py-9] [INFO] [1786823202.445788938] [velocity_path_follower]: 1540.0s  wp 3570/5251 이탈0.0m  위치 (  -4.57,   -98.06,   6.73)
[velocity_path_follower.py-9] [INFO] [1786823202.496031766] [velocity_path_follower]: waypoint 3570 / 5251 도달 (선 이탈 0.04 m)
[velocity_path_follower.py-9] [INFO] [1786823202.895912329] [velocity_path_follower]: waypoint 3571 / 5251 도달 (선 이탈 0.04 m)
[velocity_path_follower.py-9] [INFO] [1786823203.245979420] [velocity_path_follower]: waypoint 3572 / 5251 도달 (선 이탈 0.04 m)
[velocity_path_follower.py-9] [INFO] [1786823203.645976074] [velocity_path_follower]: waypoint 3573 / 5251 도달 (선 이탈 0.03 m)
[velocity_path_follower.py-9] [INFO] [1786823203.995930285] [velocity_path_follower]: waypoint 3574 / 5251 도달 (선 이탈 0.03 m)
[velocity_path_follower.py-9] [INFO] [1786823204.396033447] [velocity_path_follower]: waypoint 3575 / 5251 도달 (선 이탈 0.03 m)
[velocity_path_follower.py-9] [INFO] [1786823204.745888823] [velocity_path_follower]: waypoint 3576 / 5251 도달 (선 이탈 0.02 m)
[velocity_path_follower.py-9] [INFO] [1786823205.095875663] [velocity_path_follower]: waypoint 3577 / 5251 도달 (선 이탈 0.02 m)
[velocity_path_follower.py-9] [INFO] [1786823205.495999204] [velocity_path_follower]: waypoint 3578 / 5251 도달 (선 이탈 0.01 m)
[velocity_path_follower.py-9] [INFO] [1786823205.845926751] [velocity_path_follower]: waypoint 3579 / 5251 도달 (선 이탈 0.01 m)
[velocity_path_follower.py-9] [INFO] [1786823206.195987099] [velocity_path_follower]: waypoint 3580 / 5251 도달 (선 이탈 0.00 m)
[velocity_path_follower.py-9] [INFO] [1786823206.548019628] [velocity_path_follower]: waypoint 3581 / 5251 도달 (선 이탈 0.00 m)
[velocity_path_follower.py-9] [INFO] [1786823206.898120853] [velocity_path_follower]: waypoint 3582 / 5251 도달 (선 이탈 0.00 m)
[velocity_path_follower.py-9] [INFO] [1786823207.298164436] [velocity_path_follower]: waypoint 3583 / 5251 도달 (선 이탈 0.01 m)
[velocity_path_follower.py-9] [INFO] [1786823207.447974004] [velocity_path_follower]: 1545.0s  wp 3584/5251 이탈0.0m  위치 ( -11.36,   -98.11,  10.17)
[velocity_path_follower.py-9] [INFO] [1786823207.647927772] [velocity_path_follower]: waypoint 3584 / 5251 도달 (선 이탈 0.01 m)
[velocity_path_follower.py-9] [INFO] [1786823207.998077085] [velocity_path_follower]: waypoint 3585 / 5251 도달 (선 이탈 0.01 m)
[velocity_path_follower.py-9] [INFO] [1786823208.348095935] [velocity_path_follower]: waypoint 3586 / 5251 도달 (선 이탈 0.02 m)
[velocity_path_follower.py-9] [INFO] [1786823208.748165190] [velocity_path_follower]: waypoint 3587 / 5251 도달 (선 이탈 0.02 m)
[velocity_path_follower.py-9] [INFO] [1786823209.097973197] [velocity_path_follower]: waypoint 3588 / 5251 도달 (선 이탈 0.02 m)
[velocity_path_follower.py-9] [INFO] [1786823209.448067345] [velocity_path_follower]: waypoint 3589 / 5251 도달 (선 이탈 0.02 m)
[velocity_path_follower.py-9] [INFO] [1786823209.798043738] [velocity_path_follower]: waypoint 3590 / 5251 도달 (선 이탈 0.02 m)
[velocity_path_follower.py-9] [INFO] [1786823210.147942960] [velocity_path_follower]: waypoint 3591 / 5251 도달 (선 이탈 0.02 m)
[velocity_path_follower.py-9] [INFO] [1786823210.497971024] [velocity_path_follower]: waypoint 3592 / 5251 도달 (선 이탈 0.02 m)
[velocity_path_follower.py-9] [INFO] [1786823210.848296770] [velocity_path_follower]: waypoint 3593 / 5251 도달 (선 이탈 0.02 m)
[velocity_path_follower.py-9] [INFO] [1786823211.198111907] [velocity_path_follower]: waypoint 3594 / 5251 도달 (선 이탈 0.02 m)
[velocity_path_follower.py-9] [INFO] [1786823211.548116014] [velocity_path_follower]: waypoint 3595 / 5251 도달 (선 이탈 0.02 m)
[velocity_path_follower.py-9] [INFO] [1786823211.897886901] [velocity_path_follower]: waypoint 3596 / 5251 도달 (선 이탈 0.02 m)
[velocity_path_follower.py-9] [INFO] [1786823212.248102144] [velocity_path_follower]: waypoint 3597 / 5251 도달 (선 이탈 0.02 m)
[velocity_path_follower.py-9] [INFO] [1786823212.447878034] [velocity_path_follower]: 1550.0s  wp 3598/5251 이탈0.0m  위치 ( -18.40,   -98.12,  10.84)
[velocity_path_follower.py-9] [INFO] [1786823212.598177090] [velocity_path_follower]: waypoint 3598 / 5251 도달 (선 이탈 0.02 m)
[velocity_path_follower.py-9] [INFO] [1786823212.994636133] [velocity_path_follower]: waypoint 3599 / 5251 도달 (선 이탈 0.01 m)
[velocity_path_follower.py-9] [INFO] [1786823213.343076041] [velocity_path_follower]: waypoint 3600 / 5251 도달 (선 이탈 0.01 m)
[velocity_path_follower.py-9] [INFO] [1786823213.693024983] [velocity_path_follower]: waypoint 3601 / 5251 도달 (선 이탈 0.01 m)
[velocity_path_follower.py-9] [INFO] [1786823214.094943801] [velocity_path_follower]: waypoint 3602 / 5251 도달 (선 이탈 0.01 m)
[velocity_path_follower.py-9] [INFO] [1786823214.394935469] [velocity_path_follower]: waypoint 3603 / 5251 도달 (선 이탈 0.01 m)
[velocity_path_follower.py-9] [INFO] [1786823214.794990613] [velocity_path_follower]: waypoint 3604 / 5251 도달 (선 이탈 0.00 m)
[velocity_path_follower.py-9] [INFO] [1786823215.095090578] [velocity_path_follower]: waypoint 3605 / 5251 도달 (선 이탈 0.00 m)
[velocity_path_follower.py-9] [INFO] [1786823215.495144183] [velocity_path_follower]: waypoint 3606 / 5251 도달 (선 이탈 0.00 m)
[velocity_path_follower.py-9] [INFO] [1786823215.794951302] [velocity_path_follower]: waypoint 3607 / 5251 도달 (선 이탈 0.00 m)
[velocity_path_follower.py-9] [INFO] [1786823216.197019466] [velocity_path_follower]: waypoint 3608 / 5251 도달 (선 이탈 0.00 m)
[velocity_path_follower.py-9] [INFO] [1786823217.496994506] [velocity_path_follower]: 1555.0s  climb       위치 ( -25.44,   -98.09,   5.64)
[velocity_path_follower.py-9] [INFO] [1786823220.947450692] [velocity_path_follower]: waypoint 3609 / 5251 도달 (선 이탈 0.02 m)
[velocity_path_follower.py-9] [INFO] [1786823220.997181750] [velocity_path_follower]: waypoint 3610 / 5251 도달 (선 이탈 0.02 m)
[velocity_path_follower.py-9] [INFO] [1786823221.047109860] [velocity_path_follower]: waypoint 3611 / 5251 도달 (선 이탈 0.02 m)
[velocity_path_follower.py-9] [INFO] [1786823221.097521036] [velocity_path_follower]: waypoint 3612 / 5251 도달 (선 이탈 0.02 m)
[velocity_path_follower.py-9] [INFO] [1786823221.147318681] [velocity_path_follower]: waypoint 3613 / 5251 도달 (선 이탈 0.02 m)
[velocity_path_follower.py-9] [INFO] [1786823221.197957493] [velocity_path_follower]: waypoint 3614 / 5251 도달 (선 이탈 0.02 m)
[velocity_path_follower.py-9] [INFO] [1786823221.247332951] [velocity_path_follower]: waypoint 3615 / 5251 도달 (선 이탈 0.02 m)
[velocity_path_follower.py-9] [INFO] [1786823221.300605769] [velocity_path_follower]: waypoint 3616 / 5251 도달 (선 이탈 0.02 m)
[velocity_path_follower.py-9] [INFO] [1786823221.351659518] [velocity_path_follower]: waypoint 3617 / 5251 도달 (선 이탈 0.02 m)
[velocity_path_follower.py-9] [INFO] [1786823221.401623797] [velocity_path_follower]: waypoint 3618 / 5251 도달 (선 이탈 0.02 m)
[velocity_path_follower.py-9] [INFO] [1786823222.151604209] [velocity_path_follower]: waypoint 3619 / 5251 도달 (선 이탈 0.02 m)
[velocity_path_follower.py-9] [INFO] [1786823222.501466750] [velocity_path_follower]: 1560.0s  wp 3620/5251 이탈0.0m  위치 ( -29.35,   -98.08,   7.84)
[velocity_path_follower.py-9] [INFO] [1786823222.901868598] [velocity_path_follower]: waypoint 3620 / 5251 도달 (선 이탈 0.02 m)
[velocity_path_follower.py-9] [INFO] [1786823223.551610111] [velocity_path_follower]: waypoint 3621 / 5251 도달 (선 이탈 0.02 m)
[velocity_path_follower.py-9] [INFO] [1786823224.101654620] [velocity_path_follower]: waypoint 3622 / 5251 도달 (선 이탈 0.01 m)
[velocity_path_follower.py-9] [INFO] [1786823224.701605825] [velocity_path_follower]: waypoint 3623 / 5251 도달 (선 이탈 0.01 m)
[velocity_path_follower.py-9] [INFO] [1786823225.201491300] [velocity_path_follower]: waypoint 3624 / 5251 도달 (선 이탈 0.01 m)
[velocity_path_follower.py-9] [INFO] [1786823225.702278237] [velocity_path_follower]: waypoint 3625 / 5251 도달 (선 이탈 0.01 m)
[velocity_path_follower.py-9] [INFO] [1786823226.201601103] [velocity_path_follower]: waypoint 3626 / 5251 도달 (선 이탈 0.00 m)
[velocity_path_follower.py-9] [INFO] [1786823226.651590848] [velocity_path_follower]: waypoint 3627 / 5251 도달 (선 이탈 0.00 m)
[velocity_path_follower.py-9] [INFO] [1786823227.101665680] [velocity_path_follower]: waypoint 3628 / 5251 도달 (선 이탈 0.00 m)
[velocity_path_follower.py-9] [INFO] [1786823227.501479636] [velocity_path_follower]: 1565.0s  wp 3629/5251 이탈0.0m  위치 ( -34.08,   -98.10,  11.39)
[velocity_path_follower.py-9] [INFO] [1786823227.551443708] [velocity_path_follower]: waypoint 3629 / 5251 도달 (선 이탈 0.00 m)
[velocity_path_follower.py-9] [INFO] [1786823228.002258246] [velocity_path_follower]: waypoint 3630 / 5251 도달 (선 이탈 0.01 m)
[velocity_path_follower.py-9] [INFO] [1786823228.401668893] [velocity_path_follower]: waypoint 3631 / 5251 도달 (선 이탈 0.01 m)
[velocity_path_follower.py-9] [INFO] [1786823228.801581899] [velocity_path_follower]: waypoint 3632 / 5251 도달 (선 이탈 0.01 m)
[velocity_path_follower.py-9] [INFO] [1786823229.251498313] [velocity_path_follower]: waypoint 3633 / 5251 도달 (선 이탈 0.01 m)
[velocity_path_follower.py-9] [INFO] [1786823229.651585579] [velocity_path_follower]: waypoint 3634 / 5251 도달 (선 이탈 0.01 m)
[velocity_path_follower.py-9] [INFO] [1786823230.051431126] [velocity_path_follower]: waypoint 3635 / 5251 도달 (선 이탈 0.01 m)
[velocity_path_follower.py-9] [INFO] [1786823232.501490678] [velocity_path_follower]: 1570.0s  wp 3636/5251 이탈1.3m  위치 ( -39.88,   -97.42,   8.12)
[velocity_path_follower.py-9] [INFO] [1786823237.501409660] [velocity_path_follower]: 1575.0s  climb       위치 ( -41.79,   -94.56,   5.54)
[velocity_path_follower.py-9] [INFO] [1786823238.801789433] [velocity_path_follower]: waypoint 3636 / 5251 도달 (선 이탈 3.42 m)
[velocity_path_follower.py-9] [INFO] [1786823242.507035871] [velocity_path_follower]: 1580.0s  wp 3638/5251 이탈0.6m  위치 ( -40.80,   -93.54,   8.32)
[velocity_path_follower.py-9] [INFO] [1786823244.001656669] [velocity_path_follower]: waypoint 3638 / 5251 도달 (선 이탈 0.50 m)
[velocity_path_follower.py-9] [INFO] [1786823244.551457819] [velocity_path_follower]: waypoint 3639 / 5251 도달 (선 이탈 0.44 m)
[velocity_path_follower.py-9] [INFO] [1786823245.101469231] [velocity_path_follower]: waypoint 3640 / 5251 도달 (선 이탈 0.37 m)
[velocity_path_follower.py-9] [INFO] [1786823245.601532194] [velocity_path_follower]: waypoint 3641 / 5251 도달 (선 이탈 0.30 m)
[velocity_path_follower.py-9] [INFO] [1786823246.101462817] [velocity_path_follower]: waypoint 3642 / 5251 도달 (선 이탈 0.22 m)
[velocity_path_follower.py-9] [INFO] [1786823246.551472159] [velocity_path_follower]: waypoint 3643 / 5251 도달 (선 이탈 0.16 m)
[velocity_path_follower.py-9] [INFO] [1786823247.001551296] [velocity_path_follower]: waypoint 3644 / 5251 도달 (선 이탈 0.08 m)
[velocity_path_follower.py-9] [INFO] [1786823247.451621601] [velocity_path_follower]: waypoint 3645 / 5251 도달 (선 이탈 0.02 m)
[velocity_path_follower.py-9] [INFO] [1786823247.501563845] [velocity_path_follower]: 1585.0s  wp 3646/5251 이탈0.0m  위치 ( -36.01,   -94.09,   7.45)
[velocity_path_follower.py-9] [INFO] [1786823247.901547733] [velocity_path_follower]: waypoint 3646 / 5251 도달 (선 이탈 0.05 m)
[velocity_path_follower.py-9] [INFO] [1786823248.303974079] [velocity_path_follower]: waypoint 3647 / 5251 도달 (선 이탈 0.10 m)
[velocity_path_follower.py-9] [INFO] [1786823248.704890683] [velocity_path_follower]: waypoint 3648 / 5251 도달 (선 이탈 0.15 m)
[velocity_path_follower.py-9] [INFO] [1786823249.153894189] [velocity_path_follower]: waypoint 3649 / 5251 도달 (선 이탈 0.19 m)
[velocity_path_follower.py-9] [INFO] [1786823249.553686947] [velocity_path_follower]: waypoint 3650 / 5251 도달 (선 이탈 0.22 m)
[velocity_path_follower.py-9] [INFO] [1786823249.954019274] [velocity_path_follower]: waypoint 3651 / 5251 도달 (선 이탈 0.25 m)
[velocity_path_follower.py-9] [INFO] [1786823250.353648694] [velocity_path_follower]: waypoint 3652 / 5251 도달 (선 이탈 0.27 m)
[velocity_path_follower.py-9] [INFO] [1786823250.753700467] [velocity_path_follower]: waypoint 3653 / 5251 도달 (선 이탈 0.28 m)
[velocity_path_follower.py-9] [INFO] [1786823251.103875959] [velocity_path_follower]: waypoint 3654 / 5251 도달 (선 이탈 0.28 m)
[velocity_path_follower.py-9] [INFO] [1786823251.504163163] [velocity_path_follower]: waypoint 3655 / 5251 도달 (선 이탈 0.28 m)
[velocity_path_follower.py-9] [INFO] [1786823251.908967052] [velocity_path_follower]: waypoint 3656 / 5251 도달 (선 이탈 0.27 m)
[velocity_path_follower.py-9] [INFO] [1786823252.308989870] [velocity_path_follower]: waypoint 3657 / 5251 도달 (선 이탈 0.26 m)
[velocity_path_follower.py-9] [INFO] [1786823252.508561883] [velocity_path_follower]: 1590.0s  wp 3658/5251 이탈0.3m  위치 ( -29.76,   -94.35,   9.91)
[velocity_path_follower.py-9] [INFO] [1786823252.658955146] [velocity_path_follower]: waypoint 3658 / 5251 도달 (선 이탈 0.24 m)
[velocity_path_follower.py-9] [INFO] [1786823253.008920423] [velocity_path_follower]: waypoint 3659 / 5251 도달 (선 이탈 0.22 m)
[velocity_path_follower.py-9] [INFO] [1786823253.408926326] [velocity_path_follower]: waypoint 3660 / 5251 도달 (선 이탈 0.20 m)
[velocity_path_follower.py-9] [INFO] [1786823253.808864477] [velocity_path_follower]: waypoint 3661 / 5251 도달 (선 이탈 0.17 m)
[velocity_path_follower.py-9] [INFO] [1786823254.158741168] [velocity_path_follower]: waypoint 3662 / 5251 도달 (선 이탈 0.15 m)
[velocity_path_follower.py-9] [INFO] [1786823254.508850955] [velocity_path_follower]: waypoint 3663 / 5251 도달 (선 이탈 0.12 m)
[velocity_path_follower.py-9] [INFO] [1786823254.909078164] [velocity_path_follower]: waypoint 3664 / 5251 도달 (선 이탈 0.08 m)
[velocity_path_follower.py-9] [INFO] [1786823255.258908189] [velocity_path_follower]: waypoint 3665 / 5251 도달 (선 이탈 0.06 m)
[velocity_path_follower.py-9] [INFO] [1786823255.608821219] [velocity_path_follower]: waypoint 3666 / 5251 도달 (선 이탈 0.03 m)
[velocity_path_follower.py-9] [INFO] [1786823256.008913548] [velocity_path_follower]: waypoint 3667 / 5251 도달 (선 이탈 0.00 m)
[velocity_path_follower.py-9] [INFO] [1786823256.358631529] [velocity_path_follower]: waypoint 3668 / 5251 도달 (선 이탈 0.03 m)
[velocity_path_follower.py-9] [INFO] [1786823256.708861368] [velocity_path_follower]: waypoint 3669 / 5251 도달 (선 이탈 0.05 m)
[velocity_path_follower.py-9] [INFO] [1786823257.064676737] [velocity_path_follower]: waypoint 3670 / 5251 도달 (선 이탈 0.07 m)
[velocity_path_follower.py-9] [INFO] [1786823257.419978165] [velocity_path_follower]: waypoint 3671 / 5251 도달 (선 이탈 0.09 m)
[velocity_path_follower.py-9] [INFO] [1786823257.520005749] [velocity_path_follower]: 1595.0s  wp 3672/5251 이탈0.1m  위치 ( -22.95,   -94.00,   9.83)
[velocity_path_follower.py-9] [INFO] [1786823257.819950202] [velocity_path_follower]: waypoint 3672 / 5251 도달 (선 이탈 0.11 m)
[velocity_path_follower.py-9] [INFO] [1786823258.170153959] [velocity_path_follower]: waypoint 3673 / 5251 도달 (선 이탈 0.13 m)
[velocity_path_follower.py-9] [INFO] [1786823258.519875611] [velocity_path_follower]: waypoint 3674 / 5251 도달 (선 이탈 0.14 m)
[velocity_path_follower.py-9] [INFO] [1786823258.869966530] [velocity_path_follower]: waypoint 3675 / 5251 도달 (선 이탈 0.14 m)
[velocity_path_follower.py-9] [INFO] [1786823259.219957071] [velocity_path_follower]: waypoint 3676 / 5251 도달 (선 이탈 0.15 m)
[velocity_path_follower.py-9] [INFO] [1786823259.570166249] [velocity_path_follower]: waypoint 3677 / 5251 도달 (선 이탈 0.15 m)
[velocity_path_follower.py-9] [INFO] [1786823259.920304215] [velocity_path_follower]: waypoint 3678 / 5251 도달 (선 이탈 0.15 m)
[velocity_path_follower.py-9] [INFO] [1786823260.319818318] [velocity_path_follower]: waypoint 3679 / 5251 도달 (선 이탈 0.15 m)
[velocity_path_follower.py-9] [INFO] [1786823260.619695231] [velocity_path_follower]: waypoint 3680 / 5251 도달 (선 이탈 0.14 m)
[velocity_path_follower.py-9] [INFO] [1786823260.971000049] [velocity_path_follower]: waypoint 3681 / 5251 도달 (선 이탈 0.14 m)
[velocity_path_follower.py-9] [INFO] [1786823262.523470030] [velocity_path_follower]: 1600.0s  climb       위치 ( -16.07,   -94.01,   6.11)
[velocity_path_follower.py-9] [INFO] [1786823264.072693652] [velocity_path_follower]: waypoint 3682 / 5251 도달 (선 이탈 0.06 m)
[velocity_path_follower.py-9] [INFO] [1786823264.122667027] [velocity_path_follower]: waypoint 3683 / 5251 도달 (선 이탈 0.06 m)
[velocity_path_follower.py-9] [INFO] [1786823264.172952710] [velocity_path_follower]: waypoint 3684 / 5251 도달 (선 이탈 0.06 m)
[velocity_path_follower.py-9] [INFO] [1786823264.222786495] [velocity_path_follower]: waypoint 3685 / 5251 도달 (선 이탈 0.06 m)
[velocity_path_follower.py-9] [INFO] [1786823264.272827790] [velocity_path_follower]: waypoint 3686 / 5251 도달 (선 이탈 0.06 m)
[velocity_path_follower.py-9] [INFO] [1786823264.323036385] [velocity_path_follower]: waypoint 3687 / 5251 도달 (선 이탈 0.06 m)
[velocity_path_follower.py-9] [INFO] [1786823264.372684953] [velocity_path_follower]: waypoint 3688 / 5251 도달 (선 이탈 0.05 m)
[velocity_path_follower.py-9] [INFO] [1786823264.672842720] [velocity_path_follower]: waypoint 3689 / 5251 도달 (선 이탈 0.05 m)
[velocity_path_follower.py-9] [INFO] [1786823265.272678273] [velocity_path_follower]: waypoint 3690 / 5251 도달 (선 이탈 0.04 m)
[velocity_path_follower.py-9] [INFO] [1786823265.872894181] [velocity_path_follower]: waypoint 3691 / 5251 도달 (선 이탈 0.03 m)
[velocity_path_follower.py-9] [INFO] [1786823266.372925911] [velocity_path_follower]: waypoint 3692 / 5251 도달 (선 이탈 0.02 m)
[velocity_path_follower.py-9] [INFO] [1786823266.923086651] [velocity_path_follower]: waypoint 3693 / 5251 도달 (선 이탈 0.01 m)
[velocity_path_follower.py-9] [INFO] [1786823267.373224929] [velocity_path_follower]: waypoint 3694 / 5251 도달 (선 이탈 0.00 m)
[velocity_path_follower.py-9] [INFO] [1786823267.522689451] [velocity_path_follower]: 1605.0s  wp 3695/5251 이탈0.0m  위치 ( -11.43,   -94.11,   9.25)
[velocity_path_follower.py-9] [INFO] [1786823267.872991150] [velocity_path_follower]: waypoint 3695 / 5251 도달 (선 이탈 0.01 m)
[velocity_path_follower.py-9] [INFO] [1786823268.326665982] [velocity_path_follower]: waypoint 3696 / 5251 도달 (선 이탈 0.02 m)
[velocity_path_follower.py-9] [INFO] [1786823268.778900118] [velocity_path_follower]: waypoint 3697 / 5251 도달 (선 이탈 0.02 m)
[velocity_path_follower.py-9] [INFO] [1786823269.228538125] [velocity_path_follower]: waypoint 3698 / 5251 도달 (선 이탈 0.03 m)
[velocity_path_follower.py-9] [INFO] [1786823269.628452312] [velocity_path_follower]: waypoint 3699 / 5251 도달 (선 이탈 0.03 m)
[velocity_path_follower.py-9] [INFO] [1786823270.028819479] [velocity_path_follower]: waypoint 3700 / 5251 도달 (선 이탈 0.03 m)
[velocity_path_follower.py-9] [INFO] [1786823270.478512951] [velocity_path_follower]: waypoint 3701 / 5251 도달 (선 이탈 0.04 m)
[velocity_path_follower.py-9] [INFO] [1786823270.880893971] [velocity_path_follower]: waypoint 3702 / 5251 도달 (선 이탈 0.04 m)
[velocity_path_follower.py-9] [INFO] [1786823271.282996563] [velocity_path_follower]: waypoint 3703 / 5251 도달 (선 이탈 0.04 m)
[velocity_path_follower.py-9] [INFO] [1786823271.682917712] [velocity_path_follower]: waypoint 3704 / 5251 도달 (선 이탈 0.03 m)
[velocity_path_follower.py-9] [INFO] [1786823272.082892031] [velocity_path_follower]: waypoint 3705 / 5251 도달 (선 이탈 0.03 m)
[velocity_path_follower.py-9] [INFO] [1786823272.483084988] [velocity_path_follower]: waypoint 3706 / 5251 도달 (선 이탈 0.03 m)
[velocity_path_follower.py-9] [INFO] [1786823272.532921442] [velocity_path_follower]: 1610.0s  wp 3707/5251 이탈0.0m  위치 (  -5.48,   -94.13,  11.56)
[velocity_path_follower.py-9] [INFO] [1786823272.833455242] [velocity_path_follower]: waypoint 3707 / 5251 도달 (선 이탈 0.03 m)
[velocity_path_follower.py-9] [INFO] [1786823273.233014627] [velocity_path_follower]: waypoint 3708 / 5251 도달 (선 이탈 0.02 m)
[velocity_path_follower.py-9] [INFO] [1786823273.582906192] [velocity_path_follower]: waypoint 3709 / 5251 도달 (선 이탈 0.02 m)
[velocity_path_follower.py-9] [INFO] [1786823273.982995854] [velocity_path_follower]: waypoint 3710 / 5251 도달 (선 이탈 0.02 m)
[velocity_path_follower.py-9] [INFO] [1786823274.383004890] [velocity_path_follower]: waypoint 3711 / 5251 도달 (선 이탈 0.01 m)
[velocity_path_follower.py-9] [INFO] [1786823274.733469069] [velocity_path_follower]: waypoint 3712 / 5251 도달 (선 이탈 0.01 m)
[velocity_path_follower.py-9] [INFO] [1786823275.133268636] [velocity_path_follower]: waypoint 3713 / 5251 도달 (선 이탈 0.01 m)
[velocity_path_follower.py-9] [INFO] [1786823275.482809021] [velocity_path_follower]: waypoint 3714 / 5251 도달 (선 이탈 0.00 m)
[velocity_path_follower.py-9] [INFO] [1786823275.832954353] [velocity_path_follower]: waypoint 3715 / 5251 도달 (선 이탈 0.00 m)
[velocity_path_follower.py-9] [INFO] [1786823276.232963225] [velocity_path_follower]: waypoint 3716 / 5251 도달 (선 이탈 0.01 m)
[velocity_path_follower.py-9] [INFO] [1786823276.582839212] [velocity_path_follower]: waypoint 3717 / 5251 도달 (선 이탈 0.01 m)
[velocity_path_follower.py-9] [INFO] [1786823276.932981296] [velocity_path_follower]: waypoint 3718 / 5251 도달 (선 이탈 0.01 m)
[velocity_path_follower.py-9] [INFO] [1786823277.337864082] [velocity_path_follower]: waypoint 3719 / 5251 도달 (선 이탈 0.01 m)
[velocity_path_follower.py-9] [INFO] [1786823277.537835643] [velocity_path_follower]: 1615.0s  wp 3720/5251 이탈0.0m  위치 (   1.23,   -94.09,   6.94)
[velocity_path_follower.py-9] [INFO] [1786823277.689812299] [velocity_path_follower]: waypoint 3720 / 5251 도달 (선 이탈 0.02 m)
[velocity_path_follower.py-9] [INFO] [1786823282.575228446] [velocity_path_follower]: waypoint 3721 / 5251 도달 (선 이탈 0.03 m)
[velocity_path_follower.py-9] [INFO] [1786823282.624074145] [velocity_path_follower]: waypoint 3722 / 5251 도달 (선 이탈 0.03 m)
[velocity_path_follower.py-9] [INFO] [1786823282.673651380] [velocity_path_follower]: waypoint 3723 / 5251 도달 (선 이탈 0.03 m)
[velocity_path_follower.py-9] [INFO] [1786823282.723940526] [velocity_path_follower]: waypoint 3724 / 5251 도달 (선 이탈 0.03 m)
[velocity_path_follower.py-9] [INFO] [1786823282.773881280] [velocity_path_follower]: waypoint 3725 / 5251 도달 (선 이탈 0.03 m)
[velocity_path_follower.py-9] [INFO] [1786823282.824090256] [velocity_path_follower]: waypoint 3726 / 5251 도달 (선 이탈 0.03 m)
[velocity_path_follower.py-9] [INFO] [1786823282.873833333] [velocity_path_follower]: waypoint 3727 / 5251 도달 (선 이탈 0.03 m)
[velocity_path_follower.py-9] [INFO] [1786823282.923780628] [velocity_path_follower]: waypoint 3728 / 5251 도달 (선 이탈 0.03 m)
[velocity_path_follower.py-9] [INFO] [1786823282.973796344] [velocity_path_follower]: waypoint 3729 / 5251 도달 (선 이탈 0.03 m)
[velocity_path_follower.py-9] [INFO] [1786823283.023673136] [velocity_path_follower]: waypoint 3730 / 5251 도달 (선 이탈 0.03 m)
[velocity_path_follower.py-9] [INFO] [1786823283.074398263] [velocity_path_follower]: 1620.5s  wp 3731/5251 이탈0.0m  위치 (   6.51,   -94.07,   6.85)
[velocity_path_follower.py-9] [INFO] [1786823283.841349467] [velocity_path_follower]: waypoint 3731 / 5251 도달 (선 이탈 0.03 m)
[velocity_path_follower.py-9] [INFO] [1786823284.647498889] [velocity_path_follower]: waypoint 3732 / 5251 도달 (선 이탈 0.03 m)
[velocity_path_follower.py-9] [INFO] [1786823285.297266389] [velocity_path_follower]: waypoint 3733 / 5251 도달 (선 이탈 0.03 m)
[velocity_path_follower.py-9] [INFO] [1786823285.902917971] [velocity_path_follower]: waypoint 3734 / 5251 도달 (선 이탈 0.02 m)
[velocity_path_follower.py-9] [INFO] [1786823286.455108790] [velocity_path_follower]: waypoint 3735 / 5251 도달 (선 이탈 0.02 m)
[velocity_path_follower.py-9] [INFO] [1786823286.955127119] [velocity_path_follower]: waypoint 3736 / 5251 도달 (선 이탈 0.01 m)
[velocity_path_follower.py-9] [INFO] [1786823287.505068829] [velocity_path_follower]: waypoint 3737 / 5251 도달 (선 이탈 0.01 m)
[velocity_path_follower.py-9] [INFO] [1786823287.657076579] [velocity_path_follower]: 1625.0s  wp 3738/5251 이탈0.0m  위치 (  10.10,   -94.09,   8.95)
[velocity_path_follower.py-9] [INFO] [1786823287.957303722] [velocity_path_follower]: waypoint 3738 / 5251 도달 (선 이탈 0.00 m)
[velocity_path_follower.py-9] [INFO] [1786823288.457050250] [velocity_path_follower]: waypoint 3739 / 5251 도달 (선 이탈 0.00 m)
[velocity_path_follower.py-9] [INFO] [1786823288.907240376] [velocity_path_follower]: waypoint 3740 / 5251 도달 (선 이탈 0.00 m)
[velocity_path_follower.py-9] [INFO] [1786823289.357072986] [velocity_path_follower]: waypoint 3741 / 5251 도달 (선 이탈 0.01 m)
[velocity_path_follower.py-9] [INFO] [1786823289.757161101] [velocity_path_follower]: waypoint 3742 / 5251 도달 (선 이탈 0.01 m)
[velocity_path_follower.py-9] [INFO] [1786823290.207176221] [velocity_path_follower]: waypoint 3743 / 5251 도달 (선 이탈 0.01 m)
[velocity_path_follower.py-9] [INFO] [1786823290.607067162] [velocity_path_follower]: waypoint 3744 / 5251 도달 (선 이탈 0.01 m)
[velocity_path_follower.py-9] [INFO] [1786823291.063798954] [velocity_path_follower]: waypoint 3745 / 5251 도달 (선 이탈 0.01 m)
[velocity_path_follower.py-9] [INFO] [1786823291.416783335] [velocity_path_follower]: waypoint 3746 / 5251 도달 (선 이탈 0.01 m)
[velocity_path_follower.py-9] [INFO] [1786823291.865979918] [velocity_path_follower]: waypoint 3747 / 5251 도달 (선 이탈 0.01 m)
[velocity_path_follower.py-9] [INFO] [1786823292.265923573] [velocity_path_follower]: waypoint 3748 / 5251 도달 (선 이탈 0.01 m)
[velocity_path_follower.py-9] [INFO] [1786823292.618319717] [velocity_path_follower]: waypoint 3749 / 5251 도달 (선 이탈 0.01 m)
[velocity_path_follower.py-9] [INFO] [1786823292.668002711] [velocity_path_follower]: 1630.0s  wp 3750/5251 이탈0.0m  위치 (  15.98,   -94.11,   7.72)
[velocity_path_follower.py-9] [INFO] [1786823293.018151826] [velocity_path_follower]: waypoint 3750 / 5251 도달 (선 이탈 0.01 m)
[velocity_path_follower.py-9] [INFO] [1786823293.418171863] [velocity_path_follower]: waypoint 3751 / 5251 도달 (선 이탈 0.01 m)
[velocity_path_follower.py-9] [INFO] [1786823293.768226183] [velocity_path_follower]: waypoint 3752 / 5251 도달 (선 이탈 0.01 m)
[velocity_path_follower.py-9] [INFO] [1786823294.168204885] [velocity_path_follower]: waypoint 3753 / 5251 도달 (선 이탈 0.01 m)
[velocity_path_follower.py-9] [INFO] [1786823294.568218716] [velocity_path_follower]: waypoint 3754 / 5251 도달 (선 이탈 0.01 m)
[velocity_path_follower.py-9] [INFO] [1786823294.918298914] [velocity_path_follower]: waypoint 3755 / 5251 도달 (선 이탈 0.01 m)
[velocity_path_follower.py-9] [INFO] [1786823295.318921360] [velocity_path_follower]: waypoint 3756 / 5251 도달 (선 이탈 0.01 m)
[velocity_path_follower.py-9] [INFO] [1786823295.668450450] [velocity_path_follower]: waypoint 3757 / 5251 도달 (선 이탈 0.00 m)
[velocity_path_follower.py-9] [INFO] [1786823296.068269689] [velocity_path_follower]: waypoint 3758 / 5251 도달 (선 이탈 0.00 m)
[velocity_path_follower.py-9] [INFO] [1786823296.418159340] [velocity_path_follower]: waypoint 3759 / 5251 도달 (선 이탈 0.00 m)
[velocity_path_follower.py-9] [INFO] [1786823296.768199041] [velocity_path_follower]: waypoint 3760 / 5251 도달 (선 이탈 0.00 m)
[velocity_path_follower.py-9] [INFO] [1786823297.118539715] [velocity_path_follower]: waypoint 3761 / 5251 도달 (선 이탈 0.00 m)
[velocity_path_follower.py-9] [INFO] [1786823297.518196326] [velocity_path_follower]: waypoint 3762 / 5251 도달 (선 이탈 0.00 m)
[velocity_path_follower.py-9] [INFO] [1786823297.668107395] [velocity_path_follower]: 1635.0s  wp 3763/5251 이탈0.0m  위치 (  22.67,   -94.10,   9.85)
[velocity_path_follower.py-9] [INFO] [1786823297.868329449] [velocity_path_follower]: waypoint 3763 / 5251 도달 (선 이탈 0.00 m)
[velocity_path_follower.py-9] [INFO] [1786823298.218082347] [velocity_path_follower]: waypoint 3764 / 5251 도달 (선 이탈 0.01 m)
[velocity_path_follower.py-9] [INFO] [1786823298.568126301] [velocity_path_follower]: waypoint 3765 / 5251 도달 (선 이탈 0.01 m)
[velocity_path_follower.py-9] [INFO] [1786823298.968402445] [velocity_path_follower]: waypoint 3766 / 5251 도달 (선 이탈 0.01 m)
[velocity_path_follower.py-9] [INFO] [1786823299.318429275] [velocity_path_follower]: waypoint 3767 / 5251 도달 (선 이탈 0.01 m)
[velocity_path_follower.py-9] [INFO] [1786823299.672660858] [velocity_path_follower]: waypoint 3768 / 5251 도달 (선 이탈 0.01 m)
[velocity_path_follower.py-9] [INFO] [1786823300.022617560] [velocity_path_follower]: waypoint 3769 / 5251 도달 (선 이탈 0.01 m)
[velocity_path_follower.py-9] [INFO] [1786823300.372954408] [velocity_path_follower]: waypoint 3770 / 5251 도달 (선 이탈 0.01 m)
[velocity_path_follower.py-9] [INFO] [1786823300.722635473] [velocity_path_follower]: waypoint 3771 / 5251 도달 (선 이탈 0.01 m)
[velocity_path_follower.py-9] [INFO] [1786823301.074875917] [velocity_path_follower]: waypoint 3772 / 5251 도달 (선 이탈 0.01 m)
[velocity_path_follower.py-9] [INFO] [1786823301.424831081] [velocity_path_follower]: waypoint 3773 / 5251 도달 (선 이탈 0.01 m)
[velocity_path_follower.py-9] [INFO] [1786823301.774643238] [velocity_path_follower]: waypoint 3774 / 5251 도달 (선 이탈 0.01 m)
[velocity_path_follower.py-9] [INFO] [1786823302.124847748] [velocity_path_follower]: waypoint 3775 / 5251 도달 (선 이탈 0.01 m)
[velocity_path_follower.py-9] [INFO] [1786823302.474682075] [velocity_path_follower]: waypoint 3776 / 5251 도달 (선 이탈 0.01 m)
[velocity_path_follower.py-9] [INFO] [1786823302.676804980] [velocity_path_follower]: 1640.0s  wp 3777/5251 이탈0.0m  위치 (  29.69,   -94.09,  13.78)
[velocity_path_follower.py-9] [INFO] [1786823302.878820296] [velocity_path_follower]: waypoint 3777 / 5251 도달 (선 이탈 0.01 m)
[velocity_path_follower.py-9] [INFO] [1786823303.228906428] [velocity_path_follower]: waypoint 3778 / 5251 도달 (선 이탈 0.01 m)
[velocity_path_follower.py-9] [INFO] [1786823303.578937391] [velocity_path_follower]: waypoint 3779 / 5251 도달 (선 이탈 0.00 m)
[velocity_path_follower.py-9] [INFO] [1786823303.928687882] [velocity_path_follower]: waypoint 3780 / 5251 도달 (선 이탈 0.00 m)
[velocity_path_follower.py-9] [INFO] [1786823304.228855799] [velocity_path_follower]: waypoint 3781 / 5251 도달 (선 이탈 0.00 m)
[velocity_path_follower.py-9] [INFO] [1786823304.628662599] [velocity_path_follower]: waypoint 3782 / 5251 도달 (선 이탈 0.00 m)
[velocity_path_follower.py-9] [INFO] [1786823304.979582067] [velocity_path_follower]: waypoint 3783 / 5251 도달 (선 이탈 0.00 m)
[velocity_path_follower.py-9] [INFO] [1786823305.328874413] [velocity_path_follower]: waypoint 3784 / 5251 도달 (선 이탈 0.00 m)
[velocity_path_follower.py-9] [INFO] [1786823305.678826043] [velocity_path_follower]: waypoint 3785 / 5251 도달 (선 이탈 0.00 m)
[velocity_path_follower.py-9] [INFO] [1786823306.028868469] [velocity_path_follower]: waypoint 3786 / 5251 도달 (선 이탈 0.00 m)
[velocity_path_follower.py-9] [INFO] [1786823306.378697135] [velocity_path_follower]: waypoint 3787 / 5251 도달 (선 이탈 0.00 m)
[velocity_path_follower.py-9] [INFO] [1786823306.728787649] [velocity_path_follower]: waypoint 3788 / 5251 도달 (선 이탈 0.00 m)
[velocity_path_follower.py-9] [INFO] [1786823307.078747781] [velocity_path_follower]: waypoint 3789 / 5251 도달 (선 이탈 0.00 m)
[velocity_path_follower.py-9] [INFO] [1786823307.428905883] [velocity_path_follower]: waypoint 3790 / 5251 도달 (선 이탈 0.00 m)
[velocity_path_follower.py-9] [INFO] [1786823307.678647937] [velocity_path_follower]: 1645.0s  wp 3791/5251 이탈0.0m  위치 (  36.82,   -94.10,  11.71)
[velocity_path_follower.py-9] [INFO] [1786823307.728824293] [velocity_path_follower]: waypoint 3791 / 5251 도달 (선 이탈 0.00 m)
[velocity_path_follower.py-9] [INFO] [1786823308.131663169] [velocity_path_follower]: waypoint 3792 / 5251 도달 (선 이탈 0.00 m)
[velocity_path_follower.py-9] [INFO] [1786823308.431908597] [velocity_path_follower]: waypoint 3793 / 5251 도달 (선 이탈 0.00 m)
[velocity_path_follower.py-9] [INFO] [1786823308.781820396] [velocity_path_follower]: waypoint 3794 / 5251 도달 (선 이탈 0.00 m)
[velocity_path_follower.py-9] [INFO] [1786823309.183972782] [velocity_path_follower]: waypoint 3795 / 5251 도달 (선 이탈 0.00 m)
[velocity_path_follower.py-9] [INFO] [1786823309.484013118] [velocity_path_follower]: waypoint 3796 / 5251 도달 (선 이탈 0.00 m)
[velocity_path_follower.py-9] [INFO] [1786823309.883861513] [velocity_path_follower]: waypoint 3797 / 5251 도달 (선 이탈 0.00 m)
[velocity_path_follower.py-9] [INFO] [1786823310.183904017] [velocity_path_follower]: waypoint 3798 / 5251 도달 (선 이탈 0.00 m)
[velocity_path_follower.py-9] [INFO] [1786823310.533978787] [velocity_path_follower]: waypoint 3799 / 5251 도달 (선 이탈 0.00 m)
[velocity_path_follower.py-9] [INFO] [1786823310.883932968] [velocity_path_follower]: waypoint 3800 / 5251 도달 (선 이탈 0.00 m)
[velocity_path_follower.py-9] [INFO] [1786823311.233654929] [velocity_path_follower]: waypoint 3801 / 5251 도달 (선 이탈 0.00 m)
[velocity_path_follower.py-9] [INFO] [1786823311.583864708] [velocity_path_follower]: waypoint 3802 / 5251 도달 (선 이탈 0.00 m)
[velocity_path_follower.py-9] [INFO] [1786823311.938933981] [velocity_path_follower]: waypoint 3803 / 5251 도달 (선 이탈 0.00 m)
[velocity_path_follower.py-9] [INFO] [1786823312.288858164] [velocity_path_follower]: waypoint 3804 / 5251 도달 (선 이탈 0.00 m)
[velocity_path_follower.py-9] [INFO] [1786823312.638825724] [velocity_path_follower]: waypoint 3805 / 5251 도달 (선 이탈 0.00 m)
[velocity_path_follower.py-9] [INFO] [1786823312.688822905] [velocity_path_follower]: 1650.0s  wp 3806/5251 이탈0.0m  위치 (  44.01,   -94.10,  11.81)
[velocity_path_follower.py-9] [INFO] [1786823312.988804326] [velocity_path_follower]: waypoint 3806 / 5251 도달 (선 이탈 0.00 m)
[velocity_path_follower.py-9] [INFO] [1786823313.338674466] [velocity_path_follower]: waypoint 3807 / 5251 도달 (선 이탈 0.00 m)
[velocity_path_follower.py-9] [INFO] [1786823313.691341205] [velocity_path_follower]: waypoint 3808 / 5251 도달 (선 이탈 0.00 m)
[velocity_path_follower.py-9] [INFO] [1786823314.041222596] [velocity_path_follower]: waypoint 3809 / 5251 도달 (선 이탈 0.00 m)
[velocity_path_follower.py-9] [INFO] [1786823314.391231162] [velocity_path_follower]: waypoint 3810 / 5251 도달 (선 이탈 0.00 m)
[velocity_path_follower.py-9] [INFO] [1786823314.741500866] [velocity_path_follower]: waypoint 3811 / 5251 도달 (선 이탈 0.00 m)
[velocity_path_follower.py-9] [INFO] [1786823315.091224459] [velocity_path_follower]: waypoint 3812 / 5251 도달 (선 이탈 0.00 m)
[velocity_path_follower.py-9] [INFO] [1786823315.441313781] [velocity_path_follower]: waypoint 3813 / 5251 도달 (선 이탈 0.00 m)
[velocity_path_follower.py-9] [INFO] [1786823315.791344391] [velocity_path_follower]: waypoint 3814 / 5251 도달 (선 이탈 0.00 m)
[velocity_path_follower.py-9] [INFO] [1786823316.091437323] [velocity_path_follower]: waypoint 3815 / 5251 도달 (선 이탈 0.00 m)
[velocity_path_follower.py-9] [INFO] [1786823316.442135552] [velocity_path_follower]: waypoint 3816 / 5251 도달 (선 이탈 0.00 m)
[velocity_path_follower.py-9] [INFO] [1786823316.791466170] [velocity_path_follower]: waypoint 3817 / 5251 도달 (선 이탈 0.00 m)
[velocity_path_follower.py-9] [INFO] [1786823317.141509826] [velocity_path_follower]: waypoint 3818 / 5251 도달 (선 이탈 0.00 m)
[velocity_path_follower.py-9] [INFO] [1786823317.491305594] [velocity_path_follower]: waypoint 3819 / 5251 도달 (선 이탈 0.00 m)
[velocity_path_follower.py-9] [INFO] [1786823317.691076481] [velocity_path_follower]: 1655.0s  wp 3820/5251 이탈0.0m  위치 (  51.21,   -94.10,  12.25)
[velocity_path_follower.py-9] [INFO] [1786823317.841250371] [velocity_path_follower]: waypoint 3820 / 5251 도달 (선 이탈 0.00 m)
[velocity_path_follower.py-9] [INFO] [1786823318.191214232] [velocity_path_follower]: waypoint 3821 / 5251 도달 (선 이탈 0.00 m)
[velocity_path_follower.py-9] [INFO] [1786823318.541302393] [velocity_path_follower]: waypoint 3822 / 5251 도달 (선 이탈 0.00 m)
[velocity_path_follower.py-9] [INFO] [1786823318.891221378] [velocity_path_follower]: waypoint 3823 / 5251 도달 (선 이탈 0.00 m)
[velocity_path_follower.py-9] [INFO] [1786823319.241199992] [velocity_path_follower]: waypoint 3824 / 5251 도달 (선 이탈 0.00 m)
[velocity_path_follower.py-9] [INFO] [1786823319.593624272] [velocity_path_follower]: waypoint 3825 / 5251 도달 (선 이탈 0.00 m)
[velocity_path_follower.py-9] [INFO] [1786823319.943437420] [velocity_path_follower]: waypoint 3826 / 5251 도달 (선 이탈 0.00 m)
[velocity_path_follower.py-9] [INFO] [1786823320.293326241] [velocity_path_follower]: waypoint 3827 / 5251 도달 (선 이탈 0.00 m)
[velocity_path_follower.py-9] [INFO] [1786823320.643313400] [velocity_path_follower]: waypoint 3828 / 5251 도달 (선 이탈 0.00 m)
[velocity_path_follower.py-9] [INFO] [1786823320.993363770] [velocity_path_follower]: waypoint 3829 / 5251 도달 (선 이탈 0.00 m)
[velocity_path_follower.py-9] [INFO] [1786823321.343481312] [velocity_path_follower]: waypoint 3830 / 5251 도달 (선 이탈 0.00 m)
[velocity_path_follower.py-9] [INFO] [1786823321.693471973] [velocity_path_follower]: waypoint 3831 / 5251 도달 (선 이탈 0.00 m)
[velocity_path_follower.py-9] [INFO] [1786823321.995873238] [velocity_path_follower]: waypoint 3832 / 5251 도달 (선 이탈 0.00 m)
[velocity_path_follower.py-9] [INFO] [1786823322.395871752] [velocity_path_follower]: waypoint 3833 / 5251 도달 (선 이탈 0.00 m)
[velocity_path_follower.py-9] [INFO] [1786823322.695956902] [velocity_path_follower]: waypoint 3834 / 5251 도달 (선 이탈 0.00 m)
[velocity_path_follower.py-9] [INFO] [1786823322.745878082] [velocity_path_follower]: 1660.1s  wp 3835/5251 이탈0.0m  위치 (  58.50,   -94.10,  10.06)
[velocity_path_follower.py-9] [INFO] [1786823323.045829226] [velocity_path_follower]: waypoint 3835 / 5251 도달 (선 이탈 0.00 m)
[velocity_path_follower.py-9] [INFO] [1786823323.395858850] [velocity_path_follower]: waypoint 3836 / 5251 도달 (선 이탈 0.00 m)
[velocity_path_follower.py-9] [INFO] [1786823323.745593127] [velocity_path_follower]: waypoint 3837 / 5251 도달 (선 이탈 0.00 m)
[velocity_path_follower.py-9] [INFO] [1786823327.695633232] [velocity_path_follower]: 1665.0s  wp 3838/5251 이탈2.6m  위치 (  63.98,   -92.38,  11.07)
[velocity_path_follower.py-9] [INFO] [1786823328.795829739] [velocity_path_follower]: waypoint 3838 / 5251 도달 (선 이탈 2.90 m)
[velocity_path_follower.py-9] [INFO] [1786823332.698625898] [velocity_path_follower]: 1670.0s  wp 3840/5251 이탈1.1m  위치 (  63.11,   -88.96,  11.90)
[velocity_path_follower.py-9] [INFO] [1786823333.698270698] [velocity_path_follower]: waypoint 3840 / 5251 도달 (선 이탈 1.42 m)
[velocity_path_follower.py-9] [INFO] [1786823334.348576186] [velocity_path_follower]: waypoint 3841 / 5251 도달 (선 이탈 1.49 m)
[velocity_path_follower.py-9] [INFO] [1786823334.998139471] [velocity_path_follower]: waypoint 3842 / 5251 도달 (선 이탈 1.49 m)
[velocity_path_follower.py-9] [INFO] [1786823335.598093008] [velocity_path_follower]: waypoint 3843 / 5251 도달 (선 이탈 1.43 m)
[velocity_path_follower.py-9] [INFO] [1786823336.150297097] [velocity_path_follower]: waypoint 3844 / 5251 도달 (선 이탈 1.33 m)
[velocity_path_follower.py-9] [INFO] [1786823336.700207031] [velocity_path_follower]: waypoint 3845 / 5251 도달 (선 이탈 1.19 m)
[velocity_path_follower.py-9] [INFO] [1786823337.200090277] [velocity_path_follower]: waypoint 3846 / 5251 도달 (선 이탈 1.04 m)
[velocity_path_follower.py-9] [INFO] [1786823337.702946341] [velocity_path_follower]: 1675.0s  wp 3847/5251 이탈0.9m  위치 (  58.91,   -89.23,  11.15)
[velocity_path_follower.py-9] [INFO] [1786823337.753092203] [velocity_path_follower]: waypoint 3847 / 5251 도달 (선 이탈 0.85 m)
[velocity_path_follower.py-9] [INFO] [1786823338.253110083] [velocity_path_follower]: waypoint 3848 / 5251 도달 (선 이탈 0.68 m)
[velocity_path_follower.py-9] [INFO] [1786823338.753011709] [velocity_path_follower]: waypoint 3849 / 5251 도달 (선 이탈 0.48 m)
[velocity_path_follower.py-9] [INFO] [1786823339.203017861] [velocity_path_follower]: waypoint 3850 / 5251 도달 (선 이탈 0.30 m)
[velocity_path_follower.py-9] [INFO] [1786823339.652949678] [velocity_path_follower]: waypoint 3851 / 5251 도달 (선 이탈 0.14 m)
[velocity_path_follower.py-9] [INFO] [1786823340.103147508] [velocity_path_follower]: waypoint 3852 / 5251 도달 (선 이탈 0.03 m)
[velocity_path_follower.py-9] [INFO] [1786823340.553035783] [velocity_path_follower]: waypoint 3853 / 5251 도달 (선 이탈 0.18 m)
[velocity_path_follower.py-9] [INFO] [1786823341.003608217] [velocity_path_follower]: waypoint 3854 / 5251 도달 (선 이탈 0.32 m)
[velocity_path_follower.py-9] [INFO] [1786823341.402893900] [velocity_path_follower]: waypoint 3855 / 5251 도달 (선 이탈 0.43 m)
[velocity_path_follower.py-9] [INFO] [1786823341.802974790] [velocity_path_follower]: waypoint 3856 / 5251 도달 (선 이탈 0.52 m)
[velocity_path_follower.py-9] [INFO] [1786823342.253165917] [velocity_path_follower]: waypoint 3857 / 5251 도달 (선 이탈 0.60 m)
[velocity_path_follower.py-9] [INFO] [1786823342.653050007] [velocity_path_follower]: waypoint 3858 / 5251 도달 (선 이탈 0.65 m)
[velocity_path_follower.py-9] [INFO] [1786823342.702930565] [velocity_path_follower]: 1680.0s  wp 3859/5251 이탈0.7m  위치 (  53.29,   -90.76,  10.71)
[velocity_path_follower.py-9] [INFO] [1786823343.053030394] [velocity_path_follower]: waypoint 3859 / 5251 도달 (선 이탈 0.69 m)
[velocity_path_follower.py-9] [INFO] [1786823343.453236835] [velocity_path_follower]: waypoint 3860 / 5251 도달 (선 이탈 0.71 m)
[velocity_path_follower.py-9] [INFO] [1786823343.853064800] [velocity_path_follower]: waypoint 3861 / 5251 도달 (선 이탈 0.72 m)
[velocity_path_follower.py-9] [INFO] [1786823344.252895015] [velocity_path_follower]: waypoint 3862 / 5251 도달 (선 이탈 0.71 m)
[velocity_path_follower.py-9] [INFO] [1786823344.653113709] [velocity_path_follower]: waypoint 3863 / 5251 도달 (선 이탈 0.68 m)
[velocity_path_follower.py-9] [INFO] [1786823345.003186373] [velocity_path_follower]: waypoint 3864 / 5251 도달 (선 이탈 0.65 m)
[velocity_path_follower.py-9] [INFO] [1786823345.403111346] [velocity_path_follower]: waypoint 3865 / 5251 도달 (선 이탈 0.60 m)
[velocity_path_follower.py-9] [INFO] [1786823345.803014360] [velocity_path_follower]: waypoint 3866 / 5251 도달 (선 이탈 0.54 m)
[velocity_path_follower.py-9] [INFO] [1786823346.202978336] [velocity_path_follower]: waypoint 3867 / 5251 도달 (선 이탈 0.47 m)
[velocity_path_follower.py-9] [INFO] [1786823346.602936188] [velocity_path_follower]: waypoint 3868 / 5251 도달 (선 이탈 0.40 m)
[velocity_path_follower.py-9] [INFO] [1786823346.952888891] [velocity_path_follower]: waypoint 3869 / 5251 도달 (선 이탈 0.33 m)
[velocity_path_follower.py-9] [INFO] [1786823347.352946624] [velocity_path_follower]: waypoint 3870 / 5251 도달 (선 이탈 0.25 m)
[velocity_path_follower.py-9] [INFO] [1786823347.703055795] [velocity_path_follower]: waypoint 3871 / 5251 도달 (선 이탈 0.18 m)
[velocity_path_follower.py-9] [INFO] [1786823347.752864017] [velocity_path_follower]: 1685.1s  wp 3872/5251 이탈0.2m  위치 (  46.83,   -90.27,  11.81)
[velocity_path_follower.py-9] [INFO] [1786823348.102995357] [velocity_path_follower]: waypoint 3872 / 5251 도달 (선 이탈 0.10 m)
[velocity_path_follower.py-9] [INFO] [1786823348.453075944] [velocity_path_follower]: waypoint 3873 / 5251 도달 (선 이탈 0.03 m)
[velocity_path_follower.py-9] [INFO] [1786823348.854964231] [velocity_path_follower]: waypoint 3874 / 5251 도달 (선 이탈 0.04 m)
[velocity_path_follower.py-9] [INFO] [1786823349.203066636] [velocity_path_follower]: waypoint 3875 / 5251 도달 (선 이탈 0.10 m)
[velocity_path_follower.py-9] [INFO] [1786823349.603175002] [velocity_path_follower]: waypoint 3876 / 5251 도달 (선 이탈 0.17 m)
[velocity_path_follower.py-9] [INFO] [1786823349.953066165] [velocity_path_follower]: waypoint 3877 / 5251 도달 (선 이탈 0.22 m)
[velocity_path_follower.py-9] [INFO] [1786823350.303145881] [velocity_path_follower]: waypoint 3878 / 5251 도달 (선 이탈 0.26 m)
[velocity_path_follower.py-9] [INFO] [1786823350.703003861] [velocity_path_follower]: waypoint 3879 / 5251 도달 (선 이탈 0.30 m)
[velocity_path_follower.py-9] [INFO] [1786823351.053091202] [velocity_path_follower]: waypoint 3880 / 5251 도달 (선 이탈 0.33 m)
[velocity_path_follower.py-9] [INFO] [1786823351.403028205] [velocity_path_follower]: waypoint 3881 / 5251 도달 (선 이탈 0.35 m)
[velocity_path_follower.py-9] [INFO] [1786823351.753228721] [velocity_path_follower]: waypoint 3882 / 5251 도달 (선 이탈 0.36 m)
[velocity_path_follower.py-9] [INFO] [1786823352.103101887] [velocity_path_follower]: waypoint 3883 / 5251 도달 (선 이탈 0.37 m)
[velocity_path_follower.py-9] [INFO] [1786823352.453062517] [velocity_path_follower]: waypoint 3884 / 5251 도달 (선 이탈 0.37 m)
[velocity_path_follower.py-9] [INFO] [1786823352.702989971] [velocity_path_follower]: 1690.0s  wp 3885/5251 이탈0.4m  위치 (  40.06,   -89.73,  13.64)
[velocity_path_follower.py-9] [INFO] [1786823352.853013505] [velocity_path_follower]: waypoint 3885 / 5251 도달 (선 이탈 0.37 m)
[velocity_path_follower.py-9] [INFO] [1786823353.203429118] [velocity_path_follower]: waypoint 3886 / 5251 도달 (선 이탈 0.35 m)
[velocity_path_follower.py-9] [INFO] [1786823353.553007231] [velocity_path_follower]: waypoint 3887 / 5251 도달 (선 이탈 0.34 m)
[velocity_path_follower.py-9] [INFO] [1786823353.903033074] [velocity_path_follower]: waypoint 3888 / 5251 도달 (선 이탈 0.31 m)
[velocity_path_follower.py-9] [INFO] [1786823354.303020901] [velocity_path_follower]: waypoint 3889 / 5251 도달 (선 이탈 0.29 m)
[velocity_path_follower.py-9] [INFO] [1786823354.653128376] [velocity_path_follower]: waypoint 3890 / 5251 도달 (선 이탈 0.26 m)
[velocity_path_follower.py-9] [INFO] [1786823355.003090051] [velocity_path_follower]: waypoint 3891 / 5251 도달 (선 이탈 0.22 m)
[velocity_path_follower.py-9] [INFO] [1786823355.352990975] [velocity_path_follower]: waypoint 3892 / 5251 도달 (선 이탈 0.19 m)
[velocity_path_follower.py-9] [INFO] [1786823355.703129453] [velocity_path_follower]: waypoint 3893 / 5251 도달 (선 이탈 0.15 m)
[velocity_path_follower.py-9] [INFO] [1786823356.052888078] [velocity_path_follower]: waypoint 3894 / 5251 도달 (선 이탈 0.12 m)
[velocity_path_follower.py-9] [INFO] [1786823356.403086311] [velocity_path_follower]: waypoint 3895 / 5251 도달 (선 이탈 0.08 m)
[velocity_path_follower.py-9] [INFO] [1786823356.753090992] [velocity_path_follower]: waypoint 3896 / 5251 도달 (선 이탈 0.04 m)
[velocity_path_follower.py-9] [INFO] [1786823357.153111950] [velocity_path_follower]: waypoint 3897 / 5251 도달 (선 이탈 0.00 m)
[velocity_path_follower.py-9] [INFO] [1786823357.453255655] [velocity_path_follower]: waypoint 3898 / 5251 도달 (선 이탈 0.03 m)
[velocity_path_follower.py-9] [INFO] [1786823357.702971563] [velocity_path_follower]: 1695.0s  wp 3899/5251 이탈0.0m  위치 (  33.05,   -90.15,  11.41)
[velocity_path_follower.py-9] [INFO] [1786823357.853019727] [velocity_path_follower]: waypoint 3899 / 5251 도달 (선 이탈 0.06 m)
[velocity_path_follower.py-9] [INFO] [1786823358.203008160] [velocity_path_follower]: waypoint 3900 / 5251 도달 (선 이탈 0.09 m)
[velocity_path_follower.py-9] [INFO] [1786823358.553065847] [velocity_path_follower]: waypoint 3901 / 5251 도달 (선 이탈 0.11 m)
[velocity_path_follower.py-9] [INFO] [1786823358.902995778] [velocity_path_follower]: waypoint 3902 / 5251 도달 (선 이탈 0.14 m)
[velocity_path_follower.py-9] [INFO] [1786823359.253004963] [velocity_path_follower]: waypoint 3903 / 5251 도달 (선 이탈 0.15 m)
[velocity_path_follower.py-9] [INFO] [1786823359.602990107] [velocity_path_follower]: waypoint 3904 / 5251 도달 (선 이탈 0.17 m)
[velocity_path_follower.py-9] [INFO] [1786823359.952936165] [velocity_path_follower]: waypoint 3905 / 5251 도달 (선 이탈 0.18 m)
[velocity_path_follower.py-9] [INFO] [1786823360.303118736] [velocity_path_follower]: waypoint 3906 / 5251 도달 (선 이탈 0.19 m)
[velocity_path_follower.py-9] [INFO] [1786823360.653179469] [velocity_path_follower]: waypoint 3907 / 5251 도달 (선 이탈 0.19 m)
[velocity_path_follower.py-9] [INFO] [1786823361.003480546] [velocity_path_follower]: waypoint 3908 / 5251 도달 (선 이탈 0.19 m)
[velocity_path_follower.py-9] [INFO] [1786823361.353153344] [velocity_path_follower]: waypoint 3909 / 5251 도달 (선 이탈 0.19 m)
[velocity_path_follower.py-9] [INFO] [1786823361.703014943] [velocity_path_follower]: waypoint 3910 / 5251 도달 (선 이탈 0.18 m)
[velocity_path_follower.py-9] [INFO] [1786823362.053103428] [velocity_path_follower]: waypoint 3911 / 5251 도달 (선 이탈 0.17 m)
[velocity_path_follower.py-9] [INFO] [1786823362.403058492] [velocity_path_follower]: waypoint 3912 / 5251 도달 (선 이탈 0.16 m)
[velocity_path_follower.py-9] [INFO] [1786823362.702827435] [velocity_path_follower]: 1700.0s  wp 3913/5251 이탈0.1m  위치 (  25.94,   -90.25,  11.01)
[velocity_path_follower.py-9] [INFO] [1786823362.753085934] [velocity_path_follower]: waypoint 3913 / 5251 도달 (선 이탈 0.15 m)
[velocity_path_follower.py-9] [INFO] [1786823363.103273677] [velocity_path_follower]: waypoint 3914 / 5251 도달 (선 이탈 0.13 m)
[velocity_path_follower.py-9] [INFO] [1786823363.453090568] [velocity_path_follower]: waypoint 3915 / 5251 도달 (선 이탈 0.12 m)
[velocity_path_follower.py-9] [INFO] [1786823363.803067718] [velocity_path_follower]: waypoint 3916 / 5251 도달 (선 이탈 0.10 m)
[velocity_path_follower.py-9] [INFO] [1786823364.153058411] [velocity_path_follower]: waypoint 3917 / 5251 도달 (선 이탈 0.08 m)
[velocity_path_follower.py-9] [INFO] [1786823364.503627550] [velocity_path_follower]: waypoint 3918 / 5251 도달 (선 이탈 0.06 m)
[velocity_path_follower.py-9] [INFO] [1786823364.852973753] [velocity_path_follower]: waypoint 3919 / 5251 도달 (선 이탈 0.04 m)
[velocity_path_follower.py-9] [INFO] [1786823365.203372510] [velocity_path_follower]: waypoint 3920 / 5251 도달 (선 이탈 0.02 m)
[velocity_path_follower.py-9] [INFO] [1786823365.553161320] [velocity_path_follower]: waypoint 3921 / 5251 도달 (선 이탈 0.00 m)
[velocity_path_follower.py-9] [INFO] [1786823365.903039343] [velocity_path_follower]: waypoint 3922 / 5251 도달 (선 이탈 0.02 m)
[velocity_path_follower.py-9] [INFO] [1786823366.253034623] [velocity_path_follower]: waypoint 3923 / 5251 도달 (선 이탈 0.03 m)
[velocity_path_follower.py-9] [INFO] [1786823366.603336669] [velocity_path_follower]: waypoint 3924 / 5251 도달 (선 이탈 0.05 m)
[velocity_path_follower.py-9] [INFO] [1786823366.952965098] [velocity_path_follower]: waypoint 3925 / 5251 도달 (선 이탈 0.06 m)
[velocity_path_follower.py-9] [INFO] [1786823367.303010216] [velocity_path_follower]: waypoint 3926 / 5251 도달 (선 이탈 0.07 m)
[velocity_path_follower.py-9] [INFO] [1786823367.652990539] [velocity_path_follower]: waypoint 3927 / 5251 도달 (선 이탈 0.08 m)
[velocity_path_follower.py-9] [INFO] [1786823367.703546387] [velocity_path_follower]: 1705.0s  wp 3928/5251 이탈0.1m  위치 (  18.77,   -90.02,  10.55)
[velocity_path_follower.py-9] [INFO] [1786823368.003564850] [velocity_path_follower]: waypoint 3928 / 5251 도달 (선 이탈 0.09 m)
[velocity_path_follower.py-9] [INFO] [1786823368.353115403] [velocity_path_follower]: waypoint 3929 / 5251 도달 (선 이탈 0.10 m)
[velocity_path_follower.py-9] [INFO] [1786823368.703180607] [velocity_path_follower]: waypoint 3930 / 5251 도달 (선 이탈 0.10 m)
[velocity_path_follower.py-9] [INFO] [1786823369.053000174] [velocity_path_follower]: waypoint 3931 / 5251 도달 (선 이탈 0.10 m)
[velocity_path_follower.py-9] [INFO] [1786823369.403000918] [velocity_path_follower]: waypoint 3932 / 5251 도달 (선 이탈 0.10 m)
[velocity_path_follower.py-9] [INFO] [1786823369.703163183] [velocity_path_follower]: waypoint 3933 / 5251 도달 (선 이탈 0.10 m)
[velocity_path_follower.py-9] [INFO] [1786823370.103018950] [velocity_path_follower]: waypoint 3934 / 5251 도달 (선 이탈 0.10 m)
[velocity_path_follower.py-9] [INFO] [1786823370.403023375] [velocity_path_follower]: waypoint 3935 / 5251 도달 (선 이탈 0.09 m)
[velocity_path_follower.py-9] [INFO] [1786823370.805779122] [velocity_path_follower]: waypoint 3936 / 5251 도달 (선 이탈 0.09 m)
[velocity_path_follower.py-9] [INFO] [1786823371.105853343] [velocity_path_follower]: waypoint 3937 / 5251 도달 (선 이탈 0.08 m)
[velocity_path_follower.py-9] [INFO] [1786823371.455868591] [velocity_path_follower]: waypoint 3938 / 5251 도달 (선 이탈 0.07 m)
[velocity_path_follower.py-9] [INFO] [1786823371.805869755] [velocity_path_follower]: waypoint 3939 / 5251 도달 (선 이탈 0.06 m)
[velocity_path_follower.py-9] [INFO] [1786823372.156044137] [velocity_path_follower]: waypoint 3940 / 5251 도달 (선 이탈 0.06 m)
[ros2-8] [INFO] [1786823372.397358763] [rosbag2_cpp]: Writing remaining messages from cache to the bag. It may take a while
[velocity_path_follower.py-9] [INFO] [1786823372.507888230] [velocity_path_follower]: waypoint 3941 / 5251 도달 (선 이탈 0.05 m)
[velocity_path_follower.py-9] [INFO] [1786823372.707950393] [velocity_path_follower]: 1710.0s  climb       위치 (  11.58,   -90.06,   6.40)
[velocity_path_follower.py-9] [INFO] [1786823375.508096705] [velocity_path_follower]: waypoint 3942 / 5251 도달 (선 이탈 0.03 m)
[velocity_path_follower.py-9] [INFO] [1786823375.557813388] [velocity_path_follower]: waypoint 3943 / 5251 도달 (선 이탈 0.03 m)
[velocity_path_follower.py-9] [INFO] [1786823375.608080390] [velocity_path_follower]: waypoint 3944 / 5251 도달 (선 이탈 0.03 m)
[velocity_path_follower.py-9] [INFO] [1786823375.657632439] [velocity_path_follower]: waypoint 3945 / 5251 도달 (선 이탈 0.03 m)
[velocity_path_follower.py-9] [INFO] [1786823375.707852064] [velocity_path_follower]: waypoint 3946 / 5251 도달 (선 이탈 0.03 m)
[velocity_path_follower.py-9] [INFO] [1786823375.757683169] [velocity_path_follower]: waypoint 3947 / 5251 도달 (선 이탈 0.03 m)
[velocity_path_follower.py-9] [INFO] [1786823375.807752036] [velocity_path_follower]: waypoint 3948 / 5251 도달 (선 이탈 0.03 m)
[velocity_path_follower.py-9] [INFO] [1786823376.158245191] [velocity_path_follower]: waypoint 3949 / 5251 도달 (선 이탈 0.04 m)
[velocity_path_follower.py-9] [INFO] [1786823376.757889456] [velocity_path_follower]: waypoint 3950 / 5251 도달 (선 이탈 0.05 m)
[velocity_path_follower.py-9] [INFO] [1786823377.307986757] [velocity_path_follower]: waypoint 3951 / 5251 도달 (선 이탈 0.05 m)
[velocity_path_follower.py-9] [INFO] [1786823377.707834912] [velocity_path_follower]: 1715.0s  wp 3952/5251 이탈0.1m  위치 (   6.52,   -90.15,   7.52)
[velocity_path_follower.py-9] [INFO] [1786823377.857740666] [velocity_path_follower]: waypoint 3952 / 5251 도달 (선 이탈 0.05 m)
[velocity_path_follower.py-9] [INFO] [1786823378.357630137] [velocity_path_follower]: waypoint 3953 / 5251 도달 (선 이탈 0.05 m)
[velocity_path_follower.py-9] [INFO] [1786823378.858008049] [velocity_path_follower]: waypoint 3954 / 5251 도달 (선 이탈 0.05 m)
[velocity_path_follower.py-9] [INFO] [1786823379.307969203] [velocity_path_follower]: waypoint 3955 / 5251 도달 (선 이탈 0.05 m)
[velocity_path_follower.py-9] [INFO] [1786823379.807869469] [velocity_path_follower]: waypoint 3956 / 5251 도달 (선 이탈 0.04 m)
[velocity_path_follower.py-9] [INFO] [1786823380.208068438] [velocity_path_follower]: waypoint 3957 / 5251 도달 (선 이탈 0.04 m)
[velocity_path_follower.py-9] [INFO] [1786823380.657690035] [velocity_path_follower]: waypoint 3958 / 5251 도달 (선 이탈 0.03 m)
[velocity_path_follower.py-9] [INFO] [1786823381.107847410] [velocity_path_follower]: waypoint 3959 / 5251 도달 (선 이탈 0.03 m)
[velocity_path_follower.py-9] [INFO] [1786823381.507693365] [velocity_path_follower]: waypoint 3960 / 5251 도달 (선 이탈 0.02 m)
[velocity_path_follower.py-9] [INFO] [1786823381.910054946] [velocity_path_follower]: waypoint 3961 / 5251 도달 (선 이탈 0.01 m)
[velocity_path_follower.py-9] [INFO] [1786823382.310061451] [velocity_path_follower]: waypoint 3962 / 5251 도달 (선 이탈 0.01 m)
[velocity_path_follower.py-9] [INFO] [1786823382.710004246] [velocity_path_follower]: waypoint 3963 / 5251 도달 (선 이탈 0.00 m)
[velocity_path_follower.py-9] [INFO] [1786823382.759648218] [velocity_path_follower]: 1720.1s  wp 3964/5251 이탈0.0m  위치 (   0.84,   -90.10,   7.99)
[velocity_path_follower.py-9] [INFO] [1786823383.110074880] [velocity_path_follower]: waypoint 3964 / 5251 도달 (선 이탈 0.00 m)
[velocity_path_follower.py-9] [INFO] [1786823383.509967132] [velocity_path_follower]: waypoint 3965 / 5251 도달 (선 이탈 0.01 m)
[velocity_path_follower.py-9] [INFO] [1786823383.910091229] [velocity_path_follower]: waypoint 3966 / 5251 도달 (선 이탈 0.01 m)
[velocity_path_follower.py-9] [INFO] [1786823384.310025901] [velocity_path_follower]: waypoint 3967 / 5251 도달 (선 이탈 0.02 m)
[velocity_path_follower.py-9] [INFO] [1786823384.709876569] [velocity_path_follower]: waypoint 3968 / 5251 도달 (선 이탈 0.02 m)
[velocity_path_follower.py-9] [INFO] [1786823385.060020428] [velocity_path_follower]: waypoint 3969 / 5251 도달 (선 이탈 0.02 m)
[velocity_path_follower.py-9] [INFO] [1786823385.459862265] [velocity_path_follower]: waypoint 3970 / 5251 도달 (선 이탈 0.02 m)
[velocity_path_follower.py-9] [INFO] [1786823385.809926246] [velocity_path_follower]: waypoint 3971 / 5251 도달 (선 이탈 0.03 m)
[velocity_path_follower.py-9] [INFO] [1786823386.209953551] [velocity_path_follower]: waypoint 3972 / 5251 도달 (선 이탈 0.03 m)
[velocity_path_follower.py-9] [INFO] [1786823386.559978032] [velocity_path_follower]: waypoint 3973 / 5251 도달 (선 이탈 0.03 m)
[velocity_path_follower.py-9] [INFO] [1786823386.909875132] [velocity_path_follower]: waypoint 3974 / 5251 도달 (선 이탈 0.03 m)
[velocity_path_follower.py-9] [INFO] [1786823387.309987819] [velocity_path_follower]: waypoint 3975 / 5251 도달 (선 이탈 0.02 m)
[velocity_path_follower.py-9] [INFO] [1786823387.659944131] [velocity_path_follower]: waypoint 3976 / 5251 도달 (선 이탈 0.02 m)
[velocity_path_follower.py-9] [INFO] [1786823387.709873744] [velocity_path_follower]: 1725.0s  wp 3977/5251 이탈0.0m  위치 (  -5.70,   -90.08,   8.83)
[velocity_path_follower.py-9] [INFO] [1786823388.010031784] [velocity_path_follower]: waypoint 3977 / 5251 도달 (선 이탈 0.02 m)
[velocity_path_follower.py-9] [INFO] [1786823388.409984465] [velocity_path_follower]: waypoint 3978 / 5251 도달 (선 이탈 0.02 m)
[velocity_path_follower.py-9] [INFO] [1786823388.759860691] [velocity_path_follower]: waypoint 3979 / 5251 도달 (선 이탈 0.02 m)
[velocity_path_follower.py-9] [INFO] [1786823389.110049059] [velocity_path_follower]: waypoint 3980 / 5251 도달 (선 이탈 0.01 m)
[velocity_path_follower.py-9] [INFO] [1786823389.459931497] [velocity_path_follower]: waypoint 3981 / 5251 도달 (선 이탈 0.01 m)
[velocity_path_follower.py-9] [INFO] [1786823389.810089281] [velocity_path_follower]: waypoint 3982 / 5251 도달 (선 이탈 0.01 m)
[velocity_path_follower.py-9] [INFO] [1786823390.209959168] [velocity_path_follower]: waypoint 3983 / 5251 도달 (선 이탈 0.01 m)
[velocity_path_follower.py-9] [INFO] [1786823390.559932820] [velocity_path_follower]: waypoint 3984 / 5251 도달 (선 이탈 0.00 m)
[velocity_path_follower.py-9] [INFO] [1786823390.909801550] [velocity_path_follower]: waypoint 3985 / 5251 도달 (선 이탈 0.00 m)
[velocity_path_follower.py-9] [INFO] [1786823391.260054675] [velocity_path_follower]: waypoint 3986 / 5251 도달 (선 이탈 0.00 m)
[velocity_path_follower.py-9] [INFO] [1786823391.609955866] [velocity_path_follower]: waypoint 3987 / 5251 도달 (선 이탈 0.00 m)
[velocity_path_follower.py-9] [INFO] [1786823391.959955937] [velocity_path_follower]: waypoint 3988 / 5251 도달 (선 이탈 0.01 m)
[velocity_path_follower.py-9] [INFO] [1786823392.310098600] [velocity_path_follower]: waypoint 3989 / 5251 도달 (선 이탈 0.01 m)
[velocity_path_follower.py-9] [INFO] [1786823392.710155293] [velocity_path_follower]: waypoint 3990 / 5251 도달 (선 이탈 0.01 m)
[velocity_path_follower.py-9] [INFO] [1786823392.759775642] [velocity_path_follower]: 1730.1s  wp 3991/5251 이탈0.0m  위치 ( -12.73,   -90.11,  10.94)
[velocity_path_follower.py-9] [INFO] [1786823393.009961447] [velocity_path_follower]: waypoint 3991 / 5251 도달 (선 이탈 0.01 m)
[velocity_path_follower.py-9] [INFO] [1786823393.360015774] [velocity_path_follower]: waypoint 3992 / 5251 도달 (선 이탈 0.01 m)
[velocity_path_follower.py-9] [INFO] [1786823393.759992257] [velocity_path_follower]: waypoint 3993 / 5251 도달 (선 이탈 0.01 m)
[velocity_path_follower.py-9] [INFO] [1786823394.109953996] [velocity_path_follower]: waypoint 3994 / 5251 도달 (선 이탈 0.01 m)
[velocity_path_follower.py-9] [INFO] [1786823394.459884527] [velocity_path_follower]: waypoint 3995 / 5251 도달 (선 이탈 0.01 m)
[velocity_path_follower.py-9] [INFO] [1786823394.812190678] [velocity_path_follower]: waypoint 3996 / 5251 도달 (선 이탈 0.02 m)
[velocity_path_follower.py-9] [INFO] [1786823395.162133002] [velocity_path_follower]: waypoint 3997 / 5251 도달 (선 이탈 0.02 m)
[velocity_path_follower.py-9] [INFO] [1786823395.512061701] [velocity_path_follower]: waypoint 3998 / 5251 도달 (선 이탈 0.01 m)
[velocity_path_follower.py-9] [INFO] [1786823395.862090154] [velocity_path_follower]: waypoint 3999 / 5251 도달 (선 이탈 0.01 m)
[velocity_path_follower.py-9] [INFO] [1786823396.212127985] [velocity_path_follower]: waypoint 4000 / 5251 도달 (선 이탈 0.01 m)
[velocity_path_follower.py-9] [INFO] [1786823396.562167607] [velocity_path_follower]: waypoint 4001 / 5251 도달 (선 이탈 0.01 m)
[velocity_path_follower.py-9] [INFO] [1786823396.912046180] [velocity_path_follower]: waypoint 4002 / 5251 도달 (선 이탈 0.01 m)
[velocity_path_follower.py-9] [INFO] [1786823397.262069678] [velocity_path_follower]: waypoint 4003 / 5251 도달 (선 이탈 0.01 m)
[velocity_path_follower.py-9] [INFO] [1786823397.612503739] [velocity_path_follower]: waypoint 4004 / 5251 도달 (선 이탈 0.01 m)
[velocity_path_follower.py-9] [INFO] [1786823397.711997076] [velocity_path_follower]: 1735.0s  wp 4005/5251 이탈0.0m  위치 ( -19.79,   -90.11,   7.78)
[velocity_path_follower.py-9] [INFO] [1786823397.962046755] [velocity_path_follower]: waypoint 4005 / 5251 도달 (선 이탈 0.01 m)
[velocity_path_follower.py-9] [INFO] [1786823398.312056004] [velocity_path_follower]: waypoint 4006 / 5251 도달 (선 이탈 0.01 m)
[velocity_path_follower.py-9] [INFO] [1786823398.661942872] [velocity_path_follower]: waypoint 4007 / 5251 도달 (선 이탈 0.01 m)
[velocity_path_follower.py-9] [INFO] [1786823399.012179466] [velocity_path_follower]: waypoint 4008 / 5251 도달 (선 이탈 0.00 m)
[velocity_path_follower.py-9] [INFO] [1786823402.562173484] [velocity_path_follower]: waypoint 4009 / 5251 도달 (선 이탈 0.01 m)
[velocity_path_follower.py-9] [INFO] [1786823402.612154644] [velocity_path_follower]: waypoint 4010 / 5251 도달 (선 이탈 0.01 m)
[velocity_path_follower.py-9] [INFO] [1786823402.662110095] [velocity_path_follower]: waypoint 4011 / 5251 도달 (선 이탈 0.01 m)
[velocity_path_follower.py-9] [INFO] [1786823402.712002543] [velocity_path_follower]: waypoint 4012 / 5251 도달 (선 이탈 0.01 m)
[velocity_path_follower.py-9] [INFO] [1786823402.762227216] [velocity_path_follower]: waypoint 4013 / 5251 도달 (선 이탈 0.01 m)
[velocity_path_follower.py-9] [INFO] [1786823402.813321808] [velocity_path_follower]: waypoint 4014 / 5251 도달 (선 이탈 0.01 m)
[velocity_path_follower.py-9] [INFO] [1786823402.863646485] [velocity_path_follower]: waypoint 4015 / 5251 도달 (선 이탈 0.01 m)
[velocity_path_follower.py-9] [INFO] [1786823402.912220450] [velocity_path_follower]: waypoint 4016 / 5251 도달 (선 이탈 0.01 m)
[velocity_path_follower.py-9] [INFO] [1786823402.962263446] [velocity_path_follower]: 1740.3s  wp 4017/5251 이탈0.0m  위치 ( -25.90,   -90.09,   6.66)
[velocity_path_follower.py-9] [INFO] [1786823403.262262374] [velocity_path_follower]: waypoint 4017 / 5251 도달 (선 이탈 0.01 m)
[velocity_path_follower.py-9] [INFO] [1786823403.962008041] [velocity_path_follower]: waypoint 4018 / 5251 도달 (선 이탈 0.01 m)
[velocity_path_follower.py-9] [INFO] [1786823404.562073237] [velocity_path_follower]: waypoint 4019 / 5251 도달 (선 이탈 0.01 m)
[velocity_path_follower.py-9] [INFO] [1786823405.112031932] [velocity_path_follower]: waypoint 4020 / 5251 도달 (선 이탈 0.01 m)
[velocity_path_follower.py-9] [INFO] [1786823405.612082347] [velocity_path_follower]: waypoint 4021 / 5251 도달 (선 이탈 0.01 m)
[velocity_path_follower.py-9] [INFO] [1786823406.112049467] [velocity_path_follower]: waypoint 4022 / 5251 도달 (선 이탈 0.01 m)
[velocity_path_follower.py-9] [INFO] [1786823406.612073675] [velocity_path_follower]: waypoint 4023 / 5251 도달 (선 이탈 0.01 m)
[velocity_path_follower.py-9] [INFO] [1786823407.062156681] [velocity_path_follower]: waypoint 4024 / 5251 도달 (선 이탈 0.00 m)
[velocity_path_follower.py-9] [INFO] [1786823407.512161978] [velocity_path_follower]: waypoint 4025 / 5251 도달 (선 이탈 0.00 m)
[velocity_path_follower.py-9] [INFO] [1786823407.711946992] [velocity_path_follower]: 1745.0s  wp 4026/5251 이탈0.0m  위치 ( -30.33,   -90.10,  10.56)
[velocity_path_follower.py-9] [INFO] [1786823408.012292568] [velocity_path_follower]: waypoint 4026 / 5251 도달 (선 이탈 0.00 m)
[velocity_path_follower.py-9] [INFO] [1786823408.414310389] [velocity_path_follower]: waypoint 4027 / 5251 도달 (선 이탈 0.00 m)
[velocity_path_follower.py-9] [INFO] [1786823408.862159619] [velocity_path_follower]: waypoint 4028 / 5251 도달 (선 이탈 0.00 m)
[velocity_path_follower.py-9] [INFO] [1786823409.262548400] [velocity_path_follower]: waypoint 4029 / 5251 도달 (선 이탈 0.00 m)
[velocity_path_follower.py-9] [INFO] [1786823409.662229188] [velocity_path_follower]: waypoint 4030 / 5251 도달 (선 이탈 0.00 m)
[velocity_path_follower.py-9] [INFO] [1786823410.061997438] [velocity_path_follower]: waypoint 4031 / 5251 도달 (선 이탈 0.00 m)
[velocity_path_follower.py-9] [INFO] [1786823410.462128917] [velocity_path_follower]: waypoint 4032 / 5251 도달 (선 이탈 0.00 m)
[velocity_path_follower.py-9] [INFO] [1786823410.862079345] [velocity_path_follower]: waypoint 4033 / 5251 도달 (선 이탈 0.00 m)
[velocity_path_follower.py-9] [INFO] [1786823411.262002064] [velocity_path_follower]: waypoint 4034 / 5251 도달 (선 이탈 0.00 m)
[velocity_path_follower.py-9] [INFO] [1786823411.662079125] [velocity_path_follower]: waypoint 4035 / 5251 도달 (선 이탈 0.01 m)
[velocity_path_follower.py-9] [INFO] [1786823412.061961052] [velocity_path_follower]: waypoint 4036 / 5251 도달 (선 이탈 0.01 m)
[velocity_path_follower.py-9] [INFO] [1786823412.412153207] [velocity_path_follower]: waypoint 4037 / 5251 도달 (선 이탈 0.01 m)
[velocity_path_follower.py-9] [INFO] [1786823412.712193940] [velocity_path_follower]: 1750.0s  wp 4038/5251 이탈0.0m  위치 ( -36.51,   -90.11,   9.51)
[velocity_path_follower.py-9] [INFO] [1786823412.812165474] [velocity_path_follower]: waypoint 4038 / 5251 도달 (선 이탈 0.01 m)
[velocity_path_follower.py-9] [INFO] [1786823413.212136408] [velocity_path_follower]: waypoint 4039 / 5251 도달 (선 이탈 0.01 m)
[velocity_path_follower.py-9] [INFO] [1786823417.711970764] [velocity_path_follower]: 1755.0s  climb       위치 ( -41.49,   -88.44,   5.30)
[velocity_path_follower.py-9] [INFO] [1786823420.612204265] [velocity_path_follower]: waypoint 4040 / 5251 도달 (선 이탈 4.17 m)
[velocity_path_follower.py-9] [INFO] [1786823422.711910537] [velocity_path_follower]: 1760.0s  wp 4042/5251 이탈0.7m  위치 ( -42.56,   -86.78,   8.02)
[velocity_path_follower.py-9] [INFO] [1786823426.311998255] [velocity_path_follower]: waypoint 4042 / 5251 도달 (선 이탈 0.69 m)
[velocity_path_follower.py-9] [INFO] [1786823426.812110802] [velocity_path_follower]: waypoint 4043 / 5251 도달 (선 이탈 0.78 m)
[velocity_path_follower.py-9] [INFO] [1786823427.262120845] [velocity_path_follower]: waypoint 4044 / 5251 도달 (선 이탈 0.83 m)
[velocity_path_follower.py-9] [INFO] [1786823427.712289313] [velocity_path_follower]: waypoint 4045 / 5251 도달 (선 이탈 0.86 m)
[velocity_path_follower.py-9] [INFO] [1786823427.761932670] [velocity_path_follower]: 1765.1s  wp 4046/5251 이탈0.9m  위치 ( -38.04,   -85.24,   7.26)
[velocity_path_follower.py-9] [INFO] [1786823428.162127765] [velocity_path_follower]: waypoint 4046 / 5251 도달 (선 이탈 0.87 m)
[velocity_path_follower.py-9] [INFO] [1786823428.612243232] [velocity_path_follower]: waypoint 4047 / 5251 도달 (선 이탈 0.85 m)
[velocity_path_follower.py-9] [INFO] [1786823429.062043558] [velocity_path_follower]: waypoint 4048 / 5251 도달 (선 이탈 0.81 m)
[velocity_path_follower.py-9] [INFO] [1786823429.512194446] [velocity_path_follower]: waypoint 4049 / 5251 도달 (선 이탈 0.75 m)
[velocity_path_follower.py-9] [INFO] [1786823429.912261745] [velocity_path_follower]: waypoint 4050 / 5251 도달 (선 이탈 0.69 m)
[velocity_path_follower.py-9] [INFO] [1786823431.412051801] [velocity_path_follower]: waypoint 4051 / 5251 도달 (선 이탈 0.41 m)
[velocity_path_follower.py-9] [INFO] [1786823431.461994799] [velocity_path_follower]: waypoint 4052 / 5251 도달 (선 이탈 0.40 m)
[velocity_path_follower.py-9] [INFO] [1786823431.512044302] [velocity_path_follower]: waypoint 4053 / 5251 도달 (선 이탈 0.39 m)
[velocity_path_follower.py-9] [INFO] [1786823431.812128479] [velocity_path_follower]: waypoint 4054 / 5251 도달 (선 이탈 0.34 m)
[velocity_path_follower.py-9] [INFO] [1786823432.312161491] [velocity_path_follower]: waypoint 4055 / 5251 도달 (선 이탈 0.26 m)
[velocity_path_follower.py-9] [INFO] [1786823432.711973450] [velocity_path_follower]: 1770.0s  wp 4056/5251 이탈0.2m  위치 ( -32.70,   -85.90,   6.97)
[velocity_path_follower.py-9] [INFO] [1786823432.812100625] [velocity_path_follower]: waypoint 4056 / 5251 도달 (선 이탈 0.18 m)
[velocity_path_follower.py-9] [INFO] [1786823433.312085846] [velocity_path_follower]: waypoint 4057 / 5251 도달 (선 이탈 0.10 m)
[velocity_path_follower.py-9] [INFO] [1786823433.812224992] [velocity_path_follower]: waypoint 4058 / 5251 도달 (선 이탈 0.02 m)
[velocity_path_follower.py-9] [INFO] [1786823434.262104041] [velocity_path_follower]: waypoint 4059 / 5251 도달 (선 이탈 0.05 m)
[velocity_path_follower.py-9] [INFO] [1786823434.712149015] [velocity_path_follower]: waypoint 4060 / 5251 도달 (선 이탈 0.11 m)
[velocity_path_follower.py-9] [INFO] [1786823435.112209782] [velocity_path_follower]: waypoint 4061 / 5251 도달 (선 이탈 0.16 m)
[velocity_path_follower.py-9] [INFO] [1786823435.561998329] [velocity_path_follower]: waypoint 4062 / 5251 도달 (선 이탈 0.21 m)
[velocity_path_follower.py-9] [INFO] [1786823436.012383073] [velocity_path_follower]: waypoint 4063 / 5251 도달 (선 이탈 0.25 m)
[velocity_path_follower.py-9] [INFO] [1786823436.412264375] [velocity_path_follower]: waypoint 4064 / 5251 도달 (선 이탈 0.27 m)
[velocity_path_follower.py-9] [INFO] [1786823436.812184470] [velocity_path_follower]: waypoint 4065 / 5251 도달 (선 이탈 0.29 m)
[velocity_path_follower.py-9] [INFO] [1786823437.211992477] [velocity_path_follower]: waypoint 4066 / 5251 도달 (선 이탈 0.30 m)
[velocity_path_follower.py-9] [INFO] [1786823437.612002203] [velocity_path_follower]: waypoint 4067 / 5251 도달 (선 이탈 0.30 m)
[velocity_path_follower.py-9] [INFO] [1786823437.711928329] [velocity_path_follower]: 1775.0s  wp 4068/5251 이탈0.3m  위치 ( -26.93,   -86.40,  10.74)
[velocity_path_follower.py-9] [INFO] [1786823438.012091226] [velocity_path_follower]: waypoint 4068 / 5251 도달 (선 이탈 0.30 m)
[velocity_path_follower.py-9] [INFO] [1786823438.411987823] [velocity_path_follower]: waypoint 4069 / 5251 도달 (선 이탈 0.29 m)
[velocity_path_follower.py-9] [INFO] [1786823438.762139473] [velocity_path_follower]: waypoint 4070 / 5251 도달 (선 이탈 0.28 m)
[velocity_path_follower.py-9] [INFO] [1786823439.162321377] [velocity_path_follower]: waypoint 4071 / 5251 도달 (선 이탈 0.26 m)
[velocity_path_follower.py-9] [INFO] [1786823439.562115221] [velocity_path_follower]: waypoint 4072 / 5251 도달 (선 이탈 0.23 m)
[velocity_path_follower.py-9] [INFO] [1786823439.912019734] [velocity_path_follower]: waypoint 4073 / 5251 도달 (선 이탈 0.21 m)
[velocity_path_follower.py-9] [INFO] [1786823440.312286728] [velocity_path_follower]: waypoint 4074 / 5251 도달 (선 이탈 0.18 m)
[velocity_path_follower.py-9] [INFO] [1786823440.662270664] [velocity_path_follower]: waypoint 4075 / 5251 도달 (선 이탈 0.15 m)
[velocity_path_follower.py-9] [INFO] [1786823441.062169223] [velocity_path_follower]: waypoint 4076 / 5251 도달 (선 이탈 0.11 m)
[velocity_path_follower.py-9] [INFO] [1786823441.412094074] [velocity_path_follower]: waypoint 4077 / 5251 도달 (선 이탈 0.08 m)
[velocity_path_follower.py-9] [INFO] [1786823441.812240814] [velocity_path_follower]: waypoint 4078 / 5251 도달 (선 이탈 0.05 m)
[velocity_path_follower.py-9] [INFO] [1786823442.162812740] [velocity_path_follower]: waypoint 4079 / 5251 도달 (선 이탈 0.02 m)
[velocity_path_follower.py-9] [INFO] [1786823442.512033931] [velocity_path_follower]: waypoint 4080 / 5251 도달 (선 이탈 0.01 m)
[velocity_path_follower.py-9] [INFO] [1786823442.711990650] [velocity_path_follower]: 1780.0s  wp 4081/5251 이탈0.0m  위치 ( -20.32,   -86.08,   9.87)
[velocity_path_follower.py-9] [INFO] [1786823442.912011914] [velocity_path_follower]: waypoint 4081 / 5251 도달 (선 이탈 0.04 m)
[velocity_path_follower.py-9] [INFO] [1786823443.262142069] [velocity_path_follower]: waypoint 4082 / 5251 도달 (선 이탈 0.06 m)
[velocity_path_follower.py-9] [INFO] [1786823443.612145760] [velocity_path_follower]: waypoint 4083 / 5251 도달 (선 이탈 0.08 m)
[velocity_path_follower.py-9] [INFO] [1786823444.012788862] [velocity_path_follower]: waypoint 4084 / 5251 도달 (선 이탈 0.11 m)
[velocity_path_follower.py-9] [INFO] [1786823444.362104520] [velocity_path_follower]: waypoint 4085 / 5251 도달 (선 이탈 0.12 m)
[velocity_path_follower.py-9] [INFO] [1786823444.712046750] [velocity_path_follower]: waypoint 4086 / 5251 도달 (선 이탈 0.14 m)
[velocity_path_follower.py-9] [INFO] [1786823445.062119071] [velocity_path_follower]: waypoint 4087 / 5251 도달 (선 이탈 0.15 m)
[velocity_path_follower.py-9] [INFO] [1786823445.412025510] [velocity_path_follower]: waypoint 4088 / 5251 도달 (선 이탈 0.16 m)
[velocity_path_follower.py-9] [INFO] [1786823445.812065418] [velocity_path_follower]: waypoint 4089 / 5251 도달 (선 이탈 0.16 m)
[velocity_path_follower.py-9] [INFO] [1786823447.721280043] [velocity_path_follower]: 1785.0s  climb       위치 ( -13.63,   -85.94,   5.79)
[velocity_path_follower.py-9] [INFO] [1786823449.873467014] [velocity_path_follower]: waypoint 4090 / 5251 도달 (선 이탈 0.15 m)
[velocity_path_follower.py-9] [INFO] [1786823449.923281593] [velocity_path_follower]: waypoint 4091 / 5251 도달 (선 이탈 0.15 m)
[velocity_path_follower.py-9] [INFO] [1786823449.973232553] [velocity_path_follower]: waypoint 4092 / 5251 도달 (선 이탈 0.15 m)
[velocity_path_follower.py-9] [INFO] [1786823450.023908259] [velocity_path_follower]: waypoint 4093 / 5251 도달 (선 이탈 0.15 m)
[velocity_path_follower.py-9] [INFO] [1786823450.073438823] [velocity_path_follower]: waypoint 4094 / 5251 도달 (선 이탈 0.15 m)
[velocity_path_follower.py-9] [INFO] [1786823450.123298321] [velocity_path_follower]: waypoint 4095 / 5251 도달 (선 이탈 0.15 m)
[velocity_path_follower.py-9] [INFO] [1786823450.173525879] [velocity_path_follower]: waypoint 4096 / 5251 도달 (선 이탈 0.15 m)
[velocity_path_follower.py-9] [INFO] [1786823450.223385919] [velocity_path_follower]: waypoint 4097 / 5251 도달 (선 이탈 0.15 m)
[velocity_path_follower.py-9] [INFO] [1786823450.273232707] [velocity_path_follower]: waypoint 4098 / 5251 도달 (선 이탈 0.15 m)
[velocity_path_follower.py-9] [INFO] [1786823450.973281528] [velocity_path_follower]: waypoint 4099 / 5251 도달 (선 이탈 0.15 m)
[velocity_path_follower.py-9] [INFO] [1786823451.623372181] [velocity_path_follower]: waypoint 4100 / 5251 도달 (선 이탈 0.14 m)
[velocity_path_follower.py-9] [INFO] [1786823452.273279701] [velocity_path_follower]: waypoint 4101 / 5251 도달 (선 이탈 0.12 m)
[velocity_path_follower.py-9] [INFO] [1786823452.723235705] [velocity_path_follower]: 1790.0s  wp 4102/5251 이탈0.1m  위치 (  -9.68,   -86.00,   8.93)
[velocity_path_follower.py-9] [INFO] [1786823452.823338054] [velocity_path_follower]: waypoint 4102 / 5251 도달 (선 이탈 0.10 m)
[velocity_path_follower.py-9] [INFO] [1786823453.373328196] [velocity_path_follower]: waypoint 4103 / 5251 도달 (선 이탈 0.08 m)
[velocity_path_follower.py-9] [INFO] [1786823453.873528511] [velocity_path_follower]: waypoint 4104 / 5251 도달 (선 이탈 0.05 m)
[velocity_path_follower.py-9] [INFO] [1786823454.375555628] [velocity_path_follower]: waypoint 4105 / 5251 도달 (선 이탈 0.03 m)
[velocity_path_follower.py-9] [INFO] [1786823454.825498176] [velocity_path_follower]: waypoint 4106 / 5251 도달 (선 이탈 0.01 m)
[velocity_path_follower.py-9] [INFO] [1786823455.325468399] [velocity_path_follower]: waypoint 4107 / 5251 도달 (선 이탈 0.01 m)
[velocity_path_follower.py-9] [INFO] [1786823455.725634996] [velocity_path_follower]: waypoint 4108 / 5251 도달 (선 이탈 0.02 m)
[velocity_path_follower.py-9] [INFO] [1786823456.175540169] [velocity_path_follower]: waypoint 4109 / 5251 도달 (선 이탈 0.04 m)
[velocity_path_follower.py-9] [INFO] [1786823456.575838233] [velocity_path_follower]: waypoint 4110 / 5251 도달 (선 이탈 0.05 m)
[velocity_path_follower.py-9] [INFO] [1786823457.027917810] [velocity_path_follower]: waypoint 4111 / 5251 도달 (선 이탈 0.06 m)
[velocity_path_follower.py-9] [INFO] [1786823457.427589426] [velocity_path_follower]: waypoint 4112 / 5251 도달 (선 이탈 0.07 m)
[velocity_path_follower.py-9] [INFO] [1786823457.727537545] [velocity_path_follower]: 1795.0s  wp 4113/5251 이탈0.1m  위치 (  -4.22,   -86.17,  11.68)
[velocity_path_follower.py-9] [INFO] [1786823457.827694065] [velocity_path_follower]: waypoint 4113 / 5251 도달 (선 이탈 0.07 m)
[velocity_path_follower.py-9] [INFO] [1786823458.277928926] [velocity_path_follower]: waypoint 4114 / 5251 도달 (선 이탈 0.08 m)
[velocity_path_follower.py-9] [INFO] [1786823458.678448087] [velocity_path_follower]: waypoint 4115 / 5251 도달 (선 이탈 0.08 m)
[velocity_path_follower.py-9] [INFO] [1786823459.027604339] [velocity_path_follower]: waypoint 4116 / 5251 도달 (선 이탈 0.08 m)
[velocity_path_follower.py-9] [INFO] [1786823459.427830946] [velocity_path_follower]: waypoint 4117 / 5251 도달 (선 이탈 0.08 m)
[velocity_path_follower.py-9] [INFO] [1786823459.827905003] [velocity_path_follower]: waypoint 4118 / 5251 도달 (선 이탈 0.07 m)
[velocity_path_follower.py-9] [INFO] [1786823460.227959601] [velocity_path_follower]: waypoint 4119 / 5251 도달 (선 이탈 0.07 m)
[velocity_path_follower.py-9] [INFO] [1786823460.577941731] [velocity_path_follower]: waypoint 4120 / 5251 도달 (선 이탈 0.07 m)
[velocity_path_follower.py-9] [INFO] [1786823460.989277322] [velocity_path_follower]: waypoint 4121 / 5251 도달 (선 이탈 0.06 m)
[velocity_path_follower.py-9] [INFO] [1786823461.341660784] [velocity_path_follower]: waypoint 4122 / 5251 도달 (선 이탈 0.05 m)
[velocity_path_follower.py-9] [INFO] [1786823461.742050819] [velocity_path_follower]: waypoint 4123 / 5251 도달 (선 이탈 0.04 m)
[velocity_path_follower.py-9] [INFO] [1786823462.091953988] [velocity_path_follower]: waypoint 4124 / 5251 도달 (선 이탈 0.04 m)
[velocity_path_follower.py-9] [INFO] [1786823462.491614154] [velocity_path_follower]: waypoint 4125 / 5251 도달 (선 이탈 0.03 m)
[velocity_path_follower.py-9] [INFO] [1786823462.741580063] [velocity_path_follower]: 1800.0s  wp 4126/5251 이탈0.0m  위치 (   2.28,   -86.12,   8.18)
[velocity_path_follower.py-9] [INFO] [1786823462.841804256] [velocity_path_follower]: waypoint 4126 / 5251 도달 (선 이탈 0.02 m)
[velocity_path_follower.py-9] [INFO] [1786823463.241671599] [velocity_path_follower]: waypoint 4127 / 5251 도달 (선 이탈 0.01 m)
[velocity_path_follower.py-9] [INFO] [1786823463.592075505] [velocity_path_follower]: waypoint 4128 / 5251 도달 (선 이탈 0.00 m)
[velocity_path_follower.py-9] [INFO] [1786823463.943825438] [velocity_path_follower]: waypoint 4129 / 5251 도달 (선 이탈 0.00 m)
[velocity_path_follower.py-9] [INFO] [1786823464.345803141] [velocity_path_follower]: waypoint 4130 / 5251 도달 (선 이탈 0.01 m)
[velocity_path_follower.py-9] [INFO] [1786823467.748272680] [velocity_path_follower]: 1805.0s  climb       위치 (   8.22,   -86.04,   6.08)
[velocity_path_follower.py-9] [INFO] [1786823468.456431130] [velocity_path_follower]: waypoint 4131 / 5251 도달 (선 이탈 0.06 m)
[velocity_path_follower.py-9] [INFO] [1786823468.506472015] [velocity_path_follower]: waypoint 4132 / 5251 도달 (선 이탈 0.06 m)
[velocity_path_follower.py-9] [INFO] [1786823468.556524610] [velocity_path_follower]: waypoint 4133 / 5251 도달 (선 이탈 0.06 m)
[velocity_path_follower.py-9] [INFO] [1786823468.606397903] [velocity_path_follower]: waypoint 4134 / 5251 도달 (선 이탈 0.06 m)
[velocity_path_follower.py-9] [INFO] [1786823468.658562689] [velocity_path_follower]: waypoint 4135 / 5251 도달 (선 이탈 0.06 m)
[velocity_path_follower.py-9] [INFO] [1786823468.708577739] [velocity_path_follower]: waypoint 4136 / 5251 도달 (선 이탈 0.06 m)
[velocity_path_follower.py-9] [INFO] [1786823468.760603560] [velocity_path_follower]: waypoint 4137 / 5251 도달 (선 이탈 0.07 m)
[velocity_path_follower.py-9] [INFO] [1786823468.810637986] [velocity_path_follower]: waypoint 4138 / 5251 도달 (선 이탈 0.07 m)
[velocity_path_follower.py-9] [INFO] [1786823468.860609577] [velocity_path_follower]: waypoint 4139 / 5251 도달 (선 이탈 0.07 m)
[velocity_path_follower.py-9] [INFO] [1786823469.562900855] [velocity_path_follower]: waypoint 4140 / 5251 도달 (선 이탈 0.07 m)
[velocity_path_follower.py-9] [INFO] [1786823470.263463588] [velocity_path_follower]: waypoint 4141 / 5251 도달 (선 이탈 0.07 m)
[velocity_path_follower.py-9] [INFO] [1786823470.862912915] [velocity_path_follower]: waypoint 4142 / 5251 도달 (선 이탈 0.06 m)
[velocity_path_follower.py-9] [INFO] [1786823471.414949367] [velocity_path_follower]: waypoint 4143 / 5251 도달 (선 이탈 0.06 m)
[velocity_path_follower.py-9] [INFO] [1786823471.964666743] [velocity_path_follower]: waypoint 4144 / 5251 도달 (선 이탈 0.05 m)
[velocity_path_follower.py-9] [INFO] [1786823472.464829968] [velocity_path_follower]: waypoint 4145 / 5251 도달 (선 이탈 0.04 m)
[velocity_path_follower.py-9] [INFO] [1786823472.764893526] [velocity_path_follower]: 1810.0s  wp 4146/5251 이탈0.0m  위치 (  12.22,   -86.07,   9.64)
[velocity_path_follower.py-9] [INFO] [1786823472.964690261] [velocity_path_follower]: waypoint 4146 / 5251 도달 (선 이탈 0.03 m)
[velocity_path_follower.py-9] [INFO] [1786823473.464894115] [velocity_path_follower]: waypoint 4147 / 5251 도달 (선 이탈 0.02 m)
[velocity_path_follower.py-9] [INFO] [1786823473.914786819] [velocity_path_follower]: waypoint 4148 / 5251 도달 (선 이탈 0.01 m)
[velocity_path_follower.py-9] [INFO] [1786823474.365694075] [velocity_path_follower]: waypoint 4149 / 5251 도달 (선 이탈 0.00 m)
[velocity_path_follower.py-9] [INFO] [1786823474.764793731] [velocity_path_follower]: waypoint 4150 / 5251 도달 (선 이탈 0.00 m)
[velocity_path_follower.py-9] [INFO] [1786823475.214686562] [velocity_path_follower]: waypoint 4151 / 5251 도달 (선 이탈 0.01 m)
[velocity_path_follower.py-9] [INFO] [1786823475.615132329] [velocity_path_follower]: waypoint 4152 / 5251 도달 (선 이탈 0.02 m)
[velocity_path_follower.py-9] [INFO] [1786823476.064751481] [velocity_path_follower]: waypoint 4153 / 5251 도달 (선 이탈 0.02 m)
[velocity_path_follower.py-9] [INFO] [1786823476.464673390] [velocity_path_follower]: waypoint 4154 / 5251 도달 (선 이탈 0.03 m)
[velocity_path_follower.py-9] [INFO] [1786823476.864644093] [velocity_path_follower]: waypoint 4155 / 5251 도달 (선 이탈 0.03 m)
[velocity_path_follower.py-9] [INFO] [1786823477.264877477] [velocity_path_follower]: waypoint 4156 / 5251 도달 (선 이탈 0.03 m)
[velocity_path_follower.py-9] [INFO] [1786823477.664871933] [velocity_path_follower]: waypoint 4157 / 5251 도달 (선 이탈 0.04 m)
[velocity_path_follower.py-9] [INFO] [1786823477.765340393] [velocity_path_follower]: 1815.0s  wp 4158/5251 이탈0.0m  위치 (  18.09,   -86.14,  12.55)
[velocity_path_follower.py-9] [INFO] [1786823478.015065097] [velocity_path_follower]: waypoint 4158 / 5251 도달 (선 이탈 0.04 m)
[velocity_path_follower.py-9] [INFO] [1786823478.415148058] [velocity_path_follower]: waypoint 4159 / 5251 도달 (선 이탈 0.04 m)
[velocity_path_follower.py-9] [INFO] [1786823478.816698387] [velocity_path_follower]: waypoint 4160 / 5251 도달 (선 이탈 0.04 m)
[velocity_path_follower.py-9] [INFO] [1786823479.166680292] [velocity_path_follower]: waypoint 4161 / 5251 도달 (선 이탈 0.03 m)
[velocity_path_follower.py-9] [INFO] [1786823479.567004059] [velocity_path_follower]: waypoint 4162 / 5251 도달 (선 이탈 0.03 m)
[velocity_path_follower.py-9] [INFO] [1786823479.967152484] [velocity_path_follower]: waypoint 4163 / 5251 도달 (선 이탈 0.03 m)
[velocity_path_follower.py-9] [INFO] [1786823480.316994384] [velocity_path_follower]: waypoint 4164 / 5251 도달 (선 이탈 0.03 m)
[velocity_path_follower.py-9] [INFO] [1786823480.666879286] [velocity_path_follower]: waypoint 4165 / 5251 도달 (선 이탈 0.02 m)
[velocity_path_follower.py-9] [INFO] [1786823481.066858579] [velocity_path_follower]: waypoint 4166 / 5251 도달 (선 이탈 0.02 m)
[velocity_path_follower.py-9] [INFO] [1786823481.416812195] [velocity_path_follower]: waypoint 4167 / 5251 도달 (선 이탈 0.02 m)
[velocity_path_follower.py-9] [INFO] [1786823481.767105202] [velocity_path_follower]: waypoint 4168 / 5251 도달 (선 이탈 0.01 m)
[velocity_path_follower.py-9] [INFO] [1786823482.166988784] [velocity_path_follower]: waypoint 4169 / 5251 도달 (선 이탈 0.01 m)
[velocity_path_follower.py-9] [INFO] [1786823482.521574846] [velocity_path_follower]: waypoint 4170 / 5251 도달 (선 이탈 0.00 m)
[velocity_path_follower.py-9] [INFO] [1786823482.771542274] [velocity_path_follower]: 1820.0s  wp 4171/5251 이탈0.0m  위치 (  24.77,   -86.10,  11.38)
[velocity_path_follower.py-9] [INFO] [1786823482.871827936] [velocity_path_follower]: waypoint 4171 / 5251 도달 (선 이탈 0.00 m)
[velocity_path_follower.py-9] [INFO] [1786823483.221881559] [velocity_path_follower]: waypoint 4172 / 5251 도달 (선 이탈 0.00 m)
[velocity_path_follower.py-9] [INFO] [1786823483.621619469] [velocity_path_follower]: waypoint 4173 / 5251 도달 (선 이탈 0.01 m)
[velocity_path_follower.py-9] [INFO] [1786823483.972099947] [velocity_path_follower]: waypoint 4174 / 5251 도달 (선 이탈 0.01 m)
[velocity_path_follower.py-9] [INFO] [1786823484.321798637] [velocity_path_follower]: waypoint 4175 / 5251 도달 (선 이탈 0.01 m)
[velocity_path_follower.py-9] [INFO] [1786823484.671642876] [velocity_path_follower]: waypoint 4176 / 5251 도달 (선 이탈 0.01 m)
[velocity_path_follower.py-9] [INFO] [1786823485.071594423] [velocity_path_follower]: waypoint 4177 / 5251 도달 (선 이탈 0.02 m)
[velocity_path_follower.py-9] [INFO] [1786823485.421583337] [velocity_path_follower]: waypoint 4178 / 5251 도달 (선 이탈 0.02 m)
[velocity_path_follower.py-9] [INFO] [1786823485.771648297] [velocity_path_follower]: waypoint 4179 / 5251 도달 (선 이탈 0.02 m)
[velocity_path_follower.py-9] [INFO] [1786823486.121803054] [velocity_path_follower]: waypoint 4180 / 5251 도달 (선 이탈 0.02 m)
[velocity_path_follower.py-9] [INFO] [1786823486.471969061] [velocity_path_follower]: waypoint 4181 / 5251 도달 (선 이탈 0.02 m)
[velocity_path_follower.py-9] [INFO] [1786823486.821652628] [velocity_path_follower]: waypoint 4182 / 5251 도달 (선 이탈 0.02 m)
[velocity_path_follower.py-9] [INFO] [1786823487.172761101] [velocity_path_follower]: waypoint 4183 / 5251 도달 (선 이탈 0.02 m)
[velocity_path_follower.py-9] [INFO] [1786823487.521762218] [velocity_path_follower]: waypoint 4184 / 5251 도달 (선 이탈 0.02 m)
[velocity_path_follower.py-9] [INFO] [1786823487.771577310] [velocity_path_follower]: 1825.0s  wp 4185/5251 이탈0.0m  위치 (  31.78,   -86.08,  11.28)
[velocity_path_follower.py-9] [INFO] [1786823487.871611086] [velocity_path_follower]: waypoint 4185 / 5251 도달 (선 이탈 0.02 m)
[velocity_path_follower.py-9] [INFO] [1786823488.221581627] [velocity_path_follower]: waypoint 4186 / 5251 도달 (선 이탈 0.02 m)
[velocity_path_follower.py-9] [INFO] [1786823488.571785598] [velocity_path_follower]: waypoint 4187 / 5251 도달 (선 이탈 0.02 m)
[velocity_path_follower.py-9] [INFO] [1786823488.971519140] [velocity_path_follower]: waypoint 4188 / 5251 도달 (선 이탈 0.01 m)
[velocity_path_follower.py-9] [INFO] [1786823489.271853940] [velocity_path_follower]: waypoint 4189 / 5251 도달 (선 이탈 0.01 m)
[velocity_path_follower.py-9] [INFO] [1786823489.671679238] [velocity_path_follower]: waypoint 4190 / 5251 도달 (선 이탈 0.01 m)
[velocity_path_follower.py-9] [INFO] [1786823489.971661687] [velocity_path_follower]: waypoint 4191 / 5251 도달 (선 이탈 0.01 m)
[velocity_path_follower.py-9] [INFO] [1786823490.371618201] [velocity_path_follower]: waypoint 4192 / 5251 도달 (선 이탈 0.01 m)
[velocity_path_follower.py-9] [INFO] [1786823490.671600734] [velocity_path_follower]: waypoint 4193 / 5251 도달 (선 이탈 0.00 m)
[velocity_path_follower.py-9] [INFO] [1786823491.071617711] [velocity_path_follower]: waypoint 4194 / 5251 도달 (선 이탈 0.00 m)
[velocity_path_follower.py-9] [INFO] [1786823491.371602953] [velocity_path_follower]: waypoint 4195 / 5251 도달 (선 이탈 0.00 m)
[velocity_path_follower.py-9] [INFO] [1786823491.771668267] [velocity_path_follower]: waypoint 4196 / 5251 도달 (선 이탈 0.00 m)
[velocity_path_follower.py-9] [INFO] [1786823492.071638134] [velocity_path_follower]: waypoint 4197 / 5251 도달 (선 이탈 0.00 m)
[velocity_path_follower.py-9] [INFO] [1786823492.471690698] [velocity_path_follower]: waypoint 4198 / 5251 도달 (선 이탈 0.00 m)
[velocity_path_follower.py-9] [INFO] [1786823492.771621356] [velocity_path_follower]: waypoint 4199 / 5251 도달 (선 이탈 0.01 m)
[velocity_path_follower.py-9] [INFO] [1786823492.821519572] [velocity_path_follower]: 1830.1s  wp 4200/5251 이탈0.0m  위치 (  39.00,   -86.11,  11.75)
[velocity_path_follower.py-9] [INFO] [1786823493.171665504] [velocity_path_follower]: waypoint 4200 / 5251 도달 (선 이탈 0.01 m)
[velocity_path_follower.py-9] [INFO] [1786823493.471556868] [velocity_path_follower]: waypoint 4201 / 5251 도달 (선 이탈 0.01 m)
[velocity_path_follower.py-9] [INFO] [1786823493.821561877] [velocity_path_follower]: waypoint 4202 / 5251 도달 (선 이탈 0.01 m)
[velocity_path_follower.py-9] [INFO] [1786823494.171920113] [velocity_path_follower]: waypoint 4203 / 5251 도달 (선 이탈 0.01 m)
[velocity_path_follower.py-9] [INFO] [1786823494.521881996] [velocity_path_follower]: waypoint 4204 / 5251 도달 (선 이탈 0.01 m)
[velocity_path_follower.py-9] [INFO] [1786823494.871510778] [velocity_path_follower]: waypoint 4205 / 5251 도달 (선 이탈 0.01 m)
[velocity_path_follower.py-9] [INFO] [1786823495.221520706] [velocity_path_follower]: waypoint 4206 / 5251 도달 (선 이탈 0.01 m)
[velocity_path_follower.py-9] [INFO] [1786823495.571963364] [velocity_path_follower]: waypoint 4207 / 5251 도달 (선 이탈 0.01 m)
[velocity_path_follower.py-9] [INFO] [1786823495.921887163] [velocity_path_follower]: waypoint 4208 / 5251 도달 (선 이탈 0.01 m)
[velocity_path_follower.py-9] [INFO] [1786823496.271955512] [velocity_path_follower]: waypoint 4209 / 5251 도달 (선 이탈 0.01 m)
[velocity_path_follower.py-9] [INFO] [1786823496.623971086] [velocity_path_follower]: waypoint 4210 / 5251 도달 (선 이탈 0.01 m)
[velocity_path_follower.py-9] [INFO] [1786823496.973934971] [velocity_path_follower]: waypoint 4211 / 5251 도달 (선 이탈 0.01 m)
[velocity_path_follower.py-9] [INFO] [1786823497.325670699] [velocity_path_follower]: waypoint 4212 / 5251 도달 (선 이탈 0.01 m)
[velocity_path_follower.py-9] [INFO] [1786823497.675801969] [velocity_path_follower]: waypoint 4213 / 5251 도달 (선 이탈 0.01 m)
[velocity_path_follower.py-9] [INFO] [1786823497.775666656] [velocity_path_follower]: 1835.0s  wp 4214/5251 이탈0.0m  위치 (  46.09,   -86.11,   9.62)
[velocity_path_follower.py-9] [INFO] [1786823498.025832109] [velocity_path_follower]: waypoint 4214 / 5251 도달 (선 이탈 0.00 m)
[velocity_path_follower.py-9] [INFO] [1786823498.375866167] [velocity_path_follower]: waypoint 4215 / 5251 도달 (선 이탈 0.00 m)
[velocity_path_follower.py-9] [INFO] [1786823498.725871141] [velocity_path_follower]: waypoint 4216 / 5251 도달 (선 이탈 0.00 m)
[velocity_path_follower.py-9] [INFO] [1786823499.075847113] [velocity_path_follower]: waypoint 4217 / 5251 도달 (선 이탈 0.00 m)
[velocity_path_follower.py-9] [INFO] [1786823499.425693205] [velocity_path_follower]: waypoint 4218 / 5251 도달 (선 이탈 0.00 m)
[velocity_path_follower.py-9] [INFO] [1786823499.775695679] [velocity_path_follower]: waypoint 4219 / 5251 도달 (선 이탈 0.00 m)
[velocity_path_follower.py-9] [INFO] [1786823500.075935069] [velocity_path_follower]: waypoint 4220 / 5251 도달 (선 이탈 0.00 m)
[velocity_path_follower.py-9] [INFO] [1786823500.425974963] [velocity_path_follower]: waypoint 4221 / 5251 도달 (선 이탈 0.00 m)
[velocity_path_follower.py-9] [INFO] [1786823500.775687174] [velocity_path_follower]: waypoint 4222 / 5251 도달 (선 이탈 0.00 m)
[velocity_path_follower.py-9] [INFO] [1786823501.175788629] [velocity_path_follower]: waypoint 4223 / 5251 도달 (선 이탈 0.00 m)
[velocity_path_follower.py-9] [INFO] [1786823501.475931057] [velocity_path_follower]: waypoint 4224 / 5251 도달 (선 이탈 0.00 m)
[velocity_path_follower.py-9] [INFO] [1786823501.825879781] [velocity_path_follower]: waypoint 4225 / 5251 도달 (선 이탈 0.01 m)
[velocity_path_follower.py-9] [INFO] [1786823502.175966888] [velocity_path_follower]: waypoint 4226 / 5251 도달 (선 이탈 0.01 m)
[velocity_path_follower.py-9] [INFO] [1786823502.525830401] [velocity_path_follower]: waypoint 4227 / 5251 도달 (선 이탈 0.01 m)
[velocity_path_follower.py-9] [INFO] [1786823502.775857310] [velocity_path_follower]: 1840.0s  wp 4228/5251 이탈0.0m  위치 (  53.29,   -86.09,  10.36)
[velocity_path_follower.py-9] [INFO] [1786823502.875981763] [velocity_path_follower]: waypoint 4228 / 5251 도달 (선 이탈 0.01 m)
[velocity_path_follower.py-9] [INFO] [1786823503.226064038] [velocity_path_follower]: waypoint 4229 / 5251 도달 (선 이탈 0.01 m)
[velocity_path_follower.py-9] [INFO] [1786823503.575906467] [velocity_path_follower]: waypoint 4230 / 5251 도달 (선 이탈 0.01 m)
[velocity_path_follower.py-9] [INFO] [1786823503.926432016] [velocity_path_follower]: waypoint 4231 / 5251 도달 (선 이탈 0.01 m)
[velocity_path_follower.py-9] [INFO] [1786823504.275878468] [velocity_path_follower]: waypoint 4232 / 5251 도달 (선 이탈 0.01 m)
[velocity_path_follower.py-9] [INFO] [1786823504.625682564] [velocity_path_follower]: waypoint 4233 / 5251 도달 (선 이탈 0.01 m)
[velocity_path_follower.py-9] [INFO] [1786823504.975897430] [velocity_path_follower]: waypoint 4234 / 5251 도달 (선 이탈 0.01 m)
[velocity_path_follower.py-9] [INFO] [1786823505.325886787] [velocity_path_follower]: waypoint 4235 / 5251 도달 (선 이탈 0.01 m)
[velocity_path_follower.py-9] [INFO] [1786823505.675943522] [velocity_path_follower]: waypoint 4236 / 5251 도달 (선 이탈 0.00 m)
[velocity_path_follower.py-9] [INFO] [1786823505.975841234] [velocity_path_follower]: waypoint 4237 / 5251 도달 (선 이탈 0.00 m)
[velocity_path_follower.py-9] [INFO] [1786823506.325853676] [velocity_path_follower]: waypoint 4238 / 5251 도달 (선 이탈 0.00 m)
[velocity_path_follower.py-9] [INFO] [1786823506.676021168] [velocity_path_follower]: waypoint 4239 / 5251 도달 (선 이탈 0.00 m)
[velocity_path_follower.py-9] [INFO] [1786823507.026001942] [velocity_path_follower]: waypoint 4240 / 5251 도달 (선 이탈 0.00 m)
[velocity_path_follower.py-9] [INFO] [1786823507.375932923] [velocity_path_follower]: waypoint 4241 / 5251 도달 (선 이탈 0.00 m)
[velocity_path_follower.py-9] [INFO] [1786823507.775641325] [velocity_path_follower]: 1845.0s  wp 4242/5251 이탈0.9m  위치 (  60.50,   -86.09,  12.01)
[velocity_path_follower.py-9] [INFO] [1786823512.426227063] [velocity_path_follower]: waypoint 4242 / 5251 도달 (선 이탈 2.94 m)
[velocity_path_follower.py-9] [INFO] [1786823512.775587230] [velocity_path_follower]: 1850.0s  wp 4244/5251 이탈1.2m  위치 (  64.38,   -83.33,  11.63)
[velocity_path_follower.py-9] [INFO] [1786823517.426132132] [velocity_path_follower]: waypoint 4244 / 5251 도달 (선 이탈 1.40 m)
[velocity_path_follower.py-9] [INFO] [1786823517.775968829] [velocity_path_follower]: 1855.0s  wp 4245/5251 이탈1.4m  위치 (  62.09,   -80.65,  11.08)
[velocity_path_follower.py-9] [INFO] [1786823518.025887620] [velocity_path_follower]: waypoint 4245 / 5251 도달 (선 이탈 1.47 m)
[velocity_path_follower.py-9] [INFO] [1786823518.675633419] [velocity_path_follower]: waypoint 4246 / 5251 도달 (선 이탈 1.46 m)
[velocity_path_follower.py-9] [INFO] [1786823519.225862209] [velocity_path_follower]: waypoint 4247 / 5251 도달 (선 이탈 1.41 m)
[velocity_path_follower.py-9] [INFO] [1786823519.775934617] [velocity_path_follower]: waypoint 4248 / 5251 도달 (선 이탈 1.31 m)
[velocity_path_follower.py-9] [INFO] [1786823520.326137282] [velocity_path_follower]: waypoint 4249 / 5251 도달 (선 이탈 1.17 m)
[velocity_path_follower.py-9] [INFO] [1786823520.875919719] [velocity_path_follower]: waypoint 4250 / 5251 도달 (선 이탈 1.01 m)
[velocity_path_follower.py-9] [INFO] [1786823521.376317045] [velocity_path_follower]: waypoint 4251 / 5251 도달 (선 이탈 0.84 m)
[velocity_path_follower.py-9] [INFO] [1786823521.875846244] [velocity_path_follower]: waypoint 4252 / 5251 도달 (선 이탈 0.65 m)
[velocity_path_follower.py-9] [INFO] [1786823522.376036353] [velocity_path_follower]: waypoint 4253 / 5251 도달 (선 이탈 0.46 m)
[velocity_path_follower.py-9] [INFO] [1786823522.775927327] [velocity_path_follower]: 1860.0s  wp 4254/5251 이탈0.3m  위치 (  57.42,   -81.80,  13.01)
[velocity_path_follower.py-9] [INFO] [1786823522.825895469] [velocity_path_follower]: waypoint 4254 / 5251 도달 (선 이탈 0.29 m)
[velocity_path_follower.py-9] [INFO] [1786823523.275931803] [velocity_path_follower]: waypoint 4255 / 5251 도달 (선 이탈 0.11 m)
[velocity_path_follower.py-9] [INFO] [1786823523.725677998] [velocity_path_follower]: waypoint 4256 / 5251 도달 (선 이탈 0.05 m)
[velocity_path_follower.py-9] [INFO] [1786823524.176040059] [velocity_path_follower]: waypoint 4257 / 5251 도달 (선 이탈 0.20 m)
[velocity_path_follower.py-9] [INFO] [1786823524.575937244] [velocity_path_follower]: waypoint 4258 / 5251 도달 (선 이탈 0.32 m)
[velocity_path_follower.py-9] [INFO] [1786823525.025946371] [velocity_path_follower]: waypoint 4259 / 5251 도달 (선 이탈 0.44 m)
[velocity_path_follower.py-9] [INFO] [1786823525.425748012] [velocity_path_follower]: waypoint 4260 / 5251 도달 (선 이탈 0.53 m)
[velocity_path_follower.py-9] [INFO] [1786823525.825853501] [velocity_path_follower]: waypoint 4261 / 5251 도달 (선 이탈 0.60 m)
[velocity_path_follower.py-9] [INFO] [1786823526.225747480] [velocity_path_follower]: waypoint 4262 / 5251 도달 (선 이탈 0.65 m)
[velocity_path_follower.py-9] [INFO] [1786823526.626013521] [velocity_path_follower]: waypoint 4263 / 5251 도달 (선 이탈 0.69 m)
[velocity_path_follower.py-9] [INFO] [1786823527.025752827] [velocity_path_follower]: waypoint 4264 / 5251 도달 (선 이탈 0.71 m)
[velocity_path_follower.py-9] [INFO] [1786823527.425700061] [velocity_path_follower]: waypoint 4265 / 5251 도달 (선 이탈 0.72 m)
[velocity_path_follower.py-9] [INFO] [1786823527.775662860] [velocity_path_follower]: 1865.0s  wp 4266/5251 이탈0.7m  위치 (  51.43,   -82.81,  14.89)
[velocity_path_follower.py-9] [INFO] [1786823527.825591542] [velocity_path_follower]: waypoint 4266 / 5251 도달 (선 이탈 0.71 m)
[velocity_path_follower.py-9] [INFO] [1786823528.225930963] [velocity_path_follower]: waypoint 4267 / 5251 도달 (선 이탈 0.69 m)
[velocity_path_follower.py-9] [INFO] [1786823528.626464479] [velocity_path_follower]: waypoint 4268 / 5251 도달 (선 이탈 0.65 m)
[velocity_path_follower.py-9] [INFO] [1786823529.025876354] [velocity_path_follower]: waypoint 4269 / 5251 도달 (선 이탈 0.61 m)
[velocity_path_follower.py-9] [INFO] [1786823529.375790403] [velocity_path_follower]: waypoint 4270 / 5251 도달 (선 이탈 0.56 m)
[velocity_path_follower.py-9] [INFO] [1786823529.775695721] [velocity_path_follower]: waypoint 4271 / 5251 도달 (선 이탈 0.50 m)
[velocity_path_follower.py-9] [INFO] [1786823530.176094064] [velocity_path_follower]: waypoint 4272 / 5251 도달 (선 이탈 0.43 m)
[velocity_path_follower.py-9] [INFO] [1786823530.575667075] [velocity_path_follower]: waypoint 4273 / 5251 도달 (선 이탈 0.35 m)
[velocity_path_follower.py-9] [INFO] [1786823530.926007605] [velocity_path_follower]: waypoint 4274 / 5251 도달 (선 이탈 0.28 m)
[velocity_path_follower.py-9] [INFO] [1786823531.329567905] [velocity_path_follower]: waypoint 4275 / 5251 도달 (선 이탈 0.21 m)
[velocity_path_follower.py-9] [INFO] [1786823531.682469568] [velocity_path_follower]: waypoint 4276 / 5251 도달 (선 이탈 0.14 m)
[velocity_path_follower.py-9] [INFO] [1786823532.084815764] [velocity_path_follower]: waypoint 4277 / 5251 도달 (선 이탈 0.06 m)
[velocity_path_follower.py-9] [INFO] [1786823532.434986454] [velocity_path_follower]: waypoint 4278 / 5251 도달 (선 이탈 0.01 m)
[velocity_path_follower.py-9] [INFO] [1786823532.787270962] [velocity_path_follower]: waypoint 4279 / 5251 도달 (선 이탈 0.07 m)
[velocity_path_follower.py-9] [INFO] [1786823532.836887170] [velocity_path_follower]: 1870.1s  wp 4280/5251 이탈0.1m  위치 (  44.82,   -82.02,  10.20)
[velocity_path_follower.py-9] [INFO] [1786823533.186919688] [velocity_path_follower]: waypoint 4280 / 5251 도달 (선 이탈 0.13 m)
[velocity_path_follower.py-9] [INFO] [1786823533.536823074] [velocity_path_follower]: waypoint 4281 / 5251 도달 (선 이탈 0.18 m)
[velocity_path_follower.py-9] [INFO] [1786823533.936746732] [velocity_path_follower]: waypoint 4282 / 5251 도달 (선 이탈 0.23 m)
[velocity_path_follower.py-9] [INFO] [1786823534.286889090] [velocity_path_follower]: waypoint 4283 / 5251 도달 (선 이탈 0.27 m)
[velocity_path_follower.py-9] [INFO] [1786823534.636682181] [velocity_path_follower]: waypoint 4284 / 5251 도달 (선 이탈 0.30 m)
[velocity_path_follower.py-9] [INFO] [1786823534.986942420] [velocity_path_follower]: waypoint 4285 / 5251 도달 (선 이탈 0.33 m)
[velocity_path_follower.py-9] [INFO] [1786823535.341105527] [velocity_path_follower]: waypoint 4286 / 5251 도달 (선 이탈 0.35 m)
[velocity_path_follower.py-9] [INFO] [1786823535.741219280] [velocity_path_follower]: waypoint 4287 / 5251 도달 (선 이탈 0.36 m)
[velocity_path_follower.py-9] [INFO] [1786823536.092216476] [velocity_path_follower]: waypoint 4288 / 5251 도달 (선 이탈 0.36 m)
[velocity_path_follower.py-9] [INFO] [1786823536.441489542] [velocity_path_follower]: waypoint 4289 / 5251 도달 (선 이탈 0.35 m)
[velocity_path_follower.py-9] [INFO] [1786823536.793859850] [velocity_path_follower]: waypoint 4290 / 5251 도달 (선 이탈 0.35 m)
[velocity_path_follower.py-9] [INFO] [1786823537.193768012] [velocity_path_follower]: waypoint 4291 / 5251 도달 (선 이탈 0.33 m)
[velocity_path_follower.py-9] [INFO] [1786823537.543614108] [velocity_path_follower]: waypoint 4292 / 5251 도달 (선 이탈 0.31 m)
[velocity_path_follower.py-9] [INFO] [1786823537.793588586] [velocity_path_follower]: 1875.0s  wp 4293/5251 이탈0.3m  위치 (  38.01,   -81.81,   8.05)
[velocity_path_follower.py-9] [INFO] [1786823537.894044652] [velocity_path_follower]: waypoint 4293 / 5251 도달 (선 이탈 0.28 m)
[velocity_path_follower.py-9] [INFO] [1786823538.244152179] [velocity_path_follower]: waypoint 4294 / 5251 도달 (선 이탈 0.25 m)
[velocity_path_follower.py-9] [INFO] [1786823538.593835519] [velocity_path_follower]: waypoint 4295 / 5251 도달 (선 이탈 0.22 m)
[velocity_path_follower.py-9] [INFO] [1786823538.993829395] [velocity_path_follower]: waypoint 4296 / 5251 도달 (선 이탈 0.18 m)
[velocity_path_follower.py-9] [INFO] [1786823539.343805542] [velocity_path_follower]: waypoint 4297 / 5251 도달 (선 이탈 0.15 m)
[velocity_path_follower.py-9] [INFO] [1786823539.693865152] [velocity_path_follower]: waypoint 4298 / 5251 도달 (선 이탈 0.11 m)
[velocity_path_follower.py-9] [INFO] [1786823540.043696584] [velocity_path_follower]: waypoint 4299 / 5251 도달 (선 이탈 0.08 m)
[velocity_path_follower.py-9] [INFO] [1786823540.394171050] [velocity_path_follower]: waypoint 4300 / 5251 도달 (선 이탈 0.04 m)
[velocity_path_follower.py-9] [INFO] [1786823540.743650756] [velocity_path_follower]: waypoint 4301 / 5251 도달 (선 이탈 0.01 m)
[velocity_path_follower.py-9] [INFO] [1786823541.093868668] [velocity_path_follower]: waypoint 4302 / 5251 도달 (선 이탈 0.03 m)
[velocity_path_follower.py-9] [INFO] [1786823541.443692018] [velocity_path_follower]: waypoint 4303 / 5251 도달 (선 이탈 0.06 m)
[velocity_path_follower.py-9] [INFO] [1786823541.793662084] [velocity_path_follower]: waypoint 4304 / 5251 도달 (선 이탈 0.09 m)
[velocity_path_follower.py-9] [INFO] [1786823542.143934041] [velocity_path_follower]: waypoint 4305 / 5251 도달 (선 이탈 0.11 m)
[velocity_path_follower.py-9] [INFO] [1786823542.493796978] [velocity_path_follower]: waypoint 4306 / 5251 도달 (선 이탈 0.13 m)
[velocity_path_follower.py-9] [INFO] [1786823542.793699936] [velocity_path_follower]: 1880.0s  wp 4307/5251 이탈0.1m  위치 (  30.95,   -82.25,  10.19)
[velocity_path_follower.py-9] [INFO] [1786823542.843923219] [velocity_path_follower]: waypoint 4307 / 5251 도달 (선 이탈 0.15 m)
[velocity_path_follower.py-9] [INFO] [1786823543.193998168] [velocity_path_follower]: waypoint 4308 / 5251 도달 (선 이탈 0.17 m)
[velocity_path_follower.py-9] [INFO] [1786823543.543889399] [velocity_path_follower]: waypoint 4309 / 5251 도달 (선 이탈 0.18 m)
[velocity_path_follower.py-9] [INFO] [1786823543.893624663] [velocity_path_follower]: waypoint 4310 / 5251 도달 (선 이탈 0.18 m)
[velocity_path_follower.py-9] [INFO] [1786823544.293992400] [velocity_path_follower]: waypoint 4311 / 5251 도달 (선 이탈 0.19 m)
[velocity_path_follower.py-9] [INFO] [1786823544.593813107] [velocity_path_follower]: waypoint 4312 / 5251 도달 (선 이탈 0.19 m)
[velocity_path_follower.py-9] [INFO] [1786823544.993868036] [velocity_path_follower]: waypoint 4313 / 5251 도달 (선 이탈 0.18 m)
[velocity_path_follower.py-9] [INFO] [1786823545.293852377] [velocity_path_follower]: waypoint 4314 / 5251 도달 (선 이탈 0.18 m)
[velocity_path_follower.py-9] [INFO] [1786823545.652027077] [velocity_path_follower]: waypoint 4315 / 5251 도달 (선 이탈 0.17 m)
[velocity_path_follower.py-9] [INFO] [1786823546.014466953] [velocity_path_follower]: waypoint 4316 / 5251 도달 (선 이탈 0.16 m)
[velocity_path_follower.py-9] [INFO] [1786823546.414023485] [velocity_path_follower]: waypoint 4317 / 5251 도달 (선 이탈 0.14 m)
[velocity_path_follower.py-9] [INFO] [1786823546.714164626] [velocity_path_follower]: waypoint 4318 / 5251 도달 (선 이탈 0.13 m)
[velocity_path_follower.py-9] [INFO] [1786823547.114089094] [velocity_path_follower]: waypoint 4319 / 5251 도달 (선 이탈 0.11 m)
[velocity_path_follower.py-9] [INFO] [1786823547.414125731] [velocity_path_follower]: waypoint 4320 / 5251 도달 (선 이탈 0.10 m)
[velocity_path_follower.py-9] [INFO] [1786823547.816560411] [velocity_path_follower]: waypoint 4321 / 5251 도달 (선 이탈 0.08 m)
[velocity_path_follower.py-9] [INFO] [1786823547.866395092] [velocity_path_follower]: 1885.1s  wp 4322/5251 이탈0.1m  위치 (  23.73,   -82.17,  12.66)
[velocity_path_follower.py-9] [INFO] [1786823548.117141660] [velocity_path_follower]: waypoint 4322 / 5251 도달 (선 이탈 0.06 m)
[velocity_path_follower.py-9] [INFO] [1786823548.466586041] [velocity_path_follower]: waypoint 4323 / 5251 도달 (선 이탈 0.04 m)
[velocity_path_follower.py-9] [INFO] [1786823548.816520947] [velocity_path_follower]: waypoint 4324 / 5251 도달 (선 이탈 0.02 m)
[velocity_path_follower.py-9] [INFO] [1786823549.166540107] [velocity_path_follower]: waypoint 4325 / 5251 도달 (선 이탈 0.00 m)
[velocity_path_follower.py-9] [INFO] [1786823549.517116547] [velocity_path_follower]: waypoint 4326 / 5251 도달 (선 이탈 0.01 m)
[velocity_path_follower.py-9] [INFO] [1786823549.866699936] [velocity_path_follower]: waypoint 4327 / 5251 도달 (선 이탈 0.03 m)
[velocity_path_follower.py-9] [INFO] [1786823550.217137161] [velocity_path_follower]: waypoint 4328 / 5251 도달 (선 이탈 0.04 m)
[velocity_path_follower.py-9] [INFO] [1786823550.566460621] [velocity_path_follower]: waypoint 4329 / 5251 도달 (선 이탈 0.06 m)
[velocity_path_follower.py-9] [INFO] [1786823550.917334869] [velocity_path_follower]: waypoint 4330 / 5251 도달 (선 이탈 0.07 m)
[velocity_path_follower.py-9] [INFO] [1786823551.266490321] [velocity_path_follower]: waypoint 4331 / 5251 도달 (선 이탈 0.08 m)
[velocity_path_follower.py-9] [INFO] [1786823551.617208562] [velocity_path_follower]: waypoint 4332 / 5251 도달 (선 이탈 0.09 m)
[velocity_path_follower.py-9] [INFO] [1786823551.966443269] [velocity_path_follower]: waypoint 4333 / 5251 도달 (선 이탈 0.09 m)
[velocity_path_follower.py-9] [INFO] [1786823552.316772991] [velocity_path_follower]: waypoint 4334 / 5251 도달 (선 이탈 0.10 m)
[velocity_path_follower.py-9] [INFO] [1786823552.666594604] [velocity_path_follower]: waypoint 4335 / 5251 도달 (선 이탈 0.10 m)
[velocity_path_follower.py-9] [INFO] [1786823552.818493147] [velocity_path_follower]: 1890.0s  wp 4336/5251 이탈0.1m  위치 (  16.64,   -82.00,  11.16)
[velocity_path_follower.py-9] [INFO] [1786823553.018554410] [velocity_path_follower]: waypoint 4336 / 5251 도달 (선 이탈 0.10 m)
[velocity_path_follower.py-9] [INFO] [1786823553.368590993] [velocity_path_follower]: waypoint 4337 / 5251 도달 (선 이탈 0.10 m)
[velocity_path_follower.py-9] [INFO] [1786823553.718794544] [velocity_path_follower]: waypoint 4338 / 5251 도달 (선 이탈 0.09 m)
[velocity_path_follower.py-9] [INFO] [1786823554.068485110] [velocity_path_follower]: waypoint 4339 / 5251 도달 (선 이탈 0.09 m)
[velocity_path_follower.py-9] [INFO] [1786823554.370752368] [velocity_path_follower]: waypoint 4340 / 5251 도달 (선 이탈 0.08 m)
[velocity_path_follower.py-9] [INFO] [1786823554.772836082] [velocity_path_follower]: waypoint 4341 / 5251 도달 (선 이탈 0.08 m)
[velocity_path_follower.py-9] [INFO] [1786823555.122852415] [velocity_path_follower]: waypoint 4342 / 5251 도달 (선 이탈 0.07 m)
[velocity_path_follower.py-9] [INFO] [1786823555.422635173] [velocity_path_follower]: waypoint 4343 / 5251 도달 (선 이탈 0.06 m)
[velocity_path_follower.py-9] [INFO] [1786823555.822933087] [velocity_path_follower]: waypoint 4344 / 5251 도달 (선 이탈 0.05 m)
[velocity_path_follower.py-9] [INFO] [1786823556.122624257] [velocity_path_follower]: waypoint 4345 / 5251 도달 (선 이탈 0.04 m)
[velocity_path_follower.py-9] [INFO] [1786823556.525927994] [velocity_path_follower]: waypoint 4346 / 5251 도달 (선 이탈 0.03 m)
[velocity_path_follower.py-9] [INFO] [1786823556.825960098] [velocity_path_follower]: waypoint 4347 / 5251 도달 (선 이탈 0.02 m)
[velocity_path_follower.py-9] [INFO] [1786823557.175902555] [velocity_path_follower]: waypoint 4348 / 5251 도달 (선 이탈 0.01 m)
[velocity_path_follower.py-9] [INFO] [1786823557.525882265] [velocity_path_follower]: waypoint 4349 / 5251 도달 (선 이탈 0.00 m)
[velocity_path_follower.py-9] [INFO] [1786823557.825909704] [velocity_path_follower]: 1895.0s  wp 4350/5251 이탈0.0m  위치 (   9.45,   -82.10,   9.87)
[velocity_path_follower.py-9] [INFO] [1786823557.876024150] [velocity_path_follower]: waypoint 4350 / 5251 도달 (선 이탈 0.01 m)
[velocity_path_follower.py-9] [INFO] [1786823558.225940150] [velocity_path_follower]: waypoint 4351 / 5251 도달 (선 이탈 0.01 m)
[velocity_path_follower.py-9] [INFO] [1786823558.575861066] [velocity_path_follower]: waypoint 4352 / 5251 도달 (선 이탈 0.02 m)
[velocity_path_follower.py-9] [INFO] [1786823558.926127542] [velocity_path_follower]: waypoint 4353 / 5251 도달 (선 이탈 0.03 m)
[velocity_path_follower.py-9] [INFO] [1786823559.275843241] [velocity_path_follower]: waypoint 4354 / 5251 도달 (선 이탈 0.03 m)
[velocity_path_follower.py-9] [INFO] [1786823559.626037172] [velocity_path_follower]: waypoint 4355 / 5251 도달 (선 이탈 0.04 m)
[velocity_path_follower.py-9] [INFO] [1786823559.975927255] [velocity_path_follower]: waypoint 4356 / 5251 도달 (선 이탈 0.04 m)
[velocity_path_follower.py-9] [INFO] [1786823560.326052934] [velocity_path_follower]: waypoint 4357 / 5251 도달 (선 이탈 0.05 m)
[velocity_path_follower.py-9] [INFO] [1786823560.675936684] [velocity_path_follower]: waypoint 4358 / 5251 도달 (선 이탈 0.05 m)
[velocity_path_follower.py-9] [INFO] [1786823561.028148387] [velocity_path_follower]: waypoint 4359 / 5251 도달 (선 이탈 0.05 m)
[velocity_path_follower.py-9] [INFO] [1786823561.377946801] [velocity_path_follower]: waypoint 4360 / 5251 도달 (선 이탈 0.05 m)
[velocity_path_follower.py-9] [INFO] [1786823561.728037730] [velocity_path_follower]: waypoint 4361 / 5251 도달 (선 이탈 0.05 m)
[velocity_path_follower.py-9] [INFO] [1786823562.030969821] [velocity_path_follower]: waypoint 4362 / 5251 도달 (선 이탈 0.05 m)
[velocity_path_follower.py-9] [INFO] [1786823562.430822472] [velocity_path_follower]: waypoint 4363 / 5251 도달 (선 이탈 0.05 m)
[velocity_path_follower.py-9] [INFO] [1786823562.732991817] [velocity_path_follower]: waypoint 4364 / 5251 도달 (선 이탈 0.05 m)
[velocity_path_follower.py-9] [INFO] [1786823562.832889862] [velocity_path_follower]: 1900.0s  wp 4365/5251 이탈0.0m  위치 (   2.24,   -82.14,  10.09)
[ros2-8] [INFO] [1786823562.916043588] [rosbag2_cpp]: Writing remaining messages from cache to the bag. It may take a while
[velocity_path_follower.py-9] [INFO] [1786823563.083014702] [velocity_path_follower]: waypoint 4365 / 5251 도달 (선 이탈 0.04 m)
[velocity_path_follower.py-9] [INFO] [1786823563.432881704] [velocity_path_follower]: waypoint 4366 / 5251 도달 (선 이탈 0.04 m)
[velocity_path_follower.py-9] [INFO] [1786823563.782851421] [velocity_path_follower]: waypoint 4367 / 5251 도달 (선 이탈 0.03 m)
[velocity_path_follower.py-9] [INFO] [1786823564.132680297] [velocity_path_follower]: waypoint 4368 / 5251 도달 (선 이탈 0.03 m)
[velocity_path_follower.py-9] [INFO] [1786823564.482975073] [velocity_path_follower]: waypoint 4369 / 5251 도달 (선 이탈 0.02 m)
[velocity_path_follower.py-9] [INFO] [1786823564.832913622] [velocity_path_follower]: waypoint 4370 / 5251 도달 (선 이탈 0.02 m)
[velocity_path_follower.py-9] [INFO] [1786823565.182806378] [velocity_path_follower]: waypoint 4371 / 5251 도달 (선 이탈 0.01 m)
[velocity_path_follower.py-9] [INFO] [1786823565.532834808] [velocity_path_follower]: waypoint 4372 / 5251 도달 (선 이탈 0.01 m)
[velocity_path_follower.py-9] [INFO] [1786823565.882684895] [velocity_path_follower]: waypoint 4373 / 5251 도달 (선 이탈 0.00 m)
[velocity_path_follower.py-9] [INFO] [1786823566.232868750] [velocity_path_follower]: waypoint 4374 / 5251 도달 (선 이탈 0.00 m)
[velocity_path_follower.py-9] [INFO] [1786823566.582877180] [velocity_path_follower]: waypoint 4375 / 5251 도달 (선 이탈 0.00 m)
[velocity_path_follower.py-9] [INFO] [1786823566.932781147] [velocity_path_follower]: waypoint 4376 / 5251 도달 (선 이탈 0.01 m)
[velocity_path_follower.py-9] [INFO] [1786823567.232849638] [velocity_path_follower]: waypoint 4377 / 5251 도달 (선 이탈 0.01 m)
[velocity_path_follower.py-9] [INFO] [1786823567.632692878] [velocity_path_follower]: waypoint 4378 / 5251 도달 (선 이탈 0.02 m)
[velocity_path_follower.py-9] [INFO] [1786823567.832611352] [velocity_path_follower]: 1905.0s  wp 4379/5251 이탈0.0m  위치 (  -4.97,   -82.08,   9.51)
[velocity_path_follower.py-9] [INFO] [1786823567.935735356] [velocity_path_follower]: waypoint 4379 / 5251 도달 (선 이탈 0.02 m)
[velocity_path_follower.py-9] [INFO] [1786823568.284823199] [velocity_path_follower]: waypoint 4380 / 5251 도달 (선 이탈 0.02 m)
[velocity_path_follower.py-9] [INFO] [1786823568.634865758] [velocity_path_follower]: waypoint 4381 / 5251 도달 (선 이탈 0.02 m)
[velocity_path_follower.py-9] [INFO] [1786823568.985076326] [velocity_path_follower]: waypoint 4382 / 5251 도달 (선 이탈 0.02 m)
[velocity_path_follower.py-9] [INFO] [1786823569.334943127] [velocity_path_follower]: waypoint 4383 / 5251 도달 (선 이탈 0.03 m)
[velocity_path_follower.py-9] [INFO] [1786823569.684728340] [velocity_path_follower]: waypoint 4384 / 5251 도달 (선 이탈 0.03 m)
[velocity_path_follower.py-9] [INFO] [1786823570.034939034] [velocity_path_follower]: waypoint 4385 / 5251 도달 (선 이탈 0.03 m)
[velocity_path_follower.py-9] [INFO] [1786823570.385060641] [velocity_path_follower]: waypoint 4386 / 5251 도달 (선 이탈 0.03 m)
[velocity_path_follower.py-9] [INFO] [1786823570.734862898] [velocity_path_follower]: waypoint 4387 / 5251 도달 (선 이탈 0.02 m)
[velocity_path_follower.py-9] [INFO] [1786823571.084846124] [velocity_path_follower]: waypoint 4388 / 5251 도달 (선 이탈 0.02 m)
[velocity_path_follower.py-9] [INFO] [1786823571.384994332] [velocity_path_follower]: waypoint 4389 / 5251 도달 (선 이탈 0.02 m)
[velocity_path_follower.py-9] [INFO] [1786823571.784848369] [velocity_path_follower]: waypoint 4390 / 5251 도달 (선 이탈 0.02 m)
[velocity_path_follower.py-9] [INFO] [1786823572.134885056] [velocity_path_follower]: waypoint 4391 / 5251 도달 (선 이탈 0.02 m)
[velocity_path_follower.py-9] [INFO] [1786823572.435016056] [velocity_path_follower]: waypoint 4392 / 5251 도달 (선 이탈 0.02 m)
[velocity_path_follower.py-9] [INFO] [1786823572.787106433] [velocity_path_follower]: waypoint 4393 / 5251 도달 (선 이탈 0.01 m)
[velocity_path_follower.py-9] [INFO] [1786823572.839175149] [velocity_path_follower]: 1910.0s  wp 4394/5251 이탈0.0m  위치 ( -12.18,   -82.09,   9.77)
[velocity_path_follower.py-9] [INFO] [1786823573.139178935] [velocity_path_follower]: waypoint 4394 / 5251 도달 (선 이탈 0.01 m)
[velocity_path_follower.py-9] [INFO] [1786823573.489318504] [velocity_path_follower]: waypoint 4395 / 5251 도달 (선 이탈 0.01 m)
[velocity_path_follower.py-9] [INFO] [1786823573.839210269] [velocity_path_follower]: waypoint 4396 / 5251 도달 (선 이탈 0.00 m)
[velocity_path_follower.py-9] [INFO] [1786823574.189094076] [velocity_path_follower]: waypoint 4397 / 5251 도달 (선 이탈 0.00 m)
[velocity_path_follower.py-9] [INFO] [1786823574.539177311] [velocity_path_follower]: waypoint 4398 / 5251 도달 (선 이탈 0.00 m)
[velocity_path_follower.py-9] [INFO] [1786823574.891247814] [velocity_path_follower]: waypoint 4399 / 5251 도달 (선 이탈 0.00 m)
[velocity_path_follower.py-9] [INFO] [1786823575.255266223] [velocity_path_follower]: waypoint 4400 / 5251 도달 (선 이탈 0.01 m)
[velocity_path_follower.py-9] [INFO] [1786823575.604865184] [velocity_path_follower]: waypoint 4401 / 5251 도달 (선 이탈 0.01 m)
[velocity_path_follower.py-9] [INFO] [1786823575.955503281] [velocity_path_follower]: waypoint 4402 / 5251 도달 (선 이탈 0.01 m)
[velocity_path_follower.py-9] [INFO] [1786823576.305045865] [velocity_path_follower]: waypoint 4403 / 5251 도달 (선 이탈 0.01 m)
[velocity_path_follower.py-9] [INFO] [1786823576.654899840] [velocity_path_follower]: waypoint 4404 / 5251 도달 (선 이탈 0.01 m)
[velocity_path_follower.py-9] [INFO] [1786823577.004816610] [velocity_path_follower]: waypoint 4405 / 5251 도달 (선 이탈 0.01 m)
[velocity_path_follower.py-9] [INFO] [1786823577.355189529] [velocity_path_follower]: waypoint 4406 / 5251 도달 (선 이탈 0.01 m)
[velocity_path_follower.py-9] [INFO] [1786823577.655026518] [velocity_path_follower]: waypoint 4407 / 5251 도달 (선 이탈 0.01 m)
[velocity_path_follower.py-9] [INFO] [1786823577.854916205] [velocity_path_follower]: 1915.0s  wp 4408/5251 이탈0.0m  위치 ( -19.39,   -82.11,   6.85)
[velocity_path_follower.py-9] [INFO] [1786823578.055009528] [velocity_path_follower]: waypoint 4408 / 5251 도달 (선 이탈 0.01 m)
[velocity_path_follower.py-9] [INFO] [1786823578.355114449] [velocity_path_follower]: waypoint 4409 / 5251 도달 (선 이탈 0.01 m)
[velocity_path_follower.py-9] [INFO] [1786823578.704954425] [velocity_path_follower]: waypoint 4410 / 5251 도달 (선 이탈 0.01 m)
[velocity_path_follower.py-9] [INFO] [1786823579.055037497] [velocity_path_follower]: waypoint 4411 / 5251 도달 (선 이탈 0.01 m)
[velocity_path_follower.py-9] [INFO] [1786823579.405064109] [velocity_path_follower]: waypoint 4412 / 5251 도달 (선 이탈 0.01 m)
[velocity_path_follower.py-9] [INFO] [1786823579.755090221] [velocity_path_follower]: waypoint 4413 / 5251 도달 (선 이탈 0.01 m)
[velocity_path_follower.py-9] [INFO] [1786823580.105419933] [velocity_path_follower]: waypoint 4414 / 5251 도달 (선 이탈 0.01 m)
[velocity_path_follower.py-9] [INFO] [1786823580.459457752] [velocity_path_follower]: waypoint 4415 / 5251 도달 (선 이탈 0.01 m)
[velocity_path_follower.py-9] [INFO] [1786823580.810835851] [velocity_path_follower]: waypoint 4416 / 5251 도달 (선 이탈 0.01 m)
[velocity_path_follower.py-9] [INFO] [1786823581.158972617] [velocity_path_follower]: waypoint 4417 / 5251 도달 (선 이탈 0.01 m)
[velocity_path_follower.py-9] [INFO] [1786823581.509176824] [velocity_path_follower]: waypoint 4418 / 5251 도달 (선 이탈 0.01 m)
[velocity_path_follower.py-9] [INFO] [1786823581.861361049] [velocity_path_follower]: waypoint 4419 / 5251 도달 (선 이탈 0.00 m)
[velocity_path_follower.py-9] [INFO] [1786823582.213345723] [velocity_path_follower]: waypoint 4420 / 5251 도달 (선 이탈 0.00 m)
[velocity_path_follower.py-9] [INFO] [1786823582.566598171] [velocity_path_follower]: waypoint 4421 / 5251 도달 (선 이탈 0.00 m)
[velocity_path_follower.py-9] [INFO] [1786823582.865470032] [velocity_path_follower]: waypoint 4422 / 5251 도달 (선 이탈 0.00 m)
[velocity_path_follower.py-9] [INFO] [1786823582.915676320] [velocity_path_follower]: 1920.1s  wp 4423/5251 이탈0.0m  위치 ( -26.66,   -82.10,   9.17)
[velocity_path_follower.py-9] [INFO] [1786823583.267628035] [velocity_path_follower]: waypoint 4423 / 5251 도달 (선 이탈 0.00 m)
[velocity_path_follower.py-9] [INFO] [1786823583.567568744] [velocity_path_follower]: waypoint 4424 / 5251 도달 (선 이탈 0.00 m)
[velocity_path_follower.py-9] [INFO] [1786823583.920200286] [velocity_path_follower]: waypoint 4425 / 5251 도달 (선 이탈 0.00 m)
[velocity_path_follower.py-9] [INFO] [1786823584.270006392] [velocity_path_follower]: waypoint 4426 / 5251 도달 (선 이탈 0.00 m)
[velocity_path_follower.py-9] [INFO] [1786823584.620024467] [velocity_path_follower]: waypoint 4427 / 5251 도달 (선 이탈 0.00 m)
[velocity_path_follower.py-9] [INFO] [1786823584.969938995] [velocity_path_follower]: waypoint 4428 / 5251 도달 (선 이탈 0.01 m)
[velocity_path_follower.py-9] [INFO] [1786823585.320083036] [velocity_path_follower]: waypoint 4429 / 5251 도달 (선 이탈 0.01 m)
[velocity_path_follower.py-9] [INFO] [1786823585.670169575] [velocity_path_follower]: waypoint 4430 / 5251 도달 (선 이탈 0.01 m)
[velocity_path_follower.py-9] [INFO] [1786823586.019915054] [velocity_path_follower]: waypoint 4431 / 5251 도달 (선 이탈 0.01 m)
[velocity_path_follower.py-9] [INFO] [1786823586.370252814] [velocity_path_follower]: waypoint 4432 / 5251 도달 (선 이탈 0.01 m)
[velocity_path_follower.py-9] [INFO] [1786823586.720106008] [velocity_path_follower]: waypoint 4433 / 5251 도달 (선 이탈 0.01 m)
[velocity_path_follower.py-9] [INFO] [1786823587.070140962] [velocity_path_follower]: waypoint 4434 / 5251 도달 (선 이탈 0.01 m)
[velocity_path_follower.py-9] [INFO] [1786823587.419952030] [velocity_path_follower]: waypoint 4435 / 5251 도달 (선 이탈 0.01 m)
[velocity_path_follower.py-9] [INFO] [1786823587.720077043] [velocity_path_follower]: waypoint 4436 / 5251 도달 (선 이탈 0.01 m)
[velocity_path_follower.py-9] [INFO] [1786823587.869983334] [velocity_path_follower]: 1925.0s  wp 4437/5251 이탈0.0m  위치 ( -33.82,   -82.09,   9.96)
[velocity_path_follower.py-9] [INFO] [1786823588.070102914] [velocity_path_follower]: waypoint 4437 / 5251 도달 (선 이탈 0.01 m)
[velocity_path_follower.py-9] [INFO] [1786823588.470061561] [velocity_path_follower]: waypoint 4438 / 5251 도달 (선 이탈 0.01 m)
[velocity_path_follower.py-9] [INFO] [1786823588.769948688] [velocity_path_follower]: waypoint 4439 / 5251 도달 (선 이탈 0.00 m)
[velocity_path_follower.py-9] [INFO] [1786823589.120176154] [velocity_path_follower]: waypoint 4440 / 5251 도달 (선 이탈 0.00 m)
[velocity_path_follower.py-9] [INFO] [1786823589.470143524] [velocity_path_follower]: waypoint 4441 / 5251 도달 (선 이탈 0.00 m)
[velocity_path_follower.py-9] [INFO] [1786823589.820012430] [velocity_path_follower]: waypoint 4442 / 5251 도달 (선 이탈 0.00 m)
[velocity_path_follower.py-9] [INFO] [1786823590.170046762] [velocity_path_follower]: waypoint 4443 / 5251 도달 (선 이탈 0.00 m)
[velocity_path_follower.py-9] [INFO] [1786823592.870035691] [velocity_path_follower]: 1930.0s  climb       위치 ( -40.48,   -81.48,   5.58)
[velocity_path_follower.py-9] [INFO] [1786823597.870060331] [velocity_path_follower]: 1935.0s  wp 4444/5251 이탈4.6m  위치 ( -43.23,   -80.29,   7.69)
[velocity_path_follower.py-9] [INFO] [1786823599.322772484] [velocity_path_follower]: waypoint 4444 / 5251 도달 (선 이탈 4.53 m)
[velocity_path_follower.py-9] [INFO] [1786823602.874291180] [velocity_path_follower]: 1940.0s  wp 4446/5251 이탈0.6m  위치 ( -40.79,   -77.55,   7.45)
[velocity_path_follower.py-9] [INFO] [1786823604.074318226] [velocity_path_follower]: waypoint 4446 / 5251 도달 (선 이탈 0.97 m)
[velocity_path_follower.py-9] [INFO] [1786823604.524425640] [velocity_path_follower]: waypoint 4447 / 5251 도달 (선 이탈 1.07 m)
[velocity_path_follower.py-9] [INFO] [1786823604.974407922] [velocity_path_follower]: waypoint 4448 / 5251 도달 (선 이탈 1.13 m)
[velocity_path_follower.py-9] [INFO] [1786823605.429630059] [velocity_path_follower]: waypoint 4449 / 5251 도달 (선 이탈 1.16 m)
[velocity_path_follower.py-9] [INFO] [1786823605.879810687] [velocity_path_follower]: waypoint 4450 / 5251 도달 (선 이탈 1.16 m)
[velocity_path_follower.py-9] [INFO] [1786823607.583992526] [velocity_path_follower]: waypoint 4451 / 5251 도달 (선 이탈 1.06 m)
[velocity_path_follower.py-9] [INFO] [1786823607.633689668] [velocity_path_follower]: waypoint 4452 / 5251 도달 (선 이탈 1.06 m)
[velocity_path_follower.py-9] [INFO] [1786823607.683984215] [velocity_path_follower]: waypoint 4453 / 5251 도달 (선 이탈 1.05 m)
[velocity_path_follower.py-9] [INFO] [1786823607.883943382] [velocity_path_follower]: 1945.0s  wp 4454/5251 이탈1.0m  위치 ( -35.62,   -77.06,   6.52)
[velocity_path_follower.py-9] [INFO] [1786823607.933866285] [velocity_path_follower]: waypoint 4454 / 5251 도달 (선 이탈 1.04 m)
[velocity_path_follower.py-9] [INFO] [1786823608.583921330] [velocity_path_follower]: waypoint 4455 / 5251 도달 (선 이탈 0.98 m)
[velocity_path_follower.py-9] [INFO] [1786823609.134025231] [velocity_path_follower]: waypoint 4456 / 5251 도달 (선 이탈 0.90 m)
[velocity_path_follower.py-9] [INFO] [1786823609.684023669] [velocity_path_follower]: waypoint 4457 / 5251 도달 (선 이탈 0.79 m)
[velocity_path_follower.py-9] [INFO] [1786823610.183875776] [velocity_path_follower]: waypoint 4458 / 5251 도달 (선 이탈 0.67 m)
[velocity_path_follower.py-9] [INFO] [1786823610.687681712] [velocity_path_follower]: waypoint 4459 / 5251 도달 (선 이탈 0.54 m)
[velocity_path_follower.py-9] [INFO] [1786823611.187491568] [velocity_path_follower]: waypoint 4460 / 5251 도달 (선 이탈 0.40 m)
[velocity_path_follower.py-9] [INFO] [1786823611.637466735] [velocity_path_follower]: waypoint 4461 / 5251 도달 (선 이탈 0.26 m)
[velocity_path_follower.py-9] [INFO] [1786823612.141211170] [velocity_path_follower]: waypoint 4462 / 5251 도달 (선 이탈 0.13 m)
[velocity_path_follower.py-9] [INFO] [1786823612.591231632] [velocity_path_follower]: waypoint 4463 / 5251 도달 (선 이탈 0.00 m)
[velocity_path_follower.py-9] [INFO] [1786823612.890939188] [velocity_path_follower]: 1950.0s  wp 4464/5251 이탈0.1m  위치 ( -30.71,   -78.17,   7.65)
[velocity_path_follower.py-9] [INFO] [1786823612.991132389] [velocity_path_follower]: waypoint 4464 / 5251 도달 (선 이탈 0.10 m)
[velocity_path_follower.py-9] [INFO] [1786823613.445893388] [velocity_path_follower]: waypoint 4465 / 5251 도달 (선 이탈 0.20 m)
[velocity_path_follower.py-9] [INFO] [1786823613.895691548] [velocity_path_follower]: waypoint 4466 / 5251 도달 (선 이탈 0.29 m)
[velocity_path_follower.py-9] [INFO] [1786823614.295624641] [velocity_path_follower]: waypoint 4467 / 5251 도달 (선 이탈 0.36 m)
[velocity_path_follower.py-9] [INFO] [1786823614.695644989] [velocity_path_follower]: waypoint 4468 / 5251 도달 (선 이탈 0.42 m)
[velocity_path_follower.py-9] [INFO] [1786823615.095938893] [velocity_path_follower]: waypoint 4469 / 5251 도달 (선 이탈 0.46 m)
[velocity_path_follower.py-9] [INFO] [1786823615.495947034] [velocity_path_follower]: waypoint 4470 / 5251 도달 (선 이탈 0.49 m)
[velocity_path_follower.py-9] [INFO] [1786823615.895663701] [velocity_path_follower]: waypoint 4471 / 5251 도달 (선 이탈 0.51 m)
[velocity_path_follower.py-9] [INFO] [1786823616.295903604] [velocity_path_follower]: waypoint 4472 / 5251 도달 (선 이탈 0.52 m)
[velocity_path_follower.py-9] [INFO] [1786823616.695677150] [velocity_path_follower]: waypoint 4473 / 5251 도달 (선 이탈 0.51 m)
[velocity_path_follower.py-9] [INFO] [1786823617.095686709] [velocity_path_follower]: waypoint 4474 / 5251 도달 (선 이탈 0.49 m)
[velocity_path_follower.py-9] [INFO] [1786823617.445695276] [velocity_path_follower]: waypoint 4475 / 5251 도달 (선 이탈 0.47 m)
[velocity_path_follower.py-9] [INFO] [1786823617.848459311] [velocity_path_follower]: waypoint 4476 / 5251 도달 (선 이탈 0.44 m)
[velocity_path_follower.py-9] [INFO] [1786823617.898602144] [velocity_path_follower]: 1955.0s  wp 4477/5251 이탈0.4m  위치 ( -24.49,   -78.53,  10.24)
[velocity_path_follower.py-9] [INFO] [1786823618.198409501] [velocity_path_follower]: waypoint 4477 / 5251 도달 (선 이탈 0.40 m)
[velocity_path_follower.py-9] [INFO] [1786823618.598657074] [velocity_path_follower]: waypoint 4478 / 5251 도달 (선 이탈 0.36 m)
[velocity_path_follower.py-9] [INFO] [1786823619.000746075] [velocity_path_follower]: waypoint 4479 / 5251 도달 (선 이탈 0.30 m)
[velocity_path_follower.py-9] [INFO] [1786823619.350954655] [velocity_path_follower]: waypoint 4480 / 5251 도달 (선 이탈 0.25 m)
[velocity_path_follower.py-9] [INFO] [1786823619.750673077] [velocity_path_follower]: waypoint 4481 / 5251 도달 (선 이탈 0.20 m)
[velocity_path_follower.py-9] [INFO] [1786823620.100893991] [velocity_path_follower]: waypoint 4482 / 5251 도달 (선 이탈 0.15 m)
[velocity_path_follower.py-9] [INFO] [1786823620.500700585] [velocity_path_follower]: waypoint 4483 / 5251 도달 (선 이탈 0.09 m)
[velocity_path_follower.py-9] [INFO] [1786823620.850542481] [velocity_path_follower]: waypoint 4484 / 5251 도달 (선 이탈 0.04 m)
[velocity_path_follower.py-9] [INFO] [1786823621.200610347] [velocity_path_follower]: waypoint 4485 / 5251 도달 (선 이탈 0.01 m)
[velocity_path_follower.py-9] [INFO] [1786823621.550730091] [velocity_path_follower]: waypoint 4486 / 5251 도달 (선 이탈 0.06 m)
[velocity_path_follower.py-9] [INFO] [1786823621.950683694] [velocity_path_follower]: waypoint 4487 / 5251 도달 (선 이탈 0.10 m)
[velocity_path_follower.py-9] [INFO] [1786823622.300833524] [velocity_path_follower]: waypoint 4488 / 5251 도달 (선 이탈 0.14 m)
[velocity_path_follower.py-9] [INFO] [1786823622.700561533] [velocity_path_follower]: waypoint 4489 / 5251 도달 (선 이탈 0.18 m)
[velocity_path_follower.py-9] [INFO] [1786823622.900447538] [velocity_path_follower]: 1960.0s  wp 4490/5251 이탈0.2m  위치 ( -17.74,   -77.90,   9.74)
[velocity_path_follower.py-9] [INFO] [1786823623.050662360] [velocity_path_follower]: waypoint 4490 / 5251 도달 (선 이탈 0.21 m)
[velocity_path_follower.py-9] [INFO] [1786823623.403473787] [velocity_path_follower]: waypoint 4491 / 5251 도달 (선 이탈 0.23 m)
[velocity_path_follower.py-9] [INFO] [1786823623.753435608] [velocity_path_follower]: waypoint 4492 / 5251 도달 (선 이탈 0.25 m)
[velocity_path_follower.py-9] [INFO] [1786823624.103459599] [velocity_path_follower]: waypoint 4493 / 5251 도달 (선 이탈 0.26 m)
[velocity_path_follower.py-9] [INFO] [1786823624.506323689] [velocity_path_follower]: waypoint 4494 / 5251 도달 (선 이탈 0.27 m)
[velocity_path_follower.py-9] [INFO] [1786823624.856151546] [velocity_path_follower]: waypoint 4495 / 5251 도달 (선 이탈 0.28 m)
[velocity_path_follower.py-9] [INFO] [1786823625.206167705] [velocity_path_follower]: waypoint 4496 / 5251 도달 (선 이탈 0.27 m)
[velocity_path_follower.py-9] [INFO] [1786823625.556320163] [velocity_path_follower]: waypoint 4497 / 5251 도달 (선 이탈 0.27 m)
[velocity_path_follower.py-9] [INFO] [1786823625.906294570] [velocity_path_follower]: waypoint 4498 / 5251 도달 (선 이탈 0.26 m)
[velocity_path_follower.py-9] [INFO] [1786823626.256224684] [velocity_path_follower]: waypoint 4499 / 5251 도달 (선 이탈 0.24 m)
[velocity_path_follower.py-9] [INFO] [1786823627.912701166] [velocity_path_follower]: 1965.0s  climb       위치 ( -10.92,   -77.95,   5.97)
[velocity_path_follower.py-9] [INFO] [1786823629.964654329] [velocity_path_follower]: waypoint 4500 / 5251 도달 (선 이탈 0.07 m)
[velocity_path_follower.py-9] [INFO] [1786823630.014868750] [velocity_path_follower]: waypoint 4501 / 5251 도달 (선 이탈 0.07 m)
[velocity_path_follower.py-9] [INFO] [1786823630.064890369] [velocity_path_follower]: waypoint 4502 / 5251 도달 (선 이탈 0.07 m)
[velocity_path_follower.py-9] [INFO] [1786823630.115965543] [velocity_path_follower]: waypoint 4503 / 5251 도달 (선 이탈 0.07 m)
[velocity_path_follower.py-9] [INFO] [1786823630.164850146] [velocity_path_follower]: waypoint 4504 / 5251 도달 (선 이탈 0.07 m)
[velocity_path_follower.py-9] [INFO] [1786823630.215134571] [velocity_path_follower]: waypoint 4505 / 5251 도달 (선 이탈 0.07 m)
[velocity_path_follower.py-9] [INFO] [1786823630.264637873] [velocity_path_follower]: waypoint 4506 / 5251 도달 (선 이탈 0.06 m)
[velocity_path_follower.py-9] [INFO] [1786823630.314942965] [velocity_path_follower]: waypoint 4507 / 5251 도달 (선 이탈 0.06 m)
[velocity_path_follower.py-9] [INFO] [1786823630.616957197] [velocity_path_follower]: waypoint 4508 / 5251 도달 (선 이탈 0.05 m)
[velocity_path_follower.py-9] [INFO] [1786823631.266830608] [velocity_path_follower]: waypoint 4509 / 5251 도달 (선 이탈 0.04 m)
[velocity_path_follower.py-9] [INFO] [1786823631.917046163] [velocity_path_follower]: waypoint 4510 / 5251 도달 (선 이탈 0.02 m)
[velocity_path_follower.py-9] [INFO] [1786823632.467133350] [velocity_path_follower]: waypoint 4511 / 5251 도달 (선 이탈 0.00 m)
[velocity_path_follower.py-9] [INFO] [1786823632.916841030] [velocity_path_follower]: 1970.0s  wp 4512/5251 이탈0.0m  위치 (  -6.67,   -78.11,   8.92)
[velocity_path_follower.py-9] [INFO] [1786823633.017469383] [velocity_path_follower]: waypoint 4512 / 5251 도달 (선 이탈 0.01 m)
[velocity_path_follower.py-9] [INFO] [1786823633.516886752] [velocity_path_follower]: waypoint 4513 / 5251 도달 (선 이탈 0.02 m)
[velocity_path_follower.py-9] [INFO] [1786823634.021414217] [velocity_path_follower]: waypoint 4514 / 5251 도달 (선 이탈 0.03 m)
[velocity_path_follower.py-9] [INFO] [1786823634.471463084] [velocity_path_follower]: waypoint 4515 / 5251 도달 (선 이탈 0.04 m)
[velocity_path_follower.py-9] [INFO] [1786823634.923567765] [velocity_path_follower]: waypoint 4516 / 5251 도달 (선 이탈 0.05 m)
[velocity_path_follower.py-9] [INFO] [1786823635.375625611] [velocity_path_follower]: waypoint 4517 / 5251 도달 (선 이탈 0.05 m)
[velocity_path_follower.py-9] [INFO] [1786823635.825569682] [velocity_path_follower]: waypoint 4518 / 5251 도달 (선 이탈 0.05 m)
[velocity_path_follower.py-9] [INFO] [1786823636.275645302] [velocity_path_follower]: waypoint 4519 / 5251 도달 (선 이탈 0.05 m)
[velocity_path_follower.py-9] [INFO] [1786823636.677764242] [velocity_path_follower]: waypoint 4520 / 5251 도달 (선 이탈 0.05 m)
[velocity_path_follower.py-9] [INFO] [1786823637.079972062] [velocity_path_follower]: waypoint 4521 / 5251 도달 (선 이탈 0.05 m)
[velocity_path_follower.py-9] [INFO] [1786823637.531883361] [velocity_path_follower]: waypoint 4522 / 5251 도달 (선 이탈 0.05 m)
[velocity_path_follower.py-9] [INFO] [1786823637.934404948] [velocity_path_follower]: waypoint 4523 / 5251 도달 (선 이탈 0.04 m)
[velocity_path_follower.py-9] [INFO] [1786823637.984551909] [velocity_path_follower]: 1975.1s  wp 4524/5251 이탈0.0m  위치 (  -0.96,   -78.14,  11.64)
[velocity_path_follower.py-9] [INFO] [1786823638.334329985] [velocity_path_follower]: waypoint 4524 / 5251 도달 (선 이탈 0.04 m)
[velocity_path_follower.py-9] [INFO] [1786823638.684356158] [velocity_path_follower]: waypoint 4525 / 5251 도달 (선 이탈 0.03 m)
[velocity_path_follower.py-9] [INFO] [1786823639.088860765] [velocity_path_follower]: waypoint 4526 / 5251 도달 (선 이탈 0.03 m)
[velocity_path_follower.py-9] [INFO] [1786823639.488843681] [velocity_path_follower]: waypoint 4527 / 5251 도달 (선 이탈 0.02 m)
[velocity_path_follower.py-9] [INFO] [1786823639.888964230] [velocity_path_follower]: waypoint 4528 / 5251 도달 (선 이탈 0.02 m)
[velocity_path_follower.py-9] [INFO] [1786823640.239515348] [velocity_path_follower]: waypoint 4529 / 5251 도달 (선 이탈 0.01 m)
[velocity_path_follower.py-9] [INFO] [1786823640.638877733] [velocity_path_follower]: waypoint 4530 / 5251 도달 (선 이탈 0.00 m)
[velocity_path_follower.py-9] [INFO] [1786823640.988922367] [velocity_path_follower]: waypoint 4531 / 5251 도달 (선 이탈 0.00 m)
[velocity_path_follower.py-9] [INFO] [1786823641.395444748] [velocity_path_follower]: waypoint 4532 / 5251 도달 (선 이탈 0.01 m)
[velocity_path_follower.py-9] [INFO] [1786823641.747430483] [velocity_path_follower]: waypoint 4533 / 5251 도달 (선 이탈 0.01 m)
[velocity_path_follower.py-9] [INFO] [1786823642.147559326] [velocity_path_follower]: waypoint 4534 / 5251 도달 (선 이탈 0.02 m)
[velocity_path_follower.py-9] [INFO] [1786823642.497353824] [velocity_path_follower]: waypoint 4535 / 5251 도달 (선 이탈 0.02 m)
[velocity_path_follower.py-9] [INFO] [1786823642.847504132] [velocity_path_follower]: waypoint 4536 / 5251 도달 (선 이탈 0.02 m)
[velocity_path_follower.py-9] [INFO] [1786823642.947269486] [velocity_path_follower]: 1980.0s  wp 4537/5251 이탈0.0m  위치 (   5.55,   -78.08,   9.19)
[velocity_path_follower.py-9] [INFO] [1786823643.249902302] [velocity_path_follower]: waypoint 4537 / 5251 도달 (선 이탈 0.02 m)
[velocity_path_follower.py-9] [INFO] [1786823643.600007650] [velocity_path_follower]: waypoint 4538 / 5251 도달 (선 이탈 0.03 m)
[velocity_path_follower.py-9] [INFO] [1786823643.950034203] [velocity_path_follower]: waypoint 4539 / 5251 도달 (선 이탈 0.03 m)
[velocity_path_follower.py-9] [INFO] [1786823644.299842328] [velocity_path_follower]: waypoint 4540 / 5251 도달 (선 이탈 0.03 m)
[velocity_path_follower.py-9] [INFO] [1786823644.700470158] [velocity_path_follower]: waypoint 4541 / 5251 도달 (선 이탈 0.03 m)
[velocity_path_follower.py-9] [INFO] [1786823645.049985561] [velocity_path_follower]: waypoint 4542 / 5251 도달 (선 이탈 0.03 m)
[velocity_path_follower.py-9] [INFO] [1786823645.399802896] [velocity_path_follower]: waypoint 4543 / 5251 도달 (선 이탈 0.03 m)
[velocity_path_follower.py-9] [INFO] [1786823645.750100548] [velocity_path_follower]: waypoint 4544 / 5251 도달 (선 이탈 0.03 m)
[velocity_path_follower.py-9] [INFO] [1786823646.150229771] [velocity_path_follower]: waypoint 4545 / 5251 도달 (선 이탈 0.02 m)
[velocity_path_follower.py-9] [INFO] [1786823646.451872789] [velocity_path_follower]: waypoint 4546 / 5251 도달 (선 이탈 0.02 m)
[velocity_path_follower.py-9] [INFO] [1786823646.850055828] [velocity_path_follower]: waypoint 4547 / 5251 도달 (선 이탈 0.02 m)
[velocity_path_follower.py-9] [INFO] [1786823647.199854247] [velocity_path_follower]: waypoint 4548 / 5251 도달 (선 이탈 0.02 m)
[velocity_path_follower.py-9] [INFO] [1786823647.549666751] [velocity_path_follower]: waypoint 4549 / 5251 도달 (선 이탈 0.01 m)
[velocity_path_follower.py-9] [INFO] [1786823647.899845149] [velocity_path_follower]: waypoint 4550 / 5251 도달 (선 이탈 0.01 m)
[velocity_path_follower.py-9] [INFO] [1786823647.949826727] [velocity_path_follower]: 1985.0s  wp 4551/5251 이탈0.0m  위치 (  12.52,   -78.09,   9.90)
[velocity_path_follower.py-9] [INFO] [1786823648.249905124] [velocity_path_follower]: waypoint 4551 / 5251 도달 (선 이탈 0.01 m)
[velocity_path_follower.py-9] [INFO] [1786823648.599989643] [velocity_path_follower]: waypoint 4552 / 5251 도달 (선 이탈 0.01 m)
[velocity_path_follower.py-9] [INFO] [1786823648.950336383] [velocity_path_follower]: waypoint 4553 / 5251 도달 (선 이탈 0.00 m)
[velocity_path_follower.py-9] [INFO] [1786823649.299679573] [velocity_path_follower]: waypoint 4554 / 5251 도달 (선 이탈 0.00 m)
[velocity_path_follower.py-9] [INFO] [1786823649.649858973] [velocity_path_follower]: waypoint 4555 / 5251 도달 (선 이탈 0.00 m)
[velocity_path_follower.py-9] [INFO] [1786823650.001853299] [velocity_path_follower]: waypoint 4556 / 5251 도달 (선 이탈 0.00 m)
[velocity_path_follower.py-9] [INFO] [1786823650.352010865] [velocity_path_follower]: waypoint 4557 / 5251 도달 (선 이탈 0.01 m)
[velocity_path_follower.py-9] [INFO] [1786823650.701869707] [velocity_path_follower]: waypoint 4558 / 5251 도달 (선 이탈 0.01 m)
[velocity_path_follower.py-9] [INFO] [1786823651.051900475] [velocity_path_follower]: waypoint 4559 / 5251 도달 (선 이탈 0.01 m)
[velocity_path_follower.py-9] [INFO] [1786823651.401875366] [velocity_path_follower]: waypoint 4560 / 5251 도달 (선 이탈 0.01 m)
[velocity_path_follower.py-9] [INFO] [1786823651.752132397] [velocity_path_follower]: waypoint 4561 / 5251 도달 (선 이탈 0.01 m)
[velocity_path_follower.py-9] [INFO] [1786823652.104800510] [velocity_path_follower]: waypoint 4562 / 5251 도달 (선 이탈 0.01 m)
[velocity_path_follower.py-9] [INFO] [1786823652.456966515] [velocity_path_follower]: waypoint 4563 / 5251 도달 (선 이탈 0.01 m)
[velocity_path_follower.py-9] [INFO] [1786823652.808604326] [velocity_path_follower]: waypoint 4564 / 5251 도달 (선 이탈 0.01 m)
[velocity_path_follower.py-9] [INFO] [1786823652.958824286] [velocity_path_follower]: 1990.0s  wp 4565/5251 이탈0.0m  위치 (  19.64,   -78.11,  11.67)
[velocity_path_follower.py-9] [INFO] [1786823653.158666473] [velocity_path_follower]: waypoint 4565 / 5251 도달 (선 이탈 0.01 m)
[velocity_path_follower.py-9] [INFO] [1786823653.508764830] [velocity_path_follower]: waypoint 4566 / 5251 도달 (선 이탈 0.01 m)
[velocity_path_follower.py-9] [INFO] [1786823653.862828351] [velocity_path_follower]: waypoint 4567 / 5251 도달 (선 이탈 0.01 m)
[velocity_path_follower.py-9] [INFO] [1786823654.212979753] [velocity_path_follower]: waypoint 4568 / 5251 도달 (선 이탈 0.01 m)
[velocity_path_follower.py-9] [INFO] [1786823654.562682675] [velocity_path_follower]: waypoint 4569 / 5251 도달 (선 이탈 0.01 m)
[velocity_path_follower.py-9] [INFO] [1786823654.913042963] [velocity_path_follower]: waypoint 4570 / 5251 도달 (선 이탈 0.01 m)
[velocity_path_follower.py-9] [INFO] [1786823655.262872642] [velocity_path_follower]: waypoint 4571 / 5251 도달 (선 이탈 0.01 m)
[velocity_path_follower.py-9] [INFO] [1786823655.613003045] [velocity_path_follower]: waypoint 4572 / 5251 도달 (선 이탈 0.01 m)
[velocity_path_follower.py-9] [INFO] [1786823655.963076694] [velocity_path_follower]: waypoint 4573 / 5251 도달 (선 이탈 0.01 m)
[velocity_path_follower.py-9] [INFO] [1786823656.312818120] [velocity_path_follower]: waypoint 4574 / 5251 도달 (선 이탈 0.01 m)
[velocity_path_follower.py-9] [INFO] [1786823656.662850310] [velocity_path_follower]: waypoint 4575 / 5251 도달 (선 이탈 0.00 m)
[velocity_path_follower.py-9] [INFO] [1786823657.012866041] [velocity_path_follower]: waypoint 4576 / 5251 도달 (선 이탈 0.00 m)
[velocity_path_follower.py-9] [INFO] [1786823657.362801477] [velocity_path_follower]: waypoint 4577 / 5251 도달 (선 이탈 0.00 m)
[velocity_path_follower.py-9] [INFO] [1786823657.712855336] [velocity_path_follower]: waypoint 4578 / 5251 도달 (선 이탈 0.00 m)
[velocity_path_follower.py-9] [INFO] [1786823657.962846155] [velocity_path_follower]: 1995.0s  wp 4579/5251 이탈0.0m  위치 (  26.81,   -78.10,   9.30)
[velocity_path_follower.py-9] [INFO] [1786823658.062883360] [velocity_path_follower]: waypoint 4579 / 5251 도달 (선 이탈 0.00 m)
[velocity_path_follower.py-9] [INFO] [1786823658.412695791] [velocity_path_follower]: waypoint 4580 / 5251 도달 (선 이탈 0.00 m)
[velocity_path_follower.py-9] [INFO] [1786823658.762861615] [velocity_path_follower]: waypoint 4581 / 5251 도달 (선 이탈 0.00 m)
[velocity_path_follower.py-9] [INFO] [1786823659.112677213] [velocity_path_follower]: waypoint 4582 / 5251 도달 (선 이탈 0.00 m)
[velocity_path_follower.py-9] [INFO] [1786823659.462838038] [velocity_path_follower]: waypoint 4583 / 5251 도달 (선 이탈 0.01 m)
[velocity_path_follower.py-9] [INFO] [1786823659.812982320] [velocity_path_follower]: waypoint 4584 / 5251 도달 (선 이탈 0.01 m)
[velocity_path_follower.py-9] [INFO] [1786823660.113155231] [velocity_path_follower]: waypoint 4585 / 5251 도달 (선 이탈 0.01 m)
[velocity_path_follower.py-9] [INFO] [1786823660.467837124] [velocity_path_follower]: waypoint 4586 / 5251 도달 (선 이탈 0.01 m)
[velocity_path_follower.py-9] [INFO] [1786823660.868098535] [velocity_path_follower]: waypoint 4587 / 5251 도달 (선 이탈 0.01 m)
[velocity_path_follower.py-9] [INFO] [1786823661.167806257] [velocity_path_follower]: waypoint 4588 / 5251 도달 (선 이탈 0.01 m)
[velocity_path_follower.py-9] [INFO] [1786823661.517872662] [velocity_path_follower]: waypoint 4589 / 5251 도달 (선 이탈 0.01 m)
[velocity_path_follower.py-9] [INFO] [1786823661.867825728] [velocity_path_follower]: waypoint 4590 / 5251 도달 (선 이탈 0.01 m)
[velocity_path_follower.py-9] [INFO] [1786823662.218447912] [velocity_path_follower]: waypoint 4591 / 5251 도달 (선 이탈 0.01 m)
[velocity_path_follower.py-9] [INFO] [1786823662.568027710] [velocity_path_follower]: waypoint 4592 / 5251 도달 (선 이탈 0.01 m)
[velocity_path_follower.py-9] [INFO] [1786823662.920482197] [velocity_path_follower]: waypoint 4593 / 5251 도달 (선 이탈 0.01 m)
[velocity_path_follower.py-9] [INFO] [1786823662.969608733] [velocity_path_follower]: 2000.0s  wp 4594/5251 이탈0.0m  위치 (  34.01,   -78.09,   7.86)
[velocity_path_follower.py-9] [INFO] [1786823663.270471100] [velocity_path_follower]: waypoint 4594 / 5251 도달 (선 이탈 0.01 m)
[velocity_path_follower.py-9] [INFO] [1786823663.619929184] [velocity_path_follower]: waypoint 4595 / 5251 도달 (선 이탈 0.01 m)
[velocity_path_follower.py-9] [INFO] [1786823663.970001549] [velocity_path_follower]: waypoint 4596 / 5251 도달 (선 이탈 0.01 m)
[velocity_path_follower.py-9] [INFO] [1786823664.319615767] [velocity_path_follower]: waypoint 4597 / 5251 도달 (선 이탈 0.00 m)
[velocity_path_follower.py-9] [INFO] [1786823664.669916187] [velocity_path_follower]: waypoint 4598 / 5251 도달 (선 이탈 0.00 m)
[velocity_path_follower.py-9] [INFO] [1786823665.019809752] [velocity_path_follower]: waypoint 4599 / 5251 도달 (선 이탈 0.00 m)
[velocity_path_follower.py-9] [INFO] [1786823665.369920288] [velocity_path_follower]: waypoint 4600 / 5251 도달 (선 이탈 0.00 m)
[velocity_path_follower.py-9] [INFO] [1786823665.720111370] [velocity_path_follower]: waypoint 4601 / 5251 도달 (선 이탈 0.00 m)
[velocity_path_follower.py-9] [INFO] [1786823666.076810621] [velocity_path_follower]: waypoint 4602 / 5251 도달 (선 이탈 0.00 m)
[velocity_path_follower.py-9] [INFO] [1786823666.380038863] [velocity_path_follower]: waypoint 4603 / 5251 도달 (선 이탈 0.00 m)
[velocity_path_follower.py-9] [INFO] [1786823666.730112231] [velocity_path_follower]: waypoint 4604 / 5251 도달 (선 이탈 0.00 m)
[velocity_path_follower.py-9] [INFO] [1786823667.079956588] [velocity_path_follower]: waypoint 4605 / 5251 도달 (선 이탈 0.00 m)
[velocity_path_follower.py-9] [INFO] [1786823667.432668635] [velocity_path_follower]: waypoint 4606 / 5251 도달 (선 이탈 0.00 m)
[velocity_path_follower.py-9] [INFO] [1786823667.782841801] [velocity_path_follower]: waypoint 4607 / 5251 도달 (선 이탈 0.00 m)
[velocity_path_follower.py-9] [INFO] [1786823667.984619679] [velocity_path_follower]: 2005.0s  wp 4608/5251 이탈0.0m  위치 (  41.22,   -78.10,  10.34)
[velocity_path_follower.py-9] [INFO] [1786823668.134629551] [velocity_path_follower]: waypoint 4608 / 5251 도달 (선 이탈 0.00 m)
[velocity_path_follower.py-9] [INFO] [1786823668.484997769] [velocity_path_follower]: waypoint 4609 / 5251 도달 (선 이탈 0.00 m)
[velocity_path_follower.py-9] [INFO] [1786823668.834634075] [velocity_path_follower]: waypoint 4610 / 5251 도달 (선 이탈 0.00 m)
[velocity_path_follower.py-9] [INFO] [1786823669.184842286] [velocity_path_follower]: waypoint 4611 / 5251 도달 (선 이탈 0.00 m)
[velocity_path_follower.py-9] [INFO] [1786823669.534691312] [velocity_path_follower]: waypoint 4612 / 5251 도달 (선 이탈 0.00 m)
[velocity_path_follower.py-9] [INFO] [1786823669.884568632] [velocity_path_follower]: waypoint 4613 / 5251 도달 (선 이탈 0.00 m)
[velocity_path_follower.py-9] [INFO] [1786823670.241841333] [velocity_path_follower]: waypoint 4614 / 5251 도달 (선 이탈 0.00 m)
[velocity_path_follower.py-9] [INFO] [1786823670.591649067] [velocity_path_follower]: waypoint 4615 / 5251 도달 (선 이탈 0.00 m)
[velocity_path_follower.py-9] [INFO] [1786823670.941635476] [velocity_path_follower]: waypoint 4616 / 5251 도달 (선 이탈 0.00 m)
[velocity_path_follower.py-9] [INFO] [1786823671.291810520] [velocity_path_follower]: waypoint 4617 / 5251 도달 (선 이탈 0.00 m)
[velocity_path_follower.py-9] [INFO] [1786823671.591666883] [velocity_path_follower]: waypoint 4618 / 5251 도달 (선 이탈 0.00 m)
[velocity_path_follower.py-9] [INFO] [1786823671.992151901] [velocity_path_follower]: waypoint 4619 / 5251 도달 (선 이탈 0.00 m)
[velocity_path_follower.py-9] [INFO] [1786823672.291771752] [velocity_path_follower]: waypoint 4620 / 5251 도달 (선 이탈 0.00 m)
[velocity_path_follower.py-9] [INFO] [1786823672.641986675] [velocity_path_follower]: waypoint 4621 / 5251 도달 (선 이탈 0.00 m)
[velocity_path_follower.py-9] [INFO] [1786823672.991684863] [velocity_path_follower]: waypoint 4622 / 5251 도달 (선 이탈 0.00 m)
[velocity_path_follower.py-9] [INFO] [1786823673.041828453] [velocity_path_follower]: 2010.1s  wp 4623/5251 이탈0.0m  위치 (  48.49,   -78.10,  13.72)
[velocity_path_follower.py-9] [INFO] [1786823673.341680525] [velocity_path_follower]: waypoint 4623 / 5251 도달 (선 이탈 0.00 m)
[velocity_path_follower.py-9] [INFO] [1786823673.691755192] [velocity_path_follower]: waypoint 4624 / 5251 도달 (선 이탈 0.00 m)
[velocity_path_follower.py-9] [INFO] [1786823674.041985450] [velocity_path_follower]: waypoint 4625 / 5251 도달 (선 이탈 0.00 m)
[velocity_path_follower.py-9] [INFO] [1786823674.391637720] [velocity_path_follower]: waypoint 4626 / 5251 도달 (선 이탈 0.00 m)
[velocity_path_follower.py-9] [INFO] [1786823674.741672344] [velocity_path_follower]: waypoint 4627 / 5251 도달 (선 이탈 0.00 m)
[velocity_path_follower.py-9] [INFO] [1786823675.041980315] [velocity_path_follower]: waypoint 4628 / 5251 도달 (선 이탈 0.00 m)
[velocity_path_follower.py-9] [INFO] [1786823675.441680839] [velocity_path_follower]: waypoint 4629 / 5251 도달 (선 이탈 0.00 m)
[velocity_path_follower.py-9] [INFO] [1786823675.742052981] [velocity_path_follower]: waypoint 4630 / 5251 도달 (선 이탈 0.00 m)
[velocity_path_follower.py-9] [INFO] [1786823676.091647125] [velocity_path_follower]: waypoint 4631 / 5251 도달 (선 이탈 0.00 m)
[velocity_path_follower.py-9] [INFO] [1786823676.442050228] [velocity_path_follower]: waypoint 4632 / 5251 도달 (선 이탈 0.00 m)
[velocity_path_follower.py-9] [INFO] [1786823676.791820423] [velocity_path_follower]: waypoint 4633 / 5251 도달 (선 이탈 0.00 m)
[velocity_path_follower.py-9] [INFO] [1786823677.141780295] [velocity_path_follower]: waypoint 4634 / 5251 도달 (선 이탈 0.00 m)
[velocity_path_follower.py-9] [INFO] [1786823677.492034183] [velocity_path_follower]: waypoint 4635 / 5251 도달 (선 이탈 0.00 m)
[velocity_path_follower.py-9] [INFO] [1786823677.841691248] [velocity_path_follower]: waypoint 4636 / 5251 도달 (선 이탈 0.00 m)
[velocity_path_follower.py-9] [INFO] [1786823677.991669996] [velocity_path_follower]: 2015.0s  wp 4637/5251 이탈0.0m  위치 (  55.64,   -78.10,  15.10)
[velocity_path_follower.py-9] [INFO] [1786823678.191817796] [velocity_path_follower]: waypoint 4637 / 5251 도달 (선 이탈 0.00 m)
[velocity_path_follower.py-9] [INFO] [1786823678.541966929] [velocity_path_follower]: waypoint 4638 / 5251 도달 (선 이탈 0.00 m)
[velocity_path_follower.py-9] [INFO] [1786823678.891801713] [velocity_path_follower]: waypoint 4639 / 5251 도달 (선 이탈 0.00 m)
[velocity_path_follower.py-9] [INFO] [1786823679.241871217] [velocity_path_follower]: waypoint 4640 / 5251 도달 (선 이탈 0.00 m)
[velocity_path_follower.py-9] [INFO] [1786823679.591836134] [velocity_path_follower]: waypoint 4641 / 5251 도달 (선 이탈 0.00 m)
[velocity_path_follower.py-9] [INFO] [1786823679.942608341] [velocity_path_follower]: waypoint 4642 / 5251 도달 (선 이탈 0.00 m)
[velocity_path_follower.py-9] [INFO] [1786823680.291918933] [velocity_path_follower]: waypoint 4643 / 5251 도달 (선 이탈 0.00 m)
[velocity_path_follower.py-9] [INFO] [1786823680.642203408] [velocity_path_follower]: waypoint 4644 / 5251 도달 (선 이탈 0.00 m)
[velocity_path_follower.py-9] [INFO] [1786823680.991809182] [velocity_path_follower]: waypoint 4645 / 5251 도달 (선 이탈 0.00 m)
[velocity_path_follower.py-9] [INFO] [1786823682.992483320] [velocity_path_follower]: 2020.0s  wp 4646/5251 이탈1.2m  위치 (  62.58,   -77.64,  12.29)
[velocity_path_follower.py-9] [INFO] [1786823686.091892675] [velocity_path_follower]: waypoint 4646 / 5251 도달 (선 이탈 2.96 m)
[velocity_path_follower.py-9] [INFO] [1786823687.991682166] [velocity_path_follower]: 2025.0s  wp 4648/5251 이탈0.0m  위치 (  64.17,   -74.12,   9.76)
[velocity_path_follower.py-9] [INFO] [1786823690.941934557] [velocity_path_follower]: waypoint 4648 / 5251 도달 (선 이탈 1.37 m)
[velocity_path_follower.py-9] [INFO] [1786823691.591872279] [velocity_path_follower]: waypoint 4649 / 5251 도달 (선 이탈 1.45 m)
[velocity_path_follower.py-9] [INFO] [1786823692.191646747] [velocity_path_follower]: waypoint 4650 / 5251 도달 (선 이탈 1.45 m)
[velocity_path_follower.py-9] [INFO] [1786823692.741671413] [velocity_path_follower]: waypoint 4651 / 5251 도달 (선 이탈 1.41 m)
[velocity_path_follower.py-9] [INFO] [1786823692.991583088] [velocity_path_follower]: 2030.0s  wp 4652/5251 이탈1.4m  위치 (  60.66,   -72.73,  11.41)
[velocity_path_follower.py-9] [INFO] [1786823693.292023790] [velocity_path_follower]: waypoint 4652 / 5251 도달 (선 이탈 1.32 m)
[velocity_path_follower.py-9] [INFO] [1786823693.842055323] [velocity_path_follower]: waypoint 4653 / 5251 도달 (선 이탈 1.19 m)
[velocity_path_follower.py-9] [INFO] [1786823694.391925989] [velocity_path_follower]: waypoint 4654 / 5251 도달 (선 이탈 1.04 m)
[velocity_path_follower.py-9] [INFO] [1786823694.892020762] [velocity_path_follower]: waypoint 4655 / 5251 도달 (선 이탈 0.87 m)
[velocity_path_follower.py-9] [INFO] [1786823695.394518395] [velocity_path_follower]: waypoint 4656 / 5251 도달 (선 이탈 0.69 m)
[velocity_path_follower.py-9] [INFO] [1786823695.844112156] [velocity_path_follower]: waypoint 4657 / 5251 도달 (선 이탈 0.52 m)
[velocity_path_follower.py-9] [INFO] [1786823696.344160802] [velocity_path_follower]: waypoint 4658 / 5251 도달 (선 이탈 0.33 m)
[velocity_path_follower.py-9] [INFO] [1786823696.793962084] [velocity_path_follower]: waypoint 4659 / 5251 도달 (선 이탈 0.17 m)
[velocity_path_follower.py-9] [INFO] [1786823697.243971076] [velocity_path_follower]: waypoint 4660 / 5251 도달 (선 이탈 0.01 m)
[velocity_path_follower.py-9] [INFO] [1786823697.701393975] [velocity_path_follower]: waypoint 4661 / 5251 도달 (선 이탈 0.15 m)
[velocity_path_follower.py-9] [INFO] [1786823698.001229975] [velocity_path_follower]: 2035.0s  wp 4662/5251 이탈0.2m  위치 (  55.51,   -74.34,  11.76)
[velocity_path_follower.py-9] [INFO] [1786823698.101196460] [velocity_path_follower]: waypoint 4662 / 5251 도달 (선 이탈 0.27 m)
[velocity_path_follower.py-9] [INFO] [1786823698.551263217] [velocity_path_follower]: waypoint 4663 / 5251 도달 (선 이탈 0.39 m)
[velocity_path_follower.py-9] [INFO] [1786823698.951249473] [velocity_path_follower]: waypoint 4664 / 5251 도달 (선 이탈 0.48 m)
[velocity_path_follower.py-9] [INFO] [1786823699.351253995] [velocity_path_follower]: waypoint 4665 / 5251 도달 (선 이탈 0.56 m)
[velocity_path_follower.py-9] [INFO] [1786823699.801186147] [velocity_path_follower]: waypoint 4666 / 5251 도달 (선 이탈 0.63 m)
[velocity_path_follower.py-9] [INFO] [1786823700.201207571] [velocity_path_follower]: waypoint 4667 / 5251 도달 (선 이탈 0.67 m)
[velocity_path_follower.py-9] [INFO] [1786823700.601215929] [velocity_path_follower]: waypoint 4668 / 5251 도달 (선 이탈 0.69 m)
[velocity_path_follower.py-9] [INFO] [1786823700.965944551] [velocity_path_follower]: waypoint 4669 / 5251 도달 (선 이탈 0.70 m)
[velocity_path_follower.py-9] [INFO] [1786823701.415915571] [velocity_path_follower]: waypoint 4670 / 5251 도달 (선 이탈 0.69 m)
[velocity_path_follower.py-9] [INFO] [1786823701.765656271] [velocity_path_follower]: waypoint 4671 / 5251 도달 (선 이탈 0.67 m)
[velocity_path_follower.py-9] [INFO] [1786823702.166513479] [velocity_path_follower]: waypoint 4672 / 5251 도달 (선 이탈 0.63 m)
[velocity_path_follower.py-9] [INFO] [1786823702.565615090] [velocity_path_follower]: waypoint 4673 / 5251 도달 (선 이탈 0.59 m)
[velocity_path_follower.py-9] [INFO] [1786823702.965615926] [velocity_path_follower]: waypoint 4674 / 5251 도달 (선 이탈 0.53 m)
[velocity_path_follower.py-9] [INFO] [1786823703.015659785] [velocity_path_follower]: 2040.0s  wp 4675/5251 이탈0.5m  위치 (  49.27,   -74.62,  12.95)
[velocity_path_follower.py-9] [INFO] [1786823703.315700691] [velocity_path_follower]: waypoint 4675 / 5251 도달 (선 이탈 0.47 m)
[velocity_path_follower.py-9] [INFO] [1786823703.715894076] [velocity_path_follower]: waypoint 4676 / 5251 도달 (선 이탈 0.40 m)
[velocity_path_follower.py-9] [INFO] [1786823704.115825151] [velocity_path_follower]: waypoint 4677 / 5251 도달 (선 이탈 0.33 m)
[velocity_path_follower.py-9] [INFO] [1786823704.465789414] [velocity_path_follower]: waypoint 4678 / 5251 도달 (선 이탈 0.26 m)
[velocity_path_follower.py-9] [INFO] [1786823704.865849303] [velocity_path_follower]: waypoint 4679 / 5251 도달 (선 이탈 0.18 m)
[velocity_path_follower.py-9] [INFO] [1786823705.215995772] [velocity_path_follower]: waypoint 4680 / 5251 도달 (선 이탈 0.12 m)
[velocity_path_follower.py-9] [INFO] [1786823705.615816345] [velocity_path_follower]: waypoint 4681 / 5251 도달 (선 이탈 0.04 m)
[velocity_path_follower.py-9] [INFO] [1786823705.966047301] [velocity_path_follower]: waypoint 4682 / 5251 도달 (선 이탈 0.03 m)
[velocity_path_follower.py-9] [INFO] [1786823706.315653294] [velocity_path_follower]: waypoint 4683 / 5251 도달 (선 이탈 0.08 m)
[velocity_path_follower.py-9] [INFO] [1786823706.715690830] [velocity_path_follower]: waypoint 4684 / 5251 도달 (선 이탈 0.15 m)
[velocity_path_follower.py-9] [INFO] [1786823707.067696441] [velocity_path_follower]: waypoint 4685 / 5251 도달 (선 이탈 0.20 m)
[velocity_path_follower.py-9] [INFO] [1786823707.418197521] [velocity_path_follower]: waypoint 4686 / 5251 도달 (선 이탈 0.24 m)
[velocity_path_follower.py-9] [INFO] [1786823707.817639406] [velocity_path_follower]: waypoint 4687 / 5251 도달 (선 이탈 0.28 m)
[velocity_path_follower.py-9] [INFO] [1786823708.017579224] [velocity_path_follower]: 2045.0s  wp 4688/5251 이탈0.3m  위치 (  42.57,   -73.80,  12.86)
[velocity_path_follower.py-9] [INFO] [1786823708.167815904] [velocity_path_follower]: waypoint 4688 / 5251 도달 (선 이탈 0.31 m)
[velocity_path_follower.py-9] [INFO] [1786823708.518032408] [velocity_path_follower]: waypoint 4689 / 5251 도달 (선 이탈 0.34 m)
[velocity_path_follower.py-9] [INFO] [1786823708.919815670] [velocity_path_follower]: waypoint 4690 / 5251 도달 (선 이탈 0.36 m)
[velocity_path_follower.py-9] [INFO] [1786823709.270234141] [velocity_path_follower]: waypoint 4691 / 5251 도달 (선 이탈 0.37 m)
[velocity_path_follower.py-9] [INFO] [1786823709.619662795] [velocity_path_follower]: waypoint 4692 / 5251 도달 (선 이탈 0.37 m)
[velocity_path_follower.py-9] [INFO] [1786823709.969992799] [velocity_path_follower]: waypoint 4693 / 5251 도달 (선 이탈 0.37 m)
[velocity_path_follower.py-9] [INFO] [1786823710.319839368] [velocity_path_follower]: waypoint 4694 / 5251 도달 (선 이탈 0.36 m)
[velocity_path_follower.py-9] [INFO] [1786823710.719943678] [velocity_path_follower]: waypoint 4695 / 5251 도달 (선 이탈 0.34 m)
[velocity_path_follower.py-9] [INFO] [1786823711.069745405] [velocity_path_follower]: waypoint 4696 / 5251 도달 (선 이탈 0.32 m)
[velocity_path_follower.py-9] [INFO] [1786823711.419795222] [velocity_path_follower]: waypoint 4697 / 5251 도달 (선 이탈 0.29 m)
[velocity_path_follower.py-9] [INFO] [1786823711.769674351] [velocity_path_follower]: waypoint 4698 / 5251 도달 (선 이탈 0.27 m)
[velocity_path_follower.py-9] [INFO] [1786823712.119974464] [velocity_path_follower]: waypoint 4699 / 5251 도달 (선 이탈 0.23 m)
[velocity_path_follower.py-9] [INFO] [1786823712.522948370] [velocity_path_follower]: waypoint 4700 / 5251 도달 (선 이탈 0.20 m)
[velocity_path_follower.py-9] [INFO] [1786823712.822777852] [velocity_path_follower]: waypoint 4701 / 5251 도달 (선 이탈 0.16 m)
[velocity_path_follower.py-9] [INFO] [1786823713.022828896] [velocity_path_follower]: 2050.0s  wp 4702/5251 이탈0.1m  위치 (  35.62,   -73.96,   7.98)
[velocity_path_follower.py-9] [INFO] [1786823713.222801541] [velocity_path_follower]: waypoint 4702 / 5251 도달 (선 이탈 0.12 m)
[velocity_path_follower.py-9] [INFO] [1786823713.572792019] [velocity_path_follower]: waypoint 4703 / 5251 도달 (선 이탈 0.09 m)
[velocity_path_follower.py-9] [INFO] [1786823713.922919272] [velocity_path_follower]: waypoint 4704 / 5251 도달 (선 이탈 0.05 m)
[velocity_path_follower.py-9] [INFO] [1786823714.273094637] [velocity_path_follower]: waypoint 4705 / 5251 도달 (선 이탈 0.01 m)
[velocity_path_follower.py-9] [INFO] [1786823714.622942313] [velocity_path_follower]: waypoint 4706 / 5251 도달 (선 이탈 0.02 m)
[velocity_path_follower.py-9] [INFO] [1786823714.972851064] [velocity_path_follower]: waypoint 4707 / 5251 도달 (선 이탈 0.05 m)
[velocity_path_follower.py-9] [INFO] [1786823715.322778403] [velocity_path_follower]: waypoint 4708 / 5251 도달 (선 이탈 0.08 m)
[velocity_path_follower.py-9] [INFO] [1786823715.673021171] [velocity_path_follower]: waypoint 4709 / 5251 도달 (선 이탈 0.11 m)
[velocity_path_follower.py-9] [INFO] [1786823716.022937025] [velocity_path_follower]: waypoint 4710 / 5251 도달 (선 이탈 0.13 m)
[velocity_path_follower.py-9] [INFO] [1786823716.372952875] [velocity_path_follower]: waypoint 4711 / 5251 도달 (선 이탈 0.15 m)
[velocity_path_follower.py-9] [INFO] [1786823716.723020761] [velocity_path_follower]: waypoint 4712 / 5251 도달 (선 이탈 0.17 m)
[velocity_path_follower.py-9] [INFO] [1786823717.072790909] [velocity_path_follower]: waypoint 4713 / 5251 도달 (선 이탈 0.18 m)
[velocity_path_follower.py-9] [INFO] [1786823717.422999042] [velocity_path_follower]: waypoint 4714 / 5251 도달 (선 이탈 0.19 m)
[velocity_path_follower.py-9] [INFO] [1786823717.823376516] [velocity_path_follower]: waypoint 4715 / 5251 도달 (선 이탈 0.19 m)
[velocity_path_follower.py-9] [INFO] [1786823718.022841573] [velocity_path_follower]: 2055.0s  wp 4716/5251 이탈0.2m  위치 (  28.53,   -74.29,   8.19)
[velocity_path_follower.py-9] [INFO] [1786823718.122793496] [velocity_path_follower]: waypoint 4716 / 5251 도달 (선 이탈 0.19 m)
[velocity_path_follower.py-9] [INFO] [1786823718.523030056] [velocity_path_follower]: waypoint 4717 / 5251 도달 (선 이탈 0.19 m)
[velocity_path_follower.py-9] [INFO] [1786823718.822875827] [velocity_path_follower]: waypoint 4718 / 5251 도달 (선 이탈 0.18 m)
[velocity_path_follower.py-9] [INFO] [1786823719.225015894] [velocity_path_follower]: waypoint 4719 / 5251 도달 (선 이탈 0.17 m)
[velocity_path_follower.py-9] [INFO] [1786823719.524952612] [velocity_path_follower]: waypoint 4720 / 5251 도달 (선 이탈 0.16 m)
[velocity_path_follower.py-9] [INFO] [1786823719.929682221] [velocity_path_follower]: waypoint 4721 / 5251 도달 (선 이탈 0.15 m)
[velocity_path_follower.py-9] [INFO] [1786823720.229963004] [velocity_path_follower]: waypoint 4722 / 5251 도달 (선 이탈 0.14 m)
[velocity_path_follower.py-9] [INFO] [1786823720.629632933] [velocity_path_follower]: waypoint 4723 / 5251 도달 (선 이탈 0.12 m)
[velocity_path_follower.py-9] [INFO] [1786823720.929944273] [velocity_path_follower]: waypoint 4724 / 5251 도달 (선 이탈 0.10 m)
[velocity_path_follower.py-9] [INFO] [1786823721.331839036] [velocity_path_follower]: waypoint 4725 / 5251 도달 (선 이탈 0.08 m)
[velocity_path_follower.py-9] [INFO] [1786823721.632175206] [velocity_path_follower]: waypoint 4726 / 5251 도달 (선 이탈 0.06 m)
[velocity_path_follower.py-9] [INFO] [1786823721.981951191] [velocity_path_follower]: waypoint 4727 / 5251 도달 (선 이탈 0.04 m)
[velocity_path_follower.py-9] [INFO] [1786823722.331820130] [velocity_path_follower]: waypoint 4728 / 5251 도달 (선 이탈 0.03 m)
[velocity_path_follower.py-9] [INFO] [1786823722.681771607] [velocity_path_follower]: waypoint 4729 / 5251 도달 (선 이탈 0.01 m)
[velocity_path_follower.py-9] [INFO] [1786823723.031927235] [velocity_path_follower]: waypoint 4730 / 5251 도달 (선 이탈 0.01 m)
[velocity_path_follower.py-9] [INFO] [1786823723.081549056] [velocity_path_follower]: 2060.1s  wp 4731/5251 이탈0.0m  위치 (  21.32,   -74.09,   9.24)
[velocity_path_follower.py-9] [INFO] [1786823723.383686101] [velocity_path_follower]: waypoint 4731 / 5251 도달 (선 이탈 0.03 m)
[velocity_path_follower.py-9] [INFO] [1786823723.733634674] [velocity_path_follower]: waypoint 4732 / 5251 도달 (선 이탈 0.04 m)
[velocity_path_follower.py-9] [INFO] [1786823724.083627597] [velocity_path_follower]: waypoint 4733 / 5251 도달 (선 이탈 0.05 m)
[velocity_path_follower.py-9] [INFO] [1786823724.433943807] [velocity_path_follower]: waypoint 4734 / 5251 도달 (선 이탈 0.07 m)
[velocity_path_follower.py-9] [INFO] [1786823724.786124220] [velocity_path_follower]: waypoint 4735 / 5251 도달 (선 이탈 0.08 m)
[velocity_path_follower.py-9] [INFO] [1786823725.135936440] [velocity_path_follower]: waypoint 4736 / 5251 도달 (선 이탈 0.09 m)
[velocity_path_follower.py-9] [INFO] [1786823725.486208542] [velocity_path_follower]: waypoint 4737 / 5251 도달 (선 이탈 0.09 m)
[velocity_path_follower.py-9] [INFO] [1786823725.836096021] [velocity_path_follower]: waypoint 4738 / 5251 도달 (선 이탈 0.10 m)
[velocity_path_follower.py-9] [INFO] [1786823726.185934305] [velocity_path_follower]: waypoint 4739 / 5251 도달 (선 이탈 0.10 m)
[velocity_path_follower.py-9] [INFO] [1786823726.538812998] [velocity_path_follower]: waypoint 4740 / 5251 도달 (선 이탈 0.10 m)
[velocity_path_follower.py-9] [INFO] [1786823726.888865469] [velocity_path_follower]: waypoint 4741 / 5251 도달 (선 이탈 0.10 m)
[velocity_path_follower.py-9] [INFO] [1786823727.238701197] [velocity_path_follower]: waypoint 4742 / 5251 도달 (선 이탈 0.10 m)
[velocity_path_follower.py-9] [INFO] [1786823727.588808882] [velocity_path_follower]: waypoint 4743 / 5251 도달 (선 이탈 0.09 m)
[velocity_path_follower.py-9] [INFO] [1786823727.938893862] [velocity_path_follower]: waypoint 4744 / 5251 도달 (선 이탈 0.09 m)
[velocity_path_follower.py-9] [INFO] [1786823728.038619817] [velocity_path_follower]: 2065.0s  wp 4745/5251 이탈0.1m  위치 (  14.20,   -74.01,   7.81)
[velocity_path_follower.py-9] [INFO] [1786823728.290821211] [velocity_path_follower]: waypoint 4745 / 5251 도달 (선 이탈 0.08 m)
[velocity_path_follower.py-9] [INFO] [1786823728.590965975] [velocity_path_follower]: waypoint 4746 / 5251 도달 (선 이탈 0.07 m)
[velocity_path_follower.py-9] [INFO] [1786823728.990785091] [velocity_path_follower]: waypoint 4747 / 5251 도달 (선 이탈 0.06 m)
[velocity_path_follower.py-9] [INFO] [1786823729.340790350] [velocity_path_follower]: waypoint 4748 / 5251 도달 (선 이탈 0.05 m)
[velocity_path_follower.py-9] [INFO] [1786823729.640683515] [velocity_path_follower]: waypoint 4749 / 5251 도달 (선 이탈 0.05 m)
[velocity_path_follower.py-9] [INFO] [1786823730.041019025] [velocity_path_follower]: waypoint 4750 / 5251 도달 (선 이탈 0.03 m)
[velocity_path_follower.py-9] [INFO] [1786823730.343094858] [velocity_path_follower]: waypoint 4751 / 5251 도달 (선 이탈 0.03 m)
[velocity_path_follower.py-9] [INFO] [1786823730.692939399] [velocity_path_follower]: waypoint 4752 / 5251 도달 (선 이탈 0.02 m)
[velocity_path_follower.py-9] [INFO] [1786823731.042865191] [velocity_path_follower]: waypoint 4753 / 5251 도달 (선 이탈 0.01 m)
[velocity_path_follower.py-9] [INFO] [1786823731.392873474] [velocity_path_follower]: waypoint 4754 / 5251 도달 (선 이탈 0.00 m)
[velocity_path_follower.py-9] [INFO] [1786823731.742934209] [velocity_path_follower]: waypoint 4755 / 5251 도달 (선 이탈 0.01 m)
[velocity_path_follower.py-9] [INFO] [1786823732.092659298] [velocity_path_follower]: waypoint 4756 / 5251 도달 (선 이탈 0.02 m)
[velocity_path_follower.py-9] [INFO] [1786823732.442893399] [velocity_path_follower]: waypoint 4757 / 5251 도달 (선 이탈 0.03 m)
[velocity_path_follower.py-9] [INFO] [1786823732.792905650] [velocity_path_follower]: waypoint 4758 / 5251 도달 (선 이탈 0.03 m)
[velocity_path_follower.py-9] [INFO] [1786823733.042817334] [velocity_path_follower]: 2070.0s  wp 4759/5251 이탈0.0m  위치 (   7.00,   -74.14,   8.89)
[velocity_path_follower.py-9] [INFO] [1786823733.146652106] [velocity_path_follower]: waypoint 4759 / 5251 도달 (선 이탈 0.04 m)
[velocity_path_follower.py-9] [INFO] [1786823733.502166544] [velocity_path_follower]: waypoint 4760 / 5251 도달 (선 이탈 0.04 m)
[velocity_path_follower.py-9] [INFO] [1786823733.852258839] [velocity_path_follower]: waypoint 4761 / 5251 도달 (선 이탈 0.05 m)
[velocity_path_follower.py-9] [INFO] [1786823734.205526875] [velocity_path_follower]: waypoint 4762 / 5251 도달 (선 이탈 0.05 m)
[velocity_path_follower.py-9] [INFO] [1786823734.507025014] [velocity_path_follower]: waypoint 4763 / 5251 도달 (선 이탈 0.05 m)
[velocity_path_follower.py-9] [INFO] [1786823734.906638089] [velocity_path_follower]: waypoint 4764 / 5251 도달 (선 이탈 0.05 m)
[velocity_path_follower.py-9] [INFO] [1786823735.256575355] [velocity_path_follower]: waypoint 4765 / 5251 도달 (선 이탈 0.05 m)
[velocity_path_follower.py-9] [INFO] [1786823735.559030551] [velocity_path_follower]: waypoint 4766 / 5251 도달 (선 이탈 0.05 m)
[velocity_path_follower.py-9] [INFO] [1786823735.958853252] [velocity_path_follower]: waypoint 4767 / 5251 도달 (선 이탈 0.05 m)
[velocity_path_follower.py-9] [INFO] [1786823736.258957778] [velocity_path_follower]: waypoint 4768 / 5251 도달 (선 이탈 0.05 m)
[velocity_path_follower.py-9] [INFO] [1786823736.608904452] [velocity_path_follower]: waypoint 4769 / 5251 도달 (선 이탈 0.04 m)
[velocity_path_follower.py-9] [INFO] [1786823736.958953615] [velocity_path_follower]: waypoint 4770 / 5251 도달 (선 이탈 0.04 m)
[velocity_path_follower.py-9] [INFO] [1786823737.311023803] [velocity_path_follower]: waypoint 4771 / 5251 도달 (선 이탈 0.04 m)
[velocity_path_follower.py-9] [INFO] [1786823737.666930661] [velocity_path_follower]: waypoint 4772 / 5251 도달 (선 이탈 0.03 m)
[velocity_path_follower.py-9] [INFO] [1786823738.017041623] [velocity_path_follower]: waypoint 4773 / 5251 도달 (선 이탈 0.03 m)
[velocity_path_follower.py-9] [INFO] [1786823738.066681517] [velocity_path_follower]: 2075.0s  wp 4774/5251 이탈0.0m  위치 (  -0.21,   -74.13,  10.68)
[velocity_path_follower.py-9] [INFO] [1786823738.366807669] [velocity_path_follower]: waypoint 4774 / 5251 도달 (선 이탈 0.02 m)
[velocity_path_follower.py-9] [INFO] [1786823738.716978130] [velocity_path_follower]: waypoint 4775 / 5251 도달 (선 이탈 0.02 m)
[velocity_path_follower.py-9] [INFO] [1786823739.067124069] [velocity_path_follower]: waypoint 4776 / 5251 도달 (선 이탈 0.01 m)
[velocity_path_follower.py-9] [INFO] [1786823739.416903707] [velocity_path_follower]: waypoint 4777 / 5251 도달 (선 이탈 0.01 m)
[velocity_path_follower.py-9] [INFO] [1786823739.766902237] [velocity_path_follower]: waypoint 4778 / 5251 도달 (선 이탈 0.00 m)
[velocity_path_follower.py-9] [INFO] [1786823740.118937741] [velocity_path_follower]: waypoint 4779 / 5251 도달 (선 이탈 0.00 m)
[velocity_path_follower.py-9] [INFO] [1786823740.468916450] [velocity_path_follower]: waypoint 4780 / 5251 도달 (선 이탈 0.01 m)
[velocity_path_follower.py-9] [INFO] [1786823740.769067259] [velocity_path_follower]: waypoint 4781 / 5251 도달 (선 이탈 0.01 m)
[velocity_path_follower.py-9] [INFO] [1786823741.169084596] [velocity_path_follower]: waypoint 4782 / 5251 도달 (선 이탈 0.02 m)
[velocity_path_follower.py-9] [INFO] [1786823741.469493123] [velocity_path_follower]: waypoint 4783 / 5251 도달 (선 이탈 0.02 m)
[velocity_path_follower.py-9] [INFO] [1786823741.818968146] [velocity_path_follower]: waypoint 4784 / 5251 도달 (선 이탈 0.02 m)
[velocity_path_follower.py-9] [INFO] [1786823742.168927160] [velocity_path_follower]: waypoint 4785 / 5251 도달 (선 이탈 0.02 m)
[velocity_path_follower.py-9] [INFO] [1786823742.521595550] [velocity_path_follower]: waypoint 4786 / 5251 도달 (선 이탈 0.03 m)
[velocity_path_follower.py-9] [INFO] [1786823742.873808615] [velocity_path_follower]: waypoint 4787 / 5251 도달 (선 이탈 0.03 m)
[velocity_path_follower.py-9] [INFO] [1786823743.073604493] [velocity_path_follower]: 2080.0s  wp 4788/5251 이탈0.0m  위치 (  -7.42,   -74.07,   9.95)
[velocity_path_follower.py-9] [INFO] [1786823743.223845936] [velocity_path_follower]: waypoint 4788 / 5251 도달 (선 이탈 0.03 m)
[velocity_path_follower.py-9] [INFO] [1786823743.573866166] [velocity_path_follower]: waypoint 4789 / 5251 도달 (선 이탈 0.03 m)
[velocity_path_follower.py-9] [INFO] [1786823743.923700042] [velocity_path_follower]: waypoint 4790 / 5251 도달 (선 이탈 0.03 m)
[velocity_path_follower.py-9] [INFO] [1786823744.275763955] [velocity_path_follower]: waypoint 4791 / 5251 도달 (선 이탈 0.03 m)
[velocity_path_follower.py-9] [INFO] [1786823744.625900015] [velocity_path_follower]: waypoint 4792 / 5251 도달 (선 이탈 0.02 m)
[velocity_path_follower.py-9] [INFO] [1786823744.975984538] [velocity_path_follower]: waypoint 4793 / 5251 도달 (선 이탈 0.02 m)
[velocity_path_follower.py-9] [INFO] [1786823745.325791344] [velocity_path_follower]: waypoint 4794 / 5251 도달 (선 이탈 0.02 m)
[velocity_path_follower.py-9] [INFO] [1786823745.675661358] [velocity_path_follower]: waypoint 4795 / 5251 도달 (선 이탈 0.02 m)
[velocity_path_follower.py-9] [INFO] [1786823745.975970127] [velocity_path_follower]: waypoint 4796 / 5251 도달 (선 이탈 0.02 m)
[velocity_path_follower.py-9] [INFO] [1786823746.377913335] [velocity_path_follower]: waypoint 4797 / 5251 도달 (선 이탈 0.01 m)
[velocity_path_follower.py-9] [INFO] [1786823746.679818594] [velocity_path_follower]: waypoint 4798 / 5251 도달 (선 이탈 0.01 m)
[velocity_path_follower.py-9] [INFO] [1786823747.029741909] [velocity_path_follower]: waypoint 4799 / 5251 도달 (선 이탈 0.01 m)
[velocity_path_follower.py-9] [INFO] [1786823747.379847788] [velocity_path_follower]: waypoint 4800 / 5251 도달 (선 이탈 0.01 m)
[velocity_path_follower.py-9] [INFO] [1786823747.729831347] [velocity_path_follower]: waypoint 4801 / 5251 도달 (선 이탈 0.00 m)
[velocity_path_follower.py-9] [INFO] [1786823748.086867791] [velocity_path_follower]: waypoint 4802 / 5251 도달 (선 이탈 0.00 m)
[velocity_path_follower.py-9] [INFO] [1786823748.136388412] [velocity_path_follower]: 2085.1s  wp 4803/5251 이탈0.0m  위치 ( -14.69,   -74.10,   6.92)
[velocity_path_follower.py-9] [INFO] [1786823748.436609551] [velocity_path_follower]: waypoint 4803 / 5251 도달 (선 이탈 0.00 m)
[velocity_path_follower.py-9] [INFO] [1786823748.786444258] [velocity_path_follower]: waypoint 4804 / 5251 도달 (선 이탈 0.00 m)
[velocity_path_follower.py-9] [INFO] [1786823752.291845391] [velocity_path_follower]: waypoint 4805 / 5251 도달 (선 이탈 0.02 m)
[velocity_path_follower.py-9] [INFO] [1786823752.341873009] [velocity_path_follower]: waypoint 4806 / 5251 도달 (선 이탈 0.02 m)
[velocity_path_follower.py-9] [INFO] [1786823752.391594492] [velocity_path_follower]: waypoint 4807 / 5251 도달 (선 이탈 0.02 m)
[velocity_path_follower.py-9] [INFO] [1786823752.441549284] [velocity_path_follower]: waypoint 4808 / 5251 도달 (선 이탈 0.02 m)
[velocity_path_follower.py-9] [INFO] [1786823752.491900243] [velocity_path_follower]: waypoint 4809 / 5251 도달 (선 이탈 0.02 m)
[velocity_path_follower.py-9] [INFO] [1786823752.541793416] [velocity_path_follower]: waypoint 4810 / 5251 도달 (선 이탈 0.02 m)
[velocity_path_follower.py-9] [INFO] [1786823752.591802786] [velocity_path_follower]: waypoint 4811 / 5251 도달 (선 이탈 0.02 m)
[velocity_path_follower.py-9] [INFO] [1786823752.641645340] [velocity_path_follower]: waypoint 4812 / 5251 도달 (선 이탈 0.02 m)
[ros2-8] [INFO] [1786823752.861159739] [rosbag2_cpp]: Writing remaining messages from cache to the bag. It may take a while
[velocity_path_follower.py-9] [INFO] [1786823753.091471425] [velocity_path_follower]: 2090.0s  wp 4813/5251 이탈0.0m  위치 ( -20.03,   -74.12,   6.90)
[velocity_path_follower.py-9] [INFO] [1786823753.191785284] [velocity_path_follower]: waypoint 4813 / 5251 도달 (선 이탈 0.02 m)
[velocity_path_follower.py-9] [INFO] [1786823753.891562885] [velocity_path_follower]: waypoint 4814 / 5251 도달 (선 이탈 0.02 m)
[velocity_path_follower.py-9] [INFO] [1786823754.441751530] [velocity_path_follower]: waypoint 4815 / 5251 도달 (선 이탈 0.02 m)
[velocity_path_follower.py-9] [INFO] [1786823754.991875085] [velocity_path_follower]: waypoint 4816 / 5251 도달 (선 이탈 0.02 m)
[velocity_path_follower.py-9] [INFO] [1786823755.541763845] [velocity_path_follower]: waypoint 4817 / 5251 도달 (선 이탈 0.02 m)
[velocity_path_follower.py-9] [INFO] [1786823756.041810359] [velocity_path_follower]: waypoint 4818 / 5251 도달 (선 이탈 0.02 m)
[velocity_path_follower.py-9] [INFO] [1786823756.491757621] [velocity_path_follower]: waypoint 4819 / 5251 도달 (선 이탈 0.01 m)
[velocity_path_follower.py-9] [INFO] [1786823756.991612939] [velocity_path_follower]: waypoint 4820 / 5251 도달 (선 이탈 0.01 m)
[velocity_path_follower.py-9] [INFO] [1786823757.442389060] [velocity_path_follower]: waypoint 4821 / 5251 도달 (선 이탈 0.01 m)
[velocity_path_follower.py-9] [INFO] [1786823757.894565118] [velocity_path_follower]: waypoint 4822 / 5251 도달 (선 이탈 0.00 m)
[velocity_path_follower.py-9] [INFO] [1786823758.094340738] [velocity_path_follower]: 2095.0s  wp 4823/5251 이탈0.0m  위치 ( -24.88,   -74.10,   8.28)
[velocity_path_follower.py-9] [INFO] [1786823758.294640205] [velocity_path_follower]: waypoint 4823 / 5251 도달 (선 이탈 0.00 m)
[velocity_path_follower.py-9] [INFO] [1786823758.744449419] [velocity_path_follower]: waypoint 4824 / 5251 도달 (선 이탈 0.00 m)
[velocity_path_follower.py-9] [INFO] [1786823759.144308009] [velocity_path_follower]: waypoint 4825 / 5251 도달 (선 이탈 0.00 m)
[velocity_path_follower.py-9] [INFO] [1786823759.594443220] [velocity_path_follower]: waypoint 4826 / 5251 도달 (선 이탈 0.01 m)
[velocity_path_follower.py-9] [INFO] [1786823759.994604469] [velocity_path_follower]: waypoint 4827 / 5251 도달 (선 이탈 0.01 m)
[velocity_path_follower.py-9] [INFO] [1786823760.396836351] [velocity_path_follower]: waypoint 4828 / 5251 도달 (선 이탈 0.01 m)
[velocity_path_follower.py-9] [INFO] [1786823760.796955247] [velocity_path_follower]: waypoint 4829 / 5251 도달 (선 이탈 0.01 m)
[velocity_path_follower.py-9] [INFO] [1786823761.146824734] [velocity_path_follower]: waypoint 4830 / 5251 도달 (선 이탈 0.01 m)
[velocity_path_follower.py-9] [INFO] [1786823761.546605225] [velocity_path_follower]: waypoint 4831 / 5251 도달 (선 이탈 0.01 m)
[velocity_path_follower.py-9] [INFO] [1786823761.946796340] [velocity_path_follower]: waypoint 4832 / 5251 도달 (선 이탈 0.01 m)
[velocity_path_follower.py-9] [INFO] [1786823762.296875057] [velocity_path_follower]: waypoint 4833 / 5251 도달 (선 이탈 0.01 m)
[velocity_path_follower.py-9] [INFO] [1786823762.696695312] [velocity_path_follower]: waypoint 4834 / 5251 도달 (선 이탈 0.01 m)
[velocity_path_follower.py-9] [INFO] [1786823763.096683699] [velocity_path_follower]: waypoint 4835 / 5251 도달 (선 이탈 0.01 m)
[velocity_path_follower.py-9] [INFO] [1786823763.146641381] [velocity_path_follower]: 2100.1s  wp 4836/5251 이탈0.0m  위치 ( -31.24,   -74.09,   8.57)
[velocity_path_follower.py-9] [INFO] [1786823763.447088317] [velocity_path_follower]: waypoint 4836 / 5251 도달 (선 이탈 0.01 m)
[velocity_path_follower.py-9] [INFO] [1786823763.796602402] [velocity_path_follower]: waypoint 4837 / 5251 도달 (선 이탈 0.01 m)
[velocity_path_follower.py-9] [INFO] [1786823764.196576875] [velocity_path_follower]: waypoint 4838 / 5251 도달 (선 이탈 0.01 m)
[velocity_path_follower.py-9] [INFO] [1786823764.596608852] [velocity_path_follower]: waypoint 4839 / 5251 도달 (선 이탈 0.01 m)
[velocity_path_follower.py-9] [INFO] [1786823764.946643764] [velocity_path_follower]: waypoint 4840 / 5251 도달 (선 이탈 0.01 m)
[velocity_path_follower.py-9] [INFO] [1786823765.296900727] [velocity_path_follower]: waypoint 4841 / 5251 도달 (선 이탈 0.01 m)
[velocity_path_follower.py-9] [INFO] [1786823765.647267233] [velocity_path_follower]: waypoint 4842 / 5251 도달 (선 이탈 0.00 m)
[velocity_path_follower.py-9] [INFO] [1786823766.047055514] [velocity_path_follower]: waypoint 4843 / 5251 도달 (선 이탈 0.00 m)
[velocity_path_follower.py-9] [INFO] [1786823766.396850793] [velocity_path_follower]: waypoint 4844 / 5251 도달 (선 이탈 0.00 m)
[velocity_path_follower.py-9] [INFO] [1786823768.096824168] [velocity_path_follower]: 2105.0s  climb       위치 ( -37.82,   -74.10,   6.05)
[velocity_path_follower.py-9] [INFO] [1786823769.796656433] [velocity_path_follower]: waypoint 4845 / 5251 도달 (선 이탈 0.01 m)
[velocity_path_follower.py-9] [INFO] [1786823769.846852333] [velocity_path_follower]: waypoint 4846 / 5251 도달 (선 이탈 0.01 m)
[velocity_path_follower.py-9] [INFO] [1786823769.896807382] [velocity_path_follower]: waypoint 4847 / 5251 도달 (선 이탈 0.01 m)
[velocity_path_follower.py-9] [INFO] [1786823773.096660298] [velocity_path_follower]: 2110.0s  wp 4848/5251 이탈2.1m  위치 ( -40.68,   -73.05,   7.50)
[velocity_path_follower.py-9] [INFO] [1786823775.296844655] [velocity_path_follower]: waypoint 4848 / 5251 도달 (선 이탈 1.65 m)
[velocity_path_follower.py-9] [INFO] [1786823776.796698395] [velocity_path_follower]: waypoint 4850 / 5251 도달 (선 이탈 0.33 m)
[velocity_path_follower.py-9] [INFO] [1786823777.596600652] [velocity_path_follower]: waypoint 4851 / 5251 도달 (선 이탈 0.22 m)
[velocity_path_follower.py-9] [INFO] [1786823778.096588446] [velocity_path_follower]: 2115.0s  wp 4852/5251 이탈0.5m  위치 ( -38.71,   -69.57,   6.70)
[velocity_path_follower.py-9] [INFO] [1786823778.296639523] [velocity_path_follower]: waypoint 4852 / 5251 도달 (선 이탈 0.65 m)
[velocity_path_follower.py-9] [INFO] [1786823778.896561568] [velocity_path_follower]: waypoint 4853 / 5251 도달 (선 이탈 0.94 m)
[velocity_path_follower.py-9] [INFO] [1786823780.696856736] [velocity_path_follower]: waypoint 4854 / 5251 도달 (선 이탈 1.50 m)
[velocity_path_follower.py-9] [INFO] [1786823780.746883205] [velocity_path_follower]: waypoint 4855 / 5251 도달 (선 이탈 1.51 m)
[velocity_path_follower.py-9] [INFO] [1786823780.796680198] [velocity_path_follower]: waypoint 4856 / 5251 도달 (선 이탈 1.53 m)
[velocity_path_follower.py-9] [INFO] [1786823781.496956274] [velocity_path_follower]: waypoint 4857 / 5251 도달 (선 이탈 1.67 m)
[velocity_path_follower.py-9] [INFO] [1786823782.997654391] [velocity_path_follower]: waypoint 4858 / 5251 도달 (선 이탈 1.54 m)
[velocity_path_follower.py-9] [INFO] [1786823783.098804669] [velocity_path_follower]: 2120.0s  wp 4859/5251 이탈1.6m  위치 ( -35.53,   -68.54,   7.36)
[velocity_path_follower.py-9] [ERROR] [1786823787.751314395] [velocity_path_follower]: 고도 38.6 m — 설계 8.4 m에서 30 m 넘게 벗어났다. 비행 중단.
[velocity_path_follower.py-9] [INFO] [1786823787.752019284] [velocity_path_follower]: 경로 완료 — /drone/path_status=True
