8.900000000 -0.000000 -0.000000 0.000000 0.000000 -0.000000 0.000000 1.000000
9.600000000 0.001523 -0.183282 0.450533 -0.004070 -0.000107 -0.001566 0.999990
9.800000000 0.032531 -0.166881 0.419528 -0.002517 -0.003015 -0.006309 0.999972
10.100000000 0.031817 -0.151841 0.405628 -0.003209 -0.003095 -0.005572 0.999975
10.200000000 0.030507 -0.139031 0.374137 -0.003509 -0.003247 -0.005008 0.999976
10.400000000 0.032685 0.008208 -0.011423 -0.000640 -0.003518 -0.004762 0.999982
10.500000000 0.035413 0.044580 -0.131804 -0.000339 -0.003245 -0.005363 0.999980
10.600000000 0.039464 0.088850 -0.208283 0.000656 -0.002783 -0.006698 0.999973
10.800000000 0.033167 0.009436 -0.029303 -0.004539 -0.002454 -0.004519 0.999976
11.100000000 0.031693 -0.051892 0.134968 -0.006268 -0.002007 -0.005333 0.999964
11.300000000 0.036708 0.121627 -0.156729 0.006698 -0.003015 -0.004498 0.999963
11.500000000 0.032365 -0.158655 0.420467 -0.001919 -0.003176 -0.006515 0.999972
11.900000000 0.030323 -0.320334 0.780155 0.004819 -0.001838 -0.004902 0.999975
12.000000000 0.034692 -0.200327 0.555177 -0.009140 -0.004044 -0.008132 0.999917
12.100000000 0.033419 -0.198569 0.506132 -0.004204 -0.002754 -0.006478 0.999966
12.500000000 0.030038 -0.106125 0.290567 0.001996 -0.002872 -0.004219 0.999985
12.600000000 0.035277 -0.077771 0.225371 -0.000623 -0.002465 -0.005928 0.999979
12.700000000 0.039021 0.073790 -0.179709 -0.000789 -0.002876 -0.005863 0.999978
12.900000000 0.034231 -0.218858 0.564861 -0.001550 -0.002925 -0.006373 0.999974
13.100000000 0.032404 -0.165416 0.419964 -0.002674 -0.003133 -0.006397 0.999971
13.300000000 0.033329 -0.164979 0.419385 -0.001317 -0.003725 -0.007102 0.999967
13.400000000 0.033082 -0.165041 0.426152 -0.001751 -0.003300 -0.006738 0.999970
13.700000000 0.033832 -0.136698 0.363129 -0.000213 -0.002966 -0.005278 0.999982
13.800000000 0.033330 -0.109707 0.302211 -0.000378 -0.002906 -0.005295 0.999982
13.900000000 0.033711 -0.087774 0.248475 -0.000070 -0.002571 -0.005763 0.999980
14.400000000 0.037360 0.060116 -0.147286 -0.000519 -0.003107 -0.005579 0.999979
14.600000000 0.031325 0.001777 -0.029182 -0.004398 -0.003572 -0.004314 0.999975
14.900000000 -0.006497 0.037933 -0.027000 0.008822 0.000689 0.010362 0.999907
15.000000000 -0.160460 -0.152180 0.450360 0.001566 0.002620 0.033090 0.999448
15.300000000 -0.251818 -0.257144 0.805890 -0.010310 -0.001791 0.044811 0.998941
15.900000000 -0.483313 -0.298350 0.896791 -0.001629 -0.005192 0.026040 0.999646
16.200000000 -0.889719 -0.345943 1.104324 -0.019793 -0.002871 0.043850 0.998838
16.300000000 -0.986654 -0.568191 1.121538 0.005376 -0.003531 0.043302 0.999041
16.500000000 -1.184460 -0.271756 0.676640 -0.003540 -0.000141 0.042668 0.999083
17.000000000 -1.784203 0.446883 -0.795908 -0.051227 0.002566 0.043418 0.997740
17.300000000 -2.174564 0.498195 -1.123849 -0.015866 0.002892 0.042330 0.998974
17.700000000 -2.737001 0.176392 -0.317249 0.026368 -0.000503 0.041862 0.998775
18.100000000 -3.349927 -0.083918 0.381978 0.008490 0.000346 0.041696 0.999094
18.200000000 -3.545815 -0.095736 0.371944 -0.004679 0.000486 0.044206 0.999011
18.300000000 -3.642411 -0.114921 0.413881 -0.001383 -0.001581 0.041484 0.999137
18.400000000 -3.788034 -0.068606 0.314614 -0.003936 -0.010723 0.050934 0.998637
19.000000000 -4.690665 -0.257389 0.438121 0.004884 -0.032988 0.072097 0.996840
19.100000000 -4.828686 -0.257305 0.473492 -0.009724 -0.029603 0.071448 0.996958
19.300000000 -5.099934 -0.401123 0.327316 -0.008515 -0.028310 0.069833 0.997121
19.400000000 -5.187729 -0.670098 0.812889 -0.042140 -0.023642 0.066290 0.996630
19.700000000 -5.611146 -1.173925 1.321919 0.004187 -0.025358 0.064735 0.997571
20.100000000 -6.061547 -1.802895 1.759499 -0.006323 -0.020823 0.059414 0.997996
20.200000000 -6.205820 -1.937557 1.733088 -0.025550 -0.018249 0.061562 0.997609
20.300000000 -6.311500 -2.086557 1.736805 0.012398 -0.020388 0.060186 0.997902
20.500000000 -6.552084 -2.388660 1.722344 -0.025926 -0.015930 0.061389 0.997650
20.900000000 -6.841886 -2.766538 1.137412 -0.043266 -0.013474 0.055616 0.997423
21.000000000 -6.938247 -2.815066 0.761706 -0.020067 -0.013155 0.056725 0.998101
21.200000000 -7.023758 -3.238408 0.981383 -0.021138 -0.012569 0.050128 0.998440
21.700000000 -7.341530 -4.352574 1.365318 0.011365 -0.013316 0.045219 0.998824
21.800000000 -7.342897 -4.336672 0.843965 -0.000951 -0.012608 0.042543 0.999015
21.900000000 -7.372622 -4.179292 0.024117 0.037533 -0.015642 0.042750 0.998258
22.000000000 -7.404193 -4.112307 -0.745069 0.006433 -0.013782 0.043319 0.998946
22.100000000 -7.395626 -4.034368 -1.365080 0.025343 -0.012945 0.040640 0.998769
22.300000000 -7.467457 -4.164362 -1.983647 0.007361 -0.011147 0.043256 0.998975
22.800000000 -7.496631 -4.550046 -3.619777 0.005982 -0.005836 0.036402 0.999302
22.900000000 -7.538833 -4.734909 -3.692695 0.014049 -0.007905 0.041346 0.999015
23.000000000 -7.531701 -4.956564 -3.640038 -0.008041 -0.004657 0.039246 0.999186
23.100000000 -7.500481 -5.353876 -3.273237 0.024307 -0.010871 0.036244 0.998988
23.300000000 -7.449134 -5.805390 -3.109093 0.024803 -0.011696 0.031373 0.999131
23.500000000 -7.439345 -6.091694 -3.443307 0.012685 -0.009791 0.036197 0.999216
23.700000000 -7.393073 -6.303601 -3.832409 0.013195 -0.008433 0.031677 0.999375
24.400000000 -7.107361 -6.965830 -5.643665 0.010210 -0.011461 0.035030 0.999268
24.500000000 -7.079300 -7.180584 -5.597845 0.013563 -0.002885 0.031279 0.999414
24.700000000 -6.991413 -7.424421 -5.879937 0.029028 0.000606 0.029506 0.999143
24.800000000 -6.954122 -7.578910 -5.941059 0.012063 0.006228 0.024362 0.999611
24.900000000 -6.934449 -7.756351 -5.932645 -0.043596 0.016280 0.021779 0.998679
25.000000000 -6.866027 -7.942495 -5.977264 0.019205 0.014905 0.021593 0.999471
25.300000000 -6.620510 -9.070872 -4.534274 0.044830 0.013354 0.026580 0.998552
25.600000000 -6.429805 -9.589614 -4.473452 0.030862 0.010309 0.019414 0.999282
25.700000000 -6.374312 -9.421012 -5.431005 0.063180 0.011736 0.017930 0.997772
25.800000000 -6.314075 -8.973920 -6.725574 0.018247 0.001038 0.018562 0.999661
26.100000000 -6.176627 -8.104635 -7.050426 -0.079248 0.006363 -0.004568 0.996824
26.900000000 -6.598259 -6.792782 -7.524990 -0.206365 0.003343 0.311162 0.927675
27.200000000 -6.429623 -6.838602 -8.371889 -0.222461 -0.028172 0.314202 0.922494
27.300000000 -6.425070 -6.877107 -8.719418 -0.223460 -0.017351 0.307654 0.924724
27.700000000 -5.945094 -6.906386 -8.190779 -0.186875 -0.011773 0.307421 0.932969
27.800000000 -5.922393 -6.810158 -8.141827 -0.286046 -0.034637 0.291832 0.912037
28.000000000 -5.919620 -6.897487 -8.601633 -0.236354 -0.007838 0.296501 0.925291
28.200000000 -5.503015 -6.730544 -7.184027 -0.213553 -0.001507 0.302343 0.928968
28.300000000 -5.468514 -6.690423 -7.312360 -0.252194 -0.019850 0.310770 0.916202
28.700000000 -5.208369 -6.656650 -7.474103 -0.227497 -0.022000 0.329448 0.916092
28.900000000 -5.213344 -6.622588 -7.890474 -0.217309 0.006514 0.305370 0.927083
29.100000000 -5.148021 -6.493846 -7.620815 -0.219675 0.020406 0.275193 0.935732
29.300000000 -5.040915 -6.387466 -7.689304 -0.242636 0.019467 0.290380 0.925434
29.500000000 -5.044324 -6.328525 -7.599881 -0.236725 0.002541 0.273364 0.932323
29.800000000 -4.894938 -6.178099 -7.109460 -0.205178 0.002715 0.290366 0.934656
30.200000000 -4.897896 -6.050361 -7.338723 -0.196154 -0.008306 0.294919 0.935135
30.400000000 -4.945864 -5.958608 -7.225773 -0.192965 0.003963 0.287539 0.938121
30.700000000 -4.934798 -5.722479 -7.038409 -0.189526 -0.001972 0.294262 0.936742
30.800000000 -4.946361 -5.663629 -6.979312 -0.168642 -0.005589 0.296858 0.939896
30.900000000 -4.947280 -5.616243 -6.942896 -0.162252 -0.008524 0.297050 0.940937
31.000000000 -4.926606 -5.587060 -6.901182 -0.188573 -0.010581 0.314829 0.930167
31.200000000 -5.055746 -5.449082 -7.655401 -0.195178 -0.018989 0.311979 0.929631
31.500000000 -5.173058 -5.391667 -8.188075 -0.217283 -0.007868 0.318603 0.922615
31.800000000 -5.237409 -5.121299 -7.637546 -0.218694 -0.012939 0.302259 0.927710
32.000000000 -5.284410 -4.991012 -7.134669 -0.199993 -0.020479 0.315723 0.927309
32.100000000 -5.326995 -4.930385 -7.029225 -0.191362 -0.017151 0.324229 0.926262
32.300000000 -5.431480 -4.821261 -6.981091 -0.205676 -0.001972 0.313559 0.927024
32.400000000 -5.445850 -4.709860 -6.735504 -0.233484 -0.036864 0.319522 0.917623
32.600000000 -5.531971 -4.636827 -6.290543 -0.221525 0.010476 0.304396 0.926369
32.700000000 -5.558401 -4.512001 -6.174636 -0.180590 -0.002603 0.339082 0.923257
32.800000000 -5.649431 -4.533931 -6.408820 -0.212785 0.010988 0.311704 0.925982
33.200000000 -5.958414 -4.363341 -7.189474 -0.206226 -0.007969 0.338016 0.918233
33.700000000 -6.258109 -4.089725 -7.035818 -0.218269 -0.030082 0.312258 0.924093
33.900000000 -6.417718 -3.981908 -6.955507 -0.212592 -0.003710 0.328829 0.920143
34.400000000 -6.776370 -3.697559 -6.768268 -0.177684 -0.000845 0.340039 0.923472
34.500000000 -6.870052 -3.639722 -6.580578 -0.214376 -0.020822 0.343900 0.913971
34.800000000 -7.135673 -3.491647 -6.683193 -0.209367 -0.011488 0.321991 0.923231
35.000000000 -7.261583 -3.424562 -6.803639 -0.195815 -0.004641 0.336724 0.921006
35.100000000 -7.404619 -3.377798 -6.735214 -0.204919 -0.007778 0.348414 0.914634
35.400000000 -7.636131 -3.235339 -6.629337 -0.213000 -0.005775 0.340107 0.915928
35.600000000 -7.775732 -3.133443 -6.350369 -0.171641 0.015480 0.351340 0.920250
35.700000000 -7.802784 -3.013093 -5.904382 -0.240213 0.000084 0.347598 0.906352
36.300000000 -8.377435 -2.307828 -4.729825 -0.334180 -0.042747 0.311830 0.888402
36.400000000 -8.599297 -2.079954 -4.362046 -0.303024 -0.036120 0.324292 0.895381
36.500000000 -8.368080 -2.562437 -4.961658 -0.213318 -0.008705 0.334728 0.917811
36.700000000 -8.017656 -3.295117 -5.195412 -0.176482 0.008041 0.345314 0.921709
36.900000000 -8.089186 -3.189430 -4.592538 -0.166919 0.002088 0.336861 0.926638
37.200000000 -8.261106 -3.047582 -4.380528 -0.146976 0.002681 0.334468 0.930872
37.300000000 -8.322507 -3.047201 -4.238996 -0.193984 -0.011190 0.338985 0.920508
37.400000000 -8.348577 -3.043944 -3.650547 -0.240391 -0.029760 0.340056 0.908674
37.500000000 -8.317565 -3.027234 -3.126521 -0.207309 -0.025161 0.331957 0.919888
37.800000000 -8.493716 -2.953154 -3.647820 0.007530 0.021259 0.335342 0.941826
37.900000000 -8.442881 -3.094340 -3.224295 -0.061934 0.000670 0.340072 0.938357
38.000000000 -8.309708 -3.274092 -2.568609 -0.026937 0.011042 0.331271 0.943087
38.100000000 -8.151720 -3.501242 -1.886946 -0.061291 0.000735 0.328133 0.942641
38.500000000 -7.844614 -4.145647 -2.191410 0.122678 0.040474 0.320100 0.938535
38.600000000 -7.831881 -4.166512 -2.078595 0.056010 0.022926 0.319741 0.945570
38.900000000 -8.088280 -3.863662 -1.895945 -0.036588 0.003933 0.328929 0.943637
39.100000000 -8.011341 -3.906706 -1.561452 -0.067993 -0.002416 0.322262 0.944203
39.200000000 -7.845845 -4.259311 -1.496746 0.062713 0.030494 0.318052 0.945505
39.300000000 -7.675974 -4.439484 -0.998634 0.083312 0.030523 0.304425 0.948395
40.400000000 -7.707690 -4.630644 -1.917166 0.254429 0.064211 0.308383 0.914354
40.800000000 -8.388505 -3.555042 -2.833097 0.291055 0.084879 0.315541 0.899175
41.000000000 -8.771776 -2.807939 -3.460135 0.236130 0.083740 0.317661 0.914506
41.400000000 -9.015267 -2.329931 -3.987766 0.139008 0.065780 0.327749 0.932164
41.600000000 -9.225767 -2.073587 -4.261609 0.174880 0.077208 0.324211 0.926468
41.700000000 -9.296206 -1.995322 -4.358674 0.204139 0.088143 0.323009 0.919904
41.800000000 -9.394153 -1.858998 -4.529442 0.236630 0.098696 0.321103 0.911679
42.500000000 -9.200603 -1.978608 -4.316914 0.060945 0.042577 0.341001 0.937119
42.600000000 -9.208817 -1.939692 -4.302764 0.089551 0.053551 0.337380 0.935568
42.900000000 -8.835138 -2.232470 -3.545343 0.064894 0.042887 0.333919 0.939387
43.300000000 -8.795753 -2.205189 -3.207003 0.097992 0.050677 0.345211 0.932018
43.800000000 -8.485647 -2.410162 -2.572827 0.042122 0.043818 0.340734 0.938193
44.000000000 -8.477559 -2.327348 -2.632461 0.045484 0.039489 0.342179 0.937702
44.200000000 -8.415232 -2.350374 -2.328709 0.085483 0.052102 0.352318 0.930511
44.500000000 -7.933244 -2.784324 -1.010403 0.019487 0.031712 0.335474 0.941314
45.200000000 -7.002059 -3.767500 1.760428 -0.025483 0.035678 0.318783 0.946813
45.700000000 -5.906276 -4.838222 3.839308 0.009140 0.073533 0.322126 0.943792
45.800000000 -6.040247 -4.631061 3.773507 0.026640 0.075800 0.320421 0.943862
45.900000000 -6.203005 -4.374182 3.525664 0.046973 0.084157 0.309219 0.946094
46.700000000 -6.871970 -3.279010 3.354072 0.215319 0.112778 0.298660 0.922887
46.900000000 -6.934431 -3.115967 3.292552 0.232687 0.117885 0.291937 0.920181
47.000000000 -6.971707 -3.031936 3.271789 0.227888 0.115041 0.291712 0.921811
47.200000000 -7.107145 -2.792643 3.116658 0.163176 0.099205 0.300544 0.934455
47.300000000 -7.156464 -2.728939 3.109236 0.160906 0.098233 0.299873 0.935166
47.500000000 -7.015743 -2.911314 3.064474 0.265772 0.122387 0.282797 0.913462
47.600000000 -7.012697 -2.898769 3.091840 0.255736 0.121069 0.281508 0.916894
47.900000000 -6.999212 -2.853744 3.222347 0.252446 0.122170 0.280340 0.918017
48.100000000 -6.651266 -3.277065 3.715969 0.246350 0.121939 0.289676 0.916805
48.600000000 -6.411895 -3.578184 4.276415 0.290240 0.131920 0.280450 0.905376
48.900000000 -5.924056 -4.078619 4.960300 0.257962 0.112141 0.286734 0.915786
49.300000000 -5.648267 -4.422301 5.535613 0.400786 0.139029 0.269297 0.864593
49.500000000 -4.824628 -5.462647 7.199654 0.256833 0.082511 0.282512 0.920552
49.900000000 -5.130973 -4.795381 9.366186 0.057421 0.072874 0.298247 0.949969
50.500000000 -5.923545 -3.230138 10.577501 -0.172112 0.068200 0.298389 0.936317
50.600000000 -5.916804 -3.177371 11.028826 -0.165246 0.069623 0.303608 0.935771
50.800000000 -5.893388 -3.136731 12.472903 -0.204779 0.062741 0.305617 0.927754
51.100000000 -5.774488 -3.027083 14.516456 -0.180623 0.072731 0.310877 0.930291
51.200000000 -5.691060 -2.972409 15.253112 -0.184473 0.072612 0.322655 0.925522
51.900000000 -5.579045 -2.298729 19.736237 -0.117863 0.113899 0.328644 0.930123
52.200000000 -5.241346 -2.253009 21.679373 -0.116502 0.129757 0.350827 0.920060
52.500000000 -4.818743 -2.223133 23.934566 -0.150797 0.136187 0.376974 0.903661
53.300000000 -5.168603 -1.650080 33.728582 -0.168911 -0.017304 0.265180 0.949131
53.800000000 -5.405719 -1.357100 36.580845 -0.179155 -0.024830 0.299295 0.936862
54.000000000 -5.476187 -1.264153 36.964852 -0.141752 -0.016716 0.303858 0.941965
54.300000000 -5.582207 -1.112850 37.481048 -0.172292 -0.030651 0.309145 0.934776
54.400000000 -5.648534 -1.074546 37.850656 -0.165409 -0.024794 0.313213 0.934838
54.600000000 -5.696785 -0.980604 38.141506 -0.145660 -0.021218 0.313095 0.938245
54.700000000 -5.743141 -0.938600 38.476028 -0.125972 -0.014520 0.314537 0.940737
55.100000000 -5.977561 -0.551765 37.843228 -0.018044 0.021094 0.282544 0.958853
55.200000000 -6.022251 -0.576106 36.989242 -0.114173 -0.008148 0.283068 0.952245
55.300000000 -6.529641 0.024607 36.772891 -0.307760 -0.069375 0.266295 0.910800
55.500000000 -6.898970 0.381202 35.329674 -0.421333 -0.146822 0.243622 0.861145
56.000000000 -6.724000 -0.065918 31.019782 -0.581727 -0.220719 0.201960 0.756366
56.100000000 -6.804910 0.080550 30.981053 -0.571756 -0.215666 0.209596 0.763317
56.400000000 -6.249089 2.580508 30.773708 0.842272 -0.055980 -0.270919 -0.462652
56.900000000 -7.192426 0.455786 28.486367 0.962128 0.053601 -0.226306 -0.142202
57.000000000 -7.248836 0.433092 28.402082 0.962025 0.055621 -0.228237 -0.139005
57.300000000 -7.523275 0.604621 27.975342 0.961730 0.050917 -0.226087 -0.146177
57.700000000 -7.859263 0.796947 27.453206 0.964356 0.052492 -0.221589 -0.134761
57.800000000 -7.893587 0.792289 27.396864 0.964014 0.054534 -0.224931 -0.130798
57.900000000 -7.975777 0.862027 27.243668 0.963930 0.053403 -0.222417 -0.136079
58.000000000 -8.063816 0.949143 27.106398 0.961543 0.046877 -0.222104 -0.154623
58.100000000 -8.125922 0.970343 27.027199 0.962890 0.047294 -0.221693 -0.146489
58.400000000 -8.369605 1.149197 26.637934 0.964486 0.049679 -0.215823 -0.143938
58.600000000 -8.481841 1.190775 26.440121 0.963816 0.049649 -0.217164 -0.146399
58.800000000 -8.594755 1.246285 26.231854 0.965181 0.050618 -0.216613 -0.137634
59.000000000 -8.763336 1.314870 25.997591 0.966313 0.048585 -0.214679 -0.133387
59.100000000 -8.824535 1.357154 25.888147 0.964984 0.046447 -0.216579 -0.140510
59.300000000 -8.890622 1.412565 25.794801 0.963837 0.046277 -0.217779 -0.146455
59.700000000 -9.206229 1.592686 25.275180 0.966128 0.046447 -0.213839 -0.136791
59.900000000 -9.347532 1.634936 25.023171 0.965764 0.047139 -0.214144 -0.138637
60.000000000 -9.414158 1.685483 24.889774 0.965147 0.047256 -0.216163 -0.139755
60.300000000 -9.519270 1.760445 24.687419 0.959673 0.044412 -0.215532 -0.174932
60.500000000 -9.668945 1.841193 24.416397 0.959497 0.042189 -0.222415 -0.167682
60.700000000 -9.799720 1.900756 24.154112 0.959237 0.044199 -0.225044 -0.165124
61.300000000 -9.498415 1.376068 24.456351 0.955657 0.069238 -0.222866 -0.179602
61.800000000 -9.798972 1.491933 23.968258 0.959500 0.068756 -0.223127 -0.157628
62.000000000 -9.923089 1.560270 23.714111 0.956402 0.065686 -0.228173 -0.170051
62.200000000 -10.059565 1.636160 23.487017 0.955786 0.061951 -0.229250 -0.173434
62.300000000 -10.131268 1.659972 23.370159 0.956485 0.063898 -0.229862 -0.167978
62.400000000 -10.168732 1.655702 23.307806 0.957299 0.065776 -0.230338 -0.161856
62.500000000 -10.243670 1.730816 23.187091 0.952726 0.061623 -0.232877 -0.185158
62.600000000 -10.322967 1.743126 23.078726 0.955440 0.065530 -0.230870 -0.171872
62.700000000 -10.411945 1.804056 22.944668 0.954651 0.062262 -0.230114 -0.178362
63.100000000 -11.297933 0.909766 21.009803 0.965798 0.102692 -0.203251 -0.124004
63.300000000 -11.495956 1.024373 20.752888 0.966240 0.094722 -0.197735 -0.135313
64.400000000 -12.178466 1.216444 19.378791 0.968012 0.102881 -0.208588 -0.094128
64.500000000 -12.251480 1.168846 19.256975 0.970780 0.110561 -0.205365 -0.056466
64.900000000 -10.242440 0.412410 21.061570 0.917274 -0.071525 -0.367072 -0.136931
65.000000000 -10.339712 0.396901 21.004452 0.924954 -0.049822 -0.365326 -0.092276
65.200000000 -10.583087 0.621909 20.804642 0.913797 -0.084802 -0.367308 -0.151221
65.300000000 -10.724821 0.620236 20.716598 0.922496 -0.064270 -0.366774 -0.101724
65.400000000 -10.800028 0.597720 20.609913 0.926130 -0.044511 -0.368145 -0.069078
65.600000000 -11.033022 0.761765 20.396538 0.918656 -0.076539 -0.369853 -0.115854
66.100000000 -12.025895 1.407932 19.615466 0.921249 -0.088404 -0.370437 -0.079128
66.300000000 -12.252259 1.553020 19.428950 0.915485 -0.115725 -0.369420 -0.109650
66.500000000 -12.509161 1.555263 19.207785 0.922647 -0.090957 -0.370555 -0.056013
66.600000000 -12.670359 1.661739 19.080283 0.921399 -0.098775 -0.369576 -0.068411
66.700000000 -12.814326 1.696716 18.991847 0.921973 -0.101323 -0.369221 -0.058098
67.000000000 -13.733284 2.480370 18.363692 0.915440 -0.115588 -0.383614 -0.038072
67.100000000 -13.792825 2.423112 18.233968 0.918654 -0.122401 -0.374242 -0.032169
67.700000000 -12.487683 1.760720 20.412082 0.653626 -0.022397 -0.606878 -0.451631
67.900000000 -12.840611 2.038199 20.543233 0.653418 -0.030772 -0.612282 -0.444082
68.000000000 -13.005088 2.202860 20.610601 0.648956 -0.040057 -0.612689 -0.449293
68.100000000 -13.182745 2.366936 20.665100 0.646263 -0.048159 -0.612664 -0.452402
68.400000000 -13.706581 2.913806 20.887899 0.651977 -0.057891 -0.615439 -0.439100
68.500000000 -13.860862 3.071898 20.971366 0.652173 -0.057946 -0.617241 -0.436265
68.700000000 -14.232080 3.418535 21.081300 0.656984 -0.061579 -0.617136 -0.428630
68.900000000 -14.578437 3.756390 21.185320 0.652763 -0.074701 -0.617980 -0.431765
69.000000000 -14.709031 3.867414 21.213367 0.654263 -0.073812 -0.618306 -0.429174
69.100000000 -14.795461 3.943789 21.245241 0.644473 -0.085894 -0.618391 -0.441440
69.300000000 -15.170854 4.339819 21.364006 0.660281 -0.076951 -0.617439 -0.420567
69.500000000 -15.466341 4.606013 21.433156 0.665897 -0.074064 -0.617190 -0.412520
69.800000000 -15.895132 4.972874 21.522649 0.658190 -0.087833 -0.618586 -0.420027
69.900000000 -16.073488 5.145694 21.570370 0.654993 -0.094099 -0.620580 -0.420727
70.000000000 -16.264403 5.305785 21.607820 0.654574 -0.097026 -0.621528 -0.419312
70.100000000 -16.416434 5.469134 21.665452 0.654419 -0.100575 -0.621762 -0.418369
70.700000000 -19.204820 5.297438 22.774865 0.760570 0.237871 -0.479472 -0.367503
70.800000000 -19.376570 5.331932 22.729083 0.758543 0.231397 -0.483893 -0.370022
71.000000000 -20.528694 4.578258 23.501867 0.773662 0.339660 -0.303095 -0.440694
71.200000000 -21.944339 3.354653 23.292851 -0.591826 -0.561890 0.084071 0.571799
71.400000000 -22.793388 2.173353 22.486359 -0.482544 -0.621412 -0.050224 0.615204
71.500000000 -22.976432 2.261369 22.433684 -0.481243 -0.620351 -0.040884 0.617979
73.200000000 -26.035215 4.114043 21.753591 -0.507295 -0.578304 -0.023696 0.638479
73.400000000 -26.481608 4.300244 21.695804 -0.499867 -0.573354 -0.011611 0.649048
73.600000000 -26.758153 4.613501 21.552162 -0.516531 -0.576807 -0.018672 0.632567
73.700000000 -26.993459 4.670172 21.605894 -0.518549 -0.573522 -0.025214 0.633675
73.800000000 -27.115098 4.755675 21.565571 -0.513697 -0.572064 -0.022019 0.639040
74.600000000 -29.397461 0.839472 26.069987 0.315476 -0.652328 -0.117134 0.679134
75.300000000 -30.660885 0.394722 25.809063 0.302475 -0.650110 -0.116573 0.687223
75.400000000 -30.833625 0.326519 25.780121 0.304230 -0.648212 -0.115403 0.688439
75.500000000 -30.998155 0.266311 25.746743 0.302637 -0.648866 -0.113169 0.688896
75.700000000 -31.338515 0.160638 25.712956 0.303674 -0.648384 -0.110170 0.689378
75.800000000 -31.513891 0.094752 25.681446 0.303361 -0.647280 -0.108856 0.690761
75.900000000 -31.685383 0.020783 25.643642 0.304948 -0.645892 -0.107207 0.691619
76.000000000 -31.837080 -0.022595 25.631491 0.305916 -0.646278 -0.105336 0.691119
76.300000000 -32.392150 -0.218127 25.554563 0.291789 -0.639808 -0.114011 0.701788
76.400000000 -32.552959 -0.290707 25.545058 0.291412 -0.640545 -0.111234 0.701718
76.900000000 -33.382471 -0.583072 25.451407 0.294416 -0.634736 -0.103555 0.706899
77.000000000 -33.516567 -0.620095 25.455287 0.293754 -0.633832 -0.104299 0.707875
77.100000000 -33.641440 -0.668995 25.449646 0.296855 -0.634834 -0.101823 0.706042
77.400000000 -34.179687 -0.850870 25.400377 0.292106 -0.627257 -0.109670 0.713579
77.500000000 -34.311185 -0.889333 25.398661 0.291970 -0.626488 -0.108038 0.714558
77.700000000 -34.693836 -1.042508 25.368297 0.280637 -0.623737 -0.112920 0.720725
77.900000000 -35.017830 -1.131152 25.361882 0.282271 -0.623475 -0.109540 0.720835
78.200000000 -35.464611 -1.294304 25.341067 0.283797 -0.622791 -0.107363 0.721155
78.400000000 -35.859894 -1.474231 25.284896 0.287988 -0.618310 -0.108293 0.723207
78.900000000 -36.678628 -1.788435 25.243721 0.283016 -0.612861 -0.111403 0.729310
79.000000000 -36.740105 -1.756371 25.283362 0.280628 -0.614183 -0.108844 0.729507
79.300000000 -37.343288 -2.034110 25.215122 0.276180 -0.611699 -0.111796 0.732838
79.400000000 -37.521575 -2.103933 25.206743 0.278274 -0.608846 -0.113729 0.734122
79.600000000 -37.903390 -2.272575 25.169113 0.277521 -0.609967 -0.111705 0.733788
79.700000000 -38.117529 -2.350918 25.154622 0.283964 -0.608424 -0.113787 0.732282
80.200000000 -39.514078 -3.088930 24.915561 0.292828 -0.605236 -0.121314 0.730222
80.500000000 -39.597657 -2.942669 25.035226 0.292063 -0.613629 -0.108118 0.725582
80.700000000 -40.102964 -3.249421 24.955458 0.300979 -0.606326 -0.111945 0.727495
81.100000000 -40.683208 -3.450243 24.940328 0.302728 -0.609462 -0.103638 0.725376
81.300000000 -40.904709 -3.473147 24.965802 0.298882 -0.612940 -0.096544 0.725019
81.600000000 -41.452149 -3.684446 24.924358 0.305740 -0.610807 -0.099446 0.723567
81.700000000 -41.593607 -3.719862 24.921523 0.309451 -0.614187 -0.096731 0.719484
82.000000000 -42.071935 -3.946564 24.875996 0.314067 -0.614587 -0.089742 0.718046
82.100000000 -42.254940 -4.009024 24.855241 0.316233 -0.610382 -0.083378 0.721442
82.500000000 -42.793578 -4.215542 24.840868 0.306475 -0.613764 -0.081647 0.722980
82.600000000 -42.965664 -4.246043 24.845365 0.294737 -0.611074 -0.083658 0.729877
82.700000000 -43.093632 -4.280694 24.845451 0.298248 -0.611717 -0.085242 0.727725
83.600000000 -45.159664 -5.025899 24.591201 0.294072 -0.625324 -0.048815 0.721186
84.100000000 -46.089099 -5.189447 24.590915 0.286129 -0.642227 0.021587 0.710781
84.600000000 -46.808379 -5.440892 24.542748 0.247765 -0.640388 0.002935 0.726985
84.700000000 -46.907584 -5.527716 24.539271 0.257201 -0.641835 -0.002373 0.722420
84.800000000 -47.073379 -5.532382 24.548643 0.245473 -0.641399 0.002352 0.726874
84.900000000 -47.216966 -5.558993 24.550112 0.245137 -0.642951 0.007222 0.725582
85.500000000 -49.029747 -10.087064 23.923275 0.203384 -0.601498 -0.168660 0.753916
85.700000000 -49.312042 -10.070668 23.953648 0.208606 -0.603535 -0.163564 0.751981
86.400000000 -50.282909 -9.996734 24.169829 0.181369 -0.582776 -0.137804 0.780057
86.600000000 -50.599146 -10.130986 24.207469 0.182870 -0.587836 -0.134344 0.776505
87.000000000 -51.110531 -10.175045 24.286960 0.191522 -0.588229 -0.115590 0.777139
87.200000000 -51.423317 -10.235055 24.327739 0.196177 -0.592314 -0.110413 0.773620
87.300000000 -51.605292 -10.265244 24.349187 0.198488 -0.593925 -0.113050 0.771412
87.400000000 -51.749006 -10.269379 24.387485 0.199578 -0.594920 -0.109846 0.770826
87.600000000 -51.996464 -10.276332 24.419557 0.184860 -0.586750 -0.106337 0.781181
87.700000000 -52.152561 -10.328724 24.427136 0.189172 -0.589412 -0.113543 0.777120
87.800000000 -52.287861 -10.344867 24.452709 0.187209 -0.589785 -0.111947 0.777544
87.900000000 -52.458483 -10.402299 24.470269 0.180527 -0.589902 -0.120164 0.777808
88.000000000 -52.615761 -10.414071 24.499986 0.178948 -0.590933 -0.117021 0.777870
88.200000000 -52.872690 -10.454568 24.561658 0.177228 -0.591385 -0.112354 0.778608
88.300000000 -53.033360 -10.469555 24.571251 0.182401 -0.594858 -0.110120 0.775079
88.400000000 -53.185958 -10.481026 24.593806 0.179433 -0.600246 -0.112788 0.771225
88.600000000 -53.483157 -10.527276 24.617244 0.155478 -0.591766 -0.128184 0.780518
89.100000000 -54.296265 -10.718222 24.631189 0.069030 -0.557728 -0.184141 0.806391
89.200000000 -54.428794 -10.598611 24.736502 0.139549 -0.590852 -0.122327 0.785147
89.400000000 -55.946167 -11.269482 24.618670 0.061632 -0.583164 -0.115236 0.801774
89.800000000 -56.527073 -11.356418 23.112981 0.138091 -0.795094 -0.219635 0.548194
90.000000000 -56.779529 -11.281331 23.080487 0.146314 -0.793664 -0.224458 0.546176
90.400000000 -57.235906 -11.155331 22.908926 0.128136 -0.782136 -0.249143 0.556571
90.700000000 -57.754883 -11.008484 22.777766 0.134708 -0.787478 -0.238627 0.552077
91.100000000 -58.282195 -10.850539 22.637341 0.127105 -0.781152 -0.249464 0.558045
91.300000000 -58.614070 -10.772401 22.547248 0.142697 -0.791053 -0.224458 0.550900
91.500000000 -58.911526 -10.697509 22.465564 0.134645 -0.784924 -0.240997 0.554694
91.700000000 -59.016269 -10.675180 22.426206 0.145104 -0.789603 -0.228667 0.550621
91.900000000 -59.219905 -10.574386 22.381742 0.127948 -0.779722 -0.255816 0.556975
92.200000000 -59.354336 -10.918516 22.182863 0.116940 -0.753105 -0.295089 0.576264
92.300000000 -59.389506 -10.834304 22.214162 0.110051 -0.751999 -0.298291 0.577415
92.400000000 -59.531948 -10.783309 22.174242 0.121083 -0.759777 -0.282990 0.572708
92.500000000 -59.541787 -10.742995 22.214647 0.122958 -0.756653 -0.287345 0.574274
92.600000000 -59.647849 -10.692133 22.184275 0.117463 -0.755917 -0.288611 0.575756
93.000000000 -59.726282 -12.113952 21.097467 0.107169 -0.763635 -0.225600 0.595383
93.200000000 -59.943421 -12.040639 21.068597 0.108816 -0.761313 -0.230472 0.596191
93.400000000 -60.038424 -11.946388 21.072618 0.090856 -0.751933 -0.250042 0.603176
94.200000000 -63.728391 -10.364216 19.667814 0.019994 -0.592404 -0.489443 0.639612
94.400000000 -63.753168 -10.297782 19.757659 0.018109 -0.586126 -0.501408 0.636175
94.600000000 -63.782250 -10.235458 19.852052 0.007725 -0.571695 -0.517555 0.636586
94.700000000 -64.030444 -10.138300 19.892098 0.021344 -0.591272 -0.502815 0.630174
94.900000000 -64.044488 -10.244059 19.763812 -0.010445 -0.544017 -0.542618 0.639924
95.100000000 -64.257002 -9.949975 20.005949 0.001420 -0.553970 -0.530107 0.641952
95.700000000 -65.359241 -9.926835 19.452230 0.287157 -0.463606 -0.544341 0.637419
95.900000000 -65.460910 -9.891634 19.568455 0.282403 -0.457768 -0.550345 0.638606
96.000000000 -65.500283 -9.874102 19.622586 0.283675 -0.458606 -0.550465 0.637336
96.100000000 -65.732860 -9.868117 19.670932 0.295307 -0.470061 -0.543182 0.629912
96.500000000 -64.403963 -9.037521 18.639367 0.660063 -0.349756 -0.483861 0.455924
96.700000000 -64.734522 -9.092360 18.534214 0.659612 -0.349705 -0.485125 0.455272
97.100000000 -65.238534 -9.240136 18.491875 0.659430 -0.351170 -0.485542 0.453961
97.200000000 -65.379409 -9.273185 18.461877 0.661063 -0.351322 -0.484447 0.452637
97.400000000 -65.668672 -9.357298 18.438784 0.657968 -0.349666 -0.485291 0.457498
98.100000000 -66.618383 -9.601588 18.344380 0.656281 -0.348250 -0.483162 0.463219
98.400000000 -67.088841 -9.715267 18.243266 0.658610 -0.351332 -0.480394 0.460456
98.500000000 -67.242752 -9.753074 18.213949 0.658396 -0.350586 -0.480866 0.460839
98.600000000 -67.391953 -9.789378 18.184031 0.659791 -0.352385 -0.479732 0.458648
98.700000000 -67.537957 -9.832040 18.160081 0.661445 -0.353886 -0.478159 0.456748
98.800000000 -67.675904 -9.870129 18.140032 0.662491 -0.354514 -0.477551 0.455379
99.400000000 -68.521788 -10.090952 18.031983 0.665434 -0.359271 -0.473574 0.451497
99.700000000 -68.984069 -10.203075 17.926698 0.666274 -0.360915 -0.471701 0.450908
99.900000000 -69.314230 -10.280183 17.844331 0.669122 -0.362213 -0.470283 0.447114
100.000000000 -69.426199 -10.305923 17.854364 0.669960 -0.361802 -0.471618 0.444780
100.100000000 -69.566979 -10.350021 17.841081 0.668461 -0.364552 -0.470452 0.446024
100.300000000 -69.843244 -10.419305 17.785623 0.668009 -0.362597 -0.470349 0.448396
100.400000000 -69.957915 -10.459476 17.795654 0.668565 -0.363516 -0.470567 0.446591
100.700000000 -70.376784 -10.592077 17.755172 0.667291 -0.366290 -0.470232 0.446582
100.900000000 -70.658274 -10.669124 17.726161 0.668155 -0.370799 -0.469327 0.442504
101.000000000 -70.827236 -10.696883 17.669000 0.668660 -0.368838 -0.468914 0.443816
101.100000000 -70.936605 -10.738060 17.672252 0.668408 -0.371555 -0.468107 0.442779
101.200000000 -71.098366 -10.765622 17.609748 0.669327 -0.369912 -0.467545 0.443359
101.600000000 -71.697273 -10.916263 17.512833 0.668018 -0.373527 -0.465117 0.444855
101.700000000 -71.836131 -10.968285 17.502859 0.668975 -0.372867 -0.465320 0.443757
101.800000000 -71.983977 -10.998475 17.466610 0.671171 -0.374960 -0.463460 0.440613
102.000000000 -72.273191 -11.074090 17.416589 0.670755 -0.375616 -0.463392 0.440760
102.100000000 -72.402780 -11.110888 17.412265 0.670745 -0.377066 -0.463496 0.439425
102.300000000 -72.676576 -11.188853 17.369508 0.670088 -0.374707 -0.462574 0.443398
102.500000000 -72.944933 -11.264383 17.348311 0.671416 -0.375485 -0.458896 0.444551
102.600000000 -73.113367 -11.308433 17.298857 0.673887 -0.378844 -0.456520 0.440390
102.700000000 -73.255787 -11.348417 17.274430 0.671840 -0.378808 -0.457654 0.442366
102.800000000 -73.396225 -11.375209 17.222878 0.672046 -0.382591 -0.457654 0.438785
103.400000000 -74.238014 -11.606497 17.093013 0.677088 -0.383165 -0.448956 0.439518
103.500000000 -74.352171 -11.630163 17.060908 0.685065 -0.390573 -0.442823 0.426668
103.900000000 -74.914229 -11.800982 16.992041 0.682172 -0.393761 -0.440552 0.430706
104.800000000 -76.023861 -12.018878 16.526600 0.681729 -0.382311 -0.448176 0.433846
105.200000000 -76.610463 -12.242324 16.546061 0.686675 -0.379009 -0.453954 0.422795
105.700000000 -77.279490 -12.401731 16.461023 0.683056 -0.371823 -0.465390 0.422604
106.100000000 -77.796938 -12.539139 16.416802 0.664177 -0.354964 -0.478480 0.451582
106.300000000 -78.184909 -12.730541 16.601971 0.653814 -0.343214 -0.488873 0.464472
106.400000000 -78.281902 -12.747994 16.564552 0.651342 -0.346585 -0.490117 0.464131
106.500000000 -78.337445 -12.757178 16.570924 0.665578 -0.363520 -0.484181 0.436380
106.800000000 -78.592311 -12.857233 16.622333 0.670252 -0.369139 -0.473274 0.436474
107.200000000 -79.154594 -13.117759 16.951940 0.662724 -0.373008 -0.485704 0.430992
107.300000000 -79.278075 -13.160291 17.027940 0.667944 -0.342641 -0.487086 0.446313
107.400000000 -79.285208 -13.090933 16.997217 0.651488 -0.337961 -0.514974 0.442885
107.600000000 -79.476916 -13.185648 17.136471 0.660820 -0.356756 -0.500125 0.431181
107.700000000 -79.576356 -13.250273 17.189188 0.655807 -0.359537 -0.499203 0.437546
108.000000000 -79.671100 -13.288023 17.235160 0.648088 -0.337667 -0.511682 0.451825
108.500000000 -80.000395 -13.490033 17.589385 0.666933 -0.355843 -0.494477 0.429033
108.600000000 -80.043618 -13.467865 17.536367 0.664805 -0.348294 -0.498354 0.434015
108.900000000 -80.137531 -13.607737 17.710019 0.658948 -0.349073 -0.501129 0.439096
109.100000000 -80.435830 -13.768064 17.776783 0.636226 -0.337002 -0.498873 0.482465
109.400000000 -80.425158 -13.919508 18.023894 0.645009 -0.340378 -0.488554 0.478980
109.500000000 -80.372782 -13.841973 18.088501 0.656481 -0.347850 -0.485535 0.460748
109.700000000 -79.573984 -13.715029 18.390975 0.669591 -0.388456 -0.472805 0.420957
109.800000000 -79.557258 -13.702647 18.410808 0.665065 -0.380230 -0.476766 0.431054
110.100000000 -80.222946 -13.893123 18.409412 0.667841 -0.361969 -0.476993 0.442091
110.300000000 -80.469003 -14.031880 18.579156 0.666164 -0.347086 -0.488366 0.444134
110.500000000 -80.407167 -13.997774 18.801687 0.668463 -0.358702 -0.490606 0.428714
110.600000000 -80.379134 -13.985376 18.858304 0.657572 -0.357384 -0.503796 0.431353
110.700000000 -80.437487 -14.043655 18.893230 0.653770 -0.350701 -0.502691 0.443729
111.300000000 -79.191351 -13.473918 18.673653 0.677060 -0.374057 -0.481906 0.411628
111.400000000 -79.152221 -13.469472 18.741400 0.675901 -0.374452 -0.477690 0.418038
111.500000000 -79.162640 -13.494487 18.805808 0.670519 -0.377511 -0.478125 0.423423
112.100000000 -79.780578 -13.890736 19.631845 0.643475 -0.342327 -0.506708 0.460434
112.300000000 -80.459220 -14.409826 20.373840 0.670193 -0.378443 -0.480146 0.420811
112.500000000 -79.459678 -14.115751 20.512614 0.671695 -0.379100 -0.477997 0.420271
112.600000000 -79.424834 -14.145821 20.598621 0.678842 -0.379445 -0.468563 0.419099
112.700000000 -79.317767 -14.130393 20.617535 0.681561 -0.372740 -0.467704 0.421655
112.800000000 -79.261454 -14.125447 20.678846 0.671355 -0.379684 -0.467450 0.431987
112.900000000 -79.239102 -14.131898 20.745047 0.659828 -0.386193 -0.475776 0.434877
113.100000000 -79.159296 -14.136071 20.898917 0.666174 -0.397164 -0.459531 0.432786
113.300000000 -79.093374 -14.166815 21.035308 0.670365 -0.391596 -0.464365 0.426179
113.400000000 -79.355070 -14.058784 20.528841 0.688451 -0.363250 -0.448902 0.438830
113.500000000 -79.881980 -14.388272 21.067573 0.664370 -0.342448 -0.468584 0.470927
113.900000000 -79.553144 -14.318717 21.231961 0.680063 -0.353561 -0.461526 0.446657
114.100000000 -79.437511 -14.307132 21.396094 0.686296 -0.361892 -0.456460 0.435518
114.600000000 -79.079152 -14.132346 21.568337 0.674737 -0.359049 -0.470535 0.440921
114.700000000 -79.035718 -14.097475 21.559000 0.678929 -0.361548 -0.465894 0.437358
114.800000000 -79.013106 -14.088711 21.588416 0.665365 -0.346765 -0.476925 0.457805
114.900000000 -78.923641 -14.065942 21.638180 0.677078 -0.359237 -0.467160 0.440767
115.300000000 -78.616775 -14.007406 21.907476 0.638923 -0.321010 -0.499287 0.489328
115.400000000 -78.369976 -13.900387 21.949524 0.690381 -0.385744 -0.465427 0.397433
115.500000000 -78.372807 -13.902643 21.952741 0.688962 -0.377598 -0.464028 0.409181
116.100000000 -78.094967 -13.680830 21.681863 0.729347 -0.416082 -0.415145 0.350119
116.300000000 -77.907908 -13.599485 21.764408 0.740902 -0.429554 -0.400138 0.326247
116.500000000 -77.657884 -13.227266 21.139057 0.684885 -0.378052 -0.461534 0.418324
116.600000000 -77.492322 -13.126172 21.065705 0.677572 -0.366440 -0.466853 0.434356
116.700000000 -77.464714 -13.113138 21.145894 0.686738 -0.379128 -0.459342 0.416723
116.800000000 -77.386563 -13.083416 21.181980 0.691631 -0.383450 -0.455509 0.408808
116.900000000 -77.276130 -13.050029 21.249396 0.707755 -0.399370 -0.439591 0.382552
117.100000000 -77.061401 -12.856873 21.133004 0.711474 -0.404984 -0.435147 0.374753
117.200000000 -76.930515 -12.791780 21.143063 0.724527 -0.417682 -0.420048 0.352367
117.500000000 -76.433014 -12.183878 20.702460 0.640865 -0.306169 -0.498193 0.497350
117.900000000 -75.556620 -11.510959 19.550141 0.266805 -0.069411 -0.592359 0.757039
118.000000000 -75.513058 -11.423288 19.439260 0.265816 -0.067066 -0.591885 0.757968
118.300000000 -75.958796 -11.242809 18.743293 0.245176 -0.061168 -0.592194 0.765150
119.000000000 -76.084319 -10.333645 17.082756 0.447379 -0.177659 -0.553374 0.679755
119.300000000 -76.054177 -10.110519 16.907483 0.430681 -0.165514 -0.557072 0.690500
119.600000000 -76.001530 -9.783824 16.669769 0.418661 -0.161638 -0.555020 0.700392
120.400000000 -75.655986 -9.009725 16.057429 0.443063 -0.177633 -0.545674 0.688753
120.800000000 -75.702712 -8.733926 15.897167 0.416803 -0.161688 -0.548947 0.706251
121.200000000 -75.581374 -8.376430 15.709667 0.387142 -0.142098 -0.550332 0.725992
121.400000000 -75.549539 -8.204372 15.584283 0.379026 -0.139969 -0.549595 0.731227
121.600000000 -75.483011 -8.044597 15.421679 0.377345 -0.137935 -0.549295 0.732707
122.000000000 -75.710033 -7.923666 15.243069 0.377749 -0.138992 -0.542780 0.737141
122.200000000 -75.491330 -7.772847 15.137356 0.347409 -0.113651 -0.550998 0.750195
122.400000000 -75.670453 -7.705917 15.076052 0.342739 -0.110846 -0.548018 0.754930
123.000000000 -75.280634 -6.870478 13.611951 0.426972 -0.500586 -0.384306 0.647625
123.100000000 -75.015406 -6.556286 13.411736 0.407785 -0.519907 -0.342740 0.667785
123.200000000 -74.658288 -7.846132 6.790540 0.509142 -0.478227 -0.164478 0.696434
123.300000000 -73.526776 -10.196928 -2.073043 0.563788 -0.419124 -0.330984 0.630022
123.400000000 -74.198856 -9.283843 -5.799861 0.622839 -0.273481 -0.511549 0.524974
123.500000000 -75.232889 -8.539909 -9.038870 0.595753 -0.251839 -0.532449 0.546034
123.700000000 -75.819595 -7.790625 -11.564978 0.543286 -0.214504 -0.559140 0.588380
123.800000000 -75.839820 -7.736222 -11.654368 0.543946 -0.214809 -0.557665 0.589058
123.900000000 -75.775459 -7.713761 -11.694246 0.544753 -0.213656 -0.557794 0.588610
124.000000000 -75.663242 -7.662582 -11.757225 0.542542 -0.211185 -0.559160 0.590245
124.100000000 -76.304266 -7.773360 -11.755214 0.514560 -0.194561 -0.562430 0.617290
124.200000000 -76.331399 -7.785679 -11.847792 0.513156 -0.191149 -0.564102 0.617998
124.400000000 -76.542446 -7.792309 -11.838259 0.470669 -0.167013 -0.568786 0.653498
124.700000000 -76.372832 -7.416136 -12.889220 0.640815 -0.312832 -0.501278 0.490115
124.900000000 -76.687978 -7.437381 -13.103453 0.602201 -0.283547 -0.517531 0.537695
125.300000000 -77.392098 -7.588343 -13.734501 0.617029 -0.304743 -0.504389 0.521534
125.700000000 -78.221170 -7.832970 -14.416232 0.613804 -0.313101 -0.499543 0.525042
125.800000000 -77.980316 -7.849238 -14.398549 0.616315 -0.312612 -0.498815 0.523080
125.900000000 -77.571337 -7.875112 -14.257117 0.618049 -0.310792 -0.498946 0.521993
126.000000000 -77.211074 -7.891606 -14.155751 0.620029 -0.309508 -0.499844 0.519542
126.700000000 -74.519366 -7.690935 -14.216464 -0.508847 0.768386 0.348405 -0.171093
126.800000000 -74.419660 -7.494886 -14.674117 0.889230 -0.366437 -0.209635 0.176202
127.000000000 -67.995634 -3.588720 -18.370711 0.891547 -0.290738 -0.231145 0.259206
127.100000000 -66.899323 -2.170639 -19.309206 0.892025 -0.285588 -0.223802 0.269526
127.200000000 -66.698048 -2.126354 -19.204320 0.893743 -0.284650 -0.221159 0.266997
127.400000000 -66.507137 -2.248620 -19.102851 0.892188 -0.287859 -0.221543 0.268434
127.600000000 -66.239558 -2.356988 -18.883700 0.890795 -0.284083 -0.226814 0.272648
127.700000000 -66.102148 -2.322315 -18.858378 0.887866 -0.281626 -0.227453 0.283983
127.800000000 -65.967288 -2.359989 -18.774609 0.890101 -0.286184 -0.225617 0.273708
128.100000000 -66.059558 -2.433730 -19.596037 0.886425 -0.292140 -0.213534 0.288631
128.200000000 -65.928579 -2.469928 -19.553451 0.886291 -0.293188 -0.215523 0.286496
128.300000000 -65.841684 -2.506951 -19.549998 0.886505 -0.295399 -0.211646 0.286451
128.400000000 -65.767724 -2.568460 -19.532185 0.883616 -0.294843 -0.215414 0.293064
128.600000000 -65.341490 -2.612919 -19.167166 0.888825 -0.296096 -0.213233 0.277215
128.700000000 -65.283485 -2.664667 -19.158688 0.887217 -0.296391 -0.216177 0.279762
128.900000000 -65.038096 -2.702768 -19.089157 0.889860 -0.299280 -0.214034 0.269760
129.100000000 -64.800519 -2.797678 -18.747773 0.884303 -0.298141 -0.220191 0.283965
129.300000000 -64.534248 -2.806495 -18.644630 0.884765 -0.298845 -0.220527 0.281515
129.400000000 -64.391449 -2.826746 -18.587353 0.891554 -0.306061 -0.211979 0.257921
129.500000000 -64.337273 -2.860956 -18.594654 0.882929 -0.301616 -0.219452 0.285141
129.700000000 -64.054026 -2.898006 -18.424823 0.884432 -0.299880 -0.221132 0.280987
129.900000000 -63.739771 -2.965869 -18.116839 0.886716 -0.301554 -0.225584 0.268164
130.000000000 -63.651898 -3.005601 -18.077432 0.888945 -0.304743 -0.220898 0.260984
130.100000000 -63.514647 -3.002009 -18.012094 0.893227 -0.309556 -0.217262 0.243140
130.200000000 -63.430981 -3.047965 -17.998243 0.884779 -0.299879 -0.225163 0.276658
130.300000000 -63.319947 -3.062763 -17.925346 0.891093 -0.305152 -0.221640 0.252410
130.400000000 -63.177244 -3.068432 -17.775310 0.895046 -0.309019 -0.217316 0.237010
130.500000000 -63.039619 -3.089565 -17.647346 0.894571 -0.305715 -0.218913 0.241575
130.700000000 -62.834012 -3.136873 -17.516517 0.891679 -0.298087 -0.224100 0.256576
130.800000000 -62.743595 -3.159770 -17.475459 0.891563 -0.296746 -0.226080 0.256798
130.900000000 -62.694758 -3.176564 -17.413762 0.887253 -0.295282 -0.231880 0.267996
131.100000000 -62.498947 -3.181242 -17.301204 0.896591 -0.304046 -0.221073 0.234110
132.800000000 -62.280054 -3.034121 -18.139810 0.904622 -0.333287 -0.201719 0.172886
133.100000000 -62.137308 -2.877576 -18.086673 0.907163 -0.341196 -0.196438 0.148503
133.400000000 -62.674885 -3.271869 -18.656400 0.856597 -0.288918 -0.256754 0.341827
133.500000000 -62.731995 -3.260850 -18.755282 0.854807 -0.290173 -0.258701 0.343770
133.600000000 -62.804754 -3.269844 -18.897270 0.856299 -0.292193 -0.258514 0.338447
133.700000000 -63.001273 -3.336516 -19.286863 0.862777 -0.297243 -0.254264 0.320332
133.800000000 -63.127073 -3.372861 -19.537152 0.862659 -0.295767 -0.255752 0.320832
134.200000000 -63.610760 -3.700128 -19.541625 0.810858 -0.262986 -0.288916 0.435746
134.400000000 -63.447191 -3.526433 -19.321490 0.834593 -0.279375 -0.273219 0.388274
134.600000000 -62.753590 -2.764238 -19.064302 0.874615 -0.314287 -0.245899 0.275329
135.000000000 -62.526904 -2.457403 -18.698841 0.873338 -0.312124 -0.246905 0.280888
135.300000000 -62.722376 -2.604534 -18.516668 0.855135 -0.291390 -0.261948 0.339441
135.600000000 -63.008304 -2.937608 -18.103751 0.838987 -0.274919 -0.278665 0.377977
136.100000000 -63.023475 -2.913292 -17.505866 0.839930 -0.268657 -0.281317 0.378421
136.200000000 -62.866899 -2.670899 -17.471965 0.831735 -0.261317 -0.284498 0.398737
136.500000000 -62.769544 -2.364071 -17.481780 0.847278 -0.273887 -0.270001 0.366341
136.600000000 -62.656045 -2.176864 -17.352457 0.837788 -0.265565 -0.273073 0.391176
137.000000000 -63.439054 -2.173122 -18.543791 0.671240 -0.195940 -0.340357 0.628651
137.100000000 -63.336993 -1.894921 -18.571869 0.633725 -0.169897 -0.341317 0.673076
137.200000000 -63.231176 -1.658020 -18.551649 0.631617 -0.166780 -0.338158 0.677417
137.600000000 -63.291620 -0.769097 -19.387816 0.459880 -0.090317 -0.353079 0.809746
137.800000000 -62.789850 0.410670 -19.830741 0.693948 -0.232578 -0.308139 0.607777
137.900000000 -63.138558 0.014692 -18.893396 0.807046 -0.296298 -0.258640 0.440443
138.200000000 -62.737419 -2.003013 -18.806069 0.922657 -0.000815 -0.344426 -0.173416
138.800000000 -62.812838 -3.839925 -20.688493 -0.297313 0.250441 -0.243219 0.888667
138.900000000 -63.461482 -3.779016 -21.391959 -0.278176 0.244227 -0.206354 0.905753
139.100000000 -64.063613 -3.388791 -22.492618 -0.190360 0.237175 -0.192310 0.933021
139.200000000 -64.032566 -3.427035 -22.051977 -0.208350 0.231654 -0.188435 0.931353
139.500000000 -64.442235 -3.510209 -22.159417 -0.149041 0.215982 -0.201115 0.943764
139.600000000 -64.549044 -3.501347 -22.236587 -0.150905 0.215635 -0.201095 0.943552
140.400000000 -64.801363 -2.590969 -23.408170 -0.142299 0.271861 -0.249811 0.918388
140.500000000 -64.597006 -2.441810 -22.883807 -0.165979 0.270164 -0.229575 0.920195
140.800000000 -63.621540 -1.411378 -21.973934 -0.261102 0.290512 -0.199021 0.898788
140.900000000 -63.489723 -1.226585 -21.581539 -0.288797 0.292580 -0.179264 0.893788
141.300000000 -62.653677 0.703497 -21.567505 -0.521116 0.213086 -0.053552 0.824721
141.700000000 -62.662449 1.222217 -21.321342 -0.529027 0.217668 -0.041238 0.819177
141.900000000 -62.761886 1.183630 -21.238290 -0.576597 0.218543 -0.015314 0.787109
142.300000000 -63.704754 0.513818 -22.073581 -0.580393 0.205479 -0.057486 0.785887
142.500000000 -63.621845 0.262621 -21.930128 -0.560518 0.226821 -0.036129 0.795654
142.700000000 -63.868523 0.141220 -22.025320 -0.611886 0.232712 -0.001620 0.755935
143.100000000 -65.370236 0.190649 -23.252052 -0.486914 0.291779 -0.356632 0.742020
143.200000000 -64.902989 0.732138 -24.142799 -0.448911 0.280462 -0.079190 0.844718
143.300000000 -64.884904 1.155542 -24.213733 -0.502524 0.280990 -0.042035 0.816546
143.400000000 -65.341250 1.968023 -25.271782 -0.741974 0.252499 0.119810 0.609396
143.600000000 -66.236290 2.170935 -26.377494 0.902138 -0.195281 -0.244027 -0.297427
143.700000000 -66.191129 2.112477 -26.276568 0.899974 -0.195230 -0.247287 -0.301301
144.800000000 -68.142546 0.067856 -25.504022 0.790023 -0.465798 0.205608 0.341499
145.100000000 -68.142850 0.440753 -24.989624 0.788445 -0.465947 0.201023 0.347616
145.500000000 -68.097505 0.838981 -24.458874 0.806244 -0.454890 0.224233 0.304575
145.900000000 -68.113936 1.203799 -23.970992 0.805042 -0.458477 0.223683 0.302774
146.500000000 -68.005086 1.574650 -23.357963 0.801000 -0.460513 0.216823 0.315142
146.600000000 -68.003645 1.722706 -23.152326 0.799530 -0.461285 0.215561 0.318594
146.700000000 -68.014065 1.861567 -22.955614 0.809338 -0.455941 0.229296 0.290713
146.900000000 -67.963342 1.946549 -22.838762 0.809685 -0.456522 0.232009 0.286653
147.000000000 -67.949099 2.056193 -22.647416 0.808094 -0.456654 0.228658 0.293540
147.100000000 -67.964947 2.204844 -22.442873 0.814921 -0.452242 0.240024 0.271606
147.800000000 -68.094727 2.179177 -21.961436 0.699457 -0.482933 0.134325 0.509404
148.000000000 -67.951024 2.529922 -21.641179 0.708307 -0.482076 0.143555 0.495273
148.100000000 -67.824197 2.692195 -21.505935 0.722438 -0.479283 0.156056 0.473304
148.500000000 -67.628157 2.448633 -21.499801 0.722414 -0.464753 0.148168 0.490071
148.700000000 -67.485910 2.801453 -21.253846 0.726852 -0.464829 0.159775 0.479678
149.100000000 -67.770989 2.406063 -21.189192 0.581094 -0.467863 0.052772 0.663814
149.200000000 -67.633570 2.531668 -21.142120 0.585475 -0.467828 0.057514 0.659581
149.300000000 -67.491328 2.724879 -20.996991 0.582027 -0.466735 0.053078 0.663767
149.500000000 -67.208568 2.996171 -20.845514 0.588943 -0.465388 0.060156 0.657983
149.600000000 -67.010024 3.259682 -20.691822 0.594876 -0.466195 0.063003 0.651779
149.700000000 -66.695581 3.714731 -20.428715 0.605692 -0.468267 0.068524 0.639662
149.800000000 -66.374837 4.423998 -19.973574 0.598307 -0.475130 0.059907 0.642411
150.100000000 -66.509222 3.829951 -19.956209 0.488066 -0.441504 -0.008155 0.752861
150.300000000 -66.282866 3.735294 -20.051615 0.564409 -0.448883 0.044716 0.691337
150.500000000 -66.212639 3.636855 -20.040793 0.642281 -0.450954 0.111240 0.609706
150.600000000 -66.705494 3.420845 -19.744232 0.443938 -0.439481 -0.026942 0.780416
151.000000000 -66.320697 4.071393 -19.804888 0.623378 0.121414 0.597247 -0.489852
151.300000000 -66.868211 4.513242 -19.473346 0.728359 -0.203666 0.636969 0.149274
151.900000000 -66.033909 3.452278 -19.726936 0.481151 -0.538739 0.022428 0.691195
152.200000000 -66.601435 3.354786 -19.488065 0.377138 -0.594360 -0.046882 0.708735
152.400000000 -66.094329 3.691659 -19.312366 0.343722 -0.565097 -0.008759 0.749962
152.600000000 -65.922484 4.160644 -19.086424 0.177661 -0.552318 -0.044810 0.813249
152.800000000 -66.285342 4.659697 -18.759963 -0.012482 -0.569745 -0.189391 0.799604
152.900000000 -64.961354 4.752595 -19.008116 -0.041047 -0.493216 -0.138792 0.857782
153.200000000 -65.103836 4.548103 -18.906665 -0.012289 -0.482055 -0.120801 0.867686
153.600000000 -66.939369 4.096451 -18.445029 -0.041858 -0.554814 -0.233350 0.797482
153.700000000 -66.671923 4.009747 -18.477247 -0.038808 -0.572254 -0.219087 0.789316
153.800000000 -66.442759 3.956816 -18.578493 -0.056912 -0.532234 -0.239652 0.809972
154.100000000 -66.343188 3.264921 -18.906915 0.215054 -0.479341 -0.074601 0.847596
154.500000000 -66.223118 2.233067 -19.306003 0.345158 -0.431863 -0.017863 0.833091
155.100000000 -64.918212 1.953158 -19.208502 0.280401 -0.799214 -0.135382 0.514105
155.200000000 -66.165552 1.923882 -19.511627 0.277808 -0.428586 -0.045442 0.858529
155.400000000 -65.944385 2.130196 -19.485672 0.238432 -0.413773 -0.074568 0.875432
155.900000000 -65.059799 1.818360 -19.212734 0.146419 -0.735314 -0.213933 0.626185
156.000000000 -65.742988 2.237368 -19.569561 0.029701 -0.379382 -0.189515 0.905136
156.400000000 -62.910803 3.551595 -18.449849 0.445191 -0.481120 0.461981 0.597413
156.800000000 -65.037970 6.365767 -17.971451 0.652024 -0.458744 0.572733 0.190773
156.900000000 -67.502141 6.522342 -16.132629 0.787157 -0.343822 0.226492 -0.459207
157.000000000 -68.643847 5.165225 -16.203941 -0.683597 0.170666 -0.262093 0.659451
157.400000000 -67.930905 1.645047 -14.190291 -0.555126 0.644105 0.497095 0.172801
157.600000000 -67.552049 -4.143476 -14.410435 -0.098563 0.474922 0.732386 0.477854
157.700000000 -67.435367 -4.098728 -14.342327 -0.091306 0.482346 0.730988 0.473986
157.800000000 -67.178899 -3.951275 -14.301524 -0.092099 0.479302 0.736133 0.468930
157.900000000 -66.936987 -3.846567 -14.278691 -0.078701 0.495159 0.728278 0.467155
158.600000000 -66.898727 -4.360705 -14.606818 -0.088382 0.476924 0.740777 0.464739
159.000000000 -67.073608 -5.021790 -14.914493 -0.076860 0.497383 0.727286 0.466646
159.300000000 -67.051907 -5.262789 -15.039246 -0.078921 0.497820 0.727605 0.465336
159.500000000 -67.164866 -5.545462 -15.150079 -0.095022 0.478954 0.740162 0.462314
159.900000000 -67.619621 -6.493853 -15.605555 -0.061247 0.527473 0.701546 0.475241
160.000000000 -67.299476 -6.242797 -15.479388 -0.056716 0.530318 0.702911 0.470598
160.100000000 -67.322003 -6.283055 -15.423957 -0.086413 0.493137 0.732562 0.461196
160.300000000 -67.843042 -7.113741 -15.881485 -0.047680 0.547350 0.683570 0.480486
160.500000000 -67.885583 -7.370766 -15.946036 -0.045677 0.551473 0.683169 0.476521
160.600000000 -67.514918 -7.094557 -15.865809 -0.056771 0.535543 0.698398 0.471393
160.700000000 -67.753973 -7.366803 -15.919178 -0.099781 0.477500 0.738885 0.464851
160.800000000 -67.548864 -7.299072 -15.900813 -0.087018 0.495362 0.729465 0.463599
161.000000000 -67.565394 -7.485414 -16.028085 -0.064656 0.518989 0.710499 0.470810
161.300000000 -67.738212 -7.930758 -16.236159 -0.098453 0.477698 0.738306 0.465849
161.400000000 -67.603709 -7.834505 -16.135604 -0.146861 0.411337 0.780115 0.447944
161.700000000 -67.732976 -8.315837 -16.417382 -0.107724 0.465758 0.745993 0.463637
161.800000000 -67.727501 -8.390446 -16.388355 -0.118859 0.450908 0.757277 0.457258
162.200000000 -67.935875 -8.967449 -16.742876 -0.137517 0.429708 0.766454 0.457152
162.300000000 -67.882664 -9.000204 -16.729727 -0.141069 0.426613 0.770471 0.452190
162.500000000 -67.003365 -8.221266 -16.492985 -0.024129 0.570948 0.672729 0.469969
162.600000000 -66.981952 -8.221944 -16.489446 -0.055672 0.538390 0.700645 0.464901
162.900000000 -66.439971 -7.888393 -16.857590 -0.203942 0.305016 0.817880 0.443222
163.000000000 -66.439684 -7.904999 -16.830137 -0.201899 0.313574 0.815378 0.442795
163.300000000 -66.367837 -8.262283 -17.127285 -0.208347 0.307594 0.818388 0.438427
163.400000000 -66.320823 -8.429630 -17.261615 -0.199925 0.321121 0.814326 0.440211
163.500000000 -66.280091 -8.528600 -17.362249 -0.199961 0.322559 0.813671 0.440352
163.800000000 -66.243472 -8.828156 -17.582214 -0.225254 0.284306 0.828529 0.426581
163.900000000 -66.213951 -8.933019 -17.706182 -0.221258 0.292637 0.825026 0.429815
164.000000000 -66.189922 -9.065893 -17.839546 -0.216972 0.298527 0.822863 0.432090
164.300000000 -66.171515 -9.274770 -18.074712 -0.216203 0.299446 0.822298 0.432915
164.600000000 -66.129224 -9.617286 -18.404335 -0.211858 0.303056 0.821682 0.433718
164.800000000 -66.079803 -9.770665 -18.622352 -0.204905 0.314440 0.816759 0.438231
164.900000000 -66.076631 -9.854155 -18.680589 -0.216514 0.298514 0.822900 0.432257
165.000000000 -66.062236 -9.959672 -18.787241 -0.223489 0.285933 0.827362 0.428680
165.600000000 -66.005229 -10.341205 -19.290052 -0.206990 0.306425 0.820698 0.435561
166.200000000 -66.022765 -11.237714 -20.320812 -0.215912 0.290630 0.824659 0.434573
166.600000000 -66.246835 -12.335455 -21.345257 -0.231168 0.266728 0.830969 0.430008
166.700000000 -66.311298 -12.483516 -21.460249 -0.232510 0.265153 0.831391 0.429445
167.000000000 -66.051101 -12.153193 -21.328641 -0.227621 0.273450 0.831099 0.427420
167.800000000 -66.186029 -11.454787 -20.479238 -0.166896 0.372793 0.800335 0.438902
168.600000000 -67.031912 -10.512994 -18.976139 -0.176322 0.372869 0.803529 0.429210
169.300000000 -67.697550 -9.962401 -18.079833 -0.154444 0.407150 0.784904 0.440797
169.400000000 -67.797077 -10.162922 -18.258197 -0.158956 0.398416 0.788086 0.441495
170.000000000 -67.546742 -10.217129 -18.625935 -0.099047 0.474525 0.747102 0.454811
170.100000000 -67.678107 -10.419268 -18.784089 -0.111538 0.459970 0.754948 0.453917
170.200000000 -67.783665 -10.534379 -18.892226 -0.117582 0.451958 0.758156 0.455092
170.300000000 -67.956139 -10.853053 -19.042717 -0.123017 0.444447 0.764104 0.451086
170.400000000 -68.160122 -11.158837 -19.225132 -0.138165 0.428450 0.772733 0.447465
170.600000000 -68.063871 -11.147402 -19.288594 -0.132442 0.431519 0.771982 0.447542
170.700000000 -68.186424 -11.366004 -19.421872 -0.119404 0.450190 0.761634 0.450540
170.800000000 -68.279377 -11.517186 -19.547393 -0.122876 0.448036 0.762116 0.450936
170.900000000 -68.423064 -11.761166 -19.685483 -0.129365 0.438584 0.767735 0.448879
171.400000000 -68.314092 -11.963405 -19.793312 -0.082358 0.501969 0.737947 0.443485
171.500000000 -68.433213 -11.980785 -19.924250 -0.090104 0.500499 0.732906 0.451920
171.600000000 -68.491099 -12.101535 -19.990068 -0.078241 0.514716 0.723867 0.452728
172.100000000 -67.548776 -11.415762 -20.283188 -0.061537 0.587492 0.668008 0.452583
172.200000000 -67.599707 -11.580152 -20.321951 -0.055413 0.588555 0.668993 0.450534
172.300000000 -67.676892 -11.689460 -20.376104 -0.048386 0.596446 0.662004 0.451289
172.400000000 -67.717858 -11.769198 -20.433786 -0.034639 0.610903 0.648314 0.453086
172.900000000 -67.954375 -12.162960 -20.704577 -0.025569 0.622166 0.634846 0.457413
173.100000000 -68.322536 -12.635743 -20.756173 -0.034139 0.613984 0.647520 0.450085
173.200000000 -68.487974 -12.851792 -20.790868 -0.043435 0.602526 0.659982 0.446654
173.300000000 -68.571435 -12.961258 -20.857662 -0.034558 0.615053 0.647708 0.448319
174.400000000 -67.489667 -12.505705 -21.205270 -0.030771 0.603387 0.660347 0.446003
174.500000000 -67.464412 -12.522082 -21.231786 -0.020752 0.610406 0.652570 0.448471
174.600000000 -67.473574 -12.542967 -21.288011 -0.016494 0.617758 0.644063 0.450873
174.700000000 -67.525154 -12.634339 -21.326866 -0.015848 0.617916 0.643840 0.450998
174.800000000 -67.636254 -12.767622 -21.357952 -0.050271 0.575634 0.682445 0.447646
175.200000000 -66.175677 -10.875550 -20.737410 -0.078708 0.506357 0.727210 0.456699
175.300000000 -66.106409 -10.865297 -20.750450 -0.065826 0.522530 0.716806 0.456967
175.700000000 -65.056296 -9.911571 -20.636725 -0.051626 0.530530 0.707872 0.463456
176.000000000 -64.860727 -9.824552 -20.684249 -0.045367 0.532640 0.705873 0.464736
176.200000000 -65.003106 -10.098120 -20.841107 -0.076990 0.491108 0.736739 0.458368
176.300000000 -64.936288 -10.060255 -20.869731 -0.068411 0.503179 0.728493 0.459814
176.800000000 -64.052932 -10.783818 -22.215185 0.018688 0.597390 0.653080 0.465041
176.900000000 -64.034057 -10.826896 -22.317988 -0.005406 0.570305 0.678664 0.462751
177.000000000 -64.013163 -10.950782 -22.465851 -0.059642 0.500222 0.734381 0.454869
177.200000000 -63.070407 -10.393044 -22.695146 -0.055378 0.507961 0.731194 0.451957
177.300000000 -62.080572 -9.844063 -22.940988 -0.028114 0.532049 0.715691 0.451575
177.400000000 -60.497522 -9.365755 -23.792108 0.057903 0.598696 0.662937 0.445786
177.600000000 -58.560724 -9.247869 -25.396194 0.132151 0.638310 0.647478 0.394802
177.900000000 -56.567176 -9.321521 -27.598258 0.235857 0.631369 0.685397 0.275637
178.200000000 -54.067776 -11.268516 -28.623101 0.158880 0.724141 0.490900 0.457596
178.300000000 -53.994082 -11.298665 -28.684766 0.173930 0.733468 0.473313 0.455793
178.400000000 -54.013311 -11.348920 -28.701839 0.161693 0.724125 0.491650 0.455827
178.700000000 -52.991695 -13.074391 -30.837153 0.438393 0.575784 0.628392 0.285320
179.200000000 -53.344680 -15.030443 -25.417156 -0.326534 0.559300 0.247517 0.720621
179.300000000 -53.323112 -15.079783 -25.390384 -0.328497 0.558948 0.249743 0.719233
179.400000000 -53.306957 -15.114228 -25.356839 -0.322674 0.560690 0.247197 0.721389
179.500000000 -53.295777 -15.154853 -25.348540 -0.322378 0.561039 0.246284 0.721562
179.700000000 -53.224660 -15.239437 -25.309761 -0.327279 0.559925 0.249247 0.719200
179.800000000 -53.215678 -15.287179 -25.281699 -0.314985 0.563367 0.242278 0.724365
180.000000000 -53.155145 -15.365436 -25.253764 -0.310950 0.563124 0.238568 0.727521
180.900000000 -53.331293 -16.067025 -25.230160 -0.318165 0.559259 0.244601 0.725376
181.300000000 -53.321402 -16.305419 -25.189760 -0.328449 0.556777 0.252351 0.720027
181.500000000 -53.409644 -16.480578 -25.191058 -0.316089 0.559391 0.244281 0.726289
181.700000000 -53.400693 -16.535063 -25.155766 -0.329949 0.557326 0.255199 0.717910
181.900000000 -53.368816 -16.618831 -25.129284 -0.333542 0.556342 0.258054 0.715990
182.000000000 -53.376758 -16.664314 -25.124522 -0.333838 0.556078 0.258515 0.715890
182.100000000 -53.800409 -16.994676 -25.239556 -0.346328 0.552601 0.268020 0.709122
182.200000000 -53.782416 -17.051076 -25.241338 -0.312836 0.560590 0.243184 0.727141
182.300000000 -53.789846 -17.109668 -25.245178 -0.300380 0.563062 0.234251 0.733389
182.400000000 -53.802213 -17.151552 -25.245478 -0.307684 0.560621 0.239654 0.730480
182.500000000 -53.822640 -17.197338 -25.252935 -0.303037 0.561219 0.236037 0.733137
182.700000000 -53.913367 -17.342495 -25.258272 -0.310962 0.560112 0.242195 0.728642
182.800000000 -54.172627 -17.602719 -25.327813 -0.327540 0.554951 0.254455 0.721110
182.900000000 -54.232219 -17.692000 -25.345116 -0.320285 0.557477 0.248910 0.724348
183.000000000 -54.295084 -17.756384 -25.355599 -0.325719 0.556176 0.252844 0.721558
183.100000000 -54.308968 -17.783668 -25.352934 -0.338341 0.554005 0.261365 0.714348
183.400000000 -54.470860 -18.038811 -25.384316 -0.346167 0.551346 0.267760 0.710275
183.600000000 -54.776110 -18.330289 -25.478636 -0.305970 0.559962 0.238860 0.731964
184.000000000 -55.247776 -18.843491 -25.621058 -0.318393 0.556424 0.246748 0.726728
184.100000000 -55.317494 -18.915199 -25.636208 -0.322197 0.556237 0.249825 0.724139
184.400000000 -55.651770 -19.301935 -25.730809 -0.287745 0.564038 0.225298 0.740476
184.500000000 -55.767983 -19.402191 -25.769605 -0.305948 0.560112 0.237535 0.732289
185.300000000 -55.197044 -19.651529 -25.569967 -0.468180 0.501519 0.351045 0.637223
185.600000000 -55.284929 -19.992010 -25.598802 -0.465209 0.501799 0.348888 0.640356
186.000000000 -55.517867 -20.617992 -25.648349 -0.470012 0.498461 0.353809 0.636745
186.500000000 -55.788191 -21.384067 -25.695330 -0.471969 0.496733 0.358198 0.634190
186.900000000 -56.056644 -22.099952 -25.750507 -0.476494 0.494565 0.362939 0.629790
187.100000000 -56.072308 -22.201840 -25.767607 -0.495075 0.485250 0.375764 0.615007
187.400000000 -56.233495 -22.731830 -25.785467 -0.469402 0.499318 0.356529 0.635004
187.500000000 -56.226882 -22.790550 -25.790532 -0.474183 0.496654 0.360057 0.631541
187.600000000 -56.328663 -23.034394 -25.811466 -0.466677 0.500113 0.355119 0.637173
187.800000000 -56.525510 -23.447894 -25.857379 -0.487489 0.490666 0.364519 0.623480
188.100000000 -56.377526 -23.533618 -25.832269 -0.494491 0.494041 0.347109 0.625235
188.900000000 -56.108333 -23.629765 -25.793701 -0.460433 0.508276 0.324270 0.651541
189.200000000 -56.195154 -23.774369 -25.848888 -0.472958 0.509848 0.325201 0.640789
189.500000000 -56.711012 -24.431172 -25.940810 -0.467630 0.512916 0.329399 0.640106
189.900000000 -57.388921 -25.202058 -26.087740 -0.490986 0.501210 0.355890 0.617304
190.200000000 -58.049566 -25.960388 -26.220444 -0.474779 0.509475 0.352819 0.624931
190.300000000 -58.062634 -25.952246 -26.228935 -0.472393 0.517609 0.340655 0.626801
190.400000000 -58.084437 -25.901796 -26.237157 -0.486588 0.516566 0.344461 0.614604
190.600000000 -58.434760 -26.300438 -26.351124 -0.453716 0.506795 0.356690 0.640369
190.700000000 -58.504395 -26.384345 -26.373598 -0.451991 0.511484 0.346585 0.643402
190.800000000 -58.563545 -26.371830 -26.396848 -0.460581 0.518885 0.352730 0.627858
190.900000000 -58.604725 -26.362313 -26.427824 -0.454064 0.524697 0.349943 0.629332
191.100000000 -58.883641 -26.600539 -26.489604 -0.482183 0.522908 0.355999 0.606080
191.200000000 -58.922477 -26.592490 -26.496127 -0.470130 0.538670 0.343998 0.608668
191.400000000 -58.921058 -26.436171 -26.497846 -0.472015 0.528836 0.335913 0.620239
191.500000000 -58.999787 -26.427216 -26.521947 -0.462582 0.522303 0.351195 0.624403
191.800000000 -59.368022 -26.700593 -26.652349 -0.469252 0.501383 0.383506 0.617528
192.100000000 -59.872891 -27.086977 -26.793111 -0.419261 0.546512 0.333641 0.643606
192.300000000 -60.133845 -27.249025 -26.869352 -0.455158 0.531696 0.363740 0.614674
192.900000000 -66.880495 -21.721474 -23.110330 0.736778 -0.437312 -0.152784 -0.492517
193.400000000 -68.948196 -15.617945 -25.927907 0.867667 -0.446387 0.019450 -0.217977
193.500000000 -69.042299 -15.712507 -25.867874 0.862299 -0.444342 0.027173 -0.241378
193.800000000 -69.016198 -15.668668 -26.281430 0.856727 -0.463175 -0.001109 -0.226905
193.900000000 -68.980125 -15.629337 -26.412307 0.846950 -0.467001 0.004246 -0.254101
194.000000000 -69.030397 -15.652887 -26.393778 0.850503 -0.465283 0.008399 -0.245124
194.600000000 -67.895538 -14.938109 -26.756546 0.910371 -0.380584 -0.062803 -0.149787
194.700000000 -67.910572 -14.888490 -26.878948 0.904750 -0.383721 -0.067120 -0.172277
195.100000000 -68.047115 -14.923336 -27.237166 0.909806 -0.380458 -0.051205 -0.157740
195.400000000 -68.145904 -15.040349 -27.394648 0.907470 -0.382157 -0.069661 -0.160003
195.500000000 -68.220271 -15.036584 -27.444781 0.909420 -0.382267 -0.056757 -0.153639
195.600000000 -68.266107 -15.068742 -27.476177 0.908953 -0.381738 -0.055903 -0.157973
196.100000000 -68.445185 -15.122551 -27.837750 0.900467 -0.386030 -0.058679 -0.191561
196.200000000 -68.488821 -15.141951 -27.869746 0.900945 -0.385873 -0.051893 -0.191594
196.400000000 -68.568235 -15.221265 -27.916674 0.900435 -0.385646 -0.050187 -0.194875
196.500000000 -68.615816 -15.258087 -27.929982 0.898445 -0.386201 -0.048687 -0.203160
197.000000000 -68.940941 -15.809493 -27.832236 0.908425 -0.378263 -0.107399 -0.141935
197.100000000 -68.963572 -15.831478 -27.773546 0.904873 -0.379891 -0.096432 -0.166097
197.300000000 -68.987425 -15.800255 -27.898425 0.906245 -0.379459 -0.095341 -0.160130
197.700000000 -69.064342 -15.819768 -28.039622 0.908061 -0.377618 -0.098053 -0.152369
197.800000000 -69.092766 -15.790127 -28.144927 0.903677 -0.379295 -0.088714 -0.177858
198.300000000 -69.194977 -15.852924 -28.256093 0.905118 -0.377627 -0.090692 -0.173016
198.400000000 -69.226762 -15.887627 -28.241008 0.905172 -0.377455 -0.089963 -0.173487
198.500000000 -69.240291 -15.919043 -28.237231 0.906928 -0.376553 -0.092037 -0.164979
198.600000000 -69.270858 -15.918284 -28.260229 0.906748 -0.376688 -0.091746 -0.165820
199.300000000 -69.520133 -16.240508 -28.101778 0.908568 -0.373935 -0.096637 -0.159180
199.400000000 -69.512473 -16.213759 -28.135050 0.908305 -0.373857 -0.094465 -0.162139
199.600000000 -69.557523 -16.253975 -28.132973 0.907524 -0.373605 -0.093922 -0.167330
199.800000000 -69.568613 -16.208808 -28.214688 0.907617 -0.373386 -0.093346 -0.167635
199.900000000 -69.587318 -16.212695 -28.218632 0.907943 -0.373310 -0.093164 -0.166129
200.000000000 -69.596505 -16.220129 -28.255650 0.909477 -0.372409 -0.094547 -0.158823
200.200000000 -69.618576 -16.230197 -28.256314 0.909598 -0.372077 -0.093759 -0.159369
200.400000000 -69.651789 -16.259960 -28.251453 0.911413 -0.370903 -0.096341 -0.149918
200.600000000 -69.688067 -16.309698 -28.218877 0.913146 -0.369404 -0.100805 -0.139799
201.200000000 -69.679218 -16.145348 -28.399775 0.911874 -0.369721 -0.098879 -0.148373
201.300000000 -69.645793 -15.998539 -28.600413 0.909859 -0.370600 -0.093839 -0.161265
201.400000000 -69.645689 -15.956847 -28.729994 0.914432 -0.367685 -0.102470 -0.134618
201.600000000 -69.702074 -16.078226 -28.646631 0.915147 -0.366356 -0.104597 -0.131716
201.700000000 -69.694699 -16.032308 -28.724211 0.914044 -0.366824 -0.099832 -0.141412
201.900000000 -69.720754 -16.041401 -28.661322 0.914990 -0.366652 -0.102177 -0.133865
202.000000000 -69.734902 -15.998688 -28.756967 0.914789 -0.367109 -0.099742 -0.135807
202.200000000 -69.767547 -16.087811 -28.658750 0.915921 -0.365908 -0.101496 -0.129998
202.400000000 -69.793088 -16.102185 -28.598180 0.915960 -0.366127 -0.101506 -0.129089
202.600000000 -69.753263 -15.936159 -28.757632 0.915224 -0.367363 -0.099742 -0.132142
203.100000000 -69.550847 -15.395105 -29.531063 0.905734 -0.369682 -0.078491 -0.191886
203.200000000 -69.594297 -15.518228 -29.402716 0.917282 -0.364054 -0.102778 -0.124483
203.700000000 -70.351610 -16.460528 -29.099279 0.924332 -0.358965 -0.117901 -0.053424
203.800000000 -70.351695 -16.505942 -29.050158 0.923345 -0.360366 -0.111224 -0.072105
204.300000000 -69.939583 -16.110591 -28.768287 0.920713 -0.363692 -0.104782 -0.095064
204.500000000 -69.838555 -15.836520 -29.082950 0.915296 -0.367962 -0.090436 -0.136596
204.700000000 -69.885481 -15.953804 -29.023770 0.916450 -0.366803 -0.092190 -0.130679
205.800000000 -70.468079 -16.559282 -29.295599 0.913771 -0.369621 -0.083229 -0.146547
205.900000000 -70.485806 -16.554725 -29.387304 0.916779 -0.367892 -0.089089 -0.127419
206.000000000 -70.513803 -16.589203 -29.401804 0.919191 -0.366397 -0.096106 -0.107729
206.200000000 -70.555042 -16.668345 -29.431064 0.923106 -0.362123 -0.108920 -0.069851
206.400000000 -70.579015 -16.724858 -29.405233 0.921484 -0.364158 -0.102782 -0.087704
206.500000000 -70.595014 -16.721537 -29.446905 0.920768 -0.365233 -0.101079 -0.092594
207.200000000 -70.749498 -16.919669 -29.554486 0.922157 -0.364612 -0.109724 -0.068155
207.400000000 -70.668784 -16.586684 -30.178352 0.917171 -0.368763 -0.094320 -0.117962
207.500000000 -70.678491 -16.497368 -30.412734 0.918713 -0.367772 -0.100186 -0.103313
207.600000000 -70.685377 -16.454115 -30.560937 0.916687 -0.369023 -0.095675 -0.119809
207.700000000 -70.710479 -16.455828 -30.662507 0.918141 -0.367978 -0.099664 -0.108055
208.900000000 -71.069877 -17.087345 -30.413573 0.916041 -0.335823 -0.163418 0.146240
209.000000000 -71.185158 -17.146198 -30.730786 0.919968 -0.340868 -0.155452 0.115334
209.200000000 -71.455494 -17.155112 -31.487078 0.922921 -0.347376 -0.144500 0.081651
209.400000000 -71.626201 -17.195710 -31.876441 0.910124 -0.329458 -0.172284 0.182892
209.700000000 -71.874510 -17.315694 -32.313165 0.911758 -0.332238 -0.167910 0.173555
209.900000000 -72.061272 -17.359310 -32.988907 0.917676 -0.335602 -0.157671 0.142768
210.100000000 -72.354208 -17.361388 -33.902214 0.920793 -0.339045 -0.148953 0.122481
210.200000000 -72.481393 -17.395732 -34.342787 0.913869 -0.329063 -0.164174 0.172070
210.400000000 -72.675114 -17.475293 -34.771985 0.918617 -0.335523 -0.155401 0.139348
210.600000000 -72.919628 -17.508319 -35.474499 0.921049 -0.339219 -0.148837 0.120191
210.700000000 -73.110113 -17.503876 -36.097654 0.918689 -0.336316 -0.153829 0.138704
210.900000000 -73.218937 -17.582630 -36.256305 0.916592 -0.333597 -0.157612 0.154045
211.100000000 -73.374397 -17.681530 -36.575485 0.921561 -0.340732 -0.146384 0.114887
211.200000000 -73.443880 -17.711268 -36.702336 0.920917 -0.340060 -0.148028 0.119829
211.300000000 -73.663141 -17.750082 -37.315103 0.925554 -0.352027 -0.128917 0.052985
211.500000000 -73.641496 -17.913228 -36.823853 0.910428 -0.327749 -0.167823 0.188512
211.800000000 -73.347698 -17.898209 -35.986672 0.891291 -0.306363 -0.185926 0.277802
212.000000000 -73.410313 -17.981671 -35.914220 0.891424 -0.306570 -0.185164 0.277654
212.200000000 -73.626257 -18.138032 -36.302313 0.903804 -0.318612 -0.173782 0.226770
212.500000000 -74.104020 -18.340510 -37.301165 0.904300 -0.320708 -0.172304 0.222932
212.600000000 -74.211391 -18.417712 -37.459236 0.903439 -0.319987 -0.173650 0.226390
212.800000000 -74.323999 -18.533948 -37.532651 0.903650 -0.320821 -0.173094 0.224785
213.100000000 -74.579277 -18.698037 -37.907448 0.908811 -0.326891 -0.165300 0.199703
213.200000000 -74.718013 -18.768738 -38.192698 0.909908 -0.328168 -0.164111 0.193498
213.300000000 -74.449313 -18.794436 -37.317833 0.899126 -0.316770 -0.178947 0.243325
213.800000000 -73.709955 -18.528319 -35.516690 0.841247 -0.272659 -0.220366 0.411582
214.000000000 -73.867429 -18.680339 -35.621242 0.848959 -0.277592 -0.215146 0.394872
214.200000000 -74.223324 -18.974556 -36.043920 0.868280 -0.291287 -0.202082 0.346994
214.300000000 -74.216685 -18.999840 -35.945513 0.858471 -0.283232 -0.208092 0.373504
214.400000000 -74.250245 -19.033473 -35.896946 0.861771 -0.286102 -0.205141 0.365258
214.800000000 -74.429474 -19.331624 -35.873808 0.802407 -0.245698 -0.236994 0.489500
215.100000000 -74.159818 -19.282817 -35.270021 0.740980 -0.207736 -0.259230 0.583604
215.300000000 -74.246648 -19.410598 -35.203428 0.753862 -0.213580 -0.253384 0.567338
215.400000000 -74.307893 -19.492180 -35.218219 0.757367 -0.215058 -0.252405 0.562527
215.500000000 -74.468407 -19.720537 -35.313867 0.780011 -0.225792 -0.244100 0.530109
215.700000000 -74.610984 -19.907468 -35.293187 0.764987 -0.215993 -0.249576 0.553040
216.300000000 -74.321414 -19.403120 -35.494449 0.652560 -0.148528 -0.273888 0.690717
216.500000000 -74.347645 -19.485529 -35.418287 0.659946 -0.150939 -0.272266 0.683783
216.600000000 -74.375082 -19.529777 -35.390141 0.654731 -0.147502 -0.272880 0.689280
217.100000000 -74.723621 -20.081300 -35.324830 0.662568 -0.146279 -0.271552 0.682544
217.200000000 -74.900627 -20.302852 -35.351907 0.676633 -0.153652 -0.268738 0.668086
217.600000000 -75.087357 -20.613428 -35.289220 0.653853 -0.137918 -0.273802 0.691728
217.700000000 -75.116215 -20.664494 -35.230861 0.637380 -0.129188 -0.276608 0.707492
218.100000000 -75.440043 -21.101557 -35.191066 0.645721 -0.133137 -0.275300 0.699663
218.400000000 -75.713516 -21.442547 -35.156975 0.658833 -0.141580 -0.273170 0.686493
218.500000000 -75.767332 -21.516317 -35.116109 0.652370 -0.137663 -0.273980 0.693107
218.800000000 -75.878629 -21.691779 -35.095371 0.678427 -0.150799 -0.269316 0.666682
219.400000000 -76.319616 -22.216782 -34.975999 0.668535 -0.150359 -0.272431 0.675451
219.500000000 -76.483377 -22.383329 -34.974264 0.667495 -0.150594 -0.271445 0.676823
219.700000000 -76.664080 -22.581307 -34.961168 0.675535 -0.156469 -0.269491 0.668240
220.600000000 -74.961042 -20.849927 -34.339300 0.611724 -0.114265 -0.288021 0.727861
220.800000000 -75.212648 -21.177580 -34.385249 0.589829 -0.101227 -0.291769 0.746141
220.900000000 -75.340843 -21.326881 -34.413135 0.586317 -0.099520 -0.292455 0.748865
221.600000000 -73.573793 -18.357002 -35.262365 0.814860 -0.105020 -0.161065 0.546838
221.700000000 -73.386159 -18.199470 -35.461816 0.827611 -0.097946 -0.155093 0.530483
222.700000000 -71.726022 -19.426350 -35.011989 0.601522 0.460105 0.103802 0.644748
223.000000000 -71.356258 -19.925624 -35.157649 0.609817 0.459857 0.101210 0.637504
223.200000000 -71.091271 -20.160340 -35.175842 0.603303 0.459495 0.106408 0.643091
223.300000000 -70.998164 -20.226270 -35.153169 0.596170 0.459336 0.112160 0.648854
223.400000000 -70.910717 -20.269850 -35.116548 0.590153 0.458880 0.116139 0.653957
223.600000000 -70.685587 -20.548100 -35.212385 0.602951 0.459837 0.107735 0.642956
224.500000000 -69.580102 -21.967899 -35.672881 0.640682 0.459889 0.085831 0.608820
224.900000000 -69.045259 -22.551773 -35.794108 0.617998 0.460040 0.107115 0.628465
225.100000000 -68.762867 -22.837956 -35.846887 0.630386 0.460279 0.098520 0.617293
225.200000000 -68.711170 -22.834313 -35.827668 0.629285 0.461373 0.098684 0.617573
225.300000000 -68.614423 -22.964348 -35.879479 0.650117 0.460892 0.082168 0.598477
225.500000000 -68.326937 -23.242169 -35.940017 0.643593 0.462231 0.088765 0.603532
225.600000000 -68.215850 -23.345260 -35.958155 0.651700 0.462000 0.081930 0.595928
225.800000000 -67.909213 -23.550964 -35.962346 0.644495 0.462976 0.085601 0.602454
225.900000000 -67.805700 -23.741447 -36.094598 0.666867 0.463342 0.068567 0.579569
226.100000000 -67.630916 -23.814278 -36.058175 0.567649 0.461069 0.143266 0.666832
226.300000000 -68.116835 -23.581567 -36.229796 0.531670 0.458138 0.168016 0.692248
226.500000000 -67.854390 -23.815407 -36.182054 0.539213 0.458488 0.165246 0.686827
226.600000000 -67.751162 -23.872658 -36.164338 0.540897 0.458388 0.163626 0.685957
226.800000000 -67.456881 -24.093949 -36.166926 0.542841 0.459750 0.162565 0.683759
227.000000000 -67.228099 -24.240874 -36.132936 0.540841 0.459740 0.163788 0.685057
227.100000000 -67.098704 -24.335571 -36.117894 0.543084 0.459833 0.162252 0.683584
227.300000000 -66.858563 -24.517278 -36.109901 0.528854 0.459369 0.172278 0.692541
227.400000000 -66.769738 -24.575833 -36.102911 0.541747 0.460596 0.163364 0.683866
227.600000000 -66.511453 -24.768794 -36.123824 0.497587 0.456219 0.192786 0.712113
227.800000000 -66.217829 -25.004907 -36.127500 0.460296 0.450823 0.217105 0.733316
228.000000000 -65.936617 -25.231632 -36.109400 0.443746 0.446936 0.227652 0.742639
229.500000000 -65.616880 -27.223229 -38.409440 0.753137 0.453358 -0.014261 0.476495
230.300000000 -65.012277 -28.142798 -38.909302 0.734287 0.455753 0.007179 0.503050
230.500000000 -64.989108 -28.398421 -39.167064 0.743718 0.454067 -0.001965 0.490615
230.700000000 -64.862596 -28.616698 -39.315443 0.750767 0.453165 -0.009509 0.480521
230.900000000 -64.726083 -28.839834 -39.449337 0.749805 0.452812 -0.008307 0.482374
231.100000000 -64.588431 -29.065121 -39.598352 0.755086 0.452254 -0.013661 0.474473
231.700000000 -64.257491 -29.726437 -40.092895 0.765938 0.450245 -0.025460 0.458225
232.500000000 -63.899623 -30.761284 -40.931008 0.785625 0.444877 -0.045590 0.427550
232.600000000 -63.877832 -30.855539 -41.005113 0.789253 0.443790 -0.050062 0.421455
233.200000000 -65.429913 -30.533357 -41.944681 0.711570 0.452390 0.044734 0.535733
233.300000000 -65.256519 -30.692453 -41.909832 0.720659 0.451507 0.036714 0.524828
233.400000000 -65.152886 -30.918340 -42.020694 0.728778 0.450741 0.030762 0.514557
233.500000000 -65.010813 -31.198664 -42.140953 0.738231 0.449335 0.023565 0.502551
233.600000000 -64.907609 -31.435142 -42.271842 0.747374 0.447751 0.015302 0.490630
234.300000000 -66.463114 -31.684081 -44.255289 0.743764 0.245027 0.144419 0.604913
234.400000000 -66.295417 -31.899336 -44.078358 0.768916 0.243519 0.125167 0.577755
234.600000000 -70.088947 -31.436162 -49.152532 0.286022 0.746309 -0.110102 0.590840
234.800000000 -72.071959 -33.891258 -50.489452 0.248547 0.739156 0.020323 0.625667
234.900000000 -71.973620 -34.042573 -50.512795 0.279320 0.741471 -0.010631 0.609990
235.000000000 -71.312708 -34.382279 -50.540520 0.246516 0.750476 0.039345 0.611938
235.200000000 -69.939772 -34.349500 -50.313125 0.002269 0.716146 0.303950 0.628287
235.400000000 -69.155087 -34.430740 -50.124291 -0.120694 0.660938 0.432938 0.600965
235.500000000 -68.832838 -34.225936 -49.982255 -0.112896 0.664331 0.431083 0.600072
235.800000000 -65.015350 -33.170804 -48.713938 -0.042508 0.553196 0.510806 0.656692
236.500000000 -60.276115 -33.510979 -42.360328 -0.151770 0.339244 0.357640 0.856722
236.700000000 -60.143288 -33.397448 -41.865289 -0.175822 0.328617 0.366313 0.852591
236.800000000 -60.114863 -33.438595 -41.779183 -0.165230 0.334310 0.362473 0.854137
237.100000000 -59.731472 -32.971643 -40.569597 -0.169383 0.319558 0.369174 0.856098
237.300000000 -59.475943 -32.954372 -40.013832 -0.137158 0.318617 0.362633 0.864967
237.600000000 -59.451727 -32.545334 -38.231684 -0.081180 0.395584 0.337675 0.850235
237.700000000 -59.045509 -32.924546 -37.850452 -0.102997 0.390371 0.346534 0.846709
237.900000000 -58.457692 -32.521161 -36.772783 0.011420 0.419214 0.298205 0.857440
238.700000000 -54.445767 -31.848718 -35.272128 0.946367 0.041236 -0.048462 0.316767
238.800000000 -54.587233 -31.905181 -35.675963 0.956046 0.035027 -0.057541 0.285373
238.900000000 -54.697891 -31.976390 -36.037638 0.960502 0.035374 -0.059004 0.269635
239.900000000 -55.282706 -30.414865 -36.689554 0.990642 -0.008435 -0.104790 -0.087037
240.100000000 -55.443283 -30.200541 -37.199773 0.988461 -0.007320 -0.105594 -0.108353
240.700000000 -55.660771 -30.205174 -37.690764 0.987915 -0.008762 -0.106725 -0.112058
240.900000000 -55.774548 -30.046869 -38.098622 0.986941 -0.008488 -0.106809 -0.120280
241.300000000 -55.843127 -30.029694 -38.375402 0.985144 -0.009826 -0.107838 -0.133285
241.500000000 -55.911134 -29.951223 -38.743148 0.985821 -0.008338 -0.107369 -0.128686
242.000000000 -55.917776 -30.175400 -38.894767 0.987855 -0.009249 -0.109162 -0.110183
242.200000000 -55.940448 -30.148223 -39.172967 0.991313 -0.005521 -0.105826 -0.077909
242.300000000 -55.947950 -30.050286 -39.353037 0.988259 -0.007264 -0.108027 -0.107800
242.600000000 -55.989480 -29.990056 -39.764129 0.989748 -0.006485 -0.107303 -0.094040
242.700000000 -55.982993 -29.928843 -39.920902 0.989638 -0.005439 -0.108144 -0.094292
243.000000000 -55.960165 -29.900600 -40.333164 0.990232 -0.003008 -0.107262 -0.089029
243.600000000 -55.936147 -29.705780 -41.145234 0.988983 -0.002862 -0.107016 -0.102236
243.700000000 -55.940025 -29.641758 -41.306588 0.988902 -0.003016 -0.108446 -0.101506
244.000000000 -55.913819 -29.603136 -41.737629 0.989959 -0.000487 -0.106367 -0.093101
244.100000000 -55.899492 -29.582583 -41.844123 0.989437 -0.000963 -0.107612 -0.097126
244.300000000 -55.863158 -29.483308 -42.166886 0.989320 0.000364 -0.107371 -0.098580
244.500000000 -55.842844 -29.417898 -42.445817 0.989263 0.000517 -0.106672 -0.099902
244.600000000 -55.803139 -29.402552 -42.547654 0.988731 0.001432 -0.107267 -0.104419
245.200000000 -55.209423 -28.749577 -41.333555 0.986084 0.007341 -0.110604 -0.123899
245.300000000 -55.225311 -28.778236 -41.385904 0.987199 0.005723 -0.111320 -0.114077
245.400000000 -55.206162 -28.813790 -41.440208 0.987675 0.005836 -0.111216 -0.109975
245.800000000 -55.116137 -28.753307 -42.015200 0.989124 0.009253 -0.106723 -0.100785
246.000000000 -55.064941 -28.690322 -42.259927 0.986814 0.009553 -0.107311 -0.120794
246.800000000 -54.921899 -28.629604 -42.991180 0.970486 0.003689 -0.105063 -0.217039
247.200000000 -54.961264 -28.306995 -43.838932 0.975141 0.006118 -0.104908 -0.195082
247.700000000 -54.863282 -28.319733 -44.541083 0.975917 0.013473 -0.101532 -0.192605
247.800000000 -54.816684 -28.370317 -44.465311 0.971413 0.011654 -0.101565 -0.214257
249.300000000 -54.440220 -25.554243 -41.307671 0.834012 0.160294 -0.095623 0.519217
249.500000000 -54.428890 -25.821032 -41.469160 0.850366 0.158654 -0.097992 0.492041
249.600000000 -54.410469 -25.922819 -41.478958 0.850505 0.158782 -0.098024 0.491753
249.900000000 -55.172192 -26.742793 -40.932685 0.733242 -0.321165 0.117115 0.587787
250.200000000 -55.404219 -27.493122 -41.807628 0.433768 -0.570436 0.392742 0.576369
250.500000000 -54.933750 -26.564775 -43.079668 -0.299284 0.729119 -0.468582 -0.399055
250.800000000 -55.992945 -24.811115 -43.784237 -0.477329 0.812262 -0.311377 -0.124227
251.600000000 -58.929227 -23.008953 -46.153595 -0.268178 0.869264 -0.278568 -0.307995
252.300000000 -61.746227 -19.174938 -47.708523 0.236477 -0.797451 0.213320 0.512490
252.400000000 -61.879352 -19.245720 -47.846570 0.234496 -0.796472 0.214431 0.514454
252.500000000 -62.044145 -19.399530 -47.982435 0.232042 -0.795857 0.213448 0.516921
252.600000000 -62.306396 -19.624857 -48.213454 0.227474 -0.795729 0.216308 0.517960
252.700000000 -62.519090 -19.841747 -48.331860 0.229895 -0.793639 0.219562 0.518727
252.900000000 -63.461468 -18.935926 -48.839074 -0.175521 0.832444 -0.166242 -0.498592
253.200000000 -62.815878 -18.588988 -48.891356 0.289891 0.881542 -0.296454 -0.225749
253.300000000 -62.841552 -18.622490 -48.991755 0.289777 0.880947 -0.298296 -0.225791
253.500000000 -63.141971 -18.896087 -49.325003 0.288995 0.877109 -0.308226 -0.228382
253.800000000 -63.383806 -19.064317 -49.630893 0.288857 0.877124 -0.308184 -0.228556
253.900000000 -63.509017 -19.164553 -49.725644 0.288558 0.877698 -0.307299 -0.227921
254.200000000 -63.868577 -19.388511 -50.012817 0.286000 0.878229 -0.308811 -0.227055
254.300000000 -63.973417 -19.450451 -50.129362 0.286122 0.878858 -0.307646 -0.226045
254.600000000 -64.350487 -19.612294 -50.483306 0.285915 0.883072 -0.298613 -0.221963
255.100000000 -64.621093 -19.748612 -50.934665 0.291461 0.881699 -0.297214 -0.222083
255.300000000 -64.857420 -19.814815 -51.138627 0.290041 0.881063 -0.299312 -0.223643
255.600000000 -65.196311 -19.919897 -51.434800 0.289839 0.882932 -0.295246 -0.221934
255.800000000 -65.431261 -20.011277 -51.593828 0.287094 0.880436 -0.303809 -0.223853
255.900000000 -65.486373 -20.001101 -51.688984 0.286920 0.878127 -0.308966 -0.226074
256.000000000 -65.564677 -20.035826 -51.784955 0.289169 0.880294 -0.302234 -0.223872
256.900000000 -65.807847 -19.635168 -52.139943 0.297345 0.890412 -0.270351 -0.213687
257.100000000 -66.558877 -20.202155 -52.650734 0.285058 0.870166 -0.328504 -0.231597
257.200000000 -66.295346 -19.827011 -52.497989 0.293765 0.888383 -0.278546 -0.216539
257.300000000 -66.267641 -19.742374 -52.460700 0.291586 0.885207 -0.287915 -0.220208
257.400000000 -66.312739 -19.700018 -52.520428 0.293695 0.886733 -0.281367 -0.219726
257.500000000 -66.538325 -19.783260 -52.682513 0.285978 0.879585 -0.306068 -0.225541
257.600000000 -66.642275 -19.828680 -52.775344 0.290107 0.883136 -0.293655 -0.222881
258.000000000 -67.002656 -19.981897 -53.117786 0.291285 0.882246 -0.294824 -0.223326
258.100000000 -67.066654 -20.009972 -53.173900 0.290309 0.880543 -0.300084 -0.224307
258.400000000 -67.425708 -20.137468 -53.540653 0.289301 0.880128 -0.301269 -0.225649
258.700000000 -67.703731 -20.307000 -53.860051 0.289452 0.878545 -0.304411 -0.227397
258.800000000 -67.785504 -20.351249 -53.956299 0.291385 0.881015 -0.296759 -0.225480
258.900000000 -67.820203 -20.363041 -54.020229 0.291620 0.881864 -0.294603 -0.224686
259.400000000 -68.188717 -20.708600 -54.532234 0.287678 0.875536 -0.313305 -0.229169
259.700000000 -68.389907 -20.928650 -54.859312 0.286389 0.873390 -0.319222 -0.230802
259.900000000 -68.522430 -21.110681 -55.106870 0.285693 0.872735 -0.322166 -0.230050
260.000000000 -68.611478 -21.223894 -55.176314 0.283231 0.869370 -0.330794 -0.233563
260.500000000 -68.582229 -21.349325 -55.646091 0.289307 0.880628 -0.300881 -0.224201
260.600000000 -68.777501 -21.608682 -55.865601 0.286055 0.873385 -0.319662 -0.230624
261.100000000 -68.938898 -22.084188 -56.455094 0.283082 0.868167 -0.333783 -0.233963
261.400000000 -69.017530 -22.405267 -56.814909 0.280868 0.862133 -0.347621 -0.238744
261.600000000 -69.058699 -22.575238 -57.015262 0.277367 0.859556 -0.355232 -0.240916
261.800000000 -69.042925 -22.758749 -57.214485 0.280024 0.858205 -0.355754 -0.241887
262.200000000 -69.208495 -23.086144 -57.990117 0.284730 0.871010 -0.327377 -0.230424
262.400000000 -69.178126 -23.223486 -58.192257 0.288864 0.876903 -0.310880 -0.225726
262.600000000 -69.159619 -23.263610 -58.604387 0.278032 0.862924 -0.349374 -0.236638
262.800000000 -69.075088 -23.216148 -59.199536 0.307516 0.897474 -0.239978 -0.205876
263.100000000 -68.465162 -22.674786 -59.685185 0.358125 0.924133 0.013215 -0.132479
263.500000000 -67.630917 -22.220888 -59.822412 0.374389 0.911777 0.152448 -0.072491
263.600000000 -67.479823 -22.119964 -59.977897 0.373890 0.912745 0.146670 -0.074769
263.700000000 -67.478169 -22.186904 -60.186440 0.374841 0.912223 0.147815 -0.074123
263.900000000 -67.445885 -22.253839 -60.390178 0.372443 0.916653 0.116740 -0.086048
264.300000000 -67.309093 -22.257886 -61.117806 0.373895 0.914412 0.132442 -0.080695
264.400000000 -67.209183 -22.241874 -61.186976 0.374541 0.914600 0.129096 -0.080991
264.600000000 -67.124857 -22.264985 -61.416088 0.374939 0.913812 0.134866 -0.078612
264.800000000 -67.042352 -22.245346 -61.734654 0.376136 0.913325 0.132974 -0.081713
264.900000000 -66.990807 -22.212854 -61.913802 0.376193 0.913352 0.133544 -0.080210
265.100000000 -66.985210 -22.206189 -62.285309 0.375590 0.913061 0.138143 -0.078533
265.300000000 -66.925082 -22.135466 -62.561369 0.374197 0.914187 0.132517 -0.081713
265.900000000 -66.784579 -21.991649 -63.355548 0.368396 0.917889 0.117244 -0.089546
266.100000000 -66.784059 -21.917999 -63.731338 0.366724 0.918227 0.118193 -0.091674
266.200000000 -66.804038 -21.867504 -63.940146 0.365076 0.919681 0.112915 -0.090310
266.500000000 -66.731163 -21.858411 -64.241137 0.362641 0.921499 0.090045 -0.105943
266.800000000 -66.714927 -21.701105 -64.744648 0.362556 0.920921 0.100215 -0.102048
267.000000000 -66.745718 -21.647925 -65.007816 0.360746 0.921916 0.094483 -0.104909
267.200000000 -66.766807 -21.587976 -65.259512 0.359134 0.923349 0.082136 -0.108185
267.300000000 -66.778313 -21.535968 -65.437390 0.359629 0.923171 0.085090 -0.105741
267.400000000 -66.785116 -21.484052 -65.571240 0.360097 0.922708 0.091951 -0.102401
267.600000000 -66.815109 -21.400726 -65.843475 0.357356 0.924386 0.074885 -0.110449
268.000000000 -66.904559 -21.026773 -66.708678 0.345266 0.926335 -0.032770 -0.147038
268.200000000 -66.705776 -20.423507 -67.478165 0.353796 0.927321 -0.008040 -0.121816
268.400000000 -66.443072 -20.078725 -67.786695 0.395832 0.844370 0.341045 0.118508
268.500000000 -65.905178 -19.641495 -67.795451 0.399760 0.881265 0.237969 0.083267
268.700000000 -66.702149 -21.270983 -66.264872 0.404342 0.782301 0.439668 0.176651
269.100000000 -69.111856 -25.028464 -67.275125 0.201941 0.626801 0.743630 0.115563
269.200000000 -68.601435 -25.758222 -66.389218 0.192054 0.622121 0.752134 0.101860
269.400000000 -67.993605 -26.680756 -65.063299 0.237904 0.258939 0.924140 0.149394
269.500000000 -66.146092 -27.142102 -63.218422 0.251608 -0.015758 0.938863 -0.234482
269.900000000 -62.485873 -35.967688 -65.686703 0.329873 -0.116202 0.872961 -0.340029
270.000000000 -62.379829 -35.995210 -65.547189 0.323262 -0.093624 0.875456 -0.346862
270.400000000 -62.525695 -34.814243 -67.505703 0.254227 -0.138086 0.946434 -0.143400
270.700000000 -63.074822 -33.281843 -67.036761 0.257786 -0.120389 0.948471 -0.139480
270.800000000 -63.069877 -33.269841 -66.891175 0.264351 -0.119533 0.946924 -0.138439
271.200000000 -63.486176 -32.400775 -66.312636 0.259617 -0.126273 0.947027 -0.140692
271.300000000 -63.408776 -32.569206 -66.178930 0.260543 -0.119381 0.947255 -0.143436
271.600000000 -63.474309 -32.715993 -65.770034 0.265693 -0.127968 0.945090 -0.140845
271.700000000 -63.435436 -32.794458 -65.668165 0.269409 -0.132619 0.943133 -0.142587
271.800000000 -63.452937 -32.883420 -65.534385 0.271051 -0.103956 0.945425 -0.147974
272.200000000 -63.483444 -33.197045 -64.918817 0.298194 -0.197596 0.925540 -0.124148
272.300000000 -63.435864 -33.272281 -64.790792 0.312885 -0.200861 0.919874 -0.124861
272.400000000 -63.463453 -33.480914 -64.848976 0.301212 -0.092784 0.936894 -0.151303
272.800000000 -63.792425 -34.358298 -65.415197 0.307608 -0.082542 0.936251 -0.148320
272.900000000 -63.729683 -34.775621 -65.074888 0.296215 -0.091000 0.939794 -0.144091
273.200000000 -63.474534 -34.833101 -63.980971 0.264218 -0.115214 0.945308 -0.152667
273.300000000 -63.750983 -34.305633 -64.066486 0.311522 -0.085930 0.933027 -0.158208
274.000000000 -65.037411 -32.425443 -63.154966 0.252217 -0.250473 0.927558 -0.115262
274.300000000 -63.920487 -34.290022 -61.576021 0.248397 -0.357366 0.898929 -0.050145
274.600000000 -63.058303 -36.315630 -60.413625 0.238251 -0.440136 0.864488 -0.046663
274.800000000 -63.250713 -36.348213 -60.458095 0.246278 -0.439625 0.862491 -0.046759
274.900000000 -63.363855 -36.371989 -60.482092 0.239074 -0.434841 0.867002 -0.045439
275.200000000 -63.418273 -36.869543 -60.476387 0.309295 -0.449222 0.837028 -0.043815
276.100000000 -63.708883 -37.385763 -60.886895 0.424352 -0.412013 0.802395 -0.079577
276.600000000 -64.090633 -37.762136 -61.146571 0.308342 -0.414817 0.853308 -0.068689
276.800000000 -64.230872 -37.795617 -61.184786 0.307782 -0.430167 0.846144 -0.065322
276.900000000 -64.288487 -37.825049 -61.212819 0.298375 -0.445699 0.841907 -0.059310
277.100000000 -64.422035 -37.899024 -61.288150 0.292260 -0.451522 0.841178 -0.055966
277.200000000 -64.464346 -37.903576 -61.333714 0.288349 -0.471156 0.832106 -0.049663
277.400000000 -64.623433 -37.977005 -61.419736 0.285935 -0.442668 0.848029 -0.055972
277.700000000 -65.314887 -36.806049 -61.889568 0.249772 -0.382274 0.887826 -0.056962
278.000000000 -65.804915 -36.647077 -62.782856 0.250785 -0.379570 0.888893 -0.053870
278.200000000 -65.863809 -36.714482 -62.915020 0.249159 -0.368109 0.893971 -0.056845
278.300000000 -65.879491 -36.728409 -62.964673 0.244869 -0.367894 0.895253 -0.056696
278.400000000 -65.875421 -36.760188 -63.012221 0.249330 -0.361507 0.896485 -0.058832
278.700000000 -65.904466 -36.880216 -63.189025 0.236838 -0.355126 0.902439 -0.058281
279.300000000 -66.046294 -36.691279 -63.730730 0.237126 -0.363809 0.899027 -0.056258
279.400000000 -66.070399 -36.628574 -63.811752 0.242063 -0.367250 0.896355 -0.055498
279.700000000 -66.118044 -36.541861 -64.046403 0.249255 -0.359053 0.897622 -0.056807
279.800000000 -66.077429 -36.504307 -64.091634 0.248598 -0.373679 0.891984 -0.054101
279.900000000 -66.052873 -36.522680 -64.138733 0.249494 -0.369862 0.893261 -0.055130
280.000000000 -66.050315 -36.508029 -64.209908 0.246775 -0.370493 0.893852 -0.053533
280.100000000 -66.034901 -36.446938 -64.297797 0.251515 -0.381413 0.887999 -0.052174
280.200000000 -66.073002 -36.406443 -64.387098 0.248120 -0.395631 0.883095 -0.045336
280.300000000 -66.061669 -36.454869 -64.428592 0.254501 -0.385467 0.885642 -0.047770
280.400000000 -66.054948 -36.477727 -64.473532 0.257487 -0.382048 0.886248 -0.047997
280.700000000 -66.924974 -35.646987 -65.807740 0.357135 -0.434407 0.824799 -0.058746
280.900000000 -66.807691 -35.544815 -66.311050 0.270345 -0.188634 0.932152 -0.149743
281.000000000 -66.831553 -35.519004 -66.460175 0.288954 -0.201122 0.924421 -0.146632
281.100000000 -66.852253 -35.479102 -66.382469 0.308423 -0.283225 0.900329 -0.118606
281.300000000 -66.752696 -35.427717 -66.269286 0.318517 -0.281903 0.897428 -0.117051
281.500000000 -66.811504 -35.238128 -66.434034 0.285788 -0.222090 0.922645 -0.133147
281.600000000 -66.809608 -35.213311 -66.485784 0.289777 -0.250549 0.915336 -0.124156
281.700000000 -66.791949 -35.154617 -66.412964 0.308408 -0.297912 0.897018 -0.107203
281.800000000 -66.789832 -35.096490 -66.557797 0.289064 -0.252336 0.915322 -0.122286
281.900000000 -66.876438 -34.998066 -66.874557 0.280851 -0.220384 0.924516 -0.133503
282.200000000 -66.801939 -34.815842 -66.905832 0.267847 -0.181194 0.935577 -0.141851
282.500000000 -66.393550 -34.837784 -66.004857 0.331810 -0.277068 0.895940 -0.102111
282.700000000 -65.767390 -34.967632 -65.288901 0.318435 -0.294515 0.896002 -0.095087
282.800000000 -65.755878 -34.867080 -65.290679 0.318336 -0.310995 0.891081 -0.088990
283.000000000 -65.687025 -34.695739 -65.289164 0.321924 -0.319867 0.886670 -0.088693
283.100000000 -65.687994 -34.619101 -65.340998 0.318577 -0.302992 0.893278 -0.093590
283.200000000 -65.696587 -34.586240 -65.393579 0.317148 -0.296764 0.895789 -0.094398
283.300000000 -65.697446 -34.470294 -65.449872 0.318302 -0.305813 0.892448 -0.093267
283.400000000 -65.730848 -34.402244 -65.505414 0.317667 -0.301156 0.894197 -0.093828
283.500000000 -65.757726 -34.314531 -65.550440 0.317302 -0.298203 0.895266 -0.094302
283.600000000 -65.776839 -34.189561 -65.597882 0.316409 -0.294178 0.896665 -0.096626
283.700000000 -65.817329 -34.089690 -65.634148 0.316335 -0.295676 0.896389 -0.094844
284.100000000 -65.103322 -35.514086 -64.677092 -0.113147 -0.461639 0.862937 0.171543
284.400000000 -64.932767 -35.333853 -64.680614 -0.117046 -0.498160 0.842994 0.165826
284.800000000 -64.639970 -34.990569 -64.838577 -0.117586 -0.484874 0.850175 0.168147
284.900000000 -64.571241 -34.872536 -64.866933 -0.117100 -0.479469 0.852967 0.169837
285.200000000 -64.374581 -34.567602 -64.874118 -0.118065 -0.488839 0.847703 0.168808
285.400000000 -64.265359 -34.390805 -64.906787 -0.118474 -0.491369 0.846197 0.168730
285.700000000 -64.064507 -34.077629 -64.949766 -0.122256 -0.500227 0.840437 0.168798
285.800000000 -64.016717 -33.991295 -64.976137 -0.122378 -0.502502 0.839037 0.168917
285.900000000 -63.963277 -33.914960 -65.013484 -0.122604 -0.505294 0.837449 0.168302
286.100000000 -63.829838 -33.684093 -65.088152 -0.121929 -0.499893 0.840473 0.169841
286.400000000 -63.657713 -33.398629 -65.122183 -0.120865 -0.502123 0.839241 0.170113
286.600000000 -63.540087 -33.196672 -65.199804 -0.120557 -0.500609 0.840028 0.170909
287.000000000 -63.272281 -32.797221 -65.340766 -0.120073 -0.499251 0.840792 0.171466
287.200000000 -63.138449 -32.599742 -65.375013 -0.119805 -0.497958 0.841438 0.172237
287.600000000 -62.911140 -32.340104 -65.380110 -0.124009 -0.509004 0.834372 0.171345
287.700000000 -62.853712 -32.270636 -65.355217 -0.123269 -0.510312 0.833863 0.170469
287.900000000 -62.975456 -32.693983 -64.674461 -0.122758 -0.489412 0.846090 0.171870
288.300000000 -63.001575 -33.008122 -63.368113 -0.130061 -0.493909 0.841545 0.175898
289.100000000 -62.155597 -32.508350 -60.699791 -0.067955 -0.242048 0.948678 0.191844
289.600000000 -61.342258 -31.596345 -60.044842 -0.015128 -0.014556 0.980419 0.195802
289.800000000 -61.053386 -31.237371 -59.107188 -0.018246 0.007148 0.981297 0.191502
289.900000000 -60.965945 -31.175212 -58.964492 -0.019920 0.003257 0.981432 0.190747
290.100000000 -60.818593 -31.057201 -59.087461 -0.020140 0.005876 0.981245 0.191619
290.200000000 -60.772234 -31.087321 -59.091189 -0.024473 -0.014151 0.981121 0.191318
290.400000000 -60.699686 -31.120196 -59.598354 -0.017616 0.005398 0.981106 0.192591
290.700000000 -60.571912 -31.181952 -59.900017 -0.016618 0.000618 0.980933 0.193635
290.800000000 -60.554897 -31.225581 -59.916076 -0.024522 -0.032088 0.980200 0.193848
290.900000000 -60.522147 -31.278116 -60.125663 -0.017625 -0.007799 0.980688 0.194629
291.200000000 -60.290680 -31.073098 -60.096170 -0.027718 -0.049003 0.979401 0.193917
291.300000000 -60.325023 -31.269623 -60.482512 -0.019195 -0.015742 0.980515 0.194870
291.800000000 -60.711041 -31.441709 -60.942605 -0.083323 -0.083460 0.977881 0.172744
292.000000000 -60.550970 -31.453406 -60.984877 -0.080665 -0.054082 0.980020 0.173576
292.100000000 -60.051642 -31.100112 -60.668257 -0.154306 0.085455 0.973583 0.144995
292.800000000 -53.831403 -24.063168 -66.350142 0.421507 0.892721 -0.137999 0.079608
293.000000000 -54.394039 -23.392655 -62.980337 0.413409 0.895124 0.058041 0.156455
293.400000000 -56.616945 -24.177607 -59.786589 0.366163 0.822297 0.360280 0.244848
293.500000000 -56.670395 -24.229343 -59.746297 0.362384 0.818387 0.370260 0.248654
293.600000000 -56.703902 -24.274021 -59.698903 0.356411 0.810716 0.388306 0.254812
293.700000000 -56.766074 -24.330709 -59.592701 0.348128 0.800804 0.410843 0.262161
293.900000000 -57.142508 -24.198398 -59.895495 0.374163 0.781282 0.411214 0.283731
294.200000000 -55.193563 -24.165895 -60.029094 -0.006138 0.914201 0.300721 0.271599
294.300000000 -55.292220 -24.243712 -59.902793 -0.002709 0.917624 0.290401 0.271341
294.400000000 -55.388355 -24.288323 -59.795561 -0.002838 0.917518 0.291061 0.270992
294.600000000 -55.534623 -24.409761 -59.656790 -0.003197 0.916838 0.292618 0.271611
294.700000000 -55.616705 -24.484352 -59.594645 -0.002287 0.917766 0.290014 0.271280
295.000000000 -55.924107 -24.651518 -59.354264 -0.003409 0.916531 0.293785 0.271386
295.400000000 -56.367189 -24.835384 -59.067458 -0.001540 0.918427 0.287349 0.271881
295.500000000 -56.491318 -24.910657 -59.038922 -0.002255 0.918358 0.287610 0.271835
295.900000000 -56.969690 -25.094091 -58.750420 -0.001707 0.917723 0.289130 0.272371
296.100000000 -57.258233 -25.202185 -58.657337 -0.002719 0.917898 0.289989 0.270856
296.400000000 -57.686698 -25.350131 -58.486725 -0.001666 0.917854 0.289332 0.271712
296.500000000 -57.842879 -25.409563 -58.433785 -0.001357 0.918343 0.287527 0.271978
296.600000000 -57.993051 -25.491119 -58.403358 0.000654 0.920604 0.280555 0.271620
297.000000000 -58.585733 -25.654889 -58.225947 -0.000639 0.919042 0.284715 0.272577
297.100000000 -58.721358 -25.729889 -58.222947 0.000015 0.920095 0.281260 0.272614
297.200000000 -58.883257 -25.729301 -58.193792 -0.006078 0.914351 0.299095 0.272889
297.300000000 -59.010654 -25.757030 -58.179737 -0.006678 0.913508 0.301733 0.272792
297.500000000 -59.315653 -25.881598 -58.117668 -0.014011 0.906105 0.323043 0.272802
297.600000000 -59.470689 -25.933670 -58.112685 -0.007056 0.913825 0.300544 0.273034
297.700000000 -59.635480 -25.964990 -58.059653 -0.009817 0.911234 0.308013 0.273283
298.000000000 -60.032658 -26.003822 -58.078874 -0.013440 0.907497 0.318526 0.273514
298.200000000 -60.362769 -26.202193 -58.012129 -0.009264 0.912369 0.304365 0.273603
298.300000000 -60.554109 -26.283792 -57.913243 -0.010792 0.910203 0.309662 0.274816
298.400000000 -60.744034 -26.367474 -57.832316 -0.012800 0.908333 0.315357 0.274442
299.100000000 -61.269245 -26.524655 -58.394448 -0.000150 0.918034 0.284739 0.275930
299.200000000 -61.307889 -26.524054 -58.487161 -0.002664 0.914834 0.293832 0.277011
299.800000000 -62.297740 -26.802779 -57.882955 -0.058165 0.838047 0.469233 0.272240
300.100000000 -63.120437 -27.354773 -57.286051 -0.028327 0.889732 0.362250 0.276313
300.200000000 -63.178215 -27.465096 -57.309667 -0.019977 0.899664 0.337011 0.276819
300.400000000 -63.326627 -28.065072 -57.491434 -0.036542 0.883930 0.378240 0.272521
300.500000000 -63.205053 -28.090583 -57.801543 -0.005570 0.918097 0.284087 0.276335
300.800000000 -62.534604 -28.452757 -58.928100 0.082507 0.956178 -0.012720 0.280632
301.200000000 -61.989130 -29.568568 -60.104259 0.123862 0.938718 -0.155430 0.281618
301.500000000 -62.354771 -29.298058 -59.512953 0.116979 0.941715 -0.135283 0.284935
301.600000000 -62.419677 -29.322686 -59.450382 0.124043 0.936804 -0.163750 0.283190
301.700000000 -62.411550 -29.380317 -59.453885 0.128748 0.933998 -0.178965 0.281146
301.800000000 -62.336636 -29.537406 -59.585491 0.131772 0.931832 -0.188733 0.280544
302.300000000 -62.721807 -29.137385 -58.618680 0.084644 0.955584 -0.014350 0.281936
302.400000000 -62.671274 -29.192132 -58.671567 0.081391 0.955826 -0.004464 0.282405
302.500000000 -62.199892 -29.390762 -59.448141 0.091310 0.954530 -0.040182 0.280928
302.600000000 -61.696637 -29.737171 -60.381354 0.102806 0.951944 -0.083036 0.276294
302.700000000 -61.310747 -30.000727 -61.023056 0.105143 0.950774 -0.091148 0.276887
303.400000000 -58.895929 -29.861963 -63.184031 -0.129846 0.788970 0.565884 0.201102
303.700000000 -57.684674 -30.021558 -64.939981 -0.148048 0.719940 0.657172 0.167010
303.900000000 -57.496366 -29.855311 -64.986902 -0.154294 0.690795 0.688011 0.160112
304.000000000 -57.386818 -28.541883 -65.396345 -0.141591 0.730541 0.646635 0.167705
304.200000000 -55.573879 -26.343196 -66.375876 0.048372 0.757504 0.647210 0.070484
304.900000000 -52.954793 -21.401493 -62.314050 -0.319793 0.570156 0.617474 0.437470
305.200000000 -52.315915 -20.900204 -62.442273 -0.143249 0.591734 0.584572 0.536289
305.300000000 -52.203510 -20.802370 -62.421293 -0.148873 0.584952 0.591959 0.534090
305.400000000 -52.350050 -21.579601 -62.445295 -0.099107 0.637764 0.535052 0.545119
305.600000000 -51.426763 -23.418990 -61.674340 -0.538147 0.752448 0.191824 0.327754
305.700000000 -50.094557 -25.019321 -60.329821 -0.524934 0.760664 0.158186 0.347578
306.100000000 -46.992782 -27.520997 -58.425545 -0.572071 0.736027 0.265214 0.246293
306.200000000 -46.960926 -27.483865 -58.343520 -0.575387 0.732119 0.275755 0.238516
306.300000000 -46.869235 -27.297098 -58.473569 -0.577164 0.729487 0.284320 0.232147
306.600000000 -46.769005 -27.484951 -57.954068 -0.585750 0.718479 0.309179 0.212351
306.800000000 -46.747833 -27.607625 -57.567945 -0.574458 0.732211 0.278915 0.236793
307.100000000 -46.716517 -27.794096 -57.086408 -0.572991 0.734063 0.272238 0.242320
307.300000000 -46.670647 -27.908882 -56.774761 -0.576207 0.731137 0.280319 0.234191
307.500000000 -46.636224 -27.967248 -56.534860 -0.573280 0.733331 0.276040 0.239536
307.600000000 -46.606778 -27.980755 -56.386575 -0.577353 0.729165 0.287674 0.228529
307.800000000 -46.568135 -28.068401 -56.129566 -0.584724 0.719050 0.312439 0.208441
308.300000000 -46.510602 -28.330474 -55.629563 -0.586712 0.717223 0.313981 0.206824
308.400000000 -46.504652 -28.416853 -55.450586 -0.580466 0.725029 0.297828 0.220661
308.500000000 -46.479104 -28.462607 -55.321794 -0.580046 0.725314 0.298248 0.220262
308.800000000 -46.445341 -28.583588 -55.028884 -0.588049 0.713611 0.325429 0.197620
309.200000000 -46.381489 -28.762111 -54.753438 -0.596668 0.697612 0.357689 0.171415
309.300000000 -46.402226 -29.020522 -54.425716 -0.586149 0.715345 0.321860 0.202772
309.400000000 -46.379331 -29.051186 -54.365954 -0.585921 0.716267 0.319735 0.203539
309.600000000 -46.355088 -29.185124 -54.218886 -0.594768 0.702869 0.346336 0.179659
309.900000000 -46.356595 -29.460514 -53.884940 -0.586250 0.715228 0.322488 0.201897
310.000000000 -46.355223 -29.593521 -53.752983 -0.587661 0.713836 0.325122 0.198465
310.100000000 -46.347452 -29.706129 -53.649992 -0.588994 0.712244 0.327672 0.196026
310.500000000 -46.178693 -30.197189 -53.260544 -0.609347 0.671122 0.402435 0.127821
310.600000000 -46.218460 -30.306028 -53.160067 -0.609249 0.671692 0.401274 0.128940
311.300000000 -44.198701 -30.322705 -53.919428 -0.285900 0.705644 -0.267897 0.590389
311.400000000 -44.255630 -30.408343 -53.875124 -0.279310 0.701643 -0.276689 0.594244
311.700000000 -44.732647 -30.436527 -53.882229 -0.277232 0.701476 -0.278152 0.594731
311.800000000 -44.895116 -30.426659 -53.921614 -0.284341 0.704390 -0.270208 0.591585
311.900000000 -45.016087 -30.445575 -53.917067 -0.281425 0.703208 -0.273613 0.592819
312.300000000 -45.670292 -30.452027 -53.921798 -0.283480 0.704287 -0.269308 0.592530
312.400000000 -45.777929 -30.481828 -53.925090 -0.282870 0.704163 -0.270114 0.592602
312.500000000 -45.982078 -30.480163 -53.924078 -0.279257 0.702767 -0.273727 0.594313
312.800000000 -46.423738 -30.522010 -53.957490 -0.281026 0.702821 -0.271270 0.594542
313.000000000 -46.728063 -30.548819 -53.930820 -0.278176 0.702262 -0.272974 0.595761
313.700000000 -47.807670 -30.687309 -54.032762 -0.276165 0.698375 -0.276786 0.599495
313.800000000 -47.957866 -30.719938 -54.045009 -0.277143 0.699808 -0.275995 0.597735
313.900000000 -48.111297 -30.753452 -54.052193 -0.276756 0.698702 -0.276651 0.598904
314.100000000 -48.396912 -30.797347 -54.079118 -0.279116 0.698587 -0.274703 0.598839
314.300000000 -48.691310 -30.822598 -54.091137 -0.279164 0.698527 -0.273887 0.599260
314.600000000 -49.123952 -30.890191 -54.130300 -0.280238 0.698381 -0.273305 0.599195
314.800000000 -49.405422 -30.950918 -54.144760 -0.276944 0.696979 -0.277399 0.600476
314.900000000 -49.606237 -30.989555 -54.126133 -0.276047 0.695708 -0.278627 0.601793
315.000000000 -49.761252 -30.984323 -54.151639 -0.274437 0.694313 -0.280635 0.603206
315.100000000 -50.026325 -30.994459 -54.150851 -0.275217 0.693391 -0.279766 0.604314
315.500000000 -51.358815 -30.827513 -54.311166 -0.290376 0.698381 -0.259277 0.600601
315.600000000 -51.462688 -30.926864 -54.253969 -0.286066 0.695739 -0.265071 0.603201
315.700000000 -51.581228 -30.985428 -54.237511 -0.281496 0.692906 -0.271458 0.605766
316.200000000 -52.841835 -30.857177 -54.315856 -0.278274 0.692872 -0.269752 0.608050
316.500000000 -52.911516 -31.021156 -54.247924 -0.271447 0.689210 -0.279727 0.610786
317.100000000 -53.477369 -31.131928 -54.232581 -0.280050 0.693424 -0.271690 0.605739
317.200000000 -53.611925 -31.189281 -54.179334 -0.280179 0.693866 -0.271754 0.605144
318.000000000 -56.243183 -30.432219 -53.668280 -0.360980 0.658294 -0.225171 0.620999
318.500000000 -56.864324 -30.568496 -53.413251 -0.290968 0.627445 -0.305386 0.654515
318.700000000 -56.852909 -30.594750 -53.374725 -0.289308 0.625137 -0.308582 0.655959
318.900000000 -57.192561 -30.612821 -53.335786 -0.273840 0.616800 -0.324837 0.662609
319.400000000 -59.035976 -30.221151 -53.665400 0.006690 0.981499 -0.113674 0.153928
320.000000000 -61.103729 -28.622992 -53.185223 0.314679 0.886271 0.103102 -0.323836
320.200000000 -61.001000 -28.756833 -53.051384 0.301005 0.890086 0.063758 -0.336271
320.400000000 -60.949265 -28.805032 -53.032548 0.310875 0.887665 0.094047 -0.326438
320.600000000 -60.844772 -28.916537 -52.915297 0.315996 0.885504 0.112324 -0.321578
320.800000000 -60.734389 -29.081694 -52.766967 0.319893 0.883702 0.126307 -0.317469
320.900000000 -60.654598 -29.173834 -52.644445 0.319445 0.884067 0.125439 -0.317246
321.200000000 -60.445043 -29.418891 -52.346580 0.300824 0.890240 0.068558 -0.335078
321.300000000 -60.397859 -29.482686 -52.297406 0.309605 0.887636 0.096478 -0.327015
321.400000000 -60.316655 -29.535579 -52.221839 0.311349 0.886948 0.102132 -0.325505
321.500000000 -60.216958 -29.623422 -52.104172 0.316319 0.884873 0.117313 -0.321215
321.800000000 -59.973546 -29.840659 -51.808135 0.313095 0.885566 0.108600 -0.325501
322.200000000 -59.760500 -30.127606 -51.512653 0.302034 0.889529 0.077655 -0.333890
322.300000000 -59.667400 -30.183196 -51.428694 0.306828 0.887973 0.092806 -0.329770
322.500000000 -59.507242 -30.319097 -51.233988 0.312047 0.885937 0.110316 -0.324920
322.600000000 -59.423846 -30.391395 -51.149050 0.314539 0.884721 0.117897 -0.323162
322.700000000 -59.353544 -30.462468 -51.074042 0.314534 0.884599 0.118603 -0.323242
322.800000000 -59.246348 -30.553798 -50.921957 0.311518 0.886163 0.108330 -0.325479
322.900000000 -59.175984 -30.621214 -50.831226 0.310559 0.886559 0.105565 -0.326225
323.100000000 -59.101876 -30.703427 -50.761753 0.309557 0.887048 0.104796 -0.326095
323.800000000 -58.560529 -31.175944 -50.124268 0.309833 0.886654 0.107202 -0.326124
323.900000000 -58.476293 -31.281816 -50.008497 0.305254 0.888222 0.093432 -0.330382
324.300000000 -58.263329 -31.458443 -49.777379 0.321299 0.880652 0.147571 -0.315345
324.400000000 -58.123685 -31.618243 -49.570631 0.315769 0.883368 0.129316 -0.321290
324.500000000 -58.027593 -31.696424 -49.441713 0.311871 0.885321 0.116800 -0.324500
324.600000000 -57.954898 -31.769220 -49.350351 0.314556 0.884142 0.125923 -0.321700
325.200000000 -57.623438 -31.926971 -49.064693 0.327528 0.876441 0.169328 -0.309686
325.700000000 -57.264072 -32.338532 -48.492394 0.320157 0.880926 0.145065 -0.316900
325.900000000 -57.185438 -32.508871 -48.300724 0.323505 0.878839 0.158913 -0.312623
326.000000000 -57.021360 -32.598498 -48.050828 0.310766 0.885664 0.117587 -0.324342
326.100000000 -56.976211 -32.721080 -47.916260 0.313070 0.884544 0.126137 -0.321960
326.300000000 -56.811961 -32.838126 -47.622663 0.304031 0.888610 0.098081 -0.329116
326.400000000 -56.753156 -32.903606 -47.500373 0.306374 0.887662 0.105938 -0.327060
326.500000000 -56.651338 -32.952873 -47.358281 0.312031 0.884774 0.124534 -0.322958
327.100000000 -55.695151 -30.845220 -47.067305 0.315235 0.884035 0.152924 -0.309390
327.300000000 -55.624771 -31.017705 -46.772751 0.320948 0.879813 0.174133 -0.304301
328.600000000 -53.036586 -28.358041 -47.695664 0.263213 0.882484 -0.013820 -0.389550
328.800000000 -52.993506 -28.252395 -47.549666 0.274079 0.885004 0.016984 -0.375979
328.900000000 -52.702390 -26.468381 -48.799458 0.308854 0.879134 -0.049314 -0.359584
329.000000000 -50.971252 -24.549812 -53.019888 0.368402 0.885192 -0.144222 -0.244773
329.300000000 -50.530720 -28.949905 -59.144378 0.809985 0.426005 -0.400280 -0.047124
329.400000000 -49.951675 -29.589356 -60.124007 0.809416 0.454983 -0.371236 -0.004410
329.700000000 -49.659667 -29.329261 -60.125729 0.809602 0.465586 -0.357083 0.016328
330.100000000 -49.092894 -28.786107 -59.841221 0.809596 0.458368 -0.366676 0.001074
330.200000000 -48.958204 -28.616404 -59.737921 0.809206 0.453476 -0.373457 -0.008651
330.300000000 -48.861818 -28.525462 -59.717297 0.809803 0.457119 -0.367777 -0.000926
330.400000000 -48.718372 -28.424687 -59.709547 0.809394 0.459207 -0.366064 0.002834
330.500000000 -48.631589 -28.314401 -59.675749 0.809834 0.458704 -0.365721 0.002846
330.700000000 -48.410554 -28.069239 -59.610645 0.809977 0.454976 -0.370011 -0.005001
330.800000000 -48.272536 -27.973656 -59.570492 0.809907 0.460573 -0.363134 0.007473
331.000000000 -48.125984 -27.747533 -59.528921 0.810391 0.456489 -0.367263 -0.001414
331.200000000 -48.263400 -27.566913 -59.614850 0.810397 0.452576 -0.372011 -0.006337
331.300000000 -48.293087 -27.486446 -59.671443 0.810801 0.455217 -0.367940 -0.000053
331.400000000 -48.487804 -27.417340 -59.749271 0.811720 0.457000 -0.363615 0.006768
331.600000000 -48.815228 -27.341185 -59.980460 0.812761 0.454450 -0.364442 0.008784
331.700000000 -48.871303 -27.278125 -60.050428 0.812986 0.456519 -0.361175 0.014021
331.900000000 -48.874167 -27.069415 -60.031267 0.813224 0.451970 -0.366538 0.006269
332.100000000 -48.834417 -26.902340 -60.065329 0.813658 0.449342 -0.368843 0.002817
332.200000000 -48.558405 -26.784636 -59.948413 0.813646 0.459244 -0.355849 0.021143
332.500000000 -48.471771 -26.523571 -59.955380 0.812571 0.438436 -0.383654 -0.017675
332.800000000 -48.456492 -26.245813 -59.920994 0.813744 0.448127 -0.370135 0.001578
333.200000000 -48.256147 -25.915680 -59.852940 0.813269 0.454528 -0.363035 0.014291
333.300000000 -48.080101 -25.816869 -59.782838 0.812780 0.451709 -0.367824 0.007283
333.400000000 -47.595586 -25.708444 -59.570430 0.811898 0.457504 -0.362259 0.016737
334.000000000 -46.426423 -25.715046 -59.491216 0.775554 0.339275 -0.504395 -0.170281
334.400000000 -45.209627 -25.570242 -58.951071 0.748218 0.290840 -0.552171 -0.225143
334.700000000 -45.131634 -25.470898 -58.844191 0.734130 0.265542 -0.569486 -0.257344
334.800000000 -45.071957 -25.466539 -58.848126 0.735639 0.268443 -0.567357 -0.254715
335.100000000 -44.852141 -25.480477 -58.781492 0.732609 0.263576 -0.570831 -0.260698
335.200000000 -44.827332 -25.477041 -58.744983 0.725591 0.251614 -0.578256 -0.275369
335.300000000 -45.005376 -25.435540 -58.696096 0.711746 0.227726 -0.591440 -0.302916
335.700000000 -45.754537 -25.427369 -58.700095 0.737416 0.269378 -0.563567 -0.256995
335.900000000 -45.599536 -25.518999 -58.737376 0.772160 0.342562 -0.510642 -0.160203
336.100000000 -44.975666 -25.623196 -58.540481 0.775252 0.354067 -0.503376 -0.142243
336.500000000 -45.094480 -25.636860 -58.259576 0.737623 0.272927 -0.564419 -0.250708
337.400000000 -45.381478 -25.777741 -57.754746 0.738769 0.294509 -0.564462 -0.221061
337.500000000 -45.363986 -25.836828 -57.716809 0.753828 0.322591 -0.542588 -0.182417
337.800000000 -45.678603 -25.241947 -56.794805 0.763851 0.335348 -0.525754 -0.166301
338.400000000 -46.537442 -24.852110 -56.246237 0.798503 0.414728 -0.432296 -0.059277
338.500000000 -47.161281 -25.210083 -56.753948 0.804495 0.427085 -0.411143 -0.036723
338.800000000 -47.626377 -26.100358 -57.778476 0.803129 0.513835 -0.271941 0.130409
339.400000000 -47.530944 -27.578634 -59.185135 0.694938 0.597058 -0.016459 0.400389
339.700000000 -47.222805 -28.050767 -59.417193 0.614836 0.601705 0.096028 0.500705
340.000000000 -47.356578 -29.130361 -60.729563 0.696447 0.598689 -0.008725 0.395547
340.100000000 -47.619197 -29.208837 -60.863685 0.687008 0.599399 0.005355 0.410746
340.200000000 -47.625095 -29.342350 -60.999996 0.707255 0.596803 -0.024683 0.378162
340.300000000 -47.632983 -29.450767 -61.086126 0.714841 0.594940 -0.036478 0.365675
340.500000000 -47.499677 -30.072302 -61.724532 0.698190 0.597038 -0.006611 0.395011
340.600000000 -47.470227 -30.257078 -61.908593 0.707361 0.595407 -0.020092 0.380431
340.700000000 -47.528409 -30.251331 -61.884312 0.691506 0.597973 0.004095 0.405255
340.900000000 -47.575489 -30.252471 -61.822818 0.642170 0.601280 0.072245 0.469958
341.200000000 -47.758050 -30.131470 -61.607096 0.674741 0.599714 0.029044 0.429214
341.600000000 -48.119137 -30.832671 -62.584191 0.738335 0.585678 -0.071172 0.326767
341.800000000 -48.114291 -30.961992 -62.728598 0.721867 0.590268 -0.042660 0.358708
341.900000000 -48.011481 -31.053611 -62.808616 0.663575 0.598955 0.046208 0.445854
342.000000000 -47.966975 -30.889847 -62.607924 0.690180 0.596829 0.006774 0.409147
342.200000000 -48.331090 -30.734232 -62.407098 0.696391 0.594443 -0.001365 0.402088
343.500000000 -50.239516 -31.402174 -64.499682 0.755702 0.575778 -0.111749 0.291385
343.600000000 -50.272165 -31.394594 -64.467764 0.683441 0.593625 0.013036 0.424674
343.700000000 -50.315441 -31.283738 -64.339314 0.681722 0.593362 0.016009 0.427691
343.800000000 -50.341633 -31.633714 -64.925822 0.742260 0.581168 -0.084477 0.322734
344.400000000 -51.710818 -32.877793 -67.748732 0.785199 0.552132 -0.199299 0.197212
344.500000000 -51.679394 -32.707832 -67.530495 0.782259 0.555743 -0.190652 0.207056
345.000000000 -51.638191 -32.410187 -67.249387 0.778371 0.558575 -0.180776 0.222378
345.400000000 -51.600908 -32.069900 -66.947054 0.782404 0.554636 -0.194122 0.206251
345.900000000 -51.941691 -32.011698 -67.297826 0.791146 0.543903 -0.222679 0.169324
346.400000000 -52.221055 -31.962846 -67.570559 0.783158 0.554202 -0.196159 0.202596
346.500000000 -52.219015 -31.877490 -67.503634 0.784127 0.552911 -0.199581 0.199000
347.100000000 -52.923498 -32.028154 -68.372973 0.783009 0.554961 -0.197239 0.200032
347.200000000 -52.961412 -31.905807 -68.211281 0.789252 0.547373 -0.215153 0.176559
347.300000000 -52.830764 -31.647047 -67.772342 0.783123 0.554895 -0.194292 0.202636
347.400000000 -52.579160 -31.367911 -67.290297 0.787935 0.548937 -0.209640 0.184061
347.500000000 -52.438860 -31.133524 -66.932393 0.793730 0.540627 -0.230490 0.156812
347.600000000 -52.265450 -30.856222 -66.497754 0.788210 0.548174 -0.211545 0.182971
348.000000000 -51.580338 -31.034087 -66.637547 0.778044 0.559227 -0.175557 0.226036
348.200000000 -51.180319 -30.505987 -65.744094 0.753785 0.575829 -0.116815 0.294251
348.300000000 -51.024394 -30.055456 -65.069758 0.763080 0.571191 -0.136396 0.269900
348.400000000 -50.917358 -29.728545 -64.596557 0.767875 0.571270 -0.141787 0.252813
348.900000000 -51.171421 -29.560708 -64.698666 0.793174 0.547754 -0.214959 0.156947
349.000000000 -51.004863 -29.381829 -64.388474 0.757920 0.576772 -0.123988 0.278422
349.300000000 -52.202285 -29.097287 -64.700461 0.693183 0.593728 -0.013427 0.408416
349.400000000 -51.904596 -29.291360 -64.878272 0.693365 0.593545 -0.013366 0.408375
349.500000000 -51.973986 -29.021372 -64.524700 0.670728 0.595313 0.019988 0.441957
349.600000000 -52.046114 -28.783222 -64.272770 0.679681 0.594969 0.005684 0.428967
350.000000000 -52.675683 -28.570008 -64.272398 0.753664 0.579502 -0.123237 0.284570
350.100000000 -52.817196 -28.551406 -64.343996 0.755154 0.579144 -0.127437 0.279454
350.200000000 -52.611301 -29.092224 -65.060517 0.749519 0.581294 -0.114891 0.295159
350.500000000 -52.264790 -30.110470 -66.678030 0.630934 0.599220 0.066439 0.488307
350.600000000 -52.357501 -30.012252 -66.624283 0.554972 0.591186 0.153229 0.564824
350.700000000 -52.454796 -30.029209 -66.674769 0.588749 0.596152 0.115567 0.533499
350.800000000 -52.532866 -30.007897 -66.690337 0.603378 0.598093 0.097889 0.518302
350.900000000 -52.551532 -30.008506 -66.709513 0.593573 0.597285 0.108927 0.528258
351.100000000 -52.588695 -30.044352 -66.794825 0.587706 0.597561 0.114727 0.533255
351.300000000 -52.542044 -30.179532 -66.996235 0.602075 0.600146 0.096506 0.517703
351.900000000 -52.407476 -30.798506 -67.823241 0.620908 0.604032 0.067840 0.494991
352.000000000 -52.343329 -30.874118 -67.951344 0.611506 0.604745 0.077693 0.504289
352.500000000 -52.961467 -30.375551 -67.468854 0.539697 0.595415 0.157967 0.573808
353.000000000 -53.038738 -30.746291 -67.916617 0.599969 0.605472 0.086992 0.515629
353.300000000 -52.680049 -31.656807 -68.986854 0.643554 0.609456 0.027450 0.462222
353.400000000 -52.687689 -31.730841 -69.095970 0.594434 0.605682 0.086059 0.521911
353.600000000 -52.965015 -31.367241 -68.671190 0.553198 0.598998 0.133708 0.563290
353.800000000 -53.119073 -31.451343 -68.806429 0.610879 0.607145 0.065536 0.503892
354.000000000 -52.831477 -32.043523 -69.501166 0.650354 0.608835 0.009560 0.454168
354.200000000 -52.740948 -32.344269 -69.819587 0.597245 0.606444 0.075387 0.519463
354.300000000 -52.827949 -32.328862 -69.810610 0.591000 0.605796 0.082270 0.526272
354.400000000 -52.845889 -32.423868 -69.933753 0.604203 0.607645 0.065528 0.511285
354.500000000 -52.844565 -32.482279 -69.983925 0.597866 0.607088 0.072702 0.518376
354.900000000 -53.998055 -34.885475 -68.612477 0.592711 0.549589 -0.013111 0.588621
355.400000000 -55.407087 -35.835083 -66.483877 0.694819 0.452669 0.188684 0.526038
355.800000000 -55.256164 -36.154443 -66.434983 0.612181 0.414611 0.243417 0.627758
356.000000000 -55.473248 -35.993549 -66.670841 0.673032 0.438576 0.204197 0.559448
356.100000000 -55.357023 -36.149314 -66.807895 0.693896 0.440084 0.188133 0.537998
356.200000000 -55.333903 -36.203248 -66.874353 0.676648 0.434400 0.201759 0.559229
356.900000000 -57.254474 -32.152214 -67.758294 0.210243 0.359015 -0.615768 0.669131
357.300000000 -59.466712 -32.340836 -68.175262 0.314153 0.339890 -0.533553 0.707887
357.400000000 -59.374461 -32.145251 -68.286282 0.324328 0.332897 -0.536602 0.704308
357.500000000 -64.003703 -33.121496 -66.420694 0.347169 0.196015 -0.661868 0.634809
358.100000000 -73.246230 -21.223583 -56.656853 -0.498782 -0.045496 0.714597 -0.488361
358.300000000 -78.229619 -20.727647 -54.998051 0.466848 0.048851 -0.712307 0.521809
358.400000000 -78.229025 -20.795855 -54.991948 0.444970 0.078290 -0.712405 0.536984
358.700000000 -79.458518 -20.851406 -54.781369 -0.484972 0.022879 0.728035 -0.483986
359.400000000 -91.546714 -28.436266 -51.780854 0.878474 0.423918 -0.181494 0.125050
359.500000000 -91.512865 -28.454885 -51.776782 0.878635 0.421693 -0.187207 0.123000
360.300000000 -90.787966 -25.940234 -50.755822 0.699619 0.429048 -0.411718 0.396156
360.600000000 -92.212812 -25.487822 -50.793208 0.652494 0.457578 -0.428408 0.425841
360.800000000 -92.106387 -25.571174 -50.863709 0.660757 0.475406 -0.412842 0.408596
361.400000000 -92.136814 -26.784633 -51.348847 0.695772 0.424726 -0.439607 0.377165
361.600000000 -92.061125 -26.933366 -51.399361 0.682266 0.461012 -0.403543 0.398915
361.800000000 -92.001463 -27.172828 -51.487719 0.696003 0.451707 -0.413440 0.374977
361.900000000 -92.025139 -27.298388 -51.532774 0.690819 0.454097 -0.410958 0.384289
362.000000000 -92.009954 -27.414625 -51.577797 0.692725 0.458788 -0.405705 0.380853
362.100000000 -91.973022 -27.493040 -51.622136 0.690290 0.463256 -0.401094 0.384730
362.500000000 -92.352178 -27.563747 -51.373204 0.477103 0.612009 -0.512535 0.367594
363.100000000 -91.505611 -26.535534 -51.548915 0.456664 0.635465 -0.480090 0.396429
363.300000000 -91.505264 -26.893022 -51.642573 0.467478 0.616220 -0.502635 0.386129
363.400000000 -91.500655 -27.107777 -51.680710 0.472781 0.607151 -0.512890 0.380513
363.800000000 -91.521263 -27.907323 -51.884991 0.486891 0.591778 -0.531536 0.360840
364.400000000 -91.458998 -28.852108 -52.149741 0.490688 0.577258 -0.546000 0.357608
364.600000000 -91.372633 -28.912550 -52.191057 0.485796 0.584641 -0.537290 0.365400
364.700000000 -91.314966 -28.912334 -52.217311 0.487408 0.588723 -0.533801 0.361795
365.100000000 -90.517865 -27.634918 -52.277063 0.457036 0.633912 -0.477184 0.401956
365.200000000 -90.457454 -27.631841 -52.301674 0.462050 0.626240 -0.487073 0.396351
365.600000000 -90.671765 -28.162172 -52.331234 0.494582 0.576878 -0.545978 0.352858
365.700000000 -90.642461 -28.219788 -52.358257 0.499543 0.567798 -0.556217 0.344506
366.100000000 -90.707230 -28.611633 -52.439168 -0.522356 -0.517900 0.605401 -0.303997
366.200000000 -90.645530 -28.629978 -52.456999 -0.503813 -0.560975 0.563702 -0.337223
366.400000000 -90.712034 -29.083578 -52.507854 -0.510522 -0.545291 0.579493 -0.325904
366.800000000 -90.497996 -29.620846 -52.722918 0.497610 0.565276 -0.560553 0.344423
366.900000000 -90.334681 -29.362153 -52.741756 0.480417 0.595935 -0.526888 0.369391
367.100000000 -90.082558 -28.878295 -52.751804 0.467371 0.616562 -0.502787 0.385514
367.200000000 -90.074888 -28.879620 -52.769558 0.474978 0.603480 -0.519134 0.375109
367.400000000 -90.171879 -29.272758 -52.793116 0.491123 0.576277 -0.550123 0.352233
367.600000000 -90.092834 -29.252459 -52.823588 0.475822 0.602877 -0.520559 0.373030
367.900000000 -89.945675 -28.964462 -52.834244 0.465074 0.619568 -0.500916 0.385908
368.200000000 -89.853029 -28.930173 -52.859041 0.477140 0.598651 -0.527260 0.368717
368.300000000 -89.844204 -28.926557 -52.859148 0.476329 0.600819 -0.524888 0.369622
368.400000000 -89.812564 -28.903851 -52.869511 0.471113 0.608314 -0.516204 0.376219
368.600000000 -89.764711 -28.803735 -52.883932 0.469547 0.609957 -0.515204 0.376886
369.000000000 -89.673904 -28.714137 -52.902035 0.471938 0.605224 -0.522054 0.372072
369.200000000 -89.643369 -28.678339 -52.900505 0.469525 0.608934 -0.518091 0.374603
369.300000000 -89.628517 -28.682145 -52.910611 0.469190 0.609070 -0.518375 0.374409
370.000000000 -89.678190 -28.853426 -52.931577 0.463879 0.617012 -0.511076 0.378041
370.200000000 -89.672602 -28.792650 -52.944346 0.465279 0.615098 -0.514712 0.374489
370.800000000 -89.633719 -28.699340 -52.941536 0.467634 0.610314 -0.522823 0.368091
371.000000000 -89.565983 -28.572970 -52.940700 0.463136 0.617182 -0.515335 0.372854
371.200000000 -89.479398 -28.391788 -52.947062 0.458436 0.624307 -0.507450 0.377585
371.300000000 -89.490480 -28.365663 -52.938449 0.462045 0.618790 -0.514687 0.372438
371.400000000 -89.425343 -28.177418 -52.930500 0.455928 0.627606 -0.504244 0.379445
371.500000000 -89.387872 -28.088866 -52.934189 0.458884 0.623179 -0.510266 0.375103
371.700000000 -89.385506 -28.075262 -52.928776 0.463888 0.615406 -0.520504 0.367641
371.800000000 -89.350220 -28.073326 -52.921222 0.460364 0.621125 -0.513496 0.372276
372.000000000 -89.267939 -27.840055 -52.903352 0.456386 0.626879 -0.506979 0.376438
372.300000000 -89.449841 -28.272413 -52.899592 0.474359 0.597409 -0.542572 0.351713
372.700000000 -89.730396 -29.160310 -52.928993 0.476492 0.593194 -0.547723 0.347959
372.800000000 -89.837835 -29.354867 -52.906338 0.459185 0.620393 -0.515957 0.371551
372.900000000 -89.802339 -29.340993 -52.928922 0.454566 0.627162 -0.508265 0.376436
373.100000000 -89.926760 -29.812208 -52.962792 0.473348 0.598834 -0.541728 0.351952
373.200000000 -89.960205 -29.965456 -52.979028 0.460778 0.618668 -0.518912 0.368327
373.300000000 -89.956454 -29.901820 -52.974771 0.448360 0.635564 -0.498384 0.382943
373.400000000 -89.936864 -29.887314 -52.961635 0.454487 0.627629 -0.508122 0.375946
373.700000000 -90.019700 -30.337179 -52.991925 0.484305 0.579878 -0.562378 0.336036
374.000000000 -89.981376 -30.470698 -53.052679 0.451032 0.632580 -0.502604 0.379212
374.300000000 -89.834529 -30.223605 -53.059586 0.432688 0.657059 -0.470544 0.399553
374.400000000 -89.767724 -30.186550 -53.053292 0.447088 0.638047 -0.495500 0.384041
374.700000000 -90.222635 -31.240137 -53.030302 -0.521403 -0.499835 0.635472 -0.272908
374.800000000 -90.192511 -31.504121 -53.116493 0.453938 0.629808 -0.504857 0.377361
374.900000000 -89.811090 -30.796358 -53.136335 0.430898 0.660219 -0.465245 0.402474
375.000000000 -89.791791 -30.689705 -53.101744 0.456562 0.626610 -0.508978 0.373969
375.300000000 -90.297645 -31.692964 -53.076828 -0.524355 -0.495258 0.638255 -0.269076
375.500000000 -89.801060 -31.229727 -53.217596 0.433525 0.656703 -0.468953 0.401099
375.600000000 -89.617088 -30.928797 -53.220070 0.443667 0.644361 -0.485535 0.390147
375.700000000 -89.763205 -31.313709 -53.217475 0.471783 0.603648 -0.534660 0.356607
376.400000000 -91.078647 -33.387063 -53.038712 -0.529950 -0.486249 0.641888 -0.265886
376.500000000 -91.288101 -34.396842 -53.202333 -0.515241 -0.516933 0.618706 -0.290704
377.100000000 -90.086090 -36.562815 -53.937401 0.237710 0.810261 -0.114380 0.523343
377.200000000 -89.953638 -36.548871 -53.980531 0.218845 0.815099 -0.085435 0.529548
377.300000000 -89.771499 -36.691802 -54.097288 0.231064 0.812086 -0.104283 0.525596
377.500000000 -89.538137 -36.816849 -54.221043 0.238329 0.809911 -0.114864 0.523497
377.600000000 -89.423944 -36.895247 -54.291152 0.236277 0.810483 -0.111705 0.524225
377.700000000 -89.194887 -37.050074 -54.435818 0.242934 0.808242 -0.122722 0.522175
378.300000000 -88.494819 -37.425856 -54.833072 0.222919 0.813713 -0.090688 0.529107
378.400000000 -88.389921 -37.467654 -54.878502 0.232242 0.810825 -0.104787 0.526921
379.100000000 -86.789395 -38.705274 -55.819724 0.273736 0.795478 -0.168903 0.513570
380.000000000 -84.903018 -40.044260 -56.826746 0.240046 0.806398 -0.112000 0.528730
380.100000000 -84.620783 -40.126676 -56.946321 0.255368 0.800686 -0.135791 0.524643
380.200000000 -84.442629 -40.261049 -57.054242 0.253644 0.801076 -0.133221 0.525541
380.400000000 -84.089713 -40.510321 -57.238708 0.255638 0.800177 -0.135495 0.525363
380.900000000 -83.025308 -41.245895 -57.810586 0.250302 0.801236 -0.126048 0.528659
381.000000000 -82.787657 -41.382958 -57.923645 0.241885 0.803115 -0.113091 0.532643
381.100000000 -82.706741 -41.409407 -57.947697 0.245842 0.801628 -0.118594 0.531874
381.200000000 -82.644978 -41.420230 -57.979616 0.284926 0.787917 -0.178583 0.515861
381.300000000 -82.353867 -41.606708 -58.137561 0.275785 0.791732 -0.164081 0.519789
381.400000000 -82.167078 -41.729479 -58.237727 0.257350 0.798023 -0.135803 0.527719
381.600000000 -81.817927 -41.922954 -58.428645 0.236973 0.803311 -0.105098 0.536180
382.000000000 -81.019403 -42.435228 -58.853199 0.266797 0.794127 -0.149533 0.525186
382.100000000 -80.794026 -42.597124 -58.972204 0.285232 0.787129 -0.177711 0.517194
382.400000000 -81.098273 -42.700607 -58.929195 0.161421 0.814953 0.007895 0.556536
382.500000000 -81.037953 -42.620773 -58.923322 0.170527 0.813762 -0.005174 0.555595
382.600000000 -80.820379 -42.675917 -59.024275 0.195796 0.811257 -0.041718 0.549350
382.700000000 -80.655638 -42.718944 -59.093849 0.200891 0.810351 -0.049237 0.548225
383.000000000 -80.076125 -42.877803 -59.343114 0.214140 0.807724 -0.068015 0.545069
383.300000000 -79.883886 -42.878753 -59.410568 0.178611 0.812174 -0.016124 0.555168
383.500000000 -79.460999 -43.028373 -59.598170 0.204181 0.808834 -0.052478 0.548948
383.600000000 -79.409917 -43.017926 -59.609978 0.200628 0.809380 -0.047313 0.549921
383.700000000 -79.288893 -43.041120 -59.657259 0.200958 0.809586 -0.047519 0.549480
384.100000000 -78.834967 -43.086429 -59.825156 0.135745 0.812907 0.045267 0.564541
384.200000000 -78.748582 -43.145609 -59.860634 0.187388 0.811107 -0.027247 0.553398
384.300000000 -78.494847 -43.272993 -59.986534 0.203602 0.809143 -0.050748 0.548871
384.500000000 -78.176505 -43.336453 -60.110737 0.194699 0.809825 -0.037970 0.552118
384.600000000 -78.015424 -43.408563 -60.190506 0.200850 0.809157 -0.046880 0.550205
384.800000000 -77.844618 -43.401843 -60.240451 0.190524 0.810517 -0.031795 0.552949
385.200000000 -77.402056 -43.489954 -60.406936 0.182284 0.811220 -0.019666 0.555255
385.400000000 -77.158525 -43.594476 -60.512442 0.192341 0.810126 -0.034081 0.552756
385.600000000 -76.911036 -43.662472 -60.610987 0.202542 0.808666 -0.048348 0.550180
385.800000000 -76.813035 -43.672609 -60.654698 0.201115 0.808973 -0.046665 0.550399
385.900000000 -76.567387 -43.765067 -60.747670 0.201491 0.808864 -0.046665 0.550420
386.000000000 -76.461962 -43.776863 -60.787562 0.191617 0.810098 -0.032843 0.553123
386.100000000 -76.298042 -43.860411 -60.855846 0.198248 0.809384 -0.041743 0.551229
386.500000000 -75.832284 -43.972282 -61.031829 0.189190 0.810142 -0.028935 0.554112
386.600000000 -75.689571 -44.028157 -61.085392 0.196556 0.809050 -0.039391 0.552497
386.700000000 -75.519040 -44.096737 -61.149109 0.198246 0.808653 -0.041745 0.552300
386.900000000 -75.387145 -44.163278 -61.202288 0.182360 0.810141 -0.019103 0.556823
387.000000000 -75.217131 -44.215383 -61.267919 0.191246 0.809209 -0.031530 0.554628
387.300000000 -74.923404 -44.345704 -61.389824 0.176041 0.810563 -0.010225 0.558474
387.700000000 -74.364898 -44.509005 -61.607645 0.201922 0.807120 -0.046689 0.552815
388.200000000 -73.788301 -44.749510 -61.820975 0.186681 0.808706 -0.024686 0.557257
388.800000000 -73.089714 -44.972116 -62.130138 0.204672 0.806284 -0.051497 0.552597
388.900000000 -72.898616 -45.141658 -62.193437 0.202181 0.806345 -0.046824 0.553839
389.100000000 -72.713506 -45.140070 -62.267573 0.209362 0.805049 -0.057776 0.552020
389.200000000 -72.559810 -45.249603 -62.327297 0.194054 0.807323 -0.036008 0.556125
389.600000000 -72.564668 -44.981207 -62.334650 0.117432 0.811463 0.066592 0.568598
390.000000000 -71.899329 -45.255304 -62.594057 0.193133 0.807424 -0.036904 0.556241
390.200000000 -71.527517 -45.545818 -62.805453 0.192776 0.807978 -0.037898 0.555493
390.500000000 -71.108743 -45.755697 -62.989881 0.200023 0.806938 -0.047607 0.553693
390.600000000 -70.904980 -45.867909 -63.054905 0.198489 0.807321 -0.044710 0.553928
391.100000000 -70.550232 -45.766701 -63.178779 0.202602 0.806330 -0.051302 0.553311
391.200000000 -70.174241 -46.081940 -63.359927 0.206661 0.806181 -0.057035 0.551462
393.000000000 -64.671693 -48.029803 -56.652832 -0.140890 0.705321 0.193850 0.667154
393.300000000 -64.092350 -47.826666 -56.625566 -0.115854 0.710342 0.169331 0.673289
393.700000000 -63.452697 -47.551482 -56.616431 -0.104194 0.712327 0.158447 0.675743
393.800000000 -63.179913 -47.501930 -56.614256 -0.103333 0.712563 0.157713 0.675798
394.300000000 -63.083684 -48.276426 -56.594917 -0.184582 0.698458 0.235704 0.650023
394.600000000 -63.134739 -48.124690 -56.645963 -0.177005 0.700711 0.225754 0.653229
394.900000000 -62.840710 -47.856508 -56.653526 -0.180354 0.699630 0.228928 0.652367
395.100000000 -62.609907 -47.681050 -56.648269 -0.196037 0.695192 0.244626 0.646866
395.200000000 -62.486607 -47.623386 -56.640710 -0.197430 0.694637 0.246245 0.646425
395.700000000 -61.976751 -47.244704 -56.676382 -0.170669 0.702325 0.219217 0.655405
395.800000000 -61.794658 -47.162755 -56.672860 -0.194404 0.696118 0.242634 0.647114
396.200000000 -61.301479 -46.810343 -56.688816 -0.196189 0.695741 0.244116 0.646422
396.300000000 -61.224648 -46.744802 -56.674448 -0.208491 0.691991 0.256379 0.641833
396.700000000 -60.797087 -46.367809 -56.654082 -0.152329 0.706057 0.201849 0.661465
397.200000000 -60.196584 -45.962769 -56.565295 -0.158456 0.704507 0.207926 0.659794
397.300000000 -60.119493 -45.894810 -56.535672 -0.169885 0.701959 0.219223 0.655998
397.500000000 -59.808179 -45.709214 -56.500423 -0.162343 0.704361 0.210822 0.658084
398.100000000 -59.003365 -45.248489 -56.263952 -0.158785 0.705034 0.207483 0.659291
398.200000000 -58.969388 -45.122135 -56.225268 -0.164007 0.703524 0.212555 0.658010
398.600000000 -58.723205 -44.171999 -55.991391 -0.120841 0.712475 0.167449 0.670625
398.700000000 -58.607821 -44.056517 -55.935928 -0.119995 0.712925 0.166371 0.670567
399.000000000 -58.526824 -45.363181 -55.960942 -0.358816 0.626917 0.406857 0.559190
399.400000000 -57.839579 -46.990333 -55.672802 -0.565677 0.444386 0.598912 0.351901
399.900000000 -56.499291 -48.160816 -55.320769 -0.661176 0.247940 0.692744 0.146556
400.000000000 -56.695648 -48.158765 -55.186424 -0.666969 0.226251 0.698800 0.125064
400.300000000 -57.029114 -47.856140 -54.896898 -0.671835 0.204062 0.704771 0.101454
400.400000000 -57.117752 -47.761930 -54.802482 -0.665192 0.232569 0.697751 0.128740
400.500000000 -57.272760 -47.655795 -54.712179 -0.665966 0.228923 0.698781 0.125652
401.000000000 -57.487306 -48.189700 -53.187915 0.613385 -0.216417 -0.591739 -0.476202
401.100000000 -57.794634 -47.261156 -54.120247 -0.653169 0.271343 0.687177 0.165922
401.300000000 -58.652317 -46.198577 -54.164017 0.678727 -0.274520 -0.643632 0.222948
401.600000000 -59.053943 -46.078168 -53.514871 -0.687009 0.112121 0.712779 0.085984
401.800000000 -59.396089 -46.048576 -53.382855 -0.689979 0.070995 0.719008 0.043773
402.000000000 -59.895453 -46.859406 -53.546646 0.892564 -0.006856 -0.394850 0.217661
402.100000000 -60.047495 -46.916506 -53.528368 0.888099 0.004277 -0.393439 0.237629
402.200000000 -60.236170 -46.953196 -53.565914 0.883161 0.015551 -0.392207 0.256823
402.500000000 -60.796608 -45.034970 -53.655040 -0.607272 0.132351 0.718934 -0.311189
402.700000000 -60.181102 -45.272673 -53.515074 0.854610 -0.151266 -0.494328 -0.048989
403.200000000 -59.560244 -45.551537 -52.731766 -0.554729 0.458170 0.212816 0.661110
403.400000000 -59.264343 -45.849388 -51.930647 -0.428424 0.494357 0.121300 0.746559
403.500000000 -59.260543 -45.694092 -51.912216 -0.444205 0.493406 0.129173 0.736577
403.700000000 -58.901163 -45.360096 -51.746598 -0.428793 0.494410 0.118503 0.746762
403.900000000 -58.859309 -45.137784 -51.684225 -0.446383 0.492831 0.128505 0.735763
404.000000000 -58.828438 -44.989161 -51.657668 -0.462045 0.490915 0.137615 0.725658
404.100000000 -58.630479 -44.798199 -51.544552 -0.433815 0.494457 0.121226 0.743385
404.700000000 -57.061560 -43.797927 -51.319484 -0.409812 0.473700 0.186003 0.757010
405.100000000 -56.900173 -43.912706 -51.041345 -0.257201 0.487679 0.103513 0.827829
405.500000000 -56.910715 -44.192836 -50.838498 -0.065274 0.487672 0.003461 0.870576
405.600000000 -56.665958 -43.936480 -50.800791 -0.121306 0.492428 0.030930 0.861303
405.900000000 -56.202270 -41.262682 -53.132449 -0.668365 0.470142 -0.228941 0.529000
406.200000000 -56.184208 -42.296228 -54.577413 0.895614 -0.185293 0.402313 -0.041068
406.400000000 -56.493650 -42.312328 -53.199637 0.859118 -0.270411 0.434162 0.017259
406.900000000 -56.821275 -39.462000 -53.371881 0.867998 -0.074828 0.095232 0.481571
407.000000000 -56.780931 -39.432562 -53.383346 0.866522 -0.075103 0.095108 0.484204
407.300000000 -57.166066 -41.177127 -51.913798 0.827021 -0.367881 0.341389 0.253286
408.000000000 -59.390459 -43.645765 -52.458806 0.897146 -0.138369 0.392084 0.149174
408.200000000 -58.989877 -44.392551 -52.672860 0.875542 -0.183018 0.360020 0.265170
408.300000000 -60.083374 -44.701521 -50.688874 0.848460 -0.461407 -0.047724 -0.254835
408.400000000 -62.843217 -45.335132 -49.273314 0.866007 -0.453275 0.165661 -0.130883
408.500000000 -64.789975 -46.321441 -48.699343 0.823446 -0.427142 0.232150 -0.292562
408.600000000 -65.592449 -45.913816 -49.121726 0.650327 -0.581556 0.390190 -0.294312
408.700000000 -64.874014 -45.482584 -49.906889 -0.366396 0.854263 -0.263905 0.257571
409.200000000 -64.533821 -45.428565 -50.524457 -0.209152 0.718087 0.334389 0.573403
409.500000000 -65.274964 -44.664202 -50.427188 -0.074577 0.362222 0.555500 0.744750
409.600000000 -65.204204 -44.588621 -50.389771 -0.072338 0.363568 0.554645 0.744953
409.700000000 -65.123678 -44.514262 -50.358134 -0.068722 0.366048 0.553098 0.745230
409.900000000 -64.986839 -44.258974 -50.188524 -0.070710 0.363764 0.553811 0.745633
410.800000000 -64.376489 -43.271756 -49.325419 -0.084904 0.352607 0.562737 0.742824
410.900000000 -64.318011 -43.236268 -49.363379 -0.068787 0.364374 0.554969 0.744653
411.300000000 -64.040100 -42.855413 -49.030775 -0.066492 0.367031 0.554277 0.744072
411.400000000 -63.865675 -42.813440 -49.017720 -0.049844 0.379158 0.546177 0.745282
411.900000000 -63.676787 -42.201628 -48.452615 -0.080875 0.354077 0.561860 0.743238
412.100000000 -63.487773 -42.106050 -48.423998 -0.039380 0.385271 0.541305 0.746327
412.200000000 -63.424780 -42.057524 -48.403718 -0.014242 0.403047 0.528584 0.746960
412.700000000 -63.564984 -40.927203 -46.860628 -0.056783 0.368557 0.555659 0.743091
412.900000000 -63.309984 -40.749705 -46.689018 -0.073511 0.356144 0.562511 0.742522
413.000000000 -63.326155 -40.710745 -46.657439 -0.067988 0.359815 0.560018 0.743162
413.100000000 -63.248690 -40.623182 -46.546514 -0.078709 0.351238 0.565115 0.742349
413.400000000 -63.241251 -39.735672 -45.224395 -0.125004 0.306547 0.592331 0.734539
413.900000000 -63.478514 -38.952533 -44.373072 -0.425172 -0.046210 0.623351 0.654619
414.100000000 -64.188816 -38.810925 -44.132638 -0.507023 -0.131214 0.614317 0.590191
414.400000000 -68.947461 -38.473839 -44.449233 0.621629 0.533608 -0.376403 -0.432621
414.500000000 -72.240576 -39.414188 -46.891203 0.739178 0.445249 -0.410432 -0.294813
414.600000000 -73.016718 -40.950399 -48.646301 0.663491 0.574160 -0.463757 -0.122676
414.700000000 -72.246456 -41.945356 -50.687717 0.892891 0.392704 -0.218107 -0.030969
415.200000000 -71.203035 -48.400230 -51.979651 0.738638 -0.370600 0.366596 0.427406
415.300000000 -71.267906 -48.574452 -52.026081 0.719155 -0.386406 0.349561 0.459689
415.500000000 -71.235539 -48.838892 -52.128836 0.727539 -0.379745 0.356630 0.446426
415.600000000 -71.258840 -48.901192 -52.165607 0.721149 -0.384685 0.351368 0.456620
415.900000000 -71.235417 -49.290682 -52.334115 0.717390 -0.387749 0.348558 0.462072
416.000000000 -71.065006 -49.489383 -52.477353 0.736423 -0.372923 0.364892 0.430654
416.200000000 -71.145556 -49.678377 -52.510256 0.720710 -0.385969 0.350208 0.457120
416.400000000 -71.017796 -50.005577 -52.677405 0.728191 -0.380018 0.357434 0.444483
416.600000000 -70.880927 -50.303372 -52.813700 0.733623 -0.375970 0.361786 0.435379
416.900000000 -70.811903 -50.618229 -52.895846 0.734409 -0.374525 0.362133 0.435011
417.000000000 -70.765984 -50.726649 -52.920058 0.734015 -0.374512 0.361446 0.436257
417.100000000 -70.741853 -50.849851 -52.951402 0.732844 -0.375633 0.360226 0.438266
417.300000000 -70.738392 -51.037175 -52.959885 0.736541 -0.372721 0.363330 0.431945
417.400000000 -70.709422 -51.179245 -52.983684 0.733570 -0.374699 0.360378 0.437726
417.700000000 -70.851487 -51.225749 -52.876843 0.728202 -0.378009 0.354843 0.448238
418.300000000 -70.442176 -52.281193 -53.160811 0.734403 -0.374479 0.361344 0.435716
418.400000000 -70.288938 -52.504684 -53.259951 0.731685 -0.377208 0.358540 0.440229
418.500000000 -70.539265 -52.288256 -53.032539 0.725930 -0.380561 0.352819 0.451351
418.600000000 -70.431296 -52.532305 -53.100159 0.730825 -0.377483 0.356647 0.442950
418.700000000 -70.102134 -53.004326 -53.316483 0.738153 -0.371541 0.364273 0.429409
418.900000000 -69.941242 -53.341410 -53.382638 0.735452 -0.373065 0.363319 0.433510
419.000000000 -69.958675 -53.400356 -53.353692 0.735131 -0.373683 0.361787 0.434802
419.200000000 -69.902810 -53.610516 -53.356237 0.732046 -0.376538 0.359472 0.439440
419.300000000 -69.854010 -53.764296 -53.358132 0.733747 -0.375390 0.360299 0.436902
419.400000000 -69.817215 -53.882720 -53.327890 0.734673 -0.374699 0.360353 0.435891
419.500000000 -69.850805 -53.925307 -53.284474 0.733732 -0.374984 0.359533 0.437905
419.700000000 -69.717831 -54.234968 -53.335474 0.735278 -0.374452 0.360389 0.435054
419.900000000 -69.538275 -54.599777 -53.395009 0.735998 -0.373156 0.362314 0.433348
420.300000000 -69.351859 -55.098311 -53.406056 0.734575 -0.375049 0.359915 0.436118
420.400000000 -69.280807 -55.251963 -53.410405 0.735175 -0.374475 0.360225 0.435344
420.500000000 -69.259272 -55.348172 -53.416060 0.734699 -0.375075 0.359882 0.435913
420.600000000 -69.214716 -55.467256 -53.401307 0.735193 -0.374846 0.359061 0.435955
420.800000000 -69.172427 -55.696957 -53.379230 0.736685 -0.373681 0.360128 0.433550
421.100000000 -69.040970 -56.058097 -53.385770 0.734736 -0.374735 0.359173 0.436728
421.600000000 -68.961179 -56.532045 -53.316073 0.732277 -0.376989 0.355573 0.441834
422.000000000 -68.862297 -56.970005 -53.291310 0.730222 -0.377788 0.354039 0.445767
422.200000000 -68.764737 -57.236407 -53.352835 0.729742 -0.378806 0.352941 0.446559
422.300000000 -68.697662 -57.383752 -53.397540 0.728224 -0.380792 0.350564 0.449213
422.600000000 -68.543897 -57.816352 -53.471097 0.727248 -0.381202 0.350079 0.450823
422.700000000 -68.510161 -57.946133 -53.494544 0.727114 -0.381566 0.349810 0.450938
422.900000000 -68.335467 -58.361708 -53.649596 0.729921 -0.380525 0.351164 0.446207
423.000000000 -68.366541 -58.346977 -53.593192 0.724307 -0.384001 0.346447 0.455958
423.500000000 -68.282168 -58.931378 -53.676733 0.741124 -0.369646 0.361088 0.428617
423.700000000 -68.198309 -59.158419 -53.760954 0.718370 -0.387891 0.341295 0.465836
424.400000000 -67.969279 -59.890970 -53.998623 0.734849 -0.374302 0.354424 0.440771
424.500000000 -67.978368 -60.039717 -54.033978 0.729609 -0.378053 0.350278 0.449501
425.000000000 -67.452365 -60.732896 -54.531312 0.763848 -0.348246 0.380858 0.387568
425.800000000 -66.866387 -62.345555 -55.413943 0.778444 -0.334538 0.394541 0.355595
425.900000000 -66.797420 -62.607566 -55.567701 0.762690 -0.351711 0.379280 0.388265
426.000000000 -67.226784 -62.205644 -55.278963 0.727595 -0.381331 0.348676 0.451240
426.100000000 -67.176680 -62.135842 -55.274525 0.749316 -0.363506 0.366419 0.414880
426.200000000 -67.045960 -62.329506 -55.405289 0.760471 -0.353264 0.376496 0.393877
426.500000000 -67.060374 -62.719713 -55.591972 0.751026 -0.362536 0.367438 0.411725
426.600000000 -67.087494 -62.801703 -55.624872 0.752773 -0.360929 0.368967 0.408566
426.900000000 -67.007850 -63.130792 -55.874297 0.754470 -0.359422 0.370658 0.405220
427.200000000 -66.926930 -63.534412 -56.126250 0.758156 -0.356007 0.374292 0.397950
427.300000000 -66.898967 -63.634020 -56.197064 0.757327 -0.356367 0.373674 0.399783
427.600000000 -66.879618 -64.034886 -56.437129 0.758234 -0.355678 0.374432 0.397964
428.000000000 -66.764190 -64.471258 -56.773999 0.756254 -0.357982 0.372311 0.401637
428.300000000 -66.668396 -64.867328 -57.052114 0.759571 -0.354678 0.375843 0.394966
428.400000000 -66.651287 -64.987510 -57.141499 0.760398 -0.354480 0.375467 0.393908
428.500000000 -66.653284 -65.137402 -57.216541 0.761937 -0.353179 0.376507 0.391101
428.600000000 -66.622300 -65.261201 -57.308171 0.761549 -0.353238 0.376734 0.391583
428.700000000 -66.584630 -65.389052 -57.404319 0.763117 -0.351331 0.378656 0.388378
429.400000000 -66.154914 -65.355367 -58.123398 0.500051 -0.477676 0.198664 0.694484
429.500000000 -66.147420 -65.037197 -57.951694 0.728426 -0.384025 0.341129 0.453378
430.000000000 -66.941966 -65.294340 -57.601599 0.802664 -0.169536 0.560546 -0.113031
430.100000000 -66.884495 -65.379714 -57.753584 0.803966 -0.171248 0.558709 -0.110262
430.500000000 -67.041880 -64.312212 -57.979226 0.883803 0.297425 0.315727 -0.175350
430.800000000 -68.169119 -62.675256 -57.950469 0.903921 0.260185 0.281403 -0.189848
430.900000000 -69.311105 -62.197437 -57.288878 0.822033 0.325911 0.146221 -0.443468
431.100000000 -70.126892 -62.647977 -58.462863 -0.585355 -0.544213 -0.172338 0.575754
431.500000000 -70.308440 -61.864514 -60.334754 -0.290772 -0.674053 -0.313398 0.602401
431.600000000 -70.243135 -61.647898 -60.419712 -0.290601 -0.674678 -0.312650 0.602172
431.700000000 -70.380017 -61.494033 -60.530130 -0.285934 -0.676955 -0.306528 0.604991
431.800000000 -70.564606 -61.469240 -60.635267 -0.285438 -0.677269 -0.306039 0.605122
431.900000000 -70.643127 -61.375435 -60.737311 -0.285928 -0.677405 -0.305824 0.604847
432.100000000 -70.562175 -61.212039 -60.886803 -0.280866 -0.678297 -0.303134 0.607567
432.300000000 -70.814358 -60.938267 -61.104928 -0.283547 -0.677731 -0.304716 0.606160
432.400000000 -70.866878 -60.818044 -61.181389 -0.283259 -0.676465 -0.306310 0.606905
432.500000000 -70.968172 -60.691096 -61.333919 -0.282878 -0.678871 -0.301278 0.606915
432.700000000 -71.103090 -60.522801 -61.478664 -0.277720 -0.679661 -0.299495 0.609291
432.900000000 -71.282685 -60.289223 -61.688719 -0.278952 -0.679809 -0.299937 0.608345
433.200000000 -71.415694 -60.029302 -62.001941 -0.278907 -0.680502 -0.296519 0.609265
433.300000000 -71.610468 -59.832302 -62.066578 -0.277946 -0.680129 -0.297478 0.609653
433.400000000 -71.576156 -59.768974 -62.160140 -0.278142 -0.680457 -0.296622 0.609615
433.700000000 -71.307423 -61.216102 -63.336453 -0.247205 -0.734788 -0.362163 0.517508
433.800000000 -71.282774 -61.086955 -63.394109 -0.249856 -0.733272 -0.366073 0.515630
433.900000000 -71.207766 -60.932843 -63.454391 -0.251438 -0.732554 -0.367048 0.515188
434.100000000 -71.745137 -60.549476 -63.795244 -0.234072 -0.747109 -0.339952 0.521029
434.200000000 -71.957796 -60.306783 -63.922091 -0.229628 -0.750238 -0.333717 0.522539
434.300000000 -72.305876 -60.092223 -64.105327 -0.221958 -0.757197 -0.321488 0.523481
434.400000000 -72.714411 -59.714207 -64.285652 -0.171032 -0.791694 -0.242509 0.534002
434.500000000 -74.019033 -59.121264 -64.723107 -0.153135 -0.810313 -0.202067 0.528310
435.100000000 -72.631245 -57.539046 -63.958759 0.304851 -0.355538 0.873351 0.133854
435.500000000 -73.250030 -57.460451 -65.008811 0.198866 -0.011300 0.970607 0.135084
435.600000000 -72.535102 -57.073549 -64.220578 0.191016 -0.036513 0.970943 0.139459
435.700000000 -72.765614 -55.903765 -64.718020 0.492872 -0.025108 0.865797 0.082711
435.800000000 -74.076891 -55.155927 -64.425945 0.615182 -0.125176 0.774962 0.072912
436.000000000 -75.640890 -54.037816 -61.837404 0.983518 0.150556 -0.012501 -0.099344
436.100000000 -75.746179 -54.184394 -60.670200 0.839469 0.291832 -0.427885 -0.164440
436.200000000 -75.681953 -54.050989 -60.380000 0.814117 0.255248 -0.457304 -0.250869
436.800000000 -76.143803 -54.037454 -59.687045 0.849055 0.205334 0.409538 -0.263100
437.000000000 -76.451032 -55.064841 -59.316020 0.863927 0.264351 0.294247 -0.311716
437.100000000 -76.997107 -56.255505 -58.819105 0.874838 0.271537 0.254496 -0.310095
437.200000000 -78.605792 -58.457816 -57.946216 0.872519 0.304050 0.198696 -0.326780
437.400000000 -81.044109 -58.848651 -58.482272 0.515247 -0.332353 0.788584 0.046862
437.500000000 -82.193977 -57.823644 -59.254160 0.608321 -0.155084 0.777490 0.037459
437.800000000 -81.936535 -55.430044 -61.148295 0.005167 0.841313 -0.539940 0.025116
437.900000000 -81.666883 -54.305220 -60.161505 -0.141425 0.845244 -0.513107 -0.047775
438.000000000 -81.483992 -53.789476 -59.627708 0.271769 0.842260 -0.425266 0.189441
438.200000000 -81.950960 -54.858962 -59.033686 0.658874 0.379961 0.108246 0.640154
438.300000000 -81.718743 -56.617013 -58.625029 0.753615 0.275630 0.114673 0.585614
438.400000000 -81.606827 -56.704167 -58.740149 0.755959 0.275976 0.113940 0.582563
438.900000000 -81.562560 -57.665501 -58.573696 0.594459 -0.025062 0.527023 0.606826
439.000000000 -81.687754 -57.603716 -58.949104 0.594168 0.092945 0.419247 0.680116
439.100000000 -83.060832 -57.452751 -59.547746 0.778277 0.129211 0.165937 0.591654
439.300000000 -87.594800 -54.296909 -60.162585 0.024090 0.314823 -0.142173 0.938133
439.400000000 -89.612500 -54.359164 -59.873175 0.090087 0.481994 -0.082195 0.867647
439.500000000 -91.366905 -55.208515 -60.107565 0.003861 0.713126 -0.274357 0.645109
439.600000000 -91.879700 -55.179571 -59.913620 -0.083043 0.333479 -0.286475 0.894331
439.900000000 -93.325412 -56.162317 -60.259186 -0.328808 -0.438893 -0.405875 0.731111
440.000000000 -93.106835 -56.257208 -60.000164 -0.294113 -0.291266 -0.416036 0.809676
440.100000000 -93.234440 -57.314711 -60.679731 -0.465645 -0.553862 -0.336616 0.602579
440.200000000 -92.998255 -57.503404 -60.435337 -0.460588 -0.454991 -0.386518 0.656845
440.300000000 -92.799016 -58.373473 -60.586530 -0.549377 -0.496303 -0.348129 0.575043
440.600000000 -90.970731 -59.607061 -57.865304 0.197524 0.916377 -0.179536 0.298338
440.700000000 -93.427605 -58.425955 -56.900263 -0.061325 0.565565 -0.378111 0.730348
440.900000000 -97.845710 -59.641550 -61.576077 -0.119160 -0.112213 0.123784 0.978717
441.000000000 -97.819101 -61.779584 -63.382337 -0.109509 -0.359784 -0.023931 0.926278
441.600000000 -95.449838 -69.220834 -66.804345 0.224724 0.822946 0.509287 -0.113514
441.800000000 -95.325583 -73.468609 -66.227009 0.359856 0.741108 0.499967 0.267011
441.900000000 -95.349034 -73.335211 -66.200642 0.359555 0.744007 0.498008 0.262986
442.000000000 -95.365106 -73.173785 -66.101188 0.359296 0.745175 0.496148 0.263549
442.100000000 -95.087036 -72.888327 -65.822907 0.363854 0.754120 0.485516 0.251372
442.300000000 -95.149125 -72.654391 -65.774417 0.362046 0.741265 0.497750 0.267756
442.500000000 -94.654774 -72.221558 -65.803114 0.372845 0.746056 0.481478 0.269379
442.600000000 -94.431982 -71.991293 -65.779395 0.376461 0.749428 0.474821 0.266797
443.000000000 -94.346847 -71.434616 -65.555525 0.300846 0.708774 0.548069 0.326728
443.100000000 -94.375777 -71.373584 -65.490423 0.296679 0.696582 0.560139 0.336155
443.200000000 -94.277689 -71.175492 -65.414883 0.319928 0.728017 0.509147 0.329252
443.700000000 -93.787305 -72.293974 -63.546861 0.403738 0.669756 0.452933 0.428106
444.100000000 -93.348767 -71.851280 -62.179175 0.404465 0.678508 0.447801 0.418940
444.400000000 -92.983432 -72.155691 -60.679891 0.558154 0.576880 0.455707 0.384715
444.500000000 -92.950759 -72.131118 -60.584840 0.561153 0.582796 0.452474 0.375130
444.700000000 -92.970914 -72.078340 -60.438354 0.557393 0.573860 0.459410 0.385927
444.800000000 -92.954086 -72.060956 -60.373749 0.558678 0.570923 0.456989 0.391262
445.900000000 -93.045459 -72.137154 -59.523755 0.563019 0.577378 0.457294 0.374869
446.000000000 -93.311226 -72.183382 -59.471664 0.557672 0.567937 0.465360 0.387157
446.100000000 -93.272664 -72.163748 -59.445340 0.554460 0.570337 0.470605 0.381865
446.200000000 -93.266094 -72.190979 -59.362167 0.554540 0.564918 0.470068 0.390371
446.300000000 -93.266568 -72.188825 -59.316299 0.553935 0.568147 0.471514 0.384759
446.500000000 -93.310124 -72.263146 -59.155598 0.556160 0.574017 0.468277 0.376705
447.000000000 -93.154706 -72.499715 -58.992101 0.560306 0.575993 0.463957 0.372870
447.100000000 -93.172975 -72.555782 -58.921364 0.565265 0.582668 0.455943 0.364816
447.200000000 -93.012681 -72.560207 -59.016159 0.566592 0.589777 0.453401 0.354349
447.800000000 -92.847072 -72.916203 -58.939075 0.566813 0.591168 0.450786 0.355015
448.600000000 -93.845000 -73.545375 -58.363875 0.610082 0.664043 0.333752 0.274692
448.800000000 -93.857883 -73.618345 -58.303136 0.609553 0.671140 0.331193 0.261396
448.900000000 -93.858487 -73.691319 -58.211870 0.613894 0.676864 0.320360 0.249716
449.100000000 -93.936391 -73.892555 -58.230754 0.609816 0.668730 0.333949 0.263445
449.300000000 -93.957950 -74.017476 -58.244481 0.608818 0.669486 0.336162 0.261007
449.400000000 -93.972904 -74.063171 -58.245233 0.610163 0.673087 0.329644 0.256886
449.500000000 -94.049639 -74.137094 -58.268988 0.610758 0.675423 0.328464 0.250778
449.600000000 -94.173391 -74.208425 -57.955738 0.608663 0.673816 0.330509 0.257418
449.900000000 -94.271385 -74.445631 -57.771699 0.609184 0.676139 0.328906 0.252093
450.000000000 -94.302097 -74.524691 -57.783573 0.608257 0.674530 0.330788 0.256149
451.000000000 -91.202408 -74.149484 -58.583605 0.589868 0.438533 0.675775 0.055433
451.200000000 -91.336391 -74.344484 -58.600517 0.587538 0.439282 0.677332 0.055249
451.400000000 -91.429300 -74.514843 -58.666148 0.588021 0.438421 0.677190 0.058583
451.800000000 -95.096404 -75.980765 -57.473581 0.597246 0.669242 0.360582 0.255720
451.900000000 -95.384693 -76.172439 -57.512262 0.568123 0.636448 0.426661 0.300217
452.200000000 -95.781667 -76.417895 -57.552291 0.572932 0.641046 0.423922 0.284778
452.600000000 -95.012039 -76.629768 -57.364672 0.484294 0.523218 0.563976 0.416692
452.800000000 -95.231388 -76.781786 -57.399189 0.494479 0.534721 0.551837 0.406252
453.000000000 -95.374607 -76.961304 -57.394079 0.491790 0.531103 0.554939 0.410018
453.100000000 -95.485303 -77.054827 -57.401974 0.493862 0.533571 0.552563 0.407525
453.600000000 -93.392875 -76.908188 -58.909462 0.524493 0.562673 0.519045 0.372692
453.700000000 -93.371442 -76.940085 -59.334243 0.492195 0.518056 0.562495 0.415887
453.800000000 -92.986091 -76.862631 -59.560984 0.521948 0.549765 0.528756 0.381766
454.900000000 -92.976094 -78.993126 -57.792394 -0.323206 -0.380018 0.401786 0.767914
455.200000000 -92.694560 -79.214166 -57.914604 -0.323415 -0.381334 0.401124 0.767520
455.300000000 -92.631628 -79.294108 -57.913011 -0.323091 -0.381166 0.401500 0.767543
455.600000000 -91.495007 -79.577806 -59.030589 -0.319692 -0.373745 0.403113 0.771759
455.800000000 -91.409553 -79.722052 -58.896752 -0.319877 -0.374721 0.402856 0.771343
456.600000000 -90.371384 -80.380217 -59.761576 -0.455793 -0.298393 0.452509 0.706010
456.800000000 -90.217087 -80.444958 -59.706651 -0.455097 -0.298166 0.452130 0.706797
457.100000000 -89.822278 -80.629730 -59.897410 -0.455437 -0.298520 0.451939 0.706551
457.500000000 -89.408636 -80.802097 -59.989446 -0.456195 -0.298711 0.451750 0.706102
458.000000000 -88.866338 -80.973418 -60.065889 -0.455181 -0.297292 0.451750 0.707354
458.100000000 -88.756803 -81.000274 -60.038739 -0.454869 -0.296940 0.451926 0.707590
458.200000000 -88.594997 -81.061802 -60.138800 -0.455352 -0.297090 0.451882 0.707245
458.300000000 -88.488083 -81.093220 -60.158999 -0.455364 -0.296612 0.451911 0.707419
458.800000000 -88.710104 -81.353525 -62.160740 -0.506836 -0.285095 0.558190 0.591830
459.800000000 -88.646746 -82.151543 -67.314878 -0.396952 -0.332346 0.598275 0.611590
460.000000000 -88.469728 -82.078842 -67.339555 -0.397467 -0.330147 0.597761 0.612948
460.200000000 -87.559082 -82.507357 -68.057393 -0.318147 -0.127964 0.578713 0.739932
460.800000000 -82.380084 -79.191261 -70.761474 -0.595458 0.607071 0.038623 0.524788
461.000000000 -82.686692 -79.467072 -70.688931 -0.589153 0.607532 0.032282 0.531753
461.500000000 -82.961751 -79.943134 -70.614638 -0.588445 0.607718 0.031926 0.532346
461.600000000 -83.001808 -80.067117 -70.564551 -0.591974 0.607772 0.035725 0.528113
461.700000000 -83.094066 -80.165305 -70.559153 -0.589105 0.608127 0.033085 0.531076
461.800000000 -83.143089 -80.267407 -70.535485 -0.590114 0.608112 0.034202 0.529901
461.900000000 -83.228848 -80.372612 -70.518616 -0.588934 0.608853 0.033037 0.530436
462.000000000 -83.326557 -80.486216 -70.517924 -0.588939 0.608614 0.033021 0.530707
462.200000000 -83.487675 -80.678409 -70.509339 -0.587079 0.609222 0.031609 0.532153
462.300000000 -83.560109 -80.809853 -70.472966 -0.588187 0.609380 0.032753 0.530677
462.500000000 -83.747713 -81.045360 -70.427384 -0.586652 0.609966 0.031908 0.531755
462.800000000 -83.986565 -81.409678 -70.406755 -0.587509 0.609547 0.033097 0.531216
463.000000000 -84.142491 -81.634248 -70.402109 -0.585628 0.610114 0.031419 0.532742
463.200000000 -84.296872 -81.894856 -70.394387 -0.586388 0.610446 0.032688 0.531447
463.300000000 -84.361727 -82.004818 -70.377982 -0.584681 0.611095 0.031325 0.532663
463.400000000 -84.422673 -82.134605 -70.411259 -0.586944 0.610152 0.034204 0.531076
463.500000000 -84.510752 -82.254811 -70.387863 -0.585874 0.610474 0.033898 0.531906
463.700000000 -84.679016 -82.525968 -70.392246 -0.587162 0.610507 0.035616 0.530334
463.800000000 -84.755738 -82.669822 -70.409368 -0.586429 0.610359 0.034828 0.531365
464.000000000 -84.936182 -82.958112 -70.450227 -0.585899 0.610429 0.033758 0.531939
464.100000000 -85.040119 -83.097143 -70.471044 -0.585260 0.610846 0.032871 0.532219
464.400000000 -85.230605 -83.503903 -70.450063 -0.586081 0.611428 0.034730 0.530527
464.500000000 -85.273182 -83.640660 -70.478969 -0.585243 0.611132 0.033781 0.531853
464.600000000 -85.372719 -83.801380 -70.476155 -0.586215 0.611119 0.034993 0.530717
464.700000000 -85.418425 -83.921979 -70.488165 -0.585274 0.611183 0.033985 0.531747
464.900000000 -85.591798 -84.200840 -70.504402 -0.582500 0.611558 0.031312 0.534520
465.000000000 -85.640992 -84.343396 -70.507414 -0.584312 0.611745 0.033140 0.532212
465.300000000 -85.879188 -84.793047 -70.531670 -0.585434 0.611944 0.033983 0.530695
465.600000000 -86.069800 -85.195061 -70.570791 -0.584710 0.611538 0.033756 0.531974
465.700000000 -86.122127 -85.331839 -70.551942 -0.584555 0.611721 0.034291 0.531899
466.000000000 -86.325189 -85.743027 -70.528689 -0.585902 0.611609 0.036251 0.530415
466.100000000 -86.402126 -85.894107 -70.560035 -0.585683 0.611471 0.035229 0.530884
466.700000000 -86.813742 -86.702390 -70.538007 -0.585723 0.611577 0.036163 0.530654
467.000000000 -86.961664 -87.110274 -70.496287 -0.586434 0.611840 0.035850 0.529587
467.200000000 -87.086259 -87.355549 -70.464340 -0.583684 0.612149 0.033145 0.532436
467.400000000 -87.242700 -87.631008 -70.424506 -0.584261 0.612307 0.033471 0.531600
467.700000000 -87.372142 -87.873546 -70.424219 -0.596423 0.611503 0.048613 0.517669
467.900000000 -87.364955 -88.035397 -70.395813 -0.593887 0.612088 0.045885 0.520136
468.500000000 -87.559066 -88.642015 -70.207882 -0.591293 0.612230 0.044396 0.523045
468.600000000 -87.543491 -88.696494 -70.168767 -0.593572 0.611945 0.047126 0.520553
468.800000000 -87.717139 -88.968213 -70.074031 -0.595845 0.612051 0.049441 0.517607
469.100000000 -87.850796 -89.253740 -69.941824 -0.593505 0.612428 0.047087 0.520064
469.200000000 -87.683259 -89.229552 -69.891146 -0.598474 0.611515 0.054716 0.514668
469.700000000 -87.402859 -89.345385 -69.783935 -0.582997 0.614134 0.038816 0.530517
469.800000000 -87.477436 -89.455856 -69.687186 -0.586983 0.613600 0.044197 0.526301
470.000000000 -87.564341 -89.634812 -69.563272 -0.589148 0.613597 0.046584 0.523673
470.100000000 -87.612024 -89.708713 -69.504227 -0.587819 0.613912 0.044761 0.524955
470.200000000 -87.708982 -89.808604 -69.444293 -0.586088 0.614092 0.042745 0.526845
470.300000000 -87.791286 -89.896900 -69.388924 -0.583262 0.614183 0.039357 0.530128
470.900000000 -87.799288 -90.175440 -69.024034 -0.580911 0.614722 0.039293 0.532086
471.000000000 -88.225027 -90.462111 -68.912781 -0.580385 0.614059 0.036657 0.533611
471.300000000 -89.003080 -90.948046 -68.700112 -0.573149 0.614496 0.024432 0.541571
471.500000000 -88.920195 -90.926272 -68.593211 -0.566594 0.614978 0.019078 0.548096
471.600000000 -88.568956 -90.858800 -68.449375 -0.578552 0.613994 0.037047 0.535646
471.700000000 -88.865968 -90.947270 -68.485414 -0.562239 0.615052 0.016831 0.552554
472.000000000 -88.385346 -90.892085 -68.132090 -0.578491 0.614819 0.041518 0.534435
472.100000000 -88.578420 -91.004967 -68.095983 -0.573595 0.615642 0.034179 0.539265
472.500000000 -88.626493 -91.171922 -67.715757 -0.575724 0.617208 0.038951 0.534863
472.600000000 -88.732623 -91.258254 -67.684393 -0.572365 0.617480 0.034514 0.538448
472.900000000 -88.717038 -91.319176 -67.437241 -0.570287 0.618565 0.034897 0.539381
473.000000000 -89.092373 -91.509608 -67.321109 -0.569903 0.618467 0.031785 0.540091
473.200000000 -89.181106 -91.622111 -67.174502 -0.567973 0.618468 0.029904 0.542226
473.300000000 -89.044058 -91.566720 -67.080072 -0.566748 0.620165 0.031311 0.541490
473.700000000 -88.725494 -91.610567 -66.831123 -0.568813 0.619504 0.035425 0.539825
474.700000000 -89.671754 -92.304845 -66.004971 -0.564520 0.621301 0.028670 0.542660
474.900000000 -90.023786 -92.531075 -65.828775 -0.562921 0.621099 0.025896 0.544689
475.000000000 -90.296564 -92.676201 -65.753460 -0.560555 0.621513 0.021685 0.546836
475.200000000 -90.579619 -92.878727 -65.594666 -0.563433 0.620500 0.023896 0.544933
475.300000000 -90.854657 -93.038102 -65.507639 -0.564256 0.619964 0.023416 0.544712
475.500000000 -90.955993 -93.137507 -65.349199 -0.563072 0.620876 0.023171 0.544909
475.900000000 -91.241145 -93.440377 -65.101222 -0.564266 0.620634 0.023666 0.543928
476.400000000 -91.663168 -93.795827 -64.749522 -0.563163 0.621484 0.022927 0.544132
477.000000000 -92.241972 -94.306061 -64.364207 -0.562687 0.621435 0.021626 0.544733
477.100000000 -92.250979 -94.338028 -64.319998 -0.560310 0.622444 0.019227 0.546120
477.700000000 -92.615151 -94.801799 -63.989687 -0.560673 0.621782 0.021380 0.546421
478.100000000 -92.963584 -95.131139 -63.791973 -0.558182 0.622474 0.018106 0.548298
478.200000000 -93.042260 -95.218188 -63.743240 -0.557956 0.622874 0.018144 0.548072
479.600000000 -93.008338 -96.333038 -62.912435 0.712628 -0.578667 -0.239505 -0.316139
479.800000000 -93.155609 -96.787192 -62.604039 0.644848 -0.609243 -0.134881 -0.441363
480.000000000 -93.190254 -96.986307 -62.497331 0.628092 -0.613415 -0.112320 -0.465411
480.100000000 -93.214311 -97.068081 -62.463007 0.628742 -0.613544 -0.113302 -0.464123
480.200000000 -93.328044 -97.225083 -62.376371 0.639165 -0.611234 -0.127057 -0.449130
480.300000000 -93.334271 -97.300445 -62.353045 0.644983 -0.609499 -0.134927 -0.440797
480.500000000 -93.489722 -97.563815 -62.217845 0.659503 -0.605082 -0.155120 -0.418174
480.600000000 -93.524682 -97.670540 -62.154482 0.652286 -0.607557 -0.144957 -0.429402
480.800000000 -93.633549 -97.924417 -62.019955 0.654031 -0.607415 -0.145084 -0.426898
480.900000000 -93.678345 -98.015203 -61.962774 0.650677 -0.608213 -0.142480 -0.431736
481.000000000 -93.736332 -98.152678 -61.899268 0.651896 -0.607960 -0.143292 -0.429980
481.400000000 -93.939382 -98.619779 -61.612103 0.652901 -0.607560 -0.145378 -0.428318
481.600000000 -94.026283 -98.846695 -61.477277 0.653517 -0.608089 -0.144675 -0.426864
481.700000000 -94.063370 -98.957111 -61.398690 0.652092 -0.608439 -0.143154 -0.429052
481.800000000 -94.104426 -99.056734 -61.331616 0.654019 -0.607993 -0.145780 -0.425855
481.900000000 -94.147489 -99.175193 -61.256546 0.653377 -0.607870 -0.145231 -0.427201
482.400000000 -94.408294 -99.700068 -60.848254 0.656166 -0.607299 -0.149343 -0.422293
482.600000000 -94.511811 -99.913469 -60.657081 0.658068 -0.607032 -0.151385 -0.418977
482.700000000 -94.571034 -100.005942 -60.560945 0.657056 -0.607465 -0.150296 -0.420327
483.000000000 -94.702006 -100.271820 -60.272501 0.657913 -0.607017 -0.151617 -0.419157
483.300000000 -94.920814 -100.555269 -59.962329 0.659861 -0.606738 -0.153371 -0.415847
483.700000000 -94.934866 -100.765665 -59.530061 0.661989 -0.605868 -0.158026 -0.411973
484.000000000 -95.101010 -101.014385 -59.162328 0.669197 -0.603152 -0.167235 -0.400519
484.100000000 -95.192540 -101.110715 -59.035713 0.671348 -0.602420 -0.169275 -0.397149
484.200000000 -95.213075 -101.090724 -58.960966 0.672288 -0.601983 -0.172354 -0.394891
484.500000000 -95.374417 -101.255227 -58.579216 0.673274 -0.601728 -0.173449 -0.393117
484.600000000 -95.415171 -101.290191 -58.454657 0.671272 -0.602292 -0.171164 -0.396663
484.800000000 -95.640735 -101.550384 -58.090403 0.674971 -0.600625 -0.176003 -0.390752
485.100000000 -95.865251 -101.768153 -57.657066 0.674539 -0.600807 -0.175293 -0.391536
485.200000000 -95.908067 -101.842671 -57.487085 0.674260 -0.600887 -0.175095 -0.391982
485.300000000 -95.933182 -101.800009 -57.427919 0.673976 -0.601287 -0.174609 -0.392073
485.500000000 -96.038409 -101.907512 -57.154086 0.676719 -0.599881 -0.179360 -0.387331
485.800000000 -96.249177 -102.061656 -56.715179 0.677874 -0.599661 -0.181337 -0.384721
485.900000000 -96.280437 -102.118506 -56.557632 0.676198 -0.600524 -0.178307 -0.387730
486.100000000 -96.291433 -102.082413 -56.366331 0.673887 -0.601472 -0.176039 -0.391302
486.200000000 -96.347790 -102.091111 -56.252510 0.673089 -0.602160 -0.174929 -0.392115
486.300000000 -96.385547 -102.065406 -56.186742 0.673601 -0.601532 -0.176649 -0.391428
486.400000000 -96.361126 -102.063944 -56.069107 0.674135 -0.601527 -0.177205 -0.390264
486.800000000 -96.346178 -101.947273 -55.750824 0.677331 -0.600350 -0.181718 -0.384424
486.900000000 -96.472489 -102.046827 -55.571022 0.674741 -0.601455 -0.178653 -0.388664
487.000000000 -96.527028 -102.084489 -55.421287 0.675938 -0.601379 -0.180714 -0.385737
487.200000000 -96.617777 -102.244629 -55.093396 0.675833 -0.601340 -0.179624 -0.386491
487.600000000 -96.825920 -102.451702 -54.554133 0.675431 -0.601066 -0.180515 -0.387202
487.700000000 -96.895307 -102.501390 -54.442602 0.675366 -0.601194 -0.180092 -0.387314
487.900000000 -96.960910 -102.623962 -54.173871 0.676635 -0.600799 -0.181390 -0.385101
488.000000000 -97.039744 -102.640481 -54.062532 0.676494 -0.600872 -0.182786 -0.384575
488.200000000 -97.119724 -102.775793 -53.779534 0.675303 -0.601490 -0.180734 -0.386666
488.300000000 -97.244279 -102.866619 -53.631647 0.675757 -0.601334 -0.182631 -0.385222
488.400000000 -97.228923 -102.907857 -53.506295 0.675036 -0.601939 -0.180810 -0.386399
488.700000000 -97.381855 -103.104823 -53.137537 0.676051 -0.601572 -0.181913 -0.384673
489.400000000 -97.549815 -103.510211 -52.457315 0.679338 -0.599958 -0.184534 -0.380128
489.800000000 -97.868953 -103.993310 -51.852634 0.674315 -0.602632 -0.178168 -0.387801
490.200000000 -97.946963 -104.270937 -51.532951 0.667228 -0.604521 -0.168437 -0.401236
490.300000000 -98.032911 -104.335679 -51.468233 0.666580 -0.605058 -0.167643 -0.401835
490.400000000 -98.122726 -104.436232 -51.375470 0.668622 -0.604104 -0.170698 -0.398579
490.500000000 -98.166639 -104.523502 -51.290639 0.665933 -0.605125 -0.166915 -0.403109
490.600000000 -98.188598 -104.609953 -51.210403 0.667322 -0.604396 -0.168495 -0.401243
490.800000000 -98.191460 -104.787529 -51.031073 0.663442 -0.605870 -0.163330 -0.407541
491.000000000 -98.290036 -104.995504 -50.865822 0.663041 -0.606167 -0.162942 -0.407906
491.100000000 -98.362528 -105.105371 -50.764890 0.661392 -0.606717 -0.161128 -0.410479
491.500000000 -98.472517 -105.471336 -50.489567 0.661616 -0.606329 -0.161466 -0.410558
492.000000000 -98.779365 -106.080753 -50.073923 0.665503 -0.605593 -0.166630 -0.403234
492.100000000 -98.801918 -106.207885 -49.983476 0.666323 -0.605310 -0.167965 -0.401749
492.300000000 -98.888473 -106.460799 -49.862990 0.671395 -0.603568 -0.174089 -0.393227
492.500000000 -98.937394 -106.639011 -49.792728 0.674120 -0.602578 -0.177460 -0.388549
492.600000000 -98.949772 -106.763533 -49.706289 0.669976 -0.604088 -0.172738 -0.395439
492.700000000 -99.029479 -106.922631 -49.632259 0.672720 -0.603015 -0.176236 -0.390847
492.800000000 -99.069508 -107.046071 -49.589158 0.673044 -0.602791 -0.177194 -0.390202
493.100000000 -99.341624 -107.434100 -49.451239 0.674610 -0.602693 -0.180254 -0.386227
493.200000000 -99.362014 -107.585624 -49.380532 0.674442 -0.602932 -0.179900 -0.386312
493.300000000 -99.391761 -107.690904 -49.350928 0.673610 -0.603208 -0.179241 -0.387637
493.400000000 -99.449075 -107.845759 -49.311391 0.673503 -0.603236 -0.179560 -0.387631
493.600000000 -99.519965 -108.156299 -49.229904 0.673388 -0.602896 -0.179512 -0.388383
493.700000000 -99.544252 -108.316054 -49.182709 0.674056 -0.602841 -0.180182 -0.386995
493.800000000 -99.578238 -108.468673 -49.173227 0.672896 -0.603000 -0.178860 -0.389373
493.900000000 -99.590078 -108.617349 -49.132094 0.673400 -0.603044 -0.179368 -0.388197
494.000000000 -99.576878 -108.765009 -49.099759 0.673656 -0.602514 -0.180013 -0.388277
494.200000000 -99.656784 -109.147738 -49.047291 0.673321 -0.602372 -0.179375 -0.389373
494.300000000 -99.663715 -109.298324 -49.020104 0.673978 -0.602547 -0.179579 -0.387868
494.400000000 -99.674634 -109.453931 -48.987577 0.674256 -0.602611 -0.180151 -0.387020
494.500000000 -99.698406 -109.629577 -48.982637 0.673550 -0.602614 -0.179039 -0.388756
494.700000000 -99.699509 -109.962924 -48.942457 0.673453 -0.602993 -0.178383 -0.388640
494.800000000 -99.737821 -110.151607 -48.910761 0.674030 -0.603050 -0.178892 -0.387312
495.000000000 -99.783531 -110.503509 -48.888088 0.673798 -0.603398 -0.178250 -0.387470
495.100000000 -99.810705 -110.672415 -48.901666 0.673935 -0.603358 -0.178265 -0.387290
495.300000000 -99.882618 -111.084145 -48.877913 0.675971 -0.602023 -0.180988 -0.384544
495.600000000 -99.879279 -111.642848 -48.894759 0.674695 -0.602627 -0.178452 -0.387016
495.700000000 -99.900804 -111.823303 -48.904028 0.674464 -0.602879 -0.177826 -0.387316
495.800000000 -99.926706 -112.012051 -48.889087 0.674277 -0.602799 -0.178108 -0.387635
496.300000000 -100.331910 -113.545737 -48.363290 0.665912 -0.611117 -0.158609 -0.397416
496.700000000 -100.511541 -114.661238 -47.820674 -0.546106 0.631558 0.024115 0.549837
496.800000000 -100.536527 -114.897359 -47.743730 -0.548400 0.631808 0.025912 0.547179
497.100000000 -100.639530 -115.197034 -48.140372 -0.397699 0.599045 -0.097479 0.688098
497.300000000 -101.151796 -115.297681 -48.511538 -0.297276 0.572707 -0.174956 0.743656
497.600000000 -100.198144 -115.005011 -49.274991 -0.076880 0.513299 -0.328412 0.789151
497.700000000 -100.272426 -114.948710 -49.268261 -0.104219 0.519420 -0.314081 0.787842
497.800000000 -100.344287 -115.023563 -49.337968 -0.094605 0.514464 -0.320361 0.789776
498.300000000 -98.987480 -115.311506 -49.311243 0.166300 0.367665 -0.455739 0.793391
499.100000000 -97.938919 -115.909145 -47.708323 0.399519 0.131591 -0.575132 0.701635
499.500000000 -97.942991 -116.216760 -47.380544 0.531389 -0.007047 -0.592795 0.605120
499.600000000 -97.904449 -116.117689 -47.475359 0.534214 -0.010242 -0.593002 0.602378
499.700000000 -97.893705 -116.070036 -47.518771 0.518617 0.006886 -0.591907 0.616956
499.800000000 -97.875552 -116.013169 -47.560177 0.512608 0.013097 -0.591585 0.622164
499.900000000 -97.843329 -115.939592 -47.604098 0.513100 0.012873 -0.591715 0.621640
500.000000000 -97.889717 -115.912024 -47.627648 0.516270 0.009999 -0.592080 0.618714
500.100000000 -97.947638 -115.933457 -47.592728 0.513940 0.013078 -0.591943 0.620723
500.200000000 -98.093377 -116.025766 -47.495420 0.522942 0.004805 -0.592845 0.612408
500.300000000 -98.276176 -116.122251 -47.394816 0.525714 0.001773 -0.593624 0.609288
500.500000000 -98.253537 -115.966445 -47.450955 0.505228 0.021522 -0.592944 0.626657
500.900000000 -97.724851 -115.207592 -47.932077 0.480446 0.046105 -0.589801 0.647442
501.000000000 -98.103968 -115.365032 -47.738310 0.536318 -0.010731 -0.595606 0.597914
501.200000000 -97.863680 -114.949301 -48.004138 0.506253 0.018877 -0.594075 0.624841
501.700000000 -97.543540 -115.116938 -47.327170 0.573856 -0.045576 -0.598403 0.557249
501.900000000 -97.381787 -115.695679 -46.436613 0.520663 0.020928 -0.596010 0.610937
502.400000000 -95.603571 -113.836231 -46.083938 -0.013681 0.467027 -0.453721 0.758838
502.800000000 -94.171102 -110.769274 -47.890229 -0.447716 0.557645 -0.201647 0.669269
503.000000000 -94.299042 -108.751855 -48.766332 -0.482444 0.676966 0.023786 0.555337
503.200000000 -96.123381 -107.306970 -49.289068 -0.135577 0.695805 0.547565 0.444574
503.400000000 -97.015197 -104.829241 -48.367871 -0.074204 0.681107 0.666192 0.294576
503.600000000 -96.887796 -104.875472 -48.231366 -0.104138 0.627824 0.716919 0.284638
503.700000000 -96.855519 -105.097640 -48.237957 -0.084119 0.663188 0.684655 0.290436
504.000000000 -96.517288 -104.553187 -47.371757 -0.165532 0.670860 0.575939 0.436852
504.800000000 -96.552511 -102.767832 -47.176234 -0.257355 0.649988 0.131439 0.702857
504.900000000 -98.189502 -102.248671 -46.676316 -0.367315 0.466064 0.055965 0.802952
506.000000000 -99.080478 -104.360459 -44.001064 -0.571631 0.314217 -0.218708 0.725722
506.200000000 -99.393377 -104.718134 -44.031936 -0.586539 0.319611 -0.213268 0.712978
506.300000000 -99.501885 -104.870952 -44.019088 -0.585646 0.319119 -0.213813 0.713769
506.700000000 -99.787593 -105.274035 -44.105500 -0.581059 0.317161 -0.215620 0.717835
506.800000000 -99.929568 -105.517923 -44.093672 -0.586301 0.318902 -0.214204 0.713211
506.900000000 -100.014975 -105.677153 -44.023651 -0.582136 0.317441 -0.216093 0.716695
507.400000000 -100.334750 -106.213553 -44.353186 -0.586829 0.318919 -0.213959 0.712842
507.700000000 -100.521787 -106.593515 -44.469967 -0.591592 0.321265 -0.211647 0.708529
507.800000000 -100.550459 -106.683589 -44.468574 -0.586914 0.319631 -0.213075 0.712718
508.500000000 -100.346387 -107.146278 -44.185057 -0.568214 0.311228 -0.218806 0.729653
509.100000000 -100.428072 -107.982887 -44.330917 -0.588139 0.316250 -0.212480 0.713394
509.200000000 -100.657630 -108.304750 -44.453146 -0.593471 0.319072 -0.210294 0.708351
509.400000000 -100.608073 -108.451499 -44.414134 -0.568657 0.309522 -0.219237 0.729904
509.600000000 -100.774912 -108.832372 -44.528412 -0.587360 0.316858 -0.212593 0.713732
509.700000000 -100.821371 -109.025922 -44.585970 -0.589878 0.317088 -0.211840 0.711774
509.900000000 -100.800535 -109.232177 -44.581601 -0.580196 0.313391 -0.215739 0.720150
510.300000000 -100.633734 -109.559718 -44.467656 -0.573717 0.309348 -0.217910 0.726407
511.000000000 -100.036884 -109.769605 -44.184605 -0.546671 0.296764 -0.227763 0.749136
512.000000000 -99.860850 -110.548516 -44.025299 -0.666570 0.343891 -0.182846 0.635603
512.300000000 -99.170341 -110.159588 -43.420579 -0.565149 0.310572 -0.228342 0.729391
512.500000000 -99.632667 -110.938078 -42.679055 -0.635702 0.333799 -0.201192 0.666320
512.900000000 -99.303822 -110.827332 -42.147767 -0.500961 0.284596 -0.251406 0.777713
513.000000000 -99.205681 -110.774185 -42.070207 -0.560709 0.304941 -0.231113 0.734305
513.200000000 -98.924913 -110.515258 -41.895420 -0.574739 0.307085 -0.224819 0.724452
513.300000000 -98.852387 -110.452723 -41.871484 -0.605205 0.317061 -0.212700 0.698540
513.400000000 -98.846627 -110.456699 -41.828244 -0.610042 0.318112 -0.210454 0.694523
513.500000000 -98.844755 -110.447376 -41.778668 -0.596674 0.312825 -0.215518 0.706875
513.600000000 -98.864744 -110.453153 -41.768432 -0.595524 0.311782 -0.215354 0.708354
513.900000000 -99.401073 -110.936577 -41.978828 -0.650077 0.331513 -0.192183 0.656175
514.300000000 -99.985330 -111.388847 -42.115826 -0.629618 0.325699 -0.201684 0.675888
514.400000000 -99.552764 -110.962431 -41.813657 -0.598246 0.312643 -0.214137 0.706046
514.500000000 -99.061467 -110.442839 -41.334539 -0.579204 0.304730 -0.221355 0.722956
514.800000000 -98.863454 -110.097371 -41.138335 -0.638735 0.322942 -0.195647 0.670409
514.900000000 -98.944428 -110.141893 -41.073431 -0.607128 0.311943 -0.209320 0.700194
515.700000000 -99.111415 -109.733263 -40.529557 -0.531387 0.278282 -0.234704 0.764919
516.200000000 -98.898489 -109.247629 -40.057876 -0.510537 0.263635 -0.239752 0.782539
516.400000000 -99.100001 -109.290243 -40.131237 -0.571624 0.286912 -0.217677 0.737255
516.500000000 -99.626409 -109.761011 -40.503036 -0.584973 0.293298 -0.213387 0.725430
516.800000000 -100.269259 -110.192408 -40.788045 -0.553209 0.283780 -0.226803 0.749659
517.000000000 -100.410052 -110.233562 -40.777166 -0.537520 0.278814 -0.233062 0.760932
517.300000000 -100.823982 -110.455341 -40.884712 -0.559261 0.287683 -0.224908 0.744233
517.400000000 -100.887697 -110.478715 -40.872124 -0.559504 0.288038 -0.225127 0.743846
517.500000000 -100.734960 -110.314729 -40.708632 -0.550760 0.283981 -0.228492 0.750872
517.800000000 -100.747497 -110.237205 -40.618955 -0.587962 0.296891 -0.213954 0.721374
518.000000000 -100.917245 -110.323367 -40.587276 -0.568752 0.290801 -0.222382 0.736547
518.100000000 -101.036993 -110.401513 -40.644974 -0.539749 0.280625 -0.233540 0.758538
518.200000000 -101.001529 -110.346939 -40.568014 -0.531814 0.277669 -0.236148 0.764401
518.600000000 -100.660037 -110.040868 -40.053854 -0.651328 0.315741 -0.185646 0.664541
519.000000000 -100.631080 -109.872534 -40.247352 -0.684081 0.327190 -0.168908 0.629643
519.100000000 -100.836698 -110.146088 -39.879406 -0.615093 0.303383 -0.201776 0.699218
519.300000000 -100.586887 -109.850020 -39.683176 -0.513364 0.267913 -0.242568 0.778358
519.600000000 -99.992347 -109.296004 -39.034461 -0.503818 0.261497 -0.244358 0.786178
519.800000000 -99.287001 -108.669886 -38.541812 -0.572624 0.283015 -0.218462 0.737752
519.900000000 -99.690954 -109.065281 -39.130985 -0.663425 0.316229 -0.179420 0.653969
520.000000000 -100.408237 -109.792956 -39.442579 -0.640240 0.310205 -0.190834 0.676350
520.300000000 -101.172925 -110.487496 -39.838639 -0.547813 0.281617 -0.230647 0.753256
520.500000000 -100.849388 -110.227610 -39.293297 -0.466285 0.251115 -0.258303 0.807960
521.200000000 -99.528903 -109.231067 -38.402090 -0.747249 0.346315 -0.136010 0.550623
521.400000000 -99.720740 -109.530429 -38.249679 -0.637593 0.307001 -0.192744 0.679761
521.900000000 -100.522991 -110.385151 -38.063832 -0.351683 0.210686 -0.289596 0.864907
522.200000000 -100.397132 -110.492214 -37.024310 -0.137923 0.123375 -0.329537 0.925830
522.300000000 -100.093587 -110.285443 -36.866223 -0.324284 0.199090 -0.296521 0.875944
522.700000000 -99.363229 -109.796588 -37.401108 -0.691980 0.325139 -0.168121 0.622241
523.000000000 -99.336675 -109.657496 -38.013244 0.804565 -0.371495 0.104924 -0.451284
523.300000000 -99.646721 -110.030287 -38.278862 0.877432 -0.393383 0.031006 -0.272765
523.400000000 -100.006655 -110.530096 -37.912085 0.853402 -0.387593 0.059647 -0.343393
523.500000000 -100.395320 -111.118880 -37.240306 0.847504 -0.386769 0.067818 -0.357137
523.700000000 -99.856930 -110.639968 -37.398827 -0.705042 0.336320 -0.169407 0.600921
524.000000000 -98.940290 -109.596024 -37.703756 -0.768358 0.360238 -0.129627 0.512886
524.200000000 -99.150281 -109.852250 -38.054104 0.859930 -0.389630 0.053049 -0.325415
525.300000000 -99.756422 -110.655189 -37.892473 0.914038 -0.394914 -0.060996 0.069690
525.400000000 -99.760569 -110.695234 -37.647995 0.913514 -0.386971 -0.070505 0.103799
525.900000000 -99.481282 -110.420597 -38.428821 0.920217 -0.387688 -0.040135 0.035898
526.000000000 -99.488657 -110.468274 -38.260803 0.916286 -0.382897 -0.064599 0.098169
526.300000000 -99.478375 -110.582081 -37.757120 0.910016 -0.377319 -0.083062 0.150339
526.400000000 -99.455134 -110.602227 -37.603673 0.917334 -0.383482 -0.057745 0.090033
527.100000000 -99.057000 -110.346074 -38.359807 0.900030 -0.393801 0.033055 -0.183776
527.200000000 -99.623378 -111.218432 -36.818577 0.900982 -0.392827 0.017055 -0.183377
527.500000000 -100.444958 -112.338485 -36.455790 -0.680595 0.327323 -0.191380 0.626917
527.700000000 -100.166571 -111.923762 -37.350614 -0.477171 0.263520 -0.269443 0.793892
528.100000000 -99.464747 -110.877477 -37.991734 -0.225162 0.172764 -0.322595 0.902988
528.200000000 -99.425349 -110.829666 -37.884925 -0.184834 0.156764 -0.328302 0.912951
528.300000000 -99.289751 -110.801423 -37.489223 -0.209273 0.167227 -0.325307 0.906871
528.400000000 -99.187734 -110.746592 -37.256889 -0.227495 0.172982 -0.322143 0.902523
528.500000000 -99.143046 -110.702538 -37.219112 -0.222370 0.170800 -0.323052 0.903890
529.000000000 -98.690237 -110.444726 -36.212319 -0.204817 0.158237 -0.325509 0.909426
529.100000000 -98.670990 -110.389435 -36.102774 -0.226346 0.167480 -0.321574 0.904051
529.500000000 -98.826192 -110.305043 -37.490732 -0.310297 0.204753 -0.306879 0.876138
530.000000000 -99.011669 -110.170549 -39.001010 -0.239601 0.168099 -0.316859 0.902183
530.200000000 -98.862356 -110.026543 -38.646791 -0.187558 0.148518 -0.325665 0.914717
530.600000000 -98.615149 -109.698668 -38.073366 -0.218087 0.170350 -0.320713 0.905849
530.700000000 -98.730740 -109.734565 -38.928038 -0.252344 0.180418 -0.314094 0.897283
530.900000000 -98.649132 -109.579004 -38.904579 -0.220907 0.166126 -0.318730 0.906650
531.900000000 -97.910297 -108.805431 -37.582251 -0.167360 0.145655 -0.323032 0.920014
532.100000000 -97.866333 -108.703544 -37.879057 -0.240242 0.176701 -0.311812 0.902127
532.200000000 -97.883390 -108.637930 -38.148682 -0.249947 0.180648 -0.309043 0.899658
532.500000000 -97.782824 -108.442613 -38.136350 -0.207407 0.163380 -0.314928 0.911652
532.600000000 -97.729759 -108.370099 -38.102599 -0.229450 0.172318 -0.311206 0.905986
533.100000000 -97.773241 -108.104396 -38.991189 -0.329607 0.213593 -0.289061 0.873030
533.200000000 -97.752721 -108.035004 -38.959907 -0.213726 0.161775 -0.309550 0.912320
533.900000000 -97.516171 -107.777546 -37.514088 0.122730 0.028002 -0.344400 0.930345
534.300000000 -97.089611 -107.560806 -36.141961 0.230173 -0.011607 -0.347145 0.909052
534.400000000 -97.201246 -107.703814 -35.781211 0.224295 -0.010298 -0.346718 0.910699
535.300000000 -97.829474 -108.579105 -33.474513 0.016351 0.063461 -0.341429 0.937620
535.400000000 -97.798875 -108.537057 -33.463357 0.033174 0.058412 -0.343260 0.936835
535.500000000 -97.795760 -108.520081 -33.458935 0.066898 0.042244 -0.344823 0.935327
535.700000000 -97.760384 -108.462798 -33.546580 0.057457 0.047837 -0.344869 0.935669
536.600000000 -97.634924 -108.316793 -33.423972 -0.003643 0.073900 -0.342044 0.936766
537.000000000 -97.588325 -108.227018 -33.475138 0.039805 0.052938 -0.345081 0.936233
537.100000000 -97.519657 -108.086206 -33.874475 0.023939 0.059170 -0.343795 0.936873
537.200000000 -97.413513 -107.916564 -34.311692 0.020944 0.058465 -0.343141 0.937229
537.300000000 -97.302441 -107.709611 -34.881666 0.033288 0.051905 -0.343604 0.937088
537.800000000 -96.813457 -107.194172 -35.166215 0.144223 0.010617 -0.350161 0.925459
538.000000000 -96.730574 -107.151118 -35.359581 0.249632 -0.039890 -0.351780 0.901301
538.200000000 -96.553800 -106.893388 -35.724832 0.203039 -0.015878 -0.352031 0.913563
538.400000000 -96.266203 -106.508608 -36.203632 0.135450 0.015804 -0.351085 0.926360
538.500000000 -96.141196 -106.345178 -36.479220 0.180486 -0.005047 -0.352251 0.918324
539.500000000 -95.474856 -105.508059 -35.995233 0.460698 -0.153936 -0.328991 0.809831
539.700000000 -94.922438 -104.939984 -36.231799 0.419420 -0.136161 -0.335506 0.832456
539.800000000 -94.529685 -104.536668 -36.374755 0.433060 -0.145214 -0.334639 0.824250
540.000000000 -93.825031 -103.787606 -36.696826 0.446234 -0.156260 -0.334343 0.815275
540.100000000 -93.508942 -103.499274 -36.784303 0.434793 -0.151430 -0.336543 0.821440
541.500000000 -90.324164 -100.392900 -37.884597 0.423541 -0.149719 -0.343792 0.824624
541.700000000 -89.761414 -99.865980 -38.106248 0.389267 -0.132297 -0.347655 0.842677
542.000000000 -88.926749 -99.049678 -38.472731 0.392799 -0.131062 -0.346545 0.841688
542.200000000 -88.442564 -98.613478 -38.691193 0.416682 -0.138882 -0.342897 0.830367
542.800000000 -87.456454 -97.669489 -39.086088 0.440640 -0.145841 -0.338485 0.818532
542.900000000 -87.302912 -97.524618 -39.097281 0.412402 -0.133660 -0.342375 0.833570
543.500000000 -86.623353 -96.881068 -39.112603 0.284881 -0.079676 -0.353813 0.887306
543.800000000 -86.573283 -96.883585 -39.140546 0.409862 -0.131733 -0.341670 0.835416
544.000000000 -86.661029 -96.994985 -39.030458 0.442383 -0.145880 -0.336988 0.818203
544.100000000 -86.783150 -97.121798 -38.868227 0.392479 -0.125421 -0.343789 0.843824
544.300000000 -86.909424 -97.284610 -38.678769 0.360296 -0.112287 -0.347459 0.858400
544.800000000 -87.083342 -97.520795 -38.358085 0.398716 -0.128575 -0.342641 0.840887
545.100000000 -87.296159 -97.767721 -38.109669 0.395682 -0.127657 -0.342868 0.842366
545.700000000 -87.772546 -98.341363 -37.459042 0.406491 -0.134660 -0.341811 0.836538
546.000000000 -88.062507 -98.669021 -37.142990 0.383575 -0.125260 -0.344741 0.847546
546.100000000 -88.290189 -98.901780 -36.938424 0.402132 -0.134378 -0.342581 0.838374
546.200000000 -88.326913 -98.934735 -36.884678 0.393932 -0.130977 -0.343551 0.842399
547.100000000 -88.233557 -98.921437 -36.295814 0.371936 -0.120527 -0.344371 0.853549
547.700000000 -88.765444 -99.506685 -35.697962 0.420049 -0.142524 -0.337806 0.830140
548.300000000 -89.546912 -100.320057 -34.897387 0.420248 -0.143077 -0.337054 0.830250
548.500000000 -89.936565 -100.717972 -34.520208 0.416192 -0.140845 -0.337207 0.832609
548.700000000 -90.071192 -100.844235 -34.308542 0.399476 -0.132211 -0.338644 0.841581
548.800000000 -90.273288 -101.031338 -34.130738 0.433739 -0.149029 -0.334098 0.823432
548.900000000 -90.370449 -101.144374 -33.973289 0.424435 -0.144582 -0.335349 0.828548
549.100000000 -90.565905 -101.331020 -33.754805 0.378562 -0.121351 -0.340070 0.852242
549.600000000 -90.651987 -101.518806 -33.420205 0.402449 -0.130593 -0.336134 0.841424
549.800000000 -90.518476 -101.357432 -33.312407 0.421650 -0.140945 -0.333262 0.831434
549.900000000 -90.915609 -101.743788 -33.136596 0.450093 -0.155025 -0.329288 0.815447
550.400000000 -91.143417 -102.029732 -32.673637 0.338005 -0.096517 -0.341020 0.871862
550.800000000 -90.723166 -101.561138 -32.683807 0.424360 -0.140028 -0.330797 0.831194
550.900000000 -90.860031 -101.648673 -32.548585 0.474545 -0.166399 -0.323331 0.801608
551.000000000 -91.059886 -101.867094 -32.429190 0.481243 -0.169636 -0.322367 0.797313
551.200000000 -90.399993 -101.339667 -32.348228 0.311977 -0.083043 -0.341418 0.882728
551.400000000 -89.827175 -100.669746 -32.718010 0.403958 -0.130698 -0.332526 0.842118
551.500000000 -89.887922 -100.716205 -32.616498 0.452469 -0.155146 -0.325810 0.815506
551.800000000 -89.759848 -100.507434 -32.575801 0.416045 -0.134831 -0.329838 0.836621
551.900000000 -89.712011 -100.451337 -32.482589 0.421939 -0.138223 -0.328876 0.833488
552.700000000 -89.807915 -100.616111 -31.929281 0.458210 -0.152888 -0.321789 0.814322
553.500000000 -90.255755 -101.182173 -30.608001 0.448105 -0.146140 -0.321993 0.821076
553.800000000 -90.567930 -101.595342 -30.133693 0.345727 -0.092431 -0.333768 0.872083
554.000000000 -90.714886 -101.748716 -29.913428 0.340459 -0.088802 -0.333806 0.874514
554.400000000 -90.994064 -101.986349 -29.629071 0.393607 -0.114438 -0.327813 0.851185
554.500000000 -91.112288 -102.095109 -29.469329 0.369683 -0.102835 -0.330494 0.862284
554.600000000 -91.192285 -102.179348 -29.307881 0.353593 -0.094314 -0.331917 0.869430
554.900000000 -91.452261 -102.333969 -29.120847 0.366382 -0.100505 -0.330255 0.864057
555.000000000 -91.533999 -102.370116 -28.925218 0.374917 -0.105698 -0.329397 0.860094
555.100000000 -91.656682 -102.479441 -28.862566 0.376124 -0.105878 -0.329106 0.859657
555.200000000 -91.701386 -102.485802 -28.811105 0.369615 -0.102749 -0.329701 0.862627
555.400000000 -91.931505 -102.647360 -28.607682 0.373790 -0.104013 -0.328986 0.860947
555.600000000 -92.079005 -102.710312 -28.461666 0.372018 -0.102069 -0.328868 0.861992
555.700000000 -92.156252 -102.736760 -28.325532 0.390101 -0.111841 -0.326974 0.853464
556.200000000 -92.624456 -102.842067 -27.952539 0.421366 -0.128087 -0.322524 0.837868
556.500000000 -93.099021 -103.105994 -27.660691 0.406873 -0.118993 -0.323446 0.845977
556.600000000 -93.199523 -103.153368 -27.554732 0.400327 -0.115456 -0.324227 0.849285
556.800000000 -93.361752 -103.146390 -27.385782 0.372944 -0.100854 -0.327008 0.862443
556.900000000 -93.597107 -103.291779 -27.307410 0.399573 -0.114331 -0.324315 0.849759
557.200000000 -94.010970 -103.457604 -27.048106 0.407651 -0.118511 -0.323081 0.845810
557.300000000 -94.170608 -103.544880 -27.018059 0.415004 -0.121908 -0.322264 0.842055
557.400000000 -94.271531 -103.539253 -26.899449 0.405349 -0.116434 -0.322966 0.847247
557.500000000 -94.394755 -103.581205 -26.774683 0.408103 -0.117213 -0.322245 0.846092
557.700000000 -94.646673 -103.656577 -26.617146 0.406307 -0.115716 -0.322307 0.847138
557.900000000 -94.905042 -103.750742 -26.462665 0.402582 -0.113420 -0.322850 0.849018
558.000000000 -94.986032 -103.744634 -26.365986 0.403235 -0.113758 -0.322894 0.848646
558.100000000 -95.121869 -103.813901 -26.289598 0.403052 -0.113521 -0.323103 0.848685
558.500000000 -95.508656 -103.859302 -25.617764 0.490702 -0.152281 -0.306835 0.801171
558.600000000 -95.366633 -103.650737 -25.345321 0.427888 -0.120766 -0.316405 0.837983
558.700000000 -95.611418 -103.807651 -25.025731 0.264479 -0.038389 -0.330730 0.905094
559.000000000 -95.032526 -103.090871 -24.107379 -0.037581 0.106374 -0.324934 0.938984
559.200000000 -94.200712 -102.302727 -23.775992 -0.284614 0.212511 -0.292969 0.887695
559.300000000 -93.842921 -101.901398 -23.807111 -0.337329 0.232944 -0.282331 0.867315
559.900000000 -90.521036 -100.838285 -25.097521 0.681114 -0.164524 0.588484 -0.403364
560.000000000 -89.143366 -100.423718 -27.183931 -0.675515 0.203685 -0.218420 0.674154
560.100000000 -90.051621 -99.927267 -29.267649 0.866847 -0.214164 0.220932 -0.392301
560.300000000 -89.975687 -101.635112 -30.197532 0.718611 -0.602896 -0.115892 -0.326625
560.400000000 -91.467171 -101.249316 -31.543217 0.725634 -0.603801 -0.132723 -0.302101
560.500000000 -91.575668 -100.901214 -31.885637 0.738947 -0.597671 -0.156604 -0.268741
560.800000000 -91.923952 -100.279847 -32.865409 0.759592 -0.587258 -0.189450 -0.205564
561.000000000 -92.290206 -99.886669 -33.427825 0.783935 -0.556758 -0.253321 -0.106276
561.200000000 -92.376649 -99.648307 -33.655918 0.792123 -0.536086 -0.287111 -0.052159
561.300000000 -92.205494 -99.646133 -33.493338 0.780575 -0.562261 -0.243421 -0.123741
561.500000000 -92.205035 -99.349423 -33.576495 0.774273 -0.565884 -0.239119 -0.151985
561.600000000 -91.566721 -99.167262 -33.282484 0.739054 -0.594326 -0.166083 -0.270171
561.700000000 -90.937117 -98.824289 -33.122977 0.696177 -0.604148 -0.107406 -0.372567
562.000000000 -90.340241 -98.855887 -32.106762 -0.591960 0.595670 0.024845 0.542350
562.100000000 -90.392265 -99.051468 -31.722873 -0.525351 0.590035 -0.039278 0.611819
562.300000000 -91.299587 -99.583380 -31.232791 -0.397826 0.566697 -0.137977 0.708202
562.700000000 -93.838876 -100.905949 -30.662563 -0.235824 0.537469 -0.246708 0.771135
562.800000000 -94.225227 -100.974394 -30.850484 -0.296447 0.561881 -0.202024 0.745382
562.900000000 -93.945605 -100.848154 -30.768683 -0.220239 0.525358 -0.263193 0.778603
563.200000000 -93.235083 -101.795985 -30.353682 -0.457059 0.593357 -0.123395 0.650998
563.300000000 -92.443863 -101.300490 -31.289737 0.632747 -0.626286 -0.020216 -0.454961
563.400000000 -91.998193 -100.032626 -32.686612 0.762813 -0.594462 -0.174745 -0.184920
563.500000000 -91.172870 -98.919783 -33.278238 0.742502 -0.400236 -0.520446 0.132811
563.700000000 -89.971040 -98.233668 -33.617804 -0.387866 0.276400 0.866566 -0.149090
563.800000000 -88.488875 -98.735436 -32.832325 0.700186 -0.375650 -0.589986 0.143331
563.900000000 -89.405148 -98.170887 -32.530706 0.844773 -0.292101 -0.173257 0.413542
564.100000000 -89.842017 -98.835729 -32.969154 0.719498 -0.282177 -0.539840 0.333574
564.200000000 -89.966001 -98.778751 -33.059638 0.719796 -0.284335 -0.539521 0.331607
564.400000000 -89.241303 -98.188724 -33.376905 0.756001 -0.186712 -0.572608 0.256362
564.500000000 -88.693406 -98.736183 -33.551519 0.900764 -0.220436 -0.113759 0.356499
564.600000000 -89.814988 -97.732828 -32.139549 0.745812 -0.266416 0.111129 0.600365
564.700000000 -89.732446 -96.800578 -31.388506 0.754729 -0.264386 0.116093 0.589072
564.800000000 -89.668645 -96.869135 -31.409656 0.750767 -0.264394 0.114032 0.594509
565.000000000 -89.654302 -97.412045 -31.591875 0.771236 -0.261608 0.121686 0.567405
565.200000000 -89.627685 -97.575804 -31.510407 0.756951 -0.262294 0.116841 0.587006
565.300000000 -89.552628 -97.688642 -31.610204 0.757791 -0.262417 0.116391 0.585954
565.400000000 -89.567784 -97.835352 -31.559617 0.756597 -0.263265 0.115114 0.587368
565.800000000 -89.643742 -99.648835 -31.708401 0.789473 -0.058542 0.123495 0.598376
566.500000000 -89.097949 -100.584604 -31.635804 0.787288 -0.061186 0.123050 0.601077
566.700000000 -88.910594 -100.923159 -31.622368 0.788558 -0.061504 0.123158 0.599355
566.800000000 -88.836782 -101.047310 -31.597230 0.786712 -0.062251 0.121697 0.601996
566.900000000 -88.613393 -100.575751 -31.680841 0.729443 -0.000228 0.175919 0.661033
567.400000000 -89.694033 -98.023738 -31.595654 0.664301 -0.591623 -0.035268 0.455459
567.600000000 -90.026596 -98.279732 -31.535562 0.660243 -0.591482 -0.039598 0.461150
567.900000000 -90.034525 -98.697439 -31.832244 0.662221 -0.591300 -0.036548 0.458794
568.000000000 -90.062606 -98.859486 -31.909660 0.663108 -0.591332 -0.035843 0.457525
568.100000000 -90.158417 -98.983637 -31.956036 0.662630 -0.591338 -0.035911 0.458204
568.300000000 -90.305795 -99.222696 -32.021161 0.660083 -0.591575 -0.039412 0.461277
569.100000000 -90.929079 -100.130920 -32.544540 0.661671 -0.592527 -0.036428 0.458014
569.200000000 -90.941991 -100.236616 -32.666043 0.662855 -0.592736 -0.034919 0.456145
569.400000000 -91.180989 -100.430315 -32.792910 0.662175 -0.592915 -0.036388 0.456784
569.600000000 -91.278506 -100.618132 -32.986322 0.663278 -0.592722 -0.035898 0.455472
569.700000000 -91.387900 -100.677134 -33.031590 0.662346 -0.592867 -0.037489 0.456511
570.000000000 -91.958613 -100.854670 -33.102575 0.656248 -0.592731 -0.045081 0.464732
570.200000000 -92.260045 -100.967337 -33.211611 0.654645 -0.592591 -0.047738 0.466902
570.500000000 -92.220945 -101.137892 -33.763394 0.658081 -0.594246 -0.043245 0.460359
570.700000000 -92.407406 -101.190772 -33.929884 0.651342 -0.593807 -0.051904 0.469524
570.900000000 -92.602172 -101.220192 -34.066939 0.654045 -0.593903 -0.048832 0.465961
571.000000000 -92.614001 -101.276514 -34.242917 0.664243 -0.595370 -0.035744 0.450597
571.100000000 -92.840324 -101.301316 -34.221817 0.654568 -0.592923 -0.048747 0.466483
571.200000000 -92.922313 -101.337850 -34.358235 0.656417 -0.594407 -0.046769 0.462179
571.300000000 -92.964421 -101.373750 -34.513667 0.659297 -0.593504 -0.043410 0.459561
571.600000000 -93.256844 -101.373984 -34.690707 0.652169 -0.592125 -0.052285 0.470458
571.800000000 -93.435189 -101.442773 -34.963421 0.661169 -0.594426 -0.042707 0.455729
572.000000000 -93.680419 -101.542824 -35.236677 0.658134 -0.593408 -0.046108 0.461086
572.200000000 -93.879700 -101.607580 -35.468090 0.660030 -0.593761 -0.043802 0.458137
572.400000000 -94.077138 -101.689729 -35.724815 0.662966 -0.593771 -0.040249 0.454194
572.500000000 -94.164339 -101.741800 -35.889201 0.664298 -0.594438 -0.038561 0.451513
573.100000000 -94.776348 -101.956688 -36.434073 0.662666 -0.593632 -0.041261 0.454723
573.200000000 -94.897719 -102.028683 -36.574043 0.665363 -0.594091 -0.038180 0.450434
573.300000000 -94.982847 -102.096185 -36.728307 0.665301 -0.594365 -0.037838 0.450192
573.600000000 -95.242335 -102.210553 -36.977236 0.662537 -0.594350 -0.042738 0.453835
573.700000000 -95.360577 -102.260031 -37.076651 0.664075 -0.594322 -0.040357 0.451838
573.800000000 -95.465689 -102.318411 -37.164749 0.665617 -0.594106 -0.038878 0.449978
574.000000000 -95.613900 -102.392244 -37.327664 0.663879 -0.594274 -0.041104 0.452121
574.400000000 -95.964181 -102.620017 -37.734069 0.664468 -0.594336 -0.040907 0.451191
574.500000000 -96.097779 -102.701936 -37.869563 0.666880 -0.594326 -0.037582 0.447923
574.600000000 -96.211197 -102.770842 -37.985035 0.667594 -0.594557 -0.036909 0.446608
574.900000000 -96.410736 -102.819806 -38.116078 0.664258 -0.593699 -0.041486 0.452285
575.000000000 -96.554105 -102.933883 -38.295546 0.665127 -0.594658 -0.040797 0.449803
575.100000000 -96.653266 -103.005404 -38.404710 0.665683 -0.594717 -0.040336 0.448944
575.300000000 -96.779639 -103.041410 -38.524285 0.665188 -0.594044 -0.040964 0.450510
575.800000000 -97.152286 -103.130993 -38.740706 0.665380 -0.593281 -0.041593 0.451172
576.000000000 -97.398199 -103.323730 -39.081437 0.666248 -0.593648 -0.040571 0.449500
576.100000000 -97.526220 -103.433853 -39.336504 0.666628 -0.594111 -0.039333 0.448433
576.200000000 -97.655639 -103.516580 -39.462804 0.667116 -0.593876 -0.038496 0.448092
576.300000000 -97.745734 -103.574173 -39.572072 0.667760 -0.594021 -0.038150 0.446969
576.400000000 -97.820349 -103.606554 -39.654150 0.667809 -0.593872 -0.037612 0.447139
576.500000000 -97.944126 -103.629400 -39.686540 0.666592 -0.593746 -0.039900 0.448919
576.800000000 -98.147857 -103.726677 -39.942341 0.668410 -0.593657 -0.037602 0.446526
576.900000000 -98.250445 -103.803423 -40.101354 0.668383 -0.593930 -0.037588 0.446205
577.000000000 -98.371924 -103.879975 -40.204399 0.669090 -0.594288 -0.037380 0.444683
577.100000000 -98.459752 -103.945387 -40.348280 0.670158 -0.594245 -0.035540 0.443282
577.200000000 -98.555141 -103.983968 -40.452862 0.669746 -0.594345 -0.036160 0.443719
577.300000000 -98.639154 -104.042273 -40.588552 0.670018 -0.594600 -0.035523 0.443017
577.400000000 -98.724896 -104.081423 -40.655933 0.670297 -0.594655 -0.036012 0.442482
577.900000000 -99.088148 -104.084112 -40.672814 0.670508 -0.593312 -0.036188 0.443948
578.000000000 -99.180390 -104.172015 -40.862252 0.671500 -0.593649 -0.034878 0.442101
578.400000000 -99.593599 -104.481335 -41.418985 0.671896 -0.594136 -0.033771 0.440929
580.400000000 -100.298318 -104.698502 -43.356648 0.625173 -0.446414 -0.118380 0.629174
580.600000000 -100.466813 -104.854685 -43.507907 0.616136 -0.444886 -0.126662 0.637503
581.200000000 -100.303077 -104.358338 -44.638782 0.185202 0.973100 0.133534 0.030735
581.400000000 -99.809098 -103.306898 -44.547222 0.249652 0.942668 0.101405 0.196897
581.500000000 -99.734564 -103.305928 -44.692065 0.250031 0.942721 0.100323 0.196714
581.600000000 -99.681896 -103.298544 -44.833341 0.250036 0.942820 0.100081 0.196357
582.000000000 -99.088447 -103.639789 -46.285345 0.223078 0.925354 0.209407 0.223842
582.100000000 -99.032771 -103.570849 -46.300230 0.224920 0.926444 0.203582 0.222862
582.200000000 -99.581895 -105.181638 -48.268782 0.288432 0.944991 -0.060497 0.141912
582.300000000 -99.455485 -105.550686 -48.293552 0.277362 0.947187 -0.048986 0.153322
582.400000000 -99.667128 -105.877488 -48.250774 0.301482 0.917073 -0.237908 0.107168
582.700000000 -99.220747 -106.641711 -47.935993 -0.194634 -0.098877 0.974321 0.055132
583.000000000 -99.820111 -106.857371 -47.178307 -0.261460 0.513391 0.768432 0.278534
583.900000000 -100.113754 -103.420230 -45.919015 0.105088 0.918167 -0.381900 0.008858
584.000000000 -100.104764 -104.925629 -47.099518 0.409240 0.835026 -0.366241 -0.033489
584.100000000 -99.435207 -106.775300 -48.327183 0.249650 0.752289 -0.542027 0.279182
584.300000000 -98.874442 -108.808392 -48.594606 -0.045711 -0.549372 0.732590 -0.399267
584.400000000 -98.885268 -108.898551 -48.570984 -0.043409 -0.551506 0.731145 -0.399229
584.600000000 -98.804506 -109.117953 -48.517162 -0.044292 -0.551049 0.731687 -0.398771
584.700000000 -98.781856 -109.206890 -48.494349 -0.044263 -0.551633 0.731335 -0.398610
584.800000000 -98.749726 -109.352520 -48.453200 -0.043419 -0.551926 0.731198 -0.398550
584.900000000 -98.722597 -109.465801 -48.435085 -0.042996 -0.552464 0.730872 -0.398449
585.100000000 -98.634649 -109.756976 -48.311151 -0.043462 -0.551822 0.731274 -0.398549
585.200000000 -98.596031 -109.865236 -48.292863 -0.043082 -0.552304 0.731067 -0.398302
585.300000000 -98.563451 -109.990872 -48.252795 -0.042811 -0.552790 0.730776 -0.398191
585.400000000 -98.514443 -110.114353 -48.201980 -0.042722 -0.552986 0.730475 -0.398482
585.600000000 -98.422948 -110.372710 -48.111282 -0.042718 -0.552695 0.730631 -0.398599
585.900000000 -98.263888 -110.757703 -47.995990 -0.043764 -0.551092 0.731655 -0.398828
586.000000000 -98.230307 -110.890104 -47.955025 -0.043566 -0.550961 0.731858 -0.398658
586.200000000 -98.166640 -111.095252 -47.917953 -0.043060 -0.551333 0.731694 -0.398499
586.500000000 -98.026115 -111.377424 -47.920941 -0.044000 -0.549406 0.733391 -0.397938
587.000000000 -97.779710 -111.950588 -47.712377 -0.043902 -0.549746 0.732985 -0.398228
587.300000000 -97.650362 -112.309053 -47.587262 -0.044235 -0.548904 0.733562 -0.398289
587.400000000 -97.619482 -112.458273 -47.527221 -0.043170 -0.549898 0.732935 -0.398189
587.700000000 -97.443310 -112.832786 -47.358776 -0.044706 -0.549732 0.732942 -0.398237
587.900000000 -97.379318 -113.076335 -47.292821 -0.043897 -0.549940 0.733055 -0.397832
588.400000000 -97.139692 -113.642203 -47.119816 -0.045186 -0.549151 0.734053 -0.396935
588.600000000 -97.084603 -113.885729 -47.030183 -0.043418 -0.551249 0.732600 -0.396910
588.700000000 -97.037291 -114.005160 -46.987476 -0.043195 -0.550857 0.732810 -0.397090
588.800000000 -96.983651 -114.157575 -46.909140 -0.043533 -0.550421 0.732942 -0.397413
589.200000000 -96.826819 -113.928626 -47.483955 -0.038818 -0.535658 0.741015 -0.403064
589.500000000 -96.816848 -114.533310 -47.189269 -0.040309 -0.553654 0.732095 -0.394815
589.600000000 -96.816522 -114.653526 -47.181059 -0.038754 -0.555501 0.731002 -0.394402
589.900000000 -96.749923 -114.760929 -47.408372 -0.038693 -0.554441 0.732115 -0.393835
590.400000000 -96.565034 -115.556907 -47.099385 -0.040132 -0.553306 0.732681 -0.394234
590.500000000 -96.529538 -115.794543 -46.935476 -0.039397 -0.554536 0.731508 -0.394758
590.600000000 -96.471943 -115.996215 -46.832868 -0.040457 -0.553058 0.732374 -0.395118
590.900000000 -96.421821 -116.181333 -46.959035 -0.039970 -0.554021 0.731964 -0.394578
591.000000000 -96.372649 -116.500231 -46.724371 -0.039922 -0.554414 0.731171 -0.395499
592.000000000 -92.749525 -117.355574 -47.672547 -0.092780 -0.608974 0.626589 -0.477418
592.100000000 -92.920534 -116.932599 -48.075302 0.083938 0.619472 -0.617654 0.477192
592.500000000 -92.902629 -114.239257 -48.564316 0.286438 0.306025 -0.551045 0.721562
592.600000000 -92.785878 -113.767510 -49.088894 0.265383 0.322531 -0.542682 0.728726
592.700000000 -92.802287 -113.945713 -48.862374 0.316255 0.278649 -0.571613 0.703986
592.900000000 -92.899282 -113.972524 -49.052449 -0.002638 0.512268 -0.409165 0.755089
593.300000000 -94.190207 -114.884005 -48.691918 -0.478207 0.636544 -0.131382 0.590651
593.500000000 -94.260061 -114.603495 -49.180523 -0.620191 0.776198 -0.007295 0.113256
593.900000000 -94.748941 -112.837999 -48.322134 -0.494708 0.579961 0.609960 0.216468
594.900000000 -93.151118 -113.259735 -47.093152 0.232607 -0.621526 0.739254 0.114463
595.100000000 -93.030019 -113.653303 -46.843968 0.235333 -0.609748 0.748861 0.109697
595.200000000 -93.000346 -113.771279 -46.762424 0.236169 -0.605751 0.752063 0.108128
595.400000000 -92.983252 -113.981918 -46.724550 0.235665 -0.608450 0.749905 0.109056
595.600000000 -92.949256 -114.214463 -46.665253 0.235239 -0.612152 0.746788 0.110632
595.800000000 -92.887591 -114.424518 -46.565438 0.234770 -0.614443 0.744859 0.111934
595.900000000 -92.847687 -114.635443 -46.524649 0.234838 -0.609356 0.749158 0.110896
596.600000000 -93.009402 -115.535995 -46.894849 0.252165 -0.453116 0.853168 0.056595
596.800000000 -93.321821 -114.612471 -47.324247 -0.227346 0.684756 -0.679172 -0.134718
597.100000000 -93.014222 -114.573998 -46.963793 0.245878 -0.623896 0.734339 0.105089
597.200000000 -92.887567 -114.766728 -46.877245 -0.233647 0.704604 -0.656849 -0.132254
597.500000000 -92.669310 -114.263115 -46.445655 -0.203524 0.825461 -0.494517 -0.180679
597.600000000 -92.737247 -114.304804 -46.614342 -0.202625 0.828972 -0.488636 -0.181615
598.000000000 -92.750525 -114.856511 -46.938230 -0.204245 0.826403 -0.492650 -0.180661
598.400000000 -92.674682 -115.339788 -47.208662 -0.202855 0.827235 -0.491439 -0.181713
598.500000000 -92.645864 -115.431498 -47.288021 -0.201873 0.828549 -0.489288 -0.182624
598.900000000 -92.540146 -115.928786 -47.601379 -0.203105 0.829432 -0.487641 -0.181650
599.200000000 -92.442063 -116.267688 -47.881112 -0.203689 0.829772 -0.486816 -0.181660
599.600000000 -92.267193 -116.759860 -48.297461 -0.203841 0.829013 -0.488339 -0.180860
599.700000000 -92.226617 -116.858770 -48.389215 -0.204159 0.828816 -0.488313 -0.181479
600.000000000 -92.065043 -117.206977 -48.704661 -0.204279 0.828880 -0.488481 -0.180592
600.700000000 -91.610751 -117.994421 -49.534326 -0.204565 0.828351 -0.489398 -0.180215
601.000000000 -91.390341 -118.291230 -49.890952 -0.205960 0.826789 -0.492072 -0.178510
601.400000000 -91.081191 -118.706081 -50.373780 -0.206721 0.826452 -0.492422 -0.178225
601.500000000 -90.992663 -118.897508 -50.482044 -0.206775 0.826303 -0.492368 -0.179002
602.000000000 -90.727833 -117.473362 -50.854173 -0.211614 0.826610 -0.491984 -0.172878
602.200000000 -90.615889 -117.726763 -51.118108 -0.212481 0.825248 -0.494023 -0.172508
602.400000000 -90.467204 -117.796830 -51.361479 -0.211614 0.826015 -0.492715 -0.173641
602.500000000 -90.380111 -118.040477 -51.477602 -0.211928 0.826029 -0.492541 -0.173680
602.900000000 -90.481320 -116.113257 -50.951468 -0.189900 0.893598 -0.404640 0.041076
603.300000000 -90.716986 -113.680084 -50.587684 -0.188812 0.892946 -0.406074 0.045839
603.400000000 -90.437364 -113.984606 -51.528271 -0.253067 0.823656 -0.489860 -0.132610
603.500000000 -90.370265 -113.801085 -51.631976 -0.253623 0.821616 -0.493589 -0.130354
603.600000000 -90.236822 -113.252321 -51.362925 -0.243588 0.848706 -0.446692 -0.144326
603.700000000 -90.654049 -111.824049 -50.385617 -0.184218 0.889959 -0.414726 0.045149
603.900000000 -92.068925 -109.971677 -47.614018 -0.268708 0.835218 -0.464080 -0.121804
604.200000000 -91.225695 -107.427183 -46.553565 -0.230671 -0.607766 0.371072 0.663111
604.300000000 -89.245893 -107.827634 -46.183810 0.162259 0.726928 -0.551384 -0.375797
604.400000000 -89.282176 -107.874137 -46.206777 0.165058 0.737416 -0.541779 -0.368034
604.500000000 -86.967897 -106.417309 -44.432867 0.222492 0.823317 -0.424839 -0.303577
604.600000000 -85.094680 -105.933363 -43.164467 -0.387644 -0.671748 0.227082 0.588999
604.700000000 -85.072225 -105.912333 -43.319421 -0.390021 -0.672938 0.223170 0.587565
604.800000000 -86.838146 -107.011775 -43.317074 0.185638 0.754994 -0.515598 -0.360113
605.000000000 -88.833148 -109.049173 -42.557111 -0.029178 0.722012 -0.628647 -0.287489
605.100000000 -85.741997 -108.802860 -43.364083 0.091891 0.719129 -0.626621 -0.285931
605.300000000 -85.080702 -109.717743 -44.314044 -0.116971 0.045961 0.304238 0.944269
605.400000000 -84.546871 -111.028954 -44.965220 -0.094709 0.161574 0.162326 0.968800
605.500000000 -84.777947 -110.827231 -45.164706 -0.082107 0.165608 0.160272 0.969611
605.600000000 -84.683993 -110.876812 -44.881383 -0.095900 0.161127 0.162986 0.968647
605.900000000 -85.474116 -110.776314 -46.016471 -0.085424 0.169161 0.163544 0.968164
606.000000000 -85.497940 -110.717112 -45.942163 -0.085296 0.169476 0.163781 0.968080
606.100000000 -85.536474 -110.641281 -45.907778 -0.087009 0.169266 0.164409 0.967858
606.300000000 -86.157140 -110.503915 -46.801176 -0.078785 0.173737 0.164813 0.967701
606.400000000 -86.117272 -110.481290 -46.674857 -0.081149 0.173493 0.165262 0.967473
606.500000000 -86.055820 -110.471177 -46.513283 -0.086636 0.171353 0.166477 0.967170
606.900000000 -86.731639 -109.972455 -47.873221 -0.013314 -0.005151 0.145238 0.989294
607.000000000 -84.271095 -107.267813 -47.981632 -0.194733 0.731724 0.164113 0.632239
608.300000000 -90.073300 -103.168165 -51.987936 0.301106 -0.740216 0.038218 0.599962
608.600000000 -90.452699 -103.453791 -51.809538 0.302755 -0.741658 0.036672 0.597443
608.900000000 -90.895974 -103.621672 -51.694618 0.299370 -0.743970 0.032745 0.596502
609.000000000 -91.001584 -103.697480 -51.637308 0.302030 -0.744144 0.036110 0.594747
609.400000000 -91.379527 -103.927412 -51.275411 0.261358 -0.750612 -0.014271 0.606687
609.600000000 -91.937699 -104.287760 -51.304144 0.300363 -0.747114 0.037283 0.591788
609.700000000 -91.962682 -104.108433 -51.117097 0.298175 -0.747690 0.035548 0.592273
609.900000000 -92.179702 -104.170767 -50.879365 0.296793 -0.746791 0.035185 0.594120
610.000000000 -92.280612 -104.167107 -50.786741 0.293334 -0.748244 0.031497 0.594218
610.300000000 -92.386117 -103.917173 -50.282108 0.283709 -0.751675 0.017409 0.595139
610.800000000 -92.976031 -104.229756 -49.966923 0.304549 -0.751821 0.049016 0.582763
611.200000000 -93.548345 -104.491394 -49.511232 0.296233 -0.748009 0.042388 0.592396
611.300000000 -93.614009 -104.478454 -49.415723 0.294367 -0.749675 0.040175 0.591373
611.500000000 -93.657562 -104.413259 -49.163080 0.281684 -0.751957 0.021652 0.595606
611.800000000 -94.023064 -104.470578 -48.898912 0.296551 -0.749443 0.043760 0.590320
612.100000000 -94.368503 -104.601261 -48.551164 0.293108 -0.745852 0.040545 0.596782
612.200000000 -94.465805 -104.668571 -48.486264 0.289832 -0.745783 0.035588 0.598781
612.300000000 -94.534487 -104.680672 -48.376381 0.282916 -0.743014 0.032242 0.605681
612.500000000 -94.528455 -104.481869 -48.036909 0.294791 -0.741121 0.045988 0.601434
612.700000000 -94.760392 -104.582520 -47.895160 0.291063 -0.737449 0.042780 0.607965
613.200000000 -94.702239 -104.308342 -47.468758 0.280064 -0.802241 -0.053688 0.524492
613.300000000 -94.948594 -104.239277 -47.385051 0.289946 -0.749604 0.038229 0.593771
613.600000000 -94.954682 -103.544965 -46.718688 0.358920 -0.695970 -0.004661 0.621916
613.800000000 -94.663393 -103.575522 -46.468372 0.289104 -0.738385 0.039115 0.608011
614.200000000 -94.740407 -103.251212 -46.225808 0.287519 -0.740702 0.038809 0.605959
614.300000000 -94.742005 -103.192565 -46.138779 0.282637 -0.737872 0.036957 0.611797
614.500000000 -94.723924 -103.005139 -45.916004 0.287464 -0.738583 0.040096 0.608483
614.700000000 -94.801849 -102.960647 -45.856963 0.282669 -0.738071 0.038205 0.611465
614.800000000 -94.817979 -102.938717 -45.837280 0.277519 -0.736935 0.035210 0.615362
615.300000000 -96.553144 -104.334593 -45.686005 0.441417 -0.654073 0.175628 0.588637
615.400000000 -96.566415 -104.205418 -45.635464 0.435069 -0.654348 0.171475 0.594256
615.600000000 -96.751051 -104.579658 -45.715145 0.435306 -0.652392 0.174040 0.595486
615.800000000 -96.719911 -104.490653 -45.663593 0.423995 -0.655630 0.160914 0.603725
616.000000000 -96.729977 -104.370542 -45.615733 0.422406 -0.658074 0.155541 0.603588
616.300000000 -96.870297 -104.388605 -45.610661 0.439508 -0.652268 0.172746 0.592906
616.400000000 -96.879709 -104.400320 -45.597720 0.444374 -0.652668 0.173436 0.588622
616.500000000 -96.890896 -104.357836 -45.592437 0.445531 -0.651722 0.175218 0.588267
616.900000000 -95.326245 -102.319852 -44.891938 0.365579 -0.748529 -0.041104 0.551694
617.200000000 -94.436552 -100.954051 -44.729100 0.347534 -0.646826 0.045946 0.677293
617.500000000 -94.160449 -100.822879 -45.299265 0.300981 -0.699791 0.103818 0.639472
617.800000000 -93.829474 -100.671288 -45.398629 0.281674 -0.718212 0.059523 0.633473
618.000000000 -93.730149 -100.585208 -45.475628 0.279017 -0.721857 0.052325 0.631137
618.100000000 -93.711560 -100.461698 -45.476776 0.287737 -0.717761 0.065529 0.630660
618.200000000 -93.536737 -100.389779 -45.530431 0.280480 -0.723438 0.052569 0.628653
618.400000000 -93.373597 -100.301595 -45.575930 0.281634 -0.721470 0.053854 0.630288
618.500000000 -93.207970 -100.199123 -45.623061 0.275663 -0.726728 0.042927 0.627721
619.000000000 -94.060380 -100.332047 -45.677396 0.326761 -0.764806 0.099135 0.546325
619.100000000 -93.447784 -100.490686 -46.360942 0.482443 -0.628395 0.049803 0.608184
619.400000000 -91.679110 -100.230450 -46.698255 0.585994 -0.461553 0.198710 0.635684
619.600000000 -91.617335 -99.960529 -46.780936 0.577195 -0.462861 0.190005 0.645371
620.100000000 -92.968010 -102.392441 -46.760044 0.320991 -0.545227 0.492180 0.597872
620.300000000 -92.027402 -102.213162 -46.622001 0.159837 -0.580432 0.583460 0.545092
620.900000000 -91.927542 -101.581351 -46.125353 -0.096715 0.727466 -0.652885 -0.187562
621.600000000 -92.421527 -100.763554 -44.904208 -0.202052 -0.606667 0.701003 -0.315794
621.700000000 -92.243858 -100.653817 -45.069747 -0.206982 -0.595044 0.711278 -0.311713
621.800000000 -92.095365 -100.533472 -45.209172 -0.212490 -0.585054 0.719678 -0.307610
621.900000000 -91.987036 -100.333728 -45.317389 -0.211794 -0.585243 0.719660 -0.307771
622.100000000 -92.489702 -100.378517 -44.685496 -0.207029 -0.595642 0.710981 -0.311216
622.500000000 -92.774748 -99.241958 -44.451529 0.106236 0.770211 -0.512780 0.364067
622.600000000 -92.597495 -99.204231 -44.642703 -0.208301 -0.597907 0.709618 -0.309127
622.800000000 -92.466990 -99.500777 -44.673085 -0.201076 -0.603787 0.705172 -0.312637
623.000000000 -92.662497 -99.972065 -44.277953 -0.202361 -0.599737 0.708376 -0.312361
623.100000000 -92.773017 -99.962532 -44.153937 -0.204599 -0.595487 0.712181 -0.310376
623.400000000 -92.966854 -98.520950 -44.258069 -0.210029 -0.594375 0.713372 -0.306116
623.900000000 -93.626564 -96.806353 -43.892820 0.085976 0.677180 -0.610235 0.402056
624.500000000 -95.056192 -95.327739 -43.517151 0.327287 0.898878 -0.099535 0.273850
624.700000000 -95.153926 -94.519215 -42.450572 0.339420 0.897681 -0.124635 0.251850
624.800000000 -95.244381 -95.052911 -43.023135 0.361185 0.881512 -0.211986 0.218044
625.000000000 -95.366682 -94.937710 -42.866797 0.366301 0.876207 -0.239455 0.201856
625.100000000 -95.468580 -95.006763 -42.845948 0.367041 0.875788 -0.240925 0.200580
625.300000000 -95.592142 -94.818030 -42.548605 0.366877 0.876131 -0.239953 0.200546
625.400000000 -95.687133 -94.845939 -42.514948 0.366936 0.876309 -0.239487 0.200217
625.500000000 -95.780106 -94.902233 -42.494361 0.367365 0.876118 -0.239976 0.199677
625.600000000 -95.774616 -94.691915 -42.330910 0.365980 0.876669 -0.238952 0.201026
625.800000000 -95.850718 -94.573714 -42.204295 0.366699 0.876144 -0.241002 0.199552
626.000000000 -95.981298 -94.443377 -42.010767 0.365848 0.876522 -0.240123 0.200513
626.600000000 -96.266168 -93.781456 -41.393685 0.385369 0.839869 -0.350627 0.152220
626.700000000 -96.267769 -93.799238 -41.365150 0.368241 0.874915 -0.246746 0.195032
627.300000000 -97.400920 -94.738638 -40.679054 -0.030300 0.950572 -0.060181 0.303105
627.700000000 -97.583287 -95.012154 -40.202960 -0.006054 0.953575 0.024929 0.300061
627.800000000 -97.729409 -94.110404 -41.021023 0.113114 0.961481 0.218861 -0.121898
627.900000000 -98.939892 -93.006904 -41.482157 0.118030 0.890461 0.167068 -0.406493
628.000000000 -99.136437 -93.261369 -41.551659 0.117872 0.890155 0.166425 -0.407472
628.200000000 -98.662075 -91.982849 -41.237238 0.181144 0.851661 0.301144 -0.388809
628.400000000 -98.389462 -91.867671 -40.920565 0.219938 0.813547 0.390395 -0.370621
628.500000000 -98.569455 -92.016211 -40.987299 0.175203 0.855900 0.287331 -0.392658
628.900000000 -98.730911 -91.282245 -42.339025 0.172349 0.845036 -0.222620 -0.454587
629.100000000 -98.687622 -91.887668 -41.766498 0.188137 0.851058 -0.189094 -0.452271
629.200000000 -98.541690 -92.129589 -41.447946 0.186123 0.849920 -0.193817 -0.453242
629.300000000 -98.471339 -92.384767 -41.160388 0.186148 0.850122 -0.193303 -0.453073
629.400000000 -98.373053 -91.087420 -41.944431 0.191530 0.853086 -0.182477 -0.449737
629.500000000 -98.251019 -91.007398 -41.856827 0.190162 0.852588 -0.185491 -0.450028
629.800000000 -98.031947 -92.058582 -40.815312 0.183405 0.850570 -0.197781 -0.451415
629.900000000 -97.944488 -91.432127 -41.157021 0.185376 0.851225 -0.194672 -0.450726
630.100000000 -97.727507 -90.670700 -41.413813 0.189886 0.852662 -0.186371 -0.449640
630.200000000 -97.586365 -90.589319 -41.328080 0.193585 0.853664 -0.179674 -0.448887
630.800000000 -96.764652 -92.096802 -39.781430 -0.246554 -0.776426 0.170739 0.554276
630.900000000 -97.236462 -92.105603 -39.941814 -0.265032 -0.789174 0.125496 0.539641
631.100000000 -97.111738 -90.694249 -38.547889 -0.032687 0.980721 -0.187276 0.045235
631.200000000 -97.839660 -89.968480 -37.387536 -0.223190 0.895776 -0.168227 0.345647
631.300000000 -97.873753 -90.206658 -37.153317 -0.220449 0.894885 -0.174447 0.346629
631.400000000 -97.969765 -90.335926 -36.924246 -0.220449 0.895154 -0.174000 0.346157
631.700000000 -99.631628 -89.549486 -36.139383 -0.386086 0.784007 -0.248866 0.417536
632.000000000 -99.884592 -90.195002 -35.525027 -0.389243 0.798015 -0.184387 0.421501
632.100000000 -100.341648 -90.100683 -35.467190 -0.302049 0.749733 -0.324738 0.491133
632.300000000 -99.746133 -90.782244 -34.892053 -0.211182 0.695204 -0.388746 0.566542
632.400000000 -99.912062 -91.076473 -34.981890 -0.196036 0.694692 -0.351626 0.596097
632.600000000 -99.601376 -89.573666 -36.989331 0.571236 -0.304343 0.761019 -0.043768
632.900000000 -101.128925 -91.300584 -39.278118 0.586907 0.064988 0.707474 0.388326
633.000000000 -102.434805 -92.126887 -40.281442 0.425644 0.250034 0.656856 0.569957
633.100000000 -102.620519 -91.949470 -40.437999 0.566953 0.404891 0.577964 0.424954
633.200000000 -104.110088 -91.417361 -40.269231 0.703566 0.173673 0.358722 0.588346
633.500000000 -105.365092 -89.685816 -38.064170 0.853004 0.125298 0.379969 0.335126
633.700000000 -106.283745 -90.227927 -36.098298 0.919239 0.227256 0.316756 0.054952
634.000000000 -105.635929 -90.720284 -36.879605 0.851950 0.333162 0.045347 -0.401409
634.100000000 -105.434764 -90.982900 -36.990164 0.852644 0.332850 0.045258 -0.400200
634.200000000 -105.533279 -90.956663 -36.998795 0.890741 0.319838 0.083858 -0.311853
634.300000000 -105.479415 -91.111702 -36.932290 0.893359 0.318572 0.087246 -0.304649
634.400000000 -105.485281 -91.196813 -36.846826 0.895252 0.317778 0.089806 -0.299124
634.500000000 -105.456059 -91.433207 -36.700020 0.893763 0.319175 0.087209 -0.302837
634.600000000 -105.429180 -91.592544 -36.571172 0.894939 0.318577 0.088920 -0.299478
634.700000000 -105.696844 -91.255548 -36.692780 0.887637 0.320644 0.080663 -0.320595
634.800000000 -105.730655 -91.273736 -36.713566 0.886912 0.320676 0.080256 -0.322666
634.900000000 -105.740179 -91.359498 -36.670590 0.888095 0.320359 0.080717 -0.319598
635.000000000 -105.743728 -91.573768 -36.459267 0.888707 0.320147 0.082355 -0.317684
635.100000000 -105.804498 -91.585453 -36.476184 0.886223 0.321433 0.079386 -0.324019
635.200000000 -105.859610 -91.658560 -36.435615 0.886931 0.320795 0.079239 -0.322746
635.300000000 -105.864837 -91.830952 -36.312455 0.889277 0.319854 0.081847 -0.316513
635.500000000 -105.403417 -90.882392 -36.683815 0.722764 0.441697 0.384700 -0.366772
636.200000000 -105.616454 -89.801091 -36.344973 0.228927 0.260963 0.934235 -0.081820
636.300000000 -105.554325 -89.884785 -36.428020 0.228088 0.265558 0.933035 -0.083065
636.400000000 -105.394583 -89.611421 -36.305504 0.226063 0.288053 0.926289 -0.088932
636.700000000 -105.419328 -89.538182 -36.758382 0.229760 0.236710 0.940927 -0.076385
636.800000000 -105.396474 -89.636461 -36.919776 0.230006 0.233374 0.941764 -0.075590
636.900000000 -105.410275 -89.670647 -37.066377 0.230226 0.228852 0.942907 -0.074496
637.000000000 -105.386510 -89.728984 -37.149377 0.229110 0.240397 0.940070 -0.077375
637.100000000 -105.334907 -89.729820 -37.260391 0.229596 0.240809 0.939834 -0.077509
637.900000000 -105.352801 -90.201180 -38.310034 0.229338 0.242646 0.939502 -0.076573
638.100000000 -105.346756 -90.285462 -38.597400 0.229582 0.240707 0.939961 -0.076322
638.200000000 -105.346658 -90.334661 -38.738565 0.229549 0.236883 0.941001 -0.075566
638.500000000 -105.420229 -90.611192 -39.177469 0.229293 0.246157 0.938521 -0.077526
638.600000000 -105.356849 -90.544808 -39.233464 0.228753 0.249569 0.937658 -0.078640
638.700000000 -105.403519 -90.670206 -39.377659 0.227920 0.249649 0.937857 -0.078441
638.900000000 -105.416920 -90.769483 -39.634567 0.228661 0.249417 0.937754 -0.078243
639.000000000 -105.414753 -90.798867 -39.744674 0.228425 0.249913 0.937675 -0.078303
639.100000000 -105.449808 -90.855789 -39.895496 0.228356 0.248299 0.938176 -0.077628
639.400000000 -105.536146 -91.101972 -40.303772 0.228357 0.249676 0.937813 -0.077595
639.600000000 -105.495377 -91.057265 -40.468243 0.228571 0.250952 0.937399 -0.077857
639.700000000 -105.503362 -91.069460 -40.574446 0.228873 0.249916 0.937603 -0.077843
639.800000000 -105.509178 -91.084269 -40.692000 0.228939 0.248469 0.937990 -0.077619
639.900000000 -105.529481 -91.079453 -40.800663 0.229228 0.248044 0.938069 -0.077177
640.000000000 -105.582453 -91.193038 -40.955700 0.228633 0.249097 0.937922 -0.077327
640.300000000 -105.693141 -91.400617 -41.334574 0.228905 0.248749 0.937978 -0.076967
640.600000000 -105.772124 -91.477242 -41.671134 0.228644 0.248646 0.938026 -0.077491
640.700000000 -105.771061 -91.469128 -41.759039 0.228411 0.248999 0.937961 -0.077831
641.000000000 -105.853453 -91.556042 -42.054106 0.228074 0.250252 0.937673 -0.078269
641.100000000 -105.903928 -91.629263 -42.186935 0.227793 0.249361 0.937986 -0.078174
641.300000000 -106.028232 -91.793787 -42.448846 0.227874 0.248165 0.938335 -0.077555
641.600000000 -106.183516 -91.971650 -42.784017 0.227998 0.249120 0.938037 -0.077735
641.700000000 -106.223037 -91.988815 -42.884513 0.227766 0.248464 0.938264 -0.077780
641.800000000 -106.300718 -92.062382 -43.010650 0.228236 0.247811 0.938361 -0.077306
641.900000000 -106.387271 -92.185440 -43.155003 0.228100 0.247196 0.938576 -0.077068
642.000000000 -106.453324 -92.272191 -43.269509 0.227804 0.246984 0.938711 -0.076976
642.100000000 -106.512299 -92.334795 -43.370161 0.227914 0.247007 0.938682 -0.076936
642.200000000 -106.571903 -92.368119 -43.470334 0.227572 0.247967 0.938501 -0.077067
642.300000000 -106.663240 -92.492143 -43.615291 0.228023 0.246954 0.938688 -0.076706
642.400000000 -106.712710 -92.532378 -43.719976 0.228215 0.246309 0.938806 -0.076769
643.000000000 -107.118196 -92.891272 -44.347029 0.228044 0.246857 0.938720 -0.076565
643.100000000 -107.192185 -92.968958 -44.462747 0.227779 0.246221 0.938948 -0.076607
643.200000000 -107.239358 -93.019804 -44.554659 0.227895 0.246333 0.938857 -0.077013
643.400000000 -107.376387 -93.111238 -44.717028 0.227310 0.246972 0.938831 -0.077020
643.600000000 -107.582666 -93.333955 -44.981668 0.227507 0.245441 0.939250 -0.076216
643.900000000 -107.755363 -93.493109 -45.253661 0.227815 0.246480 0.938838 -0.077013
644.000000000 -107.804847 -93.530057 -45.339985 0.227423 0.246631 0.938864 -0.077371
644.300000000 -108.032651 -93.684434 -45.618758 0.227804 0.245940 0.938927 -0.077689
644.400000000 -108.138459 -93.805873 -45.741492 0.227289 0.244808 0.939388 -0.077191
644.500000000 -108.228382 -93.895872 -45.855630 0.227469 0.244825 0.939341 -0.077182
644.800000000 -108.449693 -94.040976 -46.103453 0.227624 0.245422 0.939132 -0.077376
645.000000000 -108.611413 -94.190900 -46.328157 0.227873 0.244527 0.939292 -0.077527
645.100000000 -108.701667 -94.303384 -46.436430 0.227193 0.244546 0.939448 -0.077576
645.700000000 -109.156229 -94.698294 -47.001135 0.227492 0.243988 0.939472 -0.078166
645.800000000 -109.244526 -94.749470 -47.106218 0.227805 0.243178 0.939625 -0.077939
645.900000000 -109.286035 -94.790691 -47.178448 0.227596 0.243496 0.939540 -0.078580
646.100000000 -109.418068 -94.890145 -47.351021 0.227762 0.243613 0.939430 -0.079051
646.200000000 -109.507413 -94.967912 -47.455908 0.227569 0.243556 0.939490 -0.079060
646.500000000 -109.743733 -95.165096 -47.741629 0.227616 0.243223 0.939554 -0.079190
646.700000000 -109.888411 -95.310444 -47.920923 0.228060 0.243753 0.939290 -0.079422
646.900000000 -110.022990 -95.420831 -48.105287 0.227526 0.243292 0.939496 -0.079929
647.000000000 -110.097913 -95.485218 -48.209101 0.227826 0.242866 0.939549 -0.079748
647.600000000 -110.515157 -95.913489 -48.817381 0.227297 0.242436 0.939689 -0.080908
647.700000000 -110.570067 -95.953433 -48.900442 0.227251 0.242006 0.939794 -0.081106
648.200000000 -110.930508 -96.335297 -49.403982 0.227985 0.241775 0.939691 -0.080926
648.500000000 -111.136758 -96.500880 -49.693946 0.228095 0.242023 0.939572 -0.081249
648.700000000 -111.258717 -96.656772 -49.901609 0.228502 0.241452 0.939630 -0.081142
648.900000000 -111.390216 -96.863091 -50.131850 0.227917 0.241094 0.939844 -0.081365
649.200000000 -111.569021 -97.058203 -50.454509 0.228297 0.240259 0.939946 -0.081598
649.300000000 -111.635696 -97.123636 -50.555802 0.228627 0.240041 0.939957 -0.081183
649.400000000 -111.697356 -97.211202 -50.668557 0.228437 0.239785 0.940057 -0.081317
650.200000000 -112.147094 -97.771353 -51.540902 0.228649 0.240055 0.939876 -0.082021
650.700000000 -112.394957 -98.073131 -52.082269 0.228940 0.240641 0.939621 -0.082404
650.800000000 -112.452458 -98.202043 -52.202452 0.228424 0.240429 0.939797 -0.082444
651.000000000 -112.538346 -98.331609 -52.417702 0.228592 0.240456 0.939735 -0.082619
651.200000000 -112.620003 -98.446775 -52.622853 0.228623 0.240175 0.939786 -0.082764
651.300000000 -112.663563 -98.506280 -52.736610 0.228663 0.239872 0.939853 -0.082777
651.500000000 -112.768968 -98.656399 -52.964640 0.228732 0.240328 0.939722 -0.082749
652.100000000 -113.048950 -99.100655 -53.688633 0.228281 0.240725 0.939701 -0.083073
652.300000000 -113.144931 -99.295797 -53.945059 0.227990 0.239904 0.939980 -0.083088
652.800000000 -113.353829 -99.554022 -54.488701 0.229360 0.240663 0.939457 -0.083047
652.900000000 -113.399513 -99.667688 -54.635002 0.228812 0.239722 0.939824 -0.083121
653.400000000 -113.595629 -99.947427 -55.186333 0.228654 0.240074 0.939753 -0.083341
653.800000000 -113.765338 -100.225467 -55.671047 0.229237 0.239644 0.939748 -0.083033
654.000000000 -113.846759 -100.362429 -55.907191 0.229625 0.239524 0.939675 -0.083139
654.200000000 -113.931441 -100.495230 -56.151301 0.229220 0.239143 0.939865 -0.083201
654.400000000 -114.005720 -100.621616 -56.383360 0.229124 0.239268 0.939823 -0.083585
654.600000000 -114.083316 -100.713612 -56.605128 0.229365 0.240491 0.939449 -0.083615
654.800000000 -114.171434 -100.836455 -56.857791 0.229611 0.238637 0.939879 -0.083414
654.900000000 -114.220548 -100.907350 -56.974271 0.229358 0.240150 0.939558 -0.083391
655.100000000 -114.306680 -101.049305 -57.200378 0.229341 0.238984 0.939885 -0.083095
655.200000000 -114.336523 -101.104283 -57.320385 0.229622 0.238650 0.939891 -0.083213
655.300000000 -114.382302 -101.202657 -57.447791 0.229720 0.237940 0.940068 -0.082975
655.400000000 -114.433011 -101.254044 -57.565872 0.229933 0.237098 0.940277 -0.082429
655.700000000 -114.575956 -101.409361 -57.919823 0.229593 0.238697 0.939931 -0.082711
655.900000000 -114.650464 -101.582451 -58.161972 0.229783 0.237002 0.940304 -0.082811
656.300000000 -114.842220 -101.783842 -58.610802 0.230335 0.238002 0.939932 -0.082638
657.100000000 -115.229629 -102.294647 -59.559351 0.230410 0.234831 0.940768 -0.081978
657.200000000 -115.275399 -102.418695 -59.704157 0.230311 0.233626 0.941094 -0.081957
657.300000000 -115.325918 -102.491733 -59.813458 0.230299 0.233972 0.941018 -0.081876
657.400000000 -115.368472 -102.556283 -59.936303 0.230189 0.233117 0.941249 -0.081974
657.500000000 -115.413849 -102.535853 -60.025787 0.229765 0.234463 0.940980 -0.082416
657.600000000 -115.450165 -102.552291 -60.115298 0.230050 0.234476 0.940896 -0.082533
657.800000000 -115.568855 -102.765182 -60.394007 0.229834 0.234646 0.940901 -0.082604
657.900000000 -115.624580 -102.832054 -60.508955 0.229832 0.234903 0.940834 -0.082636
658.100000000 -115.724631 -102.961042 -60.737509 0.230334 0.233632 0.941035 -0.082560
658.300000000 -115.834416 -103.090679 -60.989215 0.230026 0.233854 0.941037 -0.082767
658.400000000 -115.893080 -103.156673 -61.116655 0.229840 0.233538 0.941145 -0.082947
658.600000000 -116.023048 -103.312684 -61.355939 0.230546 0.230996 0.941663 -0.082222
659.400000000 -116.569478 -103.829820 -62.236490 0.230655 0.229523 0.941971 -0.082513
659.500000000 -116.637222 -103.871355 -62.314111 0.230938 0.229025 0.942039 -0.082331
659.900000000 -116.975796 -104.137107 -62.733164 0.230368 0.228680 0.942227 -0.082732
660.000000000 -117.069867 -104.208793 -62.849730 0.230414 0.225870 0.942957 -0.081999
660.100000000 -117.161220 -104.268368 -62.955182 0.230768 0.224575 0.943200 -0.081771
660.500000000 -117.554564 -104.554619 -63.341414 0.229860 0.225323 0.943160 -0.082722
660.700000000 -117.766135 -104.715608 -63.513543 0.230267 0.226876 0.942638 -0.083291
660.900000000 -117.982517 -104.866075 -63.670618 0.229739 0.226550 0.942800 -0.083809
661.100000000 -118.258300 -105.027011 -63.849298 0.229936 0.225704 0.942987 -0.083438
661.200000000 -118.376504 -105.073127 -63.919664 0.229366 0.223679 0.943633 -0.083163
661.300000000 -118.496764 -105.178861 -63.982982 0.229463 0.225685 0.943095 -0.083572
661.500000000 -118.756737 -105.347736 -64.118794 0.229679 0.225030 0.943220 -0.083333
661.600000000 -118.886441 -105.435890 -64.200828 0.230041 0.223192 0.943578 -0.083228
662.400000000 -119.974751 -105.963330 -64.799878 0.228812 0.226094 0.943034 -0.084927
662.500000000 -120.098474 -106.069751 -64.884505 0.228081 0.222397 0.944088 -0.084954
663.000000000 -120.781954 -106.414007 -65.243434 0.227573 0.225354 0.943421 -0.085929
663.300000000 -121.166111 -106.640726 -65.495802 0.227781 0.223243 0.943889 -0.085744
663.400000000 -121.291754 -106.717025 -65.592170 0.227579 0.221376 0.944402 -0.085469
663.500000000 -121.403458 -106.769394 -65.666258 0.227280 0.224824 0.943557 -0.086593
663.700000000 -121.627252 -106.939285 -65.825382 0.227623 0.224251 0.943591 -0.086807
663.900000000 -121.832671 -107.091001 -66.012313 0.227366 0.221260 0.944411 -0.086230
664.200000000 -122.152637 -107.279249 -66.282685 0.227497 0.223159 0.943902 -0.086565
664.400000000 -122.325327 -107.437700 -66.457433 0.227586 0.220472 0.944552 -0.086127
664.500000000 -122.400328 -107.448792 -66.518165 0.227031 0.228619 0.942560 -0.088155
664.900000000 -122.718520 -107.732920 -66.933062 0.226525 0.226843 0.943092 -0.088357
665.000000000 -122.762655 -107.747327 -66.985222 0.227313 0.232812 0.941339 -0.089492
665.100000000 -122.816222 -107.802570 -67.062024 0.226793 0.236310 0.940497 -0.090488
665.500000000 -123.105073 -108.121919 -67.558781 0.227292 0.227446 0.942761 -0.088371
665.800000000 -123.254485 -108.305057 -67.882314 0.226939 0.232242 0.941547 -0.089733
665.900000000 -123.269206 -108.376857 -67.951129 0.226587 0.233880 0.941179 -0.090221
666.100000000 -123.342405 -108.480428 -68.172795 0.226702 0.236859 0.940338 -0.090930
666.300000000 -123.405175 -108.601028 -68.380680 0.227461 0.239880 0.939340 -0.091435
666.400000000 -123.441135 -108.681612 -68.505739 0.226536 0.240308 0.939412 -0.091861
666.600000000 -123.493720 -108.807435 -68.731832 0.226668 0.239280 0.939708 -0.091189
666.700000000 -123.520970 -108.879393 -68.865120 0.227049 0.240892 0.939143 -0.091822
667.500000000 -123.655513 -109.287309 -69.802377 0.228187 0.230835 0.941710 -0.088481
667.600000000 -123.644268 -109.350128 -69.939323 0.227815 0.248055 0.936991 -0.092833
667.700000000 -123.676239 -109.452938 -70.090801 0.227420 0.240770 0.939169 -0.090947
667.800000000 -123.703301 -109.574470 -70.267165 0.227626 0.232878 0.941264 -0.089308
668.300000000 -123.715950 -109.816822 -70.884817 0.228012 0.212088 0.946576 -0.083799
668.700000000 -123.710057 -110.070811 -71.448327 0.228526 0.233450 0.940929 -0.089044
668.800000000 -123.687471 -110.048033 -71.536588 0.226977 0.257328 0.934500 -0.094727
669.000000000 -123.696852 -110.258091 -71.819711 0.228242 0.239335 0.939411 -0.090170
669.100000000 -123.693685 -110.261747 -71.944528 0.227663 0.247104 0.937414 -0.091458
669.400000000 -123.671659 -110.413705 -72.309552 0.227907 0.233060 0.941283 -0.087904
669.600000000 -123.662583 -110.573457 -72.588607 0.228612 0.234648 0.940699 -0.088110
669.700000000 -123.659747 -110.606052 -72.700867 0.228606 0.225878 0.943067 -0.085688
669.800000000 -123.679452 -110.689115 -72.859681 0.228516 0.212207 0.946562 -0.082268
669.900000000 -123.689911 -110.774581 -73.027231 0.228836 0.218637 0.944855 -0.084148
670.100000000 -123.692215 -110.879039 -73.338912 0.228663 0.242727 0.938456 -0.089989
670.400000000 -123.704431 -111.107182 -73.726525 0.228355 0.230016 0.942041 -0.086637
670.700000000 -123.740332 -111.310001 -74.177216 0.228290 0.230963 0.941795 -0.086956
670.800000000 -123.727900 -111.363220 -74.287046 0.228351 0.235977 0.940425 -0.088153
671.100000000 -123.741505 -111.518965 -74.702666 0.228500 0.235143 0.940588 -0.088262
671.300000000 -123.779939 -111.664359 -74.991068 0.228848 0.233366 0.940994 -0.087750
671.600000000 -123.831904 -111.889385 -75.384273 0.227922 0.234947 0.940782 -0.088205
671.700000000 -123.818459 -111.934214 -75.523462 0.228513 0.234067 0.940833 -0.088471
671.800000000 -123.854444 -111.940232 -75.675746 0.228720 0.232617 0.941190 -0.087964
672.100000000 -123.919408 -112.167953 -76.078439 0.229024 0.235042 0.940453 -0.088609
672.200000000 -123.945824 -112.238193 -76.200619 0.228793 0.233910 0.940816 -0.088350
672.300000000 -123.950463 -112.306979 -76.303757 0.228953 0.234409 0.940639 -0.088493
673.200000000 -120.399740 -110.047543 -77.143300 0.302870 0.214359 0.905399 -0.206332
673.500000000 -120.428303 -110.375956 -77.446149 0.304447 0.210011 0.906000 -0.205843
673.700000000 -121.308830 -110.863430 -76.725072 0.310433 0.237726 0.891186 -0.230011
673.900000000 -119.352017 -109.663847 -79.472977 0.136718 0.028704 0.989884 -0.024776
674.100000000 -119.710390 -107.010942 -80.868464 0.129123 -0.096319 0.986939 -0.000600
674.400000000 -119.463765 -103.570610 -80.438954 0.134804 -0.109427 0.984797 0.005421
676.000000000 -111.394383 -94.142009 -76.414831 0.219096 -0.496243 0.758137 0.361893
676.200000000 -111.276390 -93.813347 -76.305266 0.214495 -0.503925 0.753035 0.364679
676.400000000 -111.402813 -93.505378 -76.350046 0.211066 -0.512083 0.747140 0.367429
676.600000000 -111.568056 -93.179631 -76.452231 0.212800 -0.509111 0.749119 0.366527
676.900000000 -111.683422 -92.666419 -76.462574 0.215362 -0.502181 0.753907 0.364772
677.000000000 -111.735010 -92.534174 -76.446848 0.211677 -0.510006 0.748559 0.367077
677.200000000 -111.914151 -92.218155 -76.541776 0.212393 -0.507343 0.750915 0.365540
677.400000000 -112.015266 -91.885450 -76.525715 0.213468 -0.505679 0.752138 0.364703
677.500000000 -112.077752 -91.711424 -76.490391 0.214632 -0.504417 0.752682 0.364645
677.700000000 -112.233644 -91.289419 -76.510491 0.211442 -0.510253 0.748584 0.366820
677.800000000 -112.181757 -91.299238 -76.356994 0.217545 -0.497990 0.757075 0.362653
677.900000000 -112.232086 -91.212837 -76.268803 0.214918 -0.504206 0.752708 0.364715
678.000000000 -112.287632 -91.111201 -76.226365 0.214500 -0.503861 0.753190 0.364445
678.100000000 -112.371682 -90.956088 -76.252364 0.215082 -0.503241 0.753724 0.363851
678.500000000 -112.667954 -90.260145 -76.228160 0.213460 -0.505914 0.751927 0.364818
678.800000000 -112.767785 -89.783823 -76.081468 0.217278 -0.497526 0.757660 0.362229
679.200000000 -113.069594 -89.131610 -76.002446 0.211031 -0.510409 0.748840 0.366315
679.300000000 -113.131435 -88.961755 -76.052486 0.212439 -0.508151 0.750496 0.365251
679.400000000 -113.162555 -88.815093 -76.007489 0.212727 -0.506565 0.751732 0.364743
679.600000000 -113.192814 -88.641402 -75.838691 0.218388 -0.495801 0.759033 0.361050
679.700000000 -113.257483 -88.615281 -75.748840 0.217694 -0.496151 0.758780 0.361521
679.800000000 -113.320112 -88.362137 -75.778988 0.212354 -0.507928 0.750914 0.364751
679.900000000 -113.401900 -88.232863 -75.748987 0.218413 -0.496352 0.758698 0.360982
680.100000000 -113.561786 -87.734770 -75.868062 0.207293 -0.516429 0.745120 0.367596
680.400000000 -113.640491 -87.393282 -75.752325 0.203746 -0.501227 0.755069 0.370311
680.700000000 -113.711260 -87.233400 -75.597192 0.208282 -0.489562 0.762889 0.367352
680.800000000 -113.757799 -87.079032 -75.608804 0.200923 -0.506445 0.751518 0.371973
681.000000000 -113.833234 -86.799924 -75.644717 0.201052 -0.508057 0.750612 0.371534
681.300000000 -113.865282 -86.525111 -75.634540 0.207736 -0.497474 0.757861 0.367440
681.800000000 -113.915614 -85.939841 -75.781784 0.202561 -0.508258 0.750424 0.370819
682.100000000 -113.930573 -85.675134 -75.891056 0.202499 -0.508750 0.750076 0.370882
682.400000000 -113.909962 -85.436151 -76.001317 0.205484 -0.503972 0.753379 0.369064
682.500000000 -113.911640 -85.312991 -76.094999 0.202146 -0.510440 0.748895 0.371140
682.600000000 -113.854479 -85.257851 -76.096480 0.205863 -0.504311 0.753126 0.368906
682.900000000 -113.803643 -85.175411 -76.205168 0.212235 -0.492884 0.760771 0.365034
683.300000000 -113.699628 -84.828860 -76.483796 0.200985 -0.514880 0.745923 0.371621
683.500000000 -113.612952 -84.757464 -76.568419 0.203148 -0.511960 0.747973 0.370357
683.700000000 -113.514994 -84.641108 -76.691857 0.204561 -0.508515 0.750365 0.369484
683.800000000 -113.492955 -84.566638 -76.776121 0.202632 -0.512881 0.747230 0.370864
684.000000000 -113.427885 -84.422976 -76.969258 0.204612 -0.509340 0.749668 0.369736
684.100000000 -113.394972 -84.406538 -77.034059 0.204228 -0.510461 0.749025 0.369705
684.300000000 -113.295893 -84.263912 -77.215640 0.202563 -0.512870 0.747304 0.370769
684.400000000 -113.272710 -84.248620 -77.293224 0.203149 -0.512274 0.747711 0.370451
684.500000000 -113.201348 -84.254254 -77.339666 0.205726 -0.509050 0.749974 0.368896
684.600000000 -113.141497 -84.244251 -77.393968 0.205175 -0.510352 0.749090 0.369199
684.700000000 -113.100234 -84.129491 -77.515991 0.203870 -0.512914 0.747233 0.370134
684.900000000 -112.990598 -84.128525 -77.619927 0.207715 -0.505853 0.752015 0.368023
685.100000000 -112.904247 -83.971203 -77.853674 0.203451 -0.516258 0.745014 0.370189
685.200000000 -112.845067 -83.966054 -77.915520 0.207425 -0.517317 0.744422 0.367688
685.500000000 -112.654514 -83.890459 -78.118415 0.224040 -0.503864 0.753667 0.357649
686.100000000 -112.400111 -83.658881 -78.544749 0.213569 -0.516477 0.745121 0.363914
686.200000000 -112.365793 -83.659498 -78.595937 0.214514 -0.514906 0.746230 0.363313
686.300000000 -112.339716 -83.661281 -78.648858 0.214491 -0.516195 0.745208 0.363595
686.700000000 -112.190763 -83.380312 -78.943416 0.210671 -0.522709 0.740727 0.365672
686.800000000 -112.154109 -83.382577 -78.969884 0.210515 -0.522080 0.741139 0.365826
686.900000000 -112.163810 -83.258735 -79.086619 0.207210 -0.528635 0.736492 0.367679
687.000000000 -112.109631 -83.203732 -79.127076 0.207731 -0.526724 0.737821 0.367464
687.300000000 -111.995399 -83.028355 -79.266934 0.219812 -0.504922 0.752644 0.360921
687.400000000 -112.004090 -83.067993 -79.300350 0.212478 -0.517820 0.743978 0.364983
687.800000000 -111.917597 -82.709216 -79.517920 0.204573 -0.531297 0.734673 0.368955
687.900000000 -111.917611 -82.648028 -79.590932 0.208163 -0.523962 0.739885 0.367018
688.100000000 -111.882114 -82.494977 -79.659246 0.213510 -0.514466 0.746328 0.364325
688.200000000 -111.851120 -82.459883 -79.665951 0.210013 -0.520756 0.742031 0.366193
688.300000000 -111.782230 -82.492968 -79.596782 0.215404 -0.511685 0.748073 0.363547
688.500000000 -111.674470 -82.460310 -79.532343 0.220881 -0.501404 0.754841 0.360584
688.800000000 -111.793132 -81.959433 -79.870825 0.210536 -0.519490 0.742813 0.366106
689.000000000 -111.822952 -81.614560 -80.036988 0.206353 -0.524994 0.739268 0.367808
689.200000000 -111.801984 -81.449636 -80.064582 0.212075 -0.515207 0.745912 0.364967
689.600000000 -111.694471 -81.302385 -79.939327 0.224804 -0.492923 0.760263 0.358455
689.900000000 -111.674460 -81.316115 -79.798682 0.219086 -0.502627 0.753867 0.362011
690.100000000 -111.652939 -81.262235 -79.725607 0.219616 -0.502249 0.754015 0.361905
690.600000000 -111.644466 -81.107881 -79.562811 0.222191 -0.497611 0.756960 0.360593
690.900000000 -111.564936 -81.222139 -79.279618 0.228830 -0.485969 0.764066 0.357314
691.700000000 -111.536773 -80.989810 -78.890382 0.222416 -0.496718 0.756959 0.361685
692.700000000 -111.615486 -80.507523 -78.556601 0.217921 -0.503426 0.752161 0.365138
692.800000000 -111.590271 -80.429510 -78.516324 0.230648 -0.480370 0.766908 0.357628
692.900000000 -111.643952 -80.210089 -78.600059 0.224955 -0.491250 0.760029 0.361142
693.300000000 -111.849458 -79.546047 -78.842422 0.188313 -0.555131 0.715437 0.380155
693.400000000 -111.820089 -79.276324 -78.928220 0.219923 -0.499289 0.754980 0.363799
693.800000000 -111.624931 -79.723243 -78.328684 0.297830 -0.342279 0.834970 0.311396
694.000000000 -111.592090 -79.843643 -78.116306 0.212348 -0.514411 0.744304 0.369190
694.200000000 -111.832222 -79.157442 -78.550618 0.148117 -0.619567 0.661034 0.396525
694.600000000 -111.774976 -78.811978 -78.501619 0.250038 -0.436667 0.791535 0.346807
694.800000000 -111.550186 -79.363631 -78.002099 0.242088 -0.434048 0.793201 0.351893
694.900000000 -111.474839 -79.663986 -77.721409 0.193777 -0.525883 0.734801 0.382054
695.400000000 -111.536691 -80.345777 -77.379532 -0.121218 0.644700 -0.631925 -0.412721
695.600000000 -111.271942 -80.458193 -77.115361 0.163088 -0.580339 0.691607 0.397855
695.700000000 -110.869220 -80.261616 -76.915936 0.179392 -0.554241 0.712763 0.390646
696.100000000 -110.736042 -81.464203 -76.374535 0.326830 -0.242456 0.869325 0.280485
696.300000000 -109.809864 -82.262804 -75.317342 0.336780 -0.193191 0.882781 0.264489
696.600000000 -109.243044 -84.166242 -73.899725 0.301999 -0.339081 0.831206 0.320806
696.700000000 -108.908042 -85.079282 -73.190286 0.252943 -0.439343 0.780598 0.365599
696.800000000 -108.954301 -85.629717 -72.968212 0.192960 -0.573691 0.687809 0.400703
697.100000000 -109.752098 -86.869789 -73.093864 -0.133997 0.652398 -0.609482 -0.430063
697.200000000 -109.760086 -87.241715 -72.943854 -0.116054 0.678180 -0.581066 -0.434702
697.400000000 -109.732254 -87.488525 -72.873924 -0.116093 0.677616 -0.582029 -0.434282
697.500000000 -109.750778 -87.664273 -72.831097 -0.126142 0.662312 -0.598763 -0.432334
698.000000000 -109.654107 -87.871502 -73.223176 -0.161543 0.667214 -0.601548 -0.408496
698.100000000 -109.711115 -87.958574 -73.221805 0.219762 -0.579135 0.687121 0.379700
698.300000000 -109.766905 -87.009358 -73.477109 0.210037 -0.534170 0.722028 0.386293
698.400000000 -109.699108 -87.091092 -73.403405 0.207176 -0.539301 0.718517 0.387254
698.700000000 -109.845977 -88.005612 -73.187007 0.212593 -0.535590 0.721465 0.383974
699.200000000 -110.135626 -89.719371 -72.593130 0.146219 -0.627938 0.639240 0.419148
699.300000000 -110.184484 -89.710956 -72.609052 -0.122958 0.664108 -0.602119 -0.425786
699.500000000 -110.257134 -89.833747 -72.623691 -0.121730 0.669479 -0.597686 -0.423972
699.600000000 -110.291731 -89.793755 -72.698757 -0.130083 0.658992 -0.609958 -0.420427
699.800000000 -110.048001 -89.970867 -72.772288 -0.165160 0.663118 -0.611697 -0.398527
700.100000000 -110.315872 -88.721680 -73.625803 -0.172332 0.639595 -0.634834 -0.397750
700.200000000 -110.341802 -88.646455 -73.678603 0.217141 -0.574609 0.694136 0.375300
700.300000000 -110.394179 -88.657474 -73.728141 0.214719 -0.576807 0.692204 0.376886
700.400000000 -110.482584 -87.898182 -74.218171 0.186495 -0.624079 0.650495 0.390642
700.800000000 -110.689180 -84.716344 -76.966696 -0.177299 0.631858 -0.622159 -0.426894
700.900000000 -110.748973 -84.802260 -77.028707 -0.158789 0.658963 -0.594933 -0.431982
701.000000000 -110.793106 -84.820728 -77.056144 -0.167609 0.647336 -0.607406 -0.428860
701.100000000 -110.874304 -84.870102 -77.089612 -0.151636 0.664061 -0.587446 -0.436964
701.600000000 -117.086302 -80.278792 -75.342527 0.070398 -0.638726 0.765409 0.034947
701.900000000 -123.334923 -78.369113 -78.515439 0.276017 -0.378463 0.750380 -0.466380
702.000000000 -123.306405 -78.382237 -78.574044 0.268151 -0.365220 0.756267 -0.471984
702.100000000 -123.270402 -78.405160 -78.544553 0.265265 -0.361340 0.758191 -0.473513
702.200000000 -123.200794 -78.443497 -78.561320 0.269342 -0.369674 0.754402 -0.470822
702.900000000 -122.595622 -78.910503 -79.352425 0.298381 -0.424754 0.725911 -0.451228
703.000000000 -122.568541 -78.927641 -79.407712 0.289728 -0.408180 0.733933 -0.459118
703.100000000 -122.526384 -78.957986 -79.420875 0.285420 -0.402875 0.737287 -0.461123
703.400000000 -122.386116 -79.073240 -79.538834 0.283290 -0.399443 0.738475 -0.463516
703.700000000 -122.198889 -79.223821 -79.707460 0.287266 -0.407993 0.733676 -0.461237
703.900000000 -122.067859 -79.328721 -79.811042 0.289835 -0.415145 0.730244 -0.458687
704.300000000 -121.805682 -79.507872 -79.946081 0.287611 -0.410650 0.731417 -0.462250
704.400000000 -121.621934 -79.591449 -79.851778 0.284348 -0.402384 0.734611 -0.466454
704.500000000 -121.555983 -79.642038 -79.886331 0.286595 -0.408514 0.732182 -0.463562
704.600000000 -121.478045 -79.677274 -79.874586 0.285014 -0.404577 0.733717 -0.465559
704.800000000 -121.344524 -79.767952 -79.863621 0.285340 -0.404160 0.733350 -0.466298
705.200000000 -121.177875 -79.925004 -79.986329 0.289240 -0.410516 0.729696 -0.464071
705.300000000 -121.193206 -79.937991 -80.073348 0.283593 -0.396810 0.735455 -0.470343
705.800000000 -120.972914 -80.120872 -80.267587 0.289451 -0.407432 0.729925 -0.466290
705.900000000 -120.975358 -80.130790 -80.308892 0.287736 -0.403584 0.731583 -0.468096
706.100000000 -121.010808 -80.156725 -80.457403 0.290638 -0.409422 0.728702 -0.465721
706.200000000 -120.971162 -80.186213 -80.486776 0.289186 -0.406685 0.730023 -0.466953
706.500000000 -120.730411 -80.322703 -80.433429 0.290034 -0.407869 0.729450 -0.466288
706.900000000 -120.389635 -80.499598 -80.249742 0.287458 -0.402133 0.732400 -0.468239
707.200000000 -120.170746 -80.620179 -80.117891 0.287730 -0.401687 0.732546 -0.468226
707.500000000 -120.075815 -80.697876 -80.103553 0.295613 -0.411487 0.727088 -0.463286
707.600000000 -120.087584 -80.683303 -80.179841 0.302401 -0.414009 0.724403 -0.460858
708.000000000 -119.929270 -80.749684 -80.106391 0.299855 -0.392710 0.733365 -0.466949
708.100000000 -119.829844 -80.779897 -80.029937 0.303819 -0.400875 0.729313 -0.463784
708.200000000 -119.813580 -80.773983 -80.061497 0.304120 -0.407675 0.726937 -0.461383
708.400000000 -119.670749 -80.796302 -79.990316 0.293692 -0.407047 0.729397 -0.464798
708.600000000 -119.587300 -80.801627 -79.949378 0.289109 -0.407123 0.730877 -0.465280
708.900000000 -119.542366 -80.782222 -79.997329 0.296036 -0.417135 0.725087 -0.461097
709.000000000 -119.461782 -80.788211 -79.980102 0.293849 -0.412650 0.727203 -0.463193
709.100000000 -119.414001 -80.799842 -79.944034 0.293485 -0.411311 0.727971 -0.463409
709.200000000 -119.370940 -80.803678 -79.908697 0.293268 -0.410276 0.728394 -0.463800
709.500000000 -119.286042 -80.789564 -79.883954 0.295120 -0.414777 0.726422 -0.461709
709.600000000 -119.280937 -80.782436 -79.891503 0.296253 -0.416376 0.725448 -0.461075
709.700000000 -119.168044 -80.819771 -79.766923 0.295221 -0.413991 0.726929 -0.461552
710.200000000 -118.555084 -80.983032 -79.104869 0.279913 -0.386081 0.741851 -0.471430
710.400000000 -118.528102 -80.968498 -79.050326 0.293482 -0.408999 0.729865 -0.462478
710.500000000 -118.662604 -80.914580 -79.208796 0.299339 -0.419363 0.724414 -0.457990
710.900000000 -118.853889 -80.805581 -79.477801 0.298256 -0.418176 0.725543 -0.457995
711.000000000 -118.849712 -80.799842 -79.464136 0.296248 -0.414475 0.727660 -0.459303
711.100000000 -118.846656 -80.797996 -79.440610 0.295234 -0.413095 0.728757 -0.459458
711.200000000 -118.800333 -80.806025 -79.431949 0.295248 -0.413382 0.728761 -0.459185
711.600000000 -118.822613 -80.760983 -79.466654 0.297250 -0.416309 0.727277 -0.457600
711.800000000 -118.968747 -80.694929 -79.640553 0.303226 -0.426964 0.721398 -0.453146
711.900000000 -119.065721 -80.664026 -79.762106 0.302083 -0.424717 0.722666 -0.454000
712.300000000 -119.495024 -80.458426 -80.157763 0.295727 -0.414889 0.728562 -0.457831
712.700000000 -119.990782 -80.259686 -80.899150 0.309435 -0.440862 0.714293 -0.446851
712.800000000 -120.246381 -80.154661 -81.216751 0.311678 -0.447555 0.710995 -0.443889
713.000000000 -120.562174 -80.022185 -81.536606 0.294391 -0.417372 0.728341 -0.456786
713.900000000 -120.507911 -79.987038 -81.451366 0.223786 -0.294518 0.783605 -0.499142
714.200000000 -120.347322 -80.109718 -81.220227 0.289377 -0.406088 0.734668 -0.460019
714.300000000 -120.348946 -80.118216 -81.280729 0.308935 -0.441114 0.715272 -0.445381
714.400000000 -120.487005 -80.059613 -81.396588 0.290758 -0.409947 0.732861 -0.458605
714.500000000 -120.575093 -80.033108 -81.534867 0.279190 -0.390470 0.743052 -0.466327
714.600000000 -120.574131 -80.051075 -81.622727 0.288187 -0.406077 0.734976 -0.460282
714.700000000 -120.857024 -79.949271 -81.915192 0.300258 -0.427939 0.723155 -0.451397
714.800000000 -120.938487 -79.920934 -82.112311 0.284448 -0.400346 0.737859 -0.463008
714.900000000 -121.022310 -79.893165 -82.205390 0.280518 -0.393913 0.741289 -0.465438
715.000000000 -121.119957 -79.865482 -82.332557 0.290555 -0.412424 0.731755 -0.458278
715.100000000 -121.298791 -79.813348 -82.581508 0.291154 -0.415174 0.730700 -0.457096
715.300000000 -121.607385 -79.707585 -83.005569 0.273720 -0.385980 0.745647 -0.469156
715.500000000 -121.671828 -79.703601 -83.204088 0.269468 -0.380310 0.748818 -0.471194
715.600000000 -121.699990 -79.709209 -83.335221 0.281436 -0.402902 0.737805 -0.462717
715.900000000 -121.784248 -79.714684 -83.734767 0.285703 -0.411197 0.733435 -0.459744
716.000000000 -121.697483 -79.756267 -83.658219 0.287298 -0.414194 0.731848 -0.458587
716.100000000 -121.646086 -79.790639 -83.649155 0.283851 -0.407619 0.735205 -0.461247
716.400000000 -121.018659 -80.043662 -83.000410 0.233394 -0.317719 0.775446 -0.493219
716.700000000 -120.999677 -80.113561 -83.134712 0.300944 -0.435747 0.719454 -0.449379
717.000000000 -120.222566 -80.479989 -82.559647 0.301277 -0.436674 0.719139 -0.448762
717.500000000 -119.962818 -80.663776 -82.518205 0.353277 -0.528028 0.658422 -0.403563
717.600000000 -120.081424 -80.589893 -82.766717 0.282553 -0.404439 0.736546 -0.462702
718.000000000 -119.723433 -80.695200 -83.146169 -0.091034 0.087612 -0.831960 0.540259
718.200000000 -119.692809 -80.697397 -82.983320 -0.069119 0.052312 -0.834590 0.544009
718.500000000 -119.466093 -80.785546 -82.595063 -0.142208 0.158633 -0.818024 0.534274
718.600000000 -119.293123 -80.891260 -82.526753 -0.187348 0.226440 -0.800218 0.522758
719.000000000 -117.973028 -81.527189 -81.680727 0.246984 -0.332084 0.765863 -0.492111
719.100000000 -117.980895 -81.553022 -81.731281 0.313089 -0.456121 0.706480 -0.441379
719.500000000 -117.753183 -81.762912 -82.595468 0.358973 -0.551955 0.644957 -0.387963
719.600000000 -117.643776 -81.785965 -82.571200 0.334138 -0.506837 0.678387 -0.413835
719.900000000 -117.861365 -81.558636 -82.228447 0.323434 -0.485098 0.691818 -0.425978
720.000000000 -118.165639 -81.388196 -82.731859 0.308141 -0.459170 0.707919 -0.439389
720.400000000 -118.445316 -81.125461 -83.189139 -0.150732 0.194407 -0.814036 0.526148
720.500000000 -118.475655 -81.014010 -82.487900 -0.083506 0.082608 -0.831288 0.543290
720.800000000 -118.574772 -80.823071 -81.562048 -0.073108 0.062102 -0.832206 0.546107
720.900000000 -118.363031 -80.878338 -81.303775 -0.048276 0.020652 -0.833816 0.549539
721.200000000 -118.629387 -80.606825 -80.055030 0.013464 -0.083041 -0.829061 0.552794
721.300000000 -118.546627 -80.586894 -79.649469 -0.038576 0.000264 -0.833240 0.551564
721.600000000 -118.150925 -80.716059 -79.147660 -0.101085 0.104213 -0.827378 0.542556
722.100000000 -117.737784 -81.009303 -79.269970 0.256464 -0.372282 0.754797 -0.475304
722.200000000 -117.717949 -81.052909 -79.554495 0.275346 -0.406836 0.738437 -0.461930
722.400000000 -117.418376 -81.258902 -79.862792 0.307345 -0.464893 0.706641 -0.435972
722.800000000 -116.873711 -81.636910 -80.517014 0.374953 -0.588312 0.616145 -0.365602
722.900000000 -116.798369 -81.663638 -80.528796 -0.392665 0.619462 -0.586400 0.343825
723.100000000 -116.202378 -81.931176 -80.494709 -0.396295 0.624626 -0.580708 0.339958
723.400000000 -114.508715 -82.681925 -80.059761 0.369649 -0.574162 0.627049 -0.374842
723.500000000 -114.136003 -82.832481 -79.890715 -0.386750 0.603324 -0.600241 0.355156
724.400000000 -111.977846 -83.190190 -80.888823 0.719117 -0.525205 0.366952 -0.269028
724.500000000 -113.147344 -82.873897 -80.501940 0.691375 -0.477815 0.286183 -0.460210
724.600000000 -114.284450 -81.733270 -79.423107 -0.565432 0.700467 -0.373136 0.224506
724.800000000 -114.583627 -80.451694 -78.408732 0.037371 0.939450 -0.339138 -0.031983
725.200000000 -114.790276 -82.148190 -77.168671 0.642489 0.680417 -0.047770 -0.349227
725.300000000 -113.820112 -82.503664 -76.560548 0.666374 0.680278 0.003570 -0.305213
725.400000000 -113.943473 -82.638539 -76.554284 0.641688 0.679007 -0.051485 -0.352896
725.600000000 -114.079977 -82.811404 -76.604486 0.608488 0.672088 -0.114682 -0.406064
725.700000000 -114.209134 -82.808297 -76.784749 0.606586 0.671973 -0.117916 -0.408169
725.800000000 -114.138499 -82.731071 -77.073181 0.601352 0.670546 -0.126704 -0.415561
725.900000000 -114.116854 -82.600040 -77.370833 0.640901 0.679465 -0.053157 -0.353197
726.100000000 -114.401707 -82.699421 -77.497443 0.638870 0.679421 -0.057383 -0.356285
726.600000000 -114.832263 -82.892206 -78.044332 0.610500 0.674145 -0.110509 -0.400757
726.900000000 -115.025133 -82.916926 -78.509286 0.608580 0.673573 -0.113678 -0.403742
727.900000000 -113.684012 -84.273784 -78.568106 0.691952 0.684670 0.073222 -0.216951
728.400000000 -113.984724 -84.299326 -79.316366 0.691811 0.685168 0.071340 -0.216456
728.600000000 -114.211562 -84.292679 -79.683658 0.689330 0.686123 0.062004 -0.224087
728.700000000 -114.125753 -84.360648 -79.700200 0.691470 0.685471 0.071303 -0.216598
728.800000000 -114.466874 -84.296217 -79.942362 0.686493 0.687126 0.055101 -0.231406
729.600000000 -113.816172 -79.468112 -75.961356 -0.636874 -0.385758 -0.099231 0.660102
729.900000000 -114.226297 -79.213738 -75.913303 -0.574136 -0.395795 -0.057335 0.714441
730.200000000 -114.344027 -78.763216 -76.125862 -0.632706 -0.386631 -0.096217 0.664035
730.300000000 -114.434358 -78.692136 -76.091872 -0.634857 -0.385886 -0.098577 0.662065
730.500000000 -114.590625 -78.428379 -76.157161 -0.629122 -0.386986 -0.094723 0.667439
730.800000000 -114.830622 -78.106059 -76.176777 -0.631911 -0.386467 -0.096183 0.664891
730.900000000 -114.881715 -78.014446 -76.180484 -0.635015 -0.385878 -0.098596 0.661916
731.200000000 -115.075109 -77.637877 -76.239723 -0.633896 -0.386123 -0.097629 0.662988
731.300000000 -115.152756 -77.488482 -76.260790 -0.633980 -0.386136 -0.097472 0.662924
731.500000000 -115.266512 -77.235221 -76.269327 -0.630948 -0.386499 -0.095939 0.665822
731.700000000 -115.377782 -76.990692 -76.277348 -0.635201 -0.385942 -0.098622 0.661696
731.800000000 -115.425025 -76.864768 -76.293429 -0.637484 -0.385391 -0.100278 0.659570
731.900000000 -115.472929 -76.718205 -76.311451 -0.637052 -0.385442 -0.100170 0.659974
732.000000000 -115.514965 -76.636871 -76.291965 -0.640500 -0.385080 -0.102287 0.656514
732.100000000 -115.566455 -76.524062 -76.286343 -0.641581 -0.384697 -0.103047 0.655563
732.300000000 -115.632867 -76.321663 -76.322592 -0.606836 -0.391100 -0.079326 0.687385
732.500000000 -115.717534 -76.094738 -76.317626 -0.611244 -0.390266 -0.082187 0.683607
732.700000000 -115.847701 -75.725712 -76.283942 -0.621945 -0.388808 -0.089935 0.673739
732.900000000 -115.938463 -75.542815 -76.232178 -0.618927 -0.389193 -0.087941 0.676553
733.100000000 -115.939289 -75.452516 -76.250722 -0.617397 -0.389185 -0.086875 0.678092
733.200000000 -115.983564 -75.399062 -76.212832 -0.616771 -0.389201 -0.086636 0.678683
733.400000000 -116.131854 -74.980713 -76.216258 -0.610098 -0.390508 -0.082292 0.684479
733.600000000 -116.262721 -74.651685 -76.151765 -0.603868 -0.391887 -0.078379 0.689656
733.800000000 -116.334781 -74.375373 -76.134795 -0.603743 -0.391760 -0.078563 0.689816
734.000000000 -116.420072 -74.055058 -76.101438 -0.601607 -0.392010 -0.077767 0.691628
734.300000000 -116.399539 -73.683951 -76.147447 -0.637908 -0.385392 -0.102621 0.658798
734.500000000 -116.655029 -73.158006 -76.055439 -0.623548 -0.389046 -0.092530 0.671766
734.600000000 -116.758905 -73.038871 -75.953109 -0.621318 -0.389399 -0.091268 0.673798
734.700000000 -116.835381 -72.856225 -75.916487 -0.617009 -0.390222 -0.088686 0.677615
734.800000000 -116.747160 -72.810810 -75.983052 -0.624567 -0.388570 -0.093426 0.670970
735.000000000 -116.711908 -72.677229 -75.983067 -0.627568 -0.387597 -0.094989 0.668508
735.100000000 -116.851140 -72.445298 -75.906989 -0.620537 -0.389434 -0.090080 0.674656
735.300000000 -116.906311 -72.128734 -75.914994 -0.618956 -0.389722 -0.088484 0.676152
735.500000000 -116.984398 -71.815547 -75.914780 -0.614762 -0.390118 -0.085675 0.680100
735.600000000 -116.953668 -71.700670 -75.942324 -0.625918 -0.388112 -0.092954 0.670041
735.700000000 -117.000552 -71.567484 -75.929540 -0.620868 -0.388793 -0.089775 0.674761
735.900000000 -117.066901 -71.348430 -75.877646 -0.622689 -0.388762 -0.090733 0.672972
736.100000000 -117.146731 -71.017946 -75.869132 -0.617760 -0.389674 -0.087352 0.677419
736.500000000 -117.235970 -70.437634 -75.892798 -0.619882 -0.389026 -0.089284 0.675599
736.600000000 -117.358849 -70.278292 -75.792911 -0.615056 -0.390052 -0.086111 0.679816
736.900000000 -117.334870 -70.030693 -75.827381 -0.627499 -0.387457 -0.094357 0.668744
737.000000000 -117.423699 -69.848724 -75.797655 -0.624118 -0.388240 -0.091891 0.671790
737.300000000 -117.576830 -69.347028 -75.782199 -0.618452 -0.389000 -0.088457 0.677031
737.400000000 -117.586502 -69.217745 -75.799512 -0.620775 -0.388778 -0.089818 0.674850
737.500000000 -117.563605 -69.141914 -75.827081 -0.626010 -0.387767 -0.093121 0.670132
737.700000000 -117.684902 -68.837006 -75.804792 -0.622206 -0.388638 -0.090087 0.673576
737.800000000 -117.774282 -68.744677 -75.716110 -0.625005 -0.387956 -0.092355 0.671066
737.900000000 -117.736768 -68.593969 -75.780543 -0.626006 -0.387862 -0.092992 0.670098
738.400000000 -117.667986 -67.921182 -75.917845 -0.637083 -0.386204 -0.099638 0.659578
739.300000000 -117.877670 -66.637642 -75.851203 -0.636798 -0.387121 -0.099705 0.659306
739.600000000 -118.012477 -66.192568 -75.753180 -0.635880 -0.387304 -0.099242 0.660153
739.800000000 -118.012566 -65.884912 -75.745442 -0.635647 -0.387590 -0.098972 0.660250
740.000000000 -118.057147 -65.590419 -75.710303 -0.635465 -0.387641 -0.098588 0.660454
740.100000000 -118.074753 -65.433050 -75.695239 -0.634898 -0.387988 -0.098260 0.660844
740.200000000 -118.148980 -65.262922 -75.649035 -0.634400 -0.387558 -0.098021 0.661610
740.400000000 -118.132746 -64.960884 -75.670235 -0.632485 -0.388196 -0.096426 0.663302
740.800000000 -118.251981 -64.339572 -75.600974 -0.632157 -0.388509 -0.096340 0.663443
741.100000000 -118.305621 -63.952235 -75.543141 -0.635001 -0.388502 -0.098451 0.660414
741.700000000 -118.499404 -63.090646 -75.543489 -0.633981 -0.389718 -0.096988 0.660895
742.000000000 -118.630821 -62.691786 -75.565283 -0.635144 -0.388795 -0.097810 0.660200
742.700000000 -119.000782 -61.797251 -75.682224 -0.637946 -0.388607 -0.100225 0.657239
743.000000000 -119.181735 -61.459895 -75.781855 -0.637932 -0.389134 -0.099876 0.656995
743.100000000 -119.276526 -61.341005 -75.815146 -0.639080 -0.387785 -0.100948 0.656513
743.700000000 -119.819052 -60.619217 -76.069870 -0.637992 -0.388696 -0.100261 0.657137
743.800000000 -119.905490 -60.496500 -76.136616 -0.637150 -0.387998 -0.099818 0.658433
743.900000000 -120.022957 -60.407073 -76.175531 -0.639183 -0.387673 -0.101108 0.656454
744.100000000 -120.301293 -60.108716 -76.245954 -0.639479 -0.386917 -0.101490 0.656552
744.400000000 -120.428266 -59.962842 -76.532888 -0.635264 -0.388788 -0.098275 0.660019
744.500000000 -120.529524 -59.888414 -76.615854 -0.633988 -0.388696 -0.097320 0.661440
744.600000000 -120.558589 -59.873633 -76.711325 -0.635143 -0.387837 -0.098036 0.660730
744.700000000 -120.569750 -59.867796 -76.819761 -0.633460 -0.387709 -0.098056 0.662417
744.800000000 -120.757020 -59.705773 -76.853387 -0.634753 -0.388743 -0.098359 0.660525
744.900000000 -120.899599 -59.562235 -76.937329 -0.632284 -0.388072 -0.096962 0.663487
745.000000000 -121.043223 -59.403492 -76.986522 -0.631816 -0.389198 -0.096317 0.663367
745.400000000 -121.253705 -59.295408 -77.389211 -0.628150 -0.389346 -0.094228 0.667052
745.600000000 -121.669404 -58.910230 -77.488230 -0.630961 -0.387841 -0.096510 0.664946
745.800000000 -121.905935 -58.741490 -77.636429 -0.631741 -0.388172 -0.096583 0.664002
745.900000000 -122.082983 -58.561776 -77.682817 -0.631593 -0.388913 -0.095900 0.663808
746.100000000 -122.344076 -58.342643 -77.844644 -0.629563 -0.388959 -0.094745 0.665871
746.200000000 -122.489428 -58.225385 -77.919323 -0.629423 -0.388403 -0.095355 0.666242
746.600000000 -123.058749 -57.743711 -78.187841 -0.630119 -0.388787 -0.095026 0.665406
746.800000000 -123.207044 -57.641860 -78.369880 -0.628204 -0.388974 -0.093978 0.667254
746.900000000 -123.351630 -57.505698 -78.435315 -0.627395 -0.388944 -0.093965 0.668033
747.200000000 -123.754939 -57.156732 -78.628581 -0.628259 -0.389550 -0.093282 0.666963
747.300000000 -123.789813 -57.133714 -78.739320 -0.627898 -0.389555 -0.093441 0.667278
747.500000000 -123.998761 -56.942811 -78.875179 -0.626666 -0.389817 -0.093100 0.668330
748.300000000 -124.915083 -56.083086 -79.368781 -0.626974 -0.390145 -0.092178 0.667977
748.400000000 -124.945166 -56.070879 -79.459060 -0.626389 -0.390441 -0.091563 0.668438
748.500000000 -125.100276 -55.895356 -79.507419 -0.626196 -0.389813 -0.091795 0.668953
748.600000000 -125.161888 -55.820900 -79.567347 -0.625920 -0.390004 -0.091836 0.669094
749.000000000 -125.506430 -55.409950 -79.762853 -0.625748 -0.389906 -0.091421 0.669369
749.300000000 -125.714151 -55.151921 -79.928326 -0.624426 -0.389418 -0.090738 0.670978
749.400000000 -125.915899 -54.895421 -79.923011 -0.625102 -0.389827 -0.090725 0.670113
749.500000000 -125.954306 -54.832301 -79.963515 -0.624965 -0.389973 -0.090692 0.670161
749.600000000 -126.036124 -54.678710 -80.014666 -0.624108 -0.389977 -0.090811 0.670940
750.000000000 -126.389446 -54.159638 -80.107204 -0.625167 -0.389918 -0.091148 0.669942
750.100000000 -126.387618 -54.106841 -80.158093 -0.624657 -0.390046 -0.091016 0.670361
750.400000000 -126.486092 -53.832458 -80.267270 -0.623229 -0.390160 -0.090652 0.671672
750.700000000 -126.714176 -53.437373 -80.337311 -0.623142 -0.389939 -0.090165 0.671946
750.800000000 -126.756139 -53.310094 -80.342844 -0.622962 -0.390099 -0.090496 0.671976
751.200000000 -127.072558 -52.682631 -80.364426 -0.623637 -0.390035 -0.090594 0.671373
751.600000000 -127.285715 -52.122906 -80.376356 -0.623970 -0.389658 -0.091229 0.671197
751.800000000 -127.305520 -51.926221 -80.371687 -0.624660 -0.390115 -0.091501 0.670251
752.000000000 -127.316258 -51.733497 -80.372838 -0.624602 -0.390182 -0.092123 0.670182
752.200000000 -127.421076 -51.395153 -80.388710 -0.622488 -0.390459 -0.091139 0.672119
752.300000000 -127.472541 -51.254114 -80.362859 -0.623207 -0.390607 -0.091461 0.671322
752.400000000 -127.526679 -51.102247 -80.357019 -0.623305 -0.390824 -0.091147 0.671148
752.700000000 -127.617994 -50.677945 -80.355701 -0.623412 -0.390416 -0.091576 0.671228
752.900000000 -127.688512 -50.380418 -80.320675 -0.622631 -0.391265 -0.091101 0.671523
753.300000000 -127.874271 -49.751417 -80.236765 -0.622655 -0.391349 -0.091013 0.671464
753.400000000 -127.809398 -49.690030 -80.277429 -0.622868 -0.390939 -0.091768 0.671402
753.600000000 -127.880967 -49.405329 -80.256938 -0.622197 -0.390927 -0.090909 0.672147
753.800000000 -127.961920 -49.067940 -80.214533 -0.622111 -0.390741 -0.091270 0.672286
754.000000000 -128.014225 -48.767645 -80.192187 -0.622956 -0.390869 -0.091878 0.671346
754.300000000 -128.090528 -48.341299 -80.125659 -0.622453 -0.390821 -0.091530 0.671887
754.700000000 -128.068876 -47.818134 -80.077560 -0.621888 -0.391328 -0.091450 0.672127
755.000000000 -127.958354 -47.509405 -80.087146 -0.619107 -0.391647 -0.090904 0.674578
755.400000000 -128.164251 -46.849638 -79.989644 -0.620841 -0.391471 -0.091301 0.673032
755.900000000 -128.305410 -46.092532 -79.935763 -0.620076 -0.390874 -0.091695 0.674029
756.100000000 -128.388240 -45.783536 -79.915565 -0.619403 -0.390822 -0.091160 0.674750
756.500000000 -128.485636 -45.230611 -79.875526 -0.618822 -0.391384 -0.090647 0.675026
757.000000000 -128.624570 -44.537383 -79.839984 -0.618917 -0.391065 -0.091487 0.675012
757.400000000 -128.787685 -43.973415 -79.805855 -0.619437 -0.390884 -0.092071 0.674559
757.500000000 -128.745460 -43.910935 -79.818252 -0.618735 -0.391253 -0.091823 0.675024
758.100000000 -129.033660 -43.048264 -79.777353 -0.620691 -0.391444 -0.092666 0.672999
758.300000000 -129.128554 -42.775701 -79.794841 -0.618706 -0.391993 -0.090954 0.674738
758.400000000 -129.193379 -42.640544 -79.777571 -0.620089 -0.391807 -0.091758 0.673467
758.500000000 -129.218821 -42.515216 -79.794205 -0.619021 -0.391564 -0.091439 0.674633
758.700000000 -129.293013 -42.302819 -79.810543 -0.619776 -0.391867 -0.091396 0.673769
758.800000000 -129.342285 -42.165605 -79.810739 -0.620355 -0.391581 -0.092055 0.673313
759.500000000 -129.813167 -41.167746 -79.855559 -0.620776 -0.391432 -0.092204 0.672991
759.800000000 -129.864043 -40.854751 -79.931944 -0.618532 -0.392068 -0.090842 0.674869
759.900000000 -129.940444 -40.724342 -79.930368 -0.619483 -0.392056 -0.091280 0.673944
760.100000000 -130.115555 -40.425515 -79.968755 -0.618953 -0.392151 -0.090679 0.674457
760.300000000 -130.178018 -40.240051 -80.017350 -0.619718 -0.392037 -0.091404 0.673723
760.500000000 -130.252798 -40.017112 -80.073543 -0.617917 -0.392267 -0.090113 0.675415
760.600000000 -130.312845 -39.912423 -80.095460 -0.618220 -0.392300 -0.090121 0.675117
761.300000000 -130.974478 -38.846443 -80.201660 -0.618649 -0.392371 -0.090274 0.674662
761.500000000 -131.032634 -38.681866 -80.276645 -0.616993 -0.392312 -0.089070 0.676370
761.700000000 -131.047868 -38.586850 -80.364154 -0.618463 -0.391852 -0.090356 0.675123
761.800000000 -131.148195 -38.425944 -80.374561 -0.617668 -0.392019 -0.090133 0.675783
762.100000000 -131.368245 -38.037776 -80.441585 -0.617872 -0.392255 -0.089945 0.675485
762.700000000 -131.723462 -37.383938 -80.622380 -0.616058 -0.392061 -0.088919 0.677388
762.900000000 -131.888141 -37.142564 -80.672678 -0.617764 -0.392283 -0.089908 0.675573
763.500000000 -132.331796 -36.387418 -80.855165 -0.613942 -0.392584 -0.087451 0.679195
763.600000000 -132.402560 -36.255534 -80.900356 -0.613822 -0.392616 -0.087409 0.679290
763.800000000 -132.553684 -36.023321 -80.918165 -0.614360 -0.392762 -0.087939 0.678651
763.900000000 -132.621522 -35.902186 -80.958358 -0.613997 -0.392634 -0.087778 0.679073
764.000000000 -132.684522 -35.791212 -80.989250 -0.614397 -0.392441 -0.088074 0.678785
764.100000000 -132.764674 -35.631080 -81.006269 -0.611758 -0.393321 -0.086218 0.680894
764.300000000 -132.915049 -35.400090 -81.057789 -0.614343 -0.392745 -0.088040 0.678663
764.600000000 -133.119404 -35.049985 -81.129088 -0.614447 -0.392543 -0.087975 0.678694
764.700000000 -133.172575 -34.917979 -81.177756 -0.613770 -0.392767 -0.087485 0.679240
764.900000000 -133.350168 -34.687031 -81.190901 -0.612505 -0.393103 -0.086799 0.680275
765.400000000 -133.662275 -34.059218 -81.314162 -0.614892 -0.392433 -0.088944 0.678228
765.700000000 -133.864936 -33.666782 -81.392190 -0.615579 -0.392548 -0.088944 0.677537
765.800000000 -133.927616 -33.559457 -81.421006 -0.614713 -0.392613 -0.088561 0.678336
766.000000000 -134.058714 -33.327036 -81.474878 -0.616217 -0.392180 -0.089375 0.677114
766.200000000 -134.192452 -33.092267 -81.493755 -0.613054 -0.392532 -0.087474 0.680023
766.500000000 -134.384398 -32.708511 -81.552025 -0.613697 -0.392245 -0.088299 0.679502
766.700000000 -134.519076 -32.453551 -81.589434 -0.615110 -0.392391 -0.088678 0.678089
766.800000000 -134.553448 -32.364710 -81.617159 -0.614249 -0.392566 -0.088251 0.678824
767.100000000 -134.678509 -32.055807 -81.673709 -0.614581 -0.392613 -0.088422 0.678474
767.200000000 -134.770038 -31.872157 -81.696394 -0.614749 -0.392582 -0.088478 0.678332
767.300000000 -134.809221 -31.727548 -81.718892 -0.615437 -0.392327 -0.089205 0.677761
767.500000000 -134.946382 -31.437954 -81.721498 -0.616333 -0.392397 -0.089583 0.676855
767.600000000 -134.957732 -31.361796 -81.736581 -0.615999 -0.392462 -0.089485 0.677135
767.800000000 -135.051548 -31.092823 -81.734174 -0.617639 -0.392282 -0.090552 0.675601
768.000000000 -135.126149 -30.831376 -81.744678 -0.617667 -0.392122 -0.090931 0.675618
768.100000000 -135.161078 -30.682576 -81.759657 -0.616591 -0.392806 -0.089835 0.676350
768.200000000 -135.223988 -30.479338 -81.771646 -0.617320 -0.392712 -0.090308 0.675676
768.300000000 -135.251216 -30.372117 -81.746952 -0.616749 -0.392837 -0.090200 0.676138
768.800000000 -135.437782 -29.650434 -81.739683 -0.616991 -0.393289 -0.090677 0.675591
769.100000000 -135.509910 -29.200720 -81.703095 -0.617756 -0.393472 -0.091085 0.674730
769.200000000 -135.565228 -29.039347 -81.687194 -0.616781 -0.393661 -0.090113 0.675641
769.300000000 -135.610854 -28.910177 -81.660544 -0.616907 -0.393965 -0.090035 0.675360
769.500000000 -135.670917 -28.621554 -81.630489 -0.618712 -0.393228 -0.091622 0.673923
769.700000000 -135.722729 -28.311145 -81.611613 -0.618342 -0.393371 -0.090986 0.674266
769.900000000 -135.768339 -28.035752 -81.554136 -0.619228 -0.393672 -0.091352 0.673227
770.200000000 -135.838673 -27.568725 -81.515749 -0.619344 -0.394014 -0.091176 0.672943
770.700000000 -135.947754 -26.802156 -81.386174 -0.618323 -0.393389 -0.091512 0.674201
771.200000000 -136.062137 -26.037904 -81.321105 -0.618596 -0.394032 -0.091051 0.673637
771.300000000 -136.097725 -25.880651 -81.301480 -0.617619 -0.394322 -0.090826 0.674394
771.400000000 -136.116734 -25.713673 -81.291226 -0.616922 -0.393992 -0.090468 0.675272
771.600000000 -136.141855 -25.415576 -81.263176 -0.617426 -0.394652 -0.090465 0.674426
771.800000000 -136.193648 -25.105585 -81.241459 -0.617723 -0.394357 -0.090963 0.674260
772.000000000 -136.250480 -24.812239 -81.195464 -0.617372 -0.395284 -0.090351 0.674121
772.100000000 -136.280863 -24.667452 -81.173615 -0.618152 -0.395133 -0.090800 0.673434
772.300000000 -136.331150 -24.374320 -81.130542 -0.618129 -0.395024 -0.091077 0.673481
772.400000000 -136.369816 -24.206016 -81.110179 -0.615986 -0.396015 -0.089445 0.675080
772.500000000 -136.388477 -24.080531 -81.108635 -0.617662 -0.395545 -0.090349 0.673702
773.100000000 -136.594896 -23.244496 -81.001845 -0.617171 -0.394901 -0.091093 0.674430
773.200000000 -136.649266 -23.055981 -80.995830 -0.616956 -0.395854 -0.090152 0.674194
773.300000000 -136.685267 -22.923773 -80.991532 -0.616076 -0.395583 -0.089815 0.675202
773.400000000 -136.701760 -22.806998 -80.994464 -0.618594 -0.395482 -0.091579 0.672717
773.500000000 -136.739033 -22.675659 -80.982137 -0.618259 -0.395816 -0.091024 0.672904
774.100000000 -136.877013 -21.929181 -81.027203 -0.615426 -0.396327 -0.090498 0.675267
774.200000000 -136.987344 -21.743523 -80.992542 -0.616510 -0.397222 -0.090410 0.673763
774.400000000 -137.032242 -21.513765 -81.015231 -0.617276 -0.396452 -0.092347 0.673252
774.600000000 -137.145821 -21.236200 -81.020376 -0.616157 -0.397105 -0.091258 0.674040
774.700000000 -137.175650 -21.125620 -81.027290 -0.617077 -0.396929 -0.092662 0.673110
774.800000000 -137.223706 -20.975127 -81.038997 -0.617066 -0.397299 -0.092679 0.672900
774.900000000 -137.269208 -20.861419 -81.045339 -0.615424 -0.397800 -0.091444 0.674275
775.400000000 -137.482734 -20.281693 -81.147317 -0.616104 -0.397152 -0.092484 0.673894
775.700000000 -137.644385 -19.926521 -81.199271 -0.616856 -0.397651 -0.092521 0.672905
775.800000000 -137.723103 -19.798879 -81.223953 -0.616594 -0.397370 -0.092080 0.673372
775.900000000 -137.692726 -19.771998 -81.281048 -0.617067 -0.397862 -0.091830 0.672682
776.000000000 -137.843641 -19.552283 -81.269565 -0.618568 -0.397412 -0.092835 0.671431
776.200000000 -138.036083 -19.257472 -81.297054 -0.617308 -0.397457 -0.091478 0.672748
776.500000000 -138.154335 -18.951482 -81.402896 -0.616602 -0.397934 -0.091637 0.673093
777.000000000 -138.563365 -18.335368 -81.531503 -0.616995 -0.397609 -0.090659 0.673056
777.200000000 -138.758191 -18.056418 -81.576775 -0.618255 -0.397384 -0.091245 0.671953
777.400000000 -138.900340 -17.838771 -81.646230 -0.618595 -0.396902 -0.091354 0.671910
778.100000000 -138.931225 -17.641050 -81.989951 -0.616874 -0.400378 -0.091994 0.671343
778.700000000 -139.412434 -16.989458 -82.210822 -0.616236 -0.400119 -0.092550 0.672006
778.800000000 -139.461106 -16.932299 -82.257332 -0.614528 -0.404425 -0.093810 0.670817
778.900000000 -139.462940 -16.892626 -82.346425 -0.613079 -0.408237 -0.097401 0.669320
779.300000000 -139.619885 -16.665012 -82.552658 -0.612823 -0.418382 -0.097547 0.663241
779.600000000 -140.043075 -16.048528 -82.622839 -0.611659 -0.419075 -0.094654 0.664296
779.800000000 -140.164692 -15.801723 -82.759713 -0.611276 -0.419386 -0.092545 0.664749
779.900000000 -140.174064 -15.726039 -82.835799 -0.610317 -0.419696 -0.091751 0.665546
780.100000000 -140.324756 -15.499367 -82.916904 -0.612557 -0.421199 -0.090342 0.662725
780.300000000 -140.395115 -15.270028 -83.062406 -0.610807 -0.420361 -0.088670 0.665093
781.100000000 -140.671380 -14.337437 -83.569369 -0.593518 -0.421606 -0.071758 0.681789
781.600000000 -141.129270 -13.423984 -83.674948 -0.590910 -0.423680 -0.064864 0.683457
781.700000000 -141.479769 -12.980321 -83.551924 -0.598891 -0.429036 -0.065669 0.673012
782.700000000 -138.154786 -10.513193 -83.796135 0.709615 0.212040 0.665096 0.095565
783.200000000 -138.021162 -10.903640 -83.656076 0.708893 0.212233 0.665792 0.095649
783.300000000 -137.999590 -10.984429 -83.629997 0.709151 0.211203 0.665668 0.096873
783.400000000 -137.988753 -11.063916 -83.588681 0.708998 0.209879 0.665996 0.098606
784.100000000 -137.635181 -11.424027 -83.466892 0.710946 0.212116 0.664013 0.093003
784.700000000 -137.616638 -11.885402 -83.196862 0.711404 0.208777 0.664536 0.093316
785.000000000 -137.557034 -12.017570 -83.123828 0.709601 0.205377 0.667270 0.095071
785.100000000 -137.605519 -12.090256 -83.109984 0.710289 0.201866 0.667276 0.097377
785.500000000 -137.621097 -12.298875 -82.969103 0.711852 0.197972 0.666550 0.098916
785.700000000 -137.636200 -12.419489 -82.880256 0.708774 0.197863 0.669915 0.098504
785.800000000 -137.678699 -12.500900 -82.834277 0.709020 0.197437 0.669913 0.097597
786.000000000 -137.776648 -12.661961 -82.737424 0.709189 0.196943 0.670027 0.096581
786.200000000 -137.849539 -12.796017 -82.625386 0.706347 0.200568 0.672640 0.091658
786.300000000 -137.858252 -12.830636 -82.601809 0.707752 0.199989 0.671169 0.092860
786.400000000 -137.878803 -12.850309 -82.559310 0.706694 0.199434 0.672397 0.093235
786.700000000 -137.907592 -12.907612 -82.496141 0.710540 0.201205 0.668111 0.090977
787.100000000 -138.423657 -13.363183 -82.201646 0.709757 0.195814 0.669937 0.095327
787.300000000 -138.465809 -13.384575 -82.149928 0.708486 0.195279 0.671413 0.095493
787.500000000 -138.510071 -13.392954 -82.138846 0.709536 0.193116 0.670682 0.097215
787.600000000 -138.515997 -13.375829 -82.128904 0.709248 0.192658 0.671098 0.097353
787.700000000 -138.550512 -13.428749 -82.081807 0.710245 0.196685 0.669302 0.094353
787.800000000 -138.605180 -13.444097 -82.040424 0.707765 0.199219 0.671689 0.090636
787.900000000 -138.632031 -13.419873 -82.058189 0.707209 0.197708 0.672592 0.091584
788.100000000 -138.690985 -13.390339 -82.035664 0.707213 0.195713 0.672796 0.094296
788.200000000 -138.880986 -13.491919 -81.976354 0.707758 0.192652 0.672559 0.098119
788.800000000 -139.249068 -13.635722 -81.781314 0.705381 0.198902 0.674156 0.091595
789.000000000 -139.405658 -13.647541 -81.749004 0.706851 0.195503 0.672974 0.096158
789.100000000 -139.634401 -13.778509 -81.650624 0.706233 0.196491 0.673463 0.095261
789.400000000 -139.744161 -13.707533 -81.650811 0.706458 0.197065 0.673075 0.095145
789.600000000 -139.859912 -13.689979 -81.612991 0.705115 0.199011 0.674109 0.093724
789.800000000 -140.125460 -13.708309 -81.570496 0.705265 0.197684 0.674014 0.096063
789.900000000 -140.293258 -13.764100 -81.529964 0.704310 0.197887 0.675011 0.095645
790.100000000 -140.344383 -13.734571 -81.522323 0.704399 0.198649 0.674847 0.094562
790.200000000 -140.435051 -13.729361 -81.521744 0.704780 0.197852 0.674506 0.095822
790.900000000 -140.953986 -13.675145 -81.488212 0.700599 0.180395 0.680345 0.117260
791.300000000 -141.332004 -13.678752 -81.474534 0.697189 0.164891 0.684288 0.135971
791.400000000 -141.459627 -13.668060 -81.464296 0.697328 0.165946 0.684016 0.135345
791.900000000 -141.040953 -14.354433 -81.161366 0.716244 0.346621 0.602030 -0.066400
792.000000000 -141.180736 -14.468584 -81.089565 0.718033 0.327801 0.612597 -0.041241
792.200000000 -141.621177 -14.919876 -80.840521 0.718414 0.307272 0.623893 -0.014938
792.400000000 -142.037695 -14.955180 -80.821900 0.692676 0.452733 0.524258 -0.200962
792.500000000 -142.147254 -15.251449 -80.668433 0.699836 0.433001 0.541416 -0.172070
792.600000000 -142.289652 -15.629878 -80.464351 0.702399 0.424341 0.548803 -0.159326
793.100000000 -141.455161 -17.289300 -79.812727 -0.422379 -0.628291 -0.121439 0.641950
793.400000000 -141.207787 -18.033319 -79.488612 -0.220936 -0.652899 0.083157 0.719719
793.600000000 -140.414481 -17.940201 -79.623646 -0.243517 -0.657409 0.054919 0.710983
793.700000000 -140.430869 -18.007918 -79.486308 -0.128464 -0.638396 0.159834 0.741890
794.200000000 -140.285256 -18.359310 -79.414021 -0.197171 -0.661707 0.089675 0.717792
794.300000000 -139.869766 -18.141580 -79.545688 -0.185751 -0.659370 0.100127 0.721597
794.500000000 -139.924124 -18.298258 -79.704930 0.058019 -0.604221 0.331252 0.722373
794.600000000 -139.905795 -17.290224 -80.109991 0.097219 -0.588788 0.354714 0.719761
794.700000000 -140.522479 -15.996291 -80.597600 0.204564 -0.537350 0.434513 0.693259
794.800000000 -141.073523 -15.207372 -81.172592 0.468089 -0.318538 0.637859 0.522076
794.900000000 -142.069592 -14.468622 -81.310678 0.407545 -0.358073 0.619255 0.567640
795.100000000 -142.466078 -14.106230 -81.631445 0.655080 0.055097 0.715876 0.235277
795.500000000 -143.428474 -14.261716 -81.473970 0.592867 0.613562 0.267171 -0.447963
797.700000000 -145.245414 -14.700769 -77.890716 0.160598 -0.551380 0.401970 0.713168
797.800000000 -145.186413 -14.679185 -77.930182 0.159360 -0.551584 0.402001 0.713271
798.100000000 -144.910467 -14.485318 -78.040350 0.157962 -0.552975 0.400794 0.713183
798.600000000 -144.482348 -14.011893 -78.273068 0.159237 -0.552146 0.402223 0.712737
798.900000000 -144.261983 -13.784579 -78.374653 0.159825 -0.552679 0.402237 0.712185
799.200000000 -144.011106 -13.495337 -78.513564 0.158537 -0.553665 0.401279 0.712247
799.300000000 -143.919887 -13.421389 -78.562720 0.156207 -0.554750 0.399935 0.712674
799.500000000 -143.786672 -13.187039 -78.674546 0.155507 -0.555844 0.399023 0.712485
799.600000000 -143.711291 -13.138724 -78.711721 0.153966 -0.556567 0.398129 0.712756
799.900000000 -143.427539 -12.873057 -78.839226 0.155481 -0.555251 0.399958 0.712430
800.000000000 -143.386114 -12.771191 -78.893005 0.155647 -0.555716 0.399818 0.712109
800.200000000 -143.252815 -12.626122 -78.979486 0.160221 -0.552957 0.404170 0.710784
800.400000000 -143.069240 -12.484867 -79.056469 0.158859 -0.553515 0.403193 0.711211
800.600000000 -142.952337 -12.262364 -79.200048 0.160367 -0.553025 0.404539 0.710488
800.800000000 -142.767465 -12.093777 -79.328604 0.159140 -0.553913 0.403786 0.710501
800.900000000 -142.703101 -12.003118 -79.387955 0.159218 -0.554459 0.403546 0.710194
801.100000000 -142.553182 -11.853831 -79.498093 0.160792 -0.554172 0.404491 0.709526
802.200000000 -141.908037 -12.772860 -81.191013 0.051873 -0.562578 0.278891 0.776553
802.600000000 -141.388464 -12.241385 -81.837868 0.010952 -0.578331 0.244364 0.778267
802.700000000 -141.310108 -12.164629 -81.947178 0.009889 -0.579193 0.243556 0.777893
802.800000000 -141.177286 -12.147917 -82.073928 -0.010085 -0.583864 0.227383 0.779293
803.300000000 -143.712447 -11.970867 -80.001788 -0.419176 -0.691400 0.255378 0.530132
803.400000000 -143.986638 -12.124374 -80.381417 0.525656 0.726659 -0.093317 -0.432371
803.800000000 -145.304942 -11.892884 -80.461508 -0.230779 -0.775867 -0.014911 0.586984
804.100000000 -147.387694 -12.819216 -80.193659 0.051575 -0.703944 -0.380032 0.597811
804.300000000 -148.404242 -14.821732 -82.033555 0.062237 -0.708265 -0.370194 0.597866
804.500000000 -147.991884 -14.906945 -82.018552 0.059927 -0.706229 -0.373471 0.598472
804.700000000 -147.921812 -14.931803 -82.128434 0.063628 -0.709857 -0.368278 0.597014
804.800000000 -147.594758 -14.995917 -82.102210 0.061325 -0.708227 -0.370738 0.597668
805.000000000 -147.412354 -15.050770 -82.135544 0.060475 -0.708056 -0.371160 0.597696
805.700000000 -146.271850 -15.462192 -82.119425 0.011629 -0.673105 -0.429774 0.601738
805.800000000 -146.288201 -15.497860 -82.159070 0.057085 -0.704404 -0.375541 0.599604
806.100000000 -145.951728 -15.688607 -82.149330 0.058696 -0.705918 -0.373130 0.599173
806.200000000 -145.835562 -15.821395 -82.180186 0.013933 -0.674793 -0.427114 0.601692
806.300000000 -145.741256 -15.921177 -82.191495 0.011732 -0.672762 -0.429990 0.601965
806.400000000 -145.608187 -15.896698 -82.113458 0.057766 -0.705379 -0.374593 0.598985
806.500000000 -145.502888 -15.965223 -82.103686 0.058613 -0.706187 -0.373357 0.598722
806.600000000 -145.438256 -16.118297 -82.157755 0.014914 -0.675835 -0.425821 0.601416
806.700000000 -145.305842 -16.213098 -82.147379 0.012874 -0.673599 -0.428897 0.601786
806.800000000 -145.105592 -16.183145 -82.045360 0.056877 -0.704778 -0.376002 0.598895
807.100000000 -144.790109 -16.387278 -81.997829 0.058381 -0.705639 -0.374704 0.598550
807.200000000 -144.772952 -16.619461 -82.125959 0.014160 -0.674625 -0.427808 0.601383
807.300000000 -144.669551 -16.717779 -82.114743 0.012878 -0.673211 -0.430051 0.601396
808.300000000 -142.977516 -17.261750 -81.911511 0.044408 -0.700494 -0.386669 0.598184
808.400000000 -142.692350 -17.415297 -81.878276 0.037574 -0.695682 -0.394273 0.599303
808.500000000 -142.737886 -17.343300 -81.809360 0.079135 -0.724277 -0.337558 0.596000
808.600000000 -143.404729 -17.922232 -82.626517 0.171011 -0.767464 -0.203976 0.583222
808.800000000 -142.766537 -18.589656 -83.242995 -0.251262 0.846429 0.057847 -0.465917
808.900000000 -142.516690 -18.427920 -83.197742 -0.357565 0.840845 -0.156441 -0.375037
809.000000000 -142.440748 -17.632685 -80.904460 -0.379749 0.784595 -0.263196 -0.413437
809.700000000 -142.652861 -14.786339 -76.672921 0.935739 0.169670 0.265025 0.159268
809.800000000 -142.630280 -14.834675 -76.541919 0.938818 0.174154 0.260850 0.142296
809.900000000 -142.737383 -14.758289 -76.357597 0.937528 0.171753 0.262888 0.149776
810.000000000 -142.822787 -14.655817 -76.229190 0.936267 0.169870 0.264779 0.156333
810.200000000 -143.041728 -14.527833 -75.798204 0.934465 0.167350 0.265604 0.167997
810.400000000 -143.133963 -14.471219 -75.594192 0.936251 0.170955 0.264012 0.156543
810.500000000 -143.181461 -14.390973 -75.521044 0.935458 0.169887 0.265115 0.160533
810.700000000 -143.263841 -14.279958 -75.380879 0.935004 0.169681 0.265235 0.163174
810.800000000 -143.342370 -14.246257 -75.207646 0.936345 0.171713 0.263738 0.155614
810.900000000 -143.445996 -14.195033 -75.029758 0.935173 0.169737 0.265376 0.161917
811.200000000 -143.374849 -14.706915 -75.050757 0.914137 0.345241 0.156251 0.144039
811.700000000 -143.659039 -14.331957 -74.812751 0.912436 0.344574 0.160348 0.151718
811.900000000 -143.970867 -13.722797 -74.059474 0.935847 0.172335 0.263954 0.157542
812.000000000 -144.054683 -13.650702 -73.942845 0.934812 0.170836 0.265382 0.162830
812.200000000 -143.923264 -14.049802 -74.427652 0.912160 0.343820 0.160487 0.154903
812.300000000 -144.000937 -14.015140 -74.152227 0.911700 0.343298 0.161459 0.157737
812.400000000 -144.304047 -13.472851 -73.548219 0.935147 0.171737 0.264573 0.161270
812.500000000 -144.412398 -13.438768 -73.335312 0.934971 0.171401 0.265039 0.161883
812.700000000 -144.228064 -13.803286 -73.831429 0.911674 0.342513 0.160181 0.160863
813.000000000 -144.398987 -13.706044 -73.545160 0.911563 0.343496 0.161236 0.158321
813.200000000 -144.882180 -13.180167 -72.620086 0.935398 0.173013 0.265062 0.157603
813.300000000 -144.971840 -13.131503 -72.506471 0.934677 0.172474 0.266237 0.160469
813.600000000 -144.824391 -13.490210 -72.618897 0.910898 0.342097 0.162129 0.164159
813.800000000 -144.956952 -13.433876 -72.475700 0.911030 0.342374 0.161778 0.163195
814.000000000 -145.508016 -12.894591 -71.824358 0.935160 0.173815 0.265568 0.157284
814.300000000 -145.758719 -12.826712 -71.370564 0.935024 0.173444 0.266030 0.157720
814.400000000 -145.347455 -13.342455 -71.396077 0.911288 0.342748 0.161239 0.161495
814.700000000 -145.527237 -13.282145 -71.022752 0.911279 0.342638 0.161898 0.161119
814.900000000 -146.324334 -12.698228 -70.630767 0.935421 0.173693 0.265668 0.155688
815.000000000 -145.738549 -13.260871 -70.453738 0.911805 0.342145 0.162319 0.158749
815.400000000 -145.979215 -13.097700 -70.261514 0.911648 0.342021 0.161059 0.161184
815.500000000 -146.560664 -13.049921 -69.840074 0.844491 0.257796 0.446177 0.145955
815.800000000 -147.611424 -12.526045 -70.212633 0.913646 0.267580 0.255207 0.168880
815.900000000 -147.695302 -12.573379 -69.805622 0.912607 0.270611 0.255768 0.168824
816.300000000 -149.882833 -13.089215 -72.039475 0.889254 -0.342598 0.302097 -0.024327
816.400000000 -150.186428 -13.156631 -71.811010 0.889070 -0.343458 0.301802 -0.022505
816.800000000 -150.626218 -13.088128 -71.304345 0.889011 -0.342485 0.302886 -0.024980
817.200000000 -151.021337 -12.984681 -70.862675 0.888987 -0.343009 0.302408 -0.024407
817.500000000 -151.227734 -12.853217 -70.644729 0.888868 -0.343861 0.301867 -0.023442
817.700000000 -151.389004 -12.787960 -70.415556 0.888710 -0.343722 0.302438 -0.024097
818.000000000 -151.685549 -12.705047 -70.056777 0.888694 -0.343945 0.302274 -0.023593
818.300000000 -151.865451 -12.583319 -69.807168 0.888760 -0.344376 0.301606 -0.023345
818.500000000 -152.028795 -12.521930 -69.637454 0.888722 -0.344546 0.301517 -0.023409
818.900000000 -152.292078 -12.371617 -69.271421 0.888504 -0.344514 0.302146 -0.024069
819.100000000 -152.453108 -12.316112 -69.098410 0.888385 -0.344969 0.302005 -0.023698
819.200000000 -152.504671 -12.269569 -69.041793 0.888256 -0.344919 0.302436 -0.023768
819.500000000 -152.791066 -12.183262 -68.660695 0.888388 -0.345148 0.301823 -0.023274
819.700000000 -152.912403 -12.110552 -68.542117 0.888318 -0.344988 0.302093 -0.024791
820.000000000 -153.187305 -12.016485 -68.168096 0.888270 -0.345488 0.301730 -0.023943
820.100000000 -153.220099 -11.978849 -68.130056 0.888464 -0.345119 0.301554 -0.024310
820.200000000 -153.222343 -11.937666 -68.107194 0.888606 -0.344801 0.301463 -0.024721
820.300000000 -153.200315 -11.879013 -68.105287 0.888783 -0.344606 0.301139 -0.025013
820.400000000 -153.231601 -11.836038 -68.048755 0.888897 -0.344691 0.300703 -0.025065
820.700000000 -153.685739 -11.807310 -67.482468 0.888863 -0.345434 0.300041 -0.023934
820.800000000 -153.792288 -11.794940 -67.373320 0.888673 -0.345281 0.300745 -0.024365
821.100000000 -154.002166 -11.700048 -67.087979 0.888462 -0.345692 0.300874 -0.024641
821.200000000 -154.034763 -11.658162 -67.028614 0.888615 -0.345639 0.300485 -0.024626
821.500000000 -154.203209 -11.561626 -66.765110 0.888583 -0.345580 0.300634 -0.024794
821.600000000 -154.291105 -11.537597 -66.665932 0.888517 -0.345667 0.300733 -0.024719
821.700000000 -154.379204 -11.514366 -66.561823 0.888457 -0.345919 0.300672 -0.024076
821.900000000 -154.496635 -11.458236 -66.367293 0.888488 -0.345596 0.300872 -0.025067
822.100000000 -154.608231 -11.396011 -66.173647 0.888718 -0.345544 0.300228 -0.025339
822.300000000 -154.734176 -11.352114 -65.982109 0.888637 -0.345610 0.300396 -0.025302
822.800000000 -155.146830 -11.238455 -65.393322 0.888618 -0.345960 0.300115 -0.024517
822.900000000 -155.186795 -11.200900 -65.301776 0.888580 -0.346106 0.300082 -0.024236
823.000000000 -155.265139 -11.176562 -65.181767 0.888617 -0.346180 0.299928 -0.023701
823.700000000 -155.813761 -11.005824 -64.339526 0.888441 -0.346519 0.300092 -0.023307
824.000000000 -155.965618 -10.922602 -64.053060 0.888540 -0.346517 0.299802 -0.023260
824.200000000 -156.147785 -10.886371 -63.775038 0.888535 -0.346820 0.299500 -0.022814
824.300000000 -156.188834 -10.847507 -63.693029 0.888483 -0.346973 0.299470 -0.022912
824.400000000 -156.297055 -10.832425 -63.550162 0.888331 -0.347326 0.299580 -0.022000
824.600000000 -156.413968 -10.783929 -63.340721 0.888552 -0.346847 0.299430 -0.022695
825.000000000 -156.662300 -10.682194 -62.892436 0.888587 -0.346671 0.299469 -0.023485
825.300000000 -156.800742 -10.600088 -62.606667 0.888493 -0.346428 0.300000 -0.023821
825.600000000 -157.111404 -10.544411 -62.163827 0.888705 -0.347047 0.298782 -0.022154
825.900000000 -157.301174 -10.457104 -61.818077 0.888659 -0.347251 0.298685 -0.022118
826.000000000 -157.380315 -10.430012 -61.682343 0.888705 -0.347421 0.298402 -0.021408
827.100000000 -159.301328 -9.689243 -59.856953 0.931176 -0.290805 0.218580 -0.023811
827.200000000 -159.339764 -9.656808 -59.741553 0.931136 -0.291492 0.217947 -0.022755
827.300000000 -157.156035 -10.194557 -60.600733 0.577548 -0.482969 0.657414 0.031383
827.600000000 -155.159878 -13.460532 -58.472513 -0.193353 -0.561834 0.775893 0.212007
827.700000000 -155.125079 -13.386393 -58.426086 -0.194239 -0.564597 0.773836 0.211374
827.800000000 -155.068490 -13.260694 -58.420920 -0.194367 -0.566600 0.772542 0.210630
827.900000000 -155.011593 -13.142273 -58.421846 -0.195242 -0.568703 0.770899 0.210172
828.500000000 -155.202713 -13.380688 -60.632343 -0.193747 -0.573348 0.768485 0.207762
828.800000000 -155.109583 -12.997844 -60.742583 -0.193364 -0.573938 0.768269 0.207288
828.900000000 -155.117336 -12.916123 -60.694597 -0.193975 -0.575252 0.767143 0.207245
829.000000000 -155.098016 -12.798810 -60.722953 -0.193288 -0.574273 0.768013 0.207379
829.300000000 -154.900844 -12.298931 -60.930043 -0.192864 -0.572999 0.769092 0.207298
829.500000000 -154.863481 -12.003542 -60.995927 -0.192951 -0.574018 0.768468 0.206713
829.800000000 -154.778364 -11.567109 -61.146412 -0.192931 -0.574705 0.768011 0.206520
830.000000000 -154.743848 -11.214376 -61.204174 -0.193285 -0.574271 0.768274 0.206417
830.200000000 -154.749733 -10.906885 -61.318216 -0.191938 -0.573334 0.769377 0.206174
830.300000000 -154.760345 -10.780342 -61.344776 -0.192529 -0.573690 0.768952 0.206215
830.400000000 -154.722701 -10.589791 -61.397674 -0.193312 -0.574843 0.767924 0.206104
830.600000000 -154.693935 -10.238751 -61.476733 -0.193730 -0.577032 0.766412 0.205221
830.800000000 -154.712949 -9.899677 -61.563565 -0.193320 -0.575979 0.767252 0.205427
830.900000000 -154.706656 -9.732869 -61.625703 -0.193308 -0.575082 0.767834 0.205778
831.000000000 -154.719389 -9.578122 -61.669271 -0.192912 -0.574061 0.768906 0.204992
831.200000000 -154.725027 -9.257031 -61.772763 -0.193083 -0.573961 0.768945 0.204966
831.300000000 -154.722145 -9.094115 -61.791676 -0.194411 -0.574955 0.767826 0.205121
831.400000000 -154.767937 -8.934366 -61.824787 -0.193424 -0.574478 0.768470 0.204979
831.500000000 -154.787531 -8.789704 -61.889646 -0.192570 -0.572446 0.770106 0.205325
831.700000000 -154.775964 -8.426140 -61.987023 -0.193818 -0.573717 0.768924 0.205035
831.800000000 -154.799712 -8.281501 -62.046510 -0.193271 -0.570800 0.771207 0.205117
831.900000000 -154.828506 -8.131220 -62.056660 -0.193253 -0.571271 0.770914 0.204925
832.100000000 -154.828898 -7.773219 -62.123114 -0.193642 -0.573378 0.769374 0.204460
832.200000000 -154.836938 -7.553149 -62.171208 -0.193176 -0.575713 0.767909 0.203845
832.500000000 -154.943285 -7.199274 -62.303637 -0.192407 -0.569700 0.772303 0.204864
832.600000000 -154.970754 -7.090194 -62.319352 -0.193162 -0.568008 0.773216 0.205406
833.000000000 -155.007660 -6.398204 -62.487964 -0.192376 -0.569573 0.772577 0.204211
833.200000000 -155.028772 -6.084970 -62.638903 -0.191164 -0.566956 0.774890 0.203869
833.800000000 -155.086456 -5.206688 -62.854093 -0.194960 -0.559808 0.778121 0.207684
833.900000000 -155.027881 -4.950353 -63.025155 -0.200994 -0.565699 0.771909 0.209145
834.200000000 -154.987536 -4.545802 -63.153488 -0.205007 -0.561583 0.772789 0.213057
834.900000000 -154.850628 -3.728294 -63.400253 -0.202912 -0.561268 0.773875 0.211948
835.200000000 -154.775579 -3.460379 -63.448729 -0.201906 -0.556920 0.777066 0.212702
835.800000000 -154.446270 -2.906211 -63.694830 -0.202849 -0.559611 0.774918 0.212579
836.100000000 -154.317514 -2.782010 -63.667862 -0.201387 -0.558326 0.776382 0.212006
836.300000000 -154.128467 -2.605977 -63.882905 -0.202562 -0.556360 0.777083 0.213482
836.500000000 -154.003093 -2.518123 -63.825666 -0.201410 -0.558808 0.776085 0.211802
836.600000000 -153.907518 -2.448662 -63.878286 -0.202615 -0.559105 0.775439 0.212233
836.800000000 -153.734960 -2.341230 -63.920719 -0.202261 -0.560226 0.774922 0.211504
837.100000000 -153.499859 -2.258104 -63.943140 -0.201892 -0.559320 0.775403 0.212488
837.200000000 -153.408402 -2.229473 -63.985947 -0.202466 -0.559652 0.774929 0.212796
837.500000000 -153.150590 -2.172890 -64.031177 -0.201619 -0.558974 0.775599 0.212941
837.600000000 -153.065556 -2.162478 -64.040325 -0.201458 -0.558049 0.776264 0.213098
837.700000000 -152.998388 -2.176197 -64.010345 -0.201228 -0.555847 0.777792 0.213497
838.500000000 -152.448260 -2.361481 -63.612563 -0.303233 -0.637298 0.704750 0.072309
838.800000000 -151.859201 -2.020820 -64.198299 -0.191298 -0.564949 0.776241 0.204176
838.900000000 -151.772246 -2.058257 -64.203398 -0.189459 -0.562548 0.778407 0.204272
839.100000000 -151.388872 -2.091371 -63.885726 -0.284781 -0.530849 0.791700 0.101538
839.200000000 -151.405111 -2.028070 -64.271122 -0.192101 -0.564748 0.775898 0.205278
839.400000000 -151.270964 -2.164969 -64.146947 -0.190109 -0.554324 0.783163 0.207939
839.500000000 -151.042258 -1.977097 -64.476110 -0.102262 -0.564143 0.813736 0.095489
839.600000000 -150.897975 -2.116944 -64.365068 -0.102810 -0.565114 0.813026 0.095214
839.700000000 -150.852269 -2.123190 -64.330173 -0.192083 -0.561260 0.778183 0.206212
840.000000000 -150.401548 -2.038239 -64.390637 -0.196379 -0.569895 0.771243 0.204547
840.400000000 -149.585928 -2.067161 -64.179952 -0.291193 -0.541795 0.782245 0.098779
840.500000000 -149.851570 -1.934815 -64.279769 -0.100326 -0.556451 0.819338 0.094774
841.100000000 -152.185441 -0.513893 -64.232489 0.003724 -0.582523 0.762325 0.281980
841.600000000 -154.273651 -0.291433 -62.117775 0.038277 -0.433972 0.656293 0.616022
841.700000000 -154.308757 -0.285397 -62.296340 0.037112 -0.434932 0.655561 0.616195
842.000000000 -154.155000 -0.181228 -62.792638 0.026894 -0.443680 0.649417 0.616994
842.100000000 -153.978238 -0.328527 -62.647824 0.037644 -0.433878 0.656102 0.616330
842.400000000 -153.787104 -0.320379 -62.980583 0.034021 -0.436436 0.654221 0.616733
843.200000000 -153.246027 -0.217755 -63.738723 0.032873 -0.438371 0.652698 0.617038
843.300000000 -153.154270 -0.184849 -63.823382 0.040249 -0.431379 0.657370 0.616569
843.500000000 -153.038733 -0.096784 -64.039522 0.036522 -0.433849 0.655133 0.617448
843.600000000 -153.015186 -0.074268 -64.148563 0.035293 -0.435060 0.654388 0.617458
843.900000000 -152.852265 0.036544 -64.399309 0.037571 -0.433046 0.656109 0.616912
844.200000000 -152.665342 0.170477 -64.632925 0.036584 -0.433459 0.655740 0.617074
844.300000000 -152.617130 0.239158 -64.742818 0.034280 -0.435257 0.654496 0.617261
844.500000000 -152.443636 0.296883 -64.808966 0.038616 -0.432374 0.656525 0.616877
844.700000000 -152.406887 0.463302 -65.056345 0.038160 -0.433188 0.656202 0.616677
845.000000000 -152.183008 0.689618 -65.329455 0.033156 -0.436893 0.653422 0.617305
845.700000000 -151.756848 1.215464 -65.774139 0.035271 -0.434241 0.655235 0.617137
846.100000000 -151.562840 1.599757 -66.066835 0.034579 -0.434635 0.654692 0.617474
846.300000000 -151.390941 1.788028 -66.167215 0.034202 -0.435110 0.654234 0.617646
846.500000000 -151.304332 1.977432 -66.303369 0.030216 -0.438689 0.651679 0.618023
846.800000000 -151.050599 2.278626 -66.431822 0.032696 -0.436592 0.652925 0.618067
847.200000000 -150.798272 2.755484 -66.725499 0.031233 -0.438082 0.652055 0.618007
847.600000000 -150.596077 3.179074 -66.927400 0.031175 -0.437405 0.652321 0.618209
847.700000000 -150.569645 3.245486 -66.949396 0.033526 -0.435108 0.653803 0.618141
847.800000000 -150.545891 3.351906 -67.005747 0.031693 -0.437269 0.652457 0.618136
848.000000000 -150.462828 3.602429 -67.164623 0.033892 -0.434985 0.654066 0.617930
848.400000000 -150.317120 4.073106 -67.407550 0.031526 -0.436339 0.653624 0.617567
848.900000000 -150.115435 4.666145 -67.682308 0.032855 -0.434475 0.654945 0.617413
849.000000000 -150.045806 4.776053 -67.737936 0.033130 -0.435051 0.654739 0.617212
849.100000000 -149.972700 4.885377 -67.776974 0.033119 -0.434793 0.654820 0.617308
849.300000000 -149.842972 5.146494 -67.894081 0.031927 -0.435747 0.653990 0.617578
849.400000000 -149.775580 5.248911 -67.921419 0.031853 -0.436068 0.653703 0.617659
849.500000000 -149.712521 5.358166 -67.951700 0.031830 -0.436149 0.653663 0.617645
849.600000000 -149.650034 5.504339 -68.045854 0.032585 -0.435371 0.654129 0.617661
849.700000000 -149.590520 5.611749 -68.090226 0.031876 -0.436033 0.653767 0.617614
850.000000000 -149.425754 5.991958 -68.276886 0.031639 -0.435827 0.653838 0.617697
850.100000000 -149.399177 6.101403 -68.316021 0.032250 -0.434500 0.654681 0.617708
850.500000000 -149.218232 6.574900 -68.576306 0.031844 -0.434149 0.655050 0.617584
850.800000000 -149.083782 6.945636 -68.781344 0.031068 -0.435672 0.654449 0.617188
850.900000000 -149.035312 7.053363 -68.802197 0.031339 -0.435950 0.654323 0.617112
851.000000000 -148.994974 7.173998 -68.880992 0.032000 -0.435046 0.654824 0.617184
851.100000000 -148.960374 7.309172 -68.953422 0.032728 -0.433615 0.655703 0.617220
851.300000000 -148.825616 7.544952 -69.072388 0.032145 -0.435029 0.655021 0.616980
851.400000000 -148.782325 7.619308 -69.095800 0.034311 -0.433298 0.656221 0.616807
851.800000000 -149.293356 7.999697 -69.493383 0.040114 -0.426239 0.661836 0.615373
852.100000000 -148.994313 8.377310 -69.706351 0.033802 -0.431743 0.657823 0.616218
852.200000000 -148.597471 8.522016 -69.735823 0.035671 -0.431290 0.657994 0.616247
852.400000000 -148.229188 8.746945 -69.793192 0.043804 -0.422926 0.663404 0.615719
852.600000000 -148.189122 8.957843 -69.979619 0.043060 -0.422742 0.663438 0.615862
852.800000000 -148.004870 9.186006 -70.099847 0.038403 -0.427625 0.660155 0.616325
853.000000000 -147.859948 9.373356 -70.242014 0.037928 -0.427595 0.660094 0.616441
853.700000000 -147.824881 10.088139 -70.962995 0.035887 -0.430182 0.659038 0.615893
854.100000000 -147.208887 10.596882 -71.385540 0.034663 -0.431038 0.658191 0.616271
854.200000000 -147.088902 10.677805 -71.452808 0.046388 -0.418404 0.666306 0.615486
854.400000000 -146.913370 10.846321 -71.625428 0.049265 -0.414947 0.668397 0.615335
854.500000000 -146.889206 10.911484 -71.681418 0.045564 -0.419036 0.665704 0.615769
854.600000000 -146.861286 10.956950 -71.733960 0.043822 -0.421045 0.664439 0.615890
854.900000000 -146.697306 11.175892 -71.974749 0.038355 -0.426948 0.660684 0.616232
855.000000000 -146.583609 11.227949 -72.036815 0.045551 -0.419568 0.665464 0.615667
855.300000000 -146.413537 11.482022 -72.360636 0.048122 -0.416313 0.667530 0.615445
855.400000000 -146.356412 11.561367 -72.454362 0.044259 -0.420095 0.665043 0.615856
855.900000000 -146.233116 11.911716 -72.953565 0.033796 -0.430912 0.657998 0.616613
856.000000000 -145.887615 12.017324 -73.016699 0.044197 -0.420849 0.664686 0.615731
856.100000000 -145.747026 12.107262 -73.120405 0.052117 -0.412500 0.669834 0.615182
856.400000000 -145.678409 12.287521 -73.414536 0.052375 -0.412652 0.670046 0.614828
856.800000000 -145.486535 12.547985 -73.827248 0.037417 -0.428370 0.660087 0.615942
856.900000000 -145.264538 12.638169 -73.916385 0.046367 -0.419321 0.665891 0.615312
857.000000000 -145.187733 12.718183 -74.025737 0.050222 -0.416085 0.667959 0.614965
857.100000000 -145.122439 12.776777 -74.128840 0.049214 -0.416535 0.667604 0.615127
857.400000000 -145.007490 12.974104 -74.451452 0.044684 -0.420737 0.664954 0.615483
857.500000000 -144.844477 13.045655 -74.533808 0.044296 -0.421624 0.664459 0.615439
857.800000000 -144.666002 13.248394 -74.849047 0.047034 -0.419149 0.666015 0.615244
858.100000000 -144.375996 13.451565 -75.142503 0.046537 -0.419264 0.665557 0.615699
858.600000000 -143.968894 13.792879 -75.624159 0.041810 -0.423750 0.662677 0.616073
858.900000000 -143.785857 14.286157 -76.285229 0.036186 -0.428878 0.659315 0.616488
859.200000000 -143.570408 14.652330 -76.764403 0.039122 -0.425795 0.661453 0.616155
859.300000000 -143.518602 14.754213 -76.893388 0.040627 -0.423920 0.662619 0.616098
860.000000000 -142.958824 15.394873 -77.466539 0.053493 -0.410793 0.671015 0.614920
860.600000000 -142.586736 15.791862 -77.565655 0.047021 -0.417938 0.666307 0.615753
860.800000000 -142.475228 15.983977 -77.666533 0.041128 -0.424173 0.662552 0.615963
860.900000000 -142.391586 16.132952 -77.771034 0.040406 -0.424554 0.662302 0.616017
861.400000000 -142.222990 16.786305 -78.191653 0.044784 -0.419452 0.665623 0.615630
861.600000000 -142.020629 17.004173 -78.205039 0.046279 -0.417801 0.666579 0.615608
861.700000000 -141.988797 17.037109 -78.164228 0.050152 -0.414083 0.668908 0.615290
861.800000000 -141.940017 17.201108 -78.259517 0.045766 -0.418936 0.666132 0.615359
862.000000000 -141.853477 17.424667 -78.293531 0.046257 -0.418512 0.666184 0.615555
862.300000000 -141.751035 17.756248 -78.373146 0.048549 -0.416675 0.667788 0.614886
862.400000000 -141.689437 17.853965 -78.368135 0.053800 -0.410694 0.671276 0.614674
862.800000000 -141.475542 18.480891 -78.656036 0.024379 -0.439837 0.652836 0.616242
863.300000000 -141.190693 19.256148 -79.005213 0.034518 -0.430353 0.659293 0.615579
863.600000000 -141.078354 19.650669 -79.136248 0.046688 -0.417639 0.667556 0.614627
863.900000000 -140.954920 20.001477 -79.235222 0.046324 -0.417702 0.667464 0.614712
864.000000000 -140.903800 20.153489 -79.301972 0.044114 -0.419746 0.666308 0.614737
864.400000000 -140.714837 20.587367 -79.382400 0.036273 -0.427990 0.661173 0.615109
864.500000000 -140.730797 20.548733 -79.228900 0.054569 -0.404683 0.674482 0.615084
864.600000000 -140.753139 20.487321 -79.045028 0.048043 -0.405815 0.672263 0.617307
864.700000000 -140.720869 20.500229 -78.957923 0.041394 -0.406354 0.670282 0.619584
864.800000000 -140.714085 20.526455 -78.886849 0.040498 -0.405712 0.670216 0.620136
865.600000000 -140.368173 21.185924 -79.237864 -0.030363 -0.478047 0.620012 0.621397
865.700000000 -140.309578 21.220522 -79.261866 0.051778 -0.397011 0.676081 0.618560
865.800000000 -140.248432 21.244350 -79.257777 0.062062 -0.386420 0.682273 0.617520
865.900000000 -140.210265 21.321262 -79.341010 0.033653 -0.416283 0.664448 0.619746
866.000000000 -140.171671 21.373256 -79.402142 0.032560 -0.417944 0.663573 0.619623
866.100000000 -140.112860 21.399677 -79.408787 0.047400 -0.401953 0.673086 0.618985
866.200000000 -140.093949 21.473101 -79.515364 0.043509 -0.407218 0.670443 0.618697
866.400000000 -139.961113 21.616772 -79.685971 0.027856 -0.422493 0.660426 0.620129
866.700000000 -139.795738 21.792461 -79.962692 0.032967 -0.419403 0.662963 0.619269
867.100000000 -139.581349 21.856725 -80.168817 0.056957 -0.395654 0.677478 0.617444
867.600000000 -139.348351 21.957741 -80.576923 0.038306 -0.415126 0.665792 0.618808
867.900000000 -139.188509 21.987292 -80.816862 0.043785 -0.411041 0.668865 0.617857
868.400000000 -138.918955 21.950829 -81.150064 0.051567 -0.407905 0.662624 0.626006
868.500000000 -138.944106 21.926280 -81.201048 0.056178 -0.403962 0.661791 0.629039
868.600000000 -138.903223 21.960644 -81.289791 0.047000 -0.414860 0.654044 0.630800
868.700000000 -138.877257 21.992253 -81.442485 0.047558 -0.414433 0.654119 0.630961
868.800000000 -138.819413 22.003085 -81.541272 0.049900 -0.410217 0.656636 0.630921
868.900000000 -138.804520 21.958812 -81.556406 0.055374 -0.403149 0.660831 0.630640
869.000000000 -138.764771 21.968698 -81.662304 0.047663 -0.412035 0.656267 0.630293
869.100000000 -138.749731 21.944820 -81.715619 0.044538 -0.413977 0.655053 0.630511
869.200000000 -138.744456 21.868632 -81.714373 0.049936 -0.406638 0.659296 0.630461
869.300000000 -138.752528 21.834219 -81.758250 0.048907 -0.407061 0.659168 0.630402
869.400000000 -138.708382 21.845432 -81.860993 0.043538 -0.412364 0.656335 0.630305
869.600000000 -138.670733 21.874880 -82.058397 0.046375 -0.409531 0.658889 0.629284
869.700000000 -138.693166 21.836224 -82.090702 0.048535 -0.406886 0.661090 0.628529
870.300000000 -139.195294 20.454893 -82.175388 0.105450 -0.439039 0.603296 0.657388
870.500000000 -139.275159 20.348179 -82.282963 0.129098 -0.412117 0.620255 0.654810
870.600000000 -139.312515 20.227890 -82.240003 0.132001 -0.408974 0.621979 0.654567
870.700000000 -139.634107 20.467791 -82.451401 0.147405 -0.384543 0.631959 0.656525
870.800000000 -140.512657 21.269305 -83.955523 0.111656 -0.335468 0.636799 0.685187
871.000000000 -144.226591 23.304675 -88.382324 0.202420 -0.501988 0.726267 0.423757
871.300000000 -149.414744 19.812225 -92.573773 0.068256 -0.494337 0.739058 0.452511
871.400000000 -149.374363 19.971175 -92.846912 0.071334 -0.490294 0.742223 0.451252
871.600000000 -149.156002 21.048103 -93.873568 -0.081566 -0.405984 0.835822 0.360451
871.700000000 -149.356655 20.717804 -93.543771 -0.098145 -0.436881 0.819228 0.358285
872.000000000 -148.803998 20.190822 -92.282649 0.012116 -0.625483 0.646447 0.436727
872.100000000 -148.828931 20.080189 -92.475061 0.053077 -0.539038 0.710705 0.448909
872.500000000 -149.545828 20.379116 -93.995285 -0.044111 -0.327413 0.871478 0.362464
872.700000000 -149.887428 21.390097 -94.844718 0.037609 -0.560001 0.696489 0.447088
873.200000000 -144.768591 16.999216 -98.591400 0.158878 0.610121 -0.601923 -0.490101
873.400000000 -144.964059 16.832972 -98.533427 0.161691 0.609896 -0.601899 -0.489490
874.100000000 -145.725751 16.484389 -98.727755 0.162814 0.607655 -0.605679 -0.487238
874.500000000 -146.160060 16.328352 -98.864392 0.163867 0.608385 -0.605538 -0.486147
874.800000000 -146.401273 16.296472 -99.020364 -0.157432 -0.600513 0.614945 0.486252
875.300000000 -146.663868 16.398340 -99.377230 -0.162720 -0.605527 0.610907 0.483375
875.800000000 -146.821228 16.553804 -99.743285 0.167108 0.610141 -0.607138 -0.480818
875.900000000 -147.015726 16.388281 -99.696269 -0.162195 -0.605771 0.612499 0.481226
876.700000000 -147.627789 16.178302 -99.904183 0.168509 0.613529 -0.605812 -0.477682
877.000000000 -147.827916 16.061838 -99.983908 -0.155551 -0.599606 0.620931 0.480335
878.000000000 -148.540283 15.552470 -100.109875 -0.143739 -0.587392 0.633444 0.482760
878.200000000 -148.680450 15.433725 -100.110833 -0.152273 -0.598350 0.622857 0.480457
878.900000000 -149.127296 14.988115 -100.064944 0.212424 0.669528 -0.543643 -0.459413
879.300000000 -149.312968 14.741675 -100.052934 0.166626 0.617298 -0.603171 -0.476827
879.400000000 -149.293559 14.722134 -100.076527 -0.158243 -0.608151 0.612941 0.478973
879.500000000 -149.342419 14.654795 -100.057778 -0.159664 -0.609965 0.611102 0.478545
880.000000000 -149.515403 14.332601 -99.948688 0.174000 0.626854 -0.592549 -0.475041
880.400000000 -149.710940 13.989609 -99.785130 -0.151921 -0.602245 0.618181 0.481740
880.500000000 -149.829457 13.839493 -99.689637 -0.152176 -0.603266 0.617290 0.481525
880.700000000 -149.950524 13.643252 -99.579826 0.164793 0.618061 -0.601692 -0.478341
881.100000000 -150.100058 13.360886 -99.466002 0.162838 0.616543 -0.603003 -0.479318
881.500000000 -150.299156 13.033130 -99.301968 -0.139859 -0.588963 0.629762 0.486787
881.900000000 -150.404913 12.811761 -99.214800 -0.153626 -0.606316 0.612269 0.483638
882.000000000 -150.396805 12.790010 -99.230879 0.159380 0.613733 -0.604903 -0.481686
882.200000000 -150.436691 12.688605 -99.205398 -0.153390 -0.606472 0.612039 0.483809
882.300000000 -150.567199 12.531334 -99.117818 -0.154481 -0.607610 0.610725 0.483695
882.400000000 -150.757305 12.321143 -98.970595 -0.153847 -0.607969 0.610571 0.483640
882.600000000 -150.828827 12.194759 -98.904092 0.163217 0.619447 -0.598435 -0.481167
882.900000000 -150.942577 12.039586 -98.840765 0.160683 0.617285 -0.600428 -0.482314
883.000000000 -150.980368 11.985202 -98.818212 0.158371 0.614440 -0.603161 -0.483301
883.500000000 -151.193499 11.593472 -98.516541 -0.143308 -0.597538 0.619753 0.488177
883.700000000 -151.440451 11.342700 -98.378576 -0.149432 -0.605671 0.611669 0.486512
883.800000000 -151.450577 11.278014 -98.292143 0.162734 0.622405 -0.594465 -0.482432
885.000000000 -151.850088 12.556425 -98.593318 0.257503 0.687319 -0.508962 -0.449715
885.400000000 -152.106480 12.468108 -98.358542 0.204865 0.627154 -0.583161 -0.473952
885.800000000 -151.687693 10.072797 -96.255602 -0.088531 -0.578765 0.660071 0.470637
886.200000000 -150.255256 9.540554 -94.296127 -0.013227 -0.488973 0.729842 0.477558
886.500000000 -150.210845 9.393005 -94.073578 0.034563 -0.420519 0.770429 0.477920
886.700000000 -150.487769 9.307243 -94.098582 -0.023616 -0.503671 0.719887 0.476992
887.100000000 -148.944144 9.994799 -94.373145 -0.081834 -0.534368 0.678041 0.498010
887.200000000 -149.112299 9.972348 -94.352083 -0.117400 -0.578795 0.639149 0.492649
887.300000000 -149.257517 9.854329 -94.292874 -0.124094 -0.586569 0.631721 0.491391
887.800000000 -149.678031 9.508709 -94.137871 -0.143475 -0.608980 0.611059 0.484938
888.000000000 -149.867820 9.363656 -93.976404 -0.123255 -0.587020 0.632355 0.490248
888.400000000 -150.213461 9.080137 -93.815190 -0.100818 -0.560756 0.657163 0.493483
888.900000000 -151.024182 8.298363 -93.352276 -0.092048 -0.554661 0.664574 0.492159
889.200000000 -151.458407 7.998772 -93.274379 -0.110458 -0.580955 0.642852 0.486859
889.600000000 -152.135532 7.906086 -93.524302 -0.067831 -0.533814 0.687456 0.487694
889.700000000 -152.265354 7.824685 -93.506227 -0.116898 -0.596775 0.633333 0.478627
889.800000000 -152.438216 7.618794 -93.286940 0.144172 0.629140 -0.600516 -0.471993
890.300000000 -152.320909 8.809344 -91.956338 0.510831 0.525897 -0.490041 -0.471533
890.500000000 -151.676836 7.986735 -92.557413 0.262879 0.728083 -0.445932 -0.449371
890.700000000 -152.390469 7.118831 -91.703911 0.209661 0.704108 -0.511057 -0.446201
891.100000000 -151.148375 8.370772 -92.140559 -0.062163 -0.529281 0.700683 0.474384
891.300000000 -151.299938 9.041455 -93.684148 0.083506 -0.302942 0.826290 0.467438
891.500000000 -151.674626 9.775030 -95.195747 0.176723 -0.118722 0.872822 0.439154
891.700000000 -151.889744 10.583663 -96.854337 0.246725 0.087167 0.882544 0.390698
891.800000000 -152.149900 10.802724 -97.551572 0.293039 0.192614 0.866023 0.356417
892.000000000 -151.203258 11.681227 -97.902867 0.370297 0.345136 0.809268 0.298071
892.100000000 -151.046494 11.772275 -97.847721 0.371419 0.346162 0.808360 0.297950
892.300000000 -150.694908 11.868472 -97.538119 0.348800 0.298188 0.828979 0.319712
892.500000000 -150.481380 11.967630 -97.425330 0.344531 0.288587 0.832334 0.324400
892.800000000 -150.151837 12.139916 -97.276810 0.365425 0.333908 0.814082 0.303711
893.000000000 -149.802836 12.249095 -97.001868 0.361704 0.323935 0.817917 0.308623
893.300000000 -149.320260 12.405822 -96.655704 0.344696 0.286027 0.832409 0.326294
893.700000000 -148.840496 12.553104 -96.296313 0.350165 0.295775 0.828352 0.322079
893.800000000 -148.677849 12.620276 -96.218115 0.352578 0.300156 0.826396 0.320414
893.900000000 -148.512533 12.693796 -96.167216 0.354272 0.303237 0.824994 0.319254
894.100000000 -148.303994 12.738754 -95.998455 0.357904 0.311509 0.821838 0.315356
894.500000000 -147.806588 12.938816 -95.755075 0.360480 0.315690 0.819800 0.313565
894.700000000 -147.564066 12.993870 -95.578832 0.360490 0.315512 0.819814 0.313695
894.800000000 -147.441106 13.033764 -95.493981 0.359886 0.314591 0.820269 0.314123
894.900000000 -147.340806 13.081419 -95.442360 0.360839 0.317075 0.819281 0.313110
895.000000000 -147.203187 13.127687 -95.378582 0.361192 0.317509 0.819015 0.312957
895.100000000 -147.133383 13.116099 -95.285395 0.360868 0.316699 0.819353 0.313268
895.200000000 -146.999743 13.180934 -95.237080 0.360682 0.316386 0.819504 0.313402
895.700000000 -146.480833 13.322953 -94.897963 0.362323 0.323225 0.817416 0.309967
896.500000000 -145.491841 13.675054 -94.365799 0.364120 0.328871 0.815426 0.307150
896.600000000 -145.401474 13.642847 -94.220366 0.361474 0.323732 0.817801 0.309411
896.800000000 -145.190132 13.705947 -94.067473 0.362560 0.328200 0.816412 0.307094
896.900000000 -145.070621 13.732438 -93.981043 0.359862 0.322127 0.818932 0.309974
897.100000000 -144.859320 13.818006 -93.862090 0.362040 0.327617 0.816782 0.307345
897.200000000 -144.704218 13.887441 -93.784573 0.361248 0.326692 0.817286 0.307922
897.300000000 -144.593096 13.930062 -93.714168 0.360217 0.323866 0.818353 0.309279
897.600000000 -144.277711 14.070140 -93.483176 0.359266 0.321772 0.819213 0.310290
897.900000000 -143.952746 14.271150 -93.273666 0.359596 0.323144 0.818819 0.309522
898.500000000 -143.372029 14.628170 -92.800432 0.357560 0.321567 0.819873 0.310730
898.600000000 -143.273579 14.677970 -92.752516 0.357860 0.322635 0.819370 0.310606
898.700000000 -143.197353 14.710876 -92.692356 0.358983 0.325050 0.818266 0.309701
898.800000000 -143.101231 14.794212 -92.622858 0.358714 0.325542 0.818295 0.309419
898.900000000 -143.020265 14.881907 -92.557657 0.358026 0.323215 0.819170 0.310339
899.000000000 -142.935536 14.965876 -92.480802 0.357317 0.322869 0.819547 0.310521
899.400000000 -142.545482 15.229674 -92.105204 0.357661 0.323015 0.819076 0.311215
899.700000000 -142.303496 15.464844 -91.813725 0.357878 0.322837 0.819205 0.310810
899.800000000 -142.215084 15.558206 -91.725931 0.357633 0.320967 0.819651 0.311852
900.000000000 -142.030622 15.738738 -91.547787 0.358402 0.321863 0.818994 0.311772
900.200000000 -141.840915 15.911131 -91.371219 0.358676 0.320828 0.819043 0.312393
900.300000000 -141.777831 15.983112 -91.247783 0.359154 0.322679 0.818351 0.311749
900.900000000 -141.249544 16.568274 -90.720966 0.359156 0.319993 0.818395 0.314391
901.500000000 -140.734698 17.103563 -90.185022 0.361255 0.319692 0.817634 0.314271
901.600000000 -140.600559 17.226269 -90.084394 0.362605 0.322494 0.816376 0.313121
902.900000000 -139.472165 18.330051 -88.923742 0.374662 0.314319 0.811793 0.319099
903.000000000 -139.319742 18.441402 -88.837026 0.377146 0.315964 0.810171 0.318670
903.400000000 -139.006038 18.667499 -88.547459 0.376076 0.313466 0.811423 0.319216
903.700000000 -138.702753 18.810845 -88.341441 0.373236 0.314979 0.813084 0.316825
904.300000000 -138.168054 19.028011 -88.031748 0.375410 0.314850 0.811902 0.317415
904.700000000 -137.711841 19.150909 -87.832412 0.375682 0.317865 0.811870 0.314153
906.200000000 -136.545550 19.059058 -87.499742 0.378610 0.310786 0.810692 0.320693
906.300000000 -136.436687 19.058706 -87.474868 0.377173 0.312811 0.810965 0.319727
906.500000000 -136.170799 19.084489 -87.419453 0.377317 0.319002 0.809371 0.317472
906.800000000 -136.089142 18.925365 -87.439604 0.363073 0.316529 0.816601 0.318041
906.900000000 -135.960502 18.936220 -87.388970 0.362450 0.319197 0.816150 0.317242
907.000000000 -135.845838 18.950026 -87.364955 0.362631 0.320716 0.815702 0.316655
907.100000000 -135.798199 18.905960 -87.357624 0.361635 0.319226 0.816431 0.317421
907.300000000 -135.695123 18.844696 -87.327566 0.361329 0.315842 0.816971 0.319756
907.500000000 -135.495762 18.830818 -87.288427 0.363560 0.317849 0.815752 0.318345
907.700000000 -135.300078 18.827631 -87.227119 0.365639 0.318633 0.814407 0.318625
907.800000000 -135.228063 18.815022 -87.205138 0.365337 0.318433 0.814624 0.318616
908.000000000 -134.983257 18.831090 -87.140261 0.367217 0.321768 0.813285 0.316518
908.100000000 -134.927878 18.817148 -87.106222 0.367115 0.321643 0.813372 0.316540
908.300000000 -134.823203 18.786117 -87.066174 0.365586 0.317558 0.814857 0.318608
908.400000000 -134.763782 18.763696 -87.039205 0.365640 0.316363 0.815118 0.319070
908.500000000 -134.653004 18.778651 -86.984993 0.366180 0.318210 0.814525 0.318125
908.800000000 -134.440741 18.753435 -86.883127 0.367328 0.318127 0.814093 0.317990
909.000000000 -134.239898 18.786712 -86.782321 0.366827 0.316928 0.814601 0.318463
909.100000000 -134.136055 18.807952 -86.722523 0.367136 0.318498 0.814276 0.317371
910.100000000 -132.391102 18.790224 -85.898658 0.428393 0.325474 0.730150 0.421220
910.300000000 -133.147157 18.990155 -86.122213 0.374368 0.316497 0.811384 0.318331
910.600000000 -132.791486 19.131757 -85.897047 0.375299 0.318974 0.810674 0.316565
910.700000000 -132.710667 19.158762 -85.825448 0.375753 0.320299 0.810106 0.316143
911.100000000 -131.789650 18.837741 -85.322662 0.418637 0.315195 0.736397 0.427919
911.500000000 -132.293825 19.235863 -85.385761 0.373462 0.306461 0.814227 0.321936
911.700000000 -132.155799 19.280622 -85.257859 0.373503 0.307993 0.814062 0.320840
912.100000000 -131.461392 18.776474 -84.790988 0.450433 0.378986 0.709679 0.387086
912.300000000 -131.413211 19.511616 -84.842581 0.378075 0.315154 0.810897 0.316518
912.800000000 -131.185682 19.474220 -84.537871 0.354020 0.252817 0.830887 0.346959
913.000000000 -131.568832 19.239094 -84.520395 0.371234 0.303997 0.816518 0.321045
913.400000000 -130.037977 18.898130 -84.090245 0.449378 0.379793 0.709656 0.387564
913.500000000 -130.881676 19.379336 -84.201765 0.374011 0.309128 0.814598 0.317782
913.600000000 -130.826228 19.347588 -84.129067 0.372987 0.306929 0.815440 0.318956
913.900000000 -129.386690 18.868842 -83.957540 0.451354 0.380898 0.708601 0.386109
914.100000000 -130.210154 19.373588 -83.907700 0.372849 0.305958 0.816431 0.317513
915.400000000 -134.912842 16.528002 -85.628998 0.196308 0.141346 0.896681 0.370738
915.800000000 -134.581268 16.401134 -85.319573 0.194653 0.138302 0.896912 0.372197
916.100000000 -133.957316 16.164727 -85.073316 0.269889 0.097193 0.867109 0.407230
916.500000000 -133.254506 16.452324 -83.924837 0.210685 0.123341 0.849616 0.467494
916.600000000 -132.862714 16.304923 -84.216437 0.274930 0.085639 0.863469 0.414126
917.100000000 -132.085604 13.948089 -86.413877 0.688833 0.029386 0.645336 0.328917
917.200000000 -132.064920 13.630645 -86.306002 0.692441 0.033455 0.643659 0.324205
917.400000000 -131.875069 13.668932 -86.503734 0.690569 0.032577 0.645296 0.325032
917.500000000 -131.774961 13.503905 -86.489726 0.690279 0.031135 0.644938 0.326498
918.000000000 -131.079922 13.240593 -86.722945 0.689595 0.029925 0.645210 0.327516
918.200000000 -130.830211 13.137381 -86.759054 0.690171 0.030970 0.644432 0.327737
918.300000000 -130.770210 12.900749 -86.672598 0.692237 0.032729 0.643104 0.325813
918.400000000 -130.639970 13.018643 -86.819920 0.690855 0.031380 0.643815 0.327470
918.500000000 -130.511155 12.862130 -86.820238 0.692560 0.034505 0.643917 0.323327
918.600000000 -130.424174 12.822423 -86.867669 0.692523 0.033988 0.643797 0.323699
918.700000000 -130.298442 12.773148 -86.900689 0.692517 0.033102 0.643322 0.324748
918.800000000 -130.197298 12.752002 -86.951465 0.691008 0.032157 0.644295 0.326126
918.900000000 -130.069380 12.644596 -86.969187 0.691585 0.032628 0.643983 0.325473
919.100000000 -129.771307 12.503646 -87.032626 0.690294 0.031211 0.644645 0.327036
919.200000000 -129.628170 12.393125 -87.053577 0.691784 0.032708 0.644121 0.324765
919.400000000 -129.374608 12.276219 -87.112012 0.691676 0.033980 0.644243 0.324625
919.700000000 -129.006480 12.071697 -87.220141 0.692369 0.034283 0.644025 0.323546
919.900000000 -128.798115 11.874200 -87.214766 0.692055 0.035280 0.643990 0.324180
920.000000000 -128.675930 11.862709 -87.276498 0.690590 0.033499 0.644482 0.326506
920.100000000 -128.553707 11.772709 -87.296145 0.691405 0.034742 0.644271 0.325065
920.200000000 -128.429682 11.717201 -87.329582 0.692176 0.034172 0.643312 0.325384
920.300000000 -128.344036 11.637773 -87.353589 0.692125 0.034470 0.643546 0.324996
920.400000000 -128.221005 11.527520 -87.369882 0.692703 0.036742 0.643837 0.322934
920.500000000 -128.096008 11.491279 -87.440587 0.691902 0.034222 0.643958 0.324681
920.700000000 -127.923471 11.283600 -87.409731 0.693400 0.037519 0.643379 0.322261
921.000000000 -127.620886 11.054766 -87.467201 0.695164 0.041860 0.643605 0.317438
921.100000000 -127.385858 11.018652 -87.551105 0.693701 0.037907 0.643700 0.320925
921.200000000 -127.313011 10.940975 -87.559293 0.693642 0.038082 0.643489 0.321453
921.600000000 -126.964880 10.589216 -87.578173 0.696512 0.042878 0.642846 0.315882
921.700000000 -126.781836 10.560598 -87.624676 0.694698 0.040560 0.643166 0.319512
922.100000000 -126.416015 10.231025 -87.620623 0.696306 0.044974 0.643422 0.314870
922.500000000 -125.826176 10.040064 -87.735364 0.693090 0.040074 0.644295 0.320786
922.800000000 -125.573007 9.830197 -87.745976 0.694791 0.041986 0.643684 0.318077
922.900000000 -125.373437 9.780367 -87.775989 0.694391 0.040985 0.643590 0.319271
923.500000000 -124.612486 9.427415 -87.816557 0.693550 0.039991 0.643877 0.320641
924.300000000 -123.663398 8.910321 -87.764101 0.694237 0.042298 0.644108 0.318388
924.800000000 -122.988230 8.666478 -87.756012 0.693691 0.041120 0.644184 0.319576
925.200000000 -122.556032 8.386585 -87.667161 0.695220 0.044811 0.644283 0.315531
925.800000000 -121.690681 8.109388 -87.620702 0.694263 0.041884 0.644111 0.318380
926.200000000 -121.363203 7.828567 -87.473881 0.696611 0.047028 0.644075 0.312552
926.300000000 -121.249372 7.805608 -87.462645 0.696171 0.046400 0.644181 0.313406
926.400000000 -121.008234 7.792003 -87.479286 0.695027 0.043478 0.643985 0.316751
926.600000000 -120.880354 7.706148 -87.419632 0.695251 0.043987 0.643981 0.316197
926.800000000 -120.685845 7.594385 -87.353390 0.695373 0.045393 0.644405 0.314864
927.000000000 -120.539996 7.498741 -87.296110 0.695366 0.045951 0.644721 0.314147
927.100000000 -120.480622 7.456151 -87.246114 0.694402 0.044570 0.645048 0.315805
927.300000000 -120.018999 7.369901 -87.256658 0.693921 0.043218 0.644762 0.317630
927.500000000 -119.733456 7.228739 -87.202383 0.696027 0.045386 0.643845 0.314564
927.600000000 -119.431571 7.230755 -87.241883 0.694153 0.041509 0.644070 0.318751
927.700000000 -119.298139 7.154393 -87.202848 0.695285 0.043448 0.643822 0.316519
927.900000000 -119.135940 7.020977 -87.116645 0.695497 0.044562 0.643919 0.315700
928.000000000 -118.996862 6.999896 -87.121467 0.695722 0.044820 0.644039 0.314922
928.100000000 -119.016951 6.951271 -87.060981 0.695483 0.044771 0.644209 0.315111
928.200000000 -118.866851 6.930902 -87.059841 0.694828 0.042778 0.644032 0.317185
928.400000000 -118.502757 6.835006 -87.032349 0.694204 0.042561 0.644359 0.317917
928.500000000 -118.307913 6.748808 -87.002758 0.695403 0.045115 0.644310 0.315031
929.400000000 -117.133845 6.349634 -86.807884 0.694664 0.041687 0.643707 0.318348
929.700000000 -116.809247 6.152117 -86.716578 0.696760 0.046534 0.643741 0.312982
929.900000000 -116.461714 6.112980 -86.728994 0.694396 0.041328 0.643864 0.318662
930.100000000 -116.228215 5.977941 -86.658583 0.695284 0.044187 0.644180 0.315688
930.500000000 -115.676287 5.812040 -86.600147 0.694987 0.042119 0.643874 0.317247
930.600000000 -115.491752 5.779601 -86.596885 0.695609 0.042734 0.643733 0.316085
930.900000000 -115.200703 5.566154 -86.460225 0.696434 0.044709 0.643751 0.313951
931.000000000 -114.982113 5.584100 -86.476428 0.695108 0.041792 0.643757 0.317263
931.100000000 -114.864253 5.526395 -86.444719 0.695608 0.042400 0.643709 0.316180
931.200000000 -114.727504 5.457266 -86.405610 0.696431 0.042965 0.643167 0.315393
931.300000000 -114.582607 5.410653 -86.375599 0.696205 0.043139 0.643319 0.315561
931.600000000 -114.208526 5.274228 -86.293093 0.695901 0.042604 0.643407 0.316125
931.700000000 -114.046320 5.255132 -86.274117 0.696071 0.042473 0.643223 0.316142
932.000000000 -113.674363 5.094741 -86.190172 0.696159 0.043094 0.643289 0.315729
932.100000000 -113.539212 5.054522 -86.167770 0.696172 0.042645 0.643002 0.316347
932.300000000 -113.272367 4.967436 -86.133596 0.697080 0.043814 0.642682 0.314833
932.400000000 -113.127109 4.932028 -86.125531 0.697191 0.044170 0.642638 0.314627
932.500000000 -113.031337 4.866550 -86.095588 0.695946 0.042271 0.643031 0.316831
932.700000000 -112.780243 4.792643 -86.081574 0.696240 0.043089 0.642970 0.316201
933.100000000 -112.293422 4.555080 -86.051199 0.696409 0.042525 0.642605 0.316647
933.200000000 -112.168566 4.489672 -86.041848 0.696471 0.042835 0.642641 0.316396
933.300000000 -112.017238 4.441218 -86.057869 0.696280 0.043064 0.642895 0.316267
933.900000000 -111.315212 4.047949 -86.107710 0.696616 0.043359 0.642876 0.315526
934.400000000 -110.681614 3.734011 -86.201065 0.696423 0.042563 0.642759 0.316298
935.500000000 -109.269180 2.917214 -86.527562 0.695698 0.041570 0.642697 0.318145
935.600000000 -109.085534 2.818678 -86.577053 0.696971 0.044029 0.642411 0.315597
935.700000000 -108.957388 2.758477 -86.631845 0.698021 0.045213 0.642084 0.313769
935.900000000 -108.754996 2.596139 -86.673854 0.694864 0.039474 0.642470 0.320684
936.000000000 -108.624841 2.512461 -86.709325 0.695857 0.041774 0.642525 0.318117
936.100000000 -108.569525 2.466956 -86.763118 0.695827 0.041537 0.642619 0.318026
936.300000000 -108.394206 2.354700 -86.835823 0.692483 0.034443 0.642865 0.325585
936.400000000 -108.118157 2.230076 -86.874927 0.693964 0.038149 0.643012 0.321705
936.500000000 -107.983029 2.147693 -86.918296 0.695193 0.040873 0.642955 0.318819
936.600000000 -107.968914 2.086488 -86.948814 0.695233 0.040361 0.642802 0.319105
937.100000000 -107.507121 1.715851 -87.121281 0.693344 0.035448 0.642810 0.323748
937.300000000 -107.223510 1.551815 -87.195043 0.692388 0.034986 0.643127 0.325212
937.500000000 -106.865859 1.386699 -87.286355 0.693926 0.037664 0.642815 0.322238
938.300000000 -105.990032 0.760638 -87.534403 0.694411 0.039536 0.643005 0.320585
938.400000000 -105.755424 0.672752 -87.565123 0.697079 0.043932 0.642145 0.315913
938.600000000 -105.759052 0.602539 -87.605956 0.692151 0.034386 0.642864 0.326298
938.900000000 -105.319904 0.340597 -87.683995 0.694678 0.039547 0.642796 0.320425
939.000000000 -105.283630 0.318024 -87.707077 0.691738 0.033547 0.642921 0.327148
939.300000000 -104.873511 0.079955 -87.763578 0.693891 0.037940 0.642864 0.322182
939.400000000 -104.669728 -0.016556 -87.792453 0.694284 0.038016 0.642701 0.321651
939.600000000 -104.555054 -0.122654 -87.818381 0.692640 0.035192 0.642932 0.325038
939.700000000 -104.392313 -0.197930 -87.840770 0.692602 0.035635 0.643259 0.324424
940.000000000 -103.997791 -0.412260 -87.874671 0.693880 0.036916 0.642459 0.323132
940.100000000 -103.890489 -0.460545 -87.884754 0.693246 0.036653 0.643057 0.323333
940.700000000 -103.078156 -0.854629 -87.908773 0.692787 0.035402 0.642919 0.324727
940.800000000 -102.987023 -0.917103 -87.909530 0.692857 0.035793 0.643026 0.324323
941.200000000 -102.574659 -1.132792 -87.895175 0.691673 0.033620 0.643234 0.326661
941.300000000 -102.406151 -1.198076 -87.890114 0.692559 0.034989 0.643051 0.324999
941.400000000 -102.262048 -1.269171 -87.875182 0.690585 0.031473 0.643387 0.328868
941.500000000 -102.156362 -1.319067 -87.871858 0.690688 0.032014 0.643411 0.328555
942.100000000 -101.374506 -1.651529 -87.816458 0.691620 0.034150 0.643485 0.326225
942.600000000 -100.751000 -1.930158 -87.742827 0.691547 0.033237 0.643161 0.327110
942.800000000 -100.525347 -1.997925 -87.702456 0.691286 0.033127 0.643317 0.327367
943.100000000 -100.138570 -2.179002 -87.620920 0.690012 0.031054 0.643410 0.330065
944.200000000 -98.635850 -2.716313 -87.356699 0.690450 0.031627 0.643002 0.329890
944.300000000 -98.544682 -2.747386 -87.314496 0.690153 0.031420 0.643092 0.330355
944.400000000 -98.327095 -2.824616 -87.303913 0.689996 0.031376 0.643248 0.330382
944.500000000 -98.255835 -2.865735 -87.257317 0.690295 0.031494 0.642945 0.330338
944.900000000 -97.708280 -3.056495 -87.149338 0.690101 0.031246 0.642936 0.330783
945.000000000 -97.581913 -3.070776 -87.118250 0.689450 0.030231 0.642937 0.332230
945.300000000 -97.199104 -3.217532 -87.020979 0.689518 0.030464 0.643079 0.331791
945.400000000 -97.056642 -3.245179 -86.980474 0.689722 0.030673 0.642755 0.331978
945.600000000 -96.824534 -3.355669 -86.885326 0.690228 0.031396 0.642806 0.330756
945.700000000 -96.642569 -3.400516 -86.864160 0.690824 0.032238 0.642625 0.329780
945.900000000 -96.399432 -3.496725 -86.795837 0.689139 0.030279 0.643380 0.332013
946.200000000 -96.002367 -3.617369 -86.650772 0.689774 0.030893 0.643158 0.331066
946.300000000 -95.858702 -3.658261 -86.616746 0.689137 0.029919 0.643526 0.331767
946.400000000 -95.711031 -3.682459 -86.585437 0.689356 0.030096 0.643378 0.331584
946.500000000 -95.585898 -3.741686 -86.524708 0.690045 0.030796 0.643035 0.330750
946.700000000 -95.281684 -3.802552 -86.424553 0.689970 0.030632 0.643246 0.330511
947.400000000 -94.329879 -4.051053 -85.988162 0.690161 0.031348 0.642928 0.330663
947.500000000 -94.217439 -4.091938 -85.917135 0.690284 0.031169 0.642661 0.330944
947.600000000 -94.050435 -4.111318 -85.845050 0.690107 0.031047 0.642770 0.331112
947.700000000 -93.922692 -4.125508 -85.759495 0.690094 0.031397 0.642864 0.330924
948.000000000 -93.592376 -4.243556 -85.522158 0.691213 0.033684 0.642785 0.328508
948.200000000 -93.259038 -4.285966 -85.403483 0.691768 0.034429 0.642535 0.327750
948.500000000 -92.815606 -4.349135 -85.224410 0.691756 0.034226 0.642792 0.327294
948.700000000 -92.465255 -4.377724 -85.121631 0.690022 0.031237 0.643266 0.330309
948.800000000 -92.349277 -4.420453 -85.044518 0.690731 0.031729 0.642593 0.330088
948.900000000 -92.204614 -4.433962 -84.975764 0.690510 0.031218 0.642535 0.330711
949.100000000 -91.918347 -4.486667 -84.825303 0.690070 0.031630 0.642895 0.330891
949.300000000 -91.615929 -4.530128 -84.709431 0.689479 0.031241 0.643176 0.331613
949.400000000 -91.471530 -4.572348 -84.626476 0.690435 0.032313 0.642855 0.330142
950.000000000 -90.685186 -4.738940 -84.253344 0.690415 0.032846 0.643180 0.329496
950.500000000 -90.030681 -4.923615 -83.945704 0.689988 0.032706 0.642820 0.331104
950.800000000 -89.638300 -5.031746 -83.795410 0.689853 0.032895 0.643147 0.330732
951.500000000 -88.642764 -5.312124 -83.518152 0.689460 0.033372 0.643368 0.331073
951.600000000 -88.460909 -5.370566 -83.483636 0.689031 0.032905 0.643558 0.331643
952.000000000 -87.976107 -5.561474 -83.367759 0.689877 0.033872 0.643263 0.330356
952.200000000 -87.683329 -5.655903 -83.323663 0.689448 0.033947 0.643635 0.330519
952.300000000 -87.516965 -5.706553 -83.305966 0.689204 0.033491 0.643540 0.331261
952.600000000 -87.235259 -5.857815 -83.231520 0.689542 0.035026 0.644043 0.329414
952.700000000 -87.100883 -5.902654 -83.220267 0.690611 0.036506 0.643734 0.327612
953.200000000 -86.410060 -6.193474 -83.196236 0.691323 0.039971 0.638965 0.334962
953.400000000 -86.044344 -6.321066 -83.215368 0.693354 0.044721 0.634136 0.339311
954.700000000 -84.571999 -7.401098 -83.195176 0.699670 0.038455 0.627534 0.339389
955.100000000 -84.227521 -7.748808 -83.133371 0.698440 0.038087 0.629992 0.337402
955.300000000 -84.011452 -7.946605 -83.155100 0.700693 0.033533 0.626821 0.339117
955.500000000 -83.928111 -8.194817 -83.114940 0.703093 0.037963 0.627183 0.332957
955.700000000 -83.855341 -8.354733 -83.082529 0.700077 0.035598 0.629870 0.334498
955.800000000 -83.819110 -8.452902 -83.068500 0.699182 0.035720 0.631044 0.334145
956.100000000 -83.807045 -8.728294 -83.044331 0.700080 0.035334 0.630986 0.332408
956.400000000 -83.610650 -9.030749 -83.049720 0.700966 0.035804 0.630253 0.331882
956.700000000 -83.499918 -9.316503 -83.069635 0.700539 0.032762 0.629610 0.334309
956.800000000 -83.489112 -9.407297 -83.057991 0.700268 0.033328 0.630309 0.333504
957.000000000 -83.433935 -9.588929 -83.019971 0.696659 0.034955 0.634938 0.332112
957.100000000 -83.490599 -9.679382 -83.027583 0.697447 0.034890 0.633984 0.332289
957.200000000 -83.522723 -9.762230 -83.017171 0.698423 0.033826 0.632519 0.333139
957.600000000 -83.509791 -10.125016 -82.930384 0.698085 0.039971 0.635443 0.327555
957.800000000 -83.522621 -10.282723 -82.907934 0.695352 0.037280 0.636947 0.330748
957.900000000 -83.553015 -10.358103 -82.894372 0.693813 0.037200 0.638771 0.330472
958.000000000 -83.579431 -10.443974 -82.890848 0.695054 0.037470 0.637199 0.330867
958.600000000 -83.771695 -10.900318 -82.805983 0.697637 0.032581 0.634459 0.331215
958.700000000 -83.835076 -10.972992 -82.803335 0.699223 0.031643 0.632834 0.331069
959.200000000 -84.126330 -11.291060 -82.705622 0.695857 0.033276 0.637530 0.328985
959.600000000 -84.198221 -11.572051 -82.661087 0.698077 0.029733 0.635375 0.328791
959.800000000 -84.254795 -11.697107 -82.599625 0.698821 0.032645 0.636704 0.324333
960.000000000 -84.418787 -11.802676 -82.608620 0.700246 0.029922 0.634868 0.325120
960.200000000 -84.555055 -11.925882 -82.560470 0.699189 0.030505 0.636357 0.324429
960.400000000 -84.692608 -12.002132 -82.524931 0.700301 0.029606 0.635437 0.323916
960.500000000 -84.741835 -12.035088 -82.522596 0.699401 0.028075 0.635914 0.325060
960.600000000 -84.905591 -12.073570 -82.477429 0.697555 0.029336 0.638511 0.323822
960.900000000 -85.084278 -12.157137 -82.426308 0.696150 0.027816 0.640061 0.323919
961.200000000 -85.285150 -12.228898 -82.357488 0.697319 0.028856 0.639435 0.322546
961.500000000 -85.540758 -12.288429 -82.296552 0.698432 0.028771 0.637858 0.323267
961.900000000 -85.918917 -12.282654 -82.196103 0.696687 0.028665 0.639510 0.323778
962.000000000 -85.952804 -12.283136 -82.179968 0.696135 0.028872 0.639708 0.324554
962.200000000 -86.172608 -12.313575 -82.103646 0.696407 0.031956 0.640790 0.321534
962.700000000 -86.588187 -12.246926 -82.024715 0.695821 0.029058 0.639902 0.324830
962.900000000 -86.766497 -12.196006 -81.994315 0.695013 0.028589 0.640106 0.326195
963.100000000 -87.014346 -12.138997 -81.943520 0.694323 0.030625 0.641705 0.324335
963.200000000 -87.062237 -12.108500 -81.931298 0.693731 0.029907 0.641720 0.325637
963.400000000 -87.218724 -12.062569 -81.888319 0.694776 0.031227 0.641139 0.324426
963.800000000 -87.401833 -11.883320 -81.891478 0.693581 0.029140 0.640974 0.327489
963.900000000 -87.504250 -11.861024 -81.877681 0.694152 0.029312 0.640339 0.327505
964.400000000 -87.869875 -11.633591 -81.837627 0.694463 0.031870 0.640568 0.326158
964.500000000 -87.975088 -11.567477 -81.816270 0.694056 0.031083 0.640389 0.327447
964.700000000 -88.071197 -11.459260 -81.823123 0.692988 0.030390 0.640811 0.328946
964.900000000 -88.226276 -11.364571 -81.806109 0.692997 0.031715 0.640988 0.328457
965.000000000 -88.290356 -11.317081 -81.805756 0.692796 0.031184 0.641095 0.328722
965.200000000 -88.431204 -11.187413 -81.805213 0.694233 0.035051 0.641083 0.325308
965.300000000 -88.502162 -11.123441 -81.811692 0.693725 0.033424 0.640782 0.327150
965.400000000 -88.547541 -11.058754 -81.803088 0.693721 0.032918 0.640387 0.327982
965.500000000 -88.645889 -10.979580 -81.805475 0.692668 0.032177 0.640855 0.329364
965.700000000 -88.773275 -10.865755 -81.817752 0.693597 0.033838 0.640826 0.327292
965.800000000 -88.875032 -10.814695 -81.808465 0.693464 0.032186 0.640127 0.329105
965.900000000 -88.980650 -10.733299 -81.807434 0.692430 0.032391 0.641012 0.329537
966.700000000 -89.502528 -10.153865 -81.838444 0.692486 0.034245 0.640227 0.330755
966.800000000 -89.646449 -10.091717 -81.824970 0.692401 0.034129 0.640173 0.331051
966.900000000 -89.713196 -10.016956 -81.856797 0.692512 0.034119 0.640061 0.331034
967.000000000 -89.740013 -9.944908 -81.874659 0.691965 0.033797 0.640354 0.331646
967.300000000 -89.987013 -9.708966 -81.891699 0.693704 0.035858 0.639201 0.330016
967.400000000 -90.069267 -9.637311 -81.895383 0.693258 0.035165 0.639268 0.330898
967.700000000 -90.250057 -9.398937 -81.946014 0.692472 0.034710 0.639136 0.332841
967.900000000 -90.405724 -9.251387 -81.982555 0.692796 0.035524 0.639292 0.331780
968.000000000 -90.451595 -9.162756 -82.003667 0.693803 0.036522 0.638627 0.330847
968.200000000 -90.586469 -9.006336 -82.031073 0.692850 0.034683 0.638351 0.333561
968.400000000 -90.772012 -8.860404 -82.084013 0.694163 0.035128 0.637494 0.332422
968.600000000 -90.943670 -8.689936 -82.130121 0.694431 0.035050 0.637100 0.332627
969.000000000 -91.259671 -8.373666 -82.202260 0.694397 0.034660 0.636625 0.333647
969.300000000 -91.494025 -8.137115 -82.260118 0.693928 0.034808 0.636588 0.334677
969.400000000 -91.552244 -8.065569 -82.286998 0.694589 0.036545 0.636561 0.333167
970.100000000 -92.232599 -7.548184 -82.385511 0.694456 0.038484 0.636809 0.332753
970.300000000 -92.437809 -7.395271 -82.420112 0.693530 0.037274 0.637179 0.334110
970.400000000 -92.528951 -7.333007 -82.436079 0.693397 0.036799 0.637160 0.334474
970.600000000 -92.752529 -7.187239 -82.462141 0.693249 0.037117 0.637095 0.334869
971.400000000 -93.513154 -6.667152 -82.641551 0.692808 0.037229 0.637697 0.334624
971.500000000 -93.614142 -6.614709 -82.656873 0.692752 0.037347 0.637794 0.334541
971.600000000 -93.750365 -6.551678 -82.680753 0.692509 0.037129 0.638035 0.334612
971.700000000 -93.857072 -6.510107 -82.689702 0.693041 0.038098 0.637996 0.333474
971.800000000 -93.962585 -6.464875 -82.714615 0.692669 0.037758 0.638087 0.334110
972.100000000 -94.287987 -6.302418 -82.805336 0.692489 0.037708 0.638473 0.333751
972.400000000 -94.653626 -6.159183 -82.901148 0.691412 0.035777 0.638714 0.335729
972.500000000 -94.807988 -6.150706 -82.905177 0.692747 0.038029 0.638384 0.333349
972.700000000 -95.068058 -6.083300 -82.974124 0.692837 0.038740 0.638702 0.332468
973.300000000 -95.743186 -5.862027 -83.286438 0.691490 0.035944 0.639157 0.334707
973.500000000 -95.957729 -5.829732 -83.383039 0.692115 0.036234 0.639096 0.333497
973.700000000 -96.253964 -5.787925 -83.481829 0.691819 0.036110 0.639562 0.333232
974.000000000 -96.600353 -5.706059 -83.657760 0.691270 0.034224 0.639430 0.334819
974.100000000 -96.774225 -5.677424 -83.699096 0.691432 0.034434 0.639403 0.334515
974.200000000 -96.911003 -5.680327 -83.754147 0.692053 0.035061 0.639165 0.333619
974.600000000 -97.433180 -5.590521 -83.990647 0.691409 0.032998 0.639233 0.335032
974.700000000 -97.548783 -5.623067 -84.021897 0.692198 0.034632 0.639178 0.333338
974.800000000 -97.703272 -5.558681 -84.102961 0.691167 0.032688 0.639340 0.335357
975.000000000 -97.953931 -5.568368 -84.199178 0.691681 0.033698 0.639448 0.333986
975.100000000 -98.112945 -5.550698 -84.258921 0.691621 0.033141 0.639522 0.334027
975.400000000 -98.495171 -5.519715 -84.430338 0.691480 0.032807 0.639510 0.334374
975.600000000 -98.748402 -5.523284 -84.538407 0.691880 0.033193 0.639877 0.332802
975.700000000 -98.887228 -5.526493 -84.589394 0.691971 0.033335 0.639911 0.332534
976.000000000 -99.270131 -5.477913 -84.755888 0.691517 0.032682 0.640360 0.332679
976.300000000 -99.674056 -5.448056 -84.932908 0.691218 0.031916 0.640453 0.333196
976.500000000 -99.940952 -5.464116 -85.006912 0.692285 0.032557 0.639933 0.331914
976.600000000 -100.050878 -5.463967 -85.072274 0.691901 0.032927 0.640677 0.331244
976.800000000 -100.336629 -5.436430 -85.149796 0.692889 0.033175 0.640002 0.330458
977.000000000 -100.577198 -5.412575 -85.250399 0.692782 0.032394 0.640095 0.330578
977.100000000 -100.796210 -5.415009 -85.275112 0.692876 0.033140 0.640386 0.329742
977.300000000 -101.038892 -5.378432 -85.381861 0.692368 0.032423 0.640757 0.330161
977.500000000 -101.339068 -5.337337 -85.437797 0.691930 0.031984 0.641006 0.330637
977.700000000 -101.534088 -5.330750 -85.519683 0.692924 0.033225 0.641034 0.328372
977.900000000 -101.844111 -5.266083 -85.592848 0.692459 0.032517 0.641291 0.328920
978.100000000 -102.064189 -5.238632 -85.641413 0.693444 0.033430 0.641051 0.327219
978.200000000 -102.203183 -5.219124 -85.678927 0.692754 0.032302 0.641243 0.328413
978.300000000 -102.301323 -5.195326 -85.696118 0.693331 0.034877 0.641601 0.326227
978.400000000 -102.425144 -5.161966 -85.736890 0.693688 0.034539 0.641274 0.326147
978.900000000 -103.019650 -5.031469 -85.840535 0.694779 0.036481 0.641358 0.323436
979.200000000 -103.414631 -4.924458 -85.894866 0.694491 0.036424 0.641614 0.323554
979.300000000 -103.567478 -4.895407 -85.897144 0.693897 0.035573 0.641693 0.324764
980.100000000 -104.531909 -4.548021 -85.964555 0.694819 0.036445 0.641636 0.322803
980.200000000 -104.664394 -4.497240 -85.971236 0.694525 0.036341 0.641976 0.322771
980.300000000 -104.758997 -4.455361 -85.977275 0.695162 0.037563 0.641960 0.321290
980.400000000 -104.864520 -4.409675 -85.977739 0.695313 0.037980 0.641900 0.321032
980.600000000 -105.115050 -4.287478 -85.974578 0.694142 0.035897 0.642062 0.323473
980.700000000 -105.289456 -4.226131 -85.968742 0.694014 0.035740 0.642205 0.323482
981.000000000 -105.628864 -4.058284 -85.954984 0.694439 0.036224 0.641946 0.323029
981.100000000 -105.766889 -3.996613 -85.951952 0.694459 0.036319 0.641999 0.322870
981.200000000 -105.983309 -3.920562 -85.937658 0.692974 0.034058 0.642534 0.325234
981.300000000 -106.030903 -3.881332 -85.931158 0.693837 0.036025 0.642378 0.323486
981.600000000 -106.399262 -3.686853 -85.884404 0.693729 0.036217 0.642553 0.323348
981.700000000 -106.468650 -3.624673 -85.873379 0.694129 0.036886 0.642414 0.322691
981.900000000 -106.739722 -3.486412 -85.849608 0.693669 0.036226 0.642558 0.323468
982.000000000 -106.861352 -3.405868 -85.844283 0.694672 0.037243 0.642094 0.322117
982.200000000 -107.102277 -3.262503 -85.813113 0.693606 0.035314 0.642198 0.324417
982.400000000 -107.334219 -3.134227 -85.778757 0.694154 0.036625 0.642310 0.322872
982.500000000 -107.503768 -3.049260 -85.759008 0.693393 0.034524 0.642161 0.325030
982.600000000 -107.586488 -2.964093 -85.753092 0.692983 0.034214 0.642292 0.325676
982.700000000 -107.652251 -2.924025 -85.729472 0.694980 0.037401 0.641585 0.322447
983.000000000 -107.969764 -2.730194 -85.666864 0.695415 0.039333 0.641885 0.320677
983.100000000 -108.112530 -2.623575 -85.648838 0.694529 0.037554 0.641843 0.322888
983.300000000 -108.385643 -2.458998 -85.621044 0.695353 0.038150 0.641365 0.321994
983.500000000 -108.563272 -2.317076 -85.604404 0.694590 0.037386 0.641843 0.322775
983.800000000 -108.926869 -2.063763 -85.557320 0.695089 0.038227 0.641594 0.322097
984.100000000 -109.201722 -1.845186 -85.504721 0.693778 0.036898 0.641851 0.324559
984.200000000 -109.342491 -1.781804 -85.471000 0.694083 0.037532 0.641847 0.323841
984.500000000 -109.589528 -1.552445 -85.431767 0.695235 0.039622 0.641484 0.321834
984.700000000 -109.822610 -1.397084 -85.400511 0.695122 0.039589 0.641588 0.321874
985.200000000 -110.314634 -1.026489 -85.327374 0.695856 0.041380 0.641280 0.320674
985.400000000 -110.507409 -0.905203 -85.292811 0.697444 0.043961 0.640803 0.317822
985.600000000 -110.566444 -0.760247 -85.288608 0.698085 0.045306 0.640584 0.316665
985.700000000 -110.807111 -0.664085 -85.275040 0.696825 0.043252 0.640910 0.319059
986.100000000 -111.327977 -0.379406 -85.224404 0.697902 0.045030 0.640610 0.317056
986.400000000 -111.557307 -0.163999 -85.215952 0.696989 0.043450 0.640605 0.319286
986.700000000 -111.928119 0.030528 -85.192409 0.698734 0.047211 0.640525 0.315070
986.800000000 -112.025129 0.102311 -85.189614 0.698538 0.046090 0.640263 0.316202
986.900000000 -112.141824 0.184925 -85.195778 0.697524 0.044235 0.640464 0.318291
987.200000000 -112.550129 0.373098 -85.171449 0.698501 0.046484 0.640290 0.316172
987.300000000 -112.700422 0.440480 -85.162808 0.698458 0.046612 0.640439 0.315945
987.800000000 -113.268912 0.792238 -85.183992 0.696742 0.042179 0.640090 0.321025
988.100000000 -113.681625 0.966037 -85.178971 0.697522 0.044522 0.640443 0.318297
988.200000000 -113.813098 1.031743 -85.176658 0.697393 0.044285 0.640367 0.318767
988.300000000 -113.914995 1.098702 -85.192538 0.697425 0.044367 0.640467 0.318483
988.400000000 -114.077438 1.149032 -85.187469 0.697786 0.045026 0.640428 0.317679
988.600000000 -114.296747 1.267899 -85.206554 0.698094 0.045521 0.640352 0.317084
988.900000000 -114.685601 1.438558 -85.216034 0.698371 0.046077 0.640294 0.316511
989.000000000 -114.810683 1.497488 -85.225430 0.698133 0.045562 0.640332 0.317031
989.200000000 -115.061308 1.616434 -85.233852 0.698195 0.046041 0.640494 0.316499
989.600000000 -115.508953 1.869356 -85.257616 0.697698 0.044789 0.640449 0.317863
989.700000000 -115.672123 1.910006 -85.233985 0.697974 0.046028 0.640643 0.316687
991.100000000 -117.481186 2.834786 -85.040649 0.697230 0.044577 0.640999 0.317811
991.300000000 -117.705078 2.994124 -85.004126 0.697008 0.044057 0.641223 0.317918
992.000000000 -118.669019 3.529742 -84.656596 0.697129 0.043676 0.641084 0.317985
992.100000000 -118.641069 3.638437 -84.652071 0.697029 0.042390 0.640782 0.318985
992.400000000 -119.048069 3.887219 -84.442589 0.697579 0.043268 0.640308 0.318618
992.500000000 -119.176544 3.948069 -84.362642 0.697503 0.044108 0.640807 0.317664
992.800000000 -119.507238 4.223339 -84.166355 0.697026 0.043214 0.641111 0.318219
992.900000000 -119.590212 4.311850 -84.098622 0.697274 0.043624 0.640965 0.317915
993.200000000 -119.941429 4.562019 -83.888815 0.697465 0.044223 0.641310 0.316714
993.400000000 -120.082649 4.751337 -83.757479 0.696773 0.043345 0.641660 0.317650
993.700000000 -120.565157 5.035024 -83.481772 0.697252 0.044263 0.641448 0.316899
993.800000000 -120.607716 5.121946 -83.418580 0.697055 0.044671 0.641663 0.316839
994.000000000 -120.684106 5.303150 -83.295338 0.696817 0.043599 0.641881 0.317070
994.100000000 -120.818520 5.410285 -83.219568 0.696453 0.042486 0.641806 0.318170
994.400000000 -121.193887 5.705840 -82.982136 0.697546 0.043268 0.641650 0.315979
994.600000000 -121.384474 5.883138 -82.832837 0.696420 0.042853 0.642517 0.316757
994.900000000 -121.874800 6.163611 -82.551753 0.695938 0.044458 0.643236 0.316137
995.000000000 -122.027353 6.280224 -82.473771 0.696418 0.043999 0.642402 0.316837
995.100000000 -122.075626 6.375566 -82.410653 0.695690 0.044007 0.643086 0.317049
995.400000000 -122.343658 6.623803 -82.224709 0.695056 0.043787 0.644863 0.314851
995.800000000 -122.629393 6.965817 -82.023973 0.695141 0.042748 0.645200 0.314115
996.000000000 -122.837624 7.142608 -81.917106 0.696043 0.041883 0.644014 0.314667
996.200000000 -123.221043 7.332159 -81.785812 0.695311 0.043236 0.644253 0.315612
996.300000000 -123.339522 7.420556 -81.759207 0.694455 0.042910 0.644905 0.316210
996.500000000 -123.471509 7.544482 -81.691578 0.694251 0.042761 0.645448 0.315569
996.700000000 -123.591777 7.685119 -81.632291 0.696593 0.042129 0.642842 0.315815
997.800000000 -124.665762 8.300876 -81.708920 0.695617 0.041944 0.643995 0.315638
998.300000000 -125.304603 8.490019 -81.912141 0.696482 0.040668 0.643598 0.314708
998.400000000 -125.388927 8.567313 -82.003262 0.695550 0.040358 0.644169 0.315638
998.600000000 -125.560084 8.667888 -82.179320 0.695458 0.038414 0.643819 0.316795
998.700000000 -125.911840 8.611103 -82.169396 0.695193 0.041084 0.644773 0.315098
998.900000000 -126.051846 8.725710 -82.362078 0.694310 0.038970 0.645086 0.316670
999.400000000 -126.900395 8.786570 -82.697746 0.694950 0.041302 0.644335 0.316499
999.600000000 -127.202929 8.825958 -82.895784 0.694314 0.039775 0.644365 0.318025
999.700000000 -127.328290 8.852135 -82.981144 0.694180 0.039779 0.644492 0.318059
999.800000000 -127.415886 8.882962 -83.086238 0.693912 0.038405 0.644048 0.319707
999.900000000 -127.717024 8.826251 -83.136340 0.694760 0.041573 0.644722 0.316090
1000.000000000 -127.781024 8.887388 -83.262437 0.694219 0.040685 0.644765 0.317307
1000.300000000 -128.237857 8.909608 -83.517350 0.694401 0.040613 0.644339 0.317780
1000.400000000 -128.355558 8.950007 -83.633336 0.693236 0.039313 0.644790 0.319570
1000.600000000 -128.667294 9.029411 -83.834966 0.691943 0.036893 0.645125 0.321973
1000.900000000 -129.113112 9.069345 -84.084614 0.692871 0.037970 0.644402 0.321302
1001.800000000 -130.422749 9.218425 -84.813976 0.693321 0.038247 0.644002 0.321099
1001.900000000 -130.560625 9.264777 -84.903192 0.692672 0.037278 0.644375 0.321865
1002.200000000 -130.984476 9.322327 -85.093181 0.693736 0.037904 0.643535 0.321178
1003.100000000 -132.256461 9.602027 -85.597530 0.693598 0.039283 0.644205 0.319967
1003.200000000 -132.431295 9.666117 -85.650104 0.693006 0.038000 0.643998 0.321816
1003.600000000 -132.978764 9.826802 -85.811795 0.692477 0.037166 0.644238 0.322572
1003.700000000 -133.129929 9.894175 -85.862181 0.691546 0.035774 0.644503 0.324192
1003.800000000 -133.259644 9.977035 -85.895664 0.691812 0.036132 0.644243 0.324100
1003.900000000 -133.430848 10.030256 -85.936280 0.691406 0.035362 0.644412 0.324715
1004.200000000 -133.805125 10.113704 -85.990655 0.691956 0.037044 0.644503 0.323172
1004.300000000 -133.967146 10.152301 -86.010454 0.691864 0.036990 0.644603 0.323177
1004.500000000 -134.211599 10.275101 -86.058915 0.691970 0.036848 0.644585 0.323001
1004.600000000 -134.332975 10.297170 -86.060437 0.692318 0.037619 0.644700 0.321935
1004.800000000 -134.598470 10.437142 -86.104637 0.691952 0.037062 0.644864 0.322458
1005.100000000 -134.979210 10.591432 -86.104301 0.692653 0.038909 0.644844 0.320771
1005.200000000 -135.077379 10.664531 -86.121574 0.692204 0.037676 0.644799 0.321975
1005.300000000 -135.194268 10.759231 -86.133761 0.691700 0.036758 0.644788 0.323185
1005.900000000 -136.013157 11.158391 -86.079085 0.691527 0.036661 0.644837 0.323468
1006.000000000 -136.144113 11.225584 -86.056903 0.691560 0.036090 0.644512 0.324109
1006.100000000 -136.261543 11.310183 -86.055878 0.690715 0.035017 0.644848 0.325358
1006.800000000 -137.185431 11.822142 -85.911672 0.690573 0.035240 0.644789 0.325750
1007.000000000 -137.407551 11.971885 -85.886416 0.689395 0.033687 0.645365 0.327266
1007.100000000 -137.542794 12.055973 -85.849890 0.689726 0.034065 0.645180 0.326896
1007.200000000 -137.659046 12.139494 -85.828694 0.689587 0.033666 0.645060 0.327466
1007.400000000 -137.903598 12.266847 -85.760352 0.690226 0.035507 0.645293 0.325460
1007.600000000 -138.155901 12.409927 -85.703724 0.690708 0.036805 0.645413 0.324052
1007.900000000 -138.561969 12.657985 -85.619341 0.689730 0.035140 0.645914 0.325318
1008.100000000 -138.773866 12.804611 -85.550157 0.690563 0.036166 0.645566 0.324127
1008.200000000 -138.880649 12.890253 -85.540781 0.690278 0.034979 0.645408 0.325177
1008.300000000 -139.038763 12.971396 -85.501988 0.690234 0.035413 0.645582 0.324879
1008.500000000 -139.308824 13.142627 -85.427835 0.690539 0.035261 0.645562 0.324288
1008.600000000 -139.415138 13.212310 -85.385843 0.690648 0.035760 0.645396 0.324331
1008.700000000 -139.429077 13.286810 -85.377996 0.691753 0.036714 0.644993 0.322667
1008.800000000 -139.601110 13.366721 -85.341007 0.691945 0.036785 0.644840 0.322553
1009.100000000 -139.986549 13.604103 -85.243444 0.691144 0.035973 0.645263 0.323514
1009.300000000 -140.210127 13.758347 -85.170911 0.691471 0.036364 0.645011 0.323275
1009.400000000 -140.311574 13.803934 -85.118452 0.692944 0.039535 0.644924 0.319904
1009.600000000 -140.507721 13.969470 -85.079956 0.693310 0.039032 0.644563 0.319901
1009.700000000 -140.702705 14.067991 -85.045980 0.692095 0.037284 0.644944 0.321966
1009.800000000 -140.833286 14.153099 -85.007634 0.691159 0.036379 0.645263 0.323435
1010.000000000 -141.012896 14.287219 -84.963028 0.692980 0.039751 0.645063 0.319520
1010.200000000 -141.333573 14.447295 -84.891008 0.692043 0.037843 0.645155 0.321589
1010.400000000 -141.551593 14.597579 -84.844898 0.692434 0.039079 0.645343 0.320219
1010.700000000 -141.880810 14.826510 -84.785943 0.693256 0.040192 0.645201 0.318583
1010.900000000 -142.182315 14.983622 -84.724459 0.691887 0.037462 0.645251 0.321776
1011.100000000 -142.444835 15.121550 -84.683994 0.692517 0.038549 0.645419 0.319952
1011.300000000 -142.555894 15.299507 -84.661691 0.692743 0.038857 0.645191 0.319885
1011.400000000 -142.652281 15.373830 -84.637852 0.692349 0.037862 0.645088 0.321061
1011.500000000 -142.767483 15.414954 -84.614996 0.694260 0.040831 0.644682 0.317366
1011.600000000 -142.900419 15.500548 -84.583051 0.693974 0.040694 0.644782 0.317805
1011.700000000 -143.056337 15.553567 -84.550828 0.693951 0.040509 0.644883 0.317675
1012.100000000 -143.550599 15.864289 -84.428053 0.694542 0.040896 0.644310 0.317496
1012.200000000 -143.654982 15.947261 -84.402440 0.694287 0.041664 0.644857 0.316844
1012.800000000 -144.283343 16.570193 -84.287813 0.700608 0.054306 0.643942 0.302552
1013.400000000 -145.151976 17.061485 -84.006941 0.699220 0.052060 0.644493 0.304976
1013.500000000 -145.320666 17.151978 -83.960640 0.700194 0.052835 0.644031 0.303580
1013.600000000 -145.458499 17.241464 -83.902085 0.698313 0.049714 0.644535 0.307348
1013.800000000 -145.648982 17.387319 -83.806348 0.698050 0.049985 0.644997 0.306931
1014.200000000 -145.516101 17.681467 -83.644059 0.715434 0.084510 0.640049 0.267112
1014.500000000 -145.602623 17.256097 -82.993771 0.644713 -0.039197 0.646124 0.406611
1014.600000000 -145.362388 17.378929 -83.021555 0.644335 -0.040108 0.645935 0.407421
1014.800000000 -146.223458 16.994793 -82.454854 0.574645 -0.135600 0.631770 0.502258
1014.900000000 -146.006943 17.800155 -82.862948 0.643555 -0.040013 0.646038 0.408498
1015.100000000 -146.401675 17.769937 -82.636903 0.621554 -0.071447 0.643702 0.440697
1015.200000000 -146.679449 18.530913 -83.039417 0.711663 0.079323 0.641932 0.274167
1015.300000000 -146.719014 18.610239 -82.984680 0.710161 0.075058 0.642019 0.279016
1015.600000000 -147.304581 19.300018 -82.800659 0.539508 -0.167471 0.628676 0.534464
1015.800000000 -147.157187 19.852429 -82.937543 0.491489 -0.215612 0.614392 0.578337
1015.900000000 -146.510630 20.096729 -83.109470 0.497695 -0.209314 0.616209 0.573389
1016.100000000 -147.304669 20.296414 -82.938284 0.492111 -0.211628 0.616285 0.577264
1016.200000000 -147.331528 20.438873 -82.945868 0.490483 -0.209823 0.617754 0.577737
1016.500000000 -146.703709 20.849395 -83.133436 0.416598 -0.280728 0.583414 0.638174
1016.600000000 -147.486208 20.962966 -83.012618 0.489289 -0.206656 0.619480 0.578044
1016.700000000 -147.498432 21.071922 -83.025190 0.491484 -0.207938 0.618122 0.577175
1017.500000000 -147.335437 19.693964 -85.033103 0.325729 -0.366482 0.476543 0.729725
1017.700000000 -147.299482 19.861058 -85.136339 0.326112 -0.367002 0.476172 0.729535
1017.900000000 -147.267297 20.309476 -85.383434 0.321882 -0.370832 0.473035 0.731515
1018.200000000 -147.319714 20.783336 -85.643992 0.330093 -0.368038 0.475834 0.727440
1018.300000000 -147.263678 20.591417 -85.606510 0.331008 -0.366812 0.477021 0.726865
1018.500000000 -147.184229 20.637034 -85.725885 0.330841 -0.367067 0.477335 0.726606
1018.600000000 -147.172314 20.732093 -85.814608 0.329700 -0.366798 0.477535 0.727129
1018.700000000 -147.216134 20.725181 -85.845793 0.335302 -0.364446 0.479897 0.724190
1018.800000000 -147.190292 20.763857 -85.910552 0.334237 -0.365294 0.478918 0.724903
1019.000000000 -147.181410 20.816249 -86.040600 0.336218 -0.365003 0.479479 0.723761
1019.100000000 -147.158090 20.901861 -86.144733 0.333415 -0.366799 0.478113 0.725052
1019.200000000 -147.139471 20.937169 -86.233099 0.333840 -0.367119 0.477861 0.724861
1019.300000000 -147.124045 21.009367 -86.341752 0.331586 -0.368138 0.476963 0.725969
1019.600000000 -147.140273 21.093121 -86.578905 0.332989 -0.366600 0.478782 0.724908
1019.700000000 -147.174774 21.131072 -86.653686 0.338157 -0.364835 0.480666 0.722153
1020.000000000 -147.154693 21.259009 -86.943170 0.335113 -0.367809 0.478858 0.723264
1020.600000000 -147.185172 21.393176 -87.506581 0.341383 -0.376762 0.474634 0.718492
1020.800000000 -147.201477 21.422990 -87.706358 0.343697 -0.374238 0.476483 0.717483
1020.900000000 -147.203316 21.477455 -87.818422 0.341823 -0.374467 0.476032 0.718558
1021.100000000 -147.218534 21.523587 -88.036351 0.342164 -0.373278 0.477184 0.718250
1021.200000000 -147.228081 21.617390 -88.168848 0.339003 -0.375354 0.475248 0.719948
1021.600000000 -147.249698 21.722899 -88.614580 0.339573 -0.375593 0.475313 0.719512
1022.000000000 -147.269480 21.884220 -89.087534 0.339580 -0.375001 0.475521 0.719680
1022.400000000 -147.277352 22.043995 -89.553850 0.339832 -0.373718 0.476351 0.719680
1023.000000000 -147.306143 22.320815 -90.258656 0.341202 -0.372930 0.477541 0.718651
1023.100000000 -147.318079 22.424634 -90.390664 0.339546 -0.373877 0.476879 0.719382
1023.200000000 -147.337547 22.465269 -90.484532 0.338842 -0.374324 0.476139 0.719972
1023.300000000 -147.334426 22.543246 -90.620635 0.336631 -0.375295 0.475471 0.720944
1023.900000000 -146.845905 22.199478 -89.409533 0.277462 -0.533530 0.496163 0.626245
1024.000000000 -145.827742 21.871467 -89.664697 0.295482 -0.476384 0.530552 0.635817
1024.100000000 -143.195145 18.978333 -91.026286 0.302654 -0.199726 0.110382 0.925379
1024.400000000 -144.946461 14.628014 -90.702481 0.137336 0.328858 -0.515637 0.779173
1024.500000000 -147.221077 14.240844 -91.166540 0.150732 0.320601 -0.525292 0.773669
1024.800000000 -150.607437 14.201922 -92.342314 0.088486 0.365652 -0.501592 0.779021
1025.900000000 -158.307241 12.895922 -93.344317 0.004434 0.423134 -0.468553 0.775497
1026.100000000 -158.459165 13.100905 -93.552040 -0.004052 0.428849 -0.463820 0.775205
1026.200000000 -158.544845 13.183221 -93.645052 -0.006107 0.430500 -0.462656 0.774972
1026.400000000 -158.647876 13.240793 -93.714331 0.007171 0.422324 -0.469918 0.775092
1027.400000000 -159.568804 13.645626 -94.512942 -0.007572 0.431809 -0.461666 0.774822
1027.500000000 -159.681613 13.682289 -94.604137 -0.010428 0.433599 -0.460010 0.774773
1027.600000000 -159.768541 13.669610 -94.641740 0.001123 0.426192 -0.466482 0.775083
1027.700000000 -159.889413 13.682147 -94.716349 -0.002383 0.428567 -0.464511 0.774954
1027.800000000 -159.974628 13.736849 -94.827722 -0.003760 0.429562 -0.463740 0.774860
1028.300000000 -160.451528 13.860072 -95.249954 -0.003336 0.429599 -0.464152 0.774594
1028.700000000 -160.782956 13.967370 -95.675740 0.001219 0.426404 -0.466818 0.774764
1028.800000000 -160.808016 14.005751 -95.778558 -0.000400 0.427601 -0.465995 0.774601
1028.900000000 -160.828590 14.045441 -95.874459 -0.002752 0.429289 -0.464632 0.774481
1029.000000000 -160.941788 14.077074 -95.980113 -0.005423 0.431206 -0.462995 0.774382
1029.200000000 -161.060731 14.189591 -96.226001 -0.012812 0.435200 -0.458774 0.774573
1029.400000000 -161.122985 14.259484 -96.434387 -0.015347 0.437231 -0.457457 0.774162
1029.500000000 -161.193855 14.314341 -96.567561 -0.012099 0.434901 -0.458919 0.774667
1029.900000000 -161.502483 14.417188 -96.966259 -0.008705 0.432874 -0.460435 0.774948
1030.000000000 -161.636371 14.427149 -97.100370 -0.000182 0.428085 -0.465436 0.774669
1030.100000000 -161.685374 14.537566 -97.266177 -0.007571 0.433056 -0.460482 0.774830
1030.400000000 -162.119144 14.926472 -98.013923 -0.012734 0.437037 -0.456930 0.774630
1030.600000000 -162.335666 14.955882 -98.228944 -0.009252 0.435610 -0.459094 0.774204
1030.700000000 -162.409312 14.955392 -98.312806 -0.007789 0.434267 -0.460055 0.774403
1031.200000000 -162.837411 15.021014 -98.794340 -0.022029 0.442802 -0.452204 0.773921
1031.800000000 -163.386262 15.092048 -99.364561 0.027059 0.412338 -0.479899 0.773914
1032.000000000 -163.551330 15.187312 -99.643288 0.017295 0.418995 -0.474385 0.774017
1032.300000000 -163.796002 15.226661 -99.900399 0.019678 0.417476 -0.475535 0.774076
1032.800000000 -164.174483 15.283803 -100.272539 0.028539 0.411815 -0.480666 0.773663
1032.900000000 -164.312090 15.345213 -100.409185 0.021132 0.416588 -0.476628 0.773843
1033.100000000 -163.965620 14.864574 -99.882606 0.035958 0.406418 -0.484714 0.773682
1033.200000000 -163.992846 14.956223 -100.021991 0.029337 0.409838 -0.481031 0.774455
1033.600000000 -164.414792 15.569066 -100.868797 -0.094133 0.482547 -0.407351 0.769644
1033.900000000 -164.698006 15.634113 -101.113133 -0.005425 0.432386 -0.460592 0.775157
1034.000000000 -164.895562 15.430232 -100.981291 0.005725 0.424949 -0.468150 0.774739
1034.300000000 -164.797348 14.925977 -100.483916 0.074966 0.379049 -0.505759 0.771304
1034.400000000 -164.934837 15.435059 -101.068263 -0.019567 0.439677 -0.453636 0.774929
1034.500000000 -165.195593 15.915680 -101.656879 -0.015913 0.438195 -0.454780 0.775182
1034.800000000 -165.799555 15.949600 -101.925649 0.038514 0.404438 -0.486414 0.773529
1035.000000000 -165.899822 16.006390 -102.031669 0.037328 0.405257 -0.485758 0.773572
1035.100000000 -165.842122 16.235452 -102.253261 0.011904 0.422085 -0.470686 0.774698
1035.200000000 -165.840126 16.300092 -102.328541 -0.002879 0.430734 -0.462284 0.775083
1035.400000000 -165.957011 16.336635 -102.397502 -0.006424 0.432904 -0.460177 0.775106
1036.000000000 -166.411008 16.344430 -102.495403 0.004765 0.425408 -0.466974 0.775204
1036.100000000 -166.617969 16.479885 -102.684751 0.007852 0.423199 -0.468884 0.775235
1036.200000000 -166.752657 16.561391 -102.800579 0.017398 0.417335 -0.474345 0.774936
1036.300000000 -166.770701 16.554182 -102.792223 0.019282 0.415919 -0.475578 0.774897
1036.400000000 -166.820472 16.606713 -102.861887 0.009939 0.422004 -0.470342 0.774979
1036.500000000 -167.003135 16.718929 -103.007508 0.000216 0.428141 -0.464848 0.774992
1036.600000000 -166.980744 16.678491 -102.945236 0.027368 0.411188 -0.479990 0.774458
1036.900000000 -167.208927 16.815505 -103.116024 0.017724 0.416969 -0.474732 0.774889
1037.200000000 -167.589101 17.356167 -103.760728 -0.017294 0.439498 -0.454136 0.774792
1037.400000000 -167.820148 17.465736 -103.906114 0.000825 0.428499 -0.465100 0.774642
1037.500000000 -167.914612 17.402970 -103.825094 0.025407 0.412760 -0.479087 0.774248
1037.600000000 -167.892908 17.329552 -103.719837 0.024582 0.412448 -0.478816 0.774608
1037.800000000 -168.024094 17.418852 -103.800268 -0.002556 0.430060 -0.463079 0.774984
1038.100000000 -168.289327 17.664666 -104.074982 -0.011838 0.436117 -0.457423 0.774872
1038.200000000 -168.416179 17.684215 -104.110693 0.012745 0.420698 -0.471914 0.774692
1038.600000000 -168.650456 17.556765 -103.953107 0.054762 0.392787 -0.495291 0.772921
1038.900000000 -168.691509 17.822404 -104.238014 0.039577 0.403257 -0.487039 0.773699
1039.000000000 -168.992509 17.835356 -104.331624 0.035421 0.406025 -0.484912 0.773789
1039.100000000 -169.020657 17.919169 -104.425158 0.040102 0.402892 -0.487532 0.773552
1039.400000000 -169.277682 18.127890 -104.773412 0.009920 0.422379 -0.470671 0.774575
1039.500000000 -169.341094 18.125852 -104.795132 0.035081 0.405560 -0.484842 0.774093
1039.800000000 -169.587558 18.311510 -105.168185 0.016832 0.416849 -0.475411 0.774557
1039.900000000 -169.694228 18.330968 -105.229548 0.025239 0.413077 -0.484337 0.770810
1040.100000000 -169.892603 18.423130 -105.513705 -0.019467 0.443430 -0.467622 0.764408
1040.400000000 -170.203944 18.566302 -105.893266 -0.032959 0.454442 -0.461009 0.761490
1040.500000000 -170.306488 18.559060 -105.935615 0.015311 0.423287 -0.488470 0.762883
1040.600000000 -170.377890 18.580434 -106.033752 0.023379 0.420688 -0.492427 0.761571
1040.800000000 -170.479811 18.691696 -106.320896 0.013607 0.428854 -0.485719 0.761562
1041.000000000 -170.574708 18.803644 -106.603785 -0.002882 0.440266 -0.475608 0.761548
1041.100000000 -170.595245 18.824855 -106.715215 0.009264 0.432142 -0.481939 0.762169
1041.200000000 -170.573855 18.752174 -106.715757 0.021263 0.424823 -0.488069 0.762143
1042.000000000 -170.377930 18.222537 -106.858494 0.035728 0.419549 -0.490695 0.762838
1042.100000000 -170.314633 18.213241 -106.942568 0.017989 0.430979 -0.480370 0.763661
1042.300000000 -170.393558 18.433465 -107.405195 -0.027738 0.462022 -0.452631 0.762162
1042.500000000 -170.243462 18.325622 -107.447920 0.013748 0.437450 -0.475083 0.763377
1042.900000000 -169.843365 17.841667 -107.207396 0.049376 0.407759 -0.494658 0.765904
1043.400000000 -169.515906 17.463636 -107.241401 0.018635 0.428482 -0.477677 0.766734
1043.600000000 -169.414439 17.397217 -107.391688 0.008469 0.434933 -0.472700 0.766366
1043.700000000 -169.397691 17.485772 -107.594715 -0.006496 0.443523 -0.464564 0.766437
1043.900000000 -169.306662 17.529990 -107.808588 0.000578 0.444962 -0.466736 0.764308
1044.000000000 -169.355819 17.630524 -108.026745 -0.011157 0.448101 -0.460553 0.766141
1044.200000000 -169.315346 17.738249 -108.309725 -0.010860 0.443820 -0.458353 0.769947
1044.500000000 -169.314464 17.957441 -108.772038 -0.010556 0.434148 -0.454713 0.777586
1044.800000000 -169.106819 17.857899 -108.819915 0.015136 0.417130 -0.470273 0.777571
1045.100000000 -168.976870 17.924308 -108.963915 -0.002364 0.430423 -0.460361 0.776401
1045.200000000 -169.326896 18.574329 -109.759288 -0.014439 0.440444 -0.452496 0.775272
1045.400000000 -169.966471 19.836892 -111.301331 -0.001931 0.429719 -0.459980 0.777018
1045.600000000 -170.148906 20.530850 -112.092723 0.054461 0.387401 -0.492617 0.777356
1045.800000000 -169.920676 20.549715 -112.053283 0.073606 0.374550 -0.503558 0.775064
1045.900000000 -169.937362 20.547503 -112.040284 0.062830 0.382090 -0.497834 0.776029
1046.200000000 -169.948665 20.471671 -111.894485 0.047229 0.393700 -0.489596 0.776573
1046.600000000 -169.860507 20.815733 -112.100129 0.018477 0.417658 -0.471588 0.776418
1048.500000000 -169.718888 21.939410 -111.966156 0.006403 0.443965 -0.459606 0.769166
1048.600000000 -169.562263 21.824469 -111.770215 0.022282 0.434049 -0.468232 0.769327
1048.700000000 -169.142614 21.407560 -111.122050 0.028371 0.431603 -0.471297 0.768631
1048.800000000 -168.505756 20.542335 -110.019468 0.018496 0.433989 -0.467543 0.769880
1049.000000000 -167.881476 20.103579 -109.304635 -0.070328 0.483556 -0.413951 0.768031
1049.500000000 -166.293030 19.901040 -108.216714 -0.180483 0.554737 -0.331438 0.741513
1049.700000000 -165.586636 19.744759 -107.795003 -0.187299 0.554989 -0.324374 0.742757
1049.800000000 -165.016903 19.625948 -107.485255 -0.199966 0.557715 -0.313712 0.741992
1049.900000000 -165.360183 20.164580 -107.199590 -0.321896 0.463342 -0.297177 0.770313
1050.200000000 -165.709163 20.060071 -104.346423 -0.303903 0.601827 -0.176508 0.717142
1050.300000000 -165.620462 20.160411 -104.609279 -0.439055 0.528972 -0.255075 0.679968
1050.400000000 -165.645955 20.181303 -104.636882 -0.439103 0.528057 -0.254637 0.680812
1050.500000000 -165.632438 20.213018 -104.666441 -0.439642 0.527269 -0.253985 0.681318
1050.600000000 -165.628859 20.225544 -104.673324 -0.438858 0.526348 -0.254648 0.682287
1050.800000000 -165.594833 20.270557 -104.689597 -0.437355 0.524996 -0.255755 0.683878
1050.900000000 -165.575294 20.303998 -104.710854 -0.436589 0.524533 -0.256172 0.684567
1051.000000000 -165.560432 20.332173 -104.740364 -0.437066 0.524405 -0.255718 0.684530
1051.300000000 -165.564748 20.374356 -104.831982 -0.435501 0.523020 -0.256838 0.686166
1051.500000000 -165.725458 20.377094 -104.954055 -0.431470 0.521194 -0.259401 0.689131
1051.700000000 -166.011934 20.349815 -105.105769 -0.433472 0.522201 -0.257764 0.687726
1051.800000000 -166.300386 20.329249 -105.265575 -0.427554 0.519469 -0.261967 0.691898
1052.100000000 -166.840352 20.266809 -105.571401 -0.414298 0.513984 -0.271497 0.700333
1052.200000000 -167.104735 20.216464 -105.683409 -0.431938 0.521176 -0.257772 0.689463
1052.700000000 -167.546793 20.168877 -106.114651 -0.401950 0.508270 -0.280469 0.708121
1052.800000000 -167.808582 20.096283 -106.217267 -0.433805 0.523538 -0.256584 0.686940
1053.100000000 -167.579754 20.113901 -106.241678 -0.431173 0.521724 -0.259120 0.689022
1053.200000000 -167.468035 20.115040 -106.252020 -0.418830 0.516566 -0.268865 0.696744
1053.700000000 -167.079587 20.018134 -106.185732 -0.432054 0.522289 -0.260423 0.687548
1054.000000000 -166.763747 19.976842 -106.068029 -0.426856 0.519729 -0.265027 0.690968
1054.100000000 -166.624323 19.959094 -106.030108 -0.420831 0.516979 -0.270040 0.694775
1054.900000000 -166.080925 20.023978 -106.155697 -0.463049 0.535511 -0.238223 0.664879
1055.000000000 -165.863798 20.101690 -106.194514 -0.450722 0.530073 -0.248465 0.673897
1055.100000000 -165.587296 20.136397 -106.095557 -0.424933 0.518230 -0.268108 0.692090
1056.000000000 -164.559788 20.202970 -105.455258 -0.272678 0.369861 -0.330112 0.824546
1056.200000000 -164.406502 20.341313 -105.762531 -0.422495 0.515475 -0.271324 0.694383
1056.400000000 -164.324751 20.433649 -105.814016 -0.450897 0.526759 -0.249351 0.676048
1056.500000000 -164.136860 20.450388 -105.680149 -0.429767 0.519142 -0.266276 0.689122
1056.900000000 -163.719728 20.484553 -105.225154 -0.437255 0.519958 -0.259983 0.686192
1057.000000000 -163.659487 20.501067 -105.151605 -0.445003 0.523581 -0.254364 0.680540
1057.200000000 -163.385271 20.651645 -105.051130 -0.427533 0.515125 -0.267374 0.693089
1057.300000000 -163.341753 20.751718 -105.100536 -0.437901 0.520240 -0.259808 0.685633
1057.500000000 -163.087631 20.889863 -104.975469 -0.431657 0.516813 -0.264311 0.690447
1057.600000000 -163.018068 21.000233 -105.016228 -0.438228 0.519804 -0.259486 0.685877
1057.900000000 -162.667491 21.122169 -104.713289 -0.425995 0.513791 -0.269616 0.694157
1058.200000000 -162.999114 21.249332 -104.821056 -0.425163 0.511870 -0.270188 0.695862
1058.600000000 -162.709528 21.645890 -104.768710 -0.401386 0.502027 -0.287488 0.710077
1058.800000000 -162.756419 21.838766 -104.861600 -0.414911 0.509765 -0.278067 0.700477
1058.900000000 -162.527738 21.983729 -104.789955 -0.427567 0.514529 -0.268093 0.693233
1059.000000000 -162.528109 22.070054 -104.806426 -0.427241 0.514318 -0.268114 0.693583
1059.100000000 -162.341702 22.178721 -104.693129 -0.427064 0.514016 -0.268148 0.693902
1059.200000000 -162.290207 22.265587 -104.688475 -0.423633 0.512671 -0.270542 0.696068
1059.400000000 -162.092775 22.467573 -104.601590 -0.420504 0.511996 -0.273243 0.697406
1059.600000000 -162.082086 22.647358 -104.614274 -0.429115 0.515339 -0.266461 0.692303
1059.800000000 -161.801601 22.803206 -104.417552 -0.415703 0.509878 -0.276907 0.700384
1059.900000000 -161.508255 22.931641 -104.294861 -0.410230 0.507081 -0.281142 0.703945
1060.100000000 -161.390069 23.110846 -104.217237 -0.431514 0.516001 -0.264761 0.690971
1060.300000000 -161.384758 23.222855 -104.164145 -0.429339 0.514616 -0.267039 0.692480
1060.500000000 -161.197647 23.423819 -104.068989 -0.407703 0.505976 -0.282784 0.705549
1061.000000000 -160.738655 23.916222 -103.924402 -0.408529 0.507190 -0.281745 0.704615
1061.100000000 -160.706668 23.999825 -103.899456 -0.421534 0.512096 -0.271803 0.697273
1061.200000000 -160.577514 24.107171 -103.879597 -0.418925 0.511345 -0.273961 0.698551
1061.300000000 -160.439373 24.206158 -103.818664 -0.414879 0.509557 -0.276681 0.701195
1061.700000000 -160.046275 24.522696 -103.645626 -0.422209 0.512955 -0.270949 0.696565
1061.900000000 -159.828208 24.708146 -103.602951 -0.420554 0.512112 -0.272081 0.697744
1062.000000000 -159.797375 24.783346 -103.584734 -0.427971 0.515000 -0.266350 0.693306
1062.100000000 -159.639586 24.840186 -103.512999 -0.420373 0.511963 -0.272664 0.697736
1062.200000000 -159.590275 24.912472 -103.480428 -0.428307 0.515740 -0.265928 0.692710
1062.400000000 -159.348694 25.062546 -103.410001 -0.424242 0.514163 -0.268963 0.695208
1062.800000000 -158.746731 25.397967 -103.243253 -0.406382 0.506596 -0.281715 0.706294
1063.200000000 -158.355571 25.663267 -103.214467 -0.416989 0.511935 -0.274027 0.699251
1063.300000000 -158.288681 25.700921 -103.185357 -0.425051 0.514935 -0.267679 0.694637
1063.400000000 -158.153609 25.784226 -103.175766 -0.422063 0.513844 -0.269767 0.696457
1064.900000000 -159.458759 25.016928 -104.404886 -0.373772 0.548946 -0.263632 0.699608
1065.200000000 -159.123651 25.058984 -104.498343 -0.377432 0.551195 -0.261400 0.696706
1065.300000000 -158.938388 25.078216 -104.513855 -0.373665 0.550464 -0.263814 0.698402
1065.800000000 -159.155528 28.080553 -103.346676 -0.557981 0.126171 -0.533304 0.623157
1066.200000000 -159.528084 30.632013 -101.372956 -0.467183 -0.040209 -0.633586 0.615380
1066.400000000 -159.438519 30.815473 -101.107266 -0.465110 -0.042426 -0.633404 0.616986
1066.500000000 -159.381665 30.882132 -101.003607 -0.462962 -0.044894 -0.633134 0.618702
1067.000000000 -157.468038 29.263608 -102.171588 -0.446808 0.036456 -0.546224 0.707583
1067.300000000 -157.421681 29.349578 -101.822453 -0.359393 -0.026985 -0.546669 0.755819
1067.700000000 -157.292821 29.508598 -101.351473 -0.352960 -0.032102 -0.546443 0.758808
1067.900000000 -156.825651 29.763477 -101.133160 -0.447048 0.035728 -0.546346 0.707374
1068.000000000 -156.856697 29.789679 -100.964352 -0.445064 0.034142 -0.546539 0.708553
1068.100000000 -156.810048 29.770842 -101.025435 -0.357418 -0.028792 -0.546391 0.756889
1068.300000000 -156.687489 29.849749 -100.845912 -0.359892 -0.026942 -0.546606 0.755628
1068.500000000 -156.310513 30.096337 -100.514456 -0.446570 0.035447 -0.546468 0.707595
1068.700000000 -156.180033 30.209215 -100.288968 -0.444694 0.033756 -0.546532 0.708810
1068.800000000 -156.155273 30.278644 -100.107500 -0.442585 0.032562 -0.546821 0.709961
1069.100000000 -155.430615 30.040018 -101.096345 -0.365896 -0.022639 -0.544562 0.754360
1069.400000000 -155.924926 29.768634 -100.978246 -0.272352 -0.085761 -0.537947 0.793147
1069.500000000 -156.004446 29.777012 -100.795645 -0.273365 -0.085179 -0.538246 0.792659
1069.600000000 -155.655439 29.855671 -100.905377 -0.270086 -0.085660 -0.537880 0.793978
1070.100000000 -154.491590 29.695995 -101.766926 -0.534580 0.109648 -0.536188 0.643976
1070.300000000 -153.878508 29.754822 -102.099382 -0.508445 0.087810 -0.538081 0.666515
1070.900000000 -151.799571 29.870539 -103.686934 -0.497085 0.079627 -0.534071 0.679216
1071.000000000 -151.785634 29.919148 -103.573676 -0.498302 0.080924 -0.534182 0.678083
1071.200000000 -151.320970 30.139680 -103.604387 -0.499248 0.083831 -0.534821 0.676527
1071.400000000 -151.366611 30.881819 -102.004042 -0.399519 0.010147 -0.541115 0.739917
1071.500000000 -151.131413 30.339432 -103.304159 -0.501534 0.084565 -0.534211 0.675227
1071.800000000 -151.265056 30.549489 -102.644784 -0.472118 0.060071 -0.536016 0.697268
1072.000000000 -151.168328 30.609830 -102.529923 -0.477005 0.064245 -0.536066 0.693521
1072.100000000 -151.067042 30.689840 -102.472686 -0.475330 0.062947 -0.536038 0.694811
1072.200000000 -150.942850 30.777942 -102.401661 -0.471575 0.059716 -0.536121 0.697586
1072.500000000 -149.543606 30.538473 -104.416130 -0.520539 0.097644 -0.528316 0.663617
1072.600000000 -149.444074 30.663400 -104.353860 -0.518498 0.096021 -0.528245 0.665505
1072.700000000 -149.344192 30.755193 -104.272916 -0.515844 0.094156 -0.528510 0.667620
1073.100000000 -149.514317 30.432611 -105.188684 -0.565402 0.161119 -0.537079 0.604903
1073.700000000 -148.763315 31.175537 -105.252858 -0.533615 0.169262 -0.563879 0.607162
1073.800000000 -149.235971 31.073051 -105.090050 -0.544617 0.178538 -0.562264 0.596134
1074.000000000 -148.542411 30.257084 -106.353819 -0.744897 -0.041196 -0.143025 0.650365
1074.200000000 -148.505823 30.567791 -106.395059 -0.744000 -0.041230 -0.143194 0.651352
1074.300000000 -148.487671 30.602456 -106.434047 -0.743137 -0.041592 -0.143069 0.652341
1074.400000000 -148.465095 30.742570 -106.455966 -0.740280 -0.042556 -0.142424 0.655660
1074.600000000 -148.638105 30.728384 -106.044737 -0.516122 0.280472 -0.613211 0.528134
1074.700000000 -148.823007 29.888696 -105.990265 -0.584655 -0.115460 -0.257688 0.760555
1074.900000000 -148.354124 29.847539 -105.878003 -0.364710 -0.591293 0.096229 0.712811
1075.000000000 -148.468974 29.882321 -105.867708 -0.362890 -0.590829 0.097882 0.713899
1075.200000000 -148.783235 29.991023 -105.777266 -0.361351 -0.591171 0.099248 0.714208
1075.300000000 -148.880552 30.043930 -105.759992 -0.360281 -0.590717 0.100106 0.715004
1076.000000000 -149.159081 30.006094 -106.461011 -0.530397 -0.392237 0.058195 0.749294
1076.100000000 -149.236034 30.022220 -106.329148 -0.527513 -0.391758 0.060146 0.751424
1076.600000000 -150.812692 31.217206 -105.283872 -0.415840 -0.726124 0.040583 0.546053
1076.900000000 -151.084261 31.426543 -105.297424 -0.417916 -0.726663 0.039635 0.543817
1077.200000000 -150.029728 31.401849 -105.851072 -0.540667 -0.392301 0.052837 0.742285
1077.500000000 -148.152533 30.343934 -107.123533 -0.527980 -0.401774 0.065466 0.745338
1077.800000000 -148.418958 30.807354 -106.931993 -0.521807 -0.401277 0.069298 0.749594
1077.900000000 -148.545260 30.991753 -106.813609 -0.519989 -0.400753 0.070208 0.751052
1078.300000000 -149.775530 32.363139 -105.058843 -0.412200 -0.722083 0.049506 0.553387
1078.500000000 -150.230930 32.606393 -105.089024 -0.407758 -0.721436 0.053597 0.557127
1078.700000000 -149.413746 31.642592 -105.505688 -0.586170 -0.402845 0.024918 0.702495
1079.200000000 -148.285533 29.604499 -108.238733 -0.610292 -0.125351 -0.019833 0.781945
1079.500000000 -147.967501 28.433142 -109.310264 -0.605689 -0.177198 0.004541 0.775707
1079.700000000 -147.557435 27.576362 -110.060862 -0.601449 -0.176375 0.006949 0.779168
1079.800000000 -147.650526 27.814946 -109.915045 -0.597339 -0.180919 0.010712 0.781242
1079.900000000 -147.562587 27.747547 -110.115307 -0.589991 -0.169792 0.008152 0.789313
1080.000000000 -147.608366 27.886705 -110.104520 -0.592063 -0.178052 0.014340 0.785845
1080.300000000 -145.162597 28.606150 -109.461616 -0.386965 0.596083 -0.247241 0.658646
1080.600000000 -143.270045 27.394368 -110.550889 -0.288248 0.814160 -0.331651 0.379558
1080.700000000 -143.123775 27.328524 -110.624295 -0.286960 0.813752 -0.333772 0.379549
1080.800000000 -143.023436 27.287657 -110.686195 -0.285960 0.813210 -0.335743 0.379727
1080.900000000 -142.987451 27.224771 -110.612577 -0.279063 0.806325 -0.351312 0.385414
1081.000000000 -143.270164 27.989860 -111.466525 -0.350647 0.871684 -0.161201 0.302040
1081.100000000 -143.136914 27.886123 -111.436525 -0.341883 0.866055 -0.187457 0.312927
1081.200000000 -143.068767 27.825647 -111.360231 -0.336764 0.862390 -0.202322 0.319279
1081.300000000 -143.932850 28.943394 -112.127753 -0.377628 0.889103 -0.066812 0.249857
1081.600000000 -145.477439 29.783891 -111.600117 -0.455660 0.841152 0.291255 0.002884
1081.700000000 -145.535850 29.885185 -111.649609 -0.455731 0.841850 0.289112 0.003580
1081.900000000 -145.158607 29.733486 -111.917101 -0.450252 0.870628 0.183454 0.075007
1082.000000000 -145.197571 29.839531 -112.031298 -0.450458 0.870997 0.180731 0.076074
1082.100000000 -145.220674 29.933516 -112.106418 -0.450677 0.871462 0.177784 0.076394
1082.300000000 -144.984828 29.867003 -112.240646 -0.447891 0.875904 0.157385 0.086115
1082.600000000 -145.530484 30.540691 -112.209723 -0.458565 0.842011 0.284062 -0.006706
1082.700000000 -145.520656 30.631586 -112.262608 -0.458892 0.842321 0.282586 -0.007670
1082.800000000 -145.026155 30.345225 -112.525768 -0.454752 0.871245 0.174791 0.059841
1083.000000000 -144.240619 30.051836 -112.706994 -0.452812 0.874438 0.157992 0.073200
1083.500000000 -142.508459 29.775670 -113.545211 -0.380148 0.892135 -0.069941 0.233861
1083.700000000 -142.422854 29.984859 -113.650770 -0.380965 0.892205 -0.066983 0.233129
1084.000000000 -142.061272 29.854113 -113.584988 -0.403475 0.892374 0.002685 0.202161
1084.100000000 -141.982287 29.923080 -113.641078 -0.402811 0.892286 0.000513 0.203885
1084.700000000 -141.538888 30.650358 -114.083775 -0.384846 0.892164 -0.059482 0.228909
1084.800000000 -141.434569 30.490160 -113.886497 -0.403541 0.892299 0.004776 0.202322
1085.300000000 -141.272874 30.560322 -113.359235 -0.451106 0.875897 0.149496 0.083416
1085.500000000 -141.183146 30.770112 -113.483475 -0.451060 0.876318 0.147659 0.082511
1085.800000000 -140.574450 31.245217 -114.289224 -0.400733 0.892734 -0.005248 0.205941
1086.200000000 -140.798904 32.058403 -114.319563 -0.400767 0.894070 -0.000397 0.200061
1086.400000000 -140.214822 32.131794 -114.769630 -0.346977 0.880648 -0.172884 0.272354
1086.500000000 -140.129266 32.215192 -114.835832 -0.346104 0.880168 -0.175241 0.273509
1086.600000000 -140.445004 32.284675 -114.567980 -0.386720 0.893565 -0.050585 0.222330
1087.000000000 -140.349091 32.047149 -114.827885 -0.452842 0.873998 0.162369 0.068540
1087.300000000 -140.679599 32.340451 -114.613722 -0.459849 0.825474 0.325203 -0.037065
1087.400000000 -140.338668 32.000241 -114.031008 -0.458696 0.792642 0.393886 -0.078555
1087.500000000 -140.375143 32.113288 -113.944397 -0.458544 0.794733 0.390052 -0.077433
1087.600000000 -140.500848 32.245116 -113.893888 -0.458676 0.795863 0.387828 -0.076208
1087.700000000 -140.588698 32.380026 -113.990786 -0.458670 0.796139 0.387432 -0.075365
1087.800000000 -140.529487 32.406577 -113.978789 -0.458443 0.793502 0.392315 -0.079204
1088.100000000 -141.074963 33.228688 -114.933189 -0.522175 0.734816 0.432461 0.018889
1088.300000000 -141.251047 33.500229 -115.013568 -0.522359 0.732320 0.436581 0.015647
1088.400000000 -141.336047 33.418046 -114.599579 -0.494431 0.739236 0.454851 0.046678
1088.600000000 -140.437972 32.564312 -113.134130 -0.458064 0.791516 0.396087 -0.082435
1088.900000000 -140.585871 32.437811 -112.545305 -0.456872 0.827516 0.324356 -0.035759
1089.100000000 -141.574433 32.149835 -112.393583 -0.489904 0.740799 0.456737 0.051026
1089.200000000 -141.604332 32.289402 -112.417275 -0.489352 0.742592 0.454265 0.052303
1089.300000000 -141.210862 32.683713 -113.219477 -0.519341 0.800429 0.281117 -0.102817
1089.400000000 -141.735733 32.504627 -112.576353 -0.489305 0.742914 0.453704 0.053032
1089.600000000 -141.715657 32.676574 -112.879080 -0.489584 0.745705 0.448484 0.055616
1090.000000000 -138.905652 34.787778 -113.483213 -0.454888 0.770150 0.365448 -0.257671
1090.100000000 -139.146483 34.859130 -114.094517 -0.466818 0.794165 0.317951 -0.224256
1090.200000000 -139.843493 34.326776 -114.182631 -0.515663 0.775604 0.305827 -0.197482
1090.500000000 -139.978649 36.373745 -113.897214 -0.569025 0.722309 0.365446 -0.144671
1090.600000000 -140.000656 36.372523 -114.074928 -0.569302 0.723351 0.363560 -0.143119
1090.900000000 -140.143549 36.366931 -114.330872 -0.568496 0.719763 0.369690 -0.148604
1091.100000000 -140.379353 36.438417 -114.692384 -0.569030 0.721226 0.367206 -0.145594
1091.500000000 -140.808919 36.489646 -114.919393 -0.569060 0.719666 0.369422 -0.147580
1091.800000000 -141.090121 36.489787 -115.238558 -0.569094 0.720461 0.368543 -0.145752
1092.000000000 -141.284691 36.516828 -115.460615 -0.568934 0.719837 0.369540 -0.146936
1092.200000000 -141.535798 36.579919 -115.604515 -0.569169 0.720466 0.367763 -0.147399
1092.400000000 -141.682239 36.574900 -115.846723 -0.569326 0.720051 0.368383 -0.147269
1092.700000000 -142.102196 36.682631 -116.193450 -0.568981 0.720796 0.367938 -0.146065
1092.900000000 -142.249451 36.681444 -116.392879 -0.569085 0.721648 0.366335 -0.145481
1093.000000000 -142.320174 36.690848 -116.513607 -0.568951 0.721817 0.366211 -0.145478
1093.500000000 -142.463854 35.601896 -116.648328 -0.612030 0.688297 0.308329 -0.237906
1093.600000000 -141.758713 36.617169 -117.153309 -0.488058 0.741316 0.452572 -0.086198
1093.700000000 -141.699429 36.651460 -117.354674 -0.487600 0.742211 0.451777 -0.085248
1093.900000000 -142.038946 36.876773 -117.554484 -0.488247 0.743771 0.448300 -0.086291
1094.400000000 -144.443302 37.999128 -116.747093 -0.531949 0.716577 0.418517 -0.168498
1094.800000000 -144.908377 38.328325 -116.720208 -0.495278 0.741176 0.435471 -0.125393
1094.900000000 -144.812886 38.375557 -117.223058 -0.493795 0.738195 0.441298 -0.128415
1095.100000000 -145.921024 39.789899 -118.909438 -0.492252 0.790553 0.358592 -0.064238
1095.300000000 -146.505494 41.216733 -121.334361 -0.480335 0.750030 0.436746 -0.126436
1095.400000000 -146.559612 41.312769 -121.538705 -0.480027 0.751598 0.434421 -0.126304
1095.500000000 -146.687550 41.414436 -121.714426 -0.479902 0.752664 0.432801 -0.125991
1095.800000000 -147.365174 41.702206 -122.277343 -0.494962 0.757394 0.382430 -0.187387
1096.000000000 -147.054129 42.847918 -123.159993 -0.400329 0.740843 0.533504 0.079134
1097.000000000 -144.022350 46.125320 -120.275872 -0.116395 0.380540 0.604257 0.690301
1097.100000000 -144.185743 46.090776 -120.285292 -0.116103 0.381330 0.603424 0.690642
1097.300000000 -144.460511 46.058827 -120.298908 -0.116382 0.382036 0.602152 0.691316
1097.400000000 -144.520600 46.095937 -120.248027 -0.116589 0.383746 0.600767 0.691538
1097.600000000 -144.629421 46.164815 -120.158799 -0.116277 0.385155 0.598558 0.692722
1097.800000000 -143.715538 46.676453 -119.407598 -0.115711 0.381886 0.602378 0.691313
1098.100000000 -143.502417 46.850635 -119.034223 -0.116854 0.381187 0.603222 0.690771
1098.200000000 -143.732268 46.769336 -119.090507 -0.117589 0.382546 0.602421 0.690594
1098.500000000 -143.341118 47.050733 -118.589704 -0.116602 0.381233 0.602414 0.691493
1098.900000000 -143.072045 47.299548 -118.044074 -0.117535 0.381877 0.601694 0.691607
1099.100000000 -142.997361 47.347688 -117.803038 -0.116806 0.381579 0.602099 0.691542
1099.200000000 -143.012673 47.343483 -117.731098 -0.116353 0.381381 0.602079 0.691745
1099.700000000 -144.568855 45.523120 -118.479492 -0.278344 0.191636 0.660471 0.670506
1100.000000000 -145.050362 44.733693 -119.918362 -0.330900 0.233379 0.665834 0.626661
1100.300000000 -145.866516 44.585725 -119.796045 -0.230345 0.337555 0.627573 0.662684
1100.400000000 -146.075490 44.316021 -119.392198 -0.232784 0.343564 0.622883 0.663169
1100.700000000 -144.194904 45.497792 -119.443862 -0.315418 0.155228 0.841699 0.409827
1100.800000000 -144.307313 44.953548 -119.808124 -0.316106 0.156148 0.840806 0.410779
1100.900000000 -144.429654 44.764913 -119.856982 -0.316144 0.158009 0.839812 0.412072
1101.000000000 -144.422629 45.573651 -118.978744 -0.314512 0.156263 0.841563 0.410409
1101.100000000 -144.420253 45.710233 -118.782800 -0.313025 0.155198 0.842398 0.410238
1101.200000000 -144.422065 45.424746 -118.943883 -0.315102 0.155551 0.841635 0.410079
1101.400000000 -144.558694 46.538632 -117.930767 -0.284255 0.150683 0.853824 0.409241
1101.600000000 -145.364799 46.161269 -117.652117 -0.396440 0.272371 0.802735 0.352512
1101.700000000 -144.068468 45.908411 -117.362766 -0.619072 0.017705 0.684687 0.384239
1102.100000000 -144.509315 44.116692 -116.299816 -0.242420 -0.536749 0.248091 0.769145
1102.300000000 -145.966826 41.421258 -116.121779 0.066160 -0.470399 0.037171 0.879185
1102.400000000 -145.894891 41.701303 -116.248718 0.068582 -0.469426 0.038638 0.879456
1102.600000000 -142.881191 44.142124 -118.780439 -0.256328 -0.568253 0.171780 0.762808
1102.700000000 -141.274497 45.394948 -118.295939 -0.116324 -0.569825 0.419844 0.696778
1103.300000000 -140.533922 48.918267 -121.690492 0.076727 0.360032 0.890654 0.266881
1103.400000000 -140.504325 48.923460 -121.562807 0.077323 0.362305 0.889715 0.266766
1103.500000000 -140.451497 48.974317 -121.450359 0.077781 0.363600 0.889139 0.266791
1103.700000000 -140.384049 49.050078 -121.187833 0.077899 0.365442 0.888352 0.266862
1103.900000000 -140.278278 49.187261 -120.967419 0.077799 0.366300 0.888005 0.266869
1104.000000000 -140.167081 49.335842 -120.891571 0.077392 0.365335 0.888428 0.266901
1104.200000000 -140.084366 49.460057 -120.646880 0.077068 0.365166 0.888529 0.266889
1104.300000000 -139.992902 49.585890 -120.539791 0.077520 0.365763 0.888223 0.266962
1104.400000000 -139.943599 49.656869 -120.462973 0.077567 0.365266 0.888437 0.266915
1104.500000000 -139.877054 49.741702 -120.369012 0.077547 0.365373 0.888462 0.266692
1104.900000000 -139.713421 50.028887 -119.895917 0.078070 0.367509 0.887588 0.266514
1105.300000000 -139.507636 50.356798 -119.476889 0.078156 0.368019 0.887395 0.266429
1105.700000000 -139.285552 50.715941 -119.084241 0.078959 0.368644 0.887080 0.266374
1106.000000000 -139.161706 50.917511 -118.733904 0.079109 0.369438 0.886808 0.266137
1106.100000000 -139.068447 51.052535 -118.642302 0.079774 0.370353 0.886395 0.266042
1106.400000000 -138.945452 51.246285 -118.322408 0.080830 0.372873 0.885328 0.265758
1106.700000000 -138.830677 51.417095 -118.088170 0.078739 0.366731 0.887903 0.266342
1106.800000000 -138.730719 51.558279 -117.960911 0.079636 0.368763 0.887037 0.266152
1106.900000000 -138.681900 51.628854 -117.847765 0.080151 0.370162 0.886467 0.265956
1107.000000000 -138.643015 51.696299 -117.736596 0.080065 0.370830 0.886242 0.265800
1107.100000000 -138.530112 51.867497 -117.646885 0.078310 0.366007 0.888232 0.266364
1107.400000000 -138.391879 52.090153 -117.292393 0.079117 0.369405 0.886880 0.265941
1107.500000000 -138.368035 52.123137 -117.220315 0.079185 0.368493 0.887174 0.266203
1107.600000000 -138.334500 52.161565 -117.110158 0.079445 0.369620 0.886734 0.266031
1107.800000000 -138.262878 52.255389 -116.909002 0.079348 0.369823 0.886746 0.265737
1108.600000000 -138.634903 51.995504 -116.061716 0.044656 0.243787 0.929388 0.273517
1108.800000000 -138.585564 52.033208 -115.801425 0.045341 0.246763 0.928473 0.273843
1108.900000000 -138.531402 52.106779 -115.620736 0.046928 0.251005 0.927231 0.273928
1109.100000000 -138.492848 52.160430 -115.413130 0.046301 0.248538 0.927869 0.274122
1109.300000000 -138.451274 52.208289 -115.163725 0.047082 0.251210 0.927140 0.274023
1109.500000000 -138.351376 52.367761 -114.881469 0.046462 0.247615 0.927926 0.274739
1109.800000000 -138.236282 52.532229 -114.509557 0.046853 0.248669 0.927547 0.274999
1110.100000000 -138.115876 52.710617 -114.123205 0.046461 0.247102 0.927809 0.275595
1110.600000000 -137.980790 52.915813 -113.505493 0.046538 0.247993 0.927508 0.275793
1110.700000000 -137.955423 52.940460 -113.444160 0.046430 0.247879 0.927537 0.275819
1110.800000000 -137.970793 52.901856 -113.264025 0.047798 0.255374 0.925685 0.274966
1110.900000000 -137.918080 52.971486 -113.153723 0.048809 0.256578 0.925270 0.275065
1111.200000000 -137.733416 53.303779 -112.731611 0.046674 0.248160 0.927356 0.276133
1111.300000000 -137.723429 53.302511 -112.703994 0.046587 0.248705 0.927292 0.275871
1111.500000000 -137.663685 53.419914 -112.400041 0.047436 0.249299 0.927034 0.276057
1111.700000000 -136.938494 54.223159 -113.923337 0.092406 0.406076 0.871825 0.257846
1111.900000000 -137.522472 53.657160 -111.928398 0.046618 0.247294 0.927541 0.276296
1112.000000000 -137.499172 53.690361 -111.839647 0.047035 0.249031 0.927096 0.276159
1112.400000000 -136.414803 55.248357 -112.487341 0.036120 0.216581 0.934498 0.280180
1112.500000000 -136.456304 55.011394 -112.495332 0.079276 0.363019 0.889634 0.265488
1112.800000000 -136.806108 53.934353 -113.314444 0.090753 0.407447 0.871872 0.256103
1113.100000000 -136.501231 54.290055 -113.479739 0.130763 0.548535 0.793517 0.228782
1113.200000000 -136.541711 54.404369 -112.963265 0.089717 0.404267 0.873337 0.256519
1113.900000000 -137.808596 54.582076 -111.939238 0.021934 0.158741 0.963819 0.213012
1114.200000000 -137.112810 52.883167 -111.825984 -0.039282 0.143621 0.891433 0.427991
1114.300000000 -137.104203 52.910767 -111.692370 -0.039120 0.143910 0.891407 0.427963
1114.400000000 -137.117850 52.932696 -111.601517 -0.037885 0.146486 0.891019 0.428008
1114.500000000 -137.088843 53.013864 -111.378380 -0.036687 0.148097 0.890754 0.428110
1114.700000000 -136.474578 53.935411 -111.246110 -0.098462 0.127021 0.871763 0.462817
1114.900000000 -136.053170 54.351419 -110.584245 -0.094377 0.256294 0.636169 0.721592
1115.200000000 -135.493495 55.308995 -109.417603 -0.064920 0.249118 0.671518 0.694830
1115.300000000 -135.425565 55.363118 -109.270298 -0.063428 0.249690 0.671438 0.694840
1115.400000000 -135.393560 55.418770 -109.161825 -0.061274 0.251559 0.670753 0.695021
1115.500000000 -135.354741 55.475995 -109.045606 -0.060673 0.252227 0.670643 0.694937
1115.700000000 -135.284478 55.628432 -108.730412 -0.045015 0.266340 0.665672 0.695642
1115.900000000 -135.250616 55.708789 -108.560654 -0.044239 0.267883 0.665494 0.695269
1116.100000000 -135.069555 55.839817 -108.314050 -0.050804 0.260689 0.667799 0.695345
1116.300000000 -135.030506 55.950715 -108.081867 -0.048091 0.263964 0.666918 0.695148
1116.400000000 -134.989859 56.016135 -107.945189 -0.046154 0.265540 0.666356 0.695218
1117.800000000 -135.242810 53.592465 -108.520059 0.314651 0.205647 0.340954 0.861658
1118.000000000 -135.113917 53.505909 -108.312485 0.315174 0.205771 0.340962 0.861434
1118.100000000 -135.075453 53.494607 -108.227103 0.316063 0.206243 0.340904 0.861018
1118.200000000 -134.923167 53.378383 -108.124815 0.315618 0.205954 0.340787 0.861297
1118.500000000 -134.756210 53.263870 -107.921402 0.312804 0.205231 0.341758 0.862111
1118.600000000 -134.612753 53.175119 -107.713841 0.315625 0.206055 0.341021 0.861177
1118.700000000 -134.472707 53.067882 -107.590112 0.315963 0.205902 0.340822 0.861169
1119.000000000 -134.312636 52.967319 -107.371333 0.313972 0.205752 0.341518 0.861658
1119.200000000 -134.101207 52.815381 -107.135553 0.313700 0.205557 0.341551 0.861790
1119.800000000 -133.631716 52.501525 -106.506535 0.313157 0.205565 0.341801 0.861886
1120.000000000 -133.409174 52.333595 -106.298732 0.313344 0.205427 0.341682 0.861898
1120.200000000 -133.256663 52.237152 -106.090623 0.313059 0.205323 0.341745 0.862002
1120.300000000 -133.190588 52.201104 -105.981933 0.314073 0.205673 0.341461 0.861662
1120.500000000 -133.017214 52.064478 -105.800187 0.312032 0.204902 0.341968 0.862386
1120.600000000 -132.929637 52.018903 -105.655899 0.313727 0.205466 0.341536 0.861808
1120.700000000 -132.860957 51.982554 -105.535551 0.315491 0.206163 0.341168 0.861143
1120.900000000 -132.702093 51.871690 -105.357126 0.313946 0.205546 0.341544 0.861706
1121.400000000 -132.282341 51.605578 -104.881792 0.312839 0.205155 0.341771 0.862111
1121.500000000 -132.152393 51.520433 -104.789671 0.311816 0.204710 0.341973 0.862508
1121.600000000 -132.088957 51.509077 -104.655373 0.313434 0.205365 0.341599 0.861913
1122.000000000 -131.715306 51.302455 -104.283175 0.311240 0.204302 0.341790 0.862885
1122.100000000 -131.601999 51.255377 -104.154593 0.313323 0.205126 0.341208 0.862166
1122.200000000 -131.500003 51.202250 -104.083700 0.311977 0.204567 0.341446 0.862692
1122.300000000 -131.381487 51.142228 -103.997176 0.311674 0.204601 0.341497 0.862773
1122.400000000 -131.266384 51.105083 -103.892448 0.312330 0.204900 0.341362 0.862518
1122.500000000 -131.184094 51.075980 -103.828177 0.310740 0.204285 0.341770 0.863077
1122.700000000 -131.005156 51.068390 -103.567796 0.312633 0.204873 0.341348 0.862421
1122.800000000 -130.862088 50.980135 -103.506970 0.310959 0.204018 0.341736 0.863075
1123.000000000 -130.671737 50.969378 -103.254968 0.313397 0.204868 0.341021 0.862274
1123.100000000 -130.540581 50.889551 -103.203133 0.311363 0.204526 0.341932 0.862731
1123.400000000 -130.267686 50.890485 -102.842178 0.317120 0.206428 0.341415 0.860382
1123.700000000 -129.909803 50.796919 -102.569629 0.313955 0.204951 0.341770 0.861754
1123.800000000 -129.818486 50.798177 -102.453431 0.315950 0.205587 0.341567 0.860954
1123.900000000 -129.709876 50.785068 -102.368713 0.315641 0.205526 0.341484 0.861115
1124.000000000 -129.574239 50.743725 -102.284524 0.314181 0.205292 0.341727 0.861608
1124.400000000 -129.093621 50.660054 -101.926023 0.311530 0.204133 0.341798 0.862817
1124.500000000 -128.985878 50.643639 -101.823382 0.311932 0.204520 0.341808 0.862576
1124.800000000 -128.648753 50.611006 -101.555871 0.310297 0.203344 0.341846 0.863428
1124.900000000 -128.558105 50.612543 -101.447959 0.312708 0.204462 0.341651 0.862371
1125.300000000 -128.115816 50.576539 -101.078697 0.311183 0.204009 0.341909 0.862927
1125.900000000 -127.456982 50.482775 -100.512287 0.310402 0.203682 0.342025 0.863240
1126.000000000 -127.350492 50.457226 -100.391797 0.313513 0.205400 0.341906 0.861755
1126.300000000 -127.006363 50.365178 -100.106605 0.311417 0.203796 0.342103 0.862816
1126.600000000 -126.676521 50.286829 -99.809852 0.312605 0.204159 0.341705 0.862458
1126.700000000 -126.503447 50.207484 -99.696054 0.310032 0.203500 0.342125 0.863376
1128.000000000 -125.360074 49.919199 -98.319192 0.313776 0.196477 0.324179 0.870546
1128.500000000 -125.104019 49.885195 -97.748562 0.315747 0.198806 0.328868 0.867540
1128.700000000 -124.983634 49.856500 -97.535363 0.315313 0.193907 0.327670 0.869258
1129.000000000 -124.920845 49.885126 -97.241721 0.315652 0.193726 0.329688 0.868412
1129.100000000 -124.822338 49.812947 -97.105153 0.318001 0.192302 0.329128 0.868084
1129.900000000 -124.698402 49.850941 -96.323927 0.316457 0.192079 0.332962 0.867235
1130.100000000 -124.733153 49.885069 -96.151184 0.317390 0.192508 0.332982 0.866791
1130.200000000 -124.747780 49.904856 -96.064012 0.318086 0.191744 0.332641 0.866836
1130.400000000 -124.779946 49.959291 -95.899737 0.317658 0.194512 0.333529 0.866035
1130.500000000 -124.840159 50.009859 -95.848400 0.317148 0.194258 0.333669 0.866225
1131.300000000 -124.982063 50.079945 -95.186269 0.317741 0.196809 0.335050 0.864898
1131.400000000 -125.009825 50.105872 -95.108500 0.317422 0.197390 0.335536 0.864694
1131.600000000 -125.089466 50.127207 -94.947573 0.317984 0.198498 0.334706 0.864555
1131.700000000 -125.123654 50.142025 -94.890858 0.318358 0.197673 0.334881 0.864539
1132.000000000 -125.286582 50.237024 -94.715956 0.318747 0.196006 0.335155 0.864670
1132.100000000 -125.320721 50.255634 -94.645837 0.318617 0.197181 0.335925 0.864151
1132.200000000 -125.362640 50.281046 -94.582831 0.318786 0.196878 0.336482 0.863941
1132.300000000 -125.411295 50.312708 -94.523846 0.318413 0.196952 0.336976 0.863869
1132.400000000 -125.447133 50.337202 -94.467322 0.317806 0.197800 0.338791 0.863189
1132.500000000 -125.489090 50.325061 -94.387071 0.319280 0.197690 0.338366 0.862837
1132.600000000 -125.532231 50.339756 -94.326287 0.319556 0.198217 0.338764 0.862457
1132.700000000 -125.573089 50.371576 -94.270738 0.319962 0.197124 0.338877 0.862513
1132.800000000 -125.663242 50.396043 -94.222605 0.319764 0.196566 0.339338 0.862533
1133.000000000 -125.837601 50.466255 -94.164613 0.318425 0.195101 0.340458 0.862919
1134.000000000 -126.606613 50.858075 -93.891816 0.316760 0.192674 0.344580 0.862441
1134.100000000 -126.632503 50.844978 -93.850175 0.318150 0.191620 0.344512 0.862191
1134.300000000 -126.801996 50.970640 -93.825937 0.319124 0.195528 0.345213 0.860673
1134.800000000 -127.010233 51.012094 -93.702644 0.323233 0.196563 0.345608 0.858742
1135.200000000 -127.406192 51.316037 -93.838018 0.315305 0.198738 0.348880 0.859865
1135.600000000 -127.744317 51.485841 -93.921000 0.316315 0.200445 0.349419 0.858879
1135.700000000 -127.758495 51.451370 -93.922455 0.313597 0.197392 0.349443 0.860571
1136.000000000 -127.913182 51.513767 -93.979273 0.313667 0.197133 0.349073 0.860755
1136.100000000 -127.926223 51.509042 -93.910055 0.319740 0.201026 0.348744 0.857748
1136.800000000 -128.396136 51.774791 -94.277930 0.314019 0.199105 0.349090 0.860166
1137.000000000 -128.617383 51.949646 -94.409183 0.314402 0.199094 0.348700 0.860187
1137.100000000 -128.624599 51.934878 -94.424175 0.315609 0.198510 0.348150 0.860103
1137.200000000 -128.677520 51.966916 -94.480922 0.316544 0.198178 0.347747 0.859998
1137.600000000 -128.967283 52.185573 -94.773807 0.316876 0.200270 0.347550 0.859471
1137.700000000 -128.976320 52.173922 -94.861755 0.311677 0.198761 0.348780 0.861222
1137.900000000 -129.070940 52.239002 -94.954995 0.314099 0.200408 0.347874 0.860327
1138.300000000 -129.219517 52.321429 -95.219188 0.313447 0.199460 0.347263 0.861032
1138.600000000 -129.317828 52.388386 -95.432034 0.314694 0.199172 0.346349 0.861011
1138.800000000 -129.426725 52.488873 -95.594042 0.313920 0.199514 0.346325 0.861225
1139.300000000 -129.588584 52.595820 -96.003138 0.314820 0.200356 0.345717 0.860944
1139.400000000 -129.624643 52.632860 -96.100088 0.312951 0.199270 0.345684 0.861891
1139.500000000 -129.636964 52.657567 -96.180875 0.311523 0.199271 0.345803 0.862360
1139.900000000 -129.783398 52.780378 -96.531955 0.315562 0.199961 0.344341 0.861316
1140.000000000 -129.782131 52.779775 -96.627167 0.313237 0.199724 0.344733 0.862063
1140.200000000 -129.867018 52.874489 -96.818328 0.314374 0.200061 0.343918 0.861896
1140.300000000 -129.868603 52.874977 -96.905681 0.312661 0.199549 0.343994 0.862607
1140.600000000 -129.960470 52.978107 -97.183073 0.314385 0.200738 0.343233 0.862008
1140.700000000 -130.009542 53.025245 -97.310759 0.312573 0.199257 0.343105 0.863060
1141.100000000 -130.113568 53.138036 -97.662258 0.316498 0.201318 0.341544 0.861770
1141.300000000 -130.118701 53.151267 -97.816985 0.317498 0.201733 0.341067 0.861494
1142.000000000 -130.377550 53.420690 -98.567411 0.317403 0.202935 0.339455 0.861883
1142.300000000 -130.469311 53.517352 -98.883736 0.316812 0.202338 0.338686 0.862544
1142.500000000 -130.528754 53.568760 -99.088935 0.316957 0.202630 0.338360 0.862550
1142.700000000 -130.607422 53.625453 -99.336090 0.314028 0.202183 0.338521 0.863662
1142.900000000 -130.684168 53.675443 -99.549764 0.314408 0.202164 0.338104 0.863692
1143.200000000 -130.805955 53.742997 -99.850749 0.314958 0.202586 0.337514 0.863623
1143.700000000 -131.049577 53.829555 -100.375679 0.312511 0.202658 0.337128 0.864645
1143.800000000 -131.112179 53.852492 -100.441674 0.314417 0.203612 0.336568 0.863948
1144.000000000 -131.223884 53.863835 -100.658085 0.313007 0.203429 0.336707 0.864449
1144.300000000 -131.437278 53.930841 -100.973650 0.311766 0.203170 0.336677 0.864970
1144.400000000 -131.523293 53.950980 -101.086684 0.313048 0.203176 0.336224 0.864682
1144.600000000 -131.674207 53.986320 -101.267348 0.312977 0.203639 0.336224 0.864598
1144.900000000 -131.908103 54.004908 -101.533026 0.314842 0.204910 0.335644 0.863846
1145.000000000 -131.952375 53.970899 -101.634614 0.313050 0.204723 0.336203 0.864324
1145.200000000 -132.227680 54.081900 -101.816418 0.314985 0.205393 0.335782 0.863625
1145.800000000 -132.805125 54.121110 -102.383474 0.313862 0.205177 0.336550 0.863787
1146.100000000 -133.102233 54.153288 -102.626017 0.312949 0.204843 0.336866 0.864074
1146.300000000 -133.291038 54.177289 -102.826350 0.312103 0.204997 0.337107 0.864249
1146.400000000 -133.412390 54.188173 -102.909324 0.312413 0.205182 0.337295 0.864020
1146.500000000 -133.503194 54.187227 -102.978638 0.312952 0.204958 0.337023 0.863984
1146.600000000 -133.595366 54.186336 -103.065232 0.313050 0.204624 0.337125 0.863988
1146.700000000 -133.708598 54.200948 -103.140381 0.313277 0.205094 0.337119 0.863796
1146.900000000 -133.891616 54.204321 -103.371637 0.310026 0.204679 0.337562 0.864894
1147.200000000 -134.253566 54.261381 -103.561047 0.313164 0.204746 0.337491 0.863775
1147.400000000 -134.432818 54.271380 -103.741804 0.310572 0.204647 0.337858 0.864591
1147.500000000 -134.575209 54.321682 -103.830017 0.310548 0.204595 0.337963 0.864570
1147.600000000 -134.667119 54.342282 -103.836264 0.312492 0.205019 0.337767 0.863846
1147.700000000 -134.769691 54.349429 -103.934788 0.311732 0.205277 0.337965 0.863981
1147.800000000 -134.875942 54.363981 -104.011664 0.312256 0.204996 0.338023 0.863836
1147.900000000 -135.020188 54.410275 -104.092974 0.313081 0.205408 0.338058 0.863426
1148.000000000 -135.133889 54.431952 -104.162588 0.312184 0.204950 0.338391 0.863729
1150.500000000 -137.564087 55.154012 -106.144191 0.283325 0.190093 0.346283 0.873888
1151.000000000 -138.237889 55.562240 -106.512120 0.315128 0.203431 0.341005 0.861989
1151.300000000 -138.487811 55.734598 -106.674701 0.319393 0.204330 0.340375 0.860455
1151.400000000 -138.604953 55.816781 -106.763808 0.318259 0.204412 0.340882 0.860655
1152.000000000 -138.880164 55.984436 -107.311535 0.309480 0.199939 0.343122 0.864010
1152.100000000 -139.094299 56.151485 -107.487366 0.309705 0.201339 0.343576 0.863424
1152.400000000 -139.463832 56.460980 -107.763936 0.315043 0.203637 0.342773 0.861270
1152.700000000 -139.660672 56.623189 -108.059267 0.312896 0.202825 0.343420 0.861987
1152.900000000 -139.821155 56.785894 -108.224749 0.313560 0.203263 0.343554 0.861588
1153.100000000 -139.987226 56.946391 -108.372935 0.314839 0.203418 0.343266 0.861200
1153.700000000 -140.400470 57.390221 -108.864795 0.316072 0.204570 0.342895 0.860623
1153.900000000 -140.532661 57.515042 -109.170631 0.312958 0.203594 0.343433 0.861778
1154.100000000 -140.653354 57.659239 -109.352073 0.313523 0.204144 0.343496 0.861417
1154.200000000 -140.719772 57.733301 -109.416161 0.315543 0.204897 0.343138 0.860643
1155.100000000 -141.135137 58.281592 -110.320175 0.305805 0.201592 0.345035 0.864173
1155.300000000 -141.372091 58.532751 -110.486022 0.315622 0.205302 0.342975 0.860582
1155.600000000 -141.474838 58.706275 -110.786114 0.315857 0.206250 0.342853 0.860318
1155.800000000 -141.547462 58.777224 -111.067736 0.304981 0.201610 0.345336 0.864340
1156.000000000 -141.602022 58.858915 -111.321843 0.303776 0.201287 0.345715 0.864688
1156.100000000 -141.651692 58.915445 -111.459597 0.301798 0.199890 0.345822 0.865661
1156.200000000 -141.685244 58.966881 -111.583967 0.299131 0.198648 0.346240 0.866705
1156.400000000 -141.963735 59.283323 -111.591236 0.317015 0.206018 0.342431 0.860116
1156.500000000 -141.928908 59.260961 -111.785834 0.307459 0.202015 0.344563 0.863676
1156.600000000 -141.907394 59.257775 -111.872650 0.307784 0.202093 0.344269 0.863658
1156.700000000 -141.878290 59.257612 -111.975915 0.308030 0.201898 0.343961 0.863739
1158.600000000 -143.145131 60.246700 -111.323304 0.321481 0.253465 0.251186 0.877104
1158.800000000 -143.356662 60.473478 -111.456038 0.335412 0.258163 0.247848 0.871448
1159.800000000 -142.352572 61.734009 -112.038938 0.231213 -0.334472 0.910547 0.074659
1160.000000000 -142.444223 61.917398 -112.181758 0.231231 -0.335570 0.910111 0.074983
1160.100000000 -142.507003 62.026456 -112.281642 0.230919 -0.337073 0.909599 0.075414
1160.300000000 -142.645414 62.243345 -112.516324 0.230612 -0.337277 0.909584 0.075623
1160.700000000 -142.680806 64.630668 -112.475061 0.232394 -0.348971 0.904421 0.078961
1160.900000000 -142.549674 66.295737 -112.226222 0.235257 -0.349321 0.903444 0.080117
1161.100000000 -142.472986 67.813839 -112.025978 0.237101 -0.349398 0.902762 0.082003
1161.200000000 -142.519158 67.958251 -112.135303 0.237713 -0.350599 0.902143 0.081920
1161.300000000 -142.569350 67.965209 -112.225520 0.240535 -0.339068 0.906086 0.078645
1161.400000000 -142.614051 68.120431 -112.277053 0.239781 -0.342501 0.904899 0.079723
1161.500000000 -142.664099 68.236622 -112.326500 0.239946 -0.344809 0.903935 0.080219
1161.800000000 -142.031232 70.166049 -112.596958 0.253049 -0.309864 0.890168 0.218061
1162.400000000 -140.958629 74.524370 -112.465945 0.269343 -0.291848 0.880938 0.257348
1162.500000000 -140.984074 74.651612 -112.549120 0.266656 -0.294472 0.880602 0.258303
1162.800000000 -140.138494 74.827772 -114.291010 0.025664 -0.311201 0.949840 0.017292
1163.000000000 -140.175604 75.073746 -114.446297 0.025745 -0.316703 0.948021 0.017093
1163.300000000 -140.259079 75.373427 -114.750590 0.025468 -0.320247 0.946839 0.016997
1163.800000000 -140.441194 75.744084 -115.400737 0.025099 -0.317269 0.947835 0.017865
1163.900000000 -140.454464 75.860770 -115.420745 0.025041 -0.320156 0.946865 0.017885
1164.000000000 -140.485417 75.951342 -115.527419 0.025696 -0.321726 0.946319 0.017689
1164.200000000 -140.569953 76.070594 -115.837371 0.024988 -0.315054 0.948581 0.017624
1164.400000000 -140.612761 76.307121 -116.002464 0.025273 -0.318152 0.947541 0.017489
1164.500000000 -140.629525 76.401866 -116.068724 0.024877 -0.320335 0.946817 0.017423
1164.700000000 -140.695490 76.547505 -116.351035 0.024600 -0.323768 0.945651 0.017715
1164.800000000 -140.711708 76.632695 -116.399831 0.024607 -0.321940 0.946279 0.017475
1165.100000000 -140.827121 76.844860 -116.872716 0.024375 -0.318887 0.947305 0.018185
1166.400000000 -141.117951 77.809805 -118.027722 0.024587 -0.317471 0.947788 0.017466
1166.500000000 -141.127920 77.860682 -117.957764 0.024943 -0.317571 0.947751 0.017137
1167.500000000 -141.284190 78.391724 -118.494236 0.026123 -0.317381 0.947792 0.016653
1167.600000000 -141.297561 78.441764 -118.496058 0.026666 -0.316274 0.948148 0.016592
1167.700000000 -141.297022 78.520228 -118.560791 0.026470 -0.316597 0.948047 0.016518
1169.100000000 -141.270062 79.175012 -118.777140 0.027233 -0.313094 0.949195 0.016099
1169.200000000 -141.297876 79.316902 -119.136339 0.027756 -0.314210 0.948809 0.016234
1169.300000000 -141.311774 79.430068 -119.278505 0.027244 -0.309633 0.950329 0.016138
1169.800000000 -141.298341 79.839432 -120.134949 0.027404 -0.313036 0.949211 0.015987
1169.900000000 -141.302996 79.933026 -120.245316 0.027412 -0.309933 0.950233 0.015736
1170.000000000 -141.290750 80.006624 -120.365605 0.027335 -0.310709 0.949980 0.015808
1170.100000000 -141.274056 80.086078 -120.506306 0.027679 -0.311582 0.949682 0.015956
1170.200000000 -141.303334 80.163502 -120.633406 0.028182 -0.310992 0.949857 0.016159
1170.300000000 -141.305326 80.234155 -120.777077 0.027909 -0.311145 0.949815 0.016147
1170.400000000 -141.299689 80.304680 -120.848417 0.027835 -0.311055 0.949849 0.016047
1170.500000000 -141.291349 80.408500 -120.930987 0.028569 -0.308616 0.950630 0.015553
1170.700000000 -141.299427 80.562066 -121.249925 0.028008 -0.309584 0.950327 0.015892
1170.800000000 -141.299990 80.635658 -121.338301 0.028217 -0.310547 0.950004 0.016046
1171.100000000 -141.256969 80.886797 -121.568291 0.027619 -0.308615 0.950663 0.015317
1171.200000000 -141.242443 80.944609 -121.613763 0.028012 -0.310092 0.950172 0.015235
1171.400000000 -141.233041 81.141300 -121.981561 0.028233 -0.309500 0.950361 0.015065
1171.500000000 -141.223856 81.198184 -122.005747 0.027988 -0.310030 0.950194 0.015158
1171.700000000 -141.195217 81.401641 -122.120598 0.028008 -0.309934 0.950230 0.014830
1171.800000000 -141.193946 81.491198 -122.275024 0.027925 -0.312043 0.949539 0.015003
1172.100000000 -141.206918 81.742699 -122.769834 0.027756 -0.311988 0.949562 0.014993
1172.300000000 -141.222154 81.877683 -123.003975 0.027723 -0.310627 0.950008 0.015057
1172.500000000 -141.216834 82.057344 -123.153539 0.027694 -0.310756 0.949968 0.014985
1172.800000000 -141.248623 82.300634 -123.439044 0.027793 -0.311227 0.949810 0.015021
1172.900000000 -141.256561 82.364024 -123.487832 0.027814 -0.310043 0.950198 0.014970
1173.300000000 -141.323106 82.764800 -123.985810 0.027738 -0.310723 0.949974 0.015186
1173.400000000 -141.338212 82.839262 -124.060892 0.027845 -0.310755 0.949960 0.015251
1173.500000000 -141.360420 82.931548 -124.200494 0.028097 -0.310475 0.950043 0.015313
1173.600000000 -141.383579 83.030198 -124.297730 0.028123 -0.311424 0.949729 0.015439
1173.700000000 -141.403567 83.095578 -124.406740 0.027989 -0.310051 0.950185 0.015291
1174.100000000 -141.486476 83.388130 -124.884345 0.028175 -0.310046 0.950175 0.015653
1174.500000000 -141.583006 83.772705 -125.341758 0.028156 -0.311820 0.949588 0.016067
1174.700000000 -141.632000 83.940410 -125.538367 0.027737 -0.308613 0.950653 0.015744
1174.900000000 -141.694413 84.092666 -125.746988 0.027902 -0.311272 0.949775 0.016085
1175.100000000 -141.754303 84.347656 -125.900003 0.028488 -0.309679 0.950280 0.016001
1175.300000000 -141.807473 84.488575 -126.129813 0.028155 -0.309624 0.950304 0.016222
1175.400000000 -141.842240 84.583677 -126.257927 0.028855 -0.310653 0.949943 0.016467
1175.600000000 -141.896355 84.758808 -126.476325 0.028409 -0.309506 0.950334 0.016276
1175.700000000 -141.916157 84.858123 -126.526186 0.028255 -0.309498 0.950338 0.016446
1175.800000000 -141.960196 84.936178 -126.728039 0.028398 -0.309934 0.950191 0.016478
1175.900000000 -141.989531 85.019746 -126.786631 0.028837 -0.310264 0.950069 0.016558
1176.200000000 -142.100471 85.270373 -127.188610 0.029602 -0.307834 0.950841 0.016225
1176.300000000 -142.137003 85.359946 -127.286749 0.029539 -0.310201 0.950068 0.016541
1176.500000000 -142.183933 85.510324 -127.467182 0.029100 -0.310953 0.949834 0.016633
1176.600000000 -142.217286 85.611236 -127.597745 0.028833 -0.311013 0.949823 0.016611
1176.800000000 -142.276227 85.773395 -127.877509 0.028941 -0.308183 0.950747 0.016322
1177.400000000 -142.447541 86.294227 -128.554237 0.029487 -0.305564 0.951576 0.016237
1177.600000000 -142.501060 86.442277 -128.672793 0.028714 -0.303551 0.952241 0.016420
1177.900000000 -142.565974 86.702415 -129.025503 0.028604 -0.304088 0.952072 0.016451
1178.000000000 -142.590255 86.789676 -129.069495 0.029060 -0.304402 0.951958 0.016466
1178.100000000 -142.607382 86.846873 -129.125160 0.029028 -0.303906 0.952116 0.016564
1178.200000000 -142.640915 86.968925 -129.388664 0.029132 -0.307090 0.951087 0.016738
1178.300000000 -142.659729 87.036986 -129.421928 0.029533 -0.306608 0.951231 0.016666
1178.400000000 -142.680068 87.120847 -129.514758 0.029481 -0.303380 0.952270 0.016516
1178.700000000 -142.731762 87.379645 -129.868953 0.028763 -0.308062 0.950789 0.016430
1178.900000000 -142.784287 87.576740 -130.184352 0.029411 -0.307639 0.950905 0.016529
1179.200000000 -142.831001 87.802961 -130.458684 0.028758 -0.305684 0.951558 0.016393
1179.400000000 -142.865813 87.964986 -130.641462 0.028818 -0.306711 0.951217 0.016874
1179.500000000 -142.876104 88.048169 -130.791073 0.028165 -0.306007 0.951463 0.016882
1179.800000000 -142.926242 88.312198 -131.116061 0.029192 -0.305047 0.951742 0.016756
1180.100000000 -142.955261 88.590925 -131.453327 0.029135 -0.305679 0.951543 0.016666
1180.200000000 -142.972860 88.659505 -131.592825 0.029053 -0.306354 0.951327 0.016735
1180.600000000 -143.006527 89.003763 -131.998866 0.029100 -0.304300 0.951986 0.016665
1180.700000000 -143.011994 89.090340 -132.126695 0.028956 -0.304937 0.951786 0.016649
1180.800000000 -143.029066 89.203638 -132.299374 0.028981 -0.304558 0.951908 0.016590
1181.100000000 -143.047758 89.455747 -132.666829 0.029003 -0.307540 0.950942 0.016974
1181.300000000 -143.062094 89.609492 -132.890072 0.029054 -0.305548 0.951586 0.016762
1181.900000000 -143.120156 90.112168 -133.527332 0.029025 -0.303303 0.952304 0.016787
1182.100000000 -143.142574 90.281371 -133.757033 0.028841 -0.305613 0.951569 0.016881
1182.200000000 -143.165561 90.367370 -133.896055 0.029223 -0.306475 0.951279 0.016929
1182.400000000 -143.200648 90.549297 -134.113580 0.029407 -0.306874 0.951144 0.016971
1182.500000000 -143.220438 90.618064 -134.198458 0.029667 -0.305987 0.951424 0.016836
1182.700000000 -143.256159 90.783916 -134.421254 0.029282 -0.307191 0.951046 0.016960
1182.900000000 -143.316785 90.961490 -134.665312 0.029604 -0.306875 0.951140 0.016863
1183.000000000 -143.369085 91.069983 -134.798934 0.029855 -0.309097 0.950410 0.016957
1183.100000000 -143.408184 91.133959 -134.878958 0.029680 -0.310817 0.949848 0.017361
1184.200000000 -144.009765 91.824009 -135.643526 0.030812 -0.292576 0.955614 0.015856
1184.400000000 -144.150539 91.953869 -135.840741 0.030937 -0.284552 0.958038 0.015360
1184.600000000 -144.281629 92.147983 -136.092123 0.031529 -0.287826 0.957040 0.015381
1184.700000000 -144.353529 92.263877 -136.162101 0.031778 -0.291267 0.955989 0.015476
1184.800000000 -144.430815 92.361546 -136.321304 0.031040 -0.291616 0.955903 0.015680
1184.900000000 -144.527565 92.393288 -136.417341 0.031662 -0.287160 0.957234 0.015461
1185.000000000 -144.596501 92.478337 -136.515915 0.031478 -0.288896 0.956716 0.015594
1185.100000000 -144.687405 92.584837 -136.585564 0.031014 -0.290592 0.956217 0.015597
1185.500000000 -145.016953 92.807166 -136.274257 0.033162 -0.275085 0.960743 0.014199
1185.700000000 -145.234037 93.131809 -137.199708 0.032116 -0.302757 0.952386 0.016356
1185.900000000 -145.429338 93.249668 -137.512303 0.031599 -0.296595 0.954340 0.016387
1186.000000000 -145.517326 93.349246 -137.641380 0.031340 -0.295799 0.954595 0.016407
1186.100000000 -145.570310 93.352559 -137.161819 0.033870 -0.298753 0.953586 0.016519
1186.300000000 -145.742668 93.376129 -137.107549 0.034507 -0.276248 0.960354 0.014688
1186.600000000 -146.132322 93.254456 -138.811397 0.031925 -0.460763 0.886580 0.025595
1186.800000000 -146.186301 93.830282 -137.693352 0.035211 -0.280814 0.958998 0.015057
1187.000000000 -146.376137 94.020653 -137.973440 0.034156 -0.291749 0.955749 0.016137
1187.100000000 -146.457822 94.161912 -138.147354 0.034304 -0.290022 0.956280 0.015438
1187.200000000 -146.549180 94.267584 -138.308575 0.034045 -0.294291 0.954976 0.015983
1187.500000000 -146.879007 94.218311 -139.185448 0.028655 -0.441123 0.896575 0.027257
1187.600000000 -146.887664 94.699484 -138.843924 0.025716 -0.289682 0.956586 0.019136
1187.700000000 -146.982317 94.750257 -139.244491 0.022677 -0.298435 0.953932 0.020889
1187.800000000 -147.031673 94.892576 -138.976893 0.021906 -0.285118 0.958027 0.020304
1188.100000000 -147.244799 94.914280 -139.719747 0.022667 -0.442706 0.895867 0.030328
1188.200000000 -147.272040 95.151108 -139.604814 0.024172 -0.288775 0.956877 0.020273
1188.400000000 -147.403394 95.377427 -140.261238 0.023832 -0.328840 0.943750 0.025143
1188.600000000 -147.453477 95.516010 -140.355970 0.024078 -0.331848 0.942692 0.025091
1188.700000000 -147.476686 95.587861 -140.411041 0.024179 -0.333019 0.942267 0.025417
1188.900000000 -147.506233 94.956531 -139.850471 0.031227 -0.151898 0.987798 0.014412
1189.500000000 -147.454706 95.046313 -139.330833 0.034521 -0.190986 0.980782 0.019994
1189.700000000 -147.497702 94.488045 -138.949950 0.043099 0.017826 0.998876 0.008476
1189.900000000 -147.338525 94.090674 -138.100934 0.067819 0.205187 0.976368 0.002298
1190.000000000 -147.235640 93.923468 -136.919056 0.070748 0.408377 0.909959 -0.014052
1190.100000000 -147.166056 93.483193 -136.016681 0.073425 0.501841 0.861563 -0.021784
1190.200000000 -146.858410 91.872901 -134.599982 0.067681 0.635999 0.767685 -0.039801
1190.300000000 -146.680268 90.782949 -133.604745 0.054465 0.670307 0.738079 -0.054418
1190.600000000 -146.512090 89.147313 -132.831092 0.021528 0.869599 0.486932 -0.078945
1190.800000000 -146.236652 88.842989 -132.413224 0.025082 0.854862 0.512490 -0.077040
1191.000000000 -146.095710 88.962721 -132.193264 0.022629 0.876580 0.474054 -0.079800
1191.200000000 -145.931139 89.013151 -131.855996 0.020989 0.891445 0.445411 -0.080595
1191.400000000 -145.753972 88.906673 -131.815296 0.021699 0.890995 0.446030 -0.081946
1192.100000000 -145.111392 88.316198 -131.405467 0.029742 0.887330 0.454725 -0.070613
1192.600000000 -144.633650 88.007326 -131.234809 0.028351 0.887469 0.454052 -0.073697
1192.700000000 -144.534558 87.966693 -131.205742 0.028523 0.886841 0.455324 -0.073339
1193.000000000 -144.221065 87.704003 -131.034875 0.028900 0.884657 0.459375 -0.074308
1193.100000000 -144.105392 87.659154 -131.005322 0.028921 0.884953 0.458771 -0.074512
1193.600000000 -143.861405 87.874551 -131.553397 0.024358 0.927566 0.364512 -0.078481
1193.800000000 -143.657942 87.701032 -131.389625 0.024106 0.925710 0.368941 -0.079771
1193.900000000 -143.563861 87.668849 -131.360111 0.024361 0.925240 0.370071 -0.079905
1194.000000000 -143.455899 87.583074 -131.298515 0.024299 0.925110 0.370328 -0.080241
1194.500000000 -143.356340 87.029560 -131.760609 0.017946 0.963455 0.252616 -0.087277
1194.600000000 -143.230743 87.014821 -131.728147 0.016679 0.963331 0.253827 -0.085362
1194.700000000 -143.133262 86.972746 -131.758510 0.016538 0.962596 0.256704 -0.085082
1195.000000000 -142.943476 86.810078 -131.469842 0.009588 0.962855 0.253418 -0.092728
1195.400000000 -142.754556 86.098467 -132.420319 0.017253 0.952249 0.292294 -0.086536
1195.700000000 -142.480004 85.785255 -131.801067 0.017633 0.949184 0.302422 -0.085324
1195.900000000 -142.399649 85.879094 -131.956892 0.016752 0.953035 0.290024 -0.085607
1196.000000000 -142.345644 85.843707 -131.955308 0.016854 0.953140 0.289674 -0.085614
1196.200000000 -142.183372 85.569161 -131.554515 0.016699 0.950653 0.297698 -0.085764
1196.300000000 -142.177205 85.710601 -131.703679 0.016214 0.956215 0.279679 -0.084675
1196.500000000 -142.043975 85.547013 -131.449727 0.015812 0.956433 0.278408 -0.086455
1196.700000000 -141.986685 85.752772 -131.659660 0.014401 0.962854 0.255441 -0.086342
1197.300000000 -142.502345 86.608740 -132.224002 -0.030425 0.894591 0.439726 -0.073637
1197.500000000 -142.441213 86.279631 -131.359560 -0.029274 0.898409 0.432581 -0.069840
1197.800000000 -141.430822 86.391967 -130.569366 0.008162 0.966313 0.243603 -0.082644
1197.900000000 -141.703758 86.038062 -129.992267 0.005093 0.978557 0.188707 -0.082402
1198.000000000 -141.941893 85.609812 -130.029283 -0.004126 0.990525 0.098667 -0.095431
1198.400000000 -141.557010 84.833738 -129.163964 -0.074458 0.956627 -0.174891 -0.220759
1198.500000000 -140.800202 83.630499 -129.652285 0.003607 0.965403 -0.236945 -0.108815
1198.600000000 -141.824364 83.429608 -130.426873 0.000586 0.957066 -0.245248 0.154524
1198.700000000 -141.872381 83.460170 -130.354014 0.000361 0.957318 -0.244029 0.154894
1198.800000000 -140.769347 83.711480 -129.750775 0.001439 0.965669 -0.236215 -0.108092
1199.000000000 -140.861993 83.384093 -129.801420 -0.000418 0.946614 -0.303161 -0.109613
1199.200000000 -142.126808 83.673653 -129.926108 0.001991 0.955355 -0.252021 0.154201
1199.500000000 -142.297675 83.805790 -129.595928 0.001310 0.955627 -0.250484 0.155025
1199.700000000 -140.840978 83.776381 -128.983211 0.001508 0.961013 -0.254207 -0.108768
1200.700000000 -141.452682 83.736587 -126.689935 -0.123415 0.956182 -0.264329 -0.024779
1200.900000000 -141.656096 84.043924 -126.353014 0.019785 0.919727 -0.288139 -0.265869
1201.300000000 -142.099188 84.187240 -125.697040 0.213048 0.780909 -0.345333 -0.474907
1201.700000000 -141.692785 84.288542 -125.259305 0.211735 0.779095 -0.349137 -0.475692
1202.400000000 -141.271112 85.425099 -124.384630 -0.008960 0.967155 -0.245836 0.063996
1202.500000000 -140.885766 85.612523 -124.473067 0.022212 0.923240 -0.276999 -0.265341
1202.600000000 -140.866006 85.503858 -124.263325 0.013215 0.912796 -0.309512 -0.266143
1202.700000000 -140.801642 85.724504 -124.174087 0.024275 0.923749 -0.273515 -0.266997
1202.800000000 -140.771040 85.727755 -124.034485 0.024126 0.923536 -0.274331 -0.266910
1203.000000000 -140.981167 86.490989 -124.561087 0.023947 0.923623 -0.275498 -0.265421
1203.100000000 -140.940005 86.636155 -124.474149 0.024974 0.924613 -0.272459 -0.265016
1203.400000000 -141.233651 87.516921 -125.262873 0.031201 0.930163 -0.253328 -0.263910
1203.700000000 -142.264445 87.454717 -127.149424 -0.056070 0.872061 -0.458275 -0.162329
1203.900000000 -142.736290 86.592618 -128.054595 -0.058902 0.864445 -0.472730 -0.160599
1204.100000000 -142.782271 86.807240 -127.874746 -0.011016 0.910100 -0.363807 -0.198092
1204.300000000 -142.763074 86.783969 -127.794671 -0.038988 0.879044 -0.440601 -0.177854
1205.200000000 -143.347969 87.017153 -127.820040 0.005488 0.673679 -0.625538 -0.393484
1205.400000000 -142.912197 87.064152 -127.915620 -0.047642 0.867790 -0.462086 -0.176484
1205.500000000 -142.873856 87.180625 -127.830023 -0.058461 0.840428 -0.510356 -0.172627
1205.700000000 -142.634534 87.581759 -127.700410 -0.107959 0.717871 -0.675321 -0.130184
1206.400000000 -142.917539 88.404566 -128.483158 0.036030 -0.486566 0.845944 0.215253
1206.500000000 -142.908913 88.457071 -128.526557 0.036803 -0.484767 0.847029 0.214916
1206.600000000 -142.867206 88.630616 -128.602473 0.028996 -0.515234 0.828518 0.217371
1206.700000000 -142.854325 88.686389 -128.638990 0.029940 -0.512264 0.830458 0.216861
1206.800000000 -142.853008 88.712271 -128.648528 0.030574 -0.510619 0.831498 0.216664
1206.900000000 -142.815694 88.885339 -128.734422 0.029390 -0.514951 0.828768 0.217040
1207.300000000 -144.065490 86.659296 -128.543071 0.186371 -0.600928 0.762849 0.149041
1207.500000000 -144.045437 86.594240 -128.540734 0.182205 -0.623261 0.744789 0.153742
1207.700000000 -144.066683 86.715163 -128.675838 0.189596 -0.589891 0.771303 0.145509
1207.800000000 -144.035664 86.836941 -128.655195 0.189118 -0.592078 0.769658 0.145959
1207.900000000 -144.027262 86.780529 -128.634508 0.188959 -0.594131 0.768028 0.146408
1208.100000000 -143.793861 86.272743 -128.069235 0.192968 -0.581630 0.776942 0.144331
1208.200000000 -143.798090 86.621350 -128.156351 0.189786 -0.593657 0.768057 0.147109
1208.800000000 -143.171570 89.076859 -126.886362 0.242690 -0.287445 0.891313 0.253058
1209.100000000 -142.254071 88.531174 -126.402746 0.068383 -0.059160 0.974795 0.203957
1209.400000000 -141.726430 86.616286 -126.109768 0.066187 -0.459456 0.834538 0.296759
1209.600000000 -142.341188 85.744786 -125.015583 0.069551 -0.557985 0.803245 -0.196501
1209.700000000 -142.050326 83.488072 -123.308448 0.117179 -0.457934 0.851673 -0.226316
1209.900000000 -141.867575 81.990789 -122.138944 -0.274846 -0.611404 0.717719 0.188481
1210.100000000 -143.304485 81.148914 -121.665199 -0.323919 -0.582969 0.669213 0.327685
1210.200000000 -143.139333 81.246231 -121.711680 -0.342701 -0.613279 0.640975 0.309185
1210.400000000 -141.547016 81.700933 -120.747988 0.468716 0.606711 -0.468643 -0.438841
1210.500000000 -141.500249 81.666308 -120.713981 0.501015 0.642124 -0.419741 -0.400597
1210.600000000 -141.330012 81.678531 -120.712376 0.503357 0.644498 -0.415788 -0.397963
1210.800000000 -141.074698 81.709283 -120.646616 0.500308 0.641279 -0.420567 -0.401966
1211.000000000 -140.769868 81.735355 -120.537804 0.505366 0.646420 -0.412183 -0.396045
1211.200000000 -140.521010 81.779495 -120.508431 0.503031 0.643889 -0.416276 -0.398851
1211.300000000 -140.399759 81.803352 -120.436978 0.503633 0.644165 -0.415504 -0.398450
1211.700000000 -142.417196 81.859928 -120.133724 -0.340680 -0.620617 0.633667 0.311830
1211.900000000 -142.553254 81.539897 -120.058979 0.500450 0.648031 -0.418430 -0.393093
1212.500000000 -140.207209 81.922918 -118.319871 0.500323 0.798828 -0.121458 -0.311124
1212.700000000 -140.140466 82.078236 -118.216921 0.600020 0.734582 -0.151493 -0.278237
1212.800000000 -140.081964 82.154002 -118.197354 0.593913 0.730320 -0.171862 -0.290454
1212.900000000 -140.166306 82.203920 -118.127022 0.586759 0.725080 -0.192299 -0.304949
1213.000000000 -140.064171 82.201529 -117.968943 0.590915 0.728536 -0.179545 -0.296341
1213.600000000 -140.212406 80.518734 -120.146040 0.518995 0.765368 -0.329096 -0.191186
1213.800000000 -140.570774 80.413030 -120.296815 0.539756 0.807243 -0.210610 -0.112543
1213.900000000 -140.526812 80.526752 -120.112118 0.535880 0.811580 -0.204247 -0.111591
1214.000000000 -140.721457 80.505065 -120.158619 0.528397 0.806044 -0.230262 -0.134423
1214.200000000 -141.297559 80.305508 -120.058287 0.520509 0.815755 -0.219839 -0.123629
1214.500000000 -142.552187 79.538362 -119.715862 0.496575 0.625607 -0.477415 -0.366202
1214.800000000 -143.463935 79.415739 -118.475276 0.451483 0.552077 -0.542626 -0.443768
1215.100000000 -143.749738 79.662400 -117.491728 -0.436376 -0.553233 0.576838 0.413240
1215.200000000 -143.451567 79.692327 -117.536536 -0.363361 -0.445056 0.656318 0.489020
1215.900000000 -144.321726 80.067317 -117.441027 -0.140386 -0.197780 0.192553 0.950841
1216.000000000 -144.216925 80.091741 -117.495331 -0.131178 -0.197529 0.197143 0.951267
1216.500000000 -143.779204 80.473285 -118.384474 -0.183305 -0.212306 0.199108 0.938979
1216.900000000 -143.703481 80.614711 -118.308391 -0.142644 -0.204004 0.206288 0.946298
1217.000000000 -143.782078 80.731776 -118.179945 -0.130914 -0.201721 0.208661 0.947962
1217.200000000 -143.879563 80.920174 -118.050747 -0.113321 -0.198653 0.212020 0.950128
1217.500000000 -143.999985 81.295829 -118.148454 -0.096260 -0.194834 0.214715 0.952193
1217.700000000 -144.009997 81.442777 -118.351529 -0.100472 -0.196796 0.213893 0.951539
1218.000000000 -143.675291 81.325608 -119.122568 -0.145536 -0.207467 0.205430 0.945291
1218.100000000 -143.660509 81.243861 -119.162503 -0.149055 -0.206774 0.203978 0.945209
1218.200000000 -143.507954 81.084391 -119.439692 -0.165031 -0.211562 0.201357 0.942052
1218.300000000 -143.527974 80.848115 -119.202350 -0.142453 -0.205778 0.205339 0.946149
1218.600000000 -143.481582 80.477280 -119.065883 -0.121225 -0.206061 0.209514 0.948128
1219.000000000 -143.340216 80.554037 -120.341722 -0.091828 -0.198970 0.214611 0.951799
1219.100000000 -142.861481 80.590927 -121.998118 -0.118972 -0.203005 0.210122 0.948938
1219.200000000 -142.733120 80.260329 -122.002271 -0.058324 -0.187645 0.219259 0.955674
1219.300000000 -142.731916 80.830511 -123.179384 -0.052034 -0.192991 0.223061 0.954092
1220.200000000 -142.439364 83.071905 -126.017775 0.323877 0.051077 0.398043 0.856771
1220.300000000 -142.931184 83.754462 -127.193037 0.296085 0.036694 0.400022 0.866585
1220.500000000 -142.644492 83.680396 -128.473851 0.327852 0.055487 0.397333 0.855313
1220.600000000 -143.111683 84.303295 -129.562093 0.302438 0.043560 0.398686 0.864687
1220.800000000 -143.759681 85.083458 -130.871447 0.298162 0.043644 0.399708 0.865695
1220.900000000 -143.752966 85.033510 -130.824717 0.343087 0.066656 0.397983 0.848209
1221.100000000 -143.347915 84.408476 -130.140893 0.357634 0.076969 0.397043 0.841742
1221.700000000 -143.414642 83.881474 -128.858111 0.347616 0.068022 0.397698 0.846388
1221.900000000 -143.447494 83.902920 -128.830460 0.382674 0.081266 0.394828 0.831305
1222.100000000 -143.661649 83.973744 -128.401207 0.411436 0.093332 0.392190 0.817433
1222.800000000 -144.031619 84.222962 -127.284261 0.603739 0.177792 0.368148 0.684366
1223.000000000 -143.726786 83.911167 -127.308231 0.612826 0.180679 0.364808 0.677285
1223.100000000 -143.946967 84.186961 -127.658296 0.594743 0.173061 0.370416 0.692187
1223.200000000 -143.963792 84.233871 -127.805048 0.590078 0.170453 0.371403 0.696285
1223.400000000 -144.303317 84.655810 -128.170717 0.637318 0.193886 0.357322 0.654641
1223.500000000 -144.269390 84.670406 -128.299536 0.637823 0.194136 0.357402 0.654031
1223.700000000 -143.552876 84.185797 -128.636707 0.605299 0.173136 0.365260 0.685727
1223.800000000 -143.487911 84.160600 -128.778552 0.605923 0.172103 0.364676 0.685747
1224.300000000 -143.792470 84.761670 -129.337576 0.541725 0.132916 0.380436 0.737656
1224.500000000 -143.633231 84.691060 -129.564590 0.554220 0.138096 0.377190 0.729038
1224.700000000 -143.488955 84.648989 -129.673089 0.558135 0.140634 0.376429 0.725954
1224.800000000 -143.385190 84.630975 -129.758118 0.569401 0.145223 0.373611 0.717710
1225.500000000 -144.139635 85.398941 -129.702198 0.196538 0.019403 0.422496 0.884586
1225.600000000 -144.020180 85.302232 -129.561162 0.205908 0.022341 0.422267 0.882493
1225.900000000 -144.450239 85.750918 -129.251648 0.186496 0.018629 0.423710 0.886195
1226.100000000 -144.660490 85.973364 -129.038705 0.172838 0.012479 0.423655 0.889094
1226.200000000 -144.595019 85.931277 -128.867170 0.180937 0.014175 0.423491 0.887534
1227.000000000 -147.850784 83.757450 -127.219952 0.338704 -0.210711 0.325308 0.857354
1227.200000000 -147.538783 83.385473 -127.263149 0.346754 -0.209093 0.326185 0.854193
1227.300000000 -147.606677 83.571302 -127.258205 0.340128 -0.212518 0.324422 0.856679
1227.500000000 -147.910309 84.377223 -126.592494 0.345305 -0.229117 0.342296 0.843270
1227.700000000 -147.899149 85.128207 -126.674277 0.291872 -0.276979 0.354220 0.844169
1227.900000000 -149.910781 85.748325 -127.977227 0.091996 -0.114885 0.002178 0.989107
1228.000000000 -150.289687 86.009929 -127.612605 -0.002128 -0.153216 -0.275958 0.948877
1228.200000000 -151.182627 84.534485 -126.660752 -0.098804 -0.181744 -0.228013 0.951429
1228.400000000 -151.854990 83.074381 -126.861932 -0.074631 -0.185496 -0.226852 0.953184
1228.500000000 -151.848926 82.869997 -127.075619 -0.088508 -0.181335 -0.229276 0.952217
1228.700000000 -152.252834 81.832170 -127.072044 -0.090946 0.096522 -0.439905 0.888198
1228.800000000 -152.258649 81.833697 -126.922441 -0.157384 0.126357 -0.428766 0.880581
1229.000000000 -152.072287 81.930644 -126.292492 -0.174795 0.127003 -0.422605 0.880183
1229.300000000 -151.679697 82.274639 -126.246480 -0.309195 0.178270 -0.386471 0.850446
1229.600000000 -151.622399 82.530621 -126.780072 -0.512951 0.264787 -0.310916 0.755050
1230.200000000 -151.697146 82.792943 -126.596162 -0.665924 0.329383 -0.240433 0.624695
1230.300000000 -151.604376 82.988784 -127.109575 -0.670161 0.330277 -0.236468 0.621196
1230.400000000 -151.894138 82.772265 -127.037368 -0.701077 0.342038 -0.216685 0.586983
1230.500000000 -152.180646 82.540250 -126.422758 -0.602886 0.301436 -0.271331 0.687055
1230.600000000 -152.244166 82.537631 -126.587790 -0.612352 0.305751 -0.267246 0.678322
1230.800000000 -152.222154 82.579167 -125.853057 -0.595035 0.298622 -0.277004 0.692840
1231.500000000 -153.022897 81.905097 -124.273362 -0.724906 0.354457 -0.208550 0.552610
1231.600000000 -153.016236 82.000713 -124.591936 -0.723079 0.353251 -0.209117 0.555555
1231.700000000 -152.996132 82.064222 -124.712881 -0.724908 0.354025 -0.207969 0.553104
1231.800000000 -152.966880 82.109671 -124.591075 -0.729494 0.355603 -0.204878 0.547183
1231.900000000 -152.896976 82.205172 -124.620473 -0.729961 0.355914 -0.205045 0.546296
1232.000000000 -152.802937 82.311543 -124.610503 -0.727978 0.355201 -0.206796 0.548740
1232.100000000 -152.726875 82.421465 -124.598637 -0.724423 0.353514 -0.209293 0.553566
1232.300000000 -152.599723 82.562330 -124.245303 -0.734301 0.357329 -0.203327 0.540164
1233.100000000 -151.691952 83.612110 -123.461595 -0.579939 0.290715 -0.290292 0.703482
1233.300000000 -151.801184 83.612665 -123.469538 -0.669496 0.329155 -0.246107 0.618759
1233.400000000 -151.734965 83.723731 -123.515698 -0.664665 0.327096 -0.249421 0.623713
1233.700000000 -151.535386 84.045924 -123.540611 -0.665796 0.326855 -0.248793 0.622883
1234.100000000 -151.312857 84.461131 -123.477507 -0.664389 0.325522 -0.249763 0.624692
1234.400000000 -151.175265 84.781830 -123.473398 -0.665789 0.325474 -0.249439 0.623356
1234.500000000 -151.086721 84.892365 -123.433065 -0.667542 0.325623 -0.248757 0.621673
1234.600000000 -151.014496 85.020613 -123.434631 -0.668541 0.326881 -0.248617 0.619993
1234.700000000 -150.956428 85.154960 -123.439521 -0.664652 0.324382 -0.250350 0.624771
1235.200000000 -151.960827 84.683668 -123.789954 -0.724119 0.347793 -0.214395 0.555632
1235.300000000 -151.885790 84.803062 -123.818558 -0.742501 0.354932 -0.201793 0.531033
1235.400000000 -151.611622 85.114671 -123.757124 -0.725758 0.347628 -0.213461 0.553953
1235.700000000 -151.879276 85.056114 -123.763720 -0.732711 0.350204 -0.207399 0.545415
1235.800000000 -151.733191 85.234799 -123.636236 -0.669738 0.324225 -0.247068 0.620715
1235.900000000 -151.593974 85.385630 -123.506244 -0.668638 0.323739 -0.248191 0.621705
1236.000000000 -151.527262 85.549120 -123.554414 -0.673103 0.324976 -0.244734 0.617598
1236.600000000 -152.586091 85.040651 -124.030112 -0.694801 0.341574 -0.237464 0.586677
1236.700000000 -152.642688 85.088611 -124.140499 -0.750138 0.357913 -0.197117 0.519939
1236.800000000 -152.651310 85.136853 -124.134316 -0.729174 0.350319 -0.212725 0.548024
1236.900000000 -152.554804 85.285573 -124.178363 -0.725365 0.349159 -0.215820 0.552590
1237.000000000 -152.331560 85.542488 -124.164359 -0.732976 0.351620 -0.210063 0.543124
1237.200000000 -152.399976 85.596634 -124.221764 -0.735196 0.352704 -0.208644 0.539958
1237.500000000 -152.465423 85.688088 -124.219636 -0.730692 0.351011 -0.211831 0.545901
1238.400000000 -153.252863 85.404265 -124.909092 -0.694036 0.338174 -0.235606 0.590290
1238.500000000 -153.114871 85.563263 -124.948906 -0.706253 0.342936 -0.228148 0.575803
1238.700000000 -152.868796 85.890280 -125.133807 -0.702195 0.340829 -0.229467 0.581467
1238.900000000 -152.590784 86.202189 -125.222104 -0.707226 0.342805 -0.226174 0.575467
1239.100000000 -152.618780 86.216197 -125.267796 -0.728818 0.352187 -0.212179 0.547511
1239.300000000 -152.488685 86.396322 -125.312712 -0.697367 0.339413 -0.232395 0.586916
1240.500000000 -151.408419 86.402021 -126.118537 -0.536985 0.479949 -0.422082 0.550584
1240.600000000 -151.215120 86.488599 -126.191260 -0.559978 0.496261 -0.403193 0.526864
1240.900000000 -151.719434 86.285298 -126.302864 -0.710804 0.241278 -0.053762 0.658523
1241.000000000 -152.119527 87.098297 -126.498322 -0.640637 0.329521 -0.274178 0.637046
1241.100000000 -152.043694 86.857287 -126.696549 -0.657301 0.328445 -0.253197 0.629262
1241.200000000 -151.924151 86.900116 -126.592982 -0.638136 0.319965 -0.263958 0.648638
1241.300000000 -151.563230 87.233595 -126.421450 -0.695632 0.343922 -0.231841 0.586569
1241.400000000 -151.429451 87.305349 -126.400136 -0.694182 0.343393 -0.233165 0.588070
1241.800000000 -152.721724 86.818247 -126.719968 -0.744727 0.317858 -0.185255 0.556803
1241.900000000 -151.464268 86.336425 -127.009025 -0.551827 0.494561 -0.406571 0.534412
1242.400000000 -149.585829 84.073040 -127.890537 -0.220127 0.616351 -0.510408 0.557798
1242.600000000 -149.392938 84.024928 -127.943027 -0.142080 0.546072 -0.586670 0.580893
1242.700000000 -149.314328 83.940728 -127.879575 -0.140801 0.544462 -0.587887 0.581485
1242.900000000 -149.170540 83.774169 -127.774220 -0.142835 0.546404 -0.585990 0.581082
1243.000000000 -149.050720 83.651894 -127.679862 -0.141620 0.545229 -0.587067 0.581395
1243.100000000 -148.943439 83.607117 -127.712823 -0.141955 0.545606 -0.586601 0.581431
1243.200000000 -148.874774 83.508842 -127.633693 -0.140574 0.544074 -0.587877 0.581913
1243.300000000 -148.705373 83.420945 -127.623015 -0.140628 0.544335 -0.587701 0.581835
1243.900000000 -147.999606 82.878784 -127.467198 -0.152008 0.555431 -0.577707 0.578484
1244.000000000 -147.904367 82.775064 -127.432379 -0.149928 0.553185 -0.580094 0.578790
1244.300000000 -147.327137 82.148069 -126.840891 -0.084609 0.487113 -0.635302 0.593256
1244.400000000 -147.160964 81.986565 -126.733614 -0.081805 0.483891 -0.637461 0.593970
1245.200000000 -145.642614 80.739038 -126.666400 -0.226977 0.619322 -0.504538 0.557103
1245.300000000 -145.602760 80.641653 -126.644303 -0.226512 0.619035 -0.504725 0.557441
1245.500000000 -145.335502 80.463960 -126.735385 -0.226092 0.619349 -0.504889 0.557114
1245.600000000 -145.373481 80.368064 -126.692693 -0.232359 0.624026 -0.498448 0.555113
1246.300000000 -145.711247 79.960314 -126.714678 -0.110774 0.511577 -0.614662 0.590092
1246.700000000 -145.357534 79.252293 -126.334013 -0.011461 0.406416 -0.686948 0.602326
1247.300000000 -144.874297 78.257021 -126.007007 -0.114162 0.513852 -0.612780 0.589427
1247.500000000 -144.681561 77.929191 -125.889041 -0.115435 0.515683 -0.611802 0.588595
1247.600000000 -144.752759 78.112742 -126.299010 -0.111903 0.515439 -0.612505 0.588759
1247.700000000 -144.719558 78.030860 -126.367970 -0.112722 0.515107 -0.612654 0.588739
1247.900000000 -144.615059 77.895037 -126.502437 -0.111535 0.514929 -0.613210 0.588542
1248.000000000 -144.462723 77.683483 -126.416758 -0.111833 0.513631 -0.613686 0.589124
1248.100000000 -144.395561 77.515933 -126.309477 -0.114763 0.510835 -0.613652 0.591023
1248.300000000 -144.254124 77.280417 -126.260097 -0.122390 0.508261 -0.611661 0.593769
1248.600000000 -144.033117 76.972082 -126.190398 -0.122079 0.506461 -0.612290 0.594722
1248.700000000 -144.007878 76.892029 -126.183356 -0.123877 0.506652 -0.611771 0.594723
1248.800000000 -143.924555 76.805061 -126.146617 -0.124034 0.507740 -0.610928 0.594628
1248.900000000 -143.820981 76.661906 -126.069703 -0.123567 0.507398 -0.611823 0.594097
1249.000000000 -143.753184 76.588955 -126.046283 -0.123173 0.507836 -0.611636 0.593997
1249.300000000 -143.556863 76.367689 -125.951489 -0.122107 0.509454 -0.611505 0.592966
1249.400000000 -143.470977 76.278570 -125.871552 -0.122319 0.508077 -0.611629 0.593974
1249.600000000 -143.330733 76.167533 -125.791664 -0.122577 0.508690 -0.611415 0.593617
1250.300000000 -142.674380 75.908319 -125.650293 -0.061916 0.448560 -0.657693 0.601997
1250.400000000 -142.753883 75.805136 -125.379854 -0.121185 0.509331 -0.611907 0.592846
1250.700000000 -142.436264 75.581452 -124.997011 -0.128160 0.515059 -0.606610 0.591874
1250.900000000 -142.417801 75.686336 -125.097244 -0.120939 0.508484 -0.612445 0.593067
1251.600000000 -141.903598 75.743661 -124.765046 -0.061308 0.448096 -0.658243 0.601804
1251.800000000 -141.801036 75.734897 -124.590077 -0.119005 0.511100 -0.612556 0.591092
1251.900000000 -141.719240 75.759178 -124.552038 -0.119018 0.510345 -0.612602 0.591693
1252.100000000 -141.613727 75.824552 -124.409914 -0.059451 0.447124 -0.658815 0.602087
1252.500000000 -141.372699 75.898041 -124.180772 -0.117374 0.511335 -0.612608 0.591161
1253.400000000 -140.880533 75.962045 -123.433208 -0.185265 0.593382 -0.546697 0.560978
1253.700000000 -140.658954 76.161325 -123.540948 -0.109989 0.519453 -0.613583 0.584454
1253.900000000 -140.639820 76.124096 -123.248944 -0.051482 0.455340 -0.659072 0.596355
1254.000000000 -140.459905 76.163298 -123.362889 -0.110091 0.519516 -0.613623 0.584337
1254.100000000 -140.349201 76.123239 -123.285386 -0.109994 0.519060 -0.613810 0.584564
1254.200000000 -140.312003 76.135437 -123.243159 -0.110486 0.519068 -0.613631 0.584652
1254.400000000 -140.183929 76.101130 -123.119315 -0.110665 0.520080 -0.613132 0.584242
1254.900000000 -140.109484 75.946862 -122.614065 -0.050719 0.455076 -0.659682 0.595947
1255.000000000 -139.858294 76.040115 -122.908420 -0.111767 0.520378 -0.612370 0.584567
1255.100000000 -139.721612 75.982273 -122.821731 -0.111316 0.519640 -0.612838 0.584818
1255.400000000 -139.791461 75.731550 -122.281969 -0.050495 0.452620 -0.660595 0.596825
1255.500000000 -139.486488 75.827338 -122.614846 -0.111493 0.519469 -0.613016 0.584750
1255.700000000 -139.325543 75.818118 -122.746519 -0.194092 0.598335 -0.539490 0.559709
1255.800000000 -139.222069 75.670066 -122.464939 -0.111532 0.519302 -0.613023 0.584884
1256.200000000 -138.750957 74.850109 -120.689058 0.081297 0.224986 -0.752951 0.613056
1256.300000000 -138.786116 74.795945 -120.582568 0.082779 0.223832 -0.753301 0.612849
1256.400000000 -138.821513 74.708912 -120.422737 0.084536 0.220652 -0.754299 0.612535
1256.500000000 -138.852856 74.651285 -120.312624 0.084947 0.221308 -0.754134 0.612445
1256.700000000 -138.426354 74.978722 -121.661970 -0.032611 0.364475 -0.696559 0.617171
1256.800000000 -138.732213 74.900499 -121.239270 0.060152 0.249618 -0.745123 0.615520
1257.000000000 -139.101957 75.584311 -122.488532 0.098746 0.210205 -0.756969 0.610787
1257.300000000 -138.887296 75.362427 -122.304125 0.207855 0.075278 -0.782866 0.581593
1257.400000000 -139.431228 75.361153 -122.144825 0.120062 0.185018 -0.764649 0.605529
1258.200000000 -136.866662 75.558916 -121.671641 -0.358186 0.781928 -0.234033 0.453343
1258.300000000 -138.485773 75.651728 -121.164085 -0.432427 0.806663 -0.087346 0.393284
1258.500000000 -140.713741 77.875627 -118.519147 -0.014589 0.854951 -0.097159 0.509319
1258.600000000 -142.026298 78.824376 -117.988959 -0.030719 0.862916 -0.062131 0.500572
1259.000000000 -142.807293 79.716091 -117.340962 0.221941 0.926832 -0.261218 0.153262
1259.100000000 -143.080232 80.016348 -116.834451 0.253513 0.862925 -0.425996 0.098079
1259.200000000 -143.176416 79.761243 -116.915278 0.252501 0.866035 -0.419715 0.100331
1259.700000000 -141.512261 81.832035 -118.967589 0.190851 0.952532 -0.135497 0.194679
1260.000000000 -141.114855 83.179619 -119.146649 0.180397 0.957261 -0.087607 0.208408
1260.100000000 -141.124047 83.062913 -119.362214 0.179953 0.957472 -0.086884 0.208123
1260.900000000 -140.580703 82.834531 -120.033857 0.132471 0.971214 -0.117337 0.159457
1261.000000000 -140.774024 82.979086 -119.958658 0.292160 0.891580 -0.111819 0.327450
1261.100000000 -140.893317 82.930739 -120.001132 0.304474 0.874948 -0.115934 0.358219
1261.800000000 -140.826132 85.385116 -120.881545 0.284559 0.879347 0.376073 0.065906
1261.900000000 -140.859432 85.164739 -120.534456 0.046885 0.928167 0.340098 -0.143669
1262.000000000 -140.849351 85.265170 -120.580437 0.046407 0.928487 0.338779 -0.144866
1262.900000000 -137.511210 82.493923 -121.709309 0.445907 0.581574 -0.098689 0.673201
1263.200000000 -137.396394 82.320844 -121.625521 0.448296 0.581558 -0.101627 0.671188
1263.500000000 -137.350727 83.308323 -120.973973 0.231672 0.596848 0.081066 0.763890
1263.600000000 -137.427867 83.262595 -120.952263 0.246538 0.601137 0.071470 0.756799
1263.900000000 -136.685651 82.627460 -120.663138 0.039030 0.575568 0.229572 0.783897
1264.700000000 -135.556842 83.351339 -119.287650 -0.365393 0.362536 0.401599 0.757478
1264.900000000 -135.594731 83.438994 -119.064645 -0.361559 0.364405 0.400337 0.759088
1265.000000000 -135.591846 83.503175 -118.941230 -0.359621 0.365382 0.399441 0.760010
1265.100000000 -135.677826 83.491975 -118.885431 -0.357273 0.366920 0.398514 0.760863
1265.700000000 -135.662595 83.643919 -118.151410 -0.331925 0.382169 0.386292 0.771071
1265.800000000 -135.689703 83.713089 -118.034665 -0.330185 0.381791 0.385312 0.772495
1265.900000000 -135.718522 83.745062 -117.913532 -0.329958 0.383501 0.384864 0.771968
1266.400000000 -136.347628 85.112752 -118.345273 -0.553336 0.161736 0.659601 0.482273
1266.500000000 -136.443827 85.073267 -118.277457 -0.551905 0.164598 0.658317 0.484692
1266.600000000 -136.498522 85.122424 -118.180135 -0.549647 0.168142 0.657393 0.487290
1266.700000000 -136.517480 85.056972 -118.091214 -0.552316 0.164072 0.659120 0.483310
1267.500000000 -137.358289 85.380401 -117.955261 0.919059 0.006481 -0.320508 -0.229268
1267.600000000 -137.450562 85.300302 -117.947919 0.919289 0.006922 -0.320264 -0.228671
1268.000000000 -137.259095 83.875809 -116.937174 0.890177 0.001228 -0.356931 -0.283167
1268.100000000 -137.342583 83.730925 -116.869299 0.890365 0.000985 -0.356848 -0.282682
1268.300000000 -137.042800 83.480838 -117.464573 0.935916 -0.014460 -0.240161 -0.257244
1269.200000000 -136.728809 81.054384 -116.702015 0.432117 -0.286115 0.847957 0.111275
1270.100000000 -135.787054 80.439951 -116.440994 0.432550 -0.284028 0.848624 0.109848
1270.200000000 -135.786958 80.379529 -116.470594 0.432580 -0.284107 0.848587 0.109811
1270.500000000 -135.569535 80.155520 -116.375480 0.432158 -0.289742 0.846495 0.112849
1270.600000000 -135.507394 80.102921 -116.344138 0.432143 -0.289857 0.846454 0.112921
1270.700000000 -135.410860 80.034149 -116.290699 0.432347 -0.288691 0.846835 0.112264
1270.900000000 -135.219087 79.886429 -116.170565 0.432647 -0.289085 0.846542 0.112309
1271.000000000 -135.108467 79.801624 -116.095112 0.432757 -0.288402 0.846764 0.111966
1271.100000000 -135.040892 79.702643 -116.055435 0.433123 -0.287281 0.847043 0.111319
1271.400000000 -134.779427 79.495029 -115.858422 0.432770 -0.288934 0.846551 0.112155
1271.500000000 -134.669628 79.429108 -115.766981 0.432880 -0.288151 0.846815 0.111755
1271.600000000 -134.597994 79.375193 -115.712465 0.432649 -0.288332 0.846854 0.111884
1271.700000000 -134.498539 79.274995 -115.625026 0.432876 -0.287121 0.847227 0.111292
1271.800000000 -134.397868 79.207144 -115.539729 0.432960 -0.287399 0.847090 0.111292
1271.900000000 -134.243438 79.117551 -115.413000 0.433224 -0.285802 0.847622 0.110327
1272.000000000 -134.269357 79.048603 -115.402370 0.432538 -0.289448 0.846462 0.112399
1272.800000000 -135.491977 78.066993 -116.003872 0.420385 -0.367495 0.817466 0.141330
1272.900000000 -135.393499 78.028813 -115.968869 0.418278 -0.366047 0.818877 0.143155
1273.000000000 -135.299191 77.927034 -115.834856 0.418136 -0.362869 0.820317 0.143414
1273.100000000 -135.142813 77.708065 -115.641346 0.417747 -0.358909 0.822196 0.143752
1273.300000000 -135.169421 77.489646 -115.540268 0.416830 -0.361594 0.820897 0.147075
1273.400000000 -135.089646 77.374565 -115.418789 0.417095 -0.361295 0.820965 0.146675
1273.500000000 -135.027277 77.303456 -115.321062 0.417697 -0.361230 0.820767 0.146229
1274.300000000 -133.764932 77.953649 -113.857794 0.426571 -0.314243 0.839220 0.122470
1274.600000000 -134.474799 76.171364 -114.445867 0.417846 -0.361427 0.820706 0.145660
1274.700000000 -134.402964 76.061990 -114.334531 0.418148 -0.361695 0.820519 0.145183
1274.900000000 -134.341321 75.821183 -114.174129 0.417992 -0.361845 0.820347 0.146224
1275.100000000 -134.243317 75.661357 -113.977309 0.418308 -0.360878 0.820709 0.145678
1275.300000000 -134.123598 75.422665 -113.824222 0.417287 -0.361882 0.820694 0.146199
1275.600000000 -133.949332 75.112831 -113.540169 0.417846 -0.361825 0.820532 0.145655
1275.800000000 -133.892425 74.920917 -113.381050 0.418524 -0.361344 0.820394 0.145676
1276.100000000 -133.717026 74.627391 -113.115567 0.418446 -0.362252 0.820008 0.145818
1276.400000000 -133.531092 74.361173 -112.877239 0.417846 -0.361279 0.820900 0.144932
1276.500000000 -133.466801 74.295097 -112.788899 0.416761 -0.362232 0.820864 0.145879
1276.900000000 -132.326138 75.785623 -111.557630 0.428881 -0.317379 0.836740 0.123277
1277.000000000 -133.108396 73.765503 -112.411190 0.417151 -0.364121 0.819827 0.145894
1277.300000000 -132.959413 73.622017 -112.175181 0.418477 -0.355975 0.823327 0.142450
1277.400000000 -132.858252 73.454120 -112.130660 0.417699 -0.360369 0.821433 0.144605
1277.500000000 -132.775966 73.285118 -112.072539 0.417267 -0.360973 0.821276 0.145230
1278.100000000 -131.706199 74.955782 -111.071051 0.426103 -0.314934 0.839196 0.122489
1278.400000000 -132.086495 72.366968 -111.600544 0.416391 -0.362048 0.821036 0.146424
1278.500000000 -132.144313 72.319539 -111.653695 0.416502 -0.361419 0.821311 0.146121
1278.600000000 -131.869423 72.178789 -111.467251 0.416700 -0.362422 0.820782 0.146043
1279.400000000 -130.629871 73.829615 -110.575562 0.422101 -0.312932 0.841722 0.124129
1279.600000000 -131.119925 71.224793 -111.206410 0.415335 -0.362679 0.821236 0.146738
1279.700000000 -131.112623 71.175748 -111.235984 0.416304 -0.362372 0.820954 0.146327
1279.900000000 -130.983426 71.008793 -111.231465 0.415924 -0.363932 0.820224 0.147627
1280.100000000 -130.792732 70.843329 -111.196244 0.416189 -0.362348 0.821015 0.146375
1280.300000000 -130.749605 70.757818 -111.245767 0.414776 -0.362749 0.821307 0.147746
1280.400000000 -130.894682 70.818361 -111.416692 0.414360 -0.364588 0.820496 0.148892
1280.600000000 -130.720962 70.681496 -111.422937 0.415210 -0.364706 0.820155 0.148108
1281.200000000 -129.268484 72.473752 -110.310202 0.421820 -0.313627 0.841509 0.124772
1281.300000000 -130.032120 69.975579 -111.116297 0.413514 -0.366710 0.819629 0.150794
1281.500000000 -130.185833 69.942165 -111.287206 0.412936 -0.367605 0.819400 0.151443
1281.700000000 -130.064997 69.791432 -111.236943 0.413500 -0.367001 0.819407 0.151330
1281.800000000 -129.969242 69.707883 -111.177746 0.413808 -0.367276 0.819169 0.151106
1282.000000000 -129.872675 69.542794 -111.102265 0.412997 -0.367383 0.819390 0.151862
1282.700000000 -128.052100 71.077399 -109.406199 0.421147 -0.314837 0.841285 0.125509
1282.900000000 -129.304349 68.614985 -110.530479 0.413222 -0.367785 0.819062 0.152049
1283.500000000 -130.853625 65.561139 -111.427131 0.411621 -0.358273 0.825279 0.145338
1283.600000000 -130.728431 65.472708 -111.315362 0.411227 -0.358271 0.825496 0.145222
1283.700000000 -130.610842 65.343553 -111.183833 0.410612 -0.357371 0.826237 0.144969
1283.900000000 -130.526949 65.142260 -111.049463 0.411226 -0.357600 0.825852 0.144860
1284.200000000 -130.442928 64.853690 -110.830889 0.410740 -0.358597 0.825493 0.145819
1284.500000000 -130.270008 64.540270 -110.567744 0.412024 -0.358837 0.824887 0.145033
1284.600000000 -130.203036 64.418803 -110.441975 0.411584 -0.357288 0.825787 0.144981
1284.900000000 -130.054200 64.125295 -110.202751 0.410876 -0.359873 0.824891 0.145693
1285.000000000 -130.001302 64.016791 -110.120577 0.411095 -0.359386 0.825019 0.145556
1285.100000000 -129.924669 63.905705 -110.028216 0.412026 -0.359211 0.824755 0.144851
1285.300000000 -129.840497 63.683219 -109.849404 0.412018 -0.358670 0.824913 0.145315
1285.400000000 -129.792780 63.567480 -109.735425 0.412468 -0.358183 0.824783 0.145973
1285.600000000 -129.667759 63.367951 -109.575720 0.413866 -0.359230 0.823829 0.144825
1285.700000000 -129.600762 63.257933 -109.474292 0.413103 -0.358534 0.824478 0.145038
1285.800000000 -129.553727 63.160688 -109.386317 0.412979 -0.359251 0.824115 0.145676
1286.500000000 -129.298605 62.783776 -109.151070 0.412457 -0.332579 0.837481 0.133775
1286.700000000 -129.180634 62.613765 -108.951492 0.413008 -0.333063 0.837096 0.133278
1286.800000000 -129.165210 62.553194 -108.918541 0.408896 -0.359677 0.825655 0.147410
1286.900000000 -129.231552 62.449222 -108.963430 0.403988 -0.387977 0.812233 0.162927
1287.100000000 -131.033162 63.078918 -109.668061 -0.355735 0.634785 -0.612794 -0.308195
1287.200000000 -130.783613 62.579215 -109.532966 0.380522 -0.587918 0.660585 0.270523
1287.400000000 -131.281111 63.213833 -109.599887 0.417941 -0.443506 0.768191 0.196242
1287.600000000 -132.429100 64.619131 -109.911071 0.375592 -0.233775 0.895138 0.054852
1287.700000000 -132.326942 64.578651 -109.742650 0.371108 -0.228750 0.898455 0.052251
1288.400000000 -130.480621 63.764687 -111.070031 0.580473 0.021967 0.807406 0.103270
1288.900000000 -129.772221 62.893727 -110.705465 0.581895 0.039740 0.807275 0.090139
1289.200000000 -129.385133 63.608356 -110.818662 0.579159 0.023796 0.808452 0.102050
1289.300000000 -129.205335 63.269287 -110.703904 0.578166 0.028754 0.809160 0.100778
1289.500000000 -128.932101 63.506313 -110.749196 0.578775 0.028555 0.808839 0.099912
1289.700000000 -128.759827 63.355644 -110.775620 0.579410 0.034499 0.808565 0.096525
1290.100000000 -132.041527 63.226629 -108.917306 0.412597 -0.274990 0.861892 0.106243
1290.300000000 -132.693028 62.826373 -109.863778 0.437298 -0.079900 0.895757 -0.002263
1290.500000000 -132.378853 62.893872 -110.047667 0.439411 0.051126 0.893721 -0.074606
1290.800000000 -131.867541 62.864549 -109.879742 0.460797 -0.078469 0.884006 0.006524
1290.900000000 -131.928077 62.744650 -109.882466 0.446527 -0.092868 0.889904 0.007734
1291.200000000 -128.589180 62.476638 -113.336566 0.181423 0.015835 0.973100 -0.141110
1291.300000000 -128.931339 62.200913 -113.519475 0.236398 -0.052859 0.965418 -0.096385
1291.400000000 -129.326514 61.607350 -112.626839 0.620910 0.038469 0.775535 0.107408
1291.500000000 -128.302719 62.886315 -112.256483 0.644190 0.045743 0.762981 -0.028060
1291.800000000 -127.140632 62.192646 -108.428209 0.198774 -0.294921 0.919802 0.165756
1291.900000000 -126.321756 61.544846 -107.657433 0.234512 -0.497241 0.817602 0.171118
1292.000000000 -126.219015 61.387700 -107.676425 0.232543 -0.488056 0.824135 0.168898
1292.100000000 -126.026225 61.100275 -107.580244 0.231858 -0.498444 0.817057 0.173820
1292.300000000 -124.411668 60.076602 -105.679784 0.338320 -0.258999 0.902905 0.056757
1292.600000000 -123.594554 59.651401 -105.190344 0.335483 -0.253463 0.905577 0.056009
1292.900000000 -123.387888 59.664208 -105.482289 0.331671 -0.260659 0.904568 0.061708
1293.000000000 -123.323527 59.556536 -105.548136 0.333100 -0.262994 0.903281 0.062948
1293.100000000 -123.121407 59.503178 -105.497315 0.330694 -0.258975 0.905387 0.062035
1293.500000000 -122.471998 58.914715 -106.580191 0.325302 -0.396198 0.841154 0.172238
1293.600000000 -122.343227 58.974816 -106.592753 0.314809 -0.479028 0.793774 0.203349
1293.700000000 -122.737584 59.837695 -106.723030 0.203835 -0.556541 0.786710 -0.172632
1293.800000000 -122.650640 59.843681 -106.827061 0.205371 -0.560071 0.783985 -0.171787
1293.900000000 -122.575689 59.894535 -106.855128 0.207406 -0.569993 0.776894 -0.168899
1294.300000000 -122.565135 60.033928 -107.026957 -0.177679 0.694062 -0.652647 -0.246495
1294.400000000 -122.541887 60.084563 -106.838185 0.222488 -0.523217 0.802195 0.182277
1294.500000000 -122.418484 59.541187 -106.832261 0.215798 -0.545920 0.785137 0.197390
1294.800000000 -121.551607 59.617983 -107.866506 0.562862 -0.500246 0.647766 -0.115498
1294.900000000 -121.345476 59.605543 -108.015385 0.552447 -0.457423 0.679641 -0.153801
1295.000000000 -121.227330 59.531713 -108.130788 0.551442 -0.453876 0.682172 -0.156682
1295.100000000 -121.131468 59.499118 -108.195354 0.549882 -0.449903 0.685317 -0.159871
1295.300000000 -120.856506 59.503163 -108.241287 0.549731 -0.450382 0.685250 -0.159325
1295.400000000 -120.713401 59.465383 -108.288714 0.549131 -0.448449 0.686628 -0.160905
1295.500000000 -120.521493 59.427405 -108.306189 0.548793 -0.446847 0.687591 -0.162394
1295.600000000 -120.359273 59.436333 -108.309426 0.550355 -0.450852 0.684372 -0.159618
1295.700000000 -120.190446 59.398533 -108.339588 0.550384 -0.449623 0.684896 -0.160732
1295.900000000 -119.962770 59.324462 -108.447824 0.549504 -0.450343 0.685335 -0.159851
1296.000000000 -119.842848 59.299720 -108.480374 0.549608 -0.450472 0.685136 -0.159980
1297.300000000 -119.676444 61.253745 -106.184774 0.591169 -0.394423 0.509298 -0.485351
1297.400000000 -119.576377 61.253187 -106.209621 0.589765 -0.393073 0.510134 -0.487273
1297.700000000 -119.969534 61.092146 -106.266503 0.756413 -0.128285 0.503696 -0.397080
1298.000000000 -119.282820 61.682920 -106.098725 0.761663 -0.132284 0.501035 -0.389018
1298.100000000 -119.287148 61.608086 -106.108387 0.761696 -0.132903 0.501262 -0.388448
1298.200000000 -119.171332 61.516409 -106.227818 0.758844 -0.130645 0.502545 -0.393110
1298.300000000 -119.029444 61.548735 -106.244574 0.757520 -0.129481 0.502930 -0.395550
1298.700000000 -120.489626 61.507281 -108.093834 -0.774595 0.213849 -0.022587 0.594779
1298.800000000 -120.348489 61.642957 -108.051677 -0.773465 0.213930 -0.022800 0.596210
1299.100000000 -120.259724 60.573669 -106.412355 0.918337 -0.131965 0.153796 -0.339983
1299.400000000 -119.303963 62.213734 -104.720366 0.710790 -0.088881 0.513325 -0.472627
1299.500000000 -119.020988 62.376264 -104.653802 0.707938 -0.087031 0.514026 -0.476473
1299.800000000 -119.151553 59.479002 -103.319923 0.865222 -0.223547 0.004319 -0.448776
1300.000000000 -119.005104 60.379908 -104.175693 -0.755926 0.230666 -0.045521 0.610980
1300.100000000 -118.861893 60.580688 -104.254930 -0.716978 0.230979 -0.059127 0.655054
1300.400000000 -118.763274 62.073979 -105.641702 -0.736605 0.084103 -0.207045 0.638335
1300.500000000 -118.794151 61.166179 -105.603163 -0.800825 0.096016 -0.196846 0.557415
1300.600000000 -118.726501 61.061773 -105.506214 -0.789259 0.091312 -0.196076 0.574705
1300.800000000 -118.027402 59.830254 -105.798846 -0.820140 0.001610 -0.152141 0.551562
1300.900000000 -117.893576 59.488505 -105.982921 -0.836219 0.007435 -0.151850 0.526901
1301.000000000 -117.817965 59.387567 -106.048439 -0.835726 0.008448 -0.152132 0.527586
1301.100000000 -117.648825 59.395079 -106.231749 -0.834623 0.009131 -0.153422 0.528945
1301.200000000 -117.548079 59.338916 -106.259722 -0.833904 0.010306 -0.154221 0.529824
1301.400000000 -117.303933 59.218636 -105.914083 0.812501 -0.047821 0.299514 -0.497842
1301.500000000 -117.032527 59.597678 -105.861314 0.814912 -0.050732 0.299580 -0.493555
1301.700000000 -117.556528 59.134901 -106.166963 0.858190 0.030102 0.239837 -0.452860
1301.800000000 -117.069618 60.557705 -105.500000 -0.749738 0.230450 -0.049074 0.618367
1302.000000000 -116.413502 61.883482 -104.741341 -0.680138 0.241108 -0.116962 0.682349
1302.400000000 -115.881043 62.711062 -104.683387 -0.740165 -0.114452 0.212693 0.627549
1302.500000000 -116.046794 61.678393 -105.434096 -0.761094 0.240999 -0.097103 0.594328
1303.100000000 -120.166192 59.515190 -105.176495 -0.530458 0.673668 -0.396352 0.328162
1303.400000000 -122.839455 59.731510 -104.885123 -0.499915 0.629358 -0.451617 0.387343
1303.600000000 -122.540563 59.534317 -104.807428 -0.502859 0.634128 -0.446323 0.381851
1304.000000000 -122.147053 59.245186 -105.745671 -0.503714 0.636632 -0.444059 0.379188
1305.300000000 -121.497378 58.643029 -106.796185 -0.509170 0.642747 -0.435635 0.371273
1305.400000000 -121.389332 58.618011 -106.846165 -0.509967 0.645300 -0.433548 0.368182
1306.000000000 -121.676421 59.149824 -107.431865 -0.646253 0.659211 -0.275669 0.267963
1306.100000000 -121.644661 59.161601 -107.456153 -0.614685 0.627906 -0.347020 0.327831
1306.700000000 -122.791821 56.435925 -107.732378 0.480009 0.868399 -0.105976 -0.065137
1307.000000000 -124.064293 56.595626 -106.772483 0.683574 0.685653 -0.146072 -0.203147
1307.100000000 -124.008616 56.566281 -106.810132 0.681747 0.687344 -0.146640 -0.203166
1307.400000000 -124.413621 56.469567 -107.396259 0.669080 0.693094 -0.158645 -0.216297
1307.900000000 -125.428608 56.234821 -107.536857 0.680497 0.703563 -0.111992 -0.171408
1308.000000000 -125.634896 56.193905 -107.752056 0.682408 0.705764 -0.102212 -0.160526
1308.200000000 -126.135360 56.080746 -107.974229 0.698043 0.713654 0.009322 -0.057856
1308.700000000 -126.631268 56.038160 -109.303377 0.674094 0.706504 0.191085 0.099684
1308.900000000 -126.401344 56.008708 -110.413910 0.679695 0.710581 0.167740 0.070372
1309.100000000 -126.313191 55.741401 -110.881640 0.623230 0.728181 0.221719 0.179380
1309.200000000 -126.237144 55.668249 -110.812037 0.626972 0.733208 0.209477 0.159472
1309.300000000 -126.931015 55.527887 -110.347134 0.596002 0.702492 0.305290 0.241006
1309.500000000 -128.065109 56.196513 -109.061094 0.634924 0.627035 0.381910 0.240508
1309.700000000 -126.815361 56.033459 -108.939746 0.612548 0.718757 0.246036 0.218265
1310.000000000 -126.225546 56.087273 -109.521106 0.582401 0.735448 0.309309 0.155736
1310.100000000 -127.482744 55.902150 -109.106551 0.638068 0.625795 0.379272 0.239589
1310.500000000 -127.132529 55.713199 -108.939366 0.654237 0.649438 0.319210 0.219794
1311.000000000 -128.128868 55.667664 -108.821795 0.468913 0.659971 0.511869 0.287313
1311.100000000 -127.609271 55.634596 -108.778144 0.604940 0.604149 0.439422 0.275608
1311.400000000 -126.838941 55.943139 -108.788116 0.589328 0.588090 0.539487 0.125683
1311.500000000 -126.666887 55.950213 -108.723828 0.590559 0.589984 0.535840 0.126629
1311.600000000 -126.602078 55.914224 -108.631999 0.589274 0.590158 0.537109 0.126429
1311.800000000 -126.173511 55.333806 -108.479182 0.652143 0.609611 0.353564 0.279422
1311.900000000 -125.010599 56.906057 -109.300330 0.498871 0.743192 0.445673 0.012991
1312.000000000 -125.026157 57.581602 -108.956159 0.386182 0.779308 0.490357 -0.055604
1312.100000000 -124.725497 57.096041 -109.279040 0.519695 0.730866 0.438473 0.059110
1312.900000000 -125.079295 54.931969 -111.234740 0.586217 0.780284 0.216462 -0.025514
1313.000000000 -125.041304 54.914207 -111.279600 0.586691 0.780429 0.214657 -0.025435
1313.200000000 -124.923683 54.908574 -111.195098 0.587400 0.779285 0.216751 -0.026376
1313.500000000 -124.689229 54.869549 -110.996558 0.588534 0.777391 0.220662 -0.024460
1313.700000000 -124.620104 54.823250 -110.882449 0.588837 0.775217 0.227422 -0.024254
1313.900000000 -124.455045 54.859366 -110.827043 0.589970 0.775158 0.224987 -0.021117
1314.100000000 -124.349213 54.880141 -110.823295 0.590319 0.776157 0.220406 -0.022907
1314.700000000 -124.009567 54.926449 -110.520440 0.590121 0.776251 0.219130 -0.034258
1314.900000000 -123.943183 54.944823 -110.504036 0.589485 0.776123 0.221056 -0.035710
1315.300000000 -123.773689 54.873791 -109.908070 0.590720 0.774562 0.223811 -0.031814
1315.400000000 -123.780024 54.872374 -109.882889 0.590748 0.773879 0.226022 -0.032290
1315.500000000 -123.765192 54.889327 -109.860403 0.590737 0.773679 0.226755 -0.032148
1315.600000000 -123.731271 54.867894 -109.724235 0.590718 0.773365 0.227970 -0.031446
1315.900000000 -123.655549 54.912200 -109.668322 0.590567 0.774227 0.224547 -0.037170
1316.900000000 -123.619639 54.951008 -108.845754 0.590480 0.774541 0.224088 -0.034700
1317.000000000 -123.678134 54.930279 -108.687298 0.590852 0.773705 0.226449 -0.031547
1317.100000000 -123.673241 54.889020 -108.419203 0.590965 0.773108 0.228563 -0.028708
1318.100000000 -123.871526 54.893132 -107.625758 0.589870 0.774276 0.227406 -0.028918
1318.200000000 -123.949336 54.878558 -107.572026 0.589755 0.773969 0.228780 -0.028631
1318.800000000 -124.152641 54.852679 -107.143805 0.589223 0.774593 0.227851 -0.030092
1319.000000000 -124.262770 54.824780 -107.043497 0.588824 0.774404 0.229654 -0.029049
1319.100000000 -124.351897 54.801073 -106.944538 0.588592 0.774057 0.231636 -0.027218
1319.900000000 -124.508805 54.789932 -106.193754 0.587374 0.778923 0.215999 -0.040196
1320.000000000 -124.589516 54.736329 -106.152134 0.586907 0.778460 0.219163 -0.038826
1320.100000000 -124.672737 54.695403 -106.009326 0.587023 0.777807 0.221652 -0.035922
1320.600000000 -125.163962 54.479795 -105.501699 0.586168 0.774794 0.235620 -0.024196
1320.700000000 -125.032562 54.493222 -105.357045 0.586147 0.776877 0.228030 -0.029948
1320.900000000 -125.192054 54.424178 -105.194953 0.585908 0.776561 0.230088 -0.026928
1321.000000000 -125.276919 54.395012 -105.128564 0.585736 0.775840 0.233136 -0.025172
1322.000000000 -126.901037 53.579460 -104.093998 0.578537 0.799603 0.126718 -0.099356
1322.300000000 -126.586652 53.654640 -104.019123 0.580637 0.794006 0.164969 -0.072110
1322.500000000 -126.283732 53.697880 -104.070701 0.582571 0.778675 0.231487 -0.026268
1322.800000000 -126.272194 53.467859 -103.650961 0.582179 0.778394 0.233646 -0.024092
1323.200000000 -126.963679 53.034739 -103.338168 0.579629 0.794281 0.169152 -0.067348
1323.500000000 -127.217563 52.768734 -103.085943 0.577798 0.795928 0.164678 -0.074353
1324.600000000 -127.351267 51.670974 -102.343081 0.558277 0.716401 0.413547 0.063833
1325.400000000 -127.473384 51.113780 -103.274470 0.568741 0.761166 0.311331 -0.015281
1325.600000000 -127.546422 50.847830 -103.166431 0.569135 0.760585 0.312040 -0.015066
1326.200000000 -127.536200 50.214447 -102.938501 0.566268 0.745287 0.351597 0.016343
1326.600000000 -128.374604 49.785053 -104.055148 0.567489 0.802440 0.123344 -0.137229
1326.700000000 -128.230939 49.664290 -103.894785 0.572591 0.790682 0.201432 -0.079918
1326.900000000 -127.731497 49.764058 -104.208969 0.571451 0.772950 0.273873 -0.031394
1327.000000000 -128.337368 49.274181 -103.831548 0.572529 0.789829 0.205497 -0.078429
1327.300000000 -128.103139 49.229834 -104.528303 0.561714 0.806568 0.084756 -0.163529
1327.600000000 -128.767604 48.807366 -104.782943 0.568399 0.801394 0.138763 -0.124238
1329.000000000 -129.060818 49.120533 -105.926214 0.536230 0.705438 0.439612 0.146819
1329.400000000 -128.833217 49.207315 -106.789477 0.535118 0.705132 0.440338 0.150134
1329.500000000 -128.563765 49.508569 -107.717431 0.533309 0.703559 0.443620 0.154234
1329.700000000 -128.357552 47.409053 -107.501231 0.665731 0.567458 0.193160 0.444391
1329.800000000 -126.154876 44.563870 -109.203417 0.601184 0.650227 -0.033881 0.463288
1330.000000000 -126.420042 43.350286 -110.419745 0.529221 0.612553 0.005153 0.587093
1330.100000000 -126.466853 43.337471 -110.405854 0.528539 0.612515 0.005804 0.587740
1330.900000000 -125.808979 45.044402 -109.545225 0.467339 -0.322306 -0.514790 0.642420
1331.100000000 -125.812920 44.990596 -109.667777 0.467055 -0.322595 -0.514593 0.642640
1331.200000000 -125.725962 44.986761 -109.744224 0.465606 -0.321813 -0.515225 0.643576
1331.300000000 -125.572394 44.987891 -109.791993 0.464550 -0.321578 -0.515619 0.644141
1331.400000000 -125.269896 45.015836 -109.775757 0.467740 -0.323867 -0.514072 0.641918
1331.600000000 -124.954164 44.991486 -109.822910 0.468123 -0.323485 -0.513745 0.642094
1331.900000000 -124.552507 44.911628 -109.927565 0.465826 -0.322203 -0.514731 0.643618
1332.100000000 -124.245530 44.863891 -110.008016 0.466685 -0.322991 -0.513581 0.643519
1332.800000000 -123.192762 44.474633 -110.296259 0.465194 -0.323327 -0.513907 0.644169
1333.000000000 -122.867266 44.327052 -110.370166 0.466016 -0.323945 -0.513783 0.643363
1333.100000000 -122.732162 44.250909 -110.428314 0.465465 -0.323535 -0.513683 0.644048
1334.600000000 -120.271511 42.931841 -111.158392 0.465919 -0.321269 -0.512776 0.645574
1334.700000000 -120.113570 42.830972 -111.204513 0.466774 -0.322926 -0.512398 0.644429
1334.800000000 -119.951795 42.761420 -111.267440 0.466032 -0.321639 -0.512909 0.645203
1335.200000000 -119.324812 42.402457 -111.480633 0.466964 -0.323500 -0.511855 0.644436
1335.300000000 -119.171115 42.327707 -111.545868 0.466068 -0.322819 -0.511917 0.645376
1335.400000000 -119.026917 42.212969 -111.589901 0.467503 -0.323757 -0.511799 0.643960
1335.500000000 -118.880133 42.134076 -111.644849 0.467556 -0.323901 -0.511604 0.644004
1336.000000000 -118.365456 41.657275 -111.959435 0.469655 -0.323752 -0.509880 0.643919
1336.100000000 -118.138807 41.584906 -112.009560 0.468662 -0.323685 -0.511188 0.643639
1336.200000000 -118.058254 41.515796 -112.079223 0.469223 -0.324145 -0.509746 0.644142
1336.600000000 -117.622352 41.198515 -112.318415 0.471545 -0.327786 -0.508614 0.641493
1336.900000000 -117.539339 40.967992 -112.521360 0.474108 -0.326317 -0.505222 0.643031
1337.000000000 -117.537832 40.861829 -112.593091 0.473260 -0.331142 -0.505301 0.641124
1337.200000000 -118.009911 40.564622 -112.789982 0.470163 -0.325017 -0.505251 0.646554
1338.000000000 -119.875877 39.759053 -113.400366 0.473322 -0.308505 -0.506675 0.651208
1338.700000000 -120.387307 39.434273 -113.886578 0.473820 -0.307437 -0.504020 0.653407
1339.100000000 -119.934130 39.481434 -114.130049 0.482162 -0.311373 -0.499307 0.649045
1339.300000000 -119.753658 39.514423 -114.226525 0.487242 -0.312148 -0.495637 0.647690
1339.400000000 -119.592201 39.552604 -114.292713 0.490725 -0.314001 -0.493119 0.646085
1339.900000000 -119.729781 39.578582 -114.169197 0.420402 -0.261356 -0.528941 0.689331
1340.500000000 -119.066090 39.936747 -114.676523 0.414754 -0.253726 -0.529831 0.694897
1340.800000000 -118.015614 40.221799 -114.791165 0.506193 -0.324971 -0.485240 0.634590
1340.900000000 -117.989508 40.248447 -114.786435 0.513805 -0.331233 -0.481450 0.628088
1341.000000000 -118.378626 40.277739 -114.911350 0.411222 -0.245908 -0.532781 0.697546
1341.600000000 -119.373114 40.355821 -116.798355 0.243121 -0.093821 -0.593837 0.761215
1343.300000000 -123.054340 40.934048 -121.034629 0.456452 -0.242250 -0.522104 0.678509
1343.400000000 -122.858722 41.111573 -120.908231 0.461741 -0.235423 -0.514018 0.683488
1343.500000000 -123.630744 41.033388 -120.660319 0.496916 -0.265849 -0.495038 0.661314
1343.600000000 -123.765729 41.145680 -120.513076 0.499086 -0.273065 -0.491741 0.659196
1343.700000000 -124.627138 41.054116 -120.996679 0.526536 -0.302885 -0.476914 0.635275
1343.900000000 -125.959785 41.057998 -122.571907 0.583830 -0.381408 -0.431454 0.572292
1344.700000000 -126.786695 38.314180 -126.306812 0.755264 -0.490819 -0.275536 0.335787
1344.800000000 -126.766925 38.349762 -125.999546 0.754660 -0.490478 -0.276096 0.337182
1344.900000000 -126.964185 38.315676 -126.069540 0.765803 -0.501951 -0.254074 0.311507
1345.500000000 -126.633485 39.189582 -131.093154 -0.263568 0.946856 0.164784 -0.082709
1345.600000000 -126.603893 39.255798 -130.843860 -0.262786 0.946814 0.165920 -0.083406
1345.800000000 -126.528004 39.292141 -130.361929 -0.262016 0.946312 0.168957 -0.085409
1346.000000000 -126.438446 39.297406 -129.975609 -0.261515 0.946860 0.165602 -0.087416
1346.300000000 -126.323211 39.228146 -129.870552 -0.260729 0.945930 0.171465 -0.088524
1346.400000000 -126.220478 39.080835 -129.875674 -0.262224 0.946775 0.165046 -0.087264
1346.700000000 -126.079041 38.995898 -129.504213 -0.262389 0.946868 0.164273 -0.087223
1347.600000000 -125.613110 38.959729 -128.388380 -0.317525 0.920392 0.224486 0.040767
1347.800000000 -125.347258 38.857411 -127.649282 -0.294688 0.932968 0.199901 -0.052634
1348.200000000 -123.181533 37.276512 -128.523665 -0.289063 -0.705623 0.388593 0.517238
1348.400000000 -121.747891 34.454296 -128.779437 -0.384328 -0.474531 0.689268 0.389900
1348.600000000 -121.136108 34.329027 -129.418961 -0.224652 -0.479859 0.654622 0.539201
1348.700000000 -121.980249 34.574831 -130.131570 -0.325980 -0.398198 0.417296 0.749026
1348.800000000 -121.481182 33.163199 -130.034724 -0.296582 -0.406471 0.172685 0.846759
1349.400000000 -120.270925 33.041701 -136.294906 0.063156 0.280188 0.895464 -0.340074
1349.700000000 -118.150112 33.685449 -136.888084 -0.247557 0.003930 0.965213 0.084046
1349.800000000 -118.547805 33.822593 -136.450278 -0.219000 -0.012874 0.953493 0.206700
1350.000000000 -118.472816 34.064749 -136.625070 -0.175876 -0.372410 0.905732 0.100140
1350.100000000 -118.580665 34.110866 -136.308423 -0.175837 -0.377483 0.903825 0.098428
1350.200000000 -118.609894 34.195150 -136.194701 -0.176466 -0.378141 0.903487 0.097879
1350.400000000 -117.897781 34.814987 -137.683399 -0.180819 -0.376471 0.903109 0.099837
1350.700000000 -116.559532 35.657595 -139.231807 -0.216977 -0.374283 0.895509 0.104383
1351.000000000 -116.492845 35.994911 -139.455869 -0.211742 -0.375440 0.896327 0.103960
1351.100000000 -116.392225 36.188151 -139.471247 -0.215506 -0.379413 0.893836 0.103247
1351.500000000 -115.089454 36.427014 -139.397972 -0.505935 -0.474725 0.719689 0.026713
1351.600000000 -115.011851 36.538588 -139.338076 -0.506199 -0.476199 0.718582 0.025248
1351.700000000 -114.914996 36.636603 -139.342709 -0.506548 -0.476083 0.718395 0.025732
1351.900000000 -114.679370 36.822568 -139.388856 -0.506292 -0.476159 0.718521 0.025848
1352.000000000 -114.570225 36.857934 -139.432134 -0.505557 -0.475526 0.719452 0.026001
1352.100000000 -114.411402 36.885508 -139.506098 -0.505415 -0.474594 0.720148 0.026506
1352.200000000 -114.258824 36.894826 -139.604645 -0.505041 -0.472228 0.721901 0.028159
1352.300000000 -114.138462 36.937203 -139.649564 -0.504173 -0.471268 0.723111 0.028766
1353.100000000 -115.040801 37.535351 -138.678153 -0.544705 -0.244179 0.700163 -0.391719
1353.300000000 -114.478735 37.641358 -138.702774 -0.546791 -0.238282 0.702866 -0.387583
1353.400000000 -114.390778 37.689165 -138.697184 -0.545931 -0.239705 0.702658 -0.388295
1353.500000000 -114.396869 37.874240 -138.714549 -0.545277 -0.243230 0.701032 -0.389957
1353.600000000 -114.300203 38.053721 -138.751619 -0.545186 -0.244001 0.700528 -0.390506
1353.800000000 -114.248317 38.343949 -138.772812 -0.546721 -0.243136 0.699654 -0.390468
1353.900000000 -114.202930 38.396986 -138.758917 -0.546434 -0.242898 0.700012 -0.390376
1354.400000000 -113.882286 38.978688 -138.752603 -0.546760 -0.243079 0.699594 -0.390556
1354.700000000 -113.564402 39.414191 -138.774867 -0.547237 -0.242681 0.699686 -0.389971
1354.800000000 -113.484674 39.509534 -138.758513 -0.547568 -0.243057 0.699166 -0.390204
1354.900000000 -113.368792 39.667203 -138.772354 -0.547387 -0.244076 0.698765 -0.390541
1355.000000000 -113.308647 39.795059 -138.774352 -0.546943 -0.243632 0.699339 -0.390412
1355.400000000 -112.968923 40.275370 -138.777823 -0.547952 -0.243090 0.698987 -0.389966
1355.600000000 -112.851448 40.468297 -138.751003 -0.547346 -0.243986 0.698886 -0.390437
1355.800000000 -112.641836 40.771357 -138.759200 -0.548285 -0.242508 0.699015 -0.389809
1355.900000000 -112.491777 40.790228 -138.752151 -0.548057 -0.242062 0.699720 -0.389143
1356.200000000 -112.287484 41.209209 -138.771439 -0.547002 -0.243149 0.699637 -0.390098
1356.500000000 -112.061288 41.569984 -138.785384 -0.546386 -0.242747 0.700432 -0.389785
1356.700000000 -111.882233 41.840648 -138.783942 -0.548058 -0.242755 0.699151 -0.389731
1356.800000000 -111.723915 41.953625 -138.798931 -0.546582 -0.243789 0.699489 -0.390551
1356.900000000 -111.685448 42.064574 -138.808888 -0.546476 -0.244026 0.699497 -0.390537
1357.300000000 -111.409050 42.542275 -138.827983 -0.546783 -0.243355 0.699694 -0.390173
1357.400000000 -111.266964 42.690492 -138.844768 -0.546913 -0.243200 0.699699 -0.390078
1357.600000000 -111.158673 42.922810 -138.845331 -0.547322 -0.242371 0.699851 -0.389749
1357.700000000 -110.996753 43.070441 -138.878640 -0.545932 -0.244853 0.699059 -0.391563
1357.900000000 -110.946868 43.227885 -138.873223 -0.548066 -0.241172 0.700330 -0.388584
1358.000000000 -110.679054 43.453232 -138.938529 -0.544911 -0.245924 0.698931 -0.392542
1358.100000000 -110.704299 43.543924 -138.925790 -0.546103 -0.242203 0.700580 -0.390252
1358.200000000 -110.638359 43.625609 -138.931489 -0.546074 -0.242423 0.700561 -0.390190
1358.500000000 -110.411649 43.970329 -138.989434 -0.547120 -0.242232 0.700251 -0.389401
1358.700000000 -110.278660 44.189469 -139.020630 -0.546958 -0.243196 0.699794 -0.389846
1359.200000000 -109.871415 44.743379 -139.125389 -0.547619 -0.242170 0.699838 -0.389479
1359.500000000 -109.594332 45.113135 -139.216267 -0.547297 -0.243506 0.699138 -0.390353
1359.600000000 -109.437687 45.258397 -139.267596 -0.546063 -0.245304 0.698655 -0.391818
1359.700000000 -109.470342 45.303929 -139.269400 -0.548211 -0.240918 0.700255 -0.388672
1359.800000000 -109.365849 45.437158 -139.318666 -0.546686 -0.243828 0.699297 -0.390724
1359.900000000 -109.265856 45.560499 -139.354268 -0.547232 -0.243080 0.699546 -0.389981
1360.000000000 -109.232534 45.640786 -139.390160 -0.547382 -0.242911 0.699633 -0.389719
1360.200000000 -109.008786 45.901200 -139.476874 -0.546642 -0.243799 0.699312 -0.390779
1360.800000000 -108.830399 46.358952 -139.710470 -0.551413 -0.235498 0.701888 -0.384496
1361.000000000 -108.638965 46.549963 -139.844180 -0.551035 -0.235508 0.702192 -0.384478
1361.100000000 -108.526831 46.680600 -139.916142 -0.551116 -0.236419 0.701667 -0.384762
1361.200000000 -108.491034 46.750071 -139.979311 -0.551205 -0.235885 0.701957 -0.384432
1361.300000000 -108.396648 46.859026 -140.052020 -0.551224 -0.235582 0.702152 -0.384234
1361.400000000 -108.296395 46.970099 -140.136296 -0.550615 -0.235936 0.702294 -0.384630
1361.500000000 -108.236017 47.049681 -140.204016 -0.550634 -0.235692 0.702304 -0.384735
1361.600000000 -108.170609 47.137985 -140.277338 -0.551076 -0.236102 0.701907 -0.384575
1362.000000000 -107.822286 47.523523 -140.667050 -0.550621 -0.235687 0.702674 -0.384080
1362.100000000 -107.747824 47.600713 -140.766623 -0.550588 -0.235687 0.702776 -0.383940
1362.200000000 -107.585965 47.749693 -140.904077 -0.550060 -0.237325 0.702160 -0.384815
1362.400000000 -107.522665 47.889598 -141.081685 -0.550389 -0.236609 0.702147 -0.384810
1362.600000000 -107.327421 48.082030 -141.316056 -0.550365 -0.237292 0.701810 -0.385038
1363.400000000 -109.337438 48.610384 -141.914771 -0.427781 -0.352047 0.790131 -0.262219
1363.600000000 -109.416514 49.231452 -141.875794 -0.466071 -0.364468 0.637999 -0.492846
1363.700000000 -109.401606 49.422901 -142.057144 -0.467762 -0.363591 0.637716 -0.492259
1363.900000000 -109.264371 49.295691 -142.337244 0.457891 0.383739 -0.625396 0.501956
1364.000000000 -109.112112 47.130966 -142.006995 -0.566544 -0.221653 0.699111 -0.375688
1364.100000000 -109.164075 47.756871 -142.297607 -0.547338 -0.262057 0.683897 -0.405008
1364.300000000 -108.075089 49.427862 -143.335996 -0.347880 -0.316116 0.794096 -0.385307
1364.400000000 -108.908230 50.248833 -143.157653 -0.472454 -0.366615 0.635498 -0.488387
1364.500000000 -108.336429 50.695497 -143.525102 -0.481404 -0.359312 0.639774 -0.479411
1364.600000000 -108.695795 48.441805 -142.993479 -0.545970 -0.260969 0.684728 -0.406153
1365.000000000 -109.209476 48.353672 -142.842289 -0.390593 -0.227226 0.823191 -0.343747
1365.100000000 -109.067934 48.176628 -143.459049 -0.555716 -0.251497 0.686473 -0.395833
1365.300000000 -108.844718 48.828548 -143.874928 -0.567039 -0.225777 0.696115 -0.378041
1365.400000000 -108.957467 50.694617 -144.397193 -0.466759 -0.380091 0.626687 -0.494904
1365.700000000 -108.182966 50.704476 -145.569430 -0.368289 -0.289618 0.801658 -0.371254
1365.800000000 -108.962196 51.556528 -144.966475 -0.484129 -0.342143 0.650887 -0.474239
1365.900000000 -106.972042 52.330928 -145.493925 0.418278 0.416516 -0.608800 0.530020
1366.600000000 -103.300092 55.742157 -152.046270 -0.350070 -0.548123 0.653793 -0.386740
1366.700000000 -103.397078 55.779270 -152.056875 -0.347714 -0.549660 0.652627 -0.388648
1366.800000000 -103.347758 55.960943 -152.183068 -0.346964 -0.548279 0.653981 -0.388991
1366.900000000 -103.387697 56.081957 -152.245796 -0.346208 -0.549054 0.653722 -0.389008
1367.000000000 -103.429706 56.134443 -152.267322 -0.346179 -0.549133 0.653468 -0.389350
1367.900000000 -103.565049 55.755155 -152.321884 -0.414404 -0.430127 0.731683 -0.328483
1368.000000000 -103.442877 57.005764 -152.598978 -0.340860 -0.564146 0.641120 -0.393088
1368.100000000 -103.438760 57.027264 -152.585409 -0.341798 -0.564301 0.640764 -0.392632
1368.200000000 -103.358608 55.979796 -152.435226 -0.413972 -0.430294 0.731751 -0.328657
1368.400000000 -104.348467 54.961885 -151.650896 -0.410395 -0.436411 0.728676 -0.331894
1368.800000000 -105.089575 54.529392 -151.046936 -0.181156 -0.542109 0.676034 -0.465058
1368.900000000 -105.080482 54.569714 -151.038531 -0.182944 -0.540633 0.677053 -0.464592
1369.000000000 -104.291099 54.756788 -151.329297 -0.344002 -0.534971 0.664184 -0.392847
1369.100000000 -104.286937 54.798635 -151.310215 -0.341404 -0.534280 0.665764 -0.393378
1369.200000000 -104.451567 54.840817 -151.335766 -0.242789 -0.501786 0.708740 -0.432379
1369.500000000 -105.049216 55.087791 -150.927588 -0.190107 -0.545582 0.672632 -0.462349
1369.600000000 -104.192012 55.174107 -151.143115 -0.345685 -0.531698 0.667057 -0.390939
1369.900000000 -104.545028 56.259175 -150.966724 -0.366674 -0.511071 0.682668 -0.371917
1370.000000000 -104.520407 56.268672 -150.900640 -0.365944 -0.510277 0.683415 -0.372352
1370.200000000 -104.413629 56.435956 -150.859975 -0.366165 -0.515246 0.679597 -0.372281
1370.400000000 -104.299860 56.714316 -150.764632 -0.367160 -0.513519 0.680058 -0.372845
1370.600000000 -104.228566 56.768982 -150.643580 -0.367994 -0.511429 0.681405 -0.372436
1370.900000000 -104.121034 56.908489 -150.462941 -0.367720 -0.508249 0.684402 -0.371563
1371.100000000 -104.034110 57.043512 -150.347010 -0.361677 -0.504550 0.687544 -0.376699
1371.200000000 -103.993085 57.115417 -150.298431 -0.359221 -0.503134 0.688835 -0.378580
1371.700000000 -103.768934 57.485181 -150.037400 -0.359224 -0.502557 0.689788 -0.377608
1372.000000000 -103.640857 57.679764 -149.867414 -0.361507 -0.504856 0.687022 -0.377403
1372.200000000 -103.541190 57.851872 -149.774057 -0.361566 -0.505484 0.686458 -0.377533
1372.300000000 -103.519216 57.906355 -149.713407 -0.362738 -0.505679 0.686120 -0.376761
1372.700000000 -103.326332 58.297085 -149.525510 -0.363637 -0.503584 0.687582 -0.376035
1372.800000000 -103.300970 58.387924 -149.485514 -0.363918 -0.504121 0.687068 -0.375982
1373.100000000 -103.142364 58.633461 -149.374988 -0.363618 -0.506070 0.685489 -0.376536
1373.200000000 -103.103355 58.742305 -149.332019 -0.363021 -0.506327 0.685338 -0.377041
1373.300000000 -103.058819 58.842746 -149.301111 -0.362444 -0.507232 0.684846 -0.377275
1373.700000000 -102.898264 59.192112 -149.141264 -0.361472 -0.510352 0.682355 -0.378511
1374.400000000 -102.620337 59.928718 -148.940026 -0.363648 -0.508930 0.683549 -0.376179
1375.500000000 -102.292242 60.997997 -148.649872 -0.366629 -0.504059 0.686762 -0.373986
1375.700000000 -102.179736 61.260597 -148.647762 -0.365622 -0.506718 0.684829 -0.374921
1376.300000000 -102.611327 60.915501 -148.619438 -0.352208 -0.495089 0.690140 -0.393119
1376.400000000 -102.563656 61.080592 -148.660599 -0.351822 -0.498695 0.687778 -0.393047
1376.900000000 -103.787088 62.202243 -146.738356 -0.255605 -0.498034 0.799392 -0.218178
1377.100000000 -103.698933 62.458584 -146.830817 -0.254579 -0.500859 0.797642 -0.219313
1377.300000000 -103.641876 62.684216 -146.903087 -0.254849 -0.500776 0.797722 -0.218895
1377.600000000 -102.589670 63.722819 -146.666552 -0.244531 -0.511088 0.806418 -0.169360
1377.800000000 -103.598009 65.458070 -148.873745 -0.347815 -0.522189 0.670190 -0.396472
1377.900000000 -103.508448 65.729776 -148.926265 -0.346017 -0.526263 0.667298 -0.397533
1378.000000000 -103.351254 65.455403 -148.958431 -0.378982 -0.466457 0.709499 -0.367969
1379.000000000 -105.928151 70.088079 -144.790157 -0.376282 -0.013619 0.926384 0.006321
1379.200000000 -105.828522 70.159997 -144.934115 -0.376073 -0.011773 0.926486 0.007347
1379.400000000 -105.617070 70.165036 -145.198358 -0.376543 -0.013416 0.926280 0.006394
1379.600000000 -105.490396 70.209209 -145.389290 -0.376442 -0.013318 0.926321 0.006621
1380.100000000 -104.997165 70.450852 -145.991654 -0.352513 0.032389 0.934828 0.027984
1380.200000000 -104.972300 70.476276 -146.072135 -0.353833 0.033392 0.934271 0.028723
1380.300000000 -104.655504 70.554246 -146.357504 -0.351030 0.061235 0.933189 0.046751
1380.500000000 -102.903146 72.294949 -147.675412 -0.329038 -0.328993 0.881728 -0.077800
1380.800000000 -101.424613 75.126404 -146.135075 0.490669 0.633742 -0.415761 0.429834
1381.300000000 -105.530346 77.558045 -143.821695 0.255454 0.647703 0.268735 0.665586
1381.700000000 -108.726961 76.812411 -144.307123 -0.024669 0.489681 0.426530 0.760050
1382.200000000 -110.658153 75.327812 -145.270968 -0.332740 0.385290 0.742253 0.435771
1383.700000000 -107.969328 71.853962 -146.706179 -0.501085 -0.214226 0.719776 -0.430051
1383.900000000 -107.904255 72.032303 -146.887377 -0.505169 -0.208410 0.720804 -0.426393
1384.000000000 -107.880665 72.161674 -146.995511 -0.499913 -0.216486 0.718752 -0.431990
1384.100000000 -107.882948 72.299698 -147.114035 -0.500083 -0.215913 0.719137 -0.431440
1385.100000000 -106.734018 71.891389 -148.986916 0.117519 -0.309804 -0.468418 0.819021
1385.400000000 -106.444891 71.651299 -149.283123 0.114830 -0.307719 -0.469338 0.819662
1385.500000000 -106.232194 71.587006 -149.415835 0.148006 -0.324931 -0.456580 0.814891
1385.700000000 -105.727905 71.638915 -149.481020 0.227524 -0.367281 -0.421948 0.797055
1386.000000000 -105.428265 71.407206 -149.613751 0.194015 -0.349898 -0.437355 0.805388
1386.100000000 -105.600744 71.186633 -149.740236 0.162969 -0.332751 -0.450600 0.812205
1386.200000000 -105.936959 70.698891 -150.198232 0.176845 -0.340943 -0.445130 0.808915
1387.000000000 -102.414428 73.420467 -146.450125 0.272689 -0.388899 -0.392004 0.787865
1387.100000000 -102.657464 72.905998 -147.010746 0.200145 -0.351024 -0.425951 0.809500
1387.200000000 -102.375195 73.219276 -146.522503 0.158386 -0.331305 -0.443505 0.817590
1387.900000000 -100.883082 74.162430 -145.034821 0.067622 -0.267528 -0.473021 0.836724
1388.000000000 -100.579508 74.193620 -145.141393 0.117206 -0.293757 -0.455107 0.832374
1388.100000000 -100.420245 74.169983 -145.209762 0.171461 -0.322089 -0.433470 0.823992
1388.300000000 -100.243912 74.092161 -145.371209 0.184142 -0.330238 -0.427582 0.821102
1388.400000000 -100.091635 74.030354 -145.557429 0.125014 -0.298810 -0.451809 0.831235
1388.600000000 -99.995140 73.979766 -145.617860 0.154603 -0.314781 -0.440275 0.826540
1388.900000000 -99.748996 73.943945 -145.819580 0.192366 -0.336329 -0.424216 0.818485
1389.100000000 -99.556206 73.929683 -146.020228 0.175068 -0.325722 -0.431549 0.822813
1389.200000000 -99.474080 73.932891 -146.085861 0.171048 -0.323716 -0.432989 0.823693
1389.700000000 -98.658522 74.079450 -146.775269 0.169386 -0.324102 -0.433764 0.823477
1389.900000000 -98.531671 74.195628 -146.783893 0.175021 -0.328505 -0.431604 0.821687
1390.000000000 -98.478196 74.224142 -146.865766 0.169780 -0.325631 -0.434123 0.822604
1391.600000000 -98.220561 74.747759 -150.254380 0.150190 -0.603569 -0.413588 0.664900
1391.700000000 -97.933478 75.189020 -149.811622 0.140583 -0.601736 -0.420601 0.664263
1391.800000000 -98.076937 74.919614 -150.188293 0.117241 -0.586405 -0.441642 0.668832
1391.900000000 -98.512348 74.671375 -150.525891 0.172053 -0.622162 -0.394198 0.654156
1392.100000000 -100.133633 73.749389 -152.283736 -0.542294 0.736232 0.252693 -0.316268
1392.200000000 -100.369609 73.948359 -151.963841 -0.535675 0.734604 0.261876 -0.323776
1392.300000000 -100.808460 73.442555 -152.774017 0.499946 -0.626885 -0.091601 0.590490
1392.500000000 -100.574795 73.751878 -152.760887 0.396102 -0.600625 -0.196026 0.666278
1392.800000000 -100.646223 74.025647 -153.268149 -0.526706 0.734205 0.272918 -0.330211
1392.900000000 -101.225687 72.921359 -153.590940 0.548413 -0.631729 -0.036308 0.546666
1393.000000000 -101.260595 72.989965 -153.603586 0.483984 -0.621727 -0.110298 0.605846
1393.600000000 -102.362920 73.568960 -155.258478 -0.342909 0.761932 0.504652 -0.217255
1393.700000000 -101.442742 73.649801 -154.387254 -0.469241 0.696259 0.341292 -0.422560
1393.900000000 -100.126703 74.081256 -153.102147 0.565398 -0.631547 -0.014601 0.530339
1394.000000000 -99.939114 74.337458 -152.992839 0.456778 -0.616610 -0.134070 0.627033
1394.100000000 -100.200732 74.010188 -153.230136 0.476115 -0.621487 -0.115510 0.611331
1394.400000000 -100.875052 73.706805 -154.227268 -0.466031 0.693258 0.346809 -0.426534
1394.500000000 -100.891125 73.647851 -154.453235 -0.486670 0.704823 0.317673 -0.406769
1396.300000000 -100.428153 73.843391 -155.816818 0.377113 -0.104544 0.840967 0.373672
1396.400000000 -100.549123 73.848408 -155.870752 0.377382 -0.105514 0.840766 0.373580
1396.500000000 -100.501878 74.058228 -155.961965 0.381444 -0.095621 0.841720 0.369953
1396.600000000 -100.483161 74.165260 -155.986395 0.385317 -0.087622 0.842327 0.366521
1396.700000000 -100.478805 74.345720 -156.085841 0.387754 -0.081566 0.842847 0.364148
1396.800000000 -100.396441 74.530395 -156.127168 0.389388 -0.077186 0.843143 0.362669
1397.500000000 -102.521866 74.178695 -156.129206 0.379733 -0.092990 0.860454 0.326765
1398.100000000 -103.414203 74.486678 -156.559147 0.354162 -0.162292 0.774156 0.498911
1398.300000000 -103.443234 74.665306 -156.657124 0.364462 -0.141450 0.773144 0.499407
1398.500000000 -103.719934 74.668264 -156.643739 0.368791 -0.129850 0.770937 0.502780
1398.600000000 -104.073156 74.761724 -156.816879 0.361673 -0.143682 0.768233 0.508297
1398.700000000 -103.847450 74.986706 -156.953173 0.381219 -0.110141 0.771887 0.496720
1398.900000000 -103.855119 74.591579 -154.618639 -0.035578 -0.054602 0.691293 0.719630
1399.000000000 -103.764209 74.660163 -154.634815 -0.083276 -0.106072 0.686735 0.714289
1399.200000000 -103.608920 74.795311 -154.820142 -0.146745 -0.169090 0.675894 0.702170
1399.900000000 -103.625557 74.911965 -155.298496 -0.283326 -0.284788 0.649793 0.645283
1400.100000000 -103.628394 74.940743 -155.534137 -0.286722 -0.289458 0.648083 0.643423
1400.200000000 -103.653132 74.955514 -155.775306 -0.233025 -0.218927 0.666698 0.673264
1400.400000000 -103.741144 74.945779 -155.952070 -0.248791 -0.238964 0.660422 0.666965
1400.600000000 -103.526454 75.006911 -156.020183 -0.201190 -0.197685 0.673975 0.682789
1400.800000000 -104.026440 75.042926 -155.989166 -0.138799 -0.159056 0.690459 0.691883
1400.900000000 -104.147571 75.021877 -156.168202 -0.144092 -0.165054 0.689270 0.690581
1401.100000000 -103.773316 74.956175 -155.964381 -0.143798 -0.172345 0.688535 0.689593
1401.300000000 -103.091362 74.881523 -155.098919 -0.035465 -0.044320 0.740826 0.669294
1401.700000000 -102.064610 74.797990 -154.274862 -0.028184 -0.049980 0.735209 0.675407
1401.800000000 -102.093226 74.764994 -154.245464 -0.023757 -0.040795 0.733335 0.678226
1402.600000000 -101.607517 75.286646 -153.028303 -0.023439 0.199642 0.671365 0.713346
1402.800000000 -101.866426 75.101716 -153.387624 -0.035593 0.185863 0.675700 0.712473
1403.200000000 -102.175817 74.987913 -153.579562 -0.025446 0.196156 0.673091 0.712618
1403.800000000 -101.763393 74.270818 -154.458602 -0.169253 0.138068 0.684973 0.695056
1404.000000000 -101.912543 74.204617 -154.547958 -0.172629 0.135616 0.685288 0.694398
1404.100000000 -101.931882 74.176425 -154.590623 -0.174178 0.133747 0.685584 0.694081
1404.200000000 -101.908706 74.121129 -154.691066 -0.178009 0.129974 0.686192 0.693224
1404.300000000 -101.876097 74.054699 -154.832318 -0.173105 0.134746 0.685427 0.694311
1404.400000000 -102.790910 74.419922 -154.764302 -0.048087 0.166730 0.681584 0.710867
1404.500000000 -102.802783 74.403996 -154.690244 -0.062307 0.158034 0.684687 0.708764
1404.600000000 -102.822524 74.384816 -154.712854 -0.062960 0.156739 0.685067 0.708627
1404.700000000 -102.816685 74.376689 -154.736200 -0.064313 0.156195 0.685183 0.708514
1405.100000000 -102.814389 74.366294 -154.739398 -0.063247 0.156955 0.684971 0.708647
1405.200000000 -102.785831 74.360485 -154.757642 -0.063543 0.156314 0.685175 0.708564
1405.300000000 -102.762266 74.368589 -154.754407 -0.063760 0.156658 0.685122 0.708520
1405.600000000 -102.644769 74.398162 -154.718740 -0.061596 0.157122 0.684794 0.708925
1406.000000000 -102.718136 74.400763 -154.774513 -0.069032 0.150921 0.687519 0.706947
1406.100000000 -102.536476 74.389918 -154.763692 -0.067761 0.152271 0.687264 0.707029
1406.700000000 -102.247578 74.138551 -155.454654 0.005994 0.314291 0.632326 0.708060
1406.800000000 -101.940152 74.129932 -155.472261 0.008353 0.314970 0.631792 0.708211
1406.900000000 -101.874332 74.249449 -155.182786 -0.001952 0.216429 0.668066 0.711928
1407.000000000 -101.579623 74.488209 -154.630462 -0.035548 0.183937 0.678314 0.710488
1407.200000000 -100.965810 73.930622 -155.333169 -0.201880 0.073780 0.698573 0.682493
1407.300000000 -100.675784 73.983166 -155.196807 -0.192668 0.080437 0.697846 0.685142
1407.700000000 -100.664495 73.798525 -156.710152 -0.158460 0.099934 0.692589 0.696580
1407.800000000 -101.055900 73.773377 -157.046002 -0.099463 0.126771 0.690220 0.705431
1407.900000000 -100.693010 73.805932 -156.930082 -0.095876 0.128015 0.690040 0.705879
1408.100000000 -100.640586 73.889110 -156.871070 -0.083564 0.128534 0.689953 0.707432
1408.500000000 -100.969087 73.504588 -157.749495 -0.215870 0.066789 0.695669 0.681897
1408.600000000 -100.949927 73.866366 -157.160769 -0.098753 0.127572 0.690619 0.704995
1408.700000000 -100.836505 74.003035 -156.829504 -0.095453 0.127270 0.690766 0.705360
1408.800000000 -100.709915 73.867660 -156.993784 -0.166526 0.093381 0.694902 0.693297
1409.300000000 -100.168213 70.987406 -156.539610 -0.518653 0.193093 0.697218 0.455633
1409.700000000 -98.761049 68.800776 -157.309198 -0.546282 0.068303 0.694921 0.462597
1409.800000000 -99.300107 68.255260 -157.851821 -0.553703 0.058006 0.697623 0.450965
1409.900000000 -99.535609 67.144404 -158.727192 -0.569469 0.037455 0.698907 0.431082
1410.000000000 -99.061372 66.285054 -159.043765 -0.602522 -0.014929 0.704015 0.375643
1410.100000000 -99.019593 65.734118 -159.343470 -0.609668 -0.013982 0.700639 0.370423
1410.600000000 -96.840750 63.363144 -154.422372 -0.407037 0.311540 0.813578 -0.274508
1410.800000000 -95.448834 62.098354 -154.048758 -0.285074 0.172775 0.942265 -0.031901
1411.000000000 -95.620731 62.629720 -153.202114 -0.700551 0.062135 0.709850 -0.038482
1411.200000000 -95.256540 62.150574 -153.780064 -0.299815 0.023801 0.945239 -0.126755
1411.700000000 -96.464564 60.542846 -153.773647 -0.264207 -0.082279 0.954185 -0.113820
1412.800000000 -97.521208 56.785431 -152.992456 0.276791 0.213092 -0.776902 0.523833
1413.000000000 -97.358550 56.648989 -152.910456 0.314336 0.159036 -0.789435 0.502686
1413.700000000 -98.650428 55.900318 -151.390201 -0.467532 0.102930 0.835886 -0.268540
1414.000000000 -99.737904 55.933727 -150.738031 -0.446442 0.363198 0.809954 -0.112923
1414.300000000 -100.479226 55.746346 -150.856634 0.717556 -0.037614 -0.670721 0.183934
1414.500000000 -100.473749 55.719075 -150.801425 0.696110 -0.059484 -0.694721 0.171042
1414.900000000 -100.107467 55.420588 -151.157329 0.824019 -0.029415 -0.509311 0.246436
1415.100000000 -100.126639 55.393628 -151.150461 0.821447 -0.025359 -0.510275 0.253379
1415.300000000 -100.248676 55.121159 -151.117096 0.823696 -0.029966 -0.510236 0.245531
1415.400000000 -100.192915 55.167242 -151.110640 0.821139 -0.024379 -0.510363 0.254296
1415.600000000 -100.166163 55.137015 -151.077554 0.815947 -0.015990 -0.511667 0.268649
1415.700000000 -100.311191 54.906824 -151.068439 0.817251 -0.019798 -0.512370 0.263033
1415.800000000 -100.154084 55.058505 -151.028358 0.811183 -0.008738 -0.512765 0.281030
1415.900000000 -100.142843 55.024436 -151.004572 0.808488 -0.004227 -0.512985 0.288403
1416.100000000 -100.089991 54.995149 -150.952024 0.802329 0.006246 -0.513030 0.305007
1416.600000000 -99.166648 55.369742 -150.460001 0.778243 0.041426 -0.511620 0.361755
1416.800000000 -98.891156 55.581105 -150.319902 0.802747 0.009176 -0.510867 0.307455
1417.000000000 -98.465535 55.606564 -149.995030 0.831404 -0.036809 -0.505445 0.227900
1417.300000000 -98.352949 55.381015 -149.748321 0.822975 -0.018655 -0.505867 0.257804
1417.400000000 -98.182979 55.261183 -149.552771 0.818019 -0.010298 -0.506471 0.272445
1417.500000000 -98.117316 55.142451 -149.435378 0.814931 -0.005010 -0.506807 0.281084
1417.600000000 -98.646325 55.411960 -149.834218 0.821885 -0.016294 -0.506330 0.260517
1417.700000000 -98.536736 55.182823 -149.635063 0.819591 -0.011772 -0.506085 0.268349
1417.800000000 -99.042363 55.616868 -150.097286 0.826888 -0.024749 -0.506093 0.243955
1418.000000000 -99.849942 55.582531 -150.476899 0.833461 -0.036524 -0.504335 0.222832
1418.100000000 -101.026497 55.433070 -151.102971 0.817270 -0.009660 -0.509529 0.268991
1418.200000000 -101.017093 55.331829 -151.015033 0.795205 0.022127 -0.512704 0.322945
1418.400000000 -101.015715 55.264723 -150.876055 0.790183 0.029668 -0.512716 0.334444
1419.000000000 -101.371962 55.181639 -151.267150 0.917714 -0.003982 -0.222847 0.328821
1419.600000000 -102.225032 55.622963 -150.788811 0.825461 -0.023117 -0.508785 0.243347
1419.800000000 -102.521967 55.455878 -150.754205 0.831323 -0.033632 -0.506812 0.225638
1420.000000000 -102.788691 55.468094 -150.872474 0.898464 -0.089725 -0.375969 0.208229
1420.200000000 -103.163989 55.817580 -151.394349 0.915555 -0.125860 -0.362549 0.120316
1420.400000000 -104.461046 56.480356 -151.794830 0.866508 -0.161662 -0.472201 -0.007427
1420.800000000 -106.376199 57.459843 -152.958841 0.862261 -0.134715 -0.486383 0.042293
1421.000000000 -104.935385 57.483104 -152.564985 0.898795 -0.094749 -0.375461 0.205472
1421.300000000 -104.131258 57.701308 -151.995824 0.915169 -0.160055 -0.366681 0.048914
1421.800000000 -104.479302 59.040992 -152.083769 0.863192 -0.236001 -0.419423 -0.152601
1421.900000000 -104.591510 59.086555 -152.117076 0.861202 -0.240761 -0.417143 -0.162350
1422.000000000 -104.673735 59.119183 -152.151481 0.858083 -0.249261 -0.411535 -0.179448
1422.800000000 -105.711416 60.217665 -152.749539 0.887344 -0.358781 -0.250753 -0.144984
1422.900000000 -105.569232 59.711398 -152.818325 0.860794 -0.241801 -0.417464 -0.162140
1423.100000000 -105.589802 60.226491 -152.978048 0.869234 -0.203372 -0.442274 -0.086399
1423.300000000 -105.799850 60.039281 -153.097725 0.860718 -0.242087 -0.417556 -0.161880
1423.400000000 -105.896010 60.078976 -153.197031 0.854580 -0.257169 -0.408011 -0.192575
1423.500000000 -105.930557 60.205383 -153.278831 0.860519 -0.242480 -0.417719 -0.161932
1423.600000000 -105.910227 60.307842 -153.337760 0.860413 -0.242457 -0.417892 -0.162084
1423.900000000 -105.987769 60.531569 -153.533946 0.854680 -0.256901 -0.408521 -0.191402
1424.500000000 -106.358562 60.946774 -154.059438 0.854390 -0.257764 -0.408230 -0.192156
1424.800000000 -106.641824 61.067039 -154.353022 0.860237 -0.243676 -0.417626 -0.161872
1424.900000000 -106.713566 61.151739 -154.447647 0.859593 -0.243732 -0.418701 -0.162431
1425.000000000 -106.766196 61.190446 -154.520672 0.859362 -0.243616 -0.419340 -0.162177
1425.800000000 -106.846457 60.448954 -154.919330 0.900431 -0.297465 -0.316893 0.017837
1426.000000000 -106.717569 59.853019 -154.176809 0.868361 -0.218256 -0.433338 -0.102621
1426.300000000 -106.940052 60.641237 -155.573660 0.787018 -0.377427 -0.321956 -0.366736
1426.400000000 -106.959499 61.474355 -155.852558 0.768744 -0.392077 -0.301625 -0.405377
1426.800000000 -108.764799 62.544583 -153.271565 -0.570018 0.132966 0.541942 0.603074
1427.100000000 -108.874816 63.317778 -152.344367 -0.581993 0.045098 0.322324 0.745223
1427.400000000 -108.836086 63.476452 -152.161652 -0.619529 0.026374 0.325051 0.714024
1427.500000000 -108.151932 63.155000 -152.788705 -0.629026 0.076446 0.555532 0.538393
1427.900000000 -105.819564 61.357028 -154.288241 0.798663 -0.271590 -0.389119 -0.370085
1428.000000000 -104.550107 59.976141 -153.759331 0.711069 -0.433728 -0.484578 -0.267293
1428.400000000 -103.809889 59.105949 -152.746178 0.805178 -0.576069 -0.022400 0.139035
1428.700000000 -103.692395 59.552676 -152.004296 0.772923 -0.519778 0.042492 0.361407
1428.800000000 -103.775208 59.454765 -152.110939 0.774940 -0.519708 0.045435 0.356800
1429.000000000 -103.660502 59.284218 -152.469833 0.700524 -0.517948 -0.046611 0.488696
1429.100000000 -103.803958 59.184628 -152.523346 0.702409 -0.518311 -0.044572 0.485787
1429.200000000 -104.000909 59.100888 -152.495657 0.776586 -0.519417 0.048038 0.353288
1429.600000000 -104.742381 57.566332 -154.539382 0.799614 -0.513425 0.086014 0.299357
1429.800000000 -104.820052 57.384893 -154.796524 0.800965 -0.513134 0.088012 0.295637
1429.900000000 -104.834384 57.337297 -154.867215 0.801013 -0.512982 0.088109 0.295743
1430.000000000 -104.875473 57.280521 -154.934536 0.799659 -0.513285 0.085716 0.299561
1430.100000000 -104.896383 57.217696 -155.039640 0.799589 -0.513458 0.085165 0.299609
1430.200000000 -104.904340 57.174628 -155.117773 0.800156 -0.513220 0.086241 0.298191
1430.500000000 -105.006193 56.991284 -155.393736 0.798621 -0.513417 0.084096 0.302549
1431.000000000 -105.132872 56.717760 -155.828794 0.797894 -0.513310 0.083187 0.304891
1431.100000000 -105.135782 56.657736 -155.951902 0.797969 -0.513209 0.083005 0.304913
1431.300000000 -105.147464 56.647997 -156.013823 0.795790 -0.513747 0.079636 0.310549
1431.400000000 -105.176469 56.600443 -156.070739 0.795730 -0.513694 0.079441 0.310840
1431.700000000 -105.231327 56.389196 -156.446196 0.795329 -0.513393 0.079294 0.312397
1431.900000000 -105.264145 56.202176 -156.787609 0.796439 -0.513209 0.080976 0.309426
1432.000000000 -105.292717 56.124895 -156.930715 0.796809 -0.513190 0.081473 0.308374
1432.100000000 -105.323973 56.087382 -156.991865 0.795879 -0.513320 0.080087 0.310911
1432.700000000 -105.688077 56.294308 -156.894838 0.836634 -0.511701 -0.052589 0.188256
1432.900000000 -105.711777 56.082455 -156.802249 0.790345 -0.514173 0.072514 0.325149
1433.100000000 -105.805426 55.901678 -157.119549 0.823493 -0.502952 0.140464 0.221740
1433.200000000 -105.379422 55.769962 -157.716767 0.801176 -0.511444 0.091902 0.296811
1433.300000000 -105.345637 55.631527 -158.027637 0.802051 -0.511335 0.092864 0.294325
1433.400000000 -105.332623 55.641260 -158.033915 0.800629 -0.511660 0.090647 0.298295
1434.100000000 -107.608897 55.188121 -156.557554 0.701014 -0.516814 -0.046454 0.489208
1434.200000000 -107.654726 55.131330 -156.629504 0.700642 -0.516777 -0.046399 0.489785
1434.600000000 -106.457268 56.019113 -154.786649 0.766711 -0.494777 -0.146230 0.382057
1434.700000000 -106.766090 56.645529 -154.941006 0.828649 -0.500089 0.159044 0.194825
1434.800000000 -106.705725 56.536993 -155.154325 0.829218 -0.499393 0.162464 0.191337
1435.600000000 -104.931362 55.942276 -155.396458 0.632531 -0.546147 -0.053465 0.546598
1435.900000000 -105.301366 55.229192 -156.623265 0.550918 -0.570006 -0.156723 0.589084
1436.100000000 -105.276010 54.413780 -158.845356 0.390913 -0.454135 -0.292711 0.745164
1436.300000000 -106.336664 54.002314 -160.446923 0.100326 -0.271326 -0.451833 0.843898
1437.400000000 -107.011381 54.409910 -155.445631 0.824005 -0.502236 0.152748 0.213172
1437.500000000 -106.867647 54.397272 -155.412302 0.823801 -0.502418 0.153092 0.213288
1437.600000000 -106.979316 54.190710 -155.520153 0.823875 -0.502271 0.153811 0.212828
1437.700000000 -106.873848 54.018182 -155.762193 0.824454 -0.501717 0.155164 0.210902
1438.200000000 -106.656447 53.298655 -156.469695 0.833999 -0.489673 0.194309 0.164043
1438.400000000 -106.860722 52.994467 -156.288726 0.844188 -0.459192 0.273077 0.043800
1438.900000000 -107.112057 51.949702 -158.227459 0.815405 -0.373922 0.360128 -0.256134
1439.000000000 -106.912781 52.103135 -157.975315 0.814163 -0.375553 0.362868 -0.253821
1439.100000000 -106.525027 52.229669 -157.891077 0.815101 -0.373355 0.361883 -0.255454
1439.300000000 -106.797072 50.475570 -160.578859 0.779965 -0.334627 0.405916 -0.338986
1439.500000000 -106.466428 49.731921 -161.911691 0.781529 -0.333357 0.404357 -0.338497
1439.800000000 -106.978332 49.256001 -161.582733 0.839120 -0.390158 0.320209 -0.202781
1439.900000000 -107.232053 48.863472 -161.982346 0.823674 -0.370585 0.347553 -0.251862
1440.500000000 -108.269353 48.507001 -161.278210 0.765452 -0.319416 0.419137 -0.369298
1440.800000000 -108.618847 48.207929 -161.577419 -0.659555 0.211858 -0.474882 0.542762
1440.900000000 -108.580273 48.207015 -161.563998 -0.659666 0.212498 -0.475575 0.541769
1441.000000000 -107.888527 48.268861 -161.984964 0.716415 -0.269480 0.453776 -0.456309
1441.200000000 -104.704482 49.641773 -162.641240 0.779628 -0.313646 0.401282 -0.364390
1441.400000000 -104.270964 49.665516 -162.391240 0.852474 -0.441329 0.277798 -0.036678
1441.700000000 -103.829605 50.170224 -162.262799 0.851389 -0.468168 0.226773 0.067301
1441.800000000 -103.773998 49.624339 -163.350681 0.842669 -0.486271 0.179064 0.146237
1441.900000000 -103.797996 49.604533 -163.388217 0.842805 -0.486032 0.179745 0.145407
1442.900000000 -102.622959 50.255774 -164.230913 0.830377 -0.495319 0.135978 0.215969
1443.000000000 -102.662957 50.263662 -164.314615 0.830106 -0.494964 0.139389 0.215653
1443.200000000 -103.101019 49.973375 -164.477746 0.789559 -0.507104 0.059312 0.340476
1443.400000000 -103.794010 49.677304 -164.484209 0.756986 -0.507773 0.016771 0.410922
1443.500000000 -103.854130 49.694080 -164.540637 0.757281 -0.505758 0.020565 0.412688
1443.600000000 -103.903532 49.714433 -164.595384 0.757337 -0.504387 0.023018 0.414131
1443.700000000 -103.946447 49.719180 -164.664863 0.757552 -0.504114 0.024310 0.413997
1444.300000000 -103.705478 49.815044 -165.357486 0.698719 -0.490167 -0.040421 0.519513
1444.400000000 -103.771932 49.850238 -165.313872 0.700364 -0.490340 -0.038556 0.517272
1444.500000000 -103.847619 49.838111 -165.367677 0.701494 -0.491232 -0.037765 0.514948
1444.800000000 -104.085951 49.676330 -165.616430 0.702281 -0.491697 -0.037275 0.513465
1444.900000000 -104.208922 49.601194 -165.694346 0.702417 -0.491991 -0.037334 0.512993
1445.000000000 -104.290529 49.581467 -165.753982 0.702586 -0.492759 -0.037412 0.512017
1445.200000000 -104.387416 49.566864 -165.851112 0.703188 -0.492787 -0.035888 0.511272
1445.300000000 -104.521765 49.491170 -165.915936 0.703442 -0.492966 -0.035456 0.510781
1445.900000000 -104.979799 49.163912 -166.340010 0.681994 -0.489418 -0.060223 0.540118
1446.000000000 -105.245569 49.098179 -166.446280 0.760636 -0.506540 0.022351 0.405402
1446.200000000 -105.905596 48.858655 -166.491753 0.740485 -0.504245 -0.004605 0.444295
1447.300000000 -102.156704 50.309445 -169.056713 0.834117 -0.491227 0.151919 0.199664
1447.500000000 -102.246045 50.356072 -169.365881 0.834575 -0.491848 0.153393 0.195041
1447.600000000 -102.442064 50.309664 -169.305358 0.835066 -0.491496 0.154363 0.193052
1447.900000000 -102.306249 50.280696 -169.825406 0.833923 -0.492869 0.150774 0.197281
1448.100000000 -102.359576 50.253663 -170.068752 0.834553 -0.492739 0.150913 0.194820
1448.200000000 -102.407598 50.215204 -170.153770 0.835219 -0.492341 0.152110 0.192021
1448.400000000 -102.420389 50.220189 -170.438699 0.833439 -0.492397 0.155352 0.196954
1448.600000000 -102.428861 50.180315 -170.704965 0.834828 -0.492842 0.151480 0.192934
1448.800000000 -102.489045 50.173019 -170.885113 0.835625 -0.493212 0.149745 0.189867
1448.900000000 -102.560096 50.143084 -171.062515 0.835422 -0.493165 0.151769 0.189276
1449.000000000 -102.551360 50.123772 -171.217998 0.834636 -0.493290 0.152376 0.191912
1449.100000000 -102.582338 50.124261 -171.298918 0.835171 -0.493763 0.147948 0.191832
1449.200000000 -102.633738 50.102622 -171.418291 0.835677 -0.493764 0.148509 0.189169
1449.600000000 -102.296145 49.986282 -172.207116 0.770359 -0.522765 0.328893 0.158406
1449.700000000 -102.753031 50.122114 -172.036051 0.834753 -0.494906 0.146873 0.191532
1449.900000000 -102.710200 50.074418 -172.322082 0.827447 -0.498914 0.127419 0.224010
1450.000000000 -102.845992 50.033085 -172.334077 0.834267 -0.494943 0.144493 0.195322
1450.100000000 -103.203786 49.851932 -172.290250 0.850973 -0.479121 0.193362 0.094334
1451.000000000 -101.237359 48.233109 -170.684651 0.891149 -0.414120 0.169852 0.074222
1451.400000000 -101.854192 48.478391 -169.522248 0.887106 -0.422275 0.141791 0.120920
1451.500000000 -101.970399 48.657203 -169.296294 0.889598 -0.417255 0.146956 0.113656
1451.900000000 -102.735563 49.927358 -169.253583 -0.405520 0.825177 -0.250398 -0.303213
1452.000000000 -102.460100 50.318917 -169.535920 -0.498795 0.802671 -0.213519 -0.247655
1452.100000000 -102.552467 49.740734 -168.795539 -0.001757 0.902858 -0.240832 -0.356152
1452.300000000 -101.847020 49.751961 -167.620207 0.474066 0.726744 -0.384502 -0.315061
1452.700000000 -101.627333 50.047204 -166.011269 0.758047 0.395523 -0.370983 -0.362350
1452.800000000 -101.564482 49.971470 -166.038441 0.758122 0.395990 -0.370965 -0.361701
1453.200000000 -101.969397 50.031908 -166.237909 0.760458 0.398424 -0.368074 -0.357048
1454.300000000 -103.172677 50.315880 -167.022471 0.759499 0.398173 -0.369194 -0.358211
1454.400000000 -103.224003 50.344885 -166.979817 0.760128 0.398888 -0.368542 -0.356751
1454.700000000 -103.649202 50.521504 -167.141960 0.759961 0.398342 -0.368444 -0.357816
1454.900000000 -103.851357 50.603083 -167.208136 0.760430 0.398882 -0.368081 -0.356590
1455.100000000 -104.083529 50.669840 -167.414399 0.760411 0.398782 -0.368046 -0.356777
1455.200000000 -104.147311 50.701683 -167.462395 0.760615 0.398920 -0.367805 -0.356436
1455.300000000 -104.275824 50.767071 -167.486798 0.760549 0.398809 -0.367861 -0.356643
1455.400000000 -104.429094 50.821463 -167.581064 0.760018 0.398329 -0.368508 -0.357644
1455.600000000 -104.669880 50.935681 -167.702997 0.760378 0.398740 -0.368004 -0.356939
1455.800000000 -104.861016 51.020668 -167.801503 0.760863 0.399295 -0.367553 -0.355747
1456.000000000 -105.101312 51.169109 -167.811131 0.761727 0.399702 -0.366299 -0.354733
1456.100000000 -105.244486 51.220320 -167.902630 0.761242 0.399325 -0.366884 -0.355592
1456.200000000 -105.399277 51.277771 -168.003227 0.760817 0.398945 -0.367420 -0.356374
1456.300000000 -105.512773 51.353991 -168.047473 0.760982 0.399201 -0.367160 -0.356003
1456.400000000 -105.585094 51.385273 -168.156341 0.760575 0.399076 -0.367608 -0.356551
1456.600000000 -105.792693 51.501020 -168.371739 0.760343 0.399709 -0.367851 -0.356086
1456.700000000 -105.930932 51.594620 -168.365252 0.760920 0.400182 -0.367023 -0.355174
1456.900000000 -106.089897 51.702278 -168.547541 0.760897 0.400663 -0.367081 -0.354621
1457.200000000 -106.359873 51.888001 -168.815484 0.760382 0.400427 -0.367486 -0.355572
1457.700000000 -106.806916 52.226878 -169.252865 0.760256 0.400353 -0.367456 -0.355956
1457.900000000 -107.000513 52.380862 -169.407172 0.760411 0.399659 -0.367365 -0.356498
1458.000000000 -107.120935 52.440544 -169.467777 0.760724 0.398557 -0.367595 -0.356827
1458.100000000 -107.244965 52.530355 -169.578408 0.761020 0.398048 -0.367005 -0.357369
1458.300000000 -107.412351 52.705203 -169.714683 0.760843 0.398704 -0.367552 -0.356452
1458.500000000 -107.599393 52.908208 -169.886485 0.761060 0.399824 -0.367176 -0.355120
1458.600000000 -107.669555 53.001184 -169.966330 0.760315 0.400784 -0.368203 -0.354569
1458.700000000 -107.742752 53.082999 -170.035634 0.760595 0.400242 -0.367858 -0.354939
1459.200000000 -108.181755 53.565783 -170.494165 0.760369 0.400712 -0.367864 -0.354889
1459.400000000 -108.348036 53.753838 -170.642936 0.760758 0.400893 -0.367302 -0.354430
1460.300000000 -108.711193 54.476160 -171.385826 0.760164 0.403774 -0.366432 -0.353333
1460.500000000 -109.000359 54.694227 -171.575197 0.759875 0.403026 -0.366503 -0.354732
1460.800000000 -109.309208 54.917979 -171.798686 0.761655 0.401254 -0.365498 -0.353961
1461.000000000 -109.448834 55.095739 -171.982774 0.760738 0.402159 -0.365529 -0.354873
1461.100000000 -109.500865 55.175100 -172.053610 0.761072 0.402693 -0.365115 -0.353975
1461.200000000 -109.553740 55.254676 -172.130254 0.761343 0.402897 -0.363717 -0.354600
1461.700000000 -109.769037 55.545627 -172.471097 0.761669 0.405317 -0.362949 -0.351918
1461.900000000 -110.038867 55.753348 -172.693760 0.761976 0.406216 -0.361671 -0.351533
1462.200000000 -110.276008 55.927671 -172.912225 0.763001 0.406893 -0.360516 -0.349707
1462.300000000 -110.428316 56.015193 -173.023614 0.762338 0.406590 -0.361063 -0.350940
1462.500000000 -110.617478 56.078863 -173.164030 0.763662 0.404083 -0.359626 -0.352431
1462.600000000 -110.729614 56.153878 -173.230693 0.762678 0.407300 -0.362105 -0.348294
1462.800000000 -110.871731 56.246046 -173.370822 0.763926 0.407257 -0.359342 -0.348470
1462.900000000 -111.032585 56.322529 -173.492589 0.764046 0.406943 -0.358786 -0.349148
1463.000000000 -111.194421 56.408862 -173.571070 0.763890 0.406310 -0.358669 -0.350343
1463.100000000 -111.266852 56.414759 -173.633905 0.764525 0.405834 -0.358362 -0.349824
1463.400000000 -111.560551 56.530051 -173.825642 0.765472 0.407225 -0.358117 -0.346371
1463.600000000 -111.906852 56.656674 -174.020738 0.764249 0.404462 -0.360246 -0.350080
1463.700000000 -112.004075 56.700328 -174.094219 0.763946 0.404661 -0.360664 -0.350082
1463.800000000 -112.087586 56.763760 -174.133563 0.764138 0.404739 -0.362259 -0.347919
1464.000000000 -112.340817 56.836752 -174.294350 0.763140 0.403044 -0.362793 -0.351502
1464.100000000 -112.438947 56.825521 -174.356382 0.764725 0.405468 -0.359842 -0.348288
1464.800000000 -111.564412 56.431341 -174.647263 0.762112 0.408816 -0.354439 -0.355565
1465.100000000 -111.956525 56.469829 -174.804507 0.761286 0.409349 -0.358673 -0.352464
1465.200000000 -112.069147 56.461551 -174.879728 0.765167 0.411129 -0.354563 -0.346088
1466.000000000 -112.058049 56.371598 -175.346776 0.715850 0.359031 -0.396265 -0.449032
1466.300000000 -113.554785 56.527058 -175.564650 0.762063 0.408008 -0.355867 -0.355174
1466.800000000 -115.846641 56.943907 -175.883174 0.752990 0.394386 -0.372332 -0.372605
1467.000000000 -116.151228 56.904837 -175.992082 0.757090 0.398691 -0.368970 -0.362934
1467.100000000 -116.334837 56.856641 -176.088194 0.756243 0.398537 -0.370978 -0.362823
1467.200000000 -116.517992 56.843753 -176.117537 0.756473 0.397174 -0.370513 -0.364309
1467.300000000 -116.711095 56.818970 -176.208885 0.758199 0.396331 -0.367372 -0.364819
1467.400000000 -116.762101 56.812545 -176.173681 0.758946 0.399795 -0.366375 -0.360464
1467.500000000 -116.972974 56.784948 -176.312629 0.758242 0.399723 -0.366685 -0.361708
1467.800000000 -117.412747 56.707681 -176.364432 0.758442 0.400675 -0.366567 -0.360352
1467.900000000 -117.501935 56.648243 -176.408823 0.758374 0.400912 -0.366006 -0.360803
1468.000000000 -117.667697 56.606606 -176.448155 0.757726 0.399916 -0.367410 -0.361841
1468.100000000 -117.800390 56.493681 -176.646328 0.758143 0.400184 -0.367043 -0.361042
1468.500000000 -118.414983 56.251420 -176.827690 0.757345 0.400515 -0.368844 -0.360513
1468.600000000 -118.681401 56.244232 -176.778799 0.757989 0.399985 -0.368597 -0.360000
1468.700000000 -118.750391 56.152431 -176.859137 0.757369 0.400087 -0.368786 -0.360998
1468.900000000 -119.187719 56.052902 -176.908143 0.757035 0.399127 -0.370044 -0.361473
1469.100000000 -119.474429 55.913433 -176.983917 0.756819 0.399733 -0.369779 -0.361527
1469.300000000 -119.797794 55.756954 -177.047723 0.756508 0.399462 -0.369738 -0.362518
1469.700000000 -120.486281 55.460893 -177.145757 0.757668 0.400603 -0.369104 -0.359470
1469.800000000 -120.664929 55.402149 -177.216568 0.757208 0.400166 -0.368976 -0.361055
1470.000000000 -121.016270 55.217811 -177.255690 0.757126 0.399867 -0.370311 -0.360189
1470.400000000 -121.715137 54.876100 -177.382757 0.757927 0.400113 -0.369083 -0.359491
1470.500000000 -121.852680 54.798642 -177.419013 0.758435 0.400861 -0.368006 -0.358689
1470.600000000 -122.019050 54.733654 -177.476155 0.757656 0.401547 -0.368955 -0.358594
1470.800000000 -122.392590 54.576196 -177.578052 0.756770 0.399801 -0.370077 -0.361249
1470.900000000 -122.552970 54.497427 -177.565019 0.757431 0.400028 -0.369356 -0.360350
1471.000000000 -122.749409 54.424217 -177.637507 0.756965 0.399371 -0.369757 -0.361645
1471.100000000 -122.941332 54.340000 -177.657516 0.757269 0.399014 -0.369825 -0.361332
1471.800000000 -120.952615 56.950628 -178.628955 0.773647 0.524321 -0.233335 -0.268538
1471.900000000 -120.867793 56.799344 -178.718795 0.773123 0.523694 -0.234045 -0.270644
1472.000000000 -120.947315 56.715473 -178.885185 0.772181 0.522631 -0.235741 -0.273897
1472.100000000 -121.066152 56.666019 -178.923523 0.772717 0.523886 -0.234216 -0.271284
1472.800000000 -123.193322 56.982952 -178.281599 0.846268 0.224778 -0.482223 0.027666
1473.200000000 -123.659276 58.608874 -176.086606 0.793775 -0.112136 -0.558057 0.214288
1473.500000000 -124.107120 58.501385 -176.035914 0.795541 -0.118607 -0.557405 0.205782
1474.000000000 -125.727401 57.957606 -178.426827 0.795132 0.284014 -0.521137 0.124570
1474.100000000 -124.906656 57.812642 -178.123437 0.799248 0.286846 -0.512735 0.126590
1474.200000000 -125.123894 57.177183 -178.373064 0.842504 0.222022 -0.490301 0.022333
1474.700000000 -125.758925 57.235961 -179.093043 0.899465 -0.070314 -0.389660 -0.184887
1474.800000000 -125.805897 57.205647 -179.135521 0.898921 -0.071576 -0.389480 -0.187412
1474.900000000 -125.897876 57.230940 -179.226186 0.898239 -0.073148 -0.389174 -0.190684
1475.000000000 -126.028299 57.305034 -179.319369 0.898870 -0.071640 -0.389340 -0.187922
1475.200000000 -126.227796 57.428611 -179.532948 0.897717 -0.074301 -0.388835 -0.193366
1475.500000000 -126.529504 57.692784 -179.824301 0.899135 -0.071274 -0.389622 -0.186203
1475.600000000 -126.628836 57.787079 -179.952561 0.898486 -0.072586 -0.389530 -0.189000
1475.800000000 -126.806034 57.908077 -180.176601 0.898073 -0.073281 -0.389474 -0.190803
1475.900000000 -126.887106 57.958429 -180.284394 0.897463 -0.074935 -0.389104 -0.193762
1476.200000000 -127.107503 58.137804 -180.592672 0.898898 -0.071015 -0.390118 -0.186409
1476.400000000 -127.280420 58.307863 -180.855608 0.898450 -0.071670 -0.390209 -0.188116
1476.600000000 -127.425193 58.381988 -181.114375 0.897806 -0.073706 -0.389193 -0.192460
1476.700000000 -127.462333 58.385536 -181.203467 0.897885 -0.073071 -0.389453 -0.191809
1476.800000000 -127.529568 58.424832 -181.332438 0.897478 -0.073780 -0.389405 -0.193528
1476.900000000 -127.573121 58.495824 -181.431798 0.898775 -0.070634 -0.390091 -0.187199
1477.100000000 -127.713937 58.604316 -181.667609 0.898895 -0.070187 -0.390426 -0.186090
1477.400000000 -127.893471 58.747169 -182.068912 0.897960 -0.071742 -0.390126 -0.190584
1477.600000000 -128.006979 58.910574 -182.284327 0.898567 -0.069710 -0.391604 -0.185377
1477.800000000 -128.111867 58.959963 -182.561044 0.898618 -0.070472 -0.390458 -0.187249
1477.900000000 -128.184433 59.030218 -182.705862 0.897989 -0.071295 -0.390926 -0.188971
1478.000000000 -128.251317 59.107988 -182.830094 0.897985 -0.071585 -0.390855 -0.189024
1478.100000000 -128.330676 59.185873 -182.947817 0.897930 -0.071944 -0.390900 -0.189056
1478.200000000 -128.362552 59.183455 -183.059812 0.897866 -0.072014 -0.390782 -0.189578
1478.400000000 -128.503078 59.334216 -183.310099 0.898139 -0.071246 -0.391393 -0.187300
1478.600000000 -128.663926 59.491107 -183.594456 0.897662 -0.072017 -0.391350 -0.189370
1478.700000000 -128.706608 59.520480 -183.702272 0.897430 -0.073065 -0.390929 -0.190931
1478.800000000 -128.742043 59.563997 -183.830550 0.897993 -0.071193 -0.391350 -0.188112
1478.900000000 -128.807441 59.619773 -183.955530 0.897945 -0.071653 -0.390993 -0.188904
1479.000000000 -128.888722 59.721177 -184.089795 0.898468 -0.070638 -0.391141 -0.186477
1479.100000000 -128.943300 59.774827 -184.226275 0.898313 -0.070534 -0.391271 -0.186989
1479.600000000 -129.272148 60.053033 -184.834966 0.897533 -0.071804 -0.391457 -0.189840
1479.700000000 -129.305533 60.092302 -184.940081 0.897914 -0.070154 -0.392290 -0.186915
1479.900000000 -129.449906 60.207110 -185.201374 0.898070 -0.070391 -0.391511 -0.187707
1480.000000000 -129.514799 60.242327 -185.309383 0.898234 -0.070946 -0.391000 -0.187778
1480.400000000 -129.772570 60.428298 -185.776854 0.897949 -0.070608 -0.391328 -0.188586
1480.900000000 -130.181054 60.764893 -186.334893 0.897920 -0.071113 -0.391736 -0.187687
1481.000000000 -130.240582 60.808817 -186.440951 0.897801 -0.071058 -0.391888 -0.187957
1481.100000000 -130.315672 60.834706 -186.534513 0.897737 -0.071370 -0.391868 -0.188187
1481.400000000 -130.548858 61.019127 -186.858680 0.898110 -0.070861 -0.391730 -0.186882
1481.500000000 -130.617915 61.059675 -186.969349 0.898250 -0.070764 -0.391482 -0.186766
1482.100000000 -131.117852 61.376119 -187.550936 0.898428 -0.070348 -0.391723 -0.185554
1482.400000000 -131.411232 61.582652 -187.872239 0.897867 -0.070766 -0.392192 -0.187114
1482.600000000 -131.583784 61.673718 -188.052239 0.897882 -0.070637 -0.392398 -0.186662
1482.700000000 -131.652312 61.719298 -188.122430 0.898344 -0.070177 -0.392175 -0.185074
1482.900000000 -131.888040 61.888505 -188.340217 0.897671 -0.071108 -0.392462 -0.187359
1483.000000000 -131.949500 61.878021 -188.397152 0.897832 -0.071849 -0.391660 -0.187982
1483.100000000 -132.016081 61.888200 -188.458747 0.897685 -0.072413 -0.391528 -0.188743
1483.300000000 -132.216081 62.007977 -188.636765 0.898284 -0.070585 -0.392093 -0.185381
1483.500000000 -132.427444 62.143006 -188.830558 0.897922 -0.071022 -0.392246 -0.186642
1483.700000000 -132.551112 62.129784 -188.927199 0.897961 -0.071501 -0.391749 -0.187313
1483.800000000 -132.641946 62.144868 -189.002484 0.897820 -0.072087 -0.391497 -0.188288
1484.300000000 -133.214855 62.456199 -189.470927 0.897810 -0.071871 -0.391522 -0.188364
1484.500000000 -133.434051 62.634852 -189.642306 0.898331 -0.070873 -0.391637 -0.186006
1484.600000000 -133.515370 62.632258 -189.712739 0.898090 -0.071757 -0.391279 -0.187579
1484.900000000 -133.798053 62.808474 -189.970494 0.898975 -0.069689 -0.391283 -0.184077
1485.100000000 -133.989494 62.951557 -190.141096 0.898982 -0.069806 -0.391288 -0.183988
1485.200000000 -134.113944 63.005302 -190.246909 0.898573 -0.070372 -0.391526 -0.185263
1485.300000000 -134.208199 63.051692 -190.336592 0.898106 -0.071095 -0.391756 -0.186760
1485.400000000 -134.291518 63.109000 -190.422658 0.898583 -0.070407 -0.391453 -0.185352
1485.600000000 -134.463099 63.245614 -190.612469 0.898470 -0.069830 -0.391969 -0.185026
1486.000000000 -134.834031 63.496336 -191.002781 0.898915 -0.069519 -0.391848 -0.183234
1486.200000000 -135.002806 63.639585 -191.209923 0.898840 -0.069510 -0.391821 -0.183658
1486.500000000 -135.245888 63.842370 -191.515526 0.900227 -0.066911 -0.391585 -0.178258
1486.700000000 -135.404824 63.910883 -191.730625 0.899356 -0.069524 -0.390918 -0.183054
1486.800000000 -135.479626 63.950828 -191.840279 0.898829 -0.069397 -0.391854 -0.183689
1486.900000000 -135.565396 63.994423 -191.952940 0.899470 -0.069050 -0.391116 -0.182250
1487.000000000 -135.527734 64.107222 -191.975145 0.901538 -0.063592 -0.391740 -0.172407
1487.100000000 -135.492193 64.044002 -192.008417 0.902169 -0.062213 -0.391683 -0.169718
1487.200000000 -135.592381 64.104089 -192.164473 0.901544 -0.063066 -0.392103 -0.171743
1487.400000000 -135.691225 64.093485 -192.344559 0.901445 -0.063480 -0.391936 -0.172494
1488.100000000 -136.105544 64.261023 -193.078185 0.898441 -0.046486 -0.398745 -0.177890
1488.400000000 -136.324537 64.507384 -193.406884 0.899249 -0.042021 -0.401472 -0.168536
1488.500000000 -136.469018 64.501425 -193.560839 0.898413 -0.045143 -0.401017 -0.173209
1488.600000000 -136.460864 64.475159 -193.644381 0.897822 -0.043918 -0.403420 -0.170993
1489.000000000 -135.179637 65.097122 -192.794232 0.889689 -0.057051 -0.403909 -0.205078
1489.300000000 -134.763371 64.762749 -192.524571 0.854343 -0.114261 -0.394980 -0.317858
1489.700000000 -134.974752 64.020120 -192.821991 0.854401 -0.108170 -0.407941 -0.303122
1489.800000000 -135.026724 63.949468 -192.912894 0.853444 -0.109867 -0.407758 -0.305446
1489.900000000 -135.610207 64.224639 -193.377232 0.827463 -0.138248 -0.402580 -0.366228
1490.000000000 -135.532930 64.286092 -193.371366 0.832488 -0.132570 -0.405459 -0.353540
1490.400000000 -135.237434 64.876536 -194.725948 0.877642 -0.101772 -0.284814 -0.371843
1490.600000000 -135.413820 63.938349 -193.728310 0.884672 -0.072120 -0.409138 -0.211564
1490.700000000 -135.566308 64.031510 -193.855888 0.883270 -0.073651 -0.409598 -0.215961
1491.200000000 -135.763990 63.997832 -194.064890 0.853369 -0.109244 -0.411298 -0.301099
1491.300000000 -136.277917 64.200945 -194.445524 0.830940 -0.141088 -0.400963 -0.358972
1491.700000000 -138.338748 68.481055 -198.171599 0.814005 -0.157675 -0.338014 -0.445287
1491.800000000 -138.348766 68.482178 -198.238845 0.813837 -0.158049 -0.337629 -0.445754
1491.900000000 -138.388399 68.551638 -198.313427 0.815224 -0.154284 -0.338959 -0.443523
1492.000000000 -138.425158 68.565298 -198.418991 0.814907 -0.155452 -0.338324 -0.444182
1492.100000000 -138.487626 68.588437 -198.474108 0.812113 -0.149650 -0.343197 -0.447541
1492.200000000 -138.529632 68.565768 -198.571026 0.811491 -0.149777 -0.343155 -0.448658
1492.400000000 -138.419872 68.575194 -198.408803 0.847281 -0.094435 -0.189530 -0.487109
1492.600000000 -138.494416 68.553618 -198.576351 0.846988 -0.094683 -0.190647 -0.487134
1493.200000000 -138.258004 68.634356 -198.680667 0.801126 -0.184726 -0.454459 -0.342842
1493.300000000 -138.996294 68.634018 -199.303668 0.809048 -0.161122 -0.335730 -0.454716
1493.500000000 -136.391877 63.670223 -199.375547 0.879825 0.072057 -0.178360 -0.434629
1493.900000000 -132.620659 58.681052 -196.934063 0.870604 0.351628 -0.040606 -0.341698
1494.100000000 -130.880127 56.680466 -196.083705 0.870840 0.430222 -0.138052 -0.193621
1495.100000000 -125.916516 54.774130 -190.172786 0.720466 0.597402 -0.284808 0.207182
1495.300000000 -125.957505 54.578071 -190.279900 0.724011 0.593529 -0.290989 0.197120
1495.500000000 -125.915339 54.349719 -190.447234 0.725244 0.591388 -0.293870 0.194732
1495.600000000 -125.970723 54.212983 -190.541132 0.726482 0.589257 -0.297931 0.190361
1495.800000000 -126.940148 54.999335 -189.997056 0.696237 0.627759 -0.217088 0.272112
1496.300000000 -128.325267 55.106438 -190.049117 0.720295 0.602368 -0.279365 0.200707
1496.500000000 -128.256200 55.088814 -190.007828 0.720910 0.601824 -0.280726 0.198218
1496.700000000 -128.103586 54.932343 -190.101322 0.670393 0.647173 -0.170790 0.320268
1496.800000000 -128.189359 55.085405 -189.919315 0.721830 0.598960 -0.287608 0.193624
1497.000000000 -127.728853 55.555634 -189.290924 0.714184 0.610413 -0.264391 0.217796
1497.300000000 -127.444199 55.736475 -188.935264 0.715325 0.609451 -0.266147 0.214583
1497.400000000 -127.437662 55.635907 -188.996497 0.716659 0.607467 -0.270571 0.210176
1497.500000000 -127.359750 55.625901 -188.953091 0.718047 0.605671 -0.273498 0.206808
1497.600000000 -127.154141 55.643430 -188.890137 0.720682 0.602436 -0.279945 0.198288
1497.700000000 -127.105551 55.467586 -189.000891 0.723753 0.596619 -0.291224 0.188192
1497.800000000 -127.111837 55.456736 -189.007289 0.724199 0.595821 -0.292938 0.186333
1497.900000000 -127.114028 55.415319 -189.013643 0.725287 0.594745 -0.294941 0.182336
1498.000000000 -127.117127 55.405771 -188.985856 0.725586 0.593880 -0.296991 0.180631
1498.200000000 -126.770498 56.160308 -188.042019 0.722359 0.598796 -0.287546 0.192246
1498.300000000 -126.764686 56.174184 -187.998139 0.722776 0.598867 -0.287237 0.190912
1498.400000000 -127.007873 56.203000 -187.994783 0.720872 0.602457 -0.280325 0.196995
1498.500000000 -126.903946 56.258687 -187.877824 0.720995 0.601197 -0.283965 0.195172
1498.800000000 -126.419010 55.638177 -188.278461 0.700509 0.624907 -0.232727 0.254198
1499.000000000 -126.487541 55.497364 -188.370888 0.703990 0.621602 -0.240253 0.245537
1499.200000000 -126.516424 55.667635 -188.236868 0.696336 0.630230 -0.220814 0.262998
1499.300000000 -127.080339 55.877359 -188.077592 0.726603 0.593242 -0.298628 0.175877
1499.700000000 -128.180382 55.961557 -188.129779 0.748511 0.538131 -0.382335 0.062974
1499.900000000 -128.224890 55.975719 -188.080573 0.748063 0.537274 -0.384627 0.061652
1500.100000000 -127.420518 56.131337 -187.726557 0.724534 0.594313 -0.301702 0.175551
1500.300000000 -126.450035 56.315683 -187.184018 0.680039 0.642106 -0.192714 0.296830
1500.500000000 -126.262526 56.568591 -186.840386 0.680808 0.641770 -0.194710 0.294483
1500.700000000 -126.975716 56.676243 -186.912849 0.688868 0.635416 -0.215591 0.274276
1500.800000000 -127.274716 56.645796 -187.035541 0.723286 0.595167 -0.302874 0.175783
1501.100000000 -128.138129 56.708765 -187.145723 0.737036 0.569725 -0.344191 0.117150
1501.400000000 -128.234827 56.863660 -186.968261 0.735896 0.570230 -0.345581 0.117761
1502.100000000 -127.675139 57.315607 -186.271887 0.711800 0.610826 -0.278588 0.206450
1502.300000000 -128.203441 57.433665 -186.232679 0.735630 0.569057 -0.349528 0.113371
1502.400000000 -128.154190 57.477413 -186.150295 0.735284 0.569339 -0.349614 0.113935
1502.600000000 -128.195502 57.672527 -185.926710 0.735124 0.569293 -0.350395 0.112793
1502.700000000 -128.123682 57.740716 -185.824593 0.734616 0.569994 -0.349952 0.113925
1503.000000000 -127.359023 58.388244 -184.892418 0.709649 0.613096 -0.277255 0.208905
1503.100000000 -127.577655 58.392872 -184.879764 0.736507 0.568750 -0.349409 0.109520
1503.900000000 -127.836959 58.155833 -184.764365 0.746421 0.487562 -0.451393 -0.037197
1504.100000000 -128.063999 58.099420 -184.805744 0.745299 0.478063 -0.461756 -0.052598
1504.300000000 -128.649834 58.139377 -184.814397 0.743139 0.485043 -0.459048 -0.041881
1504.400000000 -128.239118 58.085850 -184.710202 0.743797 0.485625 -0.457403 -0.041445
1504.500000000 -128.540241 58.058676 -184.767820 0.742549 0.482277 -0.462355 -0.047522
1504.800000000 -130.019061 57.894405 -185.098786 0.734083 0.422332 -0.513960 -0.136394
1505.000000000 -129.669946 58.246137 -184.473697 0.738906 0.491326 -0.459927 -0.032909
1505.900000000 -130.532012 58.386891 -184.400090 -0.636037 -0.413811 0.649488 0.048819
1506.000000000 -129.752582 57.971162 -184.914444 0.639408 0.540001 -0.525159 0.154156
1506.100000000 -130.197889 55.323122 -182.364713 0.885975 0.460449 0.025980 -0.048573
1506.800000000 -126.778478 56.174556 -186.367052 -0.487396 -0.438609 0.718897 -0.230768
1506.900000000 -126.627075 56.314069 -186.368361 -0.486953 -0.439688 0.718329 -0.231419
1507.000000000 -126.447307 56.482703 -186.381925 -0.486538 -0.441937 0.716909 -0.232408
1507.100000000 -126.339533 56.607928 -186.374180 -0.486221 -0.442601 0.716524 -0.232994
1507.300000000 -126.360060 56.714962 -186.251169 -0.487244 -0.440996 0.717156 -0.231954
1507.500000000 -126.139398 56.930160 -186.215465 -0.488547 -0.437800 0.718842 -0.230042
1507.600000000 -126.027643 57.051292 -186.197316 -0.488784 -0.439116 0.717698 -0.230602
1507.800000000 -125.862200 57.266890 -186.147539 -0.487944 -0.440891 0.716757 -0.231916
1507.900000000 -125.795516 57.358105 -186.107993 -0.488251 -0.441278 0.716291 -0.231975
1508.000000000 -125.753794 57.443480 -186.082441 -0.488195 -0.440942 0.716418 -0.232339
1508.100000000 -125.664808 57.539213 -186.056692 -0.488422 -0.440455 0.716619 -0.232166
1508.300000000 -125.500550 57.723209 -186.027648 -0.490032 -0.438212 0.717520 -0.230226
1509.000000000 -125.169330 57.481418 -186.183784 -0.579846 -0.403554 0.671945 -0.222289
1509.100000000 -125.081261 57.546062 -186.127535 -0.579513 -0.403965 0.671974 -0.222323
1509.500000000 -127.268088 54.248332 -188.128736 -0.455012 -0.428310 0.616548 -0.478939
1509.800000000 -127.435835 52.709039 -187.778460 0.533877 0.407178 -0.150054 0.725717
1510.000000000 -127.199500 53.158825 -188.149423 0.344752 0.512458 -0.124643 0.776529
1510.100000000 -127.779933 52.808795 -187.278074 0.409472 0.600580 -0.392162 0.563778
1511.100000000 -128.926654 53.763834 -187.080994 0.232788 0.547200 0.049466 0.802456
1511.300000000 -129.135618 53.811472 -187.176738 0.230124 0.546538 0.051413 0.803552
1511.400000000 -129.261458 53.862364 -187.225157 0.228615 0.546045 0.052605 0.804240
1511.500000000 -129.393895 53.938649 -187.261362 0.228019 0.545709 0.053255 0.804595
1511.600000000 -129.488973 53.970745 -187.314334 0.227482 0.545214 0.053754 0.805049
1511.700000000 -129.597673 54.015580 -187.360486 0.226254 0.544812 0.054565 0.805613
1511.800000000 -129.701082 54.076177 -187.401712 0.226395 0.544626 0.054947 0.805673
1511.900000000 -129.804076 54.133491 -187.449864 0.225382 0.544531 0.055514 0.805982
1512.000000000 -129.872920 54.277262 -187.508577 0.232548 0.545486 0.050893 0.803602
1512.100000000 -129.948894 54.300669 -187.544815 0.231863 0.545155 0.051443 0.803989
1512.200000000 -130.096614 54.407630 -187.627041 0.229886 0.544711 0.052311 0.804802
1512.400000000 -130.322361 54.582641 -187.745355 0.226372 0.545113 0.054369 0.805389
1512.600000000 -130.524023 54.700901 -187.868499 0.225516 0.545219 0.055231 0.805499
1512.700000000 -130.610297 54.753692 -187.935257 0.225244 0.544690 0.055178 0.805936
1512.800000000 -130.706796 54.823328 -187.991963 0.225502 0.544458 0.055000 0.806033
1512.900000000 -130.821325 54.957482 -188.049864 0.230368 0.544950 0.052226 0.804508
1513.000000000 -130.897195 54.997911 -188.118943 0.229547 0.544428 0.052443 0.805081
1513.100000000 -131.009735 55.070510 -188.186890 0.227686 0.544808 0.053694 0.805270
1513.200000000 -131.110518 55.140679 -188.263050 0.226685 0.545107 0.054197 0.805317
1513.500000000 -131.845305 55.744020 -188.006250 0.443006 0.392725 0.057220 0.803890
1513.700000000 -131.534307 54.946557 -188.360030 0.431802 0.312512 -0.014325 0.845978
1513.800000000 -131.949543 56.000025 -189.340360 0.175893 0.638753 0.113272 0.740423
1514.000000000 -131.957384 55.848444 -188.608555 0.267503 0.178583 -0.151813 0.934614
1514.100000000 -132.047347 56.791849 -189.097491 0.212895 0.173909 -0.139518 0.951297
1514.200000000 -132.664398 57.616528 -187.933833 0.432477 0.366550 0.017021 0.823599
1514.300000000 -132.736136 58.388415 -187.556387 0.484325 0.370930 -0.012198 0.792270
1514.400000000 -132.611228 58.309369 -187.555855 0.491327 0.372903 -0.015920 0.786948
1514.800000000 -131.160168 59.840330 -189.528374 0.763577 0.168489 -0.387020 0.488648
1514.900000000 -131.164512 59.905032 -189.591899 0.762909 0.169170 -0.386571 0.489810
1515.000000000 -131.065810 60.058286 -189.583585 0.765117 0.166976 -0.387924 0.486036
1515.100000000 -130.948781 60.240316 -189.559861 0.768504 0.164391 -0.389254 0.480477
1515.400000000 -131.017227 59.032654 -190.240020 0.699982 0.541845 -0.114943 0.450795
1515.500000000 -131.107548 59.170636 -190.270287 0.711057 0.537267 -0.125993 0.435738
1516.100000000 -131.011049 59.749489 -189.903462 0.390928 0.601208 0.066013 0.693806
1516.200000000 -130.701761 59.715747 -189.248201 0.531866 0.438012 0.092230 0.718858
1516.300000000 -130.738083 59.736762 -189.325839 0.533338 0.437883 0.091349 0.717959
1516.400000000 -130.900070 59.909606 -189.374927 0.527625 0.437045 0.094694 0.722244
1516.500000000 -131.003461 59.979493 -189.456429 0.528783 0.436797 0.094220 0.721609
1516.900000000 -131.300129 60.346932 -189.658220 0.564541 0.440197 0.073172 0.694382
1517.000000000 -131.315131 60.282222 -189.773969 0.560475 0.439977 0.076042 0.697500
1517.700000000 -132.603834 60.035334 -190.719659 -0.170695 0.342648 0.517752 0.765107
1517.900000000 -132.414847 57.220585 -193.405134 -0.246794 0.305452 0.547483 0.738955
1518.200000000 -130.227697 54.969026 -194.732325 -0.569415 -0.093899 0.595208 0.559175
1518.300000000 -131.169772 55.105455 -194.471427 -0.529009 0.073669 0.573846 0.620825
1518.700000000 -129.646630 56.652924 -196.923327 0.773762 -0.425370 0.396317 -0.251568
1518.800000000 -129.080001 57.941900 -197.991052 0.678671 -0.527836 0.479983 -0.174389
1518.900000000 -127.690285 58.260427 -199.005204 0.537773 -0.382817 0.740136 0.128258
1519.500000000 -125.990066 54.442878 -200.838847 0.580677 0.278549 0.389243 0.658570
1519.600000000 -126.107153 54.688875 -201.406225 0.586516 0.282743 0.384810 0.654200
1519.800000000 -126.329965 54.879522 -201.610169 0.583139 0.280892 0.386500 0.657013
1519.900000000 -126.404765 54.957814 -201.698063 0.581903 0.280357 0.387190 0.657931
1520.000000000 -126.572476 55.087267 -201.691604 0.581386 0.279566 0.387303 0.658657
1520.100000000 -126.652423 55.177253 -201.733205 0.580405 0.279278 0.387556 0.659495
1520.200000000 -126.690054 55.228802 -201.784173 0.580062 0.278972 0.387494 0.659964
1520.300000000 -126.793912 55.328914 -201.801328 0.581779 0.280144 0.386687 0.658426
1520.400000000 -126.892027 55.432900 -201.854649 0.581937 0.280085 0.386408 0.658476
1520.600000000 -127.100857 55.646234 -201.931582 0.584319 0.281159 0.385221 0.656602
1520.900000000 -127.416267 55.945995 -202.010253 0.581955 0.279837 0.385805 0.658919
1521.000000000 -127.518845 56.040537 -202.024878 0.581332 0.279689 0.385810 0.659529
1521.300000000 -127.855140 56.352010 -202.102677 0.582564 0.280641 0.385213 0.658385
1521.400000000 -127.940800 56.441021 -202.133836 0.583987 0.281034 0.384620 0.657302
1522.200000000 -128.778777 57.156551 -202.351388 0.585567 0.282622 0.384241 0.655435
1522.300000000 -128.896299 57.231350 -202.379378 0.584106 0.281965 0.384640 0.656786
1522.400000000 -128.985753 57.299011 -202.413558 0.583438 0.281881 0.384930 0.657245
1522.500000000 -129.066114 57.363884 -202.447569 0.583650 0.282056 0.385063 0.656904
1522.600000000 -129.202963 57.463433 -202.473338 0.581673 0.281817 0.386257 0.658059
1522.900000000 -129.567822 57.730687 -202.562578 0.581990 0.281769 0.385854 0.658035
1524.200000000 -131.106191 58.854941 -202.944456 0.593145 0.286751 0.381618 0.648321
1524.300000000 -131.216379 58.909039 -202.951828 0.594187 0.287232 0.381016 0.647508
1524.400000000 -131.471518 59.074002 -202.975007 0.583255 0.281491 0.385934 0.656986
1524.600000000 -131.633770 59.173080 -203.036716 0.586865 0.283687 0.384542 0.653635
1525.100000000 -132.225616 59.507838 -203.139100 0.584443 0.281766 0.385498 0.656069
1525.200000000 -132.319738 59.556624 -203.138888 0.592362 0.286803 0.382237 0.648649
1525.400000000 -132.559723 59.691156 -203.195578 0.590343 0.285736 0.383217 0.650380
1525.600000000 -132.809303 59.825100 -203.222200 0.591460 0.286152 0.382731 0.649468
1525.700000000 -132.926833 59.885353 -203.262903 0.591620 0.286058 0.382513 0.649493
1526.000000000 -133.234485 60.034098 -203.334988 0.589865 0.284181 0.383444 0.651361
1526.100000000 -133.401064 60.138112 -203.317827 0.593629 0.286742 0.381891 0.647722
1526.400000000 -133.769831 60.317124 -203.413429 0.589199 0.284034 0.384201 0.651581
1527.300000000 -134.608518 60.594018 -204.084129 0.552974 0.260685 0.400929 0.682289
1527.600000000 -135.068627 60.854318 -204.129350 0.552214 0.259536 0.400859 0.683383
1527.700000000 -135.085644 60.829161 -204.153631 0.553390 0.259517 0.400312 0.682759
1527.800000000 -135.146541 60.847328 -204.242968 0.554609 0.259552 0.399864 0.682020
1528.100000000 -135.661327 61.154341 -204.290333 0.551760 0.259585 0.401686 0.683246
1528.200000000 -135.713567 61.171323 -204.348855 0.552041 0.259519 0.401858 0.682943
1528.700000000 -136.283154 61.470796 -204.505213 0.553011 0.259669 0.401228 0.682471
1529.300000000 -137.101145 61.924654 -204.605431 0.555376 0.260499 0.400334 0.680758
1529.400000000 -137.193698 61.982460 -204.666797 0.556144 0.261213 0.400364 0.679839
1529.500000000 -137.325169 62.054529 -204.676138 0.555138 0.260711 0.400773 0.680612
1530.000000000 -137.923146 62.419721 -204.867459 0.554824 0.260169 0.400937 0.680979
1530.100000000 -137.970602 62.453490 -204.930067 0.555157 0.260373 0.400986 0.680601
1530.300000000 -138.255005 62.668066 -204.985548 0.555738 0.260748 0.400798 0.680093
1530.700000000 -138.736127 63.047490 -205.083773 0.554388 0.260004 0.401391 0.681129
1530.900000000 -138.967187 63.252582 -205.065471 0.554857 0.260302 0.401311 0.680680
1531.300000000 -139.337714 63.653687 -205.281344 0.555353 0.260992 0.400943 0.680228
1531.400000000 -139.351914 63.718268 -205.368382 0.554361 0.260915 0.401662 0.680643
1531.600000000 -139.617601 64.013946 -205.340121 0.554298 0.260857 0.401550 0.680782
1531.700000000 -139.658662 64.105200 -205.366152 0.554410 0.260978 0.401412 0.680727
1532.000000000 -139.940612 64.516072 -205.448609 0.554705 0.261116 0.400992 0.680680
1532.200000000 -140.110453 64.771180 -205.499464 0.554354 0.261495 0.401311 0.680633
1532.700000000 -140.502843 65.456320 -205.653480 0.554309 0.260604 0.401106 0.681132
1532.800000000 -140.588784 65.606239 -205.670797 0.553405 0.261018 0.402172 0.681080
1533.000000000 -140.708614 65.872391 -205.706593 0.554554 0.261380 0.401960 0.680131
1533.100000000 -140.782557 66.039186 -205.755434 0.554039 0.260887 0.402127 0.680641
1533.300000000 -140.852539 66.338881 -205.789826 0.554962 0.261191 0.401252 0.680289
1533.400000000 -140.892979 66.488831 -205.838750 0.553464 0.260921 0.402049 0.681142
1533.500000000 -140.927950 66.649899 -205.889080 0.553893 0.260917 0.401593 0.681064
1533.700000000 -141.073057 66.982698 -205.958820 0.553181 0.260916 0.402656 0.681016
1533.900000000 -141.180552 67.336618 -205.976056 0.554769 0.262060 0.401609 0.679902
1534.100000000 -141.273151 67.670922 -206.067238 0.554090 0.261198 0.401392 0.680915
1534.200000000 -141.338055 67.858972 -206.091564 0.553583 0.260940 0.401328 0.681463
1534.800000000 -141.648131 68.844594 -206.267720 0.554628 0.262809 0.402190 0.679384
1535.000000000 -141.770085 69.208336 -206.302826 0.553897 0.263064 0.402660 0.679603
1535.100000000 -141.833977 69.390925 -206.361244 0.553439 0.263056 0.402666 0.679975
1535.200000000 -141.881370 69.554745 -206.389232 0.554230 0.262488 0.401850 0.680034
1535.300000000 -141.964532 69.754251 -206.412164 0.554203 0.262304 0.401320 0.680439
1535.700000000 -142.168197 70.416747 -206.512508 0.554049 0.262730 0.401392 0.680358
1535.800000000 -142.204005 70.552375 -206.556706 0.552619 0.263257 0.403225 0.680233
1536.100000000 -142.347370 71.027592 -206.635426 0.554340 0.263593 0.401500 0.679723
1536.500000000 -142.533890 71.596878 -206.761977 0.555087 0.265444 0.402873 0.677578
1536.600000000 -142.697315 71.817699 -206.783533 0.552342 0.264525 0.403725 0.679670
1536.800000000 -142.775204 72.087843 -206.853789 0.552797 0.263535 0.402301 0.680528
1537.300000000 -143.148292 72.768898 -207.028280 0.548294 0.274712 0.410778 0.674661
1537.500000000 -143.310566 73.019443 -207.113541 0.546438 0.275401 0.412693 0.674718
1537.600000000 -143.343755 73.113182 -207.140695 0.547202 0.275332 0.411931 0.674592
1537.700000000 -143.483835 73.258975 -207.146941 0.546187 0.275352 0.412326 0.675166
1537.900000000 -143.657276 73.470935 -207.198514 0.546833 0.274386 0.411687 0.675425
1538.100000000 -143.793731 73.645919 -207.253721 0.546370 0.274670 0.411983 0.675504
1538.200000000 -143.822787 73.705607 -207.299371 0.547649 0.274936 0.411263 0.674799
1538.400000000 -144.063656 73.896637 -207.325166 0.544868 0.273098 0.412481 0.677049
1538.500000000 -144.098324 73.944320 -207.378547 0.546655 0.273916 0.411935 0.675610
1538.600000000 -144.190800 74.019728 -207.391938 0.546212 0.273686 0.411963 0.676043
1539.000000000 -144.407110 74.180464 -207.540941 0.549660 0.275759 0.410823 0.673094
1539.200000000 -144.578026 74.267383 -207.570467 0.549250 0.275405 0.410882 0.673537
1539.300000000 -144.679785 74.313529 -207.600691 0.549936 0.275419 0.410710 0.673077
1539.500000000 -144.829092 74.368791 -207.648969 0.550511 0.275428 0.409894 0.673100
1540.600000000 -145.818939 74.467996 -207.931009 0.550994 0.273945 0.410099 0.673186
1540.800000000 -145.964730 74.439177 -207.966052 0.549836 0.273016 0.409841 0.674665
1541.000000000 -146.182894 74.437353 -208.010056 0.551590 0.273884 0.408947 0.673423
1542.000000000 -147.018550 74.161328 -208.256166 0.558898 0.262283 0.398832 0.678066
1542.100000000 -147.110083 74.156287 -208.273813 0.558652 0.263008 0.398955 0.677916
1542.400000000 -147.397112 74.138115 -208.317516 0.557020 0.263115 0.399459 0.678920
1542.800000000 -147.751519 74.095327 -208.420841 0.555785 0.263723 0.400700 0.678965
1542.900000000 -147.849670 74.072472 -208.452558 0.555250 0.263845 0.401732 0.678745
1543.000000000 -147.948256 74.076300 -208.480495 0.555318 0.263619 0.401455 0.678940
1543.200000000 -148.134423 74.076287 -208.526948 0.555452 0.262754 0.400922 0.679481
1543.500000000 -148.383296 74.107868 -208.581252 0.556315 0.263863 0.400577 0.678549
1543.600000000 -148.484439 74.129461 -208.599594 0.555705 0.263812 0.401017 0.678808
1543.700000000 -148.570646 74.145098 -208.622283 0.555794 0.264068 0.400989 0.678652
1543.800000000 -148.648797 74.133599 -208.615061 0.556552 0.265164 0.401430 0.677342
1543.900000000 -148.758460 74.163712 -208.652188 0.556976 0.264851 0.400957 0.677395
1544.700000000 -148.704729 73.836112 -210.108964 0.506084 0.243201 0.423888 0.710670
1544.800000000 -148.829119 73.897409 -210.085927 0.506067 0.243604 0.424061 0.710441
1544.900000000 -148.921186 73.942215 -210.088104 0.504878 0.243268 0.424410 0.711193
1545.000000000 -149.001341 73.996897 -210.109465 0.503318 0.241956 0.424758 0.712537
1545.700000000 -147.908723 73.446920 -210.532724 0.600876 0.295461 0.384604 0.635398
1545.800000000 -149.023445 74.041789 -209.879154 0.513163 0.244841 0.419716 0.707499
1545.900000000 -148.087642 73.596323 -210.587286 0.597521 0.292876 0.385710 0.639078
1546.000000000 -148.145386 73.664966 -210.602687 0.596283 0.291401 0.385533 0.641012
1546.100000000 -149.258693 74.250757 -210.087526 0.506155 0.239736 0.421238 0.713367
1546.200000000 -149.479495 74.545242 -210.260781 0.596080 0.289300 0.383949 0.643100
1546.300000000 -149.494903 74.591564 -210.353400 0.594743 0.288382 0.384359 0.644504
1546.400000000 -149.576850 74.673630 -210.390865 0.592979 0.287140 0.385000 0.646298
1547.300000000 -150.230953 75.419750 -210.404039 0.595755 0.289607 0.384283 0.643063
1547.400000000 -150.287884 75.512800 -210.498306 0.594527 0.288433 0.384644 0.644510
1548.100000000 -150.850376 76.222612 -210.765940 0.597027 0.293378 0.386239 0.638989
1548.200000000 -150.897012 76.315890 -210.819084 0.595791 0.292381 0.386475 0.640456
1548.300000000 -151.005941 76.442649 -210.774318 0.594729 0.291361 0.386505 0.641888
1548.400000000 -151.099851 76.537749 -210.762700 0.594801 0.290813 0.385765 0.642514
1548.900000000 -151.238078 76.672108 -209.116938 0.597177 0.290577 0.387992 0.639067
1550.100000000 -151.563887 76.848625 -205.260728 0.565394 0.267863 0.409340 0.664093
1550.200000000 -151.524673 76.893583 -205.446197 0.564254 0.267685 0.410435 0.664459
1550.400000000 -151.796009 77.082616 -205.084213 0.600179 0.288120 0.397372 0.631559
1551.700000000 -151.278307 76.176470 -202.077688 0.700253 0.354103 0.355513 0.507807
1552.100000000 -151.769119 76.318156 -201.948074 0.628082 0.309281 0.393361 0.595924
1552.300000000 -152.100921 76.433423 -201.979147 0.628013 0.309308 0.394804 0.595028
1553.300000000 -152.488376 76.923228 -201.492073 0.730973 0.414181 0.333518 0.427666
1553.400000000 -152.429469 76.834795 -201.287392 0.728060 0.415461 0.336125 0.429350
1553.500000000 -152.678538 76.822172 -201.322836 0.712418 0.412639 0.345666 0.450228
1554.100000000 -154.385302 77.714892 -201.816552 -0.631616 0.069161 0.750634 -0.181179
1554.200000000 -154.306440 77.621307 -201.718389 -0.629174 0.059614 0.751678 -0.188593
1554.300000000 -154.088647 77.516949 -201.629416 -0.626197 0.045557 0.752093 -0.200394
1554.400000000 -154.066334 77.594473 -201.548980 -0.638862 0.091602 0.746038 -0.163984
1554.500000000 -154.919629 78.136549 -201.564085 -0.660540 0.226229 0.714210 -0.049106
1554.900000000 -156.128973 79.128978 -201.063882 -0.648651 0.187478 0.733619 -0.076853
1555.000000000 -156.189493 79.642047 -201.163540 -0.650958 0.353038 0.668281 0.070841
1556.600000000 -154.171471 78.253391 -203.311423 -0.081682 0.575827 -0.358956 0.730001
1557.700000000 -155.350110 78.937225 -203.080832 -0.085973 0.574738 -0.355367 0.732120
1557.900000000 -155.617420 79.126146 -203.130205 -0.089629 0.576810 -0.351758 0.731794
1558.400000000 -156.662254 82.404529 -200.699180 0.271831 0.748403 -0.305716 0.522053
1558.500000000 -156.693556 82.480578 -200.647683 0.273619 0.747362 -0.308235 0.521127
1558.800000000 -158.116185 85.042629 -199.418291 0.037800 0.609928 -0.352560 0.708703
1559.100000000 -157.658226 83.995526 -200.629462 0.070272 0.583117 -0.330910 0.738604
1560.100000000 -155.456966 80.915979 -203.950705 0.151330 0.814206 -0.552876 0.092172
1560.200000000 -155.469960 80.983683 -203.903718 0.151822 0.809947 -0.559137 0.091115
1560.400000000 -155.509768 81.260466 -203.777375 0.151194 0.814017 -0.553161 0.092358
1560.700000000 -155.589363 81.655377 -203.624774 0.151034 0.813396 -0.554052 0.092743
1561.200000000 -155.750419 82.384307 -203.471238 0.151254 0.812380 -0.555652 0.091712
1561.400000000 -155.865409 82.665671 -203.402142 0.150654 0.812232 -0.555934 0.092298
1561.700000000 -156.052699 83.069771 -203.321102 0.150907 0.812740 -0.555176 0.091981
1562.500000000 -156.623005 84.613137 -203.174008 0.151221 0.812344 -0.555654 0.092078
1563.100000000 -157.263700 85.406943 -203.052505 0.151046 0.813520 -0.554029 0.091769
1563.200000000 -157.399782 85.513365 -202.990162 0.150970 0.814448 -0.552646 0.092007
1563.400000000 -157.599265 85.827534 -202.991509 0.151309 0.814398 -0.552729 0.091389
1563.600000000 -157.836757 86.167709 -202.985753 0.151432 0.813655 -0.553835 0.091108
1563.700000000 -157.928888 86.311342 -202.975344 0.151549 0.813607 -0.553809 0.091496
1564.500000000 -159.249855 87.332868 -201.591309 0.165264 0.714777 -0.676950 0.059330
1564.600000000 -159.370354 87.561657 -201.479094 0.163328 0.729594 -0.661038 0.063602
1565.700000000 -161.027095 88.284372 -200.485206 -0.067528 0.787772 -0.610756 -0.042802
1566.100000000 -161.213815 88.158285 -200.873314 0.161705 0.751600 -0.636536 0.061409
1566.700000000 -160.339606 89.065295 -202.214163 0.124539 0.772956 -0.621057 0.036299
1567.200000000 -160.094671 89.416500 -202.958127 0.089949 0.931651 -0.338948 0.095127
1568.200000000 -160.585588 90.768303 -202.808179 0.226248 0.862820 0.062999 0.447643
1568.300000000 -160.950360 91.192235 -202.249509 0.231547 0.863335 0.055053 0.444980
1569.100000000 -165.338144 90.191727 -201.584827 0.498950 0.513107 0.265353 0.646033
1569.300000000 -165.564491 90.181082 -201.524562 0.499242 0.512715 0.265894 0.645895
1569.400000000 -165.857344 90.443075 -201.082117 0.507120 0.514787 0.259652 0.640628
1569.500000000 -167.861937 90.926329 -201.564390 0.376921 0.458222 0.350960 0.724424
1570.300000000 -173.138381 86.857467 -206.270593 0.488103 0.521866 0.246771 0.654612
1570.900000000 -175.803054 86.217756 -208.535134 0.557173 0.538028 0.180824 0.606124
1571.000000000 -176.088126 86.339996 -208.324507 0.515976 0.522123 0.215707 0.643915
1571.100000000 -176.362739 86.401862 -208.255921 0.484450 0.509880 0.241801 0.668478
1571.200000000 -176.516074 86.517827 -208.497388 0.644036 0.606593 0.108190 0.453384
1571.600000000 -176.893071 85.598378 -209.161586 0.796732 0.537084 -0.277030 0.003730
1571.900000000 -178.159430 85.377722 -210.304444 0.887077 0.282751 0.045309 -0.362068
1572.000000000 -178.478420 84.668758 -210.463605 0.784110 0.440263 -0.390713 -0.196680
1572.500000000 -176.136267 85.878431 -210.870991 -0.008706 -0.333350 0.916371 -0.221510
1572.700000000 -175.754399 84.747345 -209.763081 0.152090 -0.158835 0.952523 -0.210572
1572.800000000 -175.655892 84.709936 -209.805219 0.152962 -0.160424 0.952145 -0.210442
1572.900000000 -175.753736 84.988937 -210.131966 0.151031 -0.134860 0.956558 -0.209758
1573.000000000 -176.078432 85.439340 -210.979741 0.156411 -0.133618 0.956493 -0.206889
1573.300000000 -174.828867 86.845443 -211.072642 0.276009 0.697021 -0.656425 -0.084190
1573.800000000 -173.651116 84.298690 -207.026700 0.543774 0.820572 -0.089204 -0.151706
1574.000000000 -174.073877 82.750223 -204.293352 0.542964 0.830971 0.119899 -0.017362
1574.100000000 -173.998809 82.393374 -202.351264 0.546623 0.826150 0.136621 0.003801
1574.200000000 -173.781098 80.728588 -200.734378 0.584396 0.760598 0.191639 -0.207957
1574.300000000 -173.708478 80.625606 -200.709413 0.585266 0.759833 0.194487 -0.205648
1574.400000000 -173.640526 80.469791 -200.563377 0.589164 0.755759 0.210439 -0.193466
1574.700000000 -173.582304 80.497890 -201.001342 0.595694 0.746793 0.242282 -0.169552
1575.200000000 -173.419241 80.701542 -201.758555 0.421667 0.814133 -0.098490 -0.386890
1575.600000000 -174.653681 80.576420 -201.872471 -0.323031 -0.674109 0.434315 0.502591
1575.800000000 -175.789736 80.476061 -201.226845 -0.499643 -0.424037 0.326956 0.680918
1575.900000000 -175.739316 80.436993 -201.297405 -0.500849 -0.425020 0.326016 0.679869
1576.000000000 -176.371914 80.791761 -202.009738 -0.542727 -0.453705 0.297891 0.640984
1576.100000000 -176.698899 81.098457 -203.099497 -0.558535 -0.466830 0.285822 0.623229
1576.200000000 -177.987104 81.002321 -203.383422 -0.501737 -0.398460 0.265811 0.720302
1576.400000000 -179.336543 78.316741 -200.743361 -0.258143 -0.265770 0.928817 -0.005185
1576.500000000 -179.570032 78.766956 -202.467300 -0.060259 -0.424554 0.655300 0.621856
1576.600000000 -178.972318 76.507573 -201.851709 0.160401 -0.092486 0.856429 0.481921
1576.700000000 -178.347072 76.993280 -202.797770 0.423909 -0.061315 0.448726 0.784338
1576.900000000 -176.786170 75.853010 -203.443533 0.623369 0.142319 -0.034414 0.768096
1577.000000000 -176.696790 74.285173 -203.252345 0.569279 0.140986 -0.036120 0.809160
1577.100000000 -175.803656 73.174146 -200.867364 0.731211 -0.181847 -0.208433 0.623552
1577.200000000 -176.870863 72.219301 -197.886850 0.777736 -0.086750 0.215510 0.584087
1578.200000000 -182.100656 60.212757 -196.679926 0.625564 -0.119844 0.737518 -0.224444
1578.400000000 -182.165338 59.866326 -196.827926 0.627402 -0.126190 0.736111 -0.220417
1579.100000000 -182.971821 59.497006 -196.679764 0.626316 -0.122380 0.736617 -0.223933
1579.600000000 -183.819112 59.451617 -196.370049 0.624570 -0.115268 0.743688 -0.208695
1580.500000000 -185.292641 59.676278 -195.409940 0.617340 -0.115144 0.749652 -0.208939
1581.000000000 -185.602456 59.170223 -194.994316 0.612270 -0.104974 0.751835 -0.221020
1581.300000000 -185.904409 58.516477 -194.988486 0.613904 -0.117481 0.750989 -0.212924
1581.400000000 -186.076474 58.346722 -194.976460 0.616597 -0.122970 0.748804 -0.209711
1582.100000000 -186.327529 58.079822 -194.139265 0.588320 -0.064056 0.763029 -0.259930
1582.500000000 -186.218181 58.080366 -193.515235 0.582029 -0.041677 0.762990 -0.278122
1582.600000000 -187.162620 57.808655 -193.704803 0.617559 -0.135882 0.747363 -0.203975
1582.700000000 -186.491078 57.652062 -193.508239 0.579297 -0.035517 0.762910 -0.284820
1583.100000000 -186.472328 57.363640 -193.159044 0.618001 -0.121609 0.745744 -0.217146
1583.400000000 -186.328992 57.329502 -192.807154 0.595388 -0.047067 0.750940 -0.281757
1583.500000000 -186.318972 57.165821 -192.834483 0.590693 -0.048980 0.754780 -0.281052
1583.600000000 -186.471764 57.031796 -192.842253 0.591897 -0.054684 0.755194 -0.276313
1583.800000000 -186.578171 56.786209 -192.809327 0.596554 -0.056651 0.751754 -0.275281
1583.900000000 -186.605459 56.662060 -192.795450 0.595591 -0.058223 0.753302 -0.272797
1584.000000000 -186.628380 56.528072 -192.780466 0.597224 -0.058994 0.751987 -0.272687
1584.300000000 -186.582850 56.410791 -192.632428 0.597552 -0.053683 0.751550 -0.274269
1584.500000000 -186.397231 56.776676 -192.307408 0.589449 -0.036476 0.754702 -0.285734
1584.600000000 -186.537693 56.569881 -192.415962 0.592484 -0.041909 0.753451 -0.281989
1584.800000000 -186.422578 56.574847 -192.306572 0.590206 -0.035382 0.753697 -0.286959
1584.900000000 -186.403998 56.519853 -192.323223 0.588989 -0.035294 0.754770 -0.286651
1585.000000000 -187.032211 55.775086 -192.864878 0.602902 -0.071256 0.750772 -0.260334
1585.100000000 -186.538830 56.317157 -192.442134 0.592595 -0.040199 0.753027 -0.283135
1585.200000000 -186.496714 56.295220 -192.440403 0.591375 -0.039449 0.753883 -0.283513
1585.700000000 -186.641260 56.025412 -192.687357 0.591753 -0.045524 0.754943 -0.278958
1585.800000000 -186.760679 55.978950 -192.787077 0.590757 -0.050711 0.756691 -0.275416
1586.500000000 -186.236872 56.055636 -192.992743 0.579235 -0.011511 0.756448 -0.303547
1586.600000000 -186.231132 55.911982 -193.165217 0.576425 -0.018591 0.760500 -0.298376
1586.800000000 -186.189122 56.028562 -193.251933 0.579939 -0.011262 0.755721 -0.304021
1587.000000000 -186.910904 55.224379 -193.970754 0.597415 -0.052159 0.752041 -0.273514
1587.100000000 -186.599053 55.715317 -193.675020 0.581975 -0.029222 0.759131 -0.290121
1587.600000000 -185.603915 57.469679 -193.617623 0.470925 0.017169 0.821174 -0.321881
1587.800000000 -185.565869 57.458465 -193.776916 0.474399 0.017732 0.819131 -0.321956
1587.900000000 -185.599573 57.449755 -193.949047 0.476960 0.015006 0.818539 -0.319810
1588.100000000 -186.311647 57.049154 -195.013415 0.490038 0.003612 0.827554 -0.273868
1588.300000000 -186.380486 56.260154 -194.837519 0.575902 -0.008703 0.782652 -0.236045
1588.500000000 -186.356742 55.723179 -196.232782 -0.720147 -0.050192 -0.387005 0.573669
1588.600000000 -186.244715 55.164529 -196.959131 -0.715918 -0.026912 -0.447405 0.535318
1588.700000000 -185.877177 55.086717 -197.605572 -0.718840 -0.028548 -0.445625 0.532797
1588.800000000 -185.554391 55.088945 -198.611056 -0.687770 -0.086350 -0.444887 0.567090
1589.000000000 -181.219057 52.670599 -198.849359 -0.734286 -0.006095 -0.201498 0.648217
1589.100000000 -178.851505 52.017050 -201.314577 -0.697443 -0.078658 0.213637 0.679518
1589.300000000 -174.311574 52.790983 -205.555735 -0.510744 -0.256522 0.601205 0.558470
1589.600000000 -172.489848 55.535568 -209.342250 -0.274311 -0.354239 0.820713 0.354539
1589.900000000 -173.847910 58.725800 -212.417932 -0.069315 -0.394548 0.894202 0.199827
1590.000000000 -173.865701 58.567442 -212.800030 -0.071355 -0.396775 0.893080 0.199716
1590.200000000 -173.922806 58.274938 -213.296155 -0.076623 -0.415543 0.884611 0.197273
1590.400000000 -174.076882 57.695196 -213.520852 -0.073882 -0.416626 0.884934 0.194567
1590.500000000 -174.034249 57.760859 -213.751077 -0.077558 -0.425963 0.880257 0.194135
1591.200000000 -173.862589 58.563766 -213.284652 0.070206 -0.317567 0.906808 0.268180
1591.300000000 -173.935085 58.483527 -213.409762 0.070443 -0.318937 0.906399 0.267878
1591.600000000 -173.935809 58.536104 -213.645279 0.059658 -0.353839 0.893318 0.270596
1591.700000000 -173.936417 58.556768 -213.729844 0.058708 -0.356678 0.892189 0.270800
1592.500000000 -173.632016 59.316571 -213.750469 0.133148 0.012992 0.979822 0.148501
1592.800000000 -173.570931 59.950771 -213.929498 0.152019 0.073846 0.975535 0.140601
1593.300000000 -173.177198 62.241385 -214.218848 0.140673 0.077271 0.975657 0.149445
1593.600000000 -172.727616 64.350757 -214.690010 0.136374 0.078300 0.974923 0.157472
1594.200000000 -172.144526 67.731685 -217.429430 0.088310 0.113174 0.975075 0.169182
1594.400000000 -171.741617 69.007481 -217.569019 0.101504 0.254993 0.948611 0.157518
1594.900000000 -170.582681 71.469430 -217.659619 0.067870 0.408944 0.899181 0.140113
1595.200000000 -169.916421 73.052357 -217.267728 0.070072 0.344020 0.923703 0.153339
1595.300000000 -169.909806 73.212456 -217.621172 0.068408 0.322577 0.931141 0.155694
1595.600000000 -169.503068 74.143385 -215.781054 0.097103 0.281668 0.940465 0.163581
1595.900000000 -169.340827 73.898027 -214.976437 0.114505 0.048523 0.973450 0.192170
1596.300000000 -169.677492 73.121513 -214.896750 0.106430 -0.143594 0.961013 0.210966
1596.800000000 -169.407249 72.822215 -213.519954 0.137187 0.085979 0.969469 0.184165
1597.000000000 -169.395086 72.455548 -213.164492 0.137638 0.088693 0.969280 0.183536
1597.300000000 -168.865671 73.960933 -214.114409 0.099401 -0.141272 0.961448 0.213960
1597.400000000 -168.614930 74.214956 -213.610238 0.133458 0.098453 0.968521 0.185641
1597.700000000 -168.370965 75.213465 -214.394056 0.091412 0.186739 0.961532 0.179522
1598.100000000 -168.176209 75.039232 -214.408130 0.082984 0.205333 0.958477 0.179646
1598.200000000 -168.191800 74.807697 -214.061967 0.085168 0.208830 0.957762 0.178404
1598.400000000 -167.802427 75.225496 -213.637508 0.082921 0.204707 0.958173 0.181998
1598.500000000 -168.043389 74.528863 -213.521537 0.084236 0.247759 0.948868 0.176550
1598.600000000 -168.460309 73.166419 -212.573409 0.084213 0.299721 0.935107 0.169266
1598.700000000 -167.181025 73.221349 -210.346567 0.048441 0.467191 0.881929 0.039835
1599.000000000 -164.254742 72.647873 -208.621085 0.525126 0.550445 0.647495 0.044757
1599.200000000 -162.390126 73.916202 -209.137180 0.489397 0.612265 0.616291 0.076214
1599.500000000 -159.376380 76.656930 -210.078579 0.504866 0.507927 0.650361 -0.253281
1599.800000000 -158.166273 79.342014 -209.725097 -0.345785 -0.310245 -0.708831 0.530792
1599.900000000 -158.040118 79.507636 -209.668241 -0.342493 -0.315137 -0.706561 0.533065
1600.000000000 -157.968798 79.671852 -209.607934 -0.339670 -0.318998 -0.704758 0.534958
1600.100000000 -157.976349 79.833743 -209.562775 -0.340136 -0.319159 -0.704597 0.534779
1600.200000000 -157.969606 79.848536 -209.637563 -0.342832 -0.315355 -0.706154 0.533259
1600.400000000 -157.920735 80.159444 -209.562472 -0.339130 -0.319058 -0.704346 0.535808
1600.500000000 -157.863242 80.291880 -209.536379 -0.337788 -0.321431 -0.703018 0.536979
1600.600000000 -157.892271 80.359015 -209.567873 -0.340180 -0.319082 -0.704008 0.535571
1600.700000000 -157.876031 80.487217 -209.542455 -0.340474 -0.318508 -0.704122 0.535576
1601.000000000 -157.831357 80.576783 -209.686753 -0.354379 -0.298078 -0.713609 0.525669
1601.500000000 -157.621176 81.484375 -209.381584 -0.344533 -0.312027 -0.707309 0.532588
1601.800000000 -157.495181 81.893249 -209.261125 -0.344433 -0.312212 -0.707053 0.532885
1601.900000000 -157.447589 82.027829 -209.235536 -0.343877 -0.312765 -0.706531 0.533610
1602.000000000 -157.443499 82.112901 -209.175271 -0.344828 -0.311688 -0.707533 0.532298
1602.300000000 -157.346433 82.372973 -209.146049 -0.350957 -0.303249 -0.711145 0.528340
1603.000000000 -157.105542 83.262504 -208.798439 -0.350230 -0.305226 -0.709609 0.529747
1603.200000000 -157.010373 83.529324 -208.665152 -0.350638 -0.304177 -0.710213 0.529270
1603.500000000 -156.900762 83.871008 -208.498104 -0.352659 -0.303093 -0.710318 0.528408
1603.900000000 -156.778620 84.407472 -208.203709 -0.353045 -0.302044 -0.710646 0.528310
1604.000000000 -156.720655 84.488048 -208.155283 -0.349780 -0.306122 -0.708693 0.530752
1604.600000000 -156.495574 85.272853 -207.585758 -0.365489 -0.287436 -0.718148 0.517747
1605.100000000 -156.180250 86.416694 -206.708749 -0.288153 -0.382675 -0.669759 0.567407
1605.200000000 -156.364653 86.098765 -206.948218 -0.367021 -0.283326 -0.719294 0.517337
1605.600000000 -156.353213 86.887096 -206.265341 -0.309267 -0.359008 -0.683073 0.555769
1606.200000000 -156.328039 87.403652 -205.532761 -0.304682 -0.364359 -0.680027 0.558547
1606.800000000 -156.149765 87.542301 -204.883572 -0.361589 -0.290550 -0.715393 0.522538
1607.200000000 -156.399260 88.200273 -204.095863 -0.304152 -0.366854 -0.678033 0.559625
1607.300000000 -156.342444 88.252432 -203.946492 -0.303823 -0.368807 -0.677072 0.559685
1607.400000000 -156.070267 87.911178 -203.969869 -0.362894 -0.291467 -0.714931 0.521755
1607.900000000 -156.037230 88.208306 -203.144162 -0.360250 -0.296887 -0.712602 0.523714
1608.100000000 -156.451141 88.833087 -202.610762 -0.300905 -0.371402 -0.675471 0.561476
1608.200000000 -156.495602 88.897591 -202.434404 -0.301640 -0.370656 -0.676204 0.560693
1608.300000000 -156.060474 88.535319 -202.455975 -0.362651 -0.292945 -0.714386 0.521842
1608.400000000 -156.462013 89.056610 -202.099787 -0.301695 -0.372238 -0.674972 0.561098
1608.500000000 -156.528950 89.131646 -201.955713 -0.303176 -0.371345 -0.675447 0.560320
1608.700000000 -156.073363 88.780604 -201.821907 -0.362783 -0.293104 -0.714286 0.521798
1608.800000000 -156.540520 89.333695 -201.449077 -0.301929 -0.370320 -0.676197 0.560766
1608.900000000 -156.625050 89.395518 -201.293190 -0.303986 -0.371560 -0.675936 0.559148
1609.500000000 -156.724467 90.410882 -200.037591 -0.380830 -0.278439 -0.719934 0.509053
1609.700000000 -156.478602 90.410371 -199.809064 -0.348744 -0.318005 -0.703159 0.531807
1609.900000000 -156.419027 90.634637 -199.516309 -0.350999 -0.314703 -0.704511 0.530496
1610.400000000 -156.631122 91.115267 -198.907735 -0.352180 -0.318042 -0.703819 0.528637
1611.000000000 -156.708450 91.721495 -198.355067 -0.361454 -0.321038 -0.701883 0.523112
1611.100000000 -156.821376 91.853411 -198.295055 -0.360680 -0.322531 -0.700816 0.524157
1611.400000000 -156.913980 92.251881 -198.027340 -0.361521 -0.320091 -0.702395 0.522959
1611.600000000 -156.966453 92.556371 -197.851306 -0.363102 -0.318937 -0.702832 0.521980
1611.700000000 -156.935218 92.637744 -197.814799 -0.364522 -0.320513 -0.701589 0.521698
1611.800000000 -156.846741 92.733859 -197.741242 -0.363098 -0.321082 -0.701332 0.522685
1611.900000000 -156.828630 92.809347 -197.703299 -0.360547 -0.323487 -0.699961 0.524802
1612.200000000 -156.349766 92.942273 -197.543109 -0.338324 -0.348753 -0.688099 0.538913
1612.300000000 -156.441057 93.032969 -197.531787 -0.357025 -0.322418 -0.700948 0.526547
1612.800000000 -156.324448 93.175927 -197.578158 -0.359930 -0.314160 -0.705359 0.523663
1612.900000000 -155.834200 92.713936 -197.808228 -0.353689 -0.325011 -0.699497 0.529127
1613.200000000 -155.588454 92.533454 -198.035953 -0.280155 -0.412399 -0.651477 0.571855
1614.000000000 -155.169884 92.908209 -198.101026 -0.242327 -0.523752 -0.593509 0.560988
1614.300000000 -155.057827 93.192903 -198.163242 -0.189812 -0.538880 -0.565774 0.594542
1614.900000000 -154.146650 93.836994 -198.274118 -0.131495 -0.580923 -0.512677 0.618385
1615.000000000 -155.131274 93.880599 -198.457103 -0.191566 -0.536729 -0.567305 0.594466
1615.100000000 -155.279420 93.939829 -198.507034 -0.218226 -0.516215 -0.588950 0.582269
1615.200000000 -155.263129 94.180622 -198.466043 -0.212391 -0.516330 -0.587357 0.585923
1617.000000000 -154.146295 100.624895 -203.834526 -0.199967 -0.095953 -0.753428 0.618993
1617.100000000 -154.038351 100.685550 -203.914693 -0.201604 -0.093991 -0.753779 0.618335
1617.200000000 -154.086324 100.850242 -203.816596 -0.218878 -0.078816 -0.754536 0.613642
1617.400000000 -154.453860 101.147615 -204.487421 -0.276684 -0.079079 -0.595527 0.750027
1617.700000000 -154.353418 100.709441 -205.994721 -0.148209 -0.155523 -0.575236 0.789272
1618.800000000 -153.710199 97.341451 -206.907703 -0.392184 0.354028 0.723254 -0.444701
1618.900000000 -153.640929 97.361381 -206.825523 -0.393714 0.355373 0.722512 -0.443481
1619.000000000 -152.530766 97.083992 -206.906183 -0.397932 0.359020 0.719068 -0.442375
1620.900000000 -149.693853 103.865929 -202.086977 0.301963 0.510203 0.804687 0.031466
1621.100000000 -149.582076 104.039997 -200.696878 0.224384 0.516632 0.808334 0.171290
1622.100000000 -152.094885 105.431929 -200.141530 -0.607668 0.399735 0.185644 0.660672
1622.300000000 -151.902508 105.697817 -200.176929 -0.606572 0.400038 0.185272 0.661600
1622.400000000 -151.829588 105.789441 -200.216243 -0.605933 0.400223 0.184820 0.662199
1622.500000000 -151.743693 105.931242 -200.237351 -0.603784 0.400617 0.183744 0.664221
1623.000000000 -150.480321 105.624306 -199.747343 -0.606269 0.397349 0.183160 0.664082
1623.400000000 -150.093489 106.060607 -199.999637 -0.605121 0.396960 0.182514 0.665537
1623.500000000 -149.971306 106.189589 -200.075469 -0.605609 0.396741 0.182524 0.665221
1623.900000000 -149.633942 106.582036 -200.394227 -0.606073 0.396999 0.182694 0.664597
1624.000000000 -149.526662 106.697569 -200.441120 -0.605546 0.398498 0.181849 0.664413
1624.600000000 -147.925466 106.565110 -200.065662 -0.606519 0.394587 0.180398 0.666252
1625.000000000 -147.457767 106.974811 -200.423622 -0.604734 0.394928 0.179516 0.667909
1625.200000000 -147.265970 107.123267 -200.631921 -0.606703 0.394227 0.179842 0.666448
1625.400000000 -147.055565 107.245605 -200.810756 -0.606409 0.394431 0.180129 0.666518
1625.500000000 -146.926301 107.375728 -200.899343 -0.608562 0.394180 0.180620 0.664568
1625.700000000 -146.731766 107.567562 -201.101864 -0.608065 0.394280 0.180065 0.665114
1626.300000000 -146.028798 108.197288 -201.630402 -0.609085 0.393927 0.180475 0.664279
1626.400000000 -145.911784 108.301585 -201.694288 -0.609449 0.393802 0.180874 0.663911
1626.700000000 -145.603989 108.578966 -201.983704 -0.609616 0.393532 0.180551 0.664005
1627.000000000 -145.270132 108.959670 -202.211493 -0.608248 0.394284 0.179470 0.665105
1627.400000000 -144.876609 109.396362 -202.469185 -0.608256 0.387309 0.187496 0.666980
1627.600000000 -144.716594 109.616474 -202.605541 -0.607220 0.384463 0.189503 0.669000
1627.900000000 -144.490223 109.877355 -202.747879 -0.608742 0.385366 0.189637 0.667057
1628.600000000 -144.081429 110.590189 -203.022415 -0.608542 0.386833 0.187898 0.666882
1629.300000000 -143.809352 111.264665 -203.096328 -0.607851 0.388528 0.186261 0.666985
1629.400000000 -143.821798 111.348338 -203.121286 -0.608555 0.388150 0.186954 0.666370
1630.200000000 -143.712923 112.014892 -202.959899 -0.608915 0.389796 0.186219 0.665285
1630.300000000 -143.814843 112.167663 -203.049519 -0.609347 0.388209 0.187202 0.665542
1630.400000000 -143.742837 112.202114 -202.940868 -0.609233 0.389169 0.186725 0.665219
1630.800000000 -143.763958 112.524870 -202.802528 -0.609649 0.389088 0.186543 0.664936
1631.500000000 -143.927624 113.077410 -202.500371 -0.609403 0.389970 0.186125 0.664762
1631.600000000 -143.950359 113.147914 -202.451872 -0.608914 0.390233 0.185887 0.665123
1631.900000000 -144.017326 113.353243 -202.284570 -0.609103 0.390126 0.185558 0.665104
1632.200000000 -144.098961 113.566668 -202.126214 -0.609916 0.390945 0.184651 0.664130
1632.400000000 -144.169250 113.692998 -201.996937 -0.611058 0.397594 0.179308 0.660588
1632.500000000 -144.227086 113.776332 -201.956869 -0.610310 0.399377 0.177419 0.660713
1632.700000000 -144.291043 113.925597 -201.849005 -0.611678 0.399581 0.177657 0.659260
1632.800000000 -144.335846 114.011177 -201.799259 -0.610977 0.400103 0.177286 0.659693
1633.000000000 -144.386724 114.152756 -201.678033 -0.611513 0.397957 0.178907 0.660056
1633.400000000 -144.488012 114.484212 -201.503641 -0.610937 0.397747 0.178740 0.660761
1634.000000000 -144.571197 114.936792 -201.255191 -0.610857 0.396529 0.179516 0.661357
1634.300000000 -144.611930 115.220171 -201.135646 -0.610111 0.397345 0.179281 0.661620
1634.400000000 -144.690692 115.209658 -201.137255 -0.612170 0.396060 0.181277 0.659942
1634.700000000 -144.640487 115.556961 -201.015455 -0.610635 0.396117 0.180790 0.661462
1634.800000000 -144.636610 115.651271 -200.997448 -0.610509 0.396021 0.180868 0.661614
1634.900000000 -144.641003 115.738978 -200.987495 -0.611073 0.395637 0.180909 0.661312
1635.000000000 -144.636384 115.835069 -200.960091 -0.610214 0.395874 0.180813 0.661989
1635.100000000 -144.617638 115.928243 -200.922643 -0.610152 0.395472 0.181132 0.662198
1635.200000000 -144.709718 115.968822 -200.982322 -0.610143 0.394509 0.181698 0.662626
1635.300000000 -144.627197 116.091335 -200.899294 -0.611048 0.394908 0.181493 0.661610
1635.600000000 -144.548923 116.387370 -200.812506 -0.610149 0.394996 0.181534 0.662376
1636.200000000 -144.463623 116.936723 -200.784259 -0.610829 0.394324 0.182588 0.661860
1636.900000000 -144.314605 117.551574 -200.826900 -0.611212 0.393467 0.183139 0.661864
1637.200000000 -144.168378 117.906594 -200.857539 -0.611228 0.394264 0.182378 0.661585
1637.300000000 -144.084213 118.028464 -200.835345 -0.610416 0.394206 0.182158 0.662429
1637.400000000 -144.002456 118.172864 -200.823490 -0.609371 0.394301 0.181798 0.663434
1638.100000000 -143.788432 118.773497 -201.009531 -0.611039 0.393380 0.182726 0.662189
1639.000000000 -143.306027 119.702148 -201.241447 -0.609696 0.392777 0.182399 0.663873
1639.100000000 -143.247462 119.783204 -201.255320 -0.609442 0.393180 0.182415 0.663863
1639.300000000 -143.109024 120.025502 -201.304598 -0.609941 0.393000 0.182744 0.663420
1640.300000000 -142.908179 120.631634 -201.774999 -0.606569 0.393768 0.179454 0.666946
1640.900000000 -142.563954 121.257886 -201.937233 -0.610530 0.392625 0.181576 0.663422
1641.000000000 -142.468193 121.388674 -201.962218 -0.608938 0.391965 0.181384 0.665325
1641.700000000 -142.036736 122.281710 -202.143876 -0.608166 0.391613 0.181531 0.666198
1642.500000000 -141.695708 123.141050 -202.305003 -0.610912 0.390100 0.183757 0.663959
1642.800000000 -141.442571 123.657866 -202.274490 -0.608338 0.390373 0.182562 0.666487
1642.900000000 -141.381112 123.774192 -202.268895 -0.610397 0.389473 0.183713 0.664813
1643.200000000 -141.426885 123.971763 -202.333037 -0.613141 0.388513 0.185756 0.662276
1643.400000000 -141.447156 124.150042 -202.391334 -0.613626 0.388377 0.185722 0.661917
1644.000000000 -141.201173 125.132585 -202.279604 -0.609056 0.390966 0.182934 0.665381
1644.200000000 -141.149521 125.375388 -202.188072 -0.613132 0.388929 0.185500 0.662113
1644.300000000 -141.133920 125.521699 -202.160718 -0.613976 0.389936 0.185087 0.660853
1644.500000000 -141.142322 125.807024 -202.096996 -0.612345 0.389658 0.185425 0.662433
1644.800000000 -141.107725 126.284157 -201.975647 -0.609393 0.391131 0.183177 0.664908
1645.100000000 -141.148457 126.699608 -201.816298 -0.608717 0.391151 0.183520 0.665420
1645.400000000 -141.190307 127.128774 -201.652999 -0.610450 0.390390 0.184955 0.663881
1645.500000000 -141.211774 127.268995 -201.594677 -0.611080 0.389924 0.185112 0.663531
1646.000000000 -141.303518 128.057054 -201.259063 -0.610056 0.390760 0.183862 0.664330
1646.100000000 -141.368835 128.177411 -201.188930 -0.609807 0.389619 0.184956 0.664923
1646.900000000 -138.317919 126.304031 -201.937201 -0.695206 0.256706 -0.069438 0.667809
1647.200000000 -138.136695 126.848412 -201.876053 -0.624052 0.335968 0.099242 0.698452
1647.600000000 -138.271145 128.626878 -201.179943 -0.551704 0.553102 0.191999 0.594001
1648.300000000 -138.168567 133.020705 -203.745295 -0.501983 0.848392 0.168059 0.000909
1649.100000000 -139.242465 135.451453 -207.534421 -0.127500 0.897547 0.128457 -0.402059
1649.300000000 -139.342922 135.574721 -207.819385 -0.126798 0.896919 0.130167 -0.403131
1649.900000000 -139.660603 134.803750 -208.221023 -0.247538 0.840033 0.178823 -0.448433
1650.000000000 -139.786060 135.920457 -208.709212 -0.128674 0.898169 0.124942 -0.401403
1650.500000000 -139.888480 138.484227 -208.645992 -0.009774 0.980575 0.066671 -0.184209
1651.400000000 -140.832107 142.427209 -211.197506 -0.051786 0.983591 0.112249 0.131407
1651.500000000 -139.889663 142.760696 -209.406582 0.006078 0.960369 0.181625 -0.211347
1652.500000000 -140.927069 142.094495 -210.676958 -0.029597 0.977447 -0.007879 -0.208950
1652.600000000 -141.034928 142.048159 -210.902166 -0.030312 0.977637 -0.014653 -0.207589
1653.000000000 -141.236419 141.889760 -213.840179 -0.181368 0.932250 0.102360 0.295868
1653.100000000 -141.034256 142.390119 -212.201579 -0.055818 0.982530 0.107514 0.141281
1653.400000000 -139.867611 142.761393 -210.888263 -0.054382 -0.650365 -0.150782 0.742518
1653.600000000 -136.842016 141.636638 -212.104588 -0.116242 -0.370730 -0.183345 0.903012
1653.700000000 -135.654893 141.299073 -212.749089 -0.013460 -0.375165 -0.142366 0.915861
1654.300000000 -136.565639 141.486927 -213.492877 0.411446 -0.374274 -0.124384 0.821681
1654.500000000 -136.752986 141.236847 -213.374857 0.406632 -0.372383 -0.125851 0.824708
1654.600000000 -136.807262 141.073728 -213.332795 0.408081 -0.373232 -0.125462 0.823667
1655.000000000 -136.993576 140.667921 -212.918368 0.407915 -0.372563 -0.126255 0.823931
1655.800000000 -137.410880 139.753551 -212.221984 0.411064 -0.372696 -0.123998 0.822647
1656.000000000 -137.544997 139.498973 -212.075289 0.411409 -0.373138 -0.123622 0.822331
1656.100000000 -137.572014 139.366622 -212.012401 0.411213 -0.372566 -0.123957 0.822638
1656.300000000 -137.679038 139.166746 -211.825965 0.413145 -0.372356 -0.122922 0.821920
1656.500000000 -137.799967 138.925642 -211.657159 0.412379 -0.372510 -0.124113 0.822056
1656.600000000 -137.883921 138.782833 -211.610409 0.411242 -0.372275 -0.124320 0.822700
1656.700000000 -137.936248 138.667873 -211.526619 0.412050 -0.372640 -0.124547 0.822096
1657.000000000 -138.161849 138.335675 -211.314594 0.411470 -0.371560 -0.124065 0.822948
1657.200000000 -138.289119 138.128581 -211.176061 0.411474 -0.371554 -0.124604 0.822867
1657.300000000 -138.367160 138.008864 -211.097269 0.411991 -0.371849 -0.124658 0.822467
1657.400000000 -138.426951 137.927432 -211.021362 0.410605 -0.371416 -0.124988 0.823305
1657.600000000 -138.554136 137.767271 -210.908103 0.406939 -0.369814 -0.126607 0.825596
1657.700000000 -138.633757 137.653341 -210.849506 0.406382 -0.370357 -0.127375 0.825509
1657.800000000 -138.767039 137.493643 -210.787904 0.406171 -0.369707 -0.126897 0.825978
1658.000000000 -138.899106 137.369399 -210.655265 0.404979 -0.369853 -0.127465 0.826410
1658.100000000 -138.708579 137.026540 -210.560218 0.532327 -0.284993 -0.050441 0.795527
1659.100000000 -137.869132 136.744637 -211.047736 0.535296 -0.401049 -0.054559 0.741378
1659.200000000 -137.847686 136.733501 -210.928255 0.535827 -0.400365 -0.054921 0.741337
1659.400000000 -137.413184 136.769057 -210.736441 0.606650 -0.109574 -0.511431 0.598672
1659.500000000 -137.216429 136.251610 -210.797550 0.568419 -0.188206 -0.494947 0.629687
1659.700000000 -137.535205 135.619721 -211.026341 0.750033 0.240969 -0.524640 0.322701
1659.800000000 -137.536967 135.523643 -211.016345 0.750758 0.239986 -0.524936 0.321264
1659.900000000 -137.551440 135.434868 -211.011677 0.751326 0.238896 -0.525474 0.319866
1660.000000000 -137.614802 135.317767 -211.018495 0.751537 0.238673 -0.525574 0.319375
1660.100000000 -137.662273 135.232017 -211.021764 0.751855 0.238087 -0.525856 0.318598
1660.400000000 -137.914688 134.952963 -211.042176 0.753976 0.234061 -0.527101 0.314482
1660.500000000 -137.976569 134.839074 -211.040583 0.754463 0.233744 -0.526916 0.313860
1660.600000000 -138.034225 134.756221 -211.032594 0.754114 0.234325 -0.526787 0.314483
1660.700000000 -138.195574 134.608921 -211.063346 0.754456 0.233420 -0.527331 0.313422
1660.800000000 -138.279791 134.557588 -211.058422 0.753993 0.233935 -0.527200 0.314371
1660.900000000 -138.337613 134.461888 -211.053361 0.755087 0.232467 -0.527476 0.312366
1661.000000000 -138.444383 134.349424 -211.054919 0.755093 0.232712 -0.527159 0.312704
1661.200000000 -138.662924 134.210421 -211.054259 0.754744 0.231237 -0.528207 0.312872
1661.400000000 -138.912749 133.962140 -211.056939 0.756095 0.229191 -0.528865 0.309990
1661.600000000 -139.119297 133.758925 -211.052064 0.756634 0.228261 -0.529198 0.308789
1662.000000000 -140.121761 132.928968 -211.294065 0.695719 0.312720 -0.484324 0.428499
1662.200000000 -140.325545 132.632705 -211.264042 0.689429 0.319564 -0.480805 0.437486
1662.400000000 -141.181823 132.537492 -211.437382 0.758763 0.223513 -0.532863 0.300627
1662.500000000 -140.537175 132.181408 -211.170111 0.688511 0.321062 -0.479640 0.439110
1663.000000000 -140.805940 131.789538 -211.129185 0.711737 0.292007 -0.494709 0.404260
1663.100000000 -140.893872 131.492954 -211.072534 0.698608 0.310157 -0.484500 0.425452
1663.700000000 -141.197330 130.594301 -210.666362 0.617980 0.496757 -0.519647 0.318278
1663.900000000 -141.560860 130.292272 -211.019420 0.688944 0.320986 -0.478530 0.439696
1664.100000000 -141.382520 131.207216 -210.980523 0.742357 0.248622 -0.524356 0.334880
1664.200000000 -141.367180 131.133658 -210.930594 0.750754 0.236562 -0.528129 0.318570
1664.900000000 -141.690926 128.996078 -211.034288 0.615025 0.498966 -0.518434 0.322495
1665.600000000 -142.356991 128.352908 -211.387823 0.717634 0.286871 -0.499927 0.390870
1665.800000000 -142.559728 128.074220 -211.525320 0.718551 0.285877 -0.500396 0.389310
1665.900000000 -143.343214 129.357393 -211.780512 0.758772 0.227490 -0.528465 0.305350
1666.000000000 -142.758222 127.825917 -211.664207 0.717060 0.287199 -0.499484 0.392247
1666.100000000 -142.961513 127.655830 -211.783276 0.717250 0.286628 -0.500129 0.391494
1666.200000000 -142.995312 127.564178 -211.828712 0.716723 0.286428 -0.500366 0.392302
1666.300000000 -142.960684 127.536041 -211.863065 0.716561 0.286837 -0.500149 0.392576
1666.800000000 -142.261227 126.888643 -212.297859 0.658900 0.422648 -0.577080 0.232804
1667.000000000 -143.112544 126.920671 -212.233978 0.715334 0.289817 -0.498889 0.394224
1667.200000000 -143.158150 126.749228 -212.365763 0.715632 0.290183 -0.498784 0.393548
1667.500000000 -143.140751 127.809925 -212.345790 0.764327 0.219752 -0.531660 0.291290
1668.400000000 -142.047581 127.090282 -212.396761 0.712314 0.295367 -0.500137 0.393992
1668.700000000 -142.728323 125.874166 -212.924965 0.714354 0.292295 -0.500322 0.392352
1668.900000000 -143.018092 125.510580 -213.158488 0.714747 0.290733 -0.501063 0.391851
1669.100000000 -143.106993 125.239695 -213.347742 0.717211 0.287108 -0.503713 0.386588
1669.300000000 -143.140363 125.093099 -213.451495 0.716551 0.289740 -0.501126 0.389202
1669.500000000 -143.209142 124.842030 -213.590623 0.720722 0.285133 -0.503309 0.382019
1669.600000000 -143.293501 124.713987 -213.670999 0.720043 0.285213 -0.503607 0.382847
1669.700000000 -143.450460 124.576865 -213.778293 0.715751 0.290240 -0.500938 0.390541
1669.800000000 -143.587323 124.424325 -213.883603 0.716180 0.291040 -0.499612 0.390858
1670.100000000 -143.589916 124.198723 -214.036926 0.713282 0.292487 -0.500897 0.393424
1670.400000000 -143.651399 123.909157 -214.196962 0.717447 0.288506 -0.502933 0.386125
1670.600000000 -143.485556 123.811411 -214.192101 0.716459 0.291866 -0.499823 0.389458
1670.900000000 -144.676359 124.606121 -214.799931 0.769101 0.225820 -0.522339 0.290948
1671.500000000 -144.986291 124.115788 -215.093114 0.767781 0.229379 -0.520726 0.294522
1672.300000000 -144.242035 123.024211 -214.736718 0.661271 0.359451 -0.454867 0.476038
1672.400000000 -143.762872 124.516113 -214.769536 0.714690 0.308127 -0.487463 0.395797
1672.600000000 -143.191010 125.571601 -214.753012 0.794685 0.185863 -0.527748 0.235399
1672.700000000 -143.247075 125.477847 -214.780630 0.794952 0.185967 -0.527358 0.235289
1672.800000000 -143.379653 125.409388 -214.826327 0.793141 0.187488 -0.529468 0.235455
1673.200000000 -144.126099 125.073556 -215.070496 0.785332 0.195025 -0.541677 0.227608
1673.400000000 -144.109310 124.910459 -215.055769 0.783486 0.196127 -0.543004 0.229848
1674.000000000 -144.904394 124.660428 -215.273633 0.774841 0.205614 -0.543695 0.248476
1674.100000000 -144.836174 124.732816 -215.225382 0.772369 0.209849 -0.542524 0.255104
1674.200000000 -144.774831 124.663082 -215.193184 0.772423 0.212582 -0.539892 0.258241
1674.400000000 -144.921976 124.287200 -215.215602 0.790682 0.163786 -0.556509 0.195687
1675.100000000 -145.002640 123.729526 -215.181949 0.794926 0.166821 -0.542850 0.213488
1675.300000000 -146.032423 123.380988 -215.317963 0.794206 0.155888 -0.553666 0.195934
1675.400000000 -146.942290 123.053200 -215.473629 0.770211 0.186817 -0.559051 0.243591
1675.500000000 -147.710200 122.866394 -215.670880 0.737079 0.235263 -0.551552 0.311698
1675.600000000 -147.777029 122.782910 -215.697181 0.738013 0.235892 -0.549860 0.312003
1675.700000000 -147.785804 122.724707 -215.668733 0.738354 0.236708 -0.548407 0.313132
1675.800000000 -147.742873 122.668494 -215.632114 0.737375 0.239987 -0.545741 0.317570
1677.300000000 -147.834804 121.705552 -216.526117 0.736660 0.219179 -0.626691 0.128652
1677.400000000 -149.489262 121.543630 -215.757612 0.842362 0.101775 -0.507510 0.150005
1677.800000000 -152.456858 118.517256 -216.837028 0.716630 0.288182 -0.479245 0.416792
1678.200000000 -154.076603 115.570032 -217.242362 0.640148 0.449878 -0.496400 0.376043
1678.300000000 -153.970253 114.170928 -217.540002 0.607117 0.499075 -0.443406 0.430957
1678.400000000 -153.943848 114.119174 -217.511270 0.608414 0.498081 -0.443845 0.429826
1678.700000000 -154.325396 115.180280 -217.144268 0.666285 0.540609 -0.503512 0.101401
1678.900000000 -154.528788 114.964725 -217.083941 0.710632 0.542469 -0.424797 -0.142399
1679.100000000 -154.412280 114.892072 -217.129243 0.711016 0.542685 -0.424954 -0.139153
1679.200000000 -154.360566 114.859674 -217.141131 0.711996 0.541892 -0.424140 -0.139715
1679.800000000 -153.973789 114.651795 -217.322213 0.713649 0.540073 -0.423516 -0.140217
1680.000000000 -153.916362 114.594530 -217.407691 0.714094 0.538360 -0.424285 -0.142199
1680.400000000 -153.609674 114.558300 -217.375053 0.716742 0.538155 -0.420121 -0.142016
1680.900000000 -153.375344 114.422323 -217.549712 0.716958 0.531780 -0.424787 -0.150788
1681.000000000 -153.377459 114.395347 -217.608206 0.714920 0.530385 -0.429763 -0.151280
1681.100000000 -153.345388 114.387210 -217.611122 0.714357 0.527070 -0.432629 -0.157238
1681.200000000 -153.329750 114.365150 -217.650768 0.714721 0.525762 -0.432906 -0.159185
1681.300000000 -153.317994 114.354017 -217.680799 0.714339 0.525738 -0.433786 -0.158585
1681.700000000 -152.468569 114.245330 -217.755858 0.726688 0.576527 -0.365716 -0.076114
1681.900000000 -152.421948 114.258186 -217.739564 0.727085 0.576702 -0.364649 -0.076116
1682.000000000 -152.445582 114.257274 -217.758267 0.727079 0.573328 -0.368413 -0.083208
1682.100000000 -152.437461 114.273971 -217.741724 0.727430 0.573366 -0.367568 -0.083614
1682.200000000 -152.434532 114.282108 -217.745384 0.727179 0.573221 -0.368280 -0.083655
1682.500000000 -152.233494 114.026509 -218.219790 0.729003 0.592064 -0.340037 -0.048871
1682.700000000 -152.225502 114.053071 -218.201704 0.728613 0.592163 -0.340681 -0.049013
1682.800000000 -152.235510 114.078145 -218.176939 0.728890 0.590946 -0.341690 -0.052433
1683.000000000 -152.183327 114.122908 -218.125775 0.728604 0.591132 -0.342022 -0.052155
1683.400000000 -151.927661 114.291009 -217.874054 0.728315 0.613168 -0.305774 -0.009199
1683.500000000 -151.831051 114.353840 -217.775198 0.729144 0.593052 -0.337766 -0.050520
1684.600000000 -151.592294 114.971144 -216.951938 0.713877 0.511184 -0.440001 -0.188331
1684.800000000 -151.621864 115.091366 -216.834491 0.728768 0.583181 -0.351273 -0.073515
1684.900000000 -151.563760 115.124653 -216.797394 0.728639 0.584360 -0.350046 -0.071241
1685.000000000 -151.478976 115.179706 -216.706097 0.729310 0.583378 -0.349819 -0.073513
1685.100000000 -151.431785 115.221688 -216.644862 0.729013 0.584697 -0.348723 -0.071139
1685.300000000 -151.384351 115.226833 -216.638581 0.713290 0.507956 -0.441625 -0.195360
1685.400000000 -151.356308 115.375206 -216.437983 0.728771 0.585125 -0.348461 -0.071395
1685.600000000 -151.310996 115.382994 -216.410910 0.725741 0.595873 -0.340209 -0.049938
1685.800000000 -151.216957 115.483414 -216.238998 0.725228 0.615423 -0.308536 -0.010211
1685.900000000 -151.016627 115.566246 -216.087442 0.725813 0.609876 -0.317373 -0.022811
1686.200000000 -150.968120 115.804413 -215.813822 0.728397 0.584694 -0.349203 -0.075024
1686.300000000 -150.930101 115.845906 -215.759448 0.727617 0.578562 -0.358289 -0.086417
1686.400000000 -151.006478 115.890667 -215.704507 0.727752 0.583443 -0.352004 -0.077874
1687.000000000 -151.664343 115.980872 -215.816596 0.710202 0.506211 -0.445119 -0.203058
1687.300000000 -151.616588 116.171385 -215.468829 0.726482 0.605845 -0.322412 -0.035014
1687.400000000 -151.363392 116.265105 -215.247764 0.726151 0.606746 -0.321550 -0.034191
1687.900000000 -151.369612 116.366758 -215.108749 0.701672 0.490023 -0.464664 -0.227202
1688.200000000 -151.504704 116.695355 -214.570354 0.723885 0.622566 -0.297321 -0.001473
1688.300000000 -151.253344 116.738152 -214.478415 0.724703 0.603984 -0.329004 -0.042020
1688.400000000 -151.303836 116.785476 -214.463598 0.722329 0.571421 -0.375208 -0.104583
1688.800000000 -151.348268 116.981693 -214.121160 0.724976 0.605359 -0.325997 -0.040948
1689.400000000 -151.725570 117.277577 -213.680464 0.723873 0.620578 -0.301431 -0.005474
1689.600000000 -151.516005 117.360210 -213.605767 0.723924 0.603825 -0.330830 -0.043358
1689.800000000 -151.329120 117.423626 -213.536944 0.720858 0.569911 -0.379201 -0.108500
1689.900000000 -151.811147 117.463924 -213.512641 0.724134 0.604988 -0.328717 -0.039557
1690.000000000 -151.279047 117.666925 -212.945972 0.723355 0.619999 -0.303808 -0.007706
1690.300000000 -150.656335 117.667985 -212.957533 0.719511 0.567208 -0.384090 -0.114258
1690.400000000 -151.135683 117.782243 -212.797453 0.723700 0.603194 -0.332276 -0.044808
1690.900000000 -151.862165 117.963399 -212.696706 0.723758 0.618847 -0.305252 -0.005003
1691.100000000 -151.560954 118.000761 -212.623087 0.723847 0.603274 -0.332456 -0.039752
1691.200000000 -151.305755 118.123638 -212.345173 0.723852 0.602703 -0.333160 -0.042319
1691.400000000 -150.911237 118.065198 -212.394410 0.720341 0.568516 -0.382515 -0.107614
1691.500000000 -151.334672 118.221918 -212.200922 0.724006 0.600441 -0.336509 -0.045249
1691.600000000 -151.586191 118.321765 -212.009941 0.724224 0.616661 -0.308481 -0.008270
1691.700000000 -151.327011 118.297077 -212.084663 0.724273 0.601069 -0.335143 -0.042702
1691.900000000 -150.847732 118.235073 -212.116471 0.719523 0.563784 -0.389204 -0.113816
1692.500000000 -150.844913 118.448682 -211.826530 0.720107 0.565891 -0.386911 -0.107293
1692.600000000 -150.843902 118.682474 -211.450728 0.724662 0.598821 -0.337844 -0.046259
1692.700000000 -150.868669 118.704812 -211.427661 0.724335 0.598747 -0.338827 -0.045143
1692.800000000 -150.959891 118.563282 -211.732373 0.719967 0.566779 -0.386834 -0.103777
1692.900000000 -151.164067 118.743009 -211.480622 0.724620 0.598174 -0.339355 -0.044187
1693.100000000 -150.357372 118.836639 -211.059041 0.723755 0.596293 -0.343985 -0.047826
1693.900000000 -149.398957 118.431923 -211.402882 0.699985 0.493715 -0.467312 -0.218830
1694.100000000 -149.522504 119.127796 -210.135338 0.725336 0.594737 -0.343125 -0.049413
1694.200000000 -149.356805 119.166680 -209.990325 0.725443 0.594636 -0.343003 -0.049892
1694.300000000 -149.218329 118.950947 -210.302891 0.720703 0.563328 -0.389595 -0.107075
1694.400000000 -149.155006 119.207791 -209.780505 0.725477 0.593962 -0.344009 -0.050504
1694.600000000 -149.070045 119.225891 -209.603288 0.726211 0.594303 -0.342005 -0.049534
1695.000000000 -148.641981 119.249334 -209.180528 0.726701 0.594599 -0.340668 -0.047989
1695.200000000 -148.519030 119.232723 -209.001753 0.727044 0.593552 -0.341551 -0.049463
1696.000000000 -147.782717 117.959219 -208.343141 0.557223 0.734748 -0.384988 -0.037856
1696.100000000 -147.764796 119.089528 -208.037656 0.730549 0.593062 -0.334518 -0.051708
1696.200000000 -147.671259 119.124327 -207.964299 0.729097 0.593046 -0.337844 -0.050744
1696.500000000 -147.280347 118.046065 -207.809506 0.556432 0.734343 -0.386951 -0.037301
1696.700000000 -147.225929 119.117534 -207.357838 0.728901 0.593541 -0.337798 -0.048017
1696.800000000 -147.136439 119.086446 -207.226237 0.729207 0.592707 -0.338519 -0.048582
1696.900000000 -147.036673 119.054668 -207.116808 0.729395 0.592389 -0.338684 -0.048497
1697.000000000 -146.939477 119.035482 -207.032589 0.729652 0.592668 -0.337784 -0.047481
1697.200000000 -146.782930 119.034640 -206.771354 0.729009 0.593150 -0.338425 -0.046777
1697.900000000 -145.990535 118.267964 -206.399194 0.556082 0.734738 -0.386896 -0.035271
1698.200000000 -145.973783 118.969653 -205.611881 0.729960 0.595671 -0.333001 -0.038022
1698.300000000 -146.163139 118.686716 -206.147360 0.725940 0.570342 -0.374215 -0.087660
1698.400000000 -145.763601 118.917137 -205.417111 0.730153 0.594706 -0.333993 -0.040625
1698.500000000 -145.712114 118.919101 -205.304362 0.729902 0.593414 -0.336626 -0.042260
1699.300000000 -145.546916 117.931613 -205.608208 0.552785 0.622290 -0.507773 -0.222150
1700.000000000 -143.712223 117.633591 -205.703446 0.721144 0.546919 -0.393420 -0.161403
1700.100000000 -142.568327 117.328938 -205.735142 0.723890 0.553983 -0.378962 -0.159604
1700.400000000 -143.200907 116.421644 -207.411605 -0.439462 -0.139128 0.721740 0.516340
1701.200000000 -143.795676 117.695552 -205.033360 0.564019 0.734422 0.120504 0.357749
1701.400000000 -144.482934 117.483588 -205.265232 0.471355 0.694395 0.304159 0.450697
1701.600000000 -145.920306 116.738550 -206.521075 0.370626 0.657153 0.427146 0.498329
1701.700000000 -146.679785 116.239768 -207.395481 0.419339 0.679381 0.363182 0.480308
1702.000000000 -147.619321 114.293399 -209.765432 0.518275 0.580468 -0.236938 0.581642
1702.100000000 -149.042807 115.048113 -209.311118 0.642782 0.688168 -0.133259 0.309028
1702.400000000 -151.152793 115.373206 -209.014132 0.619061 0.686235 0.280375 -0.259295
1702.700000000 -152.138804 113.873231 -208.459626 -0.465972 -0.512426 -0.452821 0.561464
1702.800000000 -152.236573 113.803617 -208.437720 -0.468274 -0.510471 -0.455117 0.559471
1703.400000000 -152.069971 112.900685 -208.204050 -0.467967 -0.510541 -0.456306 0.558694
1703.500000000 -152.153063 112.785578 -208.165465 -0.469467 -0.509539 -0.457437 0.557425
1703.600000000 -152.155925 112.619000 -208.123774 -0.471356 -0.507651 -0.459649 0.555731
1703.700000000 -152.179230 112.508690 -208.077474 -0.471748 -0.507199 -0.460145 0.555401
1704.400000000 -151.998903 111.595663 -207.694142 -0.473257 -0.505110 -0.463956 0.552844
1704.500000000 -151.934489 111.371916 -207.633161 -0.468801 -0.510301 -0.457871 0.556931
1704.700000000 -151.901127 111.067053 -207.512859 -0.469287 -0.509921 -0.458136 0.556653
1705.200000000 -151.817900 110.400219 -207.265076 -0.473042 -0.506482 -0.463694 0.551993
1705.700000000 -151.739778 109.707426 -207.010887 -0.472663 -0.505942 -0.464756 0.551919
1706.000000000 -151.716189 109.277508 -206.859658 -0.472440 -0.505956 -0.465182 0.551737
1706.100000000 -151.703057 109.110516 -206.816946 -0.470830 -0.506576 -0.463679 0.553806
1706.500000000 -151.665233 108.631878 -206.707564 -0.480299 -0.497655 -0.475635 0.543530
1707.000000000 -151.579447 108.245996 -206.559341 -0.468853 -0.506347 -0.467629 0.552371
1707.200000000 -151.572562 107.969133 -206.457256 -0.466144 -0.509612 -0.462907 0.555628
1707.400000000 -151.485067 107.542759 -206.390558 -0.473198 -0.504144 -0.469241 0.549305
1707.600000000 -151.450310 107.163453 -206.338601 -0.476205 -0.501818 -0.472313 0.546194
1707.700000000 -151.505519 107.037017 -206.296926 -0.474442 -0.503873 -0.469336 0.548398
1708.400000000 -153.117435 108.394023 -206.413284 -0.283288 -0.588713 -0.278348 0.704051
1708.800000000 -154.670495 109.800491 -206.001338 -0.107038 -0.595998 -0.173698 0.776633
1709.000000000 -155.919122 110.394052 -205.903203 -0.199984 -0.576469 -0.254701 0.750211
1709.200000000 -157.379130 112.292294 -206.456379 -0.211594 -0.667526 -0.134453 0.701113
1709.400000000 -158.237232 113.698466 -206.641579 -0.274186 -0.655817 -0.200719 0.674120
1710.300000000 -159.234316 116.434309 -206.796521 -0.386428 -0.736557 -0.227239 0.506478
1710.500000000 -158.818654 116.186880 -206.697784 0.393116 0.732074 0.246246 -0.498889
1711.000000000 -160.884714 115.165489 -206.759887 -0.047648 -0.835907 0.060300 0.543464
1711.200000000 -161.183854 114.279246 -206.734637 0.154368 -0.802467 0.277514 0.505177
1711.300000000 -161.100563 115.365800 -207.600061 0.197255 -0.627137 0.499760 0.563941
1711.700000000 -161.572982 116.106955 -209.484291 -0.292730 -0.180775 0.900860 0.264729
1712.000000000 -161.810480 115.325663 -209.356977 -0.511655 0.114306 0.850826 0.035186
1712.100000000 -161.719241 115.228026 -209.378292 -0.511255 0.114181 0.851071 0.035483
1712.900000000 -158.917264 114.100554 -212.291989 -0.359116 -0.039666 0.895362 0.260362
1713.100000000 -158.702195 113.855015 -212.648364 -0.359381 -0.038095 0.895098 0.261138
1713.400000000 -158.534506 113.374201 -214.484819 -0.002854 0.051299 0.983307 0.174547
1713.500000000 -158.533673 113.333790 -214.615270 -0.002605 0.051382 0.983300 0.174566
1713.600000000 -158.522530 113.296855 -214.728437 -0.002677 0.050552 0.983331 0.174636
1713.900000000 -158.526493 113.163927 -215.200776 -0.002702 0.052183 0.983263 0.174541
1714.000000000 -158.534732 113.131730 -215.358967 -0.002344 0.053093 0.983234 0.174429
1714.600000000 -158.660675 112.875995 -216.164273 0.002061 0.077467 0.981933 0.172633
1714.700000000 -158.536014 113.086641 -216.281384 -0.003766 0.048315 0.983569 0.173908
1714.900000000 -158.570020 113.112845 -216.553033 -0.002904 0.052416 0.983434 0.173499
1715.000000000 -158.582276 113.113217 -216.684031 -0.003094 0.050992 0.983518 0.173445
1715.100000000 -158.596521 113.153278 -216.793897 -0.002828 0.052404 0.983456 0.173376
1715.200000000 -158.608606 113.183593 -216.928973 -0.002967 0.050167 0.983553 0.173488
1716.400000000 -159.488438 110.925946 -217.062202 0.044818 0.396475 0.908285 0.125768
1716.500000000 -160.042764 110.294248 -217.202287 -0.006030 0.053433 0.984280 0.168232
1716.600000000 -160.090155 110.338922 -217.338111 -0.006071 0.053536 0.984405 0.167462
1716.800000000 -160.140063 110.859684 -216.998378 0.017064 0.215780 0.963272 0.158916
1716.900000000 -160.345378 110.393357 -217.767258 -0.005912 0.051945 0.984431 0.167816
1717.200000000 -160.641805 110.426933 -218.203800 -0.004507 0.051697 0.984469 0.167713
1717.300000000 -160.702839 110.785332 -217.661434 0.016774 0.213836 0.963667 0.159181
1717.400000000 -160.824856 110.455379 -218.470142 -0.004867 0.049485 0.984644 0.167342
1717.600000000 -161.057046 110.483545 -218.778134 -0.003250 0.052246 0.984409 0.167927
1717.700000000 -161.215030 110.624261 -218.252091 0.020851 0.218764 0.962322 0.160134
1717.800000000 -161.194045 110.666938 -218.663132 -0.003352 0.050438 0.984687 0.166839
1717.900000000 -161.362262 110.482433 -219.243035 -0.002589 0.050239 0.984565 0.167636
1718.200000000 -161.282135 111.098476 -218.411563 0.059371 0.422585 0.895839 0.123973
1718.300000000 -161.581417 111.072613 -218.775799 0.002712 0.054010 0.984769 0.165244
1718.700000000 -161.988876 111.833785 -219.068068 -0.011927 -0.363085 0.911220 0.194176
1719.200000000 -162.004947 113.161060 -219.266951 0.101515 0.767664 -0.602775 -0.192481
1719.500000000 -161.922655 114.293316 -219.502877 0.115547 0.814623 -0.545920 -0.158142
1719.600000000 -162.042541 114.042392 -219.349350 0.114176 0.814385 -0.547241 -0.155781
1719.700000000 -161.899489 114.255095 -219.017437 0.127922 0.868514 -0.457900 -0.140167
1720.100000000 -161.481268 115.889076 -217.886859 0.118355 0.839983 -0.511248 -0.138009
1720.400000000 -160.565703 118.993202 -216.823353 0.139641 0.970749 -0.179025 -0.078085
1720.500000000 -160.438147 119.860688 -217.007464 0.127252 0.928150 -0.331821 -0.110635
1720.600000000 -160.339279 120.055768 -217.029882 0.125975 0.894813 -0.405278 -0.138527
1720.800000000 -160.471826 120.138428 -216.656648 0.128022 0.926240 -0.333761 -0.119557
1721.200000000 -160.639491 119.677704 -215.792492 0.128030 0.946196 -0.278134 -0.104704
1721.700000000 -161.345070 118.607938 -215.084049 0.140224 0.986719 -0.014133 -0.080765
1722.000000000 -161.898474 117.406184 -214.292228 0.129829 0.924040 0.359564 0.002897
1722.100000000 -161.923705 117.405348 -214.496795 0.129922 0.926011 0.354432 0.001396
1722.500000000 -161.989507 116.743317 -213.649192 0.143995 0.964405 0.218449 -0.038307
1722.700000000 -162.370979 116.340022 -213.673234 0.131525 0.918887 -0.342548 -0.144942
1722.800000000 -162.537457 116.228090 -214.492581 0.137955 0.967418 -0.172891 -0.123204
1723.000000000 -162.351278 116.215917 -215.134229 0.142448 0.983645 0.092503 -0.059947
1723.100000000 -162.125264 116.677445 -213.579171 0.129580 0.925680 0.355410 0.002944
1723.200000000 -162.128705 116.586834 -213.520036 0.130481 0.926342 0.353315 0.005799
1723.500000000 -161.838703 116.510142 -212.663816 0.144900 0.981507 0.115389 -0.048311
1723.800000000 -162.160486 115.828497 -212.972482 0.132056 0.963183 -0.200728 -0.120618
1724.100000000 -161.978191 115.635857 -214.023946 0.145607 0.985237 0.060155 -0.066990
1724.300000000 -162.180591 115.111573 -214.238416 0.131829 0.897116 0.420778 0.027395
1724.500000000 -162.104500 115.096822 -213.359236 0.113313 0.772510 0.617998 0.092019
1724.600000000 -161.999938 114.978254 -213.022631 0.132748 0.916570 0.376854 0.016053
1724.700000000 -161.621512 115.965458 -212.459204 0.137122 0.952813 0.270822 -0.000925
1725.700000000 -162.743987 112.731024 -213.855113 0.132820 0.755063 0.630232 -0.122668
1725.800000000 -162.623568 112.637308 -213.634566 0.134159 0.751041 0.635042 -0.121077
1725.900000000 -162.536589 112.554459 -213.530089 0.135396 0.747818 0.638828 -0.119730
1726.100000000 -162.511013 112.353661 -213.705798 0.134112 0.749513 0.636695 -0.121915
1726.200000000 -162.468711 112.253800 -213.747569 0.134343 0.750047 0.636034 -0.121830
1726.500000000 -162.351548 112.028321 -213.779401 0.134348 0.752366 0.633385 -0.121325
1726.600000000 -162.285375 111.954998 -213.749954 0.134618 0.752489 0.633146 -0.121509
1726.700000000 -162.247491 111.862778 -213.776522 0.133992 0.752309 0.633419 -0.121890
1726.800000000 -162.210159 111.754615 -213.776236 0.133465 0.752094 0.633660 -0.122544
1726.900000000 -162.153607 111.680561 -213.762155 0.133584 0.751648 0.634158 -0.122575
1727.100000000 -162.069310 111.447686 -213.804473 0.133112 0.751398 0.634531 -0.122689
1728.200000000 -162.495068 112.477655 -214.771057 0.273129 0.701949 0.578594 -0.312886
1728.500000000 -162.206322 112.142900 -214.591609 0.273754 0.700980 0.579806 -0.312267
1728.600000000 -162.129411 112.191528 -214.541165 0.273732 0.702382 0.577990 -0.312504
1728.700000000 -162.063495 112.109774 -214.498037 0.273473 0.702871 0.577546 -0.312450
1729.200000000 -161.837616 112.357614 -215.594683 0.056199 0.716364 0.541152 -0.436829
1729.700000000 -161.716941 112.586547 -216.389360 -0.111675 0.833114 0.459013 -0.287674
1729.900000000 -161.541294 112.382740 -216.283433 -0.111116 0.831978 0.460797 -0.288326
1730.000000000 -161.483385 112.307697 -216.248535 -0.111422 0.832722 0.459426 -0.288248
1730.100000000 -161.443864 112.240831 -216.238099 -0.111331 0.832335 0.459974 -0.288527
1730.200000000 -161.367243 112.122628 -216.195584 -0.111285 0.832240 0.460068 -0.288668
1730.300000000 -161.287167 112.005275 -216.145712 -0.111416 0.832425 0.459672 -0.288716
1730.900000000 -161.589840 111.016641 -215.210741 -0.024317 0.781242 0.619484 -0.072860
1731.300000000 -161.688081 110.621910 -215.240107 0.006718 0.790024 0.608948 -0.070704
1731.400000000 -161.683103 110.403504 -215.203652 0.006774 0.789610 0.609472 -0.070812
1731.600000000 -161.871739 110.860429 -215.654763 -0.416717 0.626994 0.551129 -0.359836
1731.800000000 -159.997143 109.838820 -217.446232 -0.370662 0.555388 0.632250 -0.392955
1732.400000000 -157.974329 109.139310 -222.270582 -0.230758 0.298782 0.823591 -0.423293
1732.600000000 -157.652364 108.875277 -222.110403 -0.283998 0.390784 0.780338 -0.397121
1732.700000000 -157.862232 108.906946 -222.135516 -0.289612 0.402410 0.774463 -0.392935
1732.900000000 -157.696129 108.813407 -221.012885 0.284978 -0.419618 -0.573603 0.643186
1733.000000000 -157.805642 108.787892 -221.099349 0.286881 -0.423110 -0.571508 0.641916
1733.100000000 -157.065018 108.271891 -221.270292 -0.283990 0.389423 0.778811 -0.401438
1733.400000000 -156.873386 108.165967 -221.465045 -0.284242 0.390463 0.778313 -0.401215
1733.500000000 -157.102765 108.652224 -221.543890 0.286557 -0.421677 -0.571824 0.642722
1733.600000000 -157.030306 108.670357 -221.546973 0.287497 -0.422859 -0.571256 0.642030
1733.800000000 -156.432112 108.010275 -222.003644 -0.228095 0.298497 0.822247 -0.427530
1734.200000000 -155.996848 107.816151 -221.818032 -0.290172 0.401586 0.772926 -0.396377
1734.300000000 -156.221668 108.675730 -221.934843 0.291142 -0.424859 -0.568744 0.641296
1734.500000000 -155.995153 108.876926 -221.709927 0.230613 -0.367502 -0.608900 0.664079
1735.300000000 -156.304888 105.638930 -222.705933 -0.151542 0.293535 0.932173 -0.148076
1735.500000000 -156.400802 105.651448 -222.966168 0.093722 0.468932 0.832932 -0.278467
1735.600000000 -156.363454 105.410999 -223.007770 0.107675 0.438805 0.847326 -0.279098
1735.700000000 -156.376815 105.764658 -223.340776 -0.148286 0.489862 0.769416 -0.382159
1735.900000000 -156.354955 105.865616 -223.279973 -0.191165 0.565791 0.711078 -0.371086
1736.000000000 -156.234947 105.765996 -223.154784 0.071115 0.530456 0.794398 -0.287214
1736.300000000 -156.116328 105.263928 -223.684044 0.121041 0.408316 0.865436 -0.263908
1736.400000000 -156.011756 105.057963 -223.863612 0.118868 0.411852 0.864073 -0.263870
1736.500000000 -155.324137 103.757569 -224.458469 0.095093 0.399227 0.866281 -0.284838
1736.800000000 -155.453010 105.413414 -222.810840 0.449580 -0.385064 -0.628496 0.504576
1737.000000000 -154.549455 104.759278 -223.369248 0.128587 0.120797 0.920483 -0.348691
1737.100000000 -154.285786 104.427860 -223.616144 0.081001 0.227698 0.900313 -0.361979
1737.200000000 -154.075600 104.258054 -223.534707 0.049499 0.278014 0.885165 -0.369786
1737.400000000 -154.332969 105.098221 -223.606924 -0.110975 0.414478 0.817159 -0.384894
1737.500000000 -154.343114 105.199009 -223.520982 -0.099866 0.392844 0.828749 -0.385844
1737.600000000 -155.022515 104.924048 -224.002602 0.065239 0.546078 0.781273 -0.295221
1737.900000000 -155.268553 106.337315 -223.974617 -0.221947 0.615733 0.665860 -0.358111
1738.300000000 -155.255579 106.595657 -224.571141 -0.184247 0.553325 0.723373 -0.369616
1738.900000000 -155.377699 106.632239 -225.248426 0.029947 0.307962 0.872933 -0.377162
1739.300000000 -155.016024 106.306835 -225.747478 0.022607 0.325269 0.867151 -0.376481
1739.400000000 -155.257201 107.220902 -224.041709 -0.122216 0.428672 0.807669 -0.385972
1739.500000000 -154.942846 106.236499 -225.766936 0.041614 0.282967 0.881199 -0.376413
1739.600000000 -154.987181 107.003365 -225.515316 -0.152997 0.499394 0.767060 -0.372580
1739.700000000 -154.779764 106.840801 -225.569627 -0.149779 0.493252 0.771316 -0.373282
1740.000000000 -154.817490 105.965348 -225.928712 0.052568 0.425074 0.830460 -0.356209
1740.500000000 -154.759273 106.276710 -225.666142 0.001190 0.550905 0.757791 -0.349650
1740.600000000 -154.604107 106.979060 -224.925988 -0.125120 0.445013 0.801878 -0.378549
1740.800000000 -154.994675 106.902399 -225.380794 -0.032005 0.280885 0.881365 -0.378517
1741.400000000 -155.597343 107.586870 -225.830071 0.145158 0.112694 0.921764 -0.341438
1741.500000000 -154.599079 106.613683 -226.010369 -0.036822 0.276616 0.881678 -0.380489
1741.600000000 -154.013363 106.589009 -225.525786 -0.114928 0.426350 0.813469 -0.378530
1741.800000000 -155.301123 107.448815 -225.424465 0.043426 0.676685 0.676990 -0.286174
1741.900000000 -154.513576 106.814239 -225.868611 -0.199746 0.620050 0.675948 -0.344578
1742.100000000 -154.074637 107.042581 -225.677229 -0.440389 0.453357 0.630018 -0.451223
1742.800000000 -154.854486 106.118437 -225.253112 -0.036671 0.061805 0.955894 -0.284785
1743.300000000 -153.046575 105.896946 -222.281970 0.322801 -0.166402 0.911344 -0.193807
1743.500000000 -152.241420 105.424577 -221.826323 0.114271 -0.318520 0.908834 -0.243941
1743.600000000 -152.377049 105.497236 -221.833956 0.112980 -0.320126 0.908448 -0.243878
1743.800000000 -152.548588 105.401333 -221.939688 0.129702 -0.383636 0.885268 -0.228694
1743.900000000 -152.003017 105.136597 -221.072988 0.116196 -0.160947 0.934229 -0.296330
1744.000000000 -152.168079 106.066471 -220.391046 0.039093 -0.107867 0.912443 -0.392790
1744.300000000 -154.224311 106.075741 -220.496281 -0.004356 0.633876 0.637504 -0.437917
1744.900000000 -154.805824 105.204802 -224.589799 -0.189031 0.900368 -0.285734 -0.268254
1745.200000000 -153.662711 104.105358 -224.851190 -0.329617 0.724082 -0.538332 0.277952
1745.400000000 -154.041734 104.504041 -225.583213 -0.255512 0.613975 -0.570200 0.482308
1745.500000000 -154.201976 104.386524 -225.372069 -0.271468 0.629822 -0.552301 0.473912
1745.600000000 -154.138680 103.970483 -224.549372 -0.346424 0.697272 -0.458808 0.428131
1745.700000000 -154.298271 103.908845 -224.524260 -0.345057 0.696363 -0.459806 0.429642
1746.000000000 -154.801614 104.283620 -225.805078 -0.508531 0.282469 -0.531513 0.615712
1746.400000000 -154.818588 103.580775 -226.840128 -0.451441 -0.073067 -0.562945 0.688444
1746.500000000 -155.052821 103.533542 -226.573083 -0.451275 -0.075179 -0.562060 0.689048
1747.000000000 -154.152175 102.524766 -227.643125 0.355999 -0.310275 0.744944 -0.471224
1747.400000000 -155.586593 102.234815 -227.509549 0.235814 -0.580837 0.764935 -0.147970
1747.600000000 -155.859963 102.465202 -227.182568 0.261910 -0.660933 0.695381 -0.104954
1747.900000000 -156.150740 101.996130 -225.814594 -0.484302 0.263410 -0.543592 0.632910
1748.100000000 -156.307647 101.762846 -225.838313 -0.512474 0.293226 -0.530021 0.608660
1748.500000000 -156.546761 101.494891 -226.422337 -0.412795 0.226102 -0.573895 0.670166
1748.800000000 -156.813279 101.297665 -226.486045 -0.414091 0.227465 -0.573593 0.669163
1749.300000000 -157.720166 100.866242 -226.426757 -0.474826 0.270811 -0.551371 0.630232
1749.700000000 -158.401817 100.728577 -225.769656 -0.586831 0.364326 -0.490790 0.531056
1749.900000000 -158.622760 100.704853 -225.803943 -0.586291 0.363385 -0.490885 0.532209
1750.000000000 -157.654388 100.991297 -225.993547 -0.456392 0.255086 -0.561492 0.641377
1750.200000000 -158.857988 100.667040 -225.862100 -0.589038 0.367836 -0.489303 0.527554
1750.300000000 -159.355066 100.478401 -226.653580 -0.540784 0.325860 -0.519540 0.575713
1750.400000000 -158.875481 100.569970 -226.904769 -0.465742 0.263180 -0.556882 0.635376
1750.500000000 -159.136052 100.609035 -226.478746 -0.516828 0.305072 -0.532493 0.596885
1750.900000000 -159.867012 104.123064 -226.253340 -0.415151 0.751220 -0.399381 0.322200
1751.000000000 -159.596822 103.631312 -226.032550 0.646591 -0.451525 0.485621 -0.377117
1751.100000000 -159.527077 103.608446 -226.301779 0.638707 -0.440491 0.495516 -0.390495
1751.900000000 -158.469583 102.766672 -227.501990 -0.105013 0.935282 -0.327536 -0.083310
1752.000000000 -158.971646 102.268071 -228.486710 -0.354566 0.861452 -0.295663 0.211582
1752.100000000 -159.223395 102.364619 -230.043312 -0.320648 0.893059 -0.232756 0.213201
1752.200000000 -158.224162 104.300565 -229.405605 -0.326939 0.942397 -0.002531 -0.070655
1752.400000000 -157.268026 104.193356 -227.525560 -0.541091 0.757962 0.238788 -0.275127
1752.500000000 -155.979701 102.988600 -227.937345 -0.238133 0.884761 0.355053 -0.185546
1752.600000000 -155.477615 102.767708 -227.488120 -0.237187 0.874384 0.376108 -0.194260
1752.700000000 -155.151378 102.474138 -227.268265 -0.228719 0.859498 0.406990 -0.208109
1752.800000000 -154.701812 102.048633 -227.149206 -0.213886 0.833169 0.458486 -0.223321
1753.500000000 -155.080952 97.800870 -223.717122 -0.542130 0.830685 -0.053516 -0.114861
1753.600000000 -154.409269 98.896900 -221.875326 -0.361292 0.928661 0.011233 -0.083248
1753.700000000 -153.895300 99.622144 -221.113093 -0.432809 0.894538 -0.068252 -0.088433
1753.800000000 -154.023640 98.081107 -220.564980 -0.200868 0.927133 -0.299446 -0.102027
1753.900000000 -154.054416 98.234149 -220.003958 -0.211089 0.936526 -0.275271 0.050850
1754.000000000 -153.927416 98.332948 -220.172252 -0.215072 0.940555 -0.258145 0.049617
1754.400000000 -154.088053 98.120133 -219.837688 0.069397 0.748649 -0.377835 0.540324
1754.500000000 -153.864419 98.166294 -219.860888 0.063074 0.753053 -0.369524 0.540727
1754.700000000 -153.684155 97.783191 -219.596062 0.133523 0.698867 -0.466620 0.525378
1755.000000000 -153.663285 97.843540 -219.321829 0.178006 0.657989 -0.525273 0.509365
1755.100000000 -153.695456 97.960915 -219.226704 0.175797 0.661339 -0.521242 0.509934
1755.200000000 -153.711666 98.014311 -219.144130 0.175070 0.661213 -0.520775 0.510824
1755.400000000 -153.744098 98.409400 -219.069150 0.178334 0.658566 -0.524312 0.509495
1756.000000000 -153.885364 99.066752 -218.643572 0.177028 0.660313 -0.522499 0.509552
1756.200000000 -153.768656 98.956353 -218.531569 0.183892 0.652799 -0.532274 0.506677
1756.300000000 -153.909583 99.358513 -218.531068 0.176825 0.660071 -0.523622 0.508783
1756.600000000 -154.030975 99.701526 -218.375103 0.179356 0.658495 -0.525684 0.507811
1756.700000000 -153.989452 99.723922 -218.328820 0.180118 0.658096 -0.526601 0.507107
1756.800000000 -153.972990 99.800758 -218.264114 0.183208 0.655307 -0.529755 0.506327
1756.900000000 -154.009255 99.887754 -218.215993 0.184490 0.653692 -0.531666 0.505946
1757.300000000 -154.519861 100.528577 -218.000907 0.133809 0.698727 -0.466280 0.525794
1757.400000000 -154.582426 100.511379 -217.932534 0.138927 0.693580 -0.473605 0.524732
1758.000000000 -155.196145 100.872238 -217.544468 0.079763 0.739728 -0.393075 0.540308
1758.400000000 -155.618544 101.319002 -217.421511 0.081671 0.737736 -0.396418 0.540303
1758.600000000 -155.798397 101.484734 -217.369836 0.075227 0.742582 -0.387390 0.541148
1759.100000000 -155.738604 102.224762 -217.676481 0.135042 0.698387 -0.467154 0.525154
1759.200000000 -155.818623 102.266595 -217.674221 0.133970 0.699398 -0.465656 0.525413
1759.300000000 -155.981488 102.395765 -217.674360 0.131783 0.701663 -0.462484 0.525748
1759.500000000 -156.032863 102.588364 -217.786896 0.136774 0.696607 -0.469886 0.524631
1759.900000000 -156.503597 102.955772 -217.863835 0.135509 0.698921 -0.467043 0.524421
1760.300000000 -156.883127 103.281719 -218.089220 0.137055 0.697031 -0.470092 0.523810
1760.400000000 -157.038117 103.367025 -218.131756 0.135203 0.698154 -0.468226 0.524468
1760.900000000 -157.698330 103.741999 -218.413229 0.135809 0.697218 -0.469170 0.524712
1761.000000000 -157.707453 103.826278 -218.559462 0.136498 0.697195 -0.469903 0.523907
1761.200000000 -157.954057 103.952715 -218.680049 0.139985 0.694043 -0.473277 0.524135
1761.400000000 -158.262127 104.098230 -218.820423 0.137315 0.696371 -0.470013 0.524690
1761.500000000 -158.458607 104.137079 -218.881918 0.136900 0.696933 -0.469467 0.524541
1761.600000000 -158.535044 104.236912 -218.993246 0.138216 0.695253 -0.471180 0.524889
1761.900000000 -158.973886 104.428116 -219.244279 0.139262 0.695137 -0.471938 0.524086
1762.400000000 -159.729258 104.812161 -219.732232 0.124269 0.704625 -0.468931 0.517847
1762.500000000 -159.609827 104.971623 -219.966689 0.123871 0.705429 -0.470534 0.515387
1762.900000000 -160.224414 105.133509 -220.270728 0.130807 0.703768 -0.476551 0.510391
1763.000000000 -160.407313 105.230644 -220.379565 0.128393 0.706442 -0.473284 0.510350
1763.400000000 -161.151251 105.457497 -220.659969 0.092286 0.734719 -0.423678 0.521698
1763.500000000 -160.604843 104.984937 -220.918503 0.148899 0.692614 -0.495119 0.502963
1763.700000000 -161.629997 105.387759 -220.838110 0.085309 0.741896 -0.412681 0.521543
1763.900000000 -161.312336 104.604565 -221.051260 0.150093 0.690732 -0.497428 0.502918
1764.000000000 -161.306843 104.640269 -221.194328 0.150610 0.692911 -0.495516 0.501651
1764.100000000 -162.171736 105.406505 -221.081482 0.094751 0.742481 -0.417706 0.515040
1764.200000000 -161.517012 104.812943 -221.395318 0.155830 0.693721 -0.496600 0.497851
1764.700000000 -160.546681 103.643641 -221.950172 0.218357 0.637466 -0.558822 0.483399
1764.900000000 -160.457104 103.878516 -222.294452 0.212220 0.638561 -0.556120 0.487783
1765.600000000 -160.716494 104.630034 -222.850427 0.211021 0.645906 -0.550424 0.485087
1765.800000000 -160.645920 104.130492 -222.794257 0.219694 0.632395 -0.564808 0.482497
1765.900000000 -160.573301 104.198460 -222.884742 0.218714 0.632179 -0.564195 0.483940
1766.100000000 -160.572001 104.507598 -223.032213 0.215163 0.634886 -0.560930 0.485780
1766.400000000 -160.482602 104.846749 -223.208600 0.211136 0.639513 -0.555268 0.487978
1766.600000000 -160.429158 105.118035 -223.307766 0.207897 0.644388 -0.550544 0.488307
1767.000000000 -160.880194 105.458700 -223.213044 0.202583 0.645369 -0.549372 0.490561
1767.100000000 -160.843510 105.502816 -223.187858 0.229725 0.617288 -0.582388 0.476451
1767.200000000 -160.760871 105.596583 -223.200083 0.230558 0.620073 -0.580508 0.474723
1767.400000000 -160.673060 105.819206 -223.250392 0.227691 0.621750 -0.578159 0.476776
1767.600000000 -160.450736 105.905159 -223.230071 0.235550 0.616375 -0.583890 0.472939
1767.700000000 -160.130333 106.685614 -223.583531 0.217528 0.635254 -0.561463 0.483624
1768.100000000 -160.246092 107.557184 -223.534032 0.225062 0.626442 -0.571779 0.479569
1768.300000000 -160.216541 107.346544 -223.339642 0.233252 0.615615 -0.583547 0.475483
1768.500000000 -160.080532 107.401566 -223.269059 0.228827 0.616321 -0.581215 0.479558
1768.700000000 -160.722485 107.295728 -222.899388 0.232718 0.603733 -0.594862 0.476957
1768.900000000 -160.543435 107.252959 -222.834002 -0.238934 -0.596795 0.602405 -0.473132
1769.200000000 -159.700290 107.648014 -222.933937 0.218013 0.639357 -0.564406 0.474488
1769.300000000 -159.506064 108.157488 -223.124836 0.228296 0.621566 -0.583291 0.470435
1769.600000000 -159.718867 108.173384 -222.744306 -0.262594 -0.592528 0.617888 -0.445163
1769.700000000 -159.724261 108.271256 -222.682917 -0.263951 -0.594231 0.616119 -0.444540
1769.900000000 -159.699877 108.429230 -222.638567 -0.266243 -0.596203 0.613724 -0.443846
1770.000000000 -159.484039 108.655792 -222.743380 -0.264518 -0.595339 0.613874 -0.445825
1770.200000000 -159.203489 107.744344 -222.425468 0.241442 0.616083 -0.592543 0.459392
1770.300000000 -159.105545 108.017780 -222.483331 0.237893 0.622851 -0.585922 0.460608
1770.500000000 -159.328367 109.082891 -222.562650 -0.255432 -0.602744 0.605494 -0.452583
1770.800000000 -158.647217 110.108941 -223.031906 -0.278843 -0.575785 0.630812 -0.439083
1770.900000000 -158.504310 110.140230 -223.053443 -0.278673 -0.576688 0.629955 -0.439236
1771.000000000 -158.381280 110.185772 -223.073252 -0.281421 -0.572727 0.632858 -0.438494
1771.500000000 -158.197783 110.185080 -222.933590 -0.281786 -0.575250 0.629472 -0.439829
1771.600000000 -158.201482 110.497382 -222.969204 -0.277962 -0.580610 0.624884 -0.441757
1771.700000000 -158.201069 110.556595 -222.953462 -0.274452 -0.583267 0.622380 -0.443979
1772.100000000 -157.843120 110.344513 -222.967046 -0.290227 -0.561754 0.641426 -0.434481
1772.300000000 -157.924916 110.333167 -222.901622 -0.289431 -0.560718 0.642021 -0.435470
1772.400000000 -157.944683 110.256103 -222.845165 -0.289664 -0.557971 0.644373 -0.435369
1772.700000000 -157.977381 110.118557 -222.764650 -0.290978 -0.558223 0.643995 -0.434729
1772.800000000 -158.041606 110.041785 -222.706436 -0.291625 -0.556346 0.645658 -0.434234
1772.900000000 -158.111073 109.976642 -222.655621 -0.292771 -0.554535 0.647164 -0.433538
1773.000000000 -158.161568 109.896188 -222.594002 -0.294576 -0.552811 0.648758 -0.432132
1773.800000000 -156.178908 108.518783 -220.948518 -0.350081 -0.568423 0.590171 -0.453913
1773.900000000 -156.216218 109.021254 -221.661304 0.260952 0.517770 -0.620346 0.528193
1774.700000000 -154.267703 112.050279 -220.590878 -0.056666 -0.479254 0.789420 -0.379369
1774.900000000 -154.106412 112.941902 -221.363284 -0.127412 -0.474338 0.804427 -0.334165
1775.000000000 -153.821876 113.232805 -221.387415 -0.281487 -0.478777 0.722401 -0.411916
1775.200000000 -153.575921 113.992897 -221.883881 -0.225950 -0.359690 0.758174 -0.494715
1775.600000000 -155.346608 113.620804 -226.011685 -0.297325 -0.423100 0.792854 -0.322440
1775.800000000 -155.228363 113.973408 -226.240648 -0.293540 -0.457087 0.772014 -0.330000
1775.900000000 -155.480020 113.853132 -226.057406 -0.298732 -0.449029 0.776574 -0.325675
1776.000000000 -154.794479 113.263959 -226.420395 -0.296050 -0.446485 0.777595 -0.329168
1776.100000000 -154.307371 112.702697 -226.752518 -0.281781 -0.460771 0.769465 -0.340900
1776.400000000 -153.344704 112.265292 -226.626828 0.291084 0.429621 -0.648414 0.557006
1776.800000000 -152.695539 111.477880 -226.649326 0.307400 0.364499 -0.329369 0.814961
1776.900000000 -152.897586 111.209614 -226.739416 0.309631 0.364485 -0.330295 0.813747
1777.100000000 -153.295539 110.731098 -226.950048 0.308594 0.366161 -0.330129 0.813456
1777.800000000 -152.517856 110.303029 -226.603326 0.308338 0.365007 -0.331485 0.813520
1778.000000000 -152.638025 109.902897 -226.639445 0.311202 0.364614 -0.333195 0.811906
1778.400000000 -152.116830 109.747210 -226.374924 0.302704 0.366916 -0.330009 0.815376
1778.600000000 -152.307900 109.357838 -226.435366 0.307544 0.366859 -0.331868 0.812831
1779.000000000 -152.270248 108.778329 -226.296877 0.316164 0.361301 -0.337601 0.809647
1779.100000000 -151.766825 108.979921 -226.049132 0.306603 0.365835 -0.332865 0.813240
1779.200000000 -151.814016 108.838092 -226.039718 0.303517 0.365957 -0.332629 0.814439
1779.300000000 -151.716810 108.751166 -225.959199 0.305269 0.361855 -0.336724 0.813934
1779.400000000 -151.612390 108.667183 -225.852951 0.307077 0.358370 -0.339974 0.813445
1779.600000000 -151.589619 108.427619 -225.730470 0.308799 0.353606 -0.343257 0.813499
1779.700000000 -151.679787 108.303201 -225.743193 0.303254 0.354477 -0.341305 0.816023
1779.800000000 -151.704804 108.174100 -225.715874 0.305975 0.354677 -0.341969 0.814642
1779.900000000 -151.718297 108.054143 -225.665023 0.306433 0.354786 -0.342117 0.814360
1780.000000000 -151.659786 107.972538 -225.576250 0.307968 0.354984 -0.342181 0.813667
1780.300000000 -151.464853 107.814367 -225.330376 0.308601 0.354702 -0.342415 0.813452
1780.800000000 -151.184587 107.607990 -224.876580 0.314467 0.366884 -0.335391 0.808714
1781.200000000 -151.331437 107.256217 -224.622006 0.309574 0.365892 -0.335270 0.811098
1781.300000000 -151.356295 107.181595 -224.533353 0.308719 0.366946 -0.334548 0.811247
1781.400000000 -151.269866 107.149124 -224.387594 0.308413 0.366880 -0.334070 0.811589
1781.600000000 -151.314530 107.007692 -224.193724 0.309434 0.366126 -0.334895 0.811201
1782.500000000 -151.385679 106.357922 -223.184994 0.313021 0.366425 -0.337694 0.808526
1782.700000000 -151.718788 106.561509 -223.239977 0.295229 0.373410 -0.328680 0.815705
1783.100000000 -152.040654 107.082541 -223.253422 0.326188 0.364030 -0.342668 0.802286
1783.800000000 -152.593136 107.414581 -222.967528 0.399742 0.331412 -0.374157 0.768361
1784.400000000 -152.842852 107.486004 -222.484669 0.380695 0.338930 -0.366674 0.778298
1785.000000000 -152.945795 107.044948 -221.809498 0.396415 0.330202 -0.374219 0.770572
1785.200000000 -153.029345 107.113182 -221.715882 0.387144 0.335171 -0.369839 0.775242
1786.200000000 -153.785939 107.169389 -222.233560 0.263740 0.361407 -0.229806 0.864301
1786.300000000 -153.558603 107.362511 -221.494358 0.112098 0.572896 -0.334120 0.739992
1786.400000000 -154.906350 107.267347 -222.063822 0.040271 0.500037 -0.465532 0.729124
1786.500000000 -154.748611 107.294790 -222.006976 0.026182 0.508082 -0.458060 0.728936
1786.900000000 -154.067023 106.335834 -220.682407 -0.066698 0.066691 -0.456520 0.884700
1788.000000000 -155.125094 104.175692 -219.587139 0.361661 -0.128733 0.127600 0.914520
1788.200000000 -155.199102 103.976580 -219.353590 0.367671 -0.127967 0.128742 0.912068
1788.300000000 -155.221751 103.914304 -219.272975 0.368460 -0.128143 0.128897 0.911703
1788.400000000 -155.245512 103.850708 -219.197089 0.370652 -0.127747 0.129386 0.910800
1788.800000000 -155.319051 103.391086 -218.757038 0.374634 -0.127468 0.130263 0.909084
1789.100000000 -155.361648 103.158763 -218.441123 0.379224 -0.127307 0.131166 0.907071
1789.700000000 -155.309497 102.740726 -217.873126 0.372461 -0.128329 0.129812 0.909919
1790.000000000 -155.271617 102.517100 -217.528806 0.374530 -0.128221 0.130285 0.909018
1790.100000000 -155.244786 102.407990 -217.427307 0.374799 -0.128252 0.130351 0.908893
1790.200000000 -155.217714 102.325092 -217.308900 0.375760 -0.128289 0.130344 0.908491
1790.300000000 -155.198943 102.221749 -217.174730 0.375360 -0.128268 0.130524 0.908634
1790.600000000 -155.097623 102.023713 -216.823841 0.372734 -0.127794 0.131179 0.909687
1790.700000000 -155.040068 101.945220 -216.685833 0.372458 -0.128911 0.130375 0.909758
1790.800000000 -154.987725 101.888772 -216.555459 0.372389 -0.128116 0.130803 0.909837
1791.200000000 -154.797041 101.542214 -216.042660 0.373646 -0.129443 0.131109 0.909089
1791.300000000 -154.739944 101.503987 -215.922476 0.373481 -0.129443 0.131705 0.909071
1791.400000000 -154.666767 101.440170 -215.790023 0.372842 -0.129784 0.130920 0.909398
1791.600000000 -154.533264 101.244353 -215.516866 0.372352 -0.129065 0.131678 0.909592
1791.700000000 -154.458032 101.146031 -215.375230 0.373339 -0.128881 0.131646 0.909218
1792.700000000 -153.064807 100.847999 -215.880999 0.150880 -0.165435 0.089904 0.970455
1792.800000000 -153.485828 100.792664 -214.529552 0.413489 -0.130826 0.133994 0.891043
1793.000000000 -153.328584 101.483495 -214.722358 0.144682 -0.167141 0.090237 0.971076
1793.100000000 -153.238653 100.746928 -214.252588 0.394974 -0.134134 0.130935 0.899366
1793.300000000 -153.170440 101.416607 -214.212924 0.142639 -0.166021 0.090169 0.971576
1793.400000000 -152.966181 100.660751 -213.941416 0.371363 -0.136016 0.127881 0.909525
1793.800000000 -152.556406 99.991613 -213.499975 0.305783 -0.145817 0.116887 0.933580
1794.000000000 -151.982257 100.499296 -214.605695 0.084485 -0.172565 0.075843 0.978433
1794.100000000 -152.307179 100.241788 -213.476873 0.266047 -0.153809 0.108313 0.945426
1794.400000000 -152.570707 100.921793 -212.319091 0.192439 -0.159168 0.097881 0.963355
1795.000000000 -152.411473 100.604933 -211.479602 0.206190 -0.165676 0.098299 0.959362
1795.200000000 -152.368701 100.487152 -211.185296 0.201490 -0.171162 0.095548 0.959675
1796.200000000 -151.933312 98.663866 -210.561524 0.277716 -0.164536 0.104209 0.940714
1796.500000000 -151.862900 98.247650 -210.539279 0.287390 -0.164355 0.105216 0.937723
1796.900000000 -152.122664 99.120611 -210.308805 0.180965 -0.170285 0.091290 0.964324
1797.000000000 -152.286184 99.197045 -209.928600 0.206084 -0.169511 0.094714 0.959075
1797.100000000 -152.287341 98.790810 -209.881334 0.240514 -0.168678 0.099500 0.950684
1797.800000000 -151.940996 97.915775 -211.169209 0.160958 -0.176523 0.085679 0.967260
1798.400000000 -151.989494 98.062226 -211.877120 0.221716 -0.170823 0.092624 0.955553
1798.500000000 -152.047388 97.977422 -211.860403 0.264630 -0.165883 0.099998 0.944698
1798.600000000 -152.131911 97.903933 -211.723115 0.256681 -0.166368 0.097832 0.947030
1798.800000000 -152.223412 98.106731 -211.955245 0.282943 -0.156242 0.105462 0.940431
1799.000000000 -152.378017 98.195317 -211.919021 0.370015 -0.140622 0.120763 0.910347
1799.100000000 -152.700490 98.701581 -211.431419 0.334220 -0.146033 0.115368 0.923938
1799.500000000 -153.275661 99.158675 -211.042895 0.240328 -0.150722 0.102899 0.953382
1799.800000000 -153.562453 99.071131 -211.081034 0.239694 -0.151317 0.104074 0.953320
1799.900000000 -153.648856 99.027052 -211.078253 0.278299 -0.144236 0.111392 0.943047
1800.100000000 -153.951036 98.754644 -210.636493 0.364113 -0.132369 0.125280 0.913348
1800.400000000 -154.302869 98.504724 -210.528916 0.355488 -0.134364 0.124484 0.916558
1800.500000000 -154.381048 98.506752 -210.588389 0.358058 -0.133486 0.124771 0.915646
1800.600000000 -154.092022 98.800018 -211.723895 0.292865 -0.140203 0.114166 0.938903
1800.900000000 -154.143028 98.449322 -212.435258 0.454322 -0.107852 0.146581 0.872051
1801.500000000 -154.596123 98.212030 -213.023193 0.459797 -0.104450 0.149659 0.869068
1801.900000000 -155.203830 97.614307 -212.339027 0.452165 -0.110583 0.145880 0.872947
1802.000000000 -155.363539 98.091585 -212.211429 0.340801 -0.133088 0.123607 0.922423
1802.200000000 -155.550225 98.042656 -212.260535 0.353906 -0.130006 0.125742 0.917626
1802.300000000 -155.649295 98.027075 -212.273591 0.344481 -0.131791 0.124609 0.921106
1802.400000000 -155.520962 98.149179 -212.948417 0.367119 -0.123903 0.130849 0.912552
1802.600000000 -155.715906 97.988151 -213.089278 0.450353 -0.106090 0.149176 0.873884
1802.900000000 -156.147735 97.898627 -212.696614 0.510712 -0.090258 0.161833 0.839546
1803.300000000 -156.270848 97.404200 -212.973573 0.431330 -0.108094 0.146952 0.883558
1803.400000000 -156.345239 97.387106 -212.995608 0.435333 -0.107405 0.147589 0.881571
1804.200000000 -152.870940 99.015542 -212.556458 0.497421 -0.070319 0.166332 0.848505
1804.900000000 -153.171900 98.851687 -212.681404 0.584463 -0.051017 0.182854 0.788901
1805.000000000 -153.213993 98.810638 -212.658861 0.579738 -0.052161 0.182121 0.792474
1806.000000000 -157.489237 99.544840 -215.725493 0.624822 -0.448895 -0.116834 0.628045
1806.100000000 -157.541407 99.479740 -215.734353 0.622196 -0.448697 -0.118867 0.630408
1806.400000000 -157.738703 100.863754 -214.889032 0.657939 -0.511919 -0.023943 0.551799
1806.700000000 -157.739160 101.575624 -213.456446 0.724241 -0.502617 0.063473 0.467785
1806.900000000 -157.657443 101.638937 -213.234315 0.755651 -0.495935 0.106347 0.414403
1807.100000000 -157.601729 101.136102 -213.811710 0.795497 -0.482231 0.165463 0.327507
1807.200000000 -157.892321 100.965483 -213.858989 0.718813 -0.503698 0.058502 0.475577
1808.200000000 -157.135613 99.893147 -213.691601 0.504528 -0.439451 -0.222299 0.709167
1808.800000000 -157.522955 99.262040 -213.426239 0.500939 -0.438250 -0.222795 0.712291
1809.000000000 -157.683100 99.009683 -213.324765 0.500725 -0.438631 -0.223062 0.712124
1809.400000000 -158.641808 99.449975 -214.183572 0.394147 -0.475248 0.028834 0.786102
1809.500000000 -158.616717 99.382809 -214.117618 0.393655 -0.474890 0.028828 0.786565
1810.100000000 -157.557937 100.048706 -214.469379 0.544096 -0.068654 -0.368398 0.750686
1810.300000000 -157.496411 99.758164 -214.391663 0.545557 -0.070109 -0.367461 0.749950
1810.400000000 -157.080913 100.711859 -215.894519 0.504471 -0.343302 -0.155171 0.776901
1811.700000000 -154.447079 100.309969 -213.065104 0.524632 -0.080837 -0.376024 0.759495
1811.800000000 -154.482835 100.126086 -212.375106 0.431672 -0.046904 -0.389595 0.812204
1812.200000000 -156.085254 101.220648 -212.694544 0.125494 -0.343556 0.083277 0.926976
1812.300000000 -156.274889 100.984738 -212.499834 0.219299 -0.194879 0.095450 0.951220
1812.400000000 -156.147402 101.010244 -212.461285 0.215963 -0.194266 0.094090 0.952244
1812.600000000 -156.018518 100.883049 -212.026173 0.219295 -0.196079 0.092246 0.951290
1812.700000000 -155.933643 100.899007 -211.970546 0.215624 -0.195538 0.091911 0.952273
1813.000000000 -155.751128 100.753466 -211.513251 0.213618 -0.197453 0.091214 0.952397
1813.200000000 -155.612726 100.673647 -211.185254 0.215413 -0.199723 0.089375 0.951693
1813.300000000 -155.560305 100.620655 -211.005314 0.216743 -0.203129 0.089088 0.950697
1813.500000000 -155.439313 100.520229 -210.725266 0.213446 -0.213778 0.086201 0.949373
1813.600000000 -155.409917 100.481713 -210.573377 0.215103 -0.218136 0.085250 0.948093
1814.300000000 -154.045770 102.006185 -210.973609 0.104345 0.127392 0.119069 0.979135
1814.500000000 -153.913705 102.024253 -210.849151 0.310614 0.145356 0.097257 0.934308
1815.100000000 -154.278144 101.683925 -210.771774 0.472301 -0.040191 -0.022330 0.880237
1815.500000000 -154.370494 101.403464 -210.525811 0.467245 -0.041094 -0.024155 0.882842
1816.400000000 -154.787389 101.669189 -210.297081 0.337596 -0.301260 0.083772 0.887836
1816.700000000 -154.842245 100.647006 -210.027780 0.467995 -0.039642 -0.023028 0.882541
1817.900000000 -154.379207 95.820399 -209.057963 0.556497 0.569700 -0.165363 0.581728
1818.200000000 -154.210814 95.643175 -208.927633 0.631567 0.539437 -0.241288 0.501908
1818.500000000 -153.767397 94.868252 -209.728824 0.582938 0.774964 -0.168388 0.176805
1818.600000000 -153.601101 94.895263 -209.663783 0.579286 0.778449 -0.156287 0.184446
1819.100000000 -153.541982 96.097107 -207.930367 0.131121 0.766233 -0.458357 0.430816
1819.200000000 -153.421567 96.226171 -207.996349 0.125279 0.771763 -0.449433 0.432085
1819.900000000 -154.092052 94.040950 -206.332609 0.123724 0.708190 -0.603375 0.345105
1820.000000000 -153.991131 94.118860 -206.420840 0.120486 0.712671 -0.598250 0.345947
1820.300000000 -154.796255 93.939717 -205.701620 0.130249 0.802756 -0.555667 0.172778
1820.600000000 -154.034933 93.852419 -205.253769 0.035347 0.797628 -0.476682 0.367851
1820.700000000 -153.892826 93.866549 -205.235133 0.030801 0.805804 -0.463207 0.367656
1820.900000000 -153.686863 93.835890 -205.191619 0.028877 0.808907 -0.458189 0.367286
1821.000000000 -153.600331 93.905010 -205.229495 0.027207 0.811915 -0.452670 0.367619
1821.100000000 -153.505965 93.822788 -205.183247 0.028452 0.810244 -0.455198 0.368090
1821.200000000 -153.380292 93.811714 -205.235600 0.028568 0.810415 -0.454980 0.367974
1822.000000000 -154.643677 92.009333 -206.363886 0.122098 0.889703 -0.417220 -0.139457
1822.300000000 -154.455185 92.196795 -206.334571 0.114810 0.880390 -0.438379 -0.139841
1822.500000000 -153.881676 92.374235 -206.169543 0.105957 0.883262 -0.439267 -0.125166
1822.600000000 -153.153962 93.683255 -205.199398 0.123381 0.956270 -0.254366 -0.074980
1823.300000000 -150.639905 93.623087 -203.827786 0.640000 0.540987 0.233261 -0.493278
1823.500000000 -149.637171 92.358918 -203.512172 0.643217 0.541906 0.238427 -0.485554
1824.500000000 -145.902209 86.753851 -202.671500 -0.607373 -0.527044 -0.228844 0.548592
1824.800000000 -146.123593 87.166660 -202.838274 -0.612068 -0.530875 -0.229424 0.539359
1825.000000000 -146.725202 87.221594 -202.614293 0.729800 0.482410 0.351606 -0.333235
1825.300000000 -146.278381 87.632163 -203.297503 -0.605813 -0.532193 -0.221912 0.548193
1826.200000000 -145.971848 88.009077 -203.643273 -0.544306 -0.536797 -0.184163 0.617789
1826.300000000 -146.567490 88.574560 -203.933790 -0.606899 -0.533047 -0.221681 0.546253
1826.700000000 -146.070191 90.738429 -204.491917 0.787155 0.370361 0.490934 0.046942
1827.000000000 -146.038370 90.278348 -204.533892 0.772138 0.463600 0.398085 -0.174374
1827.200000000 -146.605506 89.339713 -204.223649 0.723853 0.491066 0.342452 -0.342953
1828.200000000 -141.919384 87.751853 -204.743271 0.343970 -0.492312 -0.205018 0.772840
1828.800000000 -141.791499 89.637846 -204.680651 -0.147836 -0.277286 0.406517 0.857905
1829.100000000 -141.725877 90.604925 -206.228970 -0.056190 -0.582080 0.450431 0.674639
1829.500000000 -140.832250 93.097953 -206.413736 -0.054339 0.827537 -0.473173 -0.297216
1829.800000000 -142.237871 92.580528 -208.504275 0.128751 0.824894 -0.529426 -0.150602
1829.900000000 -142.170813 92.210966 -208.141729 -0.062802 0.809721 -0.542282 0.215263
1830.500000000 -144.046368 91.128487 -207.092874 0.070962 -0.096269 -0.207488 0.970899
1830.700000000 -143.144107 91.482708 -208.574944 0.157395 -0.479624 -0.095772 0.857914
1830.800000000 -143.284776 91.381158 -208.515967 0.155433 -0.478918 -0.096410 0.858594
1831.000000000 -143.540943 91.267159 -208.295055 0.156765 -0.478713 -0.095214 0.858599
1831.200000000 -143.755929 91.171694 -208.126018 0.156442 -0.478880 -0.095380 0.858547
1831.300000000 -143.803543 91.127489 -208.065881 0.154762 -0.478683 -0.096451 0.858841
1831.400000000 -143.897237 91.110347 -207.979236 0.153579 -0.479091 -0.097181 0.858744
1831.500000000 -143.978660 91.080126 -207.912292 0.154158 -0.478902 -0.096322 0.858843
1831.600000000 -144.040800 91.056098 -207.842064 0.154213 -0.478794 -0.096226 0.858903
1832.200000000 -142.793580 92.328631 -205.088869 0.162706 -0.159042 -0.105059 0.968088
1832.400000000 -144.036366 92.161279 -204.316918 -0.094125 -0.606028 0.469335 0.635292
1832.600000000 -144.226719 91.688962 -203.640910 -0.468237 -0.509540 0.562958 0.451886
1833.200000000 -144.604473 92.918180 -202.404445 0.805285 0.018874 -0.574879 0.143784
1833.300000000 -144.672904 92.895196 -202.411437 0.804474 0.023149 -0.574533 0.148988
1833.400000000 -144.748439 92.863291 -202.433970 0.804046 0.027375 -0.573640 0.153940
1833.500000000 -144.873902 92.824530 -202.481334 0.804534 0.025863 -0.573524 0.152077
1833.600000000 -145.050153 92.779940 -202.548062 0.805419 0.023357 -0.573230 0.148868
1833.900000000 -145.412663 92.741068 -202.651706 0.804036 0.027880 -0.573342 0.155009
1834.000000000 -145.526127 92.664265 -202.688966 0.804188 0.026794 -0.573568 0.153566
1834.200000000 -145.797613 92.547102 -202.759127 0.803904 0.029537 -0.573011 0.156601
1834.800000000 -147.050124 92.426017 -203.146076 0.818817 -0.050595 -0.570320 0.041411
1835.000000000 -147.089563 92.273643 -203.131547 0.819347 -0.053762 -0.569487 0.038275
1835.300000000 -146.970329 92.118380 -203.067726 0.804651 0.017926 -0.575892 0.143404
1835.400000000 -147.043036 92.029570 -203.074864 0.804339 0.018716 -0.576113 0.144164
1835.600000000 -147.255415 91.860920 -203.116568 0.804893 0.015823 -0.576328 0.140511
1835.900000000 -147.716251 91.780536 -203.211472 0.805900 0.011103 -0.576293 0.135235
1836.400000000 -150.039974 92.011643 -204.085413 0.808321 -0.015708 -0.579500 0.102716
1836.800000000 -150.484152 92.248516 -204.343572 0.725611 0.169282 -0.591386 0.308375
1836.900000000 -150.445099 92.152862 -204.315716 0.727568 0.165134 -0.592629 0.303588
1837.000000000 -150.551424 92.019643 -204.320930 0.729749 0.160748 -0.593854 0.298268
1837.700000000 -150.888512 92.278879 -200.350109 0.848072 0.147418 -0.379038 0.339664
1837.900000000 -149.028700 92.202606 -199.767272 0.753062 0.371666 -0.486076 0.241851
1838.100000000 -147.664886 92.693817 -199.170963 0.845498 0.224844 -0.475933 0.089818
1838.200000000 -148.227740 91.968710 -199.090263 0.787762 0.052989 -0.600130 -0.128327
1838.900000000 -149.677291 93.795448 -198.646089 0.091863 0.718600 0.355121 0.590817
1839.200000000 -148.598009 94.120612 -198.464645 0.439374 0.798757 -0.010284 0.410891
1839.300000000 -148.423298 94.008091 -198.599503 0.417893 0.800434 0.020852 0.429227
1839.400000000 -147.901371 93.631548 -199.237642 0.451886 0.796863 -0.044914 0.398486
1840.300000000 -149.878493 91.032321 -200.536363 0.817760 0.252073 -0.496049 0.147184
1840.400000000 -150.160377 91.108384 -200.798756 0.827711 0.158852 -0.538201 -0.000816
1840.600000000 -148.770662 92.390978 -200.083722 -0.574031 -0.393137 0.716555 0.049804
1840.700000000 -148.960817 92.329969 -200.069845 -0.574591 -0.399826 0.712751 0.044383
1841.100000000 -148.576788 92.572557 -200.120898 0.686270 0.255890 -0.607399 -0.307604
1841.200000000 -148.729569 92.410675 -200.161200 -0.546757 -0.309852 0.770485 0.106780
1841.500000000 -148.956149 92.258849 -200.618429 -0.584019 -0.364771 0.713113 -0.131663
1842.200000000 -149.515655 91.571854 -201.071571 0.580965 0.541756 -0.553330 0.250612
1842.700000000 -151.555023 91.927752 -201.818587 0.603372 0.612127 -0.509260 0.043566
1842.800000000 -151.209603 91.248442 -201.240098 -0.597705 -0.498405 0.627657 -0.019698
1844.300000000 -147.545233 90.719125 -197.610360 -0.047560 0.930655 0.268511 0.243969
1844.700000000 -147.508777 90.989573 -198.036046 -0.048381 0.928958 0.273291 0.244966
1844.800000000 -147.442611 91.074436 -198.251150 -0.047144 0.930467 0.268853 0.244390
1845.100000000 -148.012442 91.629811 -197.985829 0.337638 0.866303 0.293037 0.222822
1845.200000000 -148.110090 91.490562 -198.238379 0.336343 0.865391 0.296351 0.223936
1846.200000000 -147.892112 92.459963 -197.599471 -0.309786 0.126649 0.017599 0.942169
1846.600000000 -147.684811 92.765490 -197.233591 -0.301113 0.128266 0.015039 0.944803
1846.900000000 -147.611656 92.694166 -196.954692 -0.310027 0.131764 0.014589 0.941440
1847.400000000 -147.806953 92.309351 -197.873954 -0.594162 0.351146 -0.050006 0.721919
1848.700000000 -148.098497 91.342525 -198.928387 0.787497 -0.441691 -0.200630 -0.380139
1848.900000000 -148.447176 92.242671 -199.333393 -0.740725 0.176798 0.068294 0.644519
1849.400000000 -149.626649 93.582393 -199.182322 -0.786458 -0.196101 -0.154721 0.564881
1849.600000000 -150.336670 92.983634 -198.459689 0.763721 0.461475 0.385733 -0.234480
1849.800000000 -150.448812 93.311726 -197.214257 0.709593 0.572839 0.319907 -0.256892
1850.200000000 -151.908010 92.692662 -197.371926 0.472069 0.718170 0.373629 -0.348975
1850.300000000 -152.191846 92.961266 -197.844300 0.508238 0.669327 0.457890 -0.289882
1850.400000000 -152.197774 92.853462 -197.719209 0.507413 0.671011 0.456621 -0.289437
1850.900000000 -150.955418 93.124364 -197.710355 0.358484 0.639746 0.586220 0.344326
1851.000000000 -151.243876 92.894453 -197.341909 0.356912 0.642585 0.584409 0.343749
1851.200000000 -151.915744 92.062262 -197.461331 0.266733 0.517653 0.803014 0.126715
1851.500000000 -152.811274 90.458990 -197.155042 0.151379 0.851597 0.478538 -0.151225
1851.700000000 -152.451333 90.000937 -196.138949 0.135992 0.849614 0.481478 -0.166856
1853.000000000 -154.083551 91.748565 -193.212196 0.425668 -0.030263 0.298310 0.853758
1853.600000000 -154.257015 91.346096 -192.891778 0.425388 -0.029790 0.297151 0.854318
1853.700000000 -154.406407 91.489515 -192.855672 0.425049 -0.028612 0.296627 0.854709
1854.200000000 -154.629300 90.984672 -193.931326 0.349544 -0.620670 0.049513 0.700097
1854.300000000 -154.658765 91.114976 -193.893699 0.346398 -0.619124 0.047641 0.703153
1854.400000000 -154.860008 90.789993 -194.021365 0.330284 -0.622859 0.031368 0.708502
1854.600000000 -155.073604 90.620974 -194.078301 0.305262 -0.621616 0.008000 0.721349
1854.900000000 -154.867951 90.609333 -193.265985 0.470146 -0.461404 0.053718 0.750455
1856.900000000 -156.295848 91.447433 -194.120742 0.854615 -0.287033 0.032579 0.431490
1857.100000000 -156.310334 91.395717 -194.195139 0.905325 -0.284468 0.072704 0.306885
1858.400000000 -155.216277 88.213212 -196.375710 0.711035 -0.555679 0.356179 0.242461
1858.500000000 -155.257637 88.166757 -196.394034 0.711126 -0.557091 0.354663 0.241172
1859.300000000 -155.747445 88.292375 -195.972652 0.777888 -0.476510 0.295357 0.283889
1860.300000000 -156.783939 89.210700 -195.088199 0.846578 -0.418839 0.092197 0.315245
1860.700000000 -157.648148 88.410244 -194.552886 0.894492 -0.298260 0.070022 0.325611
1860.800000000 -157.011462 88.893583 -194.960438 0.845918 -0.418524 0.091350 0.317673
1861.400000000 -154.969207 87.688879 -196.115829 0.756965 -0.494320 0.250835 0.346027
1861.600000000 -155.073884 87.533325 -196.064599 0.754254 -0.492569 0.254799 0.351501
1862.000000000 -155.271068 87.299748 -196.090415 0.750203 -0.494675 0.257999 0.354864
1862.800000000 -155.368714 87.119669 -196.076893 0.771639 -0.485529 0.286198 0.294831
1863.100000000 -155.568579 87.050555 -195.912577 0.771992 -0.484245 0.287597 0.294658
1863.200000000 -155.591640 87.033222 -195.919149 0.771525 -0.486561 0.283383 0.296144
1863.500000000 -155.797119 87.031377 -195.736751 0.771925 -0.487281 0.286068 0.291298
1863.800000000 -156.056511 87.132195 -195.432301 0.771461 -0.486456 0.291385 0.288622
1863.900000000 -156.049929 87.138166 -195.442967 0.771903 -0.484614 0.296392 0.285424
1864.100000000 -156.564686 87.331543 -194.978577 0.748382 -0.501345 0.262768 0.345732
1864.500000000 -157.170291 88.293049 -193.885064 0.712621 -0.519076 0.211051 0.422124
1864.600000000 -157.166949 88.283196 -193.905894 0.712048 -0.518812 0.212323 0.422778
1865.400000000 -157.092993 87.911808 -194.214177 0.743016 -0.501474 0.262587 0.357070
1865.800000000 -157.134001 88.015703 -194.098124 0.769086 -0.484984 0.293856 0.294865
1866.100000000 -157.329643 88.276962 -193.761949 0.767022 -0.483602 0.296581 0.299744
1866.200000000 -157.414746 88.377814 -193.648408 0.764668 -0.485173 0.293848 0.305848
1866.400000000 -157.460503 88.509932 -193.523697 0.763987 -0.484308 0.295826 0.307013
1867.400000000 -157.284419 88.707773 -193.601753 0.780970 -0.470283 0.318559 0.259691
1867.700000000 -157.429449 88.962764 -193.383253 0.779512 -0.470794 0.317847 0.263985
1867.800000000 -157.449495 89.044827 -193.336894 0.779079 -0.471224 0.317133 0.265351
1868.200000000 -157.416571 89.311351 -193.295323 0.782337 -0.467581 0.322309 0.255798
1868.300000000 -157.454810 89.362819 -193.270523 0.784748 -0.463728 0.329635 0.245900
1868.500000000 -157.286797 89.527866 -193.311026 0.768326 -0.482377 0.294254 0.300671
1869.100000000 -157.006157 90.152364 -193.232383 0.730799 -0.504164 0.243102 0.390708
1869.200000000 -157.294157 90.148569 -193.230202 0.776209 -0.473262 0.309224 0.279111
1869.700000000 -157.457827 90.675949 -193.176526 0.784249 -0.463639 0.321980 0.257527
1869.800000000 -157.487046 90.775892 -193.138484 0.785123 -0.462003 0.325212 0.253715
1870.300000000 -157.413558 91.445815 -193.072486 0.773919 -0.475554 0.300808 0.290537
1870.400000000 -157.375640 91.545690 -193.120092 0.774301 -0.475563 0.300581 0.289740
1870.700000000 -157.204533 92.085367 -193.018422 0.748055 -0.496792 0.254268 0.359109
1870.800000000 -157.411584 91.996640 -193.141595 0.776448 -0.473274 0.302535 0.285680
1872.200000000 -156.612474 90.496847 -196.049897 0.849690 -0.431437 0.302678 -0.016575
1872.300000000 -157.164466 90.268145 -196.255707 0.639464 -0.242023 0.704087 0.191759
1872.400000000 -157.242995 90.368888 -196.284501 0.639173 -0.238213 0.706808 0.187445
1873.000000000 -157.470257 90.262526 -194.814265 0.939311 -0.330645 -0.029641 0.086543
1873.300000000 -157.691120 90.601948 -195.720959 0.878290 -0.357565 -0.316984 -0.016548
1873.500000000 -157.602683 90.510621 -194.119857 0.942071 -0.330539 -0.013143 0.055432
1873.700000000 -157.894305 89.705330 -192.129514 0.943398 -0.329455 0.018512 0.033423
1874.300000000 -159.968228 87.947800 -190.359742 0.898697 -0.337044 0.123376 -0.252040
1874.500000000 -159.991119 88.137831 -190.345385 0.899695 -0.337229 0.123395 -0.248190
1874.800000000 -159.521165 88.653731 -191.117875 0.942966 -0.330906 0.009359 0.035061
1875.100000000 -159.446049 89.245812 -191.725524 0.942730 -0.332943 0.012193 0.016146
1875.200000000 -159.535553 89.115828 -191.200493 0.942594 -0.332417 0.008575 0.030687
1875.300000000 -159.790094 88.669651 -190.025206 0.941853 -0.328349 -0.004110 0.071296
1875.400000000 -160.349085 88.232705 -189.576082 0.897757 -0.337950 0.125271 -0.253239
1875.900000000 -163.518795 89.561500 -189.179730 0.747869 -0.478895 0.205957 -0.411015
1876.000000000 -163.512209 89.573302 -189.118247 0.747377 -0.478924 0.206120 -0.411794
1876.200000000 -163.735759 89.659965 -189.606879 -0.853241 0.076310 0.026921 0.515201
1876.900000000 -164.101097 88.704480 -189.312812 0.841583 -0.267690 0.152696 -0.443581
1877.300000000 -165.342167 87.849595 -188.107909 0.758375 -0.480540 0.197182 -0.393787
1877.400000000 -165.693935 86.714991 -188.188426 -0.815322 0.275774 -0.060376 0.505522
1877.700000000 -164.010917 87.289444 -188.748109 -0.756719 0.227932 -0.182184 0.585006
1878.000000000 -164.900911 87.610468 -187.849946 0.754385 -0.479910 0.198304 -0.401579
1878.300000000 -165.130576 87.126921 -187.652097 0.755871 -0.479918 0.196190 -0.399809
1879.000000000 -165.004537 84.931518 -187.740063 -0.763419 0.157560 -0.074306 0.621968
1879.200000000 -164.927023 84.527865 -187.587461 -0.831127 0.157984 -0.051131 0.530711
1879.400000000 -164.668128 84.593519 -187.530393 -0.828987 0.158063 -0.049497 0.534179
1879.800000000 -163.159491 84.696297 -187.705089 0.924142 -0.320968 0.011956 -0.206878
1880.000000000 -164.179586 83.630001 -187.399599 -0.837835 0.157667 -0.045653 0.520662
1880.200000000 -163.988254 83.853780 -187.726668 -0.776408 0.148658 -0.061123 0.609389
1880.300000000 -162.730333 84.180574 -187.972592 -0.753769 0.341126 -0.251372 0.502273
1880.400000000 -163.625329 83.785797 -187.342402 -0.835498 0.157720 -0.040060 0.524845
1880.500000000 -163.518880 83.613231 -187.384419 -0.832363 0.158252 -0.041837 0.529507
1881.300000000 -163.940300 82.380919 -189.112822 0.852239 -0.237737 -0.220930 -0.410317
1881.700000000 -164.277785 82.964180 -190.120283 0.793481 -0.260769 -0.243145 -0.493222
1881.800000000 -163.591801 82.954312 -189.376258 0.842819 -0.232976 -0.265655 -0.405962
1881.900000000 -163.473323 83.265288 -189.625790 -0.785068 0.262736 0.232975 0.510255
1883.300000000 -161.924552 84.590405 -189.638444 -0.662687 0.341519 0.121475 0.655328
1883.400000000 -161.800697 85.072431 -189.649202 -0.569481 0.311897 0.261040 0.714332
1883.800000000 -162.035567 86.519120 -189.833792 -0.598969 0.176863 0.458185 0.632473
1883.900000000 -161.724100 86.594281 -190.211587 -0.729115 0.323769 0.213315 0.563969
1884.100000000 -161.354422 86.211672 -190.030393 0.817769 -0.292062 -0.041868 -0.494167
1884.200000000 -161.615287 85.997611 -189.811661 0.777432 -0.199650 -0.357561 -0.477377
1884.600000000 -161.086287 85.422297 -189.467244 0.694171 -0.150606 -0.629083 -0.315752
1884.800000000 -159.878925 85.014369 -189.231715 -0.578971 0.124238 0.779353 0.204855
1884.900000000 -159.677932 84.555914 -189.487560 0.716565 -0.160619 -0.608183 -0.301413
1885.200000000 -160.417527 84.403105 -189.184357 0.731700 -0.227089 -0.481464 -0.425722
1885.500000000 -160.110750 85.566748 -191.451259 0.614762 -0.335707 0.544269 -0.461670
1885.600000000 -159.848871 85.111481 -191.615960 0.704571 0.068143 0.702856 -0.070219
1885.800000000 -158.885716 85.579882 -191.421940 0.470201 0.286847 0.782721 0.289790
1885.900000000 -157.478964 86.717320 -190.845509 0.466530 0.300853 0.675825 0.484869
1886.000000000 -156.732636 86.849986 -190.882353 0.278228 0.141356 0.741517 0.593936
1886.300000000 -155.712955 87.172595 -189.976667 -0.033880 -0.096018 0.798492 0.593332
1886.500000000 -155.344586 87.506244 -189.634433 -0.244121 -0.268637 0.806525 0.466644
1886.600000000 -155.273091 87.505931 -189.732936 -0.240809 -0.267495 0.807797 0.466820
1886.700000000 -154.563970 87.540986 -190.195693 0.033220 -0.474499 0.769096 0.426894
1886.800000000 -153.968178 87.798876 -190.033151 -0.086607 -0.173593 0.768005 0.610355
1886.900000000 -153.805370 87.722199 -190.323411 -0.061783 -0.134499 0.782867 0.604328
1887.700000000 -153.155796 87.581919 -191.456987 -0.011298 0.014832 0.983554 0.179652
1887.800000000 -153.243800 86.591585 -191.047998 -0.079779 -0.004146 0.920661 0.382101
1888.100000000 -154.493209 87.079395 -191.304735 -0.059527 -0.142837 0.783517 0.601794
1888.300000000 -154.396169 87.037301 -191.388032 -0.077336 -0.180639 0.774921 0.600738
1888.400000000 -154.025903 86.891258 -190.877942 0.087832 0.074231 0.801000 0.587515
1888.800000000 -152.670016 86.404297 -190.865955 0.311388 0.389989 0.789575 0.357096
1889.000000000 -152.132857 86.754974 -191.043736 0.334520 0.464611 0.750704 0.329660
1889.100000000 -151.786372 86.931335 -190.825313 0.347805 0.492351 0.732278 0.316845
1889.200000000 -151.825504 86.815563 -190.686773 0.346516 0.490611 0.733844 0.317334
1889.500000000 -151.192718 86.826300 -191.475405 0.530173 0.410618 0.580161 0.462301
1890.000000000 -151.842013 86.756954 -192.024597 0.316951 0.475548 0.749773 0.333522
1890.800000000 -152.862840 85.453250 -192.104661 0.396422 0.745210 0.517476 0.140465
1891.000000000 -152.757530 85.215457 -191.386718 0.680399 0.608470 0.258324 0.316371
1891.100000000 -152.713120 85.156534 -191.197637 0.684130 0.616381 0.245001 0.303341
1891.400000000 -154.165273 85.619301 -191.863339 0.234669 0.643830 0.692978 0.224044
1891.600000000 -155.249267 86.685449 -191.603452 0.000381 -0.438678 -0.725893 0.529755
1892.200000000 -155.902669 85.494217 -190.767538 0.393502 0.334612 0.049295 0.854846
1892.400000000 -156.194227 85.376727 -190.613701 0.346506 0.527167 0.206942 0.747799
1892.500000000 -156.290243 85.452397 -190.512346 0.352486 0.528543 0.203113 0.745078
1892.700000000 -155.632580 85.469322 -190.015686 0.367043 0.533385 0.190494 0.737897
1893.100000000 -155.165131 84.785795 -187.943105 0.484392 0.379040 0.273886 0.739377
1893.400000000 -154.138259 84.453000 -186.399951 0.458328 0.369399 0.285944 0.756119
1893.500000000 -154.256677 84.479210 -186.332328 0.449647 0.367929 0.289087 0.760838
1893.700000000 -154.030750 84.041884 -186.487360 0.475454 0.382459 0.272663 0.743857
1894.400000000 -153.727852 82.840910 -187.057399 0.699768 0.504665 0.129003 0.488873
1894.700000000 -153.465435 82.185169 -186.215304 0.753792 0.409851 0.014335 0.513434
1895.300000000 -152.946387 81.660971 -185.108958 0.974544 0.153920 0.055766 0.153175
1895.500000000 -152.928081 81.553522 -184.740044 0.979110 0.152492 0.049710 0.124971
1895.700000000 -153.024151 80.592059 -186.571268 0.972584 0.140889 -0.013759 0.184503
1895.800000000 -153.011123 80.613863 -186.424817 0.973189 0.140196 -0.014542 0.181762
1895.900000000 -153.030744 80.667354 -186.268968 0.973113 0.140237 -0.014409 0.182145
1896.500000000 -153.600282 80.960928 -187.898299 0.974412 0.137022 -0.011639 0.177794
1896.700000000 -153.525359 80.964164 -188.102238 0.979255 0.132530 -0.014545 0.152588
1896.900000000 -153.685543 81.088648 -188.657772 0.947472 0.145231 -0.000774 0.284962
1897.000000000 -153.673624 81.182134 -188.573845 0.952639 0.142403 -0.004420 0.268666
1897.800000000 -153.794651 81.314020 -187.539824 0.685469 0.160122 -0.463839 0.537909
1898.100000000 -153.558066 82.534951 -185.277747 0.858957 0.161979 0.033342 0.484608
1898.200000000 -153.528510 82.771455 -185.297139 0.862163 0.160652 0.032333 0.479396
1898.300000000 -153.581745 82.846613 -185.299153 0.855471 0.161619 0.035378 0.490711
1898.500000000 -153.573693 83.047410 -185.204616 0.841440 0.164207 0.040522 0.513198
1898.700000000 -153.348552 83.442503 -184.824636 0.903983 0.153991 -0.008480 0.398784
1898.800000000 -153.650617 82.965848 -186.080167 0.958617 0.144390 -0.016949 0.244781
1899.200000000 -153.626189 82.667272 -185.899983 0.835958 0.167087 0.045652 0.520742
1899.400000000 -153.395821 82.439098 -185.453082 0.880167 0.162403 0.023898 0.445376
1900.800000000 -149.194057 81.599986 -185.870914 0.881188 0.121120 -0.286631 0.355922
1900.900000000 -149.205955 81.694988 -185.569175 0.978824 0.157080 0.009685 0.130905
1901.000000000 -148.983442 81.621402 -185.303753 0.984916 0.157528 0.005650 0.071374
1901.100000000 -149.239683 81.974503 -185.610974 0.982186 0.154393 0.003179 0.107069
1901.300000000 -149.080986 81.983714 -185.284671 0.914013 0.125069 -0.161131 0.350677
1901.500000000 -149.049420 81.984162 -184.850385 0.981676 0.155723 0.004125 0.109753
1901.600000000 -149.083226 82.133995 -184.765029 0.980567 0.156634 0.005981 0.117973
1901.700000000 -148.986936 81.327326 -184.578799 0.963206 0.154807 0.006921 0.219595
1901.800000000 -149.059768 81.426163 -184.557158 0.963546 0.155006 0.007058 0.217949
1902.000000000 -148.891803 82.227972 -184.346664 0.981502 0.156782 0.003397 0.109827
1902.100000000 -148.936439 81.589618 -184.046173 0.962481 0.156744 0.008864 0.221321
1902.300000000 -148.848949 81.650890 -183.569085 0.965521 0.154260 0.007029 0.209579
1902.400000000 -148.828024 82.428926 -183.813165 0.981569 0.156923 0.002777 0.109041
1902.500000000 -148.930396 81.826325 -183.977372 0.972156 0.152705 0.002977 0.177723
1902.600000000 -149.101368 82.328870 -183.767828 0.939294 0.155533 0.011405 0.305623
1902.800000000 -149.053355 82.963401 -183.162486 0.984655 0.114134 -0.051692 0.121478
1902.900000000 -149.205871 83.077743 -183.040817 0.984487 0.111042 -0.053136 0.125028
1903.000000000 -149.204246 82.593676 -181.642534 0.967697 0.115282 -0.066217 0.214217
1903.100000000 -149.201261 82.673412 -181.543008 0.967805 0.115679 -0.065362 0.213774
1903.200000000 -149.202499 82.770113 -181.463362 0.967832 0.116059 -0.064954 0.213571
1903.600000000 -145.498966 83.647070 -182.789639 0.951621 0.199916 0.193072 0.131052
1903.800000000 -145.256802 82.788103 -183.201231 0.899653 0.140254 0.390851 0.134865
1903.900000000 -144.940176 82.304765 -183.290380 0.914817 0.078863 0.272329 0.287623
1904.000000000 -144.662693 81.967156 -183.283532 0.870531 0.036280 0.163240 0.462830
1904.400000000 -145.124857 80.739443 -183.923779 0.769099 0.099040 -0.180608 0.605028
1904.500000000 -145.427157 83.391586 -181.459758 0.725445 -0.086597 -0.266771 0.628541
1904.800000000 -149.275324 83.620244 -178.984356 0.759859 0.066997 0.645990 -0.028693
1905.200000000 -147.574534 81.785179 -183.808194 -0.002203 -0.189509 -0.757389 0.624855
1905.700000000 -143.527818 83.444408 -183.464498 -0.489275 0.201343 0.690626 -0.493058
1905.800000000 -143.471376 83.482797 -183.545431 -0.488883 0.201194 0.690816 -0.493243
1906.000000000 -142.778338 83.487631 -183.762368 -0.482744 0.192396 0.693614 -0.498840
1906.100000000 -142.226129 83.458643 -183.871557 -0.481626 0.191100 0.694190 -0.499617
1906.200000000 -141.457080 83.240617 -183.695907 -0.488263 0.200338 0.691812 -0.492808
1906.400000000 -139.158348 82.738109 -182.444167 -0.539354 0.264421 0.652340 -0.462202
1906.500000000 -139.223434 82.764759 -182.246533 0.630730 -0.393480 -0.569901 0.350095
1906.600000000 -139.102307 82.775641 -182.248681 0.629342 -0.391020 -0.571629 0.352523
1906.800000000 -138.367123 82.502598 -181.847551 -0.563389 0.299436 0.634481 -0.436307
1907.000000000 -138.530916 82.772587 -182.241811 0.630372 -0.393021 -0.570318 0.350575
1907.100000000 -138.425820 82.787533 -182.227566 0.629004 -0.390319 -0.572037 0.353239
1907.200000000 -137.886837 82.584041 -181.907386 -0.560717 0.293745 0.636395 -0.440807
1907.300000000 -138.145002 82.789708 -182.189445 0.628361 -0.388866 -0.572843 0.354679
1907.500000000 -137.923330 82.838566 -182.153364 0.622201 -0.377618 -0.580282 0.365437
1907.700000000 -137.648845 82.822939 -182.085501 0.624896 -0.381526 -0.577089 0.361818
1908.200000000 -137.903248 82.716636 -181.440898 0.611370 -0.362763 -0.591939 0.379787
1908.600000000 -137.490173 82.761820 -181.314553 0.616313 -0.369257 -0.586734 0.373566
1909.000000000 -136.989633 82.773895 -181.183360 0.619436 -0.374386 -0.583069 0.369005
1909.200000000 -136.814936 83.079021 -181.651050 -0.596919 0.340399 0.605444 -0.401564
1910.100000000 -136.148858 83.026095 -182.554313 0.447034 -0.462337 -0.561946 0.520213
1910.600000000 -135.610534 83.162119 -182.038911 0.385144 -0.396320 -0.612704 0.564968
1910.800000000 -135.455095 83.165429 -182.159416 0.384881 -0.396086 -0.612974 0.565018
1910.900000000 -135.090041 83.015693 -183.006705 0.451171 -0.467027 -0.557842 0.516858
1911.400000000 -134.421669 82.879508 -181.960448 -0.513243 0.535288 0.490896 -0.457241
1911.500000000 -134.423788 83.001160 -182.666584 0.380742 -0.391456 -0.616127 0.567613
1911.600000000 -134.242611 82.973610 -182.734537 0.380073 -0.391024 -0.616629 0.567815
1912.000000000 -133.456056 82.595938 -182.516334 -0.540130 0.542583 0.460478 -0.449247
1912.500000000 -133.328661 82.535118 -181.600128 -0.614614 0.615841 0.341840 -0.355154
1912.600000000 -133.106451 82.628988 -181.299750 -0.529481 0.534289 0.472128 -0.459652
1912.700000000 -132.783360 82.674846 -181.375948 0.451805 -0.451401 -0.556226 0.531716
1913.000000000 -132.580925 82.438566 -181.524957 -0.609688 0.611041 0.350670 -0.363235
1913.100000000 -132.447103 82.496020 -181.325700 -0.528725 0.533996 0.472878 -0.460091
1913.200000000 -132.592035 82.575600 -181.624026 0.481705 -0.487369 -0.525835 0.503914
1913.300000000 -132.653347 82.576234 -181.708529 0.482738 -0.487895 -0.524647 0.503655
1913.400000000 -132.586801 82.567253 -181.734427 0.480461 -0.484978 -0.527032 0.506153
1913.800000000 -131.799195 82.419154 -181.239611 0.515256 -0.511234 -0.489766 0.482991
1913.900000000 -131.993811 82.399944 -181.128893 0.567946 -0.567546 -0.419830 0.423169
1915.500000000 -134.261642 81.761814 -182.781037 -0.348877 0.935107 -0.008175 -0.061587
1916.500000000 -134.241854 81.745945 -181.615165 -0.342030 0.938767 0.029286 -0.029565
1916.700000000 -134.187106 81.821133 -181.957001 -0.346165 0.935495 -0.070766 0.003335
1918.100000000 -134.329559 81.099183 -184.890177 0.222691 -0.598063 0.615184 0.462902
1919.400000000 -134.049032 82.225938 -185.295647 0.220012 -0.599685 0.612936 0.465062
1919.900000000 -133.918219 82.997506 -185.600997 0.214481 -0.604348 0.608072 0.467986
1920.200000000 -133.994724 83.361271 -185.838721 0.240738 -0.565400 0.644723 0.454643
1920.700000000 -133.843985 83.475648 -185.811360 0.258893 -0.528507 0.674350 0.445991
1920.800000000 -133.807544 83.594453 -185.830154 0.260176 -0.526644 0.675948 0.445027
1921.700000000 -133.665800 84.723589 -185.787854 0.544194 -0.505919 0.539328 0.396264
1922.100000000 -133.705305 85.276770 -185.618486 0.545402 -0.505273 0.539891 0.394656
1922.700000000 -133.381265 85.576415 -185.447499 0.530542 -0.463994 0.584498 0.401991
1922.800000000 -132.877422 85.829523 -185.244671 0.500231 -0.345944 0.613629 0.503539
1922.900000000 -132.313585 86.184436 -185.823680 0.713564 -0.442863 0.360709 0.405694
1923.000000000 -132.609169 87.252370 -185.679388 0.616736 -0.494956 0.294248 0.536725
1923.200000000 -131.206092 87.920910 -186.760062 -0.226972 -0.510782 0.262107 0.786693
1923.600000000 -130.114916 85.203772 -184.952557 0.952814 0.043968 -0.059963 -0.294308
1924.300000000 -130.223624 89.133872 -184.725116 0.411576 -0.504413 0.321317 0.687697
1924.800000000 -129.228050 87.101031 -184.935422 -0.146315 -0.466301 0.317772 0.812513
1924.900000000 -129.052596 87.093793 -184.900965 -0.145622 -0.468254 0.317623 0.811571
1925.300000000 -129.712101 88.684821 -185.963259 -0.163126 -0.483042 0.318422 0.799167
1925.800000000 -130.063223 90.038233 -186.519031 -0.159223 -0.482078 0.315329 0.801758
1926.100000000 -129.630233 90.205505 -186.599707 -0.161784 -0.481276 0.311940 0.803052
1926.200000000 -129.493647 90.210257 -186.645630 -0.159974 -0.480859 0.312624 0.803399
1926.600000000 -129.232918 90.364102 -186.731552 -0.128536 -0.467748 0.331464 0.809211
1927.100000000 -128.290593 90.421071 -187.199852 -0.154152 -0.475880 0.316602 0.805939
1927.200000000 -128.225823 90.429090 -187.261787 -0.153737 -0.477020 0.316389 0.805428
1927.800000000 -128.332709 90.940565 -188.177857 -0.082798 -0.635166 0.460084 0.614843
1928.200000000 -127.510865 90.476492 -188.019710 -0.112785 -0.458505 0.339695 0.813425
1928.800000000 -127.088251 89.926082 -188.197814 -0.149726 -0.474905 0.318563 0.806576
1929.300000000 -128.161626 90.040791 -188.066682 -0.060109 -0.619484 0.479327 0.618767
1929.800000000 -128.773248 89.584658 -188.023341 -0.187865 -0.361676 0.347147 0.844622
1930.400000000 -127.290994 89.425240 -189.143514 -0.250372 -0.540081 0.253132 0.762594
1931.200000000 -128.963854 89.277367 -189.421298 -0.036069 -0.619005 0.486133 0.615797
1931.700000000 -129.224677 89.079924 -189.961735 -0.213592 -0.376150 0.336341 0.836519
1931.800000000 -129.104075 89.041888 -190.267719 -0.292382 -0.539251 0.282720 0.737421
1931.900000000 -129.190410 89.066584 -190.395226 -0.286850 -0.537711 0.285938 0.739475
1934.200000000 -130.032054 89.183955 -187.919383 -0.138082 -0.107209 0.502181 0.846909
1934.500000000 -129.937653 89.128144 -188.316685 -0.135547 -0.105348 0.502789 0.847191
1934.800000000 -131.307700 89.168839 -186.708031 0.209503 -0.455652 0.445906 0.741389
1935.100000000 -130.622428 89.962011 -188.447937 -0.288870 -0.328531 0.409963 0.800345
1935.500000000 -128.689074 89.084584 -193.091028 -0.230108 -0.337345 0.431037 0.804646
1936.100000000 -129.255945 87.266432 -197.065131 -0.412090 0.179368 0.592253 0.668764
1936.300000000 -130.181408 86.314962 -197.745613 -0.346697 0.182503 0.583643 0.711235
1936.400000000 -130.131932 86.602016 -197.671287 -0.289494 0.243938 0.557544 0.738804
1936.500000000 -129.963050 86.182584 -198.176932 -0.366670 0.173107 0.589573 0.698563
1936.600000000 -130.016092 86.455041 -198.049772 -0.304053 0.240832 0.560775 0.731494
1936.700000000 -129.994063 86.243012 -198.519369 -0.394817 0.166186 0.593056 0.681752
1937.100000000 -129.339001 86.355369 -199.729424 -0.422796 0.356286 0.606824 0.571024
1937.200000000 -129.372204 86.052813 -199.991730 -0.349891 0.436515 0.551157 0.619077
1937.600000000 -131.148466 85.216045 -200.664734 -0.037624 0.684005 0.239038 0.688173
1937.800000000 -131.443556 86.009613 -200.550054 0.092383 0.726879 0.101345 0.672935
1937.900000000 -131.373887 86.376379 -200.498071 0.077316 0.726725 0.115958 0.672642
1938.100000000 -131.514738 87.101721 -200.546657 0.078547 0.724131 0.115183 0.675424
1938.700000000 -130.288978 87.385222 -200.665605 0.292236 0.659547 0.005802 0.692505
1938.800000000 -130.334745 87.275042 -200.942428 0.046112 0.601786 0.205095 0.770496
1938.900000000 -130.720499 87.508915 -201.038433 0.082841 0.621652 0.171384 0.759811
1939.000000000 -131.183052 87.578949 -201.229934 0.021073 0.608054 0.211954 0.764789
1939.100000000 -131.581585 87.752595 -201.292267 -0.032133 0.589106 0.249251 0.767981
1939.400000000 -130.943241 88.810234 -199.845248 0.169139 0.507286 0.358442 0.765227
1939.600000000 -131.129843 89.036842 -198.827255 0.425004 0.438671 0.515006 0.601421
1940.000000000 -131.605702 88.833999 -198.459791 0.704886 0.224007 0.623255 0.253986
1940.100000000 -131.638749 88.756694 -198.290289 0.706766 0.218551 0.624643 0.250078
1940.500000000 -132.317626 88.844624 -197.876701 0.710990 0.201344 0.622656 0.257398
1941.300000000 -133.068025 89.082200 -197.451724 0.708549 0.205770 0.624550 0.256036
1941.800000000 -133.538735 89.479553 -197.570128 0.710438 0.216067 0.623322 0.245078
1942.000000000 -133.626192 89.323163 -197.433164 0.713214 0.214862 0.620146 0.246129
1942.100000000 -133.696913 89.201476 -197.339695 0.711759 0.214067 0.621914 0.246570
1942.800000000 -134.524617 88.181005 -196.357110 0.700873 0.093275 0.673655 0.215095
1943.100000000 -134.154673 87.411234 -196.394807 0.705930 0.201072 0.626449 0.262287
1944.000000000 -133.597782 86.966439 -194.900174 0.790549 0.320141 0.431165 0.294344
1944.100000000 -133.293284 86.452793 -194.552982 0.791989 0.322608 0.432073 0.286340
1944.400000000 -133.476197 86.326665 -194.471006 0.788937 0.323872 0.438469 0.283601
1945.200000000 -133.512015 86.410152 -194.569742 0.801770 0.334637 0.344536 0.355638
1945.300000000 -133.570516 86.273413 -194.255655 0.798369 0.331492 0.350083 0.360779
1945.400000000 -133.603374 86.165961 -193.993894 0.794871 0.331036 0.358431 0.360726
1945.500000000 -133.729884 86.099443 -193.725646 0.789341 0.330310 0.371690 0.360116
1945.800000000 -134.318103 85.709711 -192.938094 0.791453 0.325370 0.351450 0.379764
1946.200000000 -134.391569 84.806715 -193.673908 0.775130 0.297563 0.449732 0.329196
1946.400000000 -134.520459 84.517095 -193.301350 0.769863 0.290898 0.454741 0.340441
1946.600000000 -133.917302 85.184137 -193.424575 0.801991 0.331116 0.343985 0.358953
1946.700000000 -134.530178 85.465405 -193.113524 0.789744 0.317997 0.355417 0.385825
1947.000000000 -133.860410 84.894577 -194.762938 0.776266 0.308998 0.449983 0.315352
1947.600000000 -134.607640 85.201140 -194.743699 0.785584 0.330220 0.438777 0.285109
1947.700000000 -134.638428 85.169206 -194.691495 0.786172 0.329386 0.437645 0.286191
1947.900000000 -134.487239 84.771219 -194.431288 0.777921 0.320250 0.445159 0.306777
1948.100000000 -134.043340 84.804863 -194.638196 0.801903 0.362926 0.415594 0.229168
1948.200000000 -134.226337 84.369434 -193.917050 0.776150 0.322138 0.451424 0.300059
1948.300000000 -134.527932 84.918156 -194.549005 0.776877 0.327284 0.449398 0.295616
1948.500000000 -134.815498 85.578261 -195.250347 0.778809 0.329343 0.443716 0.296826
1948.600000000 -134.820527 85.678076 -195.386851 0.779129 0.329997 0.443745 0.295213
1948.700000000 -134.793093 85.829922 -195.566230 0.779648 0.331438 0.443966 0.291877
1949.100000000 -133.907847 85.734645 -195.936003 0.800477 0.367098 0.414737 0.229063
1949.200000000 -133.930332 85.899834 -196.116711 0.802931 0.370668 0.411945 0.219564
1949.900000000 -132.326639 90.280770 -192.195818 0.906941 -0.041149 0.001394 0.419240
1950.000000000 -132.256551 90.771201 -192.563055 0.900993 -0.040534 -0.004466 0.431912
1950.100000000 -132.171316 91.150423 -193.120315 0.912433 -0.037964 -0.001428 0.407458
1950.500000000 -131.829231 92.653239 -194.321530 0.910789 -0.032804 0.004837 0.411539
1950.700000000 -131.627151 93.642600 -195.313315 0.918498 -0.031644 0.002891 0.394148
1950.800000000 -131.602094 93.623303 -195.920290 0.909692 -0.034190 -0.004808 0.413846
1951.100000000 -131.663616 91.909906 -196.753237 0.850820 -0.034599 -0.010193 0.524217
1951.700000000 -131.663819 89.653168 -198.389217 0.763160 -0.033208 -0.013427 0.645216
1952.200000000 -131.548607 88.698339 -198.696210 0.751554 -0.037430 -0.017651 0.658372
1952.600000000 -131.377856 88.555450 -198.459769 0.761687 -0.035679 -0.016367 0.646756
1953.100000000 -131.165840 88.719554 -198.122648 0.807805 -0.036866 -0.014683 0.588113
1953.300000000 -131.067022 88.726009 -198.925468 0.813715 -0.036014 -0.012854 0.580005
1954.100000000 -130.940022 87.988459 -198.597485 0.803356 -0.035184 -0.014139 0.594290
1954.200000000 -130.897261 88.008245 -198.908279 0.805207 -0.035176 -0.013975 0.591784
1954.600000000 -130.895881 87.441299 -198.662481 0.798121 -0.036150 -0.021391 0.601031
1954.700000000 -130.868410 87.398125 -198.682762 0.798090 -0.035478 -0.024805 0.600981
1955.300000000 -130.835670 87.425699 -198.392026 0.867998 -0.037647 -0.025199 0.494497
1955.500000000 -130.876193 87.163830 -198.422310 0.872463 -0.037673 -0.024824 0.486593
1956.200000000 -131.077721 86.887141 -198.778211 0.727788 -0.038252 -0.033757 0.683901
1956.300000000 -131.114694 86.736738 -199.255566 0.736565 -0.038267 -0.029378 0.674644
1956.400000000 -131.137116 86.768855 -198.687888 0.722598 -0.037235 -0.027172 0.689730
1956.500000000 -131.161774 86.795716 -199.113505 0.726656 -0.034359 -0.020775 0.685827
1956.600000000 -131.170609 86.746628 -199.237989 0.727809 -0.035596 -0.021366 0.684522
1957.100000000 -131.395582 86.137490 -198.403800 0.799801 -0.035438 -0.016457 0.598992
1957.200000000 -131.446028 85.943774 -198.793415 0.732786 -0.035470 -0.022089 0.679175
1957.300000000 -131.460874 86.147749 -198.470218 0.717508 -0.035629 -0.023501 0.695241
1957.400000000 -131.488607 85.881573 -199.239881 0.731978 -0.036297 -0.022509 0.679988
1957.600000000 -131.540503 85.794223 -199.115800 0.725549 -0.034235 -0.021953 0.686967
1958.200000000 -131.752367 85.314911 -199.191330 0.722535 -0.034359 -0.023541 0.690079
1958.700000000 -131.861715 84.837184 -199.342035 0.722557 -0.034878 -0.026029 0.689940
1958.800000000 -131.915461 84.637143 -198.944770 0.723730 -0.034112 -0.025684 0.688761
1959.100000000 -131.911429 84.484047 -199.406397 0.719744 -0.033257 -0.026900 0.692921
1959.300000000 -131.977200 84.348876 -199.807510 0.722887 -0.035375 -0.028401 0.689475
1959.400000000 -132.030875 84.099351 -199.357457 0.725585 -0.034953 -0.028289 0.686661
1959.600000000 -132.056279 84.012244 -199.587968 0.717282 -0.032017 -0.026873 0.695528
1959.700000000 -132.106818 83.865280 -199.527779 0.721682 -0.033573 -0.027788 0.690851
1959.800000000 -132.141759 83.690236 -199.255875 0.723277 -0.033158 -0.027669 0.689206
1960.000000000 -132.191991 83.610804 -199.867769 0.718558 -0.032807 -0.027470 0.694149
1960.100000000 -132.234147 83.437864 -199.623526 0.721514 -0.033469 -0.028191 0.691016
1960.200000000 -132.240220 83.376151 -199.900880 0.722686 -0.034015 -0.029068 0.689727
1960.300000000 -132.250670 83.319330 -200.117167 0.720267 -0.033436 -0.029122 0.692279
1960.900000000 -132.256102 85.477973 -200.068744 0.679895 -0.029373 -0.029192 0.732139
1961.300000000 -132.268574 86.887353 -199.656180 0.871817 -0.037366 -0.022038 0.487907
1961.700000000 -132.309257 87.812720 -199.312709 0.934191 -0.035800 -0.013606 0.354711
1961.900000000 -132.433252 87.522228 -199.463094 0.937955 -0.035652 -0.012425 0.344695
1962.200000000 -132.534140 87.534820 -199.773285 0.937964 -0.035356 -0.013682 0.344655
1962.400000000 -132.707180 87.117892 -199.943669 0.939276 -0.035862 -0.013103 0.341033
1962.600000000 -132.826710 87.187071 -200.186375 0.937793 -0.035484 -0.012191 0.345162
1962.800000000 -132.959501 86.854233 -199.990585 0.911406 -0.034756 -0.015837 0.409731
1962.900000000 -133.044680 86.577708 -200.051383 0.913791 -0.034580 -0.015144 0.404427
1963.200000000 -133.155508 86.915437 -201.525393 0.928190 -0.035852 -0.015563 0.370047
1964.700000000 -133.978831 87.057315 -203.386726 0.938788 -0.033956 -0.009650 0.342681
1964.900000000 -134.121219 86.891667 -203.134861 0.891606 -0.032080 -0.013874 0.451461
1965.000000000 -134.145053 87.226294 -203.489721 0.925476 -0.033049 -0.010436 0.377218
1965.100000000 -134.214539 87.148000 -203.285902 0.924833 -0.033445 -0.010877 0.378743
1965.200000000 -134.274681 87.061597 -203.193684 0.923351 -0.033539 -0.010620 0.382341
1966.100000000 -134.712942 86.430958 -204.086029 0.935902 -0.032986 -0.006280 0.350657
1966.200000000 -134.783098 85.994484 -203.918008 0.908220 -0.031435 -0.006434 0.417261
1966.600000000 -134.949813 85.707148 -202.957488 0.731439 -0.029605 -0.023106 0.680872
1966.800000000 -135.050625 85.813002 -202.970010 0.616537 -0.031632 -0.032769 0.786007
1967.200000000 -135.127338 85.923701 -203.653496 0.479315 -0.035242 -0.043846 0.875838
1967.500000000 -135.205514 85.840114 -203.533545 0.512384 -0.036259 -0.042551 0.856935
1967.700000000 -135.174422 85.931355 -204.527177 0.354700 -0.033219 -0.050068 0.933048
1967.800000000 -135.197540 85.939808 -204.468550 0.352953 -0.032789 -0.049859 0.933736
1968.400000000 -135.017304 88.059903 -205.019433 0.454848 -0.030831 -0.041230 0.889080
1968.700000000 -134.972411 88.769270 -205.314424 0.527951 -0.026303 -0.034093 0.848183
1968.800000000 -134.976015 88.727196 -205.272066 0.524002 -0.025665 -0.033602 0.850667
1969.000000000 -134.997047 88.416718 -205.120047 0.532137 -0.026515 -0.033763 0.845569
1969.200000000 -134.979348 88.260771 -204.994516 0.528451 -0.026462 -0.033696 0.847882
1969.400000000 -134.969776 88.019179 -204.836238 0.531221 -0.026557 -0.033525 0.846153
1969.500000000 -134.957713 87.925344 -204.790016 0.530281 -0.026205 -0.033477 0.846755
1969.900000000 -134.801028 88.502239 -204.970986 0.497709 -0.026893 -0.036520 0.866157
1970.000000000 -134.773576 88.408203 -205.040806 0.496194 -0.026499 -0.036445 0.867041
1971.000000000 -136.231034 86.766764 -204.053508 0.355792 -0.014342 0.065530 0.932155
1971.300000000 -135.899411 86.288743 -203.682496 0.445325 0.177660 -0.061913 0.875379
1972.300000000 -134.248205 84.690505 -203.059332 0.234332 0.708753 -0.196143 0.635834
1972.400000000 -134.216168 84.566618 -203.165122 0.229251 0.710420 -0.189712 0.637775
1972.800000000 -135.444090 83.769640 -202.704476 0.143914 0.809841 -0.411257 0.392828
1973.300000000 -135.371553 83.326177 -203.279830 0.168841 0.801187 -0.440126 0.368620
1973.400000000 -133.305475 83.974875 -204.216912 0.247565 0.703316 -0.216529 0.630216
1974.100000000 -131.316734 87.988905 -201.957849 0.150910 0.176623 0.662445 0.712178
1974.200000000 -131.387433 88.272915 -201.171983 -0.121426 0.420857 0.608009 0.662163
1974.300000000 -130.690415 88.109720 -202.291302 -0.035684 0.080128 0.486598 0.869211
1974.400000000 -130.595472 88.182180 -202.078924 -0.082572 0.052542 0.486964 0.867921
1975.000000000 -129.077329 87.587055 -201.408025 0.625321 0.247218 0.452799 0.585517
1975.400000000 -128.194458 87.347044 -201.830331 0.942379 0.162096 0.253489 0.146255
1975.900000000 -127.585992 88.745697 -204.313299 0.922550 0.163994 0.039120 -0.347097
1976.000000000 -127.633242 89.149435 -204.548889 0.928429 0.156747 0.046461 -0.333605
1976.200000000 -126.422215 90.553093 -205.239714 0.854178 -0.101014 0.365360 -0.355934
1977.200000000 -123.406930 88.051423 -204.335799 0.394684 0.739008 -0.542351 -0.062832
1977.300000000 -122.661538 88.395772 -204.122858 -0.010145 0.845602 -0.532822 -0.030919
1977.800000000 -121.275926 90.919411 -205.704160 -0.572780 0.676315 -0.446857 0.121821
1978.300000000 -120.929698 93.807294 -206.062378 0.709826 -0.218752 0.632802 -0.218761
1978.600000000 -121.006066 95.470323 -205.076026 0.715400 -0.208443 0.627809 -0.224967
1978.800000000 -120.805552 95.493663 -205.236965 0.700833 -0.170310 0.639275 -0.266749
1979.700000000 -122.689645 94.833105 -206.222749 0.828597 -0.133031 0.428380 -0.334992
1979.800000000 -122.591149 94.128705 -206.464699 -0.578817 0.010375 -0.629492 0.518269
1980.000000000 -123.406970 92.892646 -205.394709 0.455172 0.255442 0.745884 -0.413793
1980.500000000 -124.437439 91.746778 -206.047255 0.214147 0.088370 -0.659737 0.714897
1980.900000000 -123.920042 90.770858 -208.720550 0.416782 0.646855 -0.579137 0.269205
1981.000000000 -122.735364 90.669869 -208.601826 0.537521 0.339182 -0.504154 0.584684
1981.800000000 -123.175152 93.307187 -207.349165 0.060366 -0.809085 0.285558 0.510093
1982.100000000 -123.750807 93.163678 -206.564519 0.124087 -0.432919 0.161419 0.878139
1982.200000000 -123.639744 93.090812 -206.746239 0.096899 -0.434680 0.141487 0.884107
1982.300000000 -123.044505 94.020097 -206.752343 0.251511 -0.705889 0.036846 0.661140
1982.600000000 -123.094211 92.850766 -208.329587 -0.665880 0.746017 0.004333 0.006562
1982.700000000 -122.497538 93.934861 -207.448362 -0.545784 0.725495 -0.246716 -0.338982
1982.900000000 -121.329894 95.388201 -207.020626 0.439933 -0.626588 0.401198 0.502878
1983.000000000 -122.324863 95.375659 -207.464088 0.295147 -0.535992 0.502323 0.610961
1983.100000000 -123.924038 94.845997 -207.824594 -0.207759 0.747007 -0.447996 -0.445103
1983.200000000 -125.020033 94.403081 -208.741269 -0.304423 0.776251 -0.263760 -0.484965
1983.300000000 -125.115193 94.455412 -208.834634 -0.308420 0.774237 -0.270237 -0.482086
1983.500000000 -125.150825 94.880712 -208.584031 0.099270 -0.633250 0.357492 0.679220
1983.800000000 -125.774742 94.828616 -209.453757 -0.329450 0.752470 -0.324187 -0.469207
1984.100000000 -126.636213 94.506508 -210.148618 -0.486721 0.767933 -0.303482 -0.285097
1984.400000000 -126.788520 94.608666 -209.707615 -0.424346 0.570178 -0.553104 -0.434631
1984.500000000 -126.623139 94.202021 -209.776626 0.455158 -0.524193 0.596575 0.402680
1984.800000000 -127.606636 93.784198 -210.473350 0.481076 -0.567417 0.612332 0.267682
1985.600000000 -129.429524 93.795842 -211.410553 0.675712 -0.671956 0.272710 -0.132354
1985.700000000 -129.225412 93.810498 -212.077589 0.755470 -0.620559 0.121196 -0.171705
1985.900000000 -127.936946 94.234335 -213.385028 0.753225 -0.616874 0.130845 -0.187078
1986.000000000 -127.927763 94.239067 -213.422881 0.754803 -0.617590 0.125947 -0.181639
1986.400000000 -129.159219 93.729856 -211.902352 0.703174 -0.698758 0.131093 -0.009934
1986.600000000 -128.594161 93.985750 -213.289878 0.754350 -0.619199 0.125317 -0.178451
1986.900000000 -127.357926 94.237190 -213.907228 0.735873 -0.614048 0.178595 -0.222574
1987.100000000 -127.514919 94.046781 -213.651987 0.700845 -0.595854 0.253707 -0.299011
1987.300000000 -127.749035 93.852925 -213.596328 0.695209 -0.591104 0.266783 -0.310013
1987.500000000 -127.713542 93.648058 -213.299396 0.673722 -0.576655 0.303744 -0.348293
1987.700000000 -127.622522 93.556157 -213.390200 0.674273 -0.576082 0.302861 -0.348942
1988.300000000 -126.944433 93.423401 -214.331021 0.694921 -0.592224 0.267097 -0.308245
1988.600000000 -126.632610 93.293829 -214.583124 0.694085 -0.590838 0.267591 -0.312333
1988.800000000 -126.419987 93.190471 -214.735785 0.695747 -0.592414 0.265137 -0.307707
1988.900000000 -126.246146 93.110881 -214.810323 0.657976 -0.566093 0.323375 -0.376875
1989.100000000 -126.639066 93.108612 -215.525216 0.743615 -0.621293 0.159589 -0.188581
1989.200000000 -126.170260 92.827164 -215.345378 0.610997 -0.531737 0.383030 -0.444102
1989.600000000 -125.238912 92.596719 -214.952950 0.551502 -0.504333 0.452843 -0.486237
1990.000000000 -124.709884 92.375032 -214.978339 0.556762 -0.506884 0.447842 -0.482206
1990.100000000 -124.619368 92.295051 -214.959476 0.557224 -0.507451 0.447331 -0.481549
1990.600000000 -124.860831 94.199203 -213.855536 -0.622594 0.427056 -0.253866 0.604609
1990.900000000 -124.630976 94.795979 -214.455944 -0.622000 0.549350 -0.067048 0.553927
1991.100000000 -124.180377 94.695775 -214.284546 -0.548100 0.536393 -0.129433 0.628582
1991.200000000 -123.987807 94.689301 -214.192860 -0.547380 0.536298 -0.129642 0.629247
1991.500000000 -123.841277 94.073013 -213.154271 -0.698526 0.452267 -0.192766 0.519959
1991.600000000 -123.229391 94.615636 -214.292211 -0.619066 0.556790 -0.098264 0.545057
1991.700000000 -123.050174 94.941164 -214.835132 0.688281 -0.555599 0.021657 -0.465950
1991.800000000 -122.602108 95.263296 -215.665646 0.695344 -0.598079 0.261101 -0.301039
1991.900000000 -123.028206 95.077875 -215.527062 0.773538 -0.540311 -0.082790 -0.320700
1992.200000000 -122.462962 95.766957 -216.088149 0.774775 -0.539077 -0.082623 -0.319833
1992.300000000 -121.286026 95.481570 -216.324727 0.694866 -0.599469 0.257382 -0.302575
1992.400000000 -122.387394 95.810788 -216.169940 0.779454 -0.538501 -0.089697 -0.307283
1993.000000000 -125.288824 92.595084 -216.415453 -0.628314 0.170972 0.456289 0.606457
1993.300000000 -125.510028 92.943780 -216.388104 -0.633279 0.167260 0.456546 0.602119
1993.700000000 -126.446742 94.208812 -216.331732 -0.551388 0.232441 0.429331 0.676474
1993.900000000 -125.881008 93.593354 -216.185262 -0.643811 0.159253 0.458323 0.591681
1994.100000000 -126.605889 94.744910 -216.101467 -0.550720 0.232039 0.429129 0.677284
1994.300000000 -126.105211 94.173359 -215.954772 -0.649175 0.156856 0.456946 0.587510
1994.500000000 -126.782216 95.197627 -215.900116 -0.552125 0.231645 0.429312 0.676158
1994.600000000 -126.297477 94.508844 -215.849738 -0.642712 0.161623 0.456855 0.593365
1994.700000000 -126.903155 95.301386 -215.853566 -0.554696 0.231016 0.429655 0.674048
1994.900000000 -126.983890 95.689207 -215.626678 -0.559052 0.227517 0.430302 0.671220
1995.000000000 -126.499193 94.944382 -215.619393 -0.640655 0.163932 0.456874 0.594940
1995.100000000 -127.030876 95.784204 -215.551529 -0.548831 0.234844 0.429016 0.677922
1995.600000000 -127.453896 96.843680 -214.917771 -0.612943 0.188969 0.438833 0.629299
1996.700000000 -128.281601 100.142397 -212.974958 -0.425699 0.468482 0.338343 0.696297
1997.100000000 -128.455828 100.475961 -213.237383 -0.372076 0.360388 0.343457 0.783401
1997.300000000 -128.465694 100.680691 -212.960858 -0.370836 0.359249 0.345582 0.783577
1998.100000000 -128.766844 99.739862 -210.489460 -0.274385 0.315592 0.581069 0.698193
1998.200000000 -128.844414 99.801648 -210.394630 -0.272793 0.317209 0.580191 0.698813
1998.300000000 -128.880439 99.856409 -210.303748 -0.272419 0.317837 0.579912 0.698906
1998.500000000 -128.897175 100.001450 -210.102803 -0.268394 0.321067 0.578490 0.700165
1998.900000000 -128.593782 100.533050 -209.356021 -0.328396 0.278682 0.595509 0.678131
1999.200000000 -127.786536 100.808632 -208.681608 -0.070798 0.463804 0.486407 0.737077
1999.300000000 -127.824241 100.853774 -208.591339 -0.077937 0.459338 0.489871 0.736859
1999.500000000 -127.565661 100.956120 -208.318259 -0.106555 0.443221 0.502179 0.734858
2000.000000000 -126.396644 101.005172 -207.679945 0.337564 0.492690 0.257778 0.759512
2000.600000000 -126.430535 100.550120 -207.940340 0.535790 0.578782 0.103061 0.606068
2000.800000000 -126.153412 100.461471 -207.855515 0.543983 0.578995 0.093815 0.600038
2000.900000000 -126.064272 100.423562 -207.814779 0.549629 0.579171 0.087608 0.595645
2001.200000000 -128.602373 100.401090 -208.837184 0.519734 0.562309 0.107130 0.634198
2001.400000000 -130.902274 100.999525 -209.473389 0.359457 0.534057 0.235482 0.728095
2001.700000000 -134.006183 100.167485 -211.322019 0.281180 0.651706 0.277182 0.647601
2001.900000000 -135.341427 99.705550 -211.714034 0.110902 0.576337 0.414112 0.695735
2002.200000000 -135.032166 99.802952 -211.605179 0.123117 0.580298 0.406570 0.694836
2002.300000000 -134.892693 99.832538 -211.544163 0.114606 0.576582 0.412007 0.696181
2002.400000000 -133.770589 100.151770 -211.345577 0.225983 0.620386 0.327529 0.675853
2002.500000000 -132.475137 100.170250 -211.471043 0.140321 0.580122 0.394966 0.698406
2002.700000000 -130.597591 100.010615 -210.721066 0.136098 0.445513 0.384914 0.796767
2002.800000000 -130.429934 99.945418 -210.661314 0.126563 0.440828 0.390746 0.798104
2003.000000000 -130.174059 100.310193 -209.234478 0.063648 0.689863 0.446614 0.566193
2003.100000000 -130.321628 100.412832 -209.258882 0.073894 0.680559 0.435388 0.584650
2003.300000000 -130.634572 99.080102 -211.561594 -0.191729 0.488640 0.359451 0.771535
2003.400000000 -130.573180 98.702460 -211.801430 -0.100507 0.423214 0.496163 0.751406
2003.600000000 -129.416702 99.935834 -210.180186 0.028595 0.523642 0.567844 0.634456
2003.700000000 -128.517038 100.234667 -209.817427 0.161428 0.467171 0.366258 0.788383
2003.800000000 -127.717111 99.652360 -209.920241 0.246868 0.533557 0.312192 0.746264
2004.000000000 -127.068185 100.253049 -210.102912 0.154588 0.698334 0.406405 0.568565
2004.100000000 -126.700961 100.280248 -209.506826 0.016681 0.506326 0.438810 0.742160
2004.300000000 -125.449014 101.767914 -208.177558 -0.107092 0.337464 0.474845 0.805712
2004.400000000 -125.527019 101.123211 -207.902221 -0.070298 0.297527 0.507444 0.805628
2004.800000000 -125.228979 100.175749 -208.676541 -0.191958 0.486900 0.630785 0.572879
2005.000000000 -126.195881 100.146360 -208.507310 -0.081035 0.597072 0.526725 0.599582
2005.100000000 -126.042031 100.204952 -208.613726 -0.089892 0.590427 0.533477 0.598930
2005.200000000 -125.060642 101.089126 -208.581646 -0.095630 0.576928 0.549884 0.596353
2005.300000000 -124.748190 100.931055 -208.695296 -0.281491 0.480638 0.650790 0.515968
2005.400000000 -124.373540 100.412045 -209.217062 -0.353891 0.416630 0.689344 0.475379
2005.700000000 -123.703420 99.048168 -211.301054 0.619343 -0.194307 -0.584408 -0.486956
2006.100000000 -122.652247 97.429331 -212.467748 -0.261801 -0.050047 0.677206 0.685819
2006.300000000 -122.911681 97.985269 -212.037782 -0.248798 -0.029288 0.664174 0.704354
2006.700000000 -123.234015 98.427192 -211.174893 -0.203920 0.012213 0.670903 0.712851
2006.800000000 -123.233498 98.516459 -211.123466 -0.198374 0.016131 0.671392 0.713877
2006.900000000 -123.152288 98.545511 -211.390159 -0.240933 -0.029496 0.672042 0.699601
2007.000000000 -123.153142 98.631861 -211.306832 -0.237392 -0.026001 0.671977 0.701010
2007.400000000 -123.685203 99.224891 -210.367018 -0.398934 0.227826 0.527362 0.714728
2008.300000000 -124.902490 100.497201 -209.328668 -0.363341 -0.352601 0.529297 0.680809
2008.600000000 -125.219222 100.662565 -209.082357 -0.356711 -0.345506 0.533004 0.685047
2009.100000000 -125.599984 100.608935 -208.924410 -0.225496 -0.503100 0.511940 0.658756
2009.300000000 -124.085580 100.209512 -210.031095 -0.529511 0.185620 0.550528 0.618128
2009.400000000 -124.045576 100.574327 -209.624267 -0.474625 0.434431 0.565390 0.516076
2009.500000000 -123.752128 100.794939 -209.803576 -0.540683 0.224512 0.546712 0.598633
2009.600000000 -124.046543 100.416644 -210.488690 0.783909 0.170843 -0.551051 -0.229440
2010.300000000 -124.067803 100.473037 -210.960121 -0.340859 0.378259 0.496854 0.702760
2010.400000000 -124.130129 100.588811 -210.917976 -0.345405 0.374963 0.500419 0.699770
2010.500000000 -124.206958 100.668152 -210.898160 -0.343282 0.375268 0.500450 0.700629
2010.900000000 -122.492499 98.691147 -212.174561 -0.351387 0.074763 0.549625 0.754222
2011.100000000 -122.358426 98.256790 -212.130502 -0.397407 0.275523 0.639149 0.598033
2011.600000000 -121.951294 98.049272 -212.006224 -0.497500 -0.069227 0.689247 0.522149
2011.700000000 -121.518715 97.867326 -212.324474 -0.525285 -0.127052 0.691634 0.479141
2011.800000000 -122.067244 98.585355 -210.770729 -0.575767 0.307191 0.625995 0.426915
2012.000000000 -123.022897 100.104897 -212.506366 0.922603 -0.200204 -0.169490 -0.282835
2012.300000000 -120.453145 100.623360 -214.529644 0.859040 0.117110 0.485822 -0.110960
2012.800000000 -119.443747 103.127530 -212.519362 0.269124 0.412147 0.749587 0.442523
2013.900000000 -120.404864 106.168586 -213.524095 0.849212 -0.220606 -0.319924 -0.357521
2014.000000000 -120.584982 106.081535 -213.630309 0.842740 -0.226679 -0.317468 -0.370971
2014.100000000 -120.637740 106.063167 -213.626102 0.840312 -0.228489 -0.317225 -0.375548
2014.400000000 -120.827313 106.522112 -213.639435 0.827688 -0.240331 -0.313323 -0.398751
2014.500000000 -121.021789 106.502062 -213.727827 0.821527 -0.245334 -0.311855 -0.409452
2014.600000000 -120.701782 106.513641 -213.397734 0.911301 -0.127539 -0.351281 -0.172819
2014.700000000 -120.889411 106.372367 -213.502435 0.906371 -0.138420 -0.348679 -0.194305
2014.800000000 -120.975128 106.398956 -213.538063 0.908052 -0.134540 -0.349961 -0.186730
2015.000000000 -121.166354 106.670688 -213.589779 0.908665 -0.133469 -0.350498 -0.183481
2015.100000000 -121.354898 106.665472 -213.683862 0.907468 -0.135963 -0.350198 -0.188090
2015.200000000 -121.435558 106.819598 -213.722283 0.906815 -0.137242 -0.350038 -0.190588
2015.400000000 -121.663168 106.942765 -213.829043 0.907558 -0.135990 -0.349653 -0.188648
2015.700000000 -122.013130 107.161331 -213.984106 0.905935 -0.138924 -0.349829 -0.193913
2015.900000000 -122.254781 107.278070 -214.107111 0.906038 -0.137897 -0.350579 -0.192803
2016.700000000 -122.982145 107.688214 -214.472988 0.898519 -0.149152 -0.350766 -0.217670
2017.000000000 -123.388535 107.902322 -214.655296 0.892667 -0.159817 -0.347943 -0.237779
2017.500000000 -122.894404 108.241525 -213.696389 0.918256 -0.077579 -0.387128 -0.030304
2017.700000000 -122.821566 108.109311 -213.531038 0.913691 -0.090108 -0.391876 -0.059013
2017.800000000 -122.626644 108.247848 -213.278868 0.913091 -0.088618 -0.394535 -0.052478
2018.100000000 -121.952324 109.777586 -212.824369 0.792696 0.183986 -0.382225 0.437821
2018.300000000 -121.723987 110.284564 -212.460515 0.823919 0.150913 -0.395041 0.377261
2018.400000000 -121.592484 111.436738 -212.212296 0.750199 0.211512 -0.366883 0.507801
2019.400000000 -124.463206 112.704515 -214.183941 -0.308328 0.530205 0.329006 0.718033
2019.500000000 -124.648026 113.099463 -214.657743 -0.343228 0.415862 0.289427 0.790876
2019.600000000 -124.401157 112.743772 -214.039854 -0.413106 0.393698 0.040986 0.820162
2019.800000000 -124.547436 113.399970 -214.233239 -0.344111 0.412118 0.290637 0.792008
2019.900000000 -124.614453 113.492146 -214.166485 -0.345838 0.412356 0.291046 0.790981
2020.100000000 -124.528405 113.343172 -213.065668 -0.290233 0.501003 0.032176 0.814694
2020.200000000 -124.525741 113.832709 -213.752025 -0.340044 0.414125 0.288932 0.793340
2020.600000000 -126.590729 114.102563 -213.929918 -0.278025 0.246047 0.603204 0.705909
2020.700000000 -126.340095 111.961256 -214.493974 -0.506947 0.371288 0.080190 0.773770
2020.800000000 -128.711128 110.944694 -215.354560 -0.404826 0.437296 0.107281 0.795851
2021.400000000 -131.739377 112.280703 -214.001914 0.204148 0.721413 0.512690 0.418373
2022.100000000 -131.597855 110.246100 -210.995055 0.678377 0.534923 0.479179 -0.155077
2022.200000000 -131.518748 110.205135 -211.020095 0.678332 0.534815 0.479446 -0.154824
2022.600000000 -131.249163 110.486367 -211.493199 0.678501 0.533870 0.480462 -0.154191
2022.800000000 -131.094520 110.652956 -211.725625 0.677645 0.536974 0.476531 -0.159294
2022.900000000 -131.031342 110.769857 -211.840347 0.677300 0.538447 0.474474 -0.161907
2023.000000000 -130.948799 110.817444 -211.929940 0.677427 0.537985 0.475047 -0.161227
2023.100000000 -130.818541 110.977985 -212.099730 0.675852 0.544030 0.467095 -0.170521
2023.200000000 -130.809218 110.998775 -212.180021 0.677642 0.538062 0.474785 -0.160841
2023.300000000 -130.764390 111.066449 -212.285294 0.678677 0.535031 0.478315 -0.156058
2023.400000000 -130.695380 111.068519 -212.338457 0.678551 0.533767 0.480128 -0.155365
2023.600000000 -130.559715 111.249420 -212.549996 0.678596 0.533057 0.481293 -0.153996
2023.700000000 -130.489243 111.330693 -212.654842 0.678972 0.532688 0.481427 -0.153198
2023.900000000 -130.344258 111.484593 -212.833796 0.678610 0.534019 0.479636 -0.155761
2024.100000000 -130.189963 111.714531 -213.052527 0.677666 0.536872 0.476478 -0.159703
2024.300000000 -130.028986 111.838423 -213.192454 0.677222 0.537931 0.475458 -0.161060
2024.500000000 -129.917551 112.066122 -213.348892 0.677913 0.536678 0.476353 -0.159683
2024.800000000 -129.707904 112.258788 -213.507951 0.678112 0.536579 0.476200 -0.159627
2025.200000000 -129.442121 112.779087 -213.904784 0.677301 0.538344 0.474441 -0.162341
2025.400000000 -129.313297 112.935491 -214.010908 0.677961 0.537268 0.475223 -0.160858
2025.700000000 -129.125350 113.223421 -214.177238 0.678166 0.537406 0.474911 -0.160451
2025.800000000 -129.037058 113.390540 -214.289813 0.678139 0.536788 0.475981 -0.159463
2025.900000000 -128.968048 113.523270 -214.382880 0.677879 0.537719 0.474835 -0.160843
2026.100000000 -128.829456 113.816528 -214.555760 0.677233 0.540093 0.471893 -0.164230
2026.200000000 -128.760554 113.865737 -214.557739 0.677603 0.539225 0.472735 -0.163134
2026.500000000 -128.557788 114.230270 -214.710975 0.677107 0.541521 0.469500 -0.166886
2026.700000000 -128.432889 114.410351 -214.784907 0.677679 0.539629 0.471846 -0.164050
2026.800000000 -128.371617 114.541599 -214.858991 0.677625 0.539033 0.472784 -0.163533
2026.900000000 -128.293982 114.701884 -214.954065 0.676914 0.541337 0.469947 -0.167005
2027.300000000 -128.041071 115.255557 -215.131239 0.675068 0.549755 0.458026 -0.179623
2027.700000000 -127.907196 115.699922 -215.266828 0.678222 0.545939 0.460346 -0.173340
2027.800000000 -127.865807 115.789328 -215.285627 0.679944 0.542336 0.464135 -0.167709
2028.300000000 -128.585804 115.918176 -214.910096 0.692808 0.382347 0.608856 0.055877
2029.000000000 -129.123272 117.066756 -215.442025 0.650784 0.227533 0.685388 0.234419
2029.900000000 -129.573193 118.538119 -215.902301 0.592369 0.094295 0.703909 0.380421
2030.800000000 -129.961682 118.584207 -214.975520 0.603109 0.097795 0.699038 0.371539
2031.300000000 -130.486044 118.776698 -214.568596 0.572945 0.018508 0.696254 0.431997
2031.400000000 -130.623509 118.802533 -214.466683 0.575281 0.023024 0.696615 0.428077
2031.800000000 -131.664848 119.341562 -214.364595 0.539341 -0.048170 0.692219 0.477100
2032.100000000 -132.403231 119.609587 -214.256029 0.515181 -0.092409 0.685093 0.506653
2032.200000000 -132.430388 119.602139 -214.138475 0.509829 -0.092516 0.687560 0.508701
2032.800000000 -132.226329 119.250025 -213.460799 0.557816 -0.037962 0.654746 0.508633
2032.900000000 -133.394612 119.554286 -213.557398 0.544871 -0.049529 0.652292 0.524574
2033.900000000 -136.127351 118.292315 -213.520511 -0.083451 -0.047954 0.902775 -0.419207
2034.000000000 -136.269547 118.289944 -212.995987 -0.065598 -0.073099 0.905048 -0.413813
2034.100000000 -136.261280 118.254744 -212.869067 -0.111856 0.033096 0.903188 -0.413091
2034.600000000 -136.126500 117.703040 -211.958102 -0.113950 0.284185 0.886725 -0.346371
2034.800000000 -137.148211 118.719639 -210.968290 -0.130585 0.339265 0.865961 -0.343451
2035.300000000 -138.386132 119.877442 -210.742091 -0.138554 0.359454 0.858998 -0.337222
2035.500000000 -138.305585 119.811517 -210.646581 -0.135348 0.363428 0.856069 -0.341683
2035.600000000 -138.650644 120.229911 -210.273650 -0.155640 0.371877 0.853162 -0.331056
2035.800000000 -138.736602 122.075889 -209.730313 -0.022569 0.384699 0.861068 -0.331752
2036.100000000 -138.536975 122.194364 -209.702939 0.118734 0.392063 0.869727 -0.275252
2036.200000000 -138.508515 122.389912 -209.603083 0.120813 0.388680 0.873912 -0.265726
2036.300000000 -138.508061 122.539729 -209.464185 0.125435 0.388951 0.871683 -0.270466
2036.700000000 -138.469381 122.832425 -209.173095 0.113812 0.408222 0.860104 -0.283941
2036.800000000 -138.460370 122.914210 -209.106816 0.116234 0.413367 0.857014 -0.284858
2037.100000000 -138.039726 121.207053 -209.499040 -0.018982 0.384016 0.855665 -0.346422
2037.300000000 -137.566156 119.152447 -210.014212 -0.136795 0.361130 0.855460 -0.345050
2037.400000000 -137.532885 119.154797 -209.969116 -0.136076 0.358439 0.856147 -0.346436
2037.500000000 -137.501896 119.142804 -209.930589 -0.133421 0.358981 0.856270 -0.346603
2037.700000000 -137.091100 118.784088 -210.157827 -0.142569 0.365864 0.852324 -0.345487
2037.800000000 -137.038847 118.701158 -210.090464 -0.134835 0.365308 0.853263 -0.346860
2038.200000000 -136.850006 118.720400 -210.095719 -0.135242 0.371665 0.851902 -0.343276
2038.500000000 -136.608535 118.669406 -210.177168 -0.137669 0.361780 0.853801 -0.348118
2039.000000000 -136.355092 118.731539 -210.219381 -0.143753 0.363076 0.852645 -0.347142
2039.100000000 -136.120378 118.567664 -210.325749 -0.159888 0.343399 0.854666 -0.355049
2039.300000000 -136.022528 118.613339 -210.378151 -0.148973 0.353853 0.854217 -0.350583
2040.100000000 -135.587756 118.718637 -210.599799 -0.151231 0.357670 0.853076 -0.348516
2040.200000000 -135.575910 118.745776 -210.606955 -0.148765 0.353461 0.855007 -0.349138
2040.300000000 -135.448272 118.641494 -210.694303 -0.160168 0.366504 0.847183 -0.349717
2040.400000000 -135.152336 118.368650 -211.108308 -0.130295 0.297951 0.875695 -0.356940
2040.800000000 -135.161177 118.586437 -211.032583 -0.150826 0.364509 0.850811 -0.347137
2040.900000000 -135.033250 118.584170 -211.078038 -0.154091 0.365820 0.849521 -0.347486
2041.300000000 -134.769226 118.586030 -211.533986 -0.115758 0.267785 0.887596 -0.356462
2041.600000000 -134.769691 118.702571 -211.365620 -0.166481 0.390472 0.838015 -0.342852
2041.700000000 -134.878766 118.880236 -211.433499 -0.154028 0.360529 0.852135 -0.346643
2042.000000000 -134.818072 118.955137 -211.774660 -0.121023 0.293401 0.880695 -0.351634
2042.500000000 -134.622200 118.935134 -211.884308 -0.169292 0.400061 0.834597 -0.338732
2042.600000000 -134.431267 118.797208 -212.337917 -0.110585 0.255513 0.892877 -0.353914
2042.700000000 -134.403841 118.777475 -212.083433 -0.165178 0.383991 0.841941 -0.341178
2042.900000000 -134.376874 118.796458 -212.232664 -0.165648 0.386956 0.841078 -0.339726
2043.000000000 -134.285711 118.767825 -212.426230 -0.149516 0.352361 0.857244 -0.344413
2043.100000000 -134.345608 118.847306 -212.375730 -0.163425 0.394410 0.838834 -0.337774
2043.300000000 -134.231704 118.827536 -212.901042 -0.106923 0.253603 0.894603 -0.352050
2043.600000000 -134.181614 118.798796 -212.708331 -0.179845 0.409068 0.829022 -0.336218
2043.800000000 -134.105942 118.736728 -212.830590 -0.186796 0.429994 0.818531 -0.331992
2044.000000000 -133.913785 118.567302 -213.308382 -0.144424 0.343284 0.862588 -0.342403
2044.200000000 -133.941208 118.563769 -213.338956 -0.156743 0.375950 0.848704 -0.337335
2044.400000000 -133.860309 118.508871 -213.568661 -0.153347 0.362595 0.854358 -0.339237
2044.600000000 -133.843268 118.462164 -213.622288 -0.162727 0.381255 0.845501 -0.336591
2044.800000000 -133.882028 118.507755 -213.833478 -0.158743 0.371773 0.850116 -0.337474
2044.900000000 -133.810928 118.423939 -213.932509 -0.159364 0.374478 0.849147 -0.336628
2045.000000000 -133.929074 118.477466 -213.938502 -0.163565 0.389586 0.842774 -0.333470
2045.400000000 -134.071009 118.591375 -214.770035 -0.106190 0.244727 0.899190 -0.346829
2046.200000000 -133.880942 118.537642 -214.730504 -0.219353 0.503256 0.775544 -0.311688
2046.400000000 -133.825701 118.418674 -214.845271 -0.220436 0.507421 0.773067 -0.310320
2046.600000000 -133.811025 118.321411 -214.948653 -0.222091 0.510154 0.771014 -0.309766
2046.900000000 -133.740946 118.180220 -215.159501 -0.222358 0.509841 0.771159 -0.309732
2047.300000000 -133.416691 117.797359 -215.396564 -0.220362 0.502737 0.775917 -0.310883
2047.400000000 -133.339109 117.712965 -215.474466 -0.222533 0.506801 0.772722 -0.310696
2047.500000000 -133.319968 117.681993 -215.518002 -0.222835 0.507610 0.772197 -0.310464
2047.600000000 -133.263502 117.615509 -215.586278 -0.222418 0.505447 0.773473 -0.311116
2047.700000000 -133.042591 117.419858 -215.652869 -0.221866 0.500171 0.776390 -0.312769
2048.100000000 -133.112590 117.511877 -214.967392 -0.240108 0.541163 0.747257 -0.301826
2048.600000000 -133.273711 117.898141 -213.915460 -0.290752 0.672194 0.628399 -0.262171
2048.900000000 -133.232237 118.034906 -213.213963 -0.295784 0.679839 0.619209 -0.258673
2049.500000000 -133.562585 118.889164 -212.702892 -0.333635 0.918294 0.212961 -0.008414
2049.600000000 -133.539885 118.884264 -212.279479 -0.332350 0.913982 0.232099 -0.017634
2049.700000000 -133.440432 118.825346 -211.852148 -0.331699 0.913933 0.232978 -0.020580
2049.900000000 -133.096637 118.713150 -210.639471 -0.335685 0.928649 0.156672 -0.019518
2050.400000000 -132.201995 118.061226 -207.754234 0.402678 -0.733333 -0.007353 0.547739
2050.500000000 -132.427801 118.171735 -209.617341 -0.323290 0.895938 0.302274 -0.037549
2050.900000000 -130.879950 118.445296 -209.904345 -0.048583 0.671702 0.422397 0.606660
2051.000000000 -131.108249 118.376235 -209.822282 -0.045546 0.673452 0.419978 0.606636
2051.400000000 -131.371730 117.914262 -209.619362 -0.047604 0.671961 0.422386 0.606459
2052.000000000 -131.912126 117.348493 -209.354707 -0.042784 0.674080 0.419948 0.606160
2052.200000000 -132.318469 117.077148 -209.200456 -0.048606 0.671559 0.425381 0.604729
2052.300000000 -132.295443 117.028634 -209.188656 -0.046607 0.672133 0.423779 0.605373
2052.500000000 -132.423983 116.829903 -209.120272 -0.054039 0.667176 0.431464 0.604810
2052.600000000 -132.665471 116.710128 -209.056241 -0.055609 0.666573 0.432850 0.604342
2053.400000000 -133.468245 116.402105 -208.755055 0.076484 0.750380 0.278695 0.594482
2054.000000000 -134.011120 115.162753 -208.986561 -0.131322 0.583375 0.528636 0.602471
2054.200000000 -134.149236 114.989760 -209.078685 -0.131223 0.582126 0.529863 0.602623
2054.300000000 -134.451626 115.320131 -208.802509 -0.052471 0.668136 0.432430 0.603196
2054.600000000 -134.856056 116.141027 -208.437663 0.021182 0.740125 0.325492 0.588066
2055.100000000 -134.624316 116.541192 -208.487319 -0.004351 0.740455 0.345624 0.576412
2055.700000000 -133.550030 117.551334 -208.475539 0.276348 0.816205 0.020523 0.506972
2055.900000000 -133.753379 117.651059 -208.499559 0.269882 0.816754 0.030693 0.509053
2056.200000000 -134.240685 118.029664 -208.434265 0.260362 0.817057 0.042923 0.512627
2057.400000000 -132.492192 120.512812 -208.676036 0.461136 0.753557 -0.250298 0.396051
2057.500000000 -132.601547 120.511657 -208.717843 0.462014 0.752927 -0.249675 0.396619
2058.100000000 -131.524740 121.985173 -208.905920 0.450989 0.760690 -0.218345 0.412656
2058.200000000 -131.573560 122.023490 -209.000368 0.448368 0.762491 -0.213661 0.414636
2058.300000000 -131.691564 122.280923 -209.006984 0.439480 0.767044 -0.200241 0.422380
2058.600000000 -131.961782 122.706606 -209.016049 0.439326 0.766728 -0.200578 0.422954
2058.700000000 -132.069588 122.840153 -209.058207 0.440453 0.766417 -0.201915 0.421707
2059.300000000 -132.636530 123.679319 -209.111749 0.435124 0.767854 -0.195080 0.427797
2059.500000000 -132.837546 123.991992 -209.106771 0.432324 0.769224 -0.190677 0.430155
2060.100000000 -133.272965 124.724917 -209.393891 0.447794 0.762798 -0.221835 0.410377
2060.200000000 -133.319259 124.026284 -209.839015 0.469799 0.748781 -0.257133 0.390512
2060.300000000 -133.283979 122.686160 -210.683002 0.497474 0.730361 -0.298801 0.360292
2060.400000000 -133.518849 121.744690 -211.089174 0.480932 0.742372 -0.265448 0.383570
2060.500000000 -133.381834 122.948130 -210.637037 0.470324 0.751740 -0.247201 0.390607
2060.600000000 -133.294872 122.937762 -210.655606 0.552897 0.680576 -0.383084 0.290461
2060.700000000 -133.341830 123.004950 -210.674714 0.557930 0.675492 -0.390530 0.282684
2060.900000000 -133.715325 124.270325 -210.145752 0.459813 0.757486 -0.232849 0.400711
2061.000000000 -133.410625 123.509587 -210.625751 0.558563 0.673535 -0.394576 0.280479
2061.700000000 -133.896786 120.521677 -211.912026 0.626587 0.474860 -0.606190 -0.120129
2062.300000000 -134.743847 119.350115 -212.374734 -0.620122 0.017344 0.758570 -0.199295
2062.800000000 -134.641700 119.089435 -212.874832 -0.229361 0.572028 0.735317 -0.281931
2063.200000000 -134.185412 119.864528 -212.108853 0.170171 -0.612777 -0.580672 0.508296
2063.400000000 -134.072151 118.155204 -213.237847 -0.275357 0.463717 0.761548 -0.359430
2063.500000000 -133.840761 118.001874 -213.260450 -0.269668 0.436629 0.774971 -0.368854
2063.800000000 -130.985605 119.114427 -213.598345 -0.066734 0.942680 0.306656 -0.113417
2063.900000000 -130.917568 119.149962 -213.663633 -0.064819 0.940928 0.331981 0.015551
2064.000000000 -130.941452 119.029951 -213.450927 -0.063267 0.942908 0.326579 0.016388
2064.200000000 -130.726038 119.024276 -213.505903 -0.190008 0.920131 0.307054 0.151573
2064.300000000 -130.437652 118.355620 -213.414478 -0.207876 0.868875 0.432992 0.119842
2064.800000000 -130.170815 115.393990 -215.268132 -0.127258 0.129614 0.867485 -0.463115
2064.900000000 -130.078003 115.257932 -215.526749 -0.123813 0.165496 0.862794 -0.461376
2065.300000000 -129.646890 119.338757 -217.364361 0.383264 -0.506547 0.769692 -0.063982
2065.400000000 -129.818613 119.428004 -217.514585 0.386905 -0.487570 0.778716 -0.078626
2065.500000000 -129.830250 119.534741 -217.428413 0.384481 -0.480877 0.783673 -0.082390
2066.100000000 -129.448981 120.360874 -218.659855 -0.587100 0.590660 -0.260030 -0.488691
2066.500000000 -128.353774 120.470778 -218.900226 0.598920 -0.531593 -0.243390 0.547234
2066.900000000 -126.317879 121.243492 -219.867199 0.371268 -0.584109 -0.022737 0.721429
2067.000000000 -125.952064 122.296091 -219.777706 0.115758 -0.753716 0.142457 0.631045
2067.100000000 -125.192465 123.097797 -219.700752 0.112704 -0.754207 0.135713 0.632496
2067.200000000 -124.869568 123.046755 -219.180460 0.383193 -0.616060 -0.015474 0.688036
2067.300000000 -124.796358 123.138872 -219.220685 0.378788 -0.612284 -0.011811 0.693894
2068.000000000 -124.252302 121.217676 -222.505258 -0.532011 -0.359894 0.463084 0.610732
2068.100000000 -124.155832 121.148883 -222.792462 -0.517320 -0.349649 0.473652 0.621111
2068.200000000 -124.009857 121.064120 -222.929266 -0.522272 -0.352755 0.469737 0.618178
2068.300000000 -123.867659 121.004157 -222.968752 -0.521927 -0.352866 0.470107 0.618124
2068.500000000 -122.990165 120.465228 -220.802150 0.692171 0.463258 -0.304087 -0.462409
2068.600000000 -122.713962 120.312324 -220.875696 0.681003 0.455258 -0.317264 -0.477828
2068.700000000 -122.525432 120.206023 -220.913541 0.678209 0.453123 -0.320363 -0.481747
2068.900000000 -122.220489 120.057200 -220.922433 0.677000 0.452798 -0.321213 -0.483184
2069.100000000 -123.386208 120.279124 -220.462584 0.691667 0.453850 -0.311423 -0.467583
2069.300000000 -124.049536 120.527787 -220.374613 0.683323 0.448547 -0.315653 -0.481912
2069.400000000 -124.382091 120.709844 -220.340139 -0.636213 -0.418793 0.360705 0.538272
2069.500000000 -124.202682 120.630630 -220.414698 -0.627016 -0.412550 0.369796 0.547635
2069.700000000 -123.624960 120.284513 -220.271012 0.698301 0.460162 -0.295393 -0.461920
2069.800000000 -124.555772 120.477851 -220.166332 -0.563925 -0.377991 0.432343 0.593456
2070.000000000 -123.906467 120.455165 -220.257770 -0.640030 -0.425077 0.356679 0.531462
2070.100000000 -123.468917 120.290385 -220.246492 -0.630053 -0.417723 0.367020 0.542066
2070.200000000 -122.934523 120.012190 -220.117181 0.691051 0.458787 -0.305180 -0.467791
2070.500000000 -124.023608 120.183438 -218.279597 -0.512620 -0.359917 0.462264 0.627688
2070.800000000 -123.659093 119.892151 -216.072758 -0.532658 -0.392193 0.439373 0.607792
2071.100000000 -124.470603 120.064274 -215.164761 -0.349542 -0.268862 0.546687 0.711805
2071.300000000 -124.368939 119.951758 -215.116475 -0.361606 -0.279565 0.540623 0.706266
2071.600000000 -123.949624 120.283727 -215.387351 -0.520646 -0.382891 0.450946 0.615605
2071.700000000 -123.857504 120.271538 -215.361947 -0.519352 -0.382529 0.452126 0.616058
2071.800000000 -123.408600 120.040085 -215.828437 -0.415335 -0.318735 0.517322 0.676966
2071.900000000 -123.821657 120.330404 -215.334036 -0.493058 -0.362247 0.470083 0.636155
2072.000000000 -123.694525 120.309068 -215.277686 -0.500982 -0.368278 0.464989 0.630217
2072.500000000 -124.478189 117.855912 -215.819288 -0.533659 -0.188821 0.552620 0.611691
2073.000000000 -122.446330 116.728589 -217.523781 -0.078350 -0.609376 0.168462 0.770806
2073.200000000 -122.066837 116.614255 -217.490644 -0.074742 -0.610068 0.171152 0.770024
2073.400000000 -121.885183 116.517463 -217.392151 -0.062934 -0.605629 0.184053 0.771607
2073.700000000 -122.104390 117.842452 -217.771318 -0.184200 -0.624041 0.085149 0.754581
2074.200000000 -121.948989 119.697490 -218.408181 -0.202726 -0.619837 0.067033 0.755123
2074.300000000 -122.244307 119.831818 -218.251835 -0.053555 -0.594405 0.200545 0.776915
2074.700000000 -121.884668 119.464845 -219.642433 0.130423 0.826508 -0.346782 -0.423811
2075.400000000 -119.540608 118.772775 -220.203570 0.434264 0.810358 -0.384431 0.083353
2076.000000000 -118.464794 118.109970 -219.060458 0.582065 0.639790 -0.316607 0.389397
2076.300000000 -118.764938 117.667799 -218.790969 0.261273 0.847104 -0.320158 0.334141
2076.500000000 -119.161276 117.770831 -217.330335 0.104596 0.915782 -0.241606 0.303364
2076.900000000 -119.318127 118.186085 -216.873043 -0.138730 0.956924 -0.015306 0.254589
2077.100000000 -118.593449 117.266178 -217.315121 -0.280360 0.865264 0.367415 0.194224
2077.300000000 -116.863549 115.528322 -218.576724 -0.335797 0.717288 0.568862 0.221662
2077.600000000 -114.182580 114.910710 -219.716452 -0.450642 0.662888 0.528160 -0.280263
2077.800000000 -113.900159 114.759167 -219.790443 -0.457075 0.681197 0.506178 -0.266153
2078.800000000 -113.729661 114.560981 -219.243932 -0.362282 0.521061 0.672073 -0.381528
2079.200000000 -113.187407 114.387068 -219.312280 -0.362635 0.520269 0.672697 -0.381176
2079.400000000 -112.938846 114.372922 -219.362006 -0.362468 0.518983 0.673137 -0.382309
2080.000000000 -112.395330 114.479278 -219.994720 -0.406825 0.600203 0.612123 -0.315523
2080.100000000 -112.426725 114.616543 -220.133700 -0.451728 0.667997 0.523404 -0.275266
2080.300000000 -110.984154 114.072829 -218.969031 -0.442681 0.635693 0.553416 -0.306038
2080.400000000 -111.237895 114.380788 -219.338532 -0.478610 0.703310 0.457997 -0.257926
2080.700000000 -112.217751 115.298085 -220.665687 -0.509084 0.741276 0.380599 -0.215608
2081.000000000 -113.882217 116.479671 -222.027905 -0.538061 0.790518 0.256739 -0.140202
2081.100000000 -114.415922 116.853872 -222.179576 -0.542354 0.797806 0.233507 -0.121788
2081.200000000 -115.311495 118.201031 -221.751409 -0.521153 0.825107 0.075966 -0.204518
2081.700000000 -115.220669 120.390688 -217.997553 0.019046 0.569992 0.816048 0.093875
2081.800000000 -115.357980 120.120208 -216.835975 0.001720 0.447640 0.886810 0.114820
2082.200000000 -114.085329 120.623501 -213.768184 0.450793 0.659685 0.601113 0.016269
2082.300000000 -114.004382 120.535770 -213.646063 0.450832 0.660932 0.599718 0.016061
2082.400000000 -113.984752 120.405885 -213.590282 0.451538 0.663969 0.595846 0.015039
2082.500000000 -113.950514 120.279001 -213.499452 0.451050 0.659195 0.601410 0.017945
2082.800000000 -112.975183 121.090873 -212.534707 0.068664 0.649798 0.722899 -0.224645
2083.300000000 -112.913721 121.201925 -212.470556 -0.278437 0.371897 0.875184 -0.134976
2083.400000000 -112.741053 120.899598 -211.431213 -0.312372 0.296146 0.864844 -0.258389
2083.500000000 -112.341033 120.236442 -209.549449 -0.227188 0.347795 0.819110 -0.395579
2083.700000000 -112.995552 120.579266 -206.986666 -0.119699 0.327452 0.868440 -0.352505
2083.800000000 -113.232607 120.665656 -207.530129 -0.236499 0.064489 0.913491 -0.324721
2083.900000000 -112.828437 120.514371 -207.198285 -0.112525 0.330758 0.870243 -0.347295
2084.200000000 -113.219118 120.628210 -205.788958 -0.105453 0.399100 0.862451 -0.292878
2084.500000000 -113.854281 120.839847 -207.292482 -0.293837 0.387809 0.862305 -0.140338
2085.100000000 -113.056263 121.642736 -207.493178 -0.364684 0.535853 0.677379 -0.347886
2085.300000000 -114.552188 123.328236 -206.631661 -0.347611 0.627338 0.630345 -0.297118
2085.400000000 -115.856946 125.115136 -205.752713 -0.134472 0.641582 0.734270 -0.176457
2085.700000000 -117.861037 128.208884 -203.242464 -0.005702 0.446250 0.879009 -0.167843
2085.800000000 -116.399297 125.928688 -204.476462 -0.137498 0.297145 0.889893 -0.317630
2085.900000000 -115.751969 124.491906 -205.607096 -0.288148 0.552898 0.722973 -0.297634
2086.000000000 -115.778429 125.083447 -205.734590 -0.156617 0.694372 0.679887 -0.176274
2086.200000000 -115.959546 125.602782 -206.311500 -0.175062 0.727044 0.640886 -0.173278
2086.600000000 -115.417487 124.333135 -206.394960 -0.366841 0.640973 0.611047 -0.284961
2087.500000000 -115.223159 124.093447 -206.551597 -0.133724 0.629101 0.745563 -0.174601
2087.600000000 -115.444171 124.456599 -206.353924 -0.296873 0.584774 0.699501 -0.283909
2087.900000000 -115.065063 124.497447 -205.644250 -0.173345 0.439529 0.831679 -0.291677
2088.000000000 -114.988409 124.438812 -205.758144 -0.176293 0.450239 0.826225 -0.289063
2088.300000000 -115.340944 124.074714 -206.415333 -0.085718 0.479188 0.855759 -0.175237
2088.800000000 -115.343525 124.138268 -206.520520 -0.149886 0.676602 0.701787 -0.165042
2089.000000000 -115.579479 124.937637 -206.319141 -0.309570 0.666514 0.630457 -0.249898
2089.200000000 -114.849336 124.048214 -206.103396 -0.034133 0.431521 0.863779 -0.257897
2089.800000000 -113.835608 122.345887 -206.072371 0.136442 -0.038368 0.955673 -0.258071
2090.500000000 -113.750694 120.405016 -207.220633 -0.238350 -0.237848 0.868093 -0.364735
2091.800000000 -112.504545 118.596047 -208.016998 0.751543 0.454996 -0.303359 0.368965
2092.300000000 -112.347971 119.278840 -207.763505 0.753792 0.453215 -0.305588 0.364704
2092.600000000 -112.353527 119.757870 -207.615964 0.750671 0.455735 -0.301956 0.370973
2092.700000000 -112.442713 119.902245 -207.615906 0.747177 0.458711 -0.297835 0.377631
2093.000000000 -112.323717 120.306668 -207.515516 0.766609 0.441265 -0.322953 0.336597
2093.100000000 -112.290214 120.504123 -207.467983 0.731565 0.470563 -0.279193 0.406736
2093.300000000 -112.062943 120.789115 -207.385994 0.765730 0.442238 -0.321898 0.338327
2093.500000000 -112.082723 121.111172 -207.358513 0.729967 0.473096 -0.275086 0.409458
2093.700000000 -111.912573 121.343131 -207.229098 0.769005 0.439426 -0.325048 0.331482
2094.100000000 -111.760151 122.169482 -207.113843 0.723827 0.476839 -0.267446 0.420918
2094.400000000 -111.598319 122.330046 -207.114996 0.762122 0.446389 -0.314523 0.347824
2094.500000000 -111.659724 122.593523 -207.076043 0.733229 0.470599 -0.277083 0.405138
2094.700000000 -111.495868 122.690552 -207.131752 0.753581 0.455285 -0.301221 0.366193
2094.800000000 -111.412297 122.883675 -207.128972 0.758626 0.450594 -0.309241 0.354712
2095.700000000 -111.007686 124.206173 -207.019754 0.751056 0.456692 -0.299793 0.370772
2095.800000000 -110.954508 124.304494 -207.020728 0.752825 0.455185 -0.301455 0.367677
2096.000000000 -110.901529 124.575956 -207.023774 0.749336 0.459306 -0.293971 0.375653
2096.100000000 -110.851568 124.667578 -207.041508 0.746685 0.461731 -0.290120 0.380916
2096.600000000 -111.366528 124.275178 -207.889795 0.834144 0.352307 -0.398550 0.145743
2096.800000000 -111.137059 124.508214 -207.815327 0.832931 0.354260 -0.397772 0.150009
2096.900000000 -111.091089 124.649464 -207.811145 0.831402 0.358479 -0.393787 0.158733
2097.100000000 -110.822296 124.880487 -207.726255 0.830991 0.358064 -0.395392 0.157827
2097.200000000 -110.743716 125.010785 -207.674236 0.831796 0.355692 -0.397811 0.152790
